block_number,blocks,slot,txs,gas,time
8193,8192,1,0,0,241111548
16385,8192,1,0,0,231515013
24577,8192,1,0,0,229631418
32769,8192,1,0,0,230318771
40961,8192,1,0,0,231888062
49153,8192,1,1514,33070964,299346132
57345,8192,1,3916,407821091,426329458
65537,8192,1,2676,90041948,352212192
73729,8192,1,5821,197747509,420782706
81921,8192,1,4204,131282630,387633470
90113,8192,1,4589,112269814,389055312
98305,8192,1,3327,84662425,354092679
106497,8192,1,4168,105498119,371452472
114689,8192,1,4247,119199457,368464641
122881,8192,1,6054,163953975,409544692
131073,8192,1,5852,147449076,370514488
139265,8192,1,6678,168428364,391862282
147457,8192,1,7805,190561977,426900834
155649,8192,1,8675,220080834,450142216
163841,8192,1,7255,175016877,424683259
172033,8192,1,10115,242307512,487370291
180225,8192,1,12029,319429322,535755524
188417,8192,1,10493,307941046,507041938
196609,8192,1,8488,226000959,470789585
204801,8192,1,9431,284499928,484670830
212993,8192,1,9432,269025812,483775627
221185,8192,1,9745,253020191,487379682
229377,8192,1,9473,303239797,484423242
237569,8192,1,9752,287334366,495825224
245761,8192,1,9175,237099979,497276495
253953,8192,1,9225,299876210,510745753
262145,8192,1,8500,237942979,485692594
270337,8192,1,11073,360421503,544497633
278529,8192,1,11244,333906121,550261964
286721,8192,1,9944,288230259,514970154
294913,8192,1,9552,272964709,497085576
303105,8192,1,10564,278617464,512115544
311297,8192,1,9852,289668902,516141236
319489,8192,1,10772,285019105,528301984
327681,8192,1,9264,263512681,520308487
335873,8192,1,10710,300329465,550985510
344065,8192,1,10447,340557247,548150458
352257,8192,1,11871,367785281,588780262
360449,8192,1,11031,301110840,567288868
368641,8192,1,10176,272300629,548982313
376833,8192,1,10299,327273585,582402745
385025,8192,1,11650,328391280,585858452
393217,8192,1,10917,668394420,603258013
401409,8192,1,10512,371168499,567536726
409601,8192,1,11329,399996130,582588464
417793,8192,1,9682,299513459,534936889
425985,8192,1,10211,378463309,586255209
434177,8192,1,10123,371765259,596890537
442369,8192,1,10202,298321714,546680368
450561,8192,1,10252,488330843,845810171
458753,8192,1,11670,315763779,599695718
466945,8192,1,12392,405644045,608322209
475137,8192,1,11262,434129872,701043177
483329,8192,1,11885,436485530,817054898
491521,8192,1,11396,324292141,659863138
499713,8192,1,11390,316107054,576055028
507905,8192,1,19834,986537643,904392134
516097,8192,1,14518,537099270,697784320
524289,8192,1,14364,563247320,784720597
532481,8192,1,15028,641704064,834893257
540673,8192,1,11625,533545978,769632800
548865,8192,1,12334,352563908,594887031
557057,8192,1,11579,286224762,563315094
565249,8192,1,12543,387072166,629500975
573441,8192,1,11762,377902837,641001546
581633,8192,1,11889,329240266,597050886
589825,8192,1,12402,356748509,615916387
598017,8192,1,11554,361660592,601282417
606209,8192,1,11466,286807225,584245802
614401,8192,1,11355,383668685,816480512
622593,8192,1,12943,487254257,637293611
630785,8192,1,10960,369935232,571657789
638977,8192,1,10609,304527314,556127144
647169,8192,1,11891,400916707,594348353
655361,8192,1,13364,422684376,606961709
663553,8192,1,11233,291970815,580726856
671745,8192,1,11307,306322589,581332303
679937,8192,1,13718,480255087,738047685
688129,8192,1,12101,533373764,725974818
696321,8192,1,24697,2437912230,2354293912
704513,8192,1,24278,1882935448,1719335516
712705,8192,1,15914,1053536841,1264486492
720897,8192,1,14854,884970772,1093495325
729089,8192,1,18033,1103406409,1240550085
737281,8192,1,39634,2413080461,2410050623
745473,8192,1,20252,1205744179,1470242712
753665,8192,1,16649,914386676,1259756754
761857,8192,1,29450,1702093462,1908574777
770049,8192,1,19926,1149090055,1542834477
778241,8192,1,27585,1546147829,1819519683
786433,8192,1,13804,512905120,915278789
794625,8192,1,14238,555275432,1005960782
802817,8192,1,20936,1074374824,1418973761
811009,8192,1,33100,2274628469,2293828534
819201,8192,1,21058,1074857191,1422903473
827393,8192,1,17945,1068696871,1311775910
835585,8192,1,16965,691346951,1126509301
843777,8192,1,24779,1318609001,1565913690
851969,8192,1,17337,797507253,1180078286
860161,8192,1,16221,653054698,886102458
868353,8192,1,17414,667767224,843189580
876545,8192,1,20874,997212648,1012215269
884737,8192,1,18556,602924448,844706579
892929,8192,1,20188,746509191,942242416
901121,8192,1,20728,705763650,921293558
909313,8192,1,28858,1212230895,1214285074
917505,8192,1,29450,1450050635,1419412327
925697,8192,1,25856,1070129090,1268572874
933889,8192,1,23756,919949479,1073661381
942081,8192,1,24390,780757258,976128125
950273,8192,1,22318,724737535,934371930
958465,8192,1,23856,823943680,999899463
966657,8192,1,39968,1787855655,1596088245
974849,8192,1,24875,783309904,1020712541
983041,8192,1,25559,758151178,1005686943
991233,8192,1,32769,996332438,1128245900
999425,8192,1,29253,955506690,1143119108
1007617,8192,1,28779,874607232,1048556592
1015809,8192,1,28640,944195150,1077419225
1024001,8192,1,30592,1077029621,1171452945
1032193,8192,1,30567,1025667741,1104986578
1040385,8192,1,26761,784549571,1015637526
1048577,8192,1,28815,1876343804,1162427237
1056769,8192,1,31628,1248873846,1105012667
1064961,8192,1,32758,1302389229,1230187756
1073153,8192,1,30961,857488355,1054053994
1081345,8192,1,33502,949562723,1108308395
1089537,8192,1,37121,995463452,1183359034
1097729,8192,1,40115,1081576458,1222774706
1105921,8192,1,42800,1253697553,1292904948
1114113,8192,1,41667,1235498720,1275018760
1122305,8192,1,38878,1141426898,1222516608
1130497,8192,1,41538,1202802604,1203678166
1138689,8192,1,39904,1101644111,1162728304
1146881,8192,1,44221,1340457745,1280291975
1155073,8192,1,43528,1383496645,1284866923
1163265,8192,1,38152,1246718060,1161609312
1171457,8192,1,44944,1374923499,1317936618
1179649,8192,1,46242,1574630437,1381958512
1187841,8192,1,44523,1522997076,1318090986
1196033,8192,1,43594,1529570548,1486392142
1204225,8192,1,41259,1452683779,1323835587
1212417,8192,1,52923,2302777232,1905417459
1220609,8192,1,46705,1563686082,1441168069
1228801,8192,1,46123,1514235577,1526850026
1236993,8192,1,43046,1458453689,1467364961
1245185,8192,1,49499,1658881432,1563829484
1253377,8192,1,46254,1516126264,1269958795
1261569,8192,1,42318,1328121509,1430085385
1269761,8192,1,40021,1078268036,1193340677
1277953,8192,1,46365,1435004546,1493671181
1286145,8192,1,50841,1591258579,1577493452
1294337,8192,1,41499,1271776158,1309498834
1302529,8192,1,47633,1512367159,1579402338
1310721,8192,1,42641,1164414830,1282384490
1318913,8192,1,42610,1137106273,1247916024
1327105,8192,1,45560,1357858661,1395309421
1335297,8192,1,50369,1781939706,1376910595
1343489,8192,1,45221,1209479371,1268902912
1351681,8192,1,44015,1206824098,1299613682
1359873,8192,1,54888,1591716049,1279034233
1368065,8192,1,43396,1184809863,1314285352
1376257,8192,1,48876,1593180641,1512982431
1384449,8192,1,45143,1439543743,1285124579
1392641,8192,1,41341,1118372583,1280053846
1400833,8192,1,45540,1329131424,1371536663
1409025,8192,1,49104,1485363761,1481497044
1417217,8192,1,44023,1225869865,1242221393
1425409,8192,1,49886,1450651632,1490287887
1433601,8192,1,56669,1681771886,1531665634
1441793,8192,1,54635,1947185643,1548435378
1449985,8192,1,56685,1624594158,1475470894
1458177,8192,1,50196,1613347851,1504528677
1466369,8192,1,54893,2240127730,2100020743
1474561,8192,1,52100,1483885342,1471717971
1482753,8192,1,51280,1586965488,1574132333
1490945,8192,1,56855,1674576856,1489069431
1499137,8192,1,52382,1728224502,1499378822
1507329,8192,1,60036,2138598848,1845440926
1515521,8192,1,69268,2441975068,1930258669
1523713,8192,1,56514,1832134302,1740023383
1531905,8192,1,51124,1731842384,1628239255
1540097,8192,1,58754,1911501394,1697525832
1548289,8192,1,61429,1987968261,1638372536
1556481,8192,1,60630,2360467143,1869936849
1564673,8192,1,56981,1819841802,1547786732
1572865,8192,1,56494,1777140576,1555692519
1581057,8192,1,59042,1735378915,1506346884
1589249,8192,1,68973,2172337508,1811151739
1597441,8192,1,64306,2192773982,1792927614
1605633,8192,1,86669,3493104245,2381569245
1613825,8192,1,62112,2154462632,1740337602
1622017,8192,1,60118,1914186297,1611168710
1630209,8192,1,53413,1741132990,1497624414
1638401,8192,1,56756,1633896769,1431510404
1646593,8192,1,50346,1452533160,1410306578
1654785,8192,1,50828,1521883376,1401689677
1662977,8192,1,60376,3061122313,2224561525
1671169,8192,1,55258,1843787387,1601929393
1679361,8192,1,55775,1793288354,1510853624
1687553,8192,1,52281,1793521528,1539941056
1695745,8192,1,55227,1857680146,1543541511
1703937,8192,1,64652,2265573762,1824325320
1712129,8192,1,63355,2060421766,1738447883
1720321,8192,1,65682,5800241515,7505343853
1728513,8192,1,95610,16739007815,39868660633
1736705,8192,1,67917,4743426756,8185316923
1744897,8192,1,62602,3296268924,3855506841
1753089,8192,1,68336,3841591968,2986842775
1761281,8192,1,58130,2076897006,1923810662
1769473,8192,1,57022,2221809906,1628177125
1777665,8192,1,52898,1689289635,1630338200
1785857,8192,1,53856,1708894430,1821224271
1794049,8192,1,56044,1992483551,2115144669
1802241,8192,1,90325,5767597538,2811651848
1810433,8192,1,52758,2499380206,4498362384
1818625,8192,1,55194,1772826158,1902037300
1826817,8192,1,53703,1704827192,1557971414
1835009,8192,1,49822,1916513753,2051966309
1843201,8192,1,53374,1676538934,1572152507
1851393,8192,1,60123,2381439875,3191845699
1859585,8192,1,56426,2865260110,4579967049
1867777,8192,1,50632,1670163364,1847095944
1875969,8192,1,53453,1904646721,1997011774
1884161,8192,1,54655,1840362954,1663661274
1892353,8192,1,54265,1824465369,1541521794
1900545,8192,1,51280,1414646366,1383663920
1908737,8192,1,47043,1388770142,1408705159
1916929,8192,1,63160,1874850406,1597153966
1925121,8192,1,62773,4171399935,7443085955
1933313,8192,1,65738,2266620454,2033599996
1941505,8192,1,62037,2034143904,1741757621
1949697,8192,1,79321,2248553641,1833785915
1957889,8192,1,74738,2527380908,2175425709
1966081,8192,1,75137,2369261794,1860827572
1974273,8192,1,66582,2970283633,2237325778
1982465,8192,1,60335,2173102476,2199584004
1990657,8192,1,63657,1764764048,1534516963
1998849,8192,1,66671,2054100679,1780938925
2007041,8192,1,68240,2035711402,1713549813
2015233,8192,1,60275,1885646786,1549741859
2023425,8192,1,59731,1718762000,1509241075
2031617,8192,1,56298,1666187619,1489055572
2039809,8192,1,56416,2985329528,2149775183
2048001,8192,1,67806,2074138922,1630582609
2056193,8192,1,63577,1903780373,1611611688
2064385,8192,1,55865,1657169845,1500878962
2072577,8192,1,58480,1557471379,1391334667
2080769,8192,1,55331,1599645346,1460526907
2088961,8192,1,64228,1850037001,1644304255
2097153,8192,1,66060,2188998555,1797130474
2105345,8192,1,54235,1660505770,1497930201
2113537,8192,1,56694,1742357705,1466109589
2121729,8192,1,61614,1816239031,1555182023
2129921,8192,1,63451,3861822325,2424497603
2138113,8192,1,69603,2043909844,1670699515
2146305,8192,1,61611,1914481982,1546593901
2154497,8192,1,62524,1658273809,1413420807
2162689,8192,1,61974,1798911967,1615443933
2170881,8192,1,62834,1920681017,1615625930
2179073,8192,1,61629,1818058493,1572784512
2187265,8192,1,76278,2727312503,1965792386
2195457,8192,1,59767,1675377812,1498511139
2203649,8192,1,65371,2614658821,1791981098
2211841,8192,1,62364,2039781213,1587671842
2220033,8192,1,60969,1981999587,1630114792
2228225,8192,1,85854,2814470323,1911229758
2236417,8192,1,55933,1813330669,1472189416
2244609,8192,1,57588,1730634676,1432204420
2252801,8192,1,63320,2021513820,1592315419
2260993,8192,1,65183,2112882377,1764121351
2269185,8192,1,74523,2354744595,1743223972
2277377,8192,1,72172,2714744039,1826222826
2285569,8192,1,50199,1706002470,2656792012
2293761,8192,1,61842,1801256949,6093592192
2301953,8192,1,68639,2034760072,1793877906
2310145,8192,1,66952,2916329686,15712456820
2318337,8192,1,48275,1914011719,11589884833
2326529,8192,1,56968,3010508461,23367581078
2334721,8192,1,60252,3532946594,44411619874
2342913,8192,1,59242,2893073539,20808302042
2351105,8192,1,56520,2437337126,4280146370
2359297,8192,1,53930,2539978338,9376494542
2367489,8192,1,72486,5437092390,37462124418
2375681,8192,1,64351,3955814780,34400332325
2383873,8192,1,72150,4175006287,26092245198
2392065,8192,1,52311,3587030185,49331556123
2400257,8192,1,60755,3380343872,108576457147
2408449,8192,1,54394,3489623288,88368014409
2416641,8192,1,59749,3571481590,53031182302
2424833,8192,1,52901,2140315677,70997597531
2433025,8192,1,41983,2064705182,90515979016
2441217,8192,1,52489,1940457621,35638723363
2449409,8192,1,47032,1416811786,16170401125
2457601,8192,1,50121,1416935937,21511213071
2465793,8192,1,63997,2059194432,18030469926
2473985,8192,1,52613,5415624522,49616138505
2482177,8192,1,77644,2200694454,3345777738
2490369,8192,1,47944,1381582456,1523079675
2498561,8192,1,58110,1704965277,1634372896
2506753,8192,1,68097,2292291281,1966202283
2514945,8192,1,59292,1798672209,1748821167
2523137,8192,1,59793,1784849739,1707031911
2531329,8192,1,57693,1656383700,1700447215
2539521,8192,1,55694,1627913854,1543774875
2547713,8192,1,63237,1907051300,1782383016
2555905,8192,1,61395,1723186230,1719737364
2564097,8192,1,57303,1576168754,1756899721
2572289,8192,1,44899,1243188531,1330739517
2580481,8192,1,50737,1381762673,1432667481
2588673,8192,1,53997,1523970827,1621248386
2596865,8192,1,56755,1868225974,1853418012
2605057,8192,1,54579,1853422028,1634393767
2613249,8192,1,57937,1749156374,1666654826
2621441,8192,1,54830,1654717503,1663875945
2629633,8192,1,59687,1932781220,1710986703
2637825,8192,1,58098,1831832946,1685011581
2646017,8192,1,57577,1732304988,1670601180
2654209,8192,1,56517,1691425491,1526046905
2662401,8192,1,54908,1580644481,1723519398
2670593,8192,1,56589,1781259427,1541727758
2678785,8192,1,85495,2598196853,14000026672
2686977,8192,1,59696,3974729576,70511862401
2695169,8192,1,72462,4113740875,42161104637
2703361,8192,1,55726,4743499117,64931687778
2711553,8192,1,65254,6348291025,86650925068
2719745,8192,1,64427,5199613546,50760055856
2727937,8192,1,50844,1684630038,2134621915
2736129,8192,1,54697,1652133461,1558758283
2744321,8192,1,53051,1748152517,1493610725
2752513,8192,1,55339,1979520745,1624631043
2760705,8192,1,64847,2063457441,1684312345
2768897,8192,1,55277,1804237075,1600814586
2777089,8192,1,56023,1776551857,1577901370
2785281,8192,1,52991,1726269370,1591678788
2793473,8192,1,52624,2213276915,1559552406
2801665,8192,1,55238,1810591298,1700260397
2809857,8192,1,63980,2356415998,1898662124
2818049,8192,1,65743,2448549979,1913674752
2826241,8192,1,54971,1881197690,1597279489
2834433,8192,1,49662,1953789890,1646902042
2842625,8192,1,58392,2038106026,1642107732
2850817,8192,1,64185,2225753659,1756695202
2859009,8192,1,76490,2486660557,2014916422
2867201,8192,1,55683,1760491642,1566009892
2875393,8192,1,50675,1452936266,1355118740
2883585,8192,1,50157,1522394202,1476660752
2891777,8192,1,58225,1860099069,1595634270
2899969,8192,1,60144,2083730262,1678513775
2908161,8192,1,60988,2086757942,1658650192
2916353,8192,1,54302,1714680114,1461030008
2924545,8192,1,50695,1584719153,1534788206
2932737,8192,1,63026,2305221488,1933835094
2940929,8192,1,67480,2204851332,1855612298
2949121,8192,1,61833,1971573134,1691522987
2957313,8192,1,58505,1930260127,1648909387
2965505,8192,1,59699,1937673518,1718028347
2973697,8192,1,63091,2244391292,1791975771
2981889,8192,1,64874,2137001608,1666067400
2990081,8192,1,70738,2397486878,1768548643
2998273,8192,1,58903,1853897373,1545234235
3006465,8192,1,54373,1766782589,1577184886
3014657,8192,1,65027,2294148724,1773958354
3022849,8192,1,60922,2027141448,1705051382
3031041,8192,1,58548,1960456703,1731691603
3039233,8192,1,61315,2005539036,1765456803
3047425,8192,1,62091,2149768492,1765942749
3055617,8192,1,67927,2452616440,1934122742
3063809,8192,1,62018,2292070946,1919120986
3072001,8192,1,63286,2183742248,1878466032
3080193,8192,1,65669,2218082794,1794669863
3088385,8192,1,54874,1846213528,1676198371
3096577,8192,1,63311,2098245747,1777005024
3104769,8192,1,59762,2124435421,1765171384
3112961,8192,1,58897,2178531771,1889364758
3121153,8192,1,58468,1974991763,1692870277
3129345,8192,1,63556,2065813146,1769532955
3137537,8192,1,64128,2220717880,1881630030
3145729,8192,1,70462,2665896127,1976414834
3153921,8192,1,64806,2336669302,1926268276
3162113,8192,1,70074,2730719806,2284760612
3170305,8192,1,60420,2178878613,1872161025
3178497,8192,1,73252,3110141726,2204139741
3186689,8192,1,79081,2976280771,2146898691
3194881,8192,1,71074,2804402262,2101402870
3203073,8192,1,64978,2351345544,1888319698
3211265,8192,1,68556,2464803794,1884532425
3219457,8192,1,66845,2286314550,1847160261
3227649,8192,1,75763,3113040792,2066296211
3235841,8192,1,69688,2984250772,2094081340
3244033,8192,1,68668,2289170959,1878846175
3252225,8192,1,71170,2634879929,2115180116
3260417,8192,1,70604,2482121481,2010245704
3268609,8192,1,79874,2821352557,2214861375
3276801,8192,1,82615,2938903296,2213540933
3284993,8192,1,93464,3013882836,2411399000
3293185,8192,1,81232,2628326517,2144221368
3301377,8192,1,77780,2508423110,1944362625
3309569,8192,1,85412,2762075045,2122193058
3317761,8192,1,74949,2364616867,1895727549
3325953,8192,1,89542,3008034239,2478719889
3334145,8192,1,89382,3038054714,2267056587
3342337,8192,1,91012,2910544703,2314499512
3350529,8192,1,112957,4683356145,3030621503
3358721,8192,1,108487,3824938321,2708127519
3366913,8192,1,150248,4856683444,3273015344
3375105,8192,1,129410,4029391606,2998866569
3383297,8192,1,118959,3597176359,2657627355
3391489,8192,1,113031,3618928236,2870079111
3399681,8192,1,109702,3595863612,2548000925
3407873,8192,1,112341,3708098910,2608696519
3416065,8192,1,121089,3775021048,2682123327
3424257,8192,1,111288,3513747685,2679513295
3432449,8192,1,126552,4519125602,3107384767
3440641,8192,1,116739,3847970531,2988875778
3448833,8192,1,137505,4650151490,3161050620
3457025,8192,1,132372,4354448594,3161801435
3465217,8192,1,116438,3872751305,2883409759
3473409,8192,1,138958,4605215288,3538633037
3481601,8192,1,115237,3904507999,2955379918
3489793,8192,1,129313,4405146988,3184039602
3497985,8192,1,121326,4141663795,2990205439
3506177,8192,1,101941,3457895017,2698861373
3514369,8192,1,104473,3801545119,2836540360
3522561,8192,1,110663,3893580475,2913676803
3530753,8192,1,118136,4358681727,3040671433
3538945,8192,1,116538,3957151738,3151921663
3547137,8192,1,97599,3525061715,2807145771
3555329,8192,1,105494,3951999139,3429017047
3563521,8192,1,113777,4538716060,3357115497
3571713,8192,1,122232,4932027111,3875751930
3579905,8192,1,113517,5371454955,3217831382
3588097,8192,1,103751,3918968307,3177928404
3596289,8192,1,112257,4332652445,3260752858
3604481,8192,1,136619,5289710359,3713309610
3612673,8192,1,143158,5255428268,3687664287
3620865,8192,1,145745,4868936849,3591318626
3629057,8192,1,136562,4879877560,3636408897
3637249,8192,1,160424,6406024036,4241803895
3645441,8192,1,150436,5782052966,3911426585
3653633,8192,1,167559,5819732935,4190284917
3661825,8192,1,142125,5329409688,3701240774
3670017,8192,1,152266,6300591479,4240935550
3678209,8192,1,169497,6571385749,4218071238
3686401,8192,1,156250,7347905323,4318038532
3694593,8192,1,167344,7335647042,4425877715
3702785,8192,1,147702,7536226635,4425973945
3710977,8192,1,168287,8194709920,4798088858
3719169,8192,1,176741,9883600890,5593488066
3727361,8192,1,214081,11450730102,6228975337
3735553,8192,1,229327,12196031413,6756785856
3743745,8192,1,201943,10613685663,5916192238
3751937,8192,1,260406,12599459208,7202796943
3760129,8192,1,278528,15779303797,7798951764
3768321,8192,1,279013,16350363987,8188951016
3776513,8192,1,244538,13523383202,6946941894
3784705,8192,1,224822,12717337930,6851558997
3792897,8192,1,248995,13592095818,7439049726
3801089,8192,1,314302,19832169118,8642350314
3809281,8192,1,313676,17980594470,11853585260
3817473,8192,1,280618,16692684984,9548419943
3825665,8192,1,296114,15953100496,8922843954
3833857,8192,1,317754,17492872153,9662801690
3842049,8192,1,305857,17151665586,9745359315
3850241,8192,1,325308,16138916714,9957901981
3858433,8192,1,365858,18515263356,10548936657
3866625,8192,1,450999,21732698279,12584095442
3874817,8192,1,403872,18428150155,11485273999
3883009,8192,1,399350,18507971011,12226277899
3891201,8192,1,366142,17616667683,11376494764
3899393,8192,1,401398,20055154217,12381829315
3907585,8192,1,467519,26635229072,13041255223
3915777,8192,1,448080,27509986564,12886677930
3923969,8192,1,445137,22206823281,12693871151
3932161,8192,1,393944,20192356202,12469566024
3940353,8192,1,474437,21147977183,13843152754
3948545,8192,1,452736,24838577163,15931243258
3956737,8192,1,409197,21844246829,14139311869
3964929,8192,1,391200,20881198158,14059386087
3973121,8192,1,480657,24984090402,16510033590
3981313,8192,1,439836,24432971850,16132867409
3989505,8192,1,456105,22202913020,15560552087
3997697,8192,1,401541,19785653790,13642595031
4005889,8192,1,468451,21489133966,15179580039
4014081,8192,1,521089,25614275148,18032692459
4022273,8192,1,465732,25576854950,16157133201
4030465,8192,1,422645,19071909199,14711846490
4038657,8192,1,452765,21588202182,15361024259
4046849,8192,1,494336,24205815057,16264728875
4055041,8192,1,427170,19727949695,13909938079
4063233,8192,1,409232,17944225576,13299785257
4071425,8192,1,455169,22752023483,15691536738
4079617,8192,1,411552,20393151746,13541285465
4087809,8192,1,402826,19516574262,13872145050
4096001,8192,1,350511,18308327314,12098028799
4104193,8192,1,441704,23280158452,15256882012
4112385,8192,1,474401,24577424757,17091208406
4120577,8192,1,512389,25868228053,17962102190
4128769,8192,1,539622,25478534061,18618118051
4136961,8192,1,612130,30525492507,20736000102
4145153,8192,1,669828,31316179679,22169365995
4153345,8192,1,667176,32781900955,21957007857
4161537,8192,1,802050,39631270870,26366307383
4169729,8192,1,832182,45690595844,30290535511
4177921,8192,1,822935,40787417397,26534993204
4186113,8192,1,677937,33931766754,23660755437
4194305,8192,1,736129,33608364656,23827548950
4202497,8192,1,733583,31613370181,23124403839
4210689,8192,1,736596,33326421250,23982915557
4218881,8192,1,885279,42684031553,28337370550
4227073,8192,1,909505,44089434039,29269222030
4235265,8192,1,772574,36378544905,26123672779
4243457,8192,1,1021928,44970958961,31919313053
4251649,8192,1,1081239,50184234692,34734572732
4259841,8192,1,880278,41550585016,30259712510
4268033,8192,1,864414,41053728142,30292240621
4276225,8192,1,867715,42375737918,32412324298
4284417,8192,1,857098,44405284841,30801178896
4292609,8192,1,764839,40439697663,30922259320
4300801,8192,1,736339,41523378146,30780781488
4308993,8192,1,739102,40787147868,30234503565
4317185,8192,1,882460,46629010975,33252882027
4325377,8192,1,928715,45913689045,34700697358
4333569,8192,1,855500,44372358254,33343478003
4341761,8192,1,890587,45969894286,34043772808
4349953,8192,1,861954,44868560756,34496331082
4358145,8192,1,961145,45839288391,34784733464
4366337,8192,1,1022776,47707018313,37571735115
4374529,8192,1,788928,41640159530,30838290968
4382721,8192,1,680611,30304975089,24164045605
4390913,8192,1,633676,29394442349,24620128704
4399105,8192,1,691855,34599365091,24235088230
4407297,8192,1,587597,22219394536,19050872983
4415489,8192,1,602801,27141844419,21030361872
4423681,8192,1,637247,33563116251,25335912717
4431873,8192,1,602169,34452528559,25471717527
4440065,8192,1,644187,35202407283,26390247649
4448257,8192,1,635205,32303616551,25502006215
4456449,8192,1,658167,33516933106,26613550459
4464641,8192,1,714607,37151598010,29519448805
4472833,8192,1,687810,38954422870,30698869986
4481025,8192,1,691342,38855588548,30876970507
4489217,8192,1,597092,33111071840,27339501297
4497409,8192,1,530372,24797114990,21664575325
4505601,8192,1,664534,27768018498,23717548668
4513793,8192,1,607716,29462506589,25044494550
4521985,8192,1,636968,33818088203,28348661924
4530177,8192,1,576620,30857764315,25016271329
4538369,8192,1,555644,29902311532,25167056060
4546561,8192,1,576193,31728985315,26364764738
4554753,8192,1,614333,33933012035,28565672529
4562945,8192,1,694290,35077866299,28914959774
4571137,8192,1,685773,35235556368,29465779542
4579329,8192,1,595343,32512470264,27378430315
4587521,8192,1,616676,31432826950,27806996651
4595713,8192,1,732388,35462326767,31211758909
4603905,8192,1,701686,34053236118,29429328659
4612097,8192,1,696025,34813469923,29368612575
4620289,8192,1,756842,36575998133,31195825710
4628481,8192,1,695958,35807344495,29659039664
4636673,8192,1,839988,41325848673,36123977141
4644865,8192,1,859818,39561689628,35020532366
4653057,8192,1,878341,39038765676,35977061049
4661249,8192,1,838018,41732008967,37678254783
4669441,8192,1,868393,42367951309,40063366280
4677633,8192,1,1024408,50365921601,46591687110
4685825,8192,1,1106629,50823271509,47189603153
4694017,8192,1,983321,52251191383,44142685512
4702209,8192,1,1065994,53288175748,52083983995
4710401,8192,1,1004230,57029863421,55060238083
4718593,8192,1,1175867,60067148142,58926161316
4726785,8192,1,1283732,60320736424,58212899438
4734977,8192,1,1366216,63069754925,58895029751
4743169,8192,1,1249121,59108334014,53550389558
4751361,8192,1,1252125,59908605848,55537733942
4759553,8192,1,1451207,62045900188,57522630604
4767745,8192,1,1519992,62098558192,56433934432
4775937,8192,1,1585445,62497723845,53900902765
4784129,8192,1,1400070,58743219915,53830909098
4792321,8192,1,1052134,54186765245,44232469868
4800513,8192,1,1019534,49928583194,43010710814
4808705,8192,1,1261780,57510375260,51205452855
4816897,8192,1,1331357,57590718396,53820734033
4825089,8192,1,1639294,60808222944,56732454375
4833281,8192,1,1324521,56290819569,51311709680
4841473,8192,1,1365671,56727562845,53303606289
4849665,8192,1,1800565,61983009179,61732853474
4857857,8192,1,2002216,61977955389,58044842770
4866049,8192,1,1885881,62151807862,60467412885
4874241,8192,1,1724229,62804522499,59684140895
4882433,8192,1,1914229,62387106534,61331350623
4890625,8192,1,1784457,61980258440,56958844639
4898817,8192,1,1710320,62316592526,59701092109
4907009,8192,1,1726464,62391325627,58445304779
4915201,8192,1,1730007,63380891308,60871765844
4923393,8192,1,1858619,62279744506,61398215190
4931585,8192,1,1849680,62183892835,62715080105
4939777,8192,1,1496671,58403848500,57095997094
4947969,8192,1,1393070,58633948844,57352979957
4956161,8192,1,1327346,58788810672,56374171177
4964353,8192,1,1272246,58123924020,56151196495
4972545,8192,1,1159603,54810326446,53508820775
4980737,8192,1,1260970,53358611450,54204804351
4988929,8192,1,1176073,52672662572,51063114143
4997121,8192,1,1259241,55165172481,52846322949
5005313,8192,1,1262433,56373025517,52155084930
5013505,8192,1,1356029,59546446599,57609793767
5021697,8192,1,1305842,56689784355,55824717262
5029889,8192,1,1125879,53898877430,49349886706
5038081,8192,1,1161636,54269350642,49794154872
5046273,8192,1,1191117,54055514122,51911141236
5054465,8192,1,1056526,53286687769,50227592519
5062657,8192,1,1038563,52346336284,48483744117
5070849,8192,1,1111255,53626275181,47898046138
5079041,8192,1,1139166,53752148996,51061831181
5087233,8192,1,1010849,50228857996,45980019776
5095425,8192,1,1086570,52677277867,49777086273
5103617,8192,1,981145,52265804278,48230287608
5111809,8192,1,1077049,53626533614,49153902960
5120001,8192,1,1057547,54195882329,48998967120
5128193,8192,1,1208494,58216835003,54806619126
5136385,8192,1,1184261,56746767112,51594435143
5144577,8192,1,999424,52506836442,49082733746
5152769,8192,1,1017445,53578401482,50173766758
5160961,8192,1,1019623,52810336386,51032056076
5169153,8192,1,938849,52166193773,49975226729
5177345,8192,1,1005061,53979644014,53007466333
5185537,8192,1,1006297,54409598707,55189847995
5193729,8192,1,910773,52367016050,51056917958
5201921,8192,1,1019609,54958972298,51334959635
5210113,8192,1,963205,51431731336,52250085629
5218305,8192,1,1080296,53432274393,55761337486
5226497,8192,1,913035,51814775021,51691627532
5234689,8192,1,811533,49710271751,48294663137
5242881,8192,1,914018,50659269828,49349230677
5251073,8192,1,951734,49660522293,49431717219
5259265,8192,1,966328,49937461860,52200502428
5267457,8192,1,876120,48233799143,48592718415
5275649,8192,1,839560,45505587169,45577291353
5283841,8192,1,976074,50468458835,49546433742
5292033,8192,1,924974,47925789741,48948496487
5300225,8192,1,942144,49680604502,47605239793
5308417,8192,1,886412,46355902185,47945579281
5316609,8192,1,828036,44837407164,45893300351
5324801,8192,1,738251,42486626567,43096368083
5332993,8192,1,878562,44377402985,44810577728
5341185,8192,1,759784,39515895518,40746319020
5349377,8192,1,876958,45441991668,46951569764
5357569,8192,1,803479,46113372017,47073473904
5365761,8192,1,729028,45065663138,43773217637
5373953,8192,1,885713,47737923460,48468737332
5382145,8192,1,836995,51351355496,50454380423
5390337,8192,1,965931,52965281717,51697900064
5398529,8192,1,782926,50890084027,46644910344
5406721,8192,1,761190,48956703913,48154875851
5414913,8192,1,827064,48472063015,48629793779
5423105,8192,1,825418,49256575775,54819967096
5431297,8192,1,919267,52230978175,57233339329
5439489,8192,1,974226,55143258533,58027132548
5447681,8192,1,833508,50689771206,53128009239
5455873,8192,1,947860,56707817121,55880076006
5464065,8192,1,1033971,58652807039,59562227489
5472257,8192,1,1115589,59342364238,60925932278
5480449,8192,1,1153123,59083287853,61574482427
5488641,8192,1,1009152,56069946259,59377784271
5496833,8192,1,1156155,57601281303,64526865184
5505025,8192,1,1147957,57531469967,64267125330
5513217,8192,1,1088977,55330482420,58846283449
5521409,8192,1,1128476,54292326455,59320731636
5529601,8192,1,1047151,55026971310,61876363073
5537793,8192,1,1126959,57980108462,63734871667
5545985,8192,1,1076343,59166013084,64125559606
5554177,8192,1,1192396,59545348454,64812444827
5562369,8192,1,1376951,58519081749,70172751379
5570561,8192,1,976721,58050473193,59733620245
5578753,8192,1,1166387,57731284389,60825817760
5586945,8192,1,1161915,58406567436,64288791772
5595137,8192,1,1234914,60771886651,66405489103
5603329,8192,1,1124232,59755746193,62400189483
5611521,8192,1,1095478,60122260578,61597107844
5619713,8192,1,1158885,60368944644,65647780221
5627905,8192,1,1153817,60775416598,64249759347
5636097,8192,1,1226306,60413544072,63982701396
5644289,8192,1,1196097,59963033833,62114376978
5652481,8192,1,1148057,60165793954,64903152439
5660673,8192,1,1177054,60696972227,63321379532
5668865,8192,1,1235498,60047450465,65732193142
5677057,8192,1,1147362,60485425643,66799908077
5685249,8192,1,1108227,59774988632,63350533020
5693441,8192,1,1201882,61008511303,65508137151
5701633,8192,1,1183811,61676882288,68595957576
5709825,8192,1,1214637,61791485704,71382359653
5718017,8192,1,1086473,61499185628,69830892437
5726209,8192,1,1201901,61132528463,66992768531
5734401,8192,1,1114912,61252818451,65899439634
5742593,8192,1,1163973,60135524474,64980551188
5750785,8192,1,1084060,59600947136,63372641940
5758977,8192,1,1078372,59809101820,63280401671
5767169,8192,1,1114845,59325753351,64950522338
5775361,8192,1,1126138,59862973911,62672429338
5783553,8192,1,1136977,59212357830,61740333668
5791745,8192,1,1046515,52187366379,55501500110
5799937,8192,1,1040418,55190787848,57646098683
5808129,8192,1,853023,55324595267,53738654068
5816321,8192,1,1028624,57063660639,60083061400
5824513,8192,1,1117046,59270194084,63675644507
5832705,8192,1,1061157,58960211718,62891951800
5840897,8192,1,1055327,56548008958,60982684192
5849089,8192,1,878652,50539203884,55099631201
5857281,8192,1,1173486,57632243725,66948707836
5865473,8192,1,1081039,57617358569,62148327601
5873665,8192,1,1057229,56743055206,63809201519
5881857,8192,1,951758,58511385611,59158432801
5890049,8192,1,835183,61795713273,49195411695
5898241,8192,1,739929,61727951417,50427943767
5906433,8192,1,680873,61904063474,51344351271
5914625,8192,1,706329,61447371947,53064223438
5922817,8192,1,694577,62089394033,50875349625
5931009,8192,1,846968,57980071725,53412013915
5939201,8192,1,966559,59961762656,59370387682
5947393,8192,1,901788,60279415753,58233096789
5955585,8192,1,802864,60414676596,56883992008
5963777,8192,1,685110,63069117237,53107716451
5971969,8192,1,649712,59686231052,52366998889
5980161,8192,1,1036796,60094784408,64560607638
5988353,8192,1,1003503,59416305051,63186792654
5996545,8192,1,1027604,59615250433,61521705140
6004737,8192,1,892103,60438506569,66368082183
6012929,8192,1,880312,59806694762,61813217958
6021121,8192,1,1109642,60025112508,66834736551
6029313,8192,1,1094954,59640226996,66101891772
6037505,8192,1,1030417,59369607024,63069694905
6045697,8192,1,1057200,55900815277,64799615923
6053889,8192,1,940339,50753517403,56515580889
6062081,8192,1,1047645,56417459765,63086511165
6070273,8192,1,1070344,58612928291,66062803824
6078465,8192,1,1040326,59160341340,62448718734
6086657,8192,1,1032939,59245645508,60166187898
6094849,8192,1,978106,58080730358,59580292226
6103041,8192,1,949935,59434287423,63258317757
6111233,8192,1,814440,62418352419,80321400330
6119425,8192,1,756883,61929340206,82919220377
6127617,8192,1,891700,57927536222,70109372441
6135809,8192,1,894373,54124139868,57546710703
6144001,8192,1,948844,54474431056,61709260334
6152193,8192,1,949060,55935295379,60925241264
6160385,8192,1,940733,57179985070,61957899787
6168577,8192,1,875004,59767193046,68626232072
6176769,8192,1,854844,58633356661,62937151231
6184961,8192,1,869810,57172923878,63448925397
6193153,8192,1,858339,58716480746,64683858873
6201345,8192,1,808091,59068730609,63220668165
6209537,8192,1,816753,58875189706,66891684483
6217729,8192,1,809455,58560010270,64839649632
6225921,8192,1,839253,57560207356,64835721498
6234113,8192,1,845776,59019049499,65488052791
6242305,8192,1,804291,57082938691,67210569223
6250497,8192,1,779310,58293679134,62572367188
6258689,8192,1,935783,58551901338,65036826739
6266881,8192,1,832343,56739213761,64254997655
6275073,8192,1,815239,56879687612,64385466719
6283265,8192,1,869622,56503858451,63626903383
6291457,8192,1,753911,57192973874,64211397254
6299649,8192,1,796408,58492213661,63786467042
6307841,8192,1,775867,57819406693,63942657114
6316033,8192,1,731815,55554664930,60169727601
6324225,8192,1,801177,56055100336,62676589040
6332417,8192,1,702924,55639554786,60648172571
6340609,8192,1,628921,57287631240,60900233409
6348801,8192,1,701014,56796985035,59379179982
6356993,8192,1,679990,56753862938,61666946835
6365185,8192,1,679678,56844041949,54463406052
6373377,8192,1,730260,55694660589,62267873499
6381569,8192,1,631122,56053435110,57306371595
6389761,8192,1,623579,55480206989,58611689569
6397953,8192,1,722344,56431171315,59841333287
6406145,8192,1,629492,57158444543,60541610372
6414337,8192,1,709829,57357572825,59868220665
6422529,8192,1,613086,54942317621,53722322139
6430721,8192,1,606422,52576411946,55316106136
6438913,8192,1,642545,52459434620,56100098686
6447105,8192,1,731996,53145077742,55601534836
6455297,8192,1,724964,54306641564,62907607501
6463489,8192,1,815991,52726025166,60184021988
6471681,8192,1,729625,49182276339,52015854154
6479873,8192,1,669837,46831088707,47588524053
6488065,8192,1,747144,48122908769,55419878909
6496257,8192,1,717326,47958662805,60295840249
6504449,8192,1,718392,50909275438,58195470902
6512641,8192,1,730467,48392560754,53869549374
6520833,8192,1,738059,46131832206,54938281926
6529025,8192,1,724708,46477569891,53165822286
6537217,8192,1,800265,48971240353,56432741188
6545409,8192,1,787384,48497192206,54677864457
6553601,8192,1,698398,47187351487,54592419043
6561793,8192,1,737557,48788349686,54135492188
6569985,8192,1,764170,49888523955,55483785001
6578177,8192,1,680236,49997697795,49453441965
6586369,8192,1,749999,53088340658,51497082601
6594561,8192,1,705784,48019131508,53585048812
6602753,8192,1,656423,46400710382,52444707565
6610945,8192,1,849783,47748915390,57205815803
6619137,8192,1,801148,47807608803,56908232670
6627329,8192,1,765408,46669797740,54604936180
6635521,8192,1,743150,46887794423,54492507747
6643713,8192,1,665607,45877233135,56092122738
6651905,8192,1,758736,47427946240,59110195288
6660097,8192,1,827631,47805700088,57687254069
6668289,8192,1,740827,47033958754,55649272891
6676481,8192,1,701546,45737135850,54392349427
6684673,8192,1,693026,47473036303,56256865580
6692865,8192,1,744005,47361939810,54559790793
6701057,8192,1,728159,45355462532,53640970600
6709249,8192,1,803323,48175195526,56234546693
6717441,8192,1,731903,47282679908,55496296292
6725633,8192,1,669779,47058450238,50899040052
6733825,8192,1,736446,51234504987,55242981796
6742017,8192,1,845497,51556557281,58093093437
6750209,8192,1,783040,49450537411,54475898493
6758401,8192,1,785734,48600607825,51301021090
6766593,8192,1,644335,43880086628,47106936169
6774785,8192,1,718306,45320242271,50596561517
6782977,8192,1,787787,49300862376,56309195295
6791169,8192,1,797132,51216997662,54291878943
6799361,8192,1,778579,54480612692,66499886943
6807553,8192,1,777106,54418924892,63245836890
6815745,8192,1,641142,49816057934,60554435585
6823937,8192,1,767187,52605381030,61877019390
6832129,8192,1,795755,53448736123,64471806249
6840321,8192,1,787802,52776478133,66634762349
6848513,8192,1,788128,50809483628,64871746755
6856705,8192,1,703447,48678621512,62169638966
6864897,8192,1,720780,48100014209,56424781823
6873089,8192,1,753391,48766101024,56109783823
6881281,8192,1,726756,48283626988,56950311155
6889473,8192,1,759040,48229905528,55585335811
6897665,8192,1,733910,48871665264,60736291714
6905857,8192,1,752177,49522415159,59097451293
6914049,8192,1,802193,51410592357,56091129984
6922241,8192,1,859621,51928120590,60137073634
6930433,8192,1,800774,50391395202,58071566194
6938625,8192,1,748654,49387623217,56826999060
6946817,8192,1,796267,50255220086,58802543004
6955009,8192,1,748240,51693407873,54960383196
6963201,8192,1,806363,50150885645,61433309926
6971393,8192,1,728569,48656564463,59945869806
6979585,8192,1,735352,51199560672,61723183752
6987777,8192,1,699021,48682911486,63653697236
6995969,8192,1,634120,45831406577,53581830750
7004161,8192,1,892155,50536556554,62176772826
7012353,8192,1,782030,49273441119,61195711837
7020545,8192,1,741045,46097890688,56221168608
7028737,8192,1,762443,45093991002,57150014618
7036929,8192,1,853754,46603908786,56702562638
7045121,8192,1,810342,46377293130,56566594219
7053313,8192,1,770343,47471980730,57227392102
7061505,8192,1,683334,43555846112,52214126445
7069697,8192,1,838780,46875030520,57442591934
7077889,8192,1,763229,48582059456,55508915919
7086081,8192,1,751041,45191788480,53671215519
7094273,8192,1,795784,48515590361,55395034188
7102465,8192,1,787430,49228707462,54544197746
7110657,8192,1,985470,55948602087,59668916884
7118849,8192,1,879750,52775047845,59000263485
7127041,8192,1,771176,49224643811,57061498199
7135233,8192,1,810937,53308284328,61450717642
7143425,8192,1,915819,55117039138,64828381446
7151617,8192,1,910815,54754117820,61953557667
7159809,8192,1,886198,58713975871,65968702049
7168001,8192,1,726666,49138506055,54120470660
7176193,8192,1,693336,47109751685,53806964210
7184385,8192,1,724525,48036349840,51534457349
7192577,8192,1,708302,48268198216,52112089528
7200769,8192,1,727507,50120021956,54419473424
7208961,8192,1,790346,53098340347,60124907148
7217153,8192,1,906974,56741329110,61728232842
7225345,8192,1,933614,58596654890,64275388306
7233537,8192,1,885596,58671527494,64504973789
7241729,8192,1,1016104,61069572685,69747757551
7249921,8192,1,1020630,61369308543,65308672366
7258113,8192,1,985675,61058114637,69846907420
7266305,8192,1,1024395,60799942581,66942218632
7274497,8192,1,1073993,62911729753,71413618240
7282689,8192,1,959353,60722933235,68347700126
7290881,8192,1,721417,51558952034,60340920018
7299073,8192,1,635467,47439182717,57846332157
7307265,8192,1,768990,52539940390,60416746049
7315457,8192,1,782838,50497801672,59775157713
7323649,8192,1,736531,48680635829,56945710768
7331841,8192,1,693431,48979000213,58573743394
7340033,8192,1,700353,48470463657,58866286284
7348225,8192,1,656165,47754014325,53996206327
7356417,8192,1,706952,49781969594,59060964038
7364609,8192,1,702560,51552295972,56297829788
7372801,8192,1,748488,51189895210,57151853077
7380993,8192,1,672970,50289379405,54880505275
7389185,8192,1,618374,46747527961,55541870451
7397377,8192,1,731407,53849189259,59099045601
7405569,8192,1,823103,54459907520,58989019836
7413761,8192,1,820567,57996395789,64280847340
7421953,8192,1,759259,54880499899,60798934987
7430145,8192,1,709874,50266481813,56159913452
7438337,8192,1,799413,52617562312,61207896734
7446529,8192,1,803464,53862112844,63412889487
7454721,8192,1,776283,53348274726,60970199991
7462913,8192,1,841975,55623955618,62220394940
7471105,8192,1,853955,57452318218,66342147604
7479297,8192,1,795154,56297422443,63749442720
7487489,8192,1,889445,56376229780,67871485926
7495681,8192,1,1021969,60023042579,71956964244
7503873,8192,1,875237,55313971334,65607547288
7512065,8192,1,775071,49429826010,60705831080
7520257,8192,1,725889,47064363363,58058385227
7528449,8192,1,834843,51650564844,63758080456
7536641,8192,1,789507,50757917942,63360420229
7544833,8192,1,867687,54598783786,61306566287
7553025,8192,1,960725,56469515355,63102883201
7561217,8192,1,815707,50313874323,62179140639
7569409,8192,1,666231,46144005917,56404080919
7577601,8192,1,832815,54175134238,57016706816
7585793,8192,1,885526,58087439964,62874828484
7593985,8192,1,861278,55905434119,63167670043
7602177,8192,1,852806,50342783962,62203238148
7610369,8192,1,887841,49888381296,63120539637
7618561,8192,1,860187,54950616424,59914773524
7626753,8192,1,915348,54030183176,64277829574
7634945,8192,1,852309,51681051150,63458941017
7643137,8192,1,912370,53049696773,63057795433
7651329,8192,1,738803,45900258701,54700779335
7659521,8192,1,713836,45748826296,53973125909
7667713,8192,1,848035,50538533259,58430919911
7675905,8192,1,937742,55323766578,65583692669
7684097,8192,1,787627,54383889810,59326282007
7692289,8192,1,833589,53247672067,60445674197
7700481,8192,1,814204,49535470442,58828168635
7708673,8192,1,903137,54358941917,61428766202
7716865,8192,1,801151,62622317283,55196651845
7725057,8192,1,905524,59014777802,66502283974
7733249,8192,1,960512,58327935763,69963295243
7741441,8192,1,936278,56411432504,68901379753
7749633,8192,1,890324,53572479595,69646215773
7757825,8192,1,1027125,58522479696,75495632996
7766017,8192,1,1065365,61612038604,78620978131
7774209,8192,1,1133091,62039236317,76862619009
7782401,8192,1,1013568,61944787561,76178648637
7790593,8192,1,977456,60660792594,72897384955
7798785,8192,1,1062407,59684547724,74604699545
7806977,8192,1,1017774,59902115809,72748255531
7815169,8192,1,1154301,60693446908,73946213019
7823361,8192,1,1129298,60341384806,74514365597
7831553,8192,1,1048171,56590059373,70440248116
7839745,8192,1,1006866,55276418358,70127501001
7847937,8192,1,1266339,61467920318,74751682844
7856129,8192,1,1153575,60984143819,71060638127
7864321,8192,1,1115475,59852831907,75174805699
7872513,8192,1,1148287,60908945609,71978810507
7880705,8192,1,1236171,60021117831,76859904141
7888897,8192,1,1119286,58582250428,71844028625
7897089,8192,1,1116862,59438959515,71767055713
7905281,8192,1,1053564,59511201019,70688787467
7913473,8192,1,1018766,59916578393,73239282329
7921665,8192,1,1163030,58202234652,65494812333
7929857,8192,1,932972,56541598892,69661379273
7938049,8192,1,1335617,61768841096,74885370541
7946241,8192,1,1126115,60333225913,77243045475
7954433,8192,1,930625,59253863905,76754846077
7962625,8192,1,1155991,60318831521,76019985671
7970817,8192,1,1149787,58205892161,73107119109
7979009,8192,1,1168100,58675133580,73351639922
7987201,8192,1,1109590,60201568915,70750893576
7995393,8192,1,1246696,60953748469,70200668917
8003585,8192,1,1072671,58459135873,74422755460
8011777,8192,1,915176,52150084703,70634471504
8019969,8192,1,1048977,54347088319,70671949909
8028161,8192,1,1161083,57901070063,69760825991
8036353,8192,1,1038066,60739991885,70576372226
8044545,8192,1,1058512,61452870344,68595138017
8052737,8192,1,1224568,57520110354,68403083192
8060929,8192,1,883351,49034881564,61877990243
8069121,8192,1,1093556,54937862712,67237109357
8077313,8192,1,1171620,58985335698,73378415534
8085505,8192,1,970944,57604952668,70497616126
8093697,8192,1,1018286,53175452767,66731807845
8101889,8192,1,907967,52281783686,64476220112
8110081,8192,1,872493,50955441103,64109868626
8118273,8192,1,1016880,55439650663,70486826113
8126465,8192,1,893543,53041319100,67507618192
8134657,8192,1,1199821,58355280103,72262314917
8142849,8192,1,872903,50503746198,65577231618
8151041,8192,1,753363,48910092076,64147539234
8159233,8192,1,888841,55200745635,69387302368
8167425,8192,1,1358869,61654254721,67198005371
8175617,8192,1,919344,57647015958,71614936443
8183809,8192,1,948309,52872475578,65756965959
8192001,8192,1,738324,46746541520,59253560052
8200193,8192,1,738422,45469577722,58087485247
8208385,8192,1,812997,50384096789,62541030668
8216577,8192,1,1006640,52371646321,60513053303
8224769,8192,1,1163238,59595554009,69153972616
8232961,8192,1,798761,53019994658,64221137999
8241153,8192,1,697829,51960965721,59937645272
8249345,8192,1,841109,52000342474,64448423936
8257537,8192,1,930193,54459937700,68238705508
8265729,8192,1,975208,58222853369,69511551495
8273921,8192,1,1020904,56306070571,67161515931
8282113,8192,1,938526,53080739771,61701505322
8290305,8192,1,820570,51981464609,66243774874
8298497,8192,1,940581,58623412073,68498169513
8306689,8192,1,877846,57683653048,67624427541
8314881,8192,1,914277,57238738726,68706200575
8323073,8192,1,880678,51566549035,64369021089
8331265,8192,1,763133,51489770819,72882741682
8339457,8192,1,835498,52115559990,62063740582
8347649,8192,1,940995,53853618011,65964843358
8355841,8192,1,935120,59792349550,68336705941
8364033,8192,1,849350,54624898279,64978607437
8372225,8192,1,826549,50554075020,62306950234
8380417,8192,1,893359,53524916702,64550219082
8388609,8192,1,950037,59670381591,74348733873
8396801,8192,1,851952,59067138486,66387303594
8404993,8192,1,971316,58701071184,70943592239
8413185,8192,1,957288,57866515165,71992567505
8421377,8192,1,838965,57549256819,62821578228
8429569,8192,1,893296,61104343635,60065716320
8437761,8192,1,993838,59809150417,68015060324
8445953,8192,1,964813,60789904230,70132376506
8454145,8192,1,839047,59657647316,65017058876
8462337,8192,1,854037,59372454307,63132607258
8470529,8192,1,970235,60191471319,66366871786
8478721,8192,1,988342,61800831528,66300004880
8486913,8192,1,828164,61286830855,61135694209
8495105,8192,1,1002499,62022730823,63959342259
8503297,8192,1,989779,61828220456,62529693616
8511489,8192,1,835312,61844907375,57840874081
8519681,8192,1,889469,61679703719,58514964388
8527873,8192,1,965347,61385667796,59975117585
8536065,8192,1,931052,61592837583,60719154077
8544257,8192,1,754048,61629636775,56020489693
8552449,8192,1,803745,61961780469,59150814976
8560641,8192,1,939276,63530816772,63241699573
8568833,8192,1,851417,65923346777,62778643180
8577025,8192,1,841049,65623489141,62415124585
8585217,8192,1,992152,73222626803,69048517470
8593409,8192,1,817459,77878755186,65235454492
8601601,8192,1,699019,76628772865,65394921026
8609793,8192,1,811933,78058009201,65201479169
8617985,8192,1,949393,77470743277,75689580935
8626177,8192,1,869464,75793509999,71047340821
8634369,8192,1,739889,74187688186,64715802348
8642561,8192,1,818926,77685558439,69263613336
8650753,8192,1,825924,78026267904,71230879644
8658945,8192,1,812147,70393239512,79060217932
8667137,8192,1,785673,61570806794,70703771002
8675329,8192,1,816542,65781442449,68613936477
8683521,8192,1,757973,54004019478,65538180349
8691713,8192,1,683329,52246980326,60987368824
8699905,8192,1,849122,55659160493,66409357910
8708097,8192,1,975466,59263476741,71351163723
8716289,8192,1,913001,59041577975,70404937859
8724481,8192,1,868978,54281558998,65374190659
8732673,8192,1,805391,49494687484,60412952724
8740865,8192,1,812980,52561159401,63399172402
8749057,8192,1,822366,52666178343,63742879989
8757249,8192,1,919564,56098391378,66995314776
8765441,8192,1,968016,57877117485,69523296855
8773633,8192,1,860153,51481505907,61523373446
8781825,8192,1,790868,47257860195,57371805710
8790017,8192,1,942832,53538052783,64376700972
8798209,8192,1,940694,61685676481,71369409283
8806401,8192,1,885927,61658922238,66976279411
8814593,8192,1,1038029,61369004831,73684531338
8822785,8192,1,879793,52146272787,63777736544
8830977,8192,1,878509,55697156073,67908626762
8839169,8192,1,964736,62541552293,82571047600
8847361,8192,1,996914,61590833329,79618309766
8855553,8192,1,885028,55127615561,63282019866
8863745,8192,1,791523,55304861134,65427249615
8871937,8192,1,849887,63786091420,81361454712
8880129,8192,1,902373,61012686158,73672649971
8888321,8192,1,941387,59426643172,71822153991
8896513,8192,1,1133114,63866621409,83148422926
8904705,8192,1,802562,63727133550,85216239724
8912897,8192,1,845445,61409418399,81996041125
8921089,8192,1,1017609,65029754319,84574277911
8929281,8192,1,907925,63564436196,80743232480
8937473,8192,1,967802,66232587516,84644605416
8945665,8192,1,897482,65346650167,84186648302
8953857,8192,1,750217,65003544141,71477928113
8962049,8192,1,1086994,67502783028,83888324054
8970241,8192,1,951713,66237749089,78895821480
8978433,8192,1,981183,69267416517,77846764898
8986625,8192,1,1055590,68273551884,89651078221
8994817,8192,1,780717,56833119505,74686957403
9003009,8192,1,1036805,73004597454,85948602083
9011201,8192,1,1012222,71455636535,82706851737
9019393,8192,1,874242,71548472212,80837586250
9027585,8192,1,971248,66791843410,81493130084
9035777,8192,1,840102,64595196013,79095746939
9043969,8192,1,994170,64934612725,79060306333
9052161,8192,1,888691,65383679263,80394097983
9060353,8192,1,942244,57388886441,71663182150
9068545,8192,1,701653,48078807041,60120861848
9076737,8192,1,754798,61024714378,70704051184
9084929,8192,1,908482,65338335472,76443198026
9093121,8192,1,898709,68826620520,83444045311
9101313,8192,1,947022,69761741984,78146784949
9109505,8192,1,855685,64915604147,75623039488
9117697,8192,1,936510,68593558199,81469765677
9125889,8192,1,1110657,74193543274,88616127698
9134081,8192,1,974020,71692480309,87045421147
9142273,8192,1,971906,69278593897,86121197113
9150465,8192,1,940651,67361910005,84720998430
9158657,8192,1,931319,67770003761,86569442401
9166849,8192,1,1003627,67301994373,88980941764
9175041,8192,1,901224,64936435027,82855014719
9183233,8192,1,768025,58547006772,73274594612
9191425,8192,1,992708,64118389903,83483795727
9199617,8192,1,767537,60728207372,79636921215
9207809,8192,1,741824,53901328760,75255909562
9216001,8192,1,698064,49104444455,65404577794
9224193,8192,1,643992,47707551961,73580672601
9232385,8192,1,827015,55845001987,72836532628
9240577,8192,1,847844,59333225580,72181043175
9248769,8192,1,757262,52846524981,64701650247
9256961,8192,1,716538,54524823239,66613378158
9265153,8192,1,714126,49995214601,59723483636
9273345,8192,1,716731,54250605891,66121052560
9281537,8192,1,763184,56104624149,70472685598
9289729,8192,1,852003,63108379279,76898016162
9297921,8192,1,904053,60658920099,72625531297
9306113,8192,1,828610,56073471319,71037909708
9314305,8192,1,742441,55013686452,68899309306
9322497,8192,1,731295,52787689502,65312865026
9330689,8192,1,708369,52392880422,64201890060
9338881,8192,1,664925,47456678772,61270537266
9347073,8192,1,627062,59045841516,70801262049
9355265,8192,1,542072,51533409470,62334575458
9363457,8192,1,553768,51823161640,61938949355
9371649,8192,1,664552,57497993985,70906783199
9379841,8192,1,665352,58873592863,70447673706
9388033,8192,1,708523,60684737157,73560632787
9396225,8192,1,742494,61352845542,72619125482
9404417,8192,1,682535,52096944972,66563288306
9412609,8192,1,730720,56467680323,73410439833
9420801,8192,1,659919,65708295301,92836129011
9428993,8192,1,805946,68506237462,95735732738
9437185,8192,1,799261,70730540231,97755439462
9445377,8192,1,782815,64727852547,86597271131
9453569,8192,1,806095,57998734790,76242985954
9461761,8192,1,873153,60674145097,74650231507
9469953,8192,1,978600,68453757397,90159189171
9478145,8192,1,932038,68593126285,89060645991
9486337,8192,1,969887,65412428592,82393857740
9494529,8192,1,871662,61072195102,79592283989
9502721,8192,1,880415,67010896351,91880631310
9510913,8192,1,877077,62637487079,81221053792
9519105,8192,1,892491,66341797417,83855811689
9527297,8192,1,886525,63743218469,83811187775
9535489,8192,1,763034,56916289211,74670722931
9543681,8192,1,755739,51749236039,71798604764
9551873,8192,1,873175,63714325503,84910738779
9560065,8192,1,894671,66968083563,92075194896
9568257,8192,1,871975,67196685161,94357446153
9576449,8192,1,833002,63337835446,90052073048
9584641,8192,1,804983,57162122774,81218848646
9592833,8192,1,852642,58816487988,88040206252
9601025,8192,1,804419,61358444080,95139832596
9609217,8192,1,849312,58233450860,89780845626
9617409,8192,1,927929,63536028152,95558510543
9625601,8192,1,813905,59495790605,90999271419
9633793,8192,1,774141,59853748240,95183037991
9641985,8192,1,1008519,71796902215,103609872069
9650177,8192,1,946237,66707485905,90224560582
9658369,8192,1,908074,73540668043,105404219748
9666561,8192,1,1048466,76252778127,102579220315
9674753,8192,1,866412,68574360918,92073381954
9682945,8192,1,932972,70752871888,97954196694
9691137,8192,1,979047,71791734313,99772066261
9699329,8192,1,918888,67817796157,96973204109
9707521,8192,1,1104725,71177466006,104959549820
9715713,8192,1,1104271,71716325188,109565636203
9723905,8192,1,963052,66999392072,94162328275
9732097,8192,1,1005464,65795578186,94586620284
9740289,8192,1,1059837,67994246828,97818234916
9748481,8192,1,979162,67629006993,95937233097
9756673,8192,1,885081,62292836211,89231656999
9764865,8192,1,833802,62457382863,87060100434
9773057,8192,1,837546,61034522068,82820747004
9781249,8192,1,946051,67857791102,90792786390
9789441,8192,1,819208,65866256100,88222808436
9797633,8192,1,924104,68240421801,95642145514
9805825,8192,1,881246,68247029882,92907252246
9814017,8192,1,778987,66071308722,86024965865
9822209,8192,1,911174,69795340731,98088839893
9830401,8192,1,1006706,71978418806,101928287661
9838593,8192,1,1038633,71509025018,102913305007
9846785,8192,1,896865,69792988764,95016571699
9854977,8192,1,847711,67034768302,88939205179
9863169,8192,1,911641,68667883187,94108907010
9871361,8192,1,996682,70107950073,97161904627
9879553,8192,1,973566,69625920413,96520285732
9887745,8192,1,993179,71185747311,98775579736
9895937,8192,1,1003198,70717713319,99292179928
9904129,8192,1,1002534,71808040774,102533360755
9912321,8192,1,973237,71613101484,98997503566
9920513,8192,1,1033485,72846155160,98497485061
9928705,8192,1,1031123,73635393603,101749104310
9936897,8192,1,1080661,74097718137,104659924648
9945089,8192,1,978766,70891484395,98974647286
9953281,8192,1,1042650,72417886178,102549255121
9961473,8192,1,1112412,74009890439,104727005267
9969665,8192,1,1081752,73469731113,106342294182
9977857,8192,1,1115522,75780146275,107286360285
9986049,8192,1,1042699,73335453765,105845293241
9994241,8192,1,1012025,72304159780,105257907066
10002433,8192,1,947807,73177316635,101970872876
10010625,8192,1,993860,74248158794,101333206877
10018817,8192,1,1083307,76321832298,107303769416
10027009,8192,1,1144640,76778212899,108134581049
10035201,8192,1,1106267,76509496209,109815550840
10043393,8192,1,1136468,76529152684,107061243064
10051585,8192,1,1143192,76622953602,109970533181
10059777,8192,1,1071558,76691528658,104862350653
10067969,8192,1,1035874,75016157201,103218537363
10076161,8192,1,1190056,75265046958,103031655480
10084353,8192,1,1052095,76722732640,106137744469
10092545,8192,1,1059358,76839914668,108183765953
10100737,8192,1,1078590,77061038954,105017424046
10108929,8192,1,1104262,76917215732,96346637222
10117121,8192,1,1171376,77120896113,103575590180
10125313,8192,1,1065388,77604654123,108301353657
10133505,8192,1,1080586,77621034018,102008580994
10141697,8192,1,1185945,77375102520,104059623647
10149889,8192,1,1118057,77079879819,102004387504
10158081,8192,1,1140551,77535086646,107014560685
10166273,8192,1,1201889,77314405596,106807462841
10174465,8192,1,1114490,77129632609,107263226683
10182657,8192,1,1131014,76977719808,106018174954
10190849,8192,1,1225990,76646881261,105986520317
10199041,8192,1,1193971,77200838933,103771918516
10207233,8192,1,1174049,77770485494,105598165303
10215425,8192,1,1131601,77893106666,103684944978
10223617,8192,1,1214716,77082495252,103870586203
10231809,8192,1,1239036,76812658037,106162953450
10240001,8192,1,1174334,77539060580,107429409062
10248193,8192,1,1147536,77645370823,109989315990
10256385,8192,1,1130296,76924591639,106615640685
10264577,8192,1,1030018,77324495149,106851765091
10272769,8192,1,1086505,77623073831,106994902728
10280961,8192,1,1133919,77708872357,107469923746
10289153,8192,1,1154060,77788627230,109660818185
10297345,8192,1,1188569,79487887047,115908512170
10305537,8192,1,1162732,92108783782,133880626116
10313729,8192,1,1258422,92807705936,128048249497
10321921,8192,1,1454915,92532120917,127716881957
10330113,8192,1,1363088,93006927167,131260909294
10338305,8192,1,1297387,91799653406,127695555457
10346497,8192,1,1317779,93102367684,129717745446
10354689,8192,1,1316959,92167733414,129105801093
10362881,8192,1,1294409,91868826372,126871624157
10371073,8192,1,1371189,92625323824,127476588292
10379265,8192,1,1370935,91279955444,126828965287
10387457,8192,1,1323638,91353035083,128856042599
10395649,8192,1,1176812,92192015743,130806865183
10403841,8192,1,1130901,92191092473,126706926067
10412033,8192,1,1365356,91517607743,127723637898
10420225,8192,1,1350461,91558164098,125899305351
10428417,8192,1,1325279,93052871840,131703634790
10436609,8192,1,1315451,92424243235,128733728041
10444801,8192,1,1280543,91824104587,131019133116
10452993,8192,1,1386630,92677741195,128152875325
10461185,8192,1,1350573,93443272480,132873554900
10469377,8192,1,1413221,93408214190,125922092207
10477569,8192,1,1409852,91813150323,119798243559
10485761,8192,1,1325146,92491978229,127852539522
10493953,8192,1,1360475,93375068735,130520435237
10502145,8192,1,1477277,93028293528,127660270941
10510337,8192,1,1458912,93395121237,129889656124
10518529,8192,1,1407547,93881286759,134767445515
10526721,8192,1,1441709,95010075686,132983672718
10534913,8192,1,1517598,98525141995,140863565976
10543105,8192,1,1527082,98878550793,138788004555
10551297,8192,1,1529306,98563439926,140783041767
10559489,8192,1,1488034,98120186326,131409426970
10567681,8192,1,1545901,98405600084,134383089393
10575873,8192,1,1481930,98131779771,136733966145
10584065,8192,1,1392202,98224165663,138000650342
10592257,8192,1,1533065,98063078190,134511121967
10600449,8192,1,1520463,98076761196,137031246717
10608641,8192,1,1485632,97643007726,134828236179
10616833,8192,1,1537129,98094168122,132468004003
10625025,8192,1,1531409,97567851758,130839392134
10633217,8192,1,1605029,98527900785,130676418688
10641409,8192,1,1581691,98109215587,128731388448
10649601,8192,1,1533873,98321831677,123804637519
10657793,8192,1,1556816,98751922551,125651327070
10665985,8192,1,1455320,98419002087,131644350119
10674177,8192,1,1399828,98856138099,130311697830
10682369,8192,1,1543182,99064986797,128146779992
10690561,8192,1,1541635,98835373983,127350998211
10698753,8192,1,1495339,99053764120,130163813055
10706945,8192,1,1535453,99205973257,134073252715
10715137,8192,1,1411860,98432768557,132906228379
10723329,8192,1,1465940,98922916151,132914288875
10731521,8192,1,1445079,99057744442,131224693459
10739713,8192,1,1409598,98835109309,134599548537
10747905,8192,1,1434689,98604438114,131871141461
10756097,8192,1,1432351,98393824834,128503707043
10764289,8192,1,1436449,98995119384,125295276646
10772481,8192,1,1494024,98865322370,122941561222
10780673,8192,1,1564213,98943876509,121896654574
10788865,8192,1,1487517,99069578049,121893816237
10797057,8192,1,1431398,98631734597,129437382490
10805249,8192,1,1279797,97861496443,130672214467
10813441,8192,1,1314075,99369544817,133465995732
10821633,8192,1,1326300,98850079622,135599556686
10829825,8192,1,1297628,99169380318,130524529525
10838017,8192,1,1376879,98939998883,129532898699
10846209,8192,1,1346219,99403792278,135877418874
10854401,8192,1,1323252,99251403001,134431330515
10862593,8192,1,1334976,99494857878,136802093065
10870785,8192,1,1341365,99559553820,134466114070
10878977,8192,1,1470136,99262735048,131946194280
10887169,8192,1,1685788,99549571043,126543865724
10895361,8192,1,1395013,99353151545,133347002201
10903553,8192,1,1353200,99129856294,132830412113
10911745,8192,1,1436134,99015606534,133999372364
10919937,8192,1,1372106,99208153089,132139369052
10928129,8192,1,1338149,99199886160,133697426086
10936321,8192,1,1303750,99210160521,133463466886
10944513,8192,1,1283208,99611151083,132834371781
10952705,8192,1,1319801,99531959189,128051911179
10960897,8192,1,1352636,99310002799,130817176957
10969089,8192,1,1375102,99466085443,132438879907
10977281,8192,1,1318730,99628423479,136903646877
10985473,8192,1,1227266,99669860657,133375947716
10993665,8192,1,1251634,99764662138,132973131398
11001857,8192,1,1356592,99619090549,134296508115
11010049,8192,1,1378517,99485553104,134552345302
11018241,8192,1,1275742,98374192970,130521020135
11026433,8192,1,1354490,99298692809,132938410064
11034625,8192,1,1310112,97186693575,128885150971
11042817,8192,1,1334103,99245280398,133444370902
11051009,8192,1,1363729,99758052158,134042433241
11059201,8192,1,1433294,99811214650,134203895575
11067393,8192,1,1554046,99865509853,140914790869
11075585,8192,1,1348576,99492264844,139760492953
11083777,8192,1,1248034,99629928157,137431620889
11091969,8192,1,1401515,99673560434,140497034960
11100161,8192,1,1447762,99741103137,139902205486
11108353,8192,1,1485144,99829077573,142159082000
11116545,8192,1,1398817,99670502872,138159051007
11124737,8192,1,1270161,99750583272,135077605402
11132929,8192,1,1320965,100173706874,136714195939
11141121,8192,1,1325674,99897977809,138166824171
11149313,8192,1,1402938,99852564415,136249549114
11157505,8192,1,1427512,99848646888,134586540362
11165697,8192,1,1399016,99824607865,135951263777
11173889,8192,1,1294020,99650819487,137520287999
11182081,8192,1,1438620,99932057170,141598392364
11190273,8192,1,1438914,100005225132,138858377914
11198465,8192,1,1443942,99739876237,140121571334
11206657,8192,1,1412633,99729278350,140321640318
11214849,8192,1,1380570,99693471850,140853966645
11223041,8192,1,1383145,99903866172,140956828532
11231233,8192,1,1478358,100104962850,141378237236
11239425,8192,1,1347924,99887377082,139832431427
11247617,8192,1,1381274,100222018318,137971621497
11255809,8192,1,1444439,99786699446,137503510771
11264001,8192,1,1316079,99890293002,139367794992
11272193,8192,1,1347710,99946984814,139896687852
11280385,8192,1,1484505,99851935427,141925353939
11288577,8192,1,1396744,99998982049,144604228989
11296769,8192,1,1470900,99784151152,144339153597
11304961,8192,1,1430049,99687376856,146605363724
11313153,8192,1,1453839,99667400561,147792957446
11321345,8192,1,1595756,99733144268,146268278716
11329537,8192,1,1528036,99788326430,144934869859
11337729,8192,1,1445057,99542969394,144961145000
11345921,8192,1,1359299,100074192393,142629698056
11354113,8192,1,1214427,99786388904,141174117315
11362305,8192,1,1448539,99876697498,147333138907
11370497,8192,1,1443442,99905517041,145646406815
11378689,8192,1,1372946,99494705111,141690842570
11386881,8192,1,1460716,99919270857,145398766121
11395073,8192,1,1324871,99802789764,144218893809
11403265,8192,1,1294644,99751712798,142110188661
11411457,8192,1,1427163,99936036914,141389851882
11419649,8192,1,1470939,99901096311,143319120525
11427841,8192,1,1374494,99957562220,142888122298
11436033,8192,1,1412862,100230306566,141165306856
11444225,8192,1,1374249,100053691309,140752754529
11452417,8192,1,1571219,99840223592,143050465393
11460609,8192,1,1495879,100010686253,142896082090
11468801,8192,1,1604419,100116741671,145335820120
11476993,8192,1,1633118,99820704698,144182531116
11485185,8192,1,1504462,99935838936,151153367755
11493377,8192,1,1317697,100499782245,149774935543
11501569,8192,1,1456024,100174119560,144867500863
11509761,8192,1,1513323,100006134277,141257805657
11517953,8192,1,1519607,99951925790,145912338981
11526145,8192,1,1383406,99807024509,144261223544
11534337,8192,1,1422653,100061173912,150539179133
11542529,8192,1,1545477,99930647157,149491647862
11550721,8192,1,1558532,100242503361,147690668935
11558913,8192,1,1504436,99761429052,143534664785
11567105,8192,1,1457170,99838244510,147278283310
11575297,8192,1,1421856,100360462892,150098826415
11583489,8192,1,1555722,100143247311,150026542653
11591681,8192,1,1574678,99900660852,150899448436
11599873,8192,1,1594565,100048647754,149943781456
11608065,8192,1,1659040,100329595801,156415178797
11616257,8192,1,1617443,100220177970,148448898706
11624449,8192,1,1532623,100080599389,150455803151
11632641,8192,1,1542361,100037161583,151095692075
11640833,8192,1,1571861,100308996380,147147917805
11649025,8192,1,1395721,100378559333,150401025813
11657217,8192,1,1490221,100226114683,152008381336
11665409,8192,1,1513739,99985733401,145391559830
11673601,8192,1,1486715,99964988407,144395074087
11681793,8192,1,1497379,99497295251,148819594663
11689985,8192,1,1555675,99583756838,144377160303
11698177,8192,1,1526425,99975239456,142183570114
11706369,8192,1,1506885,100205850486,199271725674
11714561,8192,1,1417140,100076759648,204405692146
11722753,8192,1,1419327,100185239943,175865164465
11730945,8192,1,1535326,99752558396,152207000873
11739137,8192,1,1475350,100121062315,145603789945
11747329,8192,1,1462315,100110564487,147425880712
11755521,8192,1,1607984,100218708518,145931790441
11763713,8192,1,1561092,100091344980,143615562979
11771905,8192,1,1634365,99974635368,141196551353
11780097,8192,1,1611463,100152909187,147998379528
11788289,8192,1,1659488,100051303446,142592410370
11796481,8192,1,1665774,99976385541,141496573239
11804673,8192,1,1595345,99986758305,140564948956
11812865,8192,1,1524046,99728316562,142363550129
11821057,8192,1,1641213,100165414493,147658466336
11829249,8192,1,1680031,99908869524,143557178589
11837441,8192,1,1612325,99880712091,145116789314
11845633,8192,1,1614251,99971067648,145848831352
11853825,8192,1,1556277,99978320446,145633221428
11862017,8192,1,1512954,100017672279,146127678414
11870209,8192,1,1549037,99886206895,144970661356
11878401,8192,1,1571428,100164009970,146466380794
11886593,8192,1,1668305,100312517315,144674106665
11894785,8192,1,1682065,100025730811,147978845874
11902977,8192,1,1570310,100112225843,149408577386
11911169,8192,1,1644933,100154217941,148144415838
11919361,8192,1,1656821,100207884794,147558124656
11927553,8192,1,1582493,100126425907,145573283510
11935745,8192,1,1521475,100167079312,147949812874
11943937,8192,1,1521683,100388045346,152967763608
11952129,8192,1,1489299,99966830319,158273719718
11960321,8192,1,1544635,100287189976,152062727893
11968513,8192,1,1561452,100362822758,152627044699
11976705,8192,1,1547967,99807104865,154070832872
11984897,8192,1,1485163,100423627141,150585600085
11993089,8192,1,1491502,100554250927,148800527473
12001281,8192,1,1511597,100501602390,148802195339
12009473,8192,1,1613129,100389557491,151737799200
12017665,8192,1,1618139,100182492628,150552629890
12025857,8192,1,1670231,100793818551,144500293609
12034049,8192,1,1618179,100973456970,147730182687
12042241,8192,1,1636290,100626663293,148372400827
12050433,8192,1,1664045,100791135270,145829538429
12058625,8192,1,1614383,100610086286,144253181589
12066817,8192,1,1626536,100553630407,144277261484
12075009,8192,1,1627135,100664025896,149403806425
12083201,8192,1,1538091,100839562356,149252887384
12091393,8192,1,1630555,100752831001,144001116200
12099585,8192,1,1633198,100611408516,150015730974
12107777,8192,1,1693381,100714695598,146878810066
12115969,8192,1,1640460,100682351254,149646280890
12124161,8192,1,1538108,100693050780,152370858164
12132353,8192,1,1528903,100580839188,156381730138
12140545,8192,1,1638145,100567752635,153331439226
12148737,8192,1,1686577,100662518085,174839704584
12156929,8192,1,1700547,100764775287,168206521184
12165121,8192,1,1713298,100590983304,168655092172
12173313,8192,1,1558439,100652606920,165625240938
12181505,8192,1,1598931,100706966213,162419855972
12189697,8192,1,1658474,100768276142,155349367667
12197889,8192,1,1637377,100917775639,155761633620
12206081,8192,1,1654920,100978253443,156281840944
12214273,8192,1,1653938,101056372273,156914324492
12222465,8192,1,1558132,101083378473,165269295126
12230657,8192,1,1706312,101058340035,170126733221
12238849,8192,1,1767076,101153617321,161683257892
12247041,8192,1,1547107,101156385394,167974093767
12255233,8192,1,1807586,101213455045,158123800781
12263425,8192,1,1827918,101340557214,157352263408
12271617,8192,1,1812421,101225928616,159248264189
12279809,8192,1,1929005,102065174460,152089140202
12288001,8192,1,1974887,113736085303,173830957733
12296193,8192,1,2023402,120815230694,191881522553
12304385,8192,1,1812523,120875986075,192333703403
12312577,8192,1,1728126,121038645094,203244837307
12320769,8192,1,1828550,120484717452,202864064744
12328961,8192,1,1856686,120211855092,202100295256
12337153,8192,1,1960808,120130384288,190877658893
12345345,8192,1,1834647,120407730128,195773836925
12353537,8192,1,1789128,120394301428,201251345752
12361729,8192,1,1845221,120562860077,204457800089
12369921,8192,1,1928680,120791685995,199525701875
12378113,8192,1,1897871,120919218796,197116927560
12386305,8192,1,1956011,121273660873,197410630478
12394497,8192,1,2024916,121410961017,190974550451
12402689,8192,1,2206937,120878046089,188434114296
12410881,8192,1,2161590,121219190569,178932444472
12419073,8192,1,2154173,120712639060,174418007699
12427265,8192,1,2025421,121107996489,191972680625
12435457,8192,1,1919756,121298892011,190272518745
12443649,8192,1,1849268,121098408850,198794161569
12451841,8192,1,1841994,121305918840,200179770917
12460033,8192,1,1812728,121289513405,192652855781
12468225,8192,1,1836821,121131924561,208755099810
12476417,8192,1,1847130,121013257890,204391273219
12484609,8192,1,1726342,121110215473,203287433339
12492801,8192,1,1565797,121227551605,203496881237
12500993,8192,1,1661227,120989838462,200571238551
12509185,8192,1,1657744,121397791130,196832779929
12517377,8192,1,1686415,120881512313,196601254490
12525569,8192,1,1635921,121020595616,192646144375
12533761,8192,1,1638295,120828007952,196496576959
12541953,8192,1,1630729,121115033416,201095765486
12550145,8192,1,1669238,121350515963,198845760374
12558337,8192,1,1606500,120840646922,189893986837
12566529,8192,1,1705647,120843737763,201754009307
12574721,8192,1,1593840,120738844726,203021287288
12582913,8192,1,1428541,118845017866,199233487114
12591105,8192,1,1527605,119581549488,203505016388
12599297,8192,1,1538160,121177086792,203528872508
12607489,8192,1,1544054,120921611838,203403362065
12615681,8192,1,1489350,121042433482,202425484471
12623873,8192,1,1435704,119449851412,199327068918
12632065,8192,1,1452687,118027659375,200742288463
12640257,8192,1,1546021,120587022943,199775350441
12648449,8192,1,1522355,120371457890,198275649358
12656641,8192,1,1515099,120323786912,199632026782
12664833,8192,1,1463056,119801520354,195976229719
12673025,8192,1,1336569,117778012653,197986319010
12681217,8192,1,1523979,120492919264,207599385031
12689409,8192,1,1641347,120800581446,211940826057
12697601,8192,1,1517616,120209411085,204748531504
12705793,8192,1,1572885,120784865947,202894888214
12713985,8192,1,1443041,119223702600,203869493930
12722177,8192,1,1560503,118711360145,203739094269
12730369,8192,1,1710200,120752573783,211980805226
12738561,8192,1,1525513,120574020911,200064864549
12746753,8192,1,1545180,120340259097,199056818445
12754945,8192,1,1491209,119617730910,197129212200
12763137,8192,1,1419517,119567393503,200667711534
12771329,8192,1,1443602,118754868552,202853558798
12779521,8192,1,1749998,120716159388,186112761193
12787713,8192,1,1637823,120792717738,193209542755
12795905,8192,1,1547938,120670804712,194896428296
12804097,8192,1,1433400,119784397229,196519820039
12812289,8192,1,1468640,119538963045,196126864142
12820481,8192,1,1536022,121005829418,196189325327
12828673,8192,1,1544028,120698206806,195970556537
12836865,8192,1,1619752,120820573618,200375086735
12845057,8192,1,1531456,120973407095,196147806718
12853249,8192,1,1483024,120987635474,189682798566
12861441,8192,1,1519507,120664198995,203039813627
12869633,8192,1,1543637,120610778641,212062155237
12877825,8192,1,1551096,121002511251,211339655287
12886017,8192,1,1516209,121052750886,209737659608
12894209,8192,1,1517293,120791191879,216031536371
12902401,8192,1,1553524,121085055387,211593958266
12910593,8192,1,1693757,121300295216,210306443030
12918785,8192,1,1672044,121340799798,203115450657
12926977,8192,1,1655404,120941956310,206187766081
12935169,8192,1,1569906,120926210670,204807052918
12943361,8192,1,1540925,121105298293,210901101946
12951553,8192,1,1641688,121015559738,204378658983
12959745,8192,1,1563783,120859188337,207916413287
12967937,8192,1,1512297,121685096229,201270024242
12976129,8192,1,1516976,126805399318,204151810193
12984321,8192,1,1530715,126881112753,211189400813
12992513,8192,1,1500023,126849103803,210753978830
13000705,8192,1,1525062,126762365924,194856098648
13008897,8192,1,1570898,126628575442,199773173916
13017089,8192,1,1515070,126715629496,202714335452
13025281,8192,1,1491295,126737597201,193977539009
13033473,8192,1,1399447,126800876454,198456431754
13041665,8192,1,1612103,126573305644,200838569996
13049857,8192,1,1564889,126570069748,201490731371
13058049,8192,1,1549927,126511290892,204470510143
13066241,8192,1,1574840,126648398482,207173730908
13074433,8192,1,1517669,127023106100,206906777126
13082625,8192,1,1555248,127201822791,209033462341
13090817,8192,1,1556053,126522950159,201824315463
13099009,8192,1,1504861,126490789213,205191932869
13107201,8192,1,1482066,126504578382,201268920591
13115393,8192,1,1426374,126482546404,189995683891
13123585,8192,1,1422652,126575548760,195025167889
13131777,8192,1,1500669,126501919615,199450637983
13139969,8192,1,1580952,126501645806,195074447962
13148161,8192,1,1572191,126580580822,186706209540
13156353,8192,1,1502663,126435071350,174118600655
13164545,8192,1,1495807,126867900914,179278210745
13172737,8192,1,1485620,126758082578,186860744769
13180929,8192,1,1624283,126445008957,190388068987
13189121,8192,1,1487793,126454067159,182321002890
13197313,8192,1,1590087,126448018907,193456343537
13205505,8192,1,1603957,126508967574,205536454979
13213697,8192,1,1515619,126648476624,210012685620
13221889,8192,1,1594506,126480910175,203265612659
13230081,8192,1,1571457,126542193961,208176914983
13238273,8192,1,1535402,126591571689,201637456952
13246465,8192,1,1493317,126453218947,191833272837
13254657,8192,1,1432522,126495905368,208208063241
13262849,8192,1,1488041,126602949682,206585861414
13271041,8192,1,1487836,126367437642,196442369984
13279233,8192,1,1482494,126265843066,204232543877
13287425,8192,1,1540706,126290664704,203145860043
13295617,8192,1,1431213,126416230124,206434447061
13303809,8192,1,1381642,126377743039,199814951160
13312001,8192,1,1425200,126414184386,196781998728
13320193,8192,1,1446442,126433497478,200942607461
13328385,8192,1,1451568,126525699709,200802849797
13336577,8192,1,1488450,126443773151,192762595324
13344769,8192,1,1448829,126470974452,212512890197
13352961,8192,1,1435386,126473514687,209544238760
13361153,8192,1,1537204,126540746888,196677236132
13369345,8192,1,1706359,126382828597,199804702214
13377537,8192,1,1739316,126452726028,197816743228
13385729,8192,1,1559597,126463514796,200001657187
13393921,8192,1,1464328,126468436719,209005484469
13402113,8192,1,1527548,126619040869,197141532072
13410305,8192,1,1540567,126512649425,202370773949
13418497,8192,1,1579041,126657363768,199128439174
13426689,8192,1,1652004,126401984278,193015976313
13434881,8192,1,1484258,126375922545,205440206417
13443073,8192,1,1553385,126524177526,215820078714
13451265,8192,1,1545506,126393109813,202371031245
13459457,8192,1,1617660,126509408506,207865176773
13467649,8192,1,1617160,126539220161,204514420709
13475841,8192,1,1597888,126604477600,207901604543
13484033,8192,1,1607554,126579892965,209559568040
13492225,8192,1,1693151,126510267086,204301044050
13500417,8192,1,1730955,126614551074,196772771698
13508609,8192,1,1907030,126451741784,192363045449
13516801,8192,1,1860726,126544257334,198452679881
13524993,8192,1,1743498,126502399379,199279797551
13533185,8192,1,1699555,126537553304,200710290646
13541377,8192,1,1797680,126444001381,199365962643
13549569,8192,1,1806412,126438385106,210283831630
13557761,8192,1,1726244,126479692212,207433171937
13565953,8192,1,1638285,126346564082,211314802061
13574145,8192,1,1634714,126449381758,224736905689
13582337,8192,1,1718939,126525685269,204022576982
13590529,8192,1,1768713,126417251634,202540106864
13598721,8192,1,1731576,126409827801,199465928209
13606913,8192,1,1714696,126194994571,198129434420
13615105,8192,1,1662689,126332832338,212655036345
13623297,8192,1,1659344,126354562546,199322301121
13631489,8192,1,1688326,126167088507,205019018010
13639681,8192,1,1740343,126358272138,211195910445
13647873,8192,1,1656537,126321177990,203133952542
13656065,8192,1,1504782,126229054599,210663721710
13664257,8192,1,1627117,126324235982,210430311729
13672449,8192,1,1617372,126397597617,201818638005
13680641,8192,1,1717682,126185351143,210236419647
13688833,8192,1,1681875,126418968592,212619936608
13697025,8192,1,1659942,126214234182,210574203995
13705217,8192,1,1493091,126442876345,207883586394
13713409,8192,1,1639977,126344852300,207751960749
13721601,8192,1,1637728,126406992783,199525012770
13729793,8192,1,1662768,126254851194,207840323224
13737985,8192,1,1572229,126483226636,212019111884
13746177,8192,1,1626524,126076081216,215863435590
13754369,8192,1,1809146,126386695047,223882857122
13762561,8192,1,1603948,126355692540,213186810718
13770753,8192,1,1713010,126362941154,221448944876
13778945,8192,1,1595162,126358123369,217895259505
13787137,8192,1,1503295,126594660549,211384495838
13795329,8192,1,1492449,126654128960,219628380599
13803521,8192,1,1550781,126482616958,214771810009
13811713,8192,1,1601370,126555088393,213453743793
13819905,8192,1,1499991,126600144015,213289712926
13828097,8192,1,1579600,126426324518,208070343598
13836289,8192,1,1451918,126589449884,220071644773
13844481,8192,1,1485911,126671407417,208875881855
13852673,8192,1,1510421,126431496750,204810627709
13860865,8192,1,1590569,126516589514,207547089842
13869057,8192,1,1615665,126504700303,212847083584
13877249,8192,1,1657339,126494229879,208693853780
13885441,8192,1,1530995,126632403991,218594458780
13893633,8192,1,1593121,126305831185,215493378619
13901825,8192,1,1594780,126628482611,200329910739
13910017,8192,1,1574979,126512975265,208572925254
13918209,8192,1,1528537,126494511250,222818029641
13926401,8192,1,1485566,126581521439,214066900329
13934593,8192,1,1516224,126693079215,217270502355
13942785,8192,1,1526924,126579720747,209757994737
13950977,8192,1,1595071,126529604427,223871661819
13959169,8192,1,1523136,126501530450,221518091046
13967361,8192,1,1498767,126596003961,216424783418
13975553,8192,1,1406922,126595942080,204452691168
13983745,8192,1,1599497,126504388876,203596792244
13991937,8192,1,1623488,126638294462,211815172555
14000129,8192,1,1622392,126578067124,206871542885
14008321,8192,1,1539581,126538188694,201054022556
14016513,8192,1,1479134,126565197225,223143027730
14024705,8192,1,1502447,126588974527,216047791475
14032897,8192,1,1478763,126487822388,214367450295
14041089,8192,1,1533746,126627724761,212262193634
14049281,8192,1,1519738,126594957346,212739764272
14057473,8192,1,1519493,126528476406,216811373856
14065665,8192,1,1378968,126547954984,203140610846
14073857,8192,1,1474826,126438035641,215781534172
14082049,8192,1,1461458,126597812191,215756400064
14090241,8192,1,1463314,126464976827,210844222966
14098433,8192,1,1441040,126385694310,210119434079
14106625,8192,1,1436453,126491228880,219449754448
14114817,8192,1,1496948,126733919140,218357276641
14123009,8192,1,1496987,126542528909,212505018859
14131201,8192,1,1452980,126436119407,217192288521
14139393,8192,1,1423186,126572325359,216605039734
14147585,8192,1,1569308,126563222552,224785121944
14155777,8192,1,1464535,126571618605,219180259502
14163969,8192,1,1479519,126524555259,218728070208
14172161,8192,1,1499313,126468901517,221329168485
14180353,8192,1,1565348,126623168177,215889795006
14188545,8192,1,1470830,126464552679,219326079265
14196737,8192,1,1400549,126494842685,218287539946
14204929,8192,1,1453105,126753079308,224850263241
14213121,8192,1,1460111,126568950512,216355456575
14221313,8192,1,1520459,126652167619,215684950635
14229505,8192,1,1499272,126638616386,221821399186
14237697,8192,1,1548944,126740822535,217774850677
14245889,8192,1,1633816,126506755658,234169123006
14254081,8192,1,1445619,126723848661,215807627701
14262273,8192,1,1431866,126541088768,213327098647
14270465,8192,1,1484052,126508469815,216564985152
14278657,8192,1,1449156,126566654615,217562046943
14286849,8192,1,1474927,126698119621,224469203928
14295041,8192,1,1393083,126635507728,221564317973
14303233,8192,1,1469593,126594053976,215449047043
14311425,8192,1,1512033,126538804256,219315995032
14319617,8192,1,1481371,126576921156,219978603799
14327809,8192,1,1430169,126566265060,220773871806
14336001,8192,1,1419150,126722723223,218904369490
14344193,8192,1,1480284,126435774983,222941799769
14352385,8192,1,1528548,126476867898,233929212147
14360577,8192,1,1546887,126808255314,234864368007
14368769,8192,1,1435509,126571790084,226350101583
14376961,8192,1,1386650,126499954858,227686633352
14385153,8192,1,1382223,126651656770,226853937673
14393345,8192,1,1488051,126664579673,223806723755
14401537,8192,1,1553934,126545677652,227920734334
14409729,8192,1,1634007,126563665151,221941769037
14417921,8192,1,1442200,126580746495,224463015660
14426113,8192,1,1413632,126478067233,233696908241
14434305,8192,1,1548109,126551840239,228691417772
14442497,8192,1,1470527,126615549801,229864326362
14450689,8192,1,1478434,126677467809,222718838702
14458881,8192,1,1458738,126597790863,222323535457
14467073,8192,1,1426514,126403031347,226271695148
14475265,8192,1,1482168,126709937913,230602208735
14483457,8192,1,1557468,126539321538,225015335255
14491649,8192,1,1470187,126437944162,222350148578
14499841,8192,1,1477967,126523369672,220235262642
14508033,8192,1,1465952,126535822834,245364670864
14516225,8192,1,1348724,126493420690,227007761442
14524417,8192,1,1408175,126557593458,222157874661
14532609,8192,1,1417407,126601214291,221711857061
14540801,8192,1,1453750,126608916838,220213802659
14548993,8192,1,1403369,126516523197,216975864740
14557185,8192,1,1395108,126600906242,229467362574
14565377,8192,1,1422523,126760302959,225197424403
14573569,8192,1,1419444,126405917316,217626588616
14581761,8192,1,1376103,126440498278,217886534522
14589953,8192,1,1432106,126608941369,221263386832
14598145,8192,1,1389518,126692065880,218059884761
14606337,8192,1,1325891,126592054869,231695924551
14614529,8192,1,1430620,126570249130,225344810517
14622721,8192,1,1640576,126530216669,227449074659
14630913,8192,1,1458194,126511255699,208402738467
14639105,8192,1,1452283,126394466641,220985397644
14647297,8192,1,1349319,126566104062,231481875786
14655489,8192,1,1452911,126604604446,225616047839
14663681,8192,1,1448499,126332373287,222482263906
14671873,8192,1,1483751,126448598311,225837412857
14680065,8192,1,1524626,126486693032,224460871496
14688257,8192,1,1527468,126545672360,224962213913
14696449,8192,1,1472173,126525431009,201555780049
14704641,8192,1,1419681,126533194875,216454925758
14712833,8192,1,1437270,126467171242,227203550999
14721025,8192,1,1512036,126367840991,226552576929
14729217,8192,1,1439500,126305664805,230346322297
14737409,8192,1,1387353,126409670149,229895603680
14745601,8192,1,1499311,126425130097,234483919361
14753793,8192,1,1558145,126172894422,233179135914
14761985,8192,1,1718804,126212903238,229122425152
14770177,8192,1,1717370,126029090030,231565651140
14778369,8192,1,1473904,126362945352,236382401956
14786561,8192,1,1449449,126492807622,246718040190
14794753,8192,1,1477860,126429514269,226406965204
14802945,8192,1,1512924,126383475179,228248119680
14811137,8192,1,1483765,126427560226,227683228753
14819329,8192,1,1469039,126465883445,217727736575
14827521,8192,1,1400910,126617871845,219093737783
14835713,8192,1,1464190,126577008600,223123437890
14843905,8192,1,1463597,126488966318,212844418464
14852097,8192,1,1435958,126350436560,211149868081
14860289,8192,1,1428608,126334006669,214318887789
14868481,8192,1,1442830,126593504235,220174912530
14876673,8192,1,1444089,126454820297,205306539144
14884865,8192,1,1489984,126427635219,203066029335
14893057,8192,1,1459687,126567897831,202489276021
14901249,8192,1,1429581,126389935326,196059387905
14909441,8192,1,1388421,126535790245,201979003481
14917633,8192,1,1472067,126496416288,200826875012
14925825,8192,1,1441937,126455027935,203204444725
14934017,8192,1,1444164,126497768001,195145434291
14942209,8192,1,1483479,126356513150,200205460794
14950401,8192,1,1440249,126385110650,221071032982
14958593,8192,1,1526412,126307268112,223985221171
14966785,8192,1,1552881,126293740397,226820488514
14974977,8192,1,1547396,126094740945,220454110425
14983169,8192,1,1536599,126211707939,214177351782
14991361,8192,1,1489033,126224000392,227665522136
14999553,8192,1,1453488,126264788639,221376562768
15007745,8192,1,1511797,126501254834,214938940012
15015937,8192,1,1503036,126279848457,217341187521
15024129,8192,1,1519956,126405073088,214929770445
15032321,8192,1,1423112,126368472028,199662970978
15040513,8192,1,1514298,126447574509,213473979033
15048705,8192,1,1540708,126248790503,207273810115
15056897,8192,1,1512494,126305588741,220125191602
15065089,8192,1,1499260,126337822141,214230587049
15073281,8192,1,1452264,126555139864,210698428123
15081473,8192,1,1479484,126496906125,210238726949
15089665,8192,1,1488701,126582720631,207299344084
15097857,8192,1,1503925,126385361299,205702975756
15106049,8192,1,1479703,126275675270,204706085365
15114241,8192,1,1487831,126443159552,209544581102
15122433,8192,1,1451943,126750094045,203479657061
15130625,8192,1,1432546,126356114172,206560029219
15138817,8192,1,1498517,126157841850,207806264557
15147009,8192,1,1502133,126486746806,208155589592
15155201,8192,1,1580935,126483403980,213769500800
15163393,8192,1,1575190,126219434040,215194250607
15171585,8192,1,1536284,126327883878,214323467844
15179777,8192,1,1488705,126401251390,212180069713
15187969,8192,1,1535856,126380404561,213457051023
15196161,8192,1,1502255,126340565283,216505998479
15204353,8192,1,1457865,126470528973,215131131801
15212545,8192,1,1475951,126706209220,218733078708
15220737,8192,1,2099730,126390140428,239809461239
15228929,8192,1,1507534,126385341833,220056651699
15237121,8192,1,1532314,126415790802,222420478503
15245313,8192,1,1492981,126326458992,220000466384
15253505,8192,1,1473283,126472813488,225110713608
15261697,8192,1,1660048,126534594704,229500765232
15269889,8192,1,1600297,126589300886,230902669043
15278081,8192,1,1808125,126391955349,233465121819
15286273,8192,1,1509403,126411630842,218116433715
15294465,8192,1,1492102,126503841855,223008583614
15302657,8192,1,1481006,126879977162,219762498776
15310849,8192,1,1455573,126338823947,216537027109
15319041,8192,1,1468523,126384171157,210852785579
15327233,8192,1,1455118,126452603869,208713138062
15335425,8192,1,1428014,126484960125,214245697334
15343617,8192,1,1414560,126583909748,213969371270
15351809,8192,1,1433222,126370246098,208272758820
15360001,8192,1,1438656,126724972455,215003658884
15368193,8192,1,1422503,126526502925,209348754138
15376385,8192,1,1417976,126364437949,212866128302
15384577,8192,1,1424419,126656766137,216989990445
15392769,8192,1,1381472,126593536534,207603425360
15400961,8192,1,1366854,126560232721,207638975375
15409153,8192,1,1391499,126696531231,214772895482
15417345,8192,1,1408332,126595281337,208435641280
15425537,8192,1,1382698,126492112406,211644764537
15433729,8192,1,1361048,126653338550,208950365519
15441921,8192,1,1392230,126508621863,205419961030
15450113,8192,1,1350466,126393470273,202910797038
15458305,8192,1,1425866,126500624148,206129890777
15466497,8192,1,1388874,126680471683,205548437508
15474689,8192,1,1432354,126763626150,211127587057
15482881,8192,1,1439442,126625747723,207878747040
15491073,8192,1,1418575,126514564670,212216778016
15499265,8192,1,1399446,126591544745,202178283685
15507457,8192,1,1421860,126366550708,211081560098
15515649,8192,1,1386719,126711988256,216350173216
15523841,8192,1,1434635,126473241960,206534170273
15532033,8192,1,1480058,126415568321,212685792773
15540225,8192,4702882,1539317,126223755357,210655157161
15548417,8192,4711204,1549433,125266962992,213188480739
15556609,8192,4719481,1506999,125314419131,219539655617
15564801,8192,4727753,1326511,125385512822,214506467306
15572993,8192,4736026,1301225,125359407921,211086492983
15581185,8192,4744366,1298022,125291818536,208274546947
15589377,8192,4752640,1292103,125493083866,214252860754
15597569,8192,4760873,1269576,125171890894,208547820146
15605761,8192,4769097,1281934,125158789139,214137841874
15613953,8192,4777324,1266483,125184058805,206533623471
15622145,8192,4785575,1310843,125352153039,210880204907
15630337,8192,4793834,1350424,125402191477,209195993387
15638529,8192,4802063,1271916,125290664131,206762204570
15646721,8192,4810311,1382229,125417435852,201833377809
15654913,8192,4818560,1341844,125241377890,206934364042
15663105,8192,4826793,1338871,125235624379,215764311152
15671297,8192,4835033,1473498,125267623539,193946825415
15679489,8192,4843307,1341943,125238576083,206929971826
15687681,8192,4851548,1358945,125339300495,212645243133
15695873,8192,4859783,1366233,125332552702,204483593313
15704065,8192,4868035,1366939,125309608945,207335643598
15712257,8192,4876269,1258668,125580844155,168841064541
15720449,8192,4884504,1269011,125586649741,181061860267
15728641,8192,4892734,1290568,125336795671,201218703155
15736833,8192,4900965,1218505,125671533571,196537512885
15745025,8192,4909209,1270641,125186719880,208683203119
15753217,8192,4917440,1222591,125621248902,202151466569
15761409,8192,4925676,1136071,125642950151,200691281249
15769601,8192,4933927,1207034,125446738312,207678994732
15777793,8192,4942152,1230057,125167110607,197735520346
15785985,8192,4950396,1236387,125097758007,201110501598
15794177,8192,4958625,1304488,125171471581,207061424288
15802369,8192,4966858,1224835,125188882612,204342973374
15810561,8192,4975086,1104271,125176226874,206764968595
15818753,8192,4983340,1191983,125462451283,211067791247
15826945,8192,4991606,1208452,124895221202,209114168608
15835137,8192,4999843,1258925,124696117492,211989065353
15843329,8192,5008082,1266737,124905141764,213944293330
15851521,8192,5016328,1181380,124808204719,204821564462
15859713,8192,5024572,1181075,124913583891,210702676096
15867905,8192,5032801,1198642,124853581395,208168767607
15876097,8192,5041067,1256946,124485974258,205971003935
15884289,8192,5049305,1185695,124420511601,210596707531
15892481,8192,5057550,1237468,124320433939,204777418462
15900673,8192,5065779,1160265,124212174085,211456819694
15908865,8192,5074016,1058092,124650352681,209413448687
15917057,8192,5082245,1154274,124317182853,209645811808
15925249,8192,5090476,1267752,124214048769,210710762399
15933441,8192,5098721,1375306,124264129443,222947134110
15941633,8192,5106967,1389702,123940720851,224994559061
15949825,8192,5115210,1290366,124034382029,219927318323
15958017,8192,5123438,1173643,124359427972,225042542282
15966209,8192,5131663,1310249,124224713160,233554029669
15974401,8192,5139899,1340522,124099640351,232925757303
15982593,8192,5148147,1235970,124322924690,222424640064
15990785,8192,5156389,1283371,124198929531,221239830362
15998977,8192,5164630,1225813,124186386101,218176028235
16007169,8192,5172864,1052847,124623074343,212102789647
16015361,8192,5181097,1052959,124493600992,226527126405
16023553,8192,5189331,1090688,124243013279,226244923901
16031745,8192,5197584,1104026,124381451256,220116442716
16039937,8192,5205840,1123041,124395808586,220186009299
16048129,8192,5214078,1134623,124830620768,219996625690
16056321,8192,5222314,1125502,124617193118,225238636455
16064513,8192,5230552,1010762,124683765373,227135920115
16072705,8192,5238780,1246034,124333477118,224955696590
16080897,8192,5247021,1178575,124260753374,230312455236
16089089,8192,5255267,1123580,124306431578,226474941695
16097281,8192,5263499,1140851,124439942230,222571985443
16105473,8192,5271733,1161857,124361331384,224463802234
16113665,8192,5279979,1109178,124669356777,228044065349
16121857,8192,5288231,1162628,124391196480,222188569071
16130049,8192,5296473,1180458,124399949367,221026699097
16138241,8192,5304780,1078802,124660642804,218170194475
16146433,8192,5313022,1399504,124480225073,234295798033
16154625,8192,5321262,1831486,124194901488,264362123457
16162817,8192,5329495,1289430,124612317459,245643735624
16171009,8192,5337741,1315758,124340884409,231297481687
16179201,8192,5345985,1305539,124066232016,236886783292
16187393,8192,5354220,1237219,124237008425,229968956226
16195585,8192,5362459,1242340,124164031098,227518410428
16203777,8192,5370696,1298513,123955699854,232124775386
16211969,8192,5378936,1110066,124443582796,238722879813
16220161,8192,5387165,1089412,124386084913,224661556869
16228353,8192,5395399,1161951,123977256702,223867228486
16236545,8192,5403630,1168807,124125228021,229265239587
16244737,8192,5411850,1131902,124288779632,229349598943
16252929,8192,5420067,1149718,124332292810,240319246583
16261121,8192,5428297,1006443,124925233758,252089304122
16269313,8192,5436528,1004179,124695474779,232687547627
16277505,8192,5444770,1149822,124398327669,232063089071
16285697,8192,5452994,1133861,124278260394,233913389426
16293889,8192,5461230,1092288,124265714717,235174008092
16302081,8192,5469460,1072509,124403719165,244276672509
16310273,8192,5477688,941325,124731511962,259520903951
16318465,8192,5485913,882467,124766784923,229073997046
16326657,8192,5494140,1064365,124413151568,223302097657
16334849,8192,5502372,1203661,124227087257,226289794585
16343041,8192,5510610,1295735,124036901019,235877336570
16351233,8192,5518848,1181661,124111787777,229165336273
16359425,8192,5527079,1079067,124533103336,248400754586
16367617,8192,5535309,1377208,124373927230,250582589976
16375809,8192,5543539,1202265,124039788633,249379549574
16384001,8192,5551774,1240571,124100331466,230953650343
16392193,8192,5560023,1251207,124003722518,234528703168
16400385,8192,5568264,1239850,124052994132,227434633840
16408577,8192,5576488,1265814,123867348059,245540502025
16416769,8192,5584742,1147721,124148195400,246581864772
16424961,8192,5592977,1192692,124003358239,247340651177
16433153,8192,5601200,1188570,124166203859,234923820236
16441345,8192,5609436,1214158,123872046169,240742343541
16449537,8192,5617666,1166299,124245007447,227215202104
16457729,8192,5625902,1176755,123985010086,247008005767
16465921,8192,5634141,1029846,124556794423,234308263871
16474113,8192,5642371,1087223,124368765692,227553562337
16482305,8192,5650601,1173116,124180458932,230291197003
16490497,8192,5658845,1158866,124219659457,231301203626
16498689,8192,5667082,1248259,124168429071,237294683169
16506881,8192,5675313,1170549,124282739423,236269446846
16515073,8192,5683551,1131564,124390215662,231586067260
16523265,8192,5691780,1225728,123979933211,232965878991
16531457,8192,5700013,1233882,124053338198,229964531036
16539649,8192,5708260,1211444,123988503328,239090376754
16547841,8192,5716525,1256586,123922282104,225666072390
16556033,8192,5724762,1230919,124009051113,227062072145
16564225,8192,5732991,1239040,124028389925,238526167931
16572417,8192,5741223,1226880,123982832351,233565906021
16580609,8192,5749471,1296813,123813847300,226181907404
16588801,8192,5757729,1266771,123805018180,230757960397
16596993,8192,5765970,1247419,123939513129,234728076079
16605185,8192,5774205,1147285,124058090877,236327687385
16613377,8192,5782440,1084123,124251855466,235462891713
16621569,8192,5790686,1209663,124076116461,234159515740
16629761,8192,5798933,1278174,124175952832,232298843660
16637953,8192,5807177,1330708,123602214180,220054088407
16646145,8192,5815423,1279631,123702477060,230524970843
16654337,8192,5823744,1183021,123877292698,235190931622
16662529,8192,5832032,1132813,124094677752,248623737369
16670721,8192,5840313,1209310,123989450841,242687488477
16678913,8192,5848599,1253099,123926563458,237528702532
16687105,8192,5856905,1251013,124004103042,236764549725
16695297,8192,5865191,1245742,123923427248,228442278616
16703489,8192,5873502,1235602,124080283695,245503555795
16711681,8192,5881803,1135044,124299971638,251993770133
16719873,8192,5890089,1154719,124214204463,240554369074
16728065,8192,5898362,1210401,123956363401,238251984786
16736257,8192,5906658,1246107,123945396983,226771635370
16744449,8192,5914960,1250768,123917230336,233955764143
16752641,8192,5923268,1232077,123922994202,233504750602
16760833,8192,5931557,1101217,124016467187,232403195744
16769025,8192,5939852,1115077,123940593590,225448947176
16777217,8192,5948143,1203820,123946925971,225163979361
16785409,8192,5956437,1190451,123833585470,223380936257
16793601,8192,5964730,1192548,123749498190,219634655733
16801793,8192,5973054,1222847,123956529365,232250542320
16809985,8192,5981358,1158585,123615753440,235297064634
16818177,8192,5989636,1190257,123880766762,242331318374
16826369,8192,5997923,1315502,124066841094,233824662109
16834561,8192,6006221,1280191,123785793744,228026580641
16842753,8192,6014515,1218102,123790540045,225422634559
16850945,8192,6022798,1219963,123930827780,234501876705
16859137,8192,6031084,1161119,123958338109,247508919306
16867329,8192,6039371,1171240,124129112556,243282926098
16875521,8192,6047642,1267203,123879852147,241461677713
16883713,8192,6055930,1262897,123950930417,240783589078
16891905,8192,6064228,1232554,123924166484,232702214010
16900097,8192,6072508,1261532,123799373290,234118813585
16908289,8192,6080793,1204241,123697797710,247133129796
16916481,8192,6089077,1166469,123872500417,278474314652
16924673,8192,6097362,1313286,123887439402,256139833876
16932865,8192,6105654,1318114,123736211580,247716154913
16941057,8192,6113948,1371249,123781285971,269534462734
16949249,8192,6122230,1324221,123851146021,246582674902
16957441,8192,6130520,1201645,123770774514,271776545698
16965633,8192,6138828,1130553,124115291400,271978701849
16973825,8192,6147196,1206396,123973096845,258039346814
16982017,8192,6155571,1296153,123799597728,249720864408
16990209,8192,6163998,1245876,123829143218,249922400102
16998401,8192,6172357,1236370,123949207012,262898294023
17006593,8192,6180713,1095386,124186445686,258138354588
17014785,8192,6189078,1097696,124373036821,285367260626
17022977,8192,6197431,1184850,124038711706,261166862398
17031169,8192,6205770,1232776,123930837647,257951616491
17039361,8192,6214644,1316623,123920763300,259272028575
17047553,8192,6223141,1373527,123682150949,251731114742
17055745,8192,6231549,1236837,124174335358,252274943220
17063937,8192,6239930,1008710,124612817560,243946934236
17072129,8192,6248275,1183210,123779206831,223759782426
17080321,8192,6256608,1260658,123645465790,218411901491
17088513,8192,6264965,1260278,123647922745,206367395851
17096705,8192,6273315,1195518,123606718765,222220226078
17104897,8192,6281580,1014510,124351735830,229521167426
17113089,8192,6289852,998796,124202567206,223626591533
17121281,8192,6298121,1079273,124077209846,219375819460
17129473,8192,6306398,1108894,124161798539,234435191548
17137665,8192,6314693,1094899,124246637405,237170728578
17145857,8192,6322984,1150300,124075434998,232416358934
17154049,8192,6331276,1053151,124293347868,232371825971
17162241,8192,6339552,1116778,123894911874,224543493662
17170433,8192,6347847,1259515,123549394465,220927369553
17178625,8192,6356141,1302281,123514410067,212028711895
17186817,8192,6364447,1268222,123677502767,214638577013
17195009,8192,6372722,1334072,123586995334,204358651750
17203201,8192,6381005,1375665,123325720760,190817548332
17211393,8192,6389309,1269359,123489821555,199147901020
17219585,8192,6397595,1316145,123397475306,205694201776
17227777,8192,6405886,1281602,123525891650,210642923304
17235969,8192,6414187,1256380,123586573657,221573778295
17244161,8192,6422571,1265659,123572520849,217330964725
17252353,8192,6431060,1227759,123671374561,233884620561
17260545,8192,6439423,1143861,123975679931,271237588872
17268737,8192,6447756,1247976,123689972357,249540752711
17276929,8192,6456078,1225854,123699524669,246395413345
17285121,8192,6464411,1200074,123686298402,283872120127
17293313,8192,6472712,1235586,123611194696,244426805987
17301505,8192,6481018,1244725,123809963167,247011227792
17309697,8192,6489326,1176759,123949583273,263695774290
17317889,8192,6497627,1224036,123535394964,254122064405
17326081,8192,6505936,1271485,123566158009,229761137131
17334273,8192,6514227,1213764,123611052485,250825364825
17342465,8192,6522521,1220033,123559546994,244374902613
17350657,8192,6530810,1190892,123706210400,276240986656
17358849,8192,6539086,1097182,123977816887,267542022786
17367041,8192,6547367,1232605,123526861260,241197940645
17375233,8192,6555668,1355447,123551402440,233157744545
17383425,8192,6563975,1256364,123670066137,251181060848
17391617,8192,6572280,1227341,123601410945,243878328086
17399809,8192,6580587,1246478,123797697040,263992125909
17408001,8192,6588914,1123000,124044778310,281384646345
17416193,8192,6597245,1269906,123743510946,276517754185
17424385,8192,6605563,1290349,123571782475,267968863273
17432577,8192,6613884,1215614,123977234268,265158047384
17440769,8192,6622203,1142107,124116885794,249722403728
17448961,8192,6630518,1318220,123834754157,278183999696
17457153,8192,6638828,1371127,124366947124,278879501896
17465345,8192,6647132,1139240,124284630535,301903805248
17473537,8192,6655432,1118499,124036532288,277162408859
17481729,8192,6663738,1167236,123974272274,267296613032
17489921,8192,6672036,1269205,123713974467,274313608005
17498113,8192,6680314,1278229,123781928256,271289248186
17506305,8192,6688575,1097821,124418769032,273823891109
17514497,8192,6696852,1200669,124340518916,269149386617
17522689,8192,6705139,1244132,123969649458,246510538266
17530881,8192,6713412,1254698,123801937893,284942583271
17539073,8192,6721698,1202255,123775890332,256655317454
17547265,8192,6729991,1183886,124107681984,266270477148
17555457,8192,6738288,1142197,124416112644,282187279411
17563649,8192,6746591,1094662,124391082754,291499653653
17571841,8192,6754910,1243595,124011718560,282891578050
17580033,8192,6763173,1246138,123656872333,266331797643
17588225,8192,6771437,1220773,123600570876,260127899112
17596417,8192,6779714,1285195,123589648360,247783458418
17604609,8192,6788002,1127444,123962367108,278560770568
17612801,8192,6796294,1108831,124051288689,286050776447
17620993,8192,6804576,1218492,123776521297,289378814310
17629185,8192,6812859,894478,125317003080,206063358036
17637377,8192,6821141,1009584,124520012251,207769996311
17645569,8192,6829423,1188604,123540108721,263671435542
17653761,8192,6837721,1145572,123736105560,274031182935
17661953,8192,6846009,1121758,123823005628,281978111689
17670145,8192,6854313,1256352,123679748158,282914950180
17678337,8192,6862607,1224990,123816739190,291199539681
17686529,8192,6870912,1264714,123654678978,264362348698
17694721,8192,6879202,1287665,123408708438,298284534909
17702913,8192,6887554,1098212,123991774872,291949096705
17711105,8192,6895845,1108258,123788035887,311304489720
17719297,8192,6904113,1232852,123693345817,293588603949
17727489,8192,6912402,1335960,123472687664,256374848613
17735681,8192,6920655,1213157,123578980328,280700870280
17743873,8192,6928910,1277573,123594496185,276491099281
17752065,8192,6937162,1154856,123439317921,274060923546
17760257,8192,6945412,1122970,123725286457,313859586922
17768449,8192,6953662,1166718,123587905718,310968539566
17776641,8192,6961925,1169406,123654616772,337697751568
17784833,8192,6970175,1152283,123604124435,354625817632
17793025,8192,6978424,1170610,123601748165,283084071663
17801217,8192,6986678,1130078,123548526906,332895101903
17809409,8192,6994934,1130415,123727490035,436243309041
17817601,8192,7003174,1191194,123693477330,335615242396
17825793,8192,7011410,1219535,123557826561,322067592736
17833985,8192,7019652,1204918,123575373732,306568446956
17842177,8192,7027902,1236320,123689649053,299950245879
17850369,8192,7036151,1265346,123558675615,299166410828
17858561,8192,7044407,1157496,123929573197,329094898280
17866753,8192,7052664,1183951,123658814084,295422083555
17874945,8192,7060922,1278407,123642908245,292560566305
17883137,8192,7069180,1199199,123569105452,283712134030
17891329,8192,7077424,1204048,123571644886,287499775408
17899521,8192,7085686,1149470,123705192123,284427914453
17907713,8192,7093924,1069430,123938547216,295377346528
17915905,8192,7102175,1145941,123688977805,296773112904
17924097,8192,7110423,1199646,123514505273,256857833411
17932289,8192,7118675,1221132,123514220373,283173262873
17940481,8192,7126933,1231073,123559394968,269613271008
17948673,8192,7135190,1248894,123623668837,296863984561
17956865,8192,7143454,1099647,123889088349,295550448638
17965057,8192,7151711,1157411,123638299505,296189815594
17973249,8192,7159953,1181639,123578092102,287496979975
17981441,8192,7168195,1188780,123426270631,285136616422
17989633,8192,7176448,1200236,123591117988,285549711807
17997825,8192,7184717,1177795,123566501958,289242011498
18006017,8192,7192955,1067515,123979983927,327212919633
18014209,8192,7201216,1110139,123876347374,302082893420
18022401,8192,7209486,1173383,123559378879,281124309171
18030593,8192,7217747,1177056,123507968462,299461028469
18038785,8192,7226002,1151703,123568189717,294104564264
18046977,8192,7234267,1129441,123895897097,314826569483
18055169,8192,7242532,1212054,124049690052,316459781508
18063361,8192,7250786,1140613,123712356534,311668889179
18071553,8192,7259026,1107207,123998293126,305470391376
18079745,8192,7267303,1229221,123576941238,310649561538
18087937,8192,7275548,1158819,123656399105,303817496609
18096129,8192,7283810,1140087,123714074502,303561493063
18104321,8192,7292076,1035592,124064972672,317553657872
18112513,8192,7300337,1068455,124125573099,316677979139
18120705,8192,7308598,1231558,123782706356,332901953045
18128897,8192,7316868,1804705,123807268147,331746735357
18137089,8192,7325152,1220780,123755928993,282721059384
18145281,8192,7333463,1167260,123474759659,306831715597
18153473,8192,7341807,1040843,124077823347,321490300577
18161665,8192,7350157,1045352,124076331700,324693016431
18169857,8192,7358440,1155698,123804646559,324588318672
18178049,8192,7366694,1168029,123738642967,307149719579
18186241,8192,7374947,1287030,123844935174,311512849471
18194433,8192,7383221,1126547,123712845708,319949261935
18202625,8192,7391475,987425,124535109821,329167531622
18210817,8192,7399742,1012301,124231635810,329256516640
18219009,8192,7407987,1160175,123996504845,305014704003
18227201,8192,7416247,1234696,123502477845,311223834432
18235393,8192,7424510,1192308,123850914107,304651902414
18243585,8192,7432769,1181081,123639714052,319468074178
18251777,8192,7441011,1122330,123791286451,329676921818
18259969,8192,7449248,1057141,124005826008,325330626775
18268161,8192,7457480,1149776,123780189861,307714924319
18276353,8192,7465732,1138922,123825049322,319328090240
18284545,8192,7473976,1116748,123912936549,319446363603
18292737,8192,7482227,1127798,124011657362,337638551992
18300929,8192,7490473,1167190,123832281793,355681344321
18309121,8192,7498722,1053420,124124411697,356840443261
18317313,8192,7506978,1133163,123892826376,355133292411
18325505,8192,7515227,1132535,123963669651,391023794471
18333697,8192,7523497,1174914,123807898511,360281455065
18341889,8192,7531758,1150732,124008898402,317508588916
18350081,8192,7540010,1095754,124066570254,335838899810
18358273,8192,7548250,1031926,124293311968,329245334058
18366465,8192,7556485,1169850,123796488548,307868305303
18374657,8192,7564737,1137885,123763453499,316363089468
18382849,8192,7572992,1137153,123739979971,314957105993
18391041,8192,7581241,1196116,123696138160,289956740903
18399233,8192,7589493,1188419,123748760146,325323585983
18407425,8192,7597744,1130750,123806830257,311551018233
18415617,8192,7606005,1203397,123713240856,323195427326
18423809,8192,7614258,1257068,123661939920,288093776518
18432001,8192,7622531,1252621,123647146166,273643864784
18440193,8192,7630780,1205858,123608104486,297357076366
18448385,8192,7639025,1171536,123606480487,300984478494
18456577,8192,7647282,1184335,123687962207,305090492760
18464769,8192,7655550,1227707,123656285174,315233932249
18472961,8192,7663813,1284738,123601764262,299667405851
18481153,8192,7672060,1256303,123642445478,293013364892
18489345,8192,7680331,1195079,123543052072,288373238550
18497537,8192,7688594,1238864,123729824111,302575043461
18505729,8192,7696861,1182352,123593591406,316523995367
18513921,8192,7705129,1233586,123621916055,311519096423
18522113,8192,7713386,1230026,123625792489,295712338509
18530305,8192,7721624,1223627,123553925647,304960639617
18538497,8192,7729874,1290154,123671245630,285854233971
18546689,8192,7738125,1276381,123699036245,313885389540
18554881,8192,7746382,1246012,123733776212,351598140691
18563073,8192,7754631,1246486,123634151269,320724001674
18571265,8192,7762868,1219353,123672327030,301155924834
18579457,8192,7771127,1233808,123544543122,309951430710
18587649,8192,7779363,1254190,123650030852,302907412427
18595841,8192,7787617,1244508,123614833950,301142583057
18604033,8192,7795903,1259904,123713505259,332533970605
18612225,8192,7804160,1216570,123810115467,335443986025
18620417,8192,7812425,1282421,123680636979,297230872790
18628609,8192,7820683,1290295,123762052048,296169364608
18636801,8192,7828925,1329761,123624356896,326297818594
18644993,8192,7837197,1229232,123673332562,352538331941
18653185,8192,7845459,1124831,123722979147,365052184378
18661377,8192,7853721,1141839,123760941969,369667654503
18669569,8192,7861982,1276577,123643292573,314117201617
18677761,8192,7870232,1348989,123665435619,306626691717
18685953,8192,7878487,1292258,123614723053,290215303052
18694145,8192,7886739,1280894,123635445331,268903061801
18702337,8192,7894977,1370284,123674712258,328843054207
18710529,8192,7903249,1196262,123768009361,379504704853
18718721,8192,7911506,1315408,123701070991,301905684641
18726913,8192,7919763,1376836,123723517082,382750098741
18735105,8192,7928038,1294708,123852643029,366228551556
18743297,8192,7936310,1380152,123592761710,335526717266
18751489,8192,7944586,1294239,123792768243,423722800143
18759681,8192,7952835,1286704,123765852488,343754992620
18767873,8192,7961090,1233835,123872769832,402989174116
18776065,8192,7969343,1205041,123986510127,507314144212
18784257,8192,7977613,1310812,123933188174,467090939384
18792449,8192,7985880,1371731,123735994772,330834268887
18800641,8192,7994181,1231492,123976611447,323196901618
18808833,8192,8002461,1239882,123867437997,520865699186
18817025,8192,8010724,1294709,123735714868,367018997097
18825217,8192,8019018,1333260,123846313048,356355963377
18833409,8192,8027303,1475343,123747332848,346084696149
18841601,8192,8035559,1384494,123689349896,308447959198
18849793,8192,8043832,1323590,123619746748,336785648571
18857985,8192,8052126,1314599,123671843490,344338673405
18866177,8192,8060419,1273194,123657643737,331777065722
18874369,8192,8068684,1277332,123711691345,354318702490
18882561,8192,8076974,1321935,123658427466,320930290644
18890753,8192,8085252,1332345,123535674414,310158447259
18898945,8192,8093563,1248370,123739831742,335807423326
18907137,8192,8101832,1253229,123728100060,354390863130
18915329,8192,8110114,1266595,123781071763,362744855254
18923521,8192,8118398,1288376,123635147516,316041070056
18931713,8192,8126667,1252811,123705837334,299578232121
18939905,8192,8134951,1264747,123685039020,332968465725
18948097,8192,8143260,1204967,123815134928,437008473705
18956289,8192,8151644,1161537,124211789248,579951792499
18964481,8192,8159956,1256820,123969766721,464782792145
18972673,8192,8168234,1252926,123728441436,329234311739
18980865,8192,8176488,1415393,123858693129,281411792944
18989057,8192,8184767,1378115,123669387522,331474658851
18997249,8192,8193014,1385398,123764285378,325876819877
19005441,8192,8201259,2044815,123824739294,280765703821
19013633,8192,8209499,1454448,123669961183,310438629848
19021825,8192,8217728,1418905,123653695356,267575389867
19030017,8192,8225983,1368129,123782896509,278269193073
19038209,8192,8234228,1371339,123663808593,288062644864
19046401,8192,8242460,1304989,123701427919,312692262902
19054593,8192,8250694,1231354,123767425903,340894348068
19062785,8192,8259059,1276243,123815788056,362803605641
19070977,8192,8267362,1259116,123826364821,332700493677
19079169,8192,8275635,1244576,123691753909,331605245663
19087361,8192,8283896,1333438,123832840822,302364050892
19095553,8192,8292156,1339566,123691549401,317619382652
19103745,8192,8300438,1321099,123849518114,325520459418
19111937,8192,8308689,1260937,123793147462,352357037168
19120129,8192,8316948,1359851,123815115800,301067020411
19128321,8192,8325217,1314760,123666197796,298262387195
19136513,8192,8333493,1305248,123946920476,281592093497
19144705,8192,8341773,1266103,124104017949,300814050361
19152897,8192,8350064,1198093,124118652749,333107427631
19161089,8192,8358344,1230459,124206694754,326885766970
19169281,8192,8366622,1242437,124122790289,293942431422
19177473,8192,8374907,1340729,123989599941,268711491914
19185665,8192,8383182,1236760,123969611623,240370107446
19193857,8192,8391454,1222610,123806886071,219196822750
19202049,8192,8399735,1165655,124131985407,260608436398
19210241,8192,8408023,1140966,124274057934,294974281076
19218433,8192,8416275,1181096,124295618123,293815343309
19226625,8192,8424566,1297683,124266922414,283284457003
19234817,8192,8432837,1319023,124094997030,285935861412
19243009,8192,8441120,1360327,123910732432,273200474117
19251201,8192,8449406,1252019,124116392865,321226202775
19259393,8192,8457720,1260334,124142787832,312374964755
19267585,8192,8465991,1316043,124053267886,297920237808
19275777,8192,8474282,1309169,124018708984,288247396235
19283969,8192,8482572,1275841,124069272958,279251970871
19292161,8192,8490824,1305573,124069543469,264670251535
19300353,8192,8499067,1256213,124228260168,320967826653
19308545,8192,8507317,1263227,124254644406,332890173476
19316737,8192,8515576,1372672,124139191434,300686484281
19324929,8192,8523827,1383445,124230321106,294442457056
19333121,8192,8532090,1428299,124072932148,291969419468
19341313,8192,8540334,1378236,124230760063,279366748629
19349505,8192,8548571,1403329,124273109664,280373498162
19357697,8192,8556815,1360346,124388928610,298110307723
19365889,8192,8565049,1451538,124212199926,264278537921
19374081,8192,8573279,1456308,124187628104,263326917310
19382273,8192,8581515,1390404,124001805374,259701692332
19390465,8192,8589756,1406332,124183216259,267475135089
19398657,8192,8598061,1376343,124298522851,274729610251
19406849,8192,8606304,1323253,124203729016,279425361681
19415041,8192,8614553,1409825,124184434083,264683060322
19423233,8192,8622797,1407012,124190932397,268547880621
19431425,8192,8631094,1479016,124444652304,284308602218
19439617,8192,8639405,1494194,124598689249,305501118147
19447809,8192,8647696,1525689,124654060201,323888986987
19456001,8192,8655991,1400235,124746985771,338326060336
19464193,8192,8664284,1463073,124708696824,317798613867
19472385,8192,8672573,1567587,124492865502,282247800270
19480577,8192,8680848,1569982,124675941826,289816044157
19488769,8192,8689133,1519310,124642372180,303475868454
19496961,8192,8697400,1532953,124562923150,305518808558
19505153,8192,8705700,1441553,124706105566,330580112055
19513345,8192,8714026,1431476,124579418319,312069100955
19521537,8192,8722316,1534603,124318946052,316680801299
19529729,8192,8730829,1504678,124337950932,304316392585
19537921,8192,8739185,1496091,124380640734,294017619165
19546113,8192,8747474,1471940,124404502871,300513107018
19554305,8192,8755777,1421459,124410898435,316343407570
19562497,8192,8764071,1449555,124385162902,304563386203
19570689,8192,8772348,1436175,124282074762,275473091251
19578881,8192,8780597,1384474,124120403426,273526459030
19587073,8192,8788850,1423744,124233175249,276507145455
19595265,8192,8797112,1411530,124285329601,288419496040
19603457,8192,8805376,1362120,124482829897,313205661831
19611649,8192,8813644,1366587,124396688881,298196929158
19619841,8192,8821912,1431304,124303363675,261284564563
19628033,8192,8830158,1382837,124278179872,289186461349
19636225,8192,8838416,1386317,124267212875,293405749586
19644417,8192,8846685,1477932,124283847315,286785466399
19652609,8192,8854969,1327150,124512018946,291701551097
19660801,8192,8863231,1333121,124620238398,307629334467
19668993,8192,8871496,1361699,124457738133,299402945996
19677185,8192,8879742,1402400,124720060656,273528879930
19685377,8192,8887996,1426421,124385138939,288122995236
19693569,8192,8896260,1349485,124526186496,288828184822
19701761,8192,8904509,1300798,124683267469,314841806531
19709953,8192,8912750,1312484,124522623013,294831375471
19718145,8192,8920990,1367280,124234964352,281910337297
19726337,8192,8929255,1367565,124243473683,267966090959
19734529,8192,8937499,1360530,124198160597,271674736737
19742721,8192,8945763,1355984,124540036759,298696189187
19750913,8192,8954019,1252870,124821955842,304628182568
19759105,8192,8962263,1317146,124580362846,298798655888
19767297,8192,8970503,1425710,124319133475,280410926242
19775489,8192,8978751,1426943,124406846992,276900216460
19783681,8192,8986991,1408096,124487406122,284918661614
19791873,8192,8995239,1375954,124221565854,302338530933
19800065,8192,9003484,1328449,124456618248,320622612891
19808257,8192,9011734,1308968,124536261314,289381651040
19816449,8192,9019990,1361273,124451868445,297240063566
19824641,8192,9028233,1386800,124442024416,308619902574
19832833,8192,9036486,1311633,124472221441,309502631797
19841025,8192,9044737,1321663,124723548990,324383683583
19849217,8192,9052980,1296587,124201124261,276598630618
19857409,8192,9061230,1211690,124816889058,296732037542
19865601,8192,9069473,1341044,124415440188,284815603528
19873793,8192,9077747,1364059,124478097811,295298058347
19881985,8192,9085984,1370389,124290076590,285408833586
19890177,8192,9094228,1315726,124427228697,291947336954
19898369,8192,9102490,1250201,124502760559,311641771026
19906561,8192,9110734,1226278,124794745557,294158619288
19914753,8192,9118990,1262021,124642676514,288351028500
19922945,8192,9127236,1373100,124069895033,281187875838
19931137,8192,9135486,1343031,124229005523,287871840954
19939329,8192,9143725,1329349,124204790713,281732405189
19947521,8192,9151974,1333083,124392561546,312317097876
19955713,8192,9160210,1314942,124423623184,301425466593
19963905,8192,9168454,1333019,124345711165,273099053812
19972097,8192,9176695,1257352,124232825992,281838775509
19980289,8192,9184953,1323568,124094474908,277359831513
19988481,8192,9193196,1326751,124163998517,269663397321
19996673,8192,9201443,1336252,123996321353,284296882333
20004865,8192,9209675,1240854,124226710247,279257236480
20013057,8192,9217912,1304799,123931172877,265335071370
20021249,8192,9226144,1330787,123950597201,276743193499
20029441,8192,9234372,1338896,123821130868,258464456576
20037633,8192,9242611,1317090,123654099640,262621565481
20045825,8192,9250848,1347082,123953641816,273863065871
20054017,8192,9259089,1325267,123876567291,292994760465
20062209,8192,9267322,1318717,124055393101,278276177912
20070401,8192,9275563,1366227,123762444016,262570043766
20078593,8192,9283801,1384871,123911184108,264994190765
20086785,8192,9292062,1406126,123940016782,261841143172
20094977,8192,9300302,1339685,124015415943,277649471576
20103169,8192,9308551,1301714,124029391097,292004280837
20111361,8192,9316795,1273066,124087816974,302539463121
20119553,8192,9325059,1341785,124092854149,285882282556
20127745,8192,9333311,1300304,124171257384,279248758600
20135937,8192,9341560,1312828,123895576655,264887940158
20144129,8192,9349801,1478597,124131653209,306988779890
20152321,8192,9358049,1401974,124342040084,327641466228
20160513,8192,9366304,1278720,124374744387,312432759114
20168705,8192,9374550,1346678,123936121923,294886320957
20176897,8192,9382778,1424523,124108232349,297503995469
20185089,8192,9391015,1377219,123885049400,281375917828
20193281,8192,9399251,1336187,123788574103,288438930083
20201473,8192,9407494,1298463,124269759102,319443473001
20209665,8192,9415724,1286626,124087576326,311694124760
20217857,8192,9423960,1317852,123942254668,297183878948
20226049,8192,9432209,1299917,124147683853,283835679093
20234241,8192,9440439,1360846,123774875427,260636434534
20242433,8192,9448678,1459730,123854928977,267549155968
20250625,8192,9456910,1312416,124076624635,313721686469
20258817,8192,9465146,1171595,124427662111,313984656482
20267009,8192,9473399,1317129,124097688366,305553933942
20275201,8192,9481639,1334263,123937658483,289719286996
20283393,8192,9489868,1363375,124067024594,275295564610
20291585,8192,9498106,1363384,123869625532,297999406116
20299777,8192,9506347,1316781,124039812722,314788210943
20307969,8192,9514581,1244265,123989778309,297283486781
20316161,8192,9522818,1314009,123995263661,301777810874
20324353,8192,9531037,1360451,123857218332,272581882597
20332545,8192,9539273,1365918,123758625145,249826029456
20340737,8192,9547499,1315447,123780556120,254795377540
20348929,8192,9555732,1291597,124045417961,293194908624
20357121,8192,9563959,1279773,124504091119,295209179299
20365313,8192,9572201,1312646,123669140229,254856567724
20373505,8192,9580431,1311170,124039182811,275662901488
20381697,8192,9588664,1276710,124097202607,279675458263
20389889,8192,9596900,1309255,123990059477,274968766055
20398081,8192,9605136,1256225,124206051024,279056154492
20406273,8192,9613370,1215683,124065312931,263189643734
20414465,8192,9621591,1244275,124192634311,273933812097
20422657,8192,9629846,1320255,123998089347,253034545769
20430849,8192,9638079,1321247,123888932332,243672169238
20439041,8192,9646308,1265381,123823513533,244421961419
20447233,8192,9654555,1276821,123996852027,260126544143
20455425,8192,9662773,1197252,124532117855,289784206839
20463617,8192,9670997,1257479,124388614409,274459984922
20471809,8192,9679232,1285411,123650110177,274787027679
20480001,8192,9687458,1297199,123749972625,268656102311
20488193,8192,9695679,1243615,123883712183,260087853483
20496385,8192,9703905,1269253,124047419113,265509121710
20504577,8192,9712142,1135247,124465862938,276832634363
20512769,8192,9720378,1161611,124184136025,262329784031
20520961,8192,9728604,1245300,124007077488,259583771115
20529153,8192,9736836,1421269,123962849137,274783785759
20537345,8192,9745081,1439333,123669332793,269640312797
20545537,8192,9753315,1253608,124231633533,281171930779
20553729,8192,9761549,1145025,124604070901,287581056462
20561921,8192,9769782,1166959,124453507182,275442196033
20570113,8192,9778022,1229301,123923336719,266425834173
20578305,8192,9786257,1215782,124508837186,269523014748
20586497,8192,9794502,1269527,124050642770,263827510686
20594689,8192,9802745,1292003,124332499053,263912216856
20602881,8192,9810996,1228322,124543532771,274450911364
20611073,8192,9819237,1097645,124814044268,262822781480
20619265,8192,9827482,1324919,124291925023,257039681520
20627457,8192,9835711,1316468,124306662368,257644617760
20635649,8192,9843959,1323405,124238897976,264304535598
20643841,8192,9852200,1312577,124110240029,262591687274
20652033,8192,9860438,1167898,124654545575,268003014913
20660225,8192,9868668,1172966,124818915829,270219724747
20668417,8192,9876900,1236978,124229513827,249836912615
20676609,8192,9885128,1278425,124191509641,261089805279
20684801,8192,9893357,1277423,124164220953,248690148506
20692993,8192,9901590,1299309,124222150078,250854617945
20701185,8192,9909808,1280639,124039124147,264339868409
20709377,8192,9918046,1237605,124150614349,272192414146
20717569,8192,9926276,1319388,123967676483,249294733131
20725761,8192,9934518,1333524,123906422105,254806551306
20733953,8192,9942757,1342890,124072186073,255724333122
20742145,8192,9950994,1335924,123999386424,255509052691
20750337,8192,9959240,1282264,124044134635,255662812534
20758529,8192,9967460,1252221,124075251218,261820022128
20766721,8192,9975702,1248961,124010223875,242866681687
20774913,8192,9983955,1296280,123959551616,243160066503
20783105,8192,9992198,1295855,123861766459,230033756673
20791297,8192,10000436,1357061,123655847951,240250343231
20799489,8192,10008679,1286683,123903565050,228849407888
20807681,8192,10016909,1225709,123683481511,251418489256
20815873,8192,10025141,1281184,123701645397,240305696813
20824065,8192,10033363,1306171,123674520523,232412815389
20832257,8192,10041601,1300593,123697978959,234046434794
20840449,8192,10049823,1322193,123742084041,243093921494
20848641,8192,10058046,1339278,123881511204,275362466322
20856833,8192,10066279,1280156,124044652168,269395500976
20865025,8192,10074499,1341045,123939717225,271140091593
20873217,8192,10082726,1449149,123875874183,247178478387
20881409,8192,10090947,1318637,123828156277,257154813958
20889601,8192,10099176,1310004,124079212741,252390223002
20897793,8192,10107391,1287441,124064006649,247013597993
20905985,8192,10115611,1238107,123942336536,249585495697
20914177,8192,10123834,1270972,123967807271,243139984162
20922369,8192,10132052,1338406,123619826798,237010807039
20930561,8192,10140274,1350373,123791381394,234978152660
20938753,8192,10148494,1314243,123637017493,247616967790
20946945,8192,10156745,1392627,123714739565,233616034827
20955137,8192,10165009,1283356,123904730600,264587782236
20963329,8192,10173259,1250992,123804630771,252022545079
20971521,8192,10181499,1396954,123899780038,239532272169
20979713,8192,10189737,1351704,123744674033,248876862183
20987905,8192,10197972,1408688,123937607291,241632110590
20996097,8192,10206206,1502921,123906819311,233726436698
21004289,8192,10214429,1419302,123927641555,259329035270
21005282,993,10223616,159274,15045217504,34244276979
