Aug 18 17:00:12 nimbus-eth1-mainnet-long-benchmark[2898600]: >>> starting cloneOrFetchBenchmarksRepo
Aug 18 17:00:12 nimbus-eth1-mainnet-long-benchmark[2898600]: >>> Fetching latest changes for nimbus-eth1-benchmarks...
Aug 18 17:00:13 nimbus-eth1-mainnet-long-benchmark[2898647]: HEAD is now at e0ad26a chore: update long benchmark Readme
Aug 18 17:00:14 nimbus-eth1-mainnet-long-benchmark[2898600]: <<< ending cloneOrFetchBenchmarksRepo (success)
Aug 18 17:00:14 nimbus-eth1-mainnet-long-benchmark[2898600]: >>> starting cloneOrFetchNimbusRepo
Aug 18 17:00:22 nimbus-eth1-mainnet-long-benchmark[2898600]: >>> Fetching latest changes for nimbus-eth1...
Aug 18 17:00:24 nimbus-eth1-mainnet-long-benchmark[2898978]: From https://github.com/status-im/nimbus-eth1
Aug 18 17:00:24 nimbus-eth1-mainnet-long-benchmark[2898978]:    618b0e548..16596a93a  master                 -> origin/master
Aug 18 17:00:24 nimbus-eth1-mainnet-long-benchmark[2898978]:  * [new branch]          bal-feasibility-checks -> origin/bal-feasibility-checks
Aug 18 17:00:24 nimbus-eth1-mainnet-long-benchmark[2898978]:  * [new branch]          dependabot/submodules/vendor/nim-chronos-ebb6468 -> origin/dependabot/submodules/vendor/nim-chronos-ebb6468
Aug 18 17:00:24 nimbus-eth1-mainnet-long-benchmark[2898978]:  * [new branch]          dependabot/submodules/vendor/nim-ssz-serialization-c982f6c -> origin/dependabot/submodules/vendor/nim-ssz-serialization-c982f6c
Aug 18 17:00:24 nimbus-eth1-mainnet-long-benchmark[2898978]:  * [new branch]          dependabot/submodules/vendor/nim-unittest2-ce88334 -> origin/dependabot/submodules/vendor/nim-unittest2-ce88334
Aug 18 17:00:24 nimbus-eth1-mainnet-long-benchmark[2898978]:  * [new branch]          dependabot/submodules/vendor/nim-web3-2d09b69 -> origin/dependabot/submodules/vendor/nim-web3-2d09b69
Aug 18 17:00:24 nimbus-eth1-mainnet-long-benchmark[2898978]:  + a14e1c607...6267119c0 engine-new-payload-with-witness -> origin/engine-new-payload-with-witness  (forced update)
Aug 18 17:00:24 nimbus-eth1-mainnet-long-benchmark[2898978]:  * [new branch]          fix-fcu-invalid-payload-attributes -> origin/fix-fcu-invalid-payload-attributes
Aug 18 17:00:24 nimbus-eth1-mainnet-long-benchmark[2898978]:    91bd3d248..266020e80  glamsterdam-devnet-8   -> origin/glamsterdam-devnet-8
Aug 18 17:00:24 nimbus-eth1-mainnet-long-benchmark[2898978]:  * [new branch]          paralle-key-merge-lock-free-recursive -> origin/paralle-key-merge-lock-free-recursive
Aug 18 17:00:24 nimbus-eth1-mainnet-long-benchmark[2898978]:  * [new branch]          parallel-key-merge-lock-free -> origin/parallel-key-merge-lock-free
Aug 18 17:00:24 nimbus-eth1-mainnet-long-benchmark[2898978]:  * [new branch]          rlpimport              -> origin/rlpimport
Aug 18 17:00:24 nimbus-eth1-mainnet-long-benchmark[2898978]:  * [new branch]          rm-pcre                -> origin/rm-pcre
Aug 18 17:00:24 nimbus-eth1-mainnet-long-benchmark[2898978]:  * [new branch]          split-build            -> origin/split-build
Aug 18 17:00:24 nimbus-eth1-mainnet-long-benchmark[2898978]:  * [new branch]          ssz-rest               -> origin/ssz-rest
Aug 18 17:00:24 nimbus-eth1-mainnet-long-benchmark[2898978]:    35aeebb57..6b5c9e8eb  wasm-deploy            -> origin/wasm-deploy
Aug 18 17:00:24 nimbus-eth1-mainnet-long-benchmark[2898978]: Fetching submodule vendor/nim-chronos
Aug 18 17:00:24 nimbus-eth1-mainnet-long-benchmark[2898978]: From https://github.com/status-im/nim-chronos
Aug 18 17:00:24 nimbus-eth1-mainnet-long-benchmark[2898978]:  * [new branch]      dev/etan/ae-fddup2 -> origin/dev/etan/ae-fddup2
Aug 18 17:00:24 nimbus-eth1-mainnet-long-benchmark[2898978]:  * [new branch]      emev               -> origin/emev
Aug 18 17:00:24 nimbus-eth1-mainnet-long-benchmark[2898978]:  * [new branch]      fix-nimble         -> origin/fix-nimble
Aug 18 17:00:25 nimbus-eth1-mainnet-long-benchmark[2898978]: Fetching submodule vendor/nim-ssz-serialization
Aug 18 17:00:25 nimbus-eth1-mainnet-long-benchmark[2898978]: From https://github.com/status-im/nim-ssz-serialization
Aug 18 17:00:25 nimbus-eth1-mainnet-long-benchmark[2898978]:  * [new branch]      dev/etan/mp-indexsort -> origin/dev/etan/mp-indexsort
Aug 18 17:00:25 nimbus-eth1-mainnet-long-benchmark[2898978]:    a4cf364..a7a00c8  master                -> origin/master
Aug 18 17:00:25 nimbus-eth1-mainnet-long-benchmark[2898978]: Fetching submodule vendor/nim-taskpools
Aug 18 17:00:26 nimbus-eth1-mainnet-long-benchmark[2898978]: From https://github.com/status-im/nim-taskpools
Aug 18 17:00:26 nimbus-eth1-mainnet-long-benchmark[2898978]:    a0d21ad..279cf19  gc         -> origin/gc
Aug 18 17:00:26 nimbus-eth1-mainnet-long-benchmark[2898978]:    9e8ccc7..7d96007  stable     -> origin/stable
Aug 18 17:00:26 nimbus-eth1-mainnet-long-benchmark[2898978]:  * [new tag]         v0.2.1     -> v0.2.1
Aug 18 17:00:26 nimbus-eth1-mainnet-long-benchmark[2898978]: Fetching submodule vendor/nim-unittest2
Aug 18 17:00:27 nimbus-eth1-mainnet-long-benchmark[2898978]: From https://github.com/status-im/nim-unittest2
Aug 18 17:00:27 nimbus-eth1-mainnet-long-benchmark[2898978]:    6d95117..bef34dc  feature/expected_failures -> origin/feature/expected_failures
Aug 18 17:00:27 nimbus-eth1-mainnet-long-benchmark[2898978]:    83390ae..7a9f511  gh-pages   -> origin/gh-pages
Aug 18 17:00:27 nimbus-eth1-mainnet-long-benchmark[2898978]:    92e1c13..ce88334  master     -> origin/master
Aug 18 17:00:27 nimbus-eth1-mainnet-long-benchmark[2898978]: Fetching submodule vendor/nim-web3
Aug 18 17:00:28 nimbus-eth1-mainnet-long-benchmark[2898978]: From https://github.com/status-im/nim-web3
Aug 18 17:00:28 nimbus-eth1-mainnet-long-benchmark[2898978]:  * [new branch]      feature/checked_exceptions -> origin/feature/checked_exceptions
Aug 18 17:00:28 nimbus-eth1-mainnet-long-benchmark[2898978]:    a062a1f..d0f72ea  master     -> origin/master
Aug 18 17:00:28 nimbus-eth1-mainnet-long-benchmark[2898978]: Fetching submodule vendor/nimbus-build-system
Aug 18 17:00:28 nimbus-eth1-mainnet-long-benchmark[2898978]: From https://github.com/status-im/nimbus-build-system
Aug 18 17:00:28 nimbus-eth1-mainnet-long-benchmark[2898978]:  * [new branch]      rm-pcre    -> origin/rm-pcre
Aug 18 17:00:28 nimbus-eth1-mainnet-long-benchmark[2898978]: Fetching submodule vendor/nimbus-eth2
Aug 18 17:00:30 nimbus-eth1-mainnet-long-benchmark[2898978]: From https://github.com/status-im/nimbus-eth2
Aug 18 17:00:30 nimbus-eth1-mainnet-long-benchmark[2898978]:  * [new branch]          S0s                     -> origin/S0s
Aug 18 17:00:30 nimbus-eth1-mainnet-long-benchmark[2898978]:  * [new branch]          chore-bump-libp2p-216   -> origin/chore-bump-libp2p-216
Aug 18 17:00:30 nimbus-eth1-mainnet-long-benchmark[2898978]:  * [new branch]          dependabot/submodules/unstable/vendor/nim-chronos-ebb6468 -> origin/dependabot/submodules/unstable/vendor/nim-chronos-ebb6468
Aug 18 17:00:30 nimbus-eth1-mainnet-long-benchmark[2898978]:  * [new branch]          dependabot/submodules/unstable/vendor/nim-lsquic-c9acf6a -> origin/dependabot/submodules/unstable/vendor/nim-lsquic-c9acf6a
Aug 18 17:00:30 nimbus-eth1-mainnet-long-benchmark[2898978]:  * [new branch]          dependabot/submodules/unstable/vendor/nim-ssz-serialization-c982f6c -> origin/dependabot/submodules/unstable/vendor/nim-ssz-serialization-c982f6c
Aug 18 17:00:30 nimbus-eth1-mainnet-long-benchmark[2898978]:  * [new branch]          dependabot/submodules/unstable/vendor/nim-web3-2d09b69 -> origin/dependabot/submodules/unstable/vendor/nim-web3-2d09b69
Aug 18 17:00:30 nimbus-eth1-mainnet-long-benchmark[2898978]:    6b20301ce..8b7b28d2c  dev/etan/vc-deprootcache -> origin/dev/etan/vc-deprootcache
Aug 18 17:00:30 nimbus-eth1-mainnet-long-benchmark[2898978]:  * [new branch]          engine-ssz-api          -> origin/engine-ssz-api
Aug 18 17:00:30 nimbus-eth1-mainnet-long-benchmark[2898978]:  + f8e779f77...093b74979 il3                     -> origin/il3  (forced update)
Aug 18 17:00:30 nimbus-eth1-mainnet-long-benchmark[2898978]:  * [new branch]          knj                     -> origin/knj
Aug 18 17:00:30 nimbus-eth1-mainnet-long-benchmark[2898978]:  + bcec625a8...8f5182d04 nim-libp2p-auto-bump-stable -> origin/nim-libp2p-auto-bump-stable  (forced update)
Aug 18 17:00:30 nimbus-eth1-mainnet-long-benchmark[2898978]:  + 6f0d603ea...d456cafa6 nim-libp2p-auto-bump-unstable -> origin/nim-libp2p-auto-bump-unstable  (forced update)
Aug 18 17:00:30 nimbus-eth1-mainnet-long-benchmark[2898978]:  * [new branch]          nim-libp2p-last-working -> origin/nim-libp2p-last-working
Aug 18 17:00:30 nimbus-eth1-mainnet-long-benchmark[2898978]:  * [new branch]          rm-pcre                 -> origin/rm-pcre
Aug 18 17:00:30 nimbus-eth1-mainnet-long-benchmark[2898978]:  * [new branch]          sam/XYn                 -> origin/sam/XYn
Aug 18 17:00:30 nimbus-eth1-mainnet-long-benchmark[2898978]:  + 53a974858...c7241edc1 sfg                     -> origin/sfg  (forced update)
Aug 18 17:00:30 nimbus-eth1-mainnet-long-benchmark[2898978]:  + eb86c90d0...4cdbff350 syncv3                  -> origin/syncv3  (forced update)
Aug 18 17:00:30 nimbus-eth1-mainnet-long-benchmark[2898978]:  * [new branch]          test-identify           -> origin/test-identify
Aug 18 17:00:30 nimbus-eth1-mainnet-long-benchmark[2898978]:    f8d6ca3ad..bb3dda034  testing                 -> origin/testing
Aug 18 17:00:30 nimbus-eth1-mainnet-long-benchmark[2898978]:    2a489eb9a..b93d04df3  unstable                -> origin/unstable
Aug 18 17:00:30 nimbus-eth1-mainnet-long-benchmark[2898978]: fatal: exec 'rev-list': cd to 'vendor/nim-chronos' failed: No such file or directory
Aug 18 17:00:30 nimbus-eth1-mainnet-long-benchmark[2898978]: fatal: exec 'rev-list': cd to 'vendor/nim-secp256k1' failed: No such file or directory
Aug 18 17:00:30 nimbus-eth1-mainnet-long-benchmark[2898978]: fatal: exec 'rev-list': cd to 'vendor/nim-stew' failed: No such file or directory
Aug 18 17:00:30 nimbus-eth1-mainnet-long-benchmark[2898978]: fatal: exec 'rev-list': cd to 'vendor/nim-websock' failed: No such file or directory
Aug 18 17:00:30 nimbus-eth1-mainnet-long-benchmark[2898978]: Fetching submodule vendor/nimbus-eth2/vendor/nim-chronos
Aug 18 17:00:31 nimbus-eth1-mainnet-long-benchmark[2898978]: From https://github.com/status-im/nim-chronos
Aug 18 17:00:31 nimbus-eth1-mainnet-long-benchmark[2898978]:  * [new branch]      dev/etan/ae-fddup2 -> origin/dev/etan/ae-fddup2
Aug 18 17:00:31 nimbus-eth1-mainnet-long-benchmark[2898978]:  * [new branch]      emev               -> origin/emev
Aug 18 17:00:31 nimbus-eth1-mainnet-long-benchmark[2898978]:  * [new branch]      fix-nimble         -> origin/fix-nimble
Aug 18 17:00:31 nimbus-eth1-mainnet-long-benchmark[2898978]: Fetching submodule vendor/nimbus-eth2/vendor/nim-libp2p
Aug 18 17:00:32 nimbus-eth1-mainnet-long-benchmark[2898978]: From https://github.com/vacp2p/nim-libp2p
Aug 18 17:00:32 nimbus-eth1-mainnet-long-benchmark[2898978]:    ec287d80a..13ec88db4  chore/kad/cache-failed-peers -> origin/chore/kad/cache-failed-peers
Aug 18 17:00:32 nimbus-eth1-mainnet-long-benchmark[2898978]:  * [new branch]          dst/v23-admission-diag2 -> origin/dst/v23-admission-diag2
Aug 18 17:00:32 nimbus-eth1-mainnet-long-benchmark[2898978]:  * [new branch]          dst/v23-admit-on-cold-start-d7ba9db -> origin/dst/v23-admit-on-cold-start-d7ba9db
Aug 18 17:00:32 nimbus-eth1-mainnet-long-benchmark[2898978]:  * [new branch]          feat/addr-mgr/consumers -> origin/feat/addr-mgr/consumers
Aug 18 17:00:32 nimbus-eth1-mainnet-long-benchmark[2898978]:  * [new branch]          fix/autonatv2-require-addr-idx -> origin/fix/autonatv2-require-addr-idx
Aug 18 17:00:32 nimbus-eth1-mainnet-long-benchmark[2898978]:  * [new branch]          fix/ci/autotls-segfault -> origin/fix/ci/autotls-segfault
Aug 18 17:00:32 nimbus-eth1-mainnet-long-benchmark[2898978]:  * [new branch]          fix/ipaddr/compare-ip6  -> origin/fix/ipaddr/compare-ip6
Aug 18 17:00:32 nimbus-eth1-mainnet-long-benchmark[2898978]:  * [new branch]          fix/kad/find-node-double-hashing -> origin/fix/kad/find-node-double-hashing
Aug 18 17:00:32 nimbus-eth1-mainnet-long-benchmark[2898978]:    f149a95ea..0ea1fa11a  gh-pages                -> origin/gh-pages
Aug 18 17:00:32 nimbus-eth1-mainnet-long-benchmark[2898978]:  * [new branch]          gh-readonly-queue/master/pr-2960-3b2410ea9dd78035ef1f57883088d611c6431f8d -> origin/gh-readonly-queue/master/pr-2960-3b2410ea9dd78035ef1f57883088d611c6431f8d
Aug 18 17:00:32 nimbus-eth1-mainnet-long-benchmark[2898978]:    3e0ab20c1..3b2410ea9  master                  -> origin/master
Aug 18 17:00:32 nimbus-eth1-mainnet-long-benchmark[2898978]:  * [new branch]          nix-deps-lint           -> origin/nix-deps-lint
Aug 18 17:00:32 nimbus-eth1-mainnet-long-benchmark[2898978]:    a81b0edb3..7d779190d  release/v2.1            -> origin/release/v2.1
Aug 18 17:00:32 nimbus-eth1-mainnet-long-benchmark[2898978]:    0e763288c..95d3925db  release/v2.2            -> origin/release/v2.2
Aug 18 17:00:32 nimbus-eth1-mainnet-long-benchmark[2898978]:    0eb435f84..446a53a89  release/v2.3            -> origin/release/v2.3
Aug 18 17:00:32 nimbus-eth1-mainnet-long-benchmark[2898978]:  * [new branch]          test-autotls-6          -> origin/test-autotls-6
Aug 18 17:00:32 nimbus-eth1-mainnet-long-benchmark[2898978]:  * [new branch]          test-autotls-7          -> origin/test-autotls-7
Aug 18 17:00:32 nimbus-eth1-mainnet-long-benchmark[2898978]:    9e2906ede..c6fcac4b7  unittest3               -> origin/unittest3
Aug 18 17:00:32 nimbus-eth1-mainnet-long-benchmark[2898978]:  * [new tag]             v2.1.6                  -> v2.1.6
Aug 18 17:00:32 nimbus-eth1-mainnet-long-benchmark[2898978]:  * [new tag]             v2.2.1                  -> v2.2.1
Aug 18 17:00:32 nimbus-eth1-mainnet-long-benchmark[2898978]: Fetching submodule vendor/nimbus-eth2/vendor/nim-secp256k1
Aug 18 17:00:33 nimbus-eth1-mainnet-long-benchmark[2898978]: Fetching submodule vendor/nimbus-eth2/vendor/nim-ssz-serialization
Aug 18 17:00:34 nimbus-eth1-mainnet-long-benchmark[2898978]: From https://github.com/status-im/nim-ssz-serialization
Aug 18 17:00:34 nimbus-eth1-mainnet-long-benchmark[2898978]:  * [new branch]      dev/etan/mp-indexsort -> origin/dev/etan/mp-indexsort
Aug 18 17:00:34 nimbus-eth1-mainnet-long-benchmark[2898978]:    cda2086..a7a00c8  master                -> origin/master
Aug 18 17:00:34 nimbus-eth1-mainnet-long-benchmark[2898978]: Fetching submodule vendor/nimbus-eth2/vendor/nim-stew
Aug 18 17:00:34 nimbus-eth1-mainnet-long-benchmark[2898978]: Fetching submodule vendor/nimbus-eth2/vendor/nim-taskpools
Aug 18 17:00:35 nimbus-eth1-mainnet-long-benchmark[2898978]: From https://github.com/status-im/nim-taskpools
Aug 18 17:00:35 nimbus-eth1-mainnet-long-benchmark[2898978]:    a0d21ad..279cf19  gc         -> origin/gc
Aug 18 17:00:35 nimbus-eth1-mainnet-long-benchmark[2898978]:    4acdc6e..7d96007  stable     -> origin/stable
Aug 18 17:00:35 nimbus-eth1-mainnet-long-benchmark[2898978]:  * [new tag]         v0.2.1     -> v0.2.1
Aug 18 17:00:35 nimbus-eth1-mainnet-long-benchmark[2898978]: Fetching submodule vendor/nimbus-eth2/vendor/nim-web3
Aug 18 17:00:36 nimbus-eth1-mainnet-long-benchmark[2898978]: From https://github.com/status-im/nim-web3
Aug 18 17:00:36 nimbus-eth1-mainnet-long-benchmark[2898978]:  + 85f3158...bb6e93f eip-8070    -> origin/eip-8070  (forced update)
Aug 18 17:00:36 nimbus-eth1-mainnet-long-benchmark[2898978]:  * [new branch]      engine-new-payload-with-witness -> origin/engine-new-payload-with-witness
Aug 18 17:00:36 nimbus-eth1-mainnet-long-benchmark[2898978]:  * [new branch]      feature/checked_exceptions -> origin/feature/checked_exceptions
Aug 18 17:00:36 nimbus-eth1-mainnet-long-benchmark[2898978]:    d6344be..69dfc40  focil       -> origin/focil
Aug 18 17:00:36 nimbus-eth1-mainnet-long-benchmark[2898978]:    a062a1f..d0f72ea  master      -> origin/master
Aug 18 17:00:36 nimbus-eth1-mainnet-long-benchmark[2898978]:    dfdb84f..e733787  simulate-v1 -> origin/simulate-v1
Aug 18 17:00:36 nimbus-eth1-mainnet-long-benchmark[2898978]: Fetching submodule vendor/nimbus-eth2/vendor/nim-websock
Aug 18 17:00:37 nimbus-eth1-mainnet-long-benchmark[2898978]: From https://github.com/status-im/nim-websock
Aug 18 17:00:37 nimbus-eth1-mainnet-long-benchmark[2898978]:    7f6cce1212..133cd9e4a4  gh-pages   -> origin/gh-pages
Aug 18 17:00:37 nimbus-eth1-mainnet-long-benchmark[2898978]:    0432dc445c..e31aa6bd9b  main       -> origin/main
Aug 18 17:00:38 nimbus-eth1-mainnet-long-benchmark[2898978]: Fetching submodule vendor/nimbus-eth2/vendor/nimbus-build-system
Aug 18 17:00:38 nimbus-eth1-mainnet-long-benchmark[2898978]: From https://github.com/status-im/nimbus-build-system
Aug 18 17:00:38 nimbus-eth1-mainnet-long-benchmark[2898978]:  * [new branch]      rm-pcre    -> origin/rm-pcre
Aug 18 17:00:39 nimbus-eth1-mainnet-long-benchmark[2898978]: From https://github.com/status-im/nimbus-eth2
Aug 18 17:00:39 nimbus-eth1-mainnet-long-benchmark[2898978]:  * branch                e49dfa29f5a6852f4b357e26965cf7f563ee7248 -> FETCH_HEAD
Aug 18 17:00:39 nimbus-eth1-mainnet-long-benchmark[2899212]: warning: unable to rmdir 'vendor/libtommath': Directory not empty
Aug 18 17:00:39 nimbus-eth1-mainnet-long-benchmark[2899212]: HEAD is now at 16596a93a make release nightly use the existing release pathway for better testing (#4632)
Aug 18 17:00:39 nimbus-eth1-mainnet-long-benchmark[2898600]: >>> Found last benchmarked commit: abf3d3bd
Aug 18 17:00:39 nimbus-eth1-mainnet-long-benchmark[2898600]: >>> Using next commit: 8d3b8eea96399cc9229f0cff3e461ee2a2aaaa26
Aug 18 17:00:39 nimbus-eth1-mainnet-long-benchmark[2899228]: HEAD is now at 8d3b8eea9 Portal: Fixes for historyTraceGetContent for glados compatibility (#3702)
Aug 18 17:00:39 nimbus-eth1-mainnet-long-benchmark[2898600]: >>> Current commit: 8d3b8eea9
Aug 18 17:00:39 nimbus-eth1-mainnet-long-benchmark[2898600]: <<< ending cloneOrFetchNimbusRepo (success)
Aug 18 17:00:39 nimbus-eth1-mainnet-long-benchmark[2898600]: >>> starting buildBinaries
Aug 18 17:00:39 nimbus-eth1-mainnet-long-benchmark[2898600]: >>> Building binaries for commit 8d3b8eea...
Aug 18 17:00:54 nimbus-eth1-mainnet-long-benchmark[2904320]: Building: Nim compiler
Aug 18 17:02:15 nimbus-eth1-mainnet-long-benchmark[2913248]: Building: install/usr/lib/libbacktrace.a
Aug 18 17:02:15 nimbus-eth1-mainnet-long-benchmark[2913295]: cp: cannot stat '/data/status-im/nimbus-eth1/build/*': No such file or directory
Aug 18 17:02:15 nimbus-eth1-mainnet-long-benchmark[2913223]: ROCKSDB VERSION NOT FOUND
Aug 18 17:02:15 nimbus-eth1-mainnet-long-benchmark[2913421]: make[1]: Entering directory '/data/status-im/nimbus-eth1/vendor/nim-rocksdb/vendor/rocksdb'
Aug 18 17:02:15 nimbus-eth1-mainnet-long-benchmark[2913421]: $DEBUG_LEVEL is 0, $LIB_MODE is static
Aug 18 17:02:16 nimbus-eth1-mainnet-long-benchmark[2913421]: make[1]: Leaving directory '/data/status-im/nimbus-eth1/vendor/nim-rocksdb/vendor/rocksdb'
Aug 18 17:02:16 nimbus-eth1-mainnet-long-benchmark[2914525]: Cleaning up RocksDb build artifacts.
Aug 18 17:02:17 nimbus-eth1-mainnet-long-benchmark[2915213]: /bin/sh: 1: javac: not found
Aug 18 17:02:17 nimbus-eth1-mainnet-long-benchmark[2913299]: Building RocksDb static libraries.
Aug 18 17:02:19 nimbus-eth1-mainnet-long-benchmark[2917018]: Building: install/usr/lib/libbacktracenim.a
Aug 18 17:05:16 nimbus-eth1-mainnet-long-benchmark[2919619]: Building: build/nimbus_execution_client
Aug 18 17:09:06 nimbus-eth1-mainnet-long-benchmark[2898600]: >>> renaming binaries to match commit they were built from
Aug 18 17:09:06 nimbus-eth1-mainnet-long-benchmark[2898600]: >>> creating a symbolic link to the latest version
Aug 18 17:09:06 nimbus-eth1-mainnet-long-benchmark[2898600]: >>> deleting copies that are older than N days
Aug 18 17:09:06 nimbus-eth1-mainnet-long-benchmark[2898600]: <<< ending buildBinaries (success)
Aug 18 17:09:06 nimbus-eth1-mainnet-long-benchmark[2898600]: >>> starting skipOrContinueBenchmark
Aug 18 17:09:06 nimbus-eth1-mainnet-long-benchmark[2898600]: <<< ending skipOrContinueBenchmark (success)
Aug 18 17:09:06 nimbus-eth1-mainnet-long-benchmark[2898600]: >>> starting startNimbusWithImport
Aug 18 17:09:06 nimbus-eth1-mainnet-long-benchmark[2924939]: INF 2026-08-18 17:09:06.237+00:00 Launching execution client                 version=v0.2.0-8d3b8eea conf="(configFile: none(InputFile), dataDirFlag: some(/data/status-im/nimbus-eth1/data/shared_mainnet_0), era1DirFlag: some(/data/era1), eraDirFlag: some(/data/era), keyStoreDirFlag: none(OutDir), importKey: , trustedSetupFile: none(string), extraData: nimbus-eth1/v0.2.0-8d3b8eea, gasLimit: 45000000, network: [mainnet], customNetwork: none(NetworkParams), networkId: 1, networkParams: (config: ..., genesis: (nonce: 0x0000000000000042, timestamp: 0, extraData: [17, 187, 232, 219, 78, 52, 123, 78, 140, 147, 124, 28, 131, 112, 228, 181, 237, 51, 173, 179, 219, 105, 203, 219, 122, 56, 225, 229, 11, 27, 130, 250], gasLimit: 5000, difficulty: 17179869184, mixHash: 0x0000000000000000000000000000000000000000000000000000000000000000, coinbase: 0x0000000000000000000000000000000000000000, alloc: 8893, number: 0, gasUser: 0, parentHash: 0x0000000000000000000000000000000000000000000000000000000000000000, baseFeePerGas: none(), blobGasUsed: -1, excessBlobGas: -1, parentBeaconBlockRoot: none())), logLevel: INFO, logStdout: auto, logMetricsEnabled: false, logMetricsInterval: 10, metricsEnabled: false, metricsPort: 9093, metricsAddress: 127.0.0.1, bootstrapNodes: [], bootstrapFile: , staticPeers: [], staticPeersFile: , reconnectMaxRetry: 0, reconnectInterval: 15, listenAddress: ::, tcpPort: 30303, udpPort: 0, maxPeers: 25, nat: (hasExtIp: false, nat: NatAny), discovery: [V4, V5], netKey: random, agentString: nimbus-eth1/v0.2.0-8d3b8eea/linux-amd64/Nim-2.2.4, numThreads: 0, persistBatchSize: 4, rocksdbMaxOpenFiles: 2048, rocksdbWriteBufferSize: 67108864, rocksdbRowCacheSize: 0, rocksdbBlockCacheSize: 2147483648, rdbVtxCacheSize: 536870912, rdbKeyCacheSize: 1342177280, rdbBranchCacheSize: 1073741824, rdbPrintStats: false, rewriteDatadirId: true, eagerStateRootCheck: false, statelessProviderEnabled: false, statelessWitnessValidation: false, cmd: import, maxBlocks: 18446744073709551615, chunkSize: 8192, csvStats: some("/data/host-benchmarks/long/43b06191b34343dbb4c290d2ecfab6f7/blocks-import-benchmark.csv"), fullValidation: false, noValidation: true, storeBodies: false, storeReceipts: false, storeSlotHashes: false)"
Aug 18 17:09:06 nimbus-eth1-mainnet-long-benchmark[2924939]: INF 2026-08-18 17:09:06.377+00:00 Writing data dir ID                        ID=0x0a036d6f6dfe59156bb6359f0243c93d5a421ed688de5aa85a62d15dca8dbd5c
Aug 18 17:09:06 nimbus-eth1-mainnet-long-benchmark[2924939]: INF 2026-08-18 17:09:06.381+00:00 Threadpool started                         numThreads=16
Aug 18 17:09:06 nimbus-eth1-mainnet-long-benchmark[2924939]: INF 2026-08-18 17:09:06.413+00:00 Writing genesis to DB                      blockHash=0xd4e56740f876aef8c010b86a40d5f56745a118d0906a34e69aec8c0db1cb8fa3 stateRoot=0xd7f8974fb5ac78d9ac099b9ad5018bedc2ce0a72dad1827a1709da30580f0544 difficulty=17179869184 gasLimit=5000 timestamp=0 nonce=0x0000000000000042
Aug 18 17:09:06 nimbus-eth1-mainnet-long-benchmark[2924939]: INF 2026-08-18 17:09:06.477+00:00 Database initialized                       base="(0xd4e56740f876aef8c010b86a40d5f56745a118d0906a34e69aec8c0db1cb8fa3, 0)" finalized="(0xd4e56740f876aef8c010b86a40d5f56745a118d0906a34e69aec8c0db1cb8fa3, 0)" head="(0xd4e56740f876aef8c010b86a40d5f56745a118d0906a34e69aec8c0db1cb8fa3, 0)"
Aug 18 17:09:06 nimbus-eth1-mainnet-long-benchmark[2924939]: NTC 2026-08-18 17:09:06.485+00:00 Importing era1 archive                     start=1 dataDir=/data/status-im/nimbus-eth1/data/shared_mainnet_0 era1Dir=/data/era1
Aug 18 17:09:06 nimbus-eth1-mainnet-long-benchmark[2924939]: INF 2026-08-18 17:09:06.721+00:00 Imported blocks                            blockNumber=8193 slot=1 blocks=8192 txs=0 mgas=0.000 bps=33975 tps=0.000 mgps=0.000 avgBps=33975 avgTps=0.000 avgMGps=0.000 elapsed=241ms111us588ns
Aug 18 17:09:06 nimbus-eth1-mainnet-long-benchmark[2924939]: INF 2026-08-18 17:09:06.953+00:00 Imported blocks                            blockNumber=16385 slot=1 blocks=16384 txs=0 mgas=0.000 bps=35384 tps=0.000 mgps=0.000 avgBps=34665 avgTps=0.000 avgMGps=0.000 elapsed=472ms626us601ns
Aug 18 17:09:07 nimbus-eth1-mainnet-long-benchmark[2924939]: INF 2026-08-18 17:09:07.181+00:00 Imported blocks                            blockNumber=24577 slot=1 blocks=24576 txs=0 mgas=0.000 bps=35674 tps=0.000 mgps=0.000 avgBps=34995 avgTps=0.000 avgMGps=0.000 elapsed=702ms258us19ns
Aug 18 17:09:07 nimbus-eth1-mainnet-long-benchmark[2924939]: INF 2026-08-18 17:09:07.413+00:00 Imported blocks                            blockNumber=32769 slot=1 blocks=32768 txs=0 mgas=0.000 bps=35568 tps=0.000 mgps=0.000 avgBps=35137 avgTps=0.000 avgMGps=0.000 elapsed=932ms576us790ns
Aug 18 17:09:07 nimbus-eth1-mainnet-long-benchmark[2924939]: INF 2026-08-18 17:09:07.645+00:00 Imported blocks                            blockNumber=40961 slot=1 blocks=40960 txs=0 mgas=0.000 bps=35327 tps=0.000 mgps=0.000 avgBps=35174 avgTps=0.000 avgMGps=0.000 elapsed=1s164ms464us
Aug 18 17:09:07 nimbus-eth1-mainnet-long-benchmark[2924939]: INF 2026-08-18 17:09:07.941+00:00 Imported blocks                            blockNumber=49153 slot=1 blocks=49152 txs=1514 mgas=33.07 bps=27366 tps=5057 mgps=110.5 avgBps=33578 avgTps=1034 avgMGps=22.59 elapsed=1s463ms810us
Aug 18 17:09:08 nimbus-eth1-mainnet-long-benchmark[2924939]: INF 2026-08-18 17:09:08.369+00:00 Imported blocks                            blockNumber=57345 slot=1 blocks=57344 txs=5430 mgas=440.9 bps=19215 tps=9185 mgps=956.6 avgBps=30338 avgTps=2872 avgMGps=233.3 elapsed=1s890ms140us
Aug 18 17:09:08 nimbus-eth1-mainnet-long-benchmark[2924939]: INF 2026-08-18 17:09:08.721+00:00 Imported blocks                            blockNumber=65537 slot=1 blocks=65536 txs=8106 mgas=530.9 bps=23258 tps=7597 mgps=255.6 avgBps=29226 avgTps=3614 avgMGps=236.8 elapsed=2s242ms352us
Aug 18 17:09:09 nimbus-eth1-mainnet-long-benchmark[2924939]: INF 2026-08-18 17:09:09.141+00:00 Imported blocks                            blockNumber=73729 slot=1 blocks=73728 txs=13927 mgas=728.7 bps=19468 tps=13833 mgps=470.0 avgBps=27684 avgTps=5229 avgMGps=273.6 elapsed=2s663ms135us
Aug 18 17:09:09 nimbus-eth1-mainnet-long-benchmark[2924939]: INF 2026-08-18 17:09:09.529+00:00 Imported blocks                            blockNumber=81921 slot=1 blocks=81920 txs=18131 mgas=860.0 bps=21133 tps=10845 mgps=338.7 avgBps=26852 avgTps=5943 avgMGps=281.9 elapsed=3s50ms768us
Aug 18 17:09:09 nimbus-eth1-mainnet-long-benchmark[2924939]: INF 2026-08-18 17:09:09.917+00:00 Imported blocks                            blockNumber=90113 slot=1 blocks=90112 txs=22720 mgas=972.2 bps=21056 tps=11795 mgps=288.6 avgBps=26196 avgTps=6604 avgMGps=282.6 elapsed=3s439ms824us
Aug 18 17:09:10 nimbus-eth1-mainnet-long-benchmark[2924939]: INF 2026-08-18 17:09:10.273+00:00 Imported blocks                            blockNumber=98305 slot=1 blocks=98304 txs=26047 mgas=1056 bps=23135 tps=9395 mgps=239.1 avgBps=25910 avgTps=6865 avgMGps=278.6 elapsed=3s793ms916us
Aug 18 17:09:10 nimbus-eth1-mainnet-long-benchmark[2924939]: INF 2026-08-18 17:09:10.645+00:00 Imported blocks                            blockNumber=106497 slot=1 blocks=106496 txs=30215 mgas=1162 bps=22053 tps=11220 mgps=284.0 avgBps=25567 avgTps=7253 avgMGps=279.1 elapsed=4s165ms369us
Aug 18 17:09:11 nimbus-eth1-mainnet-long-benchmark[2924939]: INF 2026-08-18 17:09:11.013+00:00 Imported blocks                            blockNumber=114689 slot=1 blocks=114688 txs=34462 mgas=1281 bps=22232 tps=11526 mgps=323.5 avgBps=25296 avgTps=7601 avgMGps=282.7 elapsed=4s533ms833us
Aug 18 17:09:11 nimbus-eth1-mainnet-long-benchmark[2924939]: INF 2026-08-18 17:09:11.421+00:00 Imported blocks                            blockNumber=122881 slot=1 blocks=122880 txs=40516 mgas=1445 bps=20002 tps=14782 mgps=400.3 avgBps=24857 avgTps=8196 avgMGps=292.4 elapsed=4s943ms378us
Aug 18 17:09:11 nimbus-eth1-mainnet-long-benchmark[2924939]: INF 2026-08-18 17:09:11.793+00:00 Imported blocks                            blockNumber=131073 slot=1 blocks=131072 txs=46368 mgas=1592 bps=22109 tps=15794 mgps=398.0 avgBps=24665 avgTps=8725 avgMGps=299.8 elapsed=5s313ms893us
Aug 18 17:09:12 nimbus-eth1-mainnet-long-benchmark[2924939]: INF 2026-08-18 17:09:12.185+00:00 Imported blocks                            blockNumber=139265 slot=1 blocks=139264 txs=53046 mgas=1761 bps=20905 tps=17041 mgps=429.8 avgBps=24407 avgTps=9296 avgMGps=308.7 elapsed=5s705ms755us
Aug 18 17:09:12 nimbus-eth1-mainnet-long-benchmark[2924939]: INF 2026-08-18 17:09:12.613+00:00 Imported blocks                            blockNumber=147457 slot=1 blocks=147456 txs=60851 mgas=1951 bps=19189 tps=18282 mgps=446.4 avgBps=24044 avgTps=9922 avgMGps=318.3 elapsed=6s132ms656us
Aug 18 17:09:13 nimbus-eth1-mainnet-long-benchmark[2924939]: INF 2026-08-18 17:09:13.061+00:00 Imported blocks                            blockNumber=155649 slot=1 blocks=155648 txs=69526 mgas=2172 bps=18198 tps=19271 mgps=488.9 avgBps=23644 avgTps=10561 avgMGps=330.0 elapsed=6s582ms798us
Aug 18 17:09:13 nimbus-eth1-mainnet-long-benchmark[2924939]: INF 2026-08-18 17:09:13.485+00:00 Imported blocks                            blockNumber=163841 slot=1 blocks=163840 txs=76781 mgas=2347 bps=19289 tps=17083 mgps=412.1 avgBps=23380 avgTps=10957 avgMGps=334.9 elapsed=7s7ms481us
Aug 18 17:09:13 nimbus-eth1-mainnet-long-benchmark[2924939]: INF 2026-08-18 17:09:13.973+00:00 Imported blocks                            blockNumber=172033 slot=1 blocks=172032 txs=86896 mgas=2589 bps=16808 tps=20754 mgps=497.2 avgBps=22953 avgTps=11594 avgMGps=345.5 elapsed=7s494ms851us
Aug 18 17:09:14 nimbus-eth1-mainnet-long-benchmark[2924939]: INF 2026-08-18 17:09:14.509+00:00 Imported blocks                            blockNumber=180225 slot=1 blocks=180224 txs=98925 mgas=2908 bps=15290 tps=22452 mgps=596.2 avgBps=22442 avgTps=12318 avgMGps=362.2 elapsed=8s30ms607us
Aug 18 17:09:15 nimbus-eth1-mainnet-long-benchmark[2924939]: INF 2026-08-18 17:09:15.017+00:00 Imported blocks                            blockNumber=188417 slot=1 blocks=188416 txs=109418 mgas=3216 bps=16156 tps=20694 mgps=607.3 avgBps=22068 avgTps=12815 avgMGps=376.8 elapsed=8s537ms649us
Aug 18 17:09:15 nimbus-eth1-mainnet-long-benchmark[2924939]: INF 2026-08-18 17:09:15.489+00:00 Imported blocks                            blockNumber=196609 slot=1 blocks=196608 txs=117906 mgas=3442 bps=17400 tps=18029 mgps=480.0 avgBps=21824 avgTps=13088 avgMGps=382.2 elapsed=9s8ms439us
Aug 18 17:09:15 nimbus-eth1-mainnet-long-benchmark[2924939]: INF 2026-08-18 17:09:15.973+00:00 Imported blocks                            blockNumber=204801 slot=1 blocks=204800 txs=127337 mgas=3727 bps=16902 tps=19458 mgps=587.0 avgBps=21573 avgTps=13413 avgMGps=392.6 elapsed=9s493ms109us
Aug 18 17:09:16 nimbus-eth1-mainnet-long-benchmark[2924939]: INF 2026-08-18 17:09:16.457+00:00 Imported blocks                            blockNumber=212993 slot=1 blocks=212992 txs=136769 mgas=3996 bps=16933 tps=19496 mgps=556.1 avgBps=21348 avgTps=13708 avgMGps=400.6 elapsed=9s976ms885us
Aug 18 17:09:16 nimbus-eth1-mainnet-long-benchmark[2924939]: INF 2026-08-18 17:09:16.945+00:00 Imported blocks                            blockNumber=221185 slot=1 blocks=221184 txs=146514 mgas=4249 bps=16808 tps=19994 mgps=519.1 avgBps=21137 avgTps=14001 avgMGps=406.1 elapsed=10s464ms265us
Aug 18 17:09:17 nimbus-eth1-mainnet-long-benchmark[2924939]: INF 2026-08-18 17:09:17.429+00:00 Imported blocks                            blockNumber=229377 slot=1 blocks=229376 txs=155987 mgas=4552 bps=16910 tps=19555 mgps=626.0 avgBps=20950 avgTps=14247 avgMGps=415.8 elapsed=10s948ms688us
Aug 18 17:09:17 nimbus-eth1-mainnet-long-benchmark[2924939]: INF 2026-08-18 17:09:17.925+00:00 Imported blocks                            blockNumber=237569 slot=1 blocks=237568 txs=165739 mgas=4839 bps=16521 tps=19668 mgps=579.5 avgBps=20758 avgTps=14481 avgMGps=422.9 elapsed=11s444ms513us
Aug 18 17:09:18 nimbus-eth1-mainnet-long-benchmark[2924939]: INF 2026-08-18 17:09:18.421+00:00 Imported blocks                            blockNumber=245761 slot=1 blocks=245760 txs=174914 mgas=5076 bps=16473 tps=18450 mgps=476.8 avgBps=20579 avgTps=14647 avgMGps=425.1 elapsed=11s941ms790us
Aug 18 17:09:18 nimbus-eth1-mainnet-long-benchmark[2924939]: INF 2026-08-18 17:09:18.933+00:00 Imported blocks                            blockNumber=253953 slot=1 blocks=253952 txs=184139 mgas=5376 bps=16039 tps=18061 mgps=587.1 avgBps=20393 avgTps=14787 avgMGps=431.8 elapsed=12s452ms535us
Aug 18 17:09:19 nimbus-eth1-mainnet-long-benchmark[2924939]: INF 2026-08-18 17:09:19.417+00:00 Imported blocks                            blockNumber=262145 slot=1 blocks=262144 txs=192639 mgas=5614 bps=16866 tps=17500 mgps=489.9 avgBps=20261 avgTps=14889 avgMGps=434.0 elapsed=12s938ms228us
Aug 18 17:09:19 nimbus-eth1-mainnet-long-benchmark[2924939]: INF 2026-08-18 17:09:19.961+00:00 Imported blocks                            blockNumber=270337 slot=1 blocks=270336 txs=203712 mgas=5975 bps=15045 tps=20336 mgps=661.9 avgBps=20050 avgTps=15109 avgMGps=443.2 elapsed=13s482ms726us
Aug 18 17:09:20 nimbus-eth1-mainnet-long-benchmark[2924939]: INF 2026-08-18 17:09:20.513+00:00 Imported blocks                            blockNumber=278529 slot=1 blocks=278528 txs=214956 mgas=6309 bps=14887 tps=20433 mgps=606.8 avgBps=19848 avgTps=15317 avgMGps=449.6 elapsed=14s32ms988us
Aug 18 17:09:21 nimbus-eth1-mainnet-long-benchmark[2924939]: INF 2026-08-18 17:09:21.029+00:00 Imported blocks                            blockNumber=286721 slot=1 blocks=286720 txs=224900 mgas=6597 bps=15907 tps=19309 mgps=559.7 avgBps=19708 avgTps=15459 avgMGps=453.5 elapsed=14s547ms958us
Aug 18 17:09:21 nimbus-eth1-mainnet-long-benchmark[2924939]: INF 2026-08-18 17:09:21.525+00:00 Imported blocks                            blockNumber=294913 slot=1 blocks=294912 txs=234452 mgas=6870 bps=16480 tps=19216 mgps=549.1 avgBps=19601 avgTps=15583 avgMGps=456.7 elapsed=15s45ms43us
Aug 18 17:09:22 nimbus-eth1-mainnet-long-benchmark[2924939]: INF 2026-08-18 17:09:22.037+00:00 Imported blocks                            blockNumber=303105 slot=1 blocks=303104 txs=245016 mgas=7148 bps=15996 tps=20628 mgps=544.1 avgBps=19483 avgTps=15749 avgMGps=459.5 elapsed=15s557ms159us
Aug 18 17:09:22 nimbus-eth1-mainnet-long-benchmark[2924939]: INF 2026-08-18 17:09:22.553+00:00 Imported blocks                            blockNumber=311297 slot=1 blocks=311296 txs=254868 mgas=7438 bps=15871 tps=19087 mgps=561.2 avgBps=19367 avgTps=15856 avgMGps=462.8 elapsed=16s73ms300us
Aug 18 17:09:23 nimbus-eth1-mainnet-long-benchmark[2924939]: INF 2026-08-18 17:09:23.081+00:00 Imported blocks                            blockNumber=319489 slot=1 blocks=319488 txs=265640 mgas=7723 bps=15506 tps=20389 mgps=539.5 avgBps=19244 avgTps=16000 avgMGps=465.2 elapsed=16s601ms602us
Aug 18 17:09:23 nimbus-eth1-mainnet-long-benchmark[2924939]: INF 2026-08-18 17:09:23.601+00:00 Imported blocks                            blockNumber=327681 slot=1 blocks=327680 txs=274904 mgas=7987 bps=15744 tps=17804 mgps=506.5 avgBps=19138 avgTps=16055 avgMGps=466.5 elapsed=17s121ms911us
Aug 18 17:09:24 nimbus-eth1-mainnet-long-benchmark[2924939]: INF 2026-08-18 17:09:24.153+00:00 Imported blocks                            blockNumber=335873 slot=1 blocks=335872 txs=285614 mgas=8287 bps=14867 tps=19437 mgps=545.1 avgBps=19004 avgTps=16161 avgMGps=468.9 elapsed=17s672ms896us
Aug 18 17:09:24 nimbus-eth1-mainnet-long-benchmark[2924939]: INF 2026-08-18 17:09:24.701+00:00 Imported blocks                            blockNumber=344065 slot=1 blocks=344064 txs=296061 mgas=8628 bps=14944 tps=19058 mgps=621.3 avgBps=18882 avgTps=16248 avgMGps=473.5 elapsed=18s221ms47us
Aug 18 17:09:25 nimbus-eth1-mainnet-long-benchmark[2924939]: INF 2026-08-18 17:09:25.289+00:00 Imported blocks                            blockNumber=352257 slot=1 blocks=352256 txs=307932 mgas=8995 bps=13913 tps=20162 mgps=624.7 avgBps=18727 avgTps=16370 avgMGps=478.3 elapsed=18s809ms827us
Aug 18 17:09:25 nimbus-eth1-mainnet-long-benchmark[2924939]: INF 2026-08-18 17:09:25.857+00:00 Imported blocks                            blockNumber=360449 slot=1 blocks=360448 txs=318963 mgas=9296 bps=14440 tps=19445 mgps=530.8 avgBps=18601 avgTps=16460 avgMGps=479.8 elapsed=19s377ms116us
Aug 18 17:09:26 nimbus-eth1-mainnet-long-benchmark[2924939]: INF 2026-08-18 17:09:26.405+00:00 Imported blocks                            blockNumber=368641 slot=1 blocks=368640 txs=329139 mgas=9569 bps=14922 tps=18536 mgps=496.0 avgBps=18500 avgTps=16517 avgMGps=480.2 elapsed=19s926ms98us
Aug 18 17:09:26 nimbus-eth1-mainnet-long-benchmark[2924939]: INF 2026-08-18 17:09:26.989+00:00 Imported blocks                            blockNumber=376833 slot=1 blocks=376832 txs=339438 mgas=9896 bps=14065 tps=17683 mgps=561.9 avgBps=18374 avgTps=16551 avgMGps=482.6 elapsed=20s508ms501us
Aug 18 17:09:27 nimbus-eth1-mainnet-long-benchmark[2924939]: INF 2026-08-18 17:09:27.573+00:00 Imported blocks                            blockNumber=385025 slot=1 blocks=385024 txs=351088 mgas=10224 bps=13982 tps=19885 mgps=560.5 avgBps=18252 avgTps=16643 avgMGps=484.7 elapsed=21s94ms359us
Aug 18 17:09:28 nimbus-eth1-mainnet-long-benchmark[2924939]: INF 2026-08-18 17:09:28.177+00:00 Imported blocks                            blockNumber=393217 slot=1 blocks=393216 txs=362005 mgas=10893 bps=13579 tps=18096 mgps=1107 avgBps=18122 avgTps=16684 avgMGps=502.0 elapsed=21s697ms617us
Aug 18 17:09:28 nimbus-eth1-mainnet-long-benchmark[2924939]: INF 2026-08-18 17:09:28.745+00:00 Imported blocks                            blockNumber=401409 slot=1 blocks=401408 txs=372517 mgas=11264 bps=14434 tps=18522 mgps=654.0 avgBps=18028 avgTps=16730 avgMGps=505.9 elapsed=22s265ms154us
Aug 18 17:09:29 nimbus-eth1-mainnet-long-benchmark[2924939]: INF 2026-08-18 17:09:29.325+00:00 Imported blocks                            blockNumber=409601 slot=1 blocks=409600 txs=383846 mgas=11664 bps=14061 tps=19445 mgps=686.6 avgBps=17927 avgTps=16800 avgMGps=510.5 elapsed=22s847ms742us
Aug 18 17:09:29 nimbus-eth1-mainnet-long-benchmark[2924939]: INF 2026-08-18 17:09:29.861+00:00 Imported blocks                            blockNumber=417793 slot=1 blocks=417792 txs=393528 mgas=11963 bps=15313 tps=18099 mgps=559.9 avgBps=17867 avgTps=16829 avgMGps=511.7 elapsed=23s382ms679us
Aug 18 17:09:30 nimbus-eth1-mainnet-long-benchmark[2924939]: INF 2026-08-18 17:09:30.449+00:00 Imported blocks                            blockNumber=425985 slot=1 blocks=425984 txs=403739 mgas=12342 bps=13973 tps=17417 mgps=645.6 avgBps=17772 avgTps=16844 avgMGps=514.9 elapsed=23s968ms934us
Aug 18 17:09:31 nimbus-eth1-mainnet-long-benchmark[2924939]: INF 2026-08-18 17:09:31.045+00:00 Imported blocks                            blockNumber=434177 slot=1 blocks=434176 txs=413862 mgas=12714 bps=13724 tps=16959 mgps=622.8 avgBps=17673 avgTps=16847 avgMGps=517.6 elapsed=24s565ms825us
Aug 18 17:09:31 nimbus-eth1-mainnet-long-benchmark[2924939]: INF 2026-08-18 17:09:31.593+00:00 Imported blocks                            blockNumber=442369 slot=1 blocks=442368 txs=424064 mgas=13012 bps=14984 tps=18661 mgps=545.7 avgBps=17615 avgTps=16886 avgMGps=518.2 elapsed=25s112ms505us
Aug 18 17:09:32 nimbus-eth1-mainnet-long-benchmark[2924939]: INF 2026-08-18 17:09:32.437+00:00 Imported blocks                            blockNumber=450561 slot=1 blocks=450560 txs=434316 mgas=13500 bps=9685 tps=12120 mgps=577.4 avgBps=17357 avgTps=16731 avgMGps=520.1 elapsed=25s958ms316us
Aug 18 17:09:33 nimbus-eth1-mainnet-long-benchmark[2924939]: INF 2026-08-18 17:09:33.037+00:00 Imported blocks                            blockNumber=458753 slot=1 blocks=458752 txs=445986 mgas=13816 bps=13660 tps=19459 mgps=526.5 avgBps=17273 avgTps=16792 avgMGps=520.2 elapsed=26s558ms11us
Aug 18 17:09:33 nimbus-eth1-mainnet-long-benchmark[2924939]: INF 2026-08-18 17:09:33.645+00:00 Imported blocks                            blockNumber=466945 slot=1 blocks=466944 txs=458378 mgas=14222 bps=13466 tps=20370 mgps=666.8 avgBps=17188 avgTps=16873 avgMGps=523.5 elapsed=27s166ms333us
Aug 18 17:09:34 nimbus-eth1-mainnet-long-benchmark[2924939]: INF 2026-08-18 17:09:34.345+00:00 Imported blocks                            blockNumber=475137 slot=1 blocks=475136 txs=469640 mgas=14656 bps=11685 tps=16064 mgps=619.3 avgBps=17049 avgTps=16852 avgMGps=525.9 elapsed=27s867ms377us
Aug 18 17:09:35 nimbus-eth1-mainnet-long-benchmark[2924939]: INF 2026-08-18 17:09:35.165+00:00 Imported blocks                            blockNumber=483329 slot=1 blocks=483328 txs=481525 mgas=15092 bps=10026 tps=14546 mgps=534.2 avgBps=16849 avgTps=16786 avgMGps=526.2 elapsed=28s684ms432us
Aug 18 17:09:35 nimbus-eth1-mainnet-long-benchmark[2924939]: INF 2026-08-18 17:09:35.825+00:00 Imported blocks                            blockNumber=491521 slot=1 blocks=491520 txs=492921 mgas=15417 bps=12414 tps=17270 mgps=491.5 avgBps=16750 avgTps=16797 avgMGps=525.4 elapsed=29s344ms295us
Aug 18 17:09:36 nimbus-eth1-mainnet-long-benchmark[2924939]: INF 2026-08-18 17:09:36.401+00:00 Imported blocks                            blockNumber=499713 slot=1 blocks=499712 txs=504311 mgas=15733 bps=14220 tps=19772 mgps=548.7 avgBps=16701 avgTps=16855 avgMGps=525.8 elapsed=29s920ms350us
Aug 18 17:09:37 nimbus-eth1-mainnet-long-benchmark[2924939]: INF 2026-08-18 17:09:37.305+00:00 Imported blocks                            blockNumber=507905 slot=1 blocks=507904 txs=524145 mgas=16719 bps=9058 tps=21930 mgps=1090 avgBps=16477 avgTps=17004 avgMGps=542.4 elapsed=30s824ms742us
Aug 18 17:09:38 nimbus-eth1-mainnet-long-benchmark[2924939]: INF 2026-08-18 17:09:38.001+00:00 Imported blocks                            blockNumber=516097 slot=1 blocks=516096 txs=538663 mgas=17256 bps=11740 tps=20805 mgps=769.7 avgBps=16372 avgTps=17088 avgMGps=547.4 elapsed=31s522ms526us
Aug 18 17:09:38 nimbus-eth1-mainnet-long-benchmark[2924939]: INF 2026-08-18 17:09:38.789+00:00 Imported blocks                            blockNumber=524289 slot=1 blocks=524288 txs=553027 mgas=17820 bps=10439 tps=18304 mgps=717.8 avgBps=16228 avgTps=17117 avgMGps=551.6 elapsed=32s307ms247us
Aug 18 17:09:39 nimbus-eth1-mainnet-long-benchmark[2924939]: INF 2026-08-18 17:09:39.621+00:00 Imported blocks                            blockNumber=532481 slot=1 blocks=532480 txs=568055 mgas=18461 bps=9812 tps=17999 mgps=768.6 avgBps=16066 avgTps=17139 avgMGps=557.1 elapsed=33s142ms140us
Aug 18 17:09:40 nimbus-eth1-mainnet-long-benchmark[2924939]: INF 2026-08-18 17:09:40.389+00:00 Imported blocks                            blockNumber=540673 slot=1 blocks=540672 txs=579680 mgas=18995 bps=10644 tps=15104 mgps=693.2 avgBps=15943 avgTps=17093 avgMGps=560.1 elapsed=33s911ms773us
Aug 18 17:09:40 nimbus-eth1-mainnet-long-benchmark[2924939]: INF 2026-08-18 17:09:40.985+00:00 Imported blocks                            blockNumber=548865 slot=1 blocks=548864 txs=592014 mgas=19347 bps=13770 tps=20733 mgps=592.7 avgBps=15906 avgTps=17156 avgMGps=560.7 elapsed=34s506ms660us
Aug 18 17:09:41 nimbus-eth1-mainnet-long-benchmark[2924939]: INF 2026-08-18 17:09:41.549+00:00 Imported blocks                            blockNumber=557057 slot=1 blocks=557056 txs=603593 mgas=19634 bps=14542 tps=20555 mgps=508.1 avgBps=15884 avgTps=17211 avgMGps=559.9 elapsed=35s69ms975us
Aug 18 17:09:42 nimbus-eth1-mainnet-long-benchmark[2924939]: INF 2026-08-18 17:09:42.177+00:00 Imported blocks                            blockNumber=565249 slot=1 blocks=565248 txs=616136 mgas=20021 bps=13013 tps=19925 mgps=614.9 avgBps=15833 avgTps=17258 avgMGps=560.8 elapsed=35s699ms476us
Aug 18 17:09:42 nimbus-eth1-mainnet-long-benchmark[2924939]: INF 2026-08-18 17:09:42.821+00:00 Imported blocks                            blockNumber=573441 slot=1 blocks=573440 txs=627898 mgas=20399 bps=12780 tps=18349 mgps=589.6 avgBps=15779 avgTps=17278 avgMGps=561.3 elapsed=36s340ms477us
Aug 18 17:09:43 nimbus-eth1-mainnet-long-benchmark[2924939]: INF 2026-08-18 17:09:43.417+00:00 Imported blocks                            blockNumber=581633 slot=1 blocks=581632 txs=639787 mgas=20728 bps=13720 tps=19912 mgps=551.4 avgBps=15746 avgTps=17320 avgMGps=561.2 elapsed=36s937ms528us
Aug 18 17:09:44 nimbus-eth1-mainnet-long-benchmark[2924939]: INF 2026-08-18 17:09:44.033+00:00 Imported blocks                            blockNumber=589825 slot=1 blocks=589824 txs=652189 mgas=21085 bps=13300 tps=20135 mgps=579.2 avgBps=15706 avgTps=17366 avgMGps=561.5 elapsed=37s553ms445us
Aug 18 17:09:44 nimbus-eth1-mainnet-long-benchmark[2924939]: INF 2026-08-18 17:09:44.633+00:00 Imported blocks                            blockNumber=598017 slot=1 blocks=598016 txs=663743 mgas=21446 bps=13624 tps=19215 mgps=601.5 avgBps=15673 avgTps=17396 avgMGps=562.1 elapsed=38s154ms727us
Aug 18 17:09:45 nimbus-eth1-mainnet-long-benchmark[2924939]: INF 2026-08-18 17:09:45.217+00:00 Imported blocks                            blockNumber=606209 slot=1 blocks=606208 txs=675209 mgas=21733 bps=14021 tps=19625 mgps=490.9 avgBps=15648 avgTps=17429 avgMGps=561.0 elapsed=38s738ms973us
Aug 18 17:09:46 nimbus-eth1-mainnet-long-benchmark[2924939]: INF 2026-08-18 17:09:46.033+00:00 Imported blocks                            blockNumber=614401 slot=1 blocks=614400 txs=686564 mgas=22117 bps=10033 tps=13907 mgps=469.9 avgBps=15532 avgTps=17356 avgMGps=559.1 elapsed=39s555ms453us
Aug 18 17:09:46 nimbus-eth1-mainnet-long-benchmark[2924939]: INF 2026-08-18 17:09:46.673+00:00 Imported blocks                            blockNumber=622593 slot=1 blocks=622592 txs=699507 mgas=22604 bps=12854 tps=20309 mgps=764.6 avgBps=15490 avgTps=17403 avgMGps=562.4 elapsed=40s192ms747us
Aug 18 17:09:47 nimbus-eth1-mainnet-long-benchmark[2924939]: INF 2026-08-18 17:09:47.245+00:00 Imported blocks                            blockNumber=630785 slot=1 blocks=630784 txs=710467 mgas=22974 bps=14330 tps=19172 mgps=647.1 avgBps=15473 avgTps=17428 avgMGps=563.6 elapsed=40s764ms405us
Aug 18 17:09:47 nimbus-eth1-mainnet-long-benchmark[2924939]: INF 2026-08-18 17:09:47.801+00:00 Imported blocks                            blockNumber=638977 slot=1 blocks=638976 txs=721076 mgas=23279 bps=14730 tps=19076 mgps=547.6 avgBps=15463 avgTps=17450 avgMGps=563.4 elapsed=41s320ms532us
Aug 18 17:09:48 nimbus-eth1-mainnet-long-benchmark[2924939]: INF 2026-08-18 17:09:48.393+00:00 Imported blocks                            blockNumber=647169 slot=1 blocks=647168 txs=732967 mgas=23679 bps=13783 tps=20006 mgps=674.5 avgBps=15440 avgTps=17487 avgMGps=565.0 elapsed=41s914ms880us
Aug 18 17:09:49 nimbus-eth1-mainnet-long-benchmark[2924939]: INF 2026-08-18 17:09:49.001+00:00 Imported blocks                            blockNumber=655361 slot=1 blocks=655360 txs=746331 mgas=24102 bps=13496 tps=22017 mgps=696.4 avgBps=15412 avgTps=17551 avgMGps=566.8 elapsed=42s521ms842us
Aug 18 17:09:49 nimbus-eth1-mainnet-long-benchmark[2924939]: INF 2026-08-18 17:09:49.581+00:00 Imported blocks                            blockNumber=663553 slot=1 blocks=663552 txs=757564 mgas=24394 bps=14106 tps=19343 mgps=502.8 avgBps=15394 avgTps=17575 avgMGps=566.0 elapsed=43s102ms569us
Aug 18 17:09:50 nimbus-eth1-mainnet-long-benchmark[2924939]: INF 2026-08-18 17:09:50.161+00:00 Imported blocks                            blockNumber=671745 slot=1 blocks=671744 txs=768871 mgas=24700 bps=14091 tps=19450 mgps=526.9 avgBps=15377 avgTps=17600 avgMGps=565.4 elapsed=43s683ms901us
Aug 18 17:09:50 nimbus-eth1-mainnet-long-benchmark[2924939]: INF 2026-08-18 17:09:50.901+00:00 Imported blocks                            blockNumber=679937 slot=1 blocks=679936 txs=782589 mgas=25181 bps=11099 tps=18586 mgps=650.7 avgBps=15306 avgTps=17617 avgMGps=566.9 elapsed=44s421ms949us
Aug 18 17:09:51 nimbus-eth1-mainnet-long-benchmark[2924939]: INF 2026-08-18 17:09:51.625+00:00 Imported blocks                            blockNumber=688129 slot=1 blocks=688128 txs=794690 mgas=25714 bps=11284 tps=16668 mgps=734.7 avgBps=15241 avgTps=17601 avgMGps=569.6 elapsed=45s147ms924us
Aug 18 17:09:53 nimbus-eth1-mainnet-long-benchmark[2924939]: INF 2026-08-18 17:09:53.981+00:00 Imported blocks                            blockNumber=696321 slot=1 blocks=696320 txs=819387 mgas=28152 bps=3479 tps=10490 mgps=1035 avgBps=14658 avgTps=17249 avgMGps=592.7 elapsed=47s502ms218us
Aug 18 17:09:55 nimbus-eth1-mainnet-long-benchmark[2924939]: INF 2026-08-18 17:09:55.701+00:00 Imported blocks                            blockNumber=704513 slot=1 blocks=704512 txs=843665 mgas=30035 bps=4764 tps=14120 mgps=1095 avgBps=14313 avgTps=17140 avgMGps=610.2 elapsed=49s221ms553us
Aug 18 17:09:56 nimbus-eth1-mainnet-long-benchmark[2924939]: INF 2026-08-18 17:09:56.965+00:00 Imported blocks                            blockNumber=712705 slot=1 blocks=712704 txs=859579 mgas=31088 bps=6478 tps=12585 mgps=833.2 avgBps=14116 avgTps=17026 avgMGps=615.8 elapsed=50s486ms40us
Aug 18 17:09:58 nimbus-eth1-mainnet-long-benchmark[2924939]: INF 2026-08-18 17:09:58.057+00:00 Imported blocks                            blockNumber=720897 slot=1 blocks=720896 txs=874433 mgas=31973 bps=7491 tps=13583 mgps=809.3 avgBps=13976 avgTps=16953 avgMGps=619.9 elapsed=51s579ms535us
Aug 18 17:09:59 nimbus-eth1-mainnet-long-benchmark[2924939]: INF 2026-08-18 17:09:59.301+00:00 Imported blocks                            blockNumber=729089 slot=1 blocks=729088 txs=892466 mgas=33077 bps=6603 tps=14536 mgps=889.4 avgBps=13803 avgTps=16896 avgMGps=626.2 elapsed=52s820ms85us
Aug 18 17:10:01 nimbus-eth1-mainnet-long-benchmark[2924939]: INF 2026-08-18 17:10:01.709+00:00 Imported blocks                            blockNumber=737281 slot=1 blocks=737280 txs=932100 mgas=35490 bps=3399 tps=16445 mgps=1001 avgBps=13349 avgTps=16876 avgMGps=642.6 elapsed=55s230ms136us
Aug 18 17:10:03 nimbus-eth1-mainnet-long-benchmark[2924939]: INF 2026-08-18 17:10:03.181+00:00 Imported blocks                            blockNumber=745473 slot=1 blocks=745472 txs=952352 mgas=36696 bps=5571 tps=13774 mgps=820.1 avgBps=13147 avgTps=16796 avgMGps=647.2 elapsed=56s700ms378us
Aug 18 17:10:04 nimbus-eth1-mainnet-long-benchmark[2924939]: INF 2026-08-18 17:10:04.441+00:00 Imported blocks                            blockNumber=753665 slot=1 blocks=753664 txs=969001 mgas=37610 bps=6502 tps=13216 mgps=725.8 avgBps=13003 avgTps=16718 avgMGps=648.9 elapsed=57s960ms135us
Aug 18 17:10:06 nimbus-eth1-mainnet-long-benchmark[2924939]: INF 2026-08-18 17:10:06.349+00:00 Imported blocks                            blockNumber=761857 slot=1 blocks=761856 txs=998451 mgas=39312 bps=4292 tps=15430 mgps=891.8 avgBps=12725 avgTps=16677 avgMGps=656.6 elapsed=59s868ms710us
Aug 18 17:10:07 nimbus-eth1-mainnet-long-benchmark[2924939]: INF 2026-08-18 17:10:07.888+00:00 Imported blocks                            blockNumber=770049 slot=1 blocks=770048 txs=1018377 mgas=40461 bps=5309 tps=12915 mgps=744.8 avgBps=12539 avgTps=16582 avgMGps=658.9 elapsed=1m1s411ms
Aug 18 17:10:09 nimbus-eth1-mainnet-long-benchmark[2924939]: INF 2026-08-18 17:10:09.708+00:00 Imported blocks                            blockNumber=778241 slot=1 blocks=778240 txs=1045962 mgas=42007 bps=4502 tps=15160 mgps=849.8 avgBps=12307 avgTps=16541 avgMGps=664.4 elapsed=1m3s231ms
Aug 18 17:10:10 nimbus-eth1-mainnet-long-benchmark[2924939]: INF 2026-08-18 17:10:10.624+00:00 Imported blocks                            blockNumber=786433 slot=1 blocks=786432 txs=1059766 mgas=42520 bps=8950 tps=15081 mgps=560.4 avgBps=12259 avgTps=16521 avgMGps=662.9 elapsed=1m4s146ms
Aug 18 17:10:11 nimbus-eth1-mainnet-long-benchmark[2924939]: INF 2026-08-18 17:10:11.632+00:00 Imported blocks                            blockNumber=794625 slot=1 blocks=794624 txs=1074004 mgas=43076 bps=8143 tps=14153 mgps=552.0 avgBps=12196 avgTps=16484 avgMGps=661.2 elapsed=1m5s152ms
Aug 18 17:10:13 nimbus-eth1-mainnet-long-benchmark[2924939]: INF 2026-08-18 17:10:13.048+00:00 Imported blocks                            blockNumber=802817 slot=1 blocks=802816 txs=1094940 mgas=44150 bps=5773 tps=14754 mgps=757.1 avgBps=12059 avgTps=16447 avgMGps=663.2 elapsed=1m6s571ms
Aug 18 17:10:15 nimbus-eth1-mainnet-long-benchmark[2924939]: INF 2026-08-18 17:10:15.344+00:00 Imported blocks                            blockNumber=811009 slot=1 blocks=811008 txs=1128040 mgas=46425 bps=3571 tps=14430 mgps=991.6 avgBps=11776 avgTps=16380 avgMGps=674.1 elapsed=1m8s865ms
Aug 18 17:10:16 nimbus-eth1-mainnet-long-benchmark[2924939]: INF 2026-08-18 17:10:16.768+00:00 Imported blocks                            blockNumber=819201 slot=1 blocks=819200 txs=1149098 mgas=47499 bps=5757 tps=14799 mgps=755.4 avgBps=11654 avgTps=16348 avgMGps=675.8 elapsed=1m10s288ms
Aug 18 17:10:18 nimbus-eth1-mainnet-long-benchmark[2924939]: INF 2026-08-18 17:10:18.076+00:00 Imported blocks                            blockNumber=827393 slot=1 blocks=827392 txs=1167043 mgas=48568 bps=6244 tps=13679 mgps=814.7 avgBps=11555 avgTps=16299 avgMGps=678.3 elapsed=1m11s599ms
Aug 18 17:10:19 nimbus-eth1-mainnet-long-benchmark[2924939]: INF 2026-08-18 17:10:19.204+00:00 Imported blocks                            blockNumber=835585 slot=1 blocks=835584 txs=1184008 mgas=49259 bps=7272 tps=15059 mgps=613.7 avgBps=11489 avgTps=16280 avgMGps=677.3 elapsed=1m12s726ms
Aug 18 17:10:20 nimbus-eth1-mainnet-long-benchmark[2924939]: INF 2026-08-18 17:10:20.772+00:00 Imported blocks                            blockNumber=843777 slot=1 blocks=843776 txs=1208787 mgas=50578 bps=5231 tps=15823 mgps=842.1 avgBps=11357 avgTps=16270 avgMGps=680.8 elapsed=1m14s292ms
Aug 18 17:10:21 nimbus-eth1-mainnet-long-benchmark[2924939]: INF 2026-08-18 17:10:21.952+00:00 Imported blocks                            blockNumber=851969 slot=1 blocks=851968 txs=1226124 mgas=51376 bps=6941 tps=14691 mgps=675.8 avgBps=11288 avgTps=16246 avgMGps=680.7 elapsed=1m15s472ms
Aug 18 17:10:22 nimbus-eth1-mainnet-long-benchmark[2924939]: INF 2026-08-18 17:10:22.836+00:00 Imported blocks                            blockNumber=860161 slot=1 blocks=860160 txs=1242345 mgas=52029 bps=9244 tps=18306 mgps=737.0 avgBps=11264 avgTps=16269 avgMGps=681.4 elapsed=1m16s358ms
Aug 18 17:10:23 nimbus-eth1-mainnet-long-benchmark[2924939]: INF 2026-08-18 17:10:23.680+00:00 Imported blocks                            blockNumber=868353 slot=1 blocks=868352 txs=1259759 mgas=52696 bps=9715 tps=20652 mgps=792.0 avgBps=11247 avgTps=16317 avgMGps=682.6 elapsed=1m17s201ms
Aug 18 17:10:24 nimbus-eth1-mainnet-long-benchmark[2924939]: INF 2026-08-18 17:10:24.692+00:00 Imported blocks                            blockNumber=876545 slot=1 blocks=876544 txs=1280633 mgas=53694 bps=8093 tps=20622 mgps=985.2 avgBps=11207 avgTps=16373 avgMGps=686.5 elapsed=1m18s213ms
Aug 18 17:10:25 nimbus-eth1-mainnet-long-benchmark[2924939]: INF 2026-08-18 17:10:25.536+00:00 Imported blocks                            blockNumber=884737 slot=1 blocks=884736 txs=1299189 mgas=54296 bps=9698 tps=21967 mgps=713.8 avgBps=11190 avgTps=16433 avgMGps=686.8 elapsed=1m19s58ms
Aug 18 17:10:26 nimbus-eth1-mainnet-long-benchmark[2924939]: INF 2026-08-18 17:10:26.480+00:00 Imported blocks                            blockNumber=892929 slot=1 blocks=892928 txs=1319377 mgas=55043 bps=8694 tps=21425 mgps=792.3 avgBps=11161 avgTps=16492 avgMGps=688.0 elapsed=1m20s743us
Aug 18 17:10:27 nimbus-eth1-mainnet-long-benchmark[2924939]: INF 2026-08-18 17:10:27.400+00:00 Imported blocks                            blockNumber=901121 slot=1 blocks=901120 txs=1340105 mgas=55749 bps=8891 tps=22498 mgps=766.1 avgBps=11135 avgTps=16560 avgMGps=688.9 elapsed=1m20s922ms
Aug 18 17:10:28 nimbus-eth1-mainnet-long-benchmark[2924939]: INF 2026-08-18 17:10:28.616+00:00 Imported blocks                            blockNumber=909313 slot=1 blocks=909312 txs=1368963 mgas=56961 bps=6746 tps=23765 mgps=998.3 avgBps=11070 avgTps=16666 avgMGps=693.5 elapsed=1m22s136ms
Aug 18 17:10:30 nimbus-eth1-mainnet-long-benchmark[2924939]: INF 2026-08-18 17:10:30.032+00:00 Imported blocks                            blockNumber=917505 slot=1 blocks=917504 txs=1398413 mgas=58411 bps=5771 tps=20748 mgps=1021 avgBps=10980 avgTps=16736 avgMGps=699.1 elapsed=1m23s555ms
Aug 18 17:10:31 nimbus-eth1-mainnet-long-benchmark[2924939]: INF 2026-08-18 17:10:31.304+00:00 Imported blocks                            blockNumber=925697 slot=1 blocks=925696 txs=1424269 mgas=59481 bps=6457 tps=20381 mgps=843.6 avgBps=10913 avgTps=16790 avgMGps=701.2 elapsed=1m24s824ms
Aug 18 17:10:32 nimbus-eth1-mainnet-long-benchmark[2924939]: INF 2026-08-18 17:10:32.376+00:00 Imported blocks                            blockNumber=933889 slot=1 blocks=933888 txs=1448025 mgas=60401 bps=7629 tps=22126 mgps=856.8 avgBps=10872 avgTps=16857 avgMGps=703.2 elapsed=1m25s897ms
Aug 18 17:10:33 nimbus-eth1-mainnet-long-benchmark[2924939]: INF 2026-08-18 17:10:33.356+00:00 Imported blocks                            blockNumber=942081 slot=1 blocks=942080 txs=1472415 mgas=61182 bps=8392 tps=24986 mgps=799.9 avgBps=10844 avgTps=16948 avgMGps=704.3 elapsed=1m26s874ms
Aug 18 17:10:34 nimbus-eth1-mainnet-long-benchmark[2924939]: INF 2026-08-18 17:10:34.288+00:00 Imported blocks                            blockNumber=950273 slot=1 blocks=950272 txs=1494733 mgas=61907 bps=8767 tps=23885 mgps=775.6 avgBps=10822 avgTps=17022 avgMGps=705.0 elapsed=1m27s808ms
Aug 18 17:10:35 nimbus-eth1-mainnet-long-benchmark[2924939]: INF 2026-08-18 17:10:35.288+00:00 Imported blocks                            blockNumber=958465 slot=1 blocks=958464 txs=1518589 mgas=62731 bps=8192 tps=23858 mgps=824.0 avgBps=10792 avgTps=17099 avgMGps=706.4 elapsed=1m28s808ms
Aug 18 17:10:36 nimbus-eth1-mainnet-long-benchmark[2924939]: INF 2026-08-18 17:10:36.884+00:00 Imported blocks                            blockNumber=966657 slot=1 blocks=966656 txs=1558557 mgas=64518 bps=5132 tps=25041 mgps=1120 avgBps=10692 avgTps=17239 avgMGps=713.7 elapsed=1m30s404ms
Aug 18 17:10:37 nimbus-eth1-mainnet-long-benchmark[2924939]: INF 2026-08-18 17:10:37.904+00:00 Imported blocks                            blockNumber=974849 slot=1 blocks=974848 txs=1583432 mgas=65302 bps=8025 tps=24370 mgps=767.4 avgBps=10662 avgTps=17319 avgMGps=714.3 elapsed=1m31s425ms
Aug 18 17:10:38 nimbus-eth1-mainnet-long-benchmark[2924939]: INF 2026-08-18 17:10:38.908+00:00 Imported blocks                            blockNumber=983041 slot=1 blocks=983040 txs=1608991 mgas=66060 bps=8145 tps=25414 mgps=753.9 avgBps=10635 avgTps=17407 avgMGps=714.7 elapsed=1m32s430ms
Aug 18 17:10:40 nimbus-eth1-mainnet-long-benchmark[2924939]: INF 2026-08-18 17:10:40.036+00:00 Imported blocks                            blockNumber=991233 slot=1 blocks=991232 txs=1641760 mgas=67056 bps=7260 tps=29044 mgps=883.1 avgBps=10594 avgTps=17547 avgMGps=716.7 elapsed=1m33s559ms
Aug 18 17:10:41 nimbus-eth1-mainnet-long-benchmark[2924939]: INF 2026-08-18 17:10:41.180+00:00 Imported blocks                            blockNumber=999425 slot=1 blocks=999424 txs=1671013 mgas=68012 bps=7166 tps=25590 mgps=835.9 avgBps=10553 avgTps=17644 avgMGps=718.2 elapsed=1m34s702ms
Aug 18 17:10:42 nimbus-eth1-mainnet-long-benchmark[2924939]: INF 2026-08-18 17:10:42.228+00:00 Imported blocks                            blockNumber=1007617 slot=1 blocks=1007616 txs=1699792 mgas=68886 bps=7812 tps=27446 mgps=834.1 avgBps=10523 avgTps=17752 avgMGps=719.4 elapsed=1m35s750ms
Aug 18 17:10:43 nimbus-eth1-mainnet-long-benchmark[2924939]: INF 2026-08-18 17:10:43.308+00:00 Imported blocks                            blockNumber=1015809 slot=1 blocks=1015808 txs=1728432 mgas=69831 bps=7603 tps=26582 mgps=876.3 avgBps=10490 avgTps=17850 avgMGps=721.2 elapsed=1m36s828ms
Aug 18 17:10:44 nimbus-eth1-mainnet-long-benchmark[2924939]: INF 2026-08-18 17:10:44.476+00:00 Imported blocks                            blockNumber=1024001 slot=1 blocks=1024000 txs=1759024 mgas=70908 bps=6993 tps=26114 mgps=919.4 avgBps=10449 avgTps=17949 avgMGps=723.6 elapsed=1m37s999ms
Aug 18 17:10:45 nimbus-eth1-mainnet-long-benchmark[2924939]: INF 2026-08-18 17:10:45.584+00:00 Imported blocks                            blockNumber=1032193 slot=1 blocks=1032192 txs=1789591 mgas=71933 bps=7413 tps=27662 mgps=928.2 avgBps=10415 avgTps=18057 avgMGps=725.8 elapsed=1m39s104ms
Aug 18 17:10:46 nimbus-eth1-mainnet-long-benchmark[2924939]: INF 2026-08-18 17:10:46.600+00:00 Imported blocks                            blockNumber=1040385 slot=1 blocks=1040384 txs=1816352 mgas=72718 bps=8065 tps=26348 mgps=772.5 avgBps=10391 avgTps=18141 avgMGps=726.3 elapsed=1m40s120ms
Aug 18 17:10:47 nimbus-eth1-mainnet-long-benchmark[2924939]: INF 2026-08-18 17:10:47.760+00:00 Imported blocks                            blockNumber=1048577 slot=1 blocks=1048576 txs=1845167 mgas=74594 bps=7047 tps=24788 mgps=1614 avgBps=10352 avgTps=18217 avgMGps=736.5 elapsed=1m41s282ms
Aug 18 17:10:48 nimbus-eth1-mainnet-long-benchmark[2924939]: INF 2026-08-18 17:10:48.864+00:00 Imported blocks                            blockNumber=1056769 slot=1 blocks=1056768 txs=1876795 mgas=75843 bps=7413 tps=28622 mgps=1130 avgBps=10321 avgTps=18330 avgMGps=740.7 elapsed=1m42s387ms
Aug 18 17:10:50 nimbus-eth1-mainnet-long-benchmark[2924939]: INF 2026-08-18 17:10:50.096+00:00 Imported blocks                            blockNumber=1064961 slot=1 blocks=1064960 txs=1909553 mgas=77145 bps=6659 tps=26628 mgps=1058 avgBps=10277 avgTps=18428 avgMGps=744.5 elapsed=1m43s617ms
Aug 18 17:10:51 nimbus-eth1-mainnet-long-benchmark[2924939]: INF 2026-08-18 17:10:51.148+00:00 Imported blocks                            blockNumber=1073153 slot=1 blocks=1073152 txs=1940514 mgas=78003 bps=7771 tps=29373 mgps=813.5 avgBps=10252 avgTps=18539 avgMGps=745.2 elapsed=1m44s671ms
Aug 18 17:10:52 nimbus-eth1-mainnet-long-benchmark[2924939]: INF 2026-08-18 17:10:52.260+00:00 Imported blocks                            blockNumber=1081345 slot=1 blocks=1081344 txs=1974016 mgas=78952 bps=7391 tps=30228 mgps=856.8 avgBps=10222 avgTps=18661 avgMGps=746.4 elapsed=1m45s780ms
Aug 18 17:10:53 nimbus-eth1-mainnet-long-benchmark[2924939]: INF 2026-08-18 17:10:53.440+00:00 Imported blocks                            blockNumber=1089537 slot=1 blocks=1089536 txs=2011137 mgas=79948 bps=6922 tps=31369 mgps=841.2 avgBps=10186 avgTps=18802 avgMGps=747.4 elapsed=1m46s963ms
Aug 18 17:10:54 nimbus-eth1-mainnet-long-benchmark[2924939]: INF 2026-08-18 17:10:54.664+00:00 Imported blocks                            blockNumber=1097729 slot=1 blocks=1097728 txs=2051252 mgas=81029 bps=6699 tps=32806 mgps=884.5 avgBps=10146 avgTps=18960 avgMGps=749.0 elapsed=1m48s186ms
Aug 18 17:10:55 nimbus-eth1-mainnet-long-benchmark[2924939]: INF 2026-08-18 17:10:55.956+00:00 Imported blocks                            blockNumber=1105921 slot=1 blocks=1105920 txs=2094052 mgas=82283 bps=6336 tps=33103 mgps=969.7 avgBps=10101 avgTps=19127 avgMGps=751.6 elapsed=1m49s479ms
Aug 18 17:10:57 nimbus-eth1-mainnet-long-benchmark[2924939]: INF 2026-08-18 17:10:57.232+00:00 Imported blocks                            blockNumber=1114113 slot=1 blocks=1114112 txs=2135719 mgas=83519 bps=6425 tps=32679 mgps=969.0 avgBps=10059 avgTps=19283 avgMGps=754.1 elapsed=1m50s754ms
Aug 18 17:10:58 nimbus-eth1-mainnet-long-benchmark[2924939]: INF 2026-08-18 17:10:58.456+00:00 Imported blocks                            blockNumber=1122305 slot=1 blocks=1122304 txs=2174597 mgas=84660 bps=6700 tps=31801 mgps=933.7 avgBps=10022 avgTps=19420 avgMGps=756.1 elapsed=1m51s976ms
Aug 18 17:10:59 nimbus-eth1-mainnet-long-benchmark[2924939]: INF 2026-08-18 17:10:59.660+00:00 Imported blocks                            blockNumber=1130497 slot=1 blocks=1130496 txs=2216135 mgas=85863 bps=6805 tps=34509 mgps=999.3 avgBps=9988 avgTps=19580 avgMGps=758.6 elapsed=1m53s180ms
Aug 18 17:11:00 nimbus-eth1-mainnet-long-benchmark[2924939]: INF 2026-08-18 17:11:00.820+00:00 Imported blocks                            blockNumber=1138689 slot=1 blocks=1138688 txs=2256039 mgas=86965 bps=7045 tps=34319 mgps=947.5 avgBps=9958 avgTps=19730 avgMGps=760.6 elapsed=1m54s343ms
Aug 18 17:11:02 nimbus-eth1-mainnet-long-benchmark[2924939]: INF 2026-08-18 17:11:02.100+00:00 Imported blocks                            blockNumber=1146881 slot=1 blocks=1146880 txs=2300260 mgas=88305 bps=6398 tps=34539 mgps=1046 avgBps=9919 avgTps=19894 avgMGps=763.7 elapsed=1m55s623ms
Aug 18 17:11:03 nimbus-eth1-mainnet-long-benchmark[2924939]: INF 2026-08-18 17:11:03.388+00:00 Imported blocks                            blockNumber=1155073 slot=1 blocks=1155072 txs=2343788 mgas=89688 bps=6375 tps=33877 mgps=1076 avgBps=9880 avgTps=20048 avgMGps=767.2 elapsed=1m56s908ms
Aug 18 17:11:04 nimbus-eth1-mainnet-long-benchmark[2924939]: INF 2026-08-18 17:11:04.548+00:00 Imported blocks                            blockNumber=1163265 slot=1 blocks=1163264 txs=2381940 mgas=90935 bps=7052 tps=32844 mgps=1073 avgBps=9852 avgTps=20173 avgMGps=770.2 elapsed=1m58s70ms
Aug 18 17:11:05 nimbus-eth1-mainnet-long-benchmark[2924939]: INF 2026-08-18 17:11:05.864+00:00 Imported blocks                            blockNumber=1171457 slot=1 blocks=1171456 txs=2426884 mgas=92310 bps=6215 tps=34101 mgps=1043 avgBps=9812 avgTps=20327 avgMGps=773.2 elapsed=1m59s387ms
Aug 18 17:11:07 nimbus-eth1-mainnet-long-benchmark[2924939]: INF 2026-08-18 17:11:07.248+00:00 Imported blocks                            blockNumber=1179649 slot=1 blocks=1179648 txs=2473126 mgas=93885 bps=5927 tps=33461 mgps=1139 avgBps=9767 avgTps=20477 avgMGps=777.4 elapsed=2m769ms907us
Aug 18 17:11:08 nimbus-eth1-mainnet-long-benchmark[2924939]: INF 2026-08-18 17:11:08.568+00:00 Imported blocks                            blockNumber=1187841 slot=1 blocks=1187840 txs=2517649 mgas=95408 bps=6215 tps=33778 mgps=1155 avgBps=9729 avgTps=20621 avgMGps=781.5 elapsed=2m2s87ms
Aug 18 17:11:10 nimbus-eth1-mainnet-long-benchmark[2924939]: INF 2026-08-18 17:11:10.051+00:00 Imported blocks                            blockNumber=1196033 slot=1 blocks=1196032 txs=2561243 mgas=96937 bps=5511 tps=29328 mgps=1029 avgBps=9678 avgTps=20726 avgMGps=784.4 elapsed=2m3s574ms
Aug 18 17:11:11 nimbus-eth1-mainnet-long-benchmark[2924939]: INF 2026-08-18 17:11:11.375+00:00 Imported blocks                            blockNumber=1204225 slot=1 blocks=1204224 txs=2602502 mgas=98390 bps=6188 tps=31166 mgps=1097 avgBps=9641 avgTps=20836 avgMGps=787.8 elapsed=2m4s898ms
Aug 18 17:11:13 nimbus-eth1-mainnet-long-benchmark[2924939]: INF 2026-08-18 17:11:13.279+00:00 Imported blocks                            blockNumber=1212417 slot=1 blocks=1212416 txs=2655425 mgas=100693 bps=4299 tps=27775 mgps=1208 avgBps=9561 avgTps=20941 avgMGps=794.1 elapsed=2m6s803ms
Aug 18 17:11:14 nimbus-eth1-mainnet-long-benchmark[2924939]: INF 2026-08-18 17:11:14.723+00:00 Imported blocks                            blockNumber=1220609 slot=1 blocks=1220608 txs=2702130 mgas=102256 bps=5684 tps=32407 mgps=1085 avgBps=9517 avgTps=21070 avgMGps=797.4 elapsed=2m8s244ms
Aug 18 17:11:16 nimbus-eth1-mainnet-long-benchmark[2924939]: INF 2026-08-18 17:11:16.247+00:00 Imported blocks                            blockNumber=1228801 slot=1 blocks=1228800 txs=2748253 mgas=103771 bps=5365 tps=30207 mgps=991.7 avgBps=9468 avgTps=21177 avgMGps=799.6 elapsed=2m9s771ms
Aug 18 17:11:17 nimbus-eth1-mainnet-long-benchmark[2924939]: INF 2026-08-18 17:11:17.715+00:00 Imported blocks                            blockNumber=1236993 slot=1 blocks=1236992 txs=2791299 mgas=105229 bps=5582 tps=29335 mgps=993.9 avgBps=9425 avgTps=21268 avgMGps=801.8 elapsed=2m11s239ms
Aug 18 17:11:19 nimbus-eth1-mainnet-long-benchmark[2924939]: INF 2026-08-18 17:11:19.279+00:00 Imported blocks                            blockNumber=1245185 slot=1 blocks=1245184 txs=2840798 mgas=106888 bps=5238 tps=31652 mgps=1060 avgBps=9376 avgTps=21391 avgMGps=804.9 elapsed=2m12s802ms
Aug 18 17:11:20 nimbus-eth1-mainnet-long-benchmark[2924939]: INF 2026-08-18 17:11:20.551+00:00 Imported blocks                            blockNumber=1253377 slot=1 blocks=1253376 txs=2887052 mgas=108404 bps=6450 tps=36421 mgps=1193 avgBps=9348 avgTps=21533 avgMGps=808.6 elapsed=2m14s72ms
Aug 18 17:11:21 nimbus-eth1-mainnet-long-benchmark[2924939]: INF 2026-08-18 17:11:21.979+00:00 Imported blocks                            blockNumber=1261569 slot=1 blocks=1261568 txs=2929370 mgas=109732 bps=5728 tps=29591 mgps=928.7 avgBps=9310 avgTps=21618 avgMGps=809.8 elapsed=2m15s502ms
Aug 18 17:11:23 nimbus-eth1-mainnet-long-benchmark[2924939]: INF 2026-08-18 17:11:23.175+00:00 Imported blocks                            blockNumber=1269761 slot=1 blocks=1269760 txs=2969391 mgas=110811 bps=6864 tps=33536 mgps=903.6 avgBps=9288 avgTps=21722 avgMGps=810.6 elapsed=2m16s696ms
Aug 18 17:11:24 nimbus-eth1-mainnet-long-benchmark[2924939]: INF 2026-08-18 17:11:24.667+00:00 Imported blocks                            blockNumber=1277953 slot=1 blocks=1277952 txs=3015756 mgas=112246 bps=5484 tps=31040 mgps=960.7 avgBps=9247 avgTps=21823 avgMGps=812.3 elapsed=2m18s189ms
Aug 18 17:11:26 nimbus-eth1-mainnet-long-benchmark[2924939]: INF 2026-08-18 17:11:26.243+00:00 Imported blocks                            blockNumber=1286145 slot=1 blocks=1286144 txs=3066597 mgas=113837 bps=5193 tps=32228 mgps=1008 avgBps=9202 avgTps=21940 avgMGps=814.5 elapsed=2m19s767ms
Aug 18 17:11:27 nimbus-eth1-mainnet-long-benchmark[2924939]: INF 2026-08-18 17:11:27.559+00:00 Imported blocks                            blockNumber=1294337 slot=1 blocks=1294336 txs=3108096 mgas=115109 bps=6255 tps=31690 mgps=971.2 avgBps=9174 avgTps=22031 avgMGps=815.9 elapsed=2m21s76ms
Aug 18 17:11:29 nimbus-eth1-mainnet-long-benchmark[2924939]: INF 2026-08-18 17:11:29.135+00:00 Imported blocks                            blockNumber=1302529 slot=1 blocks=1302528 txs=3155729 mgas=116621 bps=5186 tps=30158 mgps=957.6 avgBps=9130 avgTps=22121 avgMGps=817.5 elapsed=2m22s656ms
Aug 18 17:11:30 nimbus-eth1-mainnet-long-benchmark[2924939]: INF 2026-08-18 17:11:30.415+00:00 Imported blocks                            blockNumber=1310721 slot=1 blocks=1310720 txs=3198370 mgas=117785 bps=6388 tps=33251 mgps=908.0 avgBps=9106 avgTps=22220 avgMGps=818.3 elapsed=2m23s938ms
Aug 18 17:11:31 nimbus-eth1-mainnet-long-benchmark[2924939]: INF 2026-08-18 17:11:31.663+00:00 Imported blocks                            blockNumber=1318913 slot=1 blocks=1318912 txs=3240980 mgas=118922 bps=6564 tps=34144 mgps=911.2 avgBps=9084 avgTps=22322 avgMGps=819.1 elapsed=2m25s186ms
Aug 18 17:11:33 nimbus-eth1-mainnet-long-benchmark[2924939]: INF 2026-08-18 17:11:33.059+00:00 Imported blocks                            blockNumber=1327105 slot=1 blocks=1327104 txs=3286540 mgas=120280 bps=5871 tps=32652 mgps=973.2 avgBps=9053 avgTps=22421 avgMGps=820.6 elapsed=2m26s581ms
Aug 18 17:11:34 nimbus-eth1-mainnet-long-benchmark[2924939]: INF 2026-08-18 17:11:34.435+00:00 Imported blocks                            blockNumber=1335297 slot=1 blocks=1335296 txs=3336909 mgas=122062 bps=5949 tps=36581 mgps=1294 avgBps=9024 avgTps=22552 avgMGps=825.0 elapsed=2m27s958ms
Aug 18 17:11:35 nimbus-eth1-mainnet-long-benchmark[2924939]: INF 2026-08-18 17:11:35.703+00:00 Imported blocks                            blockNumber=1343489 slot=1 blocks=1343488 txs=3382130 mgas=123272 bps=6455 tps=35637 mgps=953.2 avgBps=9002 avgTps=22664 avgMGps=826.1 elapsed=2m29s227ms
Aug 18 17:11:37 nimbus-eth1-mainnet-long-benchmark[2924939]: INF 2026-08-18 17:11:37.003+00:00 Imported blocks                            blockNumber=1351681 slot=1 blocks=1351680 txs=3426145 mgas=124479 bps=6303 tps=33867 mgps=928.6 avgBps=8979 avgTps=22760 avgMGps=827.0 elapsed=2m30s527ms
Aug 18 17:11:38 nimbus-eth1-mainnet-long-benchmark[2924939]: INF 2026-08-18 17:11:38.283+00:00 Imported blocks                            blockNumber=1359873 slot=1 blocks=1359872 txs=3481033 mgas=126070 bps=6404 tps=42913 mgps=1244 avgBps=8957 avgTps=22930 avgMGps=830.5 elapsed=2m31s806ms
Aug 18 17:11:39 nimbus-eth1-mainnet-long-benchmark[2924939]: INF 2026-08-18 17:11:39.599+00:00 Imported blocks                            blockNumber=1368065 slot=1 blocks=1368064 txs=3524429 mgas=127255 bps=6233 tps=33018 mgps=901.5 avgBps=8934 avgTps=23017 avgMGps=831.1 elapsed=2m33s120ms
Aug 18 17:11:41 nimbus-eth1-mainnet-long-benchmark[2924939]: INF 2026-08-18 17:11:41.111+00:00 Imported blocks                            blockNumber=1376257 slot=1 blocks=1376256 txs=3573305 mgas=128848 bps=5414 tps=32304 mgps=1053 avgBps=8900 avgTps=23108 avgMGps=833.3 elapsed=2m34s633ms
Aug 18 17:11:42 nimbus-eth1-mainnet-long-benchmark[2924939]: INF 2026-08-18 17:11:42.395+00:00 Imported blocks                            blockNumber=1384449 slot=1 blocks=1384448 txs=3618448 mgas=130288 bps=6374 tps=35127 mgps=1120 avgBps=8879 avgTps=23207 avgMGps=835.6 elapsed=2m35s918ms
Aug 18 17:11:43 nimbus-eth1-mainnet-long-benchmark[2924939]: INF 2026-08-18 17:11:43.675+00:00 Imported blocks                            blockNumber=1392641 slot=1 blocks=1392640 txs=3659789 mgas=131406 bps=6399 tps=32296 mgps=873.7 avgBps=8859 avgTps=23281 avgMGps=835.9 elapsed=2m37s198ms
Aug 18 17:11:45 nimbus-eth1-mainnet-long-benchmark[2924939]: INF 2026-08-18 17:11:45.047+00:00 Imported blocks                            blockNumber=1400833 slot=1 blocks=1400832 txs=3705329 mgas=132735 bps=5972 tps=33203 mgps=969.1 avgBps=8834 avgTps=23367 avgMGps=837.1 elapsed=2m38s570ms
Aug 18 17:11:46 nimbus-eth1-mainnet-long-benchmark[2924939]: INF 2026-08-18 17:11:46.531+00:00 Imported blocks                            blockNumber=1409025 slot=1 blocks=1409024 txs=3754433 mgas=134221 bps=5529 tps=33144 mgps=1002 avgBps=8803 avgTps=23457 avgMGps=838.6 elapsed=2m40s51ms
Aug 18 17:11:47 nimbus-eth1-mainnet-long-benchmark[2924939]: INF 2026-08-18 17:11:47.775+00:00 Imported blocks                            blockNumber=1417217 slot=1 blocks=1417216 txs=3798456 mgas=135447 bps=6594 tps=35438 mgps=986.8 avgBps=8786 avgTps=23549 avgMGps=839.8 elapsed=2m41s294ms
Aug 18 17:11:49 nimbus-eth1-mainnet-long-benchmark[2924939]: INF 2026-08-18 17:11:49.263+00:00 Imported blocks                            blockNumber=1425409 slot=1 blocks=1425408 txs=3848342 mgas=136897 bps=5496 tps=33474 mgps=973.4 avgBps=8756 avgTps=23640 avgMGps=841.0 elapsed=2m42s784ms
Aug 18 17:11:50 nimbus-eth1-mainnet-long-benchmark[2924939]: INF 2026-08-18 17:11:50.795+00:00 Imported blocks                            blockNumber=1433601 slot=1 blocks=1433600 txs=3905011 mgas=138579 bps=5348 tps=36998 mgps=1098 avgBps=8724 avgTps=23765 avgMGps=843.4 elapsed=2m44s316ms
Aug 18 17:11:52 nimbus-eth1-mainnet-long-benchmark[2924939]: INF 2026-08-18 17:11:52.347+00:00 Imported blocks                            blockNumber=1441793 slot=1 blocks=1441792 txs=3959646 mgas=140526 bps=5290 tps=35284 mgps=1257 avgBps=8692 avgTps=23872 avgMGps=847.2 elapsed=2m45s864ms
Aug 18 17:11:53 nimbus-eth1-mainnet-long-benchmark[2924939]: INF 2026-08-18 17:11:53.819+00:00 Imported blocks                            blockNumber=1449985 slot=1 blocks=1449984 txs=4016331 mgas=142151 bps=5552 tps=38418 mgps=1101 avgBps=8664 avgTps=24001 avgMGps=849.5 elapsed=2m47s339ms
Aug 18 17:11:55 nimbus-eth1-mainnet-long-benchmark[2924939]: INF 2026-08-18 17:11:55.327+00:00 Imported blocks                            blockNumber=1458177 slot=1 blocks=1458176 txs=4066527 mgas=143764 bps=5444 tps=33363 mgps=1072 avgBps=8636 avgTps=24084 avgMGps=851.5 elapsed=2m48s844ms
Aug 18 17:11:57 nimbus-eth1-mainnet-long-benchmark[2924939]: INF 2026-08-18 17:11:57.423+00:00 Imported blocks                            blockNumber=1466369 slot=1 blocks=1466368 txs=4121420 mgas=146004 bps=3900 tps=26139 mgps=1066 avgBps=8578 avgTps=24109 avgMGps=854.1 elapsed=2m50s944ms
Aug 18 17:11:58 nimbus-eth1-mainnet-long-benchmark[2924939]: INF 2026-08-18 17:11:58.895+00:00 Imported blocks                            blockNumber=1474561 slot=1 blocks=1474560 txs=4173520 mgas=147488 bps=5566 tps=35400 mgps=1008 avgBps=8552 avgTps=24206 avgMGps=855.4 elapsed=2m52s416ms
Aug 18 17:12:00 nimbus-eth1-mainnet-long-benchmark[2924939]: INF 2026-08-18 17:12:00.471+00:00 Imported blocks                            blockNumber=1482753 slot=1 blocks=1482752 txs=4224800 mgas=149075 bps=5204 tps=32576 mgps=1008 avgBps=8522 avgTps=24281 avgMGps=856.8 elapsed=2m53s990ms
Aug 18 17:12:01 nimbus-eth1-mainnet-long-benchmark[2924939]: INF 2026-08-18 17:12:01.959+00:00 Imported blocks                            blockNumber=1490945 slot=1 blocks=1490944 txs=4281655 mgas=150750 bps=5501 tps=38181 mgps=1124 avgBps=8496 avgTps=24399 avgMGps=859.1 elapsed=2m55s479ms
Aug 18 17:12:03 nimbus-eth1-mainnet-long-benchmark[2924939]: INF 2026-08-18 17:12:03.459+00:00 Imported blocks                            blockNumber=1499137 slot=1 blocks=1499136 txs=4334037 mgas=152478 bps=5463 tps=34935 mgps=1152 avgBps=8470 avgTps=24489 avgMGps=861.6 elapsed=2m56s978ms
Aug 18 17:12:05 nimbus-eth1-mainnet-long-benchmark[2924939]: INF 2026-08-18 17:12:05.307+00:00 Imported blocks                            blockNumber=1507329 slot=1 blocks=1507328 txs=4394073 mgas=154617 bps=4439 tps=32532 mgps=1158 avgBps=8429 avgTps=24572 avgMGps=864.6 elapsed=2m58s824ms
Aug 18 17:12:07 nimbus-eth1-mainnet-long-benchmark[2924939]: INF 2026-08-18 17:12:07.235+00:00 Imported blocks                            blockNumber=1515521 slot=1 blocks=1515520 txs=4463341 mgas=157058 bps=4243 tps=35885 mgps=1265 avgBps=8384 avgTps=24692 avgMGps=868.9 elapsed=3m754ms487us
Aug 18 17:12:08 nimbus-eth1-mainnet-long-benchmark[2924939]: INF 2026-08-18 17:12:08.975+00:00 Imported blocks                            blockNumber=1523713 slot=1 blocks=1523712 txs=4519855 mgas=158891 bps=4707 tps=32478 mgps=1052 avgBps=8349 avgTps=24767 avgMGps=870.7 elapsed=3m2s494ms
Aug 18 17:12:10 nimbus-eth1-mainnet-long-benchmark[2924939]: INF 2026-08-18 17:12:10.603+00:00 Imported blocks                            blockNumber=1531905 slot=1 blocks=1531904 txs=4570979 mgas=160622 bps=5031 tps=31398 mgps=1063 avgBps=8320 avgTps=24825 avgMGps=872.4 elapsed=3m4s122ms
Aug 18 17:12:12 nimbus-eth1-mainnet-long-benchmark[2924939]: INF 2026-08-18 17:12:12.303+00:00 Imported blocks                            blockNumber=1540097 slot=1 blocks=1540096 txs=4629733 mgas=162534 bps=4825 tps=34611 mgps=1126 avgBps=8288 avgTps=24915 avgMGps=874.7 elapsed=3m5s820ms
Aug 18 17:12:13 nimbus-eth1-mainnet-long-benchmark[2924939]: INF 2026-08-18 17:12:13.938+00:00 Imported blocks                            blockNumber=1548289 slot=1 blocks=1548288 txs=4691162 mgas=164522 bps=5000 tps=37493 mgps=1213 avgBps=8259 avgTps=25025 avgMGps=877.6 elapsed=3m7s458ms
Aug 18 17:12:15 nimbus-eth1-mainnet-long-benchmark[2924939]: INF 2026-08-18 17:12:15.810+00:00 Imported blocks                            blockNumber=1556481 slot=1 blocks=1556480 txs=4751792 mgas=166882 bps=4380 tps=32423 mgps=1262 avgBps=8221 avgTps=25098 avgMGps=881.4 elapsed=3m9s328ms
Aug 18 17:12:17 nimbus-eth1-mainnet-long-benchmark[2924939]: INF 2026-08-18 17:12:17.358+00:00 Imported blocks                            blockNumber=1564673 slot=1 blocks=1564672 txs=4808773 mgas=168702 bps=5292 tps=36814 mgps=1175 avgBps=8197 avgTps=25193 avgMGps=883.8 elapsed=3m10s876ms
Aug 18 17:12:18 nimbus-eth1-mainnet-long-benchmark[2924939]: INF 2026-08-18 17:12:18.914+00:00 Imported blocks                            blockNumber=1572865 slot=1 blocks=1572864 txs=4865267 mgas=170479 bps=5265 tps=36314 mgps=1142 avgBps=8173 avgTps=25283 avgMGps=885.9 elapsed=3m12s432ms
Aug 18 17:12:20 nimbus-eth1-mainnet-long-benchmark[2924939]: INF 2026-08-18 17:12:20.418+00:00 Imported blocks                            blockNumber=1581057 slot=1 blocks=1581056 txs=4924309 mgas=172215 bps=5438 tps=39195 mgps=1152 avgBps=8152 avgTps=25391 avgMGps=888.0 elapsed=3m13s938ms
Aug 18 17:12:22 nimbus-eth1-mainnet-long-benchmark[2924939]: INF 2026-08-18 17:12:22.230+00:00 Imported blocks                            blockNumber=1589249 slot=1 blocks=1589248 txs=4993282 mgas=174387 bps=4523 tps=38082 mgps=1199 avgBps=8118 avgTps=25508 avgMGps=890.9 elapsed=3m15s749ms
Aug 18 17:12:24 nimbus-eth1-mainnet-long-benchmark[2924939]: INF 2026-08-18 17:12:24.022+00:00 Imported blocks                            blockNumber=1597441 slot=1 blocks=1597440 txs=5057588 mgas=176580 bps=4569 tps=35866 mgps=1223 avgBps=8086 avgTps=25602 avgMGps=893.9 elapsed=3m17s542ms
Aug 18 17:12:26 nimbus-eth1-mainnet-long-benchmark[2924939]: INF 2026-08-18 17:12:26.406+00:00 Imported blocks                            blockNumber=1605633 slot=1 blocks=1605632 txs=5144257 mgas=180073 bps=3439 tps=36391 mgps=1466 avgBps=8031 avgTps=25731 avgMGps=900.7 elapsed=3m19s924ms
Aug 18 17:12:28 nimbus-eth1-mainnet-long-benchmark[2924939]: INF 2026-08-18 17:12:28.146+00:00 Imported blocks                            blockNumber=1613825 slot=1 blocks=1613824 txs=5206369 mgas=182227 bps=4707 tps=35689 mgps=1237 avgBps=8002 avgTps=25816 avgMGps=903.6 elapsed=3m21s664ms
Aug 18 17:12:29 nimbus-eth1-mainnet-long-benchmark[2924939]: INF 2026-08-18 17:12:29.754+00:00 Imported blocks                            blockNumber=1622017 slot=1 blocks=1622016 txs=5266487 mgas=184142 bps=5084 tps=37313 mgps=1188 avgBps=7979 avgTps=25908 avgMGps=905.9 elapsed=3m23s275ms
Aug 18 17:12:31 nimbus-eth1-mainnet-long-benchmark[2924939]: INF 2026-08-18 17:12:31.254+00:00 Imported blocks                            blockNumber=1630209 slot=1 blocks=1630208 txs=5319900 mgas=185883 bps=5469 tps=35665 mgps=1162 avgBps=7961 avgTps=25979 avgMGps=907.8 elapsed=3m24s773ms
Aug 18 17:12:32 nimbus-eth1-mainnet-long-benchmark[2924939]: INF 2026-08-18 17:12:32.686+00:00 Imported blocks                            blockNumber=1638401 slot=1 blocks=1638400 txs=5376656 mgas=187517 bps=5722 tps=39647 mgps=1141 avgBps=7945 avgTps=26074 avgMGps=909.4 elapsed=3m26s204ms
Aug 18 17:12:34 nimbus-eth1-mainnet-long-benchmark[2924939]: INF 2026-08-18 17:12:34.094+00:00 Imported blocks                            blockNumber=1646593 slot=1 blocks=1646592 txs=5427002 mgas=188969 bps=5808 tps=35698 mgps=1029 avgBps=7930 avgTps=26139 avgMGps=910.2 elapsed=3m27s615ms
Aug 18 17:12:35 nimbus-eth1-mainnet-long-benchmark[2924939]: INF 2026-08-18 17:12:35.498+00:00 Imported blocks                            blockNumber=1654785 slot=1 blocks=1654784 txs=5477830 mgas=190491 bps=5844 tps=36261 mgps=1085 avgBps=7916 avgTps=26207 avgMGps=911.4 elapsed=3m29s16ms
Aug 18 17:12:37 nimbus-eth1-mainnet-long-benchmark[2924939]: INF 2026-08-18 17:12:37.722+00:00 Imported blocks                            blockNumber=1662977 slot=1 blocks=1662976 txs=5538206 mgas=193552 bps=3682 tps=27140 mgps=1376 avgBps=7872 avgTps=26217 avgMGps=916.3 elapsed=3m31s241ms
Aug 18 17:12:39 nimbus-eth1-mainnet-long-benchmark[2924939]: INF 2026-08-18 17:12:39.322+00:00 Imported blocks                            blockNumber=1671169 slot=1 blocks=1671168 txs=5593464 mgas=195396 bps=5113 tps=34494 mgps=1150 avgBps=7851 avgTps=26279 avgMGps=918.0 elapsed=3m32s843ms
Aug 18 17:12:40 nimbus-eth1-mainnet-long-benchmark[2924939]: INF 2026-08-18 17:12:40.834+00:00 Imported blocks                            blockNumber=1679361 slot=1 blocks=1679360 txs=5649239 mgas=197189 bps=5422 tps=36916 mgps=1186 avgBps=7834 avgTps=26354 avgMGps=919.9 elapsed=3m34s354ms
Aug 18 17:12:42 nimbus-eth1-mainnet-long-benchmark[2924939]: INF 2026-08-18 17:12:42.374+00:00 Imported blocks                            blockNumber=1687553 slot=1 blocks=1687552 txs=5701520 mgas=198983 bps=5319 tps=33950 mgps=1164 avgBps=7816 avgTps=26408 avgMGps=921.7 elapsed=3m35s893ms
Aug 18 17:12:43 nimbus-eth1-mainnet-long-benchmark[2924939]: INF 2026-08-18 17:12:43.918+00:00 Imported blocks                            blockNumber=1695745 slot=1 blocks=1695744 txs=5756747 mgas=200840 bps=5307 tps=35779 mgps=1203 avgBps=7798 avgTps=26475 avgMGps=923.7 elapsed=3m37s437ms
Aug 18 17:12:45 nimbus-eth1-mainnet-long-benchmark[2924939]: INF 2026-08-18 17:12:45.742+00:00 Imported blocks                            blockNumber=1703937 slot=1 blocks=1703936 txs=5821399 mgas=203106 bps=4490 tps=35438 mgps=1241 avgBps=7771 avgTps=26549 avgMGps=926.3 elapsed=3m39s261ms
Aug 18 17:12:47 nimbus-eth1-mainnet-long-benchmark[2924939]: INF 2026-08-18 17:12:47.482+00:00 Imported blocks                            blockNumber=1712129 slot=1 blocks=1712128 txs=5884754 mgas=205166 bps=4712 tps=36443 mgps=1185 avgBps=7747 avgTps=26627 avgMGps=928.4 elapsed=3m41s297us
Aug 18 17:12:54 nimbus-eth1-mainnet-long-benchmark[2924939]: INF 2026-08-18 17:12:54.986+00:00 Imported blocks                            blockNumber=1720321 slot=1 blocks=1720320 txs=5950436 mgas=210967 bps=1091 tps=8751 mgps=772.8 avgBps=7528 avgTps=26040 avgMGps=923.2 elapsed=3m48s505ms
Aug 18 17:13:34 nimbus-eth1-mainnet-long-benchmark[2924939]: INF 2026-08-18 17:13:34.853+00:00 Imported blocks                            blockNumber=1728513 slot=1 blocks=1728512 txs=6046046 mgas=227706 bps=205.5 tps=2398 mgps=419.9 avgBps=6440 avgTps=22528 avgMGps=848.5 elapsed=4m28s374ms
Aug 18 17:13:43 nimbus-eth1-mainnet-long-benchmark[2924939]: INF 2026-08-18 17:13:43.037+00:00 Imported blocks                            blockNumber=1736705 slot=1 blocks=1736704 txs=6113963 mgas=232449 bps=1000 tps=8297 mgps=579.5 avgBps=6279 avgTps=22107 avgMGps=840.5 elapsed=4m36s559ms
Aug 18 17:13:46 nimbus-eth1-mainnet-long-benchmark[2924939]: INF 2026-08-18 17:13:46.893+00:00 Imported blocks                            blockNumber=1744897 slot=1 blocks=1744896 txs=6176565 mgas=235745 bps=2124 tps=16237 mgps=855.0 avgBps=6222 avgTps=22026 avgMGps=840.7 elapsed=4m40s415ms
Aug 18 17:13:49 nimbus-eth1-mainnet-long-benchmark[2924939]: INF 2026-08-18 17:13:49.881+00:00 Imported blocks                            blockNumber=1753089 slot=1 blocks=1753088 txs=6244901 mgas=239587 bps=2742 tps=22879 mgps=1286 avgBps=6185 avgTps=22035 avgMGps=845.4 elapsed=4m43s401ms
Aug 18 17:13:51 nimbus-eth1-mainnet-long-benchmark[2924939]: INF 2026-08-18 17:13:51.805+00:00 Imported blocks                            blockNumber=1761281 slot=1 blocks=1761280 txs=6303031 mgas=241664 bps=4258 tps=30216 mgps=1079 avgBps=6172 avgTps=22090 avgMGps=847.0 elapsed=4m45s325ms
Aug 18 17:13:53 nimbus-eth1-mainnet-long-benchmark[2924939]: INF 2026-08-18 17:13:53.433+00:00 Imported blocks                            blockNumber=1769473 slot=1 blocks=1769472 txs=6360053 mgas=243886 bps=5031 tps=35021 mgps=1364 avgBps=6166 avgTps=22164 avgMGps=849.9 elapsed=4m46s953ms
Aug 18 17:13:55 nimbus-eth1-mainnet-long-benchmark[2924939]: INF 2026-08-18 17:13:55.065+00:00 Imported blocks                            blockNumber=1777665 slot=1 blocks=1777664 txs=6412951 mgas=245575 bps=5024 tps=32446 mgps=1036 avgBps=6159 avgTps=22222 avgMGps=851.0 elapsed=4m48s584ms
Aug 18 17:13:56 nimbus-eth1-mainnet-long-benchmark[2924939]: INF 2026-08-18 17:13:56.885+00:00 Imported blocks                            blockNumber=1785857 slot=1 blocks=1785856 txs=6466807 mgas=247284 bps=4498 tps=29571 mgps=938.3 avgBps=6149 avgTps=22268 avgMGps=851.5 elapsed=4m50s405ms
Aug 18 17:13:59 nimbus-eth1-mainnet-long-benchmark[2924939]: INF 2026-08-18 17:13:59.001+00:00 Imported blocks                            blockNumber=1794049 slot=1 blocks=1794048 txs=6522851 mgas=249276 bps=3873 tps=26496 mgps=942.0 avgBps=6133 avgTps=22298 avgMGps=852.2 elapsed=4m52s520ms
Aug 18 17:14:01 nimbus-eth1-mainnet-long-benchmark[2924939]: INF 2026-08-18 17:14:01.813+00:00 Imported blocks                            blockNumber=1802241 slot=1 blocks=1802240 txs=6613176 mgas=255044 bps=2913 tps=32125 mgps=2051 avgBps=6102 avgTps=22392 avgMGps=863.6 elapsed=4m55s332ms
Aug 18 17:14:06 nimbus-eth1-mainnet-long-benchmark[2924939]: INF 2026-08-18 17:14:06.309+00:00 Imported blocks                            blockNumber=1810433 slot=1 blocks=1810432 txs=6665934 mgas=257543 bps=1821 tps=11728 mgps=555.6 avgBps=6038 avgTps=22232 avgMGps=859.0 elapsed=4m59s830ms
Aug 18 17:14:08 nimbus-eth1-mainnet-long-benchmark[2924939]: INF 2026-08-18 17:14:08.213+00:00 Imported blocks                            blockNumber=1818625 slot=1 blocks=1818624 txs=6721128 mgas=259316 bps=4306 tps=29018 mgps=932.1 avgBps=6027 avgTps=22275 avgMGps=859.4 elapsed=5m1s732ms
Aug 18 17:14:09 nimbus-eth1-mainnet-long-benchmark[2924939]: INF 2026-08-18 17:14:09.769+00:00 Imported blocks                            blockNumber=1826817 slot=1 blocks=1826816 txs=6774831 mgas=261021 bps=5258 tps=34469 mgps=1094 avgBps=6023 avgTps=22337 avgMGps=860.6 elapsed=5m3s290ms
Aug 18 17:14:11 nimbus-eth1-mainnet-long-benchmark[2924939]: INF 2026-08-18 17:14:11.821+00:00 Imported blocks                            blockNumber=1835009 slot=1 blocks=1835008 txs=6824653 mgas=262938 bps=3992 tps=24280 mgps=934.0 avgBps=6009 avgTps=22350 avgMGps=861.1 elapsed=5m5s342ms
Aug 18 17:14:13 nimbus-eth1-mainnet-long-benchmark[2924939]: INF 2026-08-18 17:14:13.393+00:00 Imported blocks                            blockNumber=1843201 slot=1 blocks=1843200 txs=6878027 mgas=264614 bps=5210 tps=33949 mgps=1066 avgBps=6005 avgTps=22410 avgMGps=862.2 elapsed=5m6s914ms
Aug 18 17:14:16 nimbus-eth1-mainnet-long-benchmark[2924939]: INF 2026-08-18 17:14:16.585+00:00 Imported blocks                            blockNumber=1851393 slot=1 blocks=1851392 txs=6938150 mgas=266996 bps=2566 tps=18836 mgps=746.1 avgBps=5970 avgTps=22373 avgMGps=861.0 elapsed=5m10s106ms
Aug 18 17:14:21 nimbus-eth1-mainnet-long-benchmark[2924939]: INF 2026-08-18 17:14:21.164+00:00 Imported blocks                            blockNumber=1859585 slot=1 blocks=1859584 txs=6994576 mgas=269861 bps=1788 tps=12320 mgps=625.6 avgBps=5909 avgTps=22227 avgMGps=857.6 elapsed=5m14s686ms
Aug 18 17:14:23 nimbus-eth1-mainnet-long-benchmark[2924939]: INF 2026-08-18 17:14:23.012+00:00 Imported blocks                            blockNumber=1867777 slot=1 blocks=1867776 txs=7045208 mgas=271531 bps=4435 tps=27411 mgps=904.2 avgBps=5900 avgTps=22257 avgMGps=857.8 elapsed=5m16s533ms
Aug 18 17:14:25 nimbus-eth1-mainnet-long-benchmark[2924939]: INF 2026-08-18 17:14:25.008+00:00 Imported blocks                            blockNumber=1875969 slot=1 blocks=1875968 txs=7098661 mgas=273436 bps=4102 tps=26766 mgps=953.7 avgBps=5889 avgTps=22285 avgMGps=858.4 elapsed=5m18s530ms
Aug 18 17:14:26 nimbus-eth1-mainnet-long-benchmark[2924939]: INF 2026-08-18 17:14:26.672+00:00 Imported blocks                            blockNumber=1884161 slot=1 blocks=1884160 txs=7153316 mgas=275276 bps=4924 tps=32852 mgps=1106 avgBps=5884 avgTps=22340 avgMGps=859.7 elapsed=5m20s194ms
Aug 18 17:14:28 nimbus-eth1-mainnet-long-benchmark[2924939]: INF 2026-08-18 17:14:28.212+00:00 Imported blocks                            blockNumber=1892353 slot=1 blocks=1892352 txs=7207581 mgas=277100 bps=5314 tps=35202 mgps=1183 avgBps=5881 avgTps=22402 avgMGps=861.3 elapsed=5m21s735ms
Aug 18 17:14:29 nimbus-eth1-mainnet-long-benchmark[2924939]: INF 2026-08-18 17:14:29.596+00:00 Imported blocks                            blockNumber=1900545 slot=1 blocks=1900544 txs=7258861 mgas=278515 bps=5920 tps=37061 mgps=1022 avgBps=5881 avgTps=22464 avgMGps=862.0 elapsed=5m23s119ms
Aug 18 17:14:31 nimbus-eth1-mainnet-long-benchmark[2924939]: INF 2026-08-18 17:14:31.008+00:00 Imported blocks                            blockNumber=1908737 slot=1 blocks=1908736 txs=7305904 mgas=279904 bps=5815 tps=33394 mgps=985.8 avgBps=5881 avgTps=22512 avgMGps=862.5 elapsed=5m24s528ms
Aug 18 17:14:32 nimbus-eth1-mainnet-long-benchmark[2924939]: INF 2026-08-18 17:14:32.604+00:00 Imported blocks                            blockNumber=1916929 slot=1 blocks=1916928 txs=7369064 mgas=281779 bps=5129 tps=39545 mgps=1173 avgBps=5877 avgTps=22595 avgMGps=864.0 elapsed=5m26s125ms
Aug 18 17:14:40 nimbus-eth1-mainnet-long-benchmark[2924939]: INF 2026-08-18 17:14:40.048+00:00 Imported blocks                            blockNumber=1925121 slot=1 blocks=1925120 txs=7431837 mgas=285950 bps=1100 tps=8433 mgps=560.4 avgBps=5771 avgTps=22279 avgMGps=857.2 elapsed=5m33s568ms
Aug 18 17:14:42 nimbus-eth1-mainnet-long-benchmark[2924939]: INF 2026-08-18 17:14:42.080+00:00 Imported blocks                            blockNumber=1933313 slot=1 blocks=1933312 txs=7497575 mgas=288217 bps=4028 tps=32325 mgps=1114 avgBps=5760 avgTps=22340 avgMGps=858.8 elapsed=5m35s602ms
Aug 18 17:14:43 nimbus-eth1-mainnet-long-benchmark[2924939]: INF 2026-08-18 17:14:43.820+00:00 Imported blocks                            blockNumber=1941505 slot=1 blocks=1941504 txs=7559612 mgas=290251 bps=4703 tps=35617 mgps=1167 avgBps=5755 avgTps=22409 avgMGps=860.4 elapsed=5m37s343ms
Aug 18 17:14:45 nimbus-eth1-mainnet-long-benchmark[2924939]: INF 2026-08-18 17:14:45.656+00:00 Imported blocks                            blockNumber=1949697 slot=1 blocks=1949696 txs=7638933 mgas=292499 bps=4467 tps=43255 mgps=1226 avgBps=5748 avgTps=22521 avgMGps=862.4 elapsed=5m39s177ms
Aug 18 17:14:47 nimbus-eth1-mainnet-long-benchmark[2924939]: INF 2026-08-18 17:14:47.832+00:00 Imported blocks                            blockNumber=1957889 slot=1 blocks=1957888 txs=7713671 mgas=295027 bps=3765 tps=34355 mgps=1161 avgBps=5735 avgTps=22597 avgMGps=864.3 elapsed=5m41s353ms
Aug 18 17:14:49 nimbus-eth1-mainnet-long-benchmark[2924939]: INF 2026-08-18 17:14:49.692+00:00 Imported blocks                            blockNumber=1966081 slot=1 blocks=1966080 txs=7788808 mgas=297396 bps=4402 tps=40378 mgps=1273 avgBps=5728 avgTps=22693 avgMGps=866.5 elapsed=5m43s213ms
Aug 18 17:14:51 nimbus-eth1-mainnet-long-benchmark[2924939]: INF 2026-08-18 17:14:51.928+00:00 Imported blocks                            blockNumber=1974273 slot=1 blocks=1974272 txs=7855390 mgas=300366 bps=3661 tps=29759 mgps=1327 avgBps=5715 avgTps=22739 avgMGps=869.5 elapsed=5m45s451ms
Aug 18 17:14:54 nimbus-eth1-mainnet-long-benchmark[2924939]: INF 2026-08-18 17:14:54.128+00:00 Imported blocks                            blockNumber=1982465 slot=1 blocks=1982464 txs=7915725 mgas=302539 bps=3724 tps=27430 mgps=988.0 avgBps=5702 avgTps=22769 avgMGps=870.2 elapsed=5m47s650ms
Aug 18 17:14:55 nimbus-eth1-mainnet-long-benchmark[2924939]: INF 2026-08-18 17:14:55.664+00:00 Imported blocks                            blockNumber=1990657 slot=1 blocks=1990656 txs=7979382 mgas=304304 bps=5338 tps=41483 mgps=1150 avgBps=5700 avgTps=22851 avgMGps=871.5 elapsed=5m49s185ms
Aug 18 17:14:57 nimbus-eth1-mainnet-long-benchmark[2924939]: INF 2026-08-18 17:14:57.444+00:00 Imported blocks                            blockNumber=1998849 slot=1 blocks=1998848 txs=8046053 mgas=306358 bps=4599 tps=37435 mgps=1153 avgBps=5695 avgTps=22925 avgMGps=872.9 elapsed=5m50s966ms
Aug 18 17:14:59 nimbus-eth1-mainnet-long-benchmark[2924939]: INF 2026-08-18 17:14:59.156+00:00 Imported blocks                            blockNumber=2007041 slot=1 blocks=2007040 txs=8114293 mgas=308394 bps=4780 tps=39823 mgps=1188 avgBps=5690 avgTps=23007 avgMGps=874.4 elapsed=5m52s679ms
Aug 18 17:15:00 nimbus-eth1-mainnet-long-benchmark[2924939]: INF 2026-08-18 17:15:00.708+00:00 Imported blocks                            blockNumber=2015233 slot=1 blocks=2015232 txs=8174568 mgas=310280 bps=5286 tps=38893 mgps=1216 avgBps=5689 avgTps=23077 avgMGps=875.9 elapsed=5m54s229ms
Aug 18 17:15:02 nimbus-eth1-mainnet-long-benchmark[2924939]: INF 2026-08-18 17:15:02.216+00:00 Imported blocks                            blockNumber=2023425 slot=1 blocks=2023424 txs=8234299 mgas=311998 bps=5427 tps=39576 mgps=1138 avgBps=5687 avgTps=23147 avgMGps=877.0 elapsed=5m55s738ms
Aug 18 17:15:03 nimbus-eth1-mainnet-long-benchmark[2924939]: INF 2026-08-18 17:15:03.704+00:00 Imported blocks                            blockNumber=2031617 slot=1 blocks=2031616 txs=8290597 mgas=313665 bps=5501 tps=37807 mgps=1118 avgBps=5687 avgTps=23208 avgMGps=878.1 elapsed=5m57s227ms
Aug 18 17:15:05 nimbus-eth1-mainnet-long-benchmark[2924939]: INF 2026-08-18 17:15:05.856+00:00 Imported blocks                            blockNumber=2039809 slot=1 blocks=2039808 txs=8347013 mgas=316650 bps=3810 tps=26242 mgps=1388 avgBps=5675 avgTps=23226 avgMGps=881.1 elapsed=5m59s377ms
Aug 18 17:15:07 nimbus-eth1-mainnet-long-benchmark[2924939]: INF 2026-08-18 17:15:07.488+00:00 Imported blocks                            blockNumber=2048001 slot=1 blocks=2048000 txs=8414819 mgas=318724 bps=5023 tps=41583 mgps=1272 avgBps=5673 avgTps=23309 avgMGps=882.9 elapsed=6m1s8ms
Aug 18 17:15:09 nimbus-eth1-mainnet-long-benchmark[2924939]: INF 2026-08-18 17:15:09.096+00:00 Imported blocks                            blockNumber=2056193 slot=1 blocks=2056192 txs=8478396 mgas=320628 bps=5083 tps=39449 mgps=1181 avgBps=5670 avgTps=23380 avgMGps=884.2 elapsed=6m2s619ms
Aug 18 17:15:10 nimbus-eth1-mainnet-long-benchmark[2924939]: INF 2026-08-18 17:15:10.600+00:00 Imported blocks                            blockNumber=2064385 slot=1 blocks=2064384 txs=8534261 mgas=322285 bps=5458 tps=37221 mgps=1104 avgBps=5669 avgTps=23437 avgMGps=885.1 elapsed=6m4s120ms
Aug 18 17:15:11 nimbus-eth1-mainnet-long-benchmark[2924939]: INF 2026-08-18 17:15:11.992+00:00 Imported blocks                            blockNumber=2072577 slot=1 blocks=2072576 txs=8592741 mgas=323842 bps=5887 tps=42031 mgps=1119 avgBps=5670 avgTps=23508 avgMGps=886.0 elapsed=6m5s512ms
Aug 18 17:15:13 nimbus-eth1-mainnet-long-benchmark[2924939]: INF 2026-08-18 17:15:13.452+00:00 Imported blocks                            blockNumber=2080769 slot=1 blocks=2080768 txs=8648072 mgas=325442 bps=5608 tps=37884 mgps=1095 avgBps=5670 avgTps=23565 avgMGps=886.8 elapsed=6m6s972ms
Aug 18 17:15:15 nimbus-eth1-mainnet-long-benchmark[2924939]: INF 2026-08-18 17:15:15.096+00:00 Imported blocks                            blockNumber=2088961 slot=1 blocks=2088960 txs=8712300 mgas=327292 bps=4982 tps=39060 mgps=1125 avgBps=5667 avgTps=23635 avgMGps=887.9 elapsed=6m8s616ms
Aug 18 17:15:16 nimbus-eth1-mainnet-long-benchmark[2924939]: INF 2026-08-18 17:15:16.892+00:00 Imported blocks                            blockNumber=2097153 slot=1 blocks=2097152 txs=8778360 mgas=329481 bps=4558 tps=36758 mgps=1218 avgBps=5661 avgTps=23698 avgMGps=889.5 elapsed=6m10s414ms
Aug 18 17:15:18 nimbus-eth1-mainnet-long-benchmark[2924939]: INF 2026-08-18 17:15:18.388+00:00 Imported blocks                            blockNumber=2105345 slot=1 blocks=2105344 txs=8832595 mgas=331142 bps=5468 tps=36206 mgps=1108 avgBps=5660 avgTps=23749 avgMGps=890.4 elapsed=6m11s911ms
Aug 18 17:15:19 nimbus-eth1-mainnet-long-benchmark[2924939]: INF 2026-08-18 17:15:19.860+00:00 Imported blocks                            blockNumber=2113537 slot=1 blocks=2113536 txs=8889289 mgas=332884 bps=5587 tps=38669 mgps=1188 avgBps=5660 avgTps=23807 avgMGps=891.5 elapsed=6m13s378ms
Aug 18 17:15:21 nimbus-eth1-mainnet-long-benchmark[2924939]: INF 2026-08-18 17:15:21.412+00:00 Imported blocks                            blockNumber=2121729 slot=1 blocks=2121728 txs=8950903 mgas=334700 bps=5267 tps=39618 mgps=1167 avgBps=5658 avgTps=23873 avgMGps=892.7 elapsed=6m14s933ms
Aug 18 17:15:23 nimbus-eth1-mainnet-long-benchmark[2924939]: INF 2026-08-18 17:15:23.835+00:00 Imported blocks                            blockNumber=2129921 slot=1 blocks=2129920 txs=9014354 mgas=338562 bps=3378 tps=26170 mgps=1592 avgBps=5644 avgTps=23888 avgMGps=897.2 elapsed=6m17s357ms
Aug 18 17:15:25 nimbus-eth1-mainnet-long-benchmark[2924939]: INF 2026-08-18 17:15:25.507+00:00 Imported blocks                            blockNumber=2138113 slot=1 blocks=2138112 txs=9083957 mgas=340606 bps=4903 tps=41660 mgps=1223 avgBps=5641 avgTps=23966 avgMGps=898.6 elapsed=6m19s28ms
Aug 18 17:15:27 nimbus-eth1-mainnet-long-benchmark[2924939]: INF 2026-08-18 17:15:27.051+00:00 Imported blocks                            blockNumber=2146305 slot=1 blocks=2146304 txs=9145568 mgas=342520 bps=5296 tps=39836 mgps=1237 avgBps=5639 avgTps=24030 avgMGps=900.0 elapsed=6m20s575ms
Aug 18 17:15:28 nimbus-eth1-mainnet-long-benchmark[2924939]: INF 2026-08-18 17:15:28.467+00:00 Imported blocks                            blockNumber=2154497 slot=1 blocks=2154496 txs=9208092 mgas=344179 bps=5795 tps=44235 mgps=1173 avgBps=5640 avgTps=24105 avgMGps=901.0 elapsed=6m21s988ms
Aug 18 17:15:30 nimbus-eth1-mainnet-long-benchmark[2924939]: INF 2026-08-18 17:15:30.079+00:00 Imported blocks                            blockNumber=2162689 slot=1 blocks=2162688 txs=9270066 mgas=345978 bps=5071 tps=38363 mgps=1113 avgBps=5637 avgTps=24165 avgMGps=901.9 elapsed=6m23s603ms
Aug 18 17:15:31 nimbus-eth1-mainnet-long-benchmark[2924939]: INF 2026-08-18 17:15:31.695+00:00 Imported blocks                            blockNumber=2170881 slot=1 blocks=2170880 txs=9332900 mgas=347898 bps=5070 tps=38891 mgps=1188 avgBps=5635 avgTps=24227 avgMGps=903.1 elapsed=6m25s219ms
Aug 18 17:15:33 nimbus-eth1-mainnet-long-benchmark[2924939]: INF 2026-08-18 17:15:33.271+00:00 Imported blocks                            blockNumber=2179073 slot=1 blocks=2179072 txs=9394529 mgas=349716 bps=5208 tps=39184 mgps=1155 avgBps=5633 avgTps=24288 avgMGps=904.1 elapsed=6m26s792ms
Aug 18 17:15:35 nimbus-eth1-mainnet-long-benchmark[2924939]: INF 2026-08-18 17:15:35.235+00:00 Imported blocks                            blockNumber=2187265 slot=1 blocks=2187264 txs=9470807 mgas=352444 bps=4167 tps=38802 mgps=1387 avgBps=5626 avgTps=24361 avgMGps=906.6 elapsed=6m28s758ms
Aug 18 17:15:36 nimbus-eth1-mainnet-long-benchmark[2924939]: INF 2026-08-18 17:15:36.735+00:00 Imported blocks                            blockNumber=2195457 slot=1 blocks=2195456 txs=9530574 mgas=354119 bps=5466 tps=39884 mgps=1118 avgBps=5625 avgTps=24421 avgMGps=907.4 elapsed=6m30s256ms
Aug 18 17:15:38 nimbus-eth1-mainnet-long-benchmark[2924939]: INF 2026-08-18 17:15:38.527+00:00 Imported blocks                            blockNumber=2203649 slot=1 blocks=2203648 txs=9595945 mgas=356734 bps=4571 tps=36479 mgps=1459 avgBps=5620 avgTps=24476 avgMGps=909.9 elapsed=6m32s48ms
Aug 18 17:15:40 nimbus-eth1-mainnet-long-benchmark[2924939]: INF 2026-08-18 17:15:40.115+00:00 Imported blocks                            blockNumber=2211841 slot=1 blocks=2211840 txs=9658309 mgas=358774 bps=5159 tps=39280 mgps=1284 avgBps=5618 avgTps=24536 avgMGps=911.4 elapsed=6m33s636ms
Aug 18 17:15:41 nimbus-eth1-mainnet-long-benchmark[2924939]: INF 2026-08-18 17:15:41.743+00:00 Imported blocks                            blockNumber=2220033 slot=1 blocks=2220032 txs=9719278 mgas=360756 bps=5025 tps=37401 mgps=1215 avgBps=5616 avgTps=24589 avgMGps=912.7 elapsed=6m35s266ms
Aug 18 17:15:43 nimbus-eth1-mainnet-long-benchmark[2924939]: INF 2026-08-18 17:15:43.655+00:00 Imported blocks                            blockNumber=2228225 slot=1 blocks=2228224 txs=9805132 mgas=363570 bps=4286 tps=44920 mgps=1472 avgBps=5610 avgTps=24687 avgMGps=915.4 elapsed=6m37s177ms
Aug 18 17:15:45 nimbus-eth1-mainnet-long-benchmark[2924939]: INF 2026-08-18 17:15:45.127+00:00 Imported blocks                            blockNumber=2236417 slot=1 blocks=2236416 txs=9861065 mgas=365383 bps=5564 tps=37993 mgps=1231 avgBps=5609 avgTps=24736 avgMGps=916.6 elapsed=6m38s649ms
Aug 18 17:15:46 nimbus-eth1-mainnet-long-benchmark[2924939]: INF 2026-08-18 17:15:46.559+00:00 Imported blocks                            blockNumber=2244609 slot=1 blocks=2244608 txs=9918653 mgas=367114 bps=5719 tps=40209 mgps=1208 avgBps=5610 avgTps=24791 avgMGps=917.6 elapsed=6m40s81ms
Aug 18 17:15:48 nimbus-eth1-mainnet-long-benchmark[2924939]: INF 2026-08-18 17:15:48.151+00:00 Imported blocks                            blockNumber=2252801 slot=1 blocks=2252800 txs=9981973 mgas=369135 bps=5144 tps=39765 mgps=1269 avgBps=5608 avgTps=24850 avgMGps=919.0 elapsed=6m41s674ms
Aug 18 17:15:49 nimbus-eth1-mainnet-long-benchmark[2924939]: INF 2026-08-18 17:15:49.915+00:00 Imported blocks                            blockNumber=2260993 slot=1 blocks=2260992 txs=10047156 mgas=371248 bps=4643 tps=36949 mgps=1197 avgBps=5604 avgTps=24903 avgMGps=920.2 elapsed=6m43s438ms
Aug 18 17:15:51 nimbus-eth1-mainnet-long-benchmark[2924939]: INF 2026-08-18 17:15:51.659+00:00 Imported blocks                            blockNumber=2269185 slot=1 blocks=2269184 txs=10121679 mgas=373603 bps=4699 tps=42750 mgps=1350 avgBps=5600 avgTps=24980 avgMGps=922.1 elapsed=6m45s181ms
Aug 18 17:15:53 nimbus-eth1-mainnet-long-benchmark[2924939]: INF 2026-08-18 17:15:53.483+00:00 Imported blocks                            blockNumber=2277377 slot=1 blocks=2277376 txs=10193851 mgas=376318 bps=4485 tps=39519 mgps=1486 avgBps=5595 avgTps=25045 avgMGps=924.6 elapsed=6m47s7ms
Aug 18 17:15:56 nimbus-eth1-mainnet-long-benchmark[2924939]: INF 2026-08-18 17:15:56.143+00:00 Imported blocks                            blockNumber=2285569 slot=1 blocks=2285568 txs=10244050 mgas=378024 bps=3083 tps=18894 mgps=642.1 avgBps=5579 avgTps=25005 avgMGps=922.8 elapsed=6m49s664ms
Aug 18 17:16:02 nimbus-eth1-mainnet-long-benchmark[2924939]: INF 2026-08-18 17:16:02.239+00:00 Imported blocks                            blockNumber=2293761 slot=1 blocks=2293760 txs=10305892 mgas=379825 bps=1344 tps=10148 mgps=295.6 avgBps=5517 avgTps=24788 avgMGps=913.6 elapsed=6m55s758ms
Aug 18 17:16:04 nimbus-eth1-mainnet-long-benchmark[2924939]: INF 2026-08-18 17:16:04.031+00:00 Imported blocks                            blockNumber=2301953 slot=1 blocks=2301952 txs=10374531 mgas=381860 bps=4566 tps=38262 mgps=1134 avgBps=5512 avgTps=24846 avgMGps=914.5 elapsed=6m57s552ms
Aug 18 17:16:19 nimbus-eth1-mainnet-long-benchmark[2924939]: INF 2026-08-18 17:16:19.747+00:00 Imported blocks                            blockNumber=2310145 slot=1 blocks=2310144 txs=10441483 mgas=384776 bps=521.4 tps=4261 mgps=185.6 avgBps=5331 avgTps=24099 avgMGps=888.1 elapsed=7m13s264ms
Aug 18 17:16:31 nimbus-eth1-mainnet-long-benchmark[2924939]: INF 2026-08-18 17:16:31.334+00:00 Imported blocks                            blockNumber=2318337 slot=1 blocks=2318336 txs=10489758 mgas=386690 bps=706.8 tps=4165 mgps=165.1 avgBps=5211 avgTps=23580 avgMGps=869.3 elapsed=7m24s854ms
Aug 18 17:16:54 nimbus-eth1-mainnet-long-benchmark[2924939]: INF 2026-08-18 17:16:54.702+00:00 Imported blocks                            blockNumber=2326529 slot=1 blocks=2326528 txs=10546726 mgas=389701 bps=350.6 tps=2437 mgps=128.8 avgBps=4968 avgTps=22525 avgMGps=832.3 elapsed=7m48s222ms
Aug 18 17:17:39 nimbus-eth1-mainnet-long-benchmark[2924939]: INF 2026-08-18 17:17:39.113+00:00 Imported blocks                            blockNumber=2334721 slot=1 blocks=2334720 txs=10606978 mgas=393234 bps=184.5 tps=1356 mgps=79.55 avgBps=4554 avgTps=20691 avgMGps=767.1 elapsed=8m32s633ms
Aug 18 17:17:59 nimbus-eth1-mainnet-long-benchmark[2924939]: INF 2026-08-18 17:17:59.921+00:00 Imported blocks                            blockNumber=2342913 slot=1 blocks=2342912 txs=10666220 mgas=396127 bps=393.7 tps=2847 mgps=139.0 avgBps=4392 avgTps=19995 avgMGps=742.6 elapsed=8m53s441ms
Aug 18 17:18:04 nimbus-eth1-mainnet-long-benchmark[2924939]: INF 2026-08-18 17:18:04.201+00:00 Imported blocks                            blockNumber=2351105 slot=1 blocks=2351104 txs=10722740 mgas=398564 bps=1913 tps=13205 mgps=569.5 avgBps=4372 avgTps=19941 avgMGps=741.2 elapsed=8m57s722ms
Aug 18 17:18:13 nimbus-eth1-mainnet-long-benchmark[2924939]: INF 2026-08-18 17:18:13.577+00:00 Imported blocks                            blockNumber=2359297 slot=1 blocks=2359296 txs=10776670 mgas=401104 bps=873.7 tps=5751 mgps=270.9 avgBps=4312 avgTps=19697 avgMGps=733.1 elapsed=9m7s98ms
Aug 18 17:18:51 nimbus-eth1-mainnet-long-benchmark[2924939]: INF 2026-08-18 17:18:51.040+00:00 Imported blocks                            blockNumber=2367489 slot=1 blocks=2367488 txs=10849156 mgas=406541 bps=218.7 tps=1934 mgps=145.1 avgBps=4050 avgTps=18559 avgMGps=695.5 elapsed=9m44s560ms
Aug 18 17:19:25 nimbus-eth1-mainnet-long-benchmark[2924939]: INF 2026-08-18 17:19:25.440+00:00 Imported blocks                            blockNumber=2375681 slot=1 blocks=2375680 txs=10913507 mgas=410497 bps=238.1 tps=1870 mgps=115.0 avgBps=3838 avgTps=17631 avgMGps=663.2 elapsed=10m18s961ms
Aug 18 17:19:51 nimbus-eth1-mainnet-long-benchmark[2924939]: INF 2026-08-18 17:19:51.531+00:00 Imported blocks                            blockNumber=2383873 slot=1 blocks=2383872 txs=10985657 mgas=414672 bps=314.0 tps=2765 mgps=160.0 avgBps=3695 avgTps=17030 avgMGps=642.8 elapsed=10m45s53ms
Aug 18 17:20:40 nimbus-eth1-mainnet-long-benchmark[2924939]: INF 2026-08-18 17:20:40.866+00:00 Imported blocks                            blockNumber=2392065 slot=1 blocks=2392064 txs=11037968 mgas=418259 bps=166.1 tps=1060 mgps=72.71 avgBps=3444 avgTps=15896 avgMGps=602.3 elapsed=11m34s384ms
Aug 18 17:22:29 nimbus-eth1-mainnet-long-benchmark[2924939]: INF 2026-08-18 17:22:29.441+00:00 Imported blocks                            blockNumber=2400257 slot=1 blocks=2400256 txs=11098723 mgas=421639 bps=75.45 tps=559.6 mgps=31.13 avgBps=2989 avgTps=13822 avgMGps=525.1 elapsed=13m22s961ms
Aug 18 17:23:57 nimbus-eth1-mainnet-long-benchmark[2924939]: INF 2026-08-18 17:23:57.807+00:00 Imported blocks                            blockNumber=2408449 slot=1 blocks=2408448 txs=11153117 mgas=425129 bps=92.70 tps=615.5 mgps=39.49 avgBps=2702 avgTps=12512 avgMGps=477.0 elapsed=14m51s329ms
Aug 18 17:24:50 nimbus-eth1-mainnet-long-benchmark[2924939]: INF 2026-08-18 17:24:50.842+00:00 Imported blocks                            blockNumber=2416641 slot=1 blocks=2416640 txs=11212866 mgas=428700 bps=154.5 tps=1126 mgps=67.35 avgBps=2559 avgTps=11873 avgMGps=454.0 elapsed=15m44s360ms
Aug 18 17:26:01 nimbus-eth1-mainnet-long-benchmark[2924939]: INF 2026-08-18 17:26:01.837+00:00 Imported blocks                            blockNumber=2424833 slot=1 blocks=2424832 txs=11265767 mgas=430841 bps=115.4 tps=745.1 mgps=30.15 avgBps=2388 avgTps=11095 avgMGps=424.3 elapsed=16m55s358ms
Aug 18 17:27:32 nimbus-eth1-mainnet-long-benchmark[2924939]: INF 2026-08-18 17:27:32.352+00:00 Imported blocks                            blockNumber=2433025 slot=1 blocks=2433024 txs=11307750 mgas=432905 bps=90.50 tps=463.8 mgps=22.81 avgBps=2200 avgTps=10225 avgMGps=391.5 elapsed=18m25s874ms
Aug 18 17:28:07 nimbus-eth1-mainnet-long-benchmark[2924939]: INF 2026-08-18 17:28:07.991+00:00 Imported blocks                            blockNumber=2441217 slot=1 blocks=2441216 txs=11360239 mgas=434846 bps=229.9 tps=1472 mgps=54.45 avgBps=2138 avgTps=9951 avgMGps=380.9 elapsed=19m1s512ms
Aug 18 17:28:24 nimbus-eth1-mainnet-long-benchmark[2924939]: INF 2026-08-18 17:28:24.159+00:00 Imported blocks                            blockNumber=2449409 slot=1 blocks=2449408 txs=11407271 mgas=436263 bps=506.6 tps=2908 mgps=87.62 avgBps=2115 avgTps=9853 avgMGps=376.8 elapsed=19m17s683ms
Aug 18 17:28:45 nimbus-eth1-mainnet-long-benchmark[2924939]: INF 2026-08-18 17:28:45.671+00:00 Imported blocks                            blockNumber=2457601 slot=1 blocks=2457600 txs=11457392 mgas=437680 bps=380.8 tps=2329 mgps=65.87 avgBps=2084 avgTps=9716 avgMGps=371.2 elapsed=19m39s194ms
Aug 18 17:29:03 nimbus-eth1-mainnet-long-benchmark[2924939]: INF 2026-08-18 17:29:03.706+00:00 Imported blocks                            blockNumber=2465793 slot=1 blocks=2465792 txs=11521389 mgas=439739 bps=454.3 tps=3549 mgps=114.2 avgBps=2059 avgTps=9623 avgMGps=367.3 elapsed=19m57s224ms
Aug 18 17:29:53 nimbus-eth1-mainnet-long-benchmark[2924939]: INF 2026-08-18 17:29:53.322+00:00 Imported blocks                            blockNumber=2473985 slot=1 blocks=2473984 txs=11574002 mgas=445154 bps=165.1 tps=1060 mgps=109.2 avgBps=1984 avgTps=9282 avgMGps=357.0 elapsed=20m46s841ms
Aug 18 17:29:56 nimbus-eth1-mainnet-long-benchmark[2924939]: INF 2026-08-18 17:29:56.666+00:00 Imported blocks                            blockNumber=2482177 slot=1 blocks=2482176 txs=11651646 mgas=447355 bps=2448 tps=23206 mgps=657.8 avgBps=1985 avgTps=9319 avgMGps=357.8 elapsed=20m50s186ms
Aug 18 17:29:58 nimbus-eth1-mainnet-long-benchmark[2924939]: INF 2026-08-18 17:29:58.190+00:00 Imported blocks                            blockNumber=2490369 slot=1 blocks=2490368 txs=11699590 mgas=448737 bps=5378 tps=31478 mgps=907.1 avgBps=1989 avgTps=9346 avgMGps=358.5 elapsed=20m51s709ms
Aug 18 17:29:59 nimbus-eth1-mainnet-long-benchmark[2924939]: INF 2026-08-18 17:29:59.826+00:00 Imported blocks                            blockNumber=2498561 slot=1 blocks=2498560 txs=11757700 mgas=450442 bps=5012 tps=35554 mgps=1043 avgBps=1993 avgTps=9381 avgMGps=359.4 elapsed=20m53s344ms
Aug 18 17:30:01 nimbus-eth1-mainnet-long-benchmark[2924939]: INF 2026-08-18 17:30:01.790+00:00 Imported blocks                            blockNumber=2506753 slot=1 blocks=2506752 txs=11825797 mgas=452734 bps=4166 tps=34633 mgps=1165 avgBps=1996 avgTps=9420 avgMGps=360.7 elapsed=20m55s310ms
Aug 18 17:30:03 nimbus-eth1-mainnet-long-benchmark[2924939]: INF 2026-08-18 17:30:03.538+00:00 Imported blocks                            blockNumber=2514945 slot=1 blocks=2514944 txs=11885089 mgas=454533 bps=4684 tps=33903 mgps=1028 avgBps=2000 avgTps=9454 avgMGps=361.6 elapsed=20m57s59ms
Aug 18 17:30:05 nimbus-eth1-mainnet-long-benchmark[2924939]: INF 2026-08-18 17:30:05.246+00:00 Imported blocks                            blockNumber=2523137 slot=1 blocks=2523136 txs=11944882 mgas=456318 bps=4798 tps=35027 mgps=1045 avgBps=2004 avgTps=9489 avgMGps=362.5 elapsed=20m58s766ms
Aug 18 17:30:06 nimbus-eth1-mainnet-long-benchmark[2924939]: INF 2026-08-18 17:30:06.945+00:00 Imported blocks                            blockNumber=2531329 slot=1 blocks=2531328 txs=12002575 mgas=457974 bps=4817 tps=33928 mgps=974.1 avgBps=2008 avgTps=9522 avgMGps=363.3 elapsed=21m466ms794us
Aug 18 17:30:08 nimbus-eth1-mainnet-long-benchmark[2924939]: INF 2026-08-18 17:30:08.489+00:00 Imported blocks                            blockNumber=2539521 slot=1 blocks=2539520 txs=12058269 mgas=459602 bps=5306 tps=36076 mgps=1054 avgBps=2012 avgTps=9554 avgMGps=364.2 elapsed=21m2s10ms
Aug 18 17:30:10 nimbus-eth1-mainnet-long-benchmark[2924939]: INF 2026-08-18 17:30:10.273+00:00 Imported blocks                            blockNumber=2547713 slot=1 blocks=2547712 txs=12121506 mgas=461509 bps=4596 tps=35478 mgps=1069 avgBps=2015 avgTps=9591 avgMGps=365.2 elapsed=21m3s792ms
Aug 18 17:30:11 nimbus-eth1-mainnet-long-benchmark[2924939]: INF 2026-08-18 17:30:11.993+00:00 Imported blocks                            blockNumber=2555905 slot=1 blocks=2555904 txs=12182901 mgas=463232 bps=4763 tps=35700 mgps=1002 avgBps=2019 avgTps=9626 avgMGps=366.0 elapsed=21m5s512ms
Aug 18 17:30:13 nimbus-eth1-mainnet-long-benchmark[2924939]: INF 2026-08-18 17:30:13.749+00:00 Imported blocks                            blockNumber=2564097 slot=1 blocks=2564096 txs=12240204 mgas=464808 bps=4662 tps=32615 mgps=897.1 avgBps=2023 avgTps=9658 avgMGps=366.8 elapsed=21m7s269ms
Aug 18 17:30:15 nimbus-eth1-mainnet-long-benchmark[2924939]: INF 2026-08-18 17:30:15.081+00:00 Imported blocks                            blockNumber=2572289 slot=1 blocks=2572288 txs=12285103 mgas=466051 bps=6155 tps=33739 mgps=934.2 avgBps=2027 avgTps=9683 avgMGps=367.4 elapsed=21m8s600ms
Aug 18 17:30:16 nimbus-eth1-mainnet-long-benchmark[2924939]: INF 2026-08-18 17:30:16.513+00:00 Imported blocks                            blockNumber=2580481 slot=1 blocks=2580480 txs=12335840 mgas=467433 bps=5718 tps=35414 mgps=964.5 avgBps=2031 avgTps=9713 avgMGps=368.0 elapsed=21m10s32ms
Aug 18 17:30:18 nimbus-eth1-mainnet-long-benchmark[2924939]: INF 2026-08-18 17:30:18.133+00:00 Imported blocks                            blockNumber=2588673 slot=1 blocks=2588672 txs=12389837 mgas=468957 bps=5052 tps=33305 mgps=940.0 avgBps=2035 avgTps=9743 avgMGps=368.8 elapsed=21m11s654ms
Aug 18 17:30:19 nimbus-eth1-mainnet-long-benchmark[2924939]: INF 2026-08-18 17:30:19.985+00:00 Imported blocks                            blockNumber=2596865 slot=1 blocks=2596864 txs=12446592 mgas=470825 bps=4419 tps=30621 mgps=1007 avgBps=2039 avgTps=9773 avgMGps=369.7 elapsed=21m13s507ms
Aug 18 17:30:21 nimbus-eth1-mainnet-long-benchmark[2924939]: INF 2026-08-18 17:30:21.621+00:00 Imported blocks                            blockNumber=2605057 slot=1 blocks=2605056 txs=12501171 mgas=472679 bps=5012 tps=33394 mgps=1134 avgBps=2042 avgTps=9803 avgMGps=370.7 elapsed=21m15s142ms
Aug 18 17:30:23 nimbus-eth1-mainnet-long-benchmark[2924939]: INF 2026-08-18 17:30:23.289+00:00 Imported blocks                            blockNumber=2613249 slot=1 blocks=2613248 txs=12559108 mgas=474428 bps=4915 tps=34762 mgps=1049 avgBps=2046 avgTps=9836 avgMGps=371.6 elapsed=21m16s808ms
Aug 18 17:30:24 nimbus-eth1-mainnet-long-benchmark[2924939]: INF 2026-08-18 17:30:24.953+00:00 Imported blocks                            blockNumber=2621441 slot=1 blocks=2621440 txs=12613938 mgas=476083 bps=4923 tps=32953 mgps=994.5 avgBps=2050 avgTps=9866 avgMGps=372.4 elapsed=21m18s472ms
Aug 18 17:30:26 nimbus-eth1-mainnet-long-benchmark[2924939]: INF 2026-08-18 17:30:26.661+00:00 Imported blocks                            blockNumber=2629633 slot=1 blocks=2629632 txs=12673625 mgas=478015 bps=4787 tps=34884 mgps=1129 avgBps=2054 avgTps=9899 avgMGps=373.4 elapsed=21m20s183ms
Aug 18 17:30:28 nimbus-eth1-mainnet-long-benchmark[2924939]: INF 2026-08-18 17:30:28.349+00:00 Imported blocks                            blockNumber=2637825 slot=1 blocks=2637824 txs=12731723 mgas=479847 bps=4861 tps=34479 mgps=1087 avgBps=2057 avgTps=9932 avgMGps=374.3 elapsed=21m21s868ms
Aug 18 17:30:30 nimbus-eth1-mainnet-long-benchmark[2924939]: INF 2026-08-18 17:30:30.017+00:00 Imported blocks                            blockNumber=2646017 slot=1 blocks=2646016 txs=12789300 mgas=481580 bps=4903 tps=34464 mgps=1036 avgBps=2061 avgTps=9964 avgMGps=375.2 elapsed=21m23s539ms
Aug 18 17:30:31 nimbus-eth1-mainnet-long-benchmark[2924939]: INF 2026-08-18 17:30:31.545+00:00 Imported blocks                            blockNumber=2654209 slot=1 blocks=2654208 txs=12845817 mgas=483271 bps=5368 tps=37034 mgps=1108 avgBps=2065 avgTps=9996 avgMGps=376.1 elapsed=21m25s65ms
Aug 18 17:30:33 nimbus-eth1-mainnet-long-benchmark[2924939]: INF 2026-08-18 17:30:33.269+00:00 Imported blocks                            blockNumber=2662401 slot=1 blocks=2662400 txs=12900725 mgas=484852 bps=4753 tps=31858 mgps=917.1 avgBps=2069 avgTps=10025 avgMGps=376.8 elapsed=21m26s788ms
Aug 18 17:30:34 nimbus-eth1-mainnet-long-benchmark[2924939]: INF 2026-08-18 17:30:34.809+00:00 Imported blocks                            blockNumber=2670593 slot=1 blocks=2670592 txs=12957314 mgas=486633 bps=5313 tps=36704 mgps=1155 avgBps=2072 avgTps=10057 avgMGps=377.7 elapsed=21m28s330ms
Aug 18 17:30:48 nimbus-eth1-mainnet-long-benchmark[2924939]: INF 2026-08-18 17:30:48.809+00:00 Imported blocks                            blockNumber=2678785 slot=1 blocks=2678784 txs=13042809 mgas=489231 bps=585.1 tps=6106 mgps=185.6 avgBps=2056 avgTps=10014 avgMGps=375.7 elapsed=21m42s330ms
Aug 18 17:31:59 nimbus-eth1-mainnet-long-benchmark[2924939]: INF 2026-08-18 17:31:59.320+00:00 Imported blocks                            blockNumber=2686977 slot=1 blocks=2686976 txs=13102505 mgas=493206 bps=116.2 tps=846.6 mgps=56.37 avgBps=1957 avgTps=9544 avgMGps=359.3 elapsed=22m52s842ms
Aug 18 17:32:41 nimbus-eth1-mainnet-long-benchmark[2924939]: INF 2026-08-18 17:32:41.479+00:00 Imported blocks                            blockNumber=2695169 slot=1 blocks=2695168 txs=13174967 mgas=497320 bps=194.3 tps=1718 mgps=97.57 avgBps=1904 avgTps=9310 avgMGps=351.5 elapsed=23m35s3ms
Aug 18 17:33:46 nimbus-eth1-mainnet-long-benchmark[2924939]: INF 2026-08-18 17:33:46.414+00:00 Imported blocks                            blockNumber=2703361 slot=1 blocks=2703360 txs=13230693 mgas=502063 bps=126.2 tps=858.2 mgps=73.05 avgBps=1826 avgTps=8940 avgMGps=339.2 elapsed=24m39s935ms
Aug 18 17:35:13 nimbus-eth1-mainnet-long-benchmark[2924939]: INF 2026-08-18 17:35:13.065+00:00 Imported blocks                            blockNumber=2711553 slot=1 blocks=2711552 txs=13295947 mgas=508411 bps=94.54 tps=753.1 mgps=73.26 avgBps=1730 avgTps=8487 avgMGps=324.5 elapsed=26m6s586ms
Aug 18 17:36:03 nimbus-eth1-mainnet-long-benchmark[2924939]: INF 2026-08-18 17:36:03.824+00:00 Imported blocks                            blockNumber=2719745 slot=1 blocks=2719744 txs=13360374 mgas=513611 bps=161.4 tps=1269 mgps=102.4 avgBps=1681 avgTps=8260 avgMGps=317.6 elapsed=26m57s346ms
Aug 18 17:36:05 nimbus-eth1-mainnet-long-benchmark[2924939]: INF 2026-08-18 17:36:05.960+00:00 Imported blocks                            blockNumber=2727937 slot=1 blocks=2727936 txs=13411218 mgas=515296 bps=3837 tps=23818 mgps=789.2 avgBps=1684 avgTps=8281 avgMGps=318.2 elapsed=26m59s480ms
Aug 18 17:36:07 nimbus-eth1-mainnet-long-benchmark[2924939]: INF 2026-08-18 17:36:07.516+00:00 Imported blocks                            blockNumber=2736129 slot=1 blocks=2736128 txs=13465915 mgas=516948 bps=5255 tps=35090 mgps=1059 avgBps=1687 avgTps=8306 avgMGps=318.9 elapsed=27m1s39ms
Aug 18 17:36:09 nimbus-eth1-mainnet-long-benchmark[2924939]: INF 2026-08-18 17:36:09.012+00:00 Imported blocks                            blockNumber=2744321 slot=1 blocks=2744320 txs=13518966 mgas=518696 bps=5484 tps=35518 mgps=1170 avgBps=1691 avgTps=8332 avgMGps=319.7 elapsed=27m2s533ms
Aug 18 17:36:10 nimbus-eth1-mainnet-long-benchmark[2924939]: INF 2026-08-18 17:36:10.636+00:00 Imported blocks                            blockNumber=2752513 slot=1 blocks=2752512 txs=13574305 mgas=520675 bps=5042 tps=34062 mgps=1218 avgBps=1694 avgTps=8357 avgMGps=320.6 elapsed=27m4s157ms
Aug 18 17:36:12 nimbus-eth1-mainnet-long-benchmark[2924939]: INF 2026-08-18 17:36:12.320+00:00 Imported blocks                            blockNumber=2760705 slot=1 blocks=2760704 txs=13639152 mgas=522739 bps=4863 tps=38500 mgps=1225 avgBps=1698 avgTps=8388 avgMGps=321.5 elapsed=27m5s842ms
Aug 18 17:36:13 nimbus-eth1-mainnet-long-benchmark[2924939]: INF 2026-08-18 17:36:13.920+00:00 Imported blocks                            blockNumber=2768897 slot=1 blocks=2768896 txs=13694429 mgas=524543 bps=5117 tps=34530 mgps=1127 avgBps=1701 avgTps=8414 avgMGps=322.3 elapsed=27m7s442ms
Aug 18 17:36:15 nimbus-eth1-mainnet-long-benchmark[2924939]: INF 2026-08-18 17:36:15.500+00:00 Imported blocks                            blockNumber=2777089 slot=1 blocks=2777088 txs=13750452 mgas=526320 bps=5191 tps=35504 mgps=1125 avgBps=1704 avgTps=8440 avgMGps=323.1 elapsed=27m9s20ms
Aug 18 17:36:17 nimbus-eth1-mainnet-long-benchmark[2924939]: INF 2026-08-18 17:36:17.092+00:00 Imported blocks                            blockNumber=2785281 slot=1 blocks=2785280 txs=13803443 mgas=528046 bps=5146 tps=33292 mgps=1084 avgBps=1708 avgTps=8465 avgMGps=323.8 elapsed=27m10s612ms
Aug 18 17:36:18 nimbus-eth1-mainnet-long-benchmark[2924939]: INF 2026-08-18 17:36:18.652+00:00 Imported blocks                            blockNumber=2793473 slot=1 blocks=2793472 txs=13856067 mgas=530259 bps=5252 tps=33743 mgps=1419 avgBps=1711 avgTps=8489 avgMGps=324.9 elapsed=27m12s172ms
Aug 18 17:36:20 nimbus-eth1-mainnet-long-benchmark[2924939]: INF 2026-08-18 17:36:20.352+00:00 Imported blocks                            blockNumber=2801665 slot=1 blocks=2801664 txs=13911305 mgas=532070 bps=4818 tps=32487 mgps=1064 avgBps=1714 avgTps=8514 avgMGps=325.6 elapsed=27m13s872ms
Aug 18 17:36:22 nimbus-eth1-mainnet-long-benchmark[2924939]: INF 2026-08-18 17:36:22.248+00:00 Imported blocks                            blockNumber=2809857 slot=1 blocks=2809856 txs=13975285 mgas=534426 bps=4314 tps=33697 mgps=1241 avgBps=1717 avgTps=8543 avgMGps=326.7 elapsed=27m15s770ms
Aug 18 17:36:24 nimbus-eth1-mainnet-long-benchmark[2924939]: INF 2026-08-18 17:36:24.163+00:00 Imported blocks                            blockNumber=2818049 slot=1 blocks=2818048 txs=14041028 mgas=536875 bps=4280 tps=34354 mgps=1279 avgBps=1720 avgTps=8573 avgMGps=327.8 elapsed=27m17s684ms
Aug 18 17:36:25 nimbus-eth1-mainnet-long-benchmark[2924939]: INF 2026-08-18 17:36:25.763+00:00 Imported blocks                            blockNumber=2826241 slot=1 blocks=2826240 txs=14095999 mgas=538756 bps=5128 tps=34415 mgps=1177 avgBps=1724 avgTps=8598 avgMGps=328.7 elapsed=27m19s281ms
Aug 18 17:36:27 nimbus-eth1-mainnet-long-benchmark[2924939]: INF 2026-08-18 17:36:27.407+00:00 Imported blocks                            blockNumber=2834433 slot=1 blocks=2834432 txs=14145661 mgas=540710 bps=4974 tps=30154 mgps=1186 avgBps=1727 avgTps=8620 avgMGps=329.5 elapsed=27m20s928ms
Aug 18 17:36:29 nimbus-eth1-mainnet-long-benchmark[2924939]: INF 2026-08-18 17:36:29.047+00:00 Imported blocks                            blockNumber=2842625 slot=1 blocks=2842624 txs=14204053 mgas=542748 bps=4988 tps=35559 mgps=1241 avgBps=1730 avgTps=8647 avgMGps=330.4 elapsed=27m22s570ms
Aug 18 17:36:30 nimbus-eth1-mainnet-long-benchmark[2924939]: INF 2026-08-18 17:36:30.803+00:00 Imported blocks                            blockNumber=2850817 slot=1 blocks=2850816 txs=14268238 mgas=544974 bps=4663 tps=36537 mgps=1267 avgBps=1733 avgTps=8677 avgMGps=331.4 elapsed=27m24s327ms
Aug 18 17:36:32 nimbus-eth1-mainnet-long-benchmark[2924939]: INF 2026-08-18 17:36:32.819+00:00 Imported blocks                            blockNumber=2859009 slot=1 blocks=2859008 txs=14344728 mgas=547460 bps=4065 tps=37961 mgps=1234 avgBps=1736 avgTps=8713 avgMGps=332.5 elapsed=27m26s342ms
Aug 18 17:36:34 nimbus-eth1-mainnet-long-benchmark[2924939]: INF 2026-08-18 17:36:34.387+00:00 Imported blocks                            blockNumber=2867201 slot=1 blocks=2867200 txs=14400411 mgas=549221 bps=5231 tps=35557 mgps=1124 avgBps=1739 avgTps=8738 avgMGps=333.3 elapsed=27m27s908ms
Aug 18 17:36:35 nimbus-eth1-mainnet-long-benchmark[2924939]: INF 2026-08-18 17:36:35.739+00:00 Imported blocks                            blockNumber=2875393 slot=1 blocks=2875392 txs=14451086 mgas=550674 bps=6045 tps=37395 mgps=1072 avgBps=1743 avgTps=8762 avgMGps=333.9 elapsed=27m29s263ms
Aug 18 17:36:37 nimbus-eth1-mainnet-long-benchmark[2924939]: INF 2026-08-18 17:36:37.219+00:00 Imported blocks                            blockNumber=2883585 slot=1 blocks=2883584 txs=14501243 mgas=552196 bps=5547 tps=33966 mgps=1030 avgBps=1746 avgTps=8784 avgMGps=334.5 elapsed=27m30s740ms
Aug 18 17:36:38 nimbus-eth1-mainnet-long-benchmark[2924939]: INF 2026-08-18 17:36:38.811+00:00 Imported blocks                            blockNumber=2891777 slot=1 blocks=2891776 txs=14559468 mgas=554056 bps=5134 tps=36490 mgps=1165 avgBps=1750 avgTps=8811 avgMGps=335.3 elapsed=27m32s335ms
Aug 18 17:36:40 nimbus-eth1-mainnet-long-benchmark[2924939]: INF 2026-08-18 17:36:40.491+00:00 Imported blocks                            blockNumber=2899969 slot=1 blocks=2899968 txs=14619612 mgas=556140 bps=4880 tps=35831 mgps=1241 avgBps=1753 avgTps=8838 avgMGps=336.2 elapsed=27m34s14ms
Aug 18 17:36:42 nimbus-eth1-mainnet-long-benchmark[2924939]: INF 2026-08-18 17:36:42.151+00:00 Imported blocks                            blockNumber=2908161 slot=1 blocks=2908160 txs=14680600 mgas=558227 bps=4938 tps=36769 mgps=1258 avgBps=1756 avgTps=8866 avgMGps=337.2 elapsed=27m35s673ms
Aug 18 17:36:43 nimbus-eth1-mainnet-long-benchmark[2924939]: INF 2026-08-18 17:36:43.611+00:00 Imported blocks                            blockNumber=2916353 slot=1 blocks=2916352 txs=14734902 mgas=559941 bps=5607 tps=37166 mgps=1173 avgBps=1759 avgTps=8891 avgMGps=337.9 elapsed=27m37s134ms
Aug 18 17:36:45 nimbus-eth1-mainnet-long-benchmark[2924939]: INF 2026-08-18 17:36:45.147+00:00 Imported blocks                            blockNumber=2924545 slot=1 blocks=2924544 txs=14785597 mgas=561526 bps=5337 tps=33030 mgps=1032 avgBps=1763 avgTps=8914 avgMGps=338.5 elapsed=27m38s668ms
Aug 18 17:36:47 nimbus-eth1-mainnet-long-benchmark[2924939]: INF 2026-08-18 17:36:47.079+00:00 Imported blocks                            blockNumber=2932737 slot=1 blocks=2932736 txs=14848623 mgas=563831 bps=4236 tps=32591 mgps=1192 avgBps=1766 avgTps=8941 avgMGps=339.5 elapsed=27m40s602ms
Aug 18 17:36:48 nimbus-eth1-mainnet-long-benchmark[2924939]: INF 2026-08-18 17:36:48.935+00:00 Imported blocks                            blockNumber=2940929 slot=1 blocks=2940928 txs=14916103 mgas=566036 bps=4414 tps=36365 mgps=1188 avgBps=1769 avgTps=8972 avgMGps=340.5 elapsed=27m42s458ms
Aug 18 17:36:50 nimbus-eth1-mainnet-long-benchmark[2924939]: INF 2026-08-18 17:36:50.627+00:00 Imported blocks                            blockNumber=2949121 slot=1 blocks=2949120 txs=14977936 mgas=568008 bps=4842 tps=36554 mgps=1165 avgBps=1772 avgTps=9000 avgMGps=341.3 elapsed=27m44s149ms
Aug 18 17:36:52 nimbus-eth1-mainnet-long-benchmark[2924939]: INF 2026-08-18 17:36:52.275+00:00 Imported blocks                            blockNumber=2957313 slot=1 blocks=2957312 txs=15036441 mgas=569938 bps=4968 tps=35481 mgps=1170 avgBps=1775 avgTps=9026 avgMGps=342.1 elapsed=27m45s798ms
Aug 18 17:36:54 nimbus-eth1-mainnet-long-benchmark[2924939]: INF 2026-08-18 17:36:53.999+00:00 Imported blocks                            blockNumber=2965505 slot=1 blocks=2965504 txs=15096140 mgas=571876 bps=4768 tps=34748 mgps=1127 avgBps=1778 avgTps=9053 avgMGps=343.0 elapsed=27m47s516ms
Aug 18 17:36:55 nimbus-eth1-mainnet-long-benchmark[2924939]: INF 2026-08-18 17:36:55.787+00:00 Imported blocks                            blockNumber=2973697 slot=1 blocks=2973696 txs=15159231 mgas=574120 bps=4571 tps=35207 mgps=1252 avgBps=1781 avgTps=9081 avgMGps=343.9 elapsed=27m49s308ms
Aug 18 17:36:57 nimbus-eth1-mainnet-long-benchmark[2924939]: INF 2026-08-18 17:36:57.451+00:00 Imported blocks                            blockNumber=2981889 slot=1 blocks=2981888 txs=15224105 mgas=576257 bps=4916 tps=38938 mgps=1282 avgBps=1784 avgTps=9110 avgMGps=344.9 elapsed=27m50s974ms
Aug 18 17:36:59 nimbus-eth1-mainnet-long-benchmark[2924939]: INF 2026-08-18 17:36:59.223+00:00 Imported blocks                            blockNumber=2990081 slot=1 blocks=2990080 txs=15294843 mgas=578655 bps=4632 tps=39997 mgps=1355 avgBps=1787 avgTps=9143 avgMGps=345.9 elapsed=27m52s743ms
Aug 18 17:37:00 nimbus-eth1-mainnet-long-benchmark[2924939]: INF 2026-08-18 17:37:00.771+00:00 Imported blocks                            blockNumber=2998273 slot=1 blocks=2998272 txs=15353746 mgas=580508 bps=5301 tps=38119 mgps=1199 avgBps=1790 avgTps=9170 avgMGps=346.7 elapsed=27m54s288ms
Aug 18 17:37:02 nimbus-eth1-mainnet-long-benchmark[2924939]: INF 2026-08-18 17:37:02.347+00:00 Imported blocks                            blockNumber=3006465 slot=1 blocks=3006464 txs=15408119 mgas=582275 bps=5194 tps=34474 mgps=1120 avgBps=1793 avgTps=9194 avgMGps=347.4 elapsed=27m55s865ms
Aug 18 17:37:04 nimbus-eth1-mainnet-long-benchmark[2924939]: INF 2026-08-18 17:37:04.119+00:00 Imported blocks                            blockNumber=3014657 slot=1 blocks=3014656 txs=15473146 mgas=584569 bps=4617 tps=36656 mgps=1293 avgBps=1796 avgTps=9223 avgMGps=348.4 elapsed=27m57s639ms
Aug 18 17:37:05 nimbus-eth1-mainnet-long-benchmark[2924939]: INF 2026-08-18 17:37:05.827+00:00 Imported blocks                            blockNumber=3022849 slot=1 blocks=3022848 txs=15534068 mgas=586597 bps=4804 tps=35730 mgps=1188 avgBps=1800 avgTps=9250 avgMGps=349.3 elapsed=27m59s344ms
Aug 18 17:37:07 nimbus-eth1-mainnet-long-benchmark[2924939]: INF 2026-08-18 17:37:07.559+00:00 Imported blocks                            blockNumber=3031041 slot=1 blocks=3031040 txs=15592616 mgas=588557 bps=4730 tps=33809 mgps=1132 avgBps=1803 avgTps=9275 avgMGps=350.1 elapsed=28m1s76ms
Aug 18 17:37:09 nimbus-eth1-mainnet-long-benchmark[2924939]: INF 2026-08-18 17:37:09.323+00:00 Imported blocks                            blockNumber=3039233 slot=1 blocks=3039232 txs=15653931 mgas=590563 bps=4640 tps=34730 mgps=1135 avgBps=1806 avgTps=9302 avgMGps=350.9 elapsed=28m2s842ms
Aug 18 17:37:11 nimbus-eth1-mainnet-long-benchmark[2924939]: INF 2026-08-18 17:37:11.083+00:00 Imported blocks                            blockNumber=3047425 slot=1 blocks=3047424 txs=15716022 mgas=592712 bps=4638 tps=35160 mgps=1217 avgBps=1808 avgTps=9329 avgMGps=351.8 elapsed=28m4s607ms
Aug 18 17:37:13 nimbus-eth1-mainnet-long-benchmark[2924939]: INF 2026-08-18 17:37:13.023+00:00 Imported blocks                            blockNumber=3055617 slot=1 blocks=3055616 txs=15783949 mgas=595165 bps=4235 tps=35120 mgps=1268 avgBps=1811 avgTps=9358 avgMGps=352.9 elapsed=28m6s542ms
Aug 18 17:37:14 nimbus-eth1-mainnet-long-benchmark[2924939]: INF 2026-08-18 17:37:14.943+00:00 Imported blocks                            blockNumber=3063809 slot=1 blocks=3063808 txs=15845967 mgas=597457 bps=4268 tps=32315 mgps=1194 avgBps=1814 avgTps=9384 avgMGps=353.8 elapsed=28m8s461ms
Aug 18 17:37:16 nimbus-eth1-mainnet-long-benchmark[2924939]: INF 2026-08-18 17:37:16.819+00:00 Imported blocks                            blockNumber=3072001 slot=1 blocks=3072000 txs=15909253 mgas=599641 bps=4361 tps=33690 mgps=1162 avgBps=1817 avgTps=9411 avgMGps=354.7 elapsed=28m10s339ms
Aug 18 17:37:18 nimbus-eth1-mainnet-long-benchmark[2924939]: INF 2026-08-18 17:37:18.615+00:00 Imported blocks                            blockNumber=3080193 slot=1 blocks=3080192 txs=15974922 mgas=601859 bps=4564 tps=36591 mgps=1235 avgBps=1820 avgTps=9440 avgMGps=355.7 elapsed=28m12s134ms
Aug 18 17:37:20 nimbus-eth1-mainnet-long-benchmark[2924939]: INF 2026-08-18 17:37:20.291+00:00 Imported blocks                            blockNumber=3088385 slot=1 blocks=3088384 txs=16029796 mgas=603705 bps=4887 tps=32737 mgps=1101 avgBps=1823 avgTps=9463 avgMGps=356.4 elapsed=28m13s810ms
Aug 18 17:37:22 nimbus-eth1-mainnet-long-benchmark[2924939]: INF 2026-08-18 17:37:22.067+00:00 Imported blocks                            blockNumber=3096577 slot=1 blocks=3096576 txs=16093107 mgas=605803 bps=4610 tps=35627 mgps=1180 avgBps=1826 avgTps=9491 avgMGps=357.3 elapsed=28m15s587ms
Aug 18 17:37:23 nimbus-eth1-mainnet-long-benchmark[2924939]: INF 2026-08-18 17:37:23.835+00:00 Imported blocks                            blockNumber=3104769 slot=1 blocks=3104768 txs=16152869 mgas=607928 bps=4640 tps=33856 mgps=1203 avgBps=1829 avgTps=9516 avgMGps=358.2 elapsed=28m17s352ms
Aug 18 17:37:25 nimbus-eth1-mainnet-long-benchmark[2924939]: INF 2026-08-18 17:37:25.723+00:00 Imported blocks                            blockNumber=3112961 slot=1 blocks=3112960 txs=16211766 mgas=610106 bps=4335 tps=31172 mgps=1153 avgBps=1831 avgTps=9540 avgMGps=359.0 elapsed=28m19s242ms
Aug 18 17:37:27 nimbus-eth1-mainnet-long-benchmark[2924939]: INF 2026-08-18 17:37:27.414+00:00 Imported blocks                            blockNumber=3121153 slot=1 blocks=3121152 txs=16270234 mgas=612081 bps=4839 tps=34537 mgps=1166 avgBps=1834 avgTps=9565 avgMGps=359.9 elapsed=28m20s934ms
Aug 18 17:37:29 nimbus-eth1-mainnet-long-benchmark[2924939]: INF 2026-08-18 17:37:29.186+00:00 Imported blocks                            blockNumber=3129345 slot=1 blocks=3129344 txs=16333790 mgas=614147 bps=4629 tps=35916 mgps=1167 avgBps=1837 avgTps=9592 avgMGps=360.7 elapsed=28m22s704ms
Aug 18 17:37:31 nimbus-eth1-mainnet-long-benchmark[2924939]: INF 2026-08-18 17:37:31.066+00:00 Imported blocks                            blockNumber=3137537 slot=1 blocks=3137536 txs=16397918 mgas=616368 bps=4353 tps=34081 mgps=1180 avgBps=1840 avgTps=9619 avgMGps=361.6 elapsed=28m24s586ms
Aug 18 17:37:33 nimbus-eth1-mainnet-long-benchmark[2924939]: INF 2026-08-18 17:37:33.042+00:00 Imported blocks                            blockNumber=3145729 slot=1 blocks=3145728 txs=16468380 mgas=619034 bps=4144 tps=35651 mgps=1348 avgBps=1843 avgTps=9650 avgMGps=362.7 elapsed=28m26s562ms
Aug 18 17:37:34 nimbus-eth1-mainnet-long-benchmark[2924939]: INF 2026-08-18 17:37:34.970+00:00 Imported blocks                            blockNumber=3153921 slot=1 blocks=3153920 txs=16533186 mgas=621370 bps=4252 tps=33643 mgps=1213 avgBps=1846 avgTps=9677 avgMGps=363.7 elapsed=28m28s488ms
Aug 18 17:37:37 nimbus-eth1-mainnet-long-benchmark[2924939]: INF 2026-08-18 17:37:37.254+00:00 Imported blocks                            blockNumber=3162113 slot=1 blocks=3162112 txs=16603260 mgas=624101 bps=3585 tps=30670 mgps=1195 avgBps=1848 avgTps=9705 avgMGps=364.8 elapsed=28m30s773ms
Aug 18 17:37:39 nimbus-eth1-mainnet-long-benchmark[2924939]: INF 2026-08-18 17:37:39.126+00:00 Imported blocks                            blockNumber=3170305 slot=1 blocks=3170304 txs=16663680 mgas=626280 bps=4375 tps=32272 mgps=1163 avgBps=1851 avgTps=9729 avgMGps=365.7 elapsed=28m32s645ms
Aug 18 17:37:41 nimbus-eth1-mainnet-long-benchmark[2924939]: INF 2026-08-18 17:37:41.330+00:00 Imported blocks                            blockNumber=3178497 slot=1 blocks=3178496 txs=16736932 mgas=629390 bps=3716 tps=33233 mgps=1411 avgBps=1853 avgTps=9759 avgMGps=367.0 elapsed=28m34s849ms
Aug 18 17:37:43 nimbus-eth1-mainnet-long-benchmark[2924939]: INF 2026-08-18 17:37:43.478+00:00 Imported blocks                            blockNumber=3186689 slot=1 blocks=3186688 txs=16816013 mgas=632366 bps=3815 tps=36834 mgps=1386 avgBps=1855 avgTps=9793 avgMGps=368.3 elapsed=28m36s996ms
Aug 18 17:37:45 nimbus-eth1-mainnet-long-benchmark[2924939]: INF 2026-08-18 17:37:45.578+00:00 Imported blocks                            blockNumber=3194881 slot=1 blocks=3194880 txs=16887087 mgas=635171 bps=3898 tps=33822 mgps=1334 avgBps=1858 avgTps=9823 avgMGps=369.5 elapsed=28m39s98ms
Aug 18 17:37:47 nimbus-eth1-mainnet-long-benchmark[2924939]: INF 2026-08-18 17:37:47.466+00:00 Imported blocks                            blockNumber=3203073 slot=1 blocks=3203072 txs=16952065 mgas=637522 bps=4338 tps=34410 mgps=1245 avgBps=1861 avgTps=9850 avgMGps=370.4 elapsed=28m40s986ms
Aug 18 17:37:49 nimbus-eth1-mainnet-long-benchmark[2924939]: INF 2026-08-18 17:37:49.350+00:00 Imported blocks                            blockNumber=3211265 slot=1 blocks=3211264 txs=17020621 mgas=639987 bps=4346 tps=36378 mgps=1307 avgBps=1863 avgTps=9879 avgMGps=371.5 elapsed=28m42s870ms
Aug 18 17:37:51 nimbus-eth1-mainnet-long-benchmark[2924939]: INF 2026-08-18 17:37:51.198+00:00 Imported blocks                            blockNumber=3219457 slot=1 blocks=3219456 txs=17087466 mgas=642273 bps=4434 tps=36187 mgps=1237 avgBps=1866 avgTps=9907 avgMGps=372.4 elapsed=28m44s718ms
Aug 18 17:37:53 nimbus-eth1-mainnet-long-benchmark[2924939]: INF 2026-08-18 17:37:53.266+00:00 Imported blocks                            blockNumber=3227649 slot=1 blocks=3227648 txs=17163229 mgas=645386 bps=3964 tps=36666 mgps=1506 avgBps=1869 avgTps=9939 avgMGps=373.8 elapsed=28m46s784ms
Aug 18 17:37:55 nimbus-eth1-mainnet-long-benchmark[2924939]: INF 2026-08-18 17:37:55.358+00:00 Imported blocks                            blockNumber=3235841 slot=1 blocks=3235840 txs=17232917 mgas=648371 bps=3911 tps=33278 mgps=1425 avgBps=1871 avgTps=9967 avgMGps=375.0 elapsed=28m48s878ms
Aug 18 17:37:57 nimbus-eth1-mainnet-long-benchmark[2924939]: INF 2026-08-18 17:37:57.238+00:00 Imported blocks                            blockNumber=3244033 slot=1 blocks=3244032 txs=17301585 mgas=650660 bps=4360 tps=36547 mgps=1218 avgBps=1874 avgTps=9996 avgMGps=375.9 elapsed=28m50s757ms
Aug 18 17:37:59 nimbus-eth1-mainnet-long-benchmark[2924939]: INF 2026-08-18 17:37:59.354+00:00 Imported blocks                            blockNumber=3252225 slot=1 blocks=3252224 txs=17372755 mgas=653295 bps=3872 tps=33647 mgps=1245 avgBps=1876 avgTps=10025 avgMGps=377.0 elapsed=28m52s872ms
Aug 18 17:38:01 nimbus-eth1-mainnet-long-benchmark[2924939]: INF 2026-08-18 17:38:01.362+00:00 Imported blocks                            blockNumber=3260417 slot=1 blocks=3260416 txs=17443359 mgas=655777 bps=4075 tps=35122 mgps=1234 avgBps=1879 avgTps=10054 avgMGps=378.0 elapsed=28m54s882ms
Aug 18 17:38:03 nimbus-eth1-mainnet-long-benchmark[2924939]: INF 2026-08-18 17:38:03.578+00:00 Imported blocks                            blockNumber=3268609 slot=1 blocks=3268608 txs=17523233 mgas=658598 bps=3698 tps=36062 mgps=1273 avgBps=1881 avgTps=10087 avgMGps=379.1 elapsed=28m57s97ms
Aug 18 17:38:05 nimbus-eth1-mainnet-long-benchmark[2924939]: INF 2026-08-18 17:38:05.790+00:00 Imported blocks                            blockNumber=3276801 slot=1 blocks=3276800 txs=17605848 mgas=661537 bps=3700 tps=37322 mgps=1327 avgBps=1883 avgTps=10122 avgMGps=380.3 elapsed=28m59s311ms
Aug 18 17:38:08 nimbus-eth1-mainnet-long-benchmark[2924939]: INF 2026-08-18 17:38:08.202+00:00 Imported blocks                            blockNumber=3284993 slot=1 blocks=3284992 txs=17699312 mgas=664551 bps=3397 tps=38759 mgps=1249 avgBps=1886 avgTps=10161 avgMGps=381.5 elapsed=29m1s722ms
Aug 18 17:38:10 nimbus-eth1-mainnet-long-benchmark[2924939]: INF 2026-08-18 17:38:10.346+00:00 Imported blocks                            blockNumber=3293185 slot=1 blocks=3293184 txs=17780544 mgas=667179 bps=3820 tps=37884 mgps=1225 avgBps=1888 avgTps=10196 avgMGps=382.6 elapsed=29m3s866ms
Aug 18 17:38:12 nimbus-eth1-mainnet-long-benchmark[2924939]: INF 2026-08-18 17:38:12.290+00:00 Imported blocks                            blockNumber=3301377 slot=1 blocks=3301376 txs=17858324 mgas=669688 bps=4213 tps=40002 mgps=1290 avgBps=1891 avgTps=10229 avgMGps=383.6 elapsed=29m5s811ms
Aug 18 17:38:14 nimbus-eth1-mainnet-long-benchmark[2924939]: INF 2026-08-18 17:38:14.414+00:00 Imported blocks                            blockNumber=3309569 slot=1 blocks=3309568 txs=17943736 mgas=672450 bps=3860 tps=40247 mgps=1301 avgBps=1893 avgTps=10265 avgMGps=384.7 elapsed=29m7s933ms
Aug 18 17:38:16 nimbus-eth1-mainnet-long-benchmark[2924939]: INF 2026-08-18 17:38:16.310+00:00 Imported blocks                            blockNumber=3317761 slot=1 blocks=3317760 txs=18018685 mgas=674814 bps=4321 tps=39535 mgps=1247 avgBps=1896 avgTps=10297 avgMGps=385.6 elapsed=29m9s829ms
Aug 18 17:38:18 nimbus-eth1-mainnet-long-benchmark[2924939]: INF 2026-08-18 17:38:18.786+00:00 Imported blocks                            blockNumber=3325953 slot=1 blocks=3325952 txs=18108227 mgas=677822 bps=3304 tps=36124 mgps=1213 avgBps=1898 avgTps=10333 avgMGps=386.8 elapsed=29m12s307ms
Aug 18 17:38:21 nimbus-eth1-mainnet-long-benchmark[2924939]: INF 2026-08-18 17:38:21.054+00:00 Imported blocks                            blockNumber=3334145 slot=1 blocks=3334144 txs=18197609 mgas=680860 bps=3613 tps=39426 mgps=1340 avgBps=1900 avgTps=10371 avgMGps=388.0 elapsed=29m14s574ms
Aug 18 17:38:23 nimbus-eth1-mainnet-long-benchmark[2924939]: INF 2026-08-18 17:38:23.370+00:00 Imported blocks                            blockNumber=3342337 slot=1 blocks=3342336 txs=18288621 mgas=683771 bps=3539 tps=39322 mgps=1257 avgBps=1902 avgTps=10409 avgMGps=389.2 elapsed=29m16s889ms
Aug 18 17:38:26 nimbus-eth1-mainnet-long-benchmark[2924939]: INF 2026-08-18 17:38:26.402+00:00 Imported blocks                            blockNumber=3350529 slot=1 blocks=3350528 txs=18401578 mgas=688454 bps=2703 tps=37271 mgps=1545 avgBps=1903 avgTps=10455 avgMGps=391.2 elapsed=29m19s920ms
Aug 18 17:38:29 nimbus-eth1-mainnet-long-benchmark[2924939]: INF 2026-08-18 17:38:29.110+00:00 Imported blocks                            blockNumber=3358721 slot=1 blocks=3358720 txs=18510065 mgas=692279 bps=3024 tps=40059 mgps=1412 avgBps=1905 avgTps=10501 avgMGps=392.8 elapsed=29m22s628ms
Aug 18 17:38:32 nimbus-eth1-mainnet-long-benchmark[2924939]: INF 2026-08-18 17:38:32.381+00:00 Imported blocks                            blockNumber=3366913 slot=1 blocks=3366912 txs=18660313 mgas=697136 bps=2502 tps=45905 mgps=1483 avgBps=1906 avgTps=10567 avgMGps=394.8 elapsed=29m25s901ms
Aug 18 17:38:35 nimbus-eth1-mainnet-long-benchmark[2924939]: INF 2026-08-18 17:38:35.381+00:00 Imported blocks                            blockNumber=3375105 slot=1 blocks=3375104 txs=18789723 mgas=701165 bps=2731 tps=43152 mgps=1343 avgBps=1908 avgTps=10622 avgMGps=396.4 elapsed=29m28s900ms
Aug 18 17:38:38 nimbus-eth1-mainnet-long-benchmark[2924939]: INF 2026-08-18 17:38:38.037+00:00 Imported blocks                            blockNumber=3383297 slot=1 blocks=3383296 txs=18908682 mgas=704762 bps=3082 tps=44761 mgps=1353 avgBps=1909 avgTps=10673 avgMGps=397.8 elapsed=29m31s557ms
Aug 18 17:38:40 nimbus-eth1-mainnet-long-benchmark[2924939]: INF 2026-08-18 17:38:40.905+00:00 Imported blocks                            blockNumber=3391489 slot=1 blocks=3391488 txs=19021713 mgas=708381 bps=2854 tps=39382 mgps=1260 avgBps=1911 avgTps=10719 avgMGps=399.2 elapsed=29m34s427ms
Aug 18 17:38:43 nimbus-eth1-mainnet-long-benchmark[2924939]: INF 2026-08-18 17:38:43.453+00:00 Imported blocks                            blockNumber=3399681 slot=1 blocks=3399680 txs=19131415 mgas=711977 bps=3215 tps=43054 mgps=1411 avgBps=1913 avgTps=10766 avgMGps=400.7 elapsed=29m36s975ms
Aug 18 17:38:46 nimbus-eth1-mainnet-long-benchmark[2924939]: INF 2026-08-18 17:38:46.065+00:00 Imported blocks                            blockNumber=3407873 slot=1 blocks=3407872 txs=19243756 mgas=715685 bps=3140 tps=43064 mgps=1421 avgBps=1914 avgTps=10813 avgMGps=402.2 elapsed=29m39s584ms
Aug 18 17:38:48 nimbus-eth1-mainnet-long-benchmark[2924939]: INF 2026-08-18 17:38:48.745+00:00 Imported blocks                            blockNumber=3416065 slot=1 blocks=3416064 txs=19364845 mgas=719460 bps=3054 tps=45146 mgps=1407 avgBps=1916 avgTps=10865 avgMGps=403.7 elapsed=29m42s266ms
Aug 18 17:38:51 nimbus-eth1-mainnet-long-benchmark[2924939]: INF 2026-08-18 17:38:51.425+00:00 Imported blocks                            blockNumber=3424257 slot=1 blocks=3424256 txs=19476133 mgas=722974 bps=3057 tps=41532 mgps=1311 avgBps=1918 avgTps=10911 avgMGps=405.0 elapsed=29m44s946ms
Aug 18 17:38:54 nimbus-eth1-mainnet-long-benchmark[2924939]: INF 2026-08-18 17:38:54.533+00:00 Imported blocks                            blockNumber=3432449 slot=1 blocks=3432448 txs=19602685 mgas=727493 bps=2636 tps=40726 mgps=1454 avgBps=1919 avgTps=10963 avgMGps=406.9 elapsed=29m48s53ms
Aug 18 17:38:57 nimbus-eth1-mainnet-long-benchmark[2924939]: INF 2026-08-18 17:38:57.521+00:00 Imported blocks                            blockNumber=3440641 slot=1 blocks=3440640 txs=19719424 mgas=731341 bps=2740 tps=39057 mgps=1287 avgBps=1921 avgTps=11010 avgMGps=408.3 elapsed=29m51s42ms
Aug 18 17:39:00 nimbus-eth1-mainnet-long-benchmark[2924939]: INF 2026-08-18 17:39:00.681+00:00 Imported blocks                            blockNumber=3448833 slot=1 blocks=3448832 txs=19856929 mgas=735991 bps=2591 tps=43499 mgps=1471 avgBps=1922 avgTps=11067 avgMGps=410.2 elapsed=29m54s203ms
Aug 18 17:39:03 nimbus-eth1-mainnet-long-benchmark[2924939]: INF 2026-08-18 17:39:03.845+00:00 Imported blocks                            blockNumber=3457025 slot=1 blocks=3457024 txs=19989301 mgas=740346 bps=2590 tps=41866 mgps=1377 avgBps=1923 avgTps=11121 avgMGps=411.9 elapsed=29m57s365ms
Aug 18 17:39:06 nimbus-eth1-mainnet-long-benchmark[2924939]: INF 2026-08-18 17:39:06.729+00:00 Imported blocks                            blockNumber=3465217 slot=1 blocks=3465216 txs=20105739 mgas=744219 bps=2841 tps=40382 mgps=1343 avgBps=1924 avgTps=11168 avgMGps=413.4 elapsed=30m248ms584us
Aug 18 17:39:10 nimbus-eth1-mainnet-long-benchmark[2924939]: INF 2026-08-18 17:39:10.265+00:00 Imported blocks                            blockNumber=3473409 slot=1 blocks=3473408 txs=20244697 mgas=748824 bps=2315 tps=39268 mgps=1301 avgBps=1925 avgTps=11223 avgMGps=415.1 elapsed=30m3s787ms
Aug 18 17:39:13 nimbus-eth1-mainnet-long-benchmark[2924939]: INF 2026-08-18 17:39:13.221+00:00 Imported blocks                            blockNumber=3481601 slot=1 blocks=3481600 txs=20359934 mgas=752728 bps=2771 tps=38992 mgps=1321 avgBps=1927 avgTps=11268 avgMGps=416.6 elapsed=30m6s742ms
Aug 18 17:39:16 nimbus-eth1-mainnet-long-benchmark[2924939]: INF 2026-08-18 17:39:16.405+00:00 Imported blocks                            blockNumber=3489793 slot=1 blocks=3489792 txs=20489247 mgas=757133 bps=2572 tps=40612 mgps=1383 avgBps=1928 avgTps=11320 avgMGps=418.3 elapsed=30m9s926ms
Aug 18 17:39:19 nimbus-eth1-mainnet-long-benchmark[2924939]: INF 2026-08-18 17:39:19.397+00:00 Imported blocks                            blockNumber=3497985 slot=1 blocks=3497984 txs=20610573 mgas=761275 bps=2739 tps=40574 mgps=1385 avgBps=1929 avgTps=11368 avgMGps=419.9 elapsed=30m12s916ms
Aug 18 17:39:22 nimbus-eth1-mainnet-long-benchmark[2924939]: INF 2026-08-18 17:39:22.093+00:00 Imported blocks                            blockNumber=3506177 slot=1 blocks=3506176 txs=20712514 mgas=764733 bps=3035 tps=37771 mgps=1281 avgBps=1931 avgTps=11407 avgMGps=421.2 elapsed=30m15s615ms
Aug 18 17:39:24 nimbus-eth1-mainnet-long-benchmark[2924939]: INF 2026-08-18 17:39:24.933+00:00 Imported blocks                            blockNumber=3514369 slot=1 blocks=3514368 txs=20816987 mgas=768535 bps=2888 tps=36831 mgps=1340 avgBps=1932 avgTps=11447 avgMGps=422.6 elapsed=30m18s452ms
Aug 18 17:39:27 nimbus-eth1-mainnet-long-benchmark[2924939]: INF 2026-08-18 17:39:27.845+00:00 Imported blocks                            blockNumber=3522561 slot=1 blocks=3522560 txs=20927650 mgas=772428 bps=2811 tps=37980 mgps=1336 avgBps=1934 avgTps=11490 avgMGps=424.1 elapsed=30m21s365ms
Aug 18 17:39:30 nimbus-eth1-mainnet-long-benchmark[2924939]: INF 2026-08-18 17:39:30.885+00:00 Imported blocks                            blockNumber=3530753 slot=1 blocks=3530752 txs=21045786 mgas=776787 bps=2694 tps=38851 mgps=1433 avgBps=1935 avgTps=11535 avgMGps=425.8 elapsed=30m24s406ms
Aug 18 17:39:34 nimbus-eth1-mainnet-long-benchmark[2924939]: INF 2026-08-18 17:39:34.036+00:00 Imported blocks                            blockNumber=3538945 slot=1 blocks=3538944 txs=21162324 mgas=780744 bps=2599 tps=36973 mgps=1255 avgBps=1936 avgTps=11579 avgMGps=427.2 elapsed=30m27s558ms
Aug 18 17:39:36 nimbus-eth1-mainnet-long-benchmark[2924939]: INF 2026-08-18 17:39:36.844+00:00 Imported blocks                            blockNumber=3547137 slot=1 blocks=3547136 txs=21259923 mgas=784269 bps=2918 tps=34768 mgps=1255 avgBps=1937 avgTps=11615 avgMGps=428.5 elapsed=30m30s365ms
Aug 18 17:39:40 nimbus-eth1-mainnet-long-benchmark[2924939]: INF 2026-08-18 17:39:40.272+00:00 Imported blocks                            blockNumber=3555329 slot=1 blocks=3555328 txs=21365417 mgas=788221 bps=2389 tps=30765 mgps=1152 avgBps=1938 avgTps=11650 avgMGps=429.8 elapsed=30m33s794ms
Aug 18 17:39:43 nimbus-eth1-mainnet-long-benchmark[2924939]: INF 2026-08-18 17:39:43.628+00:00 Imported blocks                            blockNumber=3563521 slot=1 blocks=3563520 txs=21479194 mgas=792760 bps=2440 tps=33891 mgps=1351 avgBps=1939 avgTps=11691 avgMGps=431.5 elapsed=30m37s151ms
Aug 18 17:39:47 nimbus-eth1-mainnet-long-benchmark[2924939]: INF 2026-08-18 17:39:47.504+00:00 Imported blocks                            blockNumber=3571713 slot=1 blocks=3571712 txs=21601426 mgas=797692 bps=2113 tps=31537 mgps=1272 avgBps=1940 avgTps=11733 avgMGps=433.3 elapsed=30m41s27ms
Aug 18 17:39:50 nimbus-eth1-mainnet-long-benchmark[2924939]: INF 2026-08-18 17:39:50.724+00:00 Imported blocks                            blockNumber=3579905 slot=1 blocks=3579904 txs=21714943 mgas=803063 bps=2545 tps=35277 mgps=1669 avgBps=1941 avgTps=11774 avgMGps=435.4 elapsed=30m44s245ms
Aug 18 17:39:53 nimbus-eth1-mainnet-long-benchmark[2924939]: INF 2026-08-18 17:39:53.900+00:00 Imported blocks                            blockNumber=3588097 slot=1 blocks=3588096 txs=21818694 mgas=806982 bps=2577 tps=32647 mgps=1233 avgBps=1942 avgTps=11810 avgMGps=436.8 elapsed=30m47s423ms
Aug 18 17:39:57 nimbus-eth1-mainnet-long-benchmark[2924939]: INF 2026-08-18 17:39:57.164+00:00 Imported blocks                            blockNumber=3596289 slot=1 blocks=3596288 txs=21930951 mgas=811315 bps=2512 tps=34426 mgps=1328 avgBps=1943 avgTps=11850 avgMGps=438.4 elapsed=30m50s684ms
Aug 18 17:40:00 nimbus-eth1-mainnet-long-benchmark[2924939]: INF 2026-08-18 17:40:00.876+00:00 Imported blocks                            blockNumber=3604481 slot=1 blocks=3604480 txs=22067570 mgas=816605 bps=2206 tps=36791 mgps=1424 avgBps=1943 avgTps=11900 avgMGps=440.4 elapsed=30m54s397ms
Aug 18 17:40:04 nimbus-eth1-mainnet-long-benchmark[2924939]: INF 2026-08-18 17:40:04.564+00:00 Imported blocks                            blockNumber=3612673 slot=1 blocks=3612672 txs=22210728 mgas=821860 bps=2221 tps=38820 mgps=1425 avgBps=1944 avgTps=11953 avgMGps=442.3 elapsed=30m58s85ms
Aug 18 17:40:08 nimbus-eth1-mainnet-long-benchmark[2924939]: INF 2026-08-18 17:40:08.156+00:00 Imported blocks                            blockNumber=3620865 slot=1 blocks=3620864 txs=22356473 mgas=826729 bps=2281 tps=40582 mgps=1355 avgBps=1944 avgTps=12008 avgMGps=444.1 elapsed=31m1s676ms
Aug 18 17:40:11 nimbus-eth1-mainnet-long-benchmark[2924939]: INF 2026-08-18 17:40:11.792+00:00 Imported blocks                            blockNumber=3629057 slot=1 blocks=3629056 txs=22493035 mgas=831609 bps=2252 tps=37554 mgps=1341 avgBps=1945 avgTps=12058 avgMGps=445.8 elapsed=31m5s312ms
Aug 18 17:40:16 nimbus-eth1-mainnet-long-benchmark[2924939]: INF 2026-08-18 17:40:16.032+00:00 Imported blocks                            blockNumber=3637249 slot=1 blocks=3637248 txs=22653459 mgas=838015 bps=1931 tps=37819 mgps=1510 avgBps=1945 avgTps=12117 avgMGps=448.2 elapsed=31m9s554ms
Aug 18 17:40:19 nimbus-eth1-mainnet-long-benchmark[2924939]: INF 2026-08-18 17:40:19.944+00:00 Imported blocks                            blockNumber=3645441 slot=1 blocks=3645440 txs=22803895 mgas=843797 bps=2094 tps=38460 mgps=1478 avgBps=1945 avgTps=12172 avgMGps=450.4 elapsed=31m13s465ms
Aug 18 17:40:24 nimbus-eth1-mainnet-long-benchmark[2924939]: INF 2026-08-18 17:40:24.136+00:00 Imported blocks                            blockNumber=3653633 slot=1 blocks=3653632 txs=22971454 mgas=849617 bps=1954 tps=39987 mgps=1388 avgBps=1945 avgTps=12234 avgMGps=452.5 elapsed=31m17s656ms
Aug 18 17:40:27 nimbus-eth1-mainnet-long-benchmark[2924939]: INF 2026-08-18 17:40:27.836+00:00 Imported blocks                            blockNumber=3661825 slot=1 blocks=3661824 txs=23113579 mgas=854946 bps=2213 tps=38399 mgps=1439 avgBps=1946 avgTps=12285 avgMGps=454.4 elapsed=31m21s357ms
Aug 18 17:40:32 nimbus-eth1-mainnet-long-benchmark[2924939]: INF 2026-08-18 17:40:32.076+00:00 Imported blocks                            blockNumber=3670017 slot=1 blocks=3670016 txs=23265845 mgas=861247 bps=1931 tps=35903 mgps=1485 avgBps=1946 avgTps=12338 avgMGps=456.8 elapsed=31m25s598ms
Aug 18 17:40:36 nimbus-eth1-mainnet-long-benchmark[2924939]: INF 2026-08-18 17:40:36.295+00:00 Imported blocks                            blockNumber=3678209 slot=1 blocks=3678208 txs=23435342 mgas=867818 bps=1942 tps=40183 mgps=1557 avgBps=1946 avgTps=12400 avgMGps=459.2 elapsed=31m29s816ms
Aug 18 17:40:40 nimbus-eth1-mainnet-long-benchmark[2924939]: INF 2026-08-18 17:40:40.611+00:00 Imported blocks                            blockNumber=3686401 slot=1 blocks=3686400 txs=23591592 mgas=875166 bps=1897 tps=36185 mgps=1701 avgBps=1946 avgTps=12455 avgMGps=462.0 elapsed=31m34s134ms
Aug 18 17:40:45 nimbus-eth1-mainnet-long-benchmark[2924939]: INF 2026-08-18 17:40:45.039+00:00 Imported blocks                            blockNumber=3694593 slot=1 blocks=3694592 txs=23758936 mgas=882502 bps=1850 tps=37810 mgps=1657 avgBps=1945 avgTps=12514 avgMGps=464.8 elapsed=31m38s560ms
Aug 18 17:40:49 nimbus-eth1-mainnet-long-benchmark[2924939]: INF 2026-08-18 17:40:49.463+00:00 Imported blocks                            blockNumber=3702785 slot=1 blocks=3702784 txs=23906638 mgas=890038 bps=1850 tps=33371 mgps=1702 avgBps=1945 avgTps=12562 avgMGps=467.7 elapsed=31m42s986ms
Aug 18 17:40:54 nimbus-eth1-mainnet-long-benchmark[2924939]: INF 2026-08-18 17:40:54.263+00:00 Imported blocks                            blockNumber=3710977 slot=1 blocks=3710976 txs=24074925 mgas=898232 bps=1707 tps=35073 mgps=1707 avgBps=1945 avgTps=12619 avgMGps=470.8 elapsed=31m47s784ms
Aug 18 17:40:59 nimbus-eth1-mainnet-long-benchmark[2924939]: INF 2026-08-18 17:40:59.855+00:00 Imported blocks                            blockNumber=3719169 slot=1 blocks=3719168 txs=24251666 mgas=908116 bps=1464 tps=31597 mgps=1766 avgBps=1943 avgTps=12674 avgMGps=474.6 elapsed=31m53s377ms
Aug 18 17:41:06 nimbus-eth1-mainnet-long-benchmark[2924939]: INF 2026-08-18 17:41:06.083+00:00 Imported blocks                            blockNumber=3727361 slot=1 blocks=3727360 txs=24465747 mgas=919567 bps=1315 tps=34368 mgps=1838 avgBps=1941 avgTps=12745 avgMGps=479.0 elapsed=31m59s606ms
Aug 18 17:41:12 nimbus-eth1-mainnet-long-benchmark[2924939]: INF 2026-08-18 17:41:12.843+00:00 Imported blocks                            blockNumber=3735553 slot=1 blocks=3735552 txs=24695074 mgas=931763 bps=1212 tps=33940 mgps=1805 avgBps=1939 avgTps=12819 avgMGps=483.7 elapsed=32m6s363ms
Aug 18 17:41:18 nimbus-eth1-mainnet-long-benchmark[2924939]: INF 2026-08-18 17:41:18.759+00:00 Imported blocks                            blockNumber=3743745 slot=1 blocks=3743744 txs=24897017 mgas=942377 bps=1384 tps=34133 mgps=1794 avgBps=1937 avgTps=12884 avgMGps=487.7 elapsed=32m12s279ms
Aug 18 17:41:25 nimbus-eth1-mainnet-long-benchmark[2924939]: INF 2026-08-18 17:41:25.963+00:00 Imported blocks                            blockNumber=3751937 slot=1 blocks=3751936 txs=25157423 mgas=954976 bps=1137 tps=36153 mgps=1749 avgBps=1934 avgTps=12971 avgMGps=492.4 elapsed=32m19s482ms
Aug 18 17:41:33 nimbus-eth1-mainnet-long-benchmark[2924939]: INF 2026-08-18 17:41:33.763+00:00 Imported blocks                            blockNumber=3760129 slot=1 blocks=3760128 txs=25435951 mgas=970755 bps=1050 tps=35713 mgps=2023 avgBps=1930 avgTps=13062 avgMGps=498.5 elapsed=32m27s281ms
Aug 18 17:41:41 nimbus-eth1-mainnet-long-benchmark[2924939]: INF 2026-08-18 17:41:41.950+00:00 Imported blocks                            blockNumber=3768321 slot=1 blocks=3768320 txs=25714964 mgas=987106 bps=1000 tps=34071 mgps=1996 avgBps=1927 avgTps=13150 avgMGps=504.8 elapsed=32m35s470ms
Aug 18 17:41:48 nimbus-eth1-mainnet-long-benchmark[2924939]: INF 2026-08-18 17:41:48.898+00:00 Imported blocks                            blockNumber=3776513 slot=1 blocks=3776512 txs=25959502 mgas=1000629 bps=1179 tps=35200 mgps=1946 avgBps=1924 avgTps=13228 avgMGps=509.9 elapsed=32m42s417ms
Aug 18 17:41:55 nimbus-eth1-mainnet-long-benchmark[2924939]: INF 2026-08-18 17:41:55.750+00:00 Imported blocks                            blockNumber=3784705 slot=1 blocks=3784704 txs=26184324 mgas=1013346 bps=1195 tps=32813 mgps=1856 avgBps=1921 avgTps=13296 avgMGps=514.6 elapsed=32m49s269ms
Aug 18 17:42:03 nimbus-eth1-mainnet-long-benchmark[2924939]: INF 2026-08-18 17:42:03.190+00:00 Imported blocks                            blockNumber=3792897 slot=1 blocks=3792896 txs=26433319 mgas=1026938 bps=1101 tps=33471 mgps=1827 avgBps=1918 avgTps=13372 avgMGps=519.5 elapsed=32m56s708ms
Aug 18 17:42:11 nimbus-eth1-mainnet-long-benchmark[2924939]: INF 2026-08-18 17:42:11.830+00:00 Imported blocks                            blockNumber=3801089 slot=1 blocks=3801088 txs=26747621 mgas=1046771 bps=947.9 tps=36367 mgps=2294 avgBps=1914 avgTps=13472 avgMGps=527.2 elapsed=33m5s350ms
Aug 18 17:42:23 nimbus-eth1-mainnet-long-benchmark[2924939]: INF 2026-08-18 17:42:23.686+00:00 Imported blocks                            blockNumber=3809281 slot=1 blocks=3809280 txs=27061297 mgas=1064751 bps=691.1 tps=26462 mgps=1516 avgBps=1907 avgTps=13549 avgMGps=533.1 elapsed=33m17s204ms
Aug 18 17:42:33 nimbus-eth1-mainnet-long-benchmark[2924939]: INF 2026-08-18 17:42:33.234+00:00 Imported blocks                            blockNumber=3817473 slot=1 blocks=3817472 txs=27341915 mgas=1081444 bps=857.9 tps=29388 mgps=1748 avgBps=1902 avgTps=13624 avgMGps=538.9 elapsed=33m26s752ms
Aug 18 17:42:42 nimbus-eth1-mainnet-long-benchmark[2924939]: INF 2026-08-18 17:42:42.153+00:00 Imported blocks                            blockNumber=3825665 slot=1 blocks=3825664 txs=27638029 mgas=1097397 bps=918.1 tps=33186 mgps=1787 avgBps=1897 avgTps=13711 avgMGps=544.4 elapsed=33m35s675ms
Aug 18 17:42:51 nimbus-eth1-mainnet-long-benchmark[2924939]: INF 2026-08-18 17:42:51.817+00:00 Imported blocks                            blockNumber=3833857 slot=1 blocks=3833856 txs=27955783 mgas=1114890 bps=847.8 tps=32884 mgps=1810 avgBps=1892 avgTps=13803 avgMGps=550.5 elapsed=33m45s338ms
Aug 18 17:43:01 nimbus-eth1-mainnet-long-benchmark[2924939]: INF 2026-08-18 17:43:01.561+00:00 Imported blocks                            blockNumber=3842049 slot=1 blocks=3842048 txs=28261640 mgas=1132042 bps=840.6 tps=31384 mgps=1759 avgBps=1887 avgTps=13887 avgMGps=556.3 elapsed=33m55s83ms
Aug 18 17:43:11 nimbus-eth1-mainnet-long-benchmark[2924939]: INF 2026-08-18 17:43:11.521+00:00 Imported blocks                            blockNumber=3850241 slot=1 blocks=3850240 txs=28586948 mgas=1148180 bps=822.7 tps=32668 mgps=1620 avgBps=1882 avgTps=13978 avgMGps=561.4 elapsed=34m5s41ms
Aug 18 17:43:22 nimbus-eth1-mainnet-long-benchmark[2924939]: INF 2026-08-18 17:43:22.069+00:00 Imported blocks                            blockNumber=3858433 slot=1 blocks=3858432 txs=28952806 mgas=1166696 bps=776.6 tps=34681 mgps=1755 avgBps=1877 avgTps=14084 avgMGps=567.6 elapsed=34m15s590ms
Aug 18 17:43:34 nimbus-eth1-mainnet-long-benchmark[2924939]: INF 2026-08-18 17:43:34.653+00:00 Imported blocks                            blockNumber=3866625 slot=1 blocks=3866624 txs=29403805 mgas=1188428 bps=651.0 tps=35838 mgps=1726 avgBps=1869 avgTps=14217 avgMGps=574.6 elapsed=34m28s174ms
Aug 18 17:43:46 nimbus-eth1-mainnet-long-benchmark[2924939]: INF 2026-08-18 17:43:46.136+00:00 Imported blocks                            blockNumber=3874817 slot=1 blocks=3874816 txs=29807677 mgas=1206857 bps=713.3 tps=35164 mgps=1604 avgBps=1863 avgTps=14332 avgMGps=580.3 elapsed=34m39s659ms
Aug 18 17:43:58 nimbus-eth1-mainnet-long-benchmark[2924939]: INF 2026-08-18 17:43:58.364+00:00 Imported blocks                            blockNumber=3883009 slot=1 blocks=3883008 txs=30207027 mgas=1225365 bps=670.0 tps=32663 mgps=1513 avgBps=1856 avgTps=14440 avgMGps=585.8 elapsed=34m51s886ms
Aug 18 17:44:09 nimbus-eth1-mainnet-long-benchmark[2924939]: INF 2026-08-18 17:44:09.740+00:00 Imported blocks                            blockNumber=3891201 slot=1 blocks=3891200 txs=30573169 mgas=1242981 bps=720.1 tps=32184 mgps=1548 avgBps=1850 avgTps=14536 avgMGps=591.0 elapsed=35m3s262ms
Aug 18 17:44:22 nimbus-eth1-mainnet-long-benchmark[2924939]: INF 2026-08-18 17:44:22.124+00:00 Imported blocks                            blockNumber=3899393 slot=1 blocks=3899392 txs=30974567 mgas=1263036 bps=661.6 tps=32418 mgps=1619 avgBps=1843 avgTps=14640 avgMGps=597.0 elapsed=35m15s644ms
Aug 18 17:44:35 nimbus-eth1-mainnet-long-benchmark[2924939]: INF 2026-08-18 17:44:35.164+00:00 Imported blocks                            blockNumber=3907585 slot=1 blocks=3907584 txs=31442086 mgas=1289672 bps=628.2 tps=35849 mgps=2042 avgBps=1835 avgTps=14770 avgMGps=605.9 elapsed=35m28s685ms
Aug 18 17:44:48 nimbus-eth1-mainnet-long-benchmark[2924939]: INF 2026-08-18 17:44:48.051+00:00 Imported blocks                            blockNumber=3915777 slot=1 blocks=3915776 txs=31890166 mgas=1317182 bps=635.7 tps=34770 mgps=2134 avgBps=1828 avgTps=14891 avgMGps=615.1 elapsed=35m41s572ms
Aug 18 17:45:00 nimbus-eth1-mainnet-long-benchmark[2924939]: INF 2026-08-18 17:45:00.743+00:00 Imported blocks                            blockNumber=3923969 slot=1 blocks=3923968 txs=32335303 mgas=1339388 bps=645.4 tps=35067 mgps=1749 avgBps=1821 avgTps=15009 avgMGps=621.7 elapsed=35m54s266ms
Aug 18 17:45:13 nimbus-eth1-mainnet-long-benchmark[2924939]: INF 2026-08-18 17:45:13.211+00:00 Imported blocks                            blockNumber=3932161 slot=1 blocks=3932160 txs=32729247 mgas=1359581 bps=657.0 tps=31592 mgps=1619 avgBps=1814 avgTps=15105 avgMGps=627.5 elapsed=36m6s735ms
Aug 18 17:45:27 nimbus-eth1-mainnet-long-benchmark[2924939]: INF 2026-08-18 17:45:27.055+00:00 Imported blocks                            blockNumber=3940353 slot=1 blocks=3940352 txs=33203684 mgas=1380729 bps=591.8 tps=34272 mgps=1527 avgBps=1807 avgTps=15227 avgMGps=633.2 elapsed=36m20s578ms
Aug 18 17:45:42 nimbus-eth1-mainnet-long-benchmark[2924939]: INF 2026-08-18 17:45:42.991+00:00 Imported blocks                            blockNumber=3948545 slot=1 blocks=3948544 txs=33656420 mgas=1405567 bps=514.2 tps=28418 mgps=1559 avgBps=1797 avgTps=15322 avgMGps=639.9 elapsed=36m36s510ms
Aug 18 17:45:57 nimbus-eth1-mainnet-long-benchmark[2924939]: INF 2026-08-18 17:45:57.130+00:00 Imported blocks                            blockNumber=3956737 slot=1 blocks=3956736 txs=34065617 mgas=1427412 bps=579.4 tps=28940 mgps=1544 avgBps=1789 avgTps=15409 avgMGps=645.7 elapsed=36m50s649ms
Aug 18 17:46:11 nimbus-eth1-mainnet-long-benchmark[2924939]: INF 2026-08-18 17:46:11.190+00:00 Imported blocks                            blockNumber=3964929 slot=1 blocks=3964928 txs=34456817 mgas=1448293 bps=582.7 tps=27824 mgps=1485 avgBps=1782 avgTps=15488 avgMGps=651.0 elapsed=37m4s708ms
Aug 18 17:46:27 nimbus-eth1-mainnet-long-benchmark[2924939]: INF 2026-08-18 17:46:27.698+00:00 Imported blocks                            blockNumber=3973121 slot=1 blocks=3973120 txs=34937474 mgas=1473277 bps=496.2 tps=29113 mgps=1513 avgBps=1772 avgTps=15588 avgMGps=657.4 elapsed=37m21s218ms
Aug 18 17:46:43 nimbus-eth1-mainnet-long-benchmark[2924939]: INF 2026-08-18 17:46:43.830+00:00 Imported blocks                            blockNumber=3981313 slot=1 blocks=3981312 txs=35377310 mgas=1497710 bps=507.8 tps=27263 mgps=1514 avgBps=1763 avgTps=15672 avgMGps=663.5 elapsed=37m37s351ms
Aug 18 17:46:59 nimbus-eth1-mainnet-long-benchmark[2924939]: INF 2026-08-18 17:46:59.393+00:00 Imported blocks                            blockNumber=3989505 slot=1 blocks=3989504 txs=35833415 mgas=1519913 bps=526.5 tps=29311 mgps=1426 avgBps=1755 avgTps=15765 avgMGps=668.7 elapsed=37m52s912ms
Aug 18 17:47:13 nimbus-eth1-mainnet-long-benchmark[2924939]: INF 2026-08-18 17:47:13.033+00:00 Imported blocks                            blockNumber=3997697 slot=1 blocks=3997696 txs=36234956 mgas=1539698 bps=600.5 tps=29432 mgps=1450 avgBps=1748 avgTps=15846 avgMGps=673.4 elapsed=38m6s554ms
Aug 18 17:47:28 nimbus-eth1-mainnet-long-benchmark[2924939]: INF 2026-08-18 17:47:28.213+00:00 Imported blocks                            blockNumber=4005889 slot=1 blocks=4005888 txs=36703407 mgas=1561188 bps=539.7 tps=30860 mgps=1415 avgBps=1740 avgTps=15945 avgMGps=678.3 elapsed=38m21s734ms
Aug 18 17:47:46 nimbus-eth1-mainnet-long-benchmark[2924939]: INF 2026-08-18 17:47:46.245+00:00 Imported blocks                            blockNumber=4014081 slot=1 blocks=4014080 txs=37224496 mgas=1586802 bps=454.3 tps=28896 mgps=1420 avgBps=1730 avgTps=16046 avgMGps=684.0 elapsed=38m39s767ms
Aug 18 17:48:02 nimbus-eth1-mainnet-long-benchmark[2924939]: INF 2026-08-18 17:48:02.404+00:00 Imported blocks                            blockNumber=4022273 slot=1 blocks=4022272 txs=37690228 mgas=1612379 bps=507.0 tps=28825 mgps=1583 avgBps=1721 avgTps=16135 avgMGps=690.3 elapsed=38m55s924ms
Aug 18 17:48:17 nimbus-eth1-mainnet-long-benchmark[2924939]: INF 2026-08-18 17:48:17.116+00:00 Imported blocks                            blockNumber=4030465 slot=1 blocks=4030464 txs=38112873 mgas=1631451 bps=556.8 tps=28728 mgps=1296 avgBps=1714 avgTps=16213 avgMGps=694.0 elapsed=39m10s636ms
Aug 18 17:48:32 nimbus-eth1-mainnet-long-benchmark[2924939]: INF 2026-08-18 17:48:32.476+00:00 Imported blocks                            blockNumber=4038657 slot=1 blocks=4038656 txs=38565638 mgas=1653039 bps=533.3 tps=29474 mgps=1405 avgBps=1706 avgTps=16299 avgMGps=698.7 elapsed=39m25s997ms
Aug 18 17:48:48 nimbus-eth1-mainnet-long-benchmark[2924939]: INF 2026-08-18 17:48:48.740+00:00 Imported blocks                            blockNumber=4046849 slot=1 blocks=4046848 txs=39059974 mgas=1677245 bps=503.7 tps=30393 mgps=1488 avgBps=1698 avgTps=16396 avgMGps=704.1 elapsed=39m42s261ms
Aug 18 17:49:02 nimbus-eth1-mainnet-long-benchmark[2924939]: INF 2026-08-18 17:49:02.647+00:00 Imported blocks                            blockNumber=4055041 slot=1 blocks=4055040 txs=39487144 mgas=1696973 bps=588.9 tps=30709 mgps=1418 avgBps=1692 avgTps=16479 avgMGps=708.2 elapsed=39m56s171ms
Aug 18 17:49:15 nimbus-eth1-mainnet-long-benchmark[2924939]: INF 2026-08-18 17:49:15.947+00:00 Imported blocks                            blockNumber=4063233 slot=1 blocks=4063232 txs=39896376 mgas=1714917 bps=615.9 tps=30769 mgps=1349 avgBps=1686 avgTps=16558 avgMGps=711.7 elapsed=40m9s471ms
Aug 18 17:49:31 nimbus-eth1-mainnet-long-benchmark[2924939]: INF 2026-08-18 17:49:31.639+00:00 Imported blocks                            blockNumber=4071425 slot=1 blocks=4071424 txs=40351545 mgas=1737669 bps=522.1 tps=29007 mgps=1449 avgBps=1678 avgTps=16638 avgMGps=716.5 elapsed=40m25s163ms
Aug 18 17:49:45 nimbus-eth1-mainnet-long-benchmark[2924939]: INF 2026-08-18 17:49:45.183+00:00 Imported blocks                            blockNumber=4079617 slot=1 blocks=4079616 txs=40763097 mgas=1758062 bps=605.0 tps=30392 mgps=1505 avgBps=1672 avgTps=16715 avgMGps=720.9 elapsed=40m38s704ms
Aug 18 17:49:59 nimbus-eth1-mainnet-long-benchmark[2924939]: INF 2026-08-18 17:49:59.059+00:00 Imported blocks                            blockNumber=4087809 slot=1 blocks=4087808 txs=41165923 mgas=1777579 bps=590.5 tps=29038 mgps=1406 avgBps=1666 avgTps=16784 avgMGps=724.8 elapsed=40m52s576ms
Aug 18 17:50:11 nimbus-eth1-mainnet-long-benchmark[2924939]: INF 2026-08-18 17:50:11.154+00:00 Imported blocks                            blockNumber=4096001 slot=1 blocks=4096000 txs=41516434 mgas=1795887 bps=677.1 tps=28972 mgps=1513 avgBps=1661 avgTps=16844 avgMGps=728.7 elapsed=41m4s674ms
Aug 18 17:50:26 nimbus-eth1-mainnet-long-benchmark[2924939]: INF 2026-08-18 17:50:26.410+00:00 Imported blocks                            blockNumber=4104193 slot=1 blocks=4104192 txs=41958138 mgas=1819167 bps=536.9 tps=28951 mgps=1525 avgBps=1654 avgTps=16919 avgMGps=733.6 elapsed=41m19s931ms
Aug 18 17:50:43 nimbus-eth1-mainnet-long-benchmark[2924939]: INF 2026-08-18 17:50:43.502+00:00 Imported blocks                            blockNumber=4112385 slot=1 blocks=4112384 txs=42432539 mgas=1843744 bps=479.3 tps=27757 mgps=1438 avgBps=1646 avgTps=16993 avgMGps=738.4 elapsed=41m37s22ms
Aug 18 17:51:01 nimbus-eth1-mainnet-long-benchmark[2924939]: INF 2026-08-18 17:51:01.466+00:00 Imported blocks                            blockNumber=4120577 slot=1 blocks=4120576 txs=42944928 mgas=1869613 bps=456.1 tps=28526 mgps=1440 avgBps=1638 avgTps=17075 avgMGps=743.4 elapsed=41m54s984ms
Aug 18 17:51:20 nimbus-eth1-mainnet-long-benchmark[2924939]: INF 2026-08-18 17:51:20.081+00:00 Imported blocks                            blockNumber=4128769 slot=1 blocks=4128768 txs=43484550 mgas=1895091 bps=440.0 tps=28983 mgps=1368 avgBps=1629 avgTps=17163 avgMGps=748.0 elapsed=42m13s602ms
Aug 18 17:51:40 nimbus-eth1-mainnet-long-benchmark[2924939]: INF 2026-08-18 17:51:40.817+00:00 Imported blocks                            blockNumber=4136961 slot=1 blocks=4136960 txs=44096680 mgas=1925617 bps=395.1 tps=29520 mgps=1472 avgBps=1619 avgTps=17263 avgMGps=753.9 elapsed=42m34s338ms
Aug 18 17:52:02 nimbus-eth1-mainnet-long-benchmark[2924939]: INF 2026-08-18 17:52:02.989+00:00 Imported blocks                            blockNumber=4145153 slot=1 blocks=4145152 txs=44766508 mgas=1956933 bps=369.5 tps=30214 mgps=1412 avgBps=1608 avgTps=17374 avgMGps=759.5 elapsed=42m56s508ms
Aug 18 17:52:24 nimbus-eth1-mainnet-long-benchmark[2924939]: INF 2026-08-18 17:52:24.944+00:00 Imported blocks                            blockNumber=4153345 slot=1 blocks=4153344 txs=45433684 mgas=1989715 bps=373.1 tps=30385 mgps=1493 avgBps=1598 avgTps=17484 avgMGps=765.7 elapsed=43m18s465ms
Aug 18 17:52:51 nimbus-eth1-mainnet-long-benchmark[2924939]: INF 2026-08-18 17:52:51.308+00:00 Imported blocks                            blockNumber=4161537 slot=1 blocks=4161536 txs=46235734 mgas=2029346 bps=310.7 tps=30419 mgps=1503 avgBps=1585 avgTps=17614 avgMGps=773.1 elapsed=43m44s831ms
Aug 18 17:53:21 nimbus-eth1-mainnet-long-benchmark[2924939]: INF 2026-08-18 17:53:21.599+00:00 Imported blocks                            blockNumber=4169729 slot=1 blocks=4169728 txs=47067916 mgas=2075037 bps=270.4 tps=27473 mgps=1508 avgBps=1570 avgTps=17727 avgMGps=781.5 elapsed=44m15s122ms
Aug 18 17:53:48 nimbus-eth1-mainnet-long-benchmark[2924939]: INF 2026-08-18 17:53:48.135+00:00 Imported blocks                            blockNumber=4177921 slot=1 blocks=4177920 txs=47890851 mgas=2115824 bps=308.7 tps=31013 mgps=1537 avgBps=1557 avgTps=17858 avgMGps=789.0 elapsed=44m41s657ms
Aug 18 17:54:11 nimbus-eth1-mainnet-long-benchmark[2924939]: INF 2026-08-18 17:54:11.798+00:00 Imported blocks                            blockNumber=4186113 slot=1 blocks=4186112 txs=48568788 mgas=2149756 bps=346.2 tps=28652 mgps=1434 avgBps=1547 avgTps=17953 avgMGps=794.6 elapsed=45m5s317ms
Aug 18 17:54:35 nimbus-eth1-mainnet-long-benchmark[2924939]: INF 2026-08-18 17:54:35.626+00:00 Imported blocks                            blockNumber=4194305 slot=1 blocks=4194304 txs=49304917 mgas=2183364 bps=343.8 tps=30894 mgps=1410 avgBps=1536 avgTps=18066 avgMGps=800.0 elapsed=45m29s145ms
Aug 18 17:54:58 nimbus-eth1-mainnet-long-benchmark[2924939]: INF 2026-08-18 17:54:58.750+00:00 Imported blocks                            blockNumber=4202497 slot=1 blocks=4202496 txs=50038500 mgas=2214978 bps=354.3 tps=31723 mgps=1367 avgBps=1526 avgTps=18180 avgMGps=804.8 elapsed=45m52s269ms
Aug 18 17:55:22 nimbus-eth1-mainnet-long-benchmark[2924939]: INF 2026-08-18 17:55:22.733+00:00 Imported blocks                            blockNumber=4210689 slot=1 blocks=4210688 txs=50775096 mgas=2248304 bps=341.6 tps=30713 mgps=1389 avgBps=1516 avgTps=18289 avgMGps=809.8 elapsed=46m16s252ms
Aug 18 17:55:51 nimbus-eth1-mainnet-long-benchmark[2924939]: INF 2026-08-18 17:55:51.069+00:00 Imported blocks                            blockNumber=4218881 slot=1 blocks=4218880 txs=51660375 mgas=2290988 bps=289.1 tps=31240 mgps=1506 avgBps=1504 avgTps=18419 avgMGps=816.9 elapsed=46m44s590ms
Aug 18 17:56:20 nimbus-eth1-mainnet-long-benchmark[2924939]: INF 2026-08-18 17:56:20.336+00:00 Imported blocks                            blockNumber=4227073 slot=1 blocks=4227072 txs=52569880 mgas=2335077 bps=279.9 tps=31073 mgps=1506 avgBps=1491 avgTps=18550 avgMGps=824.0 elapsed=47m13s859ms
Aug 18 17:56:46 nimbus-eth1-mainnet-long-benchmark[2924939]: INF 2026-08-18 17:56:46.460+00:00 Imported blocks                            blockNumber=4235265 slot=1 blocks=4235264 txs=53342454 mgas=2371456 bps=313.6 tps=29573 mgps=1392 avgBps=1480 avgTps=18651 avgMGps=829.2 elapsed=47m39s983ms
Aug 18 17:57:18 nimbus-eth1-mainnet-long-benchmark[2924939]: INF 2026-08-18 17:57:18.380+00:00 Imported blocks                            blockNumber=4243457 slot=1 blocks=4243456 txs=54364382 mgas=2416427 bps=256.6 tps=32015 mgps=1408 avgBps=1467 avgTps=18798 avgMGps=835.6 elapsed=48m11s902ms
Aug 18 17:57:53 nimbus-eth1-mainnet-long-benchmark[2924939]: INF 2026-08-18 17:57:53.115+00:00 Imported blocks                            blockNumber=4251649 slot=1 blocks=4251648 txs=55445621 mgas=2466611 bps=235.8 tps=31128 mgps=1444 avgBps=1452 avgTps=18945 avgMGps=842.8 elapsed=48m46s636ms
Aug 18 17:58:23 nimbus-eth1-mainnet-long-benchmark[2924939]: INF 2026-08-18 17:58:23.378+00:00 Imported blocks                            blockNumber=4259841 slot=1 blocks=4259840 txs=56325899 mgas=2508162 bps=270.7 tps=29090 mgps=1373 avgBps=1440 avgTps=19048 avgMGps=848.2 elapsed=49m16s896ms
Aug 18 17:58:53 nimbus-eth1-mainnet-long-benchmark[2924939]: INF 2026-08-18 17:58:53.670+00:00 Imported blocks                            blockNumber=4268033 slot=1 blocks=4268032 txs=57190313 mgas=2549215 bps=270.4 tps=28535 mgps=1355 avgBps=1428 avgTps=19145 avgMGps=853.4 elapsed=49m47s188ms
Aug 18 17:59:26 nimbus-eth1-mainnet-long-benchmark[2924939]: INF 2026-08-18 17:59:26.081+00:00 Imported blocks                            blockNumber=4276225 slot=1 blocks=4276224 txs=58058028 mgas=2591591 bps=252.7 tps=26771 mgps=1307 avgBps=1416 avgTps=19227 avgMGps=858.3 elapsed=50m19s601ms
Aug 18 17:59:56 nimbus-eth1-mainnet-long-benchmark[2924939]: INF 2026-08-18 17:59:56.881+00:00 Imported blocks                            blockNumber=4284417 slot=1 blocks=4284416 txs=58915126 mgas=2635997 bps=266.0 tps=27826 mgps=1441 avgBps=1404 avgTps=19313 avgMGps=864.1 elapsed=50m50s402ms
Aug 18 18:00:27 nimbus-eth1-mainnet-long-benchmark[2924939]: INF 2026-08-18 18:00:27.804+00:00 Imported blocks                            blockNumber=4292609 slot=1 blocks=4292608 txs=59679965 mgas=2676436 bps=264.9 tps=24734 mgps=1307 avgBps=1393 avgTps=19368 avgMGps=868.6 elapsed=51m21s324ms
Aug 18 18:00:58 nimbus-eth1-mainnet-long-benchmark[2924939]: INF 2026-08-18 18:00:58.584+00:00 Imported blocks                            blockNumber=4300801 slot=1 blocks=4300800 txs=60416304 mgas=2717960 bps=266.1 tps=23922 mgps=1349 avgBps=1381 avgTps=19413 avgMGps=873.4 elapsed=51m52s105ms
Aug 18 18:01:28 nimbus-eth1-mainnet-long-benchmark[2924939]: INF 2026-08-18 18:01:28.815+00:00 Imported blocks                            blockNumber=4308993 slot=1 blocks=4308992 txs=61155406 mgas=2758747 bps=270.9 tps=24445 mgps=1349 avgBps=1371 avgTps=19461 avgMGps=877.9 elapsed=52m22s339ms
Aug 18 18:02:02 nimbus-eth1-mainnet-long-benchmark[2924939]: INF 2026-08-18 18:02:02.071+00:00 Imported blocks                            blockNumber=4317185 slot=1 blocks=4317184 txs=62037866 mgas=2805376 bps=246.4 tps=26537 mgps=1402 avgBps=1359 avgTps=19535 avgMGps=883.4 elapsed=52m55s592ms
Aug 18 18:02:36 nimbus-eth1-mainnet-long-benchmark[2924939]: INF 2026-08-18 18:02:36.774+00:00 Imported blocks                            blockNumber=4325377 slot=1 blocks=4325376 txs=62966581 mgas=2851289 bps=236.1 tps=26763 mgps=1323 avgBps=1347 avgTps=19613 avgMGps=888.2 elapsed=53m30s293ms
Aug 18 18:03:10 nimbus-eth1-mainnet-long-benchmark[2924939]: INF 2026-08-18 18:03:10.118+00:00 Imported blocks                            blockNumber=4333569 slot=1 blocks=4333568 txs=63822081 mgas=2895662 bps=245.7 tps=25657 mgps=1330 avgBps=1336 avgTps=19676 avgMGps=892.7 elapsed=54m3s636ms
Aug 18 18:03:44 nimbus-eth1-mainnet-long-benchmark[2924939]: INF 2026-08-18 18:03:44.161+00:00 Imported blocks                            blockNumber=4341761 slot=1 blocks=4341760 txs=64712668 mgas=2941632 bps=240.6 tps=26160 mgps=1350 avgBps=1324 avgTps=19743 avgMGps=897.5 elapsed=54m37s680ms
Aug 18 18:04:18 nimbus-eth1-mainnet-long-benchmark[2924939]: INF 2026-08-18 18:04:18.657+00:00 Imported blocks                            blockNumber=4349953 slot=1 blocks=4349952 txs=65574622 mgas=2986500 bps=237.5 tps=24986 mgps=1300 avgBps=1313 avgTps=19798 avgMGps=901.7 elapsed=55m12s177ms
Aug 18 18:04:53 nimbus-eth1-mainnet-long-benchmark[2924939]: INF 2026-08-18 18:04:53.440+00:00 Imported blocks                            blockNumber=4358145 slot=1 blocks=4358144 txs=66535767 mgas=3032340 bps=235.5 tps=27631 mgps=1317 avgBps=1302 avgTps=19879 avgMGps=906.0 elapsed=55m46s961ms
Aug 18 18:05:31 nimbus-eth1-mainnet-long-benchmark[2924939]: INF 2026-08-18 18:05:31.012+00:00 Imported blocks                            blockNumber=4366337 slot=1 blocks=4366336 txs=67558543 mgas=3080047 bps=218.0 tps=27221 mgps=1269 avgBps=1290 avgTps=19960 avgMGps=910.0 elapsed=56m24s533ms
Aug 18 18:06:01 nimbus-eth1-mainnet-long-benchmark[2924939]: INF 2026-08-18 18:06:01.847+00:00 Imported blocks                            blockNumber=4374529 slot=1 blocks=4374528 txs=68347471 mgas=3121687 bps=265.6 tps=25582 mgps=1350 avgBps=1280 avgTps=20011 avgMGps=914.0 elapsed=56m55s371ms
Aug 18 18:06:26 nimbus-eth1-mainnet-long-benchmark[2924939]: INF 2026-08-18 18:06:26.011+00:00 Imported blocks                            blockNumber=4382721 slot=1 blocks=4382720 txs=69028082 mgas=3151992 bps=339.0 tps=28166 mgps=1254 avgBps=1274 avgTps=20069 avgMGps=916.4 elapsed=57m19s535ms
Aug 18 18:06:50 nimbus-eth1-mainnet-long-benchmark[2924939]: INF 2026-08-18 18:06:50.638+00:00 Imported blocks                            blockNumber=4390913 slot=1 blocks=4390912 txs=69661758 mgas=3181386 bps=332.7 tps=25738 mgps=1193 avgBps=1267 avgTps=20109 avgMGps=918.4 elapsed=57m44s155ms
Aug 18 18:07:14 nimbus-eth1-mainnet-long-benchmark[2924939]: INF 2026-08-18 18:07:14.870+00:00 Imported blocks                            blockNumber=4399105 slot=1 blocks=4399104 txs=70353613 mgas=3215985 bps=338.0 tps=28547 mgps=1427 avgBps=1261 avgTps=20167 avgMGps=921.9 elapsed=58m8s391ms
Aug 18 18:07:33 nimbus-eth1-mainnet-long-benchmark[2924939]: INF 2026-08-18 18:07:33.922+00:00 Imported blocks                            blockNumber=4407297 slot=1 blocks=4407296 txs=70941210 mgas=3238205 bps=430.0 tps=30843 mgps=1166 avgBps=1256 avgTps=20225 avgMGps=923.2 elapsed=58m27s441ms
Aug 18 18:07:54 nimbus-eth1-mainnet-long-benchmark[2924939]: INF 2026-08-18 18:07:54.953+00:00 Imported blocks                            blockNumber=4415489 slot=1 blocks=4415488 txs=71544011 mgas=3265347 bps=389.5 tps=28663 mgps=1290 avgBps=1251 avgTps=20276 avgMGps=925.4 elapsed=58m48s472ms
Aug 18 18:08:20 nimbus-eth1-mainnet-long-benchmark[2924939]: INF 2026-08-18 18:08:20.289+00:00 Imported blocks                            blockNumber=4423681 slot=1 blocks=4423680 txs=72181258 mgas=3298910 bps=323.3 tps=25151 mgps=1324 avgBps=1244 avgTps=20310 avgMGps=928.3 elapsed=59m13s808ms
Aug 18 18:08:45 nimbus-eth1-mainnet-long-benchmark[2924939]: INF 2026-08-18 18:08:45.756+00:00 Imported blocks                            blockNumber=4431873 slot=1 blocks=4431872 txs=72783427 mgas=3333362 bps=321.6 tps=23640 mgps=1352 avgBps=1238 avgTps=20334 avgMGps=931.3 elapsed=59m39s279ms
Aug 18 18:09:12 nimbus-eth1-mainnet-long-benchmark[2924939]: INF 2026-08-18 18:09:12.148+00:00 Imported blocks                            blockNumber=4440065 slot=1 blocks=4440064 txs=73427614 mgas=3368565 bps=310.4 tps=24410 mgps=1333 avgBps=1231 avgTps=20364 avgMGps=934.2 elapsed=1h5s670ms
Aug 18 18:09:37 nimbus-eth1-mainnet-long-benchmark[2924939]: INF 2026-08-18 18:09:37.652+00:00 Imported blocks                            blockNumber=4448257 slot=1 blocks=4448256 txs=74062819 mgas=3400868 bps=321.2 tps=24908 mgps=1266 avgBps=1225 avgTps=20396 avgMGps=936.6 elapsed=1h31s172ms
Aug 18 18:10:04 nimbus-eth1-mainnet-long-benchmark[2924939]: INF 2026-08-18 18:10:04.263+00:00 Imported blocks                            blockNumber=4456449 slot=1 blocks=4456448 txs=74720986 mgas=3434385 bps=307.8 tps=24730 mgps=1259 avgBps=1218 avgTps=20427 avgMGps=938.9 elapsed=1h57s785ms
Aug 18 18:10:33 nimbus-eth1-mainnet-long-benchmark[2924939]: INF 2026-08-18 18:10:33.783+00:00 Imported blocks                            blockNumber=4464641 slot=1 blocks=4464640 txs=75435593 mgas=3471537 bps=277.5 tps=24208 mgps=1258 avgBps=1210 avgTps=20458 avgMGps=941.5 elapsed=1h1m27s
Aug 18 18:11:04 nimbus-eth1-mainnet-long-benchmark[2924939]: INF 2026-08-18 18:11:04.486+00:00 Imported blocks                            blockNumber=4472833 slot=1 blocks=4472832 txs=76123403 mgas=3510491 bps=266.9 tps=22405 mgps=1268 avgBps=1203 avgTps=20474 avgMGps=944.2 elapsed=1h1m58s
Aug 18 18:11:35 nimbus-eth1-mainnet-long-benchmark[2924939]: INF 2026-08-18 18:11:35.362+00:00 Imported blocks                            blockNumber=4481025 slot=1 blocks=4481024 txs=76814745 mgas=3549347 bps=265.3 tps=22390 mgps=1258 avgBps=1195 avgTps=20490 avgMGps=946.8 elapsed=1h2m28s
Aug 18 18:12:02 nimbus-eth1-mainnet-long-benchmark[2924939]: INF 2026-08-18 18:12:02.701+00:00 Imported blocks                            blockNumber=4489217 slot=1 blocks=4489216 txs=77411837 mgas=3582458 bps=299.6 tps=21839 mgps=1211 avgBps=1188 avgTps=20499 avgMGps=948.7 elapsed=1h2m56s
Aug 18 18:12:24 nimbus-eth1-mainnet-long-benchmark[2924939]: INF 2026-08-18 18:12:24.365+00:00 Imported blocks                            blockNumber=4497409 slot=1 blocks=4497408 txs=77942209 mgas=3607255 bps=378.1 tps=24481 mgps=1144 avgBps=1184 avgTps=20522 avgMGps=949.8 elapsed=1h3m17s
Aug 18 18:12:48 nimbus-eth1-mainnet-long-benchmark[2924939]: INF 2026-08-18 18:12:48.081+00:00 Imported blocks                            blockNumber=4505601 slot=1 blocks=4505600 txs=78606743 mgas=3635023 bps=345.4 tps=28018 mgps=1170 avgBps=1178 avgTps=20569 avgMGps=951.2 elapsed=1h3m41s
Aug 18 18:13:13 nimbus-eth1-mainnet-long-benchmark[2924939]: INF 2026-08-18 18:13:13.124+00:00 Imported blocks                            blockNumber=4513793 slot=1 blocks=4513792 txs=79214459 mgas=3664486 bps=327.1 tps=24265 mgps=1176 avgBps=1173 avgTps=20593 avgMGps=952.6 elapsed=1h4m6s
Aug 18 18:13:41 nimbus-eth1-mainnet-long-benchmark[2924939]: INF 2026-08-18 18:13:41.472+00:00 Imported blocks                            blockNumber=4521985 slot=1 blocks=4521984 txs=79851427 mgas=3698304 bps=289.0 tps=22469 mgps=1192 avgBps=1166 avgTps=20606 avgMGps=954.4 elapsed=1h4m34s
Aug 18 18:14:06 nimbus-eth1-mainnet-long-benchmark[2924939]: INF 2026-08-18 18:14:06.491+00:00 Imported blocks                            blockNumber=4530177 slot=1 blocks=4530176 txs=80428047 mgas=3729162 bps=327.5 tps=23049 mgps=1233 avgBps=1161 avgTps=20622 avgMGps=956.2 elapsed=1h5m12ms
Aug 18 18:14:31 nimbus-eth1-mainnet-long-benchmark[2924939]: INF 2026-08-18 18:14:31.659+00:00 Imported blocks                            blockNumber=4538369 slot=1 blocks=4538368 txs=80983691 mgas=3759064 bps=325.5 tps=22078 mgps=1188 avgBps=1156 avgTps=20631 avgMGps=957.7 elapsed=1h5m25s
Aug 18 18:14:58 nimbus-eth1-mainnet-long-benchmark[2924939]: INF 2026-08-18 18:14:58.023+00:00 Imported blocks                            blockNumber=4546561 slot=1 blocks=4546560 txs=81559884 mgas=3790793 bps=310.7 tps=21854 mgps=1203 avgBps=1150 avgTps=20640 avgMGps=959.3 elapsed=1h5m51s
Aug 18 18:15:26 nimbus-eth1-mainnet-long-benchmark[2924939]: INF 2026-08-18 18:15:26.590+00:00 Imported blocks                            blockNumber=4554753 slot=1 blocks=4554752 txs=82174217 mgas=3824726 bps=286.8 tps=21505 mgps=1187 avgBps=1144 avgTps=20646 avgMGps=961.0 elapsed=1h6m20s
Aug 18 18:15:55 nimbus-eth1-mainnet-long-benchmark[2924939]: INF 2026-08-18 18:15:55.506+00:00 Imported blocks                            blockNumber=4562945 slot=1 blocks=4562944 txs=82868507 mgas=3859804 bps=283.3 tps=24011 mgps=1213 avgBps=1138 avgTps=20670 avgMGps=962.8 elapsed=1h6m49s
Aug 18 18:16:24 nimbus-eth1-mainnet-long-benchmark[2924939]: INF 2026-08-18 18:16:24.969+00:00 Imported blocks                            blockNumber=4571137 slot=1 blocks=4571136 txs=83554280 mgas=3895039 bps=278.0 tps=23273 mgps=1195 avgBps=1131 avgTps=20689 avgMGps=964.5 elapsed=1h7m18s
Aug 18 18:16:52 nimbus-eth1-mainnet-long-benchmark[2924939]: INF 2026-08-18 18:16:52.349+00:00 Imported blocks                            blockNumber=4579329 slot=1 blocks=4579328 txs=84149623 mgas=3927552 bps=299.2 tps=21744 mgps=1187 avgBps=1126 avgTps=20696 avgMGps=966.0 elapsed=1h7m45s
Aug 18 18:17:20 nimbus-eth1-mainnet-long-benchmark[2924939]: INF 2026-08-18 18:17:20.152+00:00 Imported blocks                            blockNumber=4587521 slot=1 blocks=4587520 txs=84766299 mgas=3958985 bps=294.6 tps=22177 mgps=1130 avgBps=1120 avgTps=20706 avgMGps=967.1 elapsed=1h8m13s
Aug 18 18:17:51 nimbus-eth1-mainnet-long-benchmark[2924939]: INF 2026-08-18 18:17:51.364+00:00 Imported blocks                            blockNumber=4595713 slot=1 blocks=4595712 txs=85498687 mgas=3994447 bps=262.5 tps=23465 mgps=1136 avgBps=1114 avgTps=20727 avgMGps=968.4 elapsed=1h8m44s
Aug 18 18:18:20 nimbus-eth1-mainnet-long-benchmark[2924939]: INF 2026-08-18 18:18:20.795+00:00 Imported blocks                            blockNumber=4603905 slot=1 blocks=4603904 txs=86200373 mgas=4028500 bps=278.4 tps=23843 mgps=1157 avgBps=1108 avgTps=20749 avgMGps=969.7 elapsed=1h9m14s
Aug 18 18:18:50 nimbus-eth1-mainnet-long-benchmark[2924939]: INF 2026-08-18 18:18:50.163+00:00 Imported blocks                            blockNumber=4612097 slot=1 blocks=4612096 txs=86896398 mgas=4063314 bps=278.9 tps=23699 mgps=1185 avgBps=1102 avgTps=20770 avgMGps=971.2 elapsed=1h9m43s
Aug 18 18:19:21 nimbus-eth1-mainnet-long-benchmark[2924939]: INF 2026-08-18 18:19:21.362+00:00 Imported blocks                            blockNumber=4620289 slot=1 blocks=4620288 txs=87653240 mgas=4099890 bps=262.6 tps=24261 mgps=1172 avgBps=1096 avgTps=20796 avgMGps=972.7 elapsed=1h10m14s
Aug 18 18:19:51 nimbus-eth1-mainnet-long-benchmark[2924939]: INF 2026-08-18 18:19:51.022+00:00 Imported blocks                            blockNumber=4628481 slot=1 blocks=4628480 txs=88349198 mgas=4135697 bps=276.2 tps=23465 mgps=1207 avgBps=1090 avgTps=20814 avgMGps=974.4 elapsed=1h10m44s
Aug 18 18:20:27 nimbus-eth1-mainnet-long-benchmark[2924939]: INF 2026-08-18 18:20:27.145+00:00 Imported blocks                            blockNumber=4636673 slot=1 blocks=4636672 txs=89189186 mgas=4177023 bps=226.8 tps=23252 mgps=1144 avgBps=1083 avgTps=20835 avgMGps=975.8 elapsed=1h11m20s
Aug 18 18:21:02 nimbus-eth1-mainnet-long-benchmark[2924939]: INF 2026-08-18 18:21:02.165+00:00 Imported blocks                            blockNumber=4644865 slot=1 blocks=4644864 txs=90049004 mgas=4216584 bps=233.9 tps=24551 mgps=1129 avgBps=1076 avgTps=20865 avgMGps=977.0 elapsed=1h11m55s
Aug 18 18:21:38 nimbus-eth1-mainnet-long-benchmark[2924939]: INF 2026-08-18 18:21:38.140+00:00 Imported blocks                            blockNumber=4653057 slot=1 blocks=4653056 txs=90927345 mgas=4255623 bps=227.7 tps=24413 mgps=1085 avgBps=1069 avgTps=20894 avgMGps=977.9 elapsed=1h12m31s
Aug 18 18:22:15 nimbus-eth1-mainnet-long-benchmark[2924939]: INF 2026-08-18 18:22:15.819+00:00 Imported blocks                            blockNumber=4661249 slot=1 blocks=4661248 txs=91765363 mgas=4297355 bps=217.4 tps=22241 mgps=1107 avgBps=1061 avgTps=20906 avgMGps=979.0 elapsed=1h13m9s
Aug 18 18:22:55 nimbus-eth1-mainnet-long-benchmark[2924939]: INF 2026-08-18 18:22:55.879+00:00 Imported blocks                            blockNumber=4669441 slot=1 blocks=4669440 txs=92633756 mgas=4339723 bps=204.5 tps=21675 mgps=1057 avgBps=1054 avgTps=20913 avgMGps=979.8 elapsed=1h13m49s
Aug 18 18:23:42 nimbus-eth1-mainnet-long-benchmark[2924939]: INF 2026-08-18 18:23:42.474+00:00 Imported blocks                            blockNumber=4677633 slot=1 blocks=4677632 txs=93658164 mgas=4390089 bps=175.8 tps=21986 mgps=1081 avgBps=1045 avgTps=20924 avgMGps=980.8 elapsed=1h14m35s
Aug 18 18:24:29 nimbus-eth1-mainnet-long-benchmark[2924939]: INF 2026-08-18 18:24:29.665+00:00 Imported blocks                            blockNumber=4685825 slot=1 blocks=4685824 txs=94764793 mgas=4440912 bps=173.6 tps=23450 mgps=1077 avgBps=1035 avgTps=20950 avgMGps=981.8 elapsed=1h15m23s
Aug 18 18:25:13 nimbus-eth1-mainnet-long-benchmark[2924939]: INF 2026-08-18 18:25:13.805+00:00 Imported blocks                            blockNumber=4694017 slot=1 blocks=4694016 txs=95748114 mgas=4493164 bps=185.6 tps=22275 mgps=1183 avgBps=1027 avgTps=20963 avgMGps=983.8 elapsed=1h16m7s
Aug 18 18:26:05 nimbus-eth1-mainnet-long-benchmark[2924939]: INF 2026-08-18 18:26:05.888+00:00 Imported blocks                            blockNumber=4702209 slot=1 blocks=4702208 txs=96814108 mgas=4546452 bps=157.3 tps=20466 mgps=1023 avgBps=1017 avgTps=20958 avgMGps=984.2 elapsed=1h16m59s
Aug 18 18:27:00 nimbus-eth1-mainnet-long-benchmark[2924939]: INF 2026-08-18 18:27:00.947+00:00 Imported blocks                            blockNumber=4710401 slot=1 blocks=4710400 txs=97818338 mgas=4603482 bps=148.8 tps=18238 mgps=1035 avgBps=1007 avgTps=20926 avgMGps=984.8 elapsed=1h17m54s
Aug 18 18:27:59 nimbus-eth1-mainnet-long-benchmark[2924939]: INF 2026-08-18 18:27:59.878+00:00 Imported blocks                            blockNumber=4718593 slot=1 blocks=4718592 txs=98994205 mgas=4663549 bps=139.0 tps=19954 mgps=1019 avgBps=996.9 avgTps=20913 avgMGps=985.2 elapsed=1h18m53s
Aug 18 18:28:58 nimbus-eth1-mainnet-long-benchmark[2924939]: INF 2026-08-18 18:28:58.089+00:00 Imported blocks                            blockNumber=4726785 slot=1 blocks=4726784 txs=100277937 mgas=4723869 bps=140.7 tps=22052 mgps=1036 avgBps=986.5 avgTps=20927 avgMGps=985.9 elapsed=1h19m51s
Aug 18 18:29:56 nimbus-eth1-mainnet-long-benchmark[2924939]: INF 2026-08-18 18:29:56.984+00:00 Imported blocks                            blockNumber=4734977 slot=1 blocks=4734976 txs=101644153 mgas=4786939 bps=139.1 tps=23197 mgps=1070 avgBps=976.2 avgTps=20955 avgMGps=986.9 elapsed=1h20m50s
Aug 18 18:30:50 nimbus-eth1-mainnet-long-benchmark[2924939]: INF 2026-08-18 18:30:50.535+00:00 Imported blocks                            blockNumber=4743169 slot=1 blocks=4743168 txs=102893274 mgas=4846048 bps=153.0 tps=23326 mgps=1103 avgBps=967.2 avgTps=20981 avgMGps=988.2 elapsed=1h21m44s
Aug 18 18:31:46 nimbus-eth1-mainnet-long-benchmark[2924939]: INF 2026-08-18 18:31:46.074+00:00 Imported blocks                            blockNumber=4751361 slot=1 blocks=4751360 txs=104145399 mgas=4905956 bps=147.5 tps=22545 mgps=1078 avgBps=958.0 avgTps=20998 avgMGps=989.2 elapsed=1h22m39s
Aug 18 18:32:43 nimbus-eth1-mainnet-long-benchmark[2924939]: INF 2026-08-18 18:32:43.597+00:00 Imported blocks                            blockNumber=4759553 slot=1 blocks=4759552 txs=105596606 mgas=4968002 bps=142.4 tps=25228 mgps=1078 avgBps=948.7 avgTps=21047 avgMGps=990.2 elapsed=1h23m37s
Aug 18 18:33:40 nimbus-eth1-mainnet-long-benchmark[2924939]: INF 2026-08-18 18:33:40.028+00:00 Imported blocks                            blockNumber=4767745 slot=1 blocks=4767744 txs=107116598 mgas=5030101 bps=145.2 tps=26934 mgps=1100 avgBps=939.7 avgTps=21112 avgMGps=991.4 elapsed=1h24m33s
Aug 18 18:34:33 nimbus-eth1-mainnet-long-benchmark[2924939]: INF 2026-08-18 18:34:33.928+00:00 Imported blocks                            blockNumber=4775937 slot=1 blocks=4775936 txs=108702043 mgas=5092598 bps=152.0 tps=29414 mgps=1159 avgBps=931.4 avgTps=21200 avgMGps=993.2 elapsed=1h25m27s
Aug 18 18:35:27 nimbus-eth1-mainnet-long-benchmark[2924939]: INF 2026-08-18 18:35:27.759+00:00 Imported blocks                            blockNumber=4784129 slot=1 blocks=4784128 txs=110102113 mgas=5151342 bps=152.2 tps=26008 mgps=1091 avgBps=923.3 avgTps=21249 avgMGps=994.2 elapsed=1h26m21s
Aug 18 18:36:11 nimbus-eth1-mainnet-long-benchmark[2924939]: INF 2026-08-18 18:36:11.994+00:00 Imported blocks                            blockNumber=4792321 slot=1 blocks=4792320 txs=111154247 mgas=5205528 bps=185.2 tps=23786 mgps=1225 avgBps=917.1 avgTps=21271 avgMGps=996.2 elapsed=1h27m5s
Aug 18 18:36:55 nimbus-eth1-mainnet-long-benchmark[2924939]: INF 2026-08-18 18:36:55.005+00:00 Imported blocks                            blockNumber=4800513 slot=1 blocks=4800512 txs=112173781 mgas=5255457 bps=190.5 tps=23704 mgps=1160 avgBps=911.2 avgTps=21291 avgMGps=997.5 elapsed=1h27m48s
Aug 18 18:37:46 nimbus-eth1-mainnet-long-benchmark[2924939]: INF 2026-08-18 18:37:46.209+00:00 Imported blocks                            blockNumber=4808705 slot=1 blocks=4808704 txs=113435561 mgas=5312967 bps=160.0 tps=24641 mgps=1123 avgBps=903.9 avgTps=21323 avgMGps=998.7 elapsed=1h28m39s
Aug 18 18:38:40 nimbus-eth1-mainnet-long-benchmark[2924939]: INF 2026-08-18 18:38:40.028+00:00 Imported blocks                            blockNumber=4816897 slot=1 blocks=4816896 txs=114766918 mgas=5370558 bps=152.2 tps=24736 mgps=1070 avgBps=896.4 avgTps=21357 avgMGps=999.4 elapsed=1h29m33s
Aug 18 18:39:36 nimbus-eth1-mainnet-long-benchmark[2924939]: INF 2026-08-18 18:39:36.763+00:00 Imported blocks                            blockNumber=4825089 slot=1 blocks=4825088 txs=116406212 mgas=5431366 bps=144.4 tps=28895 mgps=1071 avgBps=888.6 avgTps=21436 avgMGps=1000 elapsed=1h30m30s
Aug 18 18:40:28 nimbus-eth1-mainnet-long-benchmark[2924939]: INF 2026-08-18 18:40:28.074+00:00 Imported blocks                            blockNumber=4833281 slot=1 blocks=4833280 txs=117730733 mgas=5487657 bps=159.7 tps=25813 mgps=1097 avgBps=881.7 avgTps=21477 avgMGps=1001 elapsed=1h31m21s
Aug 18 18:41:21 nimbus-eth1-mainnet-long-benchmark[2924939]: INF 2026-08-18 18:41:21.377+00:00 Imported blocks                            blockNumber=4841473 slot=1 blocks=4841472 txs=119096404 mgas=5544385 bps=153.7 tps=25620 mgps=1064 avgBps=874.7 avgTps=21517 avgMGps=1001 elapsed=1h32m14s
Aug 18 18:42:23 nimbus-eth1-mainnet-long-benchmark[2924939]: INF 2026-08-18 18:42:23.112+00:00 Imported blocks                            blockNumber=4849665 slot=1 blocks=4849664 txs=120896969 mgas=5606368 bps=132.7 tps=29167 mgps=1004 avgBps=866.5 avgTps=21601 avgMGps=1001 elapsed=1h33m16s
Aug 18 18:43:21 nimbus-eth1-mainnet-long-benchmark[2924939]: INF 2026-08-18 18:43:21.155+00:00 Imported blocks                            blockNumber=4857857 slot=1 blocks=4857856 txs=122899185 mgas=5668346 bps=141.1 tps=34494 mgps=1067 avgBps=859.1 avgTps=21734 avgMGps=1002 elapsed=1h34m14s
Aug 18 18:44:21 nimbus-eth1-mainnet-long-benchmark[2924939]: INF 2026-08-18 18:44:21.626+00:00 Imported blocks                            blockNumber=4866049 slot=1 blocks=4866048 txs=124785066 mgas=5730497 bps=135.5 tps=31188 mgps=1027 avgBps=851.4 avgTps=21834 avgMGps=1002 elapsed=1h35m15s
Aug 18 18:45:21 nimbus-eth1-mainnet-long-benchmark[2924939]: INF 2026-08-18 18:45:21.309+00:00 Imported blocks                            blockNumber=4874241 slot=1 blocks=4874240 txs=126509295 mgas=5793302 bps=137.3 tps=28889 mgps=1052 avgBps=844.0 avgTps=21907 avgMGps=1003 elapsed=1h36m14s
Aug 18 18:46:22 nimbus-eth1-mainnet-long-benchmark[2924939]: INF 2026-08-18 18:46:22.640+00:00 Imported blocks                            blockNumber=4882433 slot=1 blocks=4882432 txs=128423524 mgas=5855689 bps=133.6 tps=31211 mgps=1017 avgBps=836.6 avgTps=22004 avgMGps=1003 elapsed=1h37m16s
Aug 18 18:47:19 nimbus-eth1-mainnet-long-benchmark[2924939]: INF 2026-08-18 18:47:19.595+00:00 Imported blocks                            blockNumber=4890625 slot=1 blocks=4890624 txs=130207981 mgas=5917669 bps=143.8 tps=31328 mgps=1088 avgBps=829.9 avgTps=22094 avgMGps=1004 elapsed=1h38m13s
Aug 18 18:48:19 nimbus-eth1-mainnet-long-benchmark[2924939]: INF 2026-08-18 18:48:19.302+00:00 Imported blocks                            blockNumber=4898817 slot=1 blocks=4898816 txs=131918301 mgas=5979986 bps=137.2 tps=28648 mgps=1043 avgBps=822.9 avgTps=22160 avgMGps=1004 elapsed=1h39m12s
Aug 18 18:49:17 nimbus-eth1-mainnet-long-benchmark[2924939]: INF 2026-08-18 18:49:17.745+00:00 Imported blocks                            blockNumber=4907009 slot=1 blocks=4907008 txs=133644765 mgas=6042377 bps=140.2 tps=29539 mgps=1067 avgBps=816.3 avgTps=22232 avgMGps=1005 elapsed=1h40m11s
Aug 18 18:50:18 nimbus-eth1-mainnet-long-benchmark[2924939]: INF 2026-08-18 18:50:18.616+00:00 Imported blocks                            blockNumber=4915201 slot=1 blocks=4915200 txs=135374772 mgas=6105758 bps=134.6 tps=28420 mgps=1041 avgBps=809.5 avgTps=22294 avgMGps=1005 elapsed=1h41m12s
Aug 18 18:51:20 nimbus-eth1-mainnet-long-benchmark[2924939]: INF 2026-08-18 18:51:20.011+00:00 Imported blocks                            blockNumber=4923393 slot=1 blocks=4923392 txs=137233391 mgas=6168038 bps=133.4 tps=30271 mgps=1014 avgBps=802.7 avgTps=22374 avgMGps=1005 elapsed=1h42m13s
Aug 18 18:52:22 nimbus-eth1-mainnet-long-benchmark[2924939]: INF 2026-08-18 18:52:22.730+00:00 Imported blocks                            blockNumber=4931585 slot=1 blocks=4931584 txs=139083071 mgas=6230222 bps=130.6 tps=29493 mgps=991.5 avgBps=795.9 avgTps=22446 avgMGps=1005 elapsed=1h43m16s
Aug 18 18:53:19 nimbus-eth1-mainnet-long-benchmark[2924939]: INF 2026-08-18 18:53:19.825+00:00 Imported blocks                            blockNumber=4939777 slot=1 blocks=4939776 txs=140579742 mgas=6288626 bps=143.5 tps=26213 mgps=1022 avgBps=789.9 avgTps=22480 avgMGps=1005 elapsed=1h44m13s
Aug 18 18:54:17 nimbus-eth1-mainnet-long-benchmark[2924939]: INF 2026-08-18 18:54:17.177+00:00 Imported blocks                            blockNumber=4947969 slot=1 blocks=4947968 txs=141972812 mgas=6347260 bps=142.8 tps=24289 mgps=1022 avgBps=784.1 avgTps=22497 avgMGps=1005 elapsed=1h45m10s
Aug 18 18:55:13 nimbus-eth1-mainnet-long-benchmark[2924939]: INF 2026-08-18 18:55:13.552+00:00 Imported blocks                            blockNumber=4956161 slot=1 blocks=4956160 txs=143300158 mgas=6406048 bps=145.3 tps=23545 mgps=1042 avgBps=778.4 avgTps=22506 avgMGps=1006 elapsed=1h46m7s
Aug 18 18:56:09 nimbus-eth1-mainnet-long-benchmark[2924939]: INF 2026-08-18 18:56:09.707+00:00 Imported blocks                            blockNumber=4964353 slot=1 blocks=4964352 txs=144572404 mgas=6464172 bps=145.9 tps=22657 mgps=1035 avgBps=772.9 avgTps=22507 avgMGps=1006 elapsed=1h47m3s
Aug 18 18:57:03 nimbus-eth1-mainnet-long-benchmark[2924939]: INF 2026-08-18 18:57:03.214+00:00 Imported blocks                            blockNumber=4972545 slot=1 blocks=4972544 txs=145732007 mgas=6518983 bps=153.1 tps=21671 mgps=1024 avgBps=767.8 avgTps=22500 avgMGps=1006 elapsed=1h47m56s
Aug 18 18:57:57 nimbus-eth1-mainnet-long-benchmark[2924939]: INF 2026-08-18 18:57:57.417+00:00 Imported blocks                            blockNumber=4980737 slot=1 blocks=4980736 txs=146992977 mgas=6572341 bps=151.1 tps=23263 mgps=984.4 avgBps=762.6 avgTps=22507 avgMGps=1006 elapsed=1h48m50s
Aug 18 18:58:48 nimbus-eth1-mainnet-long-benchmark[2924939]: INF 2026-08-18 18:58:48.480+00:00 Imported blocks                            blockNumber=4988929 slot=1 blocks=4988928 txs=148169050 mgas=6625014 bps=160.4 tps=23031 mgps=1031 avgBps=758.0 avgTps=22511 avgMGps=1006 elapsed=1h49m42s
Aug 18 18:59:41 nimbus-eth1-mainnet-long-benchmark[2924939]: INF 2026-08-18 18:59:41.323+00:00 Imported blocks                            blockNumber=4997121 slot=1 blocks=4997120 txs=149428291 mgas=6680179 bps=155.0 tps=23828 mgps=1043 avgBps=753.2 avgTps=22521 avgMGps=1006 elapsed=1h50m34s
Aug 18 19:00:33 nimbus-eth1-mainnet-long-benchmark[2924939]: INF 2026-08-18 19:00:33.482+00:00 Imported blocks                            blockNumber=5005313 slot=1 blocks=5005312 txs=150690724 mgas=6736552 bps=157.1 tps=24205 mgps=1080 avgBps=748.5 avgTps=22534 avgMGps=1007 elapsed=1h51m27s
Aug 18 19:01:31 nimbus-eth1-mainnet-long-benchmark[2924939]: INF 2026-08-18 19:01:31.094+00:00 Imported blocks                            blockNumber=5013505 slot=1 blocks=5013504 txs=152046753 mgas=6796099 bps=142.2 tps=23538 mgps=1033 avgBps=743.3 avgTps=22543 avgMGps=1007 elapsed=1h52m24s
Aug 18 19:02:26 nimbus-eth1-mainnet-long-benchmark[2924939]: INF 2026-08-18 19:02:26.917+00:00 Imported blocks                            blockNumber=5021697 slot=1 blocks=5021696 txs=153352595 mgas=6852788 bps=146.7 tps=23391 mgps=1015 avgBps=738.4 avgTps=22550 avgMGps=1007 elapsed=1h53m20s
Aug 18 19:03:16 nimbus-eth1-mainnet-long-benchmark[2924939]: INF 2026-08-18 19:03:16.264+00:00 Imported blocks                            blockNumber=5029889 slot=1 blocks=5029888 txs=154478474 mgas=6906687 bps=166.0 tps=22814 mgps=1092 avgBps=734.3 avgTps=22552 avgMGps=1008 elapsed=1h54m9s
Aug 18 19:04:06 nimbus-eth1-mainnet-long-benchmark[2924939]: INF 2026-08-18 19:04:06.059+00:00 Imported blocks                            blockNumber=5038081 slot=1 blocks=5038080 txs=155640110 mgas=6960957 bps=164.5 tps=23328 mgps=1089 avgBps=730.2 avgTps=22557 avgMGps=1008 elapsed=1h54m59s
Aug 18 19:04:57 nimbus-eth1-mainnet-long-benchmark[2924939]: INF 2026-08-18 19:04:57.974+00:00 Imported blocks                            blockNumber=5046273 slot=1 blocks=5046272 txs=156831227 mgas=7015012 bps=157.8 tps=22945 mgps=1041 avgBps=725.9 avgTps=22560 avgMGps=1009 elapsed=1h55m51s
Aug 18 19:05:48 nimbus-eth1-mainnet-long-benchmark[2924939]: INF 2026-08-18 19:05:48.201+00:00 Imported blocks                            blockNumber=5054465 slot=1 blocks=5054464 txs=157887753 mgas=7068299 bps=163.1 tps=21034 mgps=1060 avgBps=721.9 avgTps=22549 avgMGps=1009 elapsed=1h56m41s
Aug 18 19:06:36 nimbus-eth1-mainnet-long-benchmark[2924939]: INF 2026-08-18 19:06:36.681+00:00 Imported blocks                            blockNumber=5062657 slot=1 blocks=5062656 txs=158926316 mgas=7120645 bps=169.0 tps=21420 mgps=1079 avgBps=718.1 avgTps=22542 avgMGps=1009 elapsed=1h57m30s
Aug 18 19:07:24 nimbus-eth1-mainnet-long-benchmark[2924939]: INF 2026-08-18 19:07:24.580+00:00 Imported blocks                            blockNumber=5070849 slot=1 blocks=5070848 txs=160037571 mgas=7174271 bps=171.0 tps=23200 mgps=1119 avgBps=714.4 avgTps=22546 avgMGps=1010 elapsed=1h58m18s
Aug 18 19:08:15 nimbus-eth1-mainnet-long-benchmark[2924939]: INF 2026-08-18 19:08:15.639+00:00 Imported blocks                            blockNumber=5079041 slot=1 blocks=5079040 txs=161176737 mgas=7228023 bps=160.4 tps=22309 mgps=1052 avgBps=710.4 avgTps=22544 avgMGps=1011 elapsed=1h59m9s
Aug 18 19:09:01 nimbus-eth1-mainnet-long-benchmark[2924939]: INF 2026-08-18 19:09:01.622+00:00 Imported blocks                            blockNumber=5087233 slot=1 blocks=5087232 txs=162187586 mgas=7278252 bps=178.2 tps=21984 mgps=1092 avgBps=707.0 avgTps=22541 avgMGps=1011 elapsed=1h59m55s
Aug 18 19:09:51 nimbus-eth1-mainnet-long-benchmark[2924939]: INF 2026-08-18 19:09:51.401+00:00 Imported blocks                            blockNumber=5095425 slot=1 blocks=5095424 txs=163274156 mgas=7330930 bps=164.6 tps=21828 mgps=1058 avgBps=703.3 avgTps=22536 avgMGps=1011 elapsed=2h44s920ms
Aug 18 19:10:39 nimbus-eth1-mainnet-long-benchmark[2924939]: INF 2026-08-18 19:10:39.629+00:00 Imported blocks                            blockNumber=5103617 slot=1 blocks=5103616 txs=164255301 mgas=7383195 bps=169.9 tps=20342 mgps=1083 avgBps=699.8 avgTps=22521 avgMGps=1012 elapsed=2h1m33s
Aug 18 19:11:28 nimbus-eth1-mainnet-long-benchmark[2924939]: INF 2026-08-18 19:11:28.784+00:00 Imported blocks                            blockNumber=5111809 slot=1 blocks=5111808 txs=165332350 mgas=7436822 bps=166.7 tps=21911 mgps=1090 avgBps=696.2 avgTps=22517 avgMGps=1012 elapsed=2h2m22s
Aug 18 19:12:17 nimbus-eth1-mainnet-long-benchmark[2924939]: INF 2026-08-18 19:12:17.783+00:00 Imported blocks                            blockNumber=5120001 slot=1 blocks=5120000 txs=166389897 mgas=7491018 bps=167.2 tps=21583 mgps=1106 avgBps=692.7 avgTps=22511 avgMGps=1013 elapsed=2h3m11s
Aug 18 19:13:12 nimbus-eth1-mainnet-long-benchmark[2924939]: INF 2026-08-18 19:13:12.590+00:00 Imported blocks                            blockNumber=5128193 slot=1 blocks=5128192 txs=167598391 mgas=7549235 bps=149.5 tps=22050 mgps=1062 avgBps=688.7 avgTps=22508 avgMGps=1013 elapsed=2h4m6s
Aug 18 19:14:04 nimbus-eth1-mainnet-long-benchmark[2924939]: INF 2026-08-18 19:14:04.185+00:00 Imported blocks                            blockNumber=5136385 slot=1 blocks=5136384 txs=168782652 mgas=7605981 bps=158.8 tps=22953 mgps=1099 avgBps=685.1 avgTps=22511 avgMGps=1014 elapsed=2h4m57s
Aug 18 19:14:53 nimbus-eth1-mainnet-long-benchmark[2924939]: INF 2026-08-18 19:14:53.265+00:00 Imported blocks                            blockNumber=5144577 slot=1 blocks=5144576 txs=169782076 mgas=7658488 bps=166.9 tps=20362 mgps=1069 avgBps=681.7 avgTps=22497 avgMGps=1014 elapsed=2h5m46s
Aug 18 19:15:43 nimbus-eth1-mainnet-long-benchmark[2924939]: INF 2026-08-18 19:15:43.440+00:00 Imported blocks                            blockNumber=5152769 slot=1 blocks=5152768 txs=170799521 mgas=7712067 bps=163.3 tps=20278 mgps=1067 avgBps=678.3 avgTps=22482 avgMGps=1015 elapsed=2h6m36s
Aug 18 19:16:34 nimbus-eth1-mainnet-long-benchmark[2924939]: INF 2026-08-18 19:16:34.471+00:00 Imported blocks                            blockNumber=5160961 slot=1 blocks=5160960 txs=171819144 mgas=7764877 bps=160.5 tps=19980 mgps=1034 avgBps=674.8 avgTps=22465 avgMGps=1015 elapsed=2h7m27s
Aug 18 19:17:24 nimbus-eth1-mainnet-long-benchmark[2924939]: INF 2026-08-18 19:17:24.450+00:00 Imported blocks                            blockNumber=5169153 slot=1 blocks=5169152 txs=172757993 mgas=7817043 bps=163.9 tps=18786 mgps=1043 avgBps=671.5 avgTps=22442 avgMGps=1015 elapsed=2h8m17s
Aug 18 19:18:17 nimbus-eth1-mainnet-long-benchmark[2924939]: INF 2026-08-18 19:18:17.457+00:00 Imported blocks                            blockNumber=5177345 slot=1 blocks=5177344 txs=173763054 mgas=7871023 bps=154.5 tps=18960 mgps=1018 avgBps=668.0 avgTps=22418 avgMGps=1015 elapsed=2h9m10s
Aug 18 19:19:12 nimbus-eth1-mainnet-long-benchmark[2924939]: INF 2026-08-18 19:19:12.644+00:00 Imported blocks                            blockNumber=5185537 slot=1 blocks=5185536 txs=174769351 mgas=7925432 bps=148.4 tps=18233 mgps=985.9 avgBps=664.3 avgTps=22388 avgMGps=1015 elapsed=2h10m6s
Aug 18 19:20:03 nimbus-eth1-mainnet-long-benchmark[2924939]: INF 2026-08-18 19:20:03.700+00:00 Imported blocks                            blockNumber=5193729 slot=1 blocks=5193728 txs=175680124 mgas=7977799 bps=160.4 tps=17838 mgps=1025 avgBps=661.0 avgTps=22359 avgMGps=1015 elapsed=2h10m57s
Aug 18 19:20:55 nimbus-eth1-mainnet-long-benchmark[2924939]: INF 2026-08-18 19:20:55.039+00:00 Imported blocks                            blockNumber=5201921 slot=1 blocks=5201920 txs=176699733 mgas=8032758 bps=159.6 tps=19861 mgps=1070 avgBps=657.8 avgTps=22342 avgMGps=1015 elapsed=2h11m48s
Aug 18 19:21:47 nimbus-eth1-mainnet-long-benchmark[2924939]: INF 2026-08-18 19:21:47.290+00:00 Imported blocks                            blockNumber=5210113 slot=1 blocks=5210112 txs=177662938 mgas=8084190 bps=156.8 tps=18434 mgps=984.3 avgBps=654.5 avgTps=22317 avgMGps=1015 elapsed=2h12m40s
Aug 18 19:22:43 nimbus-eth1-mainnet-long-benchmark[2924939]: INF 2026-08-18 19:22:43.049+00:00 Imported blocks                            blockNumber=5218305 slot=1 blocks=5218304 txs=178743234 mgas=8137622 bps=146.9 tps=19373 mgps=958.2 avgBps=650.9 avgTps=22296 avgMGps=1015 elapsed=2h13m36s
Aug 18 19:23:34 nimbus-eth1-mainnet-long-benchmark[2924939]: INF 2026-08-18 19:23:34.740+00:00 Imported blocks                            blockNumber=5226497 slot=1 blocks=5226496 txs=179656269 mgas=8189437 bps=158.5 tps=17663 mgps=1002 avgBps=647.8 avgTps=22267 avgMGps=1015 elapsed=2h14m28s
Aug 18 19:24:23 nimbus-eth1-mainnet-long-benchmark[2924939]: INF 2026-08-18 19:24:23.031+00:00 Imported blocks                            blockNumber=5234689 slot=1 blocks=5234688 txs=180467802 mgas=8239147 bps=169.6 tps=16803 mgps=1029 avgBps=644.9 avgTps=22234 avgMGps=1015 elapsed=2h15m16s
Aug 18 19:25:12 nimbus-eth1-mainnet-long-benchmark[2924939]: INF 2026-08-18 19:25:12.387+00:00 Imported blocks                            blockNumber=5242881 slot=1 blocks=5242880 txs=181381820 mgas=8289807 bps=166.0 tps=18521 mgps=1026 avgBps=642.0 avgTps=22212 avgMGps=1015 elapsed=2h16m5s
Aug 18 19:26:01 nimbus-eth1-mainnet-long-benchmark[2924939]: INF 2026-08-18 19:26:01.818+00:00 Imported blocks                            blockNumber=5251073 slot=1 blocks=5251072 txs=182333554 mgas=8339467 bps=165.7 tps=19253 mgps=1004 avgBps=639.2 avgTps=22194 avgMGps=1015 elapsed=2h16m55s
Aug 18 19:26:54 nimbus-eth1-mainnet-long-benchmark[2924939]: INF 2026-08-18 19:26:54.017+00:00 Imported blocks                            blockNumber=5259265 slot=1 blocks=5259264 txs=183299882 mgas=8389405 bps=156.9 tps=18511 mgps=956.6 avgBps=636.1 avgTps=22171 avgMGps=1014 elapsed=2h17m47s
Aug 18 19:27:42 nimbus-eth1-mainnet-long-benchmark[2924939]: INF 2026-08-18 19:27:42.608+00:00 Imported blocks                            blockNumber=5267457 slot=1 blocks=5267456 txs=184176002 mgas=8437639 bps=168.6 tps=18029 mgps=992.6 avgBps=633.4 avgTps=22146 avgMGps=1014 elapsed=2h18m36s
Aug 18 19:28:28 nimbus-eth1-mainnet-long-benchmark[2924939]: INF 2026-08-18 19:28:28.183+00:00 Imported blocks                            blockNumber=5275649 slot=1 blocks=5275648 txs=185015562 mgas=8483144 bps=179.7 tps=18420 mgps=998.4 avgBps=630.9 avgTps=22126 avgMGps=1014 elapsed=2h19m21s
Aug 18 19:29:17 nimbus-eth1-mainnet-long-benchmark[2924939]: INF 2026-08-18 19:29:17.735+00:00 Imported blocks                            blockNumber=5283841 slot=1 blocks=5283840 txs=185991636 mgas=8533613 bps=165.3 tps=19700 mgps=1018 avgBps=628.2 avgTps=22112 avgMGps=1014 elapsed=2h20m11s
Aug 18 19:30:06 nimbus-eth1-mainnet-long-benchmark[2924939]: INF 2026-08-18 19:30:06.682+00:00 Imported blocks                            blockNumber=5292033 slot=1 blocks=5292032 txs=186916610 mgas=8581538 bps=167.4 tps=18896 mgps=979.1 avgBps=625.5 avgTps=22093 avgMGps=1014 elapsed=2h21m202ms
Aug 18 19:30:54 nimbus-eth1-mainnet-long-benchmark[2924939]: INF 2026-08-18 19:30:54.285+00:00 Imported blocks                            blockNumber=5300225 slot=1 blocks=5300224 txs=187858754 mgas=8631219 bps=172.1 tps=19790 mgps=1043 avgBps=623.0 avgTps=22080 avgMGps=1014 elapsed=2h21m47s
Aug 18 19:31:42 nimbus-eth1-mainnet-long-benchmark[2924939]: INF 2026-08-18 19:31:42.232+00:00 Imported blocks                            blockNumber=5308417 slot=1 blocks=5308416 txs=188745166 mgas=8677575 bps=170.9 tps=18487 mgps=966.8 avgBps=620.4 avgTps=22060 avgMGps=1014 elapsed=2h22m35s
Aug 18 19:32:28 nimbus-eth1-mainnet-long-benchmark[2924939]: INF 2026-08-18 19:32:28.123+00:00 Imported blocks                            blockNumber=5316609 slot=1 blocks=5316608 txs=189573202 mgas=8722412 bps=178.5 tps=18042 mgps=977.0 avgBps=618.1 avgTps=22039 avgMGps=1014 elapsed=2h23m21s
Aug 18 19:33:11 nimbus-eth1-mainnet-long-benchmark[2924939]: INF 2026-08-18 19:33:11.219+00:00 Imported blocks                            blockNumber=5324801 slot=1 blocks=5324800 txs=190311453 mgas=8764899 bps=190.1 tps=17130 mgps=985.9 avgBps=616.0 avgTps=22014 avgMGps=1013 elapsed=2h24m4s
Aug 18 19:33:56 nimbus-eth1-mainnet-long-benchmark[2924939]: INF 2026-08-18 19:33:56.034+00:00 Imported blocks                            blockNumber=5332993 slot=1 blocks=5332992 txs=191190015 mgas=8809276 bps=182.8 tps=19606 mgps=990.3 avgBps=613.7 avgTps=22002 avgMGps=1013 elapsed=2h24m49s
Aug 18 19:34:36 nimbus-eth1-mainnet-long-benchmark[2924939]: INF 2026-08-18 19:34:36.777+00:00 Imported blocks                            blockNumber=5341185 slot=1 blocks=5341184 txs=191949799 mgas=8848792 bps=201.0 tps=18646 mgps=969.8 avgBps=611.8 avgTps=21986 avgMGps=1013 elapsed=2h25m30s
Aug 18 19:35:23 nimbus-eth1-mainnet-long-benchmark[2924939]: INF 2026-08-18 19:35:23.729+00:00 Imported blocks                            blockNumber=5349377 slot=1 blocks=5349376 txs=192826757 mgas=8894234 bps=174.5 tps=18677 mgps=967.8 avgBps=609.5 avgTps=21968 avgMGps=1013 elapsed=2h26m17s
Aug 18 19:36:10 nimbus-eth1-mainnet-long-benchmark[2924939]: INF 2026-08-18 19:36:10.804+00:00 Imported blocks                            blockNumber=5357569 slot=1 blocks=5357568 txs=193630236 mgas=8940348 bps=174.0 tps=17068 mgps=979.6 avgBps=607.1 avgTps=21942 avgMGps=1013 elapsed=2h27m4s
Aug 18 19:36:54 nimbus-eth1-mainnet-long-benchmark[2924939]: INF 2026-08-18 19:36:54.575+00:00 Imported blocks                            blockNumber=5365761 slot=1 blocks=5365760 txs=194359264 mgas=8985413 bps=187.1 tps=16654 mgps=1029 avgBps=605.1 avgTps=21916 avgMGps=1013 elapsed=2h27m48s
Aug 18 19:37:43 nimbus-eth1-mainnet-long-benchmark[2924939]: INF 2026-08-18 19:37:43.046+00:00 Imported blocks                            blockNumber=5373953 slot=1 blocks=5373952 txs=195244977 mgas=9033151 bps=169.0 tps=18273 mgps=984.9 avgBps=602.7 avgTps=21896 avgMGps=1013 elapsed=2h28m36s
Aug 18 19:38:33 nimbus-eth1-mainnet-long-benchmark[2924939]: INF 2026-08-18 19:38:33.502+00:00 Imported blocks                            blockNumber=5382145 slot=1 blocks=5382144 txs=196081972 mgas=9084503 bps=162.4 tps=16589 mgps=1017 avgBps=600.2 avgTps=21867 avgMGps=1013 elapsed=2h29m27s
Aug 18 19:39:25 nimbus-eth1-mainnet-long-benchmark[2924939]: INF 2026-08-18 19:39:25.197+00:00 Imported blocks                            blockNumber=5390337 slot=1 blocks=5390336 txs=197047903 mgas=9137468 bps=158.5 tps=18684 mgps=1024 avgBps=597.7 avgTps=21848 avgMGps=1013 elapsed=2h30m18s
Aug 18 19:40:11 nimbus-eth1-mainnet-long-benchmark[2924939]: INF 2026-08-18 19:40:11.840+00:00 Imported blocks                            blockNumber=5398529 slot=1 blocks=5398528 txs=197830829 mgas=9188358 bps=175.6 tps=16784 mgps=1091 avgBps=595.5 avgTps=21822 avgMGps=1013 elapsed=2h31m5s
Aug 18 19:41:00 nimbus-eth1-mainnet-long-benchmark[2924939]: INF 2026-08-18 19:40:59.995+00:00 Imported blocks                            blockNumber=5406721 slot=1 blocks=5406720 txs=198592019 mgas=9237315 bps=170.1 tps=15807 mgps=1016 avgBps=593.3 avgTps=21790 avgMGps=1013 elapsed=2h31m53s
Aug 18 19:41:48 nimbus-eth1-mainnet-long-benchmark[2924939]: INF 2026-08-18 19:41:48.630+00:00 Imported blocks                            blockNumber=5414913 slot=1 blocks=5414912 txs=199419083 mgas=9285787 bps=168.5 tps=17007 mgps=996.8 avgBps=591.0 avgTps=21765 avgMGps=1013 elapsed=2h32m42s
Aug 18 19:42:43 nimbus-eth1-mainnet-long-benchmark[2924939]: INF 2026-08-18 19:42:43.450+00:00 Imported blocks                            blockNumber=5423105 slot=1 blocks=5423104 txs=200244501 mgas=9335043 bps=149.4 tps=15056 mgps=898.5 avgBps=588.4 avgTps=21725 avgMGps=1012 elapsed=2h33m36s
Aug 18 19:43:40 nimbus-eth1-mainnet-long-benchmark[2924939]: INF 2026-08-18 19:43:40.681+00:00 Imported blocks                            blockNumber=5431297 slot=1 blocks=5431296 txs=201163768 mgas=9387274 bps=143.1 tps=16061 mgps=912.6 avgBps=585.6 avgTps=21690 avgMGps=1012 elapsed=2h34m34s
Aug 18 19:44:38 nimbus-eth1-mainnet-long-benchmark[2924939]: INF 2026-08-18 19:44:38.708+00:00 Imported blocks                            blockNumber=5439489 slot=1 blocks=5439488 txs=202137994 mgas=9442417 bps=141.2 tps=16789 mgps=950.3 avgBps=582.9 avgTps=21660 avgMGps=1011 elapsed=2h35m32s
Aug 18 19:45:31 nimbus-eth1-mainnet-long-benchmark[2924939]: INF 2026-08-18 19:45:31.835+00:00 Imported blocks                            blockNumber=5447681 slot=1 blocks=5447680 txs=202971502 mgas=9493107 bps=154.2 tps=15688 mgps=954.1 avgBps=580.4 avgTps=21626 avgMGps=1011 elapsed=2h36m25s
Aug 18 19:46:27 nimbus-eth1-mainnet-long-benchmark[2924939]: INF 2026-08-18 19:46:27.718+00:00 Imported blocks                            blockNumber=5455873 slot=1 blocks=5455872 txs=203919362 mgas=9549815 bps=146.6 tps=16962 mgps=1014 avgBps=577.9 avgTps=21598 avgMGps=1011 elapsed=2h37m21s
Aug 18 19:47:27 nimbus-eth1-mainnet-long-benchmark[2924939]: INF 2026-08-18 19:47:27.277+00:00 Imported blocks                            blockNumber=5464065 slot=1 blocks=5464064 txs=204953333 mgas=9608468 bps=137.5 tps=17359 mgps=984.7 avgBps=575.1 avgTps=21572 avgMGps=1011 elapsed=2h38m20s
Aug 18 19:48:28 nimbus-eth1-mainnet-long-benchmark[2924939]: INF 2026-08-18 19:48:28.204+00:00 Imported blocks                            blockNumber=5472257 slot=1 blocks=5472256 txs=206068922 mgas=9667810 bps=134.5 tps=18310 mgps=974.0 avgBps=572.3 avgTps=21551 avgMGps=1011 elapsed=2h39m21s
Aug 18 19:49:29 nimbus-eth1-mainnet-long-benchmark[2924939]: INF 2026-08-18 19:49:29.775+00:00 Imported blocks                            blockNumber=5480449 slot=1 blocks=5480448 txs=207222045 mgas=9726894 bps=133.0 tps=18727 mgps=959.5 avgBps=569.5 avgTps=21533 avgMGps=1010 elapsed=2h40m23s
Aug 18 19:50:29 nimbus-eth1-mainnet-long-benchmark[2924939]: INF 2026-08-18 19:50:29.158+00:00 Imported blocks                            blockNumber=5488641 slot=1 blocks=5488640 txs=208231197 mgas=9782963 bps=138.0 tps=16995 mgps=944.3 avgBps=566.9 avgTps=21505 avgMGps=1010 elapsed=2h41m22s
Aug 18 19:51:33 nimbus-eth1-mainnet-long-benchmark[2924939]: INF 2026-08-18 19:51:33.685+00:00 Imported blocks                            blockNumber=5496833 slot=1 blocks=5496832 txs=209387352 mgas=9840565 bps=127.0 tps=17917 mgps=892.7 avgBps=563.9 avgTps=21481 avgMGps=1009 elapsed=2h42m27s
Aug 18 19:52:37 nimbus-eth1-mainnet-long-benchmark[2924939]: INF 2026-08-18 19:52:37.948+00:00 Imported blocks                            blockNumber=5505025 slot=1 blocks=5505024 txs=210535309 mgas=9898096 bps=127.5 tps=17862 mgps=895.2 avgBps=561.1 avgTps=21458 avgMGps=1008 elapsed=2h43m31s
Aug 18 19:53:36 nimbus-eth1-mainnet-long-benchmark[2924939]: INF 2026-08-18 19:53:36.795+00:00 Imported blocks                            blockNumber=5513217 slot=1 blocks=5513216 txs=211624286 mgas=9953427 bps=139.2 tps=18505 mgps=940.3 avgBps=558.6 avgTps=21440 avgMGps=1008 elapsed=2h44m30s
Aug 18 19:54:36 nimbus-eth1-mainnet-long-benchmark[2924939]: INF 2026-08-18 19:54:36.118+00:00 Imported blocks                            blockNumber=5521409 slot=1 blocks=5521408 txs=212752762 mgas=10007719 bps=138.1 tps=19023 mgps=915.2 avgBps=556.1 avgTps=21426 avgMGps=1007 elapsed=2h45m29s
Aug 18 19:55:37 nimbus-eth1-mainnet-long-benchmark[2924939]: INF 2026-08-18 19:55:37.993+00:00 Imported blocks                            blockNumber=5529601 slot=1 blocks=5529600 txs=213799913 mgas=10062746 bps=132.4 tps=16923 mgps=889.3 avgBps=553.4 avgTps=21398 avgMGps=1007 elapsed=2h46m31s
Aug 18 19:56:41 nimbus-eth1-mainnet-long-benchmark[2924939]: INF 2026-08-18 19:56:41.728+00:00 Imported blocks                            blockNumber=5537793 slot=1 blocks=5537792 txs=214926872 mgas=10120726 bps=128.5 tps=17681 mgps=909.7 avgBps=550.7 avgTps=21374 avgMGps=1006 elapsed=2h47m35s
Aug 18 19:57:45 nimbus-eth1-mainnet-long-benchmark[2924939]: INF 2026-08-18 19:57:45.851+00:00 Imported blocks                            blockNumber=5545985 slot=1 blocks=5545984 txs=216003215 mgas=10179892 bps=127.7 tps=16784 mgps=922.7 avgBps=548.1 avgTps=21345 avgMGps=1005 elapsed=2h48m39s
Aug 18 19:58:50 nimbus-eth1-mainnet-long-benchmark[2924939]: INF 2026-08-18 19:58:50.666+00:00 Imported blocks                            blockNumber=5554177 slot=1 blocks=5554176 txs=217195611 mgas=10239437 bps=126.4 tps=18397 mgps=918.7 avgBps=545.4 avgTps=21326 avgMGps=1005 elapsed=2h49m44s
Aug 18 20:00:00 nimbus-eth1-mainnet-long-benchmark[2924939]: INF 2026-08-18 20:00:00.841+00:00 Imported blocks                            blockNumber=5562369 slot=1 blocks=5562368 txs=218572562 mgas=10297957 bps=116.7 tps=19622 mgps=833.9 avgBps=542.4 avgTps=21315 avgMGps=1004 elapsed=2h50m54s
Aug 18 20:01:00 nimbus-eth1-mainnet-long-benchmark[2924939]: INF 2026-08-18 20:01:00.572+00:00 Imported blocks                            blockNumber=5570561 slot=1 blocks=5570560 txs=219549283 mgas=10356007 bps=137.1 tps=16351 mgps=971.8 avgBps=540.1 avgTps=21286 avgMGps=1004 elapsed=2h51m54s
Aug 18 20:02:01 nimbus-eth1-mainnet-long-benchmark[2924939]: INF 2026-08-18 20:02:01.395+00:00 Imported blocks                            blockNumber=5578753 slot=1 blocks=5578752 txs=220715670 mgas=10413738 bps=134.7 tps=19175 mgps=949.1 avgBps=537.7 avgTps=21273 avgMGps=1003 elapsed=2h52m54s
Aug 18 20:03:05 nimbus-eth1-mainnet-long-benchmark[2924939]: INF 2026-08-18 20:03:05.690+00:00 Imported blocks                            blockNumber=5586945 slot=1 blocks=5586944 txs=221877585 mgas=10472145 bps=127.4 tps=18073 mgps=908.5 avgBps=535.2 avgTps=21254 avgMGps=1003 elapsed=2h53m59s
Aug 18 20:04:12 nimbus-eth1-mainnet-long-benchmark[2924939]: INF 2026-08-18 20:04:12.093+00:00 Imported blocks                            blockNumber=5595137 slot=1 blocks=5595136 txs=223112499 mgas=10532917 bps=123.4 tps=18596 mgps=915.2 avgBps=532.6 avgTps=21237 avgMGps=1002 elapsed=2h55m5s
Aug 18 20:05:14 nimbus-eth1-mainnet-long-benchmark[2924939]: INF 2026-08-18 20:05:14.492+00:00 Imported blocks                            blockNumber=5603329 slot=1 blocks=5603328 txs=224236731 mgas=10592673 bps=131.3 tps=18016 mgps=957.6 avgBps=530.2 avgTps=21218 avgMGps=1002 elapsed=2h56m8s
Aug 18 20:06:16 nimbus-eth1-mainnet-long-benchmark[2924939]: INF 2026-08-18 20:06:16.087+00:00 Imported blocks                            blockNumber=5611521 slot=1 blocks=5611520 txs=225332209 mgas=10652795 bps=133.0 tps=17784 mgps=976.1 avgBps=527.9 avgTps=21198 avgMGps=1002 elapsed=2h57m9s
Aug 18 20:07:21 nimbus-eth1-mainnet-long-benchmark[2924939]: INF 2026-08-18 20:07:21.738+00:00 Imported blocks                            blockNumber=5619713 slot=1 blocks=5619712 txs=226491094 mgas=10713164 bps=124.8 tps=17653 mgps=919.6 avgBps=525.4 avgTps=21176 avgMGps=1001 elapsed=2h58m15s
Aug 18 20:08:25 nimbus-eth1-mainnet-long-benchmark[2924939]: INF 2026-08-18 20:08:25.989+00:00 Imported blocks                            blockNumber=5627905 slot=1 blocks=5627904 txs=227644911 mgas=10773939 bps=127.5 tps=17958 mgps=945.9 avgBps=523.1 avgTps=21157 avgMGps=1001 elapsed=2h59m19s
Aug 18 20:09:29 nimbus-eth1-mainnet-long-benchmark[2924939]: INF 2026-08-18 20:09:29.968+00:00 Imported blocks                            blockNumber=5636097 slot=1 blocks=5636096 txs=228871217 mgas=10834353 bps=128.0 tps=19166 mgps=944.2 avgBps=520.7 avgTps=21145 avgMGps=1001 elapsed=3h23s491ms
Aug 18 20:10:32 nimbus-eth1-mainnet-long-benchmark[2924939]: INF 2026-08-18 20:10:32.087+00:00 Imported blocks                            blockNumber=5644289 slot=1 blocks=5644288 txs=230067314 mgas=10894316 bps=131.9 tps=19256 mgps=965.4 avgBps=518.5 avgTps=21135 avgMGps=1000 elapsed=3h1m25s
Aug 18 20:11:36 nimbus-eth1-mainnet-long-benchmark[2924939]: INF 2026-08-18 20:11:36.990+00:00 Imported blocks                            blockNumber=5652481 slot=1 blocks=5652480 txs=231215371 mgas=10954481 bps=126.2 tps=17688 mgps=927.0 avgBps=516.2 avgTps=21114 avgMGps=1000 elapsed=3h2m30s
Aug 18 20:12:40 nimbus-eth1-mainnet-long-benchmark[2924939]: INF 2026-08-18 20:12:40.309+00:00 Imported blocks                            blockNumber=5660673 slot=1 blocks=5660672 txs=232392425 mgas=11015178 bps=129.4 tps=18588 mgps=958.6 avgBps=514.0 avgTps=21100 avgMGps=1000 elapsed=3h3m33s
Aug 18 20:13:46 nimbus-eth1-mainnet-long-benchmark[2924939]: INF 2026-08-18 20:13:46.040+00:00 Imported blocks                            blockNumber=5668865 slot=1 blocks=5668864 txs=233627923 mgas=11075226 bps=124.6 tps=18795 mgps=913.5 avgBps=511.7 avgTps=21086 avgMGps=999.6 elapsed=3h4m39s
Aug 18 20:14:52 nimbus-eth1-mainnet-long-benchmark[2924939]: INF 2026-08-18 20:14:52.842+00:00 Imported blocks                            blockNumber=5677057 slot=1 blocks=5677056 txs=234775285 mgas=11135711 bps=122.6 tps=17176 mgps=905.5 avgBps=509.3 avgTps=21062 avgMGps=999.0 elapsed=3h5m46s
Aug 18 20:15:56 nimbus-eth1-mainnet-long-benchmark[2924939]: INF 2026-08-18 20:15:56.193+00:00 Imported blocks                            blockNumber=5685249 slot=1 blocks=5685248 txs=235883512 mgas=11195486 bps=129.3 tps=17493 mgps=943.6 avgBps=507.2 avgTps=21042 avgMGps=998.7 elapsed=3h6m49s
Aug 18 20:17:01 nimbus-eth1-mainnet-long-benchmark[2924939]: INF 2026-08-18 20:17:01.700+00:00 Imported blocks                            blockNumber=5693441 slot=1 blocks=5693440 txs=237085394 mgas=11256495 bps=125.1 tps=18347 mgps=931.3 avgBps=505.0 avgTps=21027 avgMGps=998.3 elapsed=3h7m55s
Aug 18 20:18:10 nimbus-eth1-mainnet-long-benchmark[2924939]: INF 2026-08-18 20:18:10.295+00:00 Imported blocks                            blockNumber=5701633 slot=1 blocks=5701632 txs=238269205 mgas=11318172 bps=119.4 tps=17257 mgps=899.1 avgBps=502.6 avgTps=21004 avgMGps=997.7 elapsed=3h9m3s
Aug 18 20:19:21 nimbus-eth1-mainnet-long-benchmark[2924939]: INF 2026-08-18 20:19:21.678+00:00 Imported blocks                            blockNumber=5709825 slot=1 blocks=5709824 txs=239483842 mgas=11379963 bps=114.8 tps=17015 mgps=865.6 avgBps=500.2 avgTps=20979 avgMGps=996.9 elapsed=3h10m15s
Aug 18 20:20:31 nimbus-eth1-mainnet-long-benchmark[2924939]: INF 2026-08-18 20:20:31.509+00:00 Imported blocks                            blockNumber=5718017 slot=1 blocks=5718016 txs=240570315 mgas=11441462 bps=117.3 tps=15558 mgps=880.7 avgBps=497.9 avgTps=20946 avgMGps=996.2 elapsed=3h11m25s
Aug 18 20:21:38 nimbus-eth1-mainnet-long-benchmark[2924939]: INF 2026-08-18 20:21:38.500+00:00 Imported blocks                            blockNumber=5726209 slot=1 blocks=5726208 txs=241772216 mgas=11502595 bps=122.3 tps=17940 mgps=912.5 avgBps=495.7 avgTps=20928 avgMGps=995.7 elapsed=3h12m32s
Aug 18 20:22:44 nimbus-eth1-mainnet-long-benchmark[2924939]: INF 2026-08-18 20:22:44.399+00:00 Imported blocks                            blockNumber=5734401 slot=1 blocks=5734400 txs=242887128 mgas=11563848 bps=124.3 tps=16918 mgps=929.5 avgBps=493.6 avgTps=20906 avgMGps=995.3 elapsed=3h13m37s
Aug 18 20:23:49 nimbus-eth1-mainnet-long-benchmark[2924939]: INF 2026-08-18 20:23:49.382+00:00 Imported blocks                            blockNumber=5742593 slot=1 blocks=5742592 txs=244051101 mgas=11623983 bps=126.1 tps=17912 mgps=925.4 avgBps=491.5 avgTps=20889 avgMGps=995.0 elapsed=3h14m42s
Aug 18 20:24:52 nimbus-eth1-mainnet-long-benchmark[2924939]: INF 2026-08-18 20:24:52.753+00:00 Imported blocks                            blockNumber=5750785 slot=1 blocks=5750784 txs=245135161 mgas=11683584 bps=129.3 tps=17106 mgps=940.5 avgBps=489.6 avgTps=20869 avgMGps=994.7 elapsed=3h15m46s
Aug 18 20:25:56 nimbus-eth1-mainnet-long-benchmark[2924939]: INF 2026-08-18 20:25:56.036+00:00 Imported blocks                            blockNumber=5758977 slot=1 blocks=5758976 txs=246213533 mgas=11743393 bps=129.5 tps=17041 mgps=945.1 avgBps=487.7 avgTps=20848 avgMGps=994.4 elapsed=3h16m49s
Aug 18 20:27:00 nimbus-eth1-mainnet-long-benchmark[2924939]: INF 2026-08-18 20:27:00.987+00:00 Imported blocks                            blockNumber=5767169 slot=1 blocks=5767168 txs=247328378 mgas=11802719 bps=126.1 tps=17164 mgps=913.4 avgBps=485.7 avgTps=20828 avgMGps=994.0 elapsed=3h17m54s
Aug 18 20:28:03 nimbus-eth1-mainnet-long-benchmark[2924939]: INF 2026-08-18 20:28:03.658+00:00 Imported blocks                            blockNumber=5775361 slot=1 blocks=5775360 txs=248454516 mgas=11862582 bps=130.7 tps=17968 mgps=955.2 avgBps=483.8 avgTps=20813 avgMGps=993.8 elapsed=3h18m57s
Aug 18 20:29:05 nimbus-eth1-mainnet-long-benchmark[2924939]: INF 2026-08-18 20:29:05.397+00:00 Imported blocks                            blockNumber=5783553 slot=1 blocks=5783552 txs=249591493 mgas=11921794 bps=132.7 tps=18415 mgps=959.1 avgBps=482.0 avgTps=20801 avgMGps=993.6 elapsed=3h19m58s
Aug 18 20:30:00 nimbus-eth1-mainnet-long-benchmark[2924939]: INF 2026-08-18 20:30:00.900+00:00 Imported blocks                            blockNumber=5791745 slot=1 blocks=5791744 txs=250638008 mgas=11973982 bps=147.6 tps=18855 mgps=940.3 avgBps=480.5 avgTps=20792 avgMGps=993.3 elapsed=3h20m54s
Aug 18 20:30:58 nimbus-eth1-mainnet-long-benchmark[2924939]: INF 2026-08-18 20:30:58.543+00:00 Imported blocks                            blockNumber=5799937 slot=1 blocks=5799936 txs=251678426 mgas=12029173 bps=142.1 tps=18048 mgps=957.4 avgBps=478.9 avgTps=20779 avgMGps=993.2 elapsed=3h21m52s
Aug 18 20:31:52 nimbus-eth1-mainnet-long-benchmark[2924939]: INF 2026-08-18 20:31:52.286+00:00 Imported blocks                            blockNumber=5808129 slot=1 blocks=5808128 txs=252531449 mgas=12084497 bps=152.4 tps=15873 mgps=1029 avgBps=477.4 avgTps=20757 avgMGps=993.3 elapsed=3h22m45s
Aug 18 20:32:52 nimbus-eth1-mainnet-long-benchmark[2924939]: INF 2026-08-18 20:32:52.369+00:00 Imported blocks                            blockNumber=5816321 slot=1 blocks=5816320 txs=253560073 mgas=12141561 bps=136.3 tps=17120 mgps=949.7 avgBps=475.7 avgTps=20739 avgMGps=993.1 elapsed=3h23m45s
Aug 18 20:33:56 nimbus-eth1-mainnet-long-benchmark[2924939]: INF 2026-08-18 20:33:56.044+00:00 Imported blocks                            blockNumber=5824513 slot=1 blocks=5824512 txs=254677119 mgas=12200831 bps=128.7 tps=17542 mgps=930.8 avgBps=473.9 avgTps=20723 avgMGps=992.8 elapsed=3h24m49s
Aug 18 20:34:58 nimbus-eth1-mainnet-long-benchmark[2924939]: INF 2026-08-18 20:34:58.935+00:00 Imported blocks                            blockNumber=5832705 slot=1 blocks=5832704 txs=255738276 mgas=12259791 bps=130.3 tps=16872 mgps=937.5 avgBps=472.2 avgTps=20703 avgMGps=992.5 elapsed=3h25m52s
Aug 18 20:35:59 nimbus-eth1-mainnet-long-benchmark[2924939]: INF 2026-08-18 20:35:59.918+00:00 Imported blocks                            blockNumber=5840897 slot=1 blocks=5840896 txs=256793603 mgas=12316339 bps=134.3 tps=17305 mgps=927.3 avgBps=470.5 avgTps=20686 avgMGps=992.2 elapsed=3h26m53s
Aug 18 20:36:55 nimbus-eth1-mainnet-long-benchmark[2924939]: INF 2026-08-18 20:36:55.017+00:00 Imported blocks                            blockNumber=5849089 slot=1 blocks=5849088 txs=257672255 mgas=12366878 bps=148.7 tps=15946 mgps=917.2 avgBps=469.1 avgTps=20665 avgMGps=991.8 elapsed=3h27m48s
Aug 18 20:38:01 nimbus-eth1-mainnet-long-benchmark[2924939]: INF 2026-08-18 20:38:01.964+00:00 Imported blocks                            blockNumber=5857281 slot=1 blocks=5857280 txs=258845741 mgas=12424511 bps=122.4 tps=17528 mgps=860.8 avgBps=467.3 avgTps=20649 avgMGps=991.1 elapsed=3h28m55s
Aug 18 20:39:04 nimbus-eth1-mainnet-long-benchmark[2924939]: INF 2026-08-18 20:39:04.115+00:00 Imported blocks                            blockNumber=5865473 slot=1 blocks=5865472 txs=259926780 mgas=12482128 bps=131.8 tps=17394 mgps=927.1 avgBps=465.6 avgTps=20632 avgMGps=990.8 elapsed=3h29m57s
Aug 18 20:40:07 nimbus-eth1-mainnet-long-benchmark[2924939]: INF 2026-08-18 20:40:07.926+00:00 Imported blocks                            blockNumber=5873665 slot=1 blocks=5873664 txs=260984009 mgas=12538871 bps=128.4 tps=16568 mgps=889.3 avgBps=463.9 avgTps=20612 avgMGps=990.3 elapsed=3h31m1s
Aug 18 20:41:07 nimbus-eth1-mainnet-long-benchmark[2924939]: INF 2026-08-18 20:41:07.081+00:00 Imported blocks                            blockNumber=5881857 slot=1 blocks=5881856 txs=261935767 mgas=12597382 bps=138.5 tps=16088 mgps=989.1 avgBps=462.4 avgTps=20591 avgMGps=990.3 elapsed=3h32m603ms
Aug 18 20:41:56 nimbus-eth1-mainnet-long-benchmark[2924939]: INF 2026-08-18 20:41:56.276+00:00 Imported blocks                            blockNumber=5890049 slot=1 blocks=5890048 txs=262770950 mgas=12659178 bps=166.5 tps=16976 mgps=1256 avgBps=461.2 avgTps=20577 avgMGps=991.3 elapsed=3h32m49s
Aug 18 20:42:46 nimbus-eth1-mainnet-long-benchmark[2924939]: INF 2026-08-18 20:42:46.704+00:00 Imported blocks                            blockNumber=5898241 slot=1 blocks=5898240 txs=263510879 mgas=12720906 bps=162.4 tps=14672 mgps=1224 avgBps=460.1 avgTps=20554 avgMGps=992.3 elapsed=3h33m40s
Aug 18 20:43:38 nimbus-eth1-mainnet-long-benchmark[2924939]: INF 2026-08-18 20:43:38.051+00:00 Imported blocks                            blockNumber=5906433 slot=1 blocks=5906432 txs=264191752 mgas=12782810 bps=159.6 tps=13260 mgps=1205 avgBps=458.9 avgTps=20525 avgMGps=993.1 elapsed=3h34m31s
Aug 18 20:44:31 nimbus-eth1-mainnet-long-benchmark[2924939]: INF 2026-08-18 20:44:31.114+00:00 Imported blocks                            blockNumber=5914625 slot=1 blocks=5914624 txs=264898081 mgas=12844258 bps=154.4 tps=13310 mgps=1157 avgBps=457.6 avgTps=20495 avgMGps=993.8 elapsed=3h35m24s
Aug 18 20:45:21 nimbus-eth1-mainnet-long-benchmark[2924939]: INF 2026-08-18 20:45:21.989+00:00 Imported blocks                            blockNumber=5922817 slot=1 blocks=5922816 txs=265592658 mgas=12906347 bps=161.0 tps=13652 mgps=1220 avgBps=456.5 avgTps=20468 avgMGps=994.7 elapsed=3h36m15s
Aug 18 20:46:15 nimbus-eth1-mainnet-long-benchmark[2924939]: INF 2026-08-18 20:46:15.400+00:00 Imported blocks                            blockNumber=5931009 slot=1 blocks=5931008 txs=266439626 mgas=12964327 bps=153.4 tps=15857 mgps=1085 avgBps=455.2 avgTps=20449 avgMGps=995.0 elapsed=3h37m8s
Aug 18 20:47:14 nimbus-eth1-mainnet-long-benchmark[2924939]: INF 2026-08-18 20:47:14.771+00:00 Imported blocks                            blockNumber=5939201 slot=1 blocks=5939200 txs=267406185 mgas=13024289 bps=138.0 tps=16280 mgps=1009 avgBps=453.8 avgTps=20430 avgMGps=995.1 elapsed=3h38m8s
Aug 18 20:48:13 nimbus-eth1-mainnet-long-benchmark[2924939]: INF 2026-08-18 20:48:13.006+00:00 Imported blocks                            blockNumber=5947393 slot=1 blocks=5947392 txs=268307973 mgas=13084568 bps=140.7 tps=15485 mgps=1035 avgBps=452.4 avgTps=20409 avgMGps=995.3 elapsed=3h39m6s
Aug 18 20:49:09 nimbus-eth1-mainnet-long-benchmark[2924939]: INF 2026-08-18 20:49:09.889+00:00 Imported blocks                            blockNumber=5955585 slot=1 blocks=5955584 txs=269110837 mgas=13144983 bps=144.0 tps=14114 mgps=1062 avgBps=451.1 avgTps=20381 avgMGps=995.6 elapsed=3h40m3s
Aug 18 20:50:03 nimbus-eth1-mainnet-long-benchmark[2924939]: INF 2026-08-18 20:50:02.997+00:00 Imported blocks                            blockNumber=5963777 slot=1 blocks=5963776 txs=269795947 mgas=13208052 bps=154.3 tps=12900 mgps=1187 avgBps=449.9 avgTps=20351 avgMGps=996.3 elapsed=3h40m56s
Aug 18 20:50:55 nimbus-eth1-mainnet-long-benchmark[2924939]: INF 2026-08-18 20:50:55.364+00:00 Imported blocks                            blockNumber=5971969 slot=1 blocks=5971968 txs=270445659 mgas=13267738 bps=156.4 tps=12406 mgps=1139 avgBps=448.7 avgTps=20320 avgMGps=996.9 elapsed=3h41m48s
Aug 18 20:51:59 nimbus-eth1-mainnet-long-benchmark[2924939]: INF 2026-08-18 20:51:59.927+00:00 Imported blocks                            blockNumber=5980161 slot=1 blocks=5980160 txs=271482455 mgas=13327833 bps=126.9 tps=16059 mgps=930.8 avgBps=447.2 avgTps=20300 avgMGps=996.6 elapsed=3h42m53s
Aug 18 20:53:03 nimbus-eth1-mainnet-long-benchmark[2924939]: INF 2026-08-18 20:53:03.114+00:00 Imported blocks                            blockNumber=5988353 slot=1 blocks=5988352 txs=272485958 mgas=13387249 bps=129.6 tps=15881 mgps=940.3 avgBps=445.7 avgTps=20279 avgMGps=996.3 elapsed=3h43m56s
Aug 18 20:54:04 nimbus-eth1-mainnet-long-benchmark[2924939]: INF 2026-08-18 20:54:04.633+00:00 Imported blocks                            blockNumber=5996545 slot=1 blocks=5996544 txs=273513562 mgas=13446865 bps=133.2 tps=16703 mgps=969.0 avgBps=444.2 avgTps=20263 avgMGps=996.2 elapsed=3h44m58s
Aug 18 20:55:11 nimbus-eth1-mainnet-long-benchmark[2924939]: INF 2026-08-18 20:55:11.000+00:00 Imported blocks                            blockNumber=6004737 slot=1 blocks=6004736 txs=274405665 mgas=13507303 bps=123.4 tps=13441 mgps=910.7 avgBps=442.7 avgTps=20229 avgMGps=995.8 elapsed=3h46m4s
Aug 18 20:56:12 nimbus-eth1-mainnet-long-benchmark[2924939]: INF 2026-08-18 20:56:12.815+00:00 Imported blocks                            blockNumber=6012929 slot=1 blocks=6012928 txs=275285977 mgas=13567110 bps=132.5 tps=14241 mgps=967.5 avgBps=441.3 avgTps=20202 avgMGps=995.7 elapsed=3h47m6s
Aug 18 20:57:19 nimbus-eth1-mainnet-long-benchmark[2924939]: INF 2026-08-18 20:57:19.649+00:00 Imported blocks                            blockNumber=6021121 slot=1 blocks=6021120 txs=276395619 mgas=13627135 bps=122.6 tps=16602 mgps=898.1 avgBps=439.7 avgTps=20184 avgMGps=995.2 elapsed=3h48m13s
Aug 18 20:58:25 nimbus-eth1-mainnet-long-benchmark[2924939]: INF 2026-08-18 20:58:25.748+00:00 Imported blocks                            blockNumber=6029313 slot=1 blocks=6029312 txs=277490573 mgas=13686775 bps=123.9 tps=16564 mgps=902.2 avgBps=438.2 avgTps=20167 avgMGps=994.7 elapsed=3h49m19s
Aug 18 20:59:28 nimbus-eth1-mainnet-long-benchmark[2924939]: INF 2026-08-18 20:59:28.819+00:00 Imported blocks                            blockNumber=6037505 slot=1 blocks=6037504 txs=278520990 mgas=13746145 bps=129.9 tps=16337 mgps=941.3 avgBps=436.8 avgTps=20150 avgMGps=994.5 elapsed=3h50m22s
Aug 18 21:00:33 nimbus-eth1-mainnet-long-benchmark[2924939]: INF 2026-08-18 21:00:33.622+00:00 Imported blocks                            blockNumber=6045697 slot=1 blocks=6045696 txs=279578190 mgas=13802046 bps=126.4 tps=16314 mgps=862.7 avgBps=435.3 avgTps=20132 avgMGps=993.9 elapsed=3h51m27s
Aug 18 21:01:30 nimbus-eth1-mainnet-long-benchmark[2924939]: INF 2026-08-18 21:01:30.137+00:00 Imported blocks                            blockNumber=6053889 slot=1 blocks=6053888 txs=280518529 mgas=13852799 bps=145.0 tps=16638 mgps=898.0 avgBps=434.2 avgTps=20118 avgMGps=993.5 elapsed=3h52m23s
Aug 18 21:02:33 nimbus-eth1-mainnet-long-benchmark[2924939]: INF 2026-08-18 21:02:33.220+00:00 Imported blocks                            blockNumber=6062081 slot=1 blocks=6062080 txs=281566174 mgas=13909217 bps=129.9 tps=16606 mgps=894.3 avgBps=432.8 avgTps=20102 avgMGps=993.0 elapsed=3h53m26s
Aug 18 21:03:39 nimbus-eth1-mainnet-long-benchmark[2924939]: INF 2026-08-18 21:03:39.283+00:00 Imported blocks                            blockNumber=6070273 slot=1 blocks=6070272 txs=282636518 mgas=13967829 bps=124.0 tps=16201 mgps=887.2 avgBps=431.3 avgTps=20083 avgMGps=992.5 elapsed=3h54m32s
Aug 18 21:04:41 nimbus-eth1-mainnet-long-benchmark[2924939]: INF 2026-08-18 21:04:41.734+00:00 Imported blocks                            blockNumber=6078465 slot=1 blocks=6078464 txs=283676844 mgas=14026990 bps=131.2 tps=16658 mgps=947.3 avgBps=430.0 avgTps=20068 avgMGps=992.3 elapsed=3h55m35s
Aug 18 21:05:41 nimbus-eth1-mainnet-long-benchmark[2924939]: INF 2026-08-18 21:05:41.901+00:00 Imported blocks                            blockNumber=6086657 slot=1 blocks=6086656 txs=284709783 mgas=14086235 bps=136.2 tps=17168 mgps=984.7 avgBps=428.8 avgTps=20056 avgMGps=992.3 elapsed=3h56m35s
Aug 18 21:06:41 nimbus-eth1-mainnet-long-benchmark[2924939]: INF 2026-08-18 21:06:41.480+00:00 Imported blocks                            blockNumber=6094849 slot=1 blocks=6094848 txs=285687889 mgas=14144316 bps=137.5 tps=16416 mgps=974.8 avgBps=427.6 avgTps=20041 avgMGps=992.2 elapsed=3h57m35s
Aug 18 21:07:44 nimbus-eth1-mainnet-long-benchmark[2924939]: INF 2026-08-18 21:07:44.735+00:00 Imported blocks                            blockNumber=6103041 slot=1 blocks=6103040 txs=286637824 mgas=14203750 bps=129.5 tps=15016 mgps=939.5 avgBps=426.2 avgTps=20019 avgMGps=992.0 elapsed=3h58m38s
Aug 18 21:09:05 nimbus-eth1-mainnet-long-benchmark[2924939]: INF 2026-08-18 21:09:05.062+00:00 Imported blocks                            blockNumber=6111233 slot=1 blocks=6111232 txs=287452264 mgas=14266169 bps=102.0 tps=10139 mgps=777.1 avgBps=424.4 avgTps=19963 avgMGps=990.8 elapsed=3h59m58s
Aug 18 21:10:27 nimbus-eth1-mainnet-long-benchmark[2924939]: INF 2026-08-18 21:10:27.981+00:00 Imported blocks                            blockNumber=6119425 slot=1 blocks=6119424 txs=288209147 mgas=14328098 bps=98.79 tps=9127 mgps=746.9 avgBps=422.6 avgTps=19901 avgMGps=989.4 elapsed=4h1m21s
Aug 18 21:11:38 nimbus-eth1-mainnet-long-benchmark[2924939]: INF 2026-08-18 21:11:38.088+00:00 Imported blocks                            blockNumber=6127617 slot=1 blocks=6127616 txs=289100847 mgas=14386026 bps=116.8 tps=12718 mgps=826.2 avgBps=421.1 avgTps=19867 avgMGps=988.6 elapsed=4h2m31s
Aug 18 21:12:35 nimbus-eth1-mainnet-long-benchmark[2924939]: INF 2026-08-18 21:12:35.635+00:00 Imported blocks                            blockNumber=6135809 slot=1 blocks=6135808 txs=289995220 mgas=14440150 bps=142.4 tps=15541 mgps=940.5 avgBps=420.0 avgTps=19850 avgMGps=988.4 elapsed=4h3m29s
Aug 18 21:13:37 nimbus-eth1-mainnet-long-benchmark[2924939]: INF 2026-08-18 21:13:37.346+00:00 Imported blocks                            blockNumber=6144001 slot=1 blocks=6144000 txs=290944064 mgas=14494624 bps=132.8 tps=15376 mgps=882.8 avgBps=418.8 avgTps=19831 avgMGps=988.0 elapsed=4h4m30s
Aug 18 21:14:38 nimbus-eth1-mainnet-long-benchmark[2924939]: INF 2026-08-18 21:14:38.269+00:00 Imported blocks                            blockNumber=6152193 slot=1 blocks=6152192 txs=291893124 mgas=14550560 bps=134.5 tps=15577 mgps=918.1 avgBps=417.6 avgTps=19813 avgMGps=987.7 elapsed=4h5m31s
Aug 18 21:15:40 nimbus-eth1-mainnet-long-benchmark[2924939]: INF 2026-08-18 21:15:40.228+00:00 Imported blocks                            blockNumber=6160385 slot=1 blocks=6160384 txs=292833857 mgas=14607740 bps=132.2 tps=15183 mgps=922.9 avgBps=416.4 avgTps=19794 avgMGps=987.4 elapsed=4h6m33s
Aug 18 21:16:48 nimbus-eth1-mainnet-long-benchmark[2924939]: INF 2026-08-18 21:16:48.851+00:00 Imported blocks                            blockNumber=6168577 slot=1 blocks=6168576 txs=293708861 mgas=14667507 bps=119.4 tps=12750 mgps=870.9 avgBps=415.0 avgTps=19761 avgMGps=986.9 elapsed=4h7m42s
Aug 18 21:17:51 nimbus-eth1-mainnet-long-benchmark[2924939]: INF 2026-08-18 21:17:51.794+00:00 Imported blocks                            blockNumber=6176769 slot=1 blocks=6176768 txs=294563705 mgas=14726140 bps=130.2 tps=13582 mgps=931.6 avgBps=413.8 avgTps=19735 avgMGps=986.7 elapsed=4h8m45s
Aug 18 21:18:55 nimbus-eth1-mainnet-long-benchmark[2924939]: INF 2026-08-18 21:18:55.241+00:00 Imported blocks                            blockNumber=6184961 slot=1 blocks=6184960 txs=295433515 mgas=14783313 bps=129.1 tps=13708 mgps=901.1 avgBps=412.6 avgTps=19710 avgMGps=986.3 elapsed=4h9m48s
Aug 18 21:19:59 nimbus-eth1-mainnet-long-benchmark[2924939]: INF 2026-08-18 21:19:59.924+00:00 Imported blocks                            blockNumber=6193153 slot=1 blocks=6193152 txs=296291854 mgas=14842029 bps=126.6 tps=13269 mgps=907.7 avgBps=411.4 avgTps=19682 avgMGps=986.0 elapsed=4h10m53s
Aug 18 21:21:03 nimbus-eth1-mainnet-long-benchmark[2924939]: INF 2026-08-18 21:21:03.147+00:00 Imported blocks                            blockNumber=6201345 slot=1 blocks=6201344 txs=297099945 mgas=14901098 bps=129.6 tps=12782 mgps=934.3 avgBps=410.2 avgTps=19653 avgMGps=985.7 elapsed=4h11m56s
Aug 18 21:22:10 nimbus-eth1-mainnet-long-benchmark[2924939]: INF 2026-08-18 21:22:10.038+00:00 Imported blocks                            blockNumber=6209537 slot=1 blocks=6209536 txs=297916698 mgas=14959973 bps=122.5 tps=12210 mgps=880.2 avgBps=409.0 avgTps=19621 avgMGps=985.3 elapsed=4h13m3s
Aug 18 21:23:14 nimbus-eth1-mainnet-long-benchmark[2924939]: INF 2026-08-18 21:23:14.877+00:00 Imported blocks                            blockNumber=6217729 slot=1 blocks=6217728 txs=298726153 mgas=15018533 bps=126.3 tps=12483 mgps=903.2 avgBps=407.8 avgTps=19590 avgMGps=984.9 elapsed=4h14m8s
Aug 18 21:24:19 nimbus-eth1-mainnet-long-benchmark[2924939]: INF 2026-08-18 21:24:19.712+00:00 Imported blocks                            blockNumber=6225921 slot=1 blocks=6225920 txs=299565406 mgas=15076094 bps=126.4 tps=12944 mgps=887.8 avgBps=406.6 avgTps=19562 avgMGps=984.5 elapsed=4h15m13s
Aug 18 21:25:25 nimbus-eth1-mainnet-long-benchmark[2924939]: INF 2026-08-18 21:25:25.202+00:00 Imported blocks                            blockNumber=6234113 slot=1 blocks=6234112 txs=300411182 mgas=15135113 bps=125.1 tps=12914 mgps=901.2 avgBps=405.4 avgTps=19534 avgMGps=984.2 elapsed=4h16m18s
Aug 18 21:26:32 nimbus-eth1-mainnet-long-benchmark[2924939]: INF 2026-08-18 21:26:32.409+00:00 Imported blocks                            blockNumber=6242305 slot=1 blocks=6242304 txs=301215473 mgas=15192196 bps=121.9 tps=11966 mgps=849.3 avgBps=404.1 avgTps=19501 avgMGps=983.6 elapsed=4h17m25s
Aug 18 21:27:34 nimbus-eth1-mainnet-long-benchmark[2924939]: INF 2026-08-18 21:27:34.980+00:00 Imported blocks                            blockNumber=6250497 slot=1 blocks=6250496 txs=301994783 mgas=15250489 bps=130.9 tps=12454 mgps=931.6 avgBps=403.0 avgTps=19472 avgMGps=983.4 elapsed=4h18m28s
Aug 18 21:28:40 nimbus-eth1-mainnet-long-benchmark[2924939]: INF 2026-08-18 21:28:40.019+00:00 Imported blocks                            blockNumber=6258689 slot=1 blocks=6258688 txs=302930566 mgas=15309041 bps=126.0 tps=14388 mgps=900.3 avgBps=401.9 avgTps=19451 avgMGps=983.0 elapsed=4h19m33s
Aug 18 21:29:44 nimbus-eth1-mainnet-long-benchmark[2924939]: INF 2026-08-18 21:29:44.274+00:00 Imported blocks                            blockNumber=6266881 slot=1 blocks=6266880 txs=303762909 mgas=15365780 bps=127.5 tps=12953 mgps=883.0 avgBps=400.8 avgTps=19424 avgMGps=982.6 elapsed=4h20m37s
Aug 18 21:30:48 nimbus-eth1-mainnet-long-benchmark[2924939]: INF 2026-08-18 21:30:48.661+00:00 Imported blocks                            blockNumber=6275073 slot=1 blocks=6275072 txs=304578148 mgas=15422660 bps=127.2 tps=12661 mgps=883.4 avgBps=399.6 avgTps=19397 avgMGps=982.2 elapsed=4h21m42s
Aug 18 21:31:52 nimbus-eth1-mainnet-long-benchmark[2924939]: INF 2026-08-18 21:31:52.284+00:00 Imported blocks                            blockNumber=6283265 slot=1 blocks=6283264 txs=305447770 mgas=15479164 bps=128.8 tps=13667 mgps=888.0 avgBps=398.5 avgTps=19374 avgMGps=981.8 elapsed=4h22m45s
Aug 18 21:32:56 nimbus-eth1-mainnet-long-benchmark[2924939]: INF 2026-08-18 21:32:56.495+00:00 Imported blocks                            blockNumber=6291457 slot=1 blocks=6291456 txs=306201681 mgas=15536357 bps=127.6 tps=11741 mgps=890.7 avgBps=397.4 avgTps=19343 avgMGps=981.4 elapsed=4h23m50s
Aug 18 21:34:00 nimbus-eth1-mainnet-long-benchmark[2924939]: INF 2026-08-18 21:34:00.286+00:00 Imported blocks                            blockNumber=6299649 slot=1 blocks=6299648 txs=306998089 mgas=15594849 bps=128.4 tps=12485 mgps=917.0 avgBps=396.4 avgTps=19315 avgMGps=981.2 elapsed=4h24m53s
Aug 18 21:35:04 nimbus-eth1-mainnet-long-benchmark[2924939]: INF 2026-08-18 21:35:04.229+00:00 Imported blocks                            blockNumber=6307841 slot=1 blocks=6307840 txs=307773956 mgas=15652669 bps=128.1 tps=12133 mgps=904.2 avgBps=395.3 avgTps=19286 avgMGps=980.9 elapsed=4h25m57s
Aug 18 21:36:04 nimbus-eth1-mainnet-long-benchmark[2924939]: INF 2026-08-18 21:36:04.396+00:00 Imported blocks                            blockNumber=6316033 slot=1 blocks=6316032 txs=308505771 mgas=15708223 bps=136.1 tps=12162 mgps=923.3 avgBps=394.3 avgTps=19260 avgMGps=980.7 elapsed=4h26m57s
Aug 18 21:37:07 nimbus-eth1-mainnet-long-benchmark[2924939]: INF 2026-08-18 21:37:07.071+00:00 Imported blocks                            blockNumber=6324225 slot=1 blocks=6324224 txs=309306948 mgas=15764278 bps=130.7 tps=12782 mgps=894.4 avgBps=393.3 avgTps=19234 avgMGps=980.3 elapsed=4h28m594ms
Aug 18 21:38:07 nimbus-eth1-mainnet-long-benchmark[2924939]: INF 2026-08-18 21:38:07.722+00:00 Imported blocks                            blockNumber=6332417 slot=1 blocks=6332416 txs=310009872 mgas=15819918 bps=135.1 tps=11590 mgps=917.4 avgBps=392.3 avgTps=19206 avgMGps=980.1 elapsed=4h29m1s
Aug 18 21:39:08 nimbus-eth1-mainnet-long-benchmark[2924939]: INF 2026-08-18 21:39:08.621+00:00 Imported blocks                            blockNumber=6340609 slot=1 blocks=6340608 txs=310638793 mgas=15877206 bps=134.5 tps=10327 mgps=940.7 avgBps=391.3 avgTps=19172 avgMGps=979.9 elapsed=4h30m2s
Aug 18 21:40:08 nimbus-eth1-mainnet-long-benchmark[2924939]: INF 2026-08-18 21:40:08.000+00:00 Imported blocks                            blockNumber=6348801 slot=1 blocks=6348800 txs=311339807 mgas=15934002 bps=138.0 tps=11805 mgps=956.5 avgBps=390.4 avgTps=19145 avgMGps=979.9 elapsed=4h31m1s
Aug 18 21:41:09 nimbus-eth1-mainnet-long-benchmark[2924939]: INF 2026-08-18 21:41:09.667+00:00 Imported blocks                            blockNumber=6356993 slot=1 blocks=6356992 txs=312019797 mgas=15990756 bps=132.8 tps=11026 mgps=920.3 avgBps=389.4 avgTps=19115 avgMGps=979.6 elapsed=4h32m3s
Aug 18 21:42:04 nimbus-eth1-mainnet-long-benchmark[2924939]: INF 2026-08-18 21:42:04.134+00:00 Imported blocks                            blockNumber=6365185 slot=1 blocks=6365184 txs=312699475 mgas=16047600 bps=150.4 tps=12479 mgps=1043 avgBps=388.7 avgTps=19093 avgMGps=979.8 elapsed=4h32m57s
Aug 18 21:43:06 nimbus-eth1-mainnet-long-benchmark[2924939]: INF 2026-08-18 21:43:06.401+00:00 Imported blocks                            blockNumber=6373377 slot=1 blocks=6373376 txs=313429735 mgas=16103295 bps=131.6 tps=11727 mgps=894.4 avgBps=387.7 avgTps=19065 avgMGps=979.5 elapsed=4h33m59s
Aug 18 21:44:03 nimbus-eth1-mainnet-long-benchmark[2924939]: INF 2026-08-18 21:44:03.705+00:00 Imported blocks                            blockNumber=6381569 slot=1 blocks=6381568 txs=314060857 mgas=16159348 bps=143.0 tps=11013 mgps=978.1 avgBps=386.8 avgTps=19037 avgMGps=979.5 elapsed=4h34m57s
Aug 18 21:45:02 nimbus-eth1-mainnet-long-benchmark[2924939]: INF 2026-08-18 21:45:02.316+00:00 Imported blocks                            blockNumber=6389761 slot=1 blocks=6389760 txs=314684436 mgas=16214829 bps=139.8 tps=10639 mgps=946.6 avgBps=386.0 avgTps=19007 avgMGps=979.4 elapsed=4h35m55s
Aug 18 21:46:02 nimbus-eth1-mainnet-long-benchmark[2924939]: INF 2026-08-18 21:46:02.159+00:00 Imported blocks                            blockNumber=6397953 slot=1 blocks=6397952 txs=315406780 mgas=16271260 bps=136.9 tps=12070 mgps=943.0 avgBps=385.1 avgTps=18982 avgMGps=979.3 elapsed=4h36m55s
Aug 18 21:47:02 nimbus-eth1-mainnet-long-benchmark[2924939]: INF 2026-08-18 21:47:02.702+00:00 Imported blocks                            blockNumber=6406145 slot=1 blocks=6406144 txs=316036272 mgas=16328418 bps=135.3 tps=10397 mgps=944.1 avgBps=384.1 avgTps=18951 avgMGps=979.1 elapsed=4h37m56s
Aug 18 21:48:02 nimbus-eth1-mainnet-long-benchmark[2924939]: INF 2026-08-18 21:48:02.569+00:00 Imported blocks                            blockNumber=6414337 slot=1 blocks=6414336 txs=316746101 mgas=16385776 bps=136.8 tps=11856 mgps=958.1 avgBps=383.3 avgTps=18925 avgMGps=979.1 elapsed=4h38m56s
Aug 18 21:48:56 nimbus-eth1-mainnet-long-benchmark[2924939]: INF 2026-08-18 21:48:56.292+00:00 Imported blocks                            blockNumber=6422529 slot=1 blocks=6422528 txs=317359187 mgas=16440718 bps=152.5 tps=11412 mgps=1022 avgBps=382.5 avgTps=18901 avgMGps=979.2 elapsed=4h39m49s
Aug 18 21:49:51 nimbus-eth1-mainnet-long-benchmark[2924939]: INF 2026-08-18 21:49:51.607+00:00 Imported blocks                            blockNumber=6430721 slot=1 blocks=6430720 txs=317965609 mgas=16493295 bps=148.1 tps=10962 mgps=950.5 avgBps=381.8 avgTps=18875 avgMGps=979.1 elapsed=4h40m45s
Aug 18 21:50:47 nimbus-eth1-mainnet-long-benchmark[2924939]: INF 2026-08-18 21:50:47.710+00:00 Imported blocks                            blockNumber=6438913 slot=1 blocks=6438912 txs=318608154 mgas=16545754 bps=146.0 tps=11453 mgps=935.1 avgBps=381.0 avgTps=18851 avgMGps=979.0 elapsed=4h41m41s
Aug 18 21:51:43 nimbus-eth1-mainnet-long-benchmark[2924939]: INF 2026-08-18 21:51:43.309+00:00 Imported blocks                            blockNumber=6447105 slot=1 blocks=6447104 txs=319340150 mgas=16598899 bps=147.3 tps=13165 mgps=955.8 avgBps=380.2 avgTps=18832 avgMGps=978.9 elapsed=4h42m36s
Aug 18 21:52:46 nimbus-eth1-mainnet-long-benchmark[2924939]: INF 2026-08-18 21:52:46.216+00:00 Imported blocks                            blockNumber=6455297 slot=1 blocks=6455296 txs=320065114 mgas=16653206 bps=130.2 tps=11524 mgps=863.3 avgBps=379.3 avgTps=18805 avgMGps=978.5 elapsed=4h43m39s
Aug 18 21:53:46 nimbus-eth1-mainnet-long-benchmark[2924939]: INF 2026-08-18 21:53:46.399+00:00 Imported blocks                            blockNumber=6463489 slot=1 blocks=6463488 txs=320881105 mgas=16705932 bps=136.1 tps=13558 mgps=876.1 avgBps=378.4 avgTps=18787 avgMGps=978.1 elapsed=4h44m39s
Aug 18 21:54:38 nimbus-eth1-mainnet-long-benchmark[2924939]: INF 2026-08-18 21:54:38.418+00:00 Imported blocks                            blockNumber=6471681 slot=1 blocks=6471680 txs=321610730 mgas=16755114 bps=157.5 tps=14026 mgps=945.5 avgBps=377.8 avgTps=18772 avgMGps=978.0 elapsed=4h45m31s
Aug 18 21:55:26 nimbus-eth1-mainnet-long-benchmark[2924939]: INF 2026-08-18 21:55:26.006+00:00 Imported blocks                            blockNumber=6479873 slot=1 blocks=6479872 txs=322280567 mgas=16801945 bps=172.1 tps=14075 mgps=984.1 avgBps=377.2 avgTps=18759 avgMGps=978.0 elapsed=4h46m19s
Aug 18 21:56:21 nimbus-eth1-mainnet-long-benchmark[2924939]: INF 2026-08-18 21:56:21.425+00:00 Imported blocks                            blockNumber=6488065 slot=1 blocks=6488064 txs=323027711 mgas=16850068 bps=147.8 tps=13481 mgps=868.3 avgBps=376.4 avgTps=18742 avgMGps=977.7 elapsed=4h47m14s
Aug 18 21:57:21 nimbus-eth1-mainnet-long-benchmark[2924939]: INF 2026-08-18 21:57:21.720+00:00 Imported blocks                            blockNumber=6496257 slot=1 blocks=6496256 txs=323745037 mgas=16898027 bps=135.9 tps=11896 mgps=795.4 avgBps=375.6 avgTps=18718 avgMGps=977.0 elapsed=4h48m15s
Aug 18 21:58:19 nimbus-eth1-mainnet-long-benchmark[2924939]: INF 2026-08-18 21:58:19.915+00:00 Imported blocks                            blockNumber=6504449 slot=1 blocks=6504448 txs=324463429 mgas=16948936 bps=140.8 tps=12344 mgps=874.8 avgBps=374.8 avgTps=18697 avgMGps=976.7 elapsed=4h49m13s
Aug 18 21:59:13 nimbus-eth1-mainnet-long-benchmark[2924939]: INF 2026-08-18 21:59:13.786+00:00 Imported blocks                            blockNumber=6512641 slot=1 blocks=6512640 txs=325193896 mgas=16997329 bps=152.1 tps=13559 mgps=898.3 avgBps=374.1 avgTps=18681 avgMGps=976.4 elapsed=4h50m7s
Aug 18 22:00:08 nimbus-eth1-mainnet-long-benchmark[2924939]: INF 2026-08-18 22:00:08.725+00:00 Imported blocks                            blockNumber=6520833 slot=1 blocks=6520832 txs=325931955 mgas=17043460 bps=149.1 tps=13434 mgps=839.7 avgBps=373.4 avgTps=18664 avgMGps=976.0 elapsed=4h51m2s
Aug 18 22:01:01 nimbus-eth1-mainnet-long-benchmark[2924939]: INF 2026-08-18 22:01:01.888+00:00 Imported blocks                            blockNumber=6529025 slot=1 blocks=6529024 txs=326656663 mgas=17089938 bps=154.1 tps=13631 mgps=874.2 avgBps=372.8 avgTps=18649 avgMGps=975.7 elapsed=4h51m55s
Aug 18 22:01:58 nimbus-eth1-mainnet-long-benchmark[2924939]: INF 2026-08-18 22:01:58.319+00:00 Imported blocks                            blockNumber=6537217 slot=1 blocks=6537216 txs=327456928 mgas=17138909 bps=145.2 tps=14180 mgps=867.8 avgBps=372.0 avgTps=18635 avgMGps=975.4 elapsed=4h52m51s
Aug 18 22:02:53 nimbus-eth1-mainnet-long-benchmark[2924939]: INF 2026-08-18 22:02:53.002+00:00 Imported blocks                            blockNumber=6545409 slot=1 blocks=6545408 txs=328244312 mgas=17187406 bps=149.8 tps=14400 mgps=887.0 avgBps=371.3 avgTps=18622 avgMGps=975.1 elapsed=4h53m46s
Aug 18 22:03:47 nimbus-eth1-mainnet-long-benchmark[2924939]: INF 2026-08-18 22:03:47.593+00:00 Imported blocks                            blockNumber=6553601 slot=1 blocks=6553600 txs=328942710 mgas=17234594 bps=150.1 tps=12792 mgps=864.4 avgBps=370.7 avgTps=18604 avgMGps=974.7 elapsed=4h54m41s
Aug 18 22:04:41 nimbus-eth1-mainnet-long-benchmark[2924939]: INF 2026-08-18 22:04:41.729+00:00 Imported blocks                            blockNumber=6561793 slot=1 blocks=6561792 txs=329680267 mgas=17283382 bps=151.3 tps=13624 mgps=901.2 avgBps=370.0 avgTps=18588 avgMGps=974.5 elapsed=4h55m35s
Aug 18 22:05:37 nimbus-eth1-mainnet-long-benchmark[2924939]: INF 2026-08-18 22:05:37.212+00:00 Imported blocks                            blockNumber=6569985 slot=1 blocks=6569984 txs=330444437 mgas=17333271 bps=147.6 tps=13772 mgps=899.2 avgBps=369.3 avgTps=18573 avgMGps=974.3 elapsed=4h56m30s
Aug 18 22:06:26 nimbus-eth1-mainnet-long-benchmark[2924939]: INF 2026-08-18 22:06:26.663+00:00 Imported blocks                            blockNumber=6578177 slot=1 blocks=6578176 txs=331124673 mgas=17383268 bps=165.7 tps=13755 mgps=1011 avgBps=368.7 avgTps=18560 avgMGps=974.4 elapsed=4h57m20s
Aug 18 22:07:18 nimbus-eth1-mainnet-long-benchmark[2924939]: INF 2026-08-18 22:07:18.162+00:00 Imported blocks                            blockNumber=6586369 slot=1 blocks=6586368 txs=331874672 mgas=17436357 bps=159.1 tps=14563 mgps=1030 avgBps=368.1 avgTps=18549 avgMGps=974.6 elapsed=4h58m11s
Aug 18 22:08:11 nimbus-eth1-mainnet-long-benchmark[2924939]: INF 2026-08-18 22:08:11.749+00:00 Imported blocks                            blockNumber=6594561 slot=1 blocks=6594560 txs=332580456 mgas=17484376 bps=152.9 tps=13171 mgps=896.1 avgBps=367.5 avgTps=18533 avgMGps=974.3 elapsed=4h59m5s
Aug 18 22:09:04 nimbus-eth1-mainnet-long-benchmark[2924939]: INF 2026-08-18 22:09:04.192+00:00 Imported blocks                            blockNumber=6602753 slot=1 blocks=6602752 txs=333236879 mgas=17530777 bps=156.2 tps=12516 mgps=884.8 avgBps=366.9 avgTps=18515 avgMGps=974.1 elapsed=4h59m57s
Aug 18 22:10:01 nimbus-eth1-mainnet-long-benchmark[2924939]: INF 2026-08-18 22:10:01.395+00:00 Imported blocks                            blockNumber=6610945 slot=1 blocks=6610944 txs=334086662 mgas=17578525 bps=143.2 tps=14854 mgps=834.7 avgBps=366.2 avgTps=18503 avgMGps=973.6 elapsed=5h54s919ms
Aug 18 22:10:58 nimbus-eth1-mainnet-long-benchmark[2924939]: INF 2026-08-18 22:10:58.307+00:00 Imported blocks                            blockNumber=6619137 slot=1 blocks=6619136 txs=334887810 mgas=17626333 bps=144.0 tps=14077 mgps=840.1 avgBps=365.5 avgTps=18490 avgMGps=973.2 elapsed=5h1m51s
Aug 18 22:11:52 nimbus-eth1-mainnet-long-benchmark[2924939]: INF 2026-08-18 22:11:52.914+00:00 Imported blocks                            blockNumber=6627329 slot=1 blocks=6627328 txs=335653218 mgas=17673003 bps=150.0 tps=14017 mgps=854.7 avgBps=364.8 avgTps=18476 avgMGps=972.8 elapsed=5h2m46s
Aug 18 22:12:47 nimbus-eth1-mainnet-long-benchmark[2924939]: INF 2026-08-18 22:12:47.405+00:00 Imported blocks                            blockNumber=6635521 slot=1 blocks=6635520 txs=336396368 mgas=17719891 bps=150.3 tps=13637 mgps=860.4 avgBps=364.2 avgTps=18462 avgMGps=972.5 elapsed=5h3m40s
Aug 18 22:13:43 nimbus-eth1-mainnet-long-benchmark[2924939]: INF 2026-08-18 22:13:43.496+00:00 Imported blocks                            blockNumber=6643713 slot=1 blocks=6643712 txs=337061975 mgas=17765768 bps=146.0 tps=11866 mgps=817.9 avgBps=363.5 avgTps=18441 avgMGps=972.0 elapsed=5h4m37s
Aug 18 22:14:42 nimbus-eth1-mainnet-long-benchmark[2924939]: INF 2026-08-18 22:14:42.603+00:00 Imported blocks                            blockNumber=6651905 slot=1 blocks=6651904 txs=337820711 mgas=17813196 bps=138.6 tps=12835 mgps=802.4 avgBps=362.8 avgTps=18423 avgMGps=971.5 elapsed=5h5m36s
Aug 18 22:15:40 nimbus-eth1-mainnet-long-benchmark[2924939]: INF 2026-08-18 22:15:40.294+00:00 Imported blocks                            blockNumber=6660097 slot=1 blocks=6660096 txs=338648342 mgas=17861002 bps=142.0 tps=14346 mgps=828.7 avgBps=362.1 avgTps=18410 avgMGps=971.0 elapsed=5h6m33s
Aug 18 22:16:35 nimbus-eth1-mainnet-long-benchmark[2924939]: INF 2026-08-18 22:16:35.941+00:00 Imported blocks                            blockNumber=6668289 slot=1 blocks=6668288 txs=339389169 mgas=17908035 bps=147.2 tps=13312 mgps=845.2 avgBps=361.4 avgTps=18395 avgMGps=970.7 elapsed=5h7m29s
Aug 18 22:17:30 nimbus-eth1-mainnet-long-benchmark[2924939]: INF 2026-08-18 22:17:30.332+00:00 Imported blocks                            blockNumber=6676481 slot=1 blocks=6676480 txs=340090715 mgas=17953773 bps=150.6 tps=12897 mgps=840.9 avgBps=360.8 avgTps=18379 avgMGps=970.3 elapsed=5h8m23s
Aug 18 22:18:26 nimbus-eth1-mainnet-long-benchmark[2924939]: INF 2026-08-18 22:18:26.591+00:00 Imported blocks                            blockNumber=6684673 slot=1 blocks=6684672 txs=340783741 mgas=18001246 bps=145.6 tps=12318 mgps=843.9 avgBps=360.2 avgTps=18361 avgMGps=969.9 elapsed=5h9m20s
Aug 18 22:19:21 nimbus-eth1-mainnet-long-benchmark[2924939]: INF 2026-08-18 22:19:21.154+00:00 Imported blocks                            blockNumber=6692865 slot=1 blocks=6692864 txs=341527746 mgas=18048608 bps=150.1 tps=13636 mgps=868.1 avgBps=359.5 avgTps=18347 avgMGps=969.6 elapsed=5h10m14s
Aug 18 22:20:14 nimbus-eth1-mainnet-long-benchmark[2924939]: INF 2026-08-18 22:20:14.794+00:00 Imported blocks                            blockNumber=6701057 slot=1 blocks=6701056 txs=342255905 mgas=18093963 bps=152.7 tps=13574 mgps=845.5 avgBps=359.0 avgTps=18333 avgMGps=969.2 elapsed=5h11m8s
Aug 18 22:21:11 nimbus-eth1-mainnet-long-benchmark[2924939]: INF 2026-08-18 22:21:11.029+00:00 Imported blocks                            blockNumber=6709249 slot=1 blocks=6709248 txs=343059228 mgas=18142138 bps=145.7 tps=14285 mgps=856.7 avgBps=358.3 avgTps=18321 avgMGps=968.9 elapsed=5h12m4s
Aug 18 22:22:06 nimbus-eth1-mainnet-long-benchmark[2924939]: INF 2026-08-18 22:22:06.524+00:00 Imported blocks                            blockNumber=6717441 slot=1 blocks=6717440 txs=343791131 mgas=18189421 bps=147.6 tps=13188 mgps=852.0 avgBps=357.7 avgTps=18306 avgMGps=968.6 elapsed=5h13m44ms
Aug 18 22:22:57 nimbus-eth1-mainnet-long-benchmark[2924939]: INF 2026-08-18 22:22:57.419+00:00 Imported blocks                            blockNumber=6725633 slot=1 blocks=6725632 txs=344460910 mgas=18236479 bps=160.9 tps=13158 mgps=924.5 avgBps=357.2 avgTps=18292 avgMGps=968.4 elapsed=5h13m50s
Aug 18 22:23:52 nimbus-eth1-mainnet-long-benchmark[2924939]: INF 2026-08-18 22:23:52.666+00:00 Imported blocks                            blockNumber=6733825 slot=1 blocks=6733824 txs=345197356 mgas=18287714 bps=148.3 tps=13331 mgps=927.4 avgBps=356.5 avgTps=18277 avgMGps=968.3 elapsed=5h14m46s
Aug 18 22:24:50 nimbus-eth1-mainnet-long-benchmark[2924939]: INF 2026-08-18 22:24:50.757+00:00 Imported blocks                            blockNumber=6742017 slot=1 blocks=6742016 txs=346042853 mgas=18339270 bps=141.0 tps=14554 mgps=887.5 avgBps=355.9 avgTps=18266 avgMGps=968.1 elapsed=5h15m44s
Aug 18 22:25:45 nimbus-eth1-mainnet-long-benchmark[2924939]: INF 2026-08-18 22:25:45.232+00:00 Imported blocks                            blockNumber=6750209 slot=1 blocks=6750208 txs=346825893 mgas=18388721 bps=150.4 tps=14374 mgps=907.8 avgBps=355.3 avgTps=18255 avgMGps=967.9 elapsed=5h16m38s
Aug 18 22:26:36 nimbus-eth1-mainnet-long-benchmark[2924939]: INF 2026-08-18 22:26:36.535+00:00 Imported blocks                            blockNumber=6758401 slot=1 blocks=6758400 txs=347611627 mgas=18437322 bps=159.7 tps=15316 mgps=947.4 avgBps=354.8 avgTps=18247 avgMGps=967.8 elapsed=5h17m30s
Aug 18 22:27:23 nimbus-eth1-mainnet-long-benchmark[2924939]: INF 2026-08-18 22:27:23.643+00:00 Imported blocks                            blockNumber=6766593 slot=1 blocks=6766592 txs=348255962 mgas=18481202 bps=173.9 tps=13678 mgps=931.5 avgBps=354.3 avgTps=18236 avgMGps=967.7 elapsed=5h18m17s
Aug 18 22:28:14 nimbus-eth1-mainnet-long-benchmark[2924939]: INF 2026-08-18 22:28:14.238+00:00 Imported blocks                            blockNumber=6774785 slot=1 blocks=6774784 txs=348974268 mgas=18526522 bps=161.9 tps=14196 mgps=895.7 avgBps=353.8 avgTps=18225 avgMGps=967.6 elapsed=5h19m7s
Aug 18 22:29:10 nimbus-eth1-mainnet-long-benchmark[2924939]: INF 2026-08-18 22:29:10.549+00:00 Imported blocks                            blockNumber=6782977 slot=1 blocks=6782976 txs=349762055 mgas=18575823 bps=145.5 tps=13990 mgps=875.5 avgBps=353.2 avgTps=18212 avgMGps=967.3 elapsed=5h20m4s
Aug 18 22:30:04 nimbus-eth1-mainnet-long-benchmark[2924939]: INF 2026-08-18 22:30:04.840+00:00 Imported blocks                            blockNumber=6791169 slot=1 blocks=6791168 txs=350559187 mgas=18627040 bps=150.9 tps=14682 mgps=943.4 avgBps=352.6 avgTps=18202 avgMGps=967.2 elapsed=5h20m58s
Aug 18 22:31:11 nimbus-eth1-mainnet-long-benchmark[2924939]: INF 2026-08-18 22:31:11.339+00:00 Imported blocks                            blockNumber=6799361 slot=1 blocks=6799360 txs=351337766 mgas=18681520 bps=123.2 tps=11707 mgps=819.3 avgBps=351.8 avgTps=18180 avgMGps=966.7 elapsed=5h22m4s
Aug 18 22:32:14 nimbus-eth1-mainnet-long-benchmark[2924939]: INF 2026-08-18 22:32:14.586+00:00 Imported blocks                            blockNumber=6807553 slot=1 blocks=6807552 txs=352114872 mgas=18735939 bps=129.5 tps=12287 mgps=860.4 avgBps=351.1 avgTps=18161 avgMGps=966.4 elapsed=5h23m8s
Aug 18 22:33:15 nimbus-eth1-mainnet-long-benchmark[2924939]: INF 2026-08-18 22:33:15.141+00:00 Imported blocks                            blockNumber=6815745 slot=1 blocks=6815744 txs=352756014 mgas=18785755 bps=135.3 tps=10587 mgps=822.7 avgBps=350.4 avgTps=18137 avgMGps=965.9 elapsed=5h24m8s
Aug 18 22:34:17 nimbus-eth1-mainnet-long-benchmark[2924939]: INF 2026-08-18 22:34:17.016+00:00 Imported blocks                            blockNumber=6823937 slot=1 blocks=6823936 txs=353523201 mgas=18838361 bps=132.4 tps=12398 mgps=850.2 avgBps=349.8 avgTps=18119 avgMGps=965.5 elapsed=5h25m10s
Aug 18 22:35:21 nimbus-eth1-mainnet-long-benchmark[2924939]: INF 2026-08-18 22:35:21.487+00:00 Imported blocks                            blockNumber=6832129 slot=1 blocks=6832128 txs=354318956 mgas=18891809 bps=127.1 tps=12342 mgps=829.0 avgBps=349.0 avgTps=18100 avgMGps=965.1 elapsed=5h26m15s
Aug 18 22:36:28 nimbus-eth1-mainnet-long-benchmark[2924939]: INF 2026-08-18 22:36:28.126+00:00 Imported blocks                            blockNumber=6840321 slot=1 blocks=6840320 txs=355106758 mgas=18944586 bps=122.9 tps=11822 mgps=792.0 avgBps=348.3 avgTps=18079 avgMGps=964.5 elapsed=5h27m21s
Aug 18 22:37:32 nimbus-eth1-mainnet-long-benchmark[2924939]: INF 2026-08-18 22:37:32.997+00:00 Imported blocks                            blockNumber=6848513 slot=1 blocks=6848512 txs=355894886 mgas=18995395 bps=126.3 tps=12149 mgps=783.2 avgBps=347.5 avgTps=18059 avgMGps=963.9 elapsed=5h28m26s
Aug 18 22:38:35 nimbus-eth1-mainnet-long-benchmark[2924939]: INF 2026-08-18 22:38:35.164+00:00 Imported blocks                            blockNumber=6856705 slot=1 blocks=6856704 txs=356598333 mgas=19044074 bps=131.8 tps=11314 mgps=783.0 avgBps=346.8 avgTps=18038 avgMGps=963.3 elapsed=5h29m28s
Aug 18 22:39:31 nimbus-eth1-mainnet-long-benchmark[2924939]: INF 2026-08-18 22:39:31.587+00:00 Imported blocks                            blockNumber=6864897 slot=1 blocks=6864896 txs=357319113 mgas=19092174 bps=145.2 tps=12774 mgps=852.5 avgBps=346.3 avgTps=18023 avgMGps=963.0 elapsed=5h30m25s
Aug 18 22:40:27 nimbus-eth1-mainnet-long-benchmark[2924939]: INF 2026-08-18 22:40:27.702+00:00 Imported blocks                            blockNumber=6873089 slot=1 blocks=6873088 txs=358072504 mgas=19140940 bps=146.0 tps=13427 mgps=869.1 avgBps=345.7 avgTps=18010 avgMGps=962.8 elapsed=5h31m21s
Aug 18 22:41:24 nimbus-eth1-mainnet-long-benchmark[2924939]: INF 2026-08-18 22:41:24.649+00:00 Imported blocks                            blockNumber=6881281 slot=1 blocks=6881280 txs=358799260 mgas=19189224 bps=143.8 tps=12761 mgps=847.8 avgBps=345.1 avgTps=17995 avgMGps=962.4 elapsed=5h32m18s
Aug 18 22:42:20 nimbus-eth1-mainnet-long-benchmark[2924939]: INF 2026-08-18 22:42:20.236+00:00 Imported blocks                            blockNumber=6889473 slot=1 blocks=6889472 txs=359558300 mgas=19237454 bps=147.4 tps=13655 mgps=867.7 avgBps=344.6 avgTps=17983 avgMGps=962.2 elapsed=5h33m13s
Aug 18 22:43:20 nimbus-eth1-mainnet-long-benchmark[2924939]: INF 2026-08-18 22:43:20.971+00:00 Imported blocks                            blockNumber=6897665 slot=1 blocks=6897664 txs=360292210 mgas=19286325 bps=134.9 tps=12083 mgps=804.7 avgBps=343.9 avgTps=17965 avgMGps=961.7 elapsed=5h34m14s
Aug 18 22:44:20 nimbus-eth1-mainnet-long-benchmark[2924939]: INF 2026-08-18 22:44:20.070+00:00 Imported blocks                            blockNumber=6905857 slot=1 blocks=6905856 txs=361044387 mgas=19335848 bps=138.6 tps=12727 mgps=838.0 avgBps=343.3 avgTps=17950 avgMGps=961.3 elapsed=5h35m13s
Aug 18 22:45:16 nimbus-eth1-mainnet-long-benchmark[2924939]: INF 2026-08-18 22:45:16.161+00:00 Imported blocks                            blockNumber=6914049 slot=1 blocks=6914048 txs=361846580 mgas=19387258 bps=146.0 tps=14301 mgps=916.6 avgBps=342.8 avgTps=17940 avgMGps=961.2 elapsed=5h36m9s
Aug 18 22:46:16 nimbus-eth1-mainnet-long-benchmark[2924939]: INF 2026-08-18 22:46:16.296+00:00 Imported blocks                            blockNumber=6922241 slot=1 blocks=6922240 txs=362706201 mgas=19439186 bps=136.2 tps=14294 mgps=863.5 avgBps=342.2 avgTps=17929 avgMGps=960.9 elapsed=5h37m9s
Aug 18 22:47:14 nimbus-eth1-mainnet-long-benchmark[2924939]: INF 2026-08-18 22:47:14.367+00:00 Imported blocks                            blockNumber=6930433 slot=1 blocks=6930432 txs=363506975 mgas=19489578 bps=141.1 tps=13789 mgps=867.7 avgBps=341.6 avgTps=17917 avgMGps=960.7 elapsed=5h38m7s
Aug 18 22:48:11 nimbus-eth1-mainnet-long-benchmark[2924939]: INF 2026-08-18 22:48:11.199+00:00 Imported blocks                            blockNumber=6938625 slot=1 blocks=6938624 txs=364255629 mgas=19538966 bps=144.2 tps=13174 mgps=869.1 avgBps=341.1 avgTps=17904 avgMGps=960.4 elapsed=5h39m4s
Aug 18 22:49:10 nimbus-eth1-mainnet-long-benchmark[2924939]: INF 2026-08-18 22:49:09.998+00:00 Imported blocks                            blockNumber=6946817 slot=1 blocks=6946816 txs=365051896 mgas=19589221 bps=139.3 tps=13541 mgps=854.6 avgBps=340.5 avgTps=17891 avgMGps=960.1 elapsed=5h40m3s
Aug 18 22:50:04 nimbus-eth1-mainnet-long-benchmark[2924939]: INF 2026-08-18 22:50:04.957+00:00 Imported blocks                            blockNumber=6955009 slot=1 blocks=6955008 txs=365800136 mgas=19640914 bps=149.1 tps=13614 mgps=940.6 avgBps=340.0 avgTps=17880 avgMGps=960.0 elapsed=5h40m58s
Aug 18 22:51:06 nimbus-eth1-mainnet-long-benchmark[2924939]: INF 2026-08-18 22:51:06.392+00:00 Imported blocks                            blockNumber=6963201 slot=1 blocks=6963200 txs=366606499 mgas=19691065 bps=133.3 tps=13125 mgps=816.3 avgBps=339.3 avgTps=17865 avgMGps=959.6 elapsed=5h41m59s
Aug 18 22:52:06 nimbus-eth1-mainnet-long-benchmark[2924939]: INF 2026-08-18 22:52:06.339+00:00 Imported blocks                            blockNumber=6971393 slot=1 blocks=6971392 txs=367335068 mgas=19739722 bps=136.7 tps=12153 mgps=811.7 avgBps=338.7 avgTps=17849 avgMGps=959.2 elapsed=5h42m59s
Aug 18 22:53:08 nimbus-eth1-mainnet-long-benchmark[2924939]: INF 2026-08-18 22:53:08.062+00:00 Imported blocks                            blockNumber=6979585 slot=1 blocks=6979584 txs=368070420 mgas=19790921 bps=132.7 tps=11913 mgps=829.5 avgBps=338.1 avgTps=17831 avgMGps=958.8 elapsed=5h44m1s
Aug 18 22:54:11 nimbus-eth1-mainnet-long-benchmark[2924939]: INF 2026-08-18 22:54:11.713+00:00 Imported blocks                            blockNumber=6987777 slot=1 blocks=6987776 txs=368769441 mgas=19839604 bps=128.7 tps=10981 mgps=764.8 avgBps=337.5 avgTps=17810 avgMGps=958.2 elapsed=5h45m5s
Aug 18 22:55:05 nimbus-eth1-mainnet-long-benchmark[2924939]: INF 2026-08-18 22:55:05.296+00:00 Imported blocks                            blockNumber=6995969 slot=1 blocks=6995968 txs=369403561 mgas=19885435 bps=152.9 tps=11834 mgps=855.4 avgBps=337.0 avgTps=17795 avgMGps=957.9 elapsed=5h45m58s
Aug 18 22:56:07 nimbus-eth1-mainnet-long-benchmark[2924939]: INF 2026-08-18 22:56:07.471+00:00 Imported blocks                            blockNumber=7004161 slot=1 blocks=7004160 txs=370295716 mgas=19935972 bps=131.8 tps=14348 mgps=812.8 avgBps=336.4 avgTps=17784 avgMGps=957.5 elapsed=5h47m994ms
Aug 18 22:57:08 nimbus-eth1-mainnet-long-benchmark[2924939]: INF 2026-08-18 22:57:08.670+00:00 Imported blocks                            blockNumber=7012353 slot=1 blocks=7012352 txs=371077746 mgas=19985245 bps=133.9 tps=12779 mgps=805.2 avgBps=335.8 avgTps=17770 avgMGps=957.0 elapsed=5h48m2s
Aug 18 22:58:04 nimbus-eth1-mainnet-long-benchmark[2924939]: INF 2026-08-18 22:58:04.889+00:00 Imported blocks                            blockNumber=7020545 slot=1 blocks=7020544 txs=371818791 mgas=20031343 bps=145.7 tps=13180 mgps=819.9 avgBps=335.3 avgTps=17757 avgMGps=956.7 elapsed=5h48m58s
Aug 18 22:59:02 nimbus-eth1-mainnet-long-benchmark[2924939]: INF 2026-08-18 22:59:02.040+00:00 Imported blocks                            blockNumber=7028737 slot=1 blocks=7028736 txs=372581234 mgas=20076437 bps=143.3 tps=13341 mgps=789.0 avgBps=334.8 avgTps=17745 avgMGps=956.2 elapsed=5h49m55s
Aug 18 22:59:58 nimbus-eth1-mainnet-long-benchmark[2924939]: INF 2026-08-18 22:59:58.739+00:00 Imported blocks                            blockNumber=7036929 slot=1 blocks=7036928 txs=373434988 mgas=20123041 bps=144.5 tps=15056 mgps=821.9 avgBps=334.3 avgTps=17738 avgMGps=955.9 elapsed=5h50m52s
Aug 18 23:00:55 nimbus-eth1-mainnet-long-benchmark[2924939]: INF 2026-08-18 23:00:55.310+00:00 Imported blocks                            blockNumber=7045121 slot=1 blocks=7045120 txs=374245330 mgas=20169419 bps=144.8 tps=14325 mgps=819.9 avgBps=333.8 avgTps=17729 avgMGps=955.5 elapsed=5h51m48s
Aug 18 23:01:52 nimbus-eth1-mainnet-long-benchmark[2924939]: INF 2026-08-18 23:01:52.537+00:00 Imported blocks                            blockNumber=7053313 slot=1 blocks=7053312 txs=375015673 mgas=20216891 bps=143.1 tps=13461 mgps=829.5 avgBps=333.2 avgTps=17717 avgMGps=955.2 elapsed=5h52m46s
Aug 18 23:02:44 nimbus-eth1-mainnet-long-benchmark[2924939]: INF 2026-08-18 23:02:44.752+00:00 Imported blocks                            blockNumber=7061505 slot=1 blocks=7061504 txs=375699007 mgas=20260446 bps=156.9 tps=13087 mgps=834.2 avgBps=332.8 avgTps=17706 avgMGps=954.9 elapsed=5h53m38s
Aug 18 23:03:42 nimbus-eth1-mainnet-long-benchmark[2924939]: INF 2026-08-18 23:03:42.191+00:00 Imported blocks                            blockNumber=7069697 slot=1 blocks=7069696 txs=376537787 mgas=20307321 bps=142.6 tps=14602 mgps=816.0 avgBps=332.3 avgTps=17698 avgMGps=954.5 elapsed=5h54m35s
Aug 18 23:04:37 nimbus-eth1-mainnet-long-benchmark[2924939]: INF 2026-08-18 23:04:37.703+00:00 Imported blocks                            blockNumber=7077889 slot=1 blocks=7077888 txs=377301016 mgas=20355903 bps=147.6 tps=13749 mgps=875.2 avgBps=331.8 avgTps=17687 avgMGps=954.3 elapsed=5h55m31s
Aug 18 23:05:31 nimbus-eth1-mainnet-long-benchmark[2924939]: INF 2026-08-18 23:05:31.374+00:00 Imported blocks                            blockNumber=7086081 slot=1 blocks=7086080 txs=378052057 mgas=20401095 bps=152.6 tps=13993 mgps=842.0 avgBps=331.4 avgTps=17678 avgMGps=954.0 elapsed=5h56m24s
Aug 18 23:06:26 nimbus-eth1-mainnet-long-benchmark[2924939]: INF 2026-08-18 23:06:26.769+00:00 Imported blocks                            blockNumber=7094273 slot=1 blocks=7094272 txs=378847841 mgas=20449611 bps=147.9 tps=14365 mgps=875.8 avgBps=330.9 avgTps=17669 avgMGps=953.8 elapsed=5h57m20s
Aug 18 23:07:21 nimbus-eth1-mainnet-long-benchmark[2924939]: INF 2026-08-18 23:07:21.312+00:00 Imported blocks                            blockNumber=7102465 slot=1 blocks=7102464 txs=379635271 mgas=20498840 bps=150.2 tps=14436 mgps=902.5 avgBps=330.4 avgTps=17661 avgMGps=953.7 elapsed=5h58m14s
Aug 18 23:08:20 nimbus-eth1-mainnet-long-benchmark[2924939]: INF 2026-08-18 23:08:20.979+00:00 Imported blocks                            blockNumber=7110657 slot=1 blocks=7110656 txs=380620741 mgas=20554788 bps=137.3 tps=16515 mgps=937.7 avgBps=329.9 avgTps=17658 avgMGps=953.6 elapsed=5h59m14s
Aug 18 23:09:19 nimbus-eth1-mainnet-long-benchmark[2924939]: INF 2026-08-18 23:09:19.982+00:00 Imported blocks                            blockNumber=7118849 slot=1 blocks=7118848 txs=381500491 mgas=20607563 bps=138.8 tps=14910 mgps=894.5 avgBps=329.4 avgTps=17651 avgMGps=953.5 elapsed=6h13s503ms
Aug 18 23:10:17 nimbus-eth1-mainnet-long-benchmark[2924939]: INF 2026-08-18 23:10:17.045+00:00 Imported blocks                            blockNumber=7127041 slot=1 blocks=7127040 txs=382271667 mgas=20656788 bps=143.6 tps=13514 mgps=862.7 avgBps=328.9 avgTps=17640 avgMGps=953.2 elapsed=6h1m10s
Aug 18 23:11:18 nimbus-eth1-mainnet-long-benchmark[2924939]: INF 2026-08-18 23:11:18.492+00:00 Imported blocks                            blockNumber=7135233 slot=1 blocks=7135232 txs=383082604 mgas=20710096 bps=133.3 tps=13196 mgps=867.5 avgBps=328.3 avgTps=17627 avgMGps=953.0 elapsed=6h2m12s
Aug 18 23:12:23 nimbus-eth1-mainnet-long-benchmark[2924939]: INF 2026-08-18 23:12:23.319+00:00 Imported blocks                            blockNumber=7143425 slot=1 blocks=7143424 txs=383998423 mgas=20765213 bps=126.4 tps=14126 mgps=850.2 avgBps=327.7 avgTps=17617 avgMGps=952.7 elapsed=6h3m16s
Aug 18 23:13:25 nimbus-eth1-mainnet-long-benchmark[2924939]: INF 2026-08-18 23:13:25.278+00:00 Imported blocks                            blockNumber=7151617 slot=1 blocks=7151616 txs=384909238 mgas=20819967 bps=132.2 tps=14701 mgps=883.8 avgBps=327.2 avgTps=17608 avgMGps=952.5 elapsed=6h4m18s
Aug 18 23:14:31 nimbus-eth1-mainnet-long-benchmark[2924939]: INF 2026-08-18 23:14:31.245+00:00 Imported blocks                            blockNumber=7159809 slot=1 blocks=7159808 txs=385795436 mgas=20878681 bps=124.2 tps=13433 mgps=890.0 avgBps=326.6 avgTps=17596 avgMGps=952.3 elapsed=6h5m24s
Aug 18 23:15:25 nimbus-eth1-mainnet-long-benchmark[2924939]: INF 2026-08-18 23:15:25.364+00:00 Imported blocks                            blockNumber=7168001 slot=1 blocks=7168000 txs=386522102 mgas=20927820 bps=151.4 tps=13426 mgps=907.9 avgBps=326.1 avgTps=17586 avgMGps=952.2 elapsed=6h6m18s
Aug 18 23:16:19 nimbus-eth1-mainnet-long-benchmark[2924939]: INF 2026-08-18 23:16:19.171+00:00 Imported blocks                            blockNumber=7176193 slot=1 blocks=7176192 txs=387215438 mgas=20974930 bps=152.2 tps=12885 mgps=875.5 avgBps=325.7 avgTps=17574 avgMGps=952.0 elapsed=6h7m12s
Aug 18 23:17:10 nimbus-eth1-mainnet-long-benchmark[2924939]: INF 2026-08-18 23:17:10.706+00:00 Imported blocks                            blockNumber=7184385 slot=1 blocks=7184384 txs=387939963 mgas=21022966 bps=159.0 tps=14059 mgps=932.1 avgBps=325.3 avgTps=17566 avgMGps=951.9 elapsed=6h8m4s
Aug 18 23:18:02 nimbus-eth1-mainnet-long-benchmark[2924939]: INF 2026-08-18 23:18:02.822+00:00 Imported blocks                            blockNumber=7192577 slot=1 blocks=7192576 txs=388648265 mgas=21071234 bps=157.2 tps=13591 mgps=926.2 avgBps=324.9 avgTps=17557 avgMGps=951.9 elapsed=6h8m56s
Aug 18 23:18:57 nimbus-eth1-mainnet-long-benchmark[2924939]: INF 2026-08-18 23:18:57.237+00:00 Imported blocks                            blockNumber=7200769 slot=1 blocks=7200768 txs=389375772 mgas=21121354 bps=150.5 tps=13368 mgps=921.0 avgBps=324.5 avgTps=17546 avgMGps=951.8 elapsed=6h9m50s
Aug 18 23:19:57 nimbus-eth1-mainnet-long-benchmark[2924939]: INF 2026-08-18 23:19:57.364+00:00 Imported blocks                            blockNumber=7208961 slot=1 blocks=7208960 txs=390166118 mgas=21174452 bps=136.2 tps=13145 mgps=883.1 avgBps=324.0 avgTps=17534 avgMGps=951.6 elapsed=6h10m50s
Aug 18 23:20:59 nimbus-eth1-mainnet-long-benchmark[2924939]: INF 2026-08-18 23:20:59.091+00:00 Imported blocks                            blockNumber=7217153 slot=1 blocks=7217152 txs=391073092 mgas=21231194 bps=132.7 tps=14693 mgps=919.2 avgBps=323.5 avgTps=17526 avgMGps=951.5 elapsed=6h11m52s
Aug 18 23:22:03 nimbus-eth1-mainnet-long-benchmark[2924939]: INF 2026-08-18 23:22:03.370+00:00 Imported blocks                            blockNumber=7225345 slot=1 blocks=7225344 txs=392006706 mgas=21289790 bps=127.5 tps=14525 mgps=911.6 avgBps=322.9 avgTps=17518 avgMGps=951.4 elapsed=6h12m56s
Aug 18 23:23:07 nimbus-eth1-mainnet-long-benchmark[2924939]: INF 2026-08-18 23:23:07.873+00:00 Imported blocks                            blockNumber=7233537 slot=1 blocks=7233536 txs=392892302 mgas=21348462 bps=127.0 tps=13729 mgps=909.6 avgBps=322.3 avgTps=17507 avgMGps=951.3 elapsed=6h14m1s
Aug 18 23:24:17 nimbus-eth1-mainnet-long-benchmark[2924939]: INF 2026-08-18 23:24:17.620+00:00 Imported blocks                            blockNumber=7241729 slot=1 blocks=7241728 txs=393908406 mgas=21409532 bps=117.5 tps=14568 mgps=875.6 avgBps=321.7 avgTps=17498 avgMGps=951.1 elapsed=6h15m11s
Aug 18 23:25:22 nimbus-eth1-mainnet-long-benchmark[2924939]: INF 2026-08-18 23:25:22.931+00:00 Imported blocks                            blockNumber=7249921 slot=1 blocks=7249920 txs=394929036 mgas=21470901 bps=125.4 tps=15627 mgps=939.7 avgBps=321.1 avgTps=17492 avgMGps=951.0 elapsed=6h16m16s
Aug 18 23:26:32 nimbus-eth1-mainnet-long-benchmark[2924939]: INF 2026-08-18 23:26:32.777+00:00 Imported blocks                            blockNumber=7258113 slot=1 blocks=7258112 txs=395914711 mgas=21531959 bps=117.3 tps=14111 mgps=874.2 avgBps=320.5 avgTps=17482 avgMGps=950.8 elapsed=6h17m26s
Aug 18 23:27:39 nimbus-eth1-mainnet-long-benchmark[2924939]: INF 2026-08-18 23:27:39.716+00:00 Imported blocks                            blockNumber=7266305 slot=1 blocks=7266304 txs=396939106 mgas=21592759 bps=122.4 tps=15302 mgps=908.2 avgBps=319.9 avgTps=17476 avgMGps=950.7 elapsed=6h18m33s
Aug 18 23:28:51 nimbus-eth1-mainnet-long-benchmark[2924939]: INF 2026-08-18 23:28:51.131+00:00 Imported blocks                            blockNumber=7274497 slot=1 blocks=7274496 txs=398013099 mgas=21655671 bps=114.7 tps=15039 mgps=880.9 avgBps=319.3 avgTps=17468 avgMGps=950.4 elapsed=6h19m44s
Aug 18 23:29:59 nimbus-eth1-mainnet-long-benchmark[2924939]: INF 2026-08-18 23:29:59.478+00:00 Imported blocks                            blockNumber=7282689 slot=1 blocks=7282688 txs=398972452 mgas=21716394 bps=119.9 tps=14036 mgps=888.4 avgBps=318.7 avgTps=17458 avgMGps=950.3 elapsed=6h20m52s
Aug 18 23:30:59 nimbus-eth1-mainnet-long-benchmark[2924939]: INF 2026-08-18 23:30:59.821+00:00 Imported blocks                            blockNumber=7290881 slot=1 blocks=7290880 txs=399693869 mgas=21767952 bps=135.8 tps=11955 mgps=854.5 avgBps=318.2 avgTps=17443 avgMGps=950.0 elapsed=6h21m53s
Aug 18 23:31:57 nimbus-eth1-mainnet-long-benchmark[2924939]: INF 2026-08-18 23:31:57.664+00:00 Imported blocks                            blockNumber=7299073 slot=1 blocks=7299072 txs=400329336 mgas=21815392 bps=141.6 tps=10985 mgps=820.1 avgBps=317.7 avgTps=17427 avgMGps=949.7 elapsed=6h22m51s
Aug 18 23:32:58 nimbus-eth1-mainnet-long-benchmark[2924939]: INF 2026-08-18 23:32:58.079+00:00 Imported blocks                            blockNumber=7307265 slot=1 blocks=7307264 txs=401098326 mgas=21867932 bps=135.6 tps=12728 mgps=869.6 avgBps=317.3 avgTps=17415 avgMGps=949.5 elapsed=6h23m51s
Aug 18 23:33:57 nimbus-eth1-mainnet-long-benchmark[2924939]: INF 2026-08-18 23:33:57.858+00:00 Imported blocks                            blockNumber=7315457 slot=1 blocks=7315456 txs=401881164 mgas=21918429 bps=137.0 tps=13096 mgps=844.8 avgBps=316.8 avgTps=17403 avgMGps=949.2 elapsed=6h24m51s
Aug 18 23:34:54 nimbus-eth1-mainnet-long-benchmark[2924939]: INF 2026-08-18 23:34:54.805+00:00 Imported blocks                            blockNumber=7323649 slot=1 blocks=7323648 txs=402617695 mgas=21967110 bps=143.9 tps=12933 mgps=854.9 avgBps=316.4 avgTps=17392 avgMGps=949.0 elapsed=6h25m48s
Aug 18 23:35:53 nimbus-eth1-mainnet-long-benchmark[2924939]: INF 2026-08-18 23:35:53.376+00:00 Imported blocks                            blockNumber=7331841 slot=1 blocks=7331840 txs=403311126 mgas=22016089 bps=139.9 tps=11838 mgps=836.2 avgBps=315.9 avgTps=17378 avgMGps=948.7 elapsed=6h26m46s
Aug 18 23:36:52 nimbus-eth1-mainnet-long-benchmark[2924939]: INF 2026-08-18 23:36:52.243+00:00 Imported blocks                            blockNumber=7340033 slot=1 blocks=7340032 txs=404011479 mgas=22064560 bps=139.2 tps=11897 mgps=823.4 avgBps=315.5 avgTps=17365 avgMGps=948.4 elapsed=6h27m45s
Aug 18 23:37:46 nimbus-eth1-mainnet-long-benchmark[2924939]: INF 2026-08-18 23:37:46.243+00:00 Imported blocks                            blockNumber=7348225 slot=1 blocks=7348224 txs=404667644 mgas=22112314 bps=151.7 tps=12152 mgps=884.4 avgBps=315.1 avgTps=17352 avgMGps=948.2 elapsed=6h28m39s
Aug 18 23:38:45 nimbus-eth1-mainnet-long-benchmark[2924939]: INF 2026-08-18 23:38:45.302+00:00 Imported blocks                            blockNumber=7356417 slot=1 blocks=7356416 txs=405374596 mgas=22162096 bps=138.7 tps=11969 mgps=842.9 avgBps=314.7 avgTps=17339 avgMGps=948.0 elapsed=6h29m38s
Aug 18 23:39:41 nimbus-eth1-mainnet-long-benchmark[2924939]: INF 2026-08-18 23:39:41.597+00:00 Imported blocks                            blockNumber=7364609 slot=1 blocks=7364608 txs=406077156 mgas=22213648 bps=145.5 tps=12479 mgps=915.7 avgBps=314.3 avgTps=17327 avgMGps=947.9 elapsed=6h30m35s
Aug 18 23:40:38 nimbus-eth1-mainnet-long-benchmark[2924939]: INF 2026-08-18 23:40:38.748+00:00 Imported blocks                            blockNumber=7372801 slot=1 blocks=7372800 txs=406825644 mgas=22264838 bps=143.3 tps=13096 mgps=895.7 avgBps=313.8 avgTps=17317 avgMGps=947.8 elapsed=6h31m32s
Aug 18 23:41:33 nimbus-eth1-mainnet-long-benchmark[2924939]: INF 2026-08-18 23:41:33.631+00:00 Imported blocks                            blockNumber=7380993 slot=1 blocks=7380992 txs=407498614 mgas=22315127 bps=149.3 tps=12262 mgps=916.3 avgBps=313.5 avgTps=17305 avgMGps=947.7 elapsed=6h32m27s
Aug 18 23:42:29 nimbus-eth1-mainnet-long-benchmark[2924939]: INF 2026-08-18 23:42:29.174+00:00 Imported blocks                            blockNumber=7389185 slot=1 blocks=7389184 txs=408116988 mgas=22361875 bps=147.5 tps=11133 mgps=841.7 avgBps=313.1 avgTps=17291 avgMGps=947.4 elapsed=6h33m22s
Aug 18 23:43:28 nimbus-eth1-mainnet-long-benchmark[2924939]: INF 2026-08-18 23:43:28.273+00:00 Imported blocks                            blockNumber=7397377 slot=1 blocks=7397376 txs=408848395 mgas=22415724 bps=138.6 tps=12375 mgps=911.2 avgBps=312.6 avgTps=17278 avgMGps=947.3 elapsed=6h34m21s
Aug 18 23:44:27 nimbus-eth1-mainnet-long-benchmark[2924939]: INF 2026-08-18 23:44:27.260+00:00 Imported blocks                            blockNumber=7405569 slot=1 blocks=7405568 txs=409671498 mgas=22470184 bps=138.9 tps=13953 mgps=923.2 avgBps=312.2 avgTps=17270 avgMGps=947.3 elapsed=6h35m20s
Aug 18 23:45:31 nimbus-eth1-mainnet-long-benchmark[2924939]: INF 2026-08-18 23:45:31.539+00:00 Imported blocks                            blockNumber=7413761 slot=1 blocks=7413760 txs=410492065 mgas=22528180 bps=127.4 tps=12765 mgps=902.2 avgBps=311.7 avgTps=17258 avgMGps=947.2 elapsed=6h36m25s
Aug 18 23:46:32 nimbus-eth1-mainnet-long-benchmark[2924939]: INF 2026-08-18 23:46:32.342+00:00 Imported blocks                            blockNumber=7421953 slot=1 blocks=7421952 txs=411251324 mgas=22583061 bps=134.7 tps=12488 mgps=902.7 avgBps=311.2 avgTps=17246 avgMGps=947.0 elapsed=6h37m25s
Aug 18 23:47:28 nimbus-eth1-mainnet-long-benchmark[2924939]: INF 2026-08-18 23:47:28.501+00:00 Imported blocks                            blockNumber=7430145 slot=1 blocks=7430144 txs=411961198 mgas=22633327 bps=145.9 tps=12640 mgps=895.1 avgBps=310.9 avgTps=17235 avgMGps=946.9 elapsed=6h38m22s
Aug 18 23:48:29 nimbus-eth1-mainnet-long-benchmark[2924939]: INF 2026-08-18 23:48:29.708+00:00 Imported blocks                            blockNumber=7438337 slot=1 blocks=7438336 txs=412760611 mgas=22685945 bps=133.8 tps=13060 mgps=859.7 avgBps=310.4 avgTps=17224 avgMGps=946.7 elapsed=6h39m23s
Aug 18 23:49:33 nimbus-eth1-mainnet-long-benchmark[2924939]: INF 2026-08-18 23:49:33.119+00:00 Imported blocks                            blockNumber=7446529 slot=1 blocks=7446528 txs=413564075 mgas=22739807 bps=129.2 tps=12670 mgps=849.4 avgBps=309.9 avgTps=17212 avgMGps=946.4 elapsed=6h40m26s
Aug 18 23:50:34 nimbus-eth1-mainnet-long-benchmark[2924939]: INF 2026-08-18 23:50:34.094+00:00 Imported blocks                            blockNumber=7454721 slot=1 blocks=7454720 txs=414340358 mgas=22793155 bps=134.4 tps=12732 mgps=875.0 avgBps=309.5 avgTps=17201 avgMGps=946.3 elapsed=6h41m27s
Aug 18 23:51:36 nimbus-eth1-mainnet-long-benchmark[2924939]: INF 2026-08-18 23:51:36.313+00:00 Imported blocks                            blockNumber=7462913 slot=1 blocks=7462912 txs=415182333 mgas=22848779 bps=131.7 tps=13532 mgps=894.0 avgBps=309.0 avgTps=17191 avgMGps=946.1 elapsed=6h42m29s
Aug 18 23:52:42 nimbus-eth1-mainnet-long-benchmark[2924939]: INF 2026-08-18 23:52:42.652+00:00 Imported blocks                            blockNumber=7471105 slot=1 blocks=7471104 txs=416036288 mgas=22906231 bps=123.5 tps=12871 mgps=866.0 avgBps=308.5 avgTps=17180 avgMGps=945.9 elapsed=6h43m36s
Aug 18 23:53:46 nimbus-eth1-mainnet-long-benchmark[2924939]: INF 2026-08-18 23:53:46.403+00:00 Imported blocks                            blockNumber=7479297 slot=1 blocks=7479296 txs=416831442 mgas=22962529 bps=128.5 tps=12473 mgps=883.1 avgBps=308.0 avgTps=17167 avgMGps=945.7 elapsed=6h44m39s
Aug 18 23:54:54 nimbus-eth1-mainnet-long-benchmark[2924939]: INF 2026-08-18 23:54:54.278+00:00 Imported blocks                            blockNumber=7487489 slot=1 blocks=7487488 txs=417720887 mgas=23018905 bps=120.7 tps=13104 mgps=830.6 avgBps=307.5 avgTps=17156 avgMGps=945.4 elapsed=6h45m47s
Aug 18 23:56:06 nimbus-eth1-mainnet-long-benchmark[2924939]: INF 2026-08-18 23:56:06.233+00:00 Imported blocks                            blockNumber=7495681 slot=1 blocks=7495680 txs=418742856 mgas=23078928 bps=113.8 tps=14202 mgps=834.2 avgBps=307.0 avgTps=17147 avgMGps=945.1 elapsed=6h46m59s
Aug 18 23:57:11 nimbus-eth1-mainnet-long-benchmark[2924939]: INF 2026-08-18 23:57:11.840+00:00 Imported blocks                            blockNumber=7503873 slot=1 blocks=7503872 txs=419618093 mgas=23134242 bps=124.9 tps=13340 mgps=843.1 avgBps=306.5 avgTps=17137 avgMGps=944.8 elapsed=6h48m5s
Aug 18 23:58:12 nimbus-eth1-mainnet-long-benchmark[2924939]: INF 2026-08-18 23:58:12.543+00:00 Imported blocks                            blockNumber=7512065 slot=1 blocks=7512064 txs=420393164 mgas=23183672 bps=134.9 tps=12767 mgps=814.3 avgBps=306.0 avgTps=17126 avgMGps=944.5 elapsed=6h49m6s
Aug 18 23:59:10 nimbus-eth1-mainnet-long-benchmark[2924939]: INF 2026-08-18 23:59:10.606+00:00 Imported blocks                            blockNumber=7520257 slot=1 blocks=7520256 txs=421119053 mgas=23230736 bps=141.1 tps=12502 mgps=810.6 avgBps=305.7 avgTps=17115 avgMGps=944.2 elapsed=6h50m4s
Aug 19 00:00:14 nimbus-eth1-mainnet-long-benchmark[2924939]: INF 2026-08-19 00:00:14.361+00:00 Imported blocks                            blockNumber=7528449 slot=1 blocks=7528448 txs=421953896 mgas=23282387 bps=128.5 tps=13093 mgps=810.1 avgBps=305.2 avgTps=17105 avgMGps=943.8 elapsed=6h51m7s
Aug 19 00:01:17 nimbus-eth1-mainnet-long-benchmark[2924939]: INF 2026-08-19 00:01:17.720+00:00 Imported blocks                            blockNumber=7536641 slot=1 blocks=7536640 txs=422743403 mgas=23333145 bps=129.3 tps=12460 mgps=801.1 avgBps=304.7 avgTps=17093 avgMGps=943.5 elapsed=6h52m11s
Aug 19 00:02:19 nimbus-eth1-mainnet-long-benchmark[2924939]: INF 2026-08-19 00:02:19.027+00:00 Imported blocks                            blockNumber=7544833 slot=1 blocks=7544832 txs=423611090 mgas=23387743 bps=133.6 tps=14153 mgps=890.6 avgBps=304.3 avgTps=17086 avgMGps=943.3 elapsed=6h53m12s
Aug 19 00:03:22 nimbus-eth1-mainnet-long-benchmark[2924939]: INF 2026-08-19 00:03:22.134+00:00 Imported blocks                            blockNumber=7553025 slot=1 blocks=7553024 txs=424571815 mgas=23444213 bps=129.8 tps=15224 mgps=894.9 avgBps=303.9 avgTps=17081 avgMGps=943.2 elapsed=6h54m15s
Aug 19 00:04:24 nimbus-eth1-mainnet-long-benchmark[2924939]: INF 2026-08-19 00:04:24.313+00:00 Imported blocks                            blockNumber=7561217 slot=1 blocks=7561216 txs=425387522 mgas=23494527 bps=131.7 tps=13118 mgps=809.2 avgBps=303.4 avgTps=17071 avgMGps=942.9 elapsed=6h55m17s
Aug 19 00:05:20 nimbus-eth1-mainnet-long-benchmark[2924939]: INF 2026-08-19 00:05:20.716+00:00 Imported blocks                            blockNumber=7569409 slot=1 blocks=7569408 txs=426053753 mgas=23540671 bps=145.2 tps=11811 mgps=818.1 avgBps=303.1 avgTps=17059 avgMGps=942.6 elapsed=6h56m14s
Aug 19 00:06:17 nimbus-eth1-mainnet-long-benchmark[2924939]: INF 2026-08-19 00:06:17.731+00:00 Imported blocks                            blockNumber=7577601 slot=1 blocks=7577600 txs=426886568 mgas=23594846 bps=143.7 tps=14606 mgps=950.2 avgBps=302.7 avgTps=17054 avgMGps=942.6 elapsed=6h57m11s
Aug 19 00:07:20 nimbus-eth1-mainnet-long-benchmark[2924939]: INF 2026-08-19 00:07:20.606+00:00 Imported blocks                            blockNumber=7585793 slot=1 blocks=7585792 txs=427772094 mgas=23652933 bps=130.3 tps=14083 mgps=923.9 avgBps=302.3 avgTps=17046 avgMGps=942.6 elapsed=6h58m14s
Aug 19 00:08:23 nimbus-eth1-mainnet-long-benchmark[2924939]: INF 2026-08-19 00:08:23.773+00:00 Imported blocks                            blockNumber=7593985 slot=1 blocks=7593984 txs=428633372 mgas=23708839 bps=129.7 tps=13634 mgps=885.0 avgBps=301.9 avgTps=17038 avgMGps=942.4 elapsed=6h59m17s
Aug 19 00:09:25 nimbus-eth1-mainnet-long-benchmark[2924939]: INF 2026-08-19 00:09:25.976+00:00 Imported blocks                            blockNumber=7602177 slot=1 blocks=7602176 txs=429486178 mgas=23759182 bps=131.7 tps=13709 mgps=809.3 avgBps=301.4 avgTps=17029 avgMGps=942.1 elapsed=7h19s498ms
Aug 19 00:10:29 nimbus-eth1-mainnet-long-benchmark[2924939]: INF 2026-08-19 00:10:29.095+00:00 Imported blocks                            blockNumber=7610369 slot=1 blocks=7610368 txs=430374019 mgas=23809070 bps=129.8 tps=14065 mgps=790.4 avgBps=301.0 avgTps=17022 avgMGps=941.7 elapsed=7h1m22s
Aug 19 00:11:29 nimbus-eth1-mainnet-long-benchmark[2924939]: INF 2026-08-19 00:11:29.014+00:00 Imported blocks                            blockNumber=7618561 slot=1 blocks=7618560 txs=431234206 mgas=23864021 bps=136.7 tps=14356 mgps=917.1 avgBps=300.6 avgTps=17016 avgMGps=941.7 elapsed=7h2m22s
Aug 19 00:12:33 nimbus-eth1-mainnet-long-benchmark[2924939]: INF 2026-08-19 00:12:33.289+00:00 Imported blocks                            blockNumber=7626753 slot=1 blocks=7626752 txs=432149554 mgas=23918051 bps=127.4 tps=14240 mgps=840.6 avgBps=300.2 avgTps=17009 avgMGps=941.4 elapsed=7h3m26s
Aug 19 00:13:36 nimbus-eth1-mainnet-long-benchmark[2924939]: INF 2026-08-19 00:13:36.748+00:00 Imported blocks                            blockNumber=7634945 slot=1 blocks=7634944 txs=433001863 mgas=23969732 bps=129.1 tps=13430 mgps=814.4 avgBps=299.8 avgTps=17000 avgMGps=941.1 elapsed=7h4m30s
Aug 19 00:14:39 nimbus-eth1-mainnet-long-benchmark[2924939]: INF 2026-08-19 00:14:39.807+00:00 Imported blocks                            blockNumber=7643137 slot=1 blocks=7643136 txs=433914233 mgas=24022782 bps=129.9 tps=14468 mgps=841.3 avgBps=299.3 avgTps=16994 avgMGps=940.8 elapsed=7h5m33s
Aug 19 00:15:34 nimbus-eth1-mainnet-long-benchmark[2924939]: INF 2026-08-19 00:15:34.510+00:00 Imported blocks                            blockNumber=7651329 slot=1 blocks=7651328 txs=434653036 mgas=24068682 bps=149.8 tps=13506 mgps=839.1 avgBps=299.0 avgTps=16986 avgMGps=940.6 elapsed=7h6m28s
Aug 19 00:16:28 nimbus-eth1-mainnet-long-benchmark[2924939]: INF 2026-08-19 00:16:28.481+00:00 Imported blocks                            blockNumber=7659521 slot=1 blocks=7659520 txs=435366872 mgas=24114431 bps=151.8 tps=13225 mgps=847.6 avgBps=298.7 avgTps=16978 avgMGps=940.4 elapsed=7h7m22s
Aug 19 00:17:26 nimbus-eth1-mainnet-long-benchmark[2924939]: INF 2026-08-19 00:17:26.912+00:00 Imported blocks                            blockNumber=7667713 slot=1 blocks=7667712 txs=436214907 mgas=24164969 bps=140.2 tps=14513 mgps=864.9 avgBps=298.3 avgTps=16973 avgMGps=940.3 elapsed=7h8m20s
Aug 19 00:18:32 nimbus-eth1-mainnet-long-benchmark[2924939]: INF 2026-08-19 00:18:32.495+00:00 Imported blocks                            blockNumber=7675905 slot=1 blocks=7675904 txs=437152649 mgas=24220293 bps=124.9 tps=14298 mgps=843.6 avgBps=297.9 avgTps=16966 avgMGps=940.0 elapsed=7h9m26s
Aug 19 00:19:31 nimbus-eth1-mainnet-long-benchmark[2924939]: INF 2026-08-19 00:19:31.822+00:00 Imported blocks                            blockNumber=7684097 slot=1 blocks=7684096 txs=437940276 mgas=24274677 bps=138.1 tps=13276 mgps=916.7 avgBps=297.5 avgTps=16957 avgMGps=940.0 elapsed=7h10m25s
Aug 19 00:20:32 nimbus-eth1-mainnet-long-benchmark[2924939]: INF 2026-08-19 00:20:32.269+00:00 Imported blocks                            blockNumber=7692289 slot=1 blocks=7692288 txs=438773865 mgas=24327924 bps=135.5 tps=13790 mgps=880.9 avgBps=297.2 avgTps=16950 avgMGps=939.8 elapsed=7h11m25s
Aug 19 00:21:31 nimbus-eth1-mainnet-long-benchmark[2924939]: INF 2026-08-19 00:21:31.096+00:00 Imported blocks                            blockNumber=7700481 slot=1 blocks=7700480 txs=439588069 mgas=24377460 bps=139.3 tps=13840 mgps=842.0 avgBps=296.8 avgTps=16943 avgMGps=939.6 elapsed=7h12m24s
Aug 19 00:22:32 nimbus-eth1-mainnet-long-benchmark[2924939]: INF 2026-08-19 00:22:32.523+00:00 Imported blocks                            blockNumber=7708673 slot=1 blocks=7708672 txs=440491206 mgas=24431819 bps=133.4 tps=14702 mgps=884.9 avgBps=296.4 avgTps=16938 avgMGps=939.5 elapsed=7h13m26s
Aug 19 00:23:27 nimbus-eth1-mainnet-long-benchmark[2924939]: INF 2026-08-19 00:23:27.722+00:00 Imported blocks                            blockNumber=7716865 slot=1 blocks=7716864 txs=441292357 mgas=24494441 bps=148.4 tps=14514 mgps=1134 avgBps=296.1 avgTps=16932 avgMGps=939.9 elapsed=7h14m21s
Aug 19 00:24:34 nimbus-eth1-mainnet-long-benchmark[2924939]: INF 2026-08-19 00:24:34.225+00:00 Imported blocks                            blockNumber=7725057 slot=1 blocks=7725056 txs=442197881 mgas=24553456 bps=123.2 tps=13616 mgps=887.4 avgBps=295.7 avgTps=16924 avgMGps=939.7 elapsed=7h15m27s
Aug 19 00:25:44 nimbus-eth1-mainnet-long-benchmark[2924939]: INF 2026-08-19 00:25:44.188+00:00 Imported blocks                            blockNumber=7733249 slot=1 blocks=7733248 txs=443158393 mgas=24611784 bps=117.1 tps=13728 mgps=833.7 avgBps=295.2 avgTps=16915 avgMGps=939.5 elapsed=7h16m37s
Aug 19 00:26:53 nimbus-eth1-mainnet-long-benchmark[2924939]: INF 2026-08-19 00:26:53.087+00:00 Imported blocks                            blockNumber=7741441 slot=1 blocks=7741440 txs=444094671 mgas=24668195 bps=118.9 tps=13588 mgps=818.7 avgBps=294.7 avgTps=16907 avgMGps=939.1 elapsed=7h17m46s
Aug 19 00:28:02 nimbus-eth1-mainnet-long-benchmark[2924939]: INF 2026-08-19 00:28:02.734+00:00 Imported blocks                            blockNumber=7749633 slot=1 blocks=7749632 txs=444984995 mgas=24721768 bps=117.6 tps=12783 mgps=769.2 avgBps=294.3 avgTps=16896 avgMGps=938.7 elapsed=7h18m56s
Aug 19 00:29:18 nimbus-eth1-mainnet-long-benchmark[2924939]: INF 2026-08-19 00:29:18.229+00:00 Imported blocks                            blockNumber=7757825 slot=1 blocks=7757824 txs=446012120 mgas=24780290 bps=108.5 tps=13605 mgps=775.2 avgBps=293.7 avgTps=16886 avgMGps=938.2 elapsed=7h20m11s
Aug 19 00:30:36 nimbus-eth1-mainnet-long-benchmark[2924939]: INF 2026-08-19 00:30:36.851+00:00 Imported blocks                            blockNumber=7766017 slot=1 blocks=7766016 txs=447077485 mgas=24841902 bps=104.2 tps=13550 mgps=783.7 avgBps=293.2 avgTps=16876 avgMGps=937.8 elapsed=7h21m30s
Aug 19 00:31:53 nimbus-eth1-mainnet-long-benchmark[2924939]: INF 2026-08-19 00:31:53.714+00:00 Imported blocks                            blockNumber=7774209 slot=1 blocks=7774208 txs=448210576 mgas=24903942 bps=106.6 tps=14741 mgps=807.1 avgBps=292.6 avgTps=16870 avgMGps=937.4 elapsed=7h22m47s
Aug 19 00:33:09 nimbus-eth1-mainnet-long-benchmark[2924939]: INF 2026-08-19 00:33:09.893+00:00 Imported blocks                            blockNumber=7782401 slot=1 blocks=7782400 txs=449224144 mgas=24965886 bps=107.5 tps=13305 mgps=813.2 avgBps=292.1 avgTps=16860 avgMGps=937.0 elapsed=7h24m3s
Aug 19 00:34:22 nimbus-eth1-mainnet-long-benchmark[2924939]: INF 2026-08-19 00:34:22.788+00:00 Imported blocks                            blockNumber=7790593 slot=1 blocks=7790592 txs=450201600 mgas=25026547 bps=112.4 tps=13408 mgps=832.1 avgBps=291.6 avgTps=16851 avgMGps=936.8 elapsed=7h25m16s
Aug 19 00:35:37 nimbus-eth1-mainnet-long-benchmark[2924939]: INF 2026-08-19 00:35:37.394+00:00 Imported blocks                            blockNumber=7798785 slot=1 blocks=7798784 txs=451264007 mgas=25086232 bps=109.8 tps=14240 mgps=800.0 avgBps=291.1 avgTps=16843 avgMGps=936.4 elapsed=7h26m30s
Aug 19 00:36:50 nimbus-eth1-mainnet-long-benchmark[2924939]: INF 2026-08-19 00:36:50.141+00:00 Imported blocks                            blockNumber=7806977 slot=1 blocks=7806976 txs=452281781 mgas=25146134 bps=112.6 tps=13990 mgps=823.4 avgBps=290.6 avgTps=16836 avgMGps=936.1 elapsed=7h27m43s
Aug 19 00:38:04 nimbus-eth1-mainnet-long-benchmark[2924939]: INF 2026-08-19 00:38:04.088+00:00 Imported blocks                            blockNumber=7815169 slot=1 blocks=7815168 txs=453436082 mgas=25206827 bps=110.8 tps=15610 mgps=820.8 avgBps=290.1 avgTps=16832 avgMGps=935.7 elapsed=7h28m57s
Aug 19 00:39:18 nimbus-eth1-mainnet-long-benchmark[2924939]: INF 2026-08-19 00:39:18.603+00:00 Imported blocks                            blockNumber=7823361 slot=1 blocks=7823360 txs=454565380 mgas=25267169 bps=109.9 tps=15155 mgps=809.8 avgBps=289.6 avgTps=16828 avgMGps=935.4 elapsed=7h30m12s
Aug 19 00:40:29 nimbus-eth1-mainnet-long-benchmark[2924939]: INF 2026-08-19 00:40:29.046+00:00 Imported blocks                            blockNumber=7831553 slot=1 blocks=7831552 txs=455613551 mgas=25323759 bps=116.3 tps=14880 mgps=803.4 avgBps=289.2 avgTps=16823 avgMGps=935.1 elapsed=7h31m22s
Aug 19 00:41:39 nimbus-eth1-mainnet-long-benchmark[2924939]: INF 2026-08-19 00:41:39.173+00:00 Imported blocks                            blockNumber=7839745 slot=1 blocks=7839744 txs=456620417 mgas=25379035 bps=116.8 tps=14357 mgps=788.2 avgBps=288.7 avgTps=16816 avgMGps=934.7 elapsed=7h32m32s
Aug 19 00:42:53 nimbus-eth1-mainnet-long-benchmark[2924939]: INF 2026-08-19 00:42:53.919+00:00 Imported blocks                            blockNumber=7847937 slot=1 blocks=7847936 txs=457886756 mgas=25440503 bps=109.6 tps=16940 mgps=822.3 avgBps=288.2 avgTps=16817 avgMGps=934.4 elapsed=7h33m47s
Aug 19 00:44:04 nimbus-eth1-mainnet-long-benchmark[2924939]: INF 2026-08-19 00:44:04.986+00:00 Imported blocks                            blockNumber=7856129 slot=1 blocks=7856128 txs=459040331 mgas=25501487 bps=115.3 tps=16233 mgps=858.2 avgBps=287.8 avgTps=16815 avgMGps=934.2 elapsed=7h34m58s
Aug 19 00:45:20 nimbus-eth1-mainnet-long-benchmark[2924939]: INF 2026-08-19 00:45:20.157+00:00 Imported blocks                            blockNumber=7864321 slot=1 blocks=7864320 txs=460155806 mgas=25561340 bps=109.0 tps=14838 mgps=796.2 avgBps=287.3 avgTps=16810 avgMGps=933.8 elapsed=7h36m13s
Aug 19 00:46:32 nimbus-eth1-mainnet-long-benchmark[2924939]: INF 2026-08-19 00:46:32.136+00:00 Imported blocks                            blockNumber=7872513 slot=1 blocks=7872512 txs=461304093 mgas=25622249 bps=113.8 tps=15953 mgps=846.2 avgBps=286.8 avgTps=16807 avgMGps=933.6 elapsed=7h37m25s
Aug 19 00:47:49 nimbus-eth1-mainnet-long-benchmark[2924939]: INF 2026-08-19 00:47:48.999+00:00 Imported blocks                            blockNumber=7880705 slot=1 blocks=7880704 txs=462540264 mgas=25682270 bps=106.6 tps=16083 mgps=780.9 avgBps=286.3 avgTps=16805 avgMGps=933.1 elapsed=7h38m42s
Aug 19 00:49:00 nimbus-eth1-mainnet-long-benchmark[2924939]: INF 2026-08-19 00:49:00.841+00:00 Imported blocks                            blockNumber=7888897 slot=1 blocks=7888896 txs=463659550 mgas=25740852 bps=114.0 tps=15579 mgps=815.4 avgBps=285.9 avgTps=16802 avgMGps=932.8 elapsed=7h39m54s
Aug 19 00:50:12 nimbus-eth1-mainnet-long-benchmark[2924939]: INF 2026-08-19 00:50:12.608+00:00 Imported blocks                            blockNumber=7897089 slot=1 blocks=7897088 txs=464776412 mgas=25800291 bps=114.1 tps=15562 mgps=828.2 avgBps=285.4 avgTps=16799 avgMGps=932.6 elapsed=7h41m6s
Aug 19 00:51:23 nimbus-eth1-mainnet-long-benchmark[2924939]: INF 2026-08-19 00:51:23.295+00:00 Imported blocks                            blockNumber=7905281 slot=1 blocks=7905280 txs=465829976 mgas=25859803 bps=115.9 tps=14904 mgps=841.9 avgBps=285.0 avgTps=16794 avgMGps=932.3 elapsed=7h42m16s
Aug 19 00:52:36 nimbus-eth1-mainnet-long-benchmark[2924939]: INF 2026-08-19 00:52:36.538+00:00 Imported blocks                            blockNumber=7913473 slot=1 blocks=7913472 txs=466848742 mgas=25919719 bps=111.9 tps=13910 mgps=818.1 avgBps=284.6 avgTps=16787 avgMGps=932.0 elapsed=7h43m30s
Aug 19 00:53:42 nimbus-eth1-mainnet-long-benchmark[2924939]: INF 2026-08-19 00:53:42.033+00:00 Imported blocks                            blockNumber=7921665 slot=1 blocks=7921664 txs=468011772 mgas=25977921 bps=125.1 tps=17757 mgps=888.7 avgBps=284.2 avgTps=16789 avgMGps=931.9 elapsed=7h44m35s
Aug 19 00:54:51 nimbus-eth1-mainnet-long-benchmark[2924939]: INF 2026-08-19 00:54:51.692+00:00 Imported blocks                            blockNumber=7929857 slot=1 blocks=7929856 txs=468944744 mgas=26034463 bps=117.6 tps=13392 mgps=811.7 avgBps=283.8 avgTps=16780 avgMGps=931.6 elapsed=7h45m45s
Aug 19 00:56:06 nimbus-eth1-mainnet-long-benchmark[2924939]: INF 2026-08-19 00:56:06.579+00:00 Imported blocks                            blockNumber=7938049 slot=1 blocks=7938048 txs=470280361 mgas=26096232 bps=109.4 tps=17835 mgps=824.8 avgBps=283.3 avgTps=16783 avgMGps=931.3 elapsed=7h47m98ms
Aug 19 00:57:23 nimbus-eth1-mainnet-long-benchmark[2924939]: INF 2026-08-19 00:57:23.821+00:00 Imported blocks                            blockNumber=7946241 slot=1 blocks=7946240 txs=471406476 mgas=26156565 bps=106.1 tps=14578 mgps=781.1 avgBps=282.8 avgTps=16777 avgMGps=930.9 elapsed=7h48m17s
Aug 19 00:58:40 nimbus-eth1-mainnet-long-benchmark[2924939]: INF 2026-08-19 00:58:40.576+00:00 Imported blocks                            blockNumber=7954433 slot=1 blocks=7954432 txs=472337101 mgas=26215819 bps=106.7 tps=12124 mgps=772.0 avgBps=282.3 avgTps=16764 avgMGps=930.5 elapsed=7h49m34s
Aug 19 00:59:56 nimbus-eth1-mainnet-long-benchmark[2924939]: INF 2026-08-19 00:59:56.595+00:00 Imported blocks                            blockNumber=7962625 slot=1 blocks=7962624 txs=473493092 mgas=26276138 bps=107.8 tps=15206 mgps=793.5 avgBps=281.9 avgTps=16760 avgMGps=930.1 elapsed=7h50m50s
Aug 19 01:01:09 nimbus-eth1-mainnet-long-benchmark[2924939]: INF 2026-08-19 01:01:09.702+00:00 Imported blocks                            blockNumber=7970817 slot=1 blocks=7970816 txs=474642879 mgas=26334344 bps=112.1 tps=15727 mgps=796.2 avgBps=281.4 avgTps=16758 avgMGps=929.8 elapsed=7h52m3s
Aug 19 01:02:23 nimbus-eth1-mainnet-long-benchmark[2924939]: INF 2026-08-19 01:02:23.052+00:00 Imported blocks                            blockNumber=7979009 slot=1 blocks=7979008 txs=475810979 mgas=26393019 bps=111.7 tps=15924 mgps=799.9 avgBps=281.0 avgTps=16755 avgMGps=929.4 elapsed=7h53m16s
Aug 19 01:03:33 nimbus-eth1-mainnet-long-benchmark[2924939]: INF 2026-08-19 01:03:33.803+00:00 Imported blocks                            blockNumber=7987201 slot=1 blocks=7987200 txs=476920569 mgas=26453220 bps=115.8 tps=15683 mgps=850.9 avgBps=280.6 avgTps=16753 avgMGps=929.2 elapsed=7h54m27s
Aug 19 01:04:44 nimbus-eth1-mainnet-long-benchmark[2924939]: INF 2026-08-19 01:04:44.006+00:00 Imported blocks                            blockNumber=7995393 slot=1 blocks=7995392 txs=478167265 mgas=26514174 bps=116.7 tps=17759 mgps=868.3 avgBps=280.2 avgTps=16755 avgMGps=929.1 elapsed=7h55m37s
Aug 19 01:05:58 nimbus-eth1-mainnet-long-benchmark[2924939]: INF 2026-08-19 01:05:58.429+00:00 Imported blocks                            blockNumber=8003585 slot=1 blocks=8003584 txs=479239936 mgas=26572633 bps=110.1 tps=14413 mgps=785.5 avgBps=279.7 avgTps=16749 avgMGps=928.7 elapsed=7h56m51s
Aug 19 01:07:09 nimbus-eth1-mainnet-long-benchmark[2924939]: INF 2026-08-19 01:07:09.064+00:00 Imported blocks                            blockNumber=8011777 slot=1 blocks=8011776 txs=480155112 mgas=26624783 bps=116.0 tps=12956 mgps=738.3 avgBps=279.3 avgTps=16740 avgMGps=928.3 elapsed=7h58m2s
Aug 19 01:08:19 nimbus-eth1-mainnet-long-benchmark[2924939]: INF 2026-08-19 01:08:19.735+00:00 Imported blocks                            blockNumber=8019969 slot=1 blocks=8019968 txs=481204089 mgas=26679130 bps=115.9 tps=14842 mgps=769.0 avgBps=278.9 avgTps=16735 avgMGps=927.9 elapsed=7h59m13s
Aug 19 01:09:29 nimbus-eth1-mainnet-long-benchmark[2924939]: INF 2026-08-19 01:09:29.498+00:00 Imported blocks                            blockNumber=8028161 slot=1 blocks=8028160 txs=482365172 mgas=26737031 bps=117.4 tps=16643 mgps=830.0 avgBps=278.5 avgTps=16735 avgMGps=927.6 elapsed=8h23s16ms
Aug 19 01:10:40 nimbus-eth1-mainnet-long-benchmark[2924939]: INF 2026-08-19 01:10:40.072+00:00 Imported blocks                            blockNumber=8036353 slot=1 blocks=8036352 txs=483403238 mgas=26797771 bps=116.1 tps=14708 mgps=860.6 avgBps=278.1 avgTps=16730 avgMGps=927.5 elapsed=8h1m33s
Aug 19 01:11:48 nimbus-eth1-mainnet-long-benchmark[2924939]: INF 2026-08-19 01:11:48.667+00:00 Imported blocks                            blockNumber=8044545 slot=1 blocks=8044544 txs=484461750 mgas=26859224 bps=119.4 tps=15431 mgps=895.9 avgBps=277.8 avgTps=16727 avgMGps=927.4 elapsed=8h2m42s
Aug 19 01:12:57 nimbus-eth1-mainnet-long-benchmark[2924939]: INF 2026-08-19 01:12:57.070+00:00 Imported blocks                            blockNumber=8052737 slot=1 blocks=8052736 txs=485686318 mgas=26916744 bps=119.8 tps=17902 mgps=840.9 avgBps=277.4 avgTps=16730 avgMGps=927.2 elapsed=8h3m50s
Aug 19 01:13:58 nimbus-eth1-mainnet-long-benchmark[2924939]: INF 2026-08-19 01:13:58.949+00:00 Imported blocks                            blockNumber=8060929 slot=1 blocks=8060928 txs=486569669 mgas=26965779 bps=132.4 tps=14275 mgps=792.4 avgBps=277.1 avgTps=16724 avgMGps=926.9 elapsed=8h4m52s
Aug 19 01:15:06 nimbus-eth1-mainnet-long-benchmark[2924939]: INF 2026-08-19 01:15:06.184+00:00 Imported blocks                            blockNumber=8069121 slot=1 blocks=8069120 txs=487663225 mgas=27020717 bps=121.8 tps=16264 mgps=817.1 avgBps=276.7 avgTps=16723 avgMGps=926.6 elapsed=8h5m59s
Aug 19 01:16:19 nimbus-eth1-mainnet-long-benchmark[2924939]: INF 2026-08-19 01:16:19.563+00:00 Imported blocks                            blockNumber=8077313 slot=1 blocks=8077312 txs=488834845 mgas=27079702 bps=111.6 tps=15966 mgps=803.9 avgBps=276.3 avgTps=16721 avgMGps=926.3 elapsed=8h7m13s
Aug 19 01:17:30 nimbus-eth1-mainnet-long-benchmark[2924939]: INF 2026-08-19 01:17:30.062+00:00 Imported blocks                            blockNumber=8085505 slot=1 blocks=8085504 txs=489805789 mgas=27137307 bps=116.2 tps=13772 mgps=817.1 avgBps=275.9 avgTps=16714 avgMGps=926.1 elapsed=8h8m23s
Aug 19 01:18:36 nimbus-eth1-mainnet-long-benchmark[2924939]: INF 2026-08-19 01:18:36.793+00:00 Imported blocks                            blockNumber=8093697 slot=1 blocks=8093696 txs=490824075 mgas=27190483 bps=122.8 tps=15259 mgps=796.9 avgBps=275.6 avgTps=16711 avgMGps=925.8 elapsed=8h9m30s
Aug 19 01:19:41 nimbus-eth1-mainnet-long-benchmark[2924939]: INF 2026-08-19 01:19:41.268+00:00 Imported blocks                            blockNumber=8101889 slot=1 blocks=8101888 txs=491732042 mgas=27242765 bps=127.1 tps=14082 mgps=810.9 avgBps=275.2 avgTps=16705 avgMGps=925.5 elapsed=8h10m34s
Aug 19 01:20:45 nimbus-eth1-mainnet-long-benchmark[2924939]: INF 2026-08-19 01:20:45.383+00:00 Imported blocks                            blockNumber=8110081 slot=1 blocks=8110080 txs=492604535 mgas=27293720 bps=127.8 tps=13609 mgps=794.8 avgBps=274.9 avgTps=16699 avgMGps=925.2 elapsed=8h11m38s
Aug 19 01:21:55 nimbus-eth1-mainnet-long-benchmark[2924939]: INF 2026-08-19 01:21:55.866+00:00 Imported blocks                            blockNumber=8118273 slot=1 blocks=8118272 txs=493621415 mgas=27349160 bps=116.2 tps=14426 mgps=786.5 avgBps=274.5 avgTps=16693 avgMGps=924.9 elapsed=8h12m49s
Aug 19 01:23:03 nimbus-eth1-mainnet-long-benchmark[2924939]: INF 2026-08-19 01:23:03.372+00:00 Imported blocks                            blockNumber=8126465 slot=1 blocks=8126464 txs=494514958 mgas=27402201 bps=121.3 tps=13236 mgps=785.7 avgBps=274.2 avgTps=16685 avgMGps=924.6 elapsed=8h13m56s
Aug 19 01:24:15 nimbus-eth1-mainnet-long-benchmark[2924939]: INF 2026-08-19 01:24:15.635+00:00 Imported blocks                            blockNumber=8134657 slot=1 blocks=8134656 txs=495714779 mgas=27460556 bps=113.4 tps=16603 mgps=807.5 avgBps=273.8 avgTps=16685 avgMGps=924.3 elapsed=8h15m9s
Aug 19 01:25:21 nimbus-eth1-mainnet-long-benchmark[2924939]: INF 2026-08-19 01:25:21.214+00:00 Imported blocks                            blockNumber=8142849 slot=1 blocks=8142848 txs=496587682 mgas=27511060 bps=124.9 tps=13311 mgps=770.1 avgBps=273.5 avgTps=16678 avgMGps=924.0 elapsed=8h16m14s
Aug 19 01:26:25 nimbus-eth1-mainnet-long-benchmark[2924939]: INF 2026-08-19 01:26:25.361+00:00 Imported blocks                            blockNumber=8151041 slot=1 blocks=8151040 txs=497341045 mgas=27559970 bps=127.7 tps=11744 mgps=762.5 avgBps=273.2 avgTps=16667 avgMGps=923.6 elapsed=8h17m18s
Aug 19 01:27:34 nimbus-eth1-mainnet-long-benchmark[2924939]: INF 2026-08-19 01:27:34.748+00:00 Imported blocks                            blockNumber=8159233 slot=1 blocks=8159232 txs=498229886 mgas=27615171 bps=118.1 tps=12809 mgps=795.5 avgBps=272.8 avgTps=16658 avgMGps=923.3 elapsed=8h18m28s
Aug 19 01:28:41 nimbus-eth1-mainnet-long-benchmark[2924939]: INF 2026-08-19 01:28:41.943+00:00 Imported blocks                            blockNumber=8167425 slot=1 blocks=8167424 txs=499588755 mgas=27676825 bps=121.9 tps=20221 mgps=917.5 avgBps=272.5 avgTps=16666 avgMGps=923.3 elapsed=8h19m35s
Aug 19 01:29:53 nimbus-eth1-mainnet-long-benchmark[2924939]: INF 2026-08-19 01:29:53.562+00:00 Imported blocks                            blockNumber=8175617 slot=1 blocks=8175616 txs=500508099 mgas=27734472 bps=114.4 tps=12837 mgps=805.0 avgBps=272.1 avgTps=16657 avgMGps=923.0 elapsed=8h20m47s
Aug 19 01:30:59 nimbus-eth1-mainnet-long-benchmark[2924939]: INF 2026-08-19 01:30:59.317+00:00 Imported blocks                            blockNumber=8183809 slot=1 blocks=8183808 txs=501456408 mgas=27787345 bps=124.6 tps=14421 mgps=804.1 avgBps=271.8 avgTps=16652 avgMGps=922.8 elapsed=8h21m52s
Aug 19 01:31:58 nimbus-eth1-mainnet-long-benchmark[2924939]: INF 2026-08-19 01:31:58.572+00:00 Imported blocks                            blockNumber=8192001 slot=1 blocks=8192000 txs=502194732 mgas=27834091 bps=138.3 tps=12460 mgps=788.9 avgBps=271.5 avgTps=16644 avgMGps=922.5 elapsed=8h22m52s
Aug 19 01:32:56 nimbus-eth1-mainnet-long-benchmark[2924939]: INF 2026-08-19 01:32:56.659+00:00 Imported blocks                            blockNumber=8200193 slot=1 blocks=8200192 txs=502933154 mgas=27879561 bps=141.0 tps=12712 mgps=782.8 avgBps=271.3 avgTps=16636 avgMGps=922.2 elapsed=8h23m50s
Aug 19 01:33:59 nimbus-eth1-mainnet-long-benchmark[2924939]: INF 2026-08-19 01:33:59.202+00:00 Imported blocks                            blockNumber=8208385 slot=1 blocks=8208384 txs=503746151 mgas=27929945 bps=131.0 tps=12999 mgps=805.6 avgBps=271.0 avgTps=16629 avgMGps=922.0 elapsed=8h24m52s
Aug 19 01:34:59 nimbus-eth1-mainnet-long-benchmark[2924939]: INF 2026-08-19 01:34:59.713+00:00 Imported blocks                            blockNumber=8216577 slot=1 blocks=8216576 txs=504752791 mgas=27982317 bps=135.4 tps=16635 mgps=865.5 avgBps=270.7 avgTps=16629 avgMGps=921.9 elapsed=8h25m53s
Aug 19 01:36:08 nimbus-eth1-mainnet-long-benchmark[2924939]: INF 2026-08-19 01:36:08.868+00:00 Imported blocks                            blockNumber=8224769 slot=1 blocks=8224768 txs=505916029 mgas=28041912 bps=118.5 tps=16820 mgps=861.8 avgBps=270.4 avgTps=16629 avgMGps=921.8 elapsed=8h27m2s
Aug 19 01:37:13 nimbus-eth1-mainnet-long-benchmark[2924939]: INF 2026-08-19 01:37:13.087+00:00 Imported blocks                            blockNumber=8232961 slot=1 blocks=8232960 txs=506714790 mgas=28094932 bps=127.6 tps=12437 mgps=825.6 avgBps=270.1 avgTps=16620 avgMGps=921.5 elapsed=8h28m6s
Aug 19 01:38:13 nimbus-eth1-mainnet-long-benchmark[2924939]: INF 2026-08-19 01:38:13.026+00:00 Imported blocks                            blockNumber=8241153 slot=1 blocks=8241152 txs=507412619 mgas=28146893 bps=136.7 tps=11642 mgps=866.9 avgBps=269.8 avgTps=16611 avgMGps=921.4 elapsed=8h29m6s
Aug 19 01:39:17 nimbus-eth1-mainnet-long-benchmark[2924939]: INF 2026-08-19 01:39:17.473+00:00 Imported blocks                            blockNumber=8249345 slot=1 blocks=8249344 txs=508253728 mgas=28198893 bps=127.1 tps=13050 mgps=806.9 avgBps=269.5 avgTps=16603 avgMGps=921.2 elapsed=8h30m10s
Aug 19 01:40:25 nimbus-eth1-mainnet-long-benchmark[2924939]: INF 2026-08-19 01:40:25.712+00:00 Imported blocks                            blockNumber=8257537 slot=1 blocks=8257536 txs=509183921 mgas=28253353 bps=120.0 tps=13631 mgps=798.1 avgBps=269.2 avgTps=16597 avgMGps=920.9 elapsed=8h31m19s
Aug 19 01:41:35 nimbus-eth1-mainnet-long-benchmark[2924939]: INF 2026-08-19 01:41:35.227+00:00 Imported blocks                            blockNumber=8265729 slot=1 blocks=8265728 txs=510159129 mgas=28311576 bps=117.9 tps=14029 mgps=837.6 avgBps=268.8 avgTps=16591 avgMGps=920.7 elapsed=8h32m28s
Aug 19 01:42:42 nimbus-eth1-mainnet-long-benchmark[2924939]: INF 2026-08-19 01:42:42.385+00:00 Imported blocks                            blockNumber=8273921 slot=1 blocks=8273920 txs=511180033 mgas=28367882 bps=122.0 tps=15200 mgps=838.4 avgBps=268.5 avgTps=16588 avgMGps=920.6 elapsed=8h33m35s
Aug 19 01:43:44 nimbus-eth1-mainnet-long-benchmark[2924939]: INF 2026-08-19 01:43:44.088+00:00 Imported blocks                            blockNumber=8282113 slot=1 blocks=8282112 txs=512118559 mgas=28420963 bps=132.8 tps=15210 mgps=860.3 avgBps=268.2 avgTps=16585 avgMGps=920.4 elapsed=8h34m37s
Aug 19 01:44:50 nimbus-eth1-mainnet-long-benchmark[2924939]: INF 2026-08-19 01:44:50.331+00:00 Imported blocks                            blockNumber=8290305 slot=1 blocks=8290304 txs=512939129 mgas=28472944 bps=123.7 tps=12387 mgps=784.7 avgBps=267.9 avgTps=16576 avgMGps=920.1 elapsed=8h35m43s
Aug 19 01:45:58 nimbus-eth1-mainnet-long-benchmark[2924939]: INF 2026-08-19 01:45:58.830+00:00 Imported blocks                            blockNumber=8298497 slot=1 blocks=8298496 txs=513879710 mgas=28531568 bps=119.6 tps=13731 mgps=855.8 avgBps=267.6 avgTps=16570 avgMGps=920.0 elapsed=8h36m52s
Aug 19 01:47:06 nimbus-eth1-mainnet-long-benchmark[2924939]: INF 2026-08-19 01:47:06.453+00:00 Imported blocks                            blockNumber=8306689 slot=1 blocks=8306688 txs=514757556 mgas=28589252 bps=121.1 tps=12981 mgps=853.0 avgBps=267.3 avgTps=16562 avgMGps=919.9 elapsed=8h37m59s
Aug 19 01:48:15 nimbus-eth1-mainnet-long-benchmark[2924939]: INF 2026-08-19 01:48:15.160+00:00 Imported blocks                            blockNumber=8314881 slot=1 blocks=8314880 txs=515671833 mgas=28646490 bps=119.2 tps=13307 mgps=833.1 avgBps=266.9 avgTps=16555 avgMGps=919.7 elapsed=8h39m8s
Aug 19 01:49:19 nimbus-eth1-mainnet-long-benchmark[2924939]: INF 2026-08-19 01:49:19.527+00:00 Imported blocks                            blockNumber=8323073 slot=1 blocks=8323072 txs=516552511 mgas=28698057 bps=127.3 tps=13681 mgps=801.1 avgBps=266.7 avgTps=16549 avgMGps=919.4 elapsed=8h40m13s
Aug 19 01:50:32 nimbus-eth1-mainnet-long-benchmark[2924939]: INF 2026-08-19 01:50:32.414+00:00 Imported blocks                            blockNumber=8331265 slot=1 blocks=8331264 txs=517315644 mgas=28749547 bps=112.4 tps=10470 mgps=706.5 avgBps=266.3 avgTps=16535 avgMGps=918.9 elapsed=8h41m25s
Aug 19 01:51:34 nimbus-eth1-mainnet-long-benchmark[2924939]: INF 2026-08-19 01:51:34.477+00:00 Imported blocks                            blockNumber=8339457 slot=1 blocks=8339456 txs=518151142 mgas=28801662 bps=132.0 tps=13461 mgps=839.7 avgBps=266.0 avgTps=16529 avgMGps=918.8 elapsed=8h42m27s
Aug 19 01:52:40 nimbus-eth1-mainnet-long-benchmark[2924939]: INF 2026-08-19 01:52:40.440+00:00 Imported blocks                            blockNumber=8347649 slot=1 blocks=8347648 txs=519092137 mgas=28855516 bps=124.2 tps=14265 mgps=816.4 avgBps=265.7 avgTps=16524 avgMGps=918.6 elapsed=8h43m33s
Aug 19 01:53:48 nimbus-eth1-mainnet-long-benchmark[2924939]: INF 2026-08-19 01:53:48.779+00:00 Imported blocks                            blockNumber=8355841 slot=1 blocks=8355840 txs=520027257 mgas=28915308 bps=119.9 tps=13684 mgps=875.0 avgBps=265.4 avgTps=16518 avgMGps=918.5 elapsed=8h44m42s
Aug 19 01:54:53 nimbus-eth1-mainnet-long-benchmark[2924939]: INF 2026-08-19 01:54:53.758+00:00 Imported blocks                            blockNumber=8364033 slot=1 blocks=8364032 txs=520876607 mgas=28969933 bps=126.1 tps=13071 mgps=840.7 avgBps=265.1 avgTps=16510 avgMGps=918.3 elapsed=8h45m47s
Aug 19 01:55:56 nimbus-eth1-mainnet-long-benchmark[2924939]: INF 2026-08-19 01:55:56.065+00:00 Imported blocks                            blockNumber=8372225 slot=1 blocks=8372224 txs=521703156 mgas=29020487 bps=131.5 tps=13265 mgps=811.4 avgBps=264.9 avgTps=16504 avgMGps=918.1 elapsed=8h46m49s
Aug 19 01:57:00 nimbus-eth1-mainnet-long-benchmark[2924939]: INF 2026-08-19 01:57:00.612+00:00 Imported blocks                            blockNumber=8380417 slot=1 blocks=8380416 txs=522596515 mgas=29074012 bps=126.9 tps=13839 mgps=829.2 avgBps=264.6 avgTps=16499 avgMGps=917.9 elapsed=8h47m54s
Aug 19 01:58:14 nimbus-eth1-mainnet-long-benchmark[2924939]: INF 2026-08-19 01:58:14.962+00:00 Imported blocks                            blockNumber=8388609 slot=1 blocks=8388608 txs=523546552 mgas=29133682 bps=110.2 tps=12778 mgps=802.6 avgBps=264.2 avgTps=16490 avgMGps=917.6 elapsed=8h49m8s
Aug 19 01:59:21 nimbus-eth1-mainnet-long-benchmark[2924939]: INF 2026-08-19 01:59:21.349+00:00 Imported blocks                            blockNumber=8396801 slot=1 blocks=8396800 txs=524398504 mgas=29192750 bps=123.4 tps=12833 mgps=889.7 avgBps=263.9 avgTps=16482 avgMGps=917.6 elapsed=8h50m14s
Aug 19 02:00:32 nimbus-eth1-mainnet-long-benchmark[2924939]: INF 2026-08-19 02:00:32.292+00:00 Imported blocks                            blockNumber=8404993 slot=1 blocks=8404992 txs=525369820 mgas=29251451 bps=115.5 tps=13691 mgps=827.4 avgBps=263.6 avgTps=16476 avgMGps=917.4 elapsed=8h51m25s
Aug 19 02:01:44 nimbus-eth1-mainnet-long-benchmark[2924939]: INF 2026-08-19 02:01:44.283+00:00 Imported blocks                            blockNumber=8413185 slot=1 blocks=8413184 txs=526327108 mgas=29309317 bps=113.8 tps=13297 mgps=803.8 avgBps=263.3 avgTps=16469 avgMGps=917.1 elapsed=8h52m37s
Aug 19 02:02:47 nimbus-eth1-mainnet-long-benchmark[2924939]: INF 2026-08-19 02:02:47.110+00:00 Imported blocks                            blockNumber=8421377 slot=1 blocks=8421376 txs=527166073 mgas=29366866 bps=130.4 tps=13354 mgps=916.1 avgBps=263.0 avgTps=16463 avgMGps=917.1 elapsed=8h53m40s
Aug 19 02:03:47 nimbus-eth1-mainnet-long-benchmark[2924939]: INF 2026-08-19 02:03:47.173+00:00 Imported blocks                            blockNumber=8429569 slot=1 blocks=8429568 txs=528059369 mgas=29427971 bps=136.4 tps=14871 mgps=1017 avgBps=262.8 avgTps=16460 avgMGps=917.3 elapsed=8h54m40s
Aug 19 02:04:55 nimbus-eth1-mainnet-long-benchmark[2924939]: INF 2026-08-19 02:04:55.188+00:00 Imported blocks                            blockNumber=8437761 slot=1 blocks=8437760 txs=529053207 mgas=29487780 bps=120.4 tps=14612 mgps=879.4 avgBps=262.5 avgTps=16456 avgMGps=917.2 elapsed=8h55m48s
Aug 19 02:06:05 nimbus-eth1-mainnet-long-benchmark[2924939]: INF 2026-08-19 02:06:05.319+00:00 Imported blocks                            blockNumber=8445953 slot=1 blocks=8445952 txs=530018020 mgas=29548570 bps=116.8 tps=13757 mgps=866.8 avgBps=262.1 avgTps=16450 avgMGps=917.1 elapsed=8h56m58s
Aug 19 02:07:10 nimbus-eth1-mainnet-long-benchmark[2924939]: INF 2026-08-19 02:07:10.338+00:00 Imported blocks                            blockNumber=8454145 slot=1 blocks=8454144 txs=530857067 mgas=29608227 bps=126.0 tps=12905 mgps=917.6 avgBps=261.9 avgTps=16443 avgMGps=917.1 elapsed=8h58m3s
Aug 19 02:08:13 nimbus-eth1-mainnet-long-benchmark[2924939]: INF 2026-08-19 02:08:13.469+00:00 Imported blocks                            blockNumber=8462337 slot=1 blocks=8462336 txs=531711104 mgas=29667600 bps=129.8 tps=13527 mgps=940.4 avgBps=261.6 avgTps=16437 avgMGps=917.2 elapsed=8h59m6s
Aug 19 02:09:19 nimbus-eth1-mainnet-long-benchmark[2924939]: INF 2026-08-19 02:09:19.836+00:00 Imported blocks                            blockNumber=8470529 slot=1 blocks=8470528 txs=532681339 mgas=29727791 bps=123.4 tps=14619 mgps=907.0 avgBps=261.3 avgTps=16434 avgMGps=917.1 elapsed=9h13s357ms
Aug 19 02:10:26 nimbus-eth1-mainnet-long-benchmark[2924939]: INF 2026-08-19 02:10:26.139+00:00 Imported blocks                            blockNumber=8478721 slot=1 blocks=8478720 txs=533669681 mgas=29789592 bps=123.6 tps=14907 mgps=932.1 avgBps=261.0 avgTps=16430 avgMGps=917.2 elapsed=9h1m19s
Aug 19 02:11:27 nimbus-eth1-mainnet-long-benchmark[2924939]: INF 2026-08-19 02:11:27.274+00:00 Imported blocks                            blockNumber=8486913 slot=1 blocks=8486912 txs=534497845 mgas=29850879 bps=134.0 tps=13546 mgps=1002 avgBps=260.8 avgTps=16425 avgMGps=917.3 elapsed=9h2m20s
Aug 19 02:12:31 nimbus-eth1-mainnet-long-benchmark[2924939]: INF 2026-08-19 02:12:31.233+00:00 Imported blocks                            blockNumber=8495105 slot=1 blocks=8495104 txs=535500344 mgas=29912902 bps=128.1 tps=15674 mgps=969.7 avgBps=260.5 avgTps=16423 avgMGps=917.4 elapsed=9h3m24s
Aug 19 02:13:33 nimbus-eth1-mainnet-long-benchmark[2924939]: INF 2026-08-19 02:13:33.760+00:00 Imported blocks                            blockNumber=8503297 slot=1 blocks=8503296 txs=536490123 mgas=29974730 bps=131.0 tps=15828 mgps=988.8 avgBps=260.3 avgTps=16422 avgMGps=917.6 elapsed=9h4m27s
Aug 19 02:14:31 nimbus-eth1-mainnet-long-benchmark[2924939]: INF 2026-08-19 02:14:31.603+00:00 Imported blocks                            blockNumber=8511489 slot=1 blocks=8511488 txs=537325435 mgas=30036575 bps=141.6 tps=14441 mgps=1069 avgBps=260.1 avgTps=16419 avgMGps=917.8 elapsed=9h5m25s
Aug 19 02:15:30 nimbus-eth1-mainnet-long-benchmark[2924939]: INF 2026-08-19 02:15:30.118+00:00 Imported blocks                            blockNumber=8519681 slot=1 blocks=8519680 txs=538214904 mgas=30098255 bps=140.0 tps=15200 mgps=1054 avgBps=259.9 avgTps=16417 avgMGps=918.1 elapsed=9h6m23s
Aug 19 02:16:30 nimbus-eth1-mainnet-long-benchmark[2924939]: INF 2026-08-19 02:16:30.093+00:00 Imported blocks                            blockNumber=8527873 slot=1 blocks=8527872 txs=539180251 mgas=30159640 bps=136.6 tps=16095 mgps=1023 avgBps=259.7 avgTps=16416 avgMGps=918.3 elapsed=9h7m23s
Aug 19 02:17:30 nimbus-eth1-mainnet-long-benchmark[2924939]: INF 2026-08-19 02:17:30.812+00:00 Imported blocks                            blockNumber=8536065 slot=1 blocks=8536064 txs=540111303 mgas=30221233 bps=134.9 tps=15333 mgps=1014 avgBps=259.4 avgTps=16414 avgMGps=918.5 elapsed=9h8m24s
Aug 19 02:18:26 nimbus-eth1-mainnet-long-benchmark[2924939]: INF 2026-08-19 02:18:26.831+00:00 Imported blocks                            blockNumber=8544257 slot=1 blocks=8544256 txs=540865351 mgas=30282863 bps=146.2 tps=13460 mgps=1100 avgBps=259.2 avgTps=16409 avgMGps=918.8 elapsed=9h9m20s
Aug 19 02:19:25 nimbus-eth1-mainnet-long-benchmark[2924939]: INF 2026-08-19 02:19:25.982+00:00 Imported blocks                            blockNumber=8552449 slot=1 blocks=8552448 txs=541669096 mgas=30344824 bps=138.5 tps=13588 mgps=1047 avgBps=259.0 avgTps=16404 avgMGps=919.0 elapsed=9h10m19s
Aug 19 02:20:29 nimbus-eth1-mainnet-long-benchmark[2924939]: INF 2026-08-19 02:20:29.225+00:00 Imported blocks                            blockNumber=8560641 slot=1 blocks=8560640 txs=542608372 mgas=30408355 bps=129.5 tps=14852 mgps=1004 avgBps=258.8 avgTps=16401 avgMGps=919.2 elapsed=9h11m22s
Aug 19 02:21:32 nimbus-eth1-mainnet-long-benchmark[2924939]: INF 2026-08-19 02:21:32.004+00:00 Imported blocks                            blockNumber=8568833 slot=1 blocks=8568832 txs=543459789 mgas=30474279 bps=130.5 tps=13562 mgps=1050 avgBps=258.5 avgTps=16396 avgMGps=919.4 elapsed=9h12m25s
Aug 19 02:22:34 nimbus-eth1-mainnet-long-benchmark[2924939]: INF 2026-08-19 02:22:34.415+00:00 Imported blocks                            blockNumber=8577025 slot=1 blocks=8577024 txs=544300838 mgas=30539902 bps=131.3 tps=13475 mgps=1051 avgBps=258.3 avgTps=16390 avgMGps=919.7 elapsed=9h13m27s
Aug 19 02:23:43 nimbus-eth1-mainnet-long-benchmark[2924939]: INF 2026-08-19 02:23:43.466+00:00 Imported blocks                            blockNumber=8585217 slot=1 blocks=8585216 txs=545292990 mgas=30613125 bps=118.6 tps=14368 mgps=1060 avgBps=258.0 avgTps=16386 avgMGps=919.9 elapsed=9h14m36s
Aug 19 02:24:48 nimbus-eth1-mainnet-long-benchmark[2924939]: INF 2026-08-19 02:24:48.701+00:00 Imported blocks                            blockNumber=8593409 slot=1 blocks=8593408 txs=546110449 mgas=30691004 bps=125.6 tps=12530 mgps=1193 avgBps=257.7 avgTps=16378 avgMGps=920.5 elapsed=9h15m42s
Aug 19 02:25:54 nimbus-eth1-mainnet-long-benchmark[2924939]: INF 2026-08-19 02:25:54.096+00:00 Imported blocks                            blockNumber=8601601 slot=1 blocks=8601600 txs=546809468 mgas=30767632 bps=125.3 tps=10689 mgps=1171 avgBps=257.5 avgTps=16367 avgMGps=921.0 elapsed=9h16m47s
Aug 19 02:26:59 nimbus-eth1-mainnet-long-benchmark[2924939]: INF 2026-08-19 02:26:59.299+00:00 Imported blocks                            blockNumber=8609793 slot=1 blocks=8609792 txs=547621401 mgas=30845690 bps=125.6 tps=12452 mgps=1197 avgBps=257.2 avgTps=16360 avgMGps=921.5 elapsed=9h17m52s
Aug 19 02:28:14 nimbus-eth1-mainnet-long-benchmark[2924939]: INF 2026-08-19 02:28:14.989+00:00 Imported blocks                            blockNumber=8617985 slot=1 blocks=8617984 txs=548570794 mgas=30923161 bps=108.2 tps=12543 mgps=1023 avgBps=256.9 avgTps=16351 avgMGps=921.7 elapsed=9h19m8s
Aug 19 02:29:26 nimbus-eth1-mainnet-long-benchmark[2924939]: INF 2026-08-19 02:29:26.036+00:00 Imported blocks                            blockNumber=8626177 slot=1 blocks=8626176 txs=549440258 mgas=30998955 bps=115.3 tps=12237 mgps=1066 avgBps=256.6 avgTps=16342 avgMGps=922.1 elapsed=9h20m19s
Aug 19 02:30:30 nimbus-eth1-mainnet-long-benchmark[2924939]: INF 2026-08-19 02:30:30.751+00:00 Imported blocks                            blockNumber=8634369 slot=1 blocks=8634368 txs=550180147 mgas=31073142 bps=126.6 tps=11432 mgps=1146 avgBps=256.3 avgTps=16333 avgMGps=922.5 elapsed=9h21m24s
Aug 19 02:31:40 nimbus-eth1-mainnet-long-benchmark[2924939]: INF 2026-08-19 02:31:40.018+00:00 Imported blocks                            blockNumber=8642561 slot=1 blocks=8642560 txs=550999073 mgas=31150828 bps=118.3 tps=11823 mgps=1121 avgBps=256.0 avgTps=16324 avgMGps=922.9 elapsed=9h22m33s
Aug 19 02:32:51 nimbus-eth1-mainnet-long-benchmark[2924939]: INF 2026-08-19 02:32:51.245+00:00 Imported blocks                            blockNumber=8650753 slot=1 blocks=8650752 txs=551824997 mgas=31228854 bps=115.0 tps=11595 mgps=1095 avgBps=255.8 avgTps=16314 avgMGps=923.3 elapsed=9h23m44s
Aug 19 02:34:10 nimbus-eth1-mainnet-long-benchmark[2924939]: INF 2026-08-19 02:34:10.304+00:00 Imported blocks                            blockNumber=8658945 slot=1 blocks=8658944 txs=552637144 mgas=31299247 bps=103.6 tps=10272 mgps=890.4 avgBps=255.4 avgTps=16300 avgMGps=923.2 elapsed=9h25m3s
Aug 19 02:35:21 nimbus-eth1-mainnet-long-benchmark[2924939]: INF 2026-08-19 02:35:21.010+00:00 Imported blocks                            blockNumber=8667137 slot=1 blocks=8667136 txs=553422817 mgas=31360818 bps=115.9 tps=11112 mgps=870.8 avgBps=255.1 avgTps=16289 avgMGps=923.1 elapsed=9h26m14s
Aug 19 02:36:29 nimbus-eth1-mainnet-long-benchmark[2924939]: INF 2026-08-19 02:36:29.625+00:00 Imported blocks                            blockNumber=8675329 slot=1 blocks=8675328 txs=554239359 mgas=31426600 bps=119.4 tps=11900 mgps=958.7 avgBps=254.8 avgTps=16280 avgMGps=923.1 elapsed=9h27m23s
Aug 19 02:37:35 nimbus-eth1-mainnet-long-benchmark[2924939]: INF 2026-08-19 02:37:35.160+00:00 Imported blocks                            blockNumber=8683521 slot=1 blocks=8683520 txs=554997332 mgas=31480604 bps=125.0 tps=11565 mgps=824.0 avgBps=254.6 avgTps=16271 avgMGps=922.9 elapsed=9h28m28s
Aug 19 02:38:36 nimbus-eth1-mainnet-long-benchmark[2924939]: INF 2026-08-19 02:38:36.147+00:00 Imported blocks                            blockNumber=8691713 slot=1 blocks=8691712 txs=555680661 mgas=31532851 bps=134.3 tps=11204 mgps=856.7 avgBps=254.4 avgTps=16262 avgMGps=922.8 elapsed=9h29m29s
Aug 19 02:39:42 nimbus-eth1-mainnet-long-benchmark[2924939]: INF 2026-08-19 02:39:42.558+00:00 Imported blocks                            blockNumber=8699905 slot=1 blocks=8699904 txs=556529783 mgas=31588510 bps=123.4 tps=12786 mgps=838.1 avgBps=254.1 avgTps=16255 avgMGps=922.7 elapsed=9h30m36s
Aug 19 02:40:53 nimbus-eth1-mainnet-long-benchmark[2924939]: INF 2026-08-19 02:40:53.909+00:00 Imported blocks                            blockNumber=8708097 slot=1 blocks=8708096 txs=557505249 mgas=31647773 bps=114.8 tps=13671 mgps=830.6 avgBps=253.8 avgTps=16250 avgMGps=922.5 elapsed=9h31m47s
Aug 19 02:42:04 nimbus-eth1-mainnet-long-benchmark[2924939]: INF 2026-08-19 02:42:04.312+00:00 Imported blocks                            blockNumber=8716289 slot=1 blocks=8716288 txs=558418250 mgas=31706815 bps=116.4 tps=12967 mgps=838.6 avgBps=253.5 avgTps=16243 avgMGps=922.3 elapsed=9h32m57s
Aug 19 02:43:09 nimbus-eth1-mainnet-long-benchmark[2924939]: INF 2026-08-19 02:43:09.687+00:00 Imported blocks                            blockNumber=8724481 slot=1 blocks=8724480 txs=559287228 mgas=31761096 bps=125.3 tps=13292 mgps=830.3 avgBps=253.3 avgTps=16237 avgMGps=922.1 elapsed=9h34m3s
Aug 19 02:44:10 nimbus-eth1-mainnet-long-benchmark[2924939]: INF 2026-08-19 02:44:10.102+00:00 Imported blocks                            blockNumber=8732673 slot=1 blocks=8732672 txs=560092619 mgas=31810591 bps=135.6 tps=13331 mgps=819.3 avgBps=253.1 avgTps=16232 avgMGps=921.9 elapsed=9h35m3s
Aug 19 02:45:13 nimbus-eth1-mainnet-long-benchmark[2924939]: INF 2026-08-19 02:45:13.501+00:00 Imported blocks                            blockNumber=8740865 slot=1 blocks=8740864 txs=560905599 mgas=31863152 bps=129.2 tps=12823 mgps=829.1 avgBps=252.9 avgTps=16226 avgMGps=921.8 elapsed=9h36m7s
Aug 19 02:46:17 nimbus-eth1-mainnet-long-benchmark[2924939]: INF 2026-08-19 02:46:17.244+00:00 Imported blocks                            blockNumber=8749057 slot=1 blocks=8749056 txs=561727965 mgas=31915818 bps=128.5 tps=12901 mgps=826.2 avgBps=252.6 avgTps=16220 avgMGps=921.6 elapsed=9h37m10s
Aug 19 02:47:24 nimbus-eth1-mainnet-long-benchmark[2924939]: INF 2026-08-19 02:47:24.243+00:00 Imported blocks                            blockNumber=8757249 slot=1 blocks=8757248 txs=562647529 mgas=31971917 bps=122.3 tps=13725 mgps=837.3 avgBps=252.4 avgTps=16215 avgMGps=921.4 elapsed=9h38m17s
Aug 19 02:48:33 nimbus-eth1-mainnet-long-benchmark[2924939]: INF 2026-08-19 02:48:33.762+00:00 Imported blocks                            blockNumber=8765441 slot=1 blocks=8765440 txs=563615545 mgas=32029794 bps=117.8 tps=13923 mgps=832.5 avgBps=252.1 avgTps=16211 avgMGps=921.3 elapsed=9h39m27s
Aug 19 02:49:35 nimbus-eth1-mainnet-long-benchmark[2924939]: INF 2026-08-19 02:49:35.285+00:00 Imported blocks                            blockNumber=8773633 slot=1 blocks=8773632 txs=564475698 mgas=32081275 bps=133.2 tps=13980 mgps=836.8 avgBps=251.9 avgTps=16207 avgMGps=921.1 elapsed=9h40m28s
Aug 19 02:50:32 nimbus-eth1-mainnet-long-benchmark[2924939]: INF 2026-08-19 02:50:32.656+00:00 Imported blocks                            blockNumber=8781825 slot=1 blocks=8781824 txs=565266566 mgas=32128533 bps=142.8 tps=13784 mgps=823.7 avgBps=251.7 avgTps=16203 avgMGps=921.0 elapsed=9h41m26s
Aug 19 02:51:37 nimbus-eth1-mainnet-long-benchmark[2924939]: INF 2026-08-19 02:51:37.035+00:00 Imported blocks                            blockNumber=8790017 slot=1 blocks=8790016 txs=566209398 mgas=32182071 bps=127.3 tps=14645 mgps=831.6 avgBps=251.5 avgTps=16200 avgMGps=920.8 elapsed=9h42m30s
Aug 19 02:52:48 nimbus-eth1-mainnet-long-benchmark[2924939]: INF 2026-08-19 02:52:48.405+00:00 Imported blocks                            blockNumber=8798209 slot=1 blocks=8798208 txs=567150092 mgas=32243757 bps=114.8 tps=13180 mgps=864.3 avgBps=251.2 avgTps=16194 avgMGps=920.7 elapsed=9h43m41s
Aug 19 02:53:55 nimbus-eth1-mainnet-long-benchmark[2924939]: INF 2026-08-19 02:53:55.380+00:00 Imported blocks                            blockNumber=8806401 slot=1 blocks=8806400 txs=568036019 mgas=32305416 bps=122.3 tps=13227 mgps=920.6 avgBps=251.0 avgTps=16188 avgMGps=920.7 elapsed=9h44m48s
Aug 19 02:55:09 nimbus-eth1-mainnet-long-benchmark[2924939]: INF 2026-08-19 02:55:09.063+00:00 Imported blocks                            blockNumber=8814593 slot=1 blocks=8814592 txs=569074048 mgas=32366785 bps=111.2 tps=14087 mgps=832.9 avgBps=250.7 avgTps=16184 avgMGps=920.5 elapsed=9h46m2s
Aug 19 02:56:12 nimbus-eth1-mainnet-long-benchmark[2924939]: INF 2026-08-19 02:56:12.842+00:00 Imported blocks                            blockNumber=8822785 slot=1 blocks=8822784 txs=569953841 mgas=32418931 bps=128.4 tps=13794 mgps=817.6 avgBps=250.5 avgTps=16179 avgMGps=920.3 elapsed=9h47m6s
Aug 19 02:57:20 nimbus-eth1-mainnet-long-benchmark[2924939]: INF 2026-08-19 02:57:20.749+00:00 Imported blocks                            blockNumber=8830977 slot=1 blocks=8830976 txs=570832350 mgas=32474628 bps=120.6 tps=12936 mgps=820.2 avgBps=250.2 avgTps=16173 avgMGps=920.1 elapsed=9h48m14s
Aug 19 02:58:43 nimbus-eth1-mainnet-long-benchmark[2924939]: INF 2026-08-19 02:58:43.320+00:00 Imported blocks                            blockNumber=8839169 slot=1 blocks=8839168 txs=571797086 mgas=32537170 bps=99.21 tps=11683 mgps=757.4 avgBps=249.9 avgTps=16163 avgMGps=919.7 elapsed=9h49m36s
Aug 19 03:00:02 nimbus-eth1-mainnet-long-benchmark[2924939]: INF 2026-08-19 03:00:02.942+00:00 Imported blocks                            blockNumber=8847361 slot=1 blocks=8847360 txs=572794000 mgas=32598761 bps=102.9 tps=12521 mgps=773.6 avgBps=249.5 avgTps=16154 avgMGps=919.4 elapsed=9h50m56s
Aug 19 03:01:06 nimbus-eth1-mainnet-long-benchmark[2924939]: INF 2026-08-19 03:01:06.221+00:00 Imported blocks                            blockNumber=8855553 slot=1 blocks=8855552 txs=573679028 mgas=32653888 bps=129.5 tps=13985 mgps=871.1 avgBps=249.3 avgTps=16150 avgMGps=919.3 elapsed=9h51m59s
Aug 19 03:02:11 nimbus-eth1-mainnet-long-benchmark[2924939]: INF 2026-08-19 03:02:11.648+00:00 Imported blocks                            blockNumber=8863745 slot=1 blocks=8863744 txs=574470551 mgas=32709193 bps=125.2 tps=12097 mgps=845.3 avgBps=249.1 avgTps=16143 avgMGps=919.2 elapsed=9h53m5s
Aug 19 03:03:33 nimbus-eth1-mainnet-long-benchmark[2924939]: INF 2026-08-19 03:03:33.011+00:00 Imported blocks                            blockNumber=8871937 slot=1 blocks=8871936 txs=575320438 mgas=32772979 bps=100.7 tps=10445 mgps=784.0 avgBps=248.7 avgTps=16130 avgMGps=918.9 elapsed=9h54m26s
Aug 19 03:04:46 nimbus-eth1-mainnet-long-benchmark[2924939]: INF 2026-08-19 03:04:46.686+00:00 Imported blocks                            blockNumber=8880129 slot=1 blocks=8880128 txs=576222811 mgas=32833992 bps=111.2 tps=12248 mgps=828.2 avgBps=248.5 avgTps=16122 avgMGps=918.7 elapsed=9h55m40s
Aug 19 03:05:58 nimbus-eth1-mainnet-long-benchmark[2924939]: INF 2026-08-19 03:05:58.505+00:00 Imported blocks                            blockNumber=8888321 slot=1 blocks=8888320 txs=577164198 mgas=32893419 bps=114.1 tps=13107 mgps=827.4 avgBps=248.2 avgTps=16116 avgMGps=918.5 elapsed=9h56m52s
Aug 19 03:07:21 nimbus-eth1-mainnet-long-benchmark[2924939]: INF 2026-08-19 03:07:21.651+00:00 Imported blocks                            blockNumber=8896513 slot=1 blocks=8896512 txs=578297312 mgas=32957285 bps=98.52 tps=13627 mgps=768.1 avgBps=247.8 avgTps=16110 avgMGps=918.2 elapsed=9h58m15s
Aug 19 03:08:46 nimbus-eth1-mainnet-long-benchmark[2924939]: INF 2026-08-19 03:08:46.870+00:00 Imported blocks                            blockNumber=8904705 slot=1 blocks=8904704 txs=579099874 mgas=33021012 bps=96.13 tps=9417 mgps=747.8 avgBps=247.5 avgTps=16094 avgMGps=917.8 elapsed=9h59m40s
Aug 19 03:10:08 nimbus-eth1-mainnet-long-benchmark[2924939]: INF 2026-08-19 03:10:08.865+00:00 Imported blocks                            blockNumber=8912897 slot=1 blocks=8912896 txs=579945319 mgas=33082422 bps=99.91 tps=10310 mgps=748.9 avgBps=247.2 avgTps=16081 avgMGps=917.4 elapsed=10h1m2s
Aug 19 03:11:33 nimbus-eth1-mainnet-long-benchmark[2924939]: INF 2026-08-19 03:11:33.439+00:00 Imported blocks                            blockNumber=8921089 slot=1 blocks=8921088 txs=580962928 mgas=33147452 bps=96.86 tps=12032 mgps=768.9 avgBps=246.8 avgTps=16072 avgMGps=917.0 elapsed=10h2m26s
Aug 19 03:12:54 nimbus-eth1-mainnet-long-benchmark[2924939]: INF 2026-08-19 03:12:54.186+00:00 Imported blocks                            blockNumber=8929281 slot=1 blocks=8929280 txs=581870853 mgas=33211016 bps=101.5 tps=11244 mgps=787.2 avgBps=246.5 avgTps=16061 avgMGps=916.7 elapsed=10h3m47s
Aug 19 03:14:18 nimbus-eth1-mainnet-long-benchmark[2924939]: INF 2026-08-19 03:14:18.829+00:00 Imported blocks                            blockNumber=8937473 slot=1 blocks=8937472 txs=582838655 mgas=33277249 bps=96.78 tps=11433 mgps=782.5 avgBps=246.1 avgTps=16050 avgMGps=916.4 elapsed=10h5m12s
Aug 19 03:15:43 nimbus-eth1-mainnet-long-benchmark[2924939]: INF 2026-08-19 03:15:43.015+00:00 Imported blocks                            blockNumber=8945665 slot=1 blocks=8945664 txs=583736137 mgas=33342595 bps=97.31 tps=10660 mgps=776.2 avgBps=245.8 avgTps=16038 avgMGps=916.1 elapsed=10h6m36s
Aug 19 03:16:54 nimbus-eth1-mainnet-long-benchmark[2924939]: INF 2026-08-19 03:16:54.494+00:00 Imported blocks                            blockNumber=8953857 slot=1 blocks=8953856 txs=584486354 mgas=33407599 bps=114.6 tps=10495 mgps=909.4 avgBps=245.5 avgTps=16027 avgMGps=916.1 elapsed=10h7m48s
Aug 19 03:18:18 nimbus-eth1-mainnet-long-benchmark[2924939]: INF 2026-08-19 03:18:18.381+00:00 Imported blocks                            blockNumber=8962049 slot=1 blocks=8962048 txs=585573348 mgas=33475102 bps=97.65 tps=12957 mgps=804.7 avgBps=245.2 avgTps=16020 avgMGps=915.8 elapsed=10h9m11s
Aug 19 03:19:37 nimbus-eth1-mainnet-long-benchmark[2924939]: INF 2026-08-19 03:19:37.275+00:00 Imported blocks                            blockNumber=8970241 slot=1 blocks=8970240 txs=586525061 mgas=33541339 bps=103.8 tps=12062 mgps=839.6 avgBps=244.9 avgTps=16011 avgMGps=915.7 elapsed=10h10m30s
Aug 19 03:20:55 nimbus-eth1-mainnet-long-benchmark[2924939]: INF 2026-08-19 03:20:55.126+00:00 Imported blocks                            blockNumber=8978433 slot=1 blocks=8978432 txs=587506244 mgas=33610607 bps=105.2 tps=12604 mgps=889.8 avgBps=244.6 avgTps=16004 avgMGps=915.6 elapsed=10h11m48s
Aug 19 03:22:24 nimbus-eth1-mainnet-long-benchmark[2924939]: INF 2026-08-19 03:22:24.777+00:00 Imported blocks                            blockNumber=8986625 slot=1 blocks=8986624 txs=588561834 mgas=33678880 bps=91.38 tps=11774 mgps=761.5 avgBps=244.2 avgTps=15994 avgMGps=915.2 elapsed=10h13m18s
Aug 19 03:23:39 nimbus-eth1-mainnet-long-benchmark[2924939]: INF 2026-08-19 03:23:39.459+00:00 Imported blocks                            blockNumber=8994817 slot=1 blocks=8994816 txs=589342551 mgas=33735713 bps=109.7 tps=10453 mgps=761.0 avgBps=243.9 avgTps=15983 avgMGps=914.9 elapsed=10h14m32s
Aug 19 03:25:05 nimbus-eth1-mainnet-long-benchmark[2924939]: INF 2026-08-19 03:25:05.414+00:00 Imported blocks                            blockNumber=9003009 slot=1 blocks=9003008 txs=590379356 mgas=33808718 bps=95.31 tps=12063 mgps=849.4 avgBps=243.6 avgTps=15973 avgMGps=914.8 elapsed=10h15m58s
Aug 19 03:26:28 nimbus-eth1-mainnet-long-benchmark[2924939]: INF 2026-08-19 03:26:28.117+00:00 Imported blocks                            blockNumber=9011201 slot=1 blocks=9011200 txs=591391578 mgas=33880174 bps=99.05 tps=12238 mgps=864.0 avgBps=243.3 avgTps=15965 avgMGps=914.7 elapsed=10h17m21s
Aug 19 03:27:48 nimbus-eth1-mainnet-long-benchmark[2924939]: INF 2026-08-19 03:27:48.955+00:00 Imported blocks                            blockNumber=9019393 slot=1 blocks=9019392 txs=592265820 mgas=33951722 bps=101.3 tps=10814 mgps=885.1 avgBps=243.0 avgTps=15954 avgMGps=914.6 elapsed=10h18m42s
Aug 19 03:29:10 nimbus-eth1-mainnet-long-benchmark[2924939]: INF 2026-08-19 03:29:10.450+00:00 Imported blocks                            blockNumber=9027585 slot=1 blocks=9027584 txs=593237068 mgas=34018514 bps=100.5 tps=11918 mgps=819.6 avgBps=242.7 avgTps=15945 avgMGps=914.4 elapsed=10h20m3s
Aug 19 03:30:29 nimbus-eth1-mainnet-long-benchmark[2924939]: INF 2026-08-19 03:30:29.545+00:00 Imported blocks                            blockNumber=9035777 slot=1 blocks=9035776 txs=594077170 mgas=34083109 bps=103.6 tps=10621 mgps=816.7 avgBps=242.4 avgTps=15934 avgMGps=914.2 elapsed=10h21m23s
Aug 19 03:31:48 nimbus-eth1-mainnet-long-benchmark[2924939]: INF 2026-08-19 03:31:48.604+00:00 Imported blocks                            blockNumber=9043969 slot=1 blocks=9043968 txs=595071340 mgas=34148044 bps=103.6 tps=12574 mgps=821.3 avgBps=242.1 avgTps=15927 avgMGps=914.0 elapsed=10h22m42s
Aug 19 03:33:09 nimbus-eth1-mainnet-long-benchmark[2924939]: INF 2026-08-19 03:33:08.998+00:00 Imported blocks                            blockNumber=9052161 slot=1 blocks=9052160 txs=595960031 mgas=34213427 bps=101.9 tps=11054 mgps=813.3 avgBps=241.8 avgTps=15916 avgMGps=913.8 elapsed=10h24m2s
Aug 19 03:34:20 nimbus-eth1-mainnet-long-benchmark[2924939]: INF 2026-08-19 03:34:20.661+00:00 Imported blocks                            blockNumber=9060353 slot=1 blocks=9060352 txs=596902275 mgas=34270816 bps=114.3 tps=13148 mgps=800.8 avgBps=241.5 avgTps=15911 avgMGps=913.5 elapsed=10h25m14s
Aug 19 03:35:20 nimbus-eth1-mainnet-long-benchmark[2924939]: INF 2026-08-19 03:35:20.780+00:00 Imported blocks                            blockNumber=9068545 slot=1 blocks=9068544 txs=597603928 mgas=34318895 bps=136.3 tps=11670 mgps=799.7 avgBps=241.3 avgTps=15904 avgMGps=913.4 elapsed=10h26m14s
Aug 19 03:36:31 nimbus-eth1-mainnet-long-benchmark[2924939]: INF 2026-08-19 03:36:31.483+00:00 Imported blocks                            blockNumber=9076737 slot=1 blocks=9076736 txs=598358726 mgas=34379920 bps=115.9 tps=10675 mgps=863.1 avgBps=241.1 avgTps=15894 avgMGps=913.3 elapsed=10h27m25s
Aug 19 03:37:47 nimbus-eth1-mainnet-long-benchmark[2924939]: INF 2026-08-19 03:37:47.930+00:00 Imported blocks                            blockNumber=9084929 slot=1 blocks=9084928 txs=599267208 mgas=34445258 bps=107.2 tps=11884 mgps=854.7 avgBps=240.8 avgTps=15886 avgMGps=913.1 elapsed=10h28m41s
Aug 19 03:39:11 nimbus-eth1-mainnet-long-benchmark[2924939]: INF 2026-08-19 03:39:11.372+00:00 Imported blocks                            blockNumber=9093121 slot=1 blocks=9093120 txs=600165917 mgas=34514085 bps=98.17 tps=10770 mgps=824.8 avgBps=240.5 avgTps=15875 avgMGps=913.0 elapsed=10h30m4s
Aug 19 03:40:29 nimbus-eth1-mainnet-long-benchmark[2924939]: INF 2026-08-19 03:40:29.519+00:00 Imported blocks                            blockNumber=9101313 slot=1 blocks=9101312 txs=601112939 mgas=34583847 bps=104.8 tps=12118 mgps=892.7 avgBps=240.2 avgTps=15867 avgMGps=912.9 elapsed=10h31m23s
Aug 19 03:41:45 nimbus-eth1-mainnet-long-benchmark[2924939]: INF 2026-08-19 03:41:45.146+00:00 Imported blocks                            blockNumber=9109505 slot=1 blocks=9109504 txs=601968624 mgas=34648762 bps=108.3 tps=11315 mgps=858.4 avgBps=240.0 avgTps=15858 avgMGps=912.8 elapsed=10h32m38s
Aug 19 03:43:06 nimbus-eth1-mainnet-long-benchmark[2924939]: INF 2026-08-19 03:43:06.613+00:00 Imported blocks                            blockNumber=9117697 slot=1 blocks=9117696 txs=602905134 mgas=34717356 bps=100.6 tps=11495 mgps=842.0 avgBps=239.7 avgTps=15849 avgMGps=912.7 elapsed=10h34m134ms
Aug 19 03:44:35 nimbus-eth1-mainnet-long-benchmark[2924939]: INF 2026-08-19 03:44:35.227+00:00 Imported blocks                            blockNumber=9125889 slot=1 blocks=9125888 txs=604015791 mgas=34791549 bps=92.44 tps=12533 mgps=837.2 avgBps=239.3 avgTps=15841 avgMGps=912.5 elapsed=10h35m28s
Aug 19 03:46:02 nimbus-eth1-mainnet-long-benchmark[2924939]: INF 2026-08-19 03:46:02.278+00:00 Imported blocks                            blockNumber=9134081 slot=1 blocks=9134080 txs=604989811 mgas=34863242 bps=94.11 tps=11189 mgps=823.6 avgBps=239.0 avgTps=15830 avgMGps=912.3 elapsed=10h36m55s
Aug 19 03:47:28 nimbus-eth1-mainnet-long-benchmark[2924939]: INF 2026-08-19 03:47:28.396+00:00 Imported blocks                            blockNumber=9142273 slot=1 blocks=9142272 txs=605961717 mgas=34932520 bps=95.12 tps=11285 mgps=804.4 avgBps=238.7 avgTps=15820 avgMGps=912.0 elapsed=10h38m21s
Aug 19 03:48:53 nimbus-eth1-mainnet-long-benchmark[2924939]: INF 2026-08-19 03:48:53.115+00:00 Imported blocks                            blockNumber=9150465 slot=1 blocks=9150464 txs=606902368 mgas=34999882 bps=96.69 tps=11102 mgps=795.1 avgBps=238.4 avgTps=15810 avgMGps=911.8 elapsed=10h39m46s
Aug 19 03:50:19 nimbus-eth1-mainnet-long-benchmark[2924939]: INF 2026-08-19 03:50:19.686+00:00 Imported blocks                            blockNumber=9158657 slot=1 blocks=9158656 txs=607833687 mgas=35067652 bps=94.63 tps=10758 mgps=782.8 avgBps=238.1 avgTps=15798 avgMGps=911.5 elapsed=10h41m13s
Aug 19 03:51:48 nimbus-eth1-mainnet-long-benchmark[2924939]: INF 2026-08-19 03:51:48.668+00:00 Imported blocks                            blockNumber=9166849 slot=1 blocks=9166848 txs=608837314 mgas=35134954 bps=92.06 tps=11279 mgps=756.4 avgBps=237.7 avgTps=15788 avgMGps=911.1 elapsed=10h42m42s
Aug 19 03:53:11 nimbus-eth1-mainnet-long-benchmark[2924939]: INF 2026-08-19 03:53:11.519+00:00 Imported blocks                            blockNumber=9175041 slot=1 blocks=9175040 txs=609738538 mgas=35199891 bps=98.87 tps=10877 mgps=783.7 avgBps=237.4 avgTps=15777 avgMGps=910.9 elapsed=10h44m5s
Aug 19 03:54:24 nimbus-eth1-mainnet-long-benchmark[2924939]: INF 2026-08-19 03:54:24.798+00:00 Imported blocks                            blockNumber=9183233 slot=1 blocks=9183232 txs=610506563 mgas=35258438 bps=111.8 tps=10481 mgps=799.0 avgBps=237.2 avgTps=15767 avgMGps=910.6 elapsed=10h45m18s
Aug 19 03:55:48 nimbus-eth1-mainnet-long-benchmark[2924939]: INF 2026-08-19 03:55:48.280+00:00 Imported blocks                            blockNumber=9191425 slot=1 blocks=9191424 txs=611499271 mgas=35322556 bps=98.13 tps=11891 mgps=768.0 avgBps=236.9 avgTps=15759 avgMGps=910.3 elapsed=10h46m41s
Aug 19 03:57:07 nimbus-eth1-mainnet-long-benchmark[2924939]: INF 2026-08-19 03:57:07.915+00:00 Imported blocks                            blockNumber=9199617 slot=1 blocks=9199616 txs=612266808 mgas=35383284 bps=102.9 tps=9637 mgps=762.6 avgBps=236.6 avgTps=15747 avgMGps=910.0 elapsed=10h48m1s
Aug 19 03:58:23 nimbus-eth1-mainnet-long-benchmark[2924939]: INF 2026-08-19 03:58:23.174+00:00 Imported blocks                            blockNumber=9207809 slot=1 blocks=9207808 txs=613008632 mgas=35437186 bps=108.9 tps=9857 mgps=716.2 avgBps=236.4 avgTps=15735 avgMGps=909.7 elapsed=10h49m16s
Aug 19 03:59:28 nimbus-eth1-mainnet-long-benchmark[2924939]: INF 2026-08-19 03:59:28.577+00:00 Imported blocks                            blockNumber=9216001 slot=1 blocks=9216000 txs=613706696 mgas=35486290 bps=125.3 tps=10673 mgps=750.8 avgBps=236.2 avgTps=15727 avgMGps=909.4 elapsed=10h50m22s
Aug 19 04:00:42 nimbus-eth1-mainnet-long-benchmark[2924939]: INF 2026-08-19 04:00:42.159+00:00 Imported blocks                            blockNumber=9224193 slot=1 blocks=9224192 txs=614350688 mgas=35533998 bps=111.3 tps=8752 mgps=648.4 avgBps=235.9 avgTps=15714 avgMGps=908.9 elapsed=10h51m35s
Aug 19 04:01:55 nimbus-eth1-mainnet-long-benchmark[2924939]: INF 2026-08-19 04:01:54.998+00:00 Imported blocks                            blockNumber=9232385 slot=1 blocks=9232384 txs=615177703 mgas=35589843 bps=112.5 tps=11354 mgps=766.7 avgBps=235.7 avgTps=15705 avgMGps=908.6 elapsed=10h52m48s
Aug 19 04:03:07 nimbus-eth1-mainnet-long-benchmark[2924939]: INF 2026-08-19 04:03:07.177+00:00 Imported blocks                            blockNumber=9240577 slot=1 blocks=9240576 txs=616025547 mgas=35649176 bps=113.5 tps=11746 mgps=822.0 avgBps=235.5 avgTps=15698 avgMGps=908.5 elapsed=10h54m697ms
Aug 19 04:04:11 nimbus-eth1-mainnet-long-benchmark[2924939]: INF 2026-08-19 04:04:11.876+00:00 Imported blocks                            blockNumber=9248769 slot=1 blocks=9248768 txs=616782809 mgas=35702022 bps=126.6 tps=11703 mgps=816.8 avgBps=235.3 avgTps=15692 avgMGps=908.3 elapsed=10h55m5s
Aug 19 04:05:18 nimbus-eth1-mainnet-long-benchmark[2924939]: INF 2026-08-19 04:05:18.491+00:00 Imported blocks                            blockNumber=9256961 slot=1 blocks=9256960 txs=617499347 mgas=35756547 bps=123.0 tps=10756 mgps=818.5 avgBps=235.1 avgTps=15683 avgMGps=908.2 elapsed=10h56m12s
Aug 19 04:06:18 nimbus-eth1-mainnet-long-benchmark[2924939]: INF 2026-08-19 04:06:18.218+00:00 Imported blocks                            blockNumber=9265153 slot=1 blocks=9265152 txs=618213473 mgas=35806542 bps=137.2 tps=11957 mgps=837.1 avgBps=235.0 avgTps=15678 avgMGps=908.1 elapsed=10h57m11s
Aug 19 04:07:24 nimbus-eth1-mainnet-long-benchmark[2924939]: INF 2026-08-19 04:07:24.337+00:00 Imported blocks                            blockNumber=9273345 slot=1 blocks=9273344 txs=618930204 mgas=35860793 bps=123.9 tps=10839 mgps=820.5 avgBps=234.8 avgTps=15669 avgMGps=907.9 elapsed=10h58m17s
Aug 19 04:08:34 nimbus-eth1-mainnet-long-benchmark[2924939]: INF 2026-08-19 04:08:34.808+00:00 Imported blocks                            blockNumber=9281537 slot=1 blocks=9281536 txs=619693388 mgas=35916898 bps=116.2 tps=10829 mgps=796.1 avgBps=234.6 avgTps=15661 avgMGps=907.7 elapsed=10h59m28s
Aug 19 04:09:51 nimbus-eth1-mainnet-long-benchmark[2924939]: INF 2026-08-19 04:09:51.711+00:00 Imported blocks                            blockNumber=9289729 slot=1 blocks=9289728 txs=620545391 mgas=35980006 bps=106.5 tps=11079 mgps=820.7 avgBps=234.3 avgTps=15652 avgMGps=907.5 elapsed=11h45s228ms
Aug 19 04:11:04 nimbus-eth1-mainnet-long-benchmark[2924939]: INF 2026-08-19 04:11:04.333+00:00 Imported blocks                            blockNumber=9297921 slot=1 blocks=9297920 txs=621449444 mgas=36040665 bps=112.8 tps=12448 mgps=835.2 avgBps=234.1 avgTps=15646 avgMGps=907.4 elapsed=11h1m57s
Aug 19 04:12:15 nimbus-eth1-mainnet-long-benchmark[2924939]: INF 2026-08-19 04:12:15.368+00:00 Imported blocks                            blockNumber=9306113 slot=1 blocks=9306112 txs=622278054 mgas=36096738 bps=115.3 tps=11664 mgps=789.3 avgBps=233.9 avgTps=15639 avgMGps=907.2 elapsed=11h3m8s
Aug 19 04:13:24 nimbus-eth1-mainnet-long-benchmark[2924939]: INF 2026-08-19 04:13:24.267+00:00 Imported blocks                            blockNumber=9314305 slot=1 blocks=9314304 txs=623020495 mgas=36151752 bps=118.9 tps=10775 mgps=798.5 avgBps=233.7 avgTps=15631 avgMGps=907.0 elapsed=11h4m17s
Aug 19 04:14:29 nimbus-eth1-mainnet-long-benchmark[2924939]: INF 2026-08-19 04:14:29.582+00:00 Imported blocks                            blockNumber=9322497 slot=1 blocks=9322496 txs=623751790 mgas=36204540 bps=125.4 tps=11196 mgps=808.2 avgBps=233.5 avgTps=15623 avgMGps=906.9 elapsed=11h5m23s
Aug 19 04:15:33 nimbus-eth1-mainnet-long-benchmark[2924939]: INF 2026-08-19 04:15:33.785+00:00 Imported blocks                            blockNumber=9330689 slot=1 blocks=9330688 txs=624460159 mgas=36256933 bps=127.6 tps=11033 mgps=816.1 avgBps=233.3 avgTps=15616 avgMGps=906.7 elapsed=11h6m27s
Aug 19 04:16:35 nimbus-eth1-mainnet-long-benchmark[2924939]: INF 2026-08-19 04:16:35.056+00:00 Imported blocks                            blockNumber=9338881 slot=1 blocks=9338880 txs=625125084 mgas=36304389 bps=133.7 tps=10852 mgps=774.5 avgBps=233.2 avgTps=15609 avgMGps=906.5 elapsed=11h7m28s
Aug 19 04:17:45 nimbus-eth1-mainnet-long-benchmark[2924939]: INF 2026-08-19 04:17:45.855+00:00 Imported blocks                            blockNumber=9347073 slot=1 blocks=9347072 txs=625752146 mgas=36363435 bps=115.7 tps=8856 mgps=834.0 avgBps=233.0 avgTps=15597 avgMGps=906.4 elapsed=11h8m39s
Aug 19 04:18:48 nimbus-eth1-mainnet-long-benchmark[2924939]: INF 2026-08-19 04:18:48.194+00:00 Imported blocks                            blockNumber=9355265 slot=1 blocks=9355264 txs=626294218 mgas=36414969 bps=131.4 tps=8696 mgps=826.7 avgBps=232.8 avgTps=15586 avgMGps=906.3 elapsed=11h9m41s
Aug 19 04:19:50 nimbus-eth1-mainnet-long-benchmark[2924939]: INF 2026-08-19 04:19:50.129+00:00 Imported blocks                            blockNumber=9363457 slot=1 blocks=9363456 txs=626847986 mgas=36466792 bps=132.3 tps=8940 mgps=836.7 avgBps=232.7 avgTps=15576 avgMGps=906.2 elapsed=11h10m43s
Aug 19 04:21:01 nimbus-eth1-mainnet-long-benchmark[2924939]: INF 2026-08-19 04:21:01.036+00:00 Imported blocks                            blockNumber=9371649 slot=1 blocks=9371648 txs=627512538 mgas=36524290 bps=115.5 tps=9372 mgps=810.9 avgBps=232.5 avgTps=15565 avgMGps=906.0 elapsed=11h11m54s
Aug 19 04:22:11 nimbus-eth1-mainnet-long-benchmark[2924939]: INF 2026-08-19 04:22:11.487+00:00 Imported blocks                            blockNumber=9379841 slot=1 blocks=9379840 txs=628177890 mgas=36583163 bps=116.3 tps=9444 mgps=835.7 avgBps=232.3 avgTps=15554 avgMGps=905.9 elapsed=11h13m5s
Aug 19 04:23:25 nimbus-eth1-mainnet-long-benchmark[2924939]: INF 2026-08-19 04:23:25.045+00:00 Imported blocks                            blockNumber=9388033 slot=1 blocks=9388032 txs=628886413 mgas=36643848 bps=111.4 tps=9631 mgps=825.0 avgBps=232.0 avgTps=15543 avgMGps=905.7 elapsed=11h14m18s
Aug 19 04:24:37 nimbus-eth1-mainnet-long-benchmark[2924939]: INF 2026-08-19 04:24:37.664+00:00 Imported blocks                            blockNumber=9396225 slot=1 blocks=9396224 txs=629628907 mgas=36705201 bps=112.8 tps=10224 mgps=844.9 avgBps=231.8 avgTps=15534 avgMGps=905.6 elapsed=11h15m31s
Aug 19 04:25:44 nimbus-eth1-mainnet-long-benchmark[2924939]: INF 2026-08-19 04:25:44.227+00:00 Imported blocks                            blockNumber=9404417 slot=1 blocks=9404416 txs=630311442 mgas=36757298 bps=123.1 tps=10253 mgps=782.7 avgBps=231.6 avgTps=15525 avgMGps=905.4 elapsed=11h16m37s
Aug 19 04:26:57 nimbus-eth1-mainnet-long-benchmark[2924939]: INF 2026-08-19 04:26:57.638+00:00 Imported blocks                            blockNumber=9412609 slot=1 blocks=9412608 txs=631042162 mgas=36813766 bps=111.6 tps=9953 mgps=769.2 avgBps=231.4 avgTps=15515 avgMGps=905.2 elapsed=11h17m51s
Aug 19 04:28:30 nimbus-eth1-mainnet-long-benchmark[2924939]: INF 2026-08-19 04:28:30.472+00:00 Imported blocks                            blockNumber=9420801 slot=1 blocks=9420800 txs=631702081 mgas=36879474 bps=88.24 tps=7108 mgps=707.8 avgBps=231.1 avgTps=15496 avgMGps=904.7 elapsed=11h19m23s
Aug 19 04:30:06 nimbus-eth1-mainnet-long-benchmark[2924939]: INF 2026-08-19 04:30:06.207+00:00 Imported blocks                            blockNumber=9428993 slot=1 blocks=9428992 txs=632508027 mgas=36947980 bps=85.57 tps=8418 mgps=715.6 avgBps=230.8 avgTps=15479 avgMGps=904.3 elapsed=11h20m59s
Aug 19 04:31:43 nimbus-eth1-mainnet-long-benchmark[2924939]: INF 2026-08-19 04:31:43.965+00:00 Imported blocks                            blockNumber=9437185 slot=1 blocks=9437184 txs=633307288 mgas=37018711 bps=83.80 tps=8176 mgps=723.5 avgBps=230.4 avgTps=15462 avgMGps=903.8 elapsed=11h22m37s
Aug 19 04:33:10 nimbus-eth1-mainnet-long-benchmark[2924939]: INF 2026-08-19 04:33:10.560+00:00 Imported blocks                            blockNumber=9445377 slot=1 blocks=9445376 txs=634090103 mgas=37083438 bps=94.60 tps=9039 mgps=747.5 avgBps=230.1 avgTps=15449 avgMGps=903.5 elapsed=11h24m4s
Aug 19 04:34:26 nimbus-eth1-mainnet-long-benchmark[2924939]: INF 2026-08-19 04:34:26.803+00:00 Imported blocks                            blockNumber=9453569 slot=1 blocks=9453568 txs=634896198 mgas=37141437 bps=107.4 tps=10572 mgps=760.7 avgBps=229.9 avgTps=15439 avgMGps=903.2 elapsed=11h25m20s
Aug 19 04:35:41 nimbus-eth1-mainnet-long-benchmark[2924939]: INF 2026-08-19 04:35:41.458+00:00 Imported blocks                            blockNumber=9461761 slot=1 blocks=9461760 txs=635769351 mgas=37202111 bps=109.7 tps=11696 mgps=812.8 avgBps=229.7 avgTps=15433 avgMGps=903.1 elapsed=11h26m34s
Aug 19 04:37:11 nimbus-eth1-mainnet-long-benchmark[2924939]: INF 2026-08-19 04:37:11.612+00:00 Imported blocks                            blockNumber=9469953 slot=1 blocks=9469952 txs=636747951 mgas=37270565 bps=90.86 tps=10854 mgps=759.3 avgBps=229.4 avgTps=15423 avgMGps=902.8 elapsed=11h28m5s
Aug 19 04:38:40 nimbus-eth1-mainnet-long-benchmark[2924939]: INF 2026-08-19 04:38:40.679+00:00 Imported blocks                            blockNumber=9478145 slot=1 blocks=9478144 txs=637679989 mgas=37339158 bps=91.98 tps=10465 mgps=770.2 avgBps=229.1 avgTps=15412 avgMGps=902.5 elapsed=11h29m34s
Aug 19 04:40:03 nimbus-eth1-mainnet-long-benchmark[2924939]: INF 2026-08-19 04:40:03.069+00:00 Imported blocks                            blockNumber=9486337 slot=1 blocks=9486336 txs=638649876 mgas=37404571 bps=99.42 tps=11771 mgps=793.9 avgBps=228.8 avgTps=15405 avgMGps=902.3 elapsed=11h30m56s
Aug 19 04:41:22 nimbus-eth1-mainnet-long-benchmark[2924939]: INF 2026-08-19 04:41:22.660+00:00 Imported blocks                            blockNumber=9494529 slot=1 blocks=9494528 txs=639521538 mgas=37465643 bps=102.9 tps=10951 mgps=767.3 avgBps=228.6 avgTps=15396 avgMGps=902.0 elapsed=11h32m16s
Aug 19 04:42:54 nimbus-eth1-mainnet-long-benchmark[2924939]: INF 2026-08-19 04:42:54.543+00:00 Imported blocks                            blockNumber=9502721 slot=1 blocks=9502720 txs=640401953 mgas=37532654 bps=89.16 tps=9582 mgps=729.3 avgBps=228.3 avgTps=15383 avgMGps=901.6 elapsed=11h33m48s
Aug 19 04:44:15 nimbus-eth1-mainnet-long-benchmark[2924939]: INF 2026-08-19 04:44:15.765+00:00 Imported blocks                            blockNumber=9510913 slot=1 blocks=9510912 txs=641279030 mgas=37595291 bps=100.9 tps=10798 mgps=771.2 avgBps=228.0 avgTps=15374 avgMGps=901.4 elapsed=11h35m9s
Aug 19 04:45:39 nimbus-eth1-mainnet-long-benchmark[2924939]: INF 2026-08-19 04:45:39.620+00:00 Imported blocks                            blockNumber=9519105 slot=1 blocks=9519104 txs=642171521 mgas=37661633 bps=97.69 tps=10643 mgps=791.1 avgBps=227.8 avgTps=15365 avgMGps=901.1 elapsed=11h36m33s
Aug 19 04:47:03 nimbus-eth1-mainnet-long-benchmark[2924939]: INF 2026-08-19 04:47:03.431+00:00 Imported blocks                            blockNumber=9527297 slot=1 blocks=9527296 txs=643058046 mgas=37725376 bps=97.74 tps=10577 mgps=760.6 avgBps=227.5 avgTps=15355 avgMGps=900.9 elapsed=11h37m56s
Aug 19 04:48:18 nimbus-eth1-mainnet-long-benchmark[2924939]: INF 2026-08-19 04:48:18.101+00:00 Imported blocks                            blockNumber=9535489 slot=1 blocks=9535488 txs=643821080 mgas=37782293 bps=109.7 tps=10218 mgps=762.2 avgBps=227.3 avgTps=15346 avgMGps=900.6 elapsed=11h39m11s
Aug 19 04:49:29 nimbus-eth1-mainnet-long-benchmark[2924939]: INF 2026-08-19 04:49:29.900+00:00 Imported blocks                            blockNumber=9543681 slot=1 blocks=9543680 txs=644576819 mgas=37834042 bps=114.1 tps=10525 mgps=720.8 avgBps=227.1 avgTps=15338 avgMGps=900.3 elapsed=11h40m23s
Aug 19 04:50:54 nimbus-eth1-mainnet-long-benchmark[2924939]: INF 2026-08-19 04:50:54.807+00:00 Imported blocks                            blockNumber=9551873 slot=1 blocks=9551872 txs=645449994 mgas=37897756 bps=96.48 tps=10283 mgps=750.4 avgBps=226.8 avgTps=15328 avgMGps=900.0 elapsed=11h41m48s
Aug 19 04:52:26 nimbus-eth1-mainnet-long-benchmark[2924939]: INF 2026-08-19 04:52:26.885+00:00 Imported blocks                            blockNumber=9560065 slot=1 blocks=9560064 txs=646344665 mgas=37964724 bps=88.97 tps=9716 mgps=727.3 avgBps=226.5 avgTps=15316 avgMGps=899.6 elapsed=11h43m20s
Aug 19 04:54:01 nimbus-eth1-mainnet-long-benchmark[2924939]: INF 2026-08-19 04:54:01.244+00:00 Imported blocks                            blockNumber=9568257 slot=1 blocks=9568256 txs=647216640 mgas=38031921 bps=86.82 tps=9241 mgps=712.2 avgBps=226.2 avgTps=15302 avgMGps=899.2 elapsed=11h44m54s
Aug 19 04:55:31 nimbus-eth1-mainnet-long-benchmark[2924939]: INF 2026-08-19 04:55:31.298+00:00 Imported blocks                            blockNumber=9576449 slot=1 blocks=9576448 txs=648049642 mgas=38095259 bps=90.97 tps=9250 mgps=703.3 avgBps=225.9 avgTps=15289 avgMGps=898.8 elapsed=11h46m24s
Aug 19 04:56:52 nimbus-eth1-mainnet-long-benchmark[2924939]: INF 2026-08-19 04:56:52.513+00:00 Imported blocks                            blockNumber=9584641 slot=1 blocks=9584640 txs=648854625 mgas=38152421 bps=100.9 tps=9911 mgps=703.8 avgBps=225.7 avgTps=15279 avgMGps=898.4 elapsed=11h47m46s
Aug 19 04:58:20 nimbus-eth1-mainnet-long-benchmark[2924939]: INF 2026-08-19 04:58:20.552+00:00 Imported blocks                            blockNumber=9592833 slot=1 blocks=9592832 txs=649707267 mgas=38211237 bps=93.05 tps=9684 mgps=668.1 avgBps=225.4 avgTps=15267 avgMGps=897.9 elapsed=11h49m14s
Aug 19 04:59:55 nimbus-eth1-mainnet-long-benchmark[2924939]: INF 2026-08-19 04:59:55.694+00:00 Imported blocks                            blockNumber=9601025 slot=1 blocks=9601024 txs=650511686 mgas=38272596 bps=86.10 tps=8455 mgps=644.9 avgBps=225.1 avgTps=15252 avgMGps=897.4 elapsed=11h50m49s
Aug 19 05:01:25 nimbus-eth1-mainnet-long-benchmark[2924939]: INF 2026-08-19 05:01:25.473+00:00 Imported blocks                            blockNumber=9609217 slot=1 blocks=9609216 txs=651360998 mgas=38330829 bps=91.24 tps=9459 mgps=648.6 avgBps=224.8 avgTps=15240 avgMGps=896.9 elapsed=11h52m18s
Aug 19 05:03:01 nimbus-eth1-mainnet-long-benchmark[2924939]: INF 2026-08-19 05:03:01.031+00:00 Imported blocks                            blockNumber=9617409 slot=1 blocks=9617408 txs=652288927 mgas=38394365 bps=85.73 tps=9710 mgps=664.9 avgBps=224.5 avgTps=15228 avgMGps=896.3 elapsed=11h53m54s
Aug 19 05:04:32 nimbus-eth1-mainnet-long-benchmark[2924939]: INF 2026-08-19 05:04:32.034+00:00 Imported blocks                            blockNumber=9625601 slot=1 blocks=9625600 txs=653102832 mgas=38453861 bps=90.02 tps=8944 mgps=653.8 avgBps=224.2 avgTps=15214 avgMGps=895.8 elapsed=11h55m25s
Aug 19 05:06:07 nimbus-eth1-mainnet-long-benchmark[2924939]: INF 2026-08-19 05:06:07.216+00:00 Imported blocks                            blockNumber=9633793 slot=1 blocks=9633792 txs=653876973 mgas=38513715 bps=86.07 tps=8133 mgps=628.8 avgBps=223.9 avgTps=15199 avgMGps=895.2 elapsed=11h57m736ms
Aug 19 05:07:50 nimbus-eth1-mainnet-long-benchmark[2924939]: INF 2026-08-19 05:07:50.826+00:00 Imported blocks                            blockNumber=9641985 slot=1 blocks=9641984 txs=654885492 mgas=38585512 bps=79.07 tps=9733 mgps=693.0 avgBps=223.6 avgTps=15185 avgMGps=894.8 elapsed=11h58m44s
Aug 19 05:09:21 nimbus-eth1-mainnet-long-benchmark[2924939]: INF 2026-08-19 05:09:21.049+00:00 Imported blocks                            blockNumber=9650177 slot=1 blocks=9650176 txs=655831729 mgas=38652219 bps=90.80 tps=10487 mgps=739.3 avgBps=223.3 avgTps=15176 avgMGps=894.4 elapsed=12h14s571ms
Aug 19 05:11:06 nimbus-eth1-mainnet-long-benchmark[2924939]: INF 2026-08-19 05:11:06.451+00:00 Imported blocks                            blockNumber=9658369 slot=1 blocks=9658368 txs=656739803 mgas=38725760 bps=77.72 tps=8615 mgps=697.7 avgBps=223.0 avgTps=15160 avgMGps=893.9 elapsed=12h1m59s
Aug 19 05:12:49 nimbus-eth1-mainnet-long-benchmark[2924939]: INF 2026-08-19 05:12:49.034+00:00 Imported blocks                            blockNumber=9666561 slot=1 blocks=9666560 txs=657788269 mgas=38802013 bps=79.86 tps=10221 mgps=743.4 avgBps=222.6 avgTps=15148 avgMGps=893.6 elapsed=12h3m42s
Aug 19 05:14:21 nimbus-eth1-mainnet-long-benchmark[2924939]: INF 2026-08-19 05:14:21.104+00:00 Imported blocks                            blockNumber=9674753 slot=1 blocks=9674752 txs=658654681 mgas=38870587 bps=88.97 tps=9410 mgps=744.8 avgBps=222.3 avgTps=15136 avgMGps=893.3 elapsed=12h5m14s
Aug 19 05:15:59 nimbus-eth1-mainnet-long-benchmark[2924939]: INF 2026-08-19 05:15:59.063+00:00 Imported blocks                            blockNumber=9682945 slot=1 blocks=9682944 txs=659587653 mgas=38941340 bps=83.63 tps=9524 mgps=722.3 avgBps=222.0 avgTps=15123 avgMGps=892.9 elapsed=12h6m52s
Aug 19 05:17:38 nimbus-eth1-mainnet-long-benchmark[2924939]: INF 2026-08-19 05:17:38.833+00:00 Imported blocks                            blockNumber=9691137 slot=1 blocks=9691136 txs=660566700 mgas=39013132 bps=82.11 tps=9812 mgps=719.6 avgBps=221.7 avgTps=15111 avgMGps=892.5 elapsed=12h8m32s
Aug 19 05:19:15 nimbus-eth1-mainnet-long-benchmark[2924939]: INF 2026-08-19 05:19:15.803+00:00 Imported blocks                            blockNumber=9699329 slot=1 blocks=9699328 txs=661485588 mgas=39080949 bps=84.48 tps=9475 mgps=699.3 avgBps=221.4 avgTps=15099 avgMGps=892.1 elapsed=12h10m9s
Aug 19 05:21:00 nimbus-eth1-mainnet-long-benchmark[2924939]: INF 2026-08-19 05:21:00.766+00:00 Imported blocks                            blockNumber=9707521 slot=1 blocks=9707520 txs=662590313 mgas=39152127 bps=78.05 tps=10525 mgps=678.1 avgBps=221.1 avgTps=15088 avgMGps=891.6 elapsed=12h11m54s
Aug 19 05:22:50 nimbus-eth1-mainnet-long-benchmark[2924939]: INF 2026-08-19 05:22:50.332+00:00 Imported blocks                            blockNumber=9715713 slot=1 blocks=9715712 txs=663694584 mgas=39223843 bps=74.77 tps=10078 mgps=654.6 avgBps=220.7 avgTps=15075 avgMGps=891.0 elapsed=12h13m43s
Aug 19 05:24:24 nimbus-eth1-mainnet-long-benchmark[2924939]: INF 2026-08-19 05:24:24.494+00:00 Imported blocks                            blockNumber=9723905 slot=1 blocks=9723904 txs=664657636 mgas=39290843 bps=87.00 tps=10227 mgps=711.5 avgBps=220.4 avgTps=15065 avgMGps=890.6 elapsed=12h15m18s
Aug 19 05:25:59 nimbus-eth1-mainnet-long-benchmark[2924939]: INF 2026-08-19 05:25:59.081+00:00 Imported blocks                            blockNumber=9732097 slot=1 blocks=9732096 txs=665663100 mgas=39356638 bps=86.61 tps=10630 mgps=695.6 avgBps=220.1 avgTps=15055 avgMGps=890.2 elapsed=12h16m52s
Aug 19 05:27:36 nimbus-eth1-mainnet-long-benchmark[2924939]: INF 2026-08-19 05:27:36.895+00:00 Imported blocks                            blockNumber=9740289 slot=1 blocks=9740288 txs=666722937 mgas=39424632 bps=83.75 tps=10834 mgps=695.1 avgBps=219.8 avgTps=15046 avgMGps=889.7 elapsed=12h18m30s
Aug 19 05:29:12 nimbus-eth1-mainnet-long-benchmark[2924939]: INF 2026-08-19 05:29:12.838+00:00 Imported blocks                            blockNumber=9748481 slot=1 blocks=9748480 txs=667702099 mgas=39492261 bps=85.39 tps=10206 mgps=704.9 avgBps=219.5 avgTps=15036 avgMGps=889.3 elapsed=12h20m6s
Aug 19 05:30:42 nimbus-eth1-mainnet-long-benchmark[2924939]: INF 2026-08-19 05:30:42.068+00:00 Imported blocks                            blockNumber=9756673 slot=1 blocks=9756672 txs=668587180 mgas=39554554 bps=91.81 tps=9918 mgps=698.1 avgBps=219.3 avgTps=15025 avgMGps=889.0 elapsed=12h21m35s
Aug 19 05:32:09 nimbus-eth1-mainnet-long-benchmark[2924939]: INF 2026-08-19 05:32:09.127+00:00 Imported blocks                            blockNumber=9764865 slot=1 blocks=9764864 txs=669420982 mgas=39617012 bps=94.10 tps=9577 mgps=717.4 avgBps=219.0 avgTps=15015 avgMGps=888.6 elapsed=12h23m2s
Aug 19 05:33:31 nimbus-eth1-mainnet-long-benchmark[2924939]: INF 2026-08-19 05:33:31.950+00:00 Imported blocks                            blockNumber=9773057 slot=1 blocks=9773056 txs=670258528 mgas=39678046 bps=98.91 tps=10112 mgps=736.9 avgBps=218.8 avgTps=15006 avgMGps=888.3 elapsed=12h24m25s
Aug 19 05:35:02 nimbus-eth1-mainnet-long-benchmark[2924939]: INF 2026-08-19 05:35:02.740+00:00 Imported blocks                            blockNumber=9781249 slot=1 blocks=9781248 txs=671204579 mgas=39745904 bps=90.23 tps=10419 mgps=747.4 avgBps=218.5 avgTps=14996 avgMGps=888.1 elapsed=12h25m56s
Aug 19 05:36:30 nimbus-eth1-mainnet-long-benchmark[2924939]: INF 2026-08-19 05:36:30.967+00:00 Imported blocks                            blockNumber=9789441 slot=1 blocks=9789440 txs=672023787 mgas=39811770 bps=92.86 tps=9285 mgps=746.6 avgBps=218.3 avgTps=14985 avgMGps=887.8 elapsed=12h27m24s
Aug 19 05:38:06 nimbus-eth1-mainnet-long-benchmark[2924939]: INF 2026-08-19 05:38:06.605+00:00 Imported blocks                            blockNumber=9797633 slot=1 blocks=9797632 txs=672947891 mgas=39880011 bps=85.65 tps=9662 mgps=713.5 avgBps=218.0 avgTps=14974 avgMGps=887.4 elapsed=12h29m127ms
Aug 19 05:39:39 nimbus-eth1-mainnet-long-benchmark[2924939]: INF 2026-08-19 05:39:39.512+00:00 Imported blocks                            blockNumber=9805825 slot=1 blocks=9805824 txs=673829137 mgas=39948258 bps=88.17 tps=9485 mgps=734.6 avgBps=217.7 avgTps=14962 avgMGps=887.1 elapsed=12h30m33s
Aug 19 05:41:05 nimbus-eth1-mainnet-long-benchmark[2924939]: INF 2026-08-19 05:41:05.538+00:00 Imported blocks                            blockNumber=9814017 slot=1 blocks=9814016 txs=674608124 mgas=40014329 bps=95.23 tps=9055 mgps=768.0 avgBps=217.5 avgTps=14951 avgMGps=886.9 elapsed=12h31m59s
Aug 19 05:42:43 nimbus-eth1-mainnet-long-benchmark[2924939]: INF 2026-08-19 05:42:43.629+00:00 Imported blocks                            blockNumber=9822209 slot=1 blocks=9822208 txs=675519298 mgas=40084124 bps=83.52 tps=9289 mgps=711.6 avgBps=217.2 avgTps=14939 avgMGps=886.5 elapsed=12h33m37s
Aug 19 05:44:25 nimbus-eth1-mainnet-long-benchmark[2924939]: INF 2026-08-19 05:44:25.555+00:00 Imported blocks                            blockNumber=9830401 slot=1 blocks=9830400 txs=676526004 mgas=40156103 bps=80.37 tps=9876 mgps=706.2 avgBps=216.9 avgTps=14928 avgMGps=886.1 elapsed=12h35m19s
Aug 19 05:46:08 nimbus-eth1-mainnet-long-benchmark[2924939]: INF 2026-08-19 05:46:08.469+00:00 Imported blocks                            blockNumber=9838593 slot=1 blocks=9838592 txs=677564637 mgas=40227612 bps=79.60 tps=10092 mgps=694.8 avgBps=216.6 avgTps=14917 avgMGps=885.6 elapsed=12h37m1s
Aug 19 05:47:43 nimbus-eth1-mainnet-long-benchmark[2924939]: INF 2026-08-19 05:47:43.484+00:00 Imported blocks                            blockNumber=9846785 slot=1 blocks=9846784 txs=678461502 mgas=40297405 bps=86.22 tps=9439 mgps=734.5 avgBps=216.3 avgTps=14905 avgMGps=885.3 elapsed=12h38m37s
Aug 19 05:49:12 nimbus-eth1-mainnet-long-benchmark[2924939]: INF 2026-08-19 05:49:12.426+00:00 Imported blocks                            blockNumber=9854977 slot=1 blocks=9854976 txs=679309213 mgas=40364439 bps=92.11 tps=9531 mgps=753.7 avgBps=216.1 avgTps=14895 avgMGps=885.1 elapsed=12h40m5s
Aug 19 05:50:46 nimbus-eth1-mainnet-long-benchmark[2924939]: INF 2026-08-19 05:50:46.533+00:00 Imported blocks                            blockNumber=9863169 slot=1 blocks=9863168 txs=680220854 mgas=40433107 bps=87.05 tps=9687 mgps=729.7 avgBps=215.8 avgTps=14884 avgMGps=884.7 elapsed=12h41m40s
Aug 19 05:52:23 nimbus-eth1-mainnet-long-benchmark[2924939]: INF 2026-08-19 05:52:23.695+00:00 Imported blocks                            blockNumber=9871361 slot=1 blocks=9871360 txs=681217536 mgas=40503215 bps=84.31 tps=10257 mgps=721.6 avgBps=215.5 avgTps=14874 avgMGps=884.4 elapsed=12h43m17s
Aug 19 05:54:00 nimbus-eth1-mainnet-long-benchmark[2924939]: INF 2026-08-19 05:54:00.218+00:00 Imported blocks                            blockNumber=9879553 slot=1 blocks=9879552 txs=682191102 mgas=40572841 bps=84.87 tps=10086 mgps=721.4 avgBps=215.3 avgTps=14864 avgMGps=884.1 elapsed=12h44m53s
Aug 19 05:55:38 nimbus-eth1-mainnet-long-benchmark[2924939]: INF 2026-08-19 05:55:38.992+00:00 Imported blocks                            blockNumber=9887745 slot=1 blocks=9887744 txs=683184281 mgas=40644027 bps=82.94 tps=10054 mgps=720.7 avgBps=215.0 avgTps=14854 avgMGps=883.7 elapsed=12h46m32s
Aug 19 05:57:18 nimbus-eth1-mainnet-long-benchmark[2924939]: INF 2026-08-19 05:57:18.286+00:00 Imported blocks                            blockNumber=9895937 slot=1 blocks=9895936 txs=684187479 mgas=40714745 bps=82.50 tps=10103 mgps=712.2 avgBps=214.7 avgTps=14844 avgMGps=883.3 elapsed=12h48m11s
Aug 19 05:59:00 nimbus-eth1-mainnet-long-benchmark[2924939]: INF 2026-08-19 05:59:00.817+00:00 Imported blocks                            blockNumber=9904129 slot=1 blocks=9904128 txs=685190013 mgas=40786553 bps=79.90 tps=9777 mgps=700.3 avgBps=214.4 avgTps=14832 avgMGps=882.9 elapsed=12h49m54s
Aug 19 06:00:39 nimbus-eth1-mainnet-long-benchmark[2924939]: INF 2026-08-19 06:00:39.811+00:00 Imported blocks                            blockNumber=9912321 slot=1 blocks=9912320 txs=686163250 mgas=40858166 bps=82.75 tps=9830 mgps=723.4 avgBps=214.1 avgTps=14822 avgMGps=882.6 elapsed=12h51m33s
Aug 19 06:02:18 nimbus-eth1-mainnet-long-benchmark[2924939]: INF 2026-08-19 06:02:18.314+00:00 Imported blocks                            blockNumber=9920513 slot=1 blocks=9920512 txs=687196735 mgas=40931012 bps=83.17 tps=10492 mgps=739.6 avgBps=213.8 avgTps=14812 avgMGps=882.3 elapsed=12h53m11s
Aug 19 06:04:00 nimbus-eth1-mainnet-long-benchmark[2924939]: INF 2026-08-19 06:04:00.060+00:00 Imported blocks                            blockNumber=9928705 slot=1 blocks=9928704 txs=688227858 mgas=41004647 bps=80.51 tps=10133 mgps=723.7 avgBps=213.5 avgTps=14802 avgMGps=881.9 elapsed=12h54m53s
Aug 19 06:05:44 nimbus-eth1-mainnet-long-benchmark[2924939]: INF 2026-08-19 06:05:44.722+00:00 Imported blocks                            blockNumber=9936897 slot=1 blocks=9936896 txs=689308519 mgas=41078745 bps=78.27 tps=10325 mgps=708.0 avgBps=213.2 avgTps=14792 avgMGps=881.6 elapsed=12h56m38s
Aug 19 06:07:23 nimbus-eth1-mainnet-long-benchmark[2924939]: INF 2026-08-19 06:07:23.697+00:00 Imported blocks                            blockNumber=9945089 slot=1 blocks=9945088 txs=690287285 mgas=41149637 bps=82.77 tps=9889 mgps=716.3 avgBps=213.0 avgTps=14782 avgMGps=881.2 elapsed=12h58m17s
Aug 19 06:09:06 nimbus-eth1-mainnet-long-benchmark[2924939]: INF 2026-08-19 06:09:06.243+00:00 Imported blocks                            blockNumber=9953281 slot=1 blocks=9953280 txs=691329935 mgas=41222054 bps=79.88 tps=10167 mgps=706.2 avgBps=212.7 avgTps=14772 avgMGps=880.8 elapsed=12h59m59s
Aug 19 06:10:50 nimbus-eth1-mainnet-long-benchmark[2924939]: INF 2026-08-19 06:10:50.973+00:00 Imported blocks                            blockNumber=9961473 slot=1 blocks=9961472 txs=692442347 mgas=41296064 bps=78.22 tps=10622 mgps=706.7 avgBps=212.4 avgTps=14762 avgMGps=880.4 elapsed=13h1m44s
Aug 19 06:12:37 nimbus-eth1-mainnet-long-benchmark[2924939]: INF 2026-08-19 06:12:37.312+00:00 Imported blocks                            blockNumber=9969665 slot=1 blocks=9969664 txs=693524099 mgas=41369534 bps=77.03 tps=10172 mgps=690.9 avgBps=212.1 avgTps=14752 avgMGps=880.0 elapsed=13h3m30s
Aug 19 06:14:24 nimbus-eth1-mainnet-long-benchmark[2924939]: INF 2026-08-19 06:14:24.602+00:00 Imported blocks                            blockNumber=9977857 slot=1 blocks=9977856 txs=694639621 mgas=41445314 bps=76.36 tps=10397 mgps=706.3 avgBps=211.8 avgTps=14742 avgMGps=879.6 elapsed=13h5m18s
Aug 19 06:16:10 nimbus-eth1-mainnet-long-benchmark[2924939]: INF 2026-08-19 06:16:10.444+00:00 Imported blocks                            blockNumber=9986049 slot=1 blocks=9986048 txs=695682320 mgas=41518650 bps=77.40 tps=9851 mgps=692.9 avgBps=211.5 avgTps=14731 avgMGps=879.2 elapsed=13h7m3s
Aug 19 06:17:55 nimbus-eth1-mainnet-long-benchmark[2924939]: INF 2026-08-19 06:17:55.707+00:00 Imported blocks                            blockNumber=9994241 slot=1 blocks=9994240 txs=696694345 mgas=41590954 bps=77.83 tps=9614 mgps=686.9 avgBps=211.2 avgTps=14720 avgMGps=878.8 elapsed=13h8m49s
Aug 19 06:19:37 nimbus-eth1-mainnet-long-benchmark[2924939]: INF 2026-08-19 06:19:37.673+00:00 Imported blocks                            blockNumber=10002433 slot=1 blocks=10002432 txs=697642152 mgas=41664131 bps=80.34 tps=9294 mgps=717.6 avgBps=210.9 avgTps=14708 avgMGps=878.4 elapsed=13h10m31s
Aug 19 06:21:19 nimbus-eth1-mainnet-long-benchmark[2924939]: INF 2026-08-19 06:21:19.007+00:00 Imported blocks                            blockNumber=10010625 slot=1 blocks=10010624 txs=698636012 mgas=41738379 bps=80.84 tps=9807 mgps=732.7 avgBps=210.6 avgTps=14698 avgMGps=878.1 elapsed=13h12m12s
Aug 19 06:23:06 nimbus-eth1-mainnet-long-benchmark[2924939]: INF 2026-08-19 06:23:06.314+00:00 Imported blocks                            blockNumber=10018817 slot=1 blocks=10018816 txs=699719319 mgas=41814701 bps=76.34 tps=10095 mgps=711.3 avgBps=210.3 avgTps=14687 avgMGps=877.7 elapsed=13h13m59s
Aug 19 06:24:54 nimbus-eth1-mainnet-long-benchmark[2924939]: INF 2026-08-19 06:24:54.444+00:00 Imported blocks                            blockNumber=10027009 slot=1 blocks=10027008 txs=700863959 mgas=41891479 bps=75.76 tps=10585 mgps=710.0 avgBps=210.0 avgTps=14678 avgMGps=877.3 elapsed=13h15m47s
Aug 19 06:26:44 nimbus-eth1-mainnet-long-benchmark[2924939]: INF 2026-08-19 06:26:44.262+00:00 Imported blocks                            blockNumber=10035201 slot=1 blocks=10035200 txs=701970226 mgas=41967989 bps=74.60 tps=10073 mgps=696.7 avgBps=209.7 avgTps=14667 avgMGps=876.9 elapsed=13h17m37s
Aug 19 06:28:31 nimbus-eth1-mainnet-long-benchmark[2924939]: INF 2026-08-19 06:28:31.320+00:00 Imported blocks                            blockNumber=10043393 slot=1 blocks=10043392 txs=703106694 mgas=42044518 bps=76.52 tps=10615 mgps=714.8 avgBps=209.4 avgTps=14658 avgMGps=876.6 elapsed=13h19m24s
Aug 19 06:30:21 nimbus-eth1-mainnet-long-benchmark[2924939]: INF 2026-08-19 06:30:21.294+00:00 Imported blocks                            blockNumber=10051585 slot=1 blocks=10051584 txs=704249886 mgas=42121141 bps=74.49 tps=10395 mgps=696.8 avgBps=209.1 avgTps=14649 avgMGps=876.2 elapsed=13h21m14s
Aug 19 06:32:06 nimbus-eth1-mainnet-long-benchmark[2924939]: INF 2026-08-19 06:32:06.157+00:00 Imported blocks                            blockNumber=10059777 slot=1 blocks=10059776 txs=705321444 mgas=42197832 bps=78.12 tps=10218 mgps=731.4 avgBps=208.8 avgTps=14639 avgMGps=875.8 elapsed=13h22m59s
Aug 19 06:33:49 nimbus-eth1-mainnet-long-benchmark[2924939]: INF 2026-08-19 06:33:49.371+00:00 Imported blocks                            blockNumber=10067969 slot=1 blocks=10067968 txs=706357318 mgas=42272849 bps=79.37 tps=10035 mgps=726.8 avgBps=208.5 avgTps=14629 avgMGps=875.5 elapsed=13h24m42s
Aug 19 06:35:32 nimbus-eth1-mainnet-long-benchmark[2924939]: INF 2026-08-19 06:35:32.405+00:00 Imported blocks                            blockNumber=10076161 slot=1 blocks=10076160 txs=707547374 mgas=42348114 bps=79.51 tps=11550 mgps=730.5 avgBps=208.2 avgTps=14622 avgMGps=875.2 elapsed=13h26m25s
Aug 19 06:37:18 nimbus-eth1-mainnet-long-benchmark[2924939]: INF 2026-08-19 06:37:18.544+00:00 Imported blocks                            blockNumber=10084353 slot=1 blocks=10084352 txs=708599469 mgas=42424836 bps=77.18 tps=9912 mgps=722.9 avgBps=208.0 avgTps=14612 avgMGps=874.9 elapsed=13h28m12s
Aug 19 06:39:06 nimbus-eth1-mainnet-long-benchmark[2924939]: INF 2026-08-19 06:39:06.730+00:00 Imported blocks                            blockNumber=10092545 slot=1 blocks=10092544 txs=709658827 mgas=42501676 bps=75.72 tps=9792 mgps=710.3 avgBps=207.7 avgTps=14601 avgMGps=874.5 elapsed=13h30m248ms
Aug 19 06:40:51 nimbus-eth1-mainnet-long-benchmark[2924939]: INF 2026-08-19 06:40:51.744+00:00 Imported blocks                            blockNumber=10100737 slot=1 blocks=10100736 txs=710737417 mgas=42578737 bps=78.01 tps=10270 mgps=733.8 avgBps=207.4 avgTps=14592 avgMGps=874.2 elapsed=13h31m45s
Aug 19 06:42:28 nimbus-eth1-mainnet-long-benchmark[2924939]: INF 2026-08-19 06:42:28.091+00:00 Imported blocks                            blockNumber=10108929 slot=1 blocks=10108928 txs=711841679 mgas=42655655 bps=85.03 tps=11461 mgps=798.3 avgBps=207.1 avgTps=14586 avgMGps=874.1 elapsed=13h33m21s
Aug 19 06:44:11 nimbus-eth1-mainnet-long-benchmark[2924939]: INF 2026-08-19 06:44:11.669+00:00 Imported blocks                            blockNumber=10117121 slot=1 blocks=10117120 txs=713013055 mgas=42732775 bps=79.09 tps=11309 mgps=744.6 avgBps=206.9 avgTps=14579 avgMGps=873.8 elapsed=13h35m5s
Aug 19 06:45:59 nimbus-eth1-mainnet-long-benchmark[2924939]: INF 2026-08-19 06:45:59.967+00:00 Imported blocks                            blockNumber=10125313 slot=1 blocks=10125312 txs=714078443 mgas=42810380 bps=75.64 tps=9837 mgps=716.6 avgBps=206.6 avgTps=14569 avgMGps=873.4 elapsed=13h36m53s
Aug 19 06:47:41 nimbus-eth1-mainnet-long-benchmark[2924939]: INF 2026-08-19 06:47:41.978+00:00 Imported blocks                            blockNumber=10133505 slot=1 blocks=10133504 txs=715159029 mgas=42888001 bps=80.31 tps=10593 mgps=760.9 avgBps=206.3 avgTps=14560 avgMGps=873.2 elapsed=13h38m35s
Aug 19 06:49:26 nimbus-eth1-mainnet-long-benchmark[2924939]: INF 2026-08-19 06:49:26.036+00:00 Imported blocks                            blockNumber=10141697 slot=1 blocks=10141696 txs=716344974 mgas=42965376 bps=78.72 tps=11396 mgps=743.6 avgBps=206.1 avgTps=14554 avgMGps=872.9 elapsed=13h40m19s
Aug 19 06:51:08 nimbus-eth1-mainnet-long-benchmark[2924939]: INF 2026-08-19 06:51:08.042+00:00 Imported blocks                            blockNumber=10149889 slot=1 blocks=10149888 txs=717463031 mgas=43042456 bps=80.31 tps=10960 mgps=755.7 avgBps=205.8 avgTps=14546 avgMGps=872.7 elapsed=13h42m1s
Aug 19 06:52:55 nimbus-eth1-mainnet-long-benchmark[2924939]: INF 2026-08-19 06:52:55.057+00:00 Imported blocks                            blockNumber=10158081 slot=1 blocks=10158080 txs=718603582 mgas=43119991 bps=76.55 tps=10657 mgps=724.5 avgBps=205.5 avgTps=14538 avgMGps=872.4 elapsed=13h43m48s
Aug 19 06:54:41 nimbus-eth1-mainnet-long-benchmark[2924939]: INF 2026-08-19 06:54:41.863+00:00 Imported blocks                            blockNumber=10166273 slot=1 blocks=10166272 txs=719805471 mgas=43197306 bps=76.70 tps=11252 mgps=723.9 avgBps=205.2 avgTps=14531 avgMGps=872.0 elapsed=13h45m35s
Aug 19 06:56:29 nimbus-eth1-mainnet-long-benchmark[2924939]: INF 2026-08-19 06:56:29.125+00:00 Imported blocks                            blockNumber=10174465 slot=1 blocks=10174464 txs=720919961 mgas=43274435 bps=76.37 tps=10390 mgps=719.1 avgBps=205.0 avgTps=14522 avgMGps=871.7 elapsed=13h47m22s
Aug 19 06:58:15 nimbus-eth1-mainnet-long-benchmark[2924939]: INF 2026-08-19 06:58:15.144+00:00 Imported blocks                            blockNumber=10182657 slot=1 blocks=10182656 txs=722050975 mgas=43351413 bps=77.27 tps=10668 mgps=726.1 avgBps=204.7 avgTps=14513 avgMGps=871.4 elapsed=13h49m8s
Aug 19 07:00:01 nimbus-eth1-mainnet-long-benchmark[2924939]: INF 2026-08-19 07:00:01.134+00:00 Imported blocks                            blockNumber=10190849 slot=1 blocks=10190848 txs=723276965 mgas=43428060 bps=77.29 tps=11567 mgps=723.2 avgBps=204.4 avgTps=14507 avgMGps=871.1 elapsed=13h50m54s
Aug 19 07:01:44 nimbus-eth1-mainnet-long-benchmark[2924939]: INF 2026-08-19 07:01:44.900+00:00 Imported blocks                            blockNumber=10199041 slot=1 blocks=10199040 txs=724470936 mgas=43505261 bps=78.94 tps=11505 mgps=743.9 avgBps=204.2 avgTps=14501 avgMGps=870.8 elapsed=13h52m38s
Aug 19 07:03:30 nimbus-eth1-mainnet-long-benchmark[2924939]: INF 2026-08-19 07:03:30.503+00:00 Imported blocks                            blockNumber=10207233 slot=1 blocks=10207232 txs=725644985 mgas=43583031 bps=77.58 tps=11118 mgps=736.5 avgBps=203.9 avgTps=14494 avgMGps=870.5 elapsed=13h54m24s
Aug 19 07:05:14 nimbus-eth1-mainnet-long-benchmark[2924939]: INF 2026-08-19 07:05:14.185+00:00 Imported blocks                            blockNumber=10215425 slot=1 blocks=10215424 txs=726776586 mgas=43660924 bps=79.01 tps=10913 mgps=751.2 avgBps=203.6 avgTps=14486 avgMGps=870.3 elapsed=13h56m7s
Aug 19 07:06:58 nimbus-eth1-mainnet-long-benchmark[2924939]: INF 2026-08-19 07:06:58.055+00:00 Imported blocks                            blockNumber=10223617 slot=1 blocks=10223616 txs=727991302 mgas=43738007 bps=78.87 tps=11694 mgps=742.1 avgBps=203.4 avgTps=14481 avgMGps=870.0 elapsed=13h57m51s
Aug 19 07:08:44 nimbus-eth1-mainnet-long-benchmark[2924939]: INF 2026-08-19 07:08:44.221+00:00 Imported blocks                            blockNumber=10231809 slot=1 blocks=10231808 txs=729230338 mgas=43814819 bps=77.16 tps=11671 mgps=723.5 avgBps=203.1 avgTps=14475 avgMGps=869.7 elapsed=13h59m37s
Aug 19 07:10:31 nimbus-eth1-mainnet-long-benchmark[2924939]: INF 2026-08-19 07:10:31.648+00:00 Imported blocks                            blockNumber=10240001 slot=1 blocks=10240000 txs=730404672 mgas=43892359 bps=76.25 tps=10931 mgps=721.8 avgBps=202.8 avgTps=14467 avgMGps=869.4 elapsed=14h1m25s
Aug 19 07:12:21 nimbus-eth1-mainnet-long-benchmark[2924939]: INF 2026-08-19 07:12:21.638+00:00 Imported blocks                            blockNumber=10248193 slot=1 blocks=10248192 txs=731552208 mgas=43970004 bps=74.48 tps=10433 mgps=705.9 avgBps=202.6 avgTps=14458 avgMGps=869.1 elapsed=14h3m15s
Aug 19 07:14:08 nimbus-eth1-mainnet-long-benchmark[2924939]: INF 2026-08-19 07:14:08.252+00:00 Imported blocks                            blockNumber=10256385 slot=1 blocks=10256384 txs=732682504 mgas=44046928 bps=76.84 tps=10601 mgps=721.5 avgBps=202.3 avgTps=14450 avgMGps=868.7 elapsed=14h5m1s
Aug 19 07:15:55 nimbus-eth1-mainnet-long-benchmark[2924939]: INF 2026-08-19 07:15:55.107+00:00 Imported blocks                            blockNumber=10264577 slot=1 blocks=10264576 txs=733712522 mgas=44124253 bps=76.67 tps=9639 mgps=723.7 avgBps=202.0 avgTps=14440 avgMGps=868.4 elapsed=14h6m48s
Aug 19 07:17:42 nimbus-eth1-mainnet-long-benchmark[2924939]: INF 2026-08-19 07:17:42.101+00:00 Imported blocks                            blockNumber=10272769 slot=1 blocks=10272768 txs=734799027 mgas=44201876 bps=76.56 tps=10154 mgps=725.5 avgBps=201.8 avgTps=14431 avgMGps=868.1 elapsed=14h8m35s
Aug 19 07:19:29 nimbus-eth1-mainnet-long-benchmark[2924939]: INF 2026-08-19 07:19:29.567+00:00 Imported blocks                            blockNumber=10280961 slot=1 blocks=10280960 txs=735932946 mgas=44279585 bps=76.23 tps=10551 mgps=723.1 avgBps=201.5 avgTps=14423 avgMGps=867.8 elapsed=14h10m23s
Aug 19 07:21:19 nimbus-eth1-mainnet-long-benchmark[2924939]: INF 2026-08-19 07:21:19.233+00:00 Imported blocks                            blockNumber=10289153 slot=1 blocks=10289152 txs=737087006 mgas=44357374 bps=74.70 tps=10523 mgps=709.4 avgBps=201.2 avgTps=14415 avgMGps=867.5 elapsed=14h12m12s
Aug 19 07:23:15 nimbus-eth1-mainnet-long-benchmark[2924939]: INF 2026-08-19 07:23:15.140+00:00 Imported blocks                            blockNumber=10297345 slot=1 blocks=10297344 txs=738275575 mgas=44436861 bps=70.68 tps=10254 mgps=685.8 avgBps=200.9 avgTps=14405 avgMGps=867.1 elapsed=14h14m8s
Aug 19 07:25:29 nimbus-eth1-mainnet-long-benchmark[2924939]: INF 2026-08-19 07:25:29.021+00:00 Imported blocks                            blockNumber=10305537 slot=1 blocks=10305536 txs=739438307 mgas=44528970 bps=61.19 tps=8684 mgps=688.0 avgBps=200.6 avgTps=14390 avgMGps=866.6 elapsed=14h16m22s
Aug 19 07:27:37 nimbus-eth1-mainnet-long-benchmark[2924939]: INF 2026-08-19 07:27:37.067+00:00 Imported blocks                            blockNumber=10313729 slot=1 blocks=10313728 txs=740696729 mgas=44621778 bps=63.98 tps=9827 mgps=724.8 avgBps=200.2 avgTps=14379 avgMGps=866.3 elapsed=14h18m30s
Aug 19 07:29:44 nimbus-eth1-mainnet-long-benchmark[2924939]: INF 2026-08-19 07:29:44.785+00:00 Imported blocks                            blockNumber=10321921 slot=1 blocks=10321920 txs=742151644 mgas=44714310 bps=64.14 tps=11391 mgps=724.5 avgBps=199.9 avgTps=14372 avgMGps=865.9 elapsed=14h20m38s
Aug 19 07:31:56 nimbus-eth1-mainnet-long-benchmark[2924939]: INF 2026-08-19 07:31:56.043+00:00 Imported blocks                            blockNumber=10330113 slot=1 blocks=10330112 txs=743514732 mgas=44807317 bps=62.41 tps=10384 mgps=708.6 avgBps=199.5 avgTps=14362 avgMGps=865.5 elapsed=14h22m49s
Aug 19 07:34:03 nimbus-eth1-mainnet-long-benchmark[2924939]: INF 2026-08-19 07:34:03.741+00:00 Imported blocks                            blockNumber=10338305 slot=1 blocks=10338304 txs=744812119 mgas=44899117 bps=64.15 tps=10160 mgps=718.9 avgBps=199.2 avgTps=14351 avgMGps=865.2 elapsed=14h24m57s
Aug 19 07:36:13 nimbus-eth1-mainnet-long-benchmark[2924939]: INF 2026-08-19 07:36:13.459+00:00 Imported blocks                            blockNumber=10346497 slot=1 blocks=10346496 txs=746129898 mgas=44992219 bps=63.15 tps=10158 mgps=717.7 avgBps=198.9 avgTps=14341 avgMGps=864.8 elapsed=14h27m6s
Aug 19 07:38:22 nimbus-eth1-mainnet-long-benchmark[2924939]: INF 2026-08-19 07:38:22.565+00:00 Imported blocks                            blockNumber=10354689 slot=1 blocks=10354688 txs=747446857 mgas=45084387 bps=63.45 tps=10200 mgps=713.9 avgBps=198.5 avgTps=14330 avgMGps=864.4 elapsed=14h29m16s
Aug 19 07:40:29 nimbus-eth1-mainnet-long-benchmark[2924939]: INF 2026-08-19 07:40:29.435+00:00 Imported blocks                            blockNumber=10362881 slot=1 blocks=10362880 txs=748741266 mgas=45176256 bps=64.57 tps=10202 mgps=724.1 avgBps=198.2 avgTps=14320 avgMGps=864.1 elapsed=14h31m22s
Aug 19 07:42:36 nimbus-eth1-mainnet-long-benchmark[2924939]: INF 2026-08-19 07:42:36.913+00:00 Imported blocks                            blockNumber=10371073 slot=1 blocks=10371072 txs=750112455 mgas=45268881 bps=64.26 tps=10756 mgps=726.6 avgBps=197.9 avgTps=14312 avgMGps=863.7 elapsed=14h33m30s
Aug 19 07:44:43 nimbus-eth1-mainnet-long-benchmark[2924939]: INF 2026-08-19 07:44:43.739+00:00 Imported blocks                            blockNumber=10379265 slot=1 blocks=10379264 txs=751483390 mgas=45360161 bps=64.59 tps=10809 mgps=719.7 avgBps=197.6 avgTps=14303 avgMGps=863.4 elapsed=14h35m37s
Aug 19 07:46:52 nimbus-eth1-mainnet-long-benchmark[2924939]: INF 2026-08-19 07:46:52.597+00:00 Imported blocks                            blockNumber=10387457 slot=1 blocks=10387456 txs=752807028 mgas=45451514 bps=63.57 tps=10272 mgps=709.0 avgBps=197.2 avgTps=14293 avgMGps=863.0 elapsed=14h37m46s
Aug 19 07:49:03 nimbus-eth1-mainnet-long-benchmark[2924939]: INF 2026-08-19 07:49:03.403+00:00 Imported blocks                            blockNumber=10395649 slot=1 blocks=10395648 txs=753983840 mgas=45543706 bps=62.63 tps=8996 mgps=704.8 avgBps=196.9 avgTps=14280 avgMGps=862.6 elapsed=14h39m56s
Aug 19 07:51:10 nimbus-eth1-mainnet-long-benchmark[2924939]: INF 2026-08-19 07:51:10.113+00:00 Imported blocks                            blockNumber=10403841 slot=1 blocks=10403840 txs=755114741 mgas=45635897 bps=64.65 tps=8925 mgps=727.6 avgBps=196.6 avgTps=14268 avgMGps=862.3 elapsed=14h42m3s
Aug 19 07:53:17 nimbus-eth1-mainnet-long-benchmark[2924939]: INF 2026-08-19 07:53:17.839+00:00 Imported blocks                            blockNumber=10412033 slot=1 blocks=10412032 txs=756480097 mgas=45727415 bps=64.14 tps=10689 mgps=716.5 avgBps=196.3 avgTps=14259 avgMGps=861.9 elapsed=14h44m11s
Aug 19 07:55:23 nimbus-eth1-mainnet-long-benchmark[2924939]: INF 2026-08-19 07:55:23.737+00:00 Imported blocks                            blockNumber=10420225 slot=1 blocks=10420224 txs=757830558 mgas=45818973 bps=65.07 tps=10726 mgps=727.2 avgBps=196.0 avgTps=14251 avgMGps=861.6 elapsed=14h46m17s
Aug 19 07:57:35 nimbus-eth1-mainnet-long-benchmark[2924939]: INF 2026-08-19 07:57:35.443+00:00 Imported blocks                            blockNumber=10428417 slot=1 blocks=10428416 txs=759155837 mgas=45912026 bps=62.20 tps=10062 mgps=706.5 avgBps=195.6 avgTps=14240 avgMGps=861.2 elapsed=14h48m28s
Aug 19 07:59:44 nimbus-eth1-mainnet-long-benchmark[2924939]: INF 2026-08-19 07:59:44.172+00:00 Imported blocks                            blockNumber=10436609 slot=1 blocks=10436608 txs=760471288 mgas=46004450 bps=63.64 tps=10218 mgps=717.9 avgBps=195.3 avgTps=14230 avgMGps=860.9 elapsed=14h50m37s
Aug 19 08:01:55 nimbus-eth1-mainnet-long-benchmark[2924939]: INF 2026-08-19 08:01:55.194+00:00 Imported blocks                            blockNumber=10444801 slot=1 blocks=10444800 txs=761751831 mgas=46096274 bps=62.53 tps=9773 mgps=700.8 avgBps=195.0 avgTps=14220 avgMGps=860.5 elapsed=14h52m48s
Aug 19 08:04:03 nimbus-eth1-mainnet-long-benchmark[2924939]: INF 2026-08-19 08:04:03.344+00:00 Imported blocks                            blockNumber=10452993 slot=1 blocks=10452992 txs=763138461 mgas=46188952 bps=63.92 tps=10820 mgps=723.2 avgBps=194.7 avgTps=14211 avgMGps=860.2 elapsed=14h54m56s
Aug 19 08:06:16 nimbus-eth1-mainnet-long-benchmark[2924939]: INF 2026-08-19 08:06:16.218+00:00 Imported blocks                            blockNumber=10461185 slot=1 blocks=10461184 txs=764489034 mgas=46282395 bps=61.65 tps=10164 mgps=703.2 avgBps=194.3 avgTps=14201 avgMGps=859.8 elapsed=14h57m9s
Aug 19 08:08:22 nimbus-eth1-mainnet-long-benchmark[2924939]: INF 2026-08-19 08:08:22.140+00:00 Imported blocks                            blockNumber=10469377 slot=1 blocks=10469376 txs=765902255 mgas=46375803 bps=65.06 tps=11222 mgps=741.8 avgBps=194.0 avgTps=14195 avgMGps=859.5 elapsed=14h59m15s
Aug 19 08:10:21 nimbus-eth1-mainnet-long-benchmark[2924939]: INF 2026-08-19 08:10:21.938+00:00 Imported blocks                            blockNumber=10477569 slot=1 blocks=10477568 txs=767312107 mgas=46467616 bps=68.38 tps=11768 mgps=766.4 avgBps=193.8 avgTps=14189 avgMGps=859.3 elapsed=15h1m15s
Aug 19 08:12:29 nimbus-eth1-mainnet-long-benchmark[2924939]: INF 2026-08-19 08:12:29.792+00:00 Imported blocks                            blockNumber=10485761 slot=1 blocks=10485760 txs=768637253 mgas=46560108 bps=64.07 tps=10364 mgps=723.4 avgBps=193.5 avgTps=14180 avgMGps=859.0 elapsed=15h3m23s
Aug 19 08:14:40 nimbus-eth1-mainnet-long-benchmark[2924939]: INF 2026-08-19 08:14:40.314+00:00 Imported blocks                            blockNumber=10493953 slot=1 blocks=10493952 txs=769997728 mgas=46653483 bps=62.76 tps=10423 mgps=715.4 avgBps=193.1 avgTps=14171 avgMGps=858.6 elapsed=15h5m33s
Aug 19 08:16:47 nimbus-eth1-mainnet-long-benchmark[2924939]: INF 2026-08-19 08:16:47.972+00:00 Imported blocks                            blockNumber=10502145 slot=1 blocks=10502144 txs=771475005 mgas=46746512 bps=64.17 tps=11571 mgps=728.7 avgBps=192.8 avgTps=14165 avgMGps=858.3 elapsed=15h7m41s
Aug 19 08:18:57 nimbus-eth1-mainnet-long-benchmark[2924939]: INF 2026-08-19 08:18:57.862+00:00 Imported blocks                            blockNumber=10510337 slot=1 blocks=10510336 txs=772933917 mgas=46839907 bps=63.07 tps=11231 mgps=719.0 avgBps=192.5 avgTps=14158 avgMGps=858.0 elapsed=15h9m51s
Aug 19 08:21:12 nimbus-eth1-mainnet-long-benchmark[2924939]: INF 2026-08-19 08:21:12.628+00:00 Imported blocks                            blockNumber=10518529 slot=1 blocks=10518528 txs=774341464 mgas=46933788 bps=60.79 tps=10444 mgps=696.6 avgBps=192.2 avgTps=14149 avgMGps=857.6 elapsed=15h12m6s
Aug 19 08:23:25 nimbus-eth1-mainnet-long-benchmark[2924939]: INF 2026-08-19 08:23:25.614+00:00 Imported blocks                            blockNumber=10526721 slot=1 blocks=10526720 txs=775783173 mgas=47028798 bps=61.60 tps=10841 mgps=714.4 avgBps=191.9 avgTps=14141 avgMGps=857.3 elapsed=15h14m19s
Aug 19 08:25:46 nimbus-eth1-mainnet-long-benchmark[2924939]: INF 2026-08-19 08:25:46.476+00:00 Imported blocks                            blockNumber=10534913 slot=1 blocks=10534912 txs=777300771 mgas=47127323 bps=58.16 tps=10773 mgps=699.4 avgBps=191.5 avgTps=14132 avgMGps=856.9 elapsed=15h16m39s
Aug 19 08:28:05 nimbus-eth1-mainnet-long-benchmark[2924939]: INF 2026-08-19 08:28:05.265+00:00 Imported blocks                            blockNumber=10543105 slot=1 blocks=10543104 txs=778827853 mgas=47226202 bps=59.03 tps=11002 mgps=712.4 avgBps=191.2 avgTps=14124 avgMGps=856.5 elapsed=15h18m58s
Aug 19 08:30:26 nimbus-eth1-mainnet-long-benchmark[2924939]: INF 2026-08-19 08:30:26.047+00:00 Imported blocks                            blockNumber=10551297 slot=1 blocks=10551296 txs=780357159 mgas=47324765 bps=58.19 tps=10862 mgps=700.1 avgBps=190.9 avgTps=14116 avgMGps=856.1 elapsed=15h21m19s
Aug 19 08:32:37 nimbus-eth1-mainnet-long-benchmark[2924939]: INF 2026-08-19 08:32:37.457+00:00 Imported blocks                            blockNumber=10559489 slot=1 blocks=10559488 txs=781845193 mgas=47422885 bps=62.34 tps=11323 mgps=746.7 avgBps=190.6 avgTps=14109 avgMGps=855.8 elapsed=15h23m30s
Aug 19 08:34:51 nimbus-eth1-mainnet-long-benchmark[2924939]: INF 2026-08-19 08:34:51.839+00:00 Imported blocks                            blockNumber=10567681 slot=1 blocks=10567680 txs=783391094 mgas=47521291 bps=60.96 tps=11503 mgps=732.3 avgBps=190.3 avgTps=14103 avgMGps=855.5 elapsed=15h25m45s
Aug 19 08:37:08 nimbus-eth1-mainnet-long-benchmark[2924939]: INF 2026-08-19 08:37:08.573+00:00 Imported blocks                            blockNumber=10575873 slot=1 blocks=10575872 txs=784873024 mgas=47619423 bps=59.91 tps=10838 mgps=717.7 avgBps=189.9 avgTps=14095 avgMGps=855.2 elapsed=15h28m2s
Aug 19 08:39:26 nimbus-eth1-mainnet-long-benchmark[2924939]: INF 2026-08-19 08:39:26.575+00:00 Imported blocks                            blockNumber=10584065 slot=1 blocks=10584064 txs=786265226 mgas=47717647 bps=59.36 tps=10088 mgps=711.8 avgBps=189.6 avgTps=14085 avgMGps=854.8 elapsed=15h30m20s
Aug 19 08:41:41 nimbus-eth1-mainnet-long-benchmark[2924939]: INF 2026-08-19 08:41:41.084+00:00 Imported blocks                            blockNumber=10592257 slot=1 blocks=10592256 txs=787798291 mgas=47815710 bps=60.90 tps=11397 mgps=729.0 avgBps=189.3 avgTps=14079 avgMGps=854.5 elapsed=15h32m34s
Aug 19 08:43:58 nimbus-eth1-mainnet-long-benchmark[2924939]: INF 2026-08-19 08:43:58.118+00:00 Imported blocks                            blockNumber=10600449 slot=1 blocks=10600448 txs=789318754 mgas=47913787 bps=59.78 tps=11095 mgps=715.7 avgBps=189.0 avgTps=14071 avgMGps=854.2 elapsed=15h34m51s
Aug 19 08:46:12 nimbus-eth1-mainnet-long-benchmark[2924939]: INF 2026-08-19 08:46:12.944+00:00 Imported blocks                            blockNumber=10608641 slot=1 blocks=10608640 txs=790804386 mgas=48011430 bps=60.76 tps=11018 mgps=724.2 avgBps=188.7 avgTps=14064 avgMGps=853.9 elapsed=15h37m6s
Aug 19 08:48:25 nimbus-eth1-mainnet-long-benchmark[2924939]: INF 2026-08-19 08:48:25.414+00:00 Imported blocks                            blockNumber=10616833 slot=1 blocks=10616832 txs=792341515 mgas=48109524 bps=61.84 tps=11603 mgps=740.5 avgBps=188.4 avgTps=14058 avgMGps=853.6 elapsed=15h39m18s
Aug 19 08:50:36 nimbus-eth1-mainnet-long-benchmark[2924939]: INF 2026-08-19 08:50:36.252+00:00 Imported blocks                            blockNumber=10625025 slot=1 blocks=10625024 txs=793872924 mgas=48207092 bps=62.61 tps=11704 mgps=745.7 avgBps=188.1 avgTps=14053 avgMGps=853.4 elapsed=15h41m29s
Aug 19 08:52:46 nimbus-eth1-mainnet-long-benchmark[2924939]: INF 2026-08-19 08:52:46.930+00:00 Imported blocks                            blockNumber=10633217 slot=1 blocks=10633216 txs=795477953 mgas=48305620 bps=62.69 tps=12282 mgps=754.0 avgBps=187.8 avgTps=14049 avgMGps=853.1 elapsed=15h43m40s
Aug 19 08:54:55 nimbus-eth1-mainnet-long-benchmark[2924939]: INF 2026-08-19 08:54:55.660+00:00 Imported blocks                            blockNumber=10641409 slot=1 blocks=10641408 txs=797059644 mgas=48403729 bps=63.64 tps=12286 mgps=762.1 avgBps=187.5 avgTps=14045 avgMGps=852.9 elapsed=15h45m49s
Aug 19 08:56:59 nimbus-eth1-mainnet-long-benchmark[2924939]: INF 2026-08-19 08:56:59.466+00:00 Imported blocks                            blockNumber=10649601 slot=1 blocks=10649600 txs=798593517 mgas=48502051 bps=66.17 tps=12389 mgps=794.2 avgBps=187.3 avgTps=14041 avgMGps=852.8 elapsed=15h47m52s
Aug 19 08:59:05 nimbus-eth1-mainnet-long-benchmark[2924939]: INF 2026-08-19 08:59:05.116+00:00 Imported blocks                            blockNumber=10657793 slot=1 blocks=10657792 txs=800150333 mgas=48600803 bps=65.20 tps=12389 mgps=785.9 avgBps=187.0 avgTps=14038 avgMGps=852.7 elapsed=15h49m58s
Aug 19 09:01:16 nimbus-eth1-mainnet-long-benchmark[2924939]: INF 2026-08-19 09:01:16.762+00:00 Imported blocks                            blockNumber=10665985 slot=1 blocks=10665984 txs=801605653 mgas=48699222 bps=62.23 tps=11054 mgps=747.6 avgBps=186.7 avgTps=14031 avgMGps=852.4 elapsed=15h52m10s
Aug 19 09:03:27 nimbus-eth1-mainnet-long-benchmark[2924939]: INF 2026-08-19 09:03:27.072+00:00 Imported blocks                            blockNumber=10674177 slot=1 blocks=10674176 txs=803005481 mgas=48798078 bps=62.86 tps=10742 mgps=758.6 avgBps=186.4 avgTps=14023 avgMGps=852.2 elapsed=15h54m20s
Aug 19 09:05:35 nimbus-eth1-mainnet-long-benchmark[2924939]: INF 2026-08-19 09:05:35.222+00:00 Imported blocks                            blockNumber=10682369 slot=1 blocks=10682368 txs=804548663 mgas=48897143 bps=63.93 tps=12042 mgps=773.1 avgBps=186.1 avgTps=14019 avgMGps=852.0 elapsed=15h56m28s
Aug 19 09:07:42 nimbus-eth1-mainnet-long-benchmark[2924939]: INF 2026-08-19 09:07:42.568+00:00 Imported blocks                            blockNumber=10690561 slot=1 blocks=10690560 txs=806090298 mgas=48995978 bps=64.33 tps=12105 mgps=776.1 avgBps=185.9 avgTps=14015 avgMGps=851.9 elapsed=15h58m36s
Aug 19 09:09:52 nimbus-eth1-mainnet-long-benchmark[2924939]: INF 2026-08-19 09:09:52.734+00:00 Imported blocks                            blockNumber=10698753 slot=1 blocks=10698752 txs=807585637 mgas=49095032 bps=62.94 tps=11488 mgps=761.0 avgBps=185.6 avgTps=14009 avgMGps=851.7 elapsed=16h46s255ms
Aug 19 09:12:06 nimbus-eth1-mainnet-long-benchmark[2924939]: INF 2026-08-19 09:12:06.808+00:00 Imported blocks                            blockNumber=10706945 slot=1 blocks=10706944 txs=809121090 mgas=49194238 bps=61.10 tps=11452 mgps=739.9 avgBps=185.3 avgTps=14003 avgMGps=851.4 elapsed=16h3m328ms
Aug 19 09:14:19 nimbus-eth1-mainnet-long-benchmark[2924939]: INF 2026-08-19 09:14:19.713+00:00 Imported blocks                            blockNumber=10715137 slot=1 blocks=10715136 txs=810532950 mgas=49292671 bps=61.64 tps=10622 mgps=740.6 avgBps=185.0 avgTps=13995 avgMGps=851.1 elapsed=16h5m13s
Aug 19 09:16:32 nimbus-eth1-mainnet-long-benchmark[2924939]: INF 2026-08-19 09:16:32.627+00:00 Imported blocks                            blockNumber=10723329 slot=1 blocks=10723328 txs=811998890 mgas=49391594 bps=61.63 tps=11029 mgps=744.3 avgBps=184.7 avgTps=13988 avgMGps=850.9 elapsed=16h7m26s
Aug 19 09:18:43 nimbus-eth1-mainnet-long-benchmark[2924939]: INF 2026-08-19 09:18:43.853+00:00 Imported blocks                            blockNumber=10731521 slot=1 blocks=10731520 txs=813443969 mgas=49490651 bps=62.43 tps=11012 mgps=754.9 avgBps=184.5 avgTps=13982 avgMGps=850.7 elapsed=16h9m37s
Aug 19 09:20:58 nimbus-eth1-mainnet-long-benchmark[2924939]: INF 2026-08-19 09:20:58.451+00:00 Imported blocks                            blockNumber=10739713 slot=1 blocks=10739712 txs=814853567 mgas=49589487 bps=60.86 tps=10472 mgps=734.3 avgBps=184.2 avgTps=13974 avgMGps=850.4 elapsed=16h11m51s
Aug 19 09:23:10 nimbus-eth1-mainnet-long-benchmark[2924939]: INF 2026-08-19 09:23:10.325+00:00 Imported blocks                            blockNumber=10747905 slot=1 blocks=10747904 txs=816288256 mgas=49688091 bps=62.12 tps=10879 mgps=747.7 avgBps=183.9 avgTps=13967 avgMGps=850.2 elapsed=16h14m3s
Aug 19 09:25:18 nimbus-eth1-mainnet-long-benchmark[2924939]: INF 2026-08-19 09:25:18.823+00:00 Imported blocks                            blockNumber=10756097 slot=1 blocks=10756096 txs=817720607 mgas=49786485 bps=63.75 tps=11146 mgps=765.7 avgBps=183.6 avgTps=13960 avgMGps=850.0 elapsed=16h16m12s
Aug 19 09:27:24 nimbus-eth1-mainnet-long-benchmark[2924939]: INF 2026-08-19 09:27:24.121+00:00 Imported blocks                            blockNumber=10764289 slot=1 blocks=10764288 txs=819157056 mgas=49885480 bps=65.38 tps=11464 mgps=790.1 avgBps=183.4 avgTps=13955 avgMGps=849.9 elapsed=16h18m17s
Aug 19 09:29:27 nimbus-eth1-mainnet-long-benchmark[2924939]: INF 2026-08-19 09:29:27.063+00:00 Imported blocks                            blockNumber=10772481 slot=1 blocks=10772480 txs=820651080 mgas=49984345 bps=66.63 tps=12152 mgps=804.2 avgBps=183.1 avgTps=13951 avgMGps=849.8 elapsed=16h20m20s
Aug 19 09:31:28 nimbus-eth1-mainnet-long-benchmark[2924939]: INF 2026-08-19 09:31:28.961+00:00 Imported blocks                            blockNumber=10780673 slot=1 blocks=10780672 txs=822215293 mgas=50083289 bps=67.20 tps=12832 mgps=811.7 avgBps=182.9 avgTps=13949 avgMGps=849.7 elapsed=16h22m22s
Aug 19 09:33:30 nimbus-eth1-mainnet-long-benchmark[2924939]: INF 2026-08-19 09:33:30.851+00:00 Imported blocks                            blockNumber=10788865 slot=1 blocks=10788864 txs=823702810 mgas=50182359 bps=67.21 tps=12203 mgps=812.8 avgBps=182.7 avgTps=13945 avgMGps=849.6 elapsed=16h24m24s
Aug 19 09:35:40 nimbus-eth1-mainnet-long-benchmark[2924939]: INF 2026-08-19 09:35:40.293+00:00 Imported blocks                            blockNumber=10797057 slot=1 blocks=10797056 txs=825134208 mgas=50280990 bps=63.29 tps=11058 mgps=762.0 avgBps=182.4 avgTps=13939 avgMGps=849.4 elapsed=16h26m33s
Aug 19 09:37:50 nimbus-eth1-mainnet-long-benchmark[2924939]: INF 2026-08-19 09:37:50.963+00:00 Imported blocks                            blockNumber=10805249 slot=1 blocks=10805248 txs=826414005 mgas=50378852 bps=62.69 tps=9793 mgps=748.9 avgBps=182.1 avgTps=13930 avgMGps=849.2 elapsed=16h28m44s
Aug 19 09:40:04 nimbus-eth1-mainnet-long-benchmark[2924939]: INF 2026-08-19 09:40:04.429+00:00 Imported blocks                            blockNumber=10813441 slot=1 blocks=10813440 txs=827728080 mgas=50478221 bps=61.38 tps=9845 mgps=744.5 avgBps=181.9 avgTps=13921 avgMGps=849.0 elapsed=16h30m57s
Aug 19 09:42:20 nimbus-eth1-mainnet-long-benchmark[2924939]: INF 2026-08-19 09:42:20.027+00:00 Imported blocks                            blockNumber=10821633 slot=1 blocks=10821632 txs=829054380 mgas=50577072 bps=60.41 tps=9781 mgps=729.0 avgBps=181.6 avgTps=13911 avgMGps=848.7 elapsed=16h33m13s
Aug 19 09:44:30 nimbus-eth1-mainnet-long-benchmark[2924939]: INF 2026-08-19 09:44:30.553+00:00 Imported blocks                            blockNumber=10829825 slot=1 blocks=10829824 txs=830352008 mgas=50676241 bps=62.76 tps=9941 mgps=759.8 avgBps=181.3 avgTps=13903 avgMGps=848.5 elapsed=16h35m24s
Aug 19 09:46:40 nimbus-eth1-mainnet-long-benchmark[2924939]: INF 2026-08-19 09:46:40.087+00:00 Imported blocks                            blockNumber=10838017 slot=1 blocks=10838016 txs=831728887 mgas=50775181 bps=63.24 tps=10629 mgps=763.8 avgBps=181.1 avgTps=13896 avgMGps=848.3 elapsed=16h37m33s
Aug 19 09:48:55 nimbus-eth1-mainnet-long-benchmark[2924939]: INF 2026-08-19 09:48:55.965+00:00 Imported blocks                            blockNumber=10846209 slot=1 blocks=10846208 txs=833075106 mgas=50874585 bps=60.29 tps=9907 mgps=731.6 avgBps=180.8 avgTps=13887 avgMGps=848.1 elapsed=16h39m49s
Aug 19 09:51:10 nimbus-eth1-mainnet-long-benchmark[2924939]: INF 2026-08-19 09:51:10.398+00:00 Imported blocks                            blockNumber=10854401 slot=1 blocks=10854400 txs=834398358 mgas=50973836 bps=60.94 tps=9843 mgps=738.3 avgBps=180.5 avgTps=13877 avgMGps=847.8 elapsed=16h42m3s
Aug 19 09:53:27 nimbus-eth1-mainnet-long-benchmark[2924939]: INF 2026-08-19 09:53:27.196+00:00 Imported blocks                            blockNumber=10862593 slot=1 blocks=10862592 txs=835733334 mgas=51073331 bps=59.88 tps=9758 mgps=727.3 avgBps=180.3 avgTps=13868 avgMGps=847.5 elapsed=16h44m20s
Aug 19 09:55:41 nimbus-eth1-mainnet-long-benchmark[2924939]: INF 2026-08-19 09:55:41.666+00:00 Imported blocks                            blockNumber=10870785 slot=1 blocks=10870784 txs=837074699 mgas=51172891 bps=60.92 tps=9975 mgps=740.4 avgBps=180.0 avgTps=13859 avgMGps=847.3 elapsed=16h46m35s
Aug 19 09:57:53 nimbus-eth1-mainnet-long-benchmark[2924939]: INF 2026-08-19 09:57:53.608+00:00 Imported blocks                            blockNumber=10878977 slot=1 blocks=10878976 txs=838544835 mgas=51272153 bps=62.09 tps=11141 mgps=752.3 avgBps=179.7 avgTps=13854 avgMGps=847.1 elapsed=16h48m47s
Aug 19 10:00:00 nimbus-eth1-mainnet-long-benchmark[2924939]: INF 2026-08-19 10:00:00.154+00:00 Imported blocks                            blockNumber=10887169 slot=1 blocks=10887168 txs=840230623 mgas=51371703 bps=64.74 tps=13321 mgps=786.7 avgBps=179.5 avgTps=13852 avgMGps=847.0 elapsed=16h50m53s
Aug 19 10:02:13 nimbus-eth1-mainnet-long-benchmark[2924939]: INF 2026-08-19 10:02:13.500+00:00 Imported blocks                            blockNumber=10895361 slot=1 blocks=10895360 txs=841625636 mgas=51471056 bps=61.43 tps=10461 mgps=745.1 avgBps=179.2 avgTps=13845 avgMGps=846.7 elapsed=16h53m7s
Aug 19 10:04:26 nimbus-eth1-mainnet-long-benchmark[2924939]: INF 2026-08-19 10:04:26.334+00:00 Imported blocks                            blockNumber=10903553 slot=1 blocks=10903552 txs=842978836 mgas=51570186 bps=61.67 tps=10187 mgps=746.3 avgBps=179.0 avgTps=13837 avgMGps=846.5 elapsed=16h55m19s
Aug 19 10:06:40 nimbus-eth1-mainnet-long-benchmark[2924939]: INF 2026-08-19 10:06:40.328+00:00 Imported blocks                            blockNumber=10911745 slot=1 blocks=10911744 txs=844414970 mgas=51669201 bps=61.13 tps=10717 mgps=738.9 avgBps=178.7 avgTps=13830 avgMGps=846.3 elapsed=16h57m33s
Aug 19 10:08:52 nimbus-eth1-mainnet-long-benchmark[2924939]: INF 2026-08-19 10:08:52.469+00:00 Imported blocks                            blockNumber=10919937 slot=1 blocks=10919936 txs=845787076 mgas=51768410 bps=62.00 tps=10383 mgps=750.8 avgBps=178.5 avgTps=13823 avgMGps=846.1 elapsed=16h59m45s
Aug 19 10:11:06 nimbus-eth1-mainnet-long-benchmark[2924939]: INF 2026-08-19 10:11:06.167+00:00 Imported blocks                            blockNumber=10928129 slot=1 blocks=10928128 txs=847125225 mgas=51867610 bps=61.27 tps=10008 mgps=742.0 avgBps=178.2 avgTps=13814 avgMGps=845.9 elapsed=17h1m59s
Aug 19 10:13:19 nimbus-eth1-mainnet-long-benchmark[2924939]: INF 2026-08-19 10:13:19.629+00:00 Imported blocks                            blockNumber=10936321 slot=1 blocks=10936320 txs=848428975 mgas=51966820 bps=61.38 tps=9768 mgps=743.4 avgBps=178.0 avgTps=13806 avgMGps=845.6 elapsed=17h4m13s
Aug 19 10:15:32 nimbus-eth1-mainnet-long-benchmark[2924939]: INF 2026-08-19 10:15:32.463+00:00 Imported blocks                            blockNumber=10944513 slot=1 blocks=10944512 txs=849712183 mgas=52066431 bps=61.67 tps=9660 mgps=749.9 avgBps=177.7 avgTps=13797 avgMGps=845.4 elapsed=17h6m25s
Aug 19 10:17:40 nimbus-eth1-mainnet-long-benchmark[2924939]: INF 2026-08-19 10:17:40.517+00:00 Imported blocks                            blockNumber=10952705 slot=1 blocks=10952704 txs=851031984 mgas=52165963 bps=63.97 tps=10306 mgps=777.3 avgBps=177.5 avgTps=13789 avgMGps=845.3 elapsed=17h8m34s
Aug 19 10:19:51 nimbus-eth1-mainnet-long-benchmark[2924939]: INF 2026-08-19 10:19:51.331+00:00 Imported blocks                            blockNumber=10960897 slot=1 blocks=10960896 txs=852384620 mgas=52265273 bps=62.62 tps=10339 mgps=759.2 avgBps=177.2 avgTps=13782 avgMGps=845.1 elapsed=17h10m44s
Aug 19 10:22:03 nimbus-eth1-mainnet-long-benchmark[2924939]: INF 2026-08-19 10:22:03.773+00:00 Imported blocks                            blockNumber=10969089 slot=1 blocks=10969088 txs=853759722 mgas=52364739 bps=61.85 tps=10382 mgps=751.0 avgBps=177.0 avgTps=13775 avgMGps=844.9 elapsed=17h12m57s
Aug 19 10:24:20 nimbus-eth1-mainnet-long-benchmark[2924939]: INF 2026-08-19 10:24:20.679+00:00 Imported blocks                            blockNumber=10977281 slot=1 blocks=10977280 txs=855078452 mgas=52464367 bps=59.84 tps=9632 mgps=727.7 avgBps=176.7 avgTps=13766 avgMGps=844.6 elapsed=17h15m14s
Aug 19 10:26:34 nimbus-eth1-mainnet-long-benchmark[2924939]: INF 2026-08-19 10:26:34.053+00:00 Imported blocks                            blockNumber=10985473 slot=1 blocks=10985472 txs=856305718 mgas=52564037 bps=61.42 tps=9201 mgps=747.3 avgBps=176.5 avgTps=13756 avgMGps=844.4 elapsed=17h17m27s
Aug 19 10:28:47 nimbus-eth1-mainnet-long-benchmark[2924939]: INF 2026-08-19 10:28:47.026+00:00 Imported blocks                            blockNumber=10993665 slot=1 blocks=10993664 txs=857557352 mgas=52663802 bps=61.61 tps=9412 mgps=750.3 avgBps=176.2 avgTps=13747 avgMGps=844.2 elapsed=17h19m40s
Aug 19 10:31:01 nimbus-eth1-mainnet-long-benchmark[2924939]: INF 2026-08-19 10:31:01.320+00:00 Imported blocks                            blockNumber=11001857 slot=1 blocks=11001856 txs=858913944 mgas=52763421 bps=61.00 tps=10101 mgps=741.8 avgBps=176.0 avgTps=13739 avgMGps=844.0 elapsed=17h21m54s
Aug 19 10:33:15 nimbus-eth1-mainnet-long-benchmark[2924939]: INF 2026-08-19 10:33:15.874+00:00 Imported blocks                            blockNumber=11010049 slot=1 blocks=11010048 txs=860292461 mgas=52862906 bps=60.88 tps=10245 mgps=739.4 avgBps=175.7 avgTps=13731 avgMGps=843.8 elapsed=17h24m9s
Aug 19 10:35:26 nimbus-eth1-mainnet-long-benchmark[2924939]: INF 2026-08-19 10:35:26.396+00:00 Imported blocks                            blockNumber=11018241 slot=1 blocks=11018240 txs=861568203 mgas=52961281 bps=62.76 tps=9774 mgps=753.7 avgBps=175.5 avgTps=13723 avgMGps=843.6 elapsed=17h26m19s
Aug 19 10:37:39 nimbus-eth1-mainnet-long-benchmark[2924939]: INF 2026-08-19 10:37:39.334+00:00 Imported blocks                            blockNumber=11026433 slot=1 blocks=11026432 txs=862922693 mgas=53060579 bps=61.62 tps=10188 mgps=747.0 avgBps=175.3 avgTps=13716 avgMGps=843.4 elapsed=17h28m32s
Aug 19 10:39:48 nimbus-eth1-mainnet-long-benchmark[2924939]: INF 2026-08-19 10:39:48.220+00:00 Imported blocks                            blockNumber=11034625 slot=1 blocks=11034624 txs=864232805 mgas=53157766 bps=63.56 tps=10164 mgps=754.1 avgBps=175.0 avgTps=13708 avgMGps=843.2 elapsed=17h30m41s
Aug 19 10:42:01 nimbus-eth1-mainnet-long-benchmark[2924939]: INF 2026-08-19 10:42:01.666+00:00 Imported blocks                            blockNumber=11042817 slot=1 blocks=11042816 txs=865566908 mgas=53257011 bps=61.39 tps=9997 mgps=743.7 avgBps=174.8 avgTps=13701 avgMGps=843.0 elapsed=17h32m55s
Aug 19 10:44:15 nimbus-eth1-mainnet-long-benchmark[2924939]: INF 2026-08-19 10:44:15.704+00:00 Imported blocks                            blockNumber=11051009 slot=1 blocks=11051008 txs=866930637 mgas=53356769 bps=61.11 tps=10173 mgps=744.2 avgBps=174.6 avgTps=13693 avgMGps=842.8 elapsed=17h35m9s
Aug 19 10:46:29 nimbus-eth1-mainnet-long-benchmark[2924939]: INF 2026-08-19 10:46:29.909+00:00 Imported blocks                            blockNumber=11059201 slot=1 blocks=11059200 txs=868363931 mgas=53456581 bps=61.04 tps=10679 mgps=743.7 avgBps=174.3 avgTps=13687 avgMGps=842.6 elapsed=17h37m23s
Aug 19 10:48:50 nimbus-eth1-mainnet-long-benchmark[2924939]: INF 2026-08-19 10:48:50.823+00:00 Imported blocks                            blockNumber=11067393 slot=1 blocks=11067392 txs=869917977 mgas=53556446 bps=58.13 tps=11028 mgps=708.7 avgBps=174.1 avgTps=13681 avgMGps=842.3 elapsed=17h39m44s
Aug 19 10:51:10 nimbus-eth1-mainnet-long-benchmark[2924939]: INF 2026-08-19 10:51:10.585+00:00 Imported blocks                            blockNumber=11075585 slot=1 blocks=11075584 txs=871266553 mgas=53655938 bps=58.61 tps=9649 mgps=711.9 avgBps=173.8 avgTps=13672 avgMGps=842.0 elapsed=17h42m4s
Aug 19 10:53:28 nimbus-eth1-mainnet-long-benchmark[2924939]: INF 2026-08-19 10:53:28.015+00:00 Imported blocks                            blockNumber=11083777 slot=1 blocks=11083776 txs=872514587 mgas=53755568 bps=59.61 tps=9081 mgps=724.9 avgBps=173.6 avgTps=13662 avgMGps=841.8 elapsed=17h44m21s
Aug 19 10:55:48 nimbus-eth1-mainnet-long-benchmark[2924939]: INF 2026-08-19 10:55:48.513+00:00 Imported blocks                            blockNumber=11091969 slot=1 blocks=11091968 txs=873916102 mgas=53855242 bps=58.31 tps=9975 mgps=709.4 avgBps=173.3 avgTps=13654 avgMGps=841.5 elapsed=17h46m42s
Aug 19 10:58:08 nimbus-eth1-mainnet-long-benchmark[2924939]: INF 2026-08-19 10:58:08.418+00:00 Imported blocks                            blockNumber=11100161 slot=1 blocks=11100160 txs=875363864 mgas=53954983 bps=58.56 tps=10348 mgps=712.9 avgBps=173.1 avgTps=13647 avgMGps=841.2 elapsed=17h49m1s
Aug 19 11:00:30 nimbus-eth1-mainnet-long-benchmark[2924939]: INF 2026-08-19 11:00:30.576+00:00 Imported blocks                            blockNumber=11108353 slot=1 blocks=11108352 txs=876849008 mgas=54054812 bps=57.63 tps=10447 mgps=702.2 avgBps=172.8 avgTps=13640 avgMGps=840.9 elapsed=17h51m24s
Aug 19 11:02:48 nimbus-eth1-mainnet-long-benchmark[2924939]: INF 2026-08-19 11:02:48.734+00:00 Imported blocks                            blockNumber=11116545 slot=1 blocks=11116544 txs=878247825 mgas=54154483 bps=59.29 tps=10124 mgps=721.4 avgBps=172.6 avgTps=13632 avgMGps=840.6 elapsed=17h53m42s
Aug 19 11:05:03 nimbus-eth1-mainnet-long-benchmark[2924939]: INF 2026-08-19 11:05:03.812+00:00 Imported blocks                            blockNumber=11124737 slot=1 blocks=11124736 txs=879517986 mgas=54254233 bps=60.65 tps=9403 mgps=738.5 avgBps=172.3 avgTps=13623 avgMGps=840.4 elapsed=17h55m57s
Aug 19 11:07:20 nimbus-eth1-mainnet-long-benchmark[2924939]: INF 2026-08-19 11:07:20.526+00:00 Imported blocks                            blockNumber=11132929 slot=1 blocks=11132928 txs=880838951 mgas=54354407 bps=59.92 tps=9662 mgps=732.7 avgBps=172.1 avgTps=13615 avgMGps=840.2 elapsed=17h58m14s
Aug 19 11:09:38 nimbus-eth1-mainnet-long-benchmark[2924939]: INF 2026-08-19 11:09:38.691+00:00 Imported blocks                            blockNumber=11141121 slot=1 blocks=11141120 txs=882164625 mgas=54454305 bps=59.29 tps=9594 mgps=723.0 avgBps=171.8 avgTps=13606 avgMGps=839.9 elapsed=18h32s213ms
Aug 19 11:11:54 nimbus-eth1-mainnet-long-benchmark[2924939]: INF 2026-08-19 11:11:54.941+00:00 Imported blocks                            blockNumber=11149313 slot=1 blocks=11149312 txs=883567563 mgas=54554157 bps=60.12 tps=10296 mgps=732.9 avgBps=171.6 avgTps=13599 avgMGps=839.7 elapsed=18h2m48s
Aug 19 11:14:09 nimbus-eth1-mainnet-long-benchmark[2924939]: INF 2026-08-19 11:14:09.527+00:00 Imported blocks                            blockNumber=11157505 slot=1 blocks=11157504 txs=884995075 mgas=54654006 bps=60.87 tps=10606 mgps=741.9 avgBps=171.4 avgTps=13593 avgMGps=839.5 elapsed=18h5m3s
Aug 19 11:16:25 nimbus-eth1-mainnet-long-benchmark[2924939]: INF 2026-08-19 11:16:25.481+00:00 Imported blocks                            blockNumber=11165697 slot=1 blocks=11165696 txs=886394091 mgas=54753831 bps=60.26 tps=10290 mgps=734.3 avgBps=171.2 avgTps=13586 avgMGps=839.3 elapsed=18h7m19s
Aug 19 11:18:43 nimbus-eth1-mainnet-long-benchmark[2924939]: INF 2026-08-19 11:18:43.003+00:00 Imported blocks                            blockNumber=11173889 slot=1 blocks=11173888 txs=887688111 mgas=54853481 bps=59.57 tps=9409 mgps=724.6 avgBps=170.9 avgTps=13578 avgMGps=839.0 elapsed=18h9m36s
Aug 19 11:21:04 nimbus-eth1-mainnet-long-benchmark[2924939]: INF 2026-08-19 11:21:04.600+00:00 Imported blocks                            blockNumber=11182081 slot=1 blocks=11182080 txs=889126731 mgas=54953413 bps=57.85 tps=10159 mgps=705.7 avgBps=170.7 avgTps=13570 avgMGps=838.8 elapsed=18h11m58s
Aug 19 11:23:23 nimbus-eth1-mainnet-long-benchmark[2924939]: INF 2026-08-19 11:23:23.458+00:00 Imported blocks                            blockNumber=11190273 slot=1 blocks=11190272 txs=890565645 mgas=55053419 bps=59.00 tps=10362 mgps=720.2 avgBps=170.4 avgTps=13563 avgMGps=838.5 elapsed=18h14m16s
Aug 19 11:25:43 nimbus-eth1-mainnet-long-benchmark[2924939]: INF 2026-08-19 11:25:43.576+00:00 Imported blocks                            blockNumber=11198465 slot=1 blocks=11198464 txs=892009587 mgas=55153159 bps=58.46 tps=10304 mgps=711.8 avgBps=170.2 avgTps=13556 avgMGps=838.2 elapsed=18h16m37s
Aug 19 11:28:03 nimbus-eth1-mainnet-long-benchmark[2924939]: INF 2026-08-19 11:28:03.902+00:00 Imported blocks                            blockNumber=11206657 slot=1 blocks=11206656 txs=893422220 mgas=55252888 bps=58.38 tps=10067 mgps=710.7 avgBps=170.0 avgTps=13549 avgMGps=838.0 elapsed=18h18m57s
Aug 19 11:30:24 nimbus-eth1-mainnet-long-benchmark[2924939]: INF 2026-08-19 11:30:24.752+00:00 Imported blocks                            blockNumber=11214849 slot=1 blocks=11214848 txs=894802790 mgas=55352581 bps=58.16 tps=9801 mgps=707.8 avgBps=169.7 avgTps=13541 avgMGps=837.7 elapsed=18h21m18s
Aug 19 11:32:45 nimbus-eth1-mainnet-long-benchmark[2924939]: INF 2026-08-19 11:32:45.713+00:00 Imported blocks                            blockNumber=11223041 slot=1 blocks=11223040 txs=896185935 mgas=55452485 bps=58.12 tps=9812 mgps=708.8 avgBps=169.5 avgTps=13533 avgMGps=837.4 elapsed=18h23m39s
Aug 19 11:35:07 nimbus-eth1-mainnet-long-benchmark[2924939]: INF 2026-08-19 11:35:07.087+00:00 Imported blocks                            blockNumber=11231233 slot=1 blocks=11231232 txs=897664293 mgas=55552590 bps=57.94 tps=10456 mgps=708.1 avgBps=169.2 avgTps=13527 avgMGps=837.1 elapsed=18h26m610ms
Aug 19 11:37:26 nimbus-eth1-mainnet-long-benchmark[2924939]: INF 2026-08-19 11:37:26.921+00:00 Imported blocks                            blockNumber=11239425 slot=1 blocks=11239424 txs=899012217 mgas=55652478 bps=58.58 tps=9639 mgps=714.3 avgBps=169.0 avgTps=13518 avgMGps=836.9 elapsed=18h28m20s
Aug 19 11:39:44 nimbus-eth1-mainnet-long-benchmark[2924939]: INF 2026-08-19 11:39:44.895+00:00 Imported blocks                            blockNumber=11247617 slot=1 blocks=11247616 txs=900393491 mgas=55752700 bps=59.37 tps=10011 mgps=726.4 avgBps=168.8 avgTps=13511 avgMGps=836.6 elapsed=18h30m38s
Aug 19 11:42:02 nimbus-eth1-mainnet-long-benchmark[2924939]: INF 2026-08-19 11:42:02.397+00:00 Imported blocks                            blockNumber=11255809 slot=1 blocks=11255808 txs=901837930 mgas=55852486 bps=59.58 tps=10504 mgps=725.7 avgBps=168.6 avgTps=13505 avgMGps=836.4 elapsed=18h32m55s
Aug 19 11:44:21 nimbus-eth1-mainnet-long-benchmark[2924939]: INF 2026-08-19 11:44:21.766+00:00 Imported blocks                            blockNumber=11264001 slot=1 blocks=11264000 txs=903154009 mgas=55952377 bps=58.78 tps=9443 mgps=716.7 avgBps=168.3 avgTps=13496 avgMGps=836.2 elapsed=18h35m15s
Aug 19 11:46:41 nimbus-eth1-mainnet-long-benchmark[2924939]: INF 2026-08-19 11:46:41.660+00:00 Imported blocks                            blockNumber=11272193 slot=1 blocks=11272192 txs=904501719 mgas=56052324 bps=58.56 tps=9633 mgps=714.4 avgBps=168.1 avgTps=13488 avgMGps=835.9 elapsed=18h37m35s
Aug 19 11:49:03 nimbus-eth1-mainnet-long-benchmark[2924939]: INF 2026-08-19 11:49:03.590+00:00 Imported blocks                            blockNumber=11280385 slot=1 blocks=11280384 txs=905986224 mgas=56152175 bps=57.72 tps=10459 mgps=703.6 avgBps=167.9 avgTps=13482 avgMGps=835.6 elapsed=18h39m57s
Aug 19 11:51:28 nimbus-eth1-mainnet-long-benchmark[2924939]: INF 2026-08-19 11:51:28.192+00:00 Imported blocks                            blockNumber=11288577 slot=1 blocks=11288576 txs=907382968 mgas=56252174 bps=56.65 tps=9659 mgps=691.5 avgBps=167.6 avgTps=13474 avgMGps=835.3 elapsed=18h42m21s
Aug 19 11:53:52 nimbus-eth1-mainnet-long-benchmark[2924939]: INF 2026-08-19 11:53:52.529+00:00 Imported blocks                            blockNumber=11296769 slot=1 blocks=11296768 txs=908853868 mgas=56351959 bps=56.76 tps=10190 mgps=691.3 avgBps=167.4 avgTps=13467 avgMGps=835.0 elapsed=18h44m46s
Aug 19 11:56:19 nimbus-eth1-mainnet-long-benchmark[2924939]: INF 2026-08-19 11:56:19.135+00:00 Imported blocks                            blockNumber=11304961 slot=1 blocks=11304960 txs=910283917 mgas=56451646 bps=55.88 tps=9754 mgps=680.0 avgBps=167.2 avgTps=13459 avgMGps=834.7 elapsed=18h47m12s
Aug 19 11:58:46 nimbus-eth1-mainnet-long-benchmark[2924939]: INF 2026-08-19 11:58:46.929+00:00 Imported blocks                            blockNumber=11313153 slot=1 blocks=11313152 txs=911737756 mgas=56551313 bps=55.43 tps=9836 mgps=674.4 avgBps=166.9 avgTps=13451 avgMGps=834.3 elapsed=18h49m40s
Aug 19 12:01:13 nimbus-eth1-mainnet-long-benchmark[2924939]: INF 2026-08-19 12:01:13.198+00:00 Imported blocks                            blockNumber=11321345 slot=1 blocks=11321344 txs=913333512 mgas=56651047 bps=56.01 tps=10909 mgps=681.9 avgBps=166.7 avgTps=13445 avgMGps=834.0 elapsed=18h52m6s
Aug 19 12:03:38 nimbus-eth1-mainnet-long-benchmark[2924939]: INF 2026-08-19 12:03:38.132+00:00 Imported blocks                            blockNumber=11329537 slot=1 blocks=11329536 txs=914861548 mgas=56750835 bps=56.52 tps=10542 mgps=688.5 avgBps=166.4 avgTps=13439 avgMGps=833.7 elapsed=18h54m31s
Aug 19 12:06:03 nimbus-eth1-mainnet-long-benchmark[2924939]: INF 2026-08-19 12:06:03.094+00:00 Imported blocks                            blockNumber=11337729 slot=1 blocks=11337728 txs=916306605 mgas=56850378 bps=56.51 tps=9968 mgps=686.7 avgBps=166.2 avgTps=13432 avgMGps=833.4 elapsed=18h56m56s
Aug 19 12:08:25 nimbus-eth1-mainnet-long-benchmark[2924939]: INF 2026-08-19 12:08:25.719+00:00 Imported blocks                            blockNumber=11345921 slot=1 blocks=11345920 txs=917665904 mgas=56950452 bps=57.44 tps=9530 mgps=701.6 avgBps=166.0 avgTps=13424 avgMGps=833.1 elapsed=18h59m19s
Aug 19 12:10:46 nimbus-eth1-mainnet-long-benchmark[2924939]: INF 2026-08-19 12:10:46.897+00:00 Imported blocks                            blockNumber=11354113 slot=1 blocks=11354112 txs=918880331 mgas=57050238 bps=58.03 tps=8602 mgps=706.8 avgBps=165.8 avgTps=13414 avgMGps=832.8 elapsed=19h1m40s
Aug 19 12:13:14 nimbus-eth1-mainnet-long-benchmark[2924939]: INF 2026-08-19 12:13:14.227+00:00 Imported blocks                            blockNumber=11362305 slot=1 blocks=11362304 txs=920328870 mgas=57150115 bps=55.60 tps=9831 mgps=677.9 avgBps=165.5 avgTps=13406 avgMGps=832.5 elapsed=19h4m7s
Aug 19 12:15:39 nimbus-eth1-mainnet-long-benchmark[2924939]: INF 2026-08-19 12:15:39.876+00:00 Imported blocks                            blockNumber=11370497 slot=1 blocks=11370496 txs=921772312 mgas=57250021 bps=56.25 tps=9910 mgps=685.9 avgBps=165.3 avgTps=13399 avgMGps=832.2 elapsed=19h6m33s
Aug 19 12:18:01 nimbus-eth1-mainnet-long-benchmark[2924939]: INF 2026-08-19 12:18:01.570+00:00 Imported blocks                            blockNumber=11378689 slot=1 blocks=11378688 txs=923145258 mgas=57349515 bps=57.82 tps=9689 mgps=702.2 avgBps=165.1 avgTps=13391 avgMGps=831.9 elapsed=19h8m55s
Aug 19 12:20:26 nimbus-eth1-mainnet-long-benchmark[2924939]: INF 2026-08-19 12:20:26.964+00:00 Imported blocks                            blockNumber=11386881 slot=1 blocks=11386880 txs=924605974 mgas=57449435 bps=56.34 tps=10046 mgps=687.2 avgBps=164.8 avgTps=13384 avgMGps=831.6 elapsed=19h11m20s
Aug 19 12:22:51 nimbus-eth1-mainnet-long-benchmark[2924939]: INF 2026-08-19 12:22:51.186+00:00 Imported blocks                            blockNumber=11395073 slot=1 blocks=11395072 txs=925930845 mgas=57549237 bps=56.80 tps=9186 mgps=692.0 avgBps=164.6 avgTps=13375 avgMGps=831.3 elapsed=19h13m44s
Aug 19 12:25:13 nimbus-eth1-mainnet-long-benchmark[2924939]: INF 2026-08-19 12:25:13.295+00:00 Imported blocks                            blockNumber=11403265 slot=1 blocks=11403264 txs=927225489 mgas=57648989 bps=57.65 tps=9110 mgps=701.9 avgBps=164.4 avgTps=13366 avgMGps=831.1 elapsed=19h16m6s
Aug 19 12:27:34 nimbus-eth1-mainnet-long-benchmark[2924939]: INF 2026-08-19 12:27:34.685+00:00 Imported blocks                            blockNumber=11411457 slot=1 blocks=11411456 txs=928652652 mgas=57748925 bps=57.94 tps=10093 mgps=706.8 avgBps=164.2 avgTps=13360 avgMGps=830.8 elapsed=19h18m28s
Aug 19 12:29:58 nimbus-eth1-mainnet-long-benchmark[2924939]: INF 2026-08-19 12:29:58.003+00:00 Imported blocks                            blockNumber=11419649 slot=1 blocks=11419648 txs=930123591 mgas=57848826 bps=57.16 tps=10263 mgps=697.1 avgBps=164.0 avgTps=13353 avgMGps=830.5 elapsed=19h20m51s
Aug 19 12:32:20 nimbus-eth1-mainnet-long-benchmark[2924939]: INF 2026-08-19 12:32:20.893+00:00 Imported blocks                            blockNumber=11427841 slot=1 blocks=11427840 txs=931498085 mgas=57948784 bps=57.33 tps=9619 mgps=699.6 avgBps=163.7 avgTps=13346 avgMGps=830.3 elapsed=19h23m14s
Aug 19 12:34:42 nimbus-eth1-mainnet-long-benchmark[2924939]: INF 2026-08-19 12:34:42.058+00:00 Imported blocks                            blockNumber=11436033 slot=1 blocks=11436032 txs=932910947 mgas=58049014 bps=58.03 tps=10008 mgps=710.0 avgBps=163.5 avgTps=13339 avgMGps=830.0 elapsed=19h25m35s
Aug 19 12:37:02 nimbus-eth1-mainnet-long-benchmark[2924939]: INF 2026-08-19 12:37:02.808+00:00 Imported blocks                            blockNumber=11444225 slot=1 blocks=11444224 txs=934285196 mgas=58149068 bps=58.20 tps=9763 mgps=710.8 avgBps=163.3 avgTps=13332 avgMGps=829.8 elapsed=19h27m56s
Aug 19 12:39:25 nimbus-eth1-mainnet-long-benchmark[2924939]: INF 2026-08-19 12:39:25.862+00:00 Imported blocks                            blockNumber=11452417 slot=1 blocks=11452416 txs=935856415 mgas=58248908 bps=57.27 tps=10983 mgps=697.9 avgBps=163.1 avgTps=13327 avgMGps=829.5 elapsed=19h30m19s
Aug 19 12:41:48 nimbus-eth1-mainnet-long-benchmark[2924939]: INF 2026-08-19 12:41:48.756+00:00 Imported blocks                            blockNumber=11460609 slot=1 blocks=11460608 txs=937352294 mgas=58348919 bps=57.33 tps=10468 mgps=699.9 avgBps=162.9 avgTps=13321 avgMGps=829.3 elapsed=19h32m42s
Aug 19 12:44:14 nimbus-eth1-mainnet-long-benchmark[2924939]: INF 2026-08-19 12:44:14.093+00:00 Imported blocks                            blockNumber=11468801 slot=1 blocks=11468800 txs=938956713 mgas=58449035 bps=56.37 tps=11039 mgps=688.9 avgBps=162.7 avgTps=13317 avgMGps=829.0 elapsed=19h35m7s
Aug 19 12:46:38 nimbus-eth1-mainnet-long-benchmark[2924939]: INF 2026-08-19 12:46:38.275+00:00 Imported blocks                            blockNumber=11476993 slot=1 blocks=11476992 txs=940589831 mgas=58548856 bps=56.82 tps=11326 mgps=692.3 avgBps=162.4 avgTps=13313 avgMGps=828.7 elapsed=19h37m31s
Aug 19 12:49:09 nimbus-eth1-mainnet-long-benchmark[2924939]: INF 2026-08-19 12:49:09.429+00:00 Imported blocks                            blockNumber=11485185 slot=1 blocks=11485184 txs=942094293 mgas=58648792 bps=54.20 tps=9953 mgps=661.2 avgBps=162.2 avgTps=13305 avgMGps=828.3 elapsed=19h40m2s
Aug 19 12:51:39 nimbus-eth1-mainnet-long-benchmark[2924939]: INF 2026-08-19 12:51:39.206+00:00 Imported blocks                            blockNumber=11493377 slot=1 blocks=11493376 txs=943411990 mgas=58749292 bps=54.70 tps=8797 mgps=671.0 avgBps=162.0 avgTps=13296 avgMGps=828.0 elapsed=19h42m32s
Aug 19 12:54:04 nimbus-eth1-mainnet-long-benchmark[2924939]: INF 2026-08-19 12:54:04.068+00:00 Imported blocks                            blockNumber=11501569 slot=1 blocks=11501568 txs=944868014 mgas=58849466 bps=56.55 tps=10050 mgps=691.5 avgBps=161.8 avgTps=13289 avgMGps=827.7 elapsed=19h44m57s
Aug 19 12:56:25 nimbus-eth1-mainnet-long-benchmark[2924939]: INF 2026-08-19 12:56:25.330+00:00 Imported blocks                            blockNumber=11509761 slot=1 blocks=11509760 txs=946381337 mgas=58949472 bps=57.99 tps=10713 mgps=708.0 avgBps=161.6 avgTps=13284 avgMGps=827.5 elapsed=19h47m18s
Aug 19 12:58:51 nimbus-eth1-mainnet-long-benchmark[2924939]: INF 2026-08-19 12:58:51.239+00:00 Imported blocks                            blockNumber=11517953 slot=1 blocks=11517952 txs=947900944 mgas=59049424 bps=56.14 tps=10414 mgps=685.0 avgBps=161.4 avgTps=13278 avgMGps=827.2 elapsed=19h49m44s
Aug 19 13:01:15 nimbus-eth1-mainnet-long-benchmark[2924939]: INF 2026-08-19 13:01:15.501+00:00 Imported blocks                            blockNumber=11526145 slot=1 blocks=11526144 txs=949284350 mgas=59149231 bps=56.79 tps=9589 mgps=691.8 avgBps=161.1 avgTps=13271 avgMGps=826.9 elapsed=19h52m9s
Aug 19 13:03:46 nimbus-eth1-mainnet-long-benchmark[2924939]: INF 2026-08-19 13:03:46.039+00:00 Imported blocks                            blockNumber=11534337 slot=1 blocks=11534336 txs=950707003 mgas=59249292 bps=54.42 tps=9450 mgps=664.7 avgBps=160.9 avgTps=13263 avgMGps=826.6 elapsed=19h54m39s
Aug 19 13:06:15 nimbus-eth1-mainnet-long-benchmark[2924939]: INF 2026-08-19 13:06:15.532+00:00 Imported blocks                            blockNumber=11542529 slot=1 blocks=11542528 txs=952252480 mgas=59349223 bps=54.80 tps=10338 mgps=668.5 avgBps=160.7 avgTps=13257 avgMGps=826.3 elapsed=19h57m9s
Aug 19 13:08:43 nimbus-eth1-mainnet-long-benchmark[2924939]: INF 2026-08-19 13:08:43.226+00:00 Imported blocks                            blockNumber=11550721 slot=1 blocks=11550720 txs=953811012 mgas=59449465 bps=55.47 tps=10552 mgps=678.7 avgBps=160.5 avgTps=13251 avgMGps=826.0 elapsed=19h59m36s
Aug 19 13:11:06 nimbus-eth1-mainnet-long-benchmark[2924939]: INF 2026-08-19 13:11:06.756+00:00 Imported blocks                            blockNumber=11558913 slot=1 blocks=11558912 txs=955315448 mgas=59549227 bps=57.07 tps=10481 mgps=695.0 avgBps=160.3 avgTps=13246 avgMGps=825.7 elapsed=20h2m279ms
Aug 19 13:13:34 nimbus-eth1-mainnet-long-benchmark[2924939]: INF 2026-08-19 13:13:34.037+00:00 Imported blocks                            blockNumber=11567105 slot=1 blocks=11567104 txs=956772618 mgas=59649065 bps=55.62 tps=9893 mgps=677.9 avgBps=160.1 avgTps=13239 avgMGps=825.4 elapsed=20h4m27s
Aug 19 13:16:04 nimbus-eth1-mainnet-long-benchmark[2924939]: INF 2026-08-19 13:16:04.135+00:00 Imported blocks                            blockNumber=11575297 slot=1 blocks=11575296 txs=958194474 mgas=59749425 bps=54.58 tps=9472 mgps=668.6 avgBps=159.8 avgTps=13231 avgMGps=825.1 elapsed=20h6m57s
Aug 19 13:18:34 nimbus-eth1-mainnet-long-benchmark[2924939]: INF 2026-08-19 13:18:34.161+00:00 Imported blocks                            blockNumber=11583489 slot=1 blocks=11583488 txs=959750196 mgas=59849569 bps=54.60 tps=10369 mgps=667.5 avgBps=159.6 avgTps=13225 avgMGps=824.7 elapsed=20h9m27s
Aug 19 13:21:05 nimbus-eth1-mainnet-long-benchmark[2924939]: INF 2026-08-19 13:21:05.062+00:00 Imported blocks                            blockNumber=11591681 slot=1 blocks=11591680 txs=961324874 mgas=59949469 bps=54.29 tps=10435 mgps=662.0 avgBps=159.4 avgTps=13219 avgMGps=824.4 elapsed=20h11m58s
Aug 19 13:23:35 nimbus-eth1-mainnet-long-benchmark[2924939]: INF 2026-08-19 13:23:35.004+00:00 Imported blocks                            blockNumber=11599873 slot=1 blocks=11599872 txs=962919439 mgas=60049518 bps=54.63 tps=10634 mgps=667.2 avgBps=159.2 avgTps=13214 avgMGps=824.1 elapsed=20h14m28s
Aug 19 13:26:11 nimbus-eth1-mainnet-long-benchmark[2924939]: INF 2026-08-19 13:26:11.421+00:00 Imported blocks                            blockNumber=11608065 slot=1 blocks=11608064 txs=964578479 mgas=60149848 bps=52.37 tps=10606 mgps=641.4 avgBps=159.0 avgTps=13208 avgMGps=823.7 elapsed=20h17m4s
Aug 19 13:28:39 nimbus-eth1-mainnet-long-benchmark[2924939]: INF 2026-08-19 13:28:39.867+00:00 Imported blocks                            blockNumber=11616257 slot=1 blocks=11616256 txs=966195922 mgas=60250068 bps=55.18 tps=10895 mgps=675.1 avgBps=158.7 avgTps=13204 avgMGps=823.4 elapsed=20h19m33s
Aug 19 13:31:10 nimbus-eth1-mainnet-long-benchmark[2924939]: INF 2026-08-19 13:31:10.325+00:00 Imported blocks                            blockNumber=11624449 slot=1 blocks=11624448 txs=967728545 mgas=60350148 bps=54.45 tps=10186 mgps=665.2 avgBps=158.5 avgTps=13198 avgMGps=823.1 elapsed=20h22m3s
Aug 19 13:33:41 nimbus-eth1-mainnet-long-benchmark[2924939]: INF 2026-08-19 13:33:41.422+00:00 Imported blocks                            blockNumber=11632641 slot=1 blocks=11632640 txs=969270906 mgas=60450186 bps=54.22 tps=10207 mgps=662.1 avgBps=158.3 avgTps=13191 avgMGps=822.7 elapsed=20h24m34s
Aug 19 13:36:08 nimbus-eth1-mainnet-long-benchmark[2924939]: INF 2026-08-19 13:36:08.568+00:00 Imported blocks                            blockNumber=11640833 slot=1 blocks=11640832 txs=970842767 mgas=60550495 bps=55.67 tps=10682 mgps=681.7 avgBps=158.1 avgTps=13186 avgMGps=822.5 elapsed=20h27m2s
Aug 19 13:38:38 nimbus-eth1-mainnet-long-benchmark[2924939]: INF 2026-08-19 13:38:38.970+00:00 Imported blocks                            blockNumber=11649025 slot=1 blocks=11649024 txs=972238488 mgas=60650873 bps=54.47 tps=9279 mgps=667.4 avgBps=157.9 avgTps=13178 avgMGps=822.1 elapsed=20h29m32s
Aug 19 13:41:10 nimbus-eth1-mainnet-long-benchmark[2924939]: INF 2026-08-19 13:41:10.975+00:00 Imported blocks                            blockNumber=11657217 slot=1 blocks=11657216 txs=973728709 mgas=60751099 bps=53.89 tps=9803 mgps=659.3 avgBps=157.7 avgTps=13171 avgMGps=821.8 elapsed=20h32m4s
Aug 19 13:43:36 nimbus-eth1-mainnet-long-benchmark[2924939]: INF 2026-08-19 13:43:36.369+00:00 Imported blocks                            blockNumber=11665409 slot=1 blocks=11665408 txs=975242448 mgas=60851085 bps=56.34 tps=10411 mgps=687.7 avgBps=157.5 avgTps=13166 avgMGps=821.5 elapsed=20h34m29s
Aug 19 13:46:00 nimbus-eth1-mainnet-long-benchmark[2924939]: INF 2026-08-19 13:46:00.767+00:00 Imported blocks                            blockNumber=11673601 slot=1 blocks=11673600 txs=976729163 mgas=60951050 bps=56.73 tps=10296 mgps=692.3 avgBps=157.3 avgTps=13160 avgMGps=821.3 elapsed=20h36m54s
Aug 19 13:48:29 nimbus-eth1-mainnet-long-benchmark[2924939]: INF 2026-08-19 13:48:29.584+00:00 Imported blocks                            blockNumber=11681793 slot=1 blocks=11681792 txs=978226542 mgas=61050547 bps=55.05 tps=10061 mgps=668.6 avgBps=157.1 avgTps=13154 avgMGps=821.0 elapsed=20h39m23s
Aug 19 13:50:53 nimbus-eth1-mainnet-long-benchmark[2924939]: INF 2026-08-19 13:50:53.962+00:00 Imported blocks                            blockNumber=11689985 slot=1 blocks=11689984 txs=979782217 mgas=61150131 bps=56.74 tps=10775 mgps=689.7 avgBps=156.9 avgTps=13150 avgMGps=820.7 elapsed=20h41m47s
Aug 19 13:53:16 nimbus-eth1-mainnet-long-benchmark[2924939]: INF 2026-08-19 13:53:16.144+00:00 Imported blocks                            blockNumber=11698177 slot=1 blocks=11698176 txs=981308642 mgas=61250106 bps=57.62 tps=10735 mgps=703.1 avgBps=156.7 avgTps=13145 avgMGps=820.5 elapsed=20h44m9s
Aug 19 13:56:35 nimbus-eth1-mainnet-long-benchmark[2924939]: INF 2026-08-19 13:56:35.416+00:00 Imported blocks                            blockNumber=11706369 slot=1 blocks=11706368 txs=982815527 mgas=61350312 bps=41.11 tps=7561 mgps=502.9 avgBps=156.4 avgTps=13130 avgMGps=819.7 elapsed=20h47m28s
Aug 19 13:59:59 nimbus-eth1-mainnet-long-benchmark[2924939]: INF 2026-08-19 13:59:59.821+00:00 Imported blocks                            blockNumber=11714561 slot=1 blocks=11714560 txs=984232667 mgas=61450389 bps=40.08 tps=6932 mgps=489.6 avgBps=156.1 avgTps=13113 avgMGps=818.8 elapsed=20h50m53s
Aug 19 14:02:55 nimbus-eth1-mainnet-long-benchmark[2924939]: INF 2026-08-19 14:02:55.690+00:00 Imported blocks                            blockNumber=11722753 slot=1 blocks=11722752 txs=985651994 mgas=61550574 bps=46.58 tps=8070 mgps=569.7 avgBps=155.8 avgTps=13101 avgMGps=818.2 elapsed=20h53m49s
Aug 19 14:05:27 nimbus-eth1-mainnet-long-benchmark[2924939]: INF 2026-08-19 14:05:27.892+00:00 Imported blocks                            blockNumber=11730945 slot=1 blocks=11730944 txs=987187320 mgas=61650327 bps=53.82 tps=10087 mgps=655.4 avgBps=155.6 avgTps=13095 avgMGps=817.8 elapsed=20h56m21s
Aug 19 14:07:53 nimbus-eth1-mainnet-long-benchmark[2924939]: INF 2026-08-19 14:07:53.498+00:00 Imported blocks                            blockNumber=11739137 slot=1 blocks=11739136 txs=988662670 mgas=61750448 bps=56.26 tps=10132 mgps=687.6 avgBps=155.4 avgTps=13090 avgMGps=817.6 elapsed=20h58m47s
Aug 19 14:10:20 nimbus-eth1-mainnet-long-benchmark[2924939]: INF 2026-08-19 14:10:20.923+00:00 Imported blocks                            blockNumber=11747329 slot=1 blocks=11747328 txs=990124985 mgas=61850558 bps=55.57 tps=9918 mgps=679.1 avgBps=155.2 avgTps=13084 avgMGps=817.3 elapsed=21h1m14s
Aug 19 14:12:46 nimbus-eth1-mainnet-long-benchmark[2924939]: INF 2026-08-19 14:12:46.857+00:00 Imported blocks                            blockNumber=11755521 slot=1 blocks=11755520 txs=991732969 mgas=61950777 bps=56.14 tps=11018 mgps=686.8 avgBps=155.0 avgTps=13080 avgMGps=817.1 elapsed=21h3m40s
Aug 19 14:15:10 nimbus-eth1-mainnet-long-benchmark[2924939]: INF 2026-08-19 14:15:10.475+00:00 Imported blocks                            blockNumber=11763713 slot=1 blocks=11763712 txs=993294061 mgas=62050868 bps=57.04 tps=10869 mgps=696.9 avgBps=154.9 avgTps=13075 avgMGps=816.8 elapsed=21h6m3s
Aug 19 14:17:31 nimbus-eth1-mainnet-long-benchmark[2924939]: INF 2026-08-19 14:17:31.668+00:00 Imported blocks                            blockNumber=11771905 slot=1 blocks=11771904 txs=994928426 mgas=62150843 bps=58.02 tps=11575 mgps=708.1 avgBps=154.7 avgTps=13073 avgMGps=816.6 elapsed=21h8m25s
Aug 19 14:19:59 nimbus-eth1-mainnet-long-benchmark[2924939]: INF 2026-08-19 14:19:59.666+00:00 Imported blocks                            blockNumber=11780097 slot=1 blocks=11780096 txs=996539889 mgas=62250996 bps=55.35 tps=10888 mgps=676.7 avgBps=154.5 avgTps=13068 avgMGps=816.4 elapsed=21h10m53s
Aug 19 14:22:22 nimbus-eth1-mainnet-long-benchmark[2924939]: INF 2026-08-19 14:22:22.260+00:00 Imported blocks                            blockNumber=11788289 slot=1 blocks=11788288 txs=998199377 mgas=62351047 bps=57.45 tps=11637 mgps=701.7 avgBps=154.3 avgTps=13066 avgMGps=816.2 elapsed=21h13m15s
Aug 19 14:24:43 nimbus-eth1-mainnet-long-benchmark[2924939]: INF 2026-08-19 14:24:43.757+00:00 Imported blocks                            blockNumber=11796481 slot=1 blocks=11796480 txs=999865151 mgas=62451024 bps=57.90 tps=11772 mgps=706.6 avgBps=154.1 avgTps=13063 avgMGps=816.0 elapsed=21h15m37s
Aug 19 14:27:04 nimbus-eth1-mainnet-long-benchmark[2924939]: INF 2026-08-19 14:27:04.319+00:00 Imported blocks                            blockNumber=11804673 slot=1 blocks=11804672 txs=1001460496 mgas=62551010 bps=58.28 tps=11349 mgps=711.3 avgBps=154.0 avgTps=13060 avgMGps=815.8 elapsed=21h17m57s
Aug 19 14:29:26 nimbus-eth1-mainnet-long-benchmark[2924939]: INF 2026-08-19 14:29:26.685+00:00 Imported blocks                            blockNumber=11812865 slot=1 blocks=11812864 txs=1002984542 mgas=62650739 bps=57.54 tps=10705 mgps=700.5 avgBps=153.8 avgTps=13056 avgMGps=815.6 elapsed=21h20m20s
Aug 19 14:31:54 nimbus-eth1-mainnet-long-benchmark[2924939]: INF 2026-08-19 14:31:54.343+00:00 Imported blocks                            blockNumber=11821057 slot=1 blocks=11821056 txs=1004625755 mgas=62750904 bps=55.48 tps=11114 mgps=678.4 avgBps=153.6 avgTps=13052 avgMGps=815.3 elapsed=21h22m47s
Aug 19 14:34:17 nimbus-eth1-mainnet-long-benchmark[2924939]: INF 2026-08-19 14:34:17.900+00:00 Imported blocks                            blockNumber=11829249 slot=1 blocks=11829248 txs=1006305786 mgas=62850813 bps=57.06 tps=11702 mgps=696.0 avgBps=153.4 avgTps=13050 avgMGps=815.1 elapsed=21h25m11s
Aug 19 14:36:43 nimbus-eth1-mainnet-long-benchmark[2924939]: INF 2026-08-19 14:36:43.018+00:00 Imported blocks                            blockNumber=11837441 slot=1 blocks=11837440 txs=1007918111 mgas=62950694 bps=56.45 tps=11110 mgps=688.3 avgBps=153.2 avgTps=13046 avgMGps=814.8 elapsed=21h27m36s
Aug 19 14:39:08 nimbus-eth1-mainnet-long-benchmark[2924939]: INF 2026-08-19 14:39:08.864+00:00 Imported blocks                            blockNumber=11845633 slot=1 blocks=11845632 txs=1009532362 mgas=63050665 bps=56.17 tps=11067 mgps=685.4 avgBps=153.0 avgTps=13042 avgMGps=814.6 elapsed=21h30m2s
Aug 19 14:41:34 nimbus-eth1-mainnet-long-benchmark[2924939]: INF 2026-08-19 14:41:34.497+00:00 Imported blocks                            blockNumber=11853825 slot=1 blocks=11853824 txs=1011088639 mgas=63150643 bps=56.25 tps=10686 mgps=686.5 avgBps=152.9 avgTps=13038 avgMGps=814.3 elapsed=21h32m28s
Aug 19 14:44:00 nimbus-eth1-mainnet-long-benchmark[2924939]: INF 2026-08-19 14:44:00.623+00:00 Imported blocks                            blockNumber=11862017 slot=1 blocks=11862016 txs=1012601593 mgas=63250661 bps=56.06 tps=10353 mgps=684.5 avgBps=152.7 avgTps=13033 avgMGps=814.1 elapsed=21h34m54s
Aug 19 14:46:25 nimbus-eth1-mainnet-long-benchmark[2924939]: INF 2026-08-19 14:46:25.597+00:00 Imported blocks                            blockNumber=11870209 slot=1 blocks=11870208 txs=1014150630 mgas=63350547 bps=56.51 tps=10685 mgps=689.0 avgBps=152.5 avgTps=13028 avgMGps=813.9 elapsed=21h37m19s
Aug 19 14:48:52 nimbus-eth1-mainnet-long-benchmark[2924939]: INF 2026-08-19 14:48:52.066+00:00 Imported blocks                            blockNumber=11878401 slot=1 blocks=11878400 txs=1015722058 mgas=63450711 bps=55.93 tps=10728 mgps=683.9 avgBps=152.3 avgTps=13024 avgMGps=813.6 elapsed=21h39m45s
Aug 19 14:51:16 nimbus-eth1-mainnet-long-benchmark[2924939]: INF 2026-08-19 14:51:16.736+00:00 Imported blocks                            blockNumber=11886593 slot=1 blocks=11886592 txs=1017390363 mgas=63551023 bps=56.62 tps=11531 mgps=693.4 avgBps=152.1 avgTps=13021 avgMGps=813.4 elapsed=21h42m10s
Aug 19 14:53:44 nimbus-eth1-mainnet-long-benchmark[2924939]: INF 2026-08-19 14:53:44.718+00:00 Imported blocks                            blockNumber=11894785 slot=1 blocks=11894784 txs=1019072428 mgas=63651049 bps=55.36 tps=11366 mgps=675.9 avgBps=152.0 avgTps=13018 avgMGps=813.1 elapsed=21h44m38s
Aug 19 14:56:14 nimbus-eth1-mainnet-long-benchmark[2924939]: INF 2026-08-19 14:56:14.123+00:00 Imported blocks                            blockNumber=11902977 slot=1 blocks=11902976 txs=1020642738 mgas=63751161 bps=54.83 tps=10510 mgps=670.1 avgBps=151.8 avgTps=13013 avgMGps=812.9 elapsed=21h47m7s
Aug 19 14:58:42 nimbus-eth1-mainnet-long-benchmark[2924939]: INF 2026-08-19 14:58:42.269+00:00 Imported blocks                            blockNumber=11911169 slot=1 blocks=11911168 txs=1022287671 mgas=63851316 bps=55.30 tps=11103 mgps=676.1 avgBps=151.6 avgTps=13010 avgMGps=812.6 elapsed=21h49m35s
Aug 19 15:01:09 nimbus-eth1-mainnet-long-benchmark[2924939]: INF 2026-08-19 15:01:09.831+00:00 Imported blocks                            blockNumber=11919361 slot=1 blocks=11919360 txs=1023944492 mgas=63951523 bps=55.52 tps=11228 mgps=679.1 avgBps=151.4 avgTps=13006 avgMGps=812.4 elapsed=21h52m3s
Aug 19 15:03:35 nimbus-eth1-mainnet-long-benchmark[2924939]: INF 2026-08-19 15:03:35.400+00:00 Imported blocks                            blockNumber=11927553 slot=1 blocks=11927552 txs=1025526985 mgas=64051650 bps=56.27 tps=10870 mgps=687.8 avgBps=151.2 avgTps=13002 avgMGps=812.1 elapsed=21h54m28s
Aug 19 15:06:03 nimbus-eth1-mainnet-long-benchmark[2924939]: INF 2026-08-19 15:06:03.350+00:00 Imported blocks                            blockNumber=11935745 slot=1 blocks=11935744 txs=1027048460 mgas=64151817 bps=55.37 tps=10283 mgps=677.0 avgBps=151.1 avgTps=12997 avgMGps=811.9 elapsed=21h56m56s
Aug 19 15:08:36 nimbus-eth1-mainnet-long-benchmark[2924939]: INF 2026-08-19 15:08:36.316+00:00 Imported blocks                            blockNumber=11943937 slot=1 blocks=11943936 txs=1028570143 mgas=64252205 bps=53.55 tps=9947 mgps=656.3 avgBps=150.9 avgTps=12991 avgMGps=811.6 elapsed=21h59m29s
Aug 19 15:11:14 nimbus-eth1-mainnet-long-benchmark[2924939]: INF 2026-08-19 15:11:14.593+00:00 Imported blocks                            blockNumber=11952129 slot=1 blocks=11952128 txs=1030059442 mgas=64352172 bps=51.76 tps=9409 mgps=631.6 avgBps=150.7 avgTps=12984 avgMGps=811.2 elapsed=22h2m8s
Aug 19 15:13:46 nimbus-eth1-mainnet-long-benchmark[2924939]: INF 2026-08-19 15:13:46.655+00:00 Imported blocks                            blockNumber=11960321 slot=1 blocks=11960320 txs=1031604077 mgas=64452459 bps=53.87 tps=10157 mgps=659.5 avgBps=150.5 avgTps=12979 avgMGps=810.9 elapsed=22h4m40s
Aug 19 15:16:19 nimbus-eth1-mainnet-long-benchmark[2924939]: INF 2026-08-19 15:16:19.280+00:00 Imported blocks                            blockNumber=11968513 slot=1 blocks=11968512 txs=1033165529 mgas=64552822 bps=53.67 tps=10230 mgps=657.6 avgBps=150.3 avgTps=12974 avgMGps=810.6 elapsed=22h7m12s
Aug 19 15:18:53 nimbus-eth1-mainnet-long-benchmark[2924939]: INF 2026-08-19 15:18:53.354+00:00 Imported blocks                            blockNumber=11976705 slot=1 blocks=11976704 txs=1034713496 mgas=64652629 bps=53.17 tps=10047 mgps=647.8 avgBps=150.1 avgTps=12968 avgMGps=810.3 elapsed=22h9m46s
Aug 19 15:21:23 nimbus-eth1-mainnet-long-benchmark[2924939]: INF 2026-08-19 15:21:23.935+00:00 Imported blocks                            blockNumber=11984897 slot=1 blocks=11984896 txs=1036198659 mgas=64753053 bps=54.40 tps=9862 mgps=666.9 avgBps=149.9 avgTps=12962 avgMGps=810.0 elapsed=22h12m17s
Aug 19 15:23:52 nimbus-eth1-mainnet-long-benchmark[2924939]: INF 2026-08-19 15:23:52.737+00:00 Imported blocks                            blockNumber=11993089 slot=1 blocks=11993088 txs=1037690161 mgas=64853607 bps=55.05 tps=10023 mgps=675.8 avgBps=149.8 avgTps=12957 avgMGps=809.8 elapsed=22h14m46s
Aug 19 15:26:21 nimbus-eth1-mainnet-long-benchmark[2924939]: INF 2026-08-19 15:26:21.543+00:00 Imported blocks                            blockNumber=12001281 slot=1 blocks=12001280 txs=1039201758 mgas=64954108 bps=55.05 tps=10158 mgps=675.4 avgBps=149.6 avgTps=12951 avgMGps=809.5 elapsed=22h17m15s
Aug 19 15:28:53 nimbus-eth1-mainnet-long-benchmark[2924939]: INF 2026-08-19 15:28:53.276+00:00 Imported blocks                            blockNumber=12009473 slot=1 blocks=12009472 txs=1040814887 mgas=65054498 bps=53.99 tps=10631 mgps=661.6 avgBps=149.4 avgTps=12947 avgMGps=809.3 elapsed=22h19m46s
Aug 19 15:31:23 nimbus-eth1-mainnet-long-benchmark[2924939]: INF 2026-08-19 15:31:23.834+00:00 Imported blocks                            blockNumber=12017665 slot=1 blocks=12017664 txs=1042433026 mgas=65154680 bps=54.41 tps=10747 mgps=665.4 avgBps=149.2 avgTps=12943 avgMGps=809.0 elapsed=22h22m17s
Aug 19 15:33:48 nimbus-eth1-mainnet-long-benchmark[2924939]: INF 2026-08-19 15:33:48.331+00:00 Imported blocks                            blockNumber=12025857 slot=1 blocks=12025856 txs=1044103257 mgas=65255474 bps=56.69 tps=11558 mgps=697.5 avgBps=149.1 avgTps=12940 avgMGps=808.8 elapsed=22h24m41s
Aug 19 15:36:16 nimbus-eth1-mainnet-long-benchmark[2924939]: INF 2026-08-19 15:36:16.061+00:00 Imported blocks                            blockNumber=12034049 slot=1 blocks=12034048 txs=1045721436 mgas=65356448 bps=55.45 tps=10953 mgps=683.5 avgBps=148.9 avgTps=12937 avgMGps=808.6 elapsed=22h27m9s
Aug 19 15:38:44 nimbus-eth1-mainnet-long-benchmark[2924939]: INF 2026-08-19 15:38:44.435+00:00 Imported blocks                            blockNumber=12042241 slot=1 blocks=12042240 txs=1047357726 mgas=65457074 bps=55.21 tps=11028 mgps=678.2 avgBps=148.7 avgTps=12933 avgMGps=808.3 elapsed=22h29m37s
Aug 19 15:41:10 nimbus-eth1-mainnet-long-benchmark[2924939]: INF 2026-08-19 15:41:10.264+00:00 Imported blocks                            blockNumber=12050433 slot=1 blocks=12050432 txs=1049021771 mgas=65557866 bps=56.18 tps=11410 mgps=691.2 avgBps=148.5 avgTps=12931 avgMGps=808.1 elapsed=22h32m3s
Aug 19 15:43:34 nimbus-eth1-mainnet-long-benchmark[2924939]: INF 2026-08-19 15:43:34.518+00:00 Imported blocks                            blockNumber=12058625 slot=1 blocks=12058624 txs=1050636154 mgas=65658476 bps=56.79 tps=11191 mgps=697.5 avgBps=148.4 avgTps=12928 avgMGps=807.9 elapsed=22h34m28s
Aug 19 15:45:58 nimbus-eth1-mainnet-long-benchmark[2924939]: INF 2026-08-19 15:45:58.792+00:00 Imported blocks                            blockNumber=12066817 slot=1 blocks=12066816 txs=1052262690 mgas=65759029 bps=56.78 tps=11273 mgps=696.9 avgBps=148.2 avgTps=12925 avgMGps=807.7 elapsed=22h36m52s
Aug 19 15:48:28 nimbus-eth1-mainnet-long-benchmark[2924939]: INF 2026-08-19 15:48:28.197+00:00 Imported blocks                            blockNumber=12075009 slot=1 blocks=12075008 txs=1053889825 mgas=65859693 bps=54.83 tps=10890 mgps=673.8 avgBps=148.0 avgTps=12921 avgMGps=807.5 elapsed=22h39m21s
Aug 19 15:50:57 nimbus-eth1-mainnet-long-benchmark[2924939]: INF 2026-08-19 15:50:57.451+00:00 Imported blocks                            blockNumber=12083201 slot=1 blocks=12083200 txs=1055427916 mgas=65960533 bps=54.89 tps=10305 mgps=675.6 avgBps=147.9 avgTps=12916 avgMGps=807.2 elapsed=22h41m50s
Aug 19 15:53:21 nimbus-eth1-mainnet-long-benchmark[2924939]: INF 2026-08-19 15:53:21.453+00:00 Imported blocks                            blockNumber=12091393 slot=1 blocks=12091392 txs=1057058471 mgas=66061286 bps=56.89 tps=11323 mgps=699.7 avgBps=147.7 avgTps=12913 avgMGps=807.1 elapsed=22h44m14s
Aug 19 15:55:51 nimbus-eth1-mainnet-long-benchmark[2924939]: INF 2026-08-19 15:55:51.470+00:00 Imported blocks                            blockNumber=12099585 slot=1 blocks=12099584 txs=1058691669 mgas=66161897 bps=54.61 tps=10886 mgps=670.7 avgBps=147.5 avgTps=12910 avgMGps=806.8 elapsed=22h46m44s
Aug 19 15:58:18 nimbus-eth1-mainnet-long-benchmark[2924939]: INF 2026-08-19 15:58:18.344+00:00 Imported blocks                            blockNumber=12107777 slot=1 blocks=12107776 txs=1060385050 mgas=66262612 bps=55.77 tps=11529 mgps=685.7 avgBps=147.4 avgTps=12907 avgMGps=806.6 elapsed=22h49m11s
Aug 19 16:00:47 nimbus-eth1-mainnet-long-benchmark[2924939]: INF 2026-08-19 16:00:47.994+00:00 Imported blocks                            blockNumber=12115969 slot=1 blocks=12115968 txs=1062025510 mgas=66363294 bps=54.74 tps=10962 mgps=672.8 avgBps=147.2 avgTps=12904 avgMGps=806.3 elapsed=22h51m41s
Aug 19 16:03:20 nimbus-eth1-mainnet-long-benchmark[2924939]: INF 2026-08-19 16:03:20.363+00:00 Imported blocks                            blockNumber=12124161 slot=1 blocks=12124160 txs=1063563618 mgas=66463987 bps=53.76 tps=10094 mgps=660.8 avgBps=147.0 avgTps=12898 avgMGps=806.1 elapsed=22h54m13s
Aug 19 16:05:56 nimbus-eth1-mainnet-long-benchmark[2924939]: INF 2026-08-19 16:05:56.745+00:00 Imported blocks                            blockNumber=12132353 slot=1 blocks=12132352 txs=1065092521 mgas=66564568 bps=52.38 tps=9776 mgps=643.2 avgBps=146.9 avgTps=12892 avgMGps=805.8 elapsed=22h56m50s
Aug 19 16:08:30 nimbus-eth1-mainnet-long-benchmark[2924939]: INF 2026-08-19 16:08:30.078+00:00 Imported blocks                            blockNumber=12140545 slot=1 blocks=12140544 txs=1066730666 mgas=66665136 bps=53.43 tps=10683 mgps=655.9 avgBps=146.7 avgTps=12888 avgMGps=805.5 elapsed=22h59m23s
Aug 19 16:11:24 nimbus-eth1-mainnet-long-benchmark[2924939]: INF 2026-08-19 16:11:24.916+00:00 Imported blocks                            blockNumber=12148737 slot=1 blocks=12148736 txs=1068417243 mgas=66765798 bps=46.85 tps=9646 mgps=575.7 avgBps=146.5 avgTps=12882 avgMGps=805.0 elapsed=23h2m18s
Aug 19 16:14:13 nimbus-eth1-mainnet-long-benchmark[2924939]: INF 2026-08-19 16:14:13.125+00:00 Imported blocks                            blockNumber=12156929 slot=1 blocks=12156928 txs=1070117790 mgas=66866563 bps=48.70 tps=10109 mgps=599.1 avgBps=146.3 avgTps=12876 avgMGps=804.6 elapsed=23h5m6s
Aug 19 16:17:01 nimbus-eth1-mainnet-long-benchmark[2924939]: INF 2026-08-19 16:17:01.778+00:00 Imported blocks                            blockNumber=12165121 slot=1 blocks=12165120 txs=1071831088 mgas=66967154 bps=48.57 tps=10158 mgps=596.4 avgBps=146.1 avgTps=12870 avgMGps=804.2 elapsed=23h7m55s
Aug 19 16:19:47 nimbus-eth1-mainnet-long-benchmark[2924939]: INF 2026-08-19 16:19:47.404+00:00 Imported blocks                            blockNumber=12173313 slot=1 blocks=12173312 txs=1073389527 mgas=67067807 bps=49.46 tps=9409 mgps=607.7 avgBps=145.9 avgTps=12864 avgMGps=803.8 elapsed=23h10m40s
Aug 19 16:22:29 nimbus-eth1-mainnet-long-benchmark[2924939]: INF 2026-08-19 16:22:29.825+00:00 Imported blocks                            blockNumber=12181505 slot=1 blocks=12181504 txs=1074988458 mgas=67168514 bps=50.44 tps=9844 mgps=620.0 avgBps=145.7 avgTps=12858 avgMGps=803.4 elapsed=23h13m23s
Aug 19 16:25:05 nimbus-eth1-mainnet-long-benchmark[2924939]: INF 2026-08-19 16:25:05.175+00:00 Imported blocks                            blockNumber=12189697 slot=1 blocks=12189696 txs=1076646932 mgas=67269282 bps=52.73 tps=10675 mgps=648.7 avgBps=145.5 avgTps=12854 avgMGps=803.1 elapsed=23h15m58s
Aug 19 16:27:40 nimbus-eth1-mainnet-long-benchmark[2924939]: INF 2026-08-19 16:27:40.932+00:00 Imported blocks                            blockNumber=12197889 slot=1 blocks=12197888 txs=1078284309 mgas=67370200 bps=52.59 tps=10512 mgps=647.9 avgBps=145.4 avgTps=12849 avgMGps=802.8 elapsed=23h18m34s
Aug 19 16:30:17 nimbus-eth1-mainnet-long-benchmark[2924939]: INF 2026-08-19 16:30:17.218+00:00 Imported blocks                            blockNumber=12206081 slot=1 blocks=12206080 txs=1079939229 mgas=67471178 bps=52.42 tps=10589 mgps=646.1 avgBps=145.2 avgTps=12845 avgMGps=802.6 elapsed=23h21m10s
Aug 19 16:32:54 nimbus-eth1-mainnet-long-benchmark[2924939]: INF 2026-08-19 16:32:54.127+00:00 Imported blocks                            blockNumber=12214273 slot=1 blocks=12214272 txs=1081593167 mgas=67572234 bps=52.21 tps=10540 mgps=644.0 avgBps=145.0 avgTps=12841 avgMGps=802.3 elapsed=23h23m47s
Aug 19 16:35:39 nimbus-eth1-mainnet-long-benchmark[2924939]: INF 2026-08-19 16:35:39.400+00:00 Imported blocks                            blockNumber=12222465 slot=1 blocks=12222464 txs=1083151299 mgas=67673318 bps=49.57 tps=9427 mgps=611.6 avgBps=144.8 avgTps=12834 avgMGps=801.9 elapsed=23h26m32s
Aug 19 16:38:29 nimbus-eth1-mainnet-long-benchmark[2924939]: INF 2026-08-19 16:38:29.526+00:00 Imported blocks                            blockNumber=12230657 slot=1 blocks=12230656 txs=1084857611 mgas=67774376 bps=48.15 tps=10029 mgps=594.0 avgBps=144.6 avgTps=12828 avgMGps=801.5 elapsed=23h29m23s
Aug 19 16:41:11 nimbus-eth1-mainnet-long-benchmark[2924939]: INF 2026-08-19 16:41:11.207+00:00 Imported blocks                            blockNumber=12238849 slot=1 blocks=12238848 txs=1086624687 mgas=67875530 bps=50.67 tps=10929 mgps=625.6 avgBps=144.5 avgTps=12825 avgMGps=801.1 elapsed=23h32m4s
Aug 19 16:43:59 nimbus-eth1-mainnet-long-benchmark[2924939]: INF 2026-08-19 16:43:59.184+00:00 Imported blocks                            blockNumber=12247041 slot=1 blocks=12247040 txs=1088171794 mgas=67976686 bps=48.77 tps=9210 mgps=602.2 avgBps=144.3 avgTps=12818 avgMGps=800.7 elapsed=23h34m52s
Aug 19 16:46:37 nimbus-eth1-mainnet-long-benchmark[2924939]: INF 2026-08-19 16:46:37.310+00:00 Imported blocks                            blockNumber=12255233 slot=1 blocks=12255232 txs=1089979380 mgas=68077900 bps=51.81 tps=11431 mgps=640.1 avgBps=144.1 avgTps=12815 avgMGps=800.4 elapsed=23h37m30s
Aug 19 16:49:14 nimbus-eth1-mainnet-long-benchmark[2924939]: INF 2026-08-19 16:49:14.659+00:00 Imported blocks                            blockNumber=12263425 slot=1 blocks=12263424 txs=1091807298 mgas=68179240 bps=52.06 tps=11616 mgps=644.0 avgBps=143.9 avgTps=12813 avgMGps=800.1 elapsed=23h40m8s
Aug 19 16:51:53 nimbus-eth1-mainnet-long-benchmark[2924939]: INF 2026-08-19 16:51:53.909+00:00 Imported blocks                            blockNumber=12271617 slot=1 blocks=12271616 txs=1093619719 mgas=68280466 bps=51.44 tps=11381 mgps=635.6 avgBps=143.8 avgTps=12810 avgMGps=799.8 elapsed=23h42m47s
Aug 19 16:54:26 nimbus-eth1-mainnet-long-benchmark[2924939]: INF 2026-08-19 16:54:25.999+00:00 Imported blocks                            blockNumber=12279809 slot=1 blocks=12279808 txs=1095548724 mgas=68382531 bps=53.86 tps=12683 mgps=671.1 avgBps=143.6 avgTps=12810 avgMGps=799.6 elapsed=23h45m19s
Aug 19 16:57:19 nimbus-eth1-mainnet-long-benchmark[2924939]: INF 2026-08-19 16:57:19.828+00:00 Imported blocks                            blockNumber=12288001 slot=1 blocks=12288000 txs=1097523611 mgas=68496267 bps=47.13 tps=11360 mgps=654.3 avgBps=143.4 avgTps=12807 avgMGps=799.3 elapsed=23h48m13s
Aug 19 17:00:31 nimbus-eth1-mainnet-long-benchmark[2924939]: INF 2026-08-19 17:00:31.709+00:00 Imported blocks                            blockNumber=12296193 slot=1 blocks=12296192 txs=1099547013 mgas=68617082 bps=42.69 tps=10545 mgps=629.6 avgBps=143.2 avgTps=12802 avgMGps=798.9 elapsed=23h51m25s
Aug 19 17:03:44 nimbus-eth1-mainnet-long-benchmark[2924939]: INF 2026-08-19 17:03:44.046+00:00 Imported blocks                            blockNumber=12304385 slot=1 blocks=12304384 txs=1101359536 mgas=68737958 bps=42.59 tps=9423 mgps=628.5 avgBps=142.9 avgTps=12794 avgMGps=798.6 elapsed=23h54m37s
Aug 19 17:07:07 nimbus-eth1-mainnet-long-benchmark[2924939]: INF 2026-08-19 17:07:07.290+00:00 Imported blocks                            blockNumber=12312577 slot=1 blocks=12312576 txs=1103087662 mgas=68858997 bps=40.31 tps=8502 mgps=595.5 avgBps=142.7 avgTps=12784 avgMGps=798.1 elapsed=23h58m809ms
Aug 19 17:10:30 nimbus-eth1-mainnet-long-benchmark[2924939]: INF 2026-08-19 17:10:30.151+00:00 Imported blocks                            blockNumber=12320769 slot=1 blocks=12320768 txs=1104916212 mgas=68979482 bps=40.38 tps=9013 mgps=593.9 avgBps=142.5 avgTps=12776 avgMGps=797.6 elapsed=1d1m23s
Aug 19 17:13:52 nimbus-eth1-mainnet-long-benchmark[2924939]: INF 2026-08-19 17:13:52.252+00:00 Imported blocks                            blockNumber=12328961 slot=1 blocks=12328960 txs=1106772898 mgas=69099694 bps=40.53 tps=9186 mgps=594.8 avgBps=142.2 avgTps=12767 avgMGps=797.1 elapsed=1d4m45s
Aug 19 17:17:03 nimbus-eth1-mainnet-long-benchmark[2924939]: INF 2026-08-19 17:17:03.129+00:00 Imported blocks                            blockNumber=12337153 slot=1 blocks=12337152 txs=1108733706 mgas=69219824 bps=42.92 tps=10272 mgps=629.4 avgBps=142.0 avgTps=12762 avgMGps=796.8 elapsed=1d7m56s
Aug 19 17:20:18 nimbus-eth1-mainnet-long-benchmark[2924939]: INF 2026-08-19 17:20:18.906+00:00 Imported blocks                            blockNumber=12345345 slot=1 blocks=12345344 txs=1110568353 mgas=69340232 bps=41.84 tps=9371 mgps=615.0 avgBps=141.8 avgTps=12754 avgMGps=796.4 elapsed=1d11m12s
Aug 19 17:23:40 nimbus-eth1-mainnet-long-benchmark[2924939]: INF 2026-08-19 17:23:40.159+00:00 Imported blocks                            blockNumber=12353537 slot=1 blocks=12353536 txs=1112357481 mgas=69460626 bps=40.71 tps=8890 mgps=598.2 avgBps=141.5 avgTps=12745 avgMGps=795.9 elapsed=1d14m33s
Aug 19 17:27:04 nimbus-eth1-mainnet-long-benchmark[2924939]: INF 2026-08-19 17:27:04.611+00:00 Imported blocks                            blockNumber=12361729 slot=1 blocks=12361728 txs=1114202702 mgas=69581189 bps=40.07 tps=9024 mgps=589.7 avgBps=141.3 avgTps=12736 avgMGps=795.4 elapsed=1d17m58s
Aug 19 17:30:24 nimbus-eth1-mainnet-long-benchmark[2924939]: INF 2026-08-19 17:30:24.140+00:00 Imported blocks                            blockNumber=12369921 slot=1 blocks=12369920 txs=1116131382 mgas=69701981 bps=41.06 tps=9666 mgps=605.4 avgBps=141.1 avgTps=12729 avgMGps=795.0 elapsed=1d21m17s
Aug 19 17:33:41 nimbus-eth1-mainnet-long-benchmark[2924939]: INF 2026-08-19 17:33:41.257+00:00 Imported blocks                            blockNumber=12378113 slot=1 blocks=12378112 txs=1118029253 mgas=69822900 bps=41.56 tps=9628 mgps=613.4 avgBps=140.9 avgTps=12722 avgMGps=794.6 elapsed=1d24m34s
Aug 19 17:36:58 nimbus-eth1-mainnet-long-benchmark[2924939]: INF 2026-08-19 17:36:58.666+00:00 Imported blocks                            blockNumber=12386305 slot=1 blocks=12386304 txs=1119985264 mgas=69944174 bps=41.50 tps=9908 mgps=614.3 avgBps=140.6 avgTps=12716 avgMGps=794.2 elapsed=1d27m52s
Aug 19 17:40:09 nimbus-eth1-mainnet-long-benchmark[2924939]: INF 2026-08-19 17:40:09.639+00:00 Imported blocks                            blockNumber=12394497 slot=1 blocks=12394496 txs=1122010180 mgas=70065584 bps=42.90 tps=10603 mgps=635.7 avgBps=140.4 avgTps=12712 avgMGps=793.8 elapsed=1d31m3s
Aug 19 17:43:18 nimbus-eth1-mainnet-long-benchmark[2924939]: INF 2026-08-19 17:43:18.076+00:00 Imported blocks                            blockNumber=12402689 slot=1 blocks=12402688 txs=1124217117 mgas=70186463 bps=43.47 tps=11711 mgps=641.5 avgBps=140.2 avgTps=12709 avgMGps=793.5 elapsed=1d34m11s
Aug 19 17:46:17 nimbus-eth1-mainnet-long-benchmark[2924939]: INF 2026-08-19 17:46:17.009+00:00 Imported blocks                            blockNumber=12410881 slot=1 blocks=12410880 txs=1126378707 mgas=70307682 bps=45.78 tps=12080 mgps=677.5 avgBps=140.0 avgTps=12708 avgMGps=793.3 elapsed=1d37m10s
Aug 19 17:49:11 nimbus-eth1-mainnet-long-benchmark[2924939]: INF 2026-08-19 17:49:11.426+00:00 Imported blocks                            blockNumber=12419073 slot=1 blocks=12419072 txs=1128532880 mgas=70428394 bps=46.97 tps=12350 mgps=692.1 avgBps=139.8 avgTps=12707 avgMGps=793.1 elapsed=1d40m4s
Aug 19 17:52:23 nimbus-eth1-mainnet-long-benchmark[2924939]: INF 2026-08-19 17:52:23.395+00:00 Imported blocks                            blockNumber=12427265 slot=1 blocks=12427264 txs=1130558301 mgas=70549502 bps=42.67 tps=10550 mgps=630.9 avgBps=139.6 avgTps=12703 avgMGps=792.7 elapsed=1d43m16s
Aug 19 17:55:33 nimbus-eth1-mainnet-long-benchmark[2924939]: INF 2026-08-19 17:55:33.672+00:00 Imported blocks                            blockNumber=12435457 slot=1 blocks=12435456 txs=1132478057 mgas=70670801 bps=43.05 tps=10089 mgps=637.5 avgBps=139.4 avgTps=12697 avgMGps=792.4 elapsed=1d46m27s
Aug 19 17:58:52 nimbus-eth1-mainnet-long-benchmark[2924939]: INF 2026-08-19 17:58:52.465+00:00 Imported blocks                            blockNumber=12443649 slot=1 blocks=12443648 txs=1134327325 mgas=70791900 bps=41.21 tps=9302 mgps=609.2 avgBps=139.2 avgTps=12690 avgMGps=792.0 elapsed=1d49m45s
Aug 19 18:02:12 nimbus-eth1-mainnet-long-benchmark[2924939]: INF 2026-08-19 18:02:12.646+00:00 Imported blocks                            blockNumber=12451841 slot=1 blocks=12451840 txs=1136169319 mgas=70913206 bps=40.92 tps=9201 mgps=606.0 avgBps=139.0 avgTps=12682 avgMGps=791.6 elapsed=1d53m6s
Aug 19 18:05:25 nimbus-eth1-mainnet-long-benchmark[2924939]: INF 2026-08-19 18:05:25.299+00:00 Imported blocks                            blockNumber=12460033 slot=1 blocks=12460032 txs=1137982047 mgas=71034495 bps=42.52 tps=9409 mgps=629.6 avgBps=138.8 avgTps=12675 avgMGps=791.2 elapsed=1d56m18s
Aug 19 18:08:54 nimbus-eth1-mainnet-long-benchmark[2924939]: INF 2026-08-19 18:08:54.051+00:00 Imported blocks                            blockNumber=12468225 slot=1 blocks=12468224 txs=1139818868 mgas=71155627 bps=39.24 tps=8798 mgps=580.3 avgBps=138.6 avgTps=12666 avgMGps=790.7 elapsed=1d59m47s
Aug 19 18:12:18 nimbus-eth1-mainnet-long-benchmark[2924939]: INF 2026-08-19 18:12:18.444+00:00 Imported blocks                            blockNumber=12476417 slot=1 blocks=12476416 txs=1141665998 mgas=71276640 bps=40.08 tps=9037 mgps=592.1 avgBps=138.3 avgTps=12658 avgMGps=790.3 elapsed=1d1h3m
Aug 19 18:15:41 nimbus-eth1-mainnet-long-benchmark[2924939]: INF 2026-08-19 18:15:41.733+00:00 Imported blocks                            blockNumber=12484609 slot=1 blocks=12484608 txs=1143392340 mgas=71397750 bps=40.30 tps=8492 mgps=595.8 avgBps=138.1 avgTps=12648 avgMGps=789.8 elapsed=1d1h6m
Aug 19 18:19:05 nimbus-eth1-mainnet-long-benchmark[2924939]: INF 2026-08-19 18:19:05.230+00:00 Imported blocks                            blockNumber=12492801 slot=1 blocks=12492800 txs=1144958137 mgas=71518978 bps=40.26 tps=7694 mgps=595.7 avgBps=137.9 avgTps=12637 avgMGps=789.4 elapsed=1d1h9m
Aug 19 18:22:25 nimbus-eth1-mainnet-long-benchmark[2924939]: INF 2026-08-19 18:22:25.802+00:00 Imported blocks                            blockNumber=12500993 slot=1 blocks=12500992 txs=1146619364 mgas=71639968 bps=40.84 tps=8282 mgps=603.2 avgBps=137.7 avgTps=12628 avgMGps=789.0 elapsed=1d1h13m
Aug 19 18:25:42 nimbus-eth1-mainnet-long-benchmark[2924939]: INF 2026-08-19 18:25:42.631+00:00 Imported blocks                            blockNumber=12509185 slot=1 blocks=12509184 txs=1148277108 mgas=71761366 bps=41.62 tps=8422 mgps=616.8 avgBps=137.5 avgTps=12618 avgMGps=788.6 elapsed=1d1h16m
Aug 19 18:28:59 nimbus-eth1-mainnet-long-benchmark[2924939]: INF 2026-08-19 18:28:59.232+00:00 Imported blocks                            blockNumber=12517377 slot=1 blocks=12517376 txs=1149963523 mgas=71882247 bps=41.67 tps=8577 mgps=614.9 avgBps=137.3 avgTps=12610 avgMGps=788.2 elapsed=1d1h19m
Aug 19 18:32:11 nimbus-eth1-mainnet-long-benchmark[2924939]: INF 2026-08-19 18:32:11.881+00:00 Imported blocks                            blockNumber=12525569 slot=1 blocks=12525568 txs=1151599444 mgas=72003268 bps=42.52 tps=8491 mgps=628.2 avgBps=137.1 avgTps=12601 avgMGps=787.9 elapsed=1d1h23m
Aug 19 18:35:28 nimbus-eth1-mainnet-long-benchmark[2924939]: INF 2026-08-19 18:35:28.378+00:00 Imported blocks                            blockNumber=12533761 slot=1 blocks=12533760 txs=1153237739 mgas=72124096 bps=41.69 tps=8337 mgps=614.9 avgBps=136.9 avgTps=12592 avgMGps=787.5 elapsed=1d1h26m
Aug 19 18:38:49 nimbus-eth1-mainnet-long-benchmark[2924939]: INF 2026-08-19 18:38:49.475+00:00 Imported blocks                            blockNumber=12541953 slot=1 blocks=12541952 txs=1154868468 mgas=72245211 bps=40.74 tps=8109 mgps=602.3 avgBps=136.6 avgTps=12582 avgMGps=787.1 elapsed=1d1h29m
Aug 19 18:42:08 nimbus-eth1-mainnet-long-benchmark[2924939]: INF 2026-08-19 18:42:08.315+00:00 Imported blocks                            blockNumber=12550145 slot=1 blocks=12550144 txs=1156537706 mgas=72366561 bps=41.20 tps=8394 mgps=610.3 avgBps=136.4 avgTps=12573 avgMGps=786.7 elapsed=1d1h33m
Aug 19 18:45:18 nimbus-eth1-mainnet-long-benchmark[2924939]: INF 2026-08-19 18:45:18.212+00:00 Imported blocks                            blockNumber=12558337 slot=1 blocks=12558336 txs=1158144206 mgas=72487402 bps=43.14 tps=8459 mgps=636.4 avgBps=136.2 avgTps=12565 avgMGps=786.4 elapsed=1d1h36m
Aug 19 18:48:39 nimbus-eth1-mainnet-long-benchmark[2924939]: INF 2026-08-19 18:48:39.965+00:00 Imported blocks                            blockNumber=12566529 slot=1 blocks=12566528 txs=1159849853 mgas=72608246 bps=40.60 tps=8454 mgps=599.0 avgBps=136.0 avgTps=12556 avgMGps=786.0 elapsed=1d1h39m
Aug 19 18:52:02 nimbus-eth1-mainnet-long-benchmark[2924939]: INF 2026-08-19 18:52:02.990+00:00 Imported blocks                            blockNumber=12574721 slot=1 blocks=12574720 txs=1161443693 mgas=72728985 bps=40.35 tps=7850 mgps=594.7 avgBps=135.8 avgTps=12545 avgMGps=785.6 elapsed=1d1h42m
Aug 19 18:55:22 nimbus-eth1-mainnet-long-benchmark[2924939]: INF 2026-08-19 18:55:22.219+00:00 Imported blocks                            blockNumber=12582913 slot=1 blocks=12582912 txs=1162872234 mgas=72847830 bps=41.12 tps=7170 mgps=596.5 avgBps=135.6 avgTps=12534 avgMGps=785.2 elapsed=1d1h46m
Aug 19 18:58:45 nimbus-eth1-mainnet-long-benchmark[2924939]: INF 2026-08-19 18:58:45.724+00:00 Imported blocks                            blockNumber=12591105 slot=1 blocks=12591104 txs=1164399839 mgas=72967411 bps=40.25 tps=7506 mgps=587.6 avgBps=135.4 avgTps=12523 avgMGps=784.8 elapsed=1d1h49m
Aug 19 19:02:09 nimbus-eth1-mainnet-long-benchmark[2924939]: INF 2026-08-19 19:02:09.252+00:00 Imported blocks                            blockNumber=12599297 slot=1 blocks=12599296 txs=1165937999 mgas=73088588 bps=40.25 tps=7557 mgps=595.4 avgBps=135.2 avgTps=12512 avgMGps=784.4 elapsed=1d1h53m
Aug 19 19:05:32 nimbus-eth1-mainnet-long-benchmark[2924939]: INF 2026-08-19 19:05:32.657+00:00 Imported blocks                            blockNumber=12607489 slot=1 blocks=12607488 txs=1167482053 mgas=73209510 bps=40.27 tps=7591 mgps=594.5 avgBps=135.0 avgTps=12501 avgMGps=783.9 elapsed=1d1h56m
Aug 19 19:08:55 nimbus-eth1-mainnet-long-benchmark[2924939]: INF 2026-08-19 19:08:55.086+00:00 Imported blocks                            blockNumber=12615681 slot=1 blocks=12615680 txs=1168971403 mgas=73330552 bps=40.47 tps=7357 mgps=598.0 avgBps=134.8 avgTps=12490 avgMGps=783.5 elapsed=1d1h59m
Aug 19 19:12:14 nimbus-eth1-mainnet-long-benchmark[2924939]: INF 2026-08-19 19:12:14.411+00:00 Imported blocks                            blockNumber=12623873 slot=1 blocks=12623872 txs=1170407107 mgas=73450002 bps=41.10 tps=7202 mgps=599.3 avgBps=134.6 avgTps=12479 avgMGps=783.1 elapsed=1d2h3m
Aug 19 19:15:35 nimbus-eth1-mainnet-long-benchmark[2924939]: INF 2026-08-19 19:15:35.151+00:00 Imported blocks                            blockNumber=12632065 slot=1 blocks=12632064 txs=1171859794 mgas=73568030 bps=40.81 tps=7236 mgps=588.0 avgBps=134.4 avgTps=12468 avgMGps=782.7 elapsed=1d2h6m
Aug 19 19:18:54 nimbus-eth1-mainnet-long-benchmark[2924939]: INF 2026-08-19 19:18:54.928+00:00 Imported blocks                            blockNumber=12640257 slot=1 blocks=12640256 txs=1173405815 mgas=73688617 bps=41.01 tps=7738 mgps=603.6 avgBps=134.2 avgTps=12458 avgMGps=782.4 elapsed=1d2h9m
Aug 19 19:22:13 nimbus-eth1-mainnet-long-benchmark[2924939]: INF 2026-08-19 19:22:13.205+00:00 Imported blocks                            blockNumber=12648449 slot=1 blocks=12648448 txs=1174928170 mgas=73808988 bps=41.32 tps=7677 mgps=607.1 avgBps=134.0 avgTps=12448 avgMGps=782.0 elapsed=1d2h13m
Aug 19 19:25:32 nimbus-eth1-mainnet-long-benchmark[2924939]: INF 2026-08-19 19:25:32.838+00:00 Imported blocks                            blockNumber=12656641 slot=1 blocks=12656640 txs=1176443269 mgas=73929312 bps=41.04 tps=7589 mgps=602.7 avgBps=133.8 avgTps=12437 avgMGps=781.6 elapsed=1d2h16m
Aug 19 19:28:48 nimbus-eth1-mainnet-long-benchmark[2924939]: INF 2026-08-19 19:28:48.815+00:00 Imported blocks                            blockNumber=12664833 slot=1 blocks=12664832 txs=1177906325 mgas=74049114 bps=41.80 tps=7465 mgps=611.3 avgBps=133.6 avgTps=12427 avgMGps=781.3 elapsed=1d2h19m
Aug 19 19:32:06 nimbus-eth1-mainnet-long-benchmark[2924939]: INF 2026-08-19 19:32:06.795+00:00 Imported blocks                            blockNumber=12673025 slot=1 blocks=12673024 txs=1179242894 mgas=74166892 bps=41.38 tps=6750 mgps=594.9 avgBps=133.4 avgTps=12415 avgMGps=780.9 elapsed=1d2h23m
Aug 19 19:35:34 nimbus-eth1-mainnet-long-benchmark[2924939]: INF 2026-08-19 19:35:34.396+00:00 Imported blocks                            blockNumber=12681217 slot=1 blocks=12681216 txs=1180766873 mgas=74287384 bps=39.46 tps=7340 mgps=580.4 avgBps=133.2 avgTps=12404 avgMGps=780.4 elapsed=1d2h26m
Aug 19 19:39:06 nimbus-eth1-mainnet-long-benchmark[2924939]: INF 2026-08-19 19:39:06.337+00:00 Imported blocks                            blockNumber=12689409 slot=1 blocks=12689408 txs=1182408220 mgas=74408185 bps=38.65 tps=7744 mgps=570.0 avgBps=133.0 avgTps=12394 avgMGps=780.0 elapsed=1d2h29m
Aug 19 19:42:31 nimbus-eth1-mainnet-long-benchmark[2924939]: INF 2026-08-19 19:42:31.089+00:00 Imported blocks                            blockNumber=12697601 slot=1 blocks=12697600 txs=1183925836 mgas=74528394 bps=40.01 tps=7412 mgps=587.1 avgBps=132.8 avgTps=12383 avgMGps=779.5 elapsed=1d2h33m
Aug 19 19:45:53 nimbus-eth1-mainnet-long-benchmark[2924939]: INF 2026-08-19 19:45:53.982+00:00 Imported blocks                            blockNumber=12705793 slot=1 blocks=12705792 txs=1185498721 mgas=74649179 bps=40.38 tps=7752 mgps=595.3 avgBps=132.6 avgTps=12373 avgMGps=779.2 elapsed=1d2h36m
Aug 19 19:49:17 nimbus-eth1-mainnet-long-benchmark[2924939]: INF 2026-08-19 19:49:17.851+00:00 Imported blocks                            blockNumber=12713985 slot=1 blocks=12713984 txs=1186941762 mgas=74768403 bps=40.18 tps=7078 mgps=584.8 avgBps=132.4 avgTps=12362 avgMGps=778.7 elapsed=1d2h40m
Aug 19 19:52:41 nimbus-eth1-mainnet-long-benchmark[2924939]: INF 2026-08-19 19:52:41.588+00:00 Imported blocks                            blockNumber=12722177 slot=1 blocks=12722176 txs=1188502265 mgas=74887114 bps=40.21 tps=7659 mgps=582.7 avgBps=132.2 avgTps=12352 avgMGps=778.3 elapsed=1d2h43m
Aug 19 19:56:13 nimbus-eth1-mainnet-long-benchmark[2924939]: INF 2026-08-19 19:56:13.572+00:00 Imported blocks                            blockNumber=12730369 slot=1 blocks=12730368 txs=1190212465 mgas=75007867 bps=38.65 tps=8067 mgps=569.6 avgBps=132.0 avgTps=12343 avgMGps=777.9 elapsed=1d2h47m
Aug 19 19:59:33 nimbus-eth1-mainnet-long-benchmark[2924939]: INF 2026-08-19 19:59:33.637+00:00 Imported blocks                            blockNumber=12738561 slot=1 blocks=12738560 txs=1191737978 mgas=75128441 bps=40.95 tps=7625 mgps=602.7 avgBps=131.8 avgTps=12333 avgMGps=777.5 elapsed=1d2h50m
Aug 19 20:02:52 nimbus-eth1-mainnet-long-benchmark[2924939]: INF 2026-08-19 20:02:52.694+00:00 Imported blocks                            blockNumber=12746753 slot=1 blocks=12746752 txs=1193283158 mgas=75248781 bps=41.15 tps=7762 mgps=604.6 avgBps=131.6 avgTps=12323 avgMGps=777.2 elapsed=1d2h53m
Aug 19 20:06:09 nimbus-eth1-mainnet-long-benchmark[2924939]: INF 2026-08-19 20:06:09.819+00:00 Imported blocks                            blockNumber=12754945 slot=1 blocks=12754944 txs=1194774367 mgas=75368399 bps=41.56 tps=7564 mgps=606.8 avgBps=131.5 avgTps=12314 avgMGps=776.8 elapsed=1d2h57m
Aug 19 20:09:30 nimbus-eth1-mainnet-long-benchmark[2924939]: INF 2026-08-19 20:09:30.488+00:00 Imported blocks                            blockNumber=12763137 slot=1 blocks=12763136 txs=1196193884 mgas=75487966 bps=40.82 tps=7073 mgps=595.8 avgBps=131.3 avgTps=12303 avgMGps=776.4 elapsed=1d3h24s
Aug 19 20:12:53 nimbus-eth1-mainnet-long-benchmark[2924939]: INF 2026-08-19 20:12:53.344+00:00 Imported blocks                            blockNumber=12771329 slot=1 blocks=12771328 txs=1197637486 mgas=75606721 bps=40.38 tps=7116 mgps=585.4 avgBps=131.1 avgTps=12292 avgMGps=776.0 elapsed=1d3h3m
Aug 19 20:15:59 nimbus-eth1-mainnet-long-benchmark[2924939]: INF 2026-08-19 20:15:59.457+00:00 Imported blocks                            blockNumber=12779521 slot=1 blocks=12779520 txs=1199387484 mgas=75727437 bps=44.02 tps=9402 mgps=648.6 avgBps=130.9 avgTps=12287 avgMGps=775.8 elapsed=1d3h6m
Aug 19 20:19:12 nimbus-eth1-mainnet-long-benchmark[2924939]: INF 2026-08-19 20:19:12.666+00:00 Imported blocks                            blockNumber=12787713 slot=1 blocks=12787712 txs=1201025307 mgas=75848230 bps=42.40 tps=8476 mgps=625.2 avgBps=130.7 avgTps=12279 avgMGps=775.5 elapsed=1d3h10m
Aug 19 20:22:27 nimbus-eth1-mainnet-long-benchmark[2924939]: INF 2026-08-19 20:22:27.559+00:00 Imported blocks                            blockNumber=12795905 slot=1 blocks=12795904 txs=1202573245 mgas=75968901 bps=42.03 tps=7942 mgps=619.2 avgBps=130.6 avgTps=12271 avgMGps=775.2 elapsed=1d3h13m
Aug 19 20:25:44 nimbus-eth1-mainnet-long-benchmark[2924939]: INF 2026-08-19 20:25:44.080+00:00 Imported blocks                            blockNumber=12804097 slot=1 blocks=12804096 txs=1204006645 mgas=76088685 bps=41.69 tps=7293 mgps=609.5 avgBps=130.4 avgTps=12261 avgMGps=774.9 elapsed=1d3h16m
Aug 19 20:29:00 nimbus-eth1-mainnet-long-benchmark[2924939]: INF 2026-08-19 20:29:00.209+00:00 Imported blocks                            blockNumber=12812289 slot=1 blocks=12812288 txs=1205475285 mgas=76208224 bps=41.77 tps=7488 mgps=609.5 avgBps=130.2 avgTps=12251 avgMGps=774.5 elapsed=1d3h19m
Aug 19 20:32:16 nimbus-eth1-mainnet-long-benchmark[2924939]: INF 2026-08-19 20:32:16.398+00:00 Imported blocks                            blockNumber=12820481 slot=1 blocks=12820480 txs=1207011307 mgas=76329230 bps=41.76 tps=7829 mgps=616.8 avgBps=130.0 avgTps=12242 avgMGps=774.2 elapsed=1d3h23m
Aug 19 20:35:32 nimbus-eth1-mainnet-long-benchmark[2924939]: INF 2026-08-19 20:35:32.370+00:00 Imported blocks                            blockNumber=12828673 slot=1 blocks=12828672 txs=1208555335 mgas=76449928 bps=41.80 tps=7878 mgps=615.9 avgBps=129.9 avgTps=12234 avgMGps=773.9 elapsed=1d3h26m
Aug 19 20:38:52 nimbus-eth1-mainnet-long-benchmark[2924939]: INF 2026-08-19 20:38:52.743+00:00 Imported blocks                            blockNumber=12836865 slot=1 blocks=12836864 txs=1210175087 mgas=76570749 bps=40.88 tps=8083 mgps=603.0 avgBps=129.7 avgTps=12225 avgMGps=773.5 elapsed=1d3h29m
Aug 19 20:42:08 nimbus-eth1-mainnet-long-benchmark[2924939]: INF 2026-08-19 20:42:08.892+00:00 Imported blocks                            blockNumber=12845057 slot=1 blocks=12845056 txs=1211706543 mgas=76691722 bps=41.76 tps=7807 mgps=616.7 avgBps=129.5 avgTps=12216 avgMGps=773.2 elapsed=1d3h33m
Aug 19 20:45:18 nimbus-eth1-mainnet-long-benchmark[2924939]: INF 2026-08-19 20:45:18.573+00:00 Imported blocks                            blockNumber=12853249 slot=1 blocks=12853248 txs=1213189567 mgas=76812710 bps=43.19 tps=7818 mgps=637.8 avgBps=129.3 avgTps=12208 avgMGps=773.0 elapsed=1d3h36m
Aug 19 20:48:41 nimbus-eth1-mainnet-long-benchmark[2924939]: INF 2026-08-19 20:48:41.614+00:00 Imported blocks                            blockNumber=12861441 slot=1 blocks=12861440 txs=1214709074 mgas=76933374 bps=40.35 tps=7483 mgps=594.3 avgBps=129.2 avgTps=12198 avgMGps=772.6 elapsed=1d3h39m
Aug 19 20:52:13 nimbus-eth1-mainnet-long-benchmark[2924939]: INF 2026-08-19 20:52:13.678+00:00 Imported blocks                            blockNumber=12869633 slot=1 blocks=12869632 txs=1216252711 mgas=77053985 bps=38.63 tps=7279 mgps=568.8 avgBps=129.0 avgTps=12188 avgMGps=772.2 elapsed=1d3h43m
Aug 19 20:55:45 nimbus-eth1-mainnet-long-benchmark[2924939]: INF 2026-08-19 20:55:45.015+00:00 Imported blocks                            blockNumber=12877825 slot=1 blocks=12877824 txs=1217803807 mgas=77174987 bps=38.76 tps=7339 mgps=572.5 avgBps=128.8 avgTps=12178 avgMGps=771.8 elapsed=1d3h46m
Aug 19 20:59:14 nimbus-eth1-mainnet-long-benchmark[2924939]: INF 2026-08-19 20:59:14.752+00:00 Imported blocks                            blockNumber=12886017 slot=1 blocks=12886016 txs=1219320016 mgas=77296040 bps=39.06 tps=7229 mgps=577.2 avgBps=128.6 avgTps=12167 avgMGps=771.4 elapsed=1d3h50m
Aug 19 21:02:50 nimbus-eth1-mainnet-long-benchmark[2924939]: INF 2026-08-19 21:02:50.784+00:00 Imported blocks                            blockNumber=12894209 slot=1 blocks=12894208 txs=1220837309 mgas=77416831 bps=37.92 tps=7023 mgps=559.1 avgBps=128.4 avgTps=12156 avgMGps=770.9 elapsed=1d3h53m
Aug 19 21:06:22 nimbus-eth1-mainnet-long-benchmark[2924939]: INF 2026-08-19 21:06:22.381+00:00 Imported blocks                            blockNumber=12902401 slot=1 blocks=12902400 txs=1222390833 mgas=77537916 bps=38.72 tps=7342 mgps=572.3 avgBps=128.2 avgTps=12146 avgMGps=770.5 elapsed=1d3h57m
Aug 19 21:09:52 nimbus-eth1-mainnet-long-benchmark[2924939]: INF 2026-08-19 21:09:52.685+00:00 Imported blocks                            blockNumber=12910593 slot=1 blocks=12910592 txs=1224084590 mgas=77659217 bps=38.95 tps=8053 mgps=576.8 avgBps=128.0 avgTps=12138 avgMGps=770.1 elapsed=1d4h46s
Aug 19 21:13:15 nimbus-eth1-mainnet-long-benchmark[2924939]: INF 2026-08-19 21:13:15.802+00:00 Imported blocks                            blockNumber=12918785 slot=1 blocks=12918784 txs=1225756634 mgas=77780558 bps=40.33 tps=8231 mgps=597.4 avgBps=127.8 avgTps=12130 avgMGps=769.7 elapsed=1d4h4m
Aug 19 21:16:41 nimbus-eth1-mainnet-long-benchmark[2924939]: INF 2026-08-19 21:16:41.987+00:00 Imported blocks                            blockNumber=12926977 slot=1 blocks=12926976 txs=1227412038 mgas=77901499 bps=39.73 tps=8028 mgps=586.6 avgBps=127.7 avgTps=12121 avgMGps=769.4 elapsed=1d4h7m
Aug 19 21:20:06 nimbus-eth1-mainnet-long-benchmark[2924939]: INF 2026-08-19 21:20:06.795+00:00 Imported blocks                            blockNumber=12935169 slot=1 blocks=12935168 txs=1228981944 mgas=78022426 bps=40.00 tps=7665 mgps=590.4 avgBps=127.5 avgTps=12112 avgMGps=769.0 elapsed=1d4h11m
Aug 19 21:23:37 nimbus-eth1-mainnet-long-benchmark[2924939]: INF 2026-08-19 21:23:37.696+00:00 Imported blocks                            blockNumber=12943361 slot=1 blocks=12943360 txs=1230522869 mgas=78143531 bps=38.84 tps=7306 mgps=574.2 avgBps=127.3 avgTps=12102 avgMGps=768.6 elapsed=1d4h14m
Aug 19 21:27:02 nimbus-eth1-mainnet-long-benchmark[2924939]: INF 2026-08-19 21:27:02.077+00:00 Imported blocks                            blockNumber=12951553 slot=1 blocks=12951552 txs=1232164557 mgas=78264547 bps=40.08 tps=8032 mgps=592.1 avgBps=127.1 avgTps=12094 avgMGps=768.2 elapsed=1d4h17m
Aug 19 21:30:29 nimbus-eth1-mainnet-long-benchmark[2924939]: INF 2026-08-19 21:30:29.993+00:00 Imported blocks                            blockNumber=12959745 slot=1 blocks=12959744 txs=1233728340 mgas=78385406 bps=39.40 tps=7521 mgps=581.3 avgBps=127.0 avgTps=12085 avgMGps=767.9 elapsed=1d4h21m
Aug 19 21:33:51 nimbus-eth1-mainnet-long-benchmark[2924939]: INF 2026-08-19 21:33:51.262+00:00 Imported blocks                            blockNumber=12967937 slot=1 blocks=12967936 txs=1235240637 mgas=78507091 bps=40.70 tps=7513 mgps=604.6 avgBps=126.8 avgTps=12076 avgMGps=767.5 elapsed=1d4h24m
Aug 19 21:37:15 nimbus-eth1-mainnet-long-benchmark[2924939]: INF 2026-08-19 21:37:15.411+00:00 Imported blocks                            blockNumber=12976129 slot=1 blocks=12976128 txs=1236757613 mgas=78633896 bps=40.13 tps=7430 mgps=621.1 avgBps=126.6 avgTps=12067 avgMGps=767.2 elapsed=1d4h28m
Aug 19 21:40:46 nimbus-eth1-mainnet-long-benchmark[2924939]: INF 2026-08-19 21:40:46.604+00:00 Imported blocks                            blockNumber=12984321 slot=1 blocks=12984320 txs=1238288328 mgas=78760777 bps=38.79 tps=7248 mgps=600.8 avgBps=126.4 avgTps=12057 avgMGps=766.9 elapsed=1d4h31m
Aug 19 21:44:17 nimbus-eth1-mainnet-long-benchmark[2924939]: INF 2026-08-19 21:44:17.356+00:00 Imported blocks                            blockNumber=12992513 slot=1 blocks=12992512 txs=1239788351 mgas=78887626 bps=38.87 tps=7117 mgps=601.9 avgBps=126.3 avgTps=12047 avgMGps=766.6 elapsed=1d4h35m
Aug 19 21:47:32 nimbus-eth1-mainnet-long-benchmark[2924939]: INF 2026-08-19 21:47:32.213+00:00 Imported blocks                            blockNumber=13000705 slot=1 blocks=13000704 txs=1241313413 mgas=79014389 bps=42.04 tps=7826 mgps=650.5 avgBps=126.1 avgTps=12039 avgMGps=766.3 elapsed=1d4h38m
Aug 19 21:50:51 nimbus-eth1-mainnet-long-benchmark[2924939]: INF 2026-08-19 21:50:51.986+00:00 Imported blocks                            blockNumber=13008897 slot=1 blocks=13008896 txs=1242884311 mgas=79141017 bps=41.01 tps=7863 mgps=633.9 avgBps=125.9 avgTps=12031 avgMGps=766.1 elapsed=1d4h41m
Aug 19 21:54:14 nimbus-eth1-mainnet-long-benchmark[2924939]: INF 2026-08-19 21:54:14.703+00:00 Imported blocks                            blockNumber=13017089 slot=1 blocks=13017088 txs=1244399381 mgas=79267733 bps=40.41 tps=7473 mgps=625.1 avgBps=125.8 avgTps=12022 avgMGps=765.8 elapsed=1d4h45m
Aug 19 21:57:28 nimbus-eth1-mainnet-long-benchmark[2924939]: INF 2026-08-19 21:57:28.675+00:00 Imported blocks                            blockNumber=13025281 slot=1 blocks=13025280 txs=1245890676 mgas=79394471 bps=42.23 tps=7687 mgps=653.4 avgBps=125.6 avgTps=12014 avgMGps=765.6 elapsed=1d4h48m
Aug 19 22:00:47 nimbus-eth1-mainnet-long-benchmark[2924939]: INF 2026-08-19 22:00:47.136+00:00 Imported blocks                            blockNumber=13033473 slot=1 blocks=13033472 txs=1247290123 mgas=79521272 bps=41.28 tps=7051 mgps=638.9 avgBps=125.4 avgTps=12004 avgMGps=765.4 elapsed=1d4h51m
Aug 19 22:04:07 nimbus-eth1-mainnet-long-benchmark[2924939]: INF 2026-08-19 22:04:07.973+00:00 Imported blocks                            blockNumber=13041665 slot=1 blocks=13041664 txs=1248902226 mgas=79647845 bps=40.79 tps=8026 mgps=630.2 avgBps=125.3 avgTps=11996 avgMGps=765.1 elapsed=1d4h55m
Aug 19 22:07:29 nimbus-eth1-mainnet-long-benchmark[2924939]: INF 2026-08-19 22:07:29.466+00:00 Imported blocks                            blockNumber=13049857 slot=1 blocks=13049856 txs=1250467115 mgas=79774415 bps=40.66 tps=7766 mgps=628.2 avgBps=125.1 avgTps=11988 avgMGps=764.8 elapsed=1d4h58m
Aug 19 22:10:53 nimbus-eth1-mainnet-long-benchmark[2924939]: INF 2026-08-19 22:10:53.934+00:00 Imported blocks                            blockNumber=13058049 slot=1 blocks=13058048 txs=1252017042 mgas=79900926 bps=40.06 tps=7580 mgps=618.7 avgBps=124.9 avgTps=11980 avgMGps=764.5 elapsed=1d5h1m
Aug 19 22:14:21 nimbus-eth1-mainnet-long-benchmark[2924939]: INF 2026-08-19 22:14:21.107+00:00 Imported blocks                            blockNumber=13066241 slot=1 blocks=13066240 txs=1253591882 mgas=80027575 bps=39.54 tps=7601 mgps=611.3 avgBps=124.8 avgTps=11971 avgMGps=764.2 elapsed=1d5h5m
Aug 19 22:17:48 nimbus-eth1-mainnet-long-benchmark[2924939]: INF 2026-08-19 22:17:48.016+00:00 Imported blocks                            blockNumber=13074433 slot=1 blocks=13074432 txs=1255109551 mgas=80154598 bps=39.59 tps=7335 mgps=613.9 avgBps=124.6 avgTps=11962 avgMGps=763.9 elapsed=1d5h8m
Aug 19 22:21:17 nimbus-eth1-mainnet-long-benchmark[2924939]: INF 2026-08-19 22:21:17.048+00:00 Imported blocks                            blockNumber=13082625 slot=1 blocks=13082624 txs=1256664799 mgas=80281800 bps=39.19 tps=7440 mgps=608.5 avgBps=124.4 avgTps=11953 avgMGps=763.6 elapsed=1d5h12m
Aug 19 22:24:38 nimbus-eth1-mainnet-long-benchmark[2924939]: INF 2026-08-19 22:24:38.873+00:00 Imported blocks                            blockNumber=13090817 slot=1 blocks=13090816 txs=1258220852 mgas=80408322 bps=40.59 tps=7709 mgps=626.9 avgBps=124.3 avgTps=11945 avgMGps=763.4 elapsed=1d5h15m
Aug 19 22:28:04 nimbus-eth1-mainnet-long-benchmark[2924939]: INF 2026-08-19 22:28:04.066+00:00 Imported blocks                            blockNumber=13099009 slot=1 blocks=13099008 txs=1259725713 mgas=80534813 bps=39.92 tps=7333 mgps=616.5 avgBps=124.1 avgTps=11936 avgMGps=763.1 elapsed=1d5h18m
Aug 19 22:31:25 nimbus-eth1-mainnet-long-benchmark[2924939]: INF 2026-08-19 22:31:25.335+00:00 Imported blocks                            blockNumber=13107201 slot=1 blocks=13107200 txs=1261207779 mgas=80661318 bps=40.70 tps=7363 mgps=628.5 avgBps=124.0 avgTps=11927 avgMGps=762.8 elapsed=1d5h22m
Aug 19 22:34:35 nimbus-eth1-mainnet-long-benchmark[2924939]: INF 2026-08-19 22:34:35.328+00:00 Imported blocks                            blockNumber=13115393 slot=1 blocks=13115392 txs=1262634153 mgas=80787800 bps=43.12 tps=7507 mgps=665.7 avgBps=123.8 avgTps=11919 avgMGps=762.7 elapsed=1d5h25m
Aug 19 22:37:50 nimbus-eth1-mainnet-long-benchmark[2924939]: INF 2026-08-19 22:37:50.352+00:00 Imported blocks                            blockNumber=13123585 slot=1 blocks=13123584 txs=1264056805 mgas=80914376 bps=42.00 tps=7294 mgps=649.0 avgBps=123.7 avgTps=11911 avgMGps=762.5 elapsed=1d5h28m
Aug 19 22:41:09 nimbus-eth1-mainnet-long-benchmark[2924939]: INF 2026-08-19 22:41:09.805+00:00 Imported blocks                            blockNumber=13131777 slot=1 blocks=13131776 txs=1265557474 mgas=81040878 bps=41.07 tps=7524 mgps=634.3 avgBps=123.5 avgTps=11902 avgMGps=762.2 elapsed=1d5h32m
Aug 19 22:44:24 nimbus-eth1-mainnet-long-benchmark[2924939]: INF 2026-08-19 22:44:24.882+00:00 Imported blocks                            blockNumber=13139969 slot=1 blocks=13139968 txs=1267138426 mgas=81167379 bps=41.99 tps=8104 mgps=648.5 avgBps=123.4 avgTps=11895 avgMGps=762.0 elapsed=1d5h35m
Aug 19 22:47:31 nimbus-eth1-mainnet-long-benchmark[2924939]: INF 2026-08-19 22:47:31.583+00:00 Imported blocks                            blockNumber=13148161 slot=1 blocks=13148160 txs=1268710617 mgas=81293960 bps=43.88 tps=8420 mgps=678.0 avgBps=123.2 avgTps=11889 avgMGps=761.9 elapsed=1d5h38m
Aug 19 22:50:25 nimbus-eth1-mainnet-long-benchmark[2924939]: INF 2026-08-19 22:50:25.704+00:00 Imported blocks                            blockNumber=13156353 slot=1 blocks=13156352 txs=1270213280 mgas=81420395 bps=47.05 tps=8630 mgps=726.1 avgBps=123.1 avgTps=11884 avgMGps=761.8 elapsed=1d5h41m
Aug 19 22:53:24 nimbus-eth1-mainnet-long-benchmark[2924939]: INF 2026-08-19 22:53:24.985+00:00 Imported blocks                            blockNumber=13164545 slot=1 blocks=13164544 txs=1271709087 mgas=81547263 bps=45.69 tps=8343 mgps=707.7 avgBps=123.0 avgTps=11878 avgMGps=761.7 elapsed=1d5h44m
Aug 19 22:56:31 nimbus-eth1-mainnet-long-benchmark[2924939]: INF 2026-08-19 22:56:31.846+00:00 Imported blocks                            blockNumber=13172737 slot=1 blocks=13172736 txs=1273194707 mgas=81674021 bps=43.84 tps=7950 mgps=678.4 avgBps=122.8 avgTps=11871 avgMGps=761.6 elapsed=1d5h47m
Aug 19 22:59:42 nimbus-eth1-mainnet-long-benchmark[2924939]: INF 2026-08-19 22:59:42.231+00:00 Imported blocks                            blockNumber=13180929 slot=1 blocks=13180928 txs=1274818990 mgas=81800466 bps=43.03 tps=8531 mgps=664.1 avgBps=122.7 avgTps=11865 avgMGps=761.4 elapsed=1d5h50m
Aug 19 23:02:44 nimbus-eth1-mainnet-long-benchmark[2924939]: INF 2026-08-19 23:02:44.552+00:00 Imported blocks                            blockNumber=13189121 slot=1 blocks=13189120 txs=1276306783 mgas=81926920 bps=44.93 tps=8160 mgps=693.6 avgBps=122.6 avgTps=11859 avgMGps=761.3 elapsed=1d5h53m
Aug 19 23:05:58 nimbus-eth1-mainnet-long-benchmark[2924939]: INF 2026-08-19 23:05:58.009+00:00 Imported blocks                            blockNumber=13197313 slot=1 blocks=13197312 txs=1277896870 mgas=82053368 bps=42.35 tps=8219 mgps=653.6 avgBps=122.4 avgTps=11853 avgMGps=761.1 elapsed=1d5h56m
Aug 19 23:09:23 nimbus-eth1-mainnet-long-benchmark[2924939]: INF 2026-08-19 23:09:23.546+00:00 Imported blocks                            blockNumber=13205505 slot=1 blocks=13205504 txs=1279500827 mgas=82179877 bps=39.86 tps=7803 mgps=615.5 avgBps=122.3 avgTps=11845 avgMGps=760.8 elapsed=1d6h17s
Aug 19 23:12:53 nimbus-eth1-mainnet-long-benchmark[2924939]: INF 2026-08-19 23:12:53.559+00:00 Imported blocks                            blockNumber=13213697 slot=1 blocks=13213696 txs=1281016446 mgas=82306526 bps=39.01 tps=7216 mgps=603.1 avgBps=122.1 avgTps=11836 avgMGps=760.5 elapsed=1d6h3m
Aug 19 23:16:16 nimbus-eth1-mainnet-long-benchmark[2924939]: INF 2026-08-19 23:16:16.823+00:00 Imported blocks                            blockNumber=13221889 slot=1 blocks=13221888 txs=1282610952 mgas=82433007 bps=40.30 tps=7844 mgps=622.2 avgBps=121.9 avgTps=11828 avgMGps=760.2 elapsed=1d6h7m
Aug 19 23:19:45 nimbus-eth1-mainnet-long-benchmark[2924939]: INF 2026-08-19 23:19:45.000+00:00 Imported blocks                            blockNumber=13230081 slot=1 blocks=13230080 txs=1284182409 mgas=82559549 bps=39.35 tps=7548 mgps=607.9 avgBps=121.8 avgTps=11820 avgMGps=759.9 elapsed=1d6h10m
Aug 19 23:23:06 nimbus-eth1-mainnet-long-benchmark[2924939]: INF 2026-08-19 23:23:06.637+00:00 Imported blocks                            blockNumber=13238273 slot=1 blocks=13238272 txs=1285717811 mgas=82686140 bps=40.63 tps=7614 mgps=627.8 avgBps=121.6 avgTps=11812 avgMGps=759.7 elapsed=1d6h14m
Aug 19 23:26:18 nimbus-eth1-mainnet-long-benchmark[2924939]: INF 2026-08-19 23:26:18.474+00:00 Imported blocks                            blockNumber=13246465 slot=1 blocks=13246464 txs=1287211128 mgas=82812594 bps=42.70 tps=7784 mgps=659.2 avgBps=121.5 avgTps=11805 avgMGps=759.5 elapsed=1d6h17m
Aug 19 23:29:46 nimbus-eth1-mainnet-long-benchmark[2924939]: INF 2026-08-19 23:29:46.682+00:00 Imported blocks                            blockNumber=13254657 slot=1 blocks=13254656 txs=1288643650 mgas=82939089 bps=39.35 tps=6880 mgps=607.5 avgBps=121.3 avgTps=11796 avgMGps=759.2 elapsed=1d6h20m
Aug 19 23:33:13 nimbus-eth1-mainnet-long-benchmark[2924939]: INF 2026-08-19 23:33:13.263+00:00 Imported blocks                            blockNumber=13262849 slot=1 blocks=13262848 txs=1290131691 mgas=83065692 bps=39.65 tps=7203 mgps=612.8 avgBps=121.2 avgTps=11787 avgMGps=759.0 elapsed=1d6h24m
Aug 19 23:36:29 nimbus-eth1-mainnet-long-benchmark[2924939]: INF 2026-08-19 23:36:29.708+00:00 Imported blocks                            blockNumber=13271041 slot=1 blocks=13271040 txs=1291619527 mgas=83192060 bps=41.70 tps=7573 mgps=643.3 avgBps=121.0 avgTps=11780 avgMGps=758.8 elapsed=1d6h27m
Aug 19 23:39:53 nimbus-eth1-mainnet-long-benchmark[2924939]: INF 2026-08-19 23:39:53.940+00:00 Imported blocks                            blockNumber=13279233 slot=1 blocks=13279232 txs=1293102021 mgas=83318326 bps=40.11 tps=7258 mgps=618.2 avgBps=120.9 avgTps=11771 avgMGps=758.5 elapsed=1d6h30m
Aug 19 23:43:17 nimbus-eth1-mainnet-long-benchmark[2924939]: INF 2026-08-19 23:43:17.085+00:00 Imported blocks                            blockNumber=13287425 slot=1 blocks=13287424 txs=1294642727 mgas=83444616 bps=40.33 tps=7584 mgps=621.7 avgBps=120.7 avgTps=11764 avgMGps=758.2 elapsed=1d6h34m
Aug 19 23:46:43 nimbus-eth1-mainnet-long-benchmark[2924939]: INF 2026-08-19 23:46:43.522+00:00 Imported blocks                            blockNumber=13295617 slot=1 blocks=13295616 txs=1296073940 mgas=83571033 bps=39.68 tps=6933 mgps=612.4 avgBps=120.6 avgTps=11755 avgMGps=758.0 elapsed=1d6h37m
Aug 19 23:50:03 nimbus-eth1-mainnet-long-benchmark[2924939]: INF 2026-08-19 23:50:03.339+00:00 Imported blocks                            blockNumber=13303809 slot=1 blocks=13303808 txs=1297455582 mgas=83697410 bps=41.00 tps=6914 mgps=632.5 avgBps=120.4 avgTps=11746 avgMGps=757.7 elapsed=1d6h40m
Aug 19 23:53:20 nimbus-eth1-mainnet-long-benchmark[2924939]: INF 2026-08-19 23:53:20.115+00:00 Imported blocks                            blockNumber=13312001 slot=1 blocks=13312000 txs=1298880782 mgas=83823825 bps=41.63 tps=7242 mgps=642.4 avgBps=120.3 avgTps=11738 avgMGps=757.5 elapsed=1d6h44m
Aug 19 23:56:41 nimbus-eth1-mainnet-long-benchmark[2924939]: INF 2026-08-19 23:56:41.060+00:00 Imported blocks                            blockNumber=13320193 slot=1 blocks=13320192 txs=1300327224 mgas=83950258 bps=40.77 tps=7198 mgps=629.2 avgBps=120.2 avgTps=11730 avgMGps=757.3 elapsed=1d6h47m
Aug 20 00:00:01 nimbus-eth1-mainnet-long-benchmark[2924939]: INF 2026-08-20 00:00:01.865+00:00 Imported blocks                            blockNumber=13328385 slot=1 blocks=13328384 txs=1301778792 mgas=84076784 bps=40.80 tps=7228 mgps=630.1 avgBps=120.0 avgTps=11721 avgMGps=757.1 elapsed=1d6h50m
Aug 20 00:03:14 nimbus-eth1-mainnet-long-benchmark[2924939]: INF 2026-08-20 00:03:14.626+00:00 Imported blocks                            blockNumber=13336577 slot=1 blocks=13336576 txs=1303267242 mgas=84203227 bps=42.50 tps=7721 mgps=656.0 avgBps=119.9 avgTps=11714 avgMGps=756.9 elapsed=1d6h54m
Aug 20 00:06:47 nimbus-eth1-mainnet-long-benchmark[2924939]: INF 2026-08-20 00:06:47.138+00:00 Imported blocks                            blockNumber=13344769 slot=1 blocks=13344768 txs=1304716071 mgas=84329698 bps=38.55 tps=6817 mgps=595.1 avgBps=119.7 avgTps=11705 avgMGps=756.6 elapsed=1d6h57m
Aug 20 00:10:16 nimbus-eth1-mainnet-long-benchmark[2924939]: INF 2026-08-20 00:10:16.679+00:00 Imported blocks                            blockNumber=13352961 slot=1 blocks=13352960 txs=1306151457 mgas=84456172 bps=39.09 tps=6850 mgps=603.6 avgBps=119.6 avgTps=11696 avgMGps=756.3 elapsed=1d7h1m
Aug 20 00:13:33 nimbus-eth1-mainnet-long-benchmark[2924939]: INF 2026-08-20 00:13:33.360+00:00 Imported blocks                            blockNumber=13361153 slot=1 blocks=13361152 txs=1307688661 mgas=84582713 bps=41.65 tps=7815 mgps=643.4 avgBps=119.4 avgTps=11689 avgMGps=756.1 elapsed=1d7h4m
Aug 20 00:16:53 nimbus-eth1-mainnet-long-benchmark[2924939]: INF 2026-08-20 00:16:53.165+00:00 Imported blocks                            blockNumber=13369345 slot=1 blocks=13369344 txs=1309395020 mgas=84709096 bps=41.00 tps=8540 mgps=632.5 avgBps=119.3 avgTps=11684 avgMGps=755.9 elapsed=1d7h7m
Aug 20 00:20:10 nimbus-eth1-mainnet-long-benchmark[2924939]: INF 2026-08-20 00:20:10.981+00:00 Imported blocks                            blockNumber=13377537 slot=1 blocks=13377536 txs=1311134336 mgas=84835548 bps=41.41 tps=8792 mgps=639.2 avgBps=119.2 avgTps=11678 avgMGps=755.7 elapsed=1d7h11m
Aug 20 00:23:30 nimbus-eth1-mainnet-long-benchmark[2924939]: INF 2026-08-20 00:23:30.986+00:00 Imported blocks                            blockNumber=13385729 slot=1 blocks=13385728 txs=1312693933 mgas=84962012 bps=40.96 tps=7797 mgps=632.3 avgBps=119.0 avgTps=11672 avgMGps=755.5 elapsed=1d7h14m
Aug 20 00:26:59 nimbus-eth1-mainnet-long-benchmark[2924939]: INF 2026-08-20 00:26:59.987+00:00 Imported blocks                            blockNumber=13393921 slot=1 blocks=13393920 txs=1314158261 mgas=85088480 bps=39.20 tps=7006 mgps=605.1 avgBps=118.9 avgTps=11663 avgMGps=755.2 elapsed=1d7h17m
Aug 20 00:30:17 nimbus-eth1-mainnet-long-benchmark[2924939]: INF 2026-08-20 00:30:17.128+00:00 Imported blocks                            blockNumber=13402113 slot=1 blocks=13402112 txs=1315685809 mgas=85215099 bps=41.55 tps=7748 mgps=642.3 avgBps=118.7 avgTps=11656 avgMGps=755.0 elapsed=1d7h21m
Aug 20 00:33:39 nimbus-eth1-mainnet-long-benchmark[2924939]: INF 2026-08-20 00:33:39.500+00:00 Imported blocks                            blockNumber=13410305 slot=1 blocks=13410304 txs=1317226376 mgas=85341612 bps=40.48 tps=7612 mgps=625.2 avgBps=118.6 avgTps=11649 avgMGps=754.7 elapsed=1d7h24m
Aug 20 00:36:58 nimbus-eth1-mainnet-long-benchmark[2924939]: INF 2026-08-20 00:36:58.629+00:00 Imported blocks                            blockNumber=13418497 slot=1 blocks=13418496 txs=1318805417 mgas=85468269 bps=41.14 tps=7929 mgps=636.1 avgBps=118.5 avgTps=11642 avgMGps=754.5 elapsed=1d7h27m
Aug 20 00:40:11 nimbus-eth1-mainnet-long-benchmark[2924939]: INF 2026-08-20 00:40:11.646+00:00 Imported blocks                            blockNumber=13426689 slot=1 blocks=13426688 txs=1320457421 mgas=85594671 bps=42.44 tps=8558 mgps=654.9 avgBps=118.3 avgTps=11637 avgMGps=754.4 elapsed=1d7h31m
Aug 20 00:43:37 nimbus-eth1-mainnet-long-benchmark[2924939]: INF 2026-08-20 00:43:37.087+00:00 Imported blocks                            blockNumber=13434881 slot=1 blocks=13434880 txs=1321941679 mgas=85721047 bps=39.88 tps=7224 mgps=615.1 avgBps=118.2 avgTps=11629 avgMGps=754.1 elapsed=1d7h34m
Aug 20 00:47:12 nimbus-eth1-mainnet-long-benchmark[2924939]: INF 2026-08-20 00:47:12.903+00:00 Imported blocks                            blockNumber=13443073 slot=1 blocks=13443072 txs=1323495064 mgas=85847571 bps=37.96 tps=7197 mgps=586.2 avgBps=118.0 avgTps=11621 avgMGps=753.8 elapsed=1d7h38m
Aug 20 00:50:35 nimbus-eth1-mainnet-long-benchmark[2924939]: INF 2026-08-20 00:50:35.276+00:00 Imported blocks                            blockNumber=13451265 slot=1 blocks=13451264 txs=1325040570 mgas=85973964 bps=40.48 tps=7636 mgps=624.6 avgBps=117.9 avgTps=11614 avgMGps=753.6 elapsed=1d7h41m
Aug 20 00:54:03 nimbus-eth1-mainnet-long-benchmark[2924939]: INF 2026-08-20 00:54:03.141+00:00 Imported blocks                            blockNumber=13459457 slot=1 blocks=13459456 txs=1326658230 mgas=86100474 bps=39.41 tps=7782 mgps=608.6 avgBps=117.8 avgTps=11607 avgMGps=753.3 elapsed=1d7h44m
Aug 20 00:57:27 nimbus-eth1-mainnet-long-benchmark[2924939]: INF 2026-08-20 00:57:27.657+00:00 Imported blocks                            blockNumber=13467649 slot=1 blocks=13467648 txs=1328275390 mgas=86227013 bps=40.06 tps=7907 mgps=618.7 avgBps=117.6 avgTps=11600 avgMGps=753.1 elapsed=1d7h48m
Aug 20 01:00:55 nimbus-eth1-mainnet-long-benchmark[2924939]: INF 2026-08-20 01:00:55.558+00:00 Imported blocks                            blockNumber=13475841 slot=1 blocks=13475840 txs=1329873278 mgas=86353618 bps=39.40 tps=7685 mgps=609.0 avgBps=117.5 avgTps=11593 avgMGps=752.8 elapsed=1d7h51m
Aug 20 01:04:25 nimbus-eth1-mainnet-long-benchmark[2924939]: INF 2026-08-20 01:04:25.119+00:00 Imported blocks                            blockNumber=13484033 slot=1 blocks=13484032 txs=1331480832 mgas=86480197 bps=39.09 tps=7671 mgps=604.0 avgBps=117.3 avgTps=11586 avgMGps=752.5 elapsed=1d7h55m
Aug 20 01:07:49 nimbus-eth1-mainnet-long-benchmark[2924939]: INF 2026-08-20 01:07:49.415+00:00 Imported blocks                            blockNumber=13492225 slot=1 blocks=13492224 txs=1333173983 mgas=86606708 bps=40.10 tps=8287 mgps=619.2 avgBps=117.2 avgTps=11580 avgMGps=752.3 elapsed=1d7h58m
Aug 20 01:11:06 nimbus-eth1-mainnet-long-benchmark[2924939]: INF 2026-08-20 01:11:06.192+00:00 Imported blocks                            blockNumber=13500417 slot=1 blocks=13500416 txs=1334904938 mgas=86733322 bps=41.63 tps=8796 mgps=643.5 avgBps=117.1 avgTps=11575 avgMGps=752.1 elapsed=1d8h1m
Aug 20 01:14:18 nimbus-eth1-mainnet-long-benchmark[2924939]: INF 2026-08-20 01:14:18.553+00:00 Imported blocks                            blockNumber=13508609 slot=1 blocks=13508608 txs=1336811968 mgas=86859774 bps=42.59 tps=9913 mgps=657.4 avgBps=116.9 avgTps=11572 avgMGps=752.0 elapsed=1d8h5m
Aug 20 01:17:37 nimbus-eth1-mainnet-long-benchmark[2924939]: INF 2026-08-20 01:17:37.010+00:00 Imported blocks                            blockNumber=13516801 slot=1 blocks=13516800 txs=1338672694 mgas=86986318 bps=41.28 tps=9376 mgps=637.7 avgBps=116.8 avgTps=11569 avgMGps=751.8 elapsed=1d8h8m
Aug 20 01:20:56 nimbus-eth1-mainnet-long-benchmark[2924939]: INF 2026-08-20 01:20:56.287+00:00 Imported blocks                            blockNumber=13524993 slot=1 blocks=13524992 txs=1340416192 mgas=87112821 bps=41.11 tps=8748 mgps=634.8 avgBps=116.7 avgTps=11564 avgMGps=751.6 elapsed=1d8h11m
Aug 20 01:24:17 nimbus-eth1-mainnet-long-benchmark[2924939]: INF 2026-08-20 01:24:16.995+00:00 Imported blocks                            blockNumber=13533185 slot=1 blocks=13533184 txs=1342115747 mgas=87239358 bps=40.82 tps=8467 mgps=630.4 avgBps=116.6 avgTps=11558 avgMGps=751.3 elapsed=1d8h15m
Aug 20 01:27:36 nimbus-eth1-mainnet-long-benchmark[2924939]: INF 2026-08-20 01:27:36.364+00:00 Imported blocks                            blockNumber=13541377 slot=1 blocks=13541376 txs=1343913427 mgas=87365802 bps=41.09 tps=9016 mgps=634.2 avgBps=116.4 avgTps=11554 avgMGps=751.1 elapsed=1d8h18m
Aug 20 01:31:06 nimbus-eth1-mainnet-long-benchmark[2924939]: INF 2026-08-20 01:31:06.645+00:00 Imported blocks                            blockNumber=13549569 slot=1 blocks=13549568 txs=1345719839 mgas=87492241 bps=38.96 tps=8590 mgps=601.3 avgBps=116.3 avgTps=11549 avgMGps=750.9 elapsed=1d8h22m
Aug 20 01:34:34 nimbus-eth1-mainnet-long-benchmark[2924939]: INF 2026-08-20 01:34:34.081+00:00 Imported blocks                            blockNumber=13557761 slot=1 blocks=13557760 txs=1347446083 mgas=87618720 bps=39.49 tps=8321 mgps=609.7 avgBps=116.1 avgTps=11543 avgMGps=750.6 elapsed=1d8h25m
Aug 20 01:38:05 nimbus-eth1-mainnet-long-benchmark[2924939]: INF 2026-08-20 01:38:05.394+00:00 Imported blocks                            blockNumber=13565953 slot=1 blocks=13565952 txs=1349084368 mgas=87745067 bps=38.77 tps=7752 mgps=597.9 avgBps=116.0 avgTps=11536 avgMGps=750.3 elapsed=1d8h28m
Aug 20 01:41:50 nimbus-eth1-mainnet-long-benchmark[2924939]: INF 2026-08-20 01:41:50.134+00:00 Imported blocks                            blockNumber=13574145 slot=1 blocks=13574144 txs=1350719082 mgas=87871516 bps=36.45 tps=7273 mgps=562.7 avgBps=115.9 avgTps=11528 avgMGps=750.0 elapsed=1d8h32m
Aug 20 01:45:14 nimbus-eth1-mainnet-long-benchmark[2924939]: INF 2026-08-20 01:45:14.151+00:00 Imported blocks                            blockNumber=13582337 slot=1 blocks=13582336 txs=1352438021 mgas=87998042 bps=40.15 tps=8425 mgps=620.2 avgBps=115.7 avgTps=11523 avgMGps=749.8 elapsed=1d8h36m
Aug 20 01:48:36 nimbus-eth1-mainnet-long-benchmark[2924939]: INF 2026-08-20 01:48:36.692+00:00 Imported blocks                            blockNumber=13590529 slot=1 blocks=13590528 txs=1354206734 mgas=88124459 bps=40.45 tps=8732 mgps=624.2 avgBps=115.6 avgTps=11518 avgMGps=749.5 elapsed=1d8h39m
Aug 20 01:51:56 nimbus-eth1-mainnet-long-benchmark[2924939]: INF 2026-08-20 01:51:56.161+00:00 Imported blocks                            blockNumber=13598721 slot=1 blocks=13598720 txs=1355938310 mgas=88250869 bps=41.07 tps=8681 mgps=633.7 avgBps=115.5 avgTps=11513 avgMGps=749.4 elapsed=1d8h42m
Aug 20 01:55:14 nimbus-eth1-mainnet-long-benchmark[2924939]: INF 2026-08-20 01:55:14.289+00:00 Imported blocks                            blockNumber=13606913 slot=1 blocks=13606912 txs=1357653006 mgas=88377064 bps=41.35 tps=8654 mgps=636.9 avgBps=115.3 avgTps=11508 avgMGps=749.2 elapsed=1d8h46m
Aug 20 01:58:46 nimbus-eth1-mainnet-long-benchmark[2924939]: INF 2026-08-20 01:58:46.946+00:00 Imported blocks                            blockNumber=13615105 slot=1 blocks=13615104 txs=1359315695 mgas=88503397 bps=38.52 tps=7818 mgps=594.1 avgBps=115.2 avgTps=11502 avgMGps=748.9 elapsed=1d8h49m
Aug 20 02:02:06 nimbus-eth1-mainnet-long-benchmark[2924939]: INF 2026-08-20 02:02:06.271+00:00 Imported blocks                            blockNumber=13623297 slot=1 blocks=13623296 txs=1360975039 mgas=88629751 bps=41.10 tps=8324 mgps=633.9 avgBps=115.1 avgTps=11496 avgMGps=748.7 elapsed=1d8h52m
Aug 20 02:05:31 nimbus-eth1-mainnet-long-benchmark[2924939]: INF 2026-08-20 02:05:31.283+00:00 Imported blocks                            blockNumber=13631489 slot=1 blocks=13631488 txs=1362663365 mgas=88755919 bps=39.96 tps=8234 mgps=615.4 avgBps=115.0 avgTps=11491 avgMGps=748.5 elapsed=1d8h56m
Aug 20 02:09:02 nimbus-eth1-mainnet-long-benchmark[2924939]: INF 2026-08-20 02:09:02.480+00:00 Imported blocks                            blockNumber=13639681 slot=1 blocks=13639680 txs=1364403708 mgas=88882277 bps=38.79 tps=8240 mgps=598.3 avgBps=114.8 avgTps=11485 avgMGps=748.2 elapsed=1d8h59m
Aug 20 02:12:25 nimbus-eth1-mainnet-long-benchmark[2924939]: INF 2026-08-20 02:12:25.617+00:00 Imported blocks                            blockNumber=13647873 slot=1 blocks=13647872 txs=1366060245 mgas=89008598 bps=40.33 tps=8154 mgps=621.9 avgBps=114.7 avgTps=11479 avgMGps=748.0 elapsed=1d9h3m
Aug 20 02:15:56 nimbus-eth1-mainnet-long-benchmark[2924939]: INF 2026-08-20 02:15:56.281+00:00 Imported blocks                            blockNumber=13656065 slot=1 blocks=13656064 txs=1367565027 mgas=89134827 bps=38.89 tps=7143 mgps=599.2 avgBps=114.6 avgTps=11471 avgMGps=747.7 elapsed=1d9h6m
Aug 20 02:19:26 nimbus-eth1-mainnet-long-benchmark[2924939]: INF 2026-08-20 02:19:26.710+00:00 Imported blocks                            blockNumber=13664257 slot=1 blocks=13664256 txs=1369192144 mgas=89261151 bps=38.93 tps=7732 mgps=600.3 avgBps=114.4 avgTps=11465 avgMGps=747.5 elapsed=1d9h10m
Aug 20 02:22:48 nimbus-eth1-mainnet-long-benchmark[2924939]: INF 2026-08-20 02:22:48.531+00:00 Imported blocks                            blockNumber=13672449 slot=1 blocks=13672448 txs=1370809516 mgas=89387549 bps=40.59 tps=8013 mgps=626.3 avgBps=114.3 avgTps=11459 avgMGps=747.2 elapsed=1d9h13m
Aug 20 02:26:18 nimbus-eth1-mainnet-long-benchmark[2924939]: INF 2026-08-20 02:26:18.763+00:00 Imported blocks                            blockNumber=13680641 slot=1 blocks=13680640 txs=1372527198 mgas=89513734 bps=38.97 tps=8170 mgps=600.2 avgBps=114.2 avgTps=11453 avgMGps=747.0 elapsed=1d9h17m
Aug 20 02:29:51 nimbus-eth1-mainnet-long-benchmark[2924939]: INF 2026-08-20 02:29:51.384+00:00 Imported blocks                            blockNumber=13688833 slot=1 blocks=13688832 txs=1374209073 mgas=89640153 bps=38.53 tps=7910 mgps=594.6 avgBps=114.0 avgTps=11447 avgMGps=746.7 elapsed=1d9h20m
Aug 20 02:33:21 nimbus-eth1-mainnet-long-benchmark[2924939]: INF 2026-08-20 02:33:21.960+00:00 Imported blocks                            blockNumber=13697025 slot=1 blocks=13697024 txs=1375869015 mgas=89766367 bps=38.90 tps=7882 mgps=599.4 avgBps=113.9 avgTps=11441 avgMGps=746.5 elapsed=1d9h24m
Aug 20 02:36:49 nimbus-eth1-mainnet-long-benchmark[2924939]: INF 2026-08-20 02:36:49.841+00:00 Imported blocks                            blockNumber=13705217 slot=1 blocks=13705216 txs=1377362106 mgas=89892810 bps=39.41 tps=7182 mgps=608.2 avgBps=113.8 avgTps=11433 avgMGps=746.2 elapsed=1d9h27m
Aug 20 02:40:17 nimbus-eth1-mainnet-long-benchmark[2924939]: INF 2026-08-20 02:40:17.594+00:00 Imported blocks                            blockNumber=13713409 slot=1 blocks=13713408 txs=1379002083 mgas=90019155 bps=39.43 tps=7893 mgps=608.2 avgBps=113.6 avgTps=11427 avgMGps=746.0 elapsed=1d9h31m
Aug 20 02:43:37 nimbus-eth1-mainnet-long-benchmark[2924939]: INF 2026-08-20 02:43:37.122+00:00 Imported blocks                            blockNumber=13721601 slot=1 blocks=13721600 txs=1380639811 mgas=90145562 bps=41.06 tps=8208 mgps=633.5 avgBps=113.5 avgTps=11422 avgMGps=745.8 elapsed=1d9h34m
Aug 20 02:47:04 nimbus-eth1-mainnet-long-benchmark[2924939]: INF 2026-08-20 02:47:04.959+00:00 Imported blocks                            blockNumber=13729793 slot=1 blocks=13729792 txs=1382302579 mgas=90271817 bps=39.41 tps=8000 mgps=607.5 avgBps=113.4 avgTps=11416 avgMGps=745.6 elapsed=1d9h37m
Aug 20 02:50:36 nimbus-eth1-mainnet-long-benchmark[2924939]: INF 2026-08-20 02:50:36.980+00:00 Imported blocks                            blockNumber=13737985 slot=1 blocks=13737984 txs=1383874808 mgas=90398300 bps=38.64 tps=7415 mgps=596.6 avgBps=113.3 avgTps=11409 avgMGps=745.3 elapsed=1d9h41m
Aug 20 02:54:12 nimbus-eth1-mainnet-long-benchmark[2924939]: INF 2026-08-20 02:54:12.840+00:00 Imported blocks                            blockNumber=13746177 slot=1 blocks=13746176 txs=1385501332 mgas=90524376 bps=37.95 tps=7534 mgps=584.1 avgBps=113.1 avgTps=11402 avgMGps=745.0 elapsed=1d9h45m
Aug 20 02:57:56 nimbus-eth1-mainnet-long-benchmark[2924939]: INF 2026-08-20 02:57:56.725+00:00 Imported blocks                            blockNumber=13754369 slot=1 blocks=13754368 txs=1387310478 mgas=90650763 bps=36.59 tps=8080 mgps=564.5 avgBps=113.0 avgTps=11396 avgMGps=744.7 elapsed=1d9h48m
Aug 20 03:01:29 nimbus-eth1-mainnet-long-benchmark[2924939]: INF 2026-08-20 03:01:29.913+00:00 Imported blocks                            blockNumber=13762561 slot=1 blocks=13762560 txs=1388914426 mgas=90777119 bps=38.43 tps=7523 mgps=592.7 avgBps=112.9 avgTps=11389 avgMGps=744.4 elapsed=1d9h52m
Aug 20 03:05:11 nimbus-eth1-mainnet-long-benchmark[2924939]: INF 2026-08-20 03:05:11.362+00:00 Imported blocks                            blockNumber=13770753 slot=1 blocks=13770752 txs=1390627436 mgas=90903482 bps=36.99 tps=7735 mgps=570.6 avgBps=112.7 avgTps=11383 avgMGps=744.1 elapsed=1d9h56m
Aug 20 03:08:49 nimbus-eth1-mainnet-long-benchmark[2924939]: INF 2026-08-20 03:08:49.258+00:00 Imported blocks                            blockNumber=13778945 slot=1 blocks=13778944 txs=1392222598 mgas=91029840 bps=37.60 tps=7320 mgps=579.9 avgBps=112.6 avgTps=11375 avgMGps=743.8 elapsed=1d9h59m
Aug 20 03:12:20 nimbus-eth1-mainnet-long-benchmark[2924939]: INF 2026-08-20 03:12:20.643+00:00 Imported blocks                            blockNumber=13787137 slot=1 blocks=13787136 txs=1393725893 mgas=91156434 bps=38.75 tps=7111 mgps=598.9 avgBps=112.5 avgTps=11368 avgMGps=743.6 elapsed=1d10h3m
Aug 20 03:16:00 nimbus-eth1-mainnet-long-benchmark[2924939]: INF 2026-08-20 03:16:00.267+00:00 Imported blocks                            blockNumber=13795329 slot=1 blocks=13795328 txs=1395218342 mgas=91283089 bps=37.30 tps=6795 mgps=576.7 avgBps=112.3 avgTps=11360 avgMGps=743.3 elapsed=1d10h6m
Aug 20 03:19:35 nimbus-eth1-mainnet-long-benchmark[2924939]: INF 2026-08-20 03:19:35.040+00:00 Imported blocks                            blockNumber=13803521 slot=1 blocks=13803520 txs=1396769123 mgas=91409571 bps=38.14 tps=7220 mgps=588.9 avgBps=112.2 avgTps=11353 avgMGps=743.0 elapsed=1d10h10m
Aug 20 03:23:08 nimbus-eth1-mainnet-long-benchmark[2924939]: INF 2026-08-20 03:23:08.496+00:00 Imported blocks                            blockNumber=13811713 slot=1 blocks=13811712 txs=1398370493 mgas=91536126 bps=38.38 tps=7502 mgps=592.9 avgBps=112.1 avgTps=11346 avgMGps=742.7 elapsed=1d10h14m
Aug 20 03:26:41 nimbus-eth1-mainnet-long-benchmark[2924939]: INF 2026-08-20 03:26:41.785+00:00 Imported blocks                            blockNumber=13819905 slot=1 blocks=13819904 txs=1399870484 mgas=91662726 bps=38.41 tps=7032 mgps=593.6 avgBps=111.9 avgTps=11339 avgMGps=742.5 elapsed=1d10h17m
Aug 20 03:30:09 nimbus-eth1-mainnet-long-benchmark[2924939]: INF 2026-08-20 03:30:09.857+00:00 Imported blocks                            blockNumber=13828097 slot=1 blocks=13828096 txs=1401450084 mgas=91789153 bps=39.37 tps=7591 mgps=607.6 avgBps=111.8 avgTps=11332 avgMGps=742.3 elapsed=1d10h21m
Aug 20 03:33:49 nimbus-eth1-mainnet-long-benchmark[2924939]: INF 2026-08-20 03:33:49.926+00:00 Imported blocks                            blockNumber=13836289 slot=1 blocks=13836288 txs=1402902002 mgas=91915742 bps=37.22 tps=6597 mgps=575.2 avgBps=111.7 avgTps=11324 avgMGps=742.0 elapsed=1d10h24m
Aug 20 03:37:18 nimbus-eth1-mainnet-long-benchmark[2924939]: INF 2026-08-20 03:37:18.802+00:00 Imported blocks                            blockNumber=13844481 slot=1 blocks=13844480 txs=1404387913 mgas=92042414 bps=39.22 tps=7113 mgps=606.4 avgBps=111.6 avgTps=11317 avgMGps=741.7 elapsed=1d10h28m
Aug 20 03:40:43 nimbus-eth1-mainnet-long-benchmark[2924939]: INF 2026-08-20 03:40:43.611+00:00 Imported blocks                            blockNumber=13852673 slot=1 blocks=13852672 txs=1405898334 mgas=92168845 bps=40.00 tps=7374 mgps=617.3 avgBps=111.4 avgTps=11310 avgMGps=741.5 elapsed=1d10h31m
Aug 20 03:44:11 nimbus-eth1-mainnet-long-benchmark[2924939]: INF 2026-08-20 03:44:11.160+00:00 Imported blocks                            blockNumber=13860865 slot=1 blocks=13860864 txs=1407488903 mgas=92295362 bps=39.47 tps=7663 mgps=609.6 avgBps=111.3 avgTps=11304 avgMGps=741.3 elapsed=1d10h35m
Aug 20 03:47:44 nimbus-eth1-mainnet-long-benchmark[2924939]: INF 2026-08-20 03:47:44.008+00:00 Imported blocks                            blockNumber=13869057 slot=1 blocks=13869056 txs=1409104568 mgas=92421866 bps=38.49 tps=7590 mgps=594.3 avgBps=111.2 avgTps=11298 avgMGps=741.0 elapsed=1d10h38m
Aug 20 03:51:12 nimbus-eth1-mainnet-long-benchmark[2924939]: INF 2026-08-20 03:51:12.701+00:00 Imported blocks                            blockNumber=13877249 slot=1 blocks=13877248 txs=1410761907 mgas=92548361 bps=39.25 tps=7941 mgps=606.1 avgBps=111.1 avgTps=11292 avgMGps=740.8 elapsed=1d10h42m
Aug 20 03:54:51 nimbus-eth1-mainnet-long-benchmark[2924939]: INF 2026-08-20 03:54:51.297+00:00 Imported blocks                            blockNumber=13885441 slot=1 blocks=13885440 txs=1412292902 mgas=92674993 bps=37.48 tps=7003 mgps=579.3 avgBps=111.0 avgTps=11285 avgMGps=740.5 elapsed=1d10h45m
Aug 20 03:58:26 nimbus-eth1-mainnet-long-benchmark[2924939]: INF 2026-08-20 03:58:26.790+00:00 Imported blocks                            blockNumber=13893633 slot=1 blocks=13893632 txs=1413886023 mgas=92801299 bps=38.02 tps=7392 mgps=586.1 avgBps=110.8 avgTps=11278 avgMGps=740.3 elapsed=1d10h49m
Aug 20 04:01:47 nimbus-eth1-mainnet-long-benchmark[2924939]: INF 2026-08-20 04:01:47.119+00:00 Imported blocks                            blockNumber=13901825 slot=1 blocks=13901824 txs=1415480803 mgas=92927927 bps=40.89 tps=7960 mgps=632.1 avgBps=110.7 avgTps=11273 avgMGps=740.1 elapsed=1d10h52m
Aug 20 04:05:15 nimbus-eth1-mainnet-long-benchmark[2924939]: INF 2026-08-20 04:05:15.691+00:00 Imported blocks                            blockNumber=13910017 slot=1 blocks=13910016 txs=1417055782 mgas=93054440 bps=39.28 tps=7551 mgps=606.6 avgBps=110.6 avgTps=11267 avgMGps=739.9 elapsed=1d10h56m
Aug 20 04:08:58 nimbus-eth1-mainnet-long-benchmark[2924939]: INF 2026-08-20 04:08:58.508+00:00 Imported blocks                            blockNumber=13918209 slot=1 blocks=13918208 txs=1418584319 mgas=93180935 bps=36.77 tps=6860 mgps=567.7 avgBps=110.5 avgTps=11259 avgMGps=739.6 elapsed=1d10h59m
Aug 20 04:12:32 nimbus-eth1-mainnet-long-benchmark[2924939]: INF 2026-08-20 04:12:32.576+00:00 Imported blocks                            blockNumber=13926401 slot=1 blocks=13926400 txs=1420069885 mgas=93307516 bps=38.27 tps=6939 mgps=591.3 avgBps=110.3 avgTps=11251 avgMGps=739.3 elapsed=1d11h3m
Aug 20 04:16:09 nimbus-eth1-mainnet-long-benchmark[2924939]: INF 2026-08-20 04:16:09.849+00:00 Imported blocks                            blockNumber=13934593 slot=1 blocks=13934592 txs=1421586109 mgas=93434209 bps=37.70 tps=6978 mgps=583.1 avgBps=110.2 avgTps=11244 avgMGps=739.1 elapsed=1d11h7m
Aug 20 04:19:39 nimbus-eth1-mainnet-long-benchmark[2924939]: INF 2026-08-20 04:19:39.605+00:00 Imported blocks                            blockNumber=13942785 slot=1 blocks=13942784 txs=1423113033 mgas=93560789 bps=39.05 tps=7279 mgps=603.5 avgBps=110.1 avgTps=11238 avgMGps=738.8 elapsed=1d11h10m
Aug 20 04:23:23 nimbus-eth1-mainnet-long-benchmark[2924939]: INF 2026-08-20 04:23:23.478+00:00 Imported blocks                            blockNumber=13950977 slot=1 blocks=13950976 txs=1424708104 mgas=93687319 bps=36.59 tps=7124 mgps=565.2 avgBps=110.0 avgTps=11230 avgMGps=738.5 elapsed=1d11h14m
Aug 20 04:27:04 nimbus-eth1-mainnet-long-benchmark[2924939]: INF 2026-08-20 04:27:04.998+00:00 Imported blocks                            blockNumber=13959169 slot=1 blocks=13959168 txs=1426231240 mgas=93813820 bps=36.98 tps=6875 mgps=571.1 avgBps=109.8 avgTps=11223 avgMGps=738.2 elapsed=1d11h17m
Aug 20 04:30:41 nimbus-eth1-mainnet-long-benchmark[2924939]: INF 2026-08-20 04:30:41.423+00:00 Imported blocks                            blockNumber=13967361 slot=1 blocks=13967360 txs=1427730007 mgas=93940416 bps=37.85 tps=6925 mgps=584.9 avgBps=109.7 avgTps=11215 avgMGps=738.0 elapsed=1d11h21m
Aug 20 04:34:05 nimbus-eth1-mainnet-long-benchmark[2924939]: INF 2026-08-20 04:34:05.871+00:00 Imported blocks                            blockNumber=13975553 slot=1 blocks=13975552 txs=1429136929 mgas=94067012 bps=40.07 tps=6881 mgps=619.2 avgBps=109.6 avgTps=11208 avgMGps=737.8 elapsed=1d11h24m
Aug 20 04:37:29 nimbus-eth1-mainnet-long-benchmark[2924939]: INF 2026-08-20 04:37:29.468+00:00 Imported blocks                            blockNumber=13983745 slot=1 blocks=13983744 txs=1430736426 mgas=94193517 bps=40.24 tps=7856 mgps=621.3 avgBps=109.5 avgTps=11203 avgMGps=737.6 elapsed=1d11h28m
Aug 20 04:41:01 nimbus-eth1-mainnet-long-benchmark[2924939]: INF 2026-08-20 04:41:01.285+00:00 Imported blocks                            blockNumber=13991937 slot=1 blocks=13991936 txs=1432359914 mgas=94320155 bps=38.68 tps=7664 mgps=597.9 avgBps=109.4 avgTps=11197 avgMGps=737.4 elapsed=1d11h31m
Aug 20 04:44:28 nimbus-eth1-mainnet-long-benchmark[2924939]: INF 2026-08-20 04:44:28.157+00:00 Imported blocks                            blockNumber=14000129 slot=1 blocks=14000128 txs=1433982306 mgas=94446733 bps=39.60 tps=7842 mgps=611.9 avgBps=109.3 avgTps=11192 avgMGps=737.2 elapsed=1d11h35m
Aug 20 04:47:49 nimbus-eth1-mainnet-long-benchmark[2924939]: INF 2026-08-20 04:47:49.210+00:00 Imported blocks                            blockNumber=14008321 slot=1 blocks=14008320 txs=1435521887 mgas=94573271 bps=40.75 tps=7657 mgps=629.4 avgBps=109.2 avgTps=11186 avgMGps=737.0 elapsed=1d11h38m
Aug 20 04:51:32 nimbus-eth1-mainnet-long-benchmark[2924939]: INF 2026-08-20 04:51:32.354+00:00 Imported blocks                            blockNumber=14016513 slot=1 blocks=14016512 txs=1437001021 mgas=94699836 bps=36.71 tps=6628 mgps=567.2 avgBps=109.0 avgTps=11178 avgMGps=736.7 elapsed=1d11h42m
Aug 20 04:55:08 nimbus-eth1-mainnet-long-benchmark[2924939]: INF 2026-08-20 04:55:08.399+00:00 Imported blocks                            blockNumber=14024705 slot=1 blocks=14024704 txs=1438503468 mgas=94826425 bps=37.92 tps=6954 mgps=585.9 avgBps=108.9 avgTps=11171 avgMGps=736.4 elapsed=1d11h46m
Aug 20 04:58:42 nimbus-eth1-mainnet-long-benchmark[2924939]: INF 2026-08-20 04:58:42.767+00:00 Imported blocks                            blockNumber=14032897 slot=1 blocks=14032896 txs=1439982231 mgas=94952913 bps=38.21 tps=6898 mgps=590.1 avgBps=108.8 avgTps=11164 avgMGps=736.2 elapsed=1d11h49m
Aug 20 05:02:15 nimbus-eth1-mainnet-long-benchmark[2924939]: INF 2026-08-20 05:02:15.028+00:00 Imported blocks                            blockNumber=14041089 slot=1 blocks=14041088 txs=1441515977 mgas=95079541 bps=38.59 tps=7225 mgps=596.6 avgBps=108.7 avgTps=11158 avgMGps=736.0 elapsed=1d11h53m
Aug 20 05:05:47 nimbus-eth1-mainnet-long-benchmark[2924939]: INF 2026-08-20 05:05:47.769+00:00 Imported blocks                            blockNumber=14049281 slot=1 blocks=14049280 txs=1443035715 mgas=95206136 bps=38.51 tps=7143 mgps=595.1 avgBps=108.6 avgTps=11151 avgMGps=735.7 elapsed=1d11h56m
Aug 20 05:09:24 nimbus-eth1-mainnet-long-benchmark[2924939]: INF 2026-08-20 05:09:24.581+00:00 Imported blocks                            blockNumber=14057473 slot=1 blocks=14057472 txs=1444555208 mgas=95332664 bps=37.78 tps=7008 mgps=583.6 avgBps=108.5 avgTps=11144 avgMGps=735.5 elapsed=1d12h18s
Aug 20 05:12:47 nimbus-eth1-mainnet-long-benchmark[2924939]: INF 2026-08-20 05:12:47.722+00:00 Imported blocks                            blockNumber=14065665 slot=1 blocks=14065664 txs=1445934176 mgas=95459212 bps=40.33 tps=6788 mgps=623.0 avgBps=108.3 avgTps=11137 avgMGps=735.3 elapsed=1d12h3m
Aug 20 05:16:23 nimbus-eth1-mainnet-long-benchmark[2924939]: INF 2026-08-20 05:16:23.506+00:00 Imported blocks                            blockNumber=14073857 slot=1 blocks=14073856 txs=1447409002 mgas=95585650 bps=37.96 tps=6834 mgps=586.0 avgBps=108.2 avgTps=11130 avgMGps=735.1 elapsed=1d12h7m
Aug 20 05:19:59 nimbus-eth1-mainnet-long-benchmark[2924939]: INF 2026-08-20 05:19:59.259+00:00 Imported blocks                            blockNumber=14082049 slot=1 blocks=14082048 txs=1448870460 mgas=95712248 bps=37.97 tps=6773 mgps=586.8 avgBps=108.1 avgTps=11123 avgMGps=734.8 elapsed=1d12h10m
Aug 20 05:23:30 nimbus-eth1-mainnet-long-benchmark[2924939]: INF 2026-08-20 05:23:30.103+00:00 Imported blocks                            blockNumber=14090241 slot=1 blocks=14090240 txs=1450333774 mgas=95838713 bps=38.85 tps=6940 mgps=599.8 avgBps=108.0 avgTps=11116 avgMGps=734.6 elapsed=1d12h14m
Aug 20 05:27:00 nimbus-eth1-mainnet-long-benchmark[2924939]: INF 2026-08-20 05:27:00.224+00:00 Imported blocks                            blockNumber=14098433 slot=1 blocks=14098432 txs=1451774814 mgas=95965099 bps=38.99 tps=6858 mgps=601.5 avgBps=107.9 avgTps=11109 avgMGps=734.4 elapsed=1d12h17m
Aug 20 05:30:39 nimbus-eth1-mainnet-long-benchmark[2924939]: INF 2026-08-20 05:30:39.672+00:00 Imported blocks                            blockNumber=14106625 slot=1 blocks=14106624 txs=1453211267 mgas=96091590 bps=37.33 tps=6545 mgps=576.4 avgBps=107.8 avgTps=11102 avgMGps=734.1 elapsed=1d12h21m
Aug 20 05:34:18 nimbus-eth1-mainnet-long-benchmark[2924939]: INF 2026-08-20 05:34:18.029+00:00 Imported blocks                            blockNumber=14114817 slot=1 blocks=14114816 txs=1454708215 mgas=96218324 bps=37.52 tps=6855 mgps=580.4 avgBps=107.7 avgTps=11095 avgMGps=733.9 elapsed=1d12h25m
Aug 20 05:37:50 nimbus-eth1-mainnet-long-benchmark[2924939]: INF 2026-08-20 05:37:50.538+00:00 Imported blocks                            blockNumber=14123009 slot=1 blocks=14123008 txs=1456205202 mgas=96344866 bps=38.55 tps=7044 mgps=595.5 avgBps=107.5 avgTps=11088 avgMGps=733.6 elapsed=1d12h28m
Aug 20 05:41:27 nimbus-eth1-mainnet-long-benchmark[2924939]: INF 2026-08-20 05:41:27.730+00:00 Imported blocks                            blockNumber=14131201 slot=1 blocks=14131200 txs=1457658182 mgas=96471303 bps=37.72 tps=6689 mgps=582.1 avgBps=107.4 avgTps=11081 avgMGps=733.4 elapsed=1d12h32m
Aug 20 05:45:04 nimbus-eth1-mainnet-long-benchmark[2924939]: INF 2026-08-20 05:45:04.335+00:00 Imported blocks                            blockNumber=14139393 slot=1 blocks=14139392 txs=1459081368 mgas=96597875 bps=37.82 tps=6570 mgps=584.3 avgBps=107.3 avgTps=11073 avgMGps=733.1 elapsed=1d12h35m
Aug 20 05:48:49 nimbus-eth1-mainnet-long-benchmark[2924939]: INF 2026-08-20 05:48:49.115+00:00 Imported blocks                            blockNumber=14147585 slot=1 blocks=14147584 txs=1460650676 mgas=96724438 bps=36.44 tps=6981 mgps=563.0 avgBps=107.2 avgTps=11066 avgMGps=732.9 elapsed=1d12h39m
Aug 20 05:52:28 nimbus-eth1-mainnet-long-benchmark[2924939]: INF 2026-08-20 05:52:28.295+00:00 Imported blocks                            blockNumber=14155777 slot=1 blocks=14155776 txs=1462115211 mgas=96851010 bps=37.38 tps=6681 mgps=577.5 avgBps=107.1 avgTps=11059 avgMGps=732.6 elapsed=1d12h43m
Aug 20 05:56:07 nimbus-eth1-mainnet-long-benchmark[2924939]: INF 2026-08-20 05:56:07.024+00:00 Imported blocks                            blockNumber=14163969 slot=1 blocks=14163968 txs=1463594730 mgas=96977534 bps=37.45 tps=6764 mgps=578.5 avgBps=107.0 avgTps=11052 avgMGps=732.3 elapsed=1d12h47m
Aug 20 05:59:48 nimbus-eth1-mainnet-long-benchmark[2924939]: INF 2026-08-20 05:59:48.356+00:00 Imported blocks                            blockNumber=14172161 slot=1 blocks=14172160 txs=1465094043 mgas=97104003 bps=37.01 tps=6774 mgps=571.4 avgBps=106.8 avgTps=11045 avgMGps=732.1 elapsed=1d12h50m
Aug 20 06:03:24 nimbus-eth1-mainnet-long-benchmark[2924939]: INF 2026-08-20 06:03:24.245+00:00 Imported blocks                            blockNumber=14180353 slot=1 blocks=14180352 txs=1466659391 mgas=97230626 bps=37.95 tps=7250 mgps=586.5 avgBps=106.7 avgTps=11039 avgMGps=731.8 elapsed=1d12h54m
Aug 20 06:07:03 nimbus-eth1-mainnet-long-benchmark[2924939]: INF 2026-08-20 06:07:03.573+00:00 Imported blocks                            blockNumber=14188545 slot=1 blocks=14188544 txs=1468130221 mgas=97357091 bps=37.35 tps=6706 mgps=576.6 avgBps=106.6 avgTps=11032 avgMGps=731.6 elapsed=1d12h57m
Aug 20 06:10:41 nimbus-eth1-mainnet-long-benchmark[2924939]: INF 2026-08-20 06:10:41.862+00:00 Imported blocks                            blockNumber=14196737 slot=1 blocks=14196736 txs=1469530770 mgas=97483586 bps=37.53 tps=6416 mgps=579.5 avgBps=106.5 avgTps=11024 avgMGps=731.3 elapsed=1d13h1m
Aug 20 06:14:26 nimbus-eth1-mainnet-long-benchmark[2924939]: INF 2026-08-20 06:14:26.710+00:00 Imported blocks                            blockNumber=14204929 slot=1 blocks=14204928 txs=1470983875 mgas=97610339 bps=36.43 tps=6462 mgps=563.7 avgBps=106.4 avgTps=11016 avgMGps=731.1 elapsed=1d13h5m
Aug 20 06:18:03 nimbus-eth1-mainnet-long-benchmark[2924939]: INF 2026-08-20 06:18:03.067+00:00 Imported blocks                            blockNumber=14213121 slot=1 blocks=14213120 txs=1472443986 mgas=97736908 bps=37.86 tps=6748 mgps=585.0 avgBps=106.3 avgTps=11010 avgMGps=730.8 elapsed=1d13h8m
Aug 20 06:21:38 nimbus-eth1-mainnet-long-benchmark[2924939]: INF 2026-08-20 06:21:38.747+00:00 Imported blocks                            blockNumber=14221313 slot=1 blocks=14221312 txs=1473964445 mgas=97863560 bps=37.98 tps=7049 mgps=587.2 avgBps=106.2 avgTps=11003 avgMGps=730.6 elapsed=1d13h12m
Aug 20 06:25:20 nimbus-eth1-mainnet-long-benchmark[2924939]: INF 2026-08-20 06:25:20.571+00:00 Imported blocks                            blockNumber=14229505 slot=1 blocks=14229504 txs=1475463717 mgas=97990199 bps=36.93 tps=6758 mgps=570.9 avgBps=106.1 avgTps=10996 avgMGps=730.3 elapsed=1d13h16m
Aug 20 06:28:58 nimbus-eth1-mainnet-long-benchmark[2924939]: INF 2026-08-20 06:28:58.344+00:00 Imported blocks                            blockNumber=14237697 slot=1 blocks=14237696 txs=1477012661 mgas=98116939 bps=37.62 tps=7112 mgps=582.0 avgBps=105.9 avgTps=10990 avgMGps=730.1 elapsed=1d13h19m
Aug 20 06:32:52 nimbus-eth1-mainnet-long-benchmark[2924939]: INF 2026-08-20 06:32:52.516+00:00 Imported blocks                            blockNumber=14245889 slot=1 blocks=14245888 txs=1478646477 mgas=98243446 bps=34.98 tps=6977 mgps=540.2 avgBps=105.8 avgTps=10983 avgMGps=729.8 elapsed=1d13h23m
Aug 20 06:36:28 nimbus-eth1-mainnet-long-benchmark[2924939]: INF 2026-08-20 06:36:28.321+00:00 Imported blocks                            blockNumber=14254081 slot=1 blocks=14254080 txs=1480092096 mgas=98370170 bps=37.96 tps=6698 mgps=587.2 avgBps=105.7 avgTps=10976 avgMGps=729.5 elapsed=1d13h27m
Aug 20 06:40:01 nimbus-eth1-mainnet-long-benchmark[2924939]: INF 2026-08-20 06:40:01.649+00:00 Imported blocks                            blockNumber=14262273 slot=1 blocks=14262272 txs=1481523962 mgas=98496711 bps=38.40 tps=6712 mgps=593.2 avgBps=105.6 avgTps=10969 avgMGps=729.3 elapsed=1d13h30m
Aug 20 06:43:38 nimbus-eth1-mainnet-long-benchmark[2924939]: INF 2026-08-20 06:43:38.218+00:00 Imported blocks                            blockNumber=14270465 slot=1 blocks=14270464 txs=1483008014 mgas=98623220 bps=37.83 tps=6852 mgps=584.2 avgBps=105.5 avgTps=10963 avgMGps=729.1 elapsed=1d13h34m
Aug 20 06:47:15 nimbus-eth1-mainnet-long-benchmark[2924939]: INF 2026-08-20 06:47:15.778+00:00 Imported blocks                            blockNumber=14278657 slot=1 blocks=14278656 txs=1484457170 mgas=98749786 bps=37.65 tps=6660 mgps=581.7 avgBps=105.4 avgTps=10956 avgMGps=728.8 elapsed=1d13h38m
Aug 20 06:51:00 nimbus-eth1-mainnet-long-benchmark[2924939]: INF 2026-08-20 06:51:00.247+00:00 Imported blocks                            blockNumber=14286849 slot=1 blocks=14286848 txs=1485932097 mgas=98876484 bps=36.49 tps=6570 mgps=564.4 avgBps=105.3 avgTps=10949 avgMGps=728.6 elapsed=1d13h41m
Aug 20 06:54:41 nimbus-eth1-mainnet-long-benchmark[2924939]: INF 2026-08-20 06:54:41.807+00:00 Imported blocks                            blockNumber=14295041 slot=1 blocks=14295040 txs=1487325180 mgas=99003120 bps=36.97 tps=6287 mgps=571.6 avgBps=105.2 avgTps=10941 avgMGps=728.3 elapsed=1d13h45m
Aug 20 06:58:17 nimbus-eth1-mainnet-long-benchmark[2924939]: INF 2026-08-20 06:58:17.260+00:00 Imported blocks                            blockNumber=14303233 slot=1 blocks=14303232 txs=1488794773 mgas=99129714 bps=38.02 tps=6821 mgps=587.6 avgBps=105.1 avgTps=10934 avgMGps=728.1 elapsed=1d13h49m
Aug 20 07:01:56 nimbus-eth1-mainnet-long-benchmark[2924939]: INF 2026-08-20 07:01:56.576+00:00 Imported blocks                            blockNumber=14311425 slot=1 blocks=14311424 txs=1490306806 mgas=99256253 bps=37.35 tps=6894 mgps=577.0 avgBps=104.9 avgTps=10928 avgMGps=727.8 elapsed=1d13h52m
Aug 20 07:05:36 nimbus-eth1-mainnet-long-benchmark[2924939]: INF 2026-08-20 07:05:36.553+00:00 Imported blocks                            blockNumber=14319617 slot=1 blocks=14319616 txs=1491788177 mgas=99382830 bps=37.24 tps=6734 mgps=575.4 avgBps=104.8 avgTps=10921 avgMGps=727.6 elapsed=1d13h56m
Aug 20 07:09:17 nimbus-eth1-mainnet-long-benchmark[2924939]: INF 2026-08-20 07:09:17.329+00:00 Imported blocks                            blockNumber=14327809 slot=1 blocks=14327808 txs=1493218346 mgas=99509396 bps=37.11 tps=6477 mgps=573.3 avgBps=104.7 avgTps=10914 avgMGps=727.4 elapsed=1d14h10s
Aug 20 07:12:56 nimbus-eth1-mainnet-long-benchmark[2924939]: INF 2026-08-20 07:12:56.233+00:00 Imported blocks                            blockNumber=14336001 slot=1 blocks=14336000 txs=1494637496 mgas=99636119 bps=37.42 tps=6482 mgps=578.9 avgBps=104.6 avgTps=10907 avgMGps=727.1 elapsed=1d14h3m
Aug 20 07:16:39 nimbus-eth1-mainnet-long-benchmark[2924939]: INF 2026-08-20 07:16:39.174+00:00 Imported blocks                            blockNumber=14344193 slot=1 blocks=14344192 txs=1496117780 mgas=99762554 bps=36.75 tps=6639 mgps=567.1 avgBps=104.5 avgTps=10900 avgMGps=726.9 elapsed=1d14h7m
Aug 20 07:20:33 nimbus-eth1-mainnet-long-benchmark[2924939]: INF 2026-08-20 07:20:33.106+00:00 Imported blocks                            blockNumber=14352385 slot=1 blocks=14352384 txs=1497646328 mgas=99889031 bps=35.02 tps=6534 mgps=540.7 avgBps=104.4 avgTps=10893 avgMGps=726.5 elapsed=1d14h11m
Aug 20 07:24:27 nimbus-eth1-mainnet-long-benchmark[2924939]: INF 2026-08-20 07:24:27.970+00:00 Imported blocks                            blockNumber=14360577 slot=1 blocks=14360576 txs=1499193215 mgas=100015839 bps=34.88 tps=6586 mgps=539.9 avgBps=104.3 avgTps=10885 avgMGps=726.2 elapsed=1d14h15m
Aug 20 07:28:14 nimbus-eth1-mainnet-long-benchmark[2924939]: INF 2026-08-20 07:28:14.319+00:00 Imported blocks                            blockNumber=14368769 slot=1 blocks=14368768 txs=1500628724 mgas=100142411 bps=36.19 tps=6341 mgps=559.2 avgBps=104.2 avgTps=10878 avgMGps=725.9 elapsed=1d14h19m
Aug 20 07:32:02 nimbus-eth1-mainnet-long-benchmark[2924939]: INF 2026-08-20 07:32:02.003+00:00 Imported blocks                            blockNumber=14376961 slot=1 blocks=14376960 txs=1502015374 mgas=100268911 bps=35.98 tps=6090 mgps=555.6 avgBps=104.0 avgTps=10870 avgMGps=725.7 elapsed=1d14h22m
Aug 20 07:35:48 nimbus-eth1-mainnet-long-benchmark[2924939]: INF 2026-08-20 07:35:48.855+00:00 Imported blocks                            blockNumber=14385153 slot=1 blocks=14385152 txs=1503397597 mgas=100395563 bps=36.11 tps=6093 mgps=558.3 avgBps=103.9 avgTps=10862 avgMGps=725.4 elapsed=1d14h26m
Aug 20 07:39:32 nimbus-eth1-mainnet-long-benchmark[2924939]: INF 2026-08-20 07:39:32.664+00:00 Imported blocks                            blockNumber=14393345 slot=1 blocks=14393344 txs=1504885648 mgas=100522227 bps=36.60 tps=6648 mgps=566.0 avgBps=103.8 avgTps=10855 avgMGps=725.1 elapsed=1d14h30m
Aug 20 07:43:20 nimbus-eth1-mainnet-long-benchmark[2924939]: INF 2026-08-20 07:43:20.584+00:00 Imported blocks                            blockNumber=14401537 slot=1 blocks=14401536 txs=1506439582 mgas=100648773 bps=35.94 tps=6817 mgps=555.2 avgBps=103.7 avgTps=10849 avgMGps=724.9 elapsed=1d14h34m
Aug 20 07:47:02 nimbus-eth1-mainnet-long-benchmark[2924939]: INF 2026-08-20 07:47:02.529+00:00 Imported blocks                            blockNumber=14409729 slot=1 blocks=14409728 txs=1508073589 mgas=100775337 bps=36.91 tps=7362 mgps=570.3 avgBps=103.6 avgTps=10843 avgMGps=724.6 elapsed=1d14h37m
Aug 20 07:50:46 nimbus-eth1-mainnet-long-benchmark[2924939]: INF 2026-08-20 07:50:46.989+00:00 Imported blocks                            blockNumber=14417921 slot=1 blocks=14417920 txs=1509515789 mgas=100901918 bps=36.50 tps=6425 mgps=563.9 avgBps=103.5 avgTps=10836 avgMGps=724.3 elapsed=1d14h41m
Aug 20 07:54:40 nimbus-eth1-mainnet-long-benchmark[2924939]: INF 2026-08-20 07:54:40.689+00:00 Imported blocks                            blockNumber=14426113 slot=1 blocks=14426112 txs=1510929421 mgas=101028396 bps=35.05 tps=6048 mgps=541.2 avgBps=103.4 avgTps=10828 avgMGps=724.0 elapsed=1d14h45m
Aug 20 07:58:29 nimbus-eth1-mainnet-long-benchmark[2924939]: INF 2026-08-20 07:58:29.382+00:00 Imported blocks                            blockNumber=14434305 slot=1 blocks=14434304 txs=1512477530 mgas=101154947 bps=35.82 tps=6769 mgps=553.4 avgBps=103.3 avgTps=10821 avgMGps=723.8 elapsed=1d14h49m
Aug 20 08:02:19 nimbus-eth1-mainnet-long-benchmark[2924939]: INF 2026-08-20 08:02:19.246+00:00 Imported blocks                            blockNumber=14442497 slot=1 blocks=14442496 txs=1513948057 mgas=101281563 bps=35.64 tps=6397 mgps=550.8 avgBps=103.2 avgTps=10814 avgMGps=723.5 elapsed=1d14h53m
Aug 20 08:06:01 nimbus-eth1-mainnet-long-benchmark[2924939]: INF 2026-08-20 08:06:01.962+00:00 Imported blocks                            blockNumber=14450689 slot=1 blocks=14450688 txs=1515426491 mgas=101408240 bps=36.78 tps=6638 mgps=568.8 avgBps=103.1 avgTps=10807 avgMGps=723.2 elapsed=1d14h56m
Aug 20 08:09:44 nimbus-eth1-mainnet-long-benchmark[2924939]: INF 2026-08-20 08:09:44.283+00:00 Imported blocks                            blockNumber=14458881 slot=1 blocks=14458880 txs=1516885229 mgas=101534838 bps=36.85 tps=6561 mgps=569.4 avgBps=103.0 avgTps=10801 avgMGps=723.0 elapsed=1d15h37s
Aug 20 08:13:30 nimbus-eth1-mainnet-long-benchmark[2924939]: INF 2026-08-20 08:13:30.555+00:00 Imported blocks                            blockNumber=14467073 slot=1 blocks=14467072 txs=1518311743 mgas=101661241 bps=36.20 tps=6304 mgps=558.6 avgBps=102.8 avgTps=10793 avgMGps=722.7 elapsed=1d15h4m
Aug 20 08:17:21 nimbus-eth1-mainnet-long-benchmark[2924939]: INF 2026-08-20 08:17:21.159+00:00 Imported blocks                            blockNumber=14475265 slot=1 blocks=14475264 txs=1519793911 mgas=101787951 bps=35.52 tps=6427 mgps=549.5 avgBps=102.7 avgTps=10786 avgMGps=722.4 elapsed=1d15h8m
Aug 20 08:21:06 nimbus-eth1-mainnet-long-benchmark[2924939]: INF 2026-08-20 08:21:06.176+00:00 Imported blocks                            blockNumber=14483457 slot=1 blocks=14483456 txs=1521351379 mgas=101914491 bps=36.41 tps=6921 mgps=562.4 avgBps=102.6 avgTps=10780 avgMGps=722.2 elapsed=1d15h11m
Aug 20 08:24:48 nimbus-eth1-mainnet-long-benchmark[2924939]: INF 2026-08-20 08:24:48.524+00:00 Imported blocks                            blockNumber=14491649 slot=1 blocks=14491648 txs=1522821566 mgas=102040928 bps=36.84 tps=6612 mgps=568.6 avgBps=102.5 avgTps=10774 avgMGps=721.9 elapsed=1d15h15m
Aug 20 08:28:28 nimbus-eth1-mainnet-long-benchmark[2924939]: INF 2026-08-20 08:28:28.761+00:00 Imported blocks                            blockNumber=14499841 slot=1 blocks=14499840 txs=1524299533 mgas=102167452 bps=37.20 tps=6710 mgps=574.5 avgBps=102.4 avgTps=10767 avgMGps=721.7 elapsed=1d15h19m
Aug 20 08:32:34 nimbus-eth1-mainnet-long-benchmark[2924939]: INF 2026-08-20 08:32:34.125+00:00 Imported blocks                            blockNumber=14508033 slot=1 blocks=14508032 txs=1525765485 mgas=102293988 bps=33.39 tps=5974 mgps=515.7 avgBps=102.3 avgTps=10759 avgMGps=721.4 elapsed=1d15h23m
Aug 20 08:36:21 nimbus-eth1-mainnet-long-benchmark[2924939]: INF 2026-08-20 08:36:21.133+00:00 Imported blocks                            blockNumber=14516225 slot=1 blocks=14516224 txs=1527114209 mgas=102420481 bps=36.09 tps=5941 mgps=557.2 avgBps=102.2 avgTps=10751 avgMGps=721.1 elapsed=1d15h27m
Aug 20 08:40:03 nimbus-eth1-mainnet-long-benchmark[2924939]: INF 2026-08-20 08:40:03.290+00:00 Imported blocks                            blockNumber=14524417 slot=1 blocks=14524416 txs=1528522384 mgas=102547039 bps=36.87 tps=6338 mgps=569.7 avgBps=102.1 avgTps=10744 avgMGps=720.9 elapsed=1d15h30m
Aug 20 08:43:45 nimbus-eth1-mainnet-long-benchmark[2924939]: INF 2026-08-20 08:43:45.002+00:00 Imported blocks                            blockNumber=14532609 slot=1 blocks=14532608 txs=1529939791 mgas=102673640 bps=36.95 tps=6393 mgps=571.0 avgBps=102.0 avgTps=10738 avgMGps=720.6 elapsed=1d15h34m
Aug 20 08:47:25 nimbus-eth1-mainnet-long-benchmark[2924939]: INF 2026-08-20 08:47:25.219+00:00 Imported blocks                            blockNumber=14540801 slot=1 blocks=14540800 txs=1531393541 mgas=102800249 bps=37.20 tps=6601 mgps=574.9 avgBps=101.9 avgTps=10731 avgMGps=720.4 elapsed=1d15h38m
Aug 20 08:51:02 nimbus-eth1-mainnet-long-benchmark[2924939]: INF 2026-08-20 08:51:02.191+00:00 Imported blocks                            blockNumber=14548993 slot=1 blocks=14548992 txs=1532796910 mgas=102926765 bps=37.76 tps=6467 mgps=583.1 avgBps=101.8 avgTps=10725 avgMGps=720.2 elapsed=1d15h41m
Aug 20 08:54:51 nimbus-eth1-mainnet-long-benchmark[2924939]: INF 2026-08-20 08:54:51.660+00:00 Imported blocks                            blockNumber=14557185 slot=1 blocks=14557184 txs=1534192018 mgas=103053366 bps=35.70 tps=6079 mgps=551.7 avgBps=101.7 avgTps=10717 avgMGps=719.9 elapsed=1d15h45m
Aug 20 08:58:36 nimbus-eth1-mainnet-long-benchmark[2924939]: INF 2026-08-20 08:58:36.856+00:00 Imported blocks                            blockNumber=14565377 slot=1 blocks=14565376 txs=1535614541 mgas=103180127 bps=36.38 tps=6316 mgps=562.9 avgBps=101.6 avgTps=10710 avgMGps=719.7 elapsed=1d15h49m
Aug 20 09:02:14 nimbus-eth1-mainnet-long-benchmark[2924939]: INF 2026-08-20 09:02:14.485+00:00 Imported blocks                            blockNumber=14573569 slot=1 blocks=14573568 txs=1537033985 mgas=103306532 bps=37.64 tps=6522 mgps=580.8 avgBps=101.5 avgTps=10704 avgMGps=719.5 elapsed=1d15h53m
Aug 20 09:05:52 nimbus-eth1-mainnet-long-benchmark[2924939]: INF 2026-08-20 09:05:52.369+00:00 Imported blocks                            blockNumber=14581761 slot=1 blocks=14581760 txs=1538410088 mgas=103432973 bps=37.60 tps=6315 mgps=580.3 avgBps=101.4 avgTps=10697 avgMGps=719.3 elapsed=1d15h56m
Aug 20 09:09:33 nimbus-eth1-mainnet-long-benchmark[2924939]: INF 2026-08-20 09:09:33.634+00:00 Imported blocks                            blockNumber=14589953 slot=1 blocks=14589952 txs=1539842194 mgas=103559582 bps=37.02 tps=6472 mgps=572.2 avgBps=101.3 avgTps=10691 avgMGps=719.0 elapsed=1d16h27s
Aug 20 09:13:11 nimbus-eth1-mainnet-long-benchmark[2924939]: INF 2026-08-20 09:13:11.694+00:00 Imported blocks                            blockNumber=14598145 slot=1 blocks=14598144 txs=1541231712 mgas=103686274 bps=37.57 tps=6372 mgps=581.0 avgBps=101.2 avgTps=10684 avgMGps=718.8 elapsed=1d16h4m
Aug 20 09:17:03 nimbus-eth1-mainnet-long-benchmark[2924939]: INF 2026-08-20 09:17:03.390+00:00 Imported blocks                            blockNumber=14606337 slot=1 blocks=14606336 txs=1542557603 mgas=103812866 bps=35.36 tps=5722 mgps=546.4 avgBps=101.1 avgTps=10676 avgMGps=718.5 elapsed=1d16h7m
Aug 20 09:20:48 nimbus-eth1-mainnet-long-benchmark[2924939]: INF 2026-08-20 09:20:48.731+00:00 Imported blocks                            blockNumber=14614529 slot=1 blocks=14614528 txs=1543988223 mgas=103939436 bps=36.35 tps=6348 mgps=561.7 avgBps=101.0 avgTps=10670 avgMGps=718.3 elapsed=1d16h11m
Aug 20 09:24:36 nimbus-eth1-mainnet-long-benchmark[2924939]: INF 2026-08-20 09:24:36.183+00:00 Imported blocks                            blockNumber=14622721 slot=1 blocks=14622720 txs=1545628799 mgas=104065967 bps=36.02 tps=7212 mgps=556.3 avgBps=100.9 avgTps=10664 avgMGps=718.0 elapsed=1d16h15m
Aug 20 09:28:04 nimbus-eth1-mainnet-long-benchmark[2924939]: INF 2026-08-20 09:28:04.584+00:00 Imported blocks                            blockNumber=14630913 slot=1 blocks=14630912 txs=1547086993 mgas=104192478 bps=39.31 tps=6997 mgps=607.1 avgBps=100.8 avgTps=10659 avgMGps=717.9 elapsed=1d16h18m
Aug 20 09:31:45 nimbus-eth1-mainnet-long-benchmark[2924939]: INF 2026-08-20 09:31:45.572+00:00 Imported blocks                            blockNumber=14639105 slot=1 blocks=14639104 txs=1548539276 mgas=104318872 bps=37.07 tps=6571 mgps=572.0 avgBps=100.7 avgTps=10653 avgMGps=717.7 elapsed=1d16h22m
Aug 20 09:35:37 nimbus-eth1-mainnet-long-benchmark[2924939]: INF 2026-08-20 09:35:37.053+00:00 Imported blocks                            blockNumber=14647297 slot=1 blocks=14647296 txs=1549888595 mgas=104445438 bps=35.39 tps=5829 mgps=546.8 avgBps=100.6 avgTps=10645 avgMGps=717.4 elapsed=1d16h26m
Aug 20 09:39:22 nimbus-eth1-mainnet-long-benchmark[2924939]: INF 2026-08-20 09:39:22.669+00:00 Imported blocks                            blockNumber=14655489 slot=1 blocks=14655488 txs=1551341506 mgas=104572043 bps=36.31 tps=6439 mgps=561.2 avgBps=100.5 avgTps=10639 avgMGps=717.1 elapsed=1d16h30m
Aug 20 09:43:05 nimbus-eth1-mainnet-long-benchmark[2924939]: INF 2026-08-20 09:43:05.154+00:00 Imported blocks                            blockNumber=14663681 slot=1 blocks=14663680 txs=1552790005 mgas=104698375 bps=36.82 tps=6510 mgps=567.8 avgBps=100.4 avgTps=10632 avgMGps=716.9 elapsed=1d16h33m
Aug 20 09:46:50 nimbus-eth1-mainnet-long-benchmark[2924939]: INF 2026-08-20 09:46:50.990+00:00 Imported blocks                            blockNumber=14671873 slot=1 blocks=14671872 txs=1554273756 mgas=104824824 bps=36.27 tps=6569 mgps=559.9 avgBps=100.3 avgTps=10626 avgMGps=716.7 elapsed=1d16h37m
Aug 20 09:50:35 nimbus-eth1-mainnet-long-benchmark[2924939]: INF 2026-08-20 09:50:35.450+00:00 Imported blocks                            blockNumber=14680065 slot=1 blocks=14680064 txs=1555798382 mgas=104951311 bps=36.50 tps=6792 mgps=563.5 avgBps=100.2 avgTps=10620 avgMGps=716.4 elapsed=1d16h41m
Aug 20 09:54:20 nimbus-eth1-mainnet-long-benchmark[2924939]: INF 2026-08-20 09:54:20.411+00:00 Imported blocks                            blockNumber=14688257 slot=1 blocks=14688256 txs=1557325850 mgas=105077856 bps=36.42 tps=6789 mgps=562.5 avgBps=100.1 avgTps=10614 avgMGps=716.2 elapsed=1d16h45m
Aug 20 09:57:41 nimbus-eth1-mainnet-long-benchmark[2924939]: INF 2026-08-20 09:57:41.968+00:00 Imported blocks                            blockNumber=14696449 slot=1 blocks=14696448 txs=1558798023 mgas=105204382 bps=40.64 tps=7304 mgps=627.7 avgBps=100.0 avgTps=10610 avgMGps=716.1 elapsed=1d16h48m
Aug 20 10:01:18 nimbus-eth1-mainnet-long-benchmark[2924939]: INF 2026-08-20 10:01:18.420+00:00 Imported blocks                            blockNumber=14704641 slot=1 blocks=14704640 txs=1560217704 mgas=105330915 bps=37.85 tps=6558 mgps=584.6 avgBps=99.94 avgTps=10604 avgMGps=715.9 elapsed=1d16h52m
Aug 20 10:05:05 nimbus-eth1-mainnet-long-benchmark[2924939]: INF 2026-08-20 10:05:05.625+00:00 Imported blocks                            blockNumber=14712833 slot=1 blocks=14712832 txs=1561654974 mgas=105457382 bps=36.06 tps=6325 mgps=556.6 avgBps=99.84 avgTps=10597 avgMGps=715.6 elapsed=1d16h55m
Aug 20 10:08:52 nimbus-eth1-mainnet-long-benchmark[2924939]: INF 2026-08-20 10:08:52.177+00:00 Imported blocks                            blockNumber=14721025 slot=1 blocks=14721024 txs=1563167010 mgas=105583750 bps=36.16 tps=6674 mgps=557.8 avgBps=99.75 avgTps=10591 avgMGps=715.4 elapsed=1d16h59m
Aug 20 10:12:42 nimbus-eth1-mainnet-long-benchmark[2924939]: INF 2026-08-20 10:12:42.525+00:00 Imported blocks                            blockNumber=14729217 slot=1 blocks=14729216 txs=1564606510 mgas=105710056 bps=35.56 tps=6249 mgps=548.3 avgBps=99.65 avgTps=10584 avgMGps=715.1 elapsed=1d17h3m
Aug 20 10:16:32 nimbus-eth1-mainnet-long-benchmark[2924939]: INF 2026-08-20 10:16:32.422+00:00 Imported blocks                            blockNumber=14737409 slot=1 blocks=14737408 txs=1565993863 mgas=105836465 bps=35.63 tps=6034 mgps=549.9 avgBps=99.55 avgTps=10577 avgMGps=714.9 elapsed=1d17h7m
Aug 20 10:20:26 nimbus-eth1-mainnet-long-benchmark[2924939]: INF 2026-08-20 10:20:26.906+00:00 Imported blocks                            blockNumber=14745601 slot=1 blocks=14745600 txs=1567493174 mgas=105962890 bps=34.94 tps=6394 mgps=539.2 avgBps=99.44 avgTps=10571 avgMGps=714.6 elapsed=1d17h11m
Aug 20 10:24:20 nimbus-eth1-mainnet-long-benchmark[2924939]: INF 2026-08-20 10:24:20.086+00:00 Imported blocks                            blockNumber=14753793 slot=1 blocks=14753792 txs=1569051319 mgas=106089063 bps=35.13 tps=6682 mgps=541.1 avgBps=99.34 avgTps=10565 avgMGps=714.3 elapsed=1d17h15m
Aug 20 10:28:09 nimbus-eth1-mainnet-long-benchmark[2924939]: INF 2026-08-20 10:28:09.206+00:00 Imported blocks                            blockNumber=14761985 slot=1 blocks=14761984 txs=1570770123 mgas=106215276 bps=35.75 tps=7501 mgps=550.9 avgBps=99.25 avgTps=10560 avgMGps=714.1 elapsed=1d17h19m
Aug 20 10:32:00 nimbus-eth1-mainnet-long-benchmark[2924939]: INF 2026-08-20 10:32:00.775+00:00 Imported blocks                            blockNumber=14770177 slot=1 blocks=14770176 txs=1572487493 mgas=106341305 bps=35.38 tps=7416 mgps=544.2 avgBps=99.15 avgTps=10555 avgMGps=713.8 elapsed=1d17h22m
Aug 20 10:35:57 nimbus-eth1-mainnet-long-benchmark[2924939]: INF 2026-08-20 10:35:57.151+00:00 Imported blocks                            blockNumber=14778369 slot=1 blocks=14778368 txs=1573961397 mgas=106467668 bps=34.66 tps=6235 mgps=534.6 avgBps=99.04 avgTps=10548 avgMGps=713.5 elapsed=1d17h26m
Aug 20 10:40:03 nimbus-eth1-mainnet-long-benchmark[2924939]: INF 2026-08-20 10:40:03.871+00:00 Imported blocks                            blockNumber=14786561 slot=1 blocks=14786560 txs=1575410846 mgas=106594161 bps=33.20 tps=5874 mgps=512.7 avgBps=98.93 avgTps=10540 avgMGps=713.2 elapsed=1d17h30m
Aug 20 10:43:50 nimbus-eth1-mainnet-long-benchmark[2924939]: INF 2026-08-20 10:43:50.279+00:00 Imported blocks                            blockNumber=14794753 slot=1 blocks=14794752 txs=1576888706 mgas=106720591 bps=36.18 tps=6527 mgps=558.4 avgBps=98.84 avgTps=10534 avgMGps=713.0 elapsed=1d17h34m
Aug 20 10:47:38 nimbus-eth1-mainnet-long-benchmark[2924939]: INF 2026-08-20 10:47:38.528+00:00 Imported blocks                            blockNumber=14802945 slot=1 blocks=14802944 txs=1578401630 mgas=106846974 bps=35.89 tps=6628 mgps=553.7 avgBps=98.74 avgTps=10528 avgMGps=712.7 elapsed=1d17h38m
Aug 20 10:51:26 nimbus-eth1-mainnet-long-benchmark[2924939]: INF 2026-08-20 10:51:26.208+00:00 Imported blocks                            blockNumber=14811137 slot=1 blocks=14811136 txs=1579885395 mgas=106973402 bps=35.98 tps=6516 mgps=555.3 avgBps=98.65 avgTps=10522 avgMGps=712.5 elapsed=1d17h42m
Aug 20 10:55:03 nimbus-eth1-mainnet-long-benchmark[2924939]: INF 2026-08-20 10:55:03.937+00:00 Imported blocks                            blockNumber=14819329 slot=1 blocks=14819328 txs=1581354434 mgas=107099867 bps=37.62 tps=6747 mgps=580.8 avgBps=98.56 avgTps=10517 avgMGps=712.3 elapsed=1d17h45m
Aug 20 10:58:43 nimbus-eth1-mainnet-long-benchmark[2924939]: INF 2026-08-20 10:58:43.033+00:00 Imported blocks                            blockNumber=14827521 slot=1 blocks=14827520 txs=1582755344 mgas=107226485 bps=37.39 tps=6394 mgps=577.9 avgBps=98.47 avgTps=10511 avgMGps=712.1 elapsed=1d17h49m
Aug 20 11:02:26 nimbus-eth1-mainnet-long-benchmark[2924939]: INF 2026-08-20 11:02:26.158+00:00 Imported blocks                            blockNumber=14835713 slot=1 blocks=14835712 txs=1584219534 mgas=107353062 bps=36.72 tps=6562 mgps=567.3 avgBps=98.38 avgTps=10505 avgMGps=711.9 elapsed=1d17h53m
Aug 20 11:05:59 nimbus-eth1-mainnet-long-benchmark[2924939]: INF 2026-08-20 11:05:59.002+00:00 Imported blocks                            blockNumber=14843905 slot=1 blocks=14843904 txs=1585683131 mgas=107479551 bps=38.49 tps=6876 mgps=594.3 avgBps=98.30 avgTps=10500 avgMGps=711.7 elapsed=1d17h56m
Aug 20 11:09:30 nimbus-eth1-mainnet-long-benchmark[2924939]: INF 2026-08-20 11:09:30.147+00:00 Imported blocks                            blockNumber=14852097 slot=1 blocks=14852096 txs=1587119089 mgas=107605902 bps=38.80 tps=6800 mgps=598.4 avgBps=98.21 avgTps=10495 avgMGps=711.6 elapsed=1d18h23s
Aug 20 11:13:04 nimbus-eth1-mainnet-long-benchmark[2924939]: INF 2026-08-20 11:13:04.467+00:00 Imported blocks                            blockNumber=14860289 slot=1 blocks=14860288 txs=1588547697 mgas=107732236 bps=38.22 tps=6665 mgps=589.5 avgBps=98.13 avgTps=10489 avgMGps=711.4 elapsed=1d18h3m
Aug 20 11:16:44 nimbus-eth1-mainnet-long-benchmark[2924939]: INF 2026-08-20 11:16:44.644+00:00 Imported blocks                            blockNumber=14868481 slot=1 blocks=14868480 txs=1589990527 mgas=107858829 bps=37.21 tps=6553 mgps=575.0 avgBps=98.04 avgTps=10484 avgMGps=711.2 elapsed=1d18h7m
Aug 20 11:20:09 nimbus-eth1-mainnet-long-benchmark[2924939]: INF 2026-08-20 11:20:09.949+00:00 Imported blocks                            blockNumber=14876673 slot=1 blocks=14876672 txs=1591434616 mgas=107985284 bps=39.90 tps=7033 mgps=615.9 avgBps=97.96 avgTps=10479 avgMGps=711.1 elapsed=1d18h11m
Aug 20 11:23:33 nimbus-eth1-mainnet-long-benchmark[2924939]: INF 2026-08-20 11:23:33.017+00:00 Imported blocks                            blockNumber=14884865 slot=1 blocks=14884864 txs=1592924600 mgas=108111712 bps=40.34 tps=7337 mgps=622.6 avgBps=97.88 avgTps=10475 avgMGps=711.0 elapsed=1d18h14m
Aug 20 11:26:55 nimbus-eth1-mainnet-long-benchmark[2924939]: INF 2026-08-20 11:26:55.506+00:00 Imported blocks                            blockNumber=14893057 slot=1 blocks=14893056 txs=1594384287 mgas=108238280 bps=40.46 tps=7208 mgps=625.1 avgBps=97.81 avgTps=10470 avgMGps=710.8 elapsed=1d18h17m
Aug 20 11:30:11 nimbus-eth1-mainnet-long-benchmark[2924939]: INF 2026-08-20 11:30:11.563+00:00 Imported blocks                            blockNumber=14901249 slot=1 blocks=14901248 txs=1595813868 mgas=108364670 bps=41.78 tps=7291 mgps=644.7 avgBps=97.74 avgTps=10466 avgMGps=710.8 elapsed=1d18h21m
Aug 20 11:33:33 nimbus-eth1-mainnet-long-benchmark[2924939]: INF 2026-08-20 11:33:33.544+00:00 Imported blocks                            blockNumber=14909441 slot=1 blocks=14909440 txs=1597202289 mgas=108491205 bps=40.56 tps=6874 mgps=626.5 avgBps=97.66 avgTps=10461 avgMGps=710.6 elapsed=1d18h24m
Aug 20 11:36:54 nimbus-eth1-mainnet-long-benchmark[2924939]: INF 2026-08-20 11:36:54.369+00:00 Imported blocks                            blockNumber=14917633 slot=1 blocks=14917632 txs=1598674356 mgas=108617702 bps=40.79 tps=7330 mgps=629.9 avgBps=97.59 avgTps=10457 avgMGps=710.5 elapsed=1d18h27m
Aug 20 11:40:17 nimbus-eth1-mainnet-long-benchmark[2924939]: INF 2026-08-20 11:40:17.577+00:00 Imported blocks                            blockNumber=14925825 slot=1 blocks=14925824 txs=1600116293 mgas=108744157 bps=40.31 tps=7095 mgps=622.3 avgBps=97.51 avgTps=10453 avgMGps=710.4 elapsed=1d18h31m
Aug 20 11:43:32 nimbus-eth1-mainnet-long-benchmark[2924939]: INF 2026-08-20 11:43:32.722+00:00 Imported blocks                            blockNumber=14934017 slot=1 blocks=14934016 txs=1601560457 mgas=108870655 bps=41.98 tps=7400 mgps=648.2 avgBps=97.44 avgTps=10449 avgMGps=710.3 elapsed=1d18h34m
Aug 20 11:46:52 nimbus-eth1-mainnet-long-benchmark[2924939]: INF 2026-08-20 11:46:52.923+00:00 Imported blocks                            blockNumber=14942209 slot=1 blocks=14942208 txs=1603043936 mgas=108997011 bps=40.92 tps=7409 mgps=631.1 avgBps=97.36 avgTps=10445 avgMGps=710.2 elapsed=1d18h37m
Aug 20 11:50:34 nimbus-eth1-mainnet-long-benchmark[2924939]: INF 2026-08-20 11:50:33.995+00:00 Imported blocks                            blockNumber=14950401 slot=1 blocks=14950400 txs=1604484185 mgas=109123396 bps=37.06 tps=6514 mgps=571.7 avgBps=97.28 avgTps=10439 avgMGps=710.0 elapsed=1d18h41m
Aug 20 11:54:17 nimbus-eth1-mainnet-long-benchmark[2924939]: INF 2026-08-20 11:54:17.980+00:00 Imported blocks                            blockNumber=14958593 slot=1 blocks=14958592 txs=1606010597 mgas=109249703 bps=36.57 tps=6814 mgps=563.9 avgBps=97.19 avgTps=10434 avgMGps=709.8 elapsed=1d18h45m
Aug 20 11:58:04 nimbus-eth1-mainnet-long-benchmark[2924939]: INF 2026-08-20 11:58:04.800+00:00 Imported blocks                            blockNumber=14966785 slot=1 blocks=14966784 txs=1607563478 mgas=109375997 bps=36.12 tps=6846 mgps=556.8 avgBps=97.10 avgTps=10429 avgMGps=709.6 elapsed=1d18h48m
Aug 20 12:01:45 nimbus-eth1-mainnet-long-benchmark[2924939]: INF 2026-08-20 12:01:45.257+00:00 Imported blocks                            blockNumber=14974977 slot=1 blocks=14974976 txs=1609110874 mgas=109502092 bps=37.16 tps=7019 mgps=572.0 avgBps=97.01 avgTps=10424 avgMGps=709.4 elapsed=1d18h52m
Aug 20 12:05:19 nimbus-eth1-mainnet-long-benchmark[2924939]: INF 2026-08-20 12:05:19.433+00:00 Imported blocks                            blockNumber=14983169 slot=1 blocks=14983168 txs=1610647473 mgas=109628304 bps=38.25 tps=7174 mgps=589.3 avgBps=96.93 avgTps=10419 avgMGps=709.2 elapsed=1d18h56m
Aug 20 12:09:07 nimbus-eth1-mainnet-long-benchmark[2924939]: INF 2026-08-20 12:09:07.102+00:00 Imported blocks                            blockNumber=14991361 slot=1 blocks=14991360 txs=1612136506 mgas=109754528 bps=35.98 tps=6540 mgps=554.4 avgBps=96.84 avgTps=10414 avgMGps=709.0 elapsed=1d19h620ms
Aug 20 12:12:48 nimbus-eth1-mainnet-long-benchmark[2924939]: INF 2026-08-20 12:12:48.478+00:00 Imported blocks                            blockNumber=14999553 slot=1 blocks=14999552 txs=1613589994 mgas=109880792 bps=37.00 tps=6565 mgps=570.4 avgBps=96.76 avgTps=10408 avgMGps=708.8 elapsed=1d19h3m
Aug 20 12:16:23 nimbus-eth1-mainnet-long-benchmark[2924939]: INF 2026-08-20 12:16:23.419+00:00 Imported blocks                            blockNumber=15007745 slot=1 blocks=15007744 txs=1615101791 mgas=110007294 bps=38.11 tps=7033 mgps=588.5 avgBps=96.68 avgTps=10404 avgMGps=708.6 elapsed=1d19h7m
Aug 20 12:20:00 nimbus-eth1-mainnet-long-benchmark[2924939]: INF 2026-08-20 12:20:00.755+00:00 Imported blocks                            blockNumber=15015937 slot=1 blocks=15015936 txs=1616604827 mgas=110133574 bps=37.69 tps=6915 mgps=581.0 avgBps=96.59 avgTps=10399 avgMGps=708.5 elapsed=1d19h10m
Aug 20 12:23:35 nimbus-eth1-mainnet-long-benchmark[2924939]: INF 2026-08-20 12:23:35.684+00:00 Imported blocks                            blockNumber=15024129 slot=1 blocks=15024128 txs=1618124783 mgas=110259979 bps=38.11 tps=7071 mgps=588.1 avgBps=96.51 avgTps=10394 avgMGps=708.3 elapsed=1d19h14m
Aug 20 12:26:55 nimbus-eth1-mainnet-long-benchmark[2924939]: INF 2026-08-20 12:26:55.349+00:00 Imported blocks                            blockNumber=15032321 slot=1 blocks=15032320 txs=1619547895 mgas=110386347 bps=41.03 tps=7127 mgps=632.9 avgBps=96.44 avgTps=10390 avgMGps=708.2 elapsed=1d19h17m
Aug 20 12:30:28 nimbus-eth1-mainnet-long-benchmark[2924939]: INF 2026-08-20 12:30:28.825+00:00 Imported blocks                            blockNumber=15040513 slot=1 blocks=15040512 txs=1621062193 mgas=110512795 bps=38.37 tps=7093 mgps=592.3 avgBps=96.36 avgTps=10385 avgMGps=708.0 elapsed=1d19h21m
Aug 20 12:33:56 nimbus-eth1-mainnet-long-benchmark[2924939]: INF 2026-08-20 12:33:56.098+00:00 Imported blocks                            blockNumber=15048705 slot=1 blocks=15048704 txs=1622602901 mgas=110639043 bps=39.52 tps=7433 mgps=609.1 avgBps=96.29 avgTps=10382 avgMGps=707.9 elapsed=1d19h24m
Aug 20 12:37:36 nimbus-eth1-mainnet-long-benchmark[2924939]: INF 2026-08-20 12:37:36.222+00:00 Imported blocks                            blockNumber=15056897 slot=1 blocks=15056896 txs=1624115395 mgas=110765349 bps=37.22 tps=6871 mgps=573.8 avgBps=96.20 avgTps=10377 avgMGps=707.7 elapsed=1d19h28m
Aug 20 12:41:10 nimbus-eth1-mainnet-long-benchmark[2924939]: INF 2026-08-20 12:41:10.451+00:00 Imported blocks                            blockNumber=15065089 slot=1 blocks=15065088 txs=1625614655 mgas=110891687 bps=38.24 tps=6998 mgps=589.7 avgBps=96.12 avgTps=10372 avgMGps=707.6 elapsed=1d19h32m
Aug 20 12:44:41 nimbus-eth1-mainnet-long-benchmark[2924939]: INF 2026-08-20 12:44:41.151+00:00 Imported blocks                            blockNumber=15073281 slot=1 blocks=15073280 txs=1627066919 mgas=111018242 bps=38.88 tps=6892 mgps=600.6 avgBps=96.05 avgTps=10367 avgMGps=707.4 elapsed=1d19h35m
Aug 20 12:48:11 nimbus-eth1-mainnet-long-benchmark[2924939]: INF 2026-08-20 12:48:11.388+00:00 Imported blocks                            blockNumber=15081473 slot=1 blocks=15081472 txs=1628546403 mgas=111144739 bps=38.97 tps=7037 mgps=601.7 avgBps=95.97 avgTps=10363 avgMGps=707.3 elapsed=1d19h39m
Aug 20 12:51:38 nimbus-eth1-mainnet-long-benchmark[2924939]: INF 2026-08-20 12:51:38.689+00:00 Imported blocks                            blockNumber=15089665 slot=1 blocks=15089664 txs=1630035104 mgas=111271322 bps=39.52 tps=7181 mgps=610.6 avgBps=95.90 avgTps=10359 avgMGps=707.1 elapsed=1d19h42m
Aug 20 12:55:04 nimbus-eth1-mainnet-long-benchmark[2924939]: INF 2026-08-20 12:55:04.393+00:00 Imported blocks                            blockNumber=15097857 slot=1 blocks=15097856 txs=1631539029 mgas=111397707 bps=39.82 tps=7311 mgps=614.4 avgBps=95.82 avgTps=10355 avgMGps=707.0 elapsed=1d19h45m
Aug 20 12:58:29 nimbus-eth1-mainnet-long-benchmark[2924939]: INF 2026-08-20 12:58:29.098+00:00 Imported blocks                            blockNumber=15106049 slot=1 blocks=15106048 txs=1633018732 mgas=111523983 bps=40.02 tps=7228 mgps=616.9 avgBps=95.75 avgTps=10351 avgMGps=706.9 elapsed=1d19h49m
Aug 20 13:01:58 nimbus-eth1-mainnet-long-benchmark[2924939]: INF 2026-08-20 13:01:58.643+00:00 Imported blocks                            blockNumber=15114241 slot=1 blocks=15114240 txs=1634506563 mgas=111650426 bps=39.09 tps=7100 mgps=603.4 avgBps=95.68 avgTps=10346 avgMGps=706.8 elapsed=1d19h52m
Aug 20 13:05:22 nimbus-eth1-mainnet-long-benchmark[2924939]: INF 2026-08-20 13:05:22.120+00:00 Imported blocks                            blockNumber=15122433 slot=1 blocks=15122432 txs=1635958506 mgas=111777176 bps=40.26 tps=7135 mgps=622.9 avgBps=95.61 avgTps=10342 avgMGps=706.7 elapsed=1d19h56m
Aug 20 13:08:48 nimbus-eth1-mainnet-long-benchmark[2924939]: INF 2026-08-20 13:08:48.680+00:00 Imported blocks                            blockNumber=15130625 slot=1 blocks=15130624 txs=1637391052 mgas=111903532 bps=39.66 tps=6935 mgps=611.7 avgBps=95.53 avgTps=10338 avgMGps=706.5 elapsed=1d19h59m
Aug 20 13:12:16 nimbus-eth1-mainnet-long-benchmark[2924939]: INF 2026-08-20 13:12:16.489+00:00 Imported blocks                            blockNumber=15138817 slot=1 blocks=15138816 txs=1638889569 mgas=112029690 bps=39.42 tps=7211 mgps=607.1 avgBps=95.46 avgTps=10334 avgMGps=706.4 elapsed=1d20h3m
Aug 20 13:15:44 nimbus-eth1-mainnet-long-benchmark[2924939]: INF 2026-08-20 13:15:44.646+00:00 Imported blocks                            blockNumber=15147009 slot=1 blocks=15147008 txs=1640391702 mgas=112156177 bps=39.36 tps=7216 mgps=607.7 avgBps=95.39 avgTps=10330 avgMGps=706.3 elapsed=1d20h6m
Aug 20 13:19:18 nimbus-eth1-mainnet-long-benchmark[2924939]: INF 2026-08-20 13:19:18.414+00:00 Imported blocks                            blockNumber=15155201 slot=1 blocks=15155200 txs=1641972637 mgas=112282660 bps=38.32 tps=7395 mgps=591.7 avgBps=95.31 avgTps=10326 avgMGps=706.1 elapsed=1d20h10m
Aug 20 13:22:53 nimbus-eth1-mainnet-long-benchmark[2924939]: INF 2026-08-20 13:22:53.607+00:00 Imported blocks                            blockNumber=15163393 slot=1 blocks=15163392 txs=1643547827 mgas=112408879 bps=38.07 tps=7319 mgps=586.5 avgBps=95.23 avgTps=10322 avgMGps=706.0 elapsed=1d20h13m
Aug 20 13:26:27 nimbus-eth1-mainnet-long-benchmark[2924939]: INF 2026-08-20 13:26:27.931+00:00 Imported blocks                            blockNumber=15171585 slot=1 blocks=15171584 txs=1645084111 mgas=112535207 bps=38.22 tps=7168 mgps=589.4 avgBps=95.15 avgTps=10317 avgMGps=705.8 elapsed=1d20h17m
Aug 20 13:30:00 nimbus-eth1-mainnet-long-benchmark[2924939]: INF 2026-08-20 13:30:00.112+00:00 Imported blocks                            blockNumber=15179777 slot=1 blocks=15179776 txs=1646572816 mgas=112661609 bps=38.61 tps=7016 mgps=595.7 avgBps=95.08 avgTps=10313 avgMGps=705.7 elapsed=1d20h20m
Aug 20 13:33:33 nimbus-eth1-mainnet-long-benchmark[2924939]: INF 2026-08-20 13:33:33.569+00:00 Imported blocks                            blockNumber=15187969 slot=1 blocks=15187968 txs=1648108672 mgas=112787989 bps=38.38 tps=7195 mgps=592.1 avgBps=95.00 avgTps=10309 avgMGps=705.5 elapsed=1d20h24m
Aug 20 13:37:10 nimbus-eth1-mainnet-long-benchmark[2924939]: INF 2026-08-20 13:37:10.073+00:00 Imported blocks                            blockNumber=15196161 slot=1 blocks=15196160 txs=1649610927 mgas=112914330 bps=37.84 tps=6938 mgps=583.5 avgBps=94.93 avgTps=10304 avgMGps=705.3 elapsed=1d20h28m
Aug 20 13:40:45 nimbus-eth1-mainnet-long-benchmark[2924939]: INF 2026-08-20 13:40:45.206+00:00 Imported blocks                            blockNumber=15204353 slot=1 blocks=15204352 txs=1651068792 mgas=113040800 bps=38.08 tps=6776 mgps=587.9 avgBps=94.85 avgTps=10299 avgMGps=705.2 elapsed=1d20h31m
Aug 20 13:44:23 nimbus-eth1-mainnet-long-benchmark[2924939]: INF 2026-08-20 13:44:23.942+00:00 Imported blocks                            blockNumber=15212545 slot=1 blocks=15212544 txs=1652544743 mgas=113167506 bps=37.45 tps=6747 mgps=579.3 avgBps=94.77 avgTps=10295 avgMGps=705.0 elapsed=1d20h35m
Aug 20 13:48:23 nimbus-eth1-mainnet-long-benchmark[2924939]: INF 2026-08-20 13:48:23.750+00:00 Imported blocks                            blockNumber=15220737 slot=1 blocks=15220736 txs=1654644473 mgas=113293896 bps=34.16 tps=8755 mgps=527.0 avgBps=94.68 avgTps=10292 avgMGps=704.8 elapsed=1d20h39m
Aug 20 13:52:03 nimbus-eth1-mainnet-long-benchmark[2924939]: INF 2026-08-20 13:52:03.803+00:00 Imported blocks                            blockNumber=15228929 slot=1 blocks=15228928 txs=1656152007 mgas=113420282 bps=37.23 tps=6850 mgps=574.3 avgBps=94.60 avgTps=10288 avgMGps=704.6 elapsed=1d20h42m
Aug 20 13:55:46 nimbus-eth1-mainnet-long-benchmark[2924939]: INF 2026-08-20 13:55:46.223+00:00 Imported blocks                            blockNumber=15237121 slot=1 blocks=15237120 txs=1657684321 mgas=113546698 bps=36.83 tps=6889 mgps=568.4 avgBps=94.52 avgTps=10283 avgMGps=704.4 elapsed=1d20h46m
Aug 20 13:59:26 nimbus-eth1-mainnet-long-benchmark[2924939]: INF 2026-08-20 13:59:26.224+00:00 Imported blocks                            blockNumber=15245313 slot=1 blocks=15245312 txs=1659177302 mgas=113673024 bps=37.24 tps=6786 mgps=574.2 avgBps=94.45 avgTps=10278 avgMGps=704.2 elapsed=1d20h50m
Aug 20 14:03:11 nimbus-eth1-mainnet-long-benchmark[2924939]: INF 2026-08-20 14:03:11.336+00:00 Imported blocks                            blockNumber=15253505 slot=1 blocks=15253504 txs=1660650585 mgas=113799497 bps=36.39 tps=6544 mgps=561.8 avgBps=94.36 avgTps=10273 avgMGps=704.0 elapsed=1d20h54m
Aug 20 14:07:00 nimbus-eth1-mainnet-long-benchmark[2924939]: INF 2026-08-20 14:07:00.837+00:00 Imported blocks                            blockNumber=15261697 slot=1 blocks=15261696 txs=1662310633 mgas=113926031 bps=35.69 tps=7233 mgps=551.3 avgBps=94.28 avgTps=10269 avgMGps=703.8 elapsed=1d20h57m
Aug 20 14:10:51 nimbus-eth1-mainnet-long-benchmark[2924939]: INF 2026-08-20 14:10:51.741+00:00 Imported blocks                            blockNumber=15269889 slot=1 blocks=15269888 txs=1663910930 mgas=114052621 bps=35.48 tps=6930 mgps=548.2 avgBps=94.20 avgTps=10264 avgMGps=703.6 elapsed=1d21h1m
Aug 20 14:14:45 nimbus-eth1-mainnet-long-benchmark[2924939]: INF 2026-08-20 14:14:45.205+00:00 Imported blocks                            blockNumber=15278081 slot=1 blocks=15278080 txs=1665719055 mgas=114179013 bps=35.09 tps=7744 mgps=541.4 avgBps=94.11 avgTps=10260 avgMGps=703.3 elapsed=1d21h5m
Aug 20 14:18:23 nimbus-eth1-mainnet-long-benchmark[2924939]: INF 2026-08-20 14:18:23.322+00:00 Imported blocks                            blockNumber=15286273 slot=1 blocks=15286272 txs=1667228458 mgas=114305424 bps=37.56 tps=6920 mgps=579.6 avgBps=94.04 avgTps=10256 avgMGps=703.2 elapsed=1d21h9m
Aug 20 14:22:06 nimbus-eth1-mainnet-long-benchmark[2924939]: INF 2026-08-20 14:22:06.330+00:00 Imported blocks                            blockNumber=15294465 slot=1 blocks=15294464 txs=1668720560 mgas=114431928 bps=36.73 tps=6690 mgps=567.3 avgBps=93.96 avgTps=10251 avgMGps=703.0 elapsed=1d21h12m
Aug 20 14:25:46 nimbus-eth1-mainnet-long-benchmark[2924939]: INF 2026-08-20 14:25:46.095+00:00 Imported blocks                            blockNumber=15302657 slot=1 blocks=15302656 txs=1670201566 mgas=114558808 bps=37.28 tps=6739 mgps=577.4 avgBps=93.88 avgTps=10246 avgMGps=702.8 elapsed=1d21h16m
Aug 20 14:29:22 nimbus-eth1-mainnet-long-benchmark[2924939]: INF 2026-08-20 14:29:22.627+00:00 Imported blocks                            blockNumber=15310849 slot=1 blocks=15310848 txs=1671657139 mgas=114685147 bps=37.83 tps=6722 mgps=583.5 avgBps=93.81 avgTps=10241 avgMGps=702.7 elapsed=1d21h20m
Aug 20 14:32:53 nimbus-eth1-mainnet-long-benchmark[2924939]: INF 2026-08-20 14:32:53.480+00:00 Imported blocks                            blockNumber=15319041 slot=1 blocks=15319040 txs=1673125662 mgas=114811531 bps=38.85 tps=6964 mgps=599.4 avgBps=93.74 avgTps=10237 avgMGps=702.5 elapsed=1d21h23m
Aug 20 14:36:22 nimbus-eth1-mainnet-long-benchmark[2924939]: INF 2026-08-20 14:36:22.196+00:00 Imported blocks                            blockNumber=15327233 slot=1 blocks=15327232 txs=1674580780 mgas=114937984 bps=39.25 tps=6971 mgps=605.9 avgBps=93.67 avgTps=10233 avgMGps=702.4 elapsed=1d21h27m
Aug 20 14:39:56 nimbus-eth1-mainnet-long-benchmark[2924939]: INF 2026-08-20 14:39:56.441+00:00 Imported blocks                            blockNumber=15335425 slot=1 blocks=15335424 txs=1676008794 mgas=115064469 bps=38.24 tps=6665 mgps=590.4 avgBps=93.59 avgTps=10228 avgMGps=702.3 elapsed=1d21h30m
Aug 20 14:43:30 nimbus-eth1-mainnet-long-benchmark[2924939]: INF 2026-08-20 14:43:30.414+00:00 Imported blocks                            blockNumber=15343617 slot=1 blocks=15343616 txs=1677423354 mgas=115191053 bps=38.29 tps=6611 mgps=591.6 avgBps=93.52 avgTps=10224 avgMGps=702.1 elapsed=1d21h34m
Aug 20 14:46:58 nimbus-eth1-mainnet-long-benchmark[2924939]: INF 2026-08-20 14:46:58.686+00:00 Imported blocks                            blockNumber=15351809 slot=1 blocks=15351808 txs=1678856576 mgas=115317423 bps=39.33 tps=6881 mgps=606.8 avgBps=93.45 avgTps=10219 avgMGps=702.0 elapsed=1d21h37m
Aug 20 14:50:33 nimbus-eth1-mainnet-long-benchmark[2924939]: INF 2026-08-20 14:50:33.687+00:00 Imported blocks                            blockNumber=15360001 slot=1 blocks=15360000 txs=1680295232 mgas=115444148 bps=38.10 tps=6691 mgps=589.4 avgBps=93.38 avgTps=10215 avgMGps=701.8 elapsed=1d21h41m
Aug 20 14:54:03 nimbus-eth1-mainnet-long-benchmark[2924939]: INF 2026-08-20 14:54:03.036+00:00 Imported blocks                            blockNumber=15368193 slot=1 blocks=15368192 txs=1681717735 mgas=115570674 bps=39.13 tps=6794 mgps=604.4 avgBps=93.31 avgTps=10211 avgMGps=701.7 elapsed=1d21h44m
Aug 20 14:57:35 nimbus-eth1-mainnet-long-benchmark[2924939]: INF 2026-08-20 14:57:35.900+00:00 Imported blocks                            blockNumber=15376385 slot=1 blocks=15376384 txs=1683135711 mgas=115697039 bps=38.48 tps=6661 mgps=593.6 avgBps=93.24 avgTps=10206 avgMGps=701.6 elapsed=1d21h48m
Aug 20 15:01:12 nimbus-eth1-mainnet-long-benchmark[2924939]: INF 2026-08-20 15:01:12.893+00:00 Imported blocks                            blockNumber=15384577 slot=1 blocks=15384576 txs=1684560130 mgas=115823696 bps=37.75 tps=6564 mgps=583.7 avgBps=93.17 avgTps=10201 avgMGps=701.4 elapsed=1d21h52m
Aug 20 15:04:40 nimbus-eth1-mainnet-long-benchmark[2924939]: INF 2026-08-20 15:04:40.497+00:00 Imported blocks                            blockNumber=15392769 slot=1 blocks=15392768 txs=1685941602 mgas=115950289 bps=39.46 tps=6654 mgps=609.8 avgBps=93.10 avgTps=10197 avgMGps=701.3 elapsed=1d21h55m
Aug 20 15:08:08 nimbus-eth1-mainnet-long-benchmark[2924939]: INF 2026-08-20 15:08:08.134+00:00 Imported blocks                            blockNumber=15400961 slot=1 blocks=15400960 txs=1687308456 mgas=116076849 bps=39.45 tps=6582 mgps=609.5 avgBps=93.03 avgTps=10192 avgMGps=701.2 elapsed=1d21h59m
Aug 20 15:11:42 nimbus-eth1-mainnet-long-benchmark[2924939]: INF 2026-08-20 15:11:42.907+00:00 Imported blocks                            blockNumber=15409153 slot=1 blocks=15409152 txs=1688699955 mgas=116203546 bps=38.14 tps=6478 mgps=589.9 avgBps=92.96 avgTps=10187 avgMGps=701.1 elapsed=1d22h2m
Aug 20 15:15:11 nimbus-eth1-mainnet-long-benchmark[2924939]: INF 2026-08-20 15:15:11.343+00:00 Imported blocks                            blockNumber=15417345 slot=1 blocks=15417344 txs=1690108287 mgas=116330141 bps=39.30 tps=6756 mgps=607.4 avgBps=92.90 avgTps=10183 avgMGps=700.9 elapsed=1d22h6m
Aug 20 15:18:42 nimbus-eth1-mainnet-long-benchmark[2924939]: INF 2026-08-20 15:18:42.988+00:00 Imported blocks                            blockNumber=15425537 slot=1 blocks=15425536 txs=1691490985 mgas=116456633 bps=38.71 tps=6533 mgps=597.7 avgBps=92.83 avgTps=10178 avgMGps=700.8 elapsed=1d22h9m
Aug 20 15:22:11 nimbus-eth1-mainnet-long-benchmark[2924939]: INF 2026-08-20 15:22:11.937+00:00 Imported blocks                            blockNumber=15433729 slot=1 blocks=15433728 txs=1692852033 mgas=116583287 bps=39.21 tps=6513 mgps=606.1 avgBps=92.76 avgTps=10174 avgMGps=700.7 elapsed=1d22h13m
Aug 20 15:25:37 nimbus-eth1-mainnet-long-benchmark[2924939]: INF 2026-08-20 15:25:37.357+00:00 Imported blocks                            blockNumber=15441921 slot=1 blocks=15441920 txs=1694244263 mgas=116709795 bps=39.88 tps=6777 mgps=615.9 avgBps=92.69 avgTps=10170 avgMGps=700.6 elapsed=1d22h16m
Aug 20 15:29:00 nimbus-eth1-mainnet-long-benchmark[2924939]: INF 2026-08-20 15:29:00.270+00:00 Imported blocks                            blockNumber=15450113 slot=1 blocks=15450112 txs=1695594729 mgas=116836189 bps=40.37 tps=6655 mgps=622.9 avgBps=92.63 avgTps=10165 avgMGps=700.5 elapsed=1d22h19m
Aug 20 15:32:26 nimbus-eth1-mainnet-long-benchmark[2924939]: INF 2026-08-20 15:32:26.399+00:00 Imported blocks                            blockNumber=15458305 slot=1 blocks=15458304 txs=1697020595 mgas=116962689 bps=39.74 tps=6917 mgps=613.7 avgBps=92.56 avgTps=10161 avgMGps=700.4 elapsed=1d22h23m
Aug 20 15:35:51 nimbus-eth1-mainnet-long-benchmark[2924939]: INF 2026-08-20 15:35:51.948+00:00 Imported blocks                            blockNumber=15466497 slot=1 blocks=15466496 txs=1698409469 mgas=117089370 bps=39.85 tps=6756 mgps=616.3 avgBps=92.50 avgTps=10157 avgMGps=700.3 elapsed=1d22h26m
Aug 20 15:39:23 nimbus-eth1-mainnet-long-benchmark[2924939]: INF 2026-08-20 15:39:23.076+00:00 Imported blocks                            blockNumber=15474689 slot=1 blocks=15474688 txs=1699841823 mgas=117216133 bps=38.80 tps=6784 mgps=600.4 avgBps=92.43 avgTps=10153 avgMGps=700.1 elapsed=1d22h30m
Aug 20 15:42:50 nimbus-eth1-mainnet-long-benchmark[2924939]: INF 2026-08-20 15:42:50.953+00:00 Imported blocks                            blockNumber=15482881 slot=1 blocks=15482880 txs=1701281265 mgas=117342759 bps=39.41 tps=6924 mgps=609.1 avgBps=92.37 avgTps=10149 avgMGps=700.0 elapsed=1d22h33m
Aug 20 15:46:23 nimbus-eth1-mainnet-long-benchmark[2924939]: INF 2026-08-20 15:46:23.170+00:00 Imported blocks                            blockNumber=15491073 slot=1 blocks=15491072 txs=1702699840 mgas=117469274 bps=38.60 tps=6684 mgps=596.2 avgBps=92.30 avgTps=10144 avgMGps=699.9 elapsed=1d22h37m
Aug 20 15:49:45 nimbus-eth1-mainnet-long-benchmark[2924939]: INF 2026-08-20 15:49:45.350+00:00 Imported blocks                            blockNumber=15499265 slot=1 blocks=15499264 txs=1704099286 mgas=117595865 bps=40.52 tps=6921 mgps=626.1 avgBps=92.24 avgTps=10141 avgMGps=699.8 elapsed=1d22h40m
Aug 20 15:53:16 nimbus-eth1-mainnet-long-benchmark[2924939]: INF 2026-08-20 15:53:16.427+00:00 Imported blocks                            blockNumber=15507457 slot=1 blocks=15507456 txs=1705521146 mgas=117722232 bps=38.81 tps=6736 mgps=598.7 avgBps=92.17 avgTps=10136 avgMGps=699.7 elapsed=1d22h44m
Aug 20 15:56:52 nimbus-eth1-mainnet-long-benchmark[2924939]: INF 2026-08-20 15:56:52.780+00:00 Imported blocks                            blockNumber=15515649 slot=1 blocks=15515648 txs=1706907865 mgas=117848944 bps=37.86 tps=6409 mgps=585.7 avgBps=92.10 avgTps=10132 avgMGps=699.5 elapsed=1d22h47m
Aug 20 16:00:19 nimbus-eth1-mainnet-long-benchmark[2924939]: INF 2026-08-20 16:00:19.312+00:00 Imported blocks                            blockNumber=15523841 slot=1 blocks=15523840 txs=1708342500 mgas=117975417 bps=39.66 tps=6946 mgps=612.4 avgBps=92.04 avgTps=10128 avgMGps=699.4 elapsed=1d22h51m
Aug 20 16:03:52 nimbus-eth1-mainnet-long-benchmark[2924939]: INF 2026-08-20 16:03:52.001+00:00 Imported blocks                            blockNumber=15532033 slot=1 blocks=15532032 txs=1709822558 mgas=118101833 bps=38.52 tps=6958 mgps=594.4 avgBps=91.97 avgTps=10124 avgMGps=699.3 elapsed=1d22h54m
Aug 20 16:06:03 nimbus-eth1-mainnet-long-benchmark[2924939]: NTC 2026-08-20 16:06:03.515+00:00 Importing era archive                      blockNumber=15537394 dataDir=/data/status-im/nimbus-eth1/data/shared_mainnet_0 eraDir=/data/era
Aug 20 16:07:22 nimbus-eth1-mainnet-long-benchmark[2924939]: INF 2026-08-20 16:07:22.658+00:00 Imported blocks                            blockNumber=15540225 slot=4702882 blocks=15540224 txs=1711361875 mgas=118228056 bps=38.89 tps=7307 mgps=599.2 avgBps=91.90 avgTps=10120 avgMGps=699.2 elapsed=1d22h58m
Aug 20 16:10:55 nimbus-eth1-mainnet-long-benchmark[2924939]: INF 2026-08-20 16:10:55.846+00:00 Imported blocks                            blockNumber=15548417 slot=4711204 blocks=15548416 txs=1712911308 mgas=118353323 bps=38.43 tps=7267 mgps=587.6 avgBps=91.83 avgTps=10117 avgMGps=699.0 elapsed=1d23h1m
Aug 20 16:14:35 nimbus-eth1-mainnet-long-benchmark[2924939]: INF 2026-08-20 16:14:35.387+00:00 Imported blocks                            blockNumber=15556609 slot=4719481 blocks=15556608 txs=1714418307 mgas=118478638 bps=37.31 tps=6864 mgps=570.8 avgBps=91.76 avgTps=10112 avgMGps=698.9 elapsed=1d23h5m
Aug 20 16:18:09 nimbus-eth1-mainnet-long-benchmark[2924939]: INF 2026-08-20 16:18:09.887+00:00 Imported blocks                            blockNumber=15564801 slot=4727753 blocks=15564800 txs=1715744818 mgas=118604023 bps=38.19 tps=6184 mgps=584.5 avgBps=91.70 avgTps=10107 avgMGps=698.7 elapsed=1d23h9m
Aug 20 16:21:40 nimbus-eth1-mainnet-long-benchmark[2924939]: INF 2026-08-20 16:21:40.976+00:00 Imported blocks                            blockNumber=15572993 slot=4736026 blocks=15572992 txs=1717046043 mgas=118729383 bps=38.81 tps=6164 mgps=593.9 avgBps=91.63 avgTps=10102 avgMGps=698.6 elapsed=1d23h12m
Aug 20 16:25:09 nimbus-eth1-mainnet-long-benchmark[2924939]: INF 2026-08-20 16:25:09.253+00:00 Imported blocks                            blockNumber=15581185 slot=4744366 blocks=15581184 txs=1718344065 mgas=118854674 bps=39.33 tps=6232 mgps=601.6 avgBps=91.57 avgTps=10098 avgMGps=698.5 elapsed=1d23h16m
Aug 20 16:28:43 nimbus-eth1-mainnet-long-benchmark[2924939]: INF 2026-08-20 16:28:43.505+00:00 Imported blocks                            blockNumber=15589377 slot=4752640 blocks=15589376 txs=1719636168 mgas=118980168 bps=38.24 tps=6030 mgps=585.7 avgBps=91.50 avgTps=10093 avgMGps=698.3 elapsed=1d23h19m
Aug 20 16:32:12 nimbus-eth1-mainnet-long-benchmark[2924939]: INF 2026-08-20 16:32:12.054+00:00 Imported blocks                            blockNumber=15597569 slot=4760873 blocks=15597568 txs=1720905744 mgas=119105339 bps=39.28 tps=6087 mgps=600.2 avgBps=91.44 avgTps=10088 avgMGps=698.2 elapsed=1d23h23m
Aug 20 16:35:46 nimbus-eth1-mainnet-long-benchmark[2924939]: INF 2026-08-20 16:35:46.191+00:00 Imported blocks                            blockNumber=15605761 slot=4769097 blocks=15605760 txs=1722187678 mgas=119230498 bps=38.26 tps=5986 mgps=584.5 avgBps=91.37 avgTps=10083 avgMGps=698.1 elapsed=1d23h26m
Aug 20 16:39:12 nimbus-eth1-mainnet-long-benchmark[2924939]: INF 2026-08-20 16:39:12.723+00:00 Imported blocks                            blockNumber=15613953 slot=4777324 blocks=15613952 txs=1723454161 mgas=119355682 bps=39.66 tps=6132 mgps=606.1 avgBps=91.31 avgTps=10078 avgMGps=698.0 elapsed=1d23h30m
Aug 20 16:42:43 nimbus-eth1-mainnet-long-benchmark[2924939]: INF 2026-08-20 16:42:43.604+00:00 Imported blocks                            blockNumber=15622145 slot=4785575 blocks=15622144 txs=1724765004 mgas=119481034 bps=38.85 tps=6216 mgps=594.4 avgBps=91.24 avgTps=10073 avgMGps=697.8 elapsed=1d23h33m
Aug 20 16:46:12 nimbus-eth1-mainnet-long-benchmark[2924939]: INF 2026-08-20 16:46:12.801+00:00 Imported blocks                            blockNumber=15630337 slot=4793834 blocks=15630336 txs=1726115428 mgas=119606437 bps=39.16 tps=6455 mgps=599.4 avgBps=91.18 avgTps=10069 avgMGps=697.7 elapsed=1d23h37m
Aug 20 16:49:39 nimbus-eth1-mainnet-long-benchmark[2924939]: INF 2026-08-20 16:49:39.561+00:00 Imported blocks                            blockNumber=15638529 slot=4802063 blocks=15638528 txs=1727387344 mgas=119731727 bps=39.62 tps=6151 mgps=606.0 avgBps=91.12 avgTps=10064 avgMGps=697.6 elapsed=1d23h40m
Aug 20 16:53:01 nimbus-eth1-mainnet-long-benchmark[2924939]: INF 2026-08-20 16:53:01.398+00:00 Imported blocks                            blockNumber=15646721 slot=4810311 blocks=15646720 txs=1728769573 mgas=119857145 bps=40.59 tps=6848 mgps=621.4 avgBps=91.06 avgTps=10060 avgMGps=697.5 elapsed=1d23h43m
Aug 20 16:56:28 nimbus-eth1-mainnet-long-benchmark[2924939]: INF 2026-08-20 16:56:28.327+00:00 Imported blocks                            blockNumber=15654913 slot=4818560 blocks=15654912 txs=1730111417 mgas=119982386 bps=39.59 tps=6484 mgps=605.2 avgBps=90.99 avgTps=10056 avgMGps=697.4 elapsed=1d23h47m
Aug 20 17:00:04 nimbus-eth1-mainnet-long-benchmark[2924939]: INF 2026-08-20 17:00:04.091+00:00 Imported blocks                            blockNumber=15663105 slot=4826793 blocks=15663104 txs=1731450288 mgas=120107622 bps=37.97 tps=6205 mgps=580.4 avgBps=90.93 avgTps=10051 avgMGps=697.3 elapsed=1d23h50m
Aug 20 17:03:18 nimbus-eth1-mainnet-long-benchmark[2924939]: INF 2026-08-20 17:03:18.040+00:00 Imported blocks                            blockNumber=15671297 slot=4835033 blocks=15671296 txs=1732923786 mgas=120232889 bps=42.24 tps=7597 mgps=645.9 avgBps=90.87 avgTps=10048 avgMGps=697.2 elapsed=1d23h54m
Aug 20 17:06:44 nimbus-eth1-mainnet-long-benchmark[2924939]: INF 2026-08-20 17:06:44.969+00:00 Imported blocks                            blockNumber=15679489 slot=4843307 blocks=15679488 txs=1734265729 mgas=120358128 bps=39.59 tps=6485 mgps=605.2 avgBps=90.81 avgTps=10044 avgMGps=697.1 elapsed=1d23h57m
Aug 20 17:10:17 nimbus-eth1-mainnet-long-benchmark[2924939]: INF 2026-08-20 17:10:17.618+00:00 Imported blocks                            blockNumber=15687681 slot=4851548 blocks=15687680 txs=1735624674 mgas=120483467 bps=38.52 tps=6390 mgps=589.4 avgBps=90.75 avgTps=10039 avgMGps=697.0 elapsed=2d1m11s
Aug 20 17:13:42 nimbus-eth1-mainnet-long-benchmark[2924939]: INF 2026-08-20 17:13:42.102+00:00 Imported blocks                            blockNumber=15695873 slot=4859783 blocks=15695872 txs=1736990907 mgas=120608800 bps=40.06 tps=6681 mgps=612.9 avgBps=90.69 avgTps=10036 avgMGps=696.9 elapsed=2d4m35s
Aug 20 17:17:09 nimbus-eth1-mainnet-long-benchmark[2924939]: INF 2026-08-20 17:17:09.435+00:00 Imported blocks                            blockNumber=15704065 slot=4868035 blocks=15704064 txs=1738357846 mgas=120734109 bps=39.51 tps=6592 mgps=604.4 avgBps=90.63 avgTps=10031 avgMGps=696.7 elapsed=2d8m2s
Aug 20 17:19:58 nimbus-eth1-mainnet-long-benchmark[2924939]: INF 2026-08-20 17:19:58.276+00:00 Imported blocks                            blockNumber=15712257 slot=4876269 blocks=15712256 txs=1739616514 mgas=120859690 bps=48.52 tps=7454 mgps=743.8 avgBps=90.59 avgTps=10029 avgMGps=696.8 elapsed=2d10m51s
Aug 20 17:22:59 nimbus-eth1-mainnet-long-benchmark[2924939]: INF 2026-08-20 17:22:59.337+00:00 Imported blocks                            blockNumber=15720449 slot=4884504 blocks=15720448 txs=1740885525 mgas=120985277 bps=45.24 tps=7008 mgps=693.6 avgBps=90.54 avgTps=10026 avgMGps=696.8 elapsed=2d13m52s
Aug 20 17:26:20 nimbus-eth1-mainnet-long-benchmark[2924939]: INF 2026-08-20 17:26:20.558+00:00 Imported blocks                            blockNumber=15728641 slot=4892734 blocks=15728640 txs=1742176093 mgas=121110614 bps=40.71 tps=6413 mgps=622.9 avgBps=90.48 avgTps=10022 avgMGps=696.7 elapsed=2d17m14s
Aug 20 17:29:37 nimbus-eth1-mainnet-long-benchmark[2924939]: INF 2026-08-20 17:29:37.091+00:00 Imported blocks                            blockNumber=15736833 slot=4900965 blocks=15736832 txs=1743394598 mgas=121236285 bps=41.68 tps=6199 mgps=639.4 avgBps=90.43 avgTps=10017 avgMGps=696.6 elapsed=2d20m30s
Aug 20 17:33:05 nimbus-eth1-mainnet-long-benchmark[2924939]: INF 2026-08-20 17:33:05.776+00:00 Imported blocks                            blockNumber=15745025 slot=4909209 blocks=15745024 txs=1744665239 mgas=121361472 bps=39.26 tps=6088 mgps=599.9 avgBps=90.36 avgTps=10013 avgMGps=696.5 elapsed=2d23m59s
Aug 20 17:36:27 nimbus-eth1-mainnet-long-benchmark[2924939]: INF 2026-08-20 17:36:27.929+00:00 Imported blocks                            blockNumber=15753217 slot=4917440 blocks=15753216 txs=1745887830 mgas=121487093 bps=40.52 tps=6047 mgps=621.4 avgBps=90.31 avgTps=10008 avgMGps=696.4 elapsed=2d27m21s
Aug 20 17:39:48 nimbus-eth1-mainnet-long-benchmark[2924939]: INF 2026-08-20 17:39:48.621+00:00 Imported blocks                            blockNumber=15761409 slot=4925676 blocks=15761408 txs=1747023901 mgas=121612736 bps=40.82 tps=5660 mgps=626.1 avgBps=90.25 avgTps=10003 avgMGps=696.4 elapsed=2d30m42s
Aug 20 17:43:16 nimbus-eth1-mainnet-long-benchmark[2924939]: INF 2026-08-20 17:43:16.302+00:00 Imported blocks                            blockNumber=15769601 slot=4933927 blocks=15769600 txs=1748230935 mgas=121738183 bps=39.45 tps=5812 mgps=604.0 avgBps=90.19 avgTps=9998 avgMGps=696.2 elapsed=2d34m9s
Aug 20 17:46:34 nimbus-eth1-mainnet-long-benchmark[2924939]: INF 2026-08-20 17:46:34.031+00:00 Imported blocks                            blockNumber=15777793 slot=4942152 blocks=15777792 txs=1749460992 mgas=121863350 bps=41.43 tps=6220 mgps=633.0 avgBps=90.13 avgTps=9994 avgMGps=696.2 elapsed=2d37m27s
Aug 20 17:49:55 nimbus-eth1-mainnet-long-benchmark[2924939]: INF 2026-08-20 17:49:55.144+00:00 Imported blocks                            blockNumber=15785985 slot=4950396 blocks=15785984 txs=1750697379 mgas=121988448 bps=40.73 tps=6147 mgps=622.0 avgBps=90.08 avgTps=9989 avgMGps=696.1 elapsed=2d40m48s
Aug 20 17:53:22 nimbus-eth1-mainnet-long-benchmark[2924939]: INF 2026-08-20 17:53:22.204+00:00 Imported blocks                            blockNumber=15794177 slot=4958625 blocks=15794176 txs=1752001867 mgas=122113619 bps=39.56 tps=6300 mgps=604.5 avgBps=90.02 avgTps=9985 avgMGps=696.0 elapsed=2d44m15s
Aug 20 17:56:46 nimbus-eth1-mainnet-long-benchmark[2924939]: INF 2026-08-20 17:56:46.549+00:00 Imported blocks                            blockNumber=15802369 slot=4966858 blocks=15802368 txs=1753226702 mgas=122238808 bps=40.09 tps=5994 mgps=612.6 avgBps=89.96 avgTps=9980 avgMGps=695.9 elapsed=2d47m40s
Aug 20 18:00:13 nimbus-eth1-mainnet-long-benchmark[2924939]: INF 2026-08-20 18:00:13.314+00:00 Imported blocks                            blockNumber=15810561 slot=4975086 blocks=15810560 txs=1754330973 mgas=122363984 bps=39.62 tps=5340 mgps=605.4 avgBps=89.90 avgTps=9975 avgMGps=695.8 elapsed=2d51m6s
Aug 20 18:03:44 nimbus-eth1-mainnet-long-benchmark[2924939]: INF 2026-08-20 18:03:44.383+00:00 Imported blocks                            blockNumber=15818753 slot=4983340 blocks=15818752 txs=1755522956 mgas=122489447 bps=38.81 tps=5647 mgps=594.4 avgBps=89.84 avgTps=9970 avgMGps=695.7 elapsed=2d54m37s
Aug 20 18:07:13 nimbus-eth1-mainnet-long-benchmark[2924939]: INF 2026-08-20 18:07:13.495+00:00 Imported blocks                            blockNumber=15826945 slot=4991606 blocks=15826944 txs=1756731408 mgas=122614342 bps=39.17 tps=5778 mgps=597.3 avgBps=89.78 avgTps=9965 avgMGps=695.5 elapsed=2d58m7s
Aug 20 18:10:45 nimbus-eth1-mainnet-long-benchmark[2924939]: INF 2026-08-20 18:10:45.484+00:00 Imported blocks                            blockNumber=15835137 slot=4999843 blocks=15835136 txs=1757990333 mgas=122739038 bps=38.64 tps=5938 mgps=588.2 avgBps=89.72 avgTps=9960 avgMGps=695.4 elapsed=2d1h1m
Aug 20 18:14:19 nimbus-eth1-mainnet-long-benchmark[2924939]: INF 2026-08-20 18:14:19.428+00:00 Imported blocks                            blockNumber=15843329 slot=5008082 blocks=15843328 txs=1759257070 mgas=122863943 bps=38.29 tps=5920 mgps=583.8 avgBps=89.66 avgTps=9955 avgMGps=695.3 elapsed=2d1h5m
Aug 20 18:17:44 nimbus-eth1-mainnet-long-benchmark[2924939]: INF 2026-08-20 18:17:44.253+00:00 Imported blocks                            blockNumber=15851521 slot=5016328 blocks=15851520 txs=1760438450 mgas=122988751 bps=40.00 tps=5767 mgps=609.4 avgBps=89.60 avgTps=9950 avgMGps=695.2 elapsed=2d1h8m
Aug 20 18:21:14 nimbus-eth1-mainnet-long-benchmark[2924939]: INF 2026-08-20 18:21:14.954+00:00 Imported blocks                            blockNumber=15859713 slot=5024572 blocks=15859712 txs=1761619525 mgas=123113665 bps=38.88 tps=5605 mgps=592.8 avgBps=89.54 avgTps=9945 avgMGps=695.1 elapsed=2d1h12m
Aug 20 18:24:43 nimbus-eth1-mainnet-long-benchmark[2924939]: INF 2026-08-20 18:24:43.126+00:00 Imported blocks                            blockNumber=15867905 slot=5032801 blocks=15867904 txs=1762818167 mgas=123238519 bps=39.35 tps=5758 mgps=599.8 avgBps=89.48 avgTps=9940 avgMGps=694.9 elapsed=2d1h15m
Aug 20 18:28:09 nimbus-eth1-mainnet-long-benchmark[2924939]: INF 2026-08-20 18:28:09.091+00:00 Imported blocks                            blockNumber=15876097 slot=5041067 blocks=15876096 txs=1764075113 mgas=123363005 bps=39.77 tps=6102 mgps=604.4 avgBps=89.42 avgTps=9936 avgMGps=694.8 elapsed=2d1h19m
Aug 20 18:31:39 nimbus-eth1-mainnet-long-benchmark[2924939]: INF 2026-08-20 18:31:39.688+00:00 Imported blocks                            blockNumber=15884289 slot=5049305 blocks=15884288 txs=1765260808 mgas=123487425 bps=38.90 tps=5630 mgps=590.8 avgBps=89.36 avgTps=9930 avgMGps=694.7 elapsed=2d1h22m
Aug 20 18:35:04 nimbus-eth1-mainnet-long-benchmark[2924939]: INF 2026-08-20 18:35:04.469+00:00 Imported blocks                            blockNumber=15892481 slot=5057550 blocks=15892480 txs=1766498276 mgas=123611746 bps=40.00 tps=6042 mgps=607.1 avgBps=89.30 avgTps=9926 avgMGps=694.6 elapsed=2d1h25m
Aug 20 18:38:35 nimbus-eth1-mainnet-long-benchmark[2924939]: INF 2026-08-20 18:38:35.925+00:00 Imported blocks                            blockNumber=15900673 slot=5065779 blocks=15900672 txs=1767658541 mgas=123735958 bps=38.74 tps=5487 mgps=587.4 avgBps=89.24 avgTps=9921 avgMGps=694.5 elapsed=2d1h29m
Aug 20 18:42:05 nimbus-eth1-mainnet-long-benchmark[2924939]: INF 2026-08-20 18:42:05.338+00:00 Imported blocks                            blockNumber=15908865 slot=5074016 blocks=15908864 txs=1768716633 mgas=123860608 bps=39.12 tps=5052 mgps=595.2 avgBps=89.19 avgTps=9915 avgMGps=694.4 elapsed=2d1h32m
Aug 20 18:45:34 nimbus-eth1-mainnet-long-benchmark[2924939]: INF 2026-08-20 18:45:34.987+00:00 Imported blocks                            blockNumber=15917057 slot=5082245 blocks=15917056 txs=1769870907 mgas=123984925 bps=39.08 tps=5505 mgps=593.0 avgBps=89.13 avgTps=9910 avgMGps=694.2 elapsed=2d1h36m
Aug 20 18:49:05 nimbus-eth1-mainnet-long-benchmark[2924939]: INF 2026-08-20 18:49:05.695+00:00 Imported blocks                            blockNumber=15925249 slot=5090476 blocks=15925248 txs=1771138659 mgas=124109139 bps=38.88 tps=6016 mgps=589.5 avgBps=89.07 avgTps=9905 avgMGps=694.1 elapsed=2d1h39m
Aug 20 18:52:48 nimbus-eth1-mainnet-long-benchmark[2924939]: INF 2026-08-20 18:52:48.640+00:00 Imported blocks                            blockNumber=15933441 slot=5098721 blocks=15933440 txs=1772513965 mgas=124233403 bps=36.74 tps=6168 mgps=557.4 avgBps=89.00 avgTps=9901 avgMGps=694.0 elapsed=2d1h43m
Aug 20 18:56:33 nimbus-eth1-mainnet-long-benchmark[2924939]: INF 2026-08-20 18:56:33.636+00:00 Imported blocks                            blockNumber=15941633 slot=5106967 blocks=15941632 txs=1773903667 mgas=124357344 bps=36.41 tps=6176 mgps=550.9 avgBps=88.94 avgTps=9896 avgMGps=693.8 elapsed=2d1h47m
Aug 20 19:00:13 nimbus-eth1-mainnet-long-benchmark[2924939]: INF 2026-08-20 19:00:13.565+00:00 Imported blocks                            blockNumber=15949825 slot=5115210 blocks=15949824 txs=1775194033 mgas=124481379 bps=37.25 tps=5867 mgps=564.0 avgBps=88.87 avgTps=9891 avgMGps=693.6 elapsed=2d1h51m
Aug 20 19:03:58 nimbus-eth1-mainnet-long-benchmark[2924939]: INF 2026-08-20 19:03:58.605+00:00 Imported blocks                            blockNumber=15958017 slot=5123438 blocks=15958016 txs=1776367676 mgas=124605738 bps=36.40 tps=5215 mgps=552.6 avgBps=88.81 avgTps=9885 avgMGps=693.4 elapsed=2d1h54m
Aug 20 19:07:52 nimbus-eth1-mainnet-long-benchmark[2924939]: INF 2026-08-20 19:07:52.161+00:00 Imported blocks                            blockNumber=15966209 slot=5131663 blocks=15966208 txs=1777677925 mgas=124729963 bps=35.08 tps=5610 mgps=531.9 avgBps=88.74 avgTps=9880 avgMGps=693.2 elapsed=2d1h58m
Aug 20 19:11:45 nimbus-eth1-mainnet-long-benchmark[2924939]: INF 2026-08-20 19:11:45.086+00:00 Imported blocks                            blockNumber=15974401 slot=5139899 blocks=15974400 txs=1779018447 mgas=124854062 bps=35.17 tps=5755 mgps=532.8 avgBps=88.67 avgTps=9874 avgMGps=693.0 elapsed=2d2h2m
Aug 20 19:15:27 nimbus-eth1-mainnet-long-benchmark[2924939]: INF 2026-08-20 19:15:27.514+00:00 Imported blocks                            blockNumber=15982593 slot=5148147 blocks=15982592 txs=1780254417 mgas=124978385 bps=36.83 tps=5556 mgps=558.9 avgBps=88.60 avgTps=9869 avgMGps=692.9 elapsed=2d2h6m
Aug 20 19:19:08 nimbus-eth1-mainnet-long-benchmark[2924939]: INF 2026-08-20 19:19:08.750+00:00 Imported blocks                            blockNumber=15990785 slot=5156389 blocks=15990784 txs=1781537788 mgas=125102584 bps=37.03 tps=5800 mgps=561.4 avgBps=88.54 avgTps=9864 avgMGps=692.7 elapsed=2d2h10m
Aug 20 19:22:46 nimbus-eth1-mainnet-long-benchmark[2924939]: INF 2026-08-20 19:22:46.923+00:00 Imported blocks                            blockNumber=15998977 slot=5164630 blocks=15998976 txs=1782763601 mgas=125226771 bps=37.55 tps=5618 mgps=569.2 avgBps=88.48 avgTps=9859 avgMGps=692.5 elapsed=2d2h13m
Aug 20 19:26:19 nimbus-eth1-mainnet-long-benchmark[2924939]: INF 2026-08-20 19:26:19.028+00:00 Imported blocks                            blockNumber=16007169 slot=5172864 blocks=16007168 txs=1783816448 mgas=125351394 bps=38.62 tps=4963 mgps=587.6 avgBps=88.42 avgTps=9853 avgMGps=692.4 elapsed=2d2h17m
Aug 20 19:30:05 nimbus-eth1-mainnet-long-benchmark[2924939]: INF 2026-08-20 19:30:05.556+00:00 Imported blocks                            blockNumber=16015361 slot=5181097 blocks=16015360 txs=1784869407 mgas=125475887 bps=36.16 tps=4648 mgps=549.6 avgBps=88.36 avgTps=9847 avgMGps=692.2 elapsed=2d2h20m
Aug 20 19:33:51 nimbus-eth1-mainnet-long-benchmark[2924939]: INF 2026-08-20 19:33:51.800+00:00 Imported blocks                            blockNumber=16023553 slot=5189331 blocks=16023552 txs=1785960095 mgas=125600130 bps=36.21 tps=4820 mgps=549.2 avgBps=88.29 avgTps=9840 avgMGps=692.1 elapsed=2d2h24m
Aug 20 19:37:31 nimbus-eth1-mainnet-long-benchmark[2924939]: INF 2026-08-20 19:37:31.917+00:00 Imported blocks                            blockNumber=16031745 slot=5197584 blocks=16031744 txs=1787064121 mgas=125724512 bps=37.22 tps=5015 mgps=565.1 avgBps=88.23 avgTps=9834 avgMGps=691.9 elapsed=2d2h28m
Aug 20 19:41:12 nimbus-eth1-mainnet-long-benchmark[2924939]: INF 2026-08-20 19:41:12.105+00:00 Imported blocks                            blockNumber=16039937 slot=5205840 blocks=16039936 txs=1788187162 mgas=125848907 bps=37.20 tps=5100 mgps=565.0 avgBps=88.17 avgTps=9829 avgMGps=691.8 elapsed=2d2h32m
Aug 20 19:44:52 nimbus-eth1-mainnet-long-benchmark[2924939]: INF 2026-08-20 19:44:52.102+00:00 Imported blocks                            blockNumber=16048129 slot=5214078 blocks=16048128 txs=1789321785 mgas=125973738 bps=37.24 tps=5157 mgps=567.4 avgBps=88.11 avgTps=9823 avgMGps=691.6 elapsed=2d2h35m
Aug 20 19:48:37 nimbus-eth1-mainnet-long-benchmark[2924939]: INF 2026-08-20 19:48:37.342+00:00 Imported blocks                            blockNumber=16056321 slot=5222314 blocks=16056320 txs=1790447287 mgas=126098355 bps=36.37 tps=4996 mgps=553.3 avgBps=88.04 avgTps=9817 avgMGps=691.4 elapsed=2d2h39m
Aug 20 19:52:24 nimbus-eth1-mainnet-long-benchmark[2924939]: INF 2026-08-20 19:52:24.479+00:00 Imported blocks                            blockNumber=16064513 slot=5230552 blocks=16064512 txs=1791458049 mgas=126223039 bps=36.07 tps=4450 mgps=548.9 avgBps=87.98 avgTps=9810 avgMGps=691.3 elapsed=2d2h43m
Aug 20 19:56:09 nimbus-eth1-mainnet-long-benchmark[2924939]: INF 2026-08-20 19:56:09.431+00:00 Imported blocks                            blockNumber=16072705 slot=5238780 blocks=16072704 txs=1792704083 mgas=126347373 bps=36.42 tps=5539 mgps=552.7 avgBps=87.91 avgTps=9805 avgMGps=691.1 elapsed=2d2h47m
Aug 20 19:59:59 nimbus-eth1-mainnet-long-benchmark[2924939]: INF 2026-08-20 19:59:59.743+00:00 Imported blocks                            blockNumber=16080897 slot=5247021 blocks=16080896 txs=1793882658 mgas=126471633 bps=35.57 tps=5117 mgps=539.5 avgBps=87.85 avgTps=9799 avgMGps=690.9 elapsed=2d2h50m
Aug 20 20:03:46 nimbus-eth1-mainnet-long-benchmark[2924939]: INF 2026-08-20 20:03:46.216+00:00 Imported blocks                            blockNumber=16089089 slot=5255267 blocks=16089088 txs=1795006238 mgas=126595940 bps=36.17 tps=4961 mgps=548.9 avgBps=87.78 avgTps=9793 avgMGps=690.7 elapsed=2d2h54m
Aug 20 20:07:28 nimbus-eth1-mainnet-long-benchmark[2924939]: INF 2026-08-20 20:07:28.788+00:00 Imported blocks                            blockNumber=16097281 slot=5263499 blocks=16097280 txs=1796147089 mgas=126720380 bps=36.81 tps=5125 mgps=559.1 avgBps=87.72 avgTps=9788 avgMGps=690.6 elapsed=2d2h58m
Aug 20 20:11:13 nimbus-eth1-mainnet-long-benchmark[2924939]: INF 2026-08-20 20:11:13.253+00:00 Imported blocks                            blockNumber=16105473 slot=5271733 blocks=16105472 txs=1797308946 mgas=126844741 bps=36.50 tps=5176 mgps=554.0 avgBps=87.66 avgTps=9782 avgMGps=690.4 elapsed=2d3h2m
Aug 20 20:15:01 nimbus-eth1-mainnet-long-benchmark[2924939]: INF 2026-08-20 20:15:01.297+00:00 Imported blocks                            blockNumber=16113665 slot=5279979 blocks=16113664 txs=1798418124 mgas=126969410 bps=35.92 tps=4863 mgps=546.7 avgBps=87.60 avgTps=9776 avgMGps=690.2 elapsed=2d3h5m
Aug 20 20:18:43 nimbus-eth1-mainnet-long-benchmark[2924939]: INF 2026-08-20 20:18:43.486+00:00 Imported blocks                            blockNumber=16121857 slot=5288231 blocks=16121856 txs=1799580752 mgas=127093802 bps=36.87 tps=5232 mgps=559.8 avgBps=87.53 avgTps=9770 avgMGps=690.1 elapsed=2d3h9m
Aug 20 20:22:24 nimbus-eth1-mainnet-long-benchmark[2924939]: INF 2026-08-20 20:22:24.514+00:00 Imported blocks                            blockNumber=16130049 slot=5296473 blocks=16130048 txs=1800761210 mgas=127218202 bps=37.06 tps=5340 mgps=562.8 avgBps=87.47 avgTps=9765 avgMGps=689.9 elapsed=2d3h13m
Aug 20 20:26:02 nimbus-eth1-mainnet-long-benchmark[2924939]: INF 2026-08-20 20:26:02.687+00:00 Imported blocks                            blockNumber=16138241 slot=5304780 blocks=16138240 txs=1801840012 mgas=127342862 bps=37.55 tps=4944 mgps=571.4 avgBps=87.42 avgTps=9759 avgMGps=689.8 elapsed=2d3h16m
Aug 20 20:29:56 nimbus-eth1-mainnet-long-benchmark[2924939]: INF 2026-08-20 20:29:56.979+00:00 Imported blocks                            blockNumber=16146433 slot=5313022 blocks=16146432 txs=1803239516 mgas=127467342 bps=34.96 tps=5973 mgps=531.3 avgBps=87.35 avgTps=9755 avgMGps=689.6 elapsed=2d3h20m
Aug 20 20:34:21 nimbus-eth1-mainnet-long-benchmark[2924939]: INF 2026-08-20 20:34:21.343+00:00 Imported blocks                            blockNumber=16154625 slot=5321262 blocks=16154624 txs=1805071002 mgas=127591537 bps=30.99 tps=6927 mgps=469.8 avgBps=87.27 avgTps=9751 avgMGps=689.3 elapsed=2d3h25m
Aug 20 20:38:26 nimbus-eth1-mainnet-long-benchmark[2924939]: INF 2026-08-20 20:38:26.983+00:00 Imported blocks                            blockNumber=16162817 slot=5329495 blocks=16162816 txs=1806360432 mgas=127716150 bps=33.35 tps=5249 mgps=507.3 avgBps=87.20 avgTps=9745 avgMGps=689.0 elapsed=2d3h29m
Aug 20 20:42:18 nimbus-eth1-mainnet-long-benchmark[2924939]: INF 2026-08-20 20:42:18.279+00:00 Imported blocks                            blockNumber=16171009 slot=5337741 blocks=16171008 txs=1807676190 mgas=127840490 bps=35.42 tps=5688 mgps=537.6 avgBps=87.13 avgTps=9740 avgMGps=688.8 elapsed=2d3h33m
Aug 20 20:46:15 nimbus-eth1-mainnet-long-benchmark[2924939]: INF 2026-08-20 20:46:15.167+00:00 Imported blocks                            blockNumber=16179201 slot=5345985 blocks=16179200 txs=1808981729 mgas=127964557 bps=34.58 tps=5511 mgps=523.7 avgBps=87.07 avgTps=9734 avgMGps=688.6 elapsed=2d3h37m
Aug 20 20:50:05 nimbus-eth1-mainnet-long-benchmark[2924939]: INF 2026-08-20 20:50:05.136+00:00 Imported blocks                            blockNumber=16187393 slot=5354220 blocks=16187392 txs=1810218948 mgas=128088794 bps=35.62 tps=5379 mgps=540.2 avgBps=87.00 avgTps=9729 avgMGps=688.4 elapsed=2d3h40m
Aug 20 20:53:52 nimbus-eth1-mainnet-long-benchmark[2924939]: INF 2026-08-20 20:53:52.656+00:00 Imported blocks                            blockNumber=16195585 slot=5362459 blocks=16195584 txs=1811461288 mgas=128212958 bps=36.01 tps=5460 mgps=545.7 avgBps=86.94 avgTps=9724 avgMGps=688.3 elapsed=2d3h44m
Aug 20 20:57:44 nimbus-eth1-mainnet-long-benchmark[2924939]: INF 2026-08-20 20:57:44.780+00:00 Imported blocks                            blockNumber=16203777 slot=5370696 blocks=16203776 txs=1812759801 mgas=128336913 bps=35.29 tps=5594 mgps=534.0 avgBps=86.87 avgTps=9718 avgMGps=688.1 elapsed=2d3h48m
Aug 20 21:01:43 nimbus-eth1-mainnet-long-benchmark[2924939]: INF 2026-08-20 21:01:43.505+00:00 Imported blocks                            blockNumber=16211969 slot=5378936 blocks=16211968 txs=1813869867 mgas=128461357 bps=34.32 tps=4650 mgps=521.3 avgBps=86.81 avgTps=9712 avgMGps=687.9 elapsed=2d3h52m
Aug 20 21:05:28 nimbus-eth1-mainnet-long-benchmark[2924939]: INF 2026-08-20 21:05:28.165+00:00 Imported blocks                            blockNumber=16220161 slot=5387165 blocks=16220160 txs=1814959279 mgas=128585743 bps=36.46 tps=4849 mgps=553.7 avgBps=86.75 avgTps=9706 avgMGps=687.7 elapsed=2d3h56m
Aug 20 21:09:12 nimbus-eth1-mainnet-long-benchmark[2924939]: INF 2026-08-20 21:09:12.033+00:00 Imported blocks                            blockNumber=16228353 slot=5395399 blocks=16228352 txs=1816121230 mgas=128709720 bps=36.59 tps=5190 mgps=553.8 avgBps=86.69 avgTps=9701 avgMGps=687.5 elapsed=2d4h5s
Aug 20 21:13:01 nimbus-eth1-mainnet-long-benchmark[2924939]: INF 2026-08-20 21:13:01.298+00:00 Imported blocks                            blockNumber=16236545 slot=5403630 blocks=16236544 txs=1817290037 mgas=128833846 bps=35.73 tps=5098 mgps=541.4 avgBps=86.63 avgTps=9695 avgMGps=687.4 elapsed=2d4h3m
Aug 20 21:16:50 nimbus-eth1-mainnet-long-benchmark[2924939]: INF 2026-08-20 21:16:50.650+00:00 Imported blocks                            blockNumber=16244737 slot=5411850 blocks=16244736 txs=1818421939 mgas=128958134 bps=35.72 tps=4935 mgps=541.9 avgBps=86.56 avgTps=9689 avgMGps=687.2 elapsed=2d4h7m
Aug 20 21:20:50 nimbus-eth1-mainnet-long-benchmark[2924939]: INF 2026-08-20 21:20:50.970+00:00 Imported blocks                            blockNumber=16252929 slot=5420067 blocks=16252928 txs=1819571657 mgas=129082467 bps=34.09 tps=4784 mgps=517.4 avgBps=86.50 avgTps=9683 avgMGps=687.0 elapsed=2d4h11m
Aug 20 21:25:03 nimbus-eth1-mainnet-long-benchmark[2924939]: INF 2026-08-20 21:25:03.058+00:00 Imported blocks                            blockNumber=16261121 slot=5428297 blocks=16261120 txs=1820578100 mgas=129207392 bps=32.50 tps=3992 mgps=495.6 avgBps=86.42 avgTps=9675 avgMGps=686.7 elapsed=2d4h15m
Aug 20 21:28:55 nimbus-eth1-mainnet-long-benchmark[2924939]: INF 2026-08-20 21:28:55.743+00:00 Imported blocks                            blockNumber=16269313 slot=5436528 blocks=16269312 txs=1821582279 mgas=129332087 bps=35.21 tps=4315 mgps=535.9 avgBps=86.36 avgTps=9669 avgMGps=686.5 elapsed=2d4h19m
Aug 20 21:32:47 nimbus-eth1-mainnet-long-benchmark[2924939]: INF 2026-08-20 21:32:47.807+00:00 Imported blocks                            blockNumber=16277505 slot=5444770 blocks=16277504 txs=1822732101 mgas=129456486 bps=35.30 tps=4954 mgps=536.1 avgBps=86.30 avgTps=9663 avgMGps=686.3 elapsed=2d4h23m
Aug 20 21:36:41 nimbus-eth1-mainnet-long-benchmark[2924939]: INF 2026-08-20 21:36:41.719+00:00 Imported blocks                            blockNumber=16285697 slot=5452994 blocks=16285696 txs=1823865962 mgas=129580764 bps=35.02 tps=4847 mgps=531.3 avgBps=86.23 avgTps=9657 avgMGps=686.1 elapsed=2d4h27m
Aug 20 21:40:36 nimbus-eth1-mainnet-long-benchmark[2924939]: INF 2026-08-20 21:40:36.892+00:00 Imported blocks                            blockNumber=16293889 slot=5461230 blocks=16293888 txs=1824958250 mgas=129705030 bps=34.83 tps=4644 mgps=528.4 avgBps=86.17 avgTps=9651 avgMGps=685.9 elapsed=2d4h31m
Aug 20 21:44:41 nimbus-eth1-mainnet-long-benchmark[2924939]: INF 2026-08-20 21:44:41.172+00:00 Imported blocks                            blockNumber=16302081 slot=5469460 blocks=16302080 txs=1826030759 mgas=129829433 bps=33.54 tps=4390 mgps=509.3 avgBps=86.10 avgTps=9644 avgMGps=685.7 elapsed=2d4h35m
Aug 20 21:49:00 nimbus-eth1-mainnet-long-benchmark[2924939]: INF 2026-08-20 21:49:00.692+00:00 Imported blocks                            blockNumber=16310273 slot=5477688 blocks=16310272 txs=1826972084 mgas=129954165 bps=31.57 tps=3627 mgps=480.6 avgBps=86.03 avgTps=9636 avgMGps=685.4 elapsed=2d4h39m
Aug 20 21:52:49 nimbus-eth1-mainnet-long-benchmark[2924939]: INF 2026-08-20 21:52:49.764+00:00 Imported blocks                            blockNumber=16318465 slot=5485913 blocks=16318464 txs=1827854551 mgas=130078932 bps=35.76 tps=3852 mgps=544.7 avgBps=85.97 avgTps=9629 avgMGps=685.3 elapsed=2d4h43m
Aug 20 21:56:33 nimbus-eth1-mainnet-long-benchmark[2924939]: INF 2026-08-20 21:56:33.069+00:00 Imported blocks                            blockNumber=16326657 slot=5494140 blocks=16326656 txs=1828918916 mgas=130203345 bps=36.69 tps=4766 mgps=557.2 avgBps=85.91 avgTps=9623 avgMGps=685.1 elapsed=2d4h47m
Aug 20 22:00:19 nimbus-eth1-mainnet-long-benchmark[2924939]: INF 2026-08-20 22:00:19.357+00:00 Imported blocks                            blockNumber=16334849 slot=5502372 blocks=16334848 txs=1830122577 mgas=130327572 bps=36.20 tps=5319 mgps=549.0 avgBps=85.85 avgTps=9618 avgMGps=685.0 elapsed=2d4h51m
Aug 20 22:04:15 nimbus-eth1-mainnet-long-benchmark[2924939]: INF 2026-08-20 22:04:15.237+00:00 Imported blocks                            blockNumber=16343041 slot=5510610 blocks=16343040 txs=1831418312 mgas=130451609 bps=34.73 tps=5493 mgps=525.9 avgBps=85.79 avgTps=9613 avgMGps=684.8 elapsed=2d4h55m
Aug 20 22:08:04 nimbus-eth1-mainnet-long-benchmark[2924939]: INF 2026-08-20 22:08:04.402+00:00 Imported blocks                            blockNumber=16351233 slot=5518848 blocks=16351232 txs=1832599973 mgas=130575721 bps=35.75 tps=5156 mgps=541.6 avgBps=85.73 avgTps=9607 avgMGps=684.6 elapsed=2d4h58m
Aug 20 22:12:12 nimbus-eth1-mainnet-long-benchmark[2924939]: INF 2026-08-20 22:12:12.802+00:00 Imported blocks                            blockNumber=16359425 slot=5527079 blocks=16359424 txs=1833679040 mgas=130700254 bps=32.98 tps=4344 mgps=501.3 avgBps=85.66 avgTps=9601 avgMGps=684.3 elapsed=2d5h3m
Aug 20 22:16:23 nimbus-eth1-mainnet-long-benchmark[2924939]: INF 2026-08-20 22:16:23.386+00:00 Imported blocks                            blockNumber=16367617 slot=5535309 blocks=16367616 txs=1835056248 mgas=130824628 bps=32.69 tps=5496 mgps=496.3 avgBps=85.59 avgTps=9595 avgMGps=684.1 elapsed=2d5h7m
Aug 20 22:20:32 nimbus-eth1-mainnet-long-benchmark[2924939]: INF 2026-08-20 22:20:32.766+00:00 Imported blocks                            blockNumber=16375809 slot=5543539 blocks=16375808 txs=1836258513 mgas=130948667 bps=32.85 tps=4821 mgps=497.4 avgBps=85.52 avgTps=9589 avgMGps=683.9 elapsed=2d5h11m
Aug 20 22:24:23 nimbus-eth1-mainnet-long-benchmark[2924939]: INF 2026-08-20 22:24:23.718+00:00 Imported blocks                            blockNumber=16384001 slot=5551774 blocks=16384000 txs=1837499084 mgas=131072768 bps=35.47 tps=5371 mgps=537.3 avgBps=85.46 avgTps=9584 avgMGps=683.7 elapsed=2d5h15m
Aug 20 22:28:18 nimbus-eth1-mainnet-long-benchmark[2924939]: INF 2026-08-20 22:28:18.246+00:00 Imported blocks                            blockNumber=16392193 slot=5560023 blocks=16392192 txs=1838750291 mgas=131196772 bps=34.93 tps=5334 mgps=528.7 avgBps=85.40 avgTps=9579 avgMGps=683.5 elapsed=2d5h19m
Aug 20 22:32:05 nimbus-eth1-mainnet-long-benchmark[2924939]: INF 2026-08-20 22:32:05.679+00:00 Imported blocks                            blockNumber=16400385 slot=5568264 blocks=16400384 txs=1839990141 mgas=131320824 bps=36.02 tps=5451 mgps=545.4 avgBps=85.34 avgTps=9574 avgMGps=683.3 elapsed=2d5h22m
Aug 20 22:36:11 nimbus-eth1-mainnet-long-benchmark[2924939]: INF 2026-08-20 22:36:11.219+00:00 Imported blocks                            blockNumber=16408577 slot=5576488 blocks=16408576 txs=1841255955 mgas=131444692 bps=33.36 tps=5155 mgps=504.5 avgBps=85.27 avgTps=9568 avgMGps=683.1 elapsed=2d5h27m
Aug 20 22:40:17 nimbus-eth1-mainnet-long-benchmark[2924939]: INF 2026-08-20 22:40:17.803+00:00 Imported blocks                            blockNumber=16416769 slot=5584742 blocks=16416768 txs=1842403676 mgas=131568840 bps=33.22 tps=4654 mgps=503.5 avgBps=85.21 avgTps=9562 avgMGps=682.9 elapsed=2d5h31m
Aug 20 22:44:25 nimbus-eth1-mainnet-long-benchmark[2924939]: INF 2026-08-20 22:44:25.143+00:00 Imported blocks                            blockNumber=16424961 slot=5592977 blocks=16424960 txs=1843596368 mgas=131692843 bps=33.12 tps=4822 mgps=501.3 avgBps=85.14 avgTps=9556 avgMGps=682.6 elapsed=2d5h35m
Aug 20 22:48:20 nimbus-eth1-mainnet-long-benchmark[2924939]: INF 2026-08-20 22:48:20.068+00:00 Imported blocks                            blockNumber=16433153 slot=5601200 blocks=16433152 txs=1844784938 mgas=131817010 bps=34.87 tps=5059 mgps=528.5 avgBps=85.08 avgTps=9550 avgMGps=682.4 elapsed=2d5h39m
Aug 20 22:52:20 nimbus-eth1-mainnet-long-benchmark[2924939]: INF 2026-08-20 22:52:20.808+00:00 Imported blocks                            blockNumber=16441345 slot=5609436 blocks=16441344 txs=1845999096 mgas=131940882 bps=34.03 tps=5043 mgps=514.5 avgBps=85.01 avgTps=9545 avgMGps=682.2 elapsed=2d5h43m
Aug 20 22:56:08 nimbus-eth1-mainnet-long-benchmark[2924939]: INF 2026-08-20 22:56:08.024+00:00 Imported blocks                            blockNumber=16449537 slot=5617666 blocks=16449536 txs=1847165395 mgas=132065127 bps=36.05 tps=5133 mgps=546.8 avgBps=84.96 avgTps=9540 avgMGps=682.1 elapsed=2d5h47m
Aug 20 23:00:15 nimbus-eth1-mainnet-long-benchmark[2924939]: INF 2026-08-20 23:00:15.032+00:00 Imported blocks                            blockNumber=16457729 slot=5625902 blocks=16457728 txs=1848342150 mgas=132189112 bps=33.16 tps=4764 mgps=501.9 avgBps=84.89 avgTps=9533 avgMGps=681.8 elapsed=2d5h51m
Aug 20 23:04:09 nimbus-eth1-mainnet-long-benchmark[2924939]: INF 2026-08-20 23:04:09.341+00:00 Imported blocks                            blockNumber=16465921 slot=5634141 blocks=16465920 txs=1849371996 mgas=132313668 bps=34.96 tps=4395 mgps=531.6 avgBps=84.83 avgTps=9527 avgMGps=681.7 elapsed=2d5h55m
Aug 20 23:07:56 nimbus-eth1-mainnet-long-benchmark[2924939]: INF 2026-08-20 23:07:56.897+00:00 Imported blocks                            blockNumber=16474113 slot=5642371 blocks=16474112 txs=1850459219 mgas=132438037 bps=36.00 tps=4777 mgps=546.5 avgBps=84.77 avgTps=9522 avgMGps=681.5 elapsed=2d5h58m
Aug 20 23:11:47 nimbus-eth1-mainnet-long-benchmark[2924939]: INF 2026-08-20 23:11:47.185+00:00 Imported blocks                            blockNumber=16482305 slot=5650601 blocks=16482304 txs=1851632335 mgas=132562218 bps=35.57 tps=5094 mgps=539.2 avgBps=84.72 avgTps=9516 avgMGps=681.3 elapsed=2d6h2m
Aug 20 23:15:38 nimbus-eth1-mainnet-long-benchmark[2924939]: INF 2026-08-20 23:15:38.490+00:00 Imported blocks                            blockNumber=16490497 slot=5658845 blocks=16490496 txs=1852791201 mgas=132686437 bps=35.42 tps=5010 mgps=537.0 avgBps=84.66 avgTps=9511 avgMGps=681.2 elapsed=2d6h6m
Aug 20 23:19:35 nimbus-eth1-mainnet-long-benchmark[2924939]: INF 2026-08-20 23:19:35.782+00:00 Imported blocks                            blockNumber=16498689 slot=5667082 blocks=16498688 txs=1854039460 mgas=132810606 bps=34.52 tps=5260 mgps=523.3 avgBps=84.60 avgTps=9506 avgMGps=681.0 elapsed=2d6h10m
Aug 20 23:23:32 nimbus-eth1-mainnet-long-benchmark[2924939]: INF 2026-08-20 23:23:32.054+00:00 Imported blocks                            blockNumber=16506881 slot=5675313 blocks=16506880 txs=1855210009 mgas=132934889 bps=34.67 tps=4954 mgps=526.0 avgBps=84.54 avgTps=9500 avgMGps=680.8 elapsed=2d6h14m
Aug 20 23:27:23 nimbus-eth1-mainnet-long-benchmark[2924939]: INF 2026-08-20 23:27:23.639+00:00 Imported blocks                            blockNumber=16515073 slot=5683551 blocks=16515072 txs=1856341573 mgas=133059279 bps=35.37 tps=4886 mgps=537.1 avgBps=84.48 avgTps=9495 avgMGps=680.6 elapsed=2d6h18m
Aug 20 23:31:16 nimbus-eth1-mainnet-long-benchmark[2924939]: INF 2026-08-20 23:31:16.603+00:00 Imported blocks                            blockNumber=16523265 slot=5691780 blocks=16523264 txs=1857567301 mgas=133183259 bps=35.16 tps=5261 mgps=532.2 avgBps=84.42 avgTps=9490 avgMGps=680.4 elapsed=2d6h22m
Aug 20 23:35:06 nimbus-eth1-mainnet-long-benchmark[2924939]: INF 2026-08-20 23:35:06.567+00:00 Imported blocks                            blockNumber=16531457 slot=5700013 blocks=16531456 txs=1858801183 mgas=133307312 bps=35.62 tps=5365 mgps=539.4 avgBps=84.36 avgTps=9485 avgMGps=680.3 elapsed=2d6h26m
Aug 20 23:39:05 nimbus-eth1-mainnet-long-benchmark[2924939]: INF 2026-08-20 23:39:05.656+00:00 Imported blocks                            blockNumber=16539649 slot=5708260 blocks=16539648 txs=1860012627 mgas=133431301 bps=34.26 tps=5066 mgps=518.6 avgBps=84.30 avgTps=9480 avgMGps=680.1 elapsed=2d6h29m
Aug 20 23:42:51 nimbus-eth1-mainnet-long-benchmark[2924939]: INF 2026-08-20 23:42:51.324+00:00 Imported blocks                            blockNumber=16547841 slot=5716525 blocks=16547840 txs=1861269213 mgas=133555223 bps=36.30 tps=5568 mgps=549.1 avgBps=84.25 avgTps=9475 avgMGps=679.9 elapsed=2d6h33m
Aug 20 23:46:38 nimbus-eth1-mainnet-long-benchmark[2924939]: INF 2026-08-20 23:46:38.385+00:00 Imported blocks                            blockNumber=16556033 slot=5724762 blocks=16556032 txs=1862500132 mgas=133679232 bps=36.08 tps=5421 mgps=546.1 avgBps=84.19 avgTps=9471 avgMGps=679.8 elapsed=2d6h37m
Aug 20 23:50:36 nimbus-eth1-mainnet-long-benchmark[2924939]: INF 2026-08-20 23:50:36.913+00:00 Imported blocks                            blockNumber=16564225 slot=5732991 blocks=16564224 txs=1863739172 mgas=133803260 bps=34.34 tps=5194 mgps=520.0 avgBps=84.13 avgTps=9465 avgMGps=679.6 elapsed=2d6h41m
Aug 20 23:54:30 nimbus-eth1-mainnet-long-benchmark[2924939]: INF 2026-08-20 23:54:30.477+00:00 Imported blocks                            blockNumber=16572417 slot=5741223 blocks=16572416 txs=1864966052 mgas=133927243 bps=35.07 tps=5252 mgps=530.8 avgBps=84.07 avgTps=9460 avgMGps=679.4 elapsed=2d6h45m
Aug 20 23:58:16 nimbus-eth1-mainnet-long-benchmark[2924939]: INF 2026-08-20 23:58:16.662+00:00 Imported blocks                            blockNumber=16580609 slot=5749471 blocks=16580608 txs=1866262865 mgas=134051057 bps=36.22 tps=5733 mgps=547.4 avgBps=84.02 avgTps=9456 avgMGps=679.3 elapsed=2d6h49m
Aug 21 00:02:07 nimbus-eth1-mainnet-long-benchmark[2924939]: INF 2026-08-21 00:02:07.418+00:00 Imported blocks                            blockNumber=16588801 slot=5757729 blocks=16588800 txs=1867529636 mgas=134174862 bps=35.50 tps=5489 mgps=536.5 avgBps=83.96 avgTps=9451 avgMGps=679.1 elapsed=2d6h53m
Aug 21 00:06:02 nimbus-eth1-mainnet-long-benchmark[2924939]: INF 2026-08-21 00:06:02.146+00:00 Imported blocks                            blockNumber=16596993 slot=5765970 blocks=16596992 txs=1868777055 mgas=134298801 bps=34.90 tps=5314 mgps=528.0 avgBps=83.90 avgTps=9447 avgMGps=678.9 elapsed=2d6h56m
Aug 21 00:09:58 nimbus-eth1-mainnet-long-benchmark[2924939]: INF 2026-08-21 00:09:58.475+00:00 Imported blocks                            blockNumber=16605185 slot=5774205 blocks=16605184 txs=1869924340 mgas=134422860 bps=34.66 tps=4854 mgps=524.9 avgBps=83.84 avgTps=9441 avgMGps=678.7 elapsed=2d7h51s
Aug 21 00:13:53 nimbus-eth1-mainnet-long-benchmark[2924939]: INF 2026-08-21 00:13:53.935+00:00 Imported blocks                            blockNumber=16613377 slot=5782440 blocks=16613376 txs=1871008463 mgas=134547111 bps=34.79 tps=4604 mgps=527.7 avgBps=83.78 avgTps=9435 avgMGps=678.5 elapsed=2d7h4m
Aug 21 00:17:48 nimbus-eth1-mainnet-long-benchmark[2924939]: INF 2026-08-21 00:17:48.095+00:00 Imported blocks                            blockNumber=16621569 slot=5790686 blocks=16621568 txs=1872218126 mgas=134671188 bps=34.98 tps=5165 mgps=529.9 avgBps=83.73 avgTps=9430 avgMGps=678.4 elapsed=2d7h8m
Aug 21 00:21:40 nimbus-eth1-mainnet-long-benchmark[2924939]: INF 2026-08-21 00:21:40.396+00:00 Imported blocks                            blockNumber=16629761 slot=5798933 blocks=16629760 txs=1873496300 mgas=134795363 bps=35.26 tps=5502 mgps=534.6 avgBps=83.67 avgTps=9426 avgMGps=678.2 elapsed=2d7h12m
Aug 21 00:25:20 nimbus-eth1-mainnet-long-benchmark[2924939]: INF 2026-08-21 00:25:20.448+00:00 Imported blocks                            blockNumber=16637953 slot=5807177 blocks=16637952 txs=1874827008 mgas=134918966 bps=37.23 tps=6047 mgps=561.7 avgBps=83.62 avgTps=9422 avgMGps=678.1 elapsed=2d7h16m
Aug 21 00:29:10 nimbus-eth1-mainnet-long-benchmark[2924939]: INF 2026-08-21 00:29:10.972+00:00 Imported blocks                            blockNumber=16646145 slot=5815423 blocks=16646144 txs=1876106639 mgas=135042668 bps=35.54 tps=5550 mgps=536.6 avgBps=83.56 avgTps=9417 avgMGps=677.9 elapsed=2d7h20m
Aug 21 00:33:06 nimbus-eth1-mainnet-long-benchmark[2924939]: INF 2026-08-21 00:33:06.165+00:00 Imported blocks                            blockNumber=16654337 slot=5823744 blocks=16654336 txs=1877289660 mgas=135166545 bps=34.83 tps=5030 mgps=526.7 avgBps=83.51 avgTps=9412 avgMGps=677.7 elapsed=2d7h23m
Aug 21 00:37:14 nimbus-eth1-mainnet-long-benchmark[2924939]: INF 2026-08-21 00:37:14.789+00:00 Imported blocks                            blockNumber=16662529 slot=5832032 blocks=16662528 txs=1878422473 mgas=135290640 bps=32.95 tps=4556 mgps=499.1 avgBps=83.44 avgTps=9406 avgMGps=677.5 elapsed=2d7h28m
Aug 21 00:41:17 nimbus-eth1-mainnet-long-benchmark[2924939]: INF 2026-08-21 00:41:17.477+00:00 Imported blocks                            blockNumber=16670721 slot=5840313 blocks=16670720 txs=1879631783 mgas=135414630 bps=33.76 tps=4982 mgps=510.9 avgBps=83.38 avgTps=9401 avgMGps=677.3 elapsed=2d7h32m
Aug 21 00:45:15 nimbus-eth1-mainnet-long-benchmark[2924939]: INF 2026-08-21 00:45:15.005+00:00 Imported blocks                            blockNumber=16678913 slot=5848599 blocks=16678912 txs=1880884882 mgas=135538556 bps=34.49 tps=5275 mgps=521.7 avgBps=83.32 avgTps=9396 avgMGps=677.1 elapsed=2d7h36m
Aug 21 00:49:11 nimbus-eth1-mainnet-long-benchmark[2924939]: INF 2026-08-21 00:49:11.769+00:00 Imported blocks                            blockNumber=16687105 slot=5856905 blocks=16687104 txs=1882135895 mgas=135662560 bps=34.60 tps=5283 mgps=523.7 avgBps=83.27 avgTps=9391 avgMGps=676.9 elapsed=2d7h40m
Aug 21 00:53:00 nimbus-eth1-mainnet-long-benchmark[2924939]: INF 2026-08-21 00:53:00.214+00:00 Imported blocks                            blockNumber=16695297 slot=5865191 blocks=16695296 txs=1883381637 mgas=135786484 bps=35.86 tps=5453 mgps=542.5 avgBps=83.21 avgTps=9387 avgMGps=676.8 elapsed=2d7h43m
Aug 21 00:57:05 nimbus-eth1-mainnet-long-benchmark[2924939]: INF 2026-08-21 00:57:05.718+00:00 Imported blocks                            blockNumber=16703489 slot=5873502 blocks=16703488 txs=1884617239 mgas=135910564 bps=33.37 tps=5032 mgps=505.4 avgBps=83.15 avgTps=9381 avgMGps=676.6 elapsed=2d7h47m
Aug 21 01:01:17 nimbus-eth1-mainnet-long-benchmark[2924939]: INF 2026-08-21 01:01:17.710+00:00 Imported blocks                            blockNumber=16711681 slot=5881803 blocks=16711680 txs=1885752283 mgas=136034864 bps=32.51 tps=4504 mgps=493.3 avgBps=83.09 avgTps=9375 avgMGps=676.3 elapsed=2d7h52m
Aug 21 01:05:18 nimbus-eth1-mainnet-long-benchmark[2924939]: INF 2026-08-21 01:05:18.266+00:00 Imported blocks                            blockNumber=16719873 slot=5890089 blocks=16719872 txs=1886907002 mgas=136159078 bps=34.05 tps=4800 mgps=516.4 avgBps=83.03 avgTps=9370 avgMGps=676.2 elapsed=2d7h56m
Aug 21 01:09:16 nimbus-eth1-mainnet-long-benchmark[2924939]: INF 2026-08-21 01:09:16.518+00:00 Imported blocks                            blockNumber=16728065 slot=5898362 blocks=16728064 txs=1888117403 mgas=136283034 bps=34.38 tps=5080 mgps=520.3 avgBps=82.97 avgTps=9365 avgMGps=676.0 elapsed=2d8h10s
Aug 21 01:13:03 nimbus-eth1-mainnet-long-benchmark[2924939]: INF 2026-08-21 01:13:03.290+00:00 Imported blocks                            blockNumber=16736257 slot=5906658 blocks=16736256 txs=1889363510 mgas=136406980 bps=36.12 tps=5494 mgps=546.6 avgBps=82.92 avgTps=9360 avgMGps=675.8 elapsed=2d8h3m
Aug 21 01:16:57 nimbus-eth1-mainnet-long-benchmark[2924939]: INF 2026-08-21 01:16:57.247+00:00 Imported blocks                            blockNumber=16744449 slot=5914960 blocks=16744448 txs=1890614278 mgas=136530897 bps=35.02 tps=5346 mgps=529.7 avgBps=82.86 avgTps=9356 avgMGps=675.7 elapsed=2d8h7m
Aug 21 01:20:50 nimbus-eth1-mainnet-long-benchmark[2924939]: INF 2026-08-21 01:20:50.747+00:00 Imported blocks                            blockNumber=16752641 slot=5923268 blocks=16752640 txs=1891846355 mgas=136654820 bps=35.08 tps=5276 mgps=530.7 avgBps=82.81 avgTps=9351 avgMGps=675.5 elapsed=2d8h11m
Aug 21 01:24:43 nimbus-eth1-mainnet-long-benchmark[2924939]: INF 2026-08-21 01:24:43.151+00:00 Imported blocks                            blockNumber=16760833 slot=5931557 blocks=16760832 txs=1892947572 mgas=136778837 bps=35.25 tps=4738 mgps=533.6 avgBps=82.75 avgTps=9346 avgMGps=675.3 elapsed=2d8h15m
Aug 21 01:28:28 nimbus-eth1-mainnet-long-benchmark[2924939]: INF 2026-08-21 01:28:28.599+00:00 Imported blocks                            blockNumber=16769025 slot=5939852 blocks=16769024 txs=1894062649 mgas=136902777 bps=36.34 tps=4946 mgps=549.8 avgBps=82.70 avgTps=9341 avgMGps=675.2 elapsed=2d8h19m
Aug 21 01:32:13 nimbus-eth1-mainnet-long-benchmark[2924939]: INF 2026-08-21 01:32:13.763+00:00 Imported blocks                            blockNumber=16777217 slot=5948143 blocks=16777216 txs=1895266469 mgas=137026724 bps=36.38 tps=5346 mgps=550.5 avgBps=82.65 avgTps=9336 avgMGps=675.1 elapsed=2d8h23m
Aug 21 01:35:57 nimbus-eth1-mainnet-long-benchmark[2924939]: INF 2026-08-21 01:35:57.144+00:00 Imported blocks                            blockNumber=16785409 slot=5956437 blocks=16785408 txs=1896456920 mgas=137150558 bps=36.67 tps=5329 mgps=554.4 avgBps=82.60 avgTps=9332 avgMGps=674.9 elapsed=2d8h26m
Aug 21 01:39:36 nimbus-eth1-mainnet-long-benchmark[2924939]: INF 2026-08-21 01:39:36.780+00:00 Imported blocks                            blockNumber=16793601 slot=5964730 blocks=16793600 txs=1897649468 mgas=137274307 bps=37.30 tps=5429 mgps=563.4 avgBps=82.55 avgTps=9328 avgMGps=674.8 elapsed=2d8h30m
Aug 21 01:43:29 nimbus-eth1-mainnet-long-benchmark[2924939]: INF 2026-08-21 01:43:29.029+00:00 Imported blocks                            blockNumber=16801793 slot=5973054 blocks=16801792 txs=1898872315 mgas=137398264 bps=35.27 tps=5265 mgps=533.7 avgBps=82.50 avgTps=9323 avgMGps=674.6 elapsed=2d8h34m
Aug 21 01:47:24 nimbus-eth1-mainnet-long-benchmark[2924939]: INF 2026-08-21 01:47:24.329+00:00 Imported blocks                            blockNumber=16809985 slot=5981358 blocks=16809984 txs=1900030900 mgas=137521879 bps=34.82 tps=4923 mgps=525.4 avgBps=82.44 avgTps=9318 avgMGps=674.5 elapsed=2d8h38m
Aug 21 01:51:26 nimbus-eth1-mainnet-long-benchmark[2924939]: INF 2026-08-21 01:51:26.657+00:00 Imported blocks                            blockNumber=16818177 slot=5989636 blocks=16818176 txs=1901221157 mgas=137645760 bps=33.80 tps=4911 mgps=511.2 avgBps=82.39 avgTps=9313 avgMGps=674.3 elapsed=2d8h42m
Aug 21 01:55:20 nimbus-eth1-mainnet-long-benchmark[2924939]: INF 2026-08-21 01:55:20.485+00:00 Imported blocks                            blockNumber=16826369 slot=5997923 blocks=16826368 txs=1902536659 mgas=137769827 bps=35.03 tps=5626 mgps=530.6 avgBps=82.33 avgTps=9309 avgMGps=674.1 elapsed=2d8h46m
Aug 21 01:59:08 nimbus-eth1-mainnet-long-benchmark[2924939]: INF 2026-08-21 01:59:08.509+00:00 Imported blocks                            blockNumber=16834561 slot=6006221 blocks=16834560 txs=1903816850 mgas=137893613 bps=35.93 tps=5614 mgps=542.9 avgBps=82.28 avgTps=9304 avgMGps=674.0 elapsed=2d8h50m
Aug 21 02:02:53 nimbus-eth1-mainnet-long-benchmark[2924939]: INF 2026-08-21 02:02:53.934+00:00 Imported blocks                            blockNumber=16842753 slot=6014515 blocks=16842752 txs=1905034952 mgas=138017403 bps=36.34 tps=5403 mgps=549.1 avgBps=82.23 avgTps=9300 avgMGps=673.8 elapsed=2d8h53m
Aug 21 02:06:48 nimbus-eth1-mainnet-long-benchmark[2924939]: INF 2026-08-21 02:06:48.434+00:00 Imported blocks                            blockNumber=16850945 slot=6022798 blocks=16850944 txs=1906254915 mgas=138141334 bps=34.93 tps=5202 mgps=528.5 avgBps=82.17 avgTps=9295 avgMGps=673.7 elapsed=2d8h57m
Aug 21 02:10:55 nimbus-eth1-mainnet-long-benchmark[2924939]: INF 2026-08-21 02:10:55.946+00:00 Imported blocks                            blockNumber=16859137 slot=6031084 blocks=16859136 txs=1907416034 mgas=138265293 bps=33.10 tps=4691 mgps=500.8 avgBps=82.12 avgTps=9290 avgMGps=673.4 elapsed=2d9h1m
Aug 21 02:14:59 nimbus-eth1-mainnet-long-benchmark[2924939]: INF 2026-08-21 02:14:59.226+00:00 Imported blocks                            blockNumber=16867329 slot=6039371 blocks=16867328 txs=1908587274 mgas=138389422 bps=33.67 tps=4814 mgps=510.2 avgBps=82.06 avgTps=9285 avgMGps=673.3 elapsed=2d9h5m
Aug 21 02:19:00 nimbus-eth1-mainnet-long-benchmark[2924939]: INF 2026-08-21 02:19:00.690+00:00 Imported blocks                            blockNumber=16875521 slot=6047642 blocks=16875520 txs=1909854477 mgas=138513302 bps=33.93 tps=5248 mgps=513.0 avgBps=82.00 avgTps=9280 avgMGps=673.1 elapsed=2d9h9m
Aug 21 02:23:01 nimbus-eth1-mainnet-long-benchmark[2924939]: INF 2026-08-21 02:23:01.474+00:00 Imported blocks                            blockNumber=16883713 slot=6055930 blocks=16883712 txs=1911117374 mgas=138637252 bps=34.02 tps=5244 mgps=514.8 avgBps=81.95 avgTps=9275 avgMGps=672.9 elapsed=2d9h13m
Aug 21 02:26:54 nimbus-eth1-mainnet-long-benchmark[2924939]: INF 2026-08-21 02:26:54.171+00:00 Imported blocks                            blockNumber=16891905 slot=6064228 blocks=16891904 txs=1912349928 mgas=138761177 bps=35.20 tps=5296 mgps=532.5 avgBps=81.89 avgTps=9271 avgMGps=672.7 elapsed=2d9h17m
Aug 21 02:30:48 nimbus-eth1-mainnet-long-benchmark[2924939]: INF 2026-08-21 02:30:48.291+00:00 Imported blocks                            blockNumber=16900097 slot=6072508 blocks=16900096 txs=1913611460 mgas=138884976 bps=34.99 tps=5388 mgps=528.8 avgBps=81.84 avgTps=9266 avgMGps=672.6 elapsed=2d9h21m
Aug 21 02:34:55 nimbus-eth1-mainnet-long-benchmark[2924939]: INF 2026-08-21 02:34:55.423+00:00 Imported blocks                            blockNumber=16908289 slot=6080793 blocks=16908288 txs=1914815701 mgas=139008674 bps=33.15 tps=4872 mgps=500.5 avgBps=81.78 avgTps=9261 avgMGps=672.4 elapsed=2d9h25m
Aug 21 02:39:33 nimbus-eth1-mainnet-long-benchmark[2924939]: INF 2026-08-21 02:39:33.903+00:00 Imported blocks                            blockNumber=16916481 slot=6089077 blocks=16916480 txs=1915982170 mgas=139132546 bps=29.42 tps=4188 mgps=444.8 avgBps=81.71 avgTps=9254 avgMGps=672.0 elapsed=2d9h30m
Aug 21 02:43:50 nimbus-eth1-mainnet-long-benchmark[2924939]: INF 2026-08-21 02:43:50.042+00:00 Imported blocks                            blockNumber=16924673 slot=6097362 blocks=16924672 txs=1917295456 mgas=139256434 bps=31.98 tps=5127 mgps=483.7 avgBps=81.65 avgTps=9249 avgMGps=671.8 elapsed=2d9h34m
Aug 21 02:47:57 nimbus-eth1-mainnet-long-benchmark[2924939]: INF 2026-08-21 02:47:57.758+00:00 Imported blocks                            blockNumber=16932865 slot=6105654 blocks=16932864 txs=1918613570 mgas=139380170 bps=33.07 tps=5321 mgps=499.5 avgBps=81.59 avgTps=9244 avgMGps=671.6 elapsed=2d9h38m
Aug 21 02:52:27 nimbus-eth1-mainnet-long-benchmark[2924939]: INF 2026-08-21 02:52:27.290+00:00 Imported blocks                            blockNumber=16941057 slot=6113948 blocks=16941056 txs=1919984819 mgas=139503951 bps=30.39 tps=5087 mgps=459.2 avgBps=81.53 avgTps=9239 avgMGps=671.3 elapsed=2d9h43m
Aug 21 02:56:33 nimbus-eth1-mainnet-long-benchmark[2924939]: INF 2026-08-21 02:56:33.874+00:00 Imported blocks                            blockNumber=16949249 slot=6122230 blocks=16949248 txs=1921309040 mgas=139627802 bps=33.22 tps=5370 mgps=502.3 avgBps=81.47 avgTps=9234 avgMGps=671.1 elapsed=2d9h47m
Aug 21 03:01:05 nimbus-eth1-mainnet-long-benchmark[2924939]: INF 2026-08-21 03:01:05.650+00:00 Imported blocks                            blockNumber=16957441 slot=6130520 blocks=16957440 txs=1922510685 mgas=139751573 bps=30.14 tps=4421 mgps=455.4 avgBps=81.40 avgTps=9228 avgMGps=670.9 elapsed=2d9h51m
Aug 21 03:05:37 nimbus-eth1-mainnet-long-benchmark[2924939]: INF 2026-08-21 03:05:37.629+00:00 Imported blocks                            blockNumber=16965633 slot=6138828 blocks=16965632 txs=1923641238 mgas=139875688 bps=30.12 tps=4156 mgps=456.3 avgBps=81.33 avgTps=9222 avgMGps=670.6 elapsed=2d9h56m
Aug 21 03:09:55 nimbus-eth1-mainnet-long-benchmark[2924939]: INF 2026-08-21 03:09:55.669+00:00 Imported blocks                            blockNumber=16973825 slot=6147196 blocks=16973824 txs=1924847634 mgas=139999662 bps=31.75 tps=4675 mgps=480.4 avgBps=81.27 avgTps=9216 avgMGps=670.3 elapsed=2d10h49s
Aug 21 03:14:05 nimbus-eth1-mainnet-long-benchmark[2924939]: INF 2026-08-21 03:14:05.389+00:00 Imported blocks                            blockNumber=16982017 slot=6155571 blocks=16982016 txs=1926143787 mgas=140123461 bps=32.80 tps=5190 mgps=495.8 avgBps=81.22 avgTps=9211 avgMGps=670.1 elapsed=2d10h4m
Aug 21 03:18:15 nimbus-eth1-mainnet-long-benchmark[2924939]: INF 2026-08-21 03:18:15.313+00:00 Imported blocks                            blockNumber=16990209 slot=6163998 blocks=16990208 txs=1927389663 mgas=140247290 bps=32.78 tps=4985 mgps=495.5 avgBps=81.16 avgTps=9206 avgMGps=669.9 elapsed=2d10h9m
Aug 21 03:22:38 nimbus-eth1-mainnet-long-benchmark[2924939]: INF 2026-08-21 03:22:38.209+00:00 Imported blocks                            blockNumber=16998401 slot=6172357 blocks=16998400 txs=1928626033 mgas=140371239 bps=31.16 tps=4702 mgps=471.5 avgBps=81.09 avgTps=9200 avgMGps=669.7 elapsed=2d10h13m
Aug 21 03:26:56 nimbus-eth1-mainnet-long-benchmark[2924939]: INF 2026-08-21 03:26:56.349+00:00 Imported blocks                            blockNumber=17006593 slot=6180713 blocks=17006592 txs=1929721419 mgas=140495426 bps=31.73 tps=4243 mgps=481.1 avgBps=81.03 avgTps=9194 avgMGps=669.4 elapsed=2d10h17m
Aug 21 03:31:41 nimbus-eth1-mainnet-long-benchmark[2924939]: INF 2026-08-21 03:31:41.716+00:00 Imported blocks                            blockNumber=17014785 slot=6189078 blocks=17014784 txs=1930819115 mgas=140619799 bps=28.71 tps=3846 mgps=435.8 avgBps=80.96 avgTps=9187 avgMGps=669.1 elapsed=2d10h22m
Aug 21 03:36:02 nimbus-eth1-mainnet-long-benchmark[2924939]: INF 2026-08-21 03:36:02.880+00:00 Imported blocks                            blockNumber=17022977 slot=6197431 blocks=17022976 txs=1932003965 mgas=140743838 bps=31.37 tps=4536 mgps=474.9 avgBps=80.90 avgTps=9181 avgMGps=668.9 elapsed=2d10h26m
Aug 21 03:40:20 nimbus-eth1-mainnet-long-benchmark[2924939]: INF 2026-08-21 03:40:20.832+00:00 Imported blocks                            blockNumber=17031169 slot=6205770 blocks=17031168 txs=1933236741 mgas=140867769 bps=31.76 tps=4779 mgps=480.4 avgBps=80.84 avgTps=9176 avgMGps=668.7 elapsed=2d10h31m
Aug 21 03:44:40 nimbus-eth1-mainnet-long-benchmark[2924939]: INF 2026-08-21 03:44:40.104+00:00 Imported blocks                            blockNumber=17039361 slot=6214644 blocks=17039360 txs=1934553364 mgas=140991689 bps=31.60 tps=5078 mgps=478.0 avgBps=80.78 avgTps=9171 avgMGps=668.4 elapsed=2d10h35m
Aug 21 03:48:51 nimbus-eth1-mainnet-long-benchmark[2924939]: INF 2026-08-21 03:48:51.836+00:00 Imported blocks                            blockNumber=17047553 slot=6223141 blocks=17047552 txs=1935926891 mgas=141115371 bps=32.54 tps=5456 mgps=491.3 avgBps=80.72 avgTps=9166 avgMGps=668.2 elapsed=2d10h39m
Aug 21 03:53:04 nimbus-eth1-mainnet-long-benchmark[2924939]: INF 2026-08-21 03:53:04.112+00:00 Imported blocks                            blockNumber=17055745 slot=6231549 blocks=17055744 txs=1937163728 mgas=141239546 bps=32.47 tps=4902 mgps=492.2 avgBps=80.67 avgTps=9161 avgMGps=668.0 elapsed=2d10h43m
Aug 21 03:57:08 nimbus-eth1-mainnet-long-benchmark[2924939]: INF 2026-08-21 03:57:08.056+00:00 Imported blocks                            blockNumber=17063937 slot=6239930 blocks=17063936 txs=1938172438 mgas=141364159 bps=33.58 tps=4134 mgps=510.8 avgBps=80.61 avgTps=9156 avgMGps=667.8 elapsed=2d10h48m
Aug 21 04:00:51 nimbus-eth1-mainnet-long-benchmark[2924939]: INF 2026-08-21 04:00:51.816+00:00 Imported blocks                            blockNumber=17072129 slot=6248275 blocks=17072128 txs=1939355648 mgas=141487938 bps=36.61 tps=5287 mgps=553.2 avgBps=80.56 avgTps=9151 avgMGps=667.7 elapsed=2d10h51m
Aug 21 04:04:30 nimbus-eth1-mainnet-long-benchmark[2924939]: INF 2026-08-21 04:04:30.228+00:00 Imported blocks                            blockNumber=17080321 slot=6256608 blocks=17080320 txs=1940616306 mgas=141611583 bps=37.51 tps=5771 mgps=566.1 avgBps=80.52 avgTps=9148 avgMGps=667.6 elapsed=2d10h55m
Aug 21 04:07:56 nimbus-eth1-mainnet-long-benchmark[2924939]: INF 2026-08-21 04:07:56.597+00:00 Imported blocks                            blockNumber=17088513 slot=6264965 blocks=17088512 txs=1941876584 mgas=141735231 bps=39.70 tps=6106 mgps=599.2 avgBps=80.48 avgTps=9145 avgMGps=667.5 elapsed=2d10h58m
Aug 21 04:11:38 nimbus-eth1-mainnet-long-benchmark[2924939]: INF 2026-08-21 04:11:38.818+00:00 Imported blocks                            blockNumber=17096705 slot=6273315 blocks=17096704 txs=1943072102 mgas=141858838 bps=36.86 tps=5379 mgps=556.2 avgBps=80.44 avgTps=9141 avgMGps=667.4 elapsed=2d11h2m
Aug 21 04:15:28 nimbus-eth1-mainnet-long-benchmark[2924939]: INF 2026-08-21 04:15:28.342+00:00 Imported blocks                            blockNumber=17104897 slot=6281580 blocks=17104896 txs=1944086612 mgas=141983190 bps=35.69 tps=4420 mgps=541.8 avgBps=80.39 avgTps=9136 avgMGps=667.3 elapsed=2d11h6m
Aug 21 04:19:11 nimbus-eth1-mainnet-long-benchmark[2924939]: INF 2026-08-21 04:19:11.966+00:00 Imported blocks                            blockNumber=17113089 slot=6289852 blocks=17113088 txs=1945085408 mgas=142107392 bps=36.63 tps=4466 mgps=555.4 avgBps=80.34 avgTps=9131 avgMGps=667.2 elapsed=2d11h10m
Aug 21 04:22:51 nimbus-eth1-mainnet-long-benchmark[2924939]: INF 2026-08-21 04:22:51.343+00:00 Imported blocks                            blockNumber=17121281 slot=6298121 blocks=17121280 txs=1946164681 mgas=142231469 bps=37.34 tps=4919 mgps=565.6 avgBps=80.30 avgTps=9127 avgMGps=667.0 elapsed=2d11h13m
Aug 21 04:26:45 nimbus-eth1-mainnet-long-benchmark[2924939]: INF 2026-08-21 04:26:45.775+00:00 Imported blocks                            blockNumber=17129473 slot=6306398 blocks=17129472 txs=1947273575 mgas=142355631 bps=34.94 tps=4730 mgps=529.6 avgBps=80.25 avgTps=9122 avgMGps=666.9 elapsed=2d11h17m
Aug 21 04:30:42 nimbus-eth1-mainnet-long-benchmark[2924939]: INF 2026-08-21 04:30:42.947+00:00 Imported blocks                            blockNumber=17137665 slot=6314693 blocks=17137664 txs=1948368474 mgas=142479878 bps=34.54 tps=4616 mgps=523.9 avgBps=80.20 avgTps=9117 avgMGps=666.7 elapsed=2d11h21m
Aug 21 04:34:35 nimbus-eth1-mainnet-long-benchmark[2924939]: INF 2026-08-21 04:34:35.363+00:00 Imported blocks                            blockNumber=17145857 slot=6322984 blocks=17145856 txs=1949518774 mgas=142603953 bps=35.25 tps=4949 mgps=533.8 avgBps=80.15 avgTps=9112 avgMGps=666.6 elapsed=2d11h25m
Aug 21 04:38:27 nimbus-eth1-mainnet-long-benchmark[2924939]: INF 2026-08-21 04:38:27.736+00:00 Imported blocks                            blockNumber=17154049 slot=6331276 blocks=17154048 txs=1950571925 mgas=142728247 bps=35.25 tps=4532 mgps=534.9 avgBps=80.10 avgTps=9107 avgMGps=666.5 elapsed=2d11h29m
Aug 21 04:42:12 nimbus-eth1-mainnet-long-benchmark[2924939]: INF 2026-08-21 04:42:12.280+00:00 Imported blocks                            blockNumber=17162241 slot=6339552 blocks=17162240 txs=1951688703 mgas=142852142 bps=36.48 tps=4973 mgps=551.8 avgBps=80.05 avgTps=9103 avgMGps=666.3 elapsed=2d11h33m
Aug 21 04:45:53 nimbus-eth1-mainnet-long-benchmark[2924939]: INF 2026-08-21 04:45:53.204+00:00 Imported blocks                            blockNumber=17170433 slot=6347847 blocks=17170432 txs=1952948218 mgas=142975691 bps=37.08 tps=5701 mgps=559.2 avgBps=80.01 avgTps=9100 avgMGps=666.2 elapsed=2d11h36m
Aug 21 04:49:25 nimbus-eth1-mainnet-long-benchmark[2924939]: INF 2026-08-21 04:49:25.237+00:00 Imported blocks                            blockNumber=17178625 slot=6356141 blocks=17178624 txs=1954250499 mgas=143099205 bps=38.64 tps=6142 mgps=582.5 avgBps=79.97 avgTps=9097 avgMGps=666.1 elapsed=2d11h40m
Aug 21 04:52:59 nimbus-eth1-mainnet-long-benchmark[2924939]: INF 2026-08-21 04:52:59.874+00:00 Imported blocks                            blockNumber=17186817 slot=6364447 blocks=17186816 txs=1955518721 mgas=143222883 bps=38.17 tps=5908 mgps=576.2 avgBps=79.93 avgTps=9094 avgMGps=666.0 elapsed=2d11h43m
Aug 21 04:56:24 nimbus-eth1-mainnet-long-benchmark[2924939]: INF 2026-08-21 04:56:24.234+00:00 Imported blocks                            blockNumber=17195009 slot=6372722 blocks=17195008 txs=1956852793 mgas=143346470 bps=40.09 tps=6528 mgps=604.8 avgBps=79.89 avgTps=9091 avgMGps=666.0 elapsed=2d11h47m
Aug 21 04:59:35 nimbus-eth1-mainnet-long-benchmark[2924939]: INF 2026-08-21 04:59:35.047+00:00 Imported blocks                            blockNumber=17203201 slot=6381005 blocks=17203200 txs=1958228458 mgas=143469796 bps=42.93 tps=7209 mgps=646.3 avgBps=79.86 avgTps=9089 avgMGps=666.0 elapsed=2d11h50m
Aug 21 05:02:54 nimbus-eth1-mainnet-long-benchmark[2924939]: INF 2026-08-21 05:02:54.196+00:00 Imported blocks                            blockNumber=17211393 slot=6389309 blocks=17211392 txs=1959497817 mgas=143593285 bps=41.14 tps=6373 mgps=620.1 avgBps=79.82 avgTps=9087 avgMGps=665.9 elapsed=2d11h53m
Aug 21 05:06:19 nimbus-eth1-mainnet-long-benchmark[2924939]: INF 2026-08-21 05:06:19.893+00:00 Imported blocks                            blockNumber=17219585 slot=6397595 blocks=17219584 txs=1960813962 mgas=143716683 bps=39.83 tps=6398 mgps=599.9 avgBps=79.78 avgTps=9084 avgMGps=665.9 elapsed=2d11h57m
Aug 21 05:09:50 nimbus-eth1-mainnet-long-benchmark[2924939]: INF 2026-08-21 05:09:50.533+00:00 Imported blocks                            blockNumber=17227777 slot=6405886 blocks=17227776 txs=1962095564 mgas=143840209 bps=38.89 tps=6084 mgps=586.4 avgBps=79.74 avgTps=9081 avgMGps=665.8 elapsed=2d12h44s
Aug 21 05:13:32 nimbus-eth1-mainnet-long-benchmark[2924939]: INF 2026-08-21 05:13:32.110+00:00 Imported blocks                            blockNumber=17235969 slot=6414187 blocks=17235968 txs=1963351944 mgas=143963795 bps=36.97 tps=5670 mgps=557.8 avgBps=79.70 avgTps=9078 avgMGps=665.7 elapsed=2d12h4m
Aug 21 05:17:09 nimbus-eth1-mainnet-long-benchmark[2924939]: INF 2026-08-21 05:17:09.442+00:00 Imported blocks                            blockNumber=17244161 slot=6422571 blocks=17244160 txs=1964617603 mgas=144087368 bps=37.69 tps=5823 mgps=568.6 avgBps=79.66 avgTps=9075 avgMGps=665.6 elapsed=2d12h8m
Aug 21 05:21:03 nimbus-eth1-mainnet-long-benchmark[2924939]: INF 2026-08-21 05:21:03.326+00:00 Imported blocks                            blockNumber=17252353 slot=6431060 blocks=17252352 txs=1965845362 mgas=144211039 bps=35.03 tps=5249 mgps=528.8 avgBps=79.61 avgTps=9071 avgMGps=665.4 elapsed=2d12h11m
Aug 21 05:25:34 nimbus-eth1-mainnet-long-benchmark[2924939]: INF 2026-08-21 05:25:34.562+00:00 Imported blocks                            blockNumber=17260545 slot=6439423 blocks=17260544 txs=1966989223 mgas=144335015 bps=30.20 tps=4217 mgps=457.1 avgBps=79.55 avgTps=9064 avgMGps=665.2 elapsed=2d12h16m
Aug 21 05:29:44 nimbus-eth1-mainnet-long-benchmark[2924939]: INF 2026-08-21 05:29:44.102+00:00 Imported blocks                            blockNumber=17268737 slot=6447756 blocks=17268736 txs=1968237199 mgas=144458705 bps=32.83 tps=5001 mgps=495.7 avgBps=79.49 avgTps=9060 avgMGps=665.0 elapsed=2d12h20m
Aug 21 05:33:50 nimbus-eth1-mainnet-long-benchmark[2924939]: INF 2026-08-21 05:33:50.498+00:00 Imported blocks                            blockNumber=17276929 slot=6456078 blocks=17276928 txs=1969463053 mgas=144582404 bps=33.25 tps=4975 mgps=502.0 avgBps=79.44 avgTps=9055 avgMGps=664.8 elapsed=2d12h24m
Aug 21 05:38:34 nimbus-eth1-mainnet-long-benchmark[2924939]: INF 2026-08-21 05:38:34.369+00:00 Imported blocks                            blockNumber=17285121 slot=6464411 blocks=17285120 txs=1970663127 mgas=144706091 bps=28.86 tps=4227 mgps=435.7 avgBps=79.37 avgTps=9049 avgMGps=664.5 elapsed=2d12h29m
Aug 21 05:42:38 nimbus-eth1-mainnet-long-benchmark[2924939]: INF 2026-08-21 05:42:38.798+00:00 Imported blocks                            blockNumber=17293313 slot=6472712 blocks=17293312 txs=1971898713 mgas=144829702 bps=33.52 tps=5055 mgps=505.7 avgBps=79.32 avgTps=9044 avgMGps=664.3 elapsed=2d12h33m
Aug 21 05:46:45 nimbus-eth1-mainnet-long-benchmark[2924939]: INF 2026-08-21 05:46:45.810+00:00 Imported blocks                            blockNumber=17301505 slot=6481018 blocks=17301504 txs=1973143438 mgas=144953512 bps=33.16 tps=5039 mgps=501.2 avgBps=79.27 avgTps=9040 avgMGps=664.1 elapsed=2d12h37m
Aug 21 05:51:09 nimbus-eth1-mainnet-long-benchmark[2924939]: INF 2026-08-21 05:51:09.505+00:00 Imported blocks                            blockNumber=17309697 slot=6489326 blocks=17309696 txs=1974320197 mgas=145077461 bps=31.07 tps=4462 mgps=470.0 avgBps=79.21 avgTps=9034 avgMGps=663.9 elapsed=2d12h42m
Aug 21 05:55:23 nimbus-eth1-mainnet-long-benchmark[2924939]: INF 2026-08-21 05:55:23.625+00:00 Imported blocks                            blockNumber=17317889 slot=6497627 blocks=17317888 txs=1975544233 mgas=145200997 bps=32.24 tps=4816 mgps=486.1 avgBps=79.16 avgTps=9029 avgMGps=663.7 elapsed=2d12h46m
Aug 21 05:59:13 nimbus-eth1-mainnet-long-benchmark[2924939]: INF 2026-08-21 05:59:13.389+00:00 Imported blocks                            blockNumber=17326081 slot=6505936 blocks=17326080 txs=1976815718 mgas=145324563 bps=35.65 tps=5533 mgps=537.8 avgBps=79.11 avgTps=9026 avgMGps=663.6 elapsed=2d12h50m
Aug 21 06:03:24 nimbus-eth1-mainnet-long-benchmark[2924939]: INF 2026-08-21 06:03:24.213+00:00 Imported blocks                            blockNumber=17334273 slot=6514227 blocks=17334272 txs=1978029482 mgas=145448174 bps=32.66 tps=4839 mgps=492.8 avgBps=79.06 avgTps=9021 avgMGps=663.4 elapsed=2d12h54m
Aug 21 06:07:28 nimbus-eth1-mainnet-long-benchmark[2924939]: INF 2026-08-21 06:07:28.589+00:00 Imported blocks                            blockNumber=17342465 slot=6522521 blocks=17342464 txs=1979249515 mgas=145571734 bps=33.52 tps=4992 mgps=505.6 avgBps=79.01 avgTps=9016 avgMGps=663.2 elapsed=2d12h58m
Aug 21 06:12:04 nimbus-eth1-mainnet-long-benchmark[2924939]: INF 2026-08-21 06:12:04.829+00:00 Imported blocks                            blockNumber=17350657 slot=6530810 blocks=17350656 txs=1980440407 mgas=145695440 bps=29.66 tps=4311 mgps=447.8 avgBps=78.95 avgTps=9011 avgMGps=662.9 elapsed=2d13h2m
Aug 21 06:16:32 nimbus-eth1-mainnet-long-benchmark[2924939]: INF 2026-08-21 06:16:32.369+00:00 Imported blocks                            blockNumber=17358849 slot=6539086 blocks=17358848 txs=1981537589 mgas=145819418 bps=30.62 tps=4100 mgps=463.4 avgBps=78.89 avgTps=9005 avgMGps=662.7 elapsed=2d13h7m
Aug 21 06:20:33 nimbus-eth1-mainnet-long-benchmark[2924939]: INF 2026-08-21 06:20:33.569+00:00 Imported blocks                            blockNumber=17367041 slot=6547367 blocks=17367040 txs=1982770194 mgas=145942944 bps=33.96 tps=5110 mgps=512.1 avgBps=78.84 avgTps=9000 avgMGps=662.5 elapsed=2d13h11m
Aug 21 06:24:26 nimbus-eth1-mainnet-long-benchmark[2924939]: INF 2026-08-21 06:24:26.725+00:00 Imported blocks                            blockNumber=17375233 slot=6555668 blocks=17375232 txs=1984125641 mgas=146066496 bps=35.14 tps=5813 mgps=529.9 avgBps=78.79 avgTps=8997 avgMGps=662.4 elapsed=2d13h15m
Aug 21 06:28:37 nimbus-eth1-mainnet-long-benchmark[2924939]: INF 2026-08-21 06:28:37.909+00:00 Imported blocks                            blockNumber=17383425 slot=6563975 blocks=17383424 txs=1985382005 mgas=146190166 bps=32.61 tps=5001 mgps=492.4 avgBps=78.74 avgTps=8992 avgMGps=662.2 elapsed=2d13h19m
Aug 21 06:32:41 nimbus-eth1-mainnet-long-benchmark[2924939]: INF 2026-08-21 06:32:41.785+00:00 Imported blocks                            blockNumber=17391617 slot=6572280 blocks=17391616 txs=1986609346 mgas=146313767 bps=33.59 tps=5032 mgps=506.8 avgBps=78.69 avgTps=8988 avgMGps=662.0 elapsed=2d13h23m
Aug 21 06:37:05 nimbus-eth1-mainnet-long-benchmark[2924939]: INF 2026-08-21 06:37:05.777+00:00 Imported blocks                            blockNumber=17399809 slot=6580587 blocks=17399808 txs=1987855824 mgas=146437565 bps=31.03 tps=4721 mgps=468.9 avgBps=78.63 avgTps=8983 avgMGps=661.8 elapsed=2d13h27m
Aug 21 06:41:47 nimbus-eth1-mainnet-long-benchmark[2924939]: INF 2026-08-21 06:41:47.160+00:00 Imported blocks                            blockNumber=17408001 slot=6588914 blocks=17408000 txs=1988978824 mgas=146561610 bps=29.11 tps=3990 mgps=440.8 avgBps=78.57 avgTps=8977 avgMGps=661.5 elapsed=2d13h32m
Aug 21 06:46:23 nimbus-eth1-mainnet-long-benchmark[2924939]: INF 2026-08-21 06:46:23.680+00:00 Imported blocks                            blockNumber=17416193 slot=6597245 blocks=17416192 txs=1990248730 mgas=146685353 bps=29.63 tps=4592 mgps=447.5 avgBps=78.51 avgTps=8971 avgMGps=661.2 elapsed=2d13h37m
Aug 21 06:50:51 nimbus-eth1-mainnet-long-benchmark[2924939]: INF 2026-08-21 06:50:51.647+00:00 Imported blocks                            blockNumber=17424385 slot=6605563 blocks=17424384 txs=1991539079 mgas=146808925 bps=30.57 tps=4815 mgps=461.1 avgBps=78.45 avgTps=8966 avgMGps=661.0 elapsed=2d13h41m
Aug 21 06:55:16 nimbus-eth1-mainnet-long-benchmark[2924939]: INF 2026-08-21 06:55:16.807+00:00 Imported blocks                            blockNumber=17432577 slot=6613884 blocks=17432576 txs=1992754693 mgas=146932902 bps=30.89 tps=4584 mgps=467.6 avgBps=78.39 avgTps=8961 avgMGps=660.8 elapsed=2d13h46m
Aug 21 06:59:26 nimbus-eth1-mainnet-long-benchmark[2924939]: INF 2026-08-21 06:59:26.527+00:00 Imported blocks                            blockNumber=17440769 slot=6622203 blocks=17440768 txs=1993896800 mgas=147057019 bps=32.80 tps=4573 mgps=497.0 avgBps=78.34 avgTps=8956 avgMGps=660.6 elapsed=2d13h50m
Aug 21 07:04:04 nimbus-eth1-mainnet-long-benchmark[2924939]: INF 2026-08-21 07:04:04.714+00:00 Imported blocks                            blockNumber=17448961 slot=6630518 blocks=17448960 txs=1995215020 mgas=147180854 bps=29.45 tps=4738 mgps=445.2 avgBps=78.28 avgTps=8951 avgMGps=660.3 elapsed=2d13h54m
Aug 21 07:08:43 nimbus-eth1-mainnet-long-benchmark[2924939]: INF 2026-08-21 07:08:43.594+00:00 Imported blocks                            blockNumber=17457153 slot=6638828 blocks=17457152 txs=1996586147 mgas=147305221 bps=29.37 tps=4916 mgps=446.0 avgBps=78.22 avgTps=8946 avgMGps=660.0 elapsed=2d13h59m
Aug 21 07:13:45 nimbus-eth1-mainnet-long-benchmark[2924939]: INF 2026-08-21 07:13:45.497+00:00 Imported blocks                            blockNumber=17465345 slot=6647132 blocks=17465344 txs=1997725387 mgas=147429506 bps=27.13 tps=3773 mgps=411.7 avgBps=78.15 avgTps=8939 avgMGps=659.7 elapsed=2d14h4m
Aug 21 07:18:22 nimbus-eth1-mainnet-long-benchmark[2924939]: INF 2026-08-21 07:18:22.661+00:00 Imported blocks                            blockNumber=17473537 slot=6655432 blocks=17473536 txs=1998843886 mgas=147553542 bps=29.56 tps=4035 mgps=447.5 avgBps=78.09 avgTps=8933 avgMGps=659.4 elapsed=2d14h9m
Aug 21 07:22:49 nimbus-eth1-mainnet-long-benchmark[2924939]: INF 2026-08-21 07:22:49.956+00:00 Imported blocks                            blockNumber=17481729 slot=6663738 blocks=17481728 txs=2000011122 mgas=147677516 bps=30.65 tps=4366 mgps=463.8 avgBps=78.04 avgTps=8927 avgMGps=659.2 elapsed=2d14h13m
Aug 21 07:27:24 nimbus-eth1-mainnet-long-benchmark[2924939]: INF 2026-08-21 07:27:24.268+00:00 Imported blocks                            blockNumber=17489921 slot=6672036 blocks=17489920 txs=2001280327 mgas=147801230 bps=29.86 tps=4626 mgps=451.0 avgBps=77.98 avgTps=8922 avgMGps=659.0 elapsed=2d14h18m
Aug 21 07:31:55 nimbus-eth1-mainnet-long-benchmark[2924939]: INF 2026-08-21 07:31:55.555+00:00 Imported blocks                            blockNumber=17498113 slot=6680314 blocks=17498112 txs=2002558556 mgas=147925012 bps=30.20 tps=4711 mgps=456.3 avgBps=77.92 avgTps=8917 avgMGps=658.7 elapsed=2d14h22m
Aug 21 07:36:29 nimbus-eth1-mainnet-long-benchmark[2924939]: INF 2026-08-21 07:36:29.379+00:00 Imported blocks                            blockNumber=17506305 slot=6688575 blocks=17506304 txs=2003656377 mgas=148049431 bps=29.92 tps=4009 mgps=454.4 avgBps=77.86 avgTps=8911 avgMGps=658.5 elapsed=2d14h27m
Aug 21 07:40:58 nimbus-eth1-mainnet-long-benchmark[2924939]: INF 2026-08-21 07:40:58.535+00:00 Imported blocks                            blockNumber=17514497 slot=6696852 blocks=17514496 txs=2004857046 mgas=148173772 bps=30.44 tps=4460 mgps=462.0 avgBps=77.80 avgTps=8906 avgMGps=658.2 elapsed=2d14h31m
Aug 21 07:45:05 nimbus-eth1-mainnet-long-benchmark[2924939]: INF 2026-08-21 07:45:05.043+00:00 Imported blocks                            blockNumber=17522689 slot=6705139 blocks=17522688 txs=2006101178 mgas=148297741 bps=33.23 tps=5046 mgps=502.9 avgBps=77.75 avgTps=8901 avgMGps=658.1 elapsed=2d14h35m
Aug 21 07:49:49 nimbus-eth1-mainnet-long-benchmark[2924939]: INF 2026-08-21 07:49:49.986+00:00 Imported blocks                            blockNumber=17530881 slot=6713412 blocks=17530880 txs=2007355876 mgas=148421543 bps=28.75 tps=4403 mgps=434.5 avgBps=77.69 avgTps=8896 avgMGps=657.8 elapsed=2d14h40m
Aug 21 07:54:06 nimbus-eth1-mainnet-long-benchmark[2924939]: INF 2026-08-21 07:54:06.642+00:00 Imported blocks                            blockNumber=17539073 slot=6721698 blocks=17539072 txs=2008558131 mgas=148545319 bps=31.92 tps=4684 mgps=482.3 avgBps=77.64 avgTps=8891 avgMGps=657.6 elapsed=2d14h45m
Aug 21 07:58:32 nimbus-eth1-mainnet-long-benchmark[2924939]: INF 2026-08-21 07:58:32.910+00:00 Imported blocks                            blockNumber=17547265 slot=6729991 blocks=17547264 txs=2009742017 mgas=148669427 bps=30.77 tps=4446 mgps=466.1 avgBps=77.59 avgTps=8886 avgMGps=657.3 elapsed=2d14h49m
Aug 21 08:03:15 nimbus-eth1-mainnet-long-benchmark[2924939]: INF 2026-08-21 08:03:15.097+00:00 Imported blocks                            blockNumber=17555457 slot=6738288 blocks=17555456 txs=2010884214 mgas=148793843 bps=29.03 tps=4047 mgps=440.9 avgBps=77.53 avgTps=8880 avgMGps=657.1 elapsed=2d14h54m
Aug 21 08:08:06 nimbus-eth1-mainnet-long-benchmark[2924939]: INF 2026-08-21 08:08:06.596+00:00 Imported blocks                            blockNumber=17563649 slot=6746591 blocks=17563648 txs=2011978876 mgas=148918234 bps=28.10 tps=3755 mgps=426.7 avgBps=77.46 avgTps=8873 avgMGps=656.8 elapsed=2d14h59m
Aug 21 08:12:49 nimbus-eth1-mainnet-long-benchmark[2924939]: INF 2026-08-21 08:12:49.488+00:00 Imported blocks                            blockNumber=17571841 slot=6754910 blocks=17571840 txs=2013222471 mgas=149042246 bps=28.96 tps=4396 mgps=438.4 avgBps=77.40 avgTps=8867 avgMGps=656.5 elapsed=2d15h3m
Aug 21 08:17:15 nimbus-eth1-mainnet-long-benchmark[2924939]: INF 2026-08-21 08:17:15.820+00:00 Imported blocks                            blockNumber=17580033 slot=6763173 blocks=17580032 txs=2014468609 mgas=149165903 bps=30.76 tps=4678 mgps=464.3 avgBps=77.35 avgTps=8863 avgMGps=656.3 elapsed=2d15h8m
Aug 21 08:21:35 nimbus-eth1-mainnet-long-benchmark[2924939]: INF 2026-08-21 08:21:35.947+00:00 Imported blocks                            blockNumber=17588225 slot=6771437 blocks=17588224 txs=2015689382 mgas=149289503 bps=31.49 tps=4692 mgps=475.2 avgBps=77.29 avgTps=8858 avgMGps=656.1 elapsed=2d15h12m
Aug 21 08:25:43 nimbus-eth1-mainnet-long-benchmark[2924939]: INF 2026-08-21 08:25:43.731+00:00 Imported blocks                            blockNumber=17596417 slot=6779714 blocks=17596416 txs=2016974577 mgas=149413093 bps=33.06 tps=5186 mgps=498.8 avgBps=77.25 avgTps=8854 avgMGps=655.9 elapsed=2d15h16m
Aug 21 08:30:22 nimbus-eth1-mainnet-long-benchmark[2924939]: INF 2026-08-21 08:30:22.291+00:00 Imported blocks                            blockNumber=17604609 slot=6788002 blocks=17604608 txs=2018102021 mgas=149537055 bps=29.41 tps=4047 mgps=445.0 avgBps=77.19 avgTps=8848 avgMGps=655.6 elapsed=2d15h21m
Aug 21 08:35:08 nimbus-eth1-mainnet-long-benchmark[2924939]: INF 2026-08-21 08:35:08.346+00:00 Imported blocks                            blockNumber=17612801 slot=6796294 blocks=17612800 txs=2019210852 mgas=149661106 bps=28.64 tps=3876 mgps=433.7 avgBps=77.13 avgTps=8842 avgMGps=655.4 elapsed=2d15h26m
Aug 21 08:39:57 nimbus-eth1-mainnet-long-benchmark[2924939]: INF 2026-08-21 08:39:57.722+00:00 Imported blocks                            blockNumber=17620993 slot=6804576 blocks=17620992 txs=2020429344 mgas=149784883 bps=28.31 tps=4210 mgps=427.7 avgBps=77.06 avgTps=8836 avgMGps=655.1 elapsed=2d15h30m
Aug 21 08:43:23 nimbus-eth1-mainnet-long-benchmark[2924939]: INF 2026-08-21 08:43:23.786+00:00 Imported blocks                            blockNumber=17629185 slot=6812859 blocks=17629184 txs=2021323822 mgas=149910200 bps=39.75 tps=4340 mgps=608.1 avgBps=77.03 avgTps=8832 avgMGps=655.0 elapsed=2d15h34m
Aug 21 08:46:51 nimbus-eth1-mainnet-long-benchmark[2924939]: INF 2026-08-21 08:46:51.555+00:00 Imported blocks                            blockNumber=17637377 slot=6821141 blocks=17637376 txs=2022333406 mgas=150034720 bps=39.43 tps=4859 mgps=599.3 avgBps=77.00 avgTps=8828 avgMGps=655.0 elapsed=2d15h37m
Aug 21 08:51:15 nimbus-eth1-mainnet-long-benchmark[2924939]: INF 2026-08-21 08:51:15.227+00:00 Imported blocks                            blockNumber=17645569 slot=6829423 blocks=17645568 txs=2023522010 mgas=150158260 bps=31.07 tps=4507 mgps=468.5 avgBps=76.94 avgTps=8823 avgMGps=654.8 elapsed=2d15h42m
Aug 21 08:55:49 nimbus-eth1-mainnet-long-benchmark[2924939]: INF 2026-08-21 08:55:49.258+00:00 Imported blocks                            blockNumber=17653761 slot=6837721 blocks=17653760 txs=2024667582 mgas=150281996 bps=29.89 tps=4180 mgps=451.5 avgBps=76.89 avgTps=8818 avgMGps=654.5 elapsed=2d15h46m
Aug 21 09:00:31 nimbus-eth1-mainnet-long-benchmark[2924939]: INF 2026-08-21 09:00:31.238+00:00 Imported blocks                            blockNumber=17661953 slot=6846009 blocks=17661952 txs=2025789340 mgas=150405819 bps=29.05 tps=3978 mgps=439.1 avgBps=76.83 avgTps=8812 avgMGps=654.3 elapsed=2d15h51m
Aug 21 09:05:14 nimbus-eth1-mainnet-long-benchmark[2924939]: INF 2026-08-21 09:05:14.153+00:00 Imported blocks                            blockNumber=17670145 slot=6854313 blocks=17670144 txs=2027045692 mgas=150529499 bps=28.96 tps=4440 mgps=437.2 avgBps=76.77 avgTps=8806 avgMGps=654.0 elapsed=2d15h56m
Aug 21 09:10:05 nimbus-eth1-mainnet-long-benchmark[2924939]: INF 2026-08-21 09:10:05.353+00:00 Imported blocks                            blockNumber=17678337 slot=6862607 blocks=17678336 txs=2028270682 mgas=150653316 bps=28.13 tps=4206 mgps=425.2 avgBps=76.71 avgTps=8801 avgMGps=653.7 elapsed=2d16h58s
Aug 21 09:14:29 nimbus-eth1-mainnet-long-benchmark[2924939]: INF 2026-08-21 09:14:29.712+00:00 Imported blocks                            blockNumber=17686529 slot=6870912 blocks=17686528 txs=2029535396 mgas=150776970 bps=30.99 tps=4784 mgps=467.7 avgBps=76.66 avgTps=8796 avgMGps=653.5 elapsed=2d16h5m
Aug 21 09:19:28 nimbus-eth1-mainnet-long-benchmark[2924939]: INF 2026-08-21 09:19:27.996+00:00 Imported blocks                            blockNumber=17694721 slot=6879202 blocks=17694720 txs=2030823061 mgas=150900379 bps=27.46 tps=4316 mgps=413.7 avgBps=76.59 avgTps=8790 avgMGps=653.2 elapsed=2d16h10m
Aug 21 09:24:19 nimbus-eth1-mainnet-long-benchmark[2924939]: INF 2026-08-21 09:24:19.947+00:00 Imported blocks                            blockNumber=17702913 slot=6887554 blocks=17702912 txs=2031921273 mgas=151024371 bps=28.06 tps=3761 mgps=424.7 avgBps=76.53 avgTps=8784 avgMGps=652.9 elapsed=2d16h15m
Aug 21 09:29:31 nimbus-eth1-mainnet-long-benchmark[2924939]: INF 2026-08-21 09:29:31.254+00:00 Imported blocks                            blockNumber=17711105 slot=6895845 blocks=17711104 txs=2033029531 mgas=151148159 bps=26.32 tps=3560 mgps=397.6 avgBps=76.46 avgTps=8777 avgMGps=652.6 elapsed=2d16h20m
Aug 21 09:34:24 nimbus-eth1-mainnet-long-benchmark[2924939]: INF 2026-08-21 09:34:24.841+00:00 Imported blocks                            blockNumber=17719297 slot=6904113 blocks=17719296 txs=2034262383 mgas=151271852 bps=27.90 tps=4199 mgps=421.3 avgBps=76.40 avgTps=8771 avgMGps=652.3 elapsed=2d16h25m
Aug 21 09:38:41 nimbus-eth1-mainnet-long-benchmark[2924939]: INF 2026-08-21 09:38:41.217+00:00 Imported blocks                            blockNumber=17727489 slot=6912402 blocks=17727488 txs=2035598343 mgas=151395325 bps=31.95 tps=5210 mgps=481.6 avgBps=76.35 avgTps=8767 avgMGps=652.1 elapsed=2d16h29m
Aug 21 09:43:21 nimbus-eth1-mainnet-long-benchmark[2924939]: INF 2026-08-21 09:43:21.917+00:00 Imported blocks                            blockNumber=17735681 slot=6920655 blocks=17735680 txs=2036811500 mgas=151518904 bps=29.18 tps=4321 mgps=440.3 avgBps=76.30 avgTps=8762 avgMGps=651.8 elapsed=2d16h34m
Aug 21 09:47:58 nimbus-eth1-mainnet-long-benchmark[2924939]: INF 2026-08-21 09:47:58.408+00:00 Imported blocks                            blockNumber=17743873 slot=6928910 blocks=17743872 txs=2038089073 mgas=151642498 bps=29.63 tps=4620 mgps=447.0 avgBps=76.24 avgTps=8757 avgMGps=651.6 elapsed=2d16h38m
Aug 21 09:52:32 nimbus-eth1-mainnet-long-benchmark[2924939]: INF 2026-08-21 09:52:32.468+00:00 Imported blocks                            blockNumber=17752065 slot=6937162 blocks=17752064 txs=2039243929 mgas=151765938 bps=29.89 tps=4213 mgps=450.4 avgBps=76.19 avgTps=8751 avgMGps=651.3 elapsed=2d16h43m
Aug 21 09:57:46 nimbus-eth1-mainnet-long-benchmark[2924939]: INF 2026-08-21 09:57:46.331+00:00 Imported blocks                            blockNumber=17760257 slot=6945412 blocks=17760256 txs=2040366899 mgas=151889663 bps=26.10 tps=3577 mgps=394.2 avgBps=76.12 avgTps=8744 avgMGps=651.0 elapsed=2d16h48m
Aug 21 10:02:57 nimbus-eth1-mainnet-long-benchmark[2924939]: INF 2026-08-21 10:02:57.298+00:00 Imported blocks                            blockNumber=17768449 slot=6953662 blocks=17768448 txs=2041533617 mgas=152013251 bps=26.34 tps=3751 mgps=397.4 avgBps=76.05 avgTps=8738 avgMGps=650.7 elapsed=2d16h53m
Aug 21 10:08:34 nimbus-eth1-mainnet-long-benchmark[2924939]: INF 2026-08-21 10:08:34.992+00:00 Imported blocks                            blockNumber=17776641 slot=6961925 blocks=17776640 txs=2042703023 mgas=152136905 bps=24.26 tps=3462 mgps=366.2 avgBps=75.98 avgTps=8730 avgMGps=650.2 elapsed=2d16h59m
Aug 21 10:14:29 nimbus-eth1-mainnet-long-benchmark[2924939]: INF 2026-08-21 10:14:29.623+00:00 Imported blocks                            blockNumber=17784833 slot=6970175 blocks=17784832 txs=2043855306 mgas=152260510 bps=23.10 tps=3249 mgps=348.5 avgBps=75.90 avgTps=8722 avgMGps=649.8 elapsed=2d17h5m
Aug 21 10:19:12 nimbus-eth1-mainnet-long-benchmark[2924939]: INF 2026-08-21 10:19:12.706+00:00 Imported blocks                            blockNumber=17793025 slot=6978424 blocks=17793024 txs=2045025916 mgas=152384111 bps=28.94 tps=4135 mgps=436.6 avgBps=75.84 avgTps=8716 avgMGps=649.5 elapsed=2d17h10m
Aug 21 10:24:45 nimbus-eth1-mainnet-long-benchmark[2924939]: INF 2026-08-21 10:24:45.601+00:00 Imported blocks                            blockNumber=17801217 slot=6986678 blocks=17801216 txs=2046155994 mgas=152507660 bps=24.61 tps=3394 mgps=371.1 avgBps=75.77 avgTps=8709 avgMGps=649.1 elapsed=2d17h15m
Aug 21 10:32:01 nimbus-eth1-mainnet-long-benchmark[2924939]: INF 2026-08-21 10:32:01.842+00:00 Imported blocks                            blockNumber=17809409 slot=6994934 blocks=17809408 txs=2047286409 mgas=152631387 bps=18.78 tps=2591 mgps=283.6 avgBps=75.66 avgTps=8697 avgMGps=648.5 elapsed=2d17h22m
Aug 21 10:37:37 nimbus-eth1-mainnet-long-benchmark[2924939]: INF 2026-08-21 10:37:37.456+00:00 Imported blocks                            blockNumber=17817601 slot=7003174 blocks=17817600 txs=2048477603 mgas=152755081 bps=24.41 tps=3549 mgps=368.6 avgBps=75.59 avgTps=8690 avgMGps=648.1 elapsed=2d17h28m
Aug 21 10:42:59 nimbus-eth1-mainnet-long-benchmark[2924939]: INF 2026-08-21 10:42:59.523+00:00 Imported blocks                            blockNumber=17825793 slot=7011410 blocks=17825792 txs=2049697138 mgas=152878639 bps=25.44 tps=3786 mgps=383.6 avgBps=75.52 avgTps=8683 avgMGps=647.7 elapsed=2d17h33m
Aug 21 10:48:06 nimbus-eth1-mainnet-long-benchmark[2924939]: INF 2026-08-21 10:48:06.094+00:00 Imported blocks                            blockNumber=17833985 slot=7019652 blocks=17833984 txs=2050902056 mgas=153002214 bps=26.72 tps=3930 mgps=403.1 avgBps=75.46 avgTps=8677 avgMGps=647.4 elapsed=2d17h38m
Aug 21 10:53:06 nimbus-eth1-mainnet-long-benchmark[2924939]: INF 2026-08-21 10:53:06.045+00:00 Imported blocks                            blockNumber=17842177 slot=7027902 blocks=17842176 txs=2052138376 mgas=153125904 bps=27.31 tps=4121 mgps=412.4 avgBps=75.40 avgTps=8672 avgMGps=647.1 elapsed=2d17h43m
Aug 21 10:58:05 nimbus-eth1-mainnet-long-benchmark[2924939]: INF 2026-08-21 10:58:05.208+00:00 Imported blocks                            blockNumber=17850369 slot=7036151 blocks=17850368 txs=2053403722 mgas=153249462 bps=27.38 tps=4229 mgps=413.0 avgBps=75.34 avgTps=8666 avgMGps=646.8 elapsed=2d17h48m
Aug 21 11:03:34 nimbus-eth1-mainnet-long-benchmark[2924939]: INF 2026-08-21 11:03:34.303+00:00 Imported blocks                            blockNumber=17858561 slot=7044407 blocks=17858560 txs=2054561218 mgas=153373392 bps=24.89 tps=3517 mgps=376.6 avgBps=75.27 avgTps=8659 avgMGps=646.4 elapsed=2d17h54m
Aug 21 11:08:29 nimbus-eth1-mainnet-long-benchmark[2924939]: INF 2026-08-21 11:08:29.730+00:00 Imported blocks                            blockNumber=17866753 slot=7052664 blocks=17866752 txs=2055745169 mgas=153497051 bps=27.73 tps=4007 mgps=418.6 avgBps=75.21 avgTps=8653 avgMGps=646.1 elapsed=2d17h59m
Aug 21 11:13:22 nimbus-eth1-mainnet-long-benchmark[2924939]: INF 2026-08-21 11:13:22.290+00:00 Imported blocks                            blockNumber=17874945 slot=7060922 blocks=17874944 txs=2057023576 mgas=153620694 bps=28.00 tps=4369 mgps=422.6 avgBps=75.15 avgTps=8648 avgMGps=645.9 elapsed=2d18h4m
Aug 21 11:18:06 nimbus-eth1-mainnet-long-benchmark[2924939]: INF 2026-08-21 11:18:06.001+00:00 Imported blocks                            blockNumber=17883137 slot=7069180 blocks=17883136 txs=2058222775 mgas=153744263 bps=28.87 tps=4226 mgps=435.5 avgBps=75.10 avgTps=8642 avgMGps=645.6 elapsed=2d18h8m
Aug 21 11:22:53 nimbus-eth1-mainnet-long-benchmark[2924939]: INF 2026-08-21 11:22:53.501+00:00 Imported blocks                            blockNumber=17891329 slot=7077424 blocks=17891328 txs=2059426823 mgas=153867834 bps=28.49 tps=4187 mgps=429.8 avgBps=75.04 avgTps=8637 avgMGps=645.3 elapsed=2d18h13m
Aug 21 11:27:37 nimbus-eth1-mainnet-long-benchmark[2924939]: INF 2026-08-21 11:27:37.928+00:00 Imported blocks                            blockNumber=17899521 slot=7085686 blocks=17899520 txs=2060576293 mgas=153991540 bps=28.80 tps=4041 mgps=434.9 avgBps=74.98 avgTps=8632 avgMGps=645.1 elapsed=2d18h18m
Aug 21 11:32:33 nimbus-eth1-mainnet-long-benchmark[2924939]: INF 2026-08-21 11:32:33.303+00:00 Imported blocks                            blockNumber=17907713 slot=7093924 blocks=17907712 txs=2061645723 mgas=154115478 bps=27.73 tps=3620 mgps=419.6 avgBps=74.93 avgTps=8625 avgMGps=644.8 elapsed=2d18h23m
Aug 21 11:37:30 nimbus-eth1-mainnet-long-benchmark[2924939]: INF 2026-08-21 11:37:30.078+00:00 Imported blocks                            blockNumber=17915905 slot=7102175 blocks=17915904 txs=2062791664 mgas=154239167 bps=27.60 tps=3861 mgps=416.8 avgBps=74.87 avgTps=8619 avgMGps=644.5 elapsed=2d18h28m
Aug 21 11:41:46 nimbus-eth1-mainnet-long-benchmark[2924939]: INF 2026-08-21 11:41:46.938+00:00 Imported blocks                            blockNumber=17924097 slot=7110423 blocks=17924096 txs=2063991310 mgas=154362682 bps=31.89 tps=4670 mgps=480.9 avgBps=74.82 avgTps=8615 avgMGps=644.4 elapsed=2d18h32m
Aug 21 11:46:30 nimbus-eth1-mainnet-long-benchmark[2924939]: INF 2026-08-21 11:46:30.110+00:00 Imported blocks                            blockNumber=17932289 slot=7118675 blocks=17932288 txs=2065212442 mgas=154486196 bps=28.93 tps=4312 mgps=436.2 avgBps=74.77 avgTps=8610 avgMGps=644.1 elapsed=2d18h37m
Aug 21 11:50:59 nimbus-eth1-mainnet-long-benchmark[2924939]: INF 2026-08-21 11:50:59.721+00:00 Imported blocks                            blockNumber=17940481 slot=7126933 blocks=17940480 txs=2066443515 mgas=154609755 bps=30.38 tps=4566 mgps=458.3 avgBps=74.72 avgTps=8606 avgMGps=643.9 elapsed=2d18h41m
Aug 21 11:55:56 nimbus-eth1-mainnet-long-benchmark[2924939]: INF 2026-08-21 11:55:56.585+00:00 Imported blocks                            blockNumber=17948673 slot=7135190 blocks=17948672 txs=2067692409 mgas=154733379 bps=27.60 tps=4206 mgps=416.4 avgBps=74.66 avgTps=8600 avgMGps=643.6 elapsed=2d18h46m
Aug 21 12:00:52 nimbus-eth1-mainnet-long-benchmark[2924939]: INF 2026-08-21 12:00:52.136+00:00 Imported blocks                            blockNumber=17956865 slot=7143454 blocks=17956864 txs=2068792056 mgas=154857268 bps=27.72 tps=3720 mgps=419.2 avgBps=74.60 avgTps=8594 avgMGps=643.3 elapsed=2d18h51m
Aug 21 12:05:48 nimbus-eth1-mainnet-long-benchmark[2924939]: INF 2026-08-21 12:05:48.323+00:00 Imported blocks                            blockNumber=17965057 slot=7151711 blocks=17965056 txs=2069949467 mgas=154980906 bps=27.66 tps=3907 mgps=417.4 avgBps=74.54 avgTps=8588 avgMGps=643.1 elapsed=2d18h56m
Aug 21 12:10:35 nimbus-eth1-mainnet-long-benchmark[2924939]: INF 2026-08-21 12:10:35.827+00:00 Imported blocks                            blockNumber=17973249 slot=7159953 blocks=17973248 txs=2071131106 mgas=155104484 bps=28.49 tps=4110 mgps=429.8 avgBps=74.49 avgTps=8583 avgMGps=642.8 elapsed=2d19h1m
Aug 21 12:15:20 nimbus-eth1-mainnet-long-benchmark[2924939]: INF 2026-08-21 12:15:20.962+00:00 Imported blocks                            blockNumber=17981441 slot=7168195 blocks=17981440 txs=2072319886 mgas=155227911 bps=28.73 tps=4169 mgps=432.9 avgBps=74.43 avgTps=8578 avgMGps=642.6 elapsed=2d19h6m
Aug 21 12:20:06 nimbus-eth1-mainnet-long-benchmark[2924939]: INF 2026-08-21 12:20:06.509+00:00 Imported blocks                            blockNumber=17989633 slot=7176448 blocks=17989632 txs=2073520122 mgas=155351502 bps=28.69 tps=4203 mgps=432.8 avgBps=74.38 avgTps=8573 avgMGps=642.3 elapsed=2d19h11m
Aug 21 12:24:55 nimbus-eth1-mainnet-long-benchmark[2924939]: INF 2026-08-21 12:24:55.753+00:00 Imported blocks                            blockNumber=17997825 slot=7184717 blocks=17997824 txs=2074697917 mgas=155475068 bps=28.32 tps=4072 mgps=427.2 avgBps=74.33 avgTps=8567 avgMGps=642.1 elapsed=2d19h15m
Aug 21 12:30:22 nimbus-eth1-mainnet-long-benchmark[2924939]: INF 2026-08-21 12:30:22.963+00:00 Imported blocks                            blockNumber=18006017 slot=7192955 blocks=18006016 txs=2075765432 mgas=155599048 bps=25.04 tps=3262 mgps=378.9 avgBps=74.26 avgTps=8560 avgMGps=641.7 elapsed=2d19h21m
Aug 21 12:35:25 nimbus-eth1-mainnet-long-benchmark[2924939]: INF 2026-08-21 12:35:25.051+00:00 Imported blocks                            blockNumber=18014209 slot=7201216 blocks=18014208 txs=2076875571 mgas=155722925 bps=27.12 tps=3674 mgps=410.1 avgBps=74.20 avgTps=8554 avgMGps=641.4 elapsed=2d19h26m
Aug 21 12:40:06 nimbus-eth1-mainnet-long-benchmark[2924939]: INF 2026-08-21 12:40:06.174+00:00 Imported blocks                            blockNumber=18022401 slot=7209486 blocks=18022400 txs=2078048954 mgas=155846484 bps=29.14 tps=4173 mgps=439.5 avgBps=74.15 avgTps=8549 avgMGps=641.2 elapsed=2d19h30m
Aug 21 12:45:05 nimbus-eth1-mainnet-long-benchmark[2924939]: INF 2026-08-21 12:45:05.633+00:00 Imported blocks                            blockNumber=18030593 slot=7217747 blocks=18030592 txs=2079226010 mgas=155969992 bps=27.36 tps=3930 mgps=412.4 avgBps=74.09 avgTps=8543 avgMGps=640.9 elapsed=2d19h35m
Aug 21 12:49:59 nimbus-eth1-mainnet-long-benchmark[2924939]: INF 2026-08-21 12:49:59.737+00:00 Imported blocks                            blockNumber=18038785 slot=7226002 blocks=18038784 txs=2080377713 mgas=156093560 bps=27.85 tps=3915 mgps=420.2 avgBps=74.03 avgTps=8538 avgMGps=640.6 elapsed=2d19h40m
Aug 21 12:55:14 nimbus-eth1-mainnet-long-benchmark[2924939]: INF 2026-08-21 12:55:14.564+00:00 Imported blocks                            blockNumber=18046977 slot=7234267 blocks=18046976 txs=2081507154 mgas=156217456 bps=26.02 tps=3587 mgps=393.5 avgBps=73.97 avgTps=8531 avgMGps=640.3 elapsed=2d19h46m
Aug 21 13:00:31 nimbus-eth1-mainnet-long-benchmark[2924939]: INF 2026-08-21 13:00:31.026+00:00 Imported blocks                            blockNumber=18055169 slot=7242532 blocks=18055168 txs=2082719208 mgas=156341506 bps=25.89 tps=3830 mgps=392.0 avgBps=73.91 avgTps=8525 avgMGps=640.0 elapsed=2d19h51m
Aug 21 13:05:42 nimbus-eth1-mainnet-long-benchmark[2924939]: INF 2026-08-21 13:05:42.693+00:00 Imported blocks                            blockNumber=18063361 slot=7250786 blocks=18063360 txs=2083859821 mgas=156465218 bps=26.28 tps=3659 mgps=396.9 avgBps=73.85 avgTps=8519 avgMGps=639.7 elapsed=2d19h56m
Aug 21 13:10:48 nimbus-eth1-mainnet-long-benchmark[2924939]: INF 2026-08-21 13:10:48.165+00:00 Imported blocks                            blockNumber=18071553 slot=7259026 blocks=18071552 txs=2084967028 mgas=156589216 bps=26.82 tps=3624 mgps=405.9 avgBps=73.79 avgTps=8513 avgMGps=639.4 elapsed=2d20h1m
Aug 21 13:15:58 nimbus-eth1-mainnet-long-benchmark[2924939]: INF 2026-08-21 13:15:58.812+00:00 Imported blocks                            blockNumber=18079745 slot=7267303 blocks=18079744 txs=2086196249 mgas=156712793 bps=26.37 tps=3956 mgps=397.8 avgBps=73.73 avgTps=8507 avgMGps=639.1 elapsed=2d20h6m
Aug 21 13:21:02 nimbus-eth1-mainnet-long-benchmark[2924939]: INF 2026-08-21 13:21:02.631+00:00 Imported blocks                            blockNumber=18087937 slot=7275548 blocks=18087936 txs=2087355068 mgas=156836450 bps=26.96 tps=3814 mgps=407.0 avgBps=73.67 avgTps=8501 avgMGps=638.8 elapsed=2d20h11m
Aug 21 13:26:06 nimbus-eth1-mainnet-long-benchmark[2924939]: INF 2026-08-21 13:26:06.194+00:00 Imported blocks                            blockNumber=18096129 slot=7283810 blocks=18096128 txs=2088495155 mgas=156960164 bps=26.99 tps=3755 mgps=407.5 avgBps=73.62 avgTps=8496 avgMGps=638.5 elapsed=2d20h16m
Aug 21 13:31:23 nimbus-eth1-mainnet-long-benchmark[2924939]: INF 2026-08-21 13:31:23.745+00:00 Imported blocks                            blockNumber=18104321 slot=7292076 blocks=18104320 txs=2089530747 mgas=157084229 bps=25.80 tps=3261 mgps=390.7 avgBps=73.55 avgTps=8489 avgMGps=638.2 elapsed=2d20h22m
Aug 21 13:36:40 nimbus-eth1-mainnet-long-benchmark[2924939]: INF 2026-08-21 13:36:40.424+00:00 Imported blocks                            blockNumber=18112513 slot=7300337 blocks=18112512 txs=2090599202 mgas=157208354 bps=25.87 tps=3373 mgps=392.0 avgBps=73.49 avgTps=8482 avgMGps=637.9 elapsed=2d20h27m
Aug 21 13:42:13 nimbus-eth1-mainnet-long-benchmark[2924939]: INF 2026-08-21 13:42:13.326+00:00 Imported blocks                            blockNumber=18120705 slot=7308598 blocks=18120704 txs=2091830760 mgas=157332137 bps=24.61 tps=3699 mgps=371.8 avgBps=73.43 avgTps=8476 avgMGps=637.5 elapsed=2d20h33m
Aug 21 13:47:45 nimbus-eth1-mainnet-long-benchmark[2924939]: INF 2026-08-21 13:47:45.073+00:00 Imported blocks                            blockNumber=18128897 slot=7316868 blocks=18128896 txs=2093635465 mgas=157455944 bps=24.69 tps=5440 mgps=373.2 avgBps=73.36 avgTps=8472 avgMGps=637.2 elapsed=2d20h38m
Aug 21 13:52:27 nimbus-eth1-mainnet-long-benchmark[2924939]: INF 2026-08-21 13:52:27.792+00:00 Imported blocks                            blockNumber=18137089 slot=7325152 blocks=18137088 txs=2094856245 mgas=157579700 bps=28.98 tps=4317 mgps=437.7 avgBps=73.31 avgTps=8467 avgMGps=636.9 elapsed=2d20h43m
Aug 21 13:57:34 nimbus-eth1-mainnet-long-benchmark[2924939]: INF 2026-08-21 13:57:34.623+00:00 Imported blocks                            blockNumber=18145281 slot=7333463 blocks=18145280 txs=2096023505 mgas=157703175 bps=26.70 tps=3804 mgps=402.4 avgBps=73.25 avgTps=8461 avgMGps=636.6 elapsed=2d20h48m
Aug 21 14:02:56 nimbus-eth1-mainnet-long-benchmark[2924939]: INF 2026-08-21 14:02:56.118+00:00 Imported blocks                            blockNumber=18153473 slot=7341807 blocks=18153472 txs=2097064348 mgas=157827253 bps=25.48 tps=3237 mgps=385.9 avgBps=73.19 avgTps=8454 avgMGps=636.3 elapsed=2d20h53m
Aug 21 14:08:20 nimbus-eth1-mainnet-long-benchmark[2924939]: INF 2026-08-21 14:08:20.809+00:00 Imported blocks                            blockNumber=18161665 slot=7350157 blocks=18161664 txs=2098109700 mgas=157951329 bps=25.23 tps=3219 mgps=382.1 avgBps=73.13 avgTps=8448 avgMGps=636.0 elapsed=2d20h59m
Aug 21 14:13:45 nimbus-eth1-mainnet-long-benchmark[2924939]: INF 2026-08-21 14:13:45.396+00:00 Imported blocks                            blockNumber=18169857 slot=7358440 blocks=18169856 txs=2099265398 mgas=158075134 bps=25.24 tps=3560 mgps=381.4 avgBps=73.07 avgTps=8441 avgMGps=635.7 elapsed=2d21h4m
Aug 21 14:18:52 nimbus-eth1-mainnet-long-benchmark[2924939]: INF 2026-08-21 14:18:52.543+00:00 Imported blocks                            blockNumber=18178049 slot=7366694 blocks=18178048 txs=2100433427 mgas=158198872 bps=26.67 tps=3802 mgps=402.9 avgBps=73.01 avgTps=8435 avgMGps=635.4 elapsed=2d21h9m
Aug 21 14:24:04 nimbus-eth1-mainnet-long-benchmark[2924939]: INF 2026-08-21 14:24:04.062+00:00 Imported blocks                            blockNumber=18186241 slot=7374947 blocks=18186240 txs=2101720457 mgas=158322717 bps=26.30 tps=4131 mgps=397.6 avgBps=72.95 avgTps=8430 avgMGps=635.1 elapsed=2d21h14m
Aug 21 14:29:24 nimbus-eth1-mainnet-long-benchmark[2924939]: INF 2026-08-21 14:29:24.009+00:00 Imported blocks                            blockNumber=18194433 slot=7383221 blocks=18194432 txs=2102847004 mgas=158446430 bps=25.60 tps=3521 mgps=386.7 avgBps=72.89 avgTps=8424 avgMGps=634.8 elapsed=2d21h20m
Aug 21 14:34:53 nimbus-eth1-mainnet-long-benchmark[2924939]: INF 2026-08-21 14:34:53.175+00:00 Imported blocks                            blockNumber=18202625 slot=7391475 blocks=18202624 txs=2103834429 mgas=158570965 bps=24.89 tps=2999 mgps=378.3 avgBps=72.83 avgTps=8417 avgMGps=634.4 elapsed=2d21h25m
Aug 21 14:40:22 nimbus-eth1-mainnet-long-benchmark[2924939]: INF 2026-08-21 14:40:22.434+00:00 Imported blocks                            blockNumber=18210817 slot=7399742 blocks=18210816 txs=2104846730 mgas=158695197 bps=24.88 tps=3074 mgps=377.3 avgBps=72.76 avgTps=8410 avgMGps=634.1 elapsed=2d21h31m
Aug 21 14:45:27 nimbus-eth1-mainnet-long-benchmark[2924939]: INF 2026-08-21 14:45:27.449+00:00 Imported blocks                            blockNumber=18219009 slot=7407987 blocks=18219008 txs=2106006905 mgas=158819194 bps=26.86 tps=3803 mgps=406.5 avgBps=72.71 avgTps=8404 avgMGps=633.8 elapsed=2d21h36m
Aug 21 14:50:38 nimbus-eth1-mainnet-long-benchmark[2924939]: INF 2026-08-21 14:50:38.672+00:00 Imported blocks                            blockNumber=18227201 slot=7416247 blocks=18227200 txs=2107241601 mgas=158942696 bps=26.32 tps=3967 mgps=396.8 avgBps=72.65 avgTps=8398 avgMGps=633.5 elapsed=2d21h41m
Aug 21 14:55:43 nimbus-eth1-mainnet-long-benchmark[2924939]: INF 2026-08-21 14:55:43.323+00:00 Imported blocks                            blockNumber=18235393 slot=7424510 blocks=18235392 txs=2108433909 mgas=159066547 bps=26.89 tps=3913 mgps=406.5 avgBps=72.59 avgTps=8393 avgMGps=633.2 elapsed=2d21h46m
Aug 21 15:01:02 nimbus-eth1-mainnet-long-benchmark[2924939]: INF 2026-08-21 15:01:02.794+00:00 Imported blocks                            blockNumber=18243585 slot=7432769 blocks=18243584 txs=2109614990 mgas=159190187 bps=25.64 tps=3697 mgps=387.0 avgBps=72.53 avgTps=8387 avgMGps=632.9 elapsed=2d21h51m
Aug 21 15:06:32 nimbus-eth1-mainnet-long-benchmark[2924939]: INF 2026-08-21 15:06:32.469+00:00 Imported blocks                            blockNumber=18251777 slot=7441011 blocks=18251776 txs=2110737320 mgas=159313978 bps=24.85 tps=3404 mgps=375.5 avgBps=72.47 avgTps=8381 avgMGps=632.6 elapsed=2d21h57m
Aug 21 15:11:57 nimbus-eth1-mainnet-long-benchmark[2924939]: INF 2026-08-21 15:11:57.796+00:00 Imported blocks                            blockNumber=18259969 slot=7449248 blocks=18259968 txs=2111794461 mgas=159437984 bps=25.18 tps=3249 mgps=381.2 avgBps=72.41 avgTps=8374 avgMGps=632.3 elapsed=2d22h2m
Aug 21 15:17:05 nimbus-eth1-mainnet-long-benchmark[2924939]: INF 2026-08-21 15:17:05.511+00:00 Imported blocks                            blockNumber=18268161 slot=7457480 blocks=18268160 txs=2112944237 mgas=159561764 bps=26.62 tps=3736 mgps=402.3 avgBps=72.36 avgTps=8368 avgMGps=632.0 elapsed=2d22h7m
Aug 21 15:22:24 nimbus-eth1-mainnet-long-benchmark[2924939]: INF 2026-08-21 15:22:24.842+00:00 Imported blocks                            blockNumber=18276353 slot=7465732 blocks=18276352 txs=2114083159 mgas=159685589 bps=25.65 tps=3566 mgps=387.8 avgBps=72.30 avgTps=8362 avgMGps=631.7 elapsed=2d22h13m
Aug 21 15:27:44 nimbus-eth1-mainnet-long-benchmark[2924939]: INF 2026-08-21 15:27:44.288+00:00 Imported blocks                            blockNumber=18284545 slot=7473976 blocks=18284544 txs=2115199907 mgas=159809502 bps=25.64 tps=3495 mgps=387.9 avgBps=72.24 avgTps=8356 avgMGps=631.4 elapsed=2d22h18m
Aug 21 15:33:21 nimbus-eth1-mainnet-long-benchmark[2924939]: INF 2026-08-21 15:33:21.923+00:00 Imported blocks                            blockNumber=18292737 slot=7482227 blocks=18292736 txs=2116327705 mgas=159933514 bps=24.26 tps=3340 mgps=367.3 avgBps=72.17 avgTps=8349 avgMGps=631.0 elapsed=2d22h24m
Aug 21 15:39:17 nimbus-eth1-mainnet-long-benchmark[2924939]: INF 2026-08-21 15:39:17.609+00:00 Imported blocks                            blockNumber=18300929 slot=7490473 blocks=18300928 txs=2117494895 mgas=160057346 bps=23.03 tps=3281 mgps=348.2 avgBps=72.10 avgTps=8342 avgMGps=630.6 elapsed=2d22h30m
Aug 21 15:45:14 nimbus-eth1-mainnet-long-benchmark[2924939]: INF 2026-08-21 15:45:14.448+00:00 Imported blocks                            blockNumber=18309121 slot=7498722 blocks=18309120 txs=2118548315 mgas=160181470 bps=22.96 tps=2952 mgps=347.8 avgBps=72.04 avgTps=8335 avgMGps=630.2 elapsed=2d22h36m
Aug 21 15:51:09 nimbus-eth1-mainnet-long-benchmark[2924939]: INF 2026-08-21 15:51:09.582+00:00 Imported blocks                            blockNumber=18317313 slot=7506978 blocks=18317312 txs=2119681478 mgas=160305363 bps=23.07 tps=3190 mgps=348.9 avgBps=71.97 avgTps=8328 avgMGps=629.8 elapsed=2d22h42m
Aug 21 15:57:40 nimbus-eth1-mainnet-long-benchmark[2924939]: INF 2026-08-21 15:57:40.604+00:00 Imported blocks                            blockNumber=18325505 slot=7515227 blocks=18325504 txs=2120814013 mgas=160429327 bps=20.95 tps=2896 mgps=317.0 avgBps=71.89 avgTps=8319 avgMGps=629.3 elapsed=2d22h48m
Aug 21 16:03:40 nimbus-eth1-mainnet-long-benchmark[2924939]: INF 2026-08-21 16:03:40.886+00:00 Imported blocks                            blockNumber=18333697 slot=7523497 blocks=18333696 txs=2121988927 mgas=160553135 bps=22.74 tps=3261 mgps=343.6 avgBps=71.82 avgTps=8312 avgMGps=628.9 elapsed=2d22h54m
Aug 21 16:08:58 nimbus-eth1-mainnet-long-benchmark[2924939]: INF 2026-08-21 16:08:58.397+00:00 Imported blocks                            blockNumber=18341889 slot=7531758 blocks=18341888 txs=2123139659 mgas=160677144 bps=25.80 tps=3624 mgps=390.6 avgBps=71.76 avgTps=8306 avgMGps=628.6 elapsed=2d22h59m
Aug 21 16:14:34 nimbus-eth1-mainnet-long-benchmark[2924939]: INF 2026-08-21 16:14:34.231+00:00 Imported blocks                            blockNumber=18350081 slot=7540010 blocks=18350080 txs=2124235413 mgas=160801210 bps=24.39 tps=3262 mgps=369.4 avgBps=71.70 avgTps=8300 avgMGps=628.3 elapsed=2d23h5m
Aug 21 16:20:03 nimbus-eth1-mainnet-long-benchmark[2924939]: INF 2026-08-21 16:20:03.482+00:00 Imported blocks                            blockNumber=18358273 slot=7548250 blocks=18358272 txs=2125267339 mgas=160925503 bps=24.88 tps=3134 mgps=377.5 avgBps=71.64 avgTps=8293 avgMGps=628.0 elapsed=2d23h10m
Aug 21 16:25:11 nimbus-eth1-mainnet-long-benchmark[2924939]: INF 2026-08-21 16:25:11.349+00:00 Imported blocks                            blockNumber=18366465 slot=7556485 blocks=18366464 txs=2126437189 mgas=161049300 bps=26.61 tps=3799 mgps=402.1 avgBps=71.59 avgTps=8288 avgMGps=627.7 elapsed=2d23h16m
Aug 21 16:30:27 nimbus-eth1-mainnet-long-benchmark[2924939]: INF 2026-08-21 16:30:27.712+00:00 Imported blocks                            blockNumber=18374657 slot=7564737 blocks=18374656 txs=2127575074 mgas=161173063 bps=25.89 tps=3596 mgps=391.2 avgBps=71.53 avgTps=8282 avgMGps=627.4 elapsed=2d23h21m
Aug 21 16:35:42 nimbus-eth1-mainnet-long-benchmark[2924939]: INF 2026-08-21 16:35:42.667+00:00 Imported blocks                            blockNumber=18382849 slot=7572992 blocks=18382848 txs=2128712227 mgas=161296803 bps=26.01 tps=3610 mgps=392.9 avgBps=71.47 avgTps=8276 avgMGps=627.1 elapsed=2d23h26m
Aug 21 16:40:32 nimbus-eth1-mainnet-long-benchmark[2924939]: INF 2026-08-21 16:40:32.626+00:00 Imported blocks                            blockNumber=18391041 slot=7581241 blocks=18391040 txs=2129908343 mgas=161420499 bps=28.25 tps=4125 mgps=426.6 avgBps=71.43 avgTps=8271 avgMGps=626.9 elapsed=2d23h31m
Aug 21 16:45:57 nimbus-eth1-mainnet-long-benchmark[2924939]: INF 2026-08-21 16:45:57.949+00:00 Imported blocks                            blockNumber=18399233 slot=7589493 blocks=18399232 txs=2131096762 mgas=161544248 bps=25.18 tps=3653 mgps=380.4 avgBps=71.37 avgTps=8266 avgMGps=626.6 elapsed=2d23h36m
Aug 21 16:51:09 nimbus-eth1-mainnet-long-benchmark[2924939]: INF 2026-08-21 16:51:09.500+00:00 Imported blocks                            blockNumber=18407425 slot=7597744 blocks=18407424 txs=2132227512 mgas=161668055 bps=26.29 tps=3629 mgps=397.4 avgBps=71.31 avgTps=8260 avgMGps=626.3 elapsed=2d23h42m
Aug 21 16:56:32 nimbus-eth1-mainnet-long-benchmark[2924939]: INF 2026-08-21 16:56:32.695+00:00 Imported blocks                            blockNumber=18415617 slot=7606005 blocks=18415616 txs=2133430909 mgas=161791768 bps=25.35 tps=3723 mgps=382.8 avgBps=71.26 avgTps=8254 avgMGps=626.0 elapsed=2d23h47m
Aug 21 17:01:20 nimbus-eth1-mainnet-long-benchmark[2924939]: INF 2026-08-21 17:01:20.790+00:00 Imported blocks                            blockNumber=18423809 slot=7614258 blocks=18423808 txs=2134687977 mgas=161915430 bps=28.44 tps=4363 mgps=429.2 avgBps=71.21 avgTps=8250 avgMGps=625.8 elapsed=2d23h52m
Aug 21 17:05:54 nimbus-eth1-mainnet-long-benchmark[2924939]: INF 2026-08-21 17:05:54.434+00:00 Imported blocks                            blockNumber=18432001 slot=7622531 blocks=18432000 txs=2135940598 mgas=162039077 bps=29.94 tps=4577 mgps=451.9 avgBps=71.16 avgTps=8246 avgMGps=625.6 elapsed=2d23h56m
Aug 21 17:10:51 nimbus-eth1-mainnet-long-benchmark[2924939]: INF 2026-08-21 17:10:51.789+00:00 Imported blocks                            blockNumber=18440193 slot=7630780 blocks=18440192 txs=2137146456 mgas=162162686 bps=27.55 tps=4055 mgps=415.7 avgBps=71.11 avgTps=8241 avgMGps=625.4 elapsed=3d1m45s
Aug 21 17:15:52 nimbus-eth1-mainnet-long-benchmark[2924939]: INF 2026-08-21 17:15:52.772+00:00 Imported blocks                            blockNumber=18448385 slot=7639025 blocks=18448384 txs=2138317992 mgas=162286292 bps=27.22 tps=3892 mgps=410.7 avgBps=71.06 avgTps=8236 avgMGps=625.1 elapsed=3d6m46s
Aug 21 17:20:57 nimbus-eth1-mainnet-long-benchmark[2924939]: INF 2026-08-21 17:20:57.863+00:00 Imported blocks                            blockNumber=18456577 slot=7647282 blocks=18456576 txs=2139502327 mgas=162409980 bps=26.85 tps=3881 mgps=405.4 avgBps=71.01 avgTps=8231 avgMGps=624.9 elapsed=3d11m51s
Aug 21 17:26:13 nimbus-eth1-mainnet-long-benchmark[2924939]: INF 2026-08-21 17:26:13.098+00:00 Imported blocks                            blockNumber=18464769 slot=7655550 blocks=18464768 txs=2140730034 mgas=162533636 bps=25.99 tps=3894 mgps=392.3 avgBps=70.96 avgTps=8226 avgMGps=624.6 elapsed=3d17m6s
Aug 21 17:31:12 nimbus-eth1-mainnet-long-benchmark[2924939]: INF 2026-08-21 17:31:12.765+00:00 Imported blocks                            blockNumber=18472961 slot=7663813 blocks=18472960 txs=2142014772 mgas=162657238 bps=27.34 tps=4287 mgps=412.5 avgBps=70.91 avgTps=8221 avgMGps=624.3 elapsed=3d22m6s
Aug 21 17:36:05 nimbus-eth1-mainnet-long-benchmark[2924939]: INF 2026-08-21 17:36:05.781+00:00 Imported blocks                            blockNumber=18481153 slot=7672060 blocks=18481152 txs=2143271075 mgas=162780880 bps=27.96 tps=4287 mgps=422.0 avgBps=70.86 avgTps=8217 avgMGps=624.1 elapsed=3d26m59s
Aug 21 17:40:54 nimbus-eth1-mainnet-long-benchmark[2924939]: INF 2026-08-21 17:40:54.152+00:00 Imported blocks                            blockNumber=18489345 slot=7680331 blocks=18489344 txs=2144466154 mgas=162904423 bps=28.41 tps=4144 mgps=428.4 avgBps=70.81 avgTps=8212 avgMGps=623.9 elapsed=3d31m47s
Aug 21 17:45:56 nimbus-eth1-mainnet-long-benchmark[2924939]: INF 2026-08-21 17:45:56.727+00:00 Imported blocks                            blockNumber=18497537 slot=7688594 blocks=18497536 txs=2145705018 mgas=163028153 bps=27.07 tps=4094 mgps=408.9 avgBps=70.76 avgTps=8208 avgMGps=623.6 elapsed=3d36m50s
Aug 21 17:51:13 nimbus-eth1-mainnet-long-benchmark[2924939]: INF 2026-08-21 17:51:13.254+00:00 Imported blocks                            blockNumber=18505729 slot=7696861 blocks=18505728 txs=2146887370 mgas=163151747 bps=25.88 tps=3735 mgps=390.5 avgBps=70.71 avgTps=8202 avgMGps=623.4 elapsed=3d42m6s
Aug 21 17:56:24 nimbus-eth1-mainnet-long-benchmark[2924939]: INF 2026-08-21 17:56:24.769+00:00 Imported blocks                            blockNumber=18513921 slot=7705129 blocks=18513920 txs=2148120956 mgas=163275369 bps=26.30 tps=3959 mgps=396.8 avgBps=70.65 avgTps=8197 avgMGps=623.1 elapsed=3d47m18s
Aug 21 18:01:20 nimbus-eth1-mainnet-long-benchmark[2924939]: INF 2026-08-21 18:01:20.484+00:00 Imported blocks                            blockNumber=18522113 slot=7713386 blocks=18522112 txs=2149350982 mgas=163398995 bps=27.70 tps=4159 mgps=418.1 avgBps=70.61 avgTps=8193 avgMGps=622.9 elapsed=3d52m14s
Aug 21 18:06:25 nimbus-eth1-mainnet-long-benchmark[2924939]: INF 2026-08-21 18:06:25.444+00:00 Imported blocks                            blockNumber=18530305 slot=7721624 blocks=18530304 txs=2150574609 mgas=163522549 bps=26.86 tps=4012 mgps=405.1 avgBps=70.55 avgTps=8188 avgMGps=622.6 elapsed=3d57m18s
Aug 21 18:11:11 nimbus-eth1-mainnet-long-benchmark[2924939]: INF 2026-08-21 18:11:11.295+00:00 Imported blocks                            blockNumber=18538497 slot=7729874 blocks=18538496 txs=2151864763 mgas=163646220 bps=28.66 tps=4513 mgps=432.6 avgBps=70.51 avgTps=8184 avgMGps=622.4 elapsed=3d1h2m
Aug 21 18:16:25 nimbus-eth1-mainnet-long-benchmark[2924939]: INF 2026-08-21 18:16:25.186+00:00 Imported blocks                            blockNumber=18546689 slot=7738125 blocks=18546688 txs=2153141144 mgas=163769919 bps=26.10 tps=4066 mgps=394.1 avgBps=70.46 avgTps=8179 avgMGps=622.1 elapsed=3d1h7m
Aug 21 18:22:16 nimbus-eth1-mainnet-long-benchmark[2924939]: INF 2026-08-21 18:22:16.780+00:00 Imported blocks                            blockNumber=18554881 slot=7746382 blocks=18554880 txs=2154387156 mgas=163893653 bps=23.30 tps=3543 mgps=351.9 avgBps=70.39 avgTps=8173 avgMGps=621.8 elapsed=3d1h13m
Aug 21 18:27:37 nimbus-eth1-mainnet-long-benchmark[2924939]: INF 2026-08-21 18:27:37.503+00:00 Imported blocks                            blockNumber=18563073 slot=7754631 blocks=18563072 txs=2155633642 mgas=164017287 bps=25.54 tps=3886 mgps=385.5 avgBps=70.34 avgTps=8168 avgMGps=621.5 elapsed=3d1h18m
Aug 21 18:32:38 nimbus-eth1-mainnet-long-benchmark[2924939]: INF 2026-08-21 18:32:38.662+00:00 Imported blocks                            blockNumber=18571265 slot=7762868 blocks=18571264 txs=2156852995 mgas=164140959 bps=27.20 tps=4048 mgps=410.7 avgBps=70.29 avgTps=8163 avgMGps=621.2 elapsed=3d1h23m
Aug 21 18:37:48 nimbus-eth1-mainnet-long-benchmark[2924939]: INF 2026-08-21 18:37:48.613+00:00 Imported blocks                            blockNumber=18579457 slot=7771127 blocks=18579456 txs=2158086803 mgas=164264504 bps=26.43 tps=3980 mgps=398.6 avgBps=70.24 avgTps=8158 avgMGps=621.0 elapsed=3d1h28m
Aug 21 18:42:51 nimbus-eth1-mainnet-long-benchmark[2924939]: INF 2026-08-21 18:42:51.520+00:00 Imported blocks                            blockNumber=18587649 slot=7779363 blocks=18587648 txs=2159340993 mgas=164388154 bps=27.04 tps=4140 mgps=408.2 avgBps=70.19 avgTps=8153 avgMGps=620.7 elapsed=3d1h33m
Aug 21 18:47:52 nimbus-eth1-mainnet-long-benchmark[2924939]: INF 2026-08-21 18:47:52.660+00:00 Imported blocks                            blockNumber=18595841 slot=7787617 blocks=18595840 txs=2160585501 mgas=164511768 bps=27.20 tps=4132 mgps=410.5 avgBps=70.14 avgTps=8149 avgMGps=620.5 elapsed=3d1h38m
Aug 21 18:53:25 nimbus-eth1-mainnet-long-benchmark[2924939]: INF 2026-08-21 18:53:25.198+00:00 Imported blocks                            blockNumber=18604033 slot=7795903 blocks=18604032 txs=2161845405 mgas=164635482 bps=24.64 tps=3788 mgps=372.0 avgBps=70.08 avgTps=8143 avgMGps=620.2 elapsed=3d1h44m
Aug 21 18:59:00 nimbus-eth1-mainnet-long-benchmark[2924939]: INF 2026-08-21 18:59:00.641+00:00 Imported blocks                            blockNumber=18612225 slot=7804160 blocks=18612224 txs=2163061975 mgas=164759292 bps=24.42 tps=3626 mgps=369.1 avgBps=70.02 avgTps=8138 avgMGps=619.9 elapsed=3d1h49m
Aug 21 19:03:57 nimbus-eth1-mainnet-long-benchmark[2924939]: INF 2026-08-21 19:03:57.872+00:00 Imported blocks                            blockNumber=18620417 slot=7812425 blocks=18620416 txs=2164344396 mgas=164882973 bps=27.56 tps=4314 mgps=416.1 avgBps=69.98 avgTps=8133 avgMGps=619.6 elapsed=3d1h54m
Aug 21 19:08:54 nimbus-eth1-mainnet-long-benchmark[2924939]: INF 2026-08-21 19:08:54.039+00:00 Imported blocks                            blockNumber=18628609 slot=7820683 blocks=18628608 txs=2165634691 mgas=165006735 bps=27.66 tps=4356 mgps=417.9 avgBps=69.93 avgTps=8129 avgMGps=619.4 elapsed=3d1h59m
Aug 21 19:14:20 nimbus-eth1-mainnet-long-benchmark[2924939]: INF 2026-08-21 19:14:20.338+00:00 Imported blocks                            blockNumber=18636801 slot=7828925 blocks=18636800 txs=2166964452 mgas=165130359 bps=25.11 tps=4075 mgps=378.9 avgBps=69.88 avgTps=8124 avgMGps=619.1 elapsed=3d2h5m
Aug 21 19:20:12 nimbus-eth1-mainnet-long-benchmark[2924939]: INF 2026-08-21 19:20:12.876+00:00 Imported blocks                            blockNumber=18644993 slot=7837197 blocks=18644992 txs=2168193684 mgas=165254032 bps=23.24 tps=3486 mgps=350.8 avgBps=69.81 avgTps=8118 avgMGps=618.8 elapsed=3d2h11m
Aug 21 19:26:17 nimbus-eth1-mainnet-long-benchmark[2924939]: INF 2026-08-21 19:26:17.930+00:00 Imported blocks                            blockNumber=18653185 slot=7845459 blocks=18653184 txs=2169318515 mgas=165377755 bps=22.44 tps=3081 mgps=338.9 avgBps=69.75 avgTps=8111 avgMGps=618.4 elapsed=3d2h17m
Aug 21 19:32:27 nimbus-eth1-mainnet-long-benchmark[2924939]: INF 2026-08-21 19:32:27.596+00:00 Imported blocks                            blockNumber=18661377 slot=7853721 blocks=18661376 txs=2170460354 mgas=165501516 bps=22.16 tps=3088 mgps=334.8 avgBps=69.68 avgTps=8104 avgMGps=618.0 elapsed=3d2h23m
Aug 21 19:37:41 nimbus-eth1-mainnet-long-benchmark[2924939]: INF 2026-08-21 19:37:41.711+00:00 Imported blocks                            blockNumber=18669569 slot=7861982 blocks=18669568 txs=2171736931 mgas=165625160 bps=26.08 tps=4064 mgps=393.6 avgBps=69.63 avgTps=8100 avgMGps=617.7 elapsed=3d2h28m
Aug 21 19:42:48 nimbus-eth1-mainnet-long-benchmark[2924939]: INF 2026-08-21 19:42:48.343+00:00 Imported blocks                            blockNumber=18677761 slot=7870232 blocks=18677760 txs=2173085920 mgas=165748825 bps=26.72 tps=4399 mgps=403.3 avgBps=69.58 avgTps=8095 avgMGps=617.5 elapsed=3d2h33m
Aug 21 19:47:38 nimbus-eth1-mainnet-long-benchmark[2924939]: INF 2026-08-21 19:47:38.558+00:00 Imported blocks                            blockNumber=18685953 slot=7878487 blocks=18685952 txs=2174378178 mgas=165872440 bps=28.23 tps=4452 mgps=425.9 avgBps=69.54 avgTps=8091 avgMGps=617.3 elapsed=3d2h38m
Aug 21 19:52:07 nimbus-eth1-mainnet-long-benchmark[2924939]: INF 2026-08-21 19:52:07.462+00:00 Imported blocks                            blockNumber=18694145 slot=7886739 blocks=18694144 txs=2175659072 mgas=165996075 bps=30.46 tps=4763 mgps=459.8 avgBps=69.50 avgTps=8088 avgMGps=617.1 elapsed=3d2h43m
Aug 21 19:57:36 nimbus-eth1-mainnet-long-benchmark[2924939]: INF 2026-08-21 19:57:36.300+00:00 Imported blocks                            blockNumber=18702337 slot=7894977 blocks=18702336 txs=2177029356 mgas=166119750 bps=24.91 tps=4166 mgps=376.1 avgBps=69.45 avgTps=8083 avgMGps=616.8 elapsed=3d2h48m
Aug 21 20:03:55 nimbus-eth1-mainnet-long-benchmark[2924939]: INF 2026-08-21 20:03:55.810+00:00 Imported blocks                            blockNumber=18710529 slot=7903249 blocks=18710528 txs=2178225618 mgas=166243518 bps=21.59 tps=3152 mgps=326.1 avgBps=69.38 avgTps=8076 avgMGps=616.4 elapsed=3d2h54m
Aug 21 20:08:57 nimbus-eth1-mainnet-long-benchmark[2924939]: INF 2026-08-21 20:08:57.713+00:00 Imported blocks                            blockNumber=18718721 slot=7911506 blocks=18718720 txs=2179541026 mgas=166367219 bps=27.13 tps=4357 mgps=409.7 avgBps=69.33 avgTps=8072 avgMGps=616.2 elapsed=3d2h59m
Aug 21 20:15:20 nimbus-eth1-mainnet-long-benchmark[2924939]: INF 2026-08-21 20:15:20.459+00:00 Imported blocks                            blockNumber=18726913 slot=7919763 blocks=18726912 txs=2180917862 mgas=166490943 bps=21.40 tps=3597 mgps=323.2 avgBps=69.26 avgTps=8066 avgMGps=615.8 elapsed=3d3h6m
Aug 21 20:21:26 nimbus-eth1-mainnet-long-benchmark[2924939]: INF 2026-08-21 20:21:26.693+00:00 Imported blocks                            blockNumber=18735105 slot=7928038 blocks=18735104 txs=2182212570 mgas=166614795 bps=22.37 tps=3535 mgps=338.2 avgBps=69.20 avgTps=8060 avgMGps=615.4 elapsed=3d3h12m
Aug 21 20:27:02 nimbus-eth1-mainnet-long-benchmark[2924939]: INF 2026-08-21 20:27:02.216+00:00 Imported blocks                            blockNumber=18743297 slot=7936310 blocks=18743296 txs=2183592722 mgas=166738388 bps=24.42 tps=4113 mgps=368.4 avgBps=69.14 avgTps=8055 avgMGps=615.1 elapsed=3d3h17m
Aug 21 20:34:05 nimbus-eth1-mainnet-long-benchmark[2924939]: INF 2026-08-21 20:34:05.941+00:00 Imported blocks                            blockNumber=18751489 slot=7944586 blocks=18751488 txs=2184886961 mgas=166862181 bps=19.33 tps=3054 mgps=292.2 avgBps=69.07 avgTps=8047 avgMGps=614.6 elapsed=3d3h24m
Aug 21 20:39:49 nimbus-eth1-mainnet-long-benchmark[2924939]: INF 2026-08-21 20:39:49.695+00:00 Imported blocks                            blockNumber=18759681 slot=7952835 blocks=18759680 txs=2186173665 mgas=166985947 bps=23.83 tps=3743 mgps=360.0 avgBps=69.01 avgTps=8042 avgMGps=614.3 elapsed=3d3h30m
Aug 21 20:46:32 nimbus-eth1-mainnet-long-benchmark[2924939]: INF 2026-08-21 20:46:32.685+00:00 Imported blocks                            blockNumber=18767873 slot=7961090 blocks=18767872 txs=2187407500 mgas=167109819 bps=20.33 tps=3061 mgps=307.4 avgBps=68.94 avgTps=8034 avgMGps=613.8 elapsed=3d3h37m
Aug 21 20:55:00 nimbus-eth1-mainnet-long-benchmark[2924939]: INF 2026-08-21 20:55:00.001+00:00 Imported blocks                            blockNumber=18776065 slot=7969343 blocks=18776064 txs=2188612541 mgas=167233806 bps=16.15 tps=2375 mgps=244.4 avgBps=68.84 avgTps=8024 avgMGps=613.1 elapsed=3d3h45m
Aug 21 21:02:47 nimbus-eth1-mainnet-long-benchmark[2924939]: INF 2026-08-21 21:02:47.089+00:00 Imported blocks                            blockNumber=18784257 slot=7977613 blocks=18784256 txs=2189923353 mgas=167357739 bps=17.54 tps=2806 mgps=265.3 avgBps=68.75 avgTps=8015 avgMGps=612.5 elapsed=3d3h53m
Aug 21 21:08:17 nimbus-eth1-mainnet-long-benchmark[2924939]: INF 2026-08-21 21:08:17.924+00:00 Imported blocks                            blockNumber=18792449 slot=7985880 blocks=18792448 txs=2191295084 mgas=167481475 bps=24.76 tps=4146 mgps=374.0 avgBps=68.70 avgTps=8010 avgMGps=612.2 elapsed=3d3h59m
Aug 21 21:13:41 nimbus-eth1-mainnet-long-benchmark[2924939]: INF 2026-08-21 21:13:41.123+00:00 Imported blocks                            blockNumber=18800641 slot=7994181 blocks=18800640 txs=2192526576 mgas=167605452 bps=25.35 tps=3810 mgps=383.6 avgBps=68.65 avgTps=8005 avgMGps=612.0 elapsed=3d4h4m
Aug 21 21:22:21 nimbus-eth1-mainnet-long-benchmark[2924939]: INF 2026-08-21 21:22:21.990+00:00 Imported blocks                            blockNumber=18808833 slot=8002461 blocks=18808832 txs=2193766458 mgas=167729319 bps=15.73 tps=2380 mgps=237.8 avgBps=68.55 avgTps=7994 avgMGps=611.3 elapsed=3d4h13m
Aug 21 21:28:29 nimbus-eth1-mainnet-long-benchmark[2924939]: INF 2026-08-21 21:28:29.004+00:00 Imported blocks                            blockNumber=18817025 slot=8010724 blocks=18817024 txs=2195061167 mgas=167853055 bps=22.32 tps=3527 mgps=337.1 avgBps=68.48 avgTps=7988 avgMGps=610.9 elapsed=3d4h19m
Aug 21 21:34:25 nimbus-eth1-mainnet-long-benchmark[2924939]: INF 2026-08-21 21:34:25.363+00:00 Imported blocks                            blockNumber=18825217 slot=8019018 blocks=18825216 txs=2196394427 mgas=167976901 bps=22.99 tps=3741 mgps=347.5 avgBps=68.43 avgTps=7983 avgMGps=610.6 elapsed=3d4h25m
Aug 21 21:40:11 nimbus-eth1-mainnet-long-benchmark[2924939]: INF 2026-08-21 21:40:11.445+00:00 Imported blocks                            blockNumber=18833409 slot=8027303 blocks=18833408 txs=2197869770 mgas=168100649 bps=23.67 tps=4262 mgps=357.6 avgBps=68.37 avgTps=7978 avgMGps=610.2 elapsed=3d4h31m
Aug 21 21:45:19 nimbus-eth1-mainnet-long-benchmark[2924939]: INF 2026-08-21 21:45:19.892+00:00 Imported blocks                            blockNumber=18841601 slot=8035559 blocks=18841600 txs=2199254264 mgas=168224338 bps=26.56 tps=4488 mgps=401.0 avgBps=68.32 avgTps=7974 avgMGps=610.0 elapsed=3d4h36m
Aug 21 21:50:56 nimbus-eth1-mainnet-long-benchmark[2924939]: INF 2026-08-21 21:50:56.682+00:00 Imported blocks                            blockNumber=18849793 slot=8043832 blocks=18849792 txs=2200577854 mgas=168347958 bps=24.32 tps=3930 mgps=367.1 avgBps=68.27 avgTps=7969 avgMGps=609.7 elapsed=3d4h41m
Aug 21 21:56:41 nimbus-eth1-mainnet-long-benchmark[2924939]: INF 2026-08-21 21:56:41.017+00:00 Imported blocks                            blockNumber=18857985 slot=8052126 blocks=18857984 txs=2201892453 mgas=168471629 bps=23.79 tps=3817 mgps=359.2 avgBps=68.21 avgTps=7964 avgMGps=609.4 elapsed=3d4h47m
Aug 21 22:02:12 nimbus-eth1-mainnet-long-benchmark[2924939]: INF 2026-08-21 22:02:12.796+00:00 Imported blocks                            blockNumber=18866177 slot=8060419 blocks=18866176 txs=2203165647 mgas=168595287 bps=24.69 tps=3837 mgps=372.7 avgBps=68.16 avgTps=7959 avgMGps=609.1 elapsed=3d4h53m
Aug 21 22:08:07 nimbus-eth1-mainnet-long-benchmark[2924939]: INF 2026-08-21 22:08:07.114+00:00 Imported blocks                            blockNumber=18874369 slot=8068684 blocks=18874368 txs=2204442979 mgas=168718999 bps=23.12 tps=3605 mgps=349.2 avgBps=68.10 avgTps=7954 avgMGps=608.8 elapsed=3d4h59m
Aug 21 22:13:28 nimbus-eth1-mainnet-long-benchmark[2924939]: INF 2026-08-21 22:13:28.045+00:00 Imported blocks                            blockNumber=18882561 slot=8076974 blocks=18882560 txs=2205764914 mgas=168842657 bps=25.53 tps=4119 mgps=385.3 avgBps=68.05 avgTps=7949 avgMGps=608.5 elapsed=3d5h4m
Aug 21 22:18:38 nimbus-eth1-mainnet-long-benchmark[2924939]: INF 2026-08-21 22:18:38.204+00:00 Imported blocks                            blockNumber=18890753 slot=8085252 blocks=18890752 txs=2207097259 mgas=168966193 bps=26.41 tps=4295 mgps=398.3 avgBps=68.01 avgTps=7945 avgMGps=608.3 elapsed=3d5h9m
Aug 21 22:24:14 nimbus-eth1-mainnet-long-benchmark[2924939]: INF 2026-08-21 22:24:14.010+00:00 Imported blocks                            blockNumber=18898945 slot=8093563 blocks=18898944 txs=2208345629 mgas=169089933 bps=24.39 tps=3717 mgps=368.5 avgBps=67.96 avgTps=7940 avgMGps=608.0 elapsed=3d5h15m
Aug 21 22:30:08 nimbus-eth1-mainnet-long-benchmark[2924939]: INF 2026-08-21 22:30:08.401+00:00 Imported blocks                            blockNumber=18907137 slot=8101832 blocks=18907136 txs=2209598858 mgas=169213661 bps=23.12 tps=3536 mgps=349.1 avgBps=67.90 avgTps=7935 avgMGps=607.7 elapsed=3d5h21m
Aug 21 22:36:11 nimbus-eth1-mainnet-long-benchmark[2924939]: INF 2026-08-21 22:36:11.147+00:00 Imported blocks                            blockNumber=18915329 slot=8110114 blocks=18915328 txs=2210865453 mgas=169337442 bps=22.58 tps=3491 mgps=341.2 avgBps=67.84 avgTps=7929 avgMGps=607.3 elapsed=3d5h27m
Aug 21 22:41:27 nimbus-eth1-mainnet-long-benchmark[2924939]: INF 2026-08-21 22:41:27.190+00:00 Imported blocks                            blockNumber=18923521 slot=8118398 blocks=18923520 txs=2212153829 mgas=169461077 bps=25.92 tps=4076 mgps=391.2 avgBps=67.79 avgTps=7924 avgMGps=607.1 elapsed=3d5h32m
Aug 21 22:46:26 nimbus-eth1-mainnet-long-benchmark[2924939]: INF 2026-08-21 22:46:26.765+00:00 Imported blocks                            blockNumber=18931713 slot=8126667 blocks=18931712 txs=2213406640 mgas=169584783 bps=27.35 tps=4181 mgps=412.9 avgBps=67.75 avgTps=7920 avgMGps=606.9 elapsed=3d5h37m
Aug 21 22:51:59 nimbus-eth1-mainnet-long-benchmark[2924939]: INF 2026-08-21 22:51:59.731+00:00 Imported blocks                            blockNumber=18939905 slot=8134951 blocks=18939904 txs=2214671387 mgas=169708468 bps=24.60 tps=3798 mgps=371.5 avgBps=67.70 avgTps=7915 avgMGps=606.6 elapsed=3d5h42m
Aug 21 22:59:16 nimbus-eth1-mainnet-long-benchmark[2924939]: INF 2026-08-21 22:59:16.740+00:00 Imported blocks                            blockNumber=18948097 slot=8143260 blocks=18948096 txs=2215876354 mgas=169832283 bps=18.75 tps=2757 mgps=283.3 avgBps=67.62 avgTps=7907 avgMGps=606.1 elapsed=3d5h50m
Aug 21 23:08:56 nimbus-eth1-mainnet-long-benchmark[2924939]: INF 2026-08-21 23:08:56.691+00:00 Imported blocks                            blockNumber=18956289 slot=8151644 blocks=18956288 txs=2217037891 mgas=169956495 bps=14.13 tps=2002 mgps=214.2 avgBps=67.51 avgTps=7895 avgMGps=605.3 elapsed=3d5h59m
Aug 21 23:16:41 nimbus-eth1-mainnet-long-benchmark[2924939]: INF 2026-08-21 23:16:41.475+00:00 Imported blocks                            blockNumber=18964481 slot=8159956 blocks=18964480 txs=2218294711 mgas=170080465 bps=17.63 tps=2704 mgps=266.7 avgBps=67.43 avgTps=7887 avgMGps=604.7 elapsed=3d6h7m
Aug 21 23:22:10 nimbus-eth1-mainnet-long-benchmark[2924939]: INF 2026-08-21 23:22:10.714+00:00 Imported blocks                            blockNumber=18972673 slot=8168234 blocks=18972672 txs=2219547637 mgas=170204193 bps=24.88 tps=3805 mgps=375.8 avgBps=67.38 avgTps=7882 avgMGps=604.5 elapsed=3d6h13m
Aug 21 23:26:52 nimbus-eth1-mainnet-long-benchmark[2924939]: INF 2026-08-21 23:26:52.125+00:00 Imported blocks                            blockNumber=18980865 slot=8176488 blocks=18980864 txs=2220963030 mgas=170328052 bps=29.11 tps=5029 mgps=440.1 avgBps=67.34 avgTps=7879 avgMGps=604.3 elapsed=3d6h17m
Aug 21 23:32:23 nimbus-eth1-mainnet-long-benchmark[2924939]: INF 2026-08-21 23:32:23.596+00:00 Imported blocks                            blockNumber=18989057 slot=8184767 blocks=18989056 txs=2222341145 mgas=170451721 bps=24.71 tps=4157 mgps=373.1 avgBps=67.29 avgTps=7875 avgMGps=604.0 elapsed=3d6h23m
Aug 21 23:37:49 nimbus-eth1-mainnet-long-benchmark[2924939]: INF 2026-08-21 23:37:49.479+00:00 Imported blocks                            blockNumber=18997249 slot=8193014 blocks=18997248 txs=2223726543 mgas=170575485 bps=25.14 tps=4251 mgps=379.8 avgBps=67.24 avgTps=7870 avgMGps=603.8 elapsed=3d6h28m
Aug 21 23:42:30 nimbus-eth1-mainnet-long-benchmark[2924939]: INF 2026-08-21 23:42:30.242+00:00 Imported blocks                            blockNumber=19005441 slot=8201259 blocks=19005440 txs=2225771358 mgas=170699310 bps=29.18 tps=7282 mgps=441.0 avgBps=67.20 avgTps=7870 avgMGps=603.6 elapsed=3d6h33m
Aug 21 23:47:40 nimbus-eth1-mainnet-long-benchmark[2924939]: INF 2026-08-21 23:47:40.681+00:00 Imported blocks                            blockNumber=19013633 slot=8209499 blocks=19013632 txs=2227225806 mgas=170822980 bps=26.39 tps=4685 mgps=398.4 avgBps=67.16 avgTps=7866 avgMGps=603.4 elapsed=3d6h38m
Aug 21 23:52:08 nimbus-eth1-mainnet-long-benchmark[2924939]: INF 2026-08-21 23:52:08.253+00:00 Imported blocks                            blockNumber=19021825 slot=8217728 blocks=19021824 txs=2228644711 mgas=170946634 bps=30.62 tps=5302 mgps=462.1 avgBps=67.12 avgTps=7864 avgMGps=603.2 elapsed=3d6h43m
Aug 21 23:56:46 nimbus-eth1-mainnet-long-benchmark[2924939]: INF 2026-08-21 23:56:46.524+00:00 Imported blocks                            blockNumber=19030017 slot=8225983 blocks=19030016 txs=2230012840 mgas=171070417 bps=29.44 tps=4916 mgps=444.8 avgBps=67.09 avgTps=7861 avgMGps=603.1 elapsed=3d6h47m
Aug 22 00:01:34 nimbus-eth1-mainnet-long-benchmark[2924939]: INF 2026-08-22 00:01:34.583+00:00 Imported blocks                            blockNumber=19038209 slot=8234228 blocks=19038208 txs=2231384179 mgas=171194081 bps=28.44 tps=4760 mgps=429.3 avgBps=67.05 avgTps=7858 avgMGps=602.9 elapsed=3d6h52m
Aug 22 00:06:47 nimbus-eth1-mainnet-long-benchmark[2924939]: INF 2026-08-22 00:06:47.278+00:00 Imported blocks                            blockNumber=19046401 slot=8242460 blocks=19046400 txs=2232689168 mgas=171317782 bps=26.20 tps=4173 mgps=395.6 avgBps=67.00 avgTps=7854 avgMGps=602.7 elapsed=3d6h57m
Aug 22 00:12:28 nimbus-eth1-mainnet-long-benchmark[2924939]: INF 2026-08-22 00:12:28.173+00:00 Imported blocks                            blockNumber=19054593 slot=8250694 blocks=19054592 txs=2233920522 mgas=171441549 bps=24.03 tps=3612 mgps=363.1 avgBps=66.95 avgTps=7849 avgMGps=602.4 elapsed=3d7h3m
Aug 22 00:18:30 nimbus-eth1-mainnet-long-benchmark[2924939]: INF 2026-08-22 00:18:30.975+00:00 Imported blocks                            blockNumber=19062785 slot=8259059 blocks=19062784 txs=2235196765 mgas=171565365 bps=22.58 tps=3517 mgps=341.3 avgBps=66.90 avgTps=7843 avgMGps=602.1 elapsed=3d7h9m
Aug 22 00:24:03 nimbus-eth1-mainnet-long-benchmark[2924939]: INF 2026-08-22 00:24:03.677+00:00 Imported blocks                            blockNumber=19070977 slot=8267362 blocks=19070976 txs=2236455881 mgas=171689192 bps=24.62 tps=3784 mgps=372.2 avgBps=66.85 avgTps=7839 avgMGps=601.8 elapsed=3d7h14m
Aug 22 00:29:35 nimbus-eth1-mainnet-long-benchmark[2924939]: INF 2026-08-22 00:29:35.280+00:00 Imported blocks                            blockNumber=19079169 slot=8275635 blocks=19079168 txs=2237700457 mgas=171812883 bps=24.70 tps=3753 mgps=373.0 avgBps=66.80 avgTps=7834 avgMGps=601.5 elapsed=3d7h20m
Aug 22 00:34:37 nimbus-eth1-mainnet-long-benchmark[2924939]: INF 2026-08-22 00:34:37.643+00:00 Imported blocks                            blockNumber=19087361 slot=8283896 blocks=19087360 txs=2239033895 mgas=171936716 bps=27.09 tps=4410 mgps=409.5 avgBps=66.76 avgTps=7830 avgMGps=601.3 elapsed=3d7h25m
Aug 22 00:39:55 nimbus-eth1-mainnet-long-benchmark[2924939]: INF 2026-08-22 00:39:55.266+00:00 Imported blocks                            blockNumber=19095553 slot=8292156 blocks=19095552 txs=2240373461 mgas=172060408 bps=25.79 tps=4217 mgps=389.4 avgBps=66.71 avgTps=7826 avgMGps=601.1 elapsed=3d7h30m
Aug 22 00:45:20 nimbus-eth1-mainnet-long-benchmark[2924939]: INF 2026-08-22 00:45:20.785+00:00 Imported blocks                            blockNumber=19103745 slot=8300438 blocks=19103744 txs=2241694560 mgas=172184257 bps=25.17 tps=4058 mgps=380.5 avgBps=66.66 avgTps=7822 avgMGps=600.8 elapsed=3d7h36m
Aug 22 00:51:13 nimbus-eth1-mainnet-long-benchmark[2924939]: INF 2026-08-22 00:51:13.143+00:00 Imported blocks                            blockNumber=19111937 slot=8308689 blocks=19111936 txs=2242955497 mgas=172308050 bps=23.25 tps=3578 mgps=351.3 avgBps=66.61 avgTps=7817 avgMGps=600.5 elapsed=3d7h42m
Aug 22 00:56:14 nimbus-eth1-mainnet-long-benchmark[2924939]: INF 2026-08-22 00:56:14.210+00:00 Imported blocks                            blockNumber=19120129 slot=8316948 blocks=19120128 txs=2244315348 mgas=172431865 bps=27.21 tps=4516 mgps=411.3 avgBps=66.57 avgTps=7813 avgMGps=600.3 elapsed=3d7h47m
Aug 22 01:01:12 nimbus-eth1-mainnet-long-benchmark[2924939]: INF 2026-08-22 01:01:12.473+00:00 Imported blocks                            blockNumber=19128321 slot=8325217 blocks=19128320 txs=2245630108 mgas=172555532 bps=27.47 tps=4408 mgps=414.6 avgBps=66.53 avgTps=7810 avgMGps=600.1 elapsed=3d7h52m
Aug 22 01:05:54 nimbus-eth1-mainnet-long-benchmark[2924939]: INF 2026-08-22 01:05:54.065+00:00 Imported blocks                            blockNumber=19136513 slot=8333493 blocks=19136512 txs=2246935356 mgas=172679479 bps=29.09 tps=4635 mgps=440.2 avgBps=66.49 avgTps=7807 avgMGps=600.0 elapsed=3d7h56m
Aug 22 01:10:54 nimbus-eth1-mainnet-long-benchmark[2924939]: INF 2026-08-22 01:10:54.880+00:00 Imported blocks                            blockNumber=19144705 slot=8341773 blocks=19144704 txs=2248201459 mgas=172803583 bps=27.23 tps=4208 mgps=412.6 avgBps=66.45 avgTps=7803 avgMGps=599.8 elapsed=3d8h1m
Aug 22 01:16:27 nimbus-eth1-mainnet-long-benchmark[2924939]: INF 2026-08-22 01:16:27.986+00:00 Imported blocks                            blockNumber=19152897 slot=8350064 blocks=19152896 txs=2249399552 mgas=172927701 bps=24.59 tps=3596 mgps=372.6 avgBps=66.40 avgTps=7798 avgMGps=599.5 elapsed=3d8h7m
Aug 22 01:21:54 nimbus-eth1-mainnet-long-benchmark[2924939]: INF 2026-08-22 01:21:54.873+00:00 Imported blocks                            blockNumber=19161089 slot=8358344 blocks=19161088 txs=2250630011 mgas=173051908 bps=25.06 tps=3764 mgps=380.0 avgBps=66.35 avgTps=7793 avgMGps=599.3 elapsed=3d8h12m
Aug 22 01:26:48 nimbus-eth1-mainnet-long-benchmark[2924939]: INF 2026-08-22 01:26:48.812+00:00 Imported blocks                            blockNumber=19169281 slot=8366622 blocks=19169280 txs=2251872448 mgas=173176031 bps=27.87 tps=4226 mgps=422.3 avgBps=66.32 avgTps=7790 avgMGps=599.1 elapsed=3d8h17m
Aug 22 01:31:17 nimbus-eth1-mainnet-long-benchmark[2924939]: INF 2026-08-22 01:31:17.524+00:00 Imported blocks                            blockNumber=19177473 slot=8374907 blocks=19177472 txs=2253213177 mgas=173300020 bps=30.49 tps=4989 mgps=461.4 avgBps=66.28 avgTps=7787 avgMGps=599.0 elapsed=3d8h22m
Aug 22 01:35:17 nimbus-eth1-mainnet-long-benchmark[2924939]: INF 2026-08-22 01:35:17.896+00:00 Imported blocks                            blockNumber=19185665 slot=8383182 blocks=19185664 txs=2254449937 mgas=173423990 bps=34.08 tps=5145 mgps=515.7 avgBps=66.26 avgTps=7785 avgMGps=598.9 elapsed=3d8h26m
Aug 22 01:38:57 nimbus-eth1-mainnet-long-benchmark[2924939]: INF 2026-08-22 01:38:57.093+00:00 Imported blocks                            blockNumber=19193857 slot=8391454 blocks=19193856 txs=2255672547 mgas=173547797 bps=37.37 tps=5577 mgps=564.8 avgBps=66.23 avgTps=7783 avgMGps=598.9 elapsed=3d8h29m
Aug 22 01:43:17 nimbus-eth1-mainnet-long-benchmark[2924939]: INF 2026-08-22 01:43:17.700+00:00 Imported blocks                            blockNumber=19202049 slot=8399735 blocks=19202048 txs=2256838202 mgas=173671929 bps=31.43 tps=4472 mgps=476.3 avgBps=66.20 avgTps=7780 avgMGps=598.8 elapsed=3d8h34m
Aug 22 01:48:12 nimbus-eth1-mainnet-long-benchmark[2924939]: INF 2026-08-22 01:48:12.676+00:00 Imported blocks                            blockNumber=19210241 slot=8408023 blocks=19210240 txs=2257979168 mgas=173796203 bps=27.77 tps=3868 mgps=421.3 avgBps=66.16 avgTps=7776 avgMGps=598.6 elapsed=3d8h39m
Aug 22 01:53:06 nimbus-eth1-mainnet-long-benchmark[2924939]: INF 2026-08-22 01:53:06.491+00:00 Imported blocks                            blockNumber=19218433 slot=8416275 blocks=19218432 txs=2259160264 mgas=173920498 bps=27.88 tps=4019 mgps=423.0 avgBps=66.12 avgTps=7773 avgMGps=598.4 elapsed=3d8h44m
Aug 22 01:57:49 nimbus-eth1-mainnet-long-benchmark[2924939]: INF 2026-08-22 01:57:49.778+00:00 Imported blocks                            blockNumber=19226625 slot=8424566 blocks=19226624 txs=2260457947 mgas=174044765 bps=28.92 tps=4580 mgps=438.7 avgBps=66.09 avgTps=7769 avgMGps=598.2 elapsed=3d8h48m
Aug 22 02:02:35 nimbus-eth1-mainnet-long-benchmark[2924939]: INF 2026-08-22 02:02:35.714+00:00 Imported blocks                            blockNumber=19234817 slot=8432837 blocks=19234816 txs=2261776970 mgas=174168860 bps=28.65 tps=4613 mgps=434.0 avgBps=66.05 avgTps=7766 avgMGps=598.1 elapsed=3d8h53m
Aug 22 02:07:08 nimbus-eth1-mainnet-long-benchmark[2924939]: INF 2026-08-22 02:07:08.913+00:00 Imported blocks                            blockNumber=19243009 slot=8441120 blocks=19243008 txs=2263137297 mgas=174292771 bps=29.99 tps=4979 mgps=453.6 avgBps=66.02 avgTps=7764 avgMGps=598.0 elapsed=3d8h58m
Aug 22 02:12:30 nimbus-eth1-mainnet-long-benchmark[2924939]: INF 2026-08-22 02:12:30.136+00:00 Imported blocks                            blockNumber=19251201 slot=8449406 blocks=19251200 txs=2264389316 mgas=174416888 bps=25.50 tps=3897 mgps=386.4 avgBps=65.97 avgTps=7759 avgMGps=597.7 elapsed=3d9h3m
Aug 22 02:17:42 nimbus-eth1-mainnet-long-benchmark[2924939]: INF 2026-08-22 02:17:42.511+00:00 Imported blocks                            blockNumber=19259393 slot=8457720 blocks=19259392 txs=2265649650 mgas=174541030 bps=26.22 tps=4034 mgps=397.4 avgBps=65.93 avgTps=7755 avgMGps=597.5 elapsed=3d9h8m
Aug 22 02:22:40 nimbus-eth1-mainnet-long-benchmark[2924939]: INF 2026-08-22 02:22:40.434+00:00 Imported blocks                            blockNumber=19267585 slot=8465991 blocks=19267584 txs=2266965693 mgas=174665084 bps=27.50 tps=4417 mgps=416.4 avgBps=65.89 avgTps=7752 avgMGps=597.3 elapsed=3d9h13m
Aug 22 02:27:28 nimbus-eth1-mainnet-long-benchmark[2924939]: INF 2026-08-22 02:27:28.681+00:00 Imported blocks                            blockNumber=19275777 slot=8474282 blocks=19275776 txs=2268274862 mgas=174789102 bps=28.42 tps=4541 mgps=430.3 avgBps=65.85 avgTps=7749 avgMGps=597.2 elapsed=3d9h18m
Aug 22 02:32:07 nimbus-eth1-mainnet-long-benchmark[2924939]: INF 2026-08-22 02:32:07.933+00:00 Imported blocks                            blockNumber=19283969 slot=8482572 blocks=19283968 txs=2269550703 mgas=174913172 bps=29.34 tps=4568 mgps=444.3 avgBps=65.82 avgTps=7746 avgMGps=597.0 elapsed=3d9h23m
Aug 22 02:36:32 nimbus-eth1-mainnet-long-benchmark[2924939]: INF 2026-08-22 02:36:32.601+00:00 Imported blocks                            blockNumber=19292161 slot=8490824 blocks=19292160 txs=2270856276 mgas=175037241 bps=30.95 tps=4932 mgps=468.8 avgBps=65.79 avgTps=7743 avgMGps=596.9 elapsed=3d9h27m
Aug 22 02:41:53 nimbus-eth1-mainnet-long-benchmark[2924939]: INF 2026-08-22 02:41:53.567+00:00 Imported blocks                            blockNumber=19300353 slot=8499067 blocks=19300352 txs=2272112489 mgas=175161469 bps=25.52 tps=3913 mgps=387.0 avgBps=65.74 avgTps=7739 avgMGps=596.7 elapsed=3d9h32m
Aug 22 02:47:26 nimbus-eth1-mainnet-long-benchmark[2924939]: INF 2026-08-22 02:47:26.462+00:00 Imported blocks                            blockNumber=19308545 slot=8507317 blocks=19308544 txs=2273375716 mgas=175285724 bps=24.61 tps=3794 mgps=373.3 avgBps=65.70 avgTps=7735 avgMGps=596.4 elapsed=3d9h38m
Aug 22 02:52:27 nimbus-eth1-mainnet-long-benchmark[2924939]: INF 2026-08-22 02:52:27.149+00:00 Imported blocks                            blockNumber=19316737 slot=8515576 blocks=19316736 txs=2274748388 mgas=175409863 bps=27.24 tps=4565 mgps=412.9 avgBps=65.66 avgTps=7731 avgMGps=596.2 elapsed=3d9h43m
Aug 22 02:57:21 nimbus-eth1-mainnet-long-benchmark[2924939]: INF 2026-08-22 02:57:21.588+00:00 Imported blocks                            blockNumber=19324929 slot=8523827 blocks=19324928 txs=2276131833 mgas=175534094 bps=27.82 tps=4698 mgps=421.9 avgBps=65.62 avgTps=7728 avgMGps=596.1 elapsed=3d9h48m
Aug 22 03:02:13 nimbus-eth1-mainnet-long-benchmark[2924939]: INF 2026-08-22 03:02:13.560+00:00 Imported blocks                            blockNumber=19333121 slot=8532090 blocks=19333120 txs=2277560132 mgas=175658166 bps=28.06 tps=4891 mgps=425.0 avgBps=65.58 avgTps=7726 avgMGps=595.9 elapsed=3d9h53m
Aug 22 03:06:52 nimbus-eth1-mainnet-long-benchmark[2924939]: INF 2026-08-22 03:06:52.923+00:00 Imported blocks                            blockNumber=19341313 slot=8540334 blocks=19341312 txs=2278938368 mgas=175782397 bps=29.32 tps=4933 mgps=444.7 avgBps=65.55 avgTps=7723 avgMGps=595.7 elapsed=3d9h57m
Aug 22 03:11:33 nimbus-eth1-mainnet-long-benchmark[2924939]: INF 2026-08-22 03:11:33.302+00:00 Imported blocks                            blockNumber=19349505 slot=8548571 blocks=19349504 txs=2280341697 mgas=175906670 bps=29.22 tps=5005 mgps=443.2 avgBps=65.51 avgTps=7720 avgMGps=595.6 elapsed=3d10h2m
Aug 22 03:16:31 nimbus-eth1-mainnet-long-benchmark[2924939]: INF 2026-08-22 03:16:31.410+00:00 Imported blocks                            blockNumber=19357697 slot=8556815 blocks=19357696 txs=2281702043 mgas=176031059 bps=27.48 tps=4563 mgps=417.3 avgBps=65.48 avgTps=7717 avgMGps=595.4 elapsed=3d10h7m
Aug 22 03:20:55 nimbus-eth1-mainnet-long-benchmark[2924939]: INF 2026-08-22 03:20:55.689+00:00 Imported blocks                            blockNumber=19365889 slot=8565049 blocks=19365888 txs=2283153581 mgas=176155271 bps=31.00 tps=5492 mgps=470.0 avgBps=65.45 avgTps=7715 avgMGps=595.3 elapsed=3d10h11m
Aug 22 03:25:19 nimbus-eth1-mainnet-long-benchmark[2924939]: INF 2026-08-22 03:25:19.017+00:00 Imported blocks                            blockNumber=19374081 slot=8573279 blocks=19374080 txs=2284609889 mgas=176279459 bps=31.11 tps=5530 mgps=471.6 avgBps=65.41 avgTps=7713 avgMGps=595.2 elapsed=3d10h16m
Aug 22 03:29:38 nimbus-eth1-mainnet-long-benchmark[2924939]: INF 2026-08-22 03:29:38.717+00:00 Imported blocks                            blockNumber=19382273 slot=8581515 blocks=19382272 txs=2286000293 mgas=176403461 bps=31.54 tps=5353 mgps=477.5 avgBps=65.39 avgTps=7711 avgMGps=595.1 elapsed=3d10h20m
Aug 22 03:34:06 nimbus-eth1-mainnet-long-benchmark[2924939]: INF 2026-08-22 03:34:06.193+00:00 Imported blocks                            blockNumber=19390465 slot=8589756 blocks=19390464 txs=2287406625 mgas=176527644 bps=30.63 tps=5257 mgps=464.3 avgBps=65.35 avgTps=7709 avgMGps=595.0 elapsed=3d10h24m
Aug 22 03:38:40 nimbus-eth1-mainnet-long-benchmark[2924939]: INF 2026-08-22 03:38:40.920+00:00 Imported blocks                            blockNumber=19398657 slot=8598061 blocks=19398656 txs=2288782968 mgas=176651943 bps=29.82 tps=5009 mgps=452.4 avgBps=65.32 avgTps=7707 avgMGps=594.8 elapsed=3d10h29m
Aug 22 03:43:20 nimbus-eth1-mainnet-long-benchmark[2924939]: INF 2026-08-22 03:43:20.348+00:00 Imported blocks                            blockNumber=19406849 slot=8606304 blocks=19406848 txs=2290106221 mgas=176776146 bps=29.32 tps=4735 mgps=444.5 avgBps=65.29 avgTps=7704 avgMGps=594.7 elapsed=3d10h34m
Aug 22 03:47:45 nimbus-eth1-mainnet-long-benchmark[2924939]: INF 2026-08-22 03:47:45.027+00:00 Imported blocks                            blockNumber=19415041 slot=8614553 blocks=19415040 txs=2291516046 mgas=176900331 bps=30.95 tps=5326 mgps=469.2 avgBps=65.26 avgTps=7702 avgMGps=594.6 elapsed=3d10h38m
Aug 22 03:52:13 nimbus-eth1-mainnet-long-benchmark[2924939]: INF 2026-08-22 03:52:13.575+00:00 Imported blocks                            blockNumber=19423233 slot=8622797 blocks=19423232 txs=2292923058 mgas=177024522 bps=30.50 tps=5239 mgps=462.5 avgBps=65.23 avgTps=7699 avgMGps=594.5 elapsed=3d10h43m
Aug 22 03:56:57 nimbus-eth1-mainnet-long-benchmark[2924939]: INF 2026-08-22 03:56:57.886+00:00 Imported blocks                            blockNumber=19431425 slot=8631094 blocks=19431424 txs=2294402074 mgas=177148966 bps=28.81 tps=5202 mgps=437.7 avgBps=65.19 avgTps=7697 avgMGps=594.3 elapsed=3d10h47m
Aug 22 04:02:03 nimbus-eth1-mainnet-long-benchmark[2924939]: INF 2026-08-22 04:02:03.389+00:00 Imported blocks                            blockNumber=19439617 slot=8639405 blocks=19439616 txs=2295896268 mgas=177273565 bps=26.81 tps=4890 mgps=407.9 avgBps=65.15 avgTps=7694 avgMGps=594.1 elapsed=3d10h52m
Aug 22 04:07:27 nimbus-eth1-mainnet-long-benchmark[2924939]: INF 2026-08-22 04:07:27.276+00:00 Imported blocks                            blockNumber=19447809 slot=8647696 blocks=19447808 txs=2297421957 mgas=177398219 bps=25.29 tps=4710 mgps=384.9 avgBps=65.11 avgTps=7691 avgMGps=593.9 elapsed=3d10h58m
Aug 22 04:13:05 nimbus-eth1-mainnet-long-benchmark[2924939]: INF 2026-08-22 04:13:05.603+00:00 Imported blocks                            blockNumber=19456001 slot=8655991 blocks=19456000 txs=2298822192 mgas=177522966 bps=24.21 tps=4138 mgps=368.7 avgBps=65.06 avgTps=7687 avgMGps=593.6 elapsed=3d11h3m
Aug 22 04:18:23 nimbus-eth1-mainnet-long-benchmark[2924939]: INF 2026-08-22 04:18:23.401+00:00 Imported blocks                            blockNumber=19464193 slot=8664284 blocks=19464192 txs=2300285265 mgas=177647675 bps=25.78 tps=4603 mgps=392.4 avgBps=65.02 avgTps=7684 avgMGps=593.4 elapsed=3d11h9m
Aug 22 04:23:05 nimbus-eth1-mainnet-long-benchmark[2924939]: INF 2026-08-22 04:23:05.649+00:00 Imported blocks                            blockNumber=19472385 slot=8672573 blocks=19472384 txs=2301852852 mgas=177772168 bps=29.02 tps=5553 mgps=441.1 avgBps=64.99 avgTps=7682 avgMGps=593.3 elapsed=3d11h13m
Aug 22 04:27:55 nimbus-eth1-mainnet-long-benchmark[2924939]: INF 2026-08-22 04:27:55.464+00:00 Imported blocks                            blockNumber=19480577 slot=8680848 blocks=19480576 txs=2303422834 mgas=177896844 bps=28.27 tps=5417 mgps=430.2 avgBps=64.95 avgTps=7679 avgMGps=593.1 elapsed=3d11h18m
Aug 22 04:32:58 nimbus-eth1-mainnet-long-benchmark[2924939]: INF 2026-08-22 04:32:58.939+00:00 Imported blocks                            blockNumber=19488769 slot=8689133 blocks=19488768 txs=2304942144 mgas=178021486 bps=26.99 tps=5006 mgps=410.7 avgBps=64.91 avgTps=7677 avgMGps=592.9 elapsed=3d11h23m
Aug 22 04:38:04 nimbus-eth1-mainnet-long-benchmark[2924939]: INF 2026-08-22 04:38:04.462+00:00 Imported blocks                            blockNumber=19496961 slot=8697400 blocks=19496960 txs=2306475097 mgas=178146049 bps=26.81 tps=5017 mgps=407.7 avgBps=64.87 avgTps=7674 avgMGps=592.8 elapsed=3d11h28m
Aug 22 04:43:35 nimbus-eth1-mainnet-long-benchmark[2924939]: INF 2026-08-22 04:43:35.041+00:00 Imported blocks                            blockNumber=19505153 slot=8705700 blocks=19505152 txs=2307916650 mgas=178270755 bps=24.78 tps=4360 mgps=377.2 avgBps=64.83 avgTps=7670 avgMGps=592.5 elapsed=3d11h34m
Aug 22 04:48:47 nimbus-eth1-mainnet-long-benchmark[2924939]: INF 2026-08-22 04:48:47.108+00:00 Imported blocks                            blockNumber=19513345 slot=8714026 blocks=19513344 txs=2309348126 mgas=178395334 bps=26.25 tps=4587 mgps=399.2 avgBps=64.79 avgTps=7667 avgMGps=592.3 elapsed=3d11h39m
Aug 22 04:54:03 nimbus-eth1-mainnet-long-benchmark[2924939]: INF 2026-08-22 04:54:03.787+00:00 Imported blocks                            blockNumber=19521537 slot=8722316 blocks=19521536 txs=2310882729 mgas=178519653 bps=25.87 tps=4845 mgps=392.6 avgBps=64.75 avgTps=7664 avgMGps=592.1 elapsed=3d11h44m
Aug 22 04:59:08 nimbus-eth1-mainnet-long-benchmark[2924939]: INF 2026-08-22 04:59:08.106+00:00 Imported blocks                            blockNumber=19529729 slot=8730829 blocks=19529728 txs=2312387407 mgas=178643991 bps=26.92 tps=4944 mgps=408.6 avgBps=64.71 avgTps=7661 avgMGps=591.9 elapsed=3d11h50m
Aug 22 05:04:02 nimbus-eth1-mainnet-long-benchmark[2924939]: INF 2026-08-22 05:04:02.125+00:00 Imported blocks                            blockNumber=19537921 slot=8739185 blocks=19537920 txs=2313883498 mgas=178768372 bps=27.86 tps=5088 mgps=423.0 avgBps=64.67 avgTps=7659 avgMGps=591.8 elapsed=3d11h54m
Aug 22 05:09:02 nimbus-eth1-mainnet-long-benchmark[2924939]: INF 2026-08-22 05:09:02.636+00:00 Imported blocks                            blockNumber=19546113 slot=8747474 blocks=19546112 txs=2315355438 mgas=178892776 bps=27.26 tps=4898 mgps=414.0 avgBps=64.64 avgTps=7656 avgMGps=591.6 elapsed=3d11h59m
Aug 22 05:14:18 nimbus-eth1-mainnet-long-benchmark[2924939]: INF 2026-08-22 05:14:18.979+00:00 Imported blocks                            blockNumber=19554305 slot=8755777 blocks=19554304 txs=2316776897 mgas=179017187 bps=25.90 tps=4493 mgps=393.3 avgBps=64.60 avgTps=7653 avgMGps=591.4 elapsed=3d12h5m
Aug 22 05:19:23 nimbus-eth1-mainnet-long-benchmark[2924939]: INF 2026-08-22 05:19:23.546+00:00 Imported blocks                            blockNumber=19562497 slot=8764071 blocks=19562496 txs=2318226452 mgas=179141573 bps=26.90 tps=4759 mgps=408.4 avgBps=64.56 avgTps=7650 avgMGps=591.2 elapsed=3d12h10m
Aug 22 05:23:59 nimbus-eth1-mainnet-long-benchmark[2924939]: INF 2026-08-22 05:23:59.018+00:00 Imported blocks                            blockNumber=19570689 slot=8772348 blocks=19570688 txs=2319662627 mgas=179265855 bps=29.74 tps=5213 mgps=451.2 avgBps=64.53 avgTps=7648 avgMGps=591.1 elapsed=3d12h14m
Aug 22 05:28:32 nimbus-eth1-mainnet-long-benchmark[2924939]: INF 2026-08-22 05:28:32.545+00:00 Imported blocks                            blockNumber=19578881 slot=8780597 blocks=19578880 txs=2321047101 mgas=179389975 bps=29.95 tps=5061 mgps=453.8 avgBps=64.50 avgTps=7645 avgMGps=590.9 elapsed=3d12h19m
Aug 22 05:33:09 nimbus-eth1-mainnet-long-benchmark[2924939]: INF 2026-08-22 05:33:09.049+00:00 Imported blocks                            blockNumber=19587073 slot=8788850 blocks=19587072 txs=2322470845 mgas=179514208 bps=29.63 tps=5149 mgps=449.3 avgBps=64.46 avgTps=7643 avgMGps=590.8 elapsed=3d12h24m
Aug 22 05:37:57 nimbus-eth1-mainnet-long-benchmark[2924939]: INF 2026-08-22 05:37:57.468+00:00 Imported blocks                            blockNumber=19595265 slot=8797112 blocks=19595264 txs=2323882375 mgas=179638494 bps=28.40 tps=4894 mgps=430.9 avgBps=64.43 avgTps=7641 avgMGps=590.7 elapsed=3d12h28m
Aug 22 05:43:10 nimbus-eth1-mainnet-long-benchmark[2924939]: INF 2026-08-22 05:43:10.675+00:00 Imported blocks                            blockNumber=19603457 slot=8805376 blocks=19603456 txs=2325244495 mgas=179762976 bps=26.16 tps=4348 mgps=397.4 avgBps=64.39 avgTps=7637 avgMGps=590.5 elapsed=3d12h34m
Aug 22 05:48:08 nimbus-eth1-mainnet-long-benchmark[2924939]: INF 2026-08-22 05:48:08.874+00:00 Imported blocks                            blockNumber=19611649 slot=8813644 blocks=19611648 txs=2326611082 mgas=179887373 bps=27.47 tps=4582 mgps=417.2 avgBps=64.35 avgTps=7634 avgMGps=590.3 elapsed=3d12h39m
Aug 22 05:52:30 nimbus-eth1-mainnet-long-benchmark[2924939]: INF 2026-08-22 05:52:30.158+00:00 Imported blocks                            blockNumber=19619841 slot=8821912 blocks=19619840 txs=2328042386 mgas=180011676 bps=31.35 tps=5477 mgps=475.7 avgBps=64.33 avgTps=7632 avgMGps=590.2 elapsed=3d12h43m
Aug 22 05:57:19 nimbus-eth1-mainnet-long-benchmark[2924939]: INF 2026-08-22 05:57:19.346+00:00 Imported blocks                            blockNumber=19628033 slot=8830158 blocks=19628032 txs=2329425223 mgas=180135955 bps=28.33 tps=4781 mgps=429.8 avgBps=64.29 avgTps=7630 avgMGps=590.0 elapsed=3d12h48m
Aug 22 06:02:12 nimbus-eth1-mainnet-long-benchmark[2924939]: INF 2026-08-22 06:02:12.749+00:00 Imported blocks                            blockNumber=19636225 slot=8838416 blocks=19636224 txs=2330811540 mgas=180260222 bps=27.92 tps=4724 mgps=423.5 avgBps=64.26 avgTps=7627 avgMGps=589.9 elapsed=3d12h53m
Aug 22 06:06:59 nimbus-eth1-mainnet-long-benchmark[2924939]: INF 2026-08-22 06:06:59.532+00:00 Imported blocks                            blockNumber=19644417 slot=8846685 blocks=19644416 txs=2332289472 mgas=180384506 bps=28.56 tps=5153 mgps=433.4 avgBps=64.22 avgTps=7625 avgMGps=589.7 elapsed=3d12h57m
Aug 22 06:11:51 nimbus-eth1-mainnet-long-benchmark[2924939]: INF 2026-08-22 06:11:51.236+00:00 Imported blocks                            blockNumber=19652609 slot=8854969 blocks=19652608 txs=2333616622 mgas=180509018 bps=28.08 tps=4549 mgps=426.8 avgBps=64.19 avgTps=7622 avgMGps=589.6 elapsed=3d13h2m
Aug 22 06:16:58 nimbus-eth1-mainnet-long-benchmark[2924939]: INF 2026-08-22 06:16:58.867+00:00 Imported blocks                            blockNumber=19660801 slot=8863231 blocks=19660800 txs=2334949743 mgas=180633638 bps=26.63 tps=4333 mgps=405.1 avgBps=64.15 avgTps=7618 avgMGps=589.4 elapsed=3d13h7m
Aug 22 06:21:58 nimbus-eth1-mainnet-long-benchmark[2924939]: INF 2026-08-22 06:21:58.270+00:00 Imported blocks                            blockNumber=19668993 slot=8871496 blocks=19668992 txs=2336311442 mgas=180758096 bps=27.36 tps=4548 mgps=415.7 avgBps=64.12 avgTps=7615 avgMGps=589.2 elapsed=3d13h12m
Aug 22 06:26:31 nimbus-eth1-mainnet-long-benchmark[2924939]: INF 2026-08-22 06:26:31.797+00:00 Imported blocks                            blockNumber=19677185 slot=8879742 blocks=19677184 txs=2337713842 mgas=180882816 bps=29.95 tps=5127 mgps=456.0 avgBps=64.09 avgTps=7613 avgMGps=589.1 elapsed=3d13h17m
Aug 22 06:31:19 nimbus-eth1-mainnet-long-benchmark[2924939]: INF 2026-08-22 06:31:19.921+00:00 Imported blocks                            blockNumber=19685377 slot=8887996 blocks=19685376 txs=2339140263 mgas=181007201 bps=28.43 tps=4950 mgps=431.7 avgBps=64.05 avgTps=7611 avgMGps=589.0 elapsed=3d13h22m
Aug 22 06:36:08 nimbus-eth1-mainnet-long-benchmark[2924939]: INF 2026-08-22 06:36:08.748+00:00 Imported blocks                            blockNumber=19693569 slot=8896260 blocks=19693568 txs=2340489748 mgas=181131727 bps=28.36 tps=4672 mgps=431.1 avgBps=64.02 avgTps=7608 avgMGps=588.8 elapsed=3d13h27m
Aug 22 06:41:23 nimbus-eth1-mainnet-long-benchmark[2924939]: INF 2026-08-22 06:41:23.587+00:00 Imported blocks                            blockNumber=19701761 slot=8904509 blocks=19701760 txs=2341790546 mgas=181256410 bps=26.02 tps=4131 mgps=396.0 avgBps=63.98 avgTps=7604 avgMGps=588.6 elapsed=3d13h32m
Aug 22 06:46:18 nimbus-eth1-mainnet-long-benchmark[2924939]: INF 2026-08-22 06:46:18.422+00:00 Imported blocks                            blockNumber=19709953 slot=8912750 blocks=19709952 txs=2343103030 mgas=181380933 bps=27.79 tps=4451 mgps=422.4 avgBps=63.95 avgTps=7601 avgMGps=588.5 elapsed=3d13h37m
Aug 22 06:51:00 nimbus-eth1-mainnet-long-benchmark[2924939]: INF 2026-08-22 06:51:00.334+00:00 Imported blocks                            blockNumber=19718145 slot=8920990 blocks=19718144 txs=2344470310 mgas=181505168 bps=29.06 tps=4850 mgps=440.7 avgBps=63.91 avgTps=7599 avgMGps=588.3 elapsed=3d13h41m
Aug 22 06:55:28 nimbus-eth1-mainnet-long-benchmark[2924939]: INF 2026-08-22 06:55:28.298+00:00 Imported blocks                            blockNumber=19726337 slot=8929255 blocks=19726336 txs=2345837875 mgas=181629411 bps=30.57 tps=5103 mgps=463.7 avgBps=63.88 avgTps=7597 avgMGps=588.2 elapsed=3d13h46m
Aug 22 06:59:59 nimbus-eth1-mainnet-long-benchmark[2924939]: INF 2026-08-22 06:59:59.973+00:00 Imported blocks                            blockNumber=19734529 slot=8937499 blocks=19734528 txs=2347198405 mgas=181753610 bps=30.15 tps=5007 mgps=457.2 avgBps=63.85 avgTps=7594 avgMGps=588.1 elapsed=3d13h50m
Aug 22 07:04:58 nimbus-eth1-mainnet-long-benchmark[2924939]: INF 2026-08-22 07:04:58.668+00:00 Imported blocks                            blockNumber=19742721 slot=8945763 blocks=19742720 txs=2348554389 mgas=181878150 bps=27.43 tps=4539 mgps=416.9 avgBps=63.82 avgTps=7591 avgMGps=587.9 elapsed=3d13h55m
Aug 22 07:10:03 nimbus-eth1-mainnet-long-benchmark[2924939]: INF 2026-08-22 07:10:03.296+00:00 Imported blocks                            blockNumber=19750913 slot=8954019 blocks=19750912 txs=2349807259 mgas=182002972 bps=26.89 tps=4112 mgps=409.8 avgBps=63.78 avgTps=7588 avgMGps=587.8 elapsed=3d14h56s
Aug 22 07:15:02 nimbus-eth1-mainnet-long-benchmark[2924939]: INF 2026-08-22 07:15:02.095+00:00 Imported blocks                            blockNumber=19759105 slot=8962263 blocks=19759104 txs=2351124405 mgas=182127552 bps=27.42 tps=4408 mgps=416.9 avgBps=63.75 avgTps=7585 avgMGps=587.6 elapsed=3d14h5m
Aug 22 07:19:42 nimbus-eth1-mainnet-long-benchmark[2924939]: INF 2026-08-22 07:19:42.510+00:00 Imported blocks                            blockNumber=19767297 slot=8970503 blocks=19767296 txs=2352550115 mgas=182251871 bps=29.21 tps=5084 mgps=443.3 avgBps=63.72 avgTps=7583 avgMGps=587.5 elapsed=3d14h10m
Aug 22 07:24:19 nimbus-eth1-mainnet-long-benchmark[2924939]: INF 2026-08-22 07:24:19.410+00:00 Imported blocks                            blockNumber=19775489 slot=8978751 blocks=19775488 txs=2353977058 mgas=182376278 bps=29.58 tps=5153 mgps=449.3 avgBps=63.69 avgTps=7580 avgMGps=587.3 elapsed=3d14h15m
Aug 22 07:29:04 nimbus-eth1-mainnet-long-benchmark[2924939]: INF 2026-08-22 07:29:04.325+00:00 Imported blocks                            blockNumber=19783681 slot=8986991 blocks=19783680 txs=2355385154 mgas=182500765 bps=28.75 tps=4942 mgps=436.9 avgBps=63.65 avgTps=7578 avgMGps=587.2 elapsed=3d14h19m
Aug 22 07:34:06 nimbus-eth1-mainnet-long-benchmark[2924939]: INF 2026-08-22 07:34:06.665+00:00 Imported blocks                            blockNumber=19791873 slot=8995239 blocks=19791872 txs=2356761108 mgas=182624987 bps=27.10 tps=4551 mgps=410.9 avgBps=63.62 avgTps=7575 avgMGps=587.0 elapsed=3d14h25m
Aug 22 07:39:27 nimbus-eth1-mainnet-long-benchmark[2924939]: INF 2026-08-22 07:39:27.287+00:00 Imported blocks                            blockNumber=19800065 slot=9003484 blocks=19800064 txs=2358089557 mgas=182749443 bps=25.55 tps=4143 mgps=388.2 avgBps=63.58 avgTps=7572 avgMGps=586.8 elapsed=3d14h30m
Aug 22 07:44:16 nimbus-eth1-mainnet-long-benchmark[2924939]: INF 2026-08-22 07:44:16.667+00:00 Imported blocks                            blockNumber=19808257 slot=9011734 blocks=19808256 txs=2359398525 mgas=182873980 bps=28.31 tps=4523 mgps=430.4 avgBps=63.55 avgTps=7569 avgMGps=586.7 elapsed=3d14h35m
Aug 22 07:49:13 nimbus-eth1-mainnet-long-benchmark[2924939]: INF 2026-08-22 07:49:13.910+00:00 Imported blocks                            blockNumber=19816449 slot=9019990 blocks=19816448 txs=2360759798 mgas=182998432 bps=27.56 tps=4579 mgps=418.7 avgBps=63.51 avgTps=7566 avgMGps=586.5 elapsed=3d14h40m
Aug 22 07:54:22 nimbus-eth1-mainnet-long-benchmark[2924939]: INF 2026-08-22 07:54:22.529+00:00 Imported blocks                            blockNumber=19824641 slot=9028233 blocks=19824640 txs=2362146598 mgas=183122874 bps=26.54 tps=4493 mgps=403.2 avgBps=63.48 avgTps=7563 avgMGps=586.3 elapsed=3d14h45m
Aug 22 07:59:32 nimbus-eth1-mainnet-long-benchmark[2924939]: INF 2026-08-22 07:59:32.032+00:00 Imported blocks                            blockNumber=19832833 slot=9036486 blocks=19832832 txs=2363458231 mgas=183247346 bps=26.47 tps=4237 mgps=402.2 avgBps=63.44 avgTps=7560 avgMGps=586.2 elapsed=3d14h50m
Aug 22 08:04:56 nimbus-eth1-mainnet-long-benchmark[2924939]: INF 2026-08-22 08:04:56.415+00:00 Imported blocks                            blockNumber=19841025 slot=9044737 blocks=19841024 txs=2364779894 mgas=183372069 bps=25.25 tps=4074 mgps=384.5 avgBps=63.40 avgTps=7556 avgMGps=585.9 elapsed=3d14h55m
Aug 22 08:09:33 nimbus-eth1-mainnet-long-benchmark[2924939]: INF 2026-08-22 08:09:33.014+00:00 Imported blocks                            blockNumber=19849217 slot=9052980 blocks=19849216 txs=2366076481 mgas=183496270 bps=29.62 tps=4687 mgps=449.0 avgBps=63.37 avgTps=7553 avgMGps=585.8 elapsed=3d15h26s
Aug 22 08:14:29 nimbus-eth1-mainnet-long-benchmark[2924939]: INF 2026-08-22 08:14:29.746+00:00 Imported blocks                            blockNumber=19857409 slot=9061230 blocks=19857408 txs=2367288171 mgas=183621087 bps=27.61 tps=4083 mgps=420.6 avgBps=63.34 avgTps=7550 avgMGps=585.7 elapsed=3d15h5m
Aug 22 08:19:14 nimbus-eth1-mainnet-long-benchmark[2924939]: INF 2026-08-22 08:19:14.561+00:00 Imported blocks                            blockNumber=19865601 slot=9069473 blocks=19865600 txs=2368629215 mgas=183745503 bps=28.76 tps=4708 mgps=436.8 avgBps=63.30 avgTps=7548 avgMGps=585.5 elapsed=3d15h10m
Aug 22 08:24:09 nimbus-eth1-mainnet-long-benchmark[2924939]: INF 2026-08-22 08:24:09.860+00:00 Imported blocks                            blockNumber=19873793 slot=9077747 blocks=19873792 txs=2369993274 mgas=183869981 bps=27.74 tps=4619 mgps=421.5 avgBps=63.27 avgTps=7545 avgMGps=585.4 elapsed=3d15h15m
Aug 22 08:28:55 nimbus-eth1-mainnet-long-benchmark[2924939]: INF 2026-08-22 08:28:55.268+00:00 Imported blocks                            blockNumber=19881985 slot=9085984 blocks=19881984 txs=2371363663 mgas=183994271 bps=28.70 tps=4801 mgps=435.5 avgBps=63.24 avgTps=7542 avgMGps=585.2 elapsed=3d15h19m
Aug 22 08:33:47 nimbus-eth1-mainnet-long-benchmark[2924939]: INF 2026-08-22 08:33:47.215+00:00 Imported blocks                            blockNumber=19890177 slot=9094228 blocks=19890176 txs=2372679389 mgas=184118698 bps=28.06 tps=4506 mgps=426.2 avgBps=63.21 avgTps=7539 avgMGps=585.1 elapsed=3d15h24m
Aug 22 08:38:58 nimbus-eth1-mainnet-long-benchmark[2924939]: INF 2026-08-22 08:38:58.858+00:00 Imported blocks                            blockNumber=19898369 slot=9102490 blocks=19898368 txs=2373929590 mgas=184243201 bps=26.29 tps=4011 mgps=399.5 avgBps=63.17 avgTps=7536 avgMGps=584.9 elapsed=3d15h29m
Aug 22 08:43:53 nimbus-eth1-mainnet-long-benchmark[2924939]: INF 2026-08-22 08:43:53.017+00:00 Imported blocks                            blockNumber=19906561 slot=9110734 blocks=19906560 txs=2375155868 mgas=184367996 bps=27.85 tps=4168 mgps=424.2 avgBps=63.14 avgTps=7533 avgMGps=584.8 elapsed=3d15h34m
Aug 22 08:48:41 nimbus-eth1-mainnet-long-benchmark[2924939]: INF 2026-08-22 08:48:41.369+00:00 Imported blocks                            blockNumber=19914753 slot=9118990 blocks=19914752 txs=2376417889 mgas=184492638 bps=28.41 tps=4376 mgps=432.3 avgBps=63.11 avgTps=7530 avgMGps=584.6 elapsed=3d15h39m
Aug 22 08:53:22 nimbus-eth1-mainnet-long-benchmark[2924939]: INF 2026-08-22 08:53:22.552+00:00 Imported blocks                            blockNumber=19922945 slot=9127236 blocks=19922944 txs=2377790989 mgas=184616708 bps=29.13 tps=4883 mgps=441.2 avgBps=63.08 avgTps=7528 avgMGps=584.5 elapsed=3d15h44m
Aug 22 08:58:10 nimbus-eth1-mainnet-long-benchmark[2924939]: INF 2026-08-22 08:58:10.424+00:00 Imported blocks                            blockNumber=19931137 slot=9135486 blocks=19931136 txs=2379134020 mgas=184740937 bps=28.46 tps=4665 mgps=431.5 avgBps=63.04 avgTps=7525 avgMGps=584.4 elapsed=3d15h49m
Aug 22 09:02:52 nimbus-eth1-mainnet-long-benchmark[2924939]: INF 2026-08-22 09:02:52.159+00:00 Imported blocks                            blockNumber=19939329 slot=9143725 blocks=19939328 txs=2380463369 mgas=184865142 bps=29.08 tps=4718 mgps=440.9 avgBps=63.01 avgTps=7522 avgMGps=584.2 elapsed=3d15h53m
Aug 22 09:08:04 nimbus-eth1-mainnet-long-benchmark[2924939]: INF 2026-08-22 09:08:04.478+00:00 Imported blocks                            blockNumber=19947521 slot=9151974 blocks=19947520 txs=2381796452 mgas=184989535 bps=26.23 tps=4268 mgps=398.3 avgBps=62.98 avgTps=7519 avgMGps=584.0 elapsed=3d15h58m
Aug 22 09:13:05 nimbus-eth1-mainnet-long-benchmark[2924939]: INF 2026-08-22 09:13:05.901+00:00 Imported blocks                            blockNumber=19955713 slot=9160210 blocks=19955712 txs=2383111394 mgas=185113958 bps=27.18 tps=4362 mgps=412.8 avgBps=62.94 avgTps=7516 avgMGps=583.9 elapsed=3d16h3m
Aug 22 09:17:39 nimbus-eth1-mainnet-long-benchmark[2924939]: INF 2026-08-22 09:17:39.001+00:00 Imported blocks                            blockNumber=19963905 slot=9168454 blocks=19963904 txs=2384444413 mgas=185238304 bps=30.00 tps=4881 mgps=455.3 avgBps=62.92 avgTps=7514 avgMGps=583.8 elapsed=3d16h8m
Aug 22 09:22:20 nimbus-eth1-mainnet-long-benchmark[2924939]: INF 2026-08-22 09:22:20.841+00:00 Imported blocks                            blockNumber=19972097 slot=9176695 blocks=19972096 txs=2385701765 mgas=185362537 bps=29.07 tps=4461 mgps=440.8 avgBps=62.89 avgTps=7511 avgMGps=583.6 elapsed=3d16h13m
Aug 22 09:26:58 nimbus-eth1-mainnet-long-benchmark[2924939]: INF 2026-08-22 09:26:58.200+00:00 Imported blocks                            blockNumber=19980289 slot=9184953 blocks=19980288 txs=2387025333 mgas=185486631 bps=29.54 tps=4772 mgps=447.4 avgBps=62.86 avgTps=7509 avgMGps=583.5 elapsed=3d16h17m
Aug 22 09:31:27 nimbus-eth1-mainnet-long-benchmark[2924939]: INF 2026-08-22 09:31:27.860+00:00 Imported blocks                            blockNumber=19988481 slot=9193196 blocks=19988480 txs=2388352084 mgas=185610795 bps=30.38 tps=4920 mgps=460.4 avgBps=62.83 avgTps=7507 avgMGps=583.4 elapsed=3d16h22m
Aug 22 09:36:12 nimbus-eth1-mainnet-long-benchmark[2924939]: INF 2026-08-22 09:36:12.159+00:00 Imported blocks                            blockNumber=19996673 slot=9201443 blocks=19996672 txs=2389688336 mgas=185734792 bps=28.81 tps=4700 mgps=436.2 avgBps=62.80 avgTps=7504 avgMGps=583.3 elapsed=3d16h27m
Aug 22 09:40:51 nimbus-eth1-mainnet-long-benchmark[2924939]: INF 2026-08-22 09:40:51.419+00:00 Imported blocks                            blockNumber=20004865 slot=9209675 blocks=20004864 txs=2390929190 mgas=185859018 bps=29.33 tps=4443 mgps=444.8 avgBps=62.77 avgTps=7502 avgMGps=583.2 elapsed=3d16h31m
Aug 22 09:45:16 nimbus-eth1-mainnet-long-benchmark[2924939]: INF 2026-08-22 09:45:16.754+00:00 Imported blocks                            blockNumber=20013057 slot=9217912 blocks=20013056 txs=2392233989 mgas=185982949 bps=30.87 tps=4917 mgps=467.1 avgBps=62.74 avgTps=7499 avgMGps=583.1 elapsed=3d16h36m
Aug 22 09:49:53 nimbus-eth1-mainnet-long-benchmark[2924939]: INF 2026-08-22 09:49:53.498+00:00 Imported blocks                            blockNumber=20021249 slot=9226144 blocks=20021248 txs=2393564776 mgas=186106900 bps=29.60 tps=4808 mgps=447.9 avgBps=62.71 avgTps=7497 avgMGps=583.0 elapsed=3d16h40m
Aug 22 09:54:11 nimbus-eth1-mainnet-long-benchmark[2924939]: INF 2026-08-22 09:54:11.962+00:00 Imported blocks                            blockNumber=20029441 slot=9234372 blocks=20029440 txs=2394903672 mgas=186230721 bps=31.69 tps=5180 mgps=479.1 avgBps=62.69 avgTps=7495 avgMGps=582.9 elapsed=3d16h45m
Aug 22 09:58:34 nimbus-eth1-mainnet-long-benchmark[2924939]: INF 2026-08-22 09:58:34.582+00:00 Imported blocks                            blockNumber=20037633 slot=9242611 blocks=20037632 txs=2396220762 mgas=186354375 bps=31.19 tps=5015 mgps=470.8 avgBps=62.66 avgTps=7493 avgMGps=582.8 elapsed=3d16h49m
Aug 22 10:03:08 nimbus-eth1-mainnet-long-benchmark[2924939]: INF 2026-08-22 10:03:08.445+00:00 Imported blocks                            blockNumber=20045825 slot=9250848 blocks=20045824 txs=2397567844 mgas=186478329 bps=29.91 tps=4918 mgps=452.6 avgBps=62.63 avgTps=7491 avgMGps=582.7 elapsed=3d16h54m
Aug 22 10:08:01 nimbus-eth1-mainnet-long-benchmark[2924939]: INF 2026-08-22 10:08:01.437+00:00 Imported blocks                            blockNumber=20054017 slot=9259089 blocks=20054016 txs=2398893111 mgas=186602206 bps=27.96 tps=4523 mgps=422.8 avgBps=62.60 avgTps=7488 avgMGps=582.5 elapsed=3d16h58m
Aug 22 10:12:39 nimbus-eth1-mainnet-long-benchmark[2924939]: INF 2026-08-22 10:12:39.712+00:00 Imported blocks                            blockNumber=20062209 slot=9267322 blocks=20062208 txs=2400211828 mgas=186726261 bps=29.44 tps=4738 mgps=445.8 avgBps=62.57 avgTps=7486 avgMGps=582.4 elapsed=3d17h3m
Aug 22 10:17:02 nimbus-eth1-mainnet-long-benchmark[2924939]: INF 2026-08-22 10:17:02.284+00:00 Imported blocks                            blockNumber=20070401 slot=9275563 blocks=20070400 txs=2401578055 mgas=186850023 bps=31.20 tps=5203 mgps=471.4 avgBps=62.55 avgTps=7484 avgMGps=582.3 elapsed=3d17h7m
Aug 22 10:21:27 nimbus-eth1-mainnet-long-benchmark[2924939]: INF 2026-08-22 10:21:27.280+00:00 Imported blocks                            blockNumber=20078593 slot=9283801 blocks=20078592 txs=2402962926 mgas=186973935 bps=30.91 tps=5226 mgps=467.6 avgBps=62.52 avgTps=7482 avgMGps=582.2 elapsed=3d17h12m
Aug 22 10:25:49 nimbus-eth1-mainnet-long-benchmark[2924939]: INF 2026-08-22 10:25:49.119+00:00 Imported blocks                            blockNumber=20086785 slot=9292062 blocks=20086784 txs=2404369052 mgas=187097875 bps=31.29 tps=5370 mgps=473.3 avgBps=62.50 avgTps=7480 avgMGps=582.1 elapsed=3d17h16m
Aug 22 10:30:26 nimbus-eth1-mainnet-long-benchmark[2924939]: INF 2026-08-22 10:30:26.767+00:00 Imported blocks                            blockNumber=20094977 slot=9300302 blocks=20094976 txs=2405708737 mgas=187221890 bps=29.50 tps=4825 mgps=446.7 avgBps=62.47 avgTps=7478 avgMGps=582.0 elapsed=3d17h21m
Aug 22 10:35:18 nimbus-eth1-mainnet-long-benchmark[2924939]: INF 2026-08-22 10:35:18.774+00:00 Imported blocks                            blockNumber=20103169 slot=9308551 blocks=20103168 txs=2407010451 mgas=187345919 bps=28.05 tps=4457 mgps=424.8 avgBps=62.44 avgTps=7475 avgMGps=581.9 elapsed=3d17h26m
Aug 22 10:40:21 nimbus-eth1-mainnet-long-benchmark[2924939]: INF 2026-08-22 10:40:21.313+00:00 Imported blocks                            blockNumber=20111361 slot=9316795 blocks=20111360 txs=2408283517 mgas=187470007 bps=27.08 tps=4207 mgps=410.2 avgBps=62.40 avgTps=7472 avgMGps=581.7 elapsed=3d17h31m
Aug 22 10:45:07 nimbus-eth1-mainnet-long-benchmark[2924939]: INF 2026-08-22 10:45:07.197+00:00 Imported blocks                            blockNumber=20119553 slot=9325059 blocks=20119552 txs=2409625302 mgas=187594100 bps=28.66 tps=4693 mgps=434.1 avgBps=62.37 avgTps=7470 avgMGps=581.6 elapsed=3d17h36m
Aug 22 10:49:46 nimbus-eth1-mainnet-long-benchmark[2924939]: INF 2026-08-22 10:49:46.444+00:00 Imported blocks                            blockNumber=20127745 slot=9333311 blocks=20127744 txs=2410925606 mgas=187718271 bps=29.34 tps=4656 mgps=444.7 avgBps=62.35 avgTps=7467 avgMGps=581.5 elapsed=3d17h40m
Aug 22 10:54:11 nimbus-eth1-mainnet-long-benchmark[2924939]: INF 2026-08-22 10:54:11.332+00:00 Imported blocks                            blockNumber=20135937 slot=9341560 blocks=20135936 txs=2412238434 mgas=187842167 bps=30.93 tps=4956 mgps=467.7 avgBps=62.32 avgTps=7465 avgMGps=581.4 elapsed=3d17h45m
Aug 22 10:59:18 nimbus-eth1-mainnet-long-benchmark[2924939]: INF 2026-08-22 10:59:18.319+00:00 Imported blocks                            blockNumber=20144129 slot=9349801 blocks=20144128 txs=2413717031 mgas=187966299 bps=26.69 tps=4816 mgps=404.4 avgBps=62.29 avgTps=7463 avgMGps=581.2 elapsed=3d17h50m
Aug 22 11:04:45 nimbus-eth1-mainnet-long-benchmark[2924939]: INF 2026-08-22 11:04:45.962+00:00 Imported blocks                            blockNumber=20152321 slot=9358049 blocks=20152320 txs=2415119005 mgas=188090641 bps=25.00 tps=4278 mgps=379.5 avgBps=62.25 avgTps=7460 avgMGps=581.0 elapsed=3d17h55m
Aug 22 11:09:58 nimbus-eth1-mainnet-long-benchmark[2924939]: INF 2026-08-22 11:09:58.397+00:00 Imported blocks                            blockNumber=20160513 slot=9366304 blocks=20160512 txs=2416397725 mgas=188215015 bps=26.22 tps=4092 mgps=398.1 avgBps=62.21 avgTps=7456 avgMGps=580.8 elapsed=3d18h51s
Aug 22 11:14:53 nimbus-eth1-mainnet-long-benchmark[2924939]: INF 2026-08-22 11:14:53.280+00:00 Imported blocks                            blockNumber=20168705 slot=9374550 blocks=20168704 txs=2417744403 mgas=188338951 bps=27.78 tps=4566 mgps=420.3 avgBps=62.18 avgTps=7454 avgMGps=580.7 elapsed=3d18h5m
Aug 22 11:19:50 nimbus-eth1-mainnet-long-benchmark[2924939]: INF 2026-08-22 11:19:50.784+00:00 Imported blocks                            blockNumber=20176897 slot=9382778 blocks=20176896 txs=2419168926 mgas=188463060 bps=27.54 tps=4788 mgps=417.2 avgBps=62.15 avgTps=7451 avgMGps=580.5 elapsed=3d18h10m
Aug 22 11:24:32 nimbus-eth1-mainnet-long-benchmark[2924939]: INF 2026-08-22 11:24:32.159+00:00 Imported blocks                            blockNumber=20185089 slot=9391015 blocks=20185088 txs=2420546145 mgas=188586945 bps=29.11 tps=4894 mgps=440.3 avgBps=62.12 avgTps=7449 avgMGps=580.4 elapsed=3d18h15m
Aug 22 11:29:20 nimbus-eth1-mainnet-long-benchmark[2924939]: INF 2026-08-22 11:29:20.602+00:00 Imported blocks                            blockNumber=20193281 slot=9399251 blocks=20193280 txs=2421882332 mgas=188710733 bps=28.40 tps=4632 mgps=429.2 avgBps=62.09 avgTps=7447 avgMGps=580.3 elapsed=3d18h20m
Aug 22 11:34:40 nimbus-eth1-mainnet-long-benchmark[2924939]: INF 2026-08-22 11:34:40.045+00:00 Imported blocks                            blockNumber=20201473 slot=9407494 blocks=20201472 txs=2423180795 mgas=188835003 bps=25.64 tps=4064 mgps=389.0 avgBps=62.06 avgTps=7443 avgMGps=580.1 elapsed=3d18h25m
Aug 22 11:39:51 nimbus-eth1-mainnet-long-benchmark[2924939]: INF 2026-08-22 11:39:51.736+00:00 Imported blocks                            blockNumber=20209665 slot=9415724 blocks=20209664 txs=2424467421 mgas=188959091 bps=26.28 tps=4127 mgps=398.1 avgBps=62.02 avgTps=7440 avgMGps=579.9 elapsed=3d18h30m
Aug 22 11:44:48 nimbus-eth1-mainnet-long-benchmark[2924939]: INF 2026-08-22 11:44:48.920+00:00 Imported blocks                            blockNumber=20217857 slot=9423960 blocks=20217856 txs=2425785273 mgas=189083033 bps=27.57 tps=4434 mgps=417.1 avgBps=61.99 avgTps=7437 avgMGps=579.8 elapsed=3d18h35m
Aug 22 11:49:32 nimbus-eth1-mainnet-long-benchmark[2924939]: INF 2026-08-22 11:49:32.755+00:00 Imported blocks                            blockNumber=20226049 slot=9432209 blocks=20226048 txs=2427085190 mgas=189207181 bps=28.86 tps=4579 mgps=437.4 avgBps=61.96 avgTps=7435 avgMGps=579.6 elapsed=3d18h40m
Aug 22 11:53:53 nimbus-eth1-mainnet-long-benchmark[2924939]: INF 2026-08-22 11:53:53.391+00:00 Imported blocks                            blockNumber=20234241 slot=9440439 blocks=20234240 txs=2428446036 mgas=189330955 bps=31.43 tps=5221 mgps=474.9 avgBps=61.94 avgTps=7433 avgMGps=579.5 elapsed=3d18h44m
Aug 22 11:58:20 nimbus-eth1-mainnet-long-benchmark[2924939]: INF 2026-08-22 11:58:20.947+00:00 Imported blocks                            blockNumber=20242433 slot=9448678 blocks=20242432 txs=2429905766 mgas=189454810 bps=30.62 tps=5455 mgps=462.9 avgBps=61.91 avgTps=7431 avgMGps=579.5 elapsed=3d18h49m
Aug 22 12:03:34 nimbus-eth1-mainnet-long-benchmark[2924939]: INF 2026-08-22 12:03:34.666+00:00 Imported blocks                            blockNumber=20250625 slot=9456910 blocks=20250624 txs=2431218182 mgas=189578887 bps=26.11 tps=4183 mgps=395.5 avgBps=61.88 avgTps=7428 avgMGps=579.3 elapsed=3d18h54m
Aug 22 12:08:48 nimbus-eth1-mainnet-long-benchmark[2924939]: INF 2026-08-22 12:08:48.648+00:00 Imported blocks                            blockNumber=20258817 slot=9465146 blocks=20258816 txs=2432389777 mgas=189703315 bps=26.09 tps=3731 mgps=396.3 avgBps=61.84 avgTps=7425 avgMGps=579.1 elapsed=3d18h59m
Aug 22 12:13:54 nimbus-eth1-mainnet-long-benchmark[2924939]: INF 2026-08-22 12:13:54.204+00:00 Imported blocks                            blockNumber=20267009 slot=9473399 blocks=20267008 txs=2433706906 mgas=189827412 bps=26.81 tps=4310 mgps=406.1 avgBps=61.81 avgTps=7422 avgMGps=578.9 elapsed=3d19h4m
Aug 22 12:18:43 nimbus-eth1-mainnet-long-benchmark[2924939]: INF 2026-08-22 12:18:43.923+00:00 Imported blocks                            blockNumber=20275201 slot=9481639 blocks=20275200 txs=2435041169 mgas=189951350 bps=28.28 tps=4605 mgps=427.8 avgBps=61.78 avgTps=7419 avgMGps=578.8 elapsed=3d19h9m
Aug 22 12:23:19 nimbus-eth1-mainnet-long-benchmark[2924939]: INF 2026-08-22 12:23:19.219+00:00 Imported blocks                            blockNumber=20283393 slot=9489868 blocks=20283392 txs=2436404544 mgas=190075417 bps=29.76 tps=4952 mgps=450.7 avgBps=61.75 avgTps=7417 avgMGps=578.7 elapsed=3d19h14m
Aug 22 12:28:17 nimbus-eth1-mainnet-long-benchmark[2924939]: INF 2026-08-22 12:28:17.218+00:00 Imported blocks                            blockNumber=20291585 slot=9498106 blocks=20291584 txs=2437767928 mgas=190199287 bps=27.49 tps=4575 mgps=415.7 avgBps=61.72 avgTps=7415 avgMGps=578.6 elapsed=3d19h19m
Aug 22 12:33:32 nimbus-eth1-mainnet-long-benchmark[2924939]: INF 2026-08-22 12:33:32.005+00:00 Imported blocks                            blockNumber=20299777 slot=9506347 blocks=20299776 txs=2439084709 mgas=190323326 bps=26.02 tps=4183 mgps=394.0 avgBps=61.69 avgTps=7412 avgMGps=578.4 elapsed=3d19h24m
Aug 22 12:38:29 nimbus-eth1-mainnet-long-benchmark[2924939]: INF 2026-08-22 12:38:29.288+00:00 Imported blocks                            blockNumber=20307969 slot=9514581 blocks=20307968 txs=2440328974 mgas=190447316 bps=27.56 tps=4185 mgps=417.1 avgBps=61.66 avgTps=7409 avgMGps=578.2 elapsed=3d19h29m
Aug 22 12:43:31 nimbus-eth1-mainnet-long-benchmark[2924939]: INF 2026-08-22 12:43:31.067+00:00 Imported blocks                            blockNumber=20316161 slot=9522818 blocks=20316160 txs=2441642983 mgas=190571312 bps=27.15 tps=4354 mgps=410.9 avgBps=61.63 avgTps=7406 avgMGps=578.1 elapsed=3d19h34m
Aug 22 12:48:03 nimbus-eth1-mainnet-long-benchmark[2924939]: INF 2026-08-22 12:48:03.647+00:00 Imported blocks                            blockNumber=20324353 slot=9531037 blocks=20324352 txs=2443003434 mgas=190695169 bps=30.05 tps=4990 mgps=454.4 avgBps=61.60 avgTps=7404 avgMGps=578.0 elapsed=3d19h38m
Aug 22 12:52:13 nimbus-eth1-mainnet-long-benchmark[2924939]: INF 2026-08-22 12:52:13.475+00:00 Imported blocks                            blockNumber=20332545 slot=9539273 blocks=20332544 txs=2444369352 mgas=190818927 bps=32.79 tps=5467 mgps=495.4 avgBps=61.58 avgTps=7402 avgMGps=577.9 elapsed=3d19h43m
Aug 22 12:56:28 nimbus-eth1-mainnet-long-benchmark[2924939]: INF 2026-08-22 12:56:28.267+00:00 Imported blocks                            blockNumber=20340737 slot=9547499 blocks=20340736 txs=2445684799 mgas=190942708 bps=32.15 tps=5162 mgps=485.8 avgBps=61.56 avgTps=7401 avgMGps=577.8 elapsed=3d19h47m
Aug 22 13:01:21 nimbus-eth1-mainnet-long-benchmark[2924939]: INF 2026-08-22 13:01:21.466+00:00 Imported blocks                            blockNumber=20348929 slot=9555732 blocks=20348928 txs=2446976396 mgas=191066753 bps=27.94 tps=4405 mgps=423.1 avgBps=61.53 avgTps=7398 avgMGps=577.7 elapsed=3d19h52m
Aug 22 13:06:16 nimbus-eth1-mainnet-long-benchmark[2924939]: INF 2026-08-22 13:06:16.677+00:00 Imported blocks                            blockNumber=20357121 slot=9563959 blocks=20357120 txs=2448256169 mgas=191191257 bps=27.75 tps=4335 mgps=421.7 avgBps=61.50 avgTps=7395 avgMGps=577.6 elapsed=3d19h57m
Aug 22 13:10:31 nimbus-eth1-mainnet-long-benchmark[2924939]: INF 2026-08-22 13:10:31.533+00:00 Imported blocks                            blockNumber=20365313 slot=9572201 blocks=20365312 txs=2449568815 mgas=191314927 bps=32.14 tps=5150 mgps=485.2 avgBps=61.47 avgTps=7394 avgMGps=577.5 elapsed=3d20h1m
Aug 22 13:15:07 nimbus-eth1-mainnet-long-benchmark[2924939]: INF 2026-08-22 13:15:07.193+00:00 Imported blocks                            blockNumber=20373505 slot=9580431 blocks=20373504 txs=2450879985 mgas=191438966 bps=29.72 tps=4756 mgps=450.0 avgBps=61.45 avgTps=7391 avgMGps=577.4 elapsed=3d20h6m
Aug 22 13:19:46 nimbus-eth1-mainnet-long-benchmark[2924939]: INF 2026-08-22 13:19:46.868+00:00 Imported blocks                            blockNumber=20381697 slot=9588664 blocks=20381696 txs=2452156695 mgas=191563063 bps=29.29 tps=4564 mgps=443.7 avgBps=61.42 avgTps=7389 avgMGps=577.3 elapsed=3d20h10m
Aug 22 13:24:21 nimbus-eth1-mainnet-long-benchmark[2924939]: INF 2026-08-22 13:24:21.836+00:00 Imported blocks                            blockNumber=20389889 slot=9596900 blocks=20389888 txs=2453465950 mgas=191687053 bps=29.79 tps=4761 mgps=450.9 avgBps=61.39 avgTps=7387 avgMGps=577.2 elapsed=3d20h15m
Aug 22 13:29:00 nimbus-eth1-mainnet-long-benchmark[2924939]: INF 2026-08-22 13:29:00.892+00:00 Imported blocks                            blockNumber=20398081 slot=9605136 blocks=20398080 txs=2454722175 mgas=191811259 bps=29.36 tps=4501 mgps=445.1 avgBps=61.37 avgTps=7384 avgMGps=577.1 elapsed=3d20h19m
Aug 22 13:33:24 nimbus-eth1-mainnet-long-benchmark[2924939]: INF 2026-08-22 13:33:24.083+00:00 Imported blocks                            blockNumber=20406273 slot=9613370 blocks=20406272 txs=2455937858 mgas=191935324 bps=31.13 tps=4619 mgps=471.4 avgBps=61.34 avgTps=7382 avgMGps=577.0 elapsed=3d20h24m
Aug 22 13:37:58 nimbus-eth1-mainnet-long-benchmark[2924939]: INF 2026-08-22 13:37:58.015+00:00 Imported blocks                            blockNumber=20414465 slot=9621591 blocks=20414464 txs=2457182133 mgas=192059517 bps=29.91 tps=4542 mgps=453.4 avgBps=61.32 avgTps=7380 avgMGps=576.9 elapsed=3d20h28m
Aug 22 13:42:11 nimbus-eth1-mainnet-long-benchmark[2924939]: INF 2026-08-22 13:42:11.051+00:00 Imported blocks                            blockNumber=20422657 slot=9629846 blocks=20422656 txs=2458502388 mgas=192183515 bps=32.38 tps=5217 mgps=490.0 avgBps=61.30 avgTps=7378 avgMGps=576.8 elapsed=3d20h33m
Aug 22 13:46:14 nimbus-eth1-mainnet-long-benchmark[2924939]: INF 2026-08-22 13:46:14.723+00:00 Imported blocks                            blockNumber=20430849 slot=9638079 blocks=20430848 txs=2459823635 mgas=192307404 bps=33.62 tps=5422 mgps=508.4 avgBps=61.28 avgTps=7377 avgMGps=576.8 elapsed=3d20h37m
Aug 22 13:50:19 nimbus-eth1-mainnet-long-benchmark[2924939]: INF 2026-08-22 13:50:19.143+00:00 Imported blocks                            blockNumber=20439041 slot=9646308 blocks=20439040 txs=2461089016 mgas=192431228 bps=33.52 tps=5177 mgps=506.6 avgBps=61.25 avgTps=7375 avgMGps=576.7 elapsed=3d20h41m
Aug 22 13:54:39 nimbus-eth1-mainnet-long-benchmark[2924939]: INF 2026-08-22 13:54:39.271+00:00 Imported blocks                            blockNumber=20447233 slot=9654555 blocks=20447232 txs=2462365837 mgas=192555224 bps=31.49 tps=4908 mgps=476.7 avgBps=61.23 avgTps=7373 avgMGps=576.6 elapsed=3d20h45m
Aug 22 13:59:29 nimbus-eth1-mainnet-long-benchmark[2924939]: INF 2026-08-22 13:59:29.059+00:00 Imported blocks                            blockNumber=20455425 slot=9662773 blocks=20455424 txs=2463563089 mgas=192679757 bps=28.27 tps=4131 mgps=429.7 avgBps=61.20 avgTps=7371 avgMGps=576.5 elapsed=3d20h50m
Aug 22 14:04:03 nimbus-eth1-mainnet-long-benchmark[2924939]: INF 2026-08-22 14:04:03.518+00:00 Imported blocks                            blockNumber=20463617 slot=9670997 blocks=20463616 txs=2464820568 mgas=192804145 bps=29.85 tps=4581 mgps=453.2 avgBps=61.18 avgTps=7368 avgMGps=576.4 elapsed=3d20h54m
Aug 22 14:08:38 nimbus-eth1-mainnet-long-benchmark[2924939]: INF 2026-08-22 14:08:38.306+00:00 Imported blocks                            blockNumber=20471809 slot=9679232 blocks=20471808 txs=2466105979 mgas=192927795 bps=29.81 tps=4677 mgps=450.0 avgBps=61.15 avgTps=7366 avgMGps=576.3 elapsed=3d20h59m
Aug 22 14:13:06 nimbus-eth1-mainnet-long-benchmark[2924939]: INF 2026-08-22 14:13:06.962+00:00 Imported blocks                            blockNumber=20480001 slot=9687458 blocks=20480000 txs=2467403178 mgas=193051545 bps=30.49 tps=4828 mgps=460.6 avgBps=61.13 avgTps=7364 avgMGps=576.2 elapsed=3d21h4m
Aug 22 14:17:27 nimbus-eth1-mainnet-long-benchmark[2924939]: INF 2026-08-22 14:17:27.049+00:00 Imported blocks                            blockNumber=20488193 slot=9695679 blocks=20488192 txs=2468646793 mgas=193175429 bps=31.50 tps=4781 mgps=476.3 avgBps=61.10 avgTps=7362 avgMGps=576.1 elapsed=3d21h8m
Aug 22 14:21:52 nimbus-eth1-mainnet-long-benchmark[2924939]: INF 2026-08-22 14:21:52.557+00:00 Imported blocks                            blockNumber=20496385 slot=9703905 blocks=20496384 txs=2469916046 mgas=193299476 bps=30.85 tps=4780 mgps=467.2 avgBps=61.08 avgTps=7360 avgMGps=576.0 elapsed=3d21h12m
Aug 22 14:26:29 nimbus-eth1-mainnet-long-benchmark[2924939]: INF 2026-08-22 14:26:29.389+00:00 Imported blocks                            blockNumber=20504577 slot=9712142 blocks=20504576 txs=2471051293 mgas=193423942 bps=29.59 tps=4100 mgps=449.6 avgBps=61.05 avgTps=7357 avgMGps=575.9 elapsed=3d21h17m
Aug 22 14:30:51 nimbus-eth1-mainnet-long-benchmark[2924939]: INF 2026-08-22 14:30:51.721+00:00 Imported blocks                            blockNumber=20512769 slot=9720378 blocks=20512768 txs=2472212904 mgas=193548126 bps=31.23 tps=4428 mgps=473.4 avgBps=61.03 avgTps=7355 avgMGps=575.9 elapsed=3d21h21m
Aug 22 14:35:11 nimbus-eth1-mainnet-long-benchmark[2924939]: INF 2026-08-22 14:35:11.305+00:00 Imported blocks                            blockNumber=20520961 slot=9728604 blocks=20520960 txs=2473458204 mgas=193672133 bps=31.56 tps=4797 mgps=477.7 avgBps=61.01 avgTps=7353 avgMGps=575.8 elapsed=3d21h26m
Aug 22 14:39:46 nimbus-eth1-mainnet-long-benchmark[2924939]: INF 2026-08-22 14:39:46.088+00:00 Imported blocks                            blockNumber=20529153 slot=9736836 blocks=20529152 txs=2474879473 mgas=193796096 bps=29.81 tps=5172 mgps=451.1 avgBps=60.98 avgTps=7351 avgMGps=575.7 elapsed=3d21h30m
Aug 22 14:44:15 nimbus-eth1-mainnet-long-benchmark[2924939]: INF 2026-08-22 14:44:15.728+00:00 Imported blocks                            blockNumber=20537345 slot=9745081 blocks=20537344 txs=2476318806 mgas=193919766 bps=30.38 tps=5337 mgps=458.6 avgBps=60.96 avgTps=7350 avgMGps=575.6 elapsed=3d21h35m
Aug 22 14:48:56 nimbus-eth1-mainnet-long-benchmark[2924939]: INF 2026-08-22 14:48:56.899+00:00 Imported blocks                            blockNumber=20545537 slot=9753315 blocks=20545536 txs=2477572414 mgas=194043997 bps=29.14 tps=4458 mgps=441.8 avgBps=60.93 avgTps=7347 avgMGps=575.5 elapsed=3d21h39m
Aug 22 14:53:44 nimbus-eth1-mainnet-long-benchmark[2924939]: INF 2026-08-22 14:53:44.479+00:00 Imported blocks                            blockNumber=20553729 slot=9761549 blocks=20553728 txs=2478717439 mgas=194168601 bps=28.49 tps=3981 mgps=433.3 avgBps=60.90 avgTps=7344 avgMGps=575.4 elapsed=3d21h44m
Aug 22 14:58:19 nimbus-eth1-mainnet-long-benchmark[2924939]: INF 2026-08-22 14:58:19.927+00:00 Imported blocks                            blockNumber=20561921 slot=9769782 blocks=20561920 txs=2479884398 mgas=194293055 bps=29.74 tps=4236 mgps=451.8 avgBps=60.88 avgTps=7342 avgMGps=575.3 elapsed=3d21h49m
Aug 22 15:02:46 nimbus-eth1-mainnet-long-benchmark[2924939]: INF 2026-08-22 15:02:46.350+00:00 Imported blocks                            blockNumber=20570113 slot=9778022 blocks=20570112 txs=2481113699 mgas=194416978 bps=30.75 tps=4614 mgps=465.1 avgBps=60.85 avgTps=7340 avgMGps=575.2 elapsed=3d21h53m
Aug 22 15:07:15 nimbus-eth1-mainnet-long-benchmark[2924939]: INF 2026-08-22 15:07:15.874+00:00 Imported blocks                            blockNumber=20578305 slot=9786257 blocks=20578304 txs=2482329481 mgas=194541487 bps=30.39 tps=4510 mgps=462.0 avgBps=60.83 avgTps=7337 avgMGps=575.1 elapsed=3d21h58m
Aug 22 15:11:39 nimbus-eth1-mainnet-long-benchmark[2924939]: INF 2026-08-22 15:11:39.702+00:00 Imported blocks                            blockNumber=20586497 slot=9794502 blocks=20586496 txs=2483599008 mgas=194665538 bps=31.05 tps=4811 mgps=470.2 avgBps=60.81 avgTps=7335 avgMGps=575.0 elapsed=3d22h2m
Aug 22 15:16:03 nimbus-eth1-mainnet-long-benchmark[2924939]: INF 2026-08-22 15:16:03.614+00:00 Imported blocks                            blockNumber=20594689 slot=9802745 blocks=20594688 txs=2484891011 mgas=194789870 bps=31.04 tps=4895 mgps=471.1 avgBps=60.78 avgTps=7334 avgMGps=574.9 elapsed=3d22h6m
Aug 22 15:20:38 nimbus-eth1-mainnet-long-benchmark[2924939]: INF 2026-08-22 15:20:38.061+00:00 Imported blocks                            blockNumber=20602881 slot=9810996 blocks=20602880 txs=2486119333 mgas=194914414 bps=29.85 tps=4475 mgps=453.8 avgBps=60.76 avgTps=7331 avgMGps=574.8 elapsed=3d22h11m
Aug 22 15:25:00 nimbus-eth1-mainnet-long-benchmark[2924939]: INF 2026-08-22 15:25:00.885+00:00 Imported blocks                            blockNumber=20611073 slot=9819237 blocks=20611072 txs=2487216978 mgas=195039228 bps=31.17 tps=4176 mgps=474.9 avgBps=60.74 avgTps=7329 avgMGps=574.7 elapsed=3d22h15m
Aug 22 15:29:17 nimbus-eth1-mainnet-long-benchmark[2924939]: INF 2026-08-22 15:29:17.925+00:00 Imported blocks                            blockNumber=20619265 slot=9827482 blocks=20619264 txs=2488541897 mgas=195163520 bps=31.87 tps=5154 mgps=483.6 avgBps=60.71 avgTps=7327 avgMGps=574.7 elapsed=3d22h20m
Aug 22 15:33:35 nimbus-eth1-mainnet-long-benchmark[2924939]: INF 2026-08-22 15:33:35.569+00:00 Imported blocks                            blockNumber=20627457 slot=9835711 blocks=20627456 txs=2489858365 mgas=195287826 bps=31.80 tps=5109 mgps=482.5 avgBps=60.69 avgTps=7325 avgMGps=574.6 elapsed=3d22h24m
Aug 22 15:37:59 nimbus-eth1-mainnet-long-benchmark[2924939]: INF 2026-08-22 15:37:59.873+00:00 Imported blocks                            blockNumber=20635649 slot=9843959 blocks=20635648 txs=2491181770 mgas=195412065 bps=30.99 tps=5007 mgps=470.1 avgBps=60.67 avgTps=7324 avgMGps=574.5 elapsed=3d22h28m
Aug 22 15:42:22 nimbus-eth1-mainnet-long-benchmark[2924939]: INF 2026-08-22 15:42:22.464+00:00 Imported blocks                            blockNumber=20643841 slot=9852200 blocks=20643840 txs=2492494347 mgas=195536175 bps=31.20 tps=4998 mgps=472.6 avgBps=60.65 avgTps=7322 avgMGps=574.4 elapsed=3d22h33m
Aug 22 15:46:50 nimbus-eth1-mainnet-long-benchmark[2924939]: INF 2026-08-22 15:46:50.468+00:00 Imported blocks                            blockNumber=20652033 slot=9860438 blocks=20652032 txs=2493662245 mgas=195660830 bps=30.57 tps=4357 mgps=465.1 avgBps=60.62 avgTps=7320 avgMGps=574.4 elapsed=3d22h37m
Aug 22 15:51:20 nimbus-eth1-mainnet-long-benchmark[2924939]: INF 2026-08-22 15:51:20.688+00:00 Imported blocks                            blockNumber=20660225 slot=9868668 blocks=20660224 txs=2494835211 mgas=195785649 bps=30.32 tps=4340 mgps=461.9 avgBps=60.60 avgTps=7317 avgMGps=574.3 elapsed=3d22h42m
Aug 22 15:55:30 nimbus-eth1-mainnet-long-benchmark[2924939]: INF 2026-08-22 15:55:30.524+00:00 Imported blocks                            blockNumber=20668417 slot=9876900 blocks=20668416 txs=2496072189 mgas=195909878 bps=32.79 tps=4951 mgps=497.2 avgBps=60.58 avgTps=7315 avgMGps=574.2 elapsed=3d22h46m
Aug 22 15:59:51 nimbus-eth1-mainnet-long-benchmark[2924939]: INF 2026-08-22 15:59:51.616+00:00 Imported blocks                            blockNumber=20676609 slot=9885128 blocks=20676608 txs=2497350614 mgas=196034070 bps=31.38 tps=4896 mgps=475.7 avgBps=60.56 avgTps=7314 avgMGps=574.1 elapsed=3d22h50m
Aug 22 16:04:00 nimbus-eth1-mainnet-long-benchmark[2924939]: INF 2026-08-22 16:04:00.304+00:00 Imported blocks                            blockNumber=20684801 slot=9893357 blocks=20684800 txs=2498628037 mgas=196158234 bps=32.94 tps=5136 mgps=499.3 avgBps=60.54 avgTps=7312 avgMGps=574.1 elapsed=3d22h54m
Aug 22 16:08:11 nimbus-eth1-mainnet-long-benchmark[2924939]: INF 2026-08-22 16:08:11.160+00:00 Imported blocks                            blockNumber=20692993 slot=9901590 blocks=20692992 txs=2499927346 mgas=196282456 bps=32.66 tps=5179 mgps=495.2 avgBps=60.52 avgTps=7310 avgMGps=574.0 elapsed=3d22h59m
Aug 22 16:12:35 nimbus-eth1-mainnet-long-benchmark[2924939]: INF 2026-08-22 16:12:35.500+00:00 Imported blocks                            blockNumber=20701185 slot=9909808 blocks=20701184 txs=2501207985 mgas=196406495 bps=30.99 tps=4844 mgps=469.2 avgBps=60.49 avgTps=7309 avgMGps=573.9 elapsed=3d23h3m
Aug 22 16:17:07 nimbus-eth1-mainnet-long-benchmark[2924939]: INF 2026-08-22 16:17:07.691+00:00 Imported blocks                            blockNumber=20709377 slot=9918046 blocks=20709376 txs=2502445590 mgas=196530646 bps=30.10 tps=4546 mgps=456.1 avgBps=60.47 avgTps=7306 avgMGps=573.8 elapsed=3d23h8m
Aug 22 16:21:16 nimbus-eth1-mainnet-long-benchmark[2924939]: INF 2026-08-22 16:21:16.987+00:00 Imported blocks                            blockNumber=20717569 slot=9926276 blocks=20717568 txs=2503764978 mgas=196654614 bps=32.86 tps=5292 mgps=497.3 avgBps=60.45 avgTps=7305 avgMGps=573.8 elapsed=3d23h12m
Aug 22 16:25:31 nimbus-eth1-mainnet-long-benchmark[2924939]: INF 2026-08-22 16:25:31.791+00:00 Imported blocks                            blockNumber=20725761 slot=9934518 blocks=20725760 txs=2505098502 mgas=196778520 bps=32.15 tps=5233 mgps=486.3 avgBps=60.43 avgTps=7303 avgMGps=573.7 elapsed=3d23h16m
Aug 22 16:29:47 nimbus-eth1-mainnet-long-benchmark[2924939]: INF 2026-08-22 16:29:47.515+00:00 Imported blocks                            blockNumber=20733953 slot=9942757 blocks=20733952 txs=2506441392 mgas=196902592 bps=32.03 tps=5251 mgps=485.2 avgBps=60.41 avgTps=7302 avgMGps=573.7 elapsed=3d23h20m
Aug 22 16:34:03 nimbus-eth1-mainnet-long-benchmark[2924939]: INF 2026-08-22 16:34:03.027+00:00 Imported blocks                            blockNumber=20742145 slot=9950994 blocks=20742144 txs=2507777316 mgas=197026592 bps=32.06 tps=5228 mgps=485.3 avgBps=60.39 avgTps=7300 avgMGps=573.6 elapsed=3d23h24m
Aug 22 16:38:18 nimbus-eth1-mainnet-long-benchmark[2924939]: INF 2026-08-22 16:38:18.687+00:00 Imported blocks                            blockNumber=20750337 slot=9959240 blocks=20750336 txs=2509059580 mgas=197150636 bps=32.04 tps=5015 mgps=485.2 avgBps=60.36 avgTps=7299 avgMGps=573.5 elapsed=3d23h29m
Aug 22 16:42:40 nimbus-eth1-mainnet-long-benchmark[2924939]: INF 2026-08-22 16:42:40.507+00:00 Imported blocks                            blockNumber=20758529 slot=9967460 blocks=20758528 txs=2510311801 mgas=197274711 bps=31.29 tps=4782 mgps=473.9 avgBps=60.34 avgTps=7297 avgMGps=573.4 elapsed=3d23h33m
Aug 22 16:46:43 nimbus-eth1-mainnet-long-benchmark[2924939]: INF 2026-08-22 16:46:43.375+00:00 Imported blocks                            blockNumber=20766721 slot=9975702 blocks=20766720 txs=2511560762 mgas=197398721 bps=33.73 tps=5142 mgps=510.6 avgBps=60.32 avgTps=7295 avgMGps=573.4 elapsed=3d23h37m
Aug 22 16:50:46 nimbus-eth1-mainnet-long-benchmark[2924939]: INF 2026-08-22 16:50:46.535+00:00 Imported blocks                            blockNumber=20774913 slot=9983955 blocks=20774912 txs=2512857042 mgas=197522681 bps=33.69 tps=5330 mgps=509.8 avgBps=60.30 avgTps=7294 avgMGps=573.4 elapsed=3d23h41m
Aug 22 16:54:36 nimbus-eth1-mainnet-long-benchmark[2924939]: INF 2026-08-22 16:54:36.568+00:00 Imported blocks                            blockNumber=20783105 slot=9992198 blocks=20783104 txs=2514152897 mgas=197646543 bps=35.61 tps=5633 mgps=538.5 avgBps=60.29 avgTps=7293 avgMGps=573.3 elapsed=3d23h45m
Aug 22 16:58:36 nimbus-eth1-mainnet-long-benchmark[2924939]: INF 2026-08-22 16:58:36.820+00:00 Imported blocks                            blockNumber=20791297 slot=10000436 blocks=20791296 txs=2515509958 mgas=197770198 bps=34.10 tps=5648 mgps=514.7 avgBps=60.27 avgTps=7291 avgMGps=573.3 elapsed=3d23h49m
Aug 22 17:02:25 nimbus-eth1-mainnet-long-benchmark[2924939]: INF 2026-08-22 17:02:25.668+00:00 Imported blocks                            blockNumber=20799489 slot=10008679 blocks=20799488 txs=2516796641 mgas=197894102 bps=35.80 tps=5622 mgps=541.4 avgBps=60.25 avgTps=7290 avgMGps=573.3 elapsed=3d23h53m
Aug 22 17:06:37 nimbus-eth1-mainnet-long-benchmark[2924939]: INF 2026-08-22 17:06:37.088+00:00 Imported blocks                            blockNumber=20807681 slot=10016909 blocks=20807680 txs=2518022350 mgas=198017786 bps=32.58 tps=4875 mgps=491.9 avgBps=60.23 avgTps=7289 avgMGps=573.2 elapsed=3d23h57m
Aug 22 17:10:37 nimbus-eth1-mainnet-long-benchmark[2924939]: INF 2026-08-22 17:10:37.392+00:00 Imported blocks                            blockNumber=20815873 slot=10025141 blocks=20815872 txs=2519303534 mgas=198141487 bps=34.09 tps=5331 mgps=514.8 avgBps=60.22 avgTps=7287 avgMGps=573.2 elapsed=4d1m30s
Aug 22 17:14:29 nimbus-eth1-mainnet-long-benchmark[2924939]: INF 2026-08-22 17:14:29.809+00:00 Imported blocks                            blockNumber=20824065 slot=10033363 blocks=20824064 txs=2520609705 mgas=198265162 bps=35.25 tps=5620 mgps=532.1 avgBps=60.20 avgTps=7286 avgMGps=573.1 elapsed=4d5m23s
Aug 22 17:18:23 nimbus-eth1-mainnet-long-benchmark[2924939]: INF 2026-08-22 17:18:23.853+00:00 Imported blocks                            blockNumber=20832257 slot=10041601 blocks=20832256 txs=2521910298 mgas=198388860 bps=35.00 tps=5556 mgps=528.5 avgBps=60.18 avgTps=7285 avgMGps=573.1 elapsed=4d9m17s
Aug 22 17:22:26 nimbus-eth1-mainnet-long-benchmark[2924939]: INF 2026-08-22 17:22:26.949+00:00 Imported blocks                            blockNumber=20840449 slot=10049823 blocks=20840448 txs=2523232491 mgas=198512602 bps=33.70 tps=5439 mgps=509.0 avgBps=60.16 avgTps=7284 avgMGps=573.1 elapsed=4d13m20s
Aug 22 17:27:02 nimbus-eth1-mainnet-long-benchmark[2924939]: INF 2026-08-22 17:27:02.309+00:00 Imported blocks                            blockNumber=20848641 slot=10058046 blocks=20848640 txs=2524571769 mgas=198636483 bps=29.75 tps=4863 mgps=449.9 avgBps=60.14 avgTps=7282 avgMGps=573.0 elapsed=4d17m55s
Aug 22 17:31:31 nimbus-eth1-mainnet-long-benchmark[2924939]: INF 2026-08-22 17:31:31.704+00:00 Imported blocks                            blockNumber=20856833 slot=10066279 blocks=20856832 txs=2525851925 mgas=198760528 bps=30.41 tps=4751 mgps=460.5 avgBps=60.12 avgTps=7280 avgMGps=572.9 elapsed=4d22m25s
Aug 22 17:36:02 nimbus-eth1-mainnet-long-benchmark[2924939]: INF 2026-08-22 17:36:02.844+00:00 Imported blocks                            blockNumber=20865025 slot=10074499 blocks=20865024 txs=2527192970 mgas=198884468 bps=30.21 tps=4945 mgps=457.1 avgBps=60.09 avgTps=7278 avgMGps=572.8 elapsed=4d26m56s
Aug 22 17:40:10 nimbus-eth1-mainnet-long-benchmark[2924939]: INF 2026-08-22 17:40:10.024+00:00 Imported blocks                            blockNumber=20873217 slot=10082726 blocks=20873216 txs=2528642119 mgas=199008343 bps=33.14 tps=5862 mgps=501.2 avgBps=60.07 avgTps=7277 avgMGps=572.7 elapsed=4d31m3s
Aug 22 17:44:27 nimbus-eth1-mainnet-long-benchmark[2924939]: INF 2026-08-22 17:44:27.180+00:00 Imported blocks                            blockNumber=20881409 slot=10090947 blocks=20881408 txs=2529960756 mgas=199132172 bps=31.86 tps=5127 mgps=481.5 avgBps=60.05 avgTps=7275 avgMGps=572.7 elapsed=4d35m20s
Aug 22 17:48:39 nimbus-eth1-mainnet-long-benchmark[2924939]: INF 2026-08-22 17:48:39.568+00:00 Imported blocks                            blockNumber=20889601 slot=10099176 blocks=20889600 txs=2531270760 mgas=199256251 bps=32.46 tps=5190 mgps=491.6 avgBps=60.03 avgTps=7274 avgMGps=572.6 elapsed=4d39m33s
Aug 22 17:52:46 nimbus-eth1-mainnet-long-benchmark[2924939]: INF 2026-08-22 17:52:46.580+00:00 Imported blocks                            blockNumber=20897793 slot=10107391 blocks=20897792 txs=2532558201 mgas=199380315 bps=33.16 tps=5212 mgps=502.3 avgBps=60.01 avgTps=7272 avgMGps=572.6 elapsed=4d43m40s
Aug 22 17:56:56 nimbus-eth1-mainnet-long-benchmark[2924939]: INF 2026-08-22 17:56:56.168+00:00 Imported blocks                            blockNumber=20905985 slot=10115611 blocks=20905984 txs=2533796308 mgas=199504257 bps=32.82 tps=4960 mgps=496.6 avgBps=59.99 avgTps=7271 avgMGps=572.5 elapsed=4d47m49s
Aug 22 18:00:59 nimbus-eth1-mainnet-long-benchmark[2924939]: INF 2026-08-22 18:00:59.308+00:00 Imported blocks                            blockNumber=20914177 slot=10123834 blocks=20914176 txs=2535067280 mgas=199628225 bps=33.69 tps=5227 mgps=509.9 avgBps=59.98 avgTps=7269 avgMGps=572.5 elapsed=4d51m52s
Aug 22 18:04:56 nimbus-eth1-mainnet-long-benchmark[2924939]: INF 2026-08-22 18:04:56.320+00:00 Imported blocks                            blockNumber=20922369 slot=10132052 blocks=20922368 txs=2536405686 mgas=199751845 bps=34.56 tps=5647 mgps=521.6 avgBps=59.96 avgTps=7268 avgMGps=572.4 elapsed=4d55m49s
Aug 22 18:08:51 nimbus-eth1-mainnet-long-benchmark[2924939]: INF 2026-08-22 18:08:51.297+00:00 Imported blocks                            blockNumber=20930561 slot=10140274 blocks=20930560 txs=2537756059 mgas=199875636 bps=34.86 tps=5746 mgps=526.8 avgBps=59.94 avgTps=7267 avgMGps=572.4 elapsed=4d59m44s
Aug 22 18:12:58 nimbus-eth1-mainnet-long-benchmark[2924939]: INF 2026-08-22 18:12:58.913+00:00 Imported blocks                            blockNumber=20938753 slot=10148494 blocks=20938752 txs=2539070302 mgas=199999273 bps=33.08 tps=5307 mgps=499.3 avgBps=59.92 avgTps=7266 avgMGps=572.4 elapsed=4d1h3m
Aug 22 18:16:52 nimbus-eth1-mainnet-long-benchmark[2924939]: INF 2026-08-22 18:16:52.529+00:00 Imported blocks                            blockNumber=20946945 slot=10156745 blocks=20946944 txs=2540462929 mgas=200122988 bps=35.07 tps=5961 mgps=529.6 avgBps=59.91 avgTps=7265 avgMGps=572.3 elapsed=4d1h7m
Aug 22 18:21:17 nimbus-eth1-mainnet-long-benchmark[2924939]: INF 2026-08-22 18:21:17.117+00:00 Imported blocks                            blockNumber=20955137 slot=10165009 blocks=20955136 txs=2541746285 mgas=200246893 bps=30.96 tps=4850 mgps=468.3 avgBps=59.88 avgTps=7263 avgMGps=572.2 elapsed=4d1h12m
Aug 22 18:25:29 nimbus-eth1-mainnet-long-benchmark[2924939]: INF 2026-08-22 18:25:29.141+00:00 Imported blocks                            blockNumber=20963329 slot=10173259 blocks=20963328 txs=2542997277 mgas=200370697 bps=32.51 tps=4963 mgps=491.2 avgBps=59.86 avgTps=7261 avgMGps=572.2 elapsed=4d1h16m
Aug 22 18:29:28 nimbus-eth1-mainnet-long-benchmark[2924939]: INF 2026-08-22 18:29:28.673+00:00 Imported blocks                            blockNumber=20971521 slot=10181499 blocks=20971520 txs=2544394231 mgas=200494597 bps=34.20 tps=5832 mgps=517.3 avgBps=59.85 avgTps=7260 avgMGps=572.2 elapsed=4d1h20m
Aug 22 18:33:37 nimbus-eth1-mainnet-long-benchmark[2924939]: INF 2026-08-22 18:33:37.549+00:00 Imported blocks                            blockNumber=20979713 slot=10189737 blocks=20979712 txs=2545745935 mgas=200618342 bps=32.92 tps=5431 mgps=497.2 avgBps=59.83 avgTps=7259 avgMGps=572.1 elapsed=4d1h24m
Aug 22 18:37:39 nimbus-eth1-mainnet-long-benchmark[2924939]: INF 2026-08-22 18:37:39.181+00:00 Imported blocks                            blockNumber=20987905 slot=10197972 blocks=20987904 txs=2547154623 mgas=200742279 bps=33.90 tps=5829 mgps=512.9 avgBps=59.81 avgTps=7258 avgMGps=572.1 elapsed=4d1h28m
Aug 22 18:41:32 nimbus-eth1-mainnet-long-benchmark[2924939]: INF 2026-08-22 18:41:32.910+00:00 Imported blocks                            blockNumber=20996097 slot=10206206 blocks=20996096 txs=2548657544 mgas=200866186 bps=35.05 tps=6430 mgps=530.1 avgBps=59.79 avgTps=7258 avgMGps=572.0 elapsed=4d1h32m
Aug 22 18:45:52 nimbus-eth1-mainnet-long-benchmark[2924939]: INF 2026-08-22 18:45:52.237+00:00 Imported blocks                            blockNumber=21004289 slot=10214429 blocks=21004288 txs=2550076846 mgas=200990114 bps=31.59 tps=5472 mgps=477.9 avgBps=59.77 avgTps=7256 avgMGps=572.0 elapsed=4d1h36m
Aug 22 18:46:26 nimbus-eth1-mainnet-long-benchmark[2924939]: INF 2026-08-22 18:46:26.481+00:00 Imported blocks                            blockNumber=21005282 slot=10223616 blocks=21005281 txs=2550236120 mgas=201005159 bps=29.00 tps=4651 mgps=439.3 avgBps=59.77 avgTps=7256 avgMGps=571.9 elapsed=4d1h37m
Aug 22 18:46:26 nimbus-eth1-mainnet-long-benchmark[2924939]: NTC 2026-08-22 18:46:26.481+00:00 Import complete                            blockNumber=21005282 slot=10223616 blocks=21005281 txs=2550236120 mgas=201005159
Aug 22 18:46:27 nimbus-eth1-mainnet-long-benchmark[2898600]: <<< ending startNimbusWithImport (success)
Aug 22 18:46:27 nimbus-eth1-mainnet-long-benchmark[2898600]: >>> starting moveBenchmarkingFileToRepo
Aug 22 18:46:27 nimbus-eth1-mainnet-long-benchmark[2898600]: >>> copying debug-csv generated by nimbus to benchmarks repo
Aug 22 18:46:27 nimbus-eth1-mainnet-long-benchmark[2898600]: <<< ending moveBenchmarkingFileToRepo (success)
Aug 22 18:46:27 nimbus-eth1-mainnet-long-benchmark[3476503]: tail: error writing 'standard output': Broken pipe
Aug 22 18:46:27 nimbus-eth1-mainnet-long-benchmark[2898600]: >>> starting generateBuildEnvironmentLogFile
Aug 22 18:46:36 nimbus-eth1-mainnet-long-benchmark[2898600]: <<< ending generateBuildEnvironmentLogFile (success)
Aug 22 18:46:36 nimbus-eth1-mainnet-long-benchmark[2898600]: >>> starting generateSystemdServiceLogs
