block_number,blocks,slot,txs,gas,time
8193,8192,1,0,0,233644875
16385,8192,1,0,0,230647523
24577,8192,1,0,0,224889158
32769,8192,1,0,0,230126957
40961,8192,1,0,0,228327177
49153,8192,1,1514,33070964,298671581
57345,8192,1,3916,407821091,428580814
65537,8192,1,2676,90041948,353425580
73729,8192,1,5821,197747509,416184960
81921,8192,1,4204,131282630,385876432
90113,8192,1,4589,112269814,385269787
98305,8192,1,3327,84662425,350987395
106497,8192,1,4168,105498119,371406440
114689,8192,1,4247,119199457,363391090
122881,8192,1,6054,163953975,392511392
131073,8192,1,5852,147449076,375573186
139265,8192,1,6678,168428364,390105897
147457,8192,1,7805,190561977,426108520
155649,8192,1,8675,220080834,446244607
163841,8192,1,7255,175016877,421689296
172033,8192,1,10115,242307512,482139220
180225,8192,1,12029,319429322,535977455
188417,8192,1,10493,307941046,499058937
196609,8192,1,8488,226000959,484402156
204801,8192,1,9431,284499928,493018475
212993,8192,1,9432,269025812,485780968
221185,8192,1,9745,253020191,491576673
229377,8192,1,9473,303239797,488496542
237569,8192,1,9752,287334366,496170325
245761,8192,1,9175,237099979,496459963
253953,8192,1,9225,299876210,514482634
262145,8192,1,8500,237942979,484031969
270337,8192,1,11073,360421503,546208431
278529,8192,1,11244,333906121,550598206
286721,8192,1,9944,288230259,516284733
294913,8192,1,9552,272964709,507490937
303105,8192,1,10564,278617464,513687008
311297,8192,1,9852,289668902,517430208
319489,8192,1,10772,285019105,528482759
327681,8192,1,9264,263512681,521609981
335873,8192,1,10710,300329465,557059976
344065,8192,1,10447,340557247,556238733
352257,8192,1,11871,367785281,592992438
360449,8192,1,11031,301110840,572344164
368641,8192,1,10176,272300629,548083870
376833,8192,1,10299,327273585,582246754
385025,8192,1,11650,328391280,588393156
393217,8192,1,10917,668394420,609210690
401409,8192,1,10512,371168499,578464677
409601,8192,1,11329,399996130,590470284
417793,8192,1,9682,299513459,541338501
425985,8192,1,10211,378463309,586294430
434177,8192,1,10123,371765259,600519992
442369,8192,1,10202,298321714,551761808
450561,8192,1,10252,488330843,855331411
458753,8192,1,11670,315763779,607695419
466945,8192,1,12392,405644045,618654033
475137,8192,1,11262,434129872,720303048
483329,8192,1,11885,436485530,818022266
491521,8192,1,11396,324292141,670237351
499713,8192,1,11390,316107054,580387615
507905,8192,1,19834,986537643,937498381
516097,8192,1,14518,537099270,680622707
524289,8192,1,14364,563247320,796171938
532481,8192,1,15028,641704064,845992207
540673,8192,1,11625,533545978,770930351
548865,8192,1,12334,352563908,591829755
557057,8192,1,11579,286224762,551012382
565249,8192,1,12543,387072166,630351833
573441,8192,1,11762,377902837,647954815
581633,8192,1,11889,329240266,594005872
589825,8192,1,12402,356748509,623433414
598017,8192,1,11554,361660592,597452910
606209,8192,1,11466,286807225,568804585
614401,8192,1,11355,383668685,810642590
622593,8192,1,12943,487254257,635848979
630785,8192,1,10960,369935232,570036149
638977,8192,1,10609,304527314,557574791
647169,8192,1,11891,400916707,595453473
655361,8192,1,13364,422684376,604585790
663553,8192,1,11233,291970815,574762530
671745,8192,1,11307,306322589,583670855
679937,8192,1,13718,480255087,730646784
688129,8192,1,12101,533373764,719711631
696321,8192,1,24697,2437912230,2371957285
704513,8192,1,24278,1882935448,1692636798
712705,8192,1,15914,1053536841,1282907828
720897,8192,1,14854,884970772,1095937403
729089,8192,1,18033,1103406409,1209656602
737281,8192,1,39634,2413080461,2402468128
745473,8192,1,20252,1205744179,1459241962
753665,8192,1,16649,914386676,1301388480
761857,8192,1,29450,1702093462,1919206847
770049,8192,1,19926,1149090055,1582765463
778241,8192,1,27585,1546147829,1832930370
786433,8192,1,13804,512905120,919410241
794625,8192,1,14238,555275432,1007192201
802817,8192,1,20936,1074374824,1430647755
811009,8192,1,33100,2274628469,2277780256
819201,8192,1,21058,1074857191,1389546784
827393,8192,1,17945,1068696871,1307009714
835585,8192,1,16965,691346951,1131988345
843777,8192,1,24779,1318609001,1574432245
851969,8192,1,17337,797507253,1186787203
860161,8192,1,16221,653054698,876457021
868353,8192,1,17414,667767224,828324184
876545,8192,1,20874,997212648,1004667875
884737,8192,1,18556,602924448,854062027
892929,8192,1,20188,746509191,960560153
901121,8192,1,20728,705763650,924673680
909313,8192,1,28858,1212230895,1201495023
917505,8192,1,29450,1450050635,1425610556
925697,8192,1,25856,1070129090,1265306017
933889,8192,1,23756,919949479,1111956145
942081,8192,1,24390,780757258,973568924
950273,8192,1,22318,724737535,946385739
958465,8192,1,23856,823943680,1016826352
966657,8192,1,39968,1787855655,1641440799
974849,8192,1,24875,783309904,1014904273
983041,8192,1,25559,758151178,1001823543
991233,8192,1,32769,996332438,1117519702
999425,8192,1,29253,955506690,1151948103
1007617,8192,1,28779,874607232,1043791889
1015809,8192,1,28640,944195150,1097222715
1024001,8192,1,30592,1077029621,1191830542
1032193,8192,1,30567,1025667741,1112547602
1040385,8192,1,26761,784549571,1024193377
1048577,8192,1,28815,1876343804,1182458899
1056769,8192,1,31628,1248873846,1108765505
1064961,8192,1,32758,1302389229,1241240172
1073153,8192,1,30961,857488355,1048795929
1081345,8192,1,33502,949562723,1141980334
1089537,8192,1,37121,995463452,1187460958
1097729,8192,1,40115,1081576458,1221648291
1105921,8192,1,42800,1253697553,1303935043
1114113,8192,1,41667,1235498720,1286393130
1122305,8192,1,38878,1141426898,1215832047
1130497,8192,1,41538,1202802604,1230880735
1138689,8192,1,39904,1101644111,1176143167
1146881,8192,1,44221,1340457745,1292160348
1155073,8192,1,43528,1383496645,1253714256
1163265,8192,1,38152,1246718060,1153756913
1171457,8192,1,44944,1374923499,1335075203
1179649,8192,1,46242,1574630437,1379890420
1187841,8192,1,44523,1522997076,1335202831
1196033,8192,1,43594,1529570548,1484905592
1204225,8192,1,41259,1452683779,1371925828
1212417,8192,1,52923,2302777232,1913672228
1220609,8192,1,46705,1563686082,1459284328
1228801,8192,1,46123,1514235577,1536647448
1236993,8192,1,43046,1458453689,1468163754
1245185,8192,1,49499,1658881432,1592736458
1253377,8192,1,46254,1516126264,1294973405
1261569,8192,1,42318,1328121509,1470434740
1269761,8192,1,40021,1078268036,1176409516
1277953,8192,1,46365,1435004546,1499787651
1286145,8192,1,50841,1591258579,1585793881
1294337,8192,1,41499,1271776158,1324321117
1302529,8192,1,47633,1512367159,1578127495
1310721,8192,1,42641,1164414830,1286525917
1318913,8192,1,42610,1137106273,1273158349
1327105,8192,1,45560,1357858661,1404715908
1335297,8192,1,50369,1781939706,1414246781
1343489,8192,1,45221,1209479371,1259801340
1351681,8192,1,44015,1206824098,1302075002
1359873,8192,1,54888,1591716049,1286136110
1368065,8192,1,43396,1184809863,1325665999
1376257,8192,1,48876,1593180641,1460070293
1384449,8192,1,45143,1439543743,1274106022
1392641,8192,1,41341,1118372583,1316750934
1400833,8192,1,45540,1329131424,1348700249
1409025,8192,1,49104,1485363761,1450764809
1417217,8192,1,44023,1225869865,1239837470
1425409,8192,1,49886,1450651632,1483564441
1433601,8192,1,56669,1681771886,1521277800
1441793,8192,1,54635,1947185643,1541810327
1449985,8192,1,56685,1624594158,1481247245
1458177,8192,1,50196,1613347851,1511388781
1466369,8192,1,54893,2240127730,2101921375
1474561,8192,1,52100,1483885342,1486092195
1482753,8192,1,51280,1586965488,1577399560
1490945,8192,1,56855,1674576856,1466424165
1499137,8192,1,52382,1728224502,1479705303
1507329,8192,1,60036,2138598848,1856455416
1515521,8192,1,69268,2441975068,1982209722
1523713,8192,1,56514,1832134302,1744898393
1531905,8192,1,51124,1731842384,1633794868
1540097,8192,1,58754,1911501394,1727077742
1548289,8192,1,61429,1987968261,1639166845
1556481,8192,1,60630,2360467143,1812537062
1564673,8192,1,56981,1819841802,1562898688
1572865,8192,1,56494,1777140576,1530192898
1581057,8192,1,59042,1735378915,1508190301
1589249,8192,1,68973,2172337508,1817711071
1597441,8192,1,64306,2192773982,1809855318
1605633,8192,1,86669,3493104245,2384491349
1613825,8192,1,62112,2154462632,1730394341
1622017,8192,1,60118,1914186297,1670512245
1630209,8192,1,53413,1741132990,1506743430
1638401,8192,1,56756,1633896769,1463808040
1646593,8192,1,50346,1452533160,1430030846
1654785,8192,1,50828,1521883376,1386885277
1662977,8192,1,60376,3061122313,2228731415
1671169,8192,1,55258,1843787387,1622287858
1679361,8192,1,55775,1793288354,1510566956
1687553,8192,1,52281,1793521528,1538513557
1695745,8192,1,55227,1857680146,1559203711
1703937,8192,1,64652,2265573762,1851506276
1712129,8192,1,63355,2060421766,1754100826
1720321,8192,1,65682,5800241515,7846556869
1728513,8192,1,95610,16739007815,41477621915
1736705,8192,1,67917,4743426756,8404932336
1744897,8192,1,62602,3296268924,3865072967
1753089,8192,1,68336,3841591968,3038385188
1761281,8192,1,58130,2076897006,1962890869
1769473,8192,1,57022,2221809906,1645280738
1777665,8192,1,52898,1689289635,1650030590
1785857,8192,1,53856,1708894430,1816427848
1794049,8192,1,56044,1992483551,2169266516
1802241,8192,1,90325,5767597538,2813473982
1810433,8192,1,52758,2499380206,4485758200
1818625,8192,1,55194,1772826158,1895882955
1826817,8192,1,53703,1704827192,1538396256
1835009,8192,1,49822,1916513753,2060187279
1843201,8192,1,53374,1676538934,1594021398
1851393,8192,1,60123,2381439875,3158754546
1859585,8192,1,56426,2865260110,4641712091
1867777,8192,1,50632,1670163364,1836938214
1875969,8192,1,53453,1904646721,2003658412
1884161,8192,1,54655,1840362954,1677813461
1892353,8192,1,54265,1824465369,1587325972
1900545,8192,1,51280,1414646366,1391280440
1908737,8192,1,47043,1388770142,1430812790
1916929,8192,1,63160,1874850406,1628458550
1925121,8192,1,62773,4171399935,7785139591
1933313,8192,1,65738,2266620454,2098708974
1941505,8192,1,62037,2034143904,1765951656
1949697,8192,1,79321,2248553641,1856854803
1957889,8192,1,74738,2527380908,2165872957
1966081,8192,1,75137,2369261794,1924387703
1974273,8192,1,66582,2970283633,2201483180
1982465,8192,1,60335,2173102476,2240977221
1990657,8192,1,63657,1764764048,1583597732
1998849,8192,1,66671,2054100679,1748258263
2007041,8192,1,68240,2035711402,1737821367
2015233,8192,1,60275,1885646786,1541353349
2023425,8192,1,59731,1718762000,1548797264
2031617,8192,1,56298,1666187619,1465973698
2039809,8192,1,56416,2985329528,2204618391
2048001,8192,1,67806,2074138922,1623699459
2056193,8192,1,63577,1903780373,1608987619
2064385,8192,1,55865,1657169845,1527292244
2072577,8192,1,58480,1557471379,1399481931
2080769,8192,1,55331,1599645346,1469234228
2088961,8192,1,64228,1850037001,1643129271
2097153,8192,1,66060,2188998555,1815028062
2105345,8192,1,54235,1660505770,1526687961
2113537,8192,1,56694,1742357705,1454004726
2121729,8192,1,61614,1816239031,1591612036
2129921,8192,1,63451,3861822325,2466942268
2138113,8192,1,69603,2043909844,1659203874
2146305,8192,1,61611,1914481982,1545841245
2154497,8192,1,62524,1658273809,1435171619
2162689,8192,1,61974,1798911967,1600626521
2170881,8192,1,62834,1920681017,1662576893
2179073,8192,1,61629,1818058493,1577345783
2187265,8192,1,76278,2727312503,2014581937
2195457,8192,1,59767,1675377812,1544828581
2203649,8192,1,65371,2614658821,1819742545
2211841,8192,1,62364,2039781213,1583118758
2220033,8192,1,60969,1981999587,1617748946
2228225,8192,1,85854,2814470323,1946710811
2236417,8192,1,55933,1813330669,1450589516
2244609,8192,1,57588,1730634676,1438486289
2252801,8192,1,63320,2021513820,1610615590
2260993,8192,1,65183,2112882377,1785151677
2269185,8192,1,74523,2354744595,1758097160
2277377,8192,1,72172,2714744039,1837874144
2285569,8192,1,50199,1706002470,2687335516
2293761,8192,1,61842,1801256949,6106735666
2301953,8192,1,68639,2034760072,1790882041
2310145,8192,1,66952,2916329686,15744776894
2318337,8192,1,48275,1914011719,11662080435
2326529,8192,1,56968,3010508461,23313152518
2334721,8192,1,60252,3532946594,44169109449
2342913,8192,1,59242,2893073539,20870344063
2351105,8192,1,56520,2437337126,4249292172
2359297,8192,1,53930,2539978338,9157256076
2367489,8192,1,72486,5437092390,37914065863
2375681,8192,1,64351,3955814780,34787598446
2383873,8192,1,72150,4175006287,26547147567
2392065,8192,1,52311,3587030185,49587514620
2400257,8192,1,60755,3380343872,107833620568
2408449,8192,1,54394,3489623288,87927973772
2416641,8192,1,59749,3571481590,53021851887
2424833,8192,1,52901,2140315677,72893679521
2433025,8192,1,41983,2064705182,91031182375
2441217,8192,1,52489,1940457621,36070022061
2449409,8192,1,47032,1416811786,16104055908
2457601,8192,1,50121,1416935937,21632212816
2465793,8192,1,63997,2059194432,18141899512
2473985,8192,1,52613,5415624522,50278543688
2482177,8192,1,77644,2200694454,3384257886
2490369,8192,1,47944,1381582456,1560440907
2498561,8192,1,58110,1704965277,1668354761
2506753,8192,1,68097,2292291281,1999738541
2514945,8192,1,59292,1798672209,1817149741
2523137,8192,1,59793,1784849739,1775284794
2531329,8192,1,57693,1656383700,1736593835
2539521,8192,1,55694,1627913854,1589215397
2547713,8192,1,63237,1907051300,1808111347
2555905,8192,1,61395,1723186230,1774950317
2564097,8192,1,57303,1576168754,1839207184
2572289,8192,1,44899,1243188531,1341966412
2580481,8192,1,50737,1381762673,1440473736
2588673,8192,1,53997,1523970827,1599203603
2596865,8192,1,56755,1868225974,1897269891
2605057,8192,1,54579,1853422028,1682609824
2613249,8192,1,57937,1749156374,1675312298
2621441,8192,1,54830,1654717503,1667919764
2629633,8192,1,59687,1932781220,1732318882
2637825,8192,1,58098,1831832946,1722159416
2646017,8192,1,57577,1732304988,1700237382
2654209,8192,1,56517,1691425491,1519227484
2662401,8192,1,54908,1580644481,1752855834
2670593,8192,1,56589,1781259427,1585374270
2678785,8192,1,85495,2598196853,14124867051
2686977,8192,1,59696,3974729576,71573659953
2695169,8192,1,72462,4113740875,42179945937
2703361,8192,1,55726,4743499117,65157850708
2711553,8192,1,65254,6348291025,86144726059
2719745,8192,1,64427,5199613546,50416448415
2727937,8192,1,50844,1684630038,2159591869
2736129,8192,1,54697,1652133461,1567296393
2744321,8192,1,53051,1748152517,1494029633
2752513,8192,1,55339,1979520745,1660298670
2760705,8192,1,64847,2063457441,1695444910
2768897,8192,1,55277,1804237075,1657341400
2777089,8192,1,56023,1776551857,1622673955
2785281,8192,1,52991,1726269370,1573587054
2793473,8192,1,52624,2213276915,1563977633
2801665,8192,1,55238,1810591298,1704686503
2809857,8192,1,63980,2356415998,1910218973
2818049,8192,1,65743,2448549979,1949411447
2826241,8192,1,54971,1881197690,1571360018
2834433,8192,1,49662,1953789890,1773159802
2842625,8192,1,58392,2038106026,1672368495
2850817,8192,1,64185,2225753659,1799822465
2859009,8192,1,76490,2486660557,2025876188
2867201,8192,1,55683,1760491642,1583788740
2875393,8192,1,50675,1452936266,1401861691
2883585,8192,1,50157,1522394202,1475605448
2891777,8192,1,58225,1860099069,1569036102
2899969,8192,1,60144,2083730262,1691685514
2908161,8192,1,60988,2086757942,1717258283
2916353,8192,1,54302,1714680114,1506734082
2924545,8192,1,50695,1584719153,1512518467
2932737,8192,1,63026,2305221488,1963579457
2940929,8192,1,67480,2204851332,1844691678
2949121,8192,1,61833,1971573134,1761409947
2957313,8192,1,58505,1930260127,1656202473
2965505,8192,1,59699,1937673518,1729322376
2973697,8192,1,63091,2244391292,1772718787
2981889,8192,1,64874,2137001608,1745229328
2990081,8192,1,70738,2397486878,1780322638
2998273,8192,1,58903,1853897373,1592712588
3006465,8192,1,54373,1766782589,1540794302
3014657,8192,1,65027,2294148724,1759402259
3022849,8192,1,60922,2027141448,1722022192
3031041,8192,1,58548,1960456703,1740719136
3039233,8192,1,61315,2005539036,1740528037
3047425,8192,1,62091,2149768492,1839467201
3055617,8192,1,67927,2452616440,1911512772
3063809,8192,1,62018,2292070946,1894043470
3072001,8192,1,63286,2183742248,1968251469
3080193,8192,1,65669,2218082794,1810174812
3088385,8192,1,54874,1846213528,1714802237
3096577,8192,1,63311,2098245747,1811443796
3104769,8192,1,59762,2124435421,1743439949
3112961,8192,1,58897,2178531771,1928327157
3121153,8192,1,58468,1974991763,1698624178
3129345,8192,1,63556,2065813146,1834722140
3137537,8192,1,64128,2220717880,1857449839
3145729,8192,1,70462,2665896127,2025388473
3153921,8192,1,64806,2336669302,1990217461
3162113,8192,1,70074,2730719806,2236186109
3170305,8192,1,60420,2178878613,1869995071
3178497,8192,1,73252,3110141726,2194937606
3186689,8192,1,79081,2976280771,2176517151
3194881,8192,1,71074,2804402262,2105890971
3203073,8192,1,64978,2351345544,1891787885
3211265,8192,1,68556,2464803794,1913718568
3219457,8192,1,66845,2286314550,1894338858
3227649,8192,1,75763,3113040792,2104286861
3235841,8192,1,69688,2984250772,2118423683
3244033,8192,1,68668,2289170959,1939751317
3252225,8192,1,71170,2634879929,2140365376
3260417,8192,1,70604,2482121481,2141015351
3268609,8192,1,79874,2821352557,2235338385
3276801,8192,1,82615,2938903296,2315795103
3284993,8192,1,93464,3013882836,2408884433
3293185,8192,1,81232,2628326517,2165994807
3301377,8192,1,77780,2508423110,2011859907
3309569,8192,1,85412,2762075045,2229853319
3317761,8192,1,74949,2364616867,1946121736
3325953,8192,1,89542,3008034239,2436876479
3334145,8192,1,89382,3038054714,2290283212
3342337,8192,1,91012,2910544703,2484337544
3350529,8192,1,112957,4683356145,3061418698
3358721,8192,1,108487,3824938321,2765673581
3366913,8192,1,150248,4856683444,3317113344
3375105,8192,1,129410,4029391606,3048262381
3383297,8192,1,118959,3597176359,2735768707
3391489,8192,1,113031,3618928236,2627854949
3399681,8192,1,109702,3595863612,2635676611
3407873,8192,1,112341,3708098910,2649773883
3416065,8192,1,121089,3775021048,2704338623
3424257,8192,1,111288,3513747685,2665875532
3432449,8192,1,126552,4519125602,3111004279
3440641,8192,1,116739,3847970531,2914009507
3448833,8192,1,137505,4650151490,3194874146
3457025,8192,1,132372,4354448594,3265539468
3465217,8192,1,116438,3872751305,2906322104
3473409,8192,1,138958,4605215288,3771585044
3481601,8192,1,115237,3904507999,2968657486
3489793,8192,1,129313,4405146988,3228062560
3497985,8192,1,121326,4141663795,3008847876
3506177,8192,1,101941,3457895017,2731381924
3514369,8192,1,104473,3801545119,2874016956
3522561,8192,1,110663,3893580475,3186974336
3530753,8192,1,118136,4358681727,3066200918
3538945,8192,1,116538,3957151738,3136712600
3547137,8192,1,97599,3525061715,2835963473
3555329,8192,1,105494,3951999139,3370419363
3563521,8192,1,113777,4538716060,3423412113
3571713,8192,1,122232,4932027111,3679133361
3579905,8192,1,113517,5371454955,3241737784
3588097,8192,1,103751,3918968307,3344869523
3596289,8192,1,112257,4332652445,3355574566
3604481,8192,1,136619,5289710359,4006533581
3612673,8192,1,143158,5255428268,3693145712
3620865,8192,1,145745,4868936849,3732553617
3629057,8192,1,136562,4879877560,3662752202
3637249,8192,1,160424,6406024036,4289158141
3645441,8192,1,150436,5782052966,3990735689
3653633,8192,1,167559,5819732935,4181500650
3661825,8192,1,142125,5329409688,3721826715
3670017,8192,1,152266,6300591479,4121204885
3678209,8192,1,169497,6571385749,4251141187
3686401,8192,1,156250,7347905323,4697475385
3694593,8192,1,167344,7335647042,4511966032
3702785,8192,1,147702,7536226635,4534056214
3710977,8192,1,168287,8194709920,4870069911
3719169,8192,1,176741,9883600890,5759666029
3727361,8192,1,214081,11450730102,6413568268
3735553,8192,1,229327,12196031413,6695118855
3743745,8192,1,201943,10613685663,5963301028
3751937,8192,1,260406,12599459208,7210699528
3760129,8192,1,278528,15779303797,7912777126
3768321,8192,1,279013,16350363987,8289428894
3776513,8192,1,244538,13523383202,7002803875
3784705,8192,1,224822,12717337930,7080215949
3792897,8192,1,248995,13592095818,7414413767
3801089,8192,1,314302,19832169118,8657056656
3809281,8192,1,313676,17980594470,12368624422
3817473,8192,1,280618,16692684984,9718288409
3825665,8192,1,296114,15953100496,9061877889
3833857,8192,1,317754,17492872153,9585667313
3842049,8192,1,305857,17151665586,9868430886
3850241,8192,1,325308,16138916714,9916999190
3858433,8192,1,365858,18515263356,10592708258
3866625,8192,1,450999,21732698279,12845471874
3874817,8192,1,403872,18428150155,11612756635
3883009,8192,1,399350,18507971011,11997956729
3891201,8192,1,366142,17616667683,11167296480
3899393,8192,1,401398,20055154217,12319269856
3907585,8192,1,467519,26635229072,13024532915
3915777,8192,1,448080,27509986564,13060109716
3923969,8192,1,445137,22206823281,12735493730
3932161,8192,1,393944,20192356202,12370949848
3940353,8192,1,474437,21147977183,13945695703
3948545,8192,1,452736,24838577163,15839852614
3956737,8192,1,409197,21844246829,14000410317
3964929,8192,1,391200,20881198158,14099909569
3973121,8192,1,480657,24984090402,16310586449
3981313,8192,1,439836,24432971850,16097894168
3989505,8192,1,456105,22202913020,15496120733
3997697,8192,1,401541,19785653790,13465747323
4005889,8192,1,468451,21489133966,15110729946
4014081,8192,1,521089,25614275148,18080198701
4022273,8192,1,465732,25576854950,16196216737
4030465,8192,1,422645,19071909199,14798632573
4038657,8192,1,452765,21588202182,15428085238
4046849,8192,1,494336,24205815057,16287428271
4055041,8192,1,427170,19727949695,13909832470
4063233,8192,1,409232,17944225576,13433504981
4071425,8192,1,455169,22752023483,15706383700
4079617,8192,1,411552,20393151746,13656477433
4087809,8192,1,402826,19516574262,13780456804
4096001,8192,1,350511,18308327314,12176713035
4104193,8192,1,441704,23280158452,15280629865
4112385,8192,1,474401,24577424757,17126228131
4120577,8192,1,512389,25868228053,17945191666
4128769,8192,1,539622,25478534061,18567085435
4136961,8192,1,612130,30525492507,20610095405
4145153,8192,1,669828,31316179679,21851417456
4153345,8192,1,667176,32781900955,21945383053
4161537,8192,1,802050,39631270870,26323307265
4169729,8192,1,832182,45690595844,30405871920
4177921,8192,1,822935,40787417397,26661987491
4186113,8192,1,677937,33931766754,23428985364
4194305,8192,1,736129,33608364656,23476245987
4202497,8192,1,733583,31613370181,22965498467
4210689,8192,1,736596,33326421250,23830737485
4218881,8192,1,885279,42684031553,28064152835
4227073,8192,1,909505,44089434039,29117219574
4235265,8192,1,772574,36378544905,25957522320
4243457,8192,1,1021928,44970958961,31725518028
4251649,8192,1,1081239,50184234692,34325503323
4259841,8192,1,880278,41550585016,30294742270
4268033,8192,1,864414,41053728142,30228480639
4276225,8192,1,867715,42375737918,32297615386
4284417,8192,1,857098,44405284841,30983423190
4292609,8192,1,764839,40439697663,31055455472
4300801,8192,1,736339,41523378146,30533837203
4308993,8192,1,739102,40787147868,30245772823
4317185,8192,1,882460,46629010975,33245661880
4325377,8192,1,928715,45913689045,34589862926
4333569,8192,1,855500,44372358254,33380890057
4341761,8192,1,890587,45969894286,34016234275
4349953,8192,1,861954,44868560756,34669115377
4358145,8192,1,961145,45839288391,34878803017
4366337,8192,1,1022776,47707018313,37277900217
4374529,8192,1,788928,41640159530,30758309614
4382721,8192,1,680611,30304975089,23942906546
4390913,8192,1,633676,29394442349,24663779250
4399105,8192,1,691855,34599365091,24283609724
4407297,8192,1,587597,22219394536,18939662926
4415489,8192,1,602801,27141844419,21046072053
4423681,8192,1,637247,33563116251,25183988377
4431873,8192,1,602169,34452528559,25447852357
4440065,8192,1,644187,35202407283,26472758949
4448257,8192,1,635205,32303616551,25396365427
4456449,8192,1,658167,33516933106,26644644277
4464641,8192,1,714607,37151598010,29255801426
4472833,8192,1,687810,38954422870,30726398481
4481025,8192,1,691342,38855588548,30670681353
4489217,8192,1,597092,33111071840,27359497718
4497409,8192,1,530372,24797114990,21818861732
4505601,8192,1,664534,27768018498,23393553500
4513793,8192,1,607716,29462506589,25036195778
4521985,8192,1,636968,33818088203,28243988477
4530177,8192,1,576620,30857764315,24921254078
4538369,8192,1,555644,29902311532,25455248841
4546561,8192,1,576193,31728985315,26158614992
4554753,8192,1,614333,33933012035,28488607433
4562945,8192,1,694290,35077866299,28741044114
4571137,8192,1,685773,35235556368,29507435421
4579329,8192,1,595343,32512470264,27473180558
4587521,8192,1,616676,31432826950,27600135764
4595713,8192,1,732388,35462326767,31294640360
4603905,8192,1,701686,34053236118,29354870998
4612097,8192,1,696025,34813469923,29397317854
4620289,8192,1,756842,36575998133,31467348092
4628481,8192,1,695958,35807344495,29558761359
4636673,8192,1,839988,41325848673,36245172109
4644865,8192,1,859818,39561689628,35332006838
4653057,8192,1,878341,39038765676,35728084517
4661249,8192,1,838018,41732008967,37442908729
4669441,8192,1,868393,42367951309,40407126132
4677633,8192,1,1024408,50365921601,47048894635
4685825,8192,1,1106629,50823271509,47325376470
4694017,8192,1,983321,52251191383,44080839807
4702209,8192,1,1065994,53288175748,52399022362
4710401,8192,1,1004230,57029863421,55414925628
4718593,8192,1,1175867,60067148142,59317375045
4726785,8192,1,1283732,60320736424,57668719354
4734977,8192,1,1366216,63069754925,59116347559
4743169,8192,1,1249121,59108334014,53783732801
4751361,8192,1,1252125,59908605848,54804218284
4759553,8192,1,1451207,62045900188,57611621890
4767745,8192,1,1519992,62098558192,56077945677
4775937,8192,1,1585445,62497723845,53805996740
4784129,8192,1,1400070,58743219915,53843253924
4792321,8192,1,1052134,54186765245,44399520140
4800513,8192,1,1019534,49928583194,43515488776
4808705,8192,1,1261780,57510375260,51214438080
4816897,8192,1,1331357,57590718396,54438369246
4825089,8192,1,1639294,60808222944,56676084487
4833281,8192,1,1324521,56290819569,51380492371
4841473,8192,1,1365671,56727562845,53026278919
4849665,8192,1,1800565,61983009179,61571828673
4857857,8192,1,2002216,61977955389,58405348294
4866049,8192,1,1885881,62151807862,61129545770
4874241,8192,1,1724229,62804522499,59779642838
4882433,8192,1,1914229,62387106534,61558276048
4890625,8192,1,1784457,61980258440,56837083930
4898817,8192,1,1710320,62316592526,60864669656
4907009,8192,1,1726464,62391325627,58411091153
4915201,8192,1,1730007,63380891308,60899949193
4923393,8192,1,1858619,62279744506,61619819134
4931585,8192,1,1849680,62183892835,62263743944
4939777,8192,1,1496671,58403848500,56485203314
4947969,8192,1,1393070,58633948844,57757799156
4956161,8192,1,1327346,58788810672,55764305285
4964353,8192,1,1272246,58123924020,55569741844
4972545,8192,1,1159603,54810326446,53053690695
4980737,8192,1,1260970,53358611450,54318347345
4988929,8192,1,1176073,52672662572,51253739119
4997121,8192,1,1259241,55165172481,53344538185
5005313,8192,1,1262433,56373025517,51962632440
5013505,8192,1,1356029,59546446599,58090846229
5021697,8192,1,1305842,56689784355,55909463590
5029889,8192,1,1125879,53898877430,48914669169
5038081,8192,1,1161636,54269350642,49677244106
5046273,8192,1,1191117,54055514122,52945424983
5054465,8192,1,1056526,53286687769,49698089924
5062657,8192,1,1038563,52346336284,48263804658
5070849,8192,1,1111255,53626275181,47691039898
5079041,8192,1,1139166,53752148996,51088099648
5087233,8192,1,1010849,50228857996,45895260486
5095425,8192,1,1086570,52677277867,49372335064
5103617,8192,1,981145,52265804278,47191341625
5111809,8192,1,1077049,53626533614,48775461083
5120001,8192,1,1057547,54195882329,48842135082
5128193,8192,1,1208494,58216835003,54705564534
5136385,8192,1,1184261,56746767112,51257739282
5144577,8192,1,999424,52506836442,49395643135
5152769,8192,1,1017445,53578401482,49667151576
5160961,8192,1,1019623,52810336386,51414854026
5169153,8192,1,938849,52166193773,49725953963
5177345,8192,1,1005061,53979644014,52973495600
5185537,8192,1,1006297,54409598707,55039930262
5193729,8192,1,910773,52367016050,51615952638
5201921,8192,1,1019609,54958972298,51647614623
5210113,8192,1,963205,51431731336,52158590034
5218305,8192,1,1080296,53432274393,55439925689
5226497,8192,1,913035,51814775021,52107139543
5234689,8192,1,811533,49710271751,48034490897
5242881,8192,1,914018,50659269828,49649200481
5251073,8192,1,951734,49660522293,48922390954
5259265,8192,1,966328,49937461860,52020659172
5267457,8192,1,876120,48233799143,48350895190
5275649,8192,1,839560,45505587169,45335778003
5283841,8192,1,976074,50468458835,49381043235
5292033,8192,1,924974,47925789741,49011932613
5300225,8192,1,942144,49680604502,47900272853
5308417,8192,1,886412,46355902185,47651985727
5316609,8192,1,828036,44837407164,46214818695
5324801,8192,1,738251,42486626567,43056636510
5332993,8192,1,878562,44377402985,44853099451
5341185,8192,1,759784,39515895518,40669106480
5349377,8192,1,876958,45441991668,46975421239
5357569,8192,1,803479,46113372017,47393815973
5365761,8192,1,729028,45065663138,43526070969
5373953,8192,1,885713,47737923460,48524326516
5382145,8192,1,836995,51351355496,50054855912
5390337,8192,1,965931,52965281717,51494001575
5398529,8192,1,782926,50890084027,46810057042
5406721,8192,1,761190,48956703913,48763418775
5414913,8192,1,827064,48472063015,48256101870
5423105,8192,1,825418,49256575775,53991130045
5431297,8192,1,919267,52230978175,57549711015
5439489,8192,1,974226,55143258533,58679957010
5447681,8192,1,833508,50689771206,53683057504
5455873,8192,1,947860,56707817121,56185014367
5464065,8192,1,1033971,58652807039,59571272399
5472257,8192,1,1115589,59342364238,60894646126
5480449,8192,1,1153123,59083287853,60939268021
5488641,8192,1,1009152,56069946259,59043953621
5496833,8192,1,1156155,57601281303,63502803793
5505025,8192,1,1147957,57531469967,64319315419
5513217,8192,1,1088977,55330482420,58786727996
5521409,8192,1,1128476,54292326455,58546667548
5529601,8192,1,1047151,55026971310,61417074695
5537793,8192,1,1126959,57980108462,63600411606
5545985,8192,1,1076343,59166013084,63706235376
5554177,8192,1,1192396,59545348454,66007648907
5562369,8192,1,1376951,58519081749,69899609152
5570561,8192,1,976721,58050473193,60199917017
5578753,8192,1,1166387,57731284389,61784838256
5586945,8192,1,1161915,58406567436,64211469229
5595137,8192,1,1234914,60771886651,66301221203
5603329,8192,1,1124232,59755746193,62636100014
5611521,8192,1,1095478,60122260578,61550645704
5619713,8192,1,1158885,60368944644,66383962784
5627905,8192,1,1153817,60775416598,63628989318
5636097,8192,1,1226306,60413544072,63503171796
5644289,8192,1,1196097,59963033833,61549811828
5652481,8192,1,1148057,60165793954,64613989794
5660673,8192,1,1177054,60696972227,64046439015
5668865,8192,1,1235498,60047450465,65980629943
5677057,8192,1,1147362,60485425643,66935405841
5685249,8192,1,1108227,59774988632,63567986793
5693441,8192,1,1201882,61008511303,65512676058
5701633,8192,1,1183811,61676882288,69062991641
5709825,8192,1,1214637,61791485704,71576117611
5718017,8192,1,1086473,61499185628,70135191460
5726209,8192,1,1201901,61132528463,66940344242
5734401,8192,1,1114912,61252818451,66115385758
5742593,8192,1,1163973,60135524474,65977298444
5750785,8192,1,1084060,59600947136,62860776780
5758977,8192,1,1078372,59809101820,63070604766
5767169,8192,1,1114845,59325753351,64051464208
5775361,8192,1,1126138,59862973911,62270936881
5783553,8192,1,1136977,59212357830,61494957605
5791745,8192,1,1046515,52187366379,55356382560
5799937,8192,1,1040418,55190787848,57686529652
5808129,8192,1,853023,55324595267,53643107849
5816321,8192,1,1028624,57063660639,60042469028
5824513,8192,1,1117046,59270194084,64268680808
5832705,8192,1,1061157,58960211718,63198206779
5840897,8192,1,1055327,56548008958,60949862435
5849089,8192,1,878652,50539203884,54671890934
5857281,8192,1,1173486,57632243725,67125942433
5865473,8192,1,1081039,57617358569,62419055445
5873665,8192,1,1057229,56743055206,63320152958
5881857,8192,1,951758,58511385611,58741742750
5890049,8192,1,835183,61795713273,49116228748
5898241,8192,1,739929,61727951417,50065389885
5906433,8192,1,680873,61904063474,51777206820
5914625,8192,1,706329,61447371947,53135768410
5922817,8192,1,694577,62089394033,51042296417
5931009,8192,1,846968,57980071725,53050725098
5939201,8192,1,966559,59961762656,59546091886
5947393,8192,1,901788,60279415753,58712863632
5955585,8192,1,802864,60414676596,57022834009
5963777,8192,1,685110,63069117237,54477142617
5971969,8192,1,649712,59686231052,52661550256
5980161,8192,1,1036796,60094784408,64151033318
5988353,8192,1,1003503,59416305051,63288074427
5996545,8192,1,1027604,59615250433,62341115360
6004737,8192,1,892103,60438506569,66366722512
6012929,8192,1,880312,59806694762,62164716620
6021121,8192,1,1109642,60025112508,67026581373
6029313,8192,1,1094954,59640226996,66476081728
6037505,8192,1,1030417,59369607024,62969190595
6045697,8192,1,1057200,55900815277,64933612372
6053889,8192,1,940339,50753517403,56431866890
6062081,8192,1,1047645,56417459765,63068334954
6070273,8192,1,1070344,58612928291,66141368168
6078465,8192,1,1040326,59160341340,63138701944
6086657,8192,1,1032939,59245645508,60005696682
6094849,8192,1,978106,58080730358,59344871155
6103041,8192,1,949935,59434287423,63624877499
6111233,8192,1,814440,62418352419,80676127490
6119425,8192,1,756883,61929340206,82965302763
6127617,8192,1,891700,57927536222,69793944425
6135809,8192,1,894373,54124139868,57937801765
6144001,8192,1,948844,54474431056,62113808289
6152193,8192,1,949060,55935295379,60960262103
6160385,8192,1,940733,57179985070,62473291620
6168577,8192,1,875004,59767193046,68731712306
6176769,8192,1,854844,58633356661,63281665154
6184961,8192,1,869810,57172923878,62992050746
6193153,8192,1,858339,58716480746,64986740356
6201345,8192,1,808091,59068730609,63192207871
6209537,8192,1,816753,58875189706,66834010776
6217729,8192,1,809455,58560010270,64108160707
6225921,8192,1,839253,57560207356,64082944277
6234113,8192,1,845776,59019049499,65340503375
6242305,8192,1,804291,57082938691,66905814529
6250497,8192,1,779310,58293679134,63031659628
6258689,8192,1,935783,58551901338,64986169656
6266881,8192,1,832343,56739213761,64200662120
6275073,8192,1,815239,56879687612,65092461717
6283265,8192,1,869622,56503858451,62882026755
6291457,8192,1,753911,57192973874,64853576570
6299649,8192,1,796408,58492213661,63762460538
6307841,8192,1,775867,57819406693,63525683766
6316033,8192,1,731815,55554664930,60657260355
6324225,8192,1,801177,56055100336,62661343198
6332417,8192,1,702924,55639554786,61323964085
6340609,8192,1,628921,57287631240,61393536379
6348801,8192,1,701014,56796985035,59010106565
6356993,8192,1,679990,56753862938,62525162810
6365185,8192,1,679678,56844041949,54347242398
6373377,8192,1,730260,55694660589,62146656298
6381569,8192,1,631122,56053435110,56984851184
6389761,8192,1,623579,55480206989,58634371927
6397953,8192,1,722344,56431171315,60218313727
6406145,8192,1,629492,57158444543,60445269035
6414337,8192,1,709829,57357572825,60029779495
6422529,8192,1,613086,54942317621,53831875478
6430721,8192,1,606422,52576411946,55255996213
6438913,8192,1,642545,52459434620,56350855683
6447105,8192,1,731996,53145077742,55674570775
6455297,8192,1,724964,54306641564,62591516743
6463489,8192,1,815991,52726025166,59986939436
6471681,8192,1,729625,49182276339,52365320947
6479873,8192,1,669837,46831088707,48043675148
6488065,8192,1,747144,48122908769,55328124702
6496257,8192,1,717326,47958662805,59985295991
6504449,8192,1,718392,50909275438,58431191507
6512641,8192,1,730467,48392560754,54716406709
6520833,8192,1,738059,46131832206,54984487614
6529025,8192,1,724708,46477569891,53196146399
6537217,8192,1,800265,48971240353,56251057203
6545409,8192,1,787384,48497192206,54821562965
6553601,8192,1,698398,47187351487,54195072455
6561793,8192,1,737557,48788349686,53955541577
6569985,8192,1,764170,49888523955,56082294504
6578177,8192,1,680236,49997697795,50277924318
6586369,8192,1,749999,53088340658,51891792347
6594561,8192,1,705784,48019131508,53836377551
6602753,8192,1,656423,46400710382,52784273901
6610945,8192,1,849783,47748915390,57336334889
6619137,8192,1,801148,47807608803,57182705520
6627329,8192,1,765408,46669797740,54770408336
6635521,8192,1,743150,46887794423,54840407387
6643713,8192,1,665607,45877233135,56159785929
6651905,8192,1,758736,47427946240,59297767734
6660097,8192,1,827631,47805700088,57719444631
6668289,8192,1,740827,47033958754,56012901686
6676481,8192,1,701546,45737135850,54557351595
6684673,8192,1,693026,47473036303,56571355041
6692865,8192,1,744005,47361939810,55157034606
6701057,8192,1,728159,45355462532,54288586731
6709249,8192,1,803323,48175195526,55909633430
6717441,8192,1,731903,47282679908,55983649206
6725633,8192,1,669779,47058450238,51123107819
6733825,8192,1,736446,51234504987,55678113670
6742017,8192,1,845497,51556557281,58665916847
6750209,8192,1,783040,49450537411,54988701250
6758401,8192,1,785734,48600607825,51601163113
6766593,8192,1,644335,43880086628,47676342721
6774785,8192,1,718306,45320242271,50968532614
6782977,8192,1,787787,49300862376,56198353327
6791169,8192,1,797132,51216997662,54202727453
6799361,8192,1,778579,54480612692,66523759757
6807553,8192,1,777106,54418924892,63164778789
6815745,8192,1,641142,49816057934,60835405490
6823937,8192,1,767187,52605381030,62246663391
6832129,8192,1,795755,53448736123,64899635237
6840321,8192,1,787802,52776478133,66769086646
6848513,8192,1,788128,50809483628,64924330816
6856705,8192,1,703447,48678621512,62338614940
6864897,8192,1,720780,48100014209,56985187642
6873089,8192,1,753391,48766101024,56286871435
6881281,8192,1,726756,48283626988,57587024698
6889473,8192,1,759040,48229905528,55696368159
6897665,8192,1,733910,48871665264,60687956696
6905857,8192,1,752177,49522415159,59210146810
6914049,8192,1,802193,51410592357,56159269465
6922241,8192,1,859621,51928120590,59861121716
6930433,8192,1,800774,50391395202,58011197212
6938625,8192,1,748654,49387623217,57008108371
6946817,8192,1,796267,50255220086,59421649839
6955009,8192,1,748240,51693407873,55327816713
6963201,8192,1,806363,50150885645,61623475436
6971393,8192,1,728569,48656564463,60206217529
6979585,8192,1,735352,51199560672,62304137907
6987777,8192,1,699021,48682911486,65394495638
6995969,8192,1,634120,45831406577,53925932843
7004161,8192,1,892155,50536556554,62522027548
7012353,8192,1,782030,49273441119,61424933464
7020545,8192,1,741045,46097890688,56667973787
7028737,8192,1,762443,45093991002,57063392245
7036929,8192,1,853754,46603908786,57075901053
7045121,8192,1,810342,46377293130,57484729159
7053313,8192,1,770343,47471980730,56919605109
7061505,8192,1,683334,43555846112,52869606079
7069697,8192,1,838780,46875030520,57503013154
7077889,8192,1,763229,48582059456,55393108635
7086081,8192,1,751041,45191788480,53973920879
7094273,8192,1,795784,48515590361,55695364403
7102465,8192,1,787430,49228707462,54816785213
7110657,8192,1,985470,55948602087,60053457549
7118849,8192,1,879750,52775047845,59427965713
7127041,8192,1,771176,49224643811,57149253937
7135233,8192,1,810937,53308284328,61746348395
7143425,8192,1,915819,55117039138,65670185913
7151617,8192,1,910815,54754117820,62053200776
7159809,8192,1,886198,58713975871,66173209753
7168001,8192,1,726666,49138506055,54438524864
7176193,8192,1,693336,47109751685,54387899479
7184385,8192,1,724525,48036349840,51559807730
7192577,8192,1,708302,48268198216,52518047384
7200769,8192,1,727507,50120021956,54983561902
7208961,8192,1,790346,53098340347,60578960214
7217153,8192,1,906974,56741329110,61336583870
7225345,8192,1,933614,58596654890,64934288941
7233537,8192,1,885596,58671527494,64835948262
7241729,8192,1,1016104,61069572685,69326827426
7249921,8192,1,1020630,61369308543,65797988811
7258113,8192,1,985675,61058114637,69812049287
7266305,8192,1,1024395,60799942581,67159777366
7274497,8192,1,1073993,62911729753,71699453431
7282689,8192,1,959353,60722933235,68707236369
7290881,8192,1,721417,51558952034,60518128907
7299073,8192,1,635467,47439182717,57655885526
7307265,8192,1,768990,52539940390,60131929600
7315457,8192,1,782838,50497801672,59556898728
7323649,8192,1,736531,48680635829,57234265690
7331841,8192,1,693431,48979000213,58609375982
7340033,8192,1,700353,48470463657,58831165298
7348225,8192,1,656165,47754014325,53847964911
7356417,8192,1,706952,49781969594,58570073233
7364609,8192,1,702560,51552295972,56603119532
7372801,8192,1,748488,51189895210,57719012706
7380993,8192,1,672970,50289379405,54864347889
7389185,8192,1,618374,46747527961,55689165359
7397377,8192,1,731407,53849189259,58731016238
7405569,8192,1,823103,54459907520,58426778977
7413761,8192,1,820567,57996395789,63981963178
7421953,8192,1,759259,54880499899,61422266825
7430145,8192,1,709874,50266481813,56282786219
7438337,8192,1,799413,52617562312,61189795149
7446529,8192,1,803464,53862112844,63454105609
7454721,8192,1,776283,53348274726,61217770440
7462913,8192,1,841975,55623955618,62359852021
7471105,8192,1,853955,57452318218,66350798801
7479297,8192,1,795154,56297422443,64222275541
7487489,8192,1,889445,56376229780,68223423036
7495681,8192,1,1021969,60023042579,72237597910
7503873,8192,1,875237,55313971334,65770394457
7512065,8192,1,775071,49429826010,60680793590
7520257,8192,1,725889,47064363363,58275420115
7528449,8192,1,834843,51650564844,64469591881
7536641,8192,1,789507,50757917942,63321305777
7544833,8192,1,867687,54598783786,61150163552
7553025,8192,1,960725,56469515355,63660002219
7561217,8192,1,815707,50313874323,62013923777
7569409,8192,1,666231,46144005917,57340280008
7577601,8192,1,832815,54175134238,57751513563
7585793,8192,1,885526,58087439964,63305916034
7593985,8192,1,861278,55905434119,63279353419
7602177,8192,1,852806,50342783962,62298695786
7610369,8192,1,887841,49888381296,63137144752
7618561,8192,1,860187,54950616424,60240697339
7626753,8192,1,915348,54030183176,64301796405
7634945,8192,1,852309,51681051150,64474483647
7643137,8192,1,912370,53049696773,63249594731
7651329,8192,1,738803,45900258701,54474579275
7659521,8192,1,713836,45748826296,53781623947
7667713,8192,1,848035,50538533259,58432217985
7675905,8192,1,937742,55323766578,66478706379
7684097,8192,1,787627,54383889810,58572835406
7692289,8192,1,833589,53247672067,60258748846
7700481,8192,1,814204,49535470442,58574470330
7708673,8192,1,903137,54358941917,61524934619
7716865,8192,1,801151,62622317283,55874704466
7725057,8192,1,905524,59014777802,66144342582
7733249,8192,1,960512,58327935763,70187439637
7741441,8192,1,936278,56411432504,68672486974
7749633,8192,1,890324,53572479595,69967279231
7757825,8192,1,1027125,58522479696,75656792315
7766017,8192,1,1065365,61612038604,79711845206
7774209,8192,1,1133091,62039236317,77466716701
7782401,8192,1,1013568,61944787561,77232254759
7790593,8192,1,977456,60660792594,72661064789
7798785,8192,1,1062407,59684547724,75114693565
7806977,8192,1,1017774,59902115809,74041522226
7815169,8192,1,1154301,60693446908,75104750084
7823361,8192,1,1129298,60341384806,75004681172
7831553,8192,1,1048171,56590059373,71432306255
7839745,8192,1,1006866,55276418358,70248462192
7847937,8192,1,1266339,61467920318,74704256099
7856129,8192,1,1153575,60984143819,70677596881
7864321,8192,1,1115475,59852831907,74880975667
7872513,8192,1,1148287,60908945609,73013595674
7880705,8192,1,1236171,60021117831,76816313784
7888897,8192,1,1119286,58582250428,71783430939
7897089,8192,1,1116862,59438959515,72770858772
7905281,8192,1,1053564,59511201019,71805816290
7913473,8192,1,1018766,59916578393,72976174771
7921665,8192,1,1163030,58202234652,66684843120
7929857,8192,1,932972,56541598892,69731091870
7938049,8192,1,1335617,61768841096,74478930158
7946241,8192,1,1126115,60333225913,76899625000
7954433,8192,1,930625,59253863905,77166447494
7962625,8192,1,1155991,60318831521,76417287157
7970817,8192,1,1149787,58205892161,73968920611
7979009,8192,1,1168100,58675133580,73813286895
7987201,8192,1,1109590,60201568915,70942880142
7995393,8192,1,1246696,60953748469,70611727547
8003585,8192,1,1072671,58459135873,74855757999
8011777,8192,1,915176,52150084703,71229592982
8019969,8192,1,1048977,54347088319,70372557891
8028161,8192,1,1161083,57901070063,70101330352
8036353,8192,1,1038066,60739991885,70808872841
8044545,8192,1,1058512,61452870344,68938227301
8052737,8192,1,1224568,57520110354,68862939696
8060929,8192,1,883351,49034881564,61991783813
8069121,8192,1,1093556,54937862712,67533665220
8077313,8192,1,1171620,58985335698,74218858092
8085505,8192,1,970944,57604952668,71035892992
8093697,8192,1,1018286,53175452767,67143987738
8101889,8192,1,907967,52281783686,64768282387
8110081,8192,1,872493,50955441103,64825484244
8118273,8192,1,1016880,55439650663,71221919130
8126465,8192,1,893543,53041319100,67985070996
8134657,8192,1,1199821,58355280103,72966941707
8142849,8192,1,872903,50503746198,66375507574
8151041,8192,1,753363,48910092076,64703785129
8159233,8192,1,888841,55200745635,69613000104
8167425,8192,1,1358869,61654254721,67619304939
8175617,8192,1,919344,57647015958,71236714894
8183809,8192,1,948309,52872475578,65536774783
8192001,8192,1,738324,46746541520,59380628309
8200193,8192,1,738422,45469577722,58208625431
8208385,8192,1,812997,50384096789,62857971330
8216577,8192,1,1006640,52371646321,61399481809
8224769,8192,1,1163238,59595554009,69899666839
8232961,8192,1,798761,53019994658,64879722485
8241153,8192,1,697829,51960965721,60203819763
8249345,8192,1,841109,52000342474,64326723321
8257537,8192,1,930193,54459937700,68610022834
8265729,8192,1,975208,58222853369,69831705701
8273921,8192,1,1020904,56306070571,67933084150
8282113,8192,1,938526,53080739771,61838084185
8290305,8192,1,820570,51981464609,66760183031
8298497,8192,1,940581,58623412073,68570068211
8306689,8192,1,877846,57683653048,67519753581
8314881,8192,1,914277,57238738726,69595935968
8323073,8192,1,880678,51566549035,64945239514
8331265,8192,1,763133,51489770819,73795637262
8339457,8192,1,835498,52115559990,62572325726
8347649,8192,1,940995,53853618011,65948233842
8355841,8192,1,935120,59792349550,68934858641
8364033,8192,1,849350,54624898279,64733277879
8372225,8192,1,826549,50554075020,62075165414
8380417,8192,1,893359,53524916702,64901227486
8388609,8192,1,950037,59670381591,74654074674
8396801,8192,1,851952,59067138486,67063639948
8404993,8192,1,971316,58701071184,71533956403
8413185,8192,1,957288,57866515165,72973663581
8421377,8192,1,838965,57549256819,63055923438
8429569,8192,1,893296,61104343635,60861110702
8437761,8192,1,993838,59809150417,68492353339
8445953,8192,1,964813,60789904230,70298284951
8454145,8192,1,839047,59657647316,65394718024
8462337,8192,1,854037,59372454307,63777048636
8470529,8192,1,970235,60191471319,67082550225
8478721,8192,1,988342,61800831528,66600536568
8486913,8192,1,828164,61286830855,61948051206
8495105,8192,1,1002499,62022730823,64248378620
8503297,8192,1,989779,61828220456,63110120220
8511489,8192,1,835312,61844907375,58043030680
8519681,8192,1,889469,61679703719,59075312740
8527873,8192,1,965347,61385667796,60731175308
8536065,8192,1,931052,61592837583,60745430024
8544257,8192,1,754048,61629636775,56519029936
8552449,8192,1,803745,61961780469,59889802001
8560641,8192,1,939276,63530816772,63230404454
8568833,8192,1,851417,65923346777,63194763520
8577025,8192,1,841049,65623489141,62718407234
8585217,8192,1,992152,73222626803,69530240248
8593409,8192,1,817459,77878755186,65803178621
8601601,8192,1,699019,76628772865,66176863085
8609793,8192,1,811933,78058009201,65731169911
8617985,8192,1,949393,77470743277,76342455313
8626177,8192,1,869464,75793509999,71915495324
8634369,8192,1,739889,74187688186,64984024324
8642561,8192,1,818926,77685558439,69672800089
8650753,8192,1,825924,78026267904,72336127746
8658945,8192,1,812147,70393239512,79720295187
8667137,8192,1,785673,61570806794,71553525455
8675329,8192,1,816542,65781442449,68878036078
8683521,8192,1,757973,54004019478,65695458737
8691713,8192,1,683329,52246980326,61763985306
8699905,8192,1,849122,55659160493,66491054064
8708097,8192,1,975466,59263476741,71878738323
8716289,8192,1,913001,59041577975,70345923141
8724481,8192,1,868978,54281558998,65786765074
8732673,8192,1,805391,49494687484,61337345179
8740865,8192,1,812980,52561159401,63883728722
8749057,8192,1,822366,52666178343,64534368940
8757249,8192,1,919564,56098391378,67848667889
8765441,8192,1,968016,57877117485,69529739878
8773633,8192,1,860153,51481505907,61613853117
8781825,8192,1,790868,47257860195,57395318365
8790017,8192,1,942832,53538052783,64440380875
8798209,8192,1,940694,61685676481,72260167409
8806401,8192,1,885927,61658922238,67617431344
8814593,8192,1,1038029,61369004831,75042283836
8822785,8192,1,879793,52146272787,64780687719
8830977,8192,1,878509,55697156073,67391515026
8839169,8192,1,964736,62541552293,83011265838
8847361,8192,1,996914,61590833329,80098288231
8855553,8192,1,885028,55127615561,63443481908
8863745,8192,1,791523,55304861134,65436032514
8871937,8192,1,849887,63786091420,81879772198
8880129,8192,1,902373,61012686158,74383620335
8888321,8192,1,941387,59426643172,71863310424
8896513,8192,1,1133114,63866621409,83880171411
8904705,8192,1,802562,63727133550,85244471144
8912897,8192,1,845445,61409418399,82162910102
8921089,8192,1,1017609,65029754319,85176203628
8929281,8192,1,907925,63564436196,80925337713
8937473,8192,1,967802,66232587516,85188930802
8945665,8192,1,897482,65346650167,84494425684
8953857,8192,1,750217,65003544141,71872716365
8962049,8192,1,1086994,67502783028,83648021298
8970241,8192,1,951713,66237749089,78990339249
8978433,8192,1,981183,69267416517,77878112421
8986625,8192,1,1055590,68273551884,89900765161
8994817,8192,1,780717,56833119505,75395010529
9003009,8192,1,1036805,73004597454,86622822941
9011201,8192,1,1012222,71455636535,83173874025
9019393,8192,1,874242,71548472212,81129222272
9027585,8192,1,971248,66791843410,82214079998
9035777,8192,1,840102,64595196013,79423419646
9043969,8192,1,994170,64934612725,79564331723
9052161,8192,1,888691,65383679263,80347524698
9060353,8192,1,942244,57388886441,72095304560
9068545,8192,1,701653,48078807041,60566108287
9076737,8192,1,754798,61024714378,70844877704
9084929,8192,1,908482,65338335472,77043602382
9093121,8192,1,898709,68826620520,83008511319
9101313,8192,1,947022,69761741984,78149936486
9109505,8192,1,855685,64915604147,76064714374
9117697,8192,1,936510,68593558199,81390215467
9125889,8192,1,1110657,74193543274,89590438326
9134081,8192,1,974020,71692480309,86186697914
9142273,8192,1,971906,69278593897,86950541252
9150465,8192,1,940651,67361910005,84839038101
9158657,8192,1,931319,67770003761,87131965142
9166849,8192,1,1003627,67301994373,89345545633
9175041,8192,1,901224,64936435027,82769064326
9183233,8192,1,768025,58547006772,73568162335
9191425,8192,1,992708,64118389903,84048263084
9199617,8192,1,767537,60728207372,79479362460
9207809,8192,1,741824,53901328760,76261699943
9216001,8192,1,698064,49104444455,65672892584
9224193,8192,1,643992,47707551961,73566680277
9232385,8192,1,827015,55845001987,72465652840
9240577,8192,1,847844,59333225580,71960383776
9248769,8192,1,757262,52846524981,64939845711
9256961,8192,1,716538,54524823239,66551256890
9265153,8192,1,714126,49995214601,59988033368
9273345,8192,1,716731,54250605891,65911934180
9281537,8192,1,763184,56104624149,70599076580
9289729,8192,1,852003,63108379279,77451686938
9297921,8192,1,904053,60658920099,73147368898
9306113,8192,1,828610,56073471319,70765636840
9314305,8192,1,742441,55013686452,68876005079
9322497,8192,1,731295,52787689502,64942657529
9330689,8192,1,708369,52392880422,64160710523
9338881,8192,1,664925,47456678772,61467201409
9347073,8192,1,627062,59045841516,70820437428
9355265,8192,1,542072,51533409470,62259755503
9363457,8192,1,553768,51823161640,62084727358
9371649,8192,1,664552,57497993985,71376899031
9379841,8192,1,665352,58873592863,70603693255
9388033,8192,1,708523,60684737157,74133608887
9396225,8192,1,742494,61352845542,72526559215
9404417,8192,1,682535,52096944972,66540583787
9412609,8192,1,730720,56467680323,73919073629
9420801,8192,1,659919,65708295301,92515680778
9428993,8192,1,805946,68506237462,96259616256
9437185,8192,1,799261,70730540231,97082681130
9445377,8192,1,782815,64727852547,86542494368
9453569,8192,1,806095,57998734790,77053695297
9461761,8192,1,873153,60674145097,75217079544
9469953,8192,1,978600,68453757397,90619652668
9478145,8192,1,932038,68593126285,89070571825
9486337,8192,1,969887,65412428592,82614078742
9494529,8192,1,871662,61072195102,79434043582
9502721,8192,1,880415,67010896351,91112684562
9510913,8192,1,877077,62637487079,81836410681
9519105,8192,1,892491,66341797417,83646279254
9527297,8192,1,886525,63743218469,83669411122
9535489,8192,1,763034,56916289211,74859559009
9543681,8192,1,755739,51749236039,72112799487
9551873,8192,1,873175,63714325503,85643265471
9560065,8192,1,894671,66968083563,92909583062
9568257,8192,1,871975,67196685161,94422694173
9576449,8192,1,833002,63337835446,90065088420
9584641,8192,1,804983,57162122774,81360045177
9592833,8192,1,852642,58816487988,87755050434
9601025,8192,1,804419,61358444080,95355779934
9609217,8192,1,849312,58233450860,89554955359
9617409,8192,1,927929,63536028152,95915912818
9625601,8192,1,813905,59495790605,90603604049
9633793,8192,1,774141,59853748240,95179284898
9641985,8192,1,1008519,71796902215,103692325453
9650177,8192,1,946237,66707485905,90181345226
9658369,8192,1,908074,73540668043,105271765307
9666561,8192,1,1048466,76252778127,101618436192
9674753,8192,1,866412,68574360918,92201151254
9682945,8192,1,932972,70752871888,98301576072
9691137,8192,1,979047,71791734313,100051105239
9699329,8192,1,918888,67817796157,97243815536
9707521,8192,1,1104725,71177466006,105714565349
9715713,8192,1,1104271,71716325188,109748603002
9723905,8192,1,963052,66999392072,94241860011
9732097,8192,1,1005464,65795578186,95527070374
9740289,8192,1,1059837,67994246828,97800967865
9748481,8192,1,979162,67629006993,96821116323
9756673,8192,1,885081,62292836211,89523292334
9764865,8192,1,833802,62457382863,87106118943
9773057,8192,1,837546,61034522068,82887707995
9781249,8192,1,946051,67857791102,91534213036
9789441,8192,1,819208,65866256100,88058597515
9797633,8192,1,924104,68240421801,95804083320
9805825,8192,1,881246,68247029882,93319894726
9814017,8192,1,778987,66071308722,86878619655
9822209,8192,1,911174,69795340731,98722214877
9830401,8192,1,1006706,71978418806,101718616102
9838593,8192,1,1038633,71509025018,102839511508
9846785,8192,1,896865,69792988764,94621654222
9854977,8192,1,847711,67034768302,89612906623
9863169,8192,1,911641,68667883187,94148272415
9871361,8192,1,996682,70107950073,97123889902
9879553,8192,1,973566,69625920413,97779187983
9887745,8192,1,993179,71185747311,99279972288
9895937,8192,1,1003198,70717713319,99548819628
9904129,8192,1,1002534,71808040774,103174305256
9912321,8192,1,973237,71613101484,99765536396
9920513,8192,1,1033485,72846155160,98610641968
9928705,8192,1,1031123,73635393603,102050114094
9936897,8192,1,1080661,74097718137,103759924464
9945089,8192,1,978766,70891484395,98676202736
9953281,8192,1,1042650,72417886178,101507881817
9961473,8192,1,1112412,74009890439,103945467113
9969665,8192,1,1081752,73469731113,105163672912
9977857,8192,1,1115522,75780146275,107103350499
9986049,8192,1,1042699,73335453765,106198530641
9994241,8192,1,1012025,72304159780,104607589742
10002433,8192,1,947807,73177316635,102634066356
10010625,8192,1,993860,74248158794,101442729606
10018817,8192,1,1083307,76321832298,106832523601
10027009,8192,1,1144640,76778212899,108482495820
10035201,8192,1,1106267,76509496209,110030452459
10043393,8192,1,1136468,76529152684,106699905123
10051585,8192,1,1143192,76622953602,110028668384
10059777,8192,1,1071558,76691528658,105169003554
10067969,8192,1,1035874,75016157201,103379881022
10076161,8192,1,1190056,75265046958,103010140510
10084353,8192,1,1052095,76722732640,106549351254
10092545,8192,1,1059358,76839914668,108403890626
10100737,8192,1,1078590,77061038954,105220180672
10108929,8192,1,1104262,76917215732,96277075287
10117121,8192,1,1171376,77120896113,102839389993
10125313,8192,1,1065388,77604654123,108952724312
10133505,8192,1,1080586,77621034018,102326511201
10141697,8192,1,1185945,77375102520,104172525190
10149889,8192,1,1118057,77079879819,101649456705
10158081,8192,1,1140551,77535086646,106968632666
10166273,8192,1,1201889,77314405596,107124861281
10174465,8192,1,1114490,77129632609,107804630748
10182657,8192,1,1131014,76977719808,105997146902
10190849,8192,1,1225990,76646881261,106674383724
10199041,8192,1,1193971,77200838933,103706710972
10207233,8192,1,1174049,77770485494,105694919074
10215425,8192,1,1131601,77893106666,103443251378
10223617,8192,1,1214716,77082495252,103874563155
10231809,8192,1,1239036,76812658037,105711931896
10240001,8192,1,1174334,77539060580,107923243281
10248193,8192,1,1147536,77645370823,109807014504
10256385,8192,1,1130296,76924591639,107371632014
10264577,8192,1,1030018,77324495149,107332093416
10272769,8192,1,1086505,77623073831,108422184822
10280961,8192,1,1133919,77708872357,107537656789
10289153,8192,1,1154060,77788627230,109672332399
10297345,8192,1,1188569,79487887047,116033155789
10305537,8192,1,1162732,92108783782,133630642909
10313729,8192,1,1258422,92807705936,127971161761
10321921,8192,1,1454915,92532120917,127809007086
10330113,8192,1,1363088,93006927167,131386330690
10338305,8192,1,1297387,91799653406,128974474319
10346497,8192,1,1317779,93102367684,129875578247
10354689,8192,1,1316959,92167733414,129981461744
10362881,8192,1,1294409,91868826372,126921754766
10371073,8192,1,1371189,92625323824,128008453391
10379265,8192,1,1370935,91279955444,126754677204
10387457,8192,1,1323638,91353035083,128924904982
10395649,8192,1,1176812,92192015743,131154332357
10403841,8192,1,1130901,92191092473,126583002175
10412033,8192,1,1365356,91517607743,126709536189
10420225,8192,1,1350461,91558164098,127107955778
10428417,8192,1,1325279,93052871840,131900625227
10436609,8192,1,1315451,92424243235,128441971305
10444801,8192,1,1280543,91824104587,130774537864
10452993,8192,1,1386630,92677741195,129948992614
10461185,8192,1,1350573,93443272480,133752462731
10469377,8192,1,1413221,93408214190,126446505639
10477569,8192,1,1409852,91813150323,119976777621
10485761,8192,1,1325146,92491978229,127667860659
10493953,8192,1,1360475,93375068735,130909897315
10502145,8192,1,1477277,93028293528,128359819531
10510337,8192,1,1458912,93395121237,129953518682
10518529,8192,1,1407547,93881286759,134878345504
10526721,8192,1,1441709,95010075686,132481822012
10534913,8192,1,1517598,98525141995,140551397820
10543105,8192,1,1527082,98878550793,140021645330
10551297,8192,1,1529306,98563439926,141649686945
10559489,8192,1,1488034,98120186326,132265187195
10567681,8192,1,1545901,98405600084,136315202308
10575873,8192,1,1481930,98131779771,137215931237
10584065,8192,1,1392202,98224165663,138674049969
10592257,8192,1,1533065,98063078190,134196472906
10600449,8192,1,1520463,98076761196,136995291080
10608641,8192,1,1485632,97643007726,133688483347
10616833,8192,1,1537129,98094168122,132672633761
10625025,8192,1,1531409,97567851758,130516900220
10633217,8192,1,1605029,98527900785,131215347795
10641409,8192,1,1581691,98109215587,129229231817
10649601,8192,1,1533873,98321831677,124959092879
10657793,8192,1,1556816,98751922551,125545944416
10665985,8192,1,1455320,98419002087,132091201087
10674177,8192,1,1399828,98856138099,131526151128
10682369,8192,1,1543182,99064986797,130591929713
10690561,8192,1,1541635,98835373983,128682005054
10698753,8192,1,1495339,99053764120,132392889286
10706945,8192,1,1535453,99205973257,134346252452
10715137,8192,1,1411860,98432768557,133141510219
10723329,8192,1,1465940,98922916151,133601672885
10731521,8192,1,1445079,99057744442,131915957134
10739713,8192,1,1409598,98835109309,132776152116
10747905,8192,1,1434689,98604438114,131500906343
10756097,8192,1,1432351,98393824834,127512401211
10764289,8192,1,1436449,98995119384,125600720219
10772481,8192,1,1494024,98865322370,124041893779
10780673,8192,1,1564213,98943876509,123578644165
10788865,8192,1,1487517,99069578049,122611117531
10797057,8192,1,1431398,98631734597,128444046876
10805249,8192,1,1279797,97861496443,131327077002
10813441,8192,1,1314075,99369544817,132042897217
10821633,8192,1,1326300,98850079622,132868070573
10829825,8192,1,1297628,99169380318,131097596305
10838017,8192,1,1376879,98939998883,130312150629
10846209,8192,1,1346219,99403792278,135369081340
10854401,8192,1,1323252,99251403001,133187201368
10862593,8192,1,1334976,99494857878,135998700602
10870785,8192,1,1341365,99559553820,134596641812
10878977,8192,1,1470136,99262735048,133828985247
10887169,8192,1,1685788,99549571043,128648500994
10895361,8192,1,1395013,99353151545,135528628933
10903553,8192,1,1353200,99129856294,133859743035
10911745,8192,1,1436134,99015606534,133984461050
10919937,8192,1,1372106,99208153089,131444093366
10928129,8192,1,1338149,99199886160,135025107853
10936321,8192,1,1303750,99210160521,134053698651
10944513,8192,1,1283208,99611151083,133822970503
10952705,8192,1,1319801,99531959189,128656179468
10960897,8192,1,1352636,99310002799,130587020714
10969089,8192,1,1375102,99466085443,132207522485
10977281,8192,1,1318730,99628423479,136643360155
10985473,8192,1,1227266,99669860657,130947810554
10993665,8192,1,1251634,99764662138,131794586405
11001857,8192,1,1356592,99619090549,134467438489
11010049,8192,1,1378517,99485553104,134031798097
11018241,8192,1,1275742,98374192970,130818783765
11026433,8192,1,1354490,99298692809,133750188668
11034625,8192,1,1310112,97186693575,129647194636
11042817,8192,1,1334103,99245280398,134719761069
11051009,8192,1,1363729,99758052158,133932169042
11059201,8192,1,1433294,99811214650,134524342132
11067393,8192,1,1554046,99865509853,140911942422
11075585,8192,1,1348576,99492264844,139010129739
11083777,8192,1,1248034,99629928157,136704878673
11091969,8192,1,1401515,99673560434,141233772211
11100161,8192,1,1447762,99741103137,139588206795
11108353,8192,1,1485144,99829077573,142643549113
11116545,8192,1,1398817,99670502872,138341051176
11124737,8192,1,1270161,99750583272,135560025614
11132929,8192,1,1320965,100173706874,137213831650
11141121,8192,1,1325674,99897977809,137209557517
11149313,8192,1,1402938,99852564415,134691942364
11157505,8192,1,1427512,99848646888,133215237927
11165697,8192,1,1399016,99824607865,136725601033
11173889,8192,1,1294020,99650819487,137760931701
11182081,8192,1,1438620,99932057170,141301047099
11190273,8192,1,1438914,100005225132,139000319918
11198465,8192,1,1443942,99739876237,141020638549
11206657,8192,1,1412633,99729278350,141874404777
11214849,8192,1,1380570,99693471850,141714212779
11223041,8192,1,1383145,99903866172,140250440639
11231233,8192,1,1478358,100104962850,141860656490
11239425,8192,1,1347924,99887377082,139807254961
11247617,8192,1,1381274,100222018318,136843571443
11255809,8192,1,1444439,99786699446,137268328127
11264001,8192,1,1316079,99890293002,138664231013
11272193,8192,1,1347710,99946984814,140444424652
11280385,8192,1,1484505,99851935427,142033281872
11288577,8192,1,1396744,99998982049,146056223575
11296769,8192,1,1470900,99784151152,144641413932
11304961,8192,1,1430049,99687376856,144864133199
11313153,8192,1,1453839,99667400561,144645923019
11321345,8192,1,1595756,99733144268,142652477519
11329537,8192,1,1528036,99788326430,143229763700
11337729,8192,1,1445057,99542969394,144242278494
11345921,8192,1,1359299,100074192393,142519266928
11354113,8192,1,1214427,99786388904,140822779545
11362305,8192,1,1448539,99876697498,146809569587
11370497,8192,1,1443442,99905517041,147370547906
11378689,8192,1,1372946,99494705111,144378340108
11386881,8192,1,1460716,99919270857,145954698247
11395073,8192,1,1324871,99802789764,145291254883
11403265,8192,1,1294644,99751712798,142108244584
11411457,8192,1,1427163,99936036914,142933952635
11419649,8192,1,1470939,99901096311,145222942261
11427841,8192,1,1374494,99957562220,143766286132
11436033,8192,1,1412862,100230306566,141132073200
11444225,8192,1,1374249,100053691309,140466660919
11452417,8192,1,1571219,99840223592,144549224300
11460609,8192,1,1495879,100010686253,143270839358
11468801,8192,1,1604419,100116741671,145700841609
11476993,8192,1,1633118,99820704698,144266094292
11485185,8192,1,1504462,99935838936,151094379260
11493377,8192,1,1317697,100499782245,149843115990
11501569,8192,1,1456024,100174119560,144907836823
11509761,8192,1,1513323,100006134277,141863966784
11517953,8192,1,1519607,99951925790,146940570472
11526145,8192,1,1383406,99807024509,145722358291
11534337,8192,1,1422653,100061173912,150892750408
11542529,8192,1,1545477,99930647157,149863575276
11550721,8192,1,1558532,100242503361,147488958471
11558913,8192,1,1504436,99761429052,143891640570
11567105,8192,1,1457170,99838244510,147640449153
11575297,8192,1,1421856,100360462892,151333454642
11583489,8192,1,1555722,100143247311,150515721190
11591681,8192,1,1574678,99900660852,150986137796
11599873,8192,1,1594565,100048647754,148167715019
11608065,8192,1,1659040,100329595801,155269108218
11616257,8192,1,1617443,100220177970,149593280652
11624449,8192,1,1532623,100080599389,151147585256
11632641,8192,1,1542361,100037161583,150448037080
11640833,8192,1,1571861,100308996380,147338068200
11649025,8192,1,1395721,100378559333,149193015356
11657217,8192,1,1490221,100226114683,151661019114
11665409,8192,1,1513739,99985733401,146567872566
11673601,8192,1,1486715,99964988407,144645746146
11681793,8192,1,1497379,99497295251,150174338771
11689985,8192,1,1555675,99583756838,144551156344
11698177,8192,1,1526425,99975239456,142998737792
11706369,8192,1,1506885,100205850486,198612679728
11714561,8192,1,1417140,100076759648,202404185571
11722753,8192,1,1419327,100185239943,175541347922
11730945,8192,1,1535326,99752558396,152164960986
11739137,8192,1,1475350,100121062315,146282876770
11747329,8192,1,1462315,100110564487,146519525287
11755521,8192,1,1607984,100218708518,146090520308
11763713,8192,1,1561092,100091344980,143864026501
11771905,8192,1,1634365,99974635368,140282600520
11780097,8192,1,1611463,100152909187,147800974213
11788289,8192,1,1659488,100051303446,143202011555
11796481,8192,1,1665774,99976385541,141211694377
11804673,8192,1,1595345,99986758305,140830893748
11812865,8192,1,1524046,99728316562,144308001232
11821057,8192,1,1641213,100165414493,147961459905
11829249,8192,1,1680031,99908869524,143495143065
11837441,8192,1,1612325,99880712091,144963089749
11845633,8192,1,1614251,99971067648,146453439905
11853825,8192,1,1556277,99978320446,145127952715
11862017,8192,1,1512954,100017672279,146979257148
11870209,8192,1,1549037,99886206895,145314694044
11878401,8192,1,1571428,100164009970,146456177431
11886593,8192,1,1668305,100312517315,144400608521
11894785,8192,1,1682065,100025730811,146714138406
11902977,8192,1,1570310,100112225843,148100235331
11911169,8192,1,1644933,100154217941,147911904944
11919361,8192,1,1656821,100207884794,147404682844
11927553,8192,1,1582493,100126425907,146138512152
11935745,8192,1,1521475,100167079312,149060265619
11943937,8192,1,1521683,100388045346,154652624553
11952129,8192,1,1489299,99966830319,158533737191
11960321,8192,1,1544635,100287189976,153173443348
11968513,8192,1,1561452,100362822758,153818678073
11976705,8192,1,1547967,99807104865,154035631457
11984897,8192,1,1485163,100423627141,149121717453
11993089,8192,1,1491502,100554250927,148403481831
12001281,8192,1,1511597,100501602390,147506124925
12009473,8192,1,1613129,100389557491,151575596349
12017665,8192,1,1618139,100182492628,149478913075
12025857,8192,1,1670231,100793818551,146209388402
12034049,8192,1,1618179,100973456970,149488216818
12042241,8192,1,1636290,100626663293,150097213416
12050433,8192,1,1664045,100791135270,147108637402
12058625,8192,1,1614383,100610086286,145105229896
12066817,8192,1,1626536,100553630407,145269504541
12075009,8192,1,1627135,100664025896,150915389794
12083201,8192,1,1538091,100839562356,149960610406
12091393,8192,1,1630555,100752831001,145087006509
12099585,8192,1,1633198,100611408516,149945793520
12107777,8192,1,1693381,100714695598,147038785613
12115969,8192,1,1640460,100682351254,150871197437
12124161,8192,1,1538108,100693050780,151636487589
12132353,8192,1,1528903,100580839188,156479096726
12140545,8192,1,1638145,100567752635,153696547058
12148737,8192,1,1686577,100662518085,172685959702
12156929,8192,1,1700547,100764775287,168237533574
12165121,8192,1,1713298,100590983304,168484031668
12173313,8192,1,1558439,100652606920,164306183076
12181505,8192,1,1598931,100706966213,161747376193
12189697,8192,1,1658474,100768276142,156284257561
12197889,8192,1,1637377,100917775639,157831842778
12206081,8192,1,1654920,100978253443,157130028168
12214273,8192,1,1653938,101056372273,158000401148
12222465,8192,1,1558132,101083378473,165249083622
12230657,8192,1,1706312,101058340035,169413149189
12238849,8192,1,1767076,101153617321,161345725115
12247041,8192,1,1547107,101156385394,168270717907
12255233,8192,1,1807586,101213455045,158371334435
12263425,8192,1,1827918,101340557214,157534319531
12271617,8192,1,1812421,101225928616,158299063989
12279809,8192,1,1929005,102065174460,151198243753
12288001,8192,1,1974887,113736085303,174391819517
12296193,8192,1,2023402,120815230694,192013528566
12304385,8192,1,1812523,120875986075,191642100258
12312577,8192,1,1728126,121038645094,202963084835
12320769,8192,1,1828550,120484717452,201795693836
12328961,8192,1,1856686,120211855092,199615406928
12337153,8192,1,1960808,120130384288,191483697576
12345345,8192,1,1834647,120407730128,196893318499
12353537,8192,1,1789128,120394301428,203422621766
12361729,8192,1,1845221,120562860077,204299840032
12369921,8192,1,1928680,120791685995,199579596146
12378113,8192,1,1897871,120919218796,197188884552
12386305,8192,1,1956011,121273660873,197885265303
12394497,8192,1,2024916,121410961017,190019810143
12402689,8192,1,2206937,120878046089,188372959990
12410881,8192,1,2161590,121219190569,179897846665
12419073,8192,1,2154173,120712639060,175355571338
12427265,8192,1,2025421,121107996489,191763261716
12435457,8192,1,1919756,121298892011,191552930099
12443649,8192,1,1849268,121098408850,200211963554
12451841,8192,1,1841994,121305918840,202474813030
12460033,8192,1,1812728,121289513405,193407815879
12468225,8192,1,1836821,121131924561,209734849670
12476417,8192,1,1847130,121013257890,202328486254
12484609,8192,1,1726342,121110215473,201590772252
12492801,8192,1,1565797,121227551605,203143405083
12500993,8192,1,1661227,120989838462,199104774959
12509185,8192,1,1657744,121397791130,195994650375
12517377,8192,1,1686415,120881512313,196382412086
12525569,8192,1,1635921,121020595616,192800899103
12533761,8192,1,1638295,120828007952,196815517611
12541953,8192,1,1630729,121115033416,201044743457
12550145,8192,1,1669238,121350515963,198419768225
12558337,8192,1,1606500,120840646922,191254377109
12566529,8192,1,1705647,120843737763,204213293393
12574721,8192,1,1593840,120738844726,203114947597
12582913,8192,1,1428541,118845017866,200275942374
12591105,8192,1,1527605,119581549488,204059605355
12599297,8192,1,1538160,121177086792,202786553899
12607489,8192,1,1544054,120921611838,203287638889
12615681,8192,1,1489350,121042433482,202143418311
12623873,8192,1,1435704,119449851412,199394546870
12632065,8192,1,1452687,118027659375,200196479276
12640257,8192,1,1546021,120587022943,200706760708
12648449,8192,1,1522355,120371457890,198930273756
12656641,8192,1,1515099,120323786912,199884317533
12664833,8192,1,1463056,119801520354,198143242189
12673025,8192,1,1336569,117778012653,199473684925
12681217,8192,1,1523979,120492919264,209848815384
12689409,8192,1,1641347,120800581446,212641320519
12697601,8192,1,1517616,120209411085,205886511630
12705793,8192,1,1572885,120784865947,202630764583
12713985,8192,1,1443041,119223702600,201084357303
12722177,8192,1,1560503,118711360145,202515977083
12730369,8192,1,1710200,120752573783,211921676252
12738561,8192,1,1525513,120574020911,200079363729
12746753,8192,1,1545180,120340259097,200309491162
12754945,8192,1,1491209,119617730910,199139304796
12763137,8192,1,1419517,119567393503,200832762810
12771329,8192,1,1443602,118754868552,203746894260
12779521,8192,1,1749998,120716159388,185598152911
12787713,8192,1,1637823,120792717738,193093517539
12795905,8192,1,1547938,120670804712,192941999322
12804097,8192,1,1433400,119784397229,196527980235
12812289,8192,1,1468640,119538963045,194625077370
12820481,8192,1,1536022,121005829418,195546988553
12828673,8192,1,1544028,120698206806,197865679693
12836865,8192,1,1619752,120820573618,199934008190
12845057,8192,1,1531456,120973407095,193311377967
12853249,8192,1,1483024,120987635474,190980103242
12861441,8192,1,1519507,120664198995,201791986107
12869633,8192,1,1543637,120610778641,211606401698
12877825,8192,1,1551096,121002511251,211258891232
12886017,8192,1,1516209,121052750886,208748053928
12894209,8192,1,1517293,120791191879,216047908093
12902401,8192,1,1553524,121085055387,210654971934
12910593,8192,1,1693757,121300295216,209123911023
12918785,8192,1,1672044,121340799798,202581704114
12926977,8192,1,1655404,120941956310,206740183779
12935169,8192,1,1569906,120926210670,205273675763
12943361,8192,1,1540925,121105298293,210508103157
12951553,8192,1,1641688,121015559738,205187212623
12959745,8192,1,1563783,120859188337,205195078502
12967937,8192,1,1512297,121685096229,200516535322
12976129,8192,1,1516976,126805399318,203317665440
12984321,8192,1,1530715,126881112753,211823296661
12992513,8192,1,1500023,126849103803,209652023368
13000705,8192,1,1525062,126762365924,195653325830
13008897,8192,1,1570898,126628575442,199911050262
13017089,8192,1,1515070,126715629496,201667778076
13025281,8192,1,1491295,126737597201,195036023292
13033473,8192,1,1399447,126800876454,198024426818
13041665,8192,1,1612103,126573305644,201254919648
13049857,8192,1,1564889,126570069748,202351607915
13058049,8192,1,1549927,126511290892,204897673047
13066241,8192,1,1574840,126648398482,207448375239
13074433,8192,1,1517669,127023106100,207425995213
13082625,8192,1,1555248,127201822791,210277517496
13090817,8192,1,1556053,126522950159,202969614571
13099009,8192,1,1504861,126490789213,205523642190
13107201,8192,1,1482066,126504578382,200863844823
13115393,8192,1,1426374,126482546404,191392957709
13123585,8192,1,1422652,126575548760,195965925874
13131777,8192,1,1500669,126501919615,199124785715
13139969,8192,1,1580952,126501645806,197758117540
13148161,8192,1,1572191,126580580822,186127226834
13156353,8192,1,1502663,126435071350,176010121833
13164545,8192,1,1495807,126867900914,179822097779
13172737,8192,1,1485620,126758082578,186901833021
13180929,8192,1,1624283,126445008957,190137361031
13189121,8192,1,1487793,126454067159,183178960293
13197313,8192,1,1590087,126448018907,193924719883
13205505,8192,1,1603957,126508967574,206354783171
13213697,8192,1,1515619,126648476624,211556172231
13221889,8192,1,1594506,126480910175,202989773728
13230081,8192,1,1571457,126542193961,208163988445
13238273,8192,1,1535402,126591571689,201115363600
13246465,8192,1,1493317,126453218947,191067184370
13254657,8192,1,1432522,126495905368,209079406038
13262849,8192,1,1488041,126602949682,208127080395
13271041,8192,1,1487836,126367437642,197399683604
13279233,8192,1,1482494,126265843066,203250703932
13287425,8192,1,1540706,126290664704,203249956285
13295617,8192,1,1431213,126416230124,204317229108
13303809,8192,1,1381642,126377743039,199965642184
13312001,8192,1,1425200,126414184386,197053786934
13320193,8192,1,1446442,126433497478,200427635667
13328385,8192,1,1451568,126525699709,199438383361
13336577,8192,1,1488450,126443773151,192866081582
13344769,8192,1,1448829,126470974452,211896609044
13352961,8192,1,1435386,126473514687,209296563709
13361153,8192,1,1537204,126540746888,197505476944
13369345,8192,1,1706359,126382828597,200333969332
13377537,8192,1,1739316,126452726028,198666436008
13385729,8192,1,1559597,126463514796,200004673315
13393921,8192,1,1464328,126468436719,207444063821
13402113,8192,1,1527548,126619040869,197696754520
13410305,8192,1,1540567,126512649425,201585897632
13418497,8192,1,1579041,126657363768,198349221926
13426689,8192,1,1652004,126401984278,193489213672
13434881,8192,1,1484258,126375922545,206716739888
13443073,8192,1,1553385,126524177526,214856809161
13451265,8192,1,1545506,126393109813,202791161070
13459457,8192,1,1617660,126509408506,208988205181
13467649,8192,1,1617160,126539220161,206593257904
13475841,8192,1,1597888,126604477600,208930745090
13484033,8192,1,1607554,126579892965,209738499597
13492225,8192,1,1693151,126510267086,207186812462
13500417,8192,1,1730955,126614551074,197145544142
13508609,8192,1,1907030,126451741784,194333168990
13516801,8192,1,1860726,126544257334,200312244120
13524993,8192,1,1743498,126502399379,199691684758
13533185,8192,1,1699555,126537553304,201493064342
13541377,8192,1,1797680,126444001381,200162592333
13549569,8192,1,1806412,126438385106,213261040954
13557761,8192,1,1726244,126479692212,207476161734
13565953,8192,1,1638285,126346564082,213074534926
13574145,8192,1,1634714,126449381758,223970516970
13582337,8192,1,1718939,126525685269,204988693598
13590529,8192,1,1768713,126417251634,202310714813
13598721,8192,1,1731576,126409827801,201506315075
13606913,8192,1,1714696,126194994571,199933692795
13615105,8192,1,1662689,126332832338,214063364092
13623297,8192,1,1659344,126354562546,199560464863
13631489,8192,1,1688326,126167088507,204579572381
13639681,8192,1,1740343,126358272138,211428724479
13647873,8192,1,1656537,126321177990,204223863976
13656065,8192,1,1504782,126229054599,211720252024
13664257,8192,1,1627117,126324235982,211917727562
13672449,8192,1,1617372,126397597617,202787288092
13680641,8192,1,1717682,126185351143,208794479464
13688833,8192,1,1681875,126418968592,210121037549
13697025,8192,1,1659942,126214234182,211967126676
13705217,8192,1,1493091,126442876345,209341467309
13713409,8192,1,1639977,126344852300,208320974176
13721601,8192,1,1637728,126406992783,201164621670
13729793,8192,1,1662768,126254851194,208237146796
13737985,8192,1,1572229,126483226636,211387864470
13746177,8192,1,1626524,126076081216,215792045999
13754369,8192,1,1809146,126386695047,222066213878
13762561,8192,1,1603948,126355692540,213589893592
13770753,8192,1,1713010,126362941154,221375154991
13778945,8192,1,1595162,126358123369,219354456889
13787137,8192,1,1503295,126594660549,211499810347
13795329,8192,1,1492449,126654128960,218003729833
13803521,8192,1,1550781,126482616958,214505229944
13811713,8192,1,1601370,126555088393,212577454499
13819905,8192,1,1499991,126600144015,213410033776
13828097,8192,1,1579600,126426324518,209579200367
13836289,8192,1,1451918,126589449884,219415298814
13844481,8192,1,1485911,126671407417,209644766248
13852673,8192,1,1510421,126431496750,205514659909
13860865,8192,1,1590569,126516589514,209120462073
13869057,8192,1,1615665,126504700303,215308873462
13877249,8192,1,1657339,126494229879,207548348398
13885441,8192,1,1530995,126632403991,219184064266
13893633,8192,1,1593121,126305831185,216969949366
13901825,8192,1,1594780,126628482611,201175184306
13910017,8192,1,1574979,126512975265,207963005121
13918209,8192,1,1528537,126494511250,224020122913
13926401,8192,1,1485566,126581521439,215259308640
13934593,8192,1,1516224,126693079215,217888610600
13942785,8192,1,1526924,126579720747,208637652571
13950977,8192,1,1595071,126529604427,223497423233
13959169,8192,1,1523136,126501530450,221612242985
13967361,8192,1,1498767,126596003961,217104041752
13975553,8192,1,1406922,126595942080,205312687809
13983745,8192,1,1599497,126504388876,203189207896
13991937,8192,1,1623488,126638294462,211327935760
14000129,8192,1,1622392,126578067124,207365939722
14008321,8192,1,1539581,126538188694,200954184848
14016513,8192,1,1479134,126565197225,224525220708
14024705,8192,1,1502447,126588974527,214694576307
14032897,8192,1,1478763,126487822388,215363142579
14041089,8192,1,1533746,126627724761,214719075465
14049281,8192,1,1519738,126594957346,213459870228
14057473,8192,1,1519493,126528476406,216664138308
14065665,8192,1,1378968,126547954984,205639051927
14073857,8192,1,1474826,126438035641,214655677478
14082049,8192,1,1461458,126597812191,216205211220
14090241,8192,1,1463314,126464976827,211717112916
14098433,8192,1,1441040,126385694310,209892661996
14106625,8192,1,1436453,126491228880,219278286006
14114817,8192,1,1496948,126733919140,218220196323
14123009,8192,1,1496987,126542528909,211888817560
14131201,8192,1,1452980,126436119407,217137061323
14139393,8192,1,1423186,126572325359,217305499050
14147585,8192,1,1569308,126563222552,223393016023
14155777,8192,1,1464535,126571618605,219028876991
14163969,8192,1,1479519,126524555259,218824723035
14172161,8192,1,1499313,126468901517,222336086843
14180353,8192,1,1565348,126623168177,217821762927
14188545,8192,1,1470830,126464552679,217941251092
14196737,8192,1,1400549,126494842685,218333339411
14204929,8192,1,1453105,126753079308,226029191982
14213121,8192,1,1460111,126568950512,216338550528
14221313,8192,1,1520459,126652167619,216021389934
14229505,8192,1,1499272,126638616386,220953366259
14237697,8192,1,1548944,126740822535,218363262495
14245889,8192,1,1633816,126506755658,234390687299
14254081,8192,1,1445619,126723848661,215253877100
14262273,8192,1,1431866,126541088768,214484010543
14270465,8192,1,1484052,126508469815,217806166935
14278657,8192,1,1449156,126566654615,218219595767
14286849,8192,1,1474927,126698119621,223704396940
14295041,8192,1,1393083,126635507728,220606175970
14303233,8192,1,1469593,126594053976,214907783619
14311425,8192,1,1512033,126538804256,217482766307
14319617,8192,1,1481371,126576921156,221767691811
14327809,8192,1,1430169,126566265060,221025536624
14336001,8192,1,1419150,126722723223,219237378340
14344193,8192,1,1480284,126435774983,224096731403
14352385,8192,1,1528548,126476867898,233887541942
14360577,8192,1,1546887,126808255314,234480824907
14368769,8192,1,1435509,126571790084,227162895569
14376961,8192,1,1386650,126499954858,226779790094
14385153,8192,1,1382223,126651656770,224882011679
14393345,8192,1,1488051,126664579673,223920320002
14401537,8192,1,1553934,126545677652,229207835530
14409729,8192,1,1634007,126563665151,221818322310
14417921,8192,1,1442200,126580746495,225857882655
14426113,8192,1,1413632,126478067233,233752592514
14434305,8192,1,1548109,126551840239,230303569434
14442497,8192,1,1470527,126615549801,230283391770
14450689,8192,1,1478434,126677467809,222782460728
14458881,8192,1,1458738,126597790863,222695305483
14467073,8192,1,1426514,126403031347,227558948697
14475265,8192,1,1482168,126709937913,230504644228
14483457,8192,1,1557468,126539321538,225503498367
14491649,8192,1,1470187,126437944162,224263440893
14499841,8192,1,1477967,126523369672,220197150986
14508033,8192,1,1465952,126535822834,246002815823
14516225,8192,1,1348724,126493420690,226544783921
14524417,8192,1,1408175,126557593458,225266216471
14532609,8192,1,1417407,126601214291,222557037261
14540801,8192,1,1453750,126608916838,221162653909
14548993,8192,1,1403369,126516523197,218878336792
14557185,8192,1,1395108,126600906242,230663356879
14565377,8192,1,1422523,126760302959,225910267256
14573569,8192,1,1419444,126405917316,218180271311
14581761,8192,1,1376103,126440498278,217883973095
14589953,8192,1,1432106,126608941369,221279549381
14598145,8192,1,1389518,126692065880,216886915052
14606337,8192,1,1325891,126592054869,231413963306
14614529,8192,1,1430620,126570249130,227079164587
14622721,8192,1,1640576,126530216669,229093866990
14630913,8192,1,1458194,126511255699,213111198149
14639105,8192,1,1452283,126394466641,223207565367
14647297,8192,1,1349319,126566104062,232671379304
14655489,8192,1,1452911,126604604446,227262501731
14663681,8192,1,1448499,126332373287,222129536370
14671873,8192,1,1483751,126448598311,227026143422
14680065,8192,1,1524626,126486693032,226593229352
14688257,8192,1,1527468,126545672360,224837911348
14696449,8192,1,1472173,126525431009,202727490973
14704641,8192,1,1419681,126533194875,219159311043
14712833,8192,1,1437270,126467171242,228606315124
14721025,8192,1,1512036,126367840991,228196114156
14729217,8192,1,1439500,126305664805,233189584930
14737409,8192,1,1387353,126409670149,230464242924
14745601,8192,1,1499311,126425130097,234466074821
14753793,8192,1,1558145,126172894422,234734348593
14761985,8192,1,1718804,126212903238,229853419764
14770177,8192,1,1717370,126029090030,232330284821
14778369,8192,1,1473904,126362945352,236797119998
14786561,8192,1,1449449,126492807622,245814428474
14794753,8192,1,1477860,126429514269,228252477021
14802945,8192,1,1512924,126383475179,228825245503
14811137,8192,1,1483765,126427560226,227803752411
14819329,8192,1,1469039,126465883445,218301210225
14827521,8192,1,1400910,126617871845,219283812652
14835713,8192,1,1464190,126577008600,224582045942
14843905,8192,1,1463597,126488966318,213608308622
14852097,8192,1,1435958,126350436560,212688126429
14860289,8192,1,1428608,126334006669,215935703975
14868481,8192,1,1442830,126593504235,220141987212
14876673,8192,1,1444089,126454820297,207233797633
14884865,8192,1,1489984,126427635219,204031923119
14893057,8192,1,1459687,126567897831,203101443309
14901249,8192,1,1429581,126389935326,197611586110
14909441,8192,1,1388421,126535790245,203391160806
14917633,8192,1,1472067,126496416288,201264345679
14925825,8192,1,1441937,126455027935,204343252370
14934017,8192,1,1444164,126497768001,195906441879
14942209,8192,1,1483479,126356513150,201055570164
14950401,8192,1,1440249,126385110650,221984248657
14958593,8192,1,1526412,126307268112,223750890141
14966785,8192,1,1552881,126293740397,227186756227
14974977,8192,1,1547396,126094740945,219042110105
14983169,8192,1,1536599,126211707939,213751579159
14991361,8192,1,1489033,126224000392,227319345501
14999553,8192,1,1453488,126264788639,221620686701
15007745,8192,1,1511797,126501254834,216317508651
15015937,8192,1,1503036,126279848457,216352674523
15024129,8192,1,1519956,126405073088,217153016017
15032321,8192,1,1423112,126368472028,200601133389
15040513,8192,1,1514298,126447574509,214101803644
15048705,8192,1,1540708,126248790503,208011913100
15056897,8192,1,1512494,126305588741,218647953132
15065089,8192,1,1499260,126337822141,213316460021
15073281,8192,1,1452264,126555139864,213267868227
15081473,8192,1,1479484,126496906125,210086896771
15089665,8192,1,1488701,126582720631,207910347512
15097857,8192,1,1503925,126385361299,206005641130
15106049,8192,1,1479703,126275675270,204511842100
15114241,8192,1,1487831,126443159552,209143520850
15122433,8192,1,1451943,126750094045,203359032987
15130625,8192,1,1432546,126356114172,206503690791
15138817,8192,1,1498517,126157841850,208319698899
15147009,8192,1,1502133,126486746806,207875179254
15155201,8192,1,1580935,126483403980,214833315852
15163393,8192,1,1575190,126219434040,213475859914
15171585,8192,1,1536284,126327883878,214091867716
15179777,8192,1,1488705,126401251390,211435151113
15187969,8192,1,1535856,126380404561,214274873925
15196161,8192,1,1502255,126340565283,216267229222
15204353,8192,1,1457865,126470528973,214902462039
15212545,8192,1,1475951,126706209220,219382145133
15220737,8192,1,2099730,126390140428,240502329941
15228929,8192,1,1507534,126385341833,220737471320
15237121,8192,1,1532314,126415790802,222485059936
15245313,8192,1,1492981,126326458992,219998793144
15253505,8192,1,1473283,126472813488,223965768344
15261697,8192,1,1660048,126534594704,229212688245
15269889,8192,1,1600297,126589300886,229434352269
15278081,8192,1,1808125,126391955349,234617580325
15286273,8192,1,1509403,126411630842,218089971843
15294465,8192,1,1492102,126503841855,224155413675
15302657,8192,1,1481006,126879977162,219579695452
15310849,8192,1,1455573,126338823947,216410387342
15319041,8192,1,1468523,126384171157,210622214770
15327233,8192,1,1455118,126452603869,210095260191
15335425,8192,1,1428014,126484960125,215316622813
15343617,8192,1,1414560,126583909748,214834488861
15351809,8192,1,1433222,126370246098,207095611965
15360001,8192,1,1438656,126724972455,215685993232
15368193,8192,1,1422503,126526502925,209110188472
15376385,8192,1,1417976,126364437949,213263129897
15384577,8192,1,1424419,126656766137,218032775931
15392769,8192,1,1381472,126593536534,207152069311
15400961,8192,1,1366854,126560232721,208346596872
15409153,8192,1,1391499,126696531231,213616140827
15417345,8192,1,1408332,126595281337,208705954016
15425537,8192,1,1382698,126492112406,212390574376
15433729,8192,1,1361048,126653338550,208072138941
15441921,8192,1,1392230,126508621863,207328937741
15450113,8192,1,1350466,126393470273,203093900403
15458305,8192,1,1425866,126500624148,205627754259
15466497,8192,1,1388874,126680471683,204680247130
15474689,8192,1,1432354,126763626150,210932586601
15482881,8192,1,1439442,126625747723,209752584420
15491073,8192,1,1418575,126514564670,213882826804
15499265,8192,1,1399446,126591544745,203602169157
15507457,8192,1,1421860,126366550708,210356023238
15515649,8192,1,1386719,126711988256,216131871117
15523841,8192,1,1434635,126473241960,206633965597
15532033,8192,1,1480058,126415568321,212613082964
15540225,8192,4702882,1539317,126223755357,210802476370
15548417,8192,4711204,1549433,125266962992,214199410738
15556609,8192,4719481,1506999,125314419131,219084014591
15564801,8192,4727753,1326511,125385512822,214020804004
15572993,8192,4736026,1301225,125359407921,211168047361
15581185,8192,4744366,1298022,125291818536,208442227241
15589377,8192,4752640,1292103,125493083866,214258077196
15597569,8192,4760873,1269576,125171890894,209982753519
15605761,8192,4769097,1281934,125158789139,214981554763
15613953,8192,4777324,1266483,125184058805,207977490327
15622145,8192,4785575,1310843,125352153039,210886301617
15630337,8192,4793834,1350424,125402191477,210408156035
15638529,8192,4802063,1271916,125290664131,207265534369
15646721,8192,4810311,1382229,125417435852,202775795737
15654913,8192,4818560,1341844,125241377890,208080690450
15663105,8192,4826793,1338871,125235624379,216417705510
15671297,8192,4835033,1473498,125267623539,194629836890
15679489,8192,4843307,1341943,125238576083,208936413659
15687681,8192,4851548,1358945,125339300495,213896801807
15695873,8192,4859783,1366233,125332552702,207900777695
15704065,8192,4868035,1366939,125309608945,208087600373
15712257,8192,4876269,1258668,125580844155,169502048522
15720449,8192,4884504,1269011,125586649741,182186663485
15728641,8192,4892734,1290568,125336795671,203424852038
15736833,8192,4900965,1218505,125671533571,199121547639
15745025,8192,4909209,1270641,125186719880,211592598496
15753217,8192,4917440,1222591,125621248902,203067718034
15761409,8192,4925676,1136071,125642950151,201584565229
15769601,8192,4933927,1207034,125446738312,209085369130
15777793,8192,4942152,1230057,125167110607,198877827284
15785985,8192,4950396,1236387,125097758007,203009886624
15794177,8192,4958625,1304488,125171471581,208467253284
15802369,8192,4966858,1224835,125188882612,205469741554
15810561,8192,4975086,1104271,125176226874,208667351288
15818753,8192,4983340,1191983,125462451283,210734710912
15826945,8192,4991606,1208452,124895221202,209790060519
15835137,8192,4999843,1258925,124696117492,211591452875
15843329,8192,5008082,1266737,124905141764,214109784781
15851521,8192,5016328,1181380,124808204719,206579068022
15859713,8192,5024572,1181075,124913583891,211707431823
15867905,8192,5032801,1198642,124853581395,209912436691
15876097,8192,5041067,1256946,124485974258,206370931237
15884289,8192,5049305,1185695,124420511601,211789140206
15892481,8192,5057550,1237468,124320433939,204403261736
15900673,8192,5065779,1160265,124212174085,212308202161
15908865,8192,5074016,1058092,124650352681,210884412839
15917057,8192,5082245,1154274,124317182853,210973104338
15925249,8192,5090476,1267752,124214048769,212866795837
15933441,8192,5098721,1375306,124264129443,224714774853
15941633,8192,5106967,1389702,123940720851,224432505982
15949825,8192,5115210,1290366,124034382029,220219406608
15958017,8192,5123438,1173643,124359427972,226457048601
15966209,8192,5131663,1310249,124224713160,234075525467
15974401,8192,5139899,1340522,124099640351,234264957741
15982593,8192,5148147,1235970,124322924690,224037200099
15990785,8192,5156389,1283371,124198929531,222034895682
15998977,8192,5164630,1225813,124186386101,219495878859
16007169,8192,5172864,1052847,124623074343,212577411427
16015361,8192,5181097,1052959,124493600992,226289820781
16023553,8192,5189331,1090688,124243013279,226608775439
16031745,8192,5197584,1104026,124381451256,220598014307
16039937,8192,5205840,1123041,124395808586,220241795057
16048129,8192,5214078,1134623,124830620768,220779539330
16056321,8192,5222314,1125502,124617193118,225415386356
16064513,8192,5230552,1010762,124683765373,226111208978
16072705,8192,5238780,1246034,124333477118,225750894780
16080897,8192,5247021,1178575,124260753374,231360289759
16089089,8192,5255267,1123580,124306431578,225917316658
16097281,8192,5263499,1140851,124439942230,222218412877
16105473,8192,5271733,1161857,124361331384,223644720954
16113665,8192,5279979,1109178,124669356777,228661131559
16121857,8192,5288231,1162628,124391196480,221670638560
16130049,8192,5296473,1180458,124399949367,218894656295
16138241,8192,5304780,1078802,124660642804,216865872121
16146433,8192,5313022,1399504,124480225073,233761516938
16154625,8192,5321262,1831486,124194901488,265150065300
16162817,8192,5329495,1289430,124612317459,247466404892
16171009,8192,5337741,1315758,124340884409,233023653450
16179201,8192,5345985,1305539,124066232016,237747244749
16187393,8192,5354220,1237219,124237008425,232523879489
16195585,8192,5362459,1242340,124164031098,228122953681
16203777,8192,5370696,1298513,123955699854,231580177846
16211969,8192,5378936,1110066,124443582796,237379177021
16220161,8192,5387165,1089412,124386084913,224826674922
16228353,8192,5395399,1161951,123977256702,224328290710
16236545,8192,5403630,1168807,124125228021,229781197170
16244737,8192,5411850,1131902,124288779632,230285796493
16252929,8192,5420067,1149718,124332292810,240385741619
16261121,8192,5428297,1006443,124925233758,249238977143
16269313,8192,5436528,1004179,124695474779,231740655990
16277505,8192,5444770,1149822,124398327669,231855085491
16285697,8192,5452994,1133861,124278260394,235893984638
16293889,8192,5461230,1092288,124265714717,235054485240
16302081,8192,5469460,1072509,124403719165,242850359450
16310273,8192,5477688,941325,124731511962,256344087148
16318465,8192,5485913,882467,124766784923,227481756912
16326657,8192,5494140,1064365,124413151568,223091851374
16334849,8192,5502372,1203661,124227087257,227932539968
16343041,8192,5510610,1295735,124036901019,238311288979
16351233,8192,5518848,1181661,124111787777,227854880120
16359425,8192,5527079,1079067,124533103336,247995344140
16367617,8192,5535309,1377208,124373927230,249735905172
16375809,8192,5543539,1202265,124039788633,250315971267
16384001,8192,5551774,1240571,124100331466,231607098741
16392193,8192,5560023,1251207,124003722518,235360418419
16400385,8192,5568264,1239850,124052994132,226699485183
16408577,8192,5576488,1265814,123867348059,244616760834
16416769,8192,5584742,1147721,124148195400,245706204110
16424961,8192,5592977,1192692,124003358239,247853740201
16433153,8192,5601200,1188570,124166203859,234587755585
16441345,8192,5609436,1214158,123872046169,239511436847
16449537,8192,5617666,1166299,124245007447,228023664224
16457729,8192,5625902,1176755,123985010086,247166949417
16465921,8192,5634141,1029846,124556794423,235290925810
16474113,8192,5642371,1087223,124368765692,229076129953
16482305,8192,5650601,1173116,124180458932,230449200840
16490497,8192,5658845,1158866,124219659457,231273993913
16498689,8192,5667082,1248259,124168429071,236272559345
16506881,8192,5675313,1170549,124282739423,235744067629
16515073,8192,5683551,1131564,124390215662,231186712327
16523265,8192,5691780,1225728,123979933211,232712784479
16531457,8192,5700013,1233882,124053338198,229575401201
16539649,8192,5708260,1211444,123988503328,237994554150
16547841,8192,5716525,1256586,123922282104,226371165954
16556033,8192,5724762,1230919,124009051113,228012212453
16564225,8192,5732991,1239040,124028389925,239066834842
16572417,8192,5741223,1226880,123982832351,234047008029
16580609,8192,5749471,1296813,123813847300,225404015587
16588801,8192,5757729,1266771,123805018180,229832517621
16596993,8192,5765970,1247419,123939513129,234544186196
16605185,8192,5774205,1147285,124058090877,236374005256
16613377,8192,5782440,1084123,124251855466,233463491826
16621569,8192,5790686,1209663,124076116461,232853268277
16629761,8192,5798933,1278174,124175952832,231612282155
16637953,8192,5807177,1330708,123602214180,219937114183
16646145,8192,5815423,1279631,123702477060,230731862850
16654337,8192,5823744,1183021,123877292698,235134260057
16662529,8192,5832032,1132813,124094677752,249845596901
16670721,8192,5840313,1209310,123989450841,243294959008
16678913,8192,5848599,1253099,123926563458,239004960191
16687105,8192,5856905,1251013,124004103042,238783380797
16695297,8192,5865191,1245742,123923427248,227240395807
16703489,8192,5873502,1235602,124080283695,246093114461
16711681,8192,5881803,1135044,124299971638,252791679815
16719873,8192,5890089,1154719,124214204463,241550766266
16728065,8192,5898362,1210401,123956363401,239210762606
16736257,8192,5906658,1246107,123945396983,228761178149
16744449,8192,5914960,1250768,123917230336,235790495027
16752641,8192,5923268,1232077,123922994202,234812003486
16760833,8192,5931557,1101217,124016467187,232991534206
16769025,8192,5939852,1115077,123940593590,226651616646
16777217,8192,5948143,1203820,123946925971,225793800248
16785409,8192,5956437,1190451,123833585470,223768968046
16793601,8192,5964730,1192548,123749498190,218361089806
16801793,8192,5973054,1222847,123956529365,231548249395
16809985,8192,5981358,1158585,123615753440,235849677394
16818177,8192,5989636,1190257,123880766762,241549340026
16826369,8192,5997923,1315502,124066841094,233785957739
16834561,8192,6006221,1280191,123785793744,226707228391
16842753,8192,6014515,1218102,123790540045,225393756278
16850945,8192,6022798,1219963,123930827780,232600466522
16859137,8192,6031084,1161119,123958338109,245678925816
16867329,8192,6039371,1171240,124129112556,240785571163
16875521,8192,6047642,1267203,123879852147,239771053141
16883713,8192,6055930,1262897,123950930417,239270146866
16891905,8192,6064228,1232554,123924166484,231960074385
16900097,8192,6072508,1261532,123799373290,231479208151
16908289,8192,6080793,1204241,123697797710,245510075134
16916481,8192,6089077,1166469,123872500417,276201896264
16924673,8192,6097362,1313286,123887439402,253576353387
16932865,8192,6105654,1318114,123736211580,246412594615
16941057,8192,6113948,1371249,123781285971,266378620060
16949249,8192,6122230,1324221,123851146021,245269353460
16957441,8192,6130520,1201645,123770774514,268254749694
16965633,8192,6138828,1130553,124115291400,269798392119
16973825,8192,6147196,1206396,123973096845,256543545921
16982017,8192,6155571,1296153,123799597728,248327307514
16990209,8192,6163998,1245876,123829143218,250611696632
16998401,8192,6172357,1236370,123949207012,261371523568
17006593,8192,6180713,1095386,124186445686,257784665765
17014785,8192,6189078,1097696,124373036821,284722290481
17022977,8192,6197431,1184850,124038711706,257784095354
17031169,8192,6205770,1232776,123930837647,256816923270
17039361,8192,6214644,1316623,123920763300,258617042273
17047553,8192,6223141,1373527,123682150949,250356077305
17055745,8192,6231549,1236837,124174335358,250049488340
17063937,8192,6239930,1008710,124612817560,242409242479
17072129,8192,6248275,1183210,123779206831,223366473558
17080321,8192,6256608,1260658,123645465790,218442154264
17088513,8192,6264965,1260278,123647922745,205620562966
17096705,8192,6273315,1195518,123606718765,222160802195
17104897,8192,6281580,1014510,124351735830,228438413023
17113089,8192,6289852,998796,124202567206,222767809962
17121281,8192,6298121,1079273,124077209846,219497922894
17129473,8192,6306398,1108894,124161798539,232819656247
17137665,8192,6314693,1094899,124246637405,235621307615
17145857,8192,6322984,1150300,124075434998,230669653698
17154049,8192,6331276,1053151,124293347868,230859798272
17162241,8192,6339552,1116778,123894911874,225288280969
17170433,8192,6347847,1259515,123549394465,219486356506
17178625,8192,6356141,1302281,123514410067,212409715690
17186817,8192,6364447,1268222,123677502767,213461211633
17195009,8192,6372722,1334072,123586995334,203092208940
17203201,8192,6381005,1375665,123325720760,190178388386
17211393,8192,6389309,1269359,123489821555,199068761166
17219585,8192,6397595,1316145,123397475306,204645161262
17227777,8192,6405886,1281602,123525891650,211268576334
17235969,8192,6414187,1256380,123586573657,219727760950
17244161,8192,6422571,1265659,123572520849,215811277099
17252353,8192,6431060,1227759,123671374561,233887009235
17260545,8192,6439423,1143861,123975679931,267930245706
17268737,8192,6447756,1247976,123689972357,246580695033
17276929,8192,6456078,1225854,123699524669,244152499399
17285121,8192,6464411,1200074,123686298402,280202382227
17293313,8192,6472712,1235586,123611194696,242876220609
17301505,8192,6481018,1244725,123809963167,245596479175
17309697,8192,6489326,1176759,123949583273,260882891619
17317889,8192,6497627,1224036,123535394964,252049786394
17326081,8192,6505936,1271485,123566158009,229221636806
17334273,8192,6514227,1213764,123611052485,249332942960
17342465,8192,6522521,1220033,123559546994,243408986710
17350657,8192,6530810,1190892,123706210400,271973474450
17358849,8192,6539086,1097182,123977816887,264368408359
17367041,8192,6547367,1232605,123526861260,240327144981
17375233,8192,6555668,1355447,123551402440,231822915544
17383425,8192,6563975,1256364,123670066137,249233527876
17391617,8192,6572280,1227341,123601410945,241886788481
17399809,8192,6580587,1246478,123797697040,261080140584
17408001,8192,6588914,1123000,124044778310,274498390650
17416193,8192,6597245,1269906,123743510946,274376572990
17424385,8192,6605563,1290349,123571782475,268159475245
17432577,8192,6613884,1215614,123977234268,263798792521
17440769,8192,6622203,1142107,124116885794,248652350993
17448961,8192,6630518,1318220,123834754157,275575544906
17457153,8192,6638828,1371127,124366947124,277586262962
17465345,8192,6647132,1139240,124284630535,297861332262
17473537,8192,6655432,1118499,124036532288,273365203036
17481729,8192,6663738,1167236,123974272274,264295031959
17489921,8192,6672036,1269205,123713974467,271772301441
17498113,8192,6680314,1278229,123781928256,268939324697
17506305,8192,6688575,1097821,124418769032,271301454196
17514497,8192,6696852,1200669,124340518916,266425505437
17522689,8192,6705139,1244132,123969649458,246486301849
17530881,8192,6713412,1254698,123801937893,280537015701
17539073,8192,6721698,1202255,123775890332,254632418519
17547265,8192,6729991,1183886,124107681984,263346344485
17555457,8192,6738288,1142197,124416112644,279085040192
17563649,8192,6746591,1094662,124391082754,287688538739
17571841,8192,6754910,1243595,124011718560,279412261698
17580033,8192,6763173,1246138,123656872333,261830951974
17588225,8192,6771437,1220773,123600570876,256071991644
17596417,8192,6779714,1285195,123589648360,247188569331
17604609,8192,6788002,1127444,123962367108,276499260681
17612801,8192,6796294,1108831,124051288689,281867210549
17620993,8192,6804576,1218492,123776521297,286117249764
17629185,8192,6812859,894478,125317003080,203178776731
17637377,8192,6821141,1009584,124520012251,205657933579
17645569,8192,6829423,1188604,123540108721,260218074022
17653761,8192,6837721,1145572,123736105560,268940850839
17661953,8192,6846009,1121758,123823005628,278537848886
17670145,8192,6854313,1256352,123679748158,279066638612
17678337,8192,6862607,1224990,123816739190,287079877498
17686529,8192,6870912,1264714,123654678978,261515111682
17694721,8192,6879202,1287665,123408708438,294611155945
17702913,8192,6887554,1098212,123991774872,289846186230
17711105,8192,6895845,1108258,123788035887,307126284542
17719297,8192,6904113,1232852,123693345817,289913441485
17727489,8192,6912402,1335960,123472687664,251694386699
17735681,8192,6920655,1213157,123578980328,275642654938
17743873,8192,6928910,1277573,123594496185,272110783780
17752065,8192,6937162,1154856,123439317921,269543635432
17760257,8192,6945412,1122970,123725286457,309293920928
17768449,8192,6953662,1166718,123587905718,304553621844
17776641,8192,6961925,1169406,123654616772,330564482038
17784833,8192,6970175,1152283,123604124435,346625785231
17793025,8192,6978424,1170610,123601748165,280324363927
17801217,8192,6986678,1130078,123548526906,326745274071
17809409,8192,6994934,1130415,123727490035,424723008995
17817601,8192,7003174,1191194,123693477330,333282422486
17825793,8192,7011410,1219535,123557826561,316451826946
17833985,8192,7019652,1204918,123575373732,301002382784
17842177,8192,7027902,1236320,123689649053,293049364205
17850369,8192,7036151,1265346,123558675615,294646014375
17858561,8192,7044407,1157496,123929573197,321398151038
17866753,8192,7052664,1183951,123658814084,289936790788
17874945,8192,7060922,1278407,123642908245,286459429942
17883137,8192,7069180,1199199,123569105452,279602448268
17891329,8192,7077424,1204048,123571644886,281918497647
17899521,8192,7085686,1149470,123705192123,279720176767
17907713,8192,7093924,1069430,123938547216,289958735802
17915905,8192,7102175,1145941,123688977805,291922354151
17924097,8192,7110423,1199646,123514505273,253897504564
17932289,8192,7118675,1221132,123514220373,278258444445
17940481,8192,7126933,1231073,123559394968,267141678448
17948673,8192,7135190,1248894,123623668837,291527134474
17956865,8192,7143454,1099647,123889088349,291180988995
17965057,8192,7151711,1157411,123638299505,291946194303
17973249,8192,7159953,1181639,123578092102,283435605174
17981441,8192,7168195,1188780,123426270631,279777183128
17989633,8192,7176448,1200236,123591117988,279483775223
17997825,8192,7184717,1177795,123566501958,283303772939
18006017,8192,7192955,1067515,123979983927,320021475153
18014209,8192,7201216,1110139,123876347374,295438349860
18022401,8192,7209486,1173383,123559378879,275079483249
18030593,8192,7217747,1177056,123507968462,293892182548
18038785,8192,7226002,1151703,123568189717,290447581976
18046977,8192,7234267,1129441,123895897097,306934887546
18055169,8192,7242532,1212054,124049690052,307706769380
18063361,8192,7250786,1140613,123712356534,304380545849
18071553,8192,7259026,1107207,123998293126,299789758663
18079745,8192,7267303,1229221,123576941238,304548031526
18087937,8192,7275548,1158819,123656399105,298610714229
18096129,8192,7283810,1140087,123714074502,299259975266
18104321,8192,7292076,1035592,124064972672,311574363581
18112513,8192,7300337,1068455,124125573099,310739178244
18120705,8192,7308598,1231558,123782706356,325248621227
18128897,8192,7316868,1804705,123807268147,326950757012
18137089,8192,7325152,1220780,123755928993,278795333221
18145281,8192,7333463,1167260,123474759659,301997124131
18153473,8192,7341807,1040843,124077823347,314658698198
18161665,8192,7350157,1045352,124076331700,319611411559
18169857,8192,7358440,1155698,123804646559,316917935752
18178049,8192,7366694,1168029,123738642967,301422214371
18186241,8192,7374947,1287030,123844935174,305038728275
18194433,8192,7383221,1126547,123712845708,311891837520
18202625,8192,7391475,987425,124535109821,321881164195
18210817,8192,7399742,1012301,124231635810,321861069449
18219009,8192,7407987,1160175,123996504845,301049459775
18227201,8192,7416247,1234696,123502477845,307509112151
18235393,8192,7424510,1192308,123850914107,301024975542
18243585,8192,7432769,1181081,123639714052,316168822472
18251777,8192,7441011,1122330,123791286451,322782952726
18259969,8192,7449248,1057141,124005826008,318202606300
18268161,8192,7457480,1149776,123780189861,301109314131
18276353,8192,7465732,1138922,123825049322,315650536572
18284545,8192,7473976,1116748,123912936549,313979527039
18292737,8192,7482227,1127798,124011657362,330399259728
18300929,8192,7490473,1167190,123832281793,348077603320
18309121,8192,7498722,1053420,124124411697,347876007667
18317313,8192,7506978,1133163,123892826376,347636809433
18325505,8192,7515227,1132535,123963669651,381232013556
18333697,8192,7523497,1174914,123807898511,352123125409
18341889,8192,7531758,1150732,124008898402,310437072612
18350081,8192,7540010,1095754,124066570254,331309619663
18358273,8192,7548250,1031926,124293311968,323041975938
18366465,8192,7556485,1169850,123796488548,303874530835
18374657,8192,7564737,1137885,123763453499,308716024712
18382849,8192,7572992,1137153,123739979971,308984719283
18391041,8192,7581241,1196116,123696138160,284684433784
18399233,8192,7589493,1188419,123748760146,317510809886
18407425,8192,7597744,1130750,123806830257,306827017814
18415617,8192,7606005,1203397,123713240856,314355681112
18423809,8192,7614258,1257068,123661939920,282949228072
18432001,8192,7622531,1252621,123647146166,268985783647
18440193,8192,7630780,1205858,123608104486,292146287108
18448385,8192,7639025,1171536,123606480487,294549526473
18456577,8192,7647282,1184335,123687962207,299462841798
18464769,8192,7655550,1227707,123656285174,309826593897
18472961,8192,7663813,1284738,123601764262,292606734693
18481153,8192,7672060,1256303,123642445478,286697160234
18489345,8192,7680331,1195079,123543052072,283327067608
18497537,8192,7688594,1238864,123729824111,298244390076
18505729,8192,7696861,1182352,123593591406,311811032373
18513921,8192,7705129,1233586,123621916055,308008749032
18522113,8192,7713386,1230026,123625792489,290081578809
18530305,8192,7721624,1223627,123553925647,298258240858
18538497,8192,7729874,1290154,123671245630,280947422299
18546689,8192,7738125,1276381,123699036245,309201883825
18554881,8192,7746382,1246012,123733776212,342226627172
18563073,8192,7754631,1246486,123634151269,312699503176
18571265,8192,7762868,1219353,123672327030,291637636132
18579457,8192,7771127,1233808,123544543122,300745981365
18587649,8192,7779363,1254190,123650030852,296536325655
18595841,8192,7787617,1244508,123614833950,294868709877
18604033,8192,7795903,1259904,123713505259,324374844291
18612225,8192,7804160,1216570,123810115467,327174636291
18620417,8192,7812425,1282421,123680636979,290653421832
18628609,8192,7820683,1290295,123762052048,289301332262
18636801,8192,7828925,1329761,123624356896,318239103386
18644993,8192,7837197,1229232,123673332562,340694770909
18653185,8192,7845459,1124831,123722979147,354376649114
18661377,8192,7853721,1141839,123760941969,360611532725
18669569,8192,7861982,1276577,123643292573,306793907633
18677761,8192,7870232,1348989,123665435619,300156529298
18685953,8192,7878487,1292258,123614723053,286626989949
18694145,8192,7886739,1280894,123635445331,264580009739
18702337,8192,7894977,1370284,123674712258,320914444589
18710529,8192,7903249,1196262,123768009361,372014656469
18718721,8192,7911506,1315408,123701070991,296179899848
18726913,8192,7919763,1376836,123723517082,372658779462
18735105,8192,7928038,1294708,123852643029,357542425016
18743297,8192,7936310,1380152,123592761710,328477782770
18751489,8192,7944586,1294239,123792768243,410434438199
18759681,8192,7952835,1286704,123765852488,333698632757
18767873,8192,7961090,1233835,123872769832,388558211805
18776065,8192,7969343,1205041,123986510127,487101825723
18784257,8192,7977613,1310812,123933188174,450717018208
18792449,8192,7985880,1371731,123735994772,321572189163
18800641,8192,7994181,1231492,123976611447,314894970249
18808833,8192,8002461,1239882,123867437997,503376324988
18817025,8192,8010724,1294709,123735714868,358610136956
18825217,8192,8019018,1333260,123846313048,347767521391
18833409,8192,8027303,1475343,123747332848,339233707021
18841601,8192,8035559,1384494,123689349896,302368591659
18849793,8192,8043832,1323590,123619746748,329829199619
18857985,8192,8052126,1314599,123671843490,333419914033
18866177,8192,8060419,1273194,123657643737,331799738689
18874369,8192,8068684,1277332,123711691345,345751042335
18882561,8192,8076974,1321935,123658427466,313944237686
18890753,8192,8085252,1332345,123535674414,300385485071
18898945,8192,8093563,1248370,123739831742,329234348586
18907137,8192,8101832,1253229,123728100060,345752692578
18915329,8192,8110114,1266595,123781071763,355419971006
18923521,8192,8118398,1288376,123635147516,310589525304
18931713,8192,8126667,1252811,123705837334,295499714449
18939905,8192,8134951,1264747,123685039020,325520148524
18948097,8192,8143260,1204967,123815134928,424852377199
18956289,8192,8151644,1161537,124211789248,556932979739
18964481,8192,8159956,1256820,123969766721,450896239523
18972673,8192,8168234,1252926,123728441436,323363472836
18980865,8192,8176488,1415393,123858693129,276823431075
18989057,8192,8184767,1378115,123669387522,319386985556
18997249,8192,8193014,1385398,123764285378,317436229154
19005441,8192,8201259,2044815,123824739294,275424069932
19013633,8192,8209499,1454448,123669961183,304021649568
19021825,8192,8217728,1418905,123653695356,262593520141
19030017,8192,8225983,1368129,123782896509,271668834009
19038209,8192,8234228,1371339,123663808593,283285451643
19046401,8192,8242460,1304989,123701427919,305508532455
19054593,8192,8250694,1231354,123767425903,332506168293
19062785,8192,8259059,1276243,123815788056,354754925676
19070977,8192,8267362,1259116,123826364821,326608721362
19079169,8192,8275635,1244576,123691753909,325969076682
19087361,8192,8283896,1333438,123832840822,295397851884
19095553,8192,8292156,1339566,123691549401,312163575470
19103745,8192,8300438,1321099,123849518114,322393474865
19111937,8192,8308689,1260937,123793147462,342168998005
19120129,8192,8316948,1359851,123815115800,295404218121
19128321,8192,8325217,1314760,123666197796,291101299678
19136513,8192,8333493,1305248,123946920476,277502379317
19144705,8192,8341773,1266103,124104017949,295251228458
19152897,8192,8350064,1198093,124118652749,327343400086
19161089,8192,8358344,1230459,124206694754,320147125992
19169281,8192,8366622,1242437,124122790289,287563460739
19177473,8192,8374907,1340729,123989599941,263926756993
19185665,8192,8383182,1236760,123969611623,236982658345
19193857,8192,8391454,1222610,123806886071,216946694262
19202049,8192,8399735,1165655,124131985407,255976567328
19210241,8192,8408023,1140966,124274057934,290586181119
19218433,8192,8416275,1181096,124295618123,291646938019
19226625,8192,8424566,1297683,124266922414,279395620620
19234817,8192,8432837,1319023,124094997030,281758832241
19243009,8192,8441120,1360327,123910732432,269009012064
19251201,8192,8449406,1252019,124116392865,312396069292
19259393,8192,8457720,1260334,124142787832,301680597433
19267585,8192,8465991,1316043,124053267886,293371237180
19275777,8192,8474282,1309169,124018708984,282634020378
19283969,8192,8482572,1275841,124069272958,275414293103
19292161,8192,8490824,1305573,124069543469,258721933709
19300353,8192,8499067,1256213,124228260168,312703651762
19308545,8192,8507317,1263227,124254644406,323893230643
19316737,8192,8515576,1372672,124139191434,294238009012
19324929,8192,8523827,1383445,124230321106,287319392511
19333121,8192,8532090,1428299,124072932148,285532014982
19341313,8192,8540334,1378236,124230760063,273395777592
19349505,8192,8548571,1403329,124273109664,274136144583
19357697,8192,8556815,1360346,124388928610,292261213955
19365889,8192,8565049,1451538,124212199926,260051071102
19374081,8192,8573279,1456308,124187628104,258430690853
19382273,8192,8581515,1390404,124001805374,254669384940
19390465,8192,8589756,1406332,124183216259,261162312584
19398657,8192,8598061,1376343,124298522851,269879914056
19406849,8192,8606304,1323253,124203729016,274453180798
19415041,8192,8614553,1409825,124184434083,263459196808
19423233,8192,8622797,1407012,124190932397,262883526628
19431425,8192,8631094,1479016,124444652304,278305365475
19439617,8192,8639405,1494194,124598689249,293625549658
19447809,8192,8647696,1525689,124654060201,312300360419
19456001,8192,8655991,1400235,124746985771,330819298653
19464193,8192,8664284,1463073,124708696824,314241598536
19472385,8192,8672573,1567587,124492865502,278882357356
19480577,8192,8680848,1569982,124675941826,286949661020
19488769,8192,8689133,1519310,124642372180,297580503303
19496961,8192,8697400,1532953,124562923150,302907400749
19505153,8192,8705700,1441553,124706105566,324925902215
19513345,8192,8714026,1431476,124579418319,306498181815
19521537,8192,8722316,1534603,124318946052,309228722487
19529729,8192,8730829,1504678,124337950932,298434839589
19537921,8192,8739185,1496091,124380640734,290395348924
19546113,8192,8747474,1471940,124404502871,294911898321
19554305,8192,8755777,1421459,124410898435,312883192951
19562497,8192,8764071,1449555,124385162902,299668905207
19570689,8192,8772348,1436175,124282074762,272182345284
19578881,8192,8780597,1384474,124120403426,271029368491
19587073,8192,8788850,1423744,124233175249,275134895772
19595265,8192,8797112,1411530,124285329601,287376371988
19603457,8192,8805376,1362120,124482829897,315548692256
19611649,8192,8813644,1366587,124396688881,295400669629
19619841,8192,8821912,1431304,124303363675,257591596827
19628033,8192,8830158,1382837,124278179872,284037179898
19636225,8192,8838416,1386317,124267212875,287383570308
19644417,8192,8846685,1477932,124283847315,283439087069
19652609,8192,8854969,1327150,124512018946,289163605623
19660801,8192,8863231,1333121,124620238398,310952393485
19668993,8192,8871496,1361699,124457738133,294844628141
19677185,8192,8879742,1402400,124720060656,270873315145
19685377,8192,8887996,1426421,124385138939,285282620007
19693569,8192,8896260,1349485,124526186496,285530957354
19701761,8192,8904509,1300798,124683267469,312356045312
19709953,8192,8912750,1312484,124522623013,296416017111
19718145,8192,8920990,1367280,124234964352,278828618901
19726337,8192,8929255,1367565,124243473683,266895395728
19734529,8192,8937499,1360530,124198160597,270331645149
19742721,8192,8945763,1355984,124540036759,298902389559
19750913,8192,8954019,1252870,124821955842,301902096695
19759105,8192,8962263,1317146,124580362846,297574143405
19767297,8192,8970503,1425710,124319133475,276958446873
19775489,8192,8978751,1426943,124406846992,274257979019
19783681,8192,8986991,1408096,124487406122,282570132943
19791873,8192,8995239,1375954,124221565854,297836079289
19800065,8192,9003484,1328449,124456618248,309205449235
19808257,8192,9011734,1308968,124536261314,284733348236
19816449,8192,9019990,1361273,124451868445,290564793969
19824641,8192,9028233,1386800,124442024416,295372436590
19832833,8192,9036486,1311633,124472221441,294699619932
19841025,8192,9044737,1321663,124723548990,316521451915
19849217,8192,9052980,1296587,124201124261,274005729675
19857409,8192,9061230,1211690,124816889058,293892360080
19865601,8192,9069473,1341044,124415440188,282236834576
19873793,8192,9077747,1364059,124478097811,293253168816
19881985,8192,9085984,1370389,124290076590,281899209314
19890177,8192,9094228,1315726,124427228697,289032718031
19898369,8192,9102490,1250201,124502760559,305656752852
19906561,8192,9110734,1226278,124794745557,290281220892
19914753,8192,9118990,1262021,124642676514,282377332157
19922945,8192,9127236,1373100,124069895033,276793493386
19931137,8192,9135486,1343031,124229005523,282735455164
19939329,8192,9143725,1329349,124204790713,278359174613
19947521,8192,9151974,1333083,124392561546,300917659211
19955713,8192,9160210,1314942,124423623184,297425768515
19963905,8192,9168454,1333019,124345711165,269325552498
19972097,8192,9176695,1257352,124232825992,279216239109
19980289,8192,9184953,1323568,124094474908,271118781177
19988481,8192,9193196,1326751,124163998517,266570884626
19996673,8192,9201443,1336252,123996321353,283694188141
20004865,8192,9209675,1240854,124226710247,279207927601
20013057,8192,9217912,1304799,123931172877,263373064260
20021249,8192,9226144,1330787,123950597201,275685351576
20029441,8192,9234372,1338896,123821130868,257848245840
20037633,8192,9242611,1317090,123654099640,261084923887
20045825,8192,9250848,1347082,123953641816,273323228227
20054017,8192,9259089,1325267,123876567291,289602690237
20062209,8192,9267322,1318717,124055393101,276215046826
20070401,8192,9275563,1366227,123762444016,260007810775
20078593,8192,9283801,1384871,123911184108,264190204496
20086785,8192,9292062,1406126,123940016782,260979457639
20094977,8192,9300302,1339685,124015415943,276706181916
20103169,8192,9308551,1301714,124029391097,293632588318
20111361,8192,9316795,1273066,124087816974,298528277896
20119553,8192,9325059,1341785,124092854149,285647339361
20127745,8192,9333311,1300304,124171257384,276181223155
20135937,8192,9341560,1312828,123895576655,262812873238
20144129,8192,9349801,1478597,124131653209,298902275250
20152321,8192,9358049,1401974,124342040084,324603030820
20160513,8192,9366304,1278720,124374744387,305054090252
20168705,8192,9374550,1346678,123936121923,288626587690
20176897,8192,9382778,1424523,124108232349,292226552305
20185089,8192,9391015,1377219,123885049400,275666758122
20193281,8192,9399251,1336187,123788574103,281464916932
20201473,8192,9407494,1298463,124269759102,312941672513
20209665,8192,9415724,1286626,124087576326,305825705952
20217857,8192,9423960,1317852,123942254668,289580981200
20226049,8192,9432209,1299917,124147683853,281499354310
20234241,8192,9440439,1360846,123774875427,257962931041
20242433,8192,9448678,1459730,123854928977,264255422389
20250625,8192,9456910,1312416,124076624635,307435327704
20258817,8192,9465146,1171595,124427662111,310827267612
20267009,8192,9473399,1317129,124097688366,300383510105
20275201,8192,9481639,1334263,123937658483,282884633315
20283393,8192,9489868,1363375,124067024594,272698864900
20291585,8192,9498106,1363384,123869625532,296393032624
20299777,8192,9506347,1316781,124039812722,309475123207
20307969,8192,9514581,1244265,123989778309,291352792060
20316161,8192,9522818,1314009,123995263661,295342080038
20324353,8192,9531037,1360451,123857218332,260077805964
20332545,8192,9539273,1365918,123758625145,246386245763
20340737,8192,9547499,1315447,123780556120,248785093358
20348929,8192,9555732,1291597,124045417961,288032716820
20357121,8192,9563959,1279773,124504091119,286593925428
20365313,8192,9572201,1312646,123669140229,252528616990
20373505,8192,9580431,1311170,124039182811,270505676544
20381697,8192,9588664,1276710,124097202607,274207904869
20389889,8192,9596900,1309255,123990059477,266697099124
20398081,8192,9605136,1256225,124206051024,272641301030
20406273,8192,9613370,1215683,124065312931,255337888221
20414465,8192,9621591,1244275,124192634311,266074257791
20422657,8192,9629846,1320255,123998089347,250320149699
20430849,8192,9638079,1321247,123888932332,238897257447
20439041,8192,9646308,1265381,123823513533,242978624795
20447233,8192,9654555,1276821,123996852027,256508220324
20455425,8192,9662773,1197252,124532117855,284724140299
20463617,8192,9670997,1257479,124388614409,266357432429
20471809,8192,9679232,1285411,123650110177,269385595507
20480001,8192,9687458,1297199,123749972625,257242112845
20488193,8192,9695679,1243615,123883712183,251488781772
20496385,8192,9703905,1269253,124047419113,260020353971
20504577,8192,9712142,1135247,124465862938,278215686439
20512769,8192,9720378,1161611,124184136025,253539110843
20520961,8192,9728604,1245300,124007077488,251829018783
20529153,8192,9736836,1421269,123962849137,259678621149
20537345,8192,9745081,1439333,123669332793,256606334172
20545537,8192,9753315,1253608,124231633533,275043919464
20553729,8192,9761549,1145025,124604070901,279240811700
20561921,8192,9769782,1166959,124453507182,269817809606
20570113,8192,9778022,1229301,123923336719,262712208350
20578305,8192,9786257,1215782,124508837186,265377135413
20586497,8192,9794502,1269527,124050642770,259945361034
20594689,8192,9802745,1292003,124332499053,261427202066
20602881,8192,9810996,1228322,124543532771,269067718419
20611073,8192,9819237,1097645,124814044268,260531826140
20619265,8192,9827482,1324919,124291925023,254814632544
20627457,8192,9835711,1316468,124306662368,255083141335
20635649,8192,9843959,1323405,124238897976,256338490382
20643841,8192,9852200,1312577,124110240029,258358332305
20652033,8192,9860438,1167898,124654545575,263660135066
20660225,8192,9868668,1172966,124818915829,272706156740
20668417,8192,9876900,1236978,124229513827,245399544556
20676609,8192,9885128,1278425,124191509641,259765583455
20684801,8192,9893357,1277423,124164220953,238682108664
20692993,8192,9901590,1299309,124222150078,247407249922
20701185,8192,9909808,1280639,124039124147,259885496787
20709377,8192,9918046,1237605,124150614349,268326202530
20717569,8192,9926276,1319388,123967676483,244789984860
20725761,8192,9934518,1333524,123906422105,247997671542
20733953,8192,9942757,1342890,124072186073,255708397763
20742145,8192,9950994,1335924,123999386424,252261416186
20750337,8192,9959240,1282264,124044134635,257136734431
20758529,8192,9967460,1252221,124075251218,263499026883
20766721,8192,9975702,1248961,124010223875,242058370838
20774913,8192,9983955,1296280,123959551616,238341618943
20783105,8192,9992198,1295855,123861766459,227635490501
20791297,8192,10000436,1357061,123655847951,234976250190
20799489,8192,10008679,1286683,123903565050,225557936297
20807681,8192,10016909,1225709,123683481511,245675996838
20815873,8192,10025141,1281184,123701645397,235609273698
20824065,8192,10033363,1306171,123674520523,230468685276
20832257,8192,10041601,1300593,123697978959,233526529683
20840449,8192,10049823,1322193,123742084041,241984052795
20848641,8192,10058046,1339278,123881511204,267497331524
20856833,8192,10066279,1280156,124044652168,268032602272
20865025,8192,10074499,1341045,123939717225,264554433472
20873217,8192,10082726,1449149,123875874183,245149702812
20881409,8192,10090947,1318637,123828156277,253340705464
20889601,8192,10099176,1310004,124079212741,250162945144
20897793,8192,10107391,1287441,124064006649,243627601866
20905985,8192,10115611,1238107,123942336536,249691371466
20914177,8192,10123834,1270972,123967807271,249988258592
20922369,8192,10132052,1338406,123619826798,236204975901
20930561,8192,10140274,1350373,123791381394,235338148711
20938753,8192,10148494,1314243,123637017493,249582657965
20946945,8192,10156745,1392627,123714739565,233755584396
20955137,8192,10165009,1283356,123904730600,263004708758
20963329,8192,10173259,1250992,123804630771,250892996777
20971521,8192,10181499,1396954,123899780038,239605617375
20979713,8192,10189737,1351704,123744674033,249174095690
20987905,8192,10197972,1408688,123937607291,244985590048
20996097,8192,10206206,1502921,123906819311,231727633948
21004289,8192,10214429,1419302,123927641555,260273386881
21005282,993,10223616,159274,15045217504,33764951702
