Aug 06 12:50:39 nimbus-eth1-mainnet-long-benchmark[1119979]: >>> starting cloneOrFetchBenchmarksRepo
Aug 06 12:50:39 nimbus-eth1-mainnet-long-benchmark[1119979]: >>> Fetching latest changes for nimbus-eth1-benchmarks...
Aug 06 12:50:41 nimbus-eth1-mainnet-long-benchmark[1120037]: HEAD is now at 1185b92 chore: update long benchmark Readme
Aug 06 12:50:41 nimbus-eth1-mainnet-long-benchmark[1119979]: <<< ending cloneOrFetchBenchmarksRepo (success)
Aug 06 12:50:41 nimbus-eth1-mainnet-long-benchmark[1119979]: >>> starting cloneOrFetchNimbusRepo
Aug 06 12:50:49 nimbus-eth1-mainnet-long-benchmark[1119979]: >>> Fetching latest changes for nimbus-eth1...
Aug 06 12:50:51 nimbus-eth1-mainnet-long-benchmark[1120354]: From https://github.com/status-im/nimbus-eth1
Aug 06 12:50:51 nimbus-eth1-mainnet-long-benchmark[1120354]:    e777f94df..f66bd5396  master               -> origin/master
Aug 06 12:50:51 nimbus-eth1-mainnet-long-benchmark[1120354]:  * [new branch]          3xW                  -> origin/3xW
Aug 06 12:50:51 nimbus-eth1-mainnet-long-benchmark[1120354]:  * [new branch]          dependabot/submodules/vendor/nim-lsquic-46e25fe -> origin/dependabot/submodules/vendor/nim-lsquic-46e25fe
Aug 06 12:50:51 nimbus-eth1-mainnet-long-benchmark[1120354]:  * [new branch]          fix-witness-precompile-account -> origin/fix-witness-precompile-account
Aug 06 12:50:51 nimbus-eth1-mainnet-long-benchmark[1120354]:    43fe4136c..20dc01172  focil                -> origin/focil
Aug 06 12:50:51 nimbus-eth1-mainnet-long-benchmark[1120354]:    446d35390..a1997b8f9  glamsterdam-devnet-7 -> origin/glamsterdam-devnet-7
Aug 06 12:50:51 nimbus-eth1-mainnet-long-benchmark[1120354]:    ed8a31c37..f1c16fd4d  glamsterdam-devnet-8 -> origin/glamsterdam-devnet-8
Aug 06 12:50:51 nimbus-eth1-mainnet-long-benchmark[1120354]:    c049d2c6e..eaf59f1bd  ledger-journal-savepoints -> origin/ledger-journal-savepoints
Aug 06 12:50:51 nimbus-eth1-mainnet-long-benchmark[1120354]:  * [new branch]          ledger-metrics       -> origin/ledger-metrics
Aug 06 12:50:51 nimbus-eth1-mainnet-long-benchmark[1120354]:  * [new branch]          ledger-optimizations -> origin/ledger-optimizations
Aug 06 12:50:51 nimbus-eth1-mainnet-long-benchmark[1120354]:  + 56074060c...19c768145 simulate-v1          -> origin/simulate-v1  (forced update)
Aug 06 12:50:51 nimbus-eth1-mainnet-long-benchmark[1120354]:  + e33b7649e...56eb8f664 threadchannel        -> origin/threadchannel  (forced update)
Aug 06 12:50:51 nimbus-eth1-mainnet-long-benchmark[1120354]:    b73820b4c..e2c998447  wasm-deploy          -> origin/wasm-deploy
Aug 06 12:50:51 nimbus-eth1-mainnet-long-benchmark[1120354]: Fetching submodule vendor/nim-eth
Aug 06 12:50:52 nimbus-eth1-mainnet-long-benchmark[1120354]: From https://github.com/status-im/nim-eth
Aug 06 12:50:52 nimbus-eth1-mainnet-long-benchmark[1120354]:    a7b34d3..d29d89e  master     -> origin/master
Aug 06 12:50:52 nimbus-eth1-mainnet-long-benchmark[1120354]: Fetching submodule vendor/nim-json-rpc
Aug 06 12:50:52 nimbus-eth1-mainnet-long-benchmark[1120354]: From https://github.com/status-im/nim-json-rpc
Aug 06 12:50:52 nimbus-eth1-mainnet-long-benchmark[1120354]:    143fb20..641f942  thread-chan -> origin/thread-chan
Aug 06 12:50:53 nimbus-eth1-mainnet-long-benchmark[1120354]: Fetching submodule vendor/nim-json-serialization
Aug 06 12:50:53 nimbus-eth1-mainnet-long-benchmark[1120354]: From https://github.com/status-im/nim-json-serialization
Aug 06 12:50:53 nimbus-eth1-mainnet-long-benchmark[1120354]:    8fc5858..de6e056  gh-pages   -> origin/gh-pages
Aug 06 12:50:53 nimbus-eth1-mainnet-long-benchmark[1120354]:    527ba9f..962ed76  master     -> origin/master
Aug 06 12:50:53 nimbus-eth1-mainnet-long-benchmark[1120354]: Fetching submodule vendor/nim-ssz-serialization
Aug 06 12:50:54 nimbus-eth1-mainnet-long-benchmark[1120354]: From https://github.com/status-im/nim-ssz-serialization
Aug 06 12:50:54 nimbus-eth1-mainnet-long-benchmark[1120354]:    e7e0cd9..a4cf364  master     -> origin/master
Aug 06 12:50:54 nimbus-eth1-mainnet-long-benchmark[1120354]: Fetching submodule vendor/nim-stew
Aug 06 12:50:55 nimbus-eth1-mainnet-long-benchmark[1120354]: From https://github.com/status-im/nim-stew
Aug 06 12:50:55 nimbus-eth1-mainnet-long-benchmark[1120354]:    1a5d0b9..232673b  master     -> origin/master
Aug 06 12:50:55 nimbus-eth1-mainnet-long-benchmark[1120354]:  * [new tag]         v0.5.1     -> v0.5.1
Aug 06 12:50:55 nimbus-eth1-mainnet-long-benchmark[1120354]: Fetching submodule vendor/nimbus-eth2
Aug 06 12:50:56 nimbus-eth1-mainnet-long-benchmark[1120354]: From https://github.com/status-im/nimbus-eth2
Aug 06 12:50:56 nimbus-eth1-mainnet-long-benchmark[1120354]:  * [new branch]          Soa                  -> origin/Soa
Aug 06 12:50:56 nimbus-eth1-mainnet-long-benchmark[1120354]:  * [new branch]          a13                  -> origin/a13
Aug 06 12:50:56 nimbus-eth1-mainnet-long-benchmark[1120354]:  * [new branch]          dependabot/submodules/unstable/vendor/hoodi-30b866a -> origin/dependabot/submodules/unstable/vendor/hoodi-30b866a
Aug 06 12:50:56 nimbus-eth1-mainnet-long-benchmark[1120354]:  * [new branch]          dependabot/submodules/unstable/vendor/nim-eth-30cb9fc -> origin/dependabot/submodules/unstable/vendor/nim-eth-30cb9fc
Aug 06 12:50:56 nimbus-eth1-mainnet-long-benchmark[1120354]:  * [new branch]          dependabot/submodules/unstable/vendor/nim-protobuf-serialization-24ddb65 -> origin/dependabot/submodules/unstable/vendor/nim-protobuf-serialization-24ddb65
Aug 06 12:50:56 nimbus-eth1-mainnet-long-benchmark[1120354]:  * [new branch]          dependabot/submodules/unstable/vendor/nim-ssz-serialization-26b4e1b -> origin/dependabot/submodules/unstable/vendor/nim-ssz-serialization-26b4e1b
Aug 06 12:50:56 nimbus-eth1-mainnet-long-benchmark[1120354]:  * [new branch]          dependabot/submodules/unstable/vendor/sepolia-a284cd3 -> origin/dependabot/submodules/unstable/vendor/sepolia-a284cd3
Aug 06 12:50:56 nimbus-eth1-mainnet-long-benchmark[1120354]:  + c6bd30dc1...c79ac96da feature/presto_opt   -> origin/feature/presto_opt  (forced update)
Aug 06 12:50:56 nimbus-eth1-mainnet-long-benchmark[1120354]:    ed1bc7726..421e101e2  gar                  -> origin/gar
Aug 06 12:50:56 nimbus-eth1-mainnet-long-benchmark[1120354]:    0230f29fb..72108c6a1  glamsterdam-devnet-7 -> origin/glamsterdam-devnet-7
Aug 06 12:50:56 nimbus-eth1-mainnet-long-benchmark[1120354]:  * [new branch]          glamsterdam-devnet-8 -> origin/glamsterdam-devnet-8
Aug 06 12:50:56 nimbus-eth1-mainnet-long-benchmark[1120354]:  + 7152630a6...18f0c0f5c sam/payload          -> origin/sam/payload  (forced update)
Aug 06 12:50:56 nimbus-eth1-mainnet-long-benchmark[1120354]:  * [new branch]          sam/qbz              -> origin/sam/qbz
Aug 06 12:50:56 nimbus-eth1-mainnet-long-benchmark[1120354]:  + 504d7a1dd...57efae046 syncv3               -> origin/syncv3  (forced update)
Aug 06 12:50:56 nimbus-eth1-mainnet-long-benchmark[1120354]:  * [new branch]          syncv3part5          -> origin/syncv3part5
Aug 06 12:50:56 nimbus-eth1-mainnet-long-benchmark[1120354]:  * [new branch]          tcq                  -> origin/tcq
Aug 06 12:50:56 nimbus-eth1-mainnet-long-benchmark[1120354]:  * [new branch]          test-lsquic          -> origin/test-lsquic
Aug 06 12:50:56 nimbus-eth1-mainnet-long-benchmark[1120354]:  + ee6905970...a9f37e1a8 threadchannel        -> origin/threadchannel  (forced update)
Aug 06 12:50:56 nimbus-eth1-mainnet-long-benchmark[1120354]:    0230f29fb..009c9907b  unstable             -> origin/unstable
Aug 06 12:50:56 nimbus-eth1-mainnet-long-benchmark[1120354]: fatal: exec 'rev-list': cd to 'vendor/nim-blscurve' failed: No such file or directory
Aug 06 12:50:56 nimbus-eth1-mainnet-long-benchmark[1120354]: fatal: exec 'rev-list': cd to 'vendor/nim-kzg4844' failed: No such file or directory
Aug 06 12:50:56 nimbus-eth1-mainnet-long-benchmark[1120354]: fatal: exec 'rev-list': cd to 'vendor/nim-sqlite3-abi' failed: No such file or directory
Aug 06 12:50:56 nimbus-eth1-mainnet-long-benchmark[1120354]: Fetching submodule vendor/nimbus-eth2/vendor/hoodi
Aug 06 12:50:56 nimbus-eth1-mainnet-long-benchmark[1120354]: From https://github.com/eth-clients/hoodi
Aug 06 12:50:56 nimbus-eth1-mainnet-long-benchmark[1120354]:    a130c03..30b866a  main       -> origin/main
Aug 06 12:50:56 nimbus-eth1-mainnet-long-benchmark[1120354]: Fetching submodule vendor/nimbus-eth2/vendor/nim-blscurve
Aug 06 12:50:57 nimbus-eth1-mainnet-long-benchmark[1120354]: Fetching submodule vendor/nimbus-eth2/vendor/nim-chronos
Aug 06 12:50:58 nimbus-eth1-mainnet-long-benchmark[1120354]: From https://github.com/status-im/nim-chronos
Aug 06 12:50:58 nimbus-eth1-mainnet-long-benchmark[1120354]:  * [new branch]      dev/etan/ae-fddup     -> origin/dev/etan/ae-fddup
Aug 06 12:50:58 nimbus-eth1-mainnet-long-benchmark[1120354]:    b0a4008..efe7248  dev/etan/ae-returnstrain -> origin/dev/etan/ae-returnstrain
Aug 06 12:50:58 nimbus-eth1-mainnet-long-benchmark[1120354]:  * [new branch]      docs/app_module_links -> origin/docs/app_module_links
Aug 06 12:50:58 nimbus-eth1-mainnet-long-benchmark[1120354]:  + 7bb5d8b...11ea53b gh-pages              -> origin/gh-pages  (forced update)
Aug 06 12:50:58 nimbus-eth1-mainnet-long-benchmark[1120354]:    55adad1..b71392a  master                -> origin/master
Aug 06 12:50:58 nimbus-eth1-mainnet-long-benchmark[1120354]:    39c9050..ba9a01b  version-4-0           -> origin/version-4-0
Aug 06 12:50:58 nimbus-eth1-mainnet-long-benchmark[1120354]:    447b3fd..90f543e  version-4-2           -> origin/version-4-2
Aug 06 12:50:58 nimbus-eth1-mainnet-long-benchmark[1120354]:  * [new tag]         v4.0.7                -> v4.0.7
Aug 06 12:50:58 nimbus-eth1-mainnet-long-benchmark[1120354]:  * [new tag]         v4.2.4                -> v4.2.4
Aug 06 12:50:59 nimbus-eth1-mainnet-long-benchmark[1120354]: Fetching submodule vendor/nimbus-eth2/vendor/nim-eth
Aug 06 12:50:59 nimbus-eth1-mainnet-long-benchmark[1120354]: From https://github.com/status-im/nim-eth
Aug 06 12:50:59 nimbus-eth1-mainnet-long-benchmark[1120354]:  * [new branch]      keccak-hash-cachestats -> origin/keccak-hash-cachestats
Aug 06 12:50:59 nimbus-eth1-mainnet-long-benchmark[1120354]:    f185c53..d29d89e  master                 -> origin/master
Aug 06 12:50:59 nimbus-eth1-mainnet-long-benchmark[1120354]: Fetching submodule vendor/nimbus-eth2/vendor/nim-eth2-scenarios
Aug 06 12:51:00 nimbus-eth1-mainnet-long-benchmark[1120354]: From https://github.com/status-im/nim-eth2-scenarios
Aug 06 12:51:00 nimbus-eth1-mainnet-long-benchmark[1120354]:    440d028..d8f0ce8  master     -> origin/master
Aug 06 12:51:00 nimbus-eth1-mainnet-long-benchmark[1120354]: Fetching submodule vendor/nimbus-eth2/vendor/nim-json-rpc
Aug 06 12:51:01 nimbus-eth1-mainnet-long-benchmark[1120354]: From https://github.com/status-im/nim-json-rpc
Aug 06 12:51:01 nimbus-eth1-mainnet-long-benchmark[1120354]:    143fb20..641f942  thread-chan -> origin/thread-chan
Aug 06 12:51:01 nimbus-eth1-mainnet-long-benchmark[1120354]: Fetching submodule vendor/nimbus-eth2/vendor/nim-kzg4844
Aug 06 12:51:01 nimbus-eth1-mainnet-long-benchmark[1120354]: Fetching submodule vendor/nimbus-eth2/vendor/nim-presto
Aug 06 12:51:02 nimbus-eth1-mainnet-long-benchmark[1120354]: From https://github.com/status-im/nim-presto
Aug 06 12:51:02 nimbus-eth1-mainnet-long-benchmark[1120354]:  * [new branch]      feature/opt -> origin/feature/opt
Aug 06 12:51:02 nimbus-eth1-mainnet-long-benchmark[1120354]: Fetching submodule vendor/nimbus-eth2/vendor/nim-sqlite3-abi
Aug 06 12:51:02 nimbus-eth1-mainnet-long-benchmark[1120354]: Fetching submodule vendor/nimbus-eth2/vendor/nim-ssz-serialization
Aug 06 12:51:03 nimbus-eth1-mainnet-long-benchmark[1120354]: From https://github.com/status-im/nim-ssz-serialization
Aug 06 12:51:03 nimbus-eth1-mainnet-long-benchmark[1120354]:    e7e0cd9..a4cf364  master     -> origin/master
Aug 06 12:51:03 nimbus-eth1-mainnet-long-benchmark[1120354]: Fetching submodule vendor/nimbus-eth2/vendor/nim-testutils
Aug 06 12:51:04 nimbus-eth1-mainnet-long-benchmark[1120354]: From https://github.com/status-im/nim-testutils
Aug 06 12:51:04 nimbus-eth1-mainnet-long-benchmark[1120354]:    6ce5e5e..74588b8  master     -> origin/master
Aug 06 12:51:04 nimbus-eth1-mainnet-long-benchmark[1120354]:  * [new tag]         v0.8.2     -> v0.8.2
Aug 06 12:51:04 nimbus-eth1-mainnet-long-benchmark[1120354]: Fetching submodule vendor/nimbus-eth2/vendor/sepolia
Aug 06 12:51:04 nimbus-eth1-mainnet-long-benchmark[1120354]: From https://github.com/eth-clients/sepolia
Aug 06 12:51:04 nimbus-eth1-mainnet-long-benchmark[1120354]:    906833e..a284cd3  main       -> origin/main
Aug 06 12:51:05 nimbus-eth1-mainnet-long-benchmark[1120354]: From https://github.com/status-im/nim-eth2-scenarios
Aug 06 12:51:05 nimbus-eth1-mainnet-long-benchmark[1120354]:  * branch            85ad1db5e72626d156296e986c0d00a58e5ec56f -> FETCH_HEAD
Aug 06 12:51:05 nimbus-eth1-mainnet-long-benchmark[1120570]: warning: unable to rmdir 'vendor/libtommath': Directory not empty
Aug 06 12:51:05 nimbus-eth1-mainnet-long-benchmark[1120570]: HEAD is now at f66bd5396 build(deps): bump vendor/nim-ssz-serialization (#4605)
Aug 06 12:51:05 nimbus-eth1-mainnet-long-benchmark[1119979]: >>> Found last benchmarked commit: 9741f942
Aug 06 12:51:05 nimbus-eth1-mainnet-long-benchmark[1119979]: >>> Using next commit: 43762789d66e6a85f79189e7cf8affdddfabe272
Aug 06 12:51:05 nimbus-eth1-mainnet-long-benchmark[1120586]: HEAD is now at 43762789d Logging cleanups (#3643)
Aug 06 12:51:05 nimbus-eth1-mainnet-long-benchmark[1119979]: >>> Current commit: 43762789d
Aug 06 12:51:05 nimbus-eth1-mainnet-long-benchmark[1119979]: <<< ending cloneOrFetchNimbusRepo (success)
Aug 06 12:51:05 nimbus-eth1-mainnet-long-benchmark[1119979]: >>> starting buildBinaries
Aug 06 12:51:05 nimbus-eth1-mainnet-long-benchmark[1119979]: >>> Building binaries for commit 43762789...
Aug 06 12:51:12 nimbus-eth1-mainnet-long-benchmark[1121758]: Submodule path 'vendor/nimbus-eth2': checked out '8d1f4d5a8e7b8c3f325416ca1c9b9f0a760cba1f'
Aug 06 12:51:12 nimbus-eth1-mainnet-long-benchmark[1122481]: Submodule path 'vendor/nimbus-eth2/vendor/nim-chronicles': checked out '14cb79f470f9eec6fbdcd4f572b437a547b7622c'
Aug 06 12:51:12 nimbus-eth1-mainnet-long-benchmark[1122481]: Submodule path 'vendor/nimbus-eth2/vendor/nim-eth2-scenarios': checked out '5c0abeb5bc7403231d024310b03a838c01d8202b'
Aug 06 12:51:12 nimbus-eth1-mainnet-long-benchmark[1122481]: Submodule path 'vendor/nimbus-eth2/vendor/nim-kzg4844': checked out '69378e5f6ea01fdb70273846c1b2842f4d4e63d7'
Aug 06 12:51:12 nimbus-eth1-mainnet-long-benchmark[1122742]: Submodule path 'vendor/nimbus-eth2/vendor/nim-kzg4844/kzg4844/csources': checked out 'f516aee9dd36fb6bdee24172a85e7b23b5b5678c'
Aug 06 12:51:12 nimbus-eth1-mainnet-long-benchmark[1122757]: Submodule path 'vendor/nimbus-eth2/vendor/nim-kzg4844/kzg4844/csources/blst': checked out '6d960cd05d6fe2b5bc9ba161edf0c1a131b87c4c'
Aug 06 12:51:13 nimbus-eth1-mainnet-long-benchmark[1122481]: Submodule path 'vendor/nimbus-eth2/vendor/nim-web3': checked out 'c2b10b4622947536c836a5ab5399dacc74cf27e7'
Aug 06 12:51:20 nimbus-eth1-mainnet-long-benchmark[1125658]: Building: Nim compiler
Aug 06 12:52:30 nimbus-eth1-mainnet-long-benchmark[1128531]: cp: cannot stat '/data/status-im/nimbus-eth1/build/*': No such file or directory
Aug 06 12:52:30 nimbus-eth1-mainnet-long-benchmark[1128536]: Building: install/usr/lib/libbacktrace.a
Aug 06 12:52:30 nimbus-eth1-mainnet-long-benchmark[1128674]: make[1]: Entering directory '/data/status-im/nimbus-eth1/vendor/nim-rocksdb/vendor/rocksdb'
Aug 06 12:52:30 nimbus-eth1-mainnet-long-benchmark[1128674]: $DEBUG_LEVEL is 0, $LIB_MODE is static
Aug 06 12:52:31 nimbus-eth1-mainnet-long-benchmark[1128674]: make[1]: Leaving directory '/data/status-im/nimbus-eth1/vendor/nim-rocksdb/vendor/rocksdb'
Aug 06 12:52:31 nimbus-eth1-mainnet-long-benchmark[1129732]: Cleaning up RocksDb build artifacts.
Aug 06 12:52:31 nimbus-eth1-mainnet-long-benchmark[1130449]: /bin/sh: 1: javac: not found
Aug 06 12:52:31 nimbus-eth1-mainnet-long-benchmark[1128539]: Building RocksDb static libraries.
Aug 06 12:52:34 nimbus-eth1-mainnet-long-benchmark[1132313]: Building: install/usr/lib/libbacktracenim.a
Aug 06 12:55:31 nimbus-eth1-mainnet-long-benchmark[1134896]: Building: build/nimbus_execution_client
Aug 06 12:59:23 nimbus-eth1-mainnet-long-benchmark[1119979]: >>> renaming binaries to match commit they were built from
Aug 06 12:59:23 nimbus-eth1-mainnet-long-benchmark[1119979]: >>> creating a symbolic link to the latest version
Aug 06 12:59:23 nimbus-eth1-mainnet-long-benchmark[1119979]: >>> deleting copies that are older than N days
Aug 06 12:59:23 nimbus-eth1-mainnet-long-benchmark[1119979]: <<< ending buildBinaries (success)
Aug 06 12:59:23 nimbus-eth1-mainnet-long-benchmark[1119979]: >>> starting skipOrContinueBenchmark
Aug 06 12:59:23 nimbus-eth1-mainnet-long-benchmark[1119979]: <<< ending skipOrContinueBenchmark (success)
Aug 06 12:59:23 nimbus-eth1-mainnet-long-benchmark[1119979]: >>> starting startNimbusWithImport
Aug 06 12:59:23 nimbus-eth1-mainnet-long-benchmark[1140193]: INF 2026-08-06 12:59:23.636+00:00 Launching execution client                 version=v0.1.0-8d1f4d5a conf="(configFile: none(InputFile), dataDirFlag: some(/data/status-im/nimbus-eth1/data/shared_mainnet_0), era1DirFlag: some(/data/era1), eraDirFlag: some(/data/era), keyStoreDirFlag: none(OutDir), importKey: , trustedSetupFile: none(string), extraData: nimbus-eth1/v0.1.0-8d1f4d5a, gasLimit: 45000000, network: [mainnet], customNetwork: none(NetworkParams), networkId: 1, networkParams: (config: ..., genesis: (nonce: 0x0000000000000042, timestamp: 0, extraData: [17, 187, 232, 219, 78, 52, 123, 78, 140, 147, 124, 28, 131, 112, 228, 181, 237, 51, 173, 179, 219, 105, 203, 219, 122, 56, 225, 229, 11, 27, 130, 250], gasLimit: 5000, difficulty: 17179869184, mixHash: 0x0000000000000000000000000000000000000000000000000000000000000000, coinbase: 0x0000000000000000000000000000000000000000, alloc: 8893, number: 0, gasUser: 0, parentHash: 0x0000000000000000000000000000000000000000000000000000000000000000, baseFeePerGas: none(), blobGasUsed: -1, excessBlobGas: -1, parentBeaconBlockRoot: none())), logLevel: INFO, logStdout: auto, logMetricsEnabled: false, logMetricsInterval: 10, metricsEnabled: false, metricsPort: 9093, metricsAddress: 127.0.0.1, bootstrapNodes: [], bootstrapFile: , bootstrapEnrs: [], staticPeers: [], staticPeersFile: , staticPeersEnrs: [], reconnectMaxRetry: 0, reconnectInterval: 15, listenAddress: ::, tcpPort: 30303, udpPort: 0, maxPeers: 25, nat: (hasExtIp: false, nat: NatAny), discovery: [V4, V5], netKey: random, agentString: nimbus-eth1/v0.1.0-8d1f4d5a/linux-amd64/Nim-2.2.4, numThreads: 0, persistBatchSize: 4, rocksdbMaxOpenFiles: 2048, rocksdbWriteBufferSize: 67108864, rocksdbRowCacheSize: 0, rocksdbBlockCacheSize: 2147483648, rdbVtxCacheSize: 536870912, rdbKeyCacheSize: 1342177280, rdbBranchCacheSize: 1073741824, rdbPrintStats: false, rewriteDatadirId: true, eagerStateRootCheck: false, statelessProviderEnabled: false, statelessWitnessValidation: false, cmd: import, maxBlocks: 18446744073709551615, chunkSize: 8192, csvStats: some("/data/host-benchmarks/long/f85bc4e309ed4c479ee4aa8b2b055381/blocks-import-benchmark.csv"), fullValidation: false, noValidation: true, storeBodies: false, storeReceipts: false, storeSlotHashes: false)"
Aug 06 12:59:23 nimbus-eth1-mainnet-long-benchmark[1140193]: INF 2026-08-06 12:59:23.772+00:00 Writing data dir ID                        ID=0x0a036d6f6dfe59156bb6359f0243c93d5a421ed688de5aa85a62d15dca8dbd5c
Aug 06 12:59:23 nimbus-eth1-mainnet-long-benchmark[1140193]: INF 2026-08-06 12:59:23.772+00:00 Threadpool started                         numThreads=16
Aug 06 12:59:23 nimbus-eth1-mainnet-long-benchmark[1140193]: INF 2026-08-06 12:59:23.808+00:00 Writing genesis to DB                      blockHash=0xd4e56740f876aef8c010b86a40d5f56745a118d0906a34e69aec8c0db1cb8fa3 stateRoot=0xd7f8974fb5ac78d9ac099b9ad5018bedc2ce0a72dad1827a1709da30580f0544 difficulty=17179869184 gasLimit=5000 timestamp=0 nonce=0x0000000000000042
Aug 06 12:59:23 nimbus-eth1-mainnet-long-benchmark[1140193]: INF 2026-08-06 12:59:23.896+00:00 Database initialized                       base="(0xd4e56740f876aef8c010b86a40d5f56745a118d0906a34e69aec8c0db1cb8fa3, 0)" finalized="(0xd4e56740f876aef8c010b86a40d5f56745a118d0906a34e69aec8c0db1cb8fa3, 0)" head="(0xd4e56740f876aef8c010b86a40d5f56745a118d0906a34e69aec8c0db1cb8fa3, 0)"
Aug 06 12:59:23 nimbus-eth1-mainnet-long-benchmark[1140193]: NTC 2026-08-06 12:59:23.900+00:00 Importing era1 archive                     start=1 dataDir=/data/status-im/nimbus-eth1/data/shared_mainnet_0 era1Dir=/data/era1
Aug 06 12:59:24 nimbus-eth1-mainnet-long-benchmark[1140193]: INF 2026-08-06 12:59:24.132+00:00 Imported blocks                            blockNumber=8193 slot=1 blocks=8192 txs=0 mgas=0.000 bps=35061 tps=0.000 mgps=0.000 avgBps=35061 avgTps=0.000 avgMGps=0.000 elapsed=233ms644us925ns
Aug 06 12:59:24 nimbus-eth1-mainnet-long-benchmark[1140193]: INF 2026-08-06 12:59:24.364+00:00 Imported blocks                            blockNumber=16385 slot=1 blocks=16384 txs=0 mgas=0.000 bps=35517 tps=0.000 mgps=0.000 avgBps=35288 avgTps=0.000 avgMGps=0.000 elapsed=464ms292us448ns
Aug 06 12:59:24 nimbus-eth1-mainnet-long-benchmark[1140193]: INF 2026-08-06 12:59:24.584+00:00 Imported blocks                            blockNumber=24577 slot=1 blocks=24576 txs=0 mgas=0.000 bps=36426 tps=0.000 mgps=0.000 avgBps=35659 avgTps=0.000 avgMGps=0.000 elapsed=689ms181us606ns
Aug 06 12:59:24 nimbus-eth1-mainnet-long-benchmark[1140193]: INF 2026-08-06 12:59:24.816+00:00 Imported blocks                            blockNumber=32769 slot=1 blocks=32768 txs=0 mgas=0.000 bps=35597 tps=0.000 mgps=0.000 avgBps=35644 avgTps=0.000 avgMGps=0.000 elapsed=919ms308us563ns
Aug 06 12:59:25 nimbus-eth1-mainnet-long-benchmark[1140193]: INF 2026-08-06 12:59:25.044+00:00 Imported blocks                            blockNumber=40961 slot=1 blocks=40960 txs=0 mgas=0.000 bps=35878 tps=0.000 mgps=0.000 avgBps=35690 avgTps=0.000 avgMGps=0.000 elapsed=1s147ms635us
Aug 06 12:59:25 nimbus-eth1-mainnet-long-benchmark[1140193]: INF 2026-08-06 12:59:25.344+00:00 Imported blocks                            blockNumber=49153 slot=1 blocks=49152 txs=1514 mgas=33.07 bps=27428 tps=5069 mgps=110.7 avgBps=33984 avgTps=1046 avgMGps=22.87 elapsed=1s446ms307us
Aug 06 12:59:25 nimbus-eth1-mainnet-long-benchmark[1140193]: INF 2026-08-06 12:59:25.772+00:00 Imported blocks                            blockNumber=57345 slot=1 blocks=57344 txs=5430 mgas=440.9 bps=19114 tps=9137 mgps=951.6 avgBps=30585 avgTps=2896 avgMGps=235.2 elapsed=1s874ms888us
Aug 06 12:59:26 nimbus-eth1-mainnet-long-benchmark[1140193]: INF 2026-08-06 12:59:26.124+00:00 Imported blocks                            blockNumber=65537 slot=1 blocks=65536 txs=8106 mgas=530.9 bps=23178 tps=7571 mgps=254.8 avgBps=29410 avgTps=3637 avgMGps=238.3 elapsed=2s228ms313us
Aug 06 12:59:26 nimbus-eth1-mainnet-long-benchmark[1140193]: INF 2026-08-06 12:59:26.540+00:00 Imported blocks                            blockNumber=73729 slot=1 blocks=73728 txs=13927 mgas=728.7 bps=19683 tps=13986 mgps=475.1 avgBps=27879 avgTps=5266 avgMGps=275.5 elapsed=2s644ms498us
Aug 06 12:59:26 nimbus-eth1-mainnet-long-benchmark[1140193]: INF 2026-08-06 12:59:26.928+00:00 Imported blocks                            blockNumber=81921 slot=1 blocks=81920 txs=18131 mgas=860.0 bps=21229 tps=10894 mgps=340.2 avgBps=27032 avgTps=5983 avgMGps=283.8 elapsed=3s30ms375us
Aug 06 12:59:27 nimbus-eth1-mainnet-long-benchmark[1140193]: INF 2026-08-06 12:59:27.312+00:00 Imported blocks                            blockNumber=90113 slot=1 blocks=90112 txs=22720 mgas=972.2 bps=21263 tps=11911 mgps=291.4 avgBps=26382 avgTps=6651 avgMGps=284.6 elapsed=3s415ms644us
Aug 06 12:59:27 nimbus-eth1-mainnet-long-benchmark[1140193]: INF 2026-08-06 12:59:27.664+00:00 Imported blocks                            blockNumber=98305 slot=1 blocks=98304 txs=26047 mgas=1056 bps=23339 tps=9478 mgps=241.2 avgBps=26098 avgTps=6915 avgMGps=280.6 elapsed=3s766ms632us
Aug 06 12:59:28 nimbus-eth1-mainnet-long-benchmark[1140193]: INF 2026-08-06 12:59:28.036+00:00 Imported blocks                            blockNumber=106497 slot=1 blocks=106496 txs=30215 mgas=1162 bps=22056 tps=11222 mgps=284.1 avgBps=25735 avgTps=7301 avgMGps=280.9 elapsed=4s138ms38us
Aug 06 12:59:28 nimbus-eth1-mainnet-long-benchmark[1140193]: INF 2026-08-06 12:59:28.396+00:00 Imported blocks                            blockNumber=114689 slot=1 blocks=114688 txs=34462 mgas=1281 bps=22543 tps=11687 mgps=328.0 avgBps=25478 avgTps=7655 avgMGps=284.7 elapsed=4s501ms429us
Aug 06 12:59:28 nimbus-eth1-mainnet-long-benchmark[1140193]: INF 2026-08-06 12:59:28.792+00:00 Imported blocks                            blockNumber=122881 slot=1 blocks=122880 txs=40516 mgas=1445 bps=20870 tps=15423 mgps=417.7 avgBps=25108 avgTps=8278 avgMGps=295.4 elapsed=4s893ms941us
Aug 06 12:59:29 nimbus-eth1-mainnet-long-benchmark[1140193]: INF 2026-08-06 12:59:29.164+00:00 Imported blocks                            blockNumber=131073 slot=1 blocks=131072 txs=46368 mgas=1592 bps=21811 tps=15581 mgps=392.6 avgBps=24873 avgTps=8799 avgMGps=302.3 elapsed=5s269ms514us
Aug 06 12:59:29 nimbus-eth1-mainnet-long-benchmark[1140193]: INF 2026-08-06 12:59:29.556+00:00 Imported blocks                            blockNumber=139265 slot=1 blocks=139264 txs=53046 mgas=1761 bps=20999 tps=17118 mgps=431.8 avgBps=24606 avgTps=9372 avgMGps=311.2 elapsed=5s659ms620us
Aug 06 12:59:29 nimbus-eth1-mainnet-long-benchmark[1140193]: INF 2026-08-06 12:59:29.984+00:00 Imported blocks                            blockNumber=147457 slot=1 blocks=147456 txs=60851 mgas=1951 bps=19225 tps=18316 mgps=447.2 avgBps=24229 avgTps=9998 avgMGps=320.7 elapsed=6s85ms728us
Aug 06 12:59:30 nimbus-eth1-mainnet-long-benchmark[1140193]: INF 2026-08-06 12:59:30.428+00:00 Imported blocks                            blockNumber=155649 slot=1 blocks=155648 txs=69526 mgas=2172 bps=18357 tps=19440 mgps=493.2 avgBps=23828 avgTps=10643 avgMGps=332.5 elapsed=6s531ms973us
Aug 06 12:59:30 nimbus-eth1-mainnet-long-benchmark[1140193]: INF 2026-08-06 12:59:30.852+00:00 Imported blocks                            blockNumber=163841 slot=1 blocks=163840 txs=76781 mgas=2347 bps=19426 tps=17204 mgps=415.0 avgBps=23561 avgTps=11041 avgMGps=337.5 elapsed=6s953ms662us
Aug 06 12:59:31 nimbus-eth1-mainnet-long-benchmark[1140193]: INF 2026-08-06 12:59:31.332+00:00 Imported blocks                            blockNumber=172033 slot=1 blocks=172032 txs=86896 mgas=2589 bps=16990 tps=20979 mgps=502.6 avgBps=23135 avgTps=11686 avgMGps=348.2 elapsed=7s435ms801us
Aug 06 12:59:31 nimbus-eth1-mainnet-long-benchmark[1140193]: INF 2026-08-06 12:59:31.868+00:00 Imported blocks                            blockNumber=180225 slot=1 blocks=180224 txs=98925 mgas=2908 bps=15284 tps=22443 mgps=596.0 avgBps=22607 avgTps=12409 avgMGps=364.9 elapsed=7s971ms779us
Aug 06 12:59:32 nimbus-eth1-mainnet-long-benchmark[1140193]: INF 2026-08-06 12:59:32.368+00:00 Imported blocks                            blockNumber=188417 slot=1 blocks=188416 txs=109418 mgas=3216 bps=16414 tps=21025 mgps=617.0 avgBps=22242 avgTps=12917 avgMGps=379.7 elapsed=8s470ms838us
Aug 06 12:59:32 nimbus-eth1-mainnet-long-benchmark[1140193]: INF 2026-08-06 12:59:32.851+00:00 Imported blocks                            blockNumber=196609 slot=1 blocks=196608 txs=117906 mgas=3442 bps=16911 tps=17522 mgps=466.6 avgBps=21954 avgTps=13166 avgMGps=384.4 elapsed=8s955ms240us
Aug 06 12:59:33 nimbus-eth1-mainnet-long-benchmark[1140193]: INF 2026-08-06 12:59:33.343+00:00 Imported blocks                            blockNumber=204801 slot=1 blocks=204800 txs=127337 mgas=3727 bps=16616 tps=19129 mgps=577.1 avgBps=21675 avgTps=13477 avgMGps=394.5 elapsed=9s448ms258us
Aug 06 12:59:33 nimbus-eth1-mainnet-long-benchmark[1140193]: INF 2026-08-06 12:59:33.831+00:00 Imported blocks                            blockNumber=212993 slot=1 blocks=212992 txs=136769 mgas=3996 bps=16863 tps=19416 mgps=553.8 avgBps=21440 avgTps=13767 avgMGps=402.3 elapsed=9s934ms39us
Aug 06 12:59:34 nimbus-eth1-mainnet-long-benchmark[1140193]: INF 2026-08-06 12:59:34.323+00:00 Imported blocks                            blockNumber=221185 slot=1 blocks=221184 txs=146514 mgas=4249 bps=16664 tps=19823 mgps=514.7 avgBps=21215 avgTps=14053 avgMGps=407.6 elapsed=10s425ms616us
Aug 06 12:59:34 nimbus-eth1-mainnet-long-benchmark[1140193]: INF 2026-08-06 12:59:34.811+00:00 Imported blocks                            blockNumber=229377 slot=1 blocks=229376 txs=155987 mgas=4552 bps=16769 tps=19392 mgps=620.8 avgBps=21016 avgTps=14292 avgMGps=417.1 elapsed=10s914ms113us
Aug 06 12:59:35 nimbus-eth1-mainnet-long-benchmark[1140193]: INF 2026-08-06 12:59:35.307+00:00 Imported blocks                            blockNumber=237569 slot=1 blocks=237568 txs=165739 mgas=4839 bps=16510 tps=19654 mgps=579.1 avgBps=20820 avgTps=14525 avgMGps=424.2 elapsed=11s410ms283us
Aug 06 12:59:35 nimbus-eth1-mainnet-long-benchmark[1140193]: INF 2026-08-06 12:59:35.803+00:00 Imported blocks                            blockNumber=245761 slot=1 blocks=245760 txs=174914 mgas=5076 bps=16500 tps=18480 mgps=477.6 avgBps=20640 avgTps=14690 avgMGps=426.4 elapsed=11s906ms743us
Aug 06 12:59:36 nimbus-eth1-mainnet-long-benchmark[1140193]: INF 2026-08-06 12:59:36.315+00:00 Imported blocks                            blockNumber=253953 slot=1 blocks=253952 txs=184139 mgas=5376 bps=15922 tps=17930 mgps=582.9 avgBps=20445 avgTps=14824 avgMGps=432.9 elapsed=12s421ms226us
Aug 06 12:59:36 nimbus-eth1-mainnet-long-benchmark[1140193]: INF 2026-08-06 12:59:36.799+00:00 Imported blocks                            blockNumber=262145 slot=1 blocks=262144 txs=192639 mgas=5614 bps=16924 tps=17560 mgps=491.6 avgBps=20312 avgTps=14927 avgMGps=435.1 elapsed=12s905ms258us
Aug 06 12:59:37 nimbus-eth1-mainnet-long-benchmark[1140193]: INF 2026-08-06 12:59:37.347+00:00 Imported blocks                            blockNumber=270337 slot=1 blocks=270336 txs=203712 mgas=5975 bps=14997 tps=20272 mgps=659.9 avgBps=20097 avgTps=15144 avgMGps=444.2 elapsed=13s451ms466us
Aug 06 12:59:37 nimbus-eth1-mainnet-long-benchmark[1140193]: INF 2026-08-06 12:59:37.899+00:00 Imported blocks                            blockNumber=278529 slot=1 blocks=278528 txs=214956 mgas=6309 bps=14878 tps=20421 mgps=606.4 avgBps=19891 avgTps=15351 avgMGps=450.6 elapsed=14s2ms64us
Aug 06 12:59:38 nimbus-eth1-mainnet-long-benchmark[1140193]: INF 2026-08-06 12:59:38.415+00:00 Imported blocks                            blockNumber=286721 slot=1 blocks=286720 txs=224900 mgas=6597 bps=15867 tps=19260 mgps=558.3 avgBps=19748 avgTps=15490 avgMGps=454.4 elapsed=14s518ms349us
Aug 06 12:59:38 nimbus-eth1-mainnet-long-benchmark[1140193]: INF 2026-08-06 12:59:38.923+00:00 Imported blocks                            blockNumber=294913 slot=1 blocks=294912 txs=234452 mgas=6870 bps=16142 tps=18822 mgps=537.9 avgBps=19626 avgTps=15603 avgMGps=457.2 elapsed=15s25ms840us
Aug 06 12:59:39 nimbus-eth1-mainnet-long-benchmark[1140193]: INF 2026-08-06 12:59:39.435+00:00 Imported blocks                            blockNumber=303105 slot=1 blocks=303104 txs=245016 mgas=7148 bps=15947 tps=20565 mgps=542.4 avgBps=19505 avgTps=15767 avgMGps=460.0 elapsed=15s539ms527us
Aug 06 12:59:39 nimbus-eth1-mainnet-long-benchmark[1140193]: INF 2026-08-06 12:59:39.951+00:00 Imported blocks                            blockNumber=311297 slot=1 blocks=311296 txs=254868 mgas=7438 bps=15832 tps=19040 mgps=559.8 avgBps=19386 avgTps=15872 avgMGps=463.3 elapsed=16s56ms957us
Aug 06 12:59:40 nimbus-eth1-mainnet-long-benchmark[1140193]: INF 2026-08-06 12:59:40.479+00:00 Imported blocks                            blockNumber=319489 slot=1 blocks=319488 txs=265640 mgas=7723 bps=15500 tps=20382 mgps=539.3 avgBps=19263 avgTps=16016 avgMGps=465.7 elapsed=16s585ms440us
Aug 06 12:59:41 nimbus-eth1-mainnet-long-benchmark[1140193]: INF 2026-08-06 12:59:41.003+00:00 Imported blocks                            blockNumber=327681 slot=1 blocks=327680 txs=274904 mgas=7987 bps=15705 tps=17760 mgps=505.2 avgBps=19154 avgTps=16069 avgMGps=466.9 elapsed=17s107ms50us
Aug 06 12:59:41 nimbus-eth1-mainnet-long-benchmark[1140193]: INF 2026-08-06 12:59:41.559+00:00 Imported blocks                            blockNumber=335873 slot=1 blocks=335872 txs=285614 mgas=8287 bps=14705 tps=19225 mgps=539.1 avgBps=19014 avgTps=16169 avgMGps=469.2 elapsed=17s664ms110us
Aug 06 12:59:42 nimbus-eth1-mainnet-long-benchmark[1140193]: INF 2026-08-06 12:59:42.115+00:00 Imported blocks                            blockNumber=344065 slot=1 blocks=344064 txs=296061 mgas=8628 bps=14727 tps=18781 mgps=612.3 avgBps=18883 avgTps=16248 avgMGps=473.5 elapsed=18s220ms349us
Aug 06 12:59:42 nimbus-eth1-mainnet-long-benchmark[1140193]: INF 2026-08-06 12:59:42.711+00:00 Imported blocks                            blockNumber=352257 slot=1 blocks=352256 txs=307932 mgas=8995 bps=13814 tps=20018 mgps=620.2 avgBps=18723 avgTps=16367 avgMGps=478.2 elapsed=18s813ms341us
Aug 06 12:59:43 nimbus-eth1-mainnet-long-benchmark[1140193]: INF 2026-08-06 12:59:43.283+00:00 Imported blocks                            blockNumber=360449 slot=1 blocks=360448 txs=318963 mgas=9296 bps=14313 tps=19273 mgps=526.1 avgBps=18593 avgTps=16453 avgMGps=479.6 elapsed=19s385ms685us
Aug 06 12:59:43 nimbus-eth1-mainnet-long-benchmark[1140193]: INF 2026-08-06 12:59:43.831+00:00 Imported blocks                            blockNumber=368641 slot=1 blocks=368640 txs=329139 mgas=9569 bps=14946 tps=18566 mgps=496.8 avgBps=18493 avgTps=16511 avgMGps=480.1 elapsed=19s933ms769us
Aug 06 12:59:44 nimbus-eth1-mainnet-long-benchmark[1140193]: INF 2026-08-06 12:59:44.411+00:00 Imported blocks                            blockNumber=376833 slot=1 blocks=376832 txs=339438 mgas=9896 bps=14069 tps=17688 mgps=562.1 avgBps=18367 avgTps=16545 avgMGps=482.4 elapsed=20s516ms16us
Aug 06 12:59:45 nimbus-eth1-mainnet-long-benchmark[1140193]: INF 2026-08-06 12:59:44.999+00:00 Imported blocks                            blockNumber=385025 slot=1 blocks=385024 txs=351088 mgas=10224 bps=13922 tps=19799 mgps=558.1 avgBps=18243 avgTps=16635 avgMGps=484.5 elapsed=21s104ms409us
Aug 06 12:59:45 nimbus-eth1-mainnet-long-benchmark[1140193]: INF 2026-08-06 12:59:45.611+00:00 Imported blocks                            blockNumber=393217 slot=1 blocks=393216 txs=362005 mgas=10893 bps=13446 tps=17919 mgps=1097 avgBps=18109 avgTps=16671 avgMGps=501.7 elapsed=21s713ms620us
Aug 06 12:59:46 nimbus-eth1-mainnet-long-benchmark[1140193]: INF 2026-08-06 12:59:46.187+00:00 Imported blocks                            blockNumber=401409 slot=1 blocks=401408 txs=372517 mgas=11264 bps=14161 tps=18172 mgps=641.6 avgBps=18006 avgTps=16710 avgMGps=505.3 elapsed=22s292ms84us
Aug 06 12:59:46 nimbus-eth1-mainnet-long-benchmark[1140193]: INF 2026-08-06 12:59:46.779+00:00 Imported blocks                            blockNumber=409601 slot=1 blocks=409600 txs=383846 mgas=11664 bps=13873 tps=19186 mgps=677.4 avgBps=17900 avgTps=16774 avgMGps=509.8 elapsed=22s882ms555us
Aug 06 12:59:47 nimbus-eth1-mainnet-long-benchmark[1140193]: INF 2026-08-06 12:59:47.319+00:00 Imported blocks                            blockNumber=417793 slot=1 blocks=417792 txs=393528 mgas=11963 bps=15132 tps=17885 mgps=553.3 avgBps=17836 avgTps=16800 avgMGps=510.8 elapsed=23s423ms893us
Aug 06 12:59:47 nimbus-eth1-mainnet-long-benchmark[1140193]: INF 2026-08-06 12:59:47.907+00:00 Imported blocks                            blockNumber=425985 slot=1 blocks=425984 txs=403739 mgas=12342 bps=13972 tps=17416 mgps=645.5 avgBps=17741 avgTps=16815 avgMGps=514.0 elapsed=24s10ms187us
Aug 06 12:59:48 nimbus-eth1-mainnet-long-benchmark[1140193]: INF 2026-08-06 12:59:48.507+00:00 Imported blocks                            blockNumber=434177 slot=1 blocks=434176 txs=413862 mgas=12714 bps=13641 tps=16857 mgps=619.1 avgBps=17641 avgTps=16816 avgMGps=516.6 elapsed=24s610ms707us
Aug 06 12:59:49 nimbus-eth1-mainnet-long-benchmark[1140193]: INF 2026-08-06 12:59:49.059+00:00 Imported blocks                            blockNumber=442369 slot=1 blocks=442368 txs=424064 mgas=13012 bps=14846 tps=18489 mgps=540.7 avgBps=17580 avgTps=16853 avgMGps=517.1 elapsed=25s162ms469us
Aug 06 12:59:49 nimbus-eth1-mainnet-long-benchmark[1140193]: INF 2026-08-06 12:59:49.915+00:00 Imported blocks                            blockNumber=450561 slot=1 blocks=450560 txs=434316 mgas=13500 bps=9577 tps=11985 mgps=570.9 avgBps=17317 avgTps=16693 avgMGps=518.9 elapsed=26s17ms801us
Aug 06 12:59:50 nimbus-eth1-mainnet-long-benchmark[1140193]: INF 2026-08-06 12:59:50.519+00:00 Imported blocks                            blockNumber=458753 slot=1 blocks=458752 txs=445986 mgas=13816 bps=13480 tps=19203 mgps=519.6 avgBps=17229 avgTps=16750 avgMGps=518.9 elapsed=26s625ms496us
Aug 06 12:59:51 nimbus-eth1-mainnet-long-benchmark[1140193]: INF 2026-08-06 12:59:51.139+00:00 Imported blocks                            blockNumber=466945 slot=1 blocks=466944 txs=458378 mgas=14222 bps=13241 tps=20030 mgps=655.7 avgBps=17139 avgTps=16824 avgMGps=522.0 elapsed=27s244ms150us
Aug 06 12:59:51 nimbus-eth1-mainnet-long-benchmark[1140193]: INF 2026-08-06 12:59:51.859+00:00 Imported blocks                            blockNumber=475137 slot=1 blocks=475136 txs=469640 mgas=14656 bps=11372 tps=15635 mgps=602.7 avgBps=16990 avgTps=16794 avgMGps=524.1 elapsed=27s964ms453us
Aug 06 12:59:52 nimbus-eth1-mainnet-long-benchmark[1140193]: INF 2026-08-06 12:59:52.679+00:00 Imported blocks                            blockNumber=483329 slot=1 blocks=483328 txs=481525 mgas=15092 bps=10014 tps=14528 mgps=533.6 avgBps=16792 avgTps=16729 avgMGps=524.4 elapsed=28s782ms475us
Aug 06 12:59:53 nimbus-eth1-mainnet-long-benchmark[1140193]: INF 2026-08-06 12:59:53.347+00:00 Imported blocks                            blockNumber=491521 slot=1 blocks=491520 txs=492921 mgas=15417 bps=12222 tps=17002 mgps=483.8 avgBps=16688 avgTps=16736 avgMGps=523.5 elapsed=29s452ms713us
Aug 06 12:59:53 nimbus-eth1-mainnet-long-benchmark[1140193]: INF 2026-08-06 12:59:53.927+00:00 Imported blocks                            blockNumber=499713 slot=1 blocks=499712 txs=504311 mgas=15733 bps=14114 tps=19624 mgps=544.6 avgBps=16638 avgTps=16791 avgMGps=523.9 elapsed=30s33ms100us
Aug 06 12:59:54 nimbus-eth1-mainnet-long-benchmark[1140193]: INF 2026-08-06 12:59:54.871+00:00 Imported blocks                            blockNumber=507905 slot=1 blocks=507904 txs=524145 mgas=16719 bps=8738 tps=21156 mgps=1052 avgBps=16399 avgTps=16923 avgMGps=539.9 elapsed=30s970ms599us
Aug 06 12:59:55 nimbus-eth1-mainnet-long-benchmark[1140193]: INF 2026-08-06 12:59:55.547+00:00 Imported blocks                            blockNumber=516097 slot=1 blocks=516096 txs=538663 mgas=17256 bps=12036 tps=21330 mgps=789.1 avgBps=16305 avgTps=17018 avgMGps=545.2 elapsed=31s651ms222us
Aug 06 12:59:56 nimbus-eth1-mainnet-long-benchmark[1140193]: INF 2026-08-06 12:59:56.347+00:00 Imported blocks                            blockNumber=524289 slot=1 blocks=524288 txs=553027 mgas=17820 bps=10289 tps=18041 mgps=707.4 avgBps=16158 avgTps=17043 avgMGps=549.2 elapsed=32s447ms393us
Aug 06 12:59:57 nimbus-eth1-mainnet-long-benchmark[1140193]: INF 2026-08-06 12:59:57.187+00:00 Imported blocks                            blockNumber=532481 slot=1 blocks=532480 txs=568055 mgas=18461 bps=9683 tps=17763 mgps=758.5 avgBps=15993 avgTps=17062 avgMGps=554.5 elapsed=33s293ms386us
Aug 06 12:59:57 nimbus-eth1-mainnet-long-benchmark[1140193]: INF 2026-08-06 12:59:57.959+00:00 Imported blocks                            blockNumber=540673 slot=1 blocks=540672 txs=579680 mgas=18995 bps=10626 tps=15079 mgps=692.1 avgBps=15872 avgTps=17017 avgMGps=557.6 elapsed=34s64ms316us
Aug 06 12:59:58 nimbus-eth1-mainnet-long-benchmark[1140193]: INF 2026-08-06 12:59:58.551+00:00 Imported blocks                            blockNumber=548865 slot=1 blocks=548864 txs=592014 mgas=19347 bps=13841 tps=20840 mgps=595.7 avgBps=15837 avgTps=17082 avgMGps=558.3 elapsed=34s656ms146us
Aug 06 12:59:59 nimbus-eth1-mainnet-long-benchmark[1140193]: INF 2026-08-06 12:59:59.103+00:00 Imported blocks                            blockNumber=557057 slot=1 blocks=557056 txs=603593 mgas=19634 bps=14867 tps=21014 mgps=519.5 avgBps=15822 avgTps=17144 avgMGps=557.7 elapsed=35s207ms158us
Aug 06 12:59:59 nimbus-eth1-mainnet-long-benchmark[1140193]: INF 2026-08-06 12:59:59.731+00:00 Imported blocks                            blockNumber=565249 slot=1 blocks=565248 txs=616136 mgas=20021 bps=12995 tps=19898 mgps=614.1 avgBps=15772 avgTps=17192 avgMGps=558.7 elapsed=35s837ms510us
Aug 06 13:00:00 nimbus-eth1-mainnet-long-benchmark[1140193]: INF 2026-08-06 13:00:00.379+00:00 Imported blocks                            blockNumber=573441 slot=1 blocks=573440 txs=627898 mgas=20399 bps=12642 tps=18152 mgps=583.2 avgBps=15716 avgTps=17209 avgMGps=559.1 elapsed=36s485ms465us
Aug 06 13:00:00 nimbus-eth1-mainnet-long-benchmark[1140193]: INF 2026-08-06 13:00:00.979+00:00 Imported blocks                            blockNumber=581633 slot=1 blocks=581632 txs=639787 mgas=20728 bps=13791 tps=20014 mgps=554.3 avgBps=15686 avgTps=17254 avgMGps=559.0 elapsed=37s79ms471us
Aug 06 13:00:01 nimbus-eth1-mainnet-long-benchmark[1140193]: INF 2026-08-06 13:00:01.599+00:00 Imported blocks                            blockNumber=589825 slot=1 blocks=589824 txs=652189 mgas=21085 bps=13140 tps=19893 mgps=572.2 avgBps=15643 avgTps=17298 avgMGps=559.2 elapsed=37s702ms904us
Aug 06 13:00:02 nimbus-eth1-mainnet-long-benchmark[1140193]: INF 2026-08-06 13:00:02.195+00:00 Imported blocks                            blockNumber=598017 slot=1 blocks=598016 txs=663743 mgas=21446 bps=13711 tps=19338 mgps=605.3 avgBps=15613 avgTps=17329 avgMGps=560.0 elapsed=38s300ms357us
Aug 06 13:00:02 nimbus-eth1-mainnet-long-benchmark[1140193]: INF 2026-08-06 13:00:02.763+00:00 Imported blocks                            blockNumber=606209 slot=1 blocks=606208 txs=675209 mgas=21733 bps=14402 tps=20158 mgps=504.2 avgBps=15596 avgTps=17371 avgMGps=559.1 elapsed=38s869ms162us
Aug 06 13:00:03 nimbus-eth1-mainnet-long-benchmark[1140193]: INF 2026-08-06 13:00:03.575+00:00 Imported blocks                            blockNumber=614401 slot=1 blocks=614400 txs=686564 mgas=22117 bps=10105 tps=14007 mgps=473.3 avgBps=15483 avgTps=17302 avgMGps=557.4 elapsed=39s679ms804us
Aug 06 13:00:04 nimbus-eth1-mainnet-long-benchmark[1140193]: INF 2026-08-06 13:00:04.211+00:00 Imported blocks                            blockNumber=622593 slot=1 blocks=622592 txs=699507 mgas=22604 bps=12883 tps=20355 mgps=766.3 avgBps=15442 avgTps=17350 avgMGps=560.7 elapsed=40s315ms653us
Aug 06 13:00:04 nimbus-eth1-mainnet-long-benchmark[1140193]: INF 2026-08-06 13:00:04.783+00:00 Imported blocks                            blockNumber=630785 slot=1 blocks=630784 txs=710467 mgas=22974 bps=14371 tps=19226 mgps=649.0 avgBps=15427 avgTps=17376 avgMGps=561.9 elapsed=40s885ms689us
Aug 06 13:00:05 nimbus-eth1-mainnet-long-benchmark[1140193]: INF 2026-08-06 13:00:05.339+00:00 Imported blocks                            blockNumber=638977 slot=1 blocks=638976 txs=721076 mgas=23279 bps=14692 tps=19027 mgps=546.2 avgBps=15418 avgTps=17399 avgMGps=561.7 elapsed=41s443ms264us
Aug 06 13:00:05 nimbus-eth1-mainnet-long-benchmark[1140193]: INF 2026-08-06 13:00:05.939+00:00 Imported blocks                            blockNumber=647169 slot=1 blocks=647168 txs=732967 mgas=23679 bps=13757 tps=19969 mgps=673.3 avgBps=15394 avgTps=17435 avgMGps=563.3 elapsed=42s38ms718us
Aug 06 13:00:06 nimbus-eth1-mainnet-long-benchmark[1140193]: INF 2026-08-06 13:00:06.539+00:00 Imported blocks                            blockNumber=655361 slot=1 blocks=655360 txs=746331 mgas=24102 bps=13549 tps=22104 mgps=699.1 avgBps=15368 avgTps=17501 avgMGps=565.2 elapsed=42s643ms303us
Aug 06 13:00:07 nimbus-eth1-mainnet-long-benchmark[1140193]: INF 2026-08-06 13:00:07.115+00:00 Imported blocks                            blockNumber=663553 slot=1 blocks=663552 txs=757564 mgas=24394 bps=14252 tps=19543 mgps=508.0 avgBps=15353 avgTps=17528 avgMGps=564.5 elapsed=43s218ms66us
Aug 06 13:00:07 nimbus-eth1-mainnet-long-benchmark[1140193]: INF 2026-08-06 13:00:07.699+00:00 Imported blocks                            blockNumber=671745 slot=1 blocks=671744 txs=768871 mgas=24700 bps=14035 tps=19372 mgps=524.8 avgBps=15336 avgTps=17553 avgMGps=563.9 elapsed=43s801ms737us
Aug 06 13:00:08 nimbus-eth1-mainnet-long-benchmark[1140193]: INF 2026-08-06 13:00:08.427+00:00 Imported blocks                            blockNumber=679937 slot=1 blocks=679936 txs=782589 mgas=25181 bps=11211 tps=18775 mgps=657.3 avgBps=15268 avgTps=17573 avgMGps=565.5 elapsed=44s532ms384us
Aug 06 13:00:09 nimbus-eth1-mainnet-long-benchmark[1140193]: INF 2026-08-06 13:00:09.151+00:00 Imported blocks                            blockNumber=688129 slot=1 blocks=688128 txs=794690 mgas=25714 bps=11382 tps=16813 mgps=741.1 avgBps=15206 avgTps=17561 avgMGps=568.3 elapsed=45s252ms95us
Aug 06 13:00:11 nimbus-eth1-mainnet-long-benchmark[1140193]: INF 2026-08-06 13:00:11.523+00:00 Imported blocks                            blockNumber=696321 slot=1 blocks=696320 txs=819387 mgas=28152 bps=3453 tps=10412 mgps=1027 avgBps=14621 avgTps=17205 avgMGps=591.1 elapsed=47s624ms52us
Aug 06 13:00:13 nimbus-eth1-mainnet-long-benchmark[1140193]: INF 2026-08-06 13:00:13.211+00:00 Imported blocks                            blockNumber=704513 slot=1 blocks=704512 txs=843665 mgas=30035 bps=4839 tps=14343 mgps=1112 avgBps=14285 avgTps=17107 avgMGps=609.0 elapsed=49s316ms689us
Aug 06 13:00:14 nimbus-eth1-mainnet-long-benchmark[1140193]: INF 2026-08-06 13:00:14.499+00:00 Imported blocks                            blockNumber=712705 slot=1 blocks=712704 txs=859579 mgas=31088 bps=6385 tps=12404 mgps=821.2 avgBps=14085 avgTps=16987 avgMGps=614.4 elapsed=50s599ms597us
Aug 06 13:00:15 nimbus-eth1-mainnet-long-benchmark[1140193]: INF 2026-08-06 13:00:15.595+00:00 Imported blocks                            blockNumber=720897 slot=1 blocks=720896 txs=874433 mgas=31973 bps=7474 tps=13553 mgps=807.5 avgBps=13945 avgTps=16915 avgMGps=618.5 elapsed=51s695ms534us
Aug 06 13:00:16 nimbus-eth1-mainnet-long-benchmark[1140193]: INF 2026-08-06 13:00:16.803+00:00 Imported blocks                            blockNumber=729089 slot=1 blocks=729088 txs=892466 mgas=33077 bps=6772 tps=14907 mgps=912.2 avgBps=13781 avgTps=16869 avgMGps=625.2 elapsed=52s905ms191us
Aug 06 13:00:19 nimbus-eth1-mainnet-long-benchmark[1140193]: INF 2026-08-06 13:00:19.207+00:00 Imported blocks                            blockNumber=737281 slot=1 blocks=737280 txs=932100 mgas=35490 bps=3409 tps=16497 mgps=1004 avgBps=13330 avgTps=16853 avgMGps=641.7 elapsed=55s307ms659us
Aug 06 13:00:20 nimbus-eth1-mainnet-long-benchmark[1140193]: INF 2026-08-06 13:00:20.667+00:00 Imported blocks                            blockNumber=745473 slot=1 blocks=745472 txs=952352 mgas=36696 bps=5613 tps=13878 mgps=826.3 avgBps=13132 avgTps=16776 avgMGps=646.4 elapsed=56s766ms901us
Aug 06 13:00:21 nimbus-eth1-mainnet-long-benchmark[1140193]: INF 2026-08-06 13:00:21.967+00:00 Imported blocks                            blockNumber=753665 slot=1 blocks=753664 txs=969001 mgas=37610 bps=6294 tps=12793 mgps=702.6 avgBps=12978 avgTps=16687 avgMGps=647.7 elapsed=58s68ms290us
Aug 06 13:00:23 nimbus-eth1-mainnet-long-benchmark[1140193]: INF 2026-08-06 13:00:23.887+00:00 Imported blocks                            blockNumber=761857 slot=1 blocks=761856 txs=998451 mgas=39312 bps=4268 tps=15344 mgps=886.9 avgBps=12700 avgTps=16644 avgMGps=655.3 elapsed=59s987ms496us
Aug 06 13:00:25 nimbus-eth1-mainnet-long-benchmark[1140193]: INF 2026-08-06 13:00:25.471+00:00 Imported blocks                            blockNumber=770049 slot=1 blocks=770048 txs=1018377 mgas=40461 bps=5175 tps=12589 mgps=726.0 avgBps=12506 avgTps=16540 avgMGps=657.2 elapsed=1m1s570ms
Aug 06 13:00:27 nimbus-eth1-mainnet-long-benchmark[1140193]: INF 2026-08-06 13:00:27.303+00:00 Imported blocks                            blockNumber=778241 slot=1 blocks=778240 txs=1045962 mgas=42007 bps=4469 tps=15049 mgps=843.5 avgBps=12274 avgTps=16496 avgMGps=662.6 elapsed=1m3s403ms
Aug 06 13:00:28 nimbus-eth1-mainnet-long-benchmark[1140193]: INF 2026-08-06 13:00:28.223+00:00 Imported blocks                            blockNumber=786433 slot=1 blocks=786432 txs=1059766 mgas=42520 bps=8910 tps=15013 mgps=557.9 avgBps=12226 avgTps=16475 avgMGps=661.1 elapsed=1m4s322ms
Aug 06 13:00:29 nimbus-eth1-mainnet-long-benchmark[1140193]: INF 2026-08-06 13:00:29.231+00:00 Imported blocks                            blockNumber=794625 slot=1 blocks=794624 txs=1074004 mgas=43076 bps=8133 tps=14136 mgps=551.3 avgBps=12163 avgTps=16439 avgMGps=659.4 elapsed=1m5s329ms
Aug 06 13:00:30 nimbus-eth1-mainnet-long-benchmark[1140193]: INF 2026-08-06 13:00:30.659+00:00 Imported blocks                            blockNumber=802817 slot=1 blocks=802816 txs=1094940 mgas=44150 bps=5726 tps=14633 mgps=751.0 avgBps=12025 avgTps=16401 avgMGps=661.3 elapsed=1m6s760ms
Aug 06 13:00:32 nimbus-eth1-mainnet-long-benchmark[1140193]: INF 2026-08-06 13:00:32.939+00:00 Imported blocks                            blockNumber=811009 slot=1 blocks=811008 txs=1128040 mgas=46425 bps=3596 tps=14531 mgps=998.6 avgBps=11747 avgTps=16339 avgMGps=672.5 elapsed=1m9s38ms
Aug 06 13:00:34 nimbus-eth1-mainnet-long-benchmark[1140193]: INF 2026-08-06 13:00:34.327+00:00 Imported blocks                            blockNumber=819201 slot=1 blocks=819200 txs=1149098 mgas=47499 bps=5895 tps=15154 mgps=773.5 avgBps=11631 avgTps=16315 avgMGps=674.4 elapsed=1m10s427ms
Aug 06 13:00:35 nimbus-eth1-mainnet-long-benchmark[1140193]: INF 2026-08-06 13:00:35.635+00:00 Imported blocks                            blockNumber=827393 slot=1 blocks=827392 txs=1167043 mgas=48568 bps=6267 tps=13729 mgps=817.7 avgBps=11534 avgTps=16268 avgMGps=677.1 elapsed=1m11s734ms
Aug 06 13:00:36 nimbus-eth1-mainnet-long-benchmark[1140193]: INF 2026-08-06 13:00:36.767+00:00 Imported blocks                            blockNumber=835585 slot=1 blocks=835584 txs=1184008 mgas=49259 bps=7236 tps=14986 mgps=610.7 avgBps=11467 avgTps=16248 avgMGps=676.0 elapsed=1m12s866ms
Aug 06 13:00:38 nimbus-eth1-mainnet-long-benchmark[1140193]: INF 2026-08-06 13:00:38.339+00:00 Imported blocks                            blockNumber=843777 slot=1 blocks=843776 txs=1208787 mgas=50578 bps=5203 tps=15738 mgps=837.5 avgBps=11334 avgTps=16238 avgMGps=679.4 elapsed=1m14s441ms
Aug 06 13:00:39 nimbus-eth1-mainnet-long-benchmark[1140193]: INF 2026-08-06 13:00:39.526+00:00 Imported blocks                            blockNumber=851969 slot=1 blocks=851968 txs=1226124 mgas=51376 bps=6902 tps=14608 mgps=672.0 avgBps=11265 avgTps=16212 avgMGps=679.3 elapsed=1m15s627ms
Aug 06 13:00:40 nimbus-eth1-mainnet-long-benchmark[1140193]: INF 2026-08-06 13:00:40.402+00:00 Imported blocks                            blockNumber=860161 slot=1 blocks=860160 txs=1242345 mgas=52029 bps=9346 tps=18507 mgps=745.1 avgBps=11243 avgTps=16238 avgMGps=680.1 elapsed=1m16s504ms
Aug 06 13:00:41 nimbus-eth1-mainnet-long-benchmark[1140193]: INF 2026-08-06 13:00:41.230+00:00 Imported blocks                            blockNumber=868353 slot=1 blocks=868352 txs=1259759 mgas=52696 bps=9889 tps=21023 mgps=806.2 avgBps=11228 avgTps=16290 avgMGps=681.4 elapsed=1m17s332ms
Aug 06 13:00:42 nimbus-eth1-mainnet-long-benchmark[1140193]: INF 2026-08-06 13:00:42.234+00:00 Imported blocks                            blockNumber=876545 slot=1 blocks=876544 txs=1280633 mgas=53694 bps=8153 tps=20777 mgps=992.6 avgBps=11189 avgTps=16347 avgMGps=685.4 elapsed=1m18s337ms
Aug 06 13:00:43 nimbus-eth1-mainnet-long-benchmark[1140193]: INF 2026-08-06 13:00:43.090+00:00 Imported blocks                            blockNumber=884737 slot=1 blocks=884736 txs=1299189 mgas=54296 bps=9591 tps=21726 mgps=705.9 avgBps=11172 avgTps=16405 avgMGps=685.6 elapsed=1m19s191ms
Aug 06 13:00:44 nimbus-eth1-mainnet-long-benchmark[1140193]: INF 2026-08-06 13:00:44.050+00:00 Imported blocks                            blockNumber=892929 slot=1 blocks=892928 txs=1319377 mgas=55043 bps=8528 tps=21016 mgps=777.2 avgBps=11140 avgTps=16460 avgMGps=686.7 elapsed=1m20s152ms
Aug 06 13:00:44 nimbus-eth1-mainnet-long-benchmark[1140193]: INF 2026-08-06 13:00:44.974+00:00 Imported blocks                            blockNumber=901121 slot=1 blocks=901120 txs=1340105 mgas=55749 bps=8859 tps=22416 mgps=763.3 avgBps=11114 avgTps=16528 avgMGps=687.6 elapsed=1m21s76ms
Aug 06 13:00:46 nimbus-eth1-mainnet-long-benchmark[1140193]: INF 2026-08-06 13:00:46.178+00:00 Imported blocks                            blockNumber=909313 slot=1 blocks=909312 txs=1368963 mgas=56961 bps=6818 tps=24018 mgps=1008 avgBps=11051 avgTps=16638 avgMGps=692.3 elapsed=1m22s278ms
Aug 06 13:00:47 nimbus-eth1-mainnet-long-benchmark[1140193]: INF 2026-08-06 13:00:47.602+00:00 Imported blocks                            blockNumber=917505 slot=1 blocks=917504 txs=1398413 mgas=58411 bps=5746 tps=20657 mgps=1017 avgBps=10961 avgTps=16706 avgMGps=697.8 elapsed=1m23s703ms
Aug 06 13:00:48 nimbus-eth1-mainnet-long-benchmark[1140193]: INF 2026-08-06 13:00:48.866+00:00 Imported blocks                            blockNumber=925697 slot=1 blocks=925696 txs=1424269 mgas=59481 bps=6474 tps=20434 mgps=845.7 avgBps=10894 avgTps=16762 avgMGps=700.0 elapsed=1m24s969ms
Aug 06 13:00:49 nimbus-eth1-mainnet-long-benchmark[1140193]: INF 2026-08-06 13:00:49.978+00:00 Imported blocks                            blockNumber=933889 slot=1 blocks=933888 txs=1448025 mgas=60401 bps=7367 tps=21364 mgps=827.3 avgBps=10848 avgTps=16821 avgMGps=701.7 elapsed=1m26s81ms
Aug 06 13:00:50 nimbus-eth1-mainnet-long-benchmark[1140193]: INF 2026-08-06 13:00:50.954+00:00 Imported blocks                            blockNumber=942081 slot=1 blocks=942080 txs=1472415 mgas=61182 bps=8414 tps=25052 mgps=802.0 avgBps=10821 avgTps=16913 avgMGps=702.8 elapsed=1m27s54ms
Aug 06 13:00:51 nimbus-eth1-mainnet-long-benchmark[1140193]: INF 2026-08-06 13:00:51.898+00:00 Imported blocks                            blockNumber=950273 slot=1 blocks=950272 txs=1494733 mgas=61907 bps=8656 tps=23582 mgps=765.8 avgBps=10798 avgTps=16985 avgMGps=703.5 elapsed=1m28s1ms
Aug 06 13:00:52 nimbus-eth1-mainnet-long-benchmark[1140193]: INF 2026-08-06 13:00:52.918+00:00 Imported blocks                            blockNumber=958465 slot=1 blocks=958464 txs=1518589 mgas=62731 bps=8056 tps=23461 mgps=810.3 avgBps=10767 avgTps=17059 avgMGps=704.7 elapsed=1m29s17ms
Aug 06 13:00:54 nimbus-eth1-mainnet-long-benchmark[1140193]: INF 2026-08-06 13:00:54.558+00:00 Imported blocks                            blockNumber=966657 slot=1 blocks=966656 txs=1558557 mgas=64518 bps=4990 tps=24349 mgps=1089 avgBps=10662 avgTps=17191 avgMGps=711.7 elapsed=1m30s659ms
Aug 06 13:00:55 nimbus-eth1-mainnet-long-benchmark[1140193]: INF 2026-08-06 13:00:55.574+00:00 Imported blocks                            blockNumber=974849 slot=1 blocks=974848 txs=1583432 mgas=65302 bps=8071 tps=24509 mgps=771.8 avgBps=10633 avgTps=17272 avgMGps=712.3 elapsed=1m31s674ms
Aug 06 13:00:56 nimbus-eth1-mainnet-long-benchmark[1140193]: INF 2026-08-06 13:00:56.574+00:00 Imported blocks                            blockNumber=983041 slot=1 blocks=983040 txs=1608991 mgas=66060 bps=8177 tps=25512 mgps=756.8 avgBps=10607 avgTps=17361 avgMGps=712.8 elapsed=1m32s676ms
Aug 06 13:00:57 nimbus-eth1-mainnet-long-benchmark[1140193]: INF 2026-08-06 13:00:57.690+00:00 Imported blocks                            blockNumber=991233 slot=1 blocks=991232 txs=1641760 mgas=67056 bps=7330 tps=29322 mgps=891.6 avgBps=10568 avgTps=17503 avgMGps=714.9 elapsed=1m33s793ms
Aug 06 13:00:58 nimbus-eth1-mainnet-long-benchmark[1140193]: INF 2026-08-06 13:00:58.842+00:00 Imported blocks                            blockNumber=999425 slot=1 blocks=999424 txs=1671013 mgas=68012 bps=7111 tps=25394 mgps=829.5 avgBps=10526 avgTps=17599 avgMGps=716.3 elapsed=1m34s945ms
Aug 06 13:00:59 nimbus-eth1-mainnet-long-benchmark[1140193]: INF 2026-08-06 13:00:59.886+00:00 Imported blocks                            blockNumber=1007617 slot=1 blocks=1007616 txs=1699792 mgas=68886 bps=7848 tps=27571 mgps=837.9 avgBps=10497 avgTps=17708 avgMGps=717.7 elapsed=1m35s989ms
Aug 06 13:01:00 nimbus-eth1-mainnet-long-benchmark[1140193]: INF 2026-08-06 13:01:00.986+00:00 Imported blocks                            blockNumber=1015809 slot=1 blocks=1015808 txs=1728432 mgas=69831 bps=7466 tps=26102 mgps=860.5 avgBps=10462 avgTps=17803 avgMGps=719.3 elapsed=1m37s86ms
Aug 06 13:01:02 nimbus-eth1-mainnet-long-benchmark[1140193]: INF 2026-08-06 13:01:02.178+00:00 Imported blocks                            blockNumber=1024001 slot=1 blocks=1024000 txs=1759024 mgas=70908 bps=6873 tps=25668 mgps=903.7 avgBps=10419 avgTps=17898 avgMGps=721.5 elapsed=1m38s278ms
Aug 06 13:01:03 nimbus-eth1-mainnet-long-benchmark[1140193]: INF 2026-08-06 13:01:03.290+00:00 Imported blocks                            blockNumber=1032193 slot=1 blocks=1032192 txs=1789591 mgas=71933 bps=7363 tps=27474 mgps=921.9 avgBps=10385 avgTps=18005 avgMGps=723.7 elapsed=1m39s390ms
Aug 06 13:01:04 nimbus-eth1-mainnet-long-benchmark[1140193]: INF 2026-08-06 13:01:04.314+00:00 Imported blocks                            blockNumber=1040385 slot=1 blocks=1040384 txs=1816352 mgas=72718 bps=7998 tps=26128 mgps=766.0 avgBps=10360 avgTps=18088 avgMGps=724.2 elapsed=1m40s415ms
Aug 06 13:01:05 nimbus-eth1-mainnet-long-benchmark[1140193]: INF 2026-08-06 13:01:05.494+00:00 Imported blocks                            blockNumber=1048577 slot=1 blocks=1048576 txs=1845167 mgas=74594 bps=6927 tps=24368 mgps=1586 avgBps=10320 avgTps=18161 avgMGps=734.2 elapsed=1m41s597ms
Aug 06 13:01:06 nimbus-eth1-mainnet-long-benchmark[1140193]: INF 2026-08-06 13:01:06.606+00:00 Imported blocks                            blockNumber=1056769 slot=1 blocks=1056768 txs=1876795 mgas=75843 bps=7388 tps=28525 mgps=1126 avgBps=10289 avgTps=18273 avgMGps=738.5 elapsed=1m42s706ms
Aug 06 13:01:07 nimbus-eth1-mainnet-long-benchmark[1140193]: INF 2026-08-06 13:01:07.846+00:00 Imported blocks                            blockNumber=1064961 slot=1 blocks=1064960 txs=1909553 mgas=77145 bps=6599 tps=26391 mgps=1049 avgBps=10245 avgTps=18370 avgMGps=742.2 elapsed=1m43s947ms
Aug 06 13:01:08 nimbus-eth1-mainnet-long-benchmark[1140193]: INF 2026-08-06 13:01:08.894+00:00 Imported blocks                            blockNumber=1073153 slot=1 blocks=1073152 txs=1940514 mgas=78003 bps=7810 tps=29520 mgps=817.6 avgBps=10220 avgTps=18481 avgMGps=742.9 elapsed=1m44s996ms
Aug 06 13:01:10 nimbus-eth1-mainnet-long-benchmark[1140193]: INF 2026-08-06 13:01:10.038+00:00 Imported blocks                            blockNumber=1081345 slot=1 blocks=1081344 txs=1974016 mgas=78952 bps=7173 tps=29336 mgps=831.5 avgBps=10188 avgTps=18598 avgMGps=743.9 elapsed=1m46s138ms
Aug 06 13:01:11 nimbus-eth1-mainnet-long-benchmark[1140193]: INF 2026-08-06 13:01:11.226+00:00 Imported blocks                            blockNumber=1089537 slot=1 blocks=1089536 txs=2011137 mgas=79948 bps=6898 tps=31260 mgps=838.3 avgBps=10151 avgTps=18738 avgMGps=744.9 elapsed=1m47s325ms
Aug 06 13:01:12 nimbus-eth1-mainnet-long-benchmark[1140193]: INF 2026-08-06 13:01:12.446+00:00 Imported blocks                            blockNumber=1097729 slot=1 blocks=1097728 txs=2051252 mgas=81029 bps=6705 tps=32836 mgps=885.3 avgBps=10112 avgTps=18897 avgMGps=746.5 elapsed=1m48s547ms
Aug 06 13:01:13 nimbus-eth1-mainnet-long-benchmark[1140193]: INF 2026-08-06 13:01:13.750+00:00 Imported blocks                            blockNumber=1105921 slot=1 blocks=1105920 txs=2094052 mgas=82283 bps=6282 tps=32823 mgps=961.5 avgBps=10067 avgTps=19062 avgMGps=749.0 elapsed=1m49s851ms
Aug 06 13:01:15 nimbus-eth1-mainnet-long-benchmark[1140193]: INF 2026-08-06 13:01:15.038+00:00 Imported blocks                            blockNumber=1114113 slot=1 blocks=1114112 txs=2135719 mgas=83519 bps=6368 tps=32390 mgps=960.4 avgBps=10024 avgTps=19216 avgMGps=751.5 elapsed=1m51s137ms
Aug 06 13:01:16 nimbus-eth1-mainnet-long-benchmark[1140193]: INF 2026-08-06 13:01:16.254+00:00 Imported blocks                            blockNumber=1122305 slot=1 blocks=1122304 txs=2174597 mgas=84660 bps=6737 tps=31976 mgps=938.8 avgBps=9989 avgTps=19354 avgMGps=753.5 elapsed=1m52s353ms
Aug 06 13:01:17 nimbus-eth1-mainnet-long-benchmark[1140193]: INF 2026-08-06 13:01:17.482+00:00 Imported blocks                            blockNumber=1130497 slot=1 blocks=1130496 txs=2216135 mgas=85863 bps=6655 tps=33746 mgps=977.2 avgBps=9952 avgTps=19510 avgMGps=755.9 elapsed=1m53s584ms
Aug 06 13:01:18 nimbus-eth1-mainnet-long-benchmark[1140193]: INF 2026-08-06 13:01:18.658+00:00 Imported blocks                            blockNumber=1138689 slot=1 blocks=1138688 txs=2256039 mgas=86965 bps=6965 tps=33927 mgps=936.7 avgBps=9922 avgTps=19658 avgMGps=757.8 elapsed=1m54s760ms
Aug 06 13:01:19 nimbus-eth1-mainnet-long-benchmark[1140193]: INF 2026-08-06 13:01:19.950+00:00 Imported blocks                            blockNumber=1146881 slot=1 blocks=1146880 txs=2300260 mgas=88305 bps=6339 tps=34222 mgps=1037 avgBps=9882 avgTps=19820 avgMGps=760.9 elapsed=1m56s52ms
Aug 06 13:01:21 nimbus-eth1-mainnet-long-benchmark[1140193]: INF 2026-08-06 13:01:21.206+00:00 Imported blocks                            blockNumber=1155073 slot=1 blocks=1155072 txs=2343788 mgas=89688 bps=6534 tps=34719 mgps=1103 avgBps=9846 avgTps=19980 avgMGps=764.6 elapsed=1m57s306ms
Aug 06 13:01:22 nimbus-eth1-mainnet-long-benchmark[1140193]: INF 2026-08-06 13:01:22.358+00:00 Imported blocks                            blockNumber=1163265 slot=1 blocks=1163264 txs=2381940 mgas=90935 bps=7100 tps=33067 mgps=1080 avgBps=9819 avgTps=20107 avgMGps=767.6 elapsed=1m58s460ms
Aug 06 13:01:23 nimbus-eth1-mainnet-long-benchmark[1140193]: INF 2026-08-06 13:01:23.694+00:00 Imported blocks                            blockNumber=1171457 slot=1 blocks=1171456 txs=2426884 mgas=92310 bps=6135 tps=33664 mgps=1029 avgBps=9778 avgTps=20258 avgMGps=770.6 elapsed=1m59s795ms
Aug 06 13:01:25 nimbus-eth1-mainnet-long-benchmark[1140193]: INF 2026-08-06 13:01:25.074+00:00 Imported blocks                            blockNumber=1179649 slot=1 blocks=1179648 txs=2473126 mgas=93885 bps=5936 tps=33511 mgps=1141 avgBps=9735 avgTps=20409 avgMGps=774.8 elapsed=2m1s175ms
Aug 06 13:01:26 nimbus-eth1-mainnet-long-benchmark[1140193]: INF 2026-08-06 13:01:26.410+00:00 Imported blocks                            blockNumber=1187841 slot=1 blocks=1187840 txs=2517649 mgas=95408 bps=6135 tps=33345 mgps=1140 avgBps=9695 avgTps=20550 avgMGps=778.8 elapsed=2m2s510ms
Aug 06 13:01:27 nimbus-eth1-mainnet-long-benchmark[1140193]: INF 2026-08-06 13:01:27.894+00:00 Imported blocks                            blockNumber=1196033 slot=1 blocks=1196032 txs=2561243 mgas=96937 bps=5516 tps=29358 mgps=1030 avgBps=9645 avgTps=20655 avgMGps=781.8 elapsed=2m3s995ms
Aug 06 13:01:29 nimbus-eth1-mainnet-long-benchmark[1140193]: INF 2026-08-06 13:01:29.266+00:00 Imported blocks                            blockNumber=1204225 slot=1 blocks=1204224 txs=2602502 mgas=98390 bps=5971 tps=30073 mgps=1058 avgBps=9605 avgTps=20759 avgMGps=784.8 elapsed=2m5s367ms
Aug 06 13:01:31 nimbus-eth1-mainnet-long-benchmark[1140193]: INF 2026-08-06 13:01:31.178+00:00 Imported blocks                            blockNumber=1212417 slot=1 blocks=1212416 txs=2655425 mgas=100693 bps=4280 tps=27655 mgps=1203 avgBps=9525 avgTps=20862 avgMGps=791.1 elapsed=2m7s280ms
Aug 06 13:01:32 nimbus-eth1-mainnet-long-benchmark[1140193]: INF 2026-08-06 13:01:32.638+00:00 Imported blocks                            blockNumber=1220609 slot=1 blocks=1220608 txs=2702130 mgas=102256 bps=5613 tps=32005 mgps=1071 avgBps=9481 avgTps=20989 avgMGps=794.3 elapsed=2m8s740ms
Aug 06 13:01:34 nimbus-eth1-mainnet-long-benchmark[1140193]: INF 2026-08-06 13:01:34.174+00:00 Imported blocks                            blockNumber=1228801 slot=1 blocks=1228800 txs=2748253 mgas=103771 bps=5331 tps=30015 mgps=985.4 avgBps=9432 avgTps=21095 avgMGps=796.5 elapsed=2m10s276ms
Aug 06 13:01:35 nimbus-eth1-mainnet-long-benchmark[1140193]: INF 2026-08-06 13:01:35.642+00:00 Imported blocks                            blockNumber=1236993 slot=1 blocks=1236992 txs=2791299 mgas=105229 bps=5579 tps=29319 mgps=993.4 avgBps=9389 avgTps=21187 avgMGps=798.7 elapsed=2m11s745ms
Aug 06 13:01:37 nimbus-eth1-mainnet-long-benchmark[1140193]: INF 2026-08-06 13:01:37.238+00:00 Imported blocks                            blockNumber=1245185 slot=1 blocks=1245184 txs=2840798 mgas=106888 bps=5143 tps=31077 mgps=1041 avgBps=9338 avgTps=21305 avgMGps=801.6 elapsed=2m13s337ms
Aug 06 13:01:38 nimbus-eth1-mainnet-long-benchmark[1140193]: INF 2026-08-06 13:01:38.530+00:00 Imported blocks                            blockNumber=1253377 slot=1 blocks=1253376 txs=2887052 mgas=108404 bps=6325 tps=35718 mgps=1170 avgBps=9309 avgTps=21443 avgMGps=805.2 elapsed=2m14s632ms
Aug 06 13:01:40 nimbus-eth1-mainnet-long-benchmark[1140193]: INF 2026-08-06 13:01:40.002+00:00 Imported blocks                            blockNumber=1261569 slot=1 blocks=1261568 txs=2929370 mgas=109732 bps=5571 tps=28779 mgps=903.2 avgBps=9269 avgTps=21523 avgMGps=806.2 elapsed=2m16s103ms
Aug 06 13:01:41 nimbus-eth1-mainnet-long-benchmark[1140193]: INF 2026-08-06 13:01:41.178+00:00 Imported blocks                            blockNumber=1269761 slot=1 blocks=1269760 txs=2969391 mgas=110811 bps=6963 tps=34019 mgps=916.6 avgBps=9249 avgTps=21630 avgMGps=807.2 elapsed=2m17s279ms
Aug 06 13:01:42 nimbus-eth1-mainnet-long-benchmark[1140193]: INF 2026-08-06 13:01:42.678+00:00 Imported blocks                            blockNumber=1277953 slot=1 blocks=1277952 txs=3015756 mgas=112246 bps=5462 tps=30914 mgps=956.8 avgBps=9208 avgTps=21730 avgMGps=808.8 elapsed=2m18s779ms
Aug 06 13:01:44 nimbus-eth1-mainnet-long-benchmark[1140193]: INF 2026-08-06 13:01:44.262+00:00 Imported blocks                            blockNumber=1286145 slot=1 blocks=1286144 txs=3066597 mgas=113837 bps=5165 tps=32060 mgps=1003 avgBps=9162 avgTps=21847 avgMGps=811.0 elapsed=2m20s365ms
Aug 06 13:01:45 nimbus-eth1-mainnet-long-benchmark[1140193]: INF 2026-08-06 13:01:45.585+00:00 Imported blocks                            blockNumber=1294337 slot=1 blocks=1294336 txs=3108096 mgas=115109 bps=6185 tps=31336 mgps=960.3 avgBps=9135 avgTps=21935 avgMGps=812.4 elapsed=2m21s689ms
Aug 06 13:01:47 nimbus-eth1-mainnet-long-benchmark[1140193]: INF 2026-08-06 13:01:47.165+00:00 Imported blocks                            blockNumber=1302529 slot=1 blocks=1302528 txs=3155729 mgas=116621 bps=5190 tps=30183 mgps=958.3 avgBps=9091 avgTps=22026 avgMGps=814.0 elapsed=2m23s267ms
Aug 06 13:01:48 nimbus-eth1-mainnet-long-benchmark[1140193]: INF 2026-08-06 13:01:48.453+00:00 Imported blocks                            blockNumber=1310721 slot=1 blocks=1310720 txs=3198370 mgas=117785 bps=6367 tps=33144 mgps=905.1 avgBps=9067 avgTps=22125 avgMGps=814.8 elapsed=2m24s554ms
Aug 06 13:01:49 nimbus-eth1-mainnet-long-benchmark[1140193]: INF 2026-08-06 13:01:49.725+00:00 Imported blocks                            blockNumber=1318913 slot=1 blocks=1318912 txs=3240980 mgas=118922 bps=6434 tps=33467 mgps=893.1 avgBps=9044 avgTps=22224 avgMGps=815.5 elapsed=2m25s827ms
Aug 06 13:01:51 nimbus-eth1-mainnet-long-benchmark[1140193]: INF 2026-08-06 13:01:51.129+00:00 Imported blocks                            blockNumber=1327105 slot=1 blocks=1327104 txs=3286540 mgas=120280 bps=5831 tps=32433 mgps=966.6 avgBps=9013 avgTps=22322 avgMGps=816.9 elapsed=2m27s232ms
Aug 06 13:01:52 nimbus-eth1-mainnet-long-benchmark[1140193]: INF 2026-08-06 13:01:52.545+00:00 Imported blocks                            blockNumber=1335297 slot=1 blocks=1335296 txs=3336909 mgas=122062 bps=5792 tps=35615 mgps=1259 avgBps=8983 avgTps=22448 avgMGps=821.2 elapsed=2m28s646ms
Aug 06 13:01:53 nimbus-eth1-mainnet-long-benchmark[1140193]: INF 2026-08-06 13:01:53.805+00:00 Imported blocks                            blockNumber=1343489 slot=1 blocks=1343488 txs=3382130 mgas=123272 bps=6502 tps=35895 mgps=960.1 avgBps=8962 avgTps=22561 avgMGps=822.3 elapsed=2m29s906ms
Aug 06 13:01:55 nimbus-eth1-mainnet-long-benchmark[1140193]: INF 2026-08-06 13:01:55.105+00:00 Imported blocks                            blockNumber=1351681 slot=1 blocks=1351680 txs=3426145 mgas=124479 bps=6291 tps=33803 mgps=926.8 avgBps=8939 avgTps=22658 avgMGps=823.2 elapsed=2m31s208ms
Aug 06 13:01:56 nimbus-eth1-mainnet-long-benchmark[1140193]: INF 2026-08-06 13:01:56.393+00:00 Imported blocks                            blockNumber=1359873 slot=1 blocks=1359872 txs=3481033 mgas=126070 bps=6369 tps=42676 mgps=1237 avgBps=8917 avgTps=22827 avgMGps=826.7 elapsed=2m32s494ms
Aug 06 13:01:57 nimbus-eth1-mainnet-long-benchmark[1140193]: INF 2026-08-06 13:01:57.717+00:00 Imported blocks                            blockNumber=1368065 slot=1 blocks=1368064 txs=3524429 mgas=127255 bps=6179 tps=32735 mgps=893.7 avgBps=8893 avgTps=22912 avgMGps=827.3 elapsed=2m33s819ms
Aug 06 13:01:59 nimbus-eth1-mainnet-long-benchmark[1140193]: INF 2026-08-06 13:01:59.177+00:00 Imported blocks                            blockNumber=1376257 slot=1 blocks=1376256 txs=3573305 mgas=128848 bps=5610 tps=33475 mgps=1091 avgBps=8863 avgTps=23012 avgMGps=829.8 elapsed=2m35s280ms
Aug 06 13:02:00 nimbus-eth1-mainnet-long-benchmark[1140193]: INF 2026-08-06 13:02:00.453+00:00 Imported blocks                            blockNumber=1384449 slot=1 blocks=1384448 txs=3618448 mgas=130288 bps=6429 tps=35431 mgps=1129 avgBps=8843 avgTps=23113 avgMGps=832.2 elapsed=2m36s554ms
Aug 06 13:02:01 nimbus-eth1-mainnet-long-benchmark[1140193]: INF 2026-08-06 13:02:01.769+00:00 Imported blocks                            blockNumber=1392641 slot=1 blocks=1392640 txs=3659789 mgas=131406 bps=6221 tps=31396 mgps=849.3 avgBps=8821 avgTps=23182 avgMGps=832.4 elapsed=2m37s870ms
Aug 06 13:02:03 nimbus-eth1-mainnet-long-benchmark[1140193]: INF 2026-08-06 13:02:03.117+00:00 Imported blocks                            blockNumber=1400833 slot=1 blocks=1400832 txs=3705329 mgas=132735 bps=6073 tps=33765 mgps=985.5 avgBps=8798 avgTps=23271 avgMGps=833.7 elapsed=2m39s219ms
Aug 06 13:02:04 nimbus-eth1-mainnet-long-benchmark[1140193]: INF 2026-08-06 13:02:04.569+00:00 Imported blocks                            blockNumber=1409025 slot=1 blocks=1409024 txs=3754433 mgas=134221 bps=5646 tps=33846 mgps=1023 avgBps=8769 avgTps=23367 avgMGps=835.4 elapsed=2m40s670ms
Aug 06 13:02:05 nimbus-eth1-mainnet-long-benchmark[1140193]: INF 2026-08-06 13:02:05.809+00:00 Imported blocks                            blockNumber=1417217 slot=1 blocks=1417216 txs=3798456 mgas=135447 bps=6607 tps=35507 mgps=988.7 avgBps=8753 avgTps=23460 avgMGps=836.6 elapsed=2m41s910ms
Aug 06 13:02:07 nimbus-eth1-mainnet-long-benchmark[1140193]: INF 2026-08-06 13:02:07.293+00:00 Imported blocks                            blockNumber=1425409 slot=1 blocks=1425408 txs=3848342 mgas=136897 bps=5521 tps=33625 mgps=977.8 avgBps=8723 avgTps=23552 avgMGps=837.8 elapsed=2m43s393ms
Aug 06 13:02:08 nimbus-eth1-mainnet-long-benchmark[1140193]: INF 2026-08-06 13:02:08.813+00:00 Imported blocks                            blockNumber=1433601 slot=1 blocks=1433600 txs=3905011 mgas=138579 bps=5384 tps=37250 mgps=1105 avgBps=8692 avgTps=23678 avgMGps=840.3 elapsed=2m44s915ms
Aug 06 13:02:10 nimbus-eth1-mainnet-long-benchmark[1140193]: INF 2026-08-06 13:02:10.353+00:00 Imported blocks                            blockNumber=1441793 slot=1 blocks=1441792 txs=3959646 mgas=140526 bps=5313 tps=35435 mgps=1262 avgBps=8661 avgTps=23787 avgMGps=844.2 elapsed=2m46s456ms
Aug 06 13:02:11 nimbus-eth1-mainnet-long-benchmark[1140193]: INF 2026-08-06 13:02:11.837+00:00 Imported blocks                            blockNumber=1449985 slot=1 blocks=1449984 txs=4016331 mgas=142151 bps=5530 tps=38268 mgps=1096 avgBps=8634 avgTps=23915 avgMGps=846.5 elapsed=2m47s938ms
Aug 06 13:02:13 nimbus-eth1-mainnet-long-benchmark[1140193]: INF 2026-08-06 13:02:13.345+00:00 Imported blocks                            blockNumber=1458177 slot=1 blocks=1458176 txs=4066527 mgas=143764 bps=5420 tps=33211 mgps=1067 avgBps=8605 avgTps=23998 avgMGps=848.4 elapsed=2m49s449ms
Aug 06 13:02:15 nimbus-eth1-mainnet-long-benchmark[1140193]: INF 2026-08-06 13:02:15.449+00:00 Imported blocks                            blockNumber=1466369 slot=1 blocks=1466368 txs=4121420 mgas=146004 bps=3897 tps=26115 mgps=1065 avgBps=8547 avgTps=24024 avgMGps=851.1 elapsed=2m51s551ms
Aug 06 13:02:16 nimbus-eth1-mainnet-long-benchmark[1140193]: INF 2026-08-06 13:02:16.933+00:00 Imported blocks                            blockNumber=1474561 slot=1 blocks=1474560 txs=4173520 mgas=147488 bps=5512 tps=35058 mgps=998.5 avgBps=8521 avgTps=24119 avgMGps=852.4 elapsed=2m53s37ms
Aug 06 13:02:18 nimbus-eth1-mainnet-long-benchmark[1140193]: INF 2026-08-06 13:02:18.513+00:00 Imported blocks                            blockNumber=1482753 slot=1 blocks=1482752 txs=4224800 mgas=149075 bps=5193 tps=32509 mgps=1006 avgBps=8491 avgTps=24194 avgMGps=853.7 elapsed=2m54s614ms
Aug 06 13:02:19 nimbus-eth1-mainnet-long-benchmark[1140193]: INF 2026-08-06 13:02:19.977+00:00 Imported blocks                            blockNumber=1490945 slot=1 blocks=1490944 txs=4281655 mgas=150750 bps=5586 tps=38771 mgps=1141 avgBps=8467 avgTps=24316 avgMGps=856.1 elapsed=2m56s81ms
Aug 06 13:02:21 nimbus-eth1-mainnet-long-benchmark[1140193]: INF 2026-08-06 13:02:21.457+00:00 Imported blocks                            blockNumber=1499137 slot=1 blocks=1499136 txs=4334037 mgas=152478 bps=5536 tps=35400 mgps=1167 avgBps=8442 avgTps=24408 avgMGps=858.7 elapsed=2m57s561ms
Aug 06 13:02:23 nimbus-eth1-mainnet-long-benchmark[1140193]: INF 2026-08-06 13:02:23.313+00:00 Imported blocks                            blockNumber=1507329 slot=1 blocks=1507328 txs=4394073 mgas=154617 bps=4412 tps=32339 mgps=1151 avgBps=8401 avgTps=24490 avgMGps=861.8 elapsed=2m59s417ms
Aug 06 13:02:25 nimbus-eth1-mainnet-long-benchmark[1140193]: INF 2026-08-06 13:02:25.297+00:00 Imported blocks                            blockNumber=1515521 slot=1 blocks=1515520 txs=4463341 mgas=157058 bps=4132 tps=34944 mgps=1231 avgBps=8354 avgTps=24605 avgMGps=865.8 elapsed=3m1s399ms
Aug 06 13:02:27 nimbus-eth1-mainnet-long-benchmark[1140193]: INF 2026-08-06 13:02:27.041+00:00 Imported blocks                            blockNumber=1523713 slot=1 blocks=1523712 txs=4519855 mgas=158891 bps=4694 tps=32388 mgps=1049 avgBps=8319 avgTps=24679 avgMGps=867.6 elapsed=3m3s144ms
Aug 06 13:02:28 nimbus-eth1-mainnet-long-benchmark[1140193]: INF 2026-08-06 13:02:28.677+00:00 Imported blocks                            blockNumber=1531905 slot=1 blocks=1531904 txs=4570979 mgas=160622 bps=5014 tps=31291 mgps=1060 avgBps=8290 avgTps=24737 avgMGps=869.3 elapsed=3m4s778ms
Aug 06 13:02:30 nimbus-eth1-mainnet-long-benchmark[1140193]: INF 2026-08-06 13:02:30.401+00:00 Imported blocks                            blockNumber=1540097 slot=1 blocks=1540096 txs=4629733 mgas=162534 bps=4743 tps=34019 mgps=1106 avgBps=8257 avgTps=24823 avgMGps=871.5 elapsed=3m6s505ms
Aug 06 13:02:32 nimbus-eth1-mainnet-long-benchmark[1140193]: INF 2026-08-06 13:02:32.041+00:00 Imported blocks                            blockNumber=1548289 slot=1 blocks=1548288 txs=4691162 mgas=164522 bps=4997 tps=37475 mgps=1212 avgBps=8229 avgTps=24933 avgMGps=874.4 elapsed=3m8s144ms
Aug 06 13:02:33 nimbus-eth1-mainnet-long-benchmark[1140193]: INF 2026-08-06 13:02:33.853+00:00 Imported blocks                            blockNumber=1556481 slot=1 blocks=1556480 txs=4751792 mgas=166882 bps=4519 tps=33450 mgps=1302 avgBps=8193 avgTps=25015 avgMGps=878.5 elapsed=3m9s957ms
Aug 06 13:02:35 nimbus-eth1-mainnet-long-benchmark[1140193]: INF 2026-08-06 13:02:35.417+00:00 Imported blocks                            blockNumber=1564673 slot=1 blocks=1564672 txs=4808773 mgas=168702 bps=5241 tps=36458 mgps=1164 avgBps=8169 avgTps=25108 avgMGps=880.9 elapsed=3m11s520ms
Aug 06 13:02:36 nimbus-eth1-mainnet-long-benchmark[1140193]: INF 2026-08-06 13:02:36.949+00:00 Imported blocks                            blockNumber=1572865 slot=1 blocks=1572864 txs=4865267 mgas=170479 bps=5353 tps=36919 mgps=1161 avgBps=8147 avgTps=25202 avgMGps=883.1 elapsed=3m13s50ms
Aug 06 13:02:38 nimbus-eth1-mainnet-long-benchmark[1140193]: INF 2026-08-06 13:02:38.457+00:00 Imported blocks                            blockNumber=1581057 slot=1 blocks=1581056 txs=4924309 mgas=172215 bps=5431 tps=39147 mgps=1150 avgBps=8126 avgTps=25310 avgMGps=885.2 elapsed=3m14s558ms
Aug 06 13:02:40 nimbus-eth1-mainnet-long-benchmark[1140193]: INF 2026-08-06 13:02:40.273+00:00 Imported blocks                            blockNumber=1589249 slot=1 blocks=1589248 txs=4993282 mgas=174387 bps=4506 tps=37944 mgps=1195 avgBps=8092 avgTps=25427 avgMGps=888.0 elapsed=3m16s376ms
Aug 06 13:02:42 nimbus-eth1-mainnet-long-benchmark[1140193]: INF 2026-08-06 13:02:42.085+00:00 Imported blocks                            blockNumber=1597441 slot=1 blocks=1597440 txs=5057588 mgas=176580 bps=4526 tps=35531 mgps=1211 avgBps=8060 avgTps=25519 avgMGps=891.0 elapsed=3m18s185ms
Aug 06 13:02:44 nimbus-eth1-mainnet-long-benchmark[1140193]: INF 2026-08-06 13:02:44.469+00:00 Imported blocks                            blockNumber=1605633 slot=1 blocks=1605632 txs=5144257 mgas=180073 bps=3435 tps=36346 mgps=1464 avgBps=8005 avgTps=25648 avgMGps=897.8 elapsed=3m20s570ms
Aug 06 13:02:46 nimbus-eth1-mainnet-long-benchmark[1140193]: INF 2026-08-06 13:02:46.197+00:00 Imported blocks                            blockNumber=1613825 slot=1 blocks=1613824 txs=5206369 mgas=182227 bps=4734 tps=35894 mgps=1245 avgBps=7977 avgTps=25735 avgMGps=900.8 elapsed=3m22s300ms
Aug 06 13:02:47 nimbus-eth1-mainnet-long-benchmark[1140193]: INF 2026-08-06 13:02:47.869+00:00 Imported blocks                            blockNumber=1622017 slot=1 blocks=1622016 txs=5266487 mgas=184142 bps=4903 tps=35987 mgps=1145 avgBps=7952 avgTps=25819 avgMGps=902.8 elapsed=3m23s971ms
Aug 06 13:02:49 nimbus-eth1-mainnet-long-benchmark[1140193]: INF 2026-08-06 13:02:49.377+00:00 Imported blocks                            blockNumber=1630209 slot=1 blocks=1630208 txs=5319900 mgas=185883 bps=5436 tps=35449 mgps=1155 avgBps=7933 avgTps=25890 avgMGps=904.6 elapsed=3m25s478ms
Aug 06 13:02:50 nimbus-eth1-mainnet-long-benchmark[1140193]: INF 2026-08-06 13:02:50.841+00:00 Imported blocks                            blockNumber=1638401 slot=1 blocks=1638400 txs=5376656 mgas=187517 bps=5596 tps=38772 mgps=1116 avgBps=7917 avgTps=25981 avgMGps=906.1 elapsed=3m26s941ms
Aug 06 13:02:52 nimbus-eth1-mainnet-long-benchmark[1140193]: INF 2026-08-06 13:02:52.268+00:00 Imported blocks                            blockNumber=1646593 slot=1 blocks=1646592 txs=5427002 mgas=188969 bps=5728 tps=35206 mgps=1015 avgBps=7902 avgTps=26044 avgMGps=906.9 elapsed=3m28s371ms
Aug 06 13:02:53 nimbus-eth1-mainnet-long-benchmark[1140193]: INF 2026-08-06 13:02:53.656+00:00 Imported blocks                            blockNumber=1654785 slot=1 blocks=1654784 txs=5477830 mgas=190491 bps=5906 tps=36649 mgps=1097 avgBps=7888 avgTps=26114 avgMGps=908.1 elapsed=3m29s758ms
Aug 06 13:02:55 nimbus-eth1-mainnet-long-benchmark[1140193]: INF 2026-08-06 13:02:55.884+00:00 Imported blocks                            blockNumber=1662977 slot=1 blocks=1662976 txs=5538206 mgas=193552 bps=3675 tps=27089 mgps=1373 avgBps=7844 avgTps=26125 avgMGps=913.0 elapsed=3m31s987ms
Aug 06 13:02:57 nimbus-eth1-mainnet-long-benchmark[1140193]: INF 2026-08-06 13:02:57.508+00:00 Imported blocks                            blockNumber=1671169 slot=1 blocks=1671168 txs=5593464 mgas=195396 bps=5049 tps=34061 mgps=1136 avgBps=7823 avgTps=26185 avgMGps=914.7 elapsed=3m33s609ms
Aug 06 13:02:59 nimbus-eth1-mainnet-long-benchmark[1140193]: INF 2026-08-06 13:02:59.016+00:00 Imported blocks                            blockNumber=1679361 slot=1 blocks=1679360 txs=5649239 mgas=197189 bps=5423 tps=36923 mgps=1187 avgBps=7806 avgTps=26260 avgMGps=916.6 elapsed=3m35s120ms
Aug 06 13:03:00 nimbus-eth1-mainnet-long-benchmark[1140193]: INF 2026-08-06 13:03:00.556+00:00 Imported blocks                            blockNumber=1687553 slot=1 blocks=1687552 txs=5701520 mgas=198983 bps=5324 tps=33981 mgps=1165 avgBps=7788 avgTps=26315 avgMGps=918.4 elapsed=3m36s658ms
Aug 06 13:03:02 nimbus-eth1-mainnet-long-benchmark[1140193]: INF 2026-08-06 13:03:02.116+00:00 Imported blocks                            blockNumber=1695745 slot=1 blocks=1695744 txs=5756747 mgas=200840 bps=5253 tps=35420 mgps=1191 avgBps=7770 avgTps=26380 avgMGps=920.4 elapsed=3m38s218ms
Aug 06 13:03:03 nimbus-eth1-mainnet-long-benchmark[1140193]: INF 2026-08-06 13:03:03.968+00:00 Imported blocks                            blockNumber=1703937 slot=1 blocks=1703936 txs=5821399 mgas=203106 bps=4424 tps=34918 mgps=1223 avgBps=7742 avgTps=26452 avgMGps=922.9 elapsed=3m40s69ms
Aug 06 13:03:05 nimbus-eth1-mainnet-long-benchmark[1140193]: INF 2026-08-06 13:03:05.720+00:00 Imported blocks                            blockNumber=1712129 slot=1 blocks=1712128 txs=5884754 mgas=205166 bps=4670 tps=36118 mgps=1174 avgBps=7718 avgTps=26528 avgMGps=924.9 elapsed=3m41s823ms
Aug 06 13:03:13 nimbus-eth1-mainnet-long-benchmark[1140193]: INF 2026-08-06 13:03:13.568+00:00 Imported blocks                            blockNumber=1720321 slot=1 blocks=1720320 txs=5950436 mgas=210967 bps=1044 tps=8370 mgps=739.2 avgBps=7490 avgTps=25908 avgMGps=918.6 elapsed=3m49s670ms
Aug 06 13:03:55 nimbus-eth1-mainnet-long-benchmark[1140193]: INF 2026-08-06 13:03:55.044+00:00 Imported blocks                            blockNumber=1728513 slot=1 blocks=1728512 txs=6046046 mgas=227706 bps=197.5 tps=2305 mgps=403.6 avgBps=6374 avgTps=22297 avgMGps=839.8 elapsed=4m31s147ms
Aug 06 13:04:03 nimbus-eth1-mainnet-long-benchmark[1140193]: INF 2026-08-06 13:04:03.447+00:00 Imported blocks                            blockNumber=1736705 slot=1 blocks=1736704 txs=6113963 mgas=232449 bps=974.7 tps=8080 mgps=564.4 avgBps=6212 avgTps=21870 avgMGps=831.5 elapsed=4m39s552ms
Aug 06 13:04:07 nimbus-eth1-mainnet-long-benchmark[1140193]: INF 2026-08-06 13:04:07.315+00:00 Imported blocks                            blockNumber=1744897 slot=1 blocks=1744896 txs=6176565 mgas=235745 bps=2119 tps=16196 mgps=852.8 avgBps=6156 avgTps=21793 avgMGps=831.8 elapsed=4m43s417ms
Aug 06 13:04:10 nimbus-eth1-mainnet-long-benchmark[1140193]: INF 2026-08-06 13:04:10.351+00:00 Imported blocks                            blockNumber=1753089 slot=1 blocks=1753088 txs=6244901 mgas=239587 bps=2696 tps=22490 mgps=1264 avgBps=6119 avgTps=21800 avgMGps=836.4 elapsed=4m46s456ms
Aug 06 13:04:12 nimbus-eth1-mainnet-long-benchmark[1140193]: INF 2026-08-06 13:04:12.319+00:00 Imported blocks                            blockNumber=1761281 slot=1 blocks=1761280 txs=6303031 mgas=241664 bps=4173 tps=29614 mgps=1058 avgBps=6106 avgTps=21853 avgMGps=837.9 elapsed=4m48s419ms
Aug 06 13:04:13 nimbus-eth1-mainnet-long-benchmark[1140193]: INF 2026-08-06 13:04:13.959+00:00 Imported blocks                            blockNumber=1769473 slot=1 blocks=1769472 txs=6360053 mgas=243886 bps=4979 tps=34657 mgps=1350 avgBps=6100 avgTps=21926 avgMGps=840.8 elapsed=4m50s64ms
Aug 06 13:04:15 nimbus-eth1-mainnet-long-benchmark[1140193]: INF 2026-08-06 13:04:15.611+00:00 Imported blocks                            blockNumber=1777665 slot=1 blocks=1777664 txs=6412951 mgas=245575 bps=4964 tps=32058 mgps=1023 avgBps=6093 avgTps=21983 avgMGps=841.8 elapsed=4m51s714ms
Aug 06 13:04:17 nimbus-eth1-mainnet-long-benchmark[1140193]: INF 2026-08-06 13:04:17.427+00:00 Imported blocks                            blockNumber=1785857 slot=1 blocks=1785856 txs=6466807 mgas=247284 bps=4509 tps=29649 mgps=940.8 avgBps=6084 avgTps=22031 avgMGps=842.4 elapsed=4m53s530ms
Aug 06 13:04:19 nimbus-eth1-mainnet-long-benchmark[1140193]: INF 2026-08-06 13:04:19.595+00:00 Imported blocks                            blockNumber=1794049 slot=1 blocks=1794048 txs=6522851 mgas=249276 bps=3776 tps=25835 mgps=918.5 avgBps=6067 avgTps=22058 avgMGps=843.0 elapsed=4m55s700ms
Aug 06 13:04:22 nimbus-eth1-mainnet-long-benchmark[1140193]: INF 2026-08-06 13:04:22.411+00:00 Imported blocks                            blockNumber=1802241 slot=1 blocks=1802240 txs=6613176 mgas=255044 bps=2911 tps=32104 mgps=2049 avgBps=6037 avgTps=22153 avgMGps=854.4 elapsed=4m58s513ms
Aug 06 13:04:26 nimbus-eth1-mainnet-long-benchmark[1140193]: INF 2026-08-06 13:04:26.895+00:00 Imported blocks                            blockNumber=1810433 slot=1 blocks=1810432 txs=6665934 mgas=257543 bps=1826 tps=11761 mgps=557.2 avgBps=5975 avgTps=21999 avgMGps=850.0 elapsed=5m2s999ms
Aug 06 13:04:28 nimbus-eth1-mainnet-long-benchmark[1140193]: INF 2026-08-06 13:04:28.791+00:00 Imported blocks                            blockNumber=1818625 slot=1 blocks=1818624 txs=6721128 mgas=259316 bps=4320 tps=29112 mgps=935.1 avgBps=5964 avgTps=22044 avgMGps=850.5 elapsed=5m4s895ms
Aug 06 13:04:30 nimbus-eth1-mainnet-long-benchmark[1140193]: INF 2026-08-06 13:04:30.331+00:00 Imported blocks                            blockNumber=1826817 slot=1 blocks=1826816 txs=6774831 mgas=261021 bps=5325 tps=34908 mgps=1108 avgBps=5961 avgTps=22108 avgMGps=851.8 elapsed=5m6s433ms
Aug 06 13:04:32 nimbus-eth1-mainnet-long-benchmark[1140193]: INF 2026-08-06 13:04:32.391+00:00 Imported blocks                            blockNumber=1835009 slot=1 blocks=1835008 txs=6824653 mgas=262938 bps=3976 tps=24183 mgps=930.3 avgBps=5948 avgTps=22122 avgMGps=852.3 elapsed=5m8s493ms
Aug 06 13:04:33 nimbus-eth1-mainnet-long-benchmark[1140193]: INF 2026-08-06 13:04:33.987+00:00 Imported blocks                            blockNumber=1843201 slot=1 blocks=1843200 txs=6878027 mgas=264614 bps=5139 tps=33483 mgps=1051 avgBps=5944 avgTps=22180 avgMGps=853.4 elapsed=5m10s87ms
Aug 06 13:04:37 nimbus-eth1-mainnet-long-benchmark[1140193]: INF 2026-08-06 13:04:37.147+00:00 Imported blocks                            blockNumber=1851393 slot=1 blocks=1851392 txs=6938150 mgas=266996 bps=2593 tps=19033 mgps=753.9 avgBps=5910 avgTps=22149 avgMGps=852.4 elapsed=5m13s246ms
Aug 06 13:04:41 nimbus-eth1-mainnet-long-benchmark[1140193]: INF 2026-08-06 13:04:41.787+00:00 Imported blocks                            blockNumber=1859585 slot=1 blocks=1859584 txs=6994576 mgas=269861 bps=1764 tps=12156 mgps=617.3 avgBps=5849 avgTps=22003 avgMGps=848.9 elapsed=5m17s888ms
Aug 06 13:04:43 nimbus-eth1-mainnet-long-benchmark[1140193]: INF 2026-08-06 13:04:43.623+00:00 Imported blocks                            blockNumber=1867777 slot=1 blocks=1867776 txs=7045208 mgas=271531 bps=4459 tps=27563 mgps=909.2 avgBps=5841 avgTps=22035 avgMGps=849.3 elapsed=5m19s725ms
Aug 06 13:04:45 nimbus-eth1-mainnet-long-benchmark[1140193]: INF 2026-08-06 13:04:45.623+00:00 Imported blocks                            blockNumber=1875969 slot=1 blocks=1875968 txs=7098661 mgas=273436 bps=4088 tps=26677 mgps=950.6 avgBps=5830 avgTps=22064 avgMGps=849.9 elapsed=5m21s729ms
Aug 06 13:04:47 nimbus-eth1-mainnet-long-benchmark[1140193]: INF 2026-08-06 13:04:47.303+00:00 Imported blocks                            blockNumber=1884161 slot=1 blocks=1884160 txs=7153316 mgas=275276 bps=4882 tps=32575 mgps=1096 avgBps=5825 avgTps=22118 avgMGps=851.2 elapsed=5m23s406ms
Aug 06 13:04:48 nimbus-eth1-mainnet-long-benchmark[1140193]: INF 2026-08-06 13:04:48.895+00:00 Imported blocks                            blockNumber=1892353 slot=1 blocks=1892352 txs=7207581 mgas=277100 bps=5160 tps=34186 mgps=1149 avgBps=5822 avgTps=22177 avgMGps=852.6 elapsed=5m24s994ms
Aug 06 13:04:50 nimbus-eth1-mainnet-long-benchmark[1140193]: INF 2026-08-06 13:04:50.283+00:00 Imported blocks                            blockNumber=1900545 slot=1 blocks=1900544 txs=7258861 mgas=278515 bps=5888 tps=36858 mgps=1016 avgBps=5823 avgTps=22240 avgMGps=853.3 elapsed=5m26s385ms
Aug 06 13:04:51 nimbus-eth1-mainnet-long-benchmark[1140193]: INF 2026-08-06 13:04:51.715+00:00 Imported blocks                            blockNumber=1908737 slot=1 blocks=1908736 txs=7305904 mgas=279904 bps=5725 tps=32878 mgps=970.6 avgBps=5822 avgTps=22286 avgMGps=853.8 elapsed=5m27s816ms
Aug 06 13:04:53 nimbus-eth1-mainnet-long-benchmark[1140193]: INF 2026-08-06 13:04:53.343+00:00 Imported blocks                            blockNumber=1916929 slot=1 blocks=1916928 txs=7369064 mgas=281779 bps=5030 tps=38785 mgps=1151 avgBps=5818 avgTps=22368 avgMGps=855.3 elapsed=5m29s444ms
Aug 06 13:05:01 nimbus-eth1-mainnet-long-benchmark[1140193]: INF 2026-08-06 13:05:01.131+00:00 Imported blocks                            blockNumber=1925121 slot=1 blocks=1925120 txs=7431837 mgas=285950 bps=1052 tps=8063 mgps=535.8 avgBps=5708 avgTps=22037 avgMGps=847.9 elapsed=5m37s229ms
Aug 06 13:05:03 nimbus-eth1-mainnet-long-benchmark[1140193]: INF 2026-08-06 13:05:03.227+00:00 Imported blocks                            blockNumber=1933313 slot=1 blocks=1933312 txs=7497575 mgas=288217 bps=3903 tps=31323 mgps=1080 avgBps=5697 avgTps=22095 avgMGps=849.4 elapsed=5m39s328ms
Aug 06 13:05:04 nimbus-eth1-mainnet-long-benchmark[1140193]: INF 2026-08-06 13:05:04.994+00:00 Imported blocks                            blockNumber=1941505 slot=1 blocks=1941504 txs=7559612 mgas=290251 bps=4638 tps=35129 mgps=1151 avgBps=5691 avgTps=22162 avgMGps=850.9 elapsed=5m41s94ms
Aug 06 13:05:06 nimbus-eth1-mainnet-long-benchmark[1140193]: INF 2026-08-06 13:05:06.850+00:00 Imported blocks                            blockNumber=1949697 slot=1 blocks=1949696 txs=7638933 mgas=292499 bps=4411 tps=42717 mgps=1210 avgBps=5685 avgTps=22274 avgMGps=852.9 elapsed=5m42s951ms
Aug 06 13:05:09 nimbus-eth1-mainnet-long-benchmark[1140193]: INF 2026-08-06 13:05:09.014+00:00 Imported blocks                            blockNumber=1957889 slot=1 blocks=1957888 txs=7713671 mgas=295027 bps=3782 tps=34507 mgps=1166 avgBps=5673 avgTps=22350 avgMGps=854.9 elapsed=5m45s117ms
Aug 06 13:05:10 nimbus-eth1-mainnet-long-benchmark[1140193]: INF 2026-08-06 13:05:10.942+00:00 Imported blocks                            blockNumber=1966081 slot=1 blocks=1966080 txs=7788808 mgas=297396 bps=4256 tps=39044 mgps=1231 avgBps=5665 avgTps=22443 avgMGps=856.9 elapsed=5m47s41ms
Aug 06 13:05:13 nimbus-eth1-mainnet-long-benchmark[1140193]: INF 2026-08-06 13:05:13.142+00:00 Imported blocks                            blockNumber=1974273 slot=1 blocks=1974272 txs=7855390 mgas=300366 bps=3721 tps=30244 mgps=1349 avgBps=5653 avgTps=22492 avgMGps=860.1 elapsed=5m49s243ms
Aug 06 13:05:15 nimbus-eth1-mainnet-long-benchmark[1140193]: INF 2026-08-06 13:05:15.382+00:00 Imported blocks                            blockNumber=1982465 slot=1 blocks=1982464 txs=7915725 mgas=302539 bps=3655 tps=26923 mgps=969.7 avgBps=5640 avgTps=22520 avgMGps=860.7 elapsed=5m51s484ms
Aug 06 13:05:16 nimbus-eth1-mainnet-long-benchmark[1140193]: INF 2026-08-06 13:05:16.966+00:00 Imported blocks                            blockNumber=1990657 slot=1 blocks=1990656 txs=7979382 mgas=304304 bps=5173 tps=40197 mgps=1114 avgBps=5638 avgTps=22600 avgMGps=861.9 elapsed=5m53s67ms
Aug 06 13:05:18 nimbus-eth1-mainnet-long-benchmark[1140193]: INF 2026-08-06 13:05:18.714+00:00 Imported blocks                            blockNumber=1998849 slot=1 blocks=1998848 txs=8046053 mgas=306358 bps=4685 tps=38135 mgps=1174 avgBps=5633 avgTps=22676 avgMGps=863.4 elapsed=5m54s815ms
Aug 06 13:05:20 nimbus-eth1-mainnet-long-benchmark[1140193]: INF 2026-08-06 13:05:20.454+00:00 Imported blocks                            blockNumber=2007041 slot=1 blocks=2007040 txs=8114293 mgas=308394 bps=4713 tps=39267 mgps=1171 avgBps=5628 avgTps=22757 avgMGps=864.9 elapsed=5m56s553ms
Aug 06 13:05:21 nimbus-eth1-mainnet-long-benchmark[1140193]: INF 2026-08-06 13:05:21.994+00:00 Imported blocks                            blockNumber=2015233 slot=1 blocks=2015232 txs=8174568 mgas=310280 bps=5314 tps=39105 mgps=1223 avgBps=5627 avgTps=22827 avgMGps=866.5 elapsed=5m58s95ms
Aug 06 13:05:23 nimbus-eth1-mainnet-long-benchmark[1140193]: INF 2026-08-06 13:05:23.542+00:00 Imported blocks                            blockNumber=2023425 slot=1 blocks=2023424 txs=8234299 mgas=311998 bps=5289 tps=38566 mgps=1109 avgBps=5626 avgTps=22895 avgMGps=867.5 elapsed=5m59s643ms
Aug 06 13:05:25 nimbus-eth1-mainnet-long-benchmark[1140193]: INF 2026-08-06 13:05:25.010+00:00 Imported blocks                            blockNumber=2031617 slot=1 blocks=2031616 txs=8290597 mgas=313665 bps=5588 tps=38403 mgps=1136 avgBps=5626 avgTps=22958 avgMGps=868.6 elapsed=6m1s109ms
Aug 06 13:05:27 nimbus-eth1-mainnet-long-benchmark[1140193]: INF 2026-08-06 13:05:27.214+00:00 Imported blocks                            blockNumber=2039809 slot=1 blocks=2039808 txs=8347013 mgas=316650 bps=3715 tps=25589 mgps=1354 avgBps=5614 avgTps=22974 avgMGps=871.6 elapsed=6m3s314ms
Aug 06 13:05:28 nimbus-eth1-mainnet-long-benchmark[1140193]: INF 2026-08-06 13:05:28.838+00:00 Imported blocks                            blockNumber=2048001 slot=1 blocks=2048000 txs=8414819 mgas=318724 bps=5045 tps=41760 mgps=1277 avgBps=5611 avgTps=23058 avgMGps=873.4 elapsed=6m4s938ms
Aug 06 13:05:30 nimbus-eth1-mainnet-long-benchmark[1140193]: INF 2026-08-06 13:05:30.446+00:00 Imported blocks                            blockNumber=2056193 slot=1 blocks=2056192 txs=8478396 mgas=320628 bps=5091 tps=39513 mgps=1183 avgBps=5609 avgTps=23130 avgMGps=874.7 elapsed=6m6s547ms
Aug 06 13:05:31 nimbus-eth1-mainnet-long-benchmark[1140193]: INF 2026-08-06 13:05:31.974+00:00 Imported blocks                            blockNumber=2064385 slot=1 blocks=2064384 txs=8534261 mgas=322285 bps=5363 tps=36577 mgps=1085 avgBps=5608 avgTps=23186 avgMGps=875.6 elapsed=6m8s74ms
Aug 06 13:05:33 nimbus-eth1-mainnet-long-benchmark[1140193]: INF 2026-08-06 13:05:33.374+00:00 Imported blocks                            blockNumber=2072577 slot=1 blocks=2072576 txs=8592741 mgas=323842 bps=5853 tps=41786 mgps=1112 avgBps=5609 avgTps=23256 avgMGps=876.5 elapsed=6m9s473ms
Aug 06 13:05:34 nimbus-eth1-mainnet-long-benchmark[1140193]: INF 2026-08-06 13:05:34.842+00:00 Imported blocks                            blockNumber=2080769 slot=1 blocks=2080768 txs=8648072 mgas=325442 bps=5575 tps=37659 mgps=1088 avgBps=5609 avgTps=23313 avgMGps=877.3 elapsed=6m10s943ms
Aug 06 13:05:36 nimbus-eth1-mainnet-long-benchmark[1140193]: INF 2026-08-06 13:05:36.486+00:00 Imported blocks                            blockNumber=2088961 slot=1 blocks=2088960 txs=8712300 mgas=327292 bps=4985 tps=39088 mgps=1125 avgBps=5606 avgTps=23383 avgMGps=878.4 elapsed=6m12s586ms
Aug 06 13:05:38 nimbus-eth1-mainnet-long-benchmark[1140193]: INF 2026-08-06 13:05:38.298+00:00 Imported blocks                            blockNumber=2097153 slot=1 blocks=2097152 txs=8778360 mgas=329481 bps=4513 tps=36396 mgps=1206 avgBps=5601 avgTps=23446 avgMGps=880.0 elapsed=6m14s401ms
Aug 06 13:05:39 nimbus-eth1-mainnet-long-benchmark[1140193]: INF 2026-08-06 13:05:39.826+00:00 Imported blocks                            blockNumber=2105345 slot=1 blocks=2105344 txs=8832595 mgas=331142 bps=5365 tps=35524 mgps=1087 avgBps=5600 avgTps=23495 avgMGps=880.9 elapsed=6m15s928ms
Aug 06 13:05:41 nimbus-eth1-mainnet-long-benchmark[1140193]: INF 2026-08-06 13:05:41.282+00:00 Imported blocks                            blockNumber=2113537 slot=1 blocks=2113536 txs=8889289 mgas=332884 bps=5634 tps=38991 mgps=1198 avgBps=5600 avgTps=23555 avgMGps=882.1 elapsed=6m17s382ms
Aug 06 13:05:42 nimbus-eth1-mainnet-long-benchmark[1140193]: INF 2026-08-06 13:05:42.874+00:00 Imported blocks                            blockNumber=2121729 slot=1 blocks=2121728 txs=8950903 mgas=334700 bps=5146 tps=38711 mgps=1141 avgBps=5598 avgTps=23618 avgMGps=883.2 elapsed=6m18s973ms
Aug 06 13:05:45 nimbus-eth1-mainnet-long-benchmark[1140193]: INF 2026-08-06 13:05:45.338+00:00 Imported blocks                            blockNumber=2129921 slot=1 blocks=2129920 txs=9014354 mgas=338562 bps=3320 tps=25720 mgps=1565 avgBps=5583 avgTps=23632 avgMGps=887.6 elapsed=6m21s440ms
Aug 06 13:05:47 nimbus-eth1-mainnet-long-benchmark[1140193]: INF 2026-08-06 13:05:46.998+00:00 Imported blocks                            blockNumber=2138113 slot=1 blocks=2138112 txs=9083957 mgas=340606 bps=4937 tps=41949 mgps=1231 avgBps=5581 avgTps=23711 avgMGps=889.1 elapsed=6m23s99ms
Aug 06 13:05:48 nimbus-eth1-mainnet-long-benchmark[1140193]: INF 2026-08-06 13:05:48.546+00:00 Imported blocks                            blockNumber=2146305 slot=1 blocks=2146304 txs=9145568 mgas=342520 bps=5299 tps=39855 mgps=1238 avgBps=5579 avgTps=23776 avgMGps=890.5 elapsed=6m24s645ms
Aug 06 13:05:49 nimbus-eth1-mainnet-long-benchmark[1140193]: INF 2026-08-06 13:05:49.978+00:00 Imported blocks                            blockNumber=2154497 slot=1 blocks=2154496 txs=9208092 mgas=344179 bps=5708 tps=43565 mgps=1155 avgBps=5580 avgTps=23850 avgMGps=891.5 elapsed=6m26s80ms
Aug 06 13:05:51 nimbus-eth1-mainnet-long-benchmark[1140193]: INF 2026-08-06 13:05:51.578+00:00 Imported blocks                            blockNumber=2162689 slot=1 blocks=2162688 txs=9270066 mgas=345978 bps=5117 tps=38718 mgps=1123 avgBps=5578 avgTps=23911 avgMGps=892.4 elapsed=6m27s681ms
Aug 06 13:05:53 nimbus-eth1-mainnet-long-benchmark[1140193]: INF 2026-08-06 13:05:53.242+00:00 Imported blocks                            blockNumber=2170881 slot=1 blocks=2170880 txs=9332900 mgas=347898 bps=4927 tps=37793 mgps=1155 avgBps=5575 avgTps=23970 avgMGps=893.6 elapsed=6m29s344ms
Aug 06 13:05:54 nimbus-eth1-mainnet-long-benchmark[1140193]: INF 2026-08-06 13:05:54.818+00:00 Imported blocks                            blockNumber=2179073 slot=1 blocks=2179072 txs=9394529 mgas=349716 bps=5193 tps=39071 mgps=1152 avgBps=5574 avgTps=24031 avgMGps=894.6 elapsed=6m30s921ms
Aug 06 13:05:56 nimbus-eth1-mainnet-long-benchmark[1140193]: INF 2026-08-06 13:05:56.834+00:00 Imported blocks                            blockNumber=2187265 slot=1 blocks=2187264 txs=9470807 mgas=352444 bps=4066 tps=37862 mgps=1353 avgBps=5566 avgTps=24102 avgMGps=897.0 elapsed=6m32s935ms
Aug 06 13:05:58 nimbus-eth1-mainnet-long-benchmark[1140193]: INF 2026-08-06 13:05:58.378+00:00 Imported blocks                            blockNumber=2195457 slot=1 blocks=2195456 txs=9530574 mgas=354119 bps=5302 tps=38688 mgps=1084 avgBps=5565 avgTps=24159 avgMGps=897.7 elapsed=6m34s480ms
Aug 06 13:06:00 nimbus-eth1-mainnet-long-benchmark[1140193]: INF 2026-08-06 13:06:00.198+00:00 Imported blocks                            blockNumber=2203649 slot=1 blocks=2203648 txs=9595945 mgas=356734 bps=4501 tps=35923 mgps=1436 avgBps=5560 avgTps=24213 avgMGps=900.2 elapsed=6m36s300ms
Aug 06 13:06:01 nimbus-eth1-mainnet-long-benchmark[1140193]: INF 2026-08-06 13:06:01.782+00:00 Imported blocks                            blockNumber=2211841 slot=1 blocks=2211840 txs=9658309 mgas=358774 bps=5174 tps=39393 mgps=1288 avgBps=5559 avgTps=24274 avgMGps=901.7 elapsed=6m37s883ms
Aug 06 13:06:03 nimbus-eth1-mainnet-long-benchmark[1140193]: INF 2026-08-06 13:06:03.398+00:00 Imported blocks                            blockNumber=2220033 slot=1 blocks=2220032 txs=9719278 mgas=360756 bps=5063 tps=37687 mgps=1225 avgBps=5557 avgTps=24328 avgMGps=903.0 elapsed=6m39s501ms
Aug 06 13:06:05 nimbus-eth1-mainnet-long-benchmark[1140193]: INF 2026-08-06 13:06:05.346+00:00 Imported blocks                            blockNumber=2228225 slot=1 blocks=2228224 txs=9805132 mgas=363570 bps=4208 tps=44102 mgps=1445 avgBps=5550 avgTps=24424 avgMGps=905.6 elapsed=6m41s448ms
Aug 06 13:06:06 nimbus-eth1-mainnet-long-benchmark[1140193]: INF 2026-08-06 13:06:06.798+00:00 Imported blocks                            blockNumber=2236417 slot=1 blocks=2236416 txs=9861065 mgas=365383 bps=5647 tps=38558 mgps=1250 avgBps=5550 avgTps=24475 avgMGps=906.9 elapsed=6m42s898ms
Aug 06 13:06:08 nimbus-eth1-mainnet-long-benchmark[1140193]: INF 2026-08-06 13:06:08.234+00:00 Imported blocks                            blockNumber=2244609 slot=1 blocks=2244608 txs=9918653 mgas=367114 bps=5694 tps=40033 mgps=1203 avgBps=5551 avgTps=24530 avgMGps=907.9 elapsed=6m44s337ms
Aug 06 13:06:09 nimbus-eth1-mainnet-long-benchmark[1140193]: INF 2026-08-06 13:06:09.845+00:00 Imported blocks                            blockNumber=2252801 slot=1 blocks=2252800 txs=9981973 mgas=369135 bps=5086 tps=39314 mgps=1255 avgBps=5549 avgTps=24589 avgMGps=909.3 elapsed=6m45s947ms
Aug 06 13:06:11 nimbus-eth1-mainnet-long-benchmark[1140193]: INF 2026-08-06 13:06:11.629+00:00 Imported blocks                            blockNumber=2260993 slot=1 blocks=2260992 txs=10047156 mgas=371248 bps=4588 tps=36513 mgps=1183 avgBps=5545 avgTps=24641 avgMGps=910.5 elapsed=6m47s732ms
Aug 06 13:06:13 nimbus-eth1-mainnet-long-benchmark[1140193]: INF 2026-08-06 13:06:13.389+00:00 Imported blocks                            blockNumber=2269185 slot=1 blocks=2269184 txs=10121679 mgas=373603 bps=4659 tps=42388 mgps=1339 avgBps=5541 avgTps=24717 avgMGps=912.4 elapsed=6m49s491ms
Aug 06 13:06:15 nimbus-eth1-mainnet-long-benchmark[1140193]: INF 2026-08-06 13:06:15.225+00:00 Imported blocks                            blockNumber=2277377 slot=1 blocks=2277376 txs=10193851 mgas=376318 bps=4457 tps=39269 mgps=1477 avgBps=5536 avgTps=24782 avgMGps=914.9 elapsed=6m51s328ms
Aug 06 13:06:17 nimbus-eth1-mainnet-long-benchmark[1140193]: INF 2026-08-06 13:06:17.913+00:00 Imported blocks                            blockNumber=2285569 slot=1 blocks=2285568 txs=10244050 mgas=378024 bps=3048 tps=18679 mgps=634.8 avgBps=5520 avgTps=24743 avgMGps=913.1 elapsed=6m54s16ms
Aug 06 13:06:24 nimbus-eth1-mainnet-long-benchmark[1140193]: INF 2026-08-06 13:06:24.021+00:00 Imported blocks                            blockNumber=2293761 slot=1 blocks=2293760 txs=10305892 mgas=379825 bps=1341 tps=10126 mgps=295.0 avgBps=5459 avgTps=24530 avgMGps=904.1 elapsed=7m122ms991us
Aug 06 13:06:25 nimbus-eth1-mainnet-long-benchmark[1140193]: INF 2026-08-06 13:06:25.813+00:00 Imported blocks                            blockNumber=2301953 slot=1 blocks=2301952 txs=10374531 mgas=381860 bps=4574 tps=38326 mgps=1136 avgBps=5455 avgTps=24589 avgMGps=905.1 elapsed=7m1s913ms
Aug 06 13:06:41 nimbus-eth1-mainnet-long-benchmark[1140193]: INF 2026-08-06 13:06:41.557+00:00 Imported blocks                            blockNumber=2310145 slot=1 blocks=2310144 txs=10441483 mgas=384776 bps=520.3 tps=4252 mgps=185.2 avgBps=5278 avgTps=23857 avgMGps=879.2 elapsed=7m17s658ms
Aug 06 13:06:53 nimbus-eth1-mainnet-long-benchmark[1140193]: INF 2026-08-06 13:06:53.217+00:00 Imported blocks                            blockNumber=2318337 slot=1 blocks=2318336 txs=10489758 mgas=386690 bps=702.4 tps=4139 mgps=164.1 avgBps=5159 avgTps=23345 avgMGps=860.6 elapsed=7m29s320ms
Aug 06 13:07:16 nimbus-eth1-mainnet-long-benchmark[1140193]: INF 2026-08-06 13:07:16.532+00:00 Imported blocks                            blockNumber=2326529 slot=1 blocks=2326528 txs=10546726 mgas=389701 bps=351.4 tps=2443 mgps=129.1 avgBps=4922 avgTps=22314 avgMGps=824.5 elapsed=7m52s633ms
Aug 06 13:08:00 nimbus-eth1-mainnet-long-benchmark[1140193]: INF 2026-08-06 13:08:00.700+00:00 Imported blocks                            blockNumber=2334721 slot=1 blocks=2334720 txs=10606978 mgas=393234 bps=185.5 tps=1364 mgps=79.99 avgBps=4517 avgTps=20524 avgMGps=760.9 elapsed=8m36s802ms
Aug 06 13:08:21 nimbus-eth1-mainnet-long-benchmark[1140193]: INF 2026-08-06 13:08:21.568+00:00 Imported blocks                            blockNumber=2342913 slot=1 blocks=2342912 txs=10666220 mgas=396127 bps=392.5 tps=2838 mgps=138.6 avgBps=4357 avgTps=19837 avgMGps=736.7 elapsed=8m57s673ms
Aug 06 13:08:25 nimbus-eth1-mainnet-long-benchmark[1140193]: INF 2026-08-06 13:08:25.819+00:00 Imported blocks                            blockNumber=2351105 slot=1 blocks=2351104 txs=10722740 mgas=398564 bps=1927 tps=13301 mgps=573.6 avgBps=4338 avgTps=19786 avgMGps=735.5 elapsed=9m1s922ms
Aug 06 13:08:34 nimbus-eth1-mainnet-long-benchmark[1140193]: INF 2026-08-06 13:08:34.975+00:00 Imported blocks                            blockNumber=2359297 slot=1 blocks=2359296 txs=10776670 mgas=401104 bps=894.6 tps=5889 mgps=277.4 avgBps=4281 avgTps=19555 avgMGps=727.9 elapsed=9m11s79ms
Aug 06 13:09:12 nimbus-eth1-mainnet-long-benchmark[1140193]: INF 2026-08-06 13:09:12.891+00:00 Imported blocks                            blockNumber=2367489 slot=1 blocks=2367488 txs=10849156 mgas=406541 bps=216.1 tps=1911 mgps=143.4 avgBps=4019 avgTps=18419 avgMGps=690.2 elapsed=9m48s993ms
Aug 06 13:09:47 nimbus-eth1-mainnet-long-benchmark[1140193]: INF 2026-08-06 13:09:47.678+00:00 Imported blocks                            blockNumber=2375681 slot=1 blocks=2375680 txs=10913507 mgas=410497 bps=235.5 tps=1849 mgps=113.7 avgBps=3808 avgTps=17495 avgMGps=658.1 elapsed=10m23s781ms
Aug 06 13:10:14 nimbus-eth1-mainnet-long-benchmark[1140193]: INF 2026-08-06 13:10:14.226+00:00 Imported blocks                            blockNumber=2383873 slot=1 blocks=2383872 txs=10985657 mgas=414672 bps=308.6 tps=2717 mgps=157.3 avgBps=3665 avgTps=16892 avgMGps=637.6 elapsed=10m50s328ms
Aug 06 13:11:03 nimbus-eth1-mainnet-long-benchmark[1140193]: INF 2026-08-06 13:11:03.813+00:00 Imported blocks                            blockNumber=2392065 slot=1 blocks=2392064 txs=11037968 mgas=418259 bps=165.2 tps=1054 mgps=72.34 avgBps=3417 avgTps=15770 avgMGps=597.6 elapsed=11m39s916ms
Aug 06 13:12:51 nimbus-eth1-mainnet-long-benchmark[1140193]: INF 2026-08-06 13:12:51.647+00:00 Imported blocks                            blockNumber=2400257 slot=1 blocks=2400256 txs=11098723 mgas=421639 bps=75.97 tps=563.4 mgps=31.35 avgBps=2971 avgTps=13740 avgMGps=522.0 elapsed=13m27s749ms
Aug 06 13:14:19 nimbus-eth1-mainnet-long-benchmark[1140193]: INF 2026-08-06 13:14:19.578+00:00 Imported blocks                            blockNumber=2408449 slot=1 blocks=2408448 txs=11153117 mgas=425129 bps=93.17 tps=618.6 mgps=39.69 avgBps=2688 avgTps=12452 avgMGps=474.6 elapsed=14m55s677ms
Aug 06 13:15:12 nimbus-eth1-mainnet-long-benchmark[1140193]: INF 2026-08-06 13:15:12.597+00:00 Imported blocks                            blockNumber=2416641 slot=1 blocks=2416640 txs=11212866 mgas=428700 bps=154.5 tps=1126 mgps=67.36 avgBps=2547 avgTps=11819 avgMGps=451.9 elapsed=15m48s699ms
Aug 06 13:16:25 nimbus-eth1-mainnet-long-benchmark[1140193]: INF 2026-08-06 13:16:25.488+00:00 Imported blocks                            blockNumber=2424833 slot=1 blocks=2424832 txs=11265767 mgas=430841 bps=112.4 tps=725.7 mgps=29.36 avgBps=2373 avgTps=11027 avgMGps=421.7 elapsed=17m1s593ms
Aug 06 13:17:56 nimbus-eth1-mainnet-long-benchmark[1140193]: INF 2026-08-06 13:17:56.519+00:00 Imported blocks                            blockNumber=2433025 slot=1 blocks=2433024 txs=11307750 mgas=432905 bps=89.99 tps=461.2 mgps=22.68 avgBps=2186 avgTps=10163 avgMGps=389.1 elapsed=18m32s624ms
Aug 06 13:18:32 nimbus-eth1-mainnet-long-benchmark[1140193]: INF 2026-08-06 13:18:32.594+00:00 Imported blocks                            blockNumber=2441217 slot=1 blocks=2441216 txs=11360239 mgas=434846 bps=227.1 tps=1455 mgps=53.80 avgBps=2125 avgTps=9889 avgMGps=378.6 elapsed=19m8s694ms
Aug 06 13:18:48 nimbus-eth1-mainnet-long-benchmark[1140193]: INF 2026-08-06 13:18:48.698+00:00 Imported blocks                            blockNumber=2449409 slot=1 blocks=2449408 txs=11407271 mgas=436263 bps=508.7 tps=2920 mgps=87.98 avgBps=2102 avgTps=9793 avgMGps=374.5 elapsed=19m24s798ms
Aug 06 13:19:10 nimbus-eth1-mainnet-long-benchmark[1140193]: INF 2026-08-06 13:19:10.330+00:00 Imported blocks                            blockNumber=2457601 slot=1 blocks=2457600 txs=11457392 mgas=437680 bps=378.7 tps=2316 mgps=65.50 avgBps=2071 avgTps=9657 avgMGps=368.9 elapsed=19m46s430ms
Aug 06 13:19:28 nimbus-eth1-mainnet-long-benchmark[1140193]: INF 2026-08-06 13:19:28.469+00:00 Imported blocks                            blockNumber=2465793 slot=1 blocks=2465792 txs=11521389 mgas=439739 bps=451.6 tps=3527 mgps=113.5 avgBps=2047 avgTps=9564 avgMGps=365.1 elapsed=20m4s572ms
Aug 06 13:20:18 nimbus-eth1-mainnet-long-benchmark[1140193]: INF 2026-08-06 13:20:18.749+00:00 Imported blocks                            blockNumber=2473985 slot=1 blocks=2473984 txs=11574002 mgas=445154 bps=162.9 tps=1046 mgps=107.7 avgBps=1971 avgTps=9223 avgMGps=354.7 elapsed=20m54s851ms
Aug 06 13:20:22 nimbus-eth1-mainnet-long-benchmark[1140193]: INF 2026-08-06 13:20:22.133+00:00 Imported blocks                            blockNumber=2482177 slot=1 blocks=2482176 txs=11651646 mgas=447355 bps=2420 tps=22942 mgps=650.3 avgBps=1972 avgTps=9260 avgMGps=355.5 elapsed=20m58s235ms
Aug 06 13:20:23 nimbus-eth1-mainnet-long-benchmark[1140193]: INF 2026-08-06 13:20:23.693+00:00 Imported blocks                            blockNumber=2490369 slot=1 blocks=2490368 txs=11699590 mgas=448737 bps=5249 tps=30724 mgps=885.4 avgBps=1976 avgTps=9286 avgMGps=356.2 elapsed=20m59s795ms
Aug 06 13:20:25 nimbus-eth1-mainnet-long-benchmark[1140193]: INF 2026-08-06 13:20:25.360+00:00 Imported blocks                            blockNumber=2498561 slot=1 blocks=2498560 txs=11757700 mgas=450442 bps=4910 tps=34830 mgps=1021 avgBps=1980 avgTps=9320 avgMGps=357.1 elapsed=21m1s464ms
Aug 06 13:20:27 nimbus-eth1-mainnet-long-benchmark[1140193]: INF 2026-08-06 13:20:27.360+00:00 Imported blocks                            blockNumber=2506753 slot=1 blocks=2506752 txs=11825797 mgas=452734 bps=4096 tps=34052 mgps=1146 avgBps=1984 avgTps=9359 avgMGps=358.3 elapsed=21m3s464ms
Aug 06 13:20:29 nimbus-eth1-mainnet-long-benchmark[1140193]: INF 2026-08-06 13:20:29.176+00:00 Imported blocks                            blockNumber=2514945 slot=1 blocks=2514944 txs=11885089 mgas=454533 bps=4508 tps=32629 mgps=989.8 avgBps=1987 avgTps=9393 avgMGps=359.2 elapsed=21m5s281ms
Aug 06 13:20:30 nimbus-eth1-mainnet-long-benchmark[1140193]: INF 2026-08-06 13:20:30.952+00:00 Imported blocks                            blockNumber=2523137 slot=1 blocks=2523136 txs=11944882 mgas=456318 bps=4614 tps=33680 mgps=1005 avgBps=1991 avgTps=9427 avgMGps=360.1 elapsed=21m7s56ms
Aug 06 13:20:32 nimbus-eth1-mainnet-long-benchmark[1140193]: INF 2026-08-06 13:20:32.688+00:00 Imported blocks                            blockNumber=2531329 slot=1 blocks=2531328 txs=12002575 mgas=457974 bps=4717 tps=33221 mgps=953.8 avgBps=1995 avgTps=9459 avgMGps=361.0 elapsed=21m8s793ms
Aug 06 13:20:34 nimbus-eth1-mainnet-long-benchmark[1140193]: INF 2026-08-06 13:20:34.280+00:00 Imported blocks                            blockNumber=2539521 slot=1 blocks=2539520 txs=12058269 mgas=459602 bps=5154 tps=35044 mgps=1024 avgBps=1999 avgTps=9491 avgMGps=361.8 elapsed=21m10s382ms
Aug 06 13:20:36 nimbus-eth1-mainnet-long-benchmark[1140193]: INF 2026-08-06 13:20:36.088+00:00 Imported blocks                            blockNumber=2547713 slot=1 blocks=2547712 txs=12121506 mgas=461509 bps=4530 tps=34974 mgps=1054 avgBps=2002 avgTps=9528 avgMGps=362.8 elapsed=21m12s190ms
Aug 06 13:20:37 nimbus-eth1-mainnet-long-benchmark[1140193]: INF 2026-08-06 13:20:37.860+00:00 Imported blocks                            blockNumber=2555905 slot=1 blocks=2555904 txs=12182901 mgas=463232 bps=4615 tps=34589 mgps=970.8 avgBps=2006 avgTps=9562 avgMGps=363.6 elapsed=21m13s965ms
Aug 06 13:20:39 nimbus-eth1-mainnet-long-benchmark[1140193]: INF 2026-08-06 13:20:39.700+00:00 Imported blocks                            blockNumber=2564097 slot=1 blocks=2564096 txs=12240204 mgas=464808 bps=4454 tps=31156 mgps=857.0 avgBps=2009 avgTps=9594 avgMGps=364.3 elapsed=21m15s804ms
Aug 06 13:20:41 nimbus-eth1-mainnet-long-benchmark[1140193]: INF 2026-08-06 13:20:41.044+00:00 Imported blocks                            blockNumber=2572289 slot=1 blocks=2572288 txs=12285103 mgas=466051 bps=6104 tps=33457 mgps=926.4 avgBps=2014 avgTps=9619 avgMGps=364.9 elapsed=21m17s146ms
Aug 06 13:20:42 nimbus-eth1-mainnet-long-benchmark[1140193]: INF 2026-08-06 13:20:42.484+00:00 Imported blocks                            blockNumber=2580481 slot=1 blocks=2580480 txs=12335840 mgas=467433 bps=5687 tps=35222 mgps=959.2 avgBps=2018 avgTps=9648 avgMGps=365.6 elapsed=21m18s586ms
Aug 06 13:20:44 nimbus-eth1-mainnet-long-benchmark[1140193]: INF 2026-08-06 13:20:44.084+00:00 Imported blocks                            blockNumber=2588673 slot=1 blocks=2588672 txs=12389837 mgas=468957 bps=5122 tps=33764 mgps=953.0 avgBps=2022 avgTps=9678 avgMGps=366.3 elapsed=21m20s186ms
Aug 06 13:20:45 nimbus-eth1-mainnet-long-benchmark[1140193]: INF 2026-08-06 13:20:45.980+00:00 Imported blocks                            blockNumber=2596865 slot=1 blocks=2596864 txs=12446592 mgas=470825 bps=4317 tps=29914 mgps=984.7 avgBps=2025 avgTps=9708 avgMGps=367.2 elapsed=21m22s83ms
Aug 06 13:20:47 nimbus-eth1-mainnet-long-benchmark[1140193]: INF 2026-08-06 13:20:47.664+00:00 Imported blocks                            blockNumber=2605057 slot=1 blocks=2605056 txs=12501171 mgas=472679 bps=4868 tps=32437 mgps=1101 avgBps=2029 avgTps=9737 avgMGps=368.2 elapsed=21m23s766ms
Aug 06 13:20:49 nimbus-eth1-mainnet-long-benchmark[1140193]: INF 2026-08-06 13:20:49.336+00:00 Imported blocks                            blockNumber=2613249 slot=1 blocks=2613248 txs=12559108 mgas=474428 bps=4889 tps=34582 mgps=1044 avgBps=2032 avgTps=9770 avgMGps=369.1 elapsed=21m25s441ms
Aug 06 13:20:51 nimbus-eth1-mainnet-long-benchmark[1140193]: INF 2026-08-06 13:20:51.004+00:00 Imported blocks                            blockNumber=2621441 slot=1 blocks=2621440 txs=12613938 mgas=476083 bps=4911 tps=32873 mgps=992.1 avgBps=2036 avgTps=9800 avgMGps=369.9 elapsed=21m27s109ms
Aug 06 13:20:52 nimbus-eth1-mainnet-long-benchmark[1140193]: INF 2026-08-06 13:20:52.740+00:00 Imported blocks                            blockNumber=2629633 slot=1 blocks=2629632 txs=12673625 mgas=478015 bps=4728 tps=34454 mgps=1115 avgBps=2040 avgTps=9833 avgMGps=370.9 elapsed=21m28s841ms
Aug 06 13:20:54 nimbus-eth1-mainnet-long-benchmark[1140193]: INF 2026-08-06 13:20:54.460+00:00 Imported blocks                            blockNumber=2637825 slot=1 blocks=2637824 txs=12731723 mgas=479847 bps=4756 tps=33735 mgps=1063 avgBps=2043 avgTps=9865 avgMGps=371.8 elapsed=21m30s563ms
Aug 06 13:20:56 nimbus-eth1-mainnet-long-benchmark[1140193]: INF 2026-08-06 13:20:56.160+00:00 Imported blocks                            blockNumber=2646017 slot=1 blocks=2646016 txs=12789300 mgas=481580 bps=4818 tps=33864 mgps=1018 avgBps=2047 avgTps=9896 avgMGps=372.7 elapsed=21m32s264ms
Aug 06 13:20:57 nimbus-eth1-mainnet-long-benchmark[1140193]: INF 2026-08-06 13:20:57.680+00:00 Imported blocks                            blockNumber=2654209 slot=1 blocks=2654208 txs=12845817 mgas=483271 bps=5392 tps=37201 mgps=1113 avgBps=2051 avgTps=9928 avgMGps=373.5 elapsed=21m33s783ms
Aug 06 13:20:59 nimbus-eth1-mainnet-long-benchmark[1140193]: INF 2026-08-06 13:20:59.432+00:00 Imported blocks                            blockNumber=2662401 slot=1 blocks=2662400 txs=12900725 mgas=484852 bps=4673 tps=31324 mgps=901.8 avgBps=2055 avgTps=9957 avgMGps=374.2 elapsed=21m35s536ms
Aug 06 13:21:01 nimbus-eth1-mainnet-long-benchmark[1140193]: INF 2026-08-06 13:21:01.016+00:00 Imported blocks                            blockNumber=2670593 slot=1 blocks=2670592 txs=12957314 mgas=486633 bps=5167 tps=35694 mgps=1123 avgBps=2058 avgTps=9989 avgMGps=375.2 elapsed=21m37s121ms
Aug 06 13:21:15 nimbus-eth1-mainnet-long-benchmark[1140193]: INF 2026-08-06 13:21:15.144+00:00 Imported blocks                            blockNumber=2678785 slot=1 blocks=2678784 txs=13042809 mgas=489231 bps=580.0 tps=6052 mgps=183.9 avgBps=2042 avgTps=9946 avgMGps=373.1 elapsed=21m51s246ms
Aug 06 13:22:26 nimbus-eth1-mainnet-long-benchmark[1140193]: INF 2026-08-06 13:22:26.719+00:00 Imported blocks                            blockNumber=2686977 slot=1 blocks=2686976 txs=13102505 mgas=493206 bps=114.5 tps=834.0 mgps=55.53 avgBps=1943 avgTps=9475 avgMGps=356.7 elapsed=23m2s820ms
Aug 06 13:23:08 nimbus-eth1-mainnet-long-benchmark[1140193]: INF 2026-08-06 13:23:08.898+00:00 Imported blocks                            blockNumber=2695169 slot=1 blocks=2695168 txs=13174967 mgas=497320 bps=194.2 tps=1717 mgps=97.53 avgBps=1891 avgTps=9245 avgMGps=349.0 elapsed=23m44s999ms
Aug 06 13:24:14 nimbus-eth1-mainnet-long-benchmark[1140193]: INF 2026-08-06 13:24:14.057+00:00 Imported blocks                            blockNumber=2703361 slot=1 blocks=2703360 txs=13230693 mgas=502063 bps=125.7 tps=855.2 mgps=72.80 avgBps=1814 avgTps=8878 avgMGps=336.9 elapsed=24m50s157ms
Aug 06 13:25:40 nimbus-eth1-mainnet-long-benchmark[1140193]: INF 2026-08-06 13:25:40.200+00:00 Imported blocks                            blockNumber=2711553 slot=1 blocks=2711552 txs=13295947 mgas=508411 bps=95.10 tps=757.5 mgps=73.69 avgBps=1720 avgTps=8434 avgMGps=322.5 elapsed=26m16s302ms
Aug 06 13:26:30 nimbus-eth1-mainnet-long-benchmark[1140193]: INF 2026-08-06 13:26:30.615+00:00 Imported blocks                            blockNumber=2719745 slot=1 blocks=2719744 txs=13360374 mgas=513611 bps=162.5 tps=1277 mgps=103.1 avgBps=1671 avgTps=8213 avgMGps=315.7 elapsed=27m6s718ms
Aug 06 13:26:32 nimbus-eth1-mainnet-long-benchmark[1140193]: INF 2026-08-06 13:26:32.775+00:00 Imported blocks                            blockNumber=2727937 slot=1 blocks=2727936 txs=13411218 mgas=515296 bps=3793 tps=23543 mgps=780.1 avgBps=1674 avgTps=8233 avgMGps=316.4 elapsed=27m8s878ms
Aug 06 13:26:34 nimbus-eth1-mainnet-long-benchmark[1140193]: INF 2026-08-06 13:26:34.343+00:00 Imported blocks                            blockNumber=2736129 slot=1 blocks=2736128 txs=13465915 mgas=516948 bps=5226 tps=34898 mgps=1054 avgBps=1678 avgTps=8259 avgMGps=317.1 elapsed=27m10s445ms
Aug 06 13:26:35 nimbus-eth1-mainnet-long-benchmark[1140193]: INF 2026-08-06 13:26:35.839+00:00 Imported blocks                            blockNumber=2744321 slot=1 blocks=2744320 txs=13518966 mgas=518696 bps=5483 tps=35508 mgps=1170 avgBps=1681 avgTps=8283 avgMGps=317.8 elapsed=27m11s939ms
Aug 06 13:26:37 nimbus-eth1-mainnet-long-benchmark[1140193]: INF 2026-08-06 13:26:37.499+00:00 Imported blocks                            blockNumber=2752513 slot=1 blocks=2752512 txs=13574305 mgas=520675 bps=4934 tps=33330 mgps=1192 avgBps=1684 avgTps=8309 avgMGps=318.7 elapsed=27m13s600ms
Aug 06 13:26:39 nimbus-eth1-mainnet-long-benchmark[1140193]: INF 2026-08-06 13:26:39.195+00:00 Imported blocks                            blockNumber=2760705 slot=1 blocks=2760704 txs=13639152 mgas=522739 bps=4831 tps=38247 mgps=1217 avgBps=1688 avgTps=8340 avgMGps=319.7 elapsed=27m15s295ms
Aug 06 13:26:40 nimbus-eth1-mainnet-long-benchmark[1140193]: INF 2026-08-06 13:26:40.851+00:00 Imported blocks                            blockNumber=2768897 slot=1 blocks=2768896 txs=13694429 mgas=524543 bps=4942 tps=33352 mgps=1088 avgBps=1691 avgTps=8365 avgMGps=320.4 elapsed=27m16s952ms
Aug 06 13:26:42 nimbus-eth1-mainnet-long-benchmark[1140193]: INF 2026-08-06 13:26:42.475+00:00 Imported blocks                            blockNumber=2777089 slot=1 blocks=2777088 txs=13750452 mgas=526320 bps=5048 tps=34525 mgps=1094 avgBps=1694 avgTps=8391 avgMGps=321.2 elapsed=27m18s575ms
Aug 06 13:26:44 nimbus-eth1-mainnet-long-benchmark[1140193]: INF 2026-08-06 13:26:44.047+00:00 Imported blocks                            blockNumber=2785281 slot=1 blocks=2785280 txs=13803443 mgas=528046 bps=5205 tps=33675 mgps=1097 avgBps=1698 avgTps=8415 avgMGps=322.0 elapsed=27m20s149ms
Aug 06 13:26:45 nimbus-eth1-mainnet-long-benchmark[1140193]: INF 2026-08-06 13:26:45.611+00:00 Imported blocks                            blockNumber=2793473 slot=1 blocks=2793472 txs=13856067 mgas=530259 bps=5237 tps=33647 mgps=1415 avgBps=1701 avgTps=8440 avgMGps=323.0 elapsed=27m21s713ms
Aug 06 13:26:47 nimbus-eth1-mainnet-long-benchmark[1140193]: INF 2026-08-06 13:26:47.319+00:00 Imported blocks                            blockNumber=2801665 slot=1 blocks=2801664 txs=13911305 mgas=532070 bps=4805 tps=32403 mgps=1062 avgBps=1704 avgTps=8464 avgMGps=323.8 elapsed=27m23s417ms
Aug 06 13:26:49 nimbus-eth1-mainnet-long-benchmark[1140193]: INF 2026-08-06 13:26:49.227+00:00 Imported blocks                            blockNumber=2809857 slot=1 blocks=2809856 txs=13975285 mgas=534426 bps=4288 tps=33493 mgps=1233 avgBps=1707 avgTps=8493 avgMGps=324.8 elapsed=27m25s328ms
Aug 06 13:26:51 nimbus-eth1-mainnet-long-benchmark[1140193]: INF 2026-08-06 13:26:51.175+00:00 Imported blocks                            blockNumber=2818049 slot=1 blocks=2818048 txs=14041028 mgas=536875 bps=4202 tps=33724 mgps=1256 avgBps=1710 avgTps=8523 avgMGps=325.9 elapsed=27m27s277ms
Aug 06 13:26:52 nimbus-eth1-mainnet-long-benchmark[1140193]: INF 2026-08-06 13:26:52.747+00:00 Imported blocks                            blockNumber=2826241 slot=1 blocks=2826240 txs=14095999 mgas=538756 bps=5213 tps=34983 mgps=1197 avgBps=1714 avgTps=8548 avgMGps=326.7 elapsed=27m28s848ms
Aug 06 13:26:54 nimbus-eth1-mainnet-long-benchmark[1140193]: INF 2026-08-06 13:26:54.523+00:00 Imported blocks                            blockNumber=2834433 slot=1 blocks=2834432 txs=14145661 mgas=540710 bps=4620 tps=28007 mgps=1101 avgBps=1717 avgTps=8569 avgMGps=327.6 elapsed=27m30s622ms
Aug 06 13:26:56 nimbus-eth1-mainnet-long-benchmark[1140193]: INF 2026-08-06 13:26:56.195+00:00 Imported blocks                            blockNumber=2842625 slot=1 blocks=2842624 txs=14204053 mgas=542748 bps=4898 tps=34915 mgps=1218 avgBps=1720 avgTps=8596 avgMGps=328.5 elapsed=27m32s294ms
Aug 06 13:26:57 nimbus-eth1-mainnet-long-benchmark[1140193]: INF 2026-08-06 13:26:57.994+00:00 Imported blocks                            blockNumber=2850817 slot=1 blocks=2850816 txs=14268238 mgas=544974 bps=4551 tps=35661 mgps=1236 avgBps=1723 avgTps=8626 avgMGps=329.5 elapsed=27m34s94ms
Aug 06 13:27:00 nimbus-eth1-mainnet-long-benchmark[1140193]: INF 2026-08-06 13:27:00.018+00:00 Imported blocks                            blockNumber=2859009 slot=1 blocks=2859008 txs=14344728 mgas=547460 bps=4043 tps=37756 mgps=1227 avgBps=1726 avgTps=8661 avgMGps=330.6 elapsed=27m36s120ms
Aug 06 13:27:01 nimbus-eth1-mainnet-long-benchmark[1140193]: INF 2026-08-06 13:27:01.602+00:00 Imported blocks                            blockNumber=2867201 slot=1 blocks=2867200 txs=14400411 mgas=549221 bps=5172 tps=35158 mgps=1111 avgBps=1729 avgTps=8686 avgMGps=331.3 elapsed=27m37s703ms
Aug 06 13:27:03 nimbus-eth1-mainnet-long-benchmark[1140193]: INF 2026-08-06 13:27:03.006+00:00 Imported blocks                            blockNumber=2875393 slot=1 blocks=2875392 txs=14451086 mgas=550674 bps=5843 tps=36148 mgps=1036 avgBps=1733 avgTps=8710 avgMGps=331.9 elapsed=27m39s105ms
Aug 06 13:27:04 nimbus-eth1-mainnet-long-benchmark[1140193]: INF 2026-08-06 13:27:04.478+00:00 Imported blocks                            blockNumber=2883585 slot=1 blocks=2883584 txs=14501243 mgas=552196 bps=5551 tps=33990 mgps=1031 avgBps=1736 avgTps=8732 avgMGps=332.5 elapsed=27m40s581ms
Aug 06 13:27:06 nimbus-eth1-mainnet-long-benchmark[1140193]: INF 2026-08-06 13:27:06.050+00:00 Imported blocks                            blockNumber=2891777 slot=1 blocks=2891776 txs=14559468 mgas=554056 bps=5221 tps=37108 mgps=1185 avgBps=1739 avgTps=8759 avgMGps=333.3 elapsed=27m42s150ms
Aug 06 13:27:07 nimbus-eth1-mainnet-long-benchmark[1140193]: INF 2026-08-06 13:27:07.742+00:00 Imported blocks                            blockNumber=2899969 slot=1 blocks=2899968 txs=14619612 mgas=556140 bps=4842 tps=35552 mgps=1231 avgBps=1742 avgTps=8786 avgMGps=334.3 elapsed=27m43s842ms
Aug 06 13:27:09 nimbus-eth1-mainnet-long-benchmark[1140193]: INF 2026-08-06 13:27:09.458+00:00 Imported blocks                            blockNumber=2908161 slot=1 blocks=2908160 txs=14680600 mgas=558227 bps=4770 tps=35514 mgps=1215 avgBps=1746 avgTps=8814 avgMGps=335.2 elapsed=27m45s559ms
Aug 06 13:27:10 nimbus-eth1-mainnet-long-benchmark[1140193]: INF 2026-08-06 13:27:10.966+00:00 Imported blocks                            blockNumber=2916353 slot=1 blocks=2916352 txs=14734902 mgas=559941 bps=5436 tps=36039 mgps=1138 avgBps=1749 avgTps=8838 avgMGps=335.9 elapsed=27m47s66ms
Aug 06 13:27:12 nimbus-eth1-mainnet-long-benchmark[1140193]: INF 2026-08-06 13:27:12.478+00:00 Imported blocks                            blockNumber=2924545 slot=1 blocks=2924544 txs=14785597 mgas=561526 bps=5416 tps=33516 mgps=1047 avgBps=1752 avgTps=8861 avgMGps=336.5 elapsed=27m48s578ms
Aug 06 13:27:14 nimbus-eth1-mainnet-long-benchmark[1140193]: INF 2026-08-06 13:27:14.442+00:00 Imported blocks                            blockNumber=2932737 slot=1 blocks=2932736 txs=14848623 mgas=563831 bps=4171 tps=32097 mgps=1173 avgBps=1755 avgTps=8888 avgMGps=337.5 elapsed=27m50s542ms
Aug 06 13:27:16 nimbus-eth1-mainnet-long-benchmark[1140193]: INF 2026-08-06 13:27:16.286+00:00 Imported blocks                            blockNumber=2940929 slot=1 blocks=2940928 txs=14916103 mgas=566036 bps=4440 tps=36580 mgps=1195 avgBps=1758 avgTps=8919 avgMGps=338.5 elapsed=27m52s386ms
Aug 06 13:27:18 nimbus-eth1-mainnet-long-benchmark[1140193]: INF 2026-08-06 13:27:18.046+00:00 Imported blocks                            blockNumber=2949121 slot=1 blocks=2949120 txs=14977936 mgas=568008 bps=4650 tps=35104 mgps=1119 avgBps=1761 avgTps=8946 avgMGps=339.3 elapsed=27m54s148ms
Aug 06 13:27:19 nimbus-eth1-mainnet-long-benchmark[1140193]: INF 2026-08-06 13:27:19.702+00:00 Imported blocks                            blockNumber=2957313 slot=1 blocks=2957312 txs=15036441 mgas=569938 bps=4946 tps=35324 mgps=1165 avgBps=1764 avgTps=8972 avgMGps=340.1 elapsed=27m55s804ms
Aug 06 13:27:21 nimbus-eth1-mainnet-long-benchmark[1140193]: INF 2026-08-06 13:27:21.434+00:00 Imported blocks                            blockNumber=2965505 slot=1 blocks=2965504 txs=15096140 mgas=571876 bps=4737 tps=34521 mgps=1120 avgBps=1767 avgTps=8999 avgMGps=340.9 elapsed=27m57s533ms
Aug 06 13:27:23 nimbus-eth1-mainnet-long-benchmark[1140193]: INF 2026-08-06 13:27:23.206+00:00 Imported blocks                            blockNumber=2973697 slot=1 blocks=2973696 txs=15159231 mgas=574120 bps=4621 tps=35589 mgps=1266 avgBps=1770 avgTps=9027 avgMGps=341.9 elapsed=27m59s306ms
Aug 06 13:27:24 nimbus-eth1-mainnet-long-benchmark[1140193]: INF 2026-08-06 13:27:24.950+00:00 Imported blocks                            blockNumber=2981889 slot=1 blocks=2981888 txs=15224105 mgas=576257 bps=4693 tps=37172 mgps=1224 avgBps=1773 avgTps=9056 avgMGps=342.8 elapsed=28m1s51ms
Aug 06 13:27:26 nimbus-eth1-mainnet-long-benchmark[1140193]: INF 2026-08-06 13:27:26.730+00:00 Imported blocks                            blockNumber=2990081 slot=1 blocks=2990080 txs=15294843 mgas=578655 bps=4601 tps=39733 mgps=1346 avgBps=1776 avgTps=9088 avgMGps=343.9 elapsed=28m2s832ms
Aug 06 13:27:28 nimbus-eth1-mainnet-long-benchmark[1140193]: INF 2026-08-06 13:27:28.322+00:00 Imported blocks                            blockNumber=2998273 slot=1 blocks=2998272 txs=15353746 mgas=580508 bps=5143 tps=36982 mgps=1163 avgBps=1779 avgTps=9115 avgMGps=344.6 elapsed=28m4s424ms
Aug 06 13:27:29 nimbus-eth1-mainnet-long-benchmark[1140193]: INF 2026-08-06 13:27:29.862+00:00 Imported blocks                            blockNumber=3006465 slot=1 blocks=3006464 txs=15408119 mgas=582275 bps=5316 tps=35288 mgps=1146 avgBps=1783 avgTps=9139 avgMGps=345.4 elapsed=28m5s965ms
Aug 06 13:27:31 nimbus-eth1-mainnet-long-benchmark[1140193]: INF 2026-08-06 13:27:31.622+00:00 Imported blocks                            blockNumber=3014657 slot=1 blocks=3014656 txs=15473146 mgas=584569 bps=4656 tps=36959 mgps=1303 avgBps=1786 avgTps=9168 avgMGps=346.4 elapsed=28m7s725ms
Aug 06 13:27:33 nimbus-eth1-mainnet-long-benchmark[1140193]: INF 2026-08-06 13:27:33.346+00:00 Imported blocks                            blockNumber=3022849 slot=1 blocks=3022848 txs=15534068 mgas=586597 bps=4757 tps=35378 mgps=1177 avgBps=1789 avgTps=9194 avgMGps=347.2 elapsed=28m9s447ms
Aug 06 13:27:35 nimbus-eth1-mainnet-long-benchmark[1140193]: INF 2026-08-06 13:27:35.086+00:00 Imported blocks                            blockNumber=3031041 slot=1 blocks=3031040 txs=15592616 mgas=588557 bps=4706 tps=33634 mgps=1126 avgBps=1792 avgTps=9219 avgMGps=348.0 elapsed=28m11s187ms
Aug 06 13:27:36 nimbus-eth1-mainnet-long-benchmark[1140193]: INF 2026-08-06 13:27:36.826+00:00 Imported blocks                            blockNumber=3039233 slot=1 blocks=3039232 txs=15653931 mgas=590563 bps=4706 tps=35227 mgps=1152 avgBps=1795 avgTps=9246 avgMGps=348.8 elapsed=28m12s928ms
Aug 06 13:27:38 nimbus-eth1-mainnet-long-benchmark[1140193]: INF 2026-08-06 13:27:38.666+00:00 Imported blocks                            blockNumber=3047425 slot=1 blocks=3047424 txs=15716022 mgas=592712 bps=4453 tps=33754 mgps=1168 avgBps=1798 avgTps=9273 avgMGps=349.7 elapsed=28m14s767ms
Aug 06 13:27:40 nimbus-eth1-mainnet-long-benchmark[1140193]: INF 2026-08-06 13:27:40.578+00:00 Imported blocks                            blockNumber=3055617 slot=1 blocks=3055616 txs=15783949 mgas=595165 bps=4285 tps=35535 mgps=1283 avgBps=1800 avgTps=9302 avgMGps=350.8 elapsed=28m16s679ms
Aug 06 13:27:42 nimbus-eth1-mainnet-long-benchmark[1140193]: INF 2026-08-06 13:27:42.470+00:00 Imported blocks                            blockNumber=3063809 slot=1 blocks=3063808 txs=15845967 mgas=597457 bps=4325 tps=32743 mgps=1210 avgBps=1803 avgTps=9328 avgMGps=351.7 elapsed=28m18s573ms
Aug 06 13:27:44 nimbus-eth1-mainnet-long-benchmark[1140193]: INF 2026-08-06 13:27:44.438+00:00 Imported blocks                            blockNumber=3072001 slot=1 blocks=3072000 txs=15909253 mgas=599641 bps=4162 tps=32153 mgps=1109 avgBps=1806 avgTps=9355 avgMGps=352.6 elapsed=28m20s541ms
Aug 06 13:27:46 nimbus-eth1-mainnet-long-benchmark[1140193]: INF 2026-08-06 13:27:46.250+00:00 Imported blocks                            blockNumber=3080193 slot=1 blocks=3080192 txs=15974922 mgas=601859 bps=4525 tps=36277 mgps=1225 avgBps=1809 avgTps=9384 avgMGps=353.5 elapsed=28m22s351ms
Aug 06 13:27:47 nimbus-eth1-mainnet-long-benchmark[1140193]: INF 2026-08-06 13:27:47.966+00:00 Imported blocks                            blockNumber=3088385 slot=1 blocks=3088384 txs=16029796 mgas=603705 bps=4777 tps=32000 mgps=1076 avgBps=1812 avgTps=9406 avgMGps=354.3 elapsed=28m24s66ms
Aug 06 13:27:49 nimbus-eth1-mainnet-long-benchmark[1140193]: INF 2026-08-06 13:27:49.778+00:00 Imported blocks                            blockNumber=3096577 slot=1 blocks=3096576 txs=16093107 mgas=605803 bps=4522 tps=34950 mgps=1158 avgBps=1815 avgTps=9433 avgMGps=355.1 elapsed=28m25s877ms
Aug 06 13:27:51 nimbus-eth1-mainnet-long-benchmark[1140193]: INF 2026-08-06 13:27:51.518+00:00 Imported blocks                            blockNumber=3104769 slot=1 blocks=3104768 txs=16152869 mgas=607928 bps=4698 tps=34278 mgps=1218 avgBps=1818 avgTps=9459 avgMGps=356.0 elapsed=28m27s621ms
Aug 06 13:27:53 nimbus-eth1-mainnet-long-benchmark[1140193]: INF 2026-08-06 13:27:53.450+00:00 Imported blocks                            blockNumber=3112961 slot=1 blocks=3112960 txs=16211766 mgas=610106 bps=4248 tps=30543 mgps=1129 avgBps=1820 avgTps=9483 avgMGps=356.9 elapsed=28m29s549ms
Aug 06 13:27:55 nimbus-eth1-mainnet-long-benchmark[1140193]: INF 2026-08-06 13:27:55.146+00:00 Imported blocks                            blockNumber=3121153 slot=1 blocks=3121152 txs=16270234 mgas=612081 bps=4822 tps=34420 mgps=1162 avgBps=1823 avgTps=9507 avgMGps=357.7 elapsed=28m31s248ms
Aug 06 13:27:56 nimbus-eth1-mainnet-long-benchmark[1140193]: INF 2026-08-06 13:27:56.982+00:00 Imported blocks                            blockNumber=3129345 slot=1 blocks=3129344 txs=16333790 mgas=614147 bps=4464 tps=34640 mgps=1125 avgBps=1826 avgTps=9534 avgMGps=358.5 elapsed=28m33s83ms
Aug 06 13:27:58 nimbus-eth1-mainnet-long-benchmark[1140193]: INF 2026-08-06 13:27:58.838+00:00 Imported blocks                            blockNumber=3137537 slot=1 blocks=3137536 txs=16397918 mgas=616368 bps=4410 tps=34524 mgps=1195 avgBps=1829 avgTps=9561 avgMGps=359.4 elapsed=28m34s940ms
Aug 06 13:28:00 nimbus-eth1-mainnet-long-benchmark[1140193]: INF 2026-08-06 13:28:00.866+00:00 Imported blocks                            blockNumber=3145729 slot=1 blocks=3145728 txs=16468380 mgas=619034 bps=4044 tps=34789 mgps=1316 avgBps=1832 avgTps=9591 avgMGps=360.5 elapsed=28m36s965ms
Aug 06 13:28:02 nimbus-eth1-mainnet-long-benchmark[1140193]: INF 2026-08-06 13:28:02.853+00:00 Imported blocks                            blockNumber=3153921 slot=1 blocks=3153920 txs=16533186 mgas=621370 bps=4116 tps=32562 mgps=1174 avgBps=1834 avgTps=9618 avgMGps=361.5 elapsed=28m38s956ms
Aug 06 13:28:05 nimbus-eth1-mainnet-long-benchmark[1140193]: INF 2026-08-06 13:28:05.089+00:00 Imported blocks                            blockNumber=3162113 slot=1 blocks=3162112 txs=16603260 mgas=624101 bps=3663 tps=31336 mgps=1221 avgBps=1837 avgTps=9646 avgMGps=362.6 elapsed=28m41s192ms
Aug 06 13:28:06 nimbus-eth1-mainnet-long-benchmark[1140193]: INF 2026-08-06 13:28:06.961+00:00 Imported blocks                            blockNumber=3170305 slot=1 blocks=3170304 txs=16663680 mgas=626280 bps=4380 tps=32310 mgps=1165 avgBps=1839 avgTps=9670 avgMGps=363.5 elapsed=28m43s62ms
Aug 06 13:28:09 nimbus-eth1-mainnet-long-benchmark[1140193]: INF 2026-08-06 13:28:09.153+00:00 Imported blocks                            blockNumber=3178497 slot=1 blocks=3178496 txs=16736932 mgas=629390 bps=3732 tps=33373 mgps=1416 avgBps=1842 avgTps=9701 avgMGps=364.8 elapsed=28m45s257ms
Aug 06 13:28:11 nimbus-eth1-mainnet-long-benchmark[1140193]: INF 2026-08-06 13:28:11.333+00:00 Imported blocks                            blockNumber=3186689 slot=1 blocks=3186688 txs=16816013 mgas=632366 bps=3763 tps=36333 mgps=1367 avgBps=1844 avgTps=9734 avgMGps=366.1 elapsed=28m47s433ms
Aug 06 13:28:13 nimbus-eth1-mainnet-long-benchmark[1140193]: INF 2026-08-06 13:28:13.437+00:00 Imported blocks                            blockNumber=3194881 slot=1 blocks=3194880 txs=16887087 mgas=635171 bps=3890 tps=33750 mgps=1331 avgBps=1847 avgTps=9763 avgMGps=367.2 elapsed=28m49s539ms
Aug 06 13:28:15 nimbus-eth1-mainnet-long-benchmark[1140193]: INF 2026-08-06 13:28:15.329+00:00 Imported blocks                            blockNumber=3203073 slot=1 blocks=3203072 txs=16952065 mgas=637522 bps=4330 tps=34347 mgps=1242 avgBps=1849 avgTps=9790 avgMGps=368.2 elapsed=28m51s431ms
Aug 06 13:28:17 nimbus-eth1-mainnet-long-benchmark[1140193]: INF 2026-08-06 13:28:17.241+00:00 Imported blocks                            blockNumber=3211265 slot=1 blocks=3211264 txs=17020621 mgas=639987 bps=4280 tps=35823 mgps=1287 avgBps=1852 avgTps=9819 avgMGps=369.2 elapsed=28m53s345ms
Aug 06 13:28:19 nimbus-eth1-mainnet-long-benchmark[1140193]: INF 2026-08-06 13:28:19.137+00:00 Imported blocks                            blockNumber=3219457 slot=1 blocks=3219456 txs=17087466 mgas=642273 bps=4324 tps=35286 mgps=1206 avgBps=1855 avgTps=9847 avgMGps=370.1 elapsed=28m55s239ms
Aug 06 13:28:21 nimbus-eth1-mainnet-long-benchmark[1140193]: INF 2026-08-06 13:28:21.241+00:00 Imported blocks                            blockNumber=3227649 slot=1 blocks=3227648 txs=17163229 mgas=645386 bps=3893 tps=36004 mgps=1479 avgBps=1857 avgTps=9879 avgMGps=371.5 elapsed=28m57s343ms
Aug 06 13:28:23 nimbus-eth1-mainnet-long-benchmark[1140193]: INF 2026-08-06 13:28:23.361+00:00 Imported blocks                            blockNumber=3235841 slot=1 blocks=3235840 txs=17232917 mgas=648371 bps=3867 tps=32896 mgps=1408 avgBps=1860 avgTps=9907 avgMGps=372.7 elapsed=28m59s462ms
Aug 06 13:28:25 nimbus-eth1-mainnet-long-benchmark[1140193]: INF 2026-08-06 13:28:25.301+00:00 Imported blocks                            blockNumber=3244033 slot=1 blocks=3244032 txs=17301585 mgas=650660 bps=4223 tps=35400 mgps=1180 avgBps=1862 avgTps=9935 avgMGps=373.6 elapsed=29m1s401ms
Aug 06 13:28:27 nimbus-eth1-mainnet-long-benchmark[1140193]: INF 2026-08-06 13:28:27.441+00:00 Imported blocks                            blockNumber=3252225 slot=1 blocks=3252224 txs=17372755 mgas=653295 bps=3827 tps=33251 mgps=1231 avgBps=1865 avgTps=9964 avgMGps=374.7 elapsed=29m3s542ms
Aug 06 13:28:29 nimbus-eth1-mainnet-long-benchmark[1140193]: INF 2026-08-06 13:28:29.581+00:00 Imported blocks                            blockNumber=3260417 slot=1 blocks=3260416 txs=17443359 mgas=655777 bps=3826 tps=32976 mgps=1159 avgBps=1867 avgTps=9992 avgMGps=375.7 elapsed=29m5s683ms
Aug 06 13:28:31 nimbus-eth1-mainnet-long-benchmark[1140193]: INF 2026-08-06 13:28:31.817+00:00 Imported blocks                            blockNumber=3268609 slot=1 blocks=3268608 txs=17523233 mgas=658598 bps=3664 tps=35732 mgps=1262 avgBps=1870 avgTps=10025 avgMGps=376.8 elapsed=29m7s918ms
Aug 06 13:28:34 nimbus-eth1-mainnet-long-benchmark[1140193]: INF 2026-08-06 13:28:34.133+00:00 Imported blocks                            blockNumber=3276801 slot=1 blocks=3276800 txs=17605848 mgas=661537 bps=3537 tps=35674 mgps=1269 avgBps=1872 avgTps=10059 avgMGps=378.0 elapsed=29m10s234ms
Aug 06 13:28:36 nimbus-eth1-mainnet-long-benchmark[1140193]: INF 2026-08-06 13:28:36.541+00:00 Imported blocks                            blockNumber=3284993 slot=1 blocks=3284992 txs=17699312 mgas=664551 bps=3400 tps=38799 mgps=1251 avgBps=1874 avgTps=10098 avgMGps=379.2 elapsed=29m12s643ms
Aug 06 13:28:38 nimbus-eth1-mainnet-long-benchmark[1140193]: INF 2026-08-06 13:28:38.705+00:00 Imported blocks                            blockNumber=3293185 slot=1 blocks=3293184 txs=17780544 mgas=667179 bps=3782 tps=37503 mgps=1213 avgBps=1876 avgTps=10132 avgMGps=380.2 elapsed=29m14s809ms
Aug 06 13:28:40 nimbus-eth1-mainnet-long-benchmark[1140193]: INF 2026-08-06 13:28:40.717+00:00 Imported blocks                            blockNumber=3301377 slot=1 blocks=3301376 txs=17858324 mgas=669688 bps=4071 tps=38660 mgps=1246 avgBps=1879 avgTps=10165 avgMGps=381.2 elapsed=29m16s821ms
Aug 06 13:28:42 nimbus-eth1-mainnet-long-benchmark[1140193]: INF 2026-08-06 13:28:42.949+00:00 Imported blocks                            blockNumber=3309569 slot=1 blocks=3309568 txs=17943736 mgas=672450 bps=3673 tps=38303 mgps=1238 avgBps=1881 avgTps=10200 avgMGps=382.3 elapsed=29m19s51ms
Aug 06 13:28:44 nimbus-eth1-mainnet-long-benchmark[1140193]: INF 2026-08-06 13:28:44.893+00:00 Imported blocks                            blockNumber=3317761 slot=1 blocks=3317760 txs=18018685 mgas=674814 bps=4209 tps=38511 mgps=1215 avgBps=1884 avgTps=10232 avgMGps=383.2 elapsed=29m20s997ms
Aug 06 13:28:47 nimbus-eth1-mainnet-long-benchmark[1140193]: INF 2026-08-06 13:28:47.333+00:00 Imported blocks                            blockNumber=3325953 slot=1 blocks=3325952 txs=18108227 mgas=677822 bps=3361 tps=36744 mgps=1234 avgBps=1886 avgTps=10268 avgMGps=384.4 elapsed=29m23s434ms
Aug 06 13:28:49 nimbus-eth1-mainnet-long-benchmark[1140193]: INF 2026-08-06 13:28:49.621+00:00 Imported blocks                            blockNumber=3334145 slot=1 blocks=3334144 txs=18197609 mgas=680860 bps=3576 tps=39026 mgps=1326 avgBps=1888 avgTps=10306 avgMGps=385.6 elapsed=29m25s724ms
Aug 06 13:28:52 nimbus-eth1-mainnet-long-benchmark[1140193]: INF 2026-08-06 13:28:52.105+00:00 Imported blocks                            blockNumber=3342337 slot=1 blocks=3342336 txs=18288621 mgas=683771 bps=3297 tps=36634 mgps=1171 avgBps=1890 avgTps=10343 avgMGps=386.7 elapsed=29m28s208ms
Aug 06 13:28:55 nimbus-eth1-mainnet-long-benchmark[1140193]: INF 2026-08-06 13:28:55.169+00:00 Imported blocks                            blockNumber=3350529 slot=1 blocks=3350528 txs=18401578 mgas=688454 bps=2675 tps=36896 mgps=1529 avgBps=1891 avgTps=10388 avgMGps=388.7 elapsed=29m31s270ms
Aug 06 13:28:57 nimbus-eth1-mainnet-long-benchmark[1140193]: INF 2026-08-06 13:28:57.933+00:00 Imported blocks                            blockNumber=3358721 slot=1 blocks=3358720 txs=18510065 mgas=692279 bps=2962 tps=39226 mgps=1383 avgBps=1893 avgTps=10433 avgMGps=390.2 elapsed=29m34s35ms
Aug 06 13:29:01 nimbus-eth1-mainnet-long-benchmark[1140193]: INF 2026-08-06 13:29:01.249+00:00 Imported blocks                            blockNumber=3366913 slot=1 blocks=3366912 txs=18660313 mgas=697136 bps=2469 tps=45294 mgps=1464 avgBps=1894 avgTps=10498 avgMGps=392.2 elapsed=29m37s352ms
Aug 06 13:29:04 nimbus-eth1-mainnet-long-benchmark[1140193]: INF 2026-08-06 13:29:04.297+00:00 Imported blocks                            blockNumber=3375105 slot=1 blocks=3375104 txs=18789723 mgas=701165 bps=2687 tps=42453 mgps=1321 avgBps=1895 avgTps=10553 avgMGps=393.8 elapsed=29m40s401ms
Aug 06 13:29:07 nimbus-eth1-mainnet-long-benchmark[1140193]: INF 2026-08-06 13:29:07.033+00:00 Imported blocks                            blockNumber=3383297 slot=1 blocks=3383296 txs=18908682 mgas=704762 bps=2994 tps=43482 mgps=1314 avgBps=1897 avgTps=10604 avgMGps=395.2 elapsed=29m43s136ms
Aug 06 13:29:09 nimbus-eth1-mainnet-long-benchmark[1140193]: INF 2026-08-06 13:29:09.660+00:00 Imported blocks                            blockNumber=3391489 slot=1 blocks=3391488 txs=19021713 mgas=708381 bps=3117 tps=43012 mgps=1377 avgBps=1899 avgTps=10651 avgMGps=396.7 elapsed=29m45s764ms
Aug 06 13:29:12 nimbus-eth1-mainnet-long-benchmark[1140193]: INF 2026-08-06 13:29:12.296+00:00 Imported blocks                            blockNumber=3399681 slot=1 blocks=3399680 txs=19131415 mgas=711977 bps=3108 tps=41621 mgps=1364 avgBps=1900 avgTps=10697 avgMGps=398.1 elapsed=29m48s400ms
Aug 06 13:29:14 nimbus-eth1-mainnet-long-benchmark[1140193]: INF 2026-08-06 13:29:14.948+00:00 Imported blocks                            blockNumber=3407873 slot=1 blocks=3407872 txs=19243756 mgas=715685 bps=3091 tps=42396 mgps=1399 avgBps=1902 avgTps=10744 avgMGps=399.6 elapsed=29m51s50ms
Aug 06 13:29:17 nimbus-eth1-mainnet-long-benchmark[1140193]: INF 2026-08-06 13:29:17.652+00:00 Imported blocks                            blockNumber=3416065 slot=1 blocks=3416064 txs=19364845 mgas=719460 bps=3029 tps=44775 mgps=1395 avgBps=1904 avgTps=10795 avgMGps=401.1 elapsed=29m53s754ms
Aug 06 13:29:20 nimbus-eth1-mainnet-long-benchmark[1140193]: INF 2026-08-06 13:29:20.316+00:00 Imported blocks                            blockNumber=3424257 slot=1 blocks=3424256 txs=19476133 mgas=722974 bps=3072 tps=41745 mgps=1318 avgBps=1906 avgTps=10841 avgMGps=402.5 elapsed=29m56s420ms
Aug 06 13:29:23 nimbus-eth1-mainnet-long-benchmark[1140193]: INF 2026-08-06 13:29:23.428+00:00 Imported blocks                            blockNumber=3432449 slot=1 blocks=3432448 txs=19602685 mgas=727493 bps=2633 tps=40678 mgps=1452 avgBps=1907 avgTps=10893 avgMGps=404.3 elapsed=29m59s531ms
Aug 06 13:29:26 nimbus-eth1-mainnet-long-benchmark[1140193]: INF 2026-08-06 13:29:26.340+00:00 Imported blocks                            blockNumber=3440641 slot=1 blocks=3440640 txs=19719424 mgas=731341 bps=2811 tps=40061 mgps=1320 avgBps=1908 avgTps=10940 avgMGps=405.7 elapsed=30m2s445ms
Aug 06 13:29:29 nimbus-eth1-mainnet-long-benchmark[1140193]: INF 2026-08-06 13:29:29.536+00:00 Imported blocks                            blockNumber=3448833 slot=1 blocks=3448832 txs=19856929 mgas=735991 bps=2564 tps=43039 mgps=1455 avgBps=1910 avgTps=10997 avgMGps=407.6 elapsed=30m5s640ms
Aug 06 13:29:32 nimbus-eth1-mainnet-long-benchmark[1140193]: INF 2026-08-06 13:29:32.804+00:00 Imported blocks                            blockNumber=3457025 slot=1 blocks=3457024 txs=19989301 mgas=740346 bps=2508 tps=40536 mgps=1333 avgBps=1911 avgTps=11050 avgMGps=409.3 elapsed=30m8s905ms
Aug 06 13:29:35 nimbus-eth1-mainnet-long-benchmark[1140193]: INF 2026-08-06 13:29:35.708+00:00 Imported blocks                            blockNumber=3465217 slot=1 blocks=3465216 txs=20105739 mgas=744219 bps=2818 tps=40063 mgps=1332 avgBps=1912 avgTps=11097 avgMGps=410.8 elapsed=30m11s812ms
Aug 06 13:29:39 nimbus-eth1-mainnet-long-benchmark[1140193]: INF 2026-08-06 13:29:39.480+00:00 Imported blocks                            blockNumber=3473409 slot=1 blocks=3473408 txs=20244697 mgas=748824 bps=2172 tps=36843 mgps=1221 avgBps=1913 avgTps=11150 avgMGps=412.4 elapsed=30m15s583ms
Aug 06 13:29:42 nimbus-eth1-mainnet-long-benchmark[1140193]: INF 2026-08-06 13:29:42.448+00:00 Imported blocks                            blockNumber=3481601 slot=1 blocks=3481600 txs=20359934 mgas=752728 bps=2759 tps=38817 mgps=1315 avgBps=1914 avgTps=11195 avgMGps=413.9 elapsed=30m18s552ms
Aug 06 13:29:45 nimbus-eth1-mainnet-long-benchmark[1140193]: INF 2026-08-06 13:29:45.676+00:00 Imported blocks                            blockNumber=3489793 slot=1 blocks=3489792 txs=20489247 mgas=757133 bps=2537 tps=40059 mgps=1364 avgBps=1915 avgTps=11246 avgMGps=415.6 elapsed=30m21s780ms
Aug 06 13:29:48 nimbus-eth1-mainnet-long-benchmark[1140193]: INF 2026-08-06 13:29:48.684+00:00 Imported blocks                            blockNumber=3497985 slot=1 blocks=3497984 txs=20610573 mgas=761275 bps=2722 tps=40323 mgps=1376 avgBps=1916 avgTps=11294 avgMGps=417.2 elapsed=30m24s789ms
Aug 06 13:29:51 nimbus-eth1-mainnet-long-benchmark[1140193]: INF 2026-08-06 13:29:51.416+00:00 Imported blocks                            blockNumber=3506177 slot=1 blocks=3506176 txs=20712514 mgas=764733 bps=2999 tps=37322 mgps=1265 avgBps=1918 avgTps=11333 avgMGps=418.5 elapsed=30m27s520ms
Aug 06 13:29:54 nimbus-eth1-mainnet-long-benchmark[1140193]: INF 2026-08-06 13:29:54.292+00:00 Imported blocks                            blockNumber=3514369 slot=1 blocks=3514368 txs=20816987 mgas=768535 bps=2850 tps=36350 mgps=1322 avgBps=1920 avgTps=11372 avgMGps=419.9 elapsed=30m30s394ms
Aug 06 13:29:57 nimbus-eth1-mainnet-long-benchmark[1140193]: INF 2026-08-06 13:29:57.480+00:00 Imported blocks                            blockNumber=3522561 slot=1 blocks=3522560 txs=20927650 mgas=772428 bps=2570 tps=34723 mgps=1221 avgBps=1921 avgTps=11413 avgMGps=421.3 elapsed=30m33s581ms
Aug 06 13:30:00 nimbus-eth1-mainnet-long-benchmark[1140193]: INF 2026-08-06 13:30:00.544+00:00 Imported blocks                            blockNumber=3530753 slot=1 blocks=3530752 txs=21045786 mgas=776787 bps=2671 tps=38528 mgps=1421 avgBps=1922 avgTps=11458 avgMGps=422.9 elapsed=30m36s647ms
Aug 06 13:30:03 nimbus-eth1-mainnet-long-benchmark[1140193]: INF 2026-08-06 13:30:03.680+00:00 Imported blocks                            blockNumber=3538945 slot=1 blocks=3538944 txs=21162324 mgas=780744 bps=2611 tps=37152 mgps=1261 avgBps=1923 avgTps=11502 avgMGps=424.4 elapsed=30m39s784ms
Aug 06 13:30:06 nimbus-eth1-mainnet-long-benchmark[1140193]: INF 2026-08-06 13:30:06.516+00:00 Imported blocks                            blockNumber=3547137 slot=1 blocks=3547136 txs=21259923 mgas=784269 bps=2888 tps=34414 mgps=1242 avgBps=1925 avgTps=11537 avgMGps=425.6 elapsed=30m42s620ms
Aug 06 13:30:09 nimbus-eth1-mainnet-long-benchmark[1140193]: INF 2026-08-06 13:30:09.888+00:00 Imported blocks                            blockNumber=3555329 slot=1 blocks=3555328 txs=21365417 mgas=788221 bps=2430 tps=31299 mgps=1172 avgBps=1925 avgTps=11573 avgMGps=427.0 elapsed=30m45s991ms
Aug 06 13:30:13 nimbus-eth1-mainnet-long-benchmark[1140193]: INF 2026-08-06 13:30:13.311+00:00 Imported blocks                            blockNumber=3563521 slot=1 blocks=3563520 txs=21479194 mgas=792760 bps=2392 tps=33234 mgps=1325 avgBps=1926 avgTps=11614 avgMGps=428.7 elapsed=30m49s414ms
Aug 06 13:30:16 nimbus-eth1-mainnet-long-benchmark[1140193]: INF 2026-08-06 13:30:16.987+00:00 Imported blocks                            blockNumber=3571713 slot=1 blocks=3571712 txs=21601426 mgas=797692 bps=2226 tps=33223 mgps=1340 avgBps=1927 avgTps=11656 avgMGps=430.5 elapsed=30m53s93ms
Aug 06 13:30:20 nimbus-eth1-mainnet-long-benchmark[1140193]: INF 2026-08-06 13:30:20.231+00:00 Imported blocks                            blockNumber=3579905 slot=1 blocks=3579904 txs=21714943 mgas=803063 bps=2527 tps=35017 mgps=1656 avgBps=1928 avgTps=11697 avgMGps=432.6 elapsed=30m56s335ms
Aug 06 13:30:23 nimbus-eth1-mainnet-long-benchmark[1140193]: INF 2026-08-06 13:30:23.575+00:00 Imported blocks                            blockNumber=3588097 slot=1 blocks=3588096 txs=21818694 mgas=806982 bps=2449 tps=31017 mgps=1171 avgBps=1929 avgTps=11732 avgMGps=433.9 elapsed=30m59s680ms
Aug 06 13:30:26 nimbus-eth1-mainnet-long-benchmark[1140193]: INF 2026-08-06 13:30:26.931+00:00 Imported blocks                            blockNumber=3596289 slot=1 blocks=3596288 txs=21930951 mgas=811315 bps=2441 tps=33453 mgps=1291 avgBps=1930 avgTps=11771 avgMGps=435.5 elapsed=31m3s35ms
Aug 06 13:30:30 nimbus-eth1-mainnet-long-benchmark[1140193]: INF 2026-08-06 13:30:30.939+00:00 Imported blocks                            blockNumber=3604481 slot=1 blocks=3604480 txs=22067570 mgas=816605 bps=2044 tps=34099 mgps=1320 avgBps=1930 avgTps=11819 avgMGps=437.4 elapsed=31m7s42ms
Aug 06 13:30:34 nimbus-eth1-mainnet-long-benchmark[1140193]: INF 2026-08-06 13:30:34.631+00:00 Imported blocks                            blockNumber=3612673 slot=1 blocks=3612672 txs=22210728 mgas=821860 bps=2218 tps=38763 mgps=1423 avgBps=1931 avgTps=11872 avgMGps=439.3 elapsed=31m10s735ms
Aug 06 13:30:38 nimbus-eth1-mainnet-long-benchmark[1140193]: INF 2026-08-06 13:30:38.363+00:00 Imported blocks                            blockNumber=3620865 slot=1 blocks=3620864 txs=22356473 mgas=826729 bps=2194 tps=39046 mgps=1304 avgBps=1931 avgTps=11926 avgMGps=441.0 elapsed=31m14s467ms
Aug 06 13:30:42 nimbus-eth1-mainnet-long-benchmark[1140193]: INF 2026-08-06 13:30:42.027+00:00 Imported blocks                            blockNumber=3629057 slot=1 blocks=3629056 txs=22493035 mgas=831609 bps=2236 tps=37283 mgps=1332 avgBps=1932 avgTps=11976 avgMGps=442.8 elapsed=31m18s130ms
Aug 06 13:30:46 nimbus-eth1-mainnet-long-benchmark[1140193]: INF 2026-08-06 13:30:46.315+00:00 Imported blocks                            blockNumber=3637249 slot=1 blocks=3637248 txs=22653459 mgas=838015 bps=1909 tps=37402 mgps=1493 avgBps=1932 avgTps=12034 avgMGps=445.2 elapsed=31m22s419ms
Aug 06 13:30:50 nimbus-eth1-mainnet-long-benchmark[1140193]: INF 2026-08-06 13:30:50.311+00:00 Imported blocks                            blockNumber=3645441 slot=1 blocks=3645440 txs=22803895 mgas=843797 bps=2052 tps=37696 mgps=1448 avgBps=1932 avgTps=12088 avgMGps=447.3 elapsed=31m26s410ms
Aug 06 13:30:54 nimbus-eth1-mainnet-long-benchmark[1140193]: INF 2026-08-06 13:30:54.487+00:00 Imported blocks                            blockNumber=3653633 slot=1 blocks=3653632 txs=22971454 mgas=849617 bps=1959 tps=40071 mgps=1391 avgBps=1932 avgTps=12150 avgMGps=449.4 elapsed=31m30s592ms
Aug 06 13:30:58 nimbus-eth1-mainnet-long-benchmark[1140193]: INF 2026-08-06 13:30:58.211+00:00 Imported blocks                            blockNumber=3661825 slot=1 blocks=3661824 txs=23113579 mgas=854946 bps=2201 tps=38186 mgps=1431 avgBps=1933 avgTps=12201 avgMGps=451.3 elapsed=31m34s313ms
Aug 06 13:31:02 nimbus-eth1-mainnet-long-benchmark[1140193]: INF 2026-08-06 13:31:02.335+00:00 Imported blocks                            blockNumber=3670017 slot=1 blocks=3670016 txs=23265845 mgas=861247 bps=1987 tps=36946 mgps=1528 avgBps=1933 avgTps=12255 avgMGps=453.7 elapsed=31m38s435ms
Aug 06 13:31:06 nimbus-eth1-mainnet-long-benchmark[1140193]: INF 2026-08-06 13:31:06.587+00:00 Imported blocks                            blockNumber=3678209 slot=1 blocks=3678208 txs=23435342 mgas=867818 bps=1927 tps=39870 mgps=1545 avgBps=1933 avgTps=12316 avgMGps=456.1 elapsed=31m42s686ms
Aug 06 13:31:11 nimbus-eth1-mainnet-long-benchmark[1140193]: INF 2026-08-06 13:31:11.283+00:00 Imported blocks                            blockNumber=3686401 slot=1 blocks=3686400 txs=23591592 mgas=875166 bps=1743 tps=33262 mgps=1564 avgBps=1932 avgTps=12368 avgMGps=458.8 elapsed=31m47s383ms
Aug 06 13:31:15 nimbus-eth1-mainnet-long-benchmark[1140193]: INF 2026-08-06 13:31:15.795+00:00 Imported blocks                            blockNumber=3694593 slot=1 blocks=3694592 txs=23758936 mgas=882502 bps=1815 tps=37088 mgps=1625 avgBps=1932 avgTps=12426 avgMGps=461.6 elapsed=31m51s895ms
Aug 06 13:31:20 nimbus-eth1-mainnet-long-benchmark[1140193]: INF 2026-08-06 13:31:20.330+00:00 Imported blocks                            blockNumber=3702785 slot=1 blocks=3702784 txs=23906638 mgas=890038 bps=1806 tps=32576 mgps=1662 avgBps=1932 avgTps=12474 avgMGps=464.4 elapsed=31m56s429ms
Aug 06 13:31:25 nimbus-eth1-mainnet-long-benchmark[1140193]: INF 2026-08-06 13:31:25.198+00:00 Imported blocks                            blockNumber=3710977 slot=1 blocks=3710976 txs=24074925 mgas=898232 bps=1682 tps=34555 mgps=1682 avgBps=1931 avgTps=12530 avgMGps=467.5 elapsed=32m1s299ms
Aug 06 13:31:30 nimbus-eth1-mainnet-long-benchmark[1140193]: INF 2026-08-06 13:31:30.958+00:00 Imported blocks                            blockNumber=3719169 slot=1 blocks=3719168 txs=24251666 mgas=908116 bps=1422 tps=30685 mgps=1716 avgBps=1929 avgTps=12584 avgMGps=471.2 elapsed=32m7s59ms
Aug 06 13:31:37 nimbus-eth1-mainnet-long-benchmark[1140193]: INF 2026-08-06 13:31:37.370+00:00 Imported blocks                            blockNumber=3727361 slot=1 blocks=3727360 txs=24465747 mgas=919567 bps=1277 tps=33379 mgps=1785 avgBps=1927 avgTps=12653 avgMGps=475.6 elapsed=32m13s473ms
Aug 06 13:31:44 nimbus-eth1-mainnet-long-benchmark[1140193]: INF 2026-08-06 13:31:44.066+00:00 Imported blocks                            blockNumber=3735553 slot=1 blocks=3735552 txs=24695074 mgas=931763 bps=1223 tps=34252 mgps=1821 avgBps=1925 avgTps=12728 avgMGps=480.2 elapsed=32m20s168ms
Aug 06 13:31:50 nimbus-eth1-mainnet-long-benchmark[1140193]: INF 2026-08-06 13:31:50.030+00:00 Imported blocks                            blockNumber=3743745 slot=1 blocks=3743744 txs=24897017 mgas=942377 bps=1373 tps=33864 mgps=1779 avgBps=1923 avgTps=12793 avgMGps=484.2 elapsed=32m26s131ms
Aug 06 13:31:57 nimbus-eth1-mainnet-long-benchmark[1140193]: INF 2026-08-06 13:31:57.242+00:00 Imported blocks                            blockNumber=3751937 slot=1 blocks=3751936 txs=25157423 mgas=954976 bps=1136 tps=36113 mgps=1747 avgBps=1920 avgTps=12879 avgMGps=488.9 elapsed=32m33s342ms
Aug 06 13:32:05 nimbus-eth1-mainnet-long-benchmark[1140193]: INF 2026-08-06 13:32:05.154+00:00 Imported blocks                            blockNumber=3760129 slot=1 blocks=3760128 txs=25435951 mgas=970755 bps=1035 tps=35199 mgps=1994 avgBps=1917 avgTps=12969 avgMGps=495.0 elapsed=32m41s255ms
Aug 06 13:32:13 nimbus-eth1-mainnet-long-benchmark[1140193]: INF 2026-08-06 13:32:13.442+00:00 Imported blocks                            blockNumber=3768321 slot=1 blocks=3768320 txs=25714964 mgas=987106 bps=988.2 tps=33658 mgps=1972 avgBps=1913 avgTps=13056 avgMGps=501.2 elapsed=32m49s544ms
Aug 06 13:32:20 nimbus-eth1-mainnet-long-benchmark[1140193]: INF 2026-08-06 13:32:20.446+00:00 Imported blocks                            blockNumber=3776513 slot=1 blocks=3776512 txs=25959502 mgas=1000629 bps=1169 tps=34920 mgps=1931 avgBps=1910 avgTps=13133 avgMGps=506.3 elapsed=32m56s547ms
Aug 06 13:32:27 nimbus-eth1-mainnet-long-benchmark[1140193]: INF 2026-08-06 13:32:27.525+00:00 Imported blocks                            blockNumber=3784705 slot=1 blocks=3784704 txs=26184324 mgas=1013346 bps=1157 tps=31753 mgps=1796 avgBps=1907 avgTps=13200 avgMGps=510.9 elapsed=33m3s627ms
Aug 06 13:32:34 nimbus-eth1-mainnet-long-benchmark[1140193]: INF 2026-08-06 13:32:34.941+00:00 Imported blocks                            blockNumber=3792897 slot=1 blocks=3792896 txs=26433319 mgas=1026938 bps=1104 tps=33582 mgps=1833 avgBps=1904 avgTps=13276 avgMGps=515.8 elapsed=33m11s41ms
Aug 06 13:32:43 nimbus-eth1-mainnet-long-benchmark[1140193]: INF 2026-08-06 13:32:43.597+00:00 Imported blocks                            blockNumber=3801089 slot=1 blocks=3801088 txs=26747621 mgas=1046771 bps=946.3 tps=36305 mgps=2290 avgBps=1900 avgTps=13375 avgMGps=523.5 elapsed=33m19s698ms
Aug 06 13:32:55 nimbus-eth1-mainnet-long-benchmark[1140193]: INF 2026-08-06 13:32:55.965+00:00 Imported blocks                            blockNumber=3809281 slot=1 blocks=3809280 txs=27061297 mgas=1064751 bps=662.3 tps=25360 mgps=1453 avgBps=1893 avgTps=13449 avgMGps=529.2 elapsed=33m32s67ms
Aug 06 13:33:05 nimbus-eth1-mainnet-long-benchmark[1140193]: INF 2026-08-06 13:33:05.685+00:00 Imported blocks                            blockNumber=3817473 slot=1 blocks=3817472 txs=27341915 mgas=1081444 bps=842.9 tps=28875 mgps=1717 avgBps=1888 avgTps=13523 avgMGps=534.9 elapsed=33m41s785ms
Aug 06 13:33:14 nimbus-eth1-mainnet-long-benchmark[1140193]: INF 2026-08-06 13:33:14.745+00:00 Imported blocks                            blockNumber=3825665 slot=1 blocks=3825664 txs=27638029 mgas=1097397 bps=904.0 tps=32676 mgps=1760 avgBps=1883 avgTps=13609 avgMGps=540.4 elapsed=33m50s847ms
Aug 06 13:33:24 nimbus-eth1-mainnet-long-benchmark[1140193]: INF 2026-08-06 13:33:24.329+00:00 Imported blocks                            blockNumber=3833857 slot=1 blocks=3833856 txs=27955783 mgas=1114890 bps=854.6 tps=33148 mgps=1824 avgBps=1878 avgTps=13700 avgMGps=546.4 elapsed=34m433ms382us
Aug 06 13:33:34 nimbus-eth1-mainnet-long-benchmark[1140193]: INF 2026-08-06 13:33:34.200+00:00 Imported blocks                            blockNumber=3842049 slot=1 blocks=3842048 txs=28261640 mgas=1132042 bps=830.1 tps=30993 mgps=1738 avgBps=1873 avgTps=13784 avgMGps=552.1 elapsed=34m10s301ms
Aug 06 13:33:44 nimbus-eth1-mainnet-long-benchmark[1140193]: INF 2026-08-06 13:33:44.116+00:00 Imported blocks                            blockNumber=3850241 slot=1 blocks=3850240 txs=28586948 mgas=1148180 bps=826.1 tps=32803 mgps=1627 avgBps=1868 avgTps=13875 avgMGps=557.3 elapsed=34m20s218ms
Aug 06 13:33:54 nimbus-eth1-mainnet-long-benchmark[1140193]: INF 2026-08-06 13:33:54.708+00:00 Imported blocks                            blockNumber=3858433 slot=1 blocks=3858432 txs=28952806 mgas=1166696 bps=773.4 tps=34538 mgps=1747 avgBps=1863 avgTps=13981 avgMGps=563.4 elapsed=34m30s811ms
Aug 06 13:34:07 nimbus-eth1-mainnet-long-benchmark[1140193]: INF 2026-08-06 13:34:07.552+00:00 Imported blocks                            blockNumber=3866625 slot=1 blocks=3866624 txs=29403805 mgas=1188428 bps=637.7 tps=35109 mgps=1691 avgBps=1855 avgTps=14111 avgMGps=570.4 elapsed=34m43s656ms
Aug 06 13:34:19 nimbus-eth1-mainnet-long-benchmark[1140193]: INF 2026-08-06 13:34:19.168+00:00 Imported blocks                            blockNumber=3874817 slot=1 blocks=3874816 txs=29807677 mgas=1206857 bps=705.4 tps=34778 mgps=1586 avgBps=1849 avgTps=14226 avgMGps=576.0 elapsed=34m55s269ms
Aug 06 13:34:31 nimbus-eth1-mainnet-long-benchmark[1140193]: INF 2026-08-06 13:34:31.164+00:00 Imported blocks                            blockNumber=3883009 slot=1 blocks=3883008 txs=30207027 mgas=1225365 bps=682.8 tps=33284 mgps=1542 avgBps=1842 avgTps=14334 avgMGps=581.5 elapsed=35m7s267ms
Aug 06 13:34:42 nimbus-eth1-mainnet-long-benchmark[1140193]: INF 2026-08-06 13:34:42.331+00:00 Imported blocks                            blockNumber=3891201 slot=1 blocks=3891200 txs=30573169 mgas=1242981 bps=733.6 tps=32786 mgps=1577 avgBps=1836 avgTps=14431 avgMGps=586.7 elapsed=35m18s435ms
Aug 06 13:34:54 nimbus-eth1-mainnet-long-benchmark[1140193]: INF 2026-08-06 13:34:54.651+00:00 Imported blocks                            blockNumber=3899393 slot=1 blocks=3899392 txs=30974567 mgas=1263036 bps=665.0 tps=32582 mgps=1627 avgBps=1830 avgTps=14536 avgMGps=592.8 elapsed=35m30s754ms
Aug 06 13:35:07 nimbus-eth1-mainnet-long-benchmark[1140193]: INF 2026-08-06 13:35:07.675+00:00 Imported blocks                            blockNumber=3907585 slot=1 blocks=3907584 txs=31442086 mgas=1289672 bps=629.0 tps=35895 mgps=2045 avgBps=1822 avgTps=14666 avgMGps=601.6 elapsed=35m43s778ms
Aug 06 13:35:20 nimbus-eth1-mainnet-long-benchmark[1140193]: INF 2026-08-06 13:35:20.735+00:00 Imported blocks                            blockNumber=3915777 slot=1 blocks=3915776 txs=31890166 mgas=1317182 bps=627.3 tps=34309 mgps=2106 avgBps=1815 avgTps=14785 avgMGps=610.7 elapsed=35m56s838ms
Aug 06 13:35:33 nimbus-eth1-mainnet-long-benchmark[1140193]: INF 2026-08-06 13:35:33.475+00:00 Imported blocks                            blockNumber=3923969 slot=1 blocks=3923968 txs=32335303 mgas=1339388 bps=643.2 tps=34952 mgps=1743 avgBps=1808 avgTps=14903 avgMGps=617.4 elapsed=36m9s574ms
Aug 06 13:35:45 nimbus-eth1-mainnet-long-benchmark[1140193]: INF 2026-08-06 13:35:45.842+00:00 Imported blocks                            blockNumber=3932161 slot=1 blocks=3932160 txs=32729247 mgas=1359581 bps=662.2 tps=31844 mgps=1632 avgBps=1802 avgTps=15000 avgMGps=623.1 elapsed=36m21s945ms
Aug 06 13:35:59 nimbus-eth1-mainnet-long-benchmark[1140193]: INF 2026-08-06 13:35:59.790+00:00 Imported blocks                            blockNumber=3940353 slot=1 blocks=3940352 txs=33203684 mgas=1380729 bps=587.4 tps=34020 mgps=1516 avgBps=1794 avgTps=15120 avgMGps=628.8 elapsed=36m35s891ms
Aug 06 13:36:15 nimbus-eth1-mainnet-long-benchmark[1140193]: INF 2026-08-06 13:36:15.630+00:00 Imported blocks                            blockNumber=3948545 slot=1 blocks=3948544 txs=33656420 mgas=1405567 bps=517.2 tps=28582 mgps=1568 avgBps=1785 avgTps=15217 avgMGps=635.5 elapsed=36m51s730ms
Aug 06 13:36:29 nimbus-eth1-mainnet-long-benchmark[1140193]: INF 2026-08-06 13:36:29.630+00:00 Imported blocks                            blockNumber=3956737 slot=1 blocks=3956736 txs=34065617 mgas=1427412 bps=585.1 tps=29227 mgps=1560 avgBps=1777 avgTps=15305 avgMGps=641.3 elapsed=37m5s731ms
Aug 06 13:36:43 nimbus-eth1-mainnet-long-benchmark[1140193]: INF 2026-08-06 13:36:43.730+00:00 Imported blocks                            blockNumber=3964929 slot=1 blocks=3964928 txs=34456817 mgas=1448293 bps=581.0 tps=27744 mgps=1480 avgBps=1770 avgTps=15383 avgMGps=646.6 elapsed=37m19s831ms
Aug 06 13:37:00 nimbus-eth1-mainnet-long-benchmark[1140193]: INF 2026-08-06 13:37:00.041+00:00 Imported blocks                            blockNumber=3973121 slot=1 blocks=3973120 txs=34937474 mgas=1473277 bps=502.3 tps=29469 mgps=1531 avgBps=1761 avgTps=15485 avgMGps=653.0 elapsed=37m36s141ms
Aug 06 13:37:16 nimbus-eth1-mainnet-long-benchmark[1140193]: INF 2026-08-06 13:37:16.137+00:00 Imported blocks                            blockNumber=3981313 slot=1 blocks=3981312 txs=35377310 mgas=1497710 bps=508.9 tps=27322 mgps=1517 avgBps=1752 avgTps=15569 avgMGps=659.1 elapsed=37m52s239ms
Aug 06 13:37:31 nimbus-eth1-mainnet-long-benchmark[1140193]: INF 2026-08-06 13:37:31.633+00:00 Imported blocks                            blockNumber=3989505 slot=1 blocks=3989504 txs=35833415 mgas=1519913 bps=528.6 tps=29433 mgps=1432 avgBps=1743 avgTps=15663 avgMGps=664.4 elapsed=38m7s735ms
Aug 06 13:37:45 nimbus-eth1-mainnet-long-benchmark[1140193]: INF 2026-08-06 13:37:45.097+00:00 Imported blocks                            blockNumber=3997697 slot=1 blocks=3997696 txs=36234956 mgas=1539698 bps=608.4 tps=29819 mgps=1469 avgBps=1737 avgTps=15746 avgMGps=669.1 elapsed=38m21s201ms
Aug 06 13:38:00 nimbus-eth1-mainnet-long-benchmark[1140193]: INF 2026-08-06 13:38:00.208+00:00 Imported blocks                            blockNumber=4005889 slot=1 blocks=4005888 txs=36703407 mgas=1561188 bps=542.1 tps=31001 mgps=1422 avgBps=1729 avgTps=15845 avgMGps=674.0 elapsed=38m36s312ms
Aug 06 13:38:18 nimbus-eth1-mainnet-long-benchmark[1140193]: INF 2026-08-06 13:38:18.288+00:00 Imported blocks                            blockNumber=4014081 slot=1 blocks=4014080 txs=37224496 mgas=1586802 bps=453.1 tps=28820 mgps=1416 avgBps=1719 avgTps=15946 avgMGps=679.7 elapsed=38m54s392ms
Aug 06 13:38:34 nimbus-eth1-mainnet-long-benchmark[1140193]: INF 2026-08-06 13:38:34.484+00:00 Imported blocks                            blockNumber=4022273 slot=1 blocks=4022272 txs=37690228 mgas=1612379 bps=505.8 tps=28755 mgps=1579 avgBps=1711 avgTps=16034 avgMGps=685.9 elapsed=39m10s588ms
Aug 06 13:38:49 nimbus-eth1-mainnet-long-benchmark[1140193]: INF 2026-08-06 13:38:49.284+00:00 Imported blocks                            blockNumber=4030465 slot=1 blocks=4030464 txs=38112873 mgas=1631451 bps=553.6 tps=28559 mgps=1288 avgBps=1703 avgTps=16112 avgMGps=689.7 elapsed=39m25s387ms
Aug 06 13:39:04 nimbus-eth1-mainnet-long-benchmark[1140193]: INF 2026-08-06 13:39:04.711+00:00 Imported blocks                            blockNumber=4038657 slot=1 blocks=4038656 txs=38565638 mgas=1653039 bps=531.0 tps=29346 mgps=1399 avgBps=1696 avgTps=16198 avgMGps=694.3 elapsed=39m40s815ms
Aug 06 13:39:21 nimbus-eth1-mainnet-long-benchmark[1140193]: INF 2026-08-06 13:39:20.999+00:00 Imported blocks                            blockNumber=4046849 slot=1 blocks=4046848 txs=39059974 mgas=1677245 bps=503.0 tps=30350 mgps=1486 avgBps=1688 avgTps=16294 avgMGps=699.7 elapsed=39m57s102ms
Aug 06 13:39:34 nimbus-eth1-mainnet-long-benchmark[1140193]: INF 2026-08-06 13:39:34.907+00:00 Imported blocks                            blockNumber=4055041 slot=1 blocks=4055040 txs=39487144 mgas=1696973 bps=588.9 tps=30709 mgps=1418 avgBps=1681 avgTps=16377 avgMGps=703.8 elapsed=40m11s12ms
Aug 06 13:39:48 nimbus-eth1-mainnet-long-benchmark[1140193]: INF 2026-08-06 13:39:48.343+00:00 Imported blocks                            blockNumber=4063233 slot=1 blocks=4063232 txs=39896376 mgas=1714917 bps=609.8 tps=30463 mgps=1335 avgBps=1675 avgTps=16455 avgMGps=707.3 elapsed=40m24s446ms
Aug 06 13:40:04 nimbus-eth1-mainnet-long-benchmark[1140193]: INF 2026-08-06 13:40:04.051+00:00 Imported blocks                            blockNumber=4071425 slot=1 blocks=4071424 txs=40351545 mgas=1737669 bps=521.6 tps=28979 mgps=1448 avgBps=1668 avgTps=16536 avgMGps=712.1 elapsed=40m40s152ms
Aug 06 13:40:17 nimbus-eth1-mainnet-long-benchmark[1140193]: INF 2026-08-06 13:40:17.706+00:00 Imported blocks                            blockNumber=4079617 slot=1 blocks=4079616 txs=40763097 mgas=1758062 bps=599.9 tps=30136 mgps=1493 avgBps=1662 avgTps=16612 avgMGps=716.5 elapsed=40m53s809ms
Aug 06 13:40:31 nimbus-eth1-mainnet-long-benchmark[1140193]: INF 2026-08-06 13:40:31.486+00:00 Imported blocks                            blockNumber=4087809 slot=1 blocks=4087808 txs=41165923 mgas=1777579 bps=594.5 tps=29231 mgps=1416 avgBps=1656 avgTps=16682 avgMGps=720.4 elapsed=41m7s589ms
Aug 06 13:40:43 nimbus-eth1-mainnet-long-benchmark[1140193]: INF 2026-08-06 13:40:43.666+00:00 Imported blocks                            blockNumber=4096001 slot=1 blocks=4096000 txs=41516434 mgas=1795887 bps=672.8 tps=28785 mgps=1503 avgBps=1651 avgTps=16742 avgMGps=724.2 elapsed=41m19s766ms
Aug 06 13:40:58 nimbus-eth1-mainnet-long-benchmark[1140193]: INF 2026-08-06 13:40:58.946+00:00 Imported blocks                            blockNumber=4104193 slot=1 blocks=4104192 txs=41958138 mgas=1819167 bps=536.1 tps=28906 mgps=1523 avgBps=1644 avgTps=16816 avgMGps=729.1 elapsed=41m35s46ms
Aug 06 13:41:16 nimbus-eth1-mainnet-long-benchmark[1140193]: INF 2026-08-06 13:41:16.069+00:00 Imported blocks                            blockNumber=4112385 slot=1 blocks=4112384 txs=42432539 mgas=1843744 bps=478.3 tps=27700 mgps=1435 avgBps=1636 avgTps=16890 avgMGps=733.9 elapsed=41m52s173ms
Aug 06 13:41:34 nimbus-eth1-mainnet-long-benchmark[1140193]: INF 2026-08-06 13:41:34.017+00:00 Imported blocks                            blockNumber=4120577 slot=1 blocks=4120576 txs=42944928 mgas=1869613 bps=456.5 tps=28552 mgps=1441 avgBps=1628 avgTps=16973 avgMGps=738.9 elapsed=42m10s118ms
Aug 06 13:41:52 nimbus-eth1-mainnet-long-benchmark[1140193]: INF 2026-08-06 13:41:52.581+00:00 Imported blocks                            blockNumber=4128769 slot=1 blocks=4128768 txs=43484550 mgas=1895091 bps=441.2 tps=29063 mgps=1372 avgBps=1619 avgTps=17061 avgMGps=743.6 elapsed=42m28s685ms
Aug 06 13:42:13 nimbus-eth1-mainnet-long-benchmark[1140193]: INF 2026-08-06 13:42:13.193+00:00 Imported blocks                            blockNumber=4136961 slot=1 blocks=4136960 txs=44096680 mgas=1925617 bps=397.5 tps=29700 mgps=1481 avgBps=1610 avgTps=17162 avgMGps=749.5 elapsed=42m49s295ms
Aug 06 13:42:35 nimbus-eth1-mainnet-long-benchmark[1140193]: INF 2026-08-06 13:42:35.044+00:00 Imported blocks                            blockNumber=4145153 slot=1 blocks=4145152 txs=44766508 mgas=1956933 bps=374.9 tps=30653 mgps=1433 avgBps=1599 avgTps=17276 avgMGps=755.2 elapsed=43m11s146ms
Aug 06 13:42:56 nimbus-eth1-mainnet-long-benchmark[1140193]: INF 2026-08-06 13:42:56.988+00:00 Imported blocks                            blockNumber=4153345 slot=1 blocks=4153344 txs=45433684 mgas=1989715 bps=373.3 tps=30401 mgps=1493 avgBps=1589 avgTps=17386 avgMGps=761.4 elapsed=43m33s92ms
Aug 06 13:43:23 nimbus-eth1-mainnet-long-benchmark[1140193]: INF 2026-08-06 13:43:23.312+00:00 Imported blocks                            blockNumber=4161537 slot=1 blocks=4161536 txs=46235734 mgas=2029346 bps=311.2 tps=30469 mgps=1505 avgBps=1576 avgTps=17517 avgMGps=768.9 elapsed=43m59s415ms
Aug 06 13:43:53 nimbus-eth1-mainnet-long-benchmark[1140193]: INF 2026-08-06 13:43:53.715+00:00 Imported blocks                            blockNumber=4169729 slot=1 blocks=4169728 txs=47067916 mgas=2075037 bps=269.4 tps=27369 mgps=1502 avgBps=1561 avgTps=17629 avgMGps=777.2 elapsed=44m29s821ms
Aug 06 13:44:20 nimbus-eth1-mainnet-long-benchmark[1140193]: INF 2026-08-06 13:44:20.383+00:00 Imported blocks                            blockNumber=4177921 slot=1 blocks=4177920 txs=47890851 mgas=2115824 bps=307.3 tps=30865 mgps=1529 avgBps=1549 avgTps=17760 avgMGps=784.7 elapsed=44m56s483ms
Aug 06 13:44:43 nimbus-eth1-mainnet-long-benchmark[1140193]: INF 2026-08-06 13:44:43.810+00:00 Imported blocks                            blockNumber=4186113 slot=1 blocks=4186112 txs=48568788 mgas=2149756 bps=349.7 tps=28935 mgps=1448 avgBps=1539 avgTps=17856 avgMGps=790.4 elapsed=45m19s912ms
Aug 06 13:45:07 nimbus-eth1-mainnet-long-benchmark[1140193]: INF 2026-08-06 13:45:07.286+00:00 Imported blocks                            blockNumber=4194305 slot=1 blocks=4194304 txs=49304917 mgas=2183364 bps=348.9 tps=31356 mgps=1431 avgBps=1528 avgTps=17972 avgMGps=795.9 elapsed=45m43s388ms
Aug 06 13:45:30 nimbus-eth1-mainnet-long-benchmark[1140193]: INF 2026-08-06 13:45:30.254+00:00 Imported blocks                            blockNumber=4202497 slot=1 blocks=4202496 txs=50038500 mgas=2214978 bps=356.7 tps=31942 mgps=1376 avgBps=1519 avgTps=18088 avgMGps=800.7 elapsed=46m6s354ms
Aug 06 13:45:54 nimbus-eth1-mainnet-long-benchmark[1140193]: INF 2026-08-06 13:45:54.081+00:00 Imported blocks                            blockNumber=4210689 slot=1 blocks=4210688 txs=50775096 mgas=2248304 bps=343.8 tps=30909 mgps=1398 avgBps=1509 avgTps=18197 avgMGps=805.8 elapsed=46m30s184ms
Aug 06 13:46:22 nimbus-eth1-mainnet-long-benchmark[1140193]: INF 2026-08-06 13:46:22.145+00:00 Imported blocks                            blockNumber=4218881 slot=1 blocks=4218880 txs=51660375 mgas=2290988 bps=291.9 tps=31544 mgps=1520 avgBps=1496 avgTps=18330 avgMGps=812.9 elapsed=46m58s249ms
Aug 06 13:46:51 nimbus-eth1-mainnet-long-benchmark[1140193]: INF 2026-08-06 13:46:51.264+00:00 Imported blocks                            blockNumber=4227073 slot=1 blocks=4227072 txs=52569880 mgas=2335077 bps=281.3 tps=31235 mgps=1514 avgBps=1484 avgTps=18462 avgMGps=820.1 elapsed=47m27s366ms
Aug 06 13:47:17 nimbus-eth1-mainnet-long-benchmark[1140193]: INF 2026-08-06 13:47:17.220+00:00 Imported blocks                            blockNumber=4235265 slot=1 blocks=4235264 txs=53342454 mgas=2371456 bps=315.6 tps=29763 mgps=1401 avgBps=1473 avgTps=18564 avgMGps=825.3 elapsed=47m53s323ms
Aug 06 13:47:48 nimbus-eth1-mainnet-long-benchmark[1140193]: INF 2026-08-06 13:47:48.943+00:00 Imported blocks                            blockNumber=4243457 slot=1 blocks=4243456 txs=54364382 mgas=2416427 bps=258.2 tps=32211 mgps=1417 avgBps=1460 avgTps=18713 avgMGps=831.8 elapsed=48m25s49ms
Aug 06 13:48:23 nimbus-eth1-mainnet-long-benchmark[1140193]: INF 2026-08-06 13:48:23.271+00:00 Imported blocks                            blockNumber=4251649 slot=1 blocks=4251648 txs=55445621 mgas=2466611 bps=238.7 tps=31499 mgps=1462 avgBps=1446 avgTps=18863 avgMGps=839.2 elapsed=48m59s374ms
Aug 06 13:48:53 nimbus-eth1-mainnet-long-benchmark[1140193]: INF 2026-08-06 13:48:53.567+00:00 Imported blocks                            blockNumber=4259841 slot=1 blocks=4259840 txs=56325899 mgas=2508162 bps=270.4 tps=29057 mgps=1371 avgBps=1434 avgTps=18967 avgMGps=844.6 elapsed=49m29s669ms
Aug 06 13:49:23 nimbus-eth1-mainnet-long-benchmark[1140193]: INF 2026-08-06 13:49:23.798+00:00 Imported blocks                            blockNumber=4268033 slot=1 blocks=4268032 txs=57190313 mgas=2549215 bps=271.0 tps=28596 mgps=1358 avgBps=1422 avgTps=19064 avgMGps=849.8 elapsed=49m59s898ms
Aug 06 13:49:56 nimbus-eth1-mainnet-long-benchmark[1140193]: INF 2026-08-06 13:49:56.094+00:00 Imported blocks                            blockNumber=4276225 slot=1 blocks=4276224 txs=58058028 mgas=2591591 bps=253.6 tps=26866 mgps=1312 avgBps=1410 avgTps=19147 avgMGps=854.7 elapsed=50m32s195ms
Aug 06 13:50:27 nimbus-eth1-mainnet-long-benchmark[1140193]: INF 2026-08-06 13:50:27.077+00:00 Imported blocks                            blockNumber=4284417 slot=1 blocks=4284416 txs=58915126 mgas=2635997 bps=264.4 tps=27663 mgps=1433 avgBps=1398 avgTps=19233 avgMGps=860.5 elapsed=51m3s179ms
Aug 06 13:50:58 nimbus-eth1-mainnet-long-benchmark[1140193]: INF 2026-08-06 13:50:58.133+00:00 Imported blocks                            blockNumber=4292609 slot=1 blocks=4292608 txs=59679965 mgas=2676436 bps=263.8 tps=24628 mgps=1302 avgBps=1387 avgTps=19287 avgMGps=865.0 elapsed=51m34s234ms
Aug 06 13:51:28 nimbus-eth1-mainnet-long-benchmark[1140193]: INF 2026-08-06 13:51:28.664+00:00 Imported blocks                            blockNumber=4300801 slot=1 blocks=4300800 txs=60416304 mgas=2717960 bps=268.3 tps=24115 mgps=1359 avgBps=1376 avgTps=19334 avgMGps=869.8 elapsed=52m4s768ms
Aug 06 13:51:58 nimbus-eth1-mainnet-long-benchmark[1140193]: INF 2026-08-06 13:51:58.912+00:00 Imported blocks                            blockNumber=4308993 slot=1 blocks=4308992 txs=61155406 mgas=2758747 bps=270.8 tps=24436 mgps=1348 avgBps=1365 avgTps=19383 avgMGps=874.4 elapsed=52m35s14ms
Aug 06 13:52:32 nimbus-eth1-mainnet-long-benchmark[1140193]: INF 2026-08-06 13:52:32.155+00:00 Imported blocks                            blockNumber=4317185 slot=1 blocks=4317184 txs=62037866 mgas=2805376 bps=246.4 tps=26543 mgps=1402 avgBps=1354 avgTps=19458 avgMGps=879.9 elapsed=53m8s259ms
Aug 06 13:53:06 nimbus-eth1-mainnet-long-benchmark[1140193]: INF 2026-08-06 13:53:06.751+00:00 Imported blocks                            blockNumber=4325377 slot=1 blocks=4325376 txs=62966581 mgas=2851289 bps=236.8 tps=26849 mgps=1327 avgBps=1342 avgTps=19537 avgMGps=884.7 elapsed=53m42s849ms
Aug 06 13:53:40 nimbus-eth1-mainnet-long-benchmark[1140193]: INF 2026-08-06 13:53:40.130+00:00 Imported blocks                            blockNumber=4333569 slot=1 blocks=4333568 txs=63822081 mgas=2895662 bps=245.4 tps=25628 mgps=1329 avgBps=1330 avgTps=19599 avgMGps=889.3 elapsed=54m16s230ms
Aug 06 13:54:14 nimbus-eth1-mainnet-long-benchmark[1140193]: INF 2026-08-06 13:54:14.146+00:00 Imported blocks                            blockNumber=4341761 slot=1 blocks=4341760 txs=64712668 mgas=2941632 bps=240.8 tps=26181 mgps=1351 avgBps=1319 avgTps=19668 avgMGps=894.0 elapsed=54m50s246ms
Aug 06 13:54:48 nimbus-eth1-mainnet-long-benchmark[1140193]: INF 2026-08-06 13:54:48.813+00:00 Imported blocks                            blockNumber=4349953 slot=1 blocks=4349952 txs=65574622 mgas=2986500 bps=236.3 tps=24862 mgps=1294 avgBps=1308 avgTps=19722 avgMGps=898.2 elapsed=55m24s915ms
Aug 06 13:55:23 nimbus-eth1-mainnet-long-benchmark[1140193]: INF 2026-08-06 13:55:23.693+00:00 Imported blocks                            blockNumber=4358145 slot=1 blocks=4358144 txs=66535767 mgas=3032340 bps=234.9 tps=27556 mgps=1314 avgBps=1297 avgTps=19803 avgMGps=902.5 elapsed=55m59s794ms
Aug 06 13:56:00 nimbus-eth1-mainnet-long-benchmark[1140193]: INF 2026-08-06 13:56:00.968+00:00 Imported blocks                            blockNumber=4366337 slot=1 blocks=4366336 txs=67558543 mgas=3080047 bps=219.8 tps=27436 mgps=1279 avgBps=1285 avgTps=19887 avgMGps=906.7 elapsed=56m37s72ms
Aug 06 13:56:31 nimbus-eth1-mainnet-long-benchmark[1140193]: INF 2026-08-06 13:56:31.728+00:00 Imported blocks                            blockNumber=4374529 slot=1 blocks=4374528 txs=68347471 mgas=3121687 bps=266.3 tps=25649 mgps=1353 avgBps=1276 avgTps=19938 avgMGps=910.7 elapsed=57m7s830ms
Aug 06 13:56:55 nimbus-eth1-mainnet-long-benchmark[1140193]: INF 2026-08-06 13:56:55.671+00:00 Imported blocks                            blockNumber=4382721 slot=1 blocks=4382720 txs=69028082 mgas=3151992 bps=342.1 tps=28426 mgps=1265 avgBps=1269 avgTps=19997 avgMGps=913.2 elapsed=57m31s773ms
Aug 06 13:57:20 nimbus-eth1-mainnet-long-benchmark[1140193]: INF 2026-08-06 13:57:20.335+00:00 Imported blocks                            blockNumber=4390913 slot=1 blocks=4390912 txs=69661758 mgas=3181386 bps=332.1 tps=25692 mgps=1191 avgBps=1263 avgTps=20038 avgMGps=915.1 elapsed=57m56s437ms
Aug 06 13:57:44 nimbus-eth1-mainnet-long-benchmark[1140193]: INF 2026-08-06 13:57:44.618+00:00 Imported blocks                            blockNumber=4399105 slot=1 blocks=4399104 txs=70353613 mgas=3215985 bps=337.3 tps=28490 mgps=1424 avgBps=1256 avgTps=20096 avgMGps=918.7 elapsed=58m20s721ms
Aug 06 13:58:03 nimbus-eth1-mainnet-long-benchmark[1140193]: INF 2026-08-06 13:58:03.558+00:00 Imported blocks                            blockNumber=4407297 slot=1 blocks=4407296 txs=70941210 mgas=3238205 bps=432.5 tps=31024 mgps=1173 avgBps=1252 avgTps=20155 avgMGps=920.0 elapsed=58m39s660ms
Aug 06 13:58:24 nimbus-eth1-mainnet-long-benchmark[1140193]: INF 2026-08-06 13:58:24.606+00:00 Imported blocks                            blockNumber=4415489 slot=1 blocks=4415488 txs=71544011 mgas=3265347 bps=389.2 tps=28641 mgps=1289 avgBps=1247 avgTps=20206 avgMGps=922.2 elapsed=59m706ms951us
Aug 06 13:58:49 nimbus-eth1-mainnet-long-benchmark[1140193]: INF 2026-08-06 13:58:49.789+00:00 Imported blocks                            blockNumber=4423681 slot=1 blocks=4423680 txs=72181258 mgas=3298910 bps=325.3 tps=25303 mgps=1332 avgBps=1240 avgTps=20242 avgMGps=925.1 elapsed=59m25s890ms
Aug 06 13:59:15 nimbus-eth1-mainnet-long-benchmark[1140193]: INF 2026-08-06 13:59:15.237+00:00 Imported blocks                            blockNumber=4431873 slot=1 blocks=4431872 txs=72783427 mgas=3333362 bps=321.9 tps=23662 mgps=1353 avgBps=1234 avgTps=20266 avgMGps=928.2 elapsed=59m51s338ms
Aug 06 13:59:41 nimbus-eth1-mainnet-long-benchmark[1140193]: INF 2026-08-06 13:59:41.709+00:00 Imported blocks                            blockNumber=4440065 slot=1 blocks=4440064 txs=73427614 mgas=3368565 bps=309.5 tps=24333 mgps=1329 avgBps=1227 avgTps=20296 avgMGps=931.1 elapsed=1h17s811ms
Aug 06 14:00:07 nimbus-eth1-mainnet-long-benchmark[1140193]: INF 2026-08-06 14:00:07.104+00:00 Imported blocks                            blockNumber=4448257 slot=1 blocks=4448256 txs=74062819 mgas=3400868 bps=322.6 tps=25011 mgps=1271 avgBps=1220 avgTps=20329 avgMGps=933.5 elapsed=1h43s207ms
Aug 06 14:00:33 nimbus-eth1-mainnet-long-benchmark[1140193]: INF 2026-08-06 14:00:33.748+00:00 Imported blocks                            blockNumber=4456449 slot=1 blocks=4456448 txs=74720986 mgas=3434385 bps=307.5 tps=24701 mgps=1257 avgBps=1214 avgTps=20360 avgMGps=935.8 elapsed=1h1m9s
Aug 06 14:01:03 nimbus-eth1-mainnet-long-benchmark[1140193]: INF 2026-08-06 14:01:03.003+00:00 Imported blocks                            blockNumber=4464641 slot=1 blocks=4464640 txs=75435593 mgas=3471537 bps=280.0 tps=24426 mgps=1269 avgBps=1206 avgTps=20392 avgMGps=938.5 elapsed=1h1m39s
Aug 06 14:01:33 nimbus-eth1-mainnet-long-benchmark[1140193]: INF 2026-08-06 14:01:33.731+00:00 Imported blocks                            blockNumber=4472833 slot=1 blocks=4472832 txs=76123403 mgas=3510491 bps=266.6 tps=22384 mgps=1267 avgBps=1199 avgTps=20409 avgMGps=941.2 elapsed=1h2m9s
Aug 06 14:02:04 nimbus-eth1-mainnet-long-benchmark[1140193]: INF 2026-08-06 14:02:04.402+00:00 Imported blocks                            blockNumber=4481025 slot=1 blocks=4481024 txs=76814745 mgas=3549347 bps=267.1 tps=22540 mgps=1266 avgBps=1191 avgTps=20426 avgMGps=943.8 elapsed=1h2m40s
Aug 06 14:02:31 nimbus-eth1-mainnet-long-benchmark[1140193]: INF 2026-08-06 14:02:31.762+00:00 Imported blocks                            blockNumber=4489217 slot=1 blocks=4489216 txs=77411837 mgas=3582458 bps=299.4 tps=21823 mgps=1210 avgBps=1185 avgTps=20436 avgMGps=945.8 elapsed=1h3m7s
Aug 06 14:02:53 nimbus-eth1-mainnet-long-benchmark[1140193]: INF 2026-08-06 14:02:53.582+00:00 Imported blocks                            blockNumber=4497409 slot=1 blocks=4497408 txs=77942209 mgas=3607255 bps=375.5 tps=24307 mgps=1136 avgBps=1180 avgTps=20458 avgMGps=946.9 elapsed=1h3m29s
Aug 06 14:03:16 nimbus-eth1-mainnet-long-benchmark[1140193]: INF 2026-08-06 14:03:16.973+00:00 Imported blocks                            blockNumber=4505601 slot=1 blocks=4505600 txs=78606743 mgas=3635023 bps=350.2 tps=28406 mgps=1186 avgBps=1175 avgTps=20507 avgMGps=948.3 elapsed=1h3m53s
Aug 06 14:03:42 nimbus-eth1-mainnet-long-benchmark[1140193]: INF 2026-08-06 14:03:42.009+00:00 Imported blocks                            blockNumber=4513793 slot=1 blocks=4513792 txs=79214459 mgas=3664486 bps=327.2 tps=24273 mgps=1176 avgBps=1169 avgTps=20531 avgMGps=949.8 elapsed=1h4m18s
Aug 06 14:04:10 nimbus-eth1-mainnet-long-benchmark[1140193]: INF 2026-08-06 14:04:10.253+00:00 Imported blocks                            blockNumber=4521985 slot=1 blocks=4521984 txs=79851427 mgas=3698304 bps=290.0 tps=22552 mgps=1197 avgBps=1163 avgTps=20546 avgMGps=951.6 elapsed=1h4m46s
Aug 06 14:04:35 nimbus-eth1-mainnet-long-benchmark[1140193]: INF 2026-08-06 14:04:35.176+00:00 Imported blocks                            blockNumber=4530177 slot=1 blocks=4530176 txs=80428047 mgas=3729162 bps=328.7 tps=23137 mgps=1238 avgBps=1158 avgTps=20563 avgMGps=953.4 elapsed=1h5m11s
Aug 06 14:05:00 nimbus-eth1-mainnet-long-benchmark[1140193]: INF 2026-08-06 14:05:00.632+00:00 Imported blocks                            blockNumber=4538369 slot=1 blocks=4538368 txs=80983691 mgas=3759064 bps=321.8 tps=21828 mgps=1174 avgBps=1152 avgTps=20571 avgMGps=954.9 elapsed=1h5m36s
Aug 06 14:05:26 nimbus-eth1-mainnet-long-benchmark[1140193]: INF 2026-08-06 14:05:26.787+00:00 Imported blocks                            blockNumber=4546561 slot=1 blocks=4546560 txs=81559884 mgas=3790793 bps=313.2 tps=22026 mgps=1212 avgBps=1147 avgTps=20580 avgMGps=956.6 elapsed=1h6m2s
Aug 06 14:05:55 nimbus-eth1-mainnet-long-benchmark[1140193]: INF 2026-08-06 14:05:55.275+00:00 Imported blocks                            blockNumber=4554753 slot=1 blocks=4554752 txs=82174217 mgas=3824726 bps=287.6 tps=21564 mgps=1191 avgBps=1141 avgTps=20587 avgMGps=958.2 elapsed=1h6m31s
Aug 06 14:06:24 nimbus-eth1-mainnet-long-benchmark[1140193]: INF 2026-08-06 14:06:24.023+00:00 Imported blocks                            blockNumber=4562945 slot=1 blocks=4562944 txs=82868507 mgas=3859804 bps=285.0 tps=24156 mgps=1220 avgBps=1135 avgTps=20613 avgMGps=960.1 elapsed=1h7m122ms
Aug 06 14:06:53 nimbus-eth1-mainnet-long-benchmark[1140193]: INF 2026-08-06 14:06:53.526+00:00 Imported blocks                            blockNumber=4571137 slot=1 blocks=4571136 txs=83554280 mgas=3895039 bps=277.6 tps=23240 mgps=1194 avgBps=1128 avgTps=20632 avgMGps=961.8 elapsed=1h7m29s
Aug 06 14:07:21 nimbus-eth1-mainnet-long-benchmark[1140193]: INF 2026-08-06 14:07:21.002+00:00 Imported blocks                            blockNumber=4579329 slot=1 blocks=4579328 txs=84149623 mgas=3927552 bps=298.2 tps=21669 mgps=1183 avgBps=1123 avgTps=20639 avgMGps=963.3 elapsed=1h7m57s
Aug 06 14:07:48 nimbus-eth1-mainnet-long-benchmark[1140193]: INF 2026-08-06 14:07:48.601+00:00 Imported blocks                            blockNumber=4587521 slot=1 blocks=4587520 txs=84766299 mgas=3958985 bps=296.8 tps=22343 mgps=1138 avgBps=1117 avgTps=20651 avgMGps=964.5 elapsed=1h8m24s
Aug 06 14:08:19 nimbus-eth1-mainnet-long-benchmark[1140193]: INF 2026-08-06 14:08:19.897+00:00 Imported blocks                            blockNumber=4595713 slot=1 blocks=4595712 txs=85498687 mgas=3994447 bps=261.8 tps=23402 mgps=1133 avgBps=1111 avgTps=20671 avgMGps=965.8 elapsed=1h8m55s
Aug 06 14:08:49 nimbus-eth1-mainnet-long-benchmark[1140193]: INF 2026-08-06 14:08:49.248+00:00 Imported blocks                            blockNumber=4603905 slot=1 blocks=4603904 txs=86200373 mgas=4028500 bps=279.1 tps=23903 mgps=1160 avgBps=1105 avgTps=20694 avgMGps=967.1 elapsed=1h9m25s
Aug 06 14:09:18 nimbus-eth1-mainnet-long-benchmark[1140193]: INF 2026-08-06 14:09:18.648+00:00 Imported blocks                            blockNumber=4612097 slot=1 blocks=4612096 txs=86896398 mgas=4063314 bps=278.7 tps=23676 mgps=1184 avgBps=1099 avgTps=20715 avgMGps=968.7 elapsed=1h9m54s
Aug 06 14:09:50 nimbus-eth1-mainnet-long-benchmark[1140193]: INF 2026-08-06 14:09:50.111+00:00 Imported blocks                            blockNumber=4620289 slot=1 blocks=4620288 txs=87653240 mgas=4099890 bps=260.3 tps=24051 mgps=1162 avgBps=1093 avgTps=20740 avgMGps=970.1 elapsed=1h10m26s
Aug 06 14:10:19 nimbus-eth1-mainnet-long-benchmark[1140193]: INF 2026-08-06 14:10:19.671+00:00 Imported blocks                            blockNumber=4628481 slot=1 blocks=4628480 txs=88349198 mgas=4135697 bps=277.1 tps=23544 mgps=1211 avgBps=1087 avgTps=20759 avgMGps=971.8 elapsed=1h10m55s
Aug 06 14:10:55 nimbus-eth1-mainnet-long-benchmark[1140193]: INF 2026-08-06 14:10:55.918+00:00 Imported blocks                            blockNumber=4636673 slot=1 blocks=4636672 txs=89189186 mgas=4177023 bps=226.0 tps=23175 mgps=1140 avgBps=1080 avgTps=20780 avgMGps=973.2 elapsed=1h11m32s
Aug 06 14:11:31 nimbus-eth1-mainnet-long-benchmark[1140193]: INF 2026-08-06 14:11:31.250+00:00 Imported blocks                            blockNumber=4644865 slot=1 blocks=4644864 txs=90049004 mgas=4216584 bps=231.9 tps=24335 mgps=1119 avgBps=1073 avgTps=20809 avgMGps=974.4 elapsed=1h12m7s
Aug 06 14:12:06 nimbus-eth1-mainnet-long-benchmark[1140193]: INF 2026-08-06 14:12:06.977+00:00 Imported blocks                            blockNumber=4653057 slot=1 blocks=4653056 txs=90927345 mgas=4255623 bps=229.3 tps=24584 mgps=1092 avgBps=1066 avgTps=20840 avgMGps=975.4 elapsed=1h12m43s
Aug 06 14:12:44 nimbus-eth1-mainnet-long-benchmark[1140193]: INF 2026-08-06 14:12:44.421+00:00 Imported blocks                            blockNumber=4661249 slot=1 blocks=4661248 txs=91765363 mgas=4297355 bps=218.8 tps=22381 mgps=1114 avgBps=1059 avgTps=20853 avgMGps=976.6 elapsed=1h13m20s
Aug 06 14:13:24 nimbus-eth1-mainnet-long-benchmark[1140193]: INF 2026-08-06 14:13:24.828+00:00 Imported blocks                            blockNumber=4669441 slot=1 blocks=4669440 txs=92633756 mgas=4339723 bps=202.7 tps=21491 mgps=1048 avgBps=1051 avgTps=20859 avgMGps=977.2 elapsed=1h14m931ms
Aug 06 14:14:11 nimbus-eth1-mainnet-long-benchmark[1140193]: INF 2026-08-06 14:14:11.875+00:00 Imported blocks                            blockNumber=4677633 slot=1 blocks=4677632 txs=93658164 mgas=4390089 bps=174.1 tps=21773 mgps=1070 avgBps=1042 avgTps=20868 avgMGps=978.2 elapsed=1h14m47s
Aug 06 14:14:59 nimbus-eth1-mainnet-long-benchmark[1140193]: INF 2026-08-06 14:14:59.203+00:00 Imported blocks                            blockNumber=4685825 slot=1 blocks=4685824 txs=94764793 mgas=4440912 bps=173.1 tps=23383 mgps=1073 avgBps=1033 avgTps=20894 avgMGps=979.2 elapsed=1h15m35s
Aug 06 14:15:43 nimbus-eth1-mainnet-long-benchmark[1140193]: INF 2026-08-06 14:15:43.286+00:00 Imported blocks                            blockNumber=4694017 slot=1 blocks=4694016 txs=95748114 mgas=4493164 bps=185.8 tps=22307 mgps=1185 avgBps=1025 avgTps=20908 avgMGps=981.2 elapsed=1h16m19s
Aug 06 14:16:35 nimbus-eth1-mainnet-long-benchmark[1140193]: INF 2026-08-06 14:16:35.681+00:00 Imported blocks                            blockNumber=4702209 slot=1 blocks=4702208 txs=96814108 mgas=4546452 bps=156.3 tps=20343 mgps=1016 avgBps=1015 avgTps=20902 avgMGps=981.6 elapsed=1h17m11s
Aug 06 14:17:31 nimbus-eth1-mainnet-long-benchmark[1140193]: INF 2026-08-06 14:17:31.096+00:00 Imported blocks                            blockNumber=4710401 slot=1 blocks=4710400 txs=97818338 mgas=4603482 bps=147.8 tps=18122 mgps=1029 avgBps=1004 avgTps=20869 avgMGps=982.1 elapsed=1h18m7s
Aug 06 14:18:30 nimbus-eth1-mainnet-long-benchmark[1140193]: INF 2026-08-06 14:18:30.415+00:00 Imported blocks                            blockNumber=4718593 slot=1 blocks=4718592 txs=98994205 mgas=4663549 bps=138.1 tps=19823 mgps=1012 avgBps=994.1 avgTps=20856 avgMGps=982.5 elapsed=1h19m6s
Aug 06 14:19:28 nimbus-eth1-mainnet-long-benchmark[1140193]: INF 2026-08-06 14:19:28.087+00:00 Imported blocks                            blockNumber=4726785 slot=1 blocks=4726784 txs=100277937 mgas=4723869 bps=142.1 tps=22260 mgps=1045 avgBps=983.9 avgTps=20873 avgMGps=983.3 elapsed=1h20m4s
Aug 06 14:20:27 nimbus-eth1-mainnet-long-benchmark[1140193]: INF 2026-08-06 14:20:27.202+00:00 Imported blocks                            blockNumber=4734977 slot=1 blocks=4734976 txs=101644153 mgas=4786939 bps=138.6 tps=23110 mgps=1066 avgBps=973.6 avgTps=20900 avgMGps=984.3 elapsed=1h21m3s
Aug 06 14:21:20 nimbus-eth1-mainnet-long-benchmark[1140193]: INF 2026-08-06 14:21:20.985+00:00 Imported blocks                            blockNumber=4743169 slot=1 blocks=4743168 txs=102893274 mgas=4846048 bps=152.3 tps=23224 mgps=1099 avgBps=964.6 avgTps=20925 avgMGps=985.6 elapsed=1h21m57s
Aug 06 14:22:15 nimbus-eth1-mainnet-long-benchmark[1140193]: INF 2026-08-06 14:22:15.788+00:00 Imported blocks                            blockNumber=4751361 slot=1 blocks=4751360 txs=104145399 mgas=4905956 bps=149.5 tps=22847 mgps=1093 avgBps=955.6 avgTps=20946 avgMGps=986.7 elapsed=1h22m51s
Aug 06 14:23:13 nimbus-eth1-mainnet-long-benchmark[1140193]: INF 2026-08-06 14:23:13.399+00:00 Imported blocks                            blockNumber=4759553 slot=1 blocks=4759552 txs=105596606 mgas=4968002 bps=142.2 tps=25189 mgps=1076 avgBps=946.3 avgTps=20995 avgMGps=987.8 elapsed=1h23m49s
Aug 06 14:24:09 nimbus-eth1-mainnet-long-benchmark[1140193]: INF 2026-08-06 14:24:09.478+00:00 Imported blocks                            blockNumber=4767745 slot=1 blocks=4767744 txs=107116598 mgas=5030101 bps=146.1 tps=27104 mgps=1107 avgBps=937.5 avgTps=21062 avgMGps=989.1 elapsed=1h24m45s
Aug 06 14:25:03 nimbus-eth1-mainnet-long-benchmark[1140193]: INF 2026-08-06 14:25:03.286+00:00 Imported blocks                            blockNumber=4775937 slot=1 blocks=4775936 txs=108702043 mgas=5092598 bps=152.3 tps=29465 mgps=1161 avgBps=929.3 avgTps=21150 avgMGps=990.9 elapsed=1h25m39s
Aug 06 14:25:57 nimbus-eth1-mainnet-long-benchmark[1140193]: INF 2026-08-06 14:25:57.125+00:00 Imported blocks                            blockNumber=4784129 slot=1 blocks=4784128 txs=110102113 mgas=5151342 bps=152.1 tps=26002 mgps=1091 avgBps=921.2 avgTps=21201 avgMGps=991.9 elapsed=1h26m33s
Aug 06 14:26:41 nimbus-eth1-mainnet-long-benchmark[1140193]: INF 2026-08-06 14:26:41.524+00:00 Imported blocks                            blockNumber=4792321 slot=1 blocks=4792320 txs=111154247 mgas=5205528 bps=184.5 tps=23696 mgps=1220 avgBps=915.0 avgTps=21222 avgMGps=993.9 elapsed=1h27m17s
Aug 06 14:27:25 nimbus-eth1-mainnet-long-benchmark[1140193]: INF 2026-08-06 14:27:25.039+00:00 Imported blocks                            blockNumber=4800513 slot=1 blocks=4800512 txs=112173781 mgas=5255457 bps=188.3 tps=23429 mgps=1147 avgBps=909.0 avgTps=21240 avgMGps=995.1 elapsed=1h28m1s
Aug 06 14:28:16 nimbus-eth1-mainnet-long-benchmark[1140193]: INF 2026-08-06 14:28:16.259+00:00 Imported blocks                            blockNumber=4808705 slot=1 blocks=4808704 txs=113435561 mgas=5312967 bps=160.0 tps=24637 mgps=1122 avgBps=901.8 avgTps=21273 avgMGps=996.4 elapsed=1h28m52s
Aug 06 14:29:10 nimbus-eth1-mainnet-long-benchmark[1140193]: INF 2026-08-06 14:29:10.694+00:00 Imported blocks                            blockNumber=4816897 slot=1 blocks=4816896 txs=114766918 mgas=5370558 bps=150.5 tps=24456 mgps=1057 avgBps=894.2 avgTps=21305 avgMGps=997.0 elapsed=1h29m46s
Aug 06 14:30:07 nimbus-eth1-mainnet-long-benchmark[1140193]: INF 2026-08-06 14:30:07.369+00:00 Imported blocks                            blockNumber=4825089 slot=1 blocks=4825088 txs=116406212 mgas=5431366 bps=144.5 tps=28923 mgps=1072 avgBps=886.4 avgTps=21384 avgMGps=997.8 elapsed=1h30m43s
Aug 06 14:30:58 nimbus-eth1-mainnet-long-benchmark[1140193]: INF 2026-08-06 14:30:58.752+00:00 Imported blocks                            blockNumber=4833281 slot=1 blocks=4833280 txs=117730733 mgas=5487657 bps=159.4 tps=25778 mgps=1095 avgBps=879.6 avgTps=21425 avgMGps=998.7 elapsed=1h31m34s
Aug 06 14:31:51 nimbus-eth1-mainnet-long-benchmark[1140193]: INF 2026-08-06 14:31:51.775+00:00 Imported blocks                            blockNumber=4841473 slot=1 blocks=4841472 txs=119096404 mgas=5544385 bps=154.5 tps=25754 mgps=1069 avgBps=872.7 avgTps=21467 avgMGps=999.4 elapsed=1h32m27s
Aug 06 14:32:53 nimbus-eth1-mainnet-long-benchmark[1140193]: INF 2026-08-06 14:32:53.350+00:00 Imported blocks                            blockNumber=4849665 slot=1 blocks=4849664 txs=120896969 mgas=5606368 bps=133.0 tps=29243 mgps=1006 avgBps=864.6 avgTps=21552 avgMGps=999.5 elapsed=1h33m29s
Aug 06 14:33:51 nimbus-eth1-mainnet-long-benchmark[1140193]: INF 2026-08-06 14:33:51.753+00:00 Imported blocks                            blockNumber=4857857 slot=1 blocks=4857856 txs=122899185 mgas=5668346 bps=140.3 tps=34281 mgps=1061 avgBps=857.1 avgTps=21683 avgMGps=1000 elapsed=1h34m27s
Aug 06 14:34:52 nimbus-eth1-mainnet-long-benchmark[1140193]: INF 2026-08-06 14:34:52.885+00:00 Imported blocks                            blockNumber=4866049 slot=1 blocks=4866048 txs=124785066 mgas=5730497 bps=134.0 tps=30850 mgps=1016 avgBps=849.4 avgTps=21781 avgMGps=1000 elapsed=1h35m28s
Aug 06 14:35:52 nimbus-eth1-mainnet-long-benchmark[1140193]: INF 2026-08-06 14:35:52.664+00:00 Imported blocks                            blockNumber=4874241 slot=1 blocks=4874240 txs=126509295 mgas=5793302 bps=137.0 tps=28843 mgps=1050 avgBps=842.0 avgTps=21854 avgMGps=1000 elapsed=1h36m28s
Aug 06 14:36:54 nimbus-eth1-mainnet-long-benchmark[1140193]: INF 2026-08-06 14:36:54.223+00:00 Imported blocks                            blockNumber=4882433 slot=1 blocks=4882432 txs=128423524 mgas=5855689 bps=133.1 tps=31096 mgps=1013 avgBps=834.6 avgTps=21951 avgMGps=1000 elapsed=1h37m30s
Aug 06 14:37:51 nimbus-eth1-mainnet-long-benchmark[1140193]: INF 2026-08-06 14:37:51.062+00:00 Imported blocks                            blockNumber=4890625 slot=1 blocks=4890624 txs=130207981 mgas=5917669 bps=144.1 tps=31395 mgps=1090 avgBps=827.9 avgTps=22042 avgMGps=1001 elapsed=1h38m27s
Aug 06 14:38:51 nimbus-eth1-mainnet-long-benchmark[1140193]: INF 2026-08-06 14:38:51.925+00:00 Imported blocks                            blockNumber=4898817 slot=1 blocks=4898816 txs=131918301 mgas=5979986 bps=134.6 tps=28100 mgps=1023 avgBps=820.8 avgTps=22104 avgMGps=1002 elapsed=1h39m28s
Aug 06 14:39:50 nimbus-eth1-mainnet-long-benchmark[1140193]: INF 2026-08-06 14:39:50.332+00:00 Imported blocks                            blockNumber=4907009 slot=1 blocks=4907008 txs=133644765 mgas=6042377 bps=140.2 tps=29557 mgps=1068 avgBps=814.2 avgTps=22176 avgMGps=1002 elapsed=1h40m26s
Aug 06 14:40:51 nimbus-eth1-mainnet-long-benchmark[1140193]: INF 2026-08-06 14:40:51.235+00:00 Imported blocks                            blockNumber=4915201 slot=1 blocks=4915200 txs=135374772 mgas=6105758 bps=134.5 tps=28407 mgps=1040 avgBps=807.4 avgTps=22238 avgMGps=1003 elapsed=1h41m27s
Aug 06 14:41:52 nimbus-eth1-mainnet-long-benchmark[1140193]: INF 2026-08-06 14:41:52.854+00:00 Imported blocks                            blockNumber=4923393 slot=1 blocks=4923392 txs=137233391 mgas=6168038 bps=132.9 tps=30162 mgps=1010 avgBps=800.7 avgTps=22318 avgMGps=1003 elapsed=1h42m28s
Aug 06 14:42:55 nimbus-eth1-mainnet-long-benchmark[1140193]: INF 2026-08-06 14:42:55.117+00:00 Imported blocks                            blockNumber=4931585 slot=1 blocks=4931584 txs=139083071 mgas=6230222 bps=131.6 tps=29707 mgps=998.7 avgBps=794.0 avgTps=22392 avgMGps=1003 elapsed=1h43m31s
Aug 06 14:43:51 nimbus-eth1-mainnet-long-benchmark[1140193]: INF 2026-08-06 14:43:51.604+00:00 Imported blocks                            blockNumber=4939777 slot=1 blocks=4939776 txs=140579742 mgas=6288626 bps=145.0 tps=26496 mgps=1033 avgBps=788.1 avgTps=22429 avgMGps=1003 elapsed=1h44m27s
Aug 06 14:44:49 nimbus-eth1-mainnet-long-benchmark[1140193]: INF 2026-08-06 14:44:49.359+00:00 Imported blocks                            blockNumber=4947969 slot=1 blocks=4947968 txs=141972812 mgas=6347260 bps=141.8 tps=24119 mgps=1015 avgBps=782.2 avgTps=22444 avgMGps=1003 elapsed=1h45m25s
Aug 06 14:45:45 nimbus-eth1-mainnet-long-benchmark[1140193]: INF 2026-08-06 14:45:45.127+00:00 Imported blocks                            blockNumber=4956161 slot=1 blocks=4956160 txs=143300158 mgas=6406048 bps=146.9 tps=23802 mgps=1054 avgBps=776.7 avgTps=22456 avgMGps=1003 elapsed=1h46m21s
Aug 06 14:46:40 nimbus-eth1-mainnet-long-benchmark[1140193]: INF 2026-08-06 14:46:40.698+00:00 Imported blocks                            blockNumber=4964353 slot=1 blocks=4964352 txs=144572404 mgas=6464172 bps=147.4 tps=22894 mgps=1045 avgBps=771.2 avgTps=22460 avgMGps=1004 elapsed=1h47m16s
Aug 06 14:47:33 nimbus-eth1-mainnet-long-benchmark[1140193]: INF 2026-08-06 14:47:33.749+00:00 Imported blocks                            blockNumber=4972545 slot=1 blocks=4972544 txs=145732007 mgas=6518983 bps=154.4 tps=21857 mgps=1033 avgBps=766.2 avgTps=22455 avgMGps=1004 elapsed=1h48m9s
Aug 06 14:48:28 nimbus-eth1-mainnet-long-benchmark[1140193]: INF 2026-08-06 14:48:28.068+00:00 Imported blocks                            blockNumber=4980737 slot=1 blocks=4980736 txs=146992977 mgas=6572341 bps=150.8 tps=23214 mgps=982.3 avgBps=761.1 avgTps=22461 avgMGps=1004 elapsed=1h49m4s
Aug 06 14:49:19 nimbus-eth1-mainnet-long-benchmark[1140193]: INF 2026-08-06 14:49:19.319+00:00 Imported blocks                            blockNumber=4988929 slot=1 blocks=4988928 txs=148169050 mgas=6625014 bps=159.8 tps=22946 mgps=1027 avgBps=756.4 avgTps=22465 avgMGps=1004 elapsed=1h49m55s
Aug 06 14:50:12 nimbus-eth1-mainnet-long-benchmark[1140193]: INF 2026-08-06 14:50:12.667+00:00 Imported blocks                            blockNumber=4997121 slot=1 blocks=4997120 txs=149428291 mgas=6680179 bps=153.6 tps=23605 mgps=1034 avgBps=751.6 avgTps=22474 avgMGps=1004 elapsed=1h50m48s
Aug 06 14:51:04 nimbus-eth1-mainnet-long-benchmark[1140193]: INF 2026-08-06 14:51:04.630+00:00 Imported blocks                            blockNumber=5005313 slot=1 blocks=5005312 txs=150690724 mgas=6736552 bps=157.7 tps=24295 mgps=1084 avgBps=747.0 avgTps=22488 avgMGps=1005 elapsed=1h51m40s
Aug 06 14:52:02 nimbus-eth1-mainnet-long-benchmark[1140193]: INF 2026-08-06 14:52:02.721+00:00 Imported blocks                            blockNumber=5013505 slot=1 blocks=5013504 txs=152046753 mgas=6796099 bps=141.0 tps=23343 mgps=1025 avgBps=741.8 avgTps=22496 avgMGps=1005 elapsed=1h52m38s
Aug 06 14:52:58 nimbus-eth1-mainnet-long-benchmark[1140193]: INF 2026-08-06 14:52:58.628+00:00 Imported blocks                            blockNumber=5021697 slot=1 blocks=5021696 txs=153352595 mgas=6852788 bps=146.5 tps=23356 mgps=1013 avgBps=736.9 avgTps=22503 avgMGps=1005 elapsed=1h53m34s
Aug 06 14:53:47 nimbus-eth1-mainnet-long-benchmark[1140193]: INF 2026-08-06 14:53:47.543+00:00 Imported blocks                            blockNumber=5029889 slot=1 blocks=5029888 txs=154478474 mgas=6906687 bps=167.5 tps=23017 mgps=1101 avgBps=732.8 avgTps=22506 avgMGps=1006 elapsed=1h54m23s
Aug 06 14:54:37 nimbus-eth1-mainnet-long-benchmark[1140193]: INF 2026-08-06 14:54:37.223+00:00 Imported blocks                            blockNumber=5038081 slot=1 blocks=5038080 txs=155640110 mgas=6960957 bps=164.9 tps=23383 mgps=1092 avgBps=728.7 avgTps=22513 avgMGps=1006 elapsed=1h55m13s
Aug 06 14:55:30 nimbus-eth1-mainnet-long-benchmark[1140193]: INF 2026-08-06 14:55:30.166+00:00 Imported blocks                            blockNumber=5046273 slot=1 blocks=5046272 txs=156831227 mgas=7015012 bps=154.7 tps=22497 mgps=1020 avgBps=724.4 avgTps=22512 avgMGps=1006 elapsed=1h56m6s
Aug 06 14:56:19 nimbus-eth1-mainnet-long-benchmark[1140193]: INF 2026-08-06 14:56:19.865+00:00 Imported blocks                            blockNumber=5054465 slot=1 blocks=5054464 txs=157887753 mgas=7068299 bps=164.8 tps=21258 mgps=1072 avgBps=720.4 avgTps=22504 avgMGps=1007 elapsed=1h56m55s
Aug 06 14:57:08 nimbus-eth1-mainnet-long-benchmark[1140193]: INF 2026-08-06 14:57:08.128+00:00 Imported blocks                            blockNumber=5062657 slot=1 blocks=5062656 txs=158926316 mgas=7120645 bps=169.7 tps=21518 mgps=1084 avgBps=716.7 avgTps=22497 avgMGps=1007 elapsed=1h57m44s
Aug 06 14:57:55 nimbus-eth1-mainnet-long-benchmark[1140193]: INF 2026-08-06 14:57:55.820+00:00 Imported blocks                            blockNumber=5070849 slot=1 blocks=5070848 txs=160037571 mgas=7174271 bps=171.8 tps=23301 mgps=1124 avgBps=713.0 avgTps=22502 avgMGps=1008 elapsed=1h58m31s
Aug 06 14:58:46 nimbus-eth1-mainnet-long-benchmark[1140193]: INF 2026-08-06 14:58:46.907+00:00 Imported blocks                            blockNumber=5079041 slot=1 blocks=5079040 txs=161176737 mgas=7228023 bps=160.4 tps=22298 mgps=1052 avgBps=709.1 avgTps=22501 avgMGps=1009 elapsed=1h59m23s
Aug 06 14:59:32 nimbus-eth1-mainnet-long-benchmark[1140193]: INF 2026-08-06 14:59:32.802+00:00 Imported blocks                            blockNumber=5087233 slot=1 blocks=5087232 txs=162187586 mgas=7278252 bps=178.5 tps=22025 mgps=1094 avgBps=705.7 avgTps=22498 avgMGps=1009 elapsed=2h8s905ms
Aug 06 15:00:22 nimbus-eth1-mainnet-long-benchmark[1140193]: INF 2026-08-06 15:00:22.173+00:00 Imported blocks                            blockNumber=5095425 slot=1 blocks=5095424 txs=163274156 mgas=7330930 bps=165.9 tps=22007 mgps=1066 avgBps=702.0 avgTps=22494 avgMGps=1010 elapsed=2h58s277ms
Aug 06 15:01:09 nimbus-eth1-mainnet-long-benchmark[1140193]: INF 2026-08-06 15:01:09.365+00:00 Imported blocks                            blockNumber=5103617 slot=1 blocks=5103616 txs=164255301 mgas=7383195 bps=173.6 tps=20790 mgps=1107 avgBps=698.6 avgTps=22483 avgMGps=1010 elapsed=2h1m45s
Aug 06 15:01:58 nimbus-eth1-mainnet-long-benchmark[1140193]: INF 2026-08-06 15:01:58.140+00:00 Imported blocks                            blockNumber=5111809 slot=1 blocks=5111808 txs=165332350 mgas=7436822 bps=168.0 tps=22081 mgps=1099 avgBps=695.1 avgTps=22481 avgMGps=1011 elapsed=2h2m34s
Aug 06 15:02:46 nimbus-eth1-mainnet-long-benchmark[1140193]: INF 2026-08-06 15:02:46.983+00:00 Imported blocks                            blockNumber=5120001 slot=1 blocks=5120000 txs=166389897 mgas=7491018 bps=167.7 tps=21652 mgps=1109 avgBps=691.6 avgTps=22475 avgMGps=1011 elapsed=2h3m23s
Aug 06 15:03:41 nimbus-eth1-mainnet-long-benchmark[1140193]: INF 2026-08-06 15:03:41.690+00:00 Imported blocks                            blockNumber=5128193 slot=1 blocks=5128192 txs=167598391 mgas=7549235 bps=149.7 tps=22090 mgps=1064 avgBps=687.6 avgTps=22472 avgMGps=1012 elapsed=2h4m17s
Aug 06 15:04:32 nimbus-eth1-mainnet-long-benchmark[1140193]: INF 2026-08-06 15:04:32.949+00:00 Imported blocks                            blockNumber=5136385 slot=1 blocks=5136384 txs=168782652 mgas=7605981 bps=159.8 tps=23104 mgps=1107 avgBps=684.0 avgTps=22477 avgMGps=1012 elapsed=2h5m9s
Aug 06 15:05:22 nimbus-eth1-mainnet-long-benchmark[1140193]: INF 2026-08-06 15:05:22.341+00:00 Imported blocks                            blockNumber=5144577 slot=1 blocks=5144576 txs=169782076 mgas=7658488 bps=165.8 tps=20233 mgps=1062 avgBps=680.6 avgTps=22462 avgMGps=1013 elapsed=2h5m58s
Aug 06 15:06:12 nimbus-eth1-mainnet-long-benchmark[1140193]: INF 2026-08-06 15:06:12.008+00:00 Imported blocks                            blockNumber=5152769 slot=1 blocks=5152768 txs=170799521 mgas=7712067 bps=164.9 tps=20485 mgps=1078 avgBps=677.3 avgTps=22449 avgMGps=1013 elapsed=2h6m48s
Aug 06 15:07:03 nimbus-eth1-mainnet-long-benchmark[1140193]: INF 2026-08-06 15:07:03.423+00:00 Imported blocks                            blockNumber=5160961 slot=1 blocks=5160960 txs=171819144 mgas=7764877 bps=159.3 tps=19831 mgps=1027 avgBps=673.8 avgTps=22432 avgMGps=1013 elapsed=2h7m39s
Aug 06 15:07:53 nimbus-eth1-mainnet-long-benchmark[1140193]: INF 2026-08-06 15:07:53.150+00:00 Imported blocks                            blockNumber=5169153 slot=1 blocks=5169152 txs=172757993 mgas=7817043 bps=164.7 tps=18880 mgps=1049 avgBps=670.5 avgTps=22409 avgMGps=1013 elapsed=2h8m29s
Aug 06 15:08:46 nimbus-eth1-mainnet-long-benchmark[1140193]: INF 2026-08-06 15:08:46.126+00:00 Imported blocks                            blockNumber=5177345 slot=1 blocks=5177344 txs=173763054 mgas=7871023 bps=154.6 tps=18972 mgps=1018 avgBps=667.0 avgTps=22385 avgMGps=1014 elapsed=2h9m22s
Aug 06 15:09:41 nimbus-eth1-mainnet-long-benchmark[1140193]: INF 2026-08-06 15:09:41.165+00:00 Imported blocks                            blockNumber=5185537 slot=1 blocks=5185536 txs=174769351 mgas=7925432 bps=148.8 tps=18283 mgps=988.5 avgBps=663.3 avgTps=22356 avgMGps=1013 elapsed=2h10m17s
Aug 06 15:10:32 nimbus-eth1-mainnet-long-benchmark[1140193]: INF 2026-08-06 15:10:32.780+00:00 Imported blocks                            blockNumber=5193729 slot=1 blocks=5193728 txs=175680124 mgas=7977799 bps=158.7 tps=17645 mgps=1014 avgBps=660.0 avgTps=22325 avgMGps=1013 elapsed=2h11m8s
Aug 06 15:11:24 nimbus-eth1-mainnet-long-benchmark[1140193]: INF 2026-08-06 15:11:24.427+00:00 Imported blocks                            blockNumber=5201921 slot=1 blocks=5201920 txs=176699733 mgas=8032758 bps=158.6 tps=19741 mgps=1064 avgBps=656.8 avgTps=22309 avgMGps=1014 elapsed=2h12m530ms
Aug 06 15:12:16 nimbus-eth1-mainnet-long-benchmark[1140193]: INF 2026-08-06 15:12:16.586+00:00 Imported blocks                            blockNumber=5210113 slot=1 blocks=5210112 txs=177662938 mgas=8084190 bps=157.1 tps=18466 mgps=986.1 avgBps=653.5 avgTps=22283 avgMGps=1013 elapsed=2h12m52s
Aug 06 15:13:12 nimbus-eth1-mainnet-long-benchmark[1140193]: INF 2026-08-06 15:13:12.026+00:00 Imported blocks                            blockNumber=5218305 slot=1 blocks=5218304 txs=178743234 mgas=8137622 bps=147.8 tps=19485 mgps=963.8 avgBps=650.0 avgTps=22264 avgMGps=1013 elapsed=2h13m48s
Aug 06 15:14:04 nimbus-eth1-mainnet-long-benchmark[1140193]: INF 2026-08-06 15:14:04.133+00:00 Imported blocks                            blockNumber=5226497 slot=1 blocks=5226496 txs=179656269 mgas=8189437 bps=157.2 tps=17522 mgps=994.4 avgBps=646.8 avgTps=22234 avgMGps=1013 elapsed=2h14m40s
Aug 06 15:14:52 nimbus-eth1-mainnet-long-benchmark[1140193]: INF 2026-08-06 15:14:52.168+00:00 Imported blocks                            blockNumber=5234689 slot=1 blocks=5234688 txs=180467802 mgas=8239147 bps=170.5 tps=16894 mgps=1034 avgBps=644.0 avgTps=22202 avgMGps=1013 elapsed=2h15m28s
Aug 06 15:15:41 nimbus-eth1-mainnet-long-benchmark[1140193]: INF 2026-08-06 15:15:41.815+00:00 Imported blocks                            blockNumber=5242881 slot=1 blocks=5242880 txs=181381820 mgas=8289807 bps=165.0 tps=18409 mgps=1020 avgBps=641.1 avgTps=22179 avgMGps=1013 elapsed=2h16m17s
Aug 06 15:16:30 nimbus-eth1-mainnet-long-benchmark[1140193]: INF 2026-08-06 15:16:30.743+00:00 Imported blocks                            blockNumber=5251073 slot=1 blocks=5251072 txs=182333554 mgas=8339467 bps=167.4 tps=19453 mgps=1015 avgBps=638.3 avgTps=22163 avgMGps=1013 elapsed=2h17m6s
Aug 06 15:17:22 nimbus-eth1-mainnet-long-benchmark[1140193]: INF 2026-08-06 15:17:22.762+00:00 Imported blocks                            blockNumber=5259265 slot=1 blocks=5259264 txs=183299882 mgas=8389405 bps=157.5 tps=18575 mgps=960.0 avgBps=635.3 avgTps=22140 avgMGps=1013 elapsed=2h17m58s
Aug 06 15:18:11 nimbus-eth1-mainnet-long-benchmark[1140193]: INF 2026-08-06 15:18:11.113+00:00 Imported blocks                            blockNumber=5267457 slot=1 blocks=5267456 txs=184176002 mgas=8437639 bps=169.4 tps=18120 mgps=997.6 avgBps=632.6 avgTps=22117 avgMGps=1013 elapsed=2h18m47s
Aug 06 15:18:56 nimbus-eth1-mainnet-long-benchmark[1140193]: INF 2026-08-06 15:18:56.444+00:00 Imported blocks                            blockNumber=5275649 slot=1 blocks=5275648 txs=185015562 mgas=8483144 bps=180.7 tps=18518 mgps=1003 avgBps=630.1 avgTps=22097 avgMGps=1013 elapsed=2h19m32s
Aug 06 15:19:45 nimbus-eth1-mainnet-long-benchmark[1140193]: INF 2026-08-06 15:19:45.828+00:00 Imported blocks                            blockNumber=5283841 slot=1 blocks=5283840 txs=185991636 mgas=8533613 bps=165.9 tps=19766 mgps=1022 avgBps=627.4 avgTps=22084 avgMGps=1013 elapsed=2h20m21s
Aug 06 15:20:34 nimbus-eth1-mainnet-long-benchmark[1140193]: INF 2026-08-06 15:20:34.839+00:00 Imported blocks                            blockNumber=5292033 slot=1 blocks=5292032 txs=186916610 mgas=8581538 bps=167.1 tps=18872 mgps=977.8 avgBps=624.7 avgTps=22065 avgMGps=1013 elapsed=2h21m10s
Aug 06 15:21:22 nimbus-eth1-mainnet-long-benchmark[1140193]: INF 2026-08-06 15:21:22.742+00:00 Imported blocks                            blockNumber=5300225 slot=1 blocks=5300224 txs=187858754 mgas=8631219 bps=171.0 tps=19668 mgps=1037 avgBps=622.2 avgTps=22052 avgMGps=1013 elapsed=2h21m58s
Aug 06 15:22:10 nimbus-eth1-mainnet-long-benchmark[1140193]: INF 2026-08-06 15:22:10.393+00:00 Imported blocks                            blockNumber=5308417 slot=1 blocks=5308416 txs=188745166 mgas=8677575 bps=171.9 tps=18601 mgps=972.8 avgBps=619.7 avgTps=22032 avgMGps=1012 elapsed=2h22m46s
Aug 06 15:22:56 nimbus-eth1-mainnet-long-benchmark[1140193]: INF 2026-08-06 15:22:56.605+00:00 Imported blocks                            blockNumber=5316609 slot=1 blocks=5316608 txs=189573202 mgas=8722412 bps=177.3 tps=17917 mgps=970.2 avgBps=617.3 avgTps=22010 avgMGps=1012 elapsed=2h23m32s
Aug 06 15:23:39 nimbus-eth1-mainnet-long-benchmark[1140193]: INF 2026-08-06 15:23:39.664+00:00 Imported blocks                            blockNumber=5324801 slot=1 blocks=5324800 txs=190311453 mgas=8764899 bps=190.3 tps=17146 mgps=986.8 avgBps=615.2 avgTps=21986 avgMGps=1012 elapsed=2h24m15s
Aug 06 15:24:24 nimbus-eth1-mainnet-long-benchmark[1140193]: INF 2026-08-06 15:24:24.515+00:00 Imported blocks                            blockNumber=5332993 slot=1 blocks=5332992 txs=191190015 mgas=8809276 bps=182.6 tps=19587 mgps=989.4 avgBps=612.9 avgTps=21974 avgMGps=1012 elapsed=2h25m619ms
Aug 06 15:25:05 nimbus-eth1-mainnet-long-benchmark[1140193]: INF 2026-08-06 15:25:05.187+00:00 Imported blocks                            blockNumber=5341185 slot=1 blocks=5341184 txs=191949799 mgas=8848792 bps=201.4 tps=18682 mgps=971.6 avgBps=611.0 avgTps=21958 avgMGps=1012 elapsed=2h25m41s
Aug 06 15:25:52 nimbus-eth1-mainnet-long-benchmark[1140193]: INF 2026-08-06 15:25:52.162+00:00 Imported blocks                            blockNumber=5349377 slot=1 blocks=5349376 txs=192826757 mgas=8894234 bps=174.4 tps=18668 mgps=967.4 avgBps=608.7 avgTps=21941 avgMGps=1012 elapsed=2h26m28s
Aug 06 15:26:39 nimbus-eth1-mainnet-long-benchmark[1140193]: INF 2026-08-06 15:26:39.553+00:00 Imported blocks                            blockNumber=5357569 slot=1 blocks=5357568 txs=193630236 mgas=8940348 bps=172.8 tps=16953 mgps=973.0 avgBps=606.4 avgTps=21914 avgMGps=1011 elapsed=2h27m15s
Aug 06 15:27:23 nimbus-eth1-mainnet-long-benchmark[1140193]: INF 2026-08-06 15:27:23.081+00:00 Imported blocks                            blockNumber=5365761 slot=1 blocks=5365760 txs=194359264 mgas=8985413 bps=188.2 tps=16749 mgps=1035 avgBps=604.3 avgTps=21889 avgMGps=1011 elapsed=2h27m59s
Aug 06 15:28:11 nimbus-eth1-mainnet-long-benchmark[1140193]: INF 2026-08-06 15:28:11.604+00:00 Imported blocks                            blockNumber=5373953 slot=1 blocks=5373952 txs=195244977 mgas=9033151 bps=168.8 tps=18252 mgps=983.8 avgBps=601.9 avgTps=21869 avgMGps=1011 elapsed=2h28m47s
Aug 06 15:29:01 nimbus-eth1-mainnet-long-benchmark[1140193]: INF 2026-08-06 15:29:01.659+00:00 Imported blocks                            blockNumber=5382145 slot=1 blocks=5382144 txs=196081972 mgas=9084503 bps=163.7 tps=16721 mgps=1025 avgBps=599.5 avgTps=21840 avgMGps=1011 elapsed=2h29m37s
Aug 06 15:29:53 nimbus-eth1-mainnet-long-benchmark[1140193]: INF 2026-08-06 15:29:53.154+00:00 Imported blocks                            blockNumber=5390337 slot=1 blocks=5390336 txs=197047903 mgas=9137468 bps=159.1 tps=18758 mgps=1028 avgBps=597.0 avgTps=21823 avgMGps=1011 elapsed=2h30m29s
Aug 06 15:30:39 nimbus-eth1-mainnet-long-benchmark[1140193]: INF 2026-08-06 15:30:39.966+00:00 Imported blocks                            blockNumber=5398529 slot=1 blocks=5398528 txs=197830829 mgas=9188358 bps=175.0 tps=16725 mgps=1087 avgBps=594.8 avgTps=21796 avgMGps=1012 elapsed=2h31m16s
Aug 06 15:31:28 nimbus-eth1-mainnet-long-benchmark[1140193]: INF 2026-08-06 15:31:28.729+00:00 Imported blocks                            blockNumber=5406721 slot=1 blocks=5406720 txs=198592019 mgas=9237315 bps=168.0 tps=15609 mgps=1003 avgBps=592.5 avgTps=21763 avgMGps=1012 elapsed=2h32m4s
Aug 06 15:32:16 nimbus-eth1-mainnet-long-benchmark[1140193]: INF 2026-08-06 15:32:16.984+00:00 Imported blocks                            blockNumber=5414913 slot=1 blocks=5414912 txs=199419083 mgas=9285787 bps=169.8 tps=17139 mgps=1004 avgBps=590.3 avgTps=21739 avgMGps=1012 elapsed=2h32m53s
Aug 06 15:33:10 nimbus-eth1-mainnet-long-benchmark[1140193]: INF 2026-08-06 15:33:10.971+00:00 Imported blocks                            blockNumber=5423105 slot=1 blocks=5423104 txs=200244501 mgas=9335043 bps=151.7 tps=15288 mgps=912.3 avgBps=587.7 avgTps=21701 avgMGps=1011 elapsed=2h33m47s
Aug 06 15:34:08 nimbus-eth1-mainnet-long-benchmark[1140193]: INF 2026-08-06 15:34:08.526+00:00 Imported blocks                            blockNumber=5431297 slot=1 blocks=5431296 txs=201163768 mgas=9387274 bps=142.3 tps=15973 mgps=907.6 avgBps=585.0 avgTps=21666 avgMGps=1011 elapsed=2h34m44s
Aug 06 15:35:07 nimbus-eth1-mainnet-long-benchmark[1140193]: INF 2026-08-06 15:35:07.205+00:00 Imported blocks                            blockNumber=5439489 slot=1 blocks=5439488 txs=202137994 mgas=9442417 bps=139.6 tps=16602 mgps=939.7 avgBps=582.2 avgTps=21634 avgMGps=1010 elapsed=2h35m43s
Aug 06 15:36:00 nimbus-eth1-mainnet-long-benchmark[1140193]: INF 2026-08-06 15:36:00.889+00:00 Imported blocks                            blockNumber=5447681 slot=1 blocks=5447680 txs=202971502 mgas=9493107 bps=152.6 tps=15526 mgps=944.2 avgBps=579.7 avgTps=21599 avgMGps=1010 elapsed=2h36m36s
Aug 06 15:36:57 nimbus-eth1-mainnet-long-benchmark[1140193]: INF 2026-08-06 15:36:57.072+00:00 Imported blocks                            blockNumber=5455873 slot=1 blocks=5455872 txs=203919362 mgas=9549815 bps=145.8 tps=16870 mgps=1009 avgBps=577.1 avgTps=21571 avgMGps=1010 elapsed=2h37m33s
Aug 06 15:37:56 nimbus-eth1-mainnet-long-benchmark[1140193]: INF 2026-08-06 15:37:56.643+00:00 Imported blocks                            blockNumber=5464065 slot=1 blocks=5464064 txs=204953333 mgas=9608468 bps=137.5 tps=17356 mgps=984.6 avgBps=574.4 avgTps=21545 avgMGps=1010 elapsed=2h38m32s
Aug 06 15:38:57 nimbus-eth1-mainnet-long-benchmark[1140193]: INF 2026-08-06 15:38:57.538+00:00 Imported blocks                            blockNumber=5472257 slot=1 blocks=5472256 txs=206068922 mgas=9667810 bps=134.5 tps=18319 mgps=974.5 avgBps=571.6 avgTps=21524 avgMGps=1009 elapsed=2h39m33s
Aug 06 15:39:58 nimbus-eth1-mainnet-long-benchmark[1140193]: INF 2026-08-06 15:39:58.477+00:00 Imported blocks                            blockNumber=5480449 slot=1 blocks=5480448 txs=207222045 mgas=9726894 bps=134.4 tps=18922 mgps=969.5 avgBps=568.8 avgTps=21508 avgMGps=1009 elapsed=2h40m34s
Aug 06 15:40:57 nimbus-eth1-mainnet-long-benchmark[1140193]: INF 2026-08-06 15:40:57.520+00:00 Imported blocks                            blockNumber=5488641 slot=1 blocks=5488640 txs=208231197 mgas=9782963 bps=138.7 tps=17091 mgps=949.6 avgBps=566.2 avgTps=21481 avgMGps=1009 elapsed=2h41m33s
Aug 06 15:42:01 nimbus-eth1-mainnet-long-benchmark[1140193]: INF 2026-08-06 15:42:01.023+00:00 Imported blocks                            blockNumber=5496833 slot=1 blocks=5496832 txs=209387352 mgas=9840565 bps=129.0 tps=18206 mgps=907.1 avgBps=563.4 avgTps=21459 avgMGps=1008 elapsed=2h42m37s
Aug 06 15:43:05 nimbus-eth1-mainnet-long-benchmark[1140193]: INF 2026-08-06 15:43:05.346+00:00 Imported blocks                            blockNumber=5505025 slot=1 blocks=5505024 txs=210535309 mgas=9898096 bps=127.4 tps=17847 mgps=894.5 avgBps=560.5 avgTps=21436 avgMGps=1007 elapsed=2h43m41s
Aug 06 15:44:04 nimbus-eth1-mainnet-long-benchmark[1140193]: INF 2026-08-06 15:44:04.129+00:00 Imported blocks                            blockNumber=5513217 slot=1 blocks=5513216 txs=211624286 mgas=9953427 bps=139.4 tps=18524 mgps=941.2 avgBps=558.0 avgTps=21418 avgMGps=1007 elapsed=2h44m40s
Aug 06 15:45:02 nimbus-eth1-mainnet-long-benchmark[1140193]: INF 2026-08-06 15:45:02.676+00:00 Imported blocks                            blockNumber=5521409 slot=1 blocks=5521408 txs=212752762 mgas=10007719 bps=139.9 tps=19274 mgps=927.3 avgBps=555.5 avgTps=21406 avgMGps=1006 elapsed=2h45m38s
Aug 06 15:46:04 nimbus-eth1-mainnet-long-benchmark[1140193]: INF 2026-08-06 15:46:04.091+00:00 Imported blocks                            blockNumber=5529601 slot=1 blocks=5529600 txs=213799913 mgas=10062746 bps=133.4 tps=17049 mgps=896.0 avgBps=552.9 avgTps=21379 avgMGps=1006 elapsed=2h46m40s
Aug 06 15:47:07 nimbus-eth1-mainnet-long-benchmark[1140193]: INF 2026-08-06 15:47:07.694+00:00 Imported blocks                            blockNumber=5537793 slot=1 blocks=5537792 txs=214926872 mgas=10120726 bps=128.8 tps=17719 mgps=911.6 avgBps=550.3 avgTps=21356 avgMGps=1005 elapsed=2h47m43s
Aug 06 15:48:11 nimbus-eth1-mainnet-long-benchmark[1140193]: INF 2026-08-06 15:48:11.401+00:00 Imported blocks                            blockNumber=5545985 slot=1 blocks=5545984 txs=216003215 mgas=10179892 bps=128.6 tps=16895 mgps=928.7 avgBps=547.6 avgTps=21328 avgMGps=1005 elapsed=2h48m47s
Aug 06 15:49:17 nimbus-eth1-mainnet-long-benchmark[1140193]: INF 2026-08-06 15:49:17.408+00:00 Imported blocks                            blockNumber=5554177 slot=1 blocks=5554176 txs=217195611 mgas=10239437 bps=124.1 tps=18064 mgps=902.1 avgBps=544.9 avgTps=21307 avgMGps=1004 elapsed=2h49m53s
Aug 06 15:50:27 nimbus-eth1-mainnet-long-benchmark[1140193]: INF 2026-08-06 15:50:27.307+00:00 Imported blocks                            blockNumber=5562369 slot=1 blocks=5562368 txs=218572562 mgas=10297957 bps=117.2 tps=19698 mgps=837.2 avgBps=542.0 avgTps=21296 avgMGps=1003 elapsed=2h51m3s
Aug 06 15:51:27 nimbus-eth1-mainnet-long-benchmark[1140193]: INF 2026-08-06 15:51:27.510+00:00 Imported blocks                            blockNumber=5570561 slot=1 blocks=5570560 txs=219549283 mgas=10356007 bps=136.1 tps=16224 mgps=964.3 avgBps=539.6 avgTps=21266 avgMGps=1003 elapsed=2h52m3s
Aug 06 15:52:29 nimbus-eth1-mainnet-long-benchmark[1140193]: INF 2026-08-06 15:52:29.293+00:00 Imported blocks                            blockNumber=5578753 slot=1 blocks=5578752 txs=220715670 mgas=10413738 bps=132.6 tps=18878 mgps=934.4 avgBps=537.2 avgTps=21252 avgMGps=1002 elapsed=2h53m5s
Aug 06 15:53:33 nimbus-eth1-mainnet-long-benchmark[1140193]: INF 2026-08-06 15:53:33.504+00:00 Imported blocks                            blockNumber=5586945 slot=1 blocks=5586944 txs=221877585 mgas=10472145 bps=127.6 tps=18095 mgps=909.6 avgBps=534.7 avgTps=21233 avgMGps=1002 elapsed=2h54m9s
Aug 06 15:54:39 nimbus-eth1-mainnet-long-benchmark[1140193]: INF 2026-08-06 15:54:39.803+00:00 Imported blocks                            blockNumber=5595137 slot=1 blocks=5595136 txs=223112499 mgas=10532917 bps=123.6 tps=18625 mgps=916.6 avgBps=532.1 avgTps=21216 avgMGps=1001 elapsed=2h55m15s
Aug 06 15:55:42 nimbus-eth1-mainnet-long-benchmark[1140193]: INF 2026-08-06 15:55:42.442+00:00 Imported blocks                            blockNumber=5603329 slot=1 blocks=5603328 txs=224236731 mgas=10592673 bps=130.8 tps=17948 mgps=954.0 avgBps=529.7 avgTps=21197 avgMGps=1001 elapsed=2h56m18s
Aug 06 15:56:43 nimbus-eth1-mainnet-long-benchmark[1140193]: INF 2026-08-06 15:56:43.993+00:00 Imported blocks                            blockNumber=5611521 slot=1 blocks=5611520 txs=225332209 mgas=10652795 bps=133.1 tps=17797 mgps=976.8 avgBps=527.4 avgTps=21177 avgMGps=1001 elapsed=2h57m20s
Aug 06 15:57:50 nimbus-eth1-mainnet-long-benchmark[1140193]: INF 2026-08-06 15:57:50.376+00:00 Imported blocks                            blockNumber=5619713 slot=1 blocks=5619712 txs=226491094 mgas=10713164 bps=123.4 tps=17457 mgps=909.4 avgBps=524.9 avgTps=21154 avgMGps=1000 elapsed=2h58m26s
Aug 06 15:58:54 nimbus-eth1-mainnet-long-benchmark[1140193]: INF 2026-08-06 15:58:54.003+00:00 Imported blocks                            blockNumber=5627905 slot=1 blocks=5627904 txs=227644911 mgas=10773939 bps=128.7 tps=18133 mgps=955.2 avgBps=522.5 avgTps=21136 avgMGps=1000 elapsed=2h59m30s
Aug 06 15:59:57 nimbus-eth1-mainnet-long-benchmark[1140193]: INF 2026-08-06 15:59:57.510+00:00 Imported blocks                            blockNumber=5636097 slot=1 blocks=5636096 txs=228871217 mgas=10834353 bps=129.0 tps=19310 mgps=951.3 avgBps=520.2 avgTps=21126 avgMGps=1000 elapsed=3h33s611ms
Aug 06 16:00:59 nimbus-eth1-mainnet-long-benchmark[1140193]: INF 2026-08-06 16:00:59.057+00:00 Imported blocks                            blockNumber=5644289 slot=1 blocks=5644288 txs=230067314 mgas=10894316 bps=133.1 tps=19432 mgps=974.2 avgBps=518.1 avgTps=21116 avgMGps=999.9 elapsed=3h1m35s
Aug 06 16:02:03 nimbus-eth1-mainnet-long-benchmark[1140193]: INF 2026-08-06 16:02:03.672+00:00 Imported blocks                            blockNumber=5652481 slot=1 blocks=5652480 txs=231215371 mgas=10954481 bps=126.8 tps=17767 mgps=931.2 avgBps=515.7 avgTps=21096 avgMGps=999.5 elapsed=3h2m39s
Aug 06 16:03:07 nimbus-eth1-mainnet-long-benchmark[1140193]: INF 2026-08-06 16:03:07.715+00:00 Imported blocks                            blockNumber=5660673 slot=1 blocks=5660672 txs=232392425 mgas=11015178 bps=127.9 tps=18378 mgps=947.7 avgBps=513.5 avgTps=21080 avgMGps=999.2 elapsed=3h3m43s
Aug 06 16:04:13 nimbus-eth1-mainnet-long-benchmark[1140193]: INF 2026-08-06 16:04:13.702+00:00 Imported blocks                            blockNumber=5668865 slot=1 blocks=5668864 txs=233627923 mgas=11075226 bps=124.2 tps=18725 mgps=910.1 avgBps=511.2 avgTps=21066 avgMGps=998.7 elapsed=3h4m49s
Aug 06 16:05:20 nimbus-eth1-mainnet-long-benchmark[1140193]: INF 2026-08-06 16:05:20.633+00:00 Imported blocks                            blockNumber=5677057 slot=1 blocks=5677056 txs=234775285 mgas=11135711 bps=122.4 tps=17141 mgps=903.6 avgBps=508.8 avgTps=21043 avgMGps=998.1 elapsed=3h5m56s
Aug 06 16:06:24 nimbus-eth1-mainnet-long-benchmark[1140193]: INF 2026-08-06 16:06:24.200+00:00 Imported blocks                            blockNumber=5685249 slot=1 blocks=5685248 txs=235883512 mgas=11195486 bps=128.9 tps=17433 mgps=940.3 avgBps=506.7 avgTps=21022 avgMGps=997.8 elapsed=3h7m305ms
Aug 06 16:07:29 nimbus-eth1-mainnet-long-benchmark[1140193]: INF 2026-08-06 16:07:29.715+00:00 Imported blocks                            blockNumber=5693441 slot=1 blocks=5693440 txs=237085394 mgas=11256495 bps=125.0 tps=18345 mgps=931.2 avgBps=504.5 avgTps=21007 avgMGps=997.4 elapsed=3h8m5s
Aug 06 16:08:38 nimbus-eth1-mainnet-long-benchmark[1140193]: INF 2026-08-06 16:08:38.778+00:00 Imported blocks                            blockNumber=5701633 slot=1 blocks=5701632 txs=238269205 mgas=11318172 bps=118.6 tps=17141 mgps=893.1 avgBps=502.1 avgTps=20983 avgMGps=996.8 elapsed=3h9m14s
Aug 06 16:09:50 nimbus-eth1-mainnet-long-benchmark[1140193]: INF 2026-08-06 16:09:50.353+00:00 Imported blocks                            blockNumber=5709825 slot=1 blocks=5709824 txs=239483842 mgas=11379963 bps=114.5 tps=16969 mgps=863.3 avgBps=499.7 avgTps=20958 avgMGps=995.9 elapsed=3h10m26s
Aug 06 16:11:00 nimbus-eth1-mainnet-long-benchmark[1140193]: INF 2026-08-06 16:11:00.488+00:00 Imported blocks                            blockNumber=5718017 slot=1 blocks=5718016 txs=240570315 mgas=11441462 bps=116.8 tps=15491 mgps=876.9 avgBps=497.4 avgTps=20925 avgMGps=995.2 elapsed=3h11m36s
Aug 06 16:12:07 nimbus-eth1-mainnet-long-benchmark[1140193]: INF 2026-08-06 16:12:07.427+00:00 Imported blocks                            blockNumber=5726209 slot=1 blocks=5726208 txs=241772216 mgas=11502595 bps=122.4 tps=17954 mgps=913.2 avgBps=495.2 avgTps=20908 avgMGps=994.7 elapsed=3h12m43s
Aug 06 16:13:13 nimbus-eth1-mainnet-long-benchmark[1140193]: INF 2026-08-06 16:13:13.546+00:00 Imported blocks                            blockNumber=5734401 slot=1 blocks=5734400 txs=242887128 mgas=11563848 bps=123.9 tps=16863 mgps=926.5 avgBps=493.1 avgTps=20885 avgMGps=994.3 elapsed=3h13m49s
Aug 06 16:14:19 nimbus-eth1-mainnet-long-benchmark[1140193]: INF 2026-08-06 16:14:19.521+00:00 Imported blocks                            blockNumber=5742593 slot=1 blocks=5742592 txs=244051101 mgas=11623983 bps=124.2 tps=17642 mgps=911.5 avgBps=491.0 avgTps=20866 avgMGps=993.9 elapsed=3h14m55s
Aug 06 16:15:22 nimbus-eth1-mainnet-long-benchmark[1140193]: INF 2026-08-06 16:15:22.384+00:00 Imported blocks                            blockNumber=5750785 slot=1 blocks=5750784 txs=245135161 mgas=11683584 bps=130.3 tps=17245 mgps=948.1 avgBps=489.1 avgTps=20847 avgMGps=993.6 elapsed=3h15m58s
Aug 06 16:16:25 nimbus-eth1-mainnet-long-benchmark[1140193]: INF 2026-08-06 16:16:25.451+00:00 Imported blocks                            blockNumber=5758977 slot=1 blocks=5758976 txs=246213533 mgas=11743393 bps=129.9 tps=17097 mgps=948.3 avgBps=487.2 avgTps=20827 avgMGps=993.4 elapsed=3h17m1s
Aug 06 16:17:29 nimbus-eth1-mainnet-long-benchmark[1140193]: INF 2026-08-06 16:17:29.506+00:00 Imported blocks                            blockNumber=5767169 slot=1 blocks=5767168 txs=247328378 mgas=11802719 bps=127.9 tps=17405 mgps=926.2 avgBps=485.2 avgTps=20809 avgMGps=993.0 elapsed=3h18m5s
Aug 06 16:18:31 nimbus-eth1-mainnet-long-benchmark[1140193]: INF 2026-08-06 16:18:31.777+00:00 Imported blocks                            blockNumber=5775361 slot=1 blocks=5775360 txs=248454516 mgas=11862582 bps=131.6 tps=18084 mgps=961.3 avgBps=483.4 avgTps=20794 avgMGps=992.9 elapsed=3h19m7s
Aug 06 16:19:33 nimbus-eth1-mainnet-long-benchmark[1140193]: INF 2026-08-06 16:19:33.272+00:00 Imported blocks                            blockNumber=5783553 slot=1 blocks=5783552 txs=249591493 mgas=11921794 bps=133.2 tps=18488 mgps=962.9 avgBps=481.6 avgTps=20783 avgMGps=992.7 elapsed=3h20m9s
Aug 06 16:20:28 nimbus-eth1-mainnet-long-benchmark[1140193]: INF 2026-08-06 16:20:28.627+00:00 Imported blocks                            blockNumber=5791745 slot=1 blocks=5791744 txs=250638008 mgas=11973982 bps=148.0 tps=18905 mgps=942.8 avgBps=480.1 avgTps=20774 avgMGps=992.5 elapsed=3h21m4s
Aug 06 16:21:26 nimbus-eth1-mainnet-long-benchmark[1140193]: INF 2026-08-06 16:21:26.314+00:00 Imported blocks                            blockNumber=5799937 slot=1 blocks=5799936 txs=251678426 mgas=12029173 bps=142.0 tps=18035 mgps=956.7 avgBps=478.4 avgTps=20761 avgMGps=992.3 elapsed=3h22m2s
Aug 06 16:22:19 nimbus-eth1-mainnet-long-benchmark[1140193]: INF 2026-08-06 16:22:19.958+00:00 Imported blocks                            blockNumber=5808129 slot=1 blocks=5808128 txs=252531449 mgas=12084497 bps=152.7 tps=15901 mgps=1031 avgBps=477.0 avgTps=20739 avgMGps=992.5 elapsed=3h22m56s
Aug 06 16:23:20 nimbus-eth1-mainnet-long-benchmark[1140193]: INF 2026-08-06 16:23:20.001+00:00 Imported blocks                            blockNumber=5816321 slot=1 blocks=5816320 txs=253560073 mgas=12141561 bps=136.4 tps=17131 mgps=950.4 avgBps=475.3 avgTps=20722 avgMGps=992.3 elapsed=3h23m56s
Aug 06 16:24:24 nimbus-eth1-mainnet-long-benchmark[1140193]: INF 2026-08-06 16:24:24.268+00:00 Imported blocks                            blockNumber=5824513 slot=1 blocks=5824512 txs=254677119 mgas=12200831 bps=127.5 tps=17380 mgps=922.2 avgBps=473.5 avgTps=20704 avgMGps=991.9 elapsed=3h25m371ms
Aug 06 16:25:27 nimbus-eth1-mainnet-long-benchmark[1140193]: INF 2026-08-06 16:25:27.467+00:00 Imported blocks                            blockNumber=5832705 slot=1 blocks=5832704 txs=255738276 mgas=12259791 bps=129.6 tps=16790 mgps=932.9 avgBps=471.8 avgTps=20684 avgMGps=991.6 elapsed=3h26m3s
Aug 06 16:26:28 nimbus-eth1-mainnet-long-benchmark[1140193]: INF 2026-08-06 16:26:28.418+00:00 Imported blocks                            blockNumber=5840897 slot=1 blocks=5840896 txs=256793603 mgas=12316339 bps=134.4 tps=17314 mgps=927.8 avgBps=470.1 avgTps=20668 avgMGps=991.3 elapsed=3h27m4s
Aug 06 16:27:23 nimbus-eth1-mainnet-long-benchmark[1140193]: INF 2026-08-06 16:27:23.089+00:00 Imported blocks                            blockNumber=5849089 slot=1 blocks=5849088 txs=257672255 mgas=12366878 bps=149.8 tps=16071 mgps=924.4 avgBps=468.7 avgTps=20648 avgMGps=991.0 elapsed=3h27m59s
Aug 06 16:28:30 nimbus-eth1-mainnet-long-benchmark[1140193]: INF 2026-08-06 16:28:30.212+00:00 Imported blocks                            blockNumber=5857281 slot=1 blocks=5857280 txs=258845741 mgas=12424511 bps=122.0 tps=17481 mgps=858.6 avgBps=466.9 avgTps=20631 avgMGps=990.3 elapsed=3h29m6s
Aug 06 16:29:32 nimbus-eth1-mainnet-long-benchmark[1140193]: INF 2026-08-06 16:29:32.631+00:00 Imported blocks                            blockNumber=5865473 slot=1 blocks=5865472 txs=259926780 mgas=12482128 bps=131.2 tps=17319 mgps=923.1 avgBps=465.2 avgTps=20614 avgMGps=990.0 elapsed=3h30m8s
Aug 06 16:30:35 nimbus-eth1-mainnet-long-benchmark[1140193]: INF 2026-08-06 16:30:35.954+00:00 Imported blocks                            blockNumber=5873665 slot=1 blocks=5873664 txs=260984009 mgas=12538871 bps=129.4 tps=16696 mgps=896.1 avgBps=463.5 avgTps=20595 avgMGps=989.5 elapsed=3h31m12s
Aug 06 16:31:34 nimbus-eth1-mainnet-long-benchmark[1140193]: INF 2026-08-06 16:31:34.697+00:00 Imported blocks                            blockNumber=5881857 slot=1 blocks=5881856 txs=261935767 mgas=12597382 bps=139.5 tps=16202 mgps=996.1 avgBps=462.0 avgTps=20574 avgMGps=989.5 elapsed=3h32m10s
Aug 06 16:32:23 nimbus-eth1-mainnet-long-benchmark[1140193]: INF 2026-08-06 16:32:23.812+00:00 Imported blocks                            blockNumber=5890049 slot=1 blocks=5890048 txs=262770950 mgas=12659178 bps=166.8 tps=17004 mgps=1258 avgBps=460.9 avgTps=20561 avgMGps=990.6 elapsed=3h32m59s
Aug 06 16:33:13 nimbus-eth1-mainnet-long-benchmark[1140193]: INF 2026-08-06 16:33:13.875+00:00 Imported blocks                            blockNumber=5898241 slot=1 blocks=5898240 txs=263510879 mgas=12720906 bps=163.6 tps=14779 mgps=1232 avgBps=459.7 avgTps=20538 avgMGps=991.5 elapsed=3h33m49s
Aug 06 16:34:05 nimbus-eth1-mainnet-long-benchmark[1140193]: INF 2026-08-06 16:34:05.655+00:00 Imported blocks                            blockNumber=5906433 slot=1 blocks=5906432 txs=264191752 mgas=12782810 bps=158.2 tps=13150 mgps=1195 avgBps=458.5 avgTps=20508 avgMGps=992.3 elapsed=3h34m41s
Aug 06 16:34:58 nimbus-eth1-mainnet-long-benchmark[1140193]: INF 2026-08-06 16:34:58.790+00:00 Imported blocks                            blockNumber=5914625 slot=1 blocks=5914624 txs=264898081 mgas=12844258 bps=154.2 tps=13292 mgps=1156 avgBps=457.3 avgTps=20479 avgMGps=993.0 elapsed=3h35m34s
Aug 06 16:35:49 nimbus-eth1-mainnet-long-benchmark[1140193]: INF 2026-08-06 16:35:49.833+00:00 Imported blocks                            blockNumber=5922817 slot=1 blocks=5922816 txs=265592658 mgas=12906347 bps=160.5 tps=13607 mgps=1216 avgBps=456.1 avgTps=20452 avgMGps=993.9 elapsed=3h36m25s
Aug 06 16:36:42 nimbus-eth1-mainnet-long-benchmark[1140193]: INF 2026-08-06 16:36:42.884+00:00 Imported blocks                            blockNumber=5931009 slot=1 blocks=5931008 txs=266439626 mgas=12964327 bps=154.4 tps=15965 mgps=1092 avgBps=454.9 avgTps=20434 avgMGps=994.3 elapsed=3h37m18s
Aug 06 16:37:42 nimbus-eth1-mainnet-long-benchmark[1140193]: INF 2026-08-06 16:37:42.427+00:00 Imported blocks                            blockNumber=5939201 slot=1 blocks=5939200 txs=267406185 mgas=13024289 bps=137.6 tps=16232 mgps=1006 avgBps=453.4 avgTps=20414 avgMGps=994.3 elapsed=3h38m18s
Aug 06 16:38:41 nimbus-eth1-mainnet-long-benchmark[1140193]: INF 2026-08-06 16:38:41.142+00:00 Imported blocks                            blockNumber=5947393 slot=1 blocks=5947392 txs=268307973 mgas=13084568 bps=139.5 tps=15359 mgps=1026 avgBps=452.0 avgTps=20392 avgMGps=994.5 elapsed=3h39m17s
Aug 06 16:39:38 nimbus-eth1-mainnet-long-benchmark[1140193]: INF 2026-08-06 16:39:38.166+00:00 Imported blocks                            blockNumber=5955585 slot=1 blocks=5955584 txs=269110837 mgas=13144983 bps=143.7 tps=14079 mgps=1059 avgBps=450.7 avgTps=20365 avgMGps=994.8 elapsed=3h40m14s
Aug 06 16:40:32 nimbus-eth1-mainnet-long-benchmark[1140193]: INF 2026-08-06 16:40:32.641+00:00 Imported blocks                            blockNumber=5963777 slot=1 blocks=5963776 txs=269795947 mgas=13208052 bps=150.4 tps=12576 mgps=1157 avgBps=449.5 avgTps=20333 avgMGps=995.4 elapsed=3h41m8s
Aug 06 16:41:25 nimbus-eth1-mainnet-long-benchmark[1140193]: INF 2026-08-06 16:41:25.304+00:00 Imported blocks                            blockNumber=5971969 slot=1 blocks=5971968 txs=270445659 mgas=13267738 bps=155.6 tps=12337 mgps=1133 avgBps=448.3 avgTps=20301 avgMGps=996.0 elapsed=3h42m1s
Aug 06 16:42:29 nimbus-eth1-mainnet-long-benchmark[1140193]: INF 2026-08-06 16:42:29.451+00:00 Imported blocks                            blockNumber=5980161 slot=1 blocks=5980160 txs=271482455 mgas=13327833 bps=127.7 tps=16161 mgps=936.8 avgBps=446.8 avgTps=20281 avgMGps=995.7 elapsed=3h43m5s
Aug 06 16:43:32 nimbus-eth1-mainnet-long-benchmark[1140193]: INF 2026-08-06 16:43:32.742+00:00 Imported blocks                            blockNumber=5988353 slot=1 blocks=5988352 txs=272485958 mgas=13387249 bps=129.4 tps=15856 mgps=938.8 avgBps=445.3 avgTps=20260 avgMGps=995.4 elapsed=3h44m8s
Aug 06 16:44:35 nimbus-eth1-mainnet-long-benchmark[1140193]: INF 2026-08-06 16:44:35.085+00:00 Imported blocks                            blockNumber=5996545 slot=1 blocks=5996544 txs=273513562 mgas=13446865 bps=131.4 tps=16483 mgps=956.3 avgBps=443.8 avgTps=20243 avgMGps=995.2 elapsed=3h45m11s
Aug 06 16:45:41 nimbus-eth1-mainnet-long-benchmark[1140193]: INF 2026-08-06 16:45:41.448+00:00 Imported blocks                            blockNumber=6004737 slot=1 blocks=6004736 txs=274405665 mgas=13507303 bps=123.4 tps=13442 mgps=910.7 avgBps=442.3 avgTps=20210 avgMGps=994.8 elapsed=3h46m17s
Aug 06 16:46:43 nimbus-eth1-mainnet-long-benchmark[1140193]: INF 2026-08-06 16:46:43.615+00:00 Imported blocks                            blockNumber=6012929 slot=1 blocks=6012928 txs=275285977 mgas=13567110 bps=131.8 tps=14160 mgps=962.1 avgBps=440.8 avgTps=20182 avgMGps=994.7 elapsed=3h47m19s
Aug 06 16:47:50 nimbus-eth1-mainnet-long-benchmark[1140193]: INF 2026-08-06 16:47:50.642+00:00 Imported blocks                            blockNumber=6021121 slot=1 blocks=6021120 txs=276395619 mgas=13627135 bps=122.2 tps=16555 mgps=895.5 avgBps=439.3 avgTps=20164 avgMGps=994.2 elapsed=3h48m26s
Aug 06 16:48:57 nimbus-eth1-mainnet-long-benchmark[1140193]: INF 2026-08-06 16:48:57.117+00:00 Imported blocks                            blockNumber=6029313 slot=1 blocks=6029312 txs=277490573 mgas=13686775 bps=123.2 tps=16471 mgps=897.2 avgBps=437.8 avgTps=20147 avgMGps=993.7 elapsed=3h49m33s
Aug 06 16:50:00 nimbus-eth1-mainnet-long-benchmark[1140193]: INF 2026-08-06 16:50:00.088+00:00 Imported blocks                            blockNumber=6037505 slot=1 blocks=6037504 txs=278520990 mgas=13746145 bps=130.1 tps=16363 mgps=942.8 avgBps=436.4 avgTps=20129 avgMGps=993.5 elapsed=3h50m36s
Aug 06 16:51:05 nimbus-eth1-mainnet-long-benchmark[1140193]: INF 2026-08-06 16:51:05.019+00:00 Imported blocks                            blockNumber=6045697 slot=1 blocks=6045696 txs=279578190 mgas=13802046 bps=126.2 tps=16281 mgps=860.9 avgBps=434.9 avgTps=20111 avgMGps=992.9 elapsed=3h51m41s
Aug 06 16:52:01 nimbus-eth1-mainnet-long-benchmark[1140193]: INF 2026-08-06 16:52:01.454+00:00 Imported blocks                            blockNumber=6053889 slot=1 blocks=6053888 txs=280518529 mgas=13852799 bps=145.2 tps=16663 mgps=899.4 avgBps=433.7 avgTps=20097 avgMGps=992.5 elapsed=3h52m37s
Aug 06 16:53:04 nimbus-eth1-mainnet-long-benchmark[1140193]: INF 2026-08-06 16:53:04.521+00:00 Imported blocks                            blockNumber=6062081 slot=1 blocks=6062080 txs=281566174 mgas=13909217 bps=129.9 tps=16611 mgps=894.5 avgBps=432.4 avgTps=20082 avgMGps=992.1 elapsed=3h53m40s
Aug 06 16:54:10 nimbus-eth1-mainnet-long-benchmark[1140193]: INF 2026-08-06 16:54:10.660+00:00 Imported blocks                            blockNumber=6070273 slot=1 blocks=6070272 txs=282636518 mgas=13967829 bps=123.9 tps=16182 mgps=886.2 avgBps=430.9 avgTps=20063 avgMGps=991.6 elapsed=3h54m46s
Aug 06 16:55:13 nimbus-eth1-mainnet-long-benchmark[1140193]: INF 2026-08-06 16:55:13.799+00:00 Imported blocks                            blockNumber=6078465 slot=1 blocks=6078464 txs=283676844 mgas=14026990 bps=129.7 tps=16476 mgps=937.0 avgBps=429.6 avgTps=20047 avgMGps=991.3 elapsed=3h55m49s
Aug 06 16:56:13 nimbus-eth1-mainnet-long-benchmark[1140193]: INF 2026-08-06 16:56:13.806+00:00 Imported blocks                            blockNumber=6086657 slot=1 blocks=6086656 txs=284709783 mgas=14086235 bps=136.5 tps=17214 mgps=987.3 avgBps=428.3 avgTps=20036 avgMGps=991.3 elapsed=3h56m49s
Aug 06 16:57:13 nimbus-eth1-mainnet-long-benchmark[1140193]: INF 2026-08-06 16:57:13.153+00:00 Imported blocks                            blockNumber=6094849 slot=1 blocks=6094848 txs=285687889 mgas=14144316 bps=138.0 tps=16481 mgps=978.7 avgBps=427.1 avgTps=20021 avgMGps=991.2 elapsed=3h57m49s
Aug 06 16:58:16 nimbus-eth1-mainnet-long-benchmark[1140193]: INF 2026-08-06 16:58:16.776+00:00 Imported blocks                            blockNumber=6103041 slot=1 blocks=6103040 txs=286637824 mgas=14203750 bps=128.8 tps=14930 mgps=934.1 avgBps=425.8 avgTps=19998 avgMGps=991.0 elapsed=3h58m52s
Aug 06 16:59:37 nimbus-eth1-mainnet-long-benchmark[1140193]: INF 2026-08-06 16:59:37.455+00:00 Imported blocks                            blockNumber=6111233 slot=1 blocks=6111232 txs=287452264 mgas=14266169 bps=101.5 tps=10095 mgps=773.7 avgBps=424.0 avgTps=19943 avgMGps=989.8 elapsed=4h13s555ms
Aug 06 17:01:00 nimbus-eth1-mainnet-long-benchmark[1140193]: INF 2026-08-06 17:01:00.417+00:00 Imported blocks                            blockNumber=6119425 slot=1 blocks=6119424 txs=288209147 mgas=14328098 bps=98.74 tps=9122 mgps=746.4 avgBps=422.1 avgTps=19881 avgMGps=988.4 elapsed=4h1m36s
Aug 06 17:02:10 nimbus-eth1-mainnet-long-benchmark[1140193]: INF 2026-08-06 17:02:10.212+00:00 Imported blocks                            blockNumber=6127617 slot=1 blocks=6127616 txs=289100847 mgas=14386026 bps=117.4 tps=12776 mgps=830.0 avgBps=420.7 avgTps=19847 avgMGps=987.6 elapsed=4h2m46s
Aug 06 17:03:08 nimbus-eth1-mainnet-long-benchmark[1140193]: INF 2026-08-06 17:03:08.147+00:00 Imported blocks                            blockNumber=6135809 slot=1 blocks=6135808 txs=289995220 mgas=14440150 bps=141.4 tps=15436 mgps=934.2 avgBps=419.6 avgTps=19829 avgMGps=987.4 elapsed=4h3m44s
Aug 06 17:04:10 nimbus-eth1-mainnet-long-benchmark[1140193]: INF 2026-08-06 17:04:10.266+00:00 Imported blocks                            blockNumber=6144001 slot=1 blocks=6144000 txs=290944064 mgas=14494624 bps=131.9 tps=15275 mgps=877.0 avgBps=418.3 avgTps=19810 avgMGps=986.9 elapsed=4h4m46s
Aug 06 17:05:11 nimbus-eth1-mainnet-long-benchmark[1140193]: INF 2026-08-06 17:05:11.225+00:00 Imported blocks                            blockNumber=6152193 slot=1 blocks=6152192 txs=291893124 mgas=14550560 bps=134.4 tps=15568 mgps=917.6 avgBps=417.2 avgTps=19792 avgMGps=986.7 elapsed=4h5m47s
Aug 06 17:06:13 nimbus-eth1-mainnet-long-benchmark[1140193]: INF 2026-08-06 17:06:13.696+00:00 Imported blocks                            blockNumber=6160385 slot=1 blocks=6160384 txs=292833857 mgas=14607740 bps=131.1 tps=15058 mgps=915.3 avgBps=416.0 avgTps=19772 avgMGps=986.4 elapsed=4h6m49s
Aug 06 17:07:22 nimbus-eth1-mainnet-long-benchmark[1140193]: INF 2026-08-06 17:07:22.427+00:00 Imported blocks                            blockNumber=6168577 slot=1 blocks=6168576 txs=293708861 mgas=14667507 bps=119.2 tps=12730 mgps=869.6 avgBps=414.6 avgTps=19740 avgMGps=985.8 elapsed=4h7m58s
Aug 06 17:08:25 nimbus-eth1-mainnet-long-benchmark[1140193]: INF 2026-08-06 17:08:25.710+00:00 Imported blocks                            blockNumber=6176769 slot=1 blocks=6176768 txs=294563705 mgas=14726140 bps=129.5 tps=13508 mgps=926.5 avgBps=413.4 avgTps=19714 avgMGps=985.6 elapsed=4h9m1s
Aug 06 17:09:28 nimbus-eth1-mainnet-long-benchmark[1140193]: INF 2026-08-06 17:09:28.701+00:00 Imported blocks                            blockNumber=6184961 slot=1 blocks=6184960 txs=295433515 mgas=14783313 bps=130.0 tps=13808 mgps=907.6 avgBps=412.2 avgTps=19689 avgMGps=985.2 elapsed=4h10m4s
Aug 06 17:10:33 nimbus-eth1-mainnet-long-benchmark[1140193]: INF 2026-08-06 17:10:33.688+00:00 Imported blocks                            blockNumber=6193153 slot=1 blocks=6193152 txs=296291854 mgas=14842029 bps=126.1 tps=13207 mgps=903.5 avgBps=411.0 avgTps=19661 avgMGps=984.9 elapsed=4h11m9s
Aug 06 17:11:36 nimbus-eth1-mainnet-long-benchmark[1140193]: INF 2026-08-06 17:11:36.879+00:00 Imported blocks                            blockNumber=6201345 slot=1 blocks=6201344 txs=297099945 mgas=14901098 bps=129.6 tps=12787 mgps=934.7 avgBps=409.8 avgTps=19632 avgMGps=984.7 elapsed=4h12m12s
Aug 06 17:12:43 nimbus-eth1-mainnet-long-benchmark[1140193]: INF 2026-08-06 17:12:43.718+00:00 Imported blocks                            blockNumber=6209537 slot=1 blocks=6209536 txs=297916698 mgas=14959973 bps=122.6 tps=12220 mgps=880.9 avgBps=408.5 avgTps=19600 avgMGps=984.2 elapsed=4h13m19s
Aug 06 17:13:47 nimbus-eth1-mainnet-long-benchmark[1140193]: INF 2026-08-06 17:13:47.825+00:00 Imported blocks                            blockNumber=6217729 slot=1 blocks=6217728 txs=298726153 mgas=15018533 bps=127.8 tps=12626 mgps=913.5 avgBps=407.3 avgTps=19570 avgMGps=983.9 elapsed=4h14m23s
Aug 06 17:14:51 nimbus-eth1-mainnet-long-benchmark[1140193]: INF 2026-08-06 17:14:51.904+00:00 Imported blocks                            blockNumber=6225921 slot=1 blocks=6225920 txs=299565406 mgas=15076094 bps=127.8 tps=13096 mgps=898.2 avgBps=406.2 avgTps=19543 avgMGps=983.6 elapsed=4h15m28s
Aug 06 17:15:57 nimbus-eth1-mainnet-long-benchmark[1140193]: INF 2026-08-06 17:15:57.247+00:00 Imported blocks                            blockNumber=6234113 slot=1 blocks=6234112 txs=300411182 mgas=15135113 bps=125.4 tps=12944 mgps=903.3 avgBps=405.0 avgTps=19515 avgMGps=983.2 elapsed=4h16m33s
Aug 06 17:17:04 nimbus-eth1-mainnet-long-benchmark[1140193]: INF 2026-08-06 17:17:04.154+00:00 Imported blocks                            blockNumber=6242305 slot=1 blocks=6242304 txs=301215473 mgas=15192196 bps=122.4 tps=12021 mgps=853.2 avgBps=403.8 avgTps=19483 avgMGps=982.7 elapsed=4h17m40s
Aug 06 17:18:07 nimbus-eth1-mainnet-long-benchmark[1140193]: INF 2026-08-06 17:18:07.185+00:00 Imported blocks                            blockNumber=6250497 slot=1 blocks=6250496 txs=301994783 mgas=15250489 bps=130.0 tps=12363 mgps=924.8 avgBps=402.7 avgTps=19454 avgMGps=982.4 elapsed=4h18m43s
Aug 06 17:19:12 nimbus-eth1-mainnet-long-benchmark[1140193]: INF 2026-08-06 17:19:12.168+00:00 Imported blocks                            blockNumber=6258689 slot=1 blocks=6258688 txs=302930566 mgas=15309041 bps=126.1 tps=14399 mgps=901.0 avgBps=401.5 avgTps=19433 avgMGps=982.1 elapsed=4h19m48s
Aug 06 17:20:16 nimbus-eth1-mainnet-long-benchmark[1140193]: INF 2026-08-06 17:20:16.371+00:00 Imported blocks                            blockNumber=6266881 slot=1 blocks=6266880 txs=303762909 mgas=15365780 bps=127.6 tps=12964 mgps=883.8 avgBps=400.4 avgTps=19406 avgMGps=981.7 elapsed=4h20m52s
Aug 06 17:21:21 nimbus-eth1-mainnet-long-benchmark[1140193]: INF 2026-08-06 17:21:21.466+00:00 Imported blocks                            blockNumber=6275073 slot=1 blocks=6275072 txs=304578148 mgas=15422660 bps=125.9 tps=12524 mgps=873.8 avgBps=399.2 avgTps=19378 avgMGps=981.2 elapsed=4h21m57s
Aug 06 17:22:24 nimbus-eth1-mainnet-long-benchmark[1140193]: INF 2026-08-06 17:22:24.345+00:00 Imported blocks                            blockNumber=6283265 slot=1 blocks=6283264 txs=305447770 mgas=15479164 bps=130.3 tps=13829 mgps=898.6 avgBps=398.2 avgTps=19356 avgMGps=980.9 elapsed=4h23m448ms
Aug 06 17:23:29 nimbus-eth1-mainnet-long-benchmark[1140193]: INF 2026-08-06 17:23:29.200+00:00 Imported blocks                            blockNumber=6291457 slot=1 blocks=6291456 txs=306201681 mgas=15536357 bps=126.3 tps=11624 mgps=881.9 avgBps=397.1 avgTps=19324 avgMGps=980.5 elapsed=4h24m5s
Aug 06 17:24:32 nimbus-eth1-mainnet-long-benchmark[1140193]: INF 2026-08-06 17:24:32.959+00:00 Imported blocks                            blockNumber=6299649 slot=1 blocks=6299648 txs=306998089 mgas=15594849 bps=128.5 tps=12490 mgps=917.3 avgBps=396.0 avgTps=19297 avgMGps=980.2 elapsed=4h25m9s
Aug 06 17:25:36 nimbus-eth1-mainnet-long-benchmark[1140193]: INF 2026-08-06 17:25:36.490+00:00 Imported blocks                            blockNumber=6307841 slot=1 blocks=6307840 txs=307773956 mgas=15652669 bps=129.0 tps=12213 mgps=910.2 avgBps=394.9 avgTps=19268 avgMGps=980.0 elapsed=4h26m12s
Aug 06 17:26:37 nimbus-eth1-mainnet-long-benchmark[1140193]: INF 2026-08-06 17:26:37.145+00:00 Imported blocks                            blockNumber=6316033 slot=1 blocks=6316032 txs=308505771 mgas=15708223 bps=135.1 tps=12064 mgps=915.9 avgBps=393.9 avgTps=19241 avgMGps=979.7 elapsed=4h27m13s
Aug 06 17:27:39 nimbus-eth1-mainnet-long-benchmark[1140193]: INF 2026-08-06 17:27:39.804+00:00 Imported blocks                            blockNumber=6324225 slot=1 blocks=6324224 txs=309306948 mgas=15764278 bps=130.7 tps=12785 mgps=894.6 avgBps=392.9 avgTps=19216 avgMGps=979.4 elapsed=4h28m15s
Aug 06 17:28:41 nimbus-eth1-mainnet-long-benchmark[1140193]: INF 2026-08-06 17:28:41.127+00:00 Imported blocks                            blockNumber=6332417 slot=1 blocks=6332416 txs=310009872 mgas=15819918 bps=133.6 tps=11462 mgps=907.3 avgBps=391.9 avgTps=19187 avgMGps=979.1 elapsed=4h29m17s
Aug 06 17:29:42 nimbus-eth1-mainnet-long-benchmark[1140193]: INF 2026-08-06 17:29:42.526+00:00 Imported blocks                            blockNumber=6340609 slot=1 blocks=6340608 txs=310638793 mgas=15877206 bps=133.4 tps=10244 mgps=933.1 avgBps=390.9 avgTps=19153 avgMGps=978.9 elapsed=4h30m18s
Aug 06 17:30:41 nimbus-eth1-mainnet-long-benchmark[1140193]: INF 2026-08-06 17:30:41.533+00:00 Imported blocks                            blockNumber=6348801 slot=1 blocks=6348800 txs=311339807 mgas=15934002 bps=138.8 tps=11879 mgps=962.5 avgBps=390.0 avgTps=19126 avgMGps=978.9 elapsed=4h31m17s
Aug 06 17:31:44 nimbus-eth1-mainnet-long-benchmark[1140193]: INF 2026-08-06 17:31:44.060+00:00 Imported blocks                            blockNumber=6356993 slot=1 blocks=6356992 txs=312019797 mgas=15990756 bps=131.0 tps=10875 mgps=907.7 avgBps=389.0 avgTps=19095 avgMGps=978.6 elapsed=4h32m20s
Aug 06 17:32:38 nimbus-eth1-mainnet-long-benchmark[1140193]: INF 2026-08-06 17:32:38.403+00:00 Imported blocks                            blockNumber=6365185 slot=1 blocks=6365184 txs=312699475 mgas=16047600 bps=150.7 tps=12506 mgps=1045 avgBps=388.3 avgTps=19073 avgMGps=978.8 elapsed=4h33m14s
Aug 06 17:33:40 nimbus-eth1-mainnet-long-benchmark[1140193]: INF 2026-08-06 17:33:40.554+00:00 Imported blocks                            blockNumber=6373377 slot=1 blocks=6373376 txs=313429735 mgas=16103295 bps=131.8 tps=11750 mgps=896.2 avgBps=387.3 avgTps=19045 avgMGps=978.5 elapsed=4h34m16s
Aug 06 17:34:37 nimbus-eth1-mainnet-long-benchmark[1140193]: INF 2026-08-06 17:34:37.537+00:00 Imported blocks                            blockNumber=6381569 slot=1 blocks=6381568 txs=314060857 mgas=16159348 bps=143.8 tps=11075 mgps=983.7 avgBps=386.4 avgTps=19018 avgMGps=978.5 elapsed=4h35m13s
Aug 06 17:35:36 nimbus-eth1-mainnet-long-benchmark[1140193]: INF 2026-08-06 17:35:36.173+00:00 Imported blocks                            blockNumber=6389761 slot=1 blocks=6389760 txs=314684436 mgas=16214829 bps=139.7 tps=10635 mgps=946.2 avgBps=385.6 avgTps=18988 avgMGps=978.4 elapsed=4h36m12s
Aug 06 17:36:36 nimbus-eth1-mainnet-long-benchmark[1140193]: INF 2026-08-06 17:36:36.388+00:00 Imported blocks                            blockNumber=6397953 slot=1 blocks=6397952 txs=315406780 mgas=16271260 bps=136.0 tps=11995 mgps=937.1 avgBps=384.7 avgTps=18963 avgMGps=978.3 elapsed=4h37m12s
Aug 06 17:37:36 nimbus-eth1-mainnet-long-benchmark[1140193]: INF 2026-08-06 17:37:36.839+00:00 Imported blocks                            blockNumber=6406145 slot=1 blocks=6406144 txs=316036272 mgas=16328418 bps=135.5 tps=10414 mgps=945.6 avgBps=383.8 avgTps=18932 avgMGps=978.2 elapsed=4h38m12s
Aug 06 17:38:36 nimbus-eth1-mainnet-long-benchmark[1140193]: INF 2026-08-06 17:38:36.866+00:00 Imported blocks                            blockNumber=6414337 slot=1 blocks=6414336 txs=316746101 mgas=16385776 bps=136.5 tps=11824 mgps=955.5 avgBps=382.9 avgTps=18906 avgMGps=978.1 elapsed=4h39m12s
Aug 06 17:39:30 nimbus-eth1-mainnet-long-benchmark[1140193]: INF 2026-08-06 17:39:30.697+00:00 Imported blocks                            blockNumber=6422529 slot=1 blocks=6422528 txs=317359187 mgas=16440718 bps=152.2 tps=11388 mgps=1020 avgBps=382.1 avgTps=18882 avgMGps=978.2 elapsed=4h40m6s
Aug 06 17:40:25 nimbus-eth1-mainnet-long-benchmark[1140193]: INF 2026-08-06 17:40:25.952+00:00 Imported blocks                            blockNumber=6430721 slot=1 blocks=6430720 txs=317965609 mgas=16493295 bps=148.3 tps=10974 mgps=951.5 avgBps=381.4 avgTps=18856 avgMGps=978.1 elapsed=4h41m2s
Aug 06 17:41:22 nimbus-eth1-mainnet-long-benchmark[1140193]: INF 2026-08-06 17:41:22.303+00:00 Imported blocks                            blockNumber=6438913 slot=1 blocks=6438912 txs=318608154 mgas=16545754 bps=145.4 tps=11402 mgps=930.9 avgBps=380.6 avgTps=18832 avgMGps=978.0 elapsed=4h41m58s
Aug 06 17:42:17 nimbus-eth1-mainnet-long-benchmark[1140193]: INF 2026-08-06 17:42:17.978+00:00 Imported blocks                            blockNumber=6447105 slot=1 blocks=6447104 txs=319340150 mgas=16598899 bps=147.1 tps=13147 mgps=954.6 avgBps=379.8 avgTps=18813 avgMGps=977.9 elapsed=4h42m54s
Aug 06 17:43:20 nimbus-eth1-mainnet-long-benchmark[1140193]: INF 2026-08-06 17:43:20.569+00:00 Imported blocks                            blockNumber=6455297 slot=1 blocks=6455296 txs=320065114 mgas=16653206 bps=130.9 tps=11582 mgps=867.6 avgBps=378.9 avgTps=18786 avgMGps=977.5 elapsed=4h43m56s
Aug 06 17:44:20 nimbus-eth1-mainnet-long-benchmark[1140193]: INF 2026-08-06 17:44:20.556+00:00 Imported blocks                            blockNumber=6463489 slot=1 blocks=6463488 txs=320881105 mgas=16705932 bps=136.6 tps=13602 mgps=879.0 avgBps=378.1 avgTps=18768 avgMGps=977.1 elapsed=4h44m56s
Aug 06 17:45:12 nimbus-eth1-mainnet-long-benchmark[1140193]: INF 2026-08-06 17:45:12.919+00:00 Imported blocks                            blockNumber=6471681 slot=1 blocks=6471680 txs=321610730 mgas=16755114 bps=156.4 tps=13933 mgps=939.2 avgBps=377.4 avgTps=18753 avgMGps=977.0 elapsed=4h45m49s
Aug 06 17:46:00 nimbus-eth1-mainnet-long-benchmark[1140193]: INF 2026-08-06 17:46:00.967+00:00 Imported blocks                            blockNumber=6479873 slot=1 blocks=6479872 txs=322280567 mgas=16801945 bps=170.5 tps=13942 mgps=974.8 avgBps=376.8 avgTps=18740 avgMGps=977.0 elapsed=4h46m37s
Aug 06 17:46:56 nimbus-eth1-mainnet-long-benchmark[1140193]: INF 2026-08-06 17:46:56.294+00:00 Imported blocks                            blockNumber=6488065 slot=1 blocks=6488064 txs=323027711 mgas=16850068 bps=148.1 tps=13503 mgps=869.8 avgBps=376.1 avgTps=18723 avgMGps=976.7 elapsed=4h47m32s
Aug 06 17:47:56 nimbus-eth1-mainnet-long-benchmark[1140193]: INF 2026-08-06 17:47:56.281+00:00 Imported blocks                            blockNumber=6496257 slot=1 blocks=6496256 txs=323745037 mgas=16898027 bps=136.6 tps=11958 mgps=799.5 avgBps=375.2 avgTps=18700 avgMGps=976.1 elapsed=4h48m32s
Aug 06 17:48:54 nimbus-eth1-mainnet-long-benchmark[1140193]: INF 2026-08-06 17:48:54.708+00:00 Imported blocks                            blockNumber=6504449 slot=1 blocks=6504448 txs=324463429 mgas=16948936 bps=140.2 tps=12294 mgps=871.3 avgBps=374.4 avgTps=18678 avgMGps=975.7 elapsed=4h49m30s
Aug 06 17:49:49 nimbus-eth1-mainnet-long-benchmark[1140193]: INF 2026-08-06 17:49:49.427+00:00 Imported blocks                            blockNumber=6512641 slot=1 blocks=6512640 txs=325193896 mgas=16997329 bps=149.7 tps=13350 mgps=884.4 avgBps=373.7 avgTps=18661 avgMGps=975.4 elapsed=4h50m25s
Aug 06 17:50:44 nimbus-eth1-mainnet-long-benchmark[1140193]: INF 2026-08-06 17:50:44.414+00:00 Imported blocks                            blockNumber=6520833 slot=1 blocks=6520832 txs=325931955 mgas=17043460 bps=149.0 tps=13423 mgps=839.0 avgBps=373.0 avgTps=18645 avgMGps=975.0 elapsed=4h51m20s
Aug 06 17:51:37 nimbus-eth1-mainnet-long-benchmark[1140193]: INF 2026-08-06 17:51:37.609+00:00 Imported blocks                            blockNumber=6529025 slot=1 blocks=6529024 txs=326656663 mgas=17089938 bps=154.0 tps=13623 mgps=873.7 avgBps=372.4 avgTps=18630 avgMGps=974.7 elapsed=4h52m13s
Aug 06 17:52:33 nimbus-eth1-mainnet-long-benchmark[1140193]: INF 2026-08-06 17:52:33.856+00:00 Imported blocks                            blockNumber=6537217 slot=1 blocks=6537216 txs=327456928 mgas=17138909 bps=145.6 tps=14226 mgps=870.6 avgBps=371.6 avgTps=18616 avgMGps=974.4 elapsed=4h53m9s
Aug 06 17:53:28 nimbus-eth1-mainnet-long-benchmark[1140193]: INF 2026-08-06 17:53:28.680+00:00 Imported blocks                            blockNumber=6545409 slot=1 blocks=6545408 txs=328244312 mgas=17187406 bps=149.4 tps=14362 mgps=884.6 avgBps=371.0 avgTps=18602 avgMGps=974.1 elapsed=4h54m4s
Aug 06 17:54:22 nimbus-eth1-mainnet-long-benchmark[1140193]: INF 2026-08-06 17:54:22.879+00:00 Imported blocks                            blockNumber=6553601 slot=1 blocks=6553600 txs=328942710 mgas=17234594 bps=151.2 tps=12886 mgps=870.7 avgBps=370.3 avgTps=18585 avgMGps=973.8 elapsed=4h54m58s
Aug 06 17:55:16 nimbus-eth1-mainnet-long-benchmark[1140193]: INF 2026-08-06 17:55:16.834+00:00 Imported blocks                            blockNumber=6561793 slot=1 blocks=6561792 txs=329680267 mgas=17283382 bps=151.8 tps=13669 mgps=904.2 avgBps=369.6 avgTps=18570 avgMGps=973.6 elapsed=4h55m52s
Aug 06 17:56:12 nimbus-eth1-mainnet-long-benchmark[1140193]: INF 2026-08-06 17:56:12.913+00:00 Imported blocks                            blockNumber=6569985 slot=1 blocks=6569984 txs=330444437 mgas=17333271 bps=146.1 tps=13625 mgps=889.6 avgBps=368.9 avgTps=18554 avgMGps=973.3 elapsed=4h56m49s
Aug 06 17:57:03 nimbus-eth1-mainnet-long-benchmark[1140193]: INF 2026-08-06 17:57:03.192+00:00 Imported blocks                            blockNumber=6578177 slot=1 blocks=6578176 txs=331124673 mgas=17383268 bps=162.9 tps=13529 mgps=994.4 avgBps=368.3 avgTps=18540 avgMGps=973.3 elapsed=4h57m39s
Aug 06 17:57:55 nimbus-eth1-mainnet-long-benchmark[1140193]: INF 2026-08-06 17:57:55.083+00:00 Imported blocks                            blockNumber=6586369 slot=1 blocks=6586368 txs=331874672 mgas=17436357 bps=157.9 tps=14453 mgps=1023 avgBps=367.7 avgTps=18528 avgMGps=973.5 elapsed=4h58m31s
Aug 06 17:58:48 nimbus-eth1-mainnet-long-benchmark[1140193]: INF 2026-08-06 17:58:48.923+00:00 Imported blocks                            blockNumber=6594561 slot=1 blocks=6594560 txs=332580456 mgas=17484376 bps=152.2 tps=13109 mgps=891.9 avgBps=367.1 avgTps=18512 avgMGps=973.2 elapsed=4h59m25s
Aug 06 17:59:41 nimbus-eth1-mainnet-long-benchmark[1140193]: INF 2026-08-06 17:59:41.706+00:00 Imported blocks                            blockNumber=6602753 slot=1 blocks=6602752 txs=333236879 mgas=17530777 bps=155.2 tps=12435 mgps=879.1 avgBps=366.5 avgTps=18494 avgMGps=973.0 elapsed=5h17s806ms
Aug 06 18:00:39 nimbus-eth1-mainnet-long-benchmark[1140193]: INF 2026-08-06 18:00:39.041+00:00 Imported blocks                            blockNumber=6610945 slot=1 blocks=6610944 txs=334086662 mgas=17578525 bps=142.9 tps=14821 mgps=832.8 avgBps=365.7 avgTps=18483 avgMGps=972.5 elapsed=5h1m15s
Aug 06 18:01:36 nimbus-eth1-mainnet-long-benchmark[1140193]: INF 2026-08-06 18:01:36.220+00:00 Imported blocks                            blockNumber=6619137 slot=1 blocks=6619136 txs=334887810 mgas=17626333 bps=143.3 tps=14010 mgps=836.1 avgBps=365.0 avgTps=18469 avgMGps=972.1 elapsed=5h2m12s
Aug 06 18:02:30 nimbus-eth1-mainnet-long-benchmark[1140193]: INF 2026-08-06 18:02:30.991+00:00 Imported blocks                            blockNumber=6627329 slot=1 blocks=6627328 txs=335653218 mgas=17673003 bps=149.6 tps=13974 mgps=852.1 avgBps=364.4 avgTps=18455 avgMGps=971.7 elapsed=5h3m7s
Aug 06 18:03:25 nimbus-eth1-mainnet-long-benchmark[1140193]: INF 2026-08-06 18:03:25.834+00:00 Imported blocks                            blockNumber=6635521 slot=1 blocks=6635520 txs=336396368 mgas=17719891 bps=149.4 tps=13551 mgps=855.0 avgBps=363.8 avgTps=18440 avgMGps=971.4 elapsed=5h4m1s
Aug 06 18:04:21 nimbus-eth1-mainnet-long-benchmark[1140193]: INF 2026-08-06 18:04:21.993+00:00 Imported blocks                            blockNumber=6643713 slot=1 blocks=6643712 txs=337061975 mgas=17765768 bps=145.9 tps=11852 mgps=816.9 avgBps=363.1 avgTps=18420 avgMGps=970.9 elapsed=5h4m58s
Aug 06 18:05:21 nimbus-eth1-mainnet-long-benchmark[1140193]: INF 2026-08-06 18:05:21.292+00:00 Imported blocks                            blockNumber=6651905 slot=1 blocks=6651904 txs=337820711 mgas=17813196 bps=138.2 tps=12795 mgps=799.8 avgBps=362.4 avgTps=18402 avgMGps=970.4 elapsed=5h5m57s
Aug 06 18:06:19 nimbus-eth1-mainnet-long-benchmark[1140193]: INF 2026-08-06 18:06:19.007+00:00 Imported blocks                            blockNumber=6660097 slot=1 blocks=6660096 txs=338648342 mgas=17861002 bps=141.9 tps=14338 mgps=828.2 avgBps=361.7 avgTps=18389 avgMGps=969.9 elapsed=5h6m55s
Aug 06 18:07:15 nimbus-eth1-mainnet-long-benchmark[1140193]: INF 2026-08-06 18:07:15.026+00:00 Imported blocks                            blockNumber=6668289 slot=1 blocks=6668288 txs=339389169 mgas=17908035 bps=146.3 tps=13226 mgps=839.7 avgBps=361.0 avgTps=18374 avgMGps=969.5 elapsed=5h7m51s
Aug 06 18:08:09 nimbus-eth1-mainnet-long-benchmark[1140193]: INF 2026-08-06 18:08:09.582+00:00 Imported blocks                            blockNumber=6676481 slot=1 blocks=6676480 txs=340090715 mgas=17953773 bps=150.2 tps=12858 mgps=838.3 avgBps=360.4 avgTps=18357 avgMGps=969.1 elapsed=5h8m45s
Aug 06 18:09:06 nimbus-eth1-mainnet-long-benchmark[1140193]: INF 2026-08-06 18:09:06.153+00:00 Imported blocks                            blockNumber=6684673 slot=1 blocks=6684672 txs=340783741 mgas=18001246 bps=144.8 tps=12250 mgps=839.2 avgBps=359.7 avgTps=18339 avgMGps=968.7 elapsed=5h9m42s
Aug 06 18:10:01 nimbus-eth1-mainnet-long-benchmark[1140193]: INF 2026-08-06 18:10:01.308+00:00 Imported blocks                            blockNumber=6692865 slot=1 blocks=6692864 txs=341527746 mgas=18048608 bps=148.5 tps=13488 mgps=858.7 avgBps=359.1 avgTps=18324 avgMGps=968.4 elapsed=5h10m37s
Aug 06 18:10:55 nimbus-eth1-mainnet-long-benchmark[1140193]: INF 2026-08-06 18:10:55.595+00:00 Imported blocks                            blockNumber=6701057 slot=1 blocks=6701056 txs=342255905 mgas=18093963 bps=150.9 tps=13412 mgps=835.5 avgBps=358.5 avgTps=18310 avgMGps=968.0 elapsed=5h11m31s
Aug 06 18:11:51 nimbus-eth1-mainnet-long-benchmark[1140193]: INF 2026-08-06 18:11:51.510+00:00 Imported blocks                            blockNumber=6709249 slot=1 blocks=6709248 txs=343059228 mgas=18142138 bps=146.5 tps=14368 mgps=861.7 avgBps=357.9 avgTps=18298 avgMGps=967.7 elapsed=5h12m27s
Aug 06 18:12:47 nimbus-eth1-mainnet-long-benchmark[1140193]: INF 2026-08-06 18:12:47.493+00:00 Imported blocks                            blockNumber=6717441 slot=1 blocks=6717440 txs=343791131 mgas=18189421 bps=146.3 tps=13073 mgps=844.6 avgBps=357.2 avgTps=18283 avgMGps=967.3 elapsed=5h13m23s
Aug 06 18:13:38 nimbus-eth1-mainnet-long-benchmark[1140193]: INF 2026-08-06 18:13:38.612+00:00 Imported blocks                            blockNumber=6725633 slot=1 blocks=6725632 txs=344460910 mgas=18236479 bps=160.2 tps=13101 mgps=920.5 avgBps=356.7 avgTps=18269 avgMGps=967.2 elapsed=5h14m14s
Aug 06 18:14:34 nimbus-eth1-mainnet-long-benchmark[1140193]: INF 2026-08-06 18:14:34.292+00:00 Imported blocks                            blockNumber=6733825 slot=1 blocks=6733824 txs=345197356 mgas=18287714 bps=147.1 tps=13226 mgps=920.2 avgBps=356.1 avgTps=18254 avgMGps=967.1 elapsed=5h15m10s
Aug 06 18:15:32 nimbus-eth1-mainnet-long-benchmark[1140193]: INF 2026-08-06 18:15:32.959+00:00 Imported blocks                            blockNumber=6742017 slot=1 blocks=6742016 txs=346042853 mgas=18339270 bps=139.6 tps=14412 mgps=878.8 avgBps=355.4 avgTps=18242 avgMGps=966.8 elapsed=5h16m9s
Aug 06 18:16:27 nimbus-eth1-mainnet-long-benchmark[1140193]: INF 2026-08-06 18:16:27.946+00:00 Imported blocks                            blockNumber=6750209 slot=1 blocks=6750208 txs=346825893 mgas=18388721 bps=149.0 tps=14240 mgps=899.3 avgBps=354.8 avgTps=18230 avgMGps=966.6 elapsed=5h17m4s
Aug 06 18:17:19 nimbus-eth1-mainnet-long-benchmark[1140193]: INF 2026-08-06 18:17:19.549+00:00 Imported blocks                            blockNumber=6758401 slot=1 blocks=6758400 txs=347611627 mgas=18437322 bps=158.8 tps=15227 mgps=941.9 avgBps=354.3 avgTps=18222 avgMGps=966.5 elapsed=5h17m55s
Aug 06 18:18:07 nimbus-eth1-mainnet-long-benchmark[1140193]: INF 2026-08-06 18:18:07.224+00:00 Imported blocks                            blockNumber=6766593 slot=1 blocks=6766592 txs=348255962 mgas=18481202 bps=171.8 tps=13514 mgps=920.4 avgBps=353.8 avgTps=18211 avgMGps=966.4 elapsed=5h18m43s
Aug 06 18:18:58 nimbus-eth1-mainnet-long-benchmark[1140193]: INF 2026-08-06 18:18:58.191+00:00 Imported blocks                            blockNumber=6774785 slot=1 blocks=6774784 txs=348974268 mgas=18526522 bps=160.7 tps=14093 mgps=889.2 avgBps=353.3 avgTps=18200 avgMGps=966.2 elapsed=5h19m34s
Aug 06 18:19:54 nimbus-eth1-mainnet-long-benchmark[1140193]: INF 2026-08-06 18:19:54.394+00:00 Imported blocks                            blockNumber=6782977 slot=1 blocks=6782976 txs=349762055 mgas=18575823 bps=145.8 tps=14017 mgps=877.3 avgBps=352.7 avgTps=18187 avgMGps=966.0 elapsed=5h20m30s
Aug 06 18:20:48 nimbus-eth1-mainnet-long-benchmark[1140193]: INF 2026-08-06 18:20:48.594+00:00 Imported blocks                            blockNumber=6791169 slot=1 blocks=6791168 txs=350559187 mgas=18627040 bps=151.1 tps=14706 mgps=944.9 avgBps=352.2 avgTps=18178 avgMGps=965.9 elapsed=5h21m24s
Aug 06 18:21:55 nimbus-eth1-mainnet-long-benchmark[1140193]: INF 2026-08-06 18:21:55.117+00:00 Imported blocks                            blockNumber=6799361 slot=1 blocks=6799360 txs=351337766 mgas=18681520 bps=123.1 tps=11703 mgps=819.0 avgBps=351.4 avgTps=18155 avgMGps=965.4 elapsed=5h22m31s
Aug 06 18:22:58 nimbus-eth1-mainnet-long-benchmark[1140193]: INF 2026-08-06 18:22:58.280+00:00 Imported blocks                            blockNumber=6807553 slot=1 blocks=6807552 txs=352114872 mgas=18735939 bps=129.7 tps=12302 mgps=861.5 avgBps=350.6 avgTps=18136 avgMGps=965.1 elapsed=5h23m34s
Aug 06 18:23:59 nimbus-eth1-mainnet-long-benchmark[1140193]: INF 2026-08-06 18:23:59.119+00:00 Imported blocks                            blockNumber=6815745 slot=1 blocks=6815744 txs=352756014 mgas=18785755 bps=134.7 tps=10538 mgps=818.9 avgBps=350.0 avgTps=18113 avgMGps=964.6 elapsed=5h24m35s
Aug 06 18:25:01 nimbus-eth1-mainnet-long-benchmark[1140193]: INF 2026-08-06 18:25:01.366+00:00 Imported blocks                            blockNumber=6823937 slot=1 blocks=6823936 txs=353523201 mgas=18838361 bps=131.6 tps=12324 mgps=845.1 avgBps=349.3 avgTps=18094 avgMGps=964.2 elapsed=5h25m37s
Aug 06 18:26:06 nimbus-eth1-mainnet-long-benchmark[1140193]: INF 2026-08-06 18:26:06.265+00:00 Imported blocks                            blockNumber=6832129 slot=1 blocks=6832128 txs=354318956 mgas=18891809 bps=126.2 tps=12261 mgps=823.6 avgBps=348.5 avgTps=18075 avgMGps=963.8 elapsed=5h26m42s
Aug 06 18:27:13 nimbus-eth1-mainnet-long-benchmark[1140193]: INF 2026-08-06 18:27:13.032+00:00 Imported blocks                            blockNumber=6840321 slot=1 blocks=6840320 txs=355106758 mgas=18944586 bps=122.7 tps=11798 mgps=790.4 avgBps=347.8 avgTps=18054 avgMGps=963.2 elapsed=5h27m49s
Aug 06 18:28:17 nimbus-eth1-mainnet-long-benchmark[1140193]: INF 2026-08-06 18:28:17.958+00:00 Imported blocks                            blockNumber=6848513 slot=1 blocks=6848512 txs=355894886 mgas=18995395 bps=126.2 tps=12139 mgps=782.6 avgBps=347.0 avgTps=18034 avgMGps=962.6 elapsed=5h28m54s
Aug 06 18:29:20 nimbus-eth1-mainnet-long-benchmark[1140193]: INF 2026-08-06 18:29:20.298+00:00 Imported blocks                            blockNumber=6856705 slot=1 blocks=6856704 txs=356598333 mgas=19044074 bps=131.4 tps=11284 mgps=780.9 avgBps=346.4 avgTps=18013 avgMGps=962.0 elapsed=5h29m56s
Aug 06 18:30:17 nimbus-eth1-mainnet-long-benchmark[1140193]: INF 2026-08-06 18:30:17.281+00:00 Imported blocks                            blockNumber=6864897 slot=1 blocks=6864896 txs=357319113 mgas=19092174 bps=143.8 tps=12648 mgps=844.1 avgBps=345.8 avgTps=17997 avgMGps=961.7 elapsed=5h30m53s
Aug 06 18:31:13 nimbus-eth1-mainnet-long-benchmark[1140193]: INF 2026-08-06 18:31:13.568+00:00 Imported blocks                            blockNumber=6873089 slot=1 blocks=6873088 txs=358072504 mgas=19140940 bps=145.5 tps=13384 mgps=866.4 avgBps=345.2 avgTps=17984 avgMGps=961.4 elapsed=5h31m49s
Aug 06 18:32:11 nimbus-eth1-mainnet-long-benchmark[1140193]: INF 2026-08-06 18:32:11.155+00:00 Imported blocks                            blockNumber=6881281 slot=1 blocks=6881280 txs=358799260 mgas=19189224 bps=142.3 tps=12620 mgps=838.4 avgBps=344.6 avgTps=17969 avgMGps=961.0 elapsed=5h32m47s
Aug 06 18:33:06 nimbus-eth1-mainnet-long-benchmark[1140193]: INF 2026-08-06 18:33:06.854+00:00 Imported blocks                            blockNumber=6889473 slot=1 blocks=6889472 txs=359558300 mgas=19237454 bps=147.1 tps=13628 mgps=865.9 avgBps=344.1 avgTps=17957 avgMGps=960.8 elapsed=5h33m42s
Aug 06 18:34:07 nimbus-eth1-mainnet-long-benchmark[1140193]: INF 2026-08-06 18:34:07.541+00:00 Imported blocks                            blockNumber=6897665 slot=1 blocks=6897664 txs=360292210 mgas=19286325 bps=135.0 tps=12093 mgps=805.3 avgBps=343.4 avgTps=17939 avgMGps=960.3 elapsed=5h34m43s
Aug 06 18:35:06 nimbus-eth1-mainnet-long-benchmark[1140193]: INF 2026-08-06 18:35:06.748+00:00 Imported blocks                            blockNumber=6905857 slot=1 blocks=6905856 txs=361044387 mgas=19335848 bps=138.4 tps=12703 mgps=836.4 avgBps=342.8 avgTps=17924 avgMGps=959.9 elapsed=5h35m42s
Aug 06 18:36:02 nimbus-eth1-mainnet-long-benchmark[1140193]: INF 2026-08-06 18:36:02.907+00:00 Imported blocks                            blockNumber=6914049 slot=1 blocks=6914048 txs=361846580 mgas=19387258 bps=145.9 tps=14284 mgps=915.4 avgBps=342.3 avgTps=17914 avgMGps=959.8 elapsed=5h36m39s
Aug 06 18:37:02 nimbus-eth1-mainnet-long-benchmark[1140193]: INF 2026-08-06 18:37:02.770+00:00 Imported blocks                            blockNumber=6922241 slot=1 blocks=6922240 txs=362706201 mgas=19439186 bps=136.9 tps=14360 mgps=867.5 avgBps=341.7 avgTps=17903 avgMGps=959.5 elapsed=5h37m38s
Aug 06 18:38:00 nimbus-eth1-mainnet-long-benchmark[1140193]: INF 2026-08-06 18:38:00.781+00:00 Imported blocks                            blockNumber=6930433 slot=1 blocks=6930432 txs=363506975 mgas=19489578 bps=141.2 tps=13803 mgps=868.6 avgBps=341.1 avgTps=17891 avgMGps=959.3 elapsed=5h38m36s
Aug 06 18:38:57 nimbus-eth1-mainnet-long-benchmark[1140193]: INF 2026-08-06 18:38:57.788+00:00 Imported blocks                            blockNumber=6938625 slot=1 blocks=6938624 txs=364255629 mgas=19538966 bps=143.7 tps=13132 mgps=866.3 avgBps=340.6 avgTps=17878 avgMGps=959.0 elapsed=5h39m33s
Aug 06 18:39:57 nimbus-eth1-mainnet-long-benchmark[1140193]: INF 2026-08-06 18:39:57.211+00:00 Imported blocks                            blockNumber=6946817 slot=1 blocks=6946816 txs=365051896 mgas=19589221 bps=137.9 tps=13400 mgps=845.7 avgBps=340.0 avgTps=17865 avgMGps=958.7 elapsed=5h40m33s
Aug 06 18:40:52 nimbus-eth1-mainnet-long-benchmark[1140193]: INF 2026-08-06 18:40:52.543+00:00 Imported blocks                            blockNumber=6955009 slot=1 blocks=6955008 txs=365800136 mgas=19640914 bps=148.1 tps=13523 mgps=934.3 avgBps=339.5 avgTps=17853 avgMGps=958.6 elapsed=5h41m28s
Aug 06 18:41:54 nimbus-eth1-mainnet-long-benchmark[1140193]: INF 2026-08-06 18:41:54.162+00:00 Imported blocks                            blockNumber=6963201 slot=1 blocks=6963200 txs=366606499 mgas=19691065 bps=132.9 tps=13085 mgps=813.8 avgBps=338.8 avgTps=17839 avgMGps=958.2 elapsed=5h42m30s
Aug 06 18:42:54 nimbus-eth1-mainnet-long-benchmark[1140193]: INF 2026-08-06 18:42:54.369+00:00 Imported blocks                            blockNumber=6971393 slot=1 blocks=6971392 txs=367335068 mgas=19739722 bps=136.1 tps=12101 mgps=808.2 avgBps=338.2 avgTps=17822 avgMGps=957.8 elapsed=5h43m30s
Aug 06 18:43:56 nimbus-eth1-mainnet-long-benchmark[1140193]: INF 2026-08-06 18:43:56.672+00:00 Imported blocks                            blockNumber=6979585 slot=1 blocks=6979584 txs=368070420 mgas=19790921 bps=131.5 tps=11802 mgps=821.8 avgBps=337.6 avgTps=17804 avgMGps=957.3 elapsed=5h44m32s
Aug 06 18:45:02 nimbus-eth1-mainnet-long-benchmark[1140193]: INF 2026-08-06 18:45:02.071+00:00 Imported blocks                            blockNumber=6987777 slot=1 blocks=6987776 txs=368769441 mgas=19839604 bps=125.3 tps=10689 mgps=744.4 avgBps=337.0 avgTps=17782 avgMGps=956.7 elapsed=5h45m38s
Aug 06 18:45:55 nimbus-eth1-mainnet-long-benchmark[1140193]: INF 2026-08-06 18:45:55.994+00:00 Imported blocks                            blockNumber=6995969 slot=1 blocks=6995968 txs=369403561 mgas=19885435 bps=151.9 tps=11759 mgps=849.9 avgBps=336.5 avgTps=17766 avgMGps=956.4 elapsed=5h46m32s
Aug 06 18:46:58 nimbus-eth1-mainnet-long-benchmark[1140193]: INF 2026-08-06 18:46:58.517+00:00 Imported blocks                            blockNumber=7004161 slot=1 blocks=7004160 txs=370295716 mgas=19935972 bps=131.0 tps=14269 mgps=808.3 avgBps=335.9 avgTps=17756 avgMGps=956.0 elapsed=5h47m34s
Aug 06 18:47:59 nimbus-eth1-mainnet-long-benchmark[1140193]: INF 2026-08-06 18:47:59.940+00:00 Imported blocks                            blockNumber=7012353 slot=1 blocks=7012352 txs=371077746 mgas=19985245 bps=133.4 tps=12731 mgps=802.2 avgBps=335.3 avgTps=17741 avgMGps=955.5 elapsed=5h48m36s
Aug 06 18:48:56 nimbus-eth1-mainnet-long-benchmark[1140193]: INF 2026-08-06 18:48:56.607+00:00 Imported blocks                            blockNumber=7020545 slot=1 blocks=7020544 txs=371818791 mgas=20031343 bps=144.6 tps=13076 mgps=813.5 avgBps=334.7 avgTps=17728 avgMGps=955.1 elapsed=5h49m32s
Aug 06 18:49:53 nimbus-eth1-mainnet-long-benchmark[1140193]: INF 2026-08-06 18:49:53.674+00:00 Imported blocks                            blockNumber=7028737 slot=1 blocks=7028736 txs=372581234 mgas=20076437 bps=143.6 tps=13361 mgps=790.2 avgBps=334.2 avgTps=17716 avgMGps=954.7 elapsed=5h50m29s
Aug 06 18:50:50 nimbus-eth1-mainnet-long-benchmark[1140193]: INF 2026-08-06 18:50:50.749+00:00 Imported blocks                            blockNumber=7036929 slot=1 blocks=7036928 txs=373434988 mgas=20123041 bps=143.5 tps=14958 mgps=816.5 avgBps=333.7 avgTps=17709 avgMGps=954.3 elapsed=5h51m26s
Aug 06 18:51:48 nimbus-eth1-mainnet-long-benchmark[1140193]: INF 2026-08-06 18:51:48.232+00:00 Imported blocks                            blockNumber=7045121 slot=1 blocks=7045120 txs=374245330 mgas=20169419 bps=142.5 tps=14096 mgps=806.8 avgBps=333.2 avgTps=17699 avgMGps=953.9 elapsed=5h52m24s
Aug 06 18:52:45 nimbus-eth1-mainnet-long-benchmark[1140193]: INF 2026-08-06 18:52:45.151+00:00 Imported blocks                            blockNumber=7053313 slot=1 blocks=7053312 txs=375015673 mgas=20216891 bps=143.9 tps=13533 mgps=834.0 avgBps=332.7 avgTps=17688 avgMGps=953.6 elapsed=5h53m21s
Aug 06 18:53:38 nimbus-eth1-mainnet-long-benchmark[1140193]: INF 2026-08-06 18:53:38.023+00:00 Imported blocks                            blockNumber=7061505 slot=1 blocks=7061504 txs=375699007 mgas=20260446 bps=154.9 tps=12924 mgps=823.8 avgBps=332.2 avgTps=17676 avgMGps=953.2 elapsed=5h54m14s
Aug 06 18:54:35 nimbus-eth1-mainnet-long-benchmark[1140193]: INF 2026-08-06 18:54:35.526+00:00 Imported blocks                            blockNumber=7069697 slot=1 blocks=7069696 txs=376537787 mgas=20307321 bps=142.5 tps=14586 mgps=815.2 avgBps=331.7 avgTps=17668 avgMGps=952.9 elapsed=5h55m11s
Aug 06 18:55:30 nimbus-eth1-mainnet-long-benchmark[1140193]: INF 2026-08-06 18:55:30.917+00:00 Imported blocks                            blockNumber=7077889 slot=1 blocks=7077888 txs=377301016 mgas=20355903 bps=147.9 tps=13778 mgps=877.0 avgBps=331.3 avgTps=17658 avgMGps=952.7 elapsed=5h56m7s
Aug 06 18:56:24 nimbus-eth1-mainnet-long-benchmark[1140193]: INF 2026-08-06 18:56:24.892+00:00 Imported blocks                            blockNumber=7086081 slot=1 blocks=7086080 txs=378052057 mgas=20401095 bps=151.8 tps=13914 mgps=837.3 avgBps=330.8 avgTps=17648 avgMGps=952.4 elapsed=5h57m994ms
Aug 06 18:57:20 nimbus-eth1-mainnet-long-benchmark[1140193]: INF 2026-08-06 18:57:20.583+00:00 Imported blocks                            blockNumber=7094273 slot=1 blocks=7094272 txs=378847841 mgas=20449611 bps=147.1 tps=14288 mgps=871.1 avgBps=330.3 avgTps=17639 avgMGps=952.2 elapsed=5h57m56s
Aug 06 18:58:15 nimbus-eth1-mainnet-long-benchmark[1140193]: INF 2026-08-06 18:58:15.406+00:00 Imported blocks                            blockNumber=7102465 slot=1 blocks=7102464 txs=379635271 mgas=20498840 bps=149.4 tps=14364 mgps=898.1 avgBps=329.9 avgTps=17631 avgMGps=952.0 elapsed=5h58m51s
Aug 06 18:59:15 nimbus-eth1-mainnet-long-benchmark[1140193]: INF 2026-08-06 18:59:15.457+00:00 Imported blocks                            blockNumber=7110657 slot=1 blocks=7110656 txs=380620741 mgas=20554788 bps=136.4 tps=16409 mgps=931.6 avgBps=329.3 avgTps=17628 avgMGps=952.0 elapsed=5h59m51s
Aug 06 19:00:14 nimbus-eth1-mainnet-long-benchmark[1140193]: INF 2026-08-06 19:00:14.884+00:00 Imported blocks                            blockNumber=7118849 slot=1 blocks=7118848 txs=381500491 mgas=20607563 bps=137.8 tps=14803 mgps=888.1 avgBps=328.8 avgTps=17620 avgMGps=951.8 elapsed=6h50s987ms
Aug 06 19:01:12 nimbus-eth1-mainnet-long-benchmark[1140193]: INF 2026-08-06 19:01:12.031+00:00 Imported blocks                            blockNumber=7127041 slot=1 blocks=7127040 txs=382271667 mgas=20656788 bps=143.3 tps=13494 mgps=861.3 avgBps=328.3 avgTps=17609 avgMGps=951.6 elapsed=6h1m48s
Aug 06 19:02:13 nimbus-eth1-mainnet-long-benchmark[1140193]: INF 2026-08-06 19:02:13.782+00:00 Imported blocks                            blockNumber=7135233 slot=1 blocks=7135232 txs=383082604 mgas=20710096 bps=132.7 tps=13133 mgps=863.3 avgBps=327.8 avgTps=17596 avgMGps=951.3 elapsed=6h2m49s
Aug 06 19:03:19 nimbus-eth1-mainnet-long-benchmark[1140193]: INF 2026-08-06 19:03:19.449+00:00 Imported blocks                            blockNumber=7143425 slot=1 blocks=7143424 txs=383998423 mgas=20765213 bps=124.7 tps=13945 mgps=839.3 avgBps=327.1 avgTps=17585 avgMGps=951.0 elapsed=6h3m55s
Aug 06 19:04:21 nimbus-eth1-mainnet-long-benchmark[1140193]: INF 2026-08-06 19:04:21.504+00:00 Imported blocks                            blockNumber=7151617 slot=1 blocks=7151616 txs=384909238 mgas=20819967 bps=132.0 tps=14677 mgps=882.4 avgBps=326.6 avgTps=17577 avgMGps=950.8 elapsed=6h4m57s
Aug 06 19:05:27 nimbus-eth1-mainnet-long-benchmark[1140193]: INF 2026-08-06 19:05:27.675+00:00 Imported blocks                            blockNumber=7159809 slot=1 blocks=7159808 txs=385795436 mgas=20878681 bps=123.8 tps=13392 mgps=887.3 avgBps=326.0 avgTps=17565 avgMGps=950.6 elapsed=6h6m3s
Aug 06 19:06:22 nimbus-eth1-mainnet-long-benchmark[1140193]: INF 2026-08-06 19:06:22.118+00:00 Imported blocks                            blockNumber=7168001 slot=1 blocks=7168000 txs=386522102 mgas=20927820 bps=150.5 tps=13348 mgps=902.6 avgBps=325.5 avgTps=17554 avgMGps=950.5 elapsed=6h6m58s
Aug 06 19:07:16 nimbus-eth1-mainnet-long-benchmark[1140193]: INF 2026-08-06 19:07:16.506+00:00 Imported blocks                            blockNumber=7176193 slot=1 blocks=7176192 txs=387215438 mgas=20974930 bps=150.6 tps=12747 mgps=866.2 avgBps=325.1 avgTps=17542 avgMGps=950.3 elapsed=6h7m52s
Aug 06 19:08:08 nimbus-eth1-mainnet-long-benchmark[1140193]: INF 2026-08-06 19:08:08.065+00:00 Imported blocks                            blockNumber=7184385 slot=1 blocks=7184384 txs=387939963 mgas=21022966 bps=158.9 tps=14052 mgps=931.7 avgBps=324.7 avgTps=17534 avgMGps=950.2 elapsed=6h8m44s
Aug 06 19:09:00 nimbus-eth1-mainnet-long-benchmark[1140193]: INF 2026-08-06 19:09:00.580+00:00 Imported blocks                            blockNumber=7192577 slot=1 blocks=7192576 txs=388648265 mgas=21071234 bps=156.0 tps=13486 mgps=919.1 avgBps=324.3 avgTps=17525 avgMGps=950.2 elapsed=6h9m36s
Aug 06 19:09:55 nimbus-eth1-mainnet-long-benchmark[1140193]: INF 2026-08-06 19:09:55.563+00:00 Imported blocks                            blockNumber=7200769 slot=1 blocks=7200768 txs=389375772 mgas=21121354 bps=149.0 tps=13231 mgps=911.5 avgBps=323.9 avgTps=17514 avgMGps=950.1 elapsed=6h10m31s
Aug 06 19:10:56 nimbus-eth1-mainnet-long-benchmark[1140193]: INF 2026-08-06 19:10:56.146+00:00 Imported blocks                            blockNumber=7208961 slot=1 blocks=7208960 txs=390166118 mgas=21174452 bps=135.2 tps=13046 mgps=876.5 avgBps=323.4 avgTps=17502 avgMGps=949.9 elapsed=6h11m32s
Aug 06 19:11:57 nimbus-eth1-mainnet-long-benchmark[1140193]: INF 2026-08-06 19:11:57.481+00:00 Imported blocks                            blockNumber=7217153 slot=1 blocks=7217152 txs=391073092 mgas=21231194 bps=133.6 tps=14786 mgps=925.1 avgBps=322.9 avgTps=17494 avgMGps=949.8 elapsed=6h12m33s
Aug 06 19:13:02 nimbus-eth1-mainnet-long-benchmark[1140193]: INF 2026-08-06 19:13:02.416+00:00 Imported blocks                            blockNumber=7225345 slot=1 blocks=7225344 txs=392006706 mgas=21289790 bps=126.2 tps=14377 mgps=902.4 avgBps=322.3 avgTps=17485 avgMGps=949.7 elapsed=6h13m38s
Aug 06 19:14:07 nimbus-eth1-mainnet-long-benchmark[1140193]: INF 2026-08-06 19:14:07.247+00:00 Imported blocks                            blockNumber=7233537 slot=1 blocks=7233536 txs=392892302 mgas=21348462 bps=126.3 tps=13659 mgps=904.9 avgBps=321.7 avgTps=17474 avgMGps=949.5 elapsed=6h14m43s
Aug 06 19:15:16 nimbus-eth1-mainnet-long-benchmark[1140193]: INF 2026-08-06 19:15:16.578+00:00 Imported blocks                            blockNumber=7241729 slot=1 blocks=7241728 txs=393908406 mgas=21409532 bps=118.2 tps=14656 mgps=880.9 avgBps=321.1 avgTps=17466 avgMGps=949.3 elapsed=6h15m52s
Aug 06 19:16:22 nimbus-eth1-mainnet-long-benchmark[1140193]: INF 2026-08-06 19:16:22.377+00:00 Imported blocks                            blockNumber=7249921 slot=1 blocks=7249920 txs=394929036 mgas=21470901 bps=124.5 tps=15511 mgps=932.7 avgBps=320.5 avgTps=17460 avgMGps=949.3 elapsed=6h16m58s
Aug 06 19:17:32 nimbus-eth1-mainnet-long-benchmark[1140193]: INF 2026-08-06 19:17:32.188+00:00 Imported blocks                            blockNumber=7258113 slot=1 blocks=7258112 txs=395914711 mgas=21531959 bps=117.3 tps=14118 mgps=874.6 avgBps=319.9 avgTps=17450 avgMGps=949.0 elapsed=6h18m8s
Aug 06 19:18:39 nimbus-eth1-mainnet-long-benchmark[1140193]: INF 2026-08-06 19:18:39.347+00:00 Imported blocks                            blockNumber=7266305 slot=1 blocks=7266304 txs=396939106 mgas=21592759 bps=122.0 tps=15253 mgps=905.3 avgBps=319.3 avgTps=17443 avgMGps=948.9 elapsed=6h19m15s
Aug 06 19:19:51 nimbus-eth1-mainnet-long-benchmark[1140193]: INF 2026-08-06 19:19:51.050+00:00 Imported blocks                            blockNumber=7274497 slot=1 blocks=7274496 txs=398013099 mgas=21655671 bps=114.3 tps=14979 mgps=877.4 avgBps=318.7 avgTps=17435 avgMGps=948.7 elapsed=6h20m27s
Aug 06 19:20:59 nimbus-eth1-mainnet-long-benchmark[1140193]: INF 2026-08-06 19:20:59.753+00:00 Imported blocks                            blockNumber=7282689 slot=1 blocks=7282688 txs=398972452 mgas=21716394 bps=119.2 tps=13962 mgps=883.8 avgBps=318.1 avgTps=17425 avgMGps=948.5 elapsed=6h21m35s
Aug 06 19:22:00 nimbus-eth1-mainnet-long-benchmark[1140193]: INF 2026-08-06 19:22:00.272+00:00 Imported blocks                            blockNumber=7290881 slot=1 blocks=7290880 txs=399693869 mgas=21767952 bps=135.4 tps=11920 mgps=852.0 avgBps=317.6 avgTps=17411 avgMGps=948.2 elapsed=6h22m36s
Aug 06 19:22:57 nimbus-eth1-mainnet-long-benchmark[1140193]: INF 2026-08-06 19:22:57.927+00:00 Imported blocks                            blockNumber=7299073 slot=1 blocks=7299072 txs=400329336 mgas=21815392 bps=142.1 tps=11021 mgps=822.8 avgBps=317.2 avgTps=17395 avgMGps=947.9 elapsed=6h23m34s
Aug 06 19:23:58 nimbus-eth1-mainnet-long-benchmark[1140193]: INF 2026-08-06 19:23:58.062+00:00 Imported blocks                            blockNumber=7307265 slot=1 blocks=7307264 txs=401098326 mgas=21867932 bps=136.2 tps=12788 mgps=873.7 avgBps=316.7 avgTps=17383 avgMGps=947.7 elapsed=6h24m34s
Aug 06 19:24:57 nimbus-eth1-mainnet-long-benchmark[1140193]: INF 2026-08-06 19:24:57.617+00:00 Imported blocks                            blockNumber=7315457 slot=1 blocks=7315456 txs=401881164 mgas=21918429 bps=137.5 tps=13144 mgps=847.9 avgBps=316.2 avgTps=17372 avgMGps=947.5 elapsed=6h25m33s
Aug 06 19:25:54 nimbus-eth1-mainnet-long-benchmark[1140193]: INF 2026-08-06 19:25:54.852+00:00 Imported blocks                            blockNumber=7323649 slot=1 blocks=7323648 txs=402617695 mgas=21967110 bps=143.1 tps=12868 mgps=850.6 avgBps=315.8 avgTps=17360 avgMGps=947.2 elapsed=6h26m30s
Aug 06 19:26:53 nimbus-eth1-mainnet-long-benchmark[1140193]: INF 2026-08-06 19:26:53.459+00:00 Imported blocks                            blockNumber=7331841 slot=1 blocks=7331840 txs=403311126 mgas=22016089 bps=139.8 tps=11831 mgps=835.7 avgBps=315.4 avgTps=17347 avgMGps=946.9 elapsed=6h27m29s
Aug 06 19:27:52 nimbus-eth1-mainnet-long-benchmark[1140193]: INF 2026-08-06 19:27:52.294+00:00 Imported blocks                            blockNumber=7340033 slot=1 blocks=7340032 txs=404011479 mgas=22064560 bps=139.2 tps=11904 mgps=823.9 avgBps=314.9 avgTps=17333 avgMGps=946.6 elapsed=6h28m28s
Aug 06 19:28:46 nimbus-eth1-mainnet-long-benchmark[1140193]: INF 2026-08-06 19:28:46.141+00:00 Imported blocks                            blockNumber=7348225 slot=1 blocks=7348224 txs=404667644 mgas=22112314 bps=152.1 tps=12185 mgps=886.8 avgBps=314.5 avgTps=17321 avgMGps=946.5 elapsed=6h29m22s
Aug 06 19:29:44 nimbus-eth1-mainnet-long-benchmark[1140193]: INF 2026-08-06 19:29:44.708+00:00 Imported blocks                            blockNumber=7356417 slot=1 blocks=7356416 txs=405374596 mgas=22162096 bps=139.9 tps=12070 mgps=850.0 avgBps=314.1 avgTps=17308 avgMGps=946.3 elapsed=6h30m20s
Aug 06 19:30:41 nimbus-eth1-mainnet-long-benchmark[1140193]: INF 2026-08-06 19:30:41.311+00:00 Imported blocks                            blockNumber=7364609 slot=1 blocks=7364608 txs=406077156 mgas=22213648 bps=144.7 tps=12412 mgps=910.8 avgBps=313.7 avgTps=17296 avgMGps=946.2 elapsed=6h31m17s
Aug 06 19:31:39 nimbus-eth1-mainnet-long-benchmark[1140193]: INF 2026-08-06 19:31:39.034+00:00 Imported blocks                            blockNumber=7372801 slot=1 blocks=7372800 txs=406825644 mgas=22264838 bps=141.9 tps=12967 mgps=886.9 avgBps=313.3 avgTps=17285 avgMGps=946.0 elapsed=6h32m15s
Aug 06 19:32:33 nimbus-eth1-mainnet-long-benchmark[1140193]: INF 2026-08-06 19:32:33.898+00:00 Imported blocks                            blockNumber=7380993 slot=1 blocks=7380992 txs=407498614 mgas=22315127 bps=149.3 tps=12266 mgps=916.6 avgBps=312.9 avgTps=17274 avgMGps=946.0 elapsed=6h33m9s
Aug 06 19:33:29 nimbus-eth1-mainnet-long-benchmark[1140193]: INF 2026-08-06 19:33:29.585+00:00 Imported blocks                            blockNumber=7389185 slot=1 blocks=7389184 txs=408116988 mgas=22361875 bps=147.1 tps=11104 mgps=839.4 avgBps=312.5 avgTps=17259 avgMGps=945.7 elapsed=6h34m5s
Aug 06 19:34:28 nimbus-eth1-mainnet-long-benchmark[1140193]: INF 2026-08-06 19:34:28.316+00:00 Imported blocks                            blockNumber=7397377 slot=1 blocks=7397376 txs=408848395 mgas=22415724 bps=139.5 tps=12453 mgps=916.9 avgBps=312.1 avgTps=17247 avgMGps=945.6 elapsed=6h35m4s
Aug 06 19:35:26 nimbus-eth1-mainnet-long-benchmark[1140193]: INF 2026-08-06 19:35:26.743+00:00 Imported blocks                            blockNumber=7405569 slot=1 blocks=7405568 txs=409671498 mgas=22470184 bps=140.2 tps=14087 mgps=932.1 avgBps=311.6 avgTps=17240 avgMGps=945.6 elapsed=6h36m2s
Aug 06 19:36:30 nimbus-eth1-mainnet-long-benchmark[1140193]: INF 2026-08-06 19:36:30.726+00:00 Imported blocks                            blockNumber=7413761 slot=1 blocks=7413760 txs=410492065 mgas=22528180 bps=128.0 tps=12824 mgps=906.4 avgBps=311.2 avgTps=17228 avgMGps=945.5 elapsed=6h37m6s
Aug 06 19:37:32 nimbus-eth1-mainnet-long-benchmark[1140193]: INF 2026-08-06 19:37:32.149+00:00 Imported blocks                            blockNumber=7421953 slot=1 blocks=7421952 txs=411251324 mgas=22583061 bps=133.4 tps=12361 mgps=893.5 avgBps=310.7 avgTps=17215 avgMGps=945.4 elapsed=6h38m8s
Aug 06 19:38:28 nimbus-eth1-mainnet-long-benchmark[1140193]: INF 2026-08-06 19:38:28.428+00:00 Imported blocks                            blockNumber=7430145 slot=1 blocks=7430144 txs=411961198 mgas=22633327 bps=145.6 tps=12612 mgps=893.1 avgBps=310.3 avgTps=17204 avgMGps=945.2 elapsed=6h39m4s
Aug 06 19:39:29 nimbus-eth1-mainnet-long-benchmark[1140193]: INF 2026-08-06 19:39:29.619+00:00 Imported blocks                            blockNumber=7438337 slot=1 blocks=7438336 txs=412760611 mgas=22685945 bps=133.9 tps=13064 mgps=859.9 avgBps=309.9 avgTps=17194 avgMGps=945.0 elapsed=6h40m5s
Aug 06 19:40:33 nimbus-eth1-mainnet-long-benchmark[1140193]: INF 2026-08-06 19:40:33.074+00:00 Imported blocks                            blockNumber=7446529 slot=1 blocks=7446528 txs=413564075 mgas=22739807 bps=129.1 tps=12662 mgps=848.8 avgBps=309.4 avgTps=17182 avgMGps=944.8 elapsed=6h41m9s
Aug 06 19:41:34 nimbus-eth1-mainnet-long-benchmark[1140193]: INF 2026-08-06 19:41:34.293+00:00 Imported blocks                            blockNumber=7454721 slot=1 blocks=7454720 txs=414340358 mgas=22793155 bps=133.8 tps=12680 mgps=871.5 avgBps=308.9 avgTps=17170 avgMGps=944.6 elapsed=6h42m10s
Aug 06 19:42:36 nimbus-eth1-mainnet-long-benchmark[1140193]: INF 2026-08-06 19:42:36.652+00:00 Imported blocks                            blockNumber=7462913 slot=1 blocks=7462912 txs=415182333 mgas=22848779 bps=131.4 tps=13501 mgps=892.0 avgBps=308.5 avgTps=17161 avgMGps=944.4 elapsed=6h43m12s
Aug 06 19:43:43 nimbus-eth1-mainnet-long-benchmark[1140193]: INF 2026-08-06 19:43:42.999+00:00 Imported blocks                            blockNumber=7471105 slot=1 blocks=7471104 txs=416036288 mgas=22906231 bps=123.5 tps=12870 mgps=865.9 avgBps=308.0 avgTps=17149 avgMGps=944.2 elapsed=6h44m19s
Aug 06 19:44:47 nimbus-eth1-mainnet-long-benchmark[1140193]: INF 2026-08-06 19:44:47.226+00:00 Imported blocks                            blockNumber=7479297 slot=1 blocks=7479296 txs=416831442 mgas=22962529 bps=127.6 tps=12381 mgps=876.6 avgBps=307.5 avgTps=17137 avgMGps=944.1 elapsed=6h45m23s
Aug 06 19:45:55 nimbus-eth1-mainnet-long-benchmark[1140193]: INF 2026-08-06 19:45:55.449+00:00 Imported blocks                            blockNumber=7487489 slot=1 blocks=7487488 txs=417720887 mgas=23018905 bps=120.1 tps=13037 mgps=826.3 avgBps=307.0 avgTps=17125 avgMGps=943.7 elapsed=6h46m31s
Aug 06 19:47:07 nimbus-eth1-mainnet-long-benchmark[1140193]: INF 2026-08-06 19:47:07.684+00:00 Imported blocks                            blockNumber=7495681 slot=1 blocks=7495680 txs=418742856 mgas=23078928 bps=113.4 tps=14147 mgps=830.9 avgBps=306.4 avgTps=17116 avgMGps=943.4 elapsed=6h47m43s
Aug 06 19:48:13 nimbus-eth1-mainnet-long-benchmark[1140193]: INF 2026-08-06 19:48:13.459+00:00 Imported blocks                            blockNumber=7503873 slot=1 blocks=7503872 txs=419618093 mgas=23134242 bps=124.6 tps=13307 mgps=841.0 avgBps=305.9 avgTps=17106 avgMGps=943.1 elapsed=6h48m49s
Aug 06 19:49:14 nimbus-eth1-mainnet-long-benchmark[1140193]: INF 2026-08-06 19:49:14.138+00:00 Imported blocks                            blockNumber=7512065 slot=1 blocks=7512064 txs=420393164 mgas=23183672 bps=135.0 tps=12772 mgps=814.6 avgBps=305.5 avgTps=17095 avgMGps=942.8 elapsed=6h49m50s
Aug 06 19:50:12 nimbus-eth1-mainnet-long-benchmark[1140193]: INF 2026-08-06 19:50:12.413+00:00 Imported blocks                            blockNumber=7520257 slot=1 blocks=7520256 txs=421119053 mgas=23230736 bps=140.6 tps=12456 mgps=807.6 avgBps=305.1 avgTps=17084 avgMGps=942.5 elapsed=6h50m48s
Aug 06 19:51:16 nimbus-eth1-mainnet-long-benchmark[1140193]: INF 2026-08-06 19:51:16.880+00:00 Imported blocks                            blockNumber=7528449 slot=1 blocks=7528448 txs=421953896 mgas=23282387 bps=127.1 tps=12949 mgps=801.2 avgBps=304.6 avgTps=17074 avgMGps=942.1 elapsed=6h51m52s
Aug 06 19:52:20 nimbus-eth1-mainnet-long-benchmark[1140193]: INF 2026-08-06 19:52:20.207+00:00 Imported blocks                            blockNumber=7536641 slot=1 blocks=7536640 txs=422743403 mgas=23333145 bps=129.4 tps=12468 mgps=801.6 avgBps=304.2 avgTps=17062 avgMGps=941.8 elapsed=6h52m56s
Aug 06 19:53:21 nimbus-eth1-mainnet-long-benchmark[1140193]: INF 2026-08-06 19:53:21.354+00:00 Imported blocks                            blockNumber=7544833 slot=1 blocks=7544832 txs=423611090 mgas=23387743 bps=134.0 tps=14189 mgps=892.9 avgBps=303.8 avgTps=17055 avgMGps=941.6 elapsed=6h53m57s
Aug 06 19:54:25 nimbus-eth1-mainnet-long-benchmark[1140193]: INF 2026-08-06 19:54:25.013+00:00 Imported blocks                            blockNumber=7553025 slot=1 blocks=7553024 txs=424571815 mgas=23444213 bps=128.7 tps=15091 mgps=887.0 avgBps=303.3 avgTps=17050 avgMGps=941.5 elapsed=6h55m1s
Aug 06 19:55:27 nimbus-eth1-mainnet-long-benchmark[1140193]: INF 2026-08-06 19:55:27.028+00:00 Imported blocks                            blockNumber=7561217 slot=1 blocks=7561216 txs=425387522 mgas=23494527 bps=132.1 tps=13153 mgps=811.3 avgBps=302.9 avgTps=17040 avgMGps=941.2 elapsed=6h56m3s
Aug 06 19:56:24 nimbus-eth1-mainnet-long-benchmark[1140193]: INF 2026-08-06 19:56:24.367+00:00 Imported blocks                            blockNumber=7569409 slot=1 blocks=7569408 txs=426053753 mgas=23540671 bps=142.9 tps=11618 mgps=804.7 avgBps=302.5 avgTps=17028 avgMGps=940.9 elapsed=6h57m470ms
Aug 06 19:57:22 nimbus-eth1-mainnet-long-benchmark[1140193]: INF 2026-08-06 19:57:22.122+00:00 Imported blocks                            blockNumber=7577601 slot=1 blocks=7577600 txs=426886568 mgas=23594846 bps=141.8 tps=14420 mgps=938.1 avgBps=302.2 avgTps=17022 avgMGps=940.9 elapsed=6h57m58s
Aug 06 19:58:25 nimbus-eth1-mainnet-long-benchmark[1140193]: INF 2026-08-06 19:58:25.425+00:00 Imported blocks                            blockNumber=7585793 slot=1 blocks=7585792 txs=427772094 mgas=23652933 bps=129.4 tps=13988 mgps=917.6 avgBps=301.7 avgTps=17014 avgMGps=940.8 elapsed=6h59m1s
Aug 06 19:59:28 nimbus-eth1-mainnet-long-benchmark[1140193]: INF 2026-08-06 19:59:28.704+00:00 Imported blocks                            blockNumber=7593985 slot=1 blocks=7593984 txs=428633372 mgas=23708839 bps=129.5 tps=13610 mgps=883.5 avgBps=301.3 avgTps=17006 avgMGps=940.6 elapsed=7h4s807ms
Aug 06 20:00:31 nimbus-eth1-mainnet-long-benchmark[1140193]: INF 2026-08-06 20:00:31.003+00:00 Imported blocks                            blockNumber=7602177 slot=1 blocks=7602176 txs=429486178 mgas=23759182 bps=131.5 tps=13688 mgps=808.1 avgBps=300.9 avgTps=16997 avgMGps=940.3 elapsed=7h1m7s
Aug 06 20:01:34 nimbus-eth1-mainnet-long-benchmark[1140193]: INF 2026-08-06 20:01:34.142+00:00 Imported blocks                            blockNumber=7610369 slot=1 blocks=7610368 txs=430374019 mgas=23809070 bps=129.7 tps=14062 mgps=790.2 avgBps=300.4 avgTps=16990 avgMGps=939.9 elapsed=7h2m10s
Aug 06 20:02:34 nimbus-eth1-mainnet-long-benchmark[1140193]: INF 2026-08-06 20:02:34.381+00:00 Imported blocks                            blockNumber=7618561 slot=1 blocks=7618560 txs=431234206 mgas=23864021 bps=136.0 tps=14279 mgps=912.2 avgBps=300.1 avgTps=16984 avgMGps=939.9 elapsed=7h3m10s
Aug 06 20:03:38 nimbus-eth1-mainnet-long-benchmark[1140193]: INF 2026-08-06 20:03:38.684+00:00 Imported blocks                            blockNumber=7626753 slot=1 blocks=7626752 txs=432149554 mgas=23918051 bps=127.4 tps=14235 mgps=840.3 avgBps=299.6 avgTps=16977 avgMGps=939.6 elapsed=7h4m14s
Aug 06 20:04:43 nimbus-eth1-mainnet-long-benchmark[1140193]: INF 2026-08-06 20:04:43.155+00:00 Imported blocks                            blockNumber=7634945 slot=1 blocks=7634944 txs=433001863 mgas=23969732 bps=127.1 tps=13219 mgps=801.6 avgBps=299.2 avgTps=16967 avgMGps=939.3 elapsed=7h5m19s
Aug 06 20:05:46 nimbus-eth1-mainnet-long-benchmark[1140193]: INF 2026-08-06 20:05:46.410+00:00 Imported blocks                            blockNumber=7643137 slot=1 blocks=7643136 txs=433914233 mgas=24022782 bps=129.5 tps=14424 mgps=838.7 avgBps=298.8 avgTps=16961 avgMGps=939.0 elapsed=7h6m22s
Aug 06 20:06:40 nimbus-eth1-mainnet-long-benchmark[1140193]: INF 2026-08-06 20:06:40.881+00:00 Imported blocks                            blockNumber=7651329 slot=1 blocks=7651328 txs=434653036 mgas=24068682 bps=150.4 tps=13562 mgps=842.6 avgBps=298.4 avgTps=16954 avgMGps=938.8 elapsed=7h7m16s
Aug 06 20:07:34 nimbus-eth1-mainnet-long-benchmark[1140193]: INF 2026-08-06 20:07:34.664+00:00 Imported blocks                            blockNumber=7659521 slot=1 blocks=7659520 txs=435366872 mgas=24114431 bps=152.3 tps=13272 mgps=850.6 avgBps=298.1 avgTps=16946 avgMGps=938.6 elapsed=7h8m10s
Aug 06 20:08:33 nimbus-eth1-mainnet-long-benchmark[1140193]: INF 2026-08-06 20:08:33.095+00:00 Imported blocks                            blockNumber=7667713 slot=1 blocks=7667712 txs=436214907 mgas=24164969 bps=140.2 tps=14513 mgps=864.9 avgBps=297.8 avgTps=16940 avgMGps=938.5 elapsed=7h9m9s
Aug 06 20:09:39 nimbus-eth1-mainnet-long-benchmark[1140193]: INF 2026-08-06 20:09:39.574+00:00 Imported blocks                            blockNumber=7675905 slot=1 blocks=7675904 txs=437152649 mgas=24220293 bps=123.2 tps=14105 mgps=832.2 avgBps=297.3 avgTps=16933 avgMGps=938.2 elapsed=7h10m15s
Aug 06 20:10:38 nimbus-eth1-mainnet-long-benchmark[1140193]: INF 2026-08-06 20:10:38.149+00:00 Imported blocks                            blockNumber=7684097 slot=1 blocks=7684096 txs=437940276 mgas=24274677 bps=139.9 tps=13446 mgps=928.5 avgBps=297.0 avgTps=16925 avgMGps=938.2 elapsed=7h11m14s
Aug 06 20:11:38 nimbus-eth1-mainnet-long-benchmark[1140193]: INF 2026-08-06 20:11:38.404+00:00 Imported blocks                            blockNumber=7692289 slot=1 blocks=7692288 txs=438773865 mgas=24327924 bps=135.9 tps=13833 mgps=883.7 avgBps=296.6 avgTps=16918 avgMGps=938.1 elapsed=7h12m14s
Aug 06 20:12:36 nimbus-eth1-mainnet-long-benchmark[1140193]: INF 2026-08-06 20:12:36.979+00:00 Imported blocks                            blockNumber=7700481 slot=1 blocks=7700480 txs=439588069 mgas=24377460 bps=139.9 tps=13900 mgps=845.7 avgBps=296.3 avgTps=16911 avgMGps=937.8 elapsed=7h13m13s
Aug 06 20:13:38 nimbus-eth1-mainnet-long-benchmark[1140193]: INF 2026-08-06 20:13:38.506+00:00 Imported blocks                            blockNumber=7708673 slot=1 blocks=7708672 txs=440491206 mgas=24431819 bps=133.1 tps=14679 mgps=883.5 avgBps=295.9 avgTps=16906 avgMGps=937.7 elapsed=7h14m14s
Aug 06 20:14:34 nimbus-eth1-mainnet-long-benchmark[1140193]: INF 2026-08-06 20:14:34.381+00:00 Imported blocks                            blockNumber=7716865 slot=1 blocks=7716864 txs=441292357 mgas=24494441 bps=146.6 tps=14338 mgps=1120 avgBps=295.5 avgTps=16900 avgMGps=938.1 elapsed=7h15m10s
Aug 06 20:15:40 nimbus-eth1-mainnet-long-benchmark[1140193]: INF 2026-08-06 20:15:40.524+00:00 Imported blocks                            blockNumber=7725057 slot=1 blocks=7725056 txs=442197881 mgas=24553456 bps=123.9 tps=13690 mgps=892.2 avgBps=295.1 avgTps=16892 avgMGps=938.0 elapsed=7h16m16s
Aug 06 20:16:50 nimbus-eth1-mainnet-long-benchmark[1140193]: INF 2026-08-06 20:16:50.711+00:00 Imported blocks                            blockNumber=7733249 slot=1 blocks=7733248 txs=443158393 mgas=24611784 bps=116.7 tps=13684 mgps=831.0 avgBps=294.6 avgTps=16884 avgMGps=937.7 elapsed=7h17m26s
Aug 06 20:17:59 nimbus-eth1-mainnet-long-benchmark[1140193]: INF 2026-08-06 20:17:59.386+00:00 Imported blocks                            blockNumber=7741441 slot=1 blocks=7741440 txs=444094671 mgas=24668195 bps=119.3 tps=13633 mgps=821.5 avgBps=294.2 avgTps=16875 avgMGps=937.4 elapsed=7h18m35s
Aug 06 20:19:09 nimbus-eth1-mainnet-long-benchmark[1140193]: INF 2026-08-06 20:19:09.353+00:00 Imported blocks                            blockNumber=7749633 slot=1 blocks=7749632 txs=444984995 mgas=24721768 bps=117.1 tps=12724 mgps=765.7 avgBps=293.7 avgTps=16864 avgMGps=936.9 elapsed=7h19m45s
Aug 06 20:20:25 nimbus-eth1-mainnet-long-benchmark[1140193]: INF 2026-08-06 20:20:25.008+00:00 Imported blocks                            blockNumber=7757825 slot=1 blocks=7757824 txs=446012120 mgas=24780290 bps=108.3 tps=13576 mgps=773.5 avgBps=293.2 avgTps=16855 avgMGps=936.5 elapsed=7h21m1s
Aug 06 20:21:44 nimbus-eth1-mainnet-long-benchmark[1140193]: INF 2026-08-06 20:21:44.723+00:00 Imported blocks                            blockNumber=7766017 slot=1 blocks=7766016 txs=447077485 mgas=24841902 bps=102.8 tps=13365 mgps=772.9 avgBps=292.6 avgTps=16844 avgMGps=936.0 elapsed=7h22m20s
Aug 06 20:23:02 nimbus-eth1-mainnet-long-benchmark[1140193]: INF 2026-08-06 20:23:02.185+00:00 Imported blocks                            blockNumber=7774209 slot=1 blocks=7774208 txs=448210576 mgas=24903942 bps=105.7 tps=14626 mgps=800.9 avgBps=292.1 avgTps=16838 avgMGps=935.6 elapsed=7h23m38s
Aug 06 20:24:19 nimbus-eth1-mainnet-long-benchmark[1140193]: INF 2026-08-06 20:24:19.420+00:00 Imported blocks                            blockNumber=7782401 slot=1 blocks=7782400 txs=449224144 mgas=24965886 bps=106.1 tps=13123 mgps=802.1 avgBps=291.5 avgTps=16827 avgMGps=935.2 elapsed=7h24m55s
Aug 06 20:25:32 nimbus-eth1-mainnet-long-benchmark[1140193]: INF 2026-08-06 20:25:32.079+00:00 Imported blocks                            blockNumber=7790593 slot=1 blocks=7790592 txs=450201600 mgas=25026547 bps=112.7 tps=13452 mgps=834.8 avgBps=291.0 avgTps=16818 avgMGps=934.9 elapsed=7h26m8s
Aug 06 20:26:47 nimbus-eth1-mainnet-long-benchmark[1140193]: INF 2026-08-06 20:26:47.194+00:00 Imported blocks                            blockNumber=7798785 slot=1 blocks=7798784 txs=451264007 mgas=25086232 bps=109.1 tps=14143 mgps=794.6 avgBps=290.5 avgTps=16811 avgMGps=934.5 elapsed=7h27m23s
Aug 06 20:28:01 nimbus-eth1-mainnet-long-benchmark[1140193]: INF 2026-08-06 20:28:01.237+00:00 Imported blocks                            blockNumber=7806977 slot=1 blocks=7806976 txs=452281781 mgas=25146134 bps=110.6 tps=13745 mgps=809.0 avgBps=290.0 avgTps=16802 avgMGps=934.2 elapsed=7h28m37s
Aug 06 20:29:16 nimbus-eth1-mainnet-long-benchmark[1140193]: INF 2026-08-06 20:29:16.339+00:00 Imported blocks                            blockNumber=7815169 slot=1 blocks=7815168 txs=453436082 mgas=25206827 bps=109.1 tps=15369 mgps=808.1 avgBps=289.5 avgTps=16798 avgMGps=933.8 elapsed=7h29m52s
Aug 06 20:30:31 nimbus-eth1-mainnet-long-benchmark[1140193]: INF 2026-08-06 20:30:31.346+00:00 Imported blocks                            blockNumber=7823361 slot=1 blocks=7823360 txs=454565380 mgas=25267169 bps=109.2 tps=15056 mgps=804.5 avgBps=289.0 avgTps=16793 avgMGps=933.5 elapsed=7h31m7s
Aug 06 20:31:42 nimbus-eth1-mainnet-long-benchmark[1140193]: INF 2026-08-06 20:31:42.777+00:00 Imported blocks                            blockNumber=7831553 slot=1 blocks=7831552 txs=455613551 mgas=25323759 bps=114.7 tps=14673 mgps=792.2 avgBps=288.6 avgTps=16788 avgMGps=933.1 elapsed=7h32m18s
Aug 06 20:32:53 nimbus-eth1-mainnet-long-benchmark[1140193]: INF 2026-08-06 20:32:53.024+00:00 Imported blocks                            blockNumber=7839745 slot=1 blocks=7839744 txs=456620417 mgas=25379035 bps=116.6 tps=14332 mgps=786.9 avgBps=288.1 avgTps=16781 avgMGps=932.7 elapsed=7h33m29s
Aug 06 20:34:07 nimbus-eth1-mainnet-long-benchmark[1140193]: INF 2026-08-06 20:34:07.727+00:00 Imported blocks                            blockNumber=7847937 slot=1 blocks=7847936 txs=457886756 mgas=25440503 bps=109.7 tps=16951 mgps=822.8 avgBps=287.6 avgTps=16782 avgMGps=932.4 elapsed=7h34m43s
Aug 06 20:35:18 nimbus-eth1-mainnet-long-benchmark[1140193]: INF 2026-08-06 20:35:18.410+00:00 Imported blocks                            blockNumber=7856129 slot=1 blocks=7856128 txs=459040331 mgas=25501487 bps=115.9 tps=16321 mgps=862.8 avgBps=287.2 avgTps=16781 avgMGps=932.3 elapsed=7h35m54s
Aug 06 20:36:33 nimbus-eth1-mainnet-long-benchmark[1140193]: INF 2026-08-06 20:36:33.289+00:00 Imported blocks                            blockNumber=7864321 slot=1 blocks=7864320 txs=460155806 mgas=25561340 bps=109.4 tps=14896 mgps=799.3 avgBps=286.7 avgTps=16776 avgMGps=931.9 elapsed=7h37m9s
Aug 06 20:37:46 nimbus-eth1-mainnet-long-benchmark[1140193]: INF 2026-08-06 20:37:46.303+00:00 Imported blocks                            blockNumber=7872513 slot=1 blocks=7872512 txs=461304093 mgas=25622249 bps=112.2 tps=15727 mgps=834.2 avgBps=286.2 avgTps=16773 avgMGps=931.6 elapsed=7h38m22s
Aug 06 20:39:03 nimbus-eth1-mainnet-long-benchmark[1140193]: INF 2026-08-06 20:39:03.122+00:00 Imported blocks                            blockNumber=7880705 slot=1 blocks=7880704 txs=462540264 mgas=25682270 bps=106.6 tps=16092 mgps=781.4 avgBps=285.7 avgTps=16771 avgMGps=931.2 elapsed=7h39m39s
Aug 06 20:40:14 nimbus-eth1-mainnet-long-benchmark[1140193]: INF 2026-08-06 20:40:14.901+00:00 Imported blocks                            blockNumber=7888897 slot=1 blocks=7888896 txs=463659550 mgas=25740852 bps=114.1 tps=15592 mgps=816.1 avgBps=285.3 avgTps=16768 avgMGps=930.9 elapsed=7h40m51s
Aug 06 20:41:27 nimbus-eth1-mainnet-long-benchmark[1140193]: INF 2026-08-06 20:41:27.672+00:00 Imported blocks                            blockNumber=7897089 slot=1 blocks=7897088 txs=464776412 mgas=25800291 bps=112.6 tps=15347 mgps=816.8 avgBps=284.8 avgTps=16764 avgMGps=930.6 elapsed=7h42m3s
Aug 06 20:42:39 nimbus-eth1-mainnet-long-benchmark[1140193]: INF 2026-08-06 20:42:39.483+00:00 Imported blocks                            blockNumber=7905281 slot=1 blocks=7905280 txs=465829976 mgas=25859803 bps=114.1 tps=14672 mgps=828.8 avgBps=284.4 avgTps=16759 avgMGps=930.4 elapsed=7h43m15s
Aug 06 20:43:52 nimbus-eth1-mainnet-long-benchmark[1140193]: INF 2026-08-06 20:43:52.458+00:00 Imported blocks                            blockNumber=7913473 slot=1 blocks=7913472 txs=466848742 mgas=25919719 bps=112.3 tps=13960 mgps=821.0 avgBps=284.0 avgTps=16751 avgMGps=930.1 elapsed=7h44m28s
Aug 06 20:44:59 nimbus-eth1-mainnet-long-benchmark[1140193]: INF 2026-08-06 20:44:59.140+00:00 Imported blocks                            blockNumber=7921665 slot=1 blocks=7921664 txs=468011772 mgas=25977921 bps=122.8 tps=17440 mgps=872.8 avgBps=283.6 avgTps=16753 avgMGps=929.9 elapsed=7h45m35s
Aug 06 20:46:08 nimbus-eth1-mainnet-long-benchmark[1140193]: INF 2026-08-06 20:46:08.871+00:00 Imported blocks                            blockNumber=7929857 slot=1 blocks=7929856 txs=468944744 mgas=26034463 bps=117.5 tps=13379 mgps=810.9 avgBps=283.2 avgTps=16745 avgMGps=929.6 elapsed=7h46m44s
Aug 06 20:47:23 nimbus-eth1-mainnet-long-benchmark[1140193]: INF 2026-08-06 20:47:23.350+00:00 Imported blocks                            blockNumber=7938049 slot=1 blocks=7938048 txs=470280361 mgas=26096232 bps=110.0 tps=17932 mgps=829.3 avgBps=282.7 avgTps=16748 avgMGps=929.4 elapsed=7h47m59s
Aug 06 20:48:40 nimbus-eth1-mainnet-long-benchmark[1140193]: INF 2026-08-06 20:48:40.249+00:00 Imported blocks                            blockNumber=7946241 slot=1 blocks=7946240 txs=471406476 mgas=26156565 bps=106.5 tps=14643 mgps=784.6 avgBps=282.2 avgTps=16742 avgMGps=929.0 elapsed=7h49m16s
Aug 06 20:49:57 nimbus-eth1-mainnet-long-benchmark[1140193]: INF 2026-08-06 20:49:57.416+00:00 Imported blocks                            blockNumber=7954433 slot=1 blocks=7954432 txs=472337101 mgas=26215819 bps=106.2 tps=12059 mgps=767.9 avgBps=281.7 avgTps=16729 avgMGps=928.5 elapsed=7h50m33s
Aug 06 20:51:13 nimbus-eth1-mainnet-long-benchmark[1140193]: INF 2026-08-06 20:51:13.835+00:00 Imported blocks                            blockNumber=7962625 slot=1 blocks=7962624 txs=473493092 mgas=26276138 bps=107.2 tps=15127 mgps=789.3 avgBps=281.3 avgTps=16725 avgMGps=928.2 elapsed=7h51m49s
Aug 06 20:52:27 nimbus-eth1-mainnet-long-benchmark[1140193]: INF 2026-08-06 20:52:27.801+00:00 Imported blocks                            blockNumber=7970817 slot=1 blocks=7970816 txs=474642879 mgas=26334344 bps=110.7 tps=15544 mgps=786.9 avgBps=280.8 avgTps=16722 avgMGps=927.8 elapsed=7h53m3s
Aug 06 20:53:41 nimbus-eth1-mainnet-long-benchmark[1140193]: INF 2026-08-06 20:53:41.616+00:00 Imported blocks                            blockNumber=7979009 slot=1 blocks=7979008 txs=475810979 mgas=26393019 bps=111.0 tps=15825 mgps=794.9 avgBps=280.4 avgTps=16719 avgMGps=927.4 elapsed=7h54m17s
Aug 06 20:54:52 nimbus-eth1-mainnet-long-benchmark[1140193]: INF 2026-08-06 20:54:52.555+00:00 Imported blocks                            blockNumber=7987201 slot=1 blocks=7987200 txs=476920569 mgas=26453220 bps=115.5 tps=15640 mgps=848.6 avgBps=280.0 avgTps=16717 avgMGps=927.3 elapsed=7h55m28s
Aug 06 20:56:03 nimbus-eth1-mainnet-long-benchmark[1140193]: INF 2026-08-06 20:56:03.170+00:00 Imported blocks                            blockNumber=7995393 slot=1 blocks=7995392 txs=478167265 mgas=26514174 bps=116.0 tps=17655 mgps=863.2 avgBps=279.6 avgTps=16719 avgMGps=927.1 elapsed=7h56m39s
Aug 06 20:57:18 nimbus-eth1-mainnet-long-benchmark[1140193]: INF 2026-08-06 20:57:18.025+00:00 Imported blocks                            blockNumber=8003585 slot=1 blocks=8003584 txs=479239936 mgas=26572633 bps=109.4 tps=14329 mgps=781.0 avgBps=279.1 avgTps=16713 avgMGps=926.7 elapsed=7h57m54s
Aug 06 20:58:29 nimbus-eth1-mainnet-long-benchmark[1140193]: INF 2026-08-06 20:58:29.256+00:00 Imported blocks                            blockNumber=8011777 slot=1 blocks=8011776 txs=480155112 mgas=26624783 bps=115.0 tps=12848 mgps=732.1 avgBps=278.7 avgTps=16703 avgMGps=926.2 elapsed=7h59m5s
Aug 06 20:59:39 nimbus-eth1-mainnet-long-benchmark[1140193]: INF 2026-08-06 20:59:39.630+00:00 Imported blocks                            blockNumber=8019969 slot=1 blocks=8019968 txs=481204089 mgas=26679130 bps=116.4 tps=14906 mgps=772.3 avgBps=278.3 avgTps=16699 avgMGps=925.9 elapsed=8h15s731ms
Aug 06 21:00:49 nimbus-eth1-mainnet-long-benchmark[1140193]: INF 2026-08-06 21:00:49.729+00:00 Imported blocks                            blockNumber=8028161 slot=1 blocks=8028160 txs=482365172 mgas=26737031 bps=116.9 tps=16562 mgps=826.0 avgBps=277.9 avgTps=16699 avgMGps=925.6 elapsed=8h1m25s
Aug 06 21:02:00 nimbus-eth1-mainnet-long-benchmark[1140193]: INF 2026-08-06 21:02:00.536+00:00 Imported blocks                            blockNumber=8036353 slot=1 blocks=8036352 txs=483403238 mgas=26797771 bps=115.7 tps=14660 mgps=857.8 avgBps=277.5 avgTps=16694 avgMGps=925.4 elapsed=8h2m36s
Aug 06 21:03:09 nimbus-eth1-mainnet-long-benchmark[1140193]: INF 2026-08-06 21:03:09.475+00:00 Imported blocks                            blockNumber=8044545 slot=1 blocks=8044544 txs=484461750 mgas=26859224 bps=118.8 tps=15354 mgps=891.4 avgBps=277.2 avgTps=16690 avgMGps=925.4 elapsed=8h3m45s
Aug 06 21:04:18 nimbus-eth1-mainnet-long-benchmark[1140193]: INF 2026-08-06 21:04:18.342+00:00 Imported blocks                            blockNumber=8052737 slot=1 blocks=8052736 txs=485686318 mgas=26916744 bps=119.0 tps=17782 mgps=835.3 avgBps=276.8 avgTps=16693 avgMGps=925.2 elapsed=8h4m54s
Aug 06 21:05:20 nimbus-eth1-mainnet-long-benchmark[1140193]: INF 2026-08-06 21:05:20.333+00:00 Imported blocks                            blockNumber=8060929 slot=1 blocks=8060928 txs=486569669 mgas=26965779 bps=132.1 tps=14249 mgps=791.0 avgBps=276.5 avgTps=16688 avgMGps=924.9 elapsed=8h5m56s
Aug 06 21:06:27 nimbus-eth1-mainnet-long-benchmark[1140193]: INF 2026-08-06 21:06:27.864+00:00 Imported blocks                            blockNumber=8069121 slot=1 blocks=8069120 txs=487663225 mgas=27020717 bps=121.3 tps=16192 mgps=813.5 avgBps=276.1 avgTps=16687 avgMGps=924.6 elapsed=8h7m3s
Aug 06 21:07:42 nimbus-eth1-mainnet-long-benchmark[1140193]: INF 2026-08-06 21:07:42.083+00:00 Imported blocks                            blockNumber=8077313 slot=1 blocks=8077312 txs=488834845 mgas=27079702 bps=110.4 tps=15786 mgps=794.7 avgBps=275.7 avgTps=16684 avgMGps=924.3 elapsed=8h8m18s
Aug 06 21:08:53 nimbus-eth1-mainnet-long-benchmark[1140193]: INF 2026-08-06 21:08:53.122+00:00 Imported blocks                            blockNumber=8085505 slot=1 blocks=8085504 txs=489805789 mgas=27137307 bps=115.3 tps=13668 mgps=810.9 avgBps=275.3 avgTps=16677 avgMGps=924.0 elapsed=8h9m29s
Aug 06 21:10:00 nimbus-eth1-mainnet-long-benchmark[1140193]: INF 2026-08-06 21:10:00.265+00:00 Imported blocks                            blockNumber=8093697 slot=1 blocks=8093696 txs=490824075 mgas=27190483 bps=122.0 tps=15165 mgps=792.0 avgBps=275.0 avgTps=16674 avgMGps=923.7 elapsed=8h10m36s
Aug 06 21:11:05 nimbus-eth1-mainnet-long-benchmark[1140193]: INF 2026-08-06 21:11:05.032+00:00 Imported blocks                            blockNumber=8101889 slot=1 blocks=8101888 txs=491732042 mgas=27242765 bps=126.5 tps=14018 mgps=807.2 avgBps=274.6 avgTps=16668 avgMGps=923.4 elapsed=8h11m41s
Aug 06 21:12:09 nimbus-eth1-mainnet-long-benchmark[1140193]: INF 2026-08-06 21:12:09.859+00:00 Imported blocks                            blockNumber=8110081 slot=1 blocks=8110080 txs=492604535 mgas=27293720 bps=126.4 tps=13459 mgps=786.0 avgBps=274.3 avgTps=16661 avgMGps=923.1 elapsed=8h12m45s
Aug 06 21:13:21 nimbus-eth1-mainnet-long-benchmark[1140193]: INF 2026-08-06 21:13:21.081+00:00 Imported blocks                            blockNumber=8118273 slot=1 blocks=8118272 txs=493621415 mgas=27349160 bps=115.0 tps=14277 mgps=778.4 avgBps=273.9 avgTps=16655 avgMGps=922.8 elapsed=8h13m57s
Aug 06 21:14:29 nimbus-eth1-mainnet-long-benchmark[1140193]: INF 2026-08-06 21:14:29.064+00:00 Imported blocks                            blockNumber=8126465 slot=1 blocks=8126464 txs=494514958 mgas=27402201 bps=120.5 tps=13143 mgps=780.2 avgBps=273.6 avgTps=16647 avgMGps=922.5 elapsed=8h15m5s
Aug 06 21:15:42 nimbus-eth1-mainnet-long-benchmark[1140193]: INF 2026-08-06 21:15:42.031+00:00 Imported blocks                            blockNumber=8134657 slot=1 blocks=8134656 txs=495714779 mgas=27460556 bps=112.3 tps=16443 mgps=799.7 avgBps=273.2 avgTps=16646 avgMGps=922.2 elapsed=8h16m18s
Aug 06 21:16:48 nimbus-eth1-mainnet-long-benchmark[1140193]: INF 2026-08-06 21:16:48.410+00:00 Imported blocks                            blockNumber=8142849 slot=1 blocks=8142848 txs=496587682 mgas=27511060 bps=123.4 tps=13150 mgps=760.9 avgBps=272.8 avgTps=16639 avgMGps=921.8 elapsed=8h17m24s
Aug 06 21:17:53 nimbus-eth1-mainnet-long-benchmark[1140193]: INF 2026-08-06 21:17:53.113+00:00 Imported blocks                            blockNumber=8151041 slot=1 blocks=8151040 txs=497341045 mgas=27559970 bps=126.6 tps=11643 mgps=755.9 avgBps=272.5 avgTps=16628 avgMGps=921.5 elapsed=8h18m29s
Aug 06 21:19:02 nimbus-eth1-mainnet-long-benchmark[1140193]: INF 2026-08-06 21:19:02.724+00:00 Imported blocks                            blockNumber=8159233 slot=1 blocks=8159232 txs=498229886 mgas=27615171 bps=117.7 tps=12768 mgps=793.0 avgBps=272.2 avgTps=16619 avgMGps=921.2 elapsed=8h19m38s
Aug 06 21:20:10 nimbus-eth1-mainnet-long-benchmark[1140193]: INF 2026-08-06 21:20:10.347+00:00 Imported blocks                            blockNumber=8167425 slot=1 blocks=8167424 txs=499588755 mgas=27676825 bps=121.1 tps=20095 mgps=911.8 avgBps=271.8 avgTps=16627 avgMGps=921.1 elapsed=8h20m46s
Aug 06 21:21:21 nimbus-eth1-mainnet-long-benchmark[1140193]: INF 2026-08-06 21:21:21.582+00:00 Imported blocks                            blockNumber=8175617 slot=1 blocks=8175616 txs=500508099 mgas=27734472 bps=115.0 tps=12905 mgps=809.2 avgBps=271.5 avgTps=16618 avgMGps=920.9 elapsed=8h21m57s
Aug 06 21:22:27 nimbus-eth1-mainnet-long-benchmark[1140193]: INF 2026-08-06 21:22:27.117+00:00 Imported blocks                            blockNumber=8183809 slot=1 blocks=8183808 txs=501456408 mgas=27787345 bps=125.0 tps=14469 mgps=806.8 avgBps=271.1 avgTps=16613 avgMGps=920.6 elapsed=8h23m3s
Aug 06 21:23:26 nimbus-eth1-mainnet-long-benchmark[1140193]: INF 2026-08-06 21:23:26.496+00:00 Imported blocks                            blockNumber=8192001 slot=1 blocks=8192000 txs=502194732 mgas=27834091 bps=138.0 tps=12433 mgps=787.2 avgBps=270.9 avgTps=16605 avgMGps=920.4 elapsed=8h24m2s
Aug 06 21:24:24 nimbus-eth1-mainnet-long-benchmark[1140193]: INF 2026-08-06 21:24:24.703+00:00 Imported blocks                            blockNumber=8200193 slot=1 blocks=8200192 txs=502933154 mgas=27879561 bps=140.7 tps=12685 mgps=781.1 avgBps=270.6 avgTps=16598 avgMGps=920.1 elapsed=8h25m808ms
Aug 06 21:25:27 nimbus-eth1-mainnet-long-benchmark[1140193]: INF 2026-08-06 21:25:27.566+00:00 Imported blocks                            blockNumber=8208385 slot=1 blocks=8208384 txs=503746151 mgas=27929945 bps=130.3 tps=12933 mgps=801.6 avgBps=270.3 avgTps=16590 avgMGps=919.8 elapsed=8h26m3s
Aug 06 21:26:28 nimbus-eth1-mainnet-long-benchmark[1140193]: INF 2026-08-06 21:26:28.965+00:00 Imported blocks                            blockNumber=8216577 slot=1 blocks=8216576 txs=504752791 mgas=27982317 bps=133.4 tps=16394 mgps=853.0 avgBps=270.1 avgTps=16590 avgMGps=919.7 elapsed=8h27m5s
Aug 06 21:27:38 nimbus-eth1-mainnet-long-benchmark[1140193]: INF 2026-08-06 21:27:38.864+00:00 Imported blocks                            blockNumber=8224769 slot=1 blocks=8224768 txs=505916029 mgas=28041912 bps=117.2 tps=16641 mgps=852.6 avgBps=269.7 avgTps=16590 avgMGps=919.6 elapsed=8h28m14s
Aug 06 21:28:43 nimbus-eth1-mainnet-long-benchmark[1140193]: INF 2026-08-06 21:28:43.743+00:00 Imported blocks                            blockNumber=8232961 slot=1 blocks=8232960 txs=506714790 mgas=28094932 bps=126.3 tps=12311 mgps=817.2 avgBps=269.4 avgTps=16581 avgMGps=919.3 elapsed=8h29m19s
Aug 06 21:29:43 nimbus-eth1-mainnet-long-benchmark[1140193]: INF 2026-08-06 21:29:43.946+00:00 Imported blocks                            blockNumber=8241153 slot=1 blocks=8241152 txs=507412619 mgas=28146893 bps=136.1 tps=11591 mgps=863.1 avgBps=269.1 avgTps=16571 avgMGps=919.2 elapsed=8h30m20s
Aug 06 21:30:48 nimbus-eth1-mainnet-long-benchmark[1140193]: INF 2026-08-06 21:30:48.273+00:00 Imported blocks                            blockNumber=8249345 slot=1 blocks=8249344 txs=508253728 mgas=28198893 bps=127.3 tps=13075 mgps=808.4 avgBps=268.8 avgTps=16563 avgMGps=919.0 elapsed=8h31m24s
Aug 06 21:31:56 nimbus-eth1-mainnet-long-benchmark[1140193]: INF 2026-08-06 21:31:56.884+00:00 Imported blocks                            blockNumber=8257537 slot=1 blocks=8257536 txs=509183921 mgas=28253353 bps=119.4 tps=13557 mgps=793.8 avgBps=268.5 avgTps=16557 avgMGps=918.7 elapsed=8h32m32s
Aug 06 21:33:06 nimbus-eth1-mainnet-long-benchmark[1140193]: INF 2026-08-06 21:33:06.719+00:00 Imported blocks                            blockNumber=8265729 slot=1 blocks=8265728 txs=510159129 mgas=28311576 bps=117.3 tps=13965 mgps=833.8 avgBps=268.2 avgTps=16551 avgMGps=918.5 elapsed=8h33m42s
Aug 06 21:34:14 nimbus-eth1-mainnet-long-benchmark[1140193]: INF 2026-08-06 21:34:14.650+00:00 Imported blocks                            blockNumber=8273921 slot=1 blocks=8273920 txs=511180033 mgas=28367882 bps=120.6 tps=15028 mgps=828.8 avgBps=267.8 avgTps=16547 avgMGps=918.3 elapsed=8h34m50s
Aug 06 21:35:16 nimbus-eth1-mainnet-long-benchmark[1140193]: INF 2026-08-06 21:35:16.485+00:00 Imported blocks                            blockNumber=8282113 slot=1 blocks=8282112 txs=512118559 mgas=28420963 bps=132.5 tps=15177 mgps=858.4 avgBps=267.6 avgTps=16545 avgMGps=918.2 elapsed=8h35m52s
Aug 06 21:36:23 nimbus-eth1-mainnet-long-benchmark[1140193]: INF 2026-08-06 21:36:23.244+00:00 Imported blocks                            blockNumber=8290305 slot=1 blocks=8290304 txs=512939129 mgas=28472944 bps=122.7 tps=12291 mgps=778.6 avgBps=267.3 avgTps=16536 avgMGps=917.9 elapsed=8h36m59s
Aug 06 21:37:31 nimbus-eth1-mainnet-long-benchmark[1140193]: INF 2026-08-06 21:37:31.818+00:00 Imported blocks                            blockNumber=8298497 slot=1 blocks=8298496 txs=513879710 mgas=28531568 bps=119.5 tps=13717 mgps=854.9 avgBps=266.9 avgTps=16529 avgMGps=917.8 elapsed=8h38m7s
Aug 06 21:38:39 nimbus-eth1-mainnet-long-benchmark[1140193]: INF 2026-08-06 21:38:39.337+00:00 Imported blocks                            blockNumber=8306689 slot=1 blocks=8306688 txs=514757556 mgas=28589252 bps=121.3 tps=13001 mgps=854.3 avgBps=266.6 avgTps=16522 avgMGps=917.6 elapsed=8h39m15s
Aug 06 21:39:48 nimbus-eth1-mainnet-long-benchmark[1140193]: INF 2026-08-06 21:39:48.932+00:00 Imported blocks                            blockNumber=8314881 slot=1 blocks=8314880 txs=515671833 mgas=28646490 bps=117.7 tps=13136 mgps=822.4 avgBps=266.3 avgTps=16514 avgMGps=917.4 elapsed=8h40m25s
Aug 06 21:40:53 nimbus-eth1-mainnet-long-benchmark[1140193]: INF 2026-08-06 21:40:53.875+00:00 Imported blocks                            blockNumber=8323073 slot=1 blocks=8323072 txs=516552511 mgas=28698057 bps=126.1 tps=13560 mgps=794.0 avgBps=266.0 avgTps=16508 avgMGps=917.2 elapsed=8h41m29s
Aug 06 21:42:07 nimbus-eth1-mainnet-long-benchmark[1140193]: INF 2026-08-06 21:42:07.674+00:00 Imported blocks                            blockNumber=8331265 slot=1 blocks=8331264 txs=517315644 mgas=28749547 bps=111.0 tps=10341 mgps=697.7 avgBps=265.6 avgTps=16494 avgMGps=916.6 elapsed=8h42m43s
Aug 06 21:43:10 nimbus-eth1-mainnet-long-benchmark[1140193]: INF 2026-08-06 21:43:10.245+00:00 Imported blocks                            blockNumber=8339457 slot=1 blocks=8339456 txs=518151142 mgas=28801662 bps=130.9 tps=13352 mgps=832.9 avgBps=265.4 avgTps=16487 avgMGps=916.5 elapsed=8h43m46s
Aug 06 21:44:16 nimbus-eth1-mainnet-long-benchmark[1140193]: INF 2026-08-06 21:44:16.192+00:00 Imported blocks                            blockNumber=8347649 slot=1 blocks=8347648 txs=519092137 mgas=28855516 bps=124.2 tps=14268 mgps=816.6 avgBps=265.1 avgTps=16483 avgMGps=916.3 elapsed=8h44m52s
Aug 06 21:45:25 nimbus-eth1-mainnet-long-benchmark[1140193]: INF 2026-08-06 21:45:25.127+00:00 Imported blocks                            blockNumber=8355841 slot=1 blocks=8355840 txs=520027257 mgas=28915308 bps=118.8 tps=13565 mgps=867.4 avgBps=264.8 avgTps=16476 avgMGps=916.2 elapsed=8h46m1s
Aug 06 21:46:29 nimbus-eth1-mainnet-long-benchmark[1140193]: INF 2026-08-06 21:46:29.862+00:00 Imported blocks                            blockNumber=8364033 slot=1 blocks=8364032 txs=520876607 mgas=28969933 bps=126.6 tps=13120 mgps=843.8 avgBps=264.5 avgTps=16469 avgMGps=916.0 elapsed=8h47m5s
Aug 06 21:47:31 nimbus-eth1-mainnet-long-benchmark[1140193]: INF 2026-08-06 21:47:31.937+00:00 Imported blocks                            blockNumber=8372225 slot=1 blocks=8372224 txs=521703156 mgas=29020487 bps=132.0 tps=13315 mgps=814.4 avgBps=264.2 avgTps=16463 avgMGps=915.8 elapsed=8h48m8s
Aug 06 21:48:36 nimbus-eth1-mainnet-long-benchmark[1140193]: INF 2026-08-06 21:48:36.836+00:00 Imported blocks                            blockNumber=8380417 slot=1 blocks=8380416 txs=522596515 mgas=29074012 bps=126.2 tps=13764 mgps=824.7 avgBps=263.9 avgTps=16458 avgMGps=915.6 elapsed=8h49m12s
Aug 06 21:49:51 nimbus-eth1-mainnet-long-benchmark[1140193]: INF 2026-08-06 21:49:51.495+00:00 Imported blocks                            blockNumber=8388609 slot=1 blocks=8388608 txs=523546552 mgas=29133682 bps=109.7 tps=12725 mgps=799.3 avgBps=263.6 avgTps=16449 avgMGps=915.4 elapsed=8h50m27s
Aug 06 21:50:58 nimbus-eth1-mainnet-long-benchmark[1140193]: INF 2026-08-06 21:50:58.558+00:00 Imported blocks                            blockNumber=8396801 slot=1 blocks=8396800 txs=524398504 mgas=29192750 bps=122.2 tps=12703 mgps=880.8 avgBps=263.3 avgTps=16441 avgMGps=915.3 elapsed=8h51m34s
Aug 06 21:52:10 nimbus-eth1-mainnet-long-benchmark[1140193]: INF 2026-08-06 21:52:10.088+00:00 Imported blocks                            blockNumber=8404993 slot=1 blocks=8404992 txs=525369820 mgas=29251451 bps=114.5 tps=13578 mgps=820.6 avgBps=262.9 avgTps=16435 avgMGps=915.1 elapsed=8h52m46s
Aug 06 21:53:23 nimbus-eth1-mainnet-long-benchmark[1140193]: INF 2026-08-06 21:53:23.063+00:00 Imported blocks                            blockNumber=8413185 slot=1 blocks=8413184 txs=526327108 mgas=29309317 bps=112.3 tps=13118 mgps=793.0 avgBps=262.6 avgTps=16427 avgMGps=914.8 elapsed=8h53m59s
Aug 06 21:54:26 nimbus-eth1-mainnet-long-benchmark[1140193]: INF 2026-08-06 21:54:26.122+00:00 Imported blocks                            blockNumber=8421377 slot=1 blocks=8421376 txs=527166073 mgas=29366866 bps=129.9 tps=13305 mgps=912.7 avgBps=262.3 avgTps=16421 avgMGps=914.8 elapsed=8h55m2s
Aug 06 21:55:26 nimbus-eth1-mainnet-long-benchmark[1140193]: INF 2026-08-06 21:55:26.981+00:00 Imported blocks                            blockNumber=8429569 slot=1 blocks=8429568 txs=528059369 mgas=29427971 bps=134.6 tps=14677 mgps=1003 avgBps=262.1 avgTps=16418 avgMGps=915.0 elapsed=8h56m3s
Aug 06 21:56:35 nimbus-eth1-mainnet-long-benchmark[1140193]: INF 2026-08-06 21:56:35.472+00:00 Imported blocks                            blockNumber=8437761 slot=1 blocks=8437760 txs=529053207 mgas=29487780 bps=119.6 tps=14510 mgps=873.2 avgBps=261.8 avgTps=16414 avgMGps=914.9 elapsed=8h57m11s
Aug 06 21:57:45 nimbus-eth1-mainnet-long-benchmark[1140193]: INF 2026-08-06 21:57:45.771+00:00 Imported blocks                            blockNumber=8445953 slot=1 blocks=8445952 txs=530018020 mgas=29548570 bps=116.5 tps=13724 mgps=864.7 avgBps=261.5 avgTps=16408 avgMGps=914.8 elapsed=8h58m21s
Aug 06 21:58:51 nimbus-eth1-mainnet-long-benchmark[1140193]: INF 2026-08-06 21:58:51.166+00:00 Imported blocks                            blockNumber=8454145 slot=1 blocks=8454144 txs=530857067 mgas=29608227 bps=125.3 tps=12830 mgps=912.3 avgBps=261.2 avgTps=16401 avgMGps=914.8 elapsed=8h59m27s
Aug 06 21:59:54 nimbus-eth1-mainnet-long-benchmark[1140193]: INF 2026-08-06 21:59:54.945+00:00 Imported blocks                            blockNumber=8462337 slot=1 blocks=8462336 txs=531711104 mgas=29667600 bps=128.4 tps=13390 mgps=930.9 avgBps=260.9 avgTps=16395 avgMGps=914.8 elapsed=9h31s45ms
Aug 06 22:01:02 nimbus-eth1-mainnet-long-benchmark[1140193]: INF 2026-08-06 22:01:02.024+00:00 Imported blocks                            blockNumber=8470529 slot=1 blocks=8470528 txs=532681339 mgas=29727791 bps=122.1 tps=14463 mgps=897.3 avgBps=260.6 avgTps=16391 avgMGps=914.8 elapsed=9h1m38s
Aug 06 22:02:08 nimbus-eth1-mainnet-long-benchmark[1140193]: INF 2026-08-06 22:02:08.623+00:00 Imported blocks                            blockNumber=8478721 slot=1 blocks=8478720 txs=533669681 mgas=29789592 bps=123.0 tps=14839 mgps=927.9 avgBps=260.4 avgTps=16387 avgMGps=914.8 elapsed=9h2m44s
Aug 06 22:03:10 nimbus-eth1-mainnet-long-benchmark[1140193]: INF 2026-08-06 22:03:10.574+00:00 Imported blocks                            blockNumber=8486913 slot=1 blocks=8486912 txs=534497845 mgas=29850879 bps=132.2 tps=13368 mgps=989.3 avgBps=260.1 avgTps=16382 avgMGps=914.9 elapsed=9h3m46s
Aug 06 22:04:14 nimbus-eth1-mainnet-long-benchmark[1140193]: INF 2026-08-06 22:04:14.821+00:00 Imported blocks                            blockNumber=8495105 slot=1 blocks=8495104 txs=535500344 mgas=29912902 bps=127.5 tps=15603 mgps=965.4 avgBps=259.9 avgTps=16380 avgMGps=915.0 elapsed=9h4m50s
Aug 06 22:05:17 nimbus-eth1-mainnet-long-benchmark[1140193]: INF 2026-08-06 22:05:17.932+00:00 Imported blocks                            blockNumber=8503297 slot=1 blocks=8503296 txs=536490123 mgas=29974730 bps=129.8 tps=15683 mgps=979.7 avgBps=259.6 avgTps=16379 avgMGps=915.1 elapsed=9h5m54s
Aug 06 22:06:15 nimbus-eth1-mainnet-long-benchmark[1140193]: INF 2026-08-06 22:06:15.975+00:00 Imported blocks                            blockNumber=8511489 slot=1 blocks=8511488 txs=537325435 mgas=30036575 bps=141.1 tps=14391 mgps=1065 avgBps=259.4 avgTps=16375 avgMGps=915.4 elapsed=9h6m52s
Aug 06 22:07:15 nimbus-eth1-mainnet-long-benchmark[1140193]: INF 2026-08-06 22:07:15.054+00:00 Imported blocks                            blockNumber=8519681 slot=1 blocks=8519680 txs=538214904 mgas=30098255 bps=138.7 tps=15056 mgps=1044 avgBps=259.2 avgTps=16373 avgMGps=915.6 elapsed=9h7m51s
Aug 06 22:08:15 nimbus-eth1-mainnet-long-benchmark[1140193]: INF 2026-08-06 22:08:15.781+00:00 Imported blocks                            blockNumber=8527873 slot=1 blocks=8527872 txs=539180251 mgas=30159640 bps=134.9 tps=15895 mgps=1010 avgBps=259.0 avgTps=16372 avgMGps=915.8 elapsed=9h8m51s
Aug 06 22:09:16 nimbus-eth1-mainnet-long-benchmark[1140193]: INF 2026-08-06 22:09:16.528+00:00 Imported blocks                            blockNumber=8536065 slot=1 blocks=8536064 txs=540111303 mgas=30221233 bps=134.9 tps=15327 mgps=1013 avgBps=258.7 avgTps=16370 avgMGps=916.0 elapsed=9h9m52s
Aug 06 22:10:13 nimbus-eth1-mainnet-long-benchmark[1140193]: INF 2026-08-06 22:10:13.043+00:00 Imported blocks                            blockNumber=8544257 slot=1 blocks=8544256 txs=540865351 mgas=30282863 bps=144.9 tps=13341 mgps=1090 avgBps=258.5 avgTps=16365 avgMGps=916.3 elapsed=9h10m49s
Aug 06 22:11:12 nimbus-eth1-mainnet-long-benchmark[1140193]: INF 2026-08-06 22:11:12.938+00:00 Imported blocks                            blockNumber=8552449 slot=1 blocks=8552448 txs=541669096 mgas=30344824 bps=136.8 tps=13420 mgps=1034 avgBps=258.3 avgTps=16360 avgMGps=916.5 elapsed=9h11m49s
Aug 06 22:12:16 nimbus-eth1-mainnet-long-benchmark[1140193]: INF 2026-08-06 22:12:16.165+00:00 Imported blocks                            blockNumber=8560641 slot=1 blocks=8560640 txs=542608372 mgas=30408355 bps=129.6 tps=14854 mgps=1004 avgBps=258.1 avgTps=16357 avgMGps=916.7 elapsed=9h12m52s
Aug 06 22:13:19 nimbus-eth1-mainnet-long-benchmark[1140193]: INF 2026-08-06 22:13:19.360+00:00 Imported blocks                            blockNumber=8568833 slot=1 blocks=8568832 txs=543459789 mgas=30474279 bps=129.6 tps=13472 mgps=1043 avgBps=257.8 avgTps=16351 avgMGps=916.9 elapsed=9h13m55s
Aug 06 22:14:22 nimbus-eth1-mainnet-long-benchmark[1140193]: INF 2026-08-06 22:14:22.079+00:00 Imported blocks                            blockNumber=8577025 slot=1 blocks=8577024 txs=544300838 mgas=30539902 bps=130.6 tps=13409 mgps=1046 avgBps=257.6 avgTps=16346 avgMGps=917.2 elapsed=9h14m58s
Aug 06 22:15:31 nimbus-eth1-mainnet-long-benchmark[1140193]: INF 2026-08-06 22:15:31.610+00:00 Imported blocks                            blockNumber=8585217 slot=1 blocks=8585216 txs=545292990 mgas=30613125 bps=117.8 tps=14269 mgps=1053 avgBps=257.3 avgTps=16341 avgMGps=917.4 elapsed=9h16m7s
Aug 06 22:16:37 nimbus-eth1-mainnet-long-benchmark[1140193]: INF 2026-08-06 22:16:37.413+00:00 Imported blocks                            blockNumber=8593409 slot=1 blocks=8593408 txs=546110449 mgas=30691004 bps=124.5 tps=12422 mgps=1183 avgBps=257.0 avgTps=16334 avgMGps=918.0 elapsed=9h17m13s
Aug 06 22:17:43 nimbus-eth1-mainnet-long-benchmark[1140193]: INF 2026-08-06 22:17:43.588+00:00 Imported blocks                            blockNumber=8601601 slot=1 blocks=8601600 txs=546809468 mgas=30767632 bps=123.8 tps=10562 mgps=1157 avgBps=256.8 avgTps=16322 avgMGps=918.4 elapsed=9h18m19s
Aug 06 22:18:49 nimbus-eth1-mainnet-long-benchmark[1140193]: INF 2026-08-06 22:18:49.319+00:00 Imported blocks                            blockNumber=8609793 slot=1 blocks=8609792 txs=547621401 mgas=30845690 bps=124.6 tps=12352 mgps=1187 avgBps=256.5 avgTps=16315 avgMGps=919.0 elapsed=9h19m25s
Aug 06 22:20:05 nimbus-eth1-mainnet-long-benchmark[1140193]: INF 2026-08-06 22:20:05.666+00:00 Imported blocks                            blockNumber=8617985 slot=1 blocks=8617984 txs=548570794 mgas=30923161 bps=107.3 tps=12435 mgps=1014 avgBps=256.2 avgTps=16306 avgMGps=919.2 elapsed=9h20m41s
Aug 06 22:21:17 nimbus-eth1-mainnet-long-benchmark[1140193]: INF 2026-08-06 22:21:17.581+00:00 Imported blocks                            blockNumber=8626177 slot=1 blocks=8626176 txs=549440258 mgas=30998955 bps=113.9 tps=12090 mgps=1053 avgBps=255.9 avgTps=16297 avgMGps=919.5 elapsed=9h21m53s
Aug 06 22:22:22 nimbus-eth1-mainnet-long-benchmark[1140193]: INF 2026-08-06 22:22:22.564+00:00 Imported blocks                            blockNumber=8634369 slot=1 blocks=8634368 txs=550180147 mgas=31073142 bps=126.1 tps=11385 mgps=1141 avgBps=255.6 avgTps=16287 avgMGps=919.9 elapsed=9h22m58s
Aug 06 22:23:32 nimbus-eth1-mainnet-long-benchmark[1140193]: INF 2026-08-06 22:23:32.238+00:00 Imported blocks                            blockNumber=8642561 slot=1 blocks=8642560 txs=550999073 mgas=31150828 bps=117.6 tps=11753 mgps=1115 avgBps=255.3 avgTps=16278 avgMGps=920.3 elapsed=9h24m8s
Aug 06 22:24:44 nimbus-eth1-mainnet-long-benchmark[1140193]: INF 2026-08-06 22:24:44.573+00:00 Imported blocks                            blockNumber=8650753 slot=1 blocks=8650752 txs=551824997 mgas=31228854 bps=113.2 tps=11417 mgps=1078 avgBps=255.0 avgTps=16268 avgMGps=920.6 elapsed=9h25m20s
Aug 06 22:26:04 nimbus-eth1-mainnet-long-benchmark[1140193]: INF 2026-08-06 22:26:04.292+00:00 Imported blocks                            blockNumber=8658945 slot=1 blocks=8658944 txs=552637144 mgas=31299247 bps=102.8 tps=10187 mgps=883.0 avgBps=254.7 avgTps=16253 avgMGps=920.6 elapsed=9h26m40s
Aug 06 22:27:15 nimbus-eth1-mainnet-long-benchmark[1140193]: INF 2026-08-06 22:27:15.843+00:00 Imported blocks                            blockNumber=8667137 slot=1 blocks=8667136 txs=553422817 mgas=31360818 bps=114.5 tps=10980 mgps=860.5 avgBps=254.4 avgTps=16242 avgMGps=920.4 elapsed=9h27m51s
Aug 06 22:28:24 nimbus-eth1-mainnet-long-benchmark[1140193]: INF 2026-08-06 22:28:24.726+00:00 Imported blocks                            blockNumber=8675329 slot=1 blocks=8675328 txs=554239359 mgas=31426600 bps=118.9 tps=11854 mgps=955.0 avgBps=254.1 avgTps=16233 avgMGps=920.5 elapsed=9h29m826ms
Aug 06 22:29:30 nimbus-eth1-mainnet-long-benchmark[1140193]: INF 2026-08-06 22:29:30.421+00:00 Imported blocks                            blockNumber=8683521 slot=1 blocks=8683520 txs=554997332 mgas=31480604 bps=124.7 tps=11537 mgps=822.0 avgBps=253.9 avgTps=16224 avgMGps=920.3 elapsed=9h30m6s
Aug 06 22:30:32 nimbus-eth1-mainnet-long-benchmark[1140193]: INF 2026-08-06 22:30:32.184+00:00 Imported blocks                            blockNumber=8691713 slot=1 blocks=8691712 txs=555680661 mgas=31532851 bps=132.6 tps=11063 mgps=845.9 avgBps=253.6 avgTps=16215 avgMGps=920.2 elapsed=9h31m8s
Aug 06 22:31:38 nimbus-eth1-mainnet-long-benchmark[1140193]: INF 2026-08-06 22:31:38.675+00:00 Imported blocks                            blockNumber=8699905 slot=1 blocks=8699904 txs=556529783 mgas=31588510 bps=123.2 tps=12770 mgps=837.1 avgBps=253.4 avgTps=16208 avgMGps=920.0 elapsed=9h32m14s
Aug 06 22:32:50 nimbus-eth1-mainnet-long-benchmark[1140193]: INF 2026-08-06 22:32:50.554+00:00 Imported blocks                            blockNumber=8708097 slot=1 blocks=8708096 txs=557505249 mgas=31647773 bps=114.0 tps=13570 mgps=824.5 avgBps=253.1 avgTps=16203 avgMGps=919.8 elapsed=9h33m26s
Aug 06 22:34:00 nimbus-eth1-mainnet-long-benchmark[1140193]: INF 2026-08-06 22:34:00.900+00:00 Imported blocks                            blockNumber=8716289 slot=1 blocks=8716288 txs=558418250 mgas=31706815 bps=116.5 tps=12978 mgps=839.3 avgBps=252.8 avgTps=16196 avgMGps=919.7 elapsed=9h34m37s
Aug 06 22:35:06 nimbus-eth1-mainnet-long-benchmark[1140193]: INF 2026-08-06 22:35:06.683+00:00 Imported blocks                            blockNumber=8724481 slot=1 blocks=8724480 txs=559287228 mgas=31761096 bps=124.5 tps=13209 mgps=825.1 avgBps=252.6 avgTps=16191 avgMGps=919.5 elapsed=9h35m42s
Aug 06 22:36:08 nimbus-eth1-mainnet-long-benchmark[1140193]: INF 2026-08-06 22:36:08.026+00:00 Imported blocks                            blockNumber=8732673 slot=1 blocks=8732672 txs=560092619 mgas=31810591 bps=133.6 tps=13130 mgps=806.9 avgBps=252.4 avgTps=16185 avgMGps=919.3 elapsed=9h36m44s
Aug 06 22:37:11 nimbus-eth1-mainnet-long-benchmark[1140193]: INF 2026-08-06 22:37:11.909+00:00 Imported blocks                            blockNumber=8740865 slot=1 blocks=8740864 txs=560905599 mgas=31863152 bps=128.2 tps=12725 mgps=822.8 avgBps=252.1 avgTps=16179 avgMGps=919.1 elapsed=9h37m48s
Aug 06 22:38:16 nimbus-eth1-mainnet-long-benchmark[1140193]: INF 2026-08-06 22:38:16.440+00:00 Imported blocks                            blockNumber=8749057 slot=1 blocks=8749056 txs=561727965 mgas=31915818 bps=126.9 tps=12743 mgps=816.1 avgBps=251.9 avgTps=16172 avgMGps=918.9 elapsed=9h38m52s
Aug 06 22:39:24 nimbus-eth1-mainnet-long-benchmark[1140193]: INF 2026-08-06 22:39:24.287+00:00 Imported blocks                            blockNumber=8757249 slot=1 blocks=8757248 txs=562647529 mgas=31971917 bps=120.7 tps=13553 mgps=826.8 avgBps=251.6 avgTps=16167 avgMGps=918.7 elapsed=9h40m392ms
Aug 06 22:40:33 nimbus-eth1-mainnet-long-benchmark[1140193]: INF 2026-08-06 22:40:33.822+00:00 Imported blocks                            blockNumber=8765441 slot=1 blocks=8765440 txs=563615545 mgas=32029794 bps=117.8 tps=13922 mgps=832.4 avgBps=251.4 avgTps=16163 avgMGps=918.6 elapsed=9h41m9s
Aug 06 22:41:35 nimbus-eth1-mainnet-long-benchmark[1140193]: INF 2026-08-06 22:41:35.433+00:00 Imported blocks                            blockNumber=8773633 slot=1 blocks=8773632 txs=564475698 mgas=32081275 bps=133.0 tps=13960 mgps=835.6 avgBps=251.2 avgTps=16159 avgMGps=918.4 elapsed=9h42m11s
Aug 06 22:42:32 nimbus-eth1-mainnet-long-benchmark[1140193]: INF 2026-08-06 22:42:32.828+00:00 Imported blocks                            blockNumber=8781825 slot=1 blocks=8781824 txs=565266566 mgas=32128533 bps=142.7 tps=13779 mgps=823.4 avgBps=251.0 avgTps=16155 avgMGps=918.2 elapsed=9h43m8s
Aug 06 22:43:37 nimbus-eth1-mainnet-long-benchmark[1140193]: INF 2026-08-06 22:43:37.267+00:00 Imported blocks                            blockNumber=8790017 slot=1 blocks=8790016 txs=566209398 mgas=32182071 bps=127.1 tps=14631 mgps=830.8 avgBps=250.8 avgTps=16152 avgMGps=918.1 elapsed=9h44m13s
Aug 06 22:44:49 nimbus-eth1-mainnet-long-benchmark[1140193]: INF 2026-08-06 22:44:49.530+00:00 Imported blocks                            blockNumber=8798209 slot=1 blocks=8798208 txs=567150092 mgas=32243757 bps=113.4 tps=13018 mgps=853.7 avgBps=250.5 avgTps=16146 avgMGps=918.0 elapsed=9h45m25s
Aug 06 22:45:57 nimbus-eth1-mainnet-long-benchmark[1140193]: INF 2026-08-06 22:45:57.149+00:00 Imported blocks                            blockNumber=8806401 slot=1 blocks=8806400 txs=568036019 mgas=32305416 bps=121.2 tps=13102 mgps=911.9 avgBps=250.2 avgTps=16140 avgMGps=917.9 elapsed=9h46m33s
Aug 06 22:47:12 nimbus-eth1-mainnet-long-benchmark[1140193]: INF 2026-08-06 22:47:12.188+00:00 Imported blocks                            blockNumber=8814593 slot=1 blocks=8814592 txs=569074048 mgas=32366785 bps=109.2 tps=13832 mgps=817.8 avgBps=249.9 avgTps=16135 avgMGps=917.7 elapsed=9h47m48s
Aug 06 22:48:16 nimbus-eth1-mainnet-long-benchmark[1140193]: INF 2026-08-06 22:48:16.967+00:00 Imported blocks                            blockNumber=8822785 slot=1 blocks=8822784 txs=569953841 mgas=32418931 bps=126.5 tps=13581 mgps=805.0 avgBps=249.7 avgTps=16130 avgMGps=917.5 elapsed=9h48m53s
Aug 06 22:49:24 nimbus-eth1-mainnet-long-benchmark[1140193]: INF 2026-08-06 22:49:24.362+00:00 Imported blocks                            blockNumber=8830977 slot=1 blocks=8830976 txs=570832350 mgas=32474628 bps=121.6 tps=13035 mgps=826.5 avgBps=249.5 avgTps=16124 avgMGps=917.4 elapsed=9h50m464ms
Aug 06 22:50:47 nimbus-eth1-mainnet-long-benchmark[1140193]: INF 2026-08-06 22:50:47.372+00:00 Imported blocks                            blockNumber=8839169 slot=1 blocks=8839168 txs=571797086 mgas=32537170 bps=98.69 tps=11621 mgps=753.4 avgBps=249.1 avgTps=16114 avgMGps=917.0 elapsed=9h51m23s
Aug 06 22:52:07 nimbus-eth1-mainnet-long-benchmark[1140193]: INF 2026-08-06 22:52:07.471+00:00 Imported blocks                            blockNumber=8847361 slot=1 blocks=8847360 txs=572794000 mgas=32598761 bps=102.3 tps=12446 mgps=768.9 avgBps=248.8 avgTps=16106 avgMGps=916.6 elapsed=9h52m43s
Aug 06 22:53:10 nimbus-eth1-mainnet-long-benchmark[1140193]: INF 2026-08-06 22:53:10.914+00:00 Imported blocks                            blockNumber=8855553 slot=1 blocks=8855552 txs=573679028 mgas=32653888 bps=129.1 tps=13949 mgps=868.9 avgBps=248.6 avgTps=16102 avgMGps=916.5 elapsed=9h53m47s
Aug 06 22:54:16 nimbus-eth1-mainnet-long-benchmark[1140193]: INF 2026-08-06 22:54:16.349+00:00 Imported blocks                            blockNumber=8863745 slot=1 blocks=8863744 txs=574470551 mgas=32709193 bps=125.2 tps=12096 mgps=845.2 avgBps=248.3 avgTps=16095 avgMGps=916.4 elapsed=9h54m52s
Aug 06 22:55:38 nimbus-eth1-mainnet-long-benchmark[1140193]: INF 2026-08-06 22:55:38.228+00:00 Imported blocks                            blockNumber=8871937 slot=1 blocks=8871936 txs=575320438 mgas=32772979 bps=100.0 tps=10379 mgps=779.0 avgBps=248.0 avgTps=16081 avgMGps=916.1 elapsed=9h56m14s
Aug 06 22:56:52 nimbus-eth1-mainnet-long-benchmark[1140193]: INF 2026-08-06 22:56:52.615+00:00 Imported blocks                            blockNumber=8880129 slot=1 blocks=8880128 txs=576222811 mgas=32833992 bps=110.1 tps=12131 mgps=820.2 avgBps=247.7 avgTps=16073 avgMGps=915.9 elapsed=9h57m28s
Aug 06 22:58:04 nimbus-eth1-mainnet-long-benchmark[1140193]: INF 2026-08-06 22:58:04.477+00:00 Imported blocks                            blockNumber=8888321 slot=1 blocks=8888320 txs=577164198 mgas=32893419 bps=114.0 tps=13099 mgps=826.9 avgBps=247.4 avgTps=16067 avgMGps=915.7 elapsed=9h58m40s
Aug 06 22:59:28 nimbus-eth1-mainnet-long-benchmark[1140193]: INF 2026-08-06 22:59:28.356+00:00 Imported blocks                            blockNumber=8896513 slot=1 blocks=8896512 txs=578297312 mgas=32957285 bps=97.66 tps=13508 mgps=761.4 avgBps=247.1 avgTps=16061 avgMGps=915.4 elapsed=10h4s460ms
Aug 06 23:00:53 nimbus-eth1-mainnet-long-benchmark[1140193]: INF 2026-08-06 23:00:53.603+00:00 Imported blocks                            blockNumber=8904705 slot=1 blocks=8904704 txs=579099874 mgas=33021012 bps=96.10 tps=9414 mgps=747.6 avgBps=246.7 avgTps=16046 avgMGps=915.0 elapsed=10h1m29s
Aug 06 23:02:15 nimbus-eth1-mainnet-long-benchmark[1140193]: INF 2026-08-06 23:02:15.765+00:00 Imported blocks                            blockNumber=8912897 slot=1 blocks=8912896 txs=579945319 mgas=33082422 bps=99.70 tps=10289 mgps=747.4 avgBps=246.4 avgTps=16033 avgMGps=914.6 elapsed=10h2m51s
Aug 06 23:03:40 nimbus-eth1-mainnet-long-benchmark[1140193]: INF 2026-08-06 23:03:40.940+00:00 Imported blocks                            blockNumber=8921089 slot=1 blocks=8921088 txs=580962928 mgas=33147452 bps=96.18 tps=11947 mgps=763.5 avgBps=246.1 avgTps=16023 avgMGps=914.2 elapsed=10h4m17s
Aug 06 23:05:01 nimbus-eth1-mainnet-long-benchmark[1140193]: INF 2026-08-06 23:05:01.863+00:00 Imported blocks                            blockNumber=8929281 slot=1 blocks=8929280 txs=581870853 mgas=33211016 bps=101.2 tps=11219 mgps=785.5 avgBps=245.7 avgTps=16012 avgMGps=913.9 elapsed=10h5m37s
Aug 06 23:06:27 nimbus-eth1-mainnet-long-benchmark[1140193]: INF 2026-08-06 23:06:27.057+00:00 Imported blocks                            blockNumber=8937473 slot=1 blocks=8937472 txs=582838655 mgas=33277249 bps=96.16 tps=11360 mgps=777.5 avgBps=245.4 avgTps=16001 avgMGps=913.6 elapsed=10h7m3s
Aug 06 23:07:51 nimbus-eth1-mainnet-long-benchmark[1140193]: INF 2026-08-06 23:07:51.548+00:00 Imported blocks                            blockNumber=8945665 slot=1 blocks=8945664 txs=583736137 mgas=33342595 bps=96.95 tps=10621 mgps=773.4 avgBps=245.0 avgTps=15989 avgMGps=913.3 elapsed=10h8m27s
Aug 06 23:09:03 nimbus-eth1-mainnet-long-benchmark[1140193]: INF 2026-08-06 23:09:03.419+00:00 Imported blocks                            blockNumber=8953857 slot=1 blocks=8953856 txs=584486354 mgas=33407599 bps=114.0 tps=10438 mgps=904.4 avgBps=244.8 avgTps=15978 avgMGps=913.3 elapsed=10h9m39s
Aug 06 23:10:27 nimbus-eth1-mainnet-long-benchmark[1140193]: INF 2026-08-06 23:10:27.070+00:00 Imported blocks                            blockNumber=8962049 slot=1 blocks=8962048 txs=585573348 mgas=33475102 bps=97.93 tps=12994 mgps=807.0 avgBps=244.4 avgTps=15971 avgMGps=913.0 elapsed=10h11m3s
Aug 06 23:11:46 nimbus-eth1-mainnet-long-benchmark[1140193]: INF 2026-08-06 23:11:46.060+00:00 Imported blocks                            blockNumber=8970241 slot=1 blocks=8970240 txs=586525061 mgas=33541339 bps=103.7 tps=12048 mgps=838.6 avgBps=244.1 avgTps=15963 avgMGps=912.9 elapsed=10h12m22s
Aug 06 23:13:03 nimbus-eth1-mainnet-long-benchmark[1140193]: INF 2026-08-06 23:13:03.939+00:00 Imported blocks                            blockNumber=8978433 slot=1 blocks=8978432 txs=587506244 mgas=33610607 bps=105.2 tps=12598 mgps=889.4 avgBps=243.8 avgTps=15956 avgMGps=912.8 elapsed=10h13m40s
Aug 06 23:14:33 nimbus-eth1-mainnet-long-benchmark[1140193]: INF 2026-08-06 23:14:33.842+00:00 Imported blocks                            blockNumber=8986625 slot=1 blocks=8986624 txs=588561834 mgas=33678880 bps=91.12 tps=11741 mgps=759.4 avgBps=243.5 avgTps=15945 avgMGps=912.5 elapsed=10h15m9s
Aug 06 23:15:49 nimbus-eth1-mainnet-long-benchmark[1140193]: INF 2026-08-06 23:15:49.232+00:00 Imported blocks                            blockNumber=8994817 slot=1 blocks=8994816 txs=589342551 mgas=33735713 bps=108.7 tps=10355 mgps=753.8 avgBps=243.2 avgTps=15934 avgMGps=912.1 elapsed=10h16m25s
Aug 06 23:17:15 nimbus-eth1-mainnet-long-benchmark[1140193]: INF 2026-08-06 23:17:15.855+00:00 Imported blocks                            blockNumber=9003009 slot=1 blocks=9003008 txs=590379356 mgas=33808718 bps=94.57 tps=11969 mgps=842.8 avgBps=242.9 avgTps=15925 avgMGps=912.0 elapsed=10h17m51s
Aug 06 23:18:39 nimbus-eth1-mainnet-long-benchmark[1140193]: INF 2026-08-06 23:18:39.034+00:00 Imported blocks                            blockNumber=9011201 slot=1 blocks=9011200 txs=591391578 mgas=33880174 bps=98.49 tps=12169 mgps=859.1 avgBps=242.5 avgTps=15916 avgMGps=911.9 elapsed=10h19m15s
Aug 06 23:20:00 nimbus-eth1-mainnet-long-benchmark[1140193]: INF 2026-08-06 23:20:00.160+00:00 Imported blocks                            blockNumber=9019393 slot=1 blocks=9019392 txs=592265820 mgas=33951722 bps=101.0 tps=10775 mgps=881.9 avgBps=242.2 avgTps=15905 avgMGps=911.8 elapsed=10h20m36s
Aug 06 23:21:22 nimbus-eth1-mainnet-long-benchmark[1140193]: INF 2026-08-06 23:21:22.371+00:00 Imported blocks                            blockNumber=9027585 slot=1 blocks=9027584 txs=593237068 mgas=34018514 bps=99.64 tps=11813 mgps=812.4 avgBps=241.9 avgTps=15896 avgMGps=911.6 elapsed=10h21m58s
Aug 06 23:22:41 nimbus-eth1-mainnet-long-benchmark[1140193]: INF 2026-08-06 23:22:41.798+00:00 Imported blocks                            blockNumber=9035777 slot=1 blocks=9035776 txs=594077170 mgas=34083109 bps=103.1 tps=10577 mgps=813.3 avgBps=241.6 avgTps=15885 avgMGps=911.4 elapsed=10h23m17s
Aug 06 23:24:01 nimbus-eth1-mainnet-long-benchmark[1140193]: INF 2026-08-06 23:24:01.361+00:00 Imported blocks                            blockNumber=9043969 slot=1 blocks=9043968 txs=595071340 mgas=34148044 bps=103.0 tps=12495 mgps=816.1 avgBps=241.3 avgTps=15878 avgMGps=911.2 elapsed=10h24m37s
Aug 06 23:25:21 nimbus-eth1-mainnet-long-benchmark[1140193]: INF 2026-08-06 23:25:21.707+00:00 Imported blocks                            blockNumber=9052161 slot=1 blocks=9052160 txs=595960031 mgas=34213427 bps=102.0 tps=11060 mgps=813.8 avgBps=241.0 avgTps=15867 avgMGps=911.0 elapsed=10h25m57s
Aug 06 23:26:33 nimbus-eth1-mainnet-long-benchmark[1140193]: INF 2026-08-06 23:26:33.806+00:00 Imported blocks                            blockNumber=9060353 slot=1 blocks=9060352 txs=596902275 mgas=34270816 bps=113.6 tps=13069 mgps=796.0 avgBps=240.8 avgTps=15862 avgMGps=910.7 elapsed=10h27m9s
Aug 06 23:27:34 nimbus-eth1-mainnet-long-benchmark[1140193]: INF 2026-08-06 23:27:34.373+00:00 Imported blocks                            blockNumber=9068545 slot=1 blocks=9068544 txs=597603928 mgas=34318895 bps=135.3 tps=11584 mgps=793.8 avgBps=240.6 avgTps=15855 avgMGps=910.5 elapsed=10h28m10s
Aug 06 23:28:45 nimbus-eth1-mainnet-long-benchmark[1140193]: INF 2026-08-06 23:28:45.216+00:00 Imported blocks                            blockNumber=9076737 slot=1 blocks=9076736 txs=598358726 mgas=34379920 bps=115.6 tps=10654 mgps=861.4 avgBps=240.4 avgTps=15845 avgMGps=910.5 elapsed=10h29m21s
Aug 06 23:30:02 nimbus-eth1-mainnet-long-benchmark[1140193]: INF 2026-08-06 23:30:02.259+00:00 Imported blocks                            blockNumber=9084929 slot=1 blocks=9084928 txs=599267208 mgas=34445258 bps=106.3 tps=11791 mgps=848.1 avgBps=240.1 avgTps=15837 avgMGps=910.3 elapsed=10h30m38s
Aug 06 23:31:25 nimbus-eth1-mainnet-long-benchmark[1140193]: INF 2026-08-06 23:31:25.269+00:00 Imported blocks                            blockNumber=9093121 slot=1 blocks=9093120 txs=600165917 mgas=34514085 bps=98.69 tps=10826 mgps=829.2 avgBps=239.8 avgTps=15826 avgMGps=910.1 elapsed=10h32m1s
Aug 06 23:32:43 nimbus-eth1-mainnet-long-benchmark[1140193]: INF 2026-08-06 23:32:43.416+00:00 Imported blocks                            blockNumber=9101313 slot=1 blocks=9101312 txs=601112939 mgas=34583847 bps=104.8 tps=12118 mgps=892.7 avgBps=239.5 avgTps=15818 avgMGps=910.1 elapsed=10h33m19s
Aug 06 23:33:59 nimbus-eth1-mainnet-long-benchmark[1140193]: INF 2026-08-06 23:33:59.483+00:00 Imported blocks                            blockNumber=9109505 slot=1 blocks=9109504 txs=601968624 mgas=34648762 bps=107.7 tps=11249 mgps=853.4 avgBps=239.2 avgTps=15809 avgMGps=910.0 elapsed=10h34m35s
Aug 06 23:35:20 nimbus-eth1-mainnet-long-benchmark[1140193]: INF 2026-08-06 23:35:20.874+00:00 Imported blocks                            blockNumber=9117697 slot=1 blocks=9117696 txs=602905134 mgas=34717356 bps=100.7 tps=11506 mgps=842.8 avgBps=239.0 avgTps=15800 avgMGps=909.9 elapsed=10h35m56s
Aug 06 23:36:50 nimbus-eth1-mainnet-long-benchmark[1140193]: INF 2026-08-06 23:36:50.464+00:00 Imported blocks                            blockNumber=9125889 slot=1 blocks=9125888 txs=604015791 mgas=34791549 bps=91.44 tps=12397 mgps=828.1 avgBps=238.6 avgTps=15792 avgMGps=909.7 elapsed=10h37m26s
Aug 06 23:38:16 nimbus-eth1-mainnet-long-benchmark[1140193]: INF 2026-08-06 23:38:16.647+00:00 Imported blocks                            blockNumber=9134081 slot=1 blocks=9134080 txs=604989811 mgas=34863242 bps=95.05 tps=11301 mgps=831.8 avgBps=238.3 avgTps=15782 avgMGps=909.5 elapsed=10h38m52s
Aug 06 23:39:43 nimbus-eth1-mainnet-long-benchmark[1140193]: INF 2026-08-06 23:39:43.601+00:00 Imported blocks                            blockNumber=9142273 slot=1 blocks=9142272 txs=605961717 mgas=34932520 bps=94.21 tps=11177 mgps=796.8 avgBps=238.0 avgTps=15772 avgMGps=909.2 elapsed=10h40m19s
Aug 06 23:41:08 nimbus-eth1-mainnet-long-benchmark[1140193]: INF 2026-08-06 23:41:08.440+00:00 Imported blocks                            blockNumber=9150465 slot=1 blocks=9150464 txs=606902368 mgas=34999882 bps=96.56 tps=11087 mgps=794.0 avgBps=237.6 avgTps=15761 avgMGps=909.0 elapsed=10h41m44s
Aug 06 23:42:35 nimbus-eth1-mainnet-long-benchmark[1140193]: INF 2026-08-06 23:42:35.571+00:00 Imported blocks                            blockNumber=9158657 slot=1 blocks=9158656 txs=607833687 mgas=35067652 bps=94.02 tps=10688 mgps=777.8 avgBps=237.3 avgTps=15750 avgMGps=908.7 elapsed=10h43m11s
Aug 06 23:44:04 nimbus-eth1-mainnet-long-benchmark[1140193]: INF 2026-08-06 23:44:04.917+00:00 Imported blocks                            blockNumber=9166849 slot=1 blocks=9166848 txs=608837314 mgas=35134954 bps=91.69 tps=11233 mgps=753.3 avgBps=237.0 avgTps=15739 avgMGps=908.3 elapsed=10h44m41s
Aug 06 23:45:27 nimbus-eth1-mainnet-long-benchmark[1140193]: INF 2026-08-06 23:45:27.684+00:00 Imported blocks                            blockNumber=9175041 slot=1 blocks=9175040 txs=609738538 mgas=35199891 bps=98.97 tps=10888 mgps=784.5 avgBps=236.7 avgTps=15729 avgMGps=908.1 elapsed=10h46m3s
Aug 06 23:46:41 nimbus-eth1-mainnet-long-benchmark[1140193]: INF 2026-08-06 23:46:41.251+00:00 Imported blocks                            blockNumber=9183233 slot=1 blocks=9183232 txs=610506563 mgas=35258438 bps=111.4 tps=10439 mgps=795.8 avgBps=236.5 avgTps=15719 avgMGps=907.8 elapsed=10h47m17s
Aug 06 23:48:05 nimbus-eth1-mainnet-long-benchmark[1140193]: INF 2026-08-06 23:48:05.305+00:00 Imported blocks                            blockNumber=9191425 slot=1 blocks=9191424 txs=611499271 mgas=35322556 bps=97.47 tps=11811 mgps=762.9 avgBps=236.2 avgTps=15711 avgMGps=907.5 elapsed=10h48m41s
Aug 06 23:49:24 nimbus-eth1-mainnet-long-benchmark[1140193]: INF 2026-08-06 23:49:24.780+00:00 Imported blocks                            blockNumber=9199617 slot=1 blocks=9199616 txs=612266808 mgas=35383284 bps=103.1 tps=9657 mgps=764.1 avgBps=235.9 avgTps=15698 avgMGps=907.2 elapsed=10h50m885ms
Aug 06 23:50:41 nimbus-eth1-mainnet-long-benchmark[1140193]: INF 2026-08-06 23:50:41.043+00:00 Imported blocks                            blockNumber=9207809 slot=1 blocks=9207808 txs=613008632 mgas=35437186 bps=107.4 tps=9727 mgps=706.8 avgBps=235.6 avgTps=15687 avgMGps=906.9 elapsed=10h51m17s
Aug 06 23:51:46 nimbus-eth1-mainnet-long-benchmark[1140193]: INF 2026-08-06 23:51:46.718+00:00 Imported blocks                            blockNumber=9216001 slot=1 blocks=9216000 txs=613706696 mgas=35486290 bps=124.7 tps=10629 mgps=747.7 avgBps=235.4 avgTps=15678 avgMGps=906.6 elapsed=10h52m22s
Aug 06 23:53:00 nimbus-eth1-mainnet-long-benchmark[1140193]: INF 2026-08-06 23:53:00.285+00:00 Imported blocks                            blockNumber=9224193 slot=1 blocks=9224192 txs=614350688 mgas=35533998 bps=111.4 tps=8753 mgps=648.5 avgBps=235.2 avgTps=15665 avgMGps=906.1 elapsed=10h53m36s
Aug 06 23:54:12 nimbus-eth1-mainnet-long-benchmark[1140193]: INF 2026-08-06 23:54:12.748+00:00 Imported blocks                            blockNumber=9232385 slot=1 blocks=9232384 txs=615177703 mgas=35589843 bps=113.0 tps=11412 mgps=770.6 avgBps=235.0 avgTps=15657 avgMGps=905.9 elapsed=10h54m48s
Aug 06 23:55:24 nimbus-eth1-mainnet-long-benchmark[1140193]: INF 2026-08-06 23:55:24.710+00:00 Imported blocks                            blockNumber=9240577 slot=1 blocks=9240576 txs=616025547 mgas=35649176 bps=113.8 tps=11782 mgps=824.5 avgBps=234.8 avgTps=15650 avgMGps=905.7 elapsed=10h56m812ms
Aug 06 23:56:29 nimbus-eth1-mainnet-long-benchmark[1140193]: INF 2026-08-06 23:56:29.649+00:00 Imported blocks                            blockNumber=9248769 slot=1 blocks=9248768 txs=616782809 mgas=35702022 bps=126.1 tps=11660 mgps=813.8 avgBps=234.6 avgTps=15644 avgMGps=905.6 elapsed=10h57m5s
Aug 06 23:57:36 nimbus-eth1-mainnet-long-benchmark[1140193]: INF 2026-08-06 23:57:36.200+00:00 Imported blocks                            blockNumber=9256961 slot=1 blocks=9256960 txs=617499347 mgas=35756547 bps=123.1 tps=10766 mgps=819.3 avgBps=234.4 avgTps=15635 avgMGps=905.4 elapsed=10h58m12s
Aug 06 23:58:36 nimbus-eth1-mainnet-long-benchmark[1140193]: INF 2026-08-06 23:58:36.187+00:00 Imported blocks                            blockNumber=9265153 slot=1 blocks=9265152 txs=618213473 mgas=35806542 bps=136.6 tps=11904 mgps=833.4 avgBps=234.3 avgTps=15630 avgMGps=905.3 elapsed=10h59m12s
Aug 06 23:59:42 nimbus-eth1-mainnet-long-benchmark[1140193]: INF 2026-08-06 23:59:42.102+00:00 Imported blocks                            blockNumber=9273345 slot=1 blocks=9273344 txs=618930204 mgas=35860793 bps=124.3 tps=10874 mgps=823.1 avgBps=234.1 avgTps=15622 avgMGps=905.2 elapsed=11h18s203ms
Aug 07 00:00:52 nimbus-eth1-mainnet-long-benchmark[1140193]: INF 2026-08-07 00:00:52.701+00:00 Imported blocks                            blockNumber=9281537 slot=1 blocks=9281536 txs=619693388 mgas=35916898 bps=116.0 tps=10810 mgps=794.7 avgBps=233.9 avgTps=15613 avgMGps=905.0 elapsed=11h1m28s
Aug 07 00:02:10 nimbus-eth1-mainnet-long-benchmark[1140193]: INF 2026-08-07 00:02:10.152+00:00 Imported blocks                            blockNumber=9289729 slot=1 blocks=9289728 txs=620545391 mgas=35980006 bps=105.8 tps=11000 mgps=814.8 avgBps=233.6 avgTps=15604 avgMGps=904.8 elapsed=11h2m46s
Aug 07 00:03:23 nimbus-eth1-mainnet-long-benchmark[1140193]: INF 2026-08-07 00:03:23.299+00:00 Imported blocks                            blockNumber=9297921 slot=1 blocks=9297920 txs=621449444 mgas=36040665 bps=112.0 tps=12359 mgps=829.3 avgBps=233.4 avgTps=15598 avgMGps=904.6 elapsed=11h3m59s
Aug 07 00:04:34 nimbus-eth1-mainnet-long-benchmark[1140193]: INF 2026-08-07 00:04:34.066+00:00 Imported blocks                            blockNumber=9306113 slot=1 blocks=9306112 txs=622278054 mgas=36096738 bps=115.8 tps=11709 mgps=792.4 avgBps=233.2 avgTps=15591 avgMGps=904.4 elapsed=11h5m10s
Aug 07 00:05:42 nimbus-eth1-mainnet-long-benchmark[1140193]: INF 2026-08-07 00:05:42.941+00:00 Imported blocks                            blockNumber=9314305 slot=1 blocks=9314304 txs=623020495 mgas=36151752 bps=118.9 tps=10779 mgps=798.7 avgBps=233.0 avgTps=15583 avgMGps=904.3 elapsed=11h6m19s
Aug 07 00:06:47 nimbus-eth1-mainnet-long-benchmark[1140193]: INF 2026-08-07 00:06:47.884+00:00 Imported blocks                            blockNumber=9322497 slot=1 blocks=9322496 txs=623751790 mgas=36204540 bps=126.1 tps=11260 mgps=812.8 avgBps=232.8 avgTps=15576 avgMGps=904.1 elapsed=11h7m23s
Aug 07 00:07:52 nimbus-eth1-mainnet-long-benchmark[1140193]: INF 2026-08-07 00:07:52.047+00:00 Imported blocks                            blockNumber=9330689 slot=1 blocks=9330688 txs=624460159 mgas=36256933 bps=127.7 tps=11040 mgps=816.6 avgBps=232.6 avgTps=15569 avgMGps=904.0 elapsed=11h8m28s
Aug 07 00:08:53 nimbus-eth1-mainnet-long-benchmark[1140193]: INF 2026-08-07 00:08:53.514+00:00 Imported blocks                            blockNumber=9338881 slot=1 blocks=9338880 txs=625125084 mgas=36304389 bps=133.3 tps=10817 mgps=772.1 avgBps=232.5 avgTps=15562 avgMGps=903.8 elapsed=11h9m29s
Aug 07 00:10:04 nimbus-eth1-mainnet-long-benchmark[1140193]: INF 2026-08-07 00:10:04.332+00:00 Imported blocks                            blockNumber=9347073 slot=1 blocks=9347072 txs=625752146 mgas=36363435 bps=115.7 tps=8854 mgps=833.7 avgBps=232.3 avgTps=15550 avgMGps=903.7 elapsed=11h10m40s
Aug 07 00:11:06 nimbus-eth1-mainnet-long-benchmark[1140193]: INF 2026-08-07 00:11:06.591+00:00 Imported blocks                            blockNumber=9355265 slot=1 blocks=9355264 txs=626294218 mgas=36414969 bps=131.6 tps=8706 mgps=827.7 avgBps=232.1 avgTps=15539 avgMGps=903.5 elapsed=11h11m42s
Aug 07 00:12:08 nimbus-eth1-mainnet-long-benchmark[1140193]: INF 2026-08-07 00:12:08.678+00:00 Imported blocks                            blockNumber=9363457 slot=1 blocks=9363456 txs=626847986 mgas=36466792 bps=131.9 tps=8919 mgps=834.7 avgBps=232.0 avgTps=15529 avgMGps=903.4 elapsed=11h12m44s
Aug 07 00:13:20 nimbus-eth1-mainnet-long-benchmark[1140193]: INF 2026-08-07 00:13:20.053+00:00 Imported blocks                            blockNumber=9371649 slot=1 blocks=9371648 txs=627512538 mgas=36524290 bps=114.8 tps=9310 mgps=805.6 avgBps=231.8 avgTps=15518 avgMGps=903.3 elapsed=11h13m56s
Aug 07 00:14:30 nimbus-eth1-mainnet-long-benchmark[1140193]: INF 2026-08-07 00:14:30.656+00:00 Imported blocks                            blockNumber=9379841 slot=1 blocks=9379840 txs=628177890 mgas=36583163 bps=116.0 tps=9423 mgps=833.9 avgBps=231.6 avgTps=15507 avgMGps=903.1 elapsed=11h15m6s
Aug 07 00:15:44 nimbus-eth1-mainnet-long-benchmark[1140193]: INF 2026-08-07 00:15:44.787+00:00 Imported blocks                            blockNumber=9388033 slot=1 blocks=9388032 txs=628886413 mgas=36643848 bps=110.5 tps=9557 mgps=818.6 avgBps=231.3 avgTps=15497 avgMGps=903.0 elapsed=11h16m20s
Aug 07 00:16:57 nimbus-eth1-mainnet-long-benchmark[1140193]: INF 2026-08-07 00:16:57.318+00:00 Imported blocks                            blockNumber=9396225 slot=1 blocks=9396224 txs=629628907 mgas=36705201 bps=113.0 tps=10237 mgps=845.9 avgBps=231.1 avgTps=15487 avgMGps=902.9 elapsed=11h17m33s
Aug 07 00:18:03 nimbus-eth1-mainnet-long-benchmark[1140193]: INF 2026-08-07 00:18:03.857+00:00 Imported blocks                            blockNumber=9404417 slot=1 blocks=9404416 txs=630311442 mgas=36757298 bps=123.1 tps=10257 mgps=782.9 avgBps=231.0 avgTps=15479 avgMGps=902.7 elapsed=11h18m39s
Aug 07 00:19:17 nimbus-eth1-mainnet-long-benchmark[1140193]: INF 2026-08-07 00:19:17.776+00:00 Imported blocks                            blockNumber=9412609 slot=1 blocks=9412608 txs=631042162 mgas=36813766 bps=110.8 tps=9885 mgps=763.9 avgBps=230.7 avgTps=15469 avgMGps=902.4 elapsed=11h19m53s
Aug 07 00:20:50 nimbus-eth1-mainnet-long-benchmark[1140193]: INF 2026-08-07 00:20:50.294+00:00 Imported blocks                            blockNumber=9420801 slot=1 blocks=9420800 txs=631702081 mgas=36879474 bps=88.55 tps=7133 mgps=710.2 avgBps=230.4 avgTps=15450 avgMGps=902.0 elapsed=11h21m26s
Aug 07 00:22:26 nimbus-eth1-mainnet-long-benchmark[1140193]: INF 2026-08-07 00:22:26.553+00:00 Imported blocks                            blockNumber=9428993 slot=1 blocks=9428992 txs=632508027 mgas=36947980 bps=85.10 tps=8372 mgps=711.7 avgBps=230.1 avgTps=15433 avgMGps=901.6 elapsed=11h23m2s
Aug 07 00:24:03 nimbus-eth1-mainnet-long-benchmark[1140193]: INF 2026-08-07 00:24:03.631+00:00 Imported blocks                            blockNumber=9437185 slot=1 blocks=9437184 txs=633307288 mgas=37018711 bps=84.38 tps=8232 mgps=728.6 avgBps=229.7 avgTps=15416 avgMGps=901.1 elapsed=11h24m39s
Aug 07 00:25:30 nimbus-eth1-mainnet-long-benchmark[1140193]: INF 2026-08-07 00:25:30.178+00:00 Imported blocks                            blockNumber=9445377 slot=1 blocks=9445376 txs=634090103 mgas=37083438 bps=94.66 tps=9045 mgps=747.9 avgBps=229.4 avgTps=15403 avgMGps=900.8 elapsed=11h26m6s
Aug 07 00:26:47 nimbus-eth1-mainnet-long-benchmark[1140193]: INF 2026-08-07 00:26:47.228+00:00 Imported blocks                            blockNumber=9453569 slot=1 blocks=9453568 txs=634896198 mgas=37141437 bps=106.3 tps=10461 mgps=752.7 avgBps=229.2 avgTps=15393 avgMGps=900.5 elapsed=11h27m23s
Aug 07 00:28:02 nimbus-eth1-mainnet-long-benchmark[1140193]: INF 2026-08-07 00:28:02.447+00:00 Imported blocks                            blockNumber=9461761 slot=1 blocks=9461760 txs=635769351 mgas=37202111 bps=108.9 tps=11608 mgps=806.7 avgBps=229.0 avgTps=15387 avgMGps=900.4 elapsed=11h28m38s
Aug 07 00:29:33 nimbus-eth1-mainnet-long-benchmark[1140193]: INF 2026-08-07 00:29:33.070+00:00 Imported blocks                            blockNumber=9469953 slot=1 blocks=9469952 txs=636747951 mgas=37270565 bps=90.40 tps=10798 mgps=755.4 avgBps=228.7 avgTps=15376 avgMGps=900.1 elapsed=11h30m9s
Aug 07 00:31:02 nimbus-eth1-mainnet-long-benchmark[1140193]: INF 2026-08-07 00:31:02.136+00:00 Imported blocks                            blockNumber=9478145 slot=1 blocks=9478144 txs=637679989 mgas=37339158 bps=91.97 tps=10464 mgps=770.1 avgBps=228.4 avgTps=15366 avgMGps=899.8 elapsed=11h31m38s
Aug 07 00:32:24 nimbus-eth1-mainnet-long-benchmark[1140193]: INF 2026-08-07 00:32:24.751+00:00 Imported blocks                            blockNumber=9486337 slot=1 blocks=9486336 txs=638649876 mgas=37404571 bps=99.16 tps=11739 mgps=791.8 avgBps=228.1 avgTps=15359 avgMGps=899.6 elapsed=11h33m854ms
Aug 07 00:33:44 nimbus-eth1-mainnet-long-benchmark[1140193]: INF 2026-08-07 00:33:44.186+00:00 Imported blocks                            blockNumber=9494529 slot=1 blocks=9494528 txs=639521538 mgas=37465643 bps=103.1 tps=10973 mgps=768.8 avgBps=227.9 avgTps=15350 avgMGps=899.3 elapsed=11h34m20s
Aug 07 00:35:15 nimbus-eth1-mainnet-long-benchmark[1140193]: INF 2026-08-07 00:35:15.296+00:00 Imported blocks                            blockNumber=9502721 slot=1 blocks=9502720 txs=640401953 mgas=37532654 bps=89.91 tps=9662 mgps=735.5 avgBps=227.6 avgTps=15338 avgMGps=899.0 elapsed=11h35m51s
Aug 07 00:36:37 nimbus-eth1-mainnet-long-benchmark[1140193]: INF 2026-08-07 00:36:37.135+00:00 Imported blocks                            blockNumber=9510913 slot=1 blocks=9510912 txs=641279030 mgas=37595291 bps=100.1 tps=10717 mgps=765.4 avgBps=227.4 avgTps=15329 avgMGps=898.7 elapsed=11h37m13s
Aug 07 00:38:00 nimbus-eth1-mainnet-long-benchmark[1140193]: INF 2026-08-07 00:38:00.782+00:00 Imported blocks                            blockNumber=9519105 slot=1 blocks=9519104 txs=642171521 mgas=37661633 bps=97.94 tps=10669 mgps=793.1 avgBps=227.1 avgTps=15320 avgMGps=898.5 elapsed=11h38m36s
Aug 07 00:39:24 nimbus-eth1-mainnet-long-benchmark[1140193]: INF 2026-08-07 00:39:24.452+00:00 Imported blocks                            blockNumber=9527297 slot=1 blocks=9527296 txs=643058046 mgas=37725376 bps=97.91 tps=10595 mgps=761.8 avgBps=226.8 avgTps=15310 avgMGps=898.2 elapsed=11h40m553ms
Aug 07 00:40:39 nimbus-eth1-mainnet-long-benchmark[1140193]: INF 2026-08-07 00:40:39.307+00:00 Imported blocks                            blockNumber=9535489 slot=1 blocks=9535488 txs=643821080 mgas=37782293 bps=109.4 tps=10192 mgps=760.3 avgBps=226.6 avgTps=15301 avgMGps=898.0 elapsed=11h41m15s
Aug 07 00:41:51 nimbus-eth1-mainnet-long-benchmark[1140193]: INF 2026-08-07 00:41:51.426+00:00 Imported blocks                            blockNumber=9543681 slot=1 blocks=9543680 txs=644576819 mgas=37834042 bps=113.6 tps=10479 mgps=717.6 avgBps=226.4 avgTps=15293 avgMGps=897.7 elapsed=11h42m27s
Aug 07 00:43:17 nimbus-eth1-mainnet-long-benchmark[1140193]: INF 2026-08-07 00:43:17.065+00:00 Imported blocks                            blockNumber=9551873 slot=1 blocks=9551872 txs=645449994 mgas=37897756 bps=95.65 tps=10195 mgps=744.0 avgBps=226.2 avgTps=15283 avgMGps=897.3 elapsed=11h43m53s
Aug 07 00:44:49 nimbus-eth1-mainnet-long-benchmark[1140193]: INF 2026-08-07 00:44:49.975+00:00 Imported blocks                            blockNumber=9560065 slot=1 blocks=9560064 txs=646344665 mgas=37964724 bps=88.17 tps=9629 mgps=720.8 avgBps=225.9 avgTps=15270 avgMGps=897.0 elapsed=11h45m26s
Aug 07 00:46:24 nimbus-eth1-mainnet-long-benchmark[1140193]: INF 2026-08-07 00:46:24.398+00:00 Imported blocks                            blockNumber=9568257 slot=1 blocks=9568256 txs=647216640 mgas=38031921 bps=86.76 tps=9234 mgps=711.7 avgBps=225.6 avgTps=15257 avgMGps=896.5 elapsed=11h47m501ms
Aug 07 00:47:54 nimbus-eth1-mainnet-long-benchmark[1140193]: INF 2026-08-07 00:47:54.464+00:00 Imported blocks                            blockNumber=9576449 slot=1 blocks=9576448 txs=648049642 mgas=38095259 bps=90.96 tps=9248 mgps=703.2 avgBps=225.3 avgTps=15244 avgMGps=896.1 elapsed=11h48m30s
Aug 07 00:49:15 nimbus-eth1-mainnet-long-benchmark[1140193]: INF 2026-08-07 00:49:15.823+00:00 Imported blocks                            blockNumber=9584641 slot=1 blocks=9584640 txs=648854625 mgas=38152421 bps=100.7 tps=9894 mgps=702.6 avgBps=225.0 avgTps=15234 avgMGps=895.8 elapsed=11h49m51s
Aug 07 00:50:43 nimbus-eth1-mainnet-long-benchmark[1140193]: INF 2026-08-07 00:50:43.582+00:00 Imported blocks                            blockNumber=9592833 slot=1 blocks=9592832 txs=649707267 mgas=38211237 bps=93.35 tps=9716 mgps=670.2 avgBps=224.8 avgTps=15222 avgMGps=895.3 elapsed=11h51m19s
Aug 07 00:52:18 nimbus-eth1-mainnet-long-benchmark[1140193]: INF 2026-08-07 00:52:18.932+00:00 Imported blocks                            blockNumber=9601025 slot=1 blocks=9601024 txs=650511686 mgas=38272596 bps=85.91 tps=8435 mgps=643.5 avgBps=224.5 avgTps=15207 avgMGps=894.7 elapsed=11h52m55s
Aug 07 00:53:48 nimbus-eth1-mainnet-long-benchmark[1140193]: INF 2026-08-07 00:53:48.491+00:00 Imported blocks                            blockNumber=9609217 slot=1 blocks=9609216 txs=651360998 mgas=38330829 bps=91.47 tps=9483 mgps=650.3 avgBps=224.2 avgTps=15195 avgMGps=894.2 elapsed=11h54m24s
Aug 07 00:55:24 nimbus-eth1-mainnet-long-benchmark[1140193]: INF 2026-08-07 00:55:24.405+00:00 Imported blocks                            blockNumber=9617409 slot=1 blocks=9617408 txs=652288927 mgas=38394365 bps=85.41 tps=9674 mgps=662.4 avgBps=223.9 avgTps=15183 avgMGps=893.7 elapsed=11h56m508ms
Aug 07 00:56:55 nimbus-eth1-mainnet-long-benchmark[1140193]: INF 2026-08-07 00:56:55.008+00:00 Imported blocks                            blockNumber=9625601 slot=1 blocks=9625600 txs=653102832 mgas=38453861 bps=90.42 tps=8983 mgps=656.7 avgBps=223.6 avgTps=15170 avgMGps=893.2 elapsed=11h57m31s
Aug 07 00:58:30 nimbus-eth1-mainnet-long-benchmark[1140193]: INF 2026-08-07 00:58:30.190+00:00 Imported blocks                            blockNumber=9633793 slot=1 blocks=9633792 txs=653876973 mgas=38513715 bps=86.07 tps=8133 mgps=628.9 avgBps=223.3 avgTps=15154 avgMGps=892.6 elapsed=11h59m6s
Aug 07 01:00:13 nimbus-eth1-mainnet-long-benchmark[1140193]: INF 2026-08-07 01:00:13.880+00:00 Imported blocks                            blockNumber=9641985 slot=1 blocks=9641984 txs=654885492 mgas=38585512 bps=79.00 tps=9726 mgps=692.4 avgBps=222.9 avgTps=15141 avgMGps=892.2 elapsed=12h49s983ms
Aug 07 01:01:44 nimbus-eth1-mainnet-long-benchmark[1140193]: INF 2026-08-07 01:01:44.059+00:00 Imported blocks                            blockNumber=9650177 slot=1 blocks=9650176 txs=655831729 mgas=38652219 bps=90.84 tps=10492 mgps=739.7 avgBps=222.7 avgTps=15132 avgMGps=891.8 elapsed=12h2m20s
Aug 07 01:03:29 nimbus-eth1-mainnet-long-benchmark[1140193]: INF 2026-08-07 01:03:29.333+00:00 Imported blocks                            blockNumber=9658369 slot=1 blocks=9658368 txs=656739803 mgas=38725760 bps=77.82 tps=8625 mgps=698.6 avgBps=222.3 avgTps=15116 avgMGps=891.4 elapsed=12h4m5s
Aug 07 01:05:10 nimbus-eth1-mainnet-long-benchmark[1140193]: INF 2026-08-07 01:05:10.952+00:00 Imported blocks                            blockNumber=9666561 slot=1 blocks=9666560 txs=657788269 mgas=38802013 bps=80.62 tps=10317 mgps=750.4 avgBps=222.0 avgTps=15105 avgMGps=891.0 elapsed=12h5m47s
Aug 07 01:06:43 nimbus-eth1-mainnet-long-benchmark[1140193]: INF 2026-08-07 01:06:43.154+00:00 Imported blocks                            blockNumber=9674753 slot=1 blocks=9674752 txs=658654681 mgas=38870587 bps=88.85 tps=9396 mgps=743.7 avgBps=221.7 avgTps=15093 avgMGps=890.7 elapsed=12h7m19s
Aug 07 01:08:21 nimbus-eth1-mainnet-long-benchmark[1140193]: INF 2026-08-07 01:08:21.457+00:00 Imported blocks                            blockNumber=9682945 slot=1 blocks=9682944 txs=659587653 mgas=38941340 bps=83.34 tps=9490 mgps=719.8 avgBps=221.4 avgTps=15080 avgMGps=890.3 elapsed=12h8m57s
Aug 07 01:10:01 nimbus-eth1-mainnet-long-benchmark[1140193]: INF 2026-08-07 01:10:01.503+00:00 Imported blocks                            blockNumber=9691137 slot=1 blocks=9691136 txs=660566700 mgas=39013132 bps=81.88 tps=9785 mgps=717.6 avgBps=221.1 avgTps=15068 avgMGps=889.9 elapsed=12h10m37s
Aug 07 01:11:38 nimbus-eth1-mainnet-long-benchmark[1140193]: INF 2026-08-07 01:11:38.749+00:00 Imported blocks                            blockNumber=9699329 slot=1 blocks=9699328 txs=661485588 mgas=39080949 bps=84.24 tps=9449 mgps=697.4 avgBps=220.8 avgTps=15056 avgMGps=889.5 elapsed=12h12m14s
Aug 07 01:13:24 nimbus-eth1-mainnet-long-benchmark[1140193]: INF 2026-08-07 01:13:24.464+00:00 Imported blocks                            blockNumber=9707521 slot=1 blocks=9707520 txs=662590313 mgas=39152127 bps=77.49 tps=10450 mgps=673.3 avgBps=220.4 avgTps=15044 avgMGps=889.0 elapsed=12h14m567ms
Aug 07 01:15:14 nimbus-eth1-mainnet-long-benchmark[1140193]: INF 2026-08-07 01:15:14.214+00:00 Imported blocks                            blockNumber=9715713 slot=1 blocks=9715712 txs=663694584 mgas=39223843 bps=74.64 tps=10061 mgps=653.5 avgBps=220.1 avgTps=15032 avgMGps=888.4 elapsed=12h15m50s
Aug 07 01:16:48 nimbus-eth1-mainnet-long-benchmark[1140193]: INF 2026-08-07 01:16:48.457+00:00 Imported blocks                            blockNumber=9723905 slot=1 blocks=9723904 txs=664657636 mgas=39290843 bps=86.93 tps=10218 mgps=710.9 avgBps=219.8 avgTps=15022 avgMGps=888.0 elapsed=12h17m24s
Aug 07 01:18:23 nimbus-eth1-mainnet-long-benchmark[1140193]: INF 2026-08-07 01:18:23.979+00:00 Imported blocks                            blockNumber=9732097 slot=1 blocks=9732096 txs=665663100 mgas=39356638 bps=85.76 tps=10525 mgps=688.8 avgBps=219.5 avgTps=15012 avgMGps=887.6 elapsed=12h19m84ms
Aug 07 01:20:01 nimbus-eth1-mainnet-long-benchmark[1140193]: INF 2026-08-07 01:20:01.785+00:00 Imported blocks                            blockNumber=9740289 slot=1 blocks=9740288 txs=666722937 mgas=39424632 bps=83.76 tps=10836 mgps=695.2 avgBps=219.2 avgTps=15003 avgMGps=887.2 elapsed=12h20m37s
Aug 07 01:21:38 nimbus-eth1-mainnet-long-benchmark[1140193]: INF 2026-08-07 01:21:38.604+00:00 Imported blocks                            blockNumber=9748481 slot=1 blocks=9748480 txs=667702099 mgas=39492261 bps=84.61 tps=10113 mgps=698.5 avgBps=218.9 avgTps=14992 avgMGps=886.8 elapsed=12h22m14s
Aug 07 01:23:08 nimbus-eth1-mainnet-long-benchmark[1140193]: INF 2026-08-07 01:23:08.130+00:00 Imported blocks                            blockNumber=9756673 slot=1 blocks=9756672 txs=668587180 mgas=39554554 bps=91.51 tps=9886 mgps=695.8 avgBps=218.6 avgTps=14982 avgMGps=886.4 elapsed=12h23m44s
Aug 07 01:24:35 nimbus-eth1-mainnet-long-benchmark[1140193]: INF 2026-08-07 01:24:35.233+00:00 Imported blocks                            blockNumber=9764865 slot=1 blocks=9764864 txs=669420982 mgas=39617012 bps=94.05 tps=9572 mgps=717.0 avgBps=218.4 avgTps=14972 avgMGps=886.1 elapsed=12h25m11s
Aug 07 01:25:58 nimbus-eth1-mainnet-long-benchmark[1140193]: INF 2026-08-07 01:25:58.120+00:00 Imported blocks                            blockNumber=9773057 slot=1 blocks=9773056 txs=670258528 mgas=39678046 bps=98.83 tps=10104 mgps=736.4 avgBps=218.2 avgTps=14963 avgMGps=885.8 elapsed=12h26m34s
Aug 07 01:27:29 nimbus-eth1-mainnet-long-benchmark[1140193]: INF 2026-08-07 01:27:29.658+00:00 Imported blocks                            blockNumber=9781249 slot=1 blocks=9781248 txs=671204579 mgas=39745904 bps=89.50 tps=10335 mgps=741.3 avgBps=217.9 avgTps=14953 avgMGps=885.5 elapsed=12h28m5s
Aug 07 01:28:57 nimbus-eth1-mainnet-long-benchmark[1140193]: INF 2026-08-07 01:28:57.713+00:00 Imported blocks                            blockNumber=9789441 slot=1 blocks=9789440 txs=672023787 mgas=39811770 bps=93.03 tps=9302 mgps=748.0 avgBps=217.7 avgTps=14942 avgMGps=885.2 elapsed=12h29m33s
Aug 07 01:30:33 nimbus-eth1-mainnet-long-benchmark[1140193]: INF 2026-08-07 01:30:33.515+00:00 Imported blocks                            blockNumber=9797633 slot=1 blocks=9797632 txs=672947891 mgas=39880011 bps=85.51 tps=9645 mgps=712.3 avgBps=217.4 avgTps=14931 avgMGps=884.9 elapsed=12h31m9s
Aug 07 01:32:06 nimbus-eth1-mainnet-long-benchmark[1140193]: INF 2026-08-07 01:32:06.838+00:00 Imported blocks                            blockNumber=9805825 slot=1 blocks=9805824 txs=673829137 mgas=39948258 bps=87.78 tps=9443 mgps=731.3 avgBps=217.1 avgTps=14919 avgMGps=884.5 elapsed=12h32m42s
Aug 07 01:33:33 nimbus-eth1-mainnet-long-benchmark[1140193]: INF 2026-08-07 01:33:33.716+00:00 Imported blocks                            blockNumber=9814017 slot=1 blocks=9814016 txs=674608124 mgas=40014329 bps=94.29 tps=8966 mgps=760.5 avgBps=216.9 avgTps=14908 avgMGps=884.3 elapsed=12h34m9s
Aug 07 01:35:12 nimbus-eth1-mainnet-long-benchmark[1140193]: INF 2026-08-07 01:35:12.439+00:00 Imported blocks                            blockNumber=9822209 slot=1 blocks=9822208 txs=675519298 mgas=40084124 bps=82.98 tps=9229 mgps=707.0 avgBps=216.6 avgTps=14896 avgMGps=883.9 elapsed=12h35m48s
Aug 07 01:36:54 nimbus-eth1-mainnet-long-benchmark[1140193]: INF 2026-08-07 01:36:54.157+00:00 Imported blocks                            blockNumber=9830401 slot=1 blocks=9830400 txs=676526004 mgas=40156103 bps=80.54 tps=9896 mgps=707.6 avgBps=216.3 avgTps=14884 avgMGps=883.5 elapsed=12h37m30s
Aug 07 01:38:37 nimbus-eth1-mainnet-long-benchmark[1140193]: INF 2026-08-07 01:38:36.996+00:00 Imported blocks                            blockNumber=9838593 slot=1 blocks=9838592 txs=677564637 mgas=40227612 bps=79.66 tps=10099 mgps=695.3 avgBps=216.0 avgTps=14874 avgMGps=883.1 elapsed=12h39m13s
Aug 07 01:40:11 nimbus-eth1-mainnet-long-benchmark[1140193]: INF 2026-08-07 01:40:11.618+00:00 Imported blocks                            blockNumber=9846785 slot=1 blocks=9846784 txs=678461502 mgas=40297405 bps=86.58 tps=9478 mgps=737.6 avgBps=215.7 avgTps=14862 avgMGps=882.8 elapsed=12h40m47s
Aug 07 01:41:41 nimbus-eth1-mainnet-long-benchmark[1140193]: INF 2026-08-07 01:41:41.233+00:00 Imported blocks                            blockNumber=9854977 slot=1 blocks=9854976 txs=679309213 mgas=40364439 bps=91.42 tps=9459 mgps=748.0 avgBps=215.5 avgTps=14852 avgMGps=882.5 elapsed=12h42m17s
Aug 07 01:43:15 nimbus-eth1-mainnet-long-benchmark[1140193]: INF 2026-08-07 01:43:15.379+00:00 Imported blocks                            blockNumber=9863169 slot=1 blocks=9863168 txs=680220854 mgas=40433107 bps=87.01 tps=9683 mgps=729.4 avgBps=215.2 avgTps=14841 avgMGps=882.2 elapsed=12h43m51s
Aug 07 01:44:52 nimbus-eth1-mainnet-long-benchmark[1140193]: INF 2026-08-07 01:44:52.506+00:00 Imported blocks                            blockNumber=9871361 slot=1 blocks=9871360 txs=681217536 mgas=40503215 bps=84.35 tps=10261 mgps=721.8 avgBps=214.9 avgTps=14832 avgMGps=881.9 elapsed=12h45m28s
Aug 07 01:46:30 nimbus-eth1-mainnet-long-benchmark[1140193]: INF 2026-08-07 01:46:30.284+00:00 Imported blocks                            blockNumber=9879553 slot=1 blocks=9879552 txs=682191102 mgas=40572841 bps=83.78 tps=9956 mgps=712.1 avgBps=214.6 avgTps=14821 avgMGps=881.5 elapsed=12h47m6s
Aug 07 01:48:09 nimbus-eth1-mainnet-long-benchmark[1140193]: INF 2026-08-07 01:48:09.566+00:00 Imported blocks                            blockNumber=9887745 slot=1 blocks=9887744 txs=683184281 mgas=40644027 bps=82.51 tps=10003 mgps=717.0 avgBps=214.4 avgTps=14811 avgMGps=881.2 elapsed=12h48m45s
Aug 07 01:49:49 nimbus-eth1-mainnet-long-benchmark[1140193]: INF 2026-08-07 01:49:49.113+00:00 Imported blocks                            blockNumber=9895937 slot=1 blocks=9895936 txs=684187479 mgas=40714745 bps=82.29 tps=10077 mgps=710.4 avgBps=214.1 avgTps=14801 avgMGps=880.8 elapsed=12h50m25s
Aug 07 01:51:32 nimbus-eth1-mainnet-long-benchmark[1140193]: INF 2026-08-07 01:51:32.283+00:00 Imported blocks                            blockNumber=9904129 slot=1 blocks=9904128 txs=685190013 mgas=40786553 bps=79.40 tps=9716 mgps=696.0 avgBps=213.8 avgTps=14789 avgMGps=880.4 elapsed=12h52m8s
Aug 07 01:53:12 nimbus-eth1-mainnet-long-benchmark[1140193]: INF 2026-08-07 01:53:12.054+00:00 Imported blocks                            blockNumber=9912321 slot=1 blocks=9912320 txs=686163250 mgas=40858166 bps=82.11 tps=9755 mgps=717.8 avgBps=213.5 avgTps=14779 avgMGps=880.0 elapsed=12h53m48s
Aug 07 01:54:50 nimbus-eth1-mainnet-long-benchmark[1140193]: INF 2026-08-07 01:54:50.660+00:00 Imported blocks                            blockNumber=9920513 slot=1 blocks=9920512 txs=687196735 mgas=40931012 bps=83.07 tps=10480 mgps=738.7 avgBps=213.2 avgTps=14769 avgMGps=879.7 elapsed=12h55m26s
Aug 07 01:56:32 nimbus-eth1-mainnet-long-benchmark[1140193]: INF 2026-08-07 01:56:32.714+00:00 Imported blocks                            blockNumber=9928705 slot=1 blocks=9928704 txs=688227858 mgas=41004647 bps=80.27 tps=10104 mgps=721.6 avgBps=212.9 avgTps=14759 avgMGps=879.4 elapsed=12h57m8s
Aug 07 01:58:16 nimbus-eth1-mainnet-long-benchmark[1140193]: INF 2026-08-07 01:58:16.473+00:00 Imported blocks                            blockNumber=9936897 slot=1 blocks=9936896 txs=689308519 mgas=41078745 bps=78.95 tps=10415 mgps=714.1 avgBps=212.6 avgTps=14750 avgMGps=879.0 elapsed=12h58m52s
Aug 07 01:59:55 nimbus-eth1-mainnet-long-benchmark[1140193]: INF 2026-08-07 01:59:55.147+00:00 Imported blocks                            blockNumber=9945089 slot=1 blocks=9945088 txs=690287285 mgas=41149637 bps=83.02 tps=9918 mgps=718.4 avgBps=212.4 avgTps=14739 avgMGps=878.7 elapsed=13h31s251ms
Aug 07 02:01:36 nimbus-eth1-mainnet-long-benchmark[1140193]: INF 2026-08-07 02:01:36.658+00:00 Imported blocks                            blockNumber=9953281 slot=1 blocks=9953280 txs=691329935 mgas=41222054 bps=80.70 tps=10271 mgps=713.4 avgBps=212.1 avgTps=14730 avgMGps=878.3 elapsed=13h2m12s
Aug 07 02:03:20 nimbus-eth1-mainnet-long-benchmark[1140193]: INF 2026-08-07 02:03:20.600+00:00 Imported blocks                            blockNumber=9961473 slot=1 blocks=9961472 txs=692442347 mgas=41296064 bps=78.81 tps=10701 mgps=712.0 avgBps=211.8 avgTps=14721 avgMGps=878.0 elapsed=13h3m56s
Aug 07 02:05:05 nimbus-eth1-mainnet-long-benchmark[1140193]: INF 2026-08-07 02:05:05.766+00:00 Imported blocks                            blockNumber=9969665 slot=1 blocks=9969664 txs=693524099 mgas=41369534 bps=77.90 tps=10286 mgps=698.6 avgBps=211.5 avgTps=14711 avgMGps=877.6 elapsed=13h5m41s
Aug 07 02:06:52 nimbus-eth1-mainnet-long-benchmark[1140193]: INF 2026-08-07 02:06:52.868+00:00 Imported blocks                            blockNumber=9977857 slot=1 blocks=9977856 txs=694639621 mgas=41445314 bps=76.49 tps=10415 mgps=707.5 avgBps=211.2 avgTps=14701 avgMGps=877.2 elapsed=13h7m28s
Aug 07 02:08:39 nimbus-eth1-mainnet-long-benchmark[1140193]: INF 2026-08-07 02:08:39.067+00:00 Imported blocks                            blockNumber=9986049 slot=1 blocks=9986048 txs=695682320 mgas=41518650 bps=77.14 tps=9818 mgps=690.6 avgBps=210.9 avgTps=14690 avgMGps=876.8 elapsed=13h9m15s
Aug 07 02:10:23 nimbus-eth1-mainnet-long-benchmark[1140193]: INF 2026-08-07 02:10:23.677+00:00 Imported blocks                            blockNumber=9994241 slot=1 blocks=9994240 txs=696694345 mgas=41590954 bps=78.31 tps=9674 mgps=691.2 avgBps=210.6 avgTps=14679 avgMGps=876.3 elapsed=13h10m59s
Aug 07 02:12:06 nimbus-eth1-mainnet-long-benchmark[1140193]: INF 2026-08-07 02:12:06.307+00:00 Imported blocks                            blockNumber=10002433 slot=1 blocks=10002432 txs=697642152 mgas=41664131 bps=79.82 tps=9234 mgps=713.0 avgBps=210.3 avgTps=14667 avgMGps=876.0 elapsed=13h12m42s
Aug 07 02:13:47 nimbus-eth1-mainnet-long-benchmark[1140193]: INF 2026-08-07 02:13:47.754+00:00 Imported blocks                            blockNumber=10010625 slot=1 blocks=10010624 txs=698636012 mgas=41738379 bps=80.75 tps=9797 mgps=731.9 avgBps=210.0 avgTps=14657 avgMGps=875.7 elapsed=13h14m23s
Aug 07 02:15:34 nimbus-eth1-mainnet-long-benchmark[1140193]: INF 2026-08-07 02:15:34.584+00:00 Imported blocks                            blockNumber=10018817 slot=1 blocks=10018816 txs=699719319 mgas=41814701 bps=76.68 tps=10140 mgps=714.4 avgBps=209.7 avgTps=14647 avgMGps=875.3 elapsed=13h16m10s
Aug 07 02:17:23 nimbus-eth1-mainnet-long-benchmark[1140193]: INF 2026-08-07 02:17:23.066+00:00 Imported blocks                            blockNumber=10027009 slot=1 blocks=10027008 txs=700863959 mgas=41891479 bps=75.51 tps=10551 mgps=707.7 avgBps=209.4 avgTps=14638 avgMGps=874.9 elapsed=13h17m59s
Aug 07 02:19:13 nimbus-eth1-mainnet-long-benchmark[1140193]: INF 2026-08-07 02:19:13.097+00:00 Imported blocks                            blockNumber=10035201 slot=1 blocks=10035200 txs=701970226 mgas=41967989 bps=74.45 tps=10054 mgps=695.3 avgBps=209.1 avgTps=14627 avgMGps=874.5 elapsed=13h19m49s
Aug 07 02:20:59 nimbus-eth1-mainnet-long-benchmark[1140193]: INF 2026-08-07 02:20:59.795+00:00 Imported blocks                            blockNumber=10043393 slot=1 blocks=10043392 txs=703106694 mgas=42044518 bps=76.78 tps=10651 mgps=717.2 avgBps=208.8 avgTps=14618 avgMGps=874.2 elapsed=13h21m35s
Aug 07 02:22:49 nimbus-eth1-mainnet-long-benchmark[1140193]: INF 2026-08-07 02:22:49.825+00:00 Imported blocks                            blockNumber=10051585 slot=1 blocks=10051584 txs=704249886 mgas=42121141 bps=74.45 tps=10389 mgps=696.4 avgBps=208.5 avgTps=14609 avgMGps=873.8 elapsed=13h23m25s
Aug 07 02:24:34 nimbus-eth1-mainnet-long-benchmark[1140193]: INF 2026-08-07 02:24:34.991+00:00 Imported blocks                            blockNumber=10059777 slot=1 blocks=10059776 txs=705321444 mgas=42197832 bps=77.89 tps=10188 mgps=729.2 avgBps=208.2 avgTps=14599 avgMGps=873.5 elapsed=13h25m11s
Aug 07 02:26:18 nimbus-eth1-mainnet-long-benchmark[1140193]: INF 2026-08-07 02:26:18.374+00:00 Imported blocks                            blockNumber=10067969 slot=1 blocks=10067968 txs=706357318 mgas=42272849 bps=79.24 tps=10020 mgps=725.6 avgBps=208.0 avgTps=14589 avgMGps=873.1 elapsed=13h26m54s
Aug 07 02:28:01 nimbus-eth1-mainnet-long-benchmark[1140193]: INF 2026-08-07 02:28:01.384+00:00 Imported blocks                            blockNumber=10076161 slot=1 blocks=10076160 txs=707547374 mgas=42348114 bps=79.53 tps=11552 mgps=730.7 avgBps=207.7 avgTps=14583 avgMGps=872.8 elapsed=13h28m37s
Aug 07 02:29:47 nimbus-eth1-mainnet-long-benchmark[1140193]: INF 2026-08-07 02:29:47.934+00:00 Imported blocks                            blockNumber=10084353 slot=1 blocks=10084352 txs=708599469 mgas=42424836 bps=76.88 tps=9874 mgps=720.1 avgBps=207.4 avgTps=14573 avgMGps=872.5 elapsed=13h30m24s
Aug 07 02:31:36 nimbus-eth1-mainnet-long-benchmark[1140193]: INF 2026-08-07 02:31:36.337+00:00 Imported blocks                            blockNumber=10092545 slot=1 blocks=10092544 txs=709658827 mgas=42501676 bps=75.57 tps=9772 mgps=708.8 avgBps=207.1 avgTps=14562 avgMGps=872.1 elapsed=13h32m12s
Aug 07 02:33:21 nimbus-eth1-mainnet-long-benchmark[1140193]: INF 2026-08-07 02:33:21.555+00:00 Imported blocks                            blockNumber=10100737 slot=1 blocks=10100736 txs=710737417 mgas=42578737 bps=77.86 tps=10250 mgps=732.4 avgBps=206.8 avgTps=14553 avgMGps=871.8 elapsed=13h33m57s
Aug 07 02:34:57 nimbus-eth1-mainnet-long-benchmark[1140193]: INF 2026-08-07 02:34:57.837+00:00 Imported blocks                            blockNumber=10108929 slot=1 blocks=10108928 txs=711841679 mgas=42655655 bps=85.09 tps=11469 mgps=798.9 avgBps=206.6 avgTps=14546 avgMGps=871.7 elapsed=13h35m33s
Aug 07 02:36:40 nimbus-eth1-mainnet-long-benchmark[1140193]: INF 2026-08-07 02:36:40.672+00:00 Imported blocks                            blockNumber=10117121 slot=1 blocks=10117120 txs=713013055 mgas=42732775 bps=79.66 tps=11390 mgps=749.9 avgBps=206.3 avgTps=14540 avgMGps=871.4 elapsed=13h37m16s
Aug 07 02:38:29 nimbus-eth1-mainnet-long-benchmark[1140193]: INF 2026-08-07 02:38:29.630+00:00 Imported blocks                            blockNumber=10125313 slot=1 blocks=10125312 txs=714078443 mgas=42810380 bps=75.19 tps=9778 mgps=712.3 avgBps=206.0 avgTps=14529 avgMGps=871.1 elapsed=13h39m5s
Aug 07 02:40:11 nimbus-eth1-mainnet-long-benchmark[1140193]: INF 2026-08-07 02:40:11.952+00:00 Imported blocks                            blockNumber=10133505 slot=1 blocks=10133504 txs=715159029 mgas=42888001 bps=80.06 tps=10560 mgps=758.6 avgBps=205.8 avgTps=14521 avgMGps=870.9 elapsed=13h40m48s
Aug 07 02:41:56 nimbus-eth1-mainnet-long-benchmark[1140193]: INF 2026-08-07 02:41:56.123+00:00 Imported blocks                            blockNumber=10141697 slot=1 blocks=10141696 txs=716344974 mgas=42965376 bps=78.64 tps=11384 mgps=742.8 avgBps=205.5 avgTps=14514 avgMGps=870.6 elapsed=13h42m32s
Aug 07 02:43:37 nimbus-eth1-mainnet-long-benchmark[1140193]: INF 2026-08-07 02:43:37.777+00:00 Imported blocks                            blockNumber=10149889 slot=1 blocks=10149888 txs=717463031 mgas=43042456 bps=80.59 tps=10999 mgps=758.3 avgBps=205.2 avgTps=14507 avgMGps=870.4 elapsed=13h44m13s
Aug 07 02:45:24 nimbus-eth1-mainnet-long-benchmark[1140193]: INF 2026-08-07 02:45:24.743+00:00 Imported blocks                            blockNumber=10158081 slot=1 blocks=10158080 txs=718603582 mgas=43119991 bps=76.58 tps=10662 mgps=724.8 avgBps=205.0 avgTps=14499 avgMGps=870.0 elapsed=13h46m847ms
Aug 07 02:47:11 nimbus-eth1-mainnet-long-benchmark[1140193]: INF 2026-08-07 02:47:11.870+00:00 Imported blocks                            blockNumber=10166273 slot=1 blocks=10166272 txs=719805471 mgas=43197306 bps=76.47 tps=11219 mgps=721.7 avgBps=204.7 avgTps=14492 avgMGps=869.7 elapsed=13h47m47s
Aug 07 02:48:59 nimbus-eth1-mainnet-long-benchmark[1140193]: INF 2026-08-07 02:48:59.672+00:00 Imported blocks                            blockNumber=10174465 slot=1 blocks=10174464 txs=720919961 mgas=43274435 bps=75.99 tps=10338 mgps=715.5 avgBps=204.4 avgTps=14483 avgMGps=869.4 elapsed=13h49m35s
Aug 07 02:50:45 nimbus-eth1-mainnet-long-benchmark[1140193]: INF 2026-08-07 02:50:45.674+00:00 Imported blocks                            blockNumber=10182657 slot=1 blocks=10182656 txs=722050975 mgas=43351413 bps=77.29 tps=10670 mgps=726.2 avgBps=204.1 avgTps=14475 avgMGps=869.1 elapsed=13h51m21s
Aug 07 02:52:32 nimbus-eth1-mainnet-long-benchmark[1140193]: INF 2026-08-07 02:52:32.345+00:00 Imported blocks                            blockNumber=10190849 slot=1 blocks=10190848 txs=723276965 mgas=43428060 bps=76.79 tps=11492 mgps=718.5 avgBps=203.9 avgTps=14468 avgMGps=868.8 elapsed=13h53m8s
Aug 07 02:54:16 nimbus-eth1-mainnet-long-benchmark[1140193]: INF 2026-08-07 02:54:16.051+00:00 Imported blocks                            blockNumber=10199041 slot=1 blocks=10199040 txs=724470936 mgas=43505261 bps=78.99 tps=11512 mgps=744.4 avgBps=203.6 avgTps=14462 avgMGps=868.5 elapsed=13h54m52s
Aug 07 02:56:01 nimbus-eth1-mainnet-long-benchmark[1140193]: INF 2026-08-07 02:56:01.749+00:00 Imported blocks                            blockNumber=10207233 slot=1 blocks=10207232 txs=725644985 mgas=43583031 bps=77.51 tps=11107 mgps=735.8 avgBps=203.3 avgTps=14455 avgMGps=868.2 elapsed=13h56m37s
Aug 07 02:57:45 nimbus-eth1-mainnet-long-benchmark[1140193]: INF 2026-08-07 02:57:45.188+00:00 Imported blocks                            blockNumber=10215425 slot=1 blocks=10215424 txs=726776586 mgas=43660924 bps=79.19 tps=10939 mgps=753.0 avgBps=203.1 avgTps=14448 avgMGps=868.0 elapsed=13h58m21s
Aug 07 02:59:29 nimbus-eth1-mainnet-long-benchmark[1140193]: INF 2026-08-07 02:59:29.066+00:00 Imported blocks                            blockNumber=10223617 slot=1 blocks=10223616 txs=727991302 mgas=43738007 bps=78.86 tps=11694 mgps=742.1 avgBps=202.8 avgTps=14442 avgMGps=867.7 elapsed=14h5s167ms
Aug 07 03:01:14 nimbus-eth1-mainnet-long-benchmark[1140193]: INF 2026-08-07 03:01:14.776+00:00 Imported blocks                            blockNumber=10231809 slot=1 blocks=10231808 txs=729230338 mgas=43814819 bps=77.49 tps=11720 mgps=726.6 avgBps=202.6 avgTps=14437 avgMGps=867.4 elapsed=14h1m50s
Aug 07 03:03:02 nimbus-eth1-mainnet-long-benchmark[1140193]: INF 2026-08-07 03:03:02.703+00:00 Imported blocks                            blockNumber=10240001 slot=1 blocks=10240000 txs=730404672 mgas=43892359 bps=75.91 tps=10881 mgps=718.5 avgBps=202.3 avgTps=14429 avgMGps=867.1 elapsed=14h3m38s
Aug 07 03:04:52 nimbus-eth1-mainnet-long-benchmark[1140193]: INF 2026-08-07 03:04:52.509+00:00 Imported blocks                            blockNumber=10248193 slot=1 blocks=10248192 txs=731552208 mgas=43970004 bps=74.60 tps=10450 mgps=707.1 avgBps=202.0 avgTps=14420 avgMGps=866.8 elapsed=14h5m28s
Aug 07 03:06:39 nimbus-eth1-mainnet-long-benchmark[1140193]: INF 2026-08-07 03:06:39.879+00:00 Imported blocks                            blockNumber=10256385 slot=1 blocks=10256384 txs=732682504 mgas=44046928 bps=76.30 tps=10526 mgps=716.4 avgBps=201.8 avgTps=14412 avgMGps=866.5 elapsed=14h7m15s
Aug 07 03:08:27 nimbus-eth1-mainnet-long-benchmark[1140193]: INF 2026-08-07 03:08:27.213+00:00 Imported blocks                            blockNumber=10264577 slot=1 blocks=10264576 txs=733712522 mgas=44124253 bps=76.32 tps=9596 mgps=720.4 avgBps=201.5 avgTps=14402 avgMGps=866.1 elapsed=14h9m3s
Aug 07 03:10:15 nimbus-eth1-mainnet-long-benchmark[1140193]: INF 2026-08-07 03:10:15.632+00:00 Imported blocks                            blockNumber=10272769 slot=1 blocks=10272768 txs=734799027 mgas=44201876 bps=75.56 tps=10021 mgps=715.9 avgBps=201.2 avgTps=14393 avgMGps=865.8 elapsed=14h10m51s
Aug 07 03:12:03 nimbus-eth1-mainnet-long-benchmark[1140193]: INF 2026-08-07 03:12:03.170+00:00 Imported blocks                            blockNumber=10280961 slot=1 blocks=10280960 txs=735932946 mgas=44279585 bps=76.18 tps=10544 mgps=722.6 avgBps=201.0 avgTps=14385 avgMGps=865.5 elapsed=14h12m39s
Aug 07 03:13:52 nimbus-eth1-mainnet-long-benchmark[1140193]: INF 2026-08-07 03:13:52.844+00:00 Imported blocks                            blockNumber=10289153 slot=1 blocks=10289152 txs=737087006 mgas=44357374 bps=74.70 tps=10522 mgps=709.3 avgBps=200.7 avgTps=14376 avgMGps=865.2 elapsed=14h14m28s
Aug 07 03:15:48 nimbus-eth1-mainnet-long-benchmark[1140193]: INF 2026-08-07 03:15:48.878+00:00 Imported blocks                            blockNumber=10297345 slot=1 blocks=10297344 txs=738275575 mgas=44436861 bps=70.60 tps=10243 mgps=685.0 avgBps=200.4 avgTps=14367 avgMGps=864.8 elapsed=14h16m24s
Aug 07 03:18:02 nimbus-eth1-mainnet-long-benchmark[1140193]: INF 2026-08-07 03:18:02.508+00:00 Imported blocks                            blockNumber=10305537 slot=1 blocks=10305536 txs=739438307 mgas=44528970 bps=61.30 tps=8701 mgps=689.3 avgBps=200.0 avgTps=14352 avgMGps=864.3 elapsed=14h18m38s
Aug 07 03:20:10 nimbus-eth1-mainnet-long-benchmark[1140193]: INF 2026-08-07 03:20:10.478+00:00 Imported blocks                            blockNumber=10313729 slot=1 blocks=10313728 txs=740696729 mgas=44621778 bps=64.01 tps=9833 mgps=725.2 avgBps=199.7 avgTps=14341 avgMGps=864.0 elapsed=14h20m46s
Aug 07 03:22:18 nimbus-eth1-mainnet-long-benchmark[1140193]: INF 2026-08-07 03:22:18.288+00:00 Imported blocks                            blockNumber=10321921 slot=1 blocks=10321920 txs=742151644 mgas=44714310 bps=64.10 tps=11383 mgps=724.0 avgBps=199.4 avgTps=14334 avgMGps=863.6 elapsed=14h22m54s
Aug 07 03:24:29 nimbus-eth1-mainnet-long-benchmark[1140193]: INF 2026-08-07 03:24:29.674+00:00 Imported blocks                            blockNumber=10330113 slot=1 blocks=10330112 txs=743514732 mgas=44807317 bps=62.35 tps=10374 mgps=707.9 avgBps=199.0 avgTps=14324 avgMGps=863.2 elapsed=14h25m5s
Aug 07 03:26:38 nimbus-eth1-mainnet-long-benchmark[1140193]: INF 2026-08-07 03:26:38.648+00:00 Imported blocks                            blockNumber=10338305 slot=1 blocks=10338304 txs=744812119 mgas=44899117 bps=63.52 tps=10059 mgps=711.8 avgBps=198.7 avgTps=14313 avgMGps=862.9 elapsed=14h27m14s
Aug 07 03:28:48 nimbus-eth1-mainnet-long-benchmark[1140193]: INF 2026-08-07 03:28:48.526+00:00 Imported blocks                            blockNumber=10346497 slot=1 blocks=10346496 txs=746129898 mgas=44992219 bps=63.08 tps=10146 mgps=716.9 avgBps=198.3 avgTps=14303 avgMGps=862.5 elapsed=14h29m24s
Aug 07 03:30:58 nimbus-eth1-mainnet-long-benchmark[1140193]: INF 2026-08-07 03:30:58.504+00:00 Imported blocks                            blockNumber=10354689 slot=1 blocks=10354688 txs=747446857 mgas=45084387 bps=63.02 tps=10131 mgps=709.1 avgBps=198.0 avgTps=14293 avgMGps=862.1 elapsed=14h31m34s
Aug 07 03:33:05 nimbus-eth1-mainnet-long-benchmark[1140193]: INF 2026-08-07 03:33:05.426+00:00 Imported blocks                            blockNumber=10362881 slot=1 blocks=10362880 txs=748741266 mgas=45176256 bps=64.54 tps=10198 mgps=723.8 avgBps=197.7 avgTps=14283 avgMGps=861.8 elapsed=14h33m41s
Aug 07 03:35:13 nimbus-eth1-mainnet-long-benchmark[1140193]: INF 2026-08-07 03:35:13.436+00:00 Imported blocks                            blockNumber=10371073 slot=1 blocks=10371072 txs=750112455 mgas=45268881 bps=64.00 tps=10711 mgps=723.6 avgBps=197.4 avgTps=14274 avgMGps=861.5 elapsed=14h35m49s
Aug 07 03:37:20 nimbus-eth1-mainnet-long-benchmark[1140193]: INF 2026-08-07 03:37:20.190+00:00 Imported blocks                            blockNumber=10379265 slot=1 blocks=10379264 txs=751483390 mgas=45360161 bps=64.63 tps=10815 mgps=720.1 avgBps=197.0 avgTps=14266 avgMGps=861.1 elapsed=14h37m56s
Aug 07 03:39:29 nimbus-eth1-mainnet-long-benchmark[1140193]: INF 2026-08-07 03:39:29.112+00:00 Imported blocks                            blockNumber=10387457 slot=1 blocks=10387456 txs=752807028 mgas=45451514 bps=63.54 tps=10266 mgps=708.6 avgBps=196.7 avgTps=14256 avgMGps=860.7 elapsed=14h40m5s
Aug 07 03:41:40 nimbus-eth1-mainnet-long-benchmark[1140193]: INF 2026-08-07 03:41:40.270+00:00 Imported blocks                            blockNumber=10395649 slot=1 blocks=10395648 txs=753983840 mgas=45543706 bps=62.46 tps=8972 mgps=702.9 avgBps=196.4 avgTps=14243 avgMGps=860.3 elapsed=14h42m16s
Aug 07 03:43:46 nimbus-eth1-mainnet-long-benchmark[1140193]: INF 2026-08-07 03:43:46.852+00:00 Imported blocks                            blockNumber=10403841 slot=1 blocks=10403840 txs=755114741 mgas=45635897 bps=64.72 tps=8934 mgps=728.3 avgBps=196.1 avgTps=14230 avgMGps=860.0 elapsed=14h44m22s
Aug 07 03:45:53 nimbus-eth1-mainnet-long-benchmark[1140193]: INF 2026-08-07 03:45:53.561+00:00 Imported blocks                            blockNumber=10412033 slot=1 blocks=10412032 txs=756480097 mgas=45727415 bps=64.65 tps=10775 mgps=722.3 avgBps=195.8 avgTps=14222 avgMGps=859.7 elapsed=14h46m29s
Aug 07 03:48:00 nimbus-eth1-mainnet-long-benchmark[1140193]: INF 2026-08-07 03:48:00.667+00:00 Imported blocks                            blockNumber=10420225 slot=1 blocks=10420224 txs=757830558 mgas=45818973 bps=64.45 tps=10624 mgps=720.3 avgBps=195.4 avgTps=14213 avgMGps=859.4 elapsed=14h48m36s
Aug 07 03:50:12 nimbus-eth1-mainnet-long-benchmark[1140193]: INF 2026-08-07 03:50:12.569+00:00 Imported blocks                            blockNumber=10428417 slot=1 blocks=10428416 txs=759155837 mgas=45912026 bps=62.11 tps=10047 mgps=705.5 avgBps=195.1 avgTps=14203 avgMGps=859.0 elapsed=14h50m48s
Aug 07 03:52:21 nimbus-eth1-mainnet-long-benchmark[1140193]: INF 2026-08-07 03:52:21.011+00:00 Imported blocks                            blockNumber=10436609 slot=1 blocks=10436608 txs=760471288 mgas=46004450 bps=63.78 tps=10241 mgps=719.6 avgBps=194.8 avgTps=14193 avgMGps=858.7 elapsed=14h52m57s
Aug 07 03:54:31 nimbus-eth1-mainnet-long-benchmark[1140193]: INF 2026-08-07 03:54:31.785+00:00 Imported blocks                            blockNumber=10444801 slot=1 blocks=10444800 txs=761751831 mgas=46096274 bps=62.64 tps=9791 mgps=702.2 avgBps=194.5 avgTps=14183 avgMGps=858.3 elapsed=14h55m7s
Aug 07 03:56:41 nimbus-eth1-mainnet-long-benchmark[1140193]: INF 2026-08-07 03:56:41.735+00:00 Imported blocks                            blockNumber=10452993 slot=1 blocks=10452992 txs=763138461 mgas=46188952 bps=63.04 tps=10670 mgps=713.2 avgBps=194.2 avgTps=14174 avgMGps=857.9 elapsed=14h57m17s
Aug 07 03:58:55 nimbus-eth1-mainnet-long-benchmark[1140193]: INF 2026-08-07 03:58:55.489+00:00 Imported blocks                            blockNumber=10461185 slot=1 blocks=10461184 txs=764489034 mgas=46282395 bps=61.25 tps=10097 mgps=698.6 avgBps=193.8 avgTps=14164 avgMGps=857.5 elapsed=14h59m31s
Aug 07 04:01:01 nimbus-eth1-mainnet-long-benchmark[1140193]: INF 2026-08-07 04:01:01.931+00:00 Imported blocks                            blockNumber=10469377 slot=1 blocks=10469376 txs=765902255 mgas=46375803 bps=64.79 tps=11176 mgps=738.7 avgBps=193.5 avgTps=14157 avgMGps=857.3 elapsed=15h1m38s
Aug 07 04:03:01 nimbus-eth1-mainnet-long-benchmark[1140193]: INF 2026-08-07 04:03:01.913+00:00 Imported blocks                            blockNumber=10477569 slot=1 blocks=10477568 txs=767312107 mgas=46467616 bps=68.28 tps=11751 mgps=765.3 avgBps=193.2 avgTps=14152 avgMGps=857.1 elapsed=15h3m38s
Aug 07 04:05:09 nimbus-eth1-mainnet-long-benchmark[1140193]: INF 2026-08-07 04:05:09.579+00:00 Imported blocks                            blockNumber=10485761 slot=1 blocks=10485760 txs=768637253 mgas=46560108 bps=64.17 tps=10379 mgps=724.5 avgBps=192.9 avgTps=14143 avgMGps=856.7 elapsed=15h5m45s
Aug 07 04:07:20 nimbus-eth1-mainnet-long-benchmark[1140193]: INF 2026-08-07 04:07:20.489+00:00 Imported blocks                            blockNumber=10493953 slot=1 blocks=10493952 txs=769997728 mgas=46653483 bps=62.58 tps=10392 mgps=713.3 avgBps=192.6 avgTps=14134 avgMGps=856.4 elapsed=15h7m56s
Aug 07 04:09:28 nimbus-eth1-mainnet-long-benchmark[1140193]: INF 2026-08-07 04:09:28.847+00:00 Imported blocks                            blockNumber=10502145 slot=1 blocks=10502144 txs=771475005 mgas=46746512 bps=63.82 tps=11508 mgps=724.7 avgBps=192.3 avgTps=14128 avgMGps=856.1 elapsed=15h10m4s
Aug 07 04:11:38 nimbus-eth1-mainnet-long-benchmark[1140193]: INF 2026-08-07 04:11:38.801+00:00 Imported blocks                            blockNumber=10510337 slot=1 blocks=10510336 txs=772933917 mgas=46839907 bps=63.04 tps=11226 mgps=718.7 avgBps=192.0 avgTps=14121 avgMGps=855.8 elapsed=15h12m14s
Aug 07 04:13:53 nimbus-eth1-mainnet-long-benchmark[1140193]: INF 2026-08-07 04:13:53.683+00:00 Imported blocks                            blockNumber=10518529 slot=1 blocks=10518528 txs=774341464 mgas=46933788 bps=60.74 tps=10435 mgps=696.0 avgBps=191.7 avgTps=14112 avgMGps=855.4 elapsed=15h14m29s
Aug 07 04:16:06 nimbus-eth1-mainnet-long-benchmark[1140193]: INF 2026-08-07 04:16:06.161+00:00 Imported blocks                            blockNumber=10526721 slot=1 blocks=10526720 txs=775783173 mgas=47028798 bps=61.83 tps=10882 mgps=717.2 avgBps=191.4 avgTps=14104 avgMGps=855.0 elapsed=15h16m42s
Aug 07 04:18:26 nimbus-eth1-mainnet-long-benchmark[1140193]: INF 2026-08-07 04:18:26.714+00:00 Imported blocks                            blockNumber=10534913 slot=1 blocks=10534912 txs=777300771 mgas=47127323 bps=58.28 tps=10797 mgps=701.0 avgBps=191.0 avgTps=14096 avgMGps=854.6 elapsed=15h19m2s
Aug 07 04:20:46 nimbus-eth1-mainnet-long-benchmark[1140193]: INF 2026-08-07 04:20:46.736+00:00 Imported blocks                            blockNumber=10543105 slot=1 blocks=10543104 txs=778827853 mgas=47226202 bps=58.51 tps=10906 mgps=706.2 avgBps=190.7 avgTps=14088 avgMGps=854.3 elapsed=15h21m22s
Aug 07 04:23:08 nimbus-eth1-mainnet-long-benchmark[1140193]: INF 2026-08-07 04:23:08.386+00:00 Imported blocks                            blockNumber=10551297 slot=1 blocks=10551296 txs=780357159 mgas=47324765 bps=57.83 tps=10796 mgps=695.8 avgBps=190.4 avgTps=14079 avgMGps=853.9 elapsed=15h23m44s
Aug 07 04:25:20 nimbus-eth1-mainnet-long-benchmark[1140193]: INF 2026-08-07 04:25:20.648+00:00 Imported blocks                            blockNumber=10559489 slot=1 blocks=10559488 txs=781845193 mgas=47422885 bps=61.94 tps=11250 mgps=741.8 avgBps=190.1 avgTps=14072 avgMGps=853.6 elapsed=15h25m56s
Aug 07 04:27:36 nimbus-eth1-mainnet-long-benchmark[1140193]: INF 2026-08-07 04:27:36.966+00:00 Imported blocks                            blockNumber=10567681 slot=1 blocks=10567680 txs=783391094 mgas=47521291 bps=60.10 tps=11340 mgps=721.9 avgBps=189.7 avgTps=14066 avgMGps=853.3 elapsed=15h28m13s
Aug 07 04:29:54 nimbus-eth1-mainnet-long-benchmark[1140193]: INF 2026-08-07 04:29:54.179+00:00 Imported blocks                            blockNumber=10575873 slot=1 blocks=10575872 txs=784873024 mgas=47619423 bps=59.70 tps=10799 mgps=715.2 avgBps=189.4 avgTps=14058 avgMGps=852.9 elapsed=15h30m30s
Aug 07 04:32:12 nimbus-eth1-mainnet-long-benchmark[1140193]: INF 2026-08-07 04:32:12.857+00:00 Imported blocks                            blockNumber=10584065 slot=1 blocks=10584064 txs=786265226 mgas=47717647 bps=59.07 tps=10039 mgps=708.3 avgBps=189.1 avgTps=14048 avgMGps=852.6 elapsed=15h32m48s
Aug 07 04:34:27 nimbus-eth1-mainnet-long-benchmark[1140193]: INF 2026-08-07 04:34:27.051+00:00 Imported blocks                            blockNumber=10592257 slot=1 blocks=10592256 txs=787798291 mgas=47815710 bps=61.04 tps=11424 mgps=730.7 avgBps=188.8 avgTps=14041 avgMGps=852.3 elapsed=15h35m3s
Aug 07 04:36:44 nimbus-eth1-mainnet-long-benchmark[1140193]: INF 2026-08-07 04:36:44.049+00:00 Imported blocks                            blockNumber=10600449 slot=1 blocks=10600448 txs=789318754 mgas=47913787 bps=59.80 tps=11098 mgps=715.9 avgBps=188.5 avgTps=14034 avgMGps=851.9 elapsed=15h37m20s
Aug 07 04:38:57 nimbus-eth1-mainnet-long-benchmark[1140193]: INF 2026-08-07 04:38:57.735+00:00 Imported blocks                            blockNumber=10608641 slot=1 blocks=10608640 txs=790804386 mgas=48011430 bps=61.28 tps=11112 mgps=730.4 avgBps=188.2 avgTps=14027 avgMGps=851.7 elapsed=15h39m33s
Aug 07 04:41:10 nimbus-eth1-mainnet-long-benchmark[1140193]: INF 2026-08-07 04:41:10.409+00:00 Imported blocks                            blockNumber=10616833 slot=1 blocks=10616832 txs=792341515 mgas=48109524 bps=61.75 tps=11585 mgps=739.4 avgBps=187.9 avgTps=14022 avgMGps=851.4 elapsed=15h41m46s
Aug 07 04:43:20 nimbus-eth1-mainnet-long-benchmark[1140193]: INF 2026-08-07 04:43:20.927+00:00 Imported blocks                            blockNumber=10625025 slot=1 blocks=10625024 txs=793872924 mgas=48207092 bps=62.77 tps=11733 mgps=747.5 avgBps=187.6 avgTps=14016 avgMGps=851.2 elapsed=15h43m57s
Aug 07 04:45:32 nimbus-eth1-mainnet-long-benchmark[1140193]: INF 2026-08-07 04:45:32.141+00:00 Imported blocks                            blockNumber=10633217 slot=1 blocks=10633216 txs=795477953 mgas=48305620 bps=62.43 tps=12232 mgps=750.9 avgBps=187.3 avgTps=14012 avgMGps=850.9 elapsed=15h46m8s
Aug 07 04:47:41 nimbus-eth1-mainnet-long-benchmark[1140193]: INF 2026-08-07 04:47:41.371+00:00 Imported blocks                            blockNumber=10641409 slot=1 blocks=10641408 txs=797059644 mgas=48403729 bps=63.39 tps=12239 mgps=759.2 avgBps=187.0 avgTps=14008 avgMGps=850.7 elapsed=15h48m17s
Aug 07 04:49:46 nimbus-eth1-mainnet-long-benchmark[1140193]: INF 2026-08-07 04:49:46.329+00:00 Imported blocks                            blockNumber=10649601 slot=1 blocks=10649600 txs=798593517 mgas=48502051 bps=65.56 tps=12275 mgps=786.8 avgBps=186.8 avgTps=14004 avgMGps=850.6 elapsed=15h50m22s
Aug 07 04:51:51 nimbus-eth1-mainnet-long-benchmark[1140193]: INF 2026-08-07 04:51:51.879+00:00 Imported blocks                            blockNumber=10657793 slot=1 blocks=10657792 txs=800150333 mgas=48600803 bps=65.25 tps=12400 mgps=786.6 avgBps=186.5 avgTps=14001 avgMGps=850.4 elapsed=15h52m27s
Aug 07 04:54:03 nimbus-eth1-mainnet-long-benchmark[1140193]: INF 2026-08-07 04:54:03.964+00:00 Imported blocks                            blockNumber=10665985 slot=1 blocks=10665984 txs=801605653 mgas=48699222 bps=62.02 tps=11017 mgps=745.1 avgBps=186.2 avgTps=13994 avgMGps=850.2 elapsed=15h54m40s
Aug 07 04:56:15 nimbus-eth1-mainnet-long-benchmark[1140193]: INF 2026-08-07 04:56:15.494+00:00 Imported blocks                            blockNumber=10674177 slot=1 blocks=10674176 txs=803005481 mgas=48798078 bps=62.28 tps=10642 mgps=751.6 avgBps=185.9 avgTps=13986 avgMGps=850.0 elapsed=15h56m51s
Aug 07 04:58:26 nimbus-eth1-mainnet-long-benchmark[1140193]: INF 2026-08-07 04:58:26.084+00:00 Imported blocks                            blockNumber=10682369 slot=1 blocks=10682368 txs=804548663 mgas=48897143 bps=62.73 tps=11816 mgps=758.6 avgBps=185.6 avgTps=13981 avgMGps=849.8 elapsed=15h59m2s
Aug 07 05:00:34 nimbus-eth1-mainnet-long-benchmark[1140193]: INF 2026-08-07 05:00:34.766+00:00 Imported blocks                            blockNumber=10690561 slot=1 blocks=10690560 txs=806090298 mgas=48995978 bps=63.66 tps=11980 mgps=768.1 avgBps=185.4 avgTps=13977 avgMGps=849.6 elapsed=16h1m10s
Aug 07 05:02:47 nimbus-eth1-mainnet-long-benchmark[1140193]: INF 2026-08-07 05:02:47.160+00:00 Imported blocks                            blockNumber=10698753 slot=1 blocks=10698752 txs=807585637 mgas=49095032 bps=61.88 tps=11294 mgps=748.2 avgBps=185.1 avgTps=13971 avgMGps=849.3 elapsed=16h3m23s
Aug 07 05:05:01 nimbus-eth1-mainnet-long-benchmark[1140193]: INF 2026-08-07 05:05:01.506+00:00 Imported blocks                            blockNumber=10706945 slot=1 blocks=10706944 txs=809121090 mgas=49194238 bps=60.98 tps=11429 mgps=738.4 avgBps=184.8 avgTps=13965 avgMGps=849.1 elapsed=16h5m37s
Aug 07 05:07:14 nimbus-eth1-mainnet-long-benchmark[1140193]: INF 2026-08-07 05:07:14.648+00:00 Imported blocks                            blockNumber=10715137 slot=1 blocks=10715136 txs=810532950 mgas=49292671 bps=61.53 tps=10604 mgps=739.3 avgBps=184.5 avgTps=13957 avgMGps=848.8 elapsed=16h7m50s
Aug 07 05:09:28 nimbus-eth1-mainnet-long-benchmark[1140193]: INF 2026-08-07 05:09:28.250+00:00 Imported blocks                            blockNumber=10723329 slot=1 blocks=10723328 txs=811998890 mgas=49391594 bps=61.32 tps=10972 mgps=740.4 avgBps=184.2 avgTps=13950 avgMGps=848.6 elapsed=16h10m4s
Aug 07 05:11:40 nimbus-eth1-mainnet-long-benchmark[1140193]: INF 2026-08-07 05:11:40.164+00:00 Imported blocks                            blockNumber=10731521 slot=1 blocks=10731520 txs=813443969 mgas=49490651 bps=62.10 tps=10954 mgps=750.9 avgBps=184.0 avgTps=13944 avgMGps=848.4 elapsed=16h12m16s
Aug 07 05:13:52 nimbus-eth1-mainnet-long-benchmark[1140193]: INF 2026-08-07 05:13:52.942+00:00 Imported blocks                            blockNumber=10739713 slot=1 blocks=10739712 txs=814853567 mgas=49589487 bps=61.70 tps=10616 mgps=744.4 avgBps=183.7 avgTps=13936 avgMGps=848.1 elapsed=16h14m29s
Aug 07 05:16:04 nimbus-eth1-mainnet-long-benchmark[1140193]: INF 2026-08-07 05:16:04.439+00:00 Imported blocks                            blockNumber=10747905 slot=1 blocks=10747904 txs=816288256 mgas=49688091 bps=62.30 tps=10910 mgps=749.8 avgBps=183.4 avgTps=13929 avgMGps=847.9 elapsed=16h16m40s
Aug 07 05:18:11 nimbus-eth1-mainnet-long-benchmark[1140193]: INF 2026-08-07 05:18:11.953+00:00 Imported blocks                            blockNumber=10756097 slot=1 blocks=10756096 txs=817720607 mgas=49786485 bps=64.24 tps=11233 mgps=771.6 avgBps=183.2 avgTps=13923 avgMGps=847.7 elapsed=16h18m48s
Aug 07 05:20:17 nimbus-eth1-mainnet-long-benchmark[1140193]: INF 2026-08-07 05:20:17.555+00:00 Imported blocks                            blockNumber=10764289 slot=1 blocks=10764288 txs=819157056 mgas=49885480 bps=65.22 tps=11436 mgps=788.2 avgBps=182.9 avgTps=13918 avgMGps=847.6 elapsed=16h20m53s
Aug 07 05:22:21 nimbus-eth1-mainnet-long-benchmark[1140193]: INF 2026-08-07 05:22:21.597+00:00 Imported blocks                            blockNumber=10772481 slot=1 blocks=10772480 txs=820651080 mgas=49984345 bps=66.04 tps=12044 mgps=797.0 avgBps=182.7 avgTps=13914 avgMGps=847.5 elapsed=16h22m57s
Aug 07 05:24:25 nimbus-eth1-mainnet-long-benchmark[1140193]: INF 2026-08-07 05:24:25.176+00:00 Imported blocks                            blockNumber=10780673 slot=1 blocks=10780672 txs=822215293 mgas=50083289 bps=66.29 tps=12657 mgps=800.7 avgBps=182.4 avgTps=13911 avgMGps=847.4 elapsed=16h25m1s
Aug 07 05:26:27 nimbus-eth1-mainnet-long-benchmark[1140193]: INF 2026-08-07 05:26:27.786+00:00 Imported blocks                            blockNumber=10788865 slot=1 blocks=10788864 txs=823702810 mgas=50182359 bps=66.81 tps=12131 mgps=808.0 avgBps=182.2 avgTps=13908 avgMGps=847.3 elapsed=16h27m3s
Aug 07 05:28:36 nimbus-eth1-mainnet-long-benchmark[1140193]: INF 2026-08-07 05:28:36.228+00:00 Imported blocks                            blockNumber=10797057 slot=1 blocks=10797056 txs=825134208 mgas=50280990 bps=63.78 tps=11144 mgps=767.9 avgBps=181.9 avgTps=13902 avgMGps=847.2 elapsed=16h29m12s
Aug 07 05:30:47 nimbus-eth1-mainnet-long-benchmark[1140193]: INF 2026-08-07 05:30:47.557+00:00 Imported blocks                            blockNumber=10805249 slot=1 blocks=10805248 txs=826414005 mgas=50378852 bps=62.38 tps=9745 mgps=745.2 avgBps=181.7 avgTps=13893 avgMGps=846.9 elapsed=16h31m23s
Aug 07 05:32:59 nimbus-eth1-mainnet-long-benchmark[1140193]: INF 2026-08-07 05:32:59.599+00:00 Imported blocks                            blockNumber=10813441 slot=1 blocks=10813440 txs=827728080 mgas=50478221 bps=62.04 tps=9951 mgps=752.6 avgBps=181.4 avgTps=13884 avgMGps=846.7 elapsed=16h33m35s
Aug 07 05:35:12 nimbus-eth1-mainnet-long-benchmark[1140193]: INF 2026-08-07 05:35:12.469+00:00 Imported blocks                            blockNumber=10821633 slot=1 blocks=10821632 txs=829054380 mgas=50577072 bps=61.66 tps=9982 mgps=744.0 avgBps=181.1 avgTps=13875 avgMGps=846.5 elapsed=16h35m48s
Aug 07 05:37:23 nimbus-eth1-mainnet-long-benchmark[1140193]: INF 2026-08-07 05:37:23.563+00:00 Imported blocks                            blockNumber=10829825 slot=1 blocks=10829824 txs=830352008 mgas=50676241 bps=62.49 tps=9898 mgps=756.5 avgBps=180.9 avgTps=13867 avgMGps=846.3 elapsed=16h37m59s
Aug 07 05:39:33 nimbus-eth1-mainnet-long-benchmark[1140193]: INF 2026-08-07 05:39:33.877+00:00 Imported blocks                            blockNumber=10838017 slot=1 blocks=10838016 txs=831728887 mgas=50775181 bps=62.86 tps=10566 mgps=759.3 avgBps=180.6 avgTps=13859 avgMGps=846.1 elapsed=16h40m9s
Aug 07 05:41:49 nimbus-eth1-mainnet-long-benchmark[1140193]: INF 2026-08-07 05:41:49.247+00:00 Imported blocks                            blockNumber=10846209 slot=1 blocks=10846208 txs=833075106 mgas=50874585 bps=60.52 tps=9944 mgps=734.3 avgBps=180.3 avgTps=13851 avgMGps=845.9 elapsed=16h42m25s
Aug 07 05:44:02 nimbus-eth1-mainnet-long-benchmark[1140193]: INF 2026-08-07 05:44:02.433+00:00 Imported blocks                            blockNumber=10854401 slot=1 blocks=10854400 txs=834398358 mgas=50973836 bps=61.51 tps=9935 mgps=745.2 avgBps=180.1 avgTps=13842 avgMGps=845.6 elapsed=16h44m38s
Aug 07 05:46:18 nimbus-eth1-mainnet-long-benchmark[1140193]: INF 2026-08-07 05:46:18.435+00:00 Imported blocks                            blockNumber=10862593 slot=1 blocks=10862592 txs=835733334 mgas=51073331 bps=60.24 tps=9816 mgps=731.6 avgBps=179.8 avgTps=13833 avgMGps=845.4 elapsed=16h46m54s
Aug 07 05:48:33 nimbus-eth1-mainnet-long-benchmark[1140193]: INF 2026-08-07 05:48:33.029+00:00 Imported blocks                            blockNumber=10870785 slot=1 blocks=10870784 txs=837074699 mgas=51172891 bps=60.86 tps=9965 mgps=739.7 avgBps=179.5 avgTps=13824 avgMGps=845.1 elapsed=16h49m9s
Aug 07 05:50:46 nimbus-eth1-mainnet-long-benchmark[1140193]: INF 2026-08-07 05:50:46.862+00:00 Imported blocks                            blockNumber=10878977 slot=1 blocks=10878976 txs=838544835 mgas=51272153 bps=61.21 tps=10985 mgps=741.7 avgBps=179.3 avgTps=13818 avgMGps=844.9 elapsed=16h51m22s
Aug 07 05:52:55 nimbus-eth1-mainnet-long-benchmark[1140193]: INF 2026-08-07 05:52:55.508+00:00 Imported blocks                            blockNumber=10887169 slot=1 blocks=10887168 txs=840230623 mgas=51371703 bps=63.68 tps=13103 mgps=773.8 avgBps=179.0 avgTps=13816 avgMGps=844.8 elapsed=16h53m31s
Aug 07 05:55:11 nimbus-eth1-mainnet-long-benchmark[1140193]: INF 2026-08-07 05:55:11.038+00:00 Imported blocks                            blockNumber=10895361 slot=1 blocks=10895360 txs=841625636 mgas=51471056 bps=60.44 tps=10293 mgps=733.1 avgBps=178.8 avgTps=13809 avgMGps=844.5 elapsed=16h55m47s
Aug 07 05:57:24 nimbus-eth1-mainnet-long-benchmark[1140193]: INF 2026-08-07 05:57:24.896+00:00 Imported blocks                            blockNumber=10903553 slot=1 blocks=10903552 txs=842978836 mgas=51570186 bps=61.20 tps=10109 mgps=740.6 avgBps=178.5 avgTps=13800 avgMGps=844.3 elapsed=16h58m998ms
Aug 07 05:59:38 nimbus-eth1-mainnet-long-benchmark[1140193]: INF 2026-08-07 05:59:38.882+00:00 Imported blocks                            blockNumber=10911745 slot=1 blocks=10911744 txs=844414970 mgas=51669201 bps=61.14 tps=10718 mgps=739.0 avgBps=178.3 avgTps=13794 avgMGps=844.1 elapsed=17h14s983ms
Aug 07 06:01:50 nimbus-eth1-mainnet-long-benchmark[1140193]: INF 2026-08-07 06:01:50.324+00:00 Imported blocks                            blockNumber=10919937 slot=1 blocks=10919936 txs=845787076 mgas=51768410 bps=62.32 tps=10438 mgps=754.8 avgBps=178.0 avgTps=13787 avgMGps=843.9 elapsed=17h2m26s
Aug 07 06:04:05 nimbus-eth1-mainnet-long-benchmark[1140193]: INF 2026-08-07 06:04:05.350+00:00 Imported blocks                            blockNumber=10928129 slot=1 blocks=10928128 txs=847125225 mgas=51867610 bps=60.67 tps=9910 mgps=734.7 avgBps=177.7 avgTps=13778 avgMGps=843.6 elapsed=17h4m41s
Aug 07 06:06:19 nimbus-eth1-mainnet-long-benchmark[1140193]: INF 2026-08-07 06:06:19.404+00:00 Imported blocks                            blockNumber=10936321 slot=1 blocks=10936320 txs=848428975 mgas=51966820 bps=61.11 tps=9725 mgps=740.1 avgBps=177.5 avgTps=13769 avgMGps=843.4 elapsed=17h6m55s
Aug 07 06:08:33 nimbus-eth1-mainnet-long-benchmark[1140193]: INF 2026-08-07 06:08:33.225+00:00 Imported blocks                            blockNumber=10944513 slot=1 blocks=10944512 txs=849712183 mgas=52066431 bps=61.22 tps=9588 mgps=744.4 avgBps=177.2 avgTps=13760 avgMGps=843.2 elapsed=17h9m9s
Aug 07 06:10:41 nimbus-eth1-mainnet-long-benchmark[1140193]: INF 2026-08-07 06:10:41.879+00:00 Imported blocks                            blockNumber=10952705 slot=1 blocks=10952704 txs=851031984 mgas=52165963 bps=63.67 tps=10258 mgps=773.6 avgBps=177.0 avgTps=13753 avgMGps=843.0 elapsed=17h11m17s
Aug 07 06:12:52 nimbus-eth1-mainnet-long-benchmark[1140193]: INF 2026-08-07 06:12:52.469+00:00 Imported blocks                            blockNumber=10960897 slot=1 blocks=10960896 txs=852384620 mgas=52265273 bps=62.73 tps=10358 mgps=760.5 avgBps=176.8 avgTps=13746 avgMGps=842.9 elapsed=17h13m28s
Aug 07 06:15:04 nimbus-eth1-mainnet-long-benchmark[1140193]: INF 2026-08-07 06:15:04.675+00:00 Imported blocks                            blockNumber=10969089 slot=1 blocks=10969088 txs=853759722 mgas=52364739 bps=61.96 tps=10401 mgps=752.3 avgBps=176.5 avgTps=13739 avgMGps=842.7 elapsed=17h15m40s
Aug 07 06:17:21 nimbus-eth1-mainnet-long-benchmark[1140193]: INF 2026-08-07 06:17:21.321+00:00 Imported blocks                            blockNumber=10977281 slot=1 blocks=10977280 txs=855078452 mgas=52464367 bps=59.95 tps=9650 mgps=729.1 avgBps=176.3 avgTps=13730 avgMGps=842.4 elapsed=17h17m57s
Aug 07 06:19:32 nimbus-eth1-mainnet-long-benchmark[1140193]: INF 2026-08-07 06:19:32.267+00:00 Imported blocks                            blockNumber=10985473 slot=1 blocks=10985472 txs=856305718 mgas=52564037 bps=62.56 tps=9372 mgps=761.1 avgBps=176.0 avgTps=13721 avgMGps=842.3 elapsed=17h20m8s
Aug 07 06:21:44 nimbus-eth1-mainnet-long-benchmark[1140193]: INF 2026-08-07 06:21:44.061+00:00 Imported blocks                            blockNumber=10993665 slot=1 blocks=10993664 txs=857557352 mgas=52663802 bps=62.16 tps=9496 mgps=757.0 avgBps=175.8 avgTps=13712 avgMGps=842.1 elapsed=17h22m20s
Aug 07 06:23:58 nimbus-eth1-mainnet-long-benchmark[1140193]: INF 2026-08-07 06:23:58.531+00:00 Imported blocks                            blockNumber=11001857 slot=1 blocks=11001856 txs=858913944 mgas=52763421 bps=60.92 tps=10088 mgps=740.8 avgBps=175.5 avgTps=13704 avgMGps=841.9 elapsed=17h24m34s
Aug 07 06:26:12 nimbus-eth1-mainnet-long-benchmark[1140193]: INF 2026-08-07 06:26:12.561+00:00 Imported blocks                            blockNumber=11010049 slot=1 blocks=11010048 txs=860292461 mgas=52862906 bps=61.12 tps=10284 mgps=742.3 avgBps=175.3 avgTps=13697 avgMGps=841.6 elapsed=17h26m48s
Aug 07 06:28:23 nimbus-eth1-mainnet-long-benchmark[1140193]: INF 2026-08-07 06:28:23.382+00:00 Imported blocks                            blockNumber=11018241 slot=1 blocks=11018240 txs=861568203 mgas=52961281 bps=62.62 tps=9751 mgps=752.0 avgBps=175.1 avgTps=13688 avgMGps=841.5 elapsed=17h28m59s
Aug 07 06:30:37 nimbus-eth1-mainnet-long-benchmark[1140193]: INF 2026-08-07 06:30:37.132+00:00 Imported blocks                            blockNumber=11026433 slot=1 blocks=11026432 txs=862922693 mgas=53060579 bps=61.25 tps=10127 mgps=742.4 avgBps=174.8 avgTps=13681 avgMGps=841.3 elapsed=17h31m13s
Aug 07 06:32:46 nimbus-eth1-mainnet-long-benchmark[1140193]: INF 2026-08-07 06:32:46.778+00:00 Imported blocks                            blockNumber=11034625 slot=1 blocks=11034624 txs=864232805 mgas=53157766 bps=63.19 tps=10105 mgps=749.6 avgBps=174.6 avgTps=13673 avgMGps=841.1 elapsed=17h33m22s
Aug 07 06:35:01 nimbus-eth1-mainnet-long-benchmark[1140193]: INF 2026-08-07 06:35:01.496+00:00 Imported blocks                            blockNumber=11042817 slot=1 blocks=11042816 txs=865566908 mgas=53257011 bps=60.81 tps=9902 mgps=736.7 avgBps=174.3 avgTps=13665 avgMGps=840.8 elapsed=17h35m37s
Aug 07 06:37:15 nimbus-eth1-mainnet-long-benchmark[1140193]: INF 2026-08-07 06:37:15.430+00:00 Imported blocks                            blockNumber=11051009 slot=1 blocks=11051008 txs=866930637 mgas=53356769 bps=61.17 tps=10182 mgps=744.8 avgBps=174.1 avgTps=13658 avgMGps=840.6 elapsed=17h37m51s
Aug 07 06:39:29 nimbus-eth1-mainnet-long-benchmark[1140193]: INF 2026-08-07 06:39:29.952+00:00 Imported blocks                            blockNumber=11059201 slot=1 blocks=11059200 txs=868363931 mgas=53456581 bps=60.90 tps=10654 mgps=742.0 avgBps=173.9 avgTps=13652 avgMGps=840.4 elapsed=17h40m6s
Aug 07 06:41:50 nimbus-eth1-mainnet-long-benchmark[1140193]: INF 2026-08-07 06:41:50.866+00:00 Imported blocks                            blockNumber=11067393 slot=1 blocks=11067392 txs=869917977 mgas=53556446 bps=58.14 tps=11028 mgps=708.7 avgBps=173.6 avgTps=13646 avgMGps=840.1 elapsed=17h42m26s
Aug 07 06:44:09 nimbus-eth1-mainnet-long-benchmark[1140193]: INF 2026-08-07 06:44:09.875+00:00 Imported blocks                            blockNumber=11075585 slot=1 blocks=11075584 txs=871266553 mgas=53655938 bps=58.93 tps=9701 mgps=715.7 avgBps=173.4 avgTps=13637 avgMGps=839.9 elapsed=17h44m45s
Aug 07 06:46:26 nimbus-eth1-mainnet-long-benchmark[1140193]: INF 2026-08-07 06:46:26.581+00:00 Imported blocks                            blockNumber=11083777 slot=1 blocks=11083776 txs=872514587 mgas=53755568 bps=59.92 tps=9129 mgps=728.8 avgBps=173.1 avgTps=13628 avgMGps=839.6 elapsed=17h47m2s
Aug 07 06:48:47 nimbus-eth1-mainnet-long-benchmark[1140193]: INF 2026-08-07 06:48:47.815+00:00 Imported blocks                            blockNumber=11091969 slot=1 blocks=11091968 txs=873916102 mgas=53855242 bps=58.00 tps=9923 mgps=705.7 avgBps=172.9 avgTps=13620 avgMGps=839.3 elapsed=17h49m23s
Aug 07 06:51:07 nimbus-eth1-mainnet-long-benchmark[1140193]: INF 2026-08-07 06:51:07.405+00:00 Imported blocks                            blockNumber=11100161 slot=1 blocks=11100160 txs=875363864 mgas=53954983 bps=58.69 tps=10371 mgps=714.5 avgBps=172.6 avgTps=13613 avgMGps=839.1 elapsed=17h51m43s
Aug 07 06:53:30 nimbus-eth1-mainnet-long-benchmark[1140193]: INF 2026-08-07 06:53:30.051+00:00 Imported blocks                            blockNumber=11108353 slot=1 blocks=11108352 txs=876849008 mgas=54054812 bps=57.43 tps=10411 mgps=699.8 avgBps=172.4 avgTps=13605 avgMGps=838.8 elapsed=17h54m6s
Aug 07 06:55:48 nimbus-eth1-mainnet-long-benchmark[1140193]: INF 2026-08-07 06:55:48.388+00:00 Imported blocks                            blockNumber=11116545 slot=1 blocks=11116544 txs=878247825 mgas=54154483 bps=59.22 tps=10111 mgps=720.5 avgBps=172.1 avgTps=13598 avgMGps=838.5 elapsed=17h56m24s
Aug 07 06:58:03 nimbus-eth1-mainnet-long-benchmark[1140193]: INF 2026-08-07 06:58:03.950+00:00 Imported blocks                            blockNumber=11124737 slot=1 blocks=11124736 txs=879517986 mgas=54254233 bps=60.43 tps=9369 mgps=735.8 avgBps=171.9 avgTps=13589 avgMGps=838.3 elapsed=17h58m40s
Aug 07 07:00:21 nimbus-eth1-mainnet-long-benchmark[1140193]: INF 2026-08-07 07:00:21.160+00:00 Imported blocks                            blockNumber=11132929 slot=1 blocks=11132928 txs=880838951 mgas=54354407 bps=59.70 tps=9627 mgps=730.1 avgBps=171.7 avgTps=13581 avgMGps=838.1 elapsed=18h57s264ms
Aug 07 07:02:38 nimbus-eth1-mainnet-long-benchmark[1140193]: INF 2026-08-07 07:02:38.374+00:00 Imported blocks                            blockNumber=11141121 slot=1 blocks=11141120 txs=882164625 mgas=54454305 bps=59.70 tps=9661 mgps=728.1 avgBps=171.4 avgTps=13572 avgMGps=837.8 elapsed=18h3m14s
Aug 07 07:04:53 nimbus-eth1-mainnet-long-benchmark[1140193]: INF 2026-08-07 07:04:53.064+00:00 Imported blocks                            blockNumber=11149313 slot=1 blocks=11149312 txs=883567563 mgas=54554157 bps=60.82 tps=10415 mgps=741.3 avgBps=171.2 avgTps=13566 avgMGps=837.6 elapsed=18h5m29s
Aug 07 07:07:06 nimbus-eth1-mainnet-long-benchmark[1140193]: INF 2026-08-07 07:07:06.278+00:00 Imported blocks                            blockNumber=11157505 slot=1 blocks=11157504 txs=884995075 mgas=54654006 bps=61.49 tps=10715 mgps=749.5 avgBps=171.0 avgTps=13560 avgMGps=837.5 elapsed=18h7m42s
Aug 07 07:09:23 nimbus-eth1-mainnet-long-benchmark[1140193]: INF 2026-08-07 07:09:23.003+00:00 Imported blocks                            blockNumber=11165697 slot=1 blocks=11165696 txs=886394091 mgas=54753831 bps=59.92 tps=10232 mgps=730.1 avgBps=170.7 avgTps=13553 avgMGps=837.2 elapsed=18h9m59s
Aug 07 07:11:40 nimbus-eth1-mainnet-long-benchmark[1140193]: INF 2026-08-07 07:11:40.765+00:00 Imported blocks                            blockNumber=11173889 slot=1 blocks=11173888 txs=887688111 mgas=54853481 bps=59.47 tps=9393 mgps=723.4 avgBps=170.5 avgTps=13544 avgMGps=837.0 elapsed=18h12m16s
Aug 07 07:14:02 nimbus-eth1-mainnet-long-benchmark[1140193]: INF 2026-08-07 07:14:02.063+00:00 Imported blocks                            blockNumber=11182081 slot=1 blocks=11182080 txs=889126731 mgas=54953413 bps=57.98 tps=10181 mgps=707.2 avgBps=170.3 avgTps=13537 avgMGps=836.7 elapsed=18h14m38s
Aug 07 07:16:21 nimbus-eth1-mainnet-long-benchmark[1140193]: INF 2026-08-07 07:16:21.065+00:00 Imported blocks                            blockNumber=11190273 slot=1 blocks=11190272 txs=890565645 mgas=55053419 bps=58.94 tps=10351 mgps=719.5 avgBps=170.0 avgTps=13530 avgMGps=836.5 elapsed=18h16m57s
Aug 07 07:18:42 nimbus-eth1-mainnet-long-benchmark[1140193]: INF 2026-08-07 07:18:42.091+00:00 Imported blocks                            blockNumber=11198465 slot=1 blocks=11198464 txs=892009587 mgas=55153159 bps=58.09 tps=10239 mgps=707.3 avgBps=169.8 avgTps=13523 avgMGps=836.2 elapsed=18h19m18s
Aug 07 07:21:03 nimbus-eth1-mainnet-long-benchmark[1140193]: INF 2026-08-07 07:21:03.960+00:00 Imported blocks                            blockNumber=11206657 slot=1 blocks=11206656 txs=893422220 mgas=55252888 bps=57.74 tps=9956 mgps=702.9 avgBps=169.5 avgTps=13516 avgMGps=835.9 elapsed=18h21m40s
Aug 07 07:23:25 nimbus-eth1-mainnet-long-benchmark[1140193]: INF 2026-08-07 07:23:25.678+00:00 Imported blocks                            blockNumber=11214849 slot=1 blocks=11214848 txs=894802790 mgas=55352581 bps=57.81 tps=9741 mgps=703.5 avgBps=169.3 avgTps=13508 avgMGps=835.6 elapsed=18h24m1s
Aug 07 07:25:45 nimbus-eth1-mainnet-long-benchmark[1140193]: INF 2026-08-07 07:25:45.924+00:00 Imported blocks                            blockNumber=11223041 slot=1 blocks=11223040 txs=896185935 mgas=55452485 bps=58.41 tps=9861 mgps=712.3 avgBps=169.1 avgTps=13500 avgMGps=835.4 elapsed=18h26m22s
Aug 07 07:28:07 nimbus-eth1-mainnet-long-benchmark[1140193]: INF 2026-08-07 07:28:07.786+00:00 Imported blocks                            blockNumber=11231233 slot=1 blocks=11231232 txs=897664293 mgas=55552590 bps=57.75 tps=10421 mgps=705.7 avgBps=168.8 avgTps=13493 avgMGps=835.1 elapsed=18h28m43s
Aug 07 07:30:27 nimbus-eth1-mainnet-long-benchmark[1140193]: INF 2026-08-07 07:30:27.591+00:00 Imported blocks                            blockNumber=11239425 slot=1 blocks=11239424 txs=899012217 mgas=55652478 bps=58.59 tps=9641 mgps=714.5 avgBps=168.6 avgTps=13485 avgMGps=834.8 elapsed=18h31m3s
Aug 07 07:32:44 nimbus-eth1-mainnet-long-benchmark[1140193]: INF 2026-08-07 07:32:44.437+00:00 Imported blocks                            blockNumber=11247617 slot=1 blocks=11247616 txs=900393491 mgas=55752700 bps=59.86 tps=10093 mgps=732.4 avgBps=168.4 avgTps=13478 avgMGps=834.6 elapsed=18h33m20s
Aug 07 07:35:01 nimbus-eth1-mainnet-long-benchmark[1140193]: INF 2026-08-07 07:35:01.703+00:00 Imported blocks                            blockNumber=11255809 slot=1 blocks=11255808 txs=901837930 mgas=55852486 bps=59.68 tps=10522 mgps=726.9 avgBps=168.2 avgTps=13472 avgMGps=834.4 elapsed=18h35m37s
Aug 07 07:37:20 nimbus-eth1-mainnet-long-benchmark[1140193]: INF 2026-08-07 07:37:20.369+00:00 Imported blocks                            blockNumber=11264001 slot=1 blocks=11264000 txs=903154009 mgas=55952377 bps=59.08 tps=9491 mgps=720.4 avgBps=167.9 avgTps=13464 avgMGps=834.2 elapsed=18h37m56s
Aug 07 07:39:40 nimbus-eth1-mainnet-long-benchmark[1140193]: INF 2026-08-07 07:39:40.815+00:00 Imported blocks                            blockNumber=11272193 slot=1 blocks=11272192 txs=904501719 mgas=56052324 bps=58.33 tps=9596 mgps=711.6 avgBps=167.7 avgTps=13456 avgMGps=833.9 elapsed=18h40m16s
Aug 07 07:42:02 nimbus-eth1-mainnet-long-benchmark[1140193]: INF 2026-08-07 07:42:02.848+00:00 Imported blocks                            blockNumber=11280385 slot=1 blocks=11280384 txs=905986224 mgas=56152175 bps=57.68 tps=10451 mgps=703.0 avgBps=167.5 avgTps=13450 avgMGps=833.6 elapsed=18h42m38s
Aug 07 07:44:28 nimbus-eth1-mainnet-long-benchmark[1140193]: INF 2026-08-07 07:44:28.906+00:00 Imported blocks                            blockNumber=11288577 slot=1 blocks=11288576 txs=907382968 mgas=56252174 bps=56.09 tps=9563 mgps=684.7 avgBps=167.2 avgTps=13441 avgMGps=833.3 elapsed=18h45m5s
Aug 07 07:46:53 nimbus-eth1-mainnet-long-benchmark[1140193]: INF 2026-08-07 07:46:53.544+00:00 Imported blocks                            blockNumber=11296769 slot=1 blocks=11296768 txs=908853868 mgas=56351959 bps=56.64 tps=10169 mgps=689.9 avgBps=167.0 avgTps=13434 avgMGps=833.0 elapsed=18h47m29s
Aug 07 07:49:18 nimbus-eth1-mainnet-long-benchmark[1140193]: INF 2026-08-07 07:49:18.409+00:00 Imported blocks                            blockNumber=11304961 slot=1 blocks=11304960 txs=910283917 mgas=56451646 bps=56.55 tps=9871 mgps=688.1 avgBps=166.8 avgTps=13427 avgMGps=832.7 elapsed=18h49m54s
Aug 07 07:51:43 nimbus-eth1-mainnet-long-benchmark[1140193]: INF 2026-08-07 07:51:43.055+00:00 Imported blocks                            blockNumber=11313153 slot=1 blocks=11313152 txs=911737756 mgas=56551313 bps=56.63 tps=10051 mgps=689.0 avgBps=166.5 avgTps=13419 avgMGps=832.4 elapsed=18h52m19s
Aug 07 07:54:05 nimbus-eth1-mainnet-long-benchmark[1140193]: INF 2026-08-07 07:54:05.709+00:00 Imported blocks                            blockNumber=11321345 slot=1 blocks=11321344 txs=913333512 mgas=56651047 bps=57.43 tps=11186 mgps=699.1 avgBps=166.3 avgTps=13415 avgMGps=832.1 elapsed=18h54m41s
Aug 07 07:56:28 nimbus-eth1-mainnet-long-benchmark[1140193]: INF 2026-08-07 07:56:28.939+00:00 Imported blocks                            blockNumber=11329537 slot=1 blocks=11329536 txs=914861548 mgas=56750835 bps=57.19 tps=10668 mgps=696.7 avgBps=166.1 avgTps=13409 avgMGps=831.8 elapsed=18h57m5s
Aug 07 07:58:53 nimbus-eth1-mainnet-long-benchmark[1140193]: INF 2026-08-07 07:58:53.180+00:00 Imported blocks                            blockNumber=11337729 slot=1 blocks=11337728 txs=916306605 mgas=56850378 bps=56.79 tps=10018 mgps=690.1 avgBps=165.8 avgTps=13402 avgMGps=831.5 elapsed=18h59m29s
Aug 07 08:01:15 nimbus-eth1-mainnet-long-benchmark[1140193]: INF 2026-08-07 08:01:15.702+00:00 Imported blocks                            blockNumber=11345921 slot=1 blocks=11345920 txs=917665904 mgas=56950452 bps=57.48 tps=9537 mgps=702.2 avgBps=165.6 avgTps=13394 avgMGps=831.3 elapsed=19h1m51s
Aug 07 08:03:36 nimbus-eth1-mainnet-long-benchmark[1140193]: INF 2026-08-07 08:03:36.520+00:00 Imported blocks                            blockNumber=11354113 slot=1 blocks=11354112 txs=918880331 mgas=57050238 bps=58.17 tps=8623 mgps=708.6 avgBps=165.4 avgTps=13384 avgMGps=831.0 elapsed=19h4m12s
Aug 07 08:06:03 nimbus-eth1-mainnet-long-benchmark[1140193]: INF 2026-08-07 08:06:03.333+00:00 Imported blocks                            blockNumber=11362305 slot=1 blocks=11362304 txs=920328870 mgas=57150115 bps=55.80 tps=9866 mgps=680.3 avgBps=165.2 avgTps=13376 avgMGps=830.7 elapsed=19h6m39s
Aug 07 08:08:30 nimbus-eth1-mainnet-long-benchmark[1140193]: INF 2026-08-07 08:08:30.699+00:00 Imported blocks                            blockNumber=11370497 slot=1 blocks=11370496 txs=921772312 mgas=57250021 bps=55.59 tps=9794 mgps=677.9 avgBps=164.9 avgTps=13369 avgMGps=830.4 elapsed=19h9m6s
Aug 07 08:10:55 nimbus-eth1-mainnet-long-benchmark[1140193]: INF 2026-08-07 08:10:55.081+00:00 Imported blocks                            blockNumber=11378689 slot=1 blocks=11378688 txs=923145258 mgas=57349515 bps=56.74 tps=9509 mgps=689.1 avgBps=164.7 avgTps=13361 avgMGps=830.1 elapsed=19h11m31s
Aug 07 08:13:21 nimbus-eth1-mainnet-long-benchmark[1140193]: INF 2026-08-07 08:13:21.038+00:00 Imported blocks                            blockNumber=11386881 slot=1 blocks=11386880 txs=924605974 mgas=57449435 bps=56.13 tps=10008 mgps=684.6 avgBps=164.5 avgTps=13354 avgMGps=829.7 elapsed=19h13m57s
Aug 07 08:15:46 nimbus-eth1-mainnet-long-benchmark[1140193]: INF 2026-08-07 08:15:46.324+00:00 Imported blocks                            blockNumber=11395073 slot=1 blocks=11395072 txs=925930845 mgas=57549237 bps=56.38 tps=9118 mgps=686.9 avgBps=164.2 avgTps=13345 avgMGps=829.4 elapsed=19h16m22s
Aug 07 08:18:08 nimbus-eth1-mainnet-long-benchmark[1140193]: INF 2026-08-07 08:18:08.434+00:00 Imported blocks                            blockNumber=11403265 slot=1 blocks=11403264 txs=927225489 mgas=57648989 bps=57.65 tps=9110 mgps=701.9 avgBps=164.0 avgTps=13336 avgMGps=829.2 elapsed=19h18m44s
Aug 07 08:20:31 nimbus-eth1-mainnet-long-benchmark[1140193]: INF 2026-08-07 08:20:31.368+00:00 Imported blocks                            blockNumber=11411457 slot=1 blocks=11411456 txs=928652652 mgas=57748925 bps=57.31 tps=9984 mgps=699.2 avgBps=163.8 avgTps=13329 avgMGps=828.9 elapsed=19h21m7s
Aug 07 08:22:56 nimbus-eth1-mainnet-long-benchmark[1140193]: INF 2026-08-07 08:22:56.593+00:00 Imported blocks                            blockNumber=11419649 slot=1 blocks=11419648 txs=930123591 mgas=57848826 bps=56.41 tps=10128 mgps=687.9 avgBps=163.6 avgTps=13323 avgMGps=828.6 elapsed=19h23m32s
Aug 07 08:25:20 nimbus-eth1-mainnet-long-benchmark[1140193]: INF 2026-08-07 08:25:20.355+00:00 Imported blocks                            blockNumber=11427841 slot=1 blocks=11427840 txs=931498085 mgas=57948784 bps=56.98 tps=9560 mgps=695.3 avgBps=163.4 avgTps=13315 avgMGps=828.4 elapsed=19h25m56s
Aug 07 08:27:41 nimbus-eth1-mainnet-long-benchmark[1140193]: INF 2026-08-07 08:27:41.489+00:00 Imported blocks                            blockNumber=11436033 slot=1 blocks=11436032 txs=932910947 mgas=58049014 bps=58.04 tps=10010 mgps=710.2 avgBps=163.1 avgTps=13308 avgMGps=828.1 elapsed=19h28m17s
Aug 07 08:30:01 nimbus-eth1-mainnet-long-benchmark[1140193]: INF 2026-08-07 08:30:01.959+00:00 Imported blocks                            blockNumber=11444225 slot=1 blocks=11444224 txs=934285196 mgas=58149068 bps=58.32 tps=9783 mgps=712.3 avgBps=162.9 avgTps=13301 avgMGps=827.9 elapsed=19h30m38s
Aug 07 08:32:26 nimbus-eth1-mainnet-long-benchmark[1140193]: INF 2026-08-07 08:32:26.504+00:00 Imported blocks                            blockNumber=11452417 slot=1 blocks=11452416 txs=935856415 mgas=58248908 bps=56.67 tps=10869 mgps=690.7 avgBps=162.7 avgTps=13296 avgMGps=827.6 elapsed=19h33m2s
Aug 07 08:34:49 nimbus-eth1-mainnet-long-benchmark[1140193]: INF 2026-08-07 08:34:49.778+00:00 Imported blocks                            blockNumber=11460609 slot=1 blocks=11460608 txs=937352294 mgas=58348919 bps=57.18 tps=10440 mgps=698.1 avgBps=162.5 avgTps=13290 avgMGps=827.3 elapsed=19h35m25s
Aug 07 08:37:15 nimbus-eth1-mainnet-long-benchmark[1140193]: INF 2026-08-07 08:37:15.476+00:00 Imported blocks                            blockNumber=11468801 slot=1 blocks=11468800 txs=938956713 mgas=58449035 bps=56.22 tps=11011 mgps=687.1 avgBps=162.3 avgTps=13286 avgMGps=827.1 elapsed=19h37m51s
Aug 07 08:39:39 nimbus-eth1-mainnet-long-benchmark[1140193]: INF 2026-08-07 08:39:39.745+00:00 Imported blocks                            blockNumber=11476993 slot=1 blocks=11476992 txs=940589831 mgas=58548856 bps=56.78 tps=11320 mgps=691.9 avgBps=162.1 avgTps=13282 avgMGps=826.8 elapsed=19h40m15s
Aug 07 08:42:10 nimbus-eth1-mainnet-long-benchmark[1140193]: INF 2026-08-07 08:42:10.835+00:00 Imported blocks                            blockNumber=11485185 slot=1 blocks=11485184 txs=942094293 mgas=58648792 bps=54.22 tps=9957 mgps=661.4 avgBps=161.8 avgTps=13275 avgMGps=826.4 elapsed=19h42m46s
Aug 07 08:44:40 nimbus-eth1-mainnet-long-benchmark[1140193]: INF 2026-08-07 08:44:40.681+00:00 Imported blocks                            blockNumber=11493377 slot=1 blocks=11493376 txs=943411990 mgas=58749292 bps=54.67 tps=8793 mgps=670.7 avgBps=161.6 avgTps=13265 avgMGps=826.1 elapsed=19h45m16s
Aug 07 08:47:05 nimbus-eth1-mainnet-long-benchmark[1140193]: INF 2026-08-07 08:47:05.590+00:00 Imported blocks                            blockNumber=11501569 slot=1 blocks=11501568 txs=944868014 mgas=58849466 bps=56.53 tps=10047 mgps=691.3 avgBps=161.4 avgTps=13259 avgMGps=825.8 elapsed=19h47m41s
Aug 07 08:49:27 nimbus-eth1-mainnet-long-benchmark[1140193]: INF 2026-08-07 08:49:27.452+00:00 Imported blocks                            blockNumber=11509761 slot=1 blocks=11509760 txs=946381337 mgas=58949472 bps=57.75 tps=10667 mgps=704.9 avgBps=161.2 avgTps=13253 avgMGps=825.6 elapsed=19h50m3s
Aug 07 08:51:54 nimbus-eth1-mainnet-long-benchmark[1140193]: INF 2026-08-07 08:51:54.394+00:00 Imported blocks                            blockNumber=11517953 slot=1 blocks=11517952 txs=947900944 mgas=59049424 bps=55.75 tps=10341 mgps=680.2 avgBps=161.0 avgTps=13247 avgMGps=825.3 elapsed=19h52m30s
Aug 07 08:54:20 nimbus-eth1-mainnet-long-benchmark[1140193]: INF 2026-08-07 08:54:20.115+00:00 Imported blocks                            blockNumber=11526145 slot=1 blocks=11526144 txs=949284350 mgas=59149231 bps=56.22 tps=9493 mgps=684.9 avgBps=160.8 avgTps=13240 avgMGps=825.0 elapsed=19h54m56s
Aug 07 08:56:51 nimbus-eth1-mainnet-long-benchmark[1140193]: INF 2026-08-07 08:56:51.009+00:00 Imported blocks                            blockNumber=11534337 slot=1 blocks=11534336 txs=950707003 mgas=59249292 bps=54.29 tps=9428 mgps=663.1 avgBps=160.5 avgTps=13232 avgMGps=824.7 elapsed=19h57m27s
Aug 07 08:59:20 nimbus-eth1-mainnet-long-benchmark[1140193]: INF 2026-08-07 08:59:20.875+00:00 Imported blocks                            blockNumber=11542529 slot=1 blocks=11542528 txs=952252480 mgas=59349223 bps=54.66 tps=10312 mgps=666.8 avgBps=160.3 avgTps=13226 avgMGps=824.3 elapsed=19h59m56s
Aug 07 09:01:48 nimbus-eth1-mainnet-long-benchmark[1140193]: INF 2026-08-07 09:01:48.360+00:00 Imported blocks                            blockNumber=11550721 slot=1 blocks=11550720 txs=953811012 mgas=59449465 bps=55.54 tps=10567 mgps=679.7 avgBps=160.1 avgTps=13220 avgMGps=824.0 elapsed=20h2m24s
Aug 07 09:04:12 nimbus-eth1-mainnet-long-benchmark[1140193]: INF 2026-08-07 09:04:12.254+00:00 Imported blocks                            blockNumber=11558913 slot=1 blocks=11558912 txs=955315448 mgas=59549227 bps=56.93 tps=10455 mgps=693.3 avgBps=159.9 avgTps=13215 avgMGps=823.8 elapsed=20h4m48s
Aug 07 09:06:39 nimbus-eth1-mainnet-long-benchmark[1140193]: INF 2026-08-07 09:06:39.892+00:00 Imported blocks                            blockNumber=11567105 slot=1 blocks=11567104 txs=956772618 mgas=59649065 bps=55.49 tps=9869 mgps=676.2 avgBps=159.7 avgTps=13208 avgMGps=823.5 elapsed=20h7m15s
Aug 07 09:09:11 nimbus-eth1-mainnet-long-benchmark[1140193]: INF 2026-08-07 09:09:11.225+00:00 Imported blocks                            blockNumber=11575297 slot=1 blocks=11575296 txs=958194474 mgas=59749425 bps=54.13 tps=9395 mgps=663.2 avgBps=159.5 avgTps=13200 avgMGps=823.1 elapsed=20h9m47s
Aug 07 09:11:41 nimbus-eth1-mainnet-long-benchmark[1140193]: INF 2026-08-07 09:11:41.739+00:00 Imported blocks                            blockNumber=11583489 slot=1 blocks=11583488 txs=959750196 mgas=59849569 bps=54.43 tps=10335 mgps=665.3 avgBps=159.2 avgTps=13194 avgMGps=822.8 elapsed=20h12m17s
Aug 07 09:14:12 nimbus-eth1-mainnet-long-benchmark[1140193]: INF 2026-08-07 09:14:12.729+00:00 Imported blocks                            blockNumber=11591681 slot=1 blocks=11591680 txs=961324874 mgas=59949469 bps=54.26 tps=10429 mgps=661.7 avgBps=159.0 avgTps=13188 avgMGps=822.5 elapsed=20h14m48s
Aug 07 09:16:40 nimbus-eth1-mainnet-long-benchmark[1140193]: INF 2026-08-07 09:16:40.898+00:00 Imported blocks                            blockNumber=11599873 slot=1 blocks=11599872 txs=962919439 mgas=60049518 bps=55.29 tps=10761 mgps=675.2 avgBps=158.8 avgTps=13183 avgMGps=822.2 elapsed=20h17m16s
Aug 07 09:19:16 nimbus-eth1-mainnet-long-benchmark[1140193]: INF 2026-08-07 09:19:16.164+00:00 Imported blocks                            blockNumber=11608065 slot=1 blocks=11608064 txs=964578479 mgas=60149848 bps=52.76 tps=10684 mgps=646.2 avgBps=158.6 avgTps=13178 avgMGps=821.8 elapsed=20h19m52s
Aug 07 09:21:45 nimbus-eth1-mainnet-long-benchmark[1140193]: INF 2026-08-07 09:21:45.757+00:00 Imported blocks                            blockNumber=11616257 slot=1 blocks=11616256 txs=966195922 mgas=60250068 bps=54.76 tps=10812 mgps=670.0 avgBps=158.4 avgTps=13173 avgMGps=821.5 elapsed=20h22m21s
Aug 07 09:24:16 nimbus-eth1-mainnet-long-benchmark[1140193]: INF 2026-08-07 09:24:16.903+00:00 Imported blocks                            blockNumber=11624449 slot=1 blocks=11624448 txs=967728545 mgas=60350148 bps=54.20 tps=10139 mgps=662.1 avgBps=158.2 avgTps=13167 avgMGps=821.2 elapsed=20h24m53s
Aug 07 09:26:47 nimbus-eth1-mainnet-long-benchmark[1140193]: INF 2026-08-07 09:26:47.353+00:00 Imported blocks                            blockNumber=11632641 slot=1 blocks=11632640 txs=969270906 mgas=60450186 bps=54.45 tps=10251 mgps=664.9 avgBps=158.0 avgTps=13161 avgMGps=820.8 elapsed=20h27m23s
Aug 07 09:29:14 nimbus-eth1-mainnet-long-benchmark[1140193]: INF 2026-08-07 09:29:14.694+00:00 Imported blocks                            blockNumber=11640833 slot=1 blocks=11640832 txs=970842767 mgas=60550495 bps=55.60 tps=10668 mgps=680.8 avgBps=157.8 avgTps=13156 avgMGps=820.6 elapsed=20h29m50s
Aug 07 09:31:43 nimbus-eth1-mainnet-long-benchmark[1140193]: INF 2026-08-07 09:31:43.884+00:00 Imported blocks                            blockNumber=11649025 slot=1 blocks=11649024 txs=972238488 mgas=60650873 bps=54.91 tps=9355 mgps=672.8 avgBps=157.5 avgTps=13149 avgMGps=820.3 elapsed=20h32m19s
Aug 07 09:34:15 nimbus-eth1-mainnet-long-benchmark[1140193]: INF 2026-08-07 09:34:15.545+00:00 Imported blocks                            blockNumber=11657217 slot=1 blocks=11657216 txs=973728709 mgas=60751099 bps=54.02 tps=9825 mgps=660.9 avgBps=157.3 avgTps=13142 avgMGps=819.9 elapsed=20h34m51s
Aug 07 09:36:42 nimbus-eth1-mainnet-long-benchmark[1140193]: INF 2026-08-07 09:36:42.111+00:00 Imported blocks                            blockNumber=11665409 slot=1 blocks=11665408 txs=975242448 mgas=60851085 bps=55.89 tps=10327 mgps=682.2 avgBps=157.1 avgTps=13136 avgMGps=819.7 elapsed=20h37m18s
Aug 07 09:39:06 nimbus-eth1-mainnet-long-benchmark[1140193]: INF 2026-08-07 09:39:06.761+00:00 Imported blocks                            blockNumber=11673601 slot=1 blocks=11673600 txs=976729163 mgas=60951050 bps=56.63 tps=10278 mgps=691.1 avgBps=156.9 avgTps=13131 avgMGps=819.4 elapsed=20h39m42s
Aug 07 09:41:36 nimbus-eth1-mainnet-long-benchmark[1140193]: INF 2026-08-07 09:41:36.934+00:00 Imported blocks                            blockNumber=11681793 slot=1 blocks=11681792 txs=978226542 mgas=61050547 bps=54.55 tps=9970 mgps=662.5 avgBps=156.7 avgTps=13124 avgMGps=819.1 elapsed=20h42m13s
Aug 07 09:44:01 nimbus-eth1-mainnet-long-benchmark[1140193]: INF 2026-08-07 09:44:01.484+00:00 Imported blocks                            blockNumber=11689985 slot=1 blocks=11689984 txs=979782217 mgas=61150131 bps=56.67 tps=10762 mgps=688.9 avgBps=156.5 avgTps=13120 avgMGps=818.9 elapsed=20h44m37s
Aug 07 09:46:24 nimbus-eth1-mainnet-long-benchmark[1140193]: INF 2026-08-07 09:46:24.486+00:00 Imported blocks                            blockNumber=11698177 slot=1 blocks=11698176 txs=981308642 mgas=61250106 bps=57.29 tps=10674 mgps=699.1 avgBps=156.3 avgTps=13115 avgMGps=818.6 elapsed=20h47m587ms
Aug 07 09:49:43 nimbus-eth1-mainnet-long-benchmark[1140193]: INF 2026-08-07 09:49:43.099+00:00 Imported blocks                            blockNumber=11706369 slot=1 blocks=11706368 txs=982815527 mgas=61350312 bps=41.25 tps=7587 mgps=504.5 avgBps=156.0 avgTps=13100 avgMGps=817.8 elapsed=20h50m19s
Aug 07 09:53:05 nimbus-eth1-mainnet-long-benchmark[1140193]: INF 2026-08-07 09:53:05.499+00:00 Imported blocks                            blockNumber=11714561 slot=1 blocks=11714560 txs=984232667 mgas=61450389 bps=40.47 tps=7001 mgps=494.4 avgBps=155.7 avgTps=13084 avgMGps=816.9 elapsed=20h53m41s
Aug 07 09:56:01 nimbus-eth1-mainnet-long-benchmark[1140193]: INF 2026-08-07 09:56:01.041+00:00 Imported blocks                            blockNumber=11722753 slot=1 blocks=11722752 txs=985651994 mgas=61550574 bps=46.67 tps=8085 mgps=570.7 avgBps=155.5 avgTps=13072 avgMGps=816.4 elapsed=20h56m37s
Aug 07 09:58:33 nimbus-eth1-mainnet-long-benchmark[1140193]: INF 2026-08-07 09:58:33.210+00:00 Imported blocks                            blockNumber=11730945 slot=1 blocks=11730944 txs=987187320 mgas=61650327 bps=53.84 tps=10089 mgps=655.6 avgBps=155.3 avgTps=13066 avgMGps=816.0 elapsed=20h59m9s
Aug 07 10:00:59 nimbus-eth1-mainnet-long-benchmark[1140193]: INF 2026-08-07 10:00:59.488+00:00 Imported blocks                            blockNumber=11739137 slot=1 blocks=11739136 txs=988662670 mgas=61750448 bps=56.00 tps=10085 mgps=684.4 avgBps=155.1 avgTps=13061 avgMGps=815.8 elapsed=21h1m35s
Aug 07 10:03:26 nimbus-eth1-mainnet-long-benchmark[1140193]: INF 2026-08-07 10:03:26.009+00:00 Imported blocks                            blockNumber=11747329 slot=1 blocks=11747328 txs=990124985 mgas=61850558 bps=55.91 tps=9980 mgps=683.3 avgBps=154.9 avgTps=13055 avgMGps=815.5 elapsed=21h4m2s
Aug 07 10:05:52 nimbus-eth1-mainnet-long-benchmark[1140193]: INF 2026-08-07 10:05:52.099+00:00 Imported blocks                            blockNumber=11755521 slot=1 blocks=11755520 txs=991732969 mgas=61950777 bps=56.07 tps=11006 mgps=686.0 avgBps=154.7 avgTps=13051 avgMGps=815.3 elapsed=21h6m28s
Aug 07 10:08:15 nimbus-eth1-mainnet-long-benchmark[1140193]: INF 2026-08-07 10:08:15.965+00:00 Imported blocks                            blockNumber=11763713 slot=1 blocks=11763712 txs=993294061 mgas=62050868 bps=56.94 tps=10851 mgps=695.7 avgBps=154.5 avgTps=13046 avgMGps=815.0 elapsed=21h8m52s
Aug 07 10:10:36 nimbus-eth1-mainnet-long-benchmark[1140193]: INF 2026-08-07 10:10:36.251+00:00 Imported blocks                            blockNumber=11771905 slot=1 blocks=11771904 txs=994928426 mgas=62150843 bps=58.40 tps=11650 mgps=712.7 avgBps=154.3 avgTps=13044 avgMGps=814.9 elapsed=21h11m12s
Aug 07 10:13:04 nimbus-eth1-mainnet-long-benchmark[1140193]: INF 2026-08-07 10:13:04.048+00:00 Imported blocks                            blockNumber=11780097 slot=1 blocks=11780096 txs=996539889 mgas=62250996 bps=55.43 tps=10902 mgps=677.6 avgBps=154.1 avgTps=13040 avgMGps=814.6 elapsed=21h13m40s
Aug 07 10:15:27 nimbus-eth1-mainnet-long-benchmark[1140193]: INF 2026-08-07 10:15:27.250+00:00 Imported blocks                            blockNumber=11788289 slot=1 blocks=11788288 txs=998199377 mgas=62351047 bps=57.21 tps=11588 mgps=698.7 avgBps=154.0 avgTps=13037 avgMGps=814.4 elapsed=21h16m3s
Aug 07 10:17:48 nimbus-eth1-mainnet-long-benchmark[1140193]: INF 2026-08-07 10:17:48.460+00:00 Imported blocks                            blockNumber=11796481 slot=1 blocks=11796480 txs=999865151 mgas=62451024 bps=58.01 tps=11796 mgps=708.0 avgBps=153.8 avgTps=13035 avgMGps=814.2 elapsed=21h18m24s
Aug 07 10:20:09 nimbus-eth1-mainnet-long-benchmark[1140193]: INF 2026-08-07 10:20:09.293+00:00 Imported blocks                            blockNumber=11804673 slot=1 blocks=11804672 txs=1001460496 mgas=62551010 bps=58.17 tps=11328 mgps=710.0 avgBps=153.6 avgTps=13032 avgMGps=814.0 elapsed=21h20m45s
Aug 07 10:22:33 nimbus-eth1-mainnet-long-benchmark[1140193]: INF 2026-08-07 10:22:33.599+00:00 Imported blocks                            blockNumber=11812865 slot=1 blocks=11812864 txs=1002984542 mgas=62650739 bps=56.77 tps=10561 mgps=691.1 avgBps=153.4 avgTps=13027 avgMGps=813.8 elapsed=21h23m9s
Aug 07 10:25:01 nimbus-eth1-mainnet-long-benchmark[1140193]: INF 2026-08-07 10:25:01.561+00:00 Imported blocks                            blockNumber=11821057 slot=1 blocks=11821056 txs=1004625755 mgas=62750904 bps=55.37 tps=11092 mgps=677.0 avgBps=153.2 avgTps=13023 avgMGps=813.5 elapsed=21h25m37s
Aug 07 10:27:25 nimbus-eth1-mainnet-long-benchmark[1140193]: INF 2026-08-07 10:27:25.059+00:00 Imported blocks                            blockNumber=11829249 slot=1 blocks=11829248 txs=1006305786 mgas=62850813 bps=57.09 tps=11707 mgps=696.3 avgBps=153.1 avgTps=13021 avgMGps=813.3 elapsed=21h28m1s
Aug 07 10:29:50 nimbus-eth1-mainnet-long-benchmark[1140193]: INF 2026-08-07 10:29:50.020+00:00 Imported blocks                            blockNumber=11837441 slot=1 blocks=11837440 txs=1007918111 mgas=62950694 bps=56.51 tps=11122 mgps=689.0 avgBps=152.9 avgTps=13017 avgMGps=813.0 elapsed=21h30m26s
Aug 07 10:32:16 nimbus-eth1-mainnet-long-benchmark[1140193]: INF 2026-08-07 10:32:16.474+00:00 Imported blocks                            blockNumber=11845633 slot=1 blocks=11845632 txs=1009532362 mgas=63050665 bps=55.94 tps=11022 mgps=682.6 avgBps=152.7 avgTps=13014 avgMGps=812.8 elapsed=21h32m52s
Aug 07 10:34:41 nimbus-eth1-mainnet-long-benchmark[1140193]: INF 2026-08-07 10:34:41.600+00:00 Imported blocks                            blockNumber=11853825 slot=1 blocks=11853824 txs=1011088639 mgas=63150643 bps=56.45 tps=10723 mgps=688.9 avgBps=152.5 avgTps=13009 avgMGps=812.6 elapsed=21h35m17s
Aug 07 10:37:08 nimbus-eth1-mainnet-long-benchmark[1140193]: INF 2026-08-07 10:37:08.581+00:00 Imported blocks                            blockNumber=11862017 slot=1 blocks=11862016 txs=1012601593 mgas=63250661 bps=55.74 tps=10293 mgps=680.5 avgBps=152.3 avgTps=13004 avgMGps=812.3 elapsed=21h37m44s
Aug 07 10:39:33 nimbus-eth1-mainnet-long-benchmark[1140193]: INF 2026-08-07 10:39:33.895+00:00 Imported blocks                            blockNumber=11870209 slot=1 blocks=11870208 txs=1014150630 mgas=63350547 bps=56.37 tps=10659 mgps=687.4 avgBps=152.2 avgTps=13000 avgMGps=812.1 elapsed=21h40m9s
Aug 07 10:42:00 nimbus-eth1-mainnet-long-benchmark[1140193]: INF 2026-08-07 10:42:00.353+00:00 Imported blocks                            blockNumber=11878401 slot=1 blocks=11878400 txs=1015722058 mgas=63450711 bps=55.93 tps=10729 mgps=683.9 avgBps=152.0 avgTps=12996 avgMGps=811.8 elapsed=21h42m36s
Aug 07 10:44:24 nimbus-eth1-mainnet-long-benchmark[1140193]: INF 2026-08-07 10:44:24.754+00:00 Imported blocks                            blockNumber=11886593 slot=1 blocks=11886592 txs=1017390363 mgas=63551023 bps=56.73 tps=11553 mgps=694.7 avgBps=151.8 avgTps=12993 avgMGps=811.6 elapsed=21h45m855ms
Aug 07 10:46:51 nimbus-eth1-mainnet-long-benchmark[1140193]: INF 2026-08-07 10:46:51.464+00:00 Imported blocks                            blockNumber=11894785 slot=1 blocks=11894784 txs=1019072428 mgas=63651049 bps=55.84 tps=11464 mgps=681.8 avgBps=151.6 avgTps=12990 avgMGps=811.4 elapsed=21h47m27s
Aug 07 10:49:19 nimbus-eth1-mainnet-long-benchmark[1140193]: INF 2026-08-07 10:49:19.566+00:00 Imported blocks                            blockNumber=11902977 slot=1 blocks=11902976 txs=1020642738 mgas=63751161 bps=55.31 tps=10603 mgps=676.0 avgBps=151.4 avgTps=12985 avgMGps=811.1 elapsed=21h49m55s
Aug 07 10:51:47 nimbus-eth1-mainnet-long-benchmark[1140193]: INF 2026-08-07 10:51:47.475+00:00 Imported blocks                            blockNumber=11911169 slot=1 blocks=11911168 txs=1022287671 mgas=63851316 bps=55.38 tps=11121 mgps=677.1 avgBps=151.3 avgTps=12982 avgMGps=810.9 elapsed=21h52m23s
Aug 07 10:54:14 nimbus-eth1-mainnet-long-benchmark[1140193]: INF 2026-08-07 10:54:14.885+00:00 Imported blocks                            blockNumber=11919361 slot=1 blocks=11919360 txs=1023944492 mgas=63951523 bps=55.57 tps=11239 mgps=679.8 avgBps=151.1 avgTps=12979 avgMGps=810.6 elapsed=21h54m50s
Aug 07 10:56:41 nimbus-eth1-mainnet-long-benchmark[1140193]: INF 2026-08-07 10:56:41.023+00:00 Imported blocks                            blockNumber=11927553 slot=1 blocks=11927552 txs=1025526985 mgas=64051650 bps=56.06 tps=10828 mgps=685.1 avgBps=150.9 avgTps=12975 avgMGps=810.4 elapsed=21h57m17s
Aug 07 10:59:10 nimbus-eth1-mainnet-long-benchmark[1140193]: INF 2026-08-07 10:59:10.080+00:00 Imported blocks                            blockNumber=11935745 slot=1 blocks=11935744 txs=1027048460 mgas=64151817 bps=54.96 tps=10207 mgps=672.0 avgBps=150.7 avgTps=12970 avgMGps=810.1 elapsed=21h59m46s
Aug 07 11:01:44 nimbus-eth1-mainnet-long-benchmark[1140193]: INF 2026-08-07 11:01:44.734+00:00 Imported blocks                            blockNumber=11943937 slot=1 blocks=11943936 txs=1028570143 mgas=64252205 bps=52.97 tps=9839 mgps=649.1 avgBps=150.5 avgTps=12963 avgMGps=809.8 elapsed=22h2m20s
Aug 07 11:04:23 nimbus-eth1-mainnet-long-benchmark[1140193]: INF 2026-08-07 11:04:23.267+00:00 Imported blocks                            blockNumber=11952129 slot=1 blocks=11952128 txs=1030059442 mgas=64352172 bps=51.67 tps=9394 mgps=630.6 avgBps=150.3 avgTps=12956 avgMGps=809.5 elapsed=22h4m59s
Aug 07 11:06:56 nimbus-eth1-mainnet-long-benchmark[1140193]: INF 2026-08-07 11:06:56.441+00:00 Imported blocks                            blockNumber=11960321 slot=1 blocks=11960320 txs=1031604077 mgas=64452459 bps=53.48 tps=10084 mgps=654.7 avgBps=150.2 avgTps=12951 avgMGps=809.2 elapsed=22h7m32s
Aug 07 11:09:30 nimbus-eth1-mainnet-long-benchmark[1140193]: INF 2026-08-07 11:09:30.263+00:00 Imported blocks                            blockNumber=11968513 slot=1 blocks=11968512 txs=1033165529 mgas=64552822 bps=53.26 tps=10151 mgps=652.5 avgBps=150.0 avgTps=12945 avgMGps=808.9 elapsed=22h10m6s
Aug 07 11:12:04 nimbus-eth1-mainnet-long-benchmark[1140193]: INF 2026-08-07 11:12:04.296+00:00 Imported blocks                            blockNumber=11976705 slot=1 blocks=11976704 txs=1034713496 mgas=64652629 bps=53.18 tps=10049 mgps=647.9 avgBps=149.8 avgTps=12940 avgMGps=808.6 elapsed=22h12m40s
Aug 07 11:14:33 nimbus-eth1-mainnet-long-benchmark[1140193]: INF 2026-08-07 11:14:33.418+00:00 Imported blocks                            blockNumber=11984897 slot=1 blocks=11984896 txs=1036198659 mgas=64753053 bps=54.93 tps=9959 mgps=673.4 avgBps=149.6 avgTps=12934 avgMGps=808.3 elapsed=22h15m9s
Aug 07 11:17:01 nimbus-eth1-mainnet-long-benchmark[1140193]: INF 2026-08-07 11:17:01.819+00:00 Imported blocks                            blockNumber=11993089 slot=1 blocks=11993088 txs=1037690161 mgas=64853607 bps=55.20 tps=10050 mgps=677.6 avgBps=149.4 avgTps=12929 avgMGps=808.1 elapsed=22h17m37s
Aug 07 11:19:29 nimbus-eth1-mainnet-long-benchmark[1140193]: INF 2026-08-07 11:19:29.329+00:00 Imported blocks                            blockNumber=12001281 slot=1 blocks=12001280 txs=1039201758 mgas=64954108 bps=55.54 tps=10247 mgps=681.3 avgBps=149.3 avgTps=12924 avgMGps=807.8 elapsed=22h20m5s
Aug 07 11:22:00 nimbus-eth1-mainnet-long-benchmark[1140193]: INF 2026-08-07 11:22:00.903+00:00 Imported blocks                            blockNumber=12009473 slot=1 blocks=12009472 txs=1040814887 mgas=65054498 bps=54.05 tps=10642 mgps=662.3 avgBps=149.1 avgTps=12920 avgMGps=807.6 elapsed=22h22m37s
Aug 07 11:24:30 nimbus-eth1-mainnet-long-benchmark[1140193]: INF 2026-08-07 11:24:30.380+00:00 Imported blocks                            blockNumber=12017665 slot=1 blocks=12017664 txs=1042433026 mgas=65154680 bps=54.80 tps=10825 mgps=670.2 avgBps=148.9 avgTps=12916 avgMGps=807.3 elapsed=22h25m6s
Aug 07 11:26:56 nimbus-eth1-mainnet-long-benchmark[1140193]: INF 2026-08-07 11:26:56.594+00:00 Imported blocks                            blockNumber=12025857 slot=1 blocks=12025856 txs=1044103257 mgas=65255474 bps=56.03 tps=11423 mgps=689.4 avgBps=148.7 avgTps=12913 avgMGps=807.1 elapsed=22h27m32s
Aug 07 11:29:26 nimbus-eth1-mainnet-long-benchmark[1140193]: INF 2026-08-07 11:29:26.080+00:00 Imported blocks                            blockNumber=12034049 slot=1 blocks=12034048 txs=1045721436 mgas=65356448 bps=54.80 tps=10824 mgps=675.5 avgBps=148.6 avgTps=12909 avgMGps=806.8 elapsed=22h30m2s
Aug 07 11:31:56 nimbus-eth1-mainnet-long-benchmark[1140193]: INF 2026-08-07 11:31:56.177+00:00 Imported blocks                            blockNumber=12042241 slot=1 blocks=12042240 txs=1047357726 mgas=65457074 bps=54.58 tps=10901 mgps=670.4 avgBps=148.4 avgTps=12906 avgMGps=806.6 elapsed=22h32m32s
Aug 07 11:34:23 nimbus-eth1-mainnet-long-benchmark[1140193]: INF 2026-08-07 11:34:23.283+00:00 Imported blocks                            blockNumber=12050433 slot=1 blocks=12050432 txs=1049021771 mgas=65557866 bps=55.69 tps=11311 mgps=685.1 avgBps=148.2 avgTps=12903 avgMGps=806.4 elapsed=22h34m59s
Aug 07 11:36:48 nimbus-eth1-mainnet-long-benchmark[1140193]: INF 2026-08-07 11:36:48.389+00:00 Imported blocks                            blockNumber=12058625 slot=1 blocks=12058624 txs=1050636154 mgas=65658476 bps=56.46 tps=11125 mgps=693.4 avgBps=148.1 avgTps=12900 avgMGps=806.2 elapsed=22h37m24s
Aug 07 11:39:13 nimbus-eth1-mainnet-long-benchmark[1140193]: INF 2026-08-07 11:39:13.662+00:00 Imported blocks                            blockNumber=12066817 slot=1 blocks=12066816 txs=1052262690 mgas=65759029 bps=56.39 tps=11196 mgps=692.2 avgBps=147.9 avgTps=12896 avgMGps=806.0 elapsed=22h39m49s
Aug 07 11:41:44 nimbus-eth1-mainnet-long-benchmark[1140193]: INF 2026-08-07 11:41:44.576+00:00 Imported blocks                            blockNumber=12075009 slot=1 blocks=12075008 txs=1053889825 mgas=65859693 bps=54.28 tps=10781 mgps=667.0 avgBps=147.7 avgTps=12893 avgMGps=805.7 elapsed=22h42m20s
Aug 07 11:44:14 nimbus-eth1-mainnet-long-benchmark[1140193]: INF 2026-08-07 11:44:14.538+00:00 Imported blocks                            blockNumber=12083201 slot=1 blocks=12083200 txs=1055427916 mgas=65960533 bps=54.63 tps=10256 mgps=672.4 avgBps=147.6 avgTps=12888 avgMGps=805.5 elapsed=22h44m50s
Aug 07 11:46:39 nimbus-eth1-mainnet-long-benchmark[1140193]: INF 2026-08-07 11:46:39.623+00:00 Imported blocks                            blockNumber=12091393 slot=1 blocks=12091392 txs=1057058471 mgas=66061286 bps=56.46 tps=11238 mgps=694.4 avgBps=147.4 avgTps=12885 avgMGps=805.3 elapsed=22h47m15s
Aug 07 11:49:09 nimbus-eth1-mainnet-long-benchmark[1140193]: INF 2026-08-07 11:49:09.569+00:00 Imported blocks                            blockNumber=12099585 slot=1 blocks=12099584 txs=1058691669 mgas=66161897 bps=54.63 tps=10891 mgps=671.0 avgBps=147.2 avgTps=12881 avgMGps=805.0 elapsed=22h49m45s
Aug 07 11:51:36 nimbus-eth1-mainnet-long-benchmark[1140193]: INF 2026-08-07 11:51:36.611+00:00 Imported blocks                            blockNumber=12107777 slot=1 blocks=12107776 txs=1060385050 mgas=66262612 bps=55.71 tps=11516 mgps=685.0 avgBps=147.1 avgTps=12879 avgMGps=804.8 elapsed=22h52m12s
Aug 07 11:54:07 nimbus-eth1-mainnet-long-benchmark[1140193]: INF 2026-08-07 11:54:07.480+00:00 Imported blocks                            blockNumber=12115969 slot=1 blocks=12115968 txs=1062025510 mgas=66363294 bps=54.30 tps=10873 mgps=667.3 avgBps=146.9 avgTps=12875 avgMGps=804.6 elapsed=22h54m43s
Aug 07 11:56:39 nimbus-eth1-mainnet-long-benchmark[1140193]: INF 2026-08-07 11:56:39.118+00:00 Imported blocks                            blockNumber=12124161 slot=1 blocks=12124160 txs=1063563618 mgas=66463987 bps=54.02 tps=10143 mgps=664.0 avgBps=146.7 avgTps=12870 avgMGps=804.3 elapsed=22h57m15s
Aug 07 11:59:15 nimbus-eth1-mainnet-long-benchmark[1140193]: INF 2026-08-07 11:59:15.591+00:00 Imported blocks                            blockNumber=12132353 slot=1 blocks=12132352 txs=1065092521 mgas=66564568 bps=52.35 tps=9770 mgps=642.8 avgBps=146.5 avgTps=12864 avgMGps=804.0 elapsed=22h59m51s
Aug 07 12:01:49 nimbus-eth1-mainnet-long-benchmark[1140193]: INF 2026-08-07 12:01:49.293+00:00 Imported blocks                            blockNumber=12140545 slot=1 blocks=12140544 txs=1066730666 mgas=66665136 bps=53.30 tps=10658 mgps=654.3 avgBps=146.4 avgTps=12860 avgMGps=803.7 elapsed=23h2m25s
Aug 07 12:04:41 nimbus-eth1-mainnet-long-benchmark[1140193]: INF 2026-08-07 12:04:41.978+00:00 Imported blocks                            blockNumber=12148737 slot=1 blocks=12148736 txs=1068417243 mgas=66765798 bps=47.44 tps=9766 mgps=582.9 avgBps=146.2 avgTps=12854 avgMGps=803.3 elapsed=23h5m18s
Aug 07 12:07:30 nimbus-eth1-mainnet-long-benchmark[1140193]: INF 2026-08-07 12:07:30.212+00:00 Imported blocks                            blockNumber=12156929 slot=1 blocks=12156928 txs=1070117790 mgas=66866563 bps=48.69 tps=10108 mgps=598.9 avgBps=146.0 avgTps=12848 avgMGps=802.9 elapsed=23h8m6s
Aug 07 12:10:18 nimbus-eth1-mainnet-long-benchmark[1140193]: INF 2026-08-07 12:10:18.697+00:00 Imported blocks                            blockNumber=12165121 slot=1 blocks=12165120 txs=1071831088 mgas=66967154 bps=48.62 tps=10168 mgps=597.0 avgBps=145.8 avgTps=12843 avgMGps=802.4 elapsed=23h10m54s
Aug 07 12:13:03 nimbus-eth1-mainnet-long-benchmark[1140193]: INF 2026-08-07 12:13:03.006+00:00 Imported blocks                            blockNumber=12173313 slot=1 blocks=12173312 txs=1073389527 mgas=67067807 bps=49.86 tps=9484 mgps=612.6 avgBps=145.6 avgTps=12836 avgMGps=802.1 elapsed=23h13m39s
Aug 07 12:15:44 nimbus-eth1-mainnet-long-benchmark[1140193]: INF 2026-08-07 12:15:44.752+00:00 Imported blocks                            blockNumber=12181505 slot=1 blocks=12181504 txs=1074988458 mgas=67168514 bps=50.65 tps=9885 mgps=622.6 avgBps=145.4 avgTps=12830 avgMGps=801.7 elapsed=23h16m20s
Aug 07 12:18:21 nimbus-eth1-mainnet-long-benchmark[1140193]: INF 2026-08-07 12:18:21.037+00:00 Imported blocks                            blockNumber=12189697 slot=1 blocks=12189696 txs=1076646932 mgas=67269282 bps=52.42 tps=10611 mgps=644.8 avgBps=145.2 avgTps=12826 avgMGps=801.4 elapsed=23h18m57s
Aug 07 12:20:58 nimbus-eth1-mainnet-long-benchmark[1140193]: INF 2026-08-07 12:20:58.871+00:00 Imported blocks                            blockNumber=12197889 slot=1 blocks=12197888 txs=1078284309 mgas=67370200 bps=51.90 tps=10374 mgps=639.4 avgBps=145.0 avgTps=12822 avgMGps=801.1 elapsed=23h21m34s
Aug 07 12:23:36 nimbus-eth1-mainnet-long-benchmark[1140193]: INF 2026-08-07 12:23:35.996+00:00 Imported blocks                            blockNumber=12206081 slot=1 blocks=12206080 txs=1079939229 mgas=67471178 bps=52.14 tps=10532 mgps=642.6 avgBps=144.9 avgTps=12817 avgMGps=800.8 elapsed=23h24m12s
Aug 07 12:26:14 nimbus-eth1-mainnet-long-benchmark[1140193]: INF 2026-08-07 12:26:13.998+00:00 Imported blocks                            blockNumber=12214273 slot=1 blocks=12214272 txs=1081593167 mgas=67572234 bps=51.85 tps=10467 mgps=639.6 avgBps=144.7 avgTps=12813 avgMGps=800.5 elapsed=23h26m50s
Aug 07 12:28:59 nimbus-eth1-mainnet-long-benchmark[1140193]: INF 2026-08-07 12:28:59.247+00:00 Imported blocks                            blockNumber=12222465 slot=1 blocks=12222464 txs=1083151299 mgas=67673318 bps=49.57 tps=9428 mgps=611.7 avgBps=144.5 avgTps=12806 avgMGps=800.2 elapsed=23h29m35s
Aug 07 12:31:48 nimbus-eth1-mainnet-long-benchmark[1140193]: INF 2026-08-07 12:31:48.660+00:00 Imported blocks                            blockNumber=12230657 slot=1 blocks=12230656 txs=1084857611 mgas=67774376 bps=48.36 tps=10071 mgps=596.5 avgBps=144.3 avgTps=12801 avgMGps=799.7 elapsed=23h32m24s
Aug 07 12:34:30 nimbus-eth1-mainnet-long-benchmark[1140193]: INF 2026-08-07 12:34:30.006+00:00 Imported blocks                            blockNumber=12238849 slot=1 blocks=12238848 txs=1086624687 mgas=67875530 bps=50.77 tps=10952 mgps=626.9 avgBps=144.1 avgTps=12797 avgMGps=799.4 elapsed=23h35m6s
Aug 07 12:37:18 nimbus-eth1-mainnet-long-benchmark[1140193]: INF 2026-08-07 12:37:18.275+00:00 Imported blocks                            blockNumber=12247041 slot=1 blocks=12247040 txs=1088171794 mgas=67976686 bps=48.68 tps=9194 mgps=601.2 avgBps=144.0 avgTps=12790 avgMGps=799.0 elapsed=23h37m54s
Aug 07 12:39:56 nimbus-eth1-mainnet-long-benchmark[1140193]: INF 2026-08-07 12:39:56.649+00:00 Imported blocks                            blockNumber=12255233 slot=1 blocks=12255232 txs=1089979380 mgas=68077900 bps=51.73 tps=11413 mgps=639.1 avgBps=143.8 avgTps=12788 avgMGps=798.7 elapsed=23h40m32s
Aug 07 12:42:34 nimbus-eth1-mainnet-long-benchmark[1140193]: INF 2026-08-07 12:42:34.186+00:00 Imported blocks                            blockNumber=12263425 slot=1 blocks=12263424 txs=1091807298 mgas=68179240 bps=52.00 tps=11603 mgps=643.3 avgBps=143.6 avgTps=12786 avgMGps=798.4 elapsed=23h43m10s
Aug 07 12:45:12 nimbus-eth1-mainnet-long-benchmark[1140193]: INF 2026-08-07 12:45:12.480+00:00 Imported blocks                            blockNumber=12271617 slot=1 blocks=12271616 txs=1093619719 mgas=68280466 bps=51.75 tps=11449 mgps=639.5 avgBps=143.4 avgTps=12783 avgMGps=798.1 elapsed=23h45m48s
Aug 07 12:47:43 nimbus-eth1-mainnet-long-benchmark[1140193]: INF 2026-08-07 12:47:43.681+00:00 Imported blocks                            blockNumber=12279809 slot=1 blocks=12279808 txs=1095548724 mgas=68382531 bps=54.18 tps=12758 mgps=675.0 avgBps=143.3 avgTps=12783 avgMGps=797.9 elapsed=23h48m19s
Aug 07 12:50:38 nimbus-eth1-mainnet-long-benchmark[1140193]: INF 2026-08-07 12:50:38.074+00:00 Imported blocks                            blockNumber=12288001 slot=1 blocks=12288000 txs=1097523611 mgas=68496267 bps=46.97 tps=11324 mgps=652.2 avgBps=143.1 avgTps=12780 avgMGps=797.6 elapsed=23h51m14s
Aug 07 12:53:50 nimbus-eth1-mainnet-long-benchmark[1140193]: INF 2026-08-07 12:53:50.083+00:00 Imported blocks                            blockNumber=12296193 slot=1 blocks=12296192 txs=1099547013 mgas=68617082 bps=42.66 tps=10537 mgps=629.2 avgBps=142.9 avgTps=12775 avgMGps=797.3 elapsed=23h54m26s
Aug 07 12:57:01 nimbus-eth1-mainnet-long-benchmark[1140193]: INF 2026-08-07 12:57:01.728+00:00 Imported blocks                            blockNumber=12304385 slot=1 blocks=12304384 txs=1101359536 mgas=68737958 bps=42.75 tps=9457 mgps=630.7 avgBps=142.6 avgTps=12768 avgMGps=796.9 elapsed=23h57m37s
Aug 07 13:00:24 nimbus-eth1-mainnet-long-benchmark[1140193]: INF 2026-08-07 13:00:24.693+00:00 Imported blocks                            blockNumber=12312577 slot=1 blocks=12312576 txs=1103087662 mgas=68858997 bps=40.36 tps=8514 mgps=596.4 avgBps=142.4 avgTps=12758 avgMGps=796.4 elapsed=1d1m793ms
Aug 07 13:03:46 nimbus-eth1-mainnet-long-benchmark[1140193]: INF 2026-08-07 13:03:46.486+00:00 Imported blocks                            blockNumber=12320769 slot=1 blocks=12320768 txs=1104916212 mgas=68979482 bps=40.60 tps=9061 mgps=597.1 avgBps=142.2 avgTps=12749 avgMGps=796.0 elapsed=1d4m22s
Aug 07 13:07:06 nimbus-eth1-mainnet-long-benchmark[1140193]: INF 2026-08-07 13:07:06.103+00:00 Imported blocks                            blockNumber=12328961 slot=1 blocks=12328960 txs=1106772898 mgas=69099694 bps=41.04 tps=9301 mgps=602.2 avgBps=141.9 avgTps=12741 avgMGps=795.5 elapsed=1d7m42s
Aug 07 13:10:17 nimbus-eth1-mainnet-long-benchmark[1140193]: INF 2026-08-07 13:10:17.584+00:00 Imported blocks                            blockNumber=12337153 slot=1 blocks=12337152 txs=1108733706 mgas=69219824 bps=42.78 tps=10240 mgps=627.4 avgBps=141.7 avgTps=12736 avgMGps=795.1 elapsed=1d10m53s
Aug 07 13:13:34 nimbus-eth1-mainnet-long-benchmark[1140193]: INF 2026-08-07 13:13:34.481+00:00 Imported blocks                            blockNumber=12345345 slot=1 blocks=12345344 txs=1110568353 mgas=69340232 bps=41.61 tps=9317 mgps=611.5 avgBps=141.5 avgTps=12728 avgMGps=794.7 elapsed=1d14m10s
Aug 07 13:16:57 nimbus-eth1-mainnet-long-benchmark[1140193]: INF 2026-08-07 13:16:57.901+00:00 Imported blocks                            blockNumber=12353537 slot=1 blocks=12353536 txs=1112357481 mgas=69460626 bps=40.27 tps=8795 mgps=591.8 avgBps=141.3 avgTps=12719 avgMGps=794.3 elapsed=1d17m34s
Aug 07 13:20:22 nimbus-eth1-mainnet-long-benchmark[1140193]: INF 2026-08-07 13:20:22.202+00:00 Imported blocks                            blockNumber=12361729 slot=1 blocks=12361728 txs=1114202702 mgas=69581189 bps=40.10 tps=9031 mgps=590.1 avgBps=141.0 avgTps=12710 avgMGps=793.8 elapsed=1d20m58s
Aug 07 13:23:41 nimbus-eth1-mainnet-long-benchmark[1140193]: INF 2026-08-07 13:23:41.779+00:00 Imported blocks                            blockNumber=12369921 slot=1 blocks=12369920 txs=1116131382 mgas=69701981 bps=41.05 tps=9663 mgps=605.2 avgBps=140.8 avgTps=12703 avgMGps=793.3 elapsed=1d24m17s
Aug 07 13:26:58 nimbus-eth1-mainnet-long-benchmark[1140193]: INF 2026-08-07 13:26:58.968+00:00 Imported blocks                            blockNumber=12378113 slot=1 blocks=12378112 txs=1118029253 mgas=69822900 bps=41.54 tps=9624 mgps=613.2 avgBps=140.6 avgTps=12696 avgMGps=792.9 elapsed=1d27m35s
Aug 07 13:30:16 nimbus-eth1-mainnet-long-benchmark[1140193]: INF 2026-08-07 13:30:16.857+00:00 Imported blocks                            blockNumber=12386305 slot=1 blocks=12386304 txs=1119985264 mgas=69944174 bps=41.40 tps=9884 mgps=612.8 avgBps=140.4 avgTps=12690 avgMGps=792.5 elapsed=1d30m52s
Aug 07 13:33:26 nimbus-eth1-mainnet-long-benchmark[1140193]: INF 2026-08-07 13:33:26.878+00:00 Imported blocks                            blockNumber=12394497 slot=1 blocks=12394496 txs=1122010180 mgas=70065584 bps=43.11 tps=10656 mgps=638.9 avgBps=140.1 avgTps=12686 avgMGps=792.2 elapsed=1d34m2s
Aug 07 13:36:35 nimbus-eth1-mainnet-long-benchmark[1140193]: INF 2026-08-07 13:36:35.251+00:00 Imported blocks                            blockNumber=12402689 slot=1 blocks=12402688 txs=1124217117 mgas=70186463 bps=43.49 tps=11715 mgps=641.7 avgBps=139.9 avgTps=12684 avgMGps=791.9 elapsed=1d37m11s
Aug 07 13:39:35 nimbus-eth1-mainnet-long-benchmark[1140193]: INF 2026-08-07 13:39:35.144+00:00 Imported blocks                            blockNumber=12410881 slot=1 blocks=12410880 txs=1126378707 mgas=70307682 bps=45.54 tps=12015 mgps=673.8 avgBps=139.7 avgTps=12682 avgMGps=791.7 elapsed=1d40m11s
Aug 07 13:42:30 nimbus-eth1-mainnet-long-benchmark[1140193]: INF 2026-08-07 13:42:30.501+00:00 Imported blocks                            blockNumber=12419073 slot=1 blocks=12419072 txs=1128532880 mgas=70428394 bps=46.72 tps=12284 mgps=688.4 avgBps=139.6 avgTps=12682 avgMGps=791.4 elapsed=1d43m6s
Aug 07 13:45:42 nimbus-eth1-mainnet-long-benchmark[1140193]: INF 2026-08-07 13:45:42.266+00:00 Imported blocks                            blockNumber=12427265 slot=1 blocks=12427264 txs=1130558301 mgas=70549502 bps=42.72 tps=10562 mgps=631.5 avgBps=139.4 avgTps=12677 avgMGps=791.1 elapsed=1d46m18s
Aug 07 13:48:53 nimbus-eth1-mainnet-long-benchmark[1140193]: INF 2026-08-07 13:48:53.815+00:00 Imported blocks                            blockNumber=12435457 slot=1 blocks=12435456 txs=1132478057 mgas=70670801 bps=42.77 tps=10022 mgps=633.2 avgBps=139.1 avgTps=12671 avgMGps=790.8 elapsed=1d49m29s
Aug 07 13:52:14 nimbus-eth1-mainnet-long-benchmark[1140193]: INF 2026-08-07 13:52:14.028+00:00 Imported blocks                            blockNumber=12443649 slot=1 blocks=12443648 txs=1134327325 mgas=70791900 bps=40.92 tps=9236 mgps=604.9 avgBps=138.9 avgTps=12664 avgMGps=790.4 elapsed=1d52m50s
Aug 07 13:55:36 nimbus-eth1-mainnet-long-benchmark[1140193]: INF 2026-08-07 13:55:36.505+00:00 Imported blocks                            blockNumber=12451841 slot=1 blocks=12451840 txs=1136169319 mgas=70913206 bps=40.46 tps=9097 mgps=599.1 avgBps=138.7 avgTps=12656 avgMGps=789.9 elapsed=1d56m12s
Aug 07 13:58:49 nimbus-eth1-mainnet-long-benchmark[1140193]: INF 2026-08-07 13:58:49.914+00:00 Imported blocks                            blockNumber=12460033 slot=1 blocks=12460032 txs=1137982047 mgas=71034495 bps=42.36 tps=9372 mgps=627.1 avgBps=138.5 avgTps=12649 avgMGps=789.6 elapsed=1d59m26s
Aug 07 14:02:19 nimbus-eth1-mainnet-long-benchmark[1140193]: INF 2026-08-07 14:02:19.650+00:00 Imported blocks                            blockNumber=12468225 slot=1 blocks=12468224 txs=1139818868 mgas=71155627 bps=39.06 tps=8757 mgps=577.5 avgBps=138.3 avgTps=12639 avgMGps=789.1 elapsed=1d1h2m
Aug 07 14:05:41 nimbus-eth1-mainnet-long-benchmark[1140193]: INF 2026-08-07 14:05:41.975+00:00 Imported blocks                            blockNumber=12476417 slot=1 blocks=12476416 txs=1141665998 mgas=71276640 bps=40.49 tps=9129 mgps=598.1 avgBps=138.0 avgTps=12632 avgMGps=788.6 elapsed=1d1h6m
Aug 07 14:09:03 nimbus-eth1-mainnet-long-benchmark[1140193]: INF 2026-08-07 14:09:03.564+00:00 Imported blocks                            blockNumber=12484609 slot=1 blocks=12484608 txs=1143392340 mgas=71397750 bps=40.64 tps=8563 mgps=600.8 avgBps=137.8 avgTps=12623 avgMGps=788.2 elapsed=1d1h9m
Aug 07 14:12:26 nimbus-eth1-mainnet-long-benchmark[1140193]: INF 2026-08-07 14:12:26.709+00:00 Imported blocks                            blockNumber=12492801 slot=1 blocks=12492800 txs=1144958137 mgas=71518978 bps=40.33 tps=7707 mgps=596.8 avgBps=137.6 avgTps=12612 avgMGps=787.8 elapsed=1d1h13m
Aug 07 14:15:45 nimbus-eth1-mainnet-long-benchmark[1140193]: INF 2026-08-07 14:15:45.813+00:00 Imported blocks                            blockNumber=12500993 slot=1 blocks=12500992 txs=1146619364 mgas=71639968 bps=41.14 tps=8343 mgps=607.7 avgBps=137.4 avgTps=12602 avgMGps=787.4 elapsed=1d1h16m
Aug 07 14:19:01 nimbus-eth1-mainnet-long-benchmark[1140193]: INF 2026-08-07 14:19:01.810+00:00 Imported blocks                            blockNumber=12509185 slot=1 blocks=12509184 txs=1148277108 mgas=71761366 bps=41.80 tps=8458 mgps=619.4 avgBps=137.2 avgTps=12593 avgMGps=787.0 elapsed=1d1h19m
Aug 07 14:22:18 nimbus-eth1-mainnet-long-benchmark[1140193]: INF 2026-08-07 14:22:18.191+00:00 Imported blocks                            blockNumber=12517377 slot=1 blocks=12517376 txs=1149963523 mgas=71882247 bps=41.71 tps=8587 mgps=615.5 avgBps=137.0 avgTps=12585 avgMGps=786.7 elapsed=1d1h22m
Aug 07 14:25:30 nimbus-eth1-mainnet-long-benchmark[1140193]: INF 2026-08-07 14:25:30.992+00:00 Imported blocks                            blockNumber=12525569 slot=1 blocks=12525568 txs=1151599444 mgas=72003268 bps=42.49 tps=8485 mgps=627.7 avgBps=136.8 avgTps=12576 avgMGps=786.3 elapsed=1d1h26m
Aug 07 14:28:47 nimbus-eth1-mainnet-long-benchmark[1140193]: INF 2026-08-07 14:28:47.809+00:00 Imported blocks                            blockNumber=12533761 slot=1 blocks=12533760 txs=1153237739 mgas=72124096 bps=41.62 tps=8324 mgps=613.9 avgBps=136.6 avgTps=12567 avgMGps=786.0 elapsed=1d1h29m
Aug 07 14:32:08 nimbus-eth1-mainnet-long-benchmark[1140193]: INF 2026-08-07 14:32:08.854+00:00 Imported blocks                            blockNumber=12541953 slot=1 blocks=12541952 txs=1154868468 mgas=72245211 bps=40.75 tps=8111 mgps=602.4 avgBps=136.4 avgTps=12557 avgMGps=785.6 elapsed=1d1h32m
Aug 07 14:35:27 nimbus-eth1-mainnet-long-benchmark[1140193]: INF 2026-08-07 14:35:27.275+00:00 Imported blocks                            blockNumber=12550145 slot=1 blocks=12550144 txs=1156537706 mgas=72366561 bps=41.29 tps=8412 mgps=611.6 avgBps=136.2 avgTps=12548 avgMGps=785.2 elapsed=1d1h36m
Aug 07 14:38:38 nimbus-eth1-mainnet-long-benchmark[1140193]: INF 2026-08-07 14:38:38.528+00:00 Imported blocks                            blockNumber=12558337 slot=1 blocks=12558336 txs=1158144206 mgas=72487402 bps=42.83 tps=8399 mgps=631.8 avgBps=136.0 avgTps=12540 avgMGps=784.9 elapsed=1d1h39m
Aug 07 14:42:02 nimbus-eth1-mainnet-long-benchmark[1140193]: INF 2026-08-07 14:42:02.740+00:00 Imported blocks                            blockNumber=12566529 slot=1 blocks=12566528 txs=1159849853 mgas=72608246 bps=40.11 tps=8352 mgps=591.8 avgBps=135.8 avgTps=12530 avgMGps=784.5 elapsed=1d1h42m
Aug 07 14:45:25 nimbus-eth1-mainnet-long-benchmark[1140193]: INF 2026-08-07 14:45:25.857+00:00 Imported blocks                            blockNumber=12574721 slot=1 blocks=12574720 txs=1161443693 mgas=72728985 bps=40.33 tps=7846 mgps=594.4 avgBps=135.6 avgTps=12520 avgMGps=784.0 elapsed=1d1h46m
Aug 07 14:48:46 nimbus-eth1-mainnet-long-benchmark[1140193]: INF 2026-08-07 14:48:46.134+00:00 Imported blocks                            blockNumber=12582913 slot=1 blocks=12582912 txs=1162872234 mgas=72847830 bps=40.90 tps=7132 mgps=593.4 avgBps=135.4 avgTps=12509 avgMGps=783.6 elapsed=1d1h49m
Aug 07 14:52:10 nimbus-eth1-mainnet-long-benchmark[1140193]: INF 2026-08-07 14:52:10.191+00:00 Imported blocks                            blockNumber=12591105 slot=1 blocks=12591104 txs=1164399839 mgas=72967411 bps=40.15 tps=7486 mgps=586.0 avgBps=135.1 avgTps=12498 avgMGps=783.2 elapsed=1d1h52m
Aug 07 14:55:32 nimbus-eth1-mainnet-long-benchmark[1140193]: INF 2026-08-07 14:55:32.975+00:00 Imported blocks                            blockNumber=12599297 slot=1 blocks=12599296 txs=1165937999 mgas=73088588 bps=40.40 tps=7585 mgps=597.6 avgBps=134.9 avgTps=12487 avgMGps=782.8 elapsed=1d1h56m
Aug 07 14:58:56 nimbus-eth1-mainnet-long-benchmark[1140193]: INF 2026-08-07 14:58:56.264+00:00 Imported blocks                            blockNumber=12607489 slot=1 blocks=12607488 txs=1167482053 mgas=73209510 bps=40.30 tps=7595 mgps=594.8 avgBps=134.7 avgTps=12476 avgMGps=782.4 elapsed=1d1h59m
Aug 07 15:02:18 nimbus-eth1-mainnet-long-benchmark[1140193]: INF 2026-08-07 15:02:18.409+00:00 Imported blocks                            blockNumber=12615681 slot=1 blocks=12615680 txs=1168971403 mgas=73330552 bps=40.53 tps=7367 mgps=598.8 avgBps=134.5 avgTps=12465 avgMGps=782.0 elapsed=1d2h2m
Aug 07 15:05:37 nimbus-eth1-mainnet-long-benchmark[1140193]: INF 2026-08-07 15:05:37.806+00:00 Imported blocks                            blockNumber=12623873 slot=1 blocks=12623872 txs=1170407107 mgas=73450002 bps=41.08 tps=7200 mgps=599.1 avgBps=134.3 avgTps=12454 avgMGps=781.6 elapsed=1d2h6m
Aug 07 15:08:58 nimbus-eth1-mainnet-long-benchmark[1140193]: INF 2026-08-07 15:08:58.003+00:00 Imported blocks                            blockNumber=12632065 slot=1 blocks=12632064 txs=1171859794 mgas=73568030 bps=40.92 tps=7256 mgps=589.6 avgBps=134.1 avgTps=12443 avgMGps=781.2 elapsed=1d2h9m
Aug 07 15:12:18 nimbus-eth1-mainnet-long-benchmark[1140193]: INF 2026-08-07 15:12:18.703+00:00 Imported blocks                            blockNumber=12640257 slot=1 blocks=12640256 txs=1173405815 mgas=73688617 bps=40.82 tps=7702 mgps=600.8 avgBps=133.9 avgTps=12433 avgMGps=780.8 elapsed=1d2h12m
Aug 07 15:15:37 nimbus-eth1-mainnet-long-benchmark[1140193]: INF 2026-08-07 15:15:37.636+00:00 Imported blocks                            blockNumber=12648449 slot=1 blocks=12648448 txs=1174928170 mgas=73808988 bps=41.18 tps=7652 mgps=605.1 avgBps=133.7 avgTps=12423 avgMGps=780.4 elapsed=1d2h16m
Aug 07 15:18:57 nimbus-eth1-mainnet-long-benchmark[1140193]: INF 2026-08-07 15:18:57.521+00:00 Imported blocks                            blockNumber=12656641 slot=1 blocks=12656640 txs=1176443269 mgas=73929312 bps=40.98 tps=7579 mgps=602.0 avgBps=133.5 avgTps=12413 avgMGps=780.1 elapsed=1d2h19m
Aug 07 15:22:15 nimbus-eth1-mainnet-long-benchmark[1140193]: INF 2026-08-07 15:22:15.666+00:00 Imported blocks                            blockNumber=12664833 slot=1 blocks=12664832 txs=1177906325 mgas=74049114 bps=41.34 tps=7383 mgps=604.6 avgBps=133.4 avgTps=12402 avgMGps=779.7 elapsed=1d2h22m
Aug 07 15:25:35 nimbus-eth1-mainnet-long-benchmark[1140193]: INF 2026-08-07 15:25:35.135+00:00 Imported blocks                            blockNumber=12673025 slot=1 blocks=12673024 txs=1179242894 mgas=74166892 bps=41.07 tps=6700 mgps=590.4 avgBps=133.2 avgTps=12390 avgMGps=779.3 elapsed=1d2h26m
Aug 07 15:29:04 nimbus-eth1-mainnet-long-benchmark[1140193]: INF 2026-08-07 15:29:04.983+00:00 Imported blocks                            blockNumber=12681217 slot=1 blocks=12681216 txs=1180766873 mgas=74287384 bps=39.04 tps=7262 mgps=574.2 avgBps=133.0 avgTps=12379 avgMGps=778.8 elapsed=1d2h29m
Aug 07 15:32:37 nimbus-eth1-mainnet-long-benchmark[1140193]: INF 2026-08-07 15:32:37.628+00:00 Imported blocks                            blockNumber=12689409 slot=1 blocks=12689408 txs=1182408220 mgas=74408185 bps=38.52 tps=7718 mgps=568.1 avgBps=132.7 avgTps=12369 avgMGps=778.4 elapsed=1d2h33m
Aug 07 15:36:03 nimbus-eth1-mainnet-long-benchmark[1140193]: INF 2026-08-07 15:36:03.513+00:00 Imported blocks                            blockNumber=12697601 slot=1 blocks=12697600 txs=1183925836 mgas=74528394 bps=39.79 tps=7371 mgps=583.9 avgBps=132.5 avgTps=12358 avgMGps=778.0 elapsed=1d2h36m
Aug 07 15:39:26 nimbus-eth1-mainnet-long-benchmark[1140193]: INF 2026-08-07 15:39:26.146+00:00 Imported blocks                            blockNumber=12705793 slot=1 blocks=12705792 txs=1185498721 mgas=74649179 bps=40.43 tps=7762 mgps=596.1 avgBps=132.3 avgTps=12348 avgMGps=777.6 elapsed=1d2h40m
Aug 07 15:42:47 nimbus-eth1-mainnet-long-benchmark[1140193]: INF 2026-08-07 15:42:47.230+00:00 Imported blocks                            blockNumber=12713985 slot=1 blocks=12713984 txs=1186941762 mgas=74768403 bps=40.74 tps=7176 mgps=592.9 avgBps=132.2 avgTps=12337 avgMGps=777.2 elapsed=1d2h43m
Aug 07 15:46:09 nimbus-eth1-mainnet-long-benchmark[1140193]: INF 2026-08-07 15:46:09.743+00:00 Imported blocks                            blockNumber=12722177 slot=1 blocks=12722176 txs=1188502265 mgas=74887114 bps=40.45 tps=7705 mgps=586.2 avgBps=132.0 avgTps=12328 avgMGps=776.8 elapsed=1d2h46m
Aug 07 15:49:41 nimbus-eth1-mainnet-long-benchmark[1140193]: INF 2026-08-07 15:49:41.668+00:00 Imported blocks                            blockNumber=12730369 slot=1 blocks=12730368 txs=1190212465 mgas=75007867 bps=38.66 tps=8069 mgps=569.8 avgBps=131.8 avgTps=12318 avgMGps=776.3 elapsed=1d2h50m
Aug 07 15:53:01 nimbus-eth1-mainnet-long-benchmark[1140193]: INF 2026-08-07 15:53:01.745+00:00 Imported blocks                            blockNumber=12738561 slot=1 blocks=12738560 txs=1191737978 mgas=75128441 bps=40.94 tps=7624 mgps=602.6 avgBps=131.6 avgTps=12309 avgMGps=776.0 elapsed=1d2h53m
Aug 07 15:56:22 nimbus-eth1-mainnet-long-benchmark[1140193]: INF 2026-08-07 15:56:22.057+00:00 Imported blocks                            blockNumber=12746753 slot=1 blocks=12746752 txs=1193283158 mgas=75248781 bps=40.90 tps=7713 mgps=600.8 avgBps=131.4 avgTps=12299 avgMGps=775.6 elapsed=1d2h56m
Aug 07 15:59:41 nimbus-eth1-mainnet-long-benchmark[1140193]: INF 2026-08-07 15:59:41.198+00:00 Imported blocks                            blockNumber=12754945 slot=1 blocks=12754944 txs=1194774367 mgas=75368399 bps=41.14 tps=7488 mgps=600.7 avgBps=131.2 avgTps=12289 avgMGps=775.3 elapsed=1d3h17s
Aug 07 16:03:02 nimbus-eth1-mainnet-long-benchmark[1140193]: INF 2026-08-07 16:03:02.027+00:00 Imported blocks                            blockNumber=12763137 slot=1 blocks=12763136 txs=1196193884 mgas=75487966 bps=40.79 tps=7068 mgps=595.4 avgBps=131.0 avgTps=12278 avgMGps=774.9 elapsed=1d3h3m
Aug 07 16:06:25 nimbus-eth1-mainnet-long-benchmark[1140193]: INF 2026-08-07 16:06:25.776+00:00 Imported blocks                            blockNumber=12771329 slot=1 blocks=12771328 txs=1197637486 mgas=75606721 bps=40.21 tps=7085 mgps=582.9 avgBps=130.8 avgTps=12268 avgMGps=774.5 elapsed=1d3h7m
Aug 07 16:09:31 nimbus-eth1-mainnet-long-benchmark[1140193]: INF 2026-08-07 16:09:31.373+00:00 Imported blocks                            blockNumber=12779521 slot=1 blocks=12779520 txs=1199387484 mgas=75727437 bps=44.14 tps=9428 mgps=650.4 avgBps=130.7 avgTps=12262 avgMGps=774.2 elapsed=1d3h10m
Aug 07 16:12:44 nimbus-eth1-mainnet-long-benchmark[1140193]: INF 2026-08-07 16:12:44.466+00:00 Imported blocks                            blockNumber=12787713 slot=1 blocks=12787712 txs=1201025307 mgas=75848230 bps=42.43 tps=8482 mgps=625.6 avgBps=130.5 avgTps=12255 avgMGps=774.0 elapsed=1d3h13m
Aug 07 16:15:57 nimbus-eth1-mainnet-long-benchmark[1140193]: INF 2026-08-07 16:15:57.407+00:00 Imported blocks                            blockNumber=12795905 slot=1 blocks=12795904 txs=1202573245 mgas=75968901 bps=42.46 tps=8022 mgps=625.4 avgBps=130.3 avgTps=12246 avgMGps=773.7 elapsed=1d3h16m
Aug 07 16:19:13 nimbus-eth1-mainnet-long-benchmark[1140193]: INF 2026-08-07 16:19:13.936+00:00 Imported blocks                            blockNumber=12804097 slot=1 blocks=12804096 txs=1204006645 mgas=76088685 bps=41.68 tps=7293 mgps=609.5 avgBps=130.1 avgTps=12237 avgMGps=773.3 elapsed=1d3h19m
Aug 07 16:22:28 nimbus-eth1-mainnet-long-benchmark[1140193]: INF 2026-08-07 16:22:28.561+00:00 Imported blocks                            blockNumber=12812289 slot=1 blocks=12812288 txs=1205475285 mgas=76208224 bps=42.09 tps=7545 mgps=614.2 avgBps=130.0 avgTps=12227 avgMGps=773.0 elapsed=1d3h23m
Aug 07 16:25:44 nimbus-eth1-mainnet-long-benchmark[1140193]: INF 2026-08-07 16:25:44.109+00:00 Imported blocks                            blockNumber=12820481 slot=1 blocks=12820480 txs=1207011307 mgas=76329230 bps=41.89 tps=7855 mgps=618.8 avgBps=129.8 avgTps=12219 avgMGps=772.7 elapsed=1d3h26m
Aug 07 16:29:01 nimbus-eth1-mainnet-long-benchmark[1140193]: INF 2026-08-07 16:29:01.974+00:00 Imported blocks                            blockNumber=12828673 slot=1 blocks=12828672 txs=1208555335 mgas=76449928 bps=41.40 tps=7803 mgps=610.0 avgBps=129.6 avgTps=12210 avgMGps=772.4 elapsed=1d3h29m
Aug 07 16:32:21 nimbus-eth1-mainnet-long-benchmark[1140193]: INF 2026-08-07 16:32:21.907+00:00 Imported blocks                            blockNumber=12836865 slot=1 blocks=12836864 txs=1210175087 mgas=76570749 bps=40.97 tps=8101 mgps=604.3 avgBps=129.4 avgTps=12202 avgMGps=772.1 elapsed=1d3h32m
Aug 07 16:35:35 nimbus-eth1-mainnet-long-benchmark[1140193]: INF 2026-08-07 16:35:35.220+00:00 Imported blocks                            blockNumber=12845057 slot=1 blocks=12845056 txs=1211706543 mgas=76691722 bps=42.38 tps=7922 mgps=625.8 avgBps=129.3 avgTps=12193 avgMGps=771.8 elapsed=1d3h36m
Aug 07 16:38:46 nimbus-eth1-mainnet-long-benchmark[1140193]: INF 2026-08-07 16:38:46.201+00:00 Imported blocks                            blockNumber=12853249 slot=1 blocks=12853248 txs=1213189567 mgas=76812710 bps=42.89 tps=7765 mgps=633.5 avgBps=129.1 avgTps=12185 avgMGps=771.5 elapsed=1d3h39m
Aug 07 16:42:07 nimbus-eth1-mainnet-long-benchmark[1140193]: INF 2026-08-07 16:42:07.994+00:00 Imported blocks                            blockNumber=12861441 slot=1 blocks=12861440 txs=1214709074 mgas=76933374 bps=40.60 tps=7530 mgps=598.0 avgBps=128.9 avgTps=12175 avgMGps=771.2 elapsed=1d3h42m
Aug 07 16:45:39 nimbus-eth1-mainnet-long-benchmark[1140193]: INF 2026-08-07 16:45:39.598+00:00 Imported blocks                            blockNumber=12869633 slot=1 blocks=12869632 txs=1216252711 mgas=77053985 bps=38.71 tps=7294 mgps=570.0 avgBps=128.7 avgTps=12165 avgMGps=770.7 elapsed=1d3h46m
Aug 07 16:49:10 nimbus-eth1-mainnet-long-benchmark[1140193]: INF 2026-08-07 16:49:10.855+00:00 Imported blocks                            blockNumber=12877825 slot=1 blocks=12877824 txs=1217803807 mgas=77174987 bps=38.78 tps=7342 mgps=572.8 avgBps=128.5 avgTps=12155 avgMGps=770.3 elapsed=1d3h49m
Aug 07 16:52:39 nimbus-eth1-mainnet-long-benchmark[1140193]: INF 2026-08-07 16:52:39.604+00:00 Imported blocks                            blockNumber=12886017 slot=1 blocks=12886016 txs=1219320016 mgas=77296040 bps=39.24 tps=7263 mgps=579.9 avgBps=128.4 avgTps=12145 avgMGps=769.9 elapsed=1d3h53m
Aug 07 16:56:15 nimbus-eth1-mainnet-long-benchmark[1140193]: INF 2026-08-07 16:56:15.652+00:00 Imported blocks                            blockNumber=12894209 slot=1 blocks=12894208 txs=1220837309 mgas=77416831 bps=37.92 tps=7022 mgps=559.1 avgBps=128.2 avgTps=12134 avgMGps=769.5 elapsed=1d3h56m
Aug 07 16:59:46 nimbus-eth1-mainnet-long-benchmark[1140193]: INF 2026-08-07 16:59:46.309+00:00 Imported blocks                            blockNumber=12902401 slot=1 blocks=12902400 txs=1222390833 mgas=77537916 bps=38.89 tps=7374 mgps=574.8 avgBps=128.0 avgTps=12124 avgMGps=769.1 elapsed=1d4h22s
Aug 07 17:03:15 nimbus-eth1-mainnet-long-benchmark[1140193]: INF 2026-08-07 17:03:15.434+00:00 Imported blocks                            blockNumber=12910593 slot=1 blocks=12910592 txs=1224084590 mgas=77659217 bps=39.17 tps=8099 mgps=580.0 avgBps=127.8 avgTps=12115 avgMGps=768.7 elapsed=1d4h3m
Aug 07 17:06:38 nimbus-eth1-mainnet-long-benchmark[1140193]: INF 2026-08-07 17:06:38.014+00:00 Imported blocks                            blockNumber=12918785 slot=1 blocks=12918784 txs=1225756634 mgas=77780558 bps=40.44 tps=8253 mgps=599.0 avgBps=127.6 avgTps=12108 avgMGps=768.3 elapsed=1d4h7m
Aug 07 17:10:04 nimbus-eth1-mainnet-long-benchmark[1140193]: INF 2026-08-07 17:10:04.751+00:00 Imported blocks                            blockNumber=12926977 slot=1 blocks=12926976 txs=1227412038 mgas=77901499 bps=39.62 tps=8007 mgps=585.0 avgBps=127.4 avgTps=12099 avgMGps=767.9 elapsed=1d4h10m
Aug 07 17:13:30 nimbus-eth1-mainnet-long-benchmark[1140193]: INF 2026-08-07 17:13:30.028+00:00 Imported blocks                            blockNumber=12935169 slot=1 blocks=12935168 txs=1228981944 mgas=78022426 bps=39.91 tps=7647 mgps=589.1 avgBps=127.3 avgTps=12090 avgMGps=767.6 elapsed=1d4h14m
Aug 07 17:17:00 nimbus-eth1-mainnet-long-benchmark[1140193]: INF 2026-08-07 17:17:00.537+00:00 Imported blocks                            blockNumber=12943361 slot=1 blocks=12943360 txs=1230522869 mgas=78143531 bps=38.92 tps=7320 mgps=575.3 avgBps=127.1 avgTps=12080 avgMGps=767.2 elapsed=1d4h17m
Aug 07 17:20:25 nimbus-eth1-mainnet-long-benchmark[1140193]: INF 2026-08-07 17:20:25.721+00:00 Imported blocks                            blockNumber=12951553 slot=1 blocks=12951552 txs=1232164557 mgas=78264547 bps=39.92 tps=8000 mgps=589.8 avgBps=126.9 avgTps=12072 avgMGps=766.8 elapsed=1d4h21m
Aug 07 17:23:50 nimbus-eth1-mainnet-long-benchmark[1140193]: INF 2026-08-07 17:23:50.918+00:00 Imported blocks                            blockNumber=12959745 slot=1 blocks=12959744 txs=1233728340 mgas=78385406 bps=39.92 tps=7620 mgps=589.0 avgBps=126.7 avgTps=12063 avgMGps=766.5 elapsed=1d4h24m
Aug 07 17:27:11 nimbus-eth1-mainnet-long-benchmark[1140193]: INF 2026-08-07 17:27:11.431+00:00 Imported blocks                            blockNumber=12967937 slot=1 blocks=12967936 txs=1235240637 mgas=78507091 bps=40.85 tps=7542 mgps=606.9 avgBps=126.6 avgTps=12054 avgMGps=766.2 elapsed=1d4h27m
Aug 07 17:30:34 nimbus-eth1-mainnet-long-benchmark[1140193]: INF 2026-08-07 17:30:34.752+00:00 Imported blocks                            blockNumber=12976129 slot=1 blocks=12976128 txs=1236757613 mgas=78633896 bps=40.29 tps=7461 mgps=623.7 avgBps=126.4 avgTps=12045 avgMGps=765.9 elapsed=1d4h31m
Aug 07 17:34:06 nimbus-eth1-mainnet-long-benchmark[1140193]: INF 2026-08-07 17:34:06.576+00:00 Imported blocks                            blockNumber=12984321 slot=1 blocks=12984320 txs=1238288328 mgas=78760777 bps=38.67 tps=7226 mgps=599.0 avgBps=126.2 avgTps=12035 avgMGps=765.5 elapsed=1d4h34m
Aug 07 17:37:36 nimbus-eth1-mainnet-long-benchmark[1140193]: INF 2026-08-07 17:37:36.229+00:00 Imported blocks                            blockNumber=12992513 slot=1 blocks=12992512 txs=1239788351 mgas=78887626 bps=39.07 tps=7154 mgps=605.0 avgBps=126.0 avgTps=12025 avgMGps=765.2 elapsed=1d4h38m
Aug 07 17:40:51 nimbus-eth1-mainnet-long-benchmark[1140193]: INF 2026-08-07 17:40:51.882+00:00 Imported blocks                            blockNumber=13000705 slot=1 blocks=13000704 txs=1241313413 mgas=79014389 bps=41.87 tps=7794 mgps=647.9 avgBps=125.9 avgTps=12017 avgMGps=765.0 elapsed=1d4h41m
Aug 07 17:44:11 nimbus-eth1-mainnet-long-benchmark[1140193]: INF 2026-08-07 17:44:11.795+00:00 Imported blocks                            blockNumber=13008897 slot=1 blocks=13008896 txs=1242884311 mgas=79141017 bps=40.98 tps=7857 mgps=633.4 avgBps=125.7 avgTps=12009 avgMGps=764.7 elapsed=1d4h44m
Aug 07 17:47:33 nimbus-eth1-mainnet-long-benchmark[1140193]: INF 2026-08-07 17:47:33.459+00:00 Imported blocks                            blockNumber=13017089 slot=1 blocks=13017088 txs=1244399381 mgas=79267733 bps=40.62 tps=7512 mgps=628.3 avgBps=125.5 avgTps=12001 avgMGps=764.5 elapsed=1d4h48m
Aug 07 17:50:48 nimbus-eth1-mainnet-long-benchmark[1140193]: INF 2026-08-07 17:50:48.496+00:00 Imported blocks                            blockNumber=13025281 slot=1 blocks=13025280 txs=1245890676 mgas=79394471 bps=42.00 tps=7646 mgps=649.8 avgBps=125.4 avgTps=11993 avgMGps=764.3 elapsed=1d4h51m
Aug 07 17:54:06 nimbus-eth1-mainnet-long-benchmark[1140193]: INF 2026-08-07 17:54:06.521+00:00 Imported blocks                            blockNumber=13033473 slot=1 blocks=13033472 txs=1247290123 mgas=79521272 bps=41.37 tps=7067 mgps=640.3 avgBps=125.2 avgTps=11983 avgMGps=764.0 elapsed=1d4h54m
Aug 07 17:57:27 nimbus-eth1-mainnet-long-benchmark[1140193]: INF 2026-08-07 17:57:27.778+00:00 Imported blocks                            blockNumber=13041665 slot=1 blocks=13041664 txs=1248902226 mgas=79647845 bps=40.70 tps=8010 mgps=628.9 avgBps=125.1 avgTps=11975 avgMGps=763.8 elapsed=1d4h58m
Aug 07 18:00:50 nimbus-eth1-mainnet-long-benchmark[1140193]: INF 2026-08-07 18:00:50.123+00:00 Imported blocks                            blockNumber=13049857 slot=1 blocks=13049856 txs=1250467115 mgas=79774415 bps=40.48 tps=7733 mgps=625.5 avgBps=124.9 avgTps=11967 avgMGps=763.5 elapsed=1d5h1m
Aug 07 18:04:15 nimbus-eth1-mainnet-long-benchmark[1140193]: INF 2026-08-07 18:04:15.023+00:00 Imported blocks                            blockNumber=13058049 slot=1 blocks=13058048 txs=1252017042 mgas=79900926 bps=39.98 tps=7564 mgps=617.4 avgBps=124.7 avgTps=11959 avgMGps=763.2 elapsed=1d5h4m
Aug 07 18:07:42 nimbus-eth1-mainnet-long-benchmark[1140193]: INF 2026-08-07 18:07:42.472+00:00 Imported blocks                            blockNumber=13066241 slot=1 blocks=13066240 txs=1253591882 mgas=80027575 bps=39.49 tps=7591 mgps=610.5 avgBps=124.6 avgTps=11950 avgMGps=762.9 elapsed=1d5h8m
Aug 07 18:11:09 nimbus-eth1-mainnet-long-benchmark[1140193]: INF 2026-08-07 18:11:09.897+00:00 Imported blocks                            blockNumber=13074433 slot=1 blocks=13074432 txs=1255109551 mgas=80154598 bps=39.49 tps=7316 mgps=612.4 avgBps=124.4 avgTps=11941 avgMGps=762.6 elapsed=1d5h11m
Aug 07 18:14:40 nimbus-eth1-mainnet-long-benchmark[1140193]: INF 2026-08-07 18:14:40.178+00:00 Imported blocks                            blockNumber=13082625 slot=1 blocks=13082624 txs=1256664799 mgas=80281800 bps=38.96 tps=7396 mgps=604.9 avgBps=124.2 avgTps=11932 avgMGps=762.3 elapsed=1d5h15m
Aug 07 18:18:03 nimbus-eth1-mainnet-long-benchmark[1140193]: INF 2026-08-07 18:18:03.146+00:00 Imported blocks                            blockNumber=13090817 slot=1 blocks=13090816 txs=1258220852 mgas=80408322 bps=40.36 tps=7666 mgps=623.4 avgBps=124.1 avgTps=11924 avgMGps=762.0 elapsed=1d5h18m
Aug 07 18:21:28 nimbus-eth1-mainnet-long-benchmark[1140193]: INF 2026-08-07 18:21:28.667+00:00 Imported blocks                            blockNumber=13099009 slot=1 blocks=13099008 txs=1259725713 mgas=80534813 bps=39.86 tps=7322 mgps=615.5 avgBps=123.9 avgTps=11915 avgMGps=761.7 elapsed=1d5h22m
Aug 07 18:24:49 nimbus-eth1-mainnet-long-benchmark[1140193]: INF 2026-08-07 18:24:49.532+00:00 Imported blocks                            blockNumber=13107201 slot=1 blocks=13107200 txs=1261207779 mgas=80661318 bps=40.78 tps=7378 mgps=629.8 avgBps=123.7 avgTps=11906 avgMGps=761.5 elapsed=1d5h25m
Aug 07 18:28:00 nimbus-eth1-mainnet-long-benchmark[1140193]: INF 2026-08-07 18:28:00.925+00:00 Imported blocks                            blockNumber=13115393 slot=1 blocks=13115392 txs=1262634153 mgas=80787800 bps=42.80 tps=7452 mgps=660.9 avgBps=123.6 avgTps=11898 avgMGps=761.3 elapsed=1d5h28m
Aug 07 18:31:16 nimbus-eth1-mainnet-long-benchmark[1140193]: INF 2026-08-07 18:31:16.894+00:00 Imported blocks                            blockNumber=13123585 slot=1 blocks=13123584 txs=1264056805 mgas=80914376 bps=41.80 tps=7259 mgps=645.9 avgBps=123.4 avgTps=11889 avgMGps=761.1 elapsed=1d5h31m
Aug 07 18:34:36 nimbus-eth1-mainnet-long-benchmark[1140193]: INF 2026-08-07 18:34:36.018+00:00 Imported blocks                            blockNumber=13131777 slot=1 blocks=13131776 txs=1265557474 mgas=81040878 bps=41.14 tps=7536 mgps=635.3 avgBps=123.3 avgTps=11881 avgMGps=760.9 elapsed=1d5h35m
Aug 07 18:37:53 nimbus-eth1-mainnet-long-benchmark[1140193]: INF 2026-08-07 18:37:53.775+00:00 Imported blocks                            blockNumber=13139969 slot=1 blocks=13139968 txs=1267138426 mgas=81167379 bps=41.42 tps=7994 mgps=639.7 avgBps=123.1 avgTps=11874 avgMGps=760.6 elapsed=1d5h38m
Aug 07 18:40:59 nimbus-eth1-mainnet-long-benchmark[1140193]: INF 2026-08-07 18:40:59.900+00:00 Imported blocks                            blockNumber=13148161 slot=1 blocks=13148160 txs=1268710617 mgas=81293960 bps=44.01 tps=8446 mgps=680.1 avgBps=123.0 avgTps=11868 avgMGps=760.5 elapsed=1d5h41m
Aug 07 18:43:55 nimbus-eth1-mainnet-long-benchmark[1140193]: INF 2026-08-07 18:43:55.914+00:00 Imported blocks                            blockNumber=13156353 slot=1 blocks=13156352 txs=1270213280 mgas=81420395 bps=46.54 tps=8537 mgps=718.3 avgBps=122.9 avgTps=11863 avgMGps=760.4 elapsed=1d5h44m
Aug 07 18:46:55 nimbus-eth1-mainnet-long-benchmark[1140193]: INF 2026-08-07 18:46:55.735+00:00 Imported blocks                            blockNumber=13164545 slot=1 blocks=13164544 txs=1271709087 mgas=81547263 bps=45.56 tps=8318 mgps=705.5 avgBps=122.7 avgTps=11857 avgMGps=760.3 elapsed=1d5h47m
Aug 07 18:50:02 nimbus-eth1-mainnet-long-benchmark[1140193]: INF 2026-08-07 18:50:02.636+00:00 Imported blocks                            blockNumber=13172737 slot=1 blocks=13172736 txs=1273194707 mgas=81674021 bps=43.83 tps=7948 mgps=678.2 avgBps=122.6 avgTps=11850 avgMGps=760.2 elapsed=1d5h50m
Aug 07 18:53:12 nimbus-eth1-mainnet-long-benchmark[1140193]: INF 2026-08-07 18:53:12.773+00:00 Imported blocks                            blockNumber=13180929 slot=1 blocks=13180928 txs=1274818990 mgas=81800466 bps=43.08 tps=8542 mgps=665.0 avgBps=122.5 avgTps=11844 avgMGps=760.0 elapsed=1d5h53m
Aug 07 18:56:15 nimbus-eth1-mainnet-long-benchmark[1140193]: INF 2026-08-07 18:56:15.954+00:00 Imported blocks                            blockNumber=13189121 slot=1 blocks=13189120 txs=1276306783 mgas=81926920 bps=44.72 tps=8122 mgps=690.3 avgBps=122.3 avgTps=11838 avgMGps=759.9 elapsed=1d5h56m
Aug 07 18:59:29 nimbus-eth1-mainnet-long-benchmark[1140193]: INF 2026-08-07 18:59:29.879+00:00 Imported blocks                            blockNumber=13197313 slot=1 blocks=13197312 txs=1277896870 mgas=82053368 bps=42.24 tps=8199 mgps=652.0 avgBps=122.2 avgTps=11831 avgMGps=759.7 elapsed=1d6h5s
Aug 07 19:02:56 nimbus-eth1-mainnet-long-benchmark[1140193]: INF 2026-08-07 19:02:56.231+00:00 Imported blocks                            blockNumber=13205505 slot=1 blocks=13205504 txs=1279500827 mgas=82179877 bps=39.70 tps=7772 mgps=613.1 avgBps=122.0 avgTps=11823 avgMGps=759.4 elapsed=1d6h3m
Aug 07 19:06:27 nimbus-eth1-mainnet-long-benchmark[1140193]: INF 2026-08-07 19:06:27.788+00:00 Imported blocks                            blockNumber=13213697 slot=1 blocks=13213696 txs=1281016446 mgas=82306526 bps=38.72 tps=7164 mgps=598.7 avgBps=121.9 avgTps=11814 avgMGps=759.1 elapsed=1d6h7m
Aug 07 19:09:50 nimbus-eth1-mainnet-long-benchmark[1140193]: INF 2026-08-07 19:09:50.777+00:00 Imported blocks                            blockNumber=13221889 slot=1 blocks=13221888 txs=1282610952 mgas=82433007 bps=40.36 tps=7855 mgps=623.1 avgBps=121.7 avgTps=11807 avgMGps=758.9 elapsed=1d6h10m
Aug 07 19:13:18 nimbus-eth1-mainnet-long-benchmark[1140193]: INF 2026-08-07 19:13:18.941+00:00 Imported blocks                            blockNumber=13230081 slot=1 blocks=13230080 txs=1284182409 mgas=82559549 bps=39.35 tps=7549 mgps=607.9 avgBps=121.6 avgTps=11799 avgMGps=758.6 elapsed=1d6h13m
Aug 07 19:16:40 nimbus-eth1-mainnet-long-benchmark[1140193]: INF 2026-08-07 19:16:40.058+00:00 Imported blocks                            blockNumber=13238273 slot=1 blocks=13238272 txs=1285717811 mgas=82686140 bps=40.73 tps=7634 mgps=629.4 avgBps=121.4 avgTps=11791 avgMGps=758.3 elapsed=1d6h17m
Aug 07 19:19:51 nimbus-eth1-mainnet-long-benchmark[1140193]: INF 2026-08-07 19:19:51.123+00:00 Imported blocks                            blockNumber=13246465 slot=1 blocks=13246464 txs=1287211128 mgas=82812594 bps=42.87 tps=7815 mgps=661.8 avgBps=121.3 avgTps=11784 avgMGps=758.2 elapsed=1d6h20m
Aug 07 19:23:20 nimbus-eth1-mainnet-long-benchmark[1140193]: INF 2026-08-07 19:23:20.204+00:00 Imported blocks                            blockNumber=13254657 slot=1 blocks=13254656 txs=1288643650 mgas=82939089 bps=39.18 tps=6851 mgps=605.0 avgBps=121.1 avgTps=11775 avgMGps=757.9 elapsed=1d6h23m
Aug 07 19:26:48 nimbus-eth1-mainnet-long-benchmark[1140193]: INF 2026-08-07 19:26:48.333+00:00 Imported blocks                            blockNumber=13262849 slot=1 blocks=13262848 txs=1290131691 mgas=83065692 bps=39.36 tps=7149 mgps=608.3 avgBps=121.0 avgTps=11766 avgMGps=757.6 elapsed=1d6h27m
Aug 07 19:30:05 nimbus-eth1-mainnet-long-benchmark[1140193]: INF 2026-08-07 19:30:05.729+00:00 Imported blocks                            blockNumber=13271041 slot=1 blocks=13271040 txs=1291619527 mgas=83192060 bps=41.50 tps=7537 mgps=640.2 avgBps=120.8 avgTps=11758 avgMGps=757.4 elapsed=1d6h30m
Aug 07 19:33:28 nimbus-eth1-mainnet-long-benchmark[1140193]: INF 2026-08-07 19:33:28.982+00:00 Imported blocks                            blockNumber=13279233 slot=1 blocks=13279232 txs=1293102021 mgas=83318326 bps=40.30 tps=7293 mgps=621.2 avgBps=120.7 avgTps=11750 avgMGps=757.1 elapsed=1d6h34m
Aug 07 19:36:52 nimbus-eth1-mainnet-long-benchmark[1140193]: INF 2026-08-07 19:36:52.231+00:00 Imported blocks                            blockNumber=13287425 slot=1 blocks=13287424 txs=1294642727 mgas=83444616 bps=40.31 tps=7580 mgps=621.4 avgBps=120.5 avgTps=11742 avgMGps=756.9 elapsed=1d6h37m
Aug 07 19:40:16 nimbus-eth1-mainnet-long-benchmark[1140193]: INF 2026-08-07 19:40:16.548+00:00 Imported blocks                            blockNumber=13295617 slot=1 blocks=13295616 txs=1296073940 mgas=83571033 bps=40.09 tps=7004 mgps=618.7 avgBps=120.4 avgTps=11734 avgMGps=756.6 elapsed=1d6h40m
Aug 07 19:43:36 nimbus-eth1-mainnet-long-benchmark[1140193]: INF 2026-08-07 19:43:36.513+00:00 Imported blocks                            blockNumber=13303809 slot=1 blocks=13303808 txs=1297455582 mgas=83697410 bps=40.97 tps=6909 mgps=632.0 avgBps=120.2 avgTps=11725 avgMGps=756.4 elapsed=1d6h44m
Aug 07 19:46:53 nimbus-eth1-mainnet-long-benchmark[1140193]: INF 2026-08-07 19:46:53.569+00:00 Imported blocks                            blockNumber=13312001 slot=1 blocks=13312000 txs=1298880782 mgas=83823825 bps=41.57 tps=7232 mgps=641.5 avgBps=120.1 avgTps=11717 avgMGps=756.2 elapsed=1d6h47m
Aug 07 19:50:14 nimbus-eth1-mainnet-long-benchmark[1140193]: INF 2026-08-07 19:50:13.998+00:00 Imported blocks                            blockNumber=13320193 slot=1 blocks=13320192 txs=1300327224 mgas=83950258 bps=40.87 tps=7216 mgps=630.8 avgBps=119.9 avgTps=11709 avgMGps=756.0 elapsed=1d6h50m
Aug 07 19:53:33 nimbus-eth1-mainnet-long-benchmark[1140193]: INF 2026-08-07 19:53:33.431+00:00 Imported blocks                            blockNumber=13328385 slot=1 blocks=13328384 txs=1301778792 mgas=84076784 bps=41.08 tps=7278 mgps=634.4 avgBps=119.8 avgTps=11701 avgMGps=755.7 elapsed=1d6h54m
Aug 07 19:56:46 nimbus-eth1-mainnet-long-benchmark[1140193]: INF 2026-08-07 19:56:46.300+00:00 Imported blocks                            blockNumber=13336577 slot=1 blocks=13336576 txs=1303267242 mgas=84203227 bps=42.48 tps=7717 mgps=655.6 avgBps=119.7 avgTps=11694 avgMGps=755.6 elapsed=1d6h57m
Aug 07 20:00:18 nimbus-eth1-mainnet-long-benchmark[1140193]: INF 2026-08-07 20:00:18.197+00:00 Imported blocks                            blockNumber=13344769 slot=1 blocks=13344768 txs=1304716071 mgas=84329698 bps=38.66 tps=6837 mgps=596.9 avgBps=119.5 avgTps=11685 avgMGps=755.3 elapsed=1d7h54s
Aug 07 20:03:47 nimbus-eth1-mainnet-long-benchmark[1140193]: INF 2026-08-07 20:03:47.493+00:00 Imported blocks                            blockNumber=13352961 slot=1 blocks=13352960 txs=1306151457 mgas=84456172 bps=39.14 tps=6858 mgps=604.3 avgBps=119.4 avgTps=11676 avgMGps=755.0 elapsed=1d7h4m
Aug 07 20:07:05 nimbus-eth1-mainnet-long-benchmark[1140193]: INF 2026-08-07 20:07:04.998+00:00 Imported blocks                            blockNumber=13361153 slot=1 blocks=13361152 txs=1307688661 mgas=84582713 bps=41.48 tps=7783 mgps=640.7 avgBps=119.2 avgTps=11669 avgMGps=754.8 elapsed=1d7h7m
Aug 07 20:10:25 nimbus-eth1-mainnet-long-benchmark[1140193]: INF 2026-08-07 20:10:25.331+00:00 Imported blocks                            blockNumber=13369345 slot=1 blocks=13369344 txs=1309395020 mgas=84709096 bps=40.89 tps=8517 mgps=630.9 avgBps=119.1 avgTps=11663 avgMGps=754.6 elapsed=1d7h11m
Aug 07 20:13:44 nimbus-eth1-mainnet-long-benchmark[1140193]: INF 2026-08-07 20:13:44.000+00:00 Imported blocks                            blockNumber=13377537 slot=1 blocks=13377536 txs=1311134336 mgas=84835548 bps=41.23 tps=8754 mgps=636.5 avgBps=119.0 avgTps=11658 avgMGps=754.4 elapsed=1d7h14m
Aug 07 20:17:04 nimbus-eth1-mainnet-long-benchmark[1140193]: INF 2026-08-07 20:17:04.005+00:00 Imported blocks                            blockNumber=13385729 slot=1 blocks=13385728 txs=1312693933 mgas=84962012 bps=40.96 tps=7797 mgps=632.3 avgBps=118.8 avgTps=11651 avgMGps=754.1 elapsed=1d7h17m
Aug 07 20:20:31 nimbus-eth1-mainnet-long-benchmark[1140193]: INF 2026-08-07 20:20:31.449+00:00 Imported blocks                            blockNumber=13393921 slot=1 blocks=13393920 txs=1314158261 mgas=85088480 bps=39.49 tps=7058 mgps=609.7 avgBps=118.7 avgTps=11643 avgMGps=753.9 elapsed=1d7h21m
Aug 07 20:23:49 nimbus-eth1-mainnet-long-benchmark[1140193]: INF 2026-08-07 20:23:49.146+00:00 Imported blocks                            blockNumber=13402113 slot=1 blocks=13402112 txs=1315685809 mgas=85215099 bps=41.44 tps=7726 mgps=640.5 avgBps=118.5 avgTps=11636 avgMGps=753.7 elapsed=1d7h24m
Aug 07 20:27:10 nimbus-eth1-mainnet-long-benchmark[1140193]: INF 2026-08-07 20:27:10.727+00:00 Imported blocks                            blockNumber=13410305 slot=1 blocks=13410304 txs=1317226376 mgas=85341612 bps=40.64 tps=7642 mgps=627.6 avgBps=118.4 avgTps=11629 avgMGps=753.5 elapsed=1d7h27m
Aug 07 20:30:29 nimbus-eth1-mainnet-long-benchmark[1140193]: INF 2026-08-07 20:30:29.080+00:00 Imported blocks                            blockNumber=13418497 slot=1 blocks=13418496 txs=1318805417 mgas=85468269 bps=41.30 tps=7960 mgps=638.6 avgBps=118.3 avgTps=11622 avgMGps=753.3 elapsed=1d7h31m
Aug 07 20:33:42 nimbus-eth1-mainnet-long-benchmark[1140193]: INF 2026-08-07 20:33:42.569+00:00 Imported blocks                            blockNumber=13426689 slot=1 blocks=13426688 txs=1320457421 mgas=85594671 bps=42.34 tps=8537 mgps=653.3 avgBps=118.1 avgTps=11617 avgMGps=753.1 elapsed=1d7h34m
Aug 07 20:37:09 nimbus-eth1-mainnet-long-benchmark[1140193]: INF 2026-08-07 20:37:09.285+00:00 Imported blocks                            blockNumber=13434881 slot=1 blocks=13434880 txs=1321941679 mgas=85721047 bps=39.63 tps=7180 mgps=611.3 avgBps=118.0 avgTps=11609 avgMGps=752.8 elapsed=1d7h37m
Aug 07 20:40:44 nimbus-eth1-mainnet-long-benchmark[1140193]: INF 2026-08-07 20:40:44.142+00:00 Imported blocks                            blockNumber=13443073 slot=1 blocks=13443072 txs=1323495064 mgas=85847571 bps=38.13 tps=7229 mgps=588.9 avgBps=117.8 avgTps=11601 avgMGps=752.5 elapsed=1d7h41m
Aug 07 20:44:06 nimbus-eth1-mainnet-long-benchmark[1140193]: INF 2026-08-07 20:44:06.931+00:00 Imported blocks                            blockNumber=13451265 slot=1 blocks=13451264 txs=1325040570 mgas=85973964 bps=40.40 tps=7621 mgps=623.3 avgBps=117.7 avgTps=11594 avgMGps=752.3 elapsed=1d7h44m
Aug 07 20:47:35 nimbus-eth1-mainnet-long-benchmark[1140193]: INF 2026-08-07 20:47:35.919+00:00 Imported blocks                            blockNumber=13459457 slot=1 blocks=13459456 txs=1326658230 mgas=86100474 bps=39.20 tps=7740 mgps=605.3 avgBps=117.6 avgTps=11587 avgMGps=752.0 elapsed=1d7h48m
Aug 07 20:51:02 nimbus-eth1-mainnet-long-benchmark[1140193]: INF 2026-08-07 20:51:02.516+00:00 Imported blocks                            blockNumber=13467649 slot=1 blocks=13467648 txs=1328275390 mgas=86227013 bps=39.65 tps=7827 mgps=612.5 avgBps=117.4 avgTps=11580 avgMGps=751.8 elapsed=1d7h51m
Aug 07 20:54:31 nimbus-eth1-mainnet-long-benchmark[1140193]: INF 2026-08-07 20:54:31.445+00:00 Imported blocks                            blockNumber=13475841 slot=1 blocks=13475840 txs=1329873278 mgas=86353618 bps=39.21 tps=7647 mgps=606.0 avgBps=117.3 avgTps=11573 avgMGps=751.5 elapsed=1d7h55m
Aug 07 20:58:01 nimbus-eth1-mainnet-long-benchmark[1140193]: INF 2026-08-07 20:58:01.185+00:00 Imported blocks                            blockNumber=13484033 slot=1 blocks=13484032 txs=1331480832 mgas=86480197 bps=39.06 tps=7664 mgps=603.5 avgBps=117.1 avgTps=11566 avgMGps=751.2 elapsed=1d7h58m
Aug 07 21:01:28 nimbus-eth1-mainnet-long-benchmark[1140193]: INF 2026-08-07 21:01:28.374+00:00 Imported blocks                            blockNumber=13492225 slot=1 blocks=13492224 txs=1333173983 mgas=86606708 bps=39.54 tps=8172 mgps=610.6 avgBps=117.0 avgTps=11560 avgMGps=751.0 elapsed=1d8h2m
Aug 07 21:04:45 nimbus-eth1-mainnet-long-benchmark[1140193]: INF 2026-08-07 21:04:45.515+00:00 Imported blocks                            blockNumber=13500417 slot=1 blocks=13500416 txs=1334904938 mgas=86733322 bps=41.55 tps=8780 mgps=642.2 avgBps=116.9 avgTps=11555 avgMGps=750.8 elapsed=1d8h5m
Aug 07 21:07:59 nimbus-eth1-mainnet-long-benchmark[1140193]: INF 2026-08-07 21:07:59.848+00:00 Imported blocks                            blockNumber=13508609 slot=1 blocks=13508608 txs=1336811968 mgas=86859774 bps=42.15 tps=9813 mgps=650.7 avgBps=116.7 avgTps=11552 avgMGps=750.6 elapsed=1d8h8m
Aug 07 21:11:20 nimbus-eth1-mainnet-long-benchmark[1140193]: INF 2026-08-07 21:11:20.161+00:00 Imported blocks                            blockNumber=13516801 slot=1 blocks=13516800 txs=1338672694 mgas=86986318 bps=40.90 tps=9289 mgps=631.7 avgBps=116.6 avgTps=11548 avgMGps=750.4 elapsed=1d8h11m
Aug 07 21:14:39 nimbus-eth1-mainnet-long-benchmark[1140193]: INF 2026-08-07 21:14:39.854+00:00 Imported blocks                            blockNumber=13524993 slot=1 blocks=13524992 txs=1340416192 mgas=87112821 bps=41.02 tps=8730 mgps=633.5 avgBps=116.5 avgTps=11543 avgMGps=750.2 elapsed=1d8h15m
Aug 07 21:18:01 nimbus-eth1-mainnet-long-benchmark[1140193]: INF 2026-08-07 21:18:01.350+00:00 Imported blocks                            blockNumber=13533185 slot=1 blocks=13533184 txs=1342115747 mgas=87239358 bps=40.66 tps=8434 mgps=628.0 avgBps=116.3 avgTps=11538 avgMGps=750.0 elapsed=1d8h18m
Aug 07 21:21:21 nimbus-eth1-mainnet-long-benchmark[1140193]: INF 2026-08-07 21:21:21.507+00:00 Imported blocks                            blockNumber=13541377 slot=1 blocks=13541376 txs=1343913427 mgas=87365802 bps=40.93 tps=8981 mgps=631.7 avgBps=116.2 avgTps=11533 avgMGps=749.8 elapsed=1d8h21m
Aug 07 21:24:54 nimbus-eth1-mainnet-long-benchmark[1140193]: INF 2026-08-07 21:24:54.768+00:00 Imported blocks                            blockNumber=13549569 slot=1 blocks=13549568 txs=1345719839 mgas=87492241 bps=38.41 tps=8470 mgps=592.9 avgBps=116.1 avgTps=11528 avgMGps=749.5 elapsed=1d8h25m
Aug 07 21:28:22 nimbus-eth1-mainnet-long-benchmark[1140193]: INF 2026-08-07 21:28:22.244+00:00 Imported blocks                            blockNumber=13557761 slot=1 blocks=13557760 txs=1347446083 mgas=87618720 bps=39.48 tps=8320 mgps=609.6 avgBps=115.9 avgTps=11522 avgMGps=749.3 elapsed=1d8h28m
Aug 07 21:31:55 nimbus-eth1-mainnet-long-benchmark[1140193]: INF 2026-08-07 21:31:55.321+00:00 Imported blocks                            blockNumber=13565953 slot=1 blocks=13565952 txs=1349084368 mgas=87745067 bps=38.45 tps=7688 mgps=593.0 avgBps=115.8 avgTps=11515 avgMGps=749.0 elapsed=1d8h32m
Aug 07 21:35:39 nimbus-eth1-mainnet-long-benchmark[1140193]: INF 2026-08-07 21:35:39.293+00:00 Imported blocks                            blockNumber=13574145 slot=1 blocks=13574144 txs=1350719082 mgas=87871516 bps=36.58 tps=7298 mgps=564.6 avgBps=115.6 avgTps=11507 avgMGps=748.6 elapsed=1d8h36m
Aug 07 21:39:04 nimbus-eth1-mainnet-long-benchmark[1140193]: INF 2026-08-07 21:39:04.282+00:00 Imported blocks                            blockNumber=13582337 slot=1 blocks=13582336 txs=1352438021 mgas=87998042 bps=39.96 tps=8385 mgps=617.2 avgBps=115.5 avgTps=11502 avgMGps=748.4 elapsed=1d8h39m
Aug 07 21:42:26 nimbus-eth1-mainnet-long-benchmark[1140193]: INF 2026-08-07 21:42:26.591+00:00 Imported blocks                            blockNumber=13590529 slot=1 blocks=13590528 txs=1354206734 mgas=88124459 bps=40.49 tps=8742 mgps=624.9 avgBps=115.4 avgTps=11497 avgMGps=748.2 elapsed=1d8h43m
Aug 07 21:45:48 nimbus-eth1-mainnet-long-benchmark[1140193]: INF 2026-08-07 21:45:48.096+00:00 Imported blocks                            blockNumber=13598721 slot=1 blocks=13598720 txs=1355938310 mgas=88250869 bps=40.65 tps=8593 mgps=627.3 avgBps=115.3 avgTps=11492 avgMGps=748.0 elapsed=1d8h46m
Aug 07 21:49:08 nimbus-eth1-mainnet-long-benchmark[1140193]: INF 2026-08-07 21:49:08.033+00:00 Imported blocks                            blockNumber=13606913 slot=1 blocks=13606912 txs=1357653006 mgas=88377064 bps=40.97 tps=8576 mgps=631.2 avgBps=115.1 avgTps=11487 avgMGps=747.8 elapsed=1d8h49m
Aug 07 21:52:42 nimbus-eth1-mainnet-long-benchmark[1140193]: INF 2026-08-07 21:52:42.093+00:00 Imported blocks                            blockNumber=13615105 slot=1 blocks=13615104 txs=1359315695 mgas=88503397 bps=38.27 tps=7767 mgps=590.2 avgBps=115.0 avgTps=11480 avgMGps=747.5 elapsed=1d8h53m
Aug 07 21:56:01 nimbus-eth1-mainnet-long-benchmark[1140193]: INF 2026-08-07 21:56:01.658+00:00 Imported blocks                            blockNumber=13623297 slot=1 blocks=13623296 txs=1360975039 mgas=88629751 bps=41.05 tps=8314 mgps=633.2 avgBps=114.9 avgTps=11475 avgMGps=747.3 elapsed=1d8h56m
Aug 07 21:59:26 nimbus-eth1-mainnet-long-benchmark[1140193]: INF 2026-08-07 21:59:26.235+00:00 Imported blocks                            blockNumber=13631489 slot=1 blocks=13631488 txs=1362663365 mgas=88755919 bps=40.04 tps=8252 mgps=616.7 avgBps=114.7 avgTps=11470 avgMGps=747.1 elapsed=1d9h2s
Aug 07 22:02:57 nimbus-eth1-mainnet-long-benchmark[1140193]: INF 2026-08-07 22:02:57.663+00:00 Imported blocks                            blockNumber=13639681 slot=1 blocks=13639680 txs=1364403708 mgas=88882277 bps=38.75 tps=8231 mgps=597.6 avgBps=114.6 avgTps=11464 avgMGps=746.8 elapsed=1d9h3m
Aug 07 22:06:21 nimbus-eth1-mainnet-long-benchmark[1140193]: INF 2026-08-07 22:06:21.888+00:00 Imported blocks                            blockNumber=13647873 slot=1 blocks=13647872 txs=1366060245 mgas=89008598 bps=40.11 tps=8111 mgps=618.5 avgBps=114.5 avgTps=11458 avgMGps=746.6 elapsed=1d9h6m
Aug 07 22:09:53 nimbus-eth1-mainnet-long-benchmark[1140193]: INF 2026-08-07 22:09:53.609+00:00 Imported blocks                            blockNumber=13656065 slot=1 blocks=13656064 txs=1367565027 mgas=89134827 bps=38.69 tps=7107 mgps=596.2 avgBps=114.3 avgTps=11450 avgMGps=746.3 elapsed=1d9h10m
Aug 07 22:13:25 nimbus-eth1-mainnet-long-benchmark[1140193]: INF 2026-08-07 22:13:25.525+00:00 Imported blocks                            blockNumber=13664257 slot=1 blocks=13664256 txs=1369192144 mgas=89261151 bps=38.66 tps=7678 mgps=596.1 avgBps=114.2 avgTps=11444 avgMGps=746.1 elapsed=1d9h14m
Aug 07 22:16:48 nimbus-eth1-mainnet-long-benchmark[1140193]: INF 2026-08-07 22:16:48.314+00:00 Imported blocks                            blockNumber=13672449 slot=1 blocks=13672448 txs=1370809516 mgas=89387549 bps=40.40 tps=7975 mgps=623.3 avgBps=114.1 avgTps=11438 avgMGps=745.9 elapsed=1d9h17m
Aug 07 22:20:17 nimbus-eth1-mainnet-long-benchmark[1140193]: INF 2026-08-07 22:20:17.111+00:00 Imported blocks                            blockNumber=13680641 slot=1 blocks=13680640 txs=1372527198 mgas=89513734 bps=39.23 tps=8226 mgps=604.4 avgBps=114.0 avgTps=11432 avgMGps=745.6 elapsed=1d9h20m
Aug 07 22:23:47 nimbus-eth1-mainnet-long-benchmark[1140193]: INF 2026-08-07 22:23:47.227+00:00 Imported blocks                            blockNumber=13688833 slot=1 blocks=13688832 txs=1374209073 mgas=89640153 bps=38.99 tps=8004 mgps=601.6 avgBps=113.8 avgTps=11426 avgMGps=745.4 elapsed=1d9h24m
Aug 07 22:27:19 nimbus-eth1-mainnet-long-benchmark[1140193]: INF 2026-08-07 22:27:19.196+00:00 Imported blocks                            blockNumber=13697025 slot=1 blocks=13697024 txs=1375869015 mgas=89766367 bps=38.65 tps=7831 mgps=595.4 avgBps=113.7 avgTps=11420 avgMGps=745.1 elapsed=1d9h27m
Aug 07 22:30:48 nimbus-eth1-mainnet-long-benchmark[1140193]: INF 2026-08-07 22:30:48.536+00:00 Imported blocks                            blockNumber=13705217 slot=1 blocks=13705216 txs=1377362106 mgas=89892810 bps=39.13 tps=7132 mgps=604.0 avgBps=113.6 avgTps=11412 avgMGps=744.9 elapsed=1d9h31m
Aug 07 22:34:16 nimbus-eth1-mainnet-long-benchmark[1140193]: INF 2026-08-07 22:34:16.857+00:00 Imported blocks                            blockNumber=13713409 slot=1 blocks=13713408 txs=1379002083 mgas=90019155 bps=39.32 tps=7872 mgps=606.5 avgBps=113.4 avgTps=11406 avgMGps=744.6 elapsed=1d9h34m
Aug 07 22:37:38 nimbus-eth1-mainnet-long-benchmark[1140193]: INF 2026-08-07 22:37:38.022+00:00 Imported blocks                            blockNumber=13721601 slot=1 blocks=13721600 txs=1380639811 mgas=90145562 bps=40.72 tps=8141 mgps=628.4 avgBps=113.3 avgTps=11401 avgMGps=744.4 elapsed=1d9h38m
Aug 07 22:41:06 nimbus-eth1-mainnet-long-benchmark[1140193]: INF 2026-08-07 22:41:06.262+00:00 Imported blocks                            blockNumber=13729793 slot=1 blocks=13729792 txs=1382302579 mgas=90271817 bps=39.34 tps=7984 mgps=606.3 avgBps=113.2 avgTps=11395 avgMGps=744.2 elapsed=1d9h41m
Aug 07 22:44:37 nimbus-eth1-mainnet-long-benchmark[1140193]: INF 2026-08-07 22:44:37.647+00:00 Imported blocks                            blockNumber=13737985 slot=1 blocks=13737984 txs=1383874808 mgas=90398300 bps=38.75 tps=7437 mgps=598.3 avgBps=113.1 avgTps=11388 avgMGps=743.9 elapsed=1d9h45m
Aug 07 22:48:13 nimbus-eth1-mainnet-long-benchmark[1140193]: INF 2026-08-07 22:48:13.440+00:00 Imported blocks                            blockNumber=13746177 slot=1 blocks=13746176 txs=1385501332 mgas=90524376 bps=37.96 tps=7537 mgps=584.2 avgBps=112.9 avgTps=11381 avgMGps=743.7 elapsed=1d9h48m
Aug 07 22:51:55 nimbus-eth1-mainnet-long-benchmark[1140193]: INF 2026-08-07 22:51:55.504+00:00 Imported blocks                            blockNumber=13754369 slot=1 blocks=13754368 txs=1387310478 mgas=90650763 bps=36.89 tps=8146 mgps=569.1 avgBps=112.8 avgTps=11375 avgMGps=743.3 elapsed=1d9h52m
Aug 07 22:55:29 nimbus-eth1-mainnet-long-benchmark[1140193]: INF 2026-08-07 22:55:29.097+00:00 Imported blocks                            blockNumber=13762561 slot=1 blocks=13762560 txs=1388914426 mgas=90777119 bps=38.35 tps=7509 mgps=591.6 avgBps=112.7 avgTps=11369 avgMGps=743.1 elapsed=1d9h56m
Aug 07 22:59:10 nimbus-eth1-mainnet-long-benchmark[1140193]: INF 2026-08-07 22:59:10.469+00:00 Imported blocks                            blockNumber=13770753 slot=1 blocks=13770752 txs=1390627436 mgas=90903482 bps=37.01 tps=7738 mgps=570.8 avgBps=112.5 avgTps=11362 avgMGps=742.8 elapsed=1d9h59m
Aug 07 23:02:49 nimbus-eth1-mainnet-long-benchmark[1140193]: INF 2026-08-07 23:02:49.825+00:00 Imported blocks                            blockNumber=13778945 slot=1 blocks=13778944 txs=1392222598 mgas=91029840 bps=37.35 tps=7272 mgps=576.0 avgBps=112.4 avgTps=11355 avgMGps=742.5 elapsed=1d10h3m
Aug 07 23:06:21 nimbus-eth1-mainnet-long-benchmark[1140193]: INF 2026-08-07 23:06:21.326+00:00 Imported blocks                            blockNumber=13787137 slot=1 blocks=13787136 txs=1393725893 mgas=91156434 bps=38.73 tps=7107 mgps=598.6 avgBps=112.3 avgTps=11347 avgMGps=742.2 elapsed=1d10h6m
Aug 07 23:09:59 nimbus-eth1-mainnet-long-benchmark[1140193]: INF 2026-08-07 23:09:59.330+00:00 Imported blocks                            blockNumber=13795329 slot=1 blocks=13795328 txs=1395218342 mgas=91283089 bps=37.58 tps=6845 mgps=581.0 avgBps=112.1 avgTps=11339 avgMGps=741.9 elapsed=1d10h10m
Aug 07 23:13:33 nimbus-eth1-mainnet-long-benchmark[1140193]: INF 2026-08-07 23:13:33.831+00:00 Imported blocks                            blockNumber=13803521 slot=1 blocks=13803520 txs=1396769123 mgas=91409571 bps=38.19 tps=7229 mgps=589.6 avgBps=112.0 avgTps=11332 avgMGps=741.7 elapsed=1d10h14m
Aug 07 23:17:06 nimbus-eth1-mainnet-long-benchmark[1140193]: INF 2026-08-07 23:17:06.412+00:00 Imported blocks                            blockNumber=13811713 slot=1 blocks=13811712 txs=1398370493 mgas=91536126 bps=38.54 tps=7533 mgps=595.3 avgBps=111.9 avgTps=11326 avgMGps=741.4 elapsed=1d10h17m
Aug 07 23:20:39 nimbus-eth1-mainnet-long-benchmark[1140193]: INF 2026-08-07 23:20:39.820+00:00 Imported blocks                            blockNumber=13819905 slot=1 blocks=13819904 txs=1399870484 mgas=91662726 bps=38.39 tps=7028 mgps=593.2 avgBps=111.7 avgTps=11318 avgMGps=741.2 elapsed=1d10h21m
Aug 07 23:24:09 nimbus-eth1-mainnet-long-benchmark[1140193]: INF 2026-08-07 23:24:09.401+00:00 Imported blocks                            blockNumber=13828097 slot=1 blocks=13828096 txs=1401450084 mgas=91789153 bps=39.09 tps=7537 mgps=603.2 avgBps=111.6 avgTps=11312 avgMGps=740.9 elapsed=1d10h24m
Aug 07 23:27:48 nimbus-eth1-mainnet-long-benchmark[1140193]: INF 2026-08-07 23:27:48.817+00:00 Imported blocks                            blockNumber=13836289 slot=1 blocks=13836288 txs=1402902002 mgas=91915742 bps=37.34 tps=6617 mgps=576.9 avgBps=111.5 avgTps=11304 avgMGps=740.6 elapsed=1d10h28m
Aug 07 23:31:18 nimbus-eth1-mainnet-long-benchmark[1140193]: INF 2026-08-07 23:31:18.462+00:00 Imported blocks                            blockNumber=13844481 slot=1 blocks=13844480 txs=1404387913 mgas=92042414 bps=39.08 tps=7087 mgps=604.2 avgBps=111.4 avgTps=11297 avgMGps=740.4 elapsed=1d10h31m
Aug 07 23:34:43 nimbus-eth1-mainnet-long-benchmark[1140193]: INF 2026-08-07 23:34:43.979+00:00 Imported blocks                            blockNumber=13852673 slot=1 blocks=13852672 txs=1405898334 mgas=92168845 bps=39.86 tps=7349 mgps=615.2 avgBps=111.2 avgTps=11290 avgMGps=740.2 elapsed=1d10h35m
Aug 07 23:38:13 nimbus-eth1-mainnet-long-benchmark[1140193]: INF 2026-08-07 23:38:13.095+00:00 Imported blocks                            blockNumber=13860865 slot=1 blocks=13860864 txs=1407488903 mgas=92295362 bps=39.17 tps=7605 mgps=605.0 avgBps=111.1 avgTps=11284 avgMGps=740.0 elapsed=1d10h38m
Aug 07 23:41:48 nimbus-eth1-mainnet-long-benchmark[1140193]: INF 2026-08-07 23:41:48.404+00:00 Imported blocks                            blockNumber=13869057 slot=1 blocks=13869056 txs=1409104568 mgas=92421866 bps=38.05 tps=7503 mgps=587.5 avgBps=111.0 avgTps=11277 avgMGps=739.7 elapsed=1d10h42m
Aug 07 23:45:15 nimbus-eth1-mainnet-long-benchmark[1140193]: INF 2026-08-07 23:45:15.952+00:00 Imported blocks                            blockNumber=13877249 slot=1 blocks=13877248 txs=1410761907 mgas=92548361 bps=39.47 tps=7985 mgps=609.5 avgBps=110.9 avgTps=11272 avgMGps=739.5 elapsed=1d10h45m
Aug 07 23:48:55 nimbus-eth1-mainnet-long-benchmark[1140193]: INF 2026-08-07 23:48:55.137+00:00 Imported blocks                            blockNumber=13885441 slot=1 blocks=13885440 txs=1412292902 mgas=92674993 bps=37.37 tps=6984 mgps=577.7 avgBps=110.8 avgTps=11264 avgMGps=739.2 elapsed=1d10h49m
Aug 07 23:52:32 nimbus-eth1-mainnet-long-benchmark[1140193]: INF 2026-08-07 23:52:32.109+00:00 Imported blocks                            blockNumber=13893633 slot=1 blocks=13893632 txs=1413886023 mgas=92801299 bps=37.76 tps=7342 mgps=582.1 avgBps=110.6 avgTps=11258 avgMGps=738.9 elapsed=1d10h53m
Aug 07 23:55:53 nimbus-eth1-mainnet-long-benchmark[1140193]: INF 2026-08-07 23:55:53.282+00:00 Imported blocks                            blockNumber=13901825 slot=1 blocks=13901824 txs=1415480803 mgas=92927927 bps=40.72 tps=7927 mgps=629.4 avgBps=110.5 avgTps=11252 avgMGps=738.8 elapsed=1d10h56m
Aug 07 23:59:21 nimbus-eth1-mainnet-long-benchmark[1140193]: INF 2026-08-07 23:59:21.243+00:00 Imported blocks                            blockNumber=13910017 slot=1 blocks=13910016 txs=1417055782 mgas=93054440 bps=39.39 tps=7573 mgps=608.3 avgBps=110.4 avgTps=11246 avgMGps=738.5 elapsed=1d10h59m
Aug 08 00:03:05 nimbus-eth1-mainnet-long-benchmark[1140193]: INF 2026-08-08 00:03:05.263+00:00 Imported blocks                            blockNumber=13918209 slot=1 blocks=13918208 txs=1418584319 mgas=93180935 bps=36.57 tps=6823 mgps=564.7 avgBps=110.3 avgTps=11238 avgMGps=738.2 elapsed=1d11h3m
Aug 08 00:06:40 nimbus-eth1-mainnet-long-benchmark[1140193]: INF 2026-08-08 00:06:40.524+00:00 Imported blocks                            blockNumber=13926401 slot=1 blocks=13926400 txs=1420069885 mgas=93307516 bps=38.06 tps=6901 mgps=588.0 avgBps=110.1 avgTps=11231 avgMGps=738.0 elapsed=1d11h7m
Aug 08 00:10:18 nimbus-eth1-mainnet-long-benchmark[1140193]: INF 2026-08-08 00:10:18.412+00:00 Imported blocks                            blockNumber=13934593 slot=1 blocks=13934592 txs=1421586109 mgas=93434209 bps=37.60 tps=6958 mgps=581.5 avgBps=110.0 avgTps=11224 avgMGps=737.7 elapsed=1d11h10m
Aug 08 00:13:47 nimbus-eth1-mainnet-long-benchmark[1140193]: INF 2026-08-08 00:13:47.049+00:00 Imported blocks                            blockNumber=13942785 slot=1 blocks=13942784 txs=1423113033 mgas=93560789 bps=39.26 tps=7318 mgps=606.7 avgBps=109.9 avgTps=11217 avgMGps=737.5 elapsed=1d11h14m
Aug 08 00:17:30 nimbus-eth1-mainnet-long-benchmark[1140193]: INF 2026-08-08 00:17:30.549+00:00 Imported blocks                            blockNumber=13950977 slot=1 blocks=13950976 txs=1424708104 mgas=93687319 bps=36.65 tps=7136 mgps=566.1 avgBps=109.8 avgTps=11210 avgMGps=737.2 elapsed=1d11h18m
Aug 08 00:21:12 nimbus-eth1-mainnet-long-benchmark[1140193]: INF 2026-08-08 00:21:12.162+00:00 Imported blocks                            blockNumber=13959169 slot=1 blocks=13959168 txs=1426231240 mgas=93813820 bps=36.97 tps=6872 mgps=570.8 avgBps=109.6 avgTps=11202 avgMGps=736.9 elapsed=1d11h21m
Aug 08 00:24:49 nimbus-eth1-mainnet-long-benchmark[1140193]: INF 2026-08-08 00:24:49.266+00:00 Imported blocks                            blockNumber=13967361 slot=1 blocks=13967360 txs=1427730007 mgas=93940416 bps=37.73 tps=6903 mgps=583.1 avgBps=109.5 avgTps=11195 avgMGps=736.6 elapsed=1d11h25m
Aug 08 00:28:14 nimbus-eth1-mainnet-long-benchmark[1140193]: INF 2026-08-08 00:28:14.575+00:00 Imported blocks                            blockNumber=13975553 slot=1 blocks=13975552 txs=1429136929 mgas=94067012 bps=39.90 tps=6852 mgps=616.6 avgBps=109.4 avgTps=11188 avgMGps=736.4 elapsed=1d11h28m
Aug 08 00:31:37 nimbus-eth1-mainnet-long-benchmark[1140193]: INF 2026-08-08 00:31:37.764+00:00 Imported blocks                            blockNumber=13983745 slot=1 blocks=13983744 txs=1430736426 mgas=94193517 bps=40.32 tps=7871 mgps=622.6 avgBps=109.3 avgTps=11183 avgMGps=736.3 elapsed=1d11h32m
Aug 08 00:35:09 nimbus-eth1-mainnet-long-benchmark[1140193]: INF 2026-08-08 00:35:09.092+00:00 Imported blocks                            blockNumber=13991937 slot=1 blocks=13991936 txs=1432359914 mgas=94320155 bps=38.76 tps=7682 mgps=599.3 avgBps=109.2 avgTps=11177 avgMGps=736.0 elapsed=1d11h35m
Aug 08 00:38:36 nimbus-eth1-mainnet-long-benchmark[1140193]: INF 2026-08-08 00:38:36.461+00:00 Imported blocks                            blockNumber=14000129 slot=1 blocks=14000128 txs=1433982306 mgas=94446733 bps=39.51 tps=7823 mgps=610.4 avgBps=109.1 avgTps=11172 avgMGps=735.8 elapsed=1d11h39m
Aug 08 00:41:57 nimbus-eth1-mainnet-long-benchmark[1140193]: INF 2026-08-08 00:41:57.414+00:00 Imported blocks                            blockNumber=14008321 slot=1 blocks=14008320 txs=1435521887 mgas=94573271 bps=40.77 tps=7661 mgps=629.7 avgBps=109.0 avgTps=11166 avgMGps=735.7 elapsed=1d11h42m
Aug 08 00:45:41 nimbus-eth1-mainnet-long-benchmark[1140193]: INF 2026-08-08 00:45:41.942+00:00 Imported blocks                            blockNumber=14016513 slot=1 blocks=14016512 txs=1437001021 mgas=94699836 bps=36.49 tps=6587 mgps=563.7 avgBps=108.8 avgTps=11158 avgMGps=735.4 elapsed=1d11h46m
Aug 08 00:49:16 nimbus-eth1-mainnet-long-benchmark[1140193]: INF 2026-08-08 00:49:16.635+00:00 Imported blocks                            blockNumber=14024705 slot=1 blocks=14024704 txs=1438503468 mgas=94826425 bps=38.16 tps=6998 mgps=589.6 avgBps=108.7 avgTps=11151 avgMGps=735.1 elapsed=1d11h49m
Aug 08 00:52:52 nimbus-eth1-mainnet-long-benchmark[1140193]: INF 2026-08-08 00:52:51.995+00:00 Imported blocks                            blockNumber=14032897 slot=1 blocks=14032896 txs=1439982231 mgas=94952913 bps=38.04 tps=6866 mgps=587.3 avgBps=108.6 avgTps=11144 avgMGps=734.9 elapsed=1d11h53m
Aug 08 00:56:26 nimbus-eth1-mainnet-long-benchmark[1140193]: INF 2026-08-08 00:56:26.716+00:00 Imported blocks                            blockNumber=14041089 slot=1 blocks=14041088 txs=1441515977 mgas=95079541 bps=38.15 tps=7143 mgps=589.7 avgBps=108.5 avgTps=11138 avgMGps=734.6 elapsed=1d11h57m
Aug 08 01:00:00 nimbus-eth1-mainnet-long-benchmark[1140193]: INF 2026-08-08 01:00:00.176+00:00 Imported blocks                            blockNumber=14049281 slot=1 blocks=14049280 txs=1443035715 mgas=95206136 bps=38.38 tps=7119 mgps=593.1 avgBps=108.4 avgTps=11131 avgMGps=734.4 elapsed=1d12h36s
Aug 08 01:03:36 nimbus-eth1-mainnet-long-benchmark[1140193]: INF 2026-08-08 01:03:36.841+00:00 Imported blocks                            blockNumber=14057473 slot=1 blocks=14057472 txs=1444555208 mgas=95332664 bps=37.81 tps=7013 mgps=584.0 avgBps=108.3 avgTps=11124 avgMGps=734.2 elapsed=1d12h4m
Aug 08 01:07:02 nimbus-eth1-mainnet-long-benchmark[1140193]: INF 2026-08-08 01:07:02.481+00:00 Imported blocks                            blockNumber=14065665 slot=1 blocks=14065664 txs=1445934176 mgas=95459212 bps=39.84 tps=6705 mgps=615.4 avgBps=108.1 avgTps=11117 avgMGps=734.0 elapsed=1d12h7m
Aug 08 01:10:37 nimbus-eth1-mainnet-long-benchmark[1140193]: INF 2026-08-08 01:10:37.138+00:00 Imported blocks                            blockNumber=14073857 slot=1 blocks=14073856 txs=1447409002 mgas=95585650 bps=38.16 tps=6870 mgps=589.0 avgBps=108.0 avgTps=11110 avgMGps=733.7 elapsed=1d12h11m
Aug 08 01:14:13 nimbus-eth1-mainnet-long-benchmark[1140193]: INF 2026-08-08 01:14:13.343+00:00 Imported blocks                            blockNumber=14082049 slot=1 blocks=14082048 txs=1448870460 mgas=95712248 bps=37.89 tps=6759 mgps=585.5 avgBps=107.9 avgTps=11103 avgMGps=733.5 elapsed=1d12h14m
Aug 08 01:17:45 nimbus-eth1-mainnet-long-benchmark[1140193]: INF 2026-08-08 01:17:45.055+00:00 Imported blocks                            blockNumber=14090241 slot=1 blocks=14090240 txs=1450333774 mgas=95838713 bps=38.69 tps=6911 mgps=597.3 avgBps=107.8 avgTps=11096 avgMGps=733.3 elapsed=1d12h18m
Aug 08 01:21:14 nimbus-eth1-mainnet-long-benchmark[1140193]: INF 2026-08-08 01:21:14.948+00:00 Imported blocks                            blockNumber=14098433 slot=1 blocks=14098432 txs=1451774814 mgas=95965099 bps=39.03 tps=6865 mgps=602.1 avgBps=107.7 avgTps=11089 avgMGps=733.1 elapsed=1d12h21m
Aug 08 01:24:54 nimbus-eth1-mainnet-long-benchmark[1140193]: INF 2026-08-08 01:24:54.228+00:00 Imported blocks                            blockNumber=14106625 slot=1 blocks=14106624 txs=1453211267 mgas=96091590 bps=37.36 tps=6550 mgps=576.9 avgBps=107.6 avgTps=11082 avgMGps=732.8 elapsed=1d12h25m
Aug 08 01:28:32 nimbus-eth1-mainnet-long-benchmark[1140193]: INF 2026-08-08 01:28:32.449+00:00 Imported blocks                            blockNumber=14114817 slot=1 blocks=14114816 txs=1454708215 mgas=96218324 bps=37.54 tps=6859 mgps=580.8 avgBps=107.5 avgTps=11075 avgMGps=732.5 elapsed=1d12h29m
Aug 08 01:32:04 nimbus-eth1-mainnet-long-benchmark[1140193]: INF 2026-08-08 01:32:04.337+00:00 Imported blocks                            blockNumber=14123009 slot=1 blocks=14123008 txs=1456205202 mgas=96344866 bps=38.66 tps=7064 mgps=597.2 avgBps=107.3 avgTps=11068 avgMGps=732.3 elapsed=1d12h32m
Aug 08 01:35:41 nimbus-eth1-mainnet-long-benchmark[1140193]: INF 2026-08-08 01:35:41.474+00:00 Imported blocks                            blockNumber=14131201 slot=1 blocks=14131200 txs=1457658182 mgas=96471303 bps=37.73 tps=6691 mgps=582.3 avgBps=107.2 avgTps=11061 avgMGps=732.1 elapsed=1d12h36m
Aug 08 01:39:18 nimbus-eth1-mainnet-long-benchmark[1140193]: INF 2026-08-08 01:39:18.782+00:00 Imported blocks                            blockNumber=14139393 slot=1 blocks=14139392 txs=1459081368 mgas=96597875 bps=37.70 tps=6549 mgps=582.5 avgBps=107.1 avgTps=11054 avgMGps=731.8 elapsed=1d12h39m
Aug 08 01:43:02 nimbus-eth1-mainnet-long-benchmark[1140193]: INF 2026-08-08 01:43:02.175+00:00 Imported blocks                            blockNumber=14147585 slot=1 blocks=14147584 txs=1460650676 mgas=96724438 bps=36.67 tps=7024 mgps=566.5 avgBps=107.0 avgTps=11047 avgMGps=731.6 elapsed=1d12h43m
Aug 08 01:46:41 nimbus-eth1-mainnet-long-benchmark[1140193]: INF 2026-08-08 01:46:41.199+00:00 Imported blocks                            blockNumber=14155777 slot=1 blocks=14155776 txs=1462115211 mgas=96851010 bps=37.40 tps=6686 mgps=577.9 avgBps=106.9 avgTps=11040 avgMGps=731.3 elapsed=1d12h47m
Aug 08 01:50:20 nimbus-eth1-mainnet-long-benchmark[1140193]: INF 2026-08-08 01:50:20.024+00:00 Imported blocks                            blockNumber=14163969 slot=1 blocks=14163968 txs=1463594730 mgas=96977534 bps=37.44 tps=6761 mgps=578.2 avgBps=106.8 avgTps=11032 avgMGps=731.0 elapsed=1d12h50m
Aug 08 01:54:02 nimbus-eth1-mainnet-long-benchmark[1140193]: INF 2026-08-08 01:54:02.360+00:00 Imported blocks                            blockNumber=14172161 slot=1 blocks=14172160 txs=1465094043 mgas=97104003 bps=36.85 tps=6743 mgps=568.8 avgBps=106.7 avgTps=11025 avgMGps=730.8 elapsed=1d12h54m
Aug 08 01:57:40 nimbus-eth1-mainnet-long-benchmark[1140193]: INF 2026-08-08 01:57:40.185+00:00 Imported blocks                            blockNumber=14180353 slot=1 blocks=14180352 txs=1466659391 mgas=97230626 bps=37.61 tps=7186 mgps=581.3 avgBps=106.5 avgTps=11019 avgMGps=730.5 elapsed=1d12h58m
Aug 08 02:01:18 nimbus-eth1-mainnet-long-benchmark[1140193]: INF 2026-08-08 02:01:18.125+00:00 Imported blocks                            blockNumber=14188545 slot=1 blocks=14188544 txs=1468130221 mgas=97357091 bps=37.59 tps=6748 mgps=580.3 avgBps=106.4 avgTps=11012 avgMGps=730.3 elapsed=1d13h1m
Aug 08 02:04:56 nimbus-eth1-mainnet-long-benchmark[1140193]: INF 2026-08-08 02:04:56.461+00:00 Imported blocks                            blockNumber=14196737 slot=1 blocks=14196736 txs=1469530770 mgas=97483586 bps=37.52 tps=6414 mgps=579.4 avgBps=106.3 avgTps=11005 avgMGps=730.0 elapsed=1d13h5m
Aug 08 02:08:42 nimbus-eth1-mainnet-long-benchmark[1140193]: INF 2026-08-08 02:08:42.490+00:00 Imported blocks                            blockNumber=14204929 slot=1 blocks=14204928 txs=1470983875 mgas=97610339 bps=36.24 tps=6428 mgps=560.8 avgBps=106.2 avgTps=10997 avgMGps=729.8 elapsed=1d13h9m
Aug 08 02:12:18 nimbus-eth1-mainnet-long-benchmark[1140193]: INF 2026-08-08 02:12:18.826+00:00 Imported blocks                            blockNumber=14213121 slot=1 blocks=14213120 txs=1472443986 mgas=97736908 bps=37.87 tps=6749 mgps=585.1 avgBps=106.1 avgTps=10990 avgMGps=729.5 elapsed=1d13h12m
Aug 08 02:15:54 nimbus-eth1-mainnet-long-benchmark[1140193]: INF 2026-08-08 02:15:54.847+00:00 Imported blocks                            blockNumber=14221313 slot=1 blocks=14221312 txs=1473964445 mgas=97863560 bps=37.92 tps=7038 mgps=586.3 avgBps=106.0 avgTps=10984 avgMGps=729.3 elapsed=1d13h16m
Aug 08 02:19:35 nimbus-eth1-mainnet-long-benchmark[1140193]: INF 2026-08-08 02:19:35.799+00:00 Imported blocks                            blockNumber=14229505 slot=1 blocks=14229504 txs=1475463717 mgas=97990199 bps=37.08 tps=6785 mgps=573.1 avgBps=105.9 avgTps=10977 avgMGps=729.0 elapsed=1d13h20m
Aug 08 02:23:14 nimbus-eth1-mainnet-long-benchmark[1140193]: INF 2026-08-08 02:23:14.164+00:00 Imported blocks                            blockNumber=14237697 slot=1 blocks=14237696 txs=1477012661 mgas=98116939 bps=37.52 tps=7093 mgps=580.4 avgBps=105.8 avgTps=10970 avgMGps=728.8 elapsed=1d13h23m
Aug 08 02:27:08 nimbus-eth1-mainnet-long-benchmark[1140193]: INF 2026-08-08 02:27:08.556+00:00 Imported blocks                            blockNumber=14245889 slot=1 blocks=14245888 txs=1478646477 mgas=98243446 bps=34.95 tps=6970 mgps=539.7 avgBps=105.6 avgTps=10963 avgMGps=728.5 elapsed=1d13h27m
Aug 08 02:30:43 nimbus-eth1-mainnet-long-benchmark[1140193]: INF 2026-08-08 02:30:43.808+00:00 Imported blocks                            blockNumber=14254081 slot=1 blocks=14254080 txs=1480092096 mgas=98370170 bps=38.06 tps=6715 mgps=588.7 avgBps=105.5 avgTps=10957 avgMGps=728.2 elapsed=1d13h31m
Aug 08 02:34:18 nimbus-eth1-mainnet-long-benchmark[1140193]: INF 2026-08-08 02:34:18.293+00:00 Imported blocks                            blockNumber=14262273 slot=1 blocks=14262272 txs=1481523962 mgas=98496711 bps=38.19 tps=6675 mgps=590.0 avgBps=105.4 avgTps=10950 avgMGps=728.0 elapsed=1d13h34m
Aug 08 02:37:56 nimbus-eth1-mainnet-long-benchmark[1140193]: INF 2026-08-08 02:37:56.101+00:00 Imported blocks                            blockNumber=14270465 slot=1 blocks=14270464 txs=1483008014 mgas=98623220 bps=37.61 tps=6813 mgps=580.8 avgBps=105.3 avgTps=10943 avgMGps=727.8 elapsed=1d13h38m
Aug 08 02:41:34 nimbus-eth1-mainnet-long-benchmark[1140193]: INF 2026-08-08 02:41:34.322+00:00 Imported blocks                            blockNumber=14278657 slot=1 blocks=14278656 txs=1484457170 mgas=98749786 bps=37.54 tps=6640 mgps=580.0 avgBps=105.2 avgTps=10936 avgMGps=727.5 elapsed=1d13h42m
Aug 08 02:45:18 nimbus-eth1-mainnet-long-benchmark[1140193]: INF 2026-08-08 02:45:18.026+00:00 Imported blocks                            blockNumber=14286849 slot=1 blocks=14286848 txs=1485932097 mgas=98876484 bps=36.62 tps=6593 mgps=566.4 avgBps=105.1 avgTps=10929 avgMGps=727.3 elapsed=1d13h45m
Aug 08 02:48:58 nimbus-eth1-mainnet-long-benchmark[1140193]: INF 2026-08-08 02:48:58.631+00:00 Imported blocks                            blockNumber=14295041 slot=1 blocks=14295040 txs=1487325180 mgas=99003120 bps=37.13 tps=6314 mgps=574.0 avgBps=105.0 avgTps=10922 avgMGps=727.0 elapsed=1d13h49m
Aug 08 02:52:33 nimbus-eth1-mainnet-long-benchmark[1140193]: INF 2026-08-08 02:52:33.535+00:00 Imported blocks                            blockNumber=14303233 slot=1 blocks=14303232 txs=1488794773 mgas=99129714 bps=38.12 tps=6838 mgps=589.1 avgBps=104.9 avgTps=10915 avgMGps=726.8 elapsed=1d13h53m
Aug 08 02:56:11 nimbus-eth1-mainnet-long-benchmark[1140193]: INF 2026-08-08 02:56:11.020+00:00 Imported blocks                            blockNumber=14311425 slot=1 blocks=14311424 txs=1490306806 mgas=99256253 bps=37.67 tps=6952 mgps=581.8 avgBps=104.8 avgTps=10909 avgMGps=726.6 elapsed=1d13h56m
Aug 08 02:59:52 nimbus-eth1-mainnet-long-benchmark[1140193]: INF 2026-08-08 02:59:52.788+00:00 Imported blocks                            blockNumber=14319617 slot=1 blocks=14319616 txs=1491788177 mgas=99382830 bps=36.94 tps=6679 mgps=570.8 avgBps=104.7 avgTps=10902 avgMGps=726.3 elapsed=1d14h28s
Aug 08 03:03:33 nimbus-eth1-mainnet-long-benchmark[1140193]: INF 2026-08-08 03:03:33.812+00:00 Imported blocks                            blockNumber=14327809 slot=1 blocks=14327808 txs=1493218346 mgas=99509396 bps=37.06 tps=6470 mgps=572.6 avgBps=104.5 avgTps=10895 avgMGps=726.1 elapsed=1d14h4m
Aug 08 03:07:13 nimbus-eth1-mainnet-long-benchmark[1140193]: INF 2026-08-08 03:07:13.053+00:00 Imported blocks                            blockNumber=14336001 slot=1 blocks=14336000 txs=1494637496 mgas=99636119 bps=37.37 tps=6473 mgps=578.0 avgBps=104.4 avgTps=10888 avgMGps=725.8 elapsed=1d14h7m
Aug 08 03:10:57 nimbus-eth1-mainnet-long-benchmark[1140193]: INF 2026-08-08 03:10:57.149+00:00 Imported blocks                            blockNumber=14344193 slot=1 blocks=14344192 txs=1496117780 mgas=99762554 bps=36.56 tps=6605 mgps=564.2 avgBps=104.3 avgTps=10881 avgMGps=725.6 elapsed=1d14h11m
Aug 08 03:14:51 nimbus-eth1-mainnet-long-benchmark[1140193]: INF 2026-08-08 03:14:51.038+00:00 Imported blocks                            blockNumber=14352385 slot=1 blocks=14352384 txs=1497646328 mgas=99889031 bps=35.03 tps=6535 mgps=540.8 avgBps=104.2 avgTps=10874 avgMGps=725.3 elapsed=1d14h15m
Aug 08 03:18:45 nimbus-eth1-mainnet-long-benchmark[1140193]: INF 2026-08-08 03:18:45.518+00:00 Imported blocks                            blockNumber=14360577 slot=1 blocks=14360576 txs=1499193215 mgas=100015839 bps=34.94 tps=6597 mgps=540.8 avgBps=104.1 avgTps=10866 avgMGps=725.0 elapsed=1d14h19m
Aug 08 03:22:32 nimbus-eth1-mainnet-long-benchmark[1140193]: INF 2026-08-08 03:22:32.682+00:00 Imported blocks                            blockNumber=14368769 slot=1 blocks=14368768 txs=1500628724 mgas=100142411 bps=36.06 tps=6319 mgps=557.2 avgBps=104.0 avgTps=10859 avgMGps=724.7 elapsed=1d14h23m
Aug 08 03:26:19 nimbus-eth1-mainnet-long-benchmark[1140193]: INF 2026-08-08 03:26:19.458+00:00 Imported blocks                            blockNumber=14376961 slot=1 blocks=14376960 txs=1502015374 mgas=100268911 bps=36.12 tps=6114 mgps=557.8 avgBps=103.9 avgTps=10851 avgMGps=724.4 elapsed=1d14h26m
Aug 08 03:30:04 nimbus-eth1-mainnet-long-benchmark[1140193]: INF 2026-08-08 03:30:04.339+00:00 Imported blocks                            blockNumber=14385153 slot=1 blocks=14385152 txs=1503397597 mgas=100395563 bps=36.43 tps=6146 mgps=563.2 avgBps=103.8 avgTps=10843 avgMGps=724.1 elapsed=1d14h30m
Aug 08 03:33:48 nimbus-eth1-mainnet-long-benchmark[1140193]: INF 2026-08-08 03:33:48.259+00:00 Imported blocks                            blockNumber=14393345 slot=1 blocks=14393344 txs=1504885648 mgas=100522227 bps=36.58 tps=6645 mgps=565.7 avgBps=103.7 avgTps=10837 avgMGps=723.9 elapsed=1d14h34m
Aug 08 03:37:37 nimbus-eth1-mainnet-long-benchmark[1140193]: INF 2026-08-08 03:37:37.467+00:00 Imported blocks                            blockNumber=14401537 slot=1 blocks=14401536 txs=1506439582 mgas=100648773 bps=35.74 tps=6779 mgps=552.1 avgBps=103.5 avgTps=10830 avgMGps=723.6 elapsed=1d14h38m
Aug 08 03:41:19 nimbus-eth1-mainnet-long-benchmark[1140193]: INF 2026-08-08 03:41:19.288+00:00 Imported blocks                            blockNumber=14409729 slot=1 blocks=14409728 txs=1508073589 mgas=100775337 bps=36.93 tps=7366 mgps=570.6 avgBps=103.4 avgTps=10824 avgMGps=723.4 elapsed=1d14h41m
Aug 08 03:45:05 nimbus-eth1-mainnet-long-benchmark[1140193]: INF 2026-08-08 03:45:05.144+00:00 Imported blocks                            blockNumber=14417921 slot=1 blocks=14417920 txs=1509515789 mgas=100901918 bps=36.27 tps=6385 mgps=560.4 avgBps=103.3 avgTps=10817 avgMGps=723.1 elapsed=1d14h45m
Aug 08 03:48:58 nimbus-eth1-mainnet-long-benchmark[1140193]: INF 2026-08-08 03:48:58.896+00:00 Imported blocks                            blockNumber=14426113 slot=1 blocks=14426112 txs=1510929421 mgas=101028396 bps=35.05 tps=6047 mgps=541.1 avgBps=103.2 avgTps=10809 avgMGps=722.8 elapsed=1d14h49m
Aug 08 03:52:49 nimbus-eth1-mainnet-long-benchmark[1140193]: INF 2026-08-08 03:52:49.201+00:00 Imported blocks                            blockNumber=14434305 slot=1 blocks=14434304 txs=1512477530 mgas=101154947 bps=35.57 tps=6722 mgps=549.5 avgBps=103.1 avgTps=10803 avgMGps=722.5 elapsed=1d14h53m
Aug 08 03:56:39 nimbus-eth1-mainnet-long-benchmark[1140193]: INF 2026-08-08 03:56:39.485+00:00 Imported blocks                            blockNumber=14442497 slot=1 blocks=14442496 txs=1513948057 mgas=101281563 bps=35.57 tps=6385 mgps=549.8 avgBps=103.0 avgTps=10795 avgMGps=722.2 elapsed=1d14h57m
Aug 08 04:00:22 nimbus-eth1-mainnet-long-benchmark[1140193]: INF 2026-08-08 04:00:22.269+00:00 Imported blocks                            blockNumber=14450689 slot=1 blocks=14450688 txs=1515426491 mgas=101408240 bps=36.77 tps=6636 mgps=568.6 avgBps=102.9 avgTps=10789 avgMGps=722.0 elapsed=1d15h58s
Aug 08 04:04:04 nimbus-eth1-mainnet-long-benchmark[1140193]: INF 2026-08-08 04:04:04.962+00:00 Imported blocks                            blockNumber=14458881 slot=1 blocks=14458880 txs=1516885229 mgas=101534838 bps=36.79 tps=6550 mgps=568.5 avgBps=102.8 avgTps=10782 avgMGps=721.7 elapsed=1d15h4m
Aug 08 04:07:52 nimbus-eth1-mainnet-long-benchmark[1140193]: INF 2026-08-08 04:07:52.522+00:00 Imported blocks                            blockNumber=14467073 slot=1 blocks=14467072 txs=1518311743 mgas=101661241 bps=36.00 tps=6268 mgps=555.5 avgBps=102.7 avgTps=10775 avgMGps=721.5 elapsed=1d15h8m
Aug 08 04:11:43 nimbus-eth1-mainnet-long-benchmark[1140193]: INF 2026-08-08 04:11:43.026+00:00 Imported blocks                            blockNumber=14475265 slot=1 blocks=14475264 txs=1519793911 mgas=101787951 bps=35.54 tps=6430 mgps=549.7 avgBps=102.6 avgTps=10768 avgMGps=721.2 elapsed=1d15h12m
Aug 08 04:15:28 nimbus-eth1-mainnet-long-benchmark[1140193]: INF 2026-08-08 04:15:28.531+00:00 Imported blocks                            blockNumber=14483457 slot=1 blocks=14483456 txs=1521351379 mgas=101914491 bps=36.33 tps=6906 mgps=561.1 avgBps=102.5 avgTps=10761 avgMGps=720.9 elapsed=1d15h16m
Aug 08 04:19:12 nimbus-eth1-mainnet-long-benchmark[1140193]: INF 2026-08-08 04:19:12.791+00:00 Imported blocks                            blockNumber=14491649 slot=1 blocks=14491648 txs=1522821566 mgas=102040928 bps=36.53 tps=6555 mgps=563.8 avgBps=102.4 avgTps=10755 avgMGps=720.7 elapsed=1d15h19m
Aug 08 04:22:52 nimbus-eth1-mainnet-long-benchmark[1140193]: INF 2026-08-08 04:22:52.987+00:00 Imported blocks                            blockNumber=14499841 slot=1 blocks=14499840 txs=1524299533 mgas=102167452 bps=37.20 tps=6712 mgps=574.6 avgBps=102.2 avgTps=10748 avgMGps=720.5 elapsed=1d15h23m
Aug 08 04:26:58 nimbus-eth1-mainnet-long-benchmark[1140193]: INF 2026-08-08 04:26:58.991+00:00 Imported blocks                            blockNumber=14508033 slot=1 blocks=14508032 txs=1525765485 mgas=102293988 bps=33.30 tps=5959 mgps=514.4 avgBps=102.1 avgTps=10740 avgMGps=720.1 elapsed=1d15h27m
Aug 08 04:30:45 nimbus-eth1-mainnet-long-benchmark[1140193]: INF 2026-08-08 04:30:45.536+00:00 Imported blocks                            blockNumber=14516225 slot=1 blocks=14516224 txs=1527114209 mgas=102420481 bps=36.16 tps=5953 mgps=558.4 avgBps=102.0 avgTps=10733 avgMGps=719.8 elapsed=1d15h31m
Aug 08 04:34:30 nimbus-eth1-mainnet-long-benchmark[1140193]: INF 2026-08-08 04:34:30.804+00:00 Imported blocks                            blockNumber=14524417 slot=1 blocks=14524416 txs=1528522384 mgas=102547039 bps=36.37 tps=6251 mgps=561.8 avgBps=101.9 avgTps=10725 avgMGps=719.6 elapsed=1d15h35m
Aug 08 04:38:13 nimbus-eth1-mainnet-long-benchmark[1140193]: INF 2026-08-08 04:38:13.361+00:00 Imported blocks                            blockNumber=14532609 slot=1 blocks=14532608 txs=1529939791 mgas=102673640 bps=36.81 tps=6368 mgps=568.8 avgBps=101.8 avgTps=10719 avgMGps=719.4 elapsed=1d15h38m
Aug 08 04:41:54 nimbus-eth1-mainnet-long-benchmark[1140193]: INF 2026-08-08 04:41:54.525+00:00 Imported blocks                            blockNumber=14540801 slot=1 blocks=14540800 txs=1531393541 mgas=102800249 bps=37.04 tps=6573 mgps=572.5 avgBps=101.7 avgTps=10712 avgMGps=719.1 elapsed=1d15h42m
Aug 08 04:45:33 nimbus-eth1-mainnet-long-benchmark[1140193]: INF 2026-08-08 04:45:33.401+00:00 Imported blocks                            blockNumber=14548993 slot=1 blocks=14548992 txs=1532796910 mgas=102926765 bps=37.43 tps=6411 mgps=578.0 avgBps=101.6 avgTps=10706 avgMGps=718.9 elapsed=1d15h46m
Aug 08 04:49:24 nimbus-eth1-mainnet-long-benchmark[1140193]: INF 2026-08-08 04:49:24.066+00:00 Imported blocks                            blockNumber=14557185 slot=1 blocks=14557184 txs=1534192018 mgas=103053366 bps=35.51 tps=6048 mgps=548.9 avgBps=101.5 avgTps=10698 avgMGps=718.6 elapsed=1d15h50m
Aug 08 04:53:09 nimbus-eth1-mainnet-long-benchmark[1140193]: INF 2026-08-08 04:53:09.978+00:00 Imported blocks                            blockNumber=14565377 slot=1 blocks=14565376 txs=1535614541 mgas=103180127 bps=36.26 tps=6296 mgps=561.1 avgBps=101.4 avgTps=10691 avgMGps=718.4 elapsed=1d15h53m
Aug 08 04:56:48 nimbus-eth1-mainnet-long-benchmark[1140193]: INF 2026-08-08 04:56:48.159+00:00 Imported blocks                            blockNumber=14573569 slot=1 blocks=14573568 txs=1537033985 mgas=103306532 bps=37.55 tps=6505 mgps=579.4 avgBps=101.3 avgTps=10685 avgMGps=718.2 elapsed=1d15h57m
Aug 08 05:00:26 nimbus-eth1-mainnet-long-benchmark[1140193]: INF 2026-08-08 05:00:26.039+00:00 Imported blocks                            blockNumber=14581761 slot=1 blocks=14581760 txs=1538410088 mgas=103432973 bps=37.60 tps=6315 mgps=580.3 avgBps=101.2 avgTps=10678 avgMGps=718.0 elapsed=1d16h1m
Aug 08 05:04:07 nimbus-eth1-mainnet-long-benchmark[1140193]: INF 2026-08-08 05:04:07.320+00:00 Imported blocks                            blockNumber=14589953 slot=1 blocks=14589952 txs=1539842194 mgas=103559582 bps=37.02 tps=6471 mgps=572.2 avgBps=101.1 avgTps=10672 avgMGps=717.8 elapsed=1d16h4m
Aug 08 05:07:44 nimbus-eth1-mainnet-long-benchmark[1140193]: INF 2026-08-08 05:07:44.204+00:00 Imported blocks                            blockNumber=14598145 slot=1 blocks=14598144 txs=1541231712 mgas=103686274 bps=37.77 tps=6406 mgps=584.1 avgBps=101.0 avgTps=10665 avgMGps=717.6 elapsed=1d16h8m
Aug 08 05:11:35 nimbus-eth1-mainnet-long-benchmark[1140193]: INF 2026-08-08 05:11:35.620+00:00 Imported blocks                            blockNumber=14606337 slot=1 blocks=14606336 txs=1542557603 mgas=103812866 bps=35.40 tps=5729 mgps=547.0 avgBps=100.9 avgTps=10658 avgMGps=717.3 elapsed=1d16h12m
Aug 08 05:15:22 nimbus-eth1-mainnet-long-benchmark[1140193]: INF 2026-08-08 05:15:22.701+00:00 Imported blocks                            blockNumber=14614529 slot=1 blocks=14614528 txs=1543988223 mgas=103939436 bps=36.08 tps=6300 mgps=557.4 avgBps=100.8 avgTps=10651 avgMGps=717.0 elapsed=1d16h15m
Aug 08 05:19:11 nimbus-eth1-mainnet-long-benchmark[1140193]: INF 2026-08-08 05:19:11.793+00:00 Imported blocks                            blockNumber=14622721 slot=1 blocks=14622720 txs=1545628799 mgas=104065967 bps=35.76 tps=7161 mgps=552.3 avgBps=100.7 avgTps=10645 avgMGps=716.8 elapsed=1d16h19m
Aug 08 05:22:44 nimbus-eth1-mainnet-long-benchmark[1140193]: INF 2026-08-08 05:22:44.906+00:00 Imported blocks                            blockNumber=14630913 slot=1 blocks=14630912 txs=1547086993 mgas=104192478 bps=38.44 tps=6842 mgps=593.6 avgBps=100.6 avgTps=10640 avgMGps=716.6 elapsed=1d16h23m
Aug 08 05:26:28 nimbus-eth1-mainnet-long-benchmark[1140193]: INF 2026-08-08 05:26:28.114+00:00 Imported blocks                            blockNumber=14639105 slot=1 blocks=14639104 txs=1548539276 mgas=104318872 bps=36.70 tps=6506 mgps=566.3 avgBps=100.5 avgTps=10633 avgMGps=716.4 elapsed=1d16h27m
Aug 08 05:30:20 nimbus-eth1-mainnet-long-benchmark[1140193]: INF 2026-08-08 05:30:20.786+00:00 Imported blocks                            blockNumber=14647297 slot=1 blocks=14647296 txs=1549888595 mgas=104445438 bps=35.21 tps=5799 mgps=544.0 avgBps=100.4 avgTps=10626 avgMGps=716.1 elapsed=1d16h30m
Aug 08 05:34:08 nimbus-eth1-mainnet-long-benchmark[1140193]: INF 2026-08-08 05:34:08.047+00:00 Imported blocks                            blockNumber=14655489 slot=1 blocks=14655488 txs=1551341506 mgas=104572043 bps=36.05 tps=6393 mgps=557.1 avgBps=100.3 avgTps=10619 avgMGps=715.8 elapsed=1d16h34m
Aug 08 05:37:50 nimbus-eth1-mainnet-long-benchmark[1140193]: INF 2026-08-08 05:37:50.175+00:00 Imported blocks                            blockNumber=14663681 slot=1 blocks=14663680 txs=1552790005 mgas=104698375 bps=36.88 tps=6520 mgps=568.7 avgBps=100.2 avgTps=10613 avgMGps=715.6 elapsed=1d16h38m
Aug 08 05:41:37 nimbus-eth1-mainnet-long-benchmark[1140193]: INF 2026-08-08 05:41:37.200+00:00 Imported blocks                            blockNumber=14671873 slot=1 blocks=14671872 txs=1554273756 mgas=104824824 bps=36.08 tps=6535 mgps=557.0 avgBps=100.1 avgTps=10606 avgMGps=715.4 elapsed=1d16h42m
Aug 08 05:45:23 nimbus-eth1-mainnet-long-benchmark[1140193]: INF 2026-08-08 05:45:23.792+00:00 Imported blocks                            blockNumber=14680065 slot=1 blocks=14680064 txs=1555798382 mgas=104951311 bps=36.15 tps=6728 mgps=558.2 avgBps=100.0 avgTps=10600 avgMGps=715.1 elapsed=1d16h45m
Aug 08 05:49:08 nimbus-eth1-mainnet-long-benchmark[1140193]: INF 2026-08-08 05:49:08.632+00:00 Imported blocks                            blockNumber=14688257 slot=1 blocks=14688256 txs=1557325850 mgas=105077856 bps=36.44 tps=6793 mgps=562.8 avgBps=99.93 avgTps=10595 avgMGps=714.9 elapsed=1d16h49m
Aug 08 05:52:31 nimbus-eth1-mainnet-long-benchmark[1140193]: INF 2026-08-08 05:52:31.361+00:00 Imported blocks                            blockNumber=14696449 slot=1 blocks=14696448 txs=1558798023 mgas=105204382 bps=40.41 tps=7261 mgps=624.1 avgBps=99.85 avgTps=10590 avgMGps=714.8 elapsed=1d16h53m
Aug 08 05:56:10 nimbus-eth1-mainnet-long-benchmark[1140193]: INF 2026-08-08 05:56:10.522+00:00 Imported blocks                            blockNumber=14704641 slot=1 blocks=14704640 txs=1560217704 mgas=105330915 bps=37.38 tps=6477 mgps=577.4 avgBps=99.76 avgTps=10584 avgMGps=714.6 elapsed=1d16h56m
Aug 08 05:59:59 nimbus-eth1-mainnet-long-benchmark[1140193]: INF 2026-08-08 05:59:59.126+00:00 Imported blocks                            blockNumber=14712833 slot=1 blocks=14712832 txs=1561654974 mgas=105457382 bps=35.83 tps=6287 mgps=553.2 avgBps=99.66 avgTps=10577 avgMGps=714.3 elapsed=1d17h35s
Aug 08 06:03:47 nimbus-eth1-mainnet-long-benchmark[1140193]: INF 2026-08-08 06:03:47.322+00:00 Imported blocks                            blockNumber=14721025 slot=1 blocks=14721024 txs=1563167010 mgas=105583750 bps=35.90 tps=6626 mgps=553.8 avgBps=99.56 avgTps=10571 avgMGps=714.1 elapsed=1d17h4m
Aug 08 06:07:40 nimbus-eth1-mainnet-long-benchmark[1140193]: INF 2026-08-08 06:07:40.514+00:00 Imported blocks                            blockNumber=14729217 slot=1 blocks=14729216 txs=1564606510 mgas=105710056 bps=35.13 tps=6173 mgps=541.6 avgBps=99.46 avgTps=10564 avgMGps=713.8 elapsed=1d17h8m
Aug 08 06:11:30 nimbus-eth1-mainnet-long-benchmark[1140193]: INF 2026-08-08 06:11:30.975+00:00 Imported blocks                            blockNumber=14737409 slot=1 blocks=14737408 txs=1565993863 mgas=105836465 bps=35.55 tps=6019 mgps=548.5 avgBps=99.36 avgTps=10557 avgMGps=713.5 elapsed=1d17h12m
Aug 08 06:15:25 nimbus-eth1-mainnet-long-benchmark[1140193]: INF 2026-08-08 06:15:25.439+00:00 Imported blocks                            blockNumber=14745601 slot=1 blocks=14745600 txs=1567493174 mgas=105962890 bps=34.94 tps=6394 mgps=539.2 avgBps=99.26 avgTps=10551 avgMGps=713.3 elapsed=1d17h16m
Aug 08 06:19:20 nimbus-eth1-mainnet-long-benchmark[1140193]: INF 2026-08-08 06:19:20.175+00:00 Imported blocks                            blockNumber=14753793 slot=1 blocks=14753792 txs=1569051319 mgas=106089063 bps=34.90 tps=6637 mgps=537.5 avgBps=99.15 avgTps=10544 avgMGps=713.0 elapsed=1d17h19m
Aug 08 06:23:10 nimbus-eth1-mainnet-long-benchmark[1140193]: INF 2026-08-08 06:23:10.028+00:00 Imported blocks                            blockNumber=14761985 slot=1 blocks=14761984 txs=1570770123 mgas=106215276 bps=35.64 tps=7477 mgps=549.1 avgBps=99.06 avgTps=10540 avgMGps=712.7 elapsed=1d17h23m
Aug 08 06:27:02 nimbus-eth1-mainnet-long-benchmark[1140193]: INF 2026-08-08 06:27:02.360+00:00 Imported blocks                            blockNumber=14770177 slot=1 blocks=14770176 txs=1572487493 mgas=106341305 bps=35.26 tps=7391 mgps=542.5 avgBps=98.96 avgTps=10535 avgMGps=712.5 elapsed=1d17h27m
Aug 08 06:30:59 nimbus-eth1-mainnet-long-benchmark[1140193]: INF 2026-08-08 06:30:59.156+00:00 Imported blocks                            blockNumber=14778369 slot=1 blocks=14778368 txs=1573961397 mgas=106467668 bps=34.60 tps=6224 mgps=533.6 avgBps=98.86 avgTps=10528 avgMGps=712.2 elapsed=1d17h31m
Aug 08 06:35:04 nimbus-eth1-mainnet-long-benchmark[1140193]: INF 2026-08-08 06:35:04.972+00:00 Imported blocks                            blockNumber=14786561 slot=1 blocks=14786560 txs=1575410846 mgas=106594161 bps=33.33 tps=5896 mgps=514.6 avgBps=98.75 avgTps=10520 avgMGps=711.9 elapsed=1d17h35m
Aug 08 06:38:53 nimbus-eth1-mainnet-long-benchmark[1140193]: INF 2026-08-08 06:38:53.224+00:00 Imported blocks                            blockNumber=14794753 slot=1 blocks=14794752 txs=1576888706 mgas=106720591 bps=35.89 tps=6474 mgps=553.9 avgBps=98.65 avgTps=10514 avgMGps=711.6 elapsed=1d17h39m
Aug 08 06:42:42 nimbus-eth1-mainnet-long-benchmark[1140193]: INF 2026-08-08 06:42:42.049+00:00 Imported blocks                            blockNumber=14802945 slot=1 blocks=14802944 txs=1578401630 mgas=106846974 bps=35.80 tps=6611 mgps=552.3 avgBps=98.56 avgTps=10508 avgMGps=711.4 elapsed=1d17h43m
Aug 08 06:46:29 nimbus-eth1-mainnet-long-benchmark[1140193]: INF 2026-08-08 06:46:29.853+00:00 Imported blocks                            blockNumber=14811137 slot=1 blocks=14811136 txs=1579885395 mgas=106973402 bps=35.96 tps=6513 mgps=555.0 avgBps=98.46 avgTps=10502 avgMGps=711.1 elapsed=1d17h47m
Aug 08 06:50:08 nimbus-eth1-mainnet-long-benchmark[1140193]: INF 2026-08-08 06:50:08.154+00:00 Imported blocks                            blockNumber=14819329 slot=1 blocks=14819328 txs=1581354434 mgas=107099867 bps=37.53 tps=6729 mgps=579.3 avgBps=98.37 avgTps=10497 avgMGps=710.9 elapsed=1d17h50m
Aug 08 06:53:47 nimbus-eth1-mainnet-long-benchmark[1140193]: INF 2026-08-08 06:53:47.438+00:00 Imported blocks                            blockNumber=14827521 slot=1 blocks=14827520 txs=1582755344 mgas=107226485 bps=37.36 tps=6388 mgps=577.4 avgBps=98.28 avgTps=10491 avgMGps=710.8 elapsed=1d17h54m
Aug 08 06:57:32 nimbus-eth1-mainnet-long-benchmark[1140193]: INF 2026-08-08 06:57:32.023+00:00 Imported blocks                            blockNumber=14835713 slot=1 blocks=14835712 txs=1584219534 mgas=107353062 bps=36.48 tps=6519 mgps=563.6 avgBps=98.19 avgTps=10485 avgMGps=710.5 elapsed=1d17h58m
Aug 08 07:01:05 nimbus-eth1-mainnet-long-benchmark[1140193]: INF 2026-08-08 07:01:05.627+00:00 Imported blocks                            blockNumber=14843905 slot=1 blocks=14843904 txs=1585683131 mgas=107479551 bps=38.35 tps=6851 mgps=592.2 avgBps=98.11 avgTps=10480 avgMGps=710.4 elapsed=1d18h1m
Aug 08 07:04:38 nimbus-eth1-mainnet-long-benchmark[1140193]: INF 2026-08-08 07:04:38.316+00:00 Imported blocks                            blockNumber=14852097 slot=1 blocks=14852096 txs=1587119089 mgas=107605902 bps=38.52 tps=6751 mgps=594.1 avgBps=98.02 avgTps=10475 avgMGps=710.2 elapsed=1d18h5m
Aug 08 07:08:14 nimbus-eth1-mainnet-long-benchmark[1140193]: INF 2026-08-08 07:08:14.252+00:00 Imported blocks                            blockNumber=14860289 slot=1 blocks=14860288 txs=1588547697 mgas=107732236 bps=37.94 tps=6615 mgps=585.1 avgBps=97.94 avgTps=10469 avgMGps=710.0 elapsed=1d18h8m
Aug 08 07:11:54 nimbus-eth1-mainnet-long-benchmark[1140193]: INF 2026-08-08 07:11:54.393+00:00 Imported blocks                            blockNumber=14868481 slot=1 blocks=14868480 txs=1589990527 mgas=107858829 bps=37.21 tps=6554 mgps=575.1 avgBps=97.85 avgTps=10463 avgMGps=709.8 elapsed=1d18h12m
Aug 08 07:15:21 nimbus-eth1-mainnet-long-benchmark[1140193]: INF 2026-08-08 07:15:21.629+00:00 Imported blocks                            blockNumber=14876673 slot=1 blocks=14876672 txs=1591434616 mgas=107985284 bps=39.53 tps=6968 mgps=610.2 avgBps=97.77 avgTps=10459 avgMGps=709.7 elapsed=1d18h15m
Aug 08 07:18:45 nimbus-eth1-mainnet-long-benchmark[1140193]: INF 2026-08-08 07:18:45.662+00:00 Imported blocks                            blockNumber=14884865 slot=1 blocks=14884864 txs=1592924600 mgas=108111712 bps=40.15 tps=7302 mgps=619.6 avgBps=97.69 avgTps=10454 avgMGps=709.6 elapsed=1d18h19m
Aug 08 07:22:08 nimbus-eth1-mainnet-long-benchmark[1140193]: INF 2026-08-08 07:22:08.759+00:00 Imported blocks                            blockNumber=14893057 slot=1 blocks=14893056 txs=1594384287 mgas=108238280 bps=40.33 tps=7186 mgps=623.2 avgBps=97.62 avgTps=10450 avgMGps=709.5 elapsed=1d18h22m
Aug 08 07:25:26 nimbus-eth1-mainnet-long-benchmark[1140193]: INF 2026-08-08 07:25:26.372+00:00 Imported blocks                            blockNumber=14901249 slot=1 blocks=14901248 txs=1595813868 mgas=108364670 bps=41.46 tps=7234 mgps=639.6 avgBps=97.55 avgTps=10446 avgMGps=709.4 elapsed=1d18h26m
Aug 08 07:28:49 nimbus-eth1-mainnet-long-benchmark[1140193]: INF 2026-08-08 07:28:49.764+00:00 Imported blocks                            blockNumber=14909441 slot=1 blocks=14909440 txs=1597202289 mgas=108491205 bps=40.28 tps=6826 mgps=622.1 avgBps=97.47 avgTps=10441 avgMGps=709.3 elapsed=1d18h29m
Aug 08 07:32:11 nimbus-eth1-mainnet-long-benchmark[1140193]: INF 2026-08-08 07:32:11.029+00:00 Imported blocks                            blockNumber=14917633 slot=1 blocks=14917632 txs=1598674356 mgas=108617702 bps=40.70 tps=7314 mgps=628.5 avgBps=97.39 avgTps=10437 avgMGps=709.1 elapsed=1d18h32m
Aug 08 07:35:35 nimbus-eth1-mainnet-long-benchmark[1140193]: INF 2026-08-08 07:35:35.374+00:00 Imported blocks                            blockNumber=14925825 slot=1 blocks=14925824 txs=1600116293 mgas=108744157 bps=40.09 tps=7056 mgps=618.8 avgBps=97.32 avgTps=10432 avgMGps=709.0 elapsed=1d18h36m
Aug 08 07:38:51 nimbus-eth1-mainnet-long-benchmark[1140193]: INF 2026-08-08 07:38:51.279+00:00 Imported blocks                            blockNumber=14934017 slot=1 blocks=14934016 txs=1601560457 mgas=108870655 bps=41.82 tps=7371 mgps=645.7 avgBps=97.25 avgTps=10429 avgMGps=708.9 elapsed=1d18h39m
Aug 08 07:42:12 nimbus-eth1-mainnet-long-benchmark[1140193]: INF 2026-08-08 07:42:12.331+00:00 Imported blocks                            blockNumber=14942209 slot=1 blocks=14942208 txs=1603043936 mgas=108997011 bps=40.74 tps=7378 mgps=628.5 avgBps=97.17 avgTps=10425 avgMGps=708.8 elapsed=1d18h42m
Aug 08 07:45:54 nimbus-eth1-mainnet-long-benchmark[1140193]: INF 2026-08-08 07:45:54.316+00:00 Imported blocks                            blockNumber=14950401 slot=1 blocks=14950400 txs=1604484185 mgas=109123396 bps=36.90 tps=6488 mgps=569.3 avgBps=97.09 avgTps=10419 avgMGps=708.6 elapsed=1d18h46m
Aug 08 07:49:38 nimbus-eth1-mainnet-long-benchmark[1140193]: INF 2026-08-08 07:49:38.068+00:00 Imported blocks                            blockNumber=14958593 slot=1 blocks=14958592 txs=1606010597 mgas=109249703 bps=36.61 tps=6821 mgps=564.5 avgBps=97.00 avgTps=10414 avgMGps=708.4 elapsed=1d18h50m
Aug 08 07:53:25 nimbus-eth1-mainnet-long-benchmark[1140193]: INF 2026-08-08 07:53:25.257+00:00 Imported blocks                            blockNumber=14966785 slot=1 blocks=14966784 txs=1607563478 mgas=109375997 bps=36.06 tps=6835 mgps=555.9 avgBps=96.91 avgTps=10408 avgMGps=708.2 elapsed=1d18h54m
Aug 08 07:57:04 nimbus-eth1-mainnet-long-benchmark[1140193]: INF 2026-08-08 07:57:04.297+00:00 Imported blocks                            blockNumber=14974977 slot=1 blocks=14974976 txs=1609110874 mgas=109502092 bps=37.40 tps=7064 mgps=575.7 avgBps=96.82 avgTps=10404 avgMGps=708.0 elapsed=1d18h57m
Aug 08 08:00:38 nimbus-eth1-mainnet-long-benchmark[1140193]: INF 2026-08-08 08:00:38.050+00:00 Imported blocks                            blockNumber=14983169 slot=1 blocks=14983168 txs=1610647473 mgas=109628304 bps=38.32 tps=7188 mgps=590.5 avgBps=96.74 avgTps=10399 avgMGps=707.9 elapsed=1d19h1m
Aug 08 08:04:25 nimbus-eth1-mainnet-long-benchmark[1140193]: INF 2026-08-08 08:04:25.370+00:00 Imported blocks                            blockNumber=14991361 slot=1 blocks=14991360 txs=1612136506 mgas=109754528 bps=36.04 tps=6550 mgps=555.3 avgBps=96.66 avgTps=10394 avgMGps=707.6 elapsed=1d19h5m
Aug 08 08:08:06 nimbus-eth1-mainnet-long-benchmark[1140193]: INF 2026-08-08 08:08:06.991+00:00 Imported blocks                            blockNumber=14999553 slot=1 blocks=14999552 txs=1613589994 mgas=109880792 bps=36.96 tps=6558 mgps=569.7 avgBps=96.57 avgTps=10388 avgMGps=707.4 elapsed=1d19h8m
Aug 08 08:11:43 nimbus-eth1-mainnet-long-benchmark[1140193]: INF 2026-08-08 08:11:43.303+00:00 Imported blocks                            blockNumber=15007745 slot=1 blocks=15007744 txs=1615101791 mgas=110007294 bps=37.87 tps=6988 mgps=584.8 avgBps=96.49 avgTps=10383 avgMGps=707.3 elapsed=1d19h12m
Aug 08 08:15:19 nimbus-eth1-mainnet-long-benchmark[1140193]: INF 2026-08-08 08:15:19.660+00:00 Imported blocks                            blockNumber=15015937 slot=1 blocks=15015936 txs=1616604827 mgas=110133574 bps=37.86 tps=6947 mgps=583.7 avgBps=96.41 avgTps=10379 avgMGps=707.1 elapsed=1d19h15m
Aug 08 08:18:56 nimbus-eth1-mainnet-long-benchmark[1140193]: INF 2026-08-08 08:18:56.812+00:00 Imported blocks                            blockNumber=15024129 slot=1 blocks=15024128 txs=1618124783 mgas=110259979 bps=37.72 tps=6999 mgps=582.1 avgBps=96.33 avgTps=10374 avgMGps=706.9 elapsed=1d19h19m
Aug 08 08:22:17 nimbus-eth1-mainnet-long-benchmark[1140193]: INF 2026-08-08 08:22:17.413+00:00 Imported blocks                            blockNumber=15032321 slot=1 blocks=15032320 txs=1619547895 mgas=110386347 bps=40.84 tps=7094 mgps=629.9 avgBps=96.25 avgTps=10370 avgMGps=706.8 elapsed=1d19h22m
Aug 08 08:25:51 nimbus-eth1-mainnet-long-benchmark[1140193]: INF 2026-08-08 08:25:51.517+00:00 Imported blocks                            blockNumber=15040513 slot=1 blocks=15040512 txs=1621062193 mgas=110512795 bps=38.26 tps=7072 mgps=590.6 avgBps=96.17 avgTps=10365 avgMGps=706.7 elapsed=1d19h26m
Aug 08 08:29:19 nimbus-eth1-mainnet-long-benchmark[1140193]: INF 2026-08-08 08:29:19.530+00:00 Imported blocks                            blockNumber=15048705 slot=1 blocks=15048704 txs=1622602901 mgas=110639043 bps=39.38 tps=7406 mgps=606.9 avgBps=96.10 avgTps=10361 avgMGps=706.5 elapsed=1d19h29m
Aug 08 08:32:58 nimbus-eth1-mainnet-long-benchmark[1140193]: INF 2026-08-08 08:32:58.179+00:00 Imported blocks                            blockNumber=15056897 slot=1 blocks=15056896 txs=1624115395 mgas=110765349 bps=37.47 tps=6917 mgps=577.7 avgBps=96.02 avgTps=10356 avgMGps=706.3 elapsed=1d19h33m
Aug 08 08:36:31 nimbus-eth1-mainnet-long-benchmark[1140193]: INF 2026-08-08 08:36:31.491+00:00 Imported blocks                            blockNumber=15065089 slot=1 blocks=15065088 txs=1625614655 mgas=110891687 bps=38.40 tps=7028 mgps=592.3 avgBps=95.94 avgTps=10352 avgMGps=706.2 elapsed=1d19h37m
Aug 08 08:40:04 nimbus-eth1-mainnet-long-benchmark[1140193]: INF 2026-08-08 08:40:04.760+00:00 Imported blocks                            blockNumber=15073281 slot=1 blocks=15073280 txs=1627066919 mgas=111018242 bps=38.41 tps=6809 mgps=593.4 avgBps=95.86 avgTps=10347 avgMGps=706.0 elapsed=1d19h40m
Aug 08 08:43:34 nimbus-eth1-mainnet-long-benchmark[1140193]: INF 2026-08-08 08:43:34.844+00:00 Imported blocks                            blockNumber=15081473 slot=1 blocks=15081472 txs=1628546403 mgas=111144739 bps=38.99 tps=7042 mgps=602.1 avgBps=95.79 avgTps=10343 avgMGps=705.9 elapsed=1d19h44m
Aug 08 08:47:02 nimbus-eth1-mainnet-long-benchmark[1140193]: INF 2026-08-08 08:47:02.757+00:00 Imported blocks                            blockNumber=15089665 slot=1 blocks=15089664 txs=1630035104 mgas=111271322 bps=39.40 tps=7160 mgps=608.8 avgBps=95.71 avgTps=10339 avgMGps=705.8 elapsed=1d19h47m
Aug 08 08:50:28 nimbus-eth1-mainnet-long-benchmark[1140193]: INF 2026-08-08 08:50:28.762+00:00 Imported blocks                            blockNumber=15097857 slot=1 blocks=15097856 txs=1631539029 mgas=111397707 bps=39.77 tps=7300 mgps=613.5 avgBps=95.64 avgTps=10335 avgMGps=705.7 elapsed=1d19h51m
Aug 08 08:53:53 nimbus-eth1-mainnet-long-benchmark[1140193]: INF 2026-08-08 08:53:53.275+00:00 Imported blocks                            blockNumber=15106049 slot=1 blocks=15106048 txs=1633018732 mgas=111523983 bps=40.06 tps=7235 mgps=617.4 avgBps=95.57 avgTps=10331 avgMGps=705.5 elapsed=1d19h54m
Aug 08 08:57:22 nimbus-eth1-mainnet-long-benchmark[1140193]: INF 2026-08-08 08:57:22.415+00:00 Imported blocks                            blockNumber=15114241 slot=1 blocks=15114240 txs=1634506563 mgas=111650426 bps=39.17 tps=7113 mgps=604.6 avgBps=95.49 avgTps=10326 avgMGps=705.4 elapsed=1d19h57m
Aug 08 09:00:45 nimbus-eth1-mainnet-long-benchmark[1140193]: INF 2026-08-08 09:00:45.776+00:00 Imported blocks                            blockNumber=15122433 slot=1 blocks=15122432 txs=1635958506 mgas=111777176 bps=40.28 tps=7139 mgps=623.3 avgBps=95.42 avgTps=10322 avgMGps=705.3 elapsed=1d20h1m
Aug 08 09:04:12 nimbus-eth1-mainnet-long-benchmark[1140193]: INF 2026-08-08 09:04:12.281+00:00 Imported blocks                            blockNumber=15130625 slot=1 blocks=15130624 txs=1637391052 mgas=111903532 bps=39.67 tps=6937 mgps=611.9 avgBps=95.35 avgTps=10318 avgMGps=705.2 elapsed=1d20h4m
Aug 08 09:07:40 nimbus-eth1-mainnet-long-benchmark[1140193]: INF 2026-08-08 09:07:40.601+00:00 Imported blocks                            blockNumber=15138817 slot=1 blocks=15138816 txs=1638889569 mgas=112029690 bps=39.32 tps=7193 mgps=605.6 avgBps=95.27 avgTps=10314 avgMGps=705.0 elapsed=1d20h8m
Aug 08 09:11:08 nimbus-eth1-mainnet-long-benchmark[1140193]: INF 2026-08-08 09:11:08.478+00:00 Imported blocks                            blockNumber=15147009 slot=1 blocks=15147008 txs=1640391702 mgas=112156177 bps=39.41 tps=7226 mgps=608.5 avgBps=95.20 avgTps=10310 avgMGps=704.9 elapsed=1d20h11m
Aug 08 09:14:43 nimbus-eth1-mainnet-long-benchmark[1140193]: INF 2026-08-08 09:14:43.310+00:00 Imported blocks                            blockNumber=15155201 slot=1 blocks=15155200 txs=1641972637 mgas=112282660 bps=38.13 tps=7358 mgps=588.8 avgBps=95.12 avgTps=10306 avgMGps=704.8 elapsed=1d20h15m
Aug 08 09:18:16 nimbus-eth1-mainnet-long-benchmark[1140193]: INF 2026-08-08 09:18:16.783+00:00 Imported blocks                            blockNumber=15163393 slot=1 blocks=15163392 txs=1643547827 mgas=112408879 bps=38.37 tps=7378 mgps=591.3 avgBps=95.05 avgTps=10302 avgMGps=704.6 elapsed=1d20h18m
Aug 08 09:21:50 nimbus-eth1-mainnet-long-benchmark[1140193]: INF 2026-08-08 09:21:50.876+00:00 Imported blocks                            blockNumber=15171585 slot=1 blocks=15171584 txs=1645084111 mgas=112535207 bps=38.26 tps=7175 mgps=590.1 avgBps=94.97 avgTps=10298 avgMGps=704.5 elapsed=1d20h22m
Aug 08 09:25:22 nimbus-eth1-mainnet-long-benchmark[1140193]: INF 2026-08-08 09:25:22.312+00:00 Imported blocks                            blockNumber=15179777 slot=1 blocks=15179776 txs=1646572816 mgas=112661609 bps=38.74 tps=7040 mgps=597.8 avgBps=94.90 avgTps=10293 avgMGps=704.3 elapsed=1d20h25m
Aug 08 09:28:56 nimbus-eth1-mainnet-long-benchmark[1140193]: INF 2026-08-08 09:28:56.585+00:00 Imported blocks                            blockNumber=15187969 slot=1 blocks=15187968 txs=1648108672 mgas=112787989 bps=38.23 tps=7167 mgps=589.8 avgBps=94.82 avgTps=10289 avgMGps=704.2 elapsed=1d20h29m
Aug 08 09:32:32 nimbus-eth1-mainnet-long-benchmark[1140193]: INF 2026-08-08 09:32:32.853+00:00 Imported blocks                            blockNumber=15196161 slot=1 blocks=15196160 txs=1649610927 mgas=112914330 bps=37.88 tps=6946 mgps=584.2 avgBps=94.75 avgTps=10285 avgMGps=704.0 elapsed=1d20h33m
Aug 08 09:36:07 nimbus-eth1-mainnet-long-benchmark[1140193]: INF 2026-08-08 09:36:07.758+00:00 Imported blocks                            blockNumber=15204353 slot=1 blocks=15204352 txs=1651068792 mgas=113040800 bps=38.12 tps=6783 mgps=588.5 avgBps=94.67 avgTps=10280 avgMGps=703.8 elapsed=1d20h36m
Aug 08 09:39:47 nimbus-eth1-mainnet-long-benchmark[1140193]: INF 2026-08-08 09:39:47.138+00:00 Imported blocks                            blockNumber=15212545 slot=1 blocks=15212544 txs=1652544743 mgas=113167506 bps=37.34 tps=6727 mgps=577.6 avgBps=94.59 avgTps=10275 avgMGps=703.7 elapsed=1d20h40m
Aug 08 09:43:47 nimbus-eth1-mainnet-long-benchmark[1140193]: INF 2026-08-08 09:43:47.642+00:00 Imported blocks                            blockNumber=15220737 slot=1 blocks=15220736 txs=1654644473 mgas=113293896 bps=34.06 tps=8730 mgps=525.5 avgBps=94.50 avgTps=10273 avgMGps=703.4 elapsed=1d20h44m
Aug 08 09:47:28 nimbus-eth1-mainnet-long-benchmark[1140193]: INF 2026-08-08 09:47:28.375+00:00 Imported blocks                            blockNumber=15228929 slot=1 blocks=15228928 txs=1656152007 mgas=113420282 bps=37.11 tps=6829 mgps=572.6 avgBps=94.42 avgTps=10268 avgMGps=703.2 elapsed=1d20h48m
Aug 08 09:51:10 nimbus-eth1-mainnet-long-benchmark[1140193]: INF 2026-08-08 09:51:10.863+00:00 Imported blocks                            blockNumber=15237121 slot=1 blocks=15237120 txs=1657684321 mgas=113546698 bps=36.82 tps=6887 mgps=568.2 avgBps=94.34 avgTps=10263 avgMGps=703.0 elapsed=1d20h51m
Aug 08 09:54:50 nimbus-eth1-mainnet-long-benchmark[1140193]: INF 2026-08-08 09:54:50.860+00:00 Imported blocks                            blockNumber=15245313 slot=1 blocks=15245312 txs=1659177302 mgas=113673024 bps=37.24 tps=6786 mgps=574.2 avgBps=94.27 avgTps=10259 avgMGps=702.9 elapsed=1d20h55m
Aug 08 09:58:34 nimbus-eth1-mainnet-long-benchmark[1140193]: INF 2026-08-08 09:58:34.828+00:00 Imported blocks                            blockNumber=15253505 slot=1 blocks=15253504 txs=1660650585 mgas=113799497 bps=36.58 tps=6578 mgps=564.7 avgBps=94.19 avgTps=10254 avgMGps=702.7 elapsed=1d20h59m
Aug 08 10:02:24 nimbus-eth1-mainnet-long-benchmark[1140193]: INF 2026-08-08 10:02:24.041+00:00 Imported blocks                            blockNumber=15261697 slot=1 blocks=15261696 txs=1662310633 mgas=113926031 bps=35.74 tps=7242 mgps=552.0 avgBps=94.10 avgTps=10249 avgMGps=702.5 elapsed=1d21h3m
Aug 08 10:06:13 nimbus-eth1-mainnet-long-benchmark[1140193]: INF 2026-08-08 10:06:13.473+00:00 Imported blocks                            blockNumber=15269889 slot=1 blocks=15269888 txs=1663910930 mgas=114052621 bps=35.71 tps=6974 mgps=551.7 avgBps=94.02 avgTps=10245 avgMGps=702.3 elapsed=1d21h6m
Aug 08 10:10:08 nimbus-eth1-mainnet-long-benchmark[1140193]: INF 2026-08-08 10:10:08.093+00:00 Imported blocks                            blockNumber=15278081 slot=1 blocks=15278080 txs=1665719055 mgas=114179013 bps=34.92 tps=7706 mgps=538.7 avgBps=93.94 avgTps=10241 avgMGps=702.0 elapsed=1d21h10m
Aug 08 10:13:46 nimbus-eth1-mainnet-long-benchmark[1140193]: INF 2026-08-08 10:13:46.182+00:00 Imported blocks                            blockNumber=15286273 slot=1 blocks=15286272 txs=1667228458 mgas=114305424 bps=37.56 tps=6921 mgps=579.6 avgBps=93.86 avgTps=10237 avgMGps=701.9 elapsed=1d21h14m
Aug 08 10:17:30 nimbus-eth1-mainnet-long-benchmark[1140193]: INF 2026-08-08 10:17:30.338+00:00 Imported blocks                            blockNumber=15294465 slot=1 blocks=15294464 txs=1668720560 mgas=114431928 bps=36.55 tps=6656 mgps=564.4 avgBps=93.78 avgTps=10232 avgMGps=701.7 elapsed=1d21h18m
Aug 08 10:21:09 nimbus-eth1-mainnet-long-benchmark[1140193]: INF 2026-08-08 10:21:09.919+00:00 Imported blocks                            blockNumber=15302657 slot=1 blocks=15302656 txs=1670201566 mgas=114558808 bps=37.31 tps=6744 mgps=577.8 avgBps=93.71 avgTps=10227 avgMGps=701.5 elapsed=1d21h21m
Aug 08 10:24:46 nimbus-eth1-mainnet-long-benchmark[1140193]: INF 2026-08-08 10:24:46.327+00:00 Imported blocks                            blockNumber=15310849 slot=1 blocks=15310848 txs=1671657139 mgas=114685147 bps=37.85 tps=6725 mgps=583.8 avgBps=93.63 avgTps=10222 avgMGps=701.3 elapsed=1d21h25m
Aug 08 10:28:16 nimbus-eth1-mainnet-long-benchmark[1140193]: INF 2026-08-08 10:28:16.948+00:00 Imported blocks                            blockNumber=15319041 slot=1 blocks=15319040 txs=1673125662 mgas=114811531 bps=38.89 tps=6972 mgps=600.1 avgBps=93.56 avgTps=10218 avgMGps=701.2 elapsed=1d21h28m
Aug 08 10:31:47 nimbus-eth1-mainnet-long-benchmark[1140193]: INF 2026-08-08 10:31:47.044+00:00 Imported blocks                            blockNumber=15327233 slot=1 blocks=15327232 txs=1674580780 mgas=114937984 bps=38.99 tps=6925 mgps=601.9 avgBps=93.49 avgTps=10214 avgMGps=701.1 elapsed=1d21h32m
Aug 08 10:35:22 nimbus-eth1-mainnet-long-benchmark[1140193]: INF 2026-08-08 10:35:22.361+00:00 Imported blocks                            blockNumber=15335425 slot=1 blocks=15335424 txs=1676008794 mgas=115064469 bps=38.05 tps=6632 mgps=587.4 avgBps=93.42 avgTps=10209 avgMGps=700.9 elapsed=1d21h35m
Aug 08 10:38:57 nimbus-eth1-mainnet-long-benchmark[1140193]: INF 2026-08-08 10:38:57.197+00:00 Imported blocks                            blockNumber=15343617 slot=1 blocks=15343616 txs=1677423354 mgas=115191053 bps=38.13 tps=6584 mgps=589.2 avgBps=93.35 avgTps=10204 avgMGps=700.8 elapsed=1d21h39m
Aug 08 10:42:24 nimbus-eth1-mainnet-long-benchmark[1140193]: INF 2026-08-08 10:42:24.294+00:00 Imported blocks                            blockNumber=15351809 slot=1 blocks=15351808 txs=1678856576 mgas=115317423 bps=39.56 tps=6920 mgps=610.2 avgBps=93.28 avgTps=10200 avgMGps=700.7 elapsed=1d21h43m
Aug 08 10:45:59 nimbus-eth1-mainnet-long-benchmark[1140193]: INF 2026-08-08 10:45:59.979+00:00 Imported blocks                            blockNumber=15360001 slot=1 blocks=15360000 txs=1680295232 mgas=115444148 bps=37.98 tps=6670 mgps=587.5 avgBps=93.21 avgTps=10196 avgMGps=700.5 elapsed=1d21h46m
Aug 08 10:49:29 nimbus-eth1-mainnet-long-benchmark[1140193]: INF 2026-08-08 10:49:29.087+00:00 Imported blocks                            blockNumber=15368193 slot=1 blocks=15368192 txs=1681717735 mgas=115570674 bps=39.18 tps=6802 mgps=605.1 avgBps=93.14 avgTps=10191 avgMGps=700.4 elapsed=1d21h50m
Aug 08 10:53:02 nimbus-eth1-mainnet-long-benchmark[1140193]: INF 2026-08-08 10:53:02.352+00:00 Imported blocks                            blockNumber=15376385 slot=1 blocks=15376384 txs=1683135711 mgas=115697039 bps=38.41 tps=6648 mgps=592.5 avgBps=93.07 avgTps=10187 avgMGps=700.3 elapsed=1d21h53m
Aug 08 10:56:40 nimbus-eth1-mainnet-long-benchmark[1140193]: INF 2026-08-08 10:56:40.384+00:00 Imported blocks                            blockNumber=15384577 slot=1 blocks=15384576 txs=1684560130 mgas=115823696 bps=37.57 tps=6533 mgps=580.9 avgBps=92.99 avgTps=10182 avgMGps=700.1 elapsed=1d21h57m
Aug 08 11:00:07 nimbus-eth1-mainnet-long-benchmark[1140193]: INF 2026-08-08 11:00:07.537+00:00 Imported blocks                            blockNumber=15392769 slot=1 blocks=15392768 txs=1685941602 mgas=115950289 bps=39.55 tps=6668 mgps=611.1 avgBps=92.93 avgTps=10178 avgMGps=700.0 elapsed=1d22h43s
Aug 08 11:03:35 nimbus-eth1-mainnet-long-benchmark[1140193]: INF 2026-08-08 11:03:35.882+00:00 Imported blocks                            blockNumber=15400961 slot=1 blocks=15400960 txs=1687308456 mgas=116076849 bps=39.32 tps=6560 mgps=607.5 avgBps=92.86 avgTps=10173 avgMGps=699.9 elapsed=1d22h4m
Aug 08 11:07:09 nimbus-eth1-mainnet-long-benchmark[1140193]: INF 2026-08-08 11:07:09.502+00:00 Imported blocks                            blockNumber=15409153 slot=1 blocks=15409152 txs=1688699955 mgas=116203546 bps=38.35 tps=6514 mgps=593.1 avgBps=92.79 avgTps=10168 avgMGps=699.7 elapsed=1d22h7m
Aug 08 11:10:38 nimbus-eth1-mainnet-long-benchmark[1140193]: INF 2026-08-08 11:10:38.203+00:00 Imported blocks                            blockNumber=15417345 slot=1 blocks=15417344 txs=1690108287 mgas=116330141 bps=39.25 tps=6747 mgps=606.6 avgBps=92.72 avgTps=10164 avgMGps=699.6 elapsed=1d22h11m
Aug 08 11:14:10 nimbus-eth1-mainnet-long-benchmark[1140193]: INF 2026-08-08 11:14:10.596+00:00 Imported blocks                            blockNumber=15425537 slot=1 blocks=15425536 txs=1691490985 mgas=116456633 bps=38.57 tps=6510 mgps=595.6 avgBps=92.65 avgTps=10159 avgMGps=699.5 elapsed=1d22h14m
Aug 08 11:17:38 nimbus-eth1-mainnet-long-benchmark[1140193]: INF 2026-08-08 11:17:38.668+00:00 Imported blocks                            blockNumber=15433729 slot=1 blocks=15433728 txs=1692852033 mgas=116583287 bps=39.37 tps=6541 mgps=608.7 avgBps=92.59 avgTps=10155 avgMGps=699.4 elapsed=1d22h18m
Aug 08 11:21:06 nimbus-eth1-mainnet-long-benchmark[1140193]: INF 2026-08-08 11:21:05.997+00:00 Imported blocks                            blockNumber=15441921 slot=1 blocks=15441920 txs=1694244263 mgas=116709795 bps=39.51 tps=6715 mgps=610.2 avgBps=92.52 avgTps=10151 avgMGps=699.3 elapsed=1d22h21m
Aug 08 11:24:29 nimbus-eth1-mainnet-long-benchmark[1140193]: INF 2026-08-08 11:24:29.090+00:00 Imported blocks                            blockNumber=15450113 slot=1 blocks=15450112 txs=1695594729 mgas=116836189 bps=40.34 tps=6649 mgps=622.3 avgBps=92.46 avgTps=10146 avgMGps=699.2 elapsed=1d22h25m
Aug 08 11:27:54 nimbus-eth1-mainnet-long-benchmark[1140193]: INF 2026-08-08 11:27:54.718+00:00 Imported blocks                            blockNumber=15458305 slot=1 blocks=15458304 txs=1697020595 mgas=116962689 bps=39.84 tps=6934 mgps=615.2 avgBps=92.39 avgTps=10142 avgMGps=699.1 elapsed=1d22h28m
Aug 08 11:31:19 nimbus-eth1-mainnet-long-benchmark[1140193]: INF 2026-08-08 11:31:19.395+00:00 Imported blocks                            blockNumber=15466497 slot=1 blocks=15466496 txs=1698409469 mgas=117089370 bps=40.02 tps=6785 mgps=618.9 avgBps=92.33 avgTps=10138 avgMGps=699.0 elapsed=1d22h31m
Aug 08 11:34:50 nimbus-eth1-mainnet-long-benchmark[1140193]: INF 2026-08-08 11:34:50.332+00:00 Imported blocks                            blockNumber=15474689 slot=1 blocks=15474688 txs=1699841823 mgas=117216133 bps=38.84 tps=6790 mgps=601.0 avgBps=92.26 avgTps=10134 avgMGps=698.9 elapsed=1d22h35m
Aug 08 11:38:20 nimbus-eth1-mainnet-long-benchmark[1140193]: INF 2026-08-08 11:38:20.084+00:00 Imported blocks                            blockNumber=15482881 slot=1 blocks=15482880 txs=1701281265 mgas=117342759 bps=39.06 tps=6862 mgps=603.7 avgBps=92.20 avgTps=10130 avgMGps=698.7 elapsed=1d22h38m
Aug 08 11:41:53 nimbus-eth1-mainnet-long-benchmark[1140193]: INF 2026-08-08 11:41:53.965+00:00 Imported blocks                            blockNumber=15491073 slot=1 blocks=15491072 txs=1702699840 mgas=117469274 bps=38.30 tps=6632 mgps=591.5 avgBps=92.13 avgTps=10126 avgMGps=698.6 elapsed=1d22h42m
Aug 08 11:45:17 nimbus-eth1-mainnet-long-benchmark[1140193]: INF 2026-08-08 11:45:17.570+00:00 Imported blocks                            blockNumber=15499265 slot=1 blocks=15499264 txs=1704099286 mgas=117595865 bps=40.24 tps=6873 mgps=621.8 avgBps=92.06 avgTps=10122 avgMGps=698.5 elapsed=1d22h45m
Aug 08 11:48:47 nimbus-eth1-mainnet-long-benchmark[1140193]: INF 2026-08-08 11:48:47.926+00:00 Imported blocks                            blockNumber=15507457 slot=1 blocks=15507456 txs=1705521146 mgas=117722232 bps=38.94 tps=6759 mgps=600.7 avgBps=92.00 avgTps=10117 avgMGps=698.4 elapsed=1d22h49m
Aug 08 11:52:24 nimbus-eth1-mainnet-long-benchmark[1140193]: INF 2026-08-08 11:52:24.055+00:00 Imported blocks                            blockNumber=15515649 slot=1 blocks=15515648 txs=1706907865 mgas=117848944 bps=37.90 tps=6416 mgps=586.3 avgBps=91.93 avgTps=10113 avgMGps=698.2 elapsed=1d22h53m
Aug 08 11:55:50 nimbus-eth1-mainnet-long-benchmark[1140193]: INF 2026-08-08 11:55:50.688+00:00 Imported blocks                            blockNumber=15523841 slot=1 blocks=15523840 txs=1708342500 mgas=117975417 bps=39.64 tps=6942 mgps=612.1 avgBps=91.86 avgTps=10109 avgMGps=698.1 elapsed=1d22h56m
Aug 08 11:59:23 nimbus-eth1-mainnet-long-benchmark[1140193]: INF 2026-08-08 11:59:23.304+00:00 Imported blocks                            blockNumber=15532033 slot=1 blocks=15532032 txs=1709822558 mgas=118101833 bps=38.53 tps=6961 mgps=594.6 avgBps=91.80 avgTps=10105 avgMGps=698.0 elapsed=1d22h59m
Aug 08 12:01:34 nimbus-eth1-mainnet-long-benchmark[1140193]: NTC 2026-08-08 12:01:34.790+00:00 Importing era archive                      blockNumber=15537394 dataDir=/data/status-im/nimbus-eth1/data/shared_mainnet_0 eraDir=/data/era
Aug 08 12:02:54 nimbus-eth1-mainnet-long-benchmark[1140193]: INF 2026-08-08 12:02:54.105+00:00 Imported blocks                            blockNumber=15540225 slot=4702882 blocks=15540224 txs=1711361875 mgas=118228056 bps=38.86 tps=7302 mgps=598.8 avgBps=91.73 avgTps=10101 avgMGps=697.9 elapsed=1d23h3m
Aug 08 12:06:28 nimbus-eth1-mainnet-long-benchmark[1140193]: INF 2026-08-08 12:06:28.305+00:00 Imported blocks                            blockNumber=15548417 slot=4711204 blocks=15548416 txs=1712911308 mgas=118353323 bps=38.24 tps=7233 mgps=584.8 avgBps=91.66 avgTps=10098 avgMGps=697.7 elapsed=1d23h7m
Aug 08 12:10:07 nimbus-eth1-mainnet-long-benchmark[1140193]: INF 2026-08-08 12:10:07.390+00:00 Imported blocks                            blockNumber=15556609 slot=4719481 blocks=15556608 txs=1714418307 mgas=118478638 bps=37.39 tps=6878 mgps=572.0 avgBps=91.59 avgTps=10094 avgMGps=697.6 elapsed=1d23h10m
Aug 08 12:13:41 nimbus-eth1-mainnet-long-benchmark[1140193]: INF 2026-08-08 12:13:41.411+00:00 Imported blocks                            blockNumber=15564801 slot=4727753 blocks=15564800 txs=1715744818 mgas=118604023 bps=38.28 tps=6198 mgps=585.9 avgBps=91.53 avgTps=10089 avgMGps=697.4 elapsed=1d23h14m
Aug 08 12:17:12 nimbus-eth1-mainnet-long-benchmark[1140193]: INF 2026-08-08 12:17:12.575+00:00 Imported blocks                            blockNumber=15572993 slot=4736026 blocks=15572992 txs=1717046043 mgas=118729383 bps=38.79 tps=6162 mgps=593.6 avgBps=91.46 avgTps=10084 avgMGps=697.3 elapsed=1d23h17m
Aug 08 12:20:41 nimbus-eth1-mainnet-long-benchmark[1140193]: INF 2026-08-08 12:20:41.020+00:00 Imported blocks                            blockNumber=15581185 slot=4744366 blocks=15581184 txs=1718344065 mgas=118854674 bps=39.30 tps=6227 mgps=601.1 avgBps=91.40 avgTps=10079 avgMGps=697.2 elapsed=1d23h21m
Aug 08 12:24:15 nimbus-eth1-mainnet-long-benchmark[1140193]: INF 2026-08-08 12:24:15.276+00:00 Imported blocks                            blockNumber=15589377 slot=4752640 blocks=15589376 txs=1719636168 mgas=118980168 bps=38.23 tps=6030 mgps=585.7 avgBps=91.33 avgTps=10074 avgMGps=697.0 elapsed=1d23h24m
Aug 08 12:27:45 nimbus-eth1-mainnet-long-benchmark[1140193]: INF 2026-08-08 12:27:45.261+00:00 Imported blocks                            blockNumber=15597569 slot=4760873 blocks=15597568 txs=1720905744 mgas=119105339 bps=39.01 tps=6046 mgps=596.1 avgBps=91.27 avgTps=10069 avgMGps=696.9 elapsed=1d23h28m
Aug 08 12:31:20 nimbus-eth1-mainnet-long-benchmark[1140193]: INF 2026-08-08 12:31:20.246+00:00 Imported blocks                            blockNumber=15605761 slot=4769097 blocks=15605760 txs=1722187678 mgas=119230498 bps=38.11 tps=5962 mgps=582.2 avgBps=91.20 avgTps=10064 avgMGps=696.8 elapsed=1d23h31m
Aug 08 12:34:48 nimbus-eth1-mainnet-long-benchmark[1140193]: INF 2026-08-08 12:34:48.222+00:00 Imported blocks                            blockNumber=15613953 slot=4777324 blocks=15613952 txs=1723454161 mgas=119355682 bps=39.39 tps=6089 mgps=601.9 avgBps=91.14 avgTps=10059 avgMGps=696.7 elapsed=1d23h35m
Aug 08 12:38:19 nimbus-eth1-mainnet-long-benchmark[1140193]: INF 2026-08-08 12:38:19.103+00:00 Imported blocks                            blockNumber=15622145 slot=4785575 blocks=15622144 txs=1724765004 mgas=119481034 bps=38.85 tps=6215 mgps=594.4 avgBps=91.07 avgTps=10054 avgMGps=696.5 elapsed=1d23h38m
Aug 08 12:41:49 nimbus-eth1-mainnet-long-benchmark[1140193]: INF 2026-08-08 12:41:49.516+00:00 Imported blocks                            blockNumber=15630337 slot=4793834 blocks=15630336 txs=1726115428 mgas=119606437 bps=38.93 tps=6418 mgps=596.0 avgBps=91.01 avgTps=10050 avgMGps=696.4 elapsed=1d23h42m
Aug 08 12:45:16 nimbus-eth1-mainnet-long-benchmark[1140193]: INF 2026-08-08 12:45:16.780+00:00 Imported blocks                            blockNumber=15638529 slot=4802063 blocks=15638528 txs=1727387344 mgas=119731727 bps=39.52 tps=6136 mgps=604.5 avgBps=90.95 avgTps=10045 avgMGps=696.3 elapsed=1d23h45m
Aug 08 12:48:39 nimbus-eth1-mainnet-long-benchmark[1140193]: INF 2026-08-08 12:48:39.557+00:00 Imported blocks                            blockNumber=15646721 slot=4810311 blocks=15646720 txs=1728769573 mgas=119857145 bps=40.40 tps=6816 mgps=618.5 avgBps=90.89 avgTps=10041 avgMGps=696.2 elapsed=1d23h49m
Aug 08 12:52:07 nimbus-eth1-mainnet-long-benchmark[1140193]: INF 2026-08-08 12:52:07.638+00:00 Imported blocks                            blockNumber=15654913 slot=4818560 blocks=15654912 txs=1730111417 mgas=119982386 bps=39.37 tps=6448 mgps=601.9 avgBps=90.82 avgTps=10037 avgMGps=696.1 elapsed=1d23h52m
Aug 08 12:55:44 nimbus-eth1-mainnet-long-benchmark[1140193]: INF 2026-08-08 12:55:44.054+00:00 Imported blocks                            blockNumber=15663105 slot=4826793 blocks=15663104 txs=1731450288 mgas=120107622 bps=37.85 tps=6186 mgps=578.7 avgBps=90.76 avgTps=10032 avgMGps=696.0 elapsed=1d23h56m
Aug 08 12:58:58 nimbus-eth1-mainnet-long-benchmark[1140193]: INF 2026-08-08 12:58:58.683+00:00 Imported blocks                            blockNumber=15671297 slot=4835033 blocks=15671296 txs=1732923786 mgas=120232889 bps=42.09 tps=7570 mgps=643.6 avgBps=90.70 avgTps=10029 avgMGps=695.9 elapsed=1d23h59m
Aug 08 13:02:27 nimbus-eth1-mainnet-long-benchmark[1140193]: INF 2026-08-08 13:02:27.620+00:00 Imported blocks                            blockNumber=15679489 slot=4843307 blocks=15679488 txs=1734265729 mgas=120358128 bps=39.21 tps=6422 mgps=599.4 avgBps=90.64 avgTps=10025 avgMGps=695.8 elapsed=2d3m3s
Aug 08 13:06:01 nimbus-eth1-mainnet-long-benchmark[1140193]: INF 2026-08-08 13:06:01.516+00:00 Imported blocks                            blockNumber=15687681 slot=4851548 blocks=15687680 txs=1735624674 mgas=120483467 bps=38.30 tps=6353 mgps=586.0 avgBps=90.58 avgTps=10021 avgMGps=695.6 elapsed=2d6m37s
Aug 08 13:09:29 nimbus-eth1-mainnet-long-benchmark[1140193]: INF 2026-08-08 13:09:29.417+00:00 Imported blocks                            blockNumber=15695873 slot=4859783 blocks=15695872 txs=1736990907 mgas=120608800 bps=39.40 tps=6571 mgps=602.8 avgBps=90.52 avgTps=10016 avgMGps=695.5 elapsed=2d10m5s
Aug 08 13:12:57 nimbus-eth1-mainnet-long-benchmark[1140193]: INF 2026-08-08 13:12:57.506+00:00 Imported blocks                            blockNumber=15704065 slot=4868035 blocks=15704064 txs=1738357846 mgas=120734109 bps=39.37 tps=6569 mgps=602.2 avgBps=90.45 avgTps=10012 avgMGps=695.4 elapsed=2d13m33s
Aug 08 13:15:47 nimbus-eth1-mainnet-long-benchmark[1140193]: INF 2026-08-08 13:15:47.007+00:00 Imported blocks                            blockNumber=15712257 slot=4876269 blocks=15712256 txs=1739616514 mgas=120859690 bps=48.33 tps=7425 mgps=740.9 avgBps=90.41 avgTps=10010 avgMGps=695.5 elapsed=2d16m23s
Aug 08 13:18:49 nimbus-eth1-mainnet-long-benchmark[1140193]: INF 2026-08-08 13:18:49.192+00:00 Imported blocks                            blockNumber=15720449 slot=4884504 blocks=15720448 txs=1740885525 mgas=120985277 bps=44.96 tps=6965 mgps=689.3 avgBps=90.37 avgTps=10007 avgMGps=695.5 elapsed=2d19m25s
Aug 08 13:22:12 nimbus-eth1-mainnet-long-benchmark[1140193]: INF 2026-08-08 13:22:12.621+00:00 Imported blocks                            blockNumber=15728641 slot=4892734 blocks=15728640 txs=1742176093 mgas=121110614 bps=40.27 tps=6344 mgps=616.1 avgBps=90.31 avgTps=10002 avgMGps=695.4 elapsed=2d22m48s
Aug 08 13:25:31 nimbus-eth1-mainnet-long-benchmark[1140193]: INF 2026-08-08 13:25:31.742+00:00 Imported blocks                            blockNumber=15736833 slot=4900965 blocks=15736832 txs=1743394598 mgas=121236285 bps=41.14 tps=6119 mgps=631.1 avgBps=90.25 avgTps=9998 avgMGps=695.3 elapsed=2d26m7s
Aug 08 13:29:03 nimbus-eth1-mainnet-long-benchmark[1140193]: INF 2026-08-08 13:29:03.334+00:00 Imported blocks                            blockNumber=15745025 slot=4909209 blocks=15745024 txs=1744665239 mgas=121361472 bps=38.72 tps=6005 mgps=591.6 avgBps=90.19 avgTps=9993 avgMGps=695.2 elapsed=2d29m39s
Aug 08 13:32:26 nimbus-eth1-mainnet-long-benchmark[1140193]: INF 2026-08-08 13:32:26.399+00:00 Imported blocks                            blockNumber=15753217 slot=4917440 blocks=15753216 txs=1745887830 mgas=121487093 bps=40.34 tps=6020 mgps=618.6 avgBps=90.13 avgTps=9988 avgMGps=695.1 elapsed=2d33m2s
Aug 08 13:35:47 nimbus-eth1-mainnet-long-benchmark[1140193]: INF 2026-08-08 13:35:47.984+00:00 Imported blocks                            blockNumber=15761409 slot=4925676 blocks=15761408 txs=1747023901 mgas=121612736 bps=40.64 tps=5635 mgps=623.3 avgBps=90.07 avgTps=9983 avgMGps=695.0 elapsed=2d36m24s
Aug 08 13:39:17 nimbus-eth1-mainnet-long-benchmark[1140193]: INF 2026-08-08 13:39:17.073+00:00 Imported blocks                            blockNumber=15769601 slot=4933927 blocks=15769600 txs=1748230935 mgas=121738183 bps=39.18 tps=5772 mgps=600.0 avgBps=90.01 avgTps=9978 avgMGps=694.9 elapsed=2d39m53s
Aug 08 13:42:35 nimbus-eth1-mainnet-long-benchmark[1140193]: INF 2026-08-08 13:42:35.949+00:00 Imported blocks                            blockNumber=15777793 slot=4942152 blocks=15777792 txs=1749460992 mgas=121863350 bps=41.19 tps=6184 mgps=629.4 avgBps=89.96 avgTps=9974 avgMGps=694.8 elapsed=2d43m12s
Aug 08 13:45:58 nimbus-eth1-mainnet-long-benchmark[1140193]: INF 2026-08-08 13:45:58.962+00:00 Imported blocks                            blockNumber=15785985 slot=4950396 blocks=15785984 txs=1750697379 mgas=121988448 bps=40.35 tps=6090 mgps=616.2 avgBps=89.90 avgTps=9970 avgMGps=694.7 elapsed=2d46m35s
Aug 08 13:49:27 nimbus-eth1-mainnet-long-benchmark[1140193]: INF 2026-08-08 13:49:27.423+00:00 Imported blocks                            blockNumber=15794177 slot=4958625 blocks=15794176 txs=1752001867 mgas=122113619 bps=39.30 tps=6257 mgps=600.4 avgBps=89.84 avgTps=9965 avgMGps=694.6 elapsed=2d50m3s
Aug 08 13:52:52 nimbus-eth1-mainnet-long-benchmark[1140193]: INF 2026-08-08 13:52:52.896+00:00 Imported blocks                            blockNumber=15802369 slot=4966858 blocks=15802368 txs=1753226702 mgas=122238808 bps=39.87 tps=5961 mgps=609.3 avgBps=89.78 avgTps=9961 avgMGps=694.5 elapsed=2d53m28s
Aug 08 13:56:21 nimbus-eth1-mainnet-long-benchmark[1140193]: INF 2026-08-08 13:56:21.564+00:00 Imported blocks                            blockNumber=15810561 slot=4975086 blocks=15810560 txs=1754330973 mgas=122363984 bps=39.26 tps=5292 mgps=599.9 avgBps=89.72 avgTps=9955 avgMGps=694.4 elapsed=2d56m57s
Aug 08 13:59:52 nimbus-eth1-mainnet-long-benchmark[1140193]: INF 2026-08-08 13:59:52.297+00:00 Imported blocks                            blockNumber=15818753 slot=4983340 blocks=15818752 txs=1755522956 mgas=122489447 bps=38.87 tps=5656 mgps=595.4 avgBps=89.66 avgTps=9950 avgMGps=694.3 elapsed=2d1h28s
Aug 08 14:03:22 nimbus-eth1-mainnet-long-benchmark[1140193]: INF 2026-08-08 14:03:22.090+00:00 Imported blocks                            blockNumber=15826945 slot=4991606 blocks=15826944 txs=1756731408 mgas=122614342 bps=39.05 tps=5760 mgps=595.3 avgBps=89.60 avgTps=9945 avgMGps=694.2 elapsed=2d1h3m
Aug 08 14:06:53 nimbus-eth1-mainnet-long-benchmark[1140193]: INF 2026-08-08 14:06:53.682+00:00 Imported blocks                            blockNumber=15835137 slot=4999843 blocks=15835136 txs=1757990333 mgas=122739038 bps=38.72 tps=5949 mgps=589.3 avgBps=89.54 avgTps=9940 avgMGps=694.0 elapsed=2d1h7m
Aug 08 14:10:27 nimbus-eth1-mainnet-long-benchmark[1140193]: INF 2026-08-08 14:10:27.787+00:00 Imported blocks                            blockNumber=15843329 slot=5008082 blocks=15843328 txs=1759257070 mgas=122863943 bps=38.26 tps=5916 mgps=583.4 avgBps=89.48 avgTps=9935 avgMGps=693.9 elapsed=2d1h11m
Aug 08 14:13:54 nimbus-eth1-mainnet-long-benchmark[1140193]: INF 2026-08-08 14:13:54.368+00:00 Imported blocks                            blockNumber=15851521 slot=5016328 blocks=15851520 txs=1760438450 mgas=122988751 bps=39.66 tps=5718 mgps=604.2 avgBps=89.42 avgTps=9930 avgMGps=693.8 elapsed=2d1h14m
Aug 08 14:17:26 nimbus-eth1-mainnet-long-benchmark[1140193]: INF 2026-08-08 14:17:26.076+00:00 Imported blocks                            blockNumber=15859713 slot=5024572 blocks=15859712 txs=1761619525 mgas=123113665 bps=38.69 tps=5578 mgps=590.0 avgBps=89.36 avgTps=9925 avgMGps=693.7 elapsed=2d1h18m
Aug 08 14:20:55 nimbus-eth1-mainnet-long-benchmark[1140193]: INF 2026-08-08 14:20:55.989+00:00 Imported blocks                            blockNumber=15867905 slot=5032801 blocks=15867904 txs=1762818167 mgas=123238519 bps=39.03 tps=5710 mgps=594.8 avgBps=89.30 avgTps=9920 avgMGps=693.6 elapsed=2d1h21m
Aug 08 14:24:22 nimbus-eth1-mainnet-long-benchmark[1140193]: INF 2026-08-08 14:24:22.362+00:00 Imported blocks                            blockNumber=15876097 slot=5041067 blocks=15876096 txs=1764075113 mgas=123363005 bps=39.70 tps=6090 mgps=603.2 avgBps=89.24 avgTps=9916 avgMGps=693.4 elapsed=2d1h24m
Aug 08 14:27:54 nimbus-eth1-mainnet-long-benchmark[1140193]: INF 2026-08-08 14:27:54.150+00:00 Imported blocks                            blockNumber=15884289 slot=5049305 blocks=15884288 txs=1765260808 mgas=123487425 bps=38.68 tps=5598 mgps=587.5 avgBps=89.18 avgTps=9911 avgMGps=693.3 elapsed=2d1h28m
Aug 08 14:31:18 nimbus-eth1-mainnet-long-benchmark[1140193]: INF 2026-08-08 14:31:18.551+00:00 Imported blocks                            blockNumber=15892481 slot=5057550 blocks=15892480 txs=1766498276 mgas=123611746 bps=40.08 tps=6054 mgps=608.2 avgBps=89.13 avgTps=9906 avgMGps=693.2 elapsed=2d1h31m
Aug 08 14:34:50 nimbus-eth1-mainnet-long-benchmark[1140193]: INF 2026-08-08 14:34:50.860+00:00 Imported blocks                            blockNumber=15900673 slot=5065779 blocks=15900672 txs=1767658541 mgas=123735958 bps=38.59 tps=5465 mgps=585.1 avgBps=89.07 avgTps=9901 avgMGps=693.1 elapsed=2d1h35m
Aug 08 14:38:21 nimbus-eth1-mainnet-long-benchmark[1140193]: INF 2026-08-08 14:38:21.744+00:00 Imported blocks                            blockNumber=15908865 slot=5074016 blocks=15908864 txs=1768716633 mgas=123860608 bps=38.85 tps=5017 mgps=591.1 avgBps=89.01 avgTps=9895 avgMGps=693.0 elapsed=2d1h38m
Aug 08 14:41:52 nimbus-eth1-mainnet-long-benchmark[1140193]: INF 2026-08-08 14:41:52.717+00:00 Imported blocks                            blockNumber=15917057 slot=5082245 blocks=15917056 txs=1769870907 mgas=123984925 bps=38.83 tps=5471 mgps=589.3 avgBps=88.95 avgTps=9890 avgMGps=692.9 elapsed=2d1h42m
Aug 08 14:45:25 nimbus-eth1-mainnet-long-benchmark[1140193]: INF 2026-08-08 14:45:25.586+00:00 Imported blocks                            blockNumber=15925249 slot=5090476 blocks=15925248 txs=1771138659 mgas=124109139 bps=38.48 tps=5955 mgps=583.5 avgBps=88.89 avgTps=9885 avgMGps=692.7 elapsed=2d1h46m
Aug 08 14:49:10 nimbus-eth1-mainnet-long-benchmark[1140193]: INF 2026-08-08 14:49:10.302+00:00 Imported blocks                            blockNumber=15933441 slot=5098721 blocks=15933440 txs=1772513965 mgas=124233403 bps=36.46 tps=6120 mgps=553.0 avgBps=88.82 avgTps=9880 avgMGps=692.5 elapsed=2d1h49m
Aug 08 14:52:54 nimbus-eth1-mainnet-long-benchmark[1140193]: INF 2026-08-08 14:52:54.734+00:00 Imported blocks                            blockNumber=15941633 slot=5106967 blocks=15941632 txs=1773903667 mgas=124357344 bps=36.50 tps=6192 mgps=552.2 avgBps=88.76 avgTps=9876 avgMGps=692.4 elapsed=2d1h53m
Aug 08 14:56:34 nimbus-eth1-mainnet-long-benchmark[1140193]: INF 2026-08-08 14:56:34.951+00:00 Imported blocks                            blockNumber=15949825 slot=5115210 blocks=15949824 txs=1775194033 mgas=124481379 bps=37.20 tps=5859 mgps=563.2 avgBps=88.69 avgTps=9871 avgMGps=692.2 elapsed=2d1h57m
Aug 08 15:00:21 nimbus-eth1-mainnet-long-benchmark[1140193]: INF 2026-08-08 15:00:21.407+00:00 Imported blocks                            blockNumber=15958017 slot=5123438 blocks=15958016 txs=1776367676 mgas=124605738 bps=36.17 tps=5182 mgps=549.2 avgBps=88.63 avgTps=9865 avgMGps=692.0 elapsed=2d2h57s
Aug 08 15:04:15 nimbus-eth1-mainnet-long-benchmark[1140193]: INF 2026-08-08 15:04:15.484+00:00 Imported blocks                            blockNumber=15966209 slot=5131663 blocks=15966208 txs=1777677925 mgas=124729963 bps=35.00 tps=5597 mgps=530.7 avgBps=88.56 avgTps=9860 avgMGps=691.8 elapsed=2d2h4m
Aug 08 15:08:09 nimbus-eth1-mainnet-long-benchmark[1140193]: INF 2026-08-08 15:08:09.748+00:00 Imported blocks                            blockNumber=15974401 slot=5139899 blocks=15974400 txs=1779018447 mgas=124854062 bps=34.97 tps=5722 mgps=529.7 avgBps=88.49 avgTps=9854 avgMGps=691.6 elapsed=2d2h8m
Aug 08 15:11:53 nimbus-eth1-mainnet-long-benchmark[1140193]: INF 2026-08-08 15:11:53.784+00:00 Imported blocks                            blockNumber=15982593 slot=5148147 blocks=15982592 txs=1780254417 mgas=124978385 bps=36.57 tps=5516 mgps=554.9 avgBps=88.42 avgTps=9849 avgMGps=691.4 elapsed=2d2h12m
Aug 08 15:15:35 nimbus-eth1-mainnet-long-benchmark[1140193]: INF 2026-08-08 15:15:35.821+00:00 Imported blocks                            blockNumber=15990785 slot=5156389 blocks=15990784 txs=1781537788 mgas=125102584 bps=36.90 tps=5780 mgps=559.4 avgBps=88.36 avgTps=9844 avgMGps=691.3 elapsed=2d2h16m
Aug 08 15:19:15 nimbus-eth1-mainnet-long-benchmark[1140193]: INF 2026-08-08 15:19:15.317+00:00 Imported blocks                            blockNumber=15998977 slot=5164630 blocks=15998976 txs=1782763601 mgas=125226771 bps=37.32 tps=5584 mgps=565.8 avgBps=88.30 avgTps=9839 avgMGps=691.1 elapsed=2d2h19m
Aug 08 15:22:47 nimbus-eth1-mainnet-long-benchmark[1140193]: INF 2026-08-08 15:22:47.894+00:00 Imported blocks                            blockNumber=16007169 slot=5172864 blocks=16007168 txs=1783816448 mgas=125351394 bps=38.54 tps=4952 mgps=586.2 avgBps=88.24 avgTps=9833 avgMGps=691.0 elapsed=2d2h23m
Aug 08 15:26:34 nimbus-eth1-mainnet-long-benchmark[1140193]: INF 2026-08-08 15:26:34.186+00:00 Imported blocks                            blockNumber=16015361 slot=5181097 blocks=16015360 txs=1784869407 mgas=125475887 bps=36.20 tps=4653 mgps=550.2 avgBps=88.18 avgTps=9826 avgMGps=690.8 elapsed=2d2h27m
Aug 08 15:30:20 nimbus-eth1-mainnet-long-benchmark[1140193]: INF 2026-08-08 15:30:20.795+00:00 Imported blocks                            blockNumber=16023553 slot=5189331 blocks=16023552 txs=1785960095 mgas=125600130 bps=36.15 tps=4813 mgps=548.3 avgBps=88.11 avgTps=9820 avgMGps=690.7 elapsed=2d2h30m
Aug 08 15:34:01 nimbus-eth1-mainnet-long-benchmark[1140193]: INF 2026-08-08 15:34:01.387+00:00 Imported blocks                            blockNumber=16031745 slot=5197584 blocks=16031744 txs=1787064121 mgas=125724512 bps=37.14 tps=5004 mgps=563.8 avgBps=88.05 avgTps=9814 avgMGps=690.5 elapsed=2d2h34m
Aug 08 15:37:41 nimbus-eth1-mainnet-long-benchmark[1140193]: INF 2026-08-08 15:37:41.632+00:00 Imported blocks                            blockNumber=16039937 slot=5205840 blocks=16039936 txs=1788187162 mgas=125848907 bps=37.20 tps=5099 mgps=564.8 avgBps=87.99 avgTps=9809 avgMGps=690.3 elapsed=2d2h38m
Aug 08 15:41:22 nimbus-eth1-mainnet-long-benchmark[1140193]: INF 2026-08-08 15:41:22.412+00:00 Imported blocks                            blockNumber=16048129 slot=5214078 blocks=16048128 txs=1789321785 mgas=125973738 bps=37.10 tps=5139 mgps=565.4 avgBps=87.93 avgTps=9803 avgMGps=690.2 elapsed=2d2h41m
Aug 08 15:45:07 nimbus-eth1-mainnet-long-benchmark[1140193]: INF 2026-08-08 15:45:07.828+00:00 Imported blocks                            blockNumber=16056321 slot=5222314 blocks=16056320 txs=1790447287 mgas=126098355 bps=36.34 tps=4993 mgps=552.8 avgBps=87.86 avgTps=9797 avgMGps=690.0 elapsed=2d2h45m
Aug 08 15:48:53 nimbus-eth1-mainnet-long-benchmark[1140193]: INF 2026-08-08 15:48:53.937+00:00 Imported blocks                            blockNumber=16064513 slot=5230552 blocks=16064512 txs=1791458049 mgas=126223039 bps=36.23 tps=4470 mgps=551.4 avgBps=87.80 avgTps=9790 avgMGps=689.9 elapsed=2d2h49m
Aug 08 15:52:39 nimbus-eth1-mainnet-long-benchmark[1140193]: INF 2026-08-08 15:52:39.689+00:00 Imported blocks                            blockNumber=16072705 slot=5238780 blocks=16072704 txs=1792704083 mgas=126347373 bps=36.29 tps=5519 mgps=550.8 avgBps=87.74 avgTps=9785 avgMGps=689.7 elapsed=2d2h53m
Aug 08 15:56:31 nimbus-eth1-mainnet-long-benchmark[1140193]: INF 2026-08-08 15:56:31.050+00:00 Imported blocks                            blockNumber=16080897 slot=5247021 blocks=16080896 txs=1793882658 mgas=126471633 bps=35.41 tps=5094 mgps=537.1 avgBps=87.67 avgTps=9779 avgMGps=689.5 elapsed=2d2h57m
Aug 08 16:00:16 nimbus-eth1-mainnet-long-benchmark[1140193]: INF 2026-08-08 16:00:16.970+00:00 Imported blocks                            blockNumber=16089089 slot=5255267 blocks=16089088 txs=1795006238 mgas=126595940 bps=36.26 tps=4973 mgps=550.2 avgBps=87.61 avgTps=9773 avgMGps=689.3 elapsed=2d3h53s
Aug 08 16:03:59 nimbus-eth1-mainnet-long-benchmark[1140193]: INF 2026-08-08 16:03:59.186+00:00 Imported blocks                            blockNumber=16097281 slot=5263499 blocks=16097280 txs=1796147089 mgas=126720380 bps=36.86 tps=5133 mgps=560.0 avgBps=87.54 avgTps=9768 avgMGps=689.2 elapsed=2d3h4m
Aug 08 16:07:42 nimbus-eth1-mainnet-long-benchmark[1140193]: INF 2026-08-08 16:07:42.827+00:00 Imported blocks                            blockNumber=16105473 slot=5271733 blocks=16105472 txs=1797308946 mgas=126844741 bps=36.63 tps=5195 mgps=556.1 avgBps=87.48 avgTps=9762 avgMGps=689.0 elapsed=2d3h8m
Aug 08 16:11:31 nimbus-eth1-mainnet-long-benchmark[1140193]: INF 2026-08-08 16:11:31.491+00:00 Imported blocks                            blockNumber=16113665 slot=5279979 blocks=16113664 txs=1798418124 mgas=126969410 bps=35.83 tps=4850 mgps=545.2 avgBps=87.42 avgTps=9756 avgMGps=688.8 elapsed=2d3h12m
Aug 08 16:15:13 nimbus-eth1-mainnet-long-benchmark[1140193]: INF 2026-08-08 16:15:13.160+00:00 Imported blocks                            blockNumber=16121857 slot=5288231 blocks=16121856 txs=1799580752 mgas=127093802 bps=36.96 tps=5244 mgps=561.2 avgBps=87.36 avgTps=9751 avgMGps=688.7 elapsed=2d3h15m
Aug 08 16:18:52 nimbus-eth1-mainnet-long-benchmark[1140193]: INF 2026-08-08 16:18:52.056+00:00 Imported blocks                            blockNumber=16130049 slot=5296473 blocks=16130048 txs=1800761210 mgas=127218202 bps=37.42 tps=5392 mgps=568.3 avgBps=87.30 avgTps=9746 avgMGps=688.5 elapsed=2d3h19m
Aug 08 16:22:28 nimbus-eth1-mainnet-long-benchmark[1140193]: INF 2026-08-08 16:22:28.921+00:00 Imported blocks                            blockNumber=16138241 slot=5304780 blocks=16138240 txs=1801840012 mgas=127342862 bps=37.77 tps=4974 mgps=574.8 avgBps=87.24 avgTps=9740 avgMGps=688.4 elapsed=2d3h23m
Aug 08 16:26:22 nimbus-eth1-mainnet-long-benchmark[1140193]: INF 2026-08-08 16:26:22.685+00:00 Imported blocks                            blockNumber=16146433 slot=5313022 blocks=16146432 txs=1803239516 mgas=127467342 bps=35.04 tps=5986 mgps=532.5 avgBps=87.17 avgTps=9735 avgMGps=688.2 elapsed=2d3h26m
Aug 08 16:30:47 nimbus-eth1-mainnet-long-benchmark[1140193]: INF 2026-08-08 16:30:47.833+00:00 Imported blocks                            blockNumber=16154625 slot=5321262 blocks=16154624 txs=1805071002 mgas=127591537 bps=30.90 tps=6907 mgps=468.4 avgBps=87.09 avgTps=9731 avgMGps=687.9 elapsed=2d3h31m
Aug 08 16:34:55 nimbus-eth1-mainnet-long-benchmark[1140193]: INF 2026-08-08 16:34:55.301+00:00 Imported blocks                            blockNumber=16162817 slot=5329495 blocks=16162816 txs=1806360432 mgas=127716150 bps=33.10 tps=5210 mgps=503.6 avgBps=87.02 avgTps=9725 avgMGps=687.6 elapsed=2d3h35m
Aug 08 16:38:48 nimbus-eth1-mainnet-long-benchmark[1140193]: INF 2026-08-08 16:38:48.325+00:00 Imported blocks                            blockNumber=16171009 slot=5337741 blocks=16171008 txs=1807676190 mgas=127840490 bps=35.16 tps=5646 mgps=533.6 avgBps=86.96 avgTps=9720 avgMGps=687.4 elapsed=2d3h39m
Aug 08 16:42:46 nimbus-eth1-mainnet-long-benchmark[1140193]: INF 2026-08-08 16:42:46.073+00:00 Imported blocks                            blockNumber=16179201 slot=5345985 blocks=16179200 txs=1808981729 mgas=127964557 bps=34.46 tps=5491 mgps=521.8 avgBps=86.89 avgTps=9715 avgMGps=687.2 elapsed=2d3h43m
Aug 08 16:46:38 nimbus-eth1-mainnet-long-benchmark[1140193]: INF 2026-08-08 16:46:38.598+00:00 Imported blocks                            blockNumber=16187393 slot=5354220 blocks=16187392 txs=1810218948 mgas=128088794 bps=35.23 tps=5320 mgps=534.3 avgBps=86.83 avgTps=9709 avgMGps=687.0 elapsed=2d3h47m
Aug 08 16:50:26 nimbus-eth1-mainnet-long-benchmark[1140193]: INF 2026-08-08 16:50:26.718+00:00 Imported blocks                            blockNumber=16195585 slot=5362459 blocks=16195584 txs=1811461288 mgas=128212958 bps=35.91 tps=5445 mgps=544.3 avgBps=86.76 avgTps=9704 avgMGps=686.9 elapsed=2d3h51m
Aug 08 16:54:18 nimbus-eth1-mainnet-long-benchmark[1140193]: INF 2026-08-08 16:54:18.298+00:00 Imported blocks                            blockNumber=16203777 slot=5370696 blocks=16203776 txs=1812759801 mgas=128336913 bps=35.37 tps=5607 mgps=535.3 avgBps=86.70 avgTps=9699 avgMGps=686.7 elapsed=2d3h54m
Aug 08 16:58:15 nimbus-eth1-mainnet-long-benchmark[1140193]: INF 2026-08-08 16:58:15.679+00:00 Imported blocks                            blockNumber=16211969 slot=5378936 blocks=16211968 txs=1813869867 mgas=128461357 bps=34.51 tps=4676 mgps=524.2 avgBps=86.63 avgTps=9693 avgMGps=686.5 elapsed=2d3h58m
Aug 08 17:02:00 nimbus-eth1-mainnet-long-benchmark[1140193]: INF 2026-08-08 17:02:00.503+00:00 Imported blocks                            blockNumber=16220161 slot=5387165 blocks=16220160 txs=1814959279 mgas=128585743 bps=36.44 tps=4845 mgps=553.3 avgBps=86.57 avgTps=9687 avgMGps=686.3 elapsed=2d4h2m
Aug 08 17:05:44 nimbus-eth1-mainnet-long-benchmark[1140193]: INF 2026-08-08 17:05:44.831+00:00 Imported blocks                            blockNumber=16228353 slot=5395399 blocks=16228352 txs=1816121230 mgas=128709720 bps=36.52 tps=5179 mgps=552.7 avgBps=86.51 avgTps=9681 avgMGps=686.2 elapsed=2d4h6m
Aug 08 17:09:34 nimbus-eth1-mainnet-long-benchmark[1140193]: INF 2026-08-08 17:09:34.612+00:00 Imported blocks                            blockNumber=16236545 slot=5403630 blocks=16236544 txs=1817290037 mgas=128833846 bps=35.65 tps=5086 mgps=540.2 avgBps=86.45 avgTps=9676 avgMGps=686.0 elapsed=2d4h10m
Aug 08 17:13:24 nimbus-eth1-mainnet-long-benchmark[1140193]: INF 2026-08-08 17:13:24.900+00:00 Imported blocks                            blockNumber=16244737 slot=5411850 blocks=16244736 txs=1818421939 mgas=128958134 bps=35.57 tps=4915 mgps=539.7 avgBps=86.39 avgTps=9670 avgMGps=685.8 elapsed=2d4h14m
Aug 08 17:17:25 nimbus-eth1-mainnet-long-benchmark[1140193]: INF 2026-08-08 17:17:25.284+00:00 Imported blocks                            blockNumber=16252929 slot=5420067 blocks=16252928 txs=1819571657 mgas=129082467 bps=34.08 tps=4782 mgps=517.2 avgBps=86.32 avgTps=9664 avgMGps=685.6 elapsed=2d4h18m
Aug 08 17:21:34 nimbus-eth1-mainnet-long-benchmark[1140193]: INF 2026-08-08 17:21:34.524+00:00 Imported blocks                            blockNumber=16261121 slot=5428297 blocks=16261120 txs=1820578100 mgas=129207392 bps=32.87 tps=4038 mgps=501.2 avgBps=86.25 avgTps=9656 avgMGps=685.3 elapsed=2d4h22m
Aug 08 17:25:26 nimbus-eth1-mainnet-long-benchmark[1140193]: INF 2026-08-08 17:25:26.265+00:00 Imported blocks                            blockNumber=16269313 slot=5436528 blocks=16269312 txs=1821582279 mgas=129332087 bps=35.35 tps=4333 mgps=538.1 avgBps=86.19 avgTps=9650 avgMGps=685.2 elapsed=2d4h26m
Aug 08 17:29:18 nimbus-eth1-mainnet-long-benchmark[1140193]: INF 2026-08-08 17:29:18.121+00:00 Imported blocks                            blockNumber=16277505 slot=5444770 blocks=16277504 txs=1822732101 mgas=129456486 bps=35.33 tps=4959 mgps=536.5 avgBps=86.13 avgTps=9644 avgMGps=685.0 elapsed=2d4h29m
Aug 08 17:33:14 nimbus-eth1-mainnet-long-benchmark[1140193]: INF 2026-08-08 17:33:14.013+00:00 Imported blocks                            blockNumber=16285697 slot=5452994 blocks=16285696 txs=1823865962 mgas=129580764 bps=34.73 tps=4806 mgps=526.8 avgBps=86.06 avgTps=9638 avgMGps=684.8 elapsed=2d4h33m
Aug 08 17:37:09 nimbus-eth1-mainnet-long-benchmark[1140193]: INF 2026-08-08 17:37:09.069+00:00 Imported blocks                            blockNumber=16293889 slot=5461230 blocks=16293888 txs=1824958250 mgas=129705030 bps=34.85 tps=4646 mgps=528.7 avgBps=86.00 avgTps=9632 avgMGps=684.6 elapsed=2d4h37m
Aug 08 17:41:11 nimbus-eth1-mainnet-long-benchmark[1140193]: INF 2026-08-08 17:41:11.918+00:00 Imported blocks                            blockNumber=16302081 slot=5469460 blocks=16302080 txs=1826030759 mgas=129829433 bps=33.73 tps=4416 mgps=512.3 avgBps=85.93 avgTps=9625 avgMGps=684.4 elapsed=2d4h41m
Aug 08 17:45:28 nimbus-eth1-mainnet-long-benchmark[1140193]: INF 2026-08-08 17:45:28.261+00:00 Imported blocks                            blockNumber=16310273 slot=5477688 blocks=16310272 txs=1826972084 mgas=129954165 bps=31.96 tps=3672 mgps=486.6 avgBps=85.86 avgTps=9617 avgMGps=684.1 elapsed=2d4h46m
Aug 08 17:49:15 nimbus-eth1-mainnet-long-benchmark[1140193]: INF 2026-08-08 17:49:15.746+00:00 Imported blocks                            blockNumber=16318465 slot=5485913 blocks=16318464 txs=1827854551 mgas=130078932 bps=36.01 tps=3879 mgps=548.5 avgBps=85.80 avgTps=9610 avgMGps=683.9 elapsed=2d4h49m
Aug 08 17:52:58 nimbus-eth1-mainnet-long-benchmark[1140193]: INF 2026-08-08 17:52:58.838+00:00 Imported blocks                            blockNumber=16326657 slot=5494140 blocks=16326656 txs=1828918916 mgas=130203345 bps=36.72 tps=4770 mgps=557.7 avgBps=85.74 avgTps=9604 avgMGps=683.8 elapsed=2d4h53m
Aug 08 17:56:46 nimbus-eth1-mainnet-long-benchmark[1140193]: INF 2026-08-08 17:56:46.771+00:00 Imported blocks                            blockNumber=16334849 slot=5502372 blocks=16334848 txs=1830122577 mgas=130327572 bps=35.94 tps=5280 mgps=545.0 avgBps=85.68 avgTps=9599 avgMGps=683.6 elapsed=2d4h57m
Aug 08 18:00:45 nimbus-eth1-mainnet-long-benchmark[1140193]: INF 2026-08-08 18:00:45.079+00:00 Imported blocks                            blockNumber=16343041 slot=5510610 blocks=16343040 txs=1831418312 mgas=130451609 bps=34.38 tps=5437 mgps=520.5 avgBps=85.62 avgTps=9594 avgMGps=683.4 elapsed=2d5h1m
Aug 08 18:04:32 nimbus-eth1-mainnet-long-benchmark[1140193]: INF 2026-08-08 18:04:32.935+00:00 Imported blocks                            blockNumber=16351233 slot=5518848 blocks=16351232 txs=1832599973 mgas=130575721 bps=35.95 tps=5186 mgps=544.7 avgBps=85.56 avgTps=9589 avgMGps=683.3 elapsed=2d5h5m
Aug 08 18:08:40 nimbus-eth1-mainnet-long-benchmark[1140193]: INF 2026-08-08 18:08:40.927+00:00 Imported blocks                            blockNumber=16359425 slot=5527079 blocks=16359424 txs=1833679040 mgas=130700254 bps=33.03 tps=4351 mgps=502.2 avgBps=85.49 avgTps=9582 avgMGps=683.0 elapsed=2d5h9m
Aug 08 18:12:50 nimbus-eth1-mainnet-long-benchmark[1140193]: INF 2026-08-08 18:12:50.663+00:00 Imported blocks                            blockNumber=16367617 slot=5535309 blocks=16367616 txs=1835056248 mgas=130824628 bps=32.80 tps=5514 mgps=498.0 avgBps=85.42 avgTps=9577 avgMGps=682.8 elapsed=2d5h13m
Aug 08 18:17:00 nimbus-eth1-mainnet-long-benchmark[1140193]: INF 2026-08-08 18:17:00.979+00:00 Imported blocks                            blockNumber=16375809 slot=5543539 blocks=16375808 txs=1836258513 mgas=130948667 bps=32.73 tps=4802 mgps=495.5 avgBps=85.35 avgTps=9570 avgMGps=682.5 elapsed=2d5h17m
Aug 08 18:20:52 nimbus-eth1-mainnet-long-benchmark[1140193]: INF 2026-08-08 18:20:52.588+00:00 Imported blocks                            blockNumber=16384001 slot=5551774 blocks=16384000 txs=1837499084 mgas=131072768 bps=35.37 tps=5356 mgps=535.8 avgBps=85.29 avgTps=9565 avgMGps=682.4 elapsed=2d5h21m
Aug 08 18:24:47 nimbus-eth1-mainnet-long-benchmark[1140193]: INF 2026-08-08 18:24:47.948+00:00 Imported blocks                            blockNumber=16392193 slot=5560023 blocks=16392192 txs=1838750291 mgas=131196772 bps=34.81 tps=5316 mgps=526.9 avgBps=85.23 avgTps=9560 avgMGps=682.2 elapsed=2d5h25m
Aug 08 18:28:34 nimbus-eth1-mainnet-long-benchmark[1140193]: INF 2026-08-08 18:28:34.648+00:00 Imported blocks                            blockNumber=16400385 slot=5568264 blocks=16400384 txs=1839990141 mgas=131320824 bps=36.14 tps=5469 mgps=547.2 avgBps=85.17 avgTps=9555 avgMGps=682.0 elapsed=2d5h29m
Aug 08 18:32:39 nimbus-eth1-mainnet-long-benchmark[1140193]: INF 2026-08-08 18:32:39.264+00:00 Imported blocks                            blockNumber=16408577 slot=5576488 blocks=16408576 txs=1841255955 mgas=131444692 bps=33.49 tps=5174 mgps=506.4 avgBps=85.11 avgTps=9550 avgMGps=681.8 elapsed=2d5h33m
Aug 08 18:36:44 nimbus-eth1-mainnet-long-benchmark[1140193]: INF 2026-08-08 18:36:44.973+00:00 Imported blocks                            blockNumber=16416769 slot=5584742 blocks=16416768 txs=1842403676 mgas=131568840 bps=33.34 tps=4671 mgps=505.3 avgBps=85.04 avgTps=9544 avgMGps=681.6 elapsed=2d5h37m
Aug 08 18:40:52 nimbus-eth1-mainnet-long-benchmark[1140193]: INF 2026-08-08 18:40:52.825+00:00 Imported blocks                            blockNumber=16424961 slot=5592977 blocks=16424960 txs=1843596368 mgas=131692843 bps=33.05 tps=4812 mgps=500.3 avgBps=84.98 avgTps=9538 avgMGps=681.3 elapsed=2d5h41m
Aug 08 18:44:47 nimbus-eth1-mainnet-long-benchmark[1140193]: INF 2026-08-08 18:44:47.413+00:00 Imported blocks                            blockNumber=16433153 slot=5601200 blocks=16433152 txs=1844784938 mgas=131817010 bps=34.92 tps=5066 mgps=529.3 avgBps=84.92 avgTps=9532 avgMGps=681.1 elapsed=2d5h45m
Aug 08 18:48:46 nimbus-eth1-mainnet-long-benchmark[1140193]: INF 2026-08-08 18:48:46.925+00:00 Imported blocks                            blockNumber=16441345 slot=5609436 blocks=16441344 txs=1845999096 mgas=131940882 bps=34.20 tps=5069 mgps=517.2 avgBps=84.85 avgTps=9527 avgMGps=680.9 elapsed=2d5h49m
Aug 08 18:52:34 nimbus-eth1-mainnet-long-benchmark[1140193]: INF 2026-08-08 18:52:34.949+00:00 Imported blocks                            blockNumber=16449537 slot=5617666 blocks=16449536 txs=1847165395 mgas=132065127 bps=35.93 tps=5114 mgps=544.9 avgBps=84.80 avgTps=9521 avgMGps=680.8 elapsed=2d5h53m
Aug 08 18:56:42 nimbus-eth1-mainnet-long-benchmark[1140193]: INF 2026-08-08 18:56:42.117+00:00 Imported blocks                            blockNumber=16457729 slot=5625902 blocks=16457728 txs=1848342150 mgas=132189112 bps=33.14 tps=4760 mgps=501.6 avgBps=84.73 avgTps=9515 avgMGps=680.6 elapsed=2d5h57m
Aug 08 19:00:37 nimbus-eth1-mainnet-long-benchmark[1140193]: INF 2026-08-08 19:00:37.406+00:00 Imported blocks                            blockNumber=16465921 slot=5634141 blocks=16465920 txs=1849371996 mgas=132313668 bps=34.82 tps=4376 mgps=529.4 avgBps=84.67 avgTps=9509 avgMGps=680.4 elapsed=2d6h1m
Aug 08 19:04:26 nimbus-eth1-mainnet-long-benchmark[1140193]: INF 2026-08-08 19:04:26.482+00:00 Imported blocks                            blockNumber=16474113 slot=5642371 blocks=16474112 txs=1850459219 mgas=132438037 bps=35.76 tps=4746 mgps=542.9 avgBps=84.61 avgTps=9504 avgMGps=680.2 elapsed=2d6h5m
Aug 08 19:08:16 nimbus-eth1-mainnet-long-benchmark[1140193]: INF 2026-08-08 19:08:16.934+00:00 Imported blocks                            blockNumber=16482305 slot=5650601 blocks=16482304 txs=1851632335 mgas=132562218 bps=35.55 tps=5090 mgps=538.9 avgBps=84.55 avgTps=9498 avgMGps=680.0 elapsed=2d6h8m
Aug 08 19:12:08 nimbus-eth1-mainnet-long-benchmark[1140193]: INF 2026-08-08 19:12:08.207+00:00 Imported blocks                            blockNumber=16490497 slot=5658845 blocks=16490496 txs=1852791201 mgas=132686437 bps=35.42 tps=5010 mgps=537.1 avgBps=84.50 avgTps=9493 avgMGps=679.9 elapsed=2d6h12m
Aug 08 19:16:04 nimbus-eth1-mainnet-long-benchmark[1140193]: INF 2026-08-08 19:16:04.475+00:00 Imported blocks                            blockNumber=16498689 slot=5667082 blocks=16498688 txs=1854039460 mgas=132810606 bps=34.67 tps=5283 mgps=525.5 avgBps=84.44 avgTps=9488 avgMGps=679.7 elapsed=2d6h16m
Aug 08 19:20:00 nimbus-eth1-mainnet-long-benchmark[1140193]: INF 2026-08-08 19:20:00.219+00:00 Imported blocks                            blockNumber=16506881 slot=5675313 blocks=16506880 txs=1855210009 mgas=132934889 bps=34.75 tps=4965 mgps=527.2 avgBps=84.38 avgTps=9482 avgMGps=679.5 elapsed=2d6h20m
Aug 08 19:23:51 nimbus-eth1-mainnet-long-benchmark[1140193]: INF 2026-08-08 19:23:51.407+00:00 Imported blocks                            blockNumber=16515073 slot=5683551 blocks=16515072 txs=1856341573 mgas=133059279 bps=35.43 tps=4894 mgps=538.1 avgBps=84.32 avgTps=9477 avgMGps=679.3 elapsed=2d6h24m
Aug 08 19:27:44 nimbus-eth1-mainnet-long-benchmark[1140193]: INF 2026-08-08 19:27:44.120+00:00 Imported blocks                            blockNumber=16523265 slot=5691780 blocks=16523264 txs=1857567301 mgas=133183259 bps=35.20 tps=5267 mgps=532.8 avgBps=84.26 avgTps=9472 avgMGps=679.2 elapsed=2d6h28m
Aug 08 19:31:33 nimbus-eth1-mainnet-long-benchmark[1140193]: INF 2026-08-08 19:31:33.696+00:00 Imported blocks                            blockNumber=16531457 slot=5700013 blocks=16531456 txs=1858801183 mgas=133307312 bps=35.68 tps=5374 mgps=540.4 avgBps=84.20 avgTps=9467 avgMGps=679.0 elapsed=2d6h32m
Aug 08 19:35:31 nimbus-eth1-mainnet-long-benchmark[1140193]: INF 2026-08-08 19:35:31.692+00:00 Imported blocks                            blockNumber=16539649 slot=5708260 blocks=16539648 txs=1860012627 mgas=133431301 bps=34.42 tps=5090 mgps=521.0 avgBps=84.14 avgTps=9462 avgMGps=678.8 elapsed=2d6h36m
Aug 08 19:39:18 nimbus-eth1-mainnet-long-benchmark[1140193]: INF 2026-08-08 19:39:18.064+00:00 Imported blocks                            blockNumber=16547841 slot=5716525 blocks=16547840 txs=1861269213 mgas=133555223 bps=36.19 tps=5550 mgps=547.4 avgBps=84.09 avgTps=9457 avgMGps=678.7 elapsed=2d6h39m
Aug 08 19:43:06 nimbus-eth1-mainnet-long-benchmark[1140193]: INF 2026-08-08 19:43:06.077+00:00 Imported blocks                            blockNumber=16556033 slot=5724762 blocks=16556032 txs=1862500132 mgas=133679232 bps=35.93 tps=5398 mgps=543.9 avgBps=84.03 avgTps=9453 avgMGps=678.5 elapsed=2d6h43m
Aug 08 19:47:05 nimbus-eth1-mainnet-long-benchmark[1140193]: INF 2026-08-08 19:47:05.141+00:00 Imported blocks                            blockNumber=16564225 slot=5732991 blocks=16564224 txs=1863739172 mgas=133803260 bps=34.27 tps=5182 mgps=518.8 avgBps=83.97 avgTps=9448 avgMGps=678.3 elapsed=2d6h47m
Aug 08 19:50:59 nimbus-eth1-mainnet-long-benchmark[1140193]: INF 2026-08-08 19:50:59.189+00:00 Imported blocks                            blockNumber=16572417 slot=5741223 blocks=16572416 txs=1864966052 mgas=133927243 bps=35.00 tps=5242 mgps=529.7 avgBps=83.91 avgTps=9443 avgMGps=678.1 elapsed=2d6h51m
Aug 08 19:54:44 nimbus-eth1-mainnet-long-benchmark[1140193]: INF 2026-08-08 19:54:44.594+00:00 Imported blocks                            blockNumber=16580609 slot=5749471 blocks=16580608 txs=1866262865 mgas=134051057 bps=36.34 tps=5753 mgps=549.3 avgBps=83.86 avgTps=9438 avgMGps=678.0 elapsed=2d6h55m
Aug 08 19:58:34 nimbus-eth1-mainnet-long-benchmark[1140193]: INF 2026-08-08 19:58:34.426+00:00 Imported blocks                            blockNumber=16588801 slot=5757729 blocks=16588800 txs=1867529636 mgas=134174862 bps=35.64 tps=5511 mgps=538.7 avgBps=83.80 avgTps=9434 avgMGps=677.8 elapsed=2d6h59m
Aug 08 20:02:28 nimbus-eth1-mainnet-long-benchmark[1140193]: INF 2026-08-08 20:02:28.970+00:00 Imported blocks                            blockNumber=16596993 slot=5765970 blocks=16596992 txs=1868777055 mgas=134298801 bps=34.93 tps=5318 mgps=528.4 avgBps=83.74 avgTps=9429 avgMGps=677.6 elapsed=2d7h3m
Aug 08 20:06:25 nimbus-eth1-mainnet-long-benchmark[1140193]: INF 2026-08-08 20:06:25.346+00:00 Imported blocks                            blockNumber=16605185 slot=5774205 blocks=16605184 txs=1869924340 mgas=134422860 bps=34.66 tps=4853 mgps=524.8 avgBps=83.69 avgTps=9424 avgMGps=677.5 elapsed=2d7h7m
Aug 08 20:10:18 nimbus-eth1-mainnet-long-benchmark[1140193]: INF 2026-08-08 20:10:18.811+00:00 Imported blocks                            blockNumber=16613377 slot=5782440 blocks=16613376 txs=1871008463 mgas=134547111 bps=35.09 tps=4643 mgps=532.2 avgBps=83.63 avgTps=9418 avgMGps=677.3 elapsed=2d7h10m
Aug 08 20:14:11 nimbus-eth1-mainnet-long-benchmark[1140193]: INF 2026-08-08 20:14:11.659+00:00 Imported blocks                            blockNumber=16621569 slot=5790686 blocks=16621568 txs=1872218126 mgas=134671188 bps=35.18 tps=5194 mgps=532.9 avgBps=83.57 avgTps=9413 avgMGps=677.1 elapsed=2d7h14m
Aug 08 20:18:03 nimbus-eth1-mainnet-long-benchmark[1140193]: INF 2026-08-08 20:18:03.271+00:00 Imported blocks                            blockNumber=16629761 slot=5798933 blocks=16629760 txs=1873496300 mgas=134795363 bps=35.37 tps=5518 mgps=536.1 avgBps=83.52 avgTps=9408 avgMGps=677.0 elapsed=2d7h18m
Aug 08 20:21:43 nimbus-eth1-mainnet-long-benchmark[1140193]: INF 2026-08-08 20:21:43.208+00:00 Imported blocks                            blockNumber=16637953 slot=5807177 blocks=16637952 txs=1874827008 mgas=134918966 bps=37.25 tps=6050 mgps=562.0 avgBps=83.47 avgTps=9405 avgMGps=676.8 elapsed=2d7h22m
Aug 08 20:25:33 nimbus-eth1-mainnet-long-benchmark[1140193]: INF 2026-08-08 20:25:33.940+00:00 Imported blocks                            blockNumber=16646145 slot=5815423 blocks=16646144 txs=1876106639 mgas=135042668 bps=35.50 tps=5545 mgps=536.1 avgBps=83.41 avgTps=9400 avgMGps=676.7 elapsed=2d7h26m
Aug 08 20:29:29 nimbus-eth1-mainnet-long-benchmark[1140193]: INF 2026-08-08 20:29:29.076+00:00 Imported blocks                            blockNumber=16654337 slot=5823744 blocks=16654336 txs=1877289660 mgas=135166545 bps=34.84 tps=5031 mgps=526.8 avgBps=83.35 avgTps=9395 avgMGps=676.5 elapsed=2d7h30m
Aug 08 20:33:38 nimbus-eth1-mainnet-long-benchmark[1140193]: INF 2026-08-08 20:33:38.920+00:00 Imported blocks                            blockNumber=16662529 slot=5832032 blocks=16662528 txs=1878422473 mgas=135290640 bps=32.79 tps=4534 mgps=496.7 avgBps=83.29 avgTps=9389 avgMGps=676.3 elapsed=2d7h34m
Aug 08 20:37:42 nimbus-eth1-mainnet-long-benchmark[1140193]: INF 2026-08-08 20:37:42.216+00:00 Imported blocks                            blockNumber=16670721 slot=5840313 blocks=16670720 txs=1879631783 mgas=135414630 bps=33.67 tps=4970 mgps=509.6 avgBps=83.23 avgTps=9384 avgMGps=676.1 elapsed=2d7h38m
Aug 08 20:41:41 nimbus-eth1-mainnet-long-benchmark[1140193]: INF 2026-08-08 20:41:41.220+00:00 Imported blocks                            blockNumber=16678913 slot=5848599 blocks=16678912 txs=1880884882 mgas=135538556 bps=34.28 tps=5242 mgps=518.5 avgBps=83.17 avgTps=9379 avgMGps=675.9 elapsed=2d7h42m
Aug 08 20:45:40 nimbus-eth1-mainnet-long-benchmark[1140193]: INF 2026-08-08 20:45:40.005+00:00 Imported blocks                            blockNumber=16687105 slot=5856905 blocks=16687104 txs=1882135895 mgas=135662560 bps=34.31 tps=5239 mgps=519.3 avgBps=83.11 avgTps=9374 avgMGps=675.7 elapsed=2d7h46m
Aug 08 20:49:27 nimbus-eth1-mainnet-long-benchmark[1140193]: INF 2026-08-08 20:49:27.245+00:00 Imported blocks                            blockNumber=16695297 slot=5865191 blocks=16695296 txs=1883381637 mgas=135786484 bps=36.05 tps=5482 mgps=545.3 avgBps=83.06 avgTps=9369 avgMGps=675.5 elapsed=2d7h50m
Aug 08 20:53:33 nimbus-eth1-mainnet-long-benchmark[1140193]: INF 2026-08-08 20:53:33.337+00:00 Imported blocks                            blockNumber=16703489 slot=5873502 blocks=16703488 txs=1884617239 mgas=135910564 bps=33.29 tps=5020 mgps=504.2 avgBps=83.00 avgTps=9364 avgMGps=675.3 elapsed=2d7h54m
Aug 08 20:57:46 nimbus-eth1-mainnet-long-benchmark[1140193]: INF 2026-08-08 20:57:46.129+00:00 Imported blocks                            blockNumber=16711681 slot=5881803 blocks=16711680 txs=1885752283 mgas=136034864 bps=32.41 tps=4490 mgps=491.7 avgBps=82.94 avgTps=9358 avgMGps=675.1 elapsed=2d7h58m
Aug 08 21:01:47 nimbus-eth1-mainnet-long-benchmark[1140193]: INF 2026-08-08 21:01:47.681+00:00 Imported blocks                            blockNumber=16719873 slot=5890089 blocks=16719872 txs=1886907002 mgas=136159078 bps=33.91 tps=4780 mgps=514.2 avgBps=82.88 avgTps=9352 avgMGps=674.9 elapsed=2d8h2m
Aug 08 21:05:46 nimbus-eth1-mainnet-long-benchmark[1140193]: INF 2026-08-08 21:05:46.893+00:00 Imported blocks                            blockNumber=16728065 slot=5898362 blocks=16728064 txs=1888117403 mgas=136283034 bps=34.25 tps=5059 mgps=518.2 avgBps=82.82 avgTps=9347 avgMGps=674.7 elapsed=2d8h6m
Aug 08 21:09:35 nimbus-eth1-mainnet-long-benchmark[1140193]: INF 2026-08-08 21:09:35.653+00:00 Imported blocks                            blockNumber=16736257 slot=5906658 blocks=16736256 txs=1889363510 mgas=136406980 bps=35.81 tps=5447 mgps=541.8 avgBps=82.77 avgTps=9343 avgMGps=674.6 elapsed=2d8h10m
Aug 08 21:13:31 nimbus-eth1-mainnet-long-benchmark[1140193]: INF 2026-08-08 21:13:31.446+00:00 Imported blocks                            blockNumber=16744449 slot=5914960 blocks=16744448 txs=1890614278 mgas=136530897 bps=34.74 tps=5304 mgps=525.5 avgBps=82.71 avgTps=9338 avgMGps=674.4 elapsed=2d8h14m
Aug 08 21:17:26 nimbus-eth1-mainnet-long-benchmark[1140193]: INF 2026-08-08 21:17:26.258+00:00 Imported blocks                            blockNumber=16752641 slot=5923268 blocks=16752640 txs=1891846355 mgas=136654820 bps=34.89 tps=5247 mgps=527.8 avgBps=82.65 avgTps=9334 avgMGps=674.2 elapsed=2d8h18m
Aug 08 21:21:19 nimbus-eth1-mainnet-long-benchmark[1140193]: INF 2026-08-08 21:21:19.250+00:00 Imported blocks                            blockNumber=16760833 slot=5931557 blocks=16760832 txs=1892947572 mgas=136778837 bps=35.16 tps=4726 mgps=532.3 avgBps=82.60 avgTps=9328 avgMGps=674.1 elapsed=2d8h21m
Aug 08 21:25:05 nimbus-eth1-mainnet-long-benchmark[1140193]: INF 2026-08-08 21:25:05.899+00:00 Imported blocks                            blockNumber=16769025 slot=5939852 blocks=16769024 txs=1894062649 mgas=136902777 bps=36.14 tps=4919 mgps=546.8 avgBps=82.55 avgTps=9323 avgMGps=673.9 elapsed=2d8h25m
Aug 08 21:28:51 nimbus-eth1-mainnet-long-benchmark[1140193]: INF 2026-08-08 21:28:51.691+00:00 Imported blocks                            blockNumber=16777217 slot=5948143 blocks=16777216 txs=1895266469 mgas=137026724 bps=36.28 tps=5331 mgps=548.9 avgBps=82.50 avgTps=9319 avgMGps=673.8 elapsed=2d8h29m
Aug 08 21:32:35 nimbus-eth1-mainnet-long-benchmark[1140193]: INF 2026-08-08 21:32:35.459+00:00 Imported blocks                            blockNumber=16785409 slot=5956437 blocks=16785408 txs=1896456920 mgas=137150558 bps=36.61 tps=5320 mgps=553.4 avgBps=82.45 avgTps=9315 avgMGps=673.7 elapsed=2d8h33m
Aug 08 21:36:13 nimbus-eth1-mainnet-long-benchmark[1140193]: INF 2026-08-08 21:36:13.820+00:00 Imported blocks                            blockNumber=16793601 slot=5964730 blocks=16793600 txs=1897649468 mgas=137274307 bps=37.52 tps=5461 mgps=566.7 avgBps=82.40 avgTps=9310 avgMGps=673.5 elapsed=2d8h36m
Aug 08 21:40:05 nimbus-eth1-mainnet-long-benchmark[1140193]: INF 2026-08-08 21:40:05.372+00:00 Imported blocks                            blockNumber=16801793 slot=5973054 blocks=16801792 txs=1898872315 mgas=137398264 bps=35.38 tps=5281 mgps=535.3 avgBps=82.34 avgTps=9306 avgMGps=673.4 elapsed=2d8h40m
Aug 08 21:44:01 nimbus-eth1-mainnet-long-benchmark[1140193]: INF 2026-08-08 21:44:01.220+00:00 Imported blocks                            blockNumber=16809985 slot=5981358 blocks=16809984 txs=1900030900 mgas=137521879 bps=34.73 tps=4912 mgps=524.1 avgBps=82.29 avgTps=9301 avgMGps=673.2 elapsed=2d8h44m
Aug 08 21:48:02 nimbus-eth1-mainnet-long-benchmark[1140193]: INF 2026-08-08 21:48:02.768+00:00 Imported blocks                            blockNumber=16818177 slot=5989636 blocks=16818176 txs=1901221157 mgas=137645760 bps=33.91 tps=4927 mgps=512.9 avgBps=82.23 avgTps=9296 avgMGps=673.0 elapsed=2d8h48m
Aug 08 21:51:56 nimbus-eth1-mainnet-long-benchmark[1140193]: INF 2026-08-08 21:51:56.557+00:00 Imported blocks                            blockNumber=16826369 slot=5997923 blocks=16826368 txs=1902536659 mgas=137769827 bps=35.04 tps=5626 mgps=530.7 avgBps=82.18 avgTps=9291 avgMGps=672.9 elapsed=2d8h52m
Aug 08 21:55:43 nimbus-eth1-mainnet-long-benchmark[1140193]: INF 2026-08-08 21:55:43.265+00:00 Imported blocks                            blockNumber=16834561 slot=6006221 blocks=16834560 txs=1903816850 mgas=137893613 bps=36.13 tps=5646 mgps=546.0 avgBps=82.13 avgTps=9287 avgMGps=672.7 elapsed=2d8h56m
Aug 08 21:59:28 nimbus-eth1-mainnet-long-benchmark[1140193]: INF 2026-08-08 21:59:28.657+00:00 Imported blocks                            blockNumber=16842753 slot=6014515 blocks=16842752 txs=1905034952 mgas=138017403 bps=36.35 tps=5404 mgps=549.2 avgBps=82.08 avgTps=9283 avgMGps=672.6 elapsed=2d9h4s
Aug 08 22:03:21 nimbus-eth1-mainnet-long-benchmark[1140193]: INF 2026-08-08 22:03:21.258+00:00 Imported blocks                            blockNumber=16850945 slot=6022798 blocks=16850944 txs=1906254915 mgas=138141334 bps=35.22 tps=5244 mgps=532.8 avgBps=82.02 avgTps=9279 avgMGps=672.4 elapsed=2d9h3m
Aug 08 22:07:26 nimbus-eth1-mainnet-long-benchmark[1140193]: INF 2026-08-08 22:07:26.938+00:00 Imported blocks                            blockNumber=16859137 slot=6031084 blocks=16859136 txs=1907416034 mgas=138265293 bps=33.34 tps=4726 mgps=504.6 avgBps=81.97 avgTps=9273 avgMGps=672.2 elapsed=2d9h8m
Aug 08 22:11:27 nimbus-eth1-mainnet-long-benchmark[1140193]: INF 2026-08-08 22:11:27.722+00:00 Imported blocks                            blockNumber=16867329 slot=6039371 blocks=16867328 txs=1908587274 mgas=138389422 bps=34.02 tps=4864 mgps=515.5 avgBps=81.91 avgTps=9268 avgMGps=672.0 elapsed=2d9h12m
Aug 08 22:15:27 nimbus-eth1-mainnet-long-benchmark[1140193]: INF 2026-08-08 22:15:27.494+00:00 Imported blocks                            blockNumber=16875521 slot=6047642 blocks=16875520 txs=1909854477 mgas=138513302 bps=34.17 tps=5285 mgps=516.7 avgBps=81.85 avgTps=9263 avgMGps=671.9 elapsed=2d9h16m
Aug 08 22:19:26 nimbus-eth1-mainnet-long-benchmark[1140193]: INF 2026-08-08 22:19:26.766+00:00 Imported blocks                            blockNumber=16883713 slot=6055930 blocks=16883712 txs=1911117374 mgas=138637252 bps=34.24 tps=5278 mgps=518.0 avgBps=81.80 avgTps=9259 avgMGps=671.7 elapsed=2d9h20m
Aug 08 22:23:18 nimbus-eth1-mainnet-long-benchmark[1140193]: INF 2026-08-08 22:23:18.726+00:00 Imported blocks                            blockNumber=16891905 slot=6064228 blocks=16891904 txs=1912349928 mgas=138761177 bps=35.32 tps=5313 mgps=534.2 avgBps=81.75 avgTps=9254 avgMGps=671.5 elapsed=2d9h23m
Aug 08 22:27:10 nimbus-eth1-mainnet-long-benchmark[1140193]: INF 2026-08-08 22:27:10.199+00:00 Imported blocks                            blockNumber=16900097 slot=6072508 blocks=16900096 txs=1913611460 mgas=138884976 bps=35.39 tps=5449 mgps=534.8 avgBps=81.70 avgTps=9250 avgMGps=671.4 elapsed=2d9h27m
Aug 08 22:31:15 nimbus-eth1-mainnet-long-benchmark[1140193]: INF 2026-08-08 22:31:15.711+00:00 Imported blocks                            blockNumber=16908289 slot=6080793 blocks=16908288 txs=1914815701 mgas=139008674 bps=33.37 tps=4905 mgps=503.8 avgBps=81.64 avgTps=9245 avgMGps=671.2 elapsed=2d9h31m
Aug 08 22:35:51 nimbus-eth1-mainnet-long-benchmark[1140193]: INF 2026-08-08 22:35:51.914+00:00 Imported blocks                            blockNumber=16916481 slot=6089077 blocks=16916480 txs=1915982170 mgas=139132546 bps=29.66 tps=4223 mgps=448.5 avgBps=81.57 avgTps=9238 avgMGps=670.9 elapsed=2d9h36m
Aug 08 22:40:05 nimbus-eth1-mainnet-long-benchmark[1140193]: INF 2026-08-08 22:40:05.490+00:00 Imported blocks                            blockNumber=16924673 slot=6097362 blocks=16924672 txs=1917295456 mgas=139256434 bps=32.31 tps=5179 mgps=488.6 avgBps=81.51 avgTps=9233 avgMGps=670.7 elapsed=2d9h40m
Aug 08 22:44:11 nimbus-eth1-mainnet-long-benchmark[1140193]: INF 2026-08-08 22:44:11.906+00:00 Imported blocks                            blockNumber=16932865 slot=6105654 blocks=16932864 txs=1918613570 mgas=139380170 bps=33.25 tps=5349 mgps=502.2 avgBps=81.45 avgTps=9229 avgMGps=670.5 elapsed=2d9h44m
Aug 08 22:48:38 nimbus-eth1-mainnet-long-benchmark[1140193]: INF 2026-08-08 22:48:38.282+00:00 Imported blocks                            blockNumber=16941057 slot=6113948 blocks=16941056 txs=1919984819 mgas=139503951 bps=30.75 tps=5147 mgps=464.7 avgBps=81.39 avgTps=9223 avgMGps=670.2 elapsed=2d9h49m
Aug 08 22:52:43 nimbus-eth1-mainnet-long-benchmark[1140193]: INF 2026-08-08 22:52:43.554+00:00 Imported blocks                            blockNumber=16949249 slot=6122230 blocks=16949248 txs=1921309040 mgas=139627802 bps=33.40 tps=5399 mgps=505.0 avgBps=81.33 avgTps=9219 avgMGps=670.0 elapsed=2d9h53m
Aug 08 22:57:11 nimbus-eth1-mainnet-long-benchmark[1140193]: INF 2026-08-08 22:57:11.806+00:00 Imported blocks                            blockNumber=16957441 slot=6130520 blocks=16957440 txs=1922510685 mgas=139751573 bps=30.54 tps=4479 mgps=461.4 avgBps=81.27 avgTps=9213 avgMGps=669.7 elapsed=2d9h57m
Aug 08 23:01:41 nimbus-eth1-mainnet-long-benchmark[1140193]: INF 2026-08-08 23:01:41.605+00:00 Imported blocks                            blockNumber=16965633 slot=6138828 blocks=16965632 txs=1923641238 mgas=139875688 bps=30.36 tps=4190 mgps=460.0 avgBps=81.20 avgTps=9206 avgMGps=669.5 elapsed=2d10h2m
Aug 08 23:05:58 nimbus-eth1-mainnet-long-benchmark[1140193]: INF 2026-08-08 23:05:58.149+00:00 Imported blocks                            blockNumber=16973825 slot=6147196 blocks=16973824 txs=1924847634 mgas=139999662 bps=31.93 tps=4702 mgps=483.2 avgBps=81.14 avgTps=9201 avgMGps=669.2 elapsed=2d10h6m
Aug 08 23:10:06 nimbus-eth1-mainnet-long-benchmark[1140193]: INF 2026-08-08 23:10:06.477+00:00 Imported blocks                            blockNumber=16982017 slot=6155571 blocks=16982016 txs=1926143787 mgas=140123461 bps=32.99 tps=5219 mgps=498.5 avgBps=81.08 avgTps=9196 avgMGps=669.0 elapsed=2d10h10m
Aug 08 23:14:17 nimbus-eth1-mainnet-long-benchmark[1140193]: INF 2026-08-08 23:14:17.089+00:00 Imported blocks                            blockNumber=16990209 slot=6163998 blocks=16990208 txs=1927389663 mgas=140247290 bps=32.69 tps=4971 mgps=494.1 avgBps=81.02 avgTps=9191 avgMGps=668.8 elapsed=2d10h14m
Aug 08 23:18:38 nimbus-eth1-mainnet-long-benchmark[1140193]: INF 2026-08-08 23:18:38.457+00:00 Imported blocks                            blockNumber=16998401 slot=6172357 blocks=16998400 txs=1928626033 mgas=140371239 bps=31.34 tps=4730 mgps=474.2 avgBps=80.96 avgTps=9185 avgMGps=668.6 elapsed=2d10h19m
Aug 08 23:22:56 nimbus-eth1-mainnet-long-benchmark[1140193]: INF 2026-08-08 23:22:56.245+00:00 Imported blocks                            blockNumber=17006593 slot=6180713 blocks=17006592 txs=1929721419 mgas=140495426 bps=31.78 tps=4249 mgps=481.7 avgBps=80.90 avgTps=9179 avgMGps=668.4 elapsed=2d10h23m
Aug 08 23:27:40 nimbus-eth1-mainnet-long-benchmark[1140193]: INF 2026-08-08 23:27:40.964+00:00 Imported blocks                            blockNumber=17014785 slot=6189078 blocks=17014784 txs=1930819115 mgas=140619799 bps=28.77 tps=3855 mgps=436.8 avgBps=80.83 avgTps=9172 avgMGps=668.0 elapsed=2d10h28m
Aug 08 23:31:58 nimbus-eth1-mainnet-long-benchmark[1140193]: INF 2026-08-08 23:31:58.748+00:00 Imported blocks                            blockNumber=17022977 slot=6197431 blocks=17022976 txs=1932003965 mgas=140743838 bps=31.78 tps=4596 mgps=481.2 avgBps=80.77 avgTps=9167 avgMGps=667.8 elapsed=2d10h32m
Aug 08 23:36:15 nimbus-eth1-mainnet-long-benchmark[1140193]: INF 2026-08-08 23:36:15.564+00:00 Imported blocks                            blockNumber=17031169 slot=6205770 blocks=17031168 txs=1933236741 mgas=140867769 bps=31.90 tps=4800 mgps=482.6 avgBps=80.71 avgTps=9161 avgMGps=667.6 elapsed=2d10h36m
Aug 08 23:40:34 nimbus-eth1-mainnet-long-benchmark[1140193]: INF 2026-08-08 23:40:34.184+00:00 Imported blocks                            blockNumber=17039361 slot=6214644 blocks=17039360 txs=1934553364 mgas=140991689 bps=31.68 tps=5091 mgps=479.2 avgBps=80.65 avgTps=9156 avgMGps=667.4 elapsed=2d10h41m
Aug 08 23:44:44 nimbus-eth1-mainnet-long-benchmark[1140193]: INF 2026-08-08 23:44:44.540+00:00 Imported blocks                            blockNumber=17047553 slot=6223141 blocks=17047552 txs=1935926891 mgas=141115371 bps=32.72 tps=5486 mgps=494.0 avgBps=80.60 avgTps=9152 avgMGps=667.1 elapsed=2d10h45m
Aug 08 23:48:54 nimbus-eth1-mainnet-long-benchmark[1140193]: INF 2026-08-08 23:48:54.588+00:00 Imported blocks                            blockNumber=17055745 slot=6231549 blocks=17055744 txs=1937163728 mgas=141239546 bps=32.76 tps=4946 mgps=496.6 avgBps=80.54 avgTps=9147 avgMGps=666.9 elapsed=2d10h49m
Aug 08 23:52:57 nimbus-eth1-mainnet-long-benchmark[1140193]: INF 2026-08-08 23:52:56.996+00:00 Imported blocks                            blockNumber=17063937 slot=6239930 blocks=17063936 txs=1938172438 mgas=141364159 bps=33.79 tps=4161 mgps=514.1 avgBps=80.49 avgTps=9141 avgMGps=666.8 elapsed=2d10h53m
Aug 08 23:56:40 nimbus-eth1-mainnet-long-benchmark[1140193]: INF 2026-08-08 23:56:40.364+00:00 Imported blocks                            blockNumber=17072129 slot=6248275 blocks=17072128 txs=1939355648 mgas=141487938 bps=36.68 tps=5297 mgps=554.2 avgBps=80.44 avgTps=9137 avgMGps=666.7 elapsed=2d10h57m
Aug 09 00:00:18 nimbus-eth1-mainnet-long-benchmark[1140193]: INF 2026-08-09 00:00:18.804+00:00 Imported blocks                            blockNumber=17080321 slot=6256608 blocks=17080320 txs=1940616306 mgas=141611583 bps=37.50 tps=5771 mgps=566.0 avgBps=80.40 avgTps=9134 avgMGps=666.5 elapsed=2d11h54s
Aug 09 00:03:44 nimbus-eth1-mainnet-long-benchmark[1140193]: INF 2026-08-09 00:03:44.429+00:00 Imported blocks                            blockNumber=17088513 slot=6264965 blocks=17088512 txs=1941876584 mgas=141735231 bps=39.84 tps=6129 mgps=601.3 avgBps=80.36 avgTps=9131 avgMGps=666.5 elapsed=2d11h4m
Aug 09 00:07:26 nimbus-eth1-mainnet-long-benchmark[1140193]: INF 2026-08-09 00:07:26.590+00:00 Imported blocks                            blockNumber=17096705 slot=6273315 blocks=17096704 txs=1943072102 mgas=141858838 bps=36.87 tps=5381 mgps=556.4 avgBps=80.31 avgTps=9127 avgMGps=666.4 elapsed=2d11h8m
Aug 09 00:11:15 nimbus-eth1-mainnet-long-benchmark[1140193]: INF 2026-08-09 00:11:15.026+00:00 Imported blocks                            blockNumber=17104897 slot=6281580 blocks=17104896 txs=1944086612 mgas=141983190 bps=35.86 tps=4441 mgps=544.4 avgBps=80.26 avgTps=9122 avgMGps=666.2 elapsed=2d11h11m
Aug 09 00:14:57 nimbus-eth1-mainnet-long-benchmark[1140193]: INF 2026-08-09 00:14:57.794+00:00 Imported blocks                            blockNumber=17113089 slot=6289852 blocks=17113088 txs=1945085408 mgas=142107392 bps=36.77 tps=4483 mgps=557.5 avgBps=80.22 avgTps=9117 avgMGps=666.1 elapsed=2d11h15m
Aug 09 00:18:37 nimbus-eth1-mainnet-long-benchmark[1140193]: INF 2026-08-09 00:18:37.295+00:00 Imported blocks                            blockNumber=17121281 slot=6298121 blocks=17121280 txs=1946164681 mgas=142231469 bps=37.32 tps=4917 mgps=565.3 avgBps=80.17 avgTps=9113 avgMGps=666.0 elapsed=2d11h19m
Aug 09 00:22:30 nimbus-eth1-mainnet-long-benchmark[1140193]: INF 2026-08-09 00:22:30.111+00:00 Imported blocks                            blockNumber=17129473 slot=6306398 blocks=17129472 txs=1947273575 mgas=142355631 bps=35.19 tps=4762 mgps=533.3 avgBps=80.12 avgTps=9108 avgMGps=665.9 elapsed=2d11h23m
Aug 09 00:26:25 nimbus-eth1-mainnet-long-benchmark[1140193]: INF 2026-08-09 00:26:25.731+00:00 Imported blocks                            blockNumber=17137665 slot=6314693 blocks=17137664 txs=1948368474 mgas=142479878 bps=34.77 tps=4646 mgps=527.3 avgBps=80.07 avgTps=9103 avgMGps=665.7 elapsed=2d11h27m
Aug 09 00:30:16 nimbus-eth1-mainnet-long-benchmark[1140193]: INF 2026-08-09 00:30:16.403+00:00 Imported blocks                            blockNumber=17145857 slot=6322984 blocks=17145856 txs=1949518774 mgas=142603953 bps=35.51 tps=4986 mgps=537.9 avgBps=80.03 avgTps=9099 avgMGps=665.6 elapsed=2d11h30m
Aug 09 00:34:07 nimbus-eth1-mainnet-long-benchmark[1140193]: INF 2026-08-09 00:34:07.260+00:00 Imported blocks                            blockNumber=17154049 slot=6331276 blocks=17154048 txs=1950571925 mgas=142728247 bps=35.48 tps=4561 mgps=538.4 avgBps=79.98 avgTps=9094 avgMGps=665.5 elapsed=2d11h34m
Aug 09 00:37:52 nimbus-eth1-mainnet-long-benchmark[1140193]: INF 2026-08-09 00:37:52.552+00:00 Imported blocks                            blockNumber=17162241 slot=6339552 blocks=17162240 txs=1951688703 mgas=142852142 bps=36.36 tps=4957 mgps=549.9 avgBps=79.93 avgTps=9089 avgMGps=665.3 elapsed=2d11h38m
Aug 09 00:41:32 nimbus-eth1-mainnet-long-benchmark[1140193]: INF 2026-08-09 00:41:32.036+00:00 Imported blocks                            blockNumber=17170433 slot=6347847 blocks=17170432 txs=1952948218 mgas=142975691 bps=37.32 tps=5738 mgps=562.9 avgBps=79.89 avgTps=9086 avgMGps=665.2 elapsed=2d11h42m
Aug 09 00:45:04 nimbus-eth1-mainnet-long-benchmark[1140193]: INF 2026-08-09 00:45:04.449+00:00 Imported blocks                            blockNumber=17178625 slot=6356141 blocks=17178624 txs=1954250499 mgas=143099205 bps=38.57 tps=6130 mgps=581.5 avgBps=79.85 avgTps=9083 avgMGps=665.1 elapsed=2d11h45m
Aug 09 00:48:37 nimbus-eth1-mainnet-long-benchmark[1140193]: INF 2026-08-09 00:48:37.909+00:00 Imported blocks                            blockNumber=17186817 slot=6364447 blocks=17186816 txs=1955518721 mgas=143222883 bps=38.38 tps=5941 mgps=579.4 avgBps=79.81 avgTps=9080 avgMGps=665.1 elapsed=2d11h49m
Aug 09 00:52:01 nimbus-eth1-mainnet-long-benchmark[1140193]: INF 2026-08-09 00:52:01.002+00:00 Imported blocks                            blockNumber=17195009 slot=6372722 blocks=17195008 txs=1956852793 mgas=143346470 bps=40.34 tps=6568 mgps=608.5 avgBps=79.77 avgTps=9078 avgMGps=665.0 elapsed=2d11h52m
Aug 09 00:55:11 nimbus-eth1-mainnet-long-benchmark[1140193]: INF 2026-08-09 00:55:11.179+00:00 Imported blocks                            blockNumber=17203201 slot=6381005 blocks=17203200 txs=1958228458 mgas=143469796 bps=43.08 tps=7233 mgps=648.5 avgBps=79.74 avgTps=9076 avgMGps=665.0 elapsed=2d11h55m
Aug 09 00:58:30 nimbus-eth1-mainnet-long-benchmark[1140193]: INF 2026-08-09 00:58:30.248+00:00 Imported blocks                            blockNumber=17211393 slot=6389309 blocks=17211392 txs=1959497817 mgas=143593285 bps=41.15 tps=6376 mgps=620.3 avgBps=79.70 avgTps=9074 avgMGps=664.9 elapsed=2d11h59m
Aug 09 01:01:54 nimbus-eth1-mainnet-long-benchmark[1140193]: INF 2026-08-09 01:01:54.893+00:00 Imported blocks                            blockNumber=17219585 slot=6397595 blocks=17219584 txs=1960813962 mgas=143716683 bps=40.03 tps=6431 mgps=603.0 avgBps=79.66 avgTps=9071 avgMGps=664.9 elapsed=2d12h2m
Aug 09 01:05:26 nimbus-eth1-mainnet-long-benchmark[1140193]: INF 2026-08-09 01:05:26.161+00:00 Imported blocks                            blockNumber=17227777 slot=6405886 blocks=17227776 txs=1962095564 mgas=143840209 bps=38.78 tps=6066 mgps=584.7 avgBps=79.62 avgTps=9068 avgMGps=664.8 elapsed=2d12h6m
Aug 09 01:09:05 nimbus-eth1-mainnet-long-benchmark[1140193]: INF 2026-08-09 01:09:05.890+00:00 Imported blocks                            blockNumber=17235969 slot=6414187 blocks=17235968 txs=1963351944 mgas=143963795 bps=37.28 tps=5717 mgps=562.5 avgBps=79.58 avgTps=9065 avgMGps=664.7 elapsed=2d12h9m
Aug 09 01:12:41 nimbus-eth1-mainnet-long-benchmark[1140193]: INF 2026-08-09 01:12:41.702+00:00 Imported blocks                            blockNumber=17244161 slot=6422571 blocks=17244160 txs=1964617603 mgas=144087368 bps=37.96 tps=5864 mgps=572.6 avgBps=79.54 avgTps=9061 avgMGps=664.6 elapsed=2d12h13m
Aug 09 01:16:35 nimbus-eth1-mainnet-long-benchmark[1140193]: INF 2026-08-09 01:16:35.590+00:00 Imported blocks                            blockNumber=17252353 slot=6431060 blocks=17252352 txs=1965845362 mgas=144211039 bps=35.03 tps=5249 mgps=528.8 avgBps=79.49 avgTps=9057 avgMGps=664.5 elapsed=2d12h17m
Aug 09 01:21:03 nimbus-eth1-mainnet-long-benchmark[1140193]: INF 2026-08-09 01:21:03.518+00:00 Imported blocks                            blockNumber=17260545 slot=6439423 blocks=17260544 txs=1966989223 mgas=144335015 bps=30.58 tps=4269 mgps=462.7 avgBps=79.43 avgTps=9051 avgMGps=664.2 elapsed=2d12h21m
Aug 09 01:25:10 nimbus-eth1-mainnet-long-benchmark[1140193]: INF 2026-08-09 01:25:10.098+00:00 Imported blocks                            blockNumber=17268737 slot=6447756 blocks=17268736 txs=1968237199 mgas=144458705 bps=33.22 tps=5061 mgps=501.6 avgBps=79.38 avgTps=9047 avgMGps=664.0 elapsed=2d12h25m
Aug 09 01:29:14 nimbus-eth1-mainnet-long-benchmark[1140193]: INF 2026-08-09 01:29:14.254+00:00 Imported blocks                            blockNumber=17276929 slot=6456078 blocks=17276928 txs=1969463053 mgas=144582404 bps=33.55 tps=5020 mgps=506.6 avgBps=79.33 avgTps=9042 avgMGps=663.9 elapsed=2d12h29m
Aug 09 01:33:54 nimbus-eth1-mainnet-long-benchmark[1140193]: INF 2026-08-09 01:33:54.454+00:00 Imported blocks                            blockNumber=17285121 slot=6464411 blocks=17285120 txs=1970663127 mgas=144706091 bps=29.24 tps=4282 mgps=441.4 avgBps=79.26 avgTps=9036 avgMGps=663.6 elapsed=2d12h34m
Aug 09 01:37:57 nimbus-eth1-mainnet-long-benchmark[1140193]: INF 2026-08-09 01:37:57.330+00:00 Imported blocks                            blockNumber=17293313 slot=6472712 blocks=17293312 txs=1971898713 mgas=144829702 bps=33.73 tps=5087 mgps=508.9 avgBps=79.21 avgTps=9032 avgMGps=663.4 elapsed=2d12h38m
Aug 09 01:42:02 nimbus-eth1-mainnet-long-benchmark[1140193]: INF 2026-08-09 01:42:02.926+00:00 Imported blocks                            blockNumber=17301505 slot=6481018 blocks=17301504 txs=1973143438 mgas=144953512 bps=33.36 tps=5068 mgps=504.1 avgBps=79.16 avgTps=9027 avgMGps=663.2 elapsed=2d12h42m
Aug 09 01:46:23 nimbus-eth1-mainnet-long-benchmark[1140193]: INF 2026-08-09 01:46:23.809+00:00 Imported blocks                            blockNumber=17309697 slot=6489326 blocks=17309696 txs=1974320197 mgas=145077461 bps=31.40 tps=4510 mgps=475.1 avgBps=79.10 avgTps=9022 avgMGps=663.0 elapsed=2d12h46m
Aug 09 01:50:35 nimbus-eth1-mainnet-long-benchmark[1140193]: INF 2026-08-09 01:50:35.857+00:00 Imported blocks                            blockNumber=17317889 slot=6497627 blocks=17317888 txs=1975544233 mgas=145200997 bps=32.50 tps=4856 mgps=490.1 avgBps=79.05 avgTps=9017 avgMGps=662.8 elapsed=2d12h51m
Aug 09 01:54:25 nimbus-eth1-mainnet-long-benchmark[1140193]: INF 2026-08-09 01:54:25.082+00:00 Imported blocks                            blockNumber=17326081 slot=6505936 blocks=17326080 txs=1976815718 mgas=145324563 bps=35.74 tps=5546 mgps=539.1 avgBps=79.01 avgTps=9014 avgMGps=662.7 elapsed=2d12h55m
Aug 09 01:58:34 nimbus-eth1-mainnet-long-benchmark[1140193]: INF 2026-08-09 01:58:34.414+00:00 Imported blocks                            blockNumber=17334273 slot=6514227 blocks=17334272 txs=1978029482 mgas=145448174 bps=32.86 tps=4868 mgps=495.8 avgBps=78.95 avgTps=9009 avgMGps=662.5 elapsed=2d12h59m
Aug 09 02:02:37 nimbus-eth1-mainnet-long-benchmark[1140193]: INF 2026-08-09 02:02:37.822+00:00 Imported blocks                            blockNumber=17342465 slot=6522521 blocks=17342464 txs=1979249515 mgas=145571734 bps=33.66 tps=5012 mgps=507.6 avgBps=78.90 avgTps=9005 avgMGps=662.3 elapsed=2d13h3m
Aug 09 02:07:09 nimbus-eth1-mainnet-long-benchmark[1140193]: INF 2026-08-09 02:07:09.797+00:00 Imported blocks                            blockNumber=17350657 slot=6530810 blocks=17350656 txs=1980440407 mgas=145695440 bps=30.12 tps=4378 mgps=454.8 avgBps=78.84 avgTps=8999 avgMGps=662.1 elapsed=2d13h7m
Aug 09 02:11:34 nimbus-eth1-mainnet-long-benchmark[1140193]: INF 2026-08-09 02:11:34.165+00:00 Imported blocks                            blockNumber=17358849 slot=6539086 blocks=17358848 txs=1981537589 mgas=145819418 bps=30.99 tps=4150 mgps=469.0 avgBps=78.79 avgTps=8993 avgMGps=661.8 elapsed=2d13h12m
Aug 09 02:15:34 nimbus-eth1-mainnet-long-benchmark[1140193]: INF 2026-08-09 02:15:34.493+00:00 Imported blocks                            blockNumber=17367041 slot=6547367 blocks=17367040 txs=1982770194 mgas=145942944 bps=34.09 tps=5128 mgps=514.0 avgBps=78.74 avgTps=8989 avgMGps=661.7 elapsed=2d13h16m
Aug 09 02:19:26 nimbus-eth1-mainnet-long-benchmark[1140193]: INF 2026-08-09 02:19:26.313+00:00 Imported blocks                            blockNumber=17375233 slot=6555668 blocks=17375232 txs=1984125641 mgas=146066496 bps=35.34 tps=5846 mgps=533.0 avgBps=78.69 avgTps=8985 avgMGps=661.5 elapsed=2d13h20m
Aug 09 02:23:35 nimbus-eth1-mainnet-long-benchmark[1140193]: INF 2026-08-09 02:23:35.549+00:00 Imported blocks                            blockNumber=17383425 slot=6563975 blocks=17383424 txs=1985382005 mgas=146190166 bps=32.87 tps=5040 mgps=496.2 avgBps=78.64 avgTps=8981 avgMGps=661.3 elapsed=2d13h24m
Aug 09 02:27:37 nimbus-eth1-mainnet-long-benchmark[1140193]: INF 2026-08-09 02:27:37.433+00:00 Imported blocks                            blockNumber=17391617 slot=6572280 blocks=17391616 txs=1986609346 mgas=146313767 bps=33.87 tps=5074 mgps=511.0 avgBps=78.59 avgTps=8977 avgMGps=661.2 elapsed=2d13h28m
Aug 09 02:31:58 nimbus-eth1-mainnet-long-benchmark[1140193]: INF 2026-08-09 02:31:58.513+00:00 Imported blocks                            blockNumber=17399809 slot=6580587 blocks=17399808 txs=1987855824 mgas=146437565 bps=31.38 tps=4774 mgps=474.2 avgBps=78.54 avgTps=8972 avgMGps=661.0 elapsed=2d13h32m
Aug 09 02:36:33 nimbus-eth1-mainnet-long-benchmark[1140193]: INF 2026-08-09 02:36:33.012+00:00 Imported blocks                            blockNumber=17408001 slot=6588914 blocks=17408000 txs=1988978824 mgas=146561610 bps=29.84 tps=4091 mgps=451.9 avgBps=78.47 avgTps=8966 avgMGps=660.7 elapsed=2d13h37m
Aug 09 02:41:07 nimbus-eth1-mainnet-long-benchmark[1140193]: INF 2026-08-09 02:41:07.388+00:00 Imported blocks                            blockNumber=17416193 slot=6597245 blocks=17416192 txs=1990248730 mgas=146685353 bps=29.86 tps=4628 mgps=451.0 avgBps=78.41 avgTps=8960 avgMGps=660.4 elapsed=2d13h41m
Aug 09 02:45:35 nimbus-eth1-mainnet-long-benchmark[1140193]: INF 2026-08-09 02:45:35.548+00:00 Imported blocks                            blockNumber=17424385 slot=6605563 blocks=17424384 txs=1991539079 mgas=146808925 bps=30.55 tps=4811 mgps=460.8 avgBps=78.36 avgTps=8955 avgMGps=660.2 elapsed=2d13h46m
Aug 09 02:49:59 nimbus-eth1-mainnet-long-benchmark[1140193]: INF 2026-08-09 02:49:59.347+00:00 Imported blocks                            blockNumber=17432577 slot=6613884 blocks=17432576 txs=1992754693 mgas=146932902 bps=31.05 tps=4608 mgps=470.0 avgBps=78.30 avgTps=8950 avgMGps=660.0 elapsed=2d13h50m
Aug 09 02:54:08 nimbus-eth1-mainnet-long-benchmark[1140193]: INF 2026-08-09 02:54:07.999+00:00 Imported blocks                            blockNumber=17440769 slot=6622203 blocks=17440768 txs=1993896800 mgas=147057019 bps=32.95 tps=4593 mgps=499.2 avgBps=78.25 avgTps=8945 avgMGps=659.8 elapsed=2d13h54m
Aug 09 02:58:43 nimbus-eth1-mainnet-long-benchmark[1140193]: INF 2026-08-09 02:58:43.575+00:00 Imported blocks                            blockNumber=17448961 slot=6630518 blocks=17448960 txs=1995215020 mgas=147180854 bps=29.73 tps=4783 mgps=449.4 avgBps=78.19 avgTps=8940 avgMGps=659.5 elapsed=2d13h59m
Aug 09 03:03:21 nimbus-eth1-mainnet-long-benchmark[1140193]: INF 2026-08-09 03:03:21.162+00:00 Imported blocks                            blockNumber=17457153 slot=6638828 blocks=17457152 txs=1996586147 mgas=147305221 bps=29.51 tps=4939 mgps=448.0 avgBps=78.13 avgTps=8935 avgMGps=659.3 elapsed=2d14h3m
Aug 09 03:08:19 nimbus-eth1-mainnet-long-benchmark[1140193]: INF 2026-08-09 03:08:19.025+00:00 Imported blocks                            blockNumber=17465345 slot=6647132 blocks=17465344 txs=1997725387 mgas=147429506 bps=27.50 tps=3824 mgps=417.3 avgBps=78.06 avgTps=8928 avgMGps=658.9 elapsed=2d14h8m
Aug 09 03:12:52 nimbus-eth1-mainnet-long-benchmark[1140193]: INF 2026-08-09 03:12:52.389+00:00 Imported blocks                            blockNumber=17473537 slot=6655432 blocks=17473536 txs=1998843886 mgas=147553542 bps=29.97 tps=4091 mgps=453.7 avgBps=78.00 avgTps=8923 avgMGps=658.7 elapsed=2d14h13m
Aug 09 03:17:16 nimbus-eth1-mainnet-long-benchmark[1140193]: INF 2026-08-09 03:17:16.685+00:00 Imported blocks                            blockNumber=17481729 slot=6663738 blocks=17481728 txs=2000011122 mgas=147677516 bps=31.00 tps=4416 mgps=469.1 avgBps=77.95 avgTps=8917 avgMGps=658.5 elapsed=2d14h17m
Aug 09 03:21:48 nimbus-eth1-mainnet-long-benchmark[1140193]: INF 2026-08-09 03:21:48.456+00:00 Imported blocks                            blockNumber=17489921 slot=6672036 blocks=17489920 txs=2001280327 mgas=147801230 bps=30.14 tps=4670 mgps=455.2 avgBps=77.89 avgTps=8912 avgMGps=658.2 elapsed=2d14h22m
Aug 09 03:26:17 nimbus-eth1-mainnet-long-benchmark[1140193]: INF 2026-08-09 03:26:17.396+00:00 Imported blocks                            blockNumber=17498113 slot=6680314 blocks=17498112 txs=2002558556 mgas=147925012 bps=30.46 tps=4752 mgps=460.3 avgBps=77.83 avgTps=8907 avgMGps=658.0 elapsed=2d14h26m
Aug 09 03:30:48 nimbus-eth1-mainnet-long-benchmark[1140193]: INF 2026-08-09 03:30:48.696+00:00 Imported blocks                            blockNumber=17506305 slot=6688575 blocks=17506304 txs=2003656377 mgas=148049431 bps=30.20 tps=4046 mgps=458.6 avgBps=77.78 avgTps=8901 avgMGps=657.7 elapsed=2d14h31m
Aug 09 03:35:15 nimbus-eth1-mainnet-long-benchmark[1140193]: INF 2026-08-09 03:35:15.119+00:00 Imported blocks                            blockNumber=17514497 slot=6696852 blocks=17514496 txs=2004857046 mgas=148173772 bps=30.75 tps=4506 mgps=466.7 avgBps=77.72 avgTps=8896 avgMGps=657.5 elapsed=2d14h35m
Aug 09 03:39:21 nimbus-eth1-mainnet-long-benchmark[1140193]: INF 2026-08-09 03:39:21.607+00:00 Imported blocks                            blockNumber=17522689 slot=6705139 blocks=17522688 txs=2006101178 mgas=148297741 bps=33.24 tps=5047 mgps=502.9 avgBps=77.67 avgTps=8892 avgMGps=657.4 elapsed=2d14h39m
Aug 09 03:44:02 nimbus-eth1-mainnet-long-benchmark[1140193]: INF 2026-08-09 03:44:02.147+00:00 Imported blocks                            blockNumber=17530881 slot=6713412 blocks=17530880 txs=2007355876 mgas=148421543 bps=29.20 tps=4472 mgps=441.3 avgBps=77.61 avgTps=8886 avgMGps=657.1 elapsed=2d14h44m
Aug 09 03:48:16 nimbus-eth1-mainnet-long-benchmark[1140193]: INF 2026-08-09 03:48:16.779+00:00 Imported blocks                            blockNumber=17539073 slot=6721698 blocks=17539072 txs=2008558131 mgas=148545319 bps=32.17 tps=4721 mgps=486.1 avgBps=77.56 avgTps=8882 avgMGps=656.9 elapsed=2d14h48m
Aug 09 03:52:40 nimbus-eth1-mainnet-long-benchmark[1140193]: INF 2026-08-09 03:52:40.126+00:00 Imported blocks                            blockNumber=17547265 slot=6729991 blocks=17547264 txs=2009742017 mgas=148669427 bps=31.11 tps=4495 mgps=471.3 avgBps=77.51 avgTps=8877 avgMGps=656.7 elapsed=2d14h53m
Aug 09 03:57:19 nimbus-eth1-mainnet-long-benchmark[1140193]: INF 2026-08-09 03:57:19.210+00:00 Imported blocks                            blockNumber=17555457 slot=6738288 blocks=17555456 txs=2010884214 mgas=148793843 bps=29.35 tps=4092 mgps=445.8 avgBps=77.45 avgTps=8871 avgMGps=656.4 elapsed=2d14h57m
Aug 09 04:02:06 nimbus-eth1-mainnet-long-benchmark[1140193]: INF 2026-08-09 04:02:06.897+00:00 Imported blocks                            blockNumber=17563649 slot=6746591 blocks=17563648 txs=2011978876 mgas=148918234 bps=28.48 tps=3805 mgps=432.4 avgBps=77.39 avgTps=8864 avgMGps=656.1 elapsed=2d15h2m
Aug 09 04:06:46 nimbus-eth1-mainnet-long-benchmark[1140193]: INF 2026-08-09 04:06:46.309+00:00 Imported blocks                            blockNumber=17571841 slot=6754910 blocks=17571840 txs=2013222471 mgas=149042246 bps=29.32 tps=4450 mgps=443.8 avgBps=77.33 avgTps=8859 avgMGps=655.9 elapsed=2d15h7m
Aug 09 04:11:08 nimbus-eth1-mainnet-long-benchmark[1140193]: INF 2026-08-09 04:11:08.140+00:00 Imported blocks                            blockNumber=17580033 slot=6763173 blocks=17580032 txs=2014468609 mgas=149165903 bps=31.29 tps=4759 mgps=472.3 avgBps=77.27 avgTps=8854 avgMGps=655.7 elapsed=2d15h11m
Aug 09 04:15:24 nimbus-eth1-mainnet-long-benchmark[1140193]: INF 2026-08-09 04:15:24.212+00:00 Imported blocks                            blockNumber=17588225 slot=6771437 blocks=17588224 txs=2015689382 mgas=149289503 bps=31.99 tps=4767 mgps=482.7 avgBps=77.22 avgTps=8850 avgMGps=655.5 elapsed=2d15h16m
Aug 09 04:19:31 nimbus-eth1-mainnet-long-benchmark[1140193]: INF 2026-08-09 04:19:31.400+00:00 Imported blocks                            blockNumber=17596417 slot=6779714 blocks=17596416 txs=2016974577 mgas=149413093 bps=33.14 tps=5199 mgps=500.0 avgBps=77.17 avgTps=8846 avgMGps=655.3 elapsed=2d15h20m
Aug 09 04:24:07 nimbus-eth1-mainnet-long-benchmark[1140193]: INF 2026-08-09 04:24:07.900+00:00 Imported blocks                            blockNumber=17604609 slot=6788002 blocks=17604608 txs=2018102021 mgas=149537055 bps=29.63 tps=4077 mgps=448.3 avgBps=77.12 avgTps=8840 avgMGps=655.0 elapsed=2d15h24m
Aug 09 04:28:49 nimbus-eth1-mainnet-long-benchmark[1140193]: INF 2026-08-09 04:28:49.767+00:00 Imported blocks                            blockNumber=17612801 slot=6796294 blocks=17612800 txs=2019210852 mgas=149661106 bps=29.06 tps=3933 mgps=440.1 avgBps=77.06 avgTps=8834 avgMGps=654.8 elapsed=2d15h29m
Aug 09 04:33:35 nimbus-eth1-mainnet-long-benchmark[1140193]: INF 2026-08-09 04:33:35.886+00:00 Imported blocks                            blockNumber=17620993 slot=6804576 blocks=17620992 txs=2020429344 mgas=149784883 bps=28.63 tps=4258 mgps=432.6 avgBps=77.00 avgTps=8828 avgMGps=654.5 elapsed=2d15h34m
Aug 09 04:36:59 nimbus-eth1-mainnet-long-benchmark[1140193]: INF 2026-08-09 04:36:59.063+00:00 Imported blocks                            blockNumber=17629185 slot=6812859 blocks=17629184 txs=2021323822 mgas=149910200 bps=40.32 tps=4402 mgps=616.8 avgBps=76.96 avgTps=8824 avgMGps=654.5 elapsed=2d15h37m
Aug 09 04:40:24 nimbus-eth1-mainnet-long-benchmark[1140193]: INF 2026-08-09 04:40:24.720+00:00 Imported blocks                            blockNumber=17637377 slot=6821141 blocks=17637376 txs=2022333406 mgas=150034720 bps=39.83 tps=4909 mgps=605.5 avgBps=76.93 avgTps=8821 avgMGps=654.4 elapsed=2d15h41m
Aug 09 04:44:44 nimbus-eth1-mainnet-long-benchmark[1140193]: INF 2026-08-09 04:44:44.940+00:00 Imported blocks                            blockNumber=17645569 slot=6829423 blocks=17645568 txs=2023522010 mgas=150158260 bps=31.48 tps=4567 mgps=474.8 avgBps=76.88 avgTps=8816 avgMGps=654.2 elapsed=2d15h45m
Aug 09 04:49:13 nimbus-eth1-mainnet-long-benchmark[1140193]: INF 2026-08-09 04:49:13.879+00:00 Imported blocks                            blockNumber=17653761 slot=6837721 blocks=17653760 txs=2024667582 mgas=150281996 bps=30.46 tps=4259 mgps=460.1 avgBps=76.83 avgTps=8810 avgMGps=654.0 elapsed=2d15h49m
Aug 09 04:53:52 nimbus-eth1-mainnet-long-benchmark[1140193]: INF 2026-08-09 04:53:52.415+00:00 Imported blocks                            blockNumber=17661953 slot=6846009 blocks=17661952 txs=2025789340 mgas=150405819 bps=29.41 tps=4027 mgps=444.5 avgBps=76.77 avgTps=8805 avgMGps=653.7 elapsed=2d15h54m
Aug 09 04:58:31 nimbus-eth1-mainnet-long-benchmark[1140193]: INF 2026-08-09 04:58:31.486+00:00 Imported blocks                            blockNumber=17670145 slot=6854313 blocks=17670144 txs=2027045692 mgas=150529499 bps=29.35 tps=4501 mgps=443.2 avgBps=76.71 avgTps=8799 avgMGps=653.5 elapsed=2d15h59m
Aug 09 05:03:18 nimbus-eth1-mainnet-long-benchmark[1140193]: INF 2026-08-09 05:03:18.566+00:00 Imported blocks                            blockNumber=17678337 slot=6862607 blocks=17678336 txs=2028270682 mgas=150653316 bps=28.54 tps=4267 mgps=431.3 avgBps=76.65 avgTps=8794 avgMGps=653.2 elapsed=2d16h3m
Aug 09 05:07:40 nimbus-eth1-mainnet-long-benchmark[1140193]: INF 2026-08-09 05:07:40.081+00:00 Imported blocks                            blockNumber=17686529 slot=6870912 blocks=17686528 txs=2029535396 mgas=150776970 bps=31.33 tps=4836 mgps=472.8 avgBps=76.60 avgTps=8789 avgMGps=653.0 elapsed=2d16h8m
Aug 09 05:12:34 nimbus-eth1-mainnet-long-benchmark[1140193]: INF 2026-08-09 05:12:34.693+00:00 Imported blocks                            blockNumber=17694721 slot=6879202 blocks=17694720 txs=2030823061 mgas=150900379 bps=27.81 tps=4370 mgps=418.9 avgBps=76.54 avgTps=8784 avgMGps=652.7 elapsed=2d16h13m
Aug 09 05:17:24 nimbus-eth1-mainnet-long-benchmark[1140193]: INF 2026-08-09 05:17:24.536+00:00 Imported blocks                            blockNumber=17702913 slot=6887554 blocks=17702912 txs=2031921273 mgas=151024371 bps=28.26 tps=3788 mgps=427.8 avgBps=76.48 avgTps=8777 avgMGps=652.4 elapsed=2d16h18m
Aug 09 05:22:31 nimbus-eth1-mainnet-long-benchmark[1140193]: INF 2026-08-09 05:22:31.663+00:00 Imported blocks                            blockNumber=17711105 slot=6895845 blocks=17711104 txs=2033029531 mgas=151148159 bps=26.67 tps=3608 mgps=403.1 avgBps=76.41 avgTps=8771 avgMGps=652.1 elapsed=2d16h23m
Aug 09 05:27:21 nimbus-eth1-mainnet-long-benchmark[1140193]: INF 2026-08-09 05:27:21.578+00:00 Imported blocks                            blockNumber=17719297 slot=6904113 blocks=17719296 txs=2034262383 mgas=151271852 bps=28.26 tps=4252 mgps=426.7 avgBps=76.35 avgTps=8765 avgMGps=651.8 elapsed=2d16h27m
Aug 09 05:31:33 nimbus-eth1-mainnet-long-benchmark[1140193]: INF 2026-08-09 05:31:33.274+00:00 Imported blocks                            blockNumber=17727489 slot=6912402 blocks=17727488 txs=2035598343 mgas=151395325 bps=32.55 tps=5307 mgps=490.6 avgBps=76.30 avgTps=8761 avgMGps=651.6 elapsed=2d16h32m
Aug 09 05:36:08 nimbus-eth1-mainnet-long-benchmark[1140193]: INF 2026-08-09 05:36:08.914+00:00 Imported blocks                            blockNumber=17735681 slot=6920655 blocks=17735680 txs=2036811500 mgas=151518904 bps=29.72 tps=4401 mgps=448.3 avgBps=76.25 avgTps=8756 avgMGps=651.4 elapsed=2d16h36m
Aug 09 05:40:41 nimbus-eth1-mainnet-long-benchmark[1140193]: INF 2026-08-09 05:40:41.025+00:00 Imported blocks                            blockNumber=17743873 slot=6928910 blocks=17743872 txs=2038089073 mgas=151642498 bps=30.11 tps=4695 mgps=454.2 avgBps=76.19 avgTps=8751 avgMGps=651.2 elapsed=2d16h41m
Aug 09 05:45:10 nimbus-eth1-mainnet-long-benchmark[1140193]: INF 2026-08-09 05:45:10.569+00:00 Imported blocks                            blockNumber=17752065 slot=6937162 blocks=17752064 txs=2039243929 mgas=151765938 bps=30.39 tps=4284 mgps=458.0 avgBps=76.14 avgTps=8746 avgMGps=650.9 elapsed=2d16h45m
Aug 09 05:50:19 nimbus-eth1-mainnet-long-benchmark[1140193]: INF 2026-08-09 05:50:19.864+00:00 Imported blocks                            blockNumber=17760257 slot=6945412 blocks=17760256 txs=2040366899 mgas=151889663 bps=26.49 tps=3630 mgps=400.0 avgBps=76.08 avgTps=8739 avgMGps=650.6 elapsed=2d16h50m
Aug 09 05:55:24 nimbus-eth1-mainnet-long-benchmark[1140193]: INF 2026-08-09 05:55:24.415+00:00 Imported blocks                            blockNumber=17768449 slot=6953662 blocks=17768448 txs=2041533617 mgas=152013251 bps=26.90 tps=3830 mgps=405.8 avgBps=76.01 avgTps=8733 avgMGps=650.3 elapsed=2d16h56m
Aug 09 06:00:54 nimbus-eth1-mainnet-long-benchmark[1140193]: INF 2026-08-09 06:00:54.981+00:00 Imported blocks                            blockNumber=17776641 slot=6961925 blocks=17776640 txs=2042703023 mgas=152136905 bps=24.78 tps=3537 mgps=374.1 avgBps=75.94 avgTps=8726 avgMGps=649.9 elapsed=2d17h1m
Aug 09 06:06:41 nimbus-eth1-mainnet-long-benchmark[1140193]: INF 2026-08-09 06:06:41.604+00:00 Imported blocks                            blockNumber=17784833 slot=6970175 blocks=17784832 txs=2043855306 mgas=152260510 bps=23.63 tps=3324 mgps=356.6 avgBps=75.86 avgTps=8718 avgMGps=649.5 elapsed=2d17h7m
Aug 09 06:11:21 nimbus-eth1-mainnet-long-benchmark[1140193]: INF 2026-08-09 06:11:21.931+00:00 Imported blocks                            blockNumber=17793025 slot=6978424 blocks=17793024 txs=2045025916 mgas=152384111 bps=29.22 tps=4175 mgps=440.9 avgBps=75.81 avgTps=8712 avgMGps=649.2 elapsed=2d17h11m
Aug 09 06:16:48 nimbus-eth1-mainnet-long-benchmark[1140193]: INF 2026-08-09 06:16:48.678+00:00 Imported blocks                            blockNumber=17801217 slot=6986678 blocks=17801216 txs=2046155994 mgas=152507660 bps=25.07 tps=3458 mgps=378.1 avgBps=75.74 avgTps=8705 avgMGps=648.8 elapsed=2d17h17m
Aug 09 06:23:53 nimbus-eth1-mainnet-long-benchmark[1140193]: INF 2026-08-09 06:23:53.399+00:00 Imported blocks                            blockNumber=17809409 slot=6994934 blocks=17809408 txs=2047286409 mgas=152631387 bps=19.29 tps=2661 mgps=291.3 avgBps=75.63 avgTps=8694 avgMGps=648.2 elapsed=2d17h24m
Aug 09 06:29:26 nimbus-eth1-mainnet-long-benchmark[1140193]: INF 2026-08-09 06:29:26.682+00:00 Imported blocks                            blockNumber=17817601 slot=7003174 blocks=17817600 txs=2048477603 mgas=152755081 bps=24.58 tps=3574 mgps=371.1 avgBps=75.56 avgTps=8687 avgMGps=647.8 elapsed=2d17h30m
Aug 09 06:34:43 nimbus-eth1-mainnet-long-benchmark[1140193]: INF 2026-08-09 06:34:43.132+00:00 Imported blocks                            blockNumber=17825793 slot=7011410 blocks=17825792 txs=2049697138 mgas=152878639 bps=25.89 tps=3853 mgps=390.4 avgBps=75.49 avgTps=8680 avgMGps=647.5 elapsed=2d17h35m
Aug 09 06:39:44 nimbus-eth1-mainnet-long-benchmark[1140193]: INF 2026-08-09 06:39:44.135+00:00 Imported blocks                            blockNumber=17833985 slot=7019652 blocks=17833984 txs=2050902056 mgas=153002214 bps=27.22 tps=4003 mgps=410.5 avgBps=75.43 avgTps=8674 avgMGps=647.2 elapsed=2d17h40m
Aug 09 06:44:37 nimbus-eth1-mainnet-long-benchmark[1140193]: INF 2026-08-09 06:44:37.187+00:00 Imported blocks                            blockNumber=17842177 slot=7027902 blocks=17842176 txs=2052138376 mgas=153125904 bps=27.95 tps=4218 mgps=422.1 avgBps=75.37 avgTps=8669 avgMGps=646.9 elapsed=2d17h45m
Aug 09 06:49:31 nimbus-eth1-mainnet-long-benchmark[1140193]: INF 2026-08-09 06:49:31.834+00:00 Imported blocks                            blockNumber=17850369 slot=7036151 blocks=17850368 txs=2053403722 mgas=153249462 bps=27.80 tps=4294 mgps=419.3 avgBps=75.32 avgTps=8663 avgMGps=646.6 elapsed=2d17h50m
Aug 09 06:54:53 nimbus-eth1-mainnet-long-benchmark[1140193]: INF 2026-08-09 06:54:53.229+00:00 Imported blocks                            blockNumber=17858561 slot=7044407 blocks=17858560 txs=2054561218 mgas=153373392 bps=25.49 tps=3601 mgps=385.6 avgBps=75.25 avgTps=8657 avgMGps=646.2 elapsed=2d17h55m
Aug 09 06:59:43 nimbus-eth1-mainnet-long-benchmark[1140193]: INF 2026-08-09 06:59:43.164+00:00 Imported blocks                            blockNumber=17866753 slot=7052664 blocks=17866752 txs=2055745169 mgas=153497051 bps=28.25 tps=4083 mgps=426.5 avgBps=75.19 avgTps=8651 avgMGps=646.0 elapsed=2d18h19s
Aug 09 07:04:29 nimbus-eth1-mainnet-long-benchmark[1140193]: INF 2026-08-09 07:04:29.623+00:00 Imported blocks                            blockNumber=17874945 slot=7060922 blocks=17874944 txs=2057023576 mgas=153620694 bps=28.60 tps=4462 mgps=431.6 avgBps=75.13 avgTps=8646 avgMGps=645.7 elapsed=2d18h5m
Aug 09 07:09:09 nimbus-eth1-mainnet-long-benchmark[1140193]: INF 2026-08-09 07:09:09.231+00:00 Imported blocks                            blockNumber=17883137 slot=7069180 blocks=17883136 txs=2058222775 mgas=153744263 bps=29.30 tps=4288 mgps=441.9 avgBps=75.08 avgTps=8641 avgMGps=645.5 elapsed=2d18h9m
Aug 09 07:13:51 nimbus-eth1-mainnet-long-benchmark[1140193]: INF 2026-08-09 07:13:51.146+00:00 Imported blocks                            blockNumber=17891329 slot=7077424 blocks=17891328 txs=2059426823 mgas=153867834 bps=29.06 tps=4270 mgps=438.3 avgBps=75.03 avgTps=8636 avgMGps=645.2 elapsed=2d18h14m
Aug 09 07:18:30 nimbus-eth1-mainnet-long-benchmark[1140193]: INF 2026-08-09 07:18:30.870+00:00 Imported blocks                            blockNumber=17899521 slot=7085686 blocks=17899520 txs=2060576293 mgas=153991540 bps=29.29 tps=4109 mgps=442.2 avgBps=74.97 avgTps=8630 avgMGps=645.0 elapsed=2d18h19m
Aug 09 07:23:20 nimbus-eth1-mainnet-long-benchmark[1140193]: INF 2026-08-09 07:23:20.825+00:00 Imported blocks                            blockNumber=17907713 slot=7093924 blocks=17907712 txs=2061645723 mgas=154115478 bps=28.25 tps=3688 mgps=427.4 avgBps=74.92 avgTps=8624 avgMGps=644.7 elapsed=2d18h23m
Aug 09 07:28:12 nimbus-eth1-mainnet-long-benchmark[1140193]: INF 2026-08-09 07:28:12.748+00:00 Imported blocks                            blockNumber=17915905 slot=7102175 blocks=17915904 txs=2062791664 mgas=154239167 bps=28.06 tps=3925 mgps=423.7 avgBps=74.86 avgTps=8619 avgMGps=644.5 elapsed=2d18h28m
Aug 09 07:32:26 nimbus-eth1-mainnet-long-benchmark[1140193]: INF 2026-08-09 07:32:26.644+00:00 Imported blocks                            blockNumber=17924097 slot=7110423 blocks=17924096 txs=2063991310 mgas=154362682 bps=32.26 tps=4724 mgps=486.5 avgBps=74.81 avgTps=8614 avgMGps=644.3 elapsed=2d18h33m
Aug 09 07:37:04 nimbus-eth1-mainnet-long-benchmark[1140193]: INF 2026-08-09 07:37:04.903+00:00 Imported blocks                            blockNumber=17932289 slot=7118675 blocks=17932288 txs=2065212442 mgas=154486196 bps=29.44 tps=4388 mgps=443.9 avgBps=74.76 avgTps=8610 avgMGps=644.1 elapsed=2d18h37m
Aug 09 07:41:32 nimbus-eth1-mainnet-long-benchmark[1140193]: INF 2026-08-09 07:41:32.043+00:00 Imported blocks                            blockNumber=17940481 slot=7126933 blocks=17940480 txs=2066443515 mgas=154609755 bps=30.67 tps=4608 mgps=462.5 avgBps=74.71 avgTps=8605 avgMGps=643.9 elapsed=2d18h42m
Aug 09 07:46:23 nimbus-eth1-mainnet-long-benchmark[1140193]: INF 2026-08-09 07:46:23.574+00:00 Imported blocks                            blockNumber=17948673 slot=7135190 blocks=17948672 txs=2067692409 mgas=154733379 bps=28.10 tps=4283 mgps=424.1 avgBps=74.66 avgTps=8600 avgMGps=643.6 elapsed=2d18h46m
Aug 09 07:51:14 nimbus-eth1-mainnet-long-benchmark[1140193]: INF 2026-08-09 07:51:14.754+00:00 Imported blocks                            blockNumber=17956865 slot=7143454 blocks=17956864 txs=2068792056 mgas=154857268 bps=28.13 tps=3776 mgps=425.5 avgBps=74.60 avgTps=8594 avgMGps=643.3 elapsed=2d18h51m
Aug 09 07:56:06 nimbus-eth1-mainnet-long-benchmark[1140193]: INF 2026-08-09 07:56:06.701+00:00 Imported blocks                            blockNumber=17965057 slot=7151711 blocks=17965056 txs=2069949467 mgas=154980906 bps=28.06 tps=3964 mgps=423.5 avgBps=74.54 avgTps=8588 avgMGps=643.1 elapsed=2d18h56m
Aug 09 08:00:50 nimbus-eth1-mainnet-long-benchmark[1140193]: INF 2026-08-09 08:00:50.136+00:00 Imported blocks                            blockNumber=17973249 slot=7159953 blocks=17973248 txs=2071131106 mgas=155104484 bps=28.90 tps=4168 mgps=436.0 avgBps=74.49 avgTps=8583 avgMGps=642.8 elapsed=2d19h1m
Aug 09 08:05:29 nimbus-eth1-mainnet-long-benchmark[1140193]: INF 2026-08-09 08:05:29.912+00:00 Imported blocks                            blockNumber=17981441 slot=7168195 blocks=17981440 txs=2072319886 mgas=155227911 bps=29.28 tps=4249 mgps=441.2 avgBps=74.44 avgTps=8578 avgMGps=642.6 elapsed=2d19h6m
Aug 09 08:10:09 nimbus-eth1-mainnet-long-benchmark[1140193]: INF 2026-08-09 08:10:09.395+00:00 Imported blocks                            blockNumber=17989633 slot=7176448 blocks=17989632 txs=2073520122 mgas=155351502 bps=29.31 tps=4294 mgps=442.2 avgBps=74.38 avgTps=8573 avgMGps=642.4 elapsed=2d19h10m
Aug 09 08:14:52 nimbus-eth1-mainnet-long-benchmark[1140193]: INF 2026-08-09 08:14:52.703+00:00 Imported blocks                            blockNumber=17997825 slot=7184717 blocks=17997824 txs=2074697917 mgas=155475068 bps=28.92 tps=4157 mgps=436.2 avgBps=74.33 avgTps=8568 avgMGps=642.1 elapsed=2d19h15m
Aug 09 08:20:12 nimbus-eth1-mainnet-long-benchmark[1140193]: INF 2026-08-09 08:20:12.721+00:00 Imported blocks                            blockNumber=18006017 slot=7192955 blocks=18006016 txs=2075765432 mgas=155599048 bps=25.60 tps=3335 mgps=387.4 avgBps=74.27 avgTps=8561 avgMGps=641.8 elapsed=2d19h20m
Aug 09 08:25:08 nimbus-eth1-mainnet-long-benchmark[1140193]: INF 2026-08-09 08:25:08.161+00:00 Imported blocks                            blockNumber=18014209 slot=7201216 blocks=18014208 txs=2076875571 mgas=155722925 bps=27.73 tps=3757 mgps=419.3 avgBps=74.21 avgTps=8555 avgMGps=641.5 elapsed=2d19h25m
Aug 09 08:29:43 nimbus-eth1-mainnet-long-benchmark[1140193]: INF 2026-08-09 08:29:43.240+00:00 Imported blocks                            blockNumber=18022401 slot=7209486 blocks=18022400 txs=2078048954 mgas=155846484 bps=29.78 tps=4265 mgps=449.2 avgBps=74.16 avgTps=8550 avgMGps=641.3 elapsed=2d19h30m
Aug 09 08:34:37 nimbus-eth1-mainnet-long-benchmark[1140193]: INF 2026-08-09 08:34:37.131+00:00 Imported blocks                            blockNumber=18030593 slot=7217747 blocks=18030592 txs=2079226010 mgas=155969992 bps=27.87 tps=4005 mgps=420.2 avgBps=74.10 avgTps=8545 avgMGps=641.0 elapsed=2d19h35m
Aug 09 08:39:27 nimbus-eth1-mainnet-long-benchmark[1140193]: INF 2026-08-09 08:39:27.583+00:00 Imported blocks                            blockNumber=18038785 slot=7226002 blocks=18038784 txs=2080377713 mgas=156093560 bps=28.20 tps=3965 mgps=425.4 avgBps=74.05 avgTps=8540 avgMGps=640.8 elapsed=2d19h40m
Aug 09 08:44:34 nimbus-eth1-mainnet-long-benchmark[1140193]: INF 2026-08-09 08:44:34.514+00:00 Imported blocks                            blockNumber=18046977 slot=7234267 blocks=18046976 txs=2081507154 mgas=156217456 bps=26.69 tps=3679 mgps=403.7 avgBps=73.99 avgTps=8533 avgMGps=640.5 elapsed=2d19h45m
Aug 09 08:49:42 nimbus-eth1-mainnet-long-benchmark[1140193]: INF 2026-08-09 08:49:42.221+00:00 Imported blocks                            blockNumber=18055169 slot=7242532 blocks=18055168 txs=2082719208 mgas=156341506 bps=26.62 tps=3938 mgps=403.1 avgBps=73.93 avgTps=8528 avgMGps=640.2 elapsed=2d19h50m
Aug 09 08:54:46 nimbus-eth1-mainnet-long-benchmark[1140193]: INF 2026-08-09 08:54:46.600+00:00 Imported blocks                            blockNumber=18063361 slot=7250786 blocks=18063360 txs=2083859821 mgas=156465218 bps=26.91 tps=3747 mgps=406.4 avgBps=73.87 avgTps=8522 avgMGps=639.9 elapsed=2d19h55m
Aug 09 08:59:46 nimbus-eth1-mainnet-long-benchmark[1140193]: INF 2026-08-09 08:59:46.391+00:00 Imported blocks                            blockNumber=18071553 slot=7259026 blocks=18071552 txs=2084967028 mgas=156589216 bps=27.33 tps=3693 mgps=413.6 avgBps=73.81 avgTps=8516 avgMGps=639.6 elapsed=2d20h22s
Aug 09 09:04:50 nimbus-eth1-mainnet-long-benchmark[1140193]: INF 2026-08-09 09:04:50.942+00:00 Imported blocks                            blockNumber=18079745 slot=7267303 blocks=18079744 txs=2086196249 mgas=156712793 bps=26.90 tps=4036 mgps=405.8 avgBps=73.76 avgTps=8510 avgMGps=639.3 elapsed=2d20h5m
Aug 09 09:09:49 nimbus-eth1-mainnet-long-benchmark[1140193]: INF 2026-08-09 09:09:49.549+00:00 Imported blocks                            blockNumber=18087937 slot=7275548 blocks=18087936 txs=2087355068 mgas=156836450 bps=27.43 tps=3880 mgps=414.1 avgBps=73.70 avgTps=8505 avgMGps=639.0 elapsed=2d20h10m
Aug 09 09:14:48 nimbus-eth1-mainnet-long-benchmark[1140193]: INF 2026-08-09 09:14:48.808+00:00 Imported blocks                            blockNumber=18096129 slot=7283810 blocks=18096128 txs=2088495155 mgas=156960164 bps=27.37 tps=3809 mgps=413.4 avgBps=73.64 avgTps=8499 avgMGps=638.8 elapsed=2d20h15m
Aug 09 09:20:00 nimbus-eth1-mainnet-long-benchmark[1140193]: INF 2026-08-09 09:20:00.383+00:00 Imported blocks                            blockNumber=18104321 slot=7292076 blocks=18104320 txs=2089530747 mgas=157084229 bps=26.29 tps=3323 mgps=398.2 avgBps=73.58 avgTps=8492 avgMGps=638.5 elapsed=2d20h20m
Aug 09 09:25:11 nimbus-eth1-mainnet-long-benchmark[1140193]: INF 2026-08-09 09:25:11.126+00:00 Imported blocks                            blockNumber=18112513 slot=7300337 blocks=18112512 txs=2090599202 mgas=157208354 bps=26.36 tps=3438 mgps=399.5 avgBps=73.52 avgTps=8486 avgMGps=638.2 elapsed=2d20h25m
Aug 09 09:30:36 nimbus-eth1-mainnet-long-benchmark[1140193]: INF 2026-08-09 09:30:36.373+00:00 Imported blocks                            blockNumber=18120705 slot=7308598 blocks=18120704 txs=2091830760 mgas=157332137 bps=25.19 tps=3786 mgps=380.6 avgBps=73.46 avgTps=8480 avgMGps=637.8 elapsed=2d20h31m
Aug 09 09:36:03 nimbus-eth1-mainnet-long-benchmark[1140193]: INF 2026-08-09 09:36:03.324+00:00 Imported blocks                            blockNumber=18128897 slot=7316868 blocks=18128896 txs=2093635465 mgas=157455944 bps=25.06 tps=5519 mgps=378.7 avgBps=73.40 avgTps=8476 avgMGps=637.5 elapsed=2d20h36m
Aug 09 09:40:42 nimbus-eth1-mainnet-long-benchmark[1140193]: INF 2026-08-09 09:40:42.115+00:00 Imported blocks                            blockNumber=18137089 slot=7325152 blocks=18137088 txs=2094856245 mgas=157579700 bps=29.38 tps=4378 mgps=443.9 avgBps=73.35 avgTps=8471 avgMGps=637.3 elapsed=2d20h41m
Aug 09 09:45:44 nimbus-eth1-mainnet-long-benchmark[1140193]: INF 2026-08-09 09:45:44.118+00:00 Imported blocks                            blockNumber=18145281 slot=7333463 blocks=18145280 txs=2096023505 mgas=157703175 bps=27.13 tps=3865 mgps=408.9 avgBps=73.29 avgTps=8466 avgMGps=637.0 elapsed=2d20h46m
Aug 09 09:50:58 nimbus-eth1-mainnet-long-benchmark[1140193]: INF 2026-08-09 09:50:58.773+00:00 Imported blocks                            blockNumber=18153473 slot=7341807 blocks=18153472 txs=2097064348 mgas=157827253 bps=26.03 tps=3307 mgps=394.3 avgBps=73.23 avgTps=8459 avgMGps=636.7 elapsed=2d20h51m
Aug 09 09:56:18 nimbus-eth1-mainnet-long-benchmark[1140193]: INF 2026-08-09 09:56:18.384+00:00 Imported blocks                            blockNumber=18161665 slot=7350157 blocks=18161664 txs=2098109700 mgas=157951329 bps=25.63 tps=3270 mgps=388.2 avgBps=73.17 avgTps=8452 avgMGps=636.4 elapsed=2d20h56m
Aug 09 10:01:35 nimbus-eth1-mainnet-long-benchmark[1140193]: INF 2026-08-09 10:01:35.307+00:00 Imported blocks                            blockNumber=18169857 slot=7358440 blocks=18169856 txs=2099265398 mgas=158075134 bps=25.85 tps=3646 mgps=390.7 avgBps=73.11 avgTps=8446 avgMGps=636.0 elapsed=2d21h2m
Aug 09 10:06:36 nimbus-eth1-mainnet-long-benchmark[1140193]: INF 2026-08-09 10:06:36.726+00:00 Imported blocks                            blockNumber=18178049 slot=7366694 blocks=18178048 txs=2100433427 mgas=158198872 bps=27.18 tps=3875 mgps=410.5 avgBps=73.05 avgTps=8441 avgMGps=635.8 elapsed=2d21h7m
Aug 09 10:11:41 nimbus-eth1-mainnet-long-benchmark[1140193]: INF 2026-08-09 10:11:41.765+00:00 Imported blocks                            blockNumber=18186241 slot=7374947 blocks=18186240 txs=2101720457 mgas=158322717 bps=26.86 tps=4219 mgps=406.0 avgBps=73.00 avgTps=8435 avgMGps=635.5 elapsed=2d21h12m
Aug 09 10:16:53 nimbus-eth1-mainnet-long-benchmark[1140193]: INF 2026-08-09 10:16:53.656+00:00 Imported blocks                            blockNumber=18194433 slot=7383221 blocks=18194432 txs=2102847004 mgas=158446430 bps=26.27 tps=3611 mgps=396.7 avgBps=72.94 avgTps=8429 avgMGps=635.2 elapsed=2d21h17m
Aug 09 10:22:15 nimbus-eth1-mainnet-long-benchmark[1140193]: INF 2026-08-09 10:22:15.539+00:00 Imported blocks                            blockNumber=18202625 slot=7391475 blocks=18202624 txs=2103834429 mgas=158570965 bps=25.45 tps=3067 mgps=386.9 avgBps=72.88 avgTps=8423 avgMGps=634.9 elapsed=2d21h22m
Aug 09 10:27:37 nimbus-eth1-mainnet-long-benchmark[1140193]: INF 2026-08-09 10:27:37.397+00:00 Imported blocks                            blockNumber=18210817 slot=7399742 blocks=18210816 txs=2104846730 mgas=158695197 bps=25.45 tps=3145 mgps=386.0 avgBps=72.82 avgTps=8416 avgMGps=634.5 elapsed=2d21h28m
Aug 09 10:32:38 nimbus-eth1-mainnet-long-benchmark[1140193]: INF 2026-08-09 10:32:38.448+00:00 Imported blocks                            blockNumber=18219009 slot=7407987 blocks=18219008 txs=2106006905 mgas=158819194 bps=27.21 tps=3853 mgps=411.9 avgBps=72.76 avgTps=8410 avgMGps=634.3 elapsed=2d21h33m
Aug 09 10:37:45 nimbus-eth1-mainnet-long-benchmark[1140193]: INF 2026-08-09 10:37:45.956+00:00 Imported blocks                            blockNumber=18227201 slot=7416247 blocks=18227200 txs=2107241601 mgas=158942696 bps=26.64 tps=4015 mgps=401.6 avgBps=72.70 avgTps=8405 avgMGps=634.0 elapsed=2d21h38m
Aug 09 10:42:46 nimbus-eth1-mainnet-long-benchmark[1140193]: INF 2026-08-09 10:42:46.983+00:00 Imported blocks                            blockNumber=18235393 slot=7424510 blocks=18235392 txs=2108433909 mgas=159066547 bps=27.21 tps=3960 mgps=411.4 avgBps=72.65 avgTps=8400 avgMGps=633.7 elapsed=2d21h43m
Aug 09 10:48:03 nimbus-eth1-mainnet-long-benchmark[1140193]: INF 2026-08-09 10:48:03.149+00:00 Imported blocks                            blockNumber=18243585 slot=7432769 blocks=18243584 txs=2109614990 mgas=159190187 bps=25.91 tps=3735 mgps=391.1 avgBps=72.59 avgTps=8394 avgMGps=633.4 elapsed=2d21h48m
Aug 09 10:53:25 nimbus-eth1-mainnet-long-benchmark[1140193]: INF 2026-08-09 10:53:25.932+00:00 Imported blocks                            blockNumber=18251777 slot=7441011 blocks=18251776 txs=2110737320 mgas=159313978 bps=25.38 tps=3477 mgps=383.5 avgBps=72.53 avgTps=8387 avgMGps=633.1 elapsed=2d21h54m
Aug 09 10:58:44 nimbus-eth1-mainnet-long-benchmark[1140193]: INF 2026-08-09 10:58:44.135+00:00 Imported blocks                            blockNumber=18259969 slot=7449248 blocks=18259968 txs=2111794461 mgas=159437984 bps=25.74 tps=3322 mgps=389.7 avgBps=72.47 avgTps=8381 avgMGps=632.8 elapsed=2d21h59m
Aug 09 11:03:45 nimbus-eth1-mainnet-long-benchmark[1140193]: INF 2026-08-09 11:03:45.246+00:00 Imported blocks                            blockNumber=18268161 slot=7457480 blocks=18268160 txs=2112944237 mgas=159561764 bps=27.21 tps=3818 mgps=411.1 avgBps=72.42 avgTps=8376 avgMGps=632.5 elapsed=2d22h4m
Aug 09 11:09:00 nimbus-eth1-mainnet-long-benchmark[1140193]: INF 2026-08-09 11:09:00.897+00:00 Imported blocks                            blockNumber=18276353 slot=7465732 blocks=18276352 txs=2114083159 mgas=159685589 bps=25.95 tps=3608 mgps=392.3 avgBps=72.36 avgTps=8370 avgMGps=632.2 elapsed=2d22h9m
Aug 09 11:14:14 nimbus-eth1-mainnet-long-benchmark[1140193]: INF 2026-08-09 11:14:14.876+00:00 Imported blocks                            blockNumber=18284545 slot=7473976 blocks=18284544 txs=2115199907 mgas=159809502 bps=26.09 tps=3556 mgps=394.7 avgBps=72.30 avgTps=8364 avgMGps=631.9 elapsed=2d22h14m
Aug 09 11:19:45 nimbus-eth1-mainnet-long-benchmark[1140193]: INF 2026-08-09 11:19:45.279+00:00 Imported blocks                            blockNumber=18292737 slot=7482227 blocks=18292736 txs=2116327705 mgas=159933514 bps=24.79 tps=3413 mgps=375.3 avgBps=72.24 avgTps=8357 avgMGps=631.6 elapsed=2d22h20m
Aug 09 11:25:33 nimbus-eth1-mainnet-long-benchmark[1140193]: INF 2026-08-09 11:25:33.353+00:00 Imported blocks                            blockNumber=18300929 slot=7490473 blocks=18300928 txs=2117494895 mgas=160057346 bps=23.53 tps=3353 mgps=355.8 avgBps=72.17 avgTps=8350 avgMGps=631.2 elapsed=2d22h26m
Aug 09 11:31:21 nimbus-eth1-mainnet-long-benchmark[1140193]: INF 2026-08-09 11:31:21.227+00:00 Imported blocks                            blockNumber=18309121 slot=7498722 blocks=18309120 txs=2118548315 mgas=160181470 bps=23.55 tps=3028 mgps=356.8 avgBps=72.11 avgTps=8343 avgMGps=630.8 elapsed=2d22h31m
Aug 09 11:37:08 nimbus-eth1-mainnet-long-benchmark[1140193]: INF 2026-08-09 11:37:08.866+00:00 Imported blocks                            blockNumber=18317313 slot=7506978 blocks=18317312 txs=2119681478 mgas=160305363 bps=23.56 tps=3259 mgps=356.4 avgBps=72.04 avgTps=8336 avgMGps=630.5 elapsed=2d22h37m
Aug 09 11:43:30 nimbus-eth1-mainnet-long-benchmark[1140193]: INF 2026-08-09 11:43:30.096+00:00 Imported blocks                            blockNumber=18325505 slot=7515227 blocks=18325504 txs=2120814013 mgas=160429327 bps=21.49 tps=2970 mgps=325.2 avgBps=71.96 avgTps=8328 avgMGps=630.0 elapsed=2d22h44m
Aug 09 11:49:22 nimbus-eth1-mainnet-long-benchmark[1140193]: INF 2026-08-09 11:49:22.222+00:00 Imported blocks                            blockNumber=18333697 slot=7523497 blocks=18333696 txs=2121988927 mgas=160553135 bps=23.26 tps=3336 mgps=351.6 avgBps=71.90 avgTps=8321 avgMGps=629.6 elapsed=2d22h49m
Aug 09 11:54:32 nimbus-eth1-mainnet-long-benchmark[1140193]: INF 2026-08-09 11:54:32.657+00:00 Imported blocks                            blockNumber=18341889 slot=7531758 blocks=18341888 txs=2123139659 mgas=160677144 bps=26.39 tps=3706 mgps=399.5 avgBps=71.84 avgTps=8315 avgMGps=629.3 elapsed=2d22h55m
Aug 09 12:00:03 nimbus-eth1-mainnet-long-benchmark[1140193]: INF 2026-08-09 12:00:03.967+00:00 Imported blocks                            blockNumber=18350081 slot=7540010 blocks=18350080 txs=2124235413 mgas=160801210 bps=24.73 tps=3307 mgps=374.5 avgBps=71.78 avgTps=8309 avgMGps=629.0 elapsed=2d23h40s
Aug 09 12:05:27 nimbus-eth1-mainnet-long-benchmark[1140193]: INF 2026-08-09 12:05:27.010+00:00 Imported blocks                            blockNumber=18358273 slot=7548250 blocks=18358272 txs=2125267339 mgas=160925503 bps=25.36 tps=3194 mgps=384.8 avgBps=71.72 avgTps=8303 avgMGps=628.7 elapsed=2d23h6m
Aug 09 12:10:30 nimbus-eth1-mainnet-long-benchmark[1140193]: INF 2026-08-09 12:10:30.885+00:00 Imported blocks                            blockNumber=18366465 slot=7556485 blocks=18366464 txs=2126437189 mgas=161049300 bps=26.96 tps=3849 mgps=407.4 avgBps=71.67 avgTps=8297 avgMGps=628.4 elapsed=2d23h11m
Aug 09 12:15:39 nimbus-eth1-mainnet-long-benchmark[1140193]: INF 2026-08-09 12:15:39.600+00:00 Imported blocks                            blockNumber=18374657 slot=7564737 blocks=18374656 txs=2127575074 mgas=161173063 bps=26.54 tps=3685 mgps=400.9 avgBps=71.61 avgTps=8292 avgMGps=628.2 elapsed=2d23h16m
Aug 09 12:20:48 nimbus-eth1-mainnet-long-benchmark[1140193]: INF 2026-08-09 12:20:48.583+00:00 Imported blocks                            blockNumber=18382849 slot=7572992 blocks=18382848 txs=2128712227 mgas=161296803 bps=26.51 tps=3680 mgps=400.5 avgBps=71.56 avgTps=8286 avgMGps=627.9 elapsed=2d23h21m
Aug 09 12:25:33 nimbus-eth1-mainnet-long-benchmark[1140193]: INF 2026-08-09 12:25:33.271+00:00 Imported blocks                            blockNumber=18391041 slot=7581241 blocks=18391040 txs=2129908343 mgas=161420499 bps=28.78 tps=4201 mgps=434.5 avgBps=71.51 avgTps=8282 avgMGps=627.7 elapsed=2d23h26m
Aug 09 12:30:50 nimbus-eth1-mainnet-long-benchmark[1140193]: INF 2026-08-09 12:30:50.782+00:00 Imported blocks                            blockNumber=18399233 slot=7589493 blocks=18399232 txs=2131096762 mgas=161544248 bps=25.80 tps=3742 mgps=389.7 avgBps=71.46 avgTps=8276 avgMGps=627.4 elapsed=2d23h31m
Aug 09 12:35:57 nimbus-eth1-mainnet-long-benchmark[1140193]: INF 2026-08-09 12:35:57.605+00:00 Imported blocks                            blockNumber=18407425 slot=7597744 blocks=18407424 txs=2132227512 mgas=161668055 bps=26.70 tps=3685 mgps=403.5 avgBps=71.40 avgTps=8271 avgMGps=627.1 elapsed=2d23h36m
Aug 09 12:41:11 nimbus-eth1-mainnet-long-benchmark[1140193]: INF 2026-08-09 12:41:11.959+00:00 Imported blocks                            blockNumber=18415617 slot=7606005 blocks=18415616 txs=2133430909 mgas=161791768 bps=26.06 tps=3828 mgps=393.5 avgBps=71.35 avgTps=8265 avgMGps=626.8 elapsed=2d23h41m
Aug 09 12:45:54 nimbus-eth1-mainnet-long-benchmark[1140193]: INF 2026-08-09 12:45:54.911+00:00 Imported blocks                            blockNumber=18423809 slot=7614258 blocks=18423808 txs=2134687977 mgas=161915430 bps=28.95 tps=4442 mgps=437.0 avgBps=71.30 avgTps=8261 avgMGps=626.6 elapsed=2d23h46m
Aug 09 12:50:23 nimbus-eth1-mainnet-long-benchmark[1140193]: INF 2026-08-09 12:50:23.899+00:00 Imported blocks                            blockNumber=18432001 slot=7622531 blocks=18432000 txs=2135940598 mgas=162039077 bps=30.46 tps=4656 mgps=459.7 avgBps=71.26 avgTps=8257 avgMGps=626.5 elapsed=2d23h51m
Aug 09 12:55:16 nimbus-eth1-mainnet-long-benchmark[1140193]: INF 2026-08-09 12:55:16.046+00:00 Imported blocks                            blockNumber=18440193 slot=7630780 blocks=18440192 txs=2137146456 mgas=162162686 bps=28.04 tps=4127 mgps=423.1 avgBps=71.21 avgTps=8253 avgMGps=626.2 elapsed=2d23h55m
Aug 09 13:00:10 nimbus-eth1-mainnet-long-benchmark[1140193]: INF 2026-08-09 13:00:10.593+00:00 Imported blocks                            blockNumber=18448385 slot=7639025 blocks=18448384 txs=2138317992 mgas=162286292 bps=27.81 tps=3977 mgps=419.6 avgBps=71.16 avgTps=8248 avgMGps=626.0 elapsed=3d46s696ms
Aug 09 13:05:10 nimbus-eth1-mainnet-long-benchmark[1140193]: INF 2026-08-09 13:05:10.056+00:00 Imported blocks                            blockNumber=18456577 slot=7647282 blocks=18456576 txs=2139502327 mgas=162409980 bps=27.36 tps=3954 mgps=413.0 avgBps=71.11 avgTps=8243 avgMGps=625.7 elapsed=3d5m46s
Aug 09 13:10:19 nimbus-eth1-mainnet-long-benchmark[1140193]: INF 2026-08-09 13:10:19.879+00:00 Imported blocks                            blockNumber=18464769 slot=7655550 blocks=18464768 txs=2140730034 mgas=162533636 bps=26.44 tps=3962 mgps=399.1 avgBps=71.06 avgTps=8238 avgMGps=625.5 elapsed=3d10m55s
Aug 09 13:15:12 nimbus-eth1-mainnet-long-benchmark[1140193]: INF 2026-08-09 13:15:12.490+00:00 Imported blocks                            blockNumber=18472961 slot=7663813 blocks=18472960 txs=2142014772 mgas=162657238 bps=28.00 tps=4390 mgps=422.4 avgBps=71.01 avgTps=8233 avgMGps=625.2 elapsed=3d15m48s
Aug 09 13:19:59 nimbus-eth1-mainnet-long-benchmark[1140193]: INF 2026-08-09 13:19:59.186+00:00 Imported blocks                            blockNumber=18481153 slot=7672060 blocks=18481152 txs=2143271075 mgas=162780880 bps=28.57 tps=4381 mgps=431.3 avgBps=70.96 avgTps=8229 avgMGps=625.0 elapsed=3d20m35s
Aug 09 13:24:42 nimbus-eth1-mainnet-long-benchmark[1140193]: INF 2026-08-09 13:24:42.513+00:00 Imported blocks                            blockNumber=18489345 slot=7680331 blocks=18489344 txs=2144466154 mgas=162904423 bps=28.91 tps=4218 mgps=436.0 avgBps=70.92 avgTps=8225 avgMGps=624.8 elapsed=3d25m18s
Aug 09 13:29:40 nimbus-eth1-mainnet-long-benchmark[1140193]: INF 2026-08-09 13:29:40.756+00:00 Imported blocks                            blockNumber=18497537 slot=7688594 blocks=18497536 txs=2145705018 mgas=163028153 bps=27.47 tps=4153 mgps=414.9 avgBps=70.87 avgTps=8220 avgMGps=624.6 elapsed=3d30m16s
Aug 09 13:34:52 nimbus-eth1-mainnet-long-benchmark[1140193]: INF 2026-08-09 13:34:52.567+00:00 Imported blocks                            blockNumber=18505729 slot=7696861 blocks=18505728 txs=2146887370 mgas=163151747 bps=26.27 tps=3791 mgps=396.4 avgBps=70.81 avgTps=8215 avgMGps=624.3 elapsed=3d35m28s
Aug 09 13:40:00 nimbus-eth1-mainnet-long-benchmark[1140193]: INF 2026-08-09 13:40:00.578+00:00 Imported blocks                            blockNumber=18513921 slot=7705129 blocks=18513920 txs=2148120956 mgas=163275369 bps=26.60 tps=4005 mgps=401.4 avgBps=70.76 avgTps=8210 avgMGps=624.1 elapsed=3d40m36s
Aug 09 13:44:50 nimbus-eth1-mainnet-long-benchmark[1140193]: INF 2026-08-09 13:44:50.662+00:00 Imported blocks                            blockNumber=18522113 slot=7713386 blocks=18522112 txs=2149350982 mgas=163398995 bps=28.24 tps=4240 mgps=426.2 avgBps=70.71 avgTps=8205 avgMGps=623.8 elapsed=3d45m26s
Aug 09 13:49:48 nimbus-eth1-mainnet-long-benchmark[1140193]: INF 2026-08-09 13:49:48.917+00:00 Imported blocks                            blockNumber=18530305 slot=7721624 blocks=18530304 txs=2150574609 mgas=163522549 bps=27.47 tps=4102 mgps=414.3 avgBps=70.67 avgTps=8201 avgMGps=623.6 elapsed=3d50m25s
Aug 09 13:54:29 nimbus-eth1-mainnet-long-benchmark[1140193]: INF 2026-08-09 13:54:29.864+00:00 Imported blocks                            blockNumber=18538497 slot=7729874 blocks=18538496 txs=2151864763 mgas=163646220 bps=29.16 tps=4592 mgps=440.2 avgBps=70.62 avgTps=8197 avgMGps=623.4 elapsed=3d55m5s
Aug 09 13:59:39 nimbus-eth1-mainnet-long-benchmark[1140193]: INF 2026-08-09 13:59:39.067+00:00 Imported blocks                            blockNumber=18546689 slot=7738125 blocks=18546688 txs=2153141144 mgas=163769919 bps=26.49 tps=4127 mgps=400.1 avgBps=70.57 avgTps=8192 avgMGps=623.1 elapsed=3d1h15s
Aug 09 14:05:21 nimbus-eth1-mainnet-long-benchmark[1140193]: INF 2026-08-09 14:05:21.294+00:00 Imported blocks                            blockNumber=18554881 slot=7746382 blocks=18554880 txs=2154387156 mgas=163893653 bps=23.94 tps=3640 mgps=361.6 avgBps=70.51 avgTps=8186 avgMGps=622.8 elapsed=3d1h5m
Aug 09 14:10:33 nimbus-eth1-mainnet-long-benchmark[1140193]: INF 2026-08-09 14:10:33.993+00:00 Imported blocks                            blockNumber=18563073 slot=7754631 blocks=18563072 txs=2155633642 mgas=164017287 bps=26.20 tps=3986 mgps=395.4 avgBps=70.46 avgTps=8181 avgMGps=622.5 elapsed=3d1h11m
Aug 09 14:15:25 nimbus-eth1-mainnet-long-benchmark[1140193]: INF 2026-08-09 14:15:25.628+00:00 Imported blocks                            blockNumber=18571265 slot=7762868 blocks=18571264 txs=2156852995 mgas=164140959 bps=28.09 tps=4181 mgps=424.1 avgBps=70.41 avgTps=8177 avgMGps=622.3 elapsed=3d1h16m
Aug 09 14:20:26 nimbus-eth1-mainnet-long-benchmark[1140193]: INF 2026-08-09 14:20:26.375+00:00 Imported blocks                            blockNumber=18579457 slot=7771127 blocks=18579456 txs=2158086803 mgas=164264504 bps=27.24 tps=4102 mgps=410.8 avgBps=70.36 avgTps=8172 avgMGps=622.1 elapsed=3d1h21m
Aug 09 14:25:22 nimbus-eth1-mainnet-long-benchmark[1140193]: INF 2026-08-09 14:25:22.914+00:00 Imported blocks                            blockNumber=18587649 slot=7779363 blocks=18587648 txs=2159340993 mgas=164388154 bps=27.63 tps=4229 mgps=417.0 avgBps=70.31 avgTps=8168 avgMGps=621.8 elapsed=3d1h25m
Aug 09 14:30:17 nimbus-eth1-mainnet-long-benchmark[1140193]: INF 2026-08-09 14:30:17.782+00:00 Imported blocks                            blockNumber=18595841 slot=7787617 blocks=18595840 txs=2160585501 mgas=164511768 bps=27.78 tps=4220 mgps=419.2 avgBps=70.26 avgTps=8163 avgMGps=621.6 elapsed=3d1h30m
Aug 09 14:35:42 nimbus-eth1-mainnet-long-benchmark[1140193]: INF 2026-08-09 14:35:42.156+00:00 Imported blocks                            blockNumber=18604033 slot=7795903 blocks=18604032 txs=2161845405 mgas=164635482 bps=25.25 tps=3884 mgps=381.4 avgBps=70.21 avgTps=8158 avgMGps=621.3 elapsed=3d1h36m
Aug 09 14:41:09 nimbus-eth1-mainnet-long-benchmark[1140193]: INF 2026-08-09 14:41:09.331+00:00 Imported blocks                            blockNumber=18612225 slot=7804160 blocks=18612224 txs=2163061975 mgas=164759292 bps=25.04 tps=3718 mgps=378.4 avgBps=70.15 avgTps=8153 avgMGps=621.0 elapsed=3d1h41m
Aug 09 14:45:59 nimbus-eth1-mainnet-long-benchmark[1140193]: INF 2026-08-09 14:45:59.986+00:00 Imported blocks                            blockNumber=18620417 slot=7812425 blocks=18620416 txs=2164344396 mgas=164882973 bps=28.18 tps=4412 mgps=425.5 avgBps=70.11 avgTps=8149 avgMGps=620.8 elapsed=3d1h46m
Aug 09 14:50:49 nimbus-eth1-mainnet-long-benchmark[1140193]: INF 2026-08-09 14:50:49.286+00:00 Imported blocks                            blockNumber=18628609 slot=7820683 blocks=18628608 txs=2165634691 mgas=165006735 bps=28.32 tps=4460 mgps=427.8 avgBps=70.06 avgTps=8144 avgMGps=620.6 elapsed=3d1h51m
Aug 09 14:56:07 nimbus-eth1-mainnet-long-benchmark[1140193]: INF 2026-08-09 14:56:07.525+00:00 Imported blocks                            blockNumber=18636801 slot=7828925 blocks=18636800 txs=2166964452 mgas=165130359 bps=25.74 tps=4178 mgps=388.5 avgBps=70.01 avgTps=8140 avgMGps=620.3 elapsed=3d1h56m
Aug 09 15:01:48 nimbus-eth1-mainnet-long-benchmark[1140193]: INF 2026-08-09 15:01:48.219+00:00 Imported blocks                            blockNumber=18644993 slot=7837197 blocks=18644992 txs=2168193684 mgas=165254032 bps=24.04 tps=3608 mgps=363.0 avgBps=69.95 avgTps=8134 avgMGps=620.0 elapsed=3d2h2m
Aug 09 15:07:42 nimbus-eth1-mainnet-long-benchmark[1140193]: INF 2026-08-09 15:07:42.597+00:00 Imported blocks                            blockNumber=18653185 slot=7845459 blocks=18653184 txs=2169318515 mgas=165377755 bps=23.12 tps=3174 mgps=349.1 avgBps=69.89 avgTps=8127 avgMGps=619.6 elapsed=3d2h8m
Aug 09 15:13:43 nimbus-eth1-mainnet-long-benchmark[1140193]: INF 2026-08-09 15:13:43.208+00:00 Imported blocks                            blockNumber=18661377 slot=7853721 blocks=18661376 txs=2170460354 mgas=165501516 bps=22.72 tps=3166 mgps=343.2 avgBps=69.82 avgTps=8121 avgMGps=619.3 elapsed=3d2h14m
Aug 09 15:18:50 nimbus-eth1-mainnet-long-benchmark[1140193]: INF 2026-08-09 15:18:50.003+00:00 Imported blocks                            blockNumber=18669569 slot=7861982 blocks=18669568 txs=2171736931 mgas=165625160 bps=26.70 tps=4161 mgps=403.0 avgBps=69.78 avgTps=8116 avgMGps=619.0 elapsed=3d2h19m
Aug 09 15:23:50 nimbus-eth1-mainnet-long-benchmark[1140193]: INF 2026-08-09 15:23:50.158+00:00 Imported blocks                            blockNumber=18677761 slot=7870232 blocks=18677760 txs=2173085920 mgas=165748825 bps=27.29 tps=4494 mgps=412.0 avgBps=69.73 avgTps=8112 avgMGps=618.8 elapsed=3d2h24m
Aug 09 15:28:36 nimbus-eth1-mainnet-long-benchmark[1140193]: INF 2026-08-09 15:28:36.785+00:00 Imported blocks                            blockNumber=18685953 slot=7878487 blocks=18685952 txs=2174378178 mgas=165872440 bps=28.58 tps=4508 mgps=431.3 avgBps=69.68 avgTps=8108 avgMGps=618.6 elapsed=3d2h29m
Aug 09 15:33:01 nimbus-eth1-mainnet-long-benchmark[1140193]: INF 2026-08-09 15:33:01.365+00:00 Imported blocks                            blockNumber=18694145 slot=7886739 blocks=18694144 txs=2175659072 mgas=165996075 bps=30.96 tps=4841 mgps=467.3 avgBps=69.65 avgTps=8105 avgMGps=618.4 elapsed=3d2h33m
Aug 09 15:38:22 nimbus-eth1-mainnet-long-benchmark[1140193]: INF 2026-08-09 15:38:22.280+00:00 Imported blocks                            blockNumber=18702337 slot=7894977 blocks=18702336 txs=2177029356 mgas=166119750 bps=25.53 tps=4269 mgps=385.4 avgBps=69.59 avgTps=8100 avgMGps=618.1 elapsed=3d2h38m
Aug 09 15:44:34 nimbus-eth1-mainnet-long-benchmark[1140193]: INF 2026-08-09 15:44:34.294+00:00 Imported blocks                            blockNumber=18710529 slot=7903249 blocks=18710528 txs=2178225618 mgas=166243518 bps=22.02 tps=3215 mgps=332.7 avgBps=69.53 avgTps=8094 avgMGps=617.8 elapsed=3d2h45m
Aug 09 15:49:30 nimbus-eth1-mainnet-long-benchmark[1140193]: INF 2026-08-09 15:49:30.473+00:00 Imported blocks                            blockNumber=18718721 slot=7911506 blocks=18718720 txs=2179541026 mgas=166367219 bps=27.66 tps=4441 mgps=417.7 avgBps=69.48 avgTps=8090 avgMGps=617.5 elapsed=3d2h50m
Aug 09 15:55:43 nimbus-eth1-mainnet-long-benchmark[1140193]: INF 2026-08-09 15:55:43.131+00:00 Imported blocks                            blockNumber=18726913 slot=7919763 blocks=18726912 txs=2180917862 mgas=166490943 bps=21.98 tps=3694 mgps=332.0 avgBps=69.42 avgTps=8084 avgMGps=617.1 elapsed=3d2h56m
Aug 09 16:01:40 nimbus-eth1-mainnet-long-benchmark[1140193]: INF 2026-08-09 16:01:40.677+00:00 Imported blocks                            blockNumber=18735105 slot=7928038 blocks=18735104 txs=2182212570 mgas=166614795 bps=22.91 tps=3621 mgps=346.4 avgBps=69.35 avgTps=8078 avgMGps=616.8 elapsed=3d3h2m
Aug 09 16:07:09 nimbus-eth1-mainnet-long-benchmark[1140193]: INF 2026-08-09 16:07:09.152+00:00 Imported blocks                            blockNumber=18743297 slot=7936310 blocks=18743296 txs=2183592722 mgas=166738388 bps=24.94 tps=4201 mgps=376.3 avgBps=69.30 avgTps=8073 avgMGps=616.5 elapsed=3d3h7m
Aug 09 16:13:59 nimbus-eth1-mainnet-long-benchmark[1140193]: INF 2026-08-09 16:13:59.589+00:00 Imported blocks                            blockNumber=18751489 slot=7944586 blocks=18751488 txs=2184886961 mgas=166862181 bps=19.96 tps=3153 mgps=301.6 avgBps=69.23 avgTps=8066 avgMGps=616.0 elapsed=3d3h14m
Aug 09 16:19:33 nimbus-eth1-mainnet-long-benchmark[1140193]: INF 2026-08-09 16:19:33.284+00:00 Imported blocks                            blockNumber=18759681 slot=7952835 blocks=18759680 txs=2186173665 mgas=166985947 bps=24.55 tps=3855 mgps=370.9 avgBps=69.17 avgTps=8060 avgMGps=615.7 elapsed=3d3h20m
Aug 09 16:26:01 nimbus-eth1-mainnet-long-benchmark[1140193]: INF 2026-08-09 16:26:01.845+00:00 Imported blocks                            blockNumber=18767873 slot=7961090 blocks=18767872 txs=2187407500 mgas=167109819 bps=21.08 tps=3175 mgps=318.8 avgBps=69.10 avgTps=8053 avgMGps=615.3 elapsed=3d3h26m
Aug 09 16:34:08 nimbus-eth1-mainnet-long-benchmark[1140193]: INF 2026-08-09 16:34:08.945+00:00 Imported blocks                            blockNumber=18776065 slot=7969343 blocks=18776064 txs=2188612541 mgas=167233806 bps=16.82 tps=2473 mgps=254.5 avgBps=69.01 avgTps=8043 avgMGps=614.6 elapsed=3d3h34m
Aug 09 16:41:39 nimbus-eth1-mainnet-long-benchmark[1140193]: INF 2026-08-09 16:41:39.666+00:00 Imported blocks                            blockNumber=18784257 slot=7977613 blocks=18784256 txs=2189923353 mgas=167357739 bps=18.18 tps=2908 mgps=275.0 avgBps=68.92 avgTps=8035 avgMGps=614.1 elapsed=3d3h42m
Aug 09 16:47:01 nimbus-eth1-mainnet-long-benchmark[1140193]: INF 2026-08-09 16:47:01.237+00:00 Imported blocks                            blockNumber=18792449 slot=7985880 blocks=18792448 txs=2191295084 mgas=167481475 bps=25.47 tps=4265 mgps=384.8 avgBps=68.87 avgTps=8030 avgMGps=613.8 elapsed=3d3h47m
Aug 09 16:52:16 nimbus-eth1-mainnet-long-benchmark[1140193]: INF 2026-08-09 16:52:16.128+00:00 Imported blocks                            blockNumber=18800641 slot=7994181 blocks=18800640 txs=2192526576 mgas=167605452 bps=26.02 tps=3910 mgps=393.7 avgBps=68.82 avgTps=8026 avgMGps=613.6 elapsed=3d3h52m
Aug 09 17:00:39 nimbus-eth1-mainnet-long-benchmark[1140193]: INF 2026-08-09 17:00:39.508+00:00 Imported blocks                            blockNumber=18808833 slot=8002461 blocks=18808832 txs=2193766458 mgas=167729319 bps=16.27 tps=2463 mgps=246.1 avgBps=68.73 avgTps=8015 avgMGps=612.9 elapsed=3d4h1m
Aug 09 17:06:38 nimbus-eth1-mainnet-long-benchmark[1140193]: INF 2026-08-09 17:06:38.118+00:00 Imported blocks                            blockNumber=18817025 slot=8010724 blocks=18817024 txs=2195061167 mgas=167853055 bps=22.84 tps=3610 mgps=345.0 avgBps=68.67 avgTps=8010 avgMGps=612.5 elapsed=3d4h7m
Aug 09 17:12:25 nimbus-eth1-mainnet-long-benchmark[1140193]: INF 2026-08-09 17:12:25.884+00:00 Imported blocks                            blockNumber=18825217 slot=8019018 blocks=18825216 txs=2196394427 mgas=167976901 bps=23.56 tps=3833 mgps=356.1 avgBps=68.61 avgTps=8004 avgMGps=612.2 elapsed=3d4h13m
Aug 09 17:18:05 nimbus-eth1-mainnet-long-benchmark[1140193]: INF 2026-08-09 17:18:05.119+00:00 Imported blocks                            blockNumber=18833409 slot=8027303 blocks=18833408 txs=2197869770 mgas=168100649 bps=24.15 tps=4349 mgps=364.8 avgBps=68.55 avgTps=8000 avgMGps=611.9 elapsed=3d4h18m
Aug 09 17:23:07 nimbus-eth1-mainnet-long-benchmark[1140193]: INF 2026-08-09 17:23:07.490+00:00 Imported blocks                            blockNumber=18841601 slot=8035559 blocks=18841600 txs=2199254264 mgas=168224338 bps=27.09 tps=4578 mgps=409.1 avgBps=68.51 avgTps=7996 avgMGps=611.7 elapsed=3d4h23m
Aug 09 17:28:37 nimbus-eth1-mainnet-long-benchmark[1140193]: INF 2026-08-09 17:28:37.317+00:00 Imported blocks                            blockNumber=18849793 slot=8043832 blocks=18849792 txs=2200577854 mgas=168347958 bps=24.84 tps=4012 mgps=374.8 avgBps=68.46 avgTps=7991 avgMGps=611.4 elapsed=3d4h29m
Aug 09 17:34:10 nimbus-eth1-mainnet-long-benchmark[1140193]: INF 2026-08-09 17:34:10.735+00:00 Imported blocks                            blockNumber=18857985 slot=8052126 blocks=18857984 txs=2201892453 mgas=168471629 bps=24.57 tps=3942 mgps=370.9 avgBps=68.40 avgTps=7986 avgMGps=611.1 elapsed=3d4h34m
Aug 09 17:39:42 nimbus-eth1-mainnet-long-benchmark[1140193]: INF 2026-08-09 17:39:42.538+00:00 Imported blocks                            blockNumber=18866177 slot=8060419 blocks=18866176 txs=2203165647 mgas=168595287 bps=24.69 tps=3837 mgps=372.7 avgBps=68.35 avgTps=7981 avgMGps=610.8 elapsed=3d4h40m
Aug 09 17:45:28 nimbus-eth1-mainnet-long-benchmark[1140193]: INF 2026-08-09 17:45:28.288+00:00 Imported blocks                            blockNumber=18874369 slot=8068684 blocks=18874368 txs=2204442979 mgas=168718999 bps=23.69 tps=3694 mgps=357.8 avgBps=68.30 avgTps=7976 avgMGps=610.5 elapsed=3d4h46m
Aug 09 17:50:42 nimbus-eth1-mainnet-long-benchmark[1140193]: INF 2026-08-09 17:50:42.231+00:00 Imported blocks                            blockNumber=18882561 slot=8076974 blocks=18882560 txs=2205764914 mgas=168842657 bps=26.09 tps=4210 mgps=393.9 avgBps=68.25 avgTps=7972 avgMGps=610.2 elapsed=3d4h51m
Aug 09 17:55:42 nimbus-eth1-mainnet-long-benchmark[1140193]: INF 2026-08-09 17:55:42.618+00:00 Imported blocks                            blockNumber=18890753 slot=8085252 blocks=18890752 txs=2207097259 mgas=168966193 bps=27.27 tps=4435 mgps=411.3 avgBps=68.20 avgTps=7968 avgMGps=610.0 elapsed=3d4h56m
Aug 09 18:01:11 nimbus-eth1-mainnet-long-benchmark[1140193]: INF 2026-08-09 18:01:11.853+00:00 Imported blocks                            blockNumber=18898945 slot=8093563 blocks=18898944 txs=2208345629 mgas=169089933 bps=24.88 tps=3791 mgps=375.8 avgBps=68.15 avgTps=7963 avgMGps=609.8 elapsed=3d5h1m
Aug 09 18:06:57 nimbus-eth1-mainnet-long-benchmark[1140193]: INF 2026-08-09 18:06:57.603+00:00 Imported blocks                            blockNumber=18907137 slot=8101832 blocks=18907136 txs=2209598858 mgas=169213661 bps=23.69 tps=3624 mgps=357.9 avgBps=68.10 avgTps=7958 avgMGps=609.4 elapsed=3d5h7m
Aug 09 18:12:53 nimbus-eth1-mainnet-long-benchmark[1140193]: INF 2026-08-09 18:12:53.026+00:00 Imported blocks                            blockNumber=18915329 slot=8110114 blocks=18915328 txs=2210865453 mgas=169337442 bps=23.05 tps=3563 mgps=348.3 avgBps=68.04 avgTps=7952 avgMGps=609.1 elapsed=3d5h13m
Aug 09 18:18:03 nimbus-eth1-mainnet-long-benchmark[1140193]: INF 2026-08-09 18:18:03.612+00:00 Imported blocks                            blockNumber=18923521 slot=8118398 blocks=18923520 txs=2212153829 mgas=169461077 bps=26.38 tps=4148 mgps=398.1 avgBps=67.99 avgTps=7948 avgMGps=608.9 elapsed=3d5h18m
Aug 09 18:22:59 nimbus-eth1-mainnet-long-benchmark[1140193]: INF 2026-08-09 18:22:59.112+00:00 Imported blocks                            blockNumber=18931713 slot=8126667 blocks=18931712 txs=2213406640 mgas=169584783 bps=27.72 tps=4239 mgps=418.6 avgBps=67.95 avgTps=7944 avgMGps=608.7 elapsed=3d5h23m
Aug 09 18:28:24 nimbus-eth1-mainnet-long-benchmark[1140193]: INF 2026-08-09 18:28:24.634+00:00 Imported blocks                            blockNumber=18939905 slot=8134951 blocks=18939904 txs=2214671387 mgas=169708468 bps=25.17 tps=3885 mgps=380.0 avgBps=67.90 avgTps=7939 avgMGps=608.4 elapsed=3d5h29m
Aug 09 18:35:29 nimbus-eth1-mainnet-long-benchmark[1140193]: INF 2026-08-09 18:35:29.484+00:00 Imported blocks                            blockNumber=18948097 slot=8143260 blocks=18948096 txs=2215876354 mgas=169832283 bps=19.28 tps=2836 mgps=291.4 avgBps=67.83 avgTps=7931 avgMGps=607.9 elapsed=3d5h36m
Aug 09 18:44:46 nimbus-eth1-mainnet-long-benchmark[1140193]: INF 2026-08-09 18:44:46.419+00:00 Imported blocks                            blockNumber=18956289 slot=8151644 blocks=18956288 txs=2217037891 mgas=169956495 bps=14.71 tps=2085 mgps=223.0 avgBps=67.72 avgTps=7920 avgMGps=607.2 elapsed=3d5h45m
Aug 09 18:52:17 nimbus-eth1-mainnet-long-benchmark[1140193]: INF 2026-08-09 18:52:17.311+00:00 Imported blocks                            blockNumber=18964481 slot=8159956 blocks=18964480 txs=2218294711 mgas=170080465 bps=18.17 tps=2787 mgps=274.9 avgBps=67.64 avgTps=7911 avgMGps=606.6 elapsed=3d5h52m
Aug 09 18:57:40 nimbus-eth1-mainnet-long-benchmark[1140193]: INF 2026-08-09 18:57:40.678+00:00 Imported blocks                            blockNumber=18972673 slot=8168234 blocks=18972672 txs=2219547637 mgas=170204193 bps=25.33 tps=3874 mgps=382.6 avgBps=67.59 avgTps=7907 avgMGps=606.4 elapsed=3d5h58m
Aug 09 19:02:17 nimbus-eth1-mainnet-long-benchmark[1140193]: INF 2026-08-09 19:02:17.502+00:00 Imported blocks                            blockNumber=18980865 slot=8176488 blocks=18980864 txs=2220963030 mgas=170328052 bps=29.59 tps=5112 mgps=447.4 avgBps=67.55 avgTps=7904 avgMGps=606.2 elapsed=3d6h2m
Aug 09 19:07:36 nimbus-eth1-mainnet-long-benchmark[1140193]: INF 2026-08-09 19:07:36.888+00:00 Imported blocks                            blockNumber=18989057 slot=8184767 blocks=18989056 txs=2222341145 mgas=170451721 bps=25.65 tps=4314 mgps=387.2 avgBps=67.51 avgTps=7900 avgMGps=606.0 elapsed=3d6h8m
Aug 09 19:12:54 nimbus-eth1-mainnet-long-benchmark[1140193]: INF 2026-08-09 19:12:54.323+00:00 Imported blocks                            blockNumber=18997249 slot=8193014 blocks=18997248 txs=2223726543 mgas=170575485 bps=25.81 tps=4364 mgps=389.9 avgBps=67.46 avgTps=7896 avgMGps=605.7 elapsed=3d6h13m
Aug 09 19:17:29 nimbus-eth1-mainnet-long-benchmark[1140193]: INF 2026-08-09 19:17:29.751+00:00 Imported blocks                            blockNumber=19005441 slot=8201259 blocks=19005440 txs=2225771358 mgas=170699310 bps=29.74 tps=7424 mgps=449.6 avgBps=67.42 avgTps=7896 avgMGps=605.6 elapsed=3d6h18m
Aug 09 19:22:33 nimbus-eth1-mainnet-long-benchmark[1140193]: INF 2026-08-09 19:22:33.770+00:00 Imported blocks                            blockNumber=19013633 slot=8209499 blocks=19013632 txs=2227225806 mgas=170822980 bps=26.95 tps=4784 mgps=406.8 avgBps=67.38 avgTps=7892 avgMGps=605.3 elapsed=3d6h23m
Aug 09 19:26:56 nimbus-eth1-mainnet-long-benchmark[1140193]: INF 2026-08-09 19:26:56.366+00:00 Imported blocks                            blockNumber=19021825 slot=8217728 blocks=19021824 txs=2228644711 mgas=170946634 bps=31.20 tps=5403 mgps=470.9 avgBps=67.35 avgTps=7890 avgMGps=605.2 elapsed=3d6h27m
Aug 09 19:31:28 nimbus-eth1-mainnet-long-benchmark[1140193]: INF 2026-08-09 19:31:28.033+00:00 Imported blocks                            blockNumber=19030017 slot=8225983 blocks=19030016 txs=2230012840 mgas=171070417 bps=30.15 tps=5036 mgps=455.6 avgBps=67.31 avgTps=7887 avgMGps=605.1 elapsed=3d6h32m
Aug 09 19:36:11 nimbus-eth1-mainnet-long-benchmark[1140193]: INF 2026-08-09 19:36:11.317+00:00 Imported blocks                            blockNumber=19038209 slot=8234228 blocks=19038208 txs=2231384179 mgas=171194081 bps=28.92 tps=4840 mgps=436.5 avgBps=67.27 avgTps=7884 avgMGps=604.9 elapsed=3d6h36m
Aug 09 19:41:16 nimbus-eth1-mainnet-long-benchmark[1140193]: INF 2026-08-09 19:41:16.828+00:00 Imported blocks                            blockNumber=19046401 slot=8242460 blocks=19046400 txs=2232689168 mgas=171317782 bps=26.81 tps=4271 mgps=404.9 avgBps=67.23 avgTps=7880 avgMGps=604.7 elapsed=3d6h41m
Aug 09 19:46:49 nimbus-eth1-mainnet-long-benchmark[1140193]: INF 2026-08-09 19:46:49.334+00:00 Imported blocks                            blockNumber=19054593 slot=8250694 blocks=19054592 txs=2233920522 mgas=171441549 bps=24.64 tps=3703 mgps=372.2 avgBps=67.18 avgTps=7875 avgMGps=604.4 elapsed=3d6h47m
Aug 09 19:52:44 nimbus-eth1-mainnet-long-benchmark[1140193]: INF 2026-08-09 19:52:44.088+00:00 Imported blocks                            blockNumber=19062785 slot=8259059 blocks=19062784 txs=2235196765 mgas=171565365 bps=23.09 tps=3597 mgps=349.0 avgBps=67.12 avgTps=7870 avgMGps=604.1 elapsed=3d6h53m
Aug 09 19:58:10 nimbus-eth1-mainnet-long-benchmark[1140193]: INF 2026-08-09 19:58:10.695+00:00 Imported blocks                            blockNumber=19070977 slot=8267362 blocks=19070976 txs=2236455881 mgas=171689192 bps=25.08 tps=3855 mgps=379.1 avgBps=67.07 avgTps=7865 avgMGps=603.8 elapsed=3d6h58m
Aug 09 20:03:36 nimbus-eth1-mainnet-long-benchmark[1140193]: INF 2026-08-09 20:03:36.666+00:00 Imported blocks                            blockNumber=19079169 slot=8275635 blocks=19079168 txs=2237700457 mgas=171812883 bps=25.13 tps=3818 mgps=379.5 avgBps=67.03 avgTps=7861 avgMGps=603.6 elapsed=3d7h4m
Aug 09 20:08:32 nimbus-eth1-mainnet-long-benchmark[1140193]: INF 2026-08-09 20:08:32.065+00:00 Imported blocks                            blockNumber=19087361 slot=8283896 blocks=19087360 txs=2239033895 mgas=171936716 bps=27.73 tps=4514 mgps=419.2 avgBps=66.99 avgTps=7857 avgMGps=603.4 elapsed=3d7h9m
Aug 09 20:13:44 nimbus-eth1-mainnet-long-benchmark[1140193]: INF 2026-08-09 20:13:44.228+00:00 Imported blocks                            blockNumber=19095553 slot=8292156 blocks=19095552 txs=2240373461 mgas=172060408 bps=26.24 tps=4291 mgps=396.2 avgBps=66.94 avgTps=7853 avgMGps=603.2 elapsed=3d7h14m
Aug 09 20:19:06 nimbus-eth1-mainnet-long-benchmark[1140193]: INF 2026-08-09 20:19:06.619+00:00 Imported blocks                            blockNumber=19103745 slot=8300438 blocks=19103744 txs=2241694560 mgas=172184257 bps=25.41 tps=4097 mgps=384.2 avgBps=66.89 avgTps=7849 avgMGps=602.9 elapsed=3d7h19m
Aug 09 20:24:48 nimbus-eth1-mainnet-long-benchmark[1140193]: INF 2026-08-09 20:24:48.789+00:00 Imported blocks                            blockNumber=19111937 slot=8308689 blocks=19111936 txs=2242955497 mgas=172308050 bps=23.94 tps=3685 mgps=361.8 avgBps=66.84 avgTps=7844 avgMGps=602.6 elapsed=3d7h25m
Aug 09 20:29:44 nimbus-eth1-mainnet-long-benchmark[1140193]: INF 2026-08-09 20:29:44.192+00:00 Imported blocks                            blockNumber=19120129 slot=8316948 blocks=19120128 txs=2244315348 mgas=172431865 bps=27.73 tps=4603 mgps=419.1 avgBps=66.80 avgTps=7841 avgMGps=602.4 elapsed=3d7h30m
Aug 09 20:34:35 nimbus-eth1-mainnet-long-benchmark[1140193]: INF 2026-08-09 20:34:35.296+00:00 Imported blocks                            blockNumber=19128321 slot=8325217 blocks=19128320 txs=2245630108 mgas=172555532 bps=28.14 tps=4516 mgps=424.8 avgBps=66.76 avgTps=7837 avgMGps=602.3 elapsed=3d7h35m
Aug 09 20:39:12 nimbus-eth1-mainnet-long-benchmark[1140193]: INF 2026-08-09 20:39:12.795+00:00 Imported blocks                            blockNumber=19136513 slot=8333493 blocks=19136512 txs=2246935356 mgas=172679479 bps=29.52 tps=4703 mgps=446.7 avgBps=66.73 avgTps=7834 avgMGps=602.1 elapsed=3d7h39m
Aug 09 20:44:08 nimbus-eth1-mainnet-long-benchmark[1140193]: INF 2026-08-09 20:44:08.050+00:00 Imported blocks                            blockNumber=19144705 slot=8341773 blocks=19144704 txs=2248201459 mgas=172803583 bps=27.75 tps=4288 mgps=420.3 avgBps=66.69 avgTps=7831 avgMGps=601.9 elapsed=3d7h44m
Aug 09 20:49:35 nimbus-eth1-mainnet-long-benchmark[1140193]: INF 2026-08-09 20:49:35.393+00:00 Imported blocks                            blockNumber=19152897 slot=8350064 blocks=19152896 txs=2249399552 mgas=172927701 bps=25.03 tps=3660 mgps=379.2 avgBps=66.64 avgTps=7826 avgMGps=601.7 elapsed=3d7h50m
Aug 09 20:54:55 nimbus-eth1-mainnet-long-benchmark[1140193]: INF 2026-08-09 20:54:55.540+00:00 Imported blocks                            blockNumber=19161089 slot=8358344 blocks=19161088 txs=2250630011 mgas=173051908 bps=25.59 tps=3843 mgps=388.0 avgBps=66.59 avgTps=7821 avgMGps=601.4 elapsed=3d7h55m
Aug 09 20:59:43 nimbus-eth1-mainnet-long-benchmark[1140193]: INF 2026-08-09 20:59:43.099+00:00 Imported blocks                            blockNumber=19169281 slot=8366622 blocks=19169280 txs=2251872448 mgas=173176031 bps=28.49 tps=4320 mgps=431.6 avgBps=66.56 avgTps=7818 avgMGps=601.3 elapsed=3d8h19s
Aug 09 21:04:07 nimbus-eth1-mainnet-long-benchmark[1140193]: INF 2026-08-09 21:04:07.027+00:00 Imported blocks                            blockNumber=19177473 slot=8374907 blocks=19177472 txs=2253213177 mgas=173300020 bps=31.04 tps=5079 mgps=469.8 avgBps=66.52 avgTps=7815 avgMGps=601.1 elapsed=3d8h4m
Aug 09 21:08:04 nimbus-eth1-mainnet-long-benchmark[1140193]: INF 2026-08-09 21:08:04.011+00:00 Imported blocks                            blockNumber=19185665 slot=8383182 blocks=19185664 txs=2254449937 mgas=173423990 bps=34.57 tps=5218 mgps=523.1 avgBps=66.50 avgTps=7813 avgMGps=601.1 elapsed=3d8h8m
Aug 09 21:11:40 nimbus-eth1-mainnet-long-benchmark[1140193]: INF 2026-08-09 21:11:40.960+00:00 Imported blocks                            blockNumber=19193857 slot=8391454 blocks=19193856 txs=2255672547 mgas=173547797 bps=37.76 tps=5635 mgps=570.7 avgBps=66.48 avgTps=7812 avgMGps=601.1 elapsed=3d8h12m
Aug 09 21:15:56 nimbus-eth1-mainnet-long-benchmark[1140193]: INF 2026-08-09 21:15:56.936+00:00 Imported blocks                            blockNumber=19202049 slot=8399735 blocks=19202048 txs=2256838202 mgas=173671929 bps=32.00 tps=4553 mgps=484.9 avgBps=66.44 avgTps=7809 avgMGps=601.0 elapsed=3d8h16m
Aug 09 21:20:47 nimbus-eth1-mainnet-long-benchmark[1140193]: INF 2026-08-09 21:20:47.519+00:00 Imported blocks                            blockNumber=19210241 slot=8408023 blocks=19210240 txs=2257979168 mgas=173796203 bps=28.19 tps=3926 mgps=427.7 avgBps=66.41 avgTps=7805 avgMGps=600.8 elapsed=3d8h21m
Aug 09 21:25:39 nimbus-eth1-mainnet-long-benchmark[1140193]: INF 2026-08-09 21:25:39.170+00:00 Imported blocks                            blockNumber=19218433 slot=8416275 blocks=19218432 txs=2259160264 mgas=173920498 bps=28.09 tps=4049 mgps=426.2 avgBps=66.37 avgTps=7801 avgMGps=600.6 elapsed=3d8h26m
Aug 09 21:30:18 nimbus-eth1-mainnet-long-benchmark[1140193]: INF 2026-08-09 21:30:18.566+00:00 Imported blocks                            blockNumber=19226625 slot=8424566 blocks=19226624 txs=2260457947 mgas=174044765 bps=29.32 tps=4644 mgps=444.8 avgBps=66.33 avgTps=7798 avgMGps=600.5 elapsed=3d8h30m
Aug 09 21:35:00 nimbus-eth1-mainnet-long-benchmark[1140193]: INF 2026-08-09 21:35:00.325+00:00 Imported blocks                            blockNumber=19234817 slot=8432837 blocks=19234816 txs=2261776970 mgas=174168860 bps=29.07 tps=4681 mgps=440.4 avgBps=66.30 avgTps=7795 avgMGps=600.3 elapsed=3d8h35m
Aug 09 21:39:29 nimbus-eth1-mainnet-long-benchmark[1140193]: INF 2026-08-09 21:39:29.333+00:00 Imported blocks                            blockNumber=19243009 slot=8441120 blocks=19243008 txs=2263137297 mgas=174292771 bps=30.45 tps=5056 mgps=460.6 avgBps=66.26 avgTps=7793 avgMGps=600.2 elapsed=3d8h40m
Aug 09 21:44:41 nimbus-eth1-mainnet-long-benchmark[1140193]: INF 2026-08-09 21:44:41.728+00:00 Imported blocks                            blockNumber=19251201 slot=8449406 blocks=19251200 txs=2264389316 mgas=174416888 bps=26.22 tps=4007 mgps=397.3 avgBps=66.22 avgTps=7788 avgMGps=600.0 elapsed=3d8h45m
Aug 09 21:49:43 nimbus-eth1-mainnet-long-benchmark[1140193]: INF 2026-08-09 21:49:43.411+00:00 Imported blocks                            blockNumber=19259393 slot=8457720 blocks=19259392 txs=2265649650 mgas=174541030 bps=27.15 tps=4177 mgps=411.5 avgBps=66.18 avgTps=7785 avgMGps=599.8 elapsed=3d8h50m
Aug 09 21:54:36 nimbus-eth1-mainnet-long-benchmark[1140193]: INF 2026-08-09 21:54:36.782+00:00 Imported blocks                            blockNumber=19267585 slot=8465991 blocks=19267584 txs=2266965693 mgas=174665084 bps=27.92 tps=4485 mgps=422.9 avgBps=66.14 avgTps=7781 avgMGps=599.6 elapsed=3d8h55m
Aug 09 21:59:19 nimbus-eth1-mainnet-long-benchmark[1140193]: INF 2026-08-09 21:59:19.413+00:00 Imported blocks                            blockNumber=19275777 slot=8474282 blocks=19275776 txs=2268274862 mgas=174789102 bps=28.98 tps=4632 mgps=438.8 avgBps=66.10 avgTps=7778 avgMGps=599.4 elapsed=3d8h59m
Aug 09 22:03:54 nimbus-eth1-mainnet-long-benchmark[1140193]: INF 2026-08-09 22:03:54.829+00:00 Imported blocks                            blockNumber=19283969 slot=8482572 blocks=19283968 txs=2269550703 mgas=174913172 bps=29.74 tps=4632 mgps=450.5 avgBps=66.07 avgTps=7775 avgMGps=599.3 elapsed=3d9h4m
Aug 09 22:08:13 nimbus-eth1-mainnet-long-benchmark[1140193]: INF 2026-08-09 22:08:13.549+00:00 Imported blocks                            blockNumber=19292161 slot=8490824 blocks=19292160 txs=2270856276 mgas=175037241 bps=31.66 tps=5046 mgps=479.5 avgBps=66.04 avgTps=7773 avgMGps=599.2 elapsed=3d9h8m
Aug 09 22:13:26 nimbus-eth1-mainnet-long-benchmark[1140193]: INF 2026-08-09 22:13:26.252+00:00 Imported blocks                            blockNumber=19300353 slot=8499067 blocks=19300352 txs=2272112489 mgas=175161469 bps=26.20 tps=4017 mgps=397.3 avgBps=66.00 avgTps=7769 avgMGps=599.0 elapsed=3d9h14m
Aug 09 22:18:50 nimbus-eth1-mainnet-long-benchmark[1140193]: INF 2026-08-09 22:18:50.150+00:00 Imported blocks                            blockNumber=19308545 slot=8507317 blocks=19308544 txs=2273375716 mgas=175285724 bps=25.29 tps=3900 mgps=383.6 avgBps=65.95 avgTps=7765 avgMGps=598.7 elapsed=3d9h19m
Aug 09 22:23:44 nimbus-eth1-mainnet-long-benchmark[1140193]: INF 2026-08-09 22:23:44.386+00:00 Imported blocks                            blockNumber=19316737 slot=8515576 blocks=19316736 txs=2274748388 mgas=175409863 bps=27.84 tps=4665 mgps=421.9 avgBps=65.91 avgTps=7762 avgMGps=598.5 elapsed=3d9h24m
Aug 09 22:28:31 nimbus-eth1-mainnet-long-benchmark[1140193]: INF 2026-08-09 22:28:31.705+00:00 Imported blocks                            blockNumber=19324929 slot=8523827 blocks=19324928 txs=2276131833 mgas=175534094 bps=28.51 tps=4815 mgps=432.4 avgBps=65.88 avgTps=7759 avgMGps=598.4 elapsed=3d9h29m
Aug 09 22:33:17 nimbus-eth1-mainnet-long-benchmark[1140193]: INF 2026-08-09 22:33:17.236+00:00 Imported blocks                            blockNumber=19333121 slot=8532090 blocks=19333120 txs=2277560132 mgas=175658166 bps=28.69 tps=5002 mgps=434.5 avgBps=65.84 avgTps=7756 avgMGps=598.2 elapsed=3d9h33m
Aug 09 22:37:50 nimbus-eth1-mainnet-long-benchmark[1140193]: INF 2026-08-09 22:37:50.632+00:00 Imported blocks                            blockNumber=19341313 slot=8540334 blocks=19341312 txs=2278938368 mgas=175782397 bps=29.96 tps=5041 mgps=454.4 avgBps=65.81 avgTps=7753 avgMGps=598.1 elapsed=3d9h38m
Aug 09 22:42:24 nimbus-eth1-mainnet-long-benchmark[1140193]: INF 2026-08-09 22:42:24.768+00:00 Imported blocks                            blockNumber=19349505 slot=8548571 blocks=19349504 txs=2280341697 mgas=175906670 bps=29.88 tps=5119 mgps=453.3 avgBps=65.77 avgTps=7751 avgMGps=598.0 elapsed=3d9h43m
Aug 09 22:47:17 nimbus-eth1-mainnet-long-benchmark[1140193]: INF 2026-08-09 22:47:17.027+00:00 Imported blocks                            blockNumber=19357697 slot=8556815 blocks=19357696 txs=2281702043 mgas=176031059 bps=28.03 tps=4654 mgps=425.6 avgBps=65.74 avgTps=7748 avgMGps=597.8 elapsed=3d9h47m
Aug 09 22:51:37 nimbus-eth1-mainnet-long-benchmark[1140193]: INF 2026-08-09 22:51:37.083+00:00 Imported blocks                            blockNumber=19365889 slot=8565049 blocks=19365888 txs=2283153581 mgas=176155271 bps=31.50 tps=5581 mgps=477.6 avgBps=65.71 avgTps=7746 avgMGps=597.7 elapsed=3d9h52m
Aug 09 22:55:55 nimbus-eth1-mainnet-long-benchmark[1140193]: INF 2026-08-09 22:55:55.514+00:00 Imported blocks                            blockNumber=19374081 slot=8573279 blocks=19374080 txs=2284609889 mgas=176279459 bps=31.70 tps=5635 mgps=480.5 avgBps=65.68 avgTps=7744 avgMGps=597.6 elapsed=3d9h56m
Aug 09 23:00:10 nimbus-eth1-mainnet-long-benchmark[1140193]: INF 2026-08-09 23:00:10.182+00:00 Imported blocks                            blockNumber=19382273 slot=8581515 blocks=19382272 txs=2286000293 mgas=176403461 bps=32.17 tps=5459 mgps=486.9 avgBps=65.65 avgTps=7742 avgMGps=597.5 elapsed=3d10h46s
Aug 09 23:04:31 nimbus-eth1-mainnet-long-benchmark[1140193]: INF 2026-08-09 23:04:31.346+00:00 Imported blocks                            blockNumber=19390465 slot=8589756 blocks=19390464 txs=2287406625 mgas=176527644 bps=31.37 tps=5384 mgps=475.5 avgBps=65.62 avgTps=7740 avgMGps=597.4 elapsed=3d10h5m
Aug 09 23:09:01 nimbus-eth1-mainnet-long-benchmark[1140193]: INF 2026-08-09 23:09:01.226+00:00 Imported blocks                            blockNumber=19398657 slot=8598061 blocks=19398656 txs=2288782968 mgas=176651943 bps=30.35 tps=5099 mgps=460.6 avgBps=65.59 avgTps=7738 avgMGps=597.2 elapsed=3d10h9m
Aug 09 23:13:35 nimbus-eth1-mainnet-long-benchmark[1140193]: INF 2026-08-09 23:13:35.677+00:00 Imported blocks                            blockNumber=19406849 slot=8606304 blocks=19406848 txs=2290106221 mgas=176776146 bps=29.85 tps=4821 mgps=452.5 avgBps=65.55 avgTps=7735 avgMGps=597.1 elapsed=3d10h14m
Aug 09 23:17:59 nimbus-eth1-mainnet-long-benchmark[1140193]: INF 2026-08-09 23:17:59.137+00:00 Imported blocks                            blockNumber=19415041 slot=8614553 blocks=19415040 txs=2291516046 mgas=176900331 bps=31.09 tps=5351 mgps=471.4 avgBps=65.52 avgTps=7733 avgMGps=597.0 elapsed=3d10h18m
Aug 09 23:22:22 nimbus-eth1-mainnet-long-benchmark[1140193]: INF 2026-08-09 23:22:22.021+00:00 Imported blocks                            blockNumber=19423233 slot=8622797 blocks=19423232 txs=2292923058 mgas=177024522 bps=31.16 tps=5352 mgps=472.4 avgBps=65.49 avgTps=7731 avgMGps=596.9 elapsed=3d10h22m
Aug 09 23:27:00 nimbus-eth1-mainnet-long-benchmark[1140193]: INF 2026-08-09 23:27:00.324+00:00 Imported blocks                            blockNumber=19431425 slot=8631094 blocks=19431424 txs=2294402074 mgas=177148966 bps=29.44 tps=5314 mgps=447.2 avgBps=65.46 avgTps=7728 avgMGps=596.7 elapsed=3d10h27m
Aug 09 23:31:53 nimbus-eth1-mainnet-long-benchmark[1140193]: INF 2026-08-09 23:31:53.948+00:00 Imported blocks                            blockNumber=19439617 slot=8639405 blocks=19439616 txs=2295896268 mgas=177273565 bps=27.90 tps=5088 mgps=424.3 avgBps=65.42 avgTps=7726 avgMGps=596.6 elapsed=3d10h32m
Aug 09 23:37:06 nimbus-eth1-mainnet-long-benchmark[1140193]: INF 2026-08-09 23:37:06.251+00:00 Imported blocks                            blockNumber=19447809 slot=8647696 blocks=19447808 txs=2297421957 mgas=177398219 bps=26.23 tps=4885 mgps=399.1 avgBps=65.38 avgTps=7723 avgMGps=596.4 elapsed=3d10h37m
Aug 09 23:42:37 nimbus-eth1-mainnet-long-benchmark[1140193]: INF 2026-08-09 23:42:37.069+00:00 Imported blocks                            blockNumber=19456001 slot=8655991 blocks=19456000 txs=2298822192 mgas=177522966 bps=24.76 tps=4232 mgps=377.1 avgBps=65.33 avgTps=7719 avgMGps=596.1 elapsed=3d10h43m
Aug 09 23:47:51 nimbus-eth1-mainnet-long-benchmark[1140193]: INF 2026-08-09 23:47:51.312+00:00 Imported blocks                            blockNumber=19464193 slot=8664284 blocks=19464192 txs=2300285265 mgas=177647675 bps=26.07 tps=4655 mgps=396.9 avgBps=65.29 avgTps=7716 avgMGps=595.9 elapsed=3d10h48m
Aug 09 23:52:30 nimbus-eth1-mainnet-long-benchmark[1140193]: INF 2026-08-09 23:52:30.192+00:00 Imported blocks                            blockNumber=19472385 slot=8672573 blocks=19472384 txs=2301852852 mgas=177772168 bps=29.37 tps=5620 mgps=446.4 avgBps=65.26 avgTps=7714 avgMGps=595.8 elapsed=3d10h53m
Aug 09 23:57:17 nimbus-eth1-mainnet-long-benchmark[1140193]: INF 2026-08-09 23:57:17.143+00:00 Imported blocks                            blockNumber=19480577 slot=8680848 blocks=19480576 txs=2303422834 mgas=177896844 bps=28.55 tps=5471 mgps=434.5 avgBps=65.22 avgTps=7712 avgMGps=595.6 elapsed=3d10h57m
Aug 10 00:02:14 nimbus-eth1-mainnet-long-benchmark[1140193]: INF 2026-08-10 00:02:14.726+00:00 Imported blocks                            blockNumber=19488769 slot=8689133 blocks=19488768 txs=2304942144 mgas=178021486 bps=27.53 tps=5105 mgps=418.9 avgBps=65.19 avgTps=7709 avgMGps=595.4 elapsed=3d11h2m
Aug 10 00:07:17 nimbus-eth1-mainnet-long-benchmark[1140193]: INF 2026-08-10 00:07:17.633+00:00 Imported blocks                            blockNumber=19496961 slot=8697400 blocks=19496960 txs=2306475097 mgas=178146049 bps=27.04 tps=5060 mgps=411.2 avgBps=65.15 avgTps=7706 avgMGps=595.3 elapsed=3d11h7m
Aug 10 00:12:42 nimbus-eth1-mainnet-long-benchmark[1140193]: INF 2026-08-10 00:12:42.556+00:00 Imported blocks                            blockNumber=19505153 slot=8705700 blocks=19505152 txs=2307916650 mgas=178270755 bps=25.21 tps=4436 mgps=383.8 avgBps=65.10 avgTps=7703 avgMGps=595.0 elapsed=3d11h13m
Aug 10 00:17:49 nimbus-eth1-mainnet-long-benchmark[1140193]: INF 2026-08-10 00:17:49.055+00:00 Imported blocks                            blockNumber=19513345 slot=8714026 blocks=19513344 txs=2309348126 mgas=178395334 bps=26.73 tps=4670 mgps=406.5 avgBps=65.07 avgTps=7700 avgMGps=594.8 elapsed=3d11h18m
Aug 10 00:22:58 nimbus-eth1-mainnet-long-benchmark[1140193]: INF 2026-08-10 00:22:58.286+00:00 Imported blocks                            blockNumber=19521537 slot=8722316 blocks=19521536 txs=2310882729 mgas=178519653 bps=26.49 tps=4962 mgps=402.0 avgBps=65.03 avgTps=7697 avgMGps=594.6 elapsed=3d11h23m
Aug 10 00:27:56 nimbus-eth1-mainnet-long-benchmark[1140193]: INF 2026-08-10 00:27:56.717+00:00 Imported blocks                            blockNumber=19529729 slot=8730829 blocks=19529728 txs=2312387407 mgas=178643991 bps=27.45 tps=5041 mgps=416.6 avgBps=64.99 avgTps=7694 avgMGps=594.5 elapsed=3d11h28m
Aug 10 00:32:47 nimbus-eth1-mainnet-long-benchmark[1140193]: INF 2026-08-10 00:32:47.113+00:00 Imported blocks                            blockNumber=19537921 slot=8739185 blocks=19537920 txs=2313883498 mgas=178768372 bps=28.21 tps=5151 mgps=428.3 avgBps=64.95 avgTps=7692 avgMGps=594.3 elapsed=3d11h33m
Aug 10 00:37:42 nimbus-eth1-mainnet-long-benchmark[1140193]: INF 2026-08-10 00:37:42.024+00:00 Imported blocks                            blockNumber=19546113 slot=8747474 blocks=19546112 txs=2315355438 mgas=178892776 bps=27.78 tps=4991 mgps=421.8 avgBps=64.92 avgTps=7689 avgMGps=594.1 elapsed=3d11h38m
Aug 10 00:42:54 nimbus-eth1-mainnet-long-benchmark[1140193]: INF 2026-08-10 00:42:54.907+00:00 Imported blocks                            blockNumber=19554305 slot=8755777 blocks=19554304 txs=2316776897 mgas=179017187 bps=26.18 tps=4543 mgps=397.6 avgBps=64.88 avgTps=7686 avgMGps=593.9 elapsed=3d11h43m
Aug 10 00:47:54 nimbus-eth1-mainnet-long-benchmark[1140193]: INF 2026-08-10 00:47:54.578+00:00 Imported blocks                            blockNumber=19562497 slot=8764071 blocks=19562496 txs=2318226452 mgas=179141573 bps=27.34 tps=4837 mgps=415.1 avgBps=64.84 avgTps=7683 avgMGps=593.8 elapsed=3d11h48m
Aug 10 00:52:26 nimbus-eth1-mainnet-long-benchmark[1140193]: INF 2026-08-10 00:52:26.762+00:00 Imported blocks                            blockNumber=19570689 slot=8772348 blocks=19570688 txs=2319662627 mgas=179265855 bps=30.10 tps=5276 mgps=456.6 avgBps=64.81 avgTps=7681 avgMGps=593.6 elapsed=3d11h53m
Aug 10 00:56:57 nimbus-eth1-mainnet-long-benchmark[1140193]: INF 2026-08-10 00:56:57.789+00:00 Imported blocks                            blockNumber=19578881 slot=8780597 blocks=19578880 txs=2321047101 mgas=179389975 bps=30.23 tps=5108 mgps=458.0 avgBps=64.78 avgTps=7679 avgMGps=593.5 elapsed=3d11h57m
Aug 10 01:01:32 nimbus-eth1-mainnet-long-benchmark[1140193]: INF 2026-08-10 01:01:32.925+00:00 Imported blocks                            blockNumber=19587073 slot=8788850 blocks=19587072 txs=2322470845 mgas=179514208 bps=29.77 tps=5174 mgps=451.5 avgBps=64.74 avgTps=7676 avgMGps=593.4 elapsed=3d12h2m
Aug 10 01:06:20 nimbus-eth1-mainnet-long-benchmark[1140193]: INF 2026-08-10 01:06:20.300+00:00 Imported blocks                            blockNumber=19595265 slot=8797112 blocks=19595264 txs=2323882375 mgas=179638494 bps=28.51 tps=4911 mgps=432.5 avgBps=64.71 avgTps=7674 avgMGps=593.2 elapsed=3d12h6m
Aug 10 01:11:35 nimbus-eth1-mainnet-long-benchmark[1140193]: INF 2026-08-10 01:11:35.847+00:00 Imported blocks                            blockNumber=19603457 slot=8805376 blocks=19603456 txs=2325244495 mgas=179762976 bps=25.96 tps=4316 mgps=394.5 avgBps=64.67 avgTps=7670 avgMGps=593.0 elapsed=3d12h12m
Aug 10 01:16:31 nimbus-eth1-mainnet-long-benchmark[1140193]: INF 2026-08-10 01:16:31.250+00:00 Imported blocks                            blockNumber=19611649 slot=8813644 blocks=19611648 txs=2326611082 mgas=179887373 bps=27.73 tps=4626 mgps=421.1 avgBps=64.63 avgTps=7667 avgMGps=592.9 elapsed=3d12h17m
Aug 10 01:20:48 nimbus-eth1-mainnet-long-benchmark[1140193]: INF 2026-08-10 01:20:48.842+00:00 Imported blocks                            blockNumber=19619841 slot=8821912 blocks=19619840 txs=2328042386 mgas=180011676 bps=31.80 tps=5556 mgps=482.6 avgBps=64.61 avgTps=7665 avgMGps=592.8 elapsed=3d12h21m
Aug 10 01:25:32 nimbus-eth1-mainnet-long-benchmark[1140193]: INF 2026-08-10 01:25:32.882+00:00 Imported blocks                            blockNumber=19628033 slot=8830158 blocks=19628032 txs=2329425223 mgas=180135955 bps=28.84 tps=4868 mgps=437.5 avgBps=64.57 avgTps=7663 avgMGps=592.6 elapsed=3d12h26m
Aug 10 01:30:20 nimbus-eth1-mainnet-long-benchmark[1140193]: INF 2026-08-10 01:30:20.261+00:00 Imported blocks                            blockNumber=19636225 slot=8838416 blocks=19636224 txs=2330811540 mgas=180260222 bps=28.51 tps=4823 mgps=432.4 avgBps=64.54 avgTps=7660 avgMGps=592.5 elapsed=3d12h30m
Aug 10 01:35:03 nimbus-eth1-mainnet-long-benchmark[1140193]: INF 2026-08-10 01:35:03.700+00:00 Imported blocks                            blockNumber=19644417 slot=8846685 blocks=19644416 txs=2332289472 mgas=180384506 bps=28.90 tps=5214 mgps=438.5 avgBps=64.51 avgTps=7658 avgMGps=592.3 elapsed=3d12h35m
Aug 10 01:39:52 nimbus-eth1-mainnet-long-benchmark[1140193]: INF 2026-08-10 01:39:52.864+00:00 Imported blocks                            blockNumber=19652609 slot=8854969 blocks=19652608 txs=2333616622 mgas=180509018 bps=28.33 tps=4589 mgps=430.6 avgBps=64.47 avgTps=7655 avgMGps=592.2 elapsed=3d12h40m
Aug 10 01:45:03 nimbus-eth1-mainnet-long-benchmark[1140193]: INF 2026-08-10 01:45:03.819+00:00 Imported blocks                            blockNumber=19660801 slot=8863231 blocks=19660800 txs=2334949743 mgas=180633638 bps=26.34 tps=4287 mgps=400.8 avgBps=64.43 avgTps=7652 avgMGps=592.0 elapsed=3d12h45m
Aug 10 01:49:58 nimbus-eth1-mainnet-long-benchmark[1140193]: INF 2026-08-10 01:49:58.662+00:00 Imported blocks                            blockNumber=19668993 slot=8871496 blocks=19668992 txs=2336311442 mgas=180758096 bps=27.78 tps=4618 mgps=422.1 avgBps=64.40 avgTps=7649 avgMGps=591.8 elapsed=3d12h50m
Aug 10 01:54:29 nimbus-eth1-mainnet-long-benchmark[1140193]: INF 2026-08-10 01:54:29.538+00:00 Imported blocks                            blockNumber=19677185 slot=8879742 blocks=19677184 txs=2337713842 mgas=180882816 bps=30.24 tps=5177 mgps=460.4 avgBps=64.37 avgTps=7646 avgMGps=591.7 elapsed=3d12h55m
Aug 10 01:59:14 nimbus-eth1-mainnet-long-benchmark[1140193]: INF 2026-08-10 01:59:14.817+00:00 Imported blocks                            blockNumber=19685377 slot=8887996 blocks=19685376 txs=2339140263 mgas=181007201 bps=28.72 tps=5000 mgps=436.0 avgBps=64.33 avgTps=7644 avgMGps=591.5 elapsed=3d12h59m
Aug 10 02:04:00 nimbus-eth1-mainnet-long-benchmark[1140193]: INF 2026-08-10 02:04:00.348+00:00 Imported blocks                            blockNumber=19693569 slot=8896260 blocks=19693568 txs=2340489748 mgas=181131727 bps=28.69 tps=4726 mgps=436.1 avgBps=64.30 avgTps=7641 avgMGps=591.4 elapsed=3d13h4m
Aug 10 02:09:12 nimbus-eth1-mainnet-long-benchmark[1140193]: INF 2026-08-10 02:09:12.703+00:00 Imported blocks                            blockNumber=19701761 slot=8904509 blocks=19701760 txs=2341790546 mgas=181256410 bps=26.23 tps=4164 mgps=399.2 avgBps=64.26 avgTps=7638 avgMGps=591.2 elapsed=3d13h9m
Aug 10 02:14:09 nimbus-eth1-mainnet-long-benchmark[1140193]: INF 2026-08-10 02:14:09.123+00:00 Imported blocks                            blockNumber=19709953 slot=8912750 blocks=19709952 txs=2343103030 mgas=181380933 bps=27.64 tps=4427 mgps=420.1 avgBps=64.23 avgTps=7635 avgMGps=591.0 elapsed=3d13h14m
Aug 10 02:18:47 nimbus-eth1-mainnet-long-benchmark[1140193]: INF 2026-08-10 02:18:47.950+00:00 Imported blocks                            blockNumber=19718145 slot=8920990 blocks=19718144 txs=2344470310 mgas=181505168 bps=29.38 tps=4903 mgps=445.6 avgBps=64.19 avgTps=7632 avgMGps=590.9 elapsed=3d13h19m
Aug 10 02:23:14 nimbus-eth1-mainnet-long-benchmark[1140193]: INF 2026-08-10 02:23:14.846+00:00 Imported blocks                            blockNumber=19726337 slot=8929255 blocks=19726336 txs=2345837875 mgas=181629411 bps=30.69 tps=5123 mgps=465.5 avgBps=64.17 avgTps=7630 avgMGps=590.8 elapsed=3d13h23m
Aug 10 02:27:45 nimbus-eth1-mainnet-long-benchmark[1140193]: INF 2026-08-10 02:27:45.177+00:00 Imported blocks                            blockNumber=19734529 slot=8937499 blocks=19734528 txs=2347198405 mgas=181753610 bps=30.30 tps=5032 mgps=459.4 avgBps=64.14 avgTps=7628 avgMGps=590.7 elapsed=3d13h28m
Aug 10 02:32:44 nimbus-eth1-mainnet-long-benchmark[1140193]: INF 2026-08-10 02:32:44.081+00:00 Imported blocks                            blockNumber=19742721 slot=8945763 blocks=19742720 txs=2348554389 mgas=181878150 bps=27.41 tps=4536 mgps=416.7 avgBps=64.10 avgTps=7625 avgMGps=590.5 elapsed=3d13h33m
Aug 10 02:37:45 nimbus-eth1-mainnet-long-benchmark[1140193]: INF 2026-08-10 02:37:45.980+00:00 Imported blocks                            blockNumber=19750913 slot=8954019 blocks=19750912 txs=2349807259 mgas=182002972 bps=27.13 tps=4149 mgps=413.5 avgBps=64.06 avgTps=7621 avgMGps=590.3 elapsed=3d13h38m
Aug 10 02:42:43 nimbus-eth1-mainnet-long-benchmark[1140193]: INF 2026-08-10 02:42:43.555+00:00 Imported blocks                            blockNumber=19759105 slot=8962263 blocks=19759104 txs=2351124405 mgas=182127552 bps=27.53 tps=4426 mgps=418.7 avgBps=64.03 avgTps=7618 avgMGps=590.2 elapsed=3d13h43m
Aug 10 02:47:20 nimbus-eth1-mainnet-long-benchmark[1140193]: INF 2026-08-10 02:47:20.515+00:00 Imported blocks                            blockNumber=19767297 slot=8970503 blocks=19767296 txs=2352550115 mgas=182251871 bps=29.58 tps=5147 mgps=448.9 avgBps=64.00 avgTps=7616 avgMGps=590.0 elapsed=3d13h47m
Aug 10 02:51:54 nimbus-eth1-mainnet-long-benchmark[1140193]: INF 2026-08-10 02:51:54.774+00:00 Imported blocks                            blockNumber=19775489 slot=8978751 blocks=19775488 txs=2353977058 mgas=182376278 bps=29.87 tps=5202 mgps=453.6 avgBps=63.97 avgTps=7614 avgMGps=589.9 elapsed=3d13h52m
Aug 10 02:56:37 nimbus-eth1-mainnet-long-benchmark[1140193]: INF 2026-08-10 02:56:37.342+00:00 Imported blocks                            blockNumber=19783681 slot=8986991 blocks=19783680 txs=2355385154 mgas=182500765 bps=28.99 tps=4983 mgps=440.6 avgBps=63.94 avgTps=7611 avgMGps=589.8 elapsed=3d13h57m
Aug 10 03:01:35 nimbus-eth1-mainnet-long-benchmark[1140193]: INF 2026-08-10 03:01:35.177+00:00 Imported blocks                            blockNumber=19791873 slot=8995239 blocks=19791872 txs=2356761108 mgas=182624987 bps=27.51 tps=4619 mgps=417.1 avgBps=63.90 avgTps=7609 avgMGps=589.6 elapsed=3d14h2m
Aug 10 03:06:44 nimbus-eth1-mainnet-long-benchmark[1140193]: INF 2026-08-10 03:06:44.384+00:00 Imported blocks                            blockNumber=19800065 slot=9003484 blocks=19800064 txs=2358089557 mgas=182749443 bps=26.49 tps=4296 mgps=402.5 avgBps=63.86 avgTps=7605 avgMGps=589.4 elapsed=3d14h7m
Aug 10 03:11:29 nimbus-eth1-mainnet-long-benchmark[1140193]: INF 2026-08-10 03:11:29.115+00:00 Imported blocks                            blockNumber=19808257 slot=9011734 blocks=19808256 txs=2359398525 mgas=182873980 bps=28.77 tps=4597 mgps=437.4 avgBps=63.83 avgTps=7602 avgMGps=589.3 elapsed=3d14h12m
Aug 10 03:16:19 nimbus-eth1-mainnet-long-benchmark[1140193]: INF 2026-08-10 03:16:19.682+00:00 Imported blocks                            blockNumber=19816449 slot=9019990 blocks=19816448 txs=2360759798 mgas=182998432 bps=28.19 tps=4684 mgps=428.3 avgBps=63.80 avgTps=7600 avgMGps=589.1 elapsed=3d14h16m
Aug 10 03:21:15 nimbus-eth1-mainnet-long-benchmark[1140193]: INF 2026-08-10 03:21:15.054+00:00 Imported blocks                            blockNumber=19824641 slot=9028233 blocks=19824640 txs=2362146598 mgas=183122874 bps=27.73 tps=4695 mgps=421.3 avgBps=63.76 avgTps=7597 avgMGps=589.0 elapsed=3d14h21m
Aug 10 03:26:09 nimbus-eth1-mainnet-long-benchmark[1140193]: INF 2026-08-10 03:26:09.753+00:00 Imported blocks                            blockNumber=19832833 slot=9036486 blocks=19832832 txs=2363458231 mgas=183247346 bps=27.80 tps=4450 mgps=422.4 avgBps=63.73 avgTps=7594 avgMGps=588.8 elapsed=3d14h26m
Aug 10 03:31:26 nimbus-eth1-mainnet-long-benchmark[1140193]: INF 2026-08-10 03:31:26.276+00:00 Imported blocks                            blockNumber=19841025 slot=9044737 blocks=19841024 txs=2364779894 mgas=183372069 bps=25.88 tps=4175 mgps=394.0 avgBps=63.69 avgTps=7591 avgMGps=588.6 elapsed=3d14h32m
Aug 10 03:36:00 nimbus-eth1-mainnet-long-benchmark[1140193]: INF 2026-08-10 03:36:00.279+00:00 Imported blocks                            blockNumber=19849217 slot=9052980 blocks=19849216 txs=2366076481 mgas=183496270 bps=29.90 tps=4731 mgps=453.3 avgBps=63.66 avgTps=7588 avgMGps=588.5 elapsed=3d14h36m
Aug 10 03:40:54 nimbus-eth1-mainnet-long-benchmark[1140193]: INF 2026-08-10 03:40:54.171+00:00 Imported blocks                            blockNumber=19857409 slot=9061230 blocks=19857408 txs=2367288171 mgas=183621087 bps=27.87 tps=4122 mgps=424.7 avgBps=63.63 avgTps=7585 avgMGps=588.4 elapsed=3d14h41m
Aug 10 03:45:36 nimbus-eth1-mainnet-long-benchmark[1140193]: INF 2026-08-10 03:45:36.410+00:00 Imported blocks                            blockNumber=19865601 slot=9069473 blocks=19865600 txs=2368629215 mgas=183745503 bps=29.03 tps=4751 mgps=440.8 avgBps=63.60 avgTps=7582 avgMGps=588.2 elapsed=3d14h46m
Aug 10 03:50:29 nimbus-eth1-mainnet-long-benchmark[1140193]: INF 2026-08-10 03:50:29.665+00:00 Imported blocks                            blockNumber=19873793 slot=9077747 blocks=19873792 txs=2369993274 mgas=183869981 bps=27.93 tps=4651 mgps=424.5 avgBps=63.56 avgTps=7579 avgMGps=588.1 elapsed=3d14h51m
Aug 10 03:55:11 nimbus-eth1-mainnet-long-benchmark[1140193]: INF 2026-08-10 03:55:11.561+00:00 Imported blocks                            blockNumber=19881985 slot=9085984 blocks=19881984 txs=2371363663 mgas=183994271 bps=29.06 tps=4861 mgps=440.9 avgBps=63.53 avgTps=7577 avgMGps=587.9 elapsed=3d14h55m
Aug 10 04:00:00 nimbus-eth1-mainnet-long-benchmark[1140193]: INF 2026-08-10 04:00:00.596+00:00 Imported blocks                            blockNumber=19890177 slot=9094228 blocks=19890176 txs=2372679389 mgas=184118698 bps=28.34 tps=4552 mgps=430.5 avgBps=63.50 avgTps=7574 avgMGps=587.8 elapsed=3d15h36s
Aug 10 04:05:06 nimbus-eth1-mainnet-long-benchmark[1140193]: INF 2026-08-10 04:05:06.251+00:00 Imported blocks                            blockNumber=19898369 slot=9102490 blocks=19898368 txs=2373929590 mgas=184243201 bps=26.80 tps=4090 mgps=407.3 avgBps=63.46 avgTps=7571 avgMGps=587.6 elapsed=3d15h5m
Aug 10 04:09:56 nimbus-eth1-mainnet-long-benchmark[1140193]: INF 2026-08-10 04:09:56.535+00:00 Imported blocks                            blockNumber=19906561 slot=9110734 blocks=19906560 txs=2375155868 mgas=184367996 bps=28.22 tps=4224 mgps=429.9 avgBps=63.43 avgTps=7568 avgMGps=587.5 elapsed=3d15h10m
Aug 10 04:14:38 nimbus-eth1-mainnet-long-benchmark[1140193]: INF 2026-08-10 04:14:38.910+00:00 Imported blocks                            blockNumber=19914753 slot=9118990 blocks=19914752 txs=2376417889 mgas=184492638 bps=29.01 tps=4469 mgps=441.4 avgBps=63.40 avgTps=7565 avgMGps=587.3 elapsed=3d15h15m
Aug 10 04:19:15 nimbus-eth1-mainnet-long-benchmark[1140193]: INF 2026-08-10 04:19:15.706+00:00 Imported blocks                            blockNumber=19922945 slot=9127236 blocks=19922944 txs=2377790989 mgas=184616708 bps=29.60 tps=4960 mgps=448.2 avgBps=63.37 avgTps=7563 avgMGps=587.2 elapsed=3d15h19m
Aug 10 04:23:58 nimbus-eth1-mainnet-long-benchmark[1140193]: INF 2026-08-10 04:23:58.441+00:00 Imported blocks                            blockNumber=19931137 slot=9135486 blocks=19931136 txs=2379134020 mgas=184740937 bps=28.97 tps=4750 mgps=439.4 avgBps=63.34 avgTps=7560 avgMGps=587.1 elapsed=3d15h24m
Aug 10 04:28:36 nimbus-eth1-mainnet-long-benchmark[1140193]: INF 2026-08-10 04:28:36.797+00:00 Imported blocks                            blockNumber=19939329 slot=9143725 blocks=19939328 txs=2380463369 mgas=184865142 bps=29.43 tps=4775 mgps=446.2 avgBps=63.31 avgTps=7558 avgMGps=587.0 elapsed=3d15h29m
Aug 10 04:33:37 nimbus-eth1-mainnet-long-benchmark[1140193]: INF 2026-08-10 04:33:37.716+00:00 Imported blocks                            blockNumber=19947521 slot=9151974 blocks=19947520 txs=2381796452 mgas=184989535 bps=27.22 tps=4430 mgps=413.4 avgBps=63.27 avgTps=7555 avgMGps=586.8 elapsed=3d15h34m
Aug 10 04:38:35 nimbus-eth1-mainnet-long-benchmark[1140193]: INF 2026-08-10 04:38:35.139+00:00 Imported blocks                            blockNumber=19955713 slot=9160210 blocks=19955712 txs=2383111394 mgas=185113958 bps=27.54 tps=4421 mgps=418.3 avgBps=63.24 avgTps=7552 avgMGps=586.6 elapsed=3d15h39m
Aug 10 04:43:04 nimbus-eth1-mainnet-long-benchmark[1140193]: INF 2026-08-10 04:43:04.471+00:00 Imported blocks                            blockNumber=19963905 slot=9168454 blocks=19963904 txs=2384444413 mgas=185238304 bps=30.42 tps=4949 mgps=461.7 avgBps=63.21 avgTps=7549 avgMGps=586.5 elapsed=3d15h43m
Aug 10 04:47:43 nimbus-eth1-mainnet-long-benchmark[1140193]: INF 2026-08-10 04:47:43.686+00:00 Imported blocks                            blockNumber=19972097 slot=9176695 blocks=19972096 txs=2385701765 mgas=185362537 bps=29.34 tps=4503 mgps=444.9 avgBps=63.18 avgTps=7547 avgMGps=586.4 elapsed=3d15h48m
Aug 10 04:52:14 nimbus-eth1-mainnet-long-benchmark[1140193]: INF 2026-08-10 04:52:14.802+00:00 Imported blocks                            blockNumber=19980289 slot=9184953 blocks=19980288 txs=2387025333 mgas=185486631 bps=30.22 tps=4881 mgps=457.7 avgBps=63.15 avgTps=7545 avgMGps=586.3 elapsed=3d15h52m
Aug 10 04:56:41 nimbus-eth1-mainnet-long-benchmark[1140193]: INF 2026-08-10 04:56:41.373+00:00 Imported blocks                            blockNumber=19988481 slot=9193196 blocks=19988480 txs=2388352084 mgas=185610795 bps=30.73 tps=4977 mgps=465.8 avgBps=63.13 avgTps=7542 avgMGps=586.2 elapsed=3d15h57m
Aug 10 05:01:25 nimbus-eth1-mainnet-long-benchmark[1140193]: INF 2026-08-10 05:01:25.069+00:00 Imported blocks                            blockNumber=19996673 slot=9201443 blocks=19996672 txs=2389688336 mgas=185734792 bps=28.88 tps=4710 mgps=437.1 avgBps=63.10 avgTps=7540 avgMGps=586.1 elapsed=3d16h2m
Aug 10 05:06:04 nimbus-eth1-mainnet-long-benchmark[1140193]: INF 2026-08-10 05:06:04.276+00:00 Imported blocks                            blockNumber=20004865 slot=9209675 blocks=20004864 txs=2390929190 mgas=185859018 bps=29.34 tps=4444 mgps=444.9 avgBps=63.07 avgTps=7537 avgMGps=585.9 elapsed=3d16h6m
Aug 10 05:10:27 nimbus-eth1-mainnet-long-benchmark[1140193]: INF 2026-08-10 05:10:27.648+00:00 Imported blocks                            blockNumber=20013057 slot=9217912 blocks=20013056 txs=2392233989 mgas=185982949 bps=31.10 tps=4954 mgps=470.6 avgBps=63.04 avgTps=7535 avgMGps=585.8 elapsed=3d16h11m
Aug 10 05:15:03 nimbus-eth1-mainnet-long-benchmark[1140193]: INF 2026-08-10 05:15:03.332+00:00 Imported blocks                            blockNumber=20021249 slot=9226144 blocks=20021248 txs=2393564776 mgas=186106900 bps=29.72 tps=4827 mgps=449.6 avgBps=63.01 avgTps=7533 avgMGps=585.7 elapsed=3d16h15m
Aug 10 05:19:21 nimbus-eth1-mainnet-long-benchmark[1140193]: INF 2026-08-10 05:19:21.180+00:00 Imported blocks                            blockNumber=20029441 slot=9234372 blocks=20029440 txs=2394903672 mgas=186230721 bps=31.77 tps=5192 mgps=480.2 avgBps=62.99 avgTps=7531 avgMGps=585.6 elapsed=3d16h19m
Aug 10 05:23:42 nimbus-eth1-mainnet-long-benchmark[1140193]: INF 2026-08-10 05:23:42.267+00:00 Imported blocks                            blockNumber=20037633 slot=9242611 blocks=20037632 txs=2396220762 mgas=186354375 bps=31.38 tps=5044 mgps=473.6 avgBps=62.96 avgTps=7529 avgMGps=585.5 elapsed=3d16h24m
Aug 10 05:28:15 nimbus-eth1-mainnet-long-benchmark[1140193]: INF 2026-08-10 05:28:15.587+00:00 Imported blocks                            blockNumber=20045825 slot=9250848 blocks=20045824 txs=2397567844 mgas=186478329 bps=29.97 tps=4928 mgps=453.5 avgBps=62.93 avgTps=7526 avgMGps=585.4 elapsed=3d16h28m
Aug 10 05:33:05 nimbus-eth1-mainnet-long-benchmark[1140193]: INF 2026-08-10 05:33:05.194+00:00 Imported blocks                            blockNumber=20054017 slot=9259089 blocks=20054016 txs=2398893111 mgas=186602206 bps=28.29 tps=4576 mgps=427.7 avgBps=62.90 avgTps=7524 avgMGps=585.3 elapsed=3d16h33m
Aug 10 05:37:41 nimbus-eth1-mainnet-long-benchmark[1140193]: INF 2026-08-10 05:37:41.410+00:00 Imported blocks                            blockNumber=20062209 slot=9267322 blocks=20062208 txs=2400211828 mgas=186726261 bps=29.66 tps=4774 mgps=449.1 avgBps=62.87 avgTps=7521 avgMGps=585.2 elapsed=3d16h38m
Aug 10 05:42:01 nimbus-eth1-mainnet-long-benchmark[1140193]: INF 2026-08-10 05:42:01.418+00:00 Imported blocks                            blockNumber=20070401 slot=9275563 blocks=20070400 txs=2401578055 mgas=186850023 bps=31.51 tps=5254 mgps=476.0 avgBps=62.85 avgTps=7520 avgMGps=585.1 elapsed=3d16h42m
Aug 10 05:46:25 nimbus-eth1-mainnet-long-benchmark[1140193]: INF 2026-08-10 05:46:25.605+00:00 Imported blocks                            blockNumber=20078593 slot=9283801 blocks=20078592 txs=2402962926 mgas=186973935 bps=31.01 tps=5241 mgps=469.0 avgBps=62.82 avgTps=7518 avgMGps=585.0 elapsed=3d16h47m
Aug 10 05:50:46 nimbus-eth1-mainnet-long-benchmark[1140193]: INF 2026-08-10 05:50:46.585+00:00 Imported blocks                            blockNumber=20086785 slot=9292062 blocks=20086784 txs=2404369052 mgas=187097875 bps=31.39 tps=5387 mgps=474.9 avgBps=62.79 avgTps=7516 avgMGps=584.9 elapsed=3d16h51m
Aug 10 05:55:23 nimbus-eth1-mainnet-long-benchmark[1140193]: INF 2026-08-10 05:55:23.293+00:00 Imported blocks                            blockNumber=20094977 slot=9300302 blocks=20094976 txs=2405708737 mgas=187221890 bps=29.61 tps=4841 mgps=448.2 avgBps=62.77 avgTps=7514 avgMGps=584.8 elapsed=3d16h55m
Aug 10 06:00:16 nimbus-eth1-mainnet-long-benchmark[1140193]: INF 2026-08-10 06:00:16.924+00:00 Imported blocks                            blockNumber=20103169 slot=9308551 blocks=20103168 txs=2407010451 mgas=187345919 bps=27.90 tps=4433 mgps=422.4 avgBps=62.73 avgTps=7511 avgMGps=584.6 elapsed=3d17h53s
Aug 10 06:05:15 nimbus-eth1-mainnet-long-benchmark[1140193]: INF 2026-08-10 06:05:15.451+00:00 Imported blocks                            blockNumber=20111361 slot=9316795 blocks=20111360 txs=2408283517 mgas=187470007 bps=27.44 tps=4264 mgps=415.7 avgBps=62.70 avgTps=7508 avgMGps=584.5 elapsed=3d17h5m
Aug 10 06:10:01 nimbus-eth1-mainnet-long-benchmark[1140193]: INF 2026-08-10 06:10:01.103+00:00 Imported blocks                            blockNumber=20119553 slot=9325059 blocks=20119552 txs=2409625302 mgas=187594100 bps=28.68 tps=4697 mgps=434.4 avgBps=62.67 avgTps=7505 avgMGps=584.3 elapsed=3d17h10m
Aug 10 06:14:37 nimbus-eth1-mainnet-long-benchmark[1140193]: INF 2026-08-10 06:14:37.282+00:00 Imported blocks                            blockNumber=20127745 slot=9333311 blocks=20127744 txs=2410925606 mgas=187718271 bps=29.66 tps=4708 mgps=449.6 avgBps=62.64 avgTps=7503 avgMGps=584.2 elapsed=3d17h15m
Aug 10 06:19:00 nimbus-eth1-mainnet-long-benchmark[1140193]: INF 2026-08-10 06:19:00.094+00:00 Imported blocks                            blockNumber=20135937 slot=9341560 blocks=20135936 txs=2412238434 mgas=187842167 bps=31.17 tps=4995 mgps=471.4 avgBps=62.62 avgTps=7501 avgMGps=584.1 elapsed=3d17h19m
Aug 10 06:23:59 nimbus-eth1-mainnet-long-benchmark[1140193]: INF 2026-08-10 06:23:58.997+00:00 Imported blocks                            blockNumber=20144129 slot=9349801 blocks=20144128 txs=2413717031 mgas=187966299 bps=27.41 tps=4946 mgps=415.3 avgBps=62.58 avgTps=7498 avgMGps=584.0 elapsed=3d17h24m
Aug 10 06:29:23 nimbus-eth1-mainnet-long-benchmark[1140193]: INF 2026-08-10 06:29:23.600+00:00 Imported blocks                            blockNumber=20152321 slot=9358049 blocks=20152320 txs=2415119005 mgas=188090641 bps=25.24 tps=4319 mgps=383.1 avgBps=62.55 avgTps=7495 avgMGps=583.8 elapsed=3d17h29m
Aug 10 06:34:28 nimbus-eth1-mainnet-long-benchmark[1140193]: INF 2026-08-10 06:34:28.651+00:00 Imported blocks                            blockNumber=20160513 slot=9366304 blocks=20160512 txs=2416397725 mgas=188215015 bps=26.85 tps=4191 mgps=407.7 avgBps=62.51 avgTps=7492 avgMGps=583.6 elapsed=3d17h35m
Aug 10 06:39:17 nimbus-eth1-mainnet-long-benchmark[1140193]: INF 2026-08-10 06:39:17.282+00:00 Imported blocks                            blockNumber=20168705 slot=9374550 blocks=20168704 txs=2417744403 mgas=188338951 bps=28.38 tps=4665 mgps=429.4 avgBps=62.48 avgTps=7490 avgMGps=583.5 elapsed=3d17h39m
Aug 10 06:44:09 nimbus-eth1-mainnet-long-benchmark[1140193]: INF 2026-08-10 06:44:09.510+00:00 Imported blocks                            blockNumber=20176897 slot=9382778 blocks=20176896 txs=2419168926 mgas=188463060 bps=28.03 tps=4874 mgps=424.7 avgBps=62.45 avgTps=7487 avgMGps=583.3 elapsed=3d17h44m
Aug 10 06:48:45 nimbus-eth1-mainnet-long-benchmark[1140193]: INF 2026-08-10 06:48:45.173+00:00 Imported blocks                            blockNumber=20185089 slot=9391015 blocks=20185088 txs=2420546145 mgas=188586945 bps=29.72 tps=4995 mgps=449.4 avgBps=62.42 avgTps=7485 avgMGps=583.2 elapsed=3d17h49m
Aug 10 06:53:26 nimbus-eth1-mainnet-long-benchmark[1140193]: INF 2026-08-10 06:53:26.637+00:00 Imported blocks                            blockNumber=20193281 slot=9399251 blocks=20193280 txs=2421882332 mgas=188710733 bps=29.10 tps=4747 mgps=439.8 avgBps=62.39 avgTps=7483 avgMGps=583.1 elapsed=3d17h54m
Aug 10 06:58:39 nimbus-eth1-mainnet-long-benchmark[1140193]: INF 2026-08-10 06:58:39.580+00:00 Imported blocks                            blockNumber=20201473 slot=9407494 blocks=20201472 txs=2423180795 mgas=188835003 bps=26.18 tps=4149 mgps=397.1 avgBps=62.36 avgTps=7479 avgMGps=582.9 elapsed=3d17h59m
Aug 10 07:03:45 nimbus-eth1-mainnet-long-benchmark[1140193]: INF 2026-08-10 07:03:45.403+00:00 Imported blocks                            blockNumber=20209665 slot=9415724 blocks=20209664 txs=2424467421 mgas=188959091 bps=26.79 tps=4207 mgps=405.7 avgBps=62.33 avgTps=7476 avgMGps=582.7 elapsed=3d18h4m
Aug 10 07:08:34 nimbus-eth1-mainnet-long-benchmark[1140193]: INF 2026-08-10 07:08:34.990+00:00 Imported blocks                            blockNumber=20217857 slot=9423960 blocks=20217856 txs=2425785273 mgas=189083033 bps=28.29 tps=4550 mgps=428.0 avgBps=62.29 avgTps=7474 avgMGps=582.6 elapsed=3d18h9m
Aug 10 07:13:16 nimbus-eth1-mainnet-long-benchmark[1140193]: INF 2026-08-10 07:13:16.486+00:00 Imported blocks                            blockNumber=20226049 slot=9432209 blocks=20226048 txs=2427085190 mgas=189207181 bps=29.10 tps=4617 mgps=441.0 avgBps=62.27 avgTps=7471 avgMGps=582.5 elapsed=3d18h13m
Aug 10 07:17:34 nimbus-eth1-mainnet-long-benchmark[1140193]: INF 2026-08-10 07:17:34.450+00:00 Imported blocks                            blockNumber=20234241 slot=9440439 blocks=20234240 txs=2428446036 mgas=189330955 bps=31.76 tps=5275 mgps=479.8 avgBps=62.24 avgTps=7470 avgMGps=582.4 elapsed=3d18h18m
Aug 10 07:21:58 nimbus-eth1-mainnet-long-benchmark[1140193]: INF 2026-08-10 07:21:58.705+00:00 Imported blocks                            blockNumber=20242433 slot=9448678 blocks=20242432 txs=2429905766 mgas=189454810 bps=31.00 tps=5523 mgps=468.7 avgBps=62.22 avgTps=7468 avgMGps=582.3 elapsed=3d18h22m
Aug 10 07:27:06 nimbus-eth1-mainnet-long-benchmark[1140193]: INF 2026-08-10 07:27:06.140+00:00 Imported blocks                            blockNumber=20250625 slot=9456910 blocks=20250624 txs=2431218182 mgas=189578887 bps=26.65 tps=4268 mgps=403.6 avgBps=62.18 avgTps=7465 avgMGps=582.1 elapsed=3d18h27m
Aug 10 07:32:16 nimbus-eth1-mainnet-long-benchmark[1140193]: INF 2026-08-10 07:32:16.968+00:00 Imported blocks                            blockNumber=20258817 slot=9465146 blocks=20258816 txs=2432389777 mgas=189703315 bps=26.36 tps=3769 mgps=400.3 avgBps=62.15 avgTps=7461 avgMGps=582.0 elapsed=3d18h32m
Aug 10 07:37:17 nimbus-eth1-mainnet-long-benchmark[1140193]: INF 2026-08-10 07:37:17.347+00:00 Imported blocks                            blockNumber=20267009 slot=9473399 blocks=20267008 txs=2433706906 mgas=189827412 bps=27.27 tps=4384 mgps=413.1 avgBps=62.12 avgTps=7459 avgMGps=581.8 elapsed=3d18h37m
Aug 10 07:42:00 nimbus-eth1-mainnet-long-benchmark[1140193]: INF 2026-08-10 07:42:00.238+00:00 Imported blocks                            blockNumber=20275201 slot=9481639 blocks=20275200 txs=2435041169 mgas=189951350 bps=28.96 tps=4716 mgps=438.1 avgBps=62.09 avgTps=7456 avgMGps=581.7 elapsed=3d18h42m
Aug 10 07:46:32 nimbus-eth1-mainnet-long-benchmark[1140193]: INF 2026-08-10 07:46:32.934+00:00 Imported blocks                            blockNumber=20283393 slot=9489868 blocks=20283392 txs=2436404544 mgas=190075417 bps=30.04 tps=4999 mgps=455.0 avgBps=62.06 avgTps=7454 avgMGps=581.6 elapsed=3d18h47m
Aug 10 07:51:29 nimbus-eth1-mainnet-long-benchmark[1140193]: INF 2026-08-10 07:51:29.329+00:00 Imported blocks                            blockNumber=20291585 slot=9498106 blocks=20291584 txs=2437767928 mgas=190199287 bps=27.64 tps=4599 mgps=417.9 avgBps=62.03 avgTps=7452 avgMGps=581.4 elapsed=3d18h52m
Aug 10 07:56:38 nimbus-eth1-mainnet-long-benchmark[1140193]: INF 2026-08-10 07:56:38.800+00:00 Imported blocks                            blockNumber=20299777 slot=9506347 blocks=20299776 txs=2439084709 mgas=190323326 bps=26.47 tps=4254 mgps=400.8 avgBps=62.00 avgTps=7449 avgMGps=581.3 elapsed=3d18h57m
Aug 10 08:01:30 nimbus-eth1-mainnet-long-benchmark[1140193]: INF 2026-08-10 08:01:30.156+00:00 Imported blocks                            blockNumber=20307969 slot=9514581 blocks=20307968 txs=2440328974 mgas=190447316 bps=28.12 tps=4270 mgps=425.6 avgBps=61.97 avgTps=7446 avgMGps=581.1 elapsed=3d19h2m
Aug 10 08:06:25 nimbus-eth1-mainnet-long-benchmark[1140193]: INF 2026-08-10 08:06:25.495+00:00 Imported blocks                            blockNumber=20316161 slot=9522818 blocks=20316160 txs=2441642983 mgas=190571312 bps=27.74 tps=4449 mgps=419.8 avgBps=61.94 avgTps=7443 avgMGps=581.0 elapsed=3d19h7m
Aug 10 08:10:45 nimbus-eth1-mainnet-long-benchmark[1140193]: INF 2026-08-10 08:10:45.575+00:00 Imported blocks                            blockNumber=20324353 slot=9531037 blocks=20324352 txs=2443003434 mgas=190695169 bps=31.50 tps=5230 mgps=476.2 avgBps=61.91 avgTps=7441 avgMGps=580.9 elapsed=3d19h11m
Aug 10 08:14:51 nimbus-eth1-mainnet-long-benchmark[1140193]: INF 2026-08-10 08:14:51.959+00:00 Imported blocks                            blockNumber=20332545 slot=9539273 blocks=20332544 txs=2444369352 mgas=190818927 bps=33.25 tps=5543 mgps=502.3 avgBps=61.89 avgTps=7440 avgMGps=580.8 elapsed=3d19h15m
Aug 10 08:19:00 nimbus-eth1-mainnet-long-benchmark[1140193]: INF 2026-08-10 08:19:00.743+00:00 Imported blocks                            blockNumber=20340737 slot=9547499 blocks=20340736 txs=2445684799 mgas=190942708 bps=32.93 tps=5287 mgps=497.5 avgBps=61.87 avgTps=7438 avgMGps=580.8 elapsed=3d19h19m
Aug 10 08:23:48 nimbus-eth1-mainnet-long-benchmark[1140193]: INF 2026-08-10 08:23:48.782+00:00 Imported blocks                            blockNumber=20348929 slot=9555732 blocks=20348928 txs=2446976396 mgas=191066753 bps=28.44 tps=4484 mgps=430.7 avgBps=61.84 avgTps=7436 avgMGps=580.6 elapsed=3d19h24m
Aug 10 08:28:35 nimbus-eth1-mainnet-long-benchmark[1140193]: INF 2026-08-10 08:28:35.374+00:00 Imported blocks                            blockNumber=20357121 slot=9563959 blocks=20357120 txs=2448256169 mgas=191191257 bps=28.58 tps=4465 mgps=434.4 avgBps=61.81 avgTps=7433 avgMGps=580.5 elapsed=3d19h29m
Aug 10 08:32:47 nimbus-eth1-mainnet-long-benchmark[1140193]: INF 2026-08-10 08:32:47.902+00:00 Imported blocks                            blockNumber=20365313 slot=9572201 blocks=20365312 txs=2449568815 mgas=191314927 bps=32.44 tps=5198 mgps=489.7 avgBps=61.79 avgTps=7431 avgMGps=580.4 elapsed=3d19h33m
Aug 10 08:37:18 nimbus-eth1-mainnet-long-benchmark[1140193]: INF 2026-08-10 08:37:18.409+00:00 Imported blocks                            blockNumber=20373505 slot=9580431 blocks=20373504 txs=2450879985 mgas=191438966 bps=30.28 tps=4847 mgps=458.5 avgBps=61.76 avgTps=7429 avgMGps=580.3 elapsed=3d19h37m
Aug 10 08:41:52 nimbus-eth1-mainnet-long-benchmark[1140193]: INF 2026-08-10 08:41:52.617+00:00 Imported blocks                            blockNumber=20381697 slot=9588664 blocks=20381696 txs=2452156695 mgas=191563063 bps=29.88 tps=4655 mgps=452.6 avgBps=61.73 avgTps=7427 avgMGps=580.2 elapsed=3d19h42m
Aug 10 08:46:19 nimbus-eth1-mainnet-long-benchmark[1140193]: INF 2026-08-10 08:46:19.313+00:00 Imported blocks                            blockNumber=20389889 slot=9596900 blocks=20389888 txs=2453465950 mgas=191687053 bps=30.72 tps=4909 mgps=464.9 avgBps=61.71 avgTps=7425 avgMGps=580.1 elapsed=3d19h46m
Aug 10 08:50:51 nimbus-eth1-mainnet-long-benchmark[1140193]: INF 2026-08-10 08:50:51.952+00:00 Imported blocks                            blockNumber=20398081 slot=9605136 blocks=20398080 txs=2454722175 mgas=191811259 bps=30.05 tps=4607 mgps=455.6 avgBps=61.68 avgTps=7423 avgMGps=580.0 elapsed=3d19h51m
Aug 10 08:55:07 nimbus-eth1-mainnet-long-benchmark[1140193]: INF 2026-08-10 08:55:07.292+00:00 Imported blocks                            blockNumber=20406273 slot=9613370 blocks=20406272 txs=2455937858 mgas=191935324 bps=32.08 tps=4761 mgps=485.9 avgBps=61.66 avgTps=7421 avgMGps=580.0 elapsed=3d19h55m
Aug 10 08:59:33 nimbus-eth1-mainnet-long-benchmark[1140193]: INF 2026-08-10 08:59:33.364+00:00 Imported blocks                            blockNumber=20414465 slot=9621591 blocks=20414464 txs=2457182133 mgas=192059517 bps=30.79 tps=4676 mgps=466.8 avgBps=61.64 avgTps=7418 avgMGps=579.9 elapsed=3d20h9s
Aug 10 09:03:43 nimbus-eth1-mainnet-long-benchmark[1140193]: INF 2026-08-10 09:03:43.684+00:00 Imported blocks                            blockNumber=20422657 slot=9629846 blocks=20422656 txs=2458502388 mgas=192183515 bps=32.73 tps=5274 mgps=495.4 avgBps=61.61 avgTps=7417 avgMGps=579.8 elapsed=3d20h4m
Aug 10 09:07:42 nimbus-eth1-mainnet-long-benchmark[1140193]: INF 2026-08-10 09:07:42.584+00:00 Imported blocks                            blockNumber=20430849 slot=9638079 blocks=20430848 txs=2459823635 mgas=192307404 bps=34.29 tps=5530 mgps=518.6 avgBps=61.59 avgTps=7415 avgMGps=579.8 elapsed=3d20h8m
Aug 10 09:11:45 nimbus-eth1-mainnet-long-benchmark[1140193]: INF 2026-08-10 09:11:45.561+00:00 Imported blocks                            blockNumber=20439041 slot=9646308 blocks=20439040 txs=2461089016 mgas=192431228 bps=33.71 tps=5207 mgps=509.6 avgBps=61.57 avgTps=7414 avgMGps=579.7 elapsed=3d20h12m
Aug 10 09:16:02 nimbus-eth1-mainnet-long-benchmark[1140193]: INF 2026-08-10 09:16:02.069+00:00 Imported blocks                            blockNumber=20447233 slot=9654555 blocks=20447232 txs=2462365837 mgas=192555224 bps=31.94 tps=4977 mgps=483.4 avgBps=61.55 avgTps=7412 avgMGps=579.6 elapsed=3d20h16m
Aug 10 09:20:46 nimbus-eth1-mainnet-long-benchmark[1140193]: INF 2026-08-10 09:20:46.792+00:00 Imported blocks                            blockNumber=20455425 slot=9662773 blocks=20455424 txs=2463563089 mgas=192679757 bps=28.77 tps=4204 mgps=437.4 avgBps=61.52 avgTps=7409 avgMGps=579.5 elapsed=3d20h21m
Aug 10 09:25:13 nimbus-eth1-mainnet-long-benchmark[1140193]: INF 2026-08-10 09:25:13.152+00:00 Imported blocks                            blockNumber=20463617 slot=9670997 blocks=20463616 txs=2464820568 mgas=192804145 bps=30.76 tps=4721 mgps=467.0 avgBps=61.50 avgTps=7407 avgMGps=579.4 elapsed=3d20h25m
Aug 10 09:29:42 nimbus-eth1-mainnet-long-benchmark[1140193]: INF 2026-08-10 09:29:42.536+00:00 Imported blocks                            blockNumber=20471809 slot=9679232 blocks=20471808 txs=2466105979 mgas=192927795 bps=30.41 tps=4771 mgps=459.0 avgBps=61.47 avgTps=7405 avgMGps=579.3 elapsed=3d20h30m
Aug 10 09:33:59 nimbus-eth1-mainnet-long-benchmark[1140193]: INF 2026-08-10 09:33:59.779+00:00 Imported blocks                            blockNumber=20480001 slot=9687458 blocks=20480000 txs=2467403178 mgas=193051545 bps=31.85 tps=5042 mgps=481.1 avgBps=61.45 avgTps=7403 avgMGps=579.3 elapsed=3d20h34m
Aug 10 09:38:11 nimbus-eth1-mainnet-long-benchmark[1140193]: INF 2026-08-10 09:38:11.267+00:00 Imported blocks                            blockNumber=20488193 slot=9695679 blocks=20488192 txs=2468646793 mgas=193175429 bps=32.57 tps=4945 mgps=492.6 avgBps=61.43 avgTps=7401 avgMGps=579.2 elapsed=3d20h38m
Aug 10 09:42:31 nimbus-eth1-mainnet-long-benchmark[1140193]: INF 2026-08-10 09:42:31.287+00:00 Imported blocks                            blockNumber=20496385 slot=9703905 blocks=20496384 txs=2469916046 mgas=193299476 bps=31.51 tps=4881 mgps=477.1 avgBps=61.41 avgTps=7399 avgMGps=579.1 elapsed=3d20h43m
Aug 10 09:47:09 nimbus-eth1-mainnet-long-benchmark[1140193]: INF 2026-08-10 09:47:09.503+00:00 Imported blocks                            blockNumber=20504577 slot=9712142 blocks=20504576 txs=2471051293 mgas=193423942 bps=29.44 tps=4080 mgps=447.4 avgBps=61.38 avgTps=7396 avgMGps=579.0 elapsed=3d20h47m
Aug 10 09:51:23 nimbus-eth1-mainnet-long-benchmark[1140193]: INF 2026-08-10 09:51:23.043+00:00 Imported blocks                            blockNumber=20512769 slot=9720378 blocks=20512768 txs=2472212904 mgas=193548126 bps=32.31 tps=4581 mgps=489.8 avgBps=61.36 avgTps=7394 avgMGps=578.9 elapsed=3d20h51m
Aug 10 09:55:34 nimbus-eth1-mainnet-long-benchmark[1140193]: INF 2026-08-10 09:55:34.871+00:00 Imported blocks                            blockNumber=20520961 slot=9728604 blocks=20520960 txs=2473458204 mgas=193672133 bps=32.53 tps=4945 mgps=492.4 avgBps=61.34 avgTps=7392 avgMGps=578.9 elapsed=3d20h56m
Aug 10 09:59:54 nimbus-eth1-mainnet-long-benchmark[1140193]: INF 2026-08-10 09:59:54.551+00:00 Imported blocks                            blockNumber=20529153 slot=9736836 blocks=20529152 txs=2474879473 mgas=193796096 bps=31.55 tps=5473 mgps=477.4 avgBps=61.31 avgTps=7391 avgMGps=578.8 elapsed=3d21h30s
Aug 10 10:04:11 nimbus-eth1-mainnet-long-benchmark[1140193]: INF 2026-08-10 10:04:11.155+00:00 Imported blocks                            blockNumber=20537345 slot=9745081 blocks=20537344 txs=2476318806 mgas=193919766 bps=31.92 tps=5609 mgps=481.9 avgBps=61.29 avgTps=7390 avgMGps=578.7 elapsed=3d21h4m
Aug 10 10:08:46 nimbus-eth1-mainnet-long-benchmark[1140193]: INF 2026-08-10 10:08:46.203+00:00 Imported blocks                            blockNumber=20545537 slot=9753315 blocks=20545536 txs=2477572414 mgas=194043997 bps=29.78 tps=4557 mgps=451.7 avgBps=61.26 avgTps=7387 avgMGps=578.6 elapsed=3d21h9m
Aug 10 10:13:25 nimbus-eth1-mainnet-long-benchmark[1140193]: INF 2026-08-10 10:13:25.442+00:00 Imported blocks                            blockNumber=20553729 slot=9761549 blocks=20553728 txs=2478717439 mgas=194168601 bps=29.34 tps=4100 mgps=446.2 avgBps=61.24 avgTps=7385 avgMGps=578.5 elapsed=3d21h14m
Aug 10 10:17:55 nimbus-eth1-mainnet-long-benchmark[1140193]: INF 2026-08-10 10:17:55.262+00:00 Imported blocks                            blockNumber=20561921 slot=9769782 blocks=20561920 txs=2479884398 mgas=194293055 bps=30.36 tps=4324 mgps=461.3 avgBps=61.21 avgTps=7382 avgMGps=578.4 elapsed=3d21h18m
Aug 10 10:22:17 nimbus-eth1-mainnet-long-benchmark[1140193]: INF 2026-08-10 10:22:17.974+00:00 Imported blocks                            blockNumber=20570113 slot=9778022 blocks=20570112 txs=2481113699 mgas=194416978 bps=31.18 tps=4679 mgps=471.7 avgBps=61.19 avgTps=7380 avgMGps=578.3 elapsed=3d21h22m
Aug 10 10:26:43 nimbus-eth1-mainnet-long-benchmark[1140193]: INF 2026-08-10 10:26:43.350+00:00 Imported blocks                            blockNumber=20578305 slot=9786257 blocks=20578304 txs=2482329481 mgas=194541487 bps=30.87 tps=4581 mgps=469.2 avgBps=61.16 avgTps=7378 avgMGps=578.2 elapsed=3d21h27m
Aug 10 10:31:03 nimbus-eth1-mainnet-long-benchmark[1140193]: INF 2026-08-10 10:31:03.294+00:00 Imported blocks                            blockNumber=20586497 slot=9794502 blocks=20586496 txs=2483599008 mgas=194665538 bps=31.51 tps=4883 mgps=477.2 avgBps=61.14 avgTps=7376 avgMGps=578.2 elapsed=3d21h31m
Aug 10 10:35:24 nimbus-eth1-mainnet-long-benchmark[1140193]: INF 2026-08-10 10:35:24.722+00:00 Imported blocks                            blockNumber=20594689 slot=9802745 blocks=20594688 txs=2484891011 mgas=194789870 bps=31.34 tps=4942 mgps=475.6 avgBps=61.12 avgTps=7374 avgMGps=578.1 elapsed=3d21h36m
Aug 10 10:39:53 nimbus-eth1-mainnet-long-benchmark[1140193]: INF 2026-08-10 10:39:53.789+00:00 Imported blocks                            blockNumber=20602881 slot=9810996 blocks=20602880 txs=2486119333 mgas=194914414 bps=30.45 tps=4565 mgps=462.9 avgBps=61.09 avgTps=7372 avgMGps=578.0 elapsed=3d21h40m
Aug 10 10:44:14 nimbus-eth1-mainnet-long-benchmark[1140193]: INF 2026-08-10 10:44:14.321+00:00 Imported blocks                            blockNumber=20611073 slot=9819237 blocks=20611072 txs=2487216978 mgas=195039228 bps=31.44 tps=4213 mgps=479.1 avgBps=61.07 avgTps=7369 avgMGps=577.9 elapsed=3d21h44m
Aug 10 10:48:29 nimbus-eth1-mainnet-long-benchmark[1140193]: INF 2026-08-10 10:48:29.137+00:00 Imported blocks                            blockNumber=20619265 slot=9827482 blocks=20619264 txs=2488541897 mgas=195163520 bps=32.15 tps=5199 mgps=487.8 avgBps=61.05 avgTps=7368 avgMGps=577.8 elapsed=3d21h49m
Aug 10 10:52:44 nimbus-eth1-mainnet-long-benchmark[1140193]: INF 2026-08-10 10:52:44.221+00:00 Imported blocks                            blockNumber=20627457 slot=9835711 blocks=20627456 txs=2489858365 mgas=195287826 bps=32.12 tps=5160 mgps=487.3 avgBps=61.03 avgTps=7366 avgMGps=577.8 elapsed=3d21h53m
Aug 10 10:57:00 nimbus-eth1-mainnet-long-benchmark[1140193]: INF 2026-08-10 10:57:00.557+00:00 Imported blocks                            blockNumber=20635649 slot=9843959 blocks=20635648 txs=2491181770 mgas=195412065 bps=31.96 tps=5162 mgps=484.7 avgBps=61.01 avgTps=7364 avgMGps=577.7 elapsed=3d21h57m
Aug 10 11:01:18 nimbus-eth1-mainnet-long-benchmark[1140193]: INF 2026-08-10 11:01:18.918+00:00 Imported blocks                            blockNumber=20643841 slot=9852200 blocks=20643840 txs=2492494347 mgas=195536175 bps=31.71 tps=5080 mgps=480.4 avgBps=60.98 avgTps=7363 avgMGps=577.6 elapsed=3d22h1m
Aug 10 11:05:42 nimbus-eth1-mainnet-long-benchmark[1140193]: INF 2026-08-10 11:05:42.577+00:00 Imported blocks                            blockNumber=20652033 slot=9860438 blocks=20652032 txs=2493662245 mgas=195660830 bps=31.07 tps=4429 mgps=472.8 avgBps=60.96 avgTps=7360 avgMGps=577.5 elapsed=3d22h6m
Aug 10 11:10:15 nimbus-eth1-mainnet-long-benchmark[1140193]: INF 2026-08-10 11:10:15.281+00:00 Imported blocks                            blockNumber=20660225 slot=9868668 blocks=20660224 txs=2494835211 mgas=195785649 bps=30.04 tps=4301 mgps=457.7 avgBps=60.94 avgTps=7358 avgMGps=577.5 elapsed=3d22h10m
Aug 10 11:14:20 nimbus-eth1-mainnet-long-benchmark[1140193]: INF 2026-08-10 11:14:20.681+00:00 Imported blocks                            blockNumber=20668417 slot=9876900 blocks=20668416 txs=2496072189 mgas=195909878 bps=33.38 tps=5040 mgps=506.2 avgBps=60.92 avgTps=7356 avgMGps=577.4 elapsed=3d22h14m
Aug 10 11:18:40 nimbus-eth1-mainnet-long-benchmark[1140193]: INF 2026-08-10 11:18:40.449+00:00 Imported blocks                            blockNumber=20676609 slot=9885128 blocks=20676608 txs=2497350614 mgas=196034070 bps=31.54 tps=4921 mgps=478.1 avgBps=60.89 avgTps=7354 avgMGps=577.3 elapsed=3d22h19m
Aug 10 11:22:39 nimbus-eth1-mainnet-long-benchmark[1140193]: INF 2026-08-10 11:22:39.130+00:00 Imported blocks                            blockNumber=20684801 slot=9893357 blocks=20684800 txs=2498628037 mgas=196158234 bps=34.32 tps=5351 mgps=520.2 avgBps=60.87 avgTps=7353 avgMGps=577.3 elapsed=3d22h23m
Aug 10 11:26:46 nimbus-eth1-mainnet-long-benchmark[1140193]: INF 2026-08-10 11:26:46.538+00:00 Imported blocks                            blockNumber=20692993 slot=9901590 blocks=20692992 txs=2499927346 mgas=196282456 bps=33.11 tps=5251 mgps=502.1 avgBps=60.85 avgTps=7351 avgMGps=577.2 elapsed=3d22h27m
Aug 10 11:31:06 nimbus-eth1-mainnet-long-benchmark[1140193]: INF 2026-08-10 11:31:06.422+00:00 Imported blocks                            blockNumber=20701185 slot=9909808 blocks=20701184 txs=2501207985 mgas=196406495 bps=31.52 tps=4927 mgps=477.3 avgBps=60.83 avgTps=7349 avgMGps=577.2 elapsed=3d22h31m
Aug 10 11:35:34 nimbus-eth1-mainnet-long-benchmark[1140193]: INF 2026-08-10 11:35:34.750+00:00 Imported blocks                            blockNumber=20709377 slot=9918046 blocks=20709376 txs=2502445590 mgas=196530646 bps=30.53 tps=4612 mgps=462.7 avgBps=60.81 avgTps=7347 avgMGps=577.1 elapsed=3d22h36m
Aug 10 11:39:39 nimbus-eth1-mainnet-long-benchmark[1140193]: INF 2026-08-10 11:39:39.538+00:00 Imported blocks                            blockNumber=20717569 slot=9926276 blocks=20717568 txs=2503764978 mgas=196654614 bps=33.47 tps=5389 mgps=506.4 avgBps=60.79 avgTps=7346 avgMGps=577.0 elapsed=3d22h40m
Aug 10 11:43:47 nimbus-eth1-mainnet-long-benchmark[1140193]: INF 2026-08-10 11:43:47.538+00:00 Imported blocks                            blockNumber=20725761 slot=9934518 blocks=20725760 txs=2505098502 mgas=196778520 bps=33.03 tps=5377 mgps=499.6 avgBps=60.77 avgTps=7344 avgMGps=577.0 elapsed=3d22h44m
Aug 10 11:48:03 nimbus-eth1-mainnet-long-benchmark[1140193]: INF 2026-08-10 11:48:03.246+00:00 Imported blocks                            blockNumber=20733953 slot=9942757 blocks=20733952 txs=2506441392 mgas=196902592 bps=32.04 tps=5251 mgps=485.2 avgBps=60.75 avgTps=7343 avgMGps=576.9 elapsed=3d22h48m
Aug 10 11:52:15 nimbus-eth1-mainnet-long-benchmark[1140193]: INF 2026-08-10 11:52:15.506+00:00 Imported blocks                            blockNumber=20742145 slot=9950994 blocks=20742144 txs=2507777316 mgas=197026592 bps=32.47 tps=5295 mgps=491.6 avgBps=60.73 avgTps=7341 avgMGps=576.8 elapsed=3d22h52m
Aug 10 11:56:32 nimbus-eth1-mainnet-long-benchmark[1140193]: INF 2026-08-10 11:56:32.642+00:00 Imported blocks                            blockNumber=20750337 slot=9959240 blocks=20750336 txs=2509059580 mgas=197150636 bps=31.86 tps=4986 mgps=482.4 avgBps=60.70 avgTps=7340 avgMGps=576.8 elapsed=3d22h57m
Aug 10 12:00:56 nimbus-eth1-mainnet-long-benchmark[1140193]: INF 2026-08-10 12:00:56.142+00:00 Imported blocks                            blockNumber=20758529 slot=9967460 blocks=20758528 txs=2510311801 mgas=197274711 bps=31.09 tps=4752 mgps=470.9 avgBps=60.68 avgTps=7338 avgMGps=576.7 elapsed=3d23h1m
Aug 10 12:04:58 nimbus-eth1-mainnet-long-benchmark[1140193]: INF 2026-08-10 12:04:58.202+00:00 Imported blocks                            blockNumber=20766721 slot=9975702 blocks=20766720 txs=2511560762 mgas=197398721 bps=33.84 tps=5159 mgps=512.3 avgBps=60.66 avgTps=7336 avgMGps=576.6 elapsed=3d23h5m
Aug 10 12:08:56 nimbus-eth1-mainnet-long-benchmark[1140193]: INF 2026-08-10 12:08:56.542+00:00 Imported blocks                            blockNumber=20774913 slot=9983955 blocks=20774912 txs=2512857042 mgas=197522681 bps=34.37 tps=5438 mgps=520.1 avgBps=60.64 avgTps=7335 avgMGps=576.6 elapsed=3d23h9m
Aug 10 12:12:44 nimbus-eth1-mainnet-long-benchmark[1140193]: INF 2026-08-10 12:12:44.179+00:00 Imported blocks                            blockNumber=20783105 slot=9992198 blocks=20783104 txs=2514152897 mgas=197646543 bps=35.99 tps=5692 mgps=544.1 avgBps=60.63 avgTps=7334 avgMGps=576.6 elapsed=3d23h13m
Aug 10 12:16:39 nimbus-eth1-mainnet-long-benchmark[1140193]: INF 2026-08-10 12:16:39.151+00:00 Imported blocks                            blockNumber=20791297 slot=10000436 blocks=20791296 txs=2515509958 mgas=197770198 bps=34.86 tps=5775 mgps=526.2 avgBps=60.61 avgTps=7333 avgMGps=576.5 elapsed=3d23h17m
Aug 10 12:20:24 nimbus-eth1-mainnet-long-benchmark[1140193]: INF 2026-08-10 12:20:24.712+00:00 Imported blocks                            blockNumber=20799489 slot=10008679 blocks=20799488 txs=2516796641 mgas=197894102 bps=36.32 tps=5704 mgps=549.3 avgBps=60.59 avgTps=7332 avgMGps=576.5 elapsed=3d23h21m
Aug 10 12:24:30 nimbus-eth1-mainnet-long-benchmark[1140193]: INF 2026-08-10 12:24:30.388+00:00 Imported blocks                            blockNumber=20807681 slot=10016909 blocks=20807680 txs=2518022350 mgas=198017786 bps=33.34 tps=4989 mgps=503.4 avgBps=60.57 avgTps=7330 avgMGps=576.5 elapsed=3d23h25m
Aug 10 12:28:26 nimbus-eth1-mainnet-long-benchmark[1140193]: INF 2026-08-10 12:28:25.996+00:00 Imported blocks                            blockNumber=20815873 slot=10025141 blocks=20815872 txs=2519303534 mgas=198141487 bps=34.77 tps=5437 mgps=525.0 avgBps=60.56 avgTps=7329 avgMGps=576.4 elapsed=3d23h29m
Aug 10 12:32:16 nimbus-eth1-mainnet-long-benchmark[1140193]: INF 2026-08-10 12:32:16.465+00:00 Imported blocks                            blockNumber=20824065 slot=10033363 blocks=20824064 txs=2520609705 mgas=198265162 bps=35.54 tps=5667 mgps=536.6 avgBps=60.54 avgTps=7327 avgMGps=576.4 elapsed=3d23h32m
Aug 10 12:36:09 nimbus-eth1-mainnet-long-benchmark[1140193]: INF 2026-08-10 12:36:09.993+00:00 Imported blocks                            blockNumber=20832257 slot=10041601 blocks=20832256 txs=2521910298 mgas=198388860 bps=35.08 tps=5569 mgps=529.7 avgBps=60.52 avgTps=7326 avgMGps=576.4 elapsed=3d23h36m
Aug 10 12:40:11 nimbus-eth1-mainnet-long-benchmark[1140193]: INF 2026-08-10 12:40:11.977+00:00 Imported blocks                            blockNumber=20840449 slot=10049823 blocks=20840448 txs=2523232491 mgas=198512602 bps=33.85 tps=5463 mgps=511.4 avgBps=60.50 avgTps=7325 avgMGps=576.3 elapsed=3d23h40m
Aug 10 12:44:39 nimbus-eth1-mainnet-long-benchmark[1140193]: INF 2026-08-10 12:44:39.473+00:00 Imported blocks                            blockNumber=20848641 slot=10058046 blocks=20848640 txs=2524571769 mgas=198636483 bps=30.62 tps=5006 mgps=463.1 avgBps=60.48 avgTps=7323 avgMGps=576.2 elapsed=3d23h45m
Aug 10 12:49:07 nimbus-eth1-mainnet-long-benchmark[1140193]: INF 2026-08-10 12:49:07.505+00:00 Imported blocks                            blockNumber=20856833 slot=10066279 blocks=20856832 txs=2525851925 mgas=198760528 bps=30.56 tps=4776 mgps=462.8 avgBps=60.46 avgTps=7321 avgMGps=576.1 elapsed=3d23h49m
Aug 10 12:53:32 nimbus-eth1-mainnet-long-benchmark[1140193]: INF 2026-08-10 12:53:32.060+00:00 Imported blocks                            blockNumber=20865025 slot=10074499 blocks=20865024 txs=2527192970 mgas=198884468 bps=30.97 tps=5069 mgps=468.5 avgBps=60.43 avgTps=7319 avgMGps=576.1 elapsed=3d23h54m
Aug 10 12:57:37 nimbus-eth1-mainnet-long-benchmark[1140193]: INF 2026-08-10 12:57:37.209+00:00 Imported blocks                            blockNumber=20873217 slot=10082726 blocks=20873216 txs=2528642119 mgas=199008343 bps=33.42 tps=5911 mgps=505.3 avgBps=60.42 avgTps=7318 avgMGps=576.0 elapsed=3d23h58m
Aug 10 13:01:50 nimbus-eth1-mainnet-long-benchmark[1140193]: INF 2026-08-10 13:01:50.549+00:00 Imported blocks                            blockNumber=20881409 slot=10090947 blocks=20881408 txs=2529960756 mgas=199132172 bps=32.34 tps=5204 mgps=488.8 avgBps=60.40 avgTps=7317 avgMGps=575.9 elapsed=4d2m26s
Aug 10 13:06:00 nimbus-eth1-mainnet-long-benchmark[1140193]: INF 2026-08-10 13:06:00.713+00:00 Imported blocks                            blockNumber=20889601 slot=10099176 blocks=20889600 txs=2531270760 mgas=199256251 bps=32.75 tps=5236 mgps=496.0 avgBps=60.38 avgTps=7315 avgMGps=575.9 elapsed=4d6m36s
Aug 10 13:10:04 nimbus-eth1-mainnet-long-benchmark[1140193]: INF 2026-08-10 13:10:04.341+00:00 Imported blocks                            blockNumber=20897793 slot=10107391 blocks=20897792 txs=2532558201 mgas=199380315 bps=33.63 tps=5284 mgps=509.2 avgBps=60.36 avgTps=7314 avgMGps=575.8 elapsed=4d10m40s
Aug 10 13:14:14 nimbus-eth1-mainnet-long-benchmark[1140193]: INF 2026-08-10 13:14:14.033+00:00 Imported blocks                            blockNumber=20905985 slot=10115611 blocks=20905984 txs=2533796308 mgas=199504257 bps=32.81 tps=4958 mgps=496.4 avgBps=60.34 avgTps=7312 avgMGps=575.8 elapsed=4d14m50s
Aug 10 13:18:24 nimbus-eth1-mainnet-long-benchmark[1140193]: INF 2026-08-10 13:18:24.021+00:00 Imported blocks                            blockNumber=20914177 slot=10123834 blocks=20914176 txs=2535067280 mgas=199628225 bps=32.77 tps=5084 mgps=495.9 avgBps=60.32 avgTps=7311 avgMGps=575.7 elapsed=4d19m123ms
Aug 10 13:22:20 nimbus-eth1-mainnet-long-benchmark[1140193]: INF 2026-08-10 13:22:20.225+00:00 Imported blocks                            blockNumber=20922369 slot=10132052 blocks=20922368 txs=2536405686 mgas=199751845 bps=34.68 tps=5666 mgps=523.4 avgBps=60.30 avgTps=7310 avgMGps=575.7 elapsed=4d22m56s
Aug 10 13:26:15 nimbus-eth1-mainnet-long-benchmark[1140193]: INF 2026-08-10 13:26:15.565+00:00 Imported blocks                            blockNumber=20930561 slot=10140274 blocks=20930560 txs=2537756059 mgas=199875636 bps=34.81 tps=5738 mgps=526.0 avgBps=60.28 avgTps=7308 avgMGps=575.7 elapsed=4d26m51s
Aug 10 13:30:25 nimbus-eth1-mainnet-long-benchmark[1140193]: INF 2026-08-10 13:30:25.145+00:00 Imported blocks                            blockNumber=20938753 slot=10148494 blocks=20938752 txs=2539070302 mgas=199999273 bps=32.82 tps=5265 mgps=495.4 avgBps=60.26 avgTps=7307 avgMGps=575.6 elapsed=4d31m1s
Aug 10 13:34:18 nimbus-eth1-mainnet-long-benchmark[1140193]: INF 2026-08-10 13:34:18.902+00:00 Imported blocks                            blockNumber=20946945 slot=10156745 blocks=20946944 txs=2540462929 mgas=200122988 bps=35.05 tps=5957 mgps=529.2 avgBps=60.25 avgTps=7306 avgMGps=575.6 elapsed=4d34m55s
Aug 10 13:38:41 nimbus-eth1-mainnet-long-benchmark[1140193]: INF 2026-08-10 13:38:41.906+00:00 Imported blocks                            blockNumber=20955137 slot=10165009 blocks=20955136 txs=2541746285 mgas=200246893 bps=31.15 tps=4879 mgps=471.1 avgBps=60.22 avgTps=7304 avgMGps=575.5 elapsed=4d39m18s
Aug 10 13:42:52 nimbus-eth1-mainnet-long-benchmark[1140193]: INF 2026-08-10 13:42:52.802+00:00 Imported blocks                            blockNumber=20963329 slot=10173259 blocks=20963328 txs=2542997277 mgas=200370697 bps=32.65 tps=4986 mgps=493.5 avgBps=60.20 avgTps=7303 avgMGps=575.4 elapsed=4d43m28s
Aug 10 13:46:52 nimbus-eth1-mainnet-long-benchmark[1140193]: INF 2026-08-10 13:46:52.406+00:00 Imported blocks                            blockNumber=20971521 slot=10181499 blocks=20971520 txs=2544394231 mgas=200494597 bps=34.19 tps=5830 mgps=517.1 avgBps=60.19 avgTps=7302 avgMGps=575.4 elapsed=4d47m28s
Aug 10 13:51:01 nimbus-eth1-mainnet-long-benchmark[1140193]: INF 2026-08-10 13:51:01.582+00:00 Imported blocks                            blockNumber=20979713 slot=10189737 blocks=20979712 txs=2545745935 mgas=200618342 bps=32.88 tps=5424 mgps=496.6 avgBps=60.17 avgTps=7300 avgMGps=575.3 elapsed=4d51m37s
Aug 10 13:55:06 nimbus-eth1-mainnet-long-benchmark[1140193]: INF 2026-08-10 13:55:06.566+00:00 Imported blocks                            blockNumber=20987905 slot=10197972 blocks=20987904 txs=2547154623 mgas=200742279 bps=33.44 tps=5750 mgps=505.9 avgBps=60.15 avgTps=7299 avgMGps=575.3 elapsed=4d55m42s
Aug 10 13:58:58 nimbus-eth1-mainnet-long-benchmark[1140193]: INF 2026-08-10 13:58:58.294+00:00 Imported blocks                            blockNumber=20996097 slot=10206206 blocks=20996096 txs=2548657544 mgas=200866186 bps=35.35 tps=6485 mgps=534.7 avgBps=60.13 avgTps=7299 avgMGps=575.3 elapsed=4d59m34s
Aug 10 14:03:18 nimbus-eth1-mainnet-long-benchmark[1140193]: INF 2026-08-10 14:03:18.566+00:00 Imported blocks                            blockNumber=21004289 slot=10214429 blocks=21004288 txs=2550076846 mgas=200990114 bps=31.47 tps=5453 mgps=476.1 avgBps=60.11 avgTps=7297 avgMGps=575.2 elapsed=4d1h3m
Aug 10 14:03:52 nimbus-eth1-mainnet-long-benchmark[1140193]: INF 2026-08-10 14:03:52.330+00:00 Imported blocks                            blockNumber=21005282 slot=10223616 blocks=21005281 txs=2550236120 mgas=201005159 bps=29.41 tps=4717 mgps=445.6 avgBps=60.11 avgTps=7297 avgMGps=575.2 elapsed=4d1h4m
Aug 10 14:03:52 nimbus-eth1-mainnet-long-benchmark[1140193]: NTC 2026-08-10 14:03:52.330+00:00 Import complete                            blockNumber=21005282 slot=10223616 blocks=21005281 txs=2550236120 mgas=201005159
Aug 10 14:03:53 nimbus-eth1-mainnet-long-benchmark[1119979]: <<< ending startNimbusWithImport (success)
Aug 10 14:03:53 nimbus-eth1-mainnet-long-benchmark[1119979]: >>> starting moveBenchmarkingFileToRepo
Aug 10 14:03:53 nimbus-eth1-mainnet-long-benchmark[1119979]: >>> copying debug-csv generated by nimbus to benchmarks repo
Aug 10 14:03:53 nimbus-eth1-mainnet-long-benchmark[1119979]: <<< ending moveBenchmarkingFileToRepo (success)
Aug 10 14:03:53 nimbus-eth1-mainnet-long-benchmark[1670999]: tail: error writing 'standard output': Broken pipe
Aug 10 14:03:53 nimbus-eth1-mainnet-long-benchmark[1119979]: >>> starting generateBuildEnvironmentLogFile
Aug 10 14:04:02 nimbus-eth1-mainnet-long-benchmark[1119979]: <<< ending generateBuildEnvironmentLogFile (success)
Aug 10 14:04:02 nimbus-eth1-mainnet-long-benchmark[1119979]: >>> starting generateSystemdServiceLogs
