block_number,blocks,slot,txs,gas,time
8193,8192,1,0,0,236767612
16385,8192,1,0,0,232219453
24577,8192,1,0,0,226136105
32769,8192,1,0,0,233233226
40961,8192,1,0,0,230140908
49153,8192,1,1514,33070964,300095912
57345,8192,1,3916,407821091,423114726
65537,8192,1,2676,90041948,351354464
73729,8192,1,5821,197747509,414011649
81921,8192,1,4204,131282630,387602307
90113,8192,1,4589,112269814,385547693
98305,8192,1,3327,84662425,351345684
106497,8192,1,4168,105498119,363855589
114689,8192,1,4247,119199457,365458288
122881,8192,1,6054,163953975,438118406
131073,8192,1,5852,147449076,366973668
139265,8192,1,6678,168428364,386558615
147457,8192,1,7805,190561977,426042076
155649,8192,1,8675,220080834,441841320
163841,8192,1,7255,175016877,417598855
172033,8192,1,10115,242307512,477668356
180225,8192,1,12029,319429322,530034681
188417,8192,1,10493,307941046,494087435
196609,8192,1,8488,226000959,460334504
204801,8192,1,9431,284499928,480152320
212993,8192,1,9432,269025812,476307115
221185,8192,1,9745,253020191,483647486
229377,8192,1,9473,303239797,482127436
237569,8192,1,9752,287334366,495518105
245761,8192,1,9175,237099979,493859207
253953,8192,1,9225,299876210,504811302
262145,8192,1,8500,237942979,476031638
270337,8192,1,11073,360421503,534206222
278529,8192,1,11244,333906121,542143419
286721,8192,1,9944,288230259,509268582
294913,8192,1,9552,272964709,499466618
303105,8192,1,10564,278617464,505930445
311297,8192,1,9852,289668902,506796967
319489,8192,1,10772,285019105,520513606
327681,8192,1,9264,263512681,511509876
335873,8192,1,10710,300329465,547371563
344065,8192,1,10447,340557247,539029381
352257,8192,1,11871,367785281,579952841
360449,8192,1,11031,301110840,555254100
368641,8192,1,10176,272300629,536902944
376833,8192,1,10299,327273585,570797244
385025,8192,1,11650,328391280,572841960
393217,8192,1,10917,668394420,600030057
401409,8192,1,10512,371168499,564282359
409601,8192,1,11329,399996130,583537787
417793,8192,1,9682,299513459,539878114
425985,8192,1,10211,378463309,587893498
434177,8192,1,10123,371765259,594975119
442369,8192,1,10202,298321714,541276555
450561,8192,1,10252,488330843,833312301
458753,8192,1,11670,315763779,590233722
466945,8192,1,12392,405644045,611359518
475137,8192,1,11262,434129872,701986784
483329,8192,1,11885,436485530,823375858
491521,8192,1,11396,324292141,668804201
499713,8192,1,11390,316107054,575090903
507905,8192,1,19834,986537643,909936512
516097,8192,1,14518,537099270,681044565
524289,8192,1,14364,563247320,776521098
532481,8192,1,15028,641704064,824935739
540673,8192,1,11625,533545978,766689605
548865,8192,1,12334,352563908,585931701
557057,8192,1,11579,286224762,568962807
565249,8192,1,12543,387072166,633959596
573441,8192,1,11762,377902837,638052758
581633,8192,1,11889,329240266,593417379
589825,8192,1,12402,356748509,617387827
598017,8192,1,11554,361660592,601566866
606209,8192,1,11466,286807225,569798632
614401,8192,1,11355,383668685,805733839
622593,8192,1,12943,487254257,653363943
630785,8192,1,10960,369935232,562949388
638977,8192,1,10609,304527314,553330332
647169,8192,1,11891,400916707,590712118
655361,8192,1,13364,422684376,604511696
663553,8192,1,11233,291970815,579243218
671745,8192,1,11307,306322589,581534010
679937,8192,1,13718,480255087,730542478
688129,8192,1,12101,533373764,717426620
696321,8192,1,24697,2437912230,2348309444
704513,8192,1,24278,1882935448,1690690428
712705,8192,1,15914,1053536841,1244026262
720897,8192,1,14854,884970772,1104762590
729089,8192,1,18033,1103406409,1219016234
737281,8192,1,39634,2413080461,2413487551
745473,8192,1,20252,1205744179,1465317979
753665,8192,1,16649,914386676,1268686736
761857,8192,1,29450,1702093462,1899344332
770049,8192,1,19926,1149090055,1543529012
778241,8192,1,27585,1546147829,1793838730
786433,8192,1,13804,512905120,902190234
794625,8192,1,14238,555275432,986146572
802817,8192,1,20936,1074374824,1424846308
811009,8192,1,33100,2274628469,2250135764
819201,8192,1,21058,1074857191,1391197367
827393,8192,1,17945,1068696871,1312855620
835585,8192,1,16965,691346951,1120618148
843777,8192,1,24779,1318609001,1573680615
851969,8192,1,17337,797507253,1182957114
860161,8192,1,16221,653054698,864736498
868353,8192,1,17414,667767224,817673858
876545,8192,1,20874,997212648,1006644222
884737,8192,1,18556,602924448,851805197
892929,8192,1,20188,746509191,948058931
901121,8192,1,20728,705763650,899689120
909313,8192,1,28858,1212230895,1235905273
917505,8192,1,29450,1450050635,1416481506
925697,8192,1,25856,1070129090,1263560425
933889,8192,1,23756,919949479,1068309203
942081,8192,1,24390,780757258,954503028
950273,8192,1,22318,724737535,941459656
958465,8192,1,23856,823943680,1002638380
966657,8192,1,39968,1787855655,1571277172
974849,8192,1,24875,783309904,993169564
983041,8192,1,25559,758151178,994218868
991233,8192,1,32769,996332438,1100552124
999425,8192,1,29253,955506690,1122164948
1007617,8192,1,28779,874607232,1040069025
1015809,8192,1,28640,944195150,1075631323
1024001,8192,1,30592,1077029621,1148156381
1032193,8192,1,30567,1025667741,1095684467
1040385,8192,1,26761,784549571,1012167515
1048577,8192,1,28815,1876343804,1150040437
1056769,8192,1,31628,1248873846,1083672829
1064961,8192,1,32758,1302389229,1224376021
1073153,8192,1,30961,857488355,1033578920
1081345,8192,1,33502,949562723,1103735822
1089537,8192,1,37121,995463452,1176822565
1097729,8192,1,40115,1081576458,1207227648
1105921,8192,1,42800,1253697553,1300330565
1114113,8192,1,41667,1235498720,1241397507
1122305,8192,1,38878,1141426898,1206392943
1130497,8192,1,41538,1202802604,1191034559
1138689,8192,1,39904,1101644111,1158877488
1146881,8192,1,44221,1340457745,1259118625
1155073,8192,1,43528,1383496645,1246175333
1163265,8192,1,38152,1246718060,1163853824
1171457,8192,1,44944,1374923499,1313952132
1179649,8192,1,46242,1574630437,1343404172
1187841,8192,1,44523,1522997076,1313534296
1196033,8192,1,43594,1529570548,1478829630
1204225,8192,1,41259,1452683779,1317923276
1212417,8192,1,52923,2302777232,1891654063
1220609,8192,1,46705,1563686082,1428953890
1228801,8192,1,46123,1514235577,1568053663
1236993,8192,1,43046,1458453689,1449411941
1245185,8192,1,49499,1658881432,1522126567
1253377,8192,1,46254,1516126264,1279902454
1261569,8192,1,42318,1328121509,1411985095
1269761,8192,1,40021,1078268036,1184083876
1277953,8192,1,46365,1435004546,1477816918
1286145,8192,1,50841,1591258579,1570178279
1294337,8192,1,41499,1271776158,1271605111
1302529,8192,1,47633,1512367159,1564287730
1310721,8192,1,42641,1164414830,1237760100
1318913,8192,1,42610,1137106273,1254737415
1327105,8192,1,45560,1357858661,1349419612
1335297,8192,1,50369,1781939706,1389919205
1343489,8192,1,45221,1209479371,1249725939
1351681,8192,1,44015,1206824098,1294244877
1359873,8192,1,54888,1591716049,1273436888
1368065,8192,1,43396,1184809863,1294674164
1376257,8192,1,48876,1593180641,1504518676
1384449,8192,1,45143,1439543743,1275709802
1392641,8192,1,41341,1118372583,1265376833
1400833,8192,1,45540,1329131424,1330732689
1409025,8192,1,49104,1485363761,1471226512
1417217,8192,1,44023,1225869865,1226899155
1425409,8192,1,49886,1450651632,1459941760
1433601,8192,1,56669,1681771886,1527829797
1441793,8192,1,54635,1947185643,1557201499
1449985,8192,1,56685,1624594158,1482901332
1458177,8192,1,50196,1613347851,1493708290
1466369,8192,1,54893,2240127730,2102944016
1474561,8192,1,52100,1483885342,1443345252
1482753,8192,1,51280,1586965488,1563239137
1490945,8192,1,56855,1674576856,1499792659
1499137,8192,1,52382,1728224502,1471847367
1507329,8192,1,60036,2138598848,1844647483
1515521,8192,1,69268,2441975068,1944349664
1523713,8192,1,56514,1832134302,1749199193
1531905,8192,1,51124,1731842384,1622485663
1540097,8192,1,58754,1911501394,1692299089
1548289,8192,1,61429,1987968261,1638041358
1556481,8192,1,60630,2360467143,1809507602
1564673,8192,1,56981,1819841802,1558260110
1572865,8192,1,56494,1777140576,1545635836
1581057,8192,1,59042,1735378915,1493649261
1589249,8192,1,68973,2172337508,1831991598
1597441,8192,1,64306,2192773982,1759743520
1605633,8192,1,86669,3493104245,2390125003
1613825,8192,1,62112,2154462632,1740393172
1622017,8192,1,60118,1914186297,1593239532
1630209,8192,1,53413,1741132990,1492257139
1638401,8192,1,56756,1633896769,1450600213
1646593,8192,1,50346,1452533160,1377874278
1654785,8192,1,50828,1521883376,1355686958
1662977,8192,1,60376,3061122313,2228892149
1671169,8192,1,55258,1843787387,1640155644
1679361,8192,1,55775,1793288354,1550964630
1687553,8192,1,52281,1793521528,1497028608
1695745,8192,1,55227,1857680146,1544456504
1703937,8192,1,64652,2265573762,1872880631
1712129,8192,1,63355,2060421766,1733839686
1720321,8192,1,65682,5800241515,7342542466
1728513,8192,1,95610,16739007815,39541423976
1736705,8192,1,67917,4743426756,8082826590
1744897,8192,1,62602,3296268924,3785260643
1753089,8192,1,68336,3841591968,2933097869
1761281,8192,1,58130,2076897006,1913138016
1769473,8192,1,57022,2221809906,1615660672
1777665,8192,1,52898,1689289635,1622034036
1785857,8192,1,53856,1708894430,1776266407
1794049,8192,1,56044,1992483551,2113092007
1802241,8192,1,90325,5767597538,2836474815
1810433,8192,1,52758,2499380206,4521427276
1818625,8192,1,55194,1772826158,1885462496
1826817,8192,1,53703,1704827192,1542493327
1835009,8192,1,49822,1916513753,1999596038
1843201,8192,1,53374,1676538934,1567098192
1851393,8192,1,60123,2381439875,3086661375
1859585,8192,1,56426,2865260110,4589248705
1867777,8192,1,50632,1670163364,1814364048
1875969,8192,1,53453,1904646721,1990141216
1884161,8192,1,54655,1840362954,1632423520
1892353,8192,1,54265,1824465369,1543468329
1900545,8192,1,51280,1414646366,1362761510
1908737,8192,1,47043,1388770142,1379496805
1916929,8192,1,63160,1874850406,1589525234
1925121,8192,1,62773,4171399935,7395537075
1933313,8192,1,65738,2266620454,2033268339
1941505,8192,1,62037,2034143904,1718234267
1949697,8192,1,79321,2248553641,1816838925
1957889,8192,1,74738,2527380908,2154658531
1966081,8192,1,75137,2369261794,1837671272
1974273,8192,1,66582,2970283633,2160873290
1982465,8192,1,60335,2173102476,2173232074
1990657,8192,1,63657,1764764048,1532253506
1998849,8192,1,66671,2054100679,1705421273
2007041,8192,1,68240,2035711402,1721833212
2015233,8192,1,60275,1885646786,1568259330
2023425,8192,1,59731,1718762000,1516004136
2031617,8192,1,56298,1666187619,1427767776
2039809,8192,1,56416,2985329528,2180091328
2048001,8192,1,67806,2074138922,1656958605
2056193,8192,1,63577,1903780373,1583582284
2064385,8192,1,55865,1657169845,1459084494
2072577,8192,1,58480,1557471379,1378110345
2080769,8192,1,55331,1599645346,1418335681
2088961,8192,1,64228,1850037001,1599725355
2097153,8192,1,66060,2188998555,1758887070
2105345,8192,1,54235,1660505770,1472940449
2113537,8192,1,56694,1742357705,1454355866
2121729,8192,1,61614,1816239031,1536766393
2129921,8192,1,63451,3861822325,2413211049
2138113,8192,1,69603,2043909844,1649588235
2146305,8192,1,61611,1914481982,1518789037
2154497,8192,1,62524,1658273809,1412772238
2162689,8192,1,61974,1798911967,1576738062
2170881,8192,1,62834,1920681017,1615103830
2179073,8192,1,61629,1818058493,1540947585
2187265,8192,1,76278,2727312503,1999159802
2195457,8192,1,59767,1675377812,1475563591
2203649,8192,1,65371,2614658821,1814906658
2211841,8192,1,62364,2039781213,1559020832
2220033,8192,1,60969,1981999587,1605754963
2228225,8192,1,85854,2814470323,1922963251
2236417,8192,1,55933,1813330669,1431785850
2244609,8192,1,57588,1730634676,1440071344
2252801,8192,1,63320,2021513820,1602778193
2260993,8192,1,65183,2112882377,1760807167
2269185,8192,1,74523,2354744595,1727191866
2277377,8192,1,72172,2714744039,1824557712
2285569,8192,1,50199,1706002470,2656415531
2293761,8192,1,61842,1801256949,6054798354
2301953,8192,1,68639,2034760072,1804432259
2310145,8192,1,66952,2916329686,15710656381
2318337,8192,1,48275,1914011719,11762695723
2326529,8192,1,56968,3010508461,23484878704
2334721,8192,1,60252,3532946594,44271981637
2342913,8192,1,59242,2893073539,21140630925
2351105,8192,1,56520,2437337126,4220982866
2359297,8192,1,53930,2539978338,9133024321
2367489,8192,1,72486,5437092390,37537615860
2375681,8192,1,64351,3955814780,34526190852
2383873,8192,1,72150,4175006287,26352443128
2392065,8192,1,52311,3587030185,49350527222
2400257,8192,1,60755,3380343872,107789624657
2408449,8192,1,54394,3489623288,88181053413
2416641,8192,1,59749,3571481590,53262168942
2424833,8192,1,52901,2140315677,72272259507
2433025,8192,1,41983,2064705182,90959864252
2441217,8192,1,52489,1940457621,35879044532
2449409,8192,1,47032,1416811786,15976192000
2457601,8192,1,50121,1416935937,21152607366
2465793,8192,1,63997,2059194432,18060587745
2473985,8192,1,52613,5415624522,49950906443
2482177,8192,1,77644,2200694454,3288499123
2490369,8192,1,47944,1381582456,1513360051
2498561,8192,1,58110,1704965277,1620762469
2506753,8192,1,68097,2292291281,1901922426
2514945,8192,1,59292,1798672209,1768326200
2523137,8192,1,59793,1784849739,1718475614
2531329,8192,1,57693,1656383700,1689254756
2539521,8192,1,55694,1627913854,1552694839
2547713,8192,1,63237,1907051300,1781139631
2555905,8192,1,61395,1723186230,1726627597
2564097,8192,1,57303,1576168754,1715864471
2572289,8192,1,44899,1243188531,1324222609
2580481,8192,1,50737,1381762673,1461999106
2588673,8192,1,53997,1523970827,1605368805
2596865,8192,1,56755,1868225974,1860552102
2605057,8192,1,54579,1853422028,1638077589
2613249,8192,1,57937,1749156374,1667760225
2621441,8192,1,54830,1654717503,1665856627
2629633,8192,1,59687,1932781220,1712350847
2637825,8192,1,58098,1831832946,1669656131
2646017,8192,1,57577,1732304988,1643442291
2654209,8192,1,56517,1691425491,1500270012
2662401,8192,1,54908,1580644481,1657040268
2670593,8192,1,56589,1781259427,1514818091
2678785,8192,1,85495,2598196853,13985182030
2686977,8192,1,59696,3974729576,71603416129
2695169,8192,1,72462,4113740875,41962328748
2703361,8192,1,55726,4743499117,65093772649
2711553,8192,1,65254,6348291025,86124606716
2719745,8192,1,64427,5199613546,49912205757
2727937,8192,1,50844,1684630038,2129532182
2736129,8192,1,54697,1652133461,1511264476
2744321,8192,1,53051,1748152517,1490370590
2752513,8192,1,55339,1979520745,1595760978
2760705,8192,1,64847,2063457441,1661756061
2768897,8192,1,55277,1804237075,1601922316
2777089,8192,1,56023,1776551857,1605634700
2785281,8192,1,52991,1726269370,1535857025
2793473,8192,1,52624,2213276915,1519187650
2801665,8192,1,55238,1810591298,1667415781
2809857,8192,1,63980,2356415998,1873940717
2818049,8192,1,65743,2448549979,1931140340
2826241,8192,1,54971,1881197690,1597988933
2834433,8192,1,49662,1953789890,1672558875
2842625,8192,1,58392,2038106026,1646377168
2850817,8192,1,64185,2225753659,1737207076
2859009,8192,1,76490,2486660557,2024858609
2867201,8192,1,55683,1760491642,1524246335
2875393,8192,1,50675,1452936266,1379948617
2883585,8192,1,50157,1522394202,1435494291
2891777,8192,1,58225,1860099069,1544883532
2899969,8192,1,60144,2083730262,1639497035
2908161,8192,1,60988,2086757942,1651487632
2916353,8192,1,54302,1714680114,1450438898
2924545,8192,1,50695,1584719153,1505653264
2932737,8192,1,63026,2305221488,1922030103
2940929,8192,1,67480,2204851332,1854952409
2949121,8192,1,61833,1971573134,1714638213
2957313,8192,1,58505,1930260127,1637499648
2965505,8192,1,59699,1937673518,1708349837
2973697,8192,1,63091,2244391292,1790596715
2981889,8192,1,64874,2137001608,1614473209
2990081,8192,1,70738,2397486878,1756078826
2998273,8192,1,58903,1853897373,1565317420
3006465,8192,1,54373,1766782589,1526770528
3014657,8192,1,65027,2294148724,1721167237
3022849,8192,1,60922,2027141448,1722822796
3031041,8192,1,58548,1960456703,1688984292
3039233,8192,1,61315,2005539036,1728128759
3047425,8192,1,62091,2149768492,1769964419
3055617,8192,1,67927,2452616440,1879159321
3063809,8192,1,62018,2292070946,1882571177
3072001,8192,1,63286,2183742248,1860448991
3080193,8192,1,65669,2218082794,1756147835
3088385,8192,1,54874,1846213528,1689421797
3096577,8192,1,63311,2098245747,1761957885
3104769,8192,1,59762,2124435421,1744585014
3112961,8192,1,58897,2178531771,1871480505
3121153,8192,1,58468,1974991763,1684409193
3129345,8192,1,63556,2065813146,1782414733
3137537,8192,1,64128,2220717880,1789940780
3145729,8192,1,70462,2665896127,1978845778
3153921,8192,1,64806,2336669302,1910905210
3162113,8192,1,70074,2730719806,2192914963
3170305,8192,1,60420,2178878613,1846546357
3178497,8192,1,73252,3110141726,2197908957
3186689,8192,1,79081,2976280771,2140848103
3194881,8192,1,71074,2804402262,2022241577
3203073,8192,1,64978,2351345544,1902230561
3211265,8192,1,68556,2464803794,1936178484
3219457,8192,1,66845,2286314550,1866625289
3227649,8192,1,75763,3113040792,2110190996
3235841,8192,1,69688,2984250772,2162703852
3244033,8192,1,68668,2289170959,1843265569
3252225,8192,1,71170,2634879929,2080520203
3260417,8192,1,70604,2482121481,1986011088
3268609,8192,1,79874,2821352557,2210791808
3276801,8192,1,82615,2938903296,2227674940
3284993,8192,1,93464,3013882836,2415793864
3293185,8192,1,81232,2628326517,2134344079
3301377,8192,1,77780,2508423110,1981854908
3309569,8192,1,85412,2762075045,2133833462
3317761,8192,1,74949,2364616867,1908635495
3325953,8192,1,89542,3008034239,2441254628
3334145,8192,1,89382,3038054714,2245729884
3342337,8192,1,91012,2910544703,2231613204
3350529,8192,1,112957,4683356145,3033280717
3358721,8192,1,108487,3824938321,2781331525
3366913,8192,1,150248,4856683444,3252929231
3375105,8192,1,129410,4029391606,2963319761
3383297,8192,1,118959,3597176359,2690893874
3391489,8192,1,113031,3618928236,2690034440
3399681,8192,1,109702,3595863612,2535575832
3407873,8192,1,112341,3708098910,2586652867
3416065,8192,1,121089,3775021048,2684199610
3424257,8192,1,111288,3513747685,2737478510
3432449,8192,1,126552,4519125602,3108807532
3440641,8192,1,116739,3847970531,2862080504
3448833,8192,1,137505,4650151490,3171158519
3457025,8192,1,132372,4354448594,3095159529
3465217,8192,1,116438,3872751305,2875731630
3473409,8192,1,138958,4605215288,3501457303
3481601,8192,1,115237,3904507999,2960657410
3489793,8192,1,129313,4405146988,3121068956
3497985,8192,1,121326,4141663795,2957111456
3506177,8192,1,101941,3457895017,2767996786
3514369,8192,1,104473,3801545119,2816917231
3522561,8192,1,110663,3893580475,2901916188
3530753,8192,1,118136,4358681727,3044709325
3538945,8192,1,116538,3957151738,3170591073
3547137,8192,1,97599,3525061715,2790132865
3555329,8192,1,105494,3951999139,3083290498
3563521,8192,1,113777,4538716060,3347431025
3571713,8192,1,122232,4932027111,3589830302
3579905,8192,1,113517,5371454955,3213261736
3588097,8192,1,103751,3918968307,3154436665
3596289,8192,1,112257,4332652445,3234289320
3604481,8192,1,136619,5289710359,3630066531
3612673,8192,1,143158,5255428268,3651170346
3620865,8192,1,145745,4868936849,3517680123
3629057,8192,1,136562,4879877560,3607460329
3637249,8192,1,160424,6406024036,4204386793
3645441,8192,1,150436,5782052966,3888418168
3653633,8192,1,167559,5819732935,4143558139
3661825,8192,1,142125,5329409688,3668653440
3670017,8192,1,152266,6300591479,4002502561
3678209,8192,1,169497,6571385749,4171141707
3686401,8192,1,156250,7347905323,4296333142
3694593,8192,1,167344,7335647042,4436151835
3702785,8192,1,147702,7536226635,4383530180
3710977,8192,1,168287,8194709920,4756079354
3719169,8192,1,176741,9883600890,5577921126
3727361,8192,1,214081,11450730102,6145842661
3735553,8192,1,229327,12196031413,6585940130
3743745,8192,1,201943,10613685663,5833929657
3751937,8192,1,260406,12599459208,6898974707
3760129,8192,1,278528,15779303797,7766229504
3768321,8192,1,279013,16350363987,8261771499
3776513,8192,1,244538,13523383202,6896149736
3784705,8192,1,224822,12717337930,6991683907
3792897,8192,1,248995,13592095818,7308898604
3801089,8192,1,314302,19832169118,8319328472
3809281,8192,1,313676,17980594470,11637422124
3817473,8192,1,280618,16692684984,9313582911
3825665,8192,1,296114,15953100496,8927275022
3833857,8192,1,317754,17492872153,9740098914
3842049,8192,1,305857,17151665586,9568831898
3850241,8192,1,325308,16138916714,9663575343
3858433,8192,1,365858,18515263356,10423015485
3866625,8192,1,450999,21732698279,12733599418
3874817,8192,1,403872,18428150155,11418918392
3883009,8192,1,399350,18507971011,11595945400
3891201,8192,1,366142,17616667683,11030966005
3899393,8192,1,401398,20055154217,12375805261
3907585,8192,1,467519,26635229072,12874005949
3915777,8192,1,448080,27509986564,13033575278
3923969,8192,1,445137,22206823281,12543184477
3932161,8192,1,393944,20192356202,12426142234
3940353,8192,1,474437,21147977183,13672190648
3948545,8192,1,452736,24838577163,15855937540
3956737,8192,1,409197,21844246829,13879308699
3964929,8192,1,391200,20881198158,13956215747
3973121,8192,1,480657,24984090402,16138281123
3981313,8192,1,439836,24432971850,15882873135
3989505,8192,1,456105,22202913020,15330001079
3997697,8192,1,401541,19785653790,13461773559
4005889,8192,1,468451,21489133966,14904976031
4014081,8192,1,521089,25614275148,17648077164
4022273,8192,1,465732,25576854950,16057482618
4030465,8192,1,422645,19071909199,14470261411
4038657,8192,1,452765,21588202182,15294870852
4046849,8192,1,494336,24205815057,16074401942
4055041,8192,1,427170,19727949695,13708197089
4063233,8192,1,409232,17944225576,13326756610
4071425,8192,1,455169,22752023483,15492581525
4079617,8192,1,411552,20393151746,13487932039
4087809,8192,1,402826,19516574262,13759775161
4096001,8192,1,350511,18308327314,11940172887
4104193,8192,1,441704,23280158452,15044199042
4112385,8192,1,474401,24577424757,16840643116
4120577,8192,1,512389,25868228053,17627172516
4128769,8192,1,539622,25478534061,18242091398
4136961,8192,1,612130,30525492507,20253744057
4145153,8192,1,669828,31316179679,21805416433
4153345,8192,1,667176,32781900955,21731157784
4161537,8192,1,802050,39631270870,26005921166
4169729,8192,1,832182,45690595844,29856623363
4177921,8192,1,822935,40787417397,26201801680
4186113,8192,1,677937,33931766754,23188116476
4194305,8192,1,736129,33608364656,23343367583
4202497,8192,1,733583,31613370181,22886608478
4210689,8192,1,736596,33326421250,23550931559
4218881,8192,1,885279,42684031553,28047316176
4227073,8192,1,909505,44089434039,29057591564
4235265,8192,1,772574,36378544905,25723398425
4243457,8192,1,1021928,44970958961,31399348091
4251649,8192,1,1081239,50184234692,33992599532
4259841,8192,1,880278,41550585016,29721996762
4268033,8192,1,864414,41053728142,29912487512
4276225,8192,1,867715,42375737918,32010935336
4284417,8192,1,857098,44405284841,30350701584
4292609,8192,1,764839,40439697663,30328124429
4300801,8192,1,736339,41523378146,29941721199
4308993,8192,1,739102,40787147868,30024821692
4317185,8192,1,882460,46629010975,32919154762
4325377,8192,1,928715,45913689045,34410826648
4333569,8192,1,855500,44372358254,32964452218
4341761,8192,1,890587,45969894286,33851933221
4349953,8192,1,861954,44868560756,34043865480
4358145,8192,1,961145,45839288391,34334415604
4366337,8192,1,1022776,47707018313,36875920252
4374529,8192,1,788928,41640159530,30628168796
4382721,8192,1,680611,30304975089,24239050867
4390913,8192,1,633676,29394442349,24321198546
4399105,8192,1,691855,34599365091,23930146699
4407297,8192,1,587597,22219394536,18777375230
4415489,8192,1,602801,27141844419,21016389393
4423681,8192,1,637247,33563116251,24988780717
4431873,8192,1,602169,34452528559,25280968682
4440065,8192,1,644187,35202407283,26233476386
4448257,8192,1,635205,32303616551,25042641783
4456449,8192,1,658167,33516933106,26340454565
4464641,8192,1,714607,37151598010,29080227476
4472833,8192,1,687810,38954422870,30564488119
4481025,8192,1,691342,38855588548,30589870359
4489217,8192,1,597092,33111071840,27058756026
4497409,8192,1,530372,24797114990,21408137566
4505601,8192,1,664534,27768018498,23562752831
4513793,8192,1,607716,29462506589,24689657411
4521985,8192,1,636968,33818088203,27982551258
4530177,8192,1,576620,30857764315,24494741764
4538369,8192,1,555644,29902311532,24798138988
4546561,8192,1,576193,31728985315,26036036741
4554753,8192,1,614333,33933012035,28183343734
4562945,8192,1,694290,35077866299,28624335217
4571137,8192,1,685773,35235556368,29014264943
4579329,8192,1,595343,32512470264,27084978643
4587521,8192,1,616676,31432826950,27700286403
4595713,8192,1,732388,35462326767,31247302253
4603905,8192,1,701686,34053236118,28921740886
4612097,8192,1,696025,34813469923,29189633102
4620289,8192,1,756842,36575998133,30862695425
4628481,8192,1,695958,35807344495,29328627872
4636673,8192,1,839988,41325848673,35688723358
4644865,8192,1,859818,39561689628,34700909506
4653057,8192,1,878341,39038765676,35623267024
4661249,8192,1,838018,41732008967,37312766720
4669441,8192,1,868393,42367951309,40047382069
4677633,8192,1,1024408,50365921601,46385698397
4685825,8192,1,1106629,50823271509,47090011219
4694017,8192,1,983321,52251191383,43799874311
4702209,8192,1,1065994,53288175748,51843045863
4710401,8192,1,1004230,57029863421,54899406606
4718593,8192,1,1175867,60067148142,58690168703
4726785,8192,1,1283732,60320736424,57862331549
4734977,8192,1,1366216,63069754925,59227326978
4743169,8192,1,1249121,59108334014,53364532078
4751361,8192,1,1252125,59908605848,55079170793
4759553,8192,1,1451207,62045900188,56985120448
4767745,8192,1,1519992,62098558192,56418142041
4775937,8192,1,1585445,62497723845,53501361956
4784129,8192,1,1400070,58743219915,53479145641
4792321,8192,1,1052134,54186765245,44072068099
4800513,8192,1,1019534,49928583194,43505927299
4808705,8192,1,1261780,57510375260,51123501326
4816897,8192,1,1331357,57590718396,53373257276
4825089,8192,1,1639294,60808222944,55944928862
4833281,8192,1,1324521,56290819569,51351383854
4841473,8192,1,1365671,56727562845,52796295748
4849665,8192,1,1800565,61983009179,60665692870
4857857,8192,1,2002216,61977955389,57773719229
4866049,8192,1,1885881,62151807862,60242446711
4874241,8192,1,1724229,62804522499,59603096272
4882433,8192,1,1914229,62387106534,61180594818
4890625,8192,1,1784457,61980258440,56536932760
4898817,8192,1,1710320,62316592526,59855552000
4907009,8192,1,1726464,62391325627,58651574455
4915201,8192,1,1730007,63380891308,61399873843
4923393,8192,1,1858619,62279744506,60923235415
4931585,8192,1,1849680,62183892835,61763255881
4939777,8192,1,1496671,58403848500,56650601613
4947969,8192,1,1393070,58633948844,57928292541
4956161,8192,1,1327346,58788810672,56896992865
4964353,8192,1,1272246,58123924020,55260432922
4972545,8192,1,1159603,54810326446,53183789493
4980737,8192,1,1260970,53358611450,53861397256
4988929,8192,1,1176073,52672662572,51108108996
4997121,8192,1,1259241,55165172481,52503734884
5005313,8192,1,1262433,56373025517,51758990481
5013505,8192,1,1356029,59546446599,57665409923
5021697,8192,1,1305842,56689784355,55392119414
5029889,8192,1,1125879,53898877430,48995145953
5038081,8192,1,1161636,54269350642,49829029422
5046273,8192,1,1191117,54055514122,52486331463
5054465,8192,1,1056526,53286687769,49836897458
5062657,8192,1,1038563,52346336284,48779321435
5070849,8192,1,1111255,53626275181,47618751016
5079041,8192,1,1139166,53752148996,50314747539
5087233,8192,1,1010849,50228857996,45234371873
5095425,8192,1,1086570,52677277867,49424120399
5103617,8192,1,981145,52265804278,47452503133
5111809,8192,1,1077049,53626533614,48895788267
5120001,8192,1,1057547,54195882329,48676595532
5128193,8192,1,1208494,58216835003,54323166402
5136385,8192,1,1184261,56746767112,51409246818
5144577,8192,1,999424,52506836442,49285130123
5152769,8192,1,1017445,53578401482,50042865658
5160961,8192,1,1019623,52810336386,51160708969
5169153,8192,1,938849,52166193773,49478741721
5177345,8192,1,1005061,53979644014,52724801883
5185537,8192,1,1006297,54409598707,54739718091
5193729,8192,1,910773,52367016050,51124397668
5201921,8192,1,1019609,54958972298,51387196532
5210113,8192,1,963205,51431731336,51786915374
5218305,8192,1,1080296,53432274393,55474512066
5226497,8192,1,913035,51814775021,51844349058
5234689,8192,1,811533,49710271751,47936886392
5242881,8192,1,914018,50659269828,49024021546
5251073,8192,1,951734,49660522293,49039508271
5259265,8192,1,966328,49937461860,51412848137
5267457,8192,1,876120,48233799143,48113505738
5275649,8192,1,839560,45505587169,45550869898
5283841,8192,1,976074,50468458835,49115803814
5292033,8192,1,924974,47925789741,48989818457
5300225,8192,1,942144,49680604502,47139656042
5308417,8192,1,886412,46355902185,48050340758
5316609,8192,1,828036,44837407164,46076395019
5324801,8192,1,738251,42486626567,43175029495
5332993,8192,1,878562,44377402985,44303024588
5341185,8192,1,759784,39515895518,40662620836
5349377,8192,1,876958,45441991668,46852890432
5357569,8192,1,803479,46113372017,47380940243
5365761,8192,1,729028,45065663138,43863720913
5373953,8192,1,885713,47737923460,48169812720
5382145,8192,1,836995,51351355496,50021744270
5390337,8192,1,965931,52965281717,51392583563
5398529,8192,1,782926,50890084027,46390126454
5406721,8192,1,761190,48956703913,48903290157
5414913,8192,1,827064,48472063015,48192431059
5423105,8192,1,825418,49256575775,54148308684
5431297,8192,1,919267,52230978175,56956525792
5439489,8192,1,974226,55143258533,58079455455
5447681,8192,1,833508,50689771206,53172123643
5455873,8192,1,947860,56707817121,55916664627
5464065,8192,1,1033971,58652807039,59245734399
5472257,8192,1,1115589,59342364238,61111465952
5480449,8192,1,1153123,59083287853,61435759490
5488641,8192,1,1009152,56069946259,58643015514
5496833,8192,1,1156155,57601281303,63721953161
5505025,8192,1,1147957,57531469967,64153170661
5513217,8192,1,1088977,55330482420,58793777330
5521409,8192,1,1128476,54292326455,58388264439
5529601,8192,1,1047151,55026971310,61563324897
5537793,8192,1,1126959,57980108462,63974837859
5545985,8192,1,1076343,59166013084,63306018481
5554177,8192,1,1192396,59545348454,65279538838
5562369,8192,1,1376951,58519081749,69931527327
5570561,8192,1,976721,58050473193,60651226181
5578753,8192,1,1166387,57731284389,60739341745
5586945,8192,1,1161915,58406567436,64110206380
5595137,8192,1,1234914,60771886651,65455449242
5603329,8192,1,1124232,59755746193,62642642831
5611521,8192,1,1095478,60122260578,60957602621
5619713,8192,1,1158885,60368944644,65587808826
5627905,8192,1,1153817,60775416598,63367240859
5636097,8192,1,1226306,60413544072,64065332159
5644289,8192,1,1196097,59963033833,61483010907
5652481,8192,1,1148057,60165793954,64482552596
5660673,8192,1,1177054,60696972227,62927435094
5668865,8192,1,1235498,60047450465,65277477429
5677057,8192,1,1147362,60485425643,65882741569
5685249,8192,1,1108227,59774988632,62154266708
5693441,8192,1,1201882,61008511303,64902085070
5701633,8192,1,1183811,61676882288,69349256145
5709825,8192,1,1214637,61791485704,71023559681
5718017,8192,1,1086473,61499185628,69884802960
5726209,8192,1,1201901,61132528463,66274255967
5734401,8192,1,1114912,61252818451,65275863773
5742593,8192,1,1163973,60135524474,65043666784
5750785,8192,1,1084060,59600947136,62915690260
5758977,8192,1,1078372,59809101820,63267353804
5767169,8192,1,1114845,59325753351,64596148248
5775361,8192,1,1126138,59862973911,62062729967
5783553,8192,1,1136977,59212357830,61510451167
5791745,8192,1,1046515,52187366379,55093308402
5799937,8192,1,1040418,55190787848,57740610172
5808129,8192,1,853023,55324595267,53684435415
5816321,8192,1,1028624,57063660639,59183988296
5824513,8192,1,1117046,59270194084,64248749046
5832705,8192,1,1061157,58960211718,62729171974
5840897,8192,1,1055327,56548008958,60614414734
5849089,8192,1,878652,50539203884,54590433291
5857281,8192,1,1173486,57632243725,66245874426
5865473,8192,1,1081039,57617358569,62102459400
5873665,8192,1,1057229,56743055206,63264613745
5881857,8192,1,951758,58511385611,58635978219
5890049,8192,1,835183,61795713273,48552986776
5898241,8192,1,739929,61727951417,50063252806
5906433,8192,1,680873,61904063474,51141386786
5914625,8192,1,706329,61447371947,52480596451
5922817,8192,1,694577,62089394033,50474453090
5931009,8192,1,846968,57980071725,52672456822
5939201,8192,1,966559,59961762656,59058880014
5947393,8192,1,901788,60279415753,58056620475
5955585,8192,1,802864,60414676596,56251621158
5963777,8192,1,685110,63069117237,52682833538
5971969,8192,1,649712,59686231052,51784329661
5980161,8192,1,1036796,60094784408,63597178519
5988353,8192,1,1003503,59416305051,62868591322
5996545,8192,1,1027604,59615250433,61689593477
6004737,8192,1,892103,60438506569,66164243130
6012929,8192,1,880312,59806694762,62011183798
6021121,8192,1,1109642,60025112508,66299876790
6029313,8192,1,1094954,59640226996,65778847470
6037505,8192,1,1030417,59369607024,62305052064
6045697,8192,1,1057200,55900815277,64461228275
6053889,8192,1,940339,50753517403,56418705428
6062081,8192,1,1047645,56417459765,63305192449
6070273,8192,1,1070344,58612928291,65776169420
6078465,8192,1,1040326,59160341340,62016643713
6086657,8192,1,1032939,59245645508,58895923863
6094849,8192,1,978106,58080730358,59012161853
6103041,8192,1,949935,59434287423,62291404973
6111233,8192,1,814440,62418352419,80230084226
6119425,8192,1,756883,61929340206,82839337621
6127617,8192,1,891700,57927536222,69853716501
6135809,8192,1,894373,54124139868,57036468365
6144001,8192,1,948844,54474431056,61205605311
6152193,8192,1,949060,55935295379,60270754729
6160385,8192,1,940733,57179985070,61803979794
6168577,8192,1,875004,59767193046,68187907124
6176769,8192,1,854844,58633356661,62338676789
6184961,8192,1,869810,57172923878,62840081503
6193153,8192,1,858339,58716480746,64676795409
6201345,8192,1,808091,59068730609,62744352710
6209537,8192,1,816753,58875189706,66685120602
6217729,8192,1,809455,58560010270,64513216939
6225921,8192,1,839253,57560207356,63481877001
6234113,8192,1,845776,59019049499,65016908537
6242305,8192,1,804291,57082938691,66323151455
6250497,8192,1,779310,58293679134,62575507255
6258689,8192,1,935783,58551901338,65656957636
6266881,8192,1,832343,56739213761,63655478896
6275073,8192,1,815239,56879687612,64363934761
6283265,8192,1,869622,56503858451,62698493463
6291457,8192,1,753911,57192973874,64282200775
6299649,8192,1,796408,58492213661,63951258158
6307841,8192,1,775867,57819406693,63722152141
6316033,8192,1,731815,55554664930,60043331847
6324225,8192,1,801177,56055100336,62507654201
6332417,8192,1,702924,55639554786,60667034526
6340609,8192,1,628921,57287631240,60623398851
6348801,8192,1,701014,56796985035,58550814586
6356993,8192,1,679990,56753862938,61607391054
6365185,8192,1,679678,56844041949,54049465666
6373377,8192,1,730260,55694660589,62479895705
6381569,8192,1,631122,56053435110,57024012302
6389761,8192,1,623579,55480206989,58044621356
6397953,8192,1,722344,56431171315,59717466357
6406145,8192,1,629492,57158444543,59935227557
6414337,8192,1,709829,57357572825,59723722732
6422529,8192,1,613086,54942317621,53428599470
6430721,8192,1,606422,52576411946,55057791256
6438913,8192,1,642545,52459434620,55724821892
6447105,8192,1,731996,53145077742,55869293769
6455297,8192,1,724964,54306641564,62841560967
6463489,8192,1,815991,52726025166,60675607459
6471681,8192,1,729625,49182276339,52410916209
6479873,8192,1,669837,46831088707,47673629459
6488065,8192,1,747144,48122908769,52672919651
6496257,8192,1,717326,47958662805,60046987741
6504449,8192,1,718392,50909275438,57852391428
6512641,8192,1,730467,48392560754,54132629499
6520833,8192,1,738059,46131832206,54279770817
6529025,8192,1,724708,46477569891,52980760568
6537217,8192,1,800265,48971240353,56542002429
6545409,8192,1,787384,48497192206,54736265613
6553601,8192,1,698398,47187351487,54075745887
6561793,8192,1,737557,48788349686,54545647005
6569985,8192,1,764170,49888523955,56196575498
6578177,8192,1,680236,49997697795,49768682583
6586369,8192,1,749999,53088340658,51056625685
6594561,8192,1,705784,48019131508,53363816658
6602753,8192,1,656423,46400710382,52618523215
6610945,8192,1,849783,47748915390,56537106759
6619137,8192,1,801148,47807608803,56812947048
6627329,8192,1,765408,46669797740,53722103082
6635521,8192,1,743150,46887794423,54281622167
6643713,8192,1,665607,45877233135,55895146459
6651905,8192,1,758736,47427946240,58762715404
6660097,8192,1,827631,47805700088,57448783291
6668289,8192,1,740827,47033958754,55485256544
6676481,8192,1,701546,45737135850,54233892482
6684673,8192,1,693026,47473036303,55930308581
6692865,8192,1,744005,47361939810,54372558986
6701057,8192,1,728159,45355462532,53094525949
6709249,8192,1,803323,48175195526,55436074125
6717441,8192,1,731903,47282679908,55311736141
6725633,8192,1,669779,47058450238,50936401129
6733825,8192,1,736446,51234504987,55244718657
6742017,8192,1,845497,51556557281,58274174340
6750209,8192,1,783040,49450537411,54322998905
6758401,8192,1,785734,48600607825,51231297690
6766593,8192,1,644335,43880086628,47074090712
6774785,8192,1,718306,45320242271,50334834223
6782977,8192,1,787787,49300862376,55692985023
6791169,8192,1,797132,51216997662,53899988013
6799361,8192,1,778579,54480612692,66461390859
6807553,8192,1,777106,54418924892,62834926688
6815745,8192,1,641142,49816057934,60705864648
6823937,8192,1,767187,52605381030,61646788625
6832129,8192,1,795755,53448736123,64166912287
6840321,8192,1,787802,52776478133,66558097750
6848513,8192,1,788128,50809483628,65155780618
6856705,8192,1,703447,48678621512,62073938111
6864897,8192,1,720780,48100014209,56404559380
6873089,8192,1,753391,48766101024,55868412288
6881281,8192,1,726756,48283626988,57159145907
6889473,8192,1,759040,48229905528,55594908201
6897665,8192,1,733910,48871665264,60555498246
6905857,8192,1,752177,49522415159,58800342752
6914049,8192,1,802193,51410592357,55854249994
6922241,8192,1,859621,51928120590,59658341753
6930433,8192,1,800774,50391395202,58134865413
6938625,8192,1,748654,49387623217,56925093604
6946817,8192,1,796267,50255220086,59106953518
6955009,8192,1,748240,51693407873,55061769949
6963201,8192,1,806363,50150885645,61425667251
6971393,8192,1,728569,48656564463,60361520666
6979585,8192,1,735352,51199560672,61888031034
6987777,8192,1,699021,48682911486,63682472766
6995969,8192,1,634120,45831406577,53625493896
7004161,8192,1,892155,50536556554,62149809312
7012353,8192,1,782030,49273441119,61004149364
7020545,8192,1,741045,46097890688,55983361364
7028737,8192,1,762443,45093991002,56751131233
7036929,8192,1,853754,46603908786,56473377437
7045121,8192,1,810342,46377293130,56650940062
7053313,8192,1,770343,47471980730,56828895652
7061505,8192,1,683334,43555846112,52960785820
7069697,8192,1,838780,46875030520,58185283288
7077889,8192,1,763229,48582059456,55494182938
7086081,8192,1,751041,45191788480,54014150985
7094273,8192,1,795784,48515590361,55486283899
7102465,8192,1,787430,49228707462,54545043081
7110657,8192,1,985470,55948602087,60180604795
7118849,8192,1,879750,52775047845,59096939576
7127041,8192,1,771176,49224643811,56519404541
7135233,8192,1,810937,53308284328,61569034212
7143425,8192,1,915819,55117039138,65411414207
7151617,8192,1,910815,54754117820,61390655216
7159809,8192,1,886198,58713975871,65943737093
7168001,8192,1,726666,49138506055,54494709942
7176193,8192,1,693336,47109751685,53569326923
7184385,8192,1,724525,48036349840,51400524899
7192577,8192,1,708302,48268198216,52167052823
7200769,8192,1,727507,50120021956,54568037959
7208961,8192,1,790346,53098340347,59774371312
7217153,8192,1,906974,56741329110,61132095204
7225345,8192,1,933614,58596654890,64018782480
7233537,8192,1,885596,58671527494,64343634490
7241729,8192,1,1016104,61069572685,69798990550
7249921,8192,1,1020630,61369308543,65150648837
7258113,8192,1,985675,61058114637,70228689275
7266305,8192,1,1024395,60799942581,67687606187
7274497,8192,1,1073993,62911729753,71792405982
7282689,8192,1,959353,60722933235,68390884709
7290881,8192,1,721417,51558952034,60701191325
7299073,8192,1,635467,47439182717,57921244986
7307265,8192,1,768990,52539940390,60077410873
7315457,8192,1,782838,50497801672,59788050820
7323649,8192,1,736531,48680635829,57019826293
7331841,8192,1,693431,48979000213,58678946917
7340033,8192,1,700353,48470463657,58670112906
7348225,8192,1,656165,47754014325,54007438262
7356417,8192,1,706952,49781969594,59364372224
7364609,8192,1,702560,51552295972,56342129878
7372801,8192,1,748488,51189895210,57995655168
7380993,8192,1,672970,50289379405,55558065524
7389185,8192,1,618374,46747527961,55553617165
7397377,8192,1,731407,53849189259,59130696984
7405569,8192,1,823103,54459907520,58668123873
7413761,8192,1,820567,57996395789,64410192829
7421953,8192,1,759259,54880499899,61102002065
7430145,8192,1,709874,50266481813,56062700976
7438337,8192,1,799413,52617562312,61391425393
7446529,8192,1,803464,53862112844,63494946610
7454721,8192,1,776283,53348274726,61328580962
7462913,8192,1,841975,55623955618,62336638688
7471105,8192,1,853955,57452318218,66151774139
7479297,8192,1,795154,56297422443,63756359384
7487489,8192,1,889445,56376229780,67458930894
7495681,8192,1,1021969,60023042579,71614615838
7503873,8192,1,875237,55313971334,65931927868
7512065,8192,1,775071,49429826010,60014545522
7520257,8192,1,725889,47064363363,57298520313
7528449,8192,1,834843,51650564844,63800282157
7536641,8192,1,789507,50757917942,63726089224
7544833,8192,1,867687,54598783786,61907966589
7553025,8192,1,960725,56469515355,62688355830
7561217,8192,1,815707,50313874323,62159195106
7569409,8192,1,666231,46144005917,56598848638
7577601,8192,1,832815,54175134238,57670616696
7585793,8192,1,885526,58087439964,63669335768
7593985,8192,1,861278,55905434119,63294669584
7602177,8192,1,852806,50342783962,62660864565
7610369,8192,1,887841,49888381296,62792355491
7618561,8192,1,860187,54950616424,60724205184
7626753,8192,1,915348,54030183176,64311359327
7634945,8192,1,852309,51681051150,64665144389
7643137,8192,1,912370,53049696773,64244806215
7651329,8192,1,738803,45900258701,55048045152
7659521,8192,1,713836,45748826296,54577369569
7667713,8192,1,848035,50538533259,59196522008
7675905,8192,1,937742,55323766578,66379754025
7684097,8192,1,787627,54383889810,59542588278
7692289,8192,1,833589,53247672067,60417360277
7700481,8192,1,814204,49535470442,59246665201
7708673,8192,1,903137,54358941917,61864540654
7716865,8192,1,801151,62622317283,55557521904
7725057,8192,1,905524,59014777802,66004502230
7733249,8192,1,960512,58327935763,70746007574
7741441,8192,1,936278,56411432504,68557929339
7749633,8192,1,890324,53572479595,69353010319
7757825,8192,1,1027125,58522479696,75467602273
7766017,8192,1,1065365,61612038604,78983813010
7774209,8192,1,1133091,62039236317,77359306119
7782401,8192,1,1013568,61944787561,75958345488
7790593,8192,1,977456,60660792594,72714014191
7798785,8192,1,1062407,59684547724,75573325082
7806977,8192,1,1017774,59902115809,73538348429
7815169,8192,1,1154301,60693446908,74893923489
7823361,8192,1,1129298,60341384806,75603484540
7831553,8192,1,1048171,56590059373,71083261795
7839745,8192,1,1006866,55276418358,70780018738
7847937,8192,1,1266339,61467920318,74350037226
7856129,8192,1,1153575,60984143819,70731358601
7864321,8192,1,1115475,59852831907,74524467588
7872513,8192,1,1148287,60908945609,71697529560
7880705,8192,1,1236171,60021117831,76414891370
7888897,8192,1,1119286,58582250428,71476746971
7897089,8192,1,1116862,59438959515,72881891403
7905281,8192,1,1053564,59511201019,70944520395
7913473,8192,1,1018766,59916578393,72075188815
7921665,8192,1,1163030,58202234652,65996442196
7929857,8192,1,932972,56541598892,70236856192
7938049,8192,1,1335617,61768841096,74275851332
7946241,8192,1,1126115,60333225913,77546223848
7954433,8192,1,930625,59253863905,76368700514
7962625,8192,1,1155991,60318831521,76116582876
7970817,8192,1,1149787,58205892161,73910891494
7979009,8192,1,1168100,58675133580,73122581756
7987201,8192,1,1109590,60201568915,71194000893
7995393,8192,1,1246696,60953748469,70888783180
8003585,8192,1,1072671,58459135873,75699300063
8011777,8192,1,915176,52150084703,71306100801
8019969,8192,1,1048977,54347088319,70346390893
8028161,8192,1,1161083,57901070063,70487957751
8036353,8192,1,1038066,60739991885,70009980655
8044545,8192,1,1058512,61452870344,69353372436
8052737,8192,1,1224568,57520110354,68656281787
8060929,8192,1,883351,49034881564,61960276601
8069121,8192,1,1093556,54937862712,67660130638
8077313,8192,1,1171620,58985335698,73762915431
8085505,8192,1,970944,57604952668,70041188512
8093697,8192,1,1018286,53175452767,66866207707
8101889,8192,1,907967,52281783686,64521531539
8110081,8192,1,872493,50955441103,64886569021
8118273,8192,1,1016880,55439650663,70982043358
8126465,8192,1,893543,53041319100,67730412093
8134657,8192,1,1199821,58355280103,72303222529
8142849,8192,1,872903,50503746198,65779262649
8151041,8192,1,753363,48910092076,64098295637
8159233,8192,1,888841,55200745635,69664315638
8167425,8192,1,1358869,61654254721,67134461861
8175617,8192,1,919344,57647015958,71298466772
8183809,8192,1,948309,52872475578,65172151533
8192001,8192,1,738324,46746541520,58703490813
8200193,8192,1,738422,45469577722,58060439792
8208385,8192,1,812997,50384096789,62444141804
8216577,8192,1,1006640,52371646321,60678564382
8224769,8192,1,1163238,59595554009,69345108180
8232961,8192,1,798761,53019994658,64298863496
8241153,8192,1,697829,51960965721,60997993810
8249345,8192,1,841109,52000342474,64539101219
8257537,8192,1,930193,54459937700,68161236607
8265729,8192,1,975208,58222853369,69242560078
8273921,8192,1,1020904,56306070571,68075169625
8282113,8192,1,938526,53080739771,61402833801
8290305,8192,1,820570,51981464609,66083026090
8298497,8192,1,940581,58623412073,67978558142
8306689,8192,1,877846,57683653048,67578723715
8314881,8192,1,914277,57238738726,69629094296
8323073,8192,1,880678,51566549035,64399754306
8331265,8192,1,763133,51489770819,73615477535
8339457,8192,1,835498,52115559990,62688799479
8347649,8192,1,940995,53853618011,65662423962
8355841,8192,1,935120,59792349550,69146033680
8364033,8192,1,849350,54624898279,65108899576
8372225,8192,1,826549,50554075020,62622302422
8380417,8192,1,893359,53524916702,64467510805
8388609,8192,1,950037,59670381591,74692374589
8396801,8192,1,851952,59067138486,66919593392
8404993,8192,1,971316,58701071184,71060755550
8413185,8192,1,957288,57866515165,72297480710
8421377,8192,1,838965,57549256819,62965544213
8429569,8192,1,893296,61104343635,60535509905
8437761,8192,1,993838,59809150417,68364593947
8445953,8192,1,964813,60789904230,69932998894
8454145,8192,1,839047,59657647316,64921739206
8462337,8192,1,854037,59372454307,63543160626
8470529,8192,1,970235,60191471319,66789357424
8478721,8192,1,988342,61800831528,66123136084
8486913,8192,1,828164,61286830855,60926659364
8495105,8192,1,1002499,62022730823,64135557677
8503297,8192,1,989779,61828220456,62274275166
8511489,8192,1,835312,61844907375,57795274665
8519681,8192,1,889469,61679703719,58712430617
8527873,8192,1,965347,61385667796,59643183301
8536065,8192,1,931052,61592837583,60211051630
8544257,8192,1,754048,61629636775,56262095135
8552449,8192,1,803745,61961780469,59519237678
8560641,8192,1,939276,63530816772,63324964665
8568833,8192,1,851417,65923346777,63116063360
8577025,8192,1,841049,65623489141,62361887797
8585217,8192,1,992152,73222626803,68946766992
8593409,8192,1,817459,77878755186,65467750008
8601601,8192,1,699019,76628772865,65697999543
8609793,8192,1,811933,78058009201,65529420714
8617985,8192,1,949393,77470743277,75851992842
8626177,8192,1,869464,75793509999,71302034864
8634369,8192,1,739889,74187688186,64671529254
8642561,8192,1,818926,77685558439,69367514269
8650753,8192,1,825924,78026267904,71620945004
8658945,8192,1,812147,70393239512,79268152603
8667137,8192,1,785673,61570806794,71364018179
8675329,8192,1,816542,65781442449,68631341250
8683521,8192,1,757973,54004019478,65694079365
8691713,8192,1,683329,52246980326,60793159459
8699905,8192,1,849122,55659160493,66252013390
8708097,8192,1,975466,59263476741,71447540220
8716289,8192,1,913001,59041577975,70533051656
8724481,8192,1,868978,54281558998,64312884692
8732673,8192,1,805391,49494687484,61213885434
8740865,8192,1,812980,52561159401,64330627739
8749057,8192,1,822366,52666178343,64046146861
8757249,8192,1,919564,56098391378,68072673447
8765441,8192,1,968016,57877117485,70011441550
8773633,8192,1,860153,51481505907,61669434084
8781825,8192,1,790868,47257860195,57774234808
8790017,8192,1,942832,53538052783,64176789668
8798209,8192,1,940694,61685676481,72533450343
8806401,8192,1,885927,61658922238,66710714418
8814593,8192,1,1038029,61369004831,75065192953
8822785,8192,1,879793,52146272787,63829450264
8830977,8192,1,878509,55697156073,67018988704
8839169,8192,1,964736,62541552293,82061277435
8847361,8192,1,996914,61590833329,80338615625
8855553,8192,1,885028,55127615561,63634908088
8863745,8192,1,791523,55304861134,65674501502
8871937,8192,1,849887,63786091420,81777339537
8880129,8192,1,902373,61012686158,74216789440
8888321,8192,1,941387,59426643172,72266887957
8896513,8192,1,1133114,63866621409,83619693277
8904705,8192,1,802562,63727133550,85411890191
8912897,8192,1,845445,61409418399,82723675774
8921089,8192,1,1017609,65029754319,84694586940
8929281,8192,1,907925,63564436196,81110054766
8937473,8192,1,967802,66232587516,84330191139
8945665,8192,1,897482,65346650167,84467120766
8953857,8192,1,750217,65003544141,71062295577
8962049,8192,1,1086994,67502783028,84115150213
8970241,8192,1,951713,66237749089,78640123796
8978433,8192,1,981183,69267416517,78221581552
8986625,8192,1,1055590,68273551884,89622558416
8994817,8192,1,780717,56833119505,75123263639
9003009,8192,1,1036805,73004597454,86635357131
9011201,8192,1,1012222,71455636535,83261929854
9019393,8192,1,874242,71548472212,80946019821
9027585,8192,1,971248,66791843410,83139437966
9035777,8192,1,840102,64595196013,79602914148
9043969,8192,1,994170,64934612725,79524972434
9052161,8192,1,888691,65383679263,79440818006
9060353,8192,1,942244,57388886441,72382331636
9068545,8192,1,701653,48078807041,60167494540
9076737,8192,1,754798,61024714378,70268431859
9084929,8192,1,908482,65338335472,77296937902
9093121,8192,1,898709,68826620520,82412920845
9101313,8192,1,947022,69761741984,77595061705
9109505,8192,1,855685,64915604147,75926506082
9117697,8192,1,936510,68593558199,80387988374
9125889,8192,1,1110657,74193543274,88861099240
9134081,8192,1,974020,71692480309,86209345262
9142273,8192,1,971906,69278593897,82592427240
9150465,8192,1,940651,67361910005,80000616706
9158657,8192,1,931319,67770003761,79239482504
9166849,8192,1,1003627,67301994373,78257926483
9175041,8192,1,901224,64936435027,77271877696
9183233,8192,1,768025,58547006772,69393495884
9191425,8192,1,992708,64118389903,77047611538
9199617,8192,1,767537,60728207372,72019254206
9207809,8192,1,741824,53901328760,67991795183
9216001,8192,1,698064,49104444455,59245490095
9224193,8192,1,643992,47707551961,60976826315
9232385,8192,1,827015,55845001987,68936353538
9240577,8192,1,847844,59333225580,71227976238
9248769,8192,1,757262,52846524981,63976522325
9256961,8192,1,716538,54524823239,66164891585
9265153,8192,1,714126,49995214601,59006535581
9273345,8192,1,716731,54250605891,65344773675
9281537,8192,1,763184,56104624149,69831030986
9289729,8192,1,852003,63108379279,77022347238
9297921,8192,1,904053,60658920099,72394045246
9306113,8192,1,828610,56073471319,70614429924
9314305,8192,1,742441,55013686452,68780917354
9322497,8192,1,731295,52787689502,64881163542
9330689,8192,1,708369,52392880422,63760967949
9338881,8192,1,664925,47456678772,60953316118
9347073,8192,1,627062,59045841516,69456825427
9355265,8192,1,542072,51533409470,61067218219
9363457,8192,1,553768,51823161640,61370295441
9371649,8192,1,664552,57497993985,70778220217
9379841,8192,1,665352,58873592863,69868570047
9388033,8192,1,708523,60684737157,73559927531
9396225,8192,1,742494,61352845542,72559774285
9404417,8192,1,682535,52096944972,65772658394
9412609,8192,1,730720,56467680323,73044230734
9420801,8192,1,659919,65708295301,90988273356
9428993,8192,1,805946,68506237462,95305752774
9437185,8192,1,799261,70730540231,96880033857
9445377,8192,1,782815,64727852547,85199723261
9453569,8192,1,806095,57998734790,75666259700
9461761,8192,1,873153,60674145097,74278286066
9469953,8192,1,978600,68453757397,89401388962
9478145,8192,1,932038,68593126285,87886039962
9486337,8192,1,969887,65412428592,81681024991
9494529,8192,1,871662,61072195102,79042679531
9502721,8192,1,880415,67010896351,90852676836
9510913,8192,1,877077,62637487079,81464165616
9519105,8192,1,892491,66341797417,83765628604
9527297,8192,1,886525,63743218469,82648769347
9535489,8192,1,763034,56916289211,74283794270
9543681,8192,1,755739,51749236039,70871667687
9551873,8192,1,873175,63714325503,81928479648
9560065,8192,1,894671,66968083563,90535851240
9568257,8192,1,871975,67196685161,91022631353
9576449,8192,1,833002,63337835446,83996402071
9584641,8192,1,804983,57162122774,75617181152
9592833,8192,1,852642,58816487988,78572050108
9601025,8192,1,804419,61358444080,82221528855
9609217,8192,1,849312,58233450860,78458586003
9617409,8192,1,927929,63536028152,84125522199
9625601,8192,1,813905,59495790605,77773022108
9633793,8192,1,774141,59853748240,83985059176
9641985,8192,1,1008519,71796902215,94967668810
9650177,8192,1,946237,66707485905,84217694032
9658369,8192,1,908074,73540668043,100555438411
9666561,8192,1,1048466,76252778127,100660695771
9674753,8192,1,866412,68574360918,86874721201
9682945,8192,1,932972,70752871888,95490556830
9691137,8192,1,979047,71791734313,94090051534
9699329,8192,1,918888,67817796157,92295296201
9707521,8192,1,1104725,71177466006,102976019375
9715713,8192,1,1104271,71716325188,105986749051
9723905,8192,1,963052,66999392072,89610604891
9732097,8192,1,1005464,65795578186,90400430205
9740289,8192,1,1059837,67994246828,91502104200
9748481,8192,1,979162,67629006993,89401373851
9756673,8192,1,885081,62292836211,83809725518
9764865,8192,1,833802,62457382863,81031082732
9773057,8192,1,837546,61034522068,76477545999
9781249,8192,1,946051,67857791102,85071578311
9789441,8192,1,819208,65866256100,83137345218
9797633,8192,1,924104,68240421801,90932844404
9805825,8192,1,881246,68247029882,86256442164
9814017,8192,1,778987,66071308722,82435429763
9822209,8192,1,911174,69795340731,93275534010
9830401,8192,1,1006706,71978418806,95506970307
9838593,8192,1,1038633,71509025018,95430506487
9846785,8192,1,896865,69792988764,91497796635
9854977,8192,1,847711,67034768302,84340438181
9863169,8192,1,911641,68667883187,88242894454
9871361,8192,1,996682,70107950073,91090996040
9879553,8192,1,973566,69625920413,93385852151
9887745,8192,1,993179,71185747311,93826498558
9895937,8192,1,1003198,70717713319,92962557675
9904129,8192,1,1002534,71808040774,95981626649
9912321,8192,1,973237,71613101484,94474444920
9920513,8192,1,1033485,72846155160,92851822238
9928705,8192,1,1031123,73635393603,96022582113
9936897,8192,1,1080661,74097718137,96977475681
9945089,8192,1,978766,70891484395,92857503932
9953281,8192,1,1042650,72417886178,95353755795
9961473,8192,1,1112412,74009890439,98013464481
9969665,8192,1,1081752,73469731113,98762754581
9977857,8192,1,1115522,75780146275,101672585058
9986049,8192,1,1042699,73335453765,98610325324
9994241,8192,1,1012025,72304159780,99314763316
10002433,8192,1,947807,73177316635,97138723412
10010625,8192,1,993860,74248158794,95914681691
10018817,8192,1,1083307,76321832298,100535677836
10027009,8192,1,1144640,76778212899,103655820152
10035201,8192,1,1106267,76509496209,101396265005
10043393,8192,1,1136468,76529152684,105020640352
10051585,8192,1,1143192,76622953602,99319255096
10059777,8192,1,1071558,76691528658,99196258887
10067969,8192,1,1035874,75016157201,95912003559
10076161,8192,1,1190056,75265046958,95292105500
10084353,8192,1,1052095,76722732640,100219750157
10092545,8192,1,1059358,76839914668,103929468462
10100737,8192,1,1078590,77061038954,99869383706
10108929,8192,1,1104262,76917215732,93176847837
10117121,8192,1,1171376,77120896113,99418850787
10125313,8192,1,1065388,77604654123,105096484260
10133505,8192,1,1080586,77621034018,99966112292
10141697,8192,1,1185945,77375102520,99230857253
10149889,8192,1,1118057,77079879819,97559036676
10158081,8192,1,1140551,77535086646,103025141922
10166273,8192,1,1201889,77314405596,103240094932
10174465,8192,1,1114490,77129632609,103762577257
10182657,8192,1,1131014,76977719808,102586570740
10190849,8192,1,1225990,76646881261,102839389466
10199041,8192,1,1193971,77200838933,101459802166
10207233,8192,1,1174049,77770485494,103600725976
10215425,8192,1,1131601,77893106666,101361113455
10223617,8192,1,1214716,77082495252,100619260606
10231809,8192,1,1239036,76812658037,102927954280
10240001,8192,1,1174334,77539060580,105473863423
10248193,8192,1,1147536,77645370823,107470258371
10256385,8192,1,1130296,76924591639,105305318753
10264577,8192,1,1030018,77324495149,104895153894
10272769,8192,1,1086505,77623073831,103747573573
10280961,8192,1,1133919,77708872357,105270957026
10289153,8192,1,1154060,77788627230,103921764365
10297345,8192,1,1188569,79487887047,112578947706
10305537,8192,1,1162732,92108783782,130014695033
10313729,8192,1,1258422,92807705936,123367798561
10321921,8192,1,1454915,92532120917,124155550274
10330113,8192,1,1363088,93006927167,126965768492
10338305,8192,1,1297387,91799653406,125364909576
10346497,8192,1,1317779,93102367684,126882565832
10354689,8192,1,1316959,92167733414,126069128679
10362881,8192,1,1294409,91868826372,123128214018
10371073,8192,1,1371189,92625323824,124718367893
10379265,8192,1,1370935,91279955444,123620248148
10387457,8192,1,1323638,91353035083,126215787435
10395649,8192,1,1176812,92192015743,128106398901
10403841,8192,1,1130901,92191092473,123118994045
10412033,8192,1,1365356,91517607743,123731677600
10420225,8192,1,1350461,91558164098,123521560951
10428417,8192,1,1325279,93052871840,127292648020
10436609,8192,1,1315451,92424243235,125614259317
10444801,8192,1,1280543,91824104587,126805299392
10452993,8192,1,1386630,92677741195,125883028895
10461185,8192,1,1350573,93443272480,129217987758
10469377,8192,1,1413221,93408214190,122577616658
10477569,8192,1,1409852,91813150323,117838758783
10485761,8192,1,1325146,92491978229,124640784608
10493953,8192,1,1360475,93375068735,127642225512
10502145,8192,1,1477277,93028293528,124903700675
10510337,8192,1,1458912,93395121237,125899811078
10518529,8192,1,1407547,93881286759,131373603389
10526721,8192,1,1441709,95010075686,129360179959
10534913,8192,1,1517598,98525141995,138145522763
10543105,8192,1,1527082,98878550793,135813265435
10551297,8192,1,1529306,98563439926,136517421745
10559489,8192,1,1488034,98120186326,129033799338
10567681,8192,1,1545901,98405600084,132124150939
10575873,8192,1,1481930,98131779771,134745440627
10584065,8192,1,1392202,98224165663,134911405935
10592257,8192,1,1533065,98063078190,131670379918
10600449,8192,1,1520463,98076761196,134336446911
10608641,8192,1,1485632,97643007726,131534681315
10616833,8192,1,1537129,98094168122,129824120494
10625025,8192,1,1531409,97567851758,125898831714
10633217,8192,1,1605029,98527900785,129109601169
10641409,8192,1,1581691,98109215587,126088262548
10649601,8192,1,1533873,98321831677,121571699745
10657793,8192,1,1556816,98751922551,123713948989
10665985,8192,1,1455320,98419002087,129637221001
10674177,8192,1,1399828,98856138099,128007286336
10682369,8192,1,1543182,99064986797,126308443167
10690561,8192,1,1541635,98835373983,125299710601
10698753,8192,1,1495339,99053764120,128503469478
10706945,8192,1,1535453,99205973257,131472345517
10715137,8192,1,1411860,98432768557,129916485010
10723329,8192,1,1465940,98922916151,129718262049
10731521,8192,1,1445079,99057744442,130559100097
10739713,8192,1,1409598,98835109309,130835356141
10747905,8192,1,1434689,98604438114,128307354616
10756097,8192,1,1432351,98393824834,126230404761
10764289,8192,1,1436449,98995119384,123957268902
10772481,8192,1,1494024,98865322370,121449681940
10780673,8192,1,1564213,98943876509,120739651928
10788865,8192,1,1487517,99069578049,120964486335
10797057,8192,1,1431398,98631734597,128531391905
10805249,8192,1,1279797,97861496443,128792469375
10813441,8192,1,1314075,99369544817,130782024716
10821633,8192,1,1326300,98850079622,125092120187
10829825,8192,1,1297628,99169380318,125067126740
10838017,8192,1,1376879,98939998883,124168324966
10846209,8192,1,1346219,99403792278,126309681464
10854401,8192,1,1323252,99251403001,125526124830
10862593,8192,1,1334976,99494857878,127567821361
10870785,8192,1,1341365,99559553820,128177191700
10878977,8192,1,1470136,99262735048,123730458491
10887169,8192,1,1685788,99549571043,124812589132
10895361,8192,1,1395013,99353151545,130907284466
10903553,8192,1,1353200,99129856294,130070453980
10911745,8192,1,1436134,99015606534,129031837420
10919937,8192,1,1372106,99208153089,127074613634
10928129,8192,1,1338149,99199886160,129917531662
10936321,8192,1,1303750,99210160521,130326794775
10944513,8192,1,1283208,99611151083,129307612180
10952705,8192,1,1319801,99531959189,124452528980
10960897,8192,1,1352636,99310002799,125629628916
10969089,8192,1,1375102,99466085443,127115248360
10977281,8192,1,1318730,99628423479,131339389853
10985473,8192,1,1227266,99669860657,127790597820
10993665,8192,1,1251634,99764662138,127429259494
11001857,8192,1,1356592,99619090549,129046750073
11010049,8192,1,1378517,99485553104,130999331897
11018241,8192,1,1275742,98374192970,127755426991
11026433,8192,1,1354490,99298692809,129342850115
11034625,8192,1,1310112,97186693575,126036761814
11042817,8192,1,1334103,99245280398,130085983834
11051009,8192,1,1363729,99758052158,129597499424
11059201,8192,1,1433294,99811214650,130755895499
11067393,8192,1,1554046,99865509853,137156968656
11075585,8192,1,1348576,99492264844,136039209518
11083777,8192,1,1248034,99629928157,133380799948
11091969,8192,1,1401515,99673560434,136332829549
11100161,8192,1,1447762,99741103137,135500992716
11108353,8192,1,1485144,99829077573,137299580823
11116545,8192,1,1398817,99670502872,132898028895
11124737,8192,1,1270161,99750583272,132634836958
11132929,8192,1,1320965,100173706874,132717327373
11141121,8192,1,1325674,99897977809,134228066691
11149313,8192,1,1402938,99852564415,133085545481
11157505,8192,1,1427512,99848646888,130761680724
11165697,8192,1,1399016,99824607865,133242986521
11173889,8192,1,1294020,99650819487,134496614731
11182081,8192,1,1438620,99932057170,138287448178
11190273,8192,1,1438914,100005225132,133752354036
11198465,8192,1,1443942,99739876237,136987354850
11206657,8192,1,1412633,99729278350,138288578363
11214849,8192,1,1380570,99693471850,138786699678
11223041,8192,1,1383145,99903866172,137262133576
11231233,8192,1,1478358,100104962850,137362348667
11239425,8192,1,1347924,99887377082,136765324463
11247617,8192,1,1381274,100222018318,133167300109
11255809,8192,1,1444439,99786699446,140108762141
11264001,8192,1,1316079,99890293002,136952721680
11272193,8192,1,1347710,99946984814,137291176212
11280385,8192,1,1484505,99851935427,139444047439
11288577,8192,1,1396744,99998982049,141966502530
11296769,8192,1,1470900,99784151152,140801260229
11304961,8192,1,1430049,99687376856,144256294489
11313153,8192,1,1453839,99667400561,143600836689
11321345,8192,1,1595756,99733144268,142776803179
11329537,8192,1,1528036,99788326430,142349953555
11337729,8192,1,1445057,99542969394,142951573068
11345921,8192,1,1359299,100074192393,137616591318
11354113,8192,1,1214427,99786388904,135930150810
11362305,8192,1,1448539,99876697498,142267389449
11370497,8192,1,1443442,99905517041,142399115012
11378689,8192,1,1372946,99494705111,137936150602
11386881,8192,1,1460716,99919270857,141420545045
11395073,8192,1,1324871,99802789764,140162681580
11403265,8192,1,1294644,99751712798,138977906166
11411457,8192,1,1427163,99936036914,138392644354
11419649,8192,1,1470939,99901096311,138743010628
11427841,8192,1,1374494,99957562220,137819949265
11436033,8192,1,1412862,100230306566,138305807840
11444225,8192,1,1374249,100053691309,137606156001
11452417,8192,1,1571219,99840223592,138783482897
11460609,8192,1,1495879,100010686253,137598487353
11468801,8192,1,1604419,100116741671,143215376102
11476993,8192,1,1633118,99820704698,139485329471
11485185,8192,1,1504462,99935838936,146611069104
11493377,8192,1,1317697,100499782245,144604786168
11501569,8192,1,1456024,100174119560,138816175773
11509761,8192,1,1513323,100006134277,136644253821
11517953,8192,1,1519607,99951925790,139873284475
11526145,8192,1,1383406,99807024509,139421214114
11534337,8192,1,1422653,100061173912,143998007228
11542529,8192,1,1545477,99930647157,142807883398
11550721,8192,1,1558532,100242503361,141338295166
11558913,8192,1,1504436,99761429052,139975899648
11567105,8192,1,1457170,99838244510,141592301982
11575297,8192,1,1421856,100360462892,141693221610
11583489,8192,1,1555722,100143247311,143830753270
11591681,8192,1,1574678,99900660852,142106615390
11599873,8192,1,1594565,100048647754,143479336001
11608065,8192,1,1659040,100329595801,146911892987
11616257,8192,1,1617443,100220177970,142107856123
11624449,8192,1,1532623,100080599389,142298383143
11632641,8192,1,1542361,100037161583,144660863152
11640833,8192,1,1571861,100308996380,140930640559
11649025,8192,1,1395721,100378559333,142857724892
11657217,8192,1,1490221,100226114683,143939552295
11665409,8192,1,1513739,99985733401,141412486596
11673601,8192,1,1486715,99964988407,141356717869
11681793,8192,1,1497379,99497295251,143167034746
11689985,8192,1,1555675,99583756838,141500304892
11698177,8192,1,1526425,99975239456,139188820688
11706369,8192,1,1506885,100205850486,158900164986
11714561,8192,1,1417140,100076759648,162932339420
11722753,8192,1,1419327,100185239943,153687225207
11730945,8192,1,1535326,99752558396,142664590760
11739137,8192,1,1475350,100121062315,140617133794
11747329,8192,1,1462315,100110564487,142827759768
11755521,8192,1,1607984,100218708518,143161084606
11763713,8192,1,1561092,100091344980,140888210327
11771905,8192,1,1634365,99974635368,136803136830
11780097,8192,1,1611463,100152909187,141452760122
11788289,8192,1,1659488,100051303446,138952854662
11796481,8192,1,1665774,99976385541,139343894246
11804673,8192,1,1595345,99986758305,136834203592
11812865,8192,1,1524046,99728316562,138715789246
11821057,8192,1,1641213,100165414493,138568598080
11829249,8192,1,1680031,99908869524,138258722356
11837441,8192,1,1612325,99880712091,140617994800
11845633,8192,1,1614251,99971067648,142261780525
11853825,8192,1,1556277,99978320446,141956057777
11862017,8192,1,1512954,100017672279,142724922962
11870209,8192,1,1549037,99886206895,140373525318
11878401,8192,1,1571428,100164009970,142474526475
11886593,8192,1,1668305,100312517315,140665160729
11894785,8192,1,1682065,100025730811,144215605920
11902977,8192,1,1570310,100112225843,145616134873
11911169,8192,1,1644933,100154217941,143247116875
11919361,8192,1,1656821,100207884794,143640129204
11927553,8192,1,1582493,100126425907,140844346911
11935745,8192,1,1521475,100167079312,142399097166
11943937,8192,1,1521683,100388045346,147484319154
11952129,8192,1,1489299,99966830319,150122356928
11960321,8192,1,1544635,100287189976,147360046475
11968513,8192,1,1561452,100362822758,148203496445
11976705,8192,1,1547967,99807104865,148597358870
11984897,8192,1,1485163,100423627141,142331392935
11993089,8192,1,1491502,100554250927,143387615760
12001281,8192,1,1511597,100501602390,144127451075
12009473,8192,1,1613129,100389557491,148272993275
12017665,8192,1,1618139,100182492628,146281261193
12025857,8192,1,1670231,100793818551,141325738245
12034049,8192,1,1618179,100973456970,144026620742
12042241,8192,1,1636290,100626663293,144132419291
12050433,8192,1,1664045,100791135270,140456979892
12058625,8192,1,1614383,100610086286,139772965747
12066817,8192,1,1626536,100553630407,140664389310
12075009,8192,1,1627135,100664025896,144695897612
12083201,8192,1,1538091,100839562356,146147463068
12091393,8192,1,1630555,100752831001,139924086607
12099585,8192,1,1633198,100611408516,145407058176
12107777,8192,1,1693381,100714695598,143611199906
12115969,8192,1,1640460,100682351254,144097368293
12124161,8192,1,1538108,100693050780,146197207024
12132353,8192,1,1528903,100580839188,145171740268
12140545,8192,1,1638145,100567752635,145837170345
12148737,8192,1,1686577,100662518085,144230041492
12156929,8192,1,1700547,100764775287,146948267111
12165121,8192,1,1713298,100590983304,149879220587
12173313,8192,1,1558439,100652606920,147436948351
12181505,8192,1,1598931,100706966213,148309224498
12189697,8192,1,1658474,100768276142,149511191899
12197889,8192,1,1637377,100917775639,147196610818
12206081,8192,1,1654920,100978253443,148225398579
12214273,8192,1,1653938,101056372273,150256323035
12222465,8192,1,1558132,101083378473,153241011252
12230657,8192,1,1706312,101058340035,152292757880
12238849,8192,1,1767076,101153617321,152589894506
12247041,8192,1,1547107,101156385394,154885655474
12255233,8192,1,1807586,101213455045,152411538535
12263425,8192,1,1827918,101340557214,151264499373
12271617,8192,1,1812421,101225928616,153766484579
12279809,8192,1,1929005,102065174460,149668816337
12288001,8192,1,1974887,113736085303,169782134776
12296193,8192,1,2023402,120815230694,184261707013
12304385,8192,1,1812523,120875986075,183389813843
12312577,8192,1,1728126,121038645094,192531085862
12320769,8192,1,1828550,120484717452,190529950421
12328961,8192,1,1856686,120211855092,190835603332
12337153,8192,1,1960808,120130384288,184040039251
12345345,8192,1,1834647,120407730128,188425292163
12353537,8192,1,1789128,120394301428,195561224598
12361729,8192,1,1845221,120562860077,193125520836
12369921,8192,1,1928680,120791685995,191740544260
12378113,8192,1,1897871,120919218796,190652476704
12386305,8192,1,1956011,121273660873,189934911748
12394497,8192,1,2024916,121410961017,186661761069
12402689,8192,1,2206937,120878046089,186093619406
12410881,8192,1,2161590,121219190569,176744656743
12419073,8192,1,2154173,120712639060,171543925654
12427265,8192,1,2025421,121107996489,185897721707
12435457,8192,1,1919756,121298892011,185361591249
12443649,8192,1,1849268,121098408850,186327930375
12451841,8192,1,1841994,121305918840,191628241961
12460033,8192,1,1812728,121289513405,187214569947
12468225,8192,1,1836821,121131924561,202982472602
12476417,8192,1,1847130,121013257890,194763122841
12484609,8192,1,1726342,121110215473,194267759833
12492801,8192,1,1565797,121227551605,196092321161
12500993,8192,1,1661227,120989838462,191731212509
12509185,8192,1,1657744,121397791130,191156468042
12517377,8192,1,1686415,120881512313,188450659218
12525569,8192,1,1635921,121020595616,184811835901
12533761,8192,1,1638295,120828007952,190134239619
12541953,8192,1,1630729,121115033416,191753825657
12550145,8192,1,1669238,121350515963,191981596631
12558337,8192,1,1606500,120840646922,184640823551
12566529,8192,1,1705647,120843737763,192532078220
12574721,8192,1,1593840,120738844726,188973093939
12582913,8192,1,1428541,118845017866,187821003062
12591105,8192,1,1527605,119581549488,193653003073
12599297,8192,1,1538160,121177086792,193516122551
12607489,8192,1,1544054,120921611838,192411195538
12615681,8192,1,1489350,121042433482,191425704377
12623873,8192,1,1435704,119449851412,191285028943
12632065,8192,1,1452687,118027659375,190925944059
12640257,8192,1,1546021,120587022943,192281705420
12648449,8192,1,1522355,120371457890,191185246311
12656641,8192,1,1515099,120323786912,190349479581
12664833,8192,1,1463056,119801520354,185418007761
12673025,8192,1,1336569,117778012653,184073207144
12681217,8192,1,1523979,120492919264,196995722053
12689409,8192,1,1641347,120800581446,199996515686
12697601,8192,1,1517616,120209411085,195376074614
12705793,8192,1,1572885,120784865947,192170516227
12713985,8192,1,1443041,119223702600,189084768053
12722177,8192,1,1560503,118711360145,192277843056
12730369,8192,1,1710200,120752573783,200745210828
12738561,8192,1,1525513,120574020911,191565422762
12746753,8192,1,1545180,120340259097,193544867953
12754945,8192,1,1491209,119617730910,187622916741
12763137,8192,1,1419517,119567393503,191493621172
12771329,8192,1,1443602,118754868552,193458321988
12779521,8192,1,1749998,120716159388,179877418928
12787713,8192,1,1637823,120792717738,185450027928
12795905,8192,1,1547938,120670804712,184306288154
12804097,8192,1,1433400,119784397229,189082504111
12812289,8192,1,1468640,119538963045,186615380630
12820481,8192,1,1536022,121005829418,185748199057
12828673,8192,1,1544028,120698206806,189982856531
12836865,8192,1,1619752,120820573618,193099029851
12845057,8192,1,1531456,120973407095,186994555732
12853249,8192,1,1483024,120987635474,184532978658
12861441,8192,1,1519507,120664198995,192891929237
12869633,8192,1,1543637,120610778641,198889626392
12877825,8192,1,1551096,121002511251,199334422742
12886017,8192,1,1516209,121052750886,198126680227
12894209,8192,1,1517293,120791191879,204914233108
12902401,8192,1,1553524,121085055387,202009101907
12910593,8192,1,1693757,121300295216,201582026360
12918785,8192,1,1672044,121340799798,195669103335
12926977,8192,1,1655404,120941956310,199072982667
12935169,8192,1,1569906,120926210670,197166670794
12943361,8192,1,1540925,121105298293,204566911757
12951553,8192,1,1641688,121015559738,196911594163
12959745,8192,1,1563783,120859188337,199078225040
12967937,8192,1,1512297,121685096229,194194810302
12976129,8192,1,1516976,126805399318,194205314112
12984321,8192,1,1530715,126881112753,196839213199
12992513,8192,1,1500023,126849103803,196563463296
13000705,8192,1,1525062,126762365924,188587721878
13008897,8192,1,1570898,126628575442,192307030863
13017089,8192,1,1515070,126715629496,193394182465
13025281,8192,1,1491295,126737597201,187605336930
13033473,8192,1,1399447,126800876454,188892440684
13041665,8192,1,1612103,126573305644,194015159456
13049857,8192,1,1564889,126570069748,193861445599
13058049,8192,1,1549927,126511290892,194991805060
13066241,8192,1,1574840,126648398482,198285654071
13074433,8192,1,1517669,127023106100,200362183188
13082625,8192,1,1555248,127201822791,202846201399
13090817,8192,1,1556053,126522950159,193682550820
13099009,8192,1,1504861,126490789213,195150530728
13107201,8192,1,1482066,126504578382,193925418756
13115393,8192,1,1426374,126482546404,184578042667
13123585,8192,1,1422652,126575548760,186681832979
13131777,8192,1,1500669,126501919615,193072226212
13139969,8192,1,1580952,126501645806,188226555403
13148161,8192,1,1572191,126580580822,178748432150
13156353,8192,1,1502663,126435071350,168384506579
13164545,8192,1,1495807,126867900914,172664008280
13172737,8192,1,1485620,126758082578,179705824122
13180929,8192,1,1624283,126445008957,182184670083
13189121,8192,1,1487793,126454067159,175941783068
13197313,8192,1,1590087,126448018907,184908583386
13205505,8192,1,1603957,126508967574,195451329926
13213697,8192,1,1515619,126648476624,194009721450
13221889,8192,1,1594506,126480910175,194043130580
13230081,8192,1,1571457,126542193961,196714855211
13238273,8192,1,1535402,126591571689,192459725676
13246465,8192,1,1493317,126453218947,185786099215
13254657,8192,1,1432522,126495905368,196830688429
13262849,8192,1,1488041,126602949682,197689622028
13271041,8192,1,1487836,126367437642,187472806347
13279233,8192,1,1482494,126265843066,194909779715
13287425,8192,1,1540706,126290664704,191890086366
13295617,8192,1,1431213,126416230124,195455641560
13303809,8192,1,1381642,126377743039,190831401173
13312001,8192,1,1425200,126414184386,189188336329
13320193,8192,1,1446442,126433497478,193123955840
13328385,8192,1,1451568,126525699709,191763893561
13336577,8192,1,1488450,126443773151,186281748586
13344769,8192,1,1448829,126470974452,201168561675
13352961,8192,1,1435386,126473514687,200501983375
13361153,8192,1,1537204,126540746888,191055346106
13369345,8192,1,1706359,126382828597,192062283026
13377537,8192,1,1739316,126452726028,191958666403
13385729,8192,1,1559597,126463514796,194159727144
13393921,8192,1,1464328,126468436719,197731663447
13402113,8192,1,1527548,126619040869,191133723172
13410305,8192,1,1540567,126512649425,194634303101
13418497,8192,1,1579041,126657363768,191395351143
13426689,8192,1,1652004,126401984278,185593195211
13434881,8192,1,1484258,126375922545,195976246627
13443073,8192,1,1553385,126524177526,200799030590
13451265,8192,1,1545506,126393109813,192252717960
13459457,8192,1,1617660,126509408506,197790932205
13467649,8192,1,1617160,126539220161,197174398725
13475841,8192,1,1597888,126604477600,198073262624
13484033,8192,1,1607554,126579892965,195776849319
13492225,8192,1,1693151,126510267086,196788950202
13500417,8192,1,1730955,126614551074,189138013136
13508609,8192,1,1907030,126451741784,185109105012
13516801,8192,1,1860726,126544257334,193351478616
13524993,8192,1,1743498,126502399379,192434247537
13533185,8192,1,1699555,126537553304,191592258899
13541377,8192,1,1797680,126444001381,190589607790
13549569,8192,1,1806412,126438385106,200733687293
13557761,8192,1,1726244,126479692212,194740486542
13565953,8192,1,1638285,126346564082,197681604951
13574145,8192,1,1634714,126449381758,204288078347
13582337,8192,1,1718939,126525685269,193102646848
13590529,8192,1,1768713,126417251634,193649419888
13598721,8192,1,1731576,126409827801,189297245115
13606913,8192,1,1714696,126194994571,190845759848
13615105,8192,1,1662689,126332832338,202581366778
13623297,8192,1,1659344,126354562546,192219620574
13631489,8192,1,1688326,126167088507,197074463928
13639681,8192,1,1740343,126358272138,202106120702
13647873,8192,1,1656537,126321177990,196351972465
13656065,8192,1,1504782,126229054599,200084210196
13664257,8192,1,1627117,126324235982,199057133450
13672449,8192,1,1617372,126397597617,193685184119
13680641,8192,1,1717682,126185351143,200738983964
13688833,8192,1,1681875,126418968592,201101352925
13697025,8192,1,1659942,126214234182,199223966452
13705217,8192,1,1493091,126442876345,196472414288
13713409,8192,1,1639977,126344852300,197209741939
13721601,8192,1,1637728,126406992783,192012266005
13729793,8192,1,1662768,126254851194,199283410689
13737985,8192,1,1572229,126483226636,201045648233
13746177,8192,1,1626524,126076081216,205528478980
13754369,8192,1,1809146,126386695047,211120297422
13762561,8192,1,1603948,126355692540,201073993082
13770753,8192,1,1713010,126362941154,209799126221
13778945,8192,1,1595162,126358123369,207779943861
13787137,8192,1,1503295,126594660549,199409738802
13795329,8192,1,1492449,126654128960,203305978355
13803521,8192,1,1550781,126482616958,205697782937
13811713,8192,1,1601370,126555088393,200292532010
13819905,8192,1,1499991,126600144015,201896817758
13828097,8192,1,1579600,126426324518,198556954888
13836289,8192,1,1451918,126589449884,209513851050
13844481,8192,1,1485911,126671407417,200015495955
13852673,8192,1,1510421,126431496750,195598877921
13860865,8192,1,1590569,126516589514,199379463615
13869057,8192,1,1615665,126504700303,204730694613
13877249,8192,1,1657339,126494229879,202619957339
13885441,8192,1,1530995,126632403991,209964570871
13893633,8192,1,1593121,126305831185,206765678100
13901825,8192,1,1594780,126628482611,193471937868
13910017,8192,1,1574979,126512975265,201604551629
13918209,8192,1,1528537,126494511250,216571558170
13926401,8192,1,1485566,126581521439,209691293882
13934593,8192,1,1516224,126693079215,211207767440
13942785,8192,1,1526924,126579720747,203045399341
13950977,8192,1,1595071,126529604427,216931894459
13959169,8192,1,1523136,126501530450,214383726878
13967361,8192,1,1498767,126596003961,211958248071
13975553,8192,1,1406922,126595942080,200883053529
13983745,8192,1,1599497,126504388876,197576363371
13991937,8192,1,1623488,126638294462,203225626211
14000129,8192,1,1622392,126578067124,201467342096
14008321,8192,1,1539581,126538188694,197076085640
14016513,8192,1,1479134,126565197225,217622999214
14024705,8192,1,1502447,126588974527,207678013994
14032897,8192,1,1478763,126487822388,208172477227
14041089,8192,1,1533746,126627724761,206958934659
14049281,8192,1,1519738,126594957346,206897108814
14057473,8192,1,1519493,126528476406,210649984227
14065665,8192,1,1378968,126547954984,198840306660
14073857,8192,1,1474826,126438035641,209701384324
14082049,8192,1,1461458,126597812191,209976779280
14090241,8192,1,1463314,126464976827,202747981781
14098433,8192,1,1441040,126385694310,201743295221
14106625,8192,1,1436453,126491228880,210439140762
14114817,8192,1,1496948,126733919140,207829663377
14123009,8192,1,1496987,126542528909,206371336660
14131201,8192,1,1452980,126436119407,208455159624
14139393,8192,1,1423186,126572325359,207582873484
14147585,8192,1,1569308,126563222552,214341453257
14155777,8192,1,1464535,126571618605,211710163220
14163969,8192,1,1479519,126524555259,209774415841
14172161,8192,1,1499313,126468901517,213415583749
14180353,8192,1,1565348,126623168177,207001795230
14188545,8192,1,1470830,126464552679,213773911022
14196737,8192,1,1400549,126494842685,214022661354
14204929,8192,1,1453105,126753079308,218063918642
14213121,8192,1,1460111,126568950512,209294641453
14221313,8192,1,1520459,126652167619,208251905988
14229505,8192,1,1499272,126638616386,214947295803
14237697,8192,1,1548944,126740822535,210927884874
14245889,8192,1,1633816,126506755658,226495865991
14254081,8192,1,1445619,126723848661,209210352255
14262273,8192,1,1431866,126541088768,206882464216
14270465,8192,1,1484052,126508469815,208968812168
14278657,8192,1,1449156,126566654615,211269225912
14286849,8192,1,1474927,126698119621,216649100979
14295041,8192,1,1393083,126635507728,213201525861
14303233,8192,1,1469593,126594053976,206507256706
14311425,8192,1,1512033,126538804256,210253528902
14319617,8192,1,1481371,126576921156,214513482547
14327809,8192,1,1430169,126566265060,213146990553
14336001,8192,1,1419150,126722723223,211915170507
14344193,8192,1,1480284,126435774983,217087095876
14352385,8192,1,1528548,126476867898,225944107494
14360577,8192,1,1546887,126808255314,228156762135
14368769,8192,1,1435509,126571790084,219034670828
14376961,8192,1,1386650,126499954858,221187816388
14385153,8192,1,1382223,126651656770,219295141654
14393345,8192,1,1488051,126664579673,217359512833
14401537,8192,1,1553934,126545677652,220366273368
14409729,8192,1,1634007,126563665151,214498248128
14417921,8192,1,1442200,126580746495,219089761422
14426113,8192,1,1413632,126478067233,226833749302
14434305,8192,1,1548109,126551840239,222356295177
14442497,8192,1,1470527,126615549801,220564753244
14450689,8192,1,1478434,126677467809,216006942579
14458881,8192,1,1458738,126597790863,216978287762
14467073,8192,1,1426514,126403031347,219412162308
14475265,8192,1,1482168,126709937913,223977372634
14483457,8192,1,1557468,126539321538,218256662199
14491649,8192,1,1470187,126437944162,216289448068
14499841,8192,1,1477967,126523369672,215320173242
14508033,8192,1,1465952,126535822834,237932880688
14516225,8192,1,1348724,126493420690,218661472482
14524417,8192,1,1408175,126557593458,215878678625
14532609,8192,1,1417407,126601214291,214775954707
14540801,8192,1,1453750,126608916838,213027958215
14548993,8192,1,1403369,126516523197,212194259495
14557185,8192,1,1395108,126600906242,222523312423
14565377,8192,1,1422523,126760302959,218120751168
14573569,8192,1,1419444,126405917316,208040095027
14581761,8192,1,1376103,126440498278,208314306646
14589953,8192,1,1432106,126608941369,213835314745
14598145,8192,1,1389518,126692065880,210228566313
14606337,8192,1,1325891,126592054869,223520601322
14614529,8192,1,1430620,126570249130,218547015933
14622721,8192,1,1640576,126530216669,221274774776
14630913,8192,1,1458194,126511255699,201880067152
14639105,8192,1,1452283,126394466641,213872818836
14647297,8192,1,1349319,126566104062,224036746094
14655489,8192,1,1452911,126604604446,216114144603
14663681,8192,1,1448499,126332373287,213563549906
14671873,8192,1,1483751,126448598311,216924280484
14680065,8192,1,1524626,126486693032,217682150153
14688257,8192,1,1527468,126545672360,217759755753
14696449,8192,1,1472173,126525431009,195977066400
14704641,8192,1,1419681,126533194875,210258471289
14712833,8192,1,1437270,126467171242,219696035429
14721025,8192,1,1512036,126367840991,217560092836
14729217,8192,1,1439500,126305664805,222669538906
14737409,8192,1,1387353,126409670149,221506245920
14745601,8192,1,1499311,126425130097,226148687403
14753793,8192,1,1558145,126172894422,223350378481
14761985,8192,1,1718804,126212903238,221244885299
14770177,8192,1,1717370,126029090030,223928256508
14778369,8192,1,1473904,126362945352,228798215550
14786561,8192,1,1449449,126492807622,236762765262
14794753,8192,1,1477860,126429514269,218094016431
14802945,8192,1,1512924,126383475179,220574638693
14811137,8192,1,1483765,126427560226,219360104602
14819329,8192,1,1469039,126465883445,211012413434
14827521,8192,1,1400910,126617871845,211247327959
14835713,8192,1,1464190,126577008600,214663232600
14843905,8192,1,1463597,126488966318,205111974335
14852097,8192,1,1435958,126350436560,203852396110
14860289,8192,1,1428608,126334006669,205970136579
14868481,8192,1,1442830,126593504235,210743414905
14876673,8192,1,1444089,126454820297,198947938395
14884865,8192,1,1489984,126427635219,197857610582
14893057,8192,1,1459687,126567897831,197078245116
14901249,8192,1,1429581,126389935326,190912003105
14909441,8192,1,1388421,126535790245,195147680851
14917633,8192,1,1472067,126496416288,194330457220
14925825,8192,1,1441937,126455027935,197859172527
14934017,8192,1,1444164,126497768001,188763279821
14942209,8192,1,1483479,126356513150,193616539204
14950401,8192,1,1440249,126385110650,214033236777
14958593,8192,1,1526412,126307268112,216506447412
14966785,8192,1,1552881,126293740397,219794765821
14974977,8192,1,1547396,126094740945,211957800735
14983169,8192,1,1536599,126211707939,207636556282
14991361,8192,1,1489033,126224000392,219169016930
14999553,8192,1,1453488,126264788639,212738463355
15007745,8192,1,1511797,126501254834,207690927961
15015937,8192,1,1503036,126279848457,207406798201
15024129,8192,1,1519956,126405073088,210101941989
15032321,8192,1,1423112,126368472028,194732096809
15040513,8192,1,1514298,126447574509,206340332622
15048705,8192,1,1540708,126248790503,200853697207
15056897,8192,1,1512494,126305588741,211684369007
15065089,8192,1,1499260,126337822141,205819568398
15073281,8192,1,1452264,126555139864,206830866948
15081473,8192,1,1479484,126496906125,203606826165
15089665,8192,1,1488701,126582720631,201322396257
15097857,8192,1,1503925,126385361299,199977710457
15106049,8192,1,1479703,126275675270,199287104863
15114241,8192,1,1487831,126443159552,202628084502
15122433,8192,1,1451943,126750094045,199202502627
15130625,8192,1,1432546,126356114172,198456490170
15138817,8192,1,1498517,126157841850,202328327039
15147009,8192,1,1502133,126486746806,201587733076
15155201,8192,1,1580935,126483403980,208076158200
15163393,8192,1,1575190,126219434040,208844350256
15171585,8192,1,1536284,126327883878,207159267907
15179777,8192,1,1488705,126401251390,205376140333
15187969,8192,1,1535856,126380404561,207001772433
15196161,8192,1,1502255,126340565283,210251839931
15204353,8192,1,1457865,126470528973,209397137634
15212545,8192,1,1475951,126706209220,213961567686
15220737,8192,1,2099730,126390140428,233352351367
15228929,8192,1,1507534,126385341833,213405075497
15237121,8192,1,1532314,126415790802,215472851082
15245313,8192,1,1492981,126326458992,213384955524
15253505,8192,1,1473283,126472813488,217146395516
15261697,8192,1,1660048,126534594704,221992840351
15269889,8192,1,1600297,126589300886,221273763107
15278081,8192,1,1808125,126391955349,227237591997
15286273,8192,1,1509403,126411630842,212883692795
15294465,8192,1,1492102,126503841855,218719239453
15302657,8192,1,1481006,126879977162,210678865914
15310849,8192,1,1455573,126338823947,203687220303
15319041,8192,1,1468523,126384171157,205203005833
15327233,8192,1,1455118,126452603869,203966902201
15335425,8192,1,1428014,126484960125,208070570791
15343617,8192,1,1414560,126583909748,210258355600
15351809,8192,1,1433222,126370246098,202224719590
15360001,8192,1,1438656,126724972455,210448080648
15368193,8192,1,1422503,126526502925,205802413382
15376385,8192,1,1417976,126364437949,210907425968
15384577,8192,1,1424419,126656766137,214536353750
15392769,8192,1,1381472,126593536534,204643131996
15400961,8192,1,1366854,126560232721,204319131026
15409153,8192,1,1391499,126696531231,210821111760
15417345,8192,1,1408332,126595281337,204912032343
15425537,8192,1,1382698,126492112406,208477981246
15433729,8192,1,1361048,126653338550,203497765775
15441921,8192,1,1392230,126508621863,203917169247
15450113,8192,1,1350466,126393470273,200759032040
15458305,8192,1,1425866,126500624148,202558858888
15466497,8192,1,1388874,126680471683,202506788472
15474689,8192,1,1432354,126763626150,209815952994
15482881,8192,1,1439442,126625747723,207174778536
15491073,8192,1,1418575,126514564670,210134937104
15499265,8192,1,1399446,126591544745,200406207704
15507457,8192,1,1421860,126366550708,206515869235
15515649,8192,1,1386719,126711988256,212595381156
15523841,8192,1,1434635,126473241960,202691913321
15532033,8192,1,1480058,126415568321,209523562421
15540225,8192,4702882,1539317,126223755357,206871222910
15548417,8192,4711204,1549433,125266962992,210360110266
15556609,8192,4719481,1506999,125314419131,214564514689
15564801,8192,4727753,1326511,125385512822,210754578913
15572993,8192,4736026,1301225,125359407921,207052436177
15581185,8192,4744366,1298022,125291818536,204422950643
15589377,8192,4752640,1292103,125493083866,209006491346
15597569,8192,4760873,1269576,125171890894,206705260572
15605761,8192,4769097,1281934,125158789139,211433140342
15613953,8192,4777324,1266483,125184058805,205167525449
15622145,8192,4785575,1310843,125352153039,207576192482
15630337,8192,4793834,1350424,125402191477,206779112902
15638529,8192,4802063,1271916,125290664131,203222894482
15646721,8192,4810311,1382229,125417435852,199783188190
15654913,8192,4818560,1341844,125241377890,204419094912
15663105,8192,4826793,1338871,125235624379,212275492690
15671297,8192,4835033,1473498,125267623539,191528290842
15679489,8192,4843307,1341943,125238576083,205347952963
15687681,8192,4851548,1358945,125339300495,209153256151
15695873,8192,4859783,1366233,125332552702,200667878625
15704065,8192,4868035,1366939,125309608945,204216402661
15712257,8192,4876269,1258668,125580844155,167854374651
15720449,8192,4884504,1269011,125586649741,177514259107
15728641,8192,4892734,1290568,125336795671,196611972868
15736833,8192,4900965,1218505,125671533571,194542217417
15745025,8192,4909209,1270641,125186719880,205627921658
15753217,8192,4917440,1222591,125621248902,198484519282
15761409,8192,4925676,1136071,125642950151,197598072259
15769601,8192,4933927,1207034,125446738312,203566577327
15777793,8192,4942152,1230057,125167110607,194096088850
15785985,8192,4950396,1236387,125097758007,198707407465
15794177,8192,4958625,1304488,125171471581,201057015592
15802369,8192,4966858,1224835,125188882612,198763291326
15810561,8192,4975086,1104271,125176226874,202300149763
15818753,8192,4983340,1191983,125462451283,204059851767
15826945,8192,4991606,1208452,124895221202,200734860597
15835137,8192,4999843,1258925,124696117492,205846855907
15843329,8192,5008082,1266737,124905141764,205856949948
15851521,8192,5016328,1181380,124808204719,201203463222
15859713,8192,5024572,1181075,124913583891,206832986738
15867905,8192,5032801,1198642,124853581395,205368446938
15876097,8192,5041067,1256946,124485974258,202953658048
15884289,8192,5049305,1185695,124420511601,207844604429
15892481,8192,5057550,1237468,124320433939,202354622726
15900673,8192,5065779,1160265,124212174085,208971138536
15908865,8192,5074016,1058092,124650352681,205152691346
15917057,8192,5082245,1154274,124317182853,206538687398
15925249,8192,5090476,1267752,124214048769,208731129514
15933441,8192,5098721,1375306,124264129443,221080362307
15941633,8192,5106967,1389702,123940720851,220622721333
15949825,8192,5115210,1290366,124034382029,214892744989
15958017,8192,5123438,1173643,124359427972,220409782334
15966209,8192,5131663,1310249,124224713160,226564425110
15974401,8192,5139899,1340522,124099640351,230748305252
15982593,8192,5148147,1235970,124322924690,218218177212
15990785,8192,5156389,1283371,124198929531,215045559277
15998977,8192,5164630,1225813,124186386101,212994704952
16007169,8192,5172864,1052847,124623074343,206455101115
16015361,8192,5181097,1052959,124493600992,219907201098
16023553,8192,5189331,1090688,124243013279,220944409059
16031745,8192,5197584,1104026,124381451256,216523281045
16039937,8192,5205840,1123041,124395808586,215012325104
16048129,8192,5214078,1134623,124830620768,214333632825
16056321,8192,5222314,1125502,124617193118,221348405799
16064513,8192,5230552,1010762,124683765373,222845239797
16072705,8192,5238780,1246034,124333477118,221831287334
16080897,8192,5247021,1178575,124260753374,225113137083
16089089,8192,5255267,1123580,124306431578,222129251364
16097281,8192,5263499,1140851,124439942230,217732383788
16105473,8192,5271733,1161857,124361331384,218743195401
16113665,8192,5279979,1109178,124669356777,226528929270
16121857,8192,5288231,1162628,124391196480,218202064452
16130049,8192,5296473,1180458,124399949367,214888014579
16138241,8192,5304780,1078802,124660642804,212924578343
16146433,8192,5313022,1399504,124480225073,229516624299
16154625,8192,5321262,1831486,124194901488,261078571407
16162817,8192,5329495,1289430,124612317459,242355244188
16171009,8192,5337741,1315758,124340884409,229429596290
16179201,8192,5345985,1305539,124066232016,233411307546
16187393,8192,5354220,1237219,124237008425,227357280311
16195585,8192,5362459,1242340,124164031098,223429719192
16203777,8192,5370696,1298513,123955699854,227837187715
16211969,8192,5378936,1110066,124443582796,232744952794
16220161,8192,5387165,1089412,124386084913,221033905845
16228353,8192,5395399,1161951,123977256702,218134073633
16236545,8192,5403630,1168807,124125228021,225265248164
16244737,8192,5411850,1131902,124288779632,224107971167
16252929,8192,5420067,1149718,124332292810,237572089243
16261121,8192,5428297,1006443,124925233758,247795252846
16269313,8192,5436528,1004179,124695474779,226921547380
16277505,8192,5444770,1149822,124398327669,227943266591
16285697,8192,5452994,1133861,124278260394,232200365820
16293889,8192,5461230,1092288,124265714717,235184067204
16302081,8192,5469460,1072509,124403719165,241837282980
16310273,8192,5477688,941325,124731511962,256902905519
16318465,8192,5485913,882467,124766784923,225893131863
16326657,8192,5494140,1064365,124413151568,218791080602
16334849,8192,5502372,1203661,124227087257,222361968975
16343041,8192,5510610,1295735,124036901019,232442402570
16351233,8192,5518848,1181661,124111787777,224232583052
16359425,8192,5527079,1079067,124533103336,244929632892
16367617,8192,5535309,1377208,124373927230,248075609417
16375809,8192,5543539,1202265,124039788633,244907379103
16384001,8192,5551774,1240571,124100331466,227531498714
16392193,8192,5560023,1251207,124003722518,230532598831
16400385,8192,5568264,1239850,124052994132,223256607648
16408577,8192,5576488,1265814,123867348059,240113060560
16416769,8192,5584742,1147721,124148195400,240578096395
16424961,8192,5592977,1192692,124003358239,241179276002
16433153,8192,5601200,1188570,124166203859,228490004192
16441345,8192,5609436,1214158,123872046169,235230167628
16449537,8192,5617666,1166299,124245007447,223874333342
16457729,8192,5625902,1176755,123985010086,239985419011
16465921,8192,5634141,1029846,124556794423,230026520958
16474113,8192,5642371,1087223,124368765692,223401725469
16482305,8192,5650601,1173116,124180458932,224759212290
16490497,8192,5658845,1158866,124219659457,226880172516
16498689,8192,5667082,1248259,124168429071,231637866579
16506881,8192,5675313,1170549,124282739423,231698408184
16515073,8192,5683551,1131564,124390215662,225229429508
16523265,8192,5691780,1225728,123979933211,227467990130
16531457,8192,5700013,1233882,124053338198,223953148294
16539649,8192,5708260,1211444,123988503328,231851655071
16547841,8192,5716525,1256586,123922282104,220879699589
16556033,8192,5724762,1230919,124009051113,221519487900
16564225,8192,5732991,1239040,124028389925,235085682018
16572417,8192,5741223,1226880,123982832351,229090948000
16580609,8192,5749471,1296813,123813847300,222000466843
16588801,8192,5757729,1266771,123805018180,226918029681
16596993,8192,5765970,1247419,123939513129,229798466823
16605185,8192,5774205,1147285,124058090877,230532403277
16613377,8192,5782440,1084123,124251855466,227065471173
16621569,8192,5790686,1209663,124076116461,226629313633
16629761,8192,5798933,1278174,124175952832,224979825274
16637953,8192,5807177,1330708,123602214180,214973127545
16646145,8192,5815423,1279631,123702477060,224608140045
16654337,8192,5823744,1183021,123877292698,230932021793
16662529,8192,5832032,1132813,124094677752,243647333008
16670721,8192,5840313,1209310,123989450841,238695500516
16678913,8192,5848599,1253099,123926563458,232855461819
16687105,8192,5856905,1251013,124004103042,231368866023
16695297,8192,5865191,1245742,123923427248,221648196954
16703489,8192,5873502,1235602,124080283695,239648919569
16711681,8192,5881803,1135044,124299971638,245794566420
16719873,8192,5890089,1154719,124214204463,234231036381
16728065,8192,5898362,1210401,123956363401,231008719443
16736257,8192,5906658,1246107,123945396983,221736012798
16744449,8192,5914960,1250768,123917230336,227573636423
16752641,8192,5923268,1232077,123922994202,226885996724
16760833,8192,5931557,1101217,124016467187,224825644954
16769025,8192,5939852,1115077,123940593590,218859372403
16777217,8192,5948143,1203820,123946925971,218402942068
16785409,8192,5956437,1190451,123833585470,217240913829
16793601,8192,5964730,1192548,123749498190,211780638001
16801793,8192,5973054,1222847,123956529365,224648113076
16809985,8192,5981358,1158585,123615753440,230011098906
16818177,8192,5989636,1190257,123880766762,234249290872
16826369,8192,5997923,1315502,124066841094,226610026938
16834561,8192,6006221,1280191,123785793744,219047409448
16842753,8192,6014515,1218102,123790540045,217226602919
16850945,8192,6022798,1219963,123930827780,222073116276
16859137,8192,6031084,1161119,123958338109,231338983698
16867329,8192,6039371,1171240,124129112556,230074042036
16875521,8192,6047642,1267203,123879852147,224410512603
16883713,8192,6055930,1262897,123950930417,225037232739
16891905,8192,6064228,1232554,123924166484,218107736313
16900097,8192,6072508,1261532,123799373290,214820429102
16908289,8192,6080793,1204241,123697797710,224697693759
16916481,8192,6089077,1166469,123872500417,231434399653
16924673,8192,6097362,1313286,123887439402,224025617978
16932865,8192,6105654,1318114,123736211580,229609007669
16941057,8192,6113948,1371249,123781285971,223360282040
16949249,8192,6122230,1324221,123851146021,224821475025
16957441,8192,6130520,1201645,123770774514,232600523001
16965633,8192,6138828,1130553,124115291400,231542339304
16973825,8192,6147196,1206396,123973096845,223726854376
16982017,8192,6155571,1296153,123799597728,221667418695
16990209,8192,6163998,1245876,123829143218,221676895616
16998401,8192,6172357,1236370,123949207012,224928568622
17006593,8192,6180713,1095386,124186445686,225824063745
17014785,8192,6189078,1097696,124373036821,248043204690
17022977,8192,6197431,1184850,124038711706,225530005760
17031169,8192,6205770,1232776,123930837647,223614593313
17039361,8192,6214644,1316623,123920763300,224543716385
17047553,8192,6223141,1373527,123682150949,225270792190
17055745,8192,6231549,1236837,124174335358,228990689410
17063937,8192,6239930,1008710,124612817560,224028947151
17072129,8192,6248275,1183210,123779206831,205880526779
17080321,8192,6256608,1260658,123645465790,200985907302
17088513,8192,6264965,1260278,123647922745,194788349920
17096705,8192,6273315,1195518,123606718765,208650393715
17104897,8192,6281580,1014510,124351735830,209184270509
17113089,8192,6289852,998796,124202567206,206030732700
17121281,8192,6298121,1079273,124077209846,201820484499
17129473,8192,6306398,1108894,124161798539,210445501348
17137665,8192,6314693,1094899,124246637405,214150327625
17145857,8192,6322984,1150300,124075434998,208095255047
17154049,8192,6331276,1053151,124293347868,207098137611
17162241,8192,6339552,1116778,123894911874,207393004318
17170433,8192,6347847,1259515,123549394465,193123170352
17178625,8192,6356141,1302281,123514410067,199992170213
17186817,8192,6364447,1268222,123677502767,200535756523
17195009,8192,6372722,1334072,123586995334,187321408203
17203201,8192,6381005,1375665,123325720760,182237107818
17211393,8192,6389309,1269359,123489821555,190474941675
17219585,8192,6397595,1316145,123397475306,194795398486
17227777,8192,6405886,1281602,123525891650,198732775571
17235969,8192,6414187,1256380,123586573657,194520557954
17244161,8192,6422571,1265659,123572520849,199496106303
17252353,8192,6431060,1227759,123671374561,214374015868
17260545,8192,6439423,1143861,123975679931,225603373939
17268737,8192,6447756,1247976,123689972357,207882374233
17276929,8192,6456078,1225854,123699524669,198558272812
17285121,8192,6464411,1200074,123686298402,217128602896
17293313,8192,6472712,1235586,123611194696,207375265094
17301505,8192,6481018,1244725,123809963167,212908666534
17309697,8192,6489326,1176759,123949583273,221000340548
17317889,8192,6497627,1224036,123535394964,206143792944
17326081,8192,6505936,1271485,123566158009,202342244837
17334273,8192,6514227,1213764,123611052485,210397045640
17342465,8192,6522521,1220033,123559546994,207188420518
17350657,8192,6530810,1190892,123706210400,216652960458
17358849,8192,6539086,1097182,123977816887,213172005377
17367041,8192,6547367,1232605,123526861260,199699089331
17375233,8192,6555668,1355447,123551402440,202310918256
17383425,8192,6563975,1256364,123670066137,207024718489
17391617,8192,6572280,1227341,123601410945,210610423683
17399809,8192,6580587,1246478,123797697040,216233458946
17408001,8192,6588914,1123000,124044778310,224866994901
17416193,8192,6597245,1269906,123743510946,221400668014
17424385,8192,6605563,1290349,123571782475,224854421790
17432577,8192,6613884,1215614,123977234268,219181471422
17440769,8192,6622203,1142107,124116885794,216298506248
17448961,8192,6630518,1318220,123834754157,233563827760
17457153,8192,6638828,1371127,124366947124,252886305551
17465345,8192,6647132,1139240,124284630535,230098231451
17473537,8192,6655432,1118499,124036532288,224050602216
17481729,8192,6663738,1167236,123974272274,219741502529
17489921,8192,6672036,1269205,123713974467,222500401626
17498113,8192,6680314,1278229,123781928256,220408155839
17506305,8192,6688575,1097821,124418769032,223401082153
17514497,8192,6696852,1200669,124340518916,221643801938
17522689,8192,6705139,1244132,123969649458,218553344698
17530881,8192,6713412,1254698,123801937893,218666537160
17539073,8192,6721698,1202255,123775890332,219691493875
17547265,8192,6729991,1183886,124107681984,225986492164
17555457,8192,6738288,1142197,124416112644,233996098349
17563649,8192,6746591,1094662,124391082754,232568865055
17571841,8192,6754910,1243595,124011718560,227157077734
17580033,8192,6763173,1246138,123656872333,216120359128
17588225,8192,6771437,1220773,123600570876,202259524465
17596417,8192,6779714,1285195,123589648360,209807847112
17604609,8192,6788002,1127444,123962367108,227825668430
17612801,8192,6796294,1108831,124051288689,225686686013
17620993,8192,6804576,1218492,123776521297,230139898909
17629185,8192,6812859,894478,125317003080,157923205078
17637377,8192,6821141,1009584,124520012251,177636381528
17645569,8192,6829423,1188604,123540108721,206396333155
17653761,8192,6837721,1145572,123736105560,215769425958
17661953,8192,6846009,1121758,123823005628,215136439026
17670145,8192,6854313,1256352,123679748158,214481671409
17678337,8192,6862607,1224990,123816739190,216191884594
17686529,8192,6870912,1264714,123654678978,206158313811
17694721,8192,6879202,1287665,123408708438,222621624905
17702913,8192,6887554,1098212,123991774872,230277375924
17711105,8192,6895845,1108258,123788035887,237082586689
17719297,8192,6904113,1232852,123693345817,223344996627
17727489,8192,6912402,1335960,123472687664,208200331225
17735681,8192,6920655,1213157,123578980328,212584307163
17743873,8192,6928910,1277573,123594496185,207980206231
17752065,8192,6937162,1154856,123439317921,211244322458
17760257,8192,6945412,1122970,123725286457,216814874925
17768449,8192,6953662,1166718,123587905718,211036377494
17776641,8192,6961925,1169406,123654616772,212963600924
17784833,8192,6970175,1152283,123604124435,216937271410
17793025,8192,6978424,1170610,123601748165,200297582441
17801217,8192,6986678,1130078,123548526906,225569349388
17809409,8192,6994934,1130415,123727490035,240531036007
17817601,8192,7003174,1191194,123693477330,239878242251
17825793,8192,7011410,1219535,123557826561,222088370102
17833985,8192,7019652,1204918,123575373732,216902608353
17842177,8192,7027902,1236320,123689649053,215405932641
17850369,8192,7036151,1265346,123558675615,221874155408
17858561,8192,7044407,1157496,123929573197,229794673385
17866753,8192,7052664,1183951,123658814084,216286826956
17874945,8192,7060922,1278407,123642908245,209517702778
17883137,8192,7069180,1199199,123569105452,215724545237
17891329,8192,7077424,1204048,123571644886,211484674701
17899521,8192,7085686,1149470,123705192123,218057021027
17907713,8192,7093924,1069430,123938547216,222269418264
17915905,8192,7102175,1145941,123688977805,218174547612
17924097,8192,7110423,1199646,123514505273,208460955274
17932289,8192,7118675,1221132,123514220373,207659956832
17940481,8192,7126933,1231073,123559394968,217345058501
17948673,8192,7135190,1248894,123623668837,225038830045
17956865,8192,7143454,1099647,123889088349,227997710699
17965057,8192,7151711,1157411,123638299505,217657454962
17973249,8192,7159953,1181639,123578092102,209623828970
17981441,8192,7168195,1188780,123426270631,213287167836
17989633,8192,7176448,1200236,123591117988,209881887565
17997825,8192,7184717,1177795,123566501958,218070508414
18006017,8192,7192955,1067515,123979983927,233133099352
18014209,8192,7201216,1110139,123876347374,216221839945
18022401,8192,7209486,1173383,123559378879,204626800400
18030593,8192,7217747,1177056,123507968462,216920163601
18038785,8192,7226002,1151703,123568189717,224792254323
18046977,8192,7234267,1129441,123895897097,232122010008
18055169,8192,7242532,1212054,124049690052,240338689144
18063361,8192,7250786,1140613,123712356534,227185633900
18071553,8192,7259026,1107207,123998293126,216858162719
18079745,8192,7267303,1229221,123576941238,214362523204
18087937,8192,7275548,1158819,123656399105,214580563923
18096129,8192,7283810,1140087,123714074502,219848827511
18104321,8192,7292076,1035592,124064972672,233035788887
18112513,8192,7300337,1068455,124125573099,232463691152
18120705,8192,7308598,1231558,123782706356,227340509175
18128897,8192,7316868,1804705,123807268147,258673212947
18137089,8192,7325152,1220780,123755928993,219867510232
18145281,8192,7333463,1167260,123474759659,221618784237
18153473,8192,7341807,1040843,124077823347,230498386728
18161665,8192,7350157,1045352,124076331700,233028266942
18169857,8192,7358440,1155698,123804646559,222870558915
18178049,8192,7366694,1168029,123738642967,223735769540
18186241,8192,7374947,1287030,123844935174,228807715978
18194433,8192,7383221,1126547,123712845708,225636223733
18202625,8192,7391475,987425,124535109821,234318089640
18210817,8192,7399742,1012301,124231635810,241489746918
18219009,8192,7407987,1160175,123996504845,222043279012
18227201,8192,7416247,1234696,123502477845,224945350826
18235393,8192,7424510,1192308,123850914107,227539594065
18243585,8192,7432769,1181081,123639714052,229057915570
18251777,8192,7441011,1122330,123791286451,231710185275
18259969,8192,7449248,1057141,124005826008,238556808661
18268161,8192,7457480,1149776,123780189861,226337341764
18276353,8192,7465732,1138922,123825049322,233514624764
18284545,8192,7473976,1116748,123912936549,231520948266
18292737,8192,7482227,1127798,124011657362,237319693826
18300929,8192,7490473,1167190,123832281793,242880108988
18309121,8192,7498722,1053420,124124411697,243494941825
18317313,8192,7506978,1133163,123892826376,240114540194
18325505,8192,7515227,1132535,123963669651,245525527541
18333697,8192,7523497,1174914,123807898511,242064806979
18341889,8192,7531758,1150732,124008898402,231984988942
18350081,8192,7540010,1095754,124066570254,239128171864
18358273,8192,7548250,1031926,124293311968,247260118710
18366465,8192,7556485,1169850,123796488548,228095564109
18374657,8192,7564737,1137885,123763453499,234928756343
18382849,8192,7572992,1137153,123739979971,233390322663
18391041,8192,7581241,1196116,123696138160,224287281308
18399233,8192,7589493,1188419,123748760146,233661267121
18407425,8192,7597744,1130750,123806830257,240491959701
18415617,8192,7606005,1203397,123713240856,226476589823
18423809,8192,7614258,1257068,123661939920,226467103819
18432001,8192,7622531,1252621,123647146166,221361210597
18440193,8192,7630780,1205858,123608104486,225878436791
18448385,8192,7639025,1171536,123606480487,226194245036
18456577,8192,7647282,1184335,123687962207,225206858235
18464769,8192,7655550,1227707,123656285174,232063379143
18472961,8192,7663813,1284738,123601764262,220229770528
18481153,8192,7672060,1256303,123642445478,225646578913
18489345,8192,7680331,1195079,123543052072,229338121411
18497537,8192,7688594,1238864,123729824111,233381059351
18505729,8192,7696861,1182352,123593591406,234367219020
18513921,8192,7705129,1233586,123621916055,221245530027
18522113,8192,7713386,1230026,123625792489,229463505167
18530305,8192,7721624,1223627,123553925647,225680162092
18538497,8192,7729874,1290154,123671245630,224567736516
18546689,8192,7738125,1276381,123699036245,241572600280
18554881,8192,7746382,1246012,123733776212,252270804087
18563073,8192,7754631,1246486,123634151269,222288030378
18571265,8192,7762868,1219353,123672327030,218659675365
18579457,8192,7771127,1233808,123544543122,223375381836
18587649,8192,7779363,1254190,123650030852,224026468566
18595841,8192,7787617,1244508,123614833950,227397136481
18604033,8192,7795903,1259904,123713505259,245552573761
18612225,8192,7804160,1216570,123810115467,238656804799
18620417,8192,7812425,1282421,123680636979,220268338506
18628609,8192,7820683,1290295,123762052048,221028877310
18636801,8192,7828925,1329761,123624356896,228852378030
18644993,8192,7837197,1229232,123673332562,238034518870
18653185,8192,7845459,1124831,123722979147,250222056184
18661377,8192,7853721,1141839,123760941969,252365987804
18669569,8192,7861982,1276577,123643292573,225275435465
18677761,8192,7870232,1348989,123665435619,219361138229
18685953,8192,7878487,1292258,123614723053,220333696368
18694145,8192,7886739,1280894,123635445331,213835607157
18702337,8192,7894977,1370284,123674712258,232375652165
18710529,8192,7903249,1196262,123768009361,255775075549
18718721,8192,7911506,1315408,123701070991,232383256952
18726913,8192,7919763,1376836,123723517082,236514400397
18735105,8192,7928038,1294708,123852643029,240387466698
18743297,8192,7936310,1380152,123592761710,232203588084
18751489,8192,7944586,1294239,123792768243,256067049775
18759681,8192,7952835,1286704,123765852488,256590256387
18767873,8192,7961090,1233835,123872769832,245079014943
18776065,8192,7969343,1205041,123986510127,245403325421
18784257,8192,7977613,1310812,123933188174,237004132492
18792449,8192,7985880,1371731,123735994772,224338125836
18800641,8192,7994181,1231492,123976611447,219763574893
18808833,8192,8002461,1239882,123867437997,274065201473
18817025,8192,8010724,1294709,123735714868,229946859249
18825217,8192,8019018,1333260,123846313048,234347110784
18833409,8192,8027303,1475343,123747332848,232520938434
18841601,8192,8035559,1384494,123689349896,239103738646
18849793,8192,8043832,1323590,123619746748,254181285285
18857985,8192,8052126,1314599,123671843490,261682875718
18866177,8192,8060419,1273194,123657643737,262172907593
18874369,8192,8068684,1277332,123711691345,260962224766
18882561,8192,8076974,1321935,123658427466,241299380938
18890753,8192,8085252,1332345,123535674414,238553772163
18898945,8192,8093563,1248370,123739831742,258064378086
18907137,8192,8101832,1253229,123728100060,268962171264
18915329,8192,8110114,1266595,123781071763,284866593982
18923521,8192,8118398,1288376,123635147516,244254402934
18931713,8192,8126667,1252811,123705837334,238545921091
18939905,8192,8134951,1264747,123685039020,248974925506
18948097,8192,8143260,1204967,123815134928,258906836072
18956289,8192,8151644,1161537,124211789248,256990412297
18964481,8192,8159956,1256820,123969766721,260029087484
18972673,8192,8168234,1252926,123728441436,246035098089
18980865,8192,8176488,1415393,123858693129,223744437627
18989057,8192,8184767,1378115,123669387522,252962730115
18997249,8192,8193014,1385398,123764285378,243627160893
19005441,8192,8201259,2044815,123824739294,212266731373
19013633,8192,8209499,1454448,123669961183,238850610997
19021825,8192,8217728,1418905,123653695356,217438024268
19030017,8192,8225983,1368129,123782896509,216799925345
19038209,8192,8234228,1371339,123663808593,228103128543
19046401,8192,8242460,1304989,123701427919,249969964712
19054593,8192,8250694,1231354,123767425903,264243814773
19062785,8192,8259059,1276243,123815788056,257011923210
19070977,8192,8267362,1259116,123826364821,259715539738
19079169,8192,8275635,1244576,123691753909,252373537056
19087361,8192,8283896,1333438,123832840822,232116519685
19095553,8192,8292156,1339566,123691549401,242862589719
19103745,8192,8300438,1321099,123849518114,259848777589
19111937,8192,8308689,1260937,123793147462,265196168938
19120129,8192,8316948,1359851,123815115800,238455913673
19128321,8192,8325217,1314760,123666197796,232971859197
19136513,8192,8333493,1305248,123946920476,225053083890
19144705,8192,8341773,1266103,124104017949,233016963394
19152897,8192,8350064,1198093,124118652749,248777379806
19161089,8192,8358344,1230459,124206694754,252925508894
19169281,8192,8366622,1242437,124122790289,221037221220
19177473,8192,8374907,1340729,123989599941,214181849810
19185665,8192,8383182,1236760,123969611623,204267844482
19193857,8192,8391454,1222610,123806886071,192602005601
19202049,8192,8399735,1165655,124131985407,218927502018
19210241,8192,8408023,1140966,124274057934,243506226492
19218433,8192,8416275,1181096,124295618123,243540660689
19226625,8192,8424566,1297683,124266922414,237585674166
19234817,8192,8432837,1319023,124094997030,240432287627
19243009,8192,8441120,1360327,123910732432,231140202147
19251201,8192,8449406,1252019,124116392865,258785259265
19259393,8192,8457720,1260334,124142787832,245601829615
19267585,8192,8465991,1316043,124053267886,245822314948
19275777,8192,8474282,1309169,124018708984,230173510397
19283969,8192,8482572,1275841,124069272958,222198162180
19292161,8192,8490824,1305573,124069543469,216409364278
19300353,8192,8499067,1256213,124228260168,242110637476
19308545,8192,8507317,1263227,124254644406,255490140238
19316737,8192,8515576,1372672,124139191434,239502678126
19324929,8192,8523827,1383445,124230321106,240877573668
19333121,8192,8532090,1428299,124072932148,234488421889
19341313,8192,8540334,1378236,124230760063,238437947265
19349505,8192,8548571,1403329,124273109664,239662132892
19357697,8192,8556815,1360346,124388928610,253477901364
19365889,8192,8565049,1451538,124212199926,236018385767
19374081,8192,8573279,1456308,124187628104,235569679603
19382273,8192,8581515,1390404,124001805374,229576220051
19390465,8192,8589756,1406332,124183216259,231053614407
19398657,8192,8598061,1376343,124298522851,237919254366
19406849,8192,8606304,1323253,124203729016,243430361489
19415041,8192,8614553,1409825,124184434083,236118640492
19423233,8192,8622797,1407012,124190932397,238531740590
19431425,8192,8631094,1479016,124444652304,242044587437
19439617,8192,8639405,1494194,124598689249,257798812966
19447809,8192,8647696,1525689,124654060201,270886000652
19456001,8192,8655991,1400235,124746985771,283076478435
19464193,8192,8664284,1463073,124708696824,267586579246
19472385,8192,8672573,1567587,124492865502,246588848935
19480577,8192,8680848,1569982,124675941826,253664637308
19488769,8192,8689133,1519310,124642372180,262588531419
19496961,8192,8697400,1532953,124562923150,264085629493
19505153,8192,8705700,1441553,124706105566,282207391509
19513345,8192,8714026,1431476,124579418319,264814665779
19521537,8192,8722316,1534603,124318946052,253097090751
19529729,8192,8730829,1504678,124337950932,245615329075
19537921,8192,8739185,1496091,124380640734,252412926838
19546113,8192,8747474,1471940,124404502871,259135266840
19554305,8192,8755777,1421459,124410898435,274065539799
19562497,8192,8764071,1449555,124385162902,263590069814
19570689,8192,8772348,1436175,124282074762,242718642624
19578881,8192,8780597,1384474,124120403426,244214625342
19587073,8192,8788850,1423744,124233175249,247153221791
19595265,8192,8797112,1411530,124285329601,250268670577
19603457,8192,8805376,1362120,124482829897,276657673952
19611649,8192,8813644,1366587,124396688881,261568256989
19619841,8192,8821912,1431304,124303363675,228312649920
19628033,8192,8830158,1382837,124278179872,250028580286
19636225,8192,8838416,1386317,124267212875,253623437395
19644417,8192,8846685,1477932,124283847315,252520229173
19652609,8192,8854969,1327150,124512018946,259662451071
19660801,8192,8863231,1333121,124620238398,266775641612
19668993,8192,8871496,1361699,124457738133,258317857335
19677185,8192,8879742,1402400,124720060656,236439072469
19685377,8192,8887996,1426421,124385138939,253084630033
19693569,8192,8896260,1349485,124526186496,253697346631
19701761,8192,8904509,1300798,124683267469,280092072458
19709953,8192,8912750,1312484,124522623013,258998605375
19718145,8192,8920990,1367280,124234964352,250695726988
19726337,8192,8929255,1367565,124243473683,237577037108
19734529,8192,8937499,1360530,124198160597,241154934047
19742721,8192,8945763,1355984,124540036759,265342011480
19750913,8192,8954019,1252870,124821955842,277630723858
19759105,8192,8962263,1317146,124580362846,264316555943
19767297,8192,8970503,1425710,124319133475,239431974811
19775489,8192,8978751,1426943,124406846992,238951716807
19783681,8192,8986991,1408096,124487406122,244736916230
19791873,8192,8995239,1375954,124221565854,252043210279
19800065,8192,9003484,1328449,124456618248,262478099964
19808257,8192,9011734,1308968,124536261314,250052768444
19816449,8192,9019990,1361273,124451868445,251904266990
19824641,8192,9028233,1386800,124442024416,249441606157
19832833,8192,9036486,1311633,124472221441,257141103471
19841025,8192,9044737,1321663,124723548990,260033547824
19849217,8192,9052980,1296587,124201124261,240989325208
19857409,8192,9061230,1211690,124816889058,261434000438
19865601,8192,9069473,1341044,124415440188,247245918073
19873793,8192,9077747,1364059,124478097811,255799919384
19881985,8192,9085984,1370389,124290076590,245138993702
19890177,8192,9094228,1315726,124427228697,244581208101
19898369,8192,9102490,1250201,124502760559,270632917528
19906561,8192,9110734,1226278,124794745557,255686144741
19914753,8192,9118990,1262021,124642676514,247300862046
19922945,8192,9127236,1373100,124069895033,245717307319
19931137,8192,9135486,1343031,124229005523,252358548712
19939329,8192,9143725,1329349,124204790713,241438831854
19947521,8192,9151974,1333083,124392561546,269127417428
19955713,8192,9160210,1314942,124423623184,259817003150
19963905,8192,9168454,1333019,124345711165,234230791817
19972097,8192,9176695,1257352,124232825992,243062738598
19980289,8192,9184953,1323568,124094474908,234172909381
19988481,8192,9193196,1326751,124163998517,230010710349
19996673,8192,9201443,1336252,123996321353,239849157305
20004865,8192,9209675,1240854,124226710247,243310404718
20013057,8192,9217912,1304799,123931172877,225762140937
20021249,8192,9226144,1330787,123950597201,239931614188
20029441,8192,9234372,1338896,123821130868,225218852081
20037633,8192,9242611,1317090,123654099640,225850683861
20045825,8192,9250848,1347082,123953641816,239356254158
20054017,8192,9259089,1325267,123876567291,253763688414
20062209,8192,9267322,1318717,124055393101,240169202261
20070401,8192,9275563,1366227,123762444016,229325908441
20078593,8192,9283801,1384871,123911184108,232062004160
20086785,8192,9292062,1406126,123940016782,228699858271
20094977,8192,9300302,1339685,124015415943,242357880295
20103169,8192,9308551,1301714,124029391097,262279635490
20111361,8192,9316795,1273066,124087816974,262360493795
20119553,8192,9325059,1341785,124092854149,240591870643
20127745,8192,9333311,1300304,124171257384,241751689946
20135937,8192,9341560,1312828,123895576655,230842141235
20144129,8192,9349801,1478597,124131653209,263020826936
20152321,8192,9358049,1401974,124342040084,288637598124
20160513,8192,9366304,1278720,124374744387,269132890741
20168705,8192,9374550,1346678,123936121923,251417574089
20176897,8192,9382778,1424523,124108232349,255997626751
20185089,8192,9391015,1377219,123885049400,242138523655
20193281,8192,9399251,1336187,123788574103,251754279137
20201473,8192,9407494,1298463,124269759102,275534748826
20209665,8192,9415724,1286626,124087576326,273108927377
20217857,8192,9423960,1317852,123942254668,254669483709
20226049,8192,9432209,1299917,124147683853,243722778294
20234241,8192,9440439,1360846,123774875427,236012968462
20242433,8192,9448678,1459730,123854928977,246668760309
20250625,8192,9456910,1312416,124076624635,273926899889
20258817,8192,9465146,1171595,124427662111,277888114968
20267009,8192,9473399,1317129,124097688366,261560902961
20275201,8192,9481639,1334263,123937658483,243781288663
20283393,8192,9489868,1363375,124067024594,235143500513
20291585,8192,9498106,1363384,123869625532,251324964907
20299777,8192,9506347,1316781,124039812722,269335702777
20307969,8192,9514581,1244265,123989778309,242884225938
20316161,8192,9522818,1314009,123995263661,241332453589
20324353,8192,9531037,1360451,123857218332,240699711703
20332545,8192,9539273,1365918,123758625145,225669736578
20340737,8192,9547499,1315447,123780556120,229797240686
20348929,8192,9555732,1291597,124045417961,267334919659
20357121,8192,9563959,1279773,124504091119,267912229037
20365313,8192,9572201,1312646,123669140229,234554917602
20373505,8192,9580431,1311170,124039182811,254699041105
20381697,8192,9588664,1276710,124097202607,255485105602
20389889,8192,9596900,1309255,123990059477,248691301488
20398081,8192,9605136,1256225,124206051024,252517742467
20406273,8192,9613370,1215683,124065312931,237112852164
20414465,8192,9621591,1244275,124192634311,250191137024
20422657,8192,9629846,1320255,123998089347,231968608537
20430849,8192,9638079,1321247,123888932332,221554892936
20439041,8192,9646308,1265381,123823513533,226682968918
20447233,8192,9654555,1276821,123996852027,240440146646
20455425,8192,9662773,1197252,124532117855,270467671638
20463617,8192,9670997,1257479,124388614409,246581580441
20471809,8192,9679232,1285411,123650110177,247918002556
20480001,8192,9687458,1297199,123749972625,239953882444
20488193,8192,9695679,1243615,123883712183,235482331029
20496385,8192,9703905,1269253,124047419113,245941612950
20504577,8192,9712142,1135247,124465862938,258532989808
20512769,8192,9720378,1161611,124184136025,238761922485
20520961,8192,9728604,1245300,124007077488,236485388094
20529153,8192,9736836,1421269,123962849137,245331893084
20537345,8192,9745081,1439333,123669332793,242336722522
20545537,8192,9753315,1253608,124231633533,258438472596
20553729,8192,9761549,1145025,124604070901,263989438100
20561921,8192,9769782,1166959,124453507182,251331006676
20570113,8192,9778022,1229301,123923336719,242329440320
20578305,8192,9786257,1215782,124508837186,251477700334
20586497,8192,9794502,1269527,124050642770,247083601281
20594689,8192,9802745,1292003,124332499053,250748458187
20602881,8192,9810996,1228322,124543532771,261051599524
20611073,8192,9819237,1097645,124814044268,251250012395
20619265,8192,9827482,1324919,124291925023,242231726951
20627457,8192,9835711,1316468,124306662368,240292813993
20635649,8192,9843959,1323405,124238897976,247393622407
20643841,8192,9852200,1312577,124110240029,249845191691
20652033,8192,9860438,1167898,124654545575,254173222300
20660225,8192,9868668,1172966,124818915829,258020362942
20668417,8192,9876900,1236978,124229513827,231722036056
20676609,8192,9885128,1278425,124191509641,244845995626
20684801,8192,9893357,1277423,124164220953,224764801650
20692993,8192,9901590,1299309,124222150078,233632908082
20701185,8192,9909808,1280639,124039124147,247171825392
20709377,8192,9918046,1237605,124150614349,257579856865
20717569,8192,9926276,1319388,123967676483,234896438626
20725761,8192,9934518,1333524,123906422105,235678378889
20733953,8192,9942757,1342890,124072186073,238626851659
20742145,8192,9950994,1335924,123999386424,241031488181
20750337,8192,9959240,1282264,124044134635,249202792156
20758529,8192,9967460,1252221,124075251218,253654467749
20766721,8192,9975702,1248961,124010223875,232751790238
20774913,8192,9983955,1296280,123959551616,227283475329
20783105,8192,9992198,1295855,123861766459,216438648439
20791297,8192,10000436,1357061,123655847951,224476769934
20799489,8192,10008679,1286683,123903565050,213193104289
20807681,8192,10016909,1225709,123683481511,233688812688
20815873,8192,10025141,1281184,123701645397,220702451952
20824065,8192,10033363,1306171,123674520523,217151347446
20832257,8192,10041601,1300593,123697978959,219845344022
20840449,8192,10049823,1322193,123742084041,223903073119
20848641,8192,10058046,1339278,123881511204,255520233232
20856833,8192,10066279,1280156,124044652168,252661883830
20865025,8192,10074499,1341045,123939717225,250927673094
20873217,8192,10082726,1449149,123875874183,228710510023
20881409,8192,10090947,1318637,123828156277,234910698418
20889601,8192,10099176,1310004,124079212741,235251514706
20897793,8192,10107391,1287441,124064006649,226462207337
20905985,8192,10115611,1238107,123942336536,232079226748
20914177,8192,10123834,1270972,123967807271,224960373088
20922369,8192,10132052,1338406,123619826798,215434038287
20930561,8192,10140274,1350373,123791381394,214919317841
20938753,8192,10148494,1314243,123637017493,228053454111
20946945,8192,10156745,1392627,123714739565,213659897157
20955137,8192,10165009,1283356,123904730600,240686533213
20963329,8192,10173259,1250992,123804630771,231697037568
20971521,8192,10181499,1396954,123899780038,223227341582
20979713,8192,10189737,1351704,123744674033,231557260428
20987905,8192,10197972,1408688,123937607291,223037505635
20996097,8192,10206206,1502921,123906819311,214281870027
21004289,8192,10214429,1419302,123927641555,242410597536
21005282,993,10223616,159274,15045217504,32544270569
