block_number,blocks,slot,txs,gas,time
8193,8192,1,0,0,236765011
16385,8192,1,0,0,256682110
24577,8192,1,0,0,227573025
32769,8192,1,0,0,230808213
40961,8192,1,0,0,230432924
49153,8192,1,1514,33070964,299232323
57345,8192,1,3916,407821091,426007274
65537,8192,1,2676,90041948,354572225
73729,8192,1,5821,197747509,420288904
81921,8192,1,4204,131282630,391329326
90113,8192,1,4589,112269814,390722051
98305,8192,1,3327,84662425,357803092
106497,8192,1,4168,105498119,369788208
114689,8192,1,4247,119199457,367555954
122881,8192,1,6054,163953975,392509548
131073,8192,1,5852,147449076,369813778
139265,8192,1,6678,168428364,388625345
147457,8192,1,7805,190561977,429254422
155649,8192,1,8675,220080834,448575765
163841,8192,1,7255,175016877,422595228
172033,8192,1,10115,242307512,483153093
180225,8192,1,12029,319429322,533353291
188417,8192,1,10493,307941046,498806874
196609,8192,1,8488,226000959,465501666
204801,8192,1,9431,284499928,483445772
212993,8192,1,9432,269025812,482048660
221185,8192,1,9745,253020191,488899033
229377,8192,1,9473,303239797,486292062
237569,8192,1,9752,287334366,493829218
245761,8192,1,9175,237099979,482565027
253953,8192,1,9225,299876210,513077133
262145,8192,1,8500,237942979,490077805
270337,8192,1,11073,360421503,544544953
278529,8192,1,11244,333906121,554648012
286721,8192,1,9944,288230259,519754966
294913,8192,1,9552,272964709,494620673
303105,8192,1,10564,278617464,512641837
311297,8192,1,9852,289668902,519442878
319489,8192,1,10772,285019105,526385451
327681,8192,1,9264,263512681,528839383
335873,8192,1,10710,300329465,554089866
344065,8192,1,10447,340557247,548394525
352257,8192,1,11871,367785281,590070804
360449,8192,1,11031,301110840,574231405
368641,8192,1,10176,272300629,539870025
376833,8192,1,10299,327273585,581294835
385025,8192,1,11650,328391280,569179530
393217,8192,1,10917,668394420,591348225
401409,8192,1,10512,371168499,562410667
409601,8192,1,11329,399996130,573584160
417793,8192,1,9682,299513459,552336398
425985,8192,1,10211,378463309,581698392
434177,8192,1,10123,371765259,597537251
442369,8192,1,10202,298321714,537687061
450561,8192,1,10252,488330843,824585900
458753,8192,1,11670,315763779,596152982
466945,8192,1,12392,405644045,605146097
475137,8192,1,11262,434129872,702935803
483329,8192,1,11885,436485530,812685083
491521,8192,1,11396,324292141,661320234
499713,8192,1,11390,316107054,572309098
507905,8192,1,19834,986537643,921902847
516097,8192,1,14518,537099270,693522858
524289,8192,1,14364,563247320,782484246
532481,8192,1,15028,641704064,833098200
540673,8192,1,11625,533545978,760386060
548865,8192,1,12334,352563908,602816404
557057,8192,1,11579,286224762,574346534
565249,8192,1,12543,387072166,627278403
573441,8192,1,11762,377902837,639235649
581633,8192,1,11889,329240266,597308153
589825,8192,1,12402,356748509,619117160
598017,8192,1,11554,361660592,602631536
606209,8192,1,11466,286807225,568845092
614401,8192,1,11355,383668685,813642416
622593,8192,1,12943,487254257,628657663
630785,8192,1,10960,369935232,564933791
638977,8192,1,10609,304527314,555753353
647169,8192,1,11891,400916707,594054766
655361,8192,1,13364,422684376,599133530
663553,8192,1,11233,291970815,573241482
671745,8192,1,11307,306322589,587819300
679937,8192,1,13718,480255087,735277935
688129,8192,1,12101,533373764,721737371
696321,8192,1,24697,2437912230,2384465555
704513,8192,1,24278,1882935448,1680634859
712705,8192,1,15914,1053536841,1266533902
720897,8192,1,14854,884970772,1128786907
729089,8192,1,18033,1103406409,1213912771
737281,8192,1,39634,2413080461,2414324656
745473,8192,1,20252,1205744179,1462602617
753665,8192,1,16649,914386676,1285221771
761857,8192,1,29450,1702093462,1930421929
770049,8192,1,19926,1149090055,1543679418
778241,8192,1,27585,1546147829,1785590813
786433,8192,1,13804,512905120,924537789
794625,8192,1,14238,555275432,1075634220
802817,8192,1,20936,1074374824,1436839228
811009,8192,1,33100,2274628469,2298961355
819201,8192,1,21058,1074857191,1402107461
827393,8192,1,17945,1068696871,1309773799
835585,8192,1,16965,691346951,1122772949
843777,8192,1,24779,1318609001,1602228939
851969,8192,1,17337,797507253,1188982465
860161,8192,1,16221,653054698,851032214
868353,8192,1,17414,667767224,828973309
876545,8192,1,20874,997212648,986682593
884737,8192,1,18556,602924448,871154674
892929,8192,1,20188,746509191,951710348
901121,8192,1,20728,705763650,897655758
909313,8192,1,28858,1212230895,1215264281
917505,8192,1,29450,1450050635,1401922503
925697,8192,1,25856,1070129090,1257551635
933889,8192,1,23756,919949479,1106710411
942081,8192,1,24390,780757258,985201595
950273,8192,1,22318,724737535,942504543
958465,8192,1,23856,823943680,991958156
966657,8192,1,39968,1787855655,1604216895
974849,8192,1,24875,783309904,1057792465
983041,8192,1,25559,758151178,1003990502
991233,8192,1,32769,996332438,1109387583
999425,8192,1,29253,955506690,1153302226
1007617,8192,1,28779,874607232,1052765389
1015809,8192,1,28640,944195150,1088556760
1024001,8192,1,30592,1077029621,1196798771
1032193,8192,1,30567,1025667741,1127619805
1040385,8192,1,26761,784549571,1035269063
1048577,8192,1,28815,1876343804,1172901068
1056769,8192,1,31628,1248873846,1137906413
1064961,8192,1,32758,1302389229,1235415380
1073153,8192,1,30961,857488355,1055032175
1081345,8192,1,33502,949562723,1109229384
1089537,8192,1,37121,995463452,1184726556
1097729,8192,1,40115,1081576458,1215837617
1105921,8192,1,42800,1253697553,1318170859
1114113,8192,1,41667,1235498720,1269331993
1122305,8192,1,38878,1141426898,1232693158
1130497,8192,1,41538,1202802604,1209380003
1138689,8192,1,39904,1101644111,1183565663
1146881,8192,1,44221,1340457745,1278115671
1155073,8192,1,43528,1383496645,1252428201
1163265,8192,1,38152,1246718060,1165584169
1171457,8192,1,44944,1374923499,1310725942
1179649,8192,1,46242,1574630437,1368939524
1187841,8192,1,44523,1522997076,1333933430
1196033,8192,1,43594,1529570548,1495141889
1204225,8192,1,41259,1452683779,1363323813
1212417,8192,1,52923,2302777232,1901997158
1220609,8192,1,46705,1563686082,1461828342
1228801,8192,1,46123,1514235577,1539761117
1236993,8192,1,43046,1458453689,1468828013
1245185,8192,1,49499,1658881432,1543516731
1253377,8192,1,46254,1516126264,1312853057
1261569,8192,1,42318,1328121509,1413207604
1269761,8192,1,40021,1078268036,1172252222
1277953,8192,1,46365,1435004546,1491831203
1286145,8192,1,50841,1591258579,1551840301
1294337,8192,1,41499,1271776158,1292328582
1302529,8192,1,47633,1512367159,1566083501
1310721,8192,1,42641,1164414830,1265973536
1318913,8192,1,42610,1137106273,1263908591
1327105,8192,1,45560,1357858661,1382222540
1335297,8192,1,50369,1781939706,1394467755
1343489,8192,1,45221,1209479371,1275322400
1351681,8192,1,44015,1206824098,1310693532
1359873,8192,1,54888,1591716049,1257588175
1368065,8192,1,43396,1184809863,1297039377
1376257,8192,1,48876,1593180641,1504214596
1384449,8192,1,45143,1439543743,1328076601
1392641,8192,1,41341,1118372583,1349812128
1400833,8192,1,45540,1329131424,1363692141
1409025,8192,1,49104,1485363761,1467063126
1417217,8192,1,44023,1225869865,1267179167
1425409,8192,1,49886,1450651632,1444713563
1433601,8192,1,56669,1681771886,1535802704
1441793,8192,1,54635,1947185643,1564294295
1449985,8192,1,56685,1624594158,1487328574
1458177,8192,1,50196,1613347851,1502731497
1466369,8192,1,54893,2240127730,2077734985
1474561,8192,1,52100,1483885342,1485681255
1482753,8192,1,51280,1586965488,1572452738
1490945,8192,1,56855,1674576856,1463937557
1499137,8192,1,52382,1728224502,1479560409
1507329,8192,1,60036,2138598848,1840623818
1515521,8192,1,69268,2441975068,1921704838
1523713,8192,1,56514,1832134302,1774420581
1531905,8192,1,51124,1731842384,1620324841
1540097,8192,1,58754,1911501394,1719398647
1548289,8192,1,61429,1987968261,1656868516
1556481,8192,1,60630,2360467143,1751081464
1564673,8192,1,56981,1819841802,1567735500
1572865,8192,1,56494,1777140576,1506293872
1581057,8192,1,59042,1735378915,1505955213
1589249,8192,1,68973,2172337508,1809100049
1597441,8192,1,64306,2192773982,1777506021
1605633,8192,1,86669,3493104245,2358897526
1613825,8192,1,62112,2154462632,1758191505
1622017,8192,1,60118,1914186297,1607525961
1630209,8192,1,53413,1741132990,1486911477
1638401,8192,1,56756,1633896769,1452054232
1646593,8192,1,50346,1452533160,1379161483
1654785,8192,1,50828,1521883376,1381988642
1662977,8192,1,60376,3061122313,2228920785
1671169,8192,1,55258,1843787387,1597784299
1679361,8192,1,55775,1793288354,1543864380
1687553,8192,1,52281,1793521528,1502466638
1695745,8192,1,55227,1857680146,1538770094
1703937,8192,1,64652,2265573762,1868603132
1712129,8192,1,63355,2060421766,1704242574
1720321,8192,1,65682,5800241515,7767614851
1728513,8192,1,95610,16739007815,42039829096
1736705,8192,1,67917,4743426756,8482894966
1744897,8192,1,62602,3296268924,3888027286
1753089,8192,1,68336,3841591968,2987675766
1761281,8192,1,58130,2076897006,1923352938
1769473,8192,1,57022,2221809906,1647699670
1777665,8192,1,52898,1689289635,1663579838
1785857,8192,1,53856,1708894430,1836832714
1794049,8192,1,56044,1992483551,2167736755
1802241,8192,1,90325,5767597538,2834231163
1810433,8192,1,52758,2499380206,4544600682
1818625,8192,1,55194,1772826158,1899813213
1826817,8192,1,53703,1704827192,1542445937
1835009,8192,1,49822,1916513753,2041089202
1843201,8192,1,53374,1676538934,1539033771
1851393,8192,1,60123,2381439875,3157945714
1859585,8192,1,56426,2865260110,4670957567
1867777,8192,1,50632,1670163364,1862636043
1875969,8192,1,53453,1904646721,2021585418
1884161,8192,1,54655,1840362954,1621115727
1892353,8192,1,54265,1824465369,1573693529
1900545,8192,1,51280,1414646366,1403597951
1908737,8192,1,47043,1388770142,1381422366
1916929,8192,1,63160,1874850406,1595870113
1925121,8192,1,62773,4171399935,7762514576
1933313,8192,1,65738,2266620454,2061592618
1941505,8192,1,62037,2034143904,1716906245
1949697,8192,1,79321,2248553641,1807611789
1957889,8192,1,74738,2527380908,2181864405
1966081,8192,1,75137,2369261794,1869038888
1974273,8192,1,66582,2970283633,2168170062
1982465,8192,1,60335,2173102476,2238670787
1990657,8192,1,63657,1764764048,1547511462
1998849,8192,1,66671,2054100679,1724198274
2007041,8192,1,68240,2035711402,1711965899
2015233,8192,1,60275,1885646786,1540535231
2023425,8192,1,59731,1718762000,1512706366
2031617,8192,1,56298,1666187619,1441117768
2039809,8192,1,56416,2985329528,2149074845
2048001,8192,1,67806,2074138922,1611359544
2056193,8192,1,63577,1903780373,1561789273
2064385,8192,1,55865,1657169845,1480876449
2072577,8192,1,58480,1557471379,1403671381
2080769,8192,1,55331,1599645346,1407523843
2088961,8192,1,64228,1850037001,1642617015
2097153,8192,1,66060,2188998555,1767021384
2105345,8192,1,54235,1660505770,1478254388
2113537,8192,1,56694,1742357705,1453074283
2121729,8192,1,61614,1816239031,1571397305
2129921,8192,1,63451,3861822325,2393242364
2138113,8192,1,69603,2043909844,1622872743
2146305,8192,1,61611,1914481982,1519711908
2154497,8192,1,62524,1658273809,1401667004
2162689,8192,1,61974,1798911967,1548845783
2170881,8192,1,62834,1920681017,1615861093
2179073,8192,1,61629,1818058493,1545992863
2187265,8192,1,76278,2727312503,1986860132
2195457,8192,1,59767,1675377812,1517815590
2203649,8192,1,65371,2614658821,1790430919
2211841,8192,1,62364,2039781213,1508123888
2220033,8192,1,60969,1981999587,1602163140
2228225,8192,1,85854,2814470323,1891475791
2236417,8192,1,55933,1813330669,1445818694
2244609,8192,1,57588,1730634676,1452246270
2252801,8192,1,63320,2021513820,1609034541
2260993,8192,1,65183,2112882377,1781904339
2269185,8192,1,74523,2354744595,1765622603
2277377,8192,1,72172,2714744039,1817712169
2285569,8192,1,50199,1706002470,2677523800
2293761,8192,1,61842,1801256949,6100528266
2301953,8192,1,68639,2034760072,1777452510
2310145,8192,1,66952,2916329686,15487623125
2318337,8192,1,48275,1914011719,11679061870
2326529,8192,1,56968,3010508461,23413538535
2334721,8192,1,60252,3532946594,44254812731
2342913,8192,1,59242,2893073539,21026784274
2351105,8192,1,56520,2437337126,4220533614
2359297,8192,1,53930,2539978338,9253949142
2367489,8192,1,72486,5437092390,38296542322
2375681,8192,1,64351,3955814780,34849963550
2383873,8192,1,72150,4175006287,26229357605
2392065,8192,1,52311,3587030185,49810972226
2400257,8192,1,60755,3380343872,107915935070
2408449,8192,1,54394,3489623288,89085247897
2416641,8192,1,59749,3571481590,53899475527
2424833,8192,1,52901,2140315677,70224254696
2433025,8192,1,41983,2064705182,90266034170
2441217,8192,1,52489,1940457621,35879351228
2449409,8192,1,47032,1416811786,15907654633
2457601,8192,1,50121,1416935937,21423553205
2465793,8192,1,63997,2059194432,18001875876
2473985,8192,1,52613,5415624522,49124763389
2482177,8192,1,77644,2200694454,3276445328
2490369,8192,1,47944,1381582456,1511226281
2498561,8192,1,58110,1704965277,1616567561
2506753,8192,1,68097,2292291281,1913883832
2514945,8192,1,59292,1798672209,1725090688
2523137,8192,1,59793,1784849739,1728493914
2531329,8192,1,57693,1656383700,1656201453
2539521,8192,1,55694,1627913854,1527457187
2547713,8192,1,63237,1907051300,1783982325
2555905,8192,1,61395,1723186230,1745934092
2564097,8192,1,57303,1576168754,1784178674
2572289,8192,1,44899,1243188531,1322112449
2580481,8192,1,50737,1381762673,1426115899
2588673,8192,1,53997,1523970827,1600103807
2596865,8192,1,56755,1868225974,1858562440
2605057,8192,1,54579,1853422028,1639132223
2613249,8192,1,57937,1749156374,1659231971
2621441,8192,1,54830,1654717503,1687000046
2629633,8192,1,59687,1932781220,1697204265
2637825,8192,1,58098,1831832946,1676733718
2646017,8192,1,57577,1732304988,1626089004
2654209,8192,1,56517,1691425491,1499123066
2662401,8192,1,54908,1580644481,1954680165
2670593,8192,1,56589,1781259427,1544727156
2678785,8192,1,85495,2598196853,13939953678
2686977,8192,1,59696,3974729576,70545313082
2695169,8192,1,72462,4113740875,42649785814
2703361,8192,1,55726,4743499117,65946438627
2711553,8192,1,65254,6348291025,87253162880
2719745,8192,1,64427,5199613546,50921658238
2727937,8192,1,50844,1684630038,2204377387
2736129,8192,1,54697,1652133461,1520183157
2744321,8192,1,53051,1748152517,1482066886
2752513,8192,1,55339,1979520745,1616222431
2760705,8192,1,64847,2063457441,1727115570
2768897,8192,1,55277,1804237075,1602933734
2777089,8192,1,56023,1776551857,1574609675
2785281,8192,1,52991,1726269370,1590444992
2793473,8192,1,52624,2213276915,1561630836
2801665,8192,1,55238,1810591298,1693419047
2809857,8192,1,63980,2356415998,1944504117
2818049,8192,1,65743,2448549979,1923125818
2826241,8192,1,54971,1881197690,1585012541
2834433,8192,1,49662,1953789890,1649199999
2842625,8192,1,58392,2038106026,1649097288
2850817,8192,1,64185,2225753659,1768503458
2859009,8192,1,76490,2486660557,2004174008
2867201,8192,1,55683,1760491642,1560166176
2875393,8192,1,50675,1452936266,1377958309
2883585,8192,1,50157,1522394202,1467327861
2891777,8192,1,58225,1860099069,1602189150
2899969,8192,1,60144,2083730262,1659382847
2908161,8192,1,60988,2086757942,1619413818
2916353,8192,1,54302,1714680114,1478772170
2924545,8192,1,50695,1584719153,1485881519
2932737,8192,1,63026,2305221488,1926715684
2940929,8192,1,67480,2204851332,1832620795
2949121,8192,1,61833,1971573134,1732305803
2957313,8192,1,58505,1930260127,1676599276
2965505,8192,1,59699,1937673518,1686684544
2973697,8192,1,63091,2244391292,1782543489
2981889,8192,1,64874,2137001608,1680033721
2990081,8192,1,70738,2397486878,1767674314
2998273,8192,1,58903,1853897373,1576502791
3006465,8192,1,54373,1766782589,1549466371
3014657,8192,1,65027,2294148724,1770361835
3022849,8192,1,60922,2027141448,1730054489
3031041,8192,1,58548,1960456703,1814081307
3039233,8192,1,61315,2005539036,1753410915
3047425,8192,1,62091,2149768492,1796723249
3055617,8192,1,67927,2452616440,1927354469
3063809,8192,1,62018,2292070946,1909954011
3072001,8192,1,63286,2183742248,1855150867
3080193,8192,1,65669,2218082794,1855786794
3088385,8192,1,54874,1846213528,1669717423
3096577,8192,1,63311,2098245747,1781537276
3104769,8192,1,59762,2124435421,1753061428
3112961,8192,1,58897,2178531771,1868421355
3121153,8192,1,58468,1974991763,1708247102
3129345,8192,1,63556,2065813146,1749841918
3137537,8192,1,64128,2220717880,1812644158
3145729,8192,1,70462,2665896127,1995038182
3153921,8192,1,64806,2336669302,1957409666
3162113,8192,1,70074,2730719806,2203605172
3170305,8192,1,60420,2178878613,1859814665
3178497,8192,1,73252,3110141726,2169415372
3186689,8192,1,79081,2976280771,2148727227
3194881,8192,1,71074,2804402262,2091225044
3203073,8192,1,64978,2351345544,1897585658
3211265,8192,1,68556,2464803794,1912635333
3219457,8192,1,66845,2286314550,1863963745
3227649,8192,1,75763,3113040792,2452093321
3235841,8192,1,69688,2984250772,2046569008
3244033,8192,1,68668,2289170959,1865760652
3252225,8192,1,71170,2634879929,2068101177
3260417,8192,1,70604,2482121481,1981429047
3268609,8192,1,79874,2821352557,2180383046
3276801,8192,1,82615,2938903296,2219720088
3284993,8192,1,93464,3013882836,2402654080
3293185,8192,1,81232,2628326517,2147912034
3301377,8192,1,77780,2508423110,1981305588
3309569,8192,1,85412,2762075045,2132258524
3317761,8192,1,74949,2364616867,1908824859
3325953,8192,1,89542,3008034239,2334981187
3334145,8192,1,89382,3038054714,2264693861
3342337,8192,1,91012,2910544703,2234021048
3350529,8192,1,112957,4683356145,2982211325
3358721,8192,1,108487,3824938321,2640065276
3366913,8192,1,150248,4856683444,3231753197
3375105,8192,1,129410,4029391606,2997732056
3383297,8192,1,118959,3597176359,2669992705
3391489,8192,1,113031,3618928236,2657750792
3399681,8192,1,109702,3595863612,2591484928
3407873,8192,1,112341,3708098910,2618236320
3416065,8192,1,121089,3775021048,2688443726
3424257,8192,1,111288,3513747685,2670806079
3432449,8192,1,126552,4519125602,3062748209
3440641,8192,1,116739,3847970531,2892481206
3448833,8192,1,137505,4650151490,3159488146
3457025,8192,1,132372,4354448594,3150831087
3465217,8192,1,116438,3872751305,2904054946
3473409,8192,1,138958,4605215288,3509453540
3481601,8192,1,115237,3904507999,2924527151
3489793,8192,1,129313,4405146988,3098912063
3497985,8192,1,121326,4141663795,2938010967
3506177,8192,1,101941,3457895017,2643679110
3514369,8192,1,104473,3801545119,2780641416
3522561,8192,1,110663,3893580475,2908451346
3530753,8192,1,118136,4358681727,3042038033
3538945,8192,1,116538,3957151738,3123636218
3547137,8192,1,97599,3525061715,2790630906
3555329,8192,1,105494,3951999139,3818801190
3563521,8192,1,113777,4538716060,3327252163
3571713,8192,1,122232,4932027111,3672984798
3579905,8192,1,113517,5371454955,3216063698
3588097,8192,1,103751,3918968307,3231714076
3596289,8192,1,112257,4332652445,3235302532
3604481,8192,1,136619,5289710359,3667204368
3612673,8192,1,143158,5255428268,3653926102
3620865,8192,1,145745,4868936849,3528646634
3629057,8192,1,136562,4879877560,3617885436
3637249,8192,1,160424,6406024036,4139057033
3645441,8192,1,150436,5782052966,3905243891
3653633,8192,1,167559,5819732935,4149969576
3661825,8192,1,142125,5329409688,3671881046
3670017,8192,1,152266,6300591479,4050269099
3678209,8192,1,169497,6571385749,4147604292
3686401,8192,1,156250,7347905323,4326301244
3694593,8192,1,167344,7335647042,4475249845
3702785,8192,1,147702,7536226635,4475460462
3710977,8192,1,168287,8194709920,4738496519
3719169,8192,1,176741,9883600890,5588511920
3727361,8192,1,214081,11450730102,6103482830
3735553,8192,1,229327,12196031413,6695696777
3743745,8192,1,201943,10613685663,5851198548
3751937,8192,1,260406,12599459208,6893603573
3760129,8192,1,278528,15779303797,7715141223
3768321,8192,1,279013,16350363987,8027160375
3776513,8192,1,244538,13523383202,6893710011
3784705,8192,1,224822,12717337930,6833381748
3792897,8192,1,248995,13592095818,7283834442
3801089,8192,1,314302,19832169118,8311328363
3809281,8192,1,313676,17980594470,11720551038
3817473,8192,1,280618,16692684984,9325750424
3825665,8192,1,296114,15953100496,8823739782
3833857,8192,1,317754,17492872153,9632597092
3842049,8192,1,305857,17151665586,9558653683
3850241,8192,1,325308,16138916714,9643695303
3858433,8192,1,365858,18515263356,10525010303
3866625,8192,1,450999,21732698279,12443249236
3874817,8192,1,403872,18428150155,11529959522
3883009,8192,1,399350,18507971011,11637715683
3891201,8192,1,366142,17616667683,10993397662
3899393,8192,1,401398,20055154217,12485024941
3907585,8192,1,467519,26635229072,12841812377
3915777,8192,1,448080,27509986564,12897983102
3923969,8192,1,445137,22206823281,12530770379
3932161,8192,1,393944,20192356202,12308343067
3940353,8192,1,474437,21147977183,13786524850
3948545,8192,1,452736,24838577163,16009130729
3956737,8192,1,409197,21844246829,13823739677
3964929,8192,1,391200,20881198158,13944321329
3973121,8192,1,480657,24984090402,16088641547
3981313,8192,1,439836,24432971850,15872656800
3989505,8192,1,456105,22202913020,15472417391
3997697,8192,1,401541,19785653790,13444470760
4005889,8192,1,468451,21489133966,15046345663
4014081,8192,1,521089,25614275148,17699420637
4022273,8192,1,465732,25576854950,15988126567
4030465,8192,1,422645,19071909199,14386551292
4038657,8192,1,452765,21588202182,15197230839
4046849,8192,1,494336,24205815057,16055714571
4055041,8192,1,427170,19727949695,13676410106
4063233,8192,1,409232,17944225576,13246439896
4071425,8192,1,455169,22752023483,15468754826
4079617,8192,1,411552,20393151746,13435359455
4087809,8192,1,402826,19516574262,13752149053
4096001,8192,1,350511,18308327314,12044497875
4104193,8192,1,441704,23280158452,15157676009
4112385,8192,1,474401,24577424757,16854033474
4120577,8192,1,512389,25868228053,17792265383
4128769,8192,1,539622,25478534061,18388146943
4136961,8192,1,612130,30525492507,20548977688
4145153,8192,1,669828,31316179679,21766462457
4153345,8192,1,667176,32781900955,21752624966
4161537,8192,1,802050,39631270870,26106735063
4169729,8192,1,832182,45690595844,30084734273
4177921,8192,1,822935,40787417397,26407505487
4186113,8192,1,677937,33931766754,23400153133
4194305,8192,1,736129,33608364656,23773696337
4202497,8192,1,733583,31613370181,22871000933
4210689,8192,1,736596,33326421250,23762233680
4218881,8192,1,885279,42684031553,27866095072
4227073,8192,1,909505,44089434039,29215052597
4235265,8192,1,772574,36378544905,25971937534
4243457,8192,1,1021928,44970958961,31504188564
4251649,8192,1,1081239,50184234692,34268951523
4259841,8192,1,880278,41550585016,30072187543
4268033,8192,1,864414,41053728142,29886307787
4276225,8192,1,867715,42375737918,32386991558
4284417,8192,1,857098,44405284841,30449391946
4292609,8192,1,764839,40439697663,30699490570
4300801,8192,1,736339,41523378146,30133648521
4308993,8192,1,739102,40787147868,29853532846
4317185,8192,1,882460,46629010975,32939533472
4325377,8192,1,928715,45913689045,34636457627
4333569,8192,1,855500,44372358254,33194178417
4341761,8192,1,890587,45969894286,33860602658
4349953,8192,1,861954,44868560756,34128131962
4358145,8192,1,961145,45839288391,34477283521
4366337,8192,1,1022776,47707018313,36868629921
4374529,8192,1,788928,41640159530,30743603421
4382721,8192,1,680611,30304975089,23991678239
4390913,8192,1,633676,29394442349,24555271165
4399105,8192,1,691855,34599365091,23821627312
4407297,8192,1,587597,22219394536,18846249446
4415489,8192,1,602801,27141844419,21153903431
4423681,8192,1,637247,33563116251,25090732388
4431873,8192,1,602169,34452528559,25560922818
4440065,8192,1,644187,35202407283,26340834885
4448257,8192,1,635205,32303616551,25192301685
4456449,8192,1,658167,33516933106,26568860015
4464641,8192,1,714607,37151598010,29179726305
4472833,8192,1,687810,38954422870,30507142161
4481025,8192,1,691342,38855588548,30584757671
4489217,8192,1,597092,33111071840,27030190668
4497409,8192,1,530372,24797114990,21516343976
4505601,8192,1,664534,27768018498,23492454507
4513793,8192,1,607716,29462506589,24772099832
4521985,8192,1,636968,33818088203,27876746762
4530177,8192,1,576620,30857764315,24960369803
4538369,8192,1,555644,29902311532,25148158449
4546561,8192,1,576193,31728985315,26079319392
4554753,8192,1,614333,33933012035,28164715738
4562945,8192,1,694290,35077866299,28431354472
4571137,8192,1,685773,35235556368,29171755439
4579329,8192,1,595343,32512470264,27232252763
4587521,8192,1,616676,31432826950,27702175225
4595713,8192,1,732388,35462326767,31707449364
4603905,8192,1,701686,34053236118,29139145938
4612097,8192,1,696025,34813469923,29325144106
4620289,8192,1,756842,36575998133,31212315170
4628481,8192,1,695958,35807344495,29527669451
4636673,8192,1,839988,41325848673,35805674802
4644865,8192,1,859818,39561689628,35205670191
4653057,8192,1,878341,39038765676,35753098569
4661249,8192,1,838018,41732008967,37506534288
4669441,8192,1,868393,42367951309,40230966611
4677633,8192,1,1024408,50365921601,46669017998
4685825,8192,1,1106629,50823271509,46867927018
4694017,8192,1,983321,52251191383,43853662158
4702209,8192,1,1065994,53288175748,51792378398
4710401,8192,1,1004230,57029863421,54725815658
4718593,8192,1,1175867,60067148142,58868914853
4726785,8192,1,1283732,60320736424,57633130888
4734977,8192,1,1366216,63069754925,58711748926
4743169,8192,1,1249121,59108334014,53638672977
4751361,8192,1,1252125,59908605848,54742182998
4759553,8192,1,1451207,62045900188,57184229693
4767745,8192,1,1519992,62098558192,56495803466
4775937,8192,1,1585445,62497723845,53523397186
4784129,8192,1,1400070,58743219915,53541266482
4792321,8192,1,1052134,54186765245,44065866894
4800513,8192,1,1019534,49928583194,44112548114
4808705,8192,1,1261780,57510375260,50771417700
4816897,8192,1,1331357,57590718396,53922290586
4825089,8192,1,1639294,60808222944,56384030191
4833281,8192,1,1324521,56290819569,51166180759
4841473,8192,1,1365671,56727562845,53158264311
4849665,8192,1,1800565,61983009179,61268752601
4857857,8192,1,2002216,61977955389,58249953448
4866049,8192,1,1885881,62151807862,60840783379
4874241,8192,1,1724229,62804522499,60119078050
4882433,8192,1,1914229,62387106534,61625592088
4890625,8192,1,1784457,61980258440,56766444912
4898817,8192,1,1710320,62316592526,60158538691
4907009,8192,1,1726464,62391325627,58909243420
4915201,8192,1,1730007,63380891308,60993539559
4923393,8192,1,1858619,62279744506,61601283348
4931585,8192,1,1849680,62183892835,62408306708
4939777,8192,1,1496671,58403848500,56768699407
4947969,8192,1,1393070,58633948844,57863690694
4956161,8192,1,1327346,58788810672,56511245375
4964353,8192,1,1272246,58123924020,55916506325
4972545,8192,1,1159603,54810326446,53374991994
4980737,8192,1,1260970,53358611450,54329605171
4988929,8192,1,1176073,52672662572,51141799803
4997121,8192,1,1259241,55165172481,52825412536
5005313,8192,1,1262433,56373025517,52240178799
5013505,8192,1,1356029,59546446599,58186262777
5021697,8192,1,1305842,56689784355,56156745300
5029889,8192,1,1125879,53898877430,48755162964
5038081,8192,1,1161636,54269350642,49752222893
5046273,8192,1,1191117,54055514122,52544600330
5054465,8192,1,1056526,53286687769,50035500518
5062657,8192,1,1038563,52346336284,48548697929
5070849,8192,1,1111255,53626275181,48143528979
5079041,8192,1,1139166,53752148996,50636256872
5087233,8192,1,1010849,50228857996,45561691336
5095425,8192,1,1086570,52677277867,48990755855
5103617,8192,1,981145,52265804278,47705634863
5111809,8192,1,1077049,53626533614,48816842152
5120001,8192,1,1057547,54195882329,49004265980
5128193,8192,1,1208494,58216835003,54614585636
5136385,8192,1,1184261,56746767112,51697296313
5144577,8192,1,999424,52506836442,49397087301
5152769,8192,1,1017445,53578401482,49914076370
5160961,8192,1,1019623,52810336386,51269770826
5169153,8192,1,938849,52166193773,49549635551
5177345,8192,1,1005061,53979644014,53161975578
5185537,8192,1,1006297,54409598707,55380830931
5193729,8192,1,910773,52367016050,50934050041
5201921,8192,1,1019609,54958972298,51270610941
5210113,8192,1,963205,51431731336,51921937744
5218305,8192,1,1080296,53432274393,55451216905
5226497,8192,1,913035,51814775021,51927935461
5234689,8192,1,811533,49710271751,48492129727
5242881,8192,1,914018,50659269828,49663147954
5251073,8192,1,951734,49660522293,48539923451
5259265,8192,1,966328,49937461860,51745130885
5267457,8192,1,876120,48233799143,48506494275
5275649,8192,1,839560,45505587169,45462645871
5283841,8192,1,976074,50468458835,49682399749
5292033,8192,1,924974,47925789741,49357565088
5300225,8192,1,942144,49680604502,48249548088
5308417,8192,1,886412,46355902185,47413516180
5316609,8192,1,828036,44837407164,46319942299
5324801,8192,1,738251,42486626567,43082526992
5332993,8192,1,878562,44377402985,44647949124
5341185,8192,1,759784,39515895518,40336726648
5349377,8192,1,876958,45441991668,46936335057
5357569,8192,1,803479,46113372017,47237754733
5365761,8192,1,729028,45065663138,44109286053
5373953,8192,1,885713,47737923460,48369970290
5382145,8192,1,836995,51351355496,50069635271
5390337,8192,1,965931,52965281717,52054746155
5398529,8192,1,782926,50890084027,46633124293
5406721,8192,1,761190,48956703913,48395544881
5414913,8192,1,827064,48472063015,48698921484
5423105,8192,1,825418,49256575775,54739817955
5431297,8192,1,919267,52230978175,57733296056
5439489,8192,1,974226,55143258533,58388520053
5447681,8192,1,833508,50689771206,53538424235
5455873,8192,1,947860,56707817121,56347603346
5464065,8192,1,1033971,58652807039,60043321144
5472257,8192,1,1115589,59342364238,61667179663
5480449,8192,1,1153123,59083287853,61622137971
5488641,8192,1,1009152,56069946259,60149037562
5496833,8192,1,1156155,57601281303,64138020767
5505025,8192,1,1147957,57531469967,63947838549
5513217,8192,1,1088977,55330482420,59025461548
5521409,8192,1,1128476,54292326455,58528865990
5529601,8192,1,1047151,55026971310,61751362332
5537793,8192,1,1126959,57980108462,63689981295
5545985,8192,1,1076343,59166013084,63518730208
5554177,8192,1,1192396,59545348454,64990429712
5562369,8192,1,1376951,58519081749,70423141599
5570561,8192,1,976721,58050473193,59612152795
5578753,8192,1,1166387,57731284389,61601106135
5586945,8192,1,1161915,58406567436,64344662157
5595137,8192,1,1234914,60771886651,66282192301
5603329,8192,1,1124232,59755746193,62857836659
5611521,8192,1,1095478,60122260578,61665137486
5619713,8192,1,1158885,60368944644,66028153513
5627905,8192,1,1153817,60775416598,63838015686
5636097,8192,1,1226306,60413544072,63520606434
5644289,8192,1,1196097,59963033833,61076510130
5652481,8192,1,1148057,60165793954,64450621075
5660673,8192,1,1177054,60696972227,63541179707
5668865,8192,1,1235498,60047450465,65478446567
5677057,8192,1,1147362,60485425643,66311474497
5685249,8192,1,1108227,59774988632,63042507746
5693441,8192,1,1201882,61008511303,64984295621
5701633,8192,1,1183811,61676882288,68596517042
5709825,8192,1,1214637,61791485704,70854702214
5718017,8192,1,1086473,61499185628,70542345321
5726209,8192,1,1201901,61132528463,67098324266
5734401,8192,1,1114912,61252818451,65158760754
5742593,8192,1,1163973,60135524474,64666633934
5750785,8192,1,1084060,59600947136,63204319275
5758977,8192,1,1078372,59809101820,63573677439
5767169,8192,1,1114845,59325753351,64785817136
5775361,8192,1,1126138,59862973911,62110324948
5783553,8192,1,1136977,59212357830,61649272547
5791745,8192,1,1046515,52187366379,55928634804
5799937,8192,1,1040418,55190787848,58004450205
5808129,8192,1,853023,55324595267,53852196816
5816321,8192,1,1028624,57063660639,59263968494
5824513,8192,1,1117046,59270194084,64283373249
5832705,8192,1,1061157,58960211718,63216424827
5840897,8192,1,1055327,56548008958,60712003437
5849089,8192,1,878652,50539203884,55159325448
5857281,8192,1,1173486,57632243725,67384757824
5865473,8192,1,1081039,57617358569,62245612320
5873665,8192,1,1057229,56743055206,63329797591
5881857,8192,1,951758,58511385611,58745186562
5890049,8192,1,835183,61795713273,48551013420
5898241,8192,1,739929,61727951417,50169553427
5906433,8192,1,680873,61904063474,51068637348
5914625,8192,1,706329,61447371947,53026565959
5922817,8192,1,694577,62089394033,50418735674
5931009,8192,1,846968,57980071725,52780690646
5939201,8192,1,966559,59961762656,59093497598
5947393,8192,1,901788,60279415753,58117771413
5955585,8192,1,802864,60414676596,56785647363
5963777,8192,1,685110,63069117237,52805335822
5971969,8192,1,649712,59686231052,52008369752
5980161,8192,1,1036796,60094784408,64549383931
5988353,8192,1,1003503,59416305051,63008291541
5996545,8192,1,1027604,59615250433,62022836416
6004737,8192,1,892103,60438506569,66000336796
6012929,8192,1,880312,59806694762,61966843699
6021121,8192,1,1109642,60025112508,67143937166
6029313,8192,1,1094954,59640226996,66056041825
6037505,8192,1,1030417,59369607024,63045257600
6045697,8192,1,1057200,55900815277,64131187190
6053889,8192,1,940339,50753517403,56455965158
6062081,8192,1,1047645,56417459765,63034542164
6070273,8192,1,1070344,58612928291,65962582934
6078465,8192,1,1040326,59160341340,62768813135
6086657,8192,1,1032939,59245645508,59057686321
6094849,8192,1,978106,58080730358,59089101350
6103041,8192,1,949935,59434287423,63111518506
6111233,8192,1,814440,62418352419,79458074170
6119425,8192,1,756883,61929340206,83174954950
6127617,8192,1,891700,57927536222,70245723149
6135809,8192,1,894373,54124139868,57606382748
6144001,8192,1,948844,54474431056,61204993632
6152193,8192,1,949060,55935295379,60513100302
6160385,8192,1,940733,57179985070,61705894393
6168577,8192,1,875004,59767193046,68508910211
6176769,8192,1,854844,58633356661,62527749839
6184961,8192,1,869810,57172923878,63233501111
6193153,8192,1,858339,58716480746,64755194417
6201345,8192,1,808091,59068730609,63111594862
6209537,8192,1,816753,58875189706,66550923032
6217729,8192,1,809455,58560010270,64104430947
6225921,8192,1,839253,57560207356,64037038090
6234113,8192,1,845776,59019049499,65364511783
6242305,8192,1,804291,57082938691,66992621006
6250497,8192,1,779310,58293679134,62653838529
6258689,8192,1,935783,58551901338,65218574928
6266881,8192,1,832343,56739213761,64037684386
6275073,8192,1,815239,56879687612,64436530815
6283265,8192,1,869622,56503858451,63624083032
6291457,8192,1,753911,57192973874,64094296718
6299649,8192,1,796408,58492213661,63794979600
6307841,8192,1,775867,57819406693,63713358896
6316033,8192,1,731815,55554664930,60762812014
6324225,8192,1,801177,56055100336,62855048895
6332417,8192,1,702924,55639554786,60784966911
6340609,8192,1,628921,57287631240,61096138104
6348801,8192,1,701014,56796985035,58780146973
6356993,8192,1,679990,56753862938,61700982057
6365185,8192,1,679678,56844041949,54299660240
6373377,8192,1,730260,55694660589,62512041073
6381569,8192,1,631122,56053435110,57439139007
6389761,8192,1,623579,55480206989,58392793314
6397953,8192,1,722344,56431171315,60298367903
6406145,8192,1,629492,57158444543,59977124221
6414337,8192,1,709829,57357572825,60032864859
6422529,8192,1,613086,54942317621,53968485965
6430721,8192,1,606422,52576411946,55392015141
6438913,8192,1,642545,52459434620,56465426494
6447105,8192,1,731996,53145077742,55798732223
6455297,8192,1,724964,54306641564,63104139535
6463489,8192,1,815991,52726025166,60194022468
6471681,8192,1,729625,49182276339,52224028262
6479873,8192,1,669837,46831088707,47666186312
6488065,8192,1,747144,48122908769,52909007580
6496257,8192,1,717326,47958662805,60231855348
6504449,8192,1,718392,50909275438,58251043693
6512641,8192,1,730467,48392560754,53901692209
6520833,8192,1,738059,46131832206,54228246885
6529025,8192,1,724708,46477569891,52929426704
6537217,8192,1,800265,48971240353,56134419383
6545409,8192,1,787384,48497192206,54675371999
6553601,8192,1,698398,47187351487,53936685482
6561793,8192,1,737557,48788349686,54167774011
6569985,8192,1,764170,49888523955,55750486021
6578177,8192,1,680236,49997697795,49897460598
6586369,8192,1,749999,53088340658,51295879998
6594561,8192,1,705784,48019131508,53997844585
6602753,8192,1,656423,46400710382,52356999988
6610945,8192,1,849783,47748915390,56423528970
6619137,8192,1,801148,47807608803,56340325165
6627329,8192,1,765408,46669797740,54327979902
6635521,8192,1,743150,46887794423,54351646114
6643713,8192,1,665607,45877233135,55751844011
6651905,8192,1,758736,47427946240,59026957467
6660097,8192,1,827631,47805700088,57344679758
6668289,8192,1,740827,47033958754,55506731355
6676481,8192,1,701546,45737135850,54077954623
6684673,8192,1,693026,47473036303,55917235617
6692865,8192,1,744005,47361939810,54453638121
6701057,8192,1,728159,45355462532,53366683287
6709249,8192,1,803323,48175195526,55868351442
6717441,8192,1,731903,47282679908,54734920963
6725633,8192,1,669779,47058450238,50777197767
6733825,8192,1,736446,51234504987,55992900506
6742017,8192,1,845497,51556557281,58729113802
6750209,8192,1,783040,49450537411,54259182559
6758401,8192,1,785734,48600607825,51362495310
6766593,8192,1,644335,43880086628,47120788012
6774785,8192,1,718306,45320242271,50850295963
6782977,8192,1,787787,49300862376,56258279029
6791169,8192,1,797132,51216997662,54061831809
6799361,8192,1,778579,54480612692,66292981462
6807553,8192,1,777106,54418924892,63008215116
6815745,8192,1,641142,49816057934,60385518161
6823937,8192,1,767187,52605381030,62166723515
6832129,8192,1,795755,53448736123,64496406040
6840321,8192,1,787802,52776478133,66459681160
6848513,8192,1,788128,50809483628,64919162136
6856705,8192,1,703447,48678621512,62281076944
6864897,8192,1,720780,48100014209,56710522991
6873089,8192,1,753391,48766101024,55945288844
6881281,8192,1,726756,48283626988,57125434936
6889473,8192,1,759040,48229905528,55703478516
6897665,8192,1,733910,48871665264,60396656831
6905857,8192,1,752177,49522415159,58963168685
6914049,8192,1,802193,51410592357,55799742817
6922241,8192,1,859621,51928120590,59662716147
6930433,8192,1,800774,50391395202,58443940322
6938625,8192,1,748654,49387623217,56658462457
6946817,8192,1,796267,50255220086,59092120855
6955009,8192,1,748240,51693407873,54804765260
6963201,8192,1,806363,50150885645,61179967816
6971393,8192,1,728569,48656564463,60046255106
6979585,8192,1,735352,51199560672,62012231623
6987777,8192,1,699021,48682911486,63492452795
6995969,8192,1,634120,45831406577,53812903965
7004161,8192,1,892155,50536556554,62183825707
7012353,8192,1,782030,49273441119,60499610808
7020545,8192,1,741045,46097890688,56191847901
7028737,8192,1,762443,45093991002,57424887739
7036929,8192,1,853754,46603908786,56729679743
7045121,8192,1,810342,46377293130,56698654632
7053313,8192,1,770343,47471980730,57185350094
7061505,8192,1,683334,43555846112,52918252567
7069697,8192,1,838780,46875030520,58295486013
7077889,8192,1,763229,48582059456,55294246504
7086081,8192,1,751041,45191788480,53699876411
7094273,8192,1,795784,48515590361,55506582177
7102465,8192,1,787430,49228707462,54187207770
7110657,8192,1,985470,55948602087,60109002676
7118849,8192,1,879750,52775047845,59102550652
7127041,8192,1,771176,49224643811,56798285231
7135233,8192,1,810937,53308284328,61154859425
7143425,8192,1,915819,55117039138,65082437941
7151617,8192,1,910815,54754117820,61621931751
7159809,8192,1,886198,58713975871,65685535826
7168001,8192,1,726666,49138506055,54232392119
7176193,8192,1,693336,47109751685,53692915134
7184385,8192,1,724525,48036349840,51030143888
7192577,8192,1,708302,48268198216,52111307614
7200769,8192,1,727507,50120021956,54475129075
7208961,8192,1,790346,53098340347,59771791645
7217153,8192,1,906974,56741329110,61430231928
7225345,8192,1,933614,58596654890,64696276103
7233537,8192,1,885596,58671527494,64268309685
7241729,8192,1,1016104,61069572685,69326024367
7249921,8192,1,1020630,61369308543,65429115173
7258113,8192,1,985675,61058114637,70181753075
7266305,8192,1,1024395,60799942581,66650610722
7274497,8192,1,1073993,62911729753,71140016678
7282689,8192,1,959353,60722933235,68427117106
7290881,8192,1,721417,51558952034,60133842212
7299073,8192,1,635467,47439182717,57686412700
7307265,8192,1,768990,52539940390,59910794663
7315457,8192,1,782838,50497801672,59785792739
7323649,8192,1,736531,48680635829,57131341306
7331841,8192,1,693431,48979000213,58399904666
7340033,8192,1,700353,48470463657,58341196215
7348225,8192,1,656165,47754014325,53650444759
7356417,8192,1,706952,49781969594,58913552568
7364609,8192,1,702560,51552295972,56740928416
7372801,8192,1,748488,51189895210,57053027866
7380993,8192,1,672970,50289379405,55112034217
7389185,8192,1,618374,46747527961,55523275801
7397377,8192,1,731407,53849189259,58469688942
7405569,8192,1,823103,54459907520,59117602788
7413761,8192,1,820567,57996395789,64123835713
7421953,8192,1,759259,54880499899,61026524371
7430145,8192,1,709874,50266481813,56276431966
7438337,8192,1,799413,52617562312,61502038909
7446529,8192,1,803464,53862112844,63352376693
7454721,8192,1,776283,53348274726,61602935505
7462913,8192,1,841975,55623955618,62510437744
7471105,8192,1,853955,57452318218,66394583016
7479297,8192,1,795154,56297422443,63966679191
7487489,8192,1,889445,56376229780,68202617282
7495681,8192,1,1021969,60023042579,72246998264
7503873,8192,1,875237,55313971334,65547767320
7512065,8192,1,775071,49429826010,60612126362
7520257,8192,1,725889,47064363363,57735779843
7528449,8192,1,834843,51650564844,64278692291
7536641,8192,1,789507,50757917942,63525037942
7544833,8192,1,867687,54598783786,61621531784
7553025,8192,1,960725,56469515355,62977792272
7561217,8192,1,815707,50313874323,62709448747
7569409,8192,1,666231,46144005917,56605019507
7577601,8192,1,832815,54175134238,57386937254
7585793,8192,1,885526,58087439964,63099808154
7593985,8192,1,861278,55905434119,62906506904
7602177,8192,1,852806,50342783962,62132707797
7610369,8192,1,887841,49888381296,63236856342
7618561,8192,1,860187,54950616424,60119332691
7626753,8192,1,915348,54030183176,63857240522
7634945,8192,1,852309,51681051150,63611041029
7643137,8192,1,912370,53049696773,63094264987
7651329,8192,1,738803,45900258701,54582625571
7659521,8192,1,713836,45748826296,53997484136
7667713,8192,1,848035,50538533259,58560165640
7675905,8192,1,937742,55323766578,66401056526
7684097,8192,1,787627,54383889810,59110169674
7692289,8192,1,833589,53247672067,60436436637
7700481,8192,1,814204,49535470442,59360960220
7708673,8192,1,903137,54358941917,61558591799
7716865,8192,1,801151,62622317283,55707802158
7725057,8192,1,905524,59014777802,66023321814
7733249,8192,1,960512,58327935763,70118106860
7741441,8192,1,936278,56411432504,68970789880
7749633,8192,1,890324,53572479595,69497416606
7757825,8192,1,1027125,58522479696,76247556363
7766017,8192,1,1065365,61612038604,79246454956
7774209,8192,1,1133091,62039236317,76396354587
7782401,8192,1,1013568,61944787561,75480529829
7790593,8192,1,977456,60660792594,72935204452
7798785,8192,1,1062407,59684547724,74448439025
7806977,8192,1,1017774,59902115809,73141560569
7815169,8192,1,1154301,60693446908,74801361252
7823361,8192,1,1129298,60341384806,75131210458
7831553,8192,1,1048171,56590059373,71368747176
7839745,8192,1,1006866,55276418358,70025392787
7847937,8192,1,1266339,61467920318,74326122459
7856129,8192,1,1153575,60984143819,70310039687
7864321,8192,1,1115475,59852831907,75071921416
7872513,8192,1,1148287,60908945609,71359783087
7880705,8192,1,1236171,60021117831,76945472116
7888897,8192,1,1119286,58582250428,71732116703
7897089,8192,1,1116862,59438959515,73090168125
7905281,8192,1,1053564,59511201019,70769423302
7913473,8192,1,1018766,59916578393,71828654794
7921665,8192,1,1163030,58202234652,65743593056
7929857,8192,1,932972,56541598892,68892618773
7938049,8192,1,1335617,61768841096,74199579445
7946241,8192,1,1126115,60333225913,77075396118
7954433,8192,1,930625,59253863905,76319661589
7962625,8192,1,1155991,60318831521,75534319794
7970817,8192,1,1149787,58205892161,72548816032
7979009,8192,1,1168100,58675133580,72910514956
7987201,8192,1,1109590,60201568915,71032048181
7995393,8192,1,1246696,60953748469,70411027179
8003585,8192,1,1072671,58459135873,73989520562
8011777,8192,1,915176,52150084703,70744900257
8019969,8192,1,1048977,54347088319,70458746649
8028161,8192,1,1161083,57901070063,71041020832
8036353,8192,1,1038066,60739991885,70992694791
8044545,8192,1,1058512,61452870344,69192487416
8052737,8192,1,1224568,57520110354,69087188766
8060929,8192,1,883351,49034881564,61869030987
8069121,8192,1,1093556,54937862712,67345819859
8077313,8192,1,1171620,58985335698,73428565492
8085505,8192,1,970944,57604952668,70238543973
8093697,8192,1,1018286,53175452767,67294760709
8101889,8192,1,907967,52281783686,64625120617
8110081,8192,1,872493,50955441103,64169798372
8118273,8192,1,1016880,55439650663,70573068198
8126465,8192,1,893543,53041319100,67763485847
8134657,8192,1,1199821,58355280103,72578702300
8142849,8192,1,872903,50503746198,65722581176
8151041,8192,1,753363,48910092076,64031122730
8159233,8192,1,888841,55200745635,69108619351
8167425,8192,1,1358869,61654254721,67207243845
8175617,8192,1,919344,57647015958,71369180961
8183809,8192,1,948309,52872475578,65405386070
8192001,8192,1,738324,46746541520,59426715560
8200193,8192,1,738422,45469577722,57797021077
8208385,8192,1,812997,50384096789,62502660176
8216577,8192,1,1006640,52371646321,60732507573
8224769,8192,1,1163238,59595554009,69118261600
8232961,8192,1,798761,53019994658,64271429187
8241153,8192,1,697829,51960965721,60269971039
8249345,8192,1,841109,52000342474,64198782700
8257537,8192,1,930193,54459937700,67828149920
8265729,8192,1,975208,58222853369,69882784198
8273921,8192,1,1020904,56306070571,67604200145
8282113,8192,1,938526,53080739771,61691495427
8290305,8192,1,820570,51981464609,66050600667
8298497,8192,1,940581,58623412073,68491134447
8306689,8192,1,877846,57683653048,67252203759
8314881,8192,1,914277,57238738726,68938910899
8323073,8192,1,880678,51566549035,64787816253
8331265,8192,1,763133,51489770819,73278254510
8339457,8192,1,835498,52115559990,61757359429
8347649,8192,1,940995,53853618011,65298105274
8355841,8192,1,935120,59792349550,68352065654
8364033,8192,1,849350,54624898279,64720534999
8372225,8192,1,826549,50554075020,62217168336
8380417,8192,1,893359,53524916702,64783666724
8388609,8192,1,950037,59670381591,74570100345
8396801,8192,1,851952,59067138486,66675079893
8404993,8192,1,971316,58701071184,71666045463
8413185,8192,1,957288,57866515165,72352927476
8421377,8192,1,838965,57549256819,62854231020
8429569,8192,1,893296,61104343635,60706368339
8437761,8192,1,993838,59809150417,68578784071
8445953,8192,1,964813,60789904230,70307256411
8454145,8192,1,839047,59657647316,64911457797
8462337,8192,1,854037,59372454307,63133882440
8470529,8192,1,970235,60191471319,66696580060
8478721,8192,1,988342,61800831528,66165474063
8486913,8192,1,828164,61286830855,61357251908
8495105,8192,1,1002499,62022730823,63892395653
8503297,8192,1,989779,61828220456,62910434197
8511489,8192,1,835312,61844907375,57923181424
8519681,8192,1,889469,61679703719,58483094470
8527873,8192,1,965347,61385667796,60238648637
8536065,8192,1,931052,61592837583,60554915993
8544257,8192,1,754048,61629636775,56004969332
8552449,8192,1,803745,61961780469,59496931401
8560641,8192,1,939276,63530816772,63510641625
8568833,8192,1,851417,65923346777,62807857380
8577025,8192,1,841049,65623489141,62341008573
8585217,8192,1,992152,73222626803,69074455501
8593409,8192,1,817459,77878755186,65448720904
8601601,8192,1,699019,76628772865,66240093260
8609793,8192,1,811933,78058009201,65260135907
8617985,8192,1,949393,77470743277,75996428363
8626177,8192,1,869464,75793509999,71264870672
8634369,8192,1,739889,74187688186,64676571022
8642561,8192,1,818926,77685558439,69432736064
8650753,8192,1,825924,78026267904,71684778325
8658945,8192,1,812147,70393239512,79375526055
8667137,8192,1,785673,61570806794,70666145995
8675329,8192,1,816542,65781442449,68475247713
8683521,8192,1,757973,54004019478,65400341570
8691713,8192,1,683329,52246980326,61155429298
8699905,8192,1,849122,55659160493,66974954293
8708097,8192,1,975466,59263476741,71041787099
8716289,8192,1,913001,59041577975,70288477667
8724481,8192,1,868978,54281558998,64897071604
8732673,8192,1,805391,49494687484,60746876146
8740865,8192,1,812980,52561159401,63671134282
8749057,8192,1,822366,52666178343,64416640470
8757249,8192,1,919564,56098391378,67334661169
8765441,8192,1,968016,57877117485,70007258203
8773633,8192,1,860153,51481505907,61784990278
8781825,8192,1,790868,47257860195,57643982659
8790017,8192,1,942832,53538052783,64041775668
8798209,8192,1,940694,61685676481,72774790891
8806401,8192,1,885927,61658922238,66955821867
8814593,8192,1,1038029,61369004831,74272349742
8822785,8192,1,879793,52146272787,64596350006
8830977,8192,1,878509,55697156073,67361262607
8839169,8192,1,964736,62541552293,82647696397
8847361,8192,1,996914,61590833329,80064940413
8855553,8192,1,885028,55127615561,63016174775
8863745,8192,1,791523,55304861134,65093917879
8871937,8192,1,849887,63786091420,81484779278
8880129,8192,1,902373,61012686158,74573007150
8888321,8192,1,941387,59426643172,71850867142
8896513,8192,1,1133114,63866621409,84056910579
8904705,8192,1,802562,63727133550,85166011539
8912897,8192,1,845445,61409418399,81748484545
8921089,8192,1,1017609,65029754319,84483134573
8929281,8192,1,907925,63564436196,80542089357
8937473,8192,1,967802,66232587516,84157329708
8945665,8192,1,897482,65346650167,84159915758
8953857,8192,1,750217,65003544141,71473390167
8962049,8192,1,1086994,67502783028,83627458091
8970241,8192,1,951713,66237749089,79116291555
8978433,8192,1,981183,69267416517,78300819385
8986625,8192,1,1055590,68273551884,89441482646
8994817,8192,1,780717,56833119505,74919280950
9003009,8192,1,1036805,73004597454,86326664617
9011201,8192,1,1012222,71455636535,82881052579
9019393,8192,1,874242,71548472212,81184234000
9027585,8192,1,971248,66791843410,82031502248
9035777,8192,1,840102,64595196013,79328899797
9043969,8192,1,994170,64934612725,79951043130
9052161,8192,1,888691,65383679263,79705188707
9060353,8192,1,942244,57388886441,72533058749
9068545,8192,1,701653,48078807041,60280874950
9076737,8192,1,754798,61024714378,70118744023
9084929,8192,1,908482,65338335472,76820812770
9093121,8192,1,898709,68826620520,82651242177
9101313,8192,1,947022,69761741984,77902369122
9109505,8192,1,855685,64915604147,75863931081
9117697,8192,1,936510,68593558199,80919881444
9125889,8192,1,1110657,74193543274,88447315507
9134081,8192,1,974020,71692480309,85730940393
9142273,8192,1,971906,69278593897,83295250456
9150465,8192,1,940651,67361910005,79457283496
9158657,8192,1,931319,67770003761,79850431676
9166849,8192,1,1003627,67301994373,78335099923
9175041,8192,1,901224,64936435027,77795843355
9183233,8192,1,768025,58547006772,69522651616
9191425,8192,1,992708,64118389903,77089922226
9199617,8192,1,767537,60728207372,72321021561
9207809,8192,1,741824,53901328760,67878233196
9216001,8192,1,698064,49104444455,59041473686
9224193,8192,1,643992,47707551961,60934696446
9232385,8192,1,827015,55845001987,69359876661
9240577,8192,1,847844,59333225580,71640084099
9248769,8192,1,757262,52846524981,64272554295
9256961,8192,1,716538,54524823239,66118613260
9265153,8192,1,714126,49995214601,59330970717
9273345,8192,1,716731,54250605891,65642528959
9281537,8192,1,763184,56104624149,69942671898
9289729,8192,1,852003,63108379279,76373964333
9297921,8192,1,904053,60658920099,72371830476
9306113,8192,1,828610,56073471319,70388563996
9314305,8192,1,742441,55013686452,68710323032
9322497,8192,1,731295,52787689502,64440500098
9330689,8192,1,708369,52392880422,63912757627
9338881,8192,1,664925,47456678772,61087590175
9347073,8192,1,627062,59045841516,70110798238
9355265,8192,1,542072,51533409470,61227353470
9363457,8192,1,553768,51823161640,61740326773
9371649,8192,1,664552,57497993985,70875701525
9379841,8192,1,665352,58873592863,69811932291
9388033,8192,1,708523,60684737157,73614565515
9396225,8192,1,742494,61352845542,72305507869
9404417,8192,1,682535,52096944972,65776843911
9412609,8192,1,730720,56467680323,73015685116
9420801,8192,1,659919,65708295301,91390240949
9428993,8192,1,805946,68506237462,95236448482
9437185,8192,1,799261,70730540231,96200201110
9445377,8192,1,782815,64727852547,85598728153
9453569,8192,1,806095,57998734790,75962015835
9461761,8192,1,873153,60674145097,74453560040
9469953,8192,1,978600,68453757397,89811372016
9478145,8192,1,932038,68593126285,88674062287
9486337,8192,1,969887,65412428592,82601151595
9494529,8192,1,871662,61072195102,79308262625
9502721,8192,1,880415,67010896351,90997670318
9510913,8192,1,877077,62637487079,81290902929
9519105,8192,1,892491,66341797417,83118567617
9527297,8192,1,886525,63743218469,82900228787
9535489,8192,1,763034,56916289211,74156786598
9543681,8192,1,755739,51749236039,71059086251
9551873,8192,1,873175,63714325503,81949847186
9560065,8192,1,894671,66968083563,90045160159
9568257,8192,1,871975,67196685161,90785491985
9576449,8192,1,833002,63337835446,83007460876
9584641,8192,1,804983,57162122774,74897163339
9592833,8192,1,852642,58816487988,78195426600
9601025,8192,1,804419,61358444080,82094481281
9609217,8192,1,849312,58233450860,78079423555
9617409,8192,1,927929,63536028152,83997320209
9625601,8192,1,813905,59495790605,78177778698
9633793,8192,1,774141,59853748240,83518071876
9641985,8192,1,1008519,71796902215,94883173496
9650177,8192,1,946237,66707485905,84049428562
9658369,8192,1,908074,73540668043,100527537526
9666561,8192,1,1048466,76252778127,101010195527
9674753,8192,1,866412,68574360918,87239026288
9682945,8192,1,932972,70752871888,94535640634
9691137,8192,1,979047,71791734313,94013486179
9699329,8192,1,918888,67817796157,91962959812
9707521,8192,1,1104725,71177466006,102863397806
9715713,8192,1,1104271,71716325188,103854691379
9723905,8192,1,963052,66999392072,89416440674
9732097,8192,1,1005464,65795578186,89943791948
9740289,8192,1,1059837,67994246828,90798730340
9748481,8192,1,979162,67629006993,89437947947
9756673,8192,1,885081,62292836211,83571405656
9764865,8192,1,833802,62457382863,80826783378
9773057,8192,1,837546,61034522068,75897645727
9781249,8192,1,946051,67857791102,85145549829
9789441,8192,1,819208,65866256100,83281979097
9797633,8192,1,924104,68240421801,90222920978
9805825,8192,1,881246,68247029882,86954851135
9814017,8192,1,778987,66071308722,81955660861
9822209,8192,1,911174,69795340731,93280392287
9830401,8192,1,1006706,71978418806,94858320075
9838593,8192,1,1038633,71509025018,95431803214
9846785,8192,1,896865,69792988764,90878188575
9854977,8192,1,847711,67034768302,84786190051
9863169,8192,1,911641,68667883187,88756446212
9871361,8192,1,996682,70107950073,90989157560
9879553,8192,1,973566,69625920413,92263122956
9887745,8192,1,993179,71185747311,94264465263
9895937,8192,1,1003198,70717713319,93377952917
9904129,8192,1,1002534,71808040774,96979555639
9912321,8192,1,973237,71613101484,95142872514
9920513,8192,1,1033485,72846155160,92983960657
9928705,8192,1,1031123,73635393603,96867822734
9936897,8192,1,1080661,74097718137,97578244603
9945089,8192,1,978766,70891484395,93092838850
9953281,8192,1,1042650,72417886178,96027331643
9961473,8192,1,1112412,74009890439,98352840814
9969665,8192,1,1081752,73469731113,99589111358
9977857,8192,1,1115522,75780146275,101148166162
9986049,8192,1,1042699,73335453765,98860945823
9994241,8192,1,1012025,72304159780,98387888307
10002433,8192,1,947807,73177316635,96650487460
10010625,8192,1,993860,74248158794,95448876068
10018817,8192,1,1083307,76321832298,100573980393
10027009,8192,1,1144640,76778212899,102561801313
10035201,8192,1,1106267,76509496209,102025019709
10043393,8192,1,1136468,76529152684,103855927253
10051585,8192,1,1143192,76622953602,100543747917
10059777,8192,1,1071558,76691528658,98869520963
10067969,8192,1,1035874,75016157201,95843364495
10076161,8192,1,1190056,75265046958,94954751387
10084353,8192,1,1052095,76722732640,100758899864
10092545,8192,1,1059358,76839914668,103409813767
10100737,8192,1,1078590,77061038954,100428451813
10108929,8192,1,1104262,76917215732,93235752356
10117121,8192,1,1171376,77120896113,100078898570
10125313,8192,1,1065388,77604654123,105506522864
10133505,8192,1,1080586,77621034018,99521191416
10141697,8192,1,1185945,77375102520,99902933035
10149889,8192,1,1118057,77079879819,98975458673
10158081,8192,1,1140551,77535086646,104130232533
10166273,8192,1,1201889,77314405596,103609811672
10174465,8192,1,1114490,77129632609,104388270713
10182657,8192,1,1131014,76977719808,102629159017
10190849,8192,1,1225990,76646881261,103155854755
10199041,8192,1,1193971,77200838933,101051171304
10207233,8192,1,1174049,77770485494,103069150293
10215425,8192,1,1131601,77893106666,101059656477
10223617,8192,1,1214716,77082495252,101035035350
10231809,8192,1,1239036,76812658037,102574457142
10240001,8192,1,1174334,77539060580,104814106479
10248193,8192,1,1147536,77645370823,106751225565
10256385,8192,1,1130296,76924591639,104495887504
10264577,8192,1,1030018,77324495149,104602900347
10272769,8192,1,1086505,77623073831,104936435907
10280961,8192,1,1133919,77708872357,104843069595
10289153,8192,1,1154060,77788627230,104546424827
10297345,8192,1,1188569,79487887047,111447625207
10305537,8192,1,1162732,92108783782,130884651335
10313729,8192,1,1258422,92807705936,123588565080
10321921,8192,1,1454915,92532120917,122967977933
10330113,8192,1,1363088,93006927167,127079949338
10338305,8192,1,1297387,91799653406,124475809545
10346497,8192,1,1317779,93102367684,126180881042
10354689,8192,1,1316959,92167733414,125971419650
10362881,8192,1,1294409,91868826372,123272149642
10371073,8192,1,1371189,92625323824,124119279254
10379265,8192,1,1370935,91279955444,123326779206
10387457,8192,1,1323638,91353035083,125781239274
10395649,8192,1,1176812,92192015743,127947517978
10403841,8192,1,1130901,92191092473,123206690022
10412033,8192,1,1365356,91517607743,124409778591
10420225,8192,1,1350461,91558164098,124642602647
10428417,8192,1,1325279,93052871840,128940918070
10436609,8192,1,1315451,92424243235,126197500342
10444801,8192,1,1280543,91824104587,128255236555
10452993,8192,1,1386630,92677741195,125568566919
10461185,8192,1,1350573,93443272480,130498563653
10469377,8192,1,1413221,93408214190,123723271914
10477569,8192,1,1409852,91813150323,118150068322
10485761,8192,1,1325146,92491978229,124805400882
10493953,8192,1,1360475,93375068735,127823049948
10502145,8192,1,1477277,93028293528,126244908188
10510337,8192,1,1458912,93395121237,127242938090
10518529,8192,1,1407547,93881286759,131962169319
10526721,8192,1,1441709,95010075686,129659838496
10534913,8192,1,1517598,98525141995,138030774350
10543105,8192,1,1527082,98878550793,136609984565
10551297,8192,1,1529306,98563439926,137427887001
10559489,8192,1,1488034,98120186326,129587609239
10567681,8192,1,1545901,98405600084,132246361393
10575873,8192,1,1481930,98131779771,134746290755
10584065,8192,1,1392202,98224165663,135010969397
10592257,8192,1,1533065,98063078190,132074544039
10600449,8192,1,1520463,98076761196,134518126538
10608641,8192,1,1485632,97643007726,131519885302
10616833,8192,1,1537129,98094168122,130162198585
10625025,8192,1,1531409,97567851758,127962722721
10633217,8192,1,1605029,98527900785,129552771146
10641409,8192,1,1581691,98109215587,127666762319
10649601,8192,1,1533873,98321831677,123118687762
10657793,8192,1,1556816,98751922551,123839099692
10665985,8192,1,1455320,98419002087,130242122286
10674177,8192,1,1399828,98856138099,128244821252
10682369,8192,1,1543182,99064986797,126764186589
10690561,8192,1,1541635,98835373983,126315078103
10698753,8192,1,1495339,99053764120,128912661464
10706945,8192,1,1535453,99205973257,131615823421
10715137,8192,1,1411860,98432768557,130897250816
10723329,8192,1,1465940,98922916151,130499605869
10731521,8192,1,1445079,99057744442,129608990661
10739713,8192,1,1409598,98835109309,130396224832
10747905,8192,1,1434689,98604438114,129631986698
10756097,8192,1,1432351,98393824834,127089757704
10764289,8192,1,1436449,98995119384,124046922421
10772481,8192,1,1494024,98865322370,123023858431
10780673,8192,1,1564213,98943876509,121334139829
10788865,8192,1,1487517,99069578049,121753497916
10797057,8192,1,1431398,98631734597,128914729420
10805249,8192,1,1279797,97861496443,129287023779
10813441,8192,1,1314075,99369544817,130802935202
10821633,8192,1,1326300,98850079622,126707270827
10829825,8192,1,1297628,99169380318,126502432495
10838017,8192,1,1376879,98939998883,124784548863
10846209,8192,1,1346219,99403792278,127863145627
10854401,8192,1,1323252,99251403001,126985843112
10862593,8192,1,1334976,99494857878,129710209771
10870785,8192,1,1341365,99559553820,129507377774
10878977,8192,1,1470136,99262735048,123764997032
10887169,8192,1,1685788,99549571043,125184091720
10895361,8192,1,1395013,99353151545,131465106820
10903553,8192,1,1353200,99129856294,129932158351
10911745,8192,1,1436134,99015606534,129885436495
10919937,8192,1,1372106,99208153089,127738220954
10928129,8192,1,1338149,99199886160,130840637187
10936321,8192,1,1303750,99210160521,130275337784
10944513,8192,1,1283208,99611151083,129507344129
10952705,8192,1,1319801,99531959189,124825988670
10960897,8192,1,1352636,99310002799,127933949949
10969089,8192,1,1375102,99466085443,129037455861
10977281,8192,1,1318730,99628423479,132511187963
10985473,8192,1,1227266,99669860657,128607122674
10993665,8192,1,1251634,99764662138,128400843714
11001857,8192,1,1356592,99619090549,129865386968
11010049,8192,1,1378517,99485553104,130875862337
11018241,8192,1,1275742,98374192970,127177898255
11026433,8192,1,1354490,99298692809,129741588187
11034625,8192,1,1310112,97186693575,126640315544
11042817,8192,1,1334103,99245280398,130086545406
11051009,8192,1,1363729,99758052158,130386577438
11059201,8192,1,1433294,99811214650,131110077491
11067393,8192,1,1554046,99865509853,137172675969
11075585,8192,1,1348576,99492264844,135809714098
11083777,8192,1,1248034,99629928157,133516249524
11091969,8192,1,1401515,99673560434,136358869167
11100161,8192,1,1447762,99741103137,135013843621
11108353,8192,1,1485144,99829077573,137805274995
11116545,8192,1,1398817,99670502872,133410085165
11124737,8192,1,1270161,99750583272,132081068095
11132929,8192,1,1320965,100173706874,133276766732
11141121,8192,1,1325674,99897977809,134297840620
11149313,8192,1,1402938,99852564415,132839737988
11157505,8192,1,1427512,99848646888,130935287981
11165697,8192,1,1399016,99824607865,132745450873
11173889,8192,1,1294020,99650819487,134030320335
11182081,8192,1,1438620,99932057170,137496972838
11190273,8192,1,1438914,100005225132,133830851242
11198465,8192,1,1443942,99739876237,136082052022
11206657,8192,1,1412633,99729278350,137319359148
11214849,8192,1,1380570,99693471850,137442384322
11223041,8192,1,1383145,99903866172,136541546307
11231233,8192,1,1478358,100104962850,136604915350
11239425,8192,1,1347924,99887377082,136573040643
11247617,8192,1,1381274,100222018318,133550093105
11255809,8192,1,1444439,99786699446,134480779509
11264001,8192,1,1316079,99890293002,136000359073
11272193,8192,1,1347710,99946984814,137107783824
11280385,8192,1,1484505,99851935427,139015187883
11288577,8192,1,1396744,99998982049,141529882023
11296769,8192,1,1470900,99784151152,140712264192
11304961,8192,1,1430049,99687376856,144092207952
11313153,8192,1,1453839,99667400561,144622178596
11321345,8192,1,1595756,99733144268,142850151911
11329537,8192,1,1528036,99788326430,142455398461
11337729,8192,1,1445057,99542969394,142927410367
11345921,8192,1,1359299,100074192393,137230851278
11354113,8192,1,1214427,99786388904,137185926592
11362305,8192,1,1448539,99876697498,142872722225
11370497,8192,1,1443442,99905517041,142663194748
11378689,8192,1,1372946,99494705111,137611669139
11386881,8192,1,1460716,99919270857,141449486187
11395073,8192,1,1324871,99802789764,140712422133
11403265,8192,1,1294644,99751712798,138540177827
11411457,8192,1,1427163,99936036914,137811559275
11419649,8192,1,1470939,99901096311,138449184790
11427841,8192,1,1374494,99957562220,138400082079
11436033,8192,1,1412862,100230306566,138546448013
11444225,8192,1,1374249,100053691309,137247994606
11452417,8192,1,1571219,99840223592,139663060834
11460609,8192,1,1495879,100010686253,138433668101
11468801,8192,1,1604419,100116741671,142412359957
11476993,8192,1,1633118,99820704698,139616959213
11485185,8192,1,1504462,99935838936,146899882643
11493377,8192,1,1317697,100499782245,144444391554
11501569,8192,1,1456024,100174119560,139243298069
11509761,8192,1,1513323,100006134277,136997136483
11517953,8192,1,1519607,99951925790,141102604840
11526145,8192,1,1383406,99807024509,138135778230
11534337,8192,1,1422653,100061173912,143510831923
11542529,8192,1,1545477,99930647157,142273890843
11550721,8192,1,1558532,100242503361,143075526238
11558913,8192,1,1504436,99761429052,139343896395
11567105,8192,1,1457170,99838244510,141793182372
11575297,8192,1,1421856,100360462892,142172041731
11583489,8192,1,1555722,100143247311,144080493238
11591681,8192,1,1574678,99900660852,142249320498
11599873,8192,1,1594565,100048647754,143717696363
11608065,8192,1,1659040,100329595801,145650232862
11616257,8192,1,1617443,100220177970,141750007747
11624449,8192,1,1532623,100080599389,142049684144
11632641,8192,1,1542361,100037161583,144391850651
11640833,8192,1,1571861,100308996380,140666772563
11649025,8192,1,1395721,100378559333,143037561094
11657217,8192,1,1490221,100226114683,142928311174
11665409,8192,1,1513739,99985733401,141437199755
11673601,8192,1,1486715,99964988407,140899907913
11681793,8192,1,1497379,99497295251,142192530599
11689985,8192,1,1555675,99583756838,141201671281
11698177,8192,1,1526425,99975239456,138878324727
11706369,8192,1,1506885,100205850486,159244316391
11714561,8192,1,1417140,100076759648,163943325327
11722753,8192,1,1419327,100185239943,154143990792
11730945,8192,1,1535326,99752558396,142862499140
11739137,8192,1,1475350,100121062315,140642177245
11747329,8192,1,1462315,100110564487,143125504030
11755521,8192,1,1607984,100218708518,144428300180
11763713,8192,1,1561092,100091344980,140258404943
11771905,8192,1,1634365,99974635368,137123016501
11780097,8192,1,1611463,100152909187,142280349327
11788289,8192,1,1659488,100051303446,139725884709
11796481,8192,1,1665774,99976385541,138528766142
11804673,8192,1,1595345,99986758305,136838375064
11812865,8192,1,1524046,99728316562,137654520704
11821057,8192,1,1641213,100165414493,138808692662
11829249,8192,1,1680031,99908869524,138310927815
11837441,8192,1,1612325,99880712091,140037702627
11845633,8192,1,1614251,99971067648,142528518961
11853825,8192,1,1556277,99978320446,141036147498
11862017,8192,1,1512954,100017672279,142058534013
11870209,8192,1,1549037,99886206895,140001816829
11878401,8192,1,1571428,100164009970,142616578835
11886593,8192,1,1668305,100312517315,140824371115
11894785,8192,1,1682065,100025730811,144064406154
11902977,8192,1,1570310,100112225843,144704213920
11911169,8192,1,1644933,100154217941,143947696808
11919361,8192,1,1656821,100207884794,143654207161
11927553,8192,1,1582493,100126425907,140324912690
11935745,8192,1,1521475,100167079312,142956187850
11943937,8192,1,1521683,100388045346,147476473143
11952129,8192,1,1489299,99966830319,150295419800
11960321,8192,1,1544635,100287189976,147404403839
11968513,8192,1,1561452,100362822758,147925214124
11976705,8192,1,1547967,99807104865,148705057241
11984897,8192,1,1485163,100423627141,143475732791
11993089,8192,1,1491502,100554250927,143162346346
12001281,8192,1,1511597,100501602390,143197668774
12009473,8192,1,1613129,100389557491,147145963038
12017665,8192,1,1618139,100182492628,144622415054
12025857,8192,1,1670231,100793818551,141141818683
12034049,8192,1,1618179,100973456970,144082235236
12042241,8192,1,1636290,100626663293,143898715990
12050433,8192,1,1664045,100791135270,140026597030
12058625,8192,1,1614383,100610086286,139231125157
12066817,8192,1,1626536,100553630407,139586637815
12075009,8192,1,1627135,100664025896,144086103958
12083201,8192,1,1538091,100839562356,144229645787
12091393,8192,1,1630555,100752831001,139130405146
12099585,8192,1,1633198,100611408516,145900341803
12107777,8192,1,1693381,100714695598,142339803272
12115969,8192,1,1640460,100682351254,144202459214
12124161,8192,1,1538108,100693050780,146278422221
12132353,8192,1,1528903,100580839188,144918742024
12140545,8192,1,1638145,100567752635,145226468504
12148737,8192,1,1686577,100662518085,144370184924
12156929,8192,1,1700547,100764775287,147315546129
12165121,8192,1,1713298,100590983304,149550083882
12173313,8192,1,1558439,100652606920,148086848469
12181505,8192,1,1598931,100706966213,149100451773
12189697,8192,1,1658474,100768276142,149668112474
12197889,8192,1,1637377,100917775639,147677658775
12206081,8192,1,1654920,100978253443,148491454252
12214273,8192,1,1653938,101056372273,150256137760
12222465,8192,1,1558132,101083378473,152484847532
12230657,8192,1,1706312,101058340035,152155094022
12238849,8192,1,1767076,101153617321,152913472196
12247041,8192,1,1547107,101156385394,154816707142
12255233,8192,1,1807586,101213455045,152889464132
12263425,8192,1,1827918,101340557214,151869738473
12271617,8192,1,1812421,101225928616,153312270138
12279809,8192,1,1929005,102065174460,147679223501
12288001,8192,1,1974887,113736085303,169166241104
12296193,8192,1,2023402,120815230694,184899752369
12304385,8192,1,1812523,120875986075,182572938338
12312577,8192,1,1728126,121038645094,193516680791
12320769,8192,1,1828550,120484717452,190814899727
12328961,8192,1,1856686,120211855092,191000621171
12337153,8192,1,1960808,120130384288,184491891647
12345345,8192,1,1834647,120407730128,189694413908
12353537,8192,1,1789128,120394301428,195323071026
12361729,8192,1,1845221,120562860077,193015307593
12369921,8192,1,1928680,120791685995,192454268296
12378113,8192,1,1897871,120919218796,190069710181
12386305,8192,1,1956011,121273660873,190014127451
12394497,8192,1,2024916,121410961017,184990340955
12402689,8192,1,2206937,120878046089,183791686857
12410881,8192,1,2161590,121219190569,174765097511
12419073,8192,1,2154173,120712639060,169587501437
12427265,8192,1,2025421,121107996489,185852176700
12435457,8192,1,1919756,121298892011,184999792688
12443649,8192,1,1849268,121098408850,187485790064
12451841,8192,1,1841994,121305918840,192066160675
12460033,8192,1,1812728,121289513405,187147663745
12468225,8192,1,1836821,121131924561,202921974392
12476417,8192,1,1847130,121013257890,195740425124
12484609,8192,1,1726342,121110215473,195500116844
12492801,8192,1,1565797,121227551605,196663319357
12500993,8192,1,1661227,120989838462,194059668561
12509185,8192,1,1657744,121397791130,190192676922
12517377,8192,1,1686415,120881512313,188706348778
12525569,8192,1,1635921,121020595616,184202673627
12533761,8192,1,1638295,120828007952,189730620616
12541953,8192,1,1630729,121115033416,191526400071
12550145,8192,1,1669238,121350515963,189751519357
12558337,8192,1,1606500,120840646922,184273915737
12566529,8192,1,1705647,120843737763,192006599483
12574721,8192,1,1593840,120738844726,189599093138
12582913,8192,1,1428541,118845017866,188399707599
12591105,8192,1,1527605,119581549488,192751256743
12599297,8192,1,1538160,121177086792,192592287928
12607489,8192,1,1544054,120921611838,192857599096
12615681,8192,1,1489350,121042433482,191832803451
12623873,8192,1,1435704,119449851412,191390876790
12632065,8192,1,1452687,118027659375,191938478402
12640257,8192,1,1546021,120587022943,192919543997
12648449,8192,1,1522355,120371457890,191133748005
12656641,8192,1,1515099,120323786912,190458974016
12664833,8192,1,1463056,119801520354,186532314662
12673025,8192,1,1336569,117778012653,184697876920
12681217,8192,1,1523979,120492919264,196093984805
12689409,8192,1,1641347,120800581446,202312558740
12697601,8192,1,1517616,120209411085,194958037280
12705793,8192,1,1572885,120784865947,194362952235
12713985,8192,1,1443041,119223702600,190845672937
12722177,8192,1,1560503,118711360145,192645605353
12730369,8192,1,1710200,120752573783,201780505100
12738561,8192,1,1525513,120574020911,191955001381
12746753,8192,1,1545180,120340259097,193079852979
12754945,8192,1,1491209,119617730910,188115857822
12763137,8192,1,1419517,119567393503,191938510846
12771329,8192,1,1443602,118754868552,193171576234
12779521,8192,1,1749998,120716159388,180975166200
12787713,8192,1,1637823,120792717738,185728238202
12795905,8192,1,1547938,120670804712,185734115148
12804097,8192,1,1433400,119784397229,189402303978
12812289,8192,1,1468640,119538963045,185649528610
12820481,8192,1,1536022,121005829418,186533534336
12828673,8192,1,1544028,120698206806,191646474698
12836865,8192,1,1619752,120820573618,192238540427
12845057,8192,1,1531456,120973407095,187839137494
12853249,8192,1,1483024,120987635474,183845390819
12861441,8192,1,1519507,120664198995,193082487712
12869633,8192,1,1543637,120610778641,198836791423
12877825,8192,1,1551096,121002511251,199606430747
12886017,8192,1,1516209,121052750886,197778412017
12894209,8192,1,1517293,120791191879,205278445606
12902401,8192,1,1553524,121085055387,203478166510
12910593,8192,1,1693757,121300295216,203302590124
12918785,8192,1,1672044,121340799798,196108964571
12926977,8192,1,1655404,120941956310,198353472551
12935169,8192,1,1569906,120926210670,197722070485
12943361,8192,1,1540925,121105298293,203656746070
12951553,8192,1,1641688,121015559738,198663930840
12959745,8192,1,1563783,120859188337,196989745105
12967937,8192,1,1512297,121685096229,194697756210
12976129,8192,1,1516976,126805399318,196318101238
12984321,8192,1,1530715,126881112753,197200983301
12992513,8192,1,1500023,126849103803,196676669732
13000705,8192,1,1525062,126762365924,188742356482
13008897,8192,1,1570898,126628575442,192685307688
13017089,8192,1,1515070,126715629496,195176386096
13025281,8192,1,1491295,126737597201,186773922788
13033473,8192,1,1399447,126800876454,190246325085
13041665,8192,1,1612103,126573305644,196257485349
13049857,8192,1,1564889,126570069748,194173810949
13058049,8192,1,1549927,126511290892,197609600204
13066241,8192,1,1574840,126648398482,199691617022
13074433,8192,1,1517669,127023106100,201490687197
13082625,8192,1,1555248,127201822791,201569354623
13090817,8192,1,1556053,126522950159,196100417965
13099009,8192,1,1504861,126490789213,195642405832
13107201,8192,1,1482066,126504578382,192707523160
13115393,8192,1,1426374,126482546404,185507068615
13123585,8192,1,1422652,126575548760,187179752740
13131777,8192,1,1500669,126501919615,191417294883
13139969,8192,1,1580952,126501645806,189869701394
13148161,8192,1,1572191,126580580822,180804633591
13156353,8192,1,1502663,126435071350,169398522539
13164545,8192,1,1495807,126867900914,173237427980
13172737,8192,1,1485620,126758082578,179110286469
13180929,8192,1,1624283,126445008957,182943742580
13189121,8192,1,1487793,126454067159,175613520286
13197313,8192,1,1590087,126448018907,185427990465
13205505,8192,1,1603957,126508967574,194124536803
13213697,8192,1,1515619,126648476624,194314566654
13221889,8192,1,1594506,126480910175,194504863197
13230081,8192,1,1571457,126542193961,195751587609
13238273,8192,1,1535402,126591571689,191929523596
13246465,8192,1,1493317,126453218947,186033650854
13254657,8192,1,1432522,126495905368,196472062726
13262849,8192,1,1488041,126602949682,196569646447
13271041,8192,1,1487836,126367437642,188767930114
13279233,8192,1,1482494,126265843066,196724889675
13287425,8192,1,1540706,126290664704,192600635269
13295617,8192,1,1431213,126416230124,195979918383
13303809,8192,1,1381642,126377743039,191604967455
13312001,8192,1,1425200,126414184386,189763004240
13320193,8192,1,1446442,126433497478,192794543508
13328385,8192,1,1451568,126525699709,192317491406
13336577,8192,1,1488450,126443773151,187609962245
13344769,8192,1,1448829,126470974452,202552887734
13352961,8192,1,1435386,126473514687,199267941784
13361153,8192,1,1537204,126540746888,191951264895
13369345,8192,1,1706359,126382828597,194028090576
13377537,8192,1,1739316,126452726028,196525568442
13385729,8192,1,1559597,126463514796,194650372131
13393921,8192,1,1464328,126468436719,199074149292
13402113,8192,1,1527548,126619040869,191710717841
13410305,8192,1,1540567,126512649425,197420516476
13418497,8192,1,1579041,126657363768,192484373960
13426689,8192,1,1652004,126401984278,188243691965
13434881,8192,1,1484258,126375922545,196426856223
13443073,8192,1,1553385,126524177526,202746545735
13451265,8192,1,1545506,126393109813,195484430591
13459457,8192,1,1617660,126509408506,201183113622
13467649,8192,1,1617160,126539220161,198424835394
13475841,8192,1,1597888,126604477600,201500877417
13484033,8192,1,1607554,126579892965,198517460103
13492225,8192,1,1693151,126510267086,197691987018
13500417,8192,1,1730955,126614551074,190105336376
13508609,8192,1,1907030,126451741784,187836928941
13516801,8192,1,1860726,126544257334,191920040643
13524993,8192,1,1743498,126502399379,192897855525
13533185,8192,1,1699555,126537553304,194838613922
13541377,8192,1,1797680,126444001381,192225974552
13549569,8192,1,1806412,126438385106,200707968336
13557761,8192,1,1726244,126479692212,198041145670
13565953,8192,1,1638285,126346564082,197718608305
13574145,8192,1,1634714,126449381758,204794545478
13582337,8192,1,1718939,126525685269,193074046706
13590529,8192,1,1768713,126417251634,195028993972
13598721,8192,1,1731576,126409827801,191411367004
13606913,8192,1,1714696,126194994571,190540342540
13615105,8192,1,1662689,126332832338,204122633234
13623297,8192,1,1659344,126354562546,191634695925
13631489,8192,1,1688326,126167088507,196648998041
13639681,8192,1,1740343,126358272138,202534071918
13647873,8192,1,1656537,126321177990,196228394402
13656065,8192,1,1504782,126229054599,200606087820
13664257,8192,1,1627117,126324235982,200935775983
13672449,8192,1,1617372,126397597617,196024969923
13680641,8192,1,1717682,126185351143,201518207195
13688833,8192,1,1681875,126418968592,202303403877
13697025,8192,1,1659942,126214234182,200120926518
13705217,8192,1,1493091,126442876345,195292629431
13713409,8192,1,1639977,126344852300,198736098579
13721601,8192,1,1637728,126406992783,193585733757
13729793,8192,1,1662768,126254851194,199812423902
13737985,8192,1,1572229,126483226636,201444746736
13746177,8192,1,1626524,126076081216,205878414248
13754369,8192,1,1809146,126386695047,213128026554
13762561,8192,1,1603948,126355692540,202798457230
13770753,8192,1,1713010,126362941154,210894923293
13778945,8192,1,1595162,126358123369,209322815915
13787137,8192,1,1503295,126594660549,200536523662
13795329,8192,1,1492449,126654128960,204647128462
13803521,8192,1,1550781,126482616958,206516402256
13811713,8192,1,1601370,126555088393,201967267239
13819905,8192,1,1499991,126600144015,205212537933
13828097,8192,1,1579600,126426324518,200375929065
13836289,8192,1,1451918,126589449884,210487970763
13844481,8192,1,1485911,126671407417,202543657729
13852673,8192,1,1510421,126431496750,196970795393
13860865,8192,1,1590569,126516589514,201403243618
13869057,8192,1,1615665,126504700303,207961964831
13877249,8192,1,1657339,126494229879,203677055822
13885441,8192,1,1530995,126632403991,211787440352
13893633,8192,1,1593121,126305831185,206878491981
13901825,8192,1,1594780,126628482611,195612010650
13910017,8192,1,1574979,126512975265,202457252830
13918209,8192,1,1528537,126494511250,216461953933
13926401,8192,1,1485566,126581521439,209803837759
13934593,8192,1,1516224,126693079215,212492694457
13942785,8192,1,1526924,126579720747,203042813898
13950977,8192,1,1595071,126529604427,217709056911
13959169,8192,1,1523136,126501530450,215235298249
13967361,8192,1,1498767,126596003961,211023975541
13975553,8192,1,1406922,126595942080,201749409751
13983745,8192,1,1599497,126504388876,198860558821
13991937,8192,1,1623488,126638294462,206115951275
14000129,8192,1,1622392,126578067124,202378592137
14008321,8192,1,1539581,126538188694,196619012733
14016513,8192,1,1479134,126565197225,218468815516
14024705,8192,1,1502447,126588974527,209715476650
14032897,8192,1,1478763,126487822388,208359973361
14041089,8192,1,1533746,126627724761,208227934002
14049281,8192,1,1519738,126594957346,207558941847
14057473,8192,1,1519493,126528476406,210817076496
14065665,8192,1,1378968,126547954984,200588579031
14073857,8192,1,1474826,126438035641,211097216458
14082049,8192,1,1461458,126597812191,211820652038
14090241,8192,1,1463314,126464976827,204070805445
14098433,8192,1,1441040,126385694310,203945101640
14106625,8192,1,1436453,126491228880,210620805665
14114817,8192,1,1496948,126733919140,211490023271
14123009,8192,1,1496987,126542528909,205072515654
14131201,8192,1,1452980,126436119407,208934620910
14139393,8192,1,1423186,126572325359,209709292887
14147585,8192,1,1569308,126563222552,215563882645
14155777,8192,1,1464535,126571618605,211674492923
14163969,8192,1,1479519,126524555259,211269520310
14172161,8192,1,1499313,126468901517,213907801867
14180353,8192,1,1565348,126623168177,208260506063
14188545,8192,1,1470830,126464552679,213703594330
14196737,8192,1,1400549,126494842685,213071713666
14204929,8192,1,1453105,126753079308,218476260881
14213121,8192,1,1460111,126568950512,209536841336
14221313,8192,1,1520459,126652167619,209869247985
14229505,8192,1,1499272,126638616386,215121226936
14237697,8192,1,1548944,126740822535,212909483762
14245889,8192,1,1633816,126506755658,229142445581
14254081,8192,1,1445619,126723848661,210913692858
14262273,8192,1,1431866,126541088768,208439855003
14270465,8192,1,1484052,126508469815,210470770557
14278657,8192,1,1449156,126566654615,212451935760
14286849,8192,1,1474927,126698119621,218803209448
14295041,8192,1,1393083,126635507728,215551614359
14303233,8192,1,1469593,126594053976,209823090538
14311425,8192,1,1512033,126538804256,212847575931
14319617,8192,1,1481371,126576921156,214628448477
14327809,8192,1,1430169,126566265060,214682483019
14336001,8192,1,1419150,126722723223,212501195711
14344193,8192,1,1480284,126435774983,218042028216
14352385,8192,1,1528548,126476867898,226496999661
14360577,8192,1,1546887,126808255314,228224790043
14368769,8192,1,1435509,126571790084,219504837834
14376961,8192,1,1386650,126499954858,220358930797
14385153,8192,1,1382223,126651656770,218025650245
14393345,8192,1,1488051,126664579673,217938898650
14401537,8192,1,1553934,126545677652,221548922076
14409729,8192,1,1634007,126563665151,215582262314
14417921,8192,1,1442200,126580746495,218932639022
14426113,8192,1,1413632,126478067233,226251286269
14434305,8192,1,1548109,126551840239,221936074984
14442497,8192,1,1470527,126615549801,220671593666
14450689,8192,1,1478434,126677467809,215849215050
14458881,8192,1,1458738,126597790863,214936854694
14467073,8192,1,1426514,126403031347,220664555018
14475265,8192,1,1482168,126709937913,223271424562
14483457,8192,1,1557468,126539321538,217629448791
14491649,8192,1,1470187,126437944162,216185049542
14499841,8192,1,1477967,126523369672,213480858133
14508033,8192,1,1465952,126535822834,240399267308
14516225,8192,1,1348724,126493420690,219933236246
14524417,8192,1,1408175,126557593458,216855298871
14532609,8192,1,1417407,126601214291,215389316749
14540801,8192,1,1453750,126608916838,213741898054
14548993,8192,1,1403369,126516523197,212454089239
14557185,8192,1,1395108,126600906242,222350122550
14565377,8192,1,1422523,126760302959,218059217352
14573569,8192,1,1419444,126405917316,207811653612
14581761,8192,1,1376103,126440498278,209880654105
14589953,8192,1,1432106,126608941369,212991197965
14598145,8192,1,1389518,126692065880,211301004805
14606337,8192,1,1325891,126592054869,223752208972
14614529,8192,1,1430620,126570249130,219847000846
14622721,8192,1,1640576,126530216669,220995826710
14630913,8192,1,1458194,126511255699,205299384396
14639105,8192,1,1452283,126394466641,214082210637
14647297,8192,1,1349319,126566104062,224305916890
14655489,8192,1,1452911,126604604446,215852866204
14663681,8192,1,1448499,126332373287,213935190793
14671873,8192,1,1483751,126448598311,218039960921
14680065,8192,1,1524626,126486693032,217505005292
14688257,8192,1,1527468,126545672360,216169891457
14696449,8192,1,1472173,126525431009,196416608313
14704641,8192,1,1419681,126533194875,210447839470
14712833,8192,1,1437270,126467171242,220315028227
14721025,8192,1,1512036,126367840991,218403263328
14729217,8192,1,1439500,126305664805,223366299872
14737409,8192,1,1387353,126409670149,221613989084
14745601,8192,1,1499311,126425130097,226685857280
14753793,8192,1,1558145,126172894422,225226980395
14761985,8192,1,1718804,126212903238,221731151387
14770177,8192,1,1717370,126029090030,226159531813
14778369,8192,1,1473904,126362945352,229326474876
14786561,8192,1,1449449,126492807622,237225469125
14794753,8192,1,1477860,126429514269,220618777336
14802945,8192,1,1512924,126383475179,221474646961
14811137,8192,1,1483765,126427560226,220774584319
14819329,8192,1,1469039,126465883445,211455129263
14827521,8192,1,1400910,126617871845,213816465225
14835713,8192,1,1464190,126577008600,214824485555
14843905,8192,1,1463597,126488966318,204818420802
14852097,8192,1,1435958,126350436560,204297713513
14860289,8192,1,1428608,126334006669,209061715845
14868481,8192,1,1442830,126593504235,210787595563
14876673,8192,1,1444089,126454820297,198738867723
14884865,8192,1,1489984,126427635219,197394916431
14893057,8192,1,1459687,126567897831,196465952412
14901249,8192,1,1429581,126389935326,191340888061
14909441,8192,1,1388421,126535790245,194519529395
14917633,8192,1,1472067,126496416288,193761030713
14925825,8192,1,1441937,126455027935,196804492510
14934017,8192,1,1444164,126497768001,188011936616
14942209,8192,1,1483479,126356513150,192916947861
14950401,8192,1,1440249,126385110650,212350239078
14958593,8192,1,1526412,126307268112,217217989921
14966785,8192,1,1552881,126293740397,219493416021
14974977,8192,1,1547396,126094740945,210571914658
14983169,8192,1,1536599,126211707939,206739146308
14991361,8192,1,1489033,126224000392,219273905407
14999553,8192,1,1453488,126264788639,212867419512
15007745,8192,1,1511797,126501254834,208360956508
15015937,8192,1,1503036,126279848457,208170773132
15024129,8192,1,1519956,126405073088,210230726628
15032321,8192,1,1423112,126368472028,195095074777
15040513,8192,1,1514298,126447574509,204568259245
15048705,8192,1,1540708,126248790503,200931100899
15056897,8192,1,1512494,126305588741,211964323933
15065089,8192,1,1499260,126337822141,205454104845
15073281,8192,1,1452264,126555139864,206379762508
15081473,8192,1,1479484,126496906125,203557035953
15089665,8192,1,1488701,126582720631,201354962122
15097857,8192,1,1503925,126385361299,199188089591
15106049,8192,1,1479703,126275675270,198735259350
15114241,8192,1,1487831,126443159552,203029639761
15122433,8192,1,1451943,126750094045,195813956414
15130625,8192,1,1432546,126356114172,197836637646
15138817,8192,1,1498517,126157841850,201081268387
15147009,8192,1,1502133,126486746806,201210432588
15155201,8192,1,1580935,126483403980,206786933126
15163393,8192,1,1575190,126219434040,208233582355
15171585,8192,1,1536284,126327883878,206948894418
15179777,8192,1,1488705,126401251390,204090337797
15187969,8192,1,1535856,126380404561,206845511887
15196161,8192,1,1502255,126340565283,208715065875
15204353,8192,1,1457865,126470528973,208624672851
15212545,8192,1,1475951,126706209220,212547843386
15220737,8192,1,2099730,126390140428,230497043127
15228929,8192,1,1507534,126385341833,212810870572
15237121,8192,1,1532314,126415790802,213703161071
15245313,8192,1,1492981,126326458992,212070898689
15253505,8192,1,1473283,126472813488,214925748870
15261697,8192,1,1660048,126534594704,219972310512
15269889,8192,1,1600297,126589300886,220970361004
15278081,8192,1,1808125,126391955349,226537728589
15286273,8192,1,1509403,126411630842,211908025708
15294465,8192,1,1492102,126503841855,215737664327
15302657,8192,1,1481006,126879977162,210421510268
15310849,8192,1,1455573,126338823947,202527415440
15319041,8192,1,1468523,126384171157,204101987019
15327233,8192,1,1455118,126452603869,203000770593
15335425,8192,1,1428014,126484960125,206142581788
15343617,8192,1,1414560,126583909748,208659362063
15351809,8192,1,1433222,126370246098,201327437773
15360001,8192,1,1438656,126724972455,209979086947
15368193,8192,1,1422503,126526502925,204166823186
15376385,8192,1,1417976,126364437949,206979212650
15384577,8192,1,1424419,126656766137,212342365818
15392769,8192,1,1381472,126593536534,201835729738
15400961,8192,1,1366854,126560232721,202519242722
15409153,8192,1,1391499,126696531231,207649344085
15417345,8192,1,1408332,126595281337,202652674817
15425537,8192,1,1382698,126492112406,207024994507
15433729,8192,1,1361048,126653338550,202451313092
15441921,8192,1,1392230,126508621863,200799682367
15450113,8192,1,1350466,126393470273,196361697945
15458305,8192,1,1425866,126500624148,199533495603
15466497,8192,1,1388874,126680471683,199713533623
15474689,8192,1,1432354,126763626150,205670429017
15482881,8192,1,1439442,126625747723,204391797731
15491073,8192,1,1418575,126514564670,207298545524
15499265,8192,1,1399446,126591544745,197475716929
15507457,8192,1,1421860,126366550708,205518235507
15515649,8192,1,1386719,126711988256,210798249567
15523841,8192,1,1434635,126473241960,202513561238
15532033,8192,1,1480058,126415568321,207512374225
15540225,8192,4702882,1539317,126223755357,206087608969
15548417,8192,4711204,1549433,125266962992,211132927655
15556609,8192,4719481,1506999,125314419131,215854375911
15564801,8192,4727753,1326511,125385512822,211894781581
15572993,8192,4736026,1301225,125359407921,208079795602
15581185,8192,4744366,1298022,125291818536,205461722793
15589377,8192,4752640,1292103,125493083866,209135775996
15597569,8192,4760873,1269576,125171890894,206022501924
15605761,8192,4769097,1281934,125158789139,211186632336
15613953,8192,4777324,1266483,125184058805,204007966358
15622145,8192,4785575,1310843,125352153039,206409089992
15630337,8192,4793834,1350424,125402191477,206100463590
15638529,8192,4802063,1271916,125290664131,202894332460
15646721,8192,4810311,1382229,125417435852,198536223133
15654913,8192,4818560,1341844,125241377890,203740790304
15663105,8192,4826793,1338871,125235624379,212202565280
15671297,8192,4835033,1473498,125267623539,191068143661
15679489,8192,4843307,1341943,125238576083,204422499724
15687681,8192,4851548,1358945,125339300495,209697750027
15695873,8192,4859783,1366233,125332552702,202181164183
15704065,8192,4868035,1366939,125309608945,203889236581
15712257,8192,4876269,1258668,125580844155,166016577264
15720449,8192,4884504,1269011,125586649741,177846592463
15728641,8192,4892734,1290568,125336795671,199732777163
15736833,8192,4900965,1218505,125671533571,194634080792
15745025,8192,4909209,1270641,125186719880,205311575796
15753217,8192,4917440,1222591,125621248902,199066933040
15761409,8192,4925676,1136071,125642950151,197228973169
15769601,8192,4933927,1207034,125446738312,204476539156
15777793,8192,4942152,1230057,125167110607,194161635302
15785985,8192,4950396,1236387,125097758007,197480646985
15794177,8192,4958625,1304488,125171471581,201779446646
15802369,8192,4966858,1224835,125188882612,198359803172
15810561,8192,4975086,1104271,125176226874,201096665644
15818753,8192,4983340,1191983,125462451283,203593245423
15826945,8192,4991606,1208452,124895221202,201411237247
15835137,8192,4999843,1258925,124696117492,206736182098
15843329,8192,5008082,1266737,124905141764,206742120666
15851521,8192,5016328,1181380,124808204719,201485015852
15859713,8192,5024572,1181075,124913583891,206704714725
15867905,8192,5032801,1198642,124853581395,205848665518
15876097,8192,5041067,1256946,124485974258,203512699977
15884289,8192,5049305,1185695,124420511601,208627022929
15892481,8192,5057550,1237468,124320433939,201910378030
15900673,8192,5065779,1160265,124212174085,208974882214
15908865,8192,5074016,1058092,124650352681,206168344046
15917057,8192,5082245,1154274,124317182853,206795814978
15925249,8192,5090476,1267752,124214048769,209114382722
15933441,8192,5098721,1375306,124264129443,222253708972
15941633,8192,5106967,1389702,123940720851,221713942440
15949825,8192,5115210,1290366,124034382029,215826007698
15958017,8192,5123438,1173643,124359427972,222749096523
15966209,8192,5131663,1310249,124224713160,229495947135
15974401,8192,5139899,1340522,124099640351,231564365429
15982593,8192,5148147,1235970,124322924690,220676258405
15990785,8192,5156389,1283371,124198929531,217745526646
15998977,8192,5164630,1225813,124186386101,214627638223
16007169,8192,5172864,1052847,124623074343,208190425410
16015361,8192,5181097,1052959,124493600992,221666876331
16023553,8192,5189331,1090688,124243013279,220903533677
16031745,8192,5197584,1104026,124381451256,215555436834
16039937,8192,5205840,1123041,124395808586,216191601327
16048129,8192,5214078,1134623,124830620768,216766669433
16056321,8192,5222314,1125502,124617193118,222583542135
16064513,8192,5230552,1010762,124683765373,222561332292
16072705,8192,5238780,1246034,124333477118,221677154489
16080897,8192,5247021,1178575,124260753374,226747710777
16089089,8192,5255267,1123580,124306431578,222921244539
16097281,8192,5263499,1140851,124439942230,220170309541
16105473,8192,5271733,1161857,124361331384,221006921695
16113665,8192,5279979,1109178,124669356777,226297986599
16121857,8192,5288231,1162628,124391196480,219965277948
16130049,8192,5296473,1180458,124399949367,216891942157
16138241,8192,5304780,1078802,124660642804,213509316081
16146433,8192,5313022,1399504,124480225073,230550160272
16154625,8192,5321262,1831486,124194901488,261998270208
16162817,8192,5329495,1289430,124612317459,245475360934
16171009,8192,5337741,1315758,124340884409,228554146252
16179201,8192,5345985,1305539,124066232016,234233197017
16187393,8192,5354220,1237219,124237008425,228012487939
16195585,8192,5362459,1242340,124164031098,225191135992
16203777,8192,5370696,1298513,123955699854,228222549315
16211969,8192,5378936,1110066,124443582796,234323542253
16220161,8192,5387165,1089412,124386084913,221084540891
16228353,8192,5395399,1161951,123977256702,219688415865
16236545,8192,5403630,1168807,124125228021,226977511811
16244737,8192,5411850,1131902,124288779632,227880439039
16252929,8192,5420067,1149718,124332292810,238724219454
16261121,8192,5428297,1006443,124925233758,249361179245
16269313,8192,5436528,1004179,124695474779,226410770666
16277505,8192,5444770,1149822,124398327669,228396049441
16285697,8192,5452994,1133861,124278260394,234359691727
16293889,8192,5461230,1092288,124265714717,234044119211
16302081,8192,5469460,1072509,124403719165,241362230065
16310273,8192,5477688,941325,124731511962,254361460977
16318465,8192,5485913,882467,124766784923,224252919736
16326657,8192,5494140,1064365,124413151568,220128075748
16334849,8192,5502372,1203661,124227087257,222552000473
16343041,8192,5510610,1295735,124036901019,232565576681
16351233,8192,5518848,1181661,124111787777,225810265591
16359425,8192,5527079,1079067,124533103336,244810251237
16367617,8192,5535309,1377208,124373927230,248228869179
16375809,8192,5543539,1202265,124039788633,247476584429
16384001,8192,5551774,1240571,124100331466,228677883099
16392193,8192,5560023,1251207,124003722518,231950757622
16400385,8192,5568264,1239850,124052994132,223414371836
16408577,8192,5576488,1265814,123867348059,241055915789
16416769,8192,5584742,1147721,124148195400,243187465457
16424961,8192,5592977,1192692,124003358239,243238849441
16433153,8192,5601200,1188570,124166203859,231196722209
16441345,8192,5609436,1214158,123872046169,235503657217
16449537,8192,5617666,1166299,124245007447,225110610926
16457729,8192,5625902,1176755,123985010086,241592483301
16465921,8192,5634141,1029846,124556794423,230743929016
16474113,8192,5642371,1087223,124368765692,225504901516
16482305,8192,5650601,1173116,124180458932,227296919408
16490497,8192,5658845,1158866,124219659457,229172350990
16498689,8192,5667082,1248259,124168429071,234917072279
16506881,8192,5675313,1170549,124282739423,233215043193
16515073,8192,5683551,1131564,124390215662,226874694478
16523265,8192,5691780,1225728,123979933211,229751108684
16531457,8192,5700013,1233882,124053338198,227281134017
16539649,8192,5708260,1211444,123988503328,234352851195
16547841,8192,5716525,1256586,123922282104,222656846236
16556033,8192,5724762,1230919,124009051113,224362027448
16564225,8192,5732991,1239040,124028389925,236639980797
16572417,8192,5741223,1226880,123982832351,230558338053
16580609,8192,5749471,1296813,123813847300,223422911514
16588801,8192,5757729,1266771,123805018180,226465333383
16596993,8192,5765970,1247419,123939513129,232596480927
16605185,8192,5774205,1147285,124058090877,232514609460
16613377,8192,5782440,1084123,124251855466,231357237262
16621569,8192,5790686,1209663,124076116461,229667396150
16629761,8192,5798933,1278174,124175952832,228263313428
16637953,8192,5807177,1330708,123602214180,217192102895
16646145,8192,5815423,1279631,123702477060,225854154121
16654337,8192,5823744,1183021,123877292698,232405890102
16662529,8192,5832032,1132813,124094677752,247842093237
16670721,8192,5840313,1209310,123989450841,240552910685
16678913,8192,5848599,1253099,123926563458,235526873926
16687105,8192,5856905,1251013,124004103042,235072751458
16695297,8192,5865191,1245742,123923427248,225029504825
16703489,8192,5873502,1235602,124080283695,241632175764
16711681,8192,5881803,1135044,124299971638,248943658482
16719873,8192,5890089,1154719,124214204463,237209391126
16728065,8192,5898362,1210401,123956363401,232727180811
16736257,8192,5906658,1246107,123945396983,223341406793
16744449,8192,5914960,1250768,123917230336,229110032108
16752641,8192,5923268,1232077,123922994202,228220857120
16760833,8192,5931557,1101217,124016467187,227125480830
16769025,8192,5939852,1115077,123940593590,221875079811
16777217,8192,5948143,1203820,123946925971,220468979111
16785409,8192,5956437,1190451,123833585470,218418550807
16793601,8192,5964730,1192548,123749498190,214173339678
16801793,8192,5973054,1222847,123956529365,227820863637
16809985,8192,5981358,1158585,123615753440,231958998876
16818177,8192,5989636,1190257,123880766762,235805537915
16826369,8192,5997923,1315502,124066841094,228669538883
16834561,8192,6006221,1280191,123785793744,221680251575
16842753,8192,6014515,1218102,123790540045,219234047496
16850945,8192,6022798,1219963,123930827780,223343026937
16859137,8192,6031084,1161119,123958338109,236262733243
16867329,8192,6039371,1171240,124129112556,233600198978
16875521,8192,6047642,1267203,123879852147,228830927963
16883713,8192,6055930,1262897,123950930417,228929480811
16891905,8192,6064228,1232554,123924166484,221487847761
16900097,8192,6072508,1261532,123799373290,218726328116
16908289,8192,6080793,1204241,123697797710,227182376283
16916481,8192,6089077,1166469,123872500417,233187064252
16924673,8192,6097362,1313286,123887439402,225184486666
16932865,8192,6105654,1318114,123736211580,231853087602
16941057,8192,6113948,1371249,123781285971,225396267754
16949249,8192,6122230,1324221,123851146021,227156374063
16957441,8192,6130520,1201645,123770774514,234088951695
16965633,8192,6138828,1130553,124115291400,232682536869
16973825,8192,6147196,1206396,123973096845,225483146274
16982017,8192,6155571,1296153,123799597728,223102689599
16990209,8192,6163998,1245876,123829143218,223800878896
16998401,8192,6172357,1236370,123949207012,229017153499
17006593,8192,6180713,1095386,124186445686,228942200376
17014785,8192,6189078,1097696,124373036821,248428274414
17022977,8192,6197431,1184850,124038711706,227041488545
17031169,8192,6205770,1232776,123930837647,225090919843
17039361,8192,6214644,1316623,123920763300,225807731175
17047553,8192,6223141,1373527,123682150949,227086836450
17055745,8192,6231549,1236837,124174335358,229254639764
17063937,8192,6239930,1008710,124612817560,225706205472
17072129,8192,6248275,1183210,123779206831,208497744274
17080321,8192,6256608,1260658,123645465790,202688924691
17088513,8192,6264965,1260278,123647922745,196576074685
17096705,8192,6273315,1195518,123606718765,210479511384
17104897,8192,6281580,1014510,124351735830,211780022308
17113089,8192,6289852,998796,124202567206,208003566800
17121281,8192,6298121,1079273,124077209846,203574289575
17129473,8192,6306398,1108894,124161798539,213601661704
17137665,8192,6314693,1094899,124246637405,215441272082
17145857,8192,6322984,1150300,124075434998,209392102976
17154049,8192,6331276,1053151,124293347868,208785120828
17162241,8192,6339552,1116778,123894911874,209993173230
17170433,8192,6347847,1259515,123549394465,196860870321
17178625,8192,6356141,1302281,123514410067,202997152597
17186817,8192,6364447,1268222,123677502767,202007835564
17195009,8192,6372722,1334072,123586995334,189974718475
17203201,8192,6381005,1375665,123325720760,184804087156
17211393,8192,6389309,1269359,123489821555,192324944822
17219585,8192,6397595,1316145,123397475306,195583443486
17227777,8192,6405886,1281602,123525891650,200333768969
17235969,8192,6414187,1256380,123586573657,196331558980
17244161,8192,6422571,1265659,123572520849,201172563576
17252353,8192,6431060,1227759,123671374561,214806081198
17260545,8192,6439423,1143861,123975679931,228240100195
17268737,8192,6447756,1247976,123689972357,207906106743
17276929,8192,6456078,1225854,123699524669,199733052164
17285121,8192,6464411,1200074,123686298402,218369095800
17293313,8192,6472712,1235586,123611194696,208463649573
17301505,8192,6481018,1244725,123809963167,212840567679
17309697,8192,6489326,1176759,123949583273,221948342583
17317889,8192,6497627,1224036,123535394964,205555600021
17326081,8192,6505936,1271485,123566158009,203870664419
17334273,8192,6514227,1213764,123611052485,211641884347
17342465,8192,6522521,1220033,123559546994,206615930158
17350657,8192,6530810,1190892,123706210400,217403229702
17358849,8192,6539086,1097182,123977816887,213055594964
17367041,8192,6547367,1232605,123526861260,199719251691
17375233,8192,6555668,1355447,123551402440,202720874816
17383425,8192,6563975,1256364,123670066137,211225428647
17391617,8192,6572280,1227341,123601410945,210482029579
17399809,8192,6580587,1246478,123797697040,217184164846
17408001,8192,6588914,1123000,124044778310,224351163265
17416193,8192,6597245,1269906,123743510946,222508754569
17424385,8192,6605563,1290349,123571782475,222912804102
17432577,8192,6613884,1215614,123977234268,220401045769
17440769,8192,6622203,1142107,124116885794,217665103744
17448961,8192,6630518,1318220,123834754157,233503691953
17457153,8192,6638828,1371127,124366947124,254754141081
17465345,8192,6647132,1139240,124284630535,231963069579
17473537,8192,6655432,1118499,124036532288,225527285257
17481729,8192,6663738,1167236,123974272274,220836799585
17489921,8192,6672036,1269205,123713974467,224330294812
17498113,8192,6680314,1278229,123781928256,220877312793
17506305,8192,6688575,1097821,124418769032,224620240824
17514497,8192,6696852,1200669,124340518916,222752931225
17522689,8192,6705139,1244132,123969649458,219767397061
17530881,8192,6713412,1254698,123801937893,220127177134
17539073,8192,6721698,1202255,123775890332,219833362623
17547265,8192,6729991,1183886,124107681984,228579298822
17555457,8192,6738288,1142197,124416112644,234186419296
17563649,8192,6746591,1094662,124391082754,232692780130
17571841,8192,6754910,1243595,124011718560,226090361990
17580033,8192,6763173,1246138,123656872333,215195064305
17588225,8192,6771437,1220773,123600570876,202455300604
17596417,8192,6779714,1285195,123589648360,209027138943
17604609,8192,6788002,1127444,123962367108,228078252481
17612801,8192,6796294,1108831,124051288689,224901334016
17620993,8192,6804576,1218492,123776521297,230426450838
17629185,8192,6812859,894478,125317003080,158112776741
17637377,8192,6821141,1009584,124520012251,177255698556
17645569,8192,6829423,1188604,123540108721,206085438086
17653761,8192,6837721,1145572,123736105560,215460164033
17661953,8192,6846009,1121758,123823005628,213859468804
17670145,8192,6854313,1256352,123679748158,213565897010
17678337,8192,6862607,1224990,123816739190,214336270659
17686529,8192,6870912,1264714,123654678978,205193352395
17694721,8192,6879202,1287665,123408708438,222147762272
17702913,8192,6887554,1098212,123991774872,231205747869
17711105,8192,6895845,1108258,123788035887,234559978531
17719297,8192,6904113,1232852,123693345817,221553862094
17727489,8192,6912402,1335960,123472687664,208003814001
17735681,8192,6920655,1213157,123578980328,212658858766
17743873,8192,6928910,1277573,123594496185,209249919874
17752065,8192,6937162,1154856,123439317921,213157609823
17760257,8192,6945412,1122970,123725286457,216855293230
17768449,8192,6953662,1166718,123587905718,210907029669
17776641,8192,6961925,1169406,123654616772,212798372582
17784833,8192,6970175,1152283,123604124435,216724690673
17793025,8192,6978424,1170610,123601748165,200015355018
17801217,8192,6986678,1130078,123548526906,224745327347
17809409,8192,6994934,1130415,123727490035,239574315005
17817601,8192,7003174,1191194,123693477330,238556036365
17825793,8192,7011410,1219535,123557826561,222499544227
17833985,8192,7019652,1204918,123575373732,218084100840
17842177,8192,7027902,1236320,123689649053,214863325870
17850369,8192,7036151,1265346,123558675615,220979640342
17858561,8192,7044407,1157496,123929573197,227964127612
17866753,8192,7052664,1183951,123658814084,216060856668
17874945,8192,7060922,1278407,123642908245,208970972814
17883137,8192,7069180,1199199,123569105452,215718914988
17891329,8192,7077424,1204048,123571644886,211488630136
17899521,8192,7085686,1149470,123705192123,217249904327
17907713,8192,7093924,1069430,123938547216,223895896613
17915905,8192,7102175,1145941,123688977805,220323053544
17924097,8192,7110423,1199646,123514505273,208387174211
17932289,8192,7118675,1221132,123514220373,210419410443
17940481,8192,7126933,1231073,123559394968,217880444767
17948673,8192,7135190,1248894,123623668837,227217085818
17956865,8192,7143454,1099647,123889088349,229292899714
17965057,8192,7151711,1157411,123638299505,217637393413
17973249,8192,7159953,1181639,123578092102,211883429035
17981441,8192,7168195,1188780,123426270631,213504685748
17989633,8192,7176448,1200236,123591117988,209445160388
17997825,8192,7184717,1177795,123566501958,217956054482
18006017,8192,7192955,1067515,123979983927,233598565796
18014209,8192,7201216,1110139,123876347374,217615642375
18022401,8192,7209486,1173383,123559378879,205486686988
18030593,8192,7217747,1177056,123507968462,216873242297
18038785,8192,7226002,1151703,123568189717,225649473161
18046977,8192,7234267,1129441,123895897097,233972157240
18055169,8192,7242532,1212054,124049690052,239840803631
18063361,8192,7250786,1140613,123712356534,228701134599
18071553,8192,7259026,1107207,123998293126,219523141103
18079745,8192,7267303,1229221,123576941238,214541833163
18087937,8192,7275548,1158819,123656399105,216714848859
18096129,8192,7283810,1140087,123714074502,221497014788
18104321,8192,7292076,1035592,124064972672,234660529203
18112513,8192,7300337,1068455,124125573099,232986632746
18120705,8192,7308598,1231558,123782706356,228195977353
18128897,8192,7316868,1804705,123807268147,258571449084
18137089,8192,7325152,1220780,123755928993,219790542290
18145281,8192,7333463,1167260,123474759659,221003608541
18153473,8192,7341807,1040843,124077823347,231297059205
18161665,8192,7350157,1045352,124076331700,233367488652
18169857,8192,7358440,1155698,123804646559,222304502179
18178049,8192,7366694,1168029,123738642967,222685949813
18186241,8192,7374947,1287030,123844935174,229022232225
18194433,8192,7383221,1126547,123712845708,225881649877
18202625,8192,7391475,987425,124535109821,235919713325
18210817,8192,7399742,1012301,124231635810,242338591062
18219009,8192,7407987,1160175,123996504845,223849766683
18227201,8192,7416247,1234696,123502477845,226760527920
18235393,8192,7424510,1192308,123850914107,228487483386
18243585,8192,7432769,1181081,123639714052,231563523854
18251777,8192,7441011,1122330,123791286451,232440017858
18259969,8192,7449248,1057141,124005826008,241869586236
18268161,8192,7457480,1149776,123780189861,229142703486
18276353,8192,7465732,1138922,123825049322,234960025917
18284545,8192,7473976,1116748,123912936549,234001185070
18292737,8192,7482227,1127798,124011657362,237997309111
18300929,8192,7490473,1167190,123832281793,246189691965
18309121,8192,7498722,1053420,124124411697,245112028906
18317313,8192,7506978,1133163,123892826376,239248384763
18325505,8192,7515227,1132535,123963669651,246275007379
18333697,8192,7523497,1174914,123807898511,242582931841
18341889,8192,7531758,1150732,124008898402,233422134228
18350081,8192,7540010,1095754,124066570254,238882933083
18358273,8192,7548250,1031926,124293311968,246822741935
18366465,8192,7556485,1169850,123796488548,228696751604
18374657,8192,7564737,1137885,123763453499,235807123763
18382849,8192,7572992,1137153,123739979971,235622782211
18391041,8192,7581241,1196116,123696138160,226471641369
18399233,8192,7589493,1188419,123748760146,234666007945
18407425,8192,7597744,1130750,123806830257,242944001752
18415617,8192,7606005,1203397,123713240856,228603179474
18423809,8192,7614258,1257068,123661939920,227979287809
18432001,8192,7622531,1252621,123647146166,221982391736
18440193,8192,7630780,1205858,123608104486,226912725999
18448385,8192,7639025,1171536,123606480487,227826653462
18456577,8192,7647282,1184335,123687962207,227637463191
18464769,8192,7655550,1227707,123656285174,231920272246
18472961,8192,7663813,1284738,123601764262,218551131576
18481153,8192,7672060,1256303,123642445478,226307771018
18489345,8192,7680331,1195079,123543052072,228954073266
18497537,8192,7688594,1238864,123729824111,232745772122
18505729,8192,7696861,1182352,123593591406,233379672175
18513921,8192,7705129,1233586,123621916055,219703737408
18522113,8192,7713386,1230026,123625792489,228192407840
18530305,8192,7721624,1223627,123553925647,225159683082
18538497,8192,7729874,1290154,123671245630,225110050839
18546689,8192,7738125,1276381,123699036245,239396362401
18554881,8192,7746382,1246012,123733776212,249961800992
18563073,8192,7754631,1246486,123634151269,221304966706
18571265,8192,7762868,1219353,123672327030,217073028904
18579457,8192,7771127,1233808,123544543122,226331116030
18587649,8192,7779363,1254190,123650030852,225902491527
18595841,8192,7787617,1244508,123614833950,228151974169
18604033,8192,7795903,1259904,123713505259,245848829818
18612225,8192,7804160,1216570,123810115467,236898134629
18620417,8192,7812425,1282421,123680636979,221176576516
18628609,8192,7820683,1290295,123762052048,219688197438
18636801,8192,7828925,1329761,123624356896,227524958620
18644993,8192,7837197,1229232,123673332562,238421171669
18653185,8192,7845459,1124831,123722979147,249139612971
18661377,8192,7853721,1141839,123760941969,251783846442
18669569,8192,7861982,1276577,123643292573,223183032640
18677761,8192,7870232,1348989,123665435619,220653752942
18685953,8192,7878487,1292258,123614723053,220630277730
18694145,8192,7886739,1280894,123635445331,213242009257
18702337,8192,7894977,1370284,123674712258,232685531549
18710529,8192,7903249,1196262,123768009361,255054465563
18718721,8192,7911506,1315408,123701070991,232010150589
18726913,8192,7919763,1376836,123723517082,238531750713
18735105,8192,7928038,1294708,123852643029,241151831770
18743297,8192,7936310,1380152,123592761710,231946349788
18751489,8192,7944586,1294239,123792768243,254416611930
18759681,8192,7952835,1286704,123765852488,262381548569
18767873,8192,7961090,1233835,123872769832,246247587325
18776065,8192,7969343,1205041,123986510127,246789640265
18784257,8192,7977613,1310812,123933188174,238612277045
18792449,8192,7985880,1371731,123735994772,225331881478
18800641,8192,7994181,1231492,123976611447,218450635090
18808833,8192,8002461,1239882,123867437997,275364782829
18817025,8192,8010724,1294709,123735714868,230731164493
18825217,8192,8019018,1333260,123846313048,234158876467
18833409,8192,8027303,1475343,123747332848,232668181598
18841601,8192,8035559,1384494,123689349896,240680554980
18849793,8192,8043832,1323590,123619746748,258150501740
18857985,8192,8052126,1314599,123671843490,261338777442
18866177,8192,8060419,1273194,123657643737,264825863018
18874369,8192,8068684,1277332,123711691345,262043931974
18882561,8192,8076974,1321935,123658427466,242857777827
18890753,8192,8085252,1332345,123535674414,240338296428
18898945,8192,8093563,1248370,123739831742,260321002584
18907137,8192,8101832,1253229,123728100060,271845307745
18915329,8192,8110114,1266595,123781071763,286961881195
18923521,8192,8118398,1288376,123635147516,244820053571
18931713,8192,8126667,1252811,123705837334,237132619784
18939905,8192,8134951,1264747,123685039020,246580241483
18948097,8192,8143260,1204967,123815134928,258439663691
18956289,8192,8151644,1161537,124211789248,257195804941
18964481,8192,8159956,1256820,123969766721,260230803449
18972673,8192,8168234,1252926,123728441436,247711284793
18980865,8192,8176488,1415393,123858693129,223754797902
18989057,8192,8184767,1378115,123669387522,251862300275
18997249,8192,8193014,1385398,123764285378,244945379013
19005441,8192,8201259,2044815,123824739294,211548737845
19013633,8192,8209499,1454448,123669961183,237115256244
19021825,8192,8217728,1418905,123653695356,216896115462
19030017,8192,8225983,1368129,123782896509,216564757309
19038209,8192,8234228,1371339,123663808593,228295204643
19046401,8192,8242460,1304989,123701427919,251005696191
19054593,8192,8250694,1231354,123767425903,262938648175
19062785,8192,8259059,1276243,123815788056,262971866098
19070977,8192,8267362,1259116,123826364821,259303903948
19079169,8192,8275635,1244576,123691753909,255733012841
19087361,8192,8283896,1333438,123832840822,235870136060
19095553,8192,8292156,1339566,123691549401,244073150343
19103745,8192,8300438,1321099,123849518114,262419885099
19111937,8192,8308689,1260937,123793147462,265187704052
19120129,8192,8316948,1359851,123815115800,238877942586
19128321,8192,8325217,1314760,123666197796,232449294770
19136513,8192,8333493,1305248,123946920476,225197254100
19144705,8192,8341773,1266103,124104017949,231927762884
19152897,8192,8350064,1198093,124118652749,250718958952
19161089,8192,8358344,1230459,124206694754,253398207599
19169281,8192,8366622,1242437,124122790289,221814360391
19177473,8192,8374907,1340729,123989599941,214618030711
19185665,8192,8383182,1236760,123969611623,203614470616
19193857,8192,8391454,1222610,123806886071,193463811825
19202049,8192,8399735,1165655,124131985407,219260221193
19210241,8192,8408023,1140966,124274057934,245934762341
19218433,8192,8416275,1181096,124295618123,244861371857
19226625,8192,8424566,1297683,124266922414,239630485083
19234817,8192,8432837,1319023,124094997030,240362670571
19243009,8192,8441120,1360327,123910732432,232165876587
19251201,8192,8449406,1252019,124116392865,263221757129
19259393,8192,8457720,1260334,124142787832,249249900340
19267585,8192,8465991,1316043,124053267886,248401356984
19275777,8192,8474282,1309169,124018708984,230241205570
19283969,8192,8482572,1275841,124069272958,222942638174
19292161,8192,8490824,1305573,124069543469,215730443073
19300353,8192,8499067,1256213,124228260168,242720251944
19308545,8192,8507317,1263227,124254644406,259238184001
19316737,8192,8515576,1372672,124139191434,240295953460
19324929,8192,8523827,1383445,124230321106,241515140642
19333121,8192,8532090,1428299,124072932148,236416658585
19341313,8192,8540334,1378236,124230760063,237624704982
19349505,8192,8548571,1403329,124273109664,240391989602
19357697,8192,8556815,1360346,124388928610,258341054007
19365889,8192,8565049,1451538,124212199926,235971789837
19374081,8192,8573279,1456308,124187628104,235860077783
19382273,8192,8581515,1390404,124001805374,229073086298
19390465,8192,8589756,1406332,124183216259,231044073395
19398657,8192,8598061,1376343,124298522851,238854673563
19406849,8192,8606304,1323253,124203729016,245654085158
19415041,8192,8614553,1409825,124184434083,237658551718
19423233,8192,8622797,1407012,124190932397,239448439064
19431425,8192,8631094,1479016,124444652304,240241625838
19439617,8192,8639405,1494194,124598689249,257168609357
19447809,8192,8647696,1525689,124654060201,272720298989
19456001,8192,8655991,1400235,124746985771,282402228486
19464193,8192,8664284,1463073,124708696824,269285230425
19472385,8192,8672573,1567587,124492865502,246566350713
19480577,8192,8680848,1569982,124675941826,252419520852
19488769,8192,8689133,1519310,124642372180,261211236014
19496961,8192,8697400,1532953,124562923150,265456521508
19505153,8192,8705700,1441553,124706105566,282357842439
19513345,8192,8714026,1431476,124579418319,267067450279
19521537,8192,8722316,1534603,124318946052,255472162510
19529729,8192,8730829,1504678,124337950932,247573595525
19537921,8192,8739185,1496091,124380640734,253768496680
19546113,8192,8747474,1471940,124404502871,259682309748
19554305,8192,8755777,1421459,124410898435,273757225773
19562497,8192,8764071,1449555,124385162902,263893191459
19570689,8192,8772348,1436175,124282074762,244320718769
19578881,8192,8780597,1384474,124120403426,245821411893
19587073,8192,8788850,1423744,124233175249,248621391021
19595265,8192,8797112,1411530,124285329601,253273635909
19603457,8192,8805376,1362120,124482829897,276739878862
19611649,8192,8813644,1366587,124396688881,261870593076
19619841,8192,8821912,1431304,124303363675,228913085911
19628033,8192,8830158,1382837,124278179872,251182250047
19636225,8192,8838416,1386317,124267212875,254230751672
19644417,8192,8846685,1477932,124283847315,253755563782
19652609,8192,8854969,1327150,124512018946,261947591179
19660801,8192,8863231,1333121,124620238398,270490165489
19668993,8192,8871496,1361699,124457738133,260856061041
19677185,8192,8879742,1402400,124720060656,238935819912
19685377,8192,8887996,1426421,124385138939,254656428660
19693569,8192,8896260,1349485,124526186496,254000039668
19701761,8192,8904509,1300798,124683267469,283787283649
19709953,8192,8912750,1312484,124522623013,265534657756
19718145,8192,8920990,1367280,124234964352,254952543882
19726337,8192,8929255,1367565,124243473683,239531530403
19734529,8192,8937499,1360530,124198160597,244032351621
19742721,8192,8945763,1355984,124540036759,268944419511
19750913,8192,8954019,1252870,124821955842,277910510847
19759105,8192,8962263,1317146,124580362846,266275479283
19767297,8192,8970503,1425710,124319133475,242291430758
19775489,8192,8978751,1426943,124406846992,242449365644
19783681,8192,8986991,1408096,124487406122,247380478623
19791873,8192,8995239,1375954,124221565854,255079516184
19800065,8192,9003484,1328449,124456618248,265211187149
19808257,8192,9011734,1308968,124536261314,250225164304
19816449,8192,9019990,1361273,124451868445,254061164824
19824641,8192,9028233,1386800,124442024416,249528926612
19832833,8192,9036486,1311633,124472221441,255400217235
19841025,8192,9044737,1321663,124723548990,260894572083
19849217,8192,9052980,1296587,124201124261,240454803462
19857409,8192,9061230,1211690,124816889058,256392437671
19865601,8192,9069473,1341044,124415440188,246327790024
19873793,8192,9077747,1364059,124478097811,257287036756
19881985,8192,9085984,1370389,124290076590,244964885281
19890177,8192,9094228,1315726,124427228697,246551366040
19898369,8192,9102490,1250201,124502760559,271083810084
19906561,8192,9110734,1226278,124794745557,255724965229
19914753,8192,9118990,1262021,124642676514,246091132939
19922945,8192,9127236,1373100,124069895033,249036103477
19931137,8192,9135486,1343031,124229005523,251956420797
19939329,8192,9143725,1329349,124204790713,240763899734
19947521,8192,9151974,1333083,124392561546,266610408674
19955713,8192,9160210,1314942,124423623184,261111398628
19963905,8192,9168454,1333019,124345711165,236539426995
19972097,8192,9176695,1257352,124232825992,244982176342
19980289,8192,9184953,1323568,124094474908,238529332348
19988481,8192,9193196,1326751,124163998517,232224970228
19996673,8192,9201443,1336252,123996321353,244286650829
20004865,8192,9209675,1240854,124226710247,243501258949
20013057,8192,9217912,1304799,123931172877,225953773967
20021249,8192,9226144,1330787,123950597201,245273164648
20029441,8192,9234372,1338896,123821130868,225798929003
20037633,8192,9242611,1317090,123654099640,227696251048
20045825,8192,9250848,1347082,123953641816,243321372118
20054017,8192,9259089,1325267,123876567291,260080847206
20062209,8192,9267322,1318717,124055393101,248256618417
20070401,8192,9275563,1366227,123762444016,230144966059
20078593,8192,9283801,1384871,123911184108,233025330575
20086785,8192,9292062,1406126,123940016782,232339666546
20094977,8192,9300302,1339685,124015415943,244266040893
20103169,8192,9308551,1301714,124029391097,263827398932
20111361,8192,9316795,1273066,124087816974,262877242122
20119553,8192,9325059,1341785,124092854149,241305228819
20127745,8192,9333311,1300304,124171257384,240860193037
20135937,8192,9341560,1312828,123895576655,231990468136
20144129,8192,9349801,1478597,124131653209,274611424378
20152321,8192,9358049,1401974,124342040084,292007757657
20160513,8192,9366304,1278720,124374744387,269410274171
20168705,8192,9374550,1346678,123936121923,253800674659
20176897,8192,9382778,1424523,124108232349,259426019887
20185089,8192,9391015,1377219,123885049400,243170299501
20193281,8192,9399251,1336187,123788574103,253859368043
20201473,8192,9407494,1298463,124269759102,283129336832
20209665,8192,9415724,1286626,124087576326,273358702296
20217857,8192,9423960,1317852,123942254668,262770315597
20226049,8192,9432209,1299917,124147683853,246467945877
20234241,8192,9440439,1360846,123774875427,236204845639
20242433,8192,9448678,1459730,123854928977,247472715854
20250625,8192,9456910,1312416,124076624635,273934349221
20258817,8192,9465146,1171595,124427662111,279011425536
20267009,8192,9473399,1317129,124097688366,261553720460
20275201,8192,9481639,1334263,123937658483,248539665190
20283393,8192,9489868,1363375,124067024594,236456633326
20291585,8192,9498106,1363384,123869625532,253404591660
20299777,8192,9506347,1316781,124039812722,266053407375
20307969,8192,9514581,1244265,123989778309,243641169417
20316161,8192,9522818,1314009,123995263661,243714963185
20324353,8192,9531037,1360451,123857218332,240867580326
20332545,8192,9539273,1365918,123758625145,226005812266
20340737,8192,9547499,1315447,123780556120,230519321488
20348929,8192,9555732,1291597,124045417961,267881401572
20357121,8192,9563959,1279773,124504091119,269889272971
20365313,8192,9572201,1312646,123669140229,236860823554
20373505,8192,9580431,1311170,124039182811,252342021856
20381697,8192,9588664,1276710,124097202607,255090826168
20389889,8192,9596900,1309255,123990059477,251991665976
20398081,8192,9605136,1256225,124206051024,255459438159
20406273,8192,9613370,1215683,124065312931,240278513339
20414465,8192,9621591,1244275,124192634311,253533919541
20422657,8192,9629846,1320255,123998089347,233689142338
20430849,8192,9638079,1321247,123888932332,223147735707
20439041,8192,9646308,1265381,123823513533,226512911600
20447233,8192,9654555,1276821,123996852027,240419692154
20455425,8192,9662773,1197252,124532117855,269345882065
20463617,8192,9670997,1257479,124388614409,245558636195
20471809,8192,9679232,1285411,123650110177,248879523672
20480001,8192,9687458,1297199,123749972625,243457420340
20488193,8192,9695679,1243615,123883712183,237019704031
20496385,8192,9703905,1269253,124047419113,246634333241
20504577,8192,9712142,1135247,124465862938,262612802904
20512769,8192,9720378,1161611,124184136025,243304710494
20520961,8192,9728604,1245300,124007077488,237472024610
20529153,8192,9736836,1421269,123962849137,248795847079
20537345,8192,9745081,1439333,123669332793,241538466393
20545537,8192,9753315,1253608,124231633533,261153208720
20553729,8192,9761549,1145025,124604070901,265951031874
20561921,8192,9769782,1166959,124453507182,254662269830
20570113,8192,9778022,1229301,123923336719,245311159863
20578305,8192,9786257,1215782,124508837186,254242075233
20586497,8192,9794502,1269527,124050642770,251690161653
20594689,8192,9802745,1292003,124332499053,254183289465
20602881,8192,9810996,1228322,124543532771,261956642894
20611073,8192,9819237,1097645,124814044268,250687558717
20619265,8192,9827482,1324919,124291925023,243746726575
20627457,8192,9835711,1316468,124306662368,250044413814
20635649,8192,9843959,1323405,124238897976,253373725264
20643841,8192,9852200,1312577,124110240029,251279046689
20652033,8192,9860438,1167898,124654545575,254989776911
20660225,8192,9868668,1172966,124818915829,258438702531
20668417,8192,9876900,1236978,124229513827,231588887935
20676609,8192,9885128,1278425,124191509641,244214040759
20684801,8192,9893357,1277423,124164220953,222510800276
20692993,8192,9901590,1299309,124222150078,234361576861
20701185,8192,9909808,1280639,124039124147,247460869218
20709377,8192,9918046,1237605,124150614349,258668643369
20717569,8192,9926276,1319388,123967676483,234568706253
20725761,8192,9934518,1333524,123906422105,240637702861
20733953,8192,9942757,1342890,124072186073,246787631805
20742145,8192,9950994,1335924,123999386424,241262300941
20750337,8192,9959240,1282264,124044134635,250742736965
20758529,8192,9967460,1252221,124075251218,256959331511
20766721,8192,9975702,1248961,124010223875,235922115727
20774913,8192,9983955,1296280,123959551616,228241389307
20783105,8192,9992198,1295855,123861766459,217170974256
20791297,8192,10000436,1357061,123655847951,228454887545
20799489,8192,10008679,1286683,123903565050,216420401319
20807681,8192,10016909,1225709,123683481511,238882558486
20815873,8192,10025141,1281184,123701645397,228608979766
20824065,8192,10033363,1306171,123674520523,217853017601
20832257,8192,10041601,1300593,123697978959,221546859539
20840449,8192,10049823,1322193,123742084041,227964868025
20848641,8192,10058046,1339278,123881511204,259711650610
20856833,8192,10066279,1280156,124044652168,254911313567
20865025,8192,10074499,1341045,123939717225,254860917001
20873217,8192,10082726,1449149,123875874183,227718653908
20881409,8192,10090947,1318637,123828156277,234869418545
20889601,8192,10099176,1310004,124079212741,235247435587
20897793,8192,10107391,1287441,124064006649,228276840077
20905985,8192,10115611,1238107,123942336536,232564640565
20914177,8192,10123834,1270972,123967807271,227770857822
20922369,8192,10132052,1338406,123619826798,216246353748
20930561,8192,10140274,1350373,123791381394,216410765265
20938753,8192,10148494,1314243,123637017493,229167307336
20946945,8192,10156745,1392627,123714739565,218000862506
20955137,8192,10165009,1283356,123904730600,246218890535
20963329,8192,10173259,1250992,123804630771,232641160503
20971521,8192,10181499,1396954,123899780038,223026214373
20979713,8192,10189737,1351704,123744674033,235738495757
20987905,8192,10197972,1408688,123937607291,227005223998
20996097,8192,10206206,1502921,123906819311,217038707538
21004289,8192,10214429,1419302,123927641555,247011720321
21005282,993,10223616,159274,15045217504,32606482437
