block_number,blocks,slot,txs,gas,time
8193,8192,1,0,0,239831347
16385,8192,1,0,0,228672292
24577,8192,1,0,0,228100487
32769,8192,1,0,0,230426481
40961,8192,1,0,0,232447937
49153,8192,1,1514,33070964,297527340
57345,8192,1,3916,407821091,425053498
65537,8192,1,2676,90041948,353246479
73729,8192,1,5821,197747509,412847440
81921,8192,1,4204,131282630,385775976
90113,8192,1,4589,112269814,381770453
98305,8192,1,3327,84662425,352586494
106497,8192,1,4168,105498119,373589550
114689,8192,1,4247,119199457,366541428
122881,8192,1,6054,163953975,403121557
131073,8192,1,5852,147449076,367908709
139265,8192,1,6678,168428364,389655090
147457,8192,1,7805,190561977,426067649
155649,8192,1,8675,220080834,453421593
163841,8192,1,7255,175016877,423741685
172033,8192,1,10115,242307512,485097866
180225,8192,1,12029,319429322,534254509
188417,8192,1,10493,307941046,496994424
196609,8192,1,8488,226000959,466442893
204801,8192,1,9431,284499928,486607755
212993,8192,1,9432,269025812,485687221
221185,8192,1,9745,253020191,491880530
229377,8192,1,9473,303239797,494009974
237569,8192,1,9752,287334366,495980451
245761,8192,1,9175,237099979,502883673
253953,8192,1,9225,299876210,513443591
262145,8192,1,8500,237942979,491289823
270337,8192,1,11073,360421503,541877986
278529,8192,1,11244,333906121,556935124
286721,8192,1,9944,288230259,521817883
294913,8192,1,9552,272964709,505884543
303105,8192,1,10564,278617464,509373149
311297,8192,1,9852,289668902,516394162
319489,8192,1,10772,285019105,524542934
327681,8192,1,9264,263512681,519774468
335873,8192,1,10710,300329465,555091006
344065,8192,1,10447,340557247,548121593
352257,8192,1,11871,367785281,598807626
360449,8192,1,11031,301110840,576495820
368641,8192,1,10176,272300629,546122437
376833,8192,1,10299,327273585,580279423
385025,8192,1,11650,328391280,585347588
393217,8192,1,10917,668394420,607256929
401409,8192,1,10512,371168499,577488581
409601,8192,1,11329,399996130,584151177
417793,8192,1,9682,299513459,539018116
425985,8192,1,10211,378463309,584967101
434177,8192,1,10123,371765259,602664579
442369,8192,1,10202,298321714,547619148
450561,8192,1,10252,488330843,846200030
458753,8192,1,11670,315763779,583834149
466945,8192,1,12392,405644045,614495798
475137,8192,1,11262,434129872,709338349
483329,8192,1,11885,436485530,816244416
491521,8192,1,11396,324292141,665954986
499713,8192,1,11390,316107054,578759914
507905,8192,1,19834,986537643,946933210
516097,8192,1,14518,537099270,689993561
524289,8192,1,14364,563247320,780576830
532481,8192,1,15028,641704064,824649988
540673,8192,1,11625,533545978,760936755
548865,8192,1,12334,352563908,595687467
557057,8192,1,11579,286224762,565836833
565249,8192,1,12543,387072166,629265237
573441,8192,1,11762,377902837,643608179
581633,8192,1,11889,329240266,600586904
589825,8192,1,12402,356748509,628615482
598017,8192,1,11554,361660592,600504584
606209,8192,1,11466,286807225,577964640
614401,8192,1,11355,383668685,819492143
622593,8192,1,12943,487254257,631270694
630785,8192,1,10960,369935232,569521356
638977,8192,1,10609,304527314,557741328
647169,8192,1,11891,400916707,594471646
655361,8192,1,13364,422684376,607869484
663553,8192,1,11233,291970815,579943015
671745,8192,1,11307,306322589,586105873
679937,8192,1,13718,480255087,741993015
688129,8192,1,12101,533373764,717137735
696321,8192,1,24697,2437912230,2407622000
704513,8192,1,24278,1882935448,1708504601
712705,8192,1,15914,1053536841,1257567811
720897,8192,1,14854,884970772,1132942555
729089,8192,1,18033,1103406409,1228373862
737281,8192,1,39634,2413080461,2437124297
745473,8192,1,20252,1205744179,1475953055
753665,8192,1,16649,914386676,1296036148
761857,8192,1,29450,1702093462,1918507981
770049,8192,1,19926,1149090055,1575468342
778241,8192,1,27585,1546147829,1830355546
786433,8192,1,13804,512905120,932226522
794625,8192,1,14238,555275432,994303165
802817,8192,1,20936,1074374824,1406091153
811009,8192,1,33100,2274628469,2298223110
819201,8192,1,21058,1074857191,1423324265
827393,8192,1,17945,1068696871,1326127331
835585,8192,1,16965,691346951,1117405292
843777,8192,1,24779,1318609001,1605020311
851969,8192,1,17337,797507253,1171871828
860161,8192,1,16221,653054698,856002523
868353,8192,1,17414,667767224,823283318
876545,8192,1,20874,997212648,982680236
884737,8192,1,18556,602924448,870205625
892929,8192,1,20188,746509191,937161508
901121,8192,1,20728,705763650,922229769
909313,8192,1,28858,1212230895,1240009082
917505,8192,1,29450,1450050635,1428248771
925697,8192,1,25856,1070129090,1266214602
933889,8192,1,23756,919949479,1084652797
942081,8192,1,24390,780757258,976806945
950273,8192,1,22318,724737535,945574020
958465,8192,1,23856,823943680,1020225048
966657,8192,1,39968,1787855655,1619792348
974849,8192,1,24875,783309904,1015041224
983041,8192,1,25559,758151178,1016129306
991233,8192,1,32769,996332438,1094377690
999425,8192,1,29253,955506690,1153148967
1007617,8192,1,28779,874607232,1061058675
1015809,8192,1,28640,944195150,1100832056
1024001,8192,1,30592,1077029621,1192069992
1032193,8192,1,30567,1025667741,1103179390
1040385,8192,1,26761,784549571,1032160366
1048577,8192,1,28815,1876343804,1163263490
1056769,8192,1,31628,1248873846,1114103015
1064961,8192,1,32758,1302389229,1227140272
1073153,8192,1,30961,857488355,1065931476
1081345,8192,1,33502,949562723,1138534498
1089537,8192,1,37121,995463452,1185696296
1097729,8192,1,40115,1081576458,1227703088
1105921,8192,1,42800,1253697553,1306896107
1114113,8192,1,41667,1235498720,1292450244
1122305,8192,1,38878,1141426898,1196473552
1130497,8192,1,41538,1202802604,1232346386
1138689,8192,1,39904,1101644111,1197135598
1146881,8192,1,44221,1340457745,1246009043
1155073,8192,1,43528,1383496645,1284839777
1163265,8192,1,38152,1246718060,1195959636
1171457,8192,1,44944,1374923499,1329439501
1179649,8192,1,46242,1574630437,1355718093
1187841,8192,1,44523,1522997076,1313887128
1196033,8192,1,43594,1529570548,1460820573
1204225,8192,1,41259,1452683779,1358258745
1212417,8192,1,52923,2302777232,1933414288
1220609,8192,1,46705,1563686082,1455929206
1228801,8192,1,46123,1514235577,1543434557
1236993,8192,1,43046,1458453689,1491026276
1245185,8192,1,49499,1658881432,1532185835
1253377,8192,1,46254,1516126264,1293125610
1261569,8192,1,42318,1328121509,1465024695
1269761,8192,1,40021,1078268036,1171487423
1277953,8192,1,46365,1435004546,1462094123
1286145,8192,1,50841,1591258579,1597757827
1294337,8192,1,41499,1271776158,1322293010
1302529,8192,1,47633,1512367159,1583030526
1310721,8192,1,42641,1164414830,1306671188
1318913,8192,1,42610,1137106273,1273930172
1327105,8192,1,45560,1357858661,1410626666
1335297,8192,1,50369,1781939706,1423308500
1343489,8192,1,45221,1209479371,1300850707
1351681,8192,1,44015,1206824098,1343925203
1359873,8192,1,54888,1591716049,1282650602
1368065,8192,1,43396,1184809863,1305879683
1376257,8192,1,48876,1593180641,1515480359
1384449,8192,1,45143,1439543743,1265152222
1392641,8192,1,41341,1118372583,1275912929
1400833,8192,1,45540,1329131424,1372921713
1409025,8192,1,49104,1485363761,1478452862
1417217,8192,1,44023,1225869865,1241641263
1425409,8192,1,49886,1450651632,1473005050
1433601,8192,1,56669,1681771886,1567028916
1441793,8192,1,54635,1947185643,1572283280
1449985,8192,1,56685,1624594158,1449821028
1458177,8192,1,50196,1613347851,1474136882
1466369,8192,1,54893,2240127730,2082430858
1474561,8192,1,52100,1483885342,1475335204
1482753,8192,1,51280,1586965488,1584041949
1490945,8192,1,56855,1674576856,1461483219
1499137,8192,1,52382,1728224502,1456970609
1507329,8192,1,60036,2138598848,1847040999
1515521,8192,1,69268,2441975068,1914346290
1523713,8192,1,56514,1832134302,1765241279
1531905,8192,1,51124,1731842384,1610446499
1540097,8192,1,58754,1911501394,1698933773
1548289,8192,1,61429,1987968261,1653292476
1556481,8192,1,60630,2360467143,1777296017
1564673,8192,1,56981,1819841802,1537251590
1572865,8192,1,56494,1777140576,1507081805
1581057,8192,1,59042,1735378915,1545977620
1589249,8192,1,68973,2172337508,1817098296
1597441,8192,1,64306,2192773982,1785297472
1605633,8192,1,86669,3493104245,2384109224
1613825,8192,1,62112,2154462632,1745469225
1622017,8192,1,60118,1914186297,1649741510
1630209,8192,1,53413,1741132990,1505659476
1638401,8192,1,56756,1633896769,1446467521
1646593,8192,1,50346,1452533160,1393786451
1654785,8192,1,50828,1521883376,1418829481
1662977,8192,1,60376,3061122313,2268481237
1671169,8192,1,55258,1843787387,1617523080
1679361,8192,1,55775,1793288354,1565325628
1687553,8192,1,52281,1793521528,1546402526
1695745,8192,1,55227,1857680146,1564083166
1703937,8192,1,64652,2265573762,1853725714
1712129,8192,1,63355,2060421766,1781749346
1720321,8192,1,65682,5800241515,7197278605
1728513,8192,1,95610,16739007815,38533639353
1736705,8192,1,67917,4743426756,7915917526
1744897,8192,1,62602,3296268924,3768146053
1753089,8192,1,68336,3841591968,2932950178
1761281,8192,1,58130,2076897006,1951730723
1769473,8192,1,57022,2221809906,1642675618
1777665,8192,1,52898,1689289635,1621356895
1785857,8192,1,53856,1708894430,1794745297
1794049,8192,1,56044,1992483551,2089847339
1802241,8192,1,90325,5767597538,2806367774
1810433,8192,1,52758,2499380206,4274310048
1818625,8192,1,55194,1772826158,1841581707
1826817,8192,1,53703,1704827192,1549583175
1835009,8192,1,49822,1916513753,1988425923
1843201,8192,1,53374,1676538934,1566116512
1851393,8192,1,60123,2381439875,3040412553
1859585,8192,1,56426,2865260110,4417270560
1867777,8192,1,50632,1670163364,1817663421
1875969,8192,1,53453,1904646721,1977691986
1884161,8192,1,54655,1840362954,1662984749
1892353,8192,1,54265,1824465369,1580356384
1900545,8192,1,51280,1414646366,1383947799
1908737,8192,1,47043,1388770142,1426861736
1916929,8192,1,63160,1874850406,1600998403
1925121,8192,1,62773,4171399935,7157830815
1933313,8192,1,65738,2266620454,2002077989
1941505,8192,1,62037,2034143904,1747774109
1949697,8192,1,79321,2248553641,1862511134
1957889,8192,1,74738,2527380908,2121014315
1966081,8192,1,75137,2369261794,1886297361
1974273,8192,1,66582,2970283633,2176426005
1982465,8192,1,60335,2173102476,2191108015
1990657,8192,1,63657,1764764048,1541048034
1998849,8192,1,66671,2054100679,1756873838
2007041,8192,1,68240,2035711402,1748713572
2015233,8192,1,60275,1885646786,1544103763
2023425,8192,1,59731,1718762000,1553152042
2031617,8192,1,56298,1666187619,1463833135
2039809,8192,1,56416,2985329528,2205936539
2048001,8192,1,67806,2074138922,1664191385
2056193,8192,1,63577,1903780373,1628289560
2064385,8192,1,55865,1657169845,1509472814
2072577,8192,1,58480,1557471379,1395448613
2080769,8192,1,55331,1599645346,1410285772
2088961,8192,1,64228,1850037001,1627210608
2097153,8192,1,66060,2188998555,1788258605
2105345,8192,1,54235,1660505770,1525450975
2113537,8192,1,56694,1742357705,1472252458
2121729,8192,1,61614,1816239031,1586619845
2129921,8192,1,63451,3861822325,2425941594
2138113,8192,1,69603,2043909844,1678623916
2146305,8192,1,61611,1914481982,1621176299
2154497,8192,1,62524,1658273809,1462013588
2162689,8192,1,61974,1798911967,1625512929
2170881,8192,1,62834,1920681017,1675401528
2179073,8192,1,61629,1818058493,1556848240
2187265,8192,1,76278,2727312503,2002525560
2195457,8192,1,59767,1675377812,1497538005
2203649,8192,1,65371,2614658821,1828740549
2211841,8192,1,62364,2039781213,1578719860
2220033,8192,1,60969,1981999587,1608235797
2228225,8192,1,85854,2814470323,1952248694
2236417,8192,1,55933,1813330669,1447460227
2244609,8192,1,57588,1730634676,1450678756
2252801,8192,1,63320,2021513820,1610650251
2260993,8192,1,65183,2112882377,1809650369
2269185,8192,1,74523,2354744595,1755598590
2277377,8192,1,72172,2714744039,1852622406
2285569,8192,1,50199,1706002470,2648730849
2293761,8192,1,61842,1801256949,6078128589
2301953,8192,1,68639,2034760072,1802182650
2310145,8192,1,66952,2916329686,15544855144
2318337,8192,1,48275,1914011719,11622638176
2326529,8192,1,56968,3010508461,23258385533
2334721,8192,1,60252,3532946594,44033639024
2342913,8192,1,59242,2893073539,21083367733
2351105,8192,1,56520,2437337126,4120018844
2359297,8192,1,53930,2539978338,9285272277
2367489,8192,1,72486,5437092390,38593629941
2375681,8192,1,64351,3955814780,34783576876
2383873,8192,1,72150,4175006287,26194780259
2392065,8192,1,52311,3587030185,49808506917
2400257,8192,1,60755,3380343872,107510739261
2408449,8192,1,54394,3489623288,88010817597
2416641,8192,1,59749,3571481590,53074387921
2424833,8192,1,52901,2140315677,70351198885
2433025,8192,1,41983,2064705182,90411583984
2441217,8192,1,52489,1940457621,35892690595
2449409,8192,1,47032,1416811786,16081577125
2457601,8192,1,50121,1416935937,21530902186
2465793,8192,1,63997,2059194432,18009380446
2473985,8192,1,52613,5415624522,48836187368
2482177,8192,1,77644,2200694454,3301804609
2490369,8192,1,47944,1381582456,1522908274
2498561,8192,1,58110,1704965277,1643431476
2506753,8192,1,68097,2292291281,1962520374
2514945,8192,1,59292,1798672209,1749643175
2523137,8192,1,59793,1784849739,1719410024
2531329,8192,1,57693,1656383700,1674808531
2539521,8192,1,55694,1627913854,1552317092
2547713,8192,1,63237,1907051300,1751456394
2555905,8192,1,61395,1723186230,1743579028
2564097,8192,1,57303,1576168754,1712322512
2572289,8192,1,44899,1243188531,1326199457
2580481,8192,1,50737,1381762673,1443676088
2588673,8192,1,53997,1523970827,1621434178
2596865,8192,1,56755,1868225974,1854433246
2605057,8192,1,54579,1853422028,1679928214
2613249,8192,1,57937,1749156374,1676826617
2621441,8192,1,54830,1654717503,1674798630
2629633,8192,1,59687,1932781220,1706989540
2637825,8192,1,58098,1831832946,1699822139
2646017,8192,1,57577,1732304988,1656504436
2654209,8192,1,56517,1691425491,1507091953
2662401,8192,1,54908,1580644481,1673103952
2670593,8192,1,56589,1781259427,1587537810
2678785,8192,1,85495,2598196853,13952650414
2686977,8192,1,59696,3974729576,70394281338
2695169,8192,1,72462,4113740875,42215423220
2703361,8192,1,55726,4743499117,65378676804
2711553,8192,1,65254,6348291025,86567290451
2719745,8192,1,64427,5199613546,50507807307
2727937,8192,1,50844,1684630038,2202324092
2736129,8192,1,54697,1652133461,1572744814
2744321,8192,1,53051,1748152517,1480514840
2752513,8192,1,55339,1979520745,1625215302
2760705,8192,1,64847,2063457441,1704631234
2768897,8192,1,55277,1804237075,1612025184
2777089,8192,1,56023,1776551857,1586502919
2785281,8192,1,52991,1726269370,1609560590
2793473,8192,1,52624,2213276915,1570750388
2801665,8192,1,55238,1810591298,1669228088
2809857,8192,1,63980,2356415998,1896353643
2818049,8192,1,65743,2448549979,1951660031
2826241,8192,1,54971,1881197690,1570073642
2834433,8192,1,49662,1953789890,1724141610
2842625,8192,1,58392,2038106026,1665181237
2850817,8192,1,64185,2225753659,1772941083
2859009,8192,1,76490,2486660557,2065568316
2867201,8192,1,55683,1760491642,1607018267
2875393,8192,1,50675,1452936266,1389738136
2883585,8192,1,50157,1522394202,1460719635
2891777,8192,1,58225,1860099069,1600516342
2899969,8192,1,60144,2083730262,1627494465
2908161,8192,1,60988,2086757942,1636471464
2916353,8192,1,54302,1714680114,1482893134
2924545,8192,1,50695,1584719153,1530006628
2932737,8192,1,63026,2305221488,1933312023
2940929,8192,1,67480,2204851332,1825707975
2949121,8192,1,61833,1971573134,1741360249
2957313,8192,1,58505,1930260127,1632275993
2965505,8192,1,59699,1937673518,1714775712
2973697,8192,1,63091,2244391292,1809497158
2981889,8192,1,64874,2137001608,1661283632
2990081,8192,1,70738,2397486878,1788307374
2998273,8192,1,58903,1853897373,1586442619
3006465,8192,1,54373,1766782589,1573506809
3014657,8192,1,65027,2294148724,1768006054
3022849,8192,1,60922,2027141448,1750901253
3031041,8192,1,58548,1960456703,1753783802
3039233,8192,1,61315,2005539036,1773708336
3047425,8192,1,62091,2149768492,1813016943
3055617,8192,1,67927,2452616440,1945896105
3063809,8192,1,62018,2292070946,1898031686
3072001,8192,1,63286,2183742248,1865684780
3080193,8192,1,65669,2218082794,1858671378
3088385,8192,1,54874,1846213528,1688035257
3096577,8192,1,63311,2098245747,1834391046
3104769,8192,1,59762,2124435421,1761023763
3112961,8192,1,58897,2178531771,1878733979
3121153,8192,1,58468,1974991763,1735391280
3129345,8192,1,63556,2065813146,1841586107
3137537,8192,1,64128,2220717880,1817680121
3145729,8192,1,70462,2665896127,1999810102
3153921,8192,1,64806,2336669302,1973038609
3162113,8192,1,70074,2730719806,2276553141
3170305,8192,1,60420,2178878613,1886540836
3178497,8192,1,73252,3110141726,2190345086
3186689,8192,1,79081,2976280771,2174158209
3194881,8192,1,71074,2804402262,2096226006
3203073,8192,1,64978,2351345544,1908497604
3211265,8192,1,68556,2464803794,1925123828
3219457,8192,1,66845,2286314550,1855812397
3227649,8192,1,75763,3113040792,2115352186
3235841,8192,1,69688,2984250772,2115024078
3244033,8192,1,68668,2289170959,1893161449
3252225,8192,1,71170,2634879929,2107006742
3260417,8192,1,70604,2482121481,2029520879
3268609,8192,1,79874,2821352557,2197845445
3276801,8192,1,82615,2938903296,2256804416
3284993,8192,1,93464,3013882836,2459373987
3293185,8192,1,81232,2628326517,2164802992
3301377,8192,1,77780,2508423110,1995492764
3309569,8192,1,85412,2762075045,2141059778
3317761,8192,1,74949,2364616867,1926416270
3325953,8192,1,89542,3008034239,2394734734
3334145,8192,1,89382,3038054714,2286020815
3342337,8192,1,91012,2910544703,2304529967
3350529,8192,1,112957,4683356145,3079295294
3358721,8192,1,108487,3824938321,2718540897
3366913,8192,1,150248,4856683444,3330977906
3375105,8192,1,129410,4029391606,3044713984
3383297,8192,1,118959,3597176359,2745488080
3391489,8192,1,113031,3618928236,3238072918
3399681,8192,1,109702,3595863612,2592878716
3407873,8192,1,112341,3708098910,2613011056
3416065,8192,1,121089,3775021048,2703216103
3424257,8192,1,111288,3513747685,2736225335
3432449,8192,1,126552,4519125602,3120324651
3440641,8192,1,116739,3847970531,3212194086
3448833,8192,1,137505,4650151490,3243370121
3457025,8192,1,132372,4354448594,3180253947
3465217,8192,1,116438,3872751305,2892815653
3473409,8192,1,138958,4605215288,3663792046
3481601,8192,1,115237,3904507999,2933988199
3489793,8192,1,129313,4405146988,3271735095
3497985,8192,1,121326,4141663795,3016417358
3506177,8192,1,101941,3457895017,2749961120
3514369,8192,1,104473,3801545119,2857051530
3522561,8192,1,110663,3893580475,2957425647
3530753,8192,1,118136,4358681727,3079286295
3538945,8192,1,116538,3957151738,3157493944
3547137,8192,1,97599,3525061715,2814918021
3555329,8192,1,105494,3951999139,3443008192
3563521,8192,1,113777,4538716060,3324955207
3571713,8192,1,122232,4932027111,3667409501
3579905,8192,1,113517,5371454955,3217384331
3588097,8192,1,103751,3918968307,3215065446
3596289,8192,1,112257,4332652445,3261877213
3604481,8192,1,136619,5289710359,3671604922
3612673,8192,1,143158,5255428268,3661937019
3620865,8192,1,145745,4868936849,3529978181
3629057,8192,1,136562,4879877560,3636472845
3637249,8192,1,160424,6406024036,4376873859
3645441,8192,1,150436,5782052966,3921038199
3653633,8192,1,167559,5819732935,4175026643
3661825,8192,1,142125,5329409688,3716532632
3670017,8192,1,152266,6300591479,4176140507
3678209,8192,1,169497,6571385749,4208579142
3686401,8192,1,156250,7347905323,4535380924
3694593,8192,1,167344,7335647042,4491155299
3702785,8192,1,147702,7536226635,4417068032
3710977,8192,1,168287,8194709920,4798276297
3719169,8192,1,176741,9883600890,5865903857
3727361,8192,1,214081,11450730102,6230701010
3735553,8192,1,229327,12196031413,6660398976
3743745,8192,1,201943,10613685663,5908489723
3751937,8192,1,260406,12599459208,7080679567
3760129,8192,1,278528,15779303797,7887462411
3768321,8192,1,279013,16350363987,8155744643
3776513,8192,1,244538,13523383202,7003014682
3784705,8192,1,224822,12717337930,6935978955
3792897,8192,1,248995,13592095818,7578716090
3801089,8192,1,314302,19832169118,8472045937
3809281,8192,1,313676,17980594470,12382756762
3817473,8192,1,280618,16692684984,9471643604
3825665,8192,1,296114,15953100496,9007521406
3833857,8192,1,317754,17492872153,9587632363
3842049,8192,1,305857,17151665586,9729249557
3850241,8192,1,325308,16138916714,10071731074
3858433,8192,1,365858,18515263356,10620441040
3866625,8192,1,450999,21732698279,12419860066
3874817,8192,1,403872,18428150155,11557904004
3883009,8192,1,399350,18507971011,12080737246
3891201,8192,1,366142,17616667683,11187725566
3899393,8192,1,401398,20055154217,12327050167
3907585,8192,1,467519,26635229072,12922887827
3915777,8192,1,448080,27509986564,12904410284
3923969,8192,1,445137,22206823281,12837401387
3932161,8192,1,393944,20192356202,12103548258
3940353,8192,1,474437,21147977183,14007289201
3948545,8192,1,452736,24838577163,15911330218
3956737,8192,1,409197,21844246829,14004759827
3964929,8192,1,391200,20881198158,13814552772
3973121,8192,1,480657,24984090402,16404502899
3981313,8192,1,439836,24432971850,16222119589
3989505,8192,1,456105,22202913020,15550940800
3997697,8192,1,401541,19785653790,13584352622
4005889,8192,1,468451,21489133966,15146727794
4014081,8192,1,521089,25614275148,17625248613
4022273,8192,1,465732,25576854950,16274510598
4030465,8192,1,422645,19071909199,14755067030
4038657,8192,1,452765,21588202182,15337437566
4046849,8192,1,494336,24205815057,16104806271
4055041,8192,1,427170,19727949695,13866375734
4063233,8192,1,409232,17944225576,13290772882
4071425,8192,1,455169,22752023483,15720107104
4079617,8192,1,411552,20393151746,13644607032
4087809,8192,1,402826,19516574262,13858230591
4096001,8192,1,350511,18308327314,12020564340
4104193,8192,1,441704,23280158452,15141991970
4112385,8192,1,474401,24577424757,17173613777
4120577,8192,1,512389,25868228053,17908443436
4128769,8192,1,539622,25478534061,18346993131
4136961,8192,1,612130,30525492507,20494520947
4145153,8192,1,669828,31316179679,21991390487
4153345,8192,1,667176,32781900955,22002249463
4161537,8192,1,802050,39631270870,26161178177
4169729,8192,1,832182,45690595844,30117489293
4177921,8192,1,822935,40787417397,26347295245
4186113,8192,1,677937,33931766754,23439978991
4194305,8192,1,736129,33608364656,24176679115
4202497,8192,1,733583,31613370181,22968874180
4210689,8192,1,736596,33326421250,23906792304
4218881,8192,1,885279,42684031553,28127206446
4227073,8192,1,909505,44089434039,29310768052
4235265,8192,1,772574,36378544905,25877713016
4243457,8192,1,1021928,44970958961,31572910154
4251649,8192,1,1081239,50184234692,34328448310
4259841,8192,1,880278,41550585016,29910252709
4268033,8192,1,864414,41053728142,30032183475
4276225,8192,1,867715,42375737918,32474222422
4284417,8192,1,857098,44405284841,30740425318
4292609,8192,1,764839,40439697663,30895953608
4300801,8192,1,736339,41523378146,30255180298
4308993,8192,1,739102,40787147868,29998993109
4317185,8192,1,882460,46629010975,33166620934
4325377,8192,1,928715,45913689045,34570599105
4333569,8192,1,855500,44372358254,33181582318
4341761,8192,1,890587,45969894286,33856182458
4349953,8192,1,861954,44868560756,34404633418
4358145,8192,1,961145,45839288391,34856824827
4366337,8192,1,1022776,47707018313,37259992974
4374529,8192,1,788928,41640159530,30838037036
4382721,8192,1,680611,30304975089,24077290580
4390913,8192,1,633676,29394442349,24513694481
4399105,8192,1,691855,34599365091,24161551519
4407297,8192,1,587597,22219394536,19074994875
4415489,8192,1,602801,27141844419,21160985377
4423681,8192,1,637247,33563116251,41475514532
4431873,8192,1,602169,34452528559,25542878506
4440065,8192,1,644187,35202407283,26441079546
4448257,8192,1,635205,32303616551,25502464067
4456449,8192,1,658167,33516933106,26592877169
4464641,8192,1,714607,37151598010,29385539492
4472833,8192,1,687810,38954422870,30632034464
4481025,8192,1,691342,38855588548,30956098715
4489217,8192,1,597092,33111071840,27212577729
4497409,8192,1,530372,24797114990,21630383054
4505601,8192,1,664534,27768018498,23426026260
4513793,8192,1,607716,29462506589,24846044235
4521985,8192,1,636968,33818088203,28156288565
4530177,8192,1,576620,30857764315,24882630850
4538369,8192,1,555644,29902311532,25135268658
4546561,8192,1,576193,31728985315,26175328602
4554753,8192,1,614333,33933012035,28175508734
4562945,8192,1,694290,35077866299,28840854576
4571137,8192,1,685773,35235556368,29536645810
4579329,8192,1,595343,32512470264,27314919365
4587521,8192,1,616676,31432826950,27407420330
4595713,8192,1,732388,35462326767,31188808477
4603905,8192,1,701686,34053236118,29368128765
4612097,8192,1,696025,34813469923,29494359394
4620289,8192,1,756842,36575998133,31253936323
4628481,8192,1,695958,35807344495,29728609173
4636673,8192,1,839988,41325848673,36248020824
4644865,8192,1,859818,39561689628,35414916316
4653057,8192,1,878341,39038765676,35919058858
4661249,8192,1,838018,41732008967,37618461636
4669441,8192,1,868393,42367951309,40375554353
4677633,8192,1,1024408,50365921601,46802438556
4685825,8192,1,1106629,50823271509,47239305983
4694017,8192,1,983321,52251191383,44193434939
4702209,8192,1,1065994,53288175748,52099780101
4710401,8192,1,1004230,57029863421,55240160501
4718593,8192,1,1175867,60067148142,58987253126
4726785,8192,1,1283732,60320736424,57781345678
4734977,8192,1,1366216,63069754925,58909262805
4743169,8192,1,1249121,59108334014,53745309044
4751361,8192,1,1252125,59908605848,55086251102
4759553,8192,1,1451207,62045900188,57688202546
4767745,8192,1,1519992,62098558192,56412407178
4775937,8192,1,1585445,62497723845,53773883692
4784129,8192,1,1400070,58743219915,53488311885
4792321,8192,1,1052134,54186765245,44314716030
4800513,8192,1,1019534,49928583194,43585325534
4808705,8192,1,1261780,57510375260,51091553798
4816897,8192,1,1331357,57590718396,53648855863
4825089,8192,1,1639294,60808222944,56677041795
4833281,8192,1,1324521,56290819569,52039636398
4841473,8192,1,1365671,56727562845,53006740051
4849665,8192,1,1800565,61983009179,61822707643
4857857,8192,1,2002216,61977955389,58237932308
4866049,8192,1,1885881,62151807862,60606270017
4874241,8192,1,1724229,62804522499,59908590400
4882433,8192,1,1914229,62387106534,61244082832
4890625,8192,1,1784457,61980258440,56790745400
4898817,8192,1,1710320,62316592526,60051717115
4907009,8192,1,1726464,62391325627,58604081084
4915201,8192,1,1730007,63380891308,61531881271
4923393,8192,1,1858619,62279744506,61927639575
4931585,8192,1,1849680,62183892835,62478356977
4939777,8192,1,1496671,58403848500,56618380287
4947969,8192,1,1393070,58633948844,57763593817
4956161,8192,1,1327346,58788810672,56183772185
4964353,8192,1,1272246,58123924020,55845659342
4972545,8192,1,1159603,54810326446,53660628936
4980737,8192,1,1260970,53358611450,54297383196
4988929,8192,1,1176073,52672662572,51597036264
4997121,8192,1,1259241,55165172481,53048108010
5005313,8192,1,1262433,56373025517,52135678175
5013505,8192,1,1356029,59546446599,57963476260
5021697,8192,1,1305842,56689784355,56279824945
5029889,8192,1,1125879,53898877430,49130177928
5038081,8192,1,1161636,54269350642,49917415353
5046273,8192,1,1191117,54055514122,52601876237
5054465,8192,1,1056526,53286687769,49981309748
5062657,8192,1,1038563,52346336284,48787815807
5070849,8192,1,1111255,53626275181,47870761108
5079041,8192,1,1139166,53752148996,51076244220
5087233,8192,1,1010849,50228857996,45534462512
5095425,8192,1,1086570,52677277867,49802727066
5103617,8192,1,981145,52265804278,47762509915
5111809,8192,1,1077049,53626533614,49045648768
5120001,8192,1,1057547,54195882329,49060898153
5128193,8192,1,1208494,58216835003,54699363991
5136385,8192,1,1184261,56746767112,51470933682
5144577,8192,1,999424,52506836442,49483317056
5152769,8192,1,1017445,53578401482,50483034445
5160961,8192,1,1019623,52810336386,51370550485
5169153,8192,1,938849,52166193773,49579509912
5177345,8192,1,1005061,53979644014,53195358483
5185537,8192,1,1006297,54409598707,55041588439
5193729,8192,1,910773,52367016050,50970148006
5201921,8192,1,1019609,54958972298,51557868936
5210113,8192,1,963205,51431731336,52721143889
5218305,8192,1,1080296,53432274393,56039801968
5226497,8192,1,913035,51814775021,51775078896
5234689,8192,1,811533,49710271751,48784724174
5242881,8192,1,914018,50659269828,49112589273
5251073,8192,1,951734,49660522293,48605950619
5259265,8192,1,966328,49937461860,51765098935
5267457,8192,1,876120,48233799143,48474537278
5275649,8192,1,839560,45505587169,45754086340
5283841,8192,1,976074,50468458835,49620722211
5292033,8192,1,924974,47925789741,48676191471
5300225,8192,1,942144,49680604502,48063875196
5308417,8192,1,886412,46355902185,48553502878
5316609,8192,1,828036,44837407164,46126001886
5324801,8192,1,738251,42486626567,42917967278
5332993,8192,1,878562,44377402985,44972580103
5341185,8192,1,759784,39515895518,40947400164
5349377,8192,1,876958,45441991668,47347048954
5357569,8192,1,803479,46113372017,47058532754
5365761,8192,1,729028,45065663138,43857748696
5373953,8192,1,885713,47737923460,48139096851
5382145,8192,1,836995,51351355496,50259455723
5390337,8192,1,965931,52965281717,51841389008
5398529,8192,1,782926,50890084027,46885450736
5406721,8192,1,761190,48956703913,48018634918
5414913,8192,1,827064,48472063015,48122626062
5423105,8192,1,825418,49256575775,55539130927
5431297,8192,1,919267,52230978175,56754685129
5439489,8192,1,974226,55143258533,58538994671
5447681,8192,1,833508,50689771206,53336086982
5455873,8192,1,947860,56707817121,55793573587
5464065,8192,1,1033971,58652807039,59007936115
5472257,8192,1,1115589,59342364238,61801140654
5480449,8192,1,1153123,59083287853,61704767888
5488641,8192,1,1009152,56069946259,60164623010
5496833,8192,1,1156155,57601281303,63919225773
5505025,8192,1,1147957,57531469967,63417297009
5513217,8192,1,1088977,55330482420,58736713222
5521409,8192,1,1128476,54292326455,58883724096
5529601,8192,1,1047151,55026971310,61565768169
5537793,8192,1,1126959,57980108462,63819712242
5545985,8192,1,1076343,59166013084,64134163914
5554177,8192,1,1192396,59545348454,64630704979
5562369,8192,1,1376951,58519081749,71135125305
5570561,8192,1,976721,58050473193,59907187412
5578753,8192,1,1166387,57731284389,61147835510
5586945,8192,1,1161915,58406567436,64023770997
5595137,8192,1,1234914,60771886651,66407894502
5603329,8192,1,1124232,59755746193,63313066546
5611521,8192,1,1095478,60122260578,60680273743
5619713,8192,1,1158885,60368944644,65631038180
5627905,8192,1,1153817,60775416598,63257654407
5636097,8192,1,1226306,60413544072,64142395722
5644289,8192,1,1196097,59963033833,60883679334
5652481,8192,1,1148057,60165793954,64565707376
5660673,8192,1,1177054,60696972227,63659248423
5668865,8192,1,1235498,60047450465,64969568358
5677057,8192,1,1147362,60485425643,66864035940
5685249,8192,1,1108227,59774988632,62448878946
5693441,8192,1,1201882,61008511303,65204417704
5701633,8192,1,1183811,61676882288,68989304320
5709825,8192,1,1214637,61791485704,71421934052
5718017,8192,1,1086473,61499185628,70624714773
5726209,8192,1,1201901,61132528463,66990449594
5734401,8192,1,1114912,61252818451,65787578959
5742593,8192,1,1163973,60135524474,64747379561
5750785,8192,1,1084060,59600947136,63095576085
5758977,8192,1,1078372,59809101820,63540542022
5767169,8192,1,1114845,59325753351,64301372655
5775361,8192,1,1126138,59862973911,62350564328
5783553,8192,1,1136977,59212357830,61928887097
5791745,8192,1,1046515,52187366379,56097747924
5799937,8192,1,1040418,55190787848,58369340569
5808129,8192,1,853023,55324595267,53958844068
5816321,8192,1,1028624,57063660639,59672404040
5824513,8192,1,1117046,59270194084,65220240882
5832705,8192,1,1061157,58960211718,62881626782
5840897,8192,1,1055327,56548008958,60607307730
5849089,8192,1,878652,50539203884,54752852355
5857281,8192,1,1173486,57632243725,67026303808
5865473,8192,1,1081039,57617358569,62415566761
5873665,8192,1,1057229,56743055206,64046338507
5881857,8192,1,951758,58511385611,59380687083
5890049,8192,1,835183,61795713273,48644760842
5898241,8192,1,739929,61727951417,50354410221
5906433,8192,1,680873,61904063474,51400330739
5914625,8192,1,706329,61447371947,52925196701
5922817,8192,1,694577,62089394033,50617338579
5931009,8192,1,846968,57980071725,52996141181
5939201,8192,1,966559,59961762656,59285937139
5947393,8192,1,901788,60279415753,57877341609
5955585,8192,1,802864,60414676596,56695365982
5963777,8192,1,685110,63069117237,53368363000
5971969,8192,1,649712,59686231052,52379905466
5980161,8192,1,1036796,60094784408,64650637032
5988353,8192,1,1003503,59416305051,64223740292
5996545,8192,1,1027604,59615250433,61723593794
6004737,8192,1,892103,60438506569,66261470342
6012929,8192,1,880312,59806694762,62355360662
6021121,8192,1,1109642,60025112508,67357922894
6029313,8192,1,1094954,59640226996,66680029612
6037505,8192,1,1030417,59369607024,62838458298
6045697,8192,1,1057200,55900815277,64499317469
6053889,8192,1,940339,50753517403,56600516968
6062081,8192,1,1047645,56417459765,63551611765
6070273,8192,1,1070344,58612928291,66573106456
6078465,8192,1,1040326,59160341340,62366615533
6086657,8192,1,1032939,59245645508,60264226998
6094849,8192,1,978106,58080730358,59224008199
6103041,8192,1,949935,59434287423,63466840405
6111233,8192,1,814440,62418352419,80678646849
6119425,8192,1,756883,61929340206,82834771130
6127617,8192,1,891700,57927536222,70011820826
6135809,8192,1,894373,54124139868,57762629388
6144001,8192,1,948844,54474431056,62549710280
6152193,8192,1,949060,55935295379,60763023442
6160385,8192,1,940733,57179985070,61804759550
6168577,8192,1,875004,59767193046,68837509246
6176769,8192,1,854844,58633356661,63176116344
6184961,8192,1,869810,57172923878,63455362973
6193153,8192,1,858339,58716480746,64652159383
6201345,8192,1,808091,59068730609,63193524703
6209537,8192,1,816753,58875189706,67033752255
6217729,8192,1,809455,58560010270,64407765360
6225921,8192,1,839253,57560207356,64585772522
6234113,8192,1,845776,59019049499,65650317904
6242305,8192,1,804291,57082938691,66808706091
6250497,8192,1,779310,58293679134,62655074002
6258689,8192,1,935783,58551901338,65371674611
6266881,8192,1,832343,56739213761,64483676717
6275073,8192,1,815239,56879687612,64879033125
6283265,8192,1,869622,56503858451,63098024732
6291457,8192,1,753911,57192973874,64679492863
6299649,8192,1,796408,58492213661,64616743823
6307841,8192,1,775867,57819406693,63846463239
6316033,8192,1,731815,55554664930,60853048280
6324225,8192,1,801177,56055100336,62883905127
6332417,8192,1,702924,55639554786,61016684368
6340609,8192,1,628921,57287631240,61140659551
6348801,8192,1,701014,56796985035,58864030452
6356993,8192,1,679990,56753862938,61973340229
6365185,8192,1,679678,56844041949,54255516897
6373377,8192,1,730260,55694660589,62209880136
6381569,8192,1,631122,56053435110,56994188489
6389761,8192,1,623579,55480206989,58510426712
6397953,8192,1,722344,56431171315,60123909883
6406145,8192,1,629492,57158444543,59934565793
6414337,8192,1,709829,57357572825,59934750458
6422529,8192,1,613086,54942317621,54095379308
6430721,8192,1,606422,52576411946,55404974820
6438913,8192,1,642545,52459434620,56598281073
6447105,8192,1,731996,53145077742,55816989389
6455297,8192,1,724964,54306641564,62876146320
6463489,8192,1,815991,52726025166,60112020276
6471681,8192,1,729625,49182276339,52453382483
6479873,8192,1,669837,46831088707,48157759791
6488065,8192,1,747144,48122908769,55182188553
6496257,8192,1,717326,47958662805,60178406017
6504449,8192,1,718392,50909275438,58513978978
6512641,8192,1,730467,48392560754,54583222981
6520833,8192,1,738059,46131832206,54684115163
6529025,8192,1,724708,46477569891,53407933797
6537217,8192,1,800265,48971240353,57206348507
6545409,8192,1,787384,48497192206,55281855996
6553601,8192,1,698398,47187351487,54348164315
6561793,8192,1,737557,48788349686,54893018948
6569985,8192,1,764170,49888523955,56228655259
6578177,8192,1,680236,49997697795,50171474330
6586369,8192,1,749999,53088340658,51769950050
6594561,8192,1,705784,48019131508,54049559112
6602753,8192,1,656423,46400710382,52544087823
6610945,8192,1,849783,47748915390,56982051933
6619137,8192,1,801148,47807608803,57190187805
6627329,8192,1,765408,46669797740,54340729461
6635521,8192,1,743150,46887794423,54946741453
6643713,8192,1,665607,45877233135,56147360605
6651905,8192,1,758736,47427946240,59362624359
6660097,8192,1,827631,47805700088,57760480340
6668289,8192,1,740827,47033958754,55650841520
6676481,8192,1,701546,45737135850,54339570738
6684673,8192,1,693026,47473036303,56206364266
6692865,8192,1,744005,47361939810,54688359912
6701057,8192,1,728159,45355462532,53842338591
6709249,8192,1,803323,48175195526,56111318254
6717441,8192,1,731903,47282679908,55346624359
6725633,8192,1,669779,47058450238,51155211670
6733825,8192,1,736446,51234504987,55838536862
6742017,8192,1,845497,51556557281,58467087483
6750209,8192,1,783040,49450537411,54623285728
6758401,8192,1,785734,48600607825,51174655920
6766593,8192,1,644335,43880086628,47280100867
6774785,8192,1,718306,45320242271,50643712415
6782977,8192,1,787787,49300862376,56146459656
6791169,8192,1,797132,51216997662,54275734110
6799361,8192,1,778579,54480612692,66160304686
6807553,8192,1,777106,54418924892,63371929153
6815745,8192,1,641142,49816057934,60826070906
6823937,8192,1,767187,52605381030,62054091446
6832129,8192,1,795755,53448736123,64651435495
6840321,8192,1,787802,52776478133,66637025253
6848513,8192,1,788128,50809483628,65199594592
6856705,8192,1,703447,48678621512,62262586302
6864897,8192,1,720780,48100014209,56806201983
6873089,8192,1,753391,48766101024,56397616428
6881281,8192,1,726756,48283626988,57108545306
6889473,8192,1,759040,48229905528,55676915122
6897665,8192,1,733910,48871665264,60720853388
6905857,8192,1,752177,49522415159,58876481850
6914049,8192,1,802193,51410592357,56142286593
6922241,8192,1,859621,51928120590,59667245185
6930433,8192,1,800774,50391395202,58250353172
6938625,8192,1,748654,49387623217,56768553069
6946817,8192,1,796267,50255220086,58836111348
6955009,8192,1,748240,51693407873,54852237659
6963201,8192,1,806363,50150885645,61427479114
6971393,8192,1,728569,48656564463,59895625436
6979585,8192,1,735352,51199560672,62046622137
6987777,8192,1,699021,48682911486,63948608713
6995969,8192,1,634120,45831406577,54007826926
7004161,8192,1,892155,50536556554,62218011681
7012353,8192,1,782030,49273441119,61087732119
7020545,8192,1,741045,46097890688,56368487285
7028737,8192,1,762443,45093991002,57910909041
7036929,8192,1,853754,46603908786,56981667859
7045121,8192,1,810342,46377293130,56678808845
7053313,8192,1,770343,47471980730,57083720061
7061505,8192,1,683334,43555846112,52483504671
7069697,8192,1,838780,46875030520,57951765387
7077889,8192,1,763229,48582059456,55431374096
7086081,8192,1,751041,45191788480,53779259109
7094273,8192,1,795784,48515590361,55486628662
7102465,8192,1,787430,49228707462,54765483638
7110657,8192,1,985470,55948602087,59811319520
7118849,8192,1,879750,52775047845,59030539077
7127041,8192,1,771176,49224643811,56746896292
7135233,8192,1,810937,53308284328,61396755705
7143425,8192,1,915819,55117039138,65172612188
7151617,8192,1,910815,54754117820,61420422405
7159809,8192,1,886198,58713975871,65800486571
7168001,8192,1,726666,49138506055,53875451238
7176193,8192,1,693336,47109751685,53968835381
7184385,8192,1,724525,48036349840,51418423206
7192577,8192,1,708302,48268198216,52425643059
7200769,8192,1,727507,50120021956,54662298446
7208961,8192,1,790346,53098340347,59452172668
7217153,8192,1,906974,56741329110,61349993930
7225345,8192,1,933614,58596654890,63973403594
7233537,8192,1,885596,58671527494,64743047707
7241729,8192,1,1016104,61069572685,69149521399
7249921,8192,1,1020630,61369308543,65391722790
7258113,8192,1,985675,61058114637,69095724660
7266305,8192,1,1024395,60799942581,67229564553
7274497,8192,1,1073993,62911729753,72395423515
7282689,8192,1,959353,60722933235,68970791445
7290881,8192,1,721417,51558952034,60412739367
7299073,8192,1,635467,47439182717,57777641710
7307265,8192,1,768990,52539940390,59892233143
7315457,8192,1,782838,50497801672,59642939831
7323649,8192,1,736531,48680635829,56761473955
7331841,8192,1,693431,48979000213,58466962965
7340033,8192,1,700353,48470463657,58572396305
7348225,8192,1,656165,47754014325,53703498871
7356417,8192,1,706952,49781969594,59161687244
7364609,8192,1,702560,51552295972,56638710845
7372801,8192,1,748488,51189895210,57722656444
7380993,8192,1,672970,50289379405,55031924835
7389185,8192,1,618374,46747527961,55282374011
7397377,8192,1,731407,53849189259,58584407348
7405569,8192,1,823103,54459907520,58699827686
7413761,8192,1,820567,57996395789,63971385792
7421953,8192,1,759259,54880499899,61149982310
7430145,8192,1,709874,50266481813,56033887192
7438337,8192,1,799413,52617562312,61362923969
7446529,8192,1,803464,53862112844,63299810725
7454721,8192,1,776283,53348274726,60971116880
7462913,8192,1,841975,55623955618,62195598303
7471105,8192,1,853955,57452318218,66397247248
7479297,8192,1,795154,56297422443,64335160416
7487489,8192,1,889445,56376229780,68094594367
7495681,8192,1,1021969,60023042579,71738361408
7503873,8192,1,875237,55313971334,65826639560
7512065,8192,1,775071,49429826010,60741237776
7520257,8192,1,725889,47064363363,58014829030
7528449,8192,1,834843,51650564844,64150404974
7536641,8192,1,789507,50757917942,63412679564
7544833,8192,1,867687,54598783786,61820266741
7553025,8192,1,960725,56469515355,63294309868
7561217,8192,1,815707,50313874323,62386235770
7569409,8192,1,666231,46144005917,56534652727
7577601,8192,1,832815,54175134238,57557456518
7585793,8192,1,885526,58087439964,63222907493
7593985,8192,1,861278,55905434119,62933245414
7602177,8192,1,852806,50342783962,62648352601
7610369,8192,1,887841,49888381296,62759399709
7618561,8192,1,860187,54950616424,60219012843
7626753,8192,1,915348,54030183176,64175249853
7634945,8192,1,852309,51681051150,64249373852
7643137,8192,1,912370,53049696773,63723387260
7651329,8192,1,738803,45900258701,54451260948
7659521,8192,1,713836,45748826296,54058643735
7667713,8192,1,848035,50538533259,58502442761
7675905,8192,1,937742,55323766578,65724699609
7684097,8192,1,787627,54383889810,59112244354
7692289,8192,1,833589,53247672067,60750272153
7700481,8192,1,814204,49535470442,59285877910
7708673,8192,1,903137,54358941917,61370928696
7716865,8192,1,801151,62622317283,55407023328
7725057,8192,1,905524,59014777802,66532401129
7733249,8192,1,960512,58327935763,70585038967
7741441,8192,1,936278,56411432504,68678178301
7749633,8192,1,890324,53572479595,69484966454
7757825,8192,1,1027125,58522479696,75247743109
7766017,8192,1,1065365,61612038604,79837120352
7774209,8192,1,1133091,62039236317,77351195647
7782401,8192,1,1013568,61944787561,76396433568
7790593,8192,1,977456,60660792594,72327853661
7798785,8192,1,1062407,59684547724,75092579311
7806977,8192,1,1017774,59902115809,73618086029
7815169,8192,1,1154301,60693446908,74699560363
7823361,8192,1,1129298,60341384806,74758394845
7831553,8192,1,1048171,56590059373,70536820556
7839745,8192,1,1006866,55276418358,70786648600
7847937,8192,1,1266339,61467920318,74843825188
7856129,8192,1,1153575,60984143819,71270553375
7864321,8192,1,1115475,59852831907,74285562642
7872513,8192,1,1148287,60908945609,72449632901
7880705,8192,1,1236171,60021117831,77610223952
7888897,8192,1,1119286,58582250428,71791606872
7897089,8192,1,1116862,59438959515,72925684305
7905281,8192,1,1053564,59511201019,70761204076
7913473,8192,1,1018766,59916578393,72283390485
7921665,8192,1,1163030,58202234652,66065067570
7929857,8192,1,932972,56541598892,69317031378
7938049,8192,1,1335617,61768841096,75009538917
7946241,8192,1,1126115,60333225913,77375245356
7954433,8192,1,930625,59253863905,76700452052
7962625,8192,1,1155991,60318831521,76764504058
7970817,8192,1,1149787,58205892161,73454286624
7979009,8192,1,1168100,58675133580,73357220349
7987201,8192,1,1109590,60201568915,71043244630
7995393,8192,1,1246696,60953748469,70676373124
8003585,8192,1,1072671,58459135873,73949023804
8011777,8192,1,915176,52150084703,71594705301
8019969,8192,1,1048977,54347088319,70325616537
8028161,8192,1,1161083,57901070063,69720612958
8036353,8192,1,1038066,60739991885,71332965768
8044545,8192,1,1058512,61452870344,69100231626
8052737,8192,1,1224568,57520110354,68925089933
8060929,8192,1,883351,49034881564,61763613503
8069121,8192,1,1093556,54937862712,67142164032
8077313,8192,1,1171620,58985335698,73909851182
8085505,8192,1,970944,57604952668,70665101404
8093697,8192,1,1018286,53175452767,67210599409
8101889,8192,1,907967,52281783686,64895338456
8110081,8192,1,872493,50955441103,64151700719
8118273,8192,1,1016880,55439650663,70777593111
8126465,8192,1,893543,53041319100,68069567500
8134657,8192,1,1199821,58355280103,72696987245
8142849,8192,1,872903,50503746198,65723002081
8151041,8192,1,753363,48910092076,64503380624
8159233,8192,1,888841,55200745635,69456712259
8167425,8192,1,1358869,61654254721,67615251591
8175617,8192,1,919344,57647015958,71218029903
8183809,8192,1,948309,52872475578,65423464452
8192001,8192,1,738324,46746541520,59159947360
8200193,8192,1,738422,45469577722,57963875441
8208385,8192,1,812997,50384096789,63022312473
8216577,8192,1,1006640,52371646321,61017590267
8224769,8192,1,1163238,59595554009,71881058851
8232961,8192,1,798761,53019994658,64505597251
8241153,8192,1,697829,51960965721,60176842971
8249345,8192,1,841109,52000342474,64813174467
8257537,8192,1,930193,54459937700,68349241341
8265729,8192,1,975208,58222853369,69957933720
8273921,8192,1,1020904,56306070571,67979010450
8282113,8192,1,938526,53080739771,61549925750
8290305,8192,1,820570,51981464609,66248258039
8298497,8192,1,940581,58623412073,68534577817
8306689,8192,1,877846,57683653048,67478308338
8314881,8192,1,914277,57238738726,69544430011
8323073,8192,1,880678,51566549035,64826765486
8331265,8192,1,763133,51489770819,73550595275
8339457,8192,1,835498,52115559990,62508115334
8347649,8192,1,940995,53853618011,65684961752
8355841,8192,1,935120,59792349550,69319320858
8364033,8192,1,849350,54624898279,65864633892
8372225,8192,1,826549,50554075020,62138018726
8380417,8192,1,893359,53524916702,64909205886
8388609,8192,1,950037,59670381591,74559372459
8396801,8192,1,851952,59067138486,66959457406
8404993,8192,1,971316,58701071184,71210995146
8413185,8192,1,957288,57866515165,72332078623
8421377,8192,1,838965,57549256819,63107331681
8429569,8192,1,893296,61104343635,60565045314
8437761,8192,1,993838,59809150417,68314818472
8445953,8192,1,964813,60789904230,69971329933
8454145,8192,1,839047,59657647316,65110231161
8462337,8192,1,854037,59372454307,63277712160
8470529,8192,1,970235,60191471319,65990400332
8478721,8192,1,988342,61800831528,66189870328
8486913,8192,1,828164,61286830855,61119638937
8495105,8192,1,1002499,62022730823,63986574995
8503297,8192,1,989779,61828220456,62984442649
8511489,8192,1,835312,61844907375,57715848840
8519681,8192,1,889469,61679703719,58689015520
8527873,8192,1,965347,61385667796,60440031047
8536065,8192,1,931052,61592837583,60499360937
8544257,8192,1,754048,61629636775,56169938127
8552449,8192,1,803745,61961780469,59730785627
8560641,8192,1,939276,63530816772,63355465345
8568833,8192,1,851417,65923346777,63254037766
8577025,8192,1,841049,65623489141,62416267336
8585217,8192,1,992152,73222626803,69409192975
8593409,8192,1,817459,77878755186,65356357344
8601601,8192,1,699019,76628772865,65468363780
8609793,8192,1,811933,78058009201,65294760941
8617985,8192,1,949393,77470743277,76118887629
8626177,8192,1,869464,75793509999,71510913872
8634369,8192,1,739889,74187688186,64661869783
8642561,8192,1,818926,77685558439,69460838982
8650753,8192,1,825924,78026267904,71302576899
8658945,8192,1,812147,70393239512,79222244818
8667137,8192,1,785673,61570806794,71417547640
8675329,8192,1,816542,65781442449,68319745197
8683521,8192,1,757973,54004019478,66029842746
8691713,8192,1,683329,52246980326,61228437323
8699905,8192,1,849122,55659160493,66055897049
8708097,8192,1,975466,59263476741,72137035195
8716289,8192,1,913001,59041577975,70223513093
8724481,8192,1,868978,54281558998,65768524038
8732673,8192,1,805391,49494687484,61230699628
8740865,8192,1,812980,52561159401,63686922535
8749057,8192,1,822366,52666178343,63869174729
8757249,8192,1,919564,56098391378,67576239221
8765441,8192,1,968016,57877117485,69348966934
8773633,8192,1,860153,51481505907,61898745395
8781825,8192,1,790868,47257860195,57964201338
8790017,8192,1,942832,53538052783,64864329631
8798209,8192,1,940694,61685676481,71864895829
8806401,8192,1,885927,61658922238,66736143478
8814593,8192,1,1038029,61369004831,73913354316
8822785,8192,1,879793,52146272787,64806842506
8830977,8192,1,878509,55697156073,67253834281
8839169,8192,1,964736,62541552293,83121119779
8847361,8192,1,996914,61590833329,80676412037
8855553,8192,1,885028,55127615561,63511355426
8863745,8192,1,791523,55304861134,64994938516
8871937,8192,1,849887,63786091420,82007172523
8880129,8192,1,902373,61012686158,74298823429
8888321,8192,1,941387,59426643172,72219874664
8896513,8192,1,1133114,63866621409,83849278354
8904705,8192,1,802562,63727133550,85302563916
8912897,8192,1,845445,61409418399,82234989894
8921089,8192,1,1017609,65029754319,84933223932
8929281,8192,1,907925,63564436196,81691239964
8937473,8192,1,967802,66232587516,84564073659
8945665,8192,1,897482,65346650167,84530094209
8953857,8192,1,750217,65003544141,71634235633
8962049,8192,1,1086994,67502783028,83983306966
8970241,8192,1,951713,66237749089,79791491813
8978433,8192,1,981183,69267416517,78284143577
8986625,8192,1,1055590,68273551884,89629363302
8994817,8192,1,780717,56833119505,75198305612
9003009,8192,1,1036805,73004597454,86604796523
9011201,8192,1,1012222,71455636535,83100814975
9019393,8192,1,874242,71548472212,80784432922
9027585,8192,1,971248,66791843410,82217393707
9035777,8192,1,840102,64595196013,79355757122
9043969,8192,1,994170,64934612725,79109794386
9052161,8192,1,888691,65383679263,80843312785
9060353,8192,1,942244,57388886441,71753170709
9068545,8192,1,701653,48078807041,60378556628
9076737,8192,1,754798,61024714378,71058087426
9084929,8192,1,908482,65338335472,77220228911
9093121,8192,1,898709,68826620520,82680522776
9101313,8192,1,947022,69761741984,78646351369
9109505,8192,1,855685,64915604147,76192343309
9117697,8192,1,936510,68593558199,81439434639
9125889,8192,1,1110657,74193543274,88798711316
9134081,8192,1,974020,71692480309,86589185236
9142273,8192,1,971906,69278593897,86075199307
9150465,8192,1,940651,67361910005,84362106706
9158657,8192,1,931319,67770003761,86944687290
9166849,8192,1,1003627,67301994373,89343337157
9175041,8192,1,901224,64936435027,82773854032
9183233,8192,1,768025,58547006772,73416178518
9191425,8192,1,992708,64118389903,84108380967
9199617,8192,1,767537,60728207372,79847436273
9207809,8192,1,741824,53901328760,75762176509
9216001,8192,1,698064,49104444455,65418347117
9224193,8192,1,643992,47707551961,73284380484
9232385,8192,1,827015,55845001987,72132357165
9240577,8192,1,847844,59333225580,72086210492
9248769,8192,1,757262,52846524981,64540313118
9256961,8192,1,716538,54524823239,66157839764
9265153,8192,1,714126,49995214601,60133808166
9273345,8192,1,716731,54250605891,66173011706
9281537,8192,1,763184,56104624149,69931575250
9289729,8192,1,852003,63108379279,77343304916
9297921,8192,1,904053,60658920099,72939259295
9306113,8192,1,828610,56073471319,70828811692
9314305,8192,1,742441,55013686452,69311191728
9322497,8192,1,731295,52787689502,65082703530
9330689,8192,1,708369,52392880422,64162462713
9338881,8192,1,664925,47456678772,61105247349
9347073,8192,1,627062,59045841516,70233177169
9355265,8192,1,542072,51533409470,61975402172
9363457,8192,1,553768,51823161640,62030470142
9371649,8192,1,664552,57497993985,71139992602
9379841,8192,1,665352,58873592863,70350863010
9388033,8192,1,708523,60684737157,73350392426
9396225,8192,1,742494,61352845542,72637197200
9404417,8192,1,682535,52096944972,66501780793
9412609,8192,1,730720,56467680323,73555975057
9420801,8192,1,659919,65708295301,91528674528
9428993,8192,1,805946,68506237462,95901323827
9437185,8192,1,799261,70730540231,97329942544
9445377,8192,1,782815,64727852547,86518992987
9453569,8192,1,806095,57998734790,76695072646
9461761,8192,1,873153,60674145097,74951043093
9469953,8192,1,978600,68453757397,89774056011
9478145,8192,1,932038,68593126285,89134138758
9486337,8192,1,969887,65412428592,82690666403
9494529,8192,1,871662,61072195102,79690256522
9502721,8192,1,880415,67010896351,91405922819
9510913,8192,1,877077,62637487079,81484656929
9519105,8192,1,892491,66341797417,83836944880
9527297,8192,1,886525,63743218469,83271568996
9535489,8192,1,763034,56916289211,74886730159
9543681,8192,1,755739,51749236039,72040959154
9551873,8192,1,873175,63714325503,85065063030
9560065,8192,1,894671,66968083563,92266292814
9568257,8192,1,871975,67196685161,94274815923
9576449,8192,1,833002,63337835446,89766066579
9584641,8192,1,804983,57162122774,81304218417
9592833,8192,1,852642,58816487988,87547081063
9601025,8192,1,804419,61358444080,95157158210
9609217,8192,1,849312,58233450860,89077323260
9617409,8192,1,927929,63536028152,95430128504
9625601,8192,1,813905,59495790605,90481691930
9633793,8192,1,774141,59853748240,94930245148
9641985,8192,1,1008519,71796902215,103101197562
9650177,8192,1,946237,66707485905,89487716951
9658369,8192,1,908074,73540668043,104604863005
9666561,8192,1,1048466,76252778127,101819371935
9674753,8192,1,866412,68574360918,91712495488
9682945,8192,1,932972,70752871888,98512251726
9691137,8192,1,979047,71791734313,100794859284
9699329,8192,1,918888,67817796157,96974587872
9707521,8192,1,1104725,71177466006,105250822441
9715713,8192,1,1104271,71716325188,109985827150
9723905,8192,1,963052,66999392072,93507603248
9732097,8192,1,1005464,65795578186,94522318718
9740289,8192,1,1059837,67994246828,98070692556
9748481,8192,1,979162,67629006993,96260634720
9756673,8192,1,885081,62292836211,88999230764
9764865,8192,1,833802,62457382863,86421523387
9773057,8192,1,837546,61034522068,82625603454
9781249,8192,1,946051,67857791102,91354871891
9789441,8192,1,819208,65866256100,87447442677
9797633,8192,1,924104,68240421801,94649856584
9805825,8192,1,881246,68247029882,92318585432
9814017,8192,1,778987,66071308722,86559979508
9822209,8192,1,911174,69795340731,98757363190
9830401,8192,1,1006706,71978418806,101071293653
9838593,8192,1,1038633,71509025018,102556653441
9846785,8192,1,896865,69792988764,94761638873
9854977,8192,1,847711,67034768302,89558287571
9863169,8192,1,911641,68667883187,94403012984
9871361,8192,1,996682,70107950073,96498948293
9879553,8192,1,973566,69625920413,97015119525
9887745,8192,1,993179,71185747311,98493723197
9895937,8192,1,1003198,70717713319,99376469605
9904129,8192,1,1002534,71808040774,102430235557
9912321,8192,1,973237,71613101484,99360983742
9920513,8192,1,1033485,72846155160,98905800310
9928705,8192,1,1031123,73635393603,100791989073
9936897,8192,1,1080661,74097718137,103137439914
9945089,8192,1,978766,70891484395,98621972380
9953281,8192,1,1042650,72417886178,101512575697
9961473,8192,1,1112412,74009890439,103380634012
9969665,8192,1,1081752,73469731113,104924140125
9977857,8192,1,1115522,75780146275,106730651374
9986049,8192,1,1042699,73335453765,105451773056
9994241,8192,1,1012025,72304159780,103922711290
10002433,8192,1,947807,73177316635,102562154989
10010625,8192,1,993860,74248158794,100934122756
10018817,8192,1,1083307,76321832298,106819650394
10027009,8192,1,1144640,76778212899,108256291773
10035201,8192,1,1106267,76509496209,109889167943
10043393,8192,1,1136468,76529152684,106849552763
10051585,8192,1,1143192,76622953602,109187179367
10059777,8192,1,1071558,76691528658,105563133006
10067969,8192,1,1035874,75016157201,103416103850
10076161,8192,1,1190056,75265046958,102453240242
10084353,8192,1,1052095,76722732640,105925135132
10092545,8192,1,1059358,76839914668,108695979230
10100737,8192,1,1078590,77061038954,104918519813
10108929,8192,1,1104262,76917215732,96141103168
10117121,8192,1,1171376,77120896113,102399695904
10125313,8192,1,1065388,77604654123,108083356398
10133505,8192,1,1080586,77621034018,102030235529
10141697,8192,1,1185945,77375102520,103800346448
10149889,8192,1,1118057,77079879819,101543985927
10158081,8192,1,1140551,77535086646,107075217393
10166273,8192,1,1201889,77314405596,106160498695
10174465,8192,1,1114490,77129632609,106710822535
10182657,8192,1,1131014,76977719808,105997184968
10190849,8192,1,1225990,76646881261,106105645764
10199041,8192,1,1193971,77200838933,103540869535
10207233,8192,1,1174049,77770485494,105128043649
10215425,8192,1,1131601,77893106666,103432726061
10223617,8192,1,1214716,77082495252,104083630059
10231809,8192,1,1239036,76812658037,105800624014
10240001,8192,1,1174334,77539060580,107109429001
10248193,8192,1,1147536,77645370823,109394653628
10256385,8192,1,1130296,76924591639,106370082720
10264577,8192,1,1030018,77324495149,107182114295
10272769,8192,1,1086505,77623073831,107302480687
10280961,8192,1,1133919,77708872357,107503883944
10289153,8192,1,1154060,77788627230,108640717923
10297345,8192,1,1188569,79487887047,115193062357
10305537,8192,1,1162732,92108783782,133694060951
10313729,8192,1,1258422,92807705936,127819719941
10321921,8192,1,1454915,92532120917,127327705958
10330113,8192,1,1363088,93006927167,130694449974
10338305,8192,1,1297387,91799653406,128064086993
10346497,8192,1,1317779,93102367684,128691217812
10354689,8192,1,1316959,92167733414,128373781399
10362881,8192,1,1294409,91868826372,127175954702
10371073,8192,1,1371189,92625323824,127779170851
10379265,8192,1,1370935,91279955444,126909547139
10387457,8192,1,1323638,91353035083,128270156464
10395649,8192,1,1176812,92192015743,131236358134
10403841,8192,1,1130901,92191092473,126391617397
10412033,8192,1,1365356,91517607743,127485639680
10420225,8192,1,1350461,91558164098,126809490748
10428417,8192,1,1325279,93052871840,131074473314
10436609,8192,1,1315451,92424243235,129064636056
10444801,8192,1,1280543,91824104587,130401423290
10452993,8192,1,1386630,92677741195,128333707053
10461185,8192,1,1350573,93443272480,133169521585
10469377,8192,1,1413221,93408214190,125736630706
10477569,8192,1,1409852,91813150323,119927587767
10485761,8192,1,1325146,92491978229,127413372032
10493953,8192,1,1360475,93375068735,130238090376
10502145,8192,1,1477277,93028293528,128436894782
10510337,8192,1,1458912,93395121237,130441423597
10518529,8192,1,1407547,93881286759,134694270746
10526721,8192,1,1441709,95010075686,132203439107
10534913,8192,1,1517598,98525141995,140197667881
10543105,8192,1,1527082,98878550793,138623512508
10551297,8192,1,1529306,98563439926,140199513987
10559489,8192,1,1488034,98120186326,131447266413
10567681,8192,1,1545901,98405600084,134602357917
10575873,8192,1,1481930,98131779771,136685270006
10584065,8192,1,1392202,98224165663,137297194549
10592257,8192,1,1533065,98063078190,134019380060
10600449,8192,1,1520463,98076761196,136644904471
10608641,8192,1,1485632,97643007726,134124379368
10616833,8192,1,1537129,98094168122,132121274229
10625025,8192,1,1531409,97567851758,130011503779
10633217,8192,1,1605029,98527900785,130608728434
10641409,8192,1,1581691,98109215587,128769466125
10649601,8192,1,1533873,98321831677,123440470276
10657793,8192,1,1556816,98751922551,125259650444
10665985,8192,1,1455320,98419002087,131610019426
10674177,8192,1,1399828,98856138099,129276493988
10682369,8192,1,1543182,99064986797,128104757401
10690561,8192,1,1541635,98835373983,127268893653
10698753,8192,1,1495339,99053764120,130957246424
10706945,8192,1,1535453,99205973257,133330985833
10715137,8192,1,1411860,98432768557,132489569152
10723329,8192,1,1465940,98922916151,132657418301
10731521,8192,1,1445079,99057744442,130377877165
10739713,8192,1,1409598,98835109309,131907135056
10747905,8192,1,1434689,98604438114,131420428046
10756097,8192,1,1432351,98393824834,127806369998
10764289,8192,1,1436449,98995119384,125273609693
10772481,8192,1,1494024,98865322370,123205222229
10780673,8192,1,1564213,98943876509,122460138448
10788865,8192,1,1487517,99069578049,121863767987
10797057,8192,1,1431398,98631734597,129385749157
10805249,8192,1,1279797,97861496443,130428824131
10813441,8192,1,1314075,99369544817,132659142112
10821633,8192,1,1326300,98850079622,133199092136
10829825,8192,1,1297628,99169380318,129386775666
10838017,8192,1,1376879,98939998883,128667521974
10846209,8192,1,1346219,99403792278,132785835209
10854401,8192,1,1323252,99251403001,132346406391
10862593,8192,1,1334976,99494857878,135907706424
10870785,8192,1,1341365,99559553820,133945958199
10878977,8192,1,1470136,99262735048,131112716454
10887169,8192,1,1685788,99549571043,127018251148
10895361,8192,1,1395013,99353151545,133242500530
10903553,8192,1,1353200,99129856294,131970003451
10911745,8192,1,1436134,99015606534,132583993518
10919937,8192,1,1372106,99208153089,131450811407
10928129,8192,1,1338149,99199886160,132700261751
10936321,8192,1,1303750,99210160521,132219912251
10944513,8192,1,1283208,99611151083,131874173282
10952705,8192,1,1319801,99531959189,126927931755
10960897,8192,1,1352636,99310002799,129008584284
10969089,8192,1,1375102,99466085443,131836237434
10977281,8192,1,1318730,99628423479,136067098036
10985473,8192,1,1227266,99669860657,131189831113
10993665,8192,1,1251634,99764662138,132039178639
11001857,8192,1,1356592,99619090549,133667573209
11010049,8192,1,1378517,99485553104,133941172203
11018241,8192,1,1275742,98374192970,129769295802
11026433,8192,1,1354490,99298692809,132327510327
11034625,8192,1,1310112,97186693575,128882111020
11042817,8192,1,1334103,99245280398,133264912876
11051009,8192,1,1363729,99758052158,133180939210
11059201,8192,1,1433294,99811214650,133692194925
11067393,8192,1,1554046,99865509853,141349116431
11075585,8192,1,1348576,99492264844,139899478005
11083777,8192,1,1248034,99629928157,136553389006
11091969,8192,1,1401515,99673560434,140267018013
11100161,8192,1,1447762,99741103137,139939601663
11108353,8192,1,1485144,99829077573,141660810383
11116545,8192,1,1398817,99670502872,136978535865
11124737,8192,1,1270161,99750583272,134864602754
11132929,8192,1,1320965,100173706874,136653046117
11141121,8192,1,1325674,99897977809,137675397076
11149313,8192,1,1402938,99852564415,136585075292
11157505,8192,1,1427512,99848646888,134703001555
11165697,8192,1,1399016,99824607865,136621849297
11173889,8192,1,1294020,99650819487,137730824856
11182081,8192,1,1438620,99932057170,140789678283
11190273,8192,1,1438914,100005225132,138169139345
11198465,8192,1,1443942,99739876237,139883323763
11206657,8192,1,1412633,99729278350,140614570071
11214849,8192,1,1380570,99693471850,140721977263
11223041,8192,1,1383145,99903866172,140233953469
11231233,8192,1,1478358,100104962850,141144533530
11239425,8192,1,1347924,99887377082,140046485653
11247617,8192,1,1381274,100222018318,136807451408
11255809,8192,1,1444439,99786699446,137369431665
11264001,8192,1,1316079,99890293002,138959386115
11272193,8192,1,1347710,99946984814,140662279277
11280385,8192,1,1484505,99851935427,141508251927
11288577,8192,1,1396744,99998982049,144384809893
11296769,8192,1,1470900,99784151152,143002522971
11304961,8192,1,1430049,99687376856,145180573044
11313153,8192,1,1453839,99667400561,147100137823
11321345,8192,1,1595756,99733144268,145800833331
11329537,8192,1,1528036,99788326430,145417153076
11337729,8192,1,1445057,99542969394,145280210408
11345921,8192,1,1359299,100074192393,143487121820
11354113,8192,1,1214427,99786388904,142448544062
11362305,8192,1,1448539,99876697498,148317862151
11370497,8192,1,1443442,99905517041,145856014932
11378689,8192,1,1372946,99494705111,141386580411
11386881,8192,1,1460716,99919270857,145290904420
11395073,8192,1,1324871,99802789764,144383276197
11403265,8192,1,1294644,99751712798,142144842115
11411457,8192,1,1427163,99936036914,142279434052
11419649,8192,1,1470939,99901096311,142571400319
11427841,8192,1,1374494,99957562220,142869877163
11436033,8192,1,1412862,100230306566,141888446962
11444225,8192,1,1374249,100053691309,141242518619
11452417,8192,1,1571219,99840223592,142928027375
11460609,8192,1,1495879,100010686253,141982130995
11468801,8192,1,1604419,100116741671,145354949840
11476993,8192,1,1633118,99820704698,144765716159
11485185,8192,1,1504462,99935838936,150513903988
11493377,8192,1,1317697,100499782245,149770554919
11501569,8192,1,1456024,100174119560,145225230335
11509761,8192,1,1513323,100006134277,141215773317
11517953,8192,1,1519607,99951925790,146767522774
11526145,8192,1,1383406,99807024509,144860528446
11534337,8192,1,1422653,100061173912,149488522360
11542529,8192,1,1545477,99930647157,149531618024
11550721,8192,1,1558532,100242503361,147994242345
11558913,8192,1,1504436,99761429052,142985660677
11567105,8192,1,1457170,99838244510,147500380916
11575297,8192,1,1421856,100360462892,150181190877
11583489,8192,1,1555722,100143247311,150845974514
11591681,8192,1,1574678,99900660852,150807955744
11599873,8192,1,1594565,100048647754,149356223904
11608065,8192,1,1659040,100329595801,157084788927
11616257,8192,1,1617443,100220177970,148569363765
11624449,8192,1,1532623,100080599389,151053240679
11632641,8192,1,1542361,100037161583,151399815874
11640833,8192,1,1571861,100308996380,147282432256
11649025,8192,1,1395721,100378559333,150541984121
11657217,8192,1,1490221,100226114683,151691405561
11665409,8192,1,1513739,99985733401,146797795916
11673601,8192,1,1486715,99964988407,144779774757
11681793,8192,1,1497379,99497295251,148322363259
11689985,8192,1,1555675,99583756838,144465181993
11698177,8192,1,1526425,99975239456,141773342169
11706369,8192,1,1506885,100205850486,198779902462
11714561,8192,1,1417140,100076759648,204346662459
11722753,8192,1,1419327,100185239943,176006573091
11730945,8192,1,1535326,99752558396,151814001294
11739137,8192,1,1475350,100121062315,145216318387
11747329,8192,1,1462315,100110564487,146453202309
11755521,8192,1,1607984,100218708518,146890167550
11763713,8192,1,1561092,100091344980,145000228008
11771905,8192,1,1634365,99974635368,140095653527
11780097,8192,1,1611463,100152909187,146887574765
11788289,8192,1,1659488,100051303446,142005591279
11796481,8192,1,1665774,99976385541,140500940275
11804673,8192,1,1595345,99986758305,140865899785
11812865,8192,1,1524046,99728316562,141939332784
11821057,8192,1,1641213,100165414493,147294372974
11829249,8192,1,1680031,99908869524,143439330789
11837441,8192,1,1612325,99880712091,145490574276
11845633,8192,1,1614251,99971067648,145978427501
11853825,8192,1,1556277,99978320446,145849452002
11862017,8192,1,1512954,100017672279,146423794603
11870209,8192,1,1549037,99886206895,144804780909
11878401,8192,1,1571428,100164009970,147199817889
11886593,8192,1,1668305,100312517315,145717027890
11894785,8192,1,1682065,100025730811,148731830524
11902977,8192,1,1570310,100112225843,149943136258
11911169,8192,1,1644933,100154217941,148789230984
11919361,8192,1,1656821,100207884794,147070655753
11927553,8192,1,1582493,100126425907,145215629583
11935745,8192,1,1521475,100167079312,147548289911
11943937,8192,1,1521683,100388045346,152763001694
11952129,8192,1,1489299,99966830319,157920941971
11960321,8192,1,1544635,100287189976,151995448234
11968513,8192,1,1561452,100362822758,151605875953
11976705,8192,1,1547967,99807104865,154607991804
11984897,8192,1,1485163,100423627141,150070274606
11993089,8192,1,1491502,100554250927,149453448281
12001281,8192,1,1511597,100501602390,148537110057
12009473,8192,1,1613129,100389557491,151422880722
12017665,8192,1,1618139,100182492628,150723340677
12025857,8192,1,1670231,100793818551,144587005912
12034049,8192,1,1618179,100973456970,148471328672
12042241,8192,1,1636290,100626663293,148980651726
12050433,8192,1,1664045,100791135270,145077869882
12058625,8192,1,1614383,100610086286,143813811174
12066817,8192,1,1626536,100553630407,144394888290
12075009,8192,1,1627135,100664025896,149038129282
12083201,8192,1,1538091,100839562356,149044606264
12091393,8192,1,1630555,100752831001,143081191740
12099585,8192,1,1633198,100611408516,149428871804
12107777,8192,1,1693381,100714695598,147562710782
12115969,8192,1,1640460,100682351254,150221585045
12124161,8192,1,1538108,100693050780,151970176681
12132353,8192,1,1528903,100580839188,155524404531
12140545,8192,1,1638145,100567752635,153863633350
12148737,8192,1,1686577,100662518085,174209037942
12156929,8192,1,1700547,100764775287,168986001513
12165121,8192,1,1713298,100590983304,169107976089
12173313,8192,1,1558439,100652606920,163788531287
12181505,8192,1,1598931,100706966213,163178948909
12189697,8192,1,1658474,100768276142,156897886740
12197889,8192,1,1637377,100917775639,157363374670
12206081,8192,1,1654920,100978253443,156701185797
12214273,8192,1,1653938,101056372273,156247546289
12222465,8192,1,1558132,101083378473,163449764809
12230657,8192,1,1706312,101058340035,169572268188
12238849,8192,1,1767076,101153617321,162633725752
12247041,8192,1,1547107,101156385394,169150978199
12255233,8192,1,1807586,101213455045,158725070406
12263425,8192,1,1827918,101340557214,156941638454
12271617,8192,1,1812421,101225928616,159936342268
12279809,8192,1,1929005,102065174460,152840035268
12288001,8192,1,1974887,113736085303,175552546667
12296193,8192,1,2023402,120815230694,189772296646
12304385,8192,1,1812523,120875986075,191428956998
12312577,8192,1,1728126,121038645094,203238590746
12320769,8192,1,1828550,120484717452,200181080029
12328961,8192,1,1856686,120211855092,201133153818
12337153,8192,1,1960808,120130384288,189258030502
12345345,8192,1,1834647,120407730128,195981828575
12353537,8192,1,1789128,120394301428,202813255496
12361729,8192,1,1845221,120562860077,203142304389
12369921,8192,1,1928680,120791685995,198890275614
12378113,8192,1,1897871,120919218796,198715470812
12386305,8192,1,1956011,121273660873,197412086752
12394497,8192,1,2024916,121410961017,191490310825
12402689,8192,1,2206937,120878046089,189698336604
12410881,8192,1,2161590,121219190569,179840399538
12419073,8192,1,2154173,120712639060,175113155495
12427265,8192,1,2025421,121107996489,192527469235
12435457,8192,1,1919756,121298892011,190747094959
12443649,8192,1,1849268,121098408850,197787511486
12451841,8192,1,1841994,121305918840,201762353407
12460033,8192,1,1812728,121289513405,194308296214
12468225,8192,1,1836821,121131924561,208202502584
12476417,8192,1,1847130,121013257890,202371519989
12484609,8192,1,1726342,121110215473,201279595941
12492801,8192,1,1565797,121227551605,203042379521
12500993,8192,1,1661227,120989838462,198220879668
12509185,8192,1,1657744,121397791130,196794126279
12517377,8192,1,1686415,120881512313,195113908662
12525569,8192,1,1635921,121020595616,190326715950
12533761,8192,1,1638295,120828007952,196690900896
12541953,8192,1,1630729,121115033416,199466374042
12550145,8192,1,1669238,121350515963,197348854349
12558337,8192,1,1606500,120840646922,190355584016
12566529,8192,1,1705647,120843737763,203261469541
12574721,8192,1,1593840,120738844726,202867659386
12582913,8192,1,1428541,118845017866,199086252887
12591105,8192,1,1527605,119581549488,203493208535
12599297,8192,1,1538160,121177086792,201693041731
12607489,8192,1,1544054,120921611838,202519859373
12615681,8192,1,1489350,121042433482,201337912862
12623873,8192,1,1435704,119449851412,200342205872
12632065,8192,1,1452687,118027659375,200172489360
12640257,8192,1,1546021,120587022943,199381822820
12648449,8192,1,1522355,120371457890,199150243984
12656641,8192,1,1515099,120323786912,198541934008
12664833,8192,1,1463056,119801520354,196251589167
12673025,8192,1,1336569,117778012653,195598744085
12681217,8192,1,1523979,120492919264,205053527213
12689409,8192,1,1641347,120800581446,209968552957
12697601,8192,1,1517616,120209411085,204594901411
12705793,8192,1,1572885,120784865947,202302230893
12713985,8192,1,1443041,119223702600,201275449676
12722177,8192,1,1560503,118711360145,201487461923
12730369,8192,1,1710200,120752573783,210776078425
12738561,8192,1,1525513,120574020911,199513255623
12746753,8192,1,1545180,120340259097,198988011336
12754945,8192,1,1491209,119617730910,196844491317
12763137,8192,1,1419517,119567393503,201015362234
12771329,8192,1,1443602,118754868552,203815367992
12779521,8192,1,1749998,120716159388,186630834613
12787713,8192,1,1637823,120792717738,192411588110
12795905,8192,1,1547938,120670804712,193290542679
12804097,8192,1,1433400,119784397229,196290366675
12812289,8192,1,1468640,119538963045,194199049248
12820481,8192,1,1536022,121005829418,194420631417
12828673,8192,1,1544028,120698206806,196496085197
12836865,8192,1,1619752,120820573618,198098558643
12845057,8192,1,1531456,120973407095,193549032881
12853249,8192,1,1483024,120987635474,189440001849
12861441,8192,1,1519507,120664198995,200928983942
12869633,8192,1,1543637,120610778641,210698035967
12877825,8192,1,1551096,121002511251,209591466668
12886017,8192,1,1516209,121052750886,208023726444
12894209,8192,1,1517293,120791191879,214015631753
12902401,8192,1,1553524,121085055387,211496531427
12910593,8192,1,1693757,121300295216,208390422756
12918785,8192,1,1672044,121340799798,202251804204
12926977,8192,1,1655404,120941956310,204113195503
12935169,8192,1,1569906,120926210670,204819222335
12943361,8192,1,1540925,121105298293,211286867707
12951553,8192,1,1641688,121015559738,204260631056
12959745,8192,1,1563783,120859188337,205862067906
12967937,8192,1,1512297,121685096229,200669887974
12976129,8192,1,1516976,126805399318,203305168187
12984321,8192,1,1530715,126881112753,209858600799
12992513,8192,1,1500023,126849103803,209933208535
13000705,8192,1,1525062,126762365924,195723504121
13008897,8192,1,1570898,126628575442,199200883138
13017089,8192,1,1515070,126715629496,201395569771
13025281,8192,1,1491295,126737597201,194152030911
13033473,8192,1,1399447,126800876454,198043583306
13041665,8192,1,1612103,126573305644,200515394160
13049857,8192,1,1564889,126570069748,202554543652
13058049,8192,1,1549927,126511290892,204630502838
13066241,8192,1,1574840,126648398482,207155651511
13074433,8192,1,1517669,127023106100,208892567867
13082625,8192,1,1555248,127201822791,209499033801
13090817,8192,1,1556053,126522950159,203656224892
13099009,8192,1,1504861,126490789213,204211016325
13107201,8192,1,1482066,126504578382,200754201501
13115393,8192,1,1426374,126482546404,190387361224
13123585,8192,1,1422652,126575548760,194972236324
13131777,8192,1,1500669,126501919615,200036584627
13139969,8192,1,1580952,126501645806,196262366771
13148161,8192,1,1572191,126580580822,185040138341
13156353,8192,1,1502663,126435071350,173108498835
13164545,8192,1,1495807,126867900914,179175346911
13172737,8192,1,1485620,126758082578,186100274006
13180929,8192,1,1624283,126445008957,190423643230
13189121,8192,1,1487793,126454067159,181334097360
13197313,8192,1,1590087,126448018907,193043614215
13205505,8192,1,1603957,126508967574,206134542670
13213697,8192,1,1515619,126648476624,209271654816
13221889,8192,1,1594506,126480910175,203045721276
13230081,8192,1,1571457,126542193961,207538500614
13238273,8192,1,1535402,126591571689,201214892542
13246465,8192,1,1493317,126453218947,191207111220
13254657,8192,1,1432522,126495905368,206692848236
13262849,8192,1,1488041,126602949682,206546578829
13271041,8192,1,1487836,126367437642,195901247376
13279233,8192,1,1482494,126265843066,203880655251
13287425,8192,1,1540706,126290664704,201514500990
13295617,8192,1,1431213,126416230124,203742674810
13303809,8192,1,1381642,126377743039,200075656487
13312001,8192,1,1425200,126414184386,196075058891
13320193,8192,1,1446442,126433497478,200593974619
13328385,8192,1,1451568,126525699709,200583372603
13336577,8192,1,1488450,126443773151,191536727573
13344769,8192,1,1448829,126470974452,210698954028
13352961,8192,1,1435386,126473514687,207736108969
13361153,8192,1,1537204,126540746888,196826065783
13369345,8192,1,1706359,126382828597,198723589158
13377537,8192,1,1739316,126452726028,198096708866
13385729,8192,1,1559597,126463514796,199064684135
13393921,8192,1,1464328,126468436719,206847909479
13402113,8192,1,1527548,126619040869,196480418235
13410305,8192,1,1540567,126512649425,200515047318
13418497,8192,1,1579041,126657363768,196862361848
13426689,8192,1,1652004,126401984278,192257731342
13434881,8192,1,1484258,126375922545,205804059059
13443073,8192,1,1553385,126524177526,214562179138
13451265,8192,1,1545506,126393109813,203226624691
13459457,8192,1,1617660,126509408506,207658898553
13467649,8192,1,1617160,126539220161,204776687849
13475841,8192,1,1597888,126604477600,207083889447
13484033,8192,1,1607554,126579892965,208243044728
13492225,8192,1,1693151,126510267086,205282023675
13500417,8192,1,1730955,126614551074,196125131738
13508609,8192,1,1907030,126451741784,190949593135
13516801,8192,1,1860726,126544257334,198735123644
13524993,8192,1,1743498,126502399379,197213340467
13533185,8192,1,1699555,126537553304,199351576380
13541377,8192,1,1797680,126444001381,200658181951
13549569,8192,1,1806412,126438385106,209842264067
13557761,8192,1,1726244,126479692212,206605418046
13565953,8192,1,1638285,126346564082,209746656244
13574145,8192,1,1634714,126449381758,223976544462
13582337,8192,1,1718939,126525685269,202914514750
13590529,8192,1,1768713,126417251634,201638951900
13598721,8192,1,1731576,126409827801,199756971832
13606913,8192,1,1714696,126194994571,198079750192
13615105,8192,1,1662689,126332832338,212818073829
13623297,8192,1,1659344,126354562546,203007023383
13631489,8192,1,1688326,126167088507,202872569600
13639681,8192,1,1740343,126358272138,210729561313
13647873,8192,1,1656537,126321177990,202411720456
13656065,8192,1,1504782,126229054599,210212158861
13664257,8192,1,1627117,126324235982,209841418008
13672449,8192,1,1617372,126397597617,201494478928
13680641,8192,1,1717682,126185351143,207667971543
13688833,8192,1,1681875,126418968592,208924275394
13697025,8192,1,1659942,126214234182,209189002141
13705217,8192,1,1493091,126442876345,207736244411
13713409,8192,1,1639977,126344852300,207546910187
13721601,8192,1,1637728,126406992783,198280542059
13729793,8192,1,1662768,126254851194,208294420541
13737985,8192,1,1572229,126483226636,210496618276
13746177,8192,1,1626524,126076081216,213600179599
13754369,8192,1,1809146,126386695047,221300136802
13762561,8192,1,1603948,126355692540,212891736216
13770753,8192,1,1713010,126362941154,220931445296
13778945,8192,1,1595162,126358123369,217152797199
13787137,8192,1,1503295,126594660549,211030910329
13795329,8192,1,1492449,126654128960,216733430838
13803521,8192,1,1550781,126482616958,213341252984
13811713,8192,1,1601370,126555088393,212480607887
13819905,8192,1,1499991,126600144015,211831313146
13828097,8192,1,1579600,126426324518,205959488046
13836289,8192,1,1451918,126589449884,219170447065
13844481,8192,1,1485911,126671407417,208068027181
13852673,8192,1,1510421,126431496750,204573013523
13860865,8192,1,1590569,126516589514,207312605712
13869057,8192,1,1615665,126504700303,211873841958
13877249,8192,1,1657339,126494229879,208479032882
13885441,8192,1,1530995,126632403991,216990054171
13893633,8192,1,1593121,126305831185,214344195268
13901825,8192,1,1594780,126628482611,199853511399
13910017,8192,1,1574979,126512975265,206622925245
13918209,8192,1,1528537,126494511250,223044890307
13926401,8192,1,1485566,126581521439,214824175725
13934593,8192,1,1516224,126693079215,217250374070
13942785,8192,1,1526924,126579720747,208770393077
13950977,8192,1,1595071,126529604427,222891419693
13959169,8192,1,1523136,126501530450,220043750857
13967361,8192,1,1498767,126596003961,216527110892
13975553,8192,1,1406922,126595942080,203067944698
13983745,8192,1,1599497,126504388876,201569109806
13991937,8192,1,1623488,126638294462,208959967790
14000129,8192,1,1622392,126578067124,206193328496
14008321,8192,1,1539581,126538188694,200076773528
14016513,8192,1,1479134,126565197225,221911997376
14024705,8192,1,1502447,126588974527,213424495595
14032897,8192,1,1478763,126487822388,213158908777
14041089,8192,1,1533746,126627724761,213786408530
14049281,8192,1,1519738,126594957346,211210020417
14057473,8192,1,1519493,126528476406,216106382576
14065665,8192,1,1378968,126547954984,203745896206
14073857,8192,1,1474826,126438035641,215553306412
14082049,8192,1,1461458,126597812191,215664293269
14090241,8192,1,1463314,126464976827,208931837660
14098433,8192,1,1441040,126385694310,208259438079
14106625,8192,1,1436453,126491228880,216893488160
14114817,8192,1,1496948,126733919140,216967326658
14123009,8192,1,1496987,126542528909,210537670287
14131201,8192,1,1452980,126436119407,215295257223
14139393,8192,1,1423186,126572325359,215270725353
14147585,8192,1,1569308,126563222552,223765674047
14155777,8192,1,1464535,126571618605,218546369893
14163969,8192,1,1479519,126524555259,217944663287
14172161,8192,1,1499313,126468901517,221823421320
14180353,8192,1,1565348,126623168177,216467488669
14188545,8192,1,1470830,126464552679,218677156533
14196737,8192,1,1400549,126494842685,219020351040
14204929,8192,1,1453105,126753079308,225659268033
14213121,8192,1,1460111,126568950512,213909877234
14221313,8192,1,1520459,126652167619,215426848761
14229505,8192,1,1499272,126638616386,220618316686
14237697,8192,1,1548944,126740822535,217576130094
14245889,8192,1,1633816,126506755658,231986328975
14254081,8192,1,1445619,126723848661,214095663597
14262273,8192,1,1431866,126541088768,213109644189
14270465,8192,1,1484052,126508469815,216703180514
14278657,8192,1,1449156,126566654615,217306480228
14286849,8192,1,1474927,126698119621,222111693550
14295041,8192,1,1393083,126635507728,220490526443
14303233,8192,1,1469593,126594053976,214045376614
14311425,8192,1,1512033,126538804256,217911890630
14319617,8192,1,1481371,126576921156,220178919051
14327809,8192,1,1430169,126566265060,220378202181
14336001,8192,1,1419150,126722723223,217377513877
14344193,8192,1,1480284,126435774983,223688736787
14352385,8192,1,1528548,126476867898,232670981915
14360577,8192,1,1546887,126808255314,233051976736
14368769,8192,1,1435509,126571790084,225656087344
14376961,8192,1,1386650,126499954858,227065703435
14385153,8192,1,1382223,126651656770,224505194364
14393345,8192,1,1488051,126664579673,223929123379
14401537,8192,1,1553934,126545677652,228893908471
14409729,8192,1,1634007,126563665151,220581012625
14417921,8192,1,1442200,126580746495,225560200644
14426113,8192,1,1413632,126478067233,234480853518
14434305,8192,1,1548109,126551840239,228490549456
14442497,8192,1,1470527,126615549801,229666276903
14450689,8192,1,1478434,126677467809,221939378905
14458881,8192,1,1458738,126597790863,221572927748
14467073,8192,1,1426514,126403031347,224810656395
14475265,8192,1,1482168,126709937913,229792714825
14483457,8192,1,1557468,126539321538,223574369874
14491649,8192,1,1470187,126437944162,222568337719
14499841,8192,1,1477967,126523369672,219794092494
14508033,8192,1,1465952,126535822834,244039531339
14516225,8192,1,1348724,126493420690,225950781439
14524417,8192,1,1408175,126557593458,223037547559
14532609,8192,1,1417407,126601214291,220425663274
14540801,8192,1,1453750,126608916838,219561769083
14548993,8192,1,1403369,126516523197,216763499203
14557185,8192,1,1395108,126600906242,229170591990
14565377,8192,1,1422523,126760302959,225051631002
14573569,8192,1,1419444,126405917316,217081278408
14581761,8192,1,1376103,126440498278,217250818562
14589953,8192,1,1432106,126608941369,221384862360
14598145,8192,1,1389518,126692065880,217481671435
14606337,8192,1,1325891,126592054869,228815596396
14614529,8192,1,1430620,126570249130,225876806085
14622721,8192,1,1640576,126530216669,227297399077
14630913,8192,1,1458194,126511255699,208556568421
14639105,8192,1,1452283,126394466641,220738190426
14647297,8192,1,1349319,126566104062,231641887581
14655489,8192,1,1452911,126604604446,224663012239
14663681,8192,1,1448499,126332373287,219791244239
14671873,8192,1,1483751,126448598311,226613753385
14680065,8192,1,1524626,126486693032,224009433789
14688257,8192,1,1527468,126545672360,224200270467
14696449,8192,1,1472173,126525431009,200698402358
14704641,8192,1,1419681,126533194875,216792241975
14712833,8192,1,1437270,126467171242,226622064858
14721025,8192,1,1512036,126367840991,224894996832
14729217,8192,1,1439500,126305664805,231528285914
14737409,8192,1,1387353,126409670149,230285361937
14745601,8192,1,1499311,126425130097,233701817540
14753793,8192,1,1558145,126172894422,233520018107
14761985,8192,1,1718804,126212903238,228960242357
14770177,8192,1,1717370,126029090030,231908233895
14778369,8192,1,1473904,126362945352,234502835478
14786561,8192,1,1449449,126492807622,244551040312
14794753,8192,1,1477860,126429514269,225322719303
14802945,8192,1,1512924,126383475179,228749803327
14811137,8192,1,1483765,126427560226,226652668134
14819329,8192,1,1469039,126465883445,217799766465
14827521,8192,1,1400910,126617871845,219032840637
14835713,8192,1,1464190,126577008600,220564241573
14843905,8192,1,1463597,126488966318,211441439225
14852097,8192,1,1435958,126350436560,210191799436
14860289,8192,1,1428608,126334006669,213166171548
14868481,8192,1,1442830,126593504235,218602578772
14876673,8192,1,1444089,126454820297,204695426773
14884865,8192,1,1489984,126427635219,202747655520
14893057,8192,1,1459687,126567897831,201527568988
14901249,8192,1,1429581,126389935326,196731837835
14909441,8192,1,1388421,126535790245,200407426926
14917633,8192,1,1472067,126496416288,199070375088
14925825,8192,1,1441937,126455027935,202905862930
14934017,8192,1,1444164,126497768001,194078914352
14942209,8192,1,1483479,126356513150,198573261030
14950401,8192,1,1440249,126385110650,220859998694
14958593,8192,1,1526412,126307268112,222259782313
14966785,8192,1,1552881,126293740397,226236337637
14974977,8192,1,1547396,126094740945,218746876144
14983169,8192,1,1536599,126211707939,212368508123
14991361,8192,1,1489033,126224000392,226190365862
14999553,8192,1,1453488,126264788639,220377042090
15007745,8192,1,1511797,126501254834,213694101078
15015937,8192,1,1503036,126279848457,215008186054
15024129,8192,1,1519956,126405073088,215291394073
15032321,8192,1,1423112,126368472028,199511254902
15040513,8192,1,1514298,126447574509,212885209545
15048705,8192,1,1540708,126248790503,206349522942
15056897,8192,1,1512494,126305588741,218111663901
15065089,8192,1,1499260,126337822141,211970084241
15073281,8192,1,1452264,126555139864,209829437197
15081473,8192,1,1479484,126496906125,208760192627
15089665,8192,1,1488701,126582720631,207264932891
15097857,8192,1,1503925,126385361299,205673220542
15106049,8192,1,1479703,126275675270,203869806474
15114241,8192,1,1487831,126443159552,207772585794
15122433,8192,1,1451943,126750094045,202770973166
15130625,8192,1,1432546,126356114172,204592862782
15138817,8192,1,1498517,126157841850,208153980089
15147009,8192,1,1502133,126486746806,208812022465
15155201,8192,1,1580935,126483403980,212055355400
15163393,8192,1,1575190,126219434040,214078842127
15171585,8192,1,1536284,126327883878,211929868927
15179777,8192,1,1488705,126401251390,211325998478
15187969,8192,1,1535856,126380404561,212493435996
15196161,8192,1,1502255,126340565283,215248816552
15204353,8192,1,1457865,126470528973,214044313922
15212545,8192,1,1475951,126706209220,218217529752
15220737,8192,1,2099730,126390140428,235469141858
15228929,8192,1,1507534,126385341833,218306459406
15237121,8192,1,1532314,126415790802,219764906425
15245313,8192,1,1492981,126326458992,218504979327
15253505,8192,1,1473283,126472813488,220734474620
15261697,8192,1,1660048,126534594704,227815576084
15269889,8192,1,1600297,126589300886,229388014927
15278081,8192,1,1808125,126391955349,233617826036
15286273,8192,1,1509403,126411630842,218193084860
15294465,8192,1,1492102,126503841855,223460584098
15302657,8192,1,1481006,126879977162,218770867693
15310849,8192,1,1455573,126338823947,216599109352
15319041,8192,1,1468523,126384171157,212116799996
15327233,8192,1,1455118,126452603869,209669454587
15335425,8192,1,1428014,126484960125,215058322776
15343617,8192,1,1414560,126583909748,213847971575
15351809,8192,1,1433222,126370246098,208416335968
15360001,8192,1,1438656,126724972455,215224313591
15368193,8192,1,1422503,126526502925,208641707061
15376385,8192,1,1417976,126364437949,212792960986
15384577,8192,1,1424419,126656766137,218155926205
15392769,8192,1,1381472,126593536534,206912780973
15400961,8192,1,1366854,126560232721,207713038150
15409153,8192,1,1391499,126696531231,213388778992
15417345,8192,1,1408332,126595281337,206228007849
15425537,8192,1,1382698,126492112406,211258769261
15433729,8192,1,1361048,126653338550,207011392362
15441921,8192,1,1392230,126508621863,205137905555
15450113,8192,1,1350466,126393470273,201747991514
15458305,8192,1,1425866,126500624148,204953241203
15466497,8192,1,1388874,126680471683,202956682263
15474689,8192,1,1432354,126763626150,210057492829
15482881,8192,1,1439442,126625747723,208014917150
15491073,8192,1,1418575,126514564670,211722238476
15499265,8192,1,1399446,126591544745,201254803132
15507457,8192,1,1421860,126366550708,209279053061
15515649,8192,1,1386719,126711988256,215938977201
15523841,8192,1,1434635,126473241960,206910205374
15532033,8192,1,1480058,126415568321,211531420617
15540225,8192,4702882,1539317,126223755357,209678479743
15548417,8192,4711204,1549433,125266962992,213708421582
15556609,8192,4719481,1506999,125314419131,219025473787
15564801,8192,4727753,1326511,125385512822,214337066682
15572993,8192,4736026,1301225,125359407921,210988758657
15581185,8192,4744366,1298022,125291818536,207494540473
15589377,8192,4752640,1292103,125493083866,213075533649
15597569,8192,4760873,1269576,125171890894,208412444586
15605761,8192,4769097,1281934,125158789139,213227227437
15613953,8192,4777324,1266483,125184058805,207641517411
15622145,8192,4785575,1310843,125352153039,209854302209
15630337,8192,4793834,1350424,125402191477,210730248750
15638529,8192,4802063,1271916,125290664131,207125322180
15646721,8192,4810311,1382229,125417435852,202086966465
15654913,8192,4818560,1341844,125241377890,207736730754
15663105,8192,4826793,1338871,125235624379,215934573738
15671297,8192,4835033,1473498,125267623539,194121499177
15679489,8192,4843307,1341943,125238576083,208143396747
15687681,8192,4851548,1358945,125339300495,212910446942
15695873,8192,4859783,1366233,125332552702,204707222408
15704065,8192,4868035,1366939,125309608945,207219978195
15712257,8192,4876269,1258668,125580844155,169193325801
15720449,8192,4884504,1269011,125586649741,182389755403
15728641,8192,4892734,1290568,125336795671,202479812271
15736833,8192,4900965,1218505,125671533571,197646368927
15745025,8192,4909209,1270641,125186719880,210691206775
15753217,8192,4917440,1222591,125621248902,202042308892
15761409,8192,4925676,1136071,125642950151,200916909120
15769601,8192,4933927,1207034,125446738312,207545652549
15777793,8192,4942152,1230057,125167110607,196874411773
15785985,8192,4950396,1236387,125097758007,201693031954
15794177,8192,4958625,1304488,125171471581,206397047593
15802369,8192,4966858,1224835,125188882612,204957389116
15810561,8192,4975086,1104271,125176226874,207358891776
15818753,8192,4983340,1191983,125462451283,210746347571
15826945,8192,4991606,1208452,124895221202,208112385849
15835137,8192,4999843,1258925,124696117492,211921439664
15843329,8192,5008082,1266737,124905141764,213161238808
15851521,8192,5016328,1181380,124808204719,205123438056
15859713,8192,5024572,1181075,124913583891,210217304334
15867905,8192,5032801,1198642,124853581395,210066230071
15876097,8192,5041067,1256946,124485974258,207037661919
15884289,8192,5049305,1185695,124420511601,210709999641
15892481,8192,5057550,1237468,124320433939,204521819886
15900673,8192,5065779,1160265,124212174085,213001560154
15908865,8192,5074016,1058092,124650352681,209195040506
15917057,8192,5082245,1154274,124317182853,210037536637
15925249,8192,5090476,1267752,124214048769,212628331007
15933441,8192,5098721,1375306,124264129443,223750152310
15941633,8192,5106967,1389702,123940720851,224483537141
15949825,8192,5115210,1290366,124034382029,220386543467
15958017,8192,5123438,1173643,124359427972,225273856851
15966209,8192,5131663,1310249,124224713160,234866160540
15974401,8192,5139899,1340522,124099640351,234005974439
15982593,8192,5148147,1235970,124322924690,223523315725
15990785,8192,5156389,1283371,124198929531,221200715623
15998977,8192,5164630,1225813,124186386101,219155211234
16007169,8192,5172864,1052847,124623074343,211351370719
16015361,8192,5181097,1052959,124493600992,225463326049
16023553,8192,5189331,1090688,124243013279,226064859448
16031745,8192,5197584,1104026,124381451256,220913404641
16039937,8192,5205840,1123041,124395808586,218711274190
16048129,8192,5214078,1134623,124830620768,220156741167
16056321,8192,5222314,1125502,124617193118,226445021253
16064513,8192,5230552,1010762,124683765373,228147981289
16072705,8192,5238780,1246034,124333477118,226228209001
16080897,8192,5247021,1178575,124260753374,231782508169
16089089,8192,5255267,1123580,124306431578,226314035851
16097281,8192,5263499,1140851,124439942230,222928501416
16105473,8192,5271733,1161857,124361331384,223463417757
16113665,8192,5279979,1109178,124669356777,229063111627
16121857,8192,5288231,1162628,124391196480,222769202006
16130049,8192,5296473,1180458,124399949367,221112697399
16138241,8192,5304780,1078802,124660642804,218405057155
16146433,8192,5313022,1399504,124480225073,235171700312
16154625,8192,5321262,1831486,124194901488,264679605028
16162817,8192,5329495,1289430,124612317459,247322851453
16171009,8192,5337741,1315758,124340884409,232388223350
16179201,8192,5345985,1305539,124066232016,237253254047
16187393,8192,5354220,1237219,124237008425,231564687367
16195585,8192,5362459,1242340,124164031098,227630933308
16203777,8192,5370696,1298513,123955699854,231988210149
16211969,8192,5378936,1110066,124443582796,238580008978
16220161,8192,5387165,1089412,124386084913,225085099602
16228353,8192,5395399,1161951,123977256702,223849690606
16236545,8192,5403630,1168807,124125228021,229410520607
16244737,8192,5411850,1131902,124288779632,230481640758
16252929,8192,5420067,1149718,124332292810,242438852304
16261121,8192,5428297,1006443,124925233758,253442179578
16269313,8192,5436528,1004179,124695474779,231832423488
16277505,8192,5444770,1149822,124398327669,232786185679
16285697,8192,5452994,1133861,124278260394,236082982578
16293889,8192,5461230,1092288,124265714717,238062908798
16302081,8192,5469460,1072509,124403719165,243395240045
16310273,8192,5477688,941325,124731511962,261254657502
16318465,8192,5485913,882467,124766784923,227233930839
16326657,8192,5494140,1064365,124413151568,223549975059
16334849,8192,5502372,1203661,124227087257,225388864209
16343041,8192,5510610,1295735,124036901019,235781777988
16351233,8192,5518848,1181661,124111787777,227309579092
16359425,8192,5527079,1079067,124533103336,247436030422
16367617,8192,5535309,1377208,124373927230,248941525378
16375809,8192,5543539,1202265,124039788633,248943135781
16384001,8192,5551774,1240571,124100331466,231177678584
16392193,8192,5560023,1251207,124003722518,234676946585
16400385,8192,5568264,1239850,124052994132,227484251901
16408577,8192,5576488,1265814,123867348059,244467702281
16416769,8192,5584742,1147721,124148195400,244631225501
16424961,8192,5592977,1192692,124003358239,245911308707
16433153,8192,5601200,1188570,124166203859,233556602539
16441345,8192,5609436,1214158,123872046169,239677928429
16449537,8192,5617666,1166299,124245007447,227936329937
16457729,8192,5625902,1176755,123985010086,246167296718
16465921,8192,5634141,1029846,124556794423,234589625600
16474113,8192,5642371,1087223,124368765692,227529657763
16482305,8192,5650601,1173116,124180458932,228989909750
16490497,8192,5658845,1158866,124219659457,231932499564
16498689,8192,5667082,1248259,124168429071,237221387872
16506881,8192,5675313,1170549,124282739423,235295179138
16515073,8192,5683551,1131564,124390215662,231590004512
16523265,8192,5691780,1225728,123979933211,234033824178
16531457,8192,5700013,1233882,124053338198,231178906347
16539649,8192,5708260,1211444,123988503328,239333290922
16547841,8192,5716525,1256586,123922282104,227039744023
16556033,8192,5724762,1230919,124009051113,227332658765
16564225,8192,5732991,1239040,124028389925,238353030796
16572417,8192,5741223,1226880,123982832351,233723418350
16580609,8192,5749471,1296813,123813847300,226296029798
16588801,8192,5757729,1266771,123805018180,229125784039
16596993,8192,5765970,1247419,123939513129,234654824478
16605185,8192,5774205,1147285,124058090877,237146284433
16613377,8192,5782440,1084123,124251855466,234110746898
16621569,8192,5790686,1209663,124076116461,234251263576
16629761,8192,5798933,1278174,124175952832,230575993292
16637953,8192,5807177,1330708,123602214180,220137245048
16646145,8192,5815423,1279631,123702477060,230818950002
16654337,8192,5823744,1183021,123877292698,235531045690
16662529,8192,5832032,1132813,124094677752,250512040787
16670721,8192,5840313,1209310,123989450841,244511848612
16678913,8192,5848599,1253099,123926563458,238831873079
16687105,8192,5856905,1251013,124004103042,238157922808
16695297,8192,5865191,1245742,123923427248,228400803896
16703489,8192,5873502,1235602,124080283695,245026522576
16711681,8192,5881803,1135044,124299971638,252630078083
16719873,8192,5890089,1154719,124214204463,241883887589
16728065,8192,5898362,1210401,123956363401,237541382438
16736257,8192,5906658,1246107,123945396983,227952052466
16744449,8192,5914960,1250768,123917230336,234770034668
16752641,8192,5923268,1232077,123922994202,234539068049
16760833,8192,5931557,1101217,124016467187,231046295634
16769025,8192,5939852,1115077,123940593590,225340853968
16777217,8192,5948143,1203820,123946925971,223870272013
16785409,8192,5956437,1190451,123833585470,224607305420
16793601,8192,5964730,1192548,123749498190,218229688772
16801793,8192,5973054,1222847,123956529365,232073812466
16809985,8192,5981358,1158585,123615753440,235630097898
16818177,8192,5989636,1190257,123880766762,240371006993
16826369,8192,5997923,1315502,124066841094,233778776886
16834561,8192,6006221,1280191,123785793744,226552891598
16842753,8192,6014515,1218102,123790540045,224410804580
16850945,8192,6022798,1219963,123930827780,232850146410
16859137,8192,6031084,1161119,123958338109,244978827447
16867329,8192,6039371,1171240,124129112556,242565384849
16875521,8192,6047642,1267203,123879852147,240768854560
16883713,8192,6055930,1262897,123950930417,240268112783
16891905,8192,6064228,1232554,123924166484,233081009781
16900097,8192,6072508,1261532,123799373290,232645548710
16908289,8192,6080793,1204241,123697797710,246467639064
16916481,8192,6089077,1166469,123872500417,276548571734
16924673,8192,6097362,1313286,123887439402,252350459956
16932865,8192,6105654,1318114,123736211580,245655701107
16941057,8192,6113948,1371249,123781285971,264361516627
16949249,8192,6122230,1324221,123851146021,243894135442
16957441,8192,6130520,1201645,123770774514,268022190135
16965633,8192,6138828,1130553,124115291400,268294096619
16973825,8192,6147196,1206396,123973096845,254401177754
16982017,8192,6155571,1296153,123799597728,246788638441
16990209,8192,6163998,1245876,123829143218,249313958786
16998401,8192,6172357,1236370,123949207012,260431177694
17006593,8192,6180713,1095386,124186445686,256882485412
17014785,8192,6189078,1097696,124373036821,283909876596
17022977,8192,6197431,1184850,124038711706,257994844797
17031169,8192,6205770,1232776,123930837647,256780573408
17039361,8192,6214644,1316623,123920763300,257365729583
17047553,8192,6223141,1373527,123682150949,249431252272
17055745,8192,6231549,1236837,124174335358,251325848497
17063937,8192,6239930,1008710,124612817560,243187035369
17072129,8192,6248275,1183210,123779206831,222704380570
17080321,8192,6256608,1260658,123645465790,218317951189
17088513,8192,6264965,1260278,123647922745,206241741712
17096705,8192,6273315,1195518,123606718765,222714411127
17104897,8192,6281580,1014510,124351735830,228055313551
17113089,8192,6289852,998796,124202567206,222180582233
17121281,8192,6298121,1079273,124077209846,217920173521
17129473,8192,6306398,1108894,124161798539,232344060245
17137665,8192,6314693,1094899,124246637405,235602079893
17145857,8192,6322984,1150300,124075434998,232273751383
17154049,8192,6331276,1053151,124293347868,231868056396
17162241,8192,6339552,1116778,123894911874,224098980457
17170433,8192,6347847,1259515,123549394465,219618873515
17178625,8192,6356141,1302281,123514410067,212710800226
17186817,8192,6364447,1268222,123677502767,214478820552
17195009,8192,6372722,1334072,123586995334,203692469737
17203201,8192,6381005,1375665,123325720760,191513584614
17211393,8192,6389309,1269359,123489821555,199512481593
17219585,8192,6397595,1316145,123397475306,206190710977
17227777,8192,6405886,1281602,123525891650,211331518208
17235969,8192,6414187,1256380,123586573657,220542974426
17244161,8192,6422571,1265659,123572520849,217128594250
17252353,8192,6431060,1227759,123671374561,234525904423
17260545,8192,6439423,1143861,123975679931,269171793407
17268737,8192,6447756,1247976,123689972357,248424017091
17276929,8192,6456078,1225854,123699524669,245082466697
17285121,8192,6464411,1200074,123686298402,280891242330
17293313,8192,6472712,1235586,123611194696,244076088392
17301505,8192,6481018,1244725,123809963167,246264342954
17309697,8192,6489326,1176759,123949583273,262167347612
17317889,8192,6497627,1224036,123535394964,252580619775
17326081,8192,6505936,1271485,123566158009,228371339415
17334273,8192,6514227,1213764,123611052485,249004259965
17342465,8192,6522521,1220033,123559546994,243080454865
17350657,8192,6530810,1190892,123706210400,271858427226
17358849,8192,6539086,1097182,123977816887,264483050012
17367041,8192,6547367,1232605,123526861260,239620809068
17375233,8192,6555668,1355447,123551402440,231040499088
17383425,8192,6563975,1256364,123670066137,248362723056
17391617,8192,6572280,1227341,123601410945,242038696792
17399809,8192,6580587,1246478,123797697040,261009822526
17408001,8192,6588914,1123000,124044778310,273084253305
17416193,8192,6597245,1269906,123743510946,273662546801
17424385,8192,6605563,1290349,123571782475,264942475994
17432577,8192,6613884,1215614,123977234268,262633022677
17440769,8192,6622203,1142107,124116885794,247577693880
17448961,8192,6630518,1318220,123834754157,274871034149
17457153,8192,6638828,1371127,124366947124,277826360567
17465345,8192,6647132,1139240,124284630535,297534795052
17473537,8192,6655432,1118499,124036532288,274109144025
17481729,8192,6663738,1167236,123974272274,264200775360
17489921,8192,6672036,1269205,123713974467,271522138865
17498113,8192,6680314,1278229,123781928256,268765982574
17506305,8192,6688575,1097821,124418769032,270638947817
17514497,8192,6696852,1200669,124340518916,266121044832
17522689,8192,6705139,1244132,123969649458,245501013173
17530881,8192,6713412,1254698,123801937893,279785573524
17539073,8192,6721698,1202255,123775890332,254058952688
17547265,8192,6729991,1183886,124107681984,266111525825
17555457,8192,6738288,1142197,124416112644,279363583426
17563649,8192,6746591,1094662,124391082754,286866578693
17571841,8192,6754910,1243595,124011718560,279209053209
17580033,8192,6763173,1246138,123656872333,262942809982
17588225,8192,6771437,1220773,123600570876,255647984974
17596417,8192,6779714,1285195,123589648360,245488847798
17604609,8192,6788002,1127444,123962367108,276269979793
17612801,8192,6796294,1108831,124051288689,282785512454
17620993,8192,6804576,1218492,123776521297,285042027182
17629185,8192,6812859,894478,125317003080,203325873388
17637377,8192,6821141,1009584,124520012251,204929022020
17645569,8192,6829423,1188604,123540108721,259647171810
17653761,8192,6837721,1145572,123736105560,268470490756
17661953,8192,6846009,1121758,123823005628,276457665562
17670145,8192,6854313,1256352,123679748158,278143297107
17678337,8192,6862607,1224990,123816739190,288854755289
17686529,8192,6870912,1264714,123654678978,263693529283
17694721,8192,6879202,1287665,123408708438,294617227322
17702913,8192,6887554,1098212,123991774872,290136137921
17711105,8192,6895845,1108258,123788035887,306828795055
17719297,8192,6904113,1232852,123693345817,288338096383
17727489,8192,6912402,1335960,123472687664,251029716380
17735681,8192,6920655,1213157,123578980328,275388673180
17743873,8192,6928910,1277573,123594496185,272281287112
17752065,8192,6937162,1154856,123439317921,269729059361
17760257,8192,6945412,1122970,123725286457,307383306335
17768449,8192,6953662,1166718,123587905718,303992687930
17776641,8192,6961925,1169406,123654616772,330234763996
17784833,8192,6970175,1152283,123604124435,346664593743
17793025,8192,6978424,1170610,123601748165,280096649299
17801217,8192,6986678,1130078,123548526906,326991530511
17809409,8192,6994934,1130415,123727490035,424985582703
17817601,8192,7003174,1191194,123693477330,331786371041
17825793,8192,7011410,1219535,123557826561,316400484600
17833985,8192,7019652,1204918,123575373732,301281265693
17842177,8192,7027902,1236320,123689649053,293632761087
17850369,8192,7036151,1265346,123558675615,293261138669
17858561,8192,7044407,1157496,123929573197,322092196569
17866753,8192,7052664,1183951,123658814084,290482288157
17874945,8192,7060922,1278407,123642908245,288601434805
17883137,8192,7069180,1199199,123569105452,280042145534
17891329,8192,7077424,1204048,123571644886,282282577626
17899521,8192,7085686,1149470,123705192123,279173025457
17907713,8192,7093924,1069430,123938547216,290108491883
17915905,8192,7102175,1145941,123688977805,292444036954
17924097,8192,7110423,1199646,123514505273,253309895635
17932289,8192,7118675,1221132,123514220373,277562938194
17940481,8192,7126933,1231073,123559394968,265871218750
17948673,8192,7135190,1248894,123623668837,290644476722
17956865,8192,7143454,1099647,123889088349,293295370389
17965057,8192,7151711,1157411,123638299505,293249042745
17973249,8192,7159953,1181639,123578092102,284026995567
17981441,8192,7168195,1188780,123426270631,282004880691
17989633,8192,7176448,1200236,123591117988,279028528392
17997825,8192,7184717,1177795,123566501958,284554673668
18006017,8192,7192955,1067515,123979983927,320855187611
18014209,8192,7201216,1110139,123876347374,297018042393
18022401,8192,7209486,1173383,123559378879,276532343763
18030593,8192,7217747,1177056,123507968462,293902334520
18038785,8192,7226002,1151703,123568189717,290569685579
18046977,8192,7234267,1129441,123895897097,306652674788
18055169,8192,7242532,1212054,124049690052,306973372703
18063361,8192,7250786,1140613,123712356534,305426732001
18071553,8192,7259026,1107207,123998293126,299918165761
18079745,8192,7267303,1229221,123576941238,305362707244
18087937,8192,7275548,1158819,123656399105,297151902665
18096129,8192,7283810,1140087,123714074502,299428863567
18104321,8192,7292076,1035592,124064972672,312065495099
18112513,8192,7300337,1068455,124125573099,313230101751
18120705,8192,7308598,1231558,123782706356,326472482917
18128897,8192,7316868,1804705,123807268147,328408501008
18137089,8192,7325152,1220780,123755928993,279386418245
18145281,8192,7333463,1167260,123474759659,302217957228
18153473,8192,7341807,1040843,124077823347,314663094257
18161665,8192,7350157,1045352,124076331700,318086324666
18169857,8192,7358440,1155698,123804646559,315664892261
18178049,8192,7366694,1168029,123738642967,299790242796
18186241,8192,7374947,1287030,123844935174,305667629237
18194433,8192,7383221,1126547,123712845708,311917009193
18202625,8192,7391475,987425,124535109821,322116705700
18210817,8192,7399742,1012301,124231635810,322852274608
18219009,8192,7407987,1160175,123996504845,300514347754
18227201,8192,7416247,1234696,123502477845,305108852412
18235393,8192,7424510,1192308,123850914107,298297452068
18243585,8192,7432769,1181081,123639714052,311514755197
18251777,8192,7441011,1122330,123791286451,320918647329
18259969,8192,7449248,1057141,124005826008,318330367644
18268161,8192,7457480,1149776,123780189861,300513678172
18276353,8192,7465732,1138922,123825049322,314093835820
18284545,8192,7473976,1116748,123912936549,313224081855
18292737,8192,7482227,1127798,124011657362,330542038854
18300929,8192,7490473,1167190,123832281793,346592191182
18309121,8192,7498722,1053420,124124411697,349667513444
18317313,8192,7506978,1133163,123892826376,347840925068
18325505,8192,7515227,1132535,123963669651,381831240986
18333697,8192,7523497,1174914,123807898511,352410384334
18341889,8192,7531758,1150732,124008898402,312725117026
18350081,8192,7540010,1095754,124066570254,330774855279
18358273,8192,7548250,1031926,124293311968,321850486595
18366465,8192,7556485,1169850,123796488548,301622032576
18374657,8192,7564737,1137885,123763453499,309515105625
18382849,8192,7572992,1137153,123739979971,310291246283
18391041,8192,7581241,1196116,123696138160,286197779771
18399233,8192,7589493,1188419,123748760146,317962148754
18407425,8192,7597744,1130750,123806830257,304906301812
18415617,8192,7606005,1203397,123713240856,316100881179
18423809,8192,7614258,1257068,123661939920,284806772732
18432001,8192,7622531,1252621,123647146166,270390686446
18440193,8192,7630780,1205858,123608104486,292902473001
18448385,8192,7639025,1171536,123606480487,297069819768
18456577,8192,7647282,1184335,123687962207,301179516890
18464769,8192,7655550,1227707,123656285174,308478300334
18472961,8192,7663813,1284738,123601764262,293299568615
18481153,8192,7672060,1256303,123642445478,287419203937
18489345,8192,7680331,1195079,123543052072,283877893671
18497537,8192,7688594,1238864,123729824111,298110122721
18505729,8192,7696861,1182352,123593591406,309658613442
18513921,8192,7705129,1233586,123621916055,304697582890
18522113,8192,7713386,1230026,123625792489,290538787568
18530305,8192,7721624,1223627,123553925647,298400267630
18538497,8192,7729874,1290154,123671245630,279510806446
18546689,8192,7738125,1276381,123699036245,311037521750
18554881,8192,7746382,1246012,123733776212,342982154370
18563073,8192,7754631,1246486,123634151269,314166554914
18571265,8192,7762868,1219353,123672327030,293792603904
18579457,8192,7771127,1233808,123544543122,305827441924
18587649,8192,7779363,1254190,123650030852,297989861054
18595841,8192,7787617,1244508,123614833950,294417993800
18604033,8192,7795903,1259904,123713505259,325319874139
18612225,8192,7804160,1216570,123810115467,332636735425
18620417,8192,7812425,1282421,123680636979,292461721990
18628609,8192,7820683,1290295,123762052048,290626334642
18636801,8192,7828925,1329761,123624356896,318642837571
18644993,8192,7837197,1229232,123673332562,344479585684
18653185,8192,7845459,1124831,123722979147,356887038993
18661377,8192,7853721,1141839,123760941969,361204487342
18669569,8192,7861982,1276577,123643292573,309063136700
18677761,8192,7870232,1348989,123665435619,302544402797
18685953,8192,7878487,1292258,123614723053,288178455650
18694145,8192,7886739,1280894,123635445331,264713062190
18702337,8192,7894977,1370284,123674712258,322928587144
18710529,8192,7903249,1196262,123768009361,372833314974
18718721,8192,7911506,1315408,123701070991,298248989380
18726913,8192,7919763,1376836,123723517082,374277619849
18735105,8192,7928038,1294708,123852643029,358375753716
18743297,8192,7936310,1380152,123592761710,327842705703
18751489,8192,7944586,1294239,123792768243,411622397385
18759681,8192,7952835,1286704,123765852488,338393151352
18767873,8192,7961090,1233835,123872769832,389159799220
18776065,8192,7969343,1205041,123986510127,488629401286
18784257,8192,7977613,1310812,123933188174,450861019844
18792449,8192,7985880,1371731,123735994772,322469081821
18800641,8192,7994181,1231492,123976611447,315309182155
18808833,8192,8002461,1239882,123867437997,501181513131
18817025,8192,8010724,1294709,123735714868,356915398944
18825217,8192,8019018,1333260,123846313048,346134513630
18833409,8192,8027303,1475343,123747332848,337332078595
18841601,8192,8035559,1384494,123689349896,300793802268
18849793,8192,8043832,1323590,123619746748,325344941771
18857985,8192,8052126,1314599,123671843490,334005912160
18866177,8192,8060419,1273194,123657643737,326151692804
18874369,8192,8068684,1277332,123711691345,341692462322
18882561,8192,8076974,1321935,123658427466,314744686470
18890753,8192,8085252,1332345,123535674414,301439710483
18898945,8192,8093563,1248370,123739831742,330644704690
18907137,8192,8101832,1253229,123728100060,347860432252
18915329,8192,8110114,1266595,123781071763,357709261065
18923521,8192,8118398,1288376,123635147516,313366932026
18931713,8192,8126667,1252811,123705837334,294958223479
18939905,8192,8134951,1264747,123685039020,327832818612
18948097,8192,8143260,1204967,123815134928,423812948637
18956289,8192,8151644,1161537,124211789248,556615691868
18964481,8192,8159956,1256820,123969766721,450940574082
18972673,8192,8168234,1252926,123728441436,322466580670
18980865,8192,8176488,1415393,123858693129,277350919098
18989057,8192,8184767,1378115,123669387522,321152702836
18997249,8192,8193014,1385398,123764285378,318684327184
19005441,8192,8201259,2044815,123824739294,274735108225
19013633,8192,8209499,1454448,123669961183,305007876864
19021825,8192,8217728,1418905,123653695356,263175761020
19030017,8192,8225983,1368129,123782896509,274034881649
19038209,8192,8234228,1371339,123663808593,284289610397
19046401,8192,8242460,1304989,123701427919,305627051777
19054593,8192,8250694,1231354,123767425903,332575865676
19062785,8192,8259059,1276243,123815788056,353487791618
19070977,8192,8267362,1259116,123826364821,326052547395
19079169,8192,8275635,1244576,123691753909,325400592726
19087361,8192,8283896,1333438,123832840822,298062486618
19095553,8192,8292156,1339566,123691549401,313536252176
19103745,8192,8300438,1321099,123849518114,321080984367
19111937,8192,8308689,1260937,123793147462,343569427419
19120129,8192,8316948,1359851,123815115800,295789199449
19128321,8192,8325217,1314760,123666197796,293978368663
19136513,8192,8333493,1305248,123946920476,277446262567
19144705,8192,8341773,1266103,124104017949,294719999266
19152897,8192,8350064,1198093,124118652749,328098537039
19161089,8192,8358344,1230459,124206694754,322087159466
19169281,8192,8366622,1242437,124122790289,287781512537
19177473,8192,8374907,1340729,123989599941,265324997241
19185665,8192,8383182,1236760,123969611623,237927477040
19193857,8192,8391454,1222610,123806886071,219108261142
19202049,8192,8399735,1165655,124131985407,257001042243
19210241,8192,8408023,1140966,124274057934,292245158790
19218433,8192,8416275,1181096,124295618123,290922612944
19226625,8192,8424566,1297683,124266922414,279957729273
19234817,8192,8432837,1319023,124094997030,282464401193
19243009,8192,8441120,1360327,123910732432,270216853409
19251201,8192,8449406,1252019,124116392865,315553946861
19259393,8192,8457720,1260334,124142787832,302091026999
19267585,8192,8465991,1316043,124053267886,293343832635
19275777,8192,8474282,1309169,124018708984,283335445917
19283969,8192,8482572,1275841,124069272958,275416975289
19292161,8192,8490824,1305573,124069543469,259496982776
19300353,8192,8499067,1256213,124228260168,312886790650
19308545,8192,8507317,1263227,124254644406,324287903295
19316737,8192,8515576,1372672,124139191434,296859504781
19324929,8192,8523827,1383445,124230321106,290192603762
19333121,8192,8532090,1428299,124072932148,287851991750
19341313,8192,8540334,1378236,124230760063,274759077105
19349505,8192,8548571,1403329,124273109664,275830742825
19357697,8192,8556815,1360346,124388928610,293135007754
19365889,8192,8565049,1451538,124212199926,260948078925
19374081,8192,8573279,1456308,124187628104,261285805652
19382273,8192,8581515,1390404,124001805374,257107300752
19390465,8192,8589756,1406332,124183216259,265215458062
19398657,8192,8598061,1376343,124298522851,272025880935
19406849,8192,8606304,1323253,124203729016,278462811667
19415041,8192,8614553,1409825,124184434083,265935055658
19423233,8192,8622797,1407012,124190932397,267814462684
19431425,8192,8631094,1479016,124444652304,280722553956
19439617,8192,8639405,1494194,124598689249,297362675935
19447809,8192,8647696,1525689,124654060201,314694693891
19456001,8192,8655991,1400235,124746985771,331497566452
19464193,8192,8664284,1463073,124708696824,313549330426
19472385,8192,8672573,1567587,124492865502,281608344592
19480577,8192,8680848,1569982,124675941826,287392363424
19488769,8192,8689133,1519310,124642372180,302107538425
19496961,8192,8697400,1532953,124562923150,306902966105
19505153,8192,8705700,1441553,124706105566,327389389424
19513345,8192,8714026,1431476,124579418319,307999777540
19521537,8192,8722316,1534603,124318946052,308773836343
19529729,8192,8730829,1504678,124337950932,297424150738
19537921,8192,8739185,1496091,124380640734,289849308934
19546113,8192,8747474,1471940,124404502871,296965123923
19554305,8192,8755777,1421459,124410898435,311390440530
19562497,8192,8764071,1449555,124385162902,301072307914
19570689,8192,8772348,1436175,124282074762,272071030099
19578881,8192,8780597,1384474,124120403426,271773635697
19587073,8192,8788850,1423744,124233175249,275547549206
19595265,8192,8797112,1411530,124285329601,288990795854
19603457,8192,8805376,1362120,124482829897,310994379491
19611649,8192,8813644,1366587,124396688881,296004013646
19619841,8192,8821912,1431304,124303363675,259624258828
19628033,8192,8830158,1382837,124278179872,286477329911
19636225,8192,8838416,1386317,124267212875,289151899901
19644417,8192,8846685,1477932,124283847315,283466003619
19652609,8192,8854969,1327150,124512018946,290834799445
19660801,8192,8863231,1333121,124620238398,311458819559
19668993,8192,8871496,1361699,124457738133,297414213465
19677185,8192,8879742,1402400,124720060656,274221867404
19685377,8192,8887996,1426421,124385138939,288090711316
19693569,8192,8896260,1349485,124526186496,287032004777
19701761,8192,8904509,1300798,124683267469,322052915179
19709953,8192,8912750,1312484,124522623013,297270518862
19718145,8192,8920990,1367280,124234964352,284333862101
19726337,8192,8929255,1367565,124243473683,267577239147
19734529,8192,8937499,1360530,124198160597,270262393333
19742721,8192,8945763,1355984,124540036759,307746415460
19750913,8192,8954019,1252870,124821955842,310871814429
19759105,8192,8962263,1317146,124580362846,298819765484
19767297,8192,8970503,1425710,124319133475,275569409124
19775489,8192,8978751,1426943,124406846992,276572219310
19783681,8192,8986991,1408096,124487406122,282965093378
19791873,8192,8995239,1375954,124221565854,300563929643
19800065,8192,9003484,1328449,124456618248,309953855829
19808257,8192,9011734,1308968,124536261314,285468084967
19816449,8192,9019990,1361273,124451868445,291610423556
19824641,8192,9028233,1386800,124442024416,300383289772
19832833,8192,9036486,1311633,124472221441,298236895781
19841025,8192,9044737,1321663,124723548990,321502726010
19849217,8192,9052980,1296587,124201124261,273385734158
19857409,8192,9061230,1211690,124816889058,297876262075
19865601,8192,9069473,1341044,124415440188,284198922751
19873793,8192,9077747,1364059,124478097811,297618153592
19881985,8192,9085984,1370389,124290076590,285731178235
19890177,8192,9094228,1315726,124427228697,289429567203
19898369,8192,9102490,1250201,124502760559,306094347342
19906561,8192,9110734,1226278,124794745557,292366622937
19914753,8192,9118990,1262021,124642676514,288125494412
19922945,8192,9127236,1373100,124069895033,280462234350
19931137,8192,9135486,1343031,124229005523,285920534515
19939329,8192,9143725,1329349,124204790713,281299093688
19947521,8192,9151974,1333083,124392561546,304752012830
19955713,8192,9160210,1314942,124423623184,303319853993
19963905,8192,9168454,1333019,124345711165,271397691740
19972097,8192,9176695,1257352,124232825992,281109896853
19980289,8192,9184953,1323568,124094474908,273267732427
19988481,8192,9193196,1326751,124163998517,270412669250
19996673,8192,9201443,1336252,123996321353,282685032209
20004865,8192,9209675,1240854,124226710247,277308976415
20013057,8192,9217912,1304799,123931172877,264188968367
20021249,8192,9226144,1330787,123950597201,274713413578
20029441,8192,9234372,1338896,123821130868,255684859962
20037633,8192,9242611,1317090,123654099640,260095700988
20045825,8192,9250848,1347082,123953641816,273585715548
20054017,8192,9259089,1325267,123876567291,288370003747
20062209,8192,9267322,1318717,124055393101,274160806537
20070401,8192,9275563,1366227,123762444016,259520530537
20078593,8192,9283801,1384871,123911184108,262595676807
20086785,8192,9292062,1406126,123940016782,259955816277
20094977,8192,9300302,1339685,124015415943,276887764181
20103169,8192,9308551,1301714,124029391097,296056411004
20111361,8192,9316795,1273066,124087816974,297875323712
20119553,8192,9325059,1341785,124092854149,288657279720
20127745,8192,9333311,1300304,124171257384,280548351063
20135937,8192,9341560,1312828,123895576655,262377288772
20144129,8192,9349801,1478597,124131653209,306191714355
20152321,8192,9358049,1401974,124342040084,326662292495
20160513,8192,9366304,1278720,124374744387,309476931763
20168705,8192,9374550,1346678,123936121923,294447087449
20176897,8192,9382778,1424523,124108232349,297460363254
20185089,8192,9391015,1377219,123885049400,282411181975
20193281,8192,9399251,1336187,123788574103,288765187965
20201473,8192,9407494,1298463,124269759102,318484171439
20209665,8192,9415724,1286626,124087576326,307690353468
20217857,8192,9423960,1317852,123942254668,291377193564
20226049,8192,9432209,1299917,124147683853,281987169883
20234241,8192,9440439,1360846,123774875427,258989869362
20242433,8192,9448678,1459730,123854928977,265444252207
20250625,8192,9456910,1312416,124076624635,310826417159
20258817,8192,9465146,1171595,124427662111,310431609126
20267009,8192,9473399,1317129,124097688366,299325927511
20275201,8192,9481639,1334263,123937658483,285516783754
20283393,8192,9489868,1363375,124067024594,275410104089
20291585,8192,9498106,1363384,123869625532,296605567298
20299777,8192,9506347,1316781,124039812722,314764729692
20307969,8192,9514581,1244265,123989778309,294211666486
20316161,8192,9522818,1314009,123995263661,294024574844
20324353,8192,9531037,1360451,123857218332,263013641183
20332545,8192,9539273,1365918,123758625145,247876760223
20340737,8192,9547499,1315447,123780556120,250168079198
20348929,8192,9555732,1291597,124045417961,287727353294
20357121,8192,9563959,1279773,124504091119,287016857841
20365313,8192,9572201,1312646,123669140229,251016699592
20373505,8192,9580431,1311170,124039182811,272086017047
20381697,8192,9588664,1276710,124097202607,274976705759
20389889,8192,9596900,1309255,123990059477,269784351546
20398081,8192,9605136,1256225,124206051024,273272629220
20406273,8192,9613370,1215683,124065312931,258753627625
20414465,8192,9621591,1244275,124192634311,268189482391
20422657,8192,9629846,1320255,123998089347,249588956299
20430849,8192,9638079,1321247,123888932332,240307764039
20439041,8192,9646308,1265381,123823513533,244346203000
20447233,8192,9654555,1276821,123996852027,260618084177
20455425,8192,9662773,1197252,124532117855,288229326377
20463617,8192,9670997,1257479,124388614409,270482974029
20471809,8192,9679232,1285411,123650110177,278038948643
20480001,8192,9687458,1297199,123749972625,268441849405
20488193,8192,9695679,1243615,123883712183,258735434667
20496385,8192,9703905,1269253,124047419113,265101430391
20504577,8192,9712142,1135247,124465862938,280370027893
20512769,8192,9720378,1161611,124184136025,257200433921
20520961,8192,9728604,1245300,124007077488,258412784961
20529153,8192,9736836,1421269,123962849137,269325275317
20537345,8192,9745081,1439333,123669332793,262911429151
20545537,8192,9753315,1253608,124231633533,277551841165
20553729,8192,9761549,1145025,124604070901,283152989143
20561921,8192,9769782,1166959,124453507182,272362657888
20570113,8192,9778022,1229301,123923336719,265734813257
20578305,8192,9786257,1215782,124508837186,269802519721
20586497,8192,9794502,1269527,124050642770,265471327831
20594689,8192,9802745,1292003,124332499053,266322401262
20602881,8192,9810996,1228322,124543532771,276884765521
20611073,8192,9819237,1097645,124814044268,266100311233
20619265,8192,9827482,1324919,124291925023,260448027999
20627457,8192,9835711,1316468,124306662368,261823241027
20635649,8192,9843959,1323405,124238897976,260492818911
20643841,8192,9852200,1312577,124110240029,264345633887
20652033,8192,9860438,1167898,124654545575,268561208826
20660225,8192,9868668,1172966,124818915829,275784250830
20668417,8192,9876900,1236978,124229513827,252865296966
20676609,8192,9885128,1278425,124191509641,262684889333
20684801,8192,9893357,1277423,124164220953,240914563082
20692993,8192,9901590,1299309,124222150078,249361359016
20701185,8192,9909808,1280639,124039124147,263466305961
20709377,8192,9918046,1237605,124150614349,271950798428
20717569,8192,9926276,1319388,123967676483,249620911039
20725761,8192,9934518,1333524,123906422105,259415724965
20733953,8192,9942757,1342890,124072186073,260493059404
20742145,8192,9950994,1335924,123999386424,256912823854
20750337,8192,9959240,1282264,124044134635,262906432981
20758529,8192,9967460,1252221,124075251218,269489316923
20766721,8192,9975702,1248961,124010223875,250462564925
20774913,8192,9983955,1296280,123959551616,243131256678
20783105,8192,9992198,1295855,123861766459,233886822854
20791297,8192,10000436,1357061,123655847951,245090564222
20799489,8192,10008679,1286683,123903565050,233375162430
20807681,8192,10016909,1225709,123683481511,251869504837
20815873,8192,10025141,1281184,123701645397,238664992846
20824065,8192,10033363,1306171,123674520523,236952927074
20832257,8192,10041601,1300593,123697978959,233815362714
20840449,8192,10049823,1322193,123742084041,242309228631
20848641,8192,10058046,1339278,123881511204,274253480098
20856833,8192,10066279,1280156,124044652168,267511561312
20865025,8192,10074499,1341045,123939717225,270829047323
20873217,8192,10082726,1449149,123875874183,246607674297
20881409,8192,10090947,1318637,123828156277,252205552320
20889601,8192,10099176,1310004,124079212741,252793266708
20897793,8192,10107391,1287441,124064006649,243516636698
20905985,8192,10115611,1238107,123942336536,246134506716
20914177,8192,10123834,1270972,123967807271,249475775115
20922369,8192,10132052,1338406,123619826798,244325178738
20930561,8192,10140274,1350373,123791381394,241746755878
20938753,8192,10148494,1314243,123637017493,255426231875
20946945,8192,10156745,1392627,123714739565,239491813019
20955137,8192,10165009,1283356,123904730600,266560427401
20963329,8192,10173259,1250992,123804630771,261026230057
20971521,8192,10181499,1396954,123899780038,248315404192
20979713,8192,10189737,1351704,123744674033,263387608799
20987905,8192,10197972,1408688,123937607291,248115613163
20996097,8192,10206206,1502921,123906819311,232860277609
21004289,8192,10214429,1419302,123927641555,262581121533
21005282,993,10223616,159274,15045217504,34418401434
