block_number,blocks,slot,txs,gas,time
8193,8192,1,0,0,313050002
16385,8192,1,0,0,280144995
24577,8192,1,0,0,298447425
32769,8192,1,0,0,276367901
40961,8192,1,0,0,300360692
49153,8192,1,1514,33070964,358791260
57345,8192,1,3916,407821091,473487591
65537,8192,1,2676,90041948,393240017
73729,8192,1,5821,197747509,489139410
81921,8192,1,4204,131282630,439363163
90113,8192,1,4589,112269814,463796809
98305,8192,1,3327,84662425,401256200
106497,8192,1,4168,105498119,432093793
114689,8192,1,4247,119199457,414617566
122881,8192,1,6054,163953975,468642906
131073,8192,1,5852,147449076,433385274
139265,8192,1,6678,168428364,453545942
147457,8192,1,7805,190561977,487292743
155649,8192,1,8675,220080834,531461613
163841,8192,1,7255,175016877,476347921
172033,8192,1,10115,242307512,589333054
180225,8192,1,12029,319429322,576150947
188417,8192,1,10493,307941046,615155202
196609,8192,1,8488,226000959,534889138
204801,8192,1,9431,284499928,575022326
212993,8192,1,9432,269025812,549516024
221185,8192,1,9745,253020191,604031351
229377,8192,1,9473,303239797,548934599
237569,8192,1,9752,287334366,584147871
245761,8192,1,9175,237099979,550899025
253953,8192,1,9225,299876210,597042060
262145,8192,1,8500,237942979,540461899
270337,8192,1,11073,360421503,660105765
278529,8192,1,11244,333906121,640234846
286721,8192,1,9944,288230259,642109351
294913,8192,1,9552,272964709,560579767
303105,8192,1,10564,278617464,639980637
311297,8192,1,9852,289668902,583177738
319489,8192,1,10772,285019105,669548218
327681,8192,1,9264,263512681,578330882
335873,8192,1,10710,300329465,663225323
344065,8192,1,10447,340557247,600021559
352257,8192,1,11871,367785281,679380619
360449,8192,1,11031,301110840,623718012
368641,8192,1,10176,272300629,640664592
376833,8192,1,10299,327273585,620244636
385025,8192,1,11650,328391280,690407832
393217,8192,1,10917,668394420,665839924
401409,8192,1,10512,371168499,741069085
409601,8192,1,11329,399996130,648310488
417793,8192,1,9682,299513459,623664712
425985,8192,1,10211,378463309,645962335
434177,8192,1,10123,371765259,737200001
442369,8192,1,10202,298321714,620201347
450561,8192,1,10252,488330843,922282866
458753,8192,1,11670,315763779,671714553
466945,8192,1,12392,405644045,756032299
475137,8192,1,11262,434129872,782500342
483329,8192,1,11885,436485530,928219095
491521,8192,1,11396,324292141,752014997
499713,8192,1,11390,316107054,705881792
507905,8192,1,19834,986537643,986191526
516097,8192,1,14518,537099270,783389666
524289,8192,1,14364,563247320,845741376
532481,8192,1,15028,641704064,943324598
540673,8192,1,11625,533545978,802316573
548865,8192,1,12334,352563908,696790627
557057,8192,1,11579,286224762,620998191
565249,8192,1,12543,387072166,748332442
573441,8192,1,11762,377902837,722173988
581633,8192,1,11889,329240266,727095282
589825,8192,1,12402,356748509,706307260
598017,8192,1,11554,361660592,753830604
606209,8192,1,11466,286807225,652356759
614401,8192,1,11355,383668685,909856095
622593,8192,1,12943,487254257,708793321
630785,8192,1,10960,369935232,667987960
638977,8192,1,10609,304527314,618690637
647169,8192,1,11891,400916707,713015442
655361,8192,1,13364,422684376,687073665
663553,8192,1,11233,291970815,688961462
671745,8192,1,11307,306322589,657159816
679937,8192,1,13718,480255087,878482435
688129,8192,1,12101,533373764,799857300
696321,8192,1,24697,2437912230,2519119915
704513,8192,1,24278,1882935448,1782171203
712705,8192,1,15914,1053536841,1325039336
720897,8192,1,14854,884970772,1188680768
729089,8192,1,18033,1103406409,1384462447
737281,8192,1,39634,2413080461,2486055909
745473,8192,1,20252,1205744179,1545413783
753665,8192,1,16649,914386676,1355404972
761857,8192,1,29450,1702093462,2076503567
770049,8192,1,19926,1149090055,1666960395
778241,8192,1,27585,1546147829,1942828230
786433,8192,1,13804,512905120,969423364
794625,8192,1,14238,555275432,1151312450
802817,8192,1,20936,1074374824,1506830315
811009,8192,1,33100,2274628469,2466307748
819201,8192,1,21058,1074857191,1485908632
827393,8192,1,17945,1068696871,1471054357
835585,8192,1,16965,691346951,1193623743
843777,8192,1,24779,1318609001,1737754726
851969,8192,1,17337,797507253,1276377519
860161,8192,1,16221,653054698,1016337053
868353,8192,1,17414,667767224,940415099
876545,8192,1,20874,997212648,1115459383
884737,8192,1,18556,602924448,895931923
892929,8192,1,20188,746509191,1082740874
901121,8192,1,20728,705763650,980667615
909313,8192,1,28858,1212230895,1359766772
917505,8192,1,29450,1450050635,1517384749
925697,8192,1,25856,1070129090,1451904662
933889,8192,1,23756,919949479,1153547465
942081,8192,1,24390,780757258,1188733397
950273,8192,1,22318,724737535,1008217571
958465,8192,1,23856,823943680,1144119633
966657,8192,1,39968,1787855655,1657792139
974849,8192,1,24875,783309904,1150240139
983041,8192,1,25559,758151178,1094753590
991233,8192,1,32769,996332438,1273968336
999425,8192,1,29253,955506690,1209534401
1007617,8192,1,28779,874607232,1200216697
1015809,8192,1,28640,944195150,1190361395
1024001,8192,1,30592,1077029621,1327443949
1032193,8192,1,30567,1025667741,1193721652
1040385,8192,1,26761,784549571,1158534811
1048577,8192,1,28815,1876343804,1221056760
1056769,8192,1,31628,1248873846,1210179475
1064961,8192,1,32758,1302389229,1247480714
1073153,8192,1,30961,857488355,1147982224
1081345,8192,1,33502,949562723,1199824179
1089537,8192,1,37121,995463452,1310334381
1097729,8192,1,40115,1081576458,1277042074
1105921,8192,1,42800,1253697553,1372743580
1114113,8192,1,41667,1235498720,1316334807
1122305,8192,1,38878,1141426898,1367979904
1130497,8192,1,41538,1202802604,1244817462
1138689,8192,1,39904,1101644111,1327432350
1146881,8192,1,44221,1340457745,1364442407
1155073,8192,1,43528,1383496645,1389216894
1163265,8192,1,38152,1246718060,1246130493
1171457,8192,1,44944,1374923499,1458579084
1179649,8192,1,46242,1574630437,1468650864
1187841,8192,1,44523,1522997076,1386347954
1196033,8192,1,43594,1529570548,1607997721
1204225,8192,1,41259,1452683779,1450883009
1212417,8192,1,52923,2302777232,1993094305
1220609,8192,1,46705,1563686082,1611537066
1228801,8192,1,46123,1514235577,1594802763
1236993,8192,1,43046,1458453689,1576912871
1245185,8192,1,49499,1658881432,1689688445
1253377,8192,1,46254,1516126264,1380724803
1261569,8192,1,42318,1328121509,1524966227
1269761,8192,1,40021,1078268036,1274249115
1277953,8192,1,46365,1435004546,1588290810
1286145,8192,1,50841,1591258579,1638586235
1294337,8192,1,41499,1271776158,1422580669
1302529,8192,1,47633,1512367159,1652605166
1310721,8192,1,42641,1164414830,1374363798
1318913,8192,1,42610,1137106273,1352734641
1327105,8192,1,45560,1357858661,1492497235
1335297,8192,1,50369,1781939706,1524193623
1343489,8192,1,45221,1209479371,1408310229
1351681,8192,1,44015,1206824098,1421050919
1359873,8192,1,54888,1591716049,1408060691
1368065,8192,1,43396,1184809863,1434659084
1376257,8192,1,48876,1593180641,1619556699
1384449,8192,1,45143,1439543743,1351927177
1392641,8192,1,41341,1118372583,1292429336
1400833,8192,1,45540,1329131424,1450856810
1409025,8192,1,49104,1485363761,1554545509
1417217,8192,1,44023,1225869865,1401622117
1425409,8192,1,49886,1450651632,1589530162
1433601,8192,1,56669,1681771886,1616889108
1441793,8192,1,54635,1947185643,1683330960
1449985,8192,1,56685,1624594158,1554351988
1458177,8192,1,50196,1613347851,1617369076
1466369,8192,1,54893,2240127730,2212002562
1474561,8192,1,52100,1483885342,1580509766
1482753,8192,1,51280,1586965488,1632628156
1490945,8192,1,56855,1674576856,1641679814
1499137,8192,1,52382,1728224502,1606238564
1507329,8192,1,60036,2138598848,1956878870
1515521,8192,1,69268,2441975068,2144746105
1523713,8192,1,56514,1832134302,1866384827
1531905,8192,1,51124,1731842384,1746912683
1540097,8192,1,58754,1911501394,1965047453
1548289,8192,1,61429,1987968261,1741963166
1556481,8192,1,60630,2360467143,1875682533
1564673,8192,1,56981,1819841802,1867364452
1572865,8192,1,56494,1777140576,1677208433
1581057,8192,1,59042,1735378915,1650595220
1589249,8192,1,68973,2172337508,2089748733
1597441,8192,1,64306,2192773982,1876710877
1605633,8192,1,86669,3493104245,2538443349
1613825,8192,1,62112,2154462632,2007852901
1622017,8192,1,60118,1914186297,1735447663
1630209,8192,1,53413,1741132990,1637015626
1638401,8192,1,56756,1633896769,1600877001
1646593,8192,1,50346,1452533160,1502501764
1654785,8192,1,50828,1521883376,1509838373
1662977,8192,1,60376,3061122313,2558493929
1671169,8192,1,55258,1843787387,1719743713
1679361,8192,1,55775,1793288354,1610425914
1687553,8192,1,52281,1793521528,1629898696
1695745,8192,1,55227,1857680146,1637792131
1703937,8192,1,64652,2265573762,1943340946
1712129,8192,1,63355,2060421766,1815147690
1720321,8192,1,65682,5800241515,7248820084
1728513,8192,1,95610,16739007815,39468872797
1736705,8192,1,67917,4743426756,7982147842
1744897,8192,1,62602,3296268924,3872424292
1753089,8192,1,68336,3841591968,3025437726
1761281,8192,1,58130,2076897006,2013948478
1769473,8192,1,57022,2221809906,1738443521
1777665,8192,1,52898,1689289635,1715690272
1785857,8192,1,53856,1708894430,1904197972
1794049,8192,1,56044,1992483551,2161162860
1802241,8192,1,90325,5767597538,2961959173
1810433,8192,1,52758,2499380206,4388177996
1818625,8192,1,55194,1772826158,1955845468
1826817,8192,1,53703,1704827192,1620188095
1835009,8192,1,49822,1916513753,2140537395
1843201,8192,1,53374,1676538934,1663733888
1851393,8192,1,60123,2381439875,3137292626
1859585,8192,1,56426,2865260110,4536697069
1867777,8192,1,50632,1670163364,1948567960
1875969,8192,1,53453,1904646721,2069029789
1884161,8192,1,54655,1840362954,1798201410
1892353,8192,1,54265,1824465369,1663990586
1900545,8192,1,51280,1414646366,1502063798
1908737,8192,1,47043,1388770142,1511497431
1916929,8192,1,63160,1874850406,1738605110
1925121,8192,1,62773,4171399935,7332191285
1933313,8192,1,65738,2266620454,2199570480
1941505,8192,1,62037,2034143904,1813421792
1949697,8192,1,79321,2248553641,1938568059
1957889,8192,1,74738,2527380908,2241347045
1966081,8192,1,75137,2369261794,2012367890
1974273,8192,1,66582,2970283633,2292206306
1982465,8192,1,60335,2173102476,2313227647
1990657,8192,1,63657,1764764048,1634674053
1998849,8192,1,66671,2054100679,1897026813
2007041,8192,1,68240,2035711402,1855515376
2015233,8192,1,60275,1885646786,1758981065
2023425,8192,1,59731,1718762000,1633159354
2031617,8192,1,56298,1666187619,1608284979
2039809,8192,1,56416,2985329528,2304352310
2048001,8192,1,67806,2074138922,1821090228
2056193,8192,1,63577,1903780373,1670943487
2064385,8192,1,55865,1657169845,1696816535
2072577,8192,1,58480,1557471379,1498286704
2080769,8192,1,55331,1599645346,1634174406
2088961,8192,1,64228,1850037001,1755304423
2097153,8192,1,66060,2188998555,1995869405
2105345,8192,1,54235,1660505770,1592246742
2113537,8192,1,56694,1742357705,1651819902
2121729,8192,1,61614,1816239031,1611649615
2129921,8192,1,63451,3861822325,2596848998
2138113,8192,1,69603,2043909844,1734150132
2146305,8192,1,61611,1914481982,1702561183
2154497,8192,1,62524,1658273809,1500786628
2162689,8192,1,61974,1798911967,1800887601
2170881,8192,1,62834,1920681017,1747060970
2179073,8192,1,61629,1818058493,1836416440
2187265,8192,1,76278,2727312503,2078214246
2195457,8192,1,59767,1675377812,1655437717
2203649,8192,1,65371,2614658821,2032473078
2211841,8192,1,62364,2039781213,1623502592
2220033,8192,1,60969,1981999587,1707522039
2228225,8192,1,85854,2814470323,2080181571
2236417,8192,1,55933,1813330669,1516552915
2244609,8192,1,57588,1730634676,1585618948
2252801,8192,1,63320,2021513820,1837159754
2260993,8192,1,65183,2112882377,1865413097
2269185,8192,1,74523,2354744595,1844400425
2277377,8192,1,72172,2714744039,2002952764
2285569,8192,1,50199,1706002470,2730420606
2293761,8192,1,61842,1801256949,6180854776
2301953,8192,1,68639,2034760072,1889332497
2310145,8192,1,66952,2916329686,15903824040
2318337,8192,1,48275,1914011719,11947366012
2326529,8192,1,56968,3010508461,23842539577
2334721,8192,1,60252,3532946594,45055768168
2342913,8192,1,59242,2893073539,22009793920
2351105,8192,1,56520,2437337126,4378922537
2359297,8192,1,53930,2539978338,9408232595
2367489,8192,1,72486,5437092390,38793493616
2375681,8192,1,64351,3955814780,35458315347
2383873,8192,1,72150,4175006287,26748815341
2392065,8192,1,52311,3587030185,50552098547
2400257,8192,1,60755,3380343872,109563176715
2408449,8192,1,54394,3489623288,89885747377
2416641,8192,1,59749,3571481590,54760380466
2424833,8192,1,52901,2140315677,71153728516
2433025,8192,1,41983,2064705182,91774066760
2441217,8192,1,52489,1940457621,37121690365
2449409,8192,1,47032,1416811786,16395258471
2457601,8192,1,50121,1416935937,21950436408
2465793,8192,1,63997,2059194432,18620613141
2473985,8192,1,52613,5415624522,49622424144
2482177,8192,1,77644,2200694454,3391448282
2490369,8192,1,47944,1381582456,1731293825
2498561,8192,1,58110,1704965277,1698503027
2506753,8192,1,68097,2292291281,2032495133
2514945,8192,1,59292,1798672209,1962072600
2523137,8192,1,59793,1784849739,1794701549
2531329,8192,1,57693,1656383700,1782853782
2539521,8192,1,55694,1627913854,1756058281
2547713,8192,1,63237,1907051300,1884534126
2555905,8192,1,61395,1723186230,1808673750
2564097,8192,1,57303,1576168754,2051686678
2572289,8192,1,44899,1243188531,1424870674
2580481,8192,1,50737,1381762673,1501238026
2588673,8192,1,53997,1523970827,1908886024
2596865,8192,1,56755,1868225974,2015529853
2605057,8192,1,54579,1853422028,1757006765
2613249,8192,1,57937,1749156374,1928469286
2621441,8192,1,54830,1654717503,1727301863
2629633,8192,1,59687,1932781220,1751601762
2637825,8192,1,58098,1831832946,1956496040
2646017,8192,1,57577,1732304988,1680323814
2654209,8192,1,56517,1691425491,1595357013
2662401,8192,1,54908,1580644481,1890421764
2670593,8192,1,56589,1781259427,1632333162
2678785,8192,1,85495,2598196853,13949644823
2686977,8192,1,59696,3974729576,68945163202
2695169,8192,1,72462,4113740875,44310197252
2703361,8192,1,55726,4743499117,66905649362
2711553,8192,1,65254,6348291025,88620708674
2719745,8192,1,64427,5199613546,52168475817
2727937,8192,1,50844,1684630038,2249528524
2736129,8192,1,54697,1652133461,1889136060
2744321,8192,1,53051,1748152517,1541242258
2752513,8192,1,55339,1979520745,1747485404
2760705,8192,1,64847,2063457441,1952919929
2768897,8192,1,55277,1804237075,1705542161
2777089,8192,1,56023,1776551857,1703628466
2785281,8192,1,52991,1726269370,1819766872
2793473,8192,1,52624,2213276915,1633120206
2801665,8192,1,55238,1810591298,1765837556
2809857,8192,1,63980,2356415998,2116678115
2818049,8192,1,65743,2448549979,2058390150
2826241,8192,1,54971,1881197690,1668540316
2834433,8192,1,49662,1953789890,1986613919
2842625,8192,1,58392,2038106026,1741363977
2850817,8192,1,64185,2225753659,1862909617
2859009,8192,1,76490,2486660557,2291059708
2867201,8192,1,55683,1760491642,1655687226
2875393,8192,1,50675,1452936266,1525037973
2883585,8192,1,50157,1522394202,1769533328
2891777,8192,1,58225,1860099069,1647008417
2899969,8192,1,60144,2083730262,1773725359
2908161,8192,1,60988,2086757942,1895887172
2916353,8192,1,54302,1714680114,1602903431
2924545,8192,1,50695,1584719153,1646716569
2932737,8192,1,63026,2305221488,2224448801
2940929,8192,1,67480,2204851332,1905362215
2949121,8192,1,61833,1971573134,1820775785
2957313,8192,1,58505,1930260127,1885103358
2965505,8192,1,59699,1937673518,1792189938
2973697,8192,1,63091,2244391292,1870749890
2981889,8192,1,64874,2137001608,1989908406
2990081,8192,1,70738,2397486878,1865963533
2998273,8192,1,58903,1853897373,1659842377
3006465,8192,1,54373,1766782589,1799680114
3014657,8192,1,65027,2294148724,1905804232
3022849,8192,1,60922,2027141448,1839767520
3031041,8192,1,58548,1960456703,1954585546
3039233,8192,1,61315,2005539036,1834392168
3047425,8192,1,62091,2149768492,1905777502
3055617,8192,1,67927,2452616440,2144336090
3063809,8192,1,62018,2292070946,2002354447
3072001,8192,1,63286,2183742248,1906435477
3080193,8192,1,65669,2218082794,2115520394
3088385,8192,1,54874,1846213528,1746945198
3096577,8192,1,63311,2098245747,1920783435
3104769,8192,1,59762,2124435421,2030866285
3112961,8192,1,58897,2178531771,1956028486
3121153,8192,1,58468,1974991763,1798028786
3129345,8192,1,63556,2065813146,2136633943
3137537,8192,1,64128,2220717880,1888484356
3145729,8192,1,70462,2665896127,2110395740
3153921,8192,1,64806,2336669302,2214429952
3162113,8192,1,70074,2730719806,2331176435
3170305,8192,1,60420,2178878613,1936479094
3178497,8192,1,73252,3110141726,2544198044
3186689,8192,1,79081,2976280771,2211040267
3194881,8192,1,71074,2804402262,2206214070
3203073,8192,1,64978,2351345544,2179313781
3211265,8192,1,68556,2464803794,2043437006
3219457,8192,1,66845,2286314550,1915436434
3227649,8192,1,75763,3113040792,2291890773
3235841,8192,1,69688,2984250772,2128870729
3244033,8192,1,68668,2289170959,1965362449
3252225,8192,1,71170,2634879929,2300182255
3260417,8192,1,70604,2482121481,2090167863
3268609,8192,1,79874,2821352557,2328245596
3276801,8192,1,82615,2938903296,2440817966
3284993,8192,1,93464,3013882836,2456800264
3293185,8192,1,81232,2628326517,2261494368
3301377,8192,1,77780,2508423110,2230480029
3309569,8192,1,85412,2762075045,2175199921
3317761,8192,1,74949,2364616867,1995170198
3325953,8192,1,89542,3008034239,2705268591
3334145,8192,1,89382,3038054714,2317978598
3342337,8192,1,91012,2910544703,2405446008
3350529,8192,1,112957,4683356145,3321162012
3358721,8192,1,108487,3824938321,2830421973
3366913,8192,1,150248,4856683444,3404853519
3375105,8192,1,129410,4029391606,3393094772
3383297,8192,1,118959,3597176359,2868469763
3391489,8192,1,113031,3618928236,2778751950
3399681,8192,1,109702,3595863612,2829634628
3407873,8192,1,112341,3708098910,2746793487
3416065,8192,1,121089,3775021048,2757430751
3424257,8192,1,111288,3513747685,2928430018
3432449,8192,1,126552,4519125602,3174879560
3440641,8192,1,116739,3847970531,3004546107
3448833,8192,1,137505,4650151490,3442720051
3457025,8192,1,132372,4354448594,3246703900
3465217,8192,1,116438,3872751305,2985481053
3473409,8192,1,138958,4605215288,3798097749
3481601,8192,1,115237,3904507999,3011566139
3489793,8192,1,129313,4405146988,3275653365
3497985,8192,1,121326,4141663795,3283711958
3506177,8192,1,101941,3457895017,2764796538
3514369,8192,1,104473,3801545119,2923152926
3522561,8192,1,110663,3893580475,3232973787
3530753,8192,1,118136,4358681727,3062015730
3538945,8192,1,116538,3957151738,3259483671
3547137,8192,1,97599,3525061715,3111296181
3555329,8192,1,105494,3951999139,3246245793
3563521,8192,1,113777,4538716060,3383172292
3571713,8192,1,122232,4932027111,4119097602
3579905,8192,1,113517,5371454955,3289054831
3588097,8192,1,103751,3918968307,3297016021
3596289,8192,1,112257,4332652445,3457918402
3604481,8192,1,136619,5289710359,3775634449
3612673,8192,1,143158,5255428268,3725510823
3620865,8192,1,145745,4868936849,3703561150
3629057,8192,1,136562,4879877560,3687093586
3637249,8192,1,160424,6406024036,4234985501
3645441,8192,1,150436,5782052966,4206424733
3653633,8192,1,167559,5819732935,4305220502
3661825,8192,1,142125,5329409688,3759059065
3670017,8192,1,152266,6300591479,4340456563
3678209,8192,1,169497,6571385749,4297961023
3686401,8192,1,156250,7347905323,4390013141
3694593,8192,1,167344,7335647042,4707403739
3702785,8192,1,147702,7536226635,4704211782
3710977,8192,1,168287,8194709920,4897499031
3719169,8192,1,176741,9883600890,5896194378
3727361,8192,1,214081,11450730102,6220688525
3735553,8192,1,229327,12196031413,6744644898
3743745,8192,1,201943,10613685663,6120818044
3751937,8192,1,260406,12599459208,7003561322
3760129,8192,1,278528,15779303797,7883124113
3768321,8192,1,279013,16350363987,8361653230
3776513,8192,1,244538,13523383202,7041542657
3784705,8192,1,224822,12717337930,7144303973
3792897,8192,1,248995,13592095818,7601641988
3801089,8192,1,314302,19832169118,8733763165
3809281,8192,1,313676,17980594470,11871662071
3817473,8192,1,280618,16692684984,9577132014
3825665,8192,1,296114,15953100496,8962002446
3833857,8192,1,317754,17492872153,9722310996
3842049,8192,1,305857,17151665586,9920978099
3850241,8192,1,325308,16138916714,9954949787
3858433,8192,1,365858,18515263356,10745184154
3866625,8192,1,450999,21732698279,13103317318
3874817,8192,1,403872,18428150155,11867353822
3883009,8192,1,399350,18507971011,11796548218
3891201,8192,1,366142,17616667683,11210190155
3899393,8192,1,401398,20055154217,12372791250
3907585,8192,1,467519,26635229072,12999527330
3915777,8192,1,448080,27509986564,13211531055
3923969,8192,1,445137,22206823281,12601982738
3932161,8192,1,393944,20192356202,12387692847
3940353,8192,1,474437,21147977183,13924490006
3948545,8192,1,452736,24838577163,15595398006
3956737,8192,1,409197,21844246829,14162547606
3964929,8192,1,391200,20881198158,14310517708
3973121,8192,1,480657,24984090402,16180143162
3981313,8192,1,439836,24432971850,16244819589
3989505,8192,1,456105,22202913020,15588193408
3997697,8192,1,401541,19785653790,13970822514
4005889,8192,1,468451,21489133966,15107439820
4014081,8192,1,521089,25614275148,17962968023
4022273,8192,1,465732,25576854950,16286015766
4030465,8192,1,422645,19071909199,14351986263
4038657,8192,1,452765,21588202182,15482068484
4046849,8192,1,494336,24205815057,16002489480
4055041,8192,1,427170,19727949695,13801116416
4063233,8192,1,409232,17944225576,13461633450
4071425,8192,1,455169,22752023483,15662156879
4079617,8192,1,411552,20393151746,13715116670
4087809,8192,1,402826,19516574262,13871788462
4096001,8192,1,350511,18308327314,12347527654
4104193,8192,1,441704,23280158452,15284924162
4112385,8192,1,474401,24577424757,17018030364
4120577,8192,1,512389,25868228053,18049893256
4128769,8192,1,539622,25478534061,18241670715
4136961,8192,1,612130,30525492507,20445915535
4145153,8192,1,669828,31316179679,22179558309
4153345,8192,1,667176,32781900955,22207006723
4161537,8192,1,802050,39631270870,26135032868
4169729,8192,1,832182,45690595844,30171297840
4177921,8192,1,822935,40787417397,26486019638
4186113,8192,1,677937,33931766754,23540917516
4194305,8192,1,736129,33608364656,23416106128
4202497,8192,1,733583,31613370181,23074043744
4210689,8192,1,736596,33326421250,23982766226
4218881,8192,1,885279,42684031553,27800060973
4227073,8192,1,909505,44089434039,29246440024
4235265,8192,1,772574,36378544905,26100487243
4243457,8192,1,1021928,44970958961,31727963160
4251649,8192,1,1081239,50184234692,34335754514
4259841,8192,1,880278,41550585016,30018702410
4268033,8192,1,864414,41053728142,29902744109
4276225,8192,1,867715,42375737918,32786093512
4284417,8192,1,857098,44405284841,30298837116
4292609,8192,1,764839,40439697663,31066955476
4300801,8192,1,736339,41523378146,30242409502
4308993,8192,1,739102,40787147868,30097387401
4317185,8192,1,882460,46629010975,33168500109
4325377,8192,1,928715,45913689045,34883344346
4333569,8192,1,855500,44372358254,33173541392
4341761,8192,1,890587,45969894286,34073480146
4349953,8192,1,861954,44868560756,34314013581
4358145,8192,1,961145,45839288391,34407434832
4366337,8192,1,1022776,47707018313,37037211356
4374529,8192,1,788928,41640159530,30711356767
4382721,8192,1,680611,30304975089,24001638695
4390913,8192,1,633676,29394442349,24785412412
4399105,8192,1,691855,34599365091,24113561131
4407297,8192,1,587597,22219394536,19121621496
4415489,8192,1,602801,27141844419,20838177599
4423681,8192,1,637247,33563116251,25210895132
4431873,8192,1,602169,34452528559,25717557476
4440065,8192,1,644187,35202407283,26483707548
4448257,8192,1,635205,32303616551,25396653399
4456449,8192,1,658167,33516933106,26660710619
4464641,8192,1,714607,37151598010,29375347699
4472833,8192,1,687810,38954422870,30955583937
4481025,8192,1,691342,38855588548,30765901037
4489217,8192,1,597092,33111071840,27241223145
4497409,8192,1,530372,24797114990,21431922092
4505601,8192,1,664534,27768018498,23613142098
4513793,8192,1,607716,29462506589,24910305085
4521985,8192,1,636968,33818088203,28412146627
4530177,8192,1,576620,30857764315,24849153658
4538369,8192,1,555644,29902311532,25051377518
4546561,8192,1,576193,31728985315,26713352504
4554753,8192,1,614333,33933012035,28498371994
4562945,8192,1,694290,35077866299,28612279493
4571137,8192,1,685773,35235556368,29432137509
4579329,8192,1,595343,32512470264,27462288274
4587521,8192,1,616676,31432826950,27613915661
4595713,8192,1,732388,35462326767,31125391179
4603905,8192,1,701686,34053236118,29411899244
4612097,8192,1,696025,34813469923,29440274222
4620289,8192,1,756842,36575998133,31251767206
4628481,8192,1,695958,35807344495,29676516168
4636673,8192,1,839988,41325848673,36158348844
4644865,8192,1,859818,39561689628,35257607156
4653057,8192,1,878341,39038765676,35970373483
4661249,8192,1,838018,41732008967,37764403694
4669441,8192,1,868393,42367951309,40153767519
4677633,8192,1,1024408,50365921601,46430550608
4685825,8192,1,1106629,50823271509,47695841917
4694017,8192,1,983321,52251191383,43922266044
4702209,8192,1,1065994,53288175748,52435365256
4710401,8192,1,1004230,57029863421,55164897025
4718593,8192,1,1175867,60067148142,58878504870
4726785,8192,1,1283732,60320736424,57872084311
4734977,8192,1,1366216,63069754925,58382715266
4743169,8192,1,1249121,59108334014,53263286372
4751361,8192,1,1252125,59908605848,55530543016
4759553,8192,1,1451207,62045900188,57577026386
4767745,8192,1,1519992,62098558192,56207669635
4775937,8192,1,1585445,62497723845,54155536800
4784129,8192,1,1400070,58743219915,53756192335
4792321,8192,1,1052134,54186765245,44389859920
4800513,8192,1,1019534,49928583194,43403812993
4808705,8192,1,1261780,57510375260,51263519666
4816897,8192,1,1331357,57590718396,54421939187
4825089,8192,1,1639294,60808222944,56554671017
4833281,8192,1,1324521,56290819569,51984051542
4841473,8192,1,1365671,56727562845,52737747389
4849665,8192,1,1800565,61983009179,62106345829
4857857,8192,1,2002216,61977955389,57721541677
4866049,8192,1,1885881,62151807862,60569410977
4874241,8192,1,1724229,62804522499,59468217866
4882433,8192,1,1914229,62387106534,60847323297
4890625,8192,1,1784457,61980258440,56295327605
4898817,8192,1,1710320,62316592526,59609741712
4907009,8192,1,1726464,62391325627,58154721085
4915201,8192,1,1730007,63380891308,61717059314
4923393,8192,1,1858619,62279744506,61784213033
4931585,8192,1,1849680,62183892835,62967245220
4939777,8192,1,1496671,58403848500,56007110222
4947969,8192,1,1393070,58633948844,57727997051
4956161,8192,1,1327346,58788810672,56259393589
4964353,8192,1,1272246,58123924020,55508088028
4972545,8192,1,1159603,54810326446,52784580493
4980737,8192,1,1260970,53358611450,53083498754
4988929,8192,1,1176073,52672662572,50863518980
4997121,8192,1,1259241,55165172481,52658010841
5005313,8192,1,1262433,56373025517,51738614632
5013505,8192,1,1356029,59546446599,58351655046
5021697,8192,1,1305842,56689784355,55745361655
5029889,8192,1,1125879,53898877430,48813404767
5038081,8192,1,1161636,54269350642,49833450795
5046273,8192,1,1191117,54055514122,53005753230
5054465,8192,1,1056526,53286687769,50081465992
5062657,8192,1,1038563,52346336284,48448180906
5070849,8192,1,1111255,53626275181,47743353068
5079041,8192,1,1139166,53752148996,50390836043
5087233,8192,1,1010849,50228857996,45346504674
5095425,8192,1,1086570,52677277867,49289911895
5103617,8192,1,981145,52265804278,47499800960
5111809,8192,1,1077049,53626533614,49149631488
5120001,8192,1,1057547,54195882329,48697473400
5128193,8192,1,1208494,58216835003,54657315116
5136385,8192,1,1184261,56746767112,51454678160
5144577,8192,1,999424,52506836442,49499312560
5152769,8192,1,1017445,53578401482,50328925227
5160961,8192,1,1019623,52810336386,51636490490
5169153,8192,1,938849,52166193773,50255991380
5177345,8192,1,1005061,53979644014,53600977789
5185537,8192,1,1006297,54409598707,54752356688
5193729,8192,1,910773,52367016050,51168458246
5201921,8192,1,1019609,54958972298,51479692713
5210113,8192,1,963205,51431731336,53048705896
5218305,8192,1,1080296,53432274393,55836921846
5226497,8192,1,913035,51814775021,52947937405
5234689,8192,1,811533,49710271751,48627876538
5242881,8192,1,914018,50659269828,49852306746
5251073,8192,1,951734,49660522293,49886665041
5259265,8192,1,966328,49937461860,52743341190
5267457,8192,1,876120,48233799143,48643350066
5275649,8192,1,839560,45505587169,45915957156
5283841,8192,1,976074,50468458835,50408493134
5292033,8192,1,924974,47925789741,49858097828
5300225,8192,1,942144,49680604502,47914067357
5308417,8192,1,886412,46355902185,48537977412
5316609,8192,1,828036,44837407164,46829362439
5324801,8192,1,738251,42486626567,43776164026
5332993,8192,1,878562,44377402985,45436385528
5341185,8192,1,759784,39515895518,41099971307
5349377,8192,1,876958,45441991668,47782382252
5357569,8192,1,803479,46113372017,47407479779
5365761,8192,1,729028,45065663138,44337835773
5373953,8192,1,885713,47737923460,48847101579
5382145,8192,1,836995,51351355496,51061792393
5390337,8192,1,965931,52965281717,52811783859
5398529,8192,1,782926,50890084027,47402512754
5406721,8192,1,761190,48956703913,48913661044
5414913,8192,1,827064,48472063015,49000304397
5423105,8192,1,825418,49256575775,55551911987
5431297,8192,1,919267,52230978175,57909831912
5439489,8192,1,974226,55143258533,59765223140
5447681,8192,1,833508,50689771206,53727266698
5455873,8192,1,947860,56707817121,57426435340
5464065,8192,1,1033971,58652807039,59388007580
5472257,8192,1,1115589,59342364238,62813143436
5480449,8192,1,1153123,59083287853,62359693870
5488641,8192,1,1009152,56069946259,60153916091
5496833,8192,1,1156155,57601281303,64261687960
5505025,8192,1,1147957,57531469967,65139533168
5513217,8192,1,1088977,55330482420,59225757123
5521409,8192,1,1128476,54292326455,59374222284
5529601,8192,1,1047151,55026971310,62494621503
5537793,8192,1,1126959,57980108462,64537497120
5545985,8192,1,1076343,59166013084,64334087630
5554177,8192,1,1192396,59545348454,65979372453
5562369,8192,1,1376951,58519081749,71395761555
5570561,8192,1,976721,58050473193,61150778842
5578753,8192,1,1166387,57731284389,62690200142
5586945,8192,1,1161915,58406567436,64649121053
5595137,8192,1,1234914,60771886651,67299084179
5603329,8192,1,1124232,59755746193,63498428143
5611521,8192,1,1095478,60122260578,61434231273
5619713,8192,1,1158885,60368944644,65996644460
5627905,8192,1,1153817,60775416598,63719950672
5636097,8192,1,1226306,60413544072,64598976964
5644289,8192,1,1196097,59963033833,62073020150
5652481,8192,1,1148057,60165793954,64966460972
5660673,8192,1,1177054,60696972227,63944263103
5668865,8192,1,1235498,60047450465,66551513267
5677057,8192,1,1147362,60485425643,66958367695
5685249,8192,1,1108227,59774988632,64120899532
5693441,8192,1,1201882,61008511303,67301911717
5701633,8192,1,1183811,61676882288,70587240546
5709825,8192,1,1214637,61791485704,72377305307
5718017,8192,1,1086473,61499185628,70379090051
5726209,8192,1,1201901,61132528463,66238405037
5734401,8192,1,1114912,61252818451,66726367466
5742593,8192,1,1163973,60135524474,64492764260
5750785,8192,1,1084060,59600947136,64401754266
5758977,8192,1,1078372,59809101820,62817235556
5767169,8192,1,1114845,59325753351,64929126021
5775361,8192,1,1126138,59862973911,62163897994
5783553,8192,1,1136977,59212357830,61555519306
5791745,8192,1,1046515,52187366379,55182172716
5799937,8192,1,1040418,55190787848,57765302160
5808129,8192,1,853023,55324595267,54678894816
5816321,8192,1,1028624,57063660639,60146326804
5824513,8192,1,1117046,59270194084,64676538330
5832705,8192,1,1061157,58960211718,63198966512
5840897,8192,1,1055327,56548008958,61307580416
5849089,8192,1,878652,50539203884,54992694086
5857281,8192,1,1173486,57632243725,67145837350
5865473,8192,1,1081039,57617358569,62732715136
5873665,8192,1,1057229,56743055206,63656160305
5881857,8192,1,951758,58511385611,59515473835
5890049,8192,1,835183,61795713273,49065166036
5898241,8192,1,739929,61727951417,51592949067
5906433,8192,1,680873,61904063474,52116517311
5914625,8192,1,706329,61447371947,53718653463
5922817,8192,1,694577,62089394033,50829230799
5931009,8192,1,846968,57980071725,52982898093
5939201,8192,1,966559,59961762656,59338850411
5947393,8192,1,901788,60279415753,58766238839
5955585,8192,1,802864,60414676596,56627878574
5963777,8192,1,685110,63069117237,53078193942
5971969,8192,1,649712,59686231052,52211510415
5980161,8192,1,1036796,60094784408,64565448013
5988353,8192,1,1003503,59416305051,63856406438
5996545,8192,1,1027604,59615250433,62851312912
6004737,8192,1,892103,60438506569,66342860464
6012929,8192,1,880312,59806694762,62572643242
6021121,8192,1,1109642,60025112508,66291267119
6029313,8192,1,1094954,59640226996,66455392694
6037505,8192,1,1030417,59369607024,63164112193
6045697,8192,1,1057200,55900815277,65241423510
6053889,8192,1,940339,50753517403,56547434533
6062081,8192,1,1047645,56417459765,63473961157
6070273,8192,1,1070344,58612928291,65668731223
6078465,8192,1,1040326,59160341340,63071022482
6086657,8192,1,1032939,59245645508,60255426312
6094849,8192,1,978106,58080730358,59828818225
6103041,8192,1,949935,59434287423,62358592463
6111233,8192,1,814440,62418352419,80430326903
6119425,8192,1,756883,61929340206,82816501684
6127617,8192,1,891700,57927536222,70835333622
6135809,8192,1,894373,54124139868,57692371161
6144001,8192,1,948844,54474431056,62669866122
6152193,8192,1,949060,55935295379,61101308338
6160385,8192,1,940733,57179985070,62308706375
6168577,8192,1,875004,59767193046,68992775487
6176769,8192,1,854844,58633356661,63192273040
6184961,8192,1,869810,57172923878,63542867282
6193153,8192,1,858339,58716480746,64386683107
6201345,8192,1,808091,59068730609,62774991580
6209537,8192,1,816753,58875189706,68009946383
6217729,8192,1,809455,58560010270,64108705052
6225921,8192,1,839253,57560207356,64722921330
6234113,8192,1,845776,59019049499,66187165784
6242305,8192,1,804291,57082938691,67419876724
6250497,8192,1,779310,58293679134,62781115071
6258689,8192,1,935783,58551901338,66314631121
6266881,8192,1,832343,56739213761,64969651074
6275073,8192,1,815239,56879687612,64811708301
6283265,8192,1,869622,56503858451,63303666970
6291457,8192,1,753911,57192973874,64392534791
6299649,8192,1,796408,58492213661,64172987022
6307841,8192,1,775867,57819406693,64772030345
6316033,8192,1,731815,55554664930,61158585942
6324225,8192,1,801177,56055100336,63344019874
6332417,8192,1,702924,55639554786,61803051296
6340609,8192,1,628921,57287631240,60907638194
6348801,8192,1,701014,56796985035,58517289919
6356993,8192,1,679990,56753862938,62353675067
6365185,8192,1,679678,56844041949,54132154614
6373377,8192,1,730260,55694660589,62376979963
6381569,8192,1,631122,56053435110,57863909864
6389761,8192,1,623579,55480206989,59110059538
6397953,8192,1,722344,56431171315,60398105644
6406145,8192,1,629492,57158444543,60565581921
6414337,8192,1,709829,57357572825,60176804849
6422529,8192,1,613086,54942317621,54736275186
6430721,8192,1,606422,52576411946,55911157358
6438913,8192,1,642545,52459434620,56584521468
6447105,8192,1,731996,53145077742,56232934831
6455297,8192,1,724964,54306641564,63675253086
6463489,8192,1,815991,52726025166,60391473121
6471681,8192,1,729625,49182276339,53185965086
6479873,8192,1,669837,46831088707,48562252207
6488065,8192,1,747144,48122908769,55961532739
6496257,8192,1,717326,47958662805,60246415585
6504449,8192,1,718392,50909275438,58627729286
6512641,8192,1,730467,48392560754,53409649501
6520833,8192,1,738059,46131832206,54614694418
6529025,8192,1,724708,46477569891,53168286392
6537217,8192,1,800265,48971240353,56692149917
6545409,8192,1,787384,48497192206,55248182263
6553601,8192,1,698398,47187351487,54900311446
6561793,8192,1,737557,48788349686,54396105640
6569985,8192,1,764170,49888523955,57333296597
6578177,8192,1,680236,49997697795,50261064259
6586369,8192,1,749999,53088340658,52442728994
6594561,8192,1,705784,48019131508,54188228126
6602753,8192,1,656423,46400710382,52783836246
6610945,8192,1,849783,47748915390,57185160600
6619137,8192,1,801148,47807608803,57944141621
6627329,8192,1,765408,46669797740,54603466303
6635521,8192,1,743150,46887794423,55113230256
6643713,8192,1,665607,45877233135,56361537560
6651905,8192,1,758736,47427946240,59569875265
6660097,8192,1,827631,47805700088,57481417538
6668289,8192,1,740827,47033958754,56638499344
6676481,8192,1,701546,45737135850,54329835346
6684673,8192,1,693026,47473036303,56490833183
6692865,8192,1,744005,47361939810,54594511041
6701057,8192,1,728159,45355462532,54333528431
6709249,8192,1,803323,48175195526,57078508472
6717441,8192,1,731903,47282679908,55815543030
6725633,8192,1,669779,47058450238,51020283990
6733825,8192,1,736446,51234504987,55916164196
6742017,8192,1,845497,51556557281,59043471321
6750209,8192,1,783040,49450537411,55252757537
6758401,8192,1,785734,48600607825,51837048910
6766593,8192,1,644335,43880086628,47552360140
6774785,8192,1,718306,45320242271,51252282299
6782977,8192,1,787787,49300862376,54944629122
6791169,8192,1,797132,51216997662,54028090496
6799361,8192,1,778579,54480612692,66377409823
6807553,8192,1,777106,54418924892,63136371340
6815745,8192,1,641142,49816057934,61269176719
6823937,8192,1,767187,52605381030,61920819694
6832129,8192,1,795755,53448736123,65870200684
6840321,8192,1,787802,52776478133,66691965254
6848513,8192,1,788128,50809483628,65466385817
6856705,8192,1,703447,48678621512,62632153892
6864897,8192,1,720780,48100014209,57927130861
6873089,8192,1,753391,48766101024,56573958727
6881281,8192,1,726756,48283626988,57808375671
6889473,8192,1,759040,48229905528,55725646722
6897665,8192,1,733910,48871665264,60767523848
6905857,8192,1,752177,49522415159,59212292883
6914049,8192,1,802193,51410592357,56907417393
6922241,8192,1,859621,51928120590,60517411606
6930433,8192,1,800774,50391395202,57990769292
6938625,8192,1,748654,49387623217,57018012648
6946817,8192,1,796267,50255220086,60131176302
6955009,8192,1,748240,51693407873,55250967459
6963201,8192,1,806363,50150885645,61330473359
6971393,8192,1,728569,48656564463,59281537754
6979585,8192,1,735352,51199560672,62218702040
6987777,8192,1,699021,48682911486,64058412802
6995969,8192,1,634120,45831406577,54604791821
7004161,8192,1,892155,50536556554,61913164559
7012353,8192,1,782030,49273441119,60159064665
7020545,8192,1,741045,46097890688,56057074092
7028737,8192,1,762443,45093991002,57863508104
7036929,8192,1,853754,46603908786,57763701091
7045121,8192,1,810342,46377293130,57879977570
7053313,8192,1,770343,47471980730,57837898702
7061505,8192,1,683334,43555846112,52567409057
7069697,8192,1,838780,46875030520,58094674813
7077889,8192,1,763229,48582059456,55662053099
7086081,8192,1,751041,45191788480,54299271729
7094273,8192,1,795784,48515590361,55818581558
7102465,8192,1,787430,49228707462,54670385112
7110657,8192,1,985470,55948602087,60896342318
7118849,8192,1,879750,52775047845,59429766407
7127041,8192,1,771176,49224643811,57987744234
7135233,8192,1,810937,53308284328,62148734626
7143425,8192,1,915819,55117039138,64852870717
7151617,8192,1,910815,54754117820,61738036913
7159809,8192,1,886198,58713975871,66210934496
7168001,8192,1,726666,49138506055,54718013533
7176193,8192,1,693336,47109751685,53868422621
7184385,8192,1,724525,48036349840,51047380187
7192577,8192,1,708302,48268198216,52051909140
7200769,8192,1,727507,50120021956,55048319832
7208961,8192,1,790346,53098340347,60740124989
7217153,8192,1,906974,56741329110,62233963407
7225345,8192,1,933614,58596654890,65727960832
7233537,8192,1,885596,58671527494,64160852267
7241729,8192,1,1016104,61069572685,69069795596
7249921,8192,1,1020630,61369308543,65374363231
7258113,8192,1,985675,61058114637,69638208435
7266305,8192,1,1024395,60799942581,66569900644
7274497,8192,1,1073993,62911729753,72664768954
7282689,8192,1,959353,60722933235,68495040107
7290881,8192,1,721417,51558952034,61184309008
7299073,8192,1,635467,47439182717,58481812871
7307265,8192,1,768990,52539940390,61907857369
7315457,8192,1,782838,50497801672,61167713498
7323649,8192,1,736531,48680635829,57129453758
7331841,8192,1,693431,48979000213,58652417678
7340033,8192,1,700353,48470463657,58344165549
7348225,8192,1,656165,47754014325,54233255362
7356417,8192,1,706952,49781969594,59288269094
7364609,8192,1,702560,51552295972,57296002954
7372801,8192,1,748488,51189895210,58473413653
7380993,8192,1,672970,50289379405,55978409354
7389185,8192,1,618374,46747527961,56488164908
7397377,8192,1,731407,53849189259,59303585604
7405569,8192,1,823103,54459907520,60351052490
7413761,8192,1,820567,57996395789,64560394919
7421953,8192,1,759259,54880499899,61513985839
7430145,8192,1,709874,50266481813,56510722705
7438337,8192,1,799413,52617562312,61876122331
7446529,8192,1,803464,53862112844,62915047120
7454721,8192,1,776283,53348274726,60711776574
7462913,8192,1,841975,55623955618,62153259387
7471105,8192,1,853955,57452318218,66338339035
7479297,8192,1,795154,56297422443,64242295711
7487489,8192,1,889445,56376229780,68034479330
7495681,8192,1,1021969,60023042579,72268164687
7503873,8192,1,875237,55313971334,66524404480
7512065,8192,1,775071,49429826010,60353155374
7520257,8192,1,725889,47064363363,57004716200
7528449,8192,1,834843,51650564844,63496697697
7536641,8192,1,789507,50757917942,63093059296
7544833,8192,1,867687,54598783786,61924941345
7553025,8192,1,960725,56469515355,64037762185
7561217,8192,1,815707,50313874323,62428689780
7569409,8192,1,666231,46144005917,56583519494
7577601,8192,1,832815,54175134238,57763973127
7585793,8192,1,885526,58087439964,63412169545
7593985,8192,1,861278,55905434119,62886894699
7602177,8192,1,852806,50342783962,64556731884
7610369,8192,1,887841,49888381296,62991403654
7618561,8192,1,860187,54950616424,60931239321
7626753,8192,1,915348,54030183176,64584823028
7634945,8192,1,852309,51681051150,63268524468
7643137,8192,1,912370,53049696773,63226838317
7651329,8192,1,738803,45900258701,55525064301
7659521,8192,1,713836,45748826296,53776290489
7667713,8192,1,848035,50538533259,59231207709
7675905,8192,1,937742,55323766578,65484073817
7684097,8192,1,787627,54383889810,57944314187
7692289,8192,1,833589,53247672067,59301146045
7700481,8192,1,814204,49535470442,59814382154
7708673,8192,1,903137,54358941917,60848343050
7716865,8192,1,801151,62622317283,55367402157
7725057,8192,1,905524,59014777802,66348996261
7733249,8192,1,960512,58327935763,71212250554
7741441,8192,1,936278,56411432504,69007309934
7749633,8192,1,890324,53572479595,70550558402
7757825,8192,1,1027125,58522479696,76264180143
7766017,8192,1,1065365,61612038604,80407131355
7774209,8192,1,1133091,62039236317,77812803538
7782401,8192,1,1013568,61944787561,78208051881
7790593,8192,1,977456,60660792594,73554856073
7798785,8192,1,1062407,59684547724,76365537002
7806977,8192,1,1017774,59902115809,74011349224
7815169,8192,1,1154301,60693446908,75384674144
7823361,8192,1,1129298,60341384806,74862929245
7831553,8192,1,1048171,56590059373,70231410686
7839745,8192,1,1006866,55276418358,69888947835
7847937,8192,1,1266339,61467920318,75195088482
7856129,8192,1,1153575,60984143819,71018213626
7864321,8192,1,1115475,59852831907,74943042642
7872513,8192,1,1148287,60908945609,71594502700
7880705,8192,1,1236171,60021117831,77360548250
7888897,8192,1,1119286,58582250428,71782048045
7897089,8192,1,1116862,59438959515,71893952498
7905281,8192,1,1053564,59511201019,70799758158
7913473,8192,1,1018766,59916578393,72952934297
7921665,8192,1,1163030,58202234652,66578796086
7929857,8192,1,932972,56541598892,69137514400
7938049,8192,1,1335617,61768841096,75312479772
7946241,8192,1,1126115,60333225913,76811372323
7954433,8192,1,930625,59253863905,77323641673
7962625,8192,1,1155991,60318831521,76875728227
7970817,8192,1,1149787,58205892161,74260057819
7979009,8192,1,1168100,58675133580,74058756152
7987201,8192,1,1109590,60201568915,71659716269
7995393,8192,1,1246696,60953748469,71033875327
8003585,8192,1,1072671,58459135873,74448529847
8011777,8192,1,915176,52150084703,71213234010
8019969,8192,1,1048977,54347088319,71927188754
8028161,8192,1,1161083,57901070063,70970727871
8036353,8192,1,1038066,60739991885,71244283606
8044545,8192,1,1058512,61452870344,68455856347
8052737,8192,1,1224568,57520110354,68675204968
8060929,8192,1,883351,49034881564,62786062862
8069121,8192,1,1093556,54937862712,67728970845
8077313,8192,1,1171620,58985335698,73814483569
8085505,8192,1,970944,57604952668,71364883351
8093697,8192,1,1018286,53175452767,67600045699
8101889,8192,1,907967,52281783686,64757195501
8110081,8192,1,872493,50955441103,64723904796
8118273,8192,1,1016880,55439650663,70410096463
8126465,8192,1,893543,53041319100,68840550486
8134657,8192,1,1199821,58355280103,73145555015
8142849,8192,1,872903,50503746198,66541685018
8151041,8192,1,753363,48910092076,65221861363
8159233,8192,1,888841,55200745635,70398949167
8167425,8192,1,1358869,61654254721,67530781551
8175617,8192,1,919344,57647015958,71093985022
8183809,8192,1,948309,52872475578,65527721692
8192001,8192,1,738324,46746541520,60046583767
8200193,8192,1,738422,45469577722,58129930066
8208385,8192,1,812997,50384096789,63282148891
8216577,8192,1,1006640,52371646321,61515889740
8224769,8192,1,1163238,59595554009,69766621578
8232961,8192,1,798761,53019994658,64236506133
8241153,8192,1,697829,51960965721,60711959514
8249345,8192,1,841109,52000342474,64078382104
8257537,8192,1,930193,54459937700,69397943910
8265729,8192,1,975208,58222853369,70493289162
8273921,8192,1,1020904,56306070571,67299227776
8282113,8192,1,938526,53080739771,61305933346
8290305,8192,1,820570,51981464609,66498361304
8298497,8192,1,940581,58623412073,68690974818
8306689,8192,1,877846,57683653048,67627148961
8314881,8192,1,914277,57238738726,69730935863
8323073,8192,1,880678,51566549035,65696033359
8331265,8192,1,763133,51489770819,73895428708
8339457,8192,1,835498,52115559990,63814961583
8347649,8192,1,940995,53853618011,65421636226
8355841,8192,1,935120,59792349550,70132657692
8364033,8192,1,849350,54624898279,66102261799
8372225,8192,1,826549,50554075020,62931214012
8380417,8192,1,893359,53524916702,64886250786
8388609,8192,1,950037,59670381591,75149844462
8396801,8192,1,851952,59067138486,66261939069
8404993,8192,1,971316,58701071184,70424242161
8413185,8192,1,957288,57866515165,71868595390
8421377,8192,1,838965,57549256819,63977246072
8429569,8192,1,893296,61104343635,61123419257
8437761,8192,1,993838,59809150417,69527696007
8445953,8192,1,964813,60789904230,71591523583
8454145,8192,1,839047,59657647316,65231752827
8462337,8192,1,854037,59372454307,63765265684
8470529,8192,1,970235,60191471319,66306915455
8478721,8192,1,988342,61800831528,66099726858
8486913,8192,1,828164,61286830855,61936157556
8495105,8192,1,1002499,62022730823,64378526365
8503297,8192,1,989779,61828220456,62611654174
8511489,8192,1,835312,61844907375,57661448864
8519681,8192,1,889469,61679703719,58535775098
8527873,8192,1,965347,61385667796,60305399872
8536065,8192,1,931052,61592837583,61593936016
8544257,8192,1,754048,61629636775,56629994106
8552449,8192,1,803745,61961780469,59542249995
8560641,8192,1,939276,63530816772,63584077120
8568833,8192,1,851417,65923346777,62943862371
8577025,8192,1,841049,65623489141,62241598242
8585217,8192,1,992152,73222626803,69123777945
8593409,8192,1,817459,77878755186,65875330503
8601601,8192,1,699019,76628772865,66038103062
8609793,8192,1,811933,78058009201,65714299604
8617985,8192,1,949393,77470743277,75475948460
8626177,8192,1,869464,75793509999,70993545828
8634369,8192,1,739889,74187688186,65429719363
8642561,8192,1,818926,77685558439,70082318009
8650753,8192,1,825924,78026267904,72367810728
8658945,8192,1,812147,70393239512,80004350113
8667137,8192,1,785673,61570806794,71470189926
8675329,8192,1,816542,65781442449,68955172470
8683521,8192,1,757973,54004019478,66646005358
8691713,8192,1,683329,52246980326,62091300691
8699905,8192,1,849122,55659160493,67235340369
8708097,8192,1,975466,59263476741,72366813737
8716289,8192,1,913001,59041577975,72698538355
8724481,8192,1,868978,54281558998,66990781077
8732673,8192,1,805391,49494687484,61289098375
8740865,8192,1,812980,52561159401,63649637160
8749057,8192,1,822366,52666178343,64743634711
8757249,8192,1,919564,56098391378,67793761878
8765441,8192,1,968016,57877117485,69883347825
8773633,8192,1,860153,51481505907,62612514846
8781825,8192,1,790868,47257860195,57422910020
8790017,8192,1,942832,53538052783,64936914334
8798209,8192,1,940694,61685676481,73286997978
8806401,8192,1,885927,61658922238,66933956839
8814593,8192,1,1038029,61369004831,74422327472
8822785,8192,1,879793,52146272787,64539999214
8830977,8192,1,878509,55697156073,67263771124
8839169,8192,1,964736,62541552293,81824362057
8847361,8192,1,996914,61590833329,79739756567
8855553,8192,1,885028,55127615561,62679402493
8863745,8192,1,791523,55304861134,66493658902
8871937,8192,1,849887,63786091420,82030915494
8880129,8192,1,902373,61012686158,74040175038
8888321,8192,1,941387,59426643172,70810666175
8896513,8192,1,1133114,63866621409,83448765135
8904705,8192,1,802562,63727133550,85146435443
8912897,8192,1,845445,61409418399,82591062387
8921089,8192,1,1017609,65029754319,85648041836
8929281,8192,1,907925,63564436196,81281533534
8937473,8192,1,967802,66232587516,83732172272
8945665,8192,1,897482,65346650167,84577507101
8953857,8192,1,750217,65003544141,71571580604
8962049,8192,1,1086994,67502783028,84513832895
8970241,8192,1,951713,66237749089,80411459990
8978433,8192,1,981183,69267416517,77633364958
8986625,8192,1,1055590,68273551884,89204231968
8994817,8192,1,780717,56833119505,76557520923
9003009,8192,1,1036805,73004597454,88281353555
9011201,8192,1,1012222,71455636535,82267312520
9019393,8192,1,874242,71548472212,81122500770
9027585,8192,1,971248,66791843410,81712356859
9035777,8192,1,840102,64595196013,78745536036
9043969,8192,1,994170,64934612725,80637543827
9052161,8192,1,888691,65383679263,80688806925
9060353,8192,1,942244,57388886441,72910033713
9068545,8192,1,701653,48078807041,60685586492
9076737,8192,1,754798,61024714378,71870327645
9084929,8192,1,908482,65338335472,77002883961
9093121,8192,1,898709,68826620520,83026359003
9101313,8192,1,947022,69761741984,78169272454
9109505,8192,1,855685,64915604147,76426499678
9117697,8192,1,936510,68593558199,80340315378
9125889,8192,1,1110657,74193543274,89604929007
9134081,8192,1,974020,71692480309,85977818135
9142273,8192,1,971906,69278593897,86073487541
9150465,8192,1,940651,67361910005,84189245391
9158657,8192,1,931319,67770003761,85394754167
9166849,8192,1,1003627,67301994373,88346478452
9175041,8192,1,901224,64936435027,83619917580
9183233,8192,1,768025,58547006772,72700854886
9191425,8192,1,992708,64118389903,84168929814
9199617,8192,1,767537,60728207372,79931833519
9207809,8192,1,741824,53901328760,75335329111
9216001,8192,1,698064,49104444455,65301886983
9224193,8192,1,643992,47707551961,72856213865
9232385,8192,1,827015,55845001987,71340449068
9240577,8192,1,847844,59333225580,72267445684
9248769,8192,1,757262,52846524981,64956248797
9256961,8192,1,716538,54524823239,66336904601
9265153,8192,1,714126,49995214601,58803418926
9273345,8192,1,716731,54250605891,65981244860
9281537,8192,1,763184,56104624149,70169559835
9289729,8192,1,852003,63108379279,76982129964
9297921,8192,1,904053,60658920099,72525666782
9306113,8192,1,828610,56073471319,72280916037
9314305,8192,1,742441,55013686452,69617232420
9322497,8192,1,731295,52787689502,65261180207
9330689,8192,1,708369,52392880422,63734240503
9338881,8192,1,664925,47456678772,61253607896
9347073,8192,1,627062,59045841516,70889692266
9355265,8192,1,542072,51533409470,61921821026
9363457,8192,1,553768,51823161640,61759713980
9371649,8192,1,664552,57497993985,71572587500
9379841,8192,1,665352,58873592863,71351746764
9388033,8192,1,708523,60684737157,74435477812
9396225,8192,1,742494,61352845542,73384605733
9404417,8192,1,682535,52096944972,66711359453
9412609,8192,1,730720,56467680323,74267028265
9420801,8192,1,659919,65708295301,93023545481
9428993,8192,1,805946,68506237462,96512201860
9437185,8192,1,799261,70730540231,98080953610
9445377,8192,1,782815,64727852547,86652278369
9453569,8192,1,806095,57998734790,76696431592
9461761,8192,1,873153,60674145097,75165899693
9469953,8192,1,978600,68453757397,90704328927
9478145,8192,1,932038,68593126285,89402684951
9486337,8192,1,969887,65412428592,83873818624
9494529,8192,1,871662,61072195102,79174913214
9502721,8192,1,880415,67010896351,90789542648
9510913,8192,1,877077,62637487079,81107137337
9519105,8192,1,892491,66341797417,84271339218
9527297,8192,1,886525,63743218469,83125162884
9535489,8192,1,763034,56916289211,74240127948
9543681,8192,1,755739,51749236039,71688783274
9551873,8192,1,873175,63714325503,84607008614
9560065,8192,1,894671,66968083563,91765198073
9568257,8192,1,871975,67196685161,94105079695
9576449,8192,1,833002,63337835446,90187553170
9584641,8192,1,804983,57162122774,81715691244
9592833,8192,1,852642,58816487988,87523093425
9601025,8192,1,804419,61358444080,94613944425
9609217,8192,1,849312,58233450860,89003486686
9617409,8192,1,927929,63536028152,96215812536
9625601,8192,1,813905,59495790605,91536363811
9633793,8192,1,774141,59853748240,96002674664
9641985,8192,1,1008519,71796902215,103466539586
9650177,8192,1,946237,66707485905,90054590378
9658369,8192,1,908074,73540668043,105094784368
9666561,8192,1,1048466,76252778127,101970863463
9674753,8192,1,866412,68574360918,91276176609
9682945,8192,1,932972,70752871888,98570205906
9691137,8192,1,979047,71791734313,99673794633
9699329,8192,1,918888,67817796157,97173302989
9707521,8192,1,1104725,71177466006,105174001352
9715713,8192,1,1104271,71716325188,110625821757
9723905,8192,1,963052,66999392072,93612860312
9732097,8192,1,1005464,65795578186,94884597819
9740289,8192,1,1059837,67994246828,97930001542
9748481,8192,1,979162,67629006993,96533549113
9756673,8192,1,885081,62292836211,88673588397
9764865,8192,1,833802,62457382863,87127783256
9773057,8192,1,837546,61034522068,82489903643
9781249,8192,1,946051,67857791102,92367543621
9789441,8192,1,819208,65866256100,87678563516
9797633,8192,1,924104,68240421801,95426063397
9805825,8192,1,881246,68247029882,91022043158
9814017,8192,1,778987,66071308722,86332383881
9822209,8192,1,911174,69795340731,98056629642
9830401,8192,1,1006706,71978418806,101327445263
9838593,8192,1,1038633,71509025018,102396248124
9846785,8192,1,896865,69792988764,96440030646
9854977,8192,1,847711,67034768302,90002393043
9863169,8192,1,911641,68667883187,93803041631
9871361,8192,1,996682,70107950073,95975374907
9879553,8192,1,973566,69625920413,97730629517
9887745,8192,1,993179,71185747311,98181106554
9895937,8192,1,1003198,70717713319,99908109249
9904129,8192,1,1002534,71808040774,102814820597
9912321,8192,1,973237,71613101484,100297473029
9920513,8192,1,1033485,72846155160,98246685154
9928705,8192,1,1031123,73635393603,103280212231
9936897,8192,1,1080661,74097718137,103240044715
9945089,8192,1,978766,70891484395,97701597756
9953281,8192,1,1042650,72417886178,101358993270
9961473,8192,1,1112412,74009890439,104352543663
9969665,8192,1,1081752,73469731113,104897741912
9977857,8192,1,1115522,75780146275,106727620984
9986049,8192,1,1042699,73335453765,105823771521
9994241,8192,1,1012025,72304159780,103679501351
10002433,8192,1,947807,73177316635,102535920708
10010625,8192,1,993860,74248158794,101944580174
10018817,8192,1,1083307,76321832298,107616151002
10027009,8192,1,1144640,76778212899,108461402717
10035201,8192,1,1106267,76509496209,109695652250
10043393,8192,1,1136468,76529152684,106523169466
10051585,8192,1,1143192,76622953602,109188294308
10059777,8192,1,1071558,76691528658,104669853800
10067969,8192,1,1035874,75016157201,103162290884
10076161,8192,1,1190056,75265046958,103883099164
10084353,8192,1,1052095,76722732640,106994093400
10092545,8192,1,1059358,76839914668,108998498553
10100737,8192,1,1078590,77061038954,104985872097
10108929,8192,1,1104262,76917215732,97278931108
10117121,8192,1,1171376,77120896113,103260569273
10125313,8192,1,1065388,77604654123,109123064771
10133505,8192,1,1080586,77621034018,102762850444
10141697,8192,1,1185945,77375102520,104304391345
10149889,8192,1,1118057,77079879819,101955592583
10158081,8192,1,1140551,77535086646,107717984204
10166273,8192,1,1201889,77314405596,107039318315
10174465,8192,1,1114490,77129632609,106663763173
10182657,8192,1,1131014,76977719808,105993754885
10190849,8192,1,1225990,76646881261,106157582172
10199041,8192,1,1193971,77200838933,103362395830
10207233,8192,1,1174049,77770485494,105259969417
10215425,8192,1,1131601,77893106666,102706926205
10223617,8192,1,1214716,77082495252,104960929675
10231809,8192,1,1239036,76812658037,105789985008
10240001,8192,1,1174334,77539060580,107630625591
10248193,8192,1,1147536,77645370823,110165786967
10256385,8192,1,1130296,76924591639,107585265055
10264577,8192,1,1030018,77324495149,107492856722
10272769,8192,1,1086505,77623073831,107917926861
10280961,8192,1,1133919,77708872357,107232974116
10289153,8192,1,1154060,77788627230,109544736065
10297345,8192,1,1188569,79487887047,114875351766
10305537,8192,1,1162732,92108783782,135141903320
10313729,8192,1,1258422,92807705936,130076508201
10321921,8192,1,1454915,92532120917,126384519417
10330113,8192,1,1363088,93006927167,130302826289
10338305,8192,1,1297387,91799653406,127897827029
10346497,8192,1,1317779,93102367684,131457244300
10354689,8192,1,1316959,92167733414,130433138452
10362881,8192,1,1294409,91868826372,127525081452
10371073,8192,1,1371189,92625323824,127409311908
10379265,8192,1,1370935,91279955444,126317026270
10387457,8192,1,1323638,91353035083,128043388574
10395649,8192,1,1176812,92192015743,131886367654
10403841,8192,1,1130901,92191092473,126722553817
10412033,8192,1,1365356,91517607743,127632279915
10420225,8192,1,1350461,91558164098,127675916752
10428417,8192,1,1325279,93052871840,130881082022
10436609,8192,1,1315451,92424243235,128496131524
10444801,8192,1,1280543,91824104587,130897824335
10452993,8192,1,1386630,92677741195,128994860522
10461185,8192,1,1350573,93443272480,134985697548
10469377,8192,1,1413221,93408214190,127749572911
10477569,8192,1,1409852,91813150323,120227359838
10485761,8192,1,1325146,92491978229,127977229581
10493953,8192,1,1360475,93375068735,130395018875
10502145,8192,1,1477277,93028293528,128988799484
10510337,8192,1,1458912,93395121237,130998715687
10518529,8192,1,1407547,93881286759,136176393302
10526721,8192,1,1441709,95010075686,132253199755
10534913,8192,1,1517598,98525141995,141399326261
10543105,8192,1,1527082,98878550793,138788030733
10551297,8192,1,1529306,98563439926,142050940068
10559489,8192,1,1488034,98120186326,133566104532
10567681,8192,1,1545901,98405600084,135694490086
10575873,8192,1,1481930,98131779771,137955472109
10584065,8192,1,1392202,98224165663,138687924840
10592257,8192,1,1533065,98063078190,134658629231
10600449,8192,1,1520463,98076761196,137957311543
10608641,8192,1,1485632,97643007726,134861875782
10616833,8192,1,1537129,98094168122,134347051626
10625025,8192,1,1531409,97567851758,131218525924
10633217,8192,1,1605029,98527900785,130951721469
10641409,8192,1,1581691,98109215587,129262551532
10649601,8192,1,1533873,98321831677,122913036329
10657793,8192,1,1556816,98751922551,124719051147
10665985,8192,1,1455320,98419002087,132333186805
10674177,8192,1,1399828,98856138099,130166654381
10682369,8192,1,1543182,99064986797,129373430607
10690561,8192,1,1541635,98835373983,128308283045
10698753,8192,1,1495339,99053764120,131977110247
10706945,8192,1,1535453,99205973257,133802817589
10715137,8192,1,1411860,98432768557,132840703221
10723329,8192,1,1465940,98922916151,132583314259
10731521,8192,1,1445079,99057744442,130774898040
10739713,8192,1,1409598,98835109309,132783984262
10747905,8192,1,1434689,98604438114,131159368037
10756097,8192,1,1432351,98393824834,128556066256
10764289,8192,1,1436449,98995119384,125334706206
10772481,8192,1,1494024,98865322370,123104369922
10780673,8192,1,1564213,98943876509,122007154378
10788865,8192,1,1487517,99069578049,121353657755
10797057,8192,1,1431398,98631734597,128577913289
10805249,8192,1,1279797,97861496443,129771450254
10813441,8192,1,1314075,99369544817,132205816185
10821633,8192,1,1326300,98850079622,133311902963
10829825,8192,1,1297628,99169380318,130949225314
10838017,8192,1,1376879,98939998883,129251224737
10846209,8192,1,1346219,99403792278,133366220814
10854401,8192,1,1323252,99251403001,132938241873
10862593,8192,1,1334976,99494857878,135745293812
10870785,8192,1,1341365,99559553820,135003258793
10878977,8192,1,1470136,99262735048,131075852698
10887169,8192,1,1685788,99549571043,126454154506
10895361,8192,1,1395013,99353151545,133359184280
10903553,8192,1,1353200,99129856294,132295339950
10911745,8192,1,1436134,99015606534,132559111823
10919937,8192,1,1372106,99208153089,131377334706
10928129,8192,1,1338149,99199886160,133389218137
10936321,8192,1,1303750,99210160521,133448332521
10944513,8192,1,1283208,99611151083,132939624874
10952705,8192,1,1319801,99531959189,128012687551
10960897,8192,1,1352636,99310002799,129267659491
10969089,8192,1,1375102,99466085443,131667120463
10977281,8192,1,1318730,99628423479,136235943060
10985473,8192,1,1227266,99669860657,130916963159
10993665,8192,1,1251634,99764662138,131470760809
11001857,8192,1,1356592,99619090549,132012192416
11010049,8192,1,1378517,99485553104,135422666666
11018241,8192,1,1275742,98374192970,131327664692
11026433,8192,1,1354490,99298692809,133502778308
11034625,8192,1,1310112,97186693575,130390997587
11042817,8192,1,1334103,99245280398,133585615611
11051009,8192,1,1363729,99758052158,133552410795
11059201,8192,1,1433294,99811214650,133536857728
11067393,8192,1,1554046,99865509853,140185956074
11075585,8192,1,1348576,99492264844,139508114528
11083777,8192,1,1248034,99629928157,138662863861
11091969,8192,1,1401515,99673560434,142756374616
11100161,8192,1,1447762,99741103137,139127258814
11108353,8192,1,1485144,99829077573,141296622902
11116545,8192,1,1398817,99670502872,137653524808
11124737,8192,1,1270161,99750583272,135710805774
11132929,8192,1,1320965,100173706874,136053757822
11141121,8192,1,1325674,99897977809,139147956387
11149313,8192,1,1402938,99852564415,136839450278
11157505,8192,1,1427512,99848646888,135924538795
11165697,8192,1,1399016,99824607865,136868773480
11173889,8192,1,1294020,99650819487,139156678508
11182081,8192,1,1438620,99932057170,141194663926
11190273,8192,1,1438914,100005225132,139057875210
11198465,8192,1,1443942,99739876237,141122735224
11206657,8192,1,1412633,99729278350,140941957850
11214849,8192,1,1380570,99693471850,141438959870
11223041,8192,1,1383145,99903866172,140964664524
11231233,8192,1,1478358,100104962850,142964674738
11239425,8192,1,1347924,99887377082,140014349776
11247617,8192,1,1381274,100222018318,137777200952
11255809,8192,1,1444439,99786699446,138917649401
11264001,8192,1,1316079,99890293002,139524953933
11272193,8192,1,1347710,99946984814,139894563440
11280385,8192,1,1484505,99851935427,141807397050
11288577,8192,1,1396744,99998982049,144396331903
11296769,8192,1,1470900,99784151152,141981308806
11304961,8192,1,1430049,99687376856,145303422743
11313153,8192,1,1453839,99667400561,145798078188
11321345,8192,1,1595756,99733144268,143411152692
11329537,8192,1,1528036,99788326430,143386085472
11337729,8192,1,1445057,99542969394,145053780213
11345921,8192,1,1359299,100074192393,143757114295
11354113,8192,1,1214427,99786388904,142375824787
11362305,8192,1,1448539,99876697498,147503312733
11370497,8192,1,1443442,99905517041,147840033474
11378689,8192,1,1372946,99494705111,142949632510
11386881,8192,1,1460716,99919270857,146266663503
11395073,8192,1,1324871,99802789764,146501571578
11403265,8192,1,1294644,99751712798,142669120050
11411457,8192,1,1427163,99936036914,144003358168
11419649,8192,1,1470939,99901096311,144845577775
11427841,8192,1,1374494,99957562220,143278600246
11436033,8192,1,1412862,100230306566,141514624819
11444225,8192,1,1374249,100053691309,140650732158
11452417,8192,1,1571219,99840223592,141945263708
11460609,8192,1,1495879,100010686253,142011698769
11468801,8192,1,1604419,100116741671,146048069388
11476993,8192,1,1633118,99820704698,144337287881
11485185,8192,1,1504462,99935838936,150576874395
11493377,8192,1,1317697,100499782245,149482771388
11501569,8192,1,1456024,100174119560,144130777522
11509761,8192,1,1513323,100006134277,140290371366
11517953,8192,1,1519607,99951925790,148064522852
11526145,8192,1,1383406,99807024509,144247390285
11534337,8192,1,1422653,100061173912,150021002529
11542529,8192,1,1545477,99930647157,149711330250
11550721,8192,1,1558532,100242503361,147147617032
11558913,8192,1,1504436,99761429052,142173136113
11567105,8192,1,1457170,99838244510,146945038128
11575297,8192,1,1421856,100360462892,150150738714
11583489,8192,1,1555722,100143247311,148713675490
11591681,8192,1,1574678,99900660852,150773646251
11599873,8192,1,1594565,100048647754,148645718145
11608065,8192,1,1659040,100329595801,155858461116
11616257,8192,1,1617443,100220177970,149890930359
11624449,8192,1,1532623,100080599389,149578548993
11632641,8192,1,1542361,100037161583,148987962077
11640833,8192,1,1571861,100308996380,146342353872
11649025,8192,1,1395721,100378559333,150489861709
11657217,8192,1,1490221,100226114683,151534123992
11665409,8192,1,1513739,99985733401,145701069560
11673601,8192,1,1486715,99964988407,146819775122
11681793,8192,1,1497379,99497295251,150847387105
11689985,8192,1,1555675,99583756838,146493612725
11698177,8192,1,1526425,99975239456,142759504832
11706369,8192,1,1506885,100205850486,198980113680
11714561,8192,1,1417140,100076759648,203432759719
11722753,8192,1,1419327,100185239943,176429704148
11730945,8192,1,1535326,99752558396,153211293228
11739137,8192,1,1475350,100121062315,146498560119
11747329,8192,1,1462315,100110564487,146053708774
11755521,8192,1,1607984,100218708518,146040274296
11763713,8192,1,1561092,100091344980,142468072735
11771905,8192,1,1634365,99974635368,139090206189
11780097,8192,1,1611463,100152909187,147014020987
11788289,8192,1,1659488,100051303446,142125477345
11796481,8192,1,1665774,99976385541,138603067885
11804673,8192,1,1595345,99986758305,140163734131
11812865,8192,1,1524046,99728316562,142046502250
11821057,8192,1,1641213,100165414493,145732674181
11829249,8192,1,1680031,99908869524,143086345423
11837441,8192,1,1612325,99880712091,146255869161
11845633,8192,1,1614251,99971067648,145497476378
11853825,8192,1,1556277,99978320446,146048148614
11862017,8192,1,1512954,100017672279,147519964404
11870209,8192,1,1549037,99886206895,144217303127
11878401,8192,1,1571428,100164009970,146320976621
11886593,8192,1,1668305,100312517315,143523849003
11894785,8192,1,1682065,100025730811,148350747365
11902977,8192,1,1570310,100112225843,148995061686
11911169,8192,1,1644933,100154217941,148320888849
11919361,8192,1,1656821,100207884794,146000020222
11927553,8192,1,1582493,100126425907,144955160174
11935745,8192,1,1521475,100167079312,147395424666
11943937,8192,1,1521683,100388045346,154479786721
11952129,8192,1,1489299,99966830319,158954032028
11960321,8192,1,1544635,100287189976,153438141197
11968513,8192,1,1561452,100362822758,153376050118
11976705,8192,1,1547967,99807104865,153221082042
11984897,8192,1,1485163,100423627141,147671171540
11993089,8192,1,1491502,100554250927,146559810756
12001281,8192,1,1511597,100501602390,147039948318
12009473,8192,1,1613129,100389557491,151493041628
12017665,8192,1,1618139,100182492628,148855004235
12025857,8192,1,1670231,100793818551,145421230705
12034049,8192,1,1618179,100973456970,148688406918
12042241,8192,1,1636290,100626663293,148328279747
12050433,8192,1,1664045,100791135270,145488091633
12058625,8192,1,1614383,100610086286,145648871806
12066817,8192,1,1626536,100553630407,146094386419
12075009,8192,1,1627135,100664025896,150787969365
12083201,8192,1,1538091,100839562356,150478090058
12091393,8192,1,1630555,100752831001,145832516705
12099585,8192,1,1633198,100611408516,151241209860
12107777,8192,1,1693381,100714695598,148007067801
12115969,8192,1,1640460,100682351254,149365013608
12124161,8192,1,1538108,100693050780,152702894557
12132353,8192,1,1528903,100580839188,155234316642
12140545,8192,1,1638145,100567752635,152708483552
12148737,8192,1,1686577,100662518085,172239539774
12156929,8192,1,1700547,100764775287,167374421354
12165121,8192,1,1713298,100590983304,167870883412
12173313,8192,1,1558439,100652606920,164527453298
12181505,8192,1,1598931,100706966213,160816753790
12189697,8192,1,1658474,100768276142,155773966319
12197889,8192,1,1637377,100917775639,154939053971
12206081,8192,1,1654920,100978253443,155986459754
12214273,8192,1,1653938,101056372273,155009295415
12222465,8192,1,1558132,101083378473,162674571051
12230657,8192,1,1706312,101058340035,168251896939
12238849,8192,1,1767076,101153617321,162685577326
12247041,8192,1,1547107,101156385394,168603948344
12255233,8192,1,1807586,101213455045,156504287715
12263425,8192,1,1827918,101340557214,157224634468
12271617,8192,1,1812421,101225928616,158789394016
12279809,8192,1,1929005,102065174460,152534484343
12288001,8192,1,1974887,113736085303,174496496992
12296193,8192,1,2023402,120815230694,191031038256
12304385,8192,1,1812523,120875986075,189056270292
12312577,8192,1,1728126,121038645094,202326965452
12320769,8192,1,1828550,120484717452,200952706146
12328961,8192,1,1856686,120211855092,199557914564
12337153,8192,1,1960808,120130384288,188801103065
12345345,8192,1,1834647,120407730128,194775956399
12353537,8192,1,1789128,120394301428,199856118705
12361729,8192,1,1845221,120562860077,202280324629
12369921,8192,1,1928680,120791685995,198969877601
12378113,8192,1,1897871,120919218796,196568372203
12386305,8192,1,1956011,121273660873,196401662336
12394497,8192,1,2024916,121410961017,188589670704
12402689,8192,1,2206937,120878046089,187030493419
12410881,8192,1,2161590,121219190569,178561484639
12419073,8192,1,2154173,120712639060,173795187713
12427265,8192,1,2025421,121107996489,191260636224
12435457,8192,1,1919756,121298892011,190935722374
12443649,8192,1,1849268,121098408850,199382053792
12451841,8192,1,1841994,121305918840,201579730767
12460033,8192,1,1812728,121289513405,191936346271
12468225,8192,1,1836821,121131924561,203902383191
12476417,8192,1,1847130,121013257890,200649411140
12484609,8192,1,1726342,121110215473,201611552562
12492801,8192,1,1565797,121227551605,201986964682
12500993,8192,1,1661227,120989838462,195939786991
12509185,8192,1,1657744,121397791130,195061101348
12517377,8192,1,1686415,120881512313,195091109776
12525569,8192,1,1635921,121020595616,189161779730
12533761,8192,1,1638295,120828007952,194028528603
12541953,8192,1,1630729,121115033416,199316321077
12550145,8192,1,1669238,121350515963,196849162027
12558337,8192,1,1606500,120840646922,190877084090
12566529,8192,1,1705647,120843737763,201721771999
12574721,8192,1,1593840,120738844726,203755533967
12582913,8192,1,1428541,118845017866,198538432129
12591105,8192,1,1527605,119581549488,203088186642
12599297,8192,1,1538160,121177086792,201701203982
12607489,8192,1,1544054,120921611838,202622391440
12615681,8192,1,1489350,121042433482,203096295472
12623873,8192,1,1435704,119449851412,197508123558
12632065,8192,1,1452687,118027659375,198167462038
12640257,8192,1,1546021,120587022943,199046086960
12648449,8192,1,1522355,120371457890,200464735660
12656641,8192,1,1515099,120323786912,198958582299
12664833,8192,1,1463056,119801520354,195147752550
12673025,8192,1,1336569,117778012653,196092620036
12681217,8192,1,1523979,120492919264,206300552563
12689409,8192,1,1641347,120800581446,210602569382
12697601,8192,1,1517616,120209411085,204085047355
12705793,8192,1,1572885,120784865947,200801763702
12713985,8192,1,1443041,119223702600,199840860044
12722177,8192,1,1560503,118711360145,202906812342
12730369,8192,1,1710200,120752573783,211181202533
12738561,8192,1,1525513,120574020911,200245998080
12746753,8192,1,1545180,120340259097,198739833489
12754945,8192,1,1491209,119617730910,195354777221
12763137,8192,1,1419517,119567393503,198441389910
12771329,8192,1,1443602,118754868552,201283729095
12779521,8192,1,1749998,120716159388,186246077185
12787713,8192,1,1637823,120792717738,191289448960
12795905,8192,1,1547938,120670804712,191445041523
12804097,8192,1,1433400,119784397229,194681425170
12812289,8192,1,1468640,119538963045,194622678660
12820481,8192,1,1536022,121005829418,193208201895
12828673,8192,1,1544028,120698206806,195184679402
12836865,8192,1,1619752,120820573618,196948016225
12845057,8192,1,1531456,120973407095,191332309009
12853249,8192,1,1483024,120987635474,188105715885
12861441,8192,1,1519507,120664198995,203233403706
12869633,8192,1,1543637,120610778641,211033907264
12877825,8192,1,1551096,121002511251,208755692127
12886017,8192,1,1516209,121052750886,206245409827
12894209,8192,1,1517293,120791191879,213524963946
12902401,8192,1,1553524,121085055387,210208549830
12910593,8192,1,1693757,121300295216,206560445085
12918785,8192,1,1672044,121340799798,201391815353
12926977,8192,1,1655404,120941956310,202074094685
12935169,8192,1,1569906,120926210670,203831980239
12943361,8192,1,1540925,121105298293,210441568310
12951553,8192,1,1641688,121015559738,204645962468
12959745,8192,1,1563783,120859188337,206030269890
12967937,8192,1,1512297,121685096229,199543344633
12976129,8192,1,1516976,126805399318,203291586289
12984321,8192,1,1530715,126881112753,210584707488
12992513,8192,1,1500023,126849103803,209667537173
13000705,8192,1,1525062,126762365924,195803065952
13008897,8192,1,1570898,126628575442,198190416150
13017089,8192,1,1515070,126715629496,202263437321
13025281,8192,1,1491295,126737597201,191937792637
13033473,8192,1,1399447,126800876454,195802281107
13041665,8192,1,1612103,126573305644,201279571405
13049857,8192,1,1564889,126570069748,200711288684
13058049,8192,1,1549927,126511290892,203113670443
13066241,8192,1,1574840,126648398482,205788052474
13074433,8192,1,1517669,127023106100,206550792428
13082625,8192,1,1555248,127201822791,209313010003
13090817,8192,1,1556053,126522950159,201166692640
13099009,8192,1,1504861,126490789213,202290909613
13107201,8192,1,1482066,126504578382,201737032087
13115393,8192,1,1426374,126482546404,190445245795
13123585,8192,1,1422652,126575548760,194721029946
13131777,8192,1,1500669,126501919615,197584767157
13139969,8192,1,1580952,126501645806,194166158024
13148161,8192,1,1572191,126580580822,184990489940
13156353,8192,1,1502663,126435071350,173206098451
13164545,8192,1,1495807,126867900914,177191957464
13172737,8192,1,1485620,126758082578,185788365345
13180929,8192,1,1624283,126445008957,188598189982
13189121,8192,1,1487793,126454067159,180337880649
13197313,8192,1,1590087,126448018907,191796663919
13205505,8192,1,1603957,126508967574,203654502406
13213697,8192,1,1515619,126648476624,209441745950
13221889,8192,1,1594506,126480910175,201918235868
13230081,8192,1,1571457,126542193961,206682021185
13238273,8192,1,1535402,126591571689,201721894101
13246465,8192,1,1493317,126453218947,191364964778
13254657,8192,1,1432522,126495905368,206730741764
13262849,8192,1,1488041,126602949682,204404788462
13271041,8192,1,1487836,126367437642,193940531029
13279233,8192,1,1482494,126265843066,202111027619
13287425,8192,1,1540706,126290664704,201721495122
13295617,8192,1,1431213,126416230124,203659266016
13303809,8192,1,1381642,126377743039,198110117345
13312001,8192,1,1425200,126414184386,194908090508
13320193,8192,1,1446442,126433497478,199936087412
13328385,8192,1,1451568,126525699709,199270694115
13336577,8192,1,1488450,126443773151,191731360088
13344769,8192,1,1448829,126470974452,209515221375
13352961,8192,1,1435386,126473514687,208521883235
13361153,8192,1,1537204,126540746888,196396433087
13369345,8192,1,1706359,126382828597,198585703980
13377537,8192,1,1739316,126452726028,197793078114
13385729,8192,1,1559597,126463514796,199275440232
13393921,8192,1,1464328,126468436719,206366938563
13402113,8192,1,1527548,126619040869,195439274191
13410305,8192,1,1540567,126512649425,200907492498
13418497,8192,1,1579041,126657363768,199612869214
13426689,8192,1,1652004,126401984278,190812561627
13434881,8192,1,1484258,126375922545,204347167523
13443073,8192,1,1553385,126524177526,214040078610
13451265,8192,1,1545506,126393109813,200372265815
13459457,8192,1,1617660,126509408506,208786562483
13467649,8192,1,1617160,126539220161,204791561473
13475841,8192,1,1597888,126604477600,206556912819
13484033,8192,1,1607554,126579892965,207591670233
13492225,8192,1,1693151,126510267086,203539001626
13500417,8192,1,1730955,126614551074,194477232884
13508609,8192,1,1907030,126451741784,188680647051
13516801,8192,1,1860726,126544257334,197394452911
13524993,8192,1,1743498,126502399379,196722487514
13533185,8192,1,1699555,126537553304,199110911740
13541377,8192,1,1797680,126444001381,197561160925
13549569,8192,1,1806412,126438385106,207486342571
13557761,8192,1,1726244,126479692212,203847718437
13565953,8192,1,1638285,126346564082,210349952427
13574145,8192,1,1634714,126449381758,220660027539
13582337,8192,1,1718939,126525685269,202125889391
13590529,8192,1,1768713,126417251634,199026873136
13598721,8192,1,1731576,126409827801,197298462467
13606913,8192,1,1714696,126194994571,195398544017
13615105,8192,1,1662689,126332832338,209902371520
13623297,8192,1,1659344,126354562546,198193078699
13631489,8192,1,1688326,126167088507,202460460852
13639681,8192,1,1740343,126358272138,210242609676
13647873,8192,1,1656537,126321177990,201304019277
13656065,8192,1,1504782,126229054599,209498986685
13664257,8192,1,1627117,126324235982,208899848457
13672449,8192,1,1617372,126397597617,199678105288
13680641,8192,1,1717682,126185351143,208462871006
13688833,8192,1,1681875,126418968592,208718864888
13697025,8192,1,1659942,126214234182,209064484085
13705217,8192,1,1493091,126442876345,208427951757
13713409,8192,1,1639977,126344852300,206605562715
13721601,8192,1,1637728,126406992783,197932235154
13729793,8192,1,1662768,126254851194,205254182178
13737985,8192,1,1572229,126483226636,209293554749
13746177,8192,1,1626524,126076081216,212847649952
13754369,8192,1,1809146,126386695047,219500102772
13762561,8192,1,1603948,126355692540,211868443885
13770753,8192,1,1713010,126362941154,220287343185
13778945,8192,1,1595162,126358123369,217565537699
13787137,8192,1,1503295,126594660549,209931683646
13795329,8192,1,1492449,126654128960,216666893088
13803521,8192,1,1550781,126482616958,212800569416
13811713,8192,1,1601370,126555088393,211508547732
13819905,8192,1,1499991,126600144015,212336376266
13828097,8192,1,1579600,126426324518,207219463919
13836289,8192,1,1451918,126589449884,218965503503
13844481,8192,1,1485911,126671407417,206034351717
13852673,8192,1,1510421,126431496750,202488743717
13860865,8192,1,1590569,126516589514,205427423070
13869057,8192,1,1615665,126504700303,211953069271
13877249,8192,1,1657339,126494229879,207813253320
13885441,8192,1,1530995,126632403991,217495511296
13893633,8192,1,1593121,126305831185,213848426279
13901825,8192,1,1594780,126628482611,199316373632
13910017,8192,1,1574979,126512975265,205411986289
13918209,8192,1,1528537,126494511250,223408564993
13926401,8192,1,1485566,126581521439,212770201783
13934593,8192,1,1516224,126693079215,216298851159
13942785,8192,1,1526924,126579720747,207750738957
13950977,8192,1,1595071,126529604427,221959599915
13959169,8192,1,1523136,126501530450,221051444861
13967361,8192,1,1498767,126596003961,215777730923
13975553,8192,1,1406922,126595942080,203828747430
13983745,8192,1,1599497,126504388876,201275538737
13991937,8192,1,1623488,126638294462,209420618595
14000129,8192,1,1622392,126578067124,207213642136
14008321,8192,1,1539581,126538188694,200490001184
14016513,8192,1,1479134,126565197225,223458159580
14024705,8192,1,1502447,126588974527,214721553360
14032897,8192,1,1478763,126487822388,213405089915
14041089,8192,1,1533746,126627724761,212754195476
14049281,8192,1,1519738,126594957346,211125826868
14057473,8192,1,1519493,126528476406,215566277494
14065665,8192,1,1378968,126547954984,203230248932
14073857,8192,1,1474826,126438035641,214350401606
14082049,8192,1,1461458,126597812191,214885563998
14090241,8192,1,1463314,126464976827,208679858806
14098433,8192,1,1441040,126385694310,207505209993
14106625,8192,1,1436453,126491228880,216782178892
14114817,8192,1,1496948,126733919140,217306271490
14123009,8192,1,1496987,126542528909,213073313667
14131201,8192,1,1452980,126436119407,214729663327
14139393,8192,1,1423186,126572325359,216430993204
14147585,8192,1,1569308,126563222552,223274426205
14155777,8192,1,1464535,126571618605,218950048718
14163969,8192,1,1479519,126524555259,218550832142
14172161,8192,1,1499313,126468901517,221151644761
14180353,8192,1,1565348,126623168177,215687448111
14188545,8192,1,1470830,126464552679,218614256684
14196737,8192,1,1400549,126494842685,217844480229
14204929,8192,1,1453105,126753079308,224276953126
14213121,8192,1,1460111,126568950512,216511993809
14221313,8192,1,1520459,126652167619,214648640800
14229505,8192,1,1499272,126638616386,221060241566
14237697,8192,1,1548944,126740822535,217612091633
14245889,8192,1,1633816,126506755658,233590159695
14254081,8192,1,1445619,126723848661,214313313607
14262273,8192,1,1431866,126541088768,211512832002
14270465,8192,1,1484052,126508469815,218786018778
14278657,8192,1,1449156,126566654615,218001994472
14286849,8192,1,1474927,126698119621,223547460014
14295041,8192,1,1393083,126635507728,221036449584
14303233,8192,1,1469593,126594053976,214078635857
14311425,8192,1,1512033,126538804256,216723751915
14319617,8192,1,1481371,126576921156,221263065368
14327809,8192,1,1430169,126566265060,219921108867
14336001,8192,1,1419150,126722723223,218189130651
14344193,8192,1,1480284,126435774983,223689922294
14352385,8192,1,1528548,126476867898,234518046204
14360577,8192,1,1546887,126808255314,233024121230
14368769,8192,1,1435509,126571790084,226746191030
14376961,8192,1,1386650,126499954858,227111069225
14385153,8192,1,1382223,126651656770,226382691545
14393345,8192,1,1488051,126664579673,224134553583
14401537,8192,1,1553934,126545677652,228484118967
14409729,8192,1,1634007,126563665151,220856031802
14417921,8192,1,1442200,126580746495,225845301978
14426113,8192,1,1413632,126478067233,232460881156
14434305,8192,1,1548109,126551840239,229037958830
14442497,8192,1,1470527,126615549801,229312536994
14450689,8192,1,1478434,126677467809,222583194679
14458881,8192,1,1458738,126597790863,220411227315
14467073,8192,1,1426514,126403031347,224667611413
14475265,8192,1,1482168,126709937913,229742551216
14483457,8192,1,1557468,126539321538,223959046599
14491649,8192,1,1470187,126437944162,222193530858
14499841,8192,1,1477967,126523369672,219183750688
14508033,8192,1,1465952,126535822834,246111807636
14516225,8192,1,1348724,126493420690,227589853030
14524417,8192,1,1408175,126557593458,223248099566
14532609,8192,1,1417407,126601214291,220921977873
14540801,8192,1,1453750,126608916838,219802971281
14548993,8192,1,1403369,126516523197,217332998847
14557185,8192,1,1395108,126600906242,228589281350
14565377,8192,1,1422523,126760302959,222721765580
14573569,8192,1,1419444,126405917316,216180932567
14581761,8192,1,1376103,126440498278,216174656705
14589953,8192,1,1432106,126608941369,218908031429
14598145,8192,1,1389518,126692065880,219251578795
14606337,8192,1,1325891,126592054869,229274829850
14614529,8192,1,1430620,126570249130,226055079282
14622721,8192,1,1640576,126530216669,225618110952
14630913,8192,1,1458194,126511255699,209399050450
14639105,8192,1,1452283,126394466641,218287222190
14647297,8192,1,1349319,126566104062,231208748688
14655489,8192,1,1452911,126604604446,224289565290
14663681,8192,1,1448499,126332373287,220528289602
14671873,8192,1,1483751,126448598311,224840542099
14680065,8192,1,1524626,126486693032,227149929542
14688257,8192,1,1527468,126545672360,224392551311
14696449,8192,1,1472173,126525431009,201525706013
14704641,8192,1,1419681,126533194875,218326319064
14712833,8192,1,1437270,126467171242,226940908153
14721025,8192,1,1512036,126367840991,226080298058
14729217,8192,1,1439500,126305664805,232003496783
14737409,8192,1,1387353,126409670149,228998368672
14745601,8192,1,1499311,126425130097,233746424118
14753793,8192,1,1558145,126172894422,230951296302
14761985,8192,1,1718804,126212903238,227766279505
14770177,8192,1,1717370,126029090030,231489809192
14778369,8192,1,1473904,126362945352,233896621137
14786561,8192,1,1449449,126492807622,244113110834
14794753,8192,1,1477860,126429514269,226171350370
14802945,8192,1,1512924,126383475179,228288580280
14811137,8192,1,1483765,126427560226,225828178603
14819329,8192,1,1469039,126465883445,217186592269
14827521,8192,1,1400910,126617871845,218409018261
14835713,8192,1,1464190,126577008600,219915287513
14843905,8192,1,1463597,126488966318,213060451021
14852097,8192,1,1435958,126350436560,211676404267
14860289,8192,1,1428608,126334006669,213655859577
14868481,8192,1,1442830,126593504235,219185295117
14876673,8192,1,1444089,126454820297,205119052133
14884865,8192,1,1489984,126427635219,202287806629
14893057,8192,1,1459687,126567897831,201445446025
14901249,8192,1,1429581,126389935326,196240157212
14909441,8192,1,1388421,126535790245,201215470443
14917633,8192,1,1472067,126496416288,199334272753
14925825,8192,1,1441937,126455027935,203748676601
14934017,8192,1,1444164,126497768001,195256022729
14942209,8192,1,1483479,126356513150,199014911565
14950401,8192,1,1440249,126385110650,222134714357
14958593,8192,1,1526412,126307268112,222576605302
14966785,8192,1,1552881,126293740397,226674368970
14974977,8192,1,1547396,126094740945,217639827060
14983169,8192,1,1536599,126211707939,213877081919
14991361,8192,1,1489033,126224000392,226509071426
14999553,8192,1,1453488,126264788639,219692729861
15007745,8192,1,1511797,126501254834,214218976352
15015937,8192,1,1503036,126279848457,215817704401
15024129,8192,1,1519956,126405073088,214954180443
15032321,8192,1,1423112,126368472028,200231071285
15040513,8192,1,1514298,126447574509,211959970922
15048705,8192,1,1540708,126248790503,206197001262
15056897,8192,1,1512494,126305588741,218512781087
15065089,8192,1,1499260,126337822141,214747324251
15073281,8192,1,1452264,126555139864,212228362632
15081473,8192,1,1479484,126496906125,209331729593
15089665,8192,1,1488701,126582720631,207991933199
15097857,8192,1,1503925,126385361299,205788140752
15106049,8192,1,1479703,126275675270,204131650119
15114241,8192,1,1487831,126443159552,208385040631
15122433,8192,1,1451943,126750094045,201406185272
15130625,8192,1,1432546,126356114172,205914646516
15138817,8192,1,1498517,126157841850,208082324365
15147009,8192,1,1502133,126486746806,207932510545
15155201,8192,1,1580935,126483403980,213707413681
15163393,8192,1,1575190,126219434040,213107689499
15171585,8192,1,1536284,126327883878,214076358947
15179777,8192,1,1488705,126401251390,211403046231
15187969,8192,1,1535856,126380404561,212767865454
15196161,8192,1,1502255,126340565283,216242623578
15204353,8192,1,1457865,126470528973,215269433211
15212545,8192,1,1475951,126706209220,220093909898
15220737,8192,1,2099730,126390140428,238482105706
15228929,8192,1,1507534,126385341833,218722293518
15237121,8192,1,1532314,126415790802,220170489029
15245313,8192,1,1492981,126326458992,220278805045
15253505,8192,1,1473283,126472813488,223862773605
15261697,8192,1,1660048,126534594704,230019392885
15269889,8192,1,1600297,126589300886,231958780672
15278081,8192,1,1808125,126391955349,234067228308
15286273,8192,1,1509403,126411630842,218634423909
15294465,8192,1,1492102,126503841855,224378016537
15302657,8192,1,1481006,126879977162,218501949835
15310849,8192,1,1455573,126338823947,217550335866
15319041,8192,1,1468523,126384171157,210908078657
15327233,8192,1,1455118,126452603869,208894578214
15335425,8192,1,1428014,126484960125,215964982454
15343617,8192,1,1414560,126583909748,214357424794
15351809,8192,1,1433222,126370246098,208784816594
15360001,8192,1,1438656,126724972455,215256020819
15368193,8192,1,1422503,126526502925,210133986673
15376385,8192,1,1417976,126364437949,213318932737
15384577,8192,1,1424419,126656766137,217959262437
15392769,8192,1,1381472,126593536534,208400976180
15400961,8192,1,1366854,126560232721,208795322800
15409153,8192,1,1391499,126696531231,215989413397
15417345,8192,1,1408332,126595281337,207621073400
15425537,8192,1,1382698,126492112406,211411302886
15433729,8192,1,1361048,126653338550,207284828511
15441921,8192,1,1392230,126508621863,206358684587
15450113,8192,1,1350466,126393470273,201418953364
15458305,8192,1,1425866,126500624148,205696940425
15466497,8192,1,1388874,126680471683,204968851206
15474689,8192,1,1432354,126763626150,211651159600
15482881,8192,1,1439442,126625747723,210780158802
15491073,8192,1,1418575,126514564670,214992906296
15499265,8192,1,1399446,126591544745,204208452639
15507457,8192,1,1421860,126366550708,213517071047
15515649,8192,1,1386719,126711988256,218053468013
15523841,8192,1,1434635,126473241960,209255391646
15532033,8192,1,1480058,126415568321,214325436042
15540225,8192,4702882,1539317,126223755357,213499925694
15548417,8192,4711204,1549433,125266962992,215339646582
15556609,8192,4719481,1506999,125314419131,219447829549
15564801,8192,4727753,1326511,125385512822,215280338454
15572993,8192,4736026,1301225,125359407921,211208272442
15581185,8192,4744366,1298022,125291818536,208491070926
15589377,8192,4752640,1292103,125493083866,215052487555
15597569,8192,4760873,1269576,125171890894,209257489703
15605761,8192,4769097,1281934,125158789139,215037247173
15613953,8192,4777324,1266483,125184058805,206336583581
15622145,8192,4785575,1310843,125352153039,211218787961
15630337,8192,4793834,1350424,125402191477,209542065577
15638529,8192,4802063,1271916,125290664131,206207815194
15646721,8192,4810311,1382229,125417435852,202200725140
15654913,8192,4818560,1341844,125241377890,207251661719
15663105,8192,4826793,1338871,125235624379,214640673072
15671297,8192,4835033,1473498,125267623539,193048063649
15679489,8192,4843307,1341943,125238576083,207138311426
15687681,8192,4851548,1358945,125339300495,212290871396
15695873,8192,4859783,1366233,125332552702,205016612369
15704065,8192,4868035,1366939,125309608945,207297260389
15712257,8192,4876269,1258668,125580844155,167847457056
15720449,8192,4884504,1269011,125586649741,181951707477
15728641,8192,4892734,1290568,125336795671,202469821051
15736833,8192,4900965,1218505,125671533571,197533677905
15745025,8192,4909209,1270641,125186719880,209488082228
15753217,8192,4917440,1222591,125621248902,202441329499
15761409,8192,4925676,1136071,125642950151,200585257877
15769601,8192,4933927,1207034,125446738312,207516045467
15777793,8192,4942152,1230057,125167110607,196320517039
15785985,8192,4950396,1236387,125097758007,199737023049
15794177,8192,4958625,1304488,125171471581,206445062657
15802369,8192,4966858,1224835,125188882612,204535928347
15810561,8192,4975086,1104271,125176226874,207256144626
15818753,8192,4983340,1191983,125462451283,210732801460
15826945,8192,4991606,1208452,124895221202,208399490923
15835137,8192,4999843,1258925,124696117492,210526223366
15843329,8192,5008082,1266737,124905141764,212817173448
15851521,8192,5016328,1181380,124808204719,206503282680
15859713,8192,5024572,1181075,124913583891,210140675092
15867905,8192,5032801,1198642,124853581395,209328552086
15876097,8192,5041067,1256946,124485974258,206413099648
15884289,8192,5049305,1185695,124420511601,210422825381
15892481,8192,5057550,1237468,124320433939,204192970480
15900673,8192,5065779,1160265,124212174085,212445617371
15908865,8192,5074016,1058092,124650352681,211194826159
15917057,8192,5082245,1154274,124317182853,211418711495
15925249,8192,5090476,1267752,124214048769,213130378349
15933441,8192,5098721,1375306,124264129443,224899393358
15941633,8192,5106967,1389702,123940720851,224777823601
15949825,8192,5115210,1290366,124034382029,220352327218
15958017,8192,5123438,1173643,124359427972,227882859674
15966209,8192,5131663,1310249,124224713160,233540909301
15974401,8192,5139899,1340522,124099640351,234617437340
15982593,8192,5148147,1235970,124322924690,225453519293
15990785,8192,5156389,1283371,124198929531,220942290872
15998977,8192,5164630,1225813,124186386101,218686487170
16007169,8192,5172864,1052847,124623074343,212351131470
16015361,8192,5181097,1052959,124493600992,226858121141
16023553,8192,5189331,1090688,124243013279,224654518504
16031745,8192,5197584,1104026,124381451256,218656596654
16039937,8192,5205840,1123041,124395808586,219729801400
16048129,8192,5214078,1134623,124830620768,221328937420
16056321,8192,5222314,1125502,124617193118,225138407008
16064513,8192,5230552,1010762,124683765373,227771521670
16072705,8192,5238780,1246034,124333477118,225255509532
16080897,8192,5247021,1178575,124260753374,229804557575
16089089,8192,5255267,1123580,124306431578,225210780954
16097281,8192,5263499,1140851,124439942230,224382243110
16105473,8192,5271733,1161857,124361331384,225289337069
16113665,8192,5279979,1109178,124669356777,229659133375
16121857,8192,5288231,1162628,124391196480,223529393793
16130049,8192,5296473,1180458,124399949367,221291363582
16138241,8192,5304780,1078802,124660642804,217889344595
16146433,8192,5313022,1399504,124480225073,236157889646
16154625,8192,5321262,1831486,124194901488,264510234059
16162817,8192,5329495,1289430,124612317459,248527719866
16171009,8192,5337741,1315758,124340884409,231892852459
16179201,8192,5345985,1305539,124066232016,238233661992
16187393,8192,5354220,1237219,124237008425,230884945071
16195585,8192,5362459,1242340,124164031098,226610781410
16203777,8192,5370696,1298513,123955699854,230952367137
16211969,8192,5378936,1110066,124443582796,236273107573
16220161,8192,5387165,1089412,124386084913,224401100256
16228353,8192,5395399,1161951,123977256702,222893989409
16236545,8192,5403630,1168807,124125228021,229402874889
16244737,8192,5411850,1131902,124288779632,230054784894
16252929,8192,5420067,1149718,124332292810,241560154485
16261121,8192,5428297,1006443,124925233758,254728410092
16269313,8192,5436528,1004179,124695474779,233508335621
16277505,8192,5444770,1149822,124398327669,233087157223
16285697,8192,5452994,1133861,124278260394,234414491994
16293889,8192,5461230,1092288,124265714717,236080730574
16302081,8192,5469460,1072509,124403719165,242792708032
16310273,8192,5477688,941325,124731511962,259578059258
16318465,8192,5485913,882467,124766784923,226553686351
16326657,8192,5494140,1064365,124413151568,222097914219
16334849,8192,5502372,1203661,124227087257,225625410870
16343041,8192,5510610,1295735,124036901019,237356061918
16351233,8192,5518848,1181661,124111787777,228375256607
16359425,8192,5527079,1079067,124533103336,249937967804
16367617,8192,5535309,1377208,124373927230,250500390156
16375809,8192,5543539,1202265,124039788633,249355773583
16384001,8192,5551774,1240571,124100331466,232316235827
16392193,8192,5560023,1251207,124003722518,234790386414
16400385,8192,5568264,1239850,124052994132,226627617947
16408577,8192,5576488,1265814,123867348059,244276981552
16416769,8192,5584742,1147721,124148195400,245246994414
16424961,8192,5592977,1192692,124003358239,246343028971
16433153,8192,5601200,1188570,124166203859,233030206464
16441345,8192,5609436,1214158,123872046169,239081782723
16449537,8192,5617666,1166299,124245007447,229700779834
16457729,8192,5625902,1176755,123985010086,246269957563
16465921,8192,5634141,1029846,124556794423,235760496944
16474113,8192,5642371,1087223,124368765692,229864898942
16482305,8192,5650601,1173116,124180458932,229950142739
16490497,8192,5658845,1158866,124219659457,232357906810
16498689,8192,5667082,1248259,124168429071,236572843757
16506881,8192,5675313,1170549,124282739423,236092134473
16515073,8192,5683551,1131564,124390215662,232326544871
16523265,8192,5691780,1225728,123979933211,232238929206
16531457,8192,5700013,1233882,124053338198,229244024700
16539649,8192,5708260,1211444,123988503328,238712359908
16547841,8192,5716525,1256586,123922282104,226023628255
16556033,8192,5724762,1230919,124009051113,225104440742
16564225,8192,5732991,1239040,124028389925,239077363495
16572417,8192,5741223,1226880,123982832351,235063657057
16580609,8192,5749471,1296813,123813847300,226222900175
16588801,8192,5757729,1266771,123805018180,230479027230
16596993,8192,5765970,1247419,123939513129,235703484561
16605185,8192,5774205,1147285,124058090877,238059805194
16613377,8192,5782440,1084123,124251855466,235909329534
16621569,8192,5790686,1209663,124076116461,234292863850
16629761,8192,5798933,1278174,124175952832,235285678492
16637953,8192,5807177,1330708,123602214180,222378528353
16646145,8192,5815423,1279631,123702477060,231291435429
16654337,8192,5823744,1183021,123877292698,237085677405
16662529,8192,5832032,1132813,124094677752,252659884437
16670721,8192,5840313,1209310,123989450841,245679648371
16678913,8192,5848599,1253099,123926563458,238825715296
16687105,8192,5856905,1251013,124004103042,238772431768
16695297,8192,5865191,1245742,123923427248,228328350818
16703489,8192,5873502,1235602,124080283695,244876670819
16711681,8192,5881803,1135044,124299971638,253107762961
16719873,8192,5890089,1154719,124214204463,239558434553
16728065,8192,5898362,1210401,123956363401,237949743700
16736257,8192,5906658,1246107,123945396983,226918326539
16744449,8192,5914960,1250768,123917230336,234105183468
16752641,8192,5923268,1232077,123922994202,233347321068
16760833,8192,5931557,1101217,124016467187,231249908538
16769025,8192,5939852,1115077,123940593590,224879426987
16777217,8192,5948143,1203820,123946925971,223835852902
16785409,8192,5956437,1190451,123833585470,223123424667
16793601,8192,5964730,1192548,123749498190,218036628683
16801793,8192,5973054,1222847,123956529365,230409359293
16809985,8192,5981358,1158585,123615753440,234175826654
16818177,8192,5989636,1190257,123880766762,239545355714
16826369,8192,5997923,1315502,124066841094,232696095968
16834561,8192,6006221,1280191,123785793744,226358273021
16842753,8192,6014515,1218102,123790540045,224488431570
16850945,8192,6022798,1219963,123930827780,231956039347
16859137,8192,6031084,1161119,123958338109,243032970930
16867329,8192,6039371,1171240,124129112556,241021352691
16875521,8192,6047642,1267203,123879852147,238373792832
16883713,8192,6055930,1262897,123950930417,239915528872
16891905,8192,6064228,1232554,123924166484,233328573726
16900097,8192,6072508,1261532,123799373290,232772584273
16908289,8192,6080793,1204241,123697797710,244858624650
16916481,8192,6089077,1166469,123872500417,277036071590
16924673,8192,6097362,1313286,123887439402,252485388358
16932865,8192,6105654,1318114,123736211580,245852444104
16941057,8192,6113948,1371249,123781285971,264280501166
16949249,8192,6122230,1324221,123851146021,244913032247
16957441,8192,6130520,1201645,123770774514,268820799943
16965633,8192,6138828,1130553,124115291400,269081331834
16973825,8192,6147196,1206396,123973096845,256848010673
16982017,8192,6155571,1296153,123799597728,248276646534
16990209,8192,6163998,1245876,123829143218,250195457481
16998401,8192,6172357,1236370,123949207012,262512971334
17006593,8192,6180713,1095386,124186445686,257784146074
17014785,8192,6189078,1097696,124373036821,287036732838
17022977,8192,6197431,1184850,124038711706,261091598745
17031169,8192,6205770,1232776,123930837647,258481465323
17039361,8192,6214644,1316623,123920763300,257682809197
17047553,8192,6223141,1373527,123682150949,249966380639
17055745,8192,6231549,1236837,124174335358,251894802929
17063937,8192,6239930,1008710,124612817560,242754571607
17072129,8192,6248275,1183210,123779206831,222555311076
17080321,8192,6256608,1260658,123645465790,217770029875
17088513,8192,6264965,1260278,123647922745,203515355937
17096705,8192,6273315,1195518,123606718765,221001562312
17104897,8192,6281580,1014510,124351735830,227904222918
17113089,8192,6289852,998796,124202567206,223082980366
17121281,8192,6298121,1079273,124077209846,218562523770
17129473,8192,6306398,1108894,124161798539,233778224134
17137665,8192,6314693,1094899,124246637405,234092304223
17145857,8192,6322984,1150300,124075434998,231314996204
17154049,8192,6331276,1053151,124293347868,231032204281
17162241,8192,6339552,1116778,123894911874,224767159561
17170433,8192,6347847,1259515,123549394465,218019795949
17178625,8192,6356141,1302281,123514410067,210894796768
17186817,8192,6364447,1268222,123677502767,213762479337
17195009,8192,6372722,1334072,123586995334,202007306823
17203201,8192,6381005,1375665,123325720760,189020951157
17211393,8192,6389309,1269359,123489821555,197410580537
17219585,8192,6397595,1316145,123397475306,203739962708
17227777,8192,6405886,1281602,123525891650,210109921548
17235969,8192,6414187,1256380,123586573657,219236288266
17244161,8192,6422571,1265659,123572520849,215117211895
17252353,8192,6431060,1227759,123671374561,232020391174
17260545,8192,6439423,1143861,123975679931,266466735482
17268737,8192,6447756,1247976,123689972357,245782608423
17276929,8192,6456078,1225854,123699524669,242351886111
17285121,8192,6464411,1200074,123686298402,279808947066
17293313,8192,6472712,1235586,123611194696,242476356440
17301505,8192,6481018,1244725,123809963167,245978360233
17309697,8192,6489326,1176759,123949583273,263056932041
17317889,8192,6497627,1224036,123535394964,251442293226
17326081,8192,6505936,1271485,123566158009,228638934891
17334273,8192,6514227,1213764,123611052485,248862453336
17342465,8192,6522521,1220033,123559546994,243364908255
17350657,8192,6530810,1190892,123706210400,272537101586
17358849,8192,6539086,1097182,123977816887,265588760265
17367041,8192,6547367,1232605,123526861260,238454650203
17375233,8192,6555668,1355447,123551402440,231859273553
17383425,8192,6563975,1256364,123670066137,250019492835
17391617,8192,6572280,1227341,123601410945,242554330007
17399809,8192,6580587,1246478,123797697040,260915401382
17408001,8192,6588914,1123000,124044778310,274216844664
17416193,8192,6597245,1269906,123743510946,273976422704
17424385,8192,6605563,1290349,123571782475,266894614571
17432577,8192,6613884,1215614,123977234268,262038465718
17440769,8192,6622203,1142107,124116885794,250392706758
17448961,8192,6630518,1318220,123834754157,277121012096
17457153,8192,6638828,1371127,124366947124,277280419897
17465345,8192,6647132,1139240,124284630535,299407493138
17473537,8192,6655432,1118499,124036532288,275778113597
17481729,8192,6663738,1167236,123974272274,263521649825
17489921,8192,6672036,1269205,123713974467,272623962420
17498113,8192,6680314,1278229,123781928256,267411453048
17506305,8192,6688575,1097821,124418769032,271044661607
17514497,8192,6696852,1200669,124340518916,266107616428
17522689,8192,6705139,1244132,123969649458,245927375749
17530881,8192,6713412,1254698,123801937893,278539039628
17539073,8192,6721698,1202255,123775890332,253229975839
17547265,8192,6729991,1183886,124107681984,263826385295
17555457,8192,6738288,1142197,124416112644,279477828080
17563649,8192,6746591,1094662,124391082754,287413072705
17571841,8192,6754910,1243595,124011718560,278950758050
17580033,8192,6763173,1246138,123656872333,262758449212
17588225,8192,6771437,1220773,123600570876,256323969137
17596417,8192,6779714,1285195,123589648360,244183415103
17604609,8192,6788002,1127444,123962367108,277238811348
17612801,8192,6796294,1108831,124051288689,282536400960
17620993,8192,6804576,1218492,123776521297,286740349948
17629185,8192,6812859,894478,125317003080,204145146645
17637377,8192,6821141,1009584,124520012251,205008024167
17645569,8192,6829423,1188604,123540108721,260675040034
17653761,8192,6837721,1145572,123736105560,268431194716
17661953,8192,6846009,1121758,123823005628,276027485418
17670145,8192,6854313,1256352,123679748158,277416946832
17678337,8192,6862607,1224990,123816739190,285340409553
17686529,8192,6870912,1264714,123654678978,260526389006
17694721,8192,6879202,1287665,123408708438,292861074062
17702913,8192,6887554,1098212,123991774872,287086207650
17711105,8192,6895845,1108258,123788035887,303053547356
17719297,8192,6904113,1232852,123693345817,287230343696
17727489,8192,6912402,1335960,123472687664,249682147963
17735681,8192,6920655,1213157,123578980328,273970203582
17743873,8192,6928910,1277573,123594496185,270308912778
17752065,8192,6937162,1154856,123439317921,269956805913
17760257,8192,6945412,1122970,123725286457,307824030202
17768449,8192,6953662,1166718,123587905718,303986757071
17776641,8192,6961925,1169406,123654616772,330278674809
17784833,8192,6970175,1152283,123604124435,346405555867
17793025,8192,6978424,1170610,123601748165,278396491380
17801217,8192,6986678,1130078,123548526906,326996591446
17809409,8192,6994934,1130415,123727490035,426677754536
17817601,8192,7003174,1191194,123693477330,335197780473
17825793,8192,7011410,1219535,123557826561,315977782855
17833985,8192,7019652,1204918,123575373732,301108393577
17842177,8192,7027902,1236320,123689649053,293512379290
17850369,8192,7036151,1265346,123558675615,295509521618
17858561,8192,7044407,1157496,123929573197,320745450530
17866753,8192,7052664,1183951,123658814084,290426524129
17874945,8192,7060922,1278407,123642908245,286655750351
17883137,8192,7069180,1199199,123569105452,279519322906
17891329,8192,7077424,1204048,123571644886,281692752961
17899521,8192,7085686,1149470,123705192123,280513290390
17907713,8192,7093924,1069430,123938547216,290175910040
17915905,8192,7102175,1145941,123688977805,291230280435
17924097,8192,7110423,1199646,123514505273,252919234152
17932289,8192,7118675,1221132,123514220373,276606413652
17940481,8192,7126933,1231073,123559394968,265533583743
17948673,8192,7135190,1248894,123623668837,290496548450
17956865,8192,7143454,1099647,123889088349,290829904402
17965057,8192,7151711,1157411,123638299505,291222456800
17973249,8192,7159953,1181639,123578092102,280959464018
17981441,8192,7168195,1188780,123426270631,280654527433
17989633,8192,7176448,1200236,123591117988,278195174500
17997825,8192,7184717,1177795,123566501958,284074562286
18006017,8192,7192955,1067515,123979983927,320580770310
18014209,8192,7201216,1110139,123876347374,295635606505
18022401,8192,7209486,1173383,123559378879,273430000071
18030593,8192,7217747,1177056,123507968462,292750993755
18038785,8192,7226002,1151703,123568189717,288876486367
18046977,8192,7234267,1129441,123895897097,306376937407
18055169,8192,7242532,1212054,124049690052,307885468152
18063361,8192,7250786,1140613,123712356534,304900255670
18071553,8192,7259026,1107207,123998293126,299616644952
18079745,8192,7267303,1229221,123576941238,304419830421
18087937,8192,7275548,1158819,123656399105,296836222800
18096129,8192,7283810,1140087,123714074502,297251125000
18104321,8192,7292076,1035592,124064972672,311124863840
18112513,8192,7300337,1068455,124125573099,310957854944
18120705,8192,7308598,1231558,123782706356,324876153731
18128897,8192,7316868,1804705,123807268147,327378038872
18137089,8192,7325152,1220780,123755928993,277851556559
18145281,8192,7333463,1167260,123474759659,301808024157
18153473,8192,7341807,1040843,124077823347,317792719957
18161665,8192,7350157,1045352,124076331700,318838136693
18169857,8192,7358440,1155698,123804646559,315992935102
18178049,8192,7366694,1168029,123738642967,300291543024
18186241,8192,7374947,1287030,123844935174,304401897711
18194433,8192,7383221,1126547,123712845708,310531824602
18202625,8192,7391475,987425,124535109821,322069146012
18210817,8192,7399742,1012301,124231635810,323109260620
18219009,8192,7407987,1160175,123996504845,299639753548
18227201,8192,7416247,1234696,123502477845,305153479557
18235393,8192,7424510,1192308,123850914107,297509348511
18243585,8192,7432769,1181081,123639714052,311996066828
18251777,8192,7441011,1122330,123791286451,322890178625
18259969,8192,7449248,1057141,124005826008,320355467374
18268161,8192,7457480,1149776,123780189861,300337189534
18276353,8192,7465732,1138922,123825049322,312796777431
18284545,8192,7473976,1116748,123912936549,312983224647
18292737,8192,7482227,1127798,124011657362,331373615105
18300929,8192,7490473,1167190,123832281793,348065181248
18309121,8192,7498722,1053420,124124411697,349681056614
18317313,8192,7506978,1133163,123892826376,349637560428
18325505,8192,7515227,1132535,123963669651,382549170224
18333697,8192,7523497,1174914,123807898511,352472659374
18341889,8192,7531758,1150732,124008898402,312986890840
18350081,8192,7540010,1095754,124066570254,330434253534
18358273,8192,7548250,1031926,124293311968,326008096780
18366465,8192,7556485,1169850,123796488548,302936296763
18374657,8192,7564737,1137885,123763453499,311221290243
18382849,8192,7572992,1137153,123739979971,310641752388
18391041,8192,7581241,1196116,123696138160,286251303043
18399233,8192,7589493,1188419,123748760146,318438374979
18407425,8192,7597744,1130750,123806830257,308173921910
18415617,8192,7606005,1203397,123713240856,315096801798
18423809,8192,7614258,1257068,123661939920,284694961857
18432001,8192,7622531,1252621,123647146166,269857950509
18440193,8192,7630780,1205858,123608104486,292122658942
18448385,8192,7639025,1171536,123606480487,295149805103
18456577,8192,7647282,1184335,123687962207,300331465881
18464769,8192,7655550,1227707,123656285174,307532074526
18472961,8192,7663813,1284738,123601764262,292707117092
18481153,8192,7672060,1256303,123642445478,286640196085
18489345,8192,7680331,1195079,123543052072,283718212203
18497537,8192,7688594,1238864,123729824111,297208620945
18505729,8192,7696861,1182352,123593591406,308429884878
18513921,8192,7705129,1233586,123621916055,302764579978
18522113,8192,7713386,1230026,123625792489,289179056111
18530305,8192,7721624,1223627,123553925647,296689992717
18538497,8192,7729874,1290154,123671245630,279594327806
18546689,8192,7738125,1276381,123699036245,306513125040
18554881,8192,7746382,1246012,123733776212,341179833073
18563073,8192,7754631,1246486,123634151269,311782134212
18571265,8192,7762868,1219353,123672327030,292138875877
18579457,8192,7771127,1233808,123544543122,301672596981
18587649,8192,7779363,1254190,123650030852,296252597714
18595841,8192,7787617,1244508,123614833950,293533876682
18604033,8192,7795903,1259904,123713505259,324553567609
18612225,8192,7804160,1216570,123810115467,327352453910
18620417,8192,7812425,1282421,123680636979,292206515450
18628609,8192,7820683,1290295,123762052048,289412135149
18636801,8192,7828925,1329761,123624356896,317934219667
18644993,8192,7837197,1229232,123673332562,340282951022
18653185,8192,7845459,1124831,123722979147,354101453698
18661377,8192,7853721,1141839,123760941969,359674866362
18669569,8192,7861982,1276577,123643292573,304831920721
18677761,8192,7870232,1348989,123665435619,296388682720
18685953,8192,7878487,1292258,123614723053,284277689658
18694145,8192,7886739,1280894,123635445331,263020841645
18702337,8192,7894977,1370284,123674712258,319043607412
18710529,8192,7903249,1196262,123768009361,367439303624
18718721,8192,7911506,1315408,123701070991,294371210472
18726913,8192,7919763,1376836,123723517082,368992806815
18735105,8192,7928038,1294708,123852643029,354153460840
18743297,8192,7936310,1380152,123592761710,325542292202
18751489,8192,7944586,1294239,123792768243,409252653071
18759681,8192,7952835,1286704,123765852488,333804357835
18767873,8192,7961090,1233835,123872769832,387988057986
18776065,8192,7969343,1205041,123986510127,484540435806
18784257,8192,7977613,1310812,123933188174,449067886905
18792449,8192,7985880,1371731,123735994772,321325962140
18800641,8192,7994181,1231492,123976611447,314034430938
18808833,8192,8002461,1239882,123867437997,499893701385
18817025,8192,8010724,1294709,123735714868,357190824631
18825217,8192,8019018,1333260,123846313048,344810517816
18833409,8192,8027303,1475343,123747332848,334474783113
18841601,8192,8035559,1384494,123689349896,296538656822
18849793,8192,8043832,1323590,123619746748,324623205072
18857985,8192,8052126,1314599,123671843490,333218873642
18866177,8192,8060419,1273194,123657643737,323596268599
18874369,8192,8068684,1277332,123711691345,345067960771
18882561,8192,8076974,1321935,123658427466,311942493281
18890753,8192,8085252,1332345,123535674414,298501039815
18898945,8192,8093563,1248370,123739831742,324968990237
18907137,8192,8101832,1253229,123728100060,344635986828
18915329,8192,8110114,1266595,123781071763,354616755041
18923521,8192,8118398,1288376,123635147516,308387984542
18931713,8192,8126667,1252811,123705837334,293634702941
18939905,8192,8134951,1264747,123685039020,324054816220
18948097,8192,8143260,1204967,123815134928,421887648696
18956289,8192,8151644,1161537,124211789248,554445398010
18964481,8192,8159956,1256820,123969766721,448434811370
18972673,8192,8168234,1252926,123728441436,318944165613
18980865,8192,8176488,1415393,123858693129,274965749902
18989057,8192,8184767,1378115,123669387522,321844742035
18997249,8192,8193014,1385398,123764285378,317144992886
19005441,8192,8201259,2044815,123824739294,273898437915
19013633,8192,8209499,1454448,123669961183,304161914318
19021825,8192,8217728,1418905,123653695356,264059588035
19030017,8192,8225983,1368129,123782896509,274564406509
19038209,8192,8234228,1371339,123663808593,283025698063
19046401,8192,8242460,1304989,123701427919,305517838155
19054593,8192,8250694,1231354,123767425903,331914546326
19062785,8192,8259059,1276243,123815788056,351994993766
19070977,8192,8267362,1259116,123826364821,321452438076
19079169,8192,8275635,1244576,123691753909,322018214624
19087361,8192,8283896,1333438,123832840822,295975121992
19095553,8192,8292156,1339566,123691549401,310891503187
19103745,8192,8300438,1321099,123849518114,317595894055
19111937,8192,8308689,1260937,123793147462,339076332689
19120129,8192,8316948,1359851,123815115800,294194715080
19128321,8192,8325217,1314760,123666197796,290242216152
19136513,8192,8333493,1305248,123946920476,274416245285
19144705,8192,8341773,1266103,124104017949,293554764285
19152897,8192,8350064,1198093,124118652749,324227505214
19161089,8192,8358344,1230459,124206694754,321063232577
19169281,8192,8366622,1242437,124122790289,286640025117
19177473,8192,8374907,1340729,123989599941,264062798928
19185665,8192,8383182,1236760,123969611623,236448728850
19193857,8192,8391454,1222610,123806886071,217223670091
19202049,8192,8399735,1165655,124131985407,257624405385
19210241,8192,8408023,1140966,124274057934,291488321292
19218433,8192,8416275,1181096,124295618123,290148076301
19226625,8192,8424566,1297683,124266922414,279093602009
19234817,8192,8432837,1319023,124094997030,279430700969
19243009,8192,8441120,1360327,123910732432,268088327054
19251201,8192,8449406,1252019,124116392865,315175491969
19259393,8192,8457720,1260334,124142787832,302625795801
19267585,8192,8465991,1316043,124053267886,292590580529
19275777,8192,8474282,1309169,124018708984,282592262487
19283969,8192,8482572,1275841,124069272958,274625795822
19292161,8192,8490824,1305573,124069543469,256718067930
19300353,8192,8499067,1256213,124228260168,310835286142
19308545,8192,8507317,1263227,124254644406,322765622086
19316737,8192,8515576,1372672,124139191434,292129103634
19324929,8192,8523827,1383445,124230321106,288262919687
19333121,8192,8532090,1428299,124072932148,284368274698
19341313,8192,8540334,1378236,124230760063,273210246316
19349505,8192,8548571,1403329,124273109664,274283498359
19357697,8192,8556815,1360346,124388928610,292879213178
19365889,8192,8565049,1451538,124212199926,260577663288
19374081,8192,8573279,1456308,124187628104,258408009374
19382273,8192,8581515,1390404,124001805374,254987133702
19390465,8192,8589756,1406332,124183216259,262930259281
19398657,8192,8598061,1376343,124298522851,271239102364
19406849,8192,8606304,1323253,124203729016,274778596828
19415041,8192,8614553,1409825,124184434083,261065153115
19423233,8192,8622797,1407012,124190932397,263782946369
19431425,8192,8631094,1479016,124444652304,277627110280
19439617,8192,8639405,1494194,124598689249,293155888823
19447809,8192,8647696,1525689,124654060201,311803412878
19456001,8192,8655991,1400235,124746985771,330189932654
19464193,8192,8664284,1463073,124708696824,312360421558
19472385,8192,8672573,1567587,124492865502,278128999306
19480577,8192,8680848,1569982,124675941826,284581730282
19488769,8192,8689133,1519310,124642372180,297119443413
19496961,8192,8697400,1532953,124562923150,302476954434
19505153,8192,8705700,1441553,124706105566,323391404625
19513345,8192,8714026,1431476,124579418319,306580067962
19521537,8192,8722316,1534603,124318946052,309055049785
19529729,8192,8730829,1504678,124337950932,295810394496
19537921,8192,8739185,1496091,124380640734,287849242406
19546113,8192,8747474,1471940,124404502871,294369061168
19554305,8192,8755777,1421459,124410898435,310662781912
19562497,8192,8764071,1449555,124385162902,301101428893
19570689,8192,8772348,1436175,124282074762,271118375537
19578881,8192,8780597,1384474,124120403426,270280803009
19587073,8192,8788850,1423744,124233175249,273355180384
19595265,8192,8797112,1411530,124285329601,284453244404
19603457,8192,8805376,1362120,124482829897,307929948651
19611649,8192,8813644,1366587,124396688881,290970615346
19619841,8192,8821912,1431304,124303363675,256326680281
19628033,8192,8830158,1382837,124278179872,285178910941
19636225,8192,8838416,1386317,124267212875,289723202271
19644417,8192,8846685,1477932,124283847315,281499829050
19652609,8192,8854969,1327150,124512018946,289309209193
19660801,8192,8863231,1333121,124620238398,306740614827
19668993,8192,8871496,1361699,124457738133,295851113235
19677185,8192,8879742,1402400,124720060656,269525128952
19685377,8192,8887996,1426421,124385138939,284878647631
19693569,8192,8896260,1349485,124526186496,282889428241
19701761,8192,8904509,1300798,124683267469,313029902840
19709953,8192,8912750,1312484,124522623013,295180796096
19718145,8192,8920990,1367280,124234964352,278676945810
19726337,8192,8929255,1367565,124243473683,264748376197
19734529,8192,8937499,1360530,124198160597,270469944558
19742721,8192,8945763,1355984,124540036759,296042063158
19750913,8192,8954019,1252870,124821955842,303168197655
19759105,8192,8962263,1317146,124580362846,295685651789
19767297,8192,8970503,1425710,124319133475,273406804509
19775489,8192,8978751,1426943,124406846992,272846292366
19783681,8192,8986991,1408096,124487406122,281399013927
19791873,8192,8995239,1375954,124221565854,296953724087
19800065,8192,9003484,1328449,124456618248,308472101842
19808257,8192,9011734,1308968,124536261314,283317534822
19816449,8192,9019990,1361273,124451868445,289635954384
19824641,8192,9028233,1386800,124442024416,296383394482
19832833,8192,9036486,1311633,124472221441,296613432085
19841025,8192,9044737,1321663,124723548990,314077956827
19849217,8192,9052980,1296587,124201124261,271687082096
19857409,8192,9061230,1211690,124816889058,292449485116
19865601,8192,9069473,1341044,124415440188,281914954160
19873793,8192,9077747,1364059,124478097811,292904617672
19881985,8192,9085984,1370389,124290076590,281469405937
19890177,8192,9094228,1315726,124427228697,286888614473
19898369,8192,9102490,1250201,124502760559,303679874464
19906561,8192,9110734,1226278,124794745557,287711116177
19914753,8192,9118990,1262021,124642676514,280939551705
19922945,8192,9127236,1373100,124069895033,275298336986
19931137,8192,9135486,1343031,124229005523,281954721702
19939329,8192,9143725,1329349,124204790713,278386134553
19947521,8192,9151974,1333083,124392561546,302609647680
19955713,8192,9160210,1314942,124423623184,295882716035
19963905,8192,9168454,1333019,124345711165,267984328313
19972097,8192,9176695,1257352,124232825992,277299998557
19980289,8192,9184953,1323568,124094474908,271575903099
19988481,8192,9193196,1326751,124163998517,265701478265
19996673,8192,9201443,1336252,123996321353,278763097850
20004865,8192,9209675,1240854,124226710247,273158092049
20013057,8192,9217912,1304799,123931172877,261692996592
20021249,8192,9226144,1330787,123950597201,275234942032
20029441,8192,9234372,1338896,123821130868,256288293100
20037633,8192,9242611,1317090,123654099640,258677844713
20045825,8192,9250848,1347082,123953641816,270161358636
20054017,8192,9259089,1325267,123876567291,286550100319
20062209,8192,9267322,1318717,124055393101,272823389633
20070401,8192,9275563,1366227,123762444016,257777115327
20078593,8192,9283801,1384871,123911184108,261329120575
20086785,8192,9292062,1406126,123940016782,258525845083
20094977,8192,9300302,1339685,124015415943,273211450841
20103169,8192,9308551,1301714,124029391097,286260213701
20111361,8192,9316795,1273066,124087816974,291660289296
20119553,8192,9325059,1341785,124092854149,279163768972
20127745,8192,9333311,1300304,124171257384,274360970070
20135937,8192,9341560,1312828,123895576655,258959939312
20144129,8192,9349801,1478597,124131653209,296586948206
20152321,8192,9358049,1401974,124342040084,322299144298
20160513,8192,9366304,1278720,124374744387,302400387622
20168705,8192,9374550,1346678,123936121923,284688149876
20176897,8192,9382778,1424523,124108232349,290237872067
20185089,8192,9391015,1377219,123885049400,273649685452
20193281,8192,9399251,1336187,123788574103,278397925743
20201473,8192,9407494,1298463,124269759102,310367884209
20209665,8192,9415724,1286626,124087576326,303914540196
20217857,8192,9423960,1317852,123942254668,287972021128
20226049,8192,9432209,1299917,124147683853,278732914277
20234241,8192,9440439,1360846,123774875427,256378829229
20242433,8192,9448678,1459730,123854928977,263919447599
20250625,8192,9456910,1312416,124076624635,308444561886
20258817,8192,9465146,1171595,124427662111,307137213269
20267009,8192,9473399,1317129,124097688366,296446010738
20275201,8192,9481639,1334263,123937658483,278719386671
20283393,8192,9489868,1363375,124067024594,268813946231
20291585,8192,9498106,1363384,123869625532,294267083259
20299777,8192,9506347,1316781,124039812722,305148016501
20307969,8192,9514581,1244265,123989778309,289445537966
20316161,8192,9522818,1314009,123995263661,290778868189
20324353,8192,9531037,1360451,123857218332,257413341530
20332545,8192,9539273,1365918,123758625145,243791069740
20340737,8192,9547499,1315447,123780556120,247142864663
20348929,8192,9555732,1291597,124045417961,283063495287
20357121,8192,9563959,1279773,124504091119,284007757980
20365313,8192,9572201,1312646,123669140229,249957031593
20373505,8192,9580431,1311170,124039182811,271958278695
20381697,8192,9588664,1276710,124097202607,274407674345
20389889,8192,9596900,1309255,123990059477,269079437482
20398081,8192,9605136,1256225,124206051024,271997958879
20406273,8192,9613370,1215683,124065312931,253260322630
20414465,8192,9621591,1244275,124192634311,267837097553
20422657,8192,9629846,1320255,123998089347,249379876322
20430849,8192,9638079,1321247,123888932332,237938287361
20439041,8192,9646308,1265381,123823513533,241298653368
20447233,8192,9654555,1276821,123996852027,256111821781
20455425,8192,9662773,1197252,124532117855,284316895297
20463617,8192,9670997,1257479,124388614409,266655705966
20471809,8192,9679232,1285411,123650110177,274658402998
20480001,8192,9687458,1297199,123749972625,260949418322
20488193,8192,9695679,1243615,123883712183,253770873985
20496385,8192,9703905,1269253,124047419113,265244369396
20504577,8192,9712142,1135247,124465862938,277060550083
20512769,8192,9720378,1161611,124184136025,255737638084
20520961,8192,9728604,1245300,124007077488,250452063896
20529153,8192,9736836,1421269,123962849137,265979223662
20537345,8192,9745081,1439333,123669332793,258714616926
20545537,8192,9753315,1253608,124231633533,277297153954
20553729,8192,9761549,1145025,124604070901,281509489223
20561921,8192,9769782,1166959,124453507182,266993464418
20570113,8192,9778022,1229301,123923336719,260443977561
20578305,8192,9786257,1215782,124508837186,264150667762
20586497,8192,9794502,1269527,124050642770,251012672024
20594689,8192,9802745,1292003,124332499053,261394223813
20602881,8192,9810996,1228322,124543532771,270025098271
20611073,8192,9819237,1097645,124814044268,259795823002
20619265,8192,9827482,1324919,124291925023,249569126070
20627457,8192,9835711,1316468,124306662368,251427670627
20635649,8192,9843959,1323405,124238897976,253389784485
20643841,8192,9852200,1312577,124110240029,256604990381
20652033,8192,9860438,1167898,124654545575,264382928147
20660225,8192,9868668,1172966,124818915829,265801466721
20668417,8192,9876900,1236978,124229513827,240186547821
20676609,8192,9885128,1278425,124191509641,254512632837
20684801,8192,9893357,1277423,124164220953,235411134221
20692993,8192,9901590,1299309,124222150078,246418762302
20701185,8192,9909808,1280639,124039124147,261395319190
20709377,8192,9918046,1237605,124150614349,270635104205
20717569,8192,9926276,1319388,123967676483,247933030496
20725761,8192,9934518,1333524,123906422105,250862579106
20733953,8192,9942757,1342890,124072186073,253823234982
20742145,8192,9950994,1335924,123999386424,252269560170
20750337,8192,9959240,1282264,124044134635,255070385878
20758529,8192,9967460,1252221,124075251218,264180219095
20766721,8192,9975702,1248961,124010223875,241426498712
20774913,8192,9983955,1296280,123959551616,239743937904
20783105,8192,9992198,1295855,123861766459,227886220339
20791297,8192,10000436,1357061,123655847951,232213448871
20799489,8192,10008679,1286683,123903565050,222585679848
20807681,8192,10016909,1225709,123683481511,243867277740
20815873,8192,10025141,1281184,123701645397,233275611339
20824065,8192,10033363,1306171,123674520523,228210426817
20832257,8192,10041601,1300593,123697978959,231502494336
20840449,8192,10049823,1322193,123742084041,234196046320
20848641,8192,10058046,1339278,123881511204,263176959505
20856833,8192,10066279,1280156,124044652168,261859821274
20865025,8192,10074499,1341045,123939717225,263357912510
20873217,8192,10082726,1449149,123875874183,241781067568
20881409,8192,10090947,1318637,123828156277,255910750396
20889601,8192,10099176,1310004,124079212741,249360216596
20897793,8192,10107391,1287441,124064006649,239923401399
20905985,8192,10115611,1238107,123942336536,245664844317
20914177,8192,10123834,1270972,123967807271,242559697764
20922369,8192,10132052,1338406,123619826798,231598276290
20930561,8192,10140274,1350373,123791381394,232716193167
20938753,8192,10148494,1314243,123637017493,250230566913
20946945,8192,10156745,1392627,123714739565,239669505629
20955137,8192,10165009,1283356,123904730600,266583169234
20963329,8192,10173259,1250992,123804630771,255769721768
20971521,8192,10181499,1396954,123899780038,242782231457
20979713,8192,10189737,1351704,123744674033,254140592401
20987905,8192,10197972,1408688,123937607291,242012096330
20996097,8192,10206206,1502921,123906819311,229017946153
21004289,8192,10214429,1419302,123927641555,257628913692
21005282,993,10223616,159274,15045217504,33346618769
