block_number,blocks,slot,txs,gas,time
8193,8192,1,0,0,237424122
16385,8192,1,0,0,225229145
24577,8192,1,0,0,224510180
32769,8192,1,0,0,228467383
40961,8192,1,0,0,227459170
49153,8192,1,1514,33070964,290697999
57345,8192,1,3916,407821091,425763358
65537,8192,1,2676,90041948,348991091
73729,8192,1,5821,197747509,421650386
81921,8192,1,4204,131282630,393205480
90113,8192,1,4589,112269814,396413138
98305,8192,1,3327,84662425,352439128
106497,8192,1,4168,105498119,368983986
114689,8192,1,4247,119199457,364151708
122881,8192,1,6054,163953975,393998705
131073,8192,1,5852,147449076,375069123
139265,8192,1,6678,168428364,401201656
147457,8192,1,7805,190561977,422374632
155649,8192,1,8675,220080834,451327584
163841,8192,1,7255,175016877,424235909
172033,8192,1,10115,242307512,483500464
180225,8192,1,12029,319429322,528361180
188417,8192,1,10493,307941046,494512570
196609,8192,1,8488,226000959,462023481
204801,8192,1,9431,284499928,487399438
212993,8192,1,9432,269025812,485462591
221185,8192,1,9745,253020191,487005002
229377,8192,1,9473,303239797,486477654
237569,8192,1,9752,287334366,498654172
245761,8192,1,9175,237099979,497619888
253953,8192,1,9225,299876210,510854770
262145,8192,1,8500,237942979,482147583
270337,8192,1,11073,360421503,541811568
278529,8192,1,11244,333906121,552817452
286721,8192,1,9944,288230259,535428321
294913,8192,1,9552,272964709,525675697
303105,8192,1,10564,278617464,535429501
311297,8192,1,9852,289668902,515845765
319489,8192,1,10772,285019105,530482595
327681,8192,1,9264,263512681,518355467
335873,8192,1,10710,300329465,551081723
344065,8192,1,10447,340557247,549248617
352257,8192,1,11871,367785281,584191889
360449,8192,1,11031,301110840,564513843
368641,8192,1,10176,272300629,534648936
376833,8192,1,10299,327273585,576403103
385025,8192,1,11650,328391280,575757486
393217,8192,1,10917,668394420,590502175
401409,8192,1,10512,371168499,559262979
409601,8192,1,11329,399996130,578119390
417793,8192,1,9682,299513459,533787513
425985,8192,1,10211,378463309,592685700
434177,8192,1,10123,371765259,596130497
442369,8192,1,10202,298321714,546918902
450561,8192,1,10252,488330843,829549656
458753,8192,1,11670,315763779,617501021
466945,8192,1,12392,405644045,632048193
475137,8192,1,11262,434129872,728720553
483329,8192,1,11885,436485530,816129369
491521,8192,1,11396,324292141,671301775
499713,8192,1,11390,316107054,580640443
507905,8192,1,19834,986537643,916873510
516097,8192,1,14518,537099270,684123087
524289,8192,1,14364,563247320,782203670
532481,8192,1,15028,641704064,840723710
540673,8192,1,11625,533545978,766267578
548865,8192,1,12334,352563908,604031473
557057,8192,1,11579,286224762,561257996
565249,8192,1,12543,387072166,633505471
573441,8192,1,11762,377902837,641991895
581633,8192,1,11889,329240266,599094177
589825,8192,1,12402,356748509,629808927
598017,8192,1,11554,361660592,596490757
606209,8192,1,11466,286807225,572192350
614401,8192,1,11355,383668685,816800035
622593,8192,1,12943,487254257,633543382
630785,8192,1,10960,369935232,573424012
638977,8192,1,10609,304527314,556277320
647169,8192,1,11891,400916707,595842930
655361,8192,1,13364,422684376,602700422
663553,8192,1,11233,291970815,575603808
671745,8192,1,11307,306322589,584027559
679937,8192,1,13718,480255087,754650208
688129,8192,1,12101,533373764,726750736
696321,8192,1,24697,2437912230,2333013430
704513,8192,1,24278,1882935448,1718528128
712705,8192,1,15914,1053536841,1231561466
720897,8192,1,14854,884970772,1118948643
729089,8192,1,18033,1103406409,1209321421
737281,8192,1,39634,2413080461,2429552261
745473,8192,1,20252,1205744179,1469866842
753665,8192,1,16649,914386676,1289778609
761857,8192,1,29450,1702093462,1927028977
770049,8192,1,19926,1149090055,1579352528
778241,8192,1,27585,1546147829,1830770474
786433,8192,1,13804,512905120,926538544
794625,8192,1,14238,555275432,1011809175
802817,8192,1,20936,1074374824,1436939397
811009,8192,1,33100,2274628469,2280658297
819201,8192,1,21058,1074857191,1410661306
827393,8192,1,17945,1068696871,1315511215
835585,8192,1,16965,691346951,1113238793
843777,8192,1,24779,1318609001,1580145400
851969,8192,1,17337,797507253,1219016773
860161,8192,1,16221,653054698,877871098
868353,8192,1,17414,667767224,865947229
876545,8192,1,20874,997212648,1017131448
884737,8192,1,18556,602924448,856099445
892929,8192,1,20188,746509191,953887300
901121,8192,1,20728,705763650,924388909
909313,8192,1,28858,1212230895,1216834667
917505,8192,1,29450,1450050635,1418393633
925697,8192,1,25856,1070129090,1257670529
933889,8192,1,23756,919949479,1094024055
942081,8192,1,24390,780757258,990022703
950273,8192,1,22318,724737535,942037459
958465,8192,1,23856,823943680,1007395434
966657,8192,1,39968,1787855655,1603304114
974849,8192,1,24875,783309904,1004648883
983041,8192,1,25559,758151178,1011816155
991233,8192,1,32769,996332438,1131648538
999425,8192,1,29253,955506690,1150850477
1007617,8192,1,28779,874607232,1056165822
1015809,8192,1,28640,944195150,1099575675
1024001,8192,1,30592,1077029621,1204550487
1032193,8192,1,30567,1025667741,1107227353
1040385,8192,1,26761,784549571,1043417126
1048577,8192,1,28815,1876343804,1160516191
1056769,8192,1,31628,1248873846,1118007780
1064961,8192,1,32758,1302389229,1201370282
1073153,8192,1,30961,857488355,1047896907
1081345,8192,1,33502,949562723,1133723442
1089537,8192,1,37121,995463452,1198221275
1097729,8192,1,40115,1081576458,1235414941
1105921,8192,1,42800,1253697553,1301087534
1114113,8192,1,41667,1235498720,1273162746
1122305,8192,1,38878,1141426898,1204345572
1130497,8192,1,41538,1202802604,1249634945
1138689,8192,1,39904,1101644111,1170575213
1146881,8192,1,44221,1340457745,1263980276
1155073,8192,1,43528,1383496645,1261809632
1163265,8192,1,38152,1246718060,1185528031
1171457,8192,1,44944,1374923499,1317757782
1179649,8192,1,46242,1574630437,1358551964
1187841,8192,1,44523,1522997076,1322209112
1196033,8192,1,43594,1529570548,1481333199
1204225,8192,1,41259,1452683779,1367189616
1212417,8192,1,52923,2302777232,1933739604
1220609,8192,1,46705,1563686082,1437040470
1228801,8192,1,46123,1514235577,1560774060
1236993,8192,1,43046,1458453689,1483284786
1245185,8192,1,49499,1658881432,1540609217
1253377,8192,1,46254,1516126264,1294312701
1261569,8192,1,42318,1328121509,1453689168
1269761,8192,1,40021,1078268036,1190413397
1277953,8192,1,46365,1435004546,1463682399
1286145,8192,1,50841,1591258579,1568500977
1294337,8192,1,41499,1271776158,1322478620
1302529,8192,1,47633,1512367159,1559538598
1310721,8192,1,42641,1164414830,1286103307
1318913,8192,1,42610,1137106273,1246932083
1327105,8192,1,45560,1357858661,1370189295
1335297,8192,1,50369,1781939706,1407137484
1343489,8192,1,45221,1209479371,1286900492
1351681,8192,1,44015,1206824098,1318801584
1359873,8192,1,54888,1591716049,1288825899
1368065,8192,1,43396,1184809863,1305064728
1376257,8192,1,48876,1593180641,1511048278
1384449,8192,1,45143,1439543743,1279372702
1392641,8192,1,41341,1118372583,1325927196
1400833,8192,1,45540,1329131424,1380432396
1409025,8192,1,49104,1485363761,1483498465
1417217,8192,1,44023,1225869865,1243480716
1425409,8192,1,49886,1450651632,1480125878
1433601,8192,1,56669,1681771886,1512298349
1441793,8192,1,54635,1947185643,1532939359
1449985,8192,1,56685,1624594158,1487710667
1458177,8192,1,50196,1613347851,1512584057
1466369,8192,1,54893,2240127730,2072501770
1474561,8192,1,52100,1483885342,1482413493
1482753,8192,1,51280,1586965488,1557007785
1490945,8192,1,56855,1674576856,1482071554
1499137,8192,1,52382,1728224502,1483701654
1507329,8192,1,60036,2138598848,1825279882
1515521,8192,1,69268,2441975068,1962611677
1523713,8192,1,56514,1832134302,1756118092
1531905,8192,1,51124,1731842384,1648002096
1540097,8192,1,58754,1911501394,1706425689
1548289,8192,1,61429,1987968261,1649602366
1556481,8192,1,60630,2360467143,1854237395
1564673,8192,1,56981,1819841802,1522099912
1572865,8192,1,56494,1777140576,1522965957
1581057,8192,1,59042,1735378915,1519070563
1589249,8192,1,68973,2172337508,1783333477
1597441,8192,1,64306,2192773982,1802458156
1605633,8192,1,86669,3493104245,2382743472
1613825,8192,1,62112,2154462632,1715163610
1622017,8192,1,60118,1914186297,1604334824
1630209,8192,1,53413,1741132990,1538987547
1638401,8192,1,56756,1633896769,1440825875
1646593,8192,1,50346,1452533160,1405599175
1654785,8192,1,50828,1521883376,1393048249
1662977,8192,1,60376,3061122313,2251451125
1671169,8192,1,55258,1843787387,1653782146
1679361,8192,1,55775,1793288354,1540184701
1687553,8192,1,52281,1793521528,1536028727
1695745,8192,1,55227,1857680146,1548213645
1703937,8192,1,64652,2265573762,1865052311
1712129,8192,1,63355,2060421766,1744521631
1720321,8192,1,65682,5800241515,7740116881
1728513,8192,1,95610,16739007815,41216402842
1736705,8192,1,67917,4743426756,8433165608
1744897,8192,1,62602,3296268924,3882202588
1753089,8192,1,68336,3841591968,3025868729
1761281,8192,1,58130,2076897006,1963477832
1769473,8192,1,57022,2221809906,1654153554
1777665,8192,1,52898,1689289635,1634947966
1785857,8192,1,53856,1708894430,1785394533
1794049,8192,1,56044,1992483551,2153034144
1802241,8192,1,90325,5767597538,2837539190
1810433,8192,1,52758,2499380206,4542564369
1818625,8192,1,55194,1772826158,1903280031
1826817,8192,1,53703,1704827192,1543521545
1835009,8192,1,49822,1916513753,2063661722
1843201,8192,1,53374,1676538934,1577516276
1851393,8192,1,60123,2381439875,3164781553
1859585,8192,1,56426,2865260110,4609857885
1867777,8192,1,50632,1670163364,1886517555
1875969,8192,1,53453,1904646721,1993016951
1884161,8192,1,54655,1840362954,1658882233
1892353,8192,1,54265,1824465369,1536593494
1900545,8192,1,51280,1414646366,1415365208
1908737,8192,1,47043,1388770142,1425400660
1916929,8192,1,63160,1874850406,1579321913
1925121,8192,1,62773,4171399935,7605915384
1933313,8192,1,65738,2266620454,2075566779
1941505,8192,1,62037,2034143904,1749012430
1949697,8192,1,79321,2248553641,1855587595
1957889,8192,1,74738,2527380908,2184611738
1966081,8192,1,75137,2369261794,1887059982
1974273,8192,1,66582,2970283633,2222976648
1982465,8192,1,60335,2173102476,2252995473
1990657,8192,1,63657,1764764048,1583885973
1998849,8192,1,66671,2054100679,1768600807
2007041,8192,1,68240,2035711402,1769163323
2015233,8192,1,60275,1885646786,1581750408
2023425,8192,1,59731,1718762000,1530504970
2031617,8192,1,56298,1666187619,1480616289
2039809,8192,1,56416,2985329528,2221294186
2048001,8192,1,67806,2074138922,1656099377
2056193,8192,1,63577,1903780373,1585841174
2064385,8192,1,55865,1657169845,1516189958
2072577,8192,1,58480,1557471379,1420431467
2080769,8192,1,55331,1599645346,1418802230
2088961,8192,1,64228,1850037001,1663540916
2097153,8192,1,66060,2188998555,1800190668
2105345,8192,1,54235,1660505770,1530035463
2113537,8192,1,56694,1742357705,1466623514
2121729,8192,1,61614,1816239031,1574519241
2129921,8192,1,63451,3861822325,2419484279
2138113,8192,1,69603,2043909844,1647553125
2146305,8192,1,61611,1914481982,1541329587
2154497,8192,1,62524,1658273809,1418638950
2162689,8192,1,61974,1798911967,1556097677
2170881,8192,1,62834,1920681017,1661067442
2179073,8192,1,61629,1818058493,1551740036
2187265,8192,1,76278,2727312503,1995084094
2195457,8192,1,59767,1675377812,1482878644
2203649,8192,1,65371,2614658821,1845209082
2211841,8192,1,62364,2039781213,1540631611
2220033,8192,1,60969,1981999587,1615059836
2228225,8192,1,85854,2814470323,1947238119
2236417,8192,1,55933,1813330669,1445042890
2244609,8192,1,57588,1730634676,1434074306
2252801,8192,1,63320,2021513820,1594724313
2260993,8192,1,65183,2112882377,1782080981
2269185,8192,1,74523,2354744595,1747378276
2277377,8192,1,72172,2714744039,1823854128
2285569,8192,1,50199,1706002470,2640627376
2293761,8192,1,61842,1801256949,6105321685
2301953,8192,1,68639,2034760072,1802321183
2310145,8192,1,66952,2916329686,15668877520
2318337,8192,1,48275,1914011719,11740301094
2326529,8192,1,56968,3010508461,23480603558
2334721,8192,1,60252,3532946594,44492220223
2342913,8192,1,59242,2893073539,21447781232
2351105,8192,1,56520,2437337126,4254508850
2359297,8192,1,53930,2539978338,9105860875
2367489,8192,1,72486,5437092390,37742110118
2375681,8192,1,64351,3955814780,34590407290
2383873,8192,1,72150,4175006287,26399039608
2392065,8192,1,52311,3587030185,49904628236
2400257,8192,1,60755,3380343872,108419124971
2408449,8192,1,54394,3489623288,88980666656
2416641,8192,1,59749,3571481590,53584386642
2424833,8192,1,52901,2140315677,70934412863
2433025,8192,1,41983,2064705182,91010568469
2441217,8192,1,52489,1940457621,35724783877
2449409,8192,1,47032,1416811786,16062567406
2457601,8192,1,50121,1416935937,21356151866
2465793,8192,1,63997,2059194432,18158274104
2473985,8192,1,52613,5415624522,50120243604
2482177,8192,1,77644,2200694454,3357906435
2490369,8192,1,47944,1381582456,1539380223
2498561,8192,1,58110,1704965277,1670541456
2506753,8192,1,68097,2292291281,1948420726
2514945,8192,1,59292,1798672209,1761017793
2523137,8192,1,59793,1784849739,1728004259
2531329,8192,1,57693,1656383700,1686646775
2539521,8192,1,55694,1627913854,1541758497
2547713,8192,1,63237,1907051300,1805851891
2555905,8192,1,61395,1723186230,1738526896
2564097,8192,1,57303,1576168754,1788672190
2572289,8192,1,44899,1243188531,1335495292
2580481,8192,1,50737,1381762673,1435501640
2588673,8192,1,53997,1523970827,1591491652
2596865,8192,1,56755,1868225974,1862087533
2605057,8192,1,54579,1853422028,1678578871
2613249,8192,1,57937,1749156374,1662169695
2621441,8192,1,54830,1654717503,1676310105
2629633,8192,1,59687,1932781220,1692284386
2637825,8192,1,58098,1831832946,1760077328
2646017,8192,1,57577,1732304988,1673780102
2654209,8192,1,56517,1691425491,1520730832
2662401,8192,1,54908,1580644481,1712306528
2670593,8192,1,56589,1781259427,1579804653
2678785,8192,1,85495,2598196853,13721975129
2686977,8192,1,59696,3974729576,68949633757
2695169,8192,1,72462,4113740875,42532822319
2703361,8192,1,55726,4743499117,65488762037
2711553,8192,1,65254,6348291025,87082861849
2719745,8192,1,64427,5199613546,50461735918
2727937,8192,1,50844,1684630038,2206557693
2736129,8192,1,54697,1652133461,1577403080
2744321,8192,1,53051,1748152517,1486649484
2752513,8192,1,55339,1979520745,1646117365
2760705,8192,1,64847,2063457441,1693660229
2768897,8192,1,55277,1804237075,1645367750
2777089,8192,1,56023,1776551857,1629438911
2785281,8192,1,52991,1726269370,1557853034
2793473,8192,1,52624,2213276915,1536818158
2801665,8192,1,55238,1810591298,1645805899
2809857,8192,1,63980,2356415998,1904829832
2818049,8192,1,65743,2448549979,1902986746
2826241,8192,1,54971,1881197690,1618652514
2834433,8192,1,49662,1953789890,1693823667
2842625,8192,1,58392,2038106026,1660076030
2850817,8192,1,64185,2225753659,1803658906
2859009,8192,1,76490,2486660557,2044762600
2867201,8192,1,55683,1760491642,1556011387
2875393,8192,1,50675,1452936266,1420710845
2883585,8192,1,50157,1522394202,1490281598
2891777,8192,1,58225,1860099069,1566179546
2899969,8192,1,60144,2083730262,1661639681
2908161,8192,1,60988,2086757942,1683989598
2916353,8192,1,54302,1714680114,1484563827
2924545,8192,1,50695,1584719153,1531706593
2932737,8192,1,63026,2305221488,2081467229
2940929,8192,1,67480,2204851332,1823075242
2949121,8192,1,61833,1971573134,1783370846
2957313,8192,1,58505,1930260127,1653583666
2965505,8192,1,59699,1937673518,1684996661
2973697,8192,1,63091,2244391292,1799113347
2981889,8192,1,64874,2137001608,1663779897
2990081,8192,1,70738,2397486878,1788915907
2998273,8192,1,58903,1853897373,1575765411
3006465,8192,1,54373,1766782589,1547091177
3014657,8192,1,65027,2294148724,1804554271
3022849,8192,1,60922,2027141448,1752512657
3031041,8192,1,58548,1960456703,1758111599
3039233,8192,1,61315,2005539036,1771536235
3047425,8192,1,62091,2149768492,1801970228
3055617,8192,1,67927,2452616440,1975273018
3063809,8192,1,62018,2292070946,1905186739
3072001,8192,1,63286,2183742248,1898189307
3080193,8192,1,65669,2218082794,1853196816
3088385,8192,1,54874,1846213528,1652350965
3096577,8192,1,63311,2098245747,1874973597
3104769,8192,1,59762,2124435421,1745118357
3112961,8192,1,58897,2178531771,1873329408
3121153,8192,1,58468,1974991763,1693183374
3129345,8192,1,63556,2065813146,1802066168
3137537,8192,1,64128,2220717880,1844395236
3145729,8192,1,70462,2665896127,2019439235
3153921,8192,1,64806,2336669302,1970467860
3162113,8192,1,70074,2730719806,2327031503
3170305,8192,1,60420,2178878613,1837930420
3178497,8192,1,73252,3110141726,2188339275
3186689,8192,1,79081,2976280771,2143823631
3194881,8192,1,71074,2804402262,2107540299
3203073,8192,1,64978,2351345544,1918017121
3211265,8192,1,68556,2464803794,1946320716
3219457,8192,1,66845,2286314550,1891389394
3227649,8192,1,75763,3113040792,2180377440
3235841,8192,1,69688,2984250772,2186554937
3244033,8192,1,68668,2289170959,1958290984
3252225,8192,1,71170,2634879929,2120724839
3260417,8192,1,70604,2482121481,2034701489
3268609,8192,1,79874,2821352557,2251908659
3276801,8192,1,82615,2938903296,2248952629
3284993,8192,1,93464,3013882836,2437532644
3293185,8192,1,81232,2628326517,2165457172
3301377,8192,1,77780,2508423110,1977292313
3309569,8192,1,85412,2762075045,2147188178
3317761,8192,1,74949,2364616867,1917412965
3325953,8192,1,89542,3008034239,2388143063
3334145,8192,1,89382,3038054714,2259267868
3342337,8192,1,91012,2910544703,2268097887
3350529,8192,1,112957,4683356145,3086541048
3358721,8192,1,108487,3824938321,2715998922
3366913,8192,1,150248,4856683444,3312191178
3375105,8192,1,129410,4029391606,3036010045
3383297,8192,1,118959,3597176359,2700045551
3391489,8192,1,113031,3618928236,2680732583
3399681,8192,1,109702,3595863612,2652583113
3407873,8192,1,112341,3708098910,2715519470
3416065,8192,1,121089,3775021048,2733410336
3424257,8192,1,111288,3513747685,2696864649
3432449,8192,1,126552,4519125602,3169097018
3440641,8192,1,116739,3847970531,3097219232
3448833,8192,1,137505,4650151490,3224399169
3457025,8192,1,132372,4354448594,3198226096
3465217,8192,1,116438,3872751305,2931868811
3473409,8192,1,138958,4605215288,3592041606
3481601,8192,1,115237,3904507999,2960316444
3489793,8192,1,129313,4405146988,3185595575
3497985,8192,1,121326,4141663795,3004132293
3506177,8192,1,101941,3457895017,2668123226
3514369,8192,1,104473,3801545119,2823137459
3522561,8192,1,110663,3893580475,2973226946
3530753,8192,1,118136,4358681727,3086876113
3538945,8192,1,116538,3957151738,3190494371
3547137,8192,1,97599,3525061715,2833743246
3555329,8192,1,105494,3951999139,3301018669
3563521,8192,1,113777,4538716060,3391565328
3571713,8192,1,122232,4932027111,3993410884
3579905,8192,1,113517,5371454955,3264871629
3588097,8192,1,103751,3918968307,3222646919
3596289,8192,1,112257,4332652445,3287455924
3604481,8192,1,136619,5289710359,3791438794
3612673,8192,1,143158,5255428268,3668767538
3620865,8192,1,145745,4868936849,3600997097
3629057,8192,1,136562,4879877560,3682324325
3637249,8192,1,160424,6406024036,4208058567
3645441,8192,1,150436,5782052966,3964157665
3653633,8192,1,167559,5819732935,4207921848
3661825,8192,1,142125,5329409688,3721790324
3670017,8192,1,152266,6300591479,4023117020
3678209,8192,1,169497,6571385749,4262870180
3686401,8192,1,156250,7347905323,4412925406
3694593,8192,1,167344,7335647042,4501394719
3702785,8192,1,147702,7536226635,4445594941
3710977,8192,1,168287,8194709920,4839774480
3719169,8192,1,176741,9883600890,5707890782
3727361,8192,1,214081,11450730102,6222978255
3735553,8192,1,229327,12196031413,6783586618
3743745,8192,1,201943,10613685663,5938034992
3751937,8192,1,260406,12599459208,7126522154
3760129,8192,1,278528,15779303797,7831332996
3768321,8192,1,279013,16350363987,8079650542
3776513,8192,1,244538,13523383202,6960081907
3784705,8192,1,224822,12717337930,6850706726
3792897,8192,1,248995,13592095818,7400099277
3801089,8192,1,314302,19832169118,8419258811
3809281,8192,1,313676,17980594470,11745948807
3817473,8192,1,280618,16692684984,9666002043
3825665,8192,1,296114,15953100496,8994115285
3833857,8192,1,317754,17492872153,9902230532
3842049,8192,1,305857,17151665586,9731803886
3850241,8192,1,325308,16138916714,9753701829
3858433,8192,1,365858,18515263356,10631726260
3866625,8192,1,450999,21732698279,12653873408
3874817,8192,1,403872,18428150155,11580158907
3883009,8192,1,399350,18507971011,12106074338
3891201,8192,1,366142,17616667683,11133826873
3899393,8192,1,401398,20055154217,12452223589
3907585,8192,1,467519,26635229072,13000901113
3915777,8192,1,448080,27509986564,12954520471
3923969,8192,1,445137,22206823281,12698703111
3932161,8192,1,393944,20192356202,12362135509
3940353,8192,1,474437,21147977183,13780110290
3948545,8192,1,452736,24838577163,15742326038
3956737,8192,1,409197,21844246829,13944837381
3964929,8192,1,391200,20881198158,14249499776
3973121,8192,1,480657,24984090402,16289226056
3981313,8192,1,439836,24432971850,16011735376
3989505,8192,1,456105,22202913020,15507545975
3997697,8192,1,401541,19785653790,13589100446
4005889,8192,1,468451,21489133966,15126733316
4014081,8192,1,521089,25614275148,17658844926
4022273,8192,1,465732,25576854950,16233854311
4030465,8192,1,422645,19071909199,14601655350
4038657,8192,1,452765,21588202182,15464645120
4046849,8192,1,494336,24205815057,16224637835
4055041,8192,1,427170,19727949695,13954284733
4063233,8192,1,409232,17944225576,13490092852
4071425,8192,1,455169,22752023483,15574757391
4079617,8192,1,411552,20393151746,13608391030
4087809,8192,1,402826,19516574262,13943321115
4096001,8192,1,350511,18308327314,12046786355
4104193,8192,1,441704,23280158452,15230248502
4112385,8192,1,474401,24577424757,17269677721
4120577,8192,1,512389,25868228053,17997612941
4128769,8192,1,539622,25478534061,18510538644
4136961,8192,1,612130,30525492507,20592581013
4145153,8192,1,669828,31316179679,22142063091
4153345,8192,1,667176,32781900955,22114363400
4161537,8192,1,802050,39631270870,26193858145
4169729,8192,1,832182,45690595844,30384436357
4177921,8192,1,822935,40787417397,26361153397
4186113,8192,1,677937,33931766754,23477391938
4194305,8192,1,736129,33608364656,23619903103
4202497,8192,1,733583,31613370181,23073929723
4210689,8192,1,736596,33326421250,24020226648
4218881,8192,1,885279,42684031553,28212096486
4227073,8192,1,909505,44089434039,29395835320
4235265,8192,1,772574,36378544905,26005653340
4243457,8192,1,1021928,44970958961,31909071045
4251649,8192,1,1081239,50184234692,34378714199
4259841,8192,1,880278,41550585016,30127902216
4268033,8192,1,864414,41053728142,30157512819
4276225,8192,1,867715,42375737918,32453716400
4284417,8192,1,857098,44405284841,30658768199
4292609,8192,1,764839,40439697663,30768146073
4300801,8192,1,736339,41523378146,30501195910
4308993,8192,1,739102,40787147868,29886710598
4317185,8192,1,882460,46629010975,33231852723
4325377,8192,1,928715,45913689045,34730055294
4333569,8192,1,855500,44372358254,33255067241
4341761,8192,1,890587,45969894286,33825576200
4349953,8192,1,861954,44868560756,34449150619
4358145,8192,1,961145,45839288391,34679908804
4366337,8192,1,1022776,47707018313,37163878770
4374529,8192,1,788928,41640159530,30839516341
4382721,8192,1,680611,30304975089,24260739985
4390913,8192,1,633676,29394442349,24771927545
4399105,8192,1,691855,34599365091,24186554629
4407297,8192,1,587597,22219394536,19054830959
4415489,8192,1,602801,27141844419,21215308291
4423681,8192,1,637247,33563116251,25233118126
4431873,8192,1,602169,34452528559,25706745421
4440065,8192,1,644187,35202407283,26498293550
4448257,8192,1,635205,32303616551,25356357214
4456449,8192,1,658167,33516933106,26687475200
4464641,8192,1,714607,37151598010,29424292653
4472833,8192,1,687810,38954422870,30526491416
4481025,8192,1,691342,38855588548,30928646582
4489217,8192,1,597092,33111071840,27192638181
4497409,8192,1,530372,24797114990,21595221091
4505601,8192,1,664534,27768018498,23580205409
4513793,8192,1,607716,29462506589,24905882655
4521985,8192,1,636968,33818088203,28203130261
4530177,8192,1,576620,30857764315,24782433018
4538369,8192,1,555644,29902311532,25072122887
4546561,8192,1,576193,31728985315,26198612979
4554753,8192,1,614333,33933012035,28340844738
4562945,8192,1,694290,35077866299,28741966527
4571137,8192,1,685773,35235556368,29279293314
4579329,8192,1,595343,32512470264,27446326909
4587521,8192,1,616676,31432826950,27897910255
4595713,8192,1,732388,35462326767,31246862625
4603905,8192,1,701686,34053236118,29370531551
4612097,8192,1,696025,34813469923,29567203820
4620289,8192,1,756842,36575998133,31448786384
4628481,8192,1,695958,35807344495,29622390452
4636673,8192,1,839988,41325848673,36075895080
4644865,8192,1,859818,39561689628,35256691655
4653057,8192,1,878341,39038765676,35949204592
4661249,8192,1,838018,41732008967,37647597412
4669441,8192,1,868393,42367951309,40168729043
4677633,8192,1,1024408,50365921601,46877598448
4685825,8192,1,1106629,50823271509,47508933018
4694017,8192,1,983321,52251191383,44106125965
4702209,8192,1,1065994,53288175748,52191360635
4710401,8192,1,1004230,57029863421,55255840137
4718593,8192,1,1175867,60067148142,59073072888
4726785,8192,1,1283732,60320736424,58252193026
4734977,8192,1,1366216,63069754925,59495427358
4743169,8192,1,1249121,59108334014,53710712356
4751361,8192,1,1252125,59908605848,55162992821
4759553,8192,1,1451207,62045900188,57596223523
4767745,8192,1,1519992,62098558192,55958097739
4775937,8192,1,1585445,62497723845,53761008367
4784129,8192,1,1400070,58743219915,53746999443
4792321,8192,1,1052134,54186765245,44351041938
4800513,8192,1,1019534,49928583194,43361073621
4808705,8192,1,1261780,57510375260,51172399078
4816897,8192,1,1331357,57590718396,54121479382
4825089,8192,1,1639294,60808222944,57076954486
4833281,8192,1,1324521,56290819569,51800217557
4841473,8192,1,1365671,56727562845,53217349340
4849665,8192,1,1800565,61983009179,61250222207
4857857,8192,1,2002216,61977955389,58023801023
4866049,8192,1,1885881,62151807862,61010647619
4874241,8192,1,1724229,62804522499,59976585450
4882433,8192,1,1914229,62387106534,61243607840
4890625,8192,1,1784457,61980258440,56656995289
4898817,8192,1,1710320,62316592526,60734330505
4907009,8192,1,1726464,62391325627,58616985760
4915201,8192,1,1730007,63380891308,61109264959
4923393,8192,1,1858619,62279744506,61053938262
4931585,8192,1,1849680,62183892835,62426852593
4939777,8192,1,1496671,58403848500,56900579841
4947969,8192,1,1393070,58633948844,58104567475
4956161,8192,1,1327346,58788810672,56113267381
4964353,8192,1,1272246,58123924020,55901486579
4972545,8192,1,1159603,54810326446,53499772390
4980737,8192,1,1260970,53358611450,54376552635
4988929,8192,1,1176073,52672662572,51331356664
4997121,8192,1,1259241,55165172481,53032122397
5005313,8192,1,1262433,56373025517,52447544814
5013505,8192,1,1356029,59546446599,57886488732
5021697,8192,1,1305842,56689784355,56120336761
5029889,8192,1,1125879,53898877430,49146190060
5038081,8192,1,1161636,54269350642,49459969107
5046273,8192,1,1191117,54055514122,52487777546
5054465,8192,1,1056526,53286687769,50119265181
5062657,8192,1,1038563,52346336284,48796041302
5070849,8192,1,1111255,53626275181,47694449971
5079041,8192,1,1139166,53752148996,50714136203
5087233,8192,1,1010849,50228857996,45848152508
5095425,8192,1,1086570,52677277867,50015015263
5103617,8192,1,981145,52265804278,47775768763
5111809,8192,1,1077049,53626533614,49185033474
5120001,8192,1,1057547,54195882329,48760103694
5128193,8192,1,1208494,58216835003,54616858810
5136385,8192,1,1184261,56746767112,51915622462
5144577,8192,1,999424,52506836442,49617156159
5152769,8192,1,1017445,53578401482,50639575769
5160961,8192,1,1019623,52810336386,51652906038
5169153,8192,1,938849,52166193773,49923701244
5177345,8192,1,1005061,53979644014,53241287222
5185537,8192,1,1006297,54409598707,55630637505
5193729,8192,1,910773,52367016050,51605210498
5201921,8192,1,1019609,54958972298,51835487034
5210113,8192,1,963205,51431731336,52322535261
5218305,8192,1,1080296,53432274393,55941471674
5226497,8192,1,913035,51814775021,52230474132
5234689,8192,1,811533,49710271751,48933041143
5242881,8192,1,914018,50659269828,49471628246
5251073,8192,1,951734,49660522293,48812820186
5259265,8192,1,966328,49937461860,51730057488
5267457,8192,1,876120,48233799143,48622227795
5275649,8192,1,839560,45505587169,45409687666
5283841,8192,1,976074,50468458835,49540135299
5292033,8192,1,924974,47925789741,49056462464
5300225,8192,1,942144,49680604502,47872601241
5308417,8192,1,886412,46355902185,47776971758
5316609,8192,1,828036,44837407164,46318435056
5324801,8192,1,738251,42486626567,43718500990
5332993,8192,1,878562,44377402985,44880018101
5341185,8192,1,759784,39515895518,40683992088
5349377,8192,1,876958,45441991668,47042047250
5357569,8192,1,803479,46113372017,46805922085
5365761,8192,1,729028,45065663138,44059806531
5373953,8192,1,885713,47737923460,48231546820
5382145,8192,1,836995,51351355496,50309017910
5390337,8192,1,965931,52965281717,50981105934
5398529,8192,1,782926,50890084027,46635455567
5406721,8192,1,761190,48956703913,48387225888
5414913,8192,1,827064,48472063015,48455903567
5423105,8192,1,825418,49256575775,54805018365
5431297,8192,1,919267,52230978175,57482319217
5439489,8192,1,974226,55143258533,58746350032
5447681,8192,1,833508,50689771206,53491167625
5455873,8192,1,947860,56707817121,55610066009
5464065,8192,1,1033971,58652807039,59158197073
5472257,8192,1,1115589,59342364238,61797395448
5480449,8192,1,1153123,59083287853,61245573021
5488641,8192,1,1009152,56069946259,59764807053
5496833,8192,1,1156155,57601281303,64038347651
5505025,8192,1,1147957,57531469967,64039248037
5513217,8192,1,1088977,55330482420,58891160130
5521409,8192,1,1128476,54292326455,58717372887
5529601,8192,1,1047151,55026971310,61867081681
5537793,8192,1,1126959,57980108462,64192404677
5545985,8192,1,1076343,59166013084,63879550930
5554177,8192,1,1192396,59545348454,65244338152
5562369,8192,1,1376951,58519081749,70857519239
5570561,8192,1,976721,58050473193,60136488409
5578753,8192,1,1166387,57731284389,60997200086
5586945,8192,1,1161915,58406567436,63767108029
5595137,8192,1,1234914,60771886651,66339177679
5603329,8192,1,1124232,59755746193,62822008475
5611521,8192,1,1095478,60122260578,61176829174
5619713,8192,1,1158885,60368944644,65801150932
5627905,8192,1,1153817,60775416598,64519176556
5636097,8192,1,1226306,60413544072,64354149260
5644289,8192,1,1196097,59963033833,61981344341
5652481,8192,1,1148057,60165793954,64836031396
5660673,8192,1,1177054,60696972227,63743676152
5668865,8192,1,1235498,60047450465,65185697309
5677057,8192,1,1147362,60485425643,66582888988
5685249,8192,1,1108227,59774988632,62815938108
5693441,8192,1,1201882,61008511303,65332309587
5701633,8192,1,1183811,61676882288,69376429937
5709825,8192,1,1214637,61791485704,71248948602
5718017,8192,1,1086473,61499185628,71274943358
5726209,8192,1,1201901,61132528463,66930903425
5734401,8192,1,1114912,61252818451,65779920101
5742593,8192,1,1163973,60135524474,65068784009
5750785,8192,1,1084060,59600947136,63351561215
5758977,8192,1,1078372,59809101820,63202130230
5767169,8192,1,1114845,59325753351,64951148553
5775361,8192,1,1126138,59862973911,62689964026
5783553,8192,1,1136977,59212357830,61889001098
5791745,8192,1,1046515,52187366379,56078497581
5799937,8192,1,1040418,55190787848,57966779445
5808129,8192,1,853023,55324595267,54213812642
5816321,8192,1,1028624,57063660639,59441048957
5824513,8192,1,1117046,59270194084,64642526384
5832705,8192,1,1061157,58960211718,63162659632
5840897,8192,1,1055327,56548008958,60561896054
5849089,8192,1,878652,50539203884,55027399600
5857281,8192,1,1173486,57632243725,67256746715
5865473,8192,1,1081039,57617358569,62429615602
5873665,8192,1,1057229,56743055206,63794171072
5881857,8192,1,951758,58511385611,59538966620
5890049,8192,1,835183,61795713273,49092803825
5898241,8192,1,739929,61727951417,50762829908
5906433,8192,1,680873,61904063474,51839960777
5914625,8192,1,706329,61447371947,53633394902
5922817,8192,1,694577,62089394033,50999933716
5931009,8192,1,846968,57980071725,52687886273
5939201,8192,1,966559,59961762656,59596235321
5947393,8192,1,901788,60279415753,58113187737
5955585,8192,1,802864,60414676596,57360390893
5963777,8192,1,685110,63069117237,53134120701
5971969,8192,1,649712,59686231052,53009990516
5980161,8192,1,1036796,60094784408,64446462186
5988353,8192,1,1003503,59416305051,63285985985
5996545,8192,1,1027604,59615250433,61718364591
6004737,8192,1,892103,60438506569,67026479198
6012929,8192,1,880312,59806694762,62587215144
6021121,8192,1,1109642,60025112508,66993863647
6029313,8192,1,1094954,59640226996,65955290772
6037505,8192,1,1030417,59369607024,63392785980
6045697,8192,1,1057200,55900815277,64651320406
6053889,8192,1,940339,50753517403,56931792520
6062081,8192,1,1047645,56417459765,63750915497
6070273,8192,1,1070344,58612928291,66027251470
6078465,8192,1,1040326,59160341340,62959947834
6086657,8192,1,1032939,59245645508,60047309076
6094849,8192,1,978106,58080730358,59614686624
6103041,8192,1,949935,59434287423,63754684495
6111233,8192,1,814440,62418352419,80698757954
6119425,8192,1,756883,61929340206,83564271060
6127617,8192,1,891700,57927536222,70794325374
6135809,8192,1,894373,54124139868,58085000433
6144001,8192,1,948844,54474431056,61868168388
6152193,8192,1,949060,55935295379,61154094868
6160385,8192,1,940733,57179985070,62646561422
6168577,8192,1,875004,59767193046,68984609387
6176769,8192,1,854844,58633356661,63255965962
6184961,8192,1,869810,57172923878,63254536357
6193153,8192,1,858339,58716480746,65142060772
6201345,8192,1,808091,59068730609,63572853648
6209537,8192,1,816753,58875189706,67099004104
6217729,8192,1,809455,58560010270,64752413402
6225921,8192,1,839253,57560207356,64338782559
6234113,8192,1,845776,59019049499,65527827452
6242305,8192,1,804291,57082938691,67667678051
6250497,8192,1,779310,58293679134,62897898498
6258689,8192,1,935783,58551901338,65409344847
6266881,8192,1,832343,56739213761,64583502985
6275073,8192,1,815239,56879687612,64339970392
6283265,8192,1,869622,56503858451,63931142532
6291457,8192,1,753911,57192973874,63820943374
6299649,8192,1,796408,58492213661,64354712588
6307841,8192,1,775867,57819406693,64369371426
6316033,8192,1,731815,55554664930,60847857922
6324225,8192,1,801177,56055100336,62831205933
6332417,8192,1,702924,55639554786,61483963622
6340609,8192,1,628921,57287631240,61660071263
6348801,8192,1,701014,56796985035,59512539647
6356993,8192,1,679990,56753862938,62055827536
6365185,8192,1,679678,56844041949,54596023051
6373377,8192,1,730260,55694660589,62293111636
6381569,8192,1,631122,56053435110,57296331493
6389761,8192,1,623579,55480206989,59003663465
6397953,8192,1,722344,56431171315,60353360659
6406145,8192,1,629492,57158444543,60737581986
6414337,8192,1,709829,57357572825,60278467961
6422529,8192,1,613086,54942317621,54128848993
6430721,8192,1,606422,52576411946,55852434520
6438913,8192,1,642545,52459434620,56662380024
6447105,8192,1,731996,53145077742,56387320586
6455297,8192,1,724964,54306641564,63137597876
6463489,8192,1,815991,52726025166,60679735571
6471681,8192,1,729625,49182276339,52666424935
6479873,8192,1,669837,46831088707,48224606884
6488065,8192,1,747144,48122908769,55277471511
6496257,8192,1,717326,47958662805,60579677089
6504449,8192,1,718392,50909275438,58663992416
6512641,8192,1,730467,48392560754,54372691781
6520833,8192,1,738059,46131832206,54965763126
6529025,8192,1,724708,46477569891,53246732214
6537217,8192,1,800265,48971240353,56755233847
6545409,8192,1,787384,48497192206,55543994705
6553601,8192,1,698398,47187351487,54500939867
6561793,8192,1,737557,48788349686,54634120416
6569985,8192,1,764170,49888523955,56103924311
6578177,8192,1,680236,49997697795,49580384869
6586369,8192,1,749999,53088340658,51598437822
6594561,8192,1,705784,48019131508,54056819839
6602753,8192,1,656423,46400710382,52982208979
6610945,8192,1,849783,47748915390,57207475636
6619137,8192,1,801148,47807608803,57328549057
6627329,8192,1,765408,46669797740,54624434737
6635521,8192,1,743150,46887794423,54770931215
6643713,8192,1,665607,45877233135,56417047757
6651905,8192,1,758736,47427946240,59511858359
6660097,8192,1,827631,47805700088,57897392506
6668289,8192,1,740827,47033958754,55846704724
6676481,8192,1,701546,45737135850,54643787473
6684673,8192,1,693026,47473036303,56575802370
6692865,8192,1,744005,47361939810,54634800700
6701057,8192,1,728159,45355462532,54149743135
6709249,8192,1,803323,48175195526,56275421146
6717441,8192,1,731903,47282679908,55471505890
6725633,8192,1,669779,47058450238,51612197975
6733825,8192,1,736446,51234504987,55906059039
6742017,8192,1,845497,51556557281,58843040715
6750209,8192,1,783040,49450537411,54543756352
6758401,8192,1,785734,48600607825,51271297126
6766593,8192,1,644335,43880086628,47409200909
6774785,8192,1,718306,45320242271,51344463528
6782977,8192,1,787787,49300862376,56066390726
6791169,8192,1,797132,51216997662,54795798410
6799361,8192,1,778579,54480612692,67064355965
6807553,8192,1,777106,54418924892,63498043519
6815745,8192,1,641142,49816057934,60763861322
6823937,8192,1,767187,52605381030,62477074398
6832129,8192,1,795755,53448736123,65171215738
6840321,8192,1,787802,52776478133,66818519878
6848513,8192,1,788128,50809483628,65190002205
6856705,8192,1,703447,48678621512,62690419828
6864897,8192,1,720780,48100014209,57169050797
6873089,8192,1,753391,48766101024,56363461264
6881281,8192,1,726756,48283626988,57711819754
6889473,8192,1,759040,48229905528,55899398628
6897665,8192,1,733910,48871665264,60723895179
6905857,8192,1,752177,49522415159,59567816596
6914049,8192,1,802193,51410592357,56525765883
6922241,8192,1,859621,51928120590,60058789608
6930433,8192,1,800774,50391395202,57920906074
6938625,8192,1,748654,49387623217,57368651752
6946817,8192,1,796267,50255220086,59262295955
6955009,8192,1,748240,51693407873,55593717652
6963201,8192,1,806363,50150885645,61809200225
6971393,8192,1,728569,48656564463,60283004990
6979585,8192,1,735352,51199560672,62299923031
6987777,8192,1,699021,48682911486,64298593833
6995969,8192,1,634120,45831406577,54098002396
7004161,8192,1,892155,50536556554,62506329260
7012353,8192,1,782030,49273441119,61273730382
7020545,8192,1,741045,46097890688,56737671238
7028737,8192,1,762443,45093991002,57729059373
7036929,8192,1,853754,46603908786,56965347241
7045121,8192,1,810342,46377293130,57021049495
7053313,8192,1,770343,47471980730,57073876655
7061505,8192,1,683334,43555846112,52696642947
7069697,8192,1,838780,46875030520,57929495148
7077889,8192,1,763229,48582059456,55623808679
7086081,8192,1,751041,45191788480,54666638351
7094273,8192,1,795784,48515590361,55755311643
7102465,8192,1,787430,49228707462,54740844995
7110657,8192,1,985470,55948602087,60401497187
7118849,8192,1,879750,52775047845,59319812715
7127041,8192,1,771176,49224643811,57031453871
7135233,8192,1,810937,53308284328,61977430159
7143425,8192,1,915819,55117039138,65612352022
7151617,8192,1,910815,54754117820,61627072855
7159809,8192,1,886198,58713975871,66728475984
7168001,8192,1,726666,49138506055,54607920651
7176193,8192,1,693336,47109751685,54252070887
7184385,8192,1,724525,48036349840,51464522091
7192577,8192,1,708302,48268198216,52784623403
7200769,8192,1,727507,50120021956,54877514434
7208961,8192,1,790346,53098340347,60198409415
7217153,8192,1,906974,56741329110,61932806137
7225345,8192,1,933614,58596654890,64431563112
7233537,8192,1,885596,58671527494,64724352913
7241729,8192,1,1016104,61069572685,70035310649
7249921,8192,1,1020630,61369308543,66802879231
7258113,8192,1,985675,61058114637,69585875438
7266305,8192,1,1024395,60799942581,67968210567
7274497,8192,1,1073993,62911729753,72304753962
7282689,8192,1,959353,60722933235,69481610542
7290881,8192,1,721417,51558952034,60977371083
7299073,8192,1,635467,47439182717,58392088430
7307265,8192,1,768990,52539940390,60258050140
7315457,8192,1,782838,50497801672,59601762592
7323649,8192,1,736531,48680635829,56897622110
7331841,8192,1,693431,48979000213,58546631320
7340033,8192,1,700353,48470463657,58862609730
7348225,8192,1,656165,47754014325,54447120895
7356417,8192,1,706952,49781969594,59398902788
7364609,8192,1,702560,51552295972,56784007200
7372801,8192,1,748488,51189895210,57598430570
7380993,8192,1,672970,50289379405,55561972884
7389185,8192,1,618374,46747527961,56086101408
7397377,8192,1,731407,53849189259,58606737702
7405569,8192,1,823103,54459907520,58930527271
7413761,8192,1,820567,57996395789,65126463632
7421953,8192,1,759259,54880499899,61434237396
7430145,8192,1,709874,50266481813,56831910192
7438337,8192,1,799413,52617562312,61530709561
7446529,8192,1,803464,53862112844,63271802186
7454721,8192,1,776283,53348274726,61131409662
7462913,8192,1,841975,55623955618,62726782225
7471105,8192,1,853955,57452318218,66944163221
7479297,8192,1,795154,56297422443,64048180532
7487489,8192,1,889445,56376229780,68431437424
7495681,8192,1,1021969,60023042579,72508540935
7503873,8192,1,875237,55313971334,65931230165
7512065,8192,1,775071,49429826010,60658755980
7520257,8192,1,725889,47064363363,57720184743
7528449,8192,1,834843,51650564844,64449414423
7536641,8192,1,789507,50757917942,63433890020
7544833,8192,1,867687,54598783786,61316550520
7553025,8192,1,960725,56469515355,63344995514
7561217,8192,1,815707,50313874323,62887131468
7569409,8192,1,666231,46144005917,57297613349
7577601,8192,1,832815,54175134238,57610756621
7585793,8192,1,885526,58087439964,62971826763
7593985,8192,1,861278,55905434119,63335604603
7602177,8192,1,852806,50342783962,62769510797
7610369,8192,1,887841,49888381296,62744170065
7618561,8192,1,860187,54950616424,60070259394
7626753,8192,1,915348,54030183176,64096460443
7634945,8192,1,852309,51681051150,64223553465
7643137,8192,1,912370,53049696773,63727282581
7651329,8192,1,738803,45900258701,54475758481
7659521,8192,1,713836,45748826296,54559579029
7667713,8192,1,848035,50538533259,59035869550
7675905,8192,1,937742,55323766578,66629149662
7684097,8192,1,787627,54383889810,59660706282
7692289,8192,1,833589,53247672067,60833728366
7700481,8192,1,814204,49535470442,60062075066
7708673,8192,1,903137,54358941917,62136418258
7716865,8192,1,801151,62622317283,55893075621
7725057,8192,1,905524,59014777802,66551683549
7733249,8192,1,960512,58327935763,71290146602
7741441,8192,1,936278,56411432504,69361474224
7749633,8192,1,890324,53572479595,70378465321
7757825,8192,1,1027125,58522479696,77190449034
7766017,8192,1,1065365,61612038604,80763150220
7774209,8192,1,1133091,62039236317,77547763397
7782401,8192,1,1013568,61944787561,77016576726
7790593,8192,1,977456,60660792594,73020402695
7798785,8192,1,1062407,59684547724,75161399922
7806977,8192,1,1017774,59902115809,73880657532
7815169,8192,1,1154301,60693446908,75126647576
7823361,8192,1,1129298,60341384806,75253830378
7831553,8192,1,1048171,56590059373,71498859784
7839745,8192,1,1006866,55276418358,71215797039
7847937,8192,1,1266339,61467920318,75283988393
7856129,8192,1,1153575,60984143819,71418587678
7864321,8192,1,1115475,59852831907,75040408465
7872513,8192,1,1148287,60908945609,72129238979
7880705,8192,1,1236171,60021117831,77759689011
7888897,8192,1,1119286,58582250428,72276983497
7897089,8192,1,1116862,59438959515,72501881393
7905281,8192,1,1053564,59511201019,71253053839
7913473,8192,1,1018766,59916578393,72915265560
7921665,8192,1,1163030,58202234652,66323290360
7929857,8192,1,932972,56541598892,70252373891
7938049,8192,1,1335617,61768841096,74829536982
7946241,8192,1,1126115,60333225913,77683114277
7954433,8192,1,930625,59253863905,77460226103
7962625,8192,1,1155991,60318831521,76902702794
7970817,8192,1,1149787,58205892161,74152257657
7979009,8192,1,1168100,58675133580,74032204175
7987201,8192,1,1109590,60201568915,71215997412
7995393,8192,1,1246696,60953748469,70558044726
8003585,8192,1,1072671,58459135873,74857635912
8011777,8192,1,915176,52150084703,71760468599
8019969,8192,1,1048977,54347088319,71596045824
8028161,8192,1,1161083,57901070063,70453007612
8036353,8192,1,1038066,60739991885,71465662944
8044545,8192,1,1058512,61452870344,68736380276
8052737,8192,1,1224568,57520110354,69289641138
8060929,8192,1,883351,49034881564,62321459992
8069121,8192,1,1093556,54937862712,68153854712
8077313,8192,1,1171620,58985335698,73707612879
8085505,8192,1,970944,57604952668,70933540547
8093697,8192,1,1018286,53175452767,67586921174
8101889,8192,1,907967,52281783686,65318507200
8110081,8192,1,872493,50955441103,65107850292
8118273,8192,1,1016880,55439650663,71659789625
8126465,8192,1,893543,53041319100,68567890636
8134657,8192,1,1199821,58355280103,73329162752
8142849,8192,1,872903,50503746198,66681815279
8151041,8192,1,753363,48910092076,64930224821
8159233,8192,1,888841,55200745635,70304880894
8167425,8192,1,1358869,61654254721,68235605027
8175617,8192,1,919344,57647015958,72331107686
8183809,8192,1,948309,52872475578,66588260742
8192001,8192,1,738324,46746541520,59795279594
8200193,8192,1,738422,45469577722,58471350224
8208385,8192,1,812997,50384096789,62950584649
8216577,8192,1,1006640,52371646321,61340610219
8224769,8192,1,1163238,59595554009,69862611851
8232961,8192,1,798761,53019994658,65091038257
8241153,8192,1,697829,51960965721,60697722067
8249345,8192,1,841109,52000342474,65277653555
8257537,8192,1,930193,54459937700,68518054170
8265729,8192,1,975208,58222853369,70487595019
8273921,8192,1,1020904,56306070571,68332148662
8282113,8192,1,938526,53080739771,62028369225
8290305,8192,1,820570,51981464609,66537031801
8298497,8192,1,940581,58623412073,69068099060
8306689,8192,1,877846,57683653048,67948064179
8314881,8192,1,914277,57238738726,69392560795
8323073,8192,1,880678,51566549035,65083058418
8331265,8192,1,763133,51489770819,74201728740
8339457,8192,1,835498,52115559990,62805241041
8347649,8192,1,940995,53853618011,66825555122
8355841,8192,1,935120,59792349550,69410683310
8364033,8192,1,849350,54624898279,64950316292
8372225,8192,1,826549,50554075020,62608322813
8380417,8192,1,893359,53524916702,65476523728
8388609,8192,1,950037,59670381591,74851958515
8396801,8192,1,851952,59067138486,67445008654
8404993,8192,1,971316,58701071184,72205119757
8413185,8192,1,957288,57866515165,72793555599
8421377,8192,1,838965,57549256819,63099759899
8429569,8192,1,893296,61104343635,60454513712
8437761,8192,1,993838,59809150417,69138124409
8445953,8192,1,964813,60789904230,70396984317
8454145,8192,1,839047,59657647316,65487377473
8462337,8192,1,854037,59372454307,63701063562
8470529,8192,1,970235,60191471319,66920244543
8478721,8192,1,988342,61800831528,66650845241
8486913,8192,1,828164,61286830855,61263413072
8495105,8192,1,1002499,62022730823,64451418435
8503297,8192,1,989779,61828220456,63608353246
8511489,8192,1,835312,61844907375,58131796715
8519681,8192,1,889469,61679703719,58824158733
8527873,8192,1,965347,61385667796,60217993224
8536065,8192,1,931052,61592837583,60739513731
8544257,8192,1,754048,61629636775,56221181945
8552449,8192,1,803745,61961780469,59748413708
8560641,8192,1,939276,63530816772,63823657402
8568833,8192,1,851417,65923346777,63511172801
8577025,8192,1,841049,65623489141,62680717067
8585217,8192,1,992152,73222626803,69505303879
8593409,8192,1,817459,77878755186,65470176690
8601601,8192,1,699019,76628772865,65852944329
8609793,8192,1,811933,78058009201,65744041076
8617985,8192,1,949393,77470743277,76260631344
8626177,8192,1,869464,75793509999,71515146858
8634369,8192,1,739889,74187688186,65084011549
8642561,8192,1,818926,77685558439,70249163555
8650753,8192,1,825924,78026267904,72279807591
8658945,8192,1,812147,70393239512,80395901858
8667137,8192,1,785673,61570806794,72453653782
8675329,8192,1,816542,65781442449,69092650592
8683521,8192,1,757973,54004019478,66007479600
8691713,8192,1,683329,52246980326,61568235318
8699905,8192,1,849122,55659160493,66690113979
8708097,8192,1,975466,59263476741,72031135637
8716289,8192,1,913001,59041577975,71075948874
8724481,8192,1,868978,54281558998,66373174656
8732673,8192,1,805391,49494687484,61129569881
8740865,8192,1,812980,52561159401,64179053637
8749057,8192,1,822366,52666178343,64755373097
8757249,8192,1,919564,56098391378,67968143990
8765441,8192,1,968016,57877117485,70362969588
8773633,8192,1,860153,51481505907,62269731403
8781825,8192,1,790868,47257860195,57857676605
8790017,8192,1,942832,53538052783,64944029348
8798209,8192,1,940694,61685676481,72864555288
8806401,8192,1,885927,61658922238,67462534479
8814593,8192,1,1038029,61369004831,75490722051
8822785,8192,1,879793,52146272787,64782035435
8830977,8192,1,878509,55697156073,67655945315
8839169,8192,1,964736,62541552293,83321741981
8847361,8192,1,996914,61590833329,81107211681
8855553,8192,1,885028,55127615561,63847528167
8863745,8192,1,791523,55304861134,65936677798
8871937,8192,1,849887,63786091420,82344304510
8880129,8192,1,902373,61012686158,74408074105
8888321,8192,1,941387,59426643172,71935573481
8896513,8192,1,1133114,63866621409,84492816916
8904705,8192,1,802562,63727133550,86192048343
8912897,8192,1,845445,61409418399,82357142092
8921089,8192,1,1017609,65029754319,85236933255
8929281,8192,1,907925,63564436196,81915690548
8937473,8192,1,967802,66232587516,85053848808
8945665,8192,1,897482,65346650167,84612724361
8953857,8192,1,750217,65003544141,71910035790
8962049,8192,1,1086994,67502783028,84203522374
8970241,8192,1,951713,66237749089,79496199439
8978433,8192,1,981183,69267416517,78554773557
8986625,8192,1,1055590,68273551884,89431019638
8994817,8192,1,780717,56833119505,75567708299
9003009,8192,1,1036805,73004597454,87177285157
9011201,8192,1,1012222,71455636535,83311425864
9019393,8192,1,874242,71548472212,81246459385
9027585,8192,1,971248,66791843410,82404165878
9035777,8192,1,840102,64595196013,80452349237
9043969,8192,1,994170,64934612725,80354244621
9052161,8192,1,888691,65383679263,81500356515
9060353,8192,1,942244,57388886441,72179527346
9068545,8192,1,701653,48078807041,60686930388
9076737,8192,1,754798,61024714378,71412772084
9084929,8192,1,908482,65338335472,77666955960
9093121,8192,1,898709,68826620520,82806777497
9101313,8192,1,947022,69761741984,77512902606
9109505,8192,1,855685,64915604147,76103963076
9117697,8192,1,936510,68593558199,82148722733
9125889,8192,1,1110657,74193543274,89456564240
9134081,8192,1,974020,71692480309,87220028008
9142273,8192,1,971906,69278593897,87181869136
9150465,8192,1,940651,67361910005,85374115978
9158657,8192,1,931319,67770003761,86406997406
9166849,8192,1,1003627,67301994373,89318256417
9175041,8192,1,901224,64936435027,83254229405
9183233,8192,1,768025,58547006772,73602869889
9191425,8192,1,992708,64118389903,84186136291
9199617,8192,1,767537,60728207372,80037355522
9207809,8192,1,741824,53901328760,76217508203
9216001,8192,1,698064,49104444455,66033785652
9224193,8192,1,643992,47707551961,73584888767
9232385,8192,1,827015,55845001987,72657453969
9240577,8192,1,847844,59333225580,72563230799
9248769,8192,1,757262,52846524981,65488909831
9256961,8192,1,716538,54524823239,67330657084
9265153,8192,1,714126,49995214601,59945943060
9273345,8192,1,716731,54250605891,66574853353
9281537,8192,1,763184,56104624149,70926134346
9289729,8192,1,852003,63108379279,77498621364
9297921,8192,1,904053,60658920099,73471577683
9306113,8192,1,828610,56073471319,71519096345
9314305,8192,1,742441,55013686452,69668112697
9322497,8192,1,731295,52787689502,65753853762
9330689,8192,1,708369,52392880422,64813536071
9338881,8192,1,664925,47456678772,62102098326
9347073,8192,1,627062,59045841516,70912123960
9355265,8192,1,542072,51533409470,61803880268
9363457,8192,1,553768,51823161640,62308030497
9371649,8192,1,664552,57497993985,71382961711
9379841,8192,1,665352,58873592863,70583260318
9388033,8192,1,708523,60684737157,74019920881
9396225,8192,1,742494,61352845542,73222269059
9404417,8192,1,682535,52096944972,67028801409
9412609,8192,1,730720,56467680323,74275197463
9420801,8192,1,659919,65708295301,93190441737
9428993,8192,1,805946,68506237462,96817919701
9437185,8192,1,799261,70730540231,98340020882
9445377,8192,1,782815,64727852547,86734486302
9453569,8192,1,806095,57998734790,76790753352
9461761,8192,1,873153,60674145097,75247212815
9469953,8192,1,978600,68453757397,90342496426
9478145,8192,1,932038,68593126285,89480902160
9486337,8192,1,969887,65412428592,83367485866
9494529,8192,1,871662,61072195102,79857058321
9502721,8192,1,880415,67010896351,92112900599
9510913,8192,1,877077,62637487079,82305006458
9519105,8192,1,892491,66341797417,84386506137
9527297,8192,1,886525,63743218469,84072966494
9535489,8192,1,763034,56916289211,75045825882
9543681,8192,1,755739,51749236039,72584951001
9551873,8192,1,873175,63714325503,84990495017
9560065,8192,1,894671,66968083563,94346090587
9568257,8192,1,871975,67196685161,95354565866
9576449,8192,1,833002,63337835446,90636375592
9584641,8192,1,804983,57162122774,82003736688
9592833,8192,1,852642,58816487988,88394813207
9601025,8192,1,804419,61358444080,95728216457
9609217,8192,1,849312,58233450860,89859224429
9617409,8192,1,927929,63536028152,95558771666
9625601,8192,1,813905,59495790605,91178961187
9633793,8192,1,774141,59853748240,95345487932
9641985,8192,1,1008519,71796902215,103990124357
9650177,8192,1,946237,66707485905,90290015330
9658369,8192,1,908074,73540668043,105388706471
9666561,8192,1,1048466,76252778127,102257416713
9674753,8192,1,866412,68574360918,92218285996
9682945,8192,1,932972,70752871888,99480445676
9691137,8192,1,979047,71791734313,100762772455
9699329,8192,1,918888,67817796157,98252742873
9707521,8192,1,1104725,71177466006,106405420494
9715713,8192,1,1104271,71716325188,110768746699
9723905,8192,1,963052,66999392072,94629169124
9732097,8192,1,1005464,65795578186,95728515975
9740289,8192,1,1059837,67994246828,98489841289
9748481,8192,1,979162,67629006993,97020836933
9756673,8192,1,885081,62292836211,90371944065
9764865,8192,1,833802,62457382863,87839036719
9773057,8192,1,837546,61034522068,83509438896
9781249,8192,1,946051,67857791102,92709107600
9789441,8192,1,819208,65866256100,88386500743
9797633,8192,1,924104,68240421801,96426444330
9805825,8192,1,881246,68247029882,93116639408
9814017,8192,1,778987,66071308722,87053450383
9822209,8192,1,911174,69795340731,99605488461
9830401,8192,1,1006706,71978418806,102299088504
9838593,8192,1,1038633,71509025018,104056719037
9846785,8192,1,896865,69792988764,95766780571
9854977,8192,1,847711,67034768302,90326536279
9863169,8192,1,911641,68667883187,94995825905
9871361,8192,1,996682,70107950073,98141533186
9879553,8192,1,973566,69625920413,97387702591
9887745,8192,1,993179,71185747311,99674755393
9895937,8192,1,1003198,70717713319,100291237120
9904129,8192,1,1002534,71808040774,102959506966
9912321,8192,1,973237,71613101484,99695608264
9920513,8192,1,1033485,72846155160,99571488841
9928705,8192,1,1031123,73635393603,102062570954
9936897,8192,1,1080661,74097718137,104155576124
9945089,8192,1,978766,70891484395,99410746938
9953281,8192,1,1042650,72417886178,102065829672
9961473,8192,1,1112412,74009890439,104609157190
9969665,8192,1,1081752,73469731113,105846972833
9977857,8192,1,1115522,75780146275,107838433594
9986049,8192,1,1042699,73335453765,106287999217
9994241,8192,1,1012025,72304159780,105191043205
10002433,8192,1,947807,73177316635,103128287998
10010625,8192,1,993860,74248158794,101154419741
10018817,8192,1,1083307,76321832298,107234972930
10027009,8192,1,1144640,76778212899,108695214157
10035201,8192,1,1106267,76509496209,110429760281
10043393,8192,1,1136468,76529152684,107436599539
10051585,8192,1,1143192,76622953602,110293114801
10059777,8192,1,1071558,76691528658,104598533996
10067969,8192,1,1035874,75016157201,103461116232
10076161,8192,1,1190056,75265046958,102508978350
10084353,8192,1,1052095,76722732640,106237537306
10092545,8192,1,1059358,76839914668,108311085586
10100737,8192,1,1078590,77061038954,105185155608
10108929,8192,1,1104262,76917215732,96611654830
10117121,8192,1,1171376,77120896113,103582656355
10125313,8192,1,1065388,77604654123,108526882403
10133505,8192,1,1080586,77621034018,102431758352
10141697,8192,1,1185945,77375102520,104115345937
10149889,8192,1,1118057,77079879819,102037237002
10158081,8192,1,1140551,77535086646,107986687959
10166273,8192,1,1201889,77314405596,107151048089
10174465,8192,1,1114490,77129632609,107335838665
10182657,8192,1,1131014,76977719808,106402025357
10190849,8192,1,1225990,76646881261,106045180795
10199041,8192,1,1193971,77200838933,103392187551
10207233,8192,1,1174049,77770485494,105586757626
10215425,8192,1,1131601,77893106666,103534815883
10223617,8192,1,1214716,77082495252,104104812335
10231809,8192,1,1239036,76812658037,106138368599
10240001,8192,1,1174334,77539060580,108574780993
10248193,8192,1,1147536,77645370823,110003852304
10256385,8192,1,1130296,76924591639,107430733622
10264577,8192,1,1030018,77324495149,107655449285
10272769,8192,1,1086505,77623073831,107638724831
10280961,8192,1,1133919,77708872357,107755586961
10289153,8192,1,1154060,77788627230,110353443899
10297345,8192,1,1188569,79487887047,116423780390
10305537,8192,1,1162732,92108783782,134584694369
10313729,8192,1,1258422,92807705936,129120840320
10321921,8192,1,1454915,92532120917,128045309027
10330113,8192,1,1363088,93006927167,130366124048
10338305,8192,1,1297387,91799653406,129200066128
10346497,8192,1,1317779,93102367684,130354202004
10354689,8192,1,1316959,92167733414,128197987879
10362881,8192,1,1294409,91868826372,126597592148
10371073,8192,1,1371189,92625323824,128807793086
10379265,8192,1,1370935,91279955444,126800199116
10387457,8192,1,1323638,91353035083,129018194487
10395649,8192,1,1176812,92192015743,131409845448
10403841,8192,1,1130901,92191092473,126480546821
10412033,8192,1,1365356,91517607743,127636691673
10420225,8192,1,1350461,91558164098,126893610693
10428417,8192,1,1325279,93052871840,131539643870
10436609,8192,1,1315451,92424243235,130557933888
10444801,8192,1,1280543,91824104587,131511764671
10452993,8192,1,1386630,92677741195,129030933117
10461185,8192,1,1350573,93443272480,133791128124
10469377,8192,1,1413221,93408214190,126134165308
10477569,8192,1,1409852,91813150323,119820658905
10485761,8192,1,1325146,92491978229,128767519085
10493953,8192,1,1360475,93375068735,132232326099
10502145,8192,1,1477277,93028293528,128884390863
10510337,8192,1,1458912,93395121237,130063820946
10518529,8192,1,1407547,93881286759,134791312127
10526721,8192,1,1441709,95010075686,132748782038
10534913,8192,1,1517598,98525141995,140399351429
10543105,8192,1,1527082,98878550793,138969442239
10551297,8192,1,1529306,98563439926,141416792342
10559489,8192,1,1488034,98120186326,132201787013
10567681,8192,1,1545901,98405600084,134984820346
10575873,8192,1,1481930,98131779771,138309553988
10584065,8192,1,1392202,98224165663,138189484009
10592257,8192,1,1533065,98063078190,134724395278
10600449,8192,1,1520463,98076761196,138238599379
10608641,8192,1,1485632,97643007726,136237792804
10616833,8192,1,1537129,98094168122,133133277205
10625025,8192,1,1531409,97567851758,130674381631
10633217,8192,1,1605029,98527900785,130897969590
10641409,8192,1,1581691,98109215587,130130791902
10649601,8192,1,1533873,98321831677,124656033680
10657793,8192,1,1556816,98751922551,126098004743
10665985,8192,1,1455320,98419002087,132252452112
10674177,8192,1,1399828,98856138099,131083801759
10682369,8192,1,1543182,99064986797,129424586012
10690561,8192,1,1541635,98835373983,128311255737
10698753,8192,1,1495339,99053764120,131147211655
10706945,8192,1,1535453,99205973257,133903610745
10715137,8192,1,1411860,98432768557,133518673769
10723329,8192,1,1465940,98922916151,133419927147
10731521,8192,1,1445079,99057744442,132160762211
10739713,8192,1,1409598,98835109309,134748981112
10747905,8192,1,1434689,98604438114,133804791580
10756097,8192,1,1432351,98393824834,130066384367
10764289,8192,1,1436449,98995119384,125833017783
10772481,8192,1,1494024,98865322370,123324823742
10780673,8192,1,1564213,98943876509,122819182284
10788865,8192,1,1487517,99069578049,122612049943
10797057,8192,1,1431398,98631734597,129392579964
10805249,8192,1,1279797,97861496443,131237783751
10813441,8192,1,1314075,99369544817,133058542122
10821633,8192,1,1326300,98850079622,134169394512
10829825,8192,1,1297628,99169380318,130348834763
10838017,8192,1,1376879,98939998883,128571402497
10846209,8192,1,1346219,99403792278,133679599075
10854401,8192,1,1323252,99251403001,132888606799
10862593,8192,1,1334976,99494857878,135996764122
10870785,8192,1,1341365,99559553820,134240177997
10878977,8192,1,1470136,99262735048,132641574800
10887169,8192,1,1685788,99549571043,127336691696
10895361,8192,1,1395013,99353151545,134376501569
10903553,8192,1,1353200,99129856294,133241117868
10911745,8192,1,1436134,99015606534,133048787256
10919937,8192,1,1372106,99208153089,132554834761
10928129,8192,1,1338149,99199886160,134123967322
10936321,8192,1,1303750,99210160521,132733355062
10944513,8192,1,1283208,99611151083,132702837382
10952705,8192,1,1319801,99531959189,127437352954
10960897,8192,1,1352636,99310002799,129479966274
10969089,8192,1,1375102,99466085443,131601955761
10977281,8192,1,1318730,99628423479,136580599378
10985473,8192,1,1227266,99669860657,132718812603
10993665,8192,1,1251634,99764662138,132752724693
11001857,8192,1,1356592,99619090549,134297769821
11010049,8192,1,1378517,99485553104,134614112536
11018241,8192,1,1275742,98374192970,131084533919
11026433,8192,1,1354490,99298692809,132862179078
11034625,8192,1,1310112,97186693575,128998154439
11042817,8192,1,1334103,99245280398,133095020403
11051009,8192,1,1363729,99758052158,133832004271
11059201,8192,1,1433294,99811214650,134328977920
11067393,8192,1,1554046,99865509853,141412865167
11075585,8192,1,1348576,99492264844,139960226336
11083777,8192,1,1248034,99629928157,137129983028
11091969,8192,1,1401515,99673560434,140172874123
11100161,8192,1,1447762,99741103137,140254414746
11108353,8192,1,1485144,99829077573,142163251814
11116545,8192,1,1398817,99670502872,138017650365
11124737,8192,1,1270161,99750583272,134999954026
11132929,8192,1,1320965,100173706874,136464693851
11141121,8192,1,1325674,99897977809,137987693789
11149313,8192,1,1402938,99852564415,136378070278
11157505,8192,1,1427512,99848646888,134753177197
11165697,8192,1,1399016,99824607865,135856258640
11173889,8192,1,1294020,99650819487,137893531540
11182081,8192,1,1438620,99932057170,141684435214
11190273,8192,1,1438914,100005225132,138092505009
11198465,8192,1,1443942,99739876237,140525485391
11206657,8192,1,1412633,99729278350,141669772220
11214849,8192,1,1380570,99693471850,140782205662
11223041,8192,1,1383145,99903866172,142403915719
11231233,8192,1,1478358,100104962850,142553883620
11239425,8192,1,1347924,99887377082,140521957846
11247617,8192,1,1381274,100222018318,137613598573
11255809,8192,1,1444439,99786699446,138762740101
11264001,8192,1,1316079,99890293002,139969651354
11272193,8192,1,1347710,99946984814,140919011970
11280385,8192,1,1484505,99851935427,142528167706
11288577,8192,1,1396744,99998982049,145137159223
11296769,8192,1,1470900,99784151152,144171182586
11304961,8192,1,1430049,99687376856,146547794176
11313153,8192,1,1453839,99667400561,148088776802
11321345,8192,1,1595756,99733144268,146242082707
11329537,8192,1,1528036,99788326430,146396791680
11337729,8192,1,1445057,99542969394,145853030991
11345921,8192,1,1359299,100074192393,143411435729
11354113,8192,1,1214427,99786388904,142525008784
11362305,8192,1,1448539,99876697498,148825850738
11370497,8192,1,1443442,99905517041,146160901323
11378689,8192,1,1372946,99494705111,142464546844
11386881,8192,1,1460716,99919270857,146479259960
11395073,8192,1,1324871,99802789764,145541286248
11403265,8192,1,1294644,99751712798,142756395815
11411457,8192,1,1427163,99936036914,143725718733
11419649,8192,1,1470939,99901096311,142996862691
11427841,8192,1,1374494,99957562220,142604371914
11436033,8192,1,1412862,100230306566,141032751520
11444225,8192,1,1374249,100053691309,140777587868
11452417,8192,1,1571219,99840223592,143406814148
11460609,8192,1,1495879,100010686253,142165556286
11468801,8192,1,1604419,100116741671,146213165584
11476993,8192,1,1633118,99820704698,144734813803
11485185,8192,1,1504462,99935838936,151567978134
11493377,8192,1,1317697,100499782245,149897243871
11501569,8192,1,1456024,100174119560,144929923940
11509761,8192,1,1513323,100006134277,142168483257
11517953,8192,1,1519607,99951925790,147108250298
11526145,8192,1,1383406,99807024509,145686232956
11534337,8192,1,1422653,100061173912,150691761913
11542529,8192,1,1545477,99930647157,149992459653
11550721,8192,1,1558532,100242503361,148575683458
11558913,8192,1,1504436,99761429052,144398136115
11567105,8192,1,1457170,99838244510,148058323708
11575297,8192,1,1421856,100360462892,150986397917
11583489,8192,1,1555722,100143247311,152022220805
11591681,8192,1,1574678,99900660852,152624306808
11599873,8192,1,1594565,100048647754,149765540752
11608065,8192,1,1659040,100329595801,157263889617
11616257,8192,1,1617443,100220177970,149477269736
11624449,8192,1,1532623,100080599389,151351663083
11632641,8192,1,1542361,100037161583,151287046333
11640833,8192,1,1571861,100308996380,148057461755
11649025,8192,1,1395721,100378559333,152471239467
11657217,8192,1,1490221,100226114683,152737057192
11665409,8192,1,1513739,99985733401,147134405653
11673601,8192,1,1486715,99964988407,146267137153
11681793,8192,1,1497379,99497295251,150304219054
11689985,8192,1,1555675,99583756838,145608635845
11698177,8192,1,1526425,99975239456,142141893686
11706369,8192,1,1506885,100205850486,199922918246
11714561,8192,1,1417140,100076759648,205772297986
11722753,8192,1,1419327,100185239943,175855793642
11730945,8192,1,1535326,99752558396,153592803632
11739137,8192,1,1475350,100121062315,145824610473
11747329,8192,1,1462315,100110564487,146741495202
11755521,8192,1,1607984,100218708518,148285573634
11763713,8192,1,1561092,100091344980,145813151827
11771905,8192,1,1634365,99974635368,141587643208
11780097,8192,1,1611463,100152909187,148036169690
11788289,8192,1,1659488,100051303446,142814260680
11796481,8192,1,1665774,99976385541,140837508208
11804673,8192,1,1595345,99986758305,141987748204
11812865,8192,1,1524046,99728316562,143621008808
11821057,8192,1,1641213,100165414493,148005660994
11829249,8192,1,1680031,99908869524,143705214419
11837441,8192,1,1612325,99880712091,145957021263
11845633,8192,1,1614251,99971067648,146809464169
11853825,8192,1,1556277,99978320446,147170621961
11862017,8192,1,1512954,100017672279,146388730975
11870209,8192,1,1549037,99886206895,144772013548
11878401,8192,1,1571428,100164009970,146677761507
11886593,8192,1,1668305,100312517315,145716603698
11894785,8192,1,1682065,100025730811,148655282384
11902977,8192,1,1570310,100112225843,149910971337
11911169,8192,1,1644933,100154217941,148075341681
11919361,8192,1,1656821,100207884794,147408529301
11927553,8192,1,1582493,100126425907,145837128782
11935745,8192,1,1521475,100167079312,149030827632
11943937,8192,1,1521683,100388045346,153223534850
11952129,8192,1,1489299,99966830319,158081764421
11960321,8192,1,1544635,100287189976,152317002732
11968513,8192,1,1561452,100362822758,152419479627
11976705,8192,1,1547967,99807104865,154092421209
11984897,8192,1,1485163,100423627141,149768295942
11993089,8192,1,1491502,100554250927,149025491537
12001281,8192,1,1511597,100501602390,148437649160
12009473,8192,1,1613129,100389557491,152947463641
12017665,8192,1,1618139,100182492628,151187962505
12025857,8192,1,1670231,100793818551,145325621545
12034049,8192,1,1618179,100973456970,149143429846
12042241,8192,1,1636290,100626663293,150685724007
12050433,8192,1,1664045,100791135270,146119152752
12058625,8192,1,1614383,100610086286,144825441059
12066817,8192,1,1626536,100553630407,145416438231
12075009,8192,1,1627135,100664025896,149720363894
12083201,8192,1,1538091,100839562356,149481156086
12091393,8192,1,1630555,100752831001,143814962223
12099585,8192,1,1633198,100611408516,151332405867
12107777,8192,1,1693381,100714695598,146465213548
12115969,8192,1,1640460,100682351254,150770570230
12124161,8192,1,1538108,100693050780,152924862888
12132353,8192,1,1528903,100580839188,157077203348
12140545,8192,1,1638145,100567752635,153925287760
12148737,8192,1,1686577,100662518085,174810939826
12156929,8192,1,1700547,100764775287,169607671254
12165121,8192,1,1713298,100590983304,169709311800
12173313,8192,1,1558439,100652606920,165037538513
12181505,8192,1,1598931,100706966213,162754494629
12189697,8192,1,1658474,100768276142,157857058310
12197889,8192,1,1637377,100917775639,156964219310
12206081,8192,1,1654920,100978253443,157209661984
12214273,8192,1,1653938,101056372273,156602668104
12222465,8192,1,1558132,101083378473,164452854300
12230657,8192,1,1706312,101058340035,169569479617
12238849,8192,1,1767076,101153617321,162738308293
12247041,8192,1,1547107,101156385394,168928588522
12255233,8192,1,1807586,101213455045,158201202561
12263425,8192,1,1827918,101340557214,158315320773
12271617,8192,1,1812421,101225928616,160508140386
12279809,8192,1,1929005,102065174460,153682820400
12288001,8192,1,1974887,113736085303,175272739490
12296193,8192,1,2023402,120815230694,191720439101
12304385,8192,1,1812523,120875986075,192741730847
12312577,8192,1,1728126,121038645094,205024147113
12320769,8192,1,1828550,120484717452,202848733657
12328961,8192,1,1856686,120211855092,201677123426
12337153,8192,1,1960808,120130384288,191203207952
12345345,8192,1,1834647,120407730128,196860779262
12353537,8192,1,1789128,120394301428,202720608262
12361729,8192,1,1845221,120562860077,204443680352
12369921,8192,1,1928680,120791685995,200130779176
12378113,8192,1,1897871,120919218796,197739270974
12386305,8192,1,1956011,121273660873,197156172522
12394497,8192,1,2024916,121410961017,190563251827
12402689,8192,1,2206937,120878046089,191322761698
12410881,8192,1,2161590,121219190569,181023561919
12419073,8192,1,2154173,120712639060,175326263206
12427265,8192,1,2025421,121107996489,193164675690
12435457,8192,1,1919756,121298892011,192400469546
12443649,8192,1,1849268,121098408850,198162096286
12451841,8192,1,1841994,121305918840,201924347598
12460033,8192,1,1812728,121289513405,194885382127
12468225,8192,1,1836821,121131924561,207872123825
12476417,8192,1,1847130,121013257890,203101910164
12484609,8192,1,1726342,121110215473,202179284257
12492801,8192,1,1565797,121227551605,204054592331
12500993,8192,1,1661227,120989838462,198307450813
12509185,8192,1,1657744,121397791130,197806529679
12517377,8192,1,1686415,120881512313,196662558816
12525569,8192,1,1635921,121020595616,191789227384
12533761,8192,1,1638295,120828007952,196191195395
12541953,8192,1,1630729,121115033416,200425673773
12550145,8192,1,1669238,121350515963,199884593464
12558337,8192,1,1606500,120840646922,190602863556
12566529,8192,1,1705647,120843737763,204434235366
12574721,8192,1,1593840,120738844726,204202485552
12582913,8192,1,1428541,118845017866,198451729410
12591105,8192,1,1527605,119581549488,203044503217
12599297,8192,1,1538160,121177086792,202657905578
12607489,8192,1,1544054,120921611838,202899955989
12615681,8192,1,1489350,121042433482,203325939437
12623873,8192,1,1435704,119449851412,200066305363
12632065,8192,1,1452687,118027659375,201089687202
12640257,8192,1,1546021,120587022943,200714985139
12648449,8192,1,1522355,120371457890,200240350825
12656641,8192,1,1515099,120323786912,199977975123
12664833,8192,1,1463056,119801520354,197448904423
12673025,8192,1,1336569,117778012653,196844762626
12681217,8192,1,1523979,120492919264,207617673447
12689409,8192,1,1641347,120800581446,210100464427
12697601,8192,1,1517616,120209411085,204884129758
12705793,8192,1,1572885,120784865947,203006723537
12713985,8192,1,1443041,119223702600,201974594571
12722177,8192,1,1560503,118711360145,202434962717
12730369,8192,1,1710200,120752573783,212921488569
12738561,8192,1,1525513,120574020911,200712009510
12746753,8192,1,1545180,120340259097,200186248164
12754945,8192,1,1491209,119617730910,197598183788
12763137,8192,1,1419517,119567393503,201468047723
12771329,8192,1,1443602,118754868552,204115154060
12779521,8192,1,1749998,120716159388,187310465372
12787713,8192,1,1637823,120792717738,194534846885
12795905,8192,1,1547938,120670804712,192729480548
12804097,8192,1,1433400,119784397229,197650685537
12812289,8192,1,1468640,119538963045,193252075847
12820481,8192,1,1536022,121005829418,194391898536
12828673,8192,1,1544028,120698206806,198010027799
12836865,8192,1,1619752,120820573618,197867406672
12845057,8192,1,1531456,120973407095,193771598080
12853249,8192,1,1483024,120987635474,192432339490
12861441,8192,1,1519507,120664198995,202965828172
12869633,8192,1,1543637,120610778641,213437757507
12877825,8192,1,1551096,121002511251,211583467798
12886017,8192,1,1516209,121052750886,210454073706
12894209,8192,1,1517293,120791191879,216503597251
12902401,8192,1,1553524,121085055387,211784558199
12910593,8192,1,1693757,121300295216,208385613372
12918785,8192,1,1672044,121340799798,204184382438
12926977,8192,1,1655404,120941956310,205187441518
12935169,8192,1,1569906,120926210670,205006544899
12943361,8192,1,1540925,121105298293,211133939092
12951553,8192,1,1641688,121015559738,205165958051
12959745,8192,1,1563783,120859188337,209096063599
12967937,8192,1,1512297,121685096229,202662203386
12976129,8192,1,1516976,126805399318,204996239231
12984321,8192,1,1530715,126881112753,211413462999
12992513,8192,1,1500023,126849103803,210447100049
13000705,8192,1,1525062,126762365924,196613988218
13008897,8192,1,1570898,126628575442,199699479942
13017089,8192,1,1515070,126715629496,203476219822
13025281,8192,1,1491295,126737597201,194668502561
13033473,8192,1,1399447,126800876454,199259270000
13041665,8192,1,1612103,126573305644,203698700131
13049857,8192,1,1564889,126570069748,202733432489
13058049,8192,1,1549927,126511290892,206559167698
13066241,8192,1,1574840,126648398482,208341912192
13074433,8192,1,1517669,127023106100,209308254245
13082625,8192,1,1555248,127201822791,211668067333
13090817,8192,1,1556053,126522950159,204965226080
13099009,8192,1,1504861,126490789213,206499602848
13107201,8192,1,1482066,126504578382,201373650289
13115393,8192,1,1426374,126482546404,192148858265
13123585,8192,1,1422652,126575548760,195791568532
13131777,8192,1,1500669,126501919615,201039310222
13139969,8192,1,1580952,126501645806,199002729513
13148161,8192,1,1572191,126580580822,188442541679
13156353,8192,1,1502663,126435071350,174516506719
13164545,8192,1,1495807,126867900914,181248648979
13172737,8192,1,1485620,126758082578,187474513617
13180929,8192,1,1624283,126445008957,190519429510
13189121,8192,1,1487793,126454067159,182773585199
13197313,8192,1,1590087,126448018907,194349299973
13205505,8192,1,1603957,126508967574,207355499150
13213697,8192,1,1515619,126648476624,211677432682
13221889,8192,1,1594506,126480910175,203346211774
13230081,8192,1,1571457,126542193961,207160965289
13238273,8192,1,1535402,126591571689,202890929507
13246465,8192,1,1493317,126453218947,192249210997
13254657,8192,1,1432522,126495905368,208745373310
13262849,8192,1,1488041,126602949682,208216389352
13271041,8192,1,1487836,126367437642,197163515107
13279233,8192,1,1482494,126265843066,204856147655
13287425,8192,1,1540706,126290664704,203857891157
13295617,8192,1,1431213,126416230124,206765945385
13303809,8192,1,1381642,126377743039,200580463024
13312001,8192,1,1425200,126414184386,196710902343
13320193,8192,1,1446442,126433497478,201002393064
13328385,8192,1,1451568,126525699709,201828099873
13336577,8192,1,1488450,126443773151,195269554406
13344769,8192,1,1448829,126470974452,212535734646
13352961,8192,1,1435386,126473514687,210167075996
13361153,8192,1,1537204,126540746888,198324813353
13369345,8192,1,1706359,126382828597,200383568218
13377537,8192,1,1739316,126452726028,200880778984
13385729,8192,1,1559597,126463514796,201588592205
13393921,8192,1,1464328,126468436719,208661196467
13402113,8192,1,1527548,126619040869,198046958557
13410305,8192,1,1540567,126512649425,202881665998
13418497,8192,1,1579041,126657363768,199032810406
13426689,8192,1,1652004,126401984278,194608953983
13434881,8192,1,1484258,126375922545,205856193203
13443073,8192,1,1553385,126524177526,216799112828
13451265,8192,1,1545506,126393109813,204943678076
13459457,8192,1,1617660,126509408506,209776807248
13467649,8192,1,1617160,126539220161,205322336313
13475841,8192,1,1597888,126604477600,209009358826
13484033,8192,1,1607554,126579892965,209204774002
13492225,8192,1,1693151,126510267086,206753406143
13500417,8192,1,1730955,126614551074,195400921635
13508609,8192,1,1907030,126451741784,194019703081
13516801,8192,1,1860726,126544257334,198332357484
13524993,8192,1,1743498,126502399379,199639143870
13533185,8192,1,1699555,126537553304,201312157384
13541377,8192,1,1797680,126444001381,198678204712
13549569,8192,1,1806412,126438385106,210316951835
13557761,8192,1,1726244,126479692212,207581269078
13565953,8192,1,1638285,126346564082,212575257129
13574145,8192,1,1634714,126449381758,224118695626
13582337,8192,1,1718939,126525685269,205190439388
13590529,8192,1,1768713,126417251634,203426529597
13598721,8192,1,1731576,126409827801,200319137869
13606913,8192,1,1714696,126194994571,198293967130
13615105,8192,1,1662689,126332832338,214238857159
13623297,8192,1,1659344,126354562546,199802006015
13631489,8192,1,1688326,126167088507,204738347424
13639681,8192,1,1740343,126358272138,211958570014
13647873,8192,1,1656537,126321177990,202903682828
13656065,8192,1,1504782,126229054599,211923874921
13664257,8192,1,1627117,126324235982,212635389131
13672449,8192,1,1617372,126397597617,203631834401
13680641,8192,1,1717682,126185351143,210556720599
13688833,8192,1,1681875,126418968592,212337889475
13697025,8192,1,1659942,126214234182,211955669949
13705217,8192,1,1493091,126442876345,209352877629
13713409,8192,1,1639977,126344852300,207122887838
13721601,8192,1,1637728,126406992783,200388058395
13729793,8192,1,1662768,126254851194,208711404512
13737985,8192,1,1572229,126483226636,210980165901
13746177,8192,1,1626524,126076081216,217891619603
13754369,8192,1,1809146,126386695047,222865909016
13762561,8192,1,1603948,126355692540,214673139101
13770753,8192,1,1713010,126362941154,222610000792
13778945,8192,1,1595162,126358123369,219519109486
13787137,8192,1,1503295,126594660549,211890091057
13795329,8192,1,1492449,126654128960,217944263635
13803521,8192,1,1550781,126482616958,213991018215
13811713,8192,1,1601370,126555088393,214246536217
13819905,8192,1,1499991,126600144015,214061251422
13828097,8192,1,1579600,126426324518,208773914583
13836289,8192,1,1451918,126589449884,220625830074
13844481,8192,1,1485911,126671407417,209144284450
13852673,8192,1,1510421,126431496750,206741595669
13860865,8192,1,1590569,126516589514,209398559193
13869057,8192,1,1615665,126504700303,215323269627
13877249,8192,1,1657339,126494229879,209576235420
13885441,8192,1,1530995,126632403991,219372888461
13893633,8192,1,1593121,126305831185,215823111378
13901825,8192,1,1594780,126628482611,202168197195
13910017,8192,1,1574979,126512975265,208155816004
13918209,8192,1,1528537,126494511250,223721976120
13926401,8192,1,1485566,126581521439,216492609857
13934593,8192,1,1516224,126693079215,218388434544
13942785,8192,1,1526924,126579720747,209509008986
13950977,8192,1,1595071,126529604427,224382810555
13959169,8192,1,1523136,126501530450,222084444781
13967361,8192,1,1498767,126596003961,216894305843
13975553,8192,1,1406922,126595942080,206247391570
13983745,8192,1,1599497,126504388876,204399519562
13991937,8192,1,1623488,126638294462,210892299417
14000129,8192,1,1622392,126578067124,208750080918
14008321,8192,1,1539581,126538188694,202731147539
14016513,8192,1,1479134,126565197225,224731788157
14024705,8192,1,1502447,126588974527,215009069646
14032897,8192,1,1478763,126487822388,214455263734
14041089,8192,1,1533746,126627724761,213847339616
14049281,8192,1,1519738,126594957346,214312775034
14057473,8192,1,1519493,126528476406,218523751328
14065665,8192,1,1378968,126547954984,205361943866
14073857,8192,1,1474826,126438035641,217074483915
14082049,8192,1,1461458,126597812191,217043160331
14090241,8192,1,1463314,126464976827,211866423082
14098433,8192,1,1441040,126385694310,210481920822
14106625,8192,1,1436453,126491228880,219098811392
14114817,8192,1,1496948,126733919140,219013224812
14123009,8192,1,1496987,126542528909,212865168026
14131201,8192,1,1452980,126436119407,217721690332
14139393,8192,1,1423186,126572325359,216467298961
14147585,8192,1,1569308,126563222552,224914598675
14155777,8192,1,1464535,126571618605,218149114907
14163969,8192,1,1479519,126524555259,218511816034
14172161,8192,1,1499313,126468901517,221180266891
14180353,8192,1,1565348,126623168177,217129890087
14188545,8192,1,1470830,126464552679,218940079547
14196737,8192,1,1400549,126494842685,218330470631
14204929,8192,1,1453105,126753079308,225122911895
14213121,8192,1,1460111,126568950512,216123153283
14221313,8192,1,1520459,126652167619,216774926265
14229505,8192,1,1499272,126638616386,221985330895
14237697,8192,1,1548944,126740822535,218427705429
14245889,8192,1,1633816,126506755658,233751979986
14254081,8192,1,1445619,126723848661,215824313035
14262273,8192,1,1431866,126541088768,213805184900
14270465,8192,1,1484052,126508469815,218979433487
14278657,8192,1,1449156,126566654615,219337614060
14286849,8192,1,1474927,126698119621,224828445656
14295041,8192,1,1393083,126635507728,222509900947
14303233,8192,1,1469593,126594053976,216223007199
14311425,8192,1,1512033,126538804256,219340690125
14319617,8192,1,1481371,126576921156,220721848514
14327809,8192,1,1430169,126566265060,221930684921
14336001,8192,1,1419150,126722723223,217720215973
14344193,8192,1,1480284,126435774983,223721453204
14352385,8192,1,1528548,126476867898,233120845319
14360577,8192,1,1546887,126808255314,235244762262
14368769,8192,1,1435509,126571790084,226407812930
14376961,8192,1,1386650,126499954858,227392597390
14385153,8192,1,1382223,126651656770,225876309276
14393345,8192,1,1488051,126664579673,224382018694
14401537,8192,1,1553934,126545677652,230390367809
14409729,8192,1,1634007,126563665151,223162420519
14417921,8192,1,1442200,126580746495,225323865836
14426113,8192,1,1413632,126478067233,233391220081
14434305,8192,1,1548109,126551840239,230050337425
14442497,8192,1,1470527,126615549801,230753057007
14450689,8192,1,1478434,126677467809,223092353469
14458881,8192,1,1458738,126597790863,224490947422
14467073,8192,1,1426514,126403031347,227814705376
14475265,8192,1,1482168,126709937913,230810641989
14483457,8192,1,1557468,126539321538,225636307733
14491649,8192,1,1470187,126437944162,225395134699
14499841,8192,1,1477967,126523369672,220832873197
14508033,8192,1,1465952,126535822834,248425552909
14516225,8192,1,1348724,126493420690,229683299326
14524417,8192,1,1408175,126557593458,225665792545
14532609,8192,1,1417407,126601214291,222982494834
14540801,8192,1,1453750,126608916838,220094845894
14548993,8192,1,1403369,126516523197,218616208071
14557185,8192,1,1395108,126600906242,228814107742
14565377,8192,1,1422523,126760302959,224930453391
14573569,8192,1,1419444,126405917316,216689513739
14581761,8192,1,1376103,126440498278,219060492254
14589953,8192,1,1432106,126608941369,219643015719
14598145,8192,1,1389518,126692065880,218915484828
14606337,8192,1,1325891,126592054869,230399778440
14614529,8192,1,1430620,126570249130,225966499271
14622721,8192,1,1640576,126530216669,228787794988
14630913,8192,1,1458194,126511255699,210030033265
14639105,8192,1,1452283,126394466641,222519930051
14647297,8192,1,1349319,126566104062,231930781017
14655489,8192,1,1452911,126604604446,225732187999
14663681,8192,1,1448499,126332373287,221387713206
14671873,8192,1,1483751,126448598311,225159063939
14680065,8192,1,1524626,126486693032,225852029134
14688257,8192,1,1527468,126545672360,225206542604
14696449,8192,1,1472173,126525431009,203842049219
14704641,8192,1,1419681,126533194875,217867313093
14712833,8192,1,1437270,126467171242,227566826507
14721025,8192,1,1512036,126367840991,227450961172
14729217,8192,1,1439500,126305664805,233300398603
14737409,8192,1,1387353,126409670149,232143550950
14745601,8192,1,1499311,126425130097,235954581693
14753793,8192,1,1558145,126172894422,233929800823
14761985,8192,1,1718804,126212903238,230444024982
14770177,8192,1,1717370,126029090030,233428111272
14778369,8192,1,1473904,126362945352,236175340855
14786561,8192,1,1449449,126492807622,245253227752
14794753,8192,1,1477860,126429514269,227600706353
14802945,8192,1,1512924,126383475179,230994727463
14811137,8192,1,1483765,126427560226,229853200669
14819329,8192,1,1469039,126465883445,219677221302
14827521,8192,1,1400910,126617871845,221715111068
14835713,8192,1,1464190,126577008600,224353159556
14843905,8192,1,1463597,126488966318,213095771253
14852097,8192,1,1435958,126350436560,211883368737
14860289,8192,1,1428608,126334006669,215143081858
14868481,8192,1,1442830,126593504235,220936095994
14876673,8192,1,1444089,126454820297,206986692901
14884865,8192,1,1489984,126427635219,205225828446
14893057,8192,1,1459687,126567897831,204079171361
14901249,8192,1,1429581,126389935326,197224942034
14909441,8192,1,1388421,126535790245,202566571969
14917633,8192,1,1472067,126496416288,201291371382
14925825,8192,1,1441937,126455027935,203998922087
14934017,8192,1,1444164,126497768001,196861263902
14942209,8192,1,1483479,126356513150,200995299448
14950401,8192,1,1440249,126385110650,223987833392
14958593,8192,1,1526412,126307268112,225622103998
14966785,8192,1,1552881,126293740397,229060488624
14974977,8192,1,1547396,126094740945,219819560619
14983169,8192,1,1536599,126211707939,214921615079
14991361,8192,1,1489033,126224000392,229356913385
14999553,8192,1,1453488,126264788639,223017174906
15007745,8192,1,1511797,126501254834,216938409270
15015937,8192,1,1503036,126279848457,218457056399
15024129,8192,1,1519956,126405073088,217951862634
15032321,8192,1,1423112,126368472028,200993556457
15040513,8192,1,1514298,126447574509,215538714096
15048705,8192,1,1540708,126248790503,210038345416
15056897,8192,1,1512494,126305588741,220339004304
15065089,8192,1,1499260,126337822141,215033762359
15073281,8192,1,1452264,126555139864,213885171200
15081473,8192,1,1479484,126496906125,211735516491
15089665,8192,1,1488701,126582720631,208092237262
15097857,8192,1,1503925,126385361299,206335862940
15106049,8192,1,1479703,126275675270,206106815553
15114241,8192,1,1487831,126443159552,210429410068
15122433,8192,1,1451943,126750094045,204435106611
15130625,8192,1,1432546,126356114172,207747390464
15138817,8192,1,1498517,126157841850,209318626889
15147009,8192,1,1502133,126486746806,208568558052
15155201,8192,1,1580935,126483403980,214135849876
15163393,8192,1,1575190,126219434040,215460473319
15171585,8192,1,1536284,126327883878,215484980092
15179777,8192,1,1488705,126401251390,212898727600
15187969,8192,1,1535856,126380404561,214502979472
15196161,8192,1,1502255,126340565283,217690919577
15204353,8192,1,1457865,126470528973,215383542275
15212545,8192,1,1475951,126706209220,220371726414
15220737,8192,1,2099730,126390140428,239698581975
15228929,8192,1,1507534,126385341833,219403887453
15237121,8192,1,1532314,126415790802,221608169355
15245313,8192,1,1492981,126326458992,220820876984
15253505,8192,1,1473283,126472813488,222749822526
15261697,8192,1,1660048,126534594704,229480477856
15269889,8192,1,1600297,126589300886,230471580520
15278081,8192,1,1808125,126391955349,236068142486
15286273,8192,1,1509403,126411630842,219279017588
15294465,8192,1,1492102,126503841855,223883238053
15302657,8192,1,1481006,126879977162,219618591016
15310849,8192,1,1455573,126338823947,217111415639
15319041,8192,1,1468523,126384171157,211295563287
15327233,8192,1,1455118,126452603869,209149711658
15335425,8192,1,1428014,126484960125,214809129101
15343617,8192,1,1414560,126583909748,214229674167
15351809,8192,1,1433222,126370246098,207689202648
15360001,8192,1,1438656,126724972455,216063256374
15368193,8192,1,1422503,126526502925,209567917584
15376385,8192,1,1417976,126364437949,213473972179
15384577,8192,1,1424419,126656766137,218838462242
15392769,8192,1,1381472,126593536534,208663288310
15400961,8192,1,1366854,126560232721,208793384266
15409153,8192,1,1391499,126696531231,214837709726
15417345,8192,1,1408332,126595281337,210022695600
15425537,8192,1,1382698,126492112406,213187701593
15433729,8192,1,1361048,126653338550,209406213416
15441921,8192,1,1392230,126508621863,207320835988
15450113,8192,1,1350466,126393470273,202324310894
15458305,8192,1,1425866,126500624148,205941075722
15466497,8192,1,1388874,126680471683,205397457377
15474689,8192,1,1432354,126763626150,211283883025
15482881,8192,1,1439442,126625747723,210336002559
15491073,8192,1,1418575,126514564670,215064815496
15499265,8192,1,1399446,126591544745,204146299829
15507457,8192,1,1421860,126366550708,212684676712
15515649,8192,1,1386719,126711988256,217029757152
15523841,8192,1,1434635,126473241960,209623653301
15532033,8192,1,1480058,126415568321,214785525543
15540225,8192,4702882,1539317,126223755357,212784200028
15548417,8192,4711204,1549433,125266962992,214956426387
15556609,8192,4719481,1506999,125314419131,220744723481
15564801,8192,4727753,1326511,125385512822,214997712524
15572993,8192,4736026,1301225,125359407921,212554723734
15581185,8192,4744366,1298022,125291818536,209069332713
15589377,8192,4752640,1292103,125493083866,215541545425
15597569,8192,4760873,1269576,125171890894,209597846332
15605761,8192,4769097,1281934,125158789139,213949498905
15613953,8192,4777324,1266483,125184058805,207543509884
15622145,8192,4785575,1310843,125352153039,210193210473
15630337,8192,4793834,1350424,125402191477,210103898648
15638529,8192,4802063,1271916,125290664131,207105406740
15646721,8192,4810311,1382229,125417435852,202819804635
15654913,8192,4818560,1341844,125241377890,208680508350
15663105,8192,4826793,1338871,125235624379,217149377115
15671297,8192,4835033,1473498,125267623539,196285990471
15679489,8192,4843307,1341943,125238576083,208938529096
15687681,8192,4851548,1358945,125339300495,213824885139
15695873,8192,4859783,1366233,125332552702,206818448507
15704065,8192,4868035,1366939,125309608945,207822179032
15712257,8192,4876269,1258668,125580844155,169227819835
15720449,8192,4884504,1269011,125586649741,181396129299
15728641,8192,4892734,1290568,125336795671,200910532936
15736833,8192,4900965,1218505,125671533571,198746910690
15745025,8192,4909209,1270641,125186719880,209809201725
15753217,8192,4917440,1222591,125621248902,203804181289
15761409,8192,4925676,1136071,125642950151,202328408638
15769601,8192,4933927,1207034,125446738312,210156242303
15777793,8192,4942152,1230057,125167110607,198836289498
15785985,8192,4950396,1236387,125097758007,202693155162
15794177,8192,4958625,1304488,125171471581,208229868572
15802369,8192,4966858,1224835,125188882612,206755899068
15810561,8192,4975086,1104271,125176226874,207794033342
15818753,8192,4983340,1191983,125462451283,211016082014
15826945,8192,4991606,1208452,124895221202,210999728373
15835137,8192,4999843,1258925,124696117492,214236897172
15843329,8192,5008082,1266737,124905141764,215660299214
15851521,8192,5016328,1181380,124808204719,207324048699
15859713,8192,5024572,1181075,124913583891,212577578521
15867905,8192,5032801,1198642,124853581395,211551899960
15876097,8192,5041067,1256946,124485974258,208887216562
15884289,8192,5049305,1185695,124420511601,213384442845
15892481,8192,5057550,1237468,124320433939,205876455232
15900673,8192,5065779,1160265,124212174085,214008195154
15908865,8192,5074016,1058092,124650352681,210960210960
15917057,8192,5082245,1154274,124317182853,210723467807
15925249,8192,5090476,1267752,124214048769,213982163870
15933441,8192,5098721,1375306,124264129443,225726058307
15941633,8192,5106967,1389702,123940720851,225974484948
15949825,8192,5115210,1290366,124034382029,221540865101
15958017,8192,5123438,1173643,124359427972,227110774991
15966209,8192,5131663,1310249,124224713160,233415443728
15974401,8192,5139899,1340522,124099640351,235464524095
15982593,8192,5148147,1235970,124322924690,226819535423
15990785,8192,5156389,1283371,124198929531,223415588739
15998977,8192,5164630,1225813,124186386101,221469944060
16007169,8192,5172864,1052847,124623074343,212897604618
16015361,8192,5181097,1052959,124493600992,226285006691
16023553,8192,5189331,1090688,124243013279,227278188664
16031745,8192,5197584,1104026,124381451256,222835422810
16039937,8192,5205840,1123041,124395808586,221331451248
16048129,8192,5214078,1134623,124830620768,221450287747
16056321,8192,5222314,1125502,124617193118,227695456735
16064513,8192,5230552,1010762,124683765373,227756942745
16072705,8192,5238780,1246034,124333477118,226637852005
16080897,8192,5247021,1178575,124260753374,233400351831
16089089,8192,5255267,1123580,124306431578,227768920298
16097281,8192,5263499,1140851,124439942230,224199610636
16105473,8192,5271733,1161857,124361331384,226490919098
16113665,8192,5279979,1109178,124669356777,231112445891
16121857,8192,5288231,1162628,124391196480,224895235667
16130049,8192,5296473,1180458,124399949367,222525003675
16138241,8192,5304780,1078802,124660642804,219907417330
16146433,8192,5313022,1399504,124480225073,236708065842
16154625,8192,5321262,1831486,124194901488,268248710932
16162817,8192,5329495,1289430,124612317459,249416807931
16171009,8192,5337741,1315758,124340884409,234086254426
16179201,8192,5345985,1305539,124066232016,239377592190
16187393,8192,5354220,1237219,124237008425,234204356624
16195585,8192,5362459,1242340,124164031098,229280044953
16203777,8192,5370696,1298513,123955699854,234476559858
16211969,8192,5378936,1110066,124443582796,241120892006
16220161,8192,5387165,1089412,124386084913,225801828437
16228353,8192,5395399,1161951,123977256702,225587922900
16236545,8192,5403630,1168807,124125228021,230059404786
16244737,8192,5411850,1131902,124288779632,230866749657
16252929,8192,5420067,1149718,124332292810,242664708475
16261121,8192,5428297,1006443,124925233758,254038444773
16269313,8192,5436528,1004179,124695474779,234308375703
16277505,8192,5444770,1149822,124398327669,233709487632
16285697,8192,5452994,1133861,124278260394,235694541665
16293889,8192,5461230,1092288,124265714717,236702299480
16302081,8192,5469460,1072509,124403719165,248846821933
16310273,8192,5477688,941325,124731511962,261720617202
16318465,8192,5485913,882467,124766784923,227426691198
16326657,8192,5494140,1064365,124413151568,225903742189
16334849,8192,5502372,1203661,124227087257,226219057564
16343041,8192,5510610,1295735,124036901019,238948090934
16351233,8192,5518848,1181661,124111787777,228037768162
16359425,8192,5527079,1079067,124533103336,247615566194
16367617,8192,5535309,1377208,124373927230,253317026271
16375809,8192,5543539,1202265,124039788633,250270024707
16384001,8192,5551774,1240571,124100331466,232241053890
16392193,8192,5560023,1251207,124003722518,236729052314
16400385,8192,5568264,1239850,124052994132,227954235698
16408577,8192,5576488,1265814,123867348059,247391877508
16416769,8192,5584742,1147721,124148195400,245870373669
16424961,8192,5592977,1192692,124003358239,245054386041
16433153,8192,5601200,1188570,124166203859,234436943866
16441345,8192,5609436,1214158,123872046169,240242025314
16449537,8192,5617666,1166299,124245007447,227519145251
16457729,8192,5625902,1176755,123985010086,246385148334
16465921,8192,5634141,1029846,124556794423,237623263054
16474113,8192,5642371,1087223,124368765692,231340154420
16482305,8192,5650601,1173116,124180458932,231484708902
16490497,8192,5658845,1158866,124219659457,232078578036
16498689,8192,5667082,1248259,124168429071,239560201966
16506881,8192,5675313,1170549,124282739423,238005732544
16515073,8192,5683551,1131564,124390215662,232001702611
16523265,8192,5691780,1225728,123979933211,234044933635
16531457,8192,5700013,1233882,124053338198,230328999174
16539649,8192,5708260,1211444,123988503328,239373561000
16547841,8192,5716525,1256586,123922282104,227829423426
16556033,8192,5724762,1230919,124009051113,228894184709
16564225,8192,5732991,1239040,124028389925,239680121906
16572417,8192,5741223,1226880,123982832351,236459687781
16580609,8192,5749471,1296813,123813847300,229048148881
16588801,8192,5757729,1266771,123805018180,231377166200
16596993,8192,5765970,1247419,123939513129,237787207877
16605185,8192,5774205,1147285,124058090877,239053530552
16613377,8192,5782440,1084123,124251855466,237281067041
16621569,8192,5790686,1209663,124076116461,235441069053
16629761,8192,5798933,1278174,124175952832,234071696231
16637953,8192,5807177,1330708,123602214180,223070614597
16646145,8192,5815423,1279631,123702477060,233446697783
16654337,8192,5823744,1183021,123877292698,237751384321
16662529,8192,5832032,1132813,124094677752,250988446779
16670721,8192,5840313,1209310,123989450841,245359539203
16678913,8192,5848599,1253099,123926563458,240294738693
16687105,8192,5856905,1251013,124004103042,239604493399
16695297,8192,5865191,1245742,123923427248,228943373105
16703489,8192,5873502,1235602,124080283695,246762589693
16711681,8192,5881803,1135044,124299971638,255682513783
16719873,8192,5890089,1154719,124214204463,242396305112
16728065,8192,5898362,1210401,123956363401,239817578855
16736257,8192,5906658,1246107,123945396983,229956602669
16744449,8192,5914960,1250768,123917230336,235333008285
16752641,8192,5923268,1232077,123922994202,235326260784
16760833,8192,5931557,1101217,124016467187,232531073585
16769025,8192,5939852,1115077,123940593590,226675676817
16777217,8192,5948143,1203820,123946925971,226188121291
16785409,8192,5956437,1190451,123833585470,225490298685
16793601,8192,5964730,1192548,123749498190,219605631848
16801793,8192,5973054,1222847,123956529365,232368404203
16809985,8192,5981358,1158585,123615753440,236988240426
16818177,8192,5989636,1190257,123880766762,241496981658
16826369,8192,5997923,1315502,124066841094,234825626489
16834561,8192,6006221,1280191,123785793744,228751950466
16842753,8192,6014515,1218102,123790540045,226942309602
16850945,8192,6022798,1219963,123930827780,235934581942
16859137,8192,6031084,1161119,123958338109,246621154894
16867329,8192,6039371,1171240,124129112556,242215672884
16875521,8192,6047642,1267203,123879852147,240704986241
16883713,8192,6055930,1262897,123950930417,242119765839
16891905,8192,6064228,1232554,123924166484,234911689971
16900097,8192,6072508,1261532,123799373290,233694167575
16908289,8192,6080793,1204241,123697797710,247063022476
16916481,8192,6089077,1166469,123872500417,277130321685
16924673,8192,6097362,1313286,123887439402,255652942779
16932865,8192,6105654,1318114,123736211580,248299429782
16941057,8192,6113948,1371249,123781285971,267814303873
16949249,8192,6122230,1324221,123851146021,247522037165
16957441,8192,6130520,1201645,123770774514,270395238563
16965633,8192,6138828,1130553,124115291400,271050632404
16973825,8192,6147196,1206396,123973096845,257226832859
16982017,8192,6155571,1296153,123799597728,247852380542
16990209,8192,6163998,1245876,123829143218,249857126157
16998401,8192,6172357,1236370,123949207012,261027732610
17006593,8192,6180713,1095386,124186445686,257690644083
17014785,8192,6189078,1097696,124373036821,283774902255
17022977,8192,6197431,1184850,124038711706,259235303256
17031169,8192,6205770,1232776,123930837647,257887084739
17039361,8192,6214644,1316623,123920763300,259578791939
17047553,8192,6223141,1373527,123682150949,251373674970
17055745,8192,6231549,1236837,124174335358,253917448551
17063937,8192,6239930,1008710,124612817560,245073668855
17072129,8192,6248275,1183210,123779206831,223820458807
17080321,8192,6256608,1260658,123645465790,219082178988
17088513,8192,6264965,1260278,123647922745,205474459676
17096705,8192,6273315,1195518,123606718765,222758767539
17104897,8192,6281580,1014510,124351735830,229979033899
17113089,8192,6289852,998796,124202567206,224162978803
17121281,8192,6298121,1079273,124077209846,220682546147
17129473,8192,6306398,1108894,124161798539,235075776501
17137665,8192,6314693,1094899,124246637405,237045702640
17145857,8192,6322984,1150300,124075434998,232203127965
17154049,8192,6331276,1053151,124293347868,232136391156
17162241,8192,6339552,1116778,123894911874,226076051146
17170433,8192,6347847,1259515,123549394465,219345445131
17178625,8192,6356141,1302281,123514410067,214546043121
17186817,8192,6364447,1268222,123677502767,215279002536
17195009,8192,6372722,1334072,123586995334,203581089606
17203201,8192,6381005,1375665,123325720760,190658356135
17211393,8192,6389309,1269359,123489821555,199185369385
17219585,8192,6397595,1316145,123397475306,205346476723
17227777,8192,6405886,1281602,123525891650,212371924958
17235969,8192,6414187,1256380,123586573657,222240201519
17244161,8192,6422571,1265659,123572520849,217201684372
17252353,8192,6431060,1227759,123671374561,233640420870
17260545,8192,6439423,1143861,123975679931,268222968515
17268737,8192,6447756,1247976,123689972357,248834646722
17276929,8192,6456078,1225854,123699524669,244123630699
17285121,8192,6464411,1200074,123686298402,280750186634
17293313,8192,6472712,1235586,123611194696,241950529848
17301505,8192,6481018,1244725,123809963167,246546399820
17309697,8192,6489326,1176759,123949583273,263317562037
17317889,8192,6497627,1224036,123535394964,253918665329
17326081,8192,6505936,1271485,123566158009,230153348274
17334273,8192,6514227,1213764,123611052485,251029294359
17342465,8192,6522521,1220033,123559546994,245518741861
17350657,8192,6530810,1190892,123706210400,274577631244
17358849,8192,6539086,1097182,123977816887,266451415214
17367041,8192,6547367,1232605,123526861260,240801813614
17375233,8192,6555668,1355447,123551402440,234441701332
17383425,8192,6563975,1256364,123670066137,251030659846
17391617,8192,6572280,1227341,123601410945,244251164838
17399809,8192,6580587,1246478,123797697040,263065772305
17408001,8192,6588914,1123000,124044778310,275740195584
17416193,8192,6597245,1269906,123743510946,274011428522
17424385,8192,6605563,1290349,123571782475,267209898057
17432577,8192,6613884,1215614,123977234268,264184096386
17440769,8192,6622203,1142107,124116885794,249200164612
17448961,8192,6630518,1318220,123834754157,276000030156
17457153,8192,6638828,1371127,124366947124,278544421493
17465345,8192,6647132,1139240,124284630535,298271040116
17473537,8192,6655432,1118499,124036532288,275228076261
17481729,8192,6663738,1167236,123974272274,265599588371
17489921,8192,6672036,1269205,123713974467,274733145342
17498113,8192,6680314,1278229,123781928256,271249759785
17506305,8192,6688575,1097821,124418769032,273085483796
17514497,8192,6696852,1200669,124340518916,269024483875
17522689,8192,6705139,1244132,123969649458,248292443697
17530881,8192,6713412,1254698,123801937893,281898389633
17539073,8192,6721698,1202255,123775890332,258515643045
17547265,8192,6729991,1183886,124107681984,267037307997
17555457,8192,6738288,1142197,124416112644,281517291978
17563649,8192,6746591,1094662,124391082754,288900986290
17571841,8192,6754910,1243595,124011718560,279862760680
17580033,8192,6763173,1246138,123656872333,264263116766
17588225,8192,6771437,1220773,123600570876,257373745617
17596417,8192,6779714,1285195,123589648360,247076056550
17604609,8192,6788002,1127444,123962367108,277199312121
17612801,8192,6796294,1108831,124051288689,283818045402
17620993,8192,6804576,1218492,123776521297,287149780559
17629185,8192,6812859,894478,125317003080,203736362113
17637377,8192,6821141,1009584,124520012251,206028524400
17645569,8192,6829423,1188604,123540108721,261815644188
17653761,8192,6837721,1145572,123736105560,269792311424
17661953,8192,6846009,1121758,123823005628,277947231713
17670145,8192,6854313,1256352,123679748158,279240070206
17678337,8192,6862607,1224990,123816739190,288802767225
17686529,8192,6870912,1264714,123654678978,262500610361
17694721,8192,6879202,1287665,123408708438,295814862510
17702913,8192,6887554,1098212,123991774872,289862647156
17711105,8192,6895845,1108258,123788035887,309803971569
17719297,8192,6904113,1232852,123693345817,290037258989
17727489,8192,6912402,1335960,123472687664,252928924912
17735681,8192,6920655,1213157,123578980328,277636118204
17743873,8192,6928910,1277573,123594496185,273372177396
17752065,8192,6937162,1154856,123439317921,269485146044
17760257,8192,6945412,1122970,123725286457,308322976194
17768449,8192,6953662,1166718,123587905718,305907667962
17776641,8192,6961925,1169406,123654616772,331498898002
17784833,8192,6970175,1152283,123604124435,348381236389
17793025,8192,6978424,1170610,123601748165,279474731980
17801217,8192,6986678,1130078,123548526906,327359904129
17809409,8192,6994934,1130415,123727490035,425606260692
17817601,8192,7003174,1191194,123693477330,331887754302
17825793,8192,7011410,1219535,123557826561,319158119060
17833985,8192,7019652,1204918,123575373732,303358765299
17842177,8192,7027902,1236320,123689649053,295789231594
17850369,8192,7036151,1265346,123558675615,294753231497
17858561,8192,7044407,1157496,123929573197,321522711554
17866753,8192,7052664,1183951,123658814084,290702684537
17874945,8192,7060922,1278407,123642908245,286789267389
17883137,8192,7069180,1199199,123569105452,279558578980
17891329,8192,7077424,1204048,123571644886,282008226706
17899521,8192,7085686,1149470,123705192123,279565372946
17907713,8192,7093924,1069430,123938547216,290622322508
17915905,8192,7102175,1145941,123688977805,291776370563
17924097,8192,7110423,1199646,123514505273,254380198608
17932289,8192,7118675,1221132,123514220373,278324058637
17940481,8192,7126933,1231073,123559394968,266596108870
17948673,8192,7135190,1248894,123623668837,291893861742
17956865,8192,7143454,1099647,123889088349,292036310045
17965057,8192,7151711,1157411,123638299505,293395808454
17973249,8192,7159953,1181639,123578092102,284288977603
17981441,8192,7168195,1188780,123426270631,282010493569
17989633,8192,7176448,1200236,123591117988,280150303431
17997825,8192,7184717,1177795,123566501958,284334972171
18006017,8192,7192955,1067515,123979983927,320721963717
18014209,8192,7201216,1110139,123876347374,298408148727
18022401,8192,7209486,1173383,123559378879,276158979698
18030593,8192,7217747,1177056,123507968462,295349235740
18038785,8192,7226002,1151703,123568189717,292393427011
18046977,8192,7234267,1129441,123895897097,309203678862
18055169,8192,7242532,1212054,124049690052,309082251369
18063361,8192,7250786,1140613,123712356534,307276562589
18071553,8192,7259026,1107207,123998293126,302016024301
18079745,8192,7267303,1229221,123576941238,306596354171
18087937,8192,7275548,1158819,123656399105,298236654220
18096129,8192,7283810,1140087,123714074502,299703491949
18104321,8192,7292076,1035592,124064972672,313708716669
18112513,8192,7300337,1068455,124125573099,313092898612
18120705,8192,7308598,1231558,123782706356,327702264096
18128897,8192,7316868,1804705,123807268147,328759949463
18137089,8192,7325152,1220780,123755928993,280344180556
18145281,8192,7333463,1167260,123474759659,304341376150
18153473,8192,7341807,1040843,124077823347,316649687636
18161665,8192,7350157,1045352,124076331700,319867248243
18169857,8192,7358440,1155698,123804646559,317012830690
18178049,8192,7366694,1168029,123738642967,301911624373
18186241,8192,7374947,1287030,123844935174,306646331105
18194433,8192,7383221,1126547,123712845708,313311218787
18202625,8192,7391475,987425,124535109821,323547640059
18210817,8192,7399742,1012301,124231635810,325112525494
18219009,8192,7407987,1160175,123996504845,301374782714
18227201,8192,7416247,1234696,123502477845,308177787032
18235393,8192,7424510,1192308,123850914107,303035095440
18243585,8192,7432769,1181081,123639714052,314555222152
18251777,8192,7441011,1122330,123791286451,323750019722
18259969,8192,7449248,1057141,124005826008,318761349104
18268161,8192,7457480,1149776,123780189861,303303300922
18276353,8192,7465732,1138922,123825049322,318864185857
18284545,8192,7473976,1116748,123912936549,313916458882
18292737,8192,7482227,1127798,124011657362,338342814727
18300929,8192,7490473,1167190,123832281793,350633044507
18309121,8192,7498722,1053420,124124411697,352334432470
18317313,8192,7506978,1133163,123892826376,348461136696
18325505,8192,7515227,1132535,123963669651,383869398574
18333697,8192,7523497,1174914,123807898511,354151109380
18341889,8192,7531758,1150732,124008898402,312888985493
18350081,8192,7540010,1095754,124066570254,331011338151
18358273,8192,7548250,1031926,124293311968,324460870024
18366465,8192,7556485,1169850,123796488548,305672905506
18374657,8192,7564737,1137885,123763453499,313595209388
18382849,8192,7572992,1137153,123739979971,310792749641
18391041,8192,7581241,1196116,123696138160,287527875501
18399233,8192,7589493,1188419,123748760146,319744928744
18407425,8192,7597744,1130750,123806830257,307184809993
18415617,8192,7606005,1203397,123713240856,316377010993
18423809,8192,7614258,1257068,123661939920,285714056757
18432001,8192,7622531,1252621,123647146166,273906493172
18440193,8192,7630780,1205858,123608104486,294801745912
18448385,8192,7639025,1171536,123606480487,296962758570
18456577,8192,7647282,1184335,123687962207,301751947994
18464769,8192,7655550,1227707,123656285174,311615645086
18472961,8192,7663813,1284738,123601764262,295137183829
18481153,8192,7672060,1256303,123642445478,289019177871
18489345,8192,7680331,1195079,123543052072,285860460466
18497537,8192,7688594,1238864,123729824111,299081883998
18505729,8192,7696861,1182352,123593591406,311833119724
18513921,8192,7705129,1233586,123621916055,305634986737
18522113,8192,7713386,1230026,123625792489,291538604900
18530305,8192,7721624,1223627,123553925647,299577620086
18538497,8192,7729874,1290154,123671245630,281030920486
18546689,8192,7738125,1276381,123699036245,312234230917
18554881,8192,7746382,1246012,123733776212,346252245475
18563073,8192,7754631,1246486,123634151269,314532217107
18571265,8192,7762868,1219353,123672327030,294777518348
18579457,8192,7771127,1233808,123544543122,306253139609
18587649,8192,7779363,1254190,123650030852,300525409557
18595841,8192,7787617,1244508,123614833950,298961465796
18604033,8192,7795903,1259904,123713505259,327351475444
18612225,8192,7804160,1216570,123810115467,331913329314
18620417,8192,7812425,1282421,123680636979,295452003593
18628609,8192,7820683,1290295,123762052048,293978198899
18636801,8192,7828925,1329761,123624356896,322472753830
18644993,8192,7837197,1229232,123673332562,346215049603
18653185,8192,7845459,1124831,123722979147,357538329629
18661377,8192,7853721,1141839,123760941969,364293624423
18669569,8192,7861982,1276577,123643292573,310388996577
18677761,8192,7870232,1348989,123665435619,302486269366
18685953,8192,7878487,1292258,123614723053,288115697320
18694145,8192,7886739,1280894,123635445331,265948117354
18702337,8192,7894977,1370284,123674712258,322514543632
18710529,8192,7903249,1196262,123768009361,373575805832
18718721,8192,7911506,1315408,123701070991,299217614990
18726913,8192,7919763,1376836,123723517082,374048639509
18735105,8192,7928038,1294708,123852643029,359757107930
18743297,8192,7936310,1380152,123592761710,330581679307
18751489,8192,7944586,1294239,123792768243,414067719086
18759681,8192,7952835,1286704,123765852488,340088231110
18767873,8192,7961090,1233835,123872769832,391332212538
18776065,8192,7969343,1205041,123986510127,488502814526
18784257,8192,7977613,1310812,123933188174,452829072789
18792449,8192,7985880,1371731,123735994772,322633114358
18800641,8192,7994181,1231492,123976611447,317309783077
18808833,8192,8002461,1239882,123867437997,503328935709
18817025,8192,8010724,1294709,123735714868,358443475372
18825217,8192,8019018,1333260,123846313048,348105222638
18833409,8192,8027303,1475343,123747332848,341282396151
18841601,8192,8035559,1384494,123689349896,303517553068
18849793,8192,8043832,1323590,123619746748,324600277489
18857985,8192,8052126,1314599,123671843490,335725848009
18866177,8192,8060419,1273194,123657643737,325557061693
18874369,8192,8068684,1277332,123711691345,344791593126
18882561,8192,8076974,1321935,123658427466,315753258920
18890753,8192,8085252,1332345,123535674414,302202578239
18898945,8192,8093563,1248370,123739831742,327625844126
18907137,8192,8101832,1253229,123728100060,345392120707
18915329,8192,8110114,1266595,123781071763,355887033720
18923521,8192,8118398,1288376,123635147516,310138120848
18931713,8192,8126667,1252811,123705837334,295370537786
18939905,8192,8134951,1264747,123685039020,326663013526
18948097,8192,8143260,1204967,123815134928,425290349751
18956289,8192,8151644,1161537,124211789248,558255653443
18964481,8192,8159956,1256820,123969766721,451658562637
18972673,8192,8168234,1252926,123728441436,323372093433
18980865,8192,8176488,1415393,123858693129,276592138832
18989057,8192,8184767,1378115,123669387522,320261308928
18997249,8192,8193014,1385398,123764285378,319490909773
19005441,8192,8201259,2044815,123824739294,277736025621
19013633,8192,8209499,1454448,123669961183,306815263526
19021825,8192,8217728,1418905,123653695356,262570682279
19030017,8192,8225983,1368129,123782896509,272456198960
19038209,8192,8234228,1371339,123663808593,283782896520
19046401,8192,8242460,1304989,123701427919,308704775336
19054593,8192,8250694,1231354,123767425903,331887157267
19062785,8192,8259059,1276243,123815788056,354422822903
19070977,8192,8267362,1259116,123826364821,327888567643
19079169,8192,8275635,1244576,123691753909,326943258191
19087361,8192,8283896,1333438,123832840822,299427499994
19095553,8192,8292156,1339566,123691549401,314598370244
19103745,8192,8300438,1321099,123849518114,324690505562
19111937,8192,8308689,1260937,123793147462,347004717559
19120129,8192,8316948,1359851,123815115800,299212834073
19128321,8192,8325217,1314760,123666197796,295832288918
19136513,8192,8333493,1305248,123946920476,278798974575
19144705,8192,8341773,1266103,124104017949,297891036786
19152897,8192,8350064,1198093,124118652749,331692025489
19161089,8192,8358344,1230459,124206694754,327602328735
19169281,8192,8366622,1242437,124122790289,291057837046
19177473,8192,8374907,1340729,123989599941,266927369794
19185665,8192,8383182,1236760,123969611623,239420268714
19193857,8192,8391454,1222610,123806886071,219572612844
19202049,8192,8399735,1165655,124131985407,258246143381
19210241,8192,8408023,1140966,124274057934,291701114656
19218433,8192,8416275,1181096,124295618123,291451935835
19226625,8192,8424566,1297683,124266922414,279450962713
19234817,8192,8432837,1319023,124094997030,282847343262
19243009,8192,8441120,1360327,123910732432,269919472642
19251201,8192,8449406,1252019,124116392865,315903138474
19259393,8192,8457720,1260334,124142787832,302788906335
19267585,8192,8465991,1316043,124053267886,293252324677
19275777,8192,8474282,1309169,124018708984,283326349581
19283969,8192,8482572,1275841,124069272958,276504018764
19292161,8192,8490824,1305573,124069543469,260537468738
19300353,8192,8499067,1256213,124228260168,314605708064
19308545,8192,8507317,1263227,124254644406,325471834068
19316737,8192,8515576,1372672,124139191434,298644992007
19324929,8192,8523827,1383445,124230321106,292949940284
19333121,8192,8532090,1428299,124072932148,288316884959
19341313,8192,8540334,1378236,124230760063,276278625067
19349505,8192,8548571,1403329,124273109664,275617608167
19357697,8192,8556815,1360346,124388928610,295603964767
19365889,8192,8565049,1451538,124212199926,262017209657
19374081,8192,8573279,1456308,124187628104,260191027596
19382273,8192,8581515,1390404,124001805374,256782123112
19390465,8192,8589756,1406332,124183216259,263187703889
19398657,8192,8598061,1376343,124298522851,272570650936
19406849,8192,8606304,1323253,124203729016,278042645309
19415041,8192,8614553,1409825,124184434083,263018032783
19423233,8192,8622797,1407012,124190932397,266386834735
19431425,8192,8631094,1479016,124444652304,281280006605
19439617,8192,8639405,1494194,124598689249,297776835993
19447809,8192,8647696,1525689,124654060201,318015575528
19456001,8192,8655991,1400235,124746985771,333540838387
19464193,8192,8664284,1463073,124708696824,315387604536
19472385,8192,8672573,1567587,124492865502,279576117627
19480577,8192,8680848,1569982,124675941826,287561511709
19488769,8192,8689133,1519310,124642372180,300034836442
19496961,8192,8697400,1532953,124562923150,304266631359
19505153,8192,8705700,1441553,124706105566,325838425997
19513345,8192,8714026,1431476,124579418319,309554060586
19521537,8192,8722316,1534603,124318946052,311528756653
19529729,8192,8730829,1504678,124337950932,299613292396
19537921,8192,8739185,1496091,124380640734,291451600392
19546113,8192,8747474,1471940,124404502871,298764638512
19554305,8192,8755777,1421459,124410898435,315403362927
19562497,8192,8764071,1449555,124385162902,302161232192
19570689,8192,8772348,1436175,124282074762,273959033751
19578881,8192,8780597,1384474,124120403426,273085747857
19587073,8192,8788850,1423744,124233175249,278368234998
19595265,8192,8797112,1411530,124285329601,289778693429
19603457,8192,8805376,1362120,124482829897,315785765510
19611649,8192,8813644,1366587,124396688881,296532360133
19619841,8192,8821912,1431304,124303363675,259904435594
19628033,8192,8830158,1382837,124278179872,288957918420
19636225,8192,8838416,1386317,124267212875,289905644010
19644417,8192,8846685,1477932,124283847315,284821486293
19652609,8192,8854969,1327150,124512018946,291320007217
19660801,8192,8863231,1333121,124620238398,309350839944
19668993,8192,8871496,1361699,124457738133,297349518911
19677185,8192,8879742,1402400,124720060656,272031184229
19685377,8192,8887996,1426421,124385138939,286712003958
19693569,8192,8896260,1349485,124526186496,288399479648
19701761,8192,8904509,1300798,124683267469,314338657444
19709953,8192,8912750,1312484,124522623013,296050991797
19718145,8192,8920990,1367280,124234964352,278414592846
19726337,8192,8929255,1367565,124243473683,266832635553
19734529,8192,8937499,1360530,124198160597,271924732435
19742721,8192,8945763,1355984,124540036759,301017015575
19750913,8192,8954019,1252870,124821955842,307023547537
19759105,8192,8962263,1317146,124580362846,296516171321
19767297,8192,8970503,1425710,124319133475,276123884827
19775489,8192,8978751,1426943,124406846992,276106980541
19783681,8192,8986991,1408096,124487406122,284534924411
19791873,8192,8995239,1375954,124221565854,300145358236
19800065,8192,9003484,1328449,124456618248,312071075017
19808257,8192,9011734,1308968,124536261314,287046588884
19816449,8192,9019990,1361273,124451868445,295016781395
19824641,8192,9028233,1386800,124442024416,300118850732
19832833,8192,9036486,1311633,124472221441,299846796411
19841025,8192,9044737,1321663,124723548990,318293233884
19849217,8192,9052980,1296587,124201124261,276311359511
19857409,8192,9061230,1211690,124816889058,292673071887
19865601,8192,9069473,1341044,124415440188,281178600125
19873793,8192,9077747,1364059,124478097811,293679794962
19881985,8192,9085984,1370389,124290076590,283088499145
19890177,8192,9094228,1315726,124427228697,290284161105
19898369,8192,9102490,1250201,124502760559,306366062479
19906561,8192,9110734,1226278,124794745557,289570985654
19914753,8192,9118990,1262021,124642676514,284472135193
19922945,8192,9127236,1373100,124069895033,279378955190
19931137,8192,9135486,1343031,124229005523,284815219091
19939329,8192,9143725,1329349,124204790713,279038463704
19947521,8192,9151974,1333083,124392561546,303430490253
19955713,8192,9160210,1314942,124423623184,298438326364
19963905,8192,9168454,1333019,124345711165,271375914178
19972097,8192,9176695,1257352,124232825992,281620482243
19980289,8192,9184953,1323568,124094474908,273335624704
19988481,8192,9193196,1326751,124163998517,270089562396
19996673,8192,9201443,1336252,123996321353,282670690847
20004865,8192,9209675,1240854,124226710247,277706628166
20013057,8192,9217912,1304799,123931172877,264056250029
20021249,8192,9226144,1330787,123950597201,281539999989
20029441,8192,9234372,1338896,123821130868,258393644168
20037633,8192,9242611,1317090,123654099640,263900664398
20045825,8192,9250848,1347082,123953641816,276109040628
20054017,8192,9259089,1325267,123876567291,291962756440
20062209,8192,9267322,1318717,124055393101,279842932886
20070401,8192,9275563,1366227,123762444016,265952422311
20078593,8192,9283801,1384871,123911184108,266009496529
20086785,8192,9292062,1406126,123940016782,262739486412
20094977,8192,9300302,1339685,124015415943,277046608657
20103169,8192,9308551,1301714,124029391097,293249962402
20111361,8192,9316795,1273066,124087816974,293211169162
20119553,8192,9325059,1341785,124092854149,283795840809
20127745,8192,9333311,1300304,124171257384,277826984455
20135937,8192,9341560,1312828,123895576655,264191782057
20144129,8192,9349801,1478597,124131653209,302425817159
20152321,8192,9358049,1401974,124342040084,327812292743
20160513,8192,9366304,1278720,124374744387,309967135154
20168705,8192,9374550,1346678,123936121923,290036677137
20176897,8192,9382778,1424523,124108232349,297086191599
20185089,8192,9391015,1377219,123885049400,277477152813
20193281,8192,9399251,1336187,123788574103,282787335181
20201473,8192,9407494,1298463,124269759102,319913362344
20209665,8192,9415724,1286626,124087576326,308052258223
20217857,8192,9423960,1317852,123942254668,290985701243
20226049,8192,9432209,1299917,124147683853,282552540348
20234241,8192,9440439,1360846,123774875427,259814627101
20242433,8192,9448678,1459730,123854928977,267767568627
20250625,8192,9456910,1312416,124076624635,313201704617
20258817,8192,9465146,1171595,124427662111,310627251623
20267009,8192,9473399,1317129,124097688366,300400619889
20275201,8192,9481639,1334263,123937658483,284088737131
20283393,8192,9489868,1363375,124067024594,273667911156
20291585,8192,9498106,1363384,123869625532,297821887580
20299777,8192,9506347,1316781,124039812722,309885946754
20307969,8192,9514581,1244265,123989778309,291683533444
20316161,8192,9522818,1314009,123995263661,294711070680
20324353,8192,9531037,1360451,123857218332,265636151672
20332545,8192,9539273,1365918,123758625145,246826418755
20340737,8192,9547499,1315447,123780556120,250774864550
20348929,8192,9555732,1291597,124045417961,287697566632
20357121,8192,9563959,1279773,124504091119,287772198791
20365313,8192,9572201,1312646,123669140229,254981538951
20373505,8192,9580431,1311170,124039182811,274667344612
20381697,8192,9588664,1276710,124097202607,274871210914
20389889,8192,9596900,1309255,123990059477,269266245169
20398081,8192,9605136,1256225,124206051024,271746841522
20406273,8192,9613370,1215683,124065312931,255477471809
20414465,8192,9621591,1244275,124192634311,264499820277
20422657,8192,9629846,1320255,123998089347,249232412198
20430849,8192,9638079,1321247,123888932332,240626785656
20439041,8192,9646308,1265381,123823513533,244941639447
20447233,8192,9654555,1276821,123996852027,258979040886
20455425,8192,9662773,1197252,124532117855,285819058657
20463617,8192,9670997,1257479,124388614409,267601749884
20471809,8192,9679232,1285411,123650110177,270602146790
20480001,8192,9687458,1297199,123749972625,263610119060
20488193,8192,9695679,1243615,123883712183,255421358491
20496385,8192,9703905,1269253,124047419113,261679152369
20504577,8192,9712142,1135247,124465862938,272262969714
20512769,8192,9720378,1161611,124184136025,253252657402
20520961,8192,9728604,1245300,124007077488,251969086887
20529153,8192,9736836,1421269,123962849137,264423072429
20537345,8192,9745081,1439333,123669332793,257468847776
20545537,8192,9753315,1253608,124231633533,275086751974
20553729,8192,9761549,1145025,124604070901,281985446179
20561921,8192,9769782,1166959,124453507182,272532138974
20570113,8192,9778022,1229301,123923336719,262999608107
20578305,8192,9786257,1215782,124508837186,267681917181
20586497,8192,9794502,1269527,124050642770,260474828233
20594689,8192,9802745,1292003,124332499053,264152704458
20602881,8192,9810996,1228322,124543532771,274206514440
20611073,8192,9819237,1097645,124814044268,261928402811
20619265,8192,9827482,1324919,124291925023,255450238057
20627457,8192,9835711,1316468,124306662368,256042751175
20635649,8192,9843959,1323405,124238897976,256311521403
20643841,8192,9852200,1312577,124110240029,262949559931
20652033,8192,9860438,1167898,124654545575,268837487580
20660225,8192,9868668,1172966,124818915829,270662243917
20668417,8192,9876900,1236978,124229513827,252169373269
20676609,8192,9885128,1278425,124191509641,262952260711
20684801,8192,9893357,1277423,124164220953,242506608583
20692993,8192,9901590,1299309,124222150078,248604525131
20701185,8192,9909808,1280639,124039124147,261080750160
20709377,8192,9918046,1237605,124150614349,270657938110
20717569,8192,9926276,1319388,123967676483,247041709961
20725761,8192,9934518,1333524,123906422105,250989958521
20733953,8192,9942757,1342890,124072186073,252492517284
20742145,8192,9950994,1335924,123999386424,251814366406
20750337,8192,9959240,1282264,124044134635,259747135936
20758529,8192,9967460,1252221,124075251218,266154671943
20766721,8192,9975702,1248961,124010223875,245568851014
20774913,8192,9983955,1296280,123959551616,241022304690
20783105,8192,9992198,1295855,123861766459,229752148414
20791297,8192,10000436,1357061,123655847951,237960290052
20799489,8192,10008679,1286683,123903565050,226216734502
20807681,8192,10016909,1225709,123683481511,247967733729
20815873,8192,10025141,1281184,123701645397,238314501716
20824065,8192,10033363,1306171,123674520523,234330378918
20832257,8192,10041601,1300593,123697978959,235480122940
20840449,8192,10049823,1322193,123742084041,247965368828
20848641,8192,10058046,1339278,123881511204,272610979667
20856833,8192,10066279,1280156,124044652168,273681637806
20865025,8192,10074499,1341045,123939717225,268266141552
20873217,8192,10082726,1449149,123875874183,245660140705
20881409,8192,10090947,1318637,123828156277,253357512159
20889601,8192,10099176,1310004,124079212741,253551410416
20897793,8192,10107391,1287441,124064006649,247718931299
20905985,8192,10115611,1238107,123942336536,248095241608
20914177,8192,10123834,1270972,123967807271,246737415208
20922369,8192,10132052,1338406,123619826798,236444361830
20930561,8192,10140274,1350373,123791381394,235206901026
20938753,8192,10148494,1314243,123637017493,252825362452
20946945,8192,10156745,1392627,123714739565,237596951102
20955137,8192,10165009,1283356,123904730600,266075250586
20963329,8192,10173259,1250992,123804630771,256462218189
20971521,8192,10181499,1396954,123899780038,243131914406
20979713,8192,10189737,1351704,123744674033,255537852638
20987905,8192,10197972,1408688,123937607291,248368798348
20996097,8192,10206206,1502921,123906819311,235303723446
21004289,8192,10214429,1419302,123927641555,261708052844
21005282,993,10223616,159274,15045217504,34211557787
