block_number,blocks,slot,txs,gas,time
8193,8192,1,0,0,231802881
16385,8192,1,0,0,228578452
24577,8192,1,0,0,222480604
32769,8192,1,0,0,230484698
40961,8192,1,0,0,226767065
49153,8192,1,1514,33070964,294558907
57345,8192,1,3916,407821091,422497739
65537,8192,1,2676,90041948,350990310
73729,8192,1,5821,197747509,410907518
81921,8192,1,4204,131282630,385654848
90113,8192,1,4589,112269814,384234086
98305,8192,1,3327,84662425,350182867
106497,8192,1,4168,105498119,362047104
114689,8192,1,4247,119199457,359377101
122881,8192,1,6054,163953975,410457002
131073,8192,1,5852,147449076,367153227
139265,8192,1,6678,168428364,388541066
147457,8192,1,7805,190561977,434240957
155649,8192,1,8675,220080834,460378300
163841,8192,1,7255,175016877,435950423
172033,8192,1,10115,242307512,477653918
180225,8192,1,12029,319429322,530298929
188417,8192,1,10493,307941046,497738118
196609,8192,1,8488,226000959,463562750
204801,8192,1,9431,284499928,481963518
212993,8192,1,9432,269025812,484532131
221185,8192,1,9745,253020191,484592281
229377,8192,1,9473,303239797,488115487
237569,8192,1,9752,287334366,493039081
245761,8192,1,9175,237099979,490088432
253953,8192,1,9225,299876210,510538678
262145,8192,1,8500,237942979,491263673
270337,8192,1,11073,360421503,543913594
278529,8192,1,11244,333906121,540629266
286721,8192,1,9944,288230259,514326942
294913,8192,1,9552,272964709,503764086
303105,8192,1,10564,278617464,510309040
311297,8192,1,9852,289668902,511745039
319489,8192,1,10772,285019105,523018221
327681,8192,1,9264,263512681,522613113
335873,8192,1,10710,300329465,545322053
344065,8192,1,10447,340557247,539914411
352257,8192,1,11871,367785281,582768720
360449,8192,1,11031,301110840,565142655
368641,8192,1,10176,272300629,537679236
376833,8192,1,10299,327273585,581063642
385025,8192,1,11650,328391280,568182213
393217,8192,1,10917,668394420,593351505
401409,8192,1,10512,371168499,564107062
409601,8192,1,11329,399996130,574878165
417793,8192,1,9682,299513459,531571700
425985,8192,1,10211,378463309,578016433
434177,8192,1,10123,371765259,590162128
442369,8192,1,10202,298321714,542553164
450561,8192,1,10252,488330843,818924978
458753,8192,1,11670,315763779,596596152
466945,8192,1,12392,405644045,614428047
475137,8192,1,11262,434129872,706338471
483329,8192,1,11885,436485530,815340954
491521,8192,1,11396,324292141,660110586
499713,8192,1,11390,316107054,574059671
507905,8192,1,19834,986537643,938569807
516097,8192,1,14518,537099270,695307908
524289,8192,1,14364,563247320,809120397
532481,8192,1,15028,641704064,865307342
540673,8192,1,11625,533545978,775384775
548865,8192,1,12334,352563908,604165000
557057,8192,1,11579,286224762,571355630
565249,8192,1,12543,387072166,632166762
573441,8192,1,11762,377902837,641899534
581633,8192,1,11889,329240266,591966925
589825,8192,1,12402,356748509,614456287
598017,8192,1,11554,361660592,594500577
606209,8192,1,11466,286807225,573157448
614401,8192,1,11355,383668685,814730478
622593,8192,1,12943,487254257,638635547
630785,8192,1,10960,369935232,570889633
638977,8192,1,10609,304527314,551263462
647169,8192,1,11891,400916707,593322176
655361,8192,1,13364,422684376,607469906
663553,8192,1,11233,291970815,580461966
671745,8192,1,11307,306322589,582857340
679937,8192,1,13718,480255087,741151275
688129,8192,1,12101,533373764,720351842
696321,8192,1,24697,2437912230,2387103515
704513,8192,1,24278,1882935448,1685793140
712705,8192,1,15914,1053536841,1292864954
720897,8192,1,14854,884970772,1104815177
729089,8192,1,18033,1103406409,1252441998
737281,8192,1,39634,2413080461,2418119808
745473,8192,1,20252,1205744179,1462170633
753665,8192,1,16649,914386676,1273558660
761857,8192,1,29450,1702093462,1938798700
770049,8192,1,19926,1149090055,1552291049
778241,8192,1,27585,1546147829,1800676571
786433,8192,1,13804,512905120,930028796
794625,8192,1,14238,555275432,1009217481
802817,8192,1,20936,1074374824,1409359154
811009,8192,1,33100,2274628469,2294234949
819201,8192,1,21058,1074857191,1421604218
827393,8192,1,17945,1068696871,1320370560
835585,8192,1,16965,691346951,1124030052
843777,8192,1,24779,1318609001,1544789842
851969,8192,1,17337,797507253,1180420835
860161,8192,1,16221,653054698,864530138
868353,8192,1,17414,667767224,841028893
876545,8192,1,20874,997212648,973052074
884737,8192,1,18556,602924448,846587993
892929,8192,1,20188,746509191,948207729
901121,8192,1,20728,705763650,927622164
909313,8192,1,28858,1212230895,1257404604
917505,8192,1,29450,1450050635,1421111561
925697,8192,1,25856,1070129090,1258566646
933889,8192,1,23756,919949479,1096125958
942081,8192,1,24390,780757258,980022285
950273,8192,1,22318,724737535,945648917
958465,8192,1,23856,823943680,998583694
966657,8192,1,39968,1787855655,1610237711
974849,8192,1,24875,783309904,1006011463
983041,8192,1,25559,758151178,1014255563
991233,8192,1,32769,996332438,1129827982
999425,8192,1,29253,955506690,1134417868
1007617,8192,1,28779,874607232,1055817693
1015809,8192,1,28640,944195150,1096948891
1024001,8192,1,30592,1077029621,1172514602
1032193,8192,1,30567,1025667741,1108833468
1040385,8192,1,26761,784549571,1023255041
1048577,8192,1,28815,1876343804,1147268668
1056769,8192,1,31628,1248873846,1097369290
1064961,8192,1,32758,1302389229,1242758937
1073153,8192,1,30961,857488355,1048608582
1081345,8192,1,33502,949562723,1139163276
1089537,8192,1,37121,995463452,1191705995
1097729,8192,1,40115,1081576458,1226839419
1105921,8192,1,42800,1253697553,1308511344
1114113,8192,1,41667,1235498720,1258818064
1122305,8192,1,38878,1141426898,1212941386
1130497,8192,1,41538,1202802604,1202565749
1138689,8192,1,39904,1101644111,1158868887
1146881,8192,1,44221,1340457745,1244463895
1155073,8192,1,43528,1383496645,1213759750
1163265,8192,1,38152,1246718060,1174527897
1171457,8192,1,44944,1374923499,1324920808
1179649,8192,1,46242,1574630437,1350622678
1187841,8192,1,44523,1522997076,1318974450
1196033,8192,1,43594,1529570548,1472396301
1204225,8192,1,41259,1452683779,1362039257
1212417,8192,1,52923,2302777232,1880010934
1220609,8192,1,46705,1563686082,1452951407
1228801,8192,1,46123,1514235577,1539517549
1236993,8192,1,43046,1458453689,1483351534
1245185,8192,1,49499,1658881432,1546838527
1253377,8192,1,46254,1516126264,1269167601
1261569,8192,1,42318,1328121509,1446666122
1269761,8192,1,40021,1078268036,1186977519
1277953,8192,1,46365,1435004546,1490442014
1286145,8192,1,50841,1591258579,1568817882
1294337,8192,1,41499,1271776158,1307918429
1302529,8192,1,47633,1512367159,1557182304
1310721,8192,1,42641,1164414830,1309415618
1318913,8192,1,42610,1137106273,1251162787
1327105,8192,1,45560,1357858661,1384197692
1335297,8192,1,50369,1781939706,1405975448
1343489,8192,1,45221,1209479371,1302612046
1351681,8192,1,44015,1206824098,1329846014
1359873,8192,1,54888,1591716049,1283649558
1368065,8192,1,43396,1184809863,1302167839
1376257,8192,1,48876,1593180641,1498823586
1384449,8192,1,45143,1439543743,1276947495
1392641,8192,1,41341,1118372583,1282040701
1400833,8192,1,45540,1329131424,1340137801
1409025,8192,1,49104,1485363761,1475714078
1417217,8192,1,44023,1225869865,1245421507
1425409,8192,1,49886,1450651632,1448560619
1433601,8192,1,56669,1681771886,1552228509
1441793,8192,1,54635,1947185643,1564165026
1449985,8192,1,56685,1624594158,1486148064
1458177,8192,1,50196,1613347851,1471831195
1466369,8192,1,54893,2240127730,2060036917
1474561,8192,1,52100,1483885342,1485849476
1482753,8192,1,51280,1586965488,1539006902
1490945,8192,1,56855,1674576856,1448817127
1499137,8192,1,52382,1728224502,1443622903
1507329,8192,1,60036,2138598848,1830073305
1515521,8192,1,69268,2441975068,1968790288
1523713,8192,1,56514,1832134302,1725565300
1531905,8192,1,51124,1731842384,1629610295
1540097,8192,1,58754,1911501394,1699036467
1548289,8192,1,61429,1987968261,1642385614
1556481,8192,1,60630,2360467143,1750564495
1564673,8192,1,56981,1819841802,1541907371
1572865,8192,1,56494,1777140576,1538301178
1581057,8192,1,59042,1735378915,1507962100
1589249,8192,1,68973,2172337508,1838075568
1597441,8192,1,64306,2192773982,1772285482
1605633,8192,1,86669,3493104245,2399314099
1613825,8192,1,62112,2154462632,1725589680
1622017,8192,1,60118,1914186297,1613310080
1630209,8192,1,53413,1741132990,1519574939
1638401,8192,1,56756,1633896769,1481302938
1646593,8192,1,50346,1452533160,1438601069
1654785,8192,1,50828,1521883376,1404292120
1662977,8192,1,60376,3061122313,2266541115
1671169,8192,1,55258,1843787387,1633633986
1679361,8192,1,55775,1793288354,1568101928
1687553,8192,1,52281,1793521528,1532692527
1695745,8192,1,55227,1857680146,1553731369
1703937,8192,1,64652,2265573762,1813239053
1712129,8192,1,63355,2060421766,1740885381
1720321,8192,1,65682,5800241515,7272782444
1728513,8192,1,95610,16739007815,37915886288
1736705,8192,1,67917,4743426756,7798298115
1744897,8192,1,62602,3296268924,3746078254
1753089,8192,1,68336,3841591968,2967419973
1761281,8192,1,58130,2076897006,1924397640
1769473,8192,1,57022,2221809906,1632251457
1777665,8192,1,52898,1689289635,1615167236
1785857,8192,1,53856,1708894430,1826928437
1794049,8192,1,56044,1992483551,2136463599
1802241,8192,1,90325,5767597538,2843463995
1810433,8192,1,52758,2499380206,4253489485
1818625,8192,1,55194,1772826158,1884696610
1826817,8192,1,53703,1704827192,1557100954
1835009,8192,1,49822,1916513753,2051677396
1843201,8192,1,53374,1676538934,1583337820
1851393,8192,1,60123,2381439875,3002047569
1859585,8192,1,56426,2865260110,4405522735
1867777,8192,1,50632,1670163364,1813241834
1875969,8192,1,53453,1904646721,1926889713
1884161,8192,1,54655,1840362954,1631114624
1892353,8192,1,54265,1824465369,1538196068
1900545,8192,1,51280,1414646366,1365812501
1908737,8192,1,47043,1388770142,1403052898
1916929,8192,1,63160,1874850406,1579174051
1925121,8192,1,62773,4171399935,7170968068
1933313,8192,1,65738,2266620454,2005506930
1941505,8192,1,62037,2034143904,1746068906
1949697,8192,1,79321,2248553641,1824931861
1957889,8192,1,74738,2527380908,2147262213
1966081,8192,1,75137,2369261794,1844111355
1974273,8192,1,66582,2970283633,2204679619
1982465,8192,1,60335,2173102476,2214127573
1990657,8192,1,63657,1764764048,1532001651
1998849,8192,1,66671,2054100679,1752243092
2007041,8192,1,68240,2035711402,1726732152
2015233,8192,1,60275,1885646786,1541889222
2023425,8192,1,59731,1718762000,1518501997
2031617,8192,1,56298,1666187619,1465164672
2039809,8192,1,56416,2985329528,2192436565
2048001,8192,1,67806,2074138922,1618978970
2056193,8192,1,63577,1903780373,1616213819
2064385,8192,1,55865,1657169845,1511837083
2072577,8192,1,58480,1557471379,1391111883
2080769,8192,1,55331,1599645346,1411263161
2088961,8192,1,64228,1850037001,1663769385
2097153,8192,1,66060,2188998555,1787578463
2105345,8192,1,54235,1660505770,1499062203
2113537,8192,1,56694,1742357705,1456204196
2121729,8192,1,61614,1816239031,1552345778
2129921,8192,1,63451,3861822325,2410413101
2138113,8192,1,69603,2043909844,1665379524
2146305,8192,1,61611,1914481982,1527768411
2154497,8192,1,62524,1658273809,1415812369
2162689,8192,1,61974,1798911967,1579948124
2170881,8192,1,62834,1920681017,1634487621
2179073,8192,1,61629,1818058493,1583832677
2187265,8192,1,76278,2727312503,1973795753
2195457,8192,1,59767,1675377812,1446393765
2203649,8192,1,65371,2614658821,1805228869
2211841,8192,1,62364,2039781213,1558479844
2220033,8192,1,60969,1981999587,1595586895
2228225,8192,1,85854,2814470323,1893926605
2236417,8192,1,55933,1813330669,1433971891
2244609,8192,1,57588,1730634676,1437635446
2252801,8192,1,63320,2021513820,1576366460
2260993,8192,1,65183,2112882377,1759135803
2269185,8192,1,74523,2354744595,1721576518
2277377,8192,1,72172,2714744039,1826863797
2285569,8192,1,50199,1706002470,2672450918
2293761,8192,1,61842,1801256949,6082457167
2301953,8192,1,68639,2034760072,1768027041
2310145,8192,1,66952,2916329686,15772363574
2318337,8192,1,48275,1914011719,11915497658
2326529,8192,1,56968,3010508461,23698157212
2334721,8192,1,60252,3532946594,44596263682
2342913,8192,1,59242,2893073539,20959271811
2351105,8192,1,56520,2437337126,4185154346
2359297,8192,1,53930,2539978338,9004823076
2367489,8192,1,72486,5437092390,37234540466
2375681,8192,1,64351,3955814780,34185339400
2383873,8192,1,72150,4175006287,26130537008
2392065,8192,1,52311,3587030185,49100733471
2400257,8192,1,60755,3380343872,107538065576
2408449,8192,1,54394,3489623288,88143299228
2416641,8192,1,59749,3571481590,52944339079
2424833,8192,1,52901,2140315677,72248342316
2433025,8192,1,41983,2064705182,90477965094
2441217,8192,1,52489,1940457621,35846842154
2449409,8192,1,47032,1416811786,15904286565
2457601,8192,1,50121,1416935937,21270254835
2465793,8192,1,63997,2059194432,17951945202
2473985,8192,1,52613,5415624522,50301819892
2482177,8192,1,77644,2200694454,3320467289
2490369,8192,1,47944,1381582456,1523620254
2498561,8192,1,58110,1704965277,1615837246
2506753,8192,1,68097,2292291281,1972500625
2514945,8192,1,59292,1798672209,1747790148
2523137,8192,1,59793,1784849739,1747638090
2531329,8192,1,57693,1656383700,1689478718
2539521,8192,1,55694,1627913854,1543373387
2547713,8192,1,63237,1907051300,1802188534
2555905,8192,1,61395,1723186230,1784270831
2564097,8192,1,57303,1576168754,1708559014
2572289,8192,1,44899,1243188531,1358790996
2580481,8192,1,50737,1381762673,1430179914
2588673,8192,1,53997,1523970827,1581839095
2596865,8192,1,56755,1868225974,1851009552
2605057,8192,1,54579,1853422028,1649830507
2613249,8192,1,57937,1749156374,1679433529
2621441,8192,1,54830,1654717503,1686323720
2629633,8192,1,59687,1932781220,1696449279
2637825,8192,1,58098,1831832946,1693684789
2646017,8192,1,57577,1732304988,1658317248
2654209,8192,1,56517,1691425491,1520329218
2662401,8192,1,54908,1580644481,1702988424
2670593,8192,1,56589,1781259427,1541592659
2678785,8192,1,85495,2598196853,13733711212
2686977,8192,1,59696,3974729576,68809142223
2695169,8192,1,72462,4113740875,42618778719
2703361,8192,1,55726,4743499117,65750176913
2711553,8192,1,65254,6348291025,87280589088
2719745,8192,1,64427,5199613546,50817071314
2727937,8192,1,50844,1684630038,2166744588
2736129,8192,1,54697,1652133461,1515826520
2744321,8192,1,53051,1748152517,1480167962
2752513,8192,1,55339,1979520745,1605655038
2760705,8192,1,64847,2063457441,1656312762
2768897,8192,1,55277,1804237075,1603282785
2777089,8192,1,56023,1776551857,1570066369
2785281,8192,1,52991,1726269370,1567822305
2793473,8192,1,52624,2213276915,1512988560
2801665,8192,1,55238,1810591298,1639582479
2809857,8192,1,63980,2356415998,1917988750
2818049,8192,1,65743,2448549979,1929290741
2826241,8192,1,54971,1881197690,1556828041
2834433,8192,1,49662,1953789890,1663888288
2842625,8192,1,58392,2038106026,1665768796
2850817,8192,1,64185,2225753659,1769636464
2859009,8192,1,76490,2486660557,2061443960
2867201,8192,1,55683,1760491642,1524488229
2875393,8192,1,50675,1452936266,1424297266
2883585,8192,1,50157,1522394202,1474057084
2891777,8192,1,58225,1860099069,1581655657
2899969,8192,1,60144,2083730262,1664345435
2908161,8192,1,60988,2086757942,1685941724
2916353,8192,1,54302,1714680114,1563563024
2924545,8192,1,50695,1584719153,1481059515
2932737,8192,1,63026,2305221488,1928539476
2940929,8192,1,67480,2204851332,1853770092
2949121,8192,1,61833,1971573134,1727124213
2957313,8192,1,58505,1930260127,1675570716
2965505,8192,1,59699,1937673518,1731928109
2973697,8192,1,63091,2244391292,1804558579
2981889,8192,1,64874,2137001608,1621592106
2990081,8192,1,70738,2397486878,1766929753
2998273,8192,1,58903,1853897373,1553859772
3006465,8192,1,54373,1766782589,1536458036
3014657,8192,1,65027,2294148724,1730864477
3022849,8192,1,60922,2027141448,1710658100
3031041,8192,1,58548,1960456703,1700981226
3039233,8192,1,61315,2005539036,1748418123
3047425,8192,1,62091,2149768492,1798189653
3055617,8192,1,67927,2452616440,1919585959
3063809,8192,1,62018,2292070946,1894610415
3072001,8192,1,63286,2183742248,1927723941
3080193,8192,1,65669,2218082794,1807366928
3088385,8192,1,54874,1846213528,1648769985
3096577,8192,1,63311,2098245747,1801449930
3104769,8192,1,59762,2124435421,1778929439
3112961,8192,1,58897,2178531771,1892695067
3121153,8192,1,58468,1974991763,1690345243
3129345,8192,1,63556,2065813146,1794170291
3137537,8192,1,64128,2220717880,1824344209
3145729,8192,1,70462,2665896127,2018881699
3153921,8192,1,64806,2336669302,1959168301
3162113,8192,1,70074,2730719806,2230235202
3170305,8192,1,60420,2178878613,1846127595
3178497,8192,1,73252,3110141726,2158200859
3186689,8192,1,79081,2976280771,2150680622
3194881,8192,1,71074,2804402262,2088383820
3203073,8192,1,64978,2351345544,1859145954
3211265,8192,1,68556,2464803794,1887105968
3219457,8192,1,66845,2286314550,1880685782
3227649,8192,1,75763,3113040792,2097137529
3235841,8192,1,69688,2984250772,2106989119
3244033,8192,1,68668,2289170959,1873533153
3252225,8192,1,71170,2634879929,2129733620
3260417,8192,1,70604,2482121481,1970208942
3268609,8192,1,79874,2821352557,2218992961
3276801,8192,1,82615,2938903296,2203346771
3284993,8192,1,93464,3013882836,2357900112
3293185,8192,1,81232,2628326517,2140373206
3301377,8192,1,77780,2508423110,1980877507
3309569,8192,1,85412,2762075045,2150634293
3317761,8192,1,74949,2364616867,1925773205
3325953,8192,1,89542,3008034239,2410387714
3334145,8192,1,89382,3038054714,2212158097
3342337,8192,1,91012,2910544703,2245063978
3350529,8192,1,112957,4683356145,3063887234
3358721,8192,1,108487,3824938321,2828735670
3366913,8192,1,150248,4856683444,3263949026
3375105,8192,1,129410,4029391606,2980061394
3383297,8192,1,118959,3597176359,2651689056
3391489,8192,1,113031,3618928236,2669916437
3399681,8192,1,109702,3595863612,2611846706
3407873,8192,1,112341,3708098910,2606042757
3416065,8192,1,121089,3775021048,2658611106
3424257,8192,1,111288,3513747685,2781713231
3432449,8192,1,126552,4519125602,3118637078
3440641,8192,1,116739,3847970531,2927499145
3448833,8192,1,137505,4650151490,3189558609
3457025,8192,1,132372,4354448594,3160172557
3465217,8192,1,116438,3872751305,2896584462
3473409,8192,1,138958,4605215288,3485669775
3481601,8192,1,115237,3904507999,2904071920
3489793,8192,1,129313,4405146988,3128862786
3497985,8192,1,121326,4141663795,2934680274
3506177,8192,1,101941,3457895017,2682321679
3514369,8192,1,104473,3801545119,2788525003
3522561,8192,1,110663,3893580475,2915256411
3530753,8192,1,118136,4358681727,3026399138
3538945,8192,1,116538,3957151738,3287872078
3547137,8192,1,97599,3525061715,2788428353
3555329,8192,1,105494,3951999139,3274636860
3563521,8192,1,113777,4538716060,3758900773
3571713,8192,1,122232,4932027111,3862569352
3579905,8192,1,113517,5371454955,3227159335
3588097,8192,1,103751,3918968307,3157484815
3596289,8192,1,112257,4332652445,3254181085
3604481,8192,1,136619,5289710359,3738591635
3612673,8192,1,143158,5255428268,3676108635
3620865,8192,1,145745,4868936849,3531673212
3629057,8192,1,136562,4879877560,3641749237
3637249,8192,1,160424,6406024036,4254630462
3645441,8192,1,150436,5782052966,3914287839
3653633,8192,1,167559,5819732935,4218607196
3661825,8192,1,142125,5329409688,3661337399
3670017,8192,1,152266,6300591479,3934928663
3678209,8192,1,169497,6571385749,4174378748
3686401,8192,1,156250,7347905323,4279427979
3694593,8192,1,167344,7335647042,4446993929
3702785,8192,1,147702,7536226635,4473712891
3710977,8192,1,168287,8194709920,4758586765
3719169,8192,1,176741,9883600890,5700502326
3727361,8192,1,214081,11450730102,6143940434
3735553,8192,1,229327,12196031413,6806490822
3743745,8192,1,201943,10613685663,5880529909
3751937,8192,1,260406,12599459208,6962648362
3760129,8192,1,278528,15779303797,7803186526
3768321,8192,1,279013,16350363987,8005966388
3776513,8192,1,244538,13523383202,6859937395
3784705,8192,1,224822,12717337930,6784212859
3792897,8192,1,248995,13592095818,7439971052
3801089,8192,1,314302,19832169118,8368844183
3809281,8192,1,313676,17980594470,11681274229
3817473,8192,1,280618,16692684984,9299885673
3825665,8192,1,296114,15953100496,8805357671
3833857,8192,1,317754,17492872153,9515433654
3842049,8192,1,305857,17151665586,9634942233
3850241,8192,1,325308,16138916714,9875488019
3858433,8192,1,365858,18515263356,10479646126
3866625,8192,1,450999,21732698279,12772487214
3874817,8192,1,403872,18428150155,11461801551
3883009,8192,1,399350,18507971011,11645681716
3891201,8192,1,366142,17616667683,10946713018
3899393,8192,1,401398,20055154217,12248024194
3907585,8192,1,467519,26635229072,12838969582
3915777,8192,1,448080,27509986564,13023584262
3923969,8192,1,445137,22206823281,12585003891
3932161,8192,1,393944,20192356202,12215347874
3940353,8192,1,474437,21147977183,13700043528
3948545,8192,1,452736,24838577163,15580637035
3956737,8192,1,409197,21844246829,13813528159
3964929,8192,1,391200,20881198158,13958654156
3973121,8192,1,480657,24984090402,16101956693
3981313,8192,1,439836,24432971850,15785829080
3989505,8192,1,456105,22202913020,15341938787
3997697,8192,1,401541,19785653790,13223568764
4005889,8192,1,468451,21489133966,14853912592
4014081,8192,1,521089,25614275148,17502485939
4022273,8192,1,465732,25576854950,16042660911
4030465,8192,1,422645,19071909199,14690908169
4038657,8192,1,452765,21588202182,15251458193
4046849,8192,1,494336,24205815057,15972823123
4055041,8192,1,427170,19727949695,13731581495
4063233,8192,1,409232,17944225576,13233155827
4071425,8192,1,455169,22752023483,15451844281
4079617,8192,1,411552,20393151746,13593464279
4087809,8192,1,402826,19516574262,13564911350
4096001,8192,1,350511,18308327314,11928972652
4104193,8192,1,441704,23280158452,15091110561
4112385,8192,1,474401,24577424757,16975326002
4120577,8192,1,512389,25868228053,17690795763
4128769,8192,1,539622,25478534061,18186408243
4136961,8192,1,612130,30525492507,20458472892
4145153,8192,1,669828,31316179679,21717991522
4153345,8192,1,667176,32781900955,21787330083
4161537,8192,1,802050,39631270870,25947976273
4169729,8192,1,832182,45690595844,30086808656
4177921,8192,1,822935,40787417397,26153759074
4186113,8192,1,677937,33931766754,23256042910
4194305,8192,1,736129,33608364656,23387320287
4202497,8192,1,733583,31613370181,22644763695
4210689,8192,1,736596,33326421250,23717881599
4218881,8192,1,885279,42684031553,27803720054
4227073,8192,1,909505,44089434039,29014232428
4235265,8192,1,772574,36378544905,25593092732
4243457,8192,1,1021928,44970958961,31304651868
4251649,8192,1,1081239,50184234692,34029561940
4259841,8192,1,880278,41550585016,30158118713
4268033,8192,1,864414,41053728142,29884111113
4276225,8192,1,867715,42375737918,32165586996
4284417,8192,1,857098,44405284841,30275959763
4292609,8192,1,764839,40439697663,30631653498
4300801,8192,1,736339,41523378146,30100722337
4308993,8192,1,739102,40787147868,29637157216
4317185,8192,1,882460,46629010975,32836461637
4325377,8192,1,928715,45913689045,34360246927
4333569,8192,1,855500,44372358254,32845198225
4341761,8192,1,890587,45969894286,33610834618
4349953,8192,1,861954,44868560756,33792043777
4358145,8192,1,961145,45839288391,34267820500
4366337,8192,1,1022776,47707018313,36730305749
4374529,8192,1,788928,41640159530,30308170754
4382721,8192,1,680611,30304975089,23774451846
4390913,8192,1,633676,29394442349,24422007966
4399105,8192,1,691855,34599365091,23877942614
4407297,8192,1,587597,22219394536,18802020404
4415489,8192,1,602801,27141844419,20715849133
4423681,8192,1,637247,33563116251,24874988611
4431873,8192,1,602169,34452528559,25268119300
4440065,8192,1,644187,35202407283,26281594899
4448257,8192,1,635205,32303616551,24983458493
4456449,8192,1,658167,33516933106,26189867769
4464641,8192,1,714607,37151598010,29056883205
4472833,8192,1,687810,38954422870,30330302336
4481025,8192,1,691342,38855588548,30523392801
4489217,8192,1,597092,33111071840,26965985528
4497409,8192,1,530372,24797114990,21429974943
4505601,8192,1,664534,27768018498,23364069310
4513793,8192,1,607716,29462506589,24714628435
4521985,8192,1,636968,33818088203,27884713967
4530177,8192,1,576620,30857764315,24695344122
4538369,8192,1,555644,29902311532,24705350271
4546561,8192,1,576193,31728985315,25945699206
4554753,8192,1,614333,33933012035,28046839351
4562945,8192,1,694290,35077866299,28420436148
4571137,8192,1,685773,35235556368,28981660417
4579329,8192,1,595343,32512470264,26948138945
4587521,8192,1,616676,31432826950,27423037674
4595713,8192,1,732388,35462326767,31151556897
4603905,8192,1,701686,34053236118,29272870867
4612097,8192,1,696025,34813469923,29277024228
4620289,8192,1,756842,36575998133,31046480950
4628481,8192,1,695958,35807344495,29164367388
4636673,8192,1,839988,41325848673,35415162257
4644865,8192,1,859818,39561689628,34644010324
4653057,8192,1,878341,39038765676,35504327972
4661249,8192,1,838018,41732008967,37238034585
4669441,8192,1,868393,42367951309,39922778631
4677633,8192,1,1024408,50365921601,46582684944
4685825,8192,1,1106629,50823271509,46916702506
4694017,8192,1,983321,52251191383,43734952576
4702209,8192,1,1065994,53288175748,51981324835
4710401,8192,1,1004230,57029863421,54528504156
4718593,8192,1,1175867,60067148142,58383045723
4726785,8192,1,1283732,60320736424,57271924927
4734977,8192,1,1366216,63069754925,58489445186
4743169,8192,1,1249121,59108334014,52894113455
4751361,8192,1,1252125,59908605848,54550743804
4759553,8192,1,1451207,62045900188,57431004929
4767745,8192,1,1519992,62098558192,56194378357
4775937,8192,1,1585445,62497723845,53598547280
4784129,8192,1,1400070,58743219915,53418796308
4792321,8192,1,1052134,54186765245,44059120654
4800513,8192,1,1019534,49928583194,42949188963
4808705,8192,1,1261780,57510375260,50613835955
4816897,8192,1,1331357,57590718396,53656293316
4825089,8192,1,1639294,60808222944,56182012605
4833281,8192,1,1324521,56290819569,51539904397
4841473,8192,1,1365671,56727562845,52566047294
4849665,8192,1,1800565,61983009179,60899965973
4857857,8192,1,2002216,61977955389,57754725027
4866049,8192,1,1885881,62151807862,60154622410
4874241,8192,1,1724229,62804522499,59831220902
4882433,8192,1,1914229,62387106534,60931773710
4890625,8192,1,1784457,61980258440,56479393344
4898817,8192,1,1710320,62316592526,59552897125
4907009,8192,1,1726464,62391325627,57906085439
4915201,8192,1,1730007,63380891308,60815629809
4923393,8192,1,1858619,62279744506,60343810670
4931585,8192,1,1849680,62183892835,62427879518
4939777,8192,1,1496671,58403848500,56588485216
4947969,8192,1,1393070,58633948844,57418178837
4956161,8192,1,1327346,58788810672,56506610734
4964353,8192,1,1272246,58123924020,55641784541
4972545,8192,1,1159603,54810326446,53074198435
4980737,8192,1,1260970,53358611450,54752473606
4988929,8192,1,1176073,52672662572,50762653225
4997121,8192,1,1259241,55165172481,51969512340
5005313,8192,1,1262433,56373025517,51981701200
5013505,8192,1,1356029,59546446599,58012831767
5021697,8192,1,1305842,56689784355,55563789725
5029889,8192,1,1125879,53898877430,48953768393
5038081,8192,1,1161636,54269350642,48964796023
5046273,8192,1,1191117,54055514122,52522128521
5054465,8192,1,1056526,53286687769,49849024335
5062657,8192,1,1038563,52346336284,48231872497
5070849,8192,1,1111255,53626275181,47564157778
5079041,8192,1,1139166,53752148996,50109187427
5087233,8192,1,1010849,50228857996,45107144683
5095425,8192,1,1086570,52677277867,49227092122
5103617,8192,1,981145,52265804278,46913949773
5111809,8192,1,1077049,53626533614,49141186833
5120001,8192,1,1057547,54195882329,48846621125
5128193,8192,1,1208494,58216835003,54481998673
5136385,8192,1,1184261,56746767112,50781397667
5144577,8192,1,999424,52506836442,49327893574
5152769,8192,1,1017445,53578401482,49838773077
5160961,8192,1,1019623,52810336386,50585543394
5169153,8192,1,938849,52166193773,49488131004
5177345,8192,1,1005061,53979644014,52631271435
5185537,8192,1,1006297,54409598707,54786499490
5193729,8192,1,910773,52367016050,50241434500
5201921,8192,1,1019609,54958972298,51534315369
5210113,8192,1,963205,51431731336,51942078175
5218305,8192,1,1080296,53432274393,55120596961
5226497,8192,1,913035,51814775021,52092041530
5234689,8192,1,811533,49710271751,48006081092
5242881,8192,1,914018,50659269828,49115821783
5251073,8192,1,951734,49660522293,48725971350
5259265,8192,1,966328,49937461860,51006369342
5267457,8192,1,876120,48233799143,48042661008
5275649,8192,1,839560,45505587169,45175935309
5283841,8192,1,976074,50468458835,49094848975
5292033,8192,1,924974,47925789741,48371441970
5300225,8192,1,942144,49680604502,47524100535
5308417,8192,1,886412,46355902185,47810033320
5316609,8192,1,828036,44837407164,46310543865
5324801,8192,1,738251,42486626567,42715598097
5332993,8192,1,878562,44377402985,44627510615
5341185,8192,1,759784,39515895518,40395219490
5349377,8192,1,876958,45441991668,46814797484
5357569,8192,1,803479,46113372017,47135194984
5365761,8192,1,729028,45065663138,43505132496
5373953,8192,1,885713,47737923460,48885027614
5382145,8192,1,836995,51351355496,49880682646
5390337,8192,1,965931,52965281717,51451427218
5398529,8192,1,782926,50890084027,46556308600
5406721,8192,1,761190,48956703913,48557413172
5414913,8192,1,827064,48472063015,47825746363
5423105,8192,1,825418,49256575775,54207055552
5431297,8192,1,919267,52230978175,57422145526
5439489,8192,1,974226,55143258533,58142437237
5447681,8192,1,833508,50689771206,53295404642
5455873,8192,1,947860,56707817121,56001209456
5464065,8192,1,1033971,58652807039,59103400049
5472257,8192,1,1115589,59342364238,61366599637
5480449,8192,1,1153123,59083287853,61441716816
5488641,8192,1,1009152,56069946259,59180930339
5496833,8192,1,1156155,57601281303,63520307189
5505025,8192,1,1147957,57531469967,63469672153
5513217,8192,1,1088977,55330482420,58040828520
5521409,8192,1,1128476,54292326455,57871604784
5529601,8192,1,1047151,55026971310,61829225168
5537793,8192,1,1126959,57980108462,63100763624
5545985,8192,1,1076343,59166013084,63830089059
5554177,8192,1,1192396,59545348454,64323086098
5562369,8192,1,1376951,58519081749,69386217484
5570561,8192,1,976721,58050473193,59422774402
5578753,8192,1,1166387,57731284389,60476806334
5586945,8192,1,1161915,58406567436,63909268286
5595137,8192,1,1234914,60771886651,65935398305
5603329,8192,1,1124232,59755746193,62407503516
5611521,8192,1,1095478,60122260578,60394069907
5619713,8192,1,1158885,60368944644,66015944617
5627905,8192,1,1153817,60775416598,63247855874
5636097,8192,1,1226306,60413544072,63148257942
5644289,8192,1,1196097,59963033833,60809959902
5652481,8192,1,1148057,60165793954,63177211751
5660673,8192,1,1177054,60696972227,63152150927
5668865,8192,1,1235498,60047450465,65251394990
5677057,8192,1,1147362,60485425643,66489933277
5685249,8192,1,1108227,59774988632,62693823837
5693441,8192,1,1201882,61008511303,64714723742
5701633,8192,1,1183811,61676882288,69393656055
5709825,8192,1,1214637,61791485704,70368925393
5718017,8192,1,1086473,61499185628,69753575078
5726209,8192,1,1201901,61132528463,66485331438
5734401,8192,1,1114912,61252818451,64342640610
5742593,8192,1,1163973,60135524474,64558685243
5750785,8192,1,1084060,59600947136,63139270999
5758977,8192,1,1078372,59809101820,62037577697
5767169,8192,1,1114845,59325753351,63968976216
5775361,8192,1,1126138,59862973911,61377697168
5783553,8192,1,1136977,59212357830,60990643722
5791745,8192,1,1046515,52187366379,55047209238
5799937,8192,1,1040418,55190787848,57335978368
5808129,8192,1,853023,55324595267,53747739338
5816321,8192,1,1028624,57063660639,58801639740
5824513,8192,1,1117046,59270194084,63552709667
5832705,8192,1,1061157,58960211718,63352010907
5840897,8192,1,1055327,56548008958,60300598938
5849089,8192,1,878652,50539203884,54358346681
5857281,8192,1,1173486,57632243725,66978129093
5865473,8192,1,1081039,57617358569,61633423628
5873665,8192,1,1057229,56743055206,63327374196
5881857,8192,1,951758,58511385611,58336034053
5890049,8192,1,835183,61795713273,48286785336
5898241,8192,1,739929,61727951417,50056028758
5906433,8192,1,680873,61904063474,50976278723
5914625,8192,1,706329,61447371947,52485874333
5922817,8192,1,694577,62089394033,50295338278
5931009,8192,1,846968,57980071725,52157636862
5939201,8192,1,966559,59961762656,58832245292
5947393,8192,1,901788,60279415753,58104688673
5955585,8192,1,802864,60414676596,56274603628
5963777,8192,1,685110,63069117237,52581104408
5971969,8192,1,649712,59686231052,51591159358
5980161,8192,1,1036796,60094784408,63857758337
5988353,8192,1,1003503,59416305051,62925680077
5996545,8192,1,1027604,59615250433,61254301204
6004737,8192,1,892103,60438506569,65671846369
6012929,8192,1,880312,59806694762,61335726212
6021121,8192,1,1109642,60025112508,66225780608
6029313,8192,1,1094954,59640226996,65246893379
6037505,8192,1,1030417,59369607024,62211247940
6045697,8192,1,1057200,55900815277,64357678275
6053889,8192,1,940339,50753517403,56229224871
6062081,8192,1,1047645,56417459765,63104419375
6070273,8192,1,1070344,58612928291,65564365812
6078465,8192,1,1040326,59160341340,61995641864
6086657,8192,1,1032939,59245645508,59083533267
6094849,8192,1,978106,58080730358,58549996372
6103041,8192,1,949935,59434287423,62561505804
6111233,8192,1,814440,62418352419,79236872672
6119425,8192,1,756883,61929340206,82237429160
6127617,8192,1,891700,57927536222,69483880678
6135809,8192,1,894373,54124139868,56995346772
6144001,8192,1,948844,54474431056,61469303609
6152193,8192,1,949060,55935295379,60186841775
6160385,8192,1,940733,57179985070,61564100681
6168577,8192,1,875004,59767193046,67839162476
6176769,8192,1,854844,58633356661,62215133734
6184961,8192,1,869810,57172923878,62673241465
6193153,8192,1,858339,58716480746,63988360231
6201345,8192,1,808091,59068730609,62458077334
6209537,8192,1,816753,58875189706,66049932405
6217729,8192,1,809455,58560010270,63379958826
6225921,8192,1,839253,57560207356,63503178212
6234113,8192,1,845776,59019049499,64573066756
6242305,8192,1,804291,57082938691,66197718661
6250497,8192,1,779310,58293679134,61945779908
6258689,8192,1,935783,58551901338,64022836161
6266881,8192,1,832343,56739213761,63733042890
6275073,8192,1,815239,56879687612,63548733588
6283265,8192,1,869622,56503858451,63049301077
6291457,8192,1,753911,57192973874,63784184254
6299649,8192,1,796408,58492213661,63441259087
6307841,8192,1,775867,57819406693,63208457301
6316033,8192,1,731815,55554664930,60605123581
6324225,8192,1,801177,56055100336,62435616356
6332417,8192,1,702924,55639554786,60753203655
6340609,8192,1,628921,57287631240,60429007478
6348801,8192,1,701014,56796985035,58744240249
6356993,8192,1,679990,56753862938,60747135698
6365185,8192,1,679678,56844041949,54226802351
6373377,8192,1,730260,55694660589,61498639509
6381569,8192,1,631122,56053435110,56770767549
6389761,8192,1,623579,55480206989,57458508628
6397953,8192,1,722344,56431171315,59935014318
6406145,8192,1,629492,57158444543,59822402285
6414337,8192,1,709829,57357572825,59629145661
6422529,8192,1,613086,54942317621,53417514013
6430721,8192,1,606422,52576411946,55151477564
6438913,8192,1,642545,52459434620,56419712550
6447105,8192,1,731996,53145077742,55108269682
6455297,8192,1,724964,54306641564,62447452379
6463489,8192,1,815991,52726025166,59846624306
6471681,8192,1,729625,49182276339,51806187122
6479873,8192,1,669837,46831088707,47357161791
6488065,8192,1,747144,48122908769,52700350552
6496257,8192,1,717326,47958662805,60015006416
6504449,8192,1,718392,50909275438,57724517424
6512641,8192,1,730467,48392560754,53901890816
6520833,8192,1,738059,46131832206,54154464536
6529025,8192,1,724708,46477569891,52521121658
6537217,8192,1,800265,48971240353,56092725147
6545409,8192,1,787384,48497192206,54235321920
6553601,8192,1,698398,47187351487,53892411134
6561793,8192,1,737557,48788349686,53728342207
6569985,8192,1,764170,49888523955,55280212503
6578177,8192,1,680236,49997697795,49166405842
6586369,8192,1,749999,53088340658,51331424983
6594561,8192,1,705784,48019131508,53320338444
6602753,8192,1,656423,46400710382,52389669280
6610945,8192,1,849783,47748915390,56814767996
6619137,8192,1,801148,47807608803,56769036227
6627329,8192,1,765408,46669797740,53914877262
6635521,8192,1,743150,46887794423,54087406092
6643713,8192,1,665607,45877233135,55732124602
6651905,8192,1,758736,47427946240,59086422923
6660097,8192,1,827631,47805700088,57365930640
6668289,8192,1,740827,47033958754,55185982673
6676481,8192,1,701546,45737135850,54127369663
6684673,8192,1,693026,47473036303,56002887910
6692865,8192,1,744005,47361939810,54358896494
6701057,8192,1,728159,45355462532,53562070877
6709249,8192,1,803323,48175195526,55891939019
6717441,8192,1,731903,47282679908,55310515588
6725633,8192,1,669779,47058450238,51012593388
6733825,8192,1,736446,51234504987,55598225105
6742017,8192,1,845497,51556557281,57737783998
6750209,8192,1,783040,49450537411,53615640175
6758401,8192,1,785734,48600607825,51107170190
6766593,8192,1,644335,43880086628,46726202494
6774785,8192,1,718306,45320242271,50348416654
6782977,8192,1,787787,49300862376,55835056414
6791169,8192,1,797132,51216997662,53902610755
6799361,8192,1,778579,54480612692,65903992347
6807553,8192,1,777106,54418924892,62541623816
6815745,8192,1,641142,49816057934,59854057228
6823937,8192,1,767187,52605381030,61627479848
6832129,8192,1,795755,53448736123,64093854912
6840321,8192,1,787802,52776478133,66299844643
6848513,8192,1,788128,50809483628,64757794003
6856705,8192,1,703447,48678621512,61942751911
6864897,8192,1,720780,48100014209,56307842672
6873089,8192,1,753391,48766101024,55748957404
6881281,8192,1,726756,48283626988,56664475513
6889473,8192,1,759040,48229905528,55184897732
6897665,8192,1,733910,48871665264,60082625976
6905857,8192,1,752177,49522415159,58320809527
6914049,8192,1,802193,51410592357,55622486445
6922241,8192,1,859621,51928120590,59322195082
6930433,8192,1,800774,50391395202,57281320587
6938625,8192,1,748654,49387623217,56544885941
6946817,8192,1,796267,50255220086,58438505333
6955009,8192,1,748240,51693407873,54651151370
6963201,8192,1,806363,50150885645,61294653160
6971393,8192,1,728569,48656564463,59673838269
6979585,8192,1,735352,51199560672,61673521468
6987777,8192,1,699021,48682911486,63321973209
6995969,8192,1,634120,45831406577,53678713732
7004161,8192,1,892155,50536556554,61731197973
7012353,8192,1,782030,49273441119,60529541507
7020545,8192,1,741045,46097890688,55824617316
7028737,8192,1,762443,45093991002,57172155325
7036929,8192,1,853754,46603908786,56593898143
7045121,8192,1,810342,46377293130,56282234992
7053313,8192,1,770343,47471980730,57036121594
7061505,8192,1,683334,43555846112,52008959530
7069697,8192,1,838780,46875030520,57937658608
7077889,8192,1,763229,48582059456,54550952117
7086081,8192,1,751041,45191788480,53994356818
7094273,8192,1,795784,48515590361,55422189907
7102465,8192,1,787430,49228707462,53936030025
7110657,8192,1,985470,55948602087,59225992972
7118849,8192,1,879750,52775047845,58994015281
7127041,8192,1,771176,49224643811,56017364343
7135233,8192,1,810937,53308284328,61147249140
7143425,8192,1,915819,55117039138,65224478817
7151617,8192,1,910815,54754117820,61003627135
7159809,8192,1,886198,58713975871,65537628373
7168001,8192,1,726666,49138506055,53743313700
7176193,8192,1,693336,47109751685,53090080042
7184385,8192,1,724525,48036349840,50904228826
7192577,8192,1,708302,48268198216,51519722161
7200769,8192,1,727507,50120021956,53993629741
7208961,8192,1,790346,53098340347,59544742130
7217153,8192,1,906974,56741329110,61193394597
7225345,8192,1,933614,58596654890,63601657464
7233537,8192,1,885596,58671527494,64411239451
7241729,8192,1,1016104,61069572685,68275047124
7249921,8192,1,1020630,61369308543,64981759321
7258113,8192,1,985675,61058114637,69027478072
7266305,8192,1,1024395,60799942581,66343252745
7274497,8192,1,1073993,62911729753,71494487546
7282689,8192,1,959353,60722933235,68388452928
7290881,8192,1,721417,51558952034,60384819321
7299073,8192,1,635467,47439182717,57838738494
7307265,8192,1,768990,52539940390,60158215708
7315457,8192,1,782838,50497801672,59244889300
7323649,8192,1,736531,48680635829,56231419384
7331841,8192,1,693431,48979000213,57765203737
7340033,8192,1,700353,48470463657,58037774440
7348225,8192,1,656165,47754014325,53529176153
7356417,8192,1,706952,49781969594,58266092292
7364609,8192,1,702560,51552295972,56227642911
7372801,8192,1,748488,51189895210,57204080353
7380993,8192,1,672970,50289379405,55253755465
7389185,8192,1,618374,46747527961,54866622334
7397377,8192,1,731407,53849189259,57982737008
7405569,8192,1,823103,54459907520,58034299608
7413761,8192,1,820567,57996395789,64530270462
7421953,8192,1,759259,54880499899,60225941210
7430145,8192,1,709874,50266481813,55927445338
7438337,8192,1,799413,52617562312,60661797151
7446529,8192,1,803464,53862112844,62451176661
7454721,8192,1,776283,53348274726,60564212411
7462913,8192,1,841975,55623955618,61557236429
7471105,8192,1,853955,57452318218,66150960613
7479297,8192,1,795154,56297422443,63641642403
7487489,8192,1,889445,56376229780,67977209731
7495681,8192,1,1021969,60023042579,71609689325
7503873,8192,1,875237,55313971334,65786503692
7512065,8192,1,775071,49429826010,60382933332
7520257,8192,1,725889,47064363363,57681429041
7528449,8192,1,834843,51650564844,63568943093
7536641,8192,1,789507,50757917942,62985496796
7544833,8192,1,867687,54598783786,61367058559
7553025,8192,1,960725,56469515355,63055792811
7561217,8192,1,815707,50313874323,62113516035
7569409,8192,1,666231,46144005917,56197970634
7577601,8192,1,832815,54175134238,57021222707
7585793,8192,1,885526,58087439964,63315309695
7593985,8192,1,861278,55905434119,62835546820
7602177,8192,1,852806,50342783962,62087071824
7610369,8192,1,887841,49888381296,62822146829
7618561,8192,1,860187,54950616424,59934754033
7626753,8192,1,915348,54030183176,63955537899
7634945,8192,1,852309,51681051150,63045071447
7643137,8192,1,912370,53049696773,63189769277
7651329,8192,1,738803,45900258701,53879031774
7659521,8192,1,713836,45748826296,53242437208
7667713,8192,1,848035,50538533259,58401733434
7675905,8192,1,937742,55323766578,66206021857
7684097,8192,1,787627,54383889810,59283517083
7692289,8192,1,833589,53247672067,60445195324
7700481,8192,1,814204,49535470442,58145755038
7708673,8192,1,903137,54358941917,60609482281
7716865,8192,1,801151,62622317283,54203487115
7725057,8192,1,905524,59014777802,66186427219
7733249,8192,1,960512,58327935763,69773375520
7741441,8192,1,936278,56411432504,68370311218
7749633,8192,1,890324,53572479595,69241355588
7757825,8192,1,1027125,58522479696,75458731740
7766017,8192,1,1065365,61612038604,78601286971
7774209,8192,1,1133091,62039236317,76087016711
7782401,8192,1,1013568,61944787561,75043000853
7790593,8192,1,977456,60660792594,72833670143
7798785,8192,1,1062407,59684547724,73865410558
7806977,8192,1,1017774,59902115809,73090012567
7815169,8192,1,1154301,60693446908,74980902529
7823361,8192,1,1129298,60341384806,74759751429
7831553,8192,1,1048171,56590059373,70453039677
7839745,8192,1,1006866,55276418358,69572774986
7847937,8192,1,1266339,61467920318,73795873177
7856129,8192,1,1153575,60984143819,69714028267
7864321,8192,1,1115475,59852831907,73594216150
7872513,8192,1,1148287,60908945609,71803963675
7880705,8192,1,1236171,60021117831,76309405616
7888897,8192,1,1119286,58582250428,70736297678
7897089,8192,1,1116862,59438959515,71721713004
7905281,8192,1,1053564,59511201019,70961106843
7913473,8192,1,1018766,59916578393,71750165415
7921665,8192,1,1163030,58202234652,65361998782
7929857,8192,1,932972,56541598892,68676990651
7938049,8192,1,1335617,61768841096,74647610582
7946241,8192,1,1126115,60333225913,76632604296
7954433,8192,1,930625,59253863905,76087618421
7962625,8192,1,1155991,60318831521,75360433862
7970817,8192,1,1149787,58205892161,72967909485
7979009,8192,1,1168100,58675133580,72821741013
7987201,8192,1,1109590,60201568915,70594186754
7995393,8192,1,1246696,60953748469,69384675278
8003585,8192,1,1072671,58459135873,74395066048
8011777,8192,1,915176,52150084703,70555795580
8019969,8192,1,1048977,54347088319,70403502514
8028161,8192,1,1161083,57901070063,69805579430
8036353,8192,1,1038066,60739991885,70767979834
8044545,8192,1,1058512,61452870344,68732806167
8052737,8192,1,1224568,57520110354,68796033611
8060929,8192,1,883351,49034881564,61391125033
8069121,8192,1,1093556,54937862712,67305420652
8077313,8192,1,1171620,58985335698,73685821831
8085505,8192,1,970944,57604952668,70255052738
8093697,8192,1,1018286,53175452767,66552901090
8101889,8192,1,907967,52281783686,64215289193
8110081,8192,1,872493,50955441103,63614768279
8118273,8192,1,1016880,55439650663,70603201269
8126465,8192,1,893543,53041319100,67887295481
8134657,8192,1,1199821,58355280103,72248402984
8142849,8192,1,872903,50503746198,65164666899
8151041,8192,1,753363,48910092076,64688745912
8159233,8192,1,888841,55200745635,68898321982
8167425,8192,1,1358869,61654254721,66933624413
8175617,8192,1,919344,57647015958,71112329572
8183809,8192,1,948309,52872475578,65140063766
8192001,8192,1,738324,46746541520,59071608756
8200193,8192,1,738422,45469577722,57925792941
8208385,8192,1,812997,50384096789,61829134396
8216577,8192,1,1006640,52371646321,60676757299
8224769,8192,1,1163238,59595554009,69032558508
8232961,8192,1,798761,53019994658,63855786303
8241153,8192,1,697829,51960965721,59714353534
8249345,8192,1,841109,52000342474,64579489707
8257537,8192,1,930193,54459937700,67902012012
8265729,8192,1,975208,58222853369,69495366585
8273921,8192,1,1020904,56306070571,67244883629
8282113,8192,1,938526,53080739771,61328261555
8290305,8192,1,820570,51981464609,65397188450
8298497,8192,1,940581,58623412073,67561326779
8306689,8192,1,877846,57683653048,66809247682
8314881,8192,1,914277,57238738726,68586648315
8323073,8192,1,880678,51566549035,64345171726
8331265,8192,1,763133,51489770819,73330929673
8339457,8192,1,835498,52115559990,62161509538
8347649,8192,1,940995,53853618011,65397591518
8355841,8192,1,935120,59792349550,68345906254
8364033,8192,1,849350,54624898279,64660726751
8372225,8192,1,826549,50554075020,61637575971
8380417,8192,1,893359,53524916702,64474857795
8388609,8192,1,950037,59670381591,73647855304
8396801,8192,1,851952,59067138486,65800168343
8404993,8192,1,971316,58701071184,70839356668
8413185,8192,1,957288,57866515165,71758357304
8421377,8192,1,838965,57549256819,62244124901
8429569,8192,1,893296,61104343635,59855442510
8437761,8192,1,993838,59809150417,68593591419
8445953,8192,1,964813,60789904230,70285354076
8454145,8192,1,839047,59657647316,64626749676
8462337,8192,1,854037,59372454307,62799168633
8470529,8192,1,970235,60191471319,66561791485
8478721,8192,1,988342,61800831528,65938431955
8486913,8192,1,828164,61286830855,60603465588
8495105,8192,1,1002499,62022730823,63710548597
8503297,8192,1,989779,61828220456,62309671680
8511489,8192,1,835312,61844907375,57450351669
8519681,8192,1,889469,61679703719,58084730060
8527873,8192,1,965347,61385667796,60081620669
8536065,8192,1,931052,61592837583,60306381363
8544257,8192,1,754048,61629636775,56027764240
8552449,8192,1,803745,61961780469,59352119097
8560641,8192,1,939276,63530816772,62715546111
8568833,8192,1,851417,65923346777,62700269390
8577025,8192,1,841049,65623489141,62172552875
8585217,8192,1,992152,73222626803,68696033856
8593409,8192,1,817459,77878755186,65233597315
8601601,8192,1,699019,76628772865,65663417957
8609793,8192,1,811933,78058009201,65052902435
8617985,8192,1,949393,77470743277,75357230239
8626177,8192,1,869464,75793509999,71135851843
8634369,8192,1,739889,74187688186,64750186760
8642561,8192,1,818926,77685558439,69313836928
8650753,8192,1,825924,78026267904,71410909356
8658945,8192,1,812147,70393239512,79092389216
8667137,8192,1,785673,61570806794,70873502136
8675329,8192,1,816542,65781442449,68363787202
8683521,8192,1,757973,54004019478,65756121775
8691713,8192,1,683329,52246980326,61136590948
8699905,8192,1,849122,55659160493,65934302444
8708097,8192,1,975466,59263476741,71186230535
8716289,8192,1,913001,59041577975,70343542573
8724481,8192,1,868978,54281558998,64216923908
8732673,8192,1,805391,49494687484,60771321513
8740865,8192,1,812980,52561159401,63568432969
8749057,8192,1,822366,52666178343,63798401655
8757249,8192,1,919564,56098391378,67711096763
8765441,8192,1,968016,57877117485,68527096591
8773633,8192,1,860153,51481505907,61410120462
8781825,8192,1,790868,47257860195,57258924277
8790017,8192,1,942832,53538052783,64311822191
8798209,8192,1,940694,61685676481,71335737880
8806401,8192,1,885927,61658922238,66248315124
8814593,8192,1,1038029,61369004831,73479225233
8822785,8192,1,879793,52146272787,64461648156
8830977,8192,1,878509,55697156073,67390385502
8839169,8192,1,964736,62541552293,82610125106
8847361,8192,1,996914,61590833329,80786677924
8855553,8192,1,885028,55127615561,63027502527
8863745,8192,1,791523,55304861134,65663179566
8871937,8192,1,849887,63786091420,81281530089
8880129,8192,1,902373,61012686158,73149719901
8888321,8192,1,941387,59426643172,71307705848
8896513,8192,1,1133114,63866621409,83936244472
8904705,8192,1,802562,63727133550,84406677304
8912897,8192,1,845445,61409418399,81210206931
8921089,8192,1,1017609,65029754319,83726093362
8929281,8192,1,907925,63564436196,80594998597
8937473,8192,1,967802,66232587516,83829760007
8945665,8192,1,897482,65346650167,83401408012
8953857,8192,1,750217,65003544141,71477245615
8962049,8192,1,1086994,67502783028,82771724831
8970241,8192,1,951713,66237749089,78766399914
8978433,8192,1,981183,69267416517,78415358785
8986625,8192,1,1055590,68273551884,89758525779
8994817,8192,1,780717,56833119505,74613360168
9003009,8192,1,1036805,73004597454,85805749875
9011201,8192,1,1012222,71455636535,82418632992
9019393,8192,1,874242,71548472212,80619998476
9027585,8192,1,971248,66791843410,81871364016
9035777,8192,1,840102,64595196013,78883886881
9043969,8192,1,994170,64934612725,79229926220
9052161,8192,1,888691,65383679263,79253894309
9060353,8192,1,942244,57388886441,71702376439
9068545,8192,1,701653,48078807041,60284839573
9076737,8192,1,754798,61024714378,70113616501
9084929,8192,1,908482,65338335472,76274178294
9093121,8192,1,898709,68826620520,82051854113
9101313,8192,1,947022,69761741984,77852981730
9109505,8192,1,855685,64915604147,75203963875
9117697,8192,1,936510,68593558199,80284767770
9125889,8192,1,1110657,74193543274,88391875639
9134081,8192,1,974020,71692480309,86053211296
9142273,8192,1,971906,69278593897,83666457757
9150465,8192,1,940651,67361910005,79066694083
9158657,8192,1,931319,67770003761,78804327392
9166849,8192,1,1003627,67301994373,77859376762
9175041,8192,1,901224,64936435027,77160811202
9183233,8192,1,768025,58547006772,69854302129
9191425,8192,1,992708,64118389903,77222324279
9199617,8192,1,767537,60728207372,71791958814
9207809,8192,1,741824,53901328760,67164687137
9216001,8192,1,698064,49104444455,59327274796
9224193,8192,1,643992,47707551961,59995755259
9232385,8192,1,827015,55845001987,68149678105
9240577,8192,1,847844,59333225580,71032742274
9248769,8192,1,757262,52846524981,63857071966
9256961,8192,1,716538,54524823239,65784879358
9265153,8192,1,714126,49995214601,59111258415
9273345,8192,1,716731,54250605891,65401397598
9281537,8192,1,763184,56104624149,69652312065
9289729,8192,1,852003,63108379279,75399983476
9297921,8192,1,904053,60658920099,72007674355
9306113,8192,1,828610,56073471319,70196869602
9314305,8192,1,742441,55013686452,68057764492
9322497,8192,1,731295,52787689502,63946591052
9330689,8192,1,708369,52392880422,63949215594
9338881,8192,1,664925,47456678772,60384154255
9347073,8192,1,627062,59045841516,69654831265
9355265,8192,1,542072,51533409470,61500191631
9363457,8192,1,553768,51823161640,61002346593
9371649,8192,1,664552,57497993985,70005732265
9379841,8192,1,665352,58873592863,69311125701
9388033,8192,1,708523,60684737157,72894489339
9396225,8192,1,742494,61352845542,72373070914
9404417,8192,1,682535,52096944972,65276133825
9412609,8192,1,730720,56467680323,72767810646
9420801,8192,1,659919,65708295301,91327171802
9428993,8192,1,805946,68506237462,95063180858
9437185,8192,1,799261,70730540231,96203013458
9445377,8192,1,782815,64727852547,85312906891
9453569,8192,1,806095,57998734790,75501486302
9461761,8192,1,873153,60674145097,74222751589
9469953,8192,1,978600,68453757397,88800439255
9478145,8192,1,932038,68593126285,87932785657
9486337,8192,1,969887,65412428592,82288278064
9494529,8192,1,871662,61072195102,78689319110
9502721,8192,1,880415,67010896351,90107521223
9510913,8192,1,877077,62637487079,80629404576
9519105,8192,1,892491,66341797417,83029035454
9527297,8192,1,886525,63743218469,82405663864
9535489,8192,1,763034,56916289211,73777387326
9543681,8192,1,755739,51749236039,71016249488
9551873,8192,1,873175,63714325503,80906785751
9560065,8192,1,894671,66968083563,89227940614
9568257,8192,1,871975,67196685161,89939071981
9576449,8192,1,833002,63337835446,82405058058
9584641,8192,1,804983,57162122774,74258835226
9592833,8192,1,852642,58816487988,77599977651
9601025,8192,1,804419,61358444080,80488046894
9609217,8192,1,849312,58233450860,77017079065
9617409,8192,1,927929,63536028152,83078666368
9625601,8192,1,813905,59495790605,77643531798
9633793,8192,1,774141,59853748240,83503245110
9641985,8192,1,1008519,71796902215,94256052505
9650177,8192,1,946237,66707485905,83604151199
9658369,8192,1,908074,73540668043,99254210542
9666561,8192,1,1048466,76252778127,99898703136
9674753,8192,1,866412,68574360918,86708295262
9682945,8192,1,932972,70752871888,94386260200
9691137,8192,1,979047,71791734313,92807036670
9699329,8192,1,918888,67817796157,92572064703
9707521,8192,1,1104725,71177466006,101349903737
9715713,8192,1,1104271,71716325188,104028889487
9723905,8192,1,963052,66999392072,88614930207
9732097,8192,1,1005464,65795578186,89253129938
9740289,8192,1,1059837,67994246828,91166822123
9748481,8192,1,979162,67629006993,89066798044
9756673,8192,1,885081,62292836211,83137917029
9764865,8192,1,833802,62457382863,80928691931
9773057,8192,1,837546,61034522068,76003558948
9781249,8192,1,946051,67857791102,85023727959
9789441,8192,1,819208,65866256100,82449520413
9797633,8192,1,924104,68240421801,89308231744
9805825,8192,1,881246,68247029882,85871254538
9814017,8192,1,778987,66071308722,81040526558
9822209,8192,1,911174,69795340731,93198750982
9830401,8192,1,1006706,71978418806,93953382389
9838593,8192,1,1038633,71509025018,95990566307
9846785,8192,1,896865,69792988764,90219389827
9854977,8192,1,847711,67034768302,83734392959
9863169,8192,1,911641,68667883187,88206830797
9871361,8192,1,996682,70107950073,90033429452
9879553,8192,1,973566,69625920413,91899084933
9887745,8192,1,993179,71185747311,94362030697
9895937,8192,1,1003198,70717713319,92557445437
9904129,8192,1,1002534,71808040774,96484925745
9912321,8192,1,973237,71613101484,94595013103
9920513,8192,1,1033485,72846155160,93462530723
9928705,8192,1,1031123,73635393603,95552597306
9936897,8192,1,1080661,74097718137,97402906570
9945089,8192,1,978766,70891484395,93711969792
9953281,8192,1,1042650,72417886178,94892836742
9961473,8192,1,1112412,74009890439,97679101188
9969665,8192,1,1081752,73469731113,98982788799
9977857,8192,1,1115522,75780146275,100793473262
9986049,8192,1,1042699,73335453765,98291566822
9994241,8192,1,1012025,72304159780,98089420918
10002433,8192,1,947807,73177316635,96689460954
10010625,8192,1,993860,74248158794,94933477687
10018817,8192,1,1083307,76321832298,99549753150
10027009,8192,1,1144640,76778212899,101555737777
10035201,8192,1,1106267,76509496209,101870334470
10043393,8192,1,1136468,76529152684,103321794560
10051585,8192,1,1143192,76622953602,99568441954
10059777,8192,1,1071558,76691528658,99103144074
10067969,8192,1,1035874,75016157201,95924867182
10076161,8192,1,1190056,75265046958,95075661912
10084353,8192,1,1052095,76722732640,100878288715
10092545,8192,1,1059358,76839914668,103352271313
10100737,8192,1,1078590,77061038954,99712088539
10108929,8192,1,1104262,76917215732,92435444570
10117121,8192,1,1171376,77120896113,100370170919
10125313,8192,1,1065388,77604654123,105274897929
10133505,8192,1,1080586,77621034018,99467357300
10141697,8192,1,1185945,77375102520,99968076797
10149889,8192,1,1118057,77079879819,98482393972
10158081,8192,1,1140551,77535086646,103985253370
10166273,8192,1,1201889,77314405596,103775815475
10174465,8192,1,1114490,77129632609,104135878285
10182657,8192,1,1131014,76977719808,102960816244
10190849,8192,1,1225990,76646881261,102772151248
10199041,8192,1,1193971,77200838933,100631723052
10207233,8192,1,1174049,77770485494,102924153948
10215425,8192,1,1131601,77893106666,100790889979
10223617,8192,1,1214716,77082495252,99839740598
10231809,8192,1,1239036,76812658037,102703208606
10240001,8192,1,1174334,77539060580,105069547700
10248193,8192,1,1147536,77645370823,107164169686
10256385,8192,1,1130296,76924591639,103568596019
10264577,8192,1,1030018,77324495149,103635527364
10272769,8192,1,1086505,77623073831,104498673037
10280961,8192,1,1133919,77708872357,105014551764
10289153,8192,1,1154060,77788627230,105377576825
10297345,8192,1,1188569,79487887047,111085002842
10305537,8192,1,1162732,92108783782,128449749869
10313729,8192,1,1258422,92807705936,123468833392
10321921,8192,1,1454915,92532120917,122806309490
10330113,8192,1,1363088,93006927167,127313111833
10338305,8192,1,1297387,91799653406,123648263464
10346497,8192,1,1317779,93102367684,125400094647
10354689,8192,1,1316959,92167733414,125925747627
10362881,8192,1,1294409,91868826372,123626297588
10371073,8192,1,1371189,92625323824,124141979661
10379265,8192,1,1370935,91279955444,123220265233
10387457,8192,1,1323638,91353035083,125263529620
10395649,8192,1,1176812,92192015743,126748994821
10403841,8192,1,1130901,92191092473,122568013563
10412033,8192,1,1365356,91517607743,125394599954
10420225,8192,1,1350461,91558164098,122995551867
10428417,8192,1,1325279,93052871840,128720850549
10436609,8192,1,1315451,92424243235,125454549613
10444801,8192,1,1280543,91824104587,127373983337
10452993,8192,1,1386630,92677741195,125853635295
10461185,8192,1,1350573,93443272480,130248163047
10469377,8192,1,1413221,93408214190,122000393095
10477569,8192,1,1409852,91813150323,116885343974
10485761,8192,1,1325146,92491978229,124303830085
10493953,8192,1,1360475,93375068735,127609526356
10502145,8192,1,1477277,93028293528,125081674176
10510337,8192,1,1458912,93395121237,126163624683
10518529,8192,1,1407547,93881286759,131425668109
10526721,8192,1,1441709,95010075686,128567529480
10534913,8192,1,1517598,98525141995,136867101508
10543105,8192,1,1527082,98878550793,135868347552
10551297,8192,1,1529306,98563439926,136164080175
10559489,8192,1,1488034,98120186326,128839869561
10567681,8192,1,1545901,98405600084,131291832423
10575873,8192,1,1481930,98131779771,134138366230
10584065,8192,1,1392202,98224165663,134253611016
10592257,8192,1,1533065,98063078190,131755029242
10600449,8192,1,1520463,98076761196,132972800271
10608641,8192,1,1485632,97643007726,131085877598
10616833,8192,1,1537129,98094168122,130221360136
10625025,8192,1,1531409,97567851758,126846222220
10633217,8192,1,1605029,98527900785,127320904014
10641409,8192,1,1581691,98109215587,126225546311
10649601,8192,1,1533873,98321831677,121277992985
10657793,8192,1,1556816,98751922551,123128907246
10665985,8192,1,1455320,98419002087,129181619640
10674177,8192,1,1399828,98856138099,127205557425
10682369,8192,1,1543182,99064986797,125567031548
10690561,8192,1,1541635,98835373983,125663856293
10698753,8192,1,1495339,99053764120,128837160727
10706945,8192,1,1535453,99205973257,130792138345
10715137,8192,1,1411860,98432768557,130653610108
10723329,8192,1,1465940,98922916151,130196667531
10731521,8192,1,1445079,99057744442,128754658067
10739713,8192,1,1409598,98835109309,129436493739
10747905,8192,1,1434689,98604438114,128100515595
10756097,8192,1,1432351,98393824834,125872114141
10764289,8192,1,1436449,98995119384,123133967032
10772481,8192,1,1494024,98865322370,121114130698
10780673,8192,1,1564213,98943876509,119055152980
10788865,8192,1,1487517,99069578049,120672885071
10797057,8192,1,1431398,98631734597,128207660648
10805249,8192,1,1279797,97861496443,128234900909
10813441,8192,1,1314075,99369544817,130396059693
10821633,8192,1,1326300,98850079622,125018834818
10829825,8192,1,1297628,99169380318,124192737186
10838017,8192,1,1376879,98939998883,123066570296
10846209,8192,1,1346219,99403792278,126053453091
10854401,8192,1,1323252,99251403001,124820533925
10862593,8192,1,1334976,99494857878,127796703256
10870785,8192,1,1341365,99559553820,128283955385
10878977,8192,1,1470136,99262735048,122848394091
10887169,8192,1,1685788,99549571043,124295174908
10895361,8192,1,1395013,99353151545,130700988151
10903553,8192,1,1353200,99129856294,129444880578
10911745,8192,1,1436134,99015606534,128449499183
10919937,8192,1,1372106,99208153089,126996872653
10928129,8192,1,1338149,99199886160,129160315609
10936321,8192,1,1303750,99210160521,128864104639
10944513,8192,1,1283208,99611151083,128224441106
10952705,8192,1,1319801,99531959189,123192140032
10960897,8192,1,1352636,99310002799,125503157788
10969089,8192,1,1375102,99466085443,127162906331
10977281,8192,1,1318730,99628423479,131765904793
10985473,8192,1,1227266,99669860657,127849302472
10993665,8192,1,1251634,99764662138,126896742002
11001857,8192,1,1356592,99619090549,129203457335
11010049,8192,1,1378517,99485553104,129273037472
11018241,8192,1,1275742,98374192970,127226854402
11026433,8192,1,1354490,99298692809,128576682416
11034625,8192,1,1310112,97186693575,128071033388
11042817,8192,1,1334103,99245280398,129486579360
11051009,8192,1,1363729,99758052158,129839222218
11059201,8192,1,1433294,99811214650,130086482847
11067393,8192,1,1554046,99865509853,137145868609
11075585,8192,1,1348576,99492264844,136578658404
11083777,8192,1,1248034,99629928157,132955467290
11091969,8192,1,1401515,99673560434,135588663329
11100161,8192,1,1447762,99741103137,134715455125
11108353,8192,1,1485144,99829077573,136811011178
11116545,8192,1,1398817,99670502872,132495482605
11124737,8192,1,1270161,99750583272,130483721695
11132929,8192,1,1320965,100173706874,131826066174
11141121,8192,1,1325674,99897977809,133667319120
11149313,8192,1,1402938,99852564415,132406450143
11157505,8192,1,1427512,99848646888,130738521016
11165697,8192,1,1399016,99824607865,132342910110
11173889,8192,1,1294020,99650819487,133194321437
11182081,8192,1,1438620,99932057170,136193260125
11190273,8192,1,1438914,100005225132,133423615794
11198465,8192,1,1443942,99739876237,135688742020
11206657,8192,1,1412633,99729278350,136637132335
11214849,8192,1,1380570,99693471850,137164228687
11223041,8192,1,1383145,99903866172,135612399612
11231233,8192,1,1478358,100104962850,136030938151
11239425,8192,1,1347924,99887377082,135647999951
11247617,8192,1,1381274,100222018318,132902122444
11255809,8192,1,1444439,99786699446,134353625501
11264001,8192,1,1316079,99890293002,134714842760
11272193,8192,1,1347710,99946984814,137085202927
11280385,8192,1,1484505,99851935427,138588717841
11288577,8192,1,1396744,99998982049,140816902568
11296769,8192,1,1470900,99784151152,139935403006
11304961,8192,1,1430049,99687376856,143115212608
11313153,8192,1,1453839,99667400561,144119376938
11321345,8192,1,1595756,99733144268,142646386959
11329537,8192,1,1528036,99788326430,142111324464
11337729,8192,1,1445057,99542969394,141358980169
11345921,8192,1,1359299,100074192393,136673442912
11354113,8192,1,1214427,99786388904,136011001559
11362305,8192,1,1448539,99876697498,141632844454
11370497,8192,1,1443442,99905517041,141112323416
11378689,8192,1,1372946,99494705111,136216015563
11386881,8192,1,1460716,99919270857,140725703264
11395073,8192,1,1324871,99802789764,139678555789
11403265,8192,1,1294644,99751712798,137963652187
11411457,8192,1,1427163,99936036914,137277513423
11419649,8192,1,1470939,99901096311,137687690375
11427841,8192,1,1374494,99957562220,137702992826
11436033,8192,1,1412862,100230306566,137104942110
11444225,8192,1,1374249,100053691309,136567583967
11452417,8192,1,1571219,99840223592,138404669970
11460609,8192,1,1495879,100010686253,136957769604
11468801,8192,1,1604419,100116741671,141747181114
11476993,8192,1,1633118,99820704698,139531606949
11485185,8192,1,1504462,99935838936,146725146275
11493377,8192,1,1317697,100499782245,144005946463
11501569,8192,1,1456024,100174119560,138496811378
11509761,8192,1,1513323,100006134277,136841581612
11517953,8192,1,1519607,99951925790,139561127400
11526145,8192,1,1383406,99807024509,137122489063
11534337,8192,1,1422653,100061173912,143003489266
11542529,8192,1,1545477,99930647157,140993451642
11550721,8192,1,1558532,100242503361,141554177197
11558913,8192,1,1504436,99761429052,138610285354
11567105,8192,1,1457170,99838244510,141253569179
11575297,8192,1,1421856,100360462892,141778683611
11583489,8192,1,1555722,100143247311,143676415491
11591681,8192,1,1574678,99900660852,141439568550
11599873,8192,1,1594565,100048647754,142897796313
11608065,8192,1,1659040,100329595801,145766850017
11616257,8192,1,1617443,100220177970,141176319897
11624449,8192,1,1532623,100080599389,142679906752
11632641,8192,1,1542361,100037161583,143406162732
11640833,8192,1,1571861,100308996380,140518087972
11649025,8192,1,1395721,100378559333,142681094932
11657217,8192,1,1490221,100226114683,142724224441
11665409,8192,1,1513739,99985733401,141159627984
11673601,8192,1,1486715,99964988407,140909931217
11681793,8192,1,1497379,99497295251,141633065584
11689985,8192,1,1555675,99583756838,140505941446
11698177,8192,1,1526425,99975239456,138342013269
11706369,8192,1,1506885,100205850486,158510337060
11714561,8192,1,1417140,100076759648,163480267063
11722753,8192,1,1419327,100185239943,152653654018
11730945,8192,1,1535326,99752558396,142074152623
11739137,8192,1,1475350,100121062315,140528316537
11747329,8192,1,1462315,100110564487,141972939778
11755521,8192,1,1607984,100218708518,143524913332
11763713,8192,1,1561092,100091344980,139263284655
11771905,8192,1,1634365,99974635368,137716521876
11780097,8192,1,1611463,100152909187,142660385392
11788289,8192,1,1659488,100051303446,138977964615
11796481,8192,1,1665774,99976385541,138047571034
11804673,8192,1,1595345,99986758305,136863727811
11812865,8192,1,1524046,99728316562,138098570238
11821057,8192,1,1641213,100165414493,139560315601
11829249,8192,1,1680031,99908869524,138821665450
11837441,8192,1,1612325,99880712091,140541285056
11845633,8192,1,1614251,99971067648,143074271909
11853825,8192,1,1556277,99978320446,141678742791
11862017,8192,1,1512954,100017672279,141915908070
11870209,8192,1,1549037,99886206895,140166497913
11878401,8192,1,1571428,100164009970,142760801282
11886593,8192,1,1668305,100312517315,141290309053
11894785,8192,1,1682065,100025730811,143630218248
11902977,8192,1,1570310,100112225843,145536075985
11911169,8192,1,1644933,100154217941,144519783430
11919361,8192,1,1656821,100207884794,143114613717
11927553,8192,1,1582493,100126425907,141054631225
11935745,8192,1,1521475,100167079312,142664942147
11943937,8192,1,1521683,100388045346,147818696949
11952129,8192,1,1489299,99966830319,151034380333
11960321,8192,1,1544635,100287189976,147906816187
11968513,8192,1,1561452,100362822758,148307321646
11976705,8192,1,1547967,99807104865,148588451633
11984897,8192,1,1485163,100423627141,143589978672
11993089,8192,1,1491502,100554250927,142666799452
12001281,8192,1,1511597,100501602390,142955690906
12009473,8192,1,1613129,100389557491,147895660562
12017665,8192,1,1618139,100182492628,145609565216
12025857,8192,1,1670231,100793818551,140953720936
12034049,8192,1,1618179,100973456970,144114010169
12042241,8192,1,1636290,100626663293,143901253326
12050433,8192,1,1664045,100791135270,140375168725
12058625,8192,1,1614383,100610086286,138923999213
12066817,8192,1,1626536,100553630407,140530547412
12075009,8192,1,1627135,100664025896,145682124112
12083201,8192,1,1538091,100839562356,145509849548
12091393,8192,1,1630555,100752831001,139380055562
12099585,8192,1,1633198,100611408516,145773822337
12107777,8192,1,1693381,100714695598,143153684015
12115969,8192,1,1640460,100682351254,144519571745
12124161,8192,1,1538108,100693050780,146043028454
12132353,8192,1,1528903,100580839188,144793697750
12140545,8192,1,1638145,100567752635,145743014543
12148737,8192,1,1686577,100662518085,144808643479
12156929,8192,1,1700547,100764775287,147557784696
12165121,8192,1,1713298,100590983304,151327129283
12173313,8192,1,1558439,100652606920,147865265702
12181505,8192,1,1598931,100706966213,149394379812
12189697,8192,1,1658474,100768276142,149039682074
12197889,8192,1,1637377,100917775639,147581609460
12206081,8192,1,1654920,100978253443,147989001894
12214273,8192,1,1653938,101056372273,151054576985
12222465,8192,1,1558132,101083378473,152760046980
12230657,8192,1,1706312,101058340035,151577754518
12238849,8192,1,1767076,101153617321,152387268542
12247041,8192,1,1547107,101156385394,154670279151
12255233,8192,1,1807586,101213455045,152746047770
12263425,8192,1,1827918,101340557214,150920061576
12271617,8192,1,1812421,101225928616,153316470116
12279809,8192,1,1929005,102065174460,148695306588
12288001,8192,1,1974887,113736085303,168729300704
12296193,8192,1,2023402,120815230694,184544216991
12304385,8192,1,1812523,120875986075,182712334603
12312577,8192,1,1728126,121038645094,193102249625
12320769,8192,1,1828550,120484717452,191412711603
12328961,8192,1,1856686,120211855092,191864296993
12337153,8192,1,1960808,120130384288,183401852150
12345345,8192,1,1834647,120407730128,187605235184
12353537,8192,1,1789128,120394301428,195107707342
12361729,8192,1,1845221,120562860077,192159398023
12369921,8192,1,1928680,120791685995,191467187739
12378113,8192,1,1897871,120919218796,191167703780
12386305,8192,1,1956011,121273660873,190904846664
12394497,8192,1,2024916,121410961017,185019789111
12402689,8192,1,2206937,120878046089,185937270995
12410881,8192,1,2161590,121219190569,175475773208
12419073,8192,1,2154173,120712639060,169848230340
12427265,8192,1,2025421,121107996489,186179062054
12435457,8192,1,1919756,121298892011,186182840645
12443649,8192,1,1849268,121098408850,187946831740
12451841,8192,1,1841994,121305918840,191487782150
12460033,8192,1,1812728,121289513405,186554171748
12468225,8192,1,1836821,121131924561,202125476394
12476417,8192,1,1847130,121013257890,194982355920
12484609,8192,1,1726342,121110215473,195952777830
12492801,8192,1,1565797,121227551605,195899775919
12500993,8192,1,1661227,120989838462,192453048244
12509185,8192,1,1657744,121397791130,190922607631
12517377,8192,1,1686415,120881512313,187834458260
12525569,8192,1,1635921,121020595616,183828379455
12533761,8192,1,1638295,120828007952,188832752614
12541953,8192,1,1630729,121115033416,191617722840
12550145,8192,1,1669238,121350515963,190242795628
12558337,8192,1,1606500,120840646922,182702926589
12566529,8192,1,1705647,120843737763,192396577326
12574721,8192,1,1593840,120738844726,189289124223
12582913,8192,1,1428541,118845017866,187300148251
12591105,8192,1,1527605,119581549488,192677363048
12599297,8192,1,1538160,121177086792,192084314399
12607489,8192,1,1544054,120921611838,191664774484
12615681,8192,1,1489350,121042433482,190522631552
12623873,8192,1,1435704,119449851412,190655704445
12632065,8192,1,1452687,118027659375,191549037793
12640257,8192,1,1546021,120587022943,191979781963
12648449,8192,1,1522355,120371457890,191773079035
12656641,8192,1,1515099,120323786912,190233124357
12664833,8192,1,1463056,119801520354,185731750523
12673025,8192,1,1336569,117778012653,184087662563
12681217,8192,1,1523979,120492919264,196063955085
12689409,8192,1,1641347,120800581446,200525804138
12697601,8192,1,1517616,120209411085,196060421928
12705793,8192,1,1572885,120784865947,193247014482
12713985,8192,1,1443041,119223702600,190513062866
12722177,8192,1,1560503,118711360145,192115846286
12730369,8192,1,1710200,120752573783,201458721821
12738561,8192,1,1525513,120574020911,191810833846
12746753,8192,1,1545180,120340259097,192275511036
12754945,8192,1,1491209,119617730910,188237687004
12763137,8192,1,1419517,119567393503,191777432948
12771329,8192,1,1443602,118754868552,192844078158
12779521,8192,1,1749998,120716159388,179979962384
12787713,8192,1,1637823,120792717738,184692554105
12795905,8192,1,1547938,120670804712,184922003952
12804097,8192,1,1433400,119784397229,187764639689
12812289,8192,1,1468640,119538963045,186218431186
12820481,8192,1,1536022,121005829418,186033905624
12828673,8192,1,1544028,120698206806,190003740738
12836865,8192,1,1619752,120820573618,191820914811
12845057,8192,1,1531456,120973407095,187210031464
12853249,8192,1,1483024,120987635474,184517406129
12861441,8192,1,1519507,120664198995,192833768366
12869633,8192,1,1543637,120610778641,198502570615
12877825,8192,1,1551096,121002511251,199775161240
12886017,8192,1,1516209,121052750886,200127866281
12894209,8192,1,1517293,120791191879,205129983778
12902401,8192,1,1553524,121085055387,202586461751
12910593,8192,1,1693757,121300295216,201860627382
12918785,8192,1,1672044,121340799798,195922507679
12926977,8192,1,1655404,120941956310,198291377581
12935169,8192,1,1569906,120926210670,197467708586
12943361,8192,1,1540925,121105298293,204890185250
12951553,8192,1,1641688,121015559738,198618174606
12959745,8192,1,1563783,120859188337,199541900117
12967937,8192,1,1512297,121685096229,194520878147
12976129,8192,1,1516976,126805399318,195028386493
12984321,8192,1,1530715,126881112753,196669215443
12992513,8192,1,1500023,126849103803,196723198499
13000705,8192,1,1525062,126762365924,188665347723
13008897,8192,1,1570898,126628575442,191418241959
13017089,8192,1,1515070,126715629496,193868319603
13025281,8192,1,1491295,126737597201,187130778033
13033473,8192,1,1399447,126800876454,188609344350
13041665,8192,1,1612103,126573305644,193992864880
13049857,8192,1,1564889,126570069748,194539156631
13058049,8192,1,1549927,126511290892,195421653317
13066241,8192,1,1574840,126648398482,198818611509
13074433,8192,1,1517669,127023106100,200406941249
13082625,8192,1,1555248,127201822791,202268254671
13090817,8192,1,1556053,126522950159,193742805765
13099009,8192,1,1504861,126490789213,194914744821
13107201,8192,1,1482066,126504578382,193358428532
13115393,8192,1,1426374,126482546404,184078836617
13123585,8192,1,1422652,126575548760,186781988479
13131777,8192,1,1500669,126501919615,191045936453
13139969,8192,1,1580952,126501645806,188801979100
13148161,8192,1,1572191,126580580822,179392195211
13156353,8192,1,1502663,126435071350,169032097545
13164545,8192,1,1495807,126867900914,172044197955
13172737,8192,1,1485620,126758082578,179276916552
13180929,8192,1,1624283,126445008957,182892788696
13189121,8192,1,1487793,126454067159,175218120112
13197313,8192,1,1590087,126448018907,184706260225
13205505,8192,1,1603957,126508967574,194801870488
13213697,8192,1,1515619,126648476624,194111776837
13221889,8192,1,1594506,126480910175,193054435776
13230081,8192,1,1571457,126542193961,195207218203
13238273,8192,1,1535402,126591571689,192132472983
13246465,8192,1,1493317,126453218947,185643843599
13254657,8192,1,1432522,126495905368,197149335277
13262849,8192,1,1488041,126602949682,198371788559
13271041,8192,1,1487836,126367437642,188062994786
13279233,8192,1,1482494,126265843066,195930673566
13287425,8192,1,1540706,126290664704,192865478758
13295617,8192,1,1431213,126416230124,194635460153
13303809,8192,1,1381642,126377743039,191607241642
13312001,8192,1,1425200,126414184386,189121519510
13320193,8192,1,1446442,126433497478,191745691739
13328385,8192,1,1451568,126525699709,192339475440
13336577,8192,1,1488450,126443773151,187252660979
13344769,8192,1,1448829,126470974452,201489369463
13352961,8192,1,1435386,126473514687,200320252654
13361153,8192,1,1537204,126540746888,191227984420
13369345,8192,1,1706359,126382828597,193580041274
13377537,8192,1,1739316,126452726028,191693805919
13385729,8192,1,1559597,126463514796,192005971820
13393921,8192,1,1464328,126468436719,198721788266
13402113,8192,1,1527548,126619040869,189975265891
13410305,8192,1,1540567,126512649425,194402260684
13418497,8192,1,1579041,126657363768,191856117647
13426689,8192,1,1652004,126401984278,186362803762
13434881,8192,1,1484258,126375922545,194937321931
13443073,8192,1,1553385,126524177526,200658654438
13451265,8192,1,1545506,126393109813,193443369040
13459457,8192,1,1617660,126509408506,198947292305
13467649,8192,1,1617160,126539220161,197774943876
13475841,8192,1,1597888,126604477600,198019290496
13484033,8192,1,1607554,126579892965,197335870533
13492225,8192,1,1693151,126510267086,197054891674
13500417,8192,1,1730955,126614551074,188946167579
13508609,8192,1,1907030,126451741784,187017974105
13516801,8192,1,1860726,126544257334,193006330784
13524993,8192,1,1743498,126502399379,192907585628
13533185,8192,1,1699555,126537553304,194270425650
13541377,8192,1,1797680,126444001381,193220894785
13549569,8192,1,1806412,126438385106,200617452395
13557761,8192,1,1726244,126479692212,195849888986
13565953,8192,1,1638285,126346564082,197098892251
13574145,8192,1,1634714,126449381758,204654951484
13582337,8192,1,1718939,126525685269,192068471904
13590529,8192,1,1768713,126417251634,193126908469
13598721,8192,1,1731576,126409827801,189754343040
13606913,8192,1,1714696,126194994571,189519210667
13615105,8192,1,1662689,126332832338,202606775231
13623297,8192,1,1659344,126354562546,191212513513
13631489,8192,1,1688326,126167088507,197243835810
13639681,8192,1,1740343,126358272138,201906622364
13647873,8192,1,1656537,126321177990,196211612492
13656065,8192,1,1504782,126229054599,199864188862
13664257,8192,1,1627117,126324235982,199598472026
13672449,8192,1,1617372,126397597617,193853723925
13680641,8192,1,1717682,126185351143,199953869278
13688833,8192,1,1681875,126418968592,199726222779
13697025,8192,1,1659942,126214234182,199975522927
13705217,8192,1,1493091,126442876345,195859416898
13713409,8192,1,1639977,126344852300,198383940034
13721601,8192,1,1637728,126406992783,193402739075
13729793,8192,1,1662768,126254851194,199969092694
13737985,8192,1,1572229,126483226636,201612347292
13746177,8192,1,1626524,126076081216,206146966557
13754369,8192,1,1809146,126386695047,211484335528
13762561,8192,1,1603948,126355692540,201929210562
13770753,8192,1,1713010,126362941154,210009692220
13778945,8192,1,1595162,126358123369,207305937570
13787137,8192,1,1503295,126594660549,199072026877
13795329,8192,1,1492449,126654128960,202955588612
13803521,8192,1,1550781,126482616958,205515236822
13811713,8192,1,1601370,126555088393,201701776771
13819905,8192,1,1499991,126600144015,202695982055
13828097,8192,1,1579600,126426324518,200354613013
13836289,8192,1,1451918,126589449884,208630106638
13844481,8192,1,1485911,126671407417,199776982013
13852673,8192,1,1510421,126431496750,196631329357
13860865,8192,1,1590569,126516589514,200179301958
13869057,8192,1,1615665,126504700303,207035272516
13877249,8192,1,1657339,126494229879,202384406851
13885441,8192,1,1530995,126632403991,211807893718
13893633,8192,1,1593121,126305831185,206232249867
13901825,8192,1,1594780,126628482611,193544169386
13910017,8192,1,1574979,126512975265,202635552591
13918209,8192,1,1528537,126494511250,216170915697
13926401,8192,1,1485566,126581521439,208244636446
13934593,8192,1,1516224,126693079215,210049316090
13942785,8192,1,1526924,126579720747,201150757113
13950977,8192,1,1595071,126529604427,216165178755
13959169,8192,1,1523136,126501530450,215930316836
13967361,8192,1,1498767,126596003961,210011247407
13975553,8192,1,1406922,126595942080,200987475745
13983745,8192,1,1599497,126504388876,197169233470
13991937,8192,1,1623488,126638294462,203335238432
14000129,8192,1,1622392,126578067124,200406793656
14008321,8192,1,1539581,126538188694,195682092144
14016513,8192,1,1479134,126565197225,216515628212
14024705,8192,1,1502447,126588974527,209098194504
14032897,8192,1,1478763,126487822388,207561317821
14041089,8192,1,1533746,126627724761,208094211647
14049281,8192,1,1519738,126594957346,207076586101
14057473,8192,1,1519493,126528476406,209893112488
14065665,8192,1,1378968,126547954984,200804185565
14073857,8192,1,1474826,126438035641,209918564740
14082049,8192,1,1461458,126597812191,210812058588
14090241,8192,1,1463314,126464976827,202085032350
14098433,8192,1,1441040,126385694310,203243889696
14106625,8192,1,1436453,126491228880,209338572029
14114817,8192,1,1496948,126733919140,209457659518
14123009,8192,1,1496987,126542528909,205185558386
14131201,8192,1,1452980,126436119407,208015140985
14139393,8192,1,1423186,126572325359,209322505163
14147585,8192,1,1569308,126563222552,214488618757
14155777,8192,1,1464535,126571618605,212295162268
14163969,8192,1,1479519,126524555259,209809550724
14172161,8192,1,1499313,126468901517,213041278093
14180353,8192,1,1565348,126623168177,207773318420
14188545,8192,1,1470830,126464552679,213337987672
14196737,8192,1,1400549,126494842685,213885859447
14204929,8192,1,1453105,126753079308,218491155268
14213121,8192,1,1460111,126568950512,210406200385
14221313,8192,1,1520459,126652167619,209107553941
14229505,8192,1,1499272,126638616386,216338949558
14237697,8192,1,1548944,126740822535,211388848558
14245889,8192,1,1633816,126506755658,226940645856
14254081,8192,1,1445619,126723848661,208983947361
14262273,8192,1,1431866,126541088768,207012638919
14270465,8192,1,1484052,126508469815,209933184849
14278657,8192,1,1449156,126566654615,211253224271
14286849,8192,1,1474927,126698119621,216984366695
14295041,8192,1,1393083,126635507728,213880000927
14303233,8192,1,1469593,126594053976,208875505280
14311425,8192,1,1512033,126538804256,211697269809
14319617,8192,1,1481371,126576921156,214696770977
14327809,8192,1,1430169,126566265060,214417752527
14336001,8192,1,1419150,126722723223,212430418340
14344193,8192,1,1480284,126435774983,217880061562
14352385,8192,1,1528548,126476867898,227144572539
14360577,8192,1,1546887,126808255314,228039550292
14368769,8192,1,1435509,126571790084,220560221072
14376961,8192,1,1386650,126499954858,219553972328
14385153,8192,1,1382223,126651656770,219026504050
14393345,8192,1,1488051,126664579673,217308150632
14401537,8192,1,1553934,126545677652,220852487856
14409729,8192,1,1634007,126563665151,215211665749
14417921,8192,1,1442200,126580746495,219538972201
14426113,8192,1,1413632,126478067233,225799132245
14434305,8192,1,1548109,126551840239,222795581041
14442497,8192,1,1470527,126615549801,222201984723
14450689,8192,1,1478434,126677467809,215193926267
14458881,8192,1,1458738,126597790863,216578642799
14467073,8192,1,1426514,126403031347,220584291349
14475265,8192,1,1482168,126709937913,223379006136
14483457,8192,1,1557468,126539321538,217107295562
14491649,8192,1,1470187,126437944162,215965480407
14499841,8192,1,1477967,126523369672,213238821220
14508033,8192,1,1465952,126535822834,238365854104
14516225,8192,1,1348724,126493420690,222156921977
14524417,8192,1,1408175,126557593458,218697038220
14532609,8192,1,1417407,126601214291,215110093381
14540801,8192,1,1453750,126608916838,214215913915
14548993,8192,1,1403369,126516523197,211113232632
14557185,8192,1,1395108,126600906242,223303963051
14565377,8192,1,1422523,126760302959,218025349534
14573569,8192,1,1419444,126405917316,208988667117
14581761,8192,1,1376103,126440498278,208439204997
14589953,8192,1,1432106,126608941369,214551796629
14598145,8192,1,1389518,126692065880,211061253263
14606337,8192,1,1325891,126592054869,224286028173
14614529,8192,1,1430620,126570249130,218739384316
14622721,8192,1,1640576,126530216669,221061123304
14630913,8192,1,1458194,126511255699,201919908710
14639105,8192,1,1452283,126394466641,213960965880
14647297,8192,1,1349319,126566104062,224746181437
14655489,8192,1,1452911,126604604446,216617554019
14663681,8192,1,1448499,126332373287,213588978893
14671873,8192,1,1483751,126448598311,217006180751
14680065,8192,1,1524626,126486693032,216670155540
14688257,8192,1,1527468,126545672360,215475966021
14696449,8192,1,1472173,126525431009,195428828396
14704641,8192,1,1419681,126533194875,209701202227
14712833,8192,1,1437270,126467171242,217413957273
14721025,8192,1,1512036,126367840991,217841730973
14729217,8192,1,1439500,126305664805,221687122142
14737409,8192,1,1387353,126409670149,220202237740
14745601,8192,1,1499311,126425130097,225341343581
14753793,8192,1,1558145,126172894422,223181750764
14761985,8192,1,1718804,126212903238,222429047241
14770177,8192,1,1717370,126029090030,224164421583
14778369,8192,1,1473904,126362945352,228709883983
14786561,8192,1,1449449,126492807622,237229456660
14794753,8192,1,1477860,126429514269,217704765250
14802945,8192,1,1512924,126383475179,220285340667
14811137,8192,1,1483765,126427560226,219602437458
14819329,8192,1,1469039,126465883445,211521159984
14827521,8192,1,1400910,126617871845,212084844932
14835713,8192,1,1464190,126577008600,213697966903
14843905,8192,1,1463597,126488966318,205593462980
14852097,8192,1,1435958,126350436560,204658862791
14860289,8192,1,1428608,126334006669,207702059958
14868481,8192,1,1442830,126593504235,210961000836
14876673,8192,1,1444089,126454820297,198975380329
14884865,8192,1,1489984,126427635219,196619961934
14893057,8192,1,1459687,126567897831,196076907322
14901249,8192,1,1429581,126389935326,190470948073
14909441,8192,1,1388421,126535790245,194073975680
14917633,8192,1,1472067,126496416288,192608957066
14925825,8192,1,1441937,126455027935,198227079828
14934017,8192,1,1444164,126497768001,187925404450
14942209,8192,1,1483479,126356513150,192280420169
14950401,8192,1,1440249,126385110650,213362783511
14958593,8192,1,1526412,126307268112,218182038734
14966785,8192,1,1552881,126293740397,218266675349
14974977,8192,1,1547396,126094740945,211573026660
14983169,8192,1,1536599,126211707939,206882531699
14991361,8192,1,1489033,126224000392,219823507445
14999553,8192,1,1453488,126264788639,212307738783
15007745,8192,1,1511797,126501254834,207655352979
15015937,8192,1,1503036,126279848457,206949445376
15024129,8192,1,1519956,126405073088,209457694144
15032321,8192,1,1423112,126368472028,194084433125
15040513,8192,1,1514298,126447574509,204839758573
15048705,8192,1,1540708,126248790503,200400117319
15056897,8192,1,1512494,126305588741,210109657987
15065089,8192,1,1499260,126337822141,204134089920
15073281,8192,1,1452264,126555139864,205161862731
15081473,8192,1,1479484,126496906125,202719508821
15089665,8192,1,1488701,126582720631,202175676692
15097857,8192,1,1503925,126385361299,199335738156
15106049,8192,1,1479703,126275675270,198824705109
15114241,8192,1,1487831,126443159552,202216412059
15122433,8192,1,1451943,126750094045,195644502601
15130625,8192,1,1432546,126356114172,196920356616
15138817,8192,1,1498517,126157841850,199719872532
15147009,8192,1,1502133,126486746806,201210636806
15155201,8192,1,1580935,126483403980,209141000258
15163393,8192,1,1575190,126219434040,209044308152
15171585,8192,1,1536284,126327883878,207685401884
15179777,8192,1,1488705,126401251390,205579847643
15187969,8192,1,1535856,126380404561,207087471414
15196161,8192,1,1502255,126340565283,210659712072
15204353,8192,1,1457865,126470528973,209014973100
15212545,8192,1,1475951,126706209220,215035113285
15220737,8192,1,2099730,126390140428,234061845434
15228929,8192,1,1507534,126385341833,214118117593
15237121,8192,1,1532314,126415790802,215050909689
15245313,8192,1,1492981,126326458992,213302476237
15253505,8192,1,1473283,126472813488,217219390840
15261697,8192,1,1660048,126534594704,221021981929
15269889,8192,1,1600297,126589300886,222620401870
15278081,8192,1,1808125,126391955349,228405899113
15286273,8192,1,1509403,126411630842,215234516639
15294465,8192,1,1492102,126503841855,217213880500
15302657,8192,1,1481006,126879977162,211082134825
15310849,8192,1,1455573,126338823947,203738164636
15319041,8192,1,1468523,126384171157,205770124994
15327233,8192,1,1455118,126452603869,204043500534
15335425,8192,1,1428014,126484960125,208994659917
15343617,8192,1,1414560,126583909748,210654281339
15351809,8192,1,1433222,126370246098,201816523685
15360001,8192,1,1438656,126724972455,211445415472
15368193,8192,1,1422503,126526502925,204980818735
15376385,8192,1,1417976,126364437949,208884725443
15384577,8192,1,1424419,126656766137,213129172703
15392769,8192,1,1381472,126593536534,203502576880
15400961,8192,1,1366854,126560232721,204414539136
15409153,8192,1,1391499,126696531231,209033953064
15417345,8192,1,1408332,126595281337,203512964875
15425537,8192,1,1382698,126492112406,207207776521
15433729,8192,1,1361048,126653338550,202516292062
15441921,8192,1,1392230,126508621863,202860399900
15450113,8192,1,1350466,126393470273,198495746362
15458305,8192,1,1425866,126500624148,202405490569
15466497,8192,1,1388874,126680471683,201486766813
15474689,8192,1,1432354,126763626150,207554746520
15482881,8192,1,1439442,126625747723,206403520906
15491073,8192,1,1418575,126514564670,207723236689
15499265,8192,1,1399446,126591544745,198568883931
15507457,8192,1,1421860,126366550708,206103006531
15515649,8192,1,1386719,126711988256,211977605336
15523841,8192,1,1434635,126473241960,202284021939
15532033,8192,1,1480058,126415568321,209126215598
15540225,8192,4702882,1539317,126223755357,208802987127
15548417,8192,4711204,1549433,125266962992,211624550313
15556609,8192,4719481,1506999,125314419131,215674127547
15564801,8192,4727753,1326511,125385512822,211289993732
15572993,8192,4736026,1301225,125359407921,207534621794
15581185,8192,4744366,1298022,125291818536,203364966424
15589377,8192,4752640,1292103,125493083866,208462749306
15597569,8192,4760873,1269576,125171890894,205623467262
15605761,8192,4769097,1281934,125158789139,210376635151
15613953,8192,4777324,1266483,125184058805,204468272895
15622145,8192,4785575,1310843,125352153039,207002699853
15630337,8192,4793834,1350424,125402191477,206180279819
15638529,8192,4802063,1271916,125290664131,204872682422
15646721,8192,4810311,1382229,125417435852,199697719968
15654913,8192,4818560,1341844,125241377890,204499851823
15663105,8192,4826793,1338871,125235624379,212104369283
15671297,8192,4835033,1473498,125267623539,191539536481
15679489,8192,4843307,1341943,125238576083,204885634404
15687681,8192,4851548,1358945,125339300495,209786551292
15695873,8192,4859783,1366233,125332552702,202432084590
15704065,8192,4868035,1366939,125309608945,203804132571
15712257,8192,4876269,1258668,125580844155,166544204018
15720449,8192,4884504,1269011,125586649741,178371647709
15728641,8192,4892734,1290568,125336795671,198247329838
15736833,8192,4900965,1218505,125671533571,193845293800
15745025,8192,4909209,1270641,125186719880,205700586585
15753217,8192,4917440,1222591,125621248902,199021779681
15761409,8192,4925676,1136071,125642950151,197314723151
15769601,8192,4933927,1207034,125446738312,203624304918
15777793,8192,4942152,1230057,125167110607,194213062549
15785985,8192,4950396,1236387,125097758007,197122577422
15794177,8192,4958625,1304488,125171471581,202400943673
15802369,8192,4966858,1224835,125188882612,198250439711
15810561,8192,4975086,1104271,125176226874,201762742864
15818753,8192,4983340,1191983,125462451283,202637210092
15826945,8192,4991606,1208452,124895221202,201386659329
15835137,8192,4999843,1258925,124696117492,205153115066
15843329,8192,5008082,1266737,124905141764,207733034332
15851521,8192,5016328,1181380,124808204719,201404814059
15859713,8192,5024572,1181075,124913583891,208387926130
15867905,8192,5032801,1198642,124853581395,205872938374
15876097,8192,5041067,1256946,124485974258,201802097330
15884289,8192,5049305,1185695,124420511601,207841220063
15892481,8192,5057550,1237468,124320433939,201276404983
15900673,8192,5065779,1160265,124212174085,208076373093
15908865,8192,5074016,1058092,124650352681,207198493978
15917057,8192,5082245,1154274,124317182853,206620547504
15925249,8192,5090476,1267752,124214048769,208612709212
15933441,8192,5098721,1375306,124264129443,220708776162
15941633,8192,5106967,1389702,123940720851,220467806487
15949825,8192,5115210,1290366,124034382029,214780115600
15958017,8192,5123438,1173643,124359427972,221347911708
15966209,8192,5131663,1310249,124224713160,227545807192
15974401,8192,5139899,1340522,124099640351,229105559017
15982593,8192,5148147,1235970,124322924690,219316867844
15990785,8192,5156389,1283371,124198929531,216609271438
15998977,8192,5164630,1225813,124186386101,213327469633
16007169,8192,5172864,1052847,124623074343,208221336837
16015361,8192,5181097,1052959,124493600992,221099806937
16023553,8192,5189331,1090688,124243013279,220786369282
16031745,8192,5197584,1104026,124381451256,214977098910
16039937,8192,5205840,1123041,124395808586,214940494467
16048129,8192,5214078,1134623,124830620768,217864403362
16056321,8192,5222314,1125502,124617193118,223780337830
16064513,8192,5230552,1010762,124683765373,224006248131
16072705,8192,5238780,1246034,124333477118,221610263680
16080897,8192,5247021,1178575,124260753374,225693538982
16089089,8192,5255267,1123580,124306431578,223063596267
16097281,8192,5263499,1140851,124439942230,220203630868
16105473,8192,5271733,1161857,124361331384,217700556955
16113665,8192,5279979,1109178,124669356777,224127795336
16121857,8192,5288231,1162628,124391196480,221297807866
16130049,8192,5296473,1180458,124399949367,218027725405
16138241,8192,5304780,1078802,124660642804,214444216703
16146433,8192,5313022,1399504,124480225073,229784935499
16154625,8192,5321262,1831486,124194901488,262315201011
16162817,8192,5329495,1289430,124612317459,245338411476
16171009,8192,5337741,1315758,124340884409,228963494390
16179201,8192,5345985,1305539,124066232016,231987507623
16187393,8192,5354220,1237219,124237008425,227190935243
16195585,8192,5362459,1242340,124164031098,224204383367
16203777,8192,5370696,1298513,123955699854,227079952351
16211969,8192,5378936,1110066,124443582796,234040886184
16220161,8192,5387165,1089412,124386084913,220973199480
16228353,8192,5395399,1161951,123977256702,218538858630
16236545,8192,5403630,1168807,124125228021,224610419658
16244737,8192,5411850,1131902,124288779632,226977366037
16252929,8192,5420067,1149718,124332292810,236809314263
16261121,8192,5428297,1006443,124925233758,248488265285
16269313,8192,5436528,1004179,124695474779,227000442404
16277505,8192,5444770,1149822,124398327669,228496308433
16285697,8192,5452994,1133861,124278260394,231124449723
16293889,8192,5461230,1092288,124265714717,231802991697
16302081,8192,5469460,1072509,124403719165,238272277807
16310273,8192,5477688,941325,124731511962,251063477847
16318465,8192,5485913,882467,124766784923,225719603430
16326657,8192,5494140,1064365,124413151568,218899145122
16334849,8192,5502372,1203661,124227087257,221172432775
16343041,8192,5510610,1295735,124036901019,232242321879
16351233,8192,5518848,1181661,124111787777,223227448801
16359425,8192,5527079,1079067,124533103336,244749366675
16367617,8192,5535309,1377208,124373927230,246360670156
16375809,8192,5543539,1202265,124039788633,244686895811
16384001,8192,5551774,1240571,124100331466,227526469749
16392193,8192,5560023,1251207,124003722518,230746177992
16400385,8192,5568264,1239850,124052994132,222047339383
16408577,8192,5576488,1265814,123867348059,239366166457
16416769,8192,5584742,1147721,124148195400,241532527861
16424961,8192,5592977,1192692,124003358239,241928606876
16433153,8192,5601200,1188570,124166203859,231116568450
16441345,8192,5609436,1214158,123872046169,235440442053
16449537,8192,5617666,1166299,124245007447,224983235058
16457729,8192,5625902,1176755,123985010086,241538737070
16465921,8192,5634141,1029846,124556794423,230168014277
16474113,8192,5642371,1087223,124368765692,223237529830
16482305,8192,5650601,1173116,124180458932,225552033500
16490497,8192,5658845,1158866,124219659457,227848909633
16498689,8192,5667082,1248259,124168429071,234234818426
16506881,8192,5675313,1170549,124282739423,231277258885
16515073,8192,5683551,1131564,124390215662,225723784652
16523265,8192,5691780,1225728,123979933211,228103380374
16531457,8192,5700013,1233882,124053338198,225024752176
16539649,8192,5708260,1211444,123988503328,232639184886
16547841,8192,5716525,1256586,123922282104,220509739774
16556033,8192,5724762,1230919,124009051113,222343498048
16564225,8192,5732991,1239040,124028389925,234880368791
16572417,8192,5741223,1226880,123982832351,229493735187
16580609,8192,5749471,1296813,123813847300,220217090036
16588801,8192,5757729,1266771,123805018180,224628112053
16596993,8192,5765970,1247419,123939513129,229181264325
16605185,8192,5774205,1147285,124058090877,230635983491
16613377,8192,5782440,1084123,124251855466,230238943423
16621569,8192,5790686,1209663,124076116461,227769148639
16629761,8192,5798933,1278174,124175952832,225763886521
16637953,8192,5807177,1330708,123602214180,214218014607
16646145,8192,5815423,1279631,123702477060,224308196397
16654337,8192,5823744,1183021,123877292698,230930350097
16662529,8192,5832032,1132813,124094677752,243745839857
16670721,8192,5840313,1209310,123989450841,238215138524
16678913,8192,5848599,1253099,123926563458,232832500162
16687105,8192,5856905,1251013,124004103042,231624304503
16695297,8192,5865191,1245742,123923427248,221958683575
16703489,8192,5873502,1235602,124080283695,241199275170
16711681,8192,5881803,1135044,124299971638,246870557277
16719873,8192,5890089,1154719,124214204463,233219939744
16728065,8192,5898362,1210401,123956363401,229440041830
16736257,8192,5906658,1246107,123945396983,221179613209
16744449,8192,5914960,1250768,123917230336,225730365112
16752641,8192,5923268,1232077,123922994202,226737334289
16760833,8192,5931557,1101217,124016467187,225282008375
16769025,8192,5939852,1115077,123940593590,219089612268
16777217,8192,5948143,1203820,123946925971,217980172022
16785409,8192,5956437,1190451,123833585470,217461846173
16793601,8192,5964730,1192548,123749498190,211510272833
16801793,8192,5973054,1222847,123956529365,224454426877
16809985,8192,5981358,1158585,123615753440,230148328074
16818177,8192,5989636,1190257,123880766762,232998881805
16826369,8192,5997923,1315502,124066841094,227122995972
16834561,8192,6006221,1280191,123785793744,219047188508
16842753,8192,6014515,1218102,123790540045,216996953816
16850945,8192,6022798,1219963,123930827780,222728281461
16859137,8192,6031084,1161119,123958338109,230889071344
16867329,8192,6039371,1171240,124129112556,229939717102
16875521,8192,6047642,1267203,123879852147,225206326709
16883713,8192,6055930,1262897,123950930417,225275480395
16891905,8192,6064228,1232554,123924166484,220331653077
16900097,8192,6072508,1261532,123799373290,215911262400
16908289,8192,6080793,1204241,123697797710,224336939825
16916481,8192,6089077,1166469,123872500417,230894596694
16924673,8192,6097362,1313286,123887439402,223009186359
16932865,8192,6105654,1318114,123736211580,228251621234
16941057,8192,6113948,1371249,123781285971,221738453714
16949249,8192,6122230,1324221,123851146021,224037625772
16957441,8192,6130520,1201645,123770774514,229851701196
16965633,8192,6138828,1130553,124115291400,229282451055
16973825,8192,6147196,1206396,123973096845,222526307530
16982017,8192,6155571,1296153,123799597728,219413548717
16990209,8192,6163998,1245876,123829143218,221554396900
16998401,8192,6172357,1236370,123949207012,224583424055
17006593,8192,6180713,1095386,124186445686,224431328463
17014785,8192,6189078,1097696,124373036821,243077901746
17022977,8192,6197431,1184850,124038711706,224925616439
17031169,8192,6205770,1232776,123930837647,221189852963
17039361,8192,6214644,1316623,123920763300,223441852473
17047553,8192,6223141,1373527,123682150949,225847558763
17055745,8192,6231549,1236837,124174335358,227827754008
17063937,8192,6239930,1008710,124612817560,223291286859
17072129,8192,6248275,1183210,123779206831,205015209535
17080321,8192,6256608,1260658,123645465790,199150942947
17088513,8192,6264965,1260278,123647922745,193524835186
17096705,8192,6273315,1195518,123606718765,207878467407
17104897,8192,6281580,1014510,124351735830,209734559910
17113089,8192,6289852,998796,124202567206,207131240910
17121281,8192,6298121,1079273,124077209846,202290132992
17129473,8192,6306398,1108894,124161798539,211134217389
17137665,8192,6314693,1094899,124246637405,214118694062
17145857,8192,6322984,1150300,124075434998,207673998116
17154049,8192,6331276,1053151,124293347868,208921013730
17162241,8192,6339552,1116778,123894911874,208377888477
17170433,8192,6347847,1259515,123549394465,194239476688
17178625,8192,6356141,1302281,123514410067,202609183383
17186817,8192,6364447,1268222,123677502767,201188986871
17195009,8192,6372722,1334072,123586995334,188939294994
17203201,8192,6381005,1375665,123325720760,181461833724
17211393,8192,6389309,1269359,123489821555,190595597889
17219585,8192,6397595,1316145,123397475306,195145440564
17227777,8192,6405886,1281602,123525891650,198399704289
17235969,8192,6414187,1256380,123586573657,193032502526
17244161,8192,6422571,1265659,123572520849,197362826204
17252353,8192,6431060,1227759,123671374561,213317254690
17260545,8192,6439423,1143861,123975679931,226776669748
17268737,8192,6447756,1247976,123689972357,206703002680
17276929,8192,6456078,1225854,123699524669,197122946774
17285121,8192,6464411,1200074,123686298402,217332953610
17293313,8192,6472712,1235586,123611194696,207286650288
17301505,8192,6481018,1244725,123809963167,212245716670
17309697,8192,6489326,1176759,123949583273,219534143944
17317889,8192,6497627,1224036,123535394964,205272923715
17326081,8192,6505936,1271485,123566158009,201125443649
17334273,8192,6514227,1213764,123611052485,210210083026
17342465,8192,6522521,1220033,123559546994,206596824103
17350657,8192,6530810,1190892,123706210400,215863505681
17358849,8192,6539086,1097182,123977816887,212001700739
17367041,8192,6547367,1232605,123526861260,197889804186
17375233,8192,6555668,1355447,123551402440,201643539606
17383425,8192,6563975,1256364,123670066137,207552064182
17391617,8192,6572280,1227341,123601410945,208998234832
17399809,8192,6580587,1246478,123797697040,216221896231
17408001,8192,6588914,1123000,124044778310,222341947266
17416193,8192,6597245,1269906,123743510946,220440293075
17424385,8192,6605563,1290349,123571782475,223410846754
17432577,8192,6613884,1215614,123977234268,219221688784
17440769,8192,6622203,1142107,124116885794,215891309272
17448961,8192,6630518,1318220,123834754157,232150000273
17457153,8192,6638828,1371127,124366947124,251718119989
17465345,8192,6647132,1139240,124284630535,229154335201
17473537,8192,6655432,1118499,124036532288,222522063006
17481729,8192,6663738,1167236,123974272274,218411613777
17489921,8192,6672036,1269205,123713974467,223582530237
17498113,8192,6680314,1278229,123781928256,219288391397
17506305,8192,6688575,1097821,124418769032,224399064065
17514497,8192,6696852,1200669,124340518916,220365794523
17522689,8192,6705139,1244132,123969649458,217291009491
17530881,8192,6713412,1254698,123801937893,216762006392
17539073,8192,6721698,1202255,123775890332,219026161232
17547265,8192,6729991,1183886,124107681984,226300716503
17555457,8192,6738288,1142197,124416112644,232810290114
17563649,8192,6746591,1094662,124391082754,231366721414
17571841,8192,6754910,1243595,124011718560,224917780873
17580033,8192,6763173,1246138,123656872333,215289951700
17588225,8192,6771437,1220773,123600570876,201702729753
17596417,8192,6779714,1285195,123589648360,208530543498
17604609,8192,6788002,1127444,123962367108,227708925889
17612801,8192,6796294,1108831,124051288689,226644856742
17620993,8192,6804576,1218492,123776521297,229710466915
17629185,8192,6812859,894478,125317003080,157899959477
17637377,8192,6821141,1009584,124520012251,177363239674
17645569,8192,6829423,1188604,123540108721,205560950515
17653761,8192,6837721,1145572,123736105560,215343736513
17661953,8192,6846009,1121758,123823005628,213639438446
17670145,8192,6854313,1256352,123679748158,212573009417
17678337,8192,6862607,1224990,123816739190,214110176977
17686529,8192,6870912,1264714,123654678978,205255078947
17694721,8192,6879202,1287665,123408708438,220453740794
17702913,8192,6887554,1098212,123991774872,229295245408
17711105,8192,6895845,1108258,123788035887,233310976621
17719297,8192,6904113,1232852,123693345817,220611297216
17727489,8192,6912402,1335960,123472687664,206845131547
17735681,8192,6920655,1213157,123578980328,211771967442
17743873,8192,6928910,1277573,123594496185,207675448016
17752065,8192,6937162,1154856,123439317921,210189865793
17760257,8192,6945412,1122970,123725286457,213660532893
17768449,8192,6953662,1166718,123587905718,209200613356
17776641,8192,6961925,1169406,123654616772,212499112146
17784833,8192,6970175,1152283,123604124435,216376096438
17793025,8192,6978424,1170610,123601748165,199393172497
17801217,8192,6986678,1130078,123548526906,222941572980
17809409,8192,6994934,1130415,123727490035,237681389522
17817601,8192,7003174,1191194,123693477330,238166509630
17825793,8192,7011410,1219535,123557826561,221446384401
17833985,8192,7019652,1204918,123575373732,218075412619
17842177,8192,7027902,1236320,123689649053,216739871158
17850369,8192,7036151,1265346,123558675615,221288033957
17858561,8192,7044407,1157496,123929573197,230729030955
17866753,8192,7052664,1183951,123658814084,216517158082
17874945,8192,7060922,1278407,123642908245,209150652754
17883137,8192,7069180,1199199,123569105452,217280727433
17891329,8192,7077424,1204048,123571644886,212461468616
17899521,8192,7085686,1149470,123705192123,217068682896
17907713,8192,7093924,1069430,123938547216,221478384081
17915905,8192,7102175,1145941,123688977805,217206525366
17924097,8192,7110423,1199646,123514505273,207260532567
17932289,8192,7118675,1221132,123514220373,207254663749
17940481,8192,7126933,1231073,123559394968,216595878042
17948673,8192,7135190,1248894,123623668837,225592091340
17956865,8192,7143454,1099647,123889088349,227380914425
17965057,8192,7151711,1157411,123638299505,215965959550
17973249,8192,7159953,1181639,123578092102,209982414499
17981441,8192,7168195,1188780,123426270631,211457771147
17989633,8192,7176448,1200236,123591117988,208475082366
17997825,8192,7184717,1177795,123566501958,217750368638
18006017,8192,7192955,1067515,123979983927,233056993668
18014209,8192,7201216,1110139,123876347374,217880706442
18022401,8192,7209486,1173383,123559378879,204094271397
18030593,8192,7217747,1177056,123507968462,215581071918
18038785,8192,7226002,1151703,123568189717,225187788968
18046977,8192,7234267,1129441,123895897097,233249546752
18055169,8192,7242532,1212054,124049690052,243285853807
18063361,8192,7250786,1140613,123712356534,228193363702
18071553,8192,7259026,1107207,123998293126,216709567340
18079745,8192,7267303,1229221,123576941238,212575136092
18087937,8192,7275548,1158819,123656399105,213837814343
18096129,8192,7283810,1140087,123714074502,219923878877
18104321,8192,7292076,1035592,124064972672,231200806082
18112513,8192,7300337,1068455,124125573099,232550498821
18120705,8192,7308598,1231558,123782706356,226761997364
18128897,8192,7316868,1804705,123807268147,257923565144
18137089,8192,7325152,1220780,123755928993,217852390736
18145281,8192,7333463,1167260,123474759659,220390771175
18153473,8192,7341807,1040843,124077823347,231076426989
18161665,8192,7350157,1045352,124076331700,232634636483
18169857,8192,7358440,1155698,123804646559,221809542727
18178049,8192,7366694,1168029,123738642967,221694467915
18186241,8192,7374947,1287030,123844935174,227772494810
18194433,8192,7383221,1126547,123712845708,225705081866
18202625,8192,7391475,987425,124535109821,232994007938
18210817,8192,7399742,1012301,124231635810,241361565597
18219009,8192,7407987,1160175,123996504845,220699796566
18227201,8192,7416247,1234696,123502477845,223382839900
18235393,8192,7424510,1192308,123850914107,225636851145
18243585,8192,7432769,1181081,123639714052,228057964573
18251777,8192,7441011,1122330,123791286451,229396691144
18259969,8192,7449248,1057141,124005826008,237967887227
18268161,8192,7457480,1149776,123780189861,227424658400
18276353,8192,7465732,1138922,123825049322,233964004124
18284545,8192,7473976,1116748,123912936549,232249230121
18292737,8192,7482227,1127798,124011657362,237646911702
18300929,8192,7490473,1167190,123832281793,243066243773
18309121,8192,7498722,1053420,124124411697,243629735944
18317313,8192,7506978,1133163,123892826376,238594497351
18325505,8192,7515227,1132535,123963669651,244621108615
18333697,8192,7523497,1174914,123807898511,241279097301
18341889,8192,7531758,1150732,124008898402,231869945255
18350081,8192,7540010,1095754,124066570254,238091943042
18358273,8192,7548250,1031926,124293311968,247019814439
18366465,8192,7556485,1169850,123796488548,227990123260
18374657,8192,7564737,1137885,123763453499,236889052312
18382849,8192,7572992,1137153,123739979971,234493880571
18391041,8192,7581241,1196116,123696138160,224726854097
18399233,8192,7589493,1188419,123748760146,233193056326
18407425,8192,7597744,1130750,123806830257,239845596516
18415617,8192,7606005,1203397,123713240856,227728890184
18423809,8192,7614258,1257068,123661939920,228249457045
18432001,8192,7622531,1252621,123647146166,221220349704
18440193,8192,7630780,1205858,123608104486,225956161769
18448385,8192,7639025,1171536,123606480487,224752941741
18456577,8192,7647282,1184335,123687962207,224364642153
18464769,8192,7655550,1227707,123656285174,230454677450
18472961,8192,7663813,1284738,123601764262,218213389154
18481153,8192,7672060,1256303,123642445478,224945112246
18489345,8192,7680331,1195079,123543052072,226378997770
18497537,8192,7688594,1238864,123729824111,230903109381
18505729,8192,7696861,1182352,123593591406,232050788252
18513921,8192,7705129,1233586,123621916055,219603169624
18522113,8192,7713386,1230026,123625792489,228253296632
18530305,8192,7721624,1223627,123553925647,224595574361
18538497,8192,7729874,1290154,123671245630,225232617712
18546689,8192,7738125,1276381,123699036245,240055724607
18554881,8192,7746382,1246012,123733776212,250907319303
18563073,8192,7754631,1246486,123634151269,222025756414
18571265,8192,7762868,1219353,123672327030,218815554804
18579457,8192,7771127,1233808,123544543122,223569667176
18587649,8192,7779363,1254190,123650030852,223707454525
18595841,8192,7787617,1244508,123614833950,227119222008
18604033,8192,7795903,1259904,123713505259,243889498924
18612225,8192,7804160,1216570,123810115467,237610153578
18620417,8192,7812425,1282421,123680636979,219443867024
18628609,8192,7820683,1290295,123762052048,218611515139
18636801,8192,7828925,1329761,123624356896,226817877903
18644993,8192,7837197,1229232,123673332562,235601334598
18653185,8192,7845459,1124831,123722979147,247109257374
18661377,8192,7853721,1141839,123760941969,250556529067
18669569,8192,7861982,1276577,123643292573,224769219881
18677761,8192,7870232,1348989,123665435619,219400308391
18685953,8192,7878487,1292258,123614723053,220620574602
18694145,8192,7886739,1280894,123635445331,210838617118
18702337,8192,7894977,1370284,123674712258,232187389925
18710529,8192,7903249,1196262,123768009361,259338122556
18718721,8192,7911506,1315408,123701070991,234475360008
18726913,8192,7919763,1376836,123723517082,237768055739
18735105,8192,7928038,1294708,123852643029,241003404843
18743297,8192,7936310,1380152,123592761710,231322538975
18751489,8192,7944586,1294239,123792768243,255588755019
18759681,8192,7952835,1286704,123765852488,259247841281
18767873,8192,7961090,1233835,123872769832,245193664884
18776065,8192,7969343,1205041,123986510127,246291909581
18784257,8192,7977613,1310812,123933188174,237930929714
18792449,8192,7985880,1371731,123735994772,223806753592
18800641,8192,7994181,1231492,123976611447,216393856520
18808833,8192,8002461,1239882,123867437997,274803211877
18817025,8192,8010724,1294709,123735714868,230460364468
18825217,8192,8019018,1333260,123846313048,234549272027
18833409,8192,8027303,1475343,123747332848,233010560632
18841601,8192,8035559,1384494,123689349896,242004030874
18849793,8192,8043832,1323590,123619746748,258085574804
18857985,8192,8052126,1314599,123671843490,261468930990
18866177,8192,8060419,1273194,123657643737,262883764805
18874369,8192,8068684,1277332,123711691345,260526330978
18882561,8192,8076974,1321935,123658427466,238930598015
18890753,8192,8085252,1332345,123535674414,237730839327
18898945,8192,8093563,1248370,123739831742,256064705366
18907137,8192,8101832,1253229,123728100060,268557632733
18915329,8192,8110114,1266595,123781071763,285108995321
18923521,8192,8118398,1288376,123635147516,244152772275
18931713,8192,8126667,1252811,123705837334,236984125833
18939905,8192,8134951,1264747,123685039020,246293327093
18948097,8192,8143260,1204967,123815134928,259506344227
18956289,8192,8151644,1161537,124211789248,256135421010
18964481,8192,8159956,1256820,123969766721,259645396873
18972673,8192,8168234,1252926,123728441436,246623137018
18980865,8192,8176488,1415393,123858693129,222885458203
18989057,8192,8184767,1378115,123669387522,250523093069
18997249,8192,8193014,1385398,123764285378,244199306475
19005441,8192,8201259,2044815,123824739294,211893931381
19013633,8192,8209499,1454448,123669961183,238833449239
19021825,8192,8217728,1418905,123653695356,215743036763
19030017,8192,8225983,1368129,123782896509,216415175115
19038209,8192,8234228,1371339,123663808593,226708525631
19046401,8192,8242460,1304989,123701427919,247780140947
19054593,8192,8250694,1231354,123767425903,261854881353
19062785,8192,8259059,1276243,123815788056,255298565060
19070977,8192,8267362,1259116,123826364821,255269173880
19079169,8192,8275635,1244576,123691753909,249319887885
19087361,8192,8283896,1333438,123832840822,231451608365
19095553,8192,8292156,1339566,123691549401,241654279064
19103745,8192,8300438,1321099,123849518114,256463169761
19111937,8192,8308689,1260937,123793147462,260783490228
19120129,8192,8316948,1359851,123815115800,237145492719
19128321,8192,8325217,1314760,123666197796,231280676261
19136513,8192,8333493,1305248,123946920476,223652521453
19144705,8192,8341773,1266103,124104017949,231244278528
19152897,8192,8350064,1198093,124118652749,248520697661
19161089,8192,8358344,1230459,124206694754,252165016512
19169281,8192,8366622,1242437,124122790289,221387447481
19177473,8192,8374907,1340729,123989599941,213480861420
19185665,8192,8383182,1236760,123969611623,203584241433
19193857,8192,8391454,1222610,123806886071,192004861153
19202049,8192,8399735,1165655,124131985407,220279227487
19210241,8192,8408023,1140966,124274057934,244000915937
19218433,8192,8416275,1181096,124295618123,243100401949
19226625,8192,8424566,1297683,124266922414,238409693452
19234817,8192,8432837,1319023,124094997030,237602706938
19243009,8192,8441120,1360327,123910732432,231387756673
19251201,8192,8449406,1252019,124116392865,259015501396
19259393,8192,8457720,1260334,124142787832,246958767415
19267585,8192,8465991,1316043,124053267886,247413071894
19275777,8192,8474282,1309169,124018708984,229442479401
19283969,8192,8482572,1275841,124069272958,220613998575
19292161,8192,8490824,1305573,124069543469,213938892015
19300353,8192,8499067,1256213,124228260168,241789522575
19308545,8192,8507317,1263227,124254644406,253482053328
19316737,8192,8515576,1372672,124139191434,236977514496
19324929,8192,8523827,1383445,124230321106,237465357214
19333121,8192,8532090,1428299,124072932148,233349448252
19341313,8192,8540334,1378236,124230760063,236281239097
19349505,8192,8548571,1403329,124273109664,241779974094
19357697,8192,8556815,1360346,124388928610,253895111802
19365889,8192,8565049,1451538,124212199926,233553118933
19374081,8192,8573279,1456308,124187628104,234590549447
19382273,8192,8581515,1390404,124001805374,228497346732
19390465,8192,8589756,1406332,124183216259,230671808201
19398657,8192,8598061,1376343,124298522851,238431086458
19406849,8192,8606304,1323253,124203729016,242920448938
19415041,8192,8614553,1409825,124184434083,235966136629
19423233,8192,8622797,1407012,124190932397,239799844203
19431425,8192,8631094,1479016,124444652304,241908979578
19439617,8192,8639405,1494194,124598689249,254946243065
19447809,8192,8647696,1525689,124654060201,269796531293
19456001,8192,8655991,1400235,124746985771,283778871712
19464193,8192,8664284,1463073,124708696824,268246068995
19472385,8192,8672573,1567587,124492865502,245234711031
19480577,8192,8680848,1569982,124675941826,253140620445
19488769,8192,8689133,1519310,124642372180,261176553119
19496961,8192,8697400,1532953,124562923150,265400336427
19505153,8192,8705700,1441553,124706105566,283103261214
19513345,8192,8714026,1431476,124579418319,264430592215
19521537,8192,8722316,1534603,124318946052,252818078068
19529729,8192,8730829,1504678,124337950932,245715801665
19537921,8192,8739185,1496091,124380640734,251332811737
19546113,8192,8747474,1471940,124404502871,258127624562
19554305,8192,8755777,1421459,124410898435,271559392778
19562497,8192,8764071,1449555,124385162902,262976335510
19570689,8192,8772348,1436175,124282074762,243245480168
19578881,8192,8780597,1384474,124120403426,243349361080
19587073,8192,8788850,1423744,124233175249,245373213578
19595265,8192,8797112,1411530,124285329601,255446352286
19603457,8192,8805376,1362120,124482829897,279954348361
19611649,8192,8813644,1366587,124396688881,264255260391
19619841,8192,8821912,1431304,124303363675,227882496123
19628033,8192,8830158,1382837,124278179872,251934780050
19636225,8192,8838416,1386317,124267212875,255776776497
19644417,8192,8846685,1477932,124283847315,252830465725
19652609,8192,8854969,1327150,124512018946,259952130502
19660801,8192,8863231,1333121,124620238398,268751953825
19668993,8192,8871496,1361699,124457738133,260490620845
19677185,8192,8879742,1402400,124720060656,239264087071
19685377,8192,8887996,1426421,124385138939,254850785485
19693569,8192,8896260,1349485,124526186496,253585858527
19701761,8192,8904509,1300798,124683267469,282505301641
19709953,8192,8912750,1312484,124522623013,262431349059
19718145,8192,8920990,1367280,124234964352,249981705223
19726337,8192,8929255,1367565,124243473683,238001187205
19734529,8192,8937499,1360530,124198160597,242054873372
19742721,8192,8945763,1355984,124540036759,265504111956
19750913,8192,8954019,1252870,124821955842,277328247862
19759105,8192,8962263,1317146,124580362846,265315911421
19767297,8192,8970503,1425710,124319133475,241371021535
19775489,8192,8978751,1426943,124406846992,240715043517
19783681,8192,8986991,1408096,124487406122,246095409232
19791873,8192,8995239,1375954,124221565854,252078224851
19800065,8192,9003484,1328449,124456618248,262733710040
19808257,8192,9011734,1308968,124536261314,249495125656
19816449,8192,9019990,1361273,124451868445,251534316660
19824641,8192,9028233,1386800,124442024416,248014432989
19832833,8192,9036486,1311633,124472221441,255085019488
19841025,8192,9044737,1321663,124723548990,260589068986
19849217,8192,9052980,1296587,124201124261,239764705041
19857409,8192,9061230,1211690,124816889058,257792241807
19865601,8192,9069473,1341044,124415440188,245959844686
19873793,8192,9077747,1364059,124478097811,255419515089
19881985,8192,9085984,1370389,124290076590,243920250140
19890177,8192,9094228,1315726,124427228697,243265009213
19898369,8192,9102490,1250201,124502760559,267106224914
19906561,8192,9110734,1226278,124794745557,254749869503
19914753,8192,9118990,1262021,124642676514,248434928804
19922945,8192,9127236,1373100,124069895033,246271930547
19931137,8192,9135486,1343031,124229005523,250744326815
19939329,8192,9143725,1329349,124204790713,241142313230
19947521,8192,9151974,1333083,124392561546,269547646520
19955713,8192,9160210,1314942,124423623184,264742002022
19963905,8192,9168454,1333019,124345711165,236932767273
19972097,8192,9176695,1257352,124232825992,246395706457
19980289,8192,9184953,1323568,124094474908,239302684211
19988481,8192,9193196,1326751,124163998517,232174200012
19996673,8192,9201443,1336252,123996321353,241690629266
20004865,8192,9209675,1240854,124226710247,243433848577
20013057,8192,9217912,1304799,123931172877,226484181465
20021249,8192,9226144,1330787,123950597201,239237025972
20029441,8192,9234372,1338896,123821130868,222827809786
20037633,8192,9242611,1317090,123654099640,225012202935
20045825,8192,9250848,1347082,123953641816,238673760481
20054017,8192,9259089,1325267,123876567291,254786071682
20062209,8192,9267322,1318717,124055393101,241365175763
20070401,8192,9275563,1366227,123762444016,227773183674
20078593,8192,9283801,1384871,123911184108,231053675247
20086785,8192,9292062,1406126,123940016782,230365332995
20094977,8192,9300302,1339685,124015415943,242420318620
20103169,8192,9308551,1301714,124029391097,258654042042
20111361,8192,9316795,1273066,124087816974,262243012859
20119553,8192,9325059,1341785,124092854149,246885410286
20127745,8192,9333311,1300304,124171257384,245822103426
20135937,8192,9341560,1312828,123895576655,232237910642
20144129,8192,9349801,1478597,124131653209,266118685243
20152321,8192,9358049,1401974,124342040084,293856377029
20160513,8192,9366304,1278720,124374744387,274289486245
20168705,8192,9374550,1346678,123936121923,258208729458
20176897,8192,9382778,1424523,124108232349,261859732207
20185089,8192,9391015,1377219,123885049400,242934981677
20193281,8192,9399251,1336187,123788574103,255145216542
20201473,8192,9407494,1298463,124269759102,278852919748
20209665,8192,9415724,1286626,124087576326,272618074970
20217857,8192,9423960,1317852,123942254668,259439047763
20226049,8192,9432209,1299917,124147683853,244766377130
20234241,8192,9440439,1360846,123774875427,235632417912
20242433,8192,9448678,1459730,123854928977,246450359350
20250625,8192,9456910,1312416,124076624635,271998977021
20258817,8192,9465146,1171595,124427662111,275948363118
20267009,8192,9473399,1317129,124097688366,260723465231
20275201,8192,9481639,1334263,123937658483,246602970451
20283393,8192,9489868,1363375,124067024594,235403745850
20291585,8192,9498106,1363384,123869625532,251542883683
20299777,8192,9506347,1316781,124039812722,270422455665
20307969,8192,9514581,1244265,123989778309,244488614887
20316161,8192,9522818,1314009,123995263661,244065392234
20324353,8192,9531037,1360451,123857218332,241429119145
20332545,8192,9539273,1365918,123758625145,225866314655
20340737,8192,9547499,1315447,123780556120,230845805244
20348929,8192,9555732,1291597,124045417961,266304611022
20357121,8192,9563959,1279773,124504091119,267565749553
20365313,8192,9572201,1312646,123669140229,232671155257
20373505,8192,9580431,1311170,124039182811,251373689574
20381697,8192,9588664,1276710,124097202607,253363926103
20389889,8192,9596900,1309255,123990059477,249480418842
20398081,8192,9605136,1256225,124206051024,255193350059
20406273,8192,9613370,1215683,124065312931,238647324613
20414465,8192,9621591,1244275,124192634311,253238974680
20422657,8192,9629846,1320255,123998089347,234383970619
20430849,8192,9638079,1321247,123888932332,223489688852
20439041,8192,9646308,1265381,123823513533,227010906885
20447233,8192,9654555,1276821,123996852027,245333525569
20455425,8192,9662773,1197252,124532117855,274688211420
20463617,8192,9670997,1257479,124388614409,254451096630
20471809,8192,9679232,1285411,123650110177,259476408179
20480001,8192,9687458,1297199,123749972625,247242001865
20488193,8192,9695679,1243615,123883712183,242363073020
20496385,8192,9703905,1269253,124047419113,256548360731
20504577,8192,9712142,1135247,124465862938,266507016772
20512769,8192,9720378,1161611,124184136025,241667519122
20520961,8192,9728604,1245300,124007077488,236339637297
20529153,8192,9736836,1421269,123962849137,246539208608
20537345,8192,9745081,1439333,123669332793,242952796869
20545537,8192,9753315,1253608,124231633533,263651767247
20553729,8192,9761549,1145025,124604070901,269691326906
20561921,8192,9769782,1166959,124453507182,255994027848
20570113,8192,9778022,1229301,123923336719,248491076668
20578305,8192,9786257,1215782,124508837186,254827094549
20586497,8192,9794502,1269527,124050642770,252309564921
20594689,8192,9802745,1292003,124332499053,256703538652
20602881,8192,9810996,1228322,124543532771,262245227202
20611073,8192,9819237,1097645,124814044268,254330487206
20619265,8192,9827482,1324919,124291925023,245602011512
20627457,8192,9835711,1316468,124306662368,241497045477
20635649,8192,9843959,1323405,124238897976,241642031390
20643841,8192,9852200,1312577,124110240029,248908716443
20652033,8192,9860438,1167898,124654545575,253929569417
20660225,8192,9868668,1172966,124818915829,257107361098
20668417,8192,9876900,1236978,124229513827,235796272412
20676609,8192,9885128,1278425,124191509641,249560171698
20684801,8192,9893357,1277423,124164220953,229069926095
20692993,8192,9901590,1299309,124222150078,236794350006
20701185,8192,9909808,1280639,124039124147,248147997626
20709377,8192,9918046,1237605,124150614349,261833882403
20717569,8192,9926276,1319388,123967676483,239839120969
20725761,8192,9934518,1333524,123906422105,240924929753
20733953,8192,9942757,1342890,124072186073,240385153254
20742145,8192,9950994,1335924,123999386424,237253878695
20750337,8192,9959240,1282264,124044134635,245979807533
20758529,8192,9967460,1252221,124075251218,253567105034
20766721,8192,9975702,1248961,124010223875,233825773830
20774913,8192,9983955,1296280,123959551616,226323974589
20783105,8192,9992198,1295855,123861766459,216799698454
20791297,8192,10000436,1357061,123655847951,222041857728
20799489,8192,10008679,1286683,123903565050,212582560529
20807681,8192,10016909,1225709,123683481511,233858935415
20815873,8192,10025141,1281184,123701645397,221979110804
20824065,8192,10033363,1306171,123674520523,216452796121
20832257,8192,10041601,1300593,123697978959,220259253109
20840449,8192,10049823,1322193,123742084041,226152562391
20848641,8192,10058046,1339278,123881511204,258598368762
20856833,8192,10066279,1280156,124044652168,257709641891
20865025,8192,10074499,1341045,123939717225,258947869860
20873217,8192,10082726,1449149,123875874183,233120537106
20881409,8192,10090947,1318637,123828156277,242114905796
20889601,8192,10099176,1310004,124079212741,237730016318
20897793,8192,10107391,1287441,124064006649,230470608406
20905985,8192,10115611,1238107,123942336536,232779092688
20914177,8192,10123834,1270972,123967807271,232126993101
20922369,8192,10132052,1338406,123619826798,220895845881
20930561,8192,10140274,1350373,123791381394,219244921755
20938753,8192,10148494,1314243,123637017493,232704796283
20946945,8192,10156745,1392627,123714739565,218714800322
20955137,8192,10165009,1283356,123904730600,247668251179
20963329,8192,10173259,1250992,123804630771,239353616923
20971521,8192,10181499,1396954,123899780038,226820915219
20979713,8192,10189737,1351704,123744674033,233919232564
20987905,8192,10197972,1408688,123937607291,228349226999
20996097,8192,10206206,1502921,123906819311,216425665980
21004289,8192,10214429,1419302,123927641555,241993139948
21005282,993,10223616,159274,15045217504,32849798806
