block_number,blocks,slot,txs,gas,time
8193,8192,1,0,0,237196039
16385,8192,1,0,0,232482922
24577,8192,1,0,0,228835096
32769,8192,1,0,0,232256354
40961,8192,1,0,0,231799706
49153,8192,1,1514,33070964,299953371
57345,8192,1,3916,407821091,426499186
65537,8192,1,2676,90041948,360335339
73729,8192,1,5821,197747509,416503914
81921,8192,1,4204,131282630,392657387
90113,8192,1,4589,112269814,392152331
98305,8192,1,3327,84662425,362517644
106497,8192,1,4168,105498119,369393476
114689,8192,1,4247,119199457,370045562
122881,8192,1,6054,163953975,419884632
131073,8192,1,5852,147449076,374037794
139265,8192,1,6678,168428364,401993484
147457,8192,1,7805,190561977,431137955
155649,8192,1,8675,220080834,451599454
163841,8192,1,7255,175016877,433447119
172033,8192,1,10115,242307512,488206225
180225,8192,1,12029,319429322,538145584
188417,8192,1,10493,307941046,508179428
196609,8192,1,8488,226000959,472920199
204801,8192,1,9431,284499928,494366332
212993,8192,1,9432,269025812,499896925
221185,8192,1,9745,253020191,492403256
229377,8192,1,9473,303239797,493158801
237569,8192,1,9752,287334366,504564473
245761,8192,1,9175,237099979,502274429
253953,8192,1,9225,299876210,512176271
262145,8192,1,8500,237942979,486708205
270337,8192,1,11073,360421503,532510612
278529,8192,1,11244,333906121,554547681
286721,8192,1,9944,288230259,524734245
294913,8192,1,9552,272964709,506787808
303105,8192,1,10564,278617464,507763971
311297,8192,1,9852,289668902,517767543
319489,8192,1,10772,285019105,534799690
327681,8192,1,9264,263512681,522714796
335873,8192,1,10710,300329465,555107615
344065,8192,1,10447,340557247,547211689
352257,8192,1,11871,367785281,590270045
360449,8192,1,11031,301110840,568814472
368641,8192,1,10176,272300629,541182499
376833,8192,1,10299,327273585,581456616
385025,8192,1,11650,328391280,578925663
393217,8192,1,10917,668394420,615834280
401409,8192,1,10512,371168499,570534040
409601,8192,1,11329,399996130,581488165
417793,8192,1,9682,299513459,536538382
425985,8192,1,10211,378463309,591359558
434177,8192,1,10123,371765259,600085468
442369,8192,1,10202,298321714,548302821
450561,8192,1,10252,488330843,841532373
458753,8192,1,11670,315763779,598448109
466945,8192,1,12392,405644045,612130506
475137,8192,1,11262,434129872,715372622
483329,8192,1,11885,436485530,907054946
491521,8192,1,11396,324292141,673416528
499713,8192,1,11390,316107054,580483742
507905,8192,1,19834,986537643,932869549
516097,8192,1,14518,537099270,683436660
524289,8192,1,14364,563247320,779540985
532481,8192,1,15028,641704064,835602322
540673,8192,1,11625,533545978,774206241
548865,8192,1,12334,352563908,594542347
557057,8192,1,11579,286224762,558732009
565249,8192,1,12543,387072166,632939384
573441,8192,1,11762,377902837,648214311
581633,8192,1,11889,329240266,596958109
589825,8192,1,12402,356748509,621991609
598017,8192,1,11554,361660592,597749735
606209,8192,1,11466,286807225,570821198
614401,8192,1,11355,383668685,822883959
622593,8192,1,12943,487254257,621765901
630785,8192,1,10960,369935232,573581388
638977,8192,1,10609,304527314,565215577
647169,8192,1,11891,400916707,592569749
655361,8192,1,13364,422684376,603253768
663553,8192,1,11233,291970815,575918101
671745,8192,1,11307,306322589,581127907
679937,8192,1,13718,480255087,730344720
688129,8192,1,12101,533373764,729060440
696321,8192,1,24697,2437912230,2356034856
704513,8192,1,24278,1882935448,1689467482
712705,8192,1,15914,1053536841,1243420432
720897,8192,1,14854,884970772,1127446443
729089,8192,1,18033,1103406409,1242451679
737281,8192,1,39634,2413080461,2431206653
745473,8192,1,20252,1205744179,1468875245
753665,8192,1,16649,914386676,1311656107
761857,8192,1,29450,1702093462,1949894105
770049,8192,1,19926,1149090055,1545219263
778241,8192,1,27585,1546147829,1836272890
786433,8192,1,13804,512905120,919715819
794625,8192,1,14238,555275432,1012959933
802817,8192,1,20936,1074374824,1439683584
811009,8192,1,33100,2274628469,2295131260
819201,8192,1,21058,1074857191,1415009512
827393,8192,1,17945,1068696871,1326670154
835585,8192,1,16965,691346951,1115665493
843777,8192,1,24779,1318609001,1608857620
851969,8192,1,17337,797507253,1186423670
860161,8192,1,16221,653054698,857442664
868353,8192,1,17414,667767224,846678737
876545,8192,1,20874,997212648,1005402145
884737,8192,1,18556,602924448,868717646
892929,8192,1,20188,746509191,957838879
901121,8192,1,20728,705763650,927342587
909313,8192,1,28858,1212230895,1209076706
917505,8192,1,29450,1450050635,1414092238
925697,8192,1,25856,1070129090,1265241523
933889,8192,1,23756,919949479,1106462506
942081,8192,1,24390,780757258,980277856
950273,8192,1,22318,724737535,951671691
958465,8192,1,23856,823943680,1009539807
966657,8192,1,39968,1787855655,1606546395
974849,8192,1,24875,783309904,1025196050
983041,8192,1,25559,758151178,1006413087
991233,8192,1,32769,996332438,1132180270
999425,8192,1,29253,955506690,1126401071
1007617,8192,1,28779,874607232,1052707401
1015809,8192,1,28640,944195150,1091020151
1024001,8192,1,30592,1077029621,1200593624
1032193,8192,1,30567,1025667741,1117644629
1040385,8192,1,26761,784549571,1033208895
1048577,8192,1,28815,1876343804,1174897890
1056769,8192,1,31628,1248873846,1125996442
1064961,8192,1,32758,1302389229,1212428563
1073153,8192,1,30961,857488355,1046540894
1081345,8192,1,33502,949562723,1129666657
1089537,8192,1,37121,995463452,1182350708
1097729,8192,1,40115,1081576458,1229033561
1105921,8192,1,42800,1253697553,1312187312
1114113,8192,1,41667,1235498720,1275144186
1122305,8192,1,38878,1141426898,1220765496
1130497,8192,1,41538,1202802604,1210463246
1138689,8192,1,39904,1101644111,1189433061
1146881,8192,1,44221,1340457745,1245037821
1155073,8192,1,43528,1383496645,1274929056
1163265,8192,1,38152,1246718060,1156920722
1171457,8192,1,44944,1374923499,1323677864
1179649,8192,1,46242,1574630437,1389350016
1187841,8192,1,44523,1522997076,1341748542
1196033,8192,1,43594,1529570548,1483453455
1204225,8192,1,41259,1452683779,1306735920
1212417,8192,1,52923,2302777232,1872197055
1220609,8192,1,46705,1563686082,1449612756
1228801,8192,1,46123,1514235577,1562072909
1236993,8192,1,43046,1458453689,1494628648
1245185,8192,1,49499,1658881432,1541461020
1253377,8192,1,46254,1516126264,1302591539
1261569,8192,1,42318,1328121509,1401507974
1269761,8192,1,40021,1078268036,1192056481
1277953,8192,1,46365,1435004546,1479318813
1286145,8192,1,50841,1591258579,1577995341
1294337,8192,1,41499,1271776158,1311469068
1302529,8192,1,47633,1512367159,1597426818
1310721,8192,1,42641,1164414830,1260750923
1318913,8192,1,42610,1137106273,1232357758
1327105,8192,1,45560,1357858661,1380201189
1335297,8192,1,50369,1781939706,1410267224
1343489,8192,1,45221,1209479371,1267270109
1351681,8192,1,44015,1206824098,1306338193
1359873,8192,1,54888,1591716049,1281874699
1368065,8192,1,43396,1184809863,1335651823
1376257,8192,1,48876,1593180641,1467121727
1384449,8192,1,45143,1439543743,1281511611
1392641,8192,1,41341,1118372583,1366224275
1400833,8192,1,45540,1329131424,1364715364
1409025,8192,1,49104,1485363761,1439669625
1417217,8192,1,44023,1225869865,1247346055
1425409,8192,1,49886,1450651632,1485667670
1433601,8192,1,56669,1681771886,1570832309
1441793,8192,1,54635,1947185643,1576820368
1449985,8192,1,56685,1624594158,1491763729
1458177,8192,1,50196,1613347851,1513614679
1466369,8192,1,54893,2240127730,2061276466
1474561,8192,1,52100,1483885342,1490426317
1482753,8192,1,51280,1586965488,1562366197
1490945,8192,1,56855,1674576856,1497751558
1499137,8192,1,52382,1728224502,1491406391
1507329,8192,1,60036,2138598848,1845592075
1515521,8192,1,69268,2441975068,1938277364
1523713,8192,1,56514,1832134302,1789456169
1531905,8192,1,51124,1731842384,1659410055
1540097,8192,1,58754,1911501394,1708779169
1548289,8192,1,61429,1987968261,1635473848
1556481,8192,1,60630,2360467143,1836318070
1564673,8192,1,56981,1819841802,1598657399
1572865,8192,1,56494,1777140576,1525768737
1581057,8192,1,59042,1735378915,1514776411
1589249,8192,1,68973,2172337508,1862510650
1597441,8192,1,64306,2192773982,1800232096
1605633,8192,1,86669,3493104245,2408836325
1613825,8192,1,62112,2154462632,1747107558
1622017,8192,1,60118,1914186297,1630297873
1630209,8192,1,53413,1741132990,1502751144
1638401,8192,1,56756,1633896769,1418874105
1646593,8192,1,50346,1452533160,1381750708
1654785,8192,1,50828,1521883376,1376158267
1662977,8192,1,60376,3061122313,2252398432
1671169,8192,1,55258,1843787387,1650564826
1679361,8192,1,55775,1793288354,1540460116
1687553,8192,1,52281,1793521528,1540133149
1695745,8192,1,55227,1857680146,1564008045
1703937,8192,1,64652,2265573762,1871090432
1712129,8192,1,63355,2060421766,1759247105
1720321,8192,1,65682,5800241515,7746252532
1728513,8192,1,95610,16739007815,41817986465
1736705,8192,1,67917,4743426756,8428682630
1744897,8192,1,62602,3296268924,3886066482
1753089,8192,1,68336,3841591968,3016078804
1761281,8192,1,58130,2076897006,1945259497
1769473,8192,1,57022,2221809906,1630114186
1777665,8192,1,52898,1689289635,1680229574
1785857,8192,1,53856,1708894430,1786896017
1794049,8192,1,56044,1992483551,2140234177
1802241,8192,1,90325,5767597538,2819304437
1810433,8192,1,52758,2499380206,4581532852
1818625,8192,1,55194,1772826158,1872059775
1826817,8192,1,53703,1704827192,1558468154
1835009,8192,1,49822,1916513753,2055420865
1843201,8192,1,53374,1676538934,1565177517
1851393,8192,1,60123,2381439875,3165086139
1859585,8192,1,56426,2865260110,4693129100
1867777,8192,1,50632,1670163364,1849331821
1875969,8192,1,53453,1904646721,2014949630
1884161,8192,1,54655,1840362954,1677033666
1892353,8192,1,54265,1824465369,1567222063
1900545,8192,1,51280,1414646366,1393150591
1908737,8192,1,47043,1388770142,1393417749
1916929,8192,1,63160,1874850406,1590486466
1925121,8192,1,62773,4171399935,7694743753
1933313,8192,1,65738,2266620454,2062818495
1941505,8192,1,62037,2034143904,1722056068
1949697,8192,1,79321,2248553641,1868154621
1957889,8192,1,74738,2527380908,2200527047
1966081,8192,1,75137,2369261794,1864547156
1974273,8192,1,66582,2970283633,2221808370
1982465,8192,1,60335,2173102476,2260956414
1990657,8192,1,63657,1764764048,1560356261
1998849,8192,1,66671,2054100679,1769711453
2007041,8192,1,68240,2035711402,1740104525
2015233,8192,1,60275,1885646786,1553233640
2023425,8192,1,59731,1718762000,1522583927
2031617,8192,1,56298,1666187619,1481922136
2039809,8192,1,56416,2985329528,2174283845
2048001,8192,1,67806,2074138922,1643249695
2056193,8192,1,63577,1903780373,1611992999
2064385,8192,1,55865,1657169845,1496796304
2072577,8192,1,58480,1557471379,1393800687
2080769,8192,1,55331,1599645346,1424190459
2088961,8192,1,64228,1850037001,1640183456
2097153,8192,1,66060,2188998555,1794493374
2105345,8192,1,54235,1660505770,1467246586
2113537,8192,1,56694,1742357705,1488823448
2121729,8192,1,61614,1816239031,1534953444
2129921,8192,1,63451,3861822325,2398792414
2138113,8192,1,69603,2043909844,1604941837
2146305,8192,1,61611,1914481982,1538501129
2154497,8192,1,62524,1658273809,1400037964
2162689,8192,1,61974,1798911967,1542482963
2170881,8192,1,62834,1920681017,1636965139
2179073,8192,1,61629,1818058493,1557999516
2187265,8192,1,76278,2727312503,2016013254
2195457,8192,1,59767,1675377812,1518417327
2203649,8192,1,65371,2614658821,1789959914
2211841,8192,1,62364,2039781213,1584524607
2220033,8192,1,60969,1981999587,1606126318
2228225,8192,1,85854,2814470323,1947349162
2236417,8192,1,55933,1813330669,1475472610
2244609,8192,1,57588,1730634676,1470599703
2252801,8192,1,63320,2021513820,1620356871
2260993,8192,1,65183,2112882377,1792570468
2269185,8192,1,74523,2354744595,1751121500
2277377,8192,1,72172,2714744039,1869613412
2285569,8192,1,50199,1706002470,2688702767
2293761,8192,1,61842,1801256949,6089407029
2301953,8192,1,68639,2034760072,1763107838
2310145,8192,1,66952,2916329686,15722621186
2318337,8192,1,48275,1914011719,11752993883
2326529,8192,1,56968,3010508461,23514775794
2334721,8192,1,60252,3532946594,44310230702
2342913,8192,1,59242,2893073539,21036352553
2351105,8192,1,56520,2437337126,4251899939
2359297,8192,1,53930,2539978338,9137313457
2367489,8192,1,72486,5437092390,37961718183
2375681,8192,1,64351,3955814780,34891370574
2383873,8192,1,72150,4175006287,26034807552
2392065,8192,1,52311,3587030185,49314383040
2400257,8192,1,60755,3380343872,108115102948
2408449,8192,1,54394,3489623288,88723347890
2416641,8192,1,59749,3571481590,53107542437
2424833,8192,1,52901,2140315677,71030491140
2433025,8192,1,41983,2064705182,90544877788
2441217,8192,1,52489,1940457621,35484196610
2449409,8192,1,47032,1416811786,15955841234
2457601,8192,1,50121,1416935937,21597106004
2465793,8192,1,63997,2059194432,17931514789
2473985,8192,1,52613,5415624522,49582616663
2482177,8192,1,77644,2200694454,3294147009
2490369,8192,1,47944,1381582456,1510695325
2498561,8192,1,58110,1704965277,1619845828
2506753,8192,1,68097,2292291281,1933272407
2514945,8192,1,59292,1798672209,1754423576
2523137,8192,1,59793,1784849739,1743425812
2531329,8192,1,57693,1656383700,1717248424
2539521,8192,1,55694,1627913854,1555343905
2547713,8192,1,63237,1907051300,1786032797
2555905,8192,1,61395,1723186230,1741907573
2564097,8192,1,57303,1576168754,1802312624
2572289,8192,1,44899,1243188531,1351904715
2580481,8192,1,50737,1381762673,1465384398
2588673,8192,1,53997,1523970827,1589943175
2596865,8192,1,56755,1868225974,1856871537
2605057,8192,1,54579,1853422028,1680582248
2613249,8192,1,57937,1749156374,1672660672
2621441,8192,1,54830,1654717503,1655866929
2629633,8192,1,59687,1932781220,1736416301
2637825,8192,1,58098,1831832946,1699405427
2646017,8192,1,57577,1732304988,1664711688
2654209,8192,1,56517,1691425491,1530537307
2662401,8192,1,54908,1580644481,1842036069
2670593,8192,1,56589,1781259427,1569168269
2678785,8192,1,85495,2598196853,13979748503
2686977,8192,1,59696,3974729576,70868962228
2695169,8192,1,72462,4113740875,42680785276
2703361,8192,1,55726,4743499117,65774707340
2711553,8192,1,65254,6348291025,87202633164
2719745,8192,1,64427,5199613546,50703478826
2727937,8192,1,50844,1684630038,2157371064
2736129,8192,1,54697,1652133461,1554169803
2744321,8192,1,53051,1748152517,1483675512
2752513,8192,1,55339,1979520745,1648271751
2760705,8192,1,64847,2063457441,1718615325
2768897,8192,1,55277,1804237075,1673029490
2777089,8192,1,56023,1776551857,1620599903
2785281,8192,1,52991,1726269370,1619517220
2793473,8192,1,52624,2213276915,1531763619
2801665,8192,1,55238,1810591298,1728624985
2809857,8192,1,63980,2356415998,1944661548
2818049,8192,1,65743,2448549979,1966664596
2826241,8192,1,54971,1881197690,1594799812
2834433,8192,1,49662,1953789890,1663909873
2842625,8192,1,58392,2038106026,1648336711
2850817,8192,1,64185,2225753659,1784847015
2859009,8192,1,76490,2486660557,2042811399
2867201,8192,1,55683,1760491642,1591539754
2875393,8192,1,50675,1452936266,1366079896
2883585,8192,1,50157,1522394202,1481144929
2891777,8192,1,58225,1860099069,1560635449
2899969,8192,1,60144,2083730262,1731122008
2908161,8192,1,60988,2086757942,1627341826
2916353,8192,1,54302,1714680114,1488932515
2924545,8192,1,50695,1584719153,1495331851
2932737,8192,1,63026,2305221488,1969712735
2940929,8192,1,67480,2204851332,1813567377
2949121,8192,1,61833,1971573134,1702018359
2957313,8192,1,58505,1930260127,1671336572
2965505,8192,1,59699,1937673518,1729247780
2973697,8192,1,63091,2244391292,1789895481
2981889,8192,1,64874,2137001608,1716789056
2990081,8192,1,70738,2397486878,1791133902
2998273,8192,1,58903,1853897373,1619053494
3006465,8192,1,54373,1766782589,1576643477
3014657,8192,1,65027,2294148724,1775962098
3022849,8192,1,60922,2027141448,1730498761
3031041,8192,1,58548,1960456703,1800223520
3039233,8192,1,61315,2005539036,1756267243
3047425,8192,1,62091,2149768492,1792819810
3055617,8192,1,67927,2452616440,1937911745
3063809,8192,1,62018,2292070946,1902424091
3072001,8192,1,63286,2183742248,1862194799
3080193,8192,1,65669,2218082794,1843144252
3088385,8192,1,54874,1846213528,1686481536
3096577,8192,1,63311,2098245747,1810422409
3104769,8192,1,59762,2124435421,1739767547
3112961,8192,1,58897,2178531771,1856875547
3121153,8192,1,58468,1974991763,1741624894
3129345,8192,1,63556,2065813146,1787442467
3137537,8192,1,64128,2220717880,1837755949
3145729,8192,1,70462,2665896127,2078233573
3153921,8192,1,64806,2336669302,1966503607
3162113,8192,1,70074,2730719806,2222785821
3170305,8192,1,60420,2178878613,1827413380
3178497,8192,1,73252,3110141726,2191524709
3186689,8192,1,79081,2976280771,2162580268
3194881,8192,1,71074,2804402262,2092722833
3203073,8192,1,64978,2351345544,1896215374
3211265,8192,1,68556,2464803794,1928487430
3219457,8192,1,66845,2286314550,1885809196
3227649,8192,1,75763,3113040792,2107636720
3235841,8192,1,69688,2984250772,2196469493
3244033,8192,1,68668,2289170959,1878170299
3252225,8192,1,71170,2634879929,2133984126
3260417,8192,1,70604,2482121481,2048477970
3268609,8192,1,79874,2821352557,2252500595
3276801,8192,1,82615,2938903296,2251254715
3284993,8192,1,93464,3013882836,2442941005
3293185,8192,1,81232,2628326517,2147241716
3301377,8192,1,77780,2508423110,1985412935
3309569,8192,1,85412,2762075045,2156092854
3317761,8192,1,74949,2364616867,1934559238
3325953,8192,1,89542,3008034239,2405346837
3334145,8192,1,89382,3038054714,2262320957
3342337,8192,1,91012,2910544703,2302095972
3350529,8192,1,112957,4683356145,3072255856
3358721,8192,1,108487,3824938321,2710415764
3366913,8192,1,150248,4856683444,3295147642
3375105,8192,1,129410,4029391606,3013613953
3383297,8192,1,118959,3597176359,2717103468
3391489,8192,1,113031,3618928236,2786241178
3399681,8192,1,109702,3595863612,2594545416
3407873,8192,1,112341,3708098910,2651767310
3416065,8192,1,121089,3775021048,2675317716
3424257,8192,1,111288,3513747685,2685905953
3432449,8192,1,126552,4519125602,3141240048
3440641,8192,1,116739,3847970531,3187753135
3448833,8192,1,137505,4650151490,3204130782
3457025,8192,1,132372,4354448594,3155583699
3465217,8192,1,116438,3872751305,2913300237
3473409,8192,1,138958,4605215288,3703398055
3481601,8192,1,115237,3904507999,2939927554
3489793,8192,1,129313,4405146988,3175848780
3497985,8192,1,121326,4141663795,2989883979
3506177,8192,1,101941,3457895017,2749914538
3514369,8192,1,104473,3801545119,2826181781
3522561,8192,1,110663,3893580475,2900301937
3530753,8192,1,118136,4358681727,3059901433
3538945,8192,1,116538,3957151738,3133740350
3547137,8192,1,97599,3525061715,2782472664
3555329,8192,1,105494,3951999139,3397539074
3563521,8192,1,113777,4538716060,3340183471
3571713,8192,1,122232,4932027111,3765865651
3579905,8192,1,113517,5371454955,3246433900
3588097,8192,1,103751,3918968307,3304127001
3596289,8192,1,112257,4332652445,3277832052
3604481,8192,1,136619,5289710359,3775273927
3612673,8192,1,143158,5255428268,3631608682
3620865,8192,1,145745,4868936849,3567706934
3629057,8192,1,136562,4879877560,3610970664
3637249,8192,1,160424,6406024036,4459129319
3645441,8192,1,150436,5782052966,3929680897
3653633,8192,1,167559,5819732935,4410321237
3661825,8192,1,142125,5329409688,3709019986
3670017,8192,1,152266,6300591479,4232193251
3678209,8192,1,169497,6571385749,4254064410
3686401,8192,1,156250,7347905323,4369394911
3694593,8192,1,167344,7335647042,4477285303
3702785,8192,1,147702,7536226635,4439907643
3710977,8192,1,168287,8194709920,4840066140
3719169,8192,1,176741,9883600890,6143165823
3727361,8192,1,214081,11450730102,6252441966
3735553,8192,1,229327,12196031413,6631886837
3743745,8192,1,201943,10613685663,5883954198
3751937,8192,1,260406,12599459208,6939988394
3760129,8192,1,278528,15779303797,7856065177
3768321,8192,1,279013,16350363987,8165073095
3776513,8192,1,244538,13523383202,6990611512
3784705,8192,1,224822,12717337930,6877688024
3792897,8192,1,248995,13592095818,7336081599
3801089,8192,1,314302,19832169118,8630742599
3809281,8192,1,313676,17980594470,12218813193
3817473,8192,1,280618,16692684984,9626195544
3825665,8192,1,296114,15953100496,8926104423
3833857,8192,1,317754,17492872153,9620922661
3842049,8192,1,305857,17151665586,9628437107
3850241,8192,1,325308,16138916714,9769585672
3858433,8192,1,365858,18515263356,10546253598
3866625,8192,1,450999,21732698279,12713459007
3874817,8192,1,403872,18428150155,11496190945
3883009,8192,1,399350,18507971011,11753460542
3891201,8192,1,366142,17616667683,10984321903
3899393,8192,1,401398,20055154217,12335852737
3907585,8192,1,467519,26635229072,12877313936
3915777,8192,1,448080,27509986564,13059146222
3923969,8192,1,445137,22206823281,12567789990
3932161,8192,1,393944,20192356202,12259645463
3940353,8192,1,474437,21147977183,13893753130
3948545,8192,1,452736,24838577163,15913766018
3956737,8192,1,409197,21844246829,14051549632
3964929,8192,1,391200,20881198158,13857419040
3973121,8192,1,480657,24984090402,16281219805
3981313,8192,1,439836,24432971850,16208714266
3989505,8192,1,456105,22202913020,15511240061
3997697,8192,1,401541,19785653790,13680020943
4005889,8192,1,468451,21489133966,15043046298
4014081,8192,1,521089,25614275148,17669330016
4022273,8192,1,465732,25576854950,16144613247
4030465,8192,1,422645,19071909199,14717281754
4038657,8192,1,452765,21588202182,15369011533
4046849,8192,1,494336,24205815057,16100324311
4055041,8192,1,427170,19727949695,13812341321
4063233,8192,1,409232,17944225576,13344427166
4071425,8192,1,455169,22752023483,15614156333
4079617,8192,1,411552,20393151746,13580318821
4087809,8192,1,402826,19516574262,13786833127
4096001,8192,1,350511,18308327314,12097120623
4104193,8192,1,441704,23280158452,15272722566
4112385,8192,1,474401,24577424757,16952846536
4120577,8192,1,512389,25868228053,17820822014
4128769,8192,1,539622,25478534061,18496579785
4136961,8192,1,612130,30525492507,20479826216
4145153,8192,1,669828,31316179679,21984040239
4153345,8192,1,667176,32781900955,21816170286
4161537,8192,1,802050,39631270870,26088109773
4169729,8192,1,832182,45690595844,30249449892
4177921,8192,1,822935,40787417397,26318597485
4186113,8192,1,677937,33931766754,23486799702
4194305,8192,1,736129,33608364656,23484778776
4202497,8192,1,733583,31613370181,22943289858
4210689,8192,1,736596,33326421250,23671496389
4218881,8192,1,885279,42684031553,28053761664
4227073,8192,1,909505,44089434039,29362383995
4235265,8192,1,772574,36378544905,25814078552
4243457,8192,1,1021928,44970958961,31652330113
4251649,8192,1,1081239,50184234692,34102410425
4259841,8192,1,880278,41550585016,30083531386
4268033,8192,1,864414,41053728142,29978418300
4276225,8192,1,867715,42375737918,32445772965
4284417,8192,1,857098,44405284841,30433486013
4292609,8192,1,764839,40439697663,30965907124
4300801,8192,1,736339,41523378146,30238309988
4308993,8192,1,739102,40787147868,30081057996
4317185,8192,1,882460,46629010975,33252033677
4325377,8192,1,928715,45913689045,34789934007
4333569,8192,1,855500,44372358254,33185479560
4341761,8192,1,890587,45969894286,33938118845
4349953,8192,1,861954,44868560756,34319820894
4358145,8192,1,961145,45839288391,34816756448
4366337,8192,1,1022776,47707018313,37277971407
4374529,8192,1,788928,41640159530,30909655631
4382721,8192,1,680611,30304975089,24116810765
4390913,8192,1,633676,29394442349,24686430676
4399105,8192,1,691855,34599365091,24061517530
4407297,8192,1,587597,22219394536,19036646752
4415489,8192,1,602801,27141844419,20900567851
4423681,8192,1,637247,33563116251,25091607031
4431873,8192,1,602169,34452528559,25556145736
4440065,8192,1,644187,35202407283,26546923600
4448257,8192,1,635205,32303616551,25359350085
4456449,8192,1,658167,33516933106,26781993379
4464641,8192,1,714607,37151598010,29262790170
4472833,8192,1,687810,38954422870,30776738418
4481025,8192,1,691342,38855588548,30893242127
4489217,8192,1,597092,33111071840,27596152216
4497409,8192,1,530372,24797114990,21884153295
4505601,8192,1,664534,27768018498,23711892598
4513793,8192,1,607716,29462506589,25126317209
4521985,8192,1,636968,33818088203,28351268403
4530177,8192,1,576620,30857764315,25125065388
4538369,8192,1,555644,29902311532,25330209938
4546561,8192,1,576193,31728985315,26238687436
4554753,8192,1,614333,33933012035,28307202330
4562945,8192,1,694290,35077866299,28526387382
4571137,8192,1,685773,35235556368,29463515762
4579329,8192,1,595343,32512470264,27410423049
4587521,8192,1,616676,31432826950,28119362649
4595713,8192,1,732388,35462326767,31726846166
4603905,8192,1,701686,34053236118,29564673302
4612097,8192,1,696025,34813469923,29290719197
4620289,8192,1,756842,36575998133,31622731567
4628481,8192,1,695958,35807344495,29678290787
4636673,8192,1,839988,41325848673,36297571267
4644865,8192,1,859818,39561689628,35537271711
4653057,8192,1,878341,39038765676,36401571361
4661249,8192,1,838018,41732008967,37673619845
4669441,8192,1,868393,42367951309,40304651178
4677633,8192,1,1024408,50365921601,46387023005
4685825,8192,1,1106629,50823271509,46906180863
4694017,8192,1,983321,52251191383,43870454711
4702209,8192,1,1065994,53288175748,52352010991
4710401,8192,1,1004230,57029863421,55180172539
4718593,8192,1,1175867,60067148142,59063741106
4726785,8192,1,1283732,60320736424,57859342283
4734977,8192,1,1366216,63069754925,59726272439
4743169,8192,1,1249121,59108334014,54078981058
4751361,8192,1,1252125,59908605848,55118450596
4759553,8192,1,1451207,62045900188,57589043735
4767745,8192,1,1519992,62098558192,57254261442
4775937,8192,1,1585445,62497723845,54094460588
4784129,8192,1,1400070,58743219915,53961444009
4792321,8192,1,1052134,54186765245,44223921799
4800513,8192,1,1019534,49928583194,43577437552
4808705,8192,1,1261780,57510375260,50846154169
4816897,8192,1,1331357,57590718396,53913795746
4825089,8192,1,1639294,60808222944,57011476322
4833281,8192,1,1324521,56290819569,51983666711
4841473,8192,1,1365671,56727562845,52948564745
4849665,8192,1,1800565,61983009179,61389654429
4857857,8192,1,2002216,61977955389,58440574981
4866049,8192,1,1885881,62151807862,61338586888
4874241,8192,1,1724229,62804522499,59990945178
4882433,8192,1,1914229,62387106534,61348176000
4890625,8192,1,1784457,61980258440,56639440732
4898817,8192,1,1710320,62316592526,60847622661
4907009,8192,1,1726464,62391325627,59287416212
4915201,8192,1,1730007,63380891308,61469446029
4923393,8192,1,1858619,62279744506,61777536930
4931585,8192,1,1849680,62183892835,62851991021
4939777,8192,1,1496671,58403848500,57130175067
4947969,8192,1,1393070,58633948844,58846491687
4956161,8192,1,1327346,58788810672,56767811004
4964353,8192,1,1272246,58123924020,56701491404
4972545,8192,1,1159603,54810326446,53587616754
4980737,8192,1,1260970,53358611450,54050328292
4988929,8192,1,1176073,52672662572,51408775534
4997121,8192,1,1259241,55165172481,53417492586
5005313,8192,1,1262433,56373025517,52494551765
5013505,8192,1,1356029,59546446599,58482631337
5021697,8192,1,1305842,56689784355,56327108633
5029889,8192,1,1125879,53898877430,48892443349
5038081,8192,1,1161636,54269350642,49663948290
5046273,8192,1,1191117,54055514122,52098360455
5054465,8192,1,1056526,53286687769,50488292946
5062657,8192,1,1038563,52346336284,49153234388
5070849,8192,1,1111255,53626275181,48309848111
5079041,8192,1,1139166,53752148996,51486609074
5087233,8192,1,1010849,50228857996,46275133890
5095425,8192,1,1086570,52677277867,49490911985
5103617,8192,1,981145,52265804278,48052019140
5111809,8192,1,1077049,53626533614,49329290756
5120001,8192,1,1057547,54195882329,49299364274
5128193,8192,1,1208494,58216835003,54865244802
5136385,8192,1,1184261,56746767112,51283014277
5144577,8192,1,999424,52506836442,49878681669
5152769,8192,1,1017445,53578401482,50377015021
5160961,8192,1,1019623,52810336386,51369052531
5169153,8192,1,938849,52166193773,49783280727
5177345,8192,1,1005061,53979644014,53270821457
5185537,8192,1,1006297,54409598707,55770840889
5193729,8192,1,910773,52367016050,50737431198
5201921,8192,1,1019609,54958972298,51167558924
5210113,8192,1,963205,51431731336,52329501609
5218305,8192,1,1080296,53432274393,56213675727
5226497,8192,1,913035,51814775021,52510328439
5234689,8192,1,811533,49710271751,48438499198
5242881,8192,1,914018,50659269828,49555357873
5251073,8192,1,951734,49660522293,48832185755
5259265,8192,1,966328,49937461860,52062911642
5267457,8192,1,876120,48233799143,48797631247
5275649,8192,1,839560,45505587169,45867101082
5283841,8192,1,976074,50468458835,50078716651
5292033,8192,1,924974,47925789741,49552998163
5300225,8192,1,942144,49680604502,48587141981
5308417,8192,1,886412,46355902185,48207582276
5316609,8192,1,828036,44837407164,46479890007
5324801,8192,1,738251,42486626567,43250607075
5332993,8192,1,878562,44377402985,45460613216
5341185,8192,1,759784,39515895518,40664188439
5349377,8192,1,876958,45441991668,47741781290
5357569,8192,1,803479,46113372017,47280277488
5365761,8192,1,729028,45065663138,43874682211
5373953,8192,1,885713,47737923460,49156970683
5382145,8192,1,836995,51351355496,50722219341
5390337,8192,1,965931,52965281717,52619456336
5398529,8192,1,782926,50890084027,47190068078
5406721,8192,1,761190,48956703913,48959224796
5414913,8192,1,827064,48472063015,48412899551
5423105,8192,1,825418,49256575775,55021892458
5431297,8192,1,919267,52230978175,57532203813
5439489,8192,1,974226,55143258533,58878461372
5447681,8192,1,833508,50689771206,53567314222
5455873,8192,1,947860,56707817121,56499823518
5464065,8192,1,1033971,58652807039,59434364830
5472257,8192,1,1115589,59342364238,61719676953
5480449,8192,1,1153123,59083287853,62287054562
5488641,8192,1,1009152,56069946259,60653442131
5496833,8192,1,1156155,57601281303,64868397148
5505025,8192,1,1147957,57531469967,64783608254
5513217,8192,1,1088977,55330482420,59058564721
5521409,8192,1,1128476,54292326455,59609050146
5529601,8192,1,1047151,55026971310,62244442358
5537793,8192,1,1126959,57980108462,64395967018
5545985,8192,1,1076343,59166013084,64303518802
5554177,8192,1,1192396,59545348454,65913873113
5562369,8192,1,1376951,58519081749,70949153801
5570561,8192,1,976721,58050473193,60451742822
5578753,8192,1,1166387,57731284389,62217800715
5586945,8192,1,1161915,58406567436,64651721714
5595137,8192,1,1234914,60771886651,66466439868
5603329,8192,1,1124232,59755746193,63040933709
5611521,8192,1,1095478,60122260578,61869385567
5619713,8192,1,1158885,60368944644,66571754513
5627905,8192,1,1153817,60775416598,63512620376
5636097,8192,1,1226306,60413544072,63551605682
5644289,8192,1,1196097,59963033833,61661159608
5652481,8192,1,1148057,60165793954,64688746485
5660673,8192,1,1177054,60696972227,63317939429
5668865,8192,1,1235498,60047450465,65455700755
5677057,8192,1,1147362,60485425643,66820163135
5685249,8192,1,1108227,59774988632,63912691859
5693441,8192,1,1201882,61008511303,65321410100
5701633,8192,1,1183811,61676882288,69543863960
5709825,8192,1,1214637,61791485704,71961673600
5718017,8192,1,1086473,61499185628,71287519964
5726209,8192,1,1201901,61132528463,67225768685
5734401,8192,1,1114912,61252818451,65431177278
5742593,8192,1,1163973,60135524474,65563963814
5750785,8192,1,1084060,59600947136,64488211562
5758977,8192,1,1078372,59809101820,64364521323
5767169,8192,1,1114845,59325753351,65094419683
5775361,8192,1,1126138,59862973911,62527077348
5783553,8192,1,1136977,59212357830,61265593110
5791745,8192,1,1046515,52187366379,56328182776
5799937,8192,1,1040418,55190787848,58425524727
5808129,8192,1,853023,55324595267,54334284730
5816321,8192,1,1028624,57063660639,59903171577
5824513,8192,1,1117046,59270194084,64242080407
5832705,8192,1,1061157,58960211718,63939812342
5840897,8192,1,1055327,56548008958,61642975875
5849089,8192,1,878652,50539203884,55718706382
5857281,8192,1,1173486,57632243725,67664698314
5865473,8192,1,1081039,57617358569,62772976618
5873665,8192,1,1057229,56743055206,63812205142
5881857,8192,1,951758,58511385611,60069940369
5890049,8192,1,835183,61795713273,49020421470
5898241,8192,1,739929,61727951417,50327940383
5906433,8192,1,680873,61904063474,51448116981
5914625,8192,1,706329,61447371947,53632908254
5922817,8192,1,694577,62089394033,50739032296
5931009,8192,1,846968,57980071725,53284025551
5939201,8192,1,966559,59961762656,59237464770
5947393,8192,1,901788,60279415753,58349957930
5955585,8192,1,802864,60414676596,57389667248
5963777,8192,1,685110,63069117237,53380427364
5971969,8192,1,649712,59686231052,52356659682
5980161,8192,1,1036796,60094784408,64886424296
5988353,8192,1,1003503,59416305051,63534554388
5996545,8192,1,1027604,59615250433,61269562105
6004737,8192,1,892103,60438506569,65955782324
6012929,8192,1,880312,59806694762,62194817652
6021121,8192,1,1109642,60025112508,66635712851
6029313,8192,1,1094954,59640226996,66810037799
6037505,8192,1,1030417,59369607024,62788565245
6045697,8192,1,1057200,55900815277,65432891260
6053889,8192,1,940339,50753517403,56076272668
6062081,8192,1,1047645,56417459765,63822316282
6070273,8192,1,1070344,58612928291,66205378231
6078465,8192,1,1040326,59160341340,63339760892
6086657,8192,1,1032939,59245645508,59985108278
6094849,8192,1,978106,58080730358,59483350260
6103041,8192,1,949935,59434287423,63300821670
6111233,8192,1,814440,62418352419,79611734473
6119425,8192,1,756883,61929340206,83337185762
6127617,8192,1,891700,57927536222,70295455178
6135809,8192,1,894373,54124139868,57695785547
6144001,8192,1,948844,54474431056,62098476236
6152193,8192,1,949060,55935295379,61551272017
6160385,8192,1,940733,57179985070,62673497200
6168577,8192,1,875004,59767193046,68992454282
6176769,8192,1,854844,58633356661,63664879009
6184961,8192,1,869810,57172923878,63866068523
6193153,8192,1,858339,58716480746,65251734901
6201345,8192,1,808091,59068730609,63649909269
6209537,8192,1,816753,58875189706,67254507657
6217729,8192,1,809455,58560010270,63983387628
6225921,8192,1,839253,57560207356,64593403076
6234113,8192,1,845776,59019049499,66228123374
6242305,8192,1,804291,57082938691,67224011241
6250497,8192,1,779310,58293679134,62703547773
6258689,8192,1,935783,58551901338,65341093544
6266881,8192,1,832343,56739213761,64006826447
6275073,8192,1,815239,56879687612,65720208028
6283265,8192,1,869622,56503858451,63607010933
6291457,8192,1,753911,57192973874,64236789350
6299649,8192,1,796408,58492213661,64210575328
6307841,8192,1,775867,57819406693,64336497085
6316033,8192,1,731815,55554664930,60677820718
6324225,8192,1,801177,56055100336,62545531391
6332417,8192,1,702924,55639554786,61227755462
6340609,8192,1,628921,57287631240,60964822464
6348801,8192,1,701014,56796985035,59349932060
6356993,8192,1,679990,56753862938,62147082741
6365185,8192,1,679678,56844041949,54374140396
6373377,8192,1,730260,55694660589,62440217083
6381569,8192,1,631122,56053435110,57420290256
6389761,8192,1,623579,55480206989,59447184738
6397953,8192,1,722344,56431171315,60380076335
6406145,8192,1,629492,57158444543,60900221876
6414337,8192,1,709829,57357572825,60387691014
6422529,8192,1,613086,54942317621,53708033755
6430721,8192,1,606422,52576411946,55356340172
6438913,8192,1,642545,52459434620,56773012358
6447105,8192,1,731996,53145077742,56055564347
6455297,8192,1,724964,54306641564,63329887452
6463489,8192,1,815991,52726025166,60712772821
6471681,8192,1,729625,49182276339,52647261550
6479873,8192,1,669837,46831088707,48175263200
6488065,8192,1,747144,48122908769,53246034305
6496257,8192,1,717326,47958662805,60155504671
6504449,8192,1,718392,50909275438,57981315044
6512641,8192,1,730467,48392560754,54264240160
6520833,8192,1,738059,46131832206,54689143894
6529025,8192,1,724708,46477569891,53447344596
6537217,8192,1,800265,48971240353,56247977767
6545409,8192,1,787384,48497192206,55130308893
6553601,8192,1,698398,47187351487,54619537878
6561793,8192,1,737557,48788349686,54220215410
6569985,8192,1,764170,49888523955,56465119361
6578177,8192,1,680236,49997697795,49714557580
6586369,8192,1,749999,53088340658,51904394736
6594561,8192,1,705784,48019131508,53431467397
6602753,8192,1,656423,46400710382,52816291798
6610945,8192,1,849783,47748915390,57000319313
6619137,8192,1,801148,47807608803,56999079368
6627329,8192,1,765408,46669797740,54424406246
6635521,8192,1,743150,46887794423,54737034976
6643713,8192,1,665607,45877233135,56691524004
6651905,8192,1,758736,47427946240,59587643827
6660097,8192,1,827631,47805700088,57835248434
6668289,8192,1,740827,47033958754,55643741908
6676481,8192,1,701546,45737135850,54063288750
6684673,8192,1,693026,47473036303,56305832903
6692865,8192,1,744005,47361939810,54305492464
6701057,8192,1,728159,45355462532,53972502402
6709249,8192,1,803323,48175195526,56138458724
6717441,8192,1,731903,47282679908,55778272147
6725633,8192,1,669779,47058450238,51420154185
6733825,8192,1,736446,51234504987,55963886708
6742017,8192,1,845497,51556557281,58375623658
6750209,8192,1,783040,49450537411,54564705200
6758401,8192,1,785734,48600607825,51498000603
6766593,8192,1,644335,43880086628,47298643975
6774785,8192,1,718306,45320242271,51469036895
6782977,8192,1,787787,49300862376,56746243339
6791169,8192,1,797132,51216997662,54540028887
6799361,8192,1,778579,54480612692,66716780524
6807553,8192,1,777106,54418924892,63287483081
6815745,8192,1,641142,49816057934,60855542063
6823937,8192,1,767187,52605381030,62663444626
6832129,8192,1,795755,53448736123,64793141464
6840321,8192,1,787802,52776478133,66950314012
6848513,8192,1,788128,50809483628,65537646971
6856705,8192,1,703447,48678621512,62527665317
6864897,8192,1,720780,48100014209,57047526998
6873089,8192,1,753391,48766101024,56552203684
6881281,8192,1,726756,48283626988,57688671614
6889473,8192,1,759040,48229905528,55637034262
6897665,8192,1,733910,48871665264,60791349578
6905857,8192,1,752177,49522415159,59196228986
6914049,8192,1,802193,51410592357,56477472045
6922241,8192,1,859621,51928120590,60284744197
6930433,8192,1,800774,50391395202,58393989982
6938625,8192,1,748654,49387623217,57313136827
6946817,8192,1,796267,50255220086,60081047821
6955009,8192,1,748240,51693407873,55562283686
6963201,8192,1,806363,50150885645,62049064327
6971393,8192,1,728569,48656564463,60276840001
6979585,8192,1,735352,51199560672,62336896267
6987777,8192,1,699021,48682911486,63927871161
6995969,8192,1,634120,45831406577,54398740233
7004161,8192,1,892155,50536556554,62798180689
7012353,8192,1,782030,49273441119,61774891722
7020545,8192,1,741045,46097890688,57210030208
7028737,8192,1,762443,45093991002,58476881689
7036929,8192,1,853754,46603908786,57353422496
7045121,8192,1,810342,46377293130,57311306474
7053313,8192,1,770343,47471980730,57389983790
7061505,8192,1,683334,43555846112,53290617825
7069697,8192,1,838780,46875030520,58217953430
7077889,8192,1,763229,48582059456,55309408835
7086081,8192,1,751041,45191788480,54382997002
7094273,8192,1,795784,48515590361,56181016864
7102465,8192,1,787430,49228707462,54915328571
7110657,8192,1,985470,55948602087,60576795775
7118849,8192,1,879750,52775047845,59918182882
7127041,8192,1,771176,49224643811,56953061917
7135233,8192,1,810937,53308284328,62030222363
7143425,8192,1,915819,55117039138,66110693630
7151617,8192,1,910815,54754117820,61651535693
7159809,8192,1,886198,58713975871,66263348687
7168001,8192,1,726666,49138506055,54675099289
7176193,8192,1,693336,47109751685,54408037672
7184385,8192,1,724525,48036349840,51860799504
7192577,8192,1,708302,48268198216,52263053765
7200769,8192,1,727507,50120021956,54828726624
7208961,8192,1,790346,53098340347,60644298062
7217153,8192,1,906974,56741329110,61274513937
7225345,8192,1,933614,58596654890,64431455782
7233537,8192,1,885596,58671527494,64318131676
7241729,8192,1,1016104,61069572685,69621102437
7249921,8192,1,1020630,61369308543,66346565104
7258113,8192,1,985675,61058114637,69743591340
7266305,8192,1,1024395,60799942581,67929901213
7274497,8192,1,1073993,62911729753,72452695755
7282689,8192,1,959353,60722933235,68541880102
7290881,8192,1,721417,51558952034,60623722060
7299073,8192,1,635467,47439182717,58030490684
7307265,8192,1,768990,52539940390,60534102754
7315457,8192,1,782838,50497801672,60119874158
7323649,8192,1,736531,48680635829,56978838626
7331841,8192,1,693431,48979000213,58150659129
7340033,8192,1,700353,48470463657,58861313653
7348225,8192,1,656165,47754014325,53892859518
7356417,8192,1,706952,49781969594,59560055951
7364609,8192,1,702560,51552295972,56889756497
7372801,8192,1,748488,51189895210,57970679580
7380993,8192,1,672970,50289379405,55581709601
7389185,8192,1,618374,46747527961,56456979079
7397377,8192,1,731407,53849189259,59367918776
7405569,8192,1,823103,54459907520,58985295088
7413761,8192,1,820567,57996395789,63853121114
7421953,8192,1,759259,54880499899,61563603002
7430145,8192,1,709874,50266481813,57113131500
7438337,8192,1,799413,52617562312,62045661903
7446529,8192,1,803464,53862112844,63483527071
7454721,8192,1,776283,53348274726,61628552347
7462913,8192,1,841975,55623955618,63016668396
7471105,8192,1,853955,57452318218,66688841064
7479297,8192,1,795154,56297422443,63871287311
7487489,8192,1,889445,56376229780,69035688274
7495681,8192,1,1021969,60023042579,73446229981
7503873,8192,1,875237,55313971334,66327736197
7512065,8192,1,775071,49429826010,61144961143
7520257,8192,1,725889,47064363363,58701286727
7528449,8192,1,834843,51650564844,64460655003
7536641,8192,1,789507,50757917942,64401019601
7544833,8192,1,867687,54598783786,61947888607
7553025,8192,1,960725,56469515355,63974251757
7561217,8192,1,815707,50313874323,63061687335
7569409,8192,1,666231,46144005917,57266309810
7577601,8192,1,832815,54175134238,57417279939
7585793,8192,1,885526,58087439964,63900268468
7593985,8192,1,861278,55905434119,63448610269
7602177,8192,1,852806,50342783962,62205390376
7610369,8192,1,887841,49888381296,63085117183
7618561,8192,1,860187,54950616424,60598049069
7626753,8192,1,915348,54030183176,65000099277
7634945,8192,1,852309,51681051150,64288420996
7643137,8192,1,912370,53049696773,63517527218
7651329,8192,1,738803,45900258701,55383939934
7659521,8192,1,713836,45748826296,54725876924
7667713,8192,1,848035,50538533259,58976788940
7675905,8192,1,937742,55323766578,66931939208
7684097,8192,1,787627,54383889810,59132345412
7692289,8192,1,833589,53247672067,60059090748
7700481,8192,1,814204,49535470442,59478544410
7708673,8192,1,903137,54358941917,61054161447
7716865,8192,1,801151,62622317283,55792337409
7725057,8192,1,905524,59014777802,65368186351
7733249,8192,1,960512,58327935763,70985830647
7741441,8192,1,936278,56411432504,69319023582
7749633,8192,1,890324,53572479595,70572366893
7757825,8192,1,1027125,58522479696,75491614490
7766017,8192,1,1065365,61612038604,80287941051
7774209,8192,1,1133091,62039236317,77362639924
7782401,8192,1,1013568,61944787561,76540667969
7790593,8192,1,977456,60660792594,74190474516
7798785,8192,1,1062407,59684547724,75979096339
7806977,8192,1,1017774,59902115809,73998346331
7815169,8192,1,1154301,60693446908,75607767232
7823361,8192,1,1129298,60341384806,75353587789
7831553,8192,1,1048171,56590059373,70670684000
7839745,8192,1,1006866,55276418358,70240253259
7847937,8192,1,1266339,61467920318,75053034652
7856129,8192,1,1153575,60984143819,70839054073
7864321,8192,1,1115475,59852831907,76444815969
7872513,8192,1,1148287,60908945609,72937893442
7880705,8192,1,1236171,60021117831,77051679242
7888897,8192,1,1119286,58582250428,72207058941
7897089,8192,1,1116862,59438959515,73231715147
7905281,8192,1,1053564,59511201019,71339528529
7913473,8192,1,1018766,59916578393,71929831788
7921665,8192,1,1163030,58202234652,66005123931
7929857,8192,1,932972,56541598892,69960462888
7938049,8192,1,1335617,61768841096,75278700135
7946241,8192,1,1126115,60333225913,77499906275
7954433,8192,1,930625,59253863905,77026852190
7962625,8192,1,1155991,60318831521,76937192847
7970817,8192,1,1149787,58205892161,74342207846
7979009,8192,1,1168100,58675133580,73932834912
7987201,8192,1,1109590,60201568915,71120862729
7995393,8192,1,1246696,60953748469,70141723425
8003585,8192,1,1072671,58459135873,73926423036
8011777,8192,1,915176,52150084703,71267331751
8019969,8192,1,1048977,54347088319,71519231400
8028161,8192,1,1161083,57901070063,71198929815
8036353,8192,1,1038066,60739991885,70833567091
8044545,8192,1,1058512,61452870344,70152115456
8052737,8192,1,1224568,57520110354,69525677301
8060929,8192,1,883351,49034881564,62040005164
8069121,8192,1,1093556,54937862712,67557115066
8077313,8192,1,1171620,58985335698,74693495874
8085505,8192,1,970944,57604952668,71325237834
8093697,8192,1,1018286,53175452767,67658392257
8101889,8192,1,907967,52281783686,65109003310
8110081,8192,1,872493,50955441103,65640638180
8118273,8192,1,1016880,55439650663,71740344542
8126465,8192,1,893543,53041319100,68569309902
8134657,8192,1,1199821,58355280103,73025456768
8142849,8192,1,872903,50503746198,67029606843
8151041,8192,1,753363,48910092076,64856223572
8159233,8192,1,888841,55200745635,70672199112
8167425,8192,1,1358869,61654254721,67617039336
8175617,8192,1,919344,57647015958,72071471255
8183809,8192,1,948309,52872475578,65897013224
8192001,8192,1,738324,46746541520,60113734827
8200193,8192,1,738422,45469577722,58563206611
8208385,8192,1,812997,50384096789,63321157127
8216577,8192,1,1006640,52371646321,61074113367
8224769,8192,1,1163238,59595554009,70005481223
8232961,8192,1,798761,53019994658,64625834601
8241153,8192,1,697829,51960965721,61071185959
8249345,8192,1,841109,52000342474,64822130053
8257537,8192,1,930193,54459937700,68214276208
8265729,8192,1,975208,58222853369,70141805228
8273921,8192,1,1020904,56306070571,68184336773
8282113,8192,1,938526,53080739771,61781048076
8290305,8192,1,820570,51981464609,67019562474
8298497,8192,1,940581,58623412073,68390605714
8306689,8192,1,877846,57683653048,67099002246
8314881,8192,1,914277,57238738726,69933618026
8323073,8192,1,880678,51566549035,65629663430
8331265,8192,1,763133,51489770819,73448264703
8339457,8192,1,835498,52115559990,62572966012
8347649,8192,1,940995,53853618011,65978015806
8355841,8192,1,935120,59792349550,69345752903
8364033,8192,1,849350,54624898279,65189633774
8372225,8192,1,826549,50554075020,62169420069
8380417,8192,1,893359,53524916702,65545211922
8388609,8192,1,950037,59670381591,75535281601
8396801,8192,1,851952,59067138486,67014892967
8404993,8192,1,971316,58701071184,72105497753
8413185,8192,1,957288,57866515165,73019355711
8421377,8192,1,838965,57549256819,63548719085
8429569,8192,1,893296,61104343635,61140843718
8437761,8192,1,993838,59809150417,68448342957
8445953,8192,1,964813,60789904230,70633803104
8454145,8192,1,839047,59657647316,66174731568
8462337,8192,1,854037,59372454307,63520748567
8470529,8192,1,970235,60191471319,67711199811
8478721,8192,1,988342,61800831528,66696870547
8486913,8192,1,828164,61286830855,61682585290
8495105,8192,1,1002499,62022730823,63848682627
8503297,8192,1,989779,61828220456,62795535132
8511489,8192,1,835312,61844907375,57949072140
8519681,8192,1,889469,61679703719,58779202801
8527873,8192,1,965347,61385667796,60088050260
8536065,8192,1,931052,61592837583,60593183691
8544257,8192,1,754048,61629636775,56126919411
8552449,8192,1,803745,61961780469,59706810253
8560641,8192,1,939276,63530816772,63505361611
8568833,8192,1,851417,65923346777,63242496976
8577025,8192,1,841049,65623489141,62413992038
8585217,8192,1,992152,73222626803,69781274062
8593409,8192,1,817459,77878755186,65490126014
8601601,8192,1,699019,76628772865,65675332209
8609793,8192,1,811933,78058009201,65063220612
8617985,8192,1,949393,77470743277,75981242831
8626177,8192,1,869464,75793509999,71424592283
8634369,8192,1,739889,74187688186,65002215609
8642561,8192,1,818926,77685558439,69459695495
8650753,8192,1,825924,78026267904,71309821565
8658945,8192,1,812147,70393239512,79401339694
8667137,8192,1,785673,61570806794,71749172378
8675329,8192,1,816542,65781442449,68311434319
8683521,8192,1,757973,54004019478,66185078812
8691713,8192,1,683329,52246980326,61836132071
8699905,8192,1,849122,55659160493,66827844311
8708097,8192,1,975466,59263476741,71766112042
8716289,8192,1,913001,59041577975,70875845386
8724481,8192,1,868978,54281558998,65020233343
8732673,8192,1,805391,49494687484,61810352207
8740865,8192,1,812980,52561159401,63973744676
8749057,8192,1,822366,52666178343,64389907174
8757249,8192,1,919564,56098391378,67488171788
8765441,8192,1,968016,57877117485,71201427399
8773633,8192,1,860153,51481505907,62415156883
8781825,8192,1,790868,47257860195,58564424200
8790017,8192,1,942832,53538052783,64601712021
8798209,8192,1,940694,61685676481,73064895626
8806401,8192,1,885927,61658922238,67817083979
8814593,8192,1,1038029,61369004831,75496158296
8822785,8192,1,879793,52146272787,65573566304
8830977,8192,1,878509,55697156073,68077272373
8839169,8192,1,964736,62541552293,83410794326
8847361,8192,1,996914,61590833329,80549051568
8855553,8192,1,885028,55127615561,63255439133
8863745,8192,1,791523,55304861134,65707384564
8871937,8192,1,849887,63786091420,81657119020
8880129,8192,1,902373,61012686158,73985405217
8888321,8192,1,941387,59426643172,72440126547
8896513,8192,1,1133114,63866621409,85240427958
8904705,8192,1,802562,63727133550,85555847723
8912897,8192,1,845445,61409418399,82542066654
8921089,8192,1,1017609,65029754319,85080563057
8929281,8192,1,907925,63564436196,81477318419
8937473,8192,1,967802,66232587516,84445622855
8945665,8192,1,897482,65346650167,84884448658
8953857,8192,1,750217,65003544141,71744998236
8962049,8192,1,1086994,67502783028,84687818188
8970241,8192,1,951713,66237749089,78942355095
8978433,8192,1,981183,69267416517,79006609710
8986625,8192,1,1055590,68273551884,89401489740
8994817,8192,1,780717,56833119505,75715109055
9003009,8192,1,1036805,73004597454,87553624000
9011201,8192,1,1012222,71455636535,83659271594
9019393,8192,1,874242,71548472212,81257700769
9027585,8192,1,971248,66791843410,83397036435
9035777,8192,1,840102,64595196013,79986065095
9043969,8192,1,994170,64934612725,80143423223
9052161,8192,1,888691,65383679263,80091448213
9060353,8192,1,942244,57388886441,72534362084
9068545,8192,1,701653,48078807041,60765209006
9076737,8192,1,754798,61024714378,71373186903
9084929,8192,1,908482,65338335472,77611930995
9093121,8192,1,898709,68826620520,83231440112
9101313,8192,1,947022,69761741984,78475626142
9109505,8192,1,855685,64915604147,76373487425
9117697,8192,1,936510,68593558199,81410260179
9125889,8192,1,1110657,74193543274,89265765866
9134081,8192,1,974020,71692480309,87287803946
9142273,8192,1,971906,69278593897,83944581568
9150465,8192,1,940651,67361910005,80147241873
9158657,8192,1,931319,67770003761,80698047430
9166849,8192,1,1003627,67301994373,78437206729
9175041,8192,1,901224,64936435027,78789514441
9183233,8192,1,768025,58547006772,69964476836
9191425,8192,1,992708,64118389903,77914316466
9199617,8192,1,767537,60728207372,72636463630
9207809,8192,1,741824,53901328760,68796400532
9216001,8192,1,698064,49104444455,60002410768
9224193,8192,1,643992,47707551961,61520050435
9232385,8192,1,827015,55845001987,69781107251
9240577,8192,1,847844,59333225580,71781083284
9248769,8192,1,757262,52846524981,64865576055
9256961,8192,1,716538,54524823239,66791693483
9265153,8192,1,714126,49995214601,59907155061
9273345,8192,1,716731,54250605891,66496890388
9281537,8192,1,763184,56104624149,69504167826
9289729,8192,1,852003,63108379279,77095317635
9297921,8192,1,904053,60658920099,73498762021
9306113,8192,1,828610,56073471319,71203168077
9314305,8192,1,742441,55013686452,70180832398
9322497,8192,1,731295,52787689502,65357478800
9330689,8192,1,708369,52392880422,64154960794
9338881,8192,1,664925,47456678772,61992299422
9347073,8192,1,627062,59045841516,70616089052
9355265,8192,1,542072,51533409470,62339158160
9363457,8192,1,553768,51823161640,62368987088
9371649,8192,1,664552,57497993985,71074783089
9379841,8192,1,665352,58873592863,70295395488
9388033,8192,1,708523,60684737157,74410622188
9396225,8192,1,742494,61352845542,73346553251
9404417,8192,1,682535,52096944972,66600398254
9412609,8192,1,730720,56467680323,73935352864
9420801,8192,1,659919,65708295301,93121195224
9428993,8192,1,805946,68506237462,96408339049
9437185,8192,1,799261,70730540231,97796698195
9445377,8192,1,782815,64727852547,86835521665
9453569,8192,1,806095,57998734790,77072142748
9461761,8192,1,873153,60674145097,75368514527
9469953,8192,1,978600,68453757397,90639930422
9478145,8192,1,932038,68593126285,89368939004
9486337,8192,1,969887,65412428592,83765976555
9494529,8192,1,871662,61072195102,80448690700
9502721,8192,1,880415,67010896351,92257525177
9510913,8192,1,877077,62637487079,82239536059
9519105,8192,1,892491,66341797417,83722082590
9527297,8192,1,886525,63743218469,83735757777
9535489,8192,1,763034,56916289211,74951763405
9543681,8192,1,755739,51749236039,72146775603
9551873,8192,1,873175,63714325503,82283287182
9560065,8192,1,894671,66968083563,91197296215
9568257,8192,1,871975,67196685161,91850153766
9576449,8192,1,833002,63337835446,84711154615
9584641,8192,1,804983,57162122774,75991375022
9592833,8192,1,852642,58816487988,79692880652
9601025,8192,1,804419,61358444080,82106782357
9609217,8192,1,849312,58233450860,78231240980
9617409,8192,1,927929,63536028152,84701986482
9625601,8192,1,813905,59495790605,79240238127
9633793,8192,1,774141,59853748240,84302402978
9641985,8192,1,1008519,71796902215,96408292167
9650177,8192,1,946237,66707485905,85304802381
9658369,8192,1,908074,73540668043,101301421195
9666561,8192,1,1048466,76252778127,101566993660
9674753,8192,1,866412,68574360918,87489573883
9682945,8192,1,932972,70752871888,95497088373
9691137,8192,1,979047,71791734313,94493324765
9699329,8192,1,918888,67817796157,93989049175
9707521,8192,1,1104725,71177466006,103759768395
9715713,8192,1,1104271,71716325188,105328962933
9723905,8192,1,963052,66999392072,90239099708
9732097,8192,1,1005464,65795578186,91699708687
9740289,8192,1,1059837,67994246828,91430392808
9748481,8192,1,979162,67629006993,89999473484
9756673,8192,1,885081,62292836211,84846997754
9764865,8192,1,833802,62457382863,82057074305
9773057,8192,1,837546,61034522068,76732741502
9781249,8192,1,946051,67857791102,85848149123
9789441,8192,1,819208,65866256100,83839736184
9797633,8192,1,924104,68240421801,91334734807
9805825,8192,1,881246,68247029882,87761197048
9814017,8192,1,778987,66071308722,83299996249
9822209,8192,1,911174,69795340731,94241311470
9830401,8192,1,1006706,71978418806,96074584029
9838593,8192,1,1038633,71509025018,96864440534
9846785,8192,1,896865,69792988764,91130416279
9854977,8192,1,847711,67034768302,84636667256
9863169,8192,1,911641,68667883187,89438789210
9871361,8192,1,996682,70107950073,91641807125
9879553,8192,1,973566,69625920413,94149117024
9887745,8192,1,993179,71185747311,95448296915
9895937,8192,1,1003198,70717713319,94512845923
9904129,8192,1,1002534,71808040774,97651869641
9912321,8192,1,973237,71613101484,95870496576
9920513,8192,1,1033485,72846155160,93526826274
9928705,8192,1,1031123,73635393603,98452446240
9936897,8192,1,1080661,74097718137,98353600153
9945089,8192,1,978766,70891484395,94387011588
9953281,8192,1,1042650,72417886178,96734420582
9961473,8192,1,1112412,74009890439,100186503186
9969665,8192,1,1081752,73469731113,100771411240
9977857,8192,1,1115522,75780146275,102274054061
9986049,8192,1,1042699,73335453765,99118125624
9994241,8192,1,1012025,72304159780,99089929369
10002433,8192,1,947807,73177316635,97706946613
10010625,8192,1,993860,74248158794,96708697680
10018817,8192,1,1083307,76321832298,101440026875
10027009,8192,1,1144640,76778212899,103672918803
10035201,8192,1,1106267,76509496209,102758015247
10043393,8192,1,1136468,76529152684,105189991022
10051585,8192,1,1143192,76622953602,100573686806
10059777,8192,1,1071558,76691528658,99830500256
10067969,8192,1,1035874,75016157201,96765938364
10076161,8192,1,1190056,75265046958,95768466973
10084353,8192,1,1052095,76722732640,101040951587
10092545,8192,1,1059358,76839914668,104132062946
10100737,8192,1,1078590,77061038954,100684670026
10108929,8192,1,1104262,76917215732,94271354141
10117121,8192,1,1171376,77120896113,100989374628
10125313,8192,1,1065388,77604654123,106141928187
10133505,8192,1,1080586,77621034018,100246856699
10141697,8192,1,1185945,77375102520,100031753658
10149889,8192,1,1118057,77079879819,99354464737
10158081,8192,1,1140551,77535086646,105267636410
10166273,8192,1,1201889,77314405596,104485825214
10174465,8192,1,1114490,77129632609,104094742802
10182657,8192,1,1131014,76977719808,103265155042
10190849,8192,1,1225990,76646881261,104859047634
10199041,8192,1,1193971,77200838933,101230407729
10207233,8192,1,1174049,77770485494,104652125839
10215425,8192,1,1131601,77893106666,101736783511
10223617,8192,1,1214716,77082495252,101231365541
10231809,8192,1,1239036,76812658037,102776665862
10240001,8192,1,1174334,77539060580,105681825813
10248193,8192,1,1147536,77645370823,107560142303
10256385,8192,1,1130296,76924591639,105589568354
10264577,8192,1,1030018,77324495149,105345210178
10272769,8192,1,1086505,77623073831,106496965130
10280961,8192,1,1133919,77708872357,106041638847
10289153,8192,1,1154060,77788627230,105591993506
10297345,8192,1,1188569,79487887047,112729455257
10305537,8192,1,1162732,92108783782,131460496534
10313729,8192,1,1258422,92807705936,126317954051
10321921,8192,1,1454915,92532120917,125543525569
10330113,8192,1,1363088,93006927167,129618263790
10338305,8192,1,1297387,91799653406,126385976781
10346497,8192,1,1317779,93102367684,127887856433
10354689,8192,1,1316959,92167733414,128612852366
10362881,8192,1,1294409,91868826372,124830321497
10371073,8192,1,1371189,92625323824,126005199088
10379265,8192,1,1370935,91279955444,124683459915
10387457,8192,1,1323638,91353035083,126803959317
10395649,8192,1,1176812,92192015743,129269947898
10403841,8192,1,1130901,92191092473,123725298602
10412033,8192,1,1365356,91517607743,126310703781
10420225,8192,1,1350461,91558164098,126570753827
10428417,8192,1,1325279,93052871840,130381372974
10436609,8192,1,1315451,92424243235,126851111568
10444801,8192,1,1280543,91824104587,129251917773
10452993,8192,1,1386630,92677741195,127542526644
10461185,8192,1,1350573,93443272480,132048718399
10469377,8192,1,1413221,93408214190,125606065901
10477569,8192,1,1409852,91813150323,119503728395
10485761,8192,1,1325146,92491978229,127663184792
10493953,8192,1,1360475,93375068735,130159797630
10502145,8192,1,1477277,93028293528,127356616779
10510337,8192,1,1458912,93395121237,127262648461
10518529,8192,1,1407547,93881286759,132728187899
10526721,8192,1,1441709,95010075686,130518802813
10534913,8192,1,1517598,98525141995,138994463387
10543105,8192,1,1527082,98878550793,137962124011
10551297,8192,1,1529306,98563439926,139567288435
10559489,8192,1,1488034,98120186326,131276069556
10567681,8192,1,1545901,98405600084,133521384720
10575873,8192,1,1481930,98131779771,135788541740
10584065,8192,1,1392202,98224165663,136508198834
10592257,8192,1,1533065,98063078190,134309380190
10600449,8192,1,1520463,98076761196,135511911221
10608641,8192,1,1485632,97643007726,133717372601
10616833,8192,1,1537129,98094168122,132376651146
10625025,8192,1,1531409,97567851758,128821476394
10633217,8192,1,1605029,98527900785,131128509625
10641409,8192,1,1581691,98109215587,127713773252
10649601,8192,1,1533873,98321831677,123399770861
10657793,8192,1,1556816,98751922551,125466193677
10665985,8192,1,1455320,98419002087,131975417196
10674177,8192,1,1399828,98856138099,130204962797
10682369,8192,1,1543182,99064986797,128661088817
10690561,8192,1,1541635,98835373983,126643695651
10698753,8192,1,1495339,99053764120,129490332012
10706945,8192,1,1535453,99205973257,133324858168
10715137,8192,1,1411860,98432768557,132434519991
10723329,8192,1,1465940,98922916151,132176578857
10731521,8192,1,1445079,99057744442,131111638689
10739713,8192,1,1409598,98835109309,132167564862
10747905,8192,1,1434689,98604438114,131153972504
10756097,8192,1,1432351,98393824834,127746670861
10764289,8192,1,1436449,98995119384,125419010239
10772481,8192,1,1494024,98865322370,123914898916
10780673,8192,1,1564213,98943876509,123317123533
10788865,8192,1,1487517,99069578049,121857234808
10797057,8192,1,1431398,98631734597,130390629456
10805249,8192,1,1279797,97861496443,131659972123
10813441,8192,1,1314075,99369544817,133609879699
10821633,8192,1,1326300,98850079622,128311853632
10829825,8192,1,1297628,99169380318,127730108368
10838017,8192,1,1376879,98939998883,125994811186
10846209,8192,1,1346219,99403792278,128752998443
10854401,8192,1,1323252,99251403001,127602113581
10862593,8192,1,1334976,99494857878,129124835476
10870785,8192,1,1341365,99559553820,129809822410
10878977,8192,1,1470136,99262735048,125411999505
10887169,8192,1,1685788,99549571043,127165376519
10895361,8192,1,1395013,99353151545,132744012779
10903553,8192,1,1353200,99129856294,129798019897
10911745,8192,1,1436134,99015606534,131024859180
10919937,8192,1,1372106,99208153089,128344401177
10928129,8192,1,1338149,99199886160,131216015290
10936321,8192,1,1303750,99210160521,131540260915
10944513,8192,1,1283208,99611151083,130750959959
10952705,8192,1,1319801,99531959189,125532116260
10960897,8192,1,1352636,99310002799,128996369692
10969089,8192,1,1375102,99466085443,130427568064
10977281,8192,1,1318730,99628423479,134547500847
10985473,8192,1,1227266,99669860657,130211280232
10993665,8192,1,1251634,99764662138,129356526413
11001857,8192,1,1356592,99619090549,131399941779
11010049,8192,1,1378517,99485553104,132899863845
11018241,8192,1,1275742,98374192970,129182740844
11026433,8192,1,1354490,99298692809,131064384207
11034625,8192,1,1310112,97186693575,128122481444
11042817,8192,1,1334103,99245280398,131247937166
11051009,8192,1,1363729,99758052158,131739135426
11059201,8192,1,1433294,99811214650,132958256055
11067393,8192,1,1554046,99865509853,139158040228
11075585,8192,1,1348576,99492264844,138417676107
11083777,8192,1,1248034,99629928157,135452001897
11091969,8192,1,1401515,99673560434,138106272203
11100161,8192,1,1447762,99741103137,137243072165
11108353,8192,1,1485144,99829077573,139633041445
11116545,8192,1,1398817,99670502872,135322831562
11124737,8192,1,1270161,99750583272,134076925932
11132929,8192,1,1320965,100173706874,134943841332
11141121,8192,1,1325674,99897977809,136776596053
11149313,8192,1,1402938,99852564415,135375824267
11157505,8192,1,1427512,99848646888,133358603509
11165697,8192,1,1399016,99824607865,135715268332
11173889,8192,1,1294020,99650819487,136643754919
11182081,8192,1,1438620,99932057170,138575527443
11190273,8192,1,1438914,100005225132,136140113193
11198465,8192,1,1443942,99739876237,138014454234
11206657,8192,1,1412633,99729278350,140544865105
11214849,8192,1,1380570,99693471850,140466591281
11223041,8192,1,1383145,99903866172,138851262051
11231233,8192,1,1478358,100104962850,139297657409
11239425,8192,1,1347924,99887377082,138664741532
11247617,8192,1,1381274,100222018318,136427883877
11255809,8192,1,1444439,99786699446,136799032487
11264001,8192,1,1316079,99890293002,138558718953
11272193,8192,1,1347710,99946984814,140080859142
11280385,8192,1,1484505,99851935427,141785015647
11288577,8192,1,1396744,99998982049,144634698015
11296769,8192,1,1470900,99784151152,143240130619
11304961,8192,1,1430049,99687376856,146155458357
11313153,8192,1,1453839,99667400561,146883868686
11321345,8192,1,1595756,99733144268,145381999302
11329537,8192,1,1528036,99788326430,144751998764
11337729,8192,1,1445057,99542969394,144419077266
11345921,8192,1,1359299,100074192393,139244563704
11354113,8192,1,1214427,99786388904,138153173185
11362305,8192,1,1448539,99876697498,144161812216
11370497,8192,1,1443442,99905517041,144511238901
11378689,8192,1,1372946,99494705111,139147173474
11386881,8192,1,1460716,99919270857,144258204989
11395073,8192,1,1324871,99802789764,142871520686
11403265,8192,1,1294644,99751712798,140343620641
11411457,8192,1,1427163,99936036914,140874429388
11419649,8192,1,1470939,99901096311,141041464057
11427841,8192,1,1374494,99957562220,139789339490
11436033,8192,1,1412862,100230306566,138452292562
11444225,8192,1,1374249,100053691309,137807277193
11452417,8192,1,1571219,99840223592,140472022453
11460609,8192,1,1495879,100010686253,139787328014
11468801,8192,1,1604419,100116741671,143661487883
11476993,8192,1,1633118,99820704698,141771225264
11485185,8192,1,1504462,99935838936,149111173291
11493377,8192,1,1317697,100499782245,144932306954
11501569,8192,1,1456024,100174119560,140734514236
11509761,8192,1,1513323,100006134277,139126405920
11517953,8192,1,1519607,99951925790,141445510393
11526145,8192,1,1383406,99807024509,139574090149
11534337,8192,1,1422653,100061173912,146180694785
11542529,8192,1,1545477,99930647157,144466478610
11550721,8192,1,1558532,100242503361,144202279159
11558913,8192,1,1504436,99761429052,141191875118
11567105,8192,1,1457170,99838244510,144521130774
11575297,8192,1,1421856,100360462892,145105191659
11583489,8192,1,1555722,100143247311,147050425008
11591681,8192,1,1574678,99900660852,144167937438
11599873,8192,1,1594565,100048647754,143940072462
11608065,8192,1,1659040,100329595801,147197918662
11616257,8192,1,1617443,100220177970,144288434239
11624449,8192,1,1532623,100080599389,144235893809
11632641,8192,1,1542361,100037161583,145013096410
11640833,8192,1,1571861,100308996380,140986309307
11649025,8192,1,1395721,100378559333,144280955804
11657217,8192,1,1490221,100226114683,145758706621
11665409,8192,1,1513739,99985733401,142517608356
11673601,8192,1,1486715,99964988407,143145499365
11681793,8192,1,1497379,99497295251,143999714560
11689985,8192,1,1555675,99583756838,142492463573
11698177,8192,1,1526425,99975239456,141313391948
11706369,8192,1,1506885,100205850486,161516399349
11714561,8192,1,1417140,100076759648,164605453371
11722753,8192,1,1419327,100185239943,156873451448
11730945,8192,1,1535326,99752558396,144873615717
11739137,8192,1,1475350,100121062315,143095198122
11747329,8192,1,1462315,100110564487,144966329964
11755521,8192,1,1607984,100218708518,145921006543
11763713,8192,1,1561092,100091344980,142118299692
11771905,8192,1,1634365,99974635368,139176682065
11780097,8192,1,1611463,100152909187,143769740904
11788289,8192,1,1659488,100051303446,142148046393
11796481,8192,1,1665774,99976385541,141168223842
11804673,8192,1,1595345,99986758305,139546170739
11812865,8192,1,1524046,99728316562,140077331311
11821057,8192,1,1641213,100165414493,140686512861
11829249,8192,1,1680031,99908869524,139764460551
11837441,8192,1,1612325,99880712091,142398467026
11845633,8192,1,1614251,99971067648,143826810951
11853825,8192,1,1556277,99978320446,143112219825
11862017,8192,1,1512954,100017672279,144162306084
11870209,8192,1,1549037,99886206895,141117896863
11878401,8192,1,1571428,100164009970,143647354364
11886593,8192,1,1668305,100312517315,142403202554
11894785,8192,1,1682065,100025730811,146032732053
11902977,8192,1,1570310,100112225843,146915340656
11911169,8192,1,1644933,100154217941,146318713663
11919361,8192,1,1656821,100207884794,146242435238
11927553,8192,1,1582493,100126425907,142867486801
11935745,8192,1,1521475,100167079312,145305308446
11943937,8192,1,1521683,100388045346,150201482417
11952129,8192,1,1489299,99966830319,153205083838
11960321,8192,1,1544635,100287189976,150312205405
11968513,8192,1,1561452,100362822758,149887055856
11976705,8192,1,1547967,99807104865,150826955493
11984897,8192,1,1485163,100423627141,145300293508
11993089,8192,1,1491502,100554250927,145267328222
12001281,8192,1,1511597,100501602390,145156224287
12009473,8192,1,1613129,100389557491,149630537307
12017665,8192,1,1618139,100182492628,148115642407
12025857,8192,1,1670231,100793818551,143450574309
12034049,8192,1,1618179,100973456970,146116674242
12042241,8192,1,1636290,100626663293,146557041717
12050433,8192,1,1664045,100791135270,142531819464
12058625,8192,1,1614383,100610086286,141602014889
12066817,8192,1,1626536,100553630407,141679071705
12075009,8192,1,1627135,100664025896,146847582213
12083201,8192,1,1538091,100839562356,147791956397
12091393,8192,1,1630555,100752831001,141381394249
12099585,8192,1,1633198,100611408516,148346333101
12107777,8192,1,1693381,100714695598,145119438763
12115969,8192,1,1640460,100682351254,145970570363
12124161,8192,1,1538108,100693050780,147938249538
12132353,8192,1,1528903,100580839188,146640413390
12140545,8192,1,1638145,100567752635,147668267880
12148737,8192,1,1686577,100662518085,145947653186
12156929,8192,1,1700547,100764775287,148964630599
12165121,8192,1,1713298,100590983304,151096589414
12173313,8192,1,1558439,100652606920,148976644835
12181505,8192,1,1598931,100706966213,150949380967
12189697,8192,1,1658474,100768276142,151579886325
12197889,8192,1,1637377,100917775639,150018926545
12206081,8192,1,1654920,100978253443,150707972817
12214273,8192,1,1653938,101056372273,151718753613
12222465,8192,1,1558132,101083378473,154658148827
12230657,8192,1,1706312,101058340035,154218291954
12238849,8192,1,1767076,101153617321,155044111700
12247041,8192,1,1547107,101156385394,156550770714
12255233,8192,1,1807586,101213455045,154552998545
12263425,8192,1,1827918,101340557214,152148496626
12271617,8192,1,1812421,101225928616,156144577981
12279809,8192,1,1929005,102065174460,149671215472
12288001,8192,1,1974887,113736085303,171335020013
12296193,8192,1,2023402,120815230694,187467553332
12304385,8192,1,1812523,120875986075,185001274542
12312577,8192,1,1728126,121038645094,195263712847
12320769,8192,1,1828550,120484717452,192326140276
12328961,8192,1,1856686,120211855092,194292955618
12337153,8192,1,1960808,120130384288,186990610955
12345345,8192,1,1834647,120407730128,191781024248
12353537,8192,1,1789128,120394301428,195570284569
12361729,8192,1,1845221,120562860077,195054839632
12369921,8192,1,1928680,120791685995,193506901622
12378113,8192,1,1897871,120919218796,192419521929
12386305,8192,1,1956011,121273660873,191209442284
12394497,8192,1,2024916,121410961017,186899051172
12402689,8192,1,2206937,120878046089,186540902417
12410881,8192,1,2161590,121219190569,177162769468
12419073,8192,1,2154173,120712639060,172503008771
12427265,8192,1,2025421,121107996489,188817889984
12435457,8192,1,1919756,121298892011,186280167656
12443649,8192,1,1849268,121098408850,188674419245
12451841,8192,1,1841994,121305918840,194035007266
12460033,8192,1,1812728,121289513405,188030126185
12468225,8192,1,1836821,121131924561,204511505398
12476417,8192,1,1847130,121013257890,197245162976
12484609,8192,1,1726342,121110215473,197132639350
12492801,8192,1,1565797,121227551605,197691972017
12500993,8192,1,1661227,120989838462,192918912592
12509185,8192,1,1657744,121397791130,192259108055
12517377,8192,1,1686415,120881512313,190518282347
12525569,8192,1,1635921,121020595616,185957468590
12533761,8192,1,1638295,120828007952,190683475751
12541953,8192,1,1630729,121115033416,193387774342
12550145,8192,1,1669238,121350515963,192371056916
12558337,8192,1,1606500,120840646922,184832788987
12566529,8192,1,1705647,120843737763,195832901766
12574721,8192,1,1593840,120738844726,190999927294
12582913,8192,1,1428541,118845017866,188807629103
12591105,8192,1,1527605,119581549488,196368619504
12599297,8192,1,1538160,121177086792,195625415802
12607489,8192,1,1544054,120921611838,194031827846
12615681,8192,1,1489350,121042433482,192764014377
12623873,8192,1,1435704,119449851412,192863466579
12632065,8192,1,1452687,118027659375,193354246198
12640257,8192,1,1546021,120587022943,194071742132
12648449,8192,1,1522355,120371457890,192830679847
12656641,8192,1,1515099,120323786912,192329449862
12664833,8192,1,1463056,119801520354,187239495590
12673025,8192,1,1336569,117778012653,185793829542
12681217,8192,1,1523979,120492919264,198187641154
12689409,8192,1,1641347,120800581446,202475549455
12697601,8192,1,1517616,120209411085,197200308439
12705793,8192,1,1572885,120784865947,195425758035
12713985,8192,1,1443041,119223702600,191363687280
12722177,8192,1,1560503,118711360145,194291287560
12730369,8192,1,1710200,120752573783,203287865166
12738561,8192,1,1525513,120574020911,194157440583
12746753,8192,1,1545180,120340259097,193212828288
12754945,8192,1,1491209,119617730910,189637652635
12763137,8192,1,1419517,119567393503,192924170799
12771329,8192,1,1443602,118754868552,193755488403
12779521,8192,1,1749998,120716159388,183242967599
12787713,8192,1,1637823,120792717738,188198686600
12795905,8192,1,1547938,120670804712,187902942942
12804097,8192,1,1433400,119784397229,190236771482
12812289,8192,1,1468640,119538963045,187832989659
12820481,8192,1,1536022,121005829418,189842300450
12828673,8192,1,1544028,120698206806,193549634055
12836865,8192,1,1619752,120820573618,194489646993
12845057,8192,1,1531456,120973407095,189404075545
12853249,8192,1,1483024,120987635474,187314885108
12861441,8192,1,1519507,120664198995,195327684729
12869633,8192,1,1543637,120610778641,200706505451
12877825,8192,1,1551096,121002511251,201105997255
12886017,8192,1,1516209,121052750886,200044906407
12894209,8192,1,1517293,120791191879,206477899774
12902401,8192,1,1553524,121085055387,204876085262
12910593,8192,1,1693757,121300295216,204198769438
12918785,8192,1,1672044,121340799798,197470474584
12926977,8192,1,1655404,120941956310,199352396189
12935169,8192,1,1569906,120926210670,198707445987
12943361,8192,1,1540925,121105298293,206080283578
12951553,8192,1,1641688,121015559738,199712712218
12959745,8192,1,1563783,120859188337,199775364361
12967937,8192,1,1512297,121685096229,194807244411
12976129,8192,1,1516976,126805399318,197432948228
12984321,8192,1,1530715,126881112753,196750353272
12992513,8192,1,1500023,126849103803,198648666007
13000705,8192,1,1525062,126762365924,190904525908
13008897,8192,1,1570898,126628575442,193275142479
13017089,8192,1,1515070,126715629496,196069572737
13025281,8192,1,1491295,126737597201,188720139800
13033473,8192,1,1399447,126800876454,189550190344
13041665,8192,1,1612103,126573305644,196482392143
13049857,8192,1,1564889,126570069748,195766212393
13058049,8192,1,1549927,126511290892,198062263124
13066241,8192,1,1574840,126648398482,201690736879
13074433,8192,1,1517669,127023106100,202078101571
13082625,8192,1,1555248,127201822791,204218324697
13090817,8192,1,1556053,126522950159,196039581673
13099009,8192,1,1504861,126490789213,196053635098
13107201,8192,1,1482066,126504578382,194707995166
13115393,8192,1,1426374,126482546404,186167417061
13123585,8192,1,1422652,126575548760,187733268495
13131777,8192,1,1500669,126501919615,194799038601
13139969,8192,1,1580952,126501645806,191664986048
13148161,8192,1,1572191,126580580822,181195214361
13156353,8192,1,1502663,126435071350,172368945118
13164545,8192,1,1495807,126867900914,175863043879
13172737,8192,1,1485620,126758082578,182239841165
13180929,8192,1,1624283,126445008957,186255816227
13189121,8192,1,1487793,126454067159,177266084117
13197313,8192,1,1590087,126448018907,188027542370
13205505,8192,1,1603957,126508967574,197418493363
13213697,8192,1,1515619,126648476624,197112979571
13221889,8192,1,1594506,126480910175,193676986943
13230081,8192,1,1571457,126542193961,196937401441
13238273,8192,1,1535402,126591571689,194058985589
13246465,8192,1,1493317,126453218947,187145116753
13254657,8192,1,1432522,126495905368,200867448268
13262849,8192,1,1488041,126602949682,201650496180
13271041,8192,1,1487836,126367437642,191665226074
13279233,8192,1,1482494,126265843066,199360290900
13287425,8192,1,1540706,126290664704,195109595094
13295617,8192,1,1431213,126416230124,198548212152
13303809,8192,1,1381642,126377743039,194619926597
13312001,8192,1,1425200,126414184386,191587943929
13320193,8192,1,1446442,126433497478,196173548671
13328385,8192,1,1451568,126525699709,196058784557
13336577,8192,1,1488450,126443773151,190154584411
13344769,8192,1,1448829,126470974452,204703547913
13352961,8192,1,1435386,126473514687,202423510646
13361153,8192,1,1537204,126540746888,195222891928
13369345,8192,1,1706359,126382828597,196596809459
13377537,8192,1,1739316,126452726028,196209695517
13385729,8192,1,1559597,126463514796,196034692314
13393921,8192,1,1464328,126468436719,201795927763
13402113,8192,1,1527548,126619040869,193049427876
13410305,8192,1,1540567,126512649425,198136785795
13418497,8192,1,1579041,126657363768,194521912773
13426689,8192,1,1652004,126401984278,188187177992
13434881,8192,1,1484258,126375922545,198013426039
13443073,8192,1,1553385,126524177526,205459263396
13451265,8192,1,1545506,126393109813,196419852142
13459457,8192,1,1617660,126509408506,201100925124
13467649,8192,1,1617160,126539220161,200451041929
13475841,8192,1,1597888,126604477600,201686825814
13484033,8192,1,1607554,126579892965,201210282073
13492225,8192,1,1693151,126510267086,199284887389
13500417,8192,1,1730955,126614551074,192362584644
13508609,8192,1,1907030,126451741784,190914018058
13516801,8192,1,1860726,126544257334,196018370089
13524993,8192,1,1743498,126502399379,196498056005
13533185,8192,1,1699555,126537553304,196903950537
13541377,8192,1,1797680,126444001381,195433007961
13549569,8192,1,1806412,126438385106,203017021296
13557761,8192,1,1726244,126479692212,197707847842
13565953,8192,1,1638285,126346564082,200568023239
13574145,8192,1,1634714,126449381758,206132491367
13582337,8192,1,1718939,126525685269,194081475948
13590529,8192,1,1768713,126417251634,195905564772
13598721,8192,1,1731576,126409827801,191863908720
13606913,8192,1,1714696,126194994571,191189482259
13615105,8192,1,1662689,126332832338,205850373368
13623297,8192,1,1659344,126354562546,194045117369
13631489,8192,1,1688326,126167088507,198673978061
13639681,8192,1,1740343,126358272138,204026808207
13647873,8192,1,1656537,126321177990,197904047115
13656065,8192,1,1504782,126229054599,201296635195
13664257,8192,1,1627117,126324235982,202421636619
13672449,8192,1,1617372,126397597617,196529847061
13680641,8192,1,1717682,126185351143,202040321630
13688833,8192,1,1681875,126418968592,201692192171
13697025,8192,1,1659942,126214234182,202668809584
13705217,8192,1,1493091,126442876345,197464521820
13713409,8192,1,1639977,126344852300,200074846185
13721601,8192,1,1637728,126406992783,195410723857
13729793,8192,1,1662768,126254851194,202063881823
13737985,8192,1,1572229,126483226636,202981165877
13746177,8192,1,1626524,126076081216,207966568656
13754369,8192,1,1809146,126386695047,213249931055
13762561,8192,1,1603948,126355692540,204761917269
13770753,8192,1,1713010,126362941154,212901620124
13778945,8192,1,1595162,126358123369,210209656932
13787137,8192,1,1503295,126594660549,202662193441
13795329,8192,1,1492449,126654128960,205716268751
13803521,8192,1,1550781,126482616958,207654480668
13811713,8192,1,1601370,126555088393,203947983778
13819905,8192,1,1499991,126600144015,205564855462
13828097,8192,1,1579600,126426324518,202138147203
13836289,8192,1,1451918,126589449884,211316096024
13844481,8192,1,1485911,126671407417,202182301134
13852673,8192,1,1510421,126431496750,199086234648
13860865,8192,1,1590569,126516589514,202087376224
13869057,8192,1,1615665,126504700303,209283338114
13877249,8192,1,1657339,126494229879,204302244498
13885441,8192,1,1530995,126632403991,212996959200
13893633,8192,1,1593121,126305831185,208063700678
13901825,8192,1,1594780,126628482611,195241272586
13910017,8192,1,1574979,126512975265,203133710747
13918209,8192,1,1528537,126494511250,217378587923
13926401,8192,1,1485566,126581521439,210233725438
13934593,8192,1,1516224,126693079215,213056361260
13942785,8192,1,1526924,126579720747,203228954912
13950977,8192,1,1595071,126529604427,218753996292
13959169,8192,1,1523136,126501530450,215399751867
13967361,8192,1,1498767,126596003961,213958595139
13975553,8192,1,1406922,126595942080,202399201936
13983745,8192,1,1599497,126504388876,199582535296
13991937,8192,1,1623488,126638294462,206477864762
14000129,8192,1,1622392,126578067124,202932311220
14008321,8192,1,1539581,126538188694,197221724415
14016513,8192,1,1479134,126565197225,219839247060
14024705,8192,1,1502447,126588974527,209950757521
14032897,8192,1,1478763,126487822388,211046239101
14041089,8192,1,1533746,126627724761,210238359046
14049281,8192,1,1519738,126594957346,208391660666
14057473,8192,1,1519493,126528476406,211873551588
14065665,8192,1,1378968,126547954984,201090026653
14073857,8192,1,1474826,126438035641,212332891689
14082049,8192,1,1461458,126597812191,212906602455
14090241,8192,1,1463314,126464976827,204781414147
14098433,8192,1,1441040,126385694310,205361274393
14106625,8192,1,1436453,126491228880,211388737389
14114817,8192,1,1496948,126733919140,211455376579
14123009,8192,1,1496987,126542528909,207264456513
14131201,8192,1,1452980,126436119407,211132362761
14139393,8192,1,1423186,126572325359,211115082214
14147585,8192,1,1569308,126563222552,216481416276
14155777,8192,1,1464535,126571618605,212620639109
14163969,8192,1,1479519,126524555259,212683670779
14172161,8192,1,1499313,126468901517,214538879248
14180353,8192,1,1565348,126623168177,210571884314
14188545,8192,1,1470830,126464552679,216229935729
14196737,8192,1,1400549,126494842685,215577469025
14204929,8192,1,1453105,126753079308,220638483482
14213121,8192,1,1460111,126568950512,212219663855
14221313,8192,1,1520459,126652167619,212007361490
14229505,8192,1,1499272,126638616386,216847024168
14237697,8192,1,1548944,126740822535,215163316548
14245889,8192,1,1633816,126506755658,229422548746
14254081,8192,1,1445619,126723848661,210764223826
14262273,8192,1,1431866,126541088768,209019708506
14270465,8192,1,1484052,126508469815,213603363515
14278657,8192,1,1449156,126566654615,214631403850
14286849,8192,1,1474927,126698119621,219830653649
14295041,8192,1,1393083,126635507728,216724782204
14303233,8192,1,1469593,126594053976,209271851184
14311425,8192,1,1512033,126538804256,213717974088
14319617,8192,1,1481371,126576921156,215224872706
14327809,8192,1,1430169,126566265060,215987983440
14336001,8192,1,1419150,126722723223,214303920294
14344193,8192,1,1480284,126435774983,219538268576
14352385,8192,1,1528548,126476867898,228766167103
14360577,8192,1,1546887,126808255314,229588517160
14368769,8192,1,1435509,126571790084,220222711702
14376961,8192,1,1386650,126499954858,221058459464
14385153,8192,1,1382223,126651656770,220356902484
14393345,8192,1,1488051,126664579673,220020694381
14401537,8192,1,1553934,126545677652,223091425838
14409729,8192,1,1634007,126563665151,218910964400
14417921,8192,1,1442200,126580746495,220217698298
14426113,8192,1,1413632,126478067233,227555142571
14434305,8192,1,1548109,126551840239,224198865391
14442497,8192,1,1470527,126615549801,222726633304
14450689,8192,1,1478434,126677467809,217252414816
14458881,8192,1,1458738,126597790863,216395260862
14467073,8192,1,1426514,126403031347,221747370715
14475265,8192,1,1482168,126709937913,224110977379
14483457,8192,1,1557468,126539321538,217513681808
14491649,8192,1,1470187,126437944162,216998167247
14499841,8192,1,1477967,126523369672,214988253101
14508033,8192,1,1465952,126535822834,240871125028
14516225,8192,1,1348724,126493420690,222842646995
14524417,8192,1,1408175,126557593458,220078757358
14532609,8192,1,1417407,126601214291,217077770348
14540801,8192,1,1453750,126608916838,214698503277
14548993,8192,1,1403369,126516523197,213124627122
14557185,8192,1,1395108,126600906242,224849208256
14565377,8192,1,1422523,126760302959,217598977467
14573569,8192,1,1419444,126405917316,210060878053
14581761,8192,1,1376103,126440498278,210337145389
14589953,8192,1,1432106,126608941369,216291217802
14598145,8192,1,1389518,126692065880,213099644772
14606337,8192,1,1325891,126592054869,226545219479
14614529,8192,1,1430620,126570249130,221545611793
14622721,8192,1,1640576,126530216669,222262347308
14630913,8192,1,1458194,126511255699,203975914321
14639105,8192,1,1452283,126394466641,213934080192
14647297,8192,1,1349319,126566104062,225442483600
14655489,8192,1,1452911,126604604446,216976685913
14663681,8192,1,1448499,126332373287,213767766863
14671873,8192,1,1483751,126448598311,217978342064
14680065,8192,1,1524626,126486693032,218971506745
14688257,8192,1,1527468,126545672360,215670982329
14696449,8192,1,1472173,126525431009,195556672472
14704641,8192,1,1419681,126533194875,211965765133
14712833,8192,1,1437270,126467171242,220149865346
14721025,8192,1,1512036,126367840991,219607098492
14729217,8192,1,1439500,126305664805,221888427923
14737409,8192,1,1387353,126409670149,222562570474
14745601,8192,1,1499311,126425130097,226345586119
14753793,8192,1,1558145,126172894422,225358780809
14761985,8192,1,1718804,126212903238,222869892235
14770177,8192,1,1717370,126029090030,224196401230
14778369,8192,1,1473904,126362945352,230055201465
14786561,8192,1,1449449,126492807622,240243416201
14794753,8192,1,1477860,126429514269,220639098488
14802945,8192,1,1512924,126383475179,222429960991
14811137,8192,1,1483765,126427560226,221952656239
14819329,8192,1,1469039,126465883445,212085114710
14827521,8192,1,1400910,126617871845,212767430958
14835713,8192,1,1464190,126577008600,216265304189
14843905,8192,1,1463597,126488966318,206989467735
14852097,8192,1,1435958,126350436560,205134710163
14860289,8192,1,1428608,126334006669,209547693876
14868481,8192,1,1442830,126593504235,211809920245
14876673,8192,1,1444089,126454820297,201490373003
14884865,8192,1,1489984,126427635219,197760198423
14893057,8192,1,1459687,126567897831,198208533117
14901249,8192,1,1429581,126389935326,192642695732
14909441,8192,1,1388421,126535790245,195811002653
14917633,8192,1,1472067,126496416288,194450784094
14925825,8192,1,1441937,126455027935,198502594919
14934017,8192,1,1444164,126497768001,189598956756
14942209,8192,1,1483479,126356513150,193438841951
14950401,8192,1,1440249,126385110650,214266664281
14958593,8192,1,1526412,126307268112,217548161686
14966785,8192,1,1552881,126293740397,219437144664
14974977,8192,1,1547396,126094740945,212729692150
14983169,8192,1,1536599,126211707939,207921090107
14991361,8192,1,1489033,126224000392,219827793971
14999553,8192,1,1453488,126264788639,214119106146
15007745,8192,1,1511797,126501254834,208764043516
15015937,8192,1,1503036,126279848457,207393252951
15024129,8192,1,1519956,126405073088,211011256022
15032321,8192,1,1423112,126368472028,195526527979
15040513,8192,1,1514298,126447574509,205153633226
15048705,8192,1,1540708,126248790503,200210594135
15056897,8192,1,1512494,126305588741,209989417601
15065089,8192,1,1499260,126337822141,204585764585
15073281,8192,1,1452264,126555139864,206615395689
15081473,8192,1,1479484,126496906125,203724105473
15089665,8192,1,1488701,126582720631,203999910939
15097857,8192,1,1503925,126385361299,201479520327
15106049,8192,1,1479703,126275675270,199490557412
15114241,8192,1,1487831,126443159552,203322576145
15122433,8192,1,1451943,126750094045,196213860343
15130625,8192,1,1432546,126356114172,198166682722
15138817,8192,1,1498517,126157841850,199985363360
15147009,8192,1,1502133,126486746806,201955816058
15155201,8192,1,1580935,126483403980,208200797331
15163393,8192,1,1575190,126219434040,209763946100
15171585,8192,1,1536284,126327883878,207685004343
15179777,8192,1,1488705,126401251390,205347589911
15187969,8192,1,1535856,126380404561,208726036243
15196161,8192,1,1502255,126340565283,209883727345
15204353,8192,1,1457865,126470528973,208721178686
15212545,8192,1,1475951,126706209220,214957109453
15220737,8192,1,2099730,126390140428,231693302044
15228929,8192,1,1507534,126385341833,214805781451
15237121,8192,1,1532314,126415790802,215527310089
15245313,8192,1,1492981,126326458992,214142115459
15253505,8192,1,1473283,126472813488,216659109145
15261697,8192,1,1660048,126534594704,222535820835
15269889,8192,1,1600297,126589300886,221925499875
15278081,8192,1,1808125,126391955349,227684475067
15286273,8192,1,1509403,126411630842,212710844474
15294465,8192,1,1492102,126503841855,217813103107
15302657,8192,1,1481006,126879977162,210748089376
15310849,8192,1,1455573,126338823947,205495601933
15319041,8192,1,1468523,126384171157,205729069737
15327233,8192,1,1455118,126452603869,206220618883
15335425,8192,1,1428014,126484960125,209529611209
15343617,8192,1,1414560,126583909748,211626660518
15351809,8192,1,1433222,126370246098,203375161775
15360001,8192,1,1438656,126724972455,211424457935
15368193,8192,1,1422503,126526502925,205674368841
15376385,8192,1,1417976,126364437949,209840235824
15384577,8192,1,1424419,126656766137,214330657824
15392769,8192,1,1381472,126593536534,204123741684
15400961,8192,1,1366854,126560232721,205693850621
15409153,8192,1,1391499,126696531231,209989586624
15417345,8192,1,1408332,126595281337,203340229058
15425537,8192,1,1382698,126492112406,208285374138
15433729,8192,1,1361048,126653338550,203048948548
15441921,8192,1,1392230,126508621863,204187954634
15450113,8192,1,1350466,126393470273,198821785783
15458305,8192,1,1425866,126500624148,203323026741
15466497,8192,1,1388874,126680471683,200673736886
15474689,8192,1,1432354,126763626150,207886636686
15482881,8192,1,1439442,126625747723,204736532554
15491073,8192,1,1418575,126514564670,207839450991
15499265,8192,1,1399446,126591544745,199053001819
15507457,8192,1,1421860,126366550708,205606411979
15515649,8192,1,1386719,126711988256,213132803943
15523841,8192,1,1434635,126473241960,202125300342
15532033,8192,1,1480058,126415568321,208534687832
15540225,8192,4702882,1539317,126223755357,208673759393
15548417,8192,4711204,1549433,125266962992,212019952757
15556609,8192,4719481,1506999,125314419131,217116497885
15564801,8192,4727753,1326511,125385512822,212938779641
15572993,8192,4736026,1301225,125359407921,209524910893
15581185,8192,4744366,1298022,125291818536,205260674261
15589377,8192,4752640,1292103,125493083866,210331721986
15597569,8192,4760873,1269576,125171890894,206924614663
15605761,8192,4769097,1281934,125158789139,211316981798
15613953,8192,4777324,1266483,125184058805,206950104388
15622145,8192,4785575,1310843,125352153039,208696097300
15630337,8192,4793834,1350424,125402191477,207563767616
15638529,8192,4802063,1271916,125290664131,206389421747
15646721,8192,4810311,1382229,125417435852,201419302326
15654913,8192,4818560,1341844,125241377890,205589419381
15663105,8192,4826793,1338871,125235624379,214346883833
15671297,8192,4835033,1473498,125267623539,192919641873
15679489,8192,4843307,1341943,125238576083,206012003370
15687681,8192,4851548,1358945,125339300495,211138888522
15695873,8192,4859783,1366233,125332552702,203760118130
15704065,8192,4868035,1366939,125309608945,205343805219
15712257,8192,4876269,1258668,125580844155,167705729240
15720449,8192,4884504,1269011,125586649741,179101960211
15728641,8192,4892734,1290568,125336795671,200305340248
15736833,8192,4900965,1218505,125671533571,197863602098
15745025,8192,4909209,1270641,125186719880,209350016561
15753217,8192,4917440,1222591,125621248902,201011435887
15761409,8192,4925676,1136071,125642950151,198928635389
15769601,8192,4933927,1207034,125446738312,205177616318
15777793,8192,4942152,1230057,125167110607,196421621685
15785985,8192,4950396,1236387,125097758007,200543477236
15794177,8192,4958625,1304488,125171471581,203323742577
15802369,8192,4966858,1224835,125188882612,200425788219
15810561,8192,4975086,1104271,125176226874,203699989529
15818753,8192,4983340,1191983,125462451283,206126682078
15826945,8192,4991606,1208452,124895221202,203521278954
15835137,8192,4999843,1258925,124696117492,207925410647
15843329,8192,5008082,1266737,124905141764,210181894858
15851521,8192,5016328,1181380,124808204719,203904878186
15859713,8192,5024572,1181075,124913583891,209608183555
15867905,8192,5032801,1198642,124853581395,206839570380
15876097,8192,5041067,1256946,124485974258,205247021664
15884289,8192,5049305,1185695,124420511601,209704788635
15892481,8192,5057550,1237468,124320433939,202332107745
15900673,8192,5065779,1160265,124212174085,209218866257
15908865,8192,5074016,1058092,124650352681,209027572152
15917057,8192,5082245,1154274,124317182853,209306570802
15925249,8192,5090476,1267752,124214048769,211843329647
15933441,8192,5098721,1375306,124264129443,223615179935
15941633,8192,5106967,1389702,123940720851,224102054334
15949825,8192,5115210,1290366,124034382029,218214933281
15958017,8192,5123438,1173643,124359427972,223687421583
15966209,8192,5131663,1310249,124224713160,230031577159
15974401,8192,5139899,1340522,124099640351,232548134026
15982593,8192,5148147,1235970,124322924690,221008307540
15990785,8192,5156389,1283371,124198929531,218474675795
15998977,8192,5164630,1225813,124186386101,215925124095
16007169,8192,5172864,1052847,124623074343,211170170364
16015361,8192,5181097,1052959,124493600992,224870375664
16023553,8192,5189331,1090688,124243013279,223914372601
16031745,8192,5197584,1104026,124381451256,216678925636
16039937,8192,5205840,1123041,124395808586,217756868173
16048129,8192,5214078,1134623,124830620768,219089541220
16056321,8192,5222314,1125502,124617193118,225976803537
16064513,8192,5230552,1010762,124683765373,227033271598
16072705,8192,5238780,1246034,124333477118,224276689201
16080897,8192,5247021,1178575,124260753374,228790347527
16089089,8192,5255267,1123580,124306431578,224791009509
16097281,8192,5263499,1140851,124439942230,220321115463
16105473,8192,5271733,1161857,124361331384,220926803313
16113665,8192,5279979,1109178,124669356777,225981198320
16121857,8192,5288231,1162628,124391196480,222799525945
16130049,8192,5296473,1180458,124399949367,220025842309
16138241,8192,5304780,1078802,124660642804,216776867636
16146433,8192,5313022,1399504,124480225073,232038475580
16154625,8192,5321262,1831486,124194901488,261803857327
16162817,8192,5329495,1289430,124612317459,245335293871
16171009,8192,5337741,1315758,124340884409,230412653631
16179201,8192,5345985,1305539,124066232016,234281355757
16187393,8192,5354220,1237219,124237008425,228279763462
16195585,8192,5362459,1242340,124164031098,224452960306
16203777,8192,5370696,1298513,123955699854,229038090246
16211969,8192,5378936,1110066,124443582796,236391043061
16220161,8192,5387165,1089412,124386084913,222181630992
16228353,8192,5395399,1161951,123977256702,221442594164
16236545,8192,5403630,1168807,124125228021,226936324033
16244737,8192,5411850,1131902,124288779632,228550741817
16252929,8192,5420067,1149718,124332292810,237857018010
16261121,8192,5428297,1006443,124925233758,250753089130
16269313,8192,5436528,1004179,124695474779,229340355607
16277505,8192,5444770,1149822,124398327669,231226653139
16285697,8192,5452994,1133861,124278260394,233094122512
16293889,8192,5461230,1092288,124265714717,234975711786
16302081,8192,5469460,1072509,124403719165,240977310743
16310273,8192,5477688,941325,124731511962,253639916321
16318465,8192,5485913,882467,124766784923,225700115769
16326657,8192,5494140,1064365,124413151568,221158828120
16334849,8192,5502372,1203661,124227087257,223159771100
16343041,8192,5510610,1295735,124036901019,233659214902
16351233,8192,5518848,1181661,124111787777,226092970688
16359425,8192,5527079,1079067,124533103336,246745022258
16367617,8192,5535309,1377208,124373927230,249248034300
16375809,8192,5543539,1202265,124039788633,248500233078
16384001,8192,5551774,1240571,124100331466,230257422616
16392193,8192,5560023,1251207,124003722518,233175176872
16400385,8192,5568264,1239850,124052994132,225197621385
16408577,8192,5576488,1265814,123867348059,242016026027
16416769,8192,5584742,1147721,124148195400,244696069783
16424961,8192,5592977,1192692,124003358239,245094066082
16433153,8192,5601200,1188570,124166203859,232684476912
16441345,8192,5609436,1214158,123872046169,238815189372
16449537,8192,5617666,1166299,124245007447,227603187563
16457729,8192,5625902,1176755,123985010086,243636007940
16465921,8192,5634141,1029846,124556794423,232004676585
16474113,8192,5642371,1087223,124368765692,225752205655
16482305,8192,5650601,1173116,124180458932,229450161634
16490497,8192,5658845,1158866,124219659457,229403913631
16498689,8192,5667082,1248259,124168429071,236802471021
16506881,8192,5675313,1170549,124282739423,234527554309
16515073,8192,5683551,1131564,124390215662,228717816503
16523265,8192,5691780,1225728,123979933211,230543685783
16531457,8192,5700013,1233882,124053338198,227596946799
16539649,8192,5708260,1211444,123988503328,235772650211
16547841,8192,5716525,1256586,123922282104,223968583037
16556033,8192,5724762,1230919,124009051113,224980308369
16564225,8192,5732991,1239040,124028389925,236303897702
16572417,8192,5741223,1226880,123982832351,231514830669
16580609,8192,5749471,1296813,123813847300,222415840735
16588801,8192,5757729,1266771,123805018180,227339282213
16596993,8192,5765970,1247419,123939513129,233445909379
16605185,8192,5774205,1147285,124058090877,234115683803
16613377,8192,5782440,1084123,124251855466,232937428981
16621569,8192,5790686,1209663,124076116461,229608280996
16629761,8192,5798933,1278174,124175952832,227579545663
16637953,8192,5807177,1330708,123602214180,217275430363
16646145,8192,5815423,1279631,123702477060,227990311898
16654337,8192,5823744,1183021,123877292698,233042894276
16662529,8192,5832032,1132813,124094677752,246334917327
16670721,8192,5840313,1209310,123989450841,240743139360
16678913,8192,5848599,1253099,123926563458,234744768250
16687105,8192,5856905,1251013,124004103042,233458140546
16695297,8192,5865191,1245742,123923427248,225239515479
16703489,8192,5873502,1235602,124080283695,244282028559
16711681,8192,5881803,1135044,124299971638,249997218603
16719873,8192,5890089,1154719,124214204463,236504145098
16728065,8192,5898362,1210401,123956363401,231833823789
16736257,8192,5906658,1246107,123945396983,223487965302
16744449,8192,5914960,1250768,123917230336,228658664224
16752641,8192,5923268,1232077,123922994202,228203129000
16760833,8192,5931557,1101217,124016467187,227785491017
16769025,8192,5939852,1115077,123940593590,221994898900
16777217,8192,5948143,1203820,123946925971,220705752533
16785409,8192,5956437,1190451,123833585470,218793850607
16793601,8192,5964730,1192548,123749498190,213824628055
16801793,8192,5973054,1222847,123956529365,226870159609
16809985,8192,5981358,1158585,123615753440,233141305461
16818177,8192,5989636,1190257,123880766762,235642403048
16826369,8192,5997923,1315502,124066841094,229983687529
16834561,8192,6006221,1280191,123785793744,221921194338
16842753,8192,6014515,1218102,123790540045,220171489140
16850945,8192,6022798,1219963,123930827780,225099033848
16859137,8192,6031084,1161119,123958338109,233574494352
16867329,8192,6039371,1171240,124129112556,233697876160
16875521,8192,6047642,1267203,123879852147,228453990521
16883713,8192,6055930,1262897,123950930417,227939396664
16891905,8192,6064228,1232554,123924166484,221045918073
16900097,8192,6072508,1261532,123799373290,218451102284
16908289,8192,6080793,1204241,123697797710,227501296169
16916481,8192,6089077,1166469,123872500417,233542654649
16924673,8192,6097362,1313286,123887439402,226043625821
16932865,8192,6105654,1318114,123736211580,231312732495
16941057,8192,6113948,1371249,123781285971,225133898061
16949249,8192,6122230,1324221,123851146021,227513959074
16957441,8192,6130520,1201645,123770774514,231871555281
16965633,8192,6138828,1130553,124115291400,232359919097
16973825,8192,6147196,1206396,123973096845,224218457909
16982017,8192,6155571,1296153,123799597728,221173042867
16990209,8192,6163998,1245876,123829143218,223077834821
16998401,8192,6172357,1236370,123949207012,226556508954
17006593,8192,6180713,1095386,124186445686,227602740749
17014785,8192,6189078,1097696,124373036821,246576971208
17022977,8192,6197431,1184850,124038711706,226720114120
17031169,8192,6205770,1232776,123930837647,224774197012
17039361,8192,6214644,1316623,123920763300,224906715131
17047553,8192,6223141,1373527,123682150949,227682103221
17055745,8192,6231549,1236837,124174335358,229815239310
17063937,8192,6239930,1008710,124612817560,226425216028
17072129,8192,6248275,1183210,123779206831,207680652272
17080321,8192,6256608,1260658,123645465790,201542069115
17088513,8192,6264965,1260278,123647922745,196602511060
17096705,8192,6273315,1195518,123606718765,209911185881
17104897,8192,6281580,1014510,124351735830,211373528267
17113089,8192,6289852,998796,124202567206,211153178635
17121281,8192,6298121,1079273,124077209846,204035078723
17129473,8192,6306398,1108894,124161798539,212441756379
17137665,8192,6314693,1094899,124246637405,215935819458
17145857,8192,6322984,1150300,124075434998,210186379123
17154049,8192,6331276,1053151,124293347868,210282602965
17162241,8192,6339552,1116778,123894911874,211118302491
17170433,8192,6347847,1259515,123549394465,197099699905
17178625,8192,6356141,1302281,123514410067,204465056761
17186817,8192,6364447,1268222,123677502767,202615805730
17195009,8192,6372722,1334072,123586995334,191322380256
17203201,8192,6381005,1375665,123325720760,183979893210
17211393,8192,6389309,1269359,123489821555,191292955018
17219585,8192,6397595,1316145,123397475306,196021549142
17227777,8192,6405886,1281602,123525891650,200953644530
17235969,8192,6414187,1256380,123586573657,195555961215
17244161,8192,6422571,1265659,123572520849,201478703770
17252353,8192,6431060,1227759,123671374561,215690086413
17260545,8192,6439423,1143861,123975679931,228704407813
17268737,8192,6447756,1247976,123689972357,208248473880
17276929,8192,6456078,1225854,123699524669,199513200475
17285121,8192,6464411,1200074,123686298402,219470874885
17293313,8192,6472712,1235586,123611194696,208468893440
17301505,8192,6481018,1244725,123809963167,213097461379
17309697,8192,6489326,1176759,123949583273,220689747512
17317889,8192,6497627,1224036,123535394964,206603400268
17326081,8192,6505936,1271485,123566158009,201826584116
17334273,8192,6514227,1213764,123611052485,212746524772
17342465,8192,6522521,1220033,123559546994,208151629251
17350657,8192,6530810,1190892,123706210400,216769600179
17358849,8192,6539086,1097182,123977816887,213432141401
17367041,8192,6547367,1232605,123526861260,199782148277
17375233,8192,6555668,1355447,123551402440,203140048009
17383425,8192,6563975,1256364,123670066137,208430375507
17391617,8192,6572280,1227341,123601410945,210046984572
17399809,8192,6580587,1246478,123797697040,217033581544
17408001,8192,6588914,1123000,124044778310,224708481546
17416193,8192,6597245,1269906,123743510946,221848442049
17424385,8192,6605563,1290349,123571782475,224238727260
17432577,8192,6613884,1215614,123977234268,219072566623
17440769,8192,6622203,1142107,124116885794,216873916647
17448961,8192,6630518,1318220,123834754157,233892455249
17457153,8192,6638828,1371127,124366947124,253513002957
17465345,8192,6647132,1139240,124284630535,230537400197
17473537,8192,6655432,1118499,124036532288,223245552539
17481729,8192,6663738,1167236,123974272274,220668034975
17489921,8192,6672036,1269205,123713974467,224819329129
17498113,8192,6680314,1278229,123781928256,220774683480
17506305,8192,6688575,1097821,124418769032,225220927717
17514497,8192,6696852,1200669,124340518916,222470846922
17522689,8192,6705139,1244132,123969649458,218270294207
17530881,8192,6713412,1254698,123801937893,220693531706
17539073,8192,6721698,1202255,123775890332,219480629176
17547265,8192,6729991,1183886,124107681984,228104837847
17555457,8192,6738288,1142197,124416112644,233639552252
17563649,8192,6746591,1094662,124391082754,231883241526
17571841,8192,6754910,1243595,124011718560,226588023871
17580033,8192,6763173,1246138,123656872333,215540567057
17588225,8192,6771437,1220773,123600570876,203549459881
17596417,8192,6779714,1285195,123589648360,210163897919
17604609,8192,6788002,1127444,123962367108,228911693833
17612801,8192,6796294,1108831,124051288689,228402726920
17620993,8192,6804576,1218492,123776521297,230159547178
17629185,8192,6812859,894478,125317003080,159216702358
17637377,8192,6821141,1009584,124520012251,177970475913
17645569,8192,6829423,1188604,123540108721,207364794251
17653761,8192,6837721,1145572,123736105560,216993833141
17661953,8192,6846009,1121758,123823005628,214926997016
17670145,8192,6854313,1256352,123679748158,213968448944
17678337,8192,6862607,1224990,123816739190,215549683672
17686529,8192,6870912,1264714,123654678978,206776721976
17694721,8192,6879202,1287665,123408708438,223178440966
17702913,8192,6887554,1098212,123991774872,230790341788
17711105,8192,6895845,1108258,123788035887,233217861965
17719297,8192,6904113,1232852,123693345817,222474029246
17727489,8192,6912402,1335960,123472687664,208182663796
17735681,8192,6920655,1213157,123578980328,212603880724
17743873,8192,6928910,1277573,123594496185,208211024373
17752065,8192,6937162,1154856,123439317921,211852412821
17760257,8192,6945412,1122970,123725286457,217207473824
17768449,8192,6953662,1166718,123587905718,211161053211
17776641,8192,6961925,1169406,123654616772,213890446709
17784833,8192,6970175,1152283,123604124435,218104686957
17793025,8192,6978424,1170610,123601748165,201591389499
17801217,8192,6986678,1130078,123548526906,225081876543
17809409,8192,6994934,1130415,123727490035,240022413742
17817601,8192,7003174,1191194,123693477330,239275649332
17825793,8192,7011410,1219535,123557826561,223481305865
17833985,8192,7019652,1204918,123575373732,218991628317
17842177,8192,7027902,1236320,123689649053,215604886578
17850369,8192,7036151,1265346,123558675615,222801530325
17858561,8192,7044407,1157496,123929573197,230931310672
17866753,8192,7052664,1183951,123658814084,218441844531
17874945,8192,7060922,1278407,123642908245,210572879251
17883137,8192,7069180,1199199,123569105452,217608216528
17891329,8192,7077424,1204048,123571644886,213931802506
17899521,8192,7085686,1149470,123705192123,218716816411
17907713,8192,7093924,1069430,123938547216,223078294764
17915905,8192,7102175,1145941,123688977805,219600053018
17924097,8192,7110423,1199646,123514505273,209426196945
17932289,8192,7118675,1221132,123514220373,209432143255
17940481,8192,7126933,1231073,123559394968,218131609314
17948673,8192,7135190,1248894,123623668837,227943069326
17956865,8192,7143454,1099647,123889088349,229563729026
17965057,8192,7151711,1157411,123638299505,217848019348
17973249,8192,7159953,1181639,123578092102,212114204942
17981441,8192,7168195,1188780,123426270631,214372145161
17989633,8192,7176448,1200236,123591117988,209954906225
17997825,8192,7184717,1177795,123566501958,218199280139
18006017,8192,7192955,1067515,123979983927,234660917678
18014209,8192,7201216,1110139,123876347374,218466070518
18022401,8192,7209486,1173383,123559378879,205907515496
18030593,8192,7217747,1177056,123507968462,217254255571
18038785,8192,7226002,1151703,123568189717,226680791875
18046977,8192,7234267,1129441,123895897097,234748655885
18055169,8192,7242532,1212054,124049690052,243740975503
18063361,8192,7250786,1140613,123712356534,230400503814
18071553,8192,7259026,1107207,123998293126,218007583155
18079745,8192,7267303,1229221,123576941238,214481460369
18087937,8192,7275548,1158819,123656399105,216824354241
18096129,8192,7283810,1140087,123714074502,221436767949
18104321,8192,7292076,1035592,124064972672,235512759211
18112513,8192,7300337,1068455,124125573099,234530066530
18120705,8192,7308598,1231558,123782706356,228804265657
18128897,8192,7316868,1804705,123807268147,258161958667
18137089,8192,7325152,1220780,123755928993,220576758869
18145281,8192,7333463,1167260,123474759659,222410275059
18153473,8192,7341807,1040843,124077823347,233853186494
18161665,8192,7350157,1045352,124076331700,234640950612
18169857,8192,7358440,1155698,123804646559,223627604396
18178049,8192,7366694,1168029,123738642967,223968661524
18186241,8192,7374947,1287030,123844935174,229472335222
18194433,8192,7383221,1126547,123712845708,227720293112
18202625,8192,7391475,987425,124535109821,235129651807
18210817,8192,7399742,1012301,124231635810,241619244235
18219009,8192,7407987,1160175,123996504845,222894068286
18227201,8192,7416247,1234696,123502477845,225394103599
18235393,8192,7424510,1192308,123850914107,226788893586
18243585,8192,7432769,1181081,123639714052,229780328480
18251777,8192,7441011,1122330,123791286451,232194445632
18259969,8192,7449248,1057141,124005826008,240626744002
18268161,8192,7457480,1149776,123780189861,228465341525
18276353,8192,7465732,1138922,123825049322,236057146999
18284545,8192,7473976,1116748,123912936549,234542154269
18292737,8192,7482227,1127798,124011657362,239332911298
18300929,8192,7490473,1167190,123832281793,245574496060
18309121,8192,7498722,1053420,124124411697,245418150492
18317313,8192,7506978,1133163,123892826376,241323861612
18325505,8192,7515227,1132535,123963669651,246445167535
18333697,8192,7523497,1174914,123807898511,241770889193
18341889,8192,7531758,1150732,124008898402,234314435808
18350081,8192,7540010,1095754,124066570254,239915214870
18358273,8192,7548250,1031926,124293311968,248462071716
18366465,8192,7556485,1169850,123796488548,229307885607
18374657,8192,7564737,1137885,123763453499,237935957033
18382849,8192,7572992,1137153,123739979971,236760694943
18391041,8192,7581241,1196116,123696138160,227477287183
18399233,8192,7589493,1188419,123748760146,235350685150
18407425,8192,7597744,1130750,123806830257,241074203326
18415617,8192,7606005,1203397,123713240856,229587261273
18423809,8192,7614258,1257068,123661939920,229502726686
18432001,8192,7622531,1252621,123647146166,223185902133
18440193,8192,7630780,1205858,123608104486,228762714022
18448385,8192,7639025,1171536,123606480487,227544596795
18456577,8192,7647282,1184335,123687962207,227895251011
18464769,8192,7655550,1227707,123656285174,232830824397
18472961,8192,7663813,1284738,123601764262,219242927534
18481153,8192,7672060,1256303,123642445478,227318557298
18489345,8192,7680331,1195079,123543052072,228807177250
18497537,8192,7688594,1238864,123729824111,232846194860
18505729,8192,7696861,1182352,123593591406,233032802595
18513921,8192,7705129,1233586,123621916055,221154335017
18522113,8192,7713386,1230026,123625792489,229450300091
18530305,8192,7721624,1223627,123553925647,225178593961
18538497,8192,7729874,1290154,123671245630,226280372594
18546689,8192,7738125,1276381,123699036245,240572881387
18554881,8192,7746382,1246012,123733776212,251489137664
18563073,8192,7754631,1246486,123634151269,222528362356
18571265,8192,7762868,1219353,123672327030,218478766679
18579457,8192,7771127,1233808,123544543122,224297155982
18587649,8192,7779363,1254190,123650030852,225750635208
18595841,8192,7787617,1244508,123614833950,228378640948
18604033,8192,7795903,1259904,123713505259,246643975697
18612225,8192,7804160,1216570,123810115467,239772439862
18620417,8192,7812425,1282421,123680636979,220902327222
18628609,8192,7820683,1290295,123762052048,219732397370
18636801,8192,7828925,1329761,123624356896,228234288724
18644993,8192,7837197,1229232,123673332562,236659902223
18653185,8192,7845459,1124831,123722979147,247036012016
18661377,8192,7853721,1141839,123760941969,252679019057
18669569,8192,7861982,1276577,123643292573,225807096879
18677761,8192,7870232,1348989,123665435619,219752767436
18685953,8192,7878487,1292258,123614723053,221798127535
18694145,8192,7886739,1280894,123635445331,213753273679
18702337,8192,7894977,1370284,123674712258,234503823071
18710529,8192,7903249,1196262,123768009361,262357081019
18718721,8192,7911506,1315408,123701070991,236114308714
18726913,8192,7919763,1376836,123723517082,239903340420
18735105,8192,7928038,1294708,123852643029,242848670074
18743297,8192,7936310,1380152,123592761710,232229429276
18751489,8192,7944586,1294239,123792768243,256740693806
18759681,8192,7952835,1286704,123765852488,259798401531
18767873,8192,7961090,1233835,123872769832,247307918963
18776065,8192,7969343,1205041,123986510127,247972790148
18784257,8192,7977613,1310812,123933188174,239069148233
18792449,8192,7985880,1371731,123735994772,225558742068
18800641,8192,7994181,1231492,123976611447,219487506292
18808833,8192,8002461,1239882,123867437997,277776171138
18817025,8192,8010724,1294709,123735714868,232683641261
18825217,8192,8019018,1333260,123846313048,236949868806
18833409,8192,8027303,1475343,123747332848,235584451630
18841601,8192,8035559,1384494,123689349896,245883060647
18849793,8192,8043832,1323590,123619746748,258778786260
18857985,8192,8052126,1314599,123671843490,262620342281
18866177,8192,8060419,1273194,123657643737,263470441688
18874369,8192,8068684,1277332,123711691345,262020416943
18882561,8192,8076974,1321935,123658427466,240519620055
18890753,8192,8085252,1332345,123535674414,237906928429
18898945,8192,8093563,1248370,123739831742,259294938475
18907137,8192,8101832,1253229,123728100060,270142211370
18915329,8192,8110114,1266595,123781071763,284328054106
18923521,8192,8118398,1288376,123635147516,245273039953
18931713,8192,8126667,1252811,123705837334,238021641324
18939905,8192,8134951,1264747,123685039020,248420152188
18948097,8192,8143260,1204967,123815134928,258771193080
18956289,8192,8151644,1161537,124211789248,259604342345
18964481,8192,8159956,1256820,123969766721,261639691199
18972673,8192,8168234,1252926,123728441436,248765606265
18980865,8192,8176488,1415393,123858693129,224978124328
18989057,8192,8184767,1378115,123669387522,251382600845
18997249,8192,8193014,1385398,123764285378,245177301584
19005441,8192,8201259,2044815,123824739294,214006935787
19013633,8192,8209499,1454448,123669961183,239873151077
19021825,8192,8217728,1418905,123653695356,217325893420
19030017,8192,8225983,1368129,123782896509,217442641480
19038209,8192,8234228,1371339,123663808593,227643243078
19046401,8192,8242460,1304989,123701427919,249340067970
19054593,8192,8250694,1231354,123767425903,264017162911
19062785,8192,8259059,1276243,123815788056,256220318931
19070977,8192,8267362,1259116,123826364821,257242898348
19079169,8192,8275635,1244576,123691753909,250517816841
19087361,8192,8283896,1333438,123832840822,232704141151
19095553,8192,8292156,1339566,123691549401,241058984629
19103745,8192,8300438,1321099,123849518114,255909227712
19111937,8192,8308689,1260937,123793147462,262407035991
19120129,8192,8316948,1359851,123815115800,238667585460
19128321,8192,8325217,1314760,123666197796,233027294625
19136513,8192,8333493,1305248,123946920476,225109376066
19144705,8192,8341773,1266103,124104017949,233233193484
19152897,8192,8350064,1198093,124118652749,251381633539
19161089,8192,8358344,1230459,124206694754,255869542798
19169281,8192,8366622,1242437,124122790289,221928793069
19177473,8192,8374907,1340729,123989599941,215367180069
19185665,8192,8383182,1236760,123969611623,205612289646
19193857,8192,8391454,1222610,123806886071,193031944195
19202049,8192,8399735,1165655,124131985407,220928639547
19210241,8192,8408023,1140966,124274057934,244477780394
19218433,8192,8416275,1181096,124295618123,244395057189
19226625,8192,8424566,1297683,124266922414,238373964861
19234817,8192,8432837,1319023,124094997030,239715376085
19243009,8192,8441120,1360327,123910732432,230848664235
19251201,8192,8449406,1252019,124116392865,259280503724
19259393,8192,8457720,1260334,124142787832,246796830483
19267585,8192,8465991,1316043,124053267886,247241815508
19275777,8192,8474282,1309169,124018708984,231059022939
19283969,8192,8482572,1275841,124069272958,222032686627
19292161,8192,8490824,1305573,124069543469,215308497382
19300353,8192,8499067,1256213,124228260168,242074002447
19308545,8192,8507317,1263227,124254644406,255437481059
19316737,8192,8515576,1372672,124139191434,237763251112
19324929,8192,8523827,1383445,124230321106,238978836778
19333121,8192,8532090,1428299,124072932148,234504733367
19341313,8192,8540334,1378236,124230760063,237590483241
19349505,8192,8548571,1403329,124273109664,240837218522
19357697,8192,8556815,1360346,124388928610,256588250060
19365889,8192,8565049,1451538,124212199926,235281684188
19374081,8192,8573279,1456308,124187628104,236725488957
19382273,8192,8581515,1390404,124001805374,230250571129
19390465,8192,8589756,1406332,124183216259,231425172814
19398657,8192,8598061,1376343,124298522851,239551135556
19406849,8192,8606304,1323253,124203729016,244487995511
19415041,8192,8614553,1409825,124184434083,237590083723
19423233,8192,8622797,1407012,124190932397,241178623488
19431425,8192,8631094,1479016,124444652304,242418688570
19439617,8192,8639405,1494194,124598689249,256423998826
19447809,8192,8647696,1525689,124654060201,270745244304
19456001,8192,8655991,1400235,124746985771,284795253248
19464193,8192,8664284,1463073,124708696824,269121883311
19472385,8192,8672573,1567587,124492865502,247895030209
19480577,8192,8680848,1569982,124675941826,253861038850
19488769,8192,8689133,1519310,124642372180,262611161654
19496961,8192,8697400,1532953,124562923150,266255863562
19505153,8192,8705700,1441553,124706105566,284172837515
19513345,8192,8714026,1431476,124579418319,265584433094
19521537,8192,8722316,1534603,124318946052,253854102622
19529729,8192,8730829,1504678,124337950932,247074752483
19537921,8192,8739185,1496091,124380640734,252786500108
19546113,8192,8747474,1471940,124404502871,259314743645
19554305,8192,8755777,1421459,124410898435,274100869450
19562497,8192,8764071,1449555,124385162902,264196730079
19570689,8192,8772348,1436175,124282074762,244092937489
19578881,8192,8780597,1384474,124120403426,244550214139
19587073,8192,8788850,1423744,124233175249,246799883991
19595265,8192,8797112,1411530,124285329601,258187021561
19603457,8192,8805376,1362120,124482829897,278517548024
19611649,8192,8813644,1366587,124396688881,262805912527
19619841,8192,8821912,1431304,124303363675,229246702256
19628033,8192,8830158,1382837,124278179872,253023998001
19636225,8192,8838416,1386317,124267212875,255489587267
19644417,8192,8846685,1477932,124283847315,252534337305
19652609,8192,8854969,1327150,124512018946,259938940813
19660801,8192,8863231,1333121,124620238398,268278557523
19668993,8192,8871496,1361699,124457738133,262929806541
19677185,8192,8879742,1402400,124720060656,239443350824
19685377,8192,8887996,1426421,124385138939,255196891169
19693569,8192,8896260,1349485,124526186496,253675240185
19701761,8192,8904509,1300798,124683267469,285090709528
19709953,8192,8912750,1312484,124522623013,262497147018
19718145,8192,8920990,1367280,124234964352,250354217138
19726337,8192,8929255,1367565,124243473683,238866915486
19734529,8192,8937499,1360530,124198160597,242353154172
19742721,8192,8945763,1355984,124540036759,265876174087
19750913,8192,8954019,1252870,124821955842,276955326204
19759105,8192,8962263,1317146,124580362846,265394641136
19767297,8192,8970503,1425710,124319133475,241796739609
19775489,8192,8978751,1426943,124406846992,241185745015
19783681,8192,8986991,1408096,124487406122,246858062969
19791873,8192,8995239,1375954,124221565854,252378997166
19800065,8192,9003484,1328449,124456618248,262616675633
19808257,8192,9011734,1308968,124536261314,250094886114
19816449,8192,9019990,1361273,124451868445,253026473615
19824641,8192,9028233,1386800,124442024416,252411330236
19832833,8192,9036486,1311633,124472221441,255395078075
19841025,8192,9044737,1321663,124723548990,261140159664
19849217,8192,9052980,1296587,124201124261,241653511950
19857409,8192,9061230,1211690,124816889058,259717372971
19865601,8192,9069473,1341044,124415440188,247867668730
19873793,8192,9077747,1364059,124478097811,257094482750
19881985,8192,9085984,1370389,124290076590,244747046575
19890177,8192,9094228,1315726,124427228697,244431819533
19898369,8192,9102490,1250201,124502760559,272040395346
19906561,8192,9110734,1226278,124794745557,256415398337
19914753,8192,9118990,1262021,124642676514,252547556070
19922945,8192,9127236,1373100,124069895033,246593940956
19931137,8192,9135486,1343031,124229005523,252090911446
19939329,8192,9143725,1329349,124204790713,242174400150
19947521,8192,9151974,1333083,124392561546,270482711828
19955713,8192,9160210,1314942,124423623184,264354186498
19963905,8192,9168454,1333019,124345711165,236284820944
19972097,8192,9176695,1257352,124232825992,246597199863
19980289,8192,9184953,1323568,124094474908,240301230731
19988481,8192,9193196,1326751,124163998517,232112731971
19996673,8192,9201443,1336252,123996321353,242156881842
20004865,8192,9209675,1240854,124226710247,243940703509
20013057,8192,9217912,1304799,123931172877,225836051281
20021249,8192,9226144,1330787,123950597201,239681751838
20029441,8192,9234372,1338896,123821130868,224079119499
20037633,8192,9242611,1317090,123654099640,225260413152
20045825,8192,9250848,1347082,123953641816,241023571302
20054017,8192,9259089,1325267,123876567291,257645649386
20062209,8192,9267322,1318717,124055393101,241680199865
20070401,8192,9275563,1366227,123762444016,227910205448
20078593,8192,9283801,1384871,123911184108,231861683683
20086785,8192,9292062,1406126,123940016782,230628506324
20094977,8192,9300302,1339685,124015415943,242409775005
20103169,8192,9308551,1301714,124029391097,260906295398
20111361,8192,9316795,1273066,124087816974,259188191282
20119553,8192,9325059,1341785,124092854149,247699483192
20127745,8192,9333311,1300304,124171257384,246280230613
20135937,8192,9341560,1312828,123895576655,232544916609
20144129,8192,9349801,1478597,124131653209,270705465774
20152321,8192,9358049,1401974,124342040084,294929909572
20160513,8192,9366304,1278720,124374744387,276276388639
20168705,8192,9374550,1346678,123936121923,260546993710
20176897,8192,9382778,1424523,124108232349,262597393289
20185089,8192,9391015,1377219,123885049400,244364859291
20193281,8192,9399251,1336187,123788574103,257875518273
20201473,8192,9407494,1298463,124269759102,278097868887
20209665,8192,9415724,1286626,124087576326,272164250499
20217857,8192,9423960,1317852,123942254668,262703266480
20226049,8192,9432209,1299917,124147683853,245765358376
20234241,8192,9440439,1360846,123774875427,237696245170
20242433,8192,9448678,1459730,123854928977,247372420656
20250625,8192,9456910,1312416,124076624635,272596643821
20258817,8192,9465146,1171595,124427662111,281694963101
20267009,8192,9473399,1317129,124097688366,263280509735
20275201,8192,9481639,1334263,123937658483,245851517818
20283393,8192,9489868,1363375,124067024594,237288812287
20291585,8192,9498106,1363384,123869625532,252485519444
20299777,8192,9506347,1316781,124039812722,269037878345
20307969,8192,9514581,1244265,123989778309,246274269798
20316161,8192,9522818,1314009,123995263661,244197468148
20324353,8192,9531037,1360451,123857218332,241628954535
20332545,8192,9539273,1365918,123758625145,226891418531
20340737,8192,9547499,1315447,123780556120,229745270210
20348929,8192,9555732,1291597,124045417961,267310670092
20357121,8192,9563959,1279773,124504091119,267688202270
20365313,8192,9572201,1312646,123669140229,234322554985
20373505,8192,9580431,1311170,124039182811,253182974858
20381697,8192,9588664,1276710,124097202607,256948835981
20389889,8192,9596900,1309255,123990059477,251533588254
20398081,8192,9605136,1256225,124206051024,256177706655
20406273,8192,9613370,1215683,124065312931,239983425851
20414465,8192,9621591,1244275,124192634311,252810966081
20422657,8192,9629846,1320255,123998089347,235404667064
20430849,8192,9638079,1321247,123888932332,225588886551
20439041,8192,9646308,1265381,123823513533,228453155295
20447233,8192,9654555,1276821,123996852027,246428838350
20455425,8192,9662773,1197252,124532117855,275209610966
20463617,8192,9670997,1257479,124388614409,251328811822
20471809,8192,9679232,1285411,123650110177,258686828730
20480001,8192,9687458,1297199,123749972625,249797128570
20488193,8192,9695679,1243615,123883712183,245387614505
20496385,8192,9703905,1269253,124047419113,255690872443
20504577,8192,9712142,1135247,124465862938,267071872912
20512769,8192,9720378,1161611,124184136025,241732342757
20520961,8192,9728604,1245300,124007077488,240385559795
20529153,8192,9736836,1421269,123962849137,246550694173
20537345,8192,9745081,1439333,123669332793,244522129480
20545537,8192,9753315,1253608,124231633533,262078669871
20553729,8192,9761549,1145025,124604070901,268660669738
20561921,8192,9769782,1166959,124453507182,257524520983
20570113,8192,9778022,1229301,123923336719,248502980271
20578305,8192,9786257,1215782,124508837186,254180206107
20586497,8192,9794502,1269527,124050642770,251221738559
20594689,8192,9802745,1292003,124332499053,256839866723
20602881,8192,9810996,1228322,124543532771,261506245899
20611073,8192,9819237,1097645,124814044268,253216417910
20619265,8192,9827482,1324919,124291925023,243969540980
20627457,8192,9835711,1316468,124306662368,242383043853
20635649,8192,9843959,1323405,124238897976,247945721802
20643841,8192,9852200,1312577,124110240029,250387655327
20652033,8192,9860438,1167898,124654545575,254362708076
20660225,8192,9868668,1172966,124818915829,255363816686
20668417,8192,9876900,1236978,124229513827,231375453619
20676609,8192,9885128,1278425,124191509641,248519581276
20684801,8192,9893357,1277423,124164220953,229088059740
20692993,8192,9901590,1299309,124222150078,236963501725
20701185,8192,9909808,1280639,124039124147,249801942443
20709377,8192,9918046,1237605,124150614349,261540967897
20717569,8192,9926276,1319388,123967676483,240457108477
20725761,8192,9934518,1333524,123906422105,239032222949
20733953,8192,9942757,1342890,124072186073,240587856995
20742145,8192,9950994,1335924,123999386424,237305503163
20750337,8192,9959240,1282264,124044134635,248783991769
20758529,8192,9967460,1252221,124075251218,254448896046
20766721,8192,9975702,1248961,124010223875,232916687153
20774913,8192,9983955,1296280,123959551616,228328770577
20783105,8192,9992198,1295855,123861766459,216634126618
20791297,8192,10000436,1357061,123655847951,222253661331
20799489,8192,10008679,1286683,123903565050,213122137602
20807681,8192,10016909,1225709,123683481511,234312277455
20815873,8192,10025141,1281184,123701645397,222906936929
20824065,8192,10033363,1306171,123674520523,217257784794
20832257,8192,10041601,1300593,123697978959,219977821720
20840449,8192,10049823,1322193,123742084041,224818603579
20848641,8192,10058046,1339278,123881511204,256456106365
20856833,8192,10066279,1280156,124044652168,255440598587
20865025,8192,10074499,1341045,123939717225,256343925279
20873217,8192,10082726,1449149,123875874183,232428095963
20881409,8192,10090947,1318637,123828156277,238963751434
20889601,8192,10099176,1310004,124079212741,237487547220
20897793,8192,10107391,1287441,124064006649,230272913847
20905985,8192,10115611,1238107,123942336536,233917378331
20914177,8192,10123834,1270972,123967807271,229805908233
20922369,8192,10132052,1338406,123619826798,220414010432
20930561,8192,10140274,1350373,123791381394,219312321042
20938753,8192,10148494,1314243,123637017493,236196931017
20946945,8192,10156745,1392627,123714739565,219473307304
20955137,8192,10165009,1283356,123904730600,248086707959
20963329,8192,10173259,1250992,123804630771,239856025582
20971521,8192,10181499,1396954,123899780038,228668039548
20979713,8192,10189737,1351704,123744674033,234973034906
20987905,8192,10197972,1408688,123937607291,225839526930
20996097,8192,10206206,1502921,123906819311,219228802482
21004289,8192,10214429,1419302,123927641555,245083009390
21005282,993,10223616,159274,15045217504,32567612796
