Sep 11 05:06:45 nimbus-eth1-mainnet-long-benchmark[2210440]: >>> starting cloneOrFetchBenchmarksRepo
Sep 11 05:06:46 nimbus-eth1-mainnet-long-benchmark[2210440]: >>> Fetching latest changes for nimbus-eth1-benchmarks...
Sep 11 05:06:47 nimbus-eth1-mainnet-long-benchmark[2210487]: HEAD is now at 780d636 chore: update long benchmark Readme
Sep 11 05:06:47 nimbus-eth1-mainnet-long-benchmark[2210440]: <<< ending cloneOrFetchBenchmarksRepo (success)
Sep 11 05:06:47 nimbus-eth1-mainnet-long-benchmark[2210440]: >>> starting cloneOrFetchNimbusRepo
Sep 11 05:06:56 nimbus-eth1-mainnet-long-benchmark[2210440]: >>> Fetching latest changes for nimbus-eth1...
Sep 11 05:06:58 nimbus-eth1-mainnet-long-benchmark[2210832]: From https://github.com/status-im/nimbus-eth1
Sep 11 05:06:58 nimbus-eth1-mainnet-long-benchmark[2210832]:    b8611dcd6..6f59b7bc4  master                  -> origin/master
Sep 11 05:06:58 nimbus-eth1-mainnet-long-benchmark[2210832]:    73e675ae3..2cfac24d4  async-block-builder     -> origin/async-block-builder
Sep 11 05:06:58 nimbus-eth1-mainnet-long-benchmark[2210832]:  * [new branch]          dependabot/submodules/vendor/nim-secp256k1-38b81f5 -> origin/dependabot/submodules/vendor/nim-secp256k1-38b81f5
Sep 11 05:06:58 nimbus-eth1-mainnet-long-benchmark[2210832]:    fbdb7d06f..7e39551cf  dependabot/submodules/vendor/nimbus-eth2-404a000 -> origin/dependabot/submodules/vendor/nimbus-eth2-404a000
Sep 11 05:06:58 nimbus-eth1-mainnet-long-benchmark[2210832]:  + 66342ac88...fa536e0b8 eip-8141                -> origin/eip-8141  (forced update)
Sep 11 05:06:58 nimbus-eth1-mainnet-long-benchmark[2210832]:  + 6267119c0...08aec3a4c engine-new-payload-with-witness -> origin/engine-new-payload-with-witness  (forced update)
Sep 11 05:06:58 nimbus-eth1-mainnet-long-benchmark[2210832]:  * [new branch]          fix-getblobsv4          -> origin/fix-getblobsv4
Sep 11 05:06:58 nimbus-eth1-mainnet-long-benchmark[2210832]:    1a2c63f44..328dc7cc1  fix-inbound-connections -> origin/fix-inbound-connections
Sep 11 05:06:58 nimbus-eth1-mainnet-long-benchmark[2210832]:  * [new branch]          static-storage-vids     -> origin/static-storage-vids
Sep 11 05:06:58 nimbus-eth1-mainnet-long-benchmark[2210832]:    472d47ae5..078a1607e  wasm-deploy             -> origin/wasm-deploy
Sep 11 05:06:58 nimbus-eth1-mainnet-long-benchmark[2210832]:  * [new branch]          wpG                     -> origin/wpG
Sep 11 05:06:58 nimbus-eth1-mainnet-long-benchmark[2210832]:  * [new branch]          zkvm-guest-accelerators -> origin/zkvm-guest-accelerators
Sep 11 05:06:58 nimbus-eth1-mainnet-long-benchmark[2210832]: Fetching submodule vendor/nim-secp256k1
Sep 11 05:06:59 nimbus-eth1-mainnet-long-benchmark[2210832]: From https://github.com/status-im/nim-secp256k1
Sep 11 05:06:59 nimbus-eth1-mainnet-long-benchmark[2210832]:    f44cff9..38b81f5  master     -> origin/master
Sep 11 05:06:59 nimbus-eth1-mainnet-long-benchmark[2210832]: Fetching submodule vendor/nim-web3
Sep 11 05:07:00 nimbus-eth1-mainnet-long-benchmark[2210832]: From https://github.com/status-im/nim-web3
Sep 11 05:07:00 nimbus-eth1-mainnet-long-benchmark[2210832]:  + 7023534...8aef7ab eip-8141   -> origin/eip-8141  (forced update)
Sep 11 05:07:00 nimbus-eth1-mainnet-long-benchmark[2210832]:    66fc320..3d877f4  focil      -> origin/focil
Sep 11 05:07:00 nimbus-eth1-mainnet-long-benchmark[2210832]:    92370a1..fa4ddf3  master     -> origin/master
Sep 11 05:07:00 nimbus-eth1-mainnet-long-benchmark[2210832]: Fetching submodule vendor/nimbus-build-system
Sep 11 05:07:01 nimbus-eth1-mainnet-long-benchmark[2210832]: From https://github.com/status-im/nimbus-build-system
Sep 11 05:07:01 nimbus-eth1-mainnet-long-benchmark[2210832]:    cb9cfbd..d82132f  master     -> origin/master
Sep 11 05:07:01 nimbus-eth1-mainnet-long-benchmark[2210832]: Fetching submodule vendor/nimbus-build-system/vendor/Nim
Sep 11 05:07:05 nimbus-eth1-mainnet-long-benchmark[2210832]: From https://github.com/nim-lang/Nim
Sep 11 05:07:05 nimbus-eth1-mainnet-long-benchmark[2210832]:  * [new branch]          araq-atomic-loads       -> origin/araq-atomic-loads
Sep 11 05:07:05 nimbus-eth1-mainnet-long-benchmark[2210832]:  * [new branch]          araq-carry-flag         -> origin/araq-carry-flag
Sep 11 05:07:05 nimbus-eth1-mainnet-long-benchmark[2210832]:  * [new branch]          araq-dispose            -> origin/araq-dispose
Sep 11 05:07:05 nimbus-eth1-mainnet-long-benchmark[2210832]:  * [new branch]          araq-fixes-15533        -> origin/araq-fixes-15533
Sep 11 05:07:05 nimbus-eth1-mainnet-long-benchmark[2210832]:  * [new branch]          araq-fixes-22479        -> origin/araq-fixes-22479
Sep 11 05:07:05 nimbus-eth1-mainnet-long-benchmark[2210832]:  * [new branch]          araq-fixes-25037        -> origin/araq-fixes-25037
Sep 11 05:07:05 nimbus-eth1-mainnet-long-benchmark[2210832]:  * [new branch]          araq-fixes-25333        -> origin/araq-fixes-25333
Sep 11 05:07:05 nimbus-eth1-mainnet-long-benchmark[2210832]:  * [new branch]          araq-fixes-25830        -> origin/araq-fixes-25830
Sep 11 05:07:05 nimbus-eth1-mainnet-long-benchmark[2210832]:  * [new branch]          araq-generic-inst-fix   -> origin/araq-generic-inst-fix
Sep 11 05:07:05 nimbus-eth1-mainnet-long-benchmark[2210832]:  * [new branch]          araq-ic-batch           -> origin/araq-ic-batch
Sep 11 05:07:05 nimbus-eth1-mainnet-long-benchmark[2210832]:  * [new branch]          araq-ic-drift4          -> origin/araq-ic-drift4
Sep 11 05:07:05 nimbus-eth1-mainnet-long-benchmark[2210832]:  * [new branch]          araq-ic-fixes2          -> origin/araq-ic-fixes2
Sep 11 05:07:05 nimbus-eth1-mainnet-long-benchmark[2210832]:  * [new branch]          araq-ic-mem-comsumption3 -> origin/araq-ic-mem-comsumption3
Sep 11 05:07:05 nimbus-eth1-mainnet-long-benchmark[2210832]:  * [new branch]          araq-ic5                -> origin/araq-ic5
Sep 11 05:07:05 nimbus-eth1-mainnet-long-benchmark[2210832]:  * [new branch]          araq-loadfromfield      -> origin/araq-loadfromfield
Sep 11 05:07:05 nimbus-eth1-mainnet-long-benchmark[2210832]:  * [new branch]          araq-move-in-closure    -> origin/araq-move-in-closure
Sep 11 05:07:05 nimbus-eth1-mainnet-long-benchmark[2210832]:  * [new branch]          araq-orc-hotfix         -> origin/araq-orc-hotfix
Sep 11 05:07:05 nimbus-eth1-mainnet-long-benchmark[2210832]:  * [new branch]          araq-pipeline           -> origin/araq-pipeline
Sep 11 05:07:05 nimbus-eth1-mainnet-long-benchmark[2210832]:  * [new branch]          araq-ptype-refactor     -> origin/araq-ptype-refactor
Sep 11 05:07:05 nimbus-eth1-mainnet-long-benchmark[2210832]:  * [new branch]          araq-quirky-boots       -> origin/araq-quirky-boots
Sep 11 05:07:05 nimbus-eth1-mainnet-long-benchmark[2210832]:  * [new branch]          araq-sso                -> origin/araq-sso
Sep 11 05:07:05 nimbus-eth1-mainnet-long-benchmark[2210832]:  * [new branch]          araq-std-diff           -> origin/araq-std-diff
Sep 11 05:07:05 nimbus-eth1-mainnet-long-benchmark[2210832]:  * [new branch]          devel                   -> origin/devel
Sep 11 05:07:05 nimbus-eth1-mainnet-long-benchmark[2210832]:  * [new branch]          dfa-for-closures        -> origin/dfa-for-closures
Sep 11 05:07:05 nimbus-eth1-mainnet-long-benchmark[2210832]:  * [new branch]          fix_15097               -> origin/fix_15097
Sep 11 05:07:05 nimbus-eth1-mainnet-long-benchmark[2210832]:  * [new branch]          gh-pages                -> origin/gh-pages
Sep 11 05:07:05 nimbus-eth1-mainnet-long-benchmark[2210832]:  * [new branch]          pr_#22560               -> origin/pr_#22560
Sep 11 05:07:05 nimbus-eth1-mainnet-long-benchmark[2210832]:  * [new branch]          pr_16253                -> origin/pr_16253
Sep 11 05:07:05 nimbus-eth1-mainnet-long-benchmark[2210832]:  * [new branch]          pr_Montag               -> origin/pr_Montag
Sep 11 05:07:05 nimbus-eth1-mainnet-long-benchmark[2210832]:  * [new branch]          pr_Welt                 -> origin/pr_Welt
Sep 11 05:07:05 nimbus-eth1-mainnet-long-benchmark[2210832]:  * [new branch]          pr_alea2                -> origin/pr_alea2
Sep 11 05:07:05 nimbus-eth1-mainnet-long-benchmark[2210832]:  * [new branch]          pr_ast2ir               -> origin/pr_ast2ir
Sep 11 05:07:05 nimbus-eth1-mainnet-long-benchmark[2210832]:  * [new branch]          pr_best_efforts         -> origin/pr_best_efforts
Sep 11 05:07:05 nimbus-eth1-mainnet-long-benchmark[2210832]:  * [new branch]          pr_build_types          -> origin/pr_build_types
Sep 11 05:07:05 nimbus-eth1-mainnet-long-benchmark[2210832]:  * [new branch]          pr_clean_up_sink        -> origin/pr_clean_up_sink
Sep 11 05:07:05 nimbus-eth1-mainnet-long-benchmark[2210832]:  * [new branch]          pr_copy_23610           -> origin/pr_copy_23610
Sep 11 05:07:05 nimbus-eth1-mainnet-long-benchmark[2210832]:  * [new branch]          pr_disable_sink         -> origin/pr_disable_sink
Sep 11 05:07:05 nimbus-eth1-mainnet-long-benchmark[2210832]:  * [new branch]          pr_discardable_refactor -> origin/pr_discardable_refactor
Sep 11 05:07:05 nimbus-eth1-mainnet-long-benchmark[2210832]:  * [new branch]          pr_distinct_ctype_alias -> origin/pr_distinct_ctype_alias
Sep 11 05:07:05 nimbus-eth1-mainnet-long-benchmark[2210832]:  * [new branch]          pr_distinct_ctypes      -> origin/pr_distinct_ctypes
Sep 11 05:07:05 nimbus-eth1-mainnet-long-benchmark[2210832]:  * [new branch]          pr_djd                  -> origin/pr_djd
Sep 11 05:07:05 nimbus-eth1-mainnet-long-benchmark[2210832]:  * [new branch]          pr_djdj                 -> origin/pr_djdj
Sep 11 05:07:05 nimbus-eth1-mainnet-long-benchmark[2210832]:  * [new branch]          pr_dnj                  -> origin/pr_dnj
Sep 11 05:07:05 nimbus-eth1-mainnet-long-benchmark[2210832]:  * [new branch]          pr_dot                  -> origin/pr_dot
Sep 11 05:07:05 nimbus-eth1-mainnet-long-benchmark[2210832]:  * [new branch]          pr_dsj                  -> origin/pr_dsj
Sep 11 05:07:05 nimbus-eth1-mainnet-long-benchmark[2210832]:  * [new branch]          pr_edhjfhn              -> origin/pr_edhjfhn
Sep 11 05:07:05 nimbus-eth1-mainnet-long-benchmark[2210832]:  * [new branch]          pr_ehui                 -> origin/pr_ehui
Sep 11 05:07:05 nimbus-eth1-mainnet-long-benchmark[2210832]:  * [new branch]          pr_error_message        -> origin/pr_error_message
Sep 11 05:07:05 nimbus-eth1-mainnet-long-benchmark[2210832]:  * [new branch]          pr_extend_enum          -> origin/pr_extend_enum
Sep 11 05:07:05 nimbus-eth1-mainnet-long-benchmark[2210832]:  * [new branch]          pr_field                -> origin/pr_field
Sep 11 05:07:05 nimbus-eth1-mainnet-long-benchmark[2210832]:  * [new branch]          pr_fix_signature        -> origin/pr_fix_signature
Sep 11 05:07:05 nimbus-eth1-mainnet-long-benchmark[2210832]:  * [new branch]          pr_fold_unfold          -> origin/pr_fold_unfold
Sep 11 05:07:05 nimbus-eth1-mainnet-long-benchmark[2210832]:  * [new branch]          pr_forward              -> origin/pr_forward
Sep 11 05:07:05 nimbus-eth1-mainnet-long-benchmark[2210832]:  * [new branch]          pr_full_of_oneself      -> origin/pr_full_of_oneself
Sep 11 05:07:05 nimbus-eth1-mainnet-long-benchmark[2210832]:  * [new branch]          pr_gcc_14               -> origin/pr_gcc_14
Sep 11 05:07:05 nimbus-eth1-mainnet-long-benchmark[2210832]:  * [new branch]          pr_holey_enum           -> origin/pr_holey_enum
Sep 11 05:07:05 nimbus-eth1-mainnet-long-benchmark[2210832]:  * [new branch]          pr_i3sdu                -> origin/pr_i3sdu
Sep 11 05:07:05 nimbus-eth1-mainnet-long-benchmark[2210832]:  * [new branch]          pr_legacy_asm           -> origin/pr_legacy_asm
Sep 11 05:07:05 nimbus-eth1-mainnet-long-benchmark[2210832]:  * [new branch]          pr_lent_iter            -> origin/pr_lent_iter
Sep 11 05:07:05 nimbus-eth1-mainnet-long-benchmark[2210832]:  * [new branch]          pr_lk                   -> origin/pr_lk
Sep 11 05:07:05 nimbus-eth1-mainnet-long-benchmark[2210832]:  * [new branch]          pr_move_system          -> origin/pr_move_system
Sep 11 05:07:05 nimbus-eth1-mainnet-long-benchmark[2210832]:  * [new branch]          pr_mumu                 -> origin/pr_mumu
Sep 11 05:07:05 nimbus-eth1-mainnet-long-benchmark[2210832]:  * [new branch]          pr_no_forward_decl      -> origin/pr_no_forward_decl
Sep 11 05:07:05 nimbus-eth1-mainnet-long-benchmark[2210832]:  * [new branch]          pr_nodecl_type          -> origin/pr_nodecl_type
Sep 11 05:07:05 nimbus-eth1-mainnet-long-benchmark[2210832]:  * [new branch]          pr_object               -> origin/pr_object
Sep 11 05:07:05 nimbus-eth1-mainnet-long-benchmark[2210832]:  * [new branch]          pr_oi                   -> origin/pr_oi
Sep 11 05:07:05 nimbus-eth1-mainnet-long-benchmark[2210832]:  * [new branch]          pr_oi2                  -> origin/pr_oi2
Sep 11 05:07:05 nimbus-eth1-mainnet-long-benchmark[2210832]:  * [new branch]          pr_orc                  -> origin/pr_orc
Sep 11 05:07:05 nimbus-eth1-mainnet-long-benchmark[2210832]:  * [new branch]          pr_packed_refactor      -> origin/pr_packed_refactor
Sep 11 05:07:05 nimbus-eth1-mainnet-long-benchmark[2210832]:  * [new branch]          pr_private_type_node    -> origin/pr_private_type_node
Sep 11 05:07:05 nimbus-eth1-mainnet-long-benchmark[2210832]:  * [new branch]          pr_quote_do_r           -> origin/pr_quote_do_r
Sep 11 05:07:05 nimbus-eth1-mainnet-long-benchmark[2210832]:  * [new branch]          pr_recursive_strict_effects -> origin/pr_recursive_strict_effects
Sep 11 05:07:05 nimbus-eth1-mainnet-long-benchmark[2210832]:  * [new branch]          pr_refc_copy            -> origin/pr_refc_copy
Sep 11 05:07:05 nimbus-eth1-mainnet-long-benchmark[2210832]:  * [new branch]          pr_remove_cyclics       -> origin/pr_remove_cyclics
Sep 11 05:07:05 nimbus-eth1-mainnet-long-benchmark[2210832]:  * [new branch]          pr_remove_macros        -> origin/pr_remove_macros
Sep 11 05:07:05 nimbus-eth1-mainnet-long-benchmark[2210832]:  * [new branch]          pr_secur9e              -> origin/pr_secur9e
Sep 11 05:07:05 nimbus-eth1-mainnet-long-benchmark[2210832]:  * [new branch]          pr_shadowing            -> origin/pr_shadowing
Sep 11 05:07:05 nimbus-eth1-mainnet-long-benchmark[2210832]:  * [new branch]          pr_sigei                -> origin/pr_sigei
Sep 11 05:07:05 nimbus-eth1-mainnet-long-benchmark[2210832]:  * [new branch]          pr_so_so                -> origin/pr_so_so
Sep 11 05:07:05 nimbus-eth1-mainnet-long-benchmark[2210832]:  * [new branch]          pr_string_v3            -> origin/pr_string_v3
Sep 11 05:07:05 nimbus-eth1-mainnet-long-benchmark[2210832]:  * [new branch]          pr_table_sinks          -> origin/pr_table_sinks
Sep 11 05:07:05 nimbus-eth1-mainnet-long-benchmark[2210832]:  * [new branch]          pr_temp_init            -> origin/pr_temp_init
Sep 11 05:07:05 nimbus-eth1-mainnet-long-benchmark[2210832]:  * [new branch]          pr_ungeduldig           -> origin/pr_ungeduldig
Sep 11 05:07:05 nimbus-eth1-mainnet-long-benchmark[2210832]:  * [new branch]          pr_union_cast           -> origin/pr_union_cast
Sep 11 05:07:05 nimbus-eth1-mainnet-long-benchmark[2210832]:  * [new branch]          pr_when_typ             -> origin/pr_when_typ
Sep 11 05:07:05 nimbus-eth1-mainnet-long-benchmark[2210832]:  * [new branch]          revert-24809-pr_eval_ccg -> origin/revert-24809-pr_eval_ccg
Sep 11 05:07:05 nimbus-eth1-mainnet-long-benchmark[2210832]:  * [new branch]          revert-25016-pr_test_re -> origin/revert-25016-pr_test_re
Sep 11 05:07:05 nimbus-eth1-mainnet-long-benchmark[2210832]:  * [new branch]          ringabout-patch-9       -> origin/ringabout-patch-9
Sep 11 05:07:05 nimbus-eth1-mainnet-long-benchmark[2210832]:  * [new branch]          str-mutation-hoist      -> origin/str-mutation-hoist
Sep 11 05:07:05 nimbus-eth1-mainnet-long-benchmark[2210832]:  * [new branch]          test-ssz                -> origin/test-ssz
Sep 11 05:07:05 nimbus-eth1-mainnet-long-benchmark[2210832]:  * [new branch]          version-0-19            -> origin/version-0-19
Sep 11 05:07:05 nimbus-eth1-mainnet-long-benchmark[2210832]:  * [new branch]          version-0-20            -> origin/version-0-20
Sep 11 05:07:05 nimbus-eth1-mainnet-long-benchmark[2210832]:  * [new branch]          version-1-0             -> origin/version-1-0
Sep 11 05:07:05 nimbus-eth1-mainnet-long-benchmark[2210832]:    82e9ec3b5..772b62cde  version-1-2             -> origin/version-1-2
Sep 11 05:07:05 nimbus-eth1-mainnet-long-benchmark[2210832]:  * [new branch]          version-1-4             -> origin/version-1-4
Sep 11 05:07:05 nimbus-eth1-mainnet-long-benchmark[2210832]:    71ba2e7f3..5a598a494  version-1-6             -> origin/version-1-6
Sep 11 05:07:05 nimbus-eth1-mainnet-long-benchmark[2210832]:    82f3a5761..336dc9d82  version-2-0             -> origin/version-2-0
Sep 11 05:07:05 nimbus-eth1-mainnet-long-benchmark[2210832]:    f7145dd26..8e8fbf606  version-2-2             -> origin/version-2-2
Sep 11 05:07:05 nimbus-eth1-mainnet-long-benchmark[2210832]:  * [new branch]          version-2-4             -> origin/version-2-4
Sep 11 05:07:05 nimbus-eth1-mainnet-long-benchmark[2210832]:  * [new branch]          version-20-staging      -> origin/version-20-staging
Sep 11 05:07:05 nimbus-eth1-mainnet-long-benchmark[2210832]:  * [new branch]          version-22-staging      -> origin/version-22-staging
Sep 11 05:07:05 nimbus-eth1-mainnet-long-benchmark[2210832]:  * [new tag]             v2.0.10                 -> v2.0.10
Sep 11 05:07:05 nimbus-eth1-mainnet-long-benchmark[2210832]:  * [new tag]             v2.0.12                 -> v2.0.12
Sep 11 05:07:05 nimbus-eth1-mainnet-long-benchmark[2210832]:  * [new tag]             v2.0.14                 -> v2.0.14
Sep 11 05:07:05 nimbus-eth1-mainnet-long-benchmark[2210832]:  * [new tag]             v2.0.16                 -> v2.0.16
Sep 11 05:07:05 nimbus-eth1-mainnet-long-benchmark[2210832]:  * [new tag]             v2.0.8                  -> v2.0.8
Sep 11 05:07:05 nimbus-eth1-mainnet-long-benchmark[2210832]:  * [new tag]             v2.2.0                  -> v2.2.0
Sep 11 05:07:05 nimbus-eth1-mainnet-long-benchmark[2210832]:  * [new tag]             v2.2.10                 -> v2.2.10
Sep 11 05:07:05 nimbus-eth1-mainnet-long-benchmark[2210832]:  * [new tag]             v2.2.12                 -> v2.2.12
Sep 11 05:07:05 nimbus-eth1-mainnet-long-benchmark[2210832]:  * [new tag]             v2.2.2                  -> v2.2.2
Sep 11 05:07:05 nimbus-eth1-mainnet-long-benchmark[2210832]:  * [new tag]             v2.2.4                  -> v2.2.4
Sep 11 05:07:05 nimbus-eth1-mainnet-long-benchmark[2210832]:  * [new tag]             v2.2.6                  -> v2.2.6
Sep 11 05:07:05 nimbus-eth1-mainnet-long-benchmark[2210832]:  * [new tag]             v2.2.8                  -> v2.2.8
Sep 11 05:07:05 nimbus-eth1-mainnet-long-benchmark[2210898]: warning: unable to rmdir 'vendor/libtommath': Directory not empty
Sep 11 05:07:05 nimbus-eth1-mainnet-long-benchmark[2210898]: HEAD is now at 6f59b7bc4 Verify the genesis block of PoS only networks against the genesis data (#4777)
Sep 11 05:07:05 nimbus-eth1-mainnet-long-benchmark[2210440]: >>> Found last benchmarked commit: cc02c44b
Sep 11 05:07:05 nimbus-eth1-mainnet-long-benchmark[2210440]: >>> Using next commit: c9311b7f38fa709b39a2b16c0d82b787db9bd149
Sep 11 05:07:05 nimbus-eth1-mainnet-long-benchmark[2210914]: HEAD is now at c9311b7f3 Optimize Osaka's modExpFee calculation (#3784)
Sep 11 05:07:05 nimbus-eth1-mainnet-long-benchmark[2210440]: >>> Current commit: c9311b7f3
Sep 11 05:07:05 nimbus-eth1-mainnet-long-benchmark[2210440]: <<< ending cloneOrFetchNimbusRepo (success)
Sep 11 05:07:05 nimbus-eth1-mainnet-long-benchmark[2210440]: >>> starting buildBinaries
Sep 11 05:07:05 nimbus-eth1-mainnet-long-benchmark[2210440]: >>> Building binaries for commit c9311b7f...
Sep 11 05:07:11 nimbus-eth1-mainnet-long-benchmark[2212166]: Submodule path 'vendor/nim-bearssl': checked out '405f07ef14ccaeadf8b4d0200f94752df13d2cd5'
Sep 11 05:07:20 nimbus-eth1-mainnet-long-benchmark[2216101]: Building: Nim compiler
Sep 11 05:09:38 nimbus-eth1-mainnet-long-benchmark[2225896]: Building: install/usr/lib/libbacktrace.a
Sep 11 05:09:38 nimbus-eth1-mainnet-long-benchmark[2225872]: ROCKSDB CACHED VERSION: 10.4.2
Sep 11 05:09:38 nimbus-eth1-mainnet-long-benchmark[2226404]: RocksDb static libraries already built. Skipping build.
Sep 11 05:09:42 nimbus-eth1-mainnet-long-benchmark[2228587]: Building: install/usr/lib/libbacktracenim.a
Sep 11 05:09:42 nimbus-eth1-mainnet-long-benchmark[2228589]: Building: build/nimbus_execution_client
Sep 11 05:13:34 nimbus-eth1-mainnet-long-benchmark[2210440]: >>> renaming binaries to match commit they were built from
Sep 11 05:13:34 nimbus-eth1-mainnet-long-benchmark[2210440]: >>> creating a symbolic link to the latest version
Sep 11 05:13:34 nimbus-eth1-mainnet-long-benchmark[2210440]: >>> deleting copies that are older than N days
Sep 11 05:13:34 nimbus-eth1-mainnet-long-benchmark[2210440]: <<< ending buildBinaries (success)
Sep 11 05:13:34 nimbus-eth1-mainnet-long-benchmark[2210440]: >>> starting skipOrContinueBenchmark
Sep 11 05:13:34 nimbus-eth1-mainnet-long-benchmark[2210440]: <<< ending skipOrContinueBenchmark (success)
Sep 11 05:13:34 nimbus-eth1-mainnet-long-benchmark[2210440]: >>> starting startNimbusWithImport
Sep 11 05:13:34 nimbus-eth1-mainnet-long-benchmark[2233876]: INF 2026-09-11 05:13:34.640+00:00 Launching execution client                 version=v0.2.1-c9311b7f config="(configFile: none(InputFile), dataDirFlag: some(/data/status-im/nimbus-eth1/data/shared_mainnet_0), era1DirFlag: some(/data/era1), eraDirFlag: some(/data/era), keyStoreDirFlag: none(OutDir), importKey: , trustedSetupFile: none(string), extraData: nimbus-eth1/v0.2.1-c9311b7f, gasLimit: 60000000, network: [mainnet], customNetwork: none(NetworkParams), networkId: 1, networkParams: (config: ..., genesis: (nonce: 0x0000000000000042, timestamp: 0, extraData: [17, 187, 232, 219, 78, 52, 123, 78, 140, 147, 124, 28, 131, 112, 228, 181, 237, 51, 173, 179, 219, 105, 203, 219, 122, 56, 225, 229, 11, 27, 130, 250], gasLimit: 5000, difficulty: 17179869184, mixHash: 0x0000000000000000000000000000000000000000000000000000000000000000, coinbase: 0x0000000000000000000000000000000000000000, alloc: 8893, number: 0, gasUser: 0, parentHash: 0x0000000000000000000000000000000000000000000000000000000000000000, baseFeePerGas: none(), blobGasUsed: -1, excessBlobGas: -1, parentBeaconBlockRoot: none())), logLevel: INFO, logStdout: auto, metricsEnabled: false, metricsPort: 9093, metricsAddress: 127.0.0.1, bootstrapNodes: [], bootstrapFile: , staticPeers: [], staticPeersFile: , reconnectMaxRetry: 0, reconnectInterval: 15, listenAddress: ::, tcpPort: 30303, udpPort: 0, maxPeers: 25, nat: (hasExtIp: false, nat: NatAny), discovery: [V4, V5], netKey: random, agentString: nimbus-eth1/v0.2.1-c9311b7f/linux-amd64/Nim-2.2.4, numThreads: 0, persistBatchSize: 4, dynamicBatchSize: false, rocksdbMaxOpenFiles: 2048, rocksdbWriteBufferSize: 67108864, rocksdbRowCacheSize: 0, rocksdbBlockCacheSize: 2147483648, rdbVtxCacheSize: 536870912, rdbKeyCacheSize: 1342177280, rdbBranchCacheSize: 1073741824, rdbPrintStats: false, rewriteDatadirId: true, eagerStateRootCheck: false, deserializeFcState: true, statelessProviderEnabled: false, statelessWitnessValidation: false, cmd: import, maxBlocks: 18446744073709551615, chunkSize: 8192, csvStats: some("/data/host-benchmarks/long/cd66187a33e44773a801c50b8f860c08/blocks-import-benchmark.csv"), fullValidation: false, noValidation: true, storeBodies: false, storeReceipts: false, storeSlotHashes: false)"
Sep 11 05:13:34 nimbus-eth1-mainnet-long-benchmark[2233876]: INF 2026-09-11 05:13:34.640+00:00 Taskpool started                           numThreads=16
Sep 11 05:13:34 nimbus-eth1-mainnet-long-benchmark[2233876]: INF 2026-09-11 05:13:34.780+00:00 Writing data dir ID                        ID=0x0a036d6f6dfe59156bb6359f0243c93d5a421ed688de5aa85a62d15dca8dbd5c
Sep 11 05:13:34 nimbus-eth1-mainnet-long-benchmark[2233876]: INF 2026-09-11 05:13:34.816+00:00 Writing genesis to DB                      blockHash=0xd4e56740f876aef8c010b86a40d5f56745a118d0906a34e69aec8c0db1cb8fa3 stateRoot=0xd7f8974fb5ac78d9ac099b9ad5018bedc2ce0a72dad1827a1709da30580f0544 difficulty=17179869184 gasLimit=5000 timestamp=0 nonce=0x0000000000000042
Sep 11 05:13:34 nimbus-eth1-mainnet-long-benchmark[2233876]: INF 2026-09-11 05:13:34.884+00:00 Database initialized                       base="(0xd4e56740f876aef8c010b86a40d5f56745a118d0906a34e69aec8c0db1cb8fa3, 0)" finalized="(0xd4e56740f876aef8c010b86a40d5f56745a118d0906a34e69aec8c0db1cb8fa3, 0)" head="(0xd4e56740f876aef8c010b86a40d5f56745a118d0906a34e69aec8c0db1cb8fa3, 0)"
Sep 11 05:13:34 nimbus-eth1-mainnet-long-benchmark[2233876]: NTC 2026-09-11 05:13:34.892+00:00 Importing era1 archive                     start=1 dataDir=/data/status-im/nimbus-eth1/data/shared_mainnet_0 era1Dir=/data/era1
Sep 11 05:13:35 nimbus-eth1-mainnet-long-benchmark[2233876]: INF 2026-09-11 05:13:35.124+00:00 Imported blocks                            blockNumber=8193 slot=1 blocks=8192 txs=0 mgas=0.000 bps=34536 tps=0.000 mgps=0.000 avgBps=34536 avgTps=0.000 avgMGps=0.000 elapsed=237ms196us89ns
Sep 11 05:13:35 nimbus-eth1-mainnet-long-benchmark[2233876]: INF 2026-09-11 05:13:35.356+00:00 Imported blocks                            blockNumber=16385 slot=1 blocks=16384 txs=0 mgas=0.000 bps=35236 tps=0.000 mgps=0.000 avgBps=34883 avgTps=0.000 avgMGps=0.000 elapsed=469ms679us11ns
Sep 11 05:13:35 nimbus-eth1-mainnet-long-benchmark[2233876]: INF 2026-09-11 05:13:35.584+00:00 Imported blocks                            blockNumber=24577 slot=1 blocks=24576 txs=0 mgas=0.000 bps=35798 tps=0.000 mgps=0.000 avgBps=35183 avgTps=0.000 avgMGps=0.000 elapsed=698ms514us107ns
Sep 11 05:13:35 nimbus-eth1-mainnet-long-benchmark[2233876]: INF 2026-09-11 05:13:35.816+00:00 Imported blocks                            blockNumber=32769 slot=1 blocks=32768 txs=0 mgas=0.000 bps=35271 tps=0.000 mgps=0.000 avgBps=35205 avgTps=0.000 avgMGps=0.000 elapsed=930ms770us461ns
Sep 11 05:13:36 nimbus-eth1-mainnet-long-benchmark[2233876]: INF 2026-09-11 05:13:36.048+00:00 Imported blocks                            blockNumber=40961 slot=1 blocks=40960 txs=0 mgas=0.000 bps=35340 tps=0.000 mgps=0.000 avgBps=35232 avgTps=0.000 avgMGps=0.000 elapsed=1s162ms570us
Sep 11 05:13:36 nimbus-eth1-mainnet-long-benchmark[2233876]: INF 2026-09-11 05:13:36.348+00:00 Imported blocks                            blockNumber=49153 slot=1 blocks=49152 txs=1514 mgas=33.07 bps=27310 tps=5047 mgps=110.3 avgBps=33607 avgTps=1035 avgMGps=22.61 elapsed=1s462ms523us
Sep 11 05:13:36 nimbus-eth1-mainnet-long-benchmark[2233876]: INF 2026-09-11 05:13:36.776+00:00 Imported blocks                            blockNumber=57345 slot=1 blocks=57344 txs=5430 mgas=440.9 bps=19207 tps=9181 mgps=956.2 avgBps=30356 avgTps=2874 avgMGps=233.4 elapsed=1s889ms22us
Sep 11 05:13:37 nimbus-eth1-mainnet-long-benchmark[2233876]: INF 2026-09-11 05:13:37.136+00:00 Imported blocks                            blockNumber=65537 slot=1 blocks=65536 txs=8106 mgas=530.9 bps=22734 tps=7426 mgps=249.9 avgBps=29135 avgTps=3603 avgMGps=236.0 elapsed=2s249ms358us
Sep 11 05:13:37 nimbus-eth1-mainnet-long-benchmark[2233876]: INF 2026-09-11 05:13:37.552+00:00 Imported blocks                            blockNumber=73729 slot=1 blocks=73728 txs=13927 mgas=728.7 bps=19668 tps=13975 mgps=474.8 avgBps=27656 avgTps=5224 avgMGps=273.3 elapsed=2s665ms861us
Sep 11 05:13:37 nimbus-eth1-mainnet-long-benchmark[2233876]: INF 2026-09-11 05:13:37.944+00:00 Imported blocks                            blockNumber=81921 slot=1 blocks=81920 txs=18131 mgas=860.0 bps=20862 tps=10706 mgps=334.3 avgBps=26784 avgTps=5928 avgMGps=281.2 elapsed=3s58ms519us
Sep 11 05:13:38 nimbus-eth1-mainnet-long-benchmark[2233876]: INF 2026-09-11 05:13:38.336+00:00 Imported blocks                            blockNumber=90113 slot=1 blocks=90112 txs=22720 mgas=972.2 bps=20889 tps=11702 mgps=286.3 avgBps=26114 avgTps=6584 avgMGps=281.8 elapsed=3s450ms671us
Sep 11 05:13:38 nimbus-eth1-mainnet-long-benchmark[2233876]: INF 2026-09-11 05:13:38.700+00:00 Imported blocks                            blockNumber=98305 slot=1 blocks=98304 txs=26047 mgas=1056 bps=22597 tps=9177 mgps=233.5 avgBps=25779 avgTps=6830 avgMGps=277.2 elapsed=3s813ms189us
Sep 11 05:13:39 nimbus-eth1-mainnet-long-benchmark[2233876]: INF 2026-09-11 05:13:39.068+00:00 Imported blocks                            blockNumber=106497 slot=1 blocks=106496 txs=30215 mgas=1162 bps=22176 tps=11283 mgps=285.6 avgBps=25461 avgTps=7224 avgMGps=277.9 elapsed=4s182ms582us
Sep 11 05:13:39 nimbus-eth1-mainnet-long-benchmark[2233876]: INF 2026-09-11 05:13:39.440+00:00 Imported blocks                            blockNumber=114689 slot=1 blocks=114688 txs=34462 mgas=1281 bps=22137 tps=11476 mgps=322.1 avgBps=25191 avgTps=7569 avgMGps=281.5 elapsed=4s552ms628us
Sep 11 05:13:39 nimbus-eth1-mainnet-long-benchmark[2233876]: INF 2026-09-11 05:13:39.860+00:00 Imported blocks                            blockNumber=122881 slot=1 blocks=122880 txs=40516 mgas=1445 bps=19510 tps=14418 mgps=390.5 avgBps=24711 avgTps=8147 avgMGps=290.7 elapsed=4s972ms513us
Sep 11 05:13:40 nimbus-eth1-mainnet-long-benchmark[2233876]: INF 2026-09-11 05:13:40.232+00:00 Imported blocks                            blockNumber=131073 slot=1 blocks=131072 txs=46368 mgas=1592 bps=21901 tps=15645 mgps=394.2 avgBps=24515 avgTps=8672 avgMGps=297.9 elapsed=5s346ms550us
Sep 11 05:13:40 nimbus-eth1-mainnet-long-benchmark[2233876]: INF 2026-09-11 05:13:40.636+00:00 Imported blocks                            blockNumber=139265 slot=1 blocks=139264 txs=53046 mgas=1761 bps=20378 tps=16612 mgps=419.0 avgBps=24225 avgTps=9227 avgMGps=306.4 elapsed=5s748ms544us
Sep 11 05:13:41 nimbus-eth1-mainnet-long-benchmark[2233876]: INF 2026-09-11 05:13:41.064+00:00 Imported blocks                            blockNumber=147457 slot=1 blocks=147456 txs=60851 mgas=1951 bps=19000 tps=18103 mgps=442.0 avgBps=23861 avgTps=9846 avgMGps=315.9 elapsed=6s179ms682us
Sep 11 05:13:41 nimbus-eth1-mainnet-long-benchmark[2233876]: INF 2026-09-11 05:13:41.516+00:00 Imported blocks                            blockNumber=155649 slot=1 blocks=155648 txs=69526 mgas=2172 bps=18139 tps=19209 mgps=487.3 avgBps=23471 avgTps=10484 avgMGps=327.5 elapsed=6s631ms281us
Sep 11 05:13:41 nimbus-eth1-mainnet-long-benchmark[2233876]: INF 2026-09-11 05:13:41.952+00:00 Imported blocks                            blockNumber=163841 slot=1 blocks=163840 txs=76781 mgas=2347 bps=18899 tps=16737 mgps=403.8 avgBps=23191 avgTps=10868 avgMGps=332.2 elapsed=7s64ms728us
Sep 11 05:13:42 nimbus-eth1-mainnet-long-benchmark[2233876]: INF 2026-09-11 05:13:42.440+00:00 Imported blocks                            blockNumber=172033 slot=1 blocks=172032 txs=86896 mgas=2589 bps=16779 tps=20718 mgps=496.3 avgBps=22776 avgTps=11504 avgMGps=342.8 elapsed=7s552ms935us
Sep 11 05:13:42 nimbus-eth1-mainnet-long-benchmark[2233876]: INF 2026-09-11 05:13:42.976+00:00 Imported blocks                            blockNumber=180225 slot=1 blocks=180224 txs=98925 mgas=2908 bps=15222 tps=22352 mgps=593.6 avgBps=22274 avgTps=12226 avgMGps=359.5 elapsed=8s91ms80us
Sep 11 05:13:43 nimbus-eth1-mainnet-long-benchmark[2233876]: INF 2026-09-11 05:13:43.484+00:00 Imported blocks                            blockNumber=188417 slot=1 blocks=188416 txs=109418 mgas=3216 bps=16120 tps=20648 mgps=606.0 avgBps=21910 avgTps=12724 avgMGps=374.1 elapsed=8s599ms260us
Sep 11 05:13:43 nimbus-eth1-mainnet-long-benchmark[2233876]: INF 2026-09-11 05:13:43.956+00:00 Imported blocks                            blockNumber=196609 slot=1 blocks=196608 txs=117906 mgas=3442 bps=17322 tps=17948 mgps=477.9 avgBps=21671 avgTps=12996 avgMGps=379.5 elapsed=9s72ms180us
Sep 11 05:13:44 nimbus-eth1-mainnet-long-benchmark[2233876]: INF 2026-09-11 05:13:44.452+00:00 Imported blocks                            blockNumber=204801 slot=1 blocks=204800 txs=127337 mgas=3727 bps=16570 tps=19076 mgps=575.5 avgBps=21407 avgTps=13310 avgMGps=389.6 elapsed=9s566ms546us
Sep 11 05:13:44 nimbus-eth1-mainnet-long-benchmark[2233876]: INF 2026-09-11 05:13:44.952+00:00 Imported blocks                            blockNumber=212993 slot=1 blocks=212992 txs=136769 mgas=3996 bps=16387 tps=18867 mgps=538.2 avgBps=21158 avgTps=13586 avgMGps=397.0 elapsed=10s66ms443us
Sep 11 05:13:45 nimbus-eth1-mainnet-long-benchmark[2233876]: INF 2026-09-11 05:13:45.444+00:00 Imported blocks                            blockNumber=221185 slot=1 blocks=221184 txs=146514 mgas=4249 bps=16636 tps=19790 mgps=513.8 avgBps=20947 avgTps=13875 avgMGps=402.4 elapsed=10s558ms846us
Sep 11 05:13:45 nimbus-eth1-mainnet-long-benchmark[2233876]: INF 2026-09-11 05:13:45.936+00:00 Imported blocks                            blockNumber=229377 slot=1 blocks=229376 txs=155987 mgas=4552 bps=16611 tps=19208 mgps=614.9 avgBps=20754 avgTps=14113 avgMGps=411.9 elapsed=11s52ms5us
Sep 11 05:13:46 nimbus-eth1-mainnet-long-benchmark[2233876]: INF 2026-09-11 05:13:46.444+00:00 Imported blocks                            blockNumber=237569 slot=1 blocks=237568 txs=165739 mgas=4839 bps=16235 tps=19327 mgps=569.5 avgBps=20556 avgTps=14341 avgMGps=418.8 elapsed=11s556ms570us
Sep 11 05:13:46 nimbus-eth1-mainnet-long-benchmark[2233876]: INF 2026-09-11 05:13:46.944+00:00 Imported blocks                            blockNumber=245761 slot=1 blocks=245760 txs=174914 mgas=5076 bps=16309 tps=18266 mgps=472.1 avgBps=20380 avgTps=14505 avgMGps=421.0 elapsed=12s58ms844us
Sep 11 05:13:47 nimbus-eth1-mainnet-long-benchmark[2233876]: INF 2026-09-11 05:13:47.456+00:00 Imported blocks                            blockNumber=253953 slot=1 blocks=253952 txs=184139 mgas=5376 bps=15994 tps=18011 mgps=585.5 avgBps=20201 avgTps=14647 avgMGps=427.7 elapsed=12s571ms20us
Sep 11 05:13:47 nimbus-eth1-mainnet-long-benchmark[2233876]: INF 2026-09-11 05:13:47.944+00:00 Imported blocks                            blockNumber=262145 slot=1 blocks=262144 txs=192639 mgas=5614 bps=16831 tps=17464 mgps=488.9 avgBps=20075 avgTps=14752 avgMGps=430.0 elapsed=13s57ms728us
Sep 11 05:13:48 nimbus-eth1-mainnet-long-benchmark[2233876]: INF 2026-09-11 05:13:48.476+00:00 Imported blocks                            blockNumber=270337 slot=1 blocks=270336 txs=203712 mgas=5975 bps=15383 tps=20793 mgps=676.8 avgBps=19891 avgTps=14989 avgMGps=439.7 elapsed=13s590ms239us
Sep 11 05:13:49 nimbus-eth1-mainnet-long-benchmark[2233876]: INF 2026-09-11 05:13:49.032+00:00 Imported blocks                            blockNumber=278529 slot=1 blocks=278528 txs=214956 mgas=6309 bps=14772 tps=20275 mgps=602.1 avgBps=19691 avgTps=15196 avgMGps=446.0 elapsed=14s144ms787us
Sep 11 05:13:49 nimbus-eth1-mainnet-long-benchmark[2233876]: INF 2026-09-11 05:13:49.556+00:00 Imported blocks                            blockNumber=286721 slot=1 blocks=286720 txs=224900 mgas=6597 bps=15611 tps=18950 mgps=549.3 avgBps=19545 avgTps=15331 avgMGps=449.7 elapsed=14s669ms521us
Sep 11 05:13:50 nimbus-eth1-mainnet-long-benchmark[2233876]: INF 2026-09-11 05:13:50.064+00:00 Imported blocks                            blockNumber=294913 slot=1 blocks=294912 txs=234452 mgas=6870 bps=16164 tps=18848 mgps=538.6 avgBps=19432 avgTps=15448 avgMGps=452.7 elapsed=15s176ms309us
Sep 11 05:13:50 nimbus-eth1-mainnet-long-benchmark[2233876]: INF 2026-09-11 05:13:50.568+00:00 Imported blocks                            blockNumber=303105 slot=1 blocks=303104 txs=245016 mgas=7148 bps=16133 tps=20804 mgps=548.7 avgBps=19325 avgTps=15621 avgMGps=455.8 elapsed=15s684ms73us
Sep 11 05:13:51 nimbus-eth1-mainnet-long-benchmark[2233876]: INF 2026-09-11 05:13:51.088+00:00 Imported blocks                            blockNumber=311297 slot=1 blocks=311296 txs=254868 mgas=7438 bps=15821 tps=19027 mgps=559.5 avgBps=19213 avgTps=15730 avgMGps=459.1 elapsed=16s201ms840us
Sep 11 05:13:51 nimbus-eth1-mainnet-long-benchmark[2233876]: INF 2026-09-11 05:13:51.624+00:00 Imported blocks                            blockNumber=319489 slot=1 blocks=319488 txs=265640 mgas=7723 bps=15317 tps=20142 mgps=532.9 avgBps=19089 avgTps=15871 avgMGps=461.5 elapsed=16s736ms640us
Sep 11 05:13:52 nimbus-eth1-mainnet-long-benchmark[2233876]: INF 2026-09-11 05:13:52.144+00:00 Imported blocks                            blockNumber=327681 slot=1 blocks=327680 txs=274904 mgas=7987 bps=15672 tps=17722 mgps=504.1 avgBps=18985 avgTps=15927 avgMGps=462.8 elapsed=17s259ms355us
Sep 11 05:13:52 nimbus-eth1-mainnet-long-benchmark[2233876]: INF 2026-09-11 05:13:52.700+00:00 Imported blocks                            blockNumber=335873 slot=1 blocks=335872 txs=285614 mgas=8287 bps=14757 tps=19293 mgps=541.0 avgBps=18853 avgTps=16032 avgMGps=465.2 elapsed=17s814ms462us
Sep 11 05:13:53 nimbus-eth1-mainnet-long-benchmark[2233876]: INF 2026-09-11 05:13:53.248+00:00 Imported blocks                            blockNumber=344065 slot=1 blocks=344064 txs=296061 mgas=8628 bps=14970 tps=19091 mgps=622.4 avgBps=18738 avgTps=16123 avgMGps=469.9 elapsed=18s361ms674us
Sep 11 05:13:53 nimbus-eth1-mainnet-long-benchmark[2233876]: INF 2026-09-11 05:13:53.836+00:00 Imported blocks                            blockNumber=352257 slot=1 blocks=352256 txs=307932 mgas=8995 bps=13878 tps=20111 mgps=623.1 avgBps=18586 avgTps=16248 avgMGps=474.7 elapsed=18s951ms944us
Sep 11 05:13:54 nimbus-eth1-mainnet-long-benchmark[2233876]: INF 2026-09-11 05:13:54.407+00:00 Imported blocks                            blockNumber=360449 slot=1 blocks=360448 txs=318963 mgas=9296 bps=14401 tps=19392 mgps=529.4 avgBps=18464 avgTps=16339 avgMGps=476.3 elapsed=19s520ms759us
Sep 11 05:13:54 nimbus-eth1-mainnet-long-benchmark[2233876]: INF 2026-09-11 05:13:54.947+00:00 Imported blocks                            blockNumber=368641 slot=1 blocks=368640 txs=329139 mgas=9569 bps=15137 tps=18803 mgps=503.2 avgBps=18375 avgTps=16406 avgMGps=477.0 elapsed=20s61ms941us
Sep 11 05:13:55 nimbus-eth1-mainnet-long-benchmark[2233876]: INF 2026-09-11 05:13:55.527+00:00 Imported blocks                            blockNumber=376833 slot=1 blocks=376832 txs=339438 mgas=9896 bps=14088 tps=17712 mgps=562.9 avgBps=18254 avgTps=16442 avgMGps=479.4 elapsed=20s643ms398us
Sep 11 05:13:56 nimbus-eth1-mainnet-long-benchmark[2233876]: INF 2026-09-11 05:13:56.107+00:00 Imported blocks                            blockNumber=385025 slot=1 blocks=385024 txs=351088 mgas=10224 bps=14150 tps=20123 mgps=567.2 avgBps=18142 avgTps=16543 avgMGps=481.8 elapsed=21s222ms323us
Sep 11 05:13:56 nimbus-eth1-mainnet-long-benchmark[2233876]: INF 2026-09-11 05:13:56.723+00:00 Imported blocks                            blockNumber=393217 slot=1 blocks=393216 txs=362005 mgas=10893 bps=13302 tps=17727 mgps=1085 avgBps=18005 avgTps=16576 avgMGps=498.8 elapsed=21s838ms158us
Sep 11 05:13:57 nimbus-eth1-mainnet-long-benchmark[2233876]: INF 2026-09-11 05:13:57.295+00:00 Imported blocks                            blockNumber=401409 slot=1 blocks=401408 txs=372517 mgas=11264 bps=14358 tps=18424 mgps=650.6 avgBps=17913 avgTps=16623 avgMGps=502.7 elapsed=22s408ms692us
Sep 11 05:13:57 nimbus-eth1-mainnet-long-benchmark[2233876]: INF 2026-09-11 05:13:57.875+00:00 Imported blocks                            blockNumber=409601 slot=1 blocks=409600 txs=383846 mgas=11664 bps=14087 tps=19482 mgps=687.9 avgBps=17816 avgTps=16696 avgMGps=507.4 elapsed=22s990ms180us
Sep 11 05:13:58 nimbus-eth1-mainnet-long-benchmark[2233876]: INF 2026-09-11 05:13:58.411+00:00 Imported blocks                            blockNumber=417793 slot=1 blocks=417792 txs=393528 mgas=11963 bps=15268 tps=18045 mgps=558.2 avgBps=17758 avgTps=16726 avgMGps=508.5 elapsed=23s526ms718us
Sep 11 05:13:59 nimbus-eth1-mainnet-long-benchmark[2233876]: INF 2026-09-11 05:13:59.003+00:00 Imported blocks                            blockNumber=425985 slot=1 blocks=425984 txs=403739 mgas=12342 bps=13852 tps=17266 mgps=640.0 avgBps=17662 avgTps=16740 avgMGps=511.8 elapsed=24s118ms78us
Sep 11 05:13:59 nimbus-eth1-mainnet-long-benchmark[2233876]: INF 2026-09-11 05:13:59.603+00:00 Imported blocks                            blockNumber=434177 slot=1 blocks=434176 txs=413862 mgas=12714 bps=13651 tps=16869 mgps=619.5 avgBps=17565 avgTps=16743 avgMGps=514.4 elapsed=24s718ms163us
Sep 11 05:14:00 nimbus-eth1-mainnet-long-benchmark[2233876]: INF 2026-09-11 05:14:00.151+00:00 Imported blocks                            blockNumber=442369 slot=1 blocks=442368 txs=424064 mgas=13012 bps=14940 tps=18606 mgps=544.1 avgBps=17508 avgTps=16783 avgMGps=515.0 elapsed=25s266ms466us
Sep 11 05:14:00 nimbus-eth1-mainnet-long-benchmark[2233876]: INF 2026-09-11 05:14:00.991+00:00 Imported blocks                            blockNumber=450561 slot=1 blocks=450560 txs=434316 mgas=13500 bps=9734 tps=12182 mgps=580.3 avgBps=17257 avgTps=16635 avgMGps=517.1 elapsed=26s107ms998us
Sep 11 05:14:01 nimbus-eth1-mainnet-long-benchmark[2233876]: INF 2026-09-11 05:14:01.591+00:00 Imported blocks                            blockNumber=458753 slot=1 blocks=458752 txs=445986 mgas=13816 bps=13688 tps=19500 mgps=527.6 avgBps=17177 avgTps=16699 avgMGps=517.4 elapsed=26s706ms447us
Sep 11 05:14:02 nimbus-eth1-mainnet-long-benchmark[2233876]: INF 2026-09-11 05:14:02.203+00:00 Imported blocks                            blockNumber=466945 slot=1 blocks=466944 txs=458378 mgas=14222 bps=13382 tps=20244 mgps=662.7 avgBps=17092 avgTps=16778 avgMGps=520.6 elapsed=27s318ms577us
Sep 11 05:14:02 nimbus-eth1-mainnet-long-benchmark[2233876]: INF 2026-09-11 05:14:02.919+00:00 Imported blocks                            blockNumber=475137 slot=1 blocks=475136 txs=469640 mgas=14656 bps=11451 tps=15742 mgps=606.9 avgBps=16948 avgTps=16752 avgMGps=522.8 elapsed=28s33ms950us
Sep 11 05:14:03 nimbus-eth1-mainnet-long-benchmark[2233876]: INF 2026-09-11 05:14:03.827+00:00 Imported blocks                            blockNumber=483329 slot=1 blocks=483328 txs=481525 mgas=15092 bps=9031 tps=13102 mgps=481.2 avgBps=16700 avgTps=16638 avgMGps=521.5 elapsed=28s941ms5us
Sep 11 05:14:04 nimbus-eth1-mainnet-long-benchmark[2233876]: INF 2026-09-11 05:14:04.499+00:00 Imported blocks                            blockNumber=491521 slot=1 blocks=491520 txs=492921 mgas=15417 bps=12164 tps=16922 mgps=481.6 avgBps=16597 avgTps=16644 avgMGps=520.6 elapsed=29s614ms421us
Sep 11 05:14:05 nimbus-eth1-mainnet-long-benchmark[2233876]: INF 2026-09-11 05:14:05.079+00:00 Imported blocks                            blockNumber=499713 slot=1 blocks=499712 txs=504311 mgas=15733 bps=14112 tps=19621 mgps=544.6 avgBps=16549 avgTps=16701 avgMGps=521.1 elapsed=30s194ms905us
Sep 11 05:14:06 nimbus-eth1-mainnet-long-benchmark[2233876]: INF 2026-09-11 05:14:06.011+00:00 Imported blocks                            blockNumber=507905 slot=1 blocks=507904 txs=524145 mgas=16719 bps=8781 tps=21261 mgps=1057 avgBps=16316 avgTps=16838 avgMGps=537.1 elapsed=31s127ms774us
Sep 11 05:14:06 nimbus-eth1-mainnet-long-benchmark[2233876]: INF 2026-09-11 05:14:06.695+00:00 Imported blocks                            blockNumber=516097 slot=1 blocks=516096 txs=538663 mgas=17256 bps=11986 tps=21242 mgps=785.9 avgBps=16223 avgTps=16933 avgMGps=542.5 elapsed=31s811ms211us
Sep 11 05:14:07 nimbus-eth1-mainnet-long-benchmark[2233876]: INF 2026-09-11 05:14:07.475+00:00 Imported blocks                            blockNumber=524289 slot=1 blocks=524288 txs=553027 mgas=17820 bps=10508 tps=18426 mgps=722.5 avgBps=16087 avgTps=16968 avgMGps=546.8 elapsed=32s590ms752us
Sep 11 05:14:08 nimbus-eth1-mainnet-long-benchmark[2233876]: INF 2026-09-11 05:14:08.311+00:00 Imported blocks                            blockNumber=532481 slot=1 blocks=532480 txs=568055 mgas=18461 bps=9803 tps=17984 mgps=768.0 avgBps=15929 avgTps=16994 avgMGps=552.3 elapsed=33s426ms354us
Sep 11 05:14:09 nimbus-eth1-mainnet-long-benchmark[2233876]: INF 2026-09-11 05:14:09.087+00:00 Imported blocks                            blockNumber=540673 slot=1 blocks=540672 txs=579680 mgas=18995 bps=10581 tps=15015 mgps=689.2 avgBps=15808 avgTps=16949 avgMGps=555.4 elapsed=34s200ms561us
Sep 11 05:14:09 nimbus-eth1-mainnet-long-benchmark[2233876]: INF 2026-09-11 05:14:09.683+00:00 Imported blocks                            blockNumber=548865 slot=1 blocks=548864 txs=592014 mgas=19347 bps=13778 tps=20745 mgps=593.0 avgBps=15774 avgTps=17014 avgMGps=556.1 elapsed=34s795ms103us
Sep 11 05:14:10 nimbus-eth1-mainnet-long-benchmark[2233876]: INF 2026-09-11 05:14:10.239+00:00 Imported blocks                            blockNumber=557057 slot=1 blocks=557056 txs=603593 mgas=19634 bps=14661 tps=20723 mgps=512.3 avgBps=15756 avgTps=17072 avgMGps=555.4 elapsed=35s353ms835us
Sep 11 05:14:10 nimbus-eth1-mainnet-long-benchmark[2233876]: INF 2026-09-11 05:14:10.871+00:00 Imported blocks                            blockNumber=565249 slot=1 blocks=565248 txs=616136 mgas=20021 bps=12942 tps=19817 mgps=611.5 avgBps=15707 avgTps=17121 avgMGps=556.4 elapsed=35s986ms774us
Sep 11 05:14:11 nimbus-eth1-mainnet-long-benchmark[2233876]: INF 2026-09-11 05:14:11.519+00:00 Imported blocks                            blockNumber=573441 slot=1 blocks=573440 txs=627898 mgas=20399 bps=12637 tps=18145 mgps=583.0 avgBps=15652 avgTps=17139 avgMGps=556.8 elapsed=36s634ms989us
Sep 11 05:14:12 nimbus-eth1-mainnet-long-benchmark[2233876]: INF 2026-09-11 05:14:12.115+00:00 Imported blocks                            blockNumber=581633 slot=1 blocks=581632 txs=639787 mgas=20728 bps=13722 tps=19915 mgps=551.5 avgBps=15621 avgTps=17183 avgMGps=556.7 elapsed=37s231ms947us
Sep 11 05:14:12 nimbus-eth1-mainnet-long-benchmark[2233876]: INF 2026-09-11 05:14:12.743+00:00 Imported blocks                            blockNumber=589825 slot=1 blocks=589824 txs=652189 mgas=21085 bps=13170 tps=19939 mgps=573.6 avgBps=15581 avgTps=17229 avgMGps=557.0 elapsed=37s853ms938us
Sep 11 05:14:13 nimbus-eth1-mainnet-long-benchmark[2233876]: INF 2026-09-11 05:14:13.335+00:00 Imported blocks                            blockNumber=598017 slot=1 blocks=598016 txs=663743 mgas=21446 bps=13704 tps=19329 mgps=605.0 avgBps=15552 avgTps=17261 avgMGps=557.8 elapsed=38s451ms688us
Sep 11 05:14:13 nimbus-eth1-mainnet-long-benchmark[2233876]: INF 2026-09-11 05:14:13.907+00:00 Imported blocks                            blockNumber=606209 slot=1 blocks=606208 txs=675209 mgas=21733 bps=14351 tps=20086 mgps=502.4 avgBps=15534 avgTps=17303 avgMGps=557.0 elapsed=39s22ms509us
Sep 11 05:14:14 nimbus-eth1-mainnet-long-benchmark[2233876]: INF 2026-09-11 05:14:14.731+00:00 Imported blocks                            blockNumber=614401 slot=1 blocks=614400 txs=686564 mgas=22117 bps=9955 tps=13799 mgps=466.2 avgBps=15419 avgTps=17230 avgMGps=555.1 elapsed=39s845ms393us
Sep 11 05:14:15 nimbus-eth1-mainnet-long-benchmark[2233876]: INF 2026-09-11 05:14:15.351+00:00 Imported blocks                            blockNumber=622593 slot=1 blocks=622592 txs=699507 mgas=22604 bps=13175 tps=20816 mgps=783.7 avgBps=15385 avgTps=17285 avgMGps=558.6 elapsed=40s467ms159us
Sep 11 05:14:15 nimbus-eth1-mainnet-long-benchmark[2233876]: INF 2026-09-11 05:14:15.927+00:00 Imported blocks                            blockNumber=630785 slot=1 blocks=630784 txs=710467 mgas=22974 bps=14282 tps=19108 mgps=645.0 avgBps=15369 avgTps=17311 avgMGps=559.8 elapsed=41s40ms741us
Sep 11 05:14:16 nimbus-eth1-mainnet-long-benchmark[2233876]: INF 2026-09-11 05:14:16.491+00:00 Imported blocks                            blockNumber=638977 slot=1 blocks=638976 txs=721076 mgas=23279 bps=14493 tps=18769 mgps=538.8 avgBps=15357 avgTps=17331 avgMGps=559.5 elapsed=41s605ms956us
Sep 11 05:14:17 nimbus-eth1-mainnet-long-benchmark[2233876]: INF 2026-09-11 05:14:17.083+00:00 Imported blocks                            blockNumber=647169 slot=1 blocks=647168 txs=732967 mgas=23679 bps=13824 tps=20066 mgps=676.6 avgBps=15336 avgTps=17369 avgMGps=561.2 elapsed=42s198ms526us
Sep 11 05:14:17 nimbus-eth1-mainnet-long-benchmark[2233876]: INF 2026-09-11 05:14:17.691+00:00 Imported blocks                            blockNumber=655361 slot=1 blocks=655360 txs=746331 mgas=24102 bps=13579 tps=22153 mgps=700.7 avgBps=15311 avgTps=17436 avgMGps=563.1 elapsed=42s801ms780us
Sep 11 05:14:18 nimbus-eth1-mainnet-long-benchmark[2233876]: INF 2026-09-11 05:14:18.263+00:00 Imported blocks                            blockNumber=663553 slot=1 blocks=663552 txs=757564 mgas=24394 bps=14224 tps=19504 mgps=507.0 avgBps=15297 avgTps=17464 avgMGps=562.4 elapsed=43s377ms698us
Sep 11 05:14:18 nimbus-eth1-mainnet-long-benchmark[2233876]: INF 2026-09-11 05:14:18.843+00:00 Imported blocks                            blockNumber=671745 slot=1 blocks=671744 txs=768871 mgas=24700 bps=14096 tps=19456 mgps=527.1 avgBps=15281 avgTps=17490 avgMGps=561.9 elapsed=43s958ms826us
Sep 11 05:14:19 nimbus-eth1-mainnet-long-benchmark[2233876]: INF 2026-09-11 05:14:19.575+00:00 Imported blocks                            blockNumber=679937 slot=1 blocks=679936 txs=782589 mgas=25181 bps=11216 tps=18782 mgps=657.6 avgBps=15214 avgTps=17511 avgMGps=563.5 elapsed=44s689ms170us
Sep 11 05:14:20 nimbus-eth1-mainnet-long-benchmark[2233876]: INF 2026-09-11 05:14:20.307+00:00 Imported blocks                            blockNumber=688129 slot=1 blocks=688128 txs=794690 mgas=25714 bps=11236 tps=16598 mgps=731.6 avgBps=15150 avgTps=17497 avgMGps=566.2 elapsed=45s418ms231us
Sep 11 05:14:22 nimbus-eth1-mainnet-long-benchmark[2233876]: INF 2026-09-11 05:14:22.659+00:00 Imported blocks                            blockNumber=696321 slot=1 blocks=696320 txs=819387 mgas=28152 bps=3477 tps=10482 mgps=1034 avgBps=14575 avgTps=17151 avgMGps=589.3 elapsed=47s774ms266us
Sep 11 05:14:24 nimbus-eth1-mainnet-long-benchmark[2233876]: INF 2026-09-11 05:14:24.347+00:00 Imported blocks                            blockNumber=704513 slot=1 blocks=704512 txs=843665 mgas=30035 bps=4848 tps=14370 mgps=1114 avgBps=14243 avgTps=17056 avgMGps=607.2 elapsed=49s463ms733us
Sep 11 05:14:25 nimbus-eth1-mainnet-long-benchmark[2233876]: INF 2026-09-11 05:14:25.591+00:00 Imported blocks                            blockNumber=712705 slot=1 blocks=712704 txs=859579 mgas=31088 bps=6588 tps=12798 mgps=847.3 avgBps=14055 avgTps=16951 avgMGps=613.1 elapsed=50s707ms154us
Sep 11 05:14:26 nimbus-eth1-mainnet-long-benchmark[2233876]: INF 2026-09-11 05:14:26.719+00:00 Imported blocks                            blockNumber=720897 slot=1 blocks=720896 txs=874433 mgas=31973 bps=7265 tps=13174 mgps=784.9 avgBps=13907 avgTps=16869 avgMGps=616.8 elapsed=51s834ms600us
Sep 11 05:14:27 nimbus-eth1-mainnet-long-benchmark[2233876]: INF 2026-09-11 05:14:27.967+00:00 Imported blocks                            blockNumber=729089 slot=1 blocks=729088 txs=892466 mgas=33077 bps=6593 tps=14514 mgps=888.1 avgBps=13736 avgTps=16814 avgMGps=623.2 elapsed=53s77ms52us
Sep 11 05:14:30 nimbus-eth1-mainnet-long-benchmark[2233876]: INF 2026-09-11 05:14:30.395+00:00 Imported blocks                            blockNumber=737281 slot=1 blocks=737280 txs=932100 mgas=35490 bps=3369 tps=16302 mgps=992.5 avgBps=13282 avgTps=16792 avgMGps=639.4 elapsed=55s508ms258us
Sep 11 05:14:31 nimbus-eth1-mainnet-long-benchmark[2233876]: INF 2026-09-11 05:14:31.863+00:00 Imported blocks                            blockNumber=745473 slot=1 blocks=745472 txs=952352 mgas=36696 bps=5577 tps=13787 mgps=820.9 avgBps=13083 avgTps=16714 avgMGps=644.0 elapsed=56s977ms134us
Sep 11 05:14:33 nimbus-eth1-mainnet-long-benchmark[2233876]: INF 2026-09-11 05:14:33.175+00:00 Imported blocks                            blockNumber=753665 slot=1 blocks=753664 txs=969001 mgas=37610 bps=6245 tps=12693 mgps=697.1 avgBps=12929 avgTps=16624 avgMGps=645.2 elapsed=58s288ms790us
Sep 11 05:14:35 nimbus-eth1-mainnet-long-benchmark[2233876]: INF 2026-09-11 05:14:35.127+00:00 Imported blocks                            blockNumber=761857 slot=1 blocks=761856 txs=998451 mgas=39312 bps=4201 tps=15103 mgps=872.9 avgBps=12647 avgTps=16574 avgMGps=652.6 elapsed=1m238ms684us
Sep 11 05:14:36 nimbus-eth1-mainnet-long-benchmark[2233876]: INF 2026-09-11 05:14:36.671+00:00 Imported blocks                            blockNumber=770049 slot=1 blocks=770048 txs=1018377 mgas=40461 bps=5301 tps=12895 mgps=743.6 avgBps=12463 avgTps=16482 avgMGps=654.9 elapsed=1m1s783ms
Sep 11 05:14:38 nimbus-eth1-mainnet-long-benchmark[2233876]: INF 2026-09-11 05:14:38.507+00:00 Imported blocks                            blockNumber=778241 slot=1 blocks=778240 txs=1045962 mgas=42007 bps=4461 tps=15022 mgps=842.0 avgBps=12232 avgTps=16440 avgMGps=660.3 elapsed=1m3s620ms
Sep 11 05:14:39 nimbus-eth1-mainnet-long-benchmark[2233876]: INF 2026-09-11 05:14:39.427+00:00 Imported blocks                            blockNumber=786433 slot=1 blocks=786432 txs=1059766 mgas=42520 bps=8907 tps=15008 mgps=557.7 avgBps=12185 avgTps=16420 avgMGps=658.8 elapsed=1m4s539ms
Sep 11 05:14:40 nimbus-eth1-mainnet-long-benchmark[2233876]: INF 2026-09-11 05:14:40.439+00:00 Imported blocks                            blockNumber=794625 slot=1 blocks=794624 txs=1074004 mgas=43076 bps=8087 tps=14055 mgps=548.2 avgBps=12121 avgTps=16383 avgMGps=657.1 elapsed=1m5s552ms
Sep 11 05:14:41 nimbus-eth1-mainnet-long-benchmark[2233876]: INF 2026-09-11 05:14:41.879+00:00 Imported blocks                            blockNumber=802817 slot=1 blocks=802816 txs=1094940 mgas=44150 bps=5690 tps=14542 mgps=746.3 avgBps=11983 avgTps=16344 avgMGps=659.0 elapsed=1m6s992ms
Sep 11 05:14:44 nimbus-eth1-mainnet-long-benchmark[2233876]: INF 2026-09-11 05:14:44.175+00:00 Imported blocks                            blockNumber=811009 slot=1 blocks=811008 txs=1128040 mgas=46425 bps=3569 tps=14421 mgps=991.1 avgBps=11704 avgTps=16280 avgMGps=670.0 elapsed=1m9s287ms
Sep 11 05:14:45 nimbus-eth1-mainnet-long-benchmark[2233876]: INF 2026-09-11 05:14:45.591+00:00 Imported blocks                            blockNumber=819201 slot=1 blocks=819200 txs=1149098 mgas=47499 bps=5789 tps=14881 mgps=759.6 avgBps=11586 avgTps=16252 avgMGps=671.8 elapsed=1m10s702ms
Sep 11 05:14:46 nimbus-eth1-mainnet-long-benchmark[2233876]: INF 2026-09-11 05:14:46.919+00:00 Imported blocks                            blockNumber=827393 slot=1 blocks=827392 txs=1167043 mgas=48568 bps=6174 tps=13526 mgps=805.5 avgBps=11486 avgTps=16202 avgMGps=674.3 elapsed=1m12s29ms
Sep 11 05:14:48 nimbus-eth1-mainnet-long-benchmark[2233876]: INF 2026-09-11 05:14:48.035+00:00 Imported blocks                            blockNumber=835585 slot=1 blocks=835584 txs=1184008 mgas=49259 bps=7342 tps=15206 mgps=619.7 avgBps=11423 avgTps=16187 avgMGps=673.5 elapsed=1m13s145ms
Sep 11 05:14:49 nimbus-eth1-mainnet-long-benchmark[2233876]: INF 2026-09-11 05:14:49.643+00:00 Imported blocks                            blockNumber=843777 slot=1 blocks=843776 txs=1208787 mgas=50578 bps=5091 tps=15401 mgps=819.6 avgBps=11287 avgTps=16170 avgMGps=676.6 elapsed=1m14s753ms
Sep 11 05:14:50 nimbus-eth1-mainnet-long-benchmark[2233876]: INF 2026-09-11 05:14:50.831+00:00 Imported blocks                            blockNumber=851969 slot=1 blocks=851968 txs=1226124 mgas=51376 bps=6904 tps=14612 mgps=672.2 avgBps=11218 avgTps=16145 avgMGps=676.5 elapsed=1m15s940ms
Sep 11 05:14:51 nimbus-eth1-mainnet-long-benchmark[2233876]: INF 2026-09-11 05:14:51.687+00:00 Imported blocks                            blockNumber=860161 slot=1 blocks=860160 txs=1242345 mgas=52029 bps=9553 tps=18917 mgps=761.6 avgBps=11200 avgTps=16176 avgMGps=677.5 elapsed=1m16s797ms
Sep 11 05:14:52 nimbus-eth1-mainnet-long-benchmark[2233876]: INF 2026-09-11 05:14:52.535+00:00 Imported blocks                            blockNumber=868353 slot=1 blocks=868352 txs=1259759 mgas=52696 bps=9675 tps=20567 mgps=788.7 avgBps=11183 avgTps=16224 avgMGps=678.7 elapsed=1m17s644ms
Sep 11 05:14:53 nimbus-eth1-mainnet-long-benchmark[2233876]: INF 2026-09-11 05:14:53.539+00:00 Imported blocks                            blockNumber=876545 slot=1 blocks=876544 txs=1280633 mgas=53694 bps=8147 tps=20761 mgps=991.9 avgBps=11144 avgTps=16282 avgMGps=682.7 elapsed=1m18s649ms
Sep 11 05:14:54 nimbus-eth1-mainnet-long-benchmark[2233876]: INF 2026-09-11 05:14:54.407+00:00 Imported blocks                            blockNumber=884737 slot=1 blocks=884736 txs=1299189 mgas=54296 bps=9429 tps=21360 mgps=694.0 avgBps=11126 avgTps=16338 avgMGps=682.8 elapsed=1m19s518ms
Sep 11 05:14:55 nimbus-eth1-mainnet-long-benchmark[2233876]: INF 2026-09-11 05:14:55.367+00:00 Imported blocks                            blockNumber=892929 slot=1 blocks=892928 txs=1319377 mgas=55043 bps=8552 tps=21076 mgps=779.4 avgBps=11095 avgTps=16394 avgMGps=684.0 elapsed=1m20s476ms
Sep 11 05:14:56 nimbus-eth1-mainnet-long-benchmark[2233876]: INF 2026-09-11 05:14:56.291+00:00 Imported blocks                            blockNumber=901121 slot=1 blocks=901120 txs=1340105 mgas=55749 bps=8833 tps=22352 mgps=761.1 avgBps=11069 avgTps=16462 avgMGps=684.8 elapsed=1m21s403ms
Sep 11 05:14:57 nimbus-eth1-mainnet-long-benchmark[2233876]: INF 2026-09-11 05:14:57.502+00:00 Imported blocks                            blockNumber=909313 slot=1 blocks=909312 txs=1368963 mgas=56961 bps=6775 tps=23867 mgps=1002 avgBps=11006 avgTps=16570 avgMGps=689.5 elapsed=1m22s612ms
Sep 11 05:14:58 nimbus-eth1-mainnet-long-benchmark[2233876]: INF 2026-09-11 05:14:58.914+00:00 Imported blocks                            blockNumber=917505 slot=1 blocks=917504 txs=1398413 mgas=58411 bps=5793 tps=20826 mgps=1025 avgBps=10919 avgTps=16642 avgMGps=695.2 elapsed=1m24s26ms
Sep 11 05:15:00 nimbus-eth1-mainnet-long-benchmark[2233876]: INF 2026-09-11 05:15:00.178+00:00 Imported blocks                            blockNumber=925697 slot=1 blocks=925696 txs=1424269 mgas=59481 bps=6474 tps=20435 mgps=845.8 avgBps=10853 avgTps=16698 avgMGps=697.4 elapsed=1m25s292ms
Sep 11 05:15:01 nimbus-eth1-mainnet-long-benchmark[2233876]: INF 2026-09-11 05:15:01.286+00:00 Imported blocks                            blockNumber=933889 slot=1 blocks=933888 txs=1448025 mgas=60401 bps=7403 tps=21470 mgps=831.4 avgBps=10809 avgTps=16759 avgMGps=699.1 elapsed=1m26s398ms
Sep 11 05:15:02 nimbus-eth1-mainnet-long-benchmark[2233876]: INF 2026-09-11 05:15:02.266+00:00 Imported blocks                            blockNumber=942081 slot=1 blocks=942080 txs=1472415 mgas=61182 bps=8356 tps=24880 mgps=796.5 avgBps=10781 avgTps=16850 avgMGps=700.2 elapsed=1m27s378ms
Sep 11 05:15:03 nimbus-eth1-mainnet-long-benchmark[2233876]: INF 2026-09-11 05:15:03.218+00:00 Imported blocks                            blockNumber=950273 slot=1 blocks=950272 txs=1494733 mgas=61907 bps=8608 tps=23451 mgps=761.5 avgBps=10758 avgTps=16922 avgMGps=700.9 elapsed=1m28s330ms
Sep 11 05:15:04 nimbus-eth1-mainnet-long-benchmark[2233876]: INF 2026-09-11 05:15:04.226+00:00 Imported blocks                            blockNumber=958465 slot=1 blocks=958464 txs=1518589 mgas=62731 bps=8114 tps=23630 mgps=816.2 avgBps=10728 avgTps=16997 avgMGps=702.2 elapsed=1m29s340ms
Sep 11 05:15:05 nimbus-eth1-mainnet-long-benchmark[2233876]: INF 2026-09-11 05:15:05.834+00:00 Imported blocks                            blockNumber=966657 slot=1 blocks=966656 txs=1558557 mgas=64518 bps=5099 tps=24878 mgps=1112 avgBps=10628 avgTps=17137 avgMGps=709.4 elapsed=1m30s946ms
Sep 11 05:15:06 nimbus-eth1-mainnet-long-benchmark[2233876]: INF 2026-09-11 05:15:06.858+00:00 Imported blocks                            blockNumber=974849 slot=1 blocks=974848 txs=1583432 mgas=65302 bps=7990 tps=24263 mgps=764.1 avgBps=10599 avgTps=17216 avgMGps=710.0 elapsed=1m31s971ms
Sep 11 05:15:07 nimbus-eth1-mainnet-long-benchmark[2233876]: INF 2026-09-11 05:15:07.866+00:00 Imported blocks                            blockNumber=983041 slot=1 blocks=983040 txs=1608991 mgas=66060 bps=8139 tps=25396 mgps=753.3 avgBps=10572 avgTps=17305 avgMGps=710.5 elapsed=1m32s978ms
Sep 11 05:15:09 nimbus-eth1-mainnet-long-benchmark[2233876]: INF 2026-09-11 05:15:08.998+00:00 Imported blocks                            blockNumber=991233 slot=1 blocks=991232 txs=1641760 mgas=67056 bps=7235 tps=28943 mgps=880.0 avgBps=10532 avgTps=17445 avgMGps=712.5 elapsed=1m34s110ms
Sep 11 05:15:10 nimbus-eth1-mainnet-long-benchmark[2233876]: INF 2026-09-11 05:15:10.126+00:00 Imported blocks                            blockNumber=999425 slot=1 blocks=999424 txs=1671013 mgas=68012 bps=7272 tps=25970 mgps=848.3 avgBps=10494 avgTps=17545 avgMGps=714.1 elapsed=1m35s236ms
Sep 11 05:15:11 nimbus-eth1-mainnet-long-benchmark[2233876]: INF 2026-09-11 05:15:11.178+00:00 Imported blocks                            blockNumber=1007617 slot=1 blocks=1007616 txs=1699792 mgas=68886 bps=7781 tps=27338 mgps=830.8 avgBps=10464 avgTps=17652 avgMGps=715.4 elapsed=1m36s289ms
Sep 11 05:15:12 nimbus-eth1-mainnet-long-benchmark[2233876]: INF 2026-09-11 05:15:12.270+00:00 Imported blocks                            blockNumber=1015809 slot=1 blocks=1015808 txs=1728432 mgas=69831 bps=7508 tps=26250 mgps=865.4 avgBps=10431 avgTps=17749 avgMGps=717.1 elapsed=1m37s380ms
Sep 11 05:15:13 nimbus-eth1-mainnet-long-benchmark[2233876]: INF 2026-09-11 05:15:13.470+00:00 Imported blocks                            blockNumber=1024001 slot=1 blocks=1024000 txs=1759024 mgas=70908 bps=6823 tps=25480 mgps=897.1 avgBps=10387 avgTps=17843 avgMGps=719.3 elapsed=1m38s581ms
Sep 11 05:15:14 nimbus-eth1-mainnet-long-benchmark[2233876]: INF 2026-09-11 05:15:14.586+00:00 Imported blocks                            blockNumber=1032193 slot=1 blocks=1032192 txs=1789591 mgas=71933 bps=7329 tps=27349 mgps=917.7 avgBps=10353 avgTps=17949 avgMGps=721.5 elapsed=1m39s698ms
Sep 11 05:15:15 nimbus-eth1-mainnet-long-benchmark[2233876]: INF 2026-09-11 05:15:15.618+00:00 Imported blocks                            blockNumber=1040385 slot=1 blocks=1040384 txs=1816352 mgas=72718 bps=7928 tps=25900 mgps=759.3 avgBps=10328 avgTps=18031 avgMGps=721.9 elapsed=1m40s731ms
Sep 11 05:15:16 nimbus-eth1-mainnet-long-benchmark[2233876]: INF 2026-09-11 05:15:16.794+00:00 Imported blocks                            blockNumber=1048577 slot=1 blocks=1048576 txs=1845167 mgas=74594 bps=6972 tps=24525 mgps=1597 avgBps=10289 avgTps=18106 avgMGps=732.0 elapsed=1m41s906ms
Sep 11 05:15:17 nimbus-eth1-mainnet-long-benchmark[2233876]: INF 2026-09-11 05:15:17.922+00:00 Imported blocks                            blockNumber=1056769 slot=1 blocks=1056768 txs=1876795 mgas=75843 bps=7275 tps=28088 mgps=1109 avgBps=10256 avgTps=18215 avgMGps=736.1 elapsed=1m43s32ms
Sep 11 05:15:19 nimbus-eth1-mainnet-long-benchmark[2233876]: INF 2026-09-11 05:15:19.134+00:00 Imported blocks                            blockNumber=1064961 slot=1 blocks=1064960 txs=1909553 mgas=77145 bps=6756 tps=27018 mgps=1074 avgBps=10215 avgTps=18317 avgMGps=740.0 elapsed=1m44s245ms
Sep 11 05:15:20 nimbus-eth1-mainnet-long-benchmark[2233876]: INF 2026-09-11 05:15:20.178+00:00 Imported blocks                            blockNumber=1073153 slot=1 blocks=1073152 txs=1940514 mgas=78003 bps=7827 tps=29584 mgps=819.4 avgBps=10192 avgTps=18429 avgMGps=740.8 elapsed=1m45s291ms
Sep 11 05:15:21 nimbus-eth1-mainnet-long-benchmark[2233876]: INF 2026-09-11 05:15:21.310+00:00 Imported blocks                            blockNumber=1081345 slot=1 blocks=1081344 txs=1974016 mgas=78952 bps=7251 tps=29656 mgps=840.6 avgBps=10160 avgTps=18549 avgMGps=741.9 elapsed=1m46s421ms
Sep 11 05:15:22 nimbus-eth1-mainnet-long-benchmark[2233876]: INF 2026-09-11 05:15:22.490+00:00 Imported blocks                            blockNumber=1089537 slot=1 blocks=1089536 txs=2011137 mgas=79948 bps=6928 tps=31395 mgps=841.9 avgBps=10125 avgTps=18690 avgMGps=743.0 elapsed=1m47s603ms
Sep 11 05:15:23 nimbus-eth1-mainnet-long-benchmark[2233876]: INF 2026-09-11 05:15:23.722+00:00 Imported blocks                            blockNumber=1097729 slot=1 blocks=1097728 txs=2051252 mgas=81029 bps=6665 tps=32639 mgps=880.0 avgBps=10086 avgTps=18847 avgMGps=744.5 elapsed=1m48s832ms
Sep 11 05:15:25 nimbus-eth1-mainnet-long-benchmark[2233876]: INF 2026-09-11 05:15:25.034+00:00 Imported blocks                            blockNumber=1105921 slot=1 blocks=1105920 txs=2094052 mgas=82283 bps=6243 tps=32617 mgps=955.4 avgBps=10040 avgTps=19011 avgMGps=747.0 elapsed=1m50s145ms
Sep 11 05:15:26 nimbus-eth1-mainnet-long-benchmark[2233876]: INF 2026-09-11 05:15:26.310+00:00 Imported blocks                            blockNumber=1114113 slot=1 blocks=1114112 txs=2135719 mgas=83519 bps=6424 tps=32676 mgps=968.9 avgBps=9999 avgTps=19168 avgMGps=749.6 elapsed=1m51s420ms
Sep 11 05:15:27 nimbus-eth1-mainnet-long-benchmark[2233876]: INF 2026-09-11 05:15:27.530+00:00 Imported blocks                            blockNumber=1122305 slot=1 blocks=1122304 txs=2174597 mgas=84660 bps=6710 tps=31847 mgps=935.0 avgBps=9963 avgTps=19305 avgMGps=751.6 elapsed=1m52s641ms
Sep 11 05:15:28 nimbus-eth1-mainnet-long-benchmark[2233876]: INF 2026-09-11 05:15:28.738+00:00 Imported blocks                            blockNumber=1130497 slot=1 blocks=1130496 txs=2216135 mgas=85863 bps=6767 tps=34315 mgps=993.7 avgBps=9929 avgTps=19465 avgMGps=754.2 elapsed=1m53s851ms
Sep 11 05:15:29 nimbus-eth1-mainnet-long-benchmark[2233876]: INF 2026-09-11 05:15:29.930+00:00 Imported blocks                            blockNumber=1138689 slot=1 blocks=1138688 txs=2256039 mgas=86965 bps=6887 tps=33548 mgps=926.2 avgBps=9898 avgTps=19610 avgMGps=755.9 elapsed=1m55s40ms
Sep 11 05:15:31 nimbus-eth1-mainnet-long-benchmark[2233876]: INF 2026-09-11 05:15:31.174+00:00 Imported blocks                            blockNumber=1146881 slot=1 blocks=1146880 txs=2300260 mgas=88305 bps=6579 tps=35517 mgps=1076 avgBps=9862 avgTps=19781 avgMGps=759.4 elapsed=1m56s285ms
Sep 11 05:15:32 nimbus-eth1-mainnet-long-benchmark[2233876]: INF 2026-09-11 05:15:32.450+00:00 Imported blocks                            blockNumber=1155073 slot=1 blocks=1155072 txs=2343788 mgas=89688 bps=6425 tps=34141 mgps=1085 avgBps=9825 avgTps=19936 avgMGps=762.9 elapsed=1m57s560ms
Sep 11 05:15:33 nimbus-eth1-mainnet-long-benchmark[2233876]: INF 2026-09-11 05:15:33.606+00:00 Imported blocks                            blockNumber=1163265 slot=1 blocks=1163264 txs=2381940 mgas=90935 bps=7080 tps=32977 mgps=1077 avgBps=9798 avgTps=20063 avgMGps=766.0 elapsed=1m58s717ms
Sep 11 05:15:34 nimbus-eth1-mainnet-long-benchmark[2233876]: INF 2026-09-11 05:15:34.930+00:00 Imported blocks                            blockNumber=1171457 slot=1 blocks=1171456 txs=2426884 mgas=92310 bps=6188 tps=33953 mgps=1038 avgBps=9758 avgTps=20217 avgMGps=769.0 elapsed=2m41ms463us
Sep 11 05:15:36 nimbus-eth1-mainnet-long-benchmark[2233876]: INF 2026-09-11 05:15:36.318+00:00 Imported blocks                            blockNumber=1179649 slot=1 blocks=1179648 txs=2473126 mgas=93885 bps=5896 tps=33283 mgps=1133 avgBps=9714 avgTps=20366 avgMGps=773.2 elapsed=2m1s430ms
Sep 11 05:15:37 nimbus-eth1-mainnet-long-benchmark[2233876]: INF 2026-09-11 05:15:37.662+00:00 Imported blocks                            blockNumber=1187841 slot=1 blocks=1187840 txs=2517649 mgas=95408 bps=6105 tps=33182 mgps=1135 avgBps=9675 avgTps=20506 avgMGps=777.1 elapsed=2m2s772ms
Sep 11 05:15:39 nimbus-eth1-mainnet-long-benchmark[2233876]: INF 2026-09-11 05:15:39.142+00:00 Imported blocks                            blockNumber=1196033 slot=1 blocks=1196032 txs=2561243 mgas=96937 bps=5522 tps=29386 mgps=1031 avgBps=9625 avgTps=20612 avgMGps=780.1 elapsed=2m4s256ms
Sep 11 05:15:40 nimbus-eth1-mainnet-long-benchmark[2233876]: INF 2026-09-11 05:15:40.450+00:00 Imported blocks                            blockNumber=1204225 slot=1 blocks=1204224 txs=2602502 mgas=98390 bps=6269 tps=31574 mgps=1111 avgBps=9590 avgTps=20726 avgMGps=783.6 elapsed=2m5s562ms
Sep 11 05:15:42 nimbus-eth1-mainnet-long-benchmark[2233876]: INF 2026-09-11 05:15:42.322+00:00 Imported blocks                            blockNumber=1212417 slot=1 blocks=1212416 txs=2655425 mgas=100693 bps=4375 tps=28267 mgps=1229 avgBps=9513 avgTps=20837 avgMGps=790.2 elapsed=2m7s434ms
Sep 11 05:15:43 nimbus-eth1-mainnet-long-benchmark[2233876]: INF 2026-09-11 05:15:43.774+00:00 Imported blocks                            blockNumber=1220609 slot=1 blocks=1220608 txs=2702130 mgas=102256 bps=5651 tps=32218 mgps=1078 avgBps=9470 avgTps=20965 avgMGps=793.4 elapsed=2m8s884ms
Sep 11 05:15:45 nimbus-eth1-mainnet-long-benchmark[2233876]: INF 2026-09-11 05:15:45.334+00:00 Imported blocks                            blockNumber=1228801 slot=1 blocks=1228800 txs=2748253 mgas=103771 bps=5244 tps=29526 mgps=969.4 avgBps=9419 avgTps=21068 avgMGps=795.5 elapsed=2m10s446ms
Sep 11 05:15:46 nimbus-eth1-mainnet-long-benchmark[2233876]: INF 2026-09-11 05:15:46.830+00:00 Imported blocks                            blockNumber=1236993 slot=1 blocks=1236992 txs=2791299 mgas=105229 bps=5480 tps=28800 mgps=975.8 avgBps=9375 avgTps=21155 avgMGps=797.5 elapsed=2m11s941ms
Sep 11 05:15:48 nimbus-eth1-mainnet-long-benchmark[2233876]: INF 2026-09-11 05:15:48.370+00:00 Imported blocks                            blockNumber=1245185 slot=1 blocks=1245184 txs=2840798 mgas=106888 bps=5314 tps=32111 mgps=1076 avgBps=9328 avgTps=21282 avgMGps=800.8 elapsed=2m13s482ms
Sep 11 05:15:49 nimbus-eth1-mainnet-long-benchmark[2233876]: INF 2026-09-11 05:15:49.674+00:00 Imported blocks                            blockNumber=1253377 slot=1 blocks=1253376 txs=2887052 mgas=108404 bps=6289 tps=35509 mgps=1163 avgBps=9299 avgTps=21419 avgMGps=804.3 elapsed=2m14s785ms
Sep 11 05:15:51 nimbus-eth1-mainnet-long-benchmark[2233876]: INF 2026-09-11 05:15:51.074+00:00 Imported blocks                            blockNumber=1261569 slot=1 blocks=1261568 txs=2929370 mgas=109732 bps=5845 tps=30194 mgps=947.6 avgBps=9263 avgTps=21509 avgMGps=805.8 elapsed=2m16s186ms
Sep 11 05:15:52 nimbus-eth1-mainnet-long-benchmark[2233876]: INF 2026-09-11 05:15:52.266+00:00 Imported blocks                            blockNumber=1269761 slot=1 blocks=1269760 txs=2969391 mgas=110811 bps=6872 tps=33573 mgps=904.5 avgBps=9242 avgTps=21614 avgMGps=806.6 elapsed=2m17s378ms
Sep 11 05:15:53 nimbus-eth1-mainnet-long-benchmark[2233876]: INF 2026-09-11 05:15:53.746+00:00 Imported blocks                            blockNumber=1277953 slot=1 blocks=1277952 txs=3015756 mgas=112246 bps=5537 tps=31342 mgps=970.0 avgBps=9203 avgTps=21718 avgMGps=808.4 elapsed=2m18s858ms
Sep 11 05:15:55 nimbus-eth1-mainnet-long-benchmark[2233876]: INF 2026-09-11 05:15:55.322+00:00 Imported blocks                            blockNumber=1286145 slot=1 blocks=1286144 txs=3066597 mgas=113837 bps=5191 tps=32218 mgps=1008 avgBps=9158 avgTps=21836 avgMGps=810.6 elapsed=2m20s436ms
Sep 11 05:15:56 nimbus-eth1-mainnet-long-benchmark[2233876]: INF 2026-09-11 05:15:56.638+00:00 Imported blocks                            blockNumber=1294337 slot=1 blocks=1294336 txs=3108096 mgas=115109 bps=6246 tps=31643 mgps=969.7 avgBps=9131 avgTps=21926 avgMGps=812.1 elapsed=2m21s747ms
Sep 11 05:15:58 nimbus-eth1-mainnet-long-benchmark[2233876]: INF 2026-09-11 05:15:58.234+00:00 Imported blocks                            blockNumber=1302529 slot=1 blocks=1302528 txs=3155729 mgas=116621 bps=5128 tps=29818 mgps=946.8 avgBps=9086 avgTps=22014 avgMGps=813.6 elapsed=2m23s345ms
Sep 11 05:15:59 nimbus-eth1-mainnet-long-benchmark[2233876]: INF 2026-09-11 05:15:59.494+00:00 Imported blocks                            blockNumber=1310721 slot=1 blocks=1310720 txs=3198370 mgas=117785 bps=6497 tps=33821 mgps=923.6 avgBps=9064 avgTps=22117 avgMGps=814.5 elapsed=2m24s605ms
Sep 11 05:16:00 nimbus-eth1-mainnet-long-benchmark[2233876]: INF 2026-09-11 05:16:00.725+00:00 Imported blocks                            blockNumber=1318913 slot=1 blocks=1318912 txs=3240980 mgas=118922 bps=6647 tps=34575 mgps=922.7 avgBps=9043 avgTps=22223 avgMGps=815.4 elapsed=2m25s838ms
Sep 11 05:16:02 nimbus-eth1-mainnet-long-benchmark[2233876]: INF 2026-09-11 05:16:02.105+00:00 Imported blocks                            blockNumber=1327105 slot=1 blocks=1327104 txs=3286540 mgas=120280 bps=5935 tps=33009 mgps=983.8 avgBps=9014 avgTps=22324 avgMGps=817.0 elapsed=2m27s218ms
Sep 11 05:16:03 nimbus-eth1-mainnet-long-benchmark[2233876]: INF 2026-09-11 05:16:03.517+00:00 Imported blocks                            blockNumber=1335297 slot=1 blocks=1335296 txs=3336909 mgas=122062 bps=5808 tps=35715 mgps=1263 avgBps=8984 avgTps=22451 avgMGps=821.3 elapsed=2m28s628ms
Sep 11 05:16:04 nimbus-eth1-mainnet-long-benchmark[2233876]: INF 2026-09-11 05:16:04.781+00:00 Imported blocks                            blockNumber=1343489 slot=1 blocks=1343488 txs=3382130 mgas=123272 bps=6464 tps=35683 mgps=954.4 avgBps=8962 avgTps=22563 avgMGps=822.4 elapsed=2m29s895ms
Sep 11 05:16:06 nimbus-eth1-mainnet-long-benchmark[2233876]: INF 2026-09-11 05:16:06.089+00:00 Imported blocks                            blockNumber=1351681 slot=1 blocks=1351680 txs=3426145 mgas=124479 bps=6270 tps=33693 mgps=923.8 avgBps=8939 avgTps=22659 avgMGps=823.3 elapsed=2m31s202ms
Sep 11 05:16:07 nimbus-eth1-mainnet-long-benchmark[2233876]: INF 2026-09-11 05:16:07.369+00:00 Imported blocks                            blockNumber=1359873 slot=1 blocks=1359872 txs=3481033 mgas=126070 bps=6390 tps=42818 mgps=1241 avgBps=8918 avgTps=22828 avgMGps=826.8 elapsed=2m32s484ms
Sep 11 05:16:08 nimbus-eth1-mainnet-long-benchmark[2233876]: INF 2026-09-11 05:16:08.705+00:00 Imported blocks                            blockNumber=1368065 slot=1 blocks=1368064 txs=3524429 mgas=127255 bps=6133 tps=32490 mgps=887.1 avgBps=8893 avgTps=22912 avgMGps=827.3 elapsed=2m33s819ms
Sep 11 05:16:10 nimbus-eth1-mainnet-long-benchmark[2233876]: INF 2026-09-11 05:16:10.173+00:00 Imported blocks                            blockNumber=1376257 slot=1 blocks=1376256 txs=3573305 mgas=128848 bps=5583 tps=33314 mgps=1085 avgBps=8862 avgTps=23010 avgMGps=829.7 elapsed=2m35s286ms
Sep 11 05:16:11 nimbus-eth1-mainnet-long-benchmark[2233876]: INF 2026-09-11 05:16:11.457+00:00 Imported blocks                            blockNumber=1384449 slot=1 blocks=1384448 txs=3618448 mgas=130288 bps=6392 tps=35226 mgps=1123 avgBps=8842 avgTps=23110 avgMGps=832.1 elapsed=2m36s568ms
Sep 11 05:16:12 nimbus-eth1-mainnet-long-benchmark[2233876]: INF 2026-09-11 05:16:12.821+00:00 Imported blocks                            blockNumber=1392641 slot=1 blocks=1392640 txs=3659789 mgas=131406 bps=5996 tps=30259 mgps=818.6 avgBps=8817 avgTps=23172 avgMGps=832.0 elapsed=2m37s934ms
Sep 11 05:16:14 nimbus-eth1-mainnet-long-benchmark[2233876]: INF 2026-09-11 05:16:14.185+00:00 Imported blocks                            blockNumber=1400833 slot=1 blocks=1400832 txs=3705329 mgas=132735 bps=6002 tps=33369 mgps=973.9 avgBps=8793 avgTps=23260 avgMGps=833.2 elapsed=2m39s299ms
Sep 11 05:16:15 nimbus-eth1-mainnet-long-benchmark[2233876]: INF 2026-09-11 05:16:15.625+00:00 Imported blocks                            blockNumber=1409025 slot=1 blocks=1409024 txs=3754433 mgas=134221 bps=5690 tps=34107 mgps=1031 avgBps=8765 avgTps=23357 avgMGps=835.0 elapsed=2m40s739ms
Sep 11 05:16:16 nimbus-eth1-mainnet-long-benchmark[2233876]: INF 2026-09-11 05:16:16.873+00:00 Imported blocks                            blockNumber=1417217 slot=1 blocks=1417216 txs=3798456 mgas=135447 bps=6567 tps=35293 mgps=982.8 avgBps=8748 avgTps=23449 avgMGps=836.2 elapsed=2m41s986ms
Sep 11 05:16:18 nimbus-eth1-mainnet-long-benchmark[2233876]: INF 2026-09-11 05:16:18.357+00:00 Imported blocks                            blockNumber=1425409 slot=1 blocks=1425408 txs=3848342 mgas=136897 bps=5514 tps=33578 mgps=976.4 avgBps=8719 avgTps=23541 avgMGps=837.4 elapsed=2m43s472ms
Sep 11 05:16:19 nimbus-eth1-mainnet-long-benchmark[2233876]: INF 2026-09-11 05:16:19.929+00:00 Imported blocks                            blockNumber=1433601 slot=1 blocks=1433600 txs=3905011 mgas=138579 bps=5215 tps=36075 mgps=1070 avgBps=8686 avgTps=23660 avgMGps=839.7 elapsed=2m45s42ms
Sep 11 05:16:21 nimbus-eth1-mainnet-long-benchmark[2233876]: INF 2026-09-11 05:16:21.505+00:00 Imported blocks                            blockNumber=1441793 slot=1 blocks=1441792 txs=3959646 mgas=140526 bps=5195 tps=34648 mgps=1234 avgBps=8653 avgTps=23764 avgMGps=843.4 elapsed=2m46s619ms
Sep 11 05:16:23 nimbus-eth1-mainnet-long-benchmark[2233876]: INF 2026-09-11 05:16:22.997+00:00 Imported blocks                            blockNumber=1449985 slot=1 blocks=1449984 txs=4016331 mgas=142151 bps=5491 tps=37998 mgps=1089 avgBps=8625 avgTps=23890 avgMGps=845.6 elapsed=2m48s111ms
Sep 11 05:16:24 nimbus-eth1-mainnet-long-benchmark[2233876]: INF 2026-09-11 05:16:24.513+00:00 Imported blocks                            blockNumber=1458177 slot=1 blocks=1458176 txs=4066527 mgas=143764 bps=5412 tps=33162 mgps=1065 avgBps=8596 avgTps=23973 avgMGps=847.5 elapsed=2m49s625ms
Sep 11 05:16:26 nimbus-eth1-mainnet-long-benchmark[2233876]: INF 2026-09-11 05:16:26.573+00:00 Imported blocks                            blockNumber=1466369 slot=1 blocks=1466368 txs=4121420 mgas=146004 bps=3974 tps=26630 mgps=1086 avgBps=8540 avgTps=24005 avgMGps=850.4 elapsed=2m51s686ms
Sep 11 05:16:28 nimbus-eth1-mainnet-long-benchmark[2233876]: INF 2026-09-11 05:16:28.065+00:00 Imported blocks                            blockNumber=1474561 slot=1 blocks=1474560 txs=4173520 mgas=147488 bps=5496 tps=34956 mgps=995.6 avgBps=8514 avgTps=24099 avgMGps=851.7 elapsed=2m53s176ms
Sep 11 05:16:29 nimbus-eth1-mainnet-long-benchmark[2233876]: INF 2026-09-11 05:16:29.625+00:00 Imported blocks                            blockNumber=1482753 slot=1 blocks=1482752 txs=4224800 mgas=149075 bps=5243 tps=32822 mgps=1015 avgBps=8485 avgTps=24177 avgMGps=853.1 elapsed=2m54s739ms
Sep 11 05:16:31 nimbus-eth1-mainnet-long-benchmark[2233876]: INF 2026-09-11 05:16:31.125+00:00 Imported blocks                            blockNumber=1490945 slot=1 blocks=1490944 txs=4281655 mgas=150750 bps=5469 tps=37960 mgps=1118 avgBps=8459 avgTps=24294 avgMGps=855.4 elapsed=2m56s236ms
Sep 11 05:16:32 nimbus-eth1-mainnet-long-benchmark[2233876]: INF 2026-09-11 05:16:32.617+00:00 Imported blocks                            blockNumber=1499137 slot=1 blocks=1499136 txs=4334037 mgas=152478 bps=5492 tps=35122 mgps=1158 avgBps=8434 avgTps=24385 avgMGps=857.9 elapsed=2m57s728ms
Sep 11 05:16:34 nimbus-eth1-mainnet-long-benchmark[2233876]: INF 2026-09-11 05:16:34.461+00:00 Imported blocks                            blockNumber=1507329 slot=1 blocks=1507328 txs=4394073 mgas=154617 bps=4438 tps=32529 mgps=1158 avgBps=8393 avgTps=24469 avgMGps=861.0 elapsed=2m59s573ms
Sep 11 05:16:36 nimbus-eth1-mainnet-long-benchmark[2233876]: INF 2026-09-11 05:16:36.397+00:00 Imported blocks                            blockNumber=1515521 slot=1 blocks=1515520 txs=4463341 mgas=157058 bps=4226 tps=35736 mgps=1259 avgBps=8349 avgTps=24589 avgMGps=865.3 elapsed=3m1s512ms
Sep 11 05:16:38 nimbus-eth1-mainnet-long-benchmark[2233876]: INF 2026-09-11 05:16:38.189+00:00 Imported blocks                            blockNumber=1523713 slot=1 blocks=1523712 txs=4519855 mgas=158891 bps=4577 tps=31581 mgps=1023 avgBps=8312 avgTps=24658 avgMGps=866.8 elapsed=3m3s301ms
Sep 11 05:16:39 nimbus-eth1-mainnet-long-benchmark[2233876]: INF 2026-09-11 05:16:39.849+00:00 Imported blocks                            blockNumber=1531905 slot=1 blocks=1531904 txs=4570979 mgas=160622 bps=4936 tps=30808 mgps=1043 avgBps=8282 avgTps=24713 avgMGps=868.4 elapsed=3m4s961ms
Sep 11 05:16:41 nimbus-eth1-mainnet-long-benchmark[2233876]: INF 2026-09-11 05:16:41.557+00:00 Imported blocks                            blockNumber=1540097 slot=1 blocks=1540096 txs=4629733 mgas=162534 bps=4794 tps=34383 mgps=1118 avgBps=8250 avgTps=24801 avgMGps=870.7 elapsed=3m6s669ms
Sep 11 05:16:43 nimbus-eth1-mainnet-long-benchmark[2233876]: INF 2026-09-11 05:16:43.193+00:00 Imported blocks                            blockNumber=1548289 slot=1 blocks=1548288 txs=4691162 mgas=164522 bps=5008 tps=37560 mgps=1215 avgBps=8222 avgTps=24912 avgMGps=873.7 elapsed=3m8s305ms
Sep 11 05:16:45 nimbus-eth1-mainnet-long-benchmark[2233876]: INF 2026-09-11 05:16:45.029+00:00 Imported blocks                            blockNumber=1556481 slot=1 blocks=1556480 txs=4751792 mgas=166882 bps=4461 tps=33017 mgps=1285 avgBps=8185 avgTps=24990 avgMGps=877.7 elapsed=3m10s141ms
Sep 11 05:16:46 nimbus-eth1-mainnet-long-benchmark[2233876]: INF 2026-09-11 05:16:46.629+00:00 Imported blocks                            blockNumber=1564673 slot=1 blocks=1564672 txs=4808773 mgas=168702 bps=5124 tps=35643 mgps=1138 avgBps=8160 avgTps=25079 avgMGps=879.9 elapsed=3m11s740ms
Sep 11 05:16:48 nimbus-eth1-mainnet-long-benchmark[2233876]: INF 2026-09-11 05:16:48.153+00:00 Imported blocks                            blockNumber=1572865 slot=1 blocks=1572864 txs=4865267 mgas=170479 bps=5369 tps=37026 mgps=1164 avgBps=8138 avgTps=25173 avgMGps=882.1 elapsed=3m13s266ms
Sep 11 05:16:49 nimbus-eth1-mainnet-long-benchmark[2233876]: INF 2026-09-11 05:16:49.669+00:00 Imported blocks                            blockNumber=1581057 slot=1 blocks=1581056 txs=4924309 mgas=172215 bps=5408 tps=38977 mgps=1145 avgBps=8117 avgTps=25281 avgMGps=884.1 elapsed=3m14s780ms
Sep 11 05:16:51 nimbus-eth1-mainnet-long-benchmark[2233876]: INF 2026-09-11 05:16:51.529+00:00 Imported blocks                            blockNumber=1589249 slot=1 blocks=1589248 txs=4993282 mgas=174387 bps=4398 tps=37032 mgps=1166 avgBps=8081 avgTps=25392 avgMGps=886.8 elapsed=3m16s643ms
Sep 11 05:16:53 nimbus-eth1-mainnet-long-benchmark[2233876]: INF 2026-09-11 05:16:53.329+00:00 Imported blocks                            blockNumber=1597441 slot=1 blocks=1597440 txs=5057588 mgas=176580 bps=4550 tps=35720 mgps=1218 avgBps=8049 avgTps=25486 avgMGps=889.8 elapsed=3m18s443ms
Sep 11 05:16:55 nimbus-eth1-mainnet-long-benchmark[2233876]: INF 2026-09-11 05:16:55.741+00:00 Imported blocks                            blockNumber=1605633 slot=1 blocks=1605632 txs=5144257 mgas=180073 bps=3400 tps=35979 mgps=1450 avgBps=7994 avgTps=25612 avgMGps=896.5 elapsed=3m20s852ms
Sep 11 05:16:57 nimbus-eth1-mainnet-long-benchmark[2233876]: INF 2026-09-11 05:16:57.485+00:00 Imported blocks                            blockNumber=1613825 slot=1 blocks=1613824 txs=5206369 mgas=182227 bps=4688 tps=35551 mgps=1233 avgBps=7965 avgTps=25697 avgMGps=899.4 elapsed=3m22s599ms
Sep 11 05:16:59 nimbus-eth1-mainnet-long-benchmark[2233876]: INF 2026-09-11 05:16:59.117+00:00 Imported blocks                            blockNumber=1622017 slot=1 blocks=1622016 txs=5266487 mgas=184142 bps=5024 tps=36875 mgps=1174 avgBps=7942 avgTps=25787 avgMGps=901.6 elapsed=3m24s229ms
Sep 11 05:17:00 nimbus-eth1-mainnet-long-benchmark[2233876]: INF 2026-09-11 05:17:00.621+00:00 Imported blocks                            blockNumber=1630209 slot=1 blocks=1630208 txs=5319900 mgas=185883 bps=5451 tps=35543 mgps=1158 avgBps=7923 avgTps=25858 avgMGps=903.5 elapsed=3m25s732ms
Sep 11 05:17:02 nimbus-eth1-mainnet-long-benchmark[2233876]: INF 2026-09-11 05:17:02.037+00:00 Imported blocks                            blockNumber=1638401 slot=1 blocks=1638400 txs=5376656 mgas=187517 bps=5773 tps=40000 mgps=1151 avgBps=7909 avgTps=25955 avgMGps=905.2 elapsed=3m27s151ms
Sep 11 05:17:03 nimbus-eth1-mainnet-long-benchmark[2233876]: INF 2026-09-11 05:17:03.421+00:00 Imported blocks                            blockNumber=1646593 slot=1 blocks=1646592 txs=5427002 mgas=188969 bps=5928 tps=36436 mgps=1051 avgBps=7896 avgTps=26024 avgMGps=906.2 elapsed=3m28s533ms
Sep 11 05:17:04 nimbus-eth1-mainnet-long-benchmark[2233876]: INF 2026-09-11 05:17:04.796+00:00 Imported blocks                            blockNumber=1654785 slot=1 blocks=1654784 txs=5477830 mgas=190491 bps=5952 tps=36934 mgps=1105 avgBps=7883 avgTps=26096 avgMGps=907.5 elapsed=3m29s909ms
Sep 11 05:17:07 nimbus-eth1-mainnet-long-benchmark[2233876]: INF 2026-09-11 05:17:07.048+00:00 Imported blocks                            blockNumber=1662977 slot=1 blocks=1662976 txs=5538206 mgas=193552 bps=3637 tps=26805 mgps=1359 avgBps=7838 avgTps=26103 avgMGps=912.3 elapsed=3m32s161ms
Sep 11 05:17:08 nimbus-eth1-mainnet-long-benchmark[2233876]: INF 2026-09-11 05:17:08.700+00:00 Imported blocks                            blockNumber=1671169 slot=1 blocks=1671168 txs=5593464 mgas=195396 bps=4963 tps=33478 mgps=1117 avgBps=7816 avgTps=26160 avgMGps=913.9 elapsed=3m33s812ms
Sep 11 05:17:10 nimbus-eth1-mainnet-long-benchmark[2233876]: INF 2026-09-11 05:17:10.240+00:00 Imported blocks                            blockNumber=1679361 slot=1 blocks=1679360 txs=5649239 mgas=197189 bps=5317 tps=36206 mgps=1164 avgBps=7798 avgTps=26232 avgMGps=915.7 elapsed=3m35s352ms
Sep 11 05:17:11 nimbus-eth1-mainnet-long-benchmark[2233876]: INF 2026-09-11 05:17:11.780+00:00 Imported blocks                            blockNumber=1687553 slot=1 blocks=1687552 txs=5701520 mgas=198983 bps=5319 tps=33945 mgps=1164 avgBps=7780 avgTps=26287 avgMGps=917.4 elapsed=3m36s892ms
Sep 11 05:17:13 nimbus-eth1-mainnet-long-benchmark[2233876]: INF 2026-09-11 05:17:13.344+00:00 Imported blocks                            blockNumber=1695745 slot=1 blocks=1695744 txs=5756747 mgas=200840 bps=5237 tps=35311 mgps=1187 avgBps=7762 avgTps=26351 avgMGps=919.4 elapsed=3m38s456ms
Sep 11 05:17:15 nimbus-eth1-mainnet-long-benchmark[2233876]: INF 2026-09-11 05:17:15.212+00:00 Imported blocks                            blockNumber=1703937 slot=1 blocks=1703936 txs=5821399 mgas=203106 bps=4378 tps=34553 mgps=1210 avgBps=7733 avgTps=26421 avgMGps=921.8 elapsed=3m40s327ms
Sep 11 05:17:16 nimbus-eth1-mainnet-long-benchmark[2233876]: INF 2026-09-11 05:17:16.972+00:00 Imported blocks                            blockNumber=1712129 slot=1 blocks=1712128 txs=5884754 mgas=205166 bps=4656 tps=36012 mgps=1171 avgBps=7709 avgTps=26497 avgMGps=923.8 elapsed=3m42s87ms
Sep 11 05:17:24 nimbus-eth1-mainnet-long-benchmark[2233876]: INF 2026-09-11 05:17:24.720+00:00 Imported blocks                            blockNumber=1720321 slot=1 blocks=1720320 txs=5950436 mgas=210967 bps=1057 tps=8479 mgps=748.8 avgBps=7485 avgTps=25890 avgMGps=917.9 elapsed=3m49s833ms
Sep 11 05:18:06 nimbus-eth1-mainnet-long-benchmark[2233876]: INF 2026-09-11 05:18:06.535+00:00 Imported blocks                            blockNumber=1728513 slot=1 blocks=1728512 txs=6046046 mgas=227706 bps=195.9 tps=2286 mgps=400.3 avgBps=6362 avgTps=22256 avgMGps=838.2 elapsed=4m31s651ms
Sep 11 05:18:14 nimbus-eth1-mainnet-long-benchmark[2233876]: INF 2026-09-11 05:18:14.963+00:00 Imported blocks                            blockNumber=1736705 slot=1 blocks=1736704 txs=6113963 mgas=232449 bps=971.9 tps=8057 mgps=562.8 avgBps=6200 avgTps=21829 avgMGps=829.9 elapsed=4m40s80ms
Sep 11 05:18:18 nimbus-eth1-mainnet-long-benchmark[2233876]: INF 2026-09-11 05:18:18.851+00:00 Imported blocks                            blockNumber=1744897 slot=1 blocks=1744896 txs=6176565 mgas=235745 bps=2108 tps=16109 mgps=848.2 avgBps=6144 avgTps=21751 avgMGps=830.2 elapsed=4m43s966ms
Sep 11 05:18:21 nimbus-eth1-mainnet-long-benchmark[2233876]: INF 2026-09-11 05:18:21.867+00:00 Imported blocks                            blockNumber=1753089 slot=1 blocks=1753088 txs=6244901 mgas=239587 bps=2716 tps=22657 mgps=1273 avgBps=6108 avgTps=21760 avgMGps=834.9 elapsed=4m46s982ms
Sep 11 05:18:23 nimbus-eth1-mainnet-long-benchmark[2233876]: INF 2026-09-11 05:18:23.811+00:00 Imported blocks                            blockNumber=1761281 slot=1 blocks=1761280 txs=6303031 mgas=241664 bps=4211 tps=29882 mgps=1067 avgBps=6095 avgTps=21815 avgMGps=836.4 elapsed=4m48s927ms
Sep 11 05:18:25 nimbus-eth1-mainnet-long-benchmark[2233876]: INF 2026-09-11 05:18:25.443+00:00 Imported blocks                            blockNumber=1769473 slot=1 blocks=1769472 txs=6360053 mgas=243886 bps=5025 tps=34980 mgps=1362 avgBps=6089 avgTps=21889 avgMGps=839.4 elapsed=4m50s557ms
Sep 11 05:18:27 nimbus-eth1-mainnet-long-benchmark[2233876]: INF 2026-09-11 05:18:27.123+00:00 Imported blocks                            blockNumber=1777665 slot=1 blocks=1777664 txs=6412951 mgas=245575 bps=4875 tps=31482 mgps=1005 avgBps=6082 avgTps=21944 avgMGps=840.3 elapsed=4m52s237ms
Sep 11 05:18:28 nimbus-eth1-mainnet-long-benchmark[2233876]: INF 2026-09-11 05:18:28.911+00:00 Imported blocks                            blockNumber=1785857 slot=1 blocks=1785856 txs=6466807 mgas=247284 bps=4584 tps=30139 mgps=956.3 avgBps=6073 avgTps=21994 avgMGps=841.0 elapsed=4m54s24ms
Sep 11 05:18:31 nimbus-eth1-mainnet-long-benchmark[2233876]: INF 2026-09-11 05:18:31.051+00:00 Imported blocks                            blockNumber=1794049 slot=1 blocks=1794048 txs=6522851 mgas=249276 bps=3827 tps=26185 mgps=931.0 avgBps=6057 avgTps=22024 avgMGps=841.7 elapsed=4m56s165ms
Sep 11 05:18:33 nimbus-eth1-mainnet-long-benchmark[2233876]: INF 2026-09-11 05:18:33.871+00:00 Imported blocks                            blockNumber=1802241 slot=1 blocks=1802240 txs=6613176 mgas=255044 bps=2905 tps=32038 mgps=2045 avgBps=6027 avgTps=22118 avgMGps=853.0 elapsed=4m58s984ms
Sep 11 05:18:38 nimbus-eth1-mainnet-long-benchmark[2233876]: INF 2026-09-11 05:18:38.451+00:00 Imported blocks                            blockNumber=1810433 slot=1 blocks=1810432 txs=6665934 mgas=257543 bps=1788 tps=11515 mgps=545.5 avgBps=5963 avgTps=21958 avgMGps=848.4 elapsed=5m3s565ms
Sep 11 05:18:40 nimbus-eth1-mainnet-long-benchmark[2233876]: INF 2026-09-11 05:18:40.323+00:00 Imported blocks                            blockNumber=1818625 slot=1 blocks=1818624 txs=6721128 mgas=259316 bps=4375 tps=29483 mgps=947.0 avgBps=5954 avgTps=22004 avgMGps=849.0 elapsed=5m5s437ms
Sep 11 05:18:41 nimbus-eth1-mainnet-long-benchmark[2233876]: INF 2026-09-11 05:18:41.883+00:00 Imported blocks                            blockNumber=1826817 slot=1 blocks=1826816 txs=6774831 mgas=261021 bps=5256 tps=34458 mgps=1093 avgBps=5950 avgTps=22068 avgMGps=850.2 elapsed=5m6s996ms
Sep 11 05:18:43 nimbus-eth1-mainnet-long-benchmark[2233876]: INF 2026-09-11 05:18:43.939+00:00 Imported blocks                            blockNumber=1835009 slot=1 blocks=1835008 txs=6824653 mgas=262938 bps=3985 tps=24239 mgps=932.4 avgBps=5937 avgTps=22082 avgMGps=850.8 elapsed=5m9s51ms
Sep 11 05:18:45 nimbus-eth1-mainnet-long-benchmark[2233876]: INF 2026-09-11 05:18:45.507+00:00 Imported blocks                            blockNumber=1843201 slot=1 blocks=1843200 txs=6878027 mgas=264614 bps=5233 tps=34100 mgps=1071 avgBps=5933 avgTps=22143 avgMGps=851.9 elapsed=5m10s617ms
Sep 11 05:18:48 nimbus-eth1-mainnet-long-benchmark[2233876]: INF 2026-09-11 05:18:48.671+00:00 Imported blocks                            blockNumber=1851393 slot=1 blocks=1851392 txs=6938150 mgas=266996 bps=2588 tps=18995 mgps=752.4 avgBps=5900 avgTps=22111 avgMGps=850.9 elapsed=5m13s782ms
Sep 11 05:18:53 nimbus-eth1-mainnet-long-benchmark[2233876]: INF 2026-09-11 05:18:53.363+00:00 Imported blocks                            blockNumber=1859585 slot=1 blocks=1859584 txs=6994576 mgas=269861 bps=1745 tps=12023 mgps=610.5 avgBps=5839 avgTps=21962 avgMGps=847.4 elapsed=5m18s475ms
Sep 11 05:18:55 nimbus-eth1-mainnet-long-benchmark[2233876]: INF 2026-09-11 05:18:55.215+00:00 Imported blocks                            blockNumber=1867777 slot=1 blocks=1867776 txs=7045208 mgas=271531 bps=4429 tps=27378 mgps=903.1 avgBps=5830 avgTps=21993 avgMGps=847.7 elapsed=5m20s324ms
Sep 11 05:18:57 nimbus-eth1-mainnet-long-benchmark[2233876]: INF 2026-09-11 05:18:57.227+00:00 Imported blocks                            blockNumber=1875969 slot=1 blocks=1875968 txs=7098661 mgas=273436 bps=4065 tps=26528 mgps=945.3 avgBps=5819 avgTps=22022 avgMGps=848.3 elapsed=5m22s339ms
Sep 11 05:18:58 nimbus-eth1-mainnet-long-benchmark[2233876]: INF 2026-09-11 05:18:58.907+00:00 Imported blocks                            blockNumber=1884161 slot=1 blocks=1884160 txs=7153316 mgas=275276 bps=4884 tps=32590 mgps=1097 avgBps=5815 avgTps=22077 avgMGps=849.6 elapsed=5m24s16ms
Sep 11 05:19:00 nimbus-eth1-mainnet-long-benchmark[2233876]: INF 2026-09-11 05:19:00.471+00:00 Imported blocks                            blockNumber=1892353 slot=1 blocks=1892352 txs=7207581 mgas=277100 bps=5227 tps=34624 mgps=1164 avgBps=5812 avgTps=22137 avgMGps=851.1 elapsed=5m25s583ms
Sep 11 05:19:01 nimbus-eth1-mainnet-long-benchmark[2233876]: INF 2026-09-11 05:19:01.867+00:00 Imported blocks                            blockNumber=1900545 slot=1 blocks=1900544 txs=7258861 mgas=278515 bps=5880 tps=36808 mgps=1015 avgBps=5812 avgTps=22199 avgMGps=851.8 elapsed=5m26s976ms
Sep 11 05:19:03 nimbus-eth1-mainnet-long-benchmark[2233876]: INF 2026-09-11 05:19:03.259+00:00 Imported blocks                            blockNumber=1908737 slot=1 blocks=1908736 txs=7305904 mgas=279904 bps=5879 tps=33760 mgps=996.7 avgBps=5812 avgTps=22248 avgMGps=852.4 elapsed=5m28s370ms
Sep 11 05:19:04 nimbus-eth1-mainnet-long-benchmark[2233876]: INF 2026-09-11 05:19:04.851+00:00 Imported blocks                            blockNumber=1916929 slot=1 blocks=1916928 txs=7369064 mgas=281779 bps=5150 tps=39711 mgps=1178 avgBps=5809 avgTps=22333 avgMGps=854.0 elapsed=5m29s960ms
Sep 11 05:19:12 nimbus-eth1-mainnet-long-benchmark[2233876]: INF 2026-09-11 05:19:12.542+00:00 Imported blocks                            blockNumber=1925121 slot=1 blocks=1925120 txs=7431837 mgas=285950 bps=1064 tps=8157 mgps=542.1 avgBps=5701 avgTps=22010 avgMGps=846.9 elapsed=5m37s655ms
Sep 11 05:19:14 nimbus-eth1-mainnet-long-benchmark[2233876]: INF 2026-09-11 05:19:14.606+00:00 Imported blocks                            blockNumber=1933313 slot=1 blocks=1933312 txs=7497575 mgas=288217 bps=3971 tps=31868 mgps=1098 avgBps=5690 avgTps=22069 avgMGps=848.4 elapsed=5m39s718ms
Sep 11 05:19:16 nimbus-eth1-mainnet-long-benchmark[2233876]: INF 2026-09-11 05:19:16.330+00:00 Imported blocks                            blockNumber=1941505 slot=1 blocks=1941504 txs=7559612 mgas=290251 bps=4757 tps=36024 mgps=1181 avgBps=5686 avgTps=22140 avgMGps=850.1 elapsed=5m41s440ms
Sep 11 05:19:18 nimbus-eth1-mainnet-long-benchmark[2233876]: INF 2026-09-11 05:19:18.198+00:00 Imported blocks                            blockNumber=1949697 slot=1 blocks=1949696 txs=7638933 mgas=292499 bps=4385 tps=42459 mgps=1203 avgBps=5679 avgTps=22250 avgMGps=852.0 elapsed=5m43s308ms
Sep 11 05:19:20 nimbus-eth1-mainnet-long-benchmark[2233876]: INF 2026-09-11 05:19:20.398+00:00 Imported blocks                            blockNumber=1957889 slot=1 blocks=1957888 txs=7713671 mgas=295027 bps=3722 tps=33963 mgps=1148 avgBps=5666 avgTps=22325 avgMGps=853.9 elapsed=5m45s509ms
Sep 11 05:19:22 nimbus-eth1-mainnet-long-benchmark[2233876]: INF 2026-09-11 05:19:22.262+00:00 Imported blocks                            blockNumber=1966081 slot=1 blocks=1966080 txs=7788808 mgas=297396 bps=4393 tps=40297 mgps=1270 avgBps=5659 avgTps=22421 avgMGps=856.1 elapsed=5m47s373ms
Sep 11 05:19:24 nimbus-eth1-mainnet-long-benchmark[2233876]: INF 2026-09-11 05:19:24.482+00:00 Imported blocks                            blockNumber=1974273 slot=1 blocks=1974272 txs=7855390 mgas=300366 bps=3687 tps=29967 mgps=1336 avgBps=5647 avgTps=22469 avgMGps=859.2 elapsed=5m49s595ms
Sep 11 05:19:26 nimbus-eth1-mainnet-long-benchmark[2233876]: INF 2026-09-11 05:19:26.746+00:00 Imported blocks                            blockNumber=1982465 slot=1 blocks=1982464 txs=7915725 mgas=302539 bps=3623 tps=26685 mgps=961.1 avgBps=5634 avgTps=22497 avgMGps=859.8 elapsed=5m51s856ms
Sep 11 05:19:28 nimbus-eth1-mainnet-long-benchmark[2233876]: INF 2026-09-11 05:19:28.306+00:00 Imported blocks                            blockNumber=1990657 slot=1 blocks=1990656 txs=7979382 mgas=304304 bps=5250 tps=40796 mgps=1131 avgBps=5632 avgTps=22577 avgMGps=861.0 elapsed=5m53s416ms
Sep 11 05:19:30 nimbus-eth1-mainnet-long-benchmark[2233876]: INF 2026-09-11 05:19:30.074+00:00 Imported blocks                            blockNumber=1998849 slot=1 blocks=1998848 txs=8046053 mgas=306358 bps=4629 tps=37673 mgps=1160 avgBps=5627 avgTps=22653 avgMGps=862.5 elapsed=5m55s186ms
Sep 11 05:19:31 nimbus-eth1-mainnet-long-benchmark[2233876]: INF 2026-09-11 05:19:31.814+00:00 Imported blocks                            blockNumber=2007041 slot=1 blocks=2007040 txs=8114293 mgas=308394 bps=4707 tps=39216 mgps=1169 avgBps=5623 avgTps=22733 avgMGps=864.0 elapsed=5m56s926ms
Sep 11 05:19:33 nimbus-eth1-mainnet-long-benchmark[2233876]: INF 2026-09-11 05:19:33.366+00:00 Imported blocks                            blockNumber=2015233 slot=1 blocks=2015232 txs=8174568 mgas=310280 bps=5274 tps=38806 mgps=1214 avgBps=5621 avgTps=22803 avgMGps=865.5 elapsed=5m58s479ms
Sep 11 05:19:34 nimbus-eth1-mainnet-long-benchmark[2233876]: INF 2026-09-11 05:19:34.890+00:00 Imported blocks                            blockNumber=2023425 slot=1 blocks=2023424 txs=8234299 mgas=311998 bps=5380 tps=39230 mgps=1128 avgBps=5620 avgTps=22872 avgMGps=866.7 elapsed=6m2ms419us
Sep 11 05:19:36 nimbus-eth1-mainnet-long-benchmark[2233876]: INF 2026-09-11 05:19:36.374+00:00 Imported blocks                            blockNumber=2031617 slot=1 blocks=2031616 txs=8290597 mgas=313665 bps=5527 tps=37989 mgps=1124 avgBps=5620 avgTps=22934 avgMGps=867.7 elapsed=6m1s484ms
Sep 11 05:19:38 nimbus-eth1-mainnet-long-benchmark[2233876]: INF 2026-09-11 05:19:38.546+00:00 Imported blocks                            blockNumber=2039809 slot=1 blocks=2039808 txs=8347013 mgas=316650 bps=3767 tps=25946 mgps=1373 avgBps=5609 avgTps=22952 avgMGps=870.7 elapsed=6m3s658ms
Sep 11 05:19:40 nimbus-eth1-mainnet-long-benchmark[2233876]: INF 2026-09-11 05:19:40.190+00:00 Imported blocks                            blockNumber=2048001 slot=1 blocks=2048000 txs=8414819 mgas=318724 bps=4985 tps=41263 mgps=1262 avgBps=5606 avgTps=23035 avgMGps=872.5 elapsed=6m5s301ms
Sep 11 05:19:41 nimbus-eth1-mainnet-long-benchmark[2233876]: INF 2026-09-11 05:19:41.802+00:00 Imported blocks                            blockNumber=2056193 slot=1 blocks=2056192 txs=8478396 mgas=320628 bps=5081 tps=39439 mgps=1181 avgBps=5604 avgTps=23107 avgMGps=873.9 elapsed=6m6s913ms
Sep 11 05:19:43 nimbus-eth1-mainnet-long-benchmark[2233876]: INF 2026-09-11 05:19:43.298+00:00 Imported blocks                            blockNumber=2064385 slot=1 blocks=2064384 txs=8534261 mgas=322285 bps=5473 tps=37323 mgps=1107 avgBps=5603 avgTps=23165 avgMGps=874.8 elapsed=6m8s410ms
Sep 11 05:19:44 nimbus-eth1-mainnet-long-benchmark[2233876]: INF 2026-09-11 05:19:44.694+00:00 Imported blocks                            blockNumber=2072577 slot=1 blocks=2072576 txs=8592741 mgas=323842 bps=5877 tps=41957 mgps=1117 avgBps=5604 avgTps=23235 avgMGps=875.7 elapsed=6m9s804ms
Sep 11 05:19:46 nimbus-eth1-mainnet-long-benchmark[2233876]: INF 2026-09-11 05:19:46.118+00:00 Imported blocks                            blockNumber=2080769 slot=1 blocks=2080768 txs=8648072 mgas=325442 bps=5752 tps=38850 mgps=1123 avgBps=5605 avgTps=23295 avgMGps=876.7 elapsed=6m11s228ms
Sep 11 05:19:47 nimbus-eth1-mainnet-long-benchmark[2233876]: INF 2026-09-11 05:19:47.758+00:00 Imported blocks                            blockNumber=2088961 slot=1 blocks=2088960 txs=8712300 mgas=327292 bps=4994 tps=39159 mgps=1127 avgBps=5602 avgTps=23365 avgMGps=877.8 elapsed=6m12s868ms
Sep 11 05:19:49 nimbus-eth1-mainnet-long-benchmark[2233876]: INF 2026-09-11 05:19:49.550+00:00 Imported blocks                            blockNumber=2097153 slot=1 blocks=2097152 txs=8778360 mgas=329481 bps=4565 tps=36812 mgps=1219 avgBps=5597 avgTps=23429 avgMGps=879.4 elapsed=6m14s663ms
Sep 11 05:19:51 nimbus-eth1-mainnet-long-benchmark[2233876]: INF 2026-09-11 05:19:51.018+00:00 Imported blocks                            blockNumber=2105345 slot=1 blocks=2105344 txs=8832595 mgas=331142 bps=5583 tps=36963 mgps=1131 avgBps=5597 avgTps=23482 avgMGps=880.4 elapsed=6m16s130ms
Sep 11 05:19:52 nimbus-eth1-mainnet-long-benchmark[2233876]: INF 2026-09-11 05:19:52.506+00:00 Imported blocks                            blockNumber=2113537 slot=1 blocks=2113536 txs=8889289 mgas=332884 bps=5502 tps=38079 mgps=1170 avgBps=5597 avgTps=23540 avgMGps=881.5 elapsed=6m17s619ms
Sep 11 05:19:54 nimbus-eth1-mainnet-long-benchmark[2233876]: INF 2026-09-11 05:19:54.042+00:00 Imported blocks                            blockNumber=2121729 slot=1 blocks=2121728 txs=8950903 mgas=334700 bps=5336 tps=40140 mgps=1183 avgBps=5595 avgTps=23607 avgMGps=882.8 elapsed=6m19s154ms
Sep 11 05:19:56 nimbus-eth1-mainnet-long-benchmark[2233876]: INF 2026-09-11 05:19:56.442+00:00 Imported blocks                            blockNumber=2129921 slot=1 blocks=2129920 txs=9014354 mgas=338562 bps=3415 tps=26451 mgps=1609 avgBps=5582 avgTps=23625 avgMGps=887.3 elapsed=6m21s553ms
Sep 11 05:19:58 nimbus-eth1-mainnet-long-benchmark[2233876]: INF 2026-09-11 05:19:58.046+00:00 Imported blocks                            blockNumber=2138113 slot=1 blocks=2138112 txs=9083957 mgas=340606 bps=5104 tps=43367 mgps=1273 avgBps=5580 avgTps=23708 avgMGps=888.9 elapsed=6m23s158ms
Sep 11 05:19:59 nimbus-eth1-mainnet-long-benchmark[2233876]: INF 2026-09-11 05:19:59.586+00:00 Imported blocks                            blockNumber=2146305 slot=1 blocks=2146304 txs=9145568 mgas=342520 bps=5324 tps=40046 mgps=1244 avgBps=5579 avgTps=23773 avgMGps=890.4 elapsed=6m24s696ms
Sep 11 05:20:00 nimbus-eth1-mainnet-long-benchmark[2233876]: INF 2026-09-11 05:20:00.986+00:00 Imported blocks                            blockNumber=2154497 slot=1 blocks=2154496 txs=9208092 mgas=344179 bps=5851 tps=44658 mgps=1184 avgBps=5580 avgTps=23849 avgMGps=891.4 elapsed=6m26s96ms
Sep 11 05:20:02 nimbus-eth1-mainnet-long-benchmark[2233876]: INF 2026-09-11 05:20:02.526+00:00 Imported blocks                            blockNumber=2162689 slot=1 blocks=2162688 txs=9270066 mgas=345978 bps=5310 tps=40178 mgps=1166 avgBps=5579 avgTps=23914 avgMGps=892.5 elapsed=6m27s639ms
Sep 11 05:20:04 nimbus-eth1-mainnet-long-benchmark[2233876]: INF 2026-09-11 05:20:04.162+00:00 Imported blocks                            blockNumber=2170881 slot=1 blocks=2170880 txs=9332900 mgas=347898 bps=5004 tps=38384 mgps=1173 avgBps=5576 avgTps=23975 avgMGps=893.7 elapsed=6m29s276ms
Sep 11 05:20:05 nimbus-eth1-mainnet-long-benchmark[2233876]: INF 2026-09-11 05:20:05.722+00:00 Imported blocks                            blockNumber=2179073 slot=1 blocks=2179072 txs=9394529 mgas=349716 bps=5258 tps=39556 mgps=1166 avgBps=5575 avgTps=24037 avgMGps=894.8 elapsed=6m30s834ms
Sep 11 05:20:07 nimbus-eth1-mainnet-long-benchmark[2233876]: INF 2026-09-11 05:20:07.738+00:00 Imported blocks                            blockNumber=2187265 slot=1 blocks=2187264 txs=9470807 mgas=352444 bps=4063 tps=37836 mgps=1352 avgBps=5567 avgTps=24107 avgMGps=897.1 elapsed=6m32s850ms
Sep 11 05:20:09 nimbus-eth1-mainnet-long-benchmark[2233876]: INF 2026-09-11 05:20:09.258+00:00 Imported blocks                            blockNumber=2195457 slot=1 blocks=2195456 txs=9530574 mgas=354119 bps=5395 tps=39361 mgps=1103 avgBps=5567 avgTps=24166 avgMGps=897.9 elapsed=6m34s368ms
Sep 11 05:20:11 nimbus-eth1-mainnet-long-benchmark[2233876]: INF 2026-09-11 05:20:11.046+00:00 Imported blocks                            blockNumber=2203649 slot=1 blocks=2203648 txs=9595945 mgas=356734 bps=4576 tps=36520 mgps=1460 avgBps=5562 avgTps=24222 avgMGps=900.5 elapsed=6m36s158ms
Sep 11 05:20:12 nimbus-eth1-mainnet-long-benchmark[2233876]: INF 2026-09-11 05:20:12.630+00:00 Imported blocks                            blockNumber=2211841 slot=1 blocks=2211840 txs=9658309 mgas=358774 bps=5170 tps=39358 mgps=1287 avgBps=5560 avgTps=24282 avgMGps=902.0 elapsed=6m37s742ms
Sep 11 05:20:14 nimbus-eth1-mainnet-long-benchmark[2233876]: INF 2026-09-11 05:20:14.237+00:00 Imported blocks                            blockNumber=2220033 slot=1 blocks=2220032 txs=9719278 mgas=360756 bps=5100 tps=37960 mgps=1234 avgBps=5559 avgTps=24337 avgMGps=903.4 elapsed=6m39s349ms
Sep 11 05:20:16 nimbus-eth1-mainnet-long-benchmark[2233876]: INF 2026-09-11 05:20:16.185+00:00 Imported blocks                            blockNumber=2228225 slot=1 blocks=2228224 txs=9805132 mgas=363570 bps=4206 tps=44087 mgps=1445 avgBps=5552 avgTps=24433 avgMGps=906.0 elapsed=6m41s296ms
Sep 11 05:20:17 nimbus-eth1-mainnet-long-benchmark[2233876]: INF 2026-09-11 05:20:17.657+00:00 Imported blocks                            blockNumber=2236417 slot=1 blocks=2236416 txs=9861065 mgas=365383 bps=5552 tps=37908 mgps=1228 avgBps=5552 avgTps=24482 avgMGps=907.2 elapsed=6m42s771ms
Sep 11 05:20:19 nimbus-eth1-mainnet-long-benchmark[2233876]: INF 2026-09-11 05:20:19.129+00:00 Imported blocks                            blockNumber=2244609 slot=1 blocks=2244608 txs=9918653 mgas=367114 bps=5570 tps=39159 mgps=1176 avgBps=5552 avgTps=24536 avgMGps=908.2 elapsed=6m44s242ms
Sep 11 05:20:20 nimbus-eth1-mainnet-long-benchmark[2233876]: INF 2026-09-11 05:20:20.749+00:00 Imported blocks                            blockNumber=2252801 slot=1 blocks=2252800 txs=9981973 mgas=369135 bps=5055 tps=39077 mgps=1247 avgBps=5550 avgTps=24594 avgMGps=909.5 elapsed=6m45s862ms
Sep 11 05:20:22 nimbus-eth1-mainnet-long-benchmark[2233876]: INF 2026-09-11 05:20:22.541+00:00 Imported blocks                            blockNumber=2260993 slot=1 blocks=2260992 txs=10047156 mgas=371248 bps=4569 tps=36362 mgps=1178 avgBps=5546 avgTps=24646 avgMGps=910.7 elapsed=6m47s655ms
Sep 11 05:20:24 nimbus-eth1-mainnet-long-benchmark[2233876]: INF 2026-09-11 05:20:24.293+00:00 Imported blocks                            blockNumber=2269185 slot=1 blocks=2269184 txs=10121679 mgas=373603 bps=4678 tps=42557 mgps=1344 avgBps=5542 avgTps=24722 avgMGps=912.5 elapsed=6m49s406ms
Sep 11 05:20:26 nimbus-eth1-mainnet-long-benchmark[2233876]: INF 2026-09-11 05:20:26.161+00:00 Imported blocks                            blockNumber=2277377 slot=1 blocks=2277376 txs=10193851 mgas=376318 bps=4381 tps=38602 mgps=1452 avgBps=5537 avgTps=24785 avgMGps=915.0 elapsed=6m51s276ms
Sep 11 05:20:28 nimbus-eth1-mainnet-long-benchmark[2233876]: INF 2026-09-11 05:20:28.853+00:00 Imported blocks                            blockNumber=2285569 slot=1 blocks=2285568 txs=10244050 mgas=378024 bps=3046 tps=18670 mgps=634.5 avgBps=5521 avgTps=24746 avgMGps=913.2 elapsed=6m53s964ms
Sep 11 05:20:34 nimbus-eth1-mainnet-long-benchmark[2233876]: INF 2026-09-11 05:20:34.941+00:00 Imported blocks                            blockNumber=2293761 slot=1 blocks=2293760 txs=10305892 mgas=379825 bps=1345 tps=10155 mgps=295.8 avgBps=5460 avgTps=24534 avgMGps=904.2 elapsed=7m54ms311us
Sep 11 05:20:36 nimbus-eth1-mainnet-long-benchmark[2233876]: INF 2026-09-11 05:20:36.705+00:00 Imported blocks                            blockNumber=2301953 slot=1 blocks=2301952 txs=10374531 mgas=381860 bps=4646 tps=38930 mgps=1154 avgBps=5457 avgTps=24594 avgMGps=905.3 elapsed=7m1s817ms
Sep 11 05:20:52 nimbus-eth1-mainnet-long-benchmark[2233876]: INF 2026-09-11 05:20:52.425+00:00 Imported blocks                            blockNumber=2310145 slot=1 blocks=2310144 txs=10441483 mgas=384776 bps=521.0 tps=4258 mgps=185.5 avgBps=5279 avgTps=23864 avgMGps=879.4 elapsed=7m17s540ms
Sep 11 05:21:04 nimbus-eth1-mainnet-long-benchmark[2233876]: INF 2026-09-11 05:21:04.181+00:00 Imported blocks                            blockNumber=2318337 slot=1 blocks=2318336 txs=10489758 mgas=386690 bps=697.0 tps=4107 mgps=162.9 avgBps=5159 avgTps=23347 avgMGps=860.7 elapsed=7m29s293ms
Sep 11 05:21:27 nimbus-eth1-mainnet-long-benchmark[2233876]: INF 2026-09-11 05:21:27.692+00:00 Imported blocks                            blockNumber=2326529 slot=1 blocks=2326528 txs=10546726 mgas=389701 bps=348.4 tps=2422 mgps=128.0 avgBps=4920 avgTps=22306 avgMGps=824.2 elapsed=7m52s807ms
Sep 11 05:22:12 nimbus-eth1-mainnet-long-benchmark[2233876]: INF 2026-09-11 05:22:12.004+00:00 Imported blocks                            blockNumber=2334721 slot=1 blocks=2334720 txs=10606978 mgas=393234 bps=184.9 tps=1359 mgps=79.73 avgBps=4514 avgTps=20511 avgMGps=760.4 elapsed=8m37s118ms
Sep 11 05:22:33 nimbus-eth1-mainnet-long-benchmark[2233876]: INF 2026-09-11 05:22:33.039+00:00 Imported blocks                            blockNumber=2342913 slot=1 blocks=2342912 txs=10666220 mgas=396127 bps=389.4 tps=2816 mgps=137.5 avgBps=4353 avgTps=19819 avgMGps=736.1 elapsed=8m58s154ms
Sep 11 05:22:37 nimbus-eth1-mainnet-long-benchmark[2233876]: INF 2026-09-11 05:22:37.291+00:00 Imported blocks                            blockNumber=2351105 slot=1 blocks=2351104 txs=10722740 mgas=398564 bps=1926 tps=13292 mgps=573.2 avgBps=4334 avgTps=19768 avgMGps=734.8 elapsed=9m2s406ms
Sep 11 05:22:46 nimbus-eth1-mainnet-long-benchmark[2233876]: INF 2026-09-11 05:22:46.427+00:00 Imported blocks                            blockNumber=2359297 slot=1 blocks=2359296 txs=10776670 mgas=401104 bps=896.5 tps=5902 mgps=278.0 avgBps=4277 avgTps=19539 avgMGps=727.2 elapsed=9m11s543ms
Sep 11 05:23:24 nimbus-eth1-mainnet-long-benchmark[2233876]: INF 2026-09-11 05:23:24.394+00:00 Imported blocks                            blockNumber=2367489 slot=1 blocks=2367488 txs=10849156 mgas=406541 bps=215.8 tps=1909 mgps=143.2 avgBps=4016 avgTps=18403 avgMGps=689.6 elapsed=9m49s505ms
Sep 11 05:23:59 nimbus-eth1-mainnet-long-benchmark[2233876]: INF 2026-09-11 05:23:59.286+00:00 Imported blocks                            blockNumber=2375681 slot=1 blocks=2375680 txs=10913507 mgas=410497 bps=234.8 tps=1844 mgps=113.4 avgBps=3804 avgTps=17478 avgMGps=657.4 elapsed=10m24s396ms
Sep 11 05:24:25 nimbus-eth1-mainnet-long-benchmark[2233876]: INF 2026-09-11 05:24:25.317+00:00 Imported blocks                            blockNumber=2383873 slot=1 blocks=2383872 txs=10985657 mgas=414672 bps=314.7 tps=2771 mgps=160.4 avgBps=3665 avgTps=16889 avgMGps=637.5 elapsed=10m50s431ms
Sep 11 05:25:14 nimbus-eth1-mainnet-long-benchmark[2233876]: INF 2026-09-11 05:25:14.633+00:00 Imported blocks                            blockNumber=2392065 slot=1 blocks=2392064 txs=11037968 mgas=418259 bps=166.1 tps=1060 mgps=72.74 avgBps=3418 avgTps=15774 avgMGps=597.7 elapsed=11m39s745ms
Sep 11 05:27:02 nimbus-eth1-mainnet-long-benchmark[2233876]: INF 2026-09-11 05:27:02.747+00:00 Imported blocks                            blockNumber=2400257 slot=1 blocks=2400256 txs=11098723 mgas=421639 bps=75.77 tps=561.9 mgps=31.27 avgBps=2971 avgTps=13738 avgMGps=521.9 elapsed=13m27s860ms
Sep 11 05:28:31 nimbus-eth1-mainnet-long-benchmark[2233876]: INF 2026-09-11 05:28:31.474+00:00 Imported blocks                            blockNumber=2408449 slot=1 blocks=2408448 txs=11153117 mgas=425129 bps=92.33 tps=613.1 mgps=39.33 avgBps=2686 avgTps=12439 avgMGps=474.2 elapsed=14m56s584ms
Sep 11 05:29:24 nimbus-eth1-mainnet-long-benchmark[2233876]: INF 2026-09-11 05:29:24.577+00:00 Imported blocks                            blockNumber=2416641 slot=1 blocks=2416640 txs=11212866 mgas=428700 bps=154.3 tps=1125 mgps=67.25 avgBps=2544 avgTps=11806 avgMGps=451.4 elapsed=15m49s691ms
Sep 11 05:30:35 nimbus-eth1-mainnet-long-benchmark[2233876]: INF 2026-09-11 05:30:35.608+00:00 Imported blocks                            blockNumber=2424833 slot=1 blocks=2424832 txs=11265767 mgas=430841 bps=115.3 tps=744.8 mgps=30.13 avgBps=2375 avgTps=11037 avgMGps=422.1 elapsed=17m722ms370us
Sep 11 05:32:06 nimbus-eth1-mainnet-long-benchmark[2233876]: INF 2026-09-11 05:32:06.154+00:00 Imported blocks                            blockNumber=2433025 slot=1 blocks=2433024 txs=11307750 mgas=432905 bps=90.47 tps=463.7 mgps=22.80 avgBps=2189 avgTps=10175 avgMGps=389.6 elapsed=18m31s267ms
Sep 11 05:32:41 nimbus-eth1-mainnet-long-benchmark[2233876]: INF 2026-09-11 05:32:41.638+00:00 Imported blocks                            blockNumber=2441217 slot=1 blocks=2441216 txs=11360239 mgas=434846 bps=230.9 tps=1479 mgps=54.69 avgBps=2128 avgTps=9906 avgMGps=379.2 elapsed=19m6s751ms
Sep 11 05:32:57 nimbus-eth1-mainnet-long-benchmark[2233876]: INF 2026-09-11 05:32:57.593+00:00 Imported blocks                            blockNumber=2449409 slot=1 blocks=2449408 txs=11407271 mgas=436263 bps=513.4 tps=2947 mgps=88.80 avgBps=2106 avgTps=9810 avgMGps=375.2 elapsed=19m22s707ms
Sep 11 05:33:19 nimbus-eth1-mainnet-long-benchmark[2233876]: INF 2026-09-11 05:33:19.193+00:00 Imported blocks                            blockNumber=2457601 slot=1 blocks=2457600 txs=11457392 mgas=437680 bps=379.3 tps=2320 mgps=65.61 avgBps=2075 avgTps=9674 avgMGps=369.6 elapsed=19m44s304ms
Sep 11 05:33:37 nimbus-eth1-mainnet-long-benchmark[2233876]: INF 2026-09-11 05:33:37.121+00:00 Imported blocks                            blockNumber=2465793 slot=1 blocks=2465792 txs=11521389 mgas=439739 bps=456.8 tps=3568 mgps=114.8 avgBps=2051 avgTps=9583 avgMGps=365.8 elapsed=20m2s235ms
Sep 11 05:34:26 nimbus-eth1-mainnet-long-benchmark[2233876]: INF 2026-09-11 05:34:26.704+00:00 Imported blocks                            blockNumber=2473985 slot=1 blocks=2473984 txs=11574002 mgas=445154 bps=165.2 tps=1061 mgps=109.2 avgBps=1976 avgTps=9245 avgMGps=355.6 elapsed=20m51s818ms
Sep 11 05:34:30 nimbus-eth1-mainnet-long-benchmark[2233876]: INF 2026-09-11 05:34:30.000+00:00 Imported blocks                            blockNumber=2482177 slot=1 blocks=2482176 txs=11651646 mgas=447355 bps=2486 tps=23570 mgps=668.1 avgBps=1977 avgTps=9283 avgMGps=356.4 elapsed=20m55s112ms
Sep 11 05:34:31 nimbus-eth1-mainnet-long-benchmark[2233876]: INF 2026-09-11 05:34:31.508+00:00 Imported blocks                            blockNumber=2490369 slot=1 blocks=2490368 txs=11699590 mgas=448737 bps=5422 tps=31736 mgps=914.5 avgBps=1981 avgTps=9310 avgMGps=357.1 elapsed=20m56s623ms
Sep 11 05:34:33 nimbus-eth1-mainnet-long-benchmark[2233876]: INF 2026-09-11 05:34:33.128+00:00 Imported blocks                            blockNumber=2498561 slot=1 blocks=2498560 txs=11757700 mgas=450442 bps=5057 tps=35873 mgps=1052 avgBps=1985 avgTps=9344 avgMGps=358.0 elapsed=20m58s243ms
Sep 11 05:34:35 nimbus-eth1-mainnet-long-benchmark[2233876]: INF 2026-09-11 05:34:35.064+00:00 Imported blocks                            blockNumber=2506753 slot=1 blocks=2506752 txs=11825797 mgas=452734 bps=4237 tps=35223 mgps=1185 avgBps=1989 avgTps=9384 avgMGps=359.3 elapsed=21m176ms484us
Sep 11 05:34:36 nimbus-eth1-mainnet-long-benchmark[2233876]: INF 2026-09-11 05:34:36.820+00:00 Imported blocks                            blockNumber=2514945 slot=1 blocks=2514944 txs=11885089 mgas=454533 bps=4669 tps=33795 mgps=1025 avgBps=1992 avgTps=9418 avgMGps=360.2 elapsed=21m1s930ms
Sep 11 05:34:38 nimbus-eth1-mainnet-long-benchmark[2233876]: INF 2026-09-11 05:34:38.560+00:00 Imported blocks                            blockNumber=2523137 slot=1 blocks=2523136 txs=11944882 mgas=456318 bps=4698 tps=34296 mgps=1023 avgBps=1996 avgTps=9452 avgMGps=361.1 elapsed=21m3s674ms
Sep 11 05:34:40 nimbus-eth1-mainnet-long-benchmark[2233876]: INF 2026-09-11 05:34:40.276+00:00 Imported blocks                            blockNumber=2531329 slot=1 blocks=2531328 txs=12002575 mgas=457974 bps=4770 tps=33596 mgps=964.6 avgBps=2000 avgTps=9485 avgMGps=361.9 elapsed=21m5s391ms
Sep 11 05:34:41 nimbus-eth1-mainnet-long-benchmark[2233876]: INF 2026-09-11 05:34:41.832+00:00 Imported blocks                            blockNumber=2539521 slot=1 blocks=2539520 txs=12058269 mgas=459602 bps=5267 tps=35808 mgps=1046 avgBps=2004 avgTps=9517 avgMGps=362.8 elapsed=21m6s946ms
Sep 11 05:34:43 nimbus-eth1-mainnet-long-benchmark[2233876]: INF 2026-09-11 05:34:43.620+00:00 Imported blocks                            blockNumber=2547713 slot=1 blocks=2547712 txs=12121506 mgas=461509 bps=4586 tps=35406 mgps=1067 avgBps=2008 avgTps=9554 avgMGps=363.8 elapsed=21m8s732ms
Sep 11 05:34:45 nimbus-eth1-mainnet-long-benchmark[2233876]: INF 2026-09-11 05:34:45.360+00:00 Imported blocks                            blockNumber=2555905 slot=1 blocks=2555904 txs=12182901 mgas=463232 bps=4702 tps=35245 mgps=989.3 avgBps=2011 avgTps=9589 avgMGps=364.6 elapsed=21m10s474ms
Sep 11 05:34:47 nimbus-eth1-mainnet-long-benchmark[2233876]: INF 2026-09-11 05:34:47.164+00:00 Imported blocks                            blockNumber=2564097 slot=1 blocks=2564096 txs=12240204 mgas=464808 bps=4545 tps=31794 mgps=874.5 avgBps=2015 avgTps=9620 avgMGps=365.3 elapsed=21m12s277ms
Sep 11 05:34:48 nimbus-eth1-mainnet-long-benchmark[2233876]: INF 2026-09-11 05:34:48.516+00:00 Imported blocks                            blockNumber=2572289 slot=1 blocks=2572288 txs=12285103 mgas=466051 bps=6059 tps=33211 mgps=919.6 avgBps=2019 avgTps=9645 avgMGps=365.9 elapsed=21m13s629ms
Sep 11 05:34:49 nimbus-eth1-mainnet-long-benchmark[2233876]: INF 2026-09-11 05:34:49.980+00:00 Imported blocks                            blockNumber=2580481 slot=1 blocks=2580480 txs=12335840 mgas=467433 bps=5590 tps=34623 mgps=942.9 avgBps=2023 avgTps=9674 avgMGps=366.6 elapsed=21m15s94ms
Sep 11 05:34:51 nimbus-eth1-mainnet-long-benchmark[2233876]: INF 2026-09-11 05:34:51.572+00:00 Imported blocks                            blockNumber=2588673 slot=1 blocks=2588672 txs=12389837 mgas=468957 bps=5152 tps=33961 mgps=958.5 avgBps=2027 avgTps=9704 avgMGps=367.3 elapsed=21m16s684ms
Sep 11 05:34:53 nimbus-eth1-mainnet-long-benchmark[2233876]: INF 2026-09-11 05:34:53.428+00:00 Imported blocks                            blockNumber=2596865 slot=1 blocks=2596864 txs=12446592 mgas=470825 bps=4411 tps=30564 mgps=1006 avgBps=2031 avgTps=9734 avgMGps=368.3 elapsed=21m18s541ms
Sep 11 05:34:55 nimbus-eth1-mainnet-long-benchmark[2233876]: INF 2026-09-11 05:34:55.107+00:00 Imported blocks                            blockNumber=2605057 slot=1 blocks=2605056 txs=12501171 mgas=472679 bps=4874 tps=32476 mgps=1102 avgBps=2034 avgTps=9764 avgMGps=369.2 elapsed=21m20s221ms
Sep 11 05:34:56 nimbus-eth1-mainnet-long-benchmark[2233876]: INF 2026-09-11 05:34:56.779+00:00 Imported blocks                            blockNumber=2613249 slot=1 blocks=2613248 txs=12559108 mgas=474428 bps=4897 tps=34637 mgps=1045 avgBps=2038 avgTps=9797 avgMGps=370.1 elapsed=21m21s894ms
Sep 11 05:34:58 nimbus-eth1-mainnet-long-benchmark[2233876]: INF 2026-09-11 05:34:58.435+00:00 Imported blocks                            blockNumber=2621441 slot=1 blocks=2621440 txs=12613938 mgas=476083 bps=4947 tps=33112 mgps=999.3 avgBps=2042 avgTps=9827 avgMGps=370.9 elapsed=21m23s550ms
Sep 11 05:35:00 nimbus-eth1-mainnet-long-benchmark[2233876]: INF 2026-09-11 05:35:00.171+00:00 Imported blocks                            blockNumber=2629633 slot=1 blocks=2629632 txs=12673625 mgas=478015 bps=4717 tps=34373 mgps=1113 avgBps=2045 avgTps=9860 avgMGps=371.9 elapsed=21m25s286ms
Sep 11 05:35:01 nimbus-eth1-mainnet-long-benchmark[2233876]: INF 2026-09-11 05:35:01.871+00:00 Imported blocks                            blockNumber=2637825 slot=1 blocks=2637824 txs=12731723 mgas=479847 bps=4820 tps=34187 mgps=1077 avgBps=2049 avgTps=9892 avgMGps=372.8 elapsed=21m26s986ms
Sep 11 05:35:03 nimbus-eth1-mainnet-long-benchmark[2233876]: INF 2026-09-11 05:35:03.535+00:00 Imported blocks                            blockNumber=2646017 slot=1 blocks=2646016 txs=12789300 mgas=481580 bps=4920 tps=34586 mgps=1040 avgBps=2053 avgTps=9924 avgMGps=373.7 elapsed=21m28s650ms
Sep 11 05:35:05 nimbus-eth1-mainnet-long-benchmark[2233876]: INF 2026-09-11 05:35:05.067+00:00 Imported blocks                            blockNumber=2654209 slot=1 blocks=2654208 txs=12845817 mgas=483271 bps=5352 tps=36926 mgps=1105 avgBps=2057 avgTps=9956 avgMGps=374.6 elapsed=21m30s181ms
Sep 11 05:35:06 nimbus-eth1-mainnet-long-benchmark[2233876]: INF 2026-09-11 05:35:06.907+00:00 Imported blocks                            blockNumber=2662401 slot=1 blocks=2662400 txs=12900725 mgas=484852 bps=4447 tps=29808 mgps=858.1 avgBps=2060 avgTps=9984 avgMGps=375.3 elapsed=21m32s23ms
Sep 11 05:35:08 nimbus-eth1-mainnet-long-benchmark[2233876]: INF 2026-09-11 05:35:08.479+00:00 Imported blocks                            blockNumber=2670593 slot=1 blocks=2670592 txs=12957314 mgas=486633 bps=5220 tps=36063 mgps=1135 avgBps=2064 avgTps=10016 avgMGps=376.2 elapsed=21m33s592ms
Sep 11 05:35:22 nimbus-eth1-mainnet-long-benchmark[2233876]: INF 2026-09-11 05:35:22.459+00:00 Imported blocks                            blockNumber=2678785 slot=1 blocks=2678784 txs=13042809 mgas=489231 bps=586.0 tps=6115 mgps=185.9 avgBps=2048 avgTps=9974 avgMGps=374.2 elapsed=21m47s572ms
Sep 11 05:36:33 nimbus-eth1-mainnet-long-benchmark[2233876]: INF 2026-09-11 05:36:33.330+00:00 Imported blocks                            blockNumber=2686977 slot=1 blocks=2686976 txs=13102505 mgas=493206 bps=115.6 tps=842.3 mgps=56.09 avgBps=1949 avgTps=9505 avgMGps=357.8 elapsed=22m58s441ms
Sep 11 05:37:16 nimbus-eth1-mainnet-long-benchmark[2233876]: INF 2026-09-11 05:37:16.009+00:00 Imported blocks                            blockNumber=2695169 slot=1 blocks=2695168 txs=13174967 mgas=497320 bps=191.9 tps=1697 mgps=96.38 avgBps=1896 avgTps=9270 avgMGps=349.9 elapsed=23m41s122ms
Sep 11 05:38:21 nimbus-eth1-mainnet-long-benchmark[2233876]: INF 2026-09-11 05:38:21.784+00:00 Imported blocks                            blockNumber=2703361 slot=1 blocks=2703360 txs=13230693 mgas=502063 bps=124.5 tps=847.2 mgps=72.12 avgBps=1818 avgTps=8898 avgMGps=337.7 elapsed=24m46s896ms
Sep 11 05:39:48 nimbus-eth1-mainnet-long-benchmark[2233876]: INF 2026-09-11 05:39:48.983+00:00 Imported blocks                            blockNumber=2711553 slot=1 blocks=2711552 txs=13295947 mgas=508411 bps=93.94 tps=748.3 mgps=72.80 avgBps=1722 avgTps=8446 avgMGps=323.0 elapsed=26m14s99ms
Sep 11 05:40:39 nimbus-eth1-mainnet-long-benchmark[2233876]: INF 2026-09-11 05:40:39.690+00:00 Imported blocks                            blockNumber=2719745 slot=1 blocks=2719744 txs=13360374 mgas=513611 bps=161.6 tps=1270 mgps=102.5 avgBps=1673 avgTps=8222 avgMGps=316.1 elapsed=27m4s802ms
Sep 11 05:40:41 nimbus-eth1-mainnet-long-benchmark[2233876]: INF 2026-09-11 05:40:41.850+00:00 Imported blocks                            blockNumber=2727937 slot=1 blocks=2727936 txs=13411218 mgas=515296 bps=3797 tps=23567 mgps=780.9 avgBps=1676 avgTps=8243 avgMGps=316.7 elapsed=27m6s960ms
Sep 11 05:40:43 nimbus-eth1-mainnet-long-benchmark[2233876]: INF 2026-09-11 05:40:43.402+00:00 Imported blocks                            blockNumber=2736129 slot=1 blocks=2736128 txs=13465915 mgas=516948 bps=5270 tps=35193 mgps=1063 avgBps=1680 avgTps=8268 avgMGps=317.4 elapsed=27m8s514ms
Sep 11 05:40:44 nimbus-eth1-mainnet-long-benchmark[2233876]: INF 2026-09-11 05:40:44.886+00:00 Imported blocks                            blockNumber=2744321 slot=1 blocks=2744320 txs=13518966 mgas=518696 bps=5521 tps=35756 mgps=1178 avgBps=1683 avgTps=8293 avgMGps=318.2 elapsed=27m9s998ms
Sep 11 05:40:46 nimbus-eth1-mainnet-long-benchmark[2233876]: INF 2026-09-11 05:40:46.534+00:00 Imported blocks                            blockNumber=2752513 slot=1 blocks=2752512 txs=13574305 mgas=520675 bps=4970 tps=33573 mgps=1200 avgBps=1686 avgTps=8319 avgMGps=319.1 elapsed=27m11s646ms
Sep 11 05:40:48 nimbus-eth1-mainnet-long-benchmark[2233876]: INF 2026-09-11 05:40:48.254+00:00 Imported blocks                            blockNumber=2760705 slot=1 blocks=2760704 txs=13639152 mgas=522739 bps=4766 tps=37732 mgps=1200 avgBps=1690 avgTps=8350 avgMGps=320.0 elapsed=27m13s365ms
Sep 11 05:40:49 nimbus-eth1-mainnet-long-benchmark[2233876]: INF 2026-09-11 05:40:49.926+00:00 Imported blocks                            blockNumber=2768897 slot=1 blocks=2768896 txs=13694429 mgas=524543 bps=4896 tps=33040 mgps=1078 avgBps=1693 avgTps=8375 avgMGps=320.8 elapsed=27m15s38ms
Sep 11 05:40:51 nimbus-eth1-mainnet-long-benchmark[2233876]: INF 2026-09-11 05:40:51.546+00:00 Imported blocks                            blockNumber=2777089 slot=1 blocks=2777088 txs=13750452 mgas=526320 bps=5054 tps=34569 mgps=1096 avgBps=1696 avgTps=8401 avgMGps=321.6 elapsed=27m16s658ms
Sep 11 05:40:53 nimbus-eth1-mainnet-long-benchmark[2233876]: INF 2026-09-11 05:40:53.166+00:00 Imported blocks                            blockNumber=2785281 slot=1 blocks=2785280 txs=13803443 mgas=528046 bps=5058 tps=32720 mgps=1065 avgBps=1700 avgTps=8425 avgMGps=322.3 elapsed=27m18s278ms
Sep 11 05:40:54 nimbus-eth1-mainnet-long-benchmark[2233876]: INF 2026-09-11 05:40:54.698+00:00 Imported blocks                            blockNumber=2793473 slot=1 blocks=2793472 txs=13856067 mgas=530259 bps=5348 tps=34355 mgps=1444 avgBps=1703 avgTps=8449 avgMGps=323.4 elapsed=27m19s809ms
Sep 11 05:40:56 nimbus-eth1-mainnet-long-benchmark[2233876]: INF 2026-09-11 05:40:56.426+00:00 Imported blocks                            blockNumber=2801665 slot=1 blocks=2801664 txs=13911305 mgas=532070 bps=4739 tps=31954 mgps=1047 avgBps=1706 avgTps=8474 avgMGps=324.1 elapsed=27m21s538ms
Sep 11 05:40:58 nimbus-eth1-mainnet-long-benchmark[2233876]: INF 2026-09-11 05:40:58.370+00:00 Imported blocks                            blockNumber=2809857 slot=1 blocks=2809856 txs=13975285 mgas=534426 bps=4212 tps=32900 mgps=1211 avgBps=1709 avgTps=8503 avgMGps=325.2 elapsed=27m23s483ms
Sep 11 05:41:00 nimbus-eth1-mainnet-long-benchmark[2233876]: INF 2026-09-11 05:41:00.338+00:00 Imported blocks                            blockNumber=2818049 slot=1 blocks=2818048 txs=14041028 mgas=536875 bps=4165 tps=33428 mgps=1245 avgBps=1712 avgTps=8533 avgMGps=326.3 elapsed=27m25s449ms
Sep 11 05:41:01 nimbus-eth1-mainnet-long-benchmark[2233876]: INF 2026-09-11 05:41:01.934+00:00 Imported blocks                            blockNumber=2826241 slot=1 blocks=2826240 txs=14095999 mgas=538756 bps=5136 tps=34468 mgps=1179 avgBps=1715 avgTps=8558 avgMGps=327.1 elapsed=27m27s44ms
Sep 11 05:41:03 nimbus-eth1-mainnet-long-benchmark[2233876]: INF 2026-09-11 05:41:03.598+00:00 Imported blocks                            blockNumber=2834433 slot=1 blocks=2834432 txs=14145661 mgas=540710 bps=4923 tps=29846 mgps=1174 avgBps=1719 avgTps=8579 avgMGps=328.0 elapsed=27m28s708ms
Sep 11 05:41:05 nimbus-eth1-mainnet-long-benchmark[2233876]: INF 2026-09-11 05:41:05.246+00:00 Imported blocks                            blockNumber=2842625 slot=1 blocks=2842624 txs=14204053 mgas=542748 bps=4969 tps=35424 mgps=1236 avgBps=1722 avgTps=8606 avgMGps=328.9 elapsed=27m30s356ms
Sep 11 05:41:07 nimbus-eth1-mainnet-long-benchmark[2233876]: INF 2026-09-11 05:41:07.030+00:00 Imported blocks                            blockNumber=2850817 slot=1 blocks=2850816 txs=14268238 mgas=544974 bps=4589 tps=35961 mgps=1247 avgBps=1725 avgTps=8636 avgMGps=329.9 elapsed=27m32s141ms
Sep 11 05:41:09 nimbus-eth1-mainnet-long-benchmark[2233876]: INF 2026-09-11 05:41:09.074+00:00 Imported blocks                            blockNumber=2859009 slot=1 blocks=2859008 txs=14344728 mgas=547460 bps=4010 tps=37443 mgps=1217 avgBps=1728 avgTps=8671 avgMGps=331.0 elapsed=27m34s184ms
Sep 11 05:41:10 nimbus-eth1-mainnet-long-benchmark[2233876]: INF 2026-09-11 05:41:10.661+00:00 Imported blocks                            blockNumber=2867201 slot=1 blocks=2867200 txs=14400411 mgas=549221 bps=5147 tps=34986 mgps=1106 avgBps=1731 avgTps=8697 avgMGps=331.7 elapsed=27m35s776ms
Sep 11 05:41:12 nimbus-eth1-mainnet-long-benchmark[2233876]: INF 2026-09-11 05:41:12.029+00:00 Imported blocks                            blockNumber=2875393 slot=1 blocks=2875392 txs=14451086 mgas=550674 bps=5996 tps=37095 mgps=1063 avgBps=1735 avgTps=8720 avgMGps=332.3 elapsed=27m37s142ms
Sep 11 05:41:13 nimbus-eth1-mainnet-long-benchmark[2233876]: INF 2026-09-11 05:41:13.509+00:00 Imported blocks                            blockNumber=2883585 slot=1 blocks=2883584 txs=14501243 mgas=552196 bps=5530 tps=33863 mgps=1027 avgBps=1738 avgTps=8742 avgMGps=332.9 elapsed=27m38s623ms
Sep 11 05:41:15 nimbus-eth1-mainnet-long-benchmark[2233876]: INF 2026-09-11 05:41:15.069+00:00 Imported blocks                            blockNumber=2891777 slot=1 blocks=2891776 txs=14559468 mgas=554056 bps=5249 tps=37308 mgps=1191 avgBps=1741 avgTps=8769 avgMGps=333.7 elapsed=27m40s184ms
Sep 11 05:41:16 nimbus-eth1-mainnet-long-benchmark[2233876]: INF 2026-09-11 05:41:16.801+00:00 Imported blocks                            blockNumber=2899969 slot=1 blocks=2899968 txs=14619612 mgas=556140 bps=4732 tps=34742 mgps=1203 avgBps=1744 avgTps=8796 avgMGps=334.6 elapsed=27m41s915ms
Sep 11 05:41:18 nimbus-eth1-mainnet-long-benchmark[2233876]: INF 2026-09-11 05:41:18.429+00:00 Imported blocks                            blockNumber=2908161 slot=1 blocks=2908160 txs=14680600 mgas=558227 bps=5033 tps=37477 mgps=1282 avgBps=1748 avgTps=8824 avgMGps=335.6 elapsed=27m43s542ms
Sep 11 05:41:19 nimbus-eth1-mainnet-long-benchmark[2233876]: INF 2026-09-11 05:41:19.917+00:00 Imported blocks                            blockNumber=2916353 slot=1 blocks=2916352 txs=14734902 mgas=559941 bps=5501 tps=36470 mgps=1151 avgBps=1751 avgTps=8849 avgMGps=336.3 elapsed=27m45s31ms
Sep 11 05:41:21 nimbus-eth1-mainnet-long-benchmark[2233876]: INF 2026-09-11 05:41:21.413+00:00 Imported blocks                            blockNumber=2924545 slot=1 blocks=2924544 txs=14785597 mgas=561526 bps=5478 tps=33902 mgps=1059 avgBps=1754 avgTps=8872 avgMGps=336.9 elapsed=27m46s526ms
Sep 11 05:41:23 nimbus-eth1-mainnet-long-benchmark[2233876]: INF 2026-09-11 05:41:23.385+00:00 Imported blocks                            blockNumber=2932737 slot=1 blocks=2932736 txs=14848623 mgas=563831 bps=4158 tps=31997 mgps=1170 avgBps=1757 avgTps=8899 avgMGps=337.9 elapsed=27m48s496ms
Sep 11 05:41:25 nimbus-eth1-mainnet-long-benchmark[2233876]: INF 2026-09-11 05:41:25.197+00:00 Imported blocks                            blockNumber=2940929 slot=1 blocks=2940928 txs=14916103 mgas=566036 bps=4517 tps=37208 mgps=1215 avgBps=1760 avgTps=8930 avgMGps=338.9 elapsed=27m50s310ms
Sep 11 05:41:26 nimbus-eth1-mainnet-long-benchmark[2233876]: INF 2026-09-11 05:41:26.897+00:00 Imported blocks                            blockNumber=2949121 slot=1 blocks=2949120 txs=14977936 mgas=568008 bps=4813 tps=36329 mgps=1158 avgBps=1763 avgTps=8958 avgMGps=339.7 elapsed=27m52s12ms
Sep 11 05:41:28 nimbus-eth1-mainnet-long-benchmark[2233876]: INF 2026-09-11 05:41:28.569+00:00 Imported blocks                            blockNumber=2957313 slot=1 blocks=2957312 txs=15036441 mgas=569938 bps=4901 tps=35004 mgps=1154 avgBps=1766 avgTps=8984 avgMGps=340.5 elapsed=27m53s683ms
Sep 11 05:41:30 nimbus-eth1-mainnet-long-benchmark[2233876]: INF 2026-09-11 05:41:30.301+00:00 Imported blocks                            blockNumber=2965505 slot=1 blocks=2965504 txs=15096140 mgas=571876 bps=4737 tps=34523 mgps=1120 avgBps=1770 avgTps=9010 avgMGps=341.3 elapsed=27m55s412ms
Sep 11 05:41:32 nimbus-eth1-mainnet-long-benchmark[2233876]: INF 2026-09-11 05:41:32.089+00:00 Imported blocks                            blockNumber=2973697 slot=1 blocks=2973696 txs=15159231 mgas=574120 bps=4576 tps=35248 mgps=1253 avgBps=1773 avgTps=9038 avgMGps=342.3 elapsed=27m57s202ms
Sep 11 05:41:33 nimbus-eth1-mainnet-long-benchmark[2233876]: INF 2026-09-11 05:41:33.805+00:00 Imported blocks                            blockNumber=2981889 slot=1 blocks=2981888 txs=15224105 mgas=576257 bps=4771 tps=37787 mgps=1244 avgBps=1776 avgTps=9067 avgMGps=343.2 elapsed=27m58s919ms
Sep 11 05:41:35 nimbus-eth1-mainnet-long-benchmark[2233876]: INF 2026-09-11 05:41:35.597+00:00 Imported blocks                            blockNumber=2990081 slot=1 blocks=2990080 txs=15294843 mgas=578655 bps=4573 tps=39493 mgps=1338 avgBps=1779 avgTps=9100 avgMGps=344.3 elapsed=28m710ms482us
Sep 11 05:41:37 nimbus-eth1-mainnet-long-benchmark[2233876]: INF 2026-09-11 05:41:37.217+00:00 Imported blocks                            blockNumber=2998273 slot=1 blocks=2998272 txs=15353746 mgas=580508 bps=5059 tps=36381 mgps=1145 avgBps=1782 avgTps=9126 avgMGps=345.1 elapsed=28m2s329ms
Sep 11 05:41:38 nimbus-eth1-mainnet-long-benchmark[2233876]: INF 2026-09-11 05:41:38.793+00:00 Imported blocks                            blockNumber=3006465 slot=1 blocks=3006464 txs=15408119 mgas=582275 bps=5195 tps=34486 mgps=1120 avgBps=1785 avgTps=9150 avgMGps=345.8 elapsed=28m3s906ms
Sep 11 05:41:40 nimbus-eth1-mainnet-long-benchmark[2233876]: INF 2026-09-11 05:41:40.569+00:00 Imported blocks                            blockNumber=3014657 slot=1 blocks=3014656 txs=15473146 mgas=584569 bps=4612 tps=36615 mgps=1291 avgBps=1788 avgTps=9179 avgMGps=346.8 elapsed=28m5s682ms
Sep 11 05:41:42 nimbus-eth1-mainnet-long-benchmark[2233876]: INF 2026-09-11 05:41:42.301+00:00 Imported blocks                            blockNumber=3022849 slot=1 blocks=3022848 txs=15534068 mgas=586597 bps=4733 tps=35204 mgps=1171 avgBps=1791 avgTps=9205 avgMGps=347.6 elapsed=28m7s412ms
Sep 11 05:41:44 nimbus-eth1-mainnet-long-benchmark[2233876]: INF 2026-09-11 05:41:44.101+00:00 Imported blocks                            blockNumber=3031041 slot=1 blocks=3031040 txs=15592616 mgas=588557 bps=4550 tps=32522 mgps=1089 avgBps=1794 avgTps=9230 avgMGps=348.4 elapsed=28m9s212ms
Sep 11 05:41:45 nimbus-eth1-mainnet-long-benchmark[2233876]: INF 2026-09-11 05:41:45.857+00:00 Imported blocks                            blockNumber=3039233 slot=1 blocks=3039232 txs=15653931 mgas=590563 bps=4664 tps=34912 mgps=1141 avgBps=1797 avgTps=9257 avgMGps=349.2 elapsed=28m10s969ms
Sep 11 05:41:47 nimbus-eth1-mainnet-long-benchmark[2233876]: INF 2026-09-11 05:41:47.649+00:00 Imported blocks                            blockNumber=3047425 slot=1 blocks=3047424 txs=15716022 mgas=592712 bps=4569 tps=34633 mgps=1199 avgBps=1800 avgTps=9284 avgMGps=350.1 elapsed=28m12s761ms
Sep 11 05:41:49 nimbus-eth1-mainnet-long-benchmark[2233876]: INF 2026-09-11 05:41:49.585+00:00 Imported blocks                            blockNumber=3055617 slot=1 blocks=3055616 txs=15783949 mgas=595165 bps=4227 tps=35051 mgps=1265 avgBps=1803 avgTps=9313 avgMGps=351.2 elapsed=28m14s699ms
Sep 11 05:41:51 nimbus-eth1-mainnet-long-benchmark[2233876]: INF 2026-09-11 05:41:51.489+00:00 Imported blocks                            blockNumber=3063809 slot=1 blocks=3063808 txs=15845967 mgas=597457 bps=4306 tps=32599 mgps=1204 avgBps=1805 avgTps=9339 avgMGps=352.1 elapsed=28m16s602ms
Sep 11 05:41:53 nimbus-eth1-mainnet-long-benchmark[2233876]: INF 2026-09-11 05:41:53.353+00:00 Imported blocks                            blockNumber=3072001 slot=1 blocks=3072000 txs=15909253 mgas=599641 bps=4399 tps=33984 mgps=1172 avgBps=1808 avgTps=9366 avgMGps=353.0 elapsed=28m18s464ms
Sep 11 05:41:55 nimbus-eth1-mainnet-long-benchmark[2233876]: INF 2026-09-11 05:41:55.193+00:00 Imported blocks                            blockNumber=3080193 slot=1 blocks=3080192 txs=15974922 mgas=601859 bps=4444 tps=35628 mgps=1203 avgBps=1811 avgTps=9395 avgMGps=354.0 elapsed=28m20s307ms
Sep 11 05:41:56 nimbus-eth1-mainnet-long-benchmark[2233876]: INF 2026-09-11 05:41:56.881+00:00 Imported blocks                            blockNumber=3088385 slot=1 blocks=3088384 txs=16029796 mgas=603705 bps=4857 tps=32537 mgps=1094 avgBps=1814 avgTps=9418 avgMGps=354.7 elapsed=28m21s994ms
Sep 11 05:41:58 nimbus-eth1-mainnet-long-benchmark[2233876]: INF 2026-09-11 05:41:58.693+00:00 Imported blocks                            blockNumber=3096577 slot=1 blocks=3096576 txs=16093107 mgas=605803 bps=4524 tps=34970 mgps=1158 avgBps=1817 avgTps=9445 avgMGps=355.6 elapsed=28m23s804ms
Sep 11 05:42:00 nimbus-eth1-mainnet-long-benchmark[2233876]: INF 2026-09-11 05:42:00.433+00:00 Imported blocks                            blockNumber=3104769 slot=1 blocks=3104768 txs=16152869 mgas=607928 bps=4708 tps=34350 mgps=1221 avgBps=1820 avgTps=9470 avgMGps=356.4 elapsed=28m25s544ms
Sep 11 05:42:02 nimbus-eth1-mainnet-long-benchmark[2233876]: INF 2026-09-11 05:42:02.289+00:00 Imported blocks                            blockNumber=3112961 slot=1 blocks=3112960 txs=16211766 mgas=610106 bps=4411 tps=31718 mgps=1173 avgBps=1823 avgTps=9494 avgMGps=357.3 elapsed=28m27s401ms
Sep 11 05:42:04 nimbus-eth1-mainnet-long-benchmark[2233876]: INF 2026-09-11 05:42:04.029+00:00 Imported blocks                            blockNumber=3121153 slot=1 blocks=3121152 txs=16270234 mgas=612081 bps=4703 tps=33570 mgps=1133 avgBps=1826 avgTps=9519 avgMGps=358.1 elapsed=28m29s142ms
Sep 11 05:42:05 nimbus-eth1-mainnet-long-benchmark[2233876]: INF 2026-09-11 05:42:05.817+00:00 Imported blocks                            blockNumber=3129345 slot=1 blocks=3129344 txs=16333790 mgas=614147 bps=4583 tps=35556 mgps=1155 avgBps=1829 avgTps=9546 avgMGps=359.0 elapsed=28m30s930ms
Sep 11 05:42:07 nimbus-eth1-mainnet-long-benchmark[2233876]: INF 2026-09-11 05:42:07.653+00:00 Imported blocks                            blockNumber=3137537 slot=1 blocks=3137536 txs=16397918 mgas=616368 bps=4457 tps=34894 mgps=1208 avgBps=1831 avgTps=9573 avgMGps=359.9 elapsed=28m32s767ms
Sep 11 05:42:09 nimbus-eth1-mainnet-long-benchmark[2233876]: INF 2026-09-11 05:42:09.733+00:00 Imported blocks                            blockNumber=3145729 slot=1 blocks=3145728 txs=16468380 mgas=619034 bps=3941 tps=33904 mgps=1282 avgBps=1834 avgTps=9603 avgMGps=361.0 elapsed=28m34s846ms
Sep 11 05:42:11 nimbus-eth1-mainnet-long-benchmark[2233876]: INF 2026-09-11 05:42:11.701+00:00 Imported blocks                            blockNumber=3153921 slot=1 blocks=3153920 txs=16533186 mgas=621370 bps=4165 tps=32954 mgps=1188 avgBps=1837 avgTps=9630 avgMGps=361.9 elapsed=28m36s812ms
Sep 11 05:42:13 nimbus-eth1-mainnet-long-benchmark[2233876]: INF 2026-09-11 05:42:13.920+00:00 Imported blocks                            blockNumber=3162113 slot=1 blocks=3162112 txs=16603260 mgas=624101 bps=3685 tps=31525 mgps=1228 avgBps=1839 avgTps=9658 avgMGps=363.1 elapsed=28m39s35ms
Sep 11 05:42:15 nimbus-eth1-mainnet-long-benchmark[2233876]: INF 2026-09-11 05:42:15.748+00:00 Imported blocks                            blockNumber=3170305 slot=1 blocks=3170304 txs=16663680 mgas=626280 bps=4482 tps=33063 mgps=1192 avgBps=1842 avgTps=9683 avgMGps=363.9 elapsed=28m40s862ms
Sep 11 05:42:17 nimbus-eth1-mainnet-long-benchmark[2233876]: INF 2026-09-11 05:42:17.940+00:00 Imported blocks                            blockNumber=3178497 slot=1 blocks=3178496 txs=16736932 mgas=629390 bps=3738 tps=33425 mgps=1419 avgBps=1844 avgTps=9713 avgMGps=365.3 elapsed=28m43s54ms
Sep 11 05:42:20 nimbus-eth1-mainnet-long-benchmark[2233876]: INF 2026-09-11 05:42:20.104+00:00 Imported blocks                            blockNumber=3186689 slot=1 blocks=3186688 txs=16816013 mgas=632366 bps=3788 tps=36567 mgps=1376 avgBps=1847 avgTps=9747 avgMGps=366.5 elapsed=28m45s217ms
Sep 11 05:42:22 nimbus-eth1-mainnet-long-benchmark[2233876]: INF 2026-09-11 05:42:22.196+00:00 Imported blocks                            blockNumber=3194881 slot=1 blocks=3194880 txs=16887087 mgas=635171 bps=3914 tps=33962 mgps=1340 avgBps=1849 avgTps=9776 avgMGps=367.7 elapsed=28m47s309ms
Sep 11 05:42:24 nimbus-eth1-mainnet-long-benchmark[2233876]: INF 2026-09-11 05:42:24.092+00:00 Imported blocks                            blockNumber=3203073 slot=1 blocks=3203072 txs=16952065 mgas=637522 bps=4320 tps=34267 mgps=1240 avgBps=1852 avgTps=9803 avgMGps=368.7 elapsed=28m49s205ms
Sep 11 05:42:26 nimbus-eth1-mainnet-long-benchmark[2233876]: INF 2026-09-11 05:42:26.020+00:00 Imported blocks                            blockNumber=3211265 slot=1 blocks=3211264 txs=17020621 mgas=639987 bps=4247 tps=35549 mgps=1278 avgBps=1855 avgTps=9832 avgMGps=369.7 elapsed=28m51s134ms
Sep 11 05:42:27 nimbus-eth1-mainnet-long-benchmark[2233876]: INF 2026-09-11 05:42:27.908+00:00 Imported blocks                            blockNumber=3219457 slot=1 blocks=3219456 txs=17087466 mgas=642273 bps=4344 tps=35446 mgps=1212 avgBps=1857 avgTps=9859 avgMGps=370.6 elapsed=28m53s20ms
Sep 11 05:42:30 nimbus-eth1-mainnet-long-benchmark[2233876]: INF 2026-09-11 05:42:30.012+00:00 Imported blocks                            blockNumber=3227649 slot=1 blocks=3227648 txs=17163229 mgas=645386 bps=3886 tps=35946 mgps=1477 avgBps=1860 avgTps=9891 avgMGps=372.0 elapsed=28m55s127ms
Sep 11 05:42:32 nimbus-eth1-mainnet-long-benchmark[2233876]: INF 2026-09-11 05:42:32.212+00:00 Imported blocks                            blockNumber=3235841 slot=1 blocks=3235840 txs=17232917 mgas=648371 bps=3729 tps=31727 mgps=1358 avgBps=1862 avgTps=9919 avgMGps=373.2 elapsed=28m57s324ms
Sep 11 05:42:34 nimbus-eth1-mainnet-long-benchmark[2233876]: INF 2026-09-11 05:42:34.088+00:00 Imported blocks                            blockNumber=3244033 slot=1 blocks=3244032 txs=17301585 mgas=650660 bps=4361 tps=36561 mgps=1218 avgBps=1865 avgTps=9947 avgMGps=374.1 elapsed=28m59s202ms
Sep 11 05:42:36 nimbus-eth1-mainnet-long-benchmark[2233876]: INF 2026-09-11 05:42:36.224+00:00 Imported blocks                            blockNumber=3252225 slot=1 blocks=3252224 txs=17372755 mgas=653295 bps=3838 tps=33350 mgps=1234 avgBps=1867 avgTps=9976 avgMGps=375.2 elapsed=29m1s336ms
Sep 11 05:42:38 nimbus-eth1-mainnet-long-benchmark[2233876]: INF 2026-09-11 05:42:38.272+00:00 Imported blocks                            blockNumber=3260417 slot=1 blocks=3260416 txs=17443359 mgas=655777 bps=3999 tps=34466 mgps=1211 avgBps=1870 avgTps=10005 avgMGps=376.2 elapsed=29m3s385ms
Sep 11 05:42:40 nimbus-eth1-mainnet-long-benchmark[2233876]: INF 2026-09-11 05:42:40.524+00:00 Imported blocks                            blockNumber=3268609 slot=1 blocks=3268608 txs=17523233 mgas=658598 bps=3636 tps=35460 mgps=1252 avgBps=1872 avgTps=10038 avgMGps=377.3 elapsed=29m5s637ms
Sep 11 05:42:42 nimbus-eth1-mainnet-long-benchmark[2233876]: INF 2026-09-11 05:42:42.776+00:00 Imported blocks                            blockNumber=3276801 slot=1 blocks=3276800 txs=17605848 mgas=661537 bps=3638 tps=36697 mgps=1305 avgBps=1874 avgTps=10072 avgMGps=378.5 elapsed=29m7s888ms
Sep 11 05:42:45 nimbus-eth1-mainnet-long-benchmark[2233876]: INF 2026-09-11 05:42:45.220+00:00 Imported blocks                            blockNumber=3284993 slot=1 blocks=3284992 txs=17699312 mgas=664551 bps=3353 tps=38258 mgps=1233 avgBps=1876 avgTps=10111 avgMGps=379.7 elapsed=29m10s331ms
Sep 11 05:42:47 nimbus-eth1-mainnet-long-benchmark[2233876]: INF 2026-09-11 05:42:47.364+00:00 Imported blocks                            blockNumber=3293185 slot=1 blocks=3293184 txs=17780544 mgas=667179 bps=3815 tps=37830 mgps=1224 avgBps=1879 avgTps=10145 avgMGps=380.7 elapsed=29m12s478ms
Sep 11 05:42:49 nimbus-eth1-mainnet-long-benchmark[2233876]: INF 2026-09-11 05:42:49.352+00:00 Imported blocks                            blockNumber=3301377 slot=1 blocks=3301376 txs=17858324 mgas=669688 bps=4126 tps=39175 mgps=1263 avgBps=1881 avgTps=10178 avgMGps=381.7 elapsed=29m14s464ms
Sep 11 05:42:51 nimbus-eth1-mainnet-long-benchmark[2233876]: INF 2026-09-11 05:42:51.508+00:00 Imported blocks                            blockNumber=3309569 slot=1 blocks=3309568 txs=17943736 mgas=672450 bps=3799 tps=39614 mgps=1281 avgBps=1884 avgTps=10214 avgMGps=382.8 elapsed=29m16s620ms
Sep 11 05:42:53 nimbus-eth1-mainnet-long-benchmark[2233876]: INF 2026-09-11 05:42:53.440+00:00 Imported blocks                            blockNumber=3317761 slot=1 blocks=3317760 txs=18018685 mgas=674814 bps=4234 tps=38742 mgps=1222 avgBps=1886 avgTps=10246 avgMGps=383.7 elapsed=29m18s555ms
Sep 11 05:42:55 nimbus-eth1-mainnet-long-benchmark[2233876]: INF 2026-09-11 05:42:55.848+00:00 Imported blocks                            blockNumber=3325953 slot=1 blocks=3325952 txs=18108227 mgas=677822 bps=3405 tps=37226 mgps=1250 avgBps=1888 avgTps=10283 avgMGps=384.9 elapsed=29m20s960ms
Sep 11 05:42:58 nimbus-eth1-mainnet-long-benchmark[2233876]: INF 2026-09-11 05:42:58.108+00:00 Imported blocks                            blockNumber=3334145 slot=1 blocks=3334144 txs=18197609 mgas=680860 bps=3621 tps=39508 mgps=1342 avgBps=1890 avgTps=10320 avgMGps=386.1 elapsed=29m23s222ms
Sep 11 05:43:00 nimbus-eth1-mainnet-long-benchmark[2233876]: INF 2026-09-11 05:43:00.412+00:00 Imported blocks                            blockNumber=3342337 slot=1 blocks=3342336 txs=18288621 mgas=683771 bps=3558 tps=39534 mgps=1264 avgBps=1893 avgTps=10358 avgMGps=387.3 elapsed=29m25s524ms
Sep 11 05:43:03 nimbus-eth1-mainnet-long-benchmark[2233876]: INF 2026-09-11 05:43:03.484+00:00 Imported blocks                            blockNumber=3350529 slot=1 blocks=3350528 txs=18401578 mgas=688454 bps=2666 tps=36766 mgps=1524 avgBps=1894 avgTps=10404 avgMGps=389.3 elapsed=29m28s597ms
Sep 11 05:43:06 nimbus-eth1-mainnet-long-benchmark[2233876]: INF 2026-09-11 05:43:06.192+00:00 Imported blocks                            blockNumber=3358721 slot=1 blocks=3358720 txs=18510065 mgas=692279 bps=3022 tps=40025 mgps=1411 avgBps=1896 avgTps=10449 avgMGps=390.8 elapsed=29m31s307ms
Sep 11 05:43:09 nimbus-eth1-mainnet-long-benchmark[2233876]: INF 2026-09-11 05:43:09.488+00:00 Imported blocks                            blockNumber=3366913 slot=1 blocks=3366912 txs=18660313 mgas=697136 bps=2486 tps=45596 mgps=1473 avgBps=1897 avgTps=10515 avgMGps=392.8 elapsed=29m34s602ms
Sep 11 05:43:12 nimbus-eth1-mainnet-long-benchmark[2233876]: INF 2026-09-11 05:43:12.500+00:00 Imported blocks                            blockNumber=3375105 slot=1 blocks=3375104 txs=18789723 mgas=701165 bps=2718 tps=42941 mgps=1337 avgBps=1898 avgTps=10570 avgMGps=394.4 elapsed=29m37s616ms
Sep 11 05:43:15 nimbus-eth1-mainnet-long-benchmark[2233876]: INF 2026-09-11 05:43:15.219+00:00 Imported blocks                            blockNumber=3383297 slot=1 blocks=3383296 txs=18908682 mgas=704762 bps=3014 tps=43781 mgps=1323 avgBps=1900 avgTps=10620 avgMGps=395.9 elapsed=29m40s333ms
Sep 11 05:43:18 nimbus-eth1-mainnet-long-benchmark[2233876]: INF 2026-09-11 05:43:18.003+00:00 Imported blocks                            blockNumber=3391489 slot=1 blocks=3391488 txs=19021713 mgas=708381 bps=2940 tps=40567 mgps=1298 avgBps=1901 avgTps=10667 avgMGps=397.3 elapsed=29m43s119ms
Sep 11 05:43:20 nimbus-eth1-mainnet-long-benchmark[2233876]: INF 2026-09-11 05:43:20.599+00:00 Imported blocks                            blockNumber=3399681 slot=1 blocks=3399680 txs=19131415 mgas=711977 bps=3157 tps=42281 mgps=1385 avgBps=1903 avgTps=10713 avgMGps=398.7 elapsed=29m45s714ms
Sep 11 05:43:23 nimbus-eth1-mainnet-long-benchmark[2233876]: INF 2026-09-11 05:43:23.251+00:00 Imported blocks                            blockNumber=3407873 slot=1 blocks=3407872 txs=19243756 mgas=715685 bps=3089 tps=42364 mgps=1398 avgBps=1905 avgTps=10760 avgMGps=400.2 elapsed=29m48s365ms
Sep 11 05:43:25 nimbus-eth1-mainnet-long-benchmark[2233876]: INF 2026-09-11 05:43:25.927+00:00 Imported blocks                            blockNumber=3416065 slot=1 blocks=3416064 txs=19364845 mgas=719460 bps=3062 tps=45261 mgps=1411 avgBps=1907 avgTps=10812 avgMGps=401.7 elapsed=29m51s41ms
Sep 11 05:43:28 nimbus-eth1-mainnet-long-benchmark[2233876]: INF 2026-09-11 05:43:28.611+00:00 Imported blocks                            blockNumber=3424257 slot=1 blocks=3424256 txs=19476133 mgas=722974 bps=3049 tps=41434 mgps=1308 avgBps=1909 avgTps=10857 avgMGps=403.1 elapsed=29m53s727ms
Sep 11 05:43:31 nimbus-eth1-mainnet-long-benchmark[2233876]: INF 2026-09-11 05:43:31.755+00:00 Imported blocks                            blockNumber=3432449 slot=1 blocks=3432448 txs=19602685 mgas=727493 bps=2607 tps=40287 mgps=1438 avgBps=1910 avgTps=10909 avgMGps=404.9 elapsed=29m56s868ms
Sep 11 05:43:34 nimbus-eth1-mainnet-long-benchmark[2233876]: INF 2026-09-11 05:43:34.939+00:00 Imported blocks                            blockNumber=3440641 slot=1 blocks=3440640 txs=19719424 mgas=731341 bps=2569 tps=36621 mgps=1207 avgBps=1911 avgTps=10954 avgMGps=406.3 elapsed=30m56ms85us
Sep 11 05:43:38 nimbus-eth1-mainnet-long-benchmark[2233876]: INF 2026-09-11 05:43:38.147+00:00 Imported blocks                            blockNumber=3448833 slot=1 blocks=3448832 txs=19856929 mgas=735991 bps=2556 tps=42914 mgps=1451 avgBps=1912 avgTps=11011 avgMGps=408.1 elapsed=30m3s260ms
Sep 11 05:43:41 nimbus-eth1-mainnet-long-benchmark[2233876]: INF 2026-09-11 05:43:41.303+00:00 Imported blocks                            blockNumber=3457025 slot=1 blocks=3457024 txs=19989301 mgas=740346 bps=2596 tps=41948 mgps=1379 avgBps=1913 avgTps=11065 avgMGps=409.8 elapsed=30m6s415ms
Sep 11 05:43:44 nimbus-eth1-mainnet-long-benchmark[2233876]: INF 2026-09-11 05:43:44.215+00:00 Imported blocks                            blockNumber=3465217 slot=1 blocks=3465216 txs=20105739 mgas=744219 bps=2811 tps=39967 mgps=1329 avgBps=1915 avgTps=11112 avgMGps=411.3 elapsed=30m9s329ms
Sep 11 05:43:47 nimbus-eth1-mainnet-long-benchmark[2233876]: INF 2026-09-11 05:43:47.919+00:00 Imported blocks                            blockNumber=3473409 slot=1 blocks=3473408 txs=20244697 mgas=748824 bps=2212 tps=37521 mgps=1243 avgBps=1915 avgTps=11166 avgMGps=413.0 elapsed=30m13s32ms
Sep 11 05:43:50 nimbus-eth1-mainnet-long-benchmark[2233876]: INF 2026-09-11 05:43:50.859+00:00 Imported blocks                            blockNumber=3481601 slot=1 blocks=3481600 txs=20359934 mgas=752728 bps=2786 tps=39197 mgps=1328 avgBps=1917 avgTps=11211 avgMGps=414.5 elapsed=30m15s972ms
Sep 11 05:43:54 nimbus-eth1-mainnet-long-benchmark[2233876]: INF 2026-09-11 05:43:54.035+00:00 Imported blocks                            blockNumber=3489793 slot=1 blocks=3489792 txs=20489247 mgas=757133 bps=2579 tps=40717 mgps=1387 avgBps=1918 avgTps=11263 avgMGps=416.2 elapsed=30m19s148ms
Sep 11 05:43:57 nimbus-eth1-mainnet-long-benchmark[2233876]: INF 2026-09-11 05:43:57.027+00:00 Imported blocks                            blockNumber=3497985 slot=1 blocks=3497984 txs=20610573 mgas=761275 bps=2739 tps=40578 mgps=1385 avgBps=1919 avgTps=11311 avgMGps=417.8 elapsed=30m22s138ms
Sep 11 05:43:59 nimbus-eth1-mainnet-long-benchmark[2233876]: INF 2026-09-11 05:43:59.771+00:00 Imported blocks                            blockNumber=3506177 slot=1 blocks=3506176 txs=20712514 mgas=764733 bps=2979 tps=37070 mgps=1257 avgBps=1921 avgTps=11350 avgMGps=419.1 elapsed=30m24s888ms
Sep 11 05:44:02 nimbus-eth1-mainnet-long-benchmark[2233876]: INF 2026-09-11 05:44:02.603+00:00 Imported blocks                            blockNumber=3514369 slot=1 blocks=3514368 txs=20816987 mgas=768535 bps=2898 tps=36966 mgps=1345 avgBps=1922 avgTps=11389 avgMGps=420.5 elapsed=30m27s714ms
Sep 11 05:44:05 nimbus-eth1-mainnet-long-benchmark[2233876]: INF 2026-09-11 05:44:05.503+00:00 Imported blocks                            blockNumber=3522561 slot=1 blocks=3522560 txs=20927650 mgas=772428 bps=2824 tps=38155 mgps=1342 avgBps=1924 avgTps=11432 avgMGps=422.0 elapsed=30m30s614ms
Sep 11 05:44:08 nimbus-eth1-mainnet-long-benchmark[2233876]: INF 2026-09-11 05:44:08.563+00:00 Imported blocks                            blockNumber=3530753 slot=1 blocks=3530752 txs=21045786 mgas=776787 bps=2677 tps=38607 mgps=1424 avgBps=1925 avgTps=11477 avgMGps=423.6 elapsed=30m33s674ms
Sep 11 05:44:11 nimbus-eth1-mainnet-long-benchmark[2233876]: INF 2026-09-11 05:44:11.695+00:00 Imported blocks                            blockNumber=3538945 slot=1 blocks=3538944 txs=21162324 mgas=780744 bps=2614 tps=37188 mgps=1262 avgBps=1926 avgTps=11521 avgMGps=425.1 elapsed=30m36s808ms
Sep 11 05:44:14 nimbus-eth1-mainnet-long-benchmark[2233876]: INF 2026-09-11 05:44:14.479+00:00 Imported blocks                            blockNumber=3547137 slot=1 blocks=3547136 txs=21259923 mgas=784269 bps=2944 tps=35076 mgps=1266 avgBps=1928 avgTps=11556 avgMGps=426.3 elapsed=30m39s590ms
Sep 11 05:44:17 nimbus-eth1-mainnet-long-benchmark[2233876]: INF 2026-09-11 05:44:17.874+00:00 Imported blocks                            blockNumber=3555329 slot=1 blocks=3555328 txs=21365417 mgas=788221 bps=2411 tps=31050 mgps=1163 avgBps=1929 avgTps=11592 avgMGps=427.7 elapsed=30m42s988ms
Sep 11 05:44:21 nimbus-eth1-mainnet-long-benchmark[2233876]: INF 2026-09-11 05:44:21.218+00:00 Imported blocks                            blockNumber=3563521 slot=1 blocks=3563520 txs=21479194 mgas=792760 bps=2452 tps=34063 mgps=1358 avgBps=1930 avgTps=11633 avgMGps=429.4 elapsed=30m46s328ms
Sep 11 05:44:24 nimbus-eth1-mainnet-long-benchmark[2233876]: INF 2026-09-11 05:44:24.982+00:00 Imported blocks                            blockNumber=3571713 slot=1 blocks=3571712 txs=21601426 mgas=797692 bps=2175 tps=32457 mgps=1309 avgBps=1930 avgTps=11675 avgMGps=431.2 elapsed=30m50s94ms
Sep 11 05:44:28 nimbus-eth1-mainnet-long-benchmark[2233876]: INF 2026-09-11 05:44:28.230+00:00 Imported blocks                            blockNumber=3579905 slot=1 blocks=3579904 txs=21714943 mgas=803063 bps=2523 tps=34966 mgps=1654 avgBps=1931 avgTps=11716 avgMGps=433.3 elapsed=30m53s340ms
Sep 11 05:44:31 nimbus-eth1-mainnet-long-benchmark[2233876]: INF 2026-09-11 05:44:31.534+00:00 Imported blocks                            blockNumber=3588097 slot=1 blocks=3588096 txs=21818694 mgas=806982 bps=2479 tps=31400 mgps=1186 avgBps=1932 avgTps=11751 avgMGps=434.6 elapsed=30m56s644ms
Sep 11 05:44:34 nimbus-eth1-mainnet-long-benchmark[2233876]: INF 2026-09-11 05:44:34.810+00:00 Imported blocks                            blockNumber=3596289 slot=1 blocks=3596288 txs=21930951 mgas=811315 bps=2499 tps=34247 mgps=1321 avgBps=1933 avgTps=11791 avgMGps=436.2 elapsed=30m59s922ms
Sep 11 05:44:38 nimbus-eth1-mainnet-long-benchmark[2233876]: INF 2026-09-11 05:44:38.586+00:00 Imported blocks                            blockNumber=3604481 slot=1 blocks=3604480 txs=22067570 mgas=816605 bps=2169 tps=36187 mgps=1401 avgBps=1934 avgTps=11840 avgMGps=438.2 elapsed=31m3s697ms
Sep 11 05:44:42 nimbus-eth1-mainnet-long-benchmark[2233876]: INF 2026-09-11 05:44:42.218+00:00 Imported blocks                            blockNumber=3612673 slot=1 blocks=3612672 txs=22210728 mgas=821860 bps=2255 tps=39419 mgps=1447 avgBps=1934 avgTps=11894 avgMGps=440.1 elapsed=31m7s329ms
Sep 11 05:44:45 nimbus-eth1-mainnet-long-benchmark[2233876]: INF 2026-09-11 05:44:45.786+00:00 Imported blocks                            blockNumber=3620865 slot=1 blocks=3620864 txs=22356473 mgas=826729 bps=2296 tps=40851 mgps=1364 avgBps=1935 avgTps=11949 avgMGps=441.9 elapsed=31m10s897ms
Sep 11 05:44:49 nimbus-eth1-mainnet-long-benchmark[2233876]: INF 2026-09-11 05:44:49.394+00:00 Imported blocks                            blockNumber=3629057 slot=1 blocks=3629056 txs=22493035 mgas=831609 bps=2268 tps=37818 mgps=1351 avgBps=1936 avgTps=11999 avgMGps=443.6 elapsed=31m14s508ms
Sep 11 05:44:53 nimbus-eth1-mainnet-long-benchmark[2233876]: INF 2026-09-11 05:44:53.854+00:00 Imported blocks                            blockNumber=3637249 slot=1 blocks=3637248 txs=22653459 mgas=838015 bps=1837 tps=35976 mgps=1436 avgBps=1935 avgTps=12056 avgMGps=446.0 elapsed=31m18s967ms
Sep 11 05:44:57 nimbus-eth1-mainnet-long-benchmark[2233876]: INF 2026-09-11 05:44:57.786+00:00 Imported blocks                            blockNumber=3645441 slot=1 blocks=3645440 txs=22803895 mgas=843797 bps=2084 tps=38281 mgps=1471 avgBps=1936 avgTps=12111 avgMGps=448.1 elapsed=31m22s897ms
Sep 11 05:45:02 nimbus-eth1-mainnet-long-benchmark[2233876]: INF 2026-09-11 05:45:02.194+00:00 Imported blocks                            blockNumber=3653633 slot=1 blocks=3653632 txs=22971454 mgas=849617 bps=1857 tps=37992 mgps=1319 avgBps=1935 avgTps=12171 avgMGps=450.2 elapsed=31m27s307ms
Sep 11 05:45:05 nimbus-eth1-mainnet-long-benchmark[2233876]: INF 2026-09-11 05:45:05.906+00:00 Imported blocks                            blockNumber=3661825 slot=1 blocks=3661824 txs=23113579 mgas=854946 bps=2208 tps=38318 mgps=1436 avgBps=1936 avgTps=12222 avgMGps=452.1 elapsed=31m31s16ms
Sep 11 05:45:10 nimbus-eth1-mainnet-long-benchmark[2233876]: INF 2026-09-11 05:45:10.138+00:00 Imported blocks                            blockNumber=3670017 slot=1 blocks=3670016 txs=23265845 mgas=861247 bps=1935 tps=35978 mgps=1488 avgBps=1936 avgTps=12275 avgMGps=454.4 elapsed=31m35s248ms
Sep 11 05:45:14 nimbus-eth1-mainnet-long-benchmark[2233876]: INF 2026-09-11 05:45:14.390+00:00 Imported blocks                            blockNumber=3678209 slot=1 blocks=3678208 txs=23435342 mgas=867818 bps=1925 tps=39843 mgps=1544 avgBps=1936 avgTps=12337 avgMGps=456.9 elapsed=31m39s502ms
Sep 11 05:45:18 nimbus-eth1-mainnet-long-benchmark[2233876]: INF 2026-09-11 05:45:18.758+00:00 Imported blocks                            blockNumber=3686401 slot=1 blocks=3686400 txs=23591592 mgas=875166 bps=1874 tps=35760 mgps=1681 avgBps=1936 avgTps=12391 avgMGps=459.7 elapsed=31m43s872ms
Sep 11 05:45:23 nimbus-eth1-mainnet-long-benchmark[2233876]: INF 2026-09-11 05:45:23.237+00:00 Imported blocks                            blockNumber=3694593 slot=1 blocks=3694592 txs=23758936 mgas=882502 bps=1829 tps=37376 mgps=1638 avgBps=1936 avgTps=12449 avgMGps=462.4 elapsed=31m48s349ms
Sep 11 05:45:27 nimbus-eth1-mainnet-long-benchmark[2233876]: INF 2026-09-11 05:45:27.677+00:00 Imported blocks                            blockNumber=3702785 slot=1 blocks=3702784 txs=23906638 mgas=890038 bps=1845 tps=33266 mgps=1697 avgBps=1935 avgTps=12498 avgMGps=465.3 elapsed=31m52s789ms
Sep 11 05:45:32 nimbus-eth1-mainnet-long-benchmark[2233876]: INF 2026-09-11 05:45:32.517+00:00 Imported blocks                            blockNumber=3710977 slot=1 blocks=3710976 txs=24074925 mgas=898232 bps=1692 tps=34769 mgps=1693 avgBps=1935 avgTps=12554 avgMGps=468.4 elapsed=31m57s629ms
Sep 11 05:45:38 nimbus-eth1-mainnet-long-benchmark[2233876]: INF 2026-09-11 05:45:38.661+00:00 Imported blocks                            blockNumber=3719169 slot=1 blocks=3719168 txs=24251666 mgas=908116 bps=1333 tps=28770 mgps=1608 avgBps=1933 avgTps=12606 avgMGps=472.0 elapsed=32m3s772ms
Sep 11 05:45:44 nimbus-eth1-mainnet-long-benchmark[2233876]: INF 2026-09-11 05:45:44.913+00:00 Imported blocks                            blockNumber=3727361 slot=1 blocks=3727360 txs=24465747 mgas=919567 bps=1310 tps=34239 mgps=1831 avgBps=1931 avgTps=12676 avgMGps=476.5 elapsed=32m10s24ms
Sep 11 05:45:51 nimbus-eth1-mainnet-long-benchmark[2233876]: INF 2026-09-11 05:45:51.545+00:00 Imported blocks                            blockNumber=3735553 slot=1 blocks=3735552 txs=24695074 mgas=931763 bps=1235 tps=34579 mgps=1838 avgBps=1928 avgTps=12751 avgMGps=481.1 elapsed=32m16s656ms
Sep 11 05:45:57 nimbus-eth1-mainnet-long-benchmark[2233876]: INF 2026-09-11 05:45:57.429+00:00 Imported blocks                            blockNumber=3743745 slot=1 blocks=3743744 txs=24897017 mgas=942377 bps=1392 tps=34320 mgps=1803 avgBps=1927 avgTps=12816 avgMGps=485.1 elapsed=32m22s540ms
Sep 11 05:46:04 nimbus-eth1-mainnet-long-benchmark[2233876]: INF 2026-09-11 05:46:04.369+00:00 Imported blocks                            blockNumber=3751937 slot=1 blocks=3751936 txs=25157423 mgas=954976 bps=1180 tps=37522 mgps=1815 avgBps=1924 avgTps=12904 avgMGps=489.9 elapsed=32m29s480ms
Sep 11 05:46:12 nimbus-eth1-mainnet-long-benchmark[2233876]: INF 2026-09-11 05:46:12.225+00:00 Imported blocks                            blockNumber=3760129 slot=1 blocks=3760128 txs=25435951 mgas=970755 bps=1042 tps=35453 mgps=2008 avgBps=1921 avgTps=12995 avgMGps=496.0 elapsed=32m37s336ms
Sep 11 05:46:20 nimbus-eth1-mainnet-long-benchmark[2233876]: INF 2026-09-11 05:46:20.389+00:00 Imported blocks                            blockNumber=3768321 slot=1 blocks=3768320 txs=25714964 mgas=987106 bps=1003 tps=34171 mgps=2002 avgBps=1917 avgTps=13083 avgMGps=502.2 elapsed=32m45s501ms
Sep 11 05:46:27 nimbus-eth1-mainnet-long-benchmark[2233876]: INF 2026-09-11 05:46:27.380+00:00 Imported blocks                            blockNumber=3776513 slot=1 blocks=3776512 txs=25959502 mgas=1000629 bps=1171 tps=34980 mgps=1934 avgBps=1914 avgTps=13160 avgMGps=507.3 elapsed=32m52s492ms
Sep 11 05:46:34 nimbus-eth1-mainnet-long-benchmark[2233876]: INF 2026-09-11 05:46:34.256+00:00 Imported blocks                            blockNumber=3784705 slot=1 blocks=3784704 txs=26184324 mgas=1013346 bps=1191 tps=32688 mgps=1849 avgBps=1912 avgTps=13228 avgMGps=512.0 elapsed=32m59s370ms
Sep 11 05:46:41 nimbus-eth1-mainnet-long-benchmark[2233876]: INF 2026-09-11 05:46:41.592+00:00 Imported blocks                            blockNumber=3792897 slot=1 blocks=3792896 txs=26433319 mgas=1026938 bps=1116 tps=33941 mgps=1852 avgBps=1909 avgTps=13305 avgMGps=516.9 elapsed=33m6s706ms
Sep 11 05:46:50 nimbus-eth1-mainnet-long-benchmark[2233876]: INF 2026-09-11 05:46:50.224+00:00 Imported blocks                            blockNumber=3801089 slot=1 blocks=3801088 txs=26747621 mgas=1046771 bps=949.2 tps=36416 mgps=2297 avgBps=1904 avgTps=13405 avgMGps=524.6 elapsed=33m15s336ms
Sep 11 05:47:02 nimbus-eth1-mainnet-long-benchmark[2233876]: INF 2026-09-11 05:47:02.440+00:00 Imported blocks                            blockNumber=3809281 slot=1 blocks=3809280 txs=27061297 mgas=1064751 bps=670.4 tps=25671 mgps=1471 avgBps=1897 avgTps=13479 avgMGps=530.4 elapsed=33m27s555ms
Sep 11 05:47:12 nimbus-eth1-mainnet-long-benchmark[2233876]: INF 2026-09-11 05:47:12.068+00:00 Imported blocks                            blockNumber=3817473 slot=1 blocks=3817472 txs=27341915 mgas=1081444 bps=851.0 tps=29151 mgps=1734 avgBps=1892 avgTps=13554 avgMGps=536.1 elapsed=33m37s181ms
Sep 11 05:47:20 nimbus-eth1-mainnet-long-benchmark[2233876]: INF 2026-09-11 05:47:20.992+00:00 Imported blocks                            blockNumber=3825665 slot=1 blocks=3825664 txs=27638029 mgas=1097397 bps=917.8 tps=33173 mgps=1787 avgBps=1888 avgTps=13640 avgMGps=541.6 elapsed=33m46s108ms
Sep 11 05:47:30 nimbus-eth1-mainnet-long-benchmark[2233876]: INF 2026-09-11 05:47:30.615+00:00 Imported blocks                            blockNumber=3833857 slot=1 blocks=3833856 txs=27955783 mgas=1114890 bps=851.5 tps=33027 mgps=1818 avgBps=1883 avgTps=13732 avgMGps=547.7 elapsed=33m55s729ms
Sep 11 05:47:40 nimbus-eth1-mainnet-long-benchmark[2233876]: INF 2026-09-11 05:47:40.243+00:00 Imported blocks                            blockNumber=3842049 slot=1 blocks=3842048 txs=28261640 mgas=1132042 bps=850.8 tps=31766 mgps=1781 avgBps=1878 avgTps=13817 avgMGps=553.5 elapsed=34m5s357ms
Sep 11 05:47:50 nimbus-eth1-mainnet-long-benchmark[2233876]: INF 2026-09-11 05:47:50.015+00:00 Imported blocks                            blockNumber=3850241 slot=1 blocks=3850240 txs=28586948 mgas=1148180 bps=838.5 tps=33298 mgps=1651 avgBps=1873 avgTps=13910 avgMGps=558.7 elapsed=34m15s127ms
Sep 11 05:48:00 nimbus-eth1-mainnet-long-benchmark[2233876]: INF 2026-09-11 05:48:00.559+00:00 Imported blocks                            blockNumber=3858433 slot=1 blocks=3858432 txs=28952806 mgas=1166696 bps=776.8 tps=34690 mgps=1755 avgBps=1867 avgTps=14016 avgMGps=564.8 elapsed=34m25s673ms
Sep 11 05:48:13 nimbus-eth1-mainnet-long-benchmark[2233876]: INF 2026-09-11 05:48:13.271+00:00 Imported blocks                            blockNumber=3866625 slot=1 blocks=3866624 txs=29403805 mgas=1188428 bps=644.4 tps=35474 mgps=1709 avgBps=1860 avgTps=14147 avgMGps=571.8 elapsed=34m38s386ms
Sep 11 05:48:24 nimbus-eth1-mainnet-long-benchmark[2233876]: INF 2026-09-11 05:48:24.771+00:00 Imported blocks                            blockNumber=3874817 slot=1 blocks=3874816 txs=29807677 mgas=1206857 bps=712.6 tps=35130 mgps=1602 avgBps=1854 avgTps=14262 avgMGps=577.5 elapsed=34m49s882ms
Sep 11 05:48:36 nimbus-eth1-mainnet-long-benchmark[2233876]: INF 2026-09-11 05:48:36.526+00:00 Imported blocks                            blockNumber=3883009 slot=1 blocks=3883008 txs=30207027 mgas=1225365 bps=697.0 tps=33977 mgps=1574 avgBps=1847 avgTps=14373 avgMGps=583.1 elapsed=35m1s636ms
Sep 11 05:48:47 nimbus-eth1-mainnet-long-benchmark[2233876]: INF 2026-09-11 05:48:47.510+00:00 Imported blocks                            blockNumber=3891201 slot=1 blocks=3891200 txs=30573169 mgas=1242981 bps=745.8 tps=33333 mgps=1603 avgBps=1841 avgTps=14471 avgMGps=588.4 elapsed=35m12s620ms
Sep 11 05:48:59 nimbus-eth1-mainnet-long-benchmark[2233876]: INF 2026-09-11 05:48:59.846+00:00 Imported blocks                            blockNumber=3899393 slot=1 blocks=3899392 txs=30974567 mgas=1263036 bps=664.1 tps=32539 mgps=1625 avgBps=1835 avgTps=14576 avgMGps=594.4 elapsed=35m24s956ms
Sep 11 05:49:12 nimbus-eth1-mainnet-long-benchmark[2233876]: INF 2026-09-11 05:49:12.722+00:00 Imported blocks                            blockNumber=3907585 slot=1 blocks=3907584 txs=31442086 mgas=1289672 bps=636.2 tps=36305 mgps=2068 avgBps=1827 avgTps=14707 avgMGps=603.3 elapsed=35m37s833ms
Sep 11 05:49:25 nimbus-eth1-mainnet-long-benchmark[2233876]: INF 2026-09-11 05:49:25.782+00:00 Imported blocks                            blockNumber=3915777 slot=1 blocks=3915776 txs=31890166 mgas=1317182 bps=627.3 tps=34311 mgps=2106 avgBps=1820 avgTps=14826 avgMGps=612.4 elapsed=35m50s893ms
Sep 11 05:49:38 nimbus-eth1-mainnet-long-benchmark[2233876]: INF 2026-09-11 05:49:38.349+00:00 Imported blocks                            blockNumber=3923969 slot=1 blocks=3923968 txs=32335303 mgas=1339388 bps=651.8 tps=35418 mgps=1766 avgBps=1813 avgTps=14946 avgMGps=619.1 elapsed=36m3s460ms
Sep 11 05:49:50 nimbus-eth1-mainnet-long-benchmark[2233876]: INF 2026-09-11 05:49:50.609+00:00 Imported blocks                            blockNumber=3932161 slot=1 blocks=3932160 txs=32729247 mgas=1359581 bps=668.2 tps=32133 mgps=1647 avgBps=1807 avgTps=15042 avgMGps=624.9 elapsed=36m15s720ms
Sep 11 05:50:04 nimbus-eth1-mainnet-long-benchmark[2233876]: INF 2026-09-11 05:50:04.501+00:00 Imported blocks                            blockNumber=3940353 slot=1 blocks=3940352 txs=33203684 mgas=1380729 bps=589.6 tps=34147 mgps=1522 avgBps=1799 avgTps=15164 avgMGps=630.6 elapsed=36m29s614ms
Sep 11 05:50:20 nimbus-eth1-mainnet-long-benchmark[2233876]: INF 2026-09-11 05:50:20.413+00:00 Imported blocks                            blockNumber=3948545 slot=1 blocks=3948544 txs=33656420 mgas=1405567 bps=514.8 tps=28449 mgps=1560 avgBps=1790 avgTps=15260 avgMGps=637.3 elapsed=36m45s527ms
Sep 11 05:50:34 nimbus-eth1-mainnet-long-benchmark[2233876]: INF 2026-09-11 05:50:34.464+00:00 Imported blocks                            blockNumber=3956737 slot=1 blocks=3956736 txs=34065617 mgas=1427412 bps=583.0 tps=29121 mgps=1554 avgBps=1782 avgTps=15347 avgMGps=643.1 elapsed=36m59s579ms
Sep 11 05:50:48 nimbus-eth1-mainnet-long-benchmark[2233876]: INF 2026-09-11 05:50:48.324+00:00 Imported blocks                            blockNumber=3964929 slot=1 blocks=3964928 txs=34456817 mgas=1448293 bps=591.2 tps=28230 mgps=1506 avgBps=1775 avgTps=15427 avgMGps=648.5 elapsed=37m13s436ms
Sep 11 05:51:04 nimbus-eth1-mainnet-long-benchmark[2233876]: INF 2026-09-11 05:51:04.604+00:00 Imported blocks                            blockNumber=3973121 slot=1 blocks=3973120 txs=34937474 mgas=1473277 bps=503.2 tps=29522 mgps=1534 avgBps=1766 avgTps=15529 avgMGps=654.9 elapsed=37m29s718ms
Sep 11 05:51:20 nimbus-eth1-mainnet-long-benchmark[2233876]: INF 2026-09-11 05:51:20.812+00:00 Imported blocks                            blockNumber=3981313 slot=1 blocks=3981312 txs=35377310 mgas=1497710 bps=505.4 tps=27135 mgps=1507 avgBps=1757 avgTps=15612 avgMGps=661.0 elapsed=37m45s926ms
Sep 11 05:51:36 nimbus-eth1-mainnet-long-benchmark[2233876]: INF 2026-09-11 05:51:36.323+00:00 Imported blocks                            blockNumber=3989505 slot=1 blocks=3989504 txs=35833415 mgas=1519913 bps=528.1 tps=29404 mgps=1431 avgBps=1748 avgTps=15706 avgMGps=666.2 elapsed=38m1s438ms
Sep 11 05:51:50 nimbus-eth1-mainnet-long-benchmark[2233876]: INF 2026-09-11 05:51:50.003+00:00 Imported blocks                            blockNumber=3997697 slot=1 blocks=3997696 txs=36234956 mgas=1539698 bps=598.8 tps=29352 mgps=1446 avgBps=1741 avgTps=15787 avgMGps=670.9 elapsed=38m15s118ms
Sep 11 05:52:05 nimbus-eth1-mainnet-long-benchmark[2233876]: INF 2026-09-11 05:52:05.047+00:00 Imported blocks                            blockNumber=4005889 slot=1 blocks=4005888 txs=36703407 mgas=1561188 bps=544.6 tps=31140 mgps=1428 avgBps=1734 avgTps=15887 avgMGps=675.8 elapsed=38m30s161ms
Sep 11 05:52:22 nimbus-eth1-mainnet-long-benchmark[2233876]: INF 2026-09-11 05:52:22.715+00:00 Imported blocks                            blockNumber=4014081 slot=1 blocks=4014080 txs=37224496 mgas=1586802 bps=463.6 tps=29491 mgps=1449 avgBps=1724 avgTps=15991 avgMGps=681.7 elapsed=38m47s830ms
Sep 11 05:52:38 nimbus-eth1-mainnet-long-benchmark[2233876]: INF 2026-09-11 05:52:38.863+00:00 Imported blocks                            blockNumber=4022273 slot=1 blocks=4022272 txs=37690228 mgas=1612379 bps=507.4 tps=28847 mgps=1584 avgBps=1716 avgTps=16079 avgMGps=687.9 elapsed=39m3s975ms
Sep 11 05:52:53 nimbus-eth1-mainnet-long-benchmark[2233876]: INF 2026-09-11 05:52:53.582+00:00 Imported blocks                            blockNumber=4030465 slot=1 blocks=4030464 txs=38112873 mgas=1631451 bps=556.6 tps=28717 mgps=1295 avgBps=1708 avgTps=16158 avgMGps=691.7 elapsed=39m18s692ms
Sep 11 05:53:08 nimbus-eth1-mainnet-long-benchmark[2233876]: INF 2026-09-11 05:53:08.950+00:00 Imported blocks                            blockNumber=4038657 slot=1 blocks=4038656 txs=38565638 mgas=1653039 bps=533.0 tps=29459 mgps=1404 avgBps=1701 avgTps=16244 avgMGps=696.3 elapsed=39m34s61ms
Sep 11 05:53:25 nimbus-eth1-mainnet-long-benchmark[2233876]: INF 2026-09-11 05:53:25.050+00:00 Imported blocks                            blockNumber=4046849 slot=1 blocks=4046848 txs=39059974 mgas=1677245 bps=508.8 tps=30703 mgps=1503 avgBps=1693 avgTps=16341 avgMGps=701.7 elapsed=39m50s161ms
Sep 11 05:53:38 nimbus-eth1-mainnet-long-benchmark[2233876]: INF 2026-09-11 05:53:38.862+00:00 Imported blocks                            blockNumber=4055041 slot=1 blocks=4055040 txs=39487144 mgas=1696973 bps=593.1 tps=30926 mgps=1428 avgBps=1686 avgTps=16425 avgMGps=705.9 elapsed=40m3s974ms
Sep 11 05:53:52 nimbus-eth1-mainnet-long-benchmark[2233876]: INF 2026-09-11 05:53:52.205+00:00 Imported blocks                            blockNumber=4063233 slot=1 blocks=4063232 txs=39896376 mgas=1714917 bps=613.9 tps=30666 mgps=1344 avgBps=1680 avgTps=16504 avgMGps=709.4 elapsed=40m17s318ms
Sep 11 05:54:07 nimbus-eth1-mainnet-long-benchmark[2233876]: INF 2026-09-11 05:54:07.821+00:00 Imported blocks                            blockNumber=4071425 slot=1 blocks=4071424 txs=40351545 mgas=1737669 bps=524.7 tps=29151 mgps=1457 avgBps=1673 avgTps=16585 avgMGps=714.2 elapsed=40m32s932ms
Sep 11 05:54:21 nimbus-eth1-mainnet-long-benchmark[2233876]: INF 2026-09-11 05:54:21.401+00:00 Imported blocks                            blockNumber=4079617 slot=1 blocks=4079616 txs=40763097 mgas=1758062 bps=603.2 tps=30305 mgps=1501 avgBps=1667 avgTps=16661 avgMGps=718.6 elapsed=40m46s513ms
Sep 11 05:54:35 nimbus-eth1-mainnet-long-benchmark[2233876]: INF 2026-09-11 05:54:35.185+00:00 Imported blocks                            blockNumber=4087809 slot=1 blocks=4087808 txs=41165923 mgas=1777579 bps=594.2 tps=29218 mgps=1415 avgBps=1661 avgTps=16732 avgMGps=722.5 elapsed=41m299ms834us
Sep 11 05:54:47 nimbus-eth1-mainnet-long-benchmark[2233876]: INF 2026-09-11 05:54:47.284+00:00 Imported blocks                            blockNumber=4096001 slot=1 blocks=4096000 txs=41516434 mgas=1795887 bps=677.2 tps=28974 mgps=1513 avgBps=1656 avgTps=16791 avgMGps=726.4 elapsed=41m12s396ms
Sep 11 05:55:02 nimbus-eth1-mainnet-long-benchmark[2233876]: INF 2026-09-11 05:55:02.556+00:00 Imported blocks                            blockNumber=4104193 slot=1 blocks=4104192 txs=41958138 mgas=1819167 bps=536.4 tps=28921 mgps=1524 avgBps=1649 avgTps=16866 avgMGps=731.3 elapsed=41m27s669ms
Sep 11 05:55:19 nimbus-eth1-mainnet-long-benchmark[2233876]: INF 2026-09-11 05:55:19.508+00:00 Imported blocks                            blockNumber=4112385 slot=1 blocks=4112384 txs=42432539 mgas=1843744 bps=483.2 tps=27983 mgps=1449 avgBps=1641 avgTps=16941 avgMGps=736.1 elapsed=41m44s622ms
Sep 11 05:55:37 nimbus-eth1-mainnet-long-benchmark[2233876]: INF 2026-09-11 05:55:37.328+00:00 Imported blocks                            blockNumber=4120577 slot=1 blocks=4120576 txs=42944928 mgas=1869613 bps=459.7 tps=28752 mgps=1451 avgBps=1633 avgTps=17025 avgMGps=741.2 elapsed=42m2s443ms
Sep 11 05:55:55 nimbus-eth1-mainnet-long-benchmark[2233876]: INF 2026-09-11 05:55:55.823+00:00 Imported blocks                            blockNumber=4128769 slot=1 blocks=4128768 txs=43484550 mgas=1895091 bps=442.9 tps=29174 mgps=1377 avgBps=1624 avgTps=17113 avgMGps=745.8 elapsed=42m20s939ms
Sep 11 05:56:16 nimbus-eth1-mainnet-long-benchmark[2233876]: INF 2026-09-11 05:56:16.303+00:00 Imported blocks                            blockNumber=4136961 slot=1 blocks=4136960 txs=44096680 mgas=1925617 bps=400.0 tps=29889 mgps=1490 avgBps=1615 avgTps=17215 avgMGps=751.8 elapsed=42m41s419ms
Sep 11 05:56:38 nimbus-eth1-mainnet-long-benchmark[2233876]: INF 2026-09-11 05:56:38.291+00:00 Imported blocks                            blockNumber=4145153 slot=1 blocks=4145152 txs=44766508 mgas=1956933 bps=372.6 tps=30468 mgps=1424 avgBps=1604 avgTps=17328 avgMGps=757.5 elapsed=43m3s403ms
Sep 11 05:57:00 nimbus-eth1-mainnet-long-benchmark[2233876]: INF 2026-09-11 05:57:00.106+00:00 Imported blocks                            blockNumber=4153345 slot=1 blocks=4153344 txs=45433684 mgas=1989715 bps=375.5 tps=30581 mgps=1502 avgBps=1594 avgTps=17439 avgMGps=763.7 elapsed=43m25s219ms
Sep 11 05:57:26 nimbus-eth1-mainnet-long-benchmark[2233876]: INF 2026-09-11 05:57:26.194+00:00 Imported blocks                            blockNumber=4161537 slot=1 blocks=4161536 txs=46235734 mgas=2029346 bps=314.0 tps=30743 mgps=1519 avgBps=1581 avgTps=17571 avgMGps=771.2 elapsed=43m51s308ms
Sep 11 05:57:56 nimbus-eth1-mainnet-long-benchmark[2233876]: INF 2026-09-11 05:57:56.445+00:00 Imported blocks                            blockNumber=4169729 slot=1 blocks=4169728 txs=47067916 mgas=2075037 bps=270.8 tps=27510 mgps=1510 avgBps=1566 avgTps=17684 avgMGps=779.6 elapsed=44m21s557ms
Sep 11 05:58:22 nimbus-eth1-mainnet-long-benchmark[2233876]: INF 2026-09-11 05:58:22.761+00:00 Imported blocks                            blockNumber=4177921 slot=1 blocks=4177920 txs=47890851 mgas=2115824 bps=311.3 tps=31268 mgps=1549 avgBps=1554 avgTps=17817 avgMGps=787.2 elapsed=44m47s876ms
Sep 11 05:58:46 nimbus-eth1-mainnet-long-benchmark[2233876]: INF 2026-09-11 05:58:46.249+00:00 Imported blocks                            blockNumber=4186113 slot=1 blocks=4186112 txs=48568788 mgas=2149756 bps=348.8 tps=28864 mgps=1444 avgBps=1543 avgTps=17913 avgMGps=792.9 elapsed=45m11s362ms
Sep 11 05:59:09 nimbus-eth1-mainnet-long-benchmark[2233876]: INF 2026-09-11 05:59:09.732+00:00 Imported blocks                            blockNumber=4194305 slot=1 blocks=4194304 txs=49304917 mgas=2183364 bps=348.8 tps=31344 mgps=1431 avgBps=1533 avgTps=18028 avgMGps=798.3 elapsed=45m34s847ms
Sep 11 05:59:32 nimbus-eth1-mainnet-long-benchmark[2233876]: INF 2026-09-11 05:59:32.676+00:00 Imported blocks                            blockNumber=4202497 slot=1 blocks=4202496 txs=50038500 mgas=2214978 bps=357.1 tps=31973 mgps=1377 avgBps=1523 avgTps=18144 avgMGps=803.2 elapsed=45m57s790ms
Sep 11 05:59:56 nimbus-eth1-mainnet-long-benchmark[2233876]: INF 2026-09-11 05:59:56.348+00:00 Imported blocks                            blockNumber=4210689 slot=1 blocks=4210688 txs=50775096 mgas=2248304 bps=346.1 tps=31117 mgps=1407 avgBps=1513 avgTps=18254 avgMGps=808.3 elapsed=46m21s462ms
Sep 11 06:00:24 nimbus-eth1-mainnet-long-benchmark[2233876]: INF 2026-09-11 06:00:24.403+00:00 Imported blocks                            blockNumber=4218881 slot=1 blocks=4218880 txs=51660375 mgas=2290988 bps=292.0 tps=31556 mgps=1521 avgBps=1501 avgTps=18387 avgMGps=815.4 elapsed=46m49s516ms
Sep 11 06:00:53 nimbus-eth1-mainnet-long-benchmark[2233876]: INF 2026-09-11 06:00:53.767+00:00 Imported blocks                            blockNumber=4227073 slot=1 blocks=4227072 txs=52569880 mgas=2335077 bps=279.0 tps=30975 mgps=1501 avgBps=1488 avgTps=18517 avgMGps=822.5 elapsed=47m18s878ms
Sep 11 06:01:19 nimbus-eth1-mainnet-long-benchmark[2233876]: INF 2026-09-11 06:01:19.582+00:00 Imported blocks                            blockNumber=4235265 slot=1 blocks=4235264 txs=53342454 mgas=2371456 bps=317.3 tps=29928 mgps=1409 avgBps=1478 avgTps=18620 avgMGps=827.8 elapsed=47m44s692ms
Sep 11 06:01:51 nimbus-eth1-mainnet-long-benchmark[2233876]: INF 2026-09-11 06:01:51.234+00:00 Imported blocks                            blockNumber=4243457 slot=1 blocks=4243456 txs=54364382 mgas=2416427 bps=258.8 tps=32286 mgps=1420 avgBps=1465 avgTps=18769 avgMGps=834.3 elapsed=48m16s345ms
Sep 11 06:02:25 nimbus-eth1-mainnet-long-benchmark[2233876]: INF 2026-09-11 06:02:25.333+00:00 Imported blocks                            blockNumber=4251649 slot=1 blocks=4251648 txs=55445621 mgas=2466611 bps=240.2 tps=31705 mgps=1471 avgBps=1450 avgTps=18920 avgMGps=841.7 elapsed=48m50s447ms
Sep 11 06:02:55 nimbus-eth1-mainnet-long-benchmark[2233876]: INF 2026-09-11 06:02:55.417+00:00 Imported blocks                            blockNumber=4259841 slot=1 blocks=4259840 txs=56325899 mgas=2508162 bps=272.3 tps=29261 mgps=1381 avgBps=1438 avgTps=19025 avgMGps=847.2 elapsed=49m20s530ms
Sep 11 06:03:25 nimbus-eth1-mainnet-long-benchmark[2233876]: INF 2026-09-11 06:03:25.396+00:00 Imported blocks                            blockNumber=4268033 slot=1 blocks=4268032 txs=57190313 mgas=2549215 bps=273.3 tps=28834 mgps=1369 avgBps=1427 avgTps=19123 avgMGps=852.4 elapsed=49m50s509ms
Sep 11 06:03:57 nimbus-eth1-mainnet-long-benchmark[2233876]: INF 2026-09-11 06:03:57.840+00:00 Imported blocks                            blockNumber=4276225 slot=1 blocks=4276224 txs=58058028 mgas=2591591 bps=252.5 tps=26743 mgps=1306 avgBps=1414 avgTps=19205 avgMGps=857.3 elapsed=50m22s955ms
Sep 11 06:04:28 nimbus-eth1-mainnet-long-benchmark[2233876]: INF 2026-09-11 06:04:28.275+00:00 Imported blocks                            blockNumber=4284417 slot=1 blocks=4284416 txs=58915126 mgas=2635997 bps=269.2 tps=28162 mgps=1459 avgBps=1403 avgTps=19294 avgMGps=863.3 elapsed=50m53s388ms
Sep 11 06:04:59 nimbus-eth1-mainnet-long-benchmark[2233876]: INF 2026-09-11 06:04:59.243+00:00 Imported blocks                            blockNumber=4292609 slot=1 blocks=4292608 txs=59679965 mgas=2676436 bps=264.5 tps=24699 mgps=1305 avgBps=1391 avgTps=19349 avgMGps=867.7 elapsed=51m24s354ms
Sep 11 06:05:29 nimbus-eth1-mainnet-long-benchmark[2233876]: INF 2026-09-11 06:05:29.482+00:00 Imported blocks                            blockNumber=4300801 slot=1 blocks=4300800 txs=60416304 mgas=2717960 bps=270.9 tps=24351 mgps=1373 avgBps=1380 avgTps=19397 avgMGps=872.7 elapsed=51m54s592ms
Sep 11 06:05:59 nimbus-eth1-mainnet-long-benchmark[2233876]: INF 2026-09-11 06:05:59.562+00:00 Imported blocks                            blockNumber=4308993 slot=1 blocks=4308992 txs=61155406 mgas=2758747 bps=272.3 tps=24570 mgps=1355 avgBps=1370 avgTps=19447 avgMGps=877.3 elapsed=52m24s673ms
Sep 11 06:06:32 nimbus-eth1-mainnet-long-benchmark[2233876]: INF 2026-09-11 06:06:32.813+00:00 Imported blocks                            blockNumber=4317185 slot=1 blocks=4317184 txs=62037866 mgas=2805376 bps=246.4 tps=26538 mgps=1402 avgBps=1358 avgTps=19521 avgMGps=882.8 elapsed=52m57s925ms
Sep 11 06:07:07 nimbus-eth1-mainnet-long-benchmark[2233876]: INF 2026-09-11 06:07:07.601+00:00 Imported blocks                            blockNumber=4325377 slot=1 blocks=4325376 txs=62966581 mgas=2851289 bps=235.5 tps=26694 mgps=1319 avgBps=1346 avgTps=19599 avgMGps=887.5 elapsed=53m32s715ms
Sep 11 06:07:40 nimbus-eth1-mainnet-long-benchmark[2233876]: INF 2026-09-11 06:07:40.788+00:00 Imported blocks                            blockNumber=4333569 slot=1 blocks=4333568 txs=63822081 mgas=2895662 bps=246.9 tps=25779 mgps=1337 avgBps=1335 avgTps=19662 avgMGps=892.1 elapsed=54m5s901ms
Sep 11 06:08:14 nimbus-eth1-mainnet-long-benchmark[2233876]: INF 2026-09-11 06:08:14.724+00:00 Imported blocks                            blockNumber=4341761 slot=1 blocks=4341760 txs=64712668 mgas=2941632 bps=241.4 tps=26241 mgps=1354 avgBps=1323 avgTps=19730 avgMGps=896.9 elapsed=54m39s839ms
Sep 11 06:08:49 nimbus-eth1-mainnet-long-benchmark[2233876]: INF 2026-09-11 06:08:49.043+00:00 Imported blocks                            blockNumber=4349953 slot=1 blocks=4349952 txs=65574622 mgas=2986500 bps=238.7 tps=25115 mgps=1307 avgBps=1312 avgTps=19786 avgMGps=901.1 elapsed=55m14s159ms
Sep 11 06:09:23 nimbus-eth1-mainnet-long-benchmark[2233876]: INF 2026-09-11 06:09:23.862+00:00 Imported blocks                            blockNumber=4358145 slot=1 blocks=4358144 txs=66535767 mgas=3032340 bps=235.3 tps=27605 mgps=1316 avgBps=1301 avgTps=19867 avgMGps=905.5 elapsed=55m48s976ms
Sep 11 06:10:01 nimbus-eth1-mainnet-long-benchmark[2233876]: INF 2026-09-11 06:10:01.142+00:00 Imported blocks                            blockNumber=4366337 slot=1 blocks=4366336 txs=67558543 mgas=3080047 bps=219.8 tps=27436 mgps=1279 avgBps=1289 avgTps=19950 avgMGps=909.6 elapsed=56m26s254ms
Sep 11 06:10:32 nimbus-eth1-mainnet-long-benchmark[2233876]: INF 2026-09-11 06:10:32.049+00:00 Imported blocks                            blockNumber=4374529 slot=1 blocks=4374528 txs=68347471 mgas=3121687 bps=265.0 tps=25523 mgps=1347 avgBps=1280 avgTps=20001 avgMGps=913.5 elapsed=56m57s163ms
Sep 11 06:10:56 nimbus-eth1-mainnet-long-benchmark[2233876]: INF 2026-09-11 06:10:56.169+00:00 Imported blocks                            blockNumber=4382721 slot=1 blocks=4382720 txs=69028082 mgas=3151992 bps=339.7 tps=28221 mgps=1256 avgBps=1273 avgTps=20058 avgMGps=915.9 elapsed=57m21s280ms
Sep 11 06:11:20 nimbus-eth1-mainnet-long-benchmark[2233876]: INF 2026-09-11 06:11:20.853+00:00 Imported blocks                            blockNumber=4390913 slot=1 blocks=4390912 txs=69661758 mgas=3181386 bps=331.8 tps=25669 mgps=1190 avgBps=1266 avgTps=20098 avgMGps=917.9 elapsed=57m45s966ms
Sep 11 06:11:44 nimbus-eth1-mainnet-long-benchmark[2233876]: INF 2026-09-11 06:11:44.912+00:00 Imported blocks                            blockNumber=4399105 slot=1 blocks=4399104 txs=70353613 mgas=3215985 bps=340.5 tps=28753 mgps=1437 avgBps=1260 avgTps=20158 avgMGps=921.5 elapsed=58m10s28ms
Sep 11 06:12:03 nimbus-eth1-mainnet-long-benchmark[2233876]: INF 2026-09-11 06:12:03.952+00:00 Imported blocks                            blockNumber=4407297 slot=1 blocks=4407296 txs=70941210 mgas=3238205 bps=430.3 tps=30866 mgps=1167 avgBps=1255 avgTps=20216 avgMGps=922.8 elapsed=58m29s65ms
Sep 11 06:12:24 nimbus-eth1-mainnet-long-benchmark[2233876]: INF 2026-09-11 06:12:24.852+00:00 Imported blocks                            blockNumber=4415489 slot=1 blocks=4415488 txs=71544011 mgas=3265347 bps=392.0 tps=28841 mgps=1298 avgBps=1250 avgTps=20267 avgMGps=925.0 elapsed=58m49s965ms
Sep 11 06:12:49 nimbus-eth1-mainnet-long-benchmark[2233876]: INF 2026-09-11 06:12:49.943+00:00 Imported blocks                            blockNumber=4423681 slot=1 blocks=4423680 txs=72181258 mgas=3298910 bps=326.5 tps=25396 mgps=1337 avgBps=1244 avgTps=20303 avgMGps=927.9 elapsed=59m15s57ms
Sep 11 06:13:15 nimbus-eth1-mainnet-long-benchmark[2233876]: INF 2026-09-11 06:13:15.499+00:00 Imported blocks                            blockNumber=4431873 slot=1 blocks=4431872 txs=72783427 mgas=3333362 bps=320.5 tps=23562 mgps=1348 avgBps=1237 avgTps=20327 avgMGps=930.9 elapsed=59m40s613ms
Sep 11 06:13:42 nimbus-eth1-mainnet-long-benchmark[2233876]: INF 2026-09-11 06:13:42.050+00:00 Imported blocks                            blockNumber=4440065 slot=1 blocks=4440064 txs=73427614 mgas=3368565 bps=308.6 tps=24265 mgps=1326 avgBps=1230 avgTps=20356 avgMGps=933.9 elapsed=1h7s160ms
Sep 11 06:14:07 nimbus-eth1-mainnet-long-benchmark[2233876]: INF 2026-09-11 06:14:07.406+00:00 Imported blocks                            blockNumber=4448257 slot=1 blocks=4448256 txs=74062819 mgas=3400868 bps=323.0 tps=25048 mgps=1273 avgBps=1224 avgTps=20388 avgMGps=936.2 elapsed=1h32s519ms
Sep 11 06:14:34 nimbus-eth1-mainnet-long-benchmark[2233876]: INF 2026-09-11 06:14:34.190+00:00 Imported blocks                            blockNumber=4456449 slot=1 blocks=4456448 txs=74720986 mgas=3434385 bps=305.9 tps=24574 mgps=1251 avgBps=1217 avgTps=20419 avgMGps=938.5 elapsed=1h59s301ms
Sep 11 06:15:03 nimbus-eth1-mainnet-long-benchmark[2233876]: INF 2026-09-11 06:15:03.453+00:00 Imported blocks                            blockNumber=4464641 slot=1 blocks=4464640 txs=75435593 mgas=3471537 bps=279.9 tps=24420 mgps=1269 avgBps=1210 avgTps=20451 avgMGps=941.2 elapsed=1h1m28s
Sep 11 06:15:34 nimbus-eth1-mainnet-long-benchmark[2233876]: INF 2026-09-11 06:15:34.229+00:00 Imported blocks                            blockNumber=4472833 slot=1 blocks=4472832 txs=76123403 mgas=3510491 bps=266.2 tps=22348 mgps=1265 avgBps=1202 avgTps=20466 avgMGps=943.8 elapsed=1h1m59s
Sep 11 06:16:05 nimbus-eth1-mainnet-long-benchmark[2233876]: INF 2026-09-11 06:16:05.120+00:00 Imported blocks                            blockNumber=4481025 slot=1 blocks=4481024 txs=76814745 mgas=3549347 bps=265.2 tps=22378 mgps=1257 avgBps=1194 avgTps=20482 avgMGps=946.4 elapsed=1h2m30s
Sep 11 06:16:32 nimbus-eth1-mainnet-long-benchmark[2233876]: INF 2026-09-11 06:16:32.716+00:00 Imported blocks                            blockNumber=4489217 slot=1 blocks=4489216 txs=77411837 mgas=3582458 bps=296.9 tps=21636 mgps=1199 avgBps=1188 avgTps=20491 avgMGps=948.3 elapsed=1h2m57s
Sep 11 06:16:54 nimbus-eth1-mainnet-long-benchmark[2233876]: INF 2026-09-11 06:16:54.599+00:00 Imported blocks                            blockNumber=4497409 slot=1 blocks=4497408 txs=77942209 mgas=3607255 bps=374.3 tps=24235 mgps=1133 avgBps=1183 avgTps=20512 avgMGps=949.3 elapsed=1h3m19s
Sep 11 06:17:18 nimbus-eth1-mainnet-long-benchmark[2233876]: INF 2026-09-11 06:17:18.311+00:00 Imported blocks                            blockNumber=4505601 slot=1 blocks=4505600 txs=78606743 mgas=3635023 bps=345.5 tps=28025 mgps=1171 avgBps=1178 avgTps=20559 avgMGps=950.7 elapsed=1h3m43s
Sep 11 06:17:43 nimbus-eth1-mainnet-long-benchmark[2233876]: INF 2026-09-11 06:17:43.442+00:00 Imported blocks                            blockNumber=4513793 slot=1 blocks=4513792 txs=79214459 mgas=3664486 bps=326.0 tps=24186 mgps=1172 avgBps=1172 avgTps=20582 avgMGps=952.2 elapsed=1h4m8s
Sep 11 06:18:11 nimbus-eth1-mainnet-long-benchmark[2233876]: INF 2026-09-11 06:18:11.794+00:00 Imported blocks                            blockNumber=4521985 slot=1 blocks=4521984 txs=79851427 mgas=3698304 bps=288.9 tps=22467 mgps=1192 avgBps=1166 avgTps=20596 avgMGps=953.9 elapsed=1h4m36s
Sep 11 06:18:36 nimbus-eth1-mainnet-long-benchmark[2233876]: INF 2026-09-11 06:18:36.918+00:00 Imported blocks                            blockNumber=4530177 slot=1 blocks=4530176 txs=80428047 mgas=3729162 bps=326.0 tps=22949 mgps=1228 avgBps=1160 avgTps=20611 avgMGps=955.7 elapsed=1h5m2s
Sep 11 06:19:02 nimbus-eth1-mainnet-long-benchmark[2233876]: INF 2026-09-11 06:19:02.245+00:00 Imported blocks                            blockNumber=4538369 slot=1 blocks=4538368 txs=80983691 mgas=3759064 bps=323.4 tps=21936 mgps=1180 avgBps=1155 avgTps=20620 avgMGps=957.1 elapsed=1h5m27s
Sep 11 06:19:28 nimbus-eth1-mainnet-long-benchmark[2233876]: INF 2026-09-11 06:19:28.485+00:00 Imported blocks                            blockNumber=4546561 slot=1 blocks=4546560 txs=81559884 mgas=3790793 bps=312.2 tps=21959 mgps=1209 avgBps=1149 avgTps=20629 avgMGps=958.8 elapsed=1h5m53s
Sep 11 06:19:56 nimbus-eth1-mainnet-long-benchmark[2233876]: INF 2026-09-11 06:19:56.792+00:00 Imported blocks                            blockNumber=4554753 slot=1 blocks=4554752 txs=82174217 mgas=3824726 bps=289.4 tps=21702 mgps=1198 avgBps=1143 avgTps=20636 avgMGps=960.5 elapsed=1h6m21s
Sep 11 06:20:25 nimbus-eth1-mainnet-long-benchmark[2233876]: INF 2026-09-11 06:20:25.316+00:00 Imported blocks                            blockNumber=4562945 slot=1 blocks=4562944 txs=82868507 mgas=3859804 bps=287.2 tps=24338 mgps=1229 avgBps=1137 avgTps=20663 avgMGps=962.4 elapsed=1h6m50s
Sep 11 06:20:54 nimbus-eth1-mainnet-long-benchmark[2233876]: INF 2026-09-11 06:20:54.779+00:00 Imported blocks                            blockNumber=4571137 slot=1 blocks=4571136 txs=83554280 mgas=3895039 bps=278.0 tps=23275 mgps=1195 avgBps=1131 avgTps=20682 avgMGps=964.1 elapsed=1h7m19s
Sep 11 06:21:22 nimbus-eth1-mainnet-long-benchmark[2233876]: INF 2026-09-11 06:21:22.191+00:00 Imported blocks                            blockNumber=4579329 slot=1 blocks=4579328 txs=84149623 mgas=3927552 bps=298.9 tps=21719 mgps=1186 avgBps=1125 avgTps=20689 avgMGps=965.6 elapsed=1h7m47s
Sep 11 06:21:50 nimbus-eth1-mainnet-long-benchmark[2233876]: INF 2026-09-11 06:21:50.315+00:00 Imported blocks                            blockNumber=4587521 slot=1 blocks=4587520 txs=84766299 mgas=3958985 bps=291.3 tps=21930 mgps=1117 avgBps=1120 avgTps=20697 avgMGps=966.7 elapsed=1h8m15s
Sep 11 06:22:22 nimbus-eth1-mainnet-long-benchmark[2233876]: INF 2026-09-11 06:22:22.038+00:00 Imported blocks                            blockNumber=4595713 slot=1 blocks=4595712 txs=85498687 mgas=3994447 bps=258.2 tps=23084 mgps=1117 avgBps=1113 avgTps=20716 avgMGps=967.8 elapsed=1h8m47s
Sep 11 06:22:51 nimbus-eth1-mainnet-long-benchmark[2233876]: INF 2026-09-11 06:22:51.606+00:00 Imported blocks                            blockNumber=4603905 slot=1 blocks=4603904 txs=86200373 mgas=4028500 bps=277.1 tps=23733 mgps=1151 avgBps=1107 avgTps=20737 avgMGps=969.2 elapsed=1h9m16s
Sep 11 06:23:20 nimbus-eth1-mainnet-long-benchmark[2233876]: INF 2026-09-11 06:23:20.893+00:00 Imported blocks                            blockNumber=4612097 slot=1 blocks=4612096 txs=86896398 mgas=4063314 bps=279.7 tps=23762 mgps=1188 avgBps=1101 avgTps=20758 avgMGps=970.7 elapsed=1h9m46s
Sep 11 06:23:52 nimbus-eth1-mainnet-long-benchmark[2233876]: INF 2026-09-11 06:23:52.517+00:00 Imported blocks                            blockNumber=4620289 slot=1 blocks=4620288 txs=87653240 mgas=4099890 bps=259.1 tps=23933 mgps=1156 avgBps=1095 avgTps=20782 avgMGps=972.1 elapsed=1h10m17s
Sep 11 06:24:22 nimbus-eth1-mainnet-long-benchmark[2233876]: INF 2026-09-11 06:24:22.196+00:00 Imported blocks                            blockNumber=4628481 slot=1 blocks=4628480 txs=88349198 mgas=4135697 bps=276.0 tps=23450 mgps=1206 avgBps=1089 avgTps=20801 avgMGps=973.7 elapsed=1h10m47s
Sep 11 06:24:58 nimbus-eth1-mainnet-long-benchmark[2233876]: INF 2026-09-11 06:24:58.491+00:00 Imported blocks                            blockNumber=4636673 slot=1 blocks=4636672 txs=89189186 mgas=4177023 bps=225.7 tps=23141 mgps=1138 avgBps=1082 avgTps=20821 avgMGps=975.1 elapsed=1h11m23s
Sep 11 06:25:34 nimbus-eth1-mainnet-long-benchmark[2233876]: INF 2026-09-11 06:25:34.027+00:00 Imported blocks                            blockNumber=4644865 slot=1 blocks=4644864 txs=90049004 mgas=4216584 bps=230.5 tps=24194 mgps=1113 avgBps=1075 avgTps=20848 avgMGps=976.3 elapsed=1h11m59s
Sep 11 06:26:10 nimbus-eth1-mainnet-long-benchmark[2233876]: INF 2026-09-11 06:26:10.434+00:00 Imported blocks                            blockNumber=4653057 slot=1 blocks=4653056 txs=90927345 mgas=4255623 bps=225.0 tps=24129 mgps=1072 avgBps=1068 avgTps=20876 avgMGps=977.1 elapsed=1h12m35s
Sep 11 06:26:48 nimbus-eth1-mainnet-long-benchmark[2233876]: INF 2026-09-11 06:26:48.106+00:00 Imported blocks                            blockNumber=4661249 slot=1 blocks=4661248 txs=91765363 mgas=4297355 bps=217.4 tps=22244 mgps=1107 avgBps=1061 avgTps=20887 avgMGps=978.2 elapsed=1h13m13s
Sep 11 06:27:28 nimbus-eth1-mainnet-long-benchmark[2233876]: INF 2026-09-11 06:27:28.409+00:00 Imported blocks                            blockNumber=4669441 slot=1 blocks=4669440 txs=92633756 mgas=4339723 bps=203.3 tps=21545 mgps=1051 avgBps=1053 avgTps=20893 avgMGps=978.8 elapsed=1h13m53s
Sep 11 06:28:14 nimbus-eth1-mainnet-long-benchmark[2233876]: INF 2026-09-11 06:28:14.796+00:00 Imported blocks                            blockNumber=4677633 slot=1 blocks=4677632 txs=93658164 mgas=4390089 bps=176.6 tps=22083 mgps=1085 avgBps=1044 avgTps=20906 avgMGps=980.0 elapsed=1h14m39s
Sep 11 06:29:01 nimbus-eth1-mainnet-long-benchmark[2233876]: INF 2026-09-11 06:29:01.704+00:00 Imported blocks                            blockNumber=4685825 slot=1 blocks=4685824 txs=94764793 mgas=4440912 bps=174.6 tps=23592 mgps=1083 avgBps=1035 avgTps=20934 avgMGps=981.0 elapsed=1h15m26s
Sep 11 06:29:45 nimbus-eth1-mainnet-long-benchmark[2233876]: INF 2026-09-11 06:29:45.571+00:00 Imported blocks                            blockNumber=4694017 slot=1 blocks=4694016 txs=95748114 mgas=4493164 bps=186.7 tps=22414 mgps=1191 avgBps=1026 avgTps=20948 avgMGps=983.0 elapsed=1h16m10s
Sep 11 06:30:37 nimbus-eth1-mainnet-long-benchmark[2233876]: INF 2026-09-11 06:30:37.926+00:00 Imported blocks                            blockNumber=4702209 slot=1 blocks=4702208 txs=96814108 mgas=4546452 bps=156.5 tps=20362 mgps=1017 avgBps=1017 avgTps=20941 avgMGps=983.4 elapsed=1h17m3s
Sep 11 06:31:33 nimbus-eth1-mainnet-long-benchmark[2233876]: INF 2026-09-11 06:31:33.105+00:00 Imported blocks                            blockNumber=4710401 slot=1 blocks=4710400 txs=97818338 mgas=4603482 bps=148.5 tps=18199 mgps=1033 avgBps=1006 avgTps=20909 avgMGps=984.0 elapsed=1h17m58s
Sep 11 06:32:32 nimbus-eth1-mainnet-long-benchmark[2233876]: INF 2026-09-11 06:32:32.168+00:00 Imported blocks                            blockNumber=4718593 slot=1 blocks=4718592 txs=98994205 mgas=4663549 bps=138.7 tps=19908 mgps=1016 avgBps=996.1 avgTps=20896 avgMGps=984.4 elapsed=1h18m57s
Sep 11 06:33:30 nimbus-eth1-mainnet-long-benchmark[2233876]: INF 2026-09-11 06:33:30.027+00:00 Imported blocks                            blockNumber=4726785 slot=1 blocks=4726784 txs=100277937 mgas=4723869 bps=141.6 tps=22187 mgps=1042 avgBps=985.7 avgTps=20912 avgMGps=985.1 elapsed=1h19m55s
Sep 11 06:34:29 nimbus-eth1-mainnet-long-benchmark[2233876]: INF 2026-09-11 06:34:29.758+00:00 Imported blocks                            blockNumber=4734977 slot=1 blocks=4734976 txs=101644153 mgas=4786939 bps=137.2 tps=22874 mgps=1055 avgBps=975.3 avgTps=20936 avgMGps=986.0 elapsed=1h20m54s
Sep 11 06:35:23 nimbus-eth1-mainnet-long-benchmark[2233876]: INF 2026-09-11 06:35:23.833+00:00 Imported blocks                            blockNumber=4743169 slot=1 blocks=4743168 txs=102893274 mgas=4846048 bps=151.5 tps=23098 mgps=1093 avgBps=966.2 avgTps=20960 avgMGps=987.2 elapsed=1h21m48s
Sep 11 06:36:18 nimbus-eth1-mainnet-long-benchmark[2233876]: INF 2026-09-11 06:36:18.953+00:00 Imported blocks                            blockNumber=4751361 slot=1 blocks=4751360 txs=104145399 mgas=4905956 bps=148.6 tps=22716 mgps=1086 avgBps=957.2 avgTps=20979 avgMGps=988.3 elapsed=1h22m44s
Sep 11 06:37:16 nimbus-eth1-mainnet-long-benchmark[2233876]: INF 2026-09-11 06:37:16.540+00:00 Imported blocks                            blockNumber=4759553 slot=1 blocks=4759552 txs=105596606 mgas=4968002 bps=142.2 tps=25199 mgps=1077 avgBps=947.8 avgTps=21028 avgMGps=989.3 elapsed=1h23m41s
Sep 11 06:38:13 nimbus-eth1-mainnet-long-benchmark[2233876]: INF 2026-09-11 06:38:13.799+00:00 Imported blocks                            blockNumber=4767745 slot=1 blocks=4767744 txs=107116598 mgas=5030101 bps=143.1 tps=26548 mgps=1084 avgBps=938.7 avgTps=21090 avgMGps=990.4 elapsed=1h24m38s
Sep 11 06:39:07 nimbus-eth1-mainnet-long-benchmark[2233876]: INF 2026-09-11 06:39:07.890+00:00 Imported blocks                            blockNumber=4775937 slot=1 blocks=4775936 txs=108702043 mgas=5092598 bps=151.4 tps=29308 mgps=1155 avgBps=930.4 avgTps=21177 avgMGps=992.1 elapsed=1h25m33s
Sep 11 06:40:01 nimbus-eth1-mainnet-long-benchmark[2233876]: INF 2026-09-11 06:40:01.853+00:00 Imported blocks                            blockNumber=4784129 slot=1 blocks=4784128 txs=110102113 mgas=5151342 bps=151.8 tps=25945 mgps=1088 avgBps=922.3 avgTps=21226 avgMGps=993.1 elapsed=1h26m26s
Sep 11 06:40:46 nimbus-eth1-mainnet-long-benchmark[2233876]: INF 2026-09-11 06:40:46.076+00:00 Imported blocks                            blockNumber=4792321 slot=1 blocks=4792320 txs=111154247 mgas=5205528 bps=185.2 tps=23791 mgps=1225 avgBps=916.1 avgTps=21248 avgMGps=995.1 elapsed=1h27m11s
Sep 11 06:41:29 nimbus-eth1-mainnet-long-benchmark[2233876]: INF 2026-09-11 06:41:29.652+00:00 Imported blocks                            blockNumber=4800513 slot=1 blocks=4800512 txs=112173781 mgas=5255457 bps=188.0 tps=23395 mgps=1145 avgBps=910.1 avgTps=21266 avgMGps=996.3 elapsed=1h27m54s
Sep 11 06:42:20 nimbus-eth1-mainnet-long-benchmark[2233876]: INF 2026-09-11 06:42:20.503+00:00 Imported blocks                            blockNumber=4808705 slot=1 blocks=4808704 txs=113435561 mgas=5312967 bps=161.1 tps=24815 mgps=1131 avgBps=902.9 avgTps=21300 avgMGps=997.6 elapsed=1h28m45s
Sep 11 06:43:14 nimbus-eth1-mainnet-long-benchmark[2233876]: INF 2026-09-11 06:43:14.414+00:00 Imported blocks                            blockNumber=4816897 slot=1 blocks=4816896 txs=114766918 mgas=5370558 bps=151.9 tps=24694 mgps=1068 avgBps=895.4 avgTps=21334 avgMGps=998.3 elapsed=1h29m39s
Sep 11 06:44:11 nimbus-eth1-mainnet-long-benchmark[2233876]: INF 2026-09-11 06:44:11.425+00:00 Imported blocks                            blockNumber=4825089 slot=1 blocks=4825088 txs=116406212 mgas=5431366 bps=143.7 tps=28753 mgps=1066 avgBps=887.5 avgTps=21411 avgMGps=999.0 elapsed=1h30m36s
Sep 11 06:45:03 nimbus-eth1-mainnet-long-benchmark[2233876]: INF 2026-09-11 06:45:03.408+00:00 Imported blocks                            blockNumber=4833281 slot=1 blocks=4833280 txs=117730733 mgas=5487657 bps=157.6 tps=25479 mgps=1082 avgBps=880.6 avgTps=21450 avgMGps=999.8 elapsed=1h31m28s
Sep 11 06:45:56 nimbus-eth1-mainnet-long-benchmark[2233876]: INF 2026-09-11 06:45:56.355+00:00 Imported blocks                            blockNumber=4841473 slot=1 blocks=4841472 txs=119096404 mgas=5544385 bps=154.7 tps=25792 mgps=1071 avgBps=873.7 avgTps=21491 avgMGps=1000 elapsed=1h32m21s
Sep 11 06:46:57 nimbus-eth1-mainnet-long-benchmark[2233876]: INF 2026-09-11 06:46:57.746+00:00 Imported blocks                            blockNumber=4849665 slot=1 blocks=4849664 txs=120896969 mgas=5606368 bps=133.4 tps=29330 mgps=1009 avgBps=865.6 avgTps=21577 avgMGps=1000 elapsed=1h33m22s
Sep 11 06:47:56 nimbus-eth1-mainnet-long-benchmark[2233876]: INF 2026-09-11 06:47:56.185+00:00 Imported blocks                            blockNumber=4857857 slot=1 blocks=4857856 txs=122899185 mgas=5668346 bps=140.2 tps=34260 mgps=1060 avgBps=858.1 avgTps=21708 avgMGps=1001 elapsed=1h34m21s
Sep 11 06:48:57 nimbus-eth1-mainnet-long-benchmark[2233876]: INF 2026-09-11 06:48:57.524+00:00 Imported blocks                            blockNumber=4866049 slot=1 blocks=4866048 txs=124785066 mgas=5730497 bps=133.6 tps=30745 mgps=1013 avgBps=850.3 avgTps=21805 avgMGps=1001 elapsed=1h35m22s
Sep 11 06:49:57 nimbus-eth1-mainnet-long-benchmark[2233876]: INF 2026-09-11 06:49:57.515+00:00 Imported blocks                            blockNumber=4874241 slot=1 blocks=4874240 txs=126509295 mgas=5793302 bps=136.6 tps=28741 mgps=1046 avgBps=842.9 avgTps=21877 avgMGps=1001 elapsed=1h36m22s
Sep 11 06:50:58 nimbus-eth1-mainnet-long-benchmark[2233876]: INF 2026-09-11 06:50:58.866+00:00 Imported blocks                            blockNumber=4882433 slot=1 blocks=4882432 txs=128423524 mgas=5855689 bps=133.5 tps=31202 mgps=1016 avgBps=835.5 avgTps=21975 avgMGps=1002 elapsed=1h37m23s
Sep 11 06:51:55 nimbus-eth1-mainnet-long-benchmark[2233876]: INF 2026-09-11 06:51:55.505+00:00 Imported blocks                            blockNumber=4890625 slot=1 blocks=4890624 txs=130207981 mgas=5917669 bps=144.6 tps=31505 mgps=1094 avgBps=828.8 avgTps=22066 avgMGps=1002 elapsed=1h38m20s
Sep 11 06:52:56 nimbus-eth1-mainnet-long-benchmark[2233876]: INF 2026-09-11 06:52:56.353+00:00 Imported blocks                            blockNumber=4898817 slot=1 blocks=4898816 txs=131918301 mgas=5979986 bps=134.6 tps=28108 mgps=1024 avgBps=821.7 avgTps=22128 avgMGps=1003 elapsed=1h39m21s
Sep 11 06:53:55 nimbus-eth1-mainnet-long-benchmark[2233876]: INF 2026-09-11 06:53:55.640+00:00 Imported blocks                            blockNumber=4907009 slot=1 blocks=4907008 txs=133644765 mgas=6042377 bps=138.2 tps=29120 mgps=1052 avgBps=815.0 avgTps=22197 avgMGps=1003 elapsed=1h40m20s
Sep 11 06:54:57 nimbus-eth1-mainnet-long-benchmark[2233876]: INF 2026-09-11 06:54:57.111+00:00 Imported blocks                            blockNumber=4915201 slot=1 blocks=4915200 txs=135374772 mgas=6105758 bps=133.3 tps=28144 mgps=1031 avgBps=808.1 avgTps=22257 avgMGps=1003 elapsed=1h41m22s
Sep 11 06:55:58 nimbus-eth1-mainnet-long-benchmark[2233876]: INF 2026-09-11 06:55:58.886+00:00 Imported blocks                            blockNumber=4923393 slot=1 blocks=4923392 txs=137233391 mgas=6168038 bps=132.6 tps=30085 mgps=1008 avgBps=801.3 avgTps=22336 avgMGps=1003 elapsed=1h42m23s
Sep 11 06:57:01 nimbus-eth1-mainnet-long-benchmark[2233876]: INF 2026-09-11 06:57:01.737+00:00 Imported blocks                            blockNumber=4931585 slot=1 blocks=4931584 txs=139083071 mgas=6230222 bps=130.3 tps=29429 mgps=989.4 avgBps=794.5 avgTps=22407 avgMGps=1003 elapsed=1h43m26s
Sep 11 06:57:58 nimbus-eth1-mainnet-long-benchmark[2233876]: INF 2026-09-11 06:57:58.868+00:00 Imported blocks                            blockNumber=4939777 slot=1 blocks=4939776 txs=140579742 mgas=6288626 bps=143.4 tps=26197 mgps=1022 avgBps=788.6 avgTps=22442 avgMGps=1003 elapsed=1h44m23s
Sep 11 06:58:57 nimbus-eth1-mainnet-long-benchmark[2233876]: INF 2026-09-11 06:58:57.715+00:00 Imported blocks                            blockNumber=4947969 slot=1 blocks=4947968 txs=141972812 mgas=6347260 bps=139.2 tps=23672 mgps=996.4 avgBps=782.6 avgTps=22454 avgMGps=1003 elapsed=1h45m22s
Sep 11 06:59:54 nimbus-eth1-mainnet-long-benchmark[2233876]: INF 2026-09-11 06:59:54.482+00:00 Imported blocks                            blockNumber=4956161 slot=1 blocks=4956160 txs=143300158 mgas=6406048 bps=144.3 tps=23382 mgps=1035 avgBps=776.9 avgTps=22462 avgMGps=1004 elapsed=1h46m19s
Sep 11 07:00:51 nimbus-eth1-mainnet-long-benchmark[2233876]: INF 2026-09-11 07:00:51.185+00:00 Imported blocks                            blockNumber=4964353 slot=1 blocks=4964352 txs=144572404 mgas=6464172 bps=144.5 tps=22437 mgps=1025 avgBps=771.3 avgTps=22462 avgMGps=1004 elapsed=1h47m16s
Sep 11 07:01:44 nimbus-eth1-mainnet-long-benchmark[2233876]: INF 2026-09-11 07:01:44.772+00:00 Imported blocks                            blockNumber=4972545 slot=1 blocks=4972544 txs=145732007 mgas=6518983 bps=152.9 tps=21639 mgps=1022 avgBps=766.2 avgTps=22455 avgMGps=1004 elapsed=1h48m9s
Sep 11 07:02:38 nimbus-eth1-mainnet-long-benchmark[2233876]: INF 2026-09-11 07:02:38.819+00:00 Imported blocks                            blockNumber=4980737 slot=1 blocks=4980736 txs=146992977 mgas=6572341 bps=151.6 tps=23329 mgps=987.2 avgBps=761.1 avgTps=22462 avgMGps=1004 elapsed=1h49m3s
Sep 11 07:03:30 nimbus-eth1-mainnet-long-benchmark[2233876]: INF 2026-09-11 07:03:30.230+00:00 Imported blocks                            blockNumber=4988929 slot=1 blocks=4988928 txs=148169050 mgas=6625014 bps=159.4 tps=22876 mgps=1024 avgBps=756.4 avgTps=22465 avgMGps=1004 elapsed=1h49m55s
Sep 11 07:04:23 nimbus-eth1-mainnet-long-benchmark[2233876]: INF 2026-09-11 07:04:23.649+00:00 Imported blocks                            blockNumber=4997121 slot=1 blocks=4997120 txs=149428291 mgas=6680179 bps=153.4 tps=23573 mgps=1032 avgBps=751.6 avgTps=22474 avgMGps=1004 elapsed=1h50m48s
Sep 11 07:05:16 nimbus-eth1-mainnet-long-benchmark[2233876]: INF 2026-09-11 07:05:16.141+00:00 Imported blocks                            blockNumber=5005313 slot=1 blocks=5005312 txs=150690724 mgas=6736552 bps=156.1 tps=24048 mgps=1073 avgBps=746.9 avgTps=22486 avgMGps=1005 elapsed=1h51m41s
Sep 11 07:06:14 nimbus-eth1-mainnet-long-benchmark[2233876]: INF 2026-09-11 07:06:14.624+00:00 Imported blocks                            blockNumber=5013505 slot=1 blocks=5013504 txs=152046753 mgas=6796099 bps=140.1 tps=23186 mgps=1018 avgBps=741.7 avgTps=22492 avgMGps=1005 elapsed=1h52m39s
Sep 11 07:07:10 nimbus-eth1-mainnet-long-benchmark[2233876]: INF 2026-09-11 07:07:10.951+00:00 Imported blocks                            blockNumber=5021697 slot=1 blocks=5021696 txs=153352595 mgas=6852788 bps=145.4 tps=23183 mgps=1006 avgBps=736.7 avgTps=22498 avgMGps=1005 elapsed=1h53m36s
Sep 11 07:07:59 nimbus-eth1-mainnet-long-benchmark[2233876]: INF 2026-09-11 07:07:59.846+00:00 Imported blocks                            blockNumber=5029889 slot=1 blocks=5029888 txs=154478474 mgas=6906687 bps=167.6 tps=23027 mgps=1102 avgBps=732.7 avgTps=22502 avgMGps=1006 elapsed=1h54m24s
Sep 11 07:08:49 nimbus-eth1-mainnet-long-benchmark[2233876]: INF 2026-09-11 07:08:49.509+00:00 Imported blocks                            blockNumber=5038081 slot=1 blocks=5038080 txs=155640110 mgas=6960957 bps=164.9 tps=23389 mgps=1092 avgBps=728.6 avgTps=22508 avgMGps=1006 elapsed=1h55m14s
Sep 11 07:09:41 nimbus-eth1-mainnet-long-benchmark[2233876]: INF 2026-09-11 07:09:41.608+00:00 Imported blocks                            blockNumber=5046273 slot=1 blocks=5046272 txs=156831227 mgas=7015012 bps=157.2 tps=22862 mgps=1037 avgBps=724.3 avgTps=22511 avgMGps=1006 elapsed=1h56m6s
Sep 11 07:10:32 nimbus-eth1-mainnet-long-benchmark[2233876]: INF 2026-09-11 07:10:32.096+00:00 Imported blocks                            blockNumber=5054465 slot=1 blocks=5054464 txs=157887753 mgas=7068299 bps=162.3 tps=20926 mgps=1055 avgBps=720.3 avgTps=22500 avgMGps=1007 elapsed=1h56m57s
Sep 11 07:11:21 nimbus-eth1-mainnet-long-benchmark[2233876]: INF 2026-09-11 07:11:21.247+00:00 Imported blocks                            blockNumber=5062657 slot=1 blocks=5062656 txs=158926316 mgas=7120645 bps=166.7 tps=21129 mgps=1064 avgBps=716.4 avgTps=22490 avgMGps=1007 elapsed=1h57m46s
Sep 11 07:12:09 nimbus-eth1-mainnet-long-benchmark[2233876]: INF 2026-09-11 07:12:09.558+00:00 Imported blocks                            blockNumber=5070849 slot=1 blocks=5070848 txs=160037571 mgas=7174271 bps=169.6 tps=23002 mgps=1110 avgBps=712.7 avgTps=22494 avgMGps=1008 elapsed=1h58m34s
Sep 11 07:13:01 nimbus-eth1-mainnet-long-benchmark[2233876]: INF 2026-09-11 07:13:01.045+00:00 Imported blocks                            blockNumber=5079041 slot=1 blocks=5079040 txs=161176737 mgas=7228023 bps=159.1 tps=22125 mgps=1044 avgBps=708.8 avgTps=22491 avgMGps=1008 elapsed=1h59m26s
Sep 11 07:13:47 nimbus-eth1-mainnet-long-benchmark[2233876]: INF 2026-09-11 07:13:47.320+00:00 Imported blocks                            blockNumber=5087233 slot=1 blocks=5087232 txs=162187586 mgas=7278252 bps=177.0 tps=21844 mgps=1085 avgBps=705.3 avgTps=22487 avgMGps=1009 elapsed=2h12s433ms
Sep 11 07:14:36 nimbus-eth1-mainnet-long-benchmark[2233876]: INF 2026-09-11 07:14:36.812+00:00 Imported blocks                            blockNumber=5095425 slot=1 blocks=5095424 txs=163274156 mgas=7330930 bps=165.5 tps=21954 mgps=1064 avgBps=701.7 avgTps=22483 avgMGps=1009 elapsed=2h1m1s
Sep 11 07:15:24 nimbus-eth1-mainnet-long-benchmark[2233876]: INF 2026-09-11 07:15:24.863+00:00 Imported blocks                            blockNumber=5103617 slot=1 blocks=5103616 txs=164255301 mgas=7383195 bps=170.5 tps=20418 mgps=1087 avgBps=698.2 avgTps=22470 avgMGps=1010 elapsed=2h1m49s
Sep 11 07:16:14 nimbus-eth1-mainnet-long-benchmark[2233876]: INF 2026-09-11 07:16:14.194+00:00 Imported blocks                            blockNumber=5111809 slot=1 blocks=5111808 txs=165332350 mgas=7436822 bps=166.1 tps=21833 mgps=1087 avgBps=694.6 avgTps=22465 avgMGps=1010 elapsed=2h2m39s
Sep 11 07:17:03 nimbus-eth1-mainnet-long-benchmark[2233876]: INF 2026-09-11 07:17:03.493+00:00 Imported blocks                            blockNumber=5120001 slot=1 blocks=5120000 txs=166389897 mgas=7491018 bps=166.2 tps=21451 mgps=1099 avgBps=691.1 avgTps=22459 avgMGps=1011 elapsed=2h3m28s
Sep 11 07:17:58 nimbus-eth1-mainnet-long-benchmark[2233876]: INF 2026-09-11 07:17:58.356+00:00 Imported blocks                            blockNumber=5128193 slot=1 blocks=5128192 txs=167598391 mgas=7549235 bps=149.3 tps=22026 mgps=1061 avgBps=687.1 avgTps=22455 avgMGps=1011 elapsed=2h4m23s
Sep 11 07:18:49 nimbus-eth1-mainnet-long-benchmark[2233876]: INF 2026-09-11 07:18:49.640+00:00 Imported blocks                            blockNumber=5136385 slot=1 blocks=5136384 txs=168782652 mgas=7605981 bps=159.7 tps=23092 mgps=1106 avgBps=683.5 avgTps=22460 avgMGps=1012 elapsed=2h5m14s
Sep 11 07:19:39 nimbus-eth1-mainnet-long-benchmark[2233876]: INF 2026-09-11 07:19:39.515+00:00 Imported blocks                            blockNumber=5144577 slot=1 blocks=5144576 txs=169782076 mgas=7658488 bps=164.2 tps=20037 mgps=1052 avgBps=680.1 avgTps=22444 avgMGps=1012 elapsed=2h6m4s
Sep 11 07:20:29 nimbus-eth1-mainnet-long-benchmark[2233876]: INF 2026-09-11 07:20:29.898+00:00 Imported blocks                            blockNumber=5152769 slot=1 blocks=5152768 txs=170799521 mgas=7712067 bps=162.6 tps=20196 mgps=1063 avgBps=676.7 avgTps=22429 avgMGps=1012 elapsed=2h6m55s
Sep 11 07:21:21 nimbus-eth1-mainnet-long-benchmark[2233876]: INF 2026-09-11 07:21:21.265+00:00 Imported blocks                            blockNumber=5160961 slot=1 blocks=5160960 txs=171819144 mgas=7764877 bps=159.5 tps=19848 mgps=1028 avgBps=673.2 avgTps=22412 avgMGps=1012 elapsed=2h7m46s
Sep 11 07:22:11 nimbus-eth1-mainnet-long-benchmark[2233876]: INF 2026-09-11 07:22:11.048+00:00 Imported blocks                            blockNumber=5169153 slot=1 blocks=5169152 txs=172757993 mgas=7817043 bps=164.6 tps=18858 mgps=1047 avgBps=669.9 avgTps=22389 avgMGps=1013 elapsed=2h8m36s
Sep 11 07:23:04 nimbus-eth1-mainnet-long-benchmark[2233876]: INF 2026-09-11 07:23:04.320+00:00 Imported blocks                            blockNumber=5177345 slot=1 blocks=5177344 txs=173763054 mgas=7871023 bps=153.8 tps=18867 mgps=1013 avgBps=666.4 avgTps=22364 avgMGps=1013 elapsed=2h9m29s
Sep 11 07:24:00 nimbus-eth1-mainnet-long-benchmark[2233876]: INF 2026-09-11 07:24:00.091+00:00 Imported blocks                            blockNumber=5185537 slot=1 blocks=5185536 txs=174769351 mgas=7925432 bps=146.9 tps=18043 mgps=975.6 avgBps=662.7 avgTps=22334 avgMGps=1012 elapsed=2h10m25s
Sep 11 07:24:50 nimbus-eth1-mainnet-long-benchmark[2233876]: INF 2026-09-11 07:24:50.830+00:00 Imported blocks                            blockNumber=5193729 slot=1 blocks=5193728 txs=175680124 mgas=7977799 bps=161.5 tps=17950 mgps=1032 avgBps=659.4 avgTps=22305 avgMGps=1012 elapsed=2h11m15s
Sep 11 07:25:41 nimbus-eth1-mainnet-long-benchmark[2233876]: INF 2026-09-11 07:25:41.993+00:00 Imported blocks                            blockNumber=5201921 slot=1 blocks=5201920 txs=176699733 mgas=8032758 bps=160.1 tps=19926 mgps=1074 avgBps=656.2 avgTps=22290 avgMGps=1013 elapsed=2h12m7s
Sep 11 07:26:34 nimbus-eth1-mainnet-long-benchmark[2233876]: INF 2026-09-11 07:26:34.324+00:00 Imported blocks                            blockNumber=5210113 slot=1 blocks=5210112 txs=177662938 mgas=8084190 bps=156.5 tps=18406 mgps=982.8 avgBps=652.9 avgTps=22265 avgMGps=1013 elapsed=2h12m59s
Sep 11 07:27:30 nimbus-eth1-mainnet-long-benchmark[2233876]: INF 2026-09-11 07:27:30.535+00:00 Imported blocks                            blockNumber=5218305 slot=1 blocks=5218304 txs=178743234 mgas=8137622 bps=145.7 tps=19217 mgps=950.5 avgBps=649.4 avgTps=22243 avgMGps=1012 elapsed=2h13m55s
Sep 11 07:28:23 nimbus-eth1-mainnet-long-benchmark[2233876]: INF 2026-09-11 07:28:23.051+00:00 Imported blocks                            blockNumber=5226497 slot=1 blocks=5226496 txs=179656269 mgas=8189437 bps=156.0 tps=17387 mgps=986.8 avgBps=646.2 avgTps=22212 avgMGps=1012 elapsed=2h14m48s
Sep 11 07:29:11 nimbus-eth1-mainnet-long-benchmark[2233876]: INF 2026-09-11 07:29:11.486+00:00 Imported blocks                            blockNumber=5234689 slot=1 blocks=5234688 txs=180467802 mgas=8239147 bps=169.1 tps=16753 mgps=1026 avgBps=643.4 avgTps=22179 avgMGps=1012 elapsed=2h15m36s
Sep 11 07:30:01 nimbus-eth1-mainnet-long-benchmark[2233876]: INF 2026-09-11 07:30:01.041+00:00 Imported blocks                            blockNumber=5242881 slot=1 blocks=5242880 txs=181381820 mgas=8289807 bps=165.3 tps=18444 mgps=1022 avgBps=640.5 avgTps=22157 avgMGps=1012 elapsed=2h16m26s
Sep 11 07:30:49 nimbus-eth1-mainnet-long-benchmark[2233876]: INF 2026-09-11 07:30:49.872+00:00 Imported blocks                            blockNumber=5251073 slot=1 blocks=5251072 txs=182333554 mgas=8339467 bps=167.8 tps=19489 mgps=1016 avgBps=637.7 avgTps=22141 avgMGps=1012 elapsed=2h17m14s
Sep 11 07:31:41 nimbus-eth1-mainnet-long-benchmark[2233876]: INF 2026-09-11 07:31:41.935+00:00 Imported blocks                            blockNumber=5259265 slot=1 blocks=5259264 txs=183299882 mgas=8389405 bps=157.3 tps=18560 mgps=959.2 avgBps=634.6 avgTps=22118 avgMGps=1012 elapsed=2h18m7s
Sep 11 07:32:30 nimbus-eth1-mainnet-long-benchmark[2233876]: INF 2026-09-11 07:32:30.739+00:00 Imported blocks                            blockNumber=5267457 slot=1 blocks=5267456 txs=184176002 mgas=8437639 bps=167.9 tps=17954 mgps=988.4 avgBps=631.9 avgTps=22094 avgMGps=1012 elapsed=2h18m55s
Sep 11 07:33:16 nimbus-eth1-mainnet-long-benchmark[2233876]: INF 2026-09-11 07:33:16.602+00:00 Imported blocks                            blockNumber=5275649 slot=1 blocks=5275648 txs=185015562 mgas=8483144 bps=178.6 tps=18304 mgps=992.1 avgBps=629.4 avgTps=22073 avgMGps=1012 elapsed=2h19m41s
Sep 11 07:34:06 nimbus-eth1-mainnet-long-benchmark[2233876]: INF 2026-09-11 07:34:06.681+00:00 Imported blocks                            blockNumber=5283841 slot=1 blocks=5283840 txs=185991636 mgas=8533613 bps=163.6 tps=19490 mgps=1007 avgBps=626.7 avgTps=22058 avgMGps=1012 elapsed=2h20m31s
Sep 11 07:34:56 nimbus-eth1-mainnet-long-benchmark[2233876]: INF 2026-09-11 07:34:56.232+00:00 Imported blocks                            blockNumber=5292033 slot=1 blocks=5292032 txs=186916610 mgas=8581538 bps=165.3 tps=18666 mgps=967.2 avgBps=624.0 avgTps=22038 avgMGps=1011 elapsed=2h21m21s
Sep 11 07:35:44 nimbus-eth1-mainnet-long-benchmark[2233876]: INF 2026-09-11 07:35:44.819+00:00 Imported blocks                            blockNumber=5300225 slot=1 blocks=5300224 txs=187858754 mgas=8631219 bps=168.6 tps=19390 mgps=1022 avgBps=621.4 avgTps=22023 avgMGps=1011 elapsed=2h22m9s
Sep 11 07:36:33 nimbus-eth1-mainnet-long-benchmark[2233876]: INF 2026-09-11 07:36:33.031+00:00 Imported blocks                            blockNumber=5308417 slot=1 blocks=5308416 txs=188745166 mgas=8677575 bps=169.9 tps=18387 mgps=961.6 avgBps=618.8 avgTps=22003 avgMGps=1011 elapsed=2h22m58s
Sep 11 07:37:19 nimbus-eth1-mainnet-long-benchmark[2233876]: INF 2026-09-11 07:37:19.510+00:00 Imported blocks                            blockNumber=5316609 slot=1 blocks=5316608 txs=189573202 mgas=8722412 bps=176.2 tps=17814 mgps=964.7 avgBps=616.4 avgTps=21980 avgMGps=1011 elapsed=2h23m44s
Sep 11 07:38:02 nimbus-eth1-mainnet-long-benchmark[2233876]: INF 2026-09-11 07:38:02.761+00:00 Imported blocks                            blockNumber=5324801 slot=1 blocks=5324800 txs=190311453 mgas=8764899 bps=189.4 tps=17069 mgps=982.3 avgBps=614.3 avgTps=21955 avgMGps=1011 elapsed=2h24m27s
Sep 11 07:38:48 nimbus-eth1-mainnet-long-benchmark[2233876]: INF 2026-09-11 07:38:48.221+00:00 Imported blocks                            blockNumber=5332993 slot=1 blocks=5332992 txs=191190015 mgas=8809276 bps=180.2 tps=19325 mgps=976.2 avgBps=612.0 avgTps=21942 avgMGps=1011 elapsed=2h25m13s
Sep 11 07:39:28 nimbus-eth1-mainnet-long-benchmark[2233876]: INF 2026-09-11 07:39:28.884+00:00 Imported blocks                            blockNumber=5341185 slot=1 blocks=5341184 txs=191949799 mgas=8848792 bps=201.5 tps=18684 mgps=971.8 avgBps=610.1 avgTps=21927 avgMGps=1010 elapsed=2h25m53s
Sep 11 07:40:16 nimbus-eth1-mainnet-long-benchmark[2233876]: INF 2026-09-11 07:40:16.623+00:00 Imported blocks                            blockNumber=5349377 slot=1 blocks=5349376 txs=192826757 mgas=8894234 bps=171.6 tps=18368 mgps=951.8 avgBps=607.8 avgTps=21907 avgMGps=1010 elapsed=2h26m41s
Sep 11 07:41:03 nimbus-eth1-mainnet-long-benchmark[2233876]: INF 2026-09-11 07:41:03.906+00:00 Imported blocks                            blockNumber=5357569 slot=1 blocks=5357568 txs=193630236 mgas=8940348 bps=173.3 tps=16993 mgps=975.3 avgBps=605.4 avgTps=21881 avgMGps=1010 elapsed=2h27m29s
Sep 11 07:41:47 nimbus-eth1-mainnet-long-benchmark[2233876]: INF 2026-09-11 07:41:47.782+00:00 Imported blocks                            blockNumber=5365761 slot=1 blocks=5365760 txs=194359264 mgas=8985413 bps=186.7 tps=16616 mgps=1027 avgBps=603.4 avgTps=21855 avgMGps=1010 elapsed=2h28m12s
Sep 11 07:42:36 nimbus-eth1-mainnet-long-benchmark[2233876]: INF 2026-09-11 07:42:36.937+00:00 Imported blocks                            blockNumber=5373953 slot=1 blocks=5373952 txs=195244977 mgas=9033151 bps=166.6 tps=18018 mgps=971.1 avgBps=601.0 avgTps=21834 avgMGps=1010 elapsed=2h29m2s
Sep 11 07:43:27 nimbus-eth1-mainnet-long-benchmark[2233876]: INF 2026-09-11 07:43:27.660+00:00 Imported blocks                            blockNumber=5382145 slot=1 blocks=5382144 txs=196081972 mgas=9084503 bps=161.5 tps=16501 mgps=1012 avgBps=598.5 avgTps=21804 avgMGps=1010 elapsed=2h29m52s
Sep 11 07:44:20 nimbus-eth1-mainnet-long-benchmark[2233876]: INF 2026-09-11 07:44:20.275+00:00 Imported blocks                            blockNumber=5390337 slot=1 blocks=5390336 txs=197047903 mgas=9137468 bps=155.7 tps=18356 mgps=1006 avgBps=595.9 avgTps=21784 avgMGps=1010 elapsed=2h30m45s
Sep 11 07:45:07 nimbus-eth1-mainnet-long-benchmark[2233876]: INF 2026-09-11 07:45:07.470+00:00 Imported blocks                            blockNumber=5398529 slot=1 blocks=5398528 txs=197830829 mgas=9188358 bps=173.6 tps=16590 mgps=1078 avgBps=593.7 avgTps=21757 avgMGps=1010 elapsed=2h31m32s
Sep 11 07:45:56 nimbus-eth1-mainnet-long-benchmark[2233876]: INF 2026-09-11 07:45:56.430+00:00 Imported blocks                            blockNumber=5406721 slot=1 blocks=5406720 txs=198592019 mgas=9237315 bps=167.3 tps=15547 mgps=999.9 avgBps=591.4 avgTps=21724 avgMGps=1010 elapsed=2h32m21s
Sep 11 07:46:44 nimbus-eth1-mainnet-long-benchmark[2233876]: INF 2026-09-11 07:46:44.841+00:00 Imported blocks                            blockNumber=5414913 slot=1 blocks=5414912 txs=199419083 mgas=9285787 bps=169.2 tps=17083 mgps=1001 avgBps=589.2 avgTps=21699 avgMGps=1010 elapsed=2h33m9s
Sep 11 07:47:39 nimbus-eth1-mainnet-long-benchmark[2233876]: INF 2026-09-11 07:47:39.864+00:00 Imported blocks                            blockNumber=5423105 slot=1 blocks=5423104 txs=200244501 mgas=9335043 bps=148.9 tps=15001 mgps=895.2 avgBps=586.6 avgTps=21659 avgMGps=1009 elapsed=2h34m4s
Sep 11 07:48:37 nimbus-eth1-mainnet-long-benchmark[2233876]: INF 2026-09-11 07:48:37.395+00:00 Imported blocks                            blockNumber=5431297 slot=1 blocks=5431296 txs=201163768 mgas=9387274 bps=142.4 tps=15978 mgps=907.9 avgBps=583.9 avgTps=21624 avgMGps=1009 elapsed=2h35m2s
Sep 11 07:49:36 nimbus-eth1-mainnet-long-benchmark[2233876]: INF 2026-09-11 07:49:36.274+00:00 Imported blocks                            blockNumber=5439489 slot=1 blocks=5439488 txs=202137994 mgas=9442417 bps=139.1 tps=16546 mgps=936.6 avgBps=581.1 avgTps=21592 avgMGps=1008 elapsed=2h36m1s
Sep 11 07:50:29 nimbus-eth1-mainnet-long-benchmark[2233876]: INF 2026-09-11 07:50:29.841+00:00 Imported blocks                            blockNumber=5447681 slot=1 blocks=5447680 txs=202971502 mgas=9493107 bps=152.9 tps=15560 mgps=946.3 avgBps=578.6 avgTps=21558 avgMGps=1008 elapsed=2h36m54s
Sep 11 07:51:26 nimbus-eth1-mainnet-long-benchmark[2233876]: INF 2026-09-11 07:51:26.340+00:00 Imported blocks                            blockNumber=5455873 slot=1 blocks=5455872 txs=203919362 mgas=9549815 bps=145.0 tps=16776 mgps=1003 avgBps=576.0 avgTps=21529 avgMGps=1008 elapsed=2h37m51s
Sep 11 07:52:25 nimbus-eth1-mainnet-long-benchmark[2233876]: INF 2026-09-11 07:52:25.775+00:00 Imported blocks                            blockNumber=5464065 slot=1 blocks=5464064 txs=204953333 mgas=9608468 bps=137.8 tps=17396 mgps=986.9 avgBps=573.3 avgTps=21504 avgMGps=1008 elapsed=2h38m50s
Sep 11 07:53:27 nimbus-eth1-mainnet-long-benchmark[2233876]: INF 2026-09-11 07:53:27.498+00:00 Imported blocks                            blockNumber=5472257 slot=1 blocks=5472256 txs=206068922 mgas=9667810 bps=132.7 tps=18075 mgps=961.5 avgBps=570.5 avgTps=21482 avgMGps=1007 elapsed=2h39m52s
Sep 11 07:54:29 nimbus-eth1-mainnet-long-benchmark[2233876]: INF 2026-09-11 07:54:29.781+00:00 Imported blocks                            blockNumber=5480449 slot=1 blocks=5480448 txs=207222045 mgas=9726894 bps=131.5 tps=18513 mgps=948.6 avgBps=567.6 avgTps=21462 avgMGps=1007 elapsed=2h40m54s
Sep 11 07:55:30 nimbus-eth1-mainnet-long-benchmark[2233876]: INF 2026-09-11 07:55:30.437+00:00 Imported blocks                            blockNumber=5488641 slot=1 blocks=5488640 txs=208231197 mgas=9782963 bps=135.1 tps=16638 mgps=924.4 avgBps=564.9 avgTps=21432 avgMGps=1006 elapsed=2h41m55s
Sep 11 07:56:35 nimbus-eth1-mainnet-long-benchmark[2233876]: INF 2026-09-11 07:56:35.303+00:00 Imported blocks                            blockNumber=5496833 slot=1 blocks=5496832 txs=209387352 mgas=9840565 bps=126.3 tps=17823 mgps=888.0 avgBps=562.0 avgTps=21408 avgMGps=1006 elapsed=2h43m417ms
Sep 11 07:57:40 nimbus-eth1-mainnet-long-benchmark[2233876]: INF 2026-09-11 07:57:40.090+00:00 Imported blocks                            blockNumber=5505025 slot=1 blocks=5505024 txs=210535309 mgas=9898096 bps=126.5 tps=17719 mgps=888.1 avgBps=559.2 avgTps=21384 avgMGps=1005 elapsed=2h44m5s
Sep 11 07:58:39 nimbus-eth1-mainnet-long-benchmark[2233876]: INF 2026-09-11 07:58:39.145+00:00 Imported blocks                            blockNumber=5513217 slot=1 blocks=5513216 txs=211624286 mgas=9953427 bps=138.7 tps=18438 mgps=936.9 avgBps=556.7 avgTps=21366 avgMGps=1004 elapsed=2h45m4s
Sep 11 07:59:38 nimbus-eth1-mainnet-long-benchmark[2233876]: INF 2026-09-11 07:59:38.757+00:00 Imported blocks                            blockNumber=5521409 slot=1 blocks=5521408 txs=212752762 mgas=10007719 bps=137.4 tps=18931 mgps=910.8 avgBps=554.1 avgTps=21352 avgMGps=1004 elapsed=2h46m3s
Sep 11 08:00:41 nimbus-eth1-mainnet-long-benchmark[2233876]: INF 2026-09-11 08:00:41.000+00:00 Imported blocks                            blockNumber=5529601 slot=1 blocks=5529600 txs=213799913 mgas=10062746 bps=131.6 tps=16823 mgps=884.0 avgBps=551.5 avgTps=21324 avgMGps=1003 elapsed=2h47m6s
Sep 11 08:01:45 nimbus-eth1-mainnet-long-benchmark[2233876]: INF 2026-09-11 08:01:45.399+00:00 Imported blocks                            blockNumber=5537793 slot=1 blocks=5537792 txs=214926872 mgas=10120726 bps=127.2 tps=17500 mgps=900.4 avgBps=548.8 avgTps=21299 avgMGps=1002 elapsed=2h48m10s
Sep 11 08:02:49 nimbus-eth1-mainnet-long-benchmark[2233876]: INF 2026-09-11 08:02:49.701+00:00 Imported blocks                            blockNumber=5545985 slot=1 blocks=5545984 txs=216003215 mgas=10179892 bps=127.4 tps=16738 mgps=920.1 avgBps=546.1 avgTps=21271 avgMGps=1002 elapsed=2h49m14s
Sep 11 08:03:55 nimbus-eth1-mainnet-long-benchmark[2233876]: INF 2026-09-11 08:03:55.612+00:00 Imported blocks                            blockNumber=5554177 slot=1 blocks=5554176 txs=217195611 mgas=10239437 bps=124.3 tps=18090 mgps=903.4 avgBps=543.4 avgTps=21250 avgMGps=1001 elapsed=2h50m20s
Sep 11 08:05:06 nimbus-eth1-mainnet-long-benchmark[2233876]: INF 2026-09-11 08:05:06.559+00:00 Imported blocks                            blockNumber=5562369 slot=1 blocks=5562368 txs=218572562 mgas=10297957 bps=115.5 tps=19407 mgps=824.8 avgBps=540.5 avgTps=21237 avgMGps=1000 elapsed=2h51m31s
Sep 11 08:06:07 nimbus-eth1-mainnet-long-benchmark[2233876]: INF 2026-09-11 08:06:07.014+00:00 Imported blocks                            blockNumber=5570561 slot=1 blocks=5570560 txs=219549283 mgas=10356007 bps=135.5 tps=16157 mgps=960.3 avgBps=538.1 avgTps=21208 avgMGps=1000 elapsed=2h52m32s
Sep 11 08:07:09 nimbus-eth1-mainnet-long-benchmark[2233876]: INF 2026-09-11 08:07:09.233+00:00 Imported blocks                            blockNumber=5578753 slot=1 blocks=5578752 txs=220715670 mgas=10413738 bps=131.7 tps=18746 mgps=927.9 avgBps=535.7 avgTps=21193 avgMGps=999.9 elapsed=2h53m34s
Sep 11 08:08:13 nimbus-eth1-mainnet-long-benchmark[2233876]: INF 2026-09-11 08:08:13.884+00:00 Imported blocks                            blockNumber=5586945 slot=1 blocks=5586944 txs=221877585 mgas=10472145 bps=126.7 tps=17971 mgps=903.4 avgBps=533.2 avgTps=21173 avgMGps=999.3 elapsed=2h54m38s
Sep 11 08:09:20 nimbus-eth1-mainnet-long-benchmark[2233876]: INF 2026-09-11 08:09:20.347+00:00 Imported blocks                            blockNumber=5595137 slot=1 blocks=5595136 txs=223112499 mgas=10532917 bps=123.3 tps=18579 mgps=914.3 avgBps=530.6 avgTps=21157 avgMGps=998.8 elapsed=2h55m45s
Sep 11 08:10:23 nimbus-eth1-mainnet-long-benchmark[2233876]: INF 2026-09-11 08:10:23.390+00:00 Imported blocks                            blockNumber=5603329 slot=1 blocks=5603328 txs=224236731 mgas=10592673 bps=129.9 tps=17833 mgps=947.9 avgBps=528.2 avgTps=21137 avgMGps=998.5 elapsed=2h56m48s
Sep 11 08:11:25 nimbus-eth1-mainnet-long-benchmark[2233876]: INF 2026-09-11 08:11:25.261+00:00 Imported blocks                            blockNumber=5611521 slot=1 blocks=5611520 txs=225332209 mgas=10652795 bps=132.4 tps=17706 mgps=971.8 avgBps=525.9 avgTps=21117 avgMGps=998.4 elapsed=2h57m50s
Sep 11 08:12:31 nimbus-eth1-mainnet-long-benchmark[2233876]: INF 2026-09-11 08:12:31.832+00:00 Imported blocks                            blockNumber=5619713 slot=1 blocks=5619712 txs=226491094 mgas=10713164 bps=123.1 tps=17408 mgps=906.8 avgBps=523.4 avgTps=21094 avgMGps=997.8 elapsed=2h58m56s
Sep 11 08:13:35 nimbus-eth1-mainnet-long-benchmark[2233876]: INF 2026-09-11 08:13:35.343+00:00 Imported blocks                            blockNumber=5627905 slot=1 blocks=5627904 txs=227644911 mgas=10773939 bps=129.0 tps=18166 mgps=956.9 avgBps=521.1 avgTps=21077 avgMGps=997.5 elapsed=3h457ms889us
Sep 11 08:14:38 nimbus-eth1-mainnet-long-benchmark[2233876]: INF 2026-09-11 08:14:38.898+00:00 Imported blocks                            blockNumber=5636097 slot=1 blocks=5636096 txs=228871217 mgas=10834353 bps=128.9 tps=19296 mgps=950.6 avgBps=518.8 avgTps=21066 avgMGps=997.3 elapsed=3h1m4s
Sep 11 08:15:40 nimbus-eth1-mainnet-long-benchmark[2233876]: INF 2026-09-11 08:15:40.557+00:00 Imported blocks                            blockNumber=5644289 slot=1 blocks=5644288 txs=230067314 mgas=10894316 bps=132.9 tps=19397 mgps=972.5 avgBps=516.6 avgTps=21057 avgMGps=997.1 elapsed=3h2m5s
Sep 11 08:16:45 nimbus-eth1-mainnet-long-benchmark[2233876]: INF 2026-09-11 08:16:45.244+00:00 Imported blocks                            blockNumber=5652481 slot=1 blocks=5652480 txs=231215371 mgas=10954481 bps=126.6 tps=17747 mgps=930.1 avgBps=514.3 avgTps=21038 avgMGps=996.7 elapsed=3h3m10s
Sep 11 08:17:48 nimbus-eth1-mainnet-long-benchmark[2233876]: INF 2026-09-11 08:17:48.563+00:00 Imported blocks                            blockNumber=5660673 slot=1 blocks=5660672 txs=232392425 mgas=11015178 bps=129.4 tps=18589 mgps=958.6 avgBps=512.1 avgTps=21023 avgMGps=996.5 elapsed=3h4m13s
Sep 11 08:18:54 nimbus-eth1-mainnet-long-benchmark[2233876]: INF 2026-09-11 08:18:54.022+00:00 Imported blocks                            blockNumber=5668865 slot=1 blocks=5668864 txs=233627923 mgas=11075226 bps=125.2 tps=18875 mgps=917.4 avgBps=509.8 avgTps=21011 avgMGps=996.1 elapsed=3h5m19s
Sep 11 08:20:00 nimbus-eth1-mainnet-long-benchmark[2233876]: INF 2026-09-11 08:20:00.841+00:00 Imported blocks                            blockNumber=5677057 slot=1 blocks=5677056 txs=234775285 mgas=11135711 bps=122.6 tps=17170 mgps=905.2 avgBps=507.5 avgTps=20988 avgMGps=995.5 elapsed=3h6m25s
Sep 11 08:21:04 nimbus-eth1-mainnet-long-benchmark[2233876]: INF 2026-09-11 08:21:04.752+00:00 Imported blocks                            blockNumber=5685249 slot=1 blocks=5685248 txs=235883512 mgas=11195486 bps=128.2 tps=17339 mgps=935.3 avgBps=505.4 avgTps=20967 avgMGps=995.2 elapsed=3h7m29s
Sep 11 08:22:10 nimbus-eth1-mainnet-long-benchmark[2233876]: INF 2026-09-11 08:22:10.071+00:00 Imported blocks                            blockNumber=5693441 slot=1 blocks=5693440 txs=237085394 mgas=11256495 bps=125.4 tps=18399 mgps=934.0 avgBps=503.2 avgTps=20952 avgMGps=994.8 elapsed=3h8m35s
Sep 11 08:23:19 nimbus-eth1-mainnet-long-benchmark[2233876]: INF 2026-09-11 08:23:19.618+00:00 Imported blocks                            blockNumber=5701633 slot=1 blocks=5701632 txs=238269205 mgas=11318172 bps=117.8 tps=17022 mgps=886.9 avgBps=500.8 avgTps=20928 avgMGps=994.2 elapsed=3h9m44s
Sep 11 08:24:31 nimbus-eth1-mainnet-long-benchmark[2233876]: INF 2026-09-11 08:24:31.581+00:00 Imported blocks                            blockNumber=5709825 slot=1 blocks=5709824 txs=239483842 mgas=11379963 bps=113.8 tps=16878 mgps=858.7 avgBps=498.4 avgTps=20903 avgMGps=993.3 elapsed=3h10m56s
Sep 11 08:25:42 nimbus-eth1-mainnet-long-benchmark[2233876]: INF 2026-09-11 08:25:42.868+00:00 Imported blocks                            blockNumber=5718017 slot=1 blocks=5718016 txs=240570315 mgas=11441462 bps=114.9 tps=15240 mgps=862.7 avgBps=496.0 avgTps=20868 avgMGps=992.5 elapsed=3h12m7s
Sep 11 08:26:50 nimbus-eth1-mainnet-long-benchmark[2233876]: INF 2026-09-11 08:26:50.094+00:00 Imported blocks                            blockNumber=5726209 slot=1 blocks=5726208 txs=241772216 mgas=11502595 bps=121.9 tps=17878 mgps=909.4 avgBps=493.8 avgTps=20851 avgMGps=992.0 elapsed=3h13m15s
Sep 11 08:27:55 nimbus-eth1-mainnet-long-benchmark[2233876]: INF 2026-09-11 08:27:55.525+00:00 Imported blocks                            blockNumber=5734401 slot=1 blocks=5734400 txs=242887128 mgas=11563848 bps=125.2 tps=17039 mgps=936.1 avgBps=491.8 avgTps=20829 avgMGps=991.7 elapsed=3h14m20s
Sep 11 08:29:01 nimbus-eth1-mainnet-long-benchmark[2233876]: INF 2026-09-11 08:29:01.088+00:00 Imported blocks                            blockNumber=5742593 slot=1 blocks=5742592 txs=244051101 mgas=11623983 bps=124.9 tps=17753 mgps=917.2 avgBps=489.7 avgTps=20812 avgMGps=991.3 elapsed=3h15m26s
Sep 11 08:30:05 nimbus-eth1-mainnet-long-benchmark[2233876]: INF 2026-09-11 08:30:05.575+00:00 Imported blocks                            blockNumber=5750785 slot=1 blocks=5750784 txs=245135161 mgas=11683584 bps=127.0 tps=16810 mgps=924.2 avgBps=487.7 avgTps=20790 avgMGps=990.9 elapsed=3h16m30s
Sep 11 08:31:09 nimbus-eth1-mainnet-long-benchmark[2233876]: INF 2026-09-11 08:31:09.942+00:00 Imported blocks                            blockNumber=5758977 slot=1 blocks=5758976 txs=246213533 mgas=11743393 bps=127.3 tps=16754 mgps=929.2 avgBps=485.8 avgTps=20768 avgMGps=990.6 elapsed=3h17m35s
Sep 11 08:32:15 nimbus-eth1-mainnet-long-benchmark[2233876]: INF 2026-09-11 08:32:15.037+00:00 Imported blocks                            blockNumber=5767169 slot=1 blocks=5767168 txs=247328378 mgas=11802719 bps=125.8 tps=17126 mgps=911.4 avgBps=483.8 avgTps=20748 avgMGps=990.1 elapsed=3h18m40s
Sep 11 08:33:17 nimbus-eth1-mainnet-long-benchmark[2233876]: INF 2026-09-11 08:33:17.560+00:00 Imported blocks                            blockNumber=5775361 slot=1 blocks=5775360 txs=248454516 mgas=11862582 bps=131.0 tps=18010 mgps=957.4 avgBps=482.0 avgTps=20734 avgMGps=990.0 elapsed=3h19m42s
Sep 11 08:34:18 nimbus-eth1-mainnet-long-benchmark[2233876]: INF 2026-09-11 08:34:18.827+00:00 Imported blocks                            blockNumber=5783553 slot=1 blocks=5783552 txs=249591493 mgas=11921794 bps=133.7 tps=18558 mgps=966.5 avgBps=480.2 avgTps=20723 avgMGps=989.9 elapsed=3h20m43s
Sep 11 08:35:15 nimbus-eth1-mainnet-long-benchmark[2233876]: INF 2026-09-11 08:35:15.158+00:00 Imported blocks                            blockNumber=5791745 slot=1 blocks=5791744 txs=250638008 mgas=11973982 bps=145.4 tps=18578 mgps=926.5 avgBps=478.6 avgTps=20713 avgMGps=989.6 elapsed=3h21m40s
Sep 11 08:36:13 nimbus-eth1-mainnet-long-benchmark[2233876]: INF 2026-09-11 08:36:13.581+00:00 Imported blocks                            blockNumber=5799937 slot=1 blocks=5799936 txs=251678426 mgas=12029173 bps=140.2 tps=17807 mgps=944.6 avgBps=477.0 avgTps=20699 avgMGps=989.3 elapsed=3h22m38s
Sep 11 08:37:07 nimbus-eth1-mainnet-long-benchmark[2233876]: INF 2026-09-11 08:37:07.917+00:00 Imported blocks                            blockNumber=5808129 slot=1 blocks=5808128 txs=252531449 mgas=12084497 bps=150.8 tps=15699 mgps=1018 avgBps=475.6 avgTps=20677 avgMGps=989.5 elapsed=3h23m33s
Sep 11 08:38:07 nimbus-eth1-mainnet-long-benchmark[2233876]: INF 2026-09-11 08:38:07.820+00:00 Imported blocks                            blockNumber=5816321 slot=1 blocks=5816320 txs=253560073 mgas=12141561 bps=136.8 tps=17171 mgps=952.6 avgBps=473.9 avgTps=20660 avgMGps=989.3 elapsed=3h24m32s
Sep 11 08:39:12 nimbus-eth1-mainnet-long-benchmark[2233876]: INF 2026-09-11 08:39:12.063+00:00 Imported blocks                            blockNumber=5824513 slot=1 blocks=5824512 txs=254677119 mgas=12200831 bps=127.5 tps=17388 mgps=922.6 avgBps=472.1 avgTps=20643 avgMGps=988.9 elapsed=3h25m37s
Sep 11 08:40:16 nimbus-eth1-mainnet-long-benchmark[2233876]: INF 2026-09-11 08:40:16.002+00:00 Imported blocks                            blockNumber=5832705 slot=1 blocks=5832704 txs=255738276 mgas=12259791 bps=128.1 tps=16596 mgps=922.1 avgBps=470.3 avgTps=20622 avgMGps=988.6 elapsed=3h26m41s
Sep 11 08:41:17 nimbus-eth1-mainnet-long-benchmark[2233876]: INF 2026-09-11 08:41:17.645+00:00 Imported blocks                            blockNumber=5840897 slot=1 blocks=5840896 txs=256793603 mgas=12316339 bps=132.9 tps=17119 mgps=917.3 avgBps=468.7 avgTps=20604 avgMGps=988.3 elapsed=3h27m42s
Sep 11 08:42:13 nimbus-eth1-mainnet-long-benchmark[2233876]: INF 2026-09-11 08:42:13.360+00:00 Imported blocks                            blockNumber=5849089 slot=1 blocks=5849088 txs=257672255 mgas=12366878 bps=147.0 tps=15769 mgps=907.0 avgBps=467.2 avgTps=20583 avgMGps=987.9 elapsed=3h28m38s
Sep 11 08:43:21 nimbus-eth1-mainnet-long-benchmark[2233876]: INF 2026-09-11 08:43:21.031+00:00 Imported blocks                            blockNumber=5857281 slot=1 blocks=5857280 txs=258845741 mgas=12424511 bps=121.1 tps=17342 mgps=851.7 avgBps=465.4 avgTps=20565 avgMGps=987.2 elapsed=3h29m46s
Sep 11 08:44:23 nimbus-eth1-mainnet-long-benchmark[2233876]: INF 2026-09-11 08:44:23.802+00:00 Imported blocks                            blockNumber=5865473 slot=1 blocks=5865472 txs=259926780 mgas=12482128 bps=130.5 tps=17221 mgps=917.9 avgBps=463.7 avgTps=20549 avgMGps=986.8 elapsed=3h30m48s
Sep 11 08:45:27 nimbus-eth1-mainnet-long-benchmark[2233876]: INF 2026-09-11 08:45:27.613+00:00 Imported blocks                            blockNumber=5873665 slot=1 blocks=5873664 txs=260984009 mgas=12538871 bps=128.4 tps=16567 mgps=889.2 avgBps=462.0 avgTps=20529 avgMGps=986.3 elapsed=3h31m52s
Sep 11 08:46:27 nimbus-eth1-mainnet-long-benchmark[2233876]: INF 2026-09-11 08:46:27.680+00:00 Imported blocks                            blockNumber=5881857 slot=1 blocks=5881856 txs=261935767 mgas=12597382 bps=136.4 tps=15844 mgps=974.1 avgBps=460.5 avgTps=20507 avgMGps=986.3 elapsed=3h32m52s
Sep 11 08:47:16 nimbus-eth1-mainnet-long-benchmark[2233876]: INF 2026-09-11 08:47:16.699+00:00 Imported blocks                            blockNumber=5890049 slot=1 blocks=5890048 txs=262770950 mgas=12659178 bps=167.1 tps=17037 mgps=1260 avgBps=459.4 avgTps=20494 avgMGps=987.3 elapsed=3h33m41s
Sep 11 08:48:07 nimbus-eth1-mainnet-long-benchmark[2233876]: INF 2026-09-11 08:48:07.030+00:00 Imported blocks                            blockNumber=5898241 slot=1 blocks=5898240 txs=263510879 mgas=12720906 bps=162.8 tps=14702 mgps=1226 avgBps=458.2 avgTps=20471 avgMGps=988.3 elapsed=3h34m32s
Sep 11 08:48:58 nimbus-eth1-mainnet-long-benchmark[2233876]: INF 2026-09-11 08:48:58.477+00:00 Imported blocks                            blockNumber=5906433 slot=1 blocks=5906432 txs=264191752 mgas=12782810 bps=159.2 tps=13234 mgps=1203 avgBps=457.0 avgTps=20442 avgMGps=989.1 elapsed=3h35m23s
Sep 11 08:49:52 nimbus-eth1-mainnet-long-benchmark[2233876]: INF 2026-09-11 08:49:52.112+00:00 Imported blocks                            blockNumber=5914625 slot=1 blocks=5914624 txs=264898081 mgas=12844258 bps=152.7 tps=13169 mgps=1145 avgBps=455.8 avgTps=20412 avgMGps=989.8 elapsed=3h36m17s
Sep 11 08:50:42 nimbus-eth1-mainnet-long-benchmark[2233876]: INF 2026-09-11 08:50:42.848+00:00 Imported blocks                            blockNumber=5922817 slot=1 blocks=5922816 txs=265592658 mgas=12906347 bps=161.5 tps=13689 mgps=1223 avgBps=454.6 avgTps=20386 avgMGps=990.7 elapsed=3h37m7s
Sep 11 08:51:36 nimbus-eth1-mainnet-long-benchmark[2233876]: INF 2026-09-11 08:51:36.135+00:00 Imported blocks                            blockNumber=5931009 slot=1 blocks=5931008 txs=266439626 mgas=12964327 bps=153.7 tps=15895 mgps=1088 avgBps=453.4 avgTps=20368 avgMGps=991.1 elapsed=3h38m1s
Sep 11 08:52:35 nimbus-eth1-mainnet-long-benchmark[2233876]: INF 2026-09-11 08:52:35.374+00:00 Imported blocks                            blockNumber=5939201 slot=1 blocks=5939200 txs=267406185 mgas=13024289 bps=138.3 tps=16316 mgps=1012 avgBps=452.0 avgTps=20349 avgMGps=991.2 elapsed=3h39m485ms
Sep 11 08:53:33 nimbus-eth1-mainnet-long-benchmark[2233876]: INF 2026-09-11 08:53:33.721+00:00 Imported blocks                            blockNumber=5947393 slot=1 blocks=5947392 txs=268307973 mgas=13084568 bps=140.4 tps=15454 mgps=1033 avgBps=450.6 avgTps=20328 avgMGps=991.3 elapsed=3h39m58s
Sep 11 08:54:31 nimbus-eth1-mainnet-long-benchmark[2233876]: INF 2026-09-11 08:54:31.112+00:00 Imported blocks                            blockNumber=5955585 slot=1 blocks=5955584 txs=269110837 mgas=13144983 bps=142.7 tps=13989 mgps=1052 avgBps=449.3 avgTps=20300 avgMGps=991.6 elapsed=3h40m56s
Sep 11 08:55:24 nimbus-eth1-mainnet-long-benchmark[2233876]: INF 2026-09-11 08:55:24.491+00:00 Imported blocks                            blockNumber=5963777 slot=1 blocks=5963776 txs=269795947 mgas=13208052 bps=153.5 tps=12834 mgps=1181 avgBps=448.1 avgTps=20270 avgMGps=992.4 elapsed=3h41m49s
Sep 11 08:56:16 nimbus-eth1-mainnet-long-benchmark[2233876]: INF 2026-09-11 08:56:16.850+00:00 Imported blocks                            blockNumber=5971969 slot=1 blocks=5971968 txs=270445659 mgas=13267738 bps=156.5 tps=12409 mgps=1139 avgBps=446.9 avgTps=20239 avgMGps=992.9 elapsed=3h42m41s
Sep 11 08:57:21 nimbus-eth1-mainnet-long-benchmark[2233876]: INF 2026-09-11 08:57:21.737+00:00 Imported blocks                            blockNumber=5980161 slot=1 blocks=5980160 txs=271482455 mgas=13327833 bps=126.3 tps=15978 mgps=926.2 avgBps=445.4 avgTps=20219 avgMGps=992.6 elapsed=3h43m46s
Sep 11 08:58:25 nimbus-eth1-mainnet-long-benchmark[2233876]: INF 2026-09-11 08:58:25.268+00:00 Imported blocks                            blockNumber=5988353 slot=1 blocks=5988352 txs=272485958 mgas=13387249 bps=128.9 tps=15794 mgps=935.2 avgBps=443.9 avgTps=20198 avgMGps=992.4 elapsed=3h44m50s
Sep 11 08:59:26 nimbus-eth1-mainnet-long-benchmark[2233876]: INF 2026-09-11 08:59:26.539+00:00 Imported blocks                            blockNumber=5996545 slot=1 blocks=5996544 txs=273513562 mgas=13446865 bps=133.7 tps=16771 mgps=973.0 avgBps=442.5 avgTps=20183 avgMGps=992.3 elapsed=3h45m51s
Sep 11 09:00:32 nimbus-eth1-mainnet-long-benchmark[2233876]: INF 2026-09-11 09:00:32.498+00:00 Imported blocks                            blockNumber=6004737 slot=1 blocks=6004736 txs=274405665 mgas=13507303 bps=124.2 tps=13525 mgps=916.3 avgBps=441.0 avgTps=20150 avgMGps=991.9 elapsed=3h46m57s
Sep 11 09:01:34 nimbus-eth1-mainnet-long-benchmark[2233876]: INF 2026-09-11 09:01:34.689+00:00 Imported blocks                            blockNumber=6012929 slot=1 blocks=6012928 txs=275285977 mgas=13567110 bps=131.7 tps=14154 mgps=961.6 avgBps=439.5 avgTps=20123 avgMGps=991.8 elapsed=3h47m59s
Sep 11 09:02:41 nimbus-eth1-mainnet-long-benchmark[2233876]: INF 2026-09-11 09:02:41.324+00:00 Imported blocks                            blockNumber=6021121 slot=1 blocks=6021120 txs=276395619 mgas=13627135 bps=122.9 tps=16652 mgps=900.8 avgBps=438.0 avgTps=20106 avgMGps=991.3 elapsed=3h49m6s
Sep 11 09:03:48 nimbus-eth1-mainnet-long-benchmark[2233876]: INF 2026-09-11 09:03:48.135+00:00 Imported blocks                            blockNumber=6029313 slot=1 blocks=6029312 txs=277490573 mgas=13686775 bps=122.6 tps=16389 mgps=892.7 avgBps=436.5 avgTps=20088 avgMGps=990.8 elapsed=3h50m13s
Sep 11 09:04:50 nimbus-eth1-mainnet-long-benchmark[2233876]: INF 2026-09-11 09:04:50.926+00:00 Imported blocks                            blockNumber=6037505 slot=1 blocks=6037504 txs=278520990 mgas=13746145 bps=130.5 tps=16410 mgps=945.5 avgBps=435.1 avgTps=20072 avgMGps=990.6 elapsed=3h51m16s
Sep 11 09:05:56 nimbus-eth1-mainnet-long-benchmark[2233876]: INF 2026-09-11 09:05:56.357+00:00 Imported blocks                            blockNumber=6045697 slot=1 blocks=6045696 txs=279578190 mgas=13802046 bps=125.2 tps=16157 mgps=854.3 avgBps=433.6 avgTps=20053 avgMGps=990.0 elapsed=3h52m21s
Sep 11 09:06:52 nimbus-eth1-mainnet-long-benchmark[2233876]: INF 2026-09-11 09:06:52.432+00:00 Imported blocks                            blockNumber=6053889 slot=1 blocks=6053888 txs=280518529 mgas=13852799 bps=146.1 tps=16768 mgps=905.1 avgBps=432.5 avgTps=20040 avgMGps=989.7 elapsed=3h53m17s
Sep 11 09:07:56 nimbus-eth1-mainnet-long-benchmark[2233876]: INF 2026-09-11 09:07:56.255+00:00 Imported blocks                            blockNumber=6062081 slot=1 blocks=6062080 txs=281566174 mgas=13909217 bps=128.4 tps=16415 mgps=884.0 avgBps=431.1 avgTps=20024 avgMGps=989.2 elapsed=3h54m21s
Sep 11 09:09:02 nimbus-eth1-mainnet-long-benchmark[2233876]: INF 2026-09-11 09:09:02.462+00:00 Imported blocks                            blockNumber=6070273 slot=1 blocks=6070272 txs=282636518 mgas=13967829 bps=123.7 tps=16167 mgps=885.3 avgBps=429.7 avgTps=20006 avgMGps=988.7 elapsed=3h55m27s
Sep 11 09:10:05 nimbus-eth1-mainnet-long-benchmark[2233876]: INF 2026-09-11 09:10:05.801+00:00 Imported blocks                            blockNumber=6078465 slot=1 blocks=6078464 txs=283676844 mgas=14026990 bps=129.3 tps=16424 mgps=934.0 avgBps=428.3 avgTps=19990 avgMGps=988.4 elapsed=3h56m30s
Sep 11 09:11:05 nimbus-eth1-mainnet-long-benchmark[2233876]: INF 2026-09-11 09:11:05.784+00:00 Imported blocks                            blockNumber=6086657 slot=1 blocks=6086656 txs=284709783 mgas=14086235 bps=136.6 tps=17219 mgps=987.7 avgBps=427.1 avgTps=19978 avgMGps=988.4 elapsed=3h57m30s
Sep 11 09:12:05 nimbus-eth1-mainnet-long-benchmark[2233876]: INF 2026-09-11 09:12:05.267+00:00 Imported blocks                            blockNumber=6094849 slot=1 blocks=6094848 txs=285687889 mgas=14144316 bps=137.7 tps=16443 mgps=976.4 avgBps=425.9 avgTps=19963 avgMGps=988.4 elapsed=3h58m30s
Sep 11 09:13:08 nimbus-eth1-mainnet-long-benchmark[2233876]: INF 2026-09-11 09:13:08.570+00:00 Imported blocks                            blockNumber=6103041 slot=1 blocks=6103040 txs=286637824 mgas=14203750 bps=129.4 tps=15006 mgps=938.9 avgBps=424.6 avgTps=19941 avgMGps=988.2 elapsed=3h59m33s
Sep 11 09:14:28 nimbus-eth1-mainnet-long-benchmark[2233876]: INF 2026-09-11 09:14:28.181+00:00 Imported blocks                            blockNumber=6111233 slot=1 blocks=6111232 txs=287452264 mgas=14266169 bps=102.9 tps=10230 mgps=784.0 avgBps=422.8 avgTps=19888 avgMGps=987.1 elapsed=4h53s295ms
Sep 11 09:15:51 nimbus-eth1-mainnet-long-benchmark[2233876]: INF 2026-09-11 09:15:51.519+00:00 Imported blocks                            blockNumber=6119425 slot=1 blocks=6119424 txs=288209147 mgas=14328098 bps=98.30 tps=9082 mgps=743.1 avgBps=421.0 avgTps=19826 avgMGps=985.7 elapsed=4h2m16s
Sep 11 09:17:01 nimbus-eth1-mainnet-long-benchmark[2233876]: INF 2026-09-11 09:17:01.814+00:00 Imported blocks                            blockNumber=6127617 slot=1 blocks=6127616 txs=289100847 mgas=14386026 bps=116.5 tps=12685 mgps=824.1 avgBps=419.5 avgTps=19792 avgMGps=984.9 elapsed=4h3m26s
Sep 11 09:17:59 nimbus-eth1-mainnet-long-benchmark[2233876]: INF 2026-09-11 09:17:59.509+00:00 Imported blocks                            blockNumber=6135809 slot=1 blocks=6135808 txs=289995220 mgas=14440150 bps=142.0 tps=15501 mgps=938.1 avgBps=418.4 avgTps=19775 avgMGps=984.7 elapsed=4h4m24s
Sep 11 09:19:01 nimbus-eth1-mainnet-long-benchmark[2233876]: INF 2026-09-11 09:19:01.608+00:00 Imported blocks                            blockNumber=6144001 slot=1 blocks=6144000 txs=290944064 mgas=14494624 bps=131.9 tps=15279 mgps=877.2 avgBps=417.2 avgTps=19756 avgMGps=984.2 elapsed=4h5m26s
Sep 11 09:20:03 nimbus-eth1-mainnet-long-benchmark[2233876]: INF 2026-09-11 09:20:03.160+00:00 Imported blocks                            blockNumber=6152193 slot=1 blocks=6152192 txs=291893124 mgas=14550560 bps=133.1 tps=15419 mgps=908.8 avgBps=416.0 avgTps=19738 avgMGps=983.9 elapsed=4h6m28s
Sep 11 09:21:05 nimbus-eth1-mainnet-long-benchmark[2233876]: INF 2026-09-11 09:21:05.835+00:00 Imported blocks                            blockNumber=6160385 slot=1 blocks=6160384 txs=292833857 mgas=14607740 bps=130.7 tps=15010 mgps=912.3 avgBps=414.8 avgTps=19718 avgMGps=983.6 elapsed=4h7m30s
Sep 11 09:22:14 nimbus-eth1-mainnet-long-benchmark[2233876]: INF 2026-09-11 09:22:14.825+00:00 Imported blocks                            blockNumber=6168577 slot=1 blocks=6168576 txs=293708861 mgas=14667507 bps=118.7 tps=12682 mgps=866.3 avgBps=413.4 avgTps=19685 avgMGps=983.1 elapsed=4h8m39s
Sep 11 09:23:18 nimbus-eth1-mainnet-long-benchmark[2233876]: INF 2026-09-11 09:23:18.492+00:00 Imported blocks                            blockNumber=6176769 slot=1 blocks=6176768 txs=294563705 mgas=14726140 bps=128.7 tps=13427 mgps=921.0 avgBps=412.2 avgTps=19659 avgMGps=982.8 elapsed=4h9m43s
Sep 11 09:24:22 nimbus-eth1-mainnet-long-benchmark[2233876]: INF 2026-09-11 09:24:22.355+00:00 Imported blocks                            blockNumber=6184961 slot=1 blocks=6184960 txs=295433515 mgas=14783313 bps=128.3 tps=13619 mgps=895.2 avgBps=411.0 avgTps=19633 avgMGps=982.4 elapsed=4h10m47s
Sep 11 09:25:27 nimbus-eth1-mainnet-long-benchmark[2233876]: INF 2026-09-11 09:25:27.610+00:00 Imported blocks                            blockNumber=6193153 slot=1 blocks=6193152 txs=296291854 mgas=14842029 bps=125.5 tps=13154 mgps=899.8 avgBps=409.8 avgTps=19605 avgMGps=982.1 elapsed=4h11m52s
Sep 11 09:26:31 nimbus-eth1-mainnet-long-benchmark[2233876]: INF 2026-09-11 09:26:31.257+00:00 Imported blocks                            blockNumber=6201345 slot=1 blocks=6201344 txs=297099945 mgas=14901098 bps=128.7 tps=12695 mgps=928.0 avgBps=408.6 avgTps=19576 avgMGps=981.9 elapsed=4h12m56s
Sep 11 09:27:38 nimbus-eth1-mainnet-long-benchmark[2233876]: INF 2026-09-11 09:27:38.512+00:00 Imported blocks                            blockNumber=6209537 slot=1 blocks=6209536 txs=297916698 mgas=14959973 bps=121.8 tps=12144 mgps=875.4 avgBps=407.4 avgTps=19543 avgMGps=981.4 elapsed=4h14m3s
Sep 11 09:28:42 nimbus-eth1-mainnet-long-benchmark[2233876]: INF 2026-09-11 09:28:42.495+00:00 Imported blocks                            blockNumber=6217729 slot=1 blocks=6217728 txs=298726153 mgas=15018533 bps=128.0 tps=12651 mgps=915.2 avgBps=406.2 avgTps=19514 avgMGps=981.1 elapsed=4h15m7s
Sep 11 09:29:47 nimbus-eth1-mainnet-long-benchmark[2233876]: INF 2026-09-11 09:29:47.090+00:00 Imported blocks                            blockNumber=6225921 slot=1 blocks=6225920 txs=299565406 mgas=15076094 bps=126.8 tps=12992 mgps=891.1 avgBps=405.0 avgTps=19487 avgMGps=980.7 elapsed=4h16m12s
Sep 11 09:30:53 nimbus-eth1-mainnet-long-benchmark[2233876]: INF 2026-09-11 09:30:53.317+00:00 Imported blocks                            blockNumber=6234113 slot=1 blocks=6234112 txs=300411182 mgas=15135113 bps=123.7 tps=12770 mgps=891.1 avgBps=403.8 avgTps=19458 avgMGps=980.4 elapsed=4h17m18s
Sep 11 09:32:00 nimbus-eth1-mainnet-long-benchmark[2233876]: INF 2026-09-11 09:32:00.540+00:00 Imported blocks                            blockNumber=6242305 slot=1 blocks=6242304 txs=301215473 mgas=15192196 bps=121.9 tps=11964 mgps=849.1 avgBps=402.6 avgTps=19426 avgMGps=979.8 elapsed=4h18m25s
Sep 11 09:33:03 nimbus-eth1-mainnet-long-benchmark[2233876]: INF 2026-09-11 09:33:03.243+00:00 Imported blocks                            blockNumber=6250497 slot=1 blocks=6250496 txs=301994783 mgas=15250489 bps=130.6 tps=12428 mgps=929.7 avgBps=401.5 avgTps=19397 avgMGps=979.6 elapsed=4h19m28s
Sep 11 09:34:08 nimbus-eth1-mainnet-long-benchmark[2233876]: INF 2026-09-11 09:34:08.586+00:00 Imported blocks                            blockNumber=6258689 slot=1 blocks=6258688 txs=302930566 mgas=15309041 bps=125.4 tps=14321 mgps=896.1 avgBps=400.3 avgTps=19376 avgMGps=979.2 elapsed=4h20m33s
Sep 11 09:35:12 nimbus-eth1-mainnet-long-benchmark[2233876]: INF 2026-09-11 09:35:12.593+00:00 Imported blocks                            blockNumber=6266881 slot=1 blocks=6266880 txs=303762909 mgas=15365780 bps=128.0 tps=13003 mgps=886.5 avgBps=399.2 avgTps=19350 avgMGps=978.9 elapsed=4h21m37s
Sep 11 09:36:18 nimbus-eth1-mainnet-long-benchmark[2233876]: INF 2026-09-11 09:36:18.312+00:00 Imported blocks                            blockNumber=6275073 slot=1 blocks=6275072 txs=304578148 mgas=15422660 bps=124.6 tps=12404 mgps=865.5 avgBps=398.1 avgTps=19321 avgMGps=978.4 elapsed=4h22m43s
Sep 11 09:37:21 nimbus-eth1-mainnet-long-benchmark[2233876]: INF 2026-09-11 09:37:21.919+00:00 Imported blocks                            blockNumber=6283265 slot=1 blocks=6283264 txs=305447770 mgas=15479164 bps=128.8 tps=13671 mgps=888.3 avgBps=397.0 avgTps=19299 avgMGps=978.0 elapsed=4h23m47s
Sep 11 09:38:26 nimbus-eth1-mainnet-long-benchmark[2233876]: INF 2026-09-11 09:38:26.158+00:00 Imported blocks                            blockNumber=6291457 slot=1 blocks=6291456 txs=306201681 mgas=15536357 bps=127.5 tps=11736 mgps=890.3 avgBps=395.9 avgTps=19268 avgMGps=977.7 elapsed=4h24m51s
Sep 11 09:39:30 nimbus-eth1-mainnet-long-benchmark[2233876]: INF 2026-09-11 09:39:30.369+00:00 Imported blocks                            blockNumber=6299649 slot=1 blocks=6299648 txs=306998089 mgas=15594849 bps=127.6 tps=12403 mgps=910.9 avgBps=394.8 avgTps=19240 avgMGps=977.4 elapsed=4h25m55s
Sep 11 09:40:34 nimbus-eth1-mainnet-long-benchmark[2233876]: INF 2026-09-11 09:40:34.704+00:00 Imported blocks                            blockNumber=6307841 slot=1 blocks=6307840 txs=307773956 mgas=15652669 bps=127.3 tps=12059 mgps=898.7 avgBps=393.8 avgTps=19212 avgMGps=977.1 elapsed=4h26m59s
Sep 11 09:41:35 nimbus-eth1-mainnet-long-benchmark[2233876]: INF 2026-09-11 09:41:35.379+00:00 Imported blocks                            blockNumber=6316033 slot=1 blocks=6316032 txs=308505771 mgas=15708223 bps=135.0 tps=12060 mgps=915.6 avgBps=392.8 avgTps=19185 avgMGps=976.8 elapsed=4h28m495ms
Sep 11 09:42:37 nimbus-eth1-mainnet-long-benchmark[2233876]: INF 2026-09-11 09:42:37.930+00:00 Imported blocks                            blockNumber=6324225 slot=1 blocks=6324224 txs=309306948 mgas=15764278 bps=131.0 tps=12809 mgps=896.2 avgBps=391.8 avgTps=19160 avgMGps=976.5 elapsed=4h29m3s
Sep 11 09:43:39 nimbus-eth1-mainnet-long-benchmark[2233876]: INF 2026-09-11 09:43:39.157+00:00 Imported blocks                            blockNumber=6332417 slot=1 blocks=6332416 txs=310009872 mgas=15819918 bps=133.8 tps=11480 mgps=908.7 avgBps=390.8 avgTps=19131 avgMGps=976.3 elapsed=4h30m4s
Sep 11 09:44:40 nimbus-eth1-mainnet-long-benchmark[2233876]: INF 2026-09-11 09:44:40.120+00:00 Imported blocks                            blockNumber=6340609 slot=1 blocks=6340608 txs=310638793 mgas=15877206 bps=134.4 tps=10316 mgps=939.7 avgBps=389.8 avgTps=19098 avgMGps=976.1 elapsed=4h31m5s
Sep 11 09:45:39 nimbus-eth1-mainnet-long-benchmark[2233876]: INF 2026-09-11 09:45:39.467+00:00 Imported blocks                            blockNumber=6348801 slot=1 blocks=6348800 txs=311339807 mgas=15934002 bps=138.0 tps=11811 mgps=957.0 avgBps=388.9 avgTps=19071 avgMGps=976.1 elapsed=4h32m4s
Sep 11 09:46:41 nimbus-eth1-mainnet-long-benchmark[2233876]: INF 2026-09-11 09:46:41.618+00:00 Imported blocks                            blockNumber=6356993 slot=1 blocks=6356992 txs=312019797 mgas=15990756 bps=131.8 tps=10941 mgps=913.2 avgBps=387.9 avgTps=19041 avgMGps=975.8 elapsed=4h33m6s
Sep 11 09:47:35 nimbus-eth1-mainnet-long-benchmark[2233876]: INF 2026-09-11 09:47:35.993+00:00 Imported blocks                            blockNumber=6365185 slot=1 blocks=6365184 txs=312699475 mgas=16047600 bps=150.7 tps=12500 mgps=1045 avgBps=387.2 avgTps=19019 avgMGps=976.1 elapsed=4h34m1s
Sep 11 09:48:38 nimbus-eth1-mainnet-long-benchmark[2233876]: INF 2026-09-11 09:48:38.432+00:00 Imported blocks                            blockNumber=6373377 slot=1 blocks=6373376 txs=313429735 mgas=16103295 bps=131.2 tps=11695 mgps=892.0 avgBps=386.2 avgTps=18991 avgMGps=975.7 elapsed=4h35m3s
Sep 11 09:49:35 nimbus-eth1-mainnet-long-benchmark[2233876]: INF 2026-09-11 09:49:35.852+00:00 Imported blocks                            blockNumber=6381569 slot=1 blocks=6381568 txs=314060857 mgas=16159348 bps=142.7 tps=10991 mgps=976.2 avgBps=385.3 avgTps=18963 avgMGps=975.7 elapsed=4h36m965ms
Sep 11 09:50:35 nimbus-eth1-mainnet-long-benchmark[2233876]: INF 2026-09-11 09:50:35.303+00:00 Imported blocks                            blockNumber=6389761 slot=1 blocks=6389760 txs=314684436 mgas=16214829 bps=137.8 tps=10489 mgps=933.3 avgBps=384.5 avgTps=18933 avgMGps=975.6 elapsed=4h37m412ms
Sep 11 09:51:35 nimbus-eth1-mainnet-long-benchmark[2233876]: INF 2026-09-11 09:51:35.682+00:00 Imported blocks                            blockNumber=6397953 slot=1 blocks=6397952 txs=315406780 mgas=16271260 bps=135.7 tps=11963 mgps=934.6 avgBps=383.6 avgTps=18908 avgMGps=975.4 elapsed=4h38m792ms
Sep 11 09:52:36 nimbus-eth1-mainnet-long-benchmark[2233876]: INF 2026-09-11 09:52:36.581+00:00 Imported blocks                            blockNumber=6406145 slot=1 blocks=6406144 txs=316036272 mgas=16328418 bps=134.5 tps=10336 mgps=938.6 avgBps=382.6 avgTps=18877 avgMGps=975.3 elapsed=4h39m1s
Sep 11 09:53:36 nimbus-eth1-mainnet-long-benchmark[2233876]: INF 2026-09-11 09:53:36.968+00:00 Imported blocks                            blockNumber=6414337 slot=1 blocks=6414336 txs=316746101 mgas=16385776 bps=135.7 tps=11754 mgps=949.8 avgBps=381.8 avgTps=18851 avgMGps=975.2 elapsed=4h40m2s
Sep 11 09:54:30 nimbus-eth1-mainnet-long-benchmark[2233876]: INF 2026-09-11 09:54:30.675+00:00 Imported blocks                            blockNumber=6422529 slot=1 blocks=6422528 txs=317359187 mgas=16440718 bps=152.5 tps=11415 mgps=1022 avgBps=381.0 avgTps=18827 avgMGps=975.4 elapsed=4h40m55s
Sep 11 09:55:26 nimbus-eth1-mainnet-long-benchmark[2233876]: INF 2026-09-11 09:55:26.034+00:00 Imported blocks                            blockNumber=6430721 slot=1 blocks=6430720 txs=317965609 mgas=16493295 bps=148.0 tps=10954 mgps=949.8 avgBps=380.3 avgTps=18802 avgMGps=975.3 elapsed=4h41m51s
Sep 11 09:56:22 nimbus-eth1-mainnet-long-benchmark[2233876]: INF 2026-09-11 09:56:22.805+00:00 Imported blocks                            blockNumber=6438913 slot=1 blocks=6438912 txs=318608154 mgas=16545754 bps=144.3 tps=11317 mgps=924.0 avgBps=379.5 avgTps=18777 avgMGps=975.1 elapsed=4h42m47s
Sep 11 09:57:18 nimbus-eth1-mainnet-long-benchmark[2233876]: INF 2026-09-11 09:57:18.860+00:00 Imported blocks                            blockNumber=6447105 slot=1 blocks=6447104 txs=319340150 mgas=16598899 bps=146.1 tps=13058 mgps=948.1 avgBps=378.7 avgTps=18758 avgMGps=975.0 elapsed=4h43m43s
Sep 11 09:58:22 nimbus-eth1-mainnet-long-benchmark[2233876]: INF 2026-09-11 09:58:22.187+00:00 Imported blocks                            blockNumber=6455297 slot=1 blocks=6455296 txs=320065114 mgas=16653206 bps=129.4 tps=11447 mgps=857.5 avgBps=377.8 avgTps=18731 avgMGps=974.6 elapsed=4h44m47s
Sep 11 09:59:22 nimbus-eth1-mainnet-long-benchmark[2233876]: INF 2026-09-11 09:59:22.906+00:00 Imported blocks                            blockNumber=6463489 slot=1 blocks=6463488 txs=320881105 mgas=16705932 bps=134.9 tps=13440 mgps=868.5 avgBps=376.9 avgTps=18712 avgMGps=974.2 elapsed=4h45m48s
Sep 11 10:00:15 nimbus-eth1-mainnet-long-benchmark[2233876]: INF 2026-09-11 10:00:15.549+00:00 Imported blocks                            blockNumber=6471681 slot=1 blocks=6471680 txs=321610730 mgas=16755114 bps=155.6 tps=13858 mgps=934.2 avgBps=376.2 avgTps=18697 avgMGps=974.1 elapsed=4h46m40s
Sep 11 10:01:03 nimbus-eth1-mainnet-long-benchmark[2233876]: INF 2026-09-11 10:01:03.725+00:00 Imported blocks                            blockNumber=6479873 slot=1 blocks=6479872 txs=322280567 mgas=16801945 bps=170.0 tps=13904 mgps=972.1 avgBps=375.7 avgTps=18684 avgMGps=974.1 elapsed=4h47m28s
Sep 11 10:01:56 nimbus-eth1-mainnet-long-benchmark[2233876]: INF 2026-09-11 10:01:56.972+00:00 Imported blocks                            blockNumber=6488065 slot=1 blocks=6488064 txs=323027711 mgas=16850068 bps=153.9 tps=14031 mgps=903.8 avgBps=375.0 avgTps=18669 avgMGps=973.9 elapsed=4h48m22s
Sep 11 10:02:57 nimbus-eth1-mainnet-long-benchmark[2233876]: INF 2026-09-11 10:02:57.127+00:00 Imported blocks                            blockNumber=6496257 slot=1 blocks=6496256 txs=323745037 mgas=16898027 bps=136.2 tps=11924 mgps=797.2 avgBps=374.2 avgTps=18646 avgMGps=973.3 elapsed=4h49m22s
Sep 11 10:03:55 nimbus-eth1-mainnet-long-benchmark[2233876]: INF 2026-09-11 10:03:55.110+00:00 Imported blocks                            blockNumber=6504449 slot=1 blocks=6504448 txs=324463429 mgas=16948936 bps=141.3 tps=12390 mgps=878.0 avgBps=373.4 avgTps=18625 avgMGps=972.9 elapsed=4h50m20s
Sep 11 10:04:49 nimbus-eth1-mainnet-long-benchmark[2233876]: INF 2026-09-11 10:04:49.373+00:00 Imported blocks                            blockNumber=6512641 slot=1 blocks=6512640 txs=325193896 mgas=16997329 bps=151.0 tps=13461 mgps=891.8 avgBps=372.7 avgTps=18609 avgMGps=972.7 elapsed=4h51m14s
Sep 11 10:05:44 nimbus-eth1-mainnet-long-benchmark[2233876]: INF 2026-09-11 10:05:44.060+00:00 Imported blocks                            blockNumber=6520833 slot=1 blocks=6520832 txs=325931955 mgas=17043460 bps=149.8 tps=13495 mgps=843.5 avgBps=372.0 avgTps=18593 avgMGps=972.3 elapsed=4h52m9s
Sep 11 10:06:37 nimbus-eth1-mainnet-long-benchmark[2233876]: INF 2026-09-11 10:06:37.507+00:00 Imported blocks                            blockNumber=6529025 slot=1 blocks=6529024 txs=326656663 mgas=17089938 bps=153.3 tps=13559 mgps=869.6 avgBps=371.3 avgTps=18578 avgMGps=972.0 elapsed=4h53m2s
Sep 11 10:07:33 nimbus-eth1-mainnet-long-benchmark[2233876]: INF 2026-09-11 10:07:33.758+00:00 Imported blocks                            blockNumber=6537217 slot=1 blocks=6537216 txs=327456928 mgas=17138909 bps=145.6 tps=14227 mgps=870.6 avgBps=370.6 avgTps=18564 avgMGps=971.7 elapsed=4h53m58s
Sep 11 10:08:28 nimbus-eth1-mainnet-long-benchmark[2233876]: INF 2026-09-11 10:08:28.890+00:00 Imported blocks                            blockNumber=6545409 slot=1 blocks=6545408 txs=328244312 mgas=17187406 bps=148.6 tps=14282 mgps=879.7 avgBps=369.9 avgTps=18551 avgMGps=971.4 elapsed=4h54m54s
Sep 11 10:09:23 nimbus-eth1-mainnet-long-benchmark[2233876]: INF 2026-09-11 10:09:23.509+00:00 Imported blocks                            blockNumber=6553601 slot=1 blocks=6553600 txs=328942710 mgas=17234594 bps=150.0 tps=12786 mgps=863.9 avgBps=369.2 avgTps=18533 avgMGps=971.0 elapsed=4h55m48s
Sep 11 10:10:17 nimbus-eth1-mainnet-long-benchmark[2233876]: INF 2026-09-11 10:10:17.728+00:00 Imported blocks                            blockNumber=6561793 slot=1 blocks=6561792 txs=329680267 mgas=17283382 bps=151.1 tps=13602 mgps=899.8 avgBps=368.6 avgTps=18518 avgMGps=970.8 elapsed=4h56m42s
Sep 11 10:11:14 nimbus-eth1-mainnet-long-benchmark[2233876]: INF 2026-09-11 10:11:14.191+00:00 Imported blocks                            blockNumber=6569985 slot=1 blocks=6569984 txs=330444437 mgas=17333271 bps=145.1 tps=13533 mgps=883.5 avgBps=367.9 avgTps=18502 avgMGps=970.5 elapsed=4h57m39s
Sep 11 10:12:03 nimbus-eth1-mainnet-long-benchmark[2233876]: INF 2026-09-11 10:12:03.910+00:00 Imported blocks                            blockNumber=6578177 slot=1 blocks=6578176 txs=331124673 mgas=17383268 bps=164.8 tps=13682 mgps=1005 avgBps=367.3 avgTps=18489 avgMGps=970.6 elapsed=4h58m29s
Sep 11 10:12:55 nimbus-eth1-mainnet-long-benchmark[2233876]: INF 2026-09-11 10:12:55.813+00:00 Imported blocks                            blockNumber=6586369 slot=1 blocks=6586368 txs=331874672 mgas=17436357 bps=157.8 tps=14449 mgps=1022 avgBps=366.7 avgTps=18477 avgMGps=970.8 elapsed=4h59m20s
Sep 11 10:13:49 nimbus-eth1-mainnet-long-benchmark[2233876]: INF 2026-09-11 10:13:49.240+00:00 Imported blocks                            blockNumber=6594561 slot=1 blocks=6594560 txs=332580456 mgas=17484376 bps=153.3 tps=13209 mgps=898.7 avgBps=366.1 avgTps=18461 avgMGps=970.6 elapsed=5h14s356ms
Sep 11 10:14:42 nimbus-eth1-mainnet-long-benchmark[2233876]: INF 2026-09-11 10:14:42.060+00:00 Imported blocks                            blockNumber=6602753 slot=1 blocks=6602752 txs=333236879 mgas=17530777 bps=155.1 tps=12428 mgps=878.5 avgBps=365.5 avgTps=18444 avgMGps=970.3 elapsed=5h1m7s
Sep 11 10:15:39 nimbus-eth1-mainnet-long-benchmark[2233876]: INF 2026-09-11 10:15:39.059+00:00 Imported blocks                            blockNumber=6610945 slot=1 blocks=6610944 txs=334086662 mgas=17578525 bps=143.7 tps=14908 mgps=837.7 avgBps=364.8 avgTps=18433 avgMGps=969.9 elapsed=5h2m4s
Sep 11 10:16:36 nimbus-eth1-mainnet-long-benchmark[2233876]: INF 2026-09-11 10:16:36.058+00:00 Imported blocks                            blockNumber=6619137 slot=1 blocks=6619136 txs=334887810 mgas=17626333 bps=143.7 tps=14055 mgps=838.7 avgBps=364.1 avgTps=18419 avgMGps=969.5 elapsed=5h3m1s
Sep 11 10:17:30 nimbus-eth1-mainnet-long-benchmark[2233876]: INF 2026-09-11 10:17:30.485+00:00 Imported blocks                            blockNumber=6627329 slot=1 blocks=6627328 txs=335653218 mgas=17673003 bps=150.5 tps=14063 mgps=857.5 avgBps=363.4 avgTps=18406 avgMGps=969.1 elapsed=5h3m55s
Sep 11 10:18:25 nimbus-eth1-mainnet-long-benchmark[2233876]: INF 2026-09-11 10:18:25.220+00:00 Imported blocks                            blockNumber=6635521 slot=1 blocks=6635520 txs=336396368 mgas=17719891 bps=149.7 tps=13576 mgps=856.6 avgBps=362.8 avgTps=18392 avgMGps=968.8 elapsed=5h4m50s
Sep 11 10:19:21 nimbus-eth1-mainnet-long-benchmark[2233876]: INF 2026-09-11 10:19:21.911+00:00 Imported blocks                            blockNumber=6643713 slot=1 blocks=6643712 txs=337061975 mgas=17765768 bps=144.5 tps=11740 mgps=809.2 avgBps=362.1 avgTps=18371 avgMGps=968.3 elapsed=5h5m47s
Sep 11 10:20:21 nimbus-eth1-mainnet-long-benchmark[2233876]: INF 2026-09-11 10:20:21.502+00:00 Imported blocks                            blockNumber=6651905 slot=1 blocks=6651904 txs=337820711 mgas=17813196 bps=137.5 tps=12733 mgps=795.9 avgBps=361.4 avgTps=18353 avgMGps=967.8 elapsed=5h6m46s
Sep 11 10:21:19 nimbus-eth1-mainnet-long-benchmark[2233876]: INF 2026-09-11 10:21:19.333+00:00 Imported blocks                            blockNumber=6660097 slot=1 blocks=6660096 txs=338648342 mgas=17861002 bps=141.6 tps=14310 mgps=826.6 avgBps=360.7 avgTps=18340 avgMGps=967.3 elapsed=5h7m44s
Sep 11 10:22:14 nimbus-eth1-mainnet-long-benchmark[2233876]: INF 2026-09-11 10:22:14.976+00:00 Imported blocks                            blockNumber=6668289 slot=1 blocks=6668288 txs=339389169 mgas=17908035 bps=147.2 tps=13313 mgps=845.3 avgBps=360.1 avgTps=18325 avgMGps=967.0 elapsed=5h8m40s
Sep 11 10:23:09 nimbus-eth1-mainnet-long-benchmark[2233876]: INF 2026-09-11 10:23:09.040+00:00 Imported blocks                            blockNumber=6676481 slot=1 blocks=6676480 txs=340090715 mgas=17953773 bps=151.5 tps=12976 mgps=846.0 avgBps=359.5 avgTps=18309 avgMGps=966.6 elapsed=5h9m34s
Sep 11 10:24:05 nimbus-eth1-mainnet-long-benchmark[2233876]: INF 2026-09-11 10:24:05.351+00:00 Imported blocks                            blockNumber=6684673 slot=1 blocks=6684672 txs=340783741 mgas=18001246 bps=145.5 tps=12308 mgps=843.1 avgBps=358.8 avgTps=18291 avgMGps=966.2 elapsed=5h10m30s
Sep 11 10:24:59 nimbus-eth1-mainnet-long-benchmark[2233876]: INF 2026-09-11 10:24:59.654+00:00 Imported blocks                            blockNumber=6692865 slot=1 blocks=6692864 txs=341527746 mgas=18048608 bps=150.9 tps=13700 mgps=872.1 avgBps=358.2 avgTps=18278 avgMGps=966.0 elapsed=5h11m24s
Sep 11 10:25:53 nimbus-eth1-mainnet-long-benchmark[2233876]: INF 2026-09-11 10:25:53.625+00:00 Imported blocks                            blockNumber=6701057 slot=1 blocks=6701056 txs=342255905 mgas=18093963 bps=151.8 tps=13491 mgps=840.3 avgBps=357.6 avgTps=18264 avgMGps=965.6 elapsed=5h12m18s
Sep 11 10:26:49 nimbus-eth1-mainnet-long-benchmark[2233876]: INF 2026-09-11 10:26:49.764+00:00 Imported blocks                            blockNumber=6709249 slot=1 blocks=6709248 txs=343059228 mgas=18142138 bps=145.9 tps=14309 mgps=858.1 avgBps=357.0 avgTps=18252 avgMGps=965.3 elapsed=5h13m14s
Sep 11 10:27:45 nimbus-eth1-mainnet-long-benchmark[2233876]: INF 2026-09-11 10:27:45.539+00:00 Imported blocks                            blockNumber=6717441 slot=1 blocks=6717440 txs=343791131 mgas=18189421 bps=146.9 tps=13121 mgps=847.7 avgBps=356.4 avgTps=18237 avgMGps=964.9 elapsed=5h14m10s
Sep 11 10:28:36 nimbus-eth1-mainnet-long-benchmark[2233876]: INF 2026-09-11 10:28:36.962+00:00 Imported blocks                            blockNumber=6725633 slot=1 blocks=6725632 txs=344460910 mgas=18236479 bps=159.3 tps=13025 mgps=915.2 avgBps=355.8 avgTps=18223 avgMGps=964.8 elapsed=5h15m2s
Sep 11 10:29:32 nimbus-eth1-mainnet-long-benchmark[2233876]: INF 2026-09-11 10:29:32.925+00:00 Imported blocks                            blockNumber=6733825 slot=1 blocks=6733824 txs=345197356 mgas=18287714 bps=146.4 tps=13159 mgps=915.5 avgBps=355.2 avgTps=18208 avgMGps=964.6 elapsed=5h15m58s
Sep 11 10:30:31 nimbus-eth1-mainnet-long-benchmark[2233876]: INF 2026-09-11 10:30:31.301+00:00 Imported blocks                            blockNumber=6742017 slot=1 blocks=6742016 txs=346042853 mgas=18339270 bps=140.3 tps=14483 mgps=883.2 avgBps=354.5 avgTps=18197 avgMGps=964.4 elapsed=5h16m56s
Sep 11 10:31:25 nimbus-eth1-mainnet-long-benchmark[2233876]: INF 2026-09-11 10:31:25.864+00:00 Imported blocks                            blockNumber=6750209 slot=1 blocks=6750208 txs=346825893 mgas=18388721 bps=150.1 tps=14350 mgps=906.3 avgBps=354.0 avgTps=18186 avgMGps=964.2 elapsed=5h17m50s
Sep 11 10:32:17 nimbus-eth1-mainnet-long-benchmark[2233876]: INF 2026-09-11 10:32:17.363+00:00 Imported blocks                            blockNumber=6758401 slot=1 blocks=6758400 txs=347611627 mgas=18437322 bps=159.1 tps=15257 mgps=943.7 avgBps=353.4 avgTps=18178 avgMGps=964.2 elapsed=5h18m42s
Sep 11 10:33:04 nimbus-eth1-mainnet-long-benchmark[2233876]: INF 2026-09-11 10:33:04.662+00:00 Imported blocks                            blockNumber=6766593 slot=1 blocks=6766592 txs=348255962 mgas=18481202 bps=173.2 tps=13622 mgps=927.7 avgBps=353.0 avgTps=18166 avgMGps=964.1 elapsed=5h19m29s
Sep 11 10:33:56 nimbus-eth1-mainnet-long-benchmark[2233876]: INF 2026-09-11 10:33:56.133+00:00 Imported blocks                            blockNumber=6774785 slot=1 blocks=6774784 txs=348974268 mgas=18526522 bps=159.2 tps=13956 mgps=880.5 avgBps=352.5 avgTps=18155 avgMGps=963.9 elapsed=5h20m21s
Sep 11 10:34:52 nimbus-eth1-mainnet-long-benchmark[2233876]: INF 2026-09-11 10:34:52.876+00:00 Imported blocks                            blockNumber=6782977 slot=1 blocks=6782976 txs=349762055 mgas=18575823 bps=144.4 tps=13882 mgps=868.8 avgBps=351.9 avgTps=18143 avgMGps=963.6 elapsed=5h21m17s
Sep 11 10:35:47 nimbus-eth1-mainnet-long-benchmark[2233876]: INF 2026-09-11 10:35:47.416+00:00 Imported blocks                            blockNumber=6791169 slot=1 blocks=6791168 txs=350559187 mgas=18627040 bps=150.2 tps=14615 mgps=939.1 avgBps=351.3 avgTps=18133 avgMGps=963.5 elapsed=5h22m12s
Sep 11 10:36:54 nimbus-eth1-mainnet-long-benchmark[2233876]: INF 2026-09-11 10:36:54.138+00:00 Imported blocks                            blockNumber=6799361 slot=1 blocks=6799360 txs=351337766 mgas=18681520 bps=122.8 tps=11669 mgps=816.6 avgBps=350.5 avgTps=18110 avgMGps=963.0 elapsed=5h23m19s
Sep 11 10:37:57 nimbus-eth1-mainnet-long-benchmark[2233876]: INF 2026-09-11 10:37:57.421+00:00 Imported blocks                            blockNumber=6807553 slot=1 blocks=6807552 txs=352114872 mgas=18735939 bps=129.4 tps=12278 mgps=859.9 avgBps=349.8 avgTps=18091 avgMGps=962.7 elapsed=5h24m22s
Sep 11 10:38:58 nimbus-eth1-mainnet-long-benchmark[2233876]: INF 2026-09-11 10:38:58.277+00:00 Imported blocks                            blockNumber=6815745 slot=1 blocks=6815744 txs=352756014 mgas=18785755 bps=134.6 tps=10535 mgps=818.6 avgBps=349.1 avgTps=18068 avgMGps=962.2 elapsed=5h25m23s
Sep 11 10:40:00 nimbus-eth1-mainnet-long-benchmark[2233876]: INF 2026-09-11 10:40:00.940+00:00 Imported blocks                            blockNumber=6823937 slot=1 blocks=6823936 txs=353523201 mgas=18838361 bps=130.7 tps=12242 mgps=839.5 avgBps=348.4 avgTps=18049 avgMGps=961.8 elapsed=5h26m26s
Sep 11 10:41:05 nimbus-eth1-mainnet-long-benchmark[2233876]: INF 2026-09-11 10:41:05.734+00:00 Imported blocks                            blockNumber=6832129 slot=1 blocks=6832128 txs=354318956 mgas=18891809 bps=126.4 tps=12281 mgps=824.9 avgBps=347.7 avgTps=18030 avgMGps=961.4 elapsed=5h27m30s
Sep 11 10:42:12 nimbus-eth1-mainnet-long-benchmark[2233876]: INF 2026-09-11 10:42:12.685+00:00 Imported blocks                            blockNumber=6840321 slot=1 blocks=6840320 txs=355106758 mgas=18944586 bps=122.4 tps=11766 mgps=788.3 avgBps=346.9 avgTps=18009 avgMGps=960.8 elapsed=5h28m37s
Sep 11 10:43:18 nimbus-eth1-mainnet-long-benchmark[2233876]: INF 2026-09-11 10:43:18.220+00:00 Imported blocks                            blockNumber=6848513 slot=1 blocks=6848512 txs=355894886 mgas=18995395 bps=125.0 tps=12025 mgps=775.3 avgBps=346.2 avgTps=17989 avgMGps=960.2 elapsed=5h29m43s
Sep 11 10:44:20 nimbus-eth1-mainnet-long-benchmark[2233876]: INF 2026-09-11 10:44:20.747+00:00 Imported blocks                            blockNumber=6856705 slot=1 blocks=6856704 txs=356598333 mgas=19044074 bps=131.0 tps=11250 mgps=778.5 avgBps=345.5 avgTps=17968 avgMGps=959.6 elapsed=5h30m45s
Sep 11 10:45:17 nimbus-eth1-mainnet-long-benchmark[2233876]: INF 2026-09-11 10:45:17.798+00:00 Imported blocks                            blockNumber=6864897 slot=1 blocks=6864896 txs=357319113 mgas=19092174 bps=143.6 tps=12634 mgps=843.2 avgBps=344.9 avgTps=17953 avgMGps=959.3 elapsed=5h31m42s
Sep 11 10:46:14 nimbus-eth1-mainnet-long-benchmark[2233876]: INF 2026-09-11 10:46:14.350+00:00 Imported blocks                            blockNumber=6873089 slot=1 blocks=6873088 txs=358072504 mgas=19140940 bps=144.9 tps=13322 mgps=862.3 avgBps=344.4 avgTps=17939 avgMGps=959.0 elapsed=5h32m39s
Sep 11 10:47:12 nimbus-eth1-mainnet-long-benchmark[2233876]: INF 2026-09-11 10:47:12.037+00:00 Imported blocks                            blockNumber=6881281 slot=1 blocks=6881280 txs=358799260 mgas=19189224 bps=142.0 tps=12597 mgps=837.0 avgBps=343.8 avgTps=17924 avgMGps=958.6 elapsed=5h33m37s
Sep 11 10:48:07 nimbus-eth1-mainnet-long-benchmark[2233876]: INF 2026-09-11 10:48:07.676+00:00 Imported blocks                            blockNumber=6889473 slot=1 blocks=6889472 txs=359558300 mgas=19237454 bps=147.2 tps=13642 mgps=866.9 avgBps=343.2 avgTps=17912 avgMGps=958.4 elapsed=5h34m32s
Sep 11 10:49:08 nimbus-eth1-mainnet-long-benchmark[2233876]: INF 2026-09-11 10:49:08.467+00:00 Imported blocks                            blockNumber=6897665 slot=1 blocks=6897664 txs=360292210 mgas=19286325 bps=134.8 tps=12072 mgps=803.9 avgBps=342.6 avgTps=17895 avgMGps=957.9 elapsed=5h35m33s
Sep 11 10:50:07 nimbus-eth1-mainnet-long-benchmark[2233876]: INF 2026-09-11 10:50:07.666+00:00 Imported blocks                            blockNumber=6905857 slot=1 blocks=6905856 txs=361044387 mgas=19335848 bps=138.4 tps=12706 mgps=836.6 avgBps=342.0 avgTps=17879 avgMGps=957.6 elapsed=5h36m32s
Sep 11 10:51:04 nimbus-eth1-mainnet-long-benchmark[2233876]: INF 2026-09-11 10:51:04.141+00:00 Imported blocks                            blockNumber=6914049 slot=1 blocks=6914048 txs=361846580 mgas=19387258 bps=145.0 tps=14203 mgps=910.3 avgBps=341.4 avgTps=17869 avgMGps=957.4 elapsed=5h37m29s
Sep 11 10:52:04 nimbus-eth1-mainnet-long-benchmark[2233876]: INF 2026-09-11 10:52:04.424+00:00 Imported blocks                            blockNumber=6922241 slot=1 blocks=6922240 txs=362706201 mgas=19439186 bps=135.9 tps=14259 mgps=861.4 avgBps=340.8 avgTps=17858 avgMGps=957.1 elapsed=5h38m29s
Sep 11 10:53:02 nimbus-eth1-mainnet-long-benchmark[2233876]: INF 2026-09-11 10:53:02.819+00:00 Imported blocks                            blockNumber=6930433 slot=1 blocks=6930432 txs=363506975 mgas=19489578 bps=140.3 tps=13713 mgps=863.0 avgBps=340.3 avgTps=17847 avgMGps=956.9 elapsed=5h39m27s
Sep 11 10:54:00 nimbus-eth1-mainnet-long-benchmark[2233876]: INF 2026-09-11 10:54:00.134+00:00 Imported blocks                            blockNumber=6938625 slot=1 blocks=6938624 txs=364255629 mgas=19538966 bps=142.9 tps=13062 mgps=861.7 avgBps=339.7 avgTps=17833 avgMGps=956.6 elapsed=5h40m25s
Sep 11 10:55:00 nimbus-eth1-mainnet-long-benchmark[2233876]: INF 2026-09-11 10:55:00.213+00:00 Imported blocks                            blockNumber=6946817 slot=1 blocks=6946816 txs=365051896 mgas=19589221 bps=136.3 tps=13253 mgps=836.5 avgBps=339.1 avgTps=17820 avgMGps=956.3 elapsed=5h41m25s
Sep 11 10:55:55 nimbus-eth1-mainnet-long-benchmark[2233876]: INF 2026-09-11 10:55:55.776+00:00 Imported blocks                            blockNumber=6955009 slot=1 blocks=6955008 txs=365800136 mgas=19640914 bps=147.4 tps=13466 mgps=930.4 avgBps=338.6 avgTps=17808 avgMGps=956.2 elapsed=5h42m20s
Sep 11 10:56:57 nimbus-eth1-mainnet-long-benchmark[2233876]: INF 2026-09-11 10:56:57.823+00:00 Imported blocks                            blockNumber=6963201 slot=1 blocks=6963200 txs=366606499 mgas=19691065 bps=132.0 tps=12995 mgps=808.2 avgBps=338.0 avgTps=17793 avgMGps=955.7 elapsed=5h43m22s
Sep 11 10:57:58 nimbus-eth1-mainnet-long-benchmark[2233876]: INF 2026-09-11 10:57:58.102+00:00 Imported blocks                            blockNumber=6971393 slot=1 blocks=6971392 txs=367335068 mgas=19739722 bps=135.9 tps=12087 mgps=807.2 avgBps=337.4 avgTps=17777 avgMGps=955.3 elapsed=5h44m23s
Sep 11 10:59:00 nimbus-eth1-mainnet-long-benchmark[2233876]: INF 2026-09-11 10:59:00.437+00:00 Imported blocks                            blockNumber=6979585 slot=1 blocks=6979584 txs=368070420 mgas=19790921 bps=131.4 tps=11796 mgps=821.3 avgBps=336.8 avgTps=17759 avgMGps=954.9 elapsed=5h45m25s
Sep 11 11:00:04 nimbus-eth1-mainnet-long-benchmark[2233876]: INF 2026-09-11 11:00:04.364+00:00 Imported blocks                            blockNumber=6987777 slot=1 blocks=6987776 txs=368769441 mgas=19839604 bps=128.1 tps=10934 mgps=761.5 avgBps=336.1 avgTps=17738 avgMGps=954.3 elapsed=5h46m29s
Sep 11 11:00:58 nimbus-eth1-mainnet-long-benchmark[2233876]: INF 2026-09-11 11:00:58.764+00:00 Imported blocks                            blockNumber=6995969 slot=1 blocks=6995968 txs=369403561 mgas=19885435 bps=150.6 tps=11656 mgps=842.5 avgBps=335.6 avgTps=17722 avgMGps=954.0 elapsed=5h47m23s
Sep 11 11:02:01 nimbus-eth1-mainnet-long-benchmark[2233876]: INF 2026-09-11 11:02:01.567+00:00 Imported blocks                            blockNumber=7004161 slot=1 blocks=7004160 txs=370295716 mgas=19935972 bps=130.4 tps=14206 mgps=804.7 avgBps=335.0 avgTps=17711 avgMGps=953.6 elapsed=5h48m26s
Sep 11 11:03:03 nimbus-eth1-mainnet-long-benchmark[2233876]: INF 2026-09-11 11:03:03.338+00:00 Imported blocks                            blockNumber=7012353 slot=1 blocks=7012352 txs=371077746 mgas=19985245 bps=132.6 tps=12659 mgps=797.6 avgBps=334.4 avgTps=17696 avgMGps=953.1 elapsed=5h49m28s
Sep 11 11:04:00 nimbus-eth1-mainnet-long-benchmark[2233876]: INF 2026-09-11 11:04:00.549+00:00 Imported blocks                            blockNumber=7020545 slot=1 blocks=7020544 txs=371818791 mgas=20031343 bps=143.2 tps=12953 mgps=805.8 avgBps=333.9 avgTps=17684 avgMGps=952.7 elapsed=5h50m25s
Sep 11 11:04:59 nimbus-eth1-mainnet-long-benchmark[2233876]: INF 2026-09-11 11:04:59.024+00:00 Imported blocks                            blockNumber=7028737 slot=1 blocks=7028736 txs=372581234 mgas=20076437 bps=140.1 tps=13038 mgps=771.1 avgBps=333.4 avgTps=17671 avgMGps=952.2 elapsed=5h51m24s
Sep 11 11:05:56 nimbus-eth1-mainnet-long-benchmark[2233876]: INF 2026-09-11 11:05:56.375+00:00 Imported blocks                            blockNumber=7036929 slot=1 blocks=7036928 txs=373434988 mgas=20123041 bps=142.8 tps=14885 mgps=812.6 avgBps=332.8 avgTps=17663 avgMGps=951.8 elapsed=5h52m21s
Sep 11 11:06:53 nimbus-eth1-mainnet-long-benchmark[2233876]: INF 2026-09-11 11:06:53.690+00:00 Imported blocks                            blockNumber=7045121 slot=1 blocks=7045120 txs=374245330 mgas=20169419 bps=142.9 tps=14139 mgps=809.2 avgBps=332.3 avgTps=17654 avgMGps=951.4 elapsed=5h53m18s
Sep 11 11:07:51 nimbus-eth1-mainnet-long-benchmark[2233876]: INF 2026-09-11 11:07:51.081+00:00 Imported blocks                            blockNumber=7053313 slot=1 blocks=7053312 txs=375015673 mgas=20216891 bps=142.7 tps=13422 mgps=827.2 avgBps=331.8 avgTps=17642 avgMGps=951.1 elapsed=5h54m16s
Sep 11 11:08:44 nimbus-eth1-mainnet-long-benchmark[2233876]: INF 2026-09-11 11:08:44.368+00:00 Imported blocks                            blockNumber=7061505 slot=1 blocks=7061504 txs=375699007 mgas=20260446 bps=153.7 tps=12822 mgps=817.3 avgBps=331.4 avgTps=17630 avgMGps=950.8 elapsed=5h55m9s
Sep 11 11:09:42 nimbus-eth1-mainnet-long-benchmark[2233876]: INF 2026-09-11 11:09:42.587+00:00 Imported blocks                            blockNumber=7069697 slot=1 blocks=7069696 txs=376537787 mgas=20307321 bps=140.7 tps=14407 mgps=805.2 avgBps=330.9 avgTps=17621 avgMGps=950.4 elapsed=5h56m7s
Sep 11 11:10:37 nimbus-eth1-mainnet-long-benchmark[2233876]: INF 2026-09-11 11:10:37.898+00:00 Imported blocks                            blockNumber=7077889 slot=1 blocks=7077888 txs=377301016 mgas=20355903 bps=148.1 tps=13799 mgps=878.4 avgBps=330.4 avgTps=17611 avgMGps=950.2 elapsed=5h57m3s
Sep 11 11:11:32 nimbus-eth1-mainnet-long-benchmark[2233876]: INF 2026-09-11 11:11:32.281+00:00 Imported blocks                            blockNumber=7086081 slot=1 blocks=7086080 txs=378052057 mgas=20401095 bps=150.6 tps=13810 mgps=831.0 avgBps=329.9 avgTps=17602 avgMGps=949.9 elapsed=5h57m57s
Sep 11 11:12:28 nimbus-eth1-mainnet-long-benchmark[2233876]: INF 2026-09-11 11:12:28.461+00:00 Imported blocks                            blockNumber=7094273 slot=1 blocks=7094272 txs=378847841 mgas=20449611 bps=145.8 tps=14164 mgps=863.6 avgBps=329.5 avgTps=17593 avgMGps=949.7 elapsed=5h58m53s
Sep 11 11:13:23 nimbus-eth1-mainnet-long-benchmark[2233876]: INF 2026-09-11 11:13:23.376+00:00 Imported blocks                            blockNumber=7102465 slot=1 blocks=7102464 txs=379635271 mgas=20498840 bps=149.2 tps=14338 mgps=896.4 avgBps=329.0 avgTps=17585 avgMGps=949.5 elapsed=5h59m48s
Sep 11 11:14:23 nimbus-eth1-mainnet-long-benchmark[2233876]: INF 2026-09-11 11:14:23.951+00:00 Imported blocks                            blockNumber=7110657 slot=1 blocks=7110656 txs=380620741 mgas=20554788 bps=135.2 tps=16268 mgps=923.6 avgBps=328.5 avgTps=17581 avgMGps=949.5 elapsed=6h49s67ms
Sep 11 11:15:23 nimbus-eth1-mainnet-long-benchmark[2233876]: INF 2026-09-11 11:15:23.874+00:00 Imported blocks                            blockNumber=7118849 slot=1 blocks=7118848 txs=381500491 mgas=20607563 bps=136.7 tps=14682 mgps=880.8 avgBps=327.9 avgTps=17573 avgMGps=949.3 elapsed=6h1m48s
Sep 11 11:16:20 nimbus-eth1-mainnet-long-benchmark[2233876]: INF 2026-09-11 11:16:20.825+00:00 Imported blocks                            blockNumber=7127041 slot=1 blocks=7127040 txs=382271667 mgas=20656788 bps=143.8 tps=13540 mgps=864.3 avgBps=327.4 avgTps=17562 avgMGps=949.0 elapsed=6h2m45s
Sep 11 11:17:22 nimbus-eth1-mainnet-long-benchmark[2233876]: INF 2026-09-11 11:17:22.856+00:00 Imported blocks                            blockNumber=7135233 slot=1 blocks=7135232 txs=383082604 mgas=20710096 bps=132.1 tps=13073 mgps=859.4 avgBps=326.9 avgTps=17550 avgMGps=948.8 elapsed=6h3m47s
Sep 11 11:18:28 nimbus-eth1-mainnet-long-benchmark[2233876]: INF 2026-09-11 11:18:28.963+00:00 Imported blocks                            blockNumber=7143425 slot=1 blocks=7143424 txs=383998423 mgas=20765213 bps=123.9 tps=13852 mgps=833.7 avgBps=326.3 avgTps=17538 avgMGps=948.4 elapsed=6h4m54s
Sep 11 11:19:30 nimbus-eth1-mainnet-long-benchmark[2233876]: INF 2026-09-11 11:19:30.618+00:00 Imported blocks                            blockNumber=7151617 slot=1 blocks=7151616 txs=384909238 mgas=20819967 bps=132.9 tps=14773 mgps=888.1 avgBps=325.7 avgTps=17531 avgMGps=948.3 elapsed=6h5m55s
Sep 11 11:20:36 nimbus-eth1-mainnet-long-benchmark[2233876]: INF 2026-09-11 11:20:36.881+00:00 Imported blocks                            blockNumber=7159809 slot=1 blocks=7159808 txs=385795436 mgas=20878681 bps=123.6 tps=13373 mgps=886.1 avgBps=325.1 avgTps=17518 avgMGps=948.1 elapsed=6h7m1s
Sep 11 11:21:31 nimbus-eth1-mainnet-long-benchmark[2233876]: INF 2026-09-11 11:21:31.556+00:00 Imported blocks                            blockNumber=7168001 slot=1 blocks=7168000 txs=386522102 mgas=20927820 bps=149.8 tps=13290 mgps=898.7 avgBps=324.7 avgTps=17508 avgMGps=948.0 elapsed=6h7m56s
Sep 11 11:22:25 nimbus-eth1-mainnet-long-benchmark[2233876]: INF 2026-09-11 11:22:25.963+00:00 Imported blocks                            blockNumber=7176193 slot=1 blocks=7176192 txs=387215438 mgas=20974930 bps=150.6 tps=12743 mgps=865.9 avgBps=324.3 avgTps=17496 avgMGps=947.8 elapsed=6h8m51s
Sep 11 11:23:17 nimbus-eth1-mainnet-long-benchmark[2233876]: INF 2026-09-11 11:23:17.826+00:00 Imported blocks                            blockNumber=7184385 slot=1 blocks=7184384 txs=387939963 mgas=21022966 bps=158.0 tps=13970 mgps=926.3 avgBps=323.9 avgTps=17488 avgMGps=947.7 elapsed=6h9m42s
Sep 11 11:24:10 nimbus-eth1-mainnet-long-benchmark[2233876]: INF 2026-09-11 11:24:10.089+00:00 Imported blocks                            blockNumber=7192577 slot=1 blocks=7192576 txs=388648265 mgas=21071234 bps=156.7 tps=13552 mgps=923.6 avgBps=323.5 avgTps=17478 avgMGps=947.7 elapsed=6h10m35s
Sep 11 11:25:04 nimbus-eth1-mainnet-long-benchmark[2233876]: INF 2026-09-11 11:25:04.917+00:00 Imported blocks                            blockNumber=7200769 slot=1 blocks=7200768 txs=389375772 mgas=21121354 bps=149.4 tps=13268 mgps=914.1 avgBps=323.0 avgTps=17468 avgMGps=947.6 elapsed=6h11m30s
Sep 11 11:26:05 nimbus-eth1-mainnet-long-benchmark[2233876]: INF 2026-09-11 11:26:05.560+00:00 Imported blocks                            blockNumber=7208961 slot=1 blocks=7208960 txs=390166118 mgas=21174452 bps=135.1 tps=13032 mgps=875.6 avgBps=322.5 avgTps=17456 avgMGps=947.4 elapsed=6h12m30s
Sep 11 11:27:06 nimbus-eth1-mainnet-long-benchmark[2233876]: INF 2026-09-11 11:27:06.839+00:00 Imported blocks                            blockNumber=7217153 slot=1 blocks=7217152 txs=391073092 mgas=21231194 bps=133.7 tps=14801 mgps=926.0 avgBps=322.0 avgTps=17449 avgMGps=947.3 elapsed=6h13m31s
Sep 11 11:28:11 nimbus-eth1-mainnet-long-benchmark[2233876]: INF 2026-09-11 11:28:11.270+00:00 Imported blocks                            blockNumber=7225345 slot=1 blocks=7225344 txs=392006706 mgas=21289790 bps=127.1 tps=14490 mgps=909.4 avgBps=321.5 avgTps=17440 avgMGps=947.2 elapsed=6h14m36s
Sep 11 11:29:15 nimbus-eth1-mainnet-long-benchmark[2233876]: INF 2026-09-11 11:29:15.585+00:00 Imported blocks                            blockNumber=7233537 slot=1 blocks=7233536 txs=392892302 mgas=21348462 bps=127.4 tps=13768 mgps=912.2 avgBps=320.9 avgTps=17430 avgMGps=947.1 elapsed=6h15m40s
Sep 11 11:30:25 nimbus-eth1-mainnet-long-benchmark[2233876]: INF 2026-09-11 11:30:25.204+00:00 Imported blocks                            blockNumber=7241729 slot=1 blocks=7241728 txs=393908406 mgas=21409532 bps=117.7 tps=14594 mgps=877.2 avgBps=320.3 avgTps=17421 avgMGps=946.9 elapsed=6h16m50s
Sep 11 11:31:31 nimbus-eth1-mainnet-long-benchmark[2233876]: INF 2026-09-11 11:31:31.554+00:00 Imported blocks                            blockNumber=7249921 slot=1 blocks=7249920 txs=394929036 mgas=21470901 bps=123.5 tps=15383 mgps=925.0 avgBps=319.7 avgTps=17415 avgMGps=946.8 elapsed=6h17m56s
Sep 11 11:32:41 nimbus-eth1-mainnet-long-benchmark[2233876]: INF 2026-09-11 11:32:41.297+00:00 Imported blocks                            blockNumber=7258113 slot=1 blocks=7258112 txs=395914711 mgas=21531959 bps=117.5 tps=14132 mgps=875.5 avgBps=319.1 avgTps=17405 avgMGps=946.6 elapsed=6h19m6s
Sep 11 11:33:49 nimbus-eth1-mainnet-long-benchmark[2233876]: INF 2026-09-11 11:33:49.224+00:00 Imported blocks                            blockNumber=7266305 slot=1 blocks=7266304 txs=396939106 mgas=21592759 bps=120.6 tps=15080 mgps=895.0 avgBps=318.5 avgTps=17398 avgMGps=946.5 elapsed=6h20m14s
Sep 11 11:35:01 nimbus-eth1-mainnet-long-benchmark[2233876]: INF 2026-09-11 11:35:01.679+00:00 Imported blocks                            blockNumber=7274497 slot=1 blocks=7274496 txs=398013099 mgas=21655671 bps=113.1 tps=14823 mgps=868.3 avgBps=317.8 avgTps=17390 avgMGps=946.2 elapsed=6h21m26s
Sep 11 11:36:10 nimbus-eth1-mainnet-long-benchmark[2233876]: INF 2026-09-11 11:36:10.222+00:00 Imported blocks                            blockNumber=7282689 slot=1 blocks=7282688 txs=398972452 mgas=21716394 bps=119.5 tps=13996 mgps=885.9 avgBps=317.3 avgTps=17380 avgMGps=946.0 elapsed=6h22m35s
Sep 11 11:37:10 nimbus-eth1-mainnet-long-benchmark[2233876]: INF 2026-09-11 11:37:10.845+00:00 Imported blocks                            blockNumber=7290881 slot=1 blocks=7290880 txs=399693869 mgas=21767952 bps=135.1 tps=11899 mgps=850.5 avgBps=316.8 avgTps=17365 avgMGps=945.8 elapsed=6h23m35s
Sep 11 11:38:08 nimbus-eth1-mainnet-long-benchmark[2233876]: INF 2026-09-11 11:38:08.876+00:00 Imported blocks                            blockNumber=7299073 slot=1 blocks=7299072 txs=400329336 mgas=21815392 bps=141.2 tps=10950 mgps=817.5 avgBps=316.3 avgTps=17349 avgMGps=945.5 elapsed=6h24m33s
Sep 11 11:39:09 nimbus-eth1-mainnet-long-benchmark[2233876]: INF 2026-09-11 11:39:09.407+00:00 Imported blocks                            blockNumber=7307265 slot=1 blocks=7307264 txs=401098326 mgas=21867932 bps=135.3 tps=12703 mgps=867.9 avgBps=315.9 avgTps=17337 avgMGps=945.3 elapsed=6h25m34s
Sep 11 11:40:09 nimbus-eth1-mainnet-long-benchmark[2233876]: INF 2026-09-11 11:40:09.530+00:00 Imported blocks                            blockNumber=7315457 slot=1 blocks=7315456 txs=401881164 mgas=21918429 bps=136.3 tps=13021 mgps=840.0 avgBps=315.4 avgTps=17326 avgMGps=945.0 elapsed=6h26m34s
Sep 11 11:41:06 nimbus-eth1-mainnet-long-benchmark[2233876]: INF 2026-09-11 11:41:06.509+00:00 Imported blocks                            blockNumber=7323649 slot=1 blocks=7323648 txs=402617695 mgas=21967110 bps=143.8 tps=12926 mgps=854.4 avgBps=315.0 avgTps=17315 avgMGps=944.8 elapsed=6h27m31s
Sep 11 11:42:04 nimbus-eth1-mainnet-long-benchmark[2233876]: INF 2026-09-11 11:42:04.656+00:00 Imported blocks                            blockNumber=7331841 slot=1 blocks=7331840 txs=403311126 mgas=22016089 bps=140.9 tps=11924 mgps=842.3 avgBps=314.5 avgTps=17302 avgMGps=944.5 elapsed=6h28m29s
Sep 11 11:43:03 nimbus-eth1-mainnet-long-benchmark[2233876]: INF 2026-09-11 11:43:03.519+00:00 Imported blocks                            blockNumber=7340033 slot=1 blocks=7340032 txs=404011479 mgas=22064560 bps=139.2 tps=11898 mgps=823.5 avgBps=314.1 avgTps=17288 avgMGps=944.2 elapsed=6h29m28s
Sep 11 11:43:57 nimbus-eth1-mainnet-long-benchmark[2233876]: INF 2026-09-11 11:43:57.415+00:00 Imported blocks                            blockNumber=7348225 slot=1 blocks=7348224 txs=404667644 mgas=22112314 bps=152.0 tps=12175 mgps=886.1 avgBps=313.7 avgTps=17276 avgMGps=944.1 elapsed=6h30m22s
Sep 11 11:44:56 nimbus-eth1-mainnet-long-benchmark[2233876]: INF 2026-09-11 11:44:56.974+00:00 Imported blocks                            blockNumber=7356417 slot=1 blocks=7356416 txs=405374596 mgas=22162096 bps=137.5 tps=11869 mgps=835.8 avgBps=313.3 avgTps=17263 avgMGps=943.8 elapsed=6h31m22s
Sep 11 11:45:53 nimbus-eth1-mainnet-long-benchmark[2233876]: INF 2026-09-11 11:45:53.861+00:00 Imported blocks                            blockNumber=7364609 slot=1 blocks=7364608 txs=406077156 mgas=22213648 bps=144.0 tps=12349 mgps=906.2 avgBps=312.9 avgTps=17251 avgMGps=943.7 elapsed=6h32m18s
Sep 11 11:46:51 nimbus-eth1-mainnet-long-benchmark[2233876]: INF 2026-09-11 11:46:51.832+00:00 Imported blocks                            blockNumber=7372801 slot=1 blocks=7372800 txs=406825644 mgas=22264838 bps=141.3 tps=12911 mgps=883.0 avgBps=312.4 avgTps=17240 avgMGps=943.5 elapsed=6h33m16s
Sep 11 11:47:47 nimbus-eth1-mainnet-long-benchmark[2233876]: INF 2026-09-11 11:47:47.415+00:00 Imported blocks                            blockNumber=7380993 slot=1 blocks=7380992 txs=407498614 mgas=22315127 bps=147.4 tps=12107 mgps=904.8 avgBps=312.1 avgTps=17228 avgMGps=943.5 elapsed=6h34m12s
Sep 11 11:48:43 nimbus-eth1-mainnet-long-benchmark[2233876]: INF 2026-09-11 11:48:43.874+00:00 Imported blocks                            blockNumber=7389185 slot=1 blocks=7389184 txs=408116988 mgas=22361875 bps=145.1 tps=10953 mgps=828.0 avgBps=311.7 avgTps=17213 avgMGps=943.2 elapsed=6h35m8s
Sep 11 11:49:43 nimbus-eth1-mainnet-long-benchmark[2233876]: INF 2026-09-11 11:49:43.241+00:00 Imported blocks                            blockNumber=7397377 slot=1 blocks=7397376 txs=408848395 mgas=22415724 bps=138.0 tps=12319 mgps=907.0 avgBps=311.2 avgTps=17201 avgMGps=943.1 elapsed=6h36m8s
Sep 11 11:50:42 nimbus-eth1-mainnet-long-benchmark[2233876]: INF 2026-09-11 11:50:42.224+00:00 Imported blocks                            blockNumber=7405569 slot=1 blocks=7405568 txs=409671498 mgas=22470184 bps=138.9 tps=13954 mgps=923.3 avgBps=310.8 avgTps=17193 avgMGps=943.0 elapsed=6h37m7s
Sep 11 11:51:46 nimbus-eth1-mainnet-long-benchmark[2233876]: INF 2026-09-11 11:51:46.075+00:00 Imported blocks                            blockNumber=7413761 slot=1 blocks=7413760 txs=410492065 mgas=22528180 bps=128.3 tps=12850 mgps=908.3 avgBps=310.3 avgTps=17181 avgMGps=942.9 elapsed=6h38m11s
Sep 11 11:52:47 nimbus-eth1-mainnet-long-benchmark[2233876]: INF 2026-09-11 11:52:47.642+00:00 Imported blocks                            blockNumber=7421953 slot=1 blocks=7421952 txs=411251324 mgas=22583061 bps=133.1 tps=12332 mgps=891.4 avgBps=309.9 avgTps=17169 avgMGps=942.8 elapsed=6h39m12s
Sep 11 11:53:44 nimbus-eth1-mainnet-long-benchmark[2233876]: INF 2026-09-11 11:53:44.757+00:00 Imported blocks                            blockNumber=7430145 slot=1 blocks=7430144 txs=411961198 mgas=22633327 bps=143.4 tps=12429 mgps=880.1 avgBps=309.5 avgTps=17157 avgMGps=942.7 elapsed=6h40m9s
Sep 11 11:54:46 nimbus-eth1-mainnet-long-benchmark[2233876]: INF 2026-09-11 11:54:46.800+00:00 Imported blocks                            blockNumber=7438337 slot=1 blocks=7438336 txs=412760611 mgas=22685945 bps=132.0 tps=12884 mgps=848.0 avgBps=309.0 avgTps=17146 avgMGps=942.4 elapsed=6h41m11s
Sep 11 11:55:50 nimbus-eth1-mainnet-long-benchmark[2233876]: INF 2026-09-11 11:55:50.283+00:00 Imported blocks                            blockNumber=7446529 slot=1 blocks=7446528 txs=413564075 mgas=22739807 bps=129.0 tps=12656 mgps=848.4 avgBps=308.5 avgTps=17135 avgMGps=942.2 elapsed=6h42m15s
Sep 11 11:56:51 nimbus-eth1-mainnet-long-benchmark[2233876]: INF 2026-09-11 11:56:51.914+00:00 Imported blocks                            blockNumber=7454721 slot=1 blocks=7454720 txs=414340358 mgas=22793155 bps=132.9 tps=12596 mgps=865.6 avgBps=308.1 avgTps=17123 avgMGps=942.0 elapsed=6h43m17s
Sep 11 11:57:54 nimbus-eth1-mainnet-long-benchmark[2233876]: INF 2026-09-11 11:57:54.929+00:00 Imported blocks                            blockNumber=7462913 slot=1 blocks=7462912 txs=415182333 mgas=22848779 bps=130.0 tps=13361 mgps=882.7 avgBps=307.6 avgTps=17113 avgMGps=941.8 elapsed=6h44m20s
Sep 11 11:59:01 nimbus-eth1-mainnet-long-benchmark[2233876]: INF 2026-09-11 11:59:01.616+00:00 Imported blocks                            blockNumber=7471105 slot=1 blocks=7471104 txs=416036288 mgas=22906231 bps=122.8 tps=12805 mgps=861.5 avgBps=307.1 avgTps=17102 avgMGps=941.6 elapsed=6h45m26s
Sep 11 12:00:05 nimbus-eth1-mainnet-long-benchmark[2233876]: INF 2026-09-11 12:00:05.487+00:00 Imported blocks                            blockNumber=7479297 slot=1 blocks=7479296 txs=416831442 mgas=22962529 bps=128.3 tps=12449 mgps=881.4 avgBps=306.6 avgTps=17089 avgMGps=941.4 elapsed=6h46m30s
Sep 11 12:01:14 nimbus-eth1-mainnet-long-benchmark[2233876]: INF 2026-09-11 12:01:14.526+00:00 Imported blocks                            blockNumber=7487489 slot=1 blocks=7487488 txs=417720887 mgas=23018905 bps=118.7 tps=12883 mgps=816.6 avgBps=306.1 avgTps=17077 avgMGps=941.1 elapsed=6h47m39s
Sep 11 12:02:27 nimbus-eth1-mainnet-long-benchmark[2233876]: INF 2026-09-11 12:02:27.973+00:00 Imported blocks                            blockNumber=7495681 slot=1 blocks=7495680 txs=418742856 mgas=23078928 bps=111.5 tps=13914 mgps=817.2 avgBps=305.5 avgTps=17068 avgMGps=940.7 elapsed=6h48m53s
Sep 11 12:03:34 nimbus-eth1-mainnet-long-benchmark[2233876]: INF 2026-09-11 12:03:34.300+00:00 Imported blocks                            blockNumber=7503873 slot=1 blocks=7503872 txs=419618093 mgas=23134242 bps=123.5 tps=13195 mgps=833.9 avgBps=305.0 avgTps=17058 avgMGps=940.4 elapsed=6h49m59s
Sep 11 12:04:35 nimbus-eth1-mainnet-long-benchmark[2233876]: INF 2026-09-11 12:04:35.443+00:00 Imported blocks                            blockNumber=7512065 slot=1 blocks=7512064 txs=420393164 mgas=23183672 bps=134.0 tps=12675 mgps=808.4 avgBps=304.6 avgTps=17047 avgMGps=940.1 elapsed=6h51m557ms
Sep 11 12:05:34 nimbus-eth1-mainnet-long-benchmark[2233876]: INF 2026-09-11 12:05:34.146+00:00 Imported blocks                            blockNumber=7520257 slot=1 blocks=7520256 txs=421119053 mgas=23230736 bps=139.6 tps=12365 mgps=801.8 avgBps=304.2 avgTps=17036 avgMGps=939.8 elapsed=6h51m59s
Sep 11 12:06:38 nimbus-eth1-mainnet-long-benchmark[2233876]: INF 2026-09-11 12:06:38.605+00:00 Imported blocks                            blockNumber=7528449 slot=1 blocks=7528448 txs=421953896 mgas=23282387 bps=127.1 tps=12951 mgps=801.3 avgBps=303.8 avgTps=17025 avgMGps=939.4 elapsed=6h53m3s
Sep 11 12:07:43 nimbus-eth1-mainnet-long-benchmark[2233876]: INF 2026-09-11 12:07:43.008+00:00 Imported blocks                            blockNumber=7536641 slot=1 blocks=7536640 txs=422743403 mgas=23333145 bps=127.2 tps=12259 mgps=788.2 avgBps=303.3 avgTps=17013 avgMGps=939.0 elapsed=6h54m8s
Sep 11 12:08:44 nimbus-eth1-mainnet-long-benchmark[2233876]: INF 2026-09-11 12:08:44.955+00:00 Imported blocks                            blockNumber=7544833 slot=1 blocks=7544832 txs=423611090 mgas=23387743 bps=132.2 tps=14006 mgps=881.4 avgBps=302.9 avgTps=17005 avgMGps=938.9 elapsed=6h55m10s
Sep 11 12:09:48 nimbus-eth1-mainnet-long-benchmark[2233876]: INF 2026-09-11 12:09:48.930+00:00 Imported blocks                            blockNumber=7553025 slot=1 blocks=7553024 txs=424571815 mgas=23444213 bps=128.1 tps=15017 mgps=882.7 avgBps=302.4 avgTps=17000 avgMGps=938.7 elapsed=6h56m14s
Sep 11 12:10:51 nimbus-eth1-mainnet-long-benchmark[2233876]: INF 2026-09-11 12:10:51.993+00:00 Imported blocks                            blockNumber=7561217 slot=1 blocks=7561216 txs=425387522 mgas=23494527 bps=129.9 tps=12935 mgps=797.9 avgBps=302.0 avgTps=16990 avgMGps=938.4 elapsed=6h57m17s
Sep 11 12:11:49 nimbus-eth1-mainnet-long-benchmark[2233876]: INF 2026-09-11 12:11:49.256+00:00 Imported blocks                            blockNumber=7569409 slot=1 blocks=7569408 txs=426053753 mgas=23540671 bps=143.1 tps=11633 mgps=805.8 avgBps=301.6 avgTps=16978 avgMGps=938.1 elapsed=6h58m14s
Sep 11 12:12:46 nimbus-eth1-mainnet-long-benchmark[2233876]: INF 2026-09-11 12:12:46.671+00:00 Imported blocks                            blockNumber=7577601 slot=1 blocks=7577600 txs=426886568 mgas=23594846 bps=142.7 tps=14504 mgps=943.5 avgBps=301.3 avgTps=16972 avgMGps=938.1 elapsed=6h59m11s
Sep 11 12:13:50 nimbus-eth1-mainnet-long-benchmark[2233876]: INF 2026-09-11 12:13:50.578+00:00 Imported blocks                            blockNumber=7585793 slot=1 blocks=7585792 txs=427772094 mgas=23652933 bps=128.2 tps=13857 mgps=909.0 avgBps=300.8 avgTps=16964 avgMGps=938.0 elapsed=7h15s688ms
Sep 11 12:14:54 nimbus-eth1-mainnet-long-benchmark[2233876]: INF 2026-09-11 12:14:54.025+00:00 Imported blocks                            blockNumber=7593985 slot=1 blocks=7593984 txs=428633372 mgas=23708839 bps=129.1 tps=13574 mgps=881.1 avgBps=300.4 avgTps=16956 avgMGps=937.9 elapsed=7h1m19s
Sep 11 12:15:56 nimbus-eth1-mainnet-long-benchmark[2233876]: INF 2026-09-11 12:15:56.228+00:00 Imported blocks                            blockNumber=7602177 slot=1 blocks=7602176 txs=429486178 mgas=23759182 bps=131.7 tps=13709 mgps=809.3 avgBps=300.0 avgTps=16948 avgMGps=937.6 elapsed=7h2m21s
Sep 11 12:16:59 nimbus-eth1-mainnet-long-benchmark[2233876]: INF 2026-09-11 12:16:59.311+00:00 Imported blocks                            blockNumber=7610369 slot=1 blocks=7610368 txs=430374019 mgas=23809070 bps=129.9 tps=14073 mgps=790.8 avgBps=299.6 avgTps=16940 avgMGps=937.2 elapsed=7h3m24s
Sep 11 12:17:59 nimbus-eth1-mainnet-long-benchmark[2233876]: INF 2026-09-11 12:17:59.914+00:00 Imported blocks                            blockNumber=7618561 slot=1 blocks=7618560 txs=431234206 mgas=23864021 bps=135.2 tps=14194 mgps=906.8 avgBps=299.2 avgTps=16934 avgMGps=937.1 elapsed=7h4m25s
Sep 11 12:19:04 nimbus-eth1-mainnet-long-benchmark[2233876]: INF 2026-09-11 12:19:04.913+00:00 Imported blocks                            blockNumber=7626753 slot=1 blocks=7626752 txs=432149554 mgas=23918051 bps=126.0 tps=14082 mgps=831.2 avgBps=298.7 avgTps=16927 avgMGps=936.9 elapsed=7h5m30s
Sep 11 12:20:09 nimbus-eth1-mainnet-long-benchmark[2233876]: INF 2026-09-11 12:20:09.200+00:00 Imported blocks                            blockNumber=7634945 slot=1 blocks=7634944 txs=433001863 mgas=23969732 bps=127.4 tps=13257 mgps=803.9 avgBps=298.3 avgTps=16917 avgMGps=936.5 elapsed=7h6m34s
Sep 11 12:21:12 nimbus-eth1-mainnet-long-benchmark[2233876]: INF 2026-09-11 12:21:12.715+00:00 Imported blocks                            blockNumber=7643137 slot=1 blocks=7643136 txs=433914233 mgas=24022782 bps=129.0 tps=14364 mgps=835.2 avgBps=297.9 avgTps=16911 avgMGps=936.3 elapsed=7h7m37s
Sep 11 12:22:08 nimbus-eth1-mainnet-long-benchmark[2233876]: INF 2026-09-11 12:22:08.102+00:00 Imported blocks                            blockNumber=7651329 slot=1 blocks=7651328 txs=434653036 mgas=24068682 bps=147.9 tps=13339 mgps=828.8 avgBps=297.6 avgTps=16903 avgMGps=936.0 elapsed=7h8m33s
Sep 11 12:23:02 nimbus-eth1-mainnet-long-benchmark[2233876]: INF 2026-09-11 12:23:02.829+00:00 Imported blocks                            blockNumber=7659521 slot=1 blocks=7659520 txs=435366872 mgas=24114431 bps=149.7 tps=13043 mgps=836.0 avgBps=297.2 avgTps=16895 avgMGps=935.8 elapsed=7h9m27s
Sep 11 12:24:01 nimbus-eth1-mainnet-long-benchmark[2233876]: INF 2026-09-11 12:24:01.804+00:00 Imported blocks                            blockNumber=7667713 slot=1 blocks=7667712 txs=436214907 mgas=24164969 bps=138.9 tps=14379 mgps=856.9 avgBps=296.9 avgTps=16889 avgMGps=935.7 elapsed=7h10m26s
Sep 11 12:25:08 nimbus-eth1-mainnet-long-benchmark[2233876]: INF 2026-09-11 12:25:08.735+00:00 Imported blocks                            blockNumber=7675905 slot=1 blocks=7675904 txs=437152649 mgas=24220293 bps=122.4 tps=14010 mgps=826.6 avgBps=296.4 avgTps=16882 avgMGps=935.4 elapsed=7h11m33s
Sep 11 12:26:07 nimbus-eth1-mainnet-long-benchmark[2233876]: INF 2026-09-11 12:26:07.870+00:00 Imported blocks                            blockNumber=7684097 slot=1 blocks=7684096 txs=437940276 mgas=24274677 bps=138.5 tps=13319 mgps=919.7 avgBps=296.1 avgTps=16874 avgMGps=935.3 elapsed=7h12m32s
Sep 11 12:27:07 nimbus-eth1-mainnet-long-benchmark[2233876]: INF 2026-09-11 12:27:07.929+00:00 Imported blocks                            blockNumber=7692289 slot=1 blocks=7692288 txs=438773865 mgas=24327924 bps=136.4 tps=13879 mgps=886.6 avgBps=295.7 avgTps=16867 avgMGps=935.2 elapsed=7h13m33s
Sep 11 12:28:07 nimbus-eth1-mainnet-long-benchmark[2233876]: INF 2026-09-11 12:28:07.404+00:00 Imported blocks                            blockNumber=7700481 slot=1 blocks=7700480 txs=439588069 mgas=24377460 bps=137.7 tps=13689 mgps=832.8 avgBps=295.3 avgTps=16860 avgMGps=935.0 elapsed=7h14m32s
Sep 11 12:29:08 nimbus-eth1-mainnet-long-benchmark[2233876]: INF 2026-09-11 12:29:08.459+00:00 Imported blocks                            blockNumber=7708673 slot=1 blocks=7708672 txs=440491206 mgas=24431819 bps=134.2 tps=14792 mgps=890.3 avgBps=295.0 avgTps=16855 avgMGps=934.9 elapsed=7h15m33s
Sep 11 12:30:04 nimbus-eth1-mainnet-long-benchmark[2233876]: INF 2026-09-11 12:30:04.255+00:00 Imported blocks                            blockNumber=7716865 slot=1 blocks=7716864 txs=441292357 mgas=24494441 bps=146.8 tps=14359 mgps=1122 avgBps=294.7 avgTps=16850 avgMGps=935.3 elapsed=7h16m29s
Sep 11 12:31:09 nimbus-eth1-mainnet-long-benchmark[2233876]: INF 2026-09-11 12:31:09.622+00:00 Imported blocks                            blockNumber=7725057 slot=1 blocks=7725056 txs=442197881 mgas=24553456 bps=125.3 tps=13852 mgps=902.8 avgBps=294.2 avgTps=16842 avgMGps=935.2 elapsed=7h17m34s
Sep 11 12:32:20 nimbus-eth1-mainnet-long-benchmark[2233876]: INF 2026-09-11 12:32:20.608+00:00 Imported blocks                            blockNumber=7733249 slot=1 blocks=7733248 txs=443158393 mgas=24611784 bps=115.4 tps=13531 mgps=821.7 avgBps=293.8 avgTps=16833 avgMGps=934.9 elapsed=7h18m45s
Sep 11 12:33:29 nimbus-eth1-mainnet-long-benchmark[2233876]: INF 2026-09-11 12:33:29.923+00:00 Imported blocks                            blockNumber=7741441 slot=1 blocks=7741440 txs=444094671 mgas=24668195 bps=118.2 tps=13506 mgps=813.8 avgBps=293.3 avgTps=16824 avgMGps=934.6 elapsed=7h19m55s
Sep 11 12:34:40 nimbus-eth1-mainnet-long-benchmark[2233876]: INF 2026-09-11 12:34:40.498+00:00 Imported blocks                            blockNumber=7749633 slot=1 blocks=7749632 txs=444984995 mgas=24721768 bps=116.1 tps=12615 mgps=759.1 avgBps=292.8 avgTps=16813 avgMGps=934.1 elapsed=7h21m5s
Sep 11 12:35:55 nimbus-eth1-mainnet-long-benchmark[2233876]: INF 2026-09-11 12:35:55.989+00:00 Imported blocks                            blockNumber=7757825 slot=1 blocks=7757824 txs=446012120 mgas=24780290 bps=108.5 tps=13605 mgps=775.2 avgBps=292.3 avgTps=16804 avgMGps=933.7 elapsed=7h22m21s
Sep 11 12:37:16 nimbus-eth1-mainnet-long-benchmark[2233876]: INF 2026-09-11 12:37:16.276+00:00 Imported blocks                            blockNumber=7766017 slot=1 blocks=7766016 txs=447077485 mgas=24841902 bps=102.0 tps=13269 mgps=767.4 avgBps=291.7 avgTps=16793 avgMGps=933.2 elapsed=7h23m41s
Sep 11 12:38:33 nimbus-eth1-mainnet-long-benchmark[2233876]: INF 2026-09-11 12:38:33.642+00:00 Imported blocks                            blockNumber=7774209 slot=1 blocks=7774208 txs=448210576 mgas=24903942 bps=105.9 tps=14646 mgps=801.9 avgBps=291.2 avgTps=16787 avgMGps=932.8 elapsed=7h24m58s
Sep 11 12:39:50 nimbus-eth1-mainnet-long-benchmark[2233876]: INF 2026-09-11 12:39:50.181+00:00 Imported blocks                            blockNumber=7782401 slot=1 blocks=7782400 txs=449224144 mgas=24965886 bps=107.0 tps=13242 mgps=809.3 avgBps=290.7 avgTps=16777 avgMGps=932.4 elapsed=7h26m15s
Sep 11 12:41:04 nimbus-eth1-mainnet-long-benchmark[2233876]: INF 2026-09-11 12:41:04.372+00:00 Imported blocks                            blockNumber=7790593 slot=1 blocks=7790592 txs=450201600 mgas=25026547 bps=110.4 tps=13174 mgps=817.6 avgBps=290.2 avgTps=16767 avgMGps=932.1 elapsed=7h27m29s
Sep 11 12:42:20 nimbus-eth1-mainnet-long-benchmark[2233876]: INF 2026-09-11 12:42:20.351+00:00 Imported blocks                            blockNumber=7798785 slot=1 blocks=7798784 txs=451264007 mgas=25086232 bps=107.8 tps=13982 mgps=785.5 avgBps=289.6 avgTps=16759 avgMGps=931.7 elapsed=7h28m45s
Sep 11 12:43:34 nimbus-eth1-mainnet-long-benchmark[2233876]: INF 2026-09-11 12:43:34.350+00:00 Imported blocks                            blockNumber=7806977 slot=1 blocks=7806976 txs=452281781 mgas=25146134 bps=110.7 tps=13754 mgps=809.5 avgBps=289.2 avgTps=16751 avgMGps=931.4 elapsed=7h29m59s
Sep 11 12:44:49 nimbus-eth1-mainnet-long-benchmark[2233876]: INF 2026-09-11 12:44:49.956+00:00 Imported blocks                            blockNumber=7815169 slot=1 blocks=7815168 txs=453436082 mgas=25206827 bps=108.3 tps=15266 mgps=802.7 avgBps=288.6 avgTps=16747 avgMGps=931.0 elapsed=7h31m15s
Sep 11 12:46:05 nimbus-eth1-mainnet-long-benchmark[2233876]: INF 2026-09-11 12:46:05.307+00:00 Imported blocks                            blockNumber=7823361 slot=1 blocks=7823360 txs=454565380 mgas=25267169 bps=108.7 tps=14986 mgps=800.8 avgBps=288.1 avgTps=16742 avgMGps=930.6 elapsed=7h32m30s
Sep 11 12:47:15 nimbus-eth1-mainnet-long-benchmark[2233876]: INF 2026-09-11 12:47:15.982+00:00 Imported blocks                            blockNumber=7831553 slot=1 blocks=7831552 txs=455613551 mgas=25323759 bps=115.9 tps=14831 mgps=800.8 avgBps=287.7 avgTps=16737 avgMGps=930.3 elapsed=7h33m41s
Sep 11 12:48:26 nimbus-eth1-mainnet-long-benchmark[2233876]: INF 2026-09-11 12:48:26.221+00:00 Imported blocks                            blockNumber=7839745 slot=1 blocks=7839744 txs=456620417 mgas=25379035 bps=116.6 tps=14334 mgps=787.0 avgBps=287.3 avgTps=16731 avgMGps=929.9 elapsed=7h34m51s
Sep 11 12:49:41 nimbus-eth1-mainnet-long-benchmark[2233876]: INF 2026-09-11 12:49:41.272+00:00 Imported blocks                            blockNumber=7847937 slot=1 blocks=7847936 txs=457886756 mgas=25440503 bps=109.1 tps=16872 mgps=819.0 avgBps=286.8 avgTps=16731 avgMGps=929.6 elapsed=7h36m6s
Sep 11 12:50:52 nimbus-eth1-mainnet-long-benchmark[2233876]: INF 2026-09-11 12:50:52.115+00:00 Imported blocks                            blockNumber=7856129 slot=1 blocks=7856128 txs=459040331 mgas=25501487 bps=115.6 tps=16284 mgps=860.9 avgBps=286.3 avgTps=16730 avgMGps=929.4 elapsed=7h37m17s
Sep 11 12:52:08 nimbus-eth1-mainnet-long-benchmark[2233876]: INF 2026-09-11 12:52:08.557+00:00 Imported blocks                            blockNumber=7864321 slot=1 blocks=7864320 txs=460155806 mgas=25561340 bps=107.2 tps=14591 mgps=783.0 avgBps=285.8 avgTps=16724 avgMGps=929.0 elapsed=7h38m33s
Sep 11 12:53:21 nimbus-eth1-mainnet-long-benchmark[2233876]: INF 2026-09-11 12:53:21.496+00:00 Imported blocks                            blockNumber=7872513 slot=1 blocks=7872512 txs=461304093 mgas=25622249 bps=112.3 tps=15743 mgps=835.1 avgBps=285.4 avgTps=16722 avgMGps=928.8 elapsed=7h39m46s
Sep 11 12:54:38 nimbus-eth1-mainnet-long-benchmark[2233876]: INF 2026-09-11 12:54:38.547+00:00 Imported blocks                            blockNumber=7880705 slot=1 blocks=7880704 txs=462540264 mgas=25682270 bps=106.3 tps=16043 mgps=779.0 avgBps=284.9 avgTps=16720 avgMGps=928.4 elapsed=7h41m3s
Sep 11 12:55:50 nimbus-eth1-mainnet-long-benchmark[2233876]: INF 2026-09-11 12:55:50.758+00:00 Imported blocks                            blockNumber=7888897 slot=1 blocks=7888896 txs=463659550 mgas=25740852 bps=113.5 tps=15501 mgps=811.3 avgBps=284.4 avgTps=16716 avgMGps=928.1 elapsed=7h42m15s
Sep 11 12:57:03 nimbus-eth1-mainnet-long-benchmark[2233876]: INF 2026-09-11 12:57:03.989+00:00 Imported blocks                            blockNumber=7897089 slot=1 blocks=7897088 txs=464776412 mgas=25800291 bps=111.9 tps=15251 mgps=811.7 avgBps=284.0 avgTps=16713 avgMGps=927.8 elapsed=7h43m29s
Sep 11 12:58:15 nimbus-eth1-mainnet-long-benchmark[2233876]: INF 2026-09-11 12:58:15.324+00:00 Imported blocks                            blockNumber=7905281 slot=1 blocks=7905280 txs=465829976 mgas=25859803 bps=114.8 tps=14768 mgps=834.2 avgBps=283.5 avgTps=16708 avgMGps=927.5 elapsed=7h44m40s
Sep 11 12:59:27 nimbus-eth1-mainnet-long-benchmark[2233876]: INF 2026-09-11 12:59:27.258+00:00 Imported blocks                            blockNumber=7913473 slot=1 blocks=7913472 txs=466848742 mgas=25919719 bps=113.9 tps=14163 mgps=833.0 avgBps=283.1 avgTps=16701 avgMGps=927.3 elapsed=7h45m52s
Sep 11 13:00:33 nimbus-eth1-mainnet-long-benchmark[2233876]: INF 2026-09-11 13:00:33.261+00:00 Imported blocks                            blockNumber=7921665 slot=1 blocks=7921664 txs=468011772 mgas=25977921 bps=124.1 tps=17620 mgps=881.8 avgBps=282.7 avgTps=16703 avgMGps=927.2 elapsed=7h46m58s
Sep 11 13:01:43 nimbus-eth1-mainnet-long-benchmark[2233876]: INF 2026-09-11 13:01:43.220+00:00 Imported blocks                            blockNumber=7929857 slot=1 blocks=7929856 txs=468944744 mgas=26034463 bps=117.1 tps=13335 mgps=808.2 avgBps=282.3 avgTps=16695 avgMGps=926.9 elapsed=7h48m8s
Sep 11 13:02:58 nimbus-eth1-mainnet-long-benchmark[2233876]: INF 2026-09-11 13:02:58.499+00:00 Imported blocks                            blockNumber=7938049 slot=1 blocks=7938048 txs=470280361 mgas=26096232 bps=108.8 tps=17742 mgps=820.5 avgBps=281.9 avgTps=16698 avgMGps=926.6 elapsed=7h49m23s
Sep 11 13:04:16 nimbus-eth1-mainnet-long-benchmark[2233876]: INF 2026-09-11 13:04:16.002+00:00 Imported blocks                            blockNumber=7946241 slot=1 blocks=7946240 txs=471406476 mgas=26156565 bps=105.7 tps=14530 mgps=778.5 avgBps=281.4 avgTps=16692 avgMGps=926.2 elapsed=7h50m41s
Sep 11 13:05:33 nimbus-eth1-mainnet-long-benchmark[2233876]: INF 2026-09-11 13:05:33.029+00:00 Imported blocks                            blockNumber=7954433 slot=1 blocks=7954432 txs=472337101 mgas=26215819 bps=106.4 tps=12081 mgps=769.3 avgBps=280.9 avgTps=16679 avgMGps=925.8 elapsed=7h51m58s
Sep 11 13:06:49 nimbus-eth1-mainnet-long-benchmark[2233876]: INF 2026-09-11 13:06:49.963+00:00 Imported blocks                            blockNumber=7962625 slot=1 blocks=7962624 txs=473493092 mgas=26276138 bps=106.5 tps=15025 mgps=784.0 avgBps=280.4 avgTps=16675 avgMGps=925.4 elapsed=7h53m15s
Sep 11 13:08:04 nimbus-eth1-mainnet-long-benchmark[2233876]: INF 2026-09-11 13:08:04.306+00:00 Imported blocks                            blockNumber=7970817 slot=1 blocks=7970816 txs=474642879 mgas=26334344 bps=110.2 tps=15466 mgps=782.9 avgBps=280.0 avgTps=16672 avgMGps=925.0 elapsed=7h54m29s
Sep 11 13:09:18 nimbus-eth1-mainnet-long-benchmark[2233876]: INF 2026-09-11 13:09:18.241+00:00 Imported blocks                            blockNumber=7979009 slot=1 blocks=7979008 txs=475810979 mgas=26393019 bps=110.8 tps=15799 mgps=793.6 avgBps=279.5 avgTps=16669 avgMGps=924.7 elapsed=7h55m43s
Sep 11 13:10:29 nimbus-eth1-mainnet-long-benchmark[2233876]: INF 2026-09-11 13:10:29.360+00:00 Imported blocks                            blockNumber=7987201 slot=1 blocks=7987200 txs=476920569 mgas=26453220 bps=115.2 tps=15601 mgps=846.5 avgBps=279.1 avgTps=16667 avgMGps=924.5 elapsed=7h56m54s
Sep 11 13:11:39 nimbus-eth1-mainnet-long-benchmark[2233876]: INF 2026-09-11 13:11:39.499+00:00 Imported blocks                            blockNumber=7995393 slot=1 blocks=7995392 txs=478167265 mgas=26514174 bps=116.8 tps=17773 mgps=869.0 avgBps=278.7 avgTps=16669 avgMGps=924.3 elapsed=7h58m4s
Sep 11 13:12:53 nimbus-eth1-mainnet-long-benchmark[2233876]: INF 2026-09-11 13:12:53.430+00:00 Imported blocks                            blockNumber=8003585 slot=1 blocks=8003584 txs=479239936 mgas=26572633 bps=110.8 tps=14509 mgps=790.8 avgBps=278.3 avgTps=16664 avgMGps=924.0 elapsed=7h59m18s
Sep 11 13:14:04 nimbus-eth1-mainnet-long-benchmark[2233876]: INF 2026-09-11 13:14:04.697+00:00 Imported blocks                            blockNumber=8011777 slot=1 blocks=8011776 txs=480155112 mgas=26624783 bps=114.9 tps=12841 mgps=731.8 avgBps=277.9 avgTps=16654 avgMGps=923.5 elapsed=8h29s809ms
Sep 11 13:15:16 nimbus-eth1-mainnet-long-benchmark[2233876]: INF 2026-09-11 13:15:16.215+00:00 Imported blocks                            blockNumber=8019969 slot=1 blocks=8019968 txs=481204089 mgas=26679130 bps=114.5 tps=14667 mgps=759.9 avgBps=277.5 avgTps=16649 avgMGps=923.1 elapsed=8h1m41s
Sep 11 13:16:27 nimbus-eth1-mainnet-long-benchmark[2233876]: INF 2026-09-11 13:16:27.414+00:00 Imported blocks                            blockNumber=8028161 slot=1 blocks=8028160 txs=482365172 mgas=26737031 bps=115.1 tps=16307 mgps=813.2 avgBps=277.1 avgTps=16649 avgMGps=922.8 elapsed=8h2m52s
Sep 11 13:17:38 nimbus-eth1-mainnet-long-benchmark[2233876]: INF 2026-09-11 13:17:38.249+00:00 Imported blocks                            blockNumber=8036353 slot=1 blocks=8036352 txs=483403238 mgas=26797771 bps=115.7 tps=14655 mgps=857.5 avgBps=276.7 avgTps=16644 avgMGps=922.7 elapsed=8h4m3s
Sep 11 13:18:48 nimbus-eth1-mainnet-long-benchmark[2233876]: INF 2026-09-11 13:18:48.400+00:00 Imported blocks                            blockNumber=8044545 slot=1 blocks=8044544 txs=484461750 mgas=26859224 bps=116.8 tps=15088 mgps=876.0 avgBps=276.3 avgTps=16640 avgMGps=922.6 elapsed=8h5m13s
Sep 11 13:19:57 nimbus-eth1-mainnet-long-benchmark[2233876]: INF 2026-09-11 13:19:57.923+00:00 Imported blocks                            blockNumber=8052737 slot=1 blocks=8052736 txs=485686318 mgas=26916744 bps=117.8 tps=17613 mgps=827.3 avgBps=275.9 avgTps=16642 avgMGps=922.3 elapsed=8h6m23s
Sep 11 13:20:59 nimbus-eth1-mainnet-long-benchmark[2233876]: INF 2026-09-11 13:20:59.966+00:00 Imported blocks                            blockNumber=8060929 slot=1 blocks=8060928 txs=486569669 mgas=26965779 bps=132.0 tps=14238 mgps=790.4 avgBps=275.6 avgTps=16637 avgMGps=922.1 elapsed=8h7m25s
Sep 11 13:22:07 nimbus-eth1-mainnet-long-benchmark[2233876]: INF 2026-09-11 13:22:07.521+00:00 Imported blocks                            blockNumber=8069121 slot=1 blocks=8069120 txs=487663225 mgas=27020717 bps=121.3 tps=16187 mgps=813.2 avgBps=275.3 avgTps=16636 avgMGps=921.8 elapsed=8h8m32s
Sep 11 13:23:22 nimbus-eth1-mainnet-long-benchmark[2233876]: INF 2026-09-11 13:23:22.216+00:00 Imported blocks                            blockNumber=8077313 slot=1 blocks=8077312 txs=488834845 mgas=27079702 bps=109.7 tps=15685 mgps=789.7 avgBps=274.9 avgTps=16634 avgMGps=921.5 elapsed=8h9m47s
Sep 11 13:24:33 nimbus-eth1-mainnet-long-benchmark[2233876]: INF 2026-09-11 13:24:33.543+00:00 Imported blocks                            blockNumber=8085505 slot=1 blocks=8085504 txs=489805789 mgas=27137307 bps=114.9 tps=13612 mgps=807.6 avgBps=274.5 avgTps=16626 avgMGps=921.2 elapsed=8h10m58s
Sep 11 13:25:41 nimbus-eth1-mainnet-long-benchmark[2233876]: INF 2026-09-11 13:25:41.201+00:00 Imported blocks                            blockNumber=8093697 slot=1 blocks=8093696 txs=490824075 mgas=27190483 bps=121.1 tps=15050 mgps=785.9 avgBps=274.1 avgTps=16623 avgMGps=920.9 elapsed=8h12m6s
Sep 11 13:26:46 nimbus-eth1-mainnet-long-benchmark[2233876]: INF 2026-09-11 13:26:46.308+00:00 Imported blocks                            blockNumber=8101889 slot=1 blocks=8101888 txs=491732042 mgas=27242765 bps=125.8 tps=13945 mgps=803.0 avgBps=273.8 avgTps=16617 avgMGps=920.6 elapsed=8h13m11s
Sep 11 13:27:51 nimbus-eth1-mainnet-long-benchmark[2233876]: INF 2026-09-11 13:27:51.947+00:00 Imported blocks                            blockNumber=8110081 slot=1 blocks=8110080 txs=492604535 mgas=27293720 bps=124.8 tps=13291 mgps=776.3 avgBps=273.5 avgTps=16610 avgMGps=920.3 elapsed=8h14m17s
Sep 11 13:29:03 nimbus-eth1-mainnet-long-benchmark[2233876]: INF 2026-09-11 13:29:03.690+00:00 Imported blocks                            blockNumber=8118273 slot=1 blocks=8118272 txs=493621415 mgas=27349160 bps=114.2 tps=14174 mgps=772.8 avgBps=273.1 avgTps=16604 avgMGps=920.0 elapsed=8h15m28s
Sep 11 13:30:12 nimbus-eth1-mainnet-long-benchmark[2233876]: INF 2026-09-11 13:30:12.261+00:00 Imported blocks                            blockNumber=8126465 slot=1 blocks=8126464 txs=494514958 mgas=27402201 bps=119.5 tps=13031 mgps=773.5 avgBps=272.7 avgTps=16595 avgMGps=919.6 elapsed=8h16m37s
Sep 11 13:31:25 nimbus-eth1-mainnet-long-benchmark[2233876]: INF 2026-09-11 13:31:25.284+00:00 Imported blocks                            blockNumber=8134657 slot=1 blocks=8134656 txs=495714779 mgas=27460556 bps=112.2 tps=16430 mgps=799.1 avgBps=272.3 avgTps=16595 avgMGps=919.3 elapsed=8h17m50s
Sep 11 13:32:32 nimbus-eth1-mainnet-long-benchmark[2233876]: INF 2026-09-11 13:32:32.311+00:00 Imported blocks                            blockNumber=8142849 slot=1 blocks=8142848 txs=496587682 mgas=27511060 bps=122.2 tps=13022 mgps=753.5 avgBps=272.0 avgTps=16587 avgMGps=919.0 elapsed=8h18m57s
Sep 11 13:33:37 nimbus-eth1-mainnet-long-benchmark[2233876]: INF 2026-09-11 13:33:37.170+00:00 Imported blocks                            blockNumber=8151041 slot=1 blocks=8151040 txs=497341045 mgas=27559970 bps=126.3 tps=11615 mgps=754.1 avgBps=271.7 avgTps=16576 avgMGps=918.6 elapsed=8h20m2s
Sep 11 13:34:47 nimbus-eth1-mainnet-long-benchmark[2233876]: INF 2026-09-11 13:34:47.841+00:00 Imported blocks                            blockNumber=8159233 slot=1 blocks=8159232 txs=498229886 mgas=27615171 bps=115.9 tps=12576 mgps=781.1 avgBps=271.3 avgTps=16567 avgMGps=918.3 elapsed=8h21m12s
Sep 11 13:35:55 nimbus-eth1-mainnet-long-benchmark[2233876]: INF 2026-09-11 13:35:55.460+00:00 Imported blocks                            blockNumber=8167425 slot=1 blocks=8167424 txs=499588755 mgas=27676825 bps=121.2 tps=20096 mgps=911.8 avgBps=271.0 avgTps=16575 avgMGps=918.3 elapsed=8h22m20s
Sep 11 13:37:07 nimbus-eth1-mainnet-long-benchmark[2233876]: INF 2026-09-11 13:37:07.535+00:00 Imported blocks                            blockNumber=8175617 slot=1 blocks=8175616 txs=500508099 mgas=27734472 bps=113.7 tps=12756 mgps=799.9 avgBps=270.6 avgTps=16566 avgMGps=918.0 elapsed=8h23m32s
Sep 11 13:38:13 nimbus-eth1-mainnet-long-benchmark[2233876]: INF 2026-09-11 13:38:13.429+00:00 Imported blocks                            blockNumber=8183809 slot=1 blocks=8183808 txs=501456408 mgas=27787345 bps=124.3 tps=14390 mgps=802.4 avgBps=270.3 avgTps=16561 avgMGps=917.7 elapsed=8h24m38s
Sep 11 13:39:13 nimbus-eth1-mainnet-long-benchmark[2233876]: INF 2026-09-11 13:39:13.541+00:00 Imported blocks                            blockNumber=8192001 slot=1 blocks=8192000 txs=502194732 mgas=27834091 bps=136.3 tps=12282 mgps=777.6 avgBps=270.0 avgTps=16552 avgMGps=917.4 elapsed=8h25m38s
Sep 11 13:40:12 nimbus-eth1-mainnet-long-benchmark[2233876]: INF 2026-09-11 13:40:12.104+00:00 Imported blocks                            blockNumber=8200193 slot=1 blocks=8200192 txs=502933154 mgas=27879561 bps=139.9 tps=12608 mgps=776.4 avgBps=269.8 avgTps=16545 avgMGps=917.2 elapsed=8h26m37s
Sep 11 13:41:15 nimbus-eth1-mainnet-long-benchmark[2233876]: INF 2026-09-11 13:41:15.427+00:00 Imported blocks                            blockNumber=8208385 slot=1 blocks=8208384 txs=503746151 mgas=27929945 bps=129.4 tps=12839 mgps=795.7 avgBps=269.5 avgTps=16537 avgMGps=916.9 elapsed=8h27m40s
Sep 11 13:42:16 nimbus-eth1-mainnet-long-benchmark[2233876]: INF 2026-09-11 13:42:16.502+00:00 Imported blocks                            blockNumber=8216577 slot=1 blocks=8216576 txs=504752791 mgas=27982317 bps=134.1 tps=16482 mgps=857.5 avgBps=269.2 avgTps=16537 avgMGps=916.8 elapsed=8h28m41s
Sep 11 13:43:26 nimbus-eth1-mainnet-long-benchmark[2233876]: INF 2026-09-11 13:43:26.504+00:00 Imported blocks                            blockNumber=8224769 slot=1 blocks=8224768 txs=505916029 mgas=28041912 bps=117.0 tps=16616 mgps=851.3 avgBps=268.9 avgTps=16537 avgMGps=916.7 elapsed=8h29m51s
Sep 11 13:44:31 nimbus-eth1-mainnet-long-benchmark[2233876]: INF 2026-09-11 13:44:31.131+00:00 Imported blocks                            blockNumber=8232961 slot=1 blocks=8232960 txs=506714790 mgas=28094932 bps=126.8 tps=12359 mgps=820.4 avgBps=268.6 avgTps=16528 avgMGps=916.5 elapsed=8h30m56s
Sep 11 13:45:32 nimbus-eth1-mainnet-long-benchmark[2233876]: INF 2026-09-11 13:45:32.202+00:00 Imported blocks                            blockNumber=8241153 slot=1 blocks=8241152 txs=507412619 mgas=28146893 bps=134.1 tps=11426 mgps=850.8 avgBps=268.3 avgTps=16518 avgMGps=916.3 elapsed=8h31m57s
Sep 11 13:46:37 nimbus-eth1-mainnet-long-benchmark[2233876]: INF 2026-09-11 13:46:37.025+00:00 Imported blocks                            blockNumber=8249345 slot=1 blocks=8249344 txs=508253728 mgas=28198893 bps=126.4 tps=12975 mgps=802.2 avgBps=268.0 avgTps=16511 avgMGps=916.1 elapsed=8h33m2s
Sep 11 13:47:45 nimbus-eth1-mainnet-long-benchmark[2233876]: INF 2026-09-11 13:47:45.240+00:00 Imported blocks                            blockNumber=8257537 slot=1 blocks=8257536 txs=509183921 mgas=28253353 bps=120.1 tps=13636 mgps=798.4 avgBps=267.7 avgTps=16504 avgMGps=915.8 elapsed=8h34m10s
Sep 11 13:48:55 nimbus-eth1-mainnet-long-benchmark[2233876]: INF 2026-09-11 13:48:55.379+00:00 Imported blocks                            blockNumber=8265729 slot=1 blocks=8265728 txs=510159129 mgas=28311576 bps=116.8 tps=13903 mgps=830.1 avgBps=267.3 avgTps=16499 avgMGps=915.6 elapsed=8h35m20s
Sep 11 13:50:03 nimbus-eth1-mainnet-long-benchmark[2233876]: INF 2026-09-11 13:50:03.566+00:00 Imported blocks                            blockNumber=8273921 slot=1 blocks=8273920 txs=511180033 mgas=28367882 bps=120.1 tps=14972 mgps=825.8 avgBps=267.0 avgTps=16495 avgMGps=915.4 elapsed=8h36m28s
Sep 11 13:51:05 nimbus-eth1-mainnet-long-benchmark[2233876]: INF 2026-09-11 13:51:05.345+00:00 Imported blocks                            blockNumber=8282113 slot=1 blocks=8282112 txs=512118559 mgas=28420963 bps=132.6 tps=15191 mgps=859.2 avgBps=266.7 avgTps=16493 avgMGps=915.3 elapsed=8h37m30s
Sep 11 13:52:12 nimbus-eth1-mainnet-long-benchmark[2233876]: INF 2026-09-11 13:52:12.364+00:00 Imported blocks                            blockNumber=8290305 slot=1 blocks=8290304 txs=512939129 mgas=28472944 bps=122.2 tps=12243 mgps=775.6 avgBps=266.4 avgTps=16483 avgMGps=915.0 elapsed=8h38m37s
Sep 11 13:53:20 nimbus-eth1-mainnet-long-benchmark[2233876]: INF 2026-09-11 13:53:20.755+00:00 Imported blocks                            blockNumber=8298497 slot=1 blocks=8298496 txs=513879710 mgas=28531568 bps=119.8 tps=13753 mgps=857.2 avgBps=266.1 avgTps=16477 avgMGps=914.9 elapsed=8h39m45s
Sep 11 13:54:27 nimbus-eth1-mainnet-long-benchmark[2233876]: INF 2026-09-11 13:54:27.858+00:00 Imported blocks                            blockNumber=8306689 slot=1 blocks=8306688 txs=514757556 mgas=28589252 bps=122.1 tps=13082 mgps=859.7 avgBps=265.8 avgTps=16470 avgMGps=914.8 elapsed=8h40m52s
Sep 11 13:55:37 nimbus-eth1-mainnet-long-benchmark[2233876]: INF 2026-09-11 13:55:37.789+00:00 Imported blocks                            blockNumber=8314881 slot=1 blocks=8314880 txs=515671833 mgas=28646490 bps=117.1 tps=13073 mgps=818.5 avgBps=265.5 avgTps=16463 avgMGps=914.6 elapsed=8h42m2s
Sep 11 13:56:43 nimbus-eth1-mainnet-long-benchmark[2233876]: INF 2026-09-11 13:56:43.416+00:00 Imported blocks                            blockNumber=8323073 slot=1 blocks=8323072 txs=516552511 mgas=28698057 bps=124.8 tps=13418 mgps=785.7 avgBps=265.2 avgTps=16456 avgMGps=914.3 elapsed=8h43m8s
Sep 11 13:57:56 nimbus-eth1-mainnet-long-benchmark[2233876]: INF 2026-09-11 13:57:56.871+00:00 Imported blocks                            blockNumber=8331265 slot=1 blocks=8331264 txs=517315644 mgas=28749547 bps=111.5 tps=10390 mgps=701.0 avgBps=264.8 avgTps=16442 avgMGps=913.8 elapsed=8h44m21s
Sep 11 13:58:59 nimbus-eth1-mainnet-long-benchmark[2233876]: INF 2026-09-11 13:58:59.442+00:00 Imported blocks                            blockNumber=8339457 slot=1 blocks=8339456 txs=518151142 mgas=28801662 bps=130.9 tps=13352 mgps=832.9 avgBps=264.5 avgTps=16436 avgMGps=913.6 elapsed=8h45m24s
Sep 11 14:00:05 nimbus-eth1-mainnet-long-benchmark[2233876]: INF 2026-09-11 14:00:05.417+00:00 Imported blocks                            blockNumber=8347649 slot=1 blocks=8347648 txs=519092137 mgas=28855516 bps=124.2 tps=14262 mgps=816.2 avgBps=264.2 avgTps=16431 avgMGps=913.4 elapsed=8h46m30s
Sep 11 14:01:14 nimbus-eth1-mainnet-long-benchmark[2233876]: INF 2026-09-11 14:01:14.763+00:00 Imported blocks                            blockNumber=8355841 slot=1 blocks=8355840 txs=520027257 mgas=28915308 bps=118.1 tps=13484 mgps=862.2 avgBps=263.9 avgTps=16425 avgMGps=913.3 elapsed=8h47m39s
Sep 11 14:02:19 nimbus-eth1-mainnet-long-benchmark[2233876]: INF 2026-09-11 14:02:19.954+00:00 Imported blocks                            blockNumber=8364033 slot=1 blocks=8364032 txs=520876607 mgas=28969933 bps=125.7 tps=13028 mgps=837.9 avgBps=263.6 avgTps=16418 avgMGps=913.2 elapsed=8h48m45s
Sep 11 14:03:22 nimbus-eth1-mainnet-long-benchmark[2233876]: INF 2026-09-11 14:03:22.121+00:00 Imported blocks                            blockNumber=8372225 slot=1 blocks=8372224 txs=521703156 mgas=29020487 bps=131.8 tps=13295 mgps=813.2 avgBps=263.4 avgTps=16412 avgMGps=913.0 elapsed=8h49m47s
Sep 11 14:04:27 nimbus-eth1-mainnet-long-benchmark[2233876]: INF 2026-09-11 14:04:27.668+00:00 Imported blocks                            blockNumber=8380417 slot=1 blocks=8380416 txs=522596515 mgas=29074012 bps=125.0 tps=13629 mgps=816.6 avgBps=263.1 avgTps=16406 avgMGps=912.8 elapsed=8h50m52s
Sep 11 14:05:43 nimbus-eth1-mainnet-long-benchmark[2233876]: INF 2026-09-11 14:05:43.203+00:00 Imported blocks                            blockNumber=8388609 slot=1 blocks=8388608 txs=523546552 mgas=29133682 bps=108.5 tps=12577 mgps=790.0 avgBps=262.7 avgTps=16397 avgMGps=912.5 elapsed=8h52m8s
Sep 11 14:06:50 nimbus-eth1-mainnet-long-benchmark[2233876]: INF 2026-09-11 14:06:50.218+00:00 Imported blocks                            blockNumber=8396801 slot=1 blocks=8396800 txs=524398504 mgas=29192750 bps=122.2 tps=12712 mgps=881.4 avgBps=262.4 avgTps=16389 avgMGps=912.4 elapsed=8h53m15s
Sep 11 14:08:02 nimbus-eth1-mainnet-long-benchmark[2233876]: INF 2026-09-11 14:08:02.325+00:00 Imported blocks                            blockNumber=8404993 slot=1 blocks=8404992 txs=525369820 mgas=29251451 bps=113.6 tps=13470 mgps=814.1 avgBps=262.1 avgTps=16383 avgMGps=912.2 elapsed=8h54m27s
Sep 11 14:09:15 nimbus-eth1-mainnet-long-benchmark[2233876]: INF 2026-09-11 14:09:15.344+00:00 Imported blocks                            blockNumber=8413185 slot=1 blocks=8413184 txs=526327108 mgas=29309317 bps=112.2 tps=13110 mgps=792.5 avgBps=261.8 avgTps=16375 avgMGps=911.9 elapsed=8h55m40s
Sep 11 14:10:18 nimbus-eth1-mainnet-long-benchmark[2233876]: INF 2026-09-11 14:10:18.891+00:00 Imported blocks                            blockNumber=8421377 slot=1 blocks=8421376 txs=527166073 mgas=29366866 bps=128.9 tps=13201 mgps=905.6 avgBps=261.5 avgTps=16369 avgMGps=911.9 elapsed=8h56m44s
Sep 11 14:11:20 nimbus-eth1-mainnet-long-benchmark[2233876]: INF 2026-09-11 14:11:20.034+00:00 Imported blocks                            blockNumber=8429569 slot=1 blocks=8429568 txs=528059369 mgas=29427971 bps=134.0 tps=14610 mgps=999.4 avgBps=261.3 avgTps=16366 avgMGps=912.1 elapsed=8h57m45s
Sep 11 14:12:28 nimbus-eth1-mainnet-long-benchmark[2233876]: INF 2026-09-11 14:12:28.481+00:00 Imported blocks                            blockNumber=8437761 slot=1 blocks=8437760 txs=529053207 mgas=29487780 bps=119.7 tps=14519 mgps=873.8 avgBps=261.0 avgTps=16362 avgMGps=912.0 elapsed=8h58m53s
Sep 11 14:13:39 nimbus-eth1-mainnet-long-benchmark[2233876]: INF 2026-09-11 14:13:39.112+00:00 Imported blocks                            blockNumber=8445953 slot=1 blocks=8445952 txs=530018020 mgas=29548570 bps=116.0 tps=13659 mgps=860.6 avgBps=260.6 avgTps=16356 avgMGps=911.9 elapsed=9h4s228ms
Sep 11 14:14:45 nimbus-eth1-mainnet-long-benchmark[2233876]: INF 2026-09-11 14:14:45.291+00:00 Imported blocks                            blockNumber=8454145 slot=1 blocks=8454144 txs=530857067 mgas=29608227 bps=123.8 tps=12679 mgps=901.5 avgBps=260.4 avgTps=16348 avgMGps=911.9 elapsed=9h1m10s
Sep 11 14:15:48 nimbus-eth1-mainnet-long-benchmark[2233876]: INF 2026-09-11 14:15:48.810+00:00 Imported blocks                            blockNumber=8462337 slot=1 blocks=8462336 txs=531711104 mgas=29667600 bps=129.0 tps=13445 mgps=934.7 avgBps=260.1 avgTps=16343 avgMGps=911.9 elapsed=9h2m13s
Sep 11 14:16:56 nimbus-eth1-mainnet-long-benchmark[2233876]: INF 2026-09-11 14:16:56.520+00:00 Imported blocks                            blockNumber=8470529 slot=1 blocks=8470528 txs=532681339 mgas=29727791 bps=121.0 tps=14329 mgps=888.9 avgBps=259.8 avgTps=16339 avgMGps=911.8 elapsed=9h3m21s
Sep 11 14:18:03 nimbus-eth1-mainnet-long-benchmark[2233876]: INF 2026-09-11 14:18:03.215+00:00 Imported blocks                            blockNumber=8478721 slot=1 blocks=8478720 txs=533669681 mgas=29789592 bps=122.8 tps=14818 mgps=926.6 avgBps=259.5 avgTps=16335 avgMGps=911.9 elapsed=9h4m28s
Sep 11 14:19:04 nimbus-eth1-mainnet-long-benchmark[2233876]: INF 2026-09-11 14:19:04.902+00:00 Imported blocks                            blockNumber=8486913 slot=1 blocks=8486912 txs=534497845 mgas=29850879 bps=132.8 tps=13426 mgps=993.6 avgBps=259.3 avgTps=16330 avgMGps=912.0 elapsed=9h5m30s
Sep 11 14:20:08 nimbus-eth1-mainnet-long-benchmark[2233876]: INF 2026-09-11 14:20:08.749+00:00 Imported blocks                            blockNumber=8495105 slot=1 blocks=8495104 txs=535500344 mgas=29912902 bps=128.3 tps=15701 mgps=971.4 avgBps=259.0 avgTps=16329 avgMGps=912.1 elapsed=9h6m33s
Sep 11 14:21:11 nimbus-eth1-mainnet-long-benchmark[2233876]: INF 2026-09-11 14:21:11.544+00:00 Imported blocks                            blockNumber=8503297 slot=1 blocks=8503296 txs=536490123 mgas=29974730 bps=130.5 tps=15761 mgps=984.6 avgBps=258.8 avgTps=16328 avgMGps=912.3 elapsed=9h7m36s
Sep 11 14:22:09 nimbus-eth1-mainnet-long-benchmark[2233876]: INF 2026-09-11 14:22:09.492+00:00 Imported blocks                            blockNumber=8511489 slot=1 blocks=8511488 txs=537325435 mgas=30036575 bps=141.4 tps=14414 mgps=1067 avgBps=258.6 avgTps=16324 avgMGps=912.6 elapsed=9h8m34s
Sep 11 14:23:08 nimbus-eth1-mainnet-long-benchmark[2233876]: INF 2026-09-11 14:23:08.275+00:00 Imported blocks                            blockNumber=8519681 slot=1 blocks=8519680 txs=538214904 mgas=30098255 bps=139.4 tps=15132 mgps=1049 avgBps=258.4 avgTps=16322 avgMGps=912.8 elapsed=9h9m33s
Sep 11 14:24:08 nimbus-eth1-mainnet-long-benchmark[2233876]: INF 2026-09-11 14:24:08.362+00:00 Imported blocks                            blockNumber=8527873 slot=1 blocks=8527872 txs=539180251 mgas=30159640 bps=136.3 tps=16065 mgps=1021 avgBps=258.2 avgTps=16322 avgMGps=913.0 elapsed=9h10m33s
Sep 11 14:25:08 nimbus-eth1-mainnet-long-benchmark[2233876]: INF 2026-09-11 14:25:08.953+00:00 Imported blocks                            blockNumber=8536065 slot=1 blocks=8536064 txs=540111303 mgas=30221233 bps=135.2 tps=15365 mgps=1016 avgBps=257.9 avgTps=16320 avgMGps=913.2 elapsed=9h11m34s
Sep 11 14:26:05 nimbus-eth1-mainnet-long-benchmark[2233876]: INF 2026-09-11 14:26:05.080+00:00 Imported blocks                            blockNumber=8544257 slot=1 blocks=8544256 txs=540865351 mgas=30282863 bps=146.0 tps=13434 mgps=1098 avgBps=257.7 avgTps=16315 avgMGps=913.5 elapsed=9h12m30s
Sep 11 14:27:04 nimbus-eth1-mainnet-long-benchmark[2233876]: INF 2026-09-11 14:27:04.787+00:00 Imported blocks                            blockNumber=8552449 slot=1 blocks=8552448 txs=541669096 mgas=30344824 bps=137.2 tps=13461 mgps=1037 avgBps=257.5 avgTps=16310 avgMGps=913.7 elapsed=9h13m29s
Sep 11 14:28:08 nimbus-eth1-mainnet-long-benchmark[2233876]: INF 2026-09-11 14:28:08.294+00:00 Imported blocks                            blockNumber=8560641 slot=1 blocks=8560640 txs=542608372 mgas=30408355 bps=129.0 tps=14790 mgps=1000 avgBps=257.3 avgTps=16307 avgMGps=913.9 elapsed=9h14m33s
Sep 11 14:29:11 nimbus-eth1-mainnet-long-benchmark[2233876]: INF 2026-09-11 14:29:11.537+00:00 Imported blocks                            blockNumber=8568833 slot=1 blocks=8568832 txs=543459789 mgas=30474279 bps=129.5 tps=13462 mgps=1042 avgBps=257.0 avgTps=16302 avgMGps=914.1 elapsed=9h15m36s
Sep 11 14:30:13 nimbus-eth1-mainnet-long-benchmark[2233876]: INF 2026-09-11 14:30:13.948+00:00 Imported blocks                            blockNumber=8577025 slot=1 blocks=8577024 txs=544300838 mgas=30539902 bps=131.3 tps=13475 mgps=1051 avgBps=256.8 avgTps=16296 avgMGps=914.4 elapsed=9h16m39s
Sep 11 14:31:23 nimbus-eth1-mainnet-long-benchmark[2233876]: INF 2026-09-11 14:31:23.735+00:00 Imported blocks                            blockNumber=8585217 slot=1 blocks=8585216 txs=545292990 mgas=30613125 bps=117.4 tps=14218 mgps=1049 avgBps=256.5 avgTps=16292 avgMGps=914.7 elapsed=9h17m48s
Sep 11 14:32:29 nimbus-eth1-mainnet-long-benchmark[2233876]: INF 2026-09-11 14:32:29.222+00:00 Imported blocks                            blockNumber=8593409 slot=1 blocks=8593408 txs=546110449 mgas=30691004 bps=125.1 tps=12482 mgps=1189 avgBps=256.3 avgTps=16285 avgMGps=915.2 elapsed=9h18m54s
Sep 11 14:33:34 nimbus-eth1-mainnet-long-benchmark[2233876]: INF 2026-09-11 14:33:34.897+00:00 Imported blocks                            blockNumber=8601601 slot=1 blocks=8601600 txs=546809468 mgas=30767632 bps=124.7 tps=10643 mgps=1166 avgBps=256.0 avgTps=16274 avgMGps=915.7 elapsed=9h20m10ms
Sep 11 14:34:39 nimbus-eth1-mainnet-long-benchmark[2233876]: INF 2026-09-11 14:34:39.960+00:00 Imported blocks                            blockNumber=8609793 slot=1 blocks=8609792 txs=547621401 mgas=30845690 bps=125.9 tps=12479 mgps=1199 avgBps=255.7 avgTps=16266 avgMGps=916.3 elapsed=9h21m5s
Sep 11 14:35:55 nimbus-eth1-mainnet-long-benchmark[2233876]: INF 2026-09-11 14:35:55.942+00:00 Imported blocks                            blockNumber=8617985 slot=1 blocks=8617984 txs=548570794 mgas=30923161 bps=107.8 tps=12495 mgps=1019 avgBps=255.4 avgTps=16258 avgMGps=916.5 elapsed=9h22m21s
Sep 11 14:37:07 nimbus-eth1-mainnet-long-benchmark[2233876]: INF 2026-09-11 14:37:07.365+00:00 Imported blocks                            blockNumber=8626177 slot=1 blocks=8626176 txs=549440258 mgas=30998955 bps=114.7 tps=12173 mgps=1061 avgBps=255.1 avgTps=16249 avgMGps=916.8 elapsed=9h23m32s
Sep 11 14:38:12 nimbus-eth1-mainnet-long-benchmark[2233876]: INF 2026-09-11 14:38:12.368+00:00 Imported blocks                            blockNumber=8634369 slot=1 blocks=8634368 txs=550180147 mgas=31073142 bps=126.0 tps=11382 mgps=1141 avgBps=254.9 avgTps=16240 avgMGps=917.2 elapsed=9h24m37s
Sep 11 14:39:21 nimbus-eth1-mainnet-long-benchmark[2233876]: INF 2026-09-11 14:39:21.827+00:00 Imported blocks                            blockNumber=8642561 slot=1 blocks=8642560 txs=550999073 mgas=31150828 bps=117.9 tps=11789 mgps=1118 avgBps=254.6 avgTps=16231 avgMGps=917.6 elapsed=9h25m46s
Sep 11 14:40:33 nimbus-eth1-mainnet-long-benchmark[2233876]: INF 2026-09-11 14:40:33.138+00:00 Imported blocks                            blockNumber=8650753 slot=1 blocks=8650752 txs=551824997 mgas=31228854 bps=114.9 tps=11582 mgps=1094 avgBps=254.3 avgTps=16221 avgMGps=918.0 elapsed=9h26m58s
Sep 11 14:41:52 nimbus-eth1-mainnet-long-benchmark[2233876]: INF 2026-09-11 14:41:52.541+00:00 Imported blocks                            blockNumber=8658945 slot=1 blocks=8658944 txs=552637144 mgas=31299247 bps=103.2 tps=10228 mgps=886.5 avgBps=253.9 avgTps=16207 avgMGps=917.9 elapsed=9h28m17s
Sep 11 14:43:04 nimbus-eth1-mainnet-long-benchmark[2233876]: INF 2026-09-11 14:43:04.288+00:00 Imported blocks                            blockNumber=8667137 slot=1 blocks=8667136 txs=553422817 mgas=31360818 bps=114.2 tps=10950 mgps=858.1 avgBps=253.7 avgTps=16196 avgMGps=917.8 elapsed=9h29m29s
Sep 11 14:44:12 nimbus-eth1-mainnet-long-benchmark[2233876]: INF 2026-09-11 14:44:12.602+00:00 Imported blocks                            blockNumber=8675329 slot=1 blocks=8675328 txs=554239359 mgas=31426600 bps=119.9 tps=11953 mgps=963.0 avgBps=253.4 avgTps=16187 avgMGps=917.9 elapsed=9h30m37s
Sep 11 14:45:18 nimbus-eth1-mainnet-long-benchmark[2233876]: INF 2026-09-11 14:45:18.785+00:00 Imported blocks                            blockNumber=8683521 slot=1 blocks=8683520 txs=554997332 mgas=31480604 bps=123.8 tps=11452 mgps=816.0 avgBps=253.1 avgTps=16178 avgMGps=917.7 elapsed=9h31m43s
Sep 11 14:46:20 nimbus-eth1-mainnet-long-benchmark[2233876]: INF 2026-09-11 14:46:20.620+00:00 Imported blocks                            blockNumber=8691713 slot=1 blocks=8691712 txs=555680661 mgas=31532851 bps=132.5 tps=11050 mgps=844.9 avgBps=252.9 avgTps=16169 avgMGps=917.6 elapsed=9h32m45s
Sep 11 14:47:27 nimbus-eth1-mainnet-long-benchmark[2233876]: INF 2026-09-11 14:47:27.447+00:00 Imported blocks                            blockNumber=8699905 slot=1 blocks=8699904 txs=556529783 mgas=31588510 bps=122.6 tps=12706 mgps=832.9 avgBps=252.7 avgTps=16162 avgMGps=917.4 elapsed=9h33m52s
Sep 11 14:48:39 nimbus-eth1-mainnet-long-benchmark[2233876]: INF 2026-09-11 14:48:39.214+00:00 Imported blocks                            blockNumber=8708097 slot=1 blocks=8708096 txs=557505249 mgas=31647773 bps=114.1 tps=13592 mgps=825.8 avgBps=252.4 avgTps=16157 avgMGps=917.2 elapsed=9h35m4s
Sep 11 14:49:50 nimbus-eth1-mainnet-long-benchmark[2233876]: INF 2026-09-11 14:49:50.089+00:00 Imported blocks                            blockNumber=8716289 slot=1 blocks=8716288 txs=558418250 mgas=31706815 bps=115.6 tps=12881 mgps=833.0 avgBps=252.1 avgTps=16150 avgMGps=917.0 elapsed=9h36m15s
Sep 11 14:50:55 nimbus-eth1-mainnet-long-benchmark[2233876]: INF 2026-09-11 14:50:55.112+00:00 Imported blocks                            blockNumber=8724481 slot=1 blocks=8724480 txs=559287228 mgas=31761096 bps=126.0 tps=13364 mgps=834.8 avgBps=251.9 avgTps=16145 avgMGps=916.9 elapsed=9h37m20s
Sep 11 14:51:56 nimbus-eth1-mainnet-long-benchmark[2233876]: INF 2026-09-11 14:51:56.919+00:00 Imported blocks                            blockNumber=8732673 slot=1 blocks=8732672 txs=560092619 mgas=31810591 bps=132.5 tps=13030 mgps=800.8 avgBps=251.6 avgTps=16140 avgMGps=916.7 elapsed=9h38m22s
Sep 11 14:53:00 nimbus-eth1-mainnet-long-benchmark[2233876]: INF 2026-09-11 14:53:00.898+00:00 Imported blocks                            blockNumber=8740865 slot=1 blocks=8740864 txs=560905599 mgas=31863152 bps=128.1 tps=12708 mgps=821.6 avgBps=251.4 avgTps=16133 avgMGps=916.5 elapsed=9h39m26s
Sep 11 14:54:05 nimbus-eth1-mainnet-long-benchmark[2233876]: INF 2026-09-11 14:54:05.285+00:00 Imported blocks                            blockNumber=8749057 slot=1 blocks=8749056 txs=561727965 mgas=31915818 bps=127.2 tps=12771 mgps=817.9 avgBps=251.2 avgTps=16127 avgMGps=916.3 elapsed=9h40m30s
Sep 11 14:55:12 nimbus-eth1-mainnet-long-benchmark[2233876]: INF 2026-09-11 14:55:12.772+00:00 Imported blocks                            blockNumber=8757249 slot=1 blocks=8757248 txs=562647529 mgas=31971917 bps=121.4 tps=13625 mgps=831.2 avgBps=250.9 avgTps=16122 avgMGps=916.2 elapsed=9h41m37s
Sep 11 14:56:23 nimbus-eth1-mainnet-long-benchmark[2233876]: INF 2026-09-11 14:56:23.971+00:00 Imported blocks                            blockNumber=8765441 slot=1 blocks=8765440 txs=563615545 mgas=32029794 bps=115.1 tps=13595 mgps=812.9 avgBps=250.7 avgTps=16117 avgMGps=915.9 elapsed=9h42m49s
Sep 11 14:57:26 nimbus-eth1-mainnet-long-benchmark[2233876]: INF 2026-09-11 14:57:26.390+00:00 Imported blocks                            blockNumber=8773633 slot=1 blocks=8773632 txs=564475698 mgas=32081275 bps=131.3 tps=13781 mgps=824.8 avgBps=250.4 avgTps=16113 avgMGps=915.8 elapsed=9h43m51s
Sep 11 14:58:24 nimbus-eth1-mainnet-long-benchmark[2233876]: INF 2026-09-11 14:58:24.953+00:00 Imported blocks                            blockNumber=8781825 slot=1 blocks=8781824 txs=565266566 mgas=32128533 bps=139.9 tps=13504 mgps=806.9 avgBps=250.3 avgTps=16109 avgMGps=915.6 elapsed=9h44m50s
Sep 11 14:59:29 nimbus-eth1-mainnet-long-benchmark[2233876]: INF 2026-09-11 14:59:29.556+00:00 Imported blocks                            blockNumber=8790017 slot=1 blocks=8790016 txs=566209398 mgas=32182071 bps=126.8 tps=14594 mgps=828.7 avgBps=250.0 avgTps=16106 avgMGps=915.4 elapsed=9h45m54s
Sep 11 15:00:42 nimbus-eth1-mainnet-long-benchmark[2233876]: INF 2026-09-11 15:00:42.623+00:00 Imported blocks                            blockNumber=8798209 slot=1 blocks=8798208 txs=567150092 mgas=32243757 bps=112.1 tps=12874 mgps=844.3 avgBps=249.8 avgTps=16099 avgMGps=915.3 elapsed=9h47m7s
Sep 11 15:01:50 nimbus-eth1-mainnet-long-benchmark[2233876]: INF 2026-09-11 15:01:50.438+00:00 Imported blocks                            blockNumber=8806401 slot=1 blocks=8806400 txs=568036019 mgas=32305416 bps=120.8 tps=13063 mgps=909.2 avgBps=249.5 avgTps=16093 avgMGps=915.3 elapsed=9h48m15s
Sep 11 15:03:05 nimbus-eth1-mainnet-long-benchmark[2233876]: INF 2026-09-11 15:03:05.932+00:00 Imported blocks                            blockNumber=8814593 slot=1 blocks=8814592 txs=569074048 mgas=32366785 bps=108.5 tps=13749 mgps=812.9 avgBps=249.2 avgTps=16088 avgMGps=915.1 elapsed=9h49m31s
Sep 11 15:04:11 nimbus-eth1-mainnet-long-benchmark[2233876]: INF 2026-09-11 15:04:11.507+00:00 Imported blocks                            blockNumber=8822785 slot=1 blocks=8822784 txs=569953841 mgas=32418931 bps=124.9 tps=13416 mgps=795.2 avgBps=249.0 avgTps=16083 avgMGps=914.8 elapsed=9h50m36s
Sep 11 15:05:19 nimbus-eth1-mainnet-long-benchmark[2233876]: INF 2026-09-11 15:05:19.586+00:00 Imported blocks                            blockNumber=8830977 slot=1 blocks=8830976 txs=570832350 mgas=32474628 bps=120.3 tps=12904 mgps=818.1 avgBps=248.7 avgTps=16077 avgMGps=914.7 elapsed=9h51m44s
Sep 11 15:06:43 nimbus-eth1-mainnet-long-benchmark[2233876]: INF 2026-09-11 15:06:42.997+00:00 Imported blocks                            blockNumber=8839169 slot=1 blocks=8839168 txs=571797086 mgas=32537170 bps=98.21 tps=11566 mgps=749.8 avgBps=248.4 avgTps=16067 avgMGps=914.3 elapsed=9h53m8s
Sep 11 15:08:03 nimbus-eth1-mainnet-long-benchmark[2233876]: INF 2026-09-11 15:08:03.544+00:00 Imported blocks                            blockNumber=8847361 slot=1 blocks=8847360 txs=572794000 mgas=32598761 bps=101.7 tps=12376 mgps=764.6 avgBps=248.0 avgTps=16058 avgMGps=913.9 elapsed=9h54m28s
Sep 11 15:09:06 nimbus-eth1-mainnet-long-benchmark[2233876]: INF 2026-09-11 15:09:06.803+00:00 Imported blocks                            blockNumber=8855553 slot=1 blocks=8855552 txs=573679028 mgas=32653888 bps=129.5 tps=13991 mgps=871.5 avgBps=247.8 avgTps=16055 avgMGps=913.9 elapsed=9h55m31s
Sep 11 15:10:12 nimbus-eth1-mainnet-long-benchmark[2233876]: INF 2026-09-11 15:10:12.510+00:00 Imported blocks                            blockNumber=8863745 slot=1 blocks=8863744 txs=574470551 mgas=32709193 bps=124.7 tps=12046 mgps=841.7 avgBps=247.6 avgTps=16047 avgMGps=913.7 elapsed=9h56m37s
Sep 11 15:11:34 nimbus-eth1-mainnet-long-benchmark[2233876]: INF 2026-09-11 15:11:34.164+00:00 Imported blocks                            blockNumber=8871937 slot=1 blocks=8871936 txs=575320438 mgas=32772979 bps=100.3 tps=10407 mgps=781.1 avgBps=247.3 avgTps=16034 avgMGps=913.4 elapsed=9h57m59s
Sep 11 15:12:48 nimbus-eth1-mainnet-long-benchmark[2233876]: INF 2026-09-11 15:12:48.147+00:00 Imported blocks                            blockNumber=8880129 slot=1 blocks=8880128 txs=576222811 mgas=32833992 bps=110.7 tps=12196 mgps=824.7 avgBps=247.0 avgTps=16026 avgMGps=913.2 elapsed=9h59m13s
Sep 11 15:14:00 nimbus-eth1-mainnet-long-benchmark[2233876]: INF 2026-09-11 15:14:00.590+00:00 Imported blocks                            blockNumber=8888321 slot=1 blocks=8888320 txs=577164198 mgas=32893419 bps=113.1 tps=12995 mgps=820.4 avgBps=246.7 avgTps=16020 avgMGps=913.1 elapsed=10h25s703ms
Sep 11 15:15:25 nimbus-eth1-mainnet-long-benchmark[2233876]: INF 2026-09-11 15:15:25.829+00:00 Imported blocks                            blockNumber=8896513 slot=1 blocks=8896512 txs=578297312 mgas=32957285 bps=96.10 tps=13293 mgps=749.3 avgBps=246.4 avgTps=16014 avgMGps=912.7 elapsed=10h1m50s
Sep 11 15:16:51 nimbus-eth1-mainnet-long-benchmark[2233876]: INF 2026-09-11 15:16:51.383+00:00 Imported blocks                            blockNumber=8904705 slot=1 blocks=8904704 txs=579099874 mgas=33021012 bps=95.75 tps=9380 mgps=744.9 avgBps=246.0 avgTps=15998 avgMGps=912.3 elapsed=10h3m16s
Sep 11 15:18:13 nimbus-eth1-mainnet-long-benchmark[2233876]: INF 2026-09-11 15:18:13.930+00:00 Imported blocks                            blockNumber=8912897 slot=1 blocks=8912896 txs=579945319 mgas=33082422 bps=99.25 tps=10242 mgps=744.0 avgBps=245.7 avgTps=15985 avgMGps=911.9 elapsed=10h4m39s
Sep 11 15:19:39 nimbus-eth1-mainnet-long-benchmark[2233876]: INF 2026-09-11 15:19:39.009+00:00 Imported blocks                            blockNumber=8921089 slot=1 blocks=8921088 txs=580962928 mgas=33147452 bps=96.29 tps=11960 mgps=764.3 avgBps=245.3 avgTps=15976 avgMGps=911.5 elapsed=10h6m4s
Sep 11 15:21:00 nimbus-eth1-mainnet-long-benchmark[2233876]: INF 2026-09-11 15:21:00.483+00:00 Imported blocks                            blockNumber=8929281 slot=1 blocks=8929280 txs=581870853 mgas=33211016 bps=100.5 tps=11143 mgps=780.1 avgBps=245.0 avgTps=15965 avgMGps=911.2 elapsed=10h7m25s
Sep 11 15:22:24 nimbus-eth1-mainnet-long-benchmark[2233876]: INF 2026-09-11 15:22:24.934+00:00 Imported blocks                            blockNumber=8937473 slot=1 blocks=8937472 txs=582838655 mgas=33277249 bps=97.01 tps=11460 mgps=784.3 avgBps=244.7 avgTps=15955 avgMGps=911.0 elapsed=10h8m50s
Sep 11 15:23:49 nimbus-eth1-mainnet-long-benchmark[2233876]: INF 2026-09-11 15:23:49.817+00:00 Imported blocks                            blockNumber=8945665 slot=1 blocks=8945664 txs=583736137 mgas=33342595 bps=96.51 tps=10572 mgps=769.8 avgBps=244.3 avgTps=15942 avgMGps=910.6 elapsed=10h10m14s
Sep 11 15:25:01 nimbus-eth1-mainnet-long-benchmark[2233876]: INF 2026-09-11 15:25:01.559+00:00 Imported blocks                            blockNumber=8953857 slot=1 blocks=8953856 txs=584486354 mgas=33407599 bps=114.2 tps=10456 mgps=906.0 avgBps=244.1 avgTps=15931 avgMGps=910.6 elapsed=10h11m26s
Sep 11 15:26:26 nimbus-eth1-mainnet-long-benchmark[2233876]: INF 2026-09-11 15:26:26.250+00:00 Imported blocks                            blockNumber=8962049 slot=1 blocks=8962048 txs=585573348 mgas=33475102 bps=96.73 tps=12835 mgps=797.1 avgBps=243.7 avgTps=15924 avgMGps=910.4 elapsed=10h12m51s
Sep 11 15:27:45 nimbus-eth1-mainnet-long-benchmark[2233876]: INF 2026-09-11 15:27:45.193+00:00 Imported blocks                            blockNumber=8970241 slot=1 blocks=8970240 txs=586525061 mgas=33541339 bps=103.8 tps=12055 mgps=839.1 avgBps=243.4 avgTps=15916 avgMGps=910.2 elapsed=10h14m10s
Sep 11 15:29:04 nimbus-eth1-mainnet-long-benchmark[2233876]: INF 2026-09-11 15:29:04.196+00:00 Imported blocks                            blockNumber=8978433 slot=1 blocks=8978432 txs=587506244 mgas=33610607 bps=103.7 tps=12418 mgps=876.7 avgBps=243.1 avgTps=15908 avgMGps=910.1 elapsed=10h15m29s
Sep 11 15:30:33 nimbus-eth1-mainnet-long-benchmark[2233876]: INF 2026-09-11 15:30:33.602+00:00 Imported blocks                            blockNumber=8986625 slot=1 blocks=8986624 txs=588561834 mgas=33678880 bps=91.63 tps=11807 mgps=763.7 avgBps=242.8 avgTps=15899 avgMGps=909.8 elapsed=10h16m58s
Sep 11 15:31:49 nimbus-eth1-mainnet-long-benchmark[2233876]: INF 2026-09-11 15:31:49.313+00:00 Imported blocks                            blockNumber=8994817 slot=1 blocks=8994816 txs=589342551 mgas=33735713 bps=108.2 tps=10311 mgps=750.6 avgBps=242.5 avgTps=15887 avgMGps=909.5 elapsed=10h18m14s
Sep 11 15:33:16 nimbus-eth1-mainnet-long-benchmark[2233876]: INF 2026-09-11 15:33:16.868+00:00 Imported blocks                            blockNumber=9003009 slot=1 blocks=9003008 txs=590379356 mgas=33808718 bps=93.57 tps=11841 mgps=833.8 avgBps=242.1 avgTps=15878 avgMGps=909.3 elapsed=10h19m41s
Sep 11 15:34:40 nimbus-eth1-mainnet-long-benchmark[2233876]: INF 2026-09-11 15:34:40.530+00:00 Imported blocks                            blockNumber=9011201 slot=1 blocks=9011200 txs=591391578 mgas=33880174 bps=97.92 tps=12099 mgps=854.1 avgBps=241.8 avgTps=15869 avgMGps=909.2 elapsed=10h21m5s
Sep 11 15:36:01 nimbus-eth1-mainnet-long-benchmark[2233876]: INF 2026-09-11 15:36:01.785+00:00 Imported blocks                            blockNumber=9019393 slot=1 blocks=9019392 txs=592265820 mgas=33951722 bps=100.8 tps=10758 mgps=880.5 avgBps=241.5 avgTps=15858 avgMGps=909.1 elapsed=10h22m26s
Sep 11 15:37:25 nimbus-eth1-mainnet-long-benchmark[2233876]: INF 2026-09-11 15:37:25.180+00:00 Imported blocks                            blockNumber=9027585 slot=1 blocks=9027584 txs=593237068 mgas=34018514 bps=98.23 tps=11646 mgps=800.9 avgBps=241.2 avgTps=15849 avgMGps=908.8 elapsed=10h23m50s
Sep 11 15:38:45 nimbus-eth1-mainnet-long-benchmark[2233876]: INF 2026-09-11 15:38:45.170+00:00 Imported blocks                            blockNumber=9035777 slot=1 blocks=9035776 txs=594077170 mgas=34083109 bps=102.4 tps=10503 mgps=807.6 avgBps=240.9 avgTps=15837 avgMGps=908.6 elapsed=10h25m10s
Sep 11 15:40:05 nimbus-eth1-mainnet-long-benchmark[2233876]: INF 2026-09-11 15:40:05.313+00:00 Imported blocks                            blockNumber=9043969 slot=1 blocks=9043968 txs=595071340 mgas=34148044 bps=102.2 tps=12404 mgps=810.2 avgBps=240.6 avgTps=15830 avgMGps=908.4 elapsed=10h26m30s
Sep 11 15:41:25 nimbus-eth1-mainnet-long-benchmark[2233876]: INF 2026-09-11 15:41:25.404+00:00 Imported blocks                            blockNumber=9052161 slot=1 blocks=9052160 txs=595960031 mgas=34213427 bps=102.3 tps=11095 mgps=816.4 avgBps=240.3 avgTps=15820 avgMGps=908.2 elapsed=10h27m50s
Sep 11 15:42:37 nimbus-eth1-mainnet-long-benchmark[2233876]: INF 2026-09-11 15:42:37.939+00:00 Imported blocks                            blockNumber=9060353 slot=1 blocks=9060352 txs=596902275 mgas=34270816 bps=112.9 tps=12990 mgps=791.2 avgBps=240.1 avgTps=15814 avgMGps=908.0 elapsed=10h29m3s
Sep 11 15:43:38 nimbus-eth1-mainnet-long-benchmark[2233876]: INF 2026-09-11 15:43:38.706+00:00 Imported blocks                            blockNumber=9068545 slot=1 blocks=9068544 txs=597603928 mgas=34318895 bps=134.8 tps=11546 mgps=791.2 avgBps=239.9 avgTps=15808 avgMGps=907.8 elapsed=10h30m3s
Sep 11 15:44:50 nimbus-eth1-mainnet-long-benchmark[2233876]: INF 2026-09-11 15:44:50.076+00:00 Imported blocks                            blockNumber=9076737 slot=1 blocks=9076736 txs=598358726 mgas=34379920 bps=114.8 tps=10575 mgps=855.0 avgBps=239.6 avgTps=15798 avgMGps=907.7 elapsed=10h31m15s
Sep 11 15:46:07 nimbus-eth1-mainnet-long-benchmark[2233876]: INF 2026-09-11 15:46:07.687+00:00 Imported blocks                            blockNumber=9084929 slot=1 blocks=9084928 txs=599267208 mgas=34445258 bps=105.6 tps=11705 mgps=841.9 avgBps=239.4 avgTps=15789 avgMGps=907.6 elapsed=10h32m32s
Sep 11 15:47:30 nimbus-eth1-mainnet-long-benchmark[2233876]: INF 2026-09-11 15:47:30.922+00:00 Imported blocks                            blockNumber=9093121 slot=1 blocks=9093120 txs=600165917 mgas=34514085 bps=98.42 tps=10797 mgps=826.9 avgBps=239.1 avgTps=15778 avgMGps=907.4 elapsed=10h33m56s
Sep 11 15:48:49 nimbus-eth1-mainnet-long-benchmark[2233876]: INF 2026-09-11 15:48:49.397+00:00 Imported blocks                            blockNumber=9101313 slot=1 blocks=9101312 txs=601112939 mgas=34583847 bps=104.4 tps=12067 mgps=889.0 avgBps=238.8 avgTps=15771 avgMGps=907.4 elapsed=10h35m14s
Sep 11 15:50:05 nimbus-eth1-mainnet-long-benchmark[2233876]: INF 2026-09-11 15:50:05.767+00:00 Imported blocks                            blockNumber=9109505 slot=1 blocks=9109504 txs=601968624 mgas=34648762 bps=107.3 tps=11203 mgps=850.0 avgBps=238.5 avgTps=15762 avgMGps=907.3 elapsed=10h36m30s
Sep 11 15:51:27 nimbus-eth1-mainnet-long-benchmark[2233876]: INF 2026-09-11 15:51:27.182+00:00 Imported blocks                            blockNumber=9117697 slot=1 blocks=9117696 txs=602905134 mgas=34717356 bps=100.6 tps=11503 mgps=842.6 avgBps=238.2 avgTps=15753 avgMGps=907.1 elapsed=10h37m52s
Sep 11 15:52:56 nimbus-eth1-mainnet-long-benchmark[2233876]: INF 2026-09-11 15:52:56.445+00:00 Imported blocks                            blockNumber=9125889 slot=1 blocks=9125888 txs=604015791 mgas=34791549 bps=91.77 tps=12442 mgps=831.2 avgBps=237.9 avgTps=15745 avgMGps=906.9 elapsed=10h39m21s
Sep 11 15:54:23 nimbus-eth1-mainnet-long-benchmark[2233876]: INF 2026-09-11 15:54:23.731+00:00 Imported blocks                            blockNumber=9134081 slot=1 blocks=9134080 txs=604989811 mgas=34863242 bps=93.85 tps=11158 mgps=821.3 avgBps=237.6 avgTps=15734 avgMGps=906.7 elapsed=10h40m48s
Sep 11 15:55:47 nimbus-eth1-mainnet-long-benchmark[2233876]: INF 2026-09-11 15:55:47.678+00:00 Imported blocks                            blockNumber=9142273 slot=1 blocks=9142272 txs=605961717 mgas=34932520 bps=97.59 tps=11577 mgps=825.3 avgBps=237.3 avgTps=15725 avgMGps=906.6 elapsed=10h42m12s
Sep 11 15:57:07 nimbus-eth1-mainnet-long-benchmark[2233876]: INF 2026-09-11 15:57:07.825+00:00 Imported blocks                            blockNumber=9150465 slot=1 blocks=9150464 txs=606902368 mgas=34999882 bps=102.2 tps=11736 mgps=840.5 avgBps=237.0 avgTps=15717 avgMGps=906.4 elapsed=10h43m32s
Sep 11 15:58:28 nimbus-eth1-mainnet-long-benchmark[2233876]: INF 2026-09-11 15:58:28.519+00:00 Imported blocks                            blockNumber=9158657 slot=1 blocks=9158656 txs=607833687 mgas=35067652 bps=101.5 tps=11540 mgps=839.8 avgBps=236.7 avgTps=15708 avgMGps=906.3 elapsed=10h44m53s
Sep 11 15:59:46 nimbus-eth1-mainnet-long-benchmark[2233876]: INF 2026-09-11 15:59:46.962+00:00 Imported blocks                            blockNumber=9166849 slot=1 blocks=9166848 txs=608837314 mgas=35134954 bps=104.4 tps=12795 mgps=858.0 avgBps=236.4 avgTps=15702 avgMGps=906.2 elapsed=10h46m12s
Sep 11 16:01:05 nimbus-eth1-mainnet-long-benchmark[2233876]: INF 2026-09-11 16:01:05.749+00:00 Imported blocks                            blockNumber=9175041 slot=1 blocks=9175040 txs=609738538 mgas=35199891 bps=104.0 tps=11438 mgps=824.2 avgBps=236.2 avgTps=15694 avgMGps=906.0 elapsed=10h47m30s
Sep 11 16:02:15 nimbus-eth1-mainnet-long-benchmark[2233876]: INF 2026-09-11 16:02:15.712+00:00 Imported blocks                            blockNumber=9183233 slot=1 blocks=9183232 txs=610506563 mgas=35258438 bps=117.1 tps=10977 mgps=836.8 avgBps=235.9 avgTps=15685 avgMGps=905.9 elapsed=10h48m40s
Sep 11 16:03:33 nimbus-eth1-mainnet-long-benchmark[2233876]: INF 2026-09-11 16:03:33.631+00:00 Imported blocks                            blockNumber=9191425 slot=1 blocks=9191424 txs=611499271 mgas=35322556 bps=105.1 tps=12741 mgps=822.9 avgBps=235.7 avgTps=15679 avgMGps=905.7 elapsed=10h49m58s
Sep 11 16:04:46 nimbus-eth1-mainnet-long-benchmark[2233876]: INF 2026-09-11 16:04:46.265+00:00 Imported blocks                            blockNumber=9199617 slot=1 blocks=9199616 txs=612266808 mgas=35383284 bps=112.8 tps=10566 mgps=836.1 avgBps=235.5 avgTps=15670 avgMGps=905.6 elapsed=10h51m11s
Sep 11 16:05:55 nimbus-eth1-mainnet-long-benchmark[2233876]: INF 2026-09-11 16:05:55.060+00:00 Imported blocks                            blockNumber=9207809 slot=1 blocks=9207808 txs=613008632 mgas=35437186 bps=119.1 tps=10782 mgps=783.5 avgBps=235.3 avgTps=15661 avgMGps=905.4 elapsed=10h52m20s
Sep 11 16:06:55 nimbus-eth1-mainnet-long-benchmark[2233876]: INF 2026-09-11 16:06:55.063+00:00 Imported blocks                            blockNumber=9216001 slot=1 blocks=9216000 txs=613706696 mgas=35486290 bps=136.5 tps=11633 mgps=818.4 avgBps=235.1 avgTps=15655 avgMGps=905.3 elapsed=10h53m20s
Sep 11 16:07:56 nimbus-eth1-mainnet-long-benchmark[2233876]: INF 2026-09-11 16:07:56.586+00:00 Imported blocks                            blockNumber=9224193 slot=1 blocks=9224192 txs=614350688 mgas=35533998 bps=133.2 tps=10468 mgps=775.5 avgBps=234.9 avgTps=15647 avgMGps=905.1 elapsed=10h54m21s
Sep 11 16:09:06 nimbus-eth1-mainnet-long-benchmark[2233876]: INF 2026-09-11 16:09:06.365+00:00 Imported blocks                            blockNumber=9232385 slot=1 blocks=9232384 txs=615177703 mgas=35589843 bps=117.4 tps=11851 mgps=800.3 avgBps=234.7 avgTps=15640 avgMGps=904.9 elapsed=10h55m31s
Sep 11 16:10:18 nimbus-eth1-mainnet-long-benchmark[2233876]: INF 2026-09-11 16:10:18.144+00:00 Imported blocks                            blockNumber=9240577 slot=1 blocks=9240576 txs=616025547 mgas=35649176 bps=114.1 tps=11811 mgps=826.6 avgBps=234.5 avgTps=15633 avgMGps=904.7 elapsed=10h56m43s
Sep 11 16:11:23 nimbus-eth1-mainnet-long-benchmark[2233876]: INF 2026-09-11 16:11:23.011+00:00 Imported blocks                            blockNumber=9248769 slot=1 blocks=9248768 txs=616782809 mgas=35702022 bps=126.3 tps=11674 mgps=814.7 avgBps=234.3 avgTps=15627 avgMGps=904.6 elapsed=10h57m48s
Sep 11 16:12:29 nimbus-eth1-mainnet-long-benchmark[2233876]: INF 2026-09-11 16:12:29.802+00:00 Imported blocks                            blockNumber=9256961 slot=1 blocks=9256960 txs=617499347 mgas=35756547 bps=122.6 tps=10727 mgps=816.3 avgBps=234.1 avgTps=15619 avgMGps=904.4 elapsed=10h58m54s
Sep 11 16:13:29 nimbus-eth1-mainnet-long-benchmark[2233876]: INF 2026-09-11 16:13:29.709+00:00 Imported blocks                            blockNumber=9265153 slot=1 blocks=9265152 txs=618213473 mgas=35806542 bps=136.7 tps=11920 mgps=834.5 avgBps=234.0 avgTps=15613 avgMGps=904.3 elapsed=10h59m54s
Sep 11 16:14:36 nimbus-eth1-mainnet-long-benchmark[2233876]: INF 2026-09-11 16:14:36.204+00:00 Imported blocks                            blockNumber=9273345 slot=1 blocks=9273344 txs=618930204 mgas=35860793 bps=123.2 tps=10778 mgps=815.8 avgBps=233.8 avgTps=15605 avgMGps=904.2 elapsed=11h1m1s
Sep 11 16:15:45 nimbus-eth1-mainnet-long-benchmark[2233876]: INF 2026-09-11 16:15:45.707+00:00 Imported blocks                            blockNumber=9281537 slot=1 blocks=9281536 txs=619693388 mgas=35916898 bps=117.9 tps=10980 mgps=807.2 avgBps=233.6 avgTps=15597 avgMGps=904.0 elapsed=11h2m10s
Sep 11 16:17:02 nimbus-eth1-mainnet-long-benchmark[2233876]: INF 2026-09-11 16:17:02.806+00:00 Imported blocks                            blockNumber=9289729 slot=1 blocks=9289728 txs=620545391 mgas=35980006 bps=106.3 tps=11051 mgps=818.6 avgBps=233.4 avgTps=15588 avgMGps=903.8 elapsed=11h3m27s
Sep 11 16:18:16 nimbus-eth1-mainnet-long-benchmark[2233876]: INF 2026-09-11 16:18:16.305+00:00 Imported blocks                            blockNumber=9297921 slot=1 blocks=9297920 txs=621449444 mgas=36040665 bps=111.5 tps=12300 mgps=825.3 avgBps=233.1 avgTps=15582 avgMGps=903.7 elapsed=11h4m41s
Sep 11 16:19:27 nimbus-eth1-mainnet-long-benchmark[2233876]: INF 2026-09-11 16:19:27.507+00:00 Imported blocks                            blockNumber=9306113 slot=1 blocks=9306112 txs=622278054 mgas=36096738 bps=115.1 tps=11637 mgps=787.5 avgBps=232.9 avgTps=15575 avgMGps=903.5 elapsed=11h5m52s
Sep 11 16:20:37 nimbus-eth1-mainnet-long-benchmark[2233876]: INF 2026-09-11 16:20:37.690+00:00 Imported blocks                            blockNumber=9314305 slot=1 blocks=9314304 txs=623020495 mgas=36151752 bps=116.7 tps=10578 mgps=783.9 avgBps=232.7 avgTps=15566 avgMGps=903.3 elapsed=11h7m2s
Sep 11 16:21:43 nimbus-eth1-mainnet-long-benchmark[2233876]: INF 2026-09-11 16:21:43.045+00:00 Imported blocks                            blockNumber=9322497 slot=1 blocks=9322496 txs=623751790 mgas=36204540 bps=125.3 tps=11189 mgps=807.7 avgBps=232.5 avgTps=15559 avgMGps=903.1 elapsed=11h8m8s
Sep 11 16:22:47 nimbus-eth1-mainnet-long-benchmark[2233876]: INF 2026-09-11 16:22:47.200+00:00 Imported blocks                            blockNumber=9330689 slot=1 blocks=9330688 txs=624460159 mgas=36256933 bps=127.7 tps=11041 mgps=816.7 avgBps=232.4 avgTps=15552 avgMGps=903.0 elapsed=11h9m12s
Sep 11 16:23:49 nimbus-eth1-mainnet-long-benchmark[2233876]: INF 2026-09-11 16:23:49.191+00:00 Imported blocks                            blockNumber=9338881 slot=1 blocks=9338880 txs=625125084 mgas=36304389 bps=132.1 tps=10725 mgps=765.5 avgBps=232.2 avgTps=15544 avgMGps=902.8 elapsed=11h10m14s
Sep 11 16:24:59 nimbus-eth1-mainnet-long-benchmark[2233876]: INF 2026-09-11 16:24:59.810+00:00 Imported blocks                            blockNumber=9347073 slot=1 blocks=9347072 txs=625752146 mgas=36363435 bps=116.0 tps=8879 mgps=836.2 avgBps=232.0 avgTps=15533 avgMGps=902.7 elapsed=11h11m24s
Sep 11 16:26:02 nimbus-eth1-mainnet-long-benchmark[2233876]: INF 2026-09-11 16:26:02.149+00:00 Imported blocks                            blockNumber=9355265 slot=1 blocks=9355264 txs=626294218 mgas=36414969 bps=131.4 tps=8695 mgps=826.7 avgBps=231.9 avgTps=15522 avgMGps=902.5 elapsed=11h12m27s
Sep 11 16:27:04 nimbus-eth1-mainnet-long-benchmark[2233876]: INF 2026-09-11 16:27:04.516+00:00 Imported blocks                            blockNumber=9363457 slot=1 blocks=9363456 txs=626847986 mgas=36466792 bps=131.3 tps=8878 mgps=830.9 avgBps=231.7 avgTps=15512 avgMGps=902.4 elapsed=11h13m29s
Sep 11 16:28:15 nimbus-eth1-mainnet-long-benchmark[2233876]: INF 2026-09-11 16:28:15.591+00:00 Imported blocks                            blockNumber=9371649 slot=1 blocks=9371648 txs=627512538 mgas=36524290 bps=115.3 tps=9350 mgps=809.0 avgBps=231.5 avgTps=15501 avgMGps=902.3 elapsed=11h14m40s
Sep 11 16:29:25 nimbus-eth1-mainnet-long-benchmark[2233876]: INF 2026-09-11 16:29:25.890+00:00 Imported blocks                            blockNumber=9379841 slot=1 blocks=9379840 txs=628177890 mgas=36583163 bps=116.5 tps=9465 mgps=837.5 avgBps=231.3 avgTps=15491 avgMGps=902.2 elapsed=11h15m51s
Sep 11 16:30:40 nimbus-eth1-mainnet-long-benchmark[2233876]: INF 2026-09-11 16:30:40.297+00:00 Imported blocks                            blockNumber=9388033 slot=1 blocks=9388032 txs=628886413 mgas=36643848 bps=110.1 tps=9521 mgps=815.5 avgBps=231.1 avgTps=15480 avgMGps=902.0 elapsed=11h17m5s
Sep 11 16:31:53 nimbus-eth1-mainnet-long-benchmark[2233876]: INF 2026-09-11 16:31:53.643+00:00 Imported blocks                            blockNumber=9396225 slot=1 blocks=9396224 txs=629628907 mgas=36705201 bps=111.7 tps=10123 mgps=836.5 avgBps=230.9 avgTps=15470 avgMGps=901.9 elapsed=11h18m18s
Sep 11 16:33:00 nimbus-eth1-mainnet-long-benchmark[2233876]: INF 2026-09-11 16:33:00.246+00:00 Imported blocks                            blockNumber=9404417 slot=1 blocks=9404416 txs=630311442 mgas=36757298 bps=123.0 tps=10248 mgps=782.2 avgBps=230.7 avgTps=15461 avgMGps=901.7 elapsed=11h19m25s
Sep 11 16:34:14 nimbus-eth1-mainnet-long-benchmark[2233876]: INF 2026-09-11 16:34:14.181+00:00 Imported blocks                            blockNumber=9412609 slot=1 blocks=9412608 txs=631042162 mgas=36813766 bps=110.8 tps=9883 mgps=763.7 avgBps=230.5 avgTps=15451 avgMGps=901.4 elapsed=11h20m39s
Sep 11 16:35:47 nimbus-eth1-mainnet-long-benchmark[2233876]: INF 2026-09-11 16:35:47.300+00:00 Imported blocks                            blockNumber=9420801 slot=1 blocks=9420800 txs=631702081 mgas=36879474 bps=87.97 tps=7086 mgps=705.6 avgBps=230.2 avgTps=15432 avgMGps=901.0 elapsed=11h22m12s
Sep 11 16:37:23 nimbus-eth1-mainnet-long-benchmark[2233876]: INF 2026-09-11 16:37:23.710+00:00 Imported blocks                            blockNumber=9428993 slot=1 blocks=9428992 txs=632508027 mgas=36947980 bps=84.97 tps=8359 mgps=710.6 avgBps=229.8 avgTps=15416 avgMGps=900.5 elapsed=11h23m48s
Sep 11 16:39:01 nimbus-eth1-mainnet-long-benchmark[2233876]: INF 2026-09-11 16:39:01.509+00:00 Imported blocks                            blockNumber=9437185 slot=1 blocks=9437184 txs=633307288 mgas=37018711 bps=83.77 tps=8172 mgps=723.2 avgBps=229.5 avgTps=15398 avgMGps=900.1 elapsed=11h25m26s
Sep 11 16:40:28 nimbus-eth1-mainnet-long-benchmark[2233876]: INF 2026-09-11 16:40:28.339+00:00 Imported blocks                            blockNumber=9445377 slot=1 blocks=9445376 txs=634090103 mgas=37083438 bps=94.34 tps=9014 mgps=745.4 avgBps=229.2 avgTps=15385 avgMGps=899.8 elapsed=11h26m53s
Sep 11 16:41:45 nimbus-eth1-mainnet-long-benchmark[2233876]: INF 2026-09-11 16:41:45.418+00:00 Imported blocks                            blockNumber=9453569 slot=1 blocks=9453568 txs=634896198 mgas=37141437 bps=106.3 tps=10458 mgps=752.5 avgBps=229.0 avgTps=15376 avgMGps=899.5 elapsed=11h28m10s
Sep 11 16:43:00 nimbus-eth1-mainnet-long-benchmark[2233876]: INF 2026-09-11 16:43:00.785+00:00 Imported blocks                            blockNumber=9461761 slot=1 blocks=9461760 txs=635769351 mgas=37202111 bps=108.7 tps=11585 mgps=805.0 avgBps=228.7 avgTps=15369 avgMGps=899.3 elapsed=11h29m25s
Sep 11 16:44:31 nimbus-eth1-mainnet-long-benchmark[2233876]: INF 2026-09-11 16:44:31.423+00:00 Imported blocks                            blockNumber=9469953 slot=1 blocks=9469952 txs=636747951 mgas=37270565 bps=90.38 tps=10796 mgps=755.2 avgBps=228.4 avgTps=15359 avgMGps=899.0 elapsed=11h30m56s
Sep 11 16:46:00 nimbus-eth1-mainnet-long-benchmark[2233876]: INF 2026-09-11 16:46:00.794+00:00 Imported blocks                            blockNumber=9478145 slot=1 blocks=9478144 txs=637679989 mgas=37339158 bps=91.66 tps=10429 mgps=767.5 avgBps=228.1 avgTps=15348 avgMGps=898.7 elapsed=11h32m25s
Sep 11 16:47:24 nimbus-eth1-mainnet-long-benchmark[2233876]: INF 2026-09-11 16:47:24.557+00:00 Imported blocks                            blockNumber=9486337 slot=1 blocks=9486336 txs=638649876 mgas=37404571 bps=97.80 tps=11578 mgps=780.9 avgBps=227.9 avgTps=15341 avgMGps=898.5 elapsed=11h33m49s
Sep 11 16:48:45 nimbus-eth1-mainnet-long-benchmark[2233876]: INF 2026-09-11 16:48:45.007+00:00 Imported blocks                            blockNumber=9494529 slot=1 blocks=9494528 txs=639521538 mgas=37465643 bps=101.8 tps=10835 mgps=759.1 avgBps=227.6 avgTps=15332 avgMGps=898.2 elapsed=11h35m10s
Sep 11 16:50:17 nimbus-eth1-mainnet-long-benchmark[2233876]: INF 2026-09-11 16:50:17.266+00:00 Imported blocks                            blockNumber=9502721 slot=1 blocks=9502720 txs=640401953 mgas=37532654 bps=88.79 tps=9543 mgps=726.3 avgBps=227.3 avgTps=15319 avgMGps=897.9 elapsed=11h36m42s
Sep 11 16:51:39 nimbus-eth1-mainnet-long-benchmark[2233876]: INF 2026-09-11 16:51:39.505+00:00 Imported blocks                            blockNumber=9510913 slot=1 blocks=9510912 txs=641279030 mgas=37595291 bps=99.61 tps=10664 mgps=761.6 avgBps=227.1 avgTps=15310 avgMGps=897.6 elapsed=11h38m4s
Sep 11 16:53:03 nimbus-eth1-mainnet-long-benchmark[2233876]: INF 2026-09-11 16:53:03.223+00:00 Imported blocks                            blockNumber=9519105 slot=1 blocks=9519104 txs=642171521 mgas=37661633 bps=97.85 tps=10660 mgps=792.4 avgBps=226.8 avgTps=15301 avgMGps=897.4 elapsed=11h39m28s
Sep 11 16:54:26 nimbus-eth1-mainnet-long-benchmark[2233876]: INF 2026-09-11 16:54:26.962+00:00 Imported blocks                            blockNumber=9527297 slot=1 blocks=9527296 txs=643058046 mgas=37725376 bps=97.83 tps=10587 mgps=761.2 avgBps=226.6 avgTps=15291 avgMGps=897.1 elapsed=11h40m52s
Sep 11 16:55:41 nimbus-eth1-mainnet-long-benchmark[2233876]: INF 2026-09-11 16:55:41.913+00:00 Imported blocks                            blockNumber=9535489 slot=1 blocks=9535488 txs=643821080 mgas=37782293 bps=109.3 tps=10180 mgps=759.4 avgBps=226.4 avgTps=15282 avgMGps=896.9 elapsed=11h42m7s
Sep 11 16:56:54 nimbus-eth1-mainnet-long-benchmark[2233876]: INF 2026-09-11 16:56:54.060+00:00 Imported blocks                            blockNumber=9543681 slot=1 blocks=9543680 txs=644576819 mgas=37834042 bps=113.5 tps=10475 mgps=717.3 avgBps=226.2 avgTps=15274 avgMGps=896.6 elapsed=11h43m19s
Sep 11 16:58:16 nimbus-eth1-mainnet-long-benchmark[2233876]: INF 2026-09-11 16:58:16.346+00:00 Imported blocks                            blockNumber=9551873 slot=1 blocks=9551872 txs=645449994 mgas=37897756 bps=99.56 tps=10611 mgps=774.3 avgBps=225.9 avgTps=15265 avgMGps=896.3 elapsed=11h44m41s
Sep 11 16:59:47 nimbus-eth1-mainnet-long-benchmark[2233876]: INF 2026-09-11 16:59:47.541+00:00 Imported blocks                            blockNumber=9560065 slot=1 blocks=9560064 txs=646344665 mgas=37964724 bps=89.83 tps=9810 mgps=734.3 avgBps=225.6 avgTps=15253 avgMGps=896.0 elapsed=11h46m12s
Sep 11 17:01:19 nimbus-eth1-mainnet-long-benchmark[2233876]: INF 2026-09-11 17:01:19.391+00:00 Imported blocks                            blockNumber=9568257 slot=1 blocks=9568256 txs=647216640 mgas=38031921 bps=89.19 tps=9493 mgps=731.6 avgBps=225.3 avgTps=15241 avgMGps=895.6 elapsed=11h47m44s
Sep 11 17:02:44 nimbus-eth1-mainnet-long-benchmark[2233876]: INF 2026-09-11 17:02:44.102+00:00 Imported blocks                            blockNumber=9576449 slot=1 blocks=9576448 txs=648049642 mgas=38095259 bps=96.71 tps=9833 mgps=747.7 avgBps=225.1 avgTps=15230 avgMGps=895.3 elapsed=11h49m9s
Sep 11 17:04:00 nimbus-eth1-mainnet-long-benchmark[2233876]: INF 2026-09-11 17:04:00.093+00:00 Imported blocks                            blockNumber=9584641 slot=1 blocks=9584640 txs=648854625 mgas=38152421 bps=107.8 tps=10593 mgps=752.2 avgBps=224.9 avgTps=15222 avgMGps=895.1 elapsed=11h50m25s
Sep 11 17:05:19 nimbus-eth1-mainnet-long-benchmark[2233876]: INF 2026-09-11 17:05:19.783+00:00 Imported blocks                            blockNumber=9592833 slot=1 blocks=9592832 txs=649707267 mgas=38211237 bps=102.8 tps=10699 mgps=738.0 avgBps=224.6 avgTps=15213 avgMGps=894.8 elapsed=11h51m44s
Sep 11 17:06:41 nimbus-eth1-mainnet-long-benchmark[2233876]: INF 2026-09-11 17:06:41.894+00:00 Imported blocks                            blockNumber=9601025 slot=1 blocks=9601024 txs=650511686 mgas=38272596 bps=99.77 tps=9797 mgps=747.3 avgBps=224.4 avgTps=15203 avgMGps=894.5 elapsed=11h53m7s
Sep 11 17:08:00 nimbus-eth1-mainnet-long-benchmark[2233876]: INF 2026-09-11 17:08:00.125+00:00 Imported blocks                            blockNumber=9609217 slot=1 blocks=9609216 txs=651360998 mgas=38330829 bps=104.7 tps=10856 mgps=744.4 avgBps=224.2 avgTps=15195 avgMGps=894.2 elapsed=11h54m25s
Sep 11 17:09:24 nimbus-eth1-mainnet-long-benchmark[2233876]: INF 2026-09-11 17:09:24.824+00:00 Imported blocks                            blockNumber=9617409 slot=1 blocks=9617408 txs=652288927 mgas=38394365 bps=96.72 tps=10955 mgps=750.1 avgBps=223.9 avgTps=15187 avgMGps=893.9 elapsed=11h55m49s
Sep 11 17:10:44 nimbus-eth1-mainnet-long-benchmark[2233876]: INF 2026-09-11 17:10:44.066+00:00 Imported blocks                            blockNumber=9625601 slot=1 blocks=9625600 txs=653102832 mgas=38453861 bps=103.4 tps=10271 mgps=750.8 avgBps=223.7 avgTps=15178 avgMGps=893.7 elapsed=11h57m9s
Sep 11 17:12:08 nimbus-eth1-mainnet-long-benchmark[2233876]: INF 2026-09-11 17:12:08.369+00:00 Imported blocks                            blockNumber=9633793 slot=1 blocks=9633792 txs=653876973 mgas=38513715 bps=97.17 tps=9182 mgps=710.0 avgBps=223.5 avgTps=15166 avgMGps=893.3 elapsed=11h58m33s
Sep 11 17:13:44 nimbus-eth1-mainnet-long-benchmark[2233876]: INF 2026-09-11 17:13:44.775+00:00 Imported blocks                            blockNumber=9641985 slot=1 blocks=9641984 txs=654885492 mgas=38585512 bps=84.97 tps=10460 mgps=744.7 avgBps=223.1 avgTps=15155 avgMGps=893.0 elapsed=12h9s890ms
Sep 11 17:15:10 nimbus-eth1-mainnet-long-benchmark[2233876]: INF 2026-09-11 17:15:10.082+00:00 Imported blocks                            blockNumber=9650177 slot=1 blocks=9650176 txs=655831729 mgas=38652219 bps=96.03 tps=11092 mgps=782.0 avgBps=222.9 avgTps=15147 avgMGps=892.8 elapsed=12h1m35s
Sep 11 17:16:51 nimbus-eth1-mainnet-long-benchmark[2233876]: INF 2026-09-11 17:16:51.384+00:00 Imported blocks                            blockNumber=9658369 slot=1 blocks=9658368 txs=656739803 mgas=38725760 bps=80.87 tps=8964 mgps=726.0 avgBps=222.6 avgTps=15133 avgMGps=892.4 elapsed=12h3m16s
Sep 11 17:18:32 nimbus-eth1-mainnet-long-benchmark[2233876]: INF 2026-09-11 17:18:32.947+00:00 Imported blocks                            blockNumber=9666561 slot=1 blocks=9666560 txs=657788269 mgas=38802013 bps=80.66 tps=10322 mgps=750.8 avgBps=222.2 avgTps=15122 avgMGps=892.0 elapsed=12h4m58s
Sep 11 17:20:00 nimbus-eth1-mainnet-long-benchmark[2233876]: INF 2026-09-11 17:20:00.441+00:00 Imported blocks                            blockNumber=9674753 slot=1 blocks=9674752 txs=658654681 mgas=38870587 bps=93.63 tps=9903 mgps=783.8 avgBps=222.0 avgTps=15111 avgMGps=891.8 elapsed=12h6m25s
Sep 11 17:21:35 nimbus-eth1-mainnet-long-benchmark[2233876]: INF 2026-09-11 17:21:35.936+00:00 Imported blocks                            blockNumber=9682945 slot=1 blocks=9682944 txs=659587653 mgas=38941340 bps=85.78 tps=9769 mgps=740.9 avgBps=221.7 avgTps=15100 avgMGps=891.5 elapsed=12h8m1s
Sep 11 17:23:10 nimbus-eth1-mainnet-long-benchmark[2233876]: INF 2026-09-11 17:23:10.430+00:00 Imported blocks                            blockNumber=9691137 slot=1 blocks=9691136 txs=660566700 mgas=39013132 bps=86.69 tps=10361 mgps=759.8 avgBps=221.4 avgTps=15089 avgMGps=891.2 elapsed=12h9m35s
Sep 11 17:24:44 nimbus-eth1-mainnet-long-benchmark[2233876]: INF 2026-09-11 17:24:44.421+00:00 Imported blocks                            blockNumber=9699329 slot=1 blocks=9699328 txs=661485588 mgas=39080949 bps=87.16 tps=9776 mgps=721.5 avgBps=221.1 avgTps=15078 avgMGps=890.8 elapsed=12h11m9s
Sep 11 17:26:28 nimbus-eth1-mainnet-long-benchmark[2233876]: INF 2026-09-11 17:26:28.179+00:00 Imported blocks                            blockNumber=9707521 slot=1 blocks=9707520 txs=662590313 mgas=39152127 bps=78.95 tps=10646 mgps=686.0 avgBps=220.8 avgTps=15068 avgMGps=890.4 elapsed=12h12m53s
Sep 11 17:28:13 nimbus-eth1-mainnet-long-benchmark[2233876]: INF 2026-09-11 17:28:13.510+00:00 Imported blocks                            blockNumber=9715713 slot=1 blocks=9715712 txs=663694584 mgas=39223843 bps=77.78 tps=10484 mgps=680.9 avgBps=220.4 avgTps=15057 avgMGps=889.9 elapsed=12h14m38s
Sep 11 17:29:43 nimbus-eth1-mainnet-long-benchmark[2233876]: INF 2026-09-11 17:29:43.748+00:00 Imported blocks                            blockNumber=9723905 slot=1 blocks=9723904 txs=664657636 mgas=39290843 bps=90.78 tps=10672 mgps=742.5 avgBps=220.2 avgTps=15048 avgMGps=889.6 elapsed=12h16m8s
Sep 11 17:31:15 nimbus-eth1-mainnet-long-benchmark[2233876]: INF 2026-09-11 17:31:15.447+00:00 Imported blocks                            blockNumber=9732097 slot=1 blocks=9732096 txs=665663100 mgas=39356638 bps=89.34 tps=10964 mgps=717.5 avgBps=219.9 avgTps=15039 avgMGps=889.2 elapsed=12h17m40s
Sep 11 17:32:46 nimbus-eth1-mainnet-long-benchmark[2233876]: INF 2026-09-11 17:32:46.877+00:00 Imported blocks                            blockNumber=9740289 slot=1 blocks=9740288 txs=666722937 mgas=39424632 bps=89.60 tps=11591 mgps=743.7 avgBps=219.6 avgTps=15032 avgMGps=888.9 elapsed=12h19m11s
Sep 11 17:34:16 nimbus-eth1-mainnet-long-benchmark[2233876]: INF 2026-09-11 17:34:16.876+00:00 Imported blocks                            blockNumber=9748481 slot=1 blocks=9748480 txs=667702099 mgas=39492261 bps=91.02 tps=10879 mgps=751.4 avgBps=219.4 avgTps=15024 avgMGps=888.6 elapsed=12h20m41s
Sep 11 17:35:41 nimbus-eth1-mainnet-long-benchmark[2233876]: INF 2026-09-11 17:35:41.726+00:00 Imported blocks                            blockNumber=9756673 slot=1 blocks=9756672 txs=668587180 mgas=39554554 bps=96.55 tps=10431 mgps=734.2 avgBps=219.1 avgTps=15015 avgMGps=888.3 elapsed=12h22m6s
Sep 11 17:37:03 nimbus-eth1-mainnet-long-benchmark[2233876]: INF 2026-09-11 17:37:03.781+00:00 Imported blocks                            blockNumber=9764865 slot=1 blocks=9764864 txs=669420982 mgas=39617012 bps=99.83 tps=10161 mgps=761.1 avgBps=218.9 avgTps=15006 avgMGps=888.1 elapsed=12h23m28s
Sep 11 17:38:20 nimbus-eth1-mainnet-long-benchmark[2233876]: INF 2026-09-11 17:38:20.512+00:00 Imported blocks                            blockNumber=9773057 slot=1 blocks=9773056 txs=670258528 mgas=39678046 bps=106.8 tps=10915 mgps=795.4 avgBps=218.7 avgTps=14999 avgMGps=887.9 elapsed=12h24m45s
Sep 11 17:39:46 nimbus-eth1-mainnet-long-benchmark[2233876]: INF 2026-09-11 17:39:46.363+00:00 Imported blocks                            blockNumber=9781249 slot=1 blocks=9781248 txs=671204579 mgas=39745904 bps=95.42 tps=11020 mgps=790.4 avgBps=218.5 avgTps=14991 avgMGps=887.8 elapsed=12h26m11s
Sep 11 17:41:10 nimbus-eth1-mainnet-long-benchmark[2233876]: INF 2026-09-11 17:41:10.201+00:00 Imported blocks                            blockNumber=9789441 slot=1 blocks=9789440 txs=672023787 mgas=39811770 bps=97.71 tps=9771 mgps=785.6 avgBps=218.2 avgTps=14982 avgMGps=887.6 elapsed=12h27m35s
Sep 11 17:42:41 nimbus-eth1-mainnet-long-benchmark[2233876]: INF 2026-09-11 17:42:41.536+00:00 Imported blocks                            blockNumber=9797633 slot=1 blocks=9797632 txs=672947891 mgas=39880011 bps=89.69 tps=10117 mgps=747.1 avgBps=218.0 avgTps=14972 avgMGps=887.3 elapsed=12h29m6s
Sep 11 17:44:09 nimbus-eth1-mainnet-long-benchmark[2233876]: INF 2026-09-11 17:44:09.298+00:00 Imported blocks                            blockNumber=9805825 slot=1 blocks=9805824 txs=673829137 mgas=39948258 bps=93.34 tps=10041 mgps=777.6 avgBps=217.7 avgTps=14962 avgMGps=887.1 elapsed=12h30m34s
Sep 11 17:45:32 nimbus-eth1-mainnet-long-benchmark[2233876]: INF 2026-09-11 17:45:32.597+00:00 Imported blocks                            blockNumber=9814017 slot=1 blocks=9814016 txs=674608124 mgas=40014329 bps=98.34 tps=9351 mgps=793.2 avgBps=217.5 avgTps=14952 avgMGps=886.9 elapsed=12h31m57s
Sep 11 17:47:06 nimbus-eth1-mainnet-long-benchmark[2233876]: INF 2026-09-11 17:47:06.840+00:00 Imported blocks                            blockNumber=9822209 slot=1 blocks=9822208 txs=675519298 mgas=40084124 bps=86.93 tps=9668 mgps=740.6 avgBps=217.2 avgTps=14941 avgMGps=886.6 elapsed=12h33m31s
Sep 11 17:48:42 nimbus-eth1-mainnet-long-benchmark[2233876]: INF 2026-09-11 17:48:42.914+00:00 Imported blocks                            blockNumber=9830401 slot=1 blocks=9830400 txs=676526004 mgas=40156103 bps=85.27 tps=10478 mgps=749.2 avgBps=217.0 avgTps=14931 avgMGps=886.3 elapsed=12h35m8s
Sep 11 17:50:19 nimbus-eth1-mainnet-long-benchmark[2233876]: INF 2026-09-11 17:50:19.776+00:00 Imported blocks                            blockNumber=9838593 slot=1 blocks=9838592 txs=677564637 mgas=40227612 bps=84.57 tps=10722 mgps=738.2 avgBps=216.7 avgTps=14922 avgMGps=886.0 elapsed=12h36m44s
Sep 11 17:51:50 nimbus-eth1-mainnet-long-benchmark[2233876]: INF 2026-09-11 17:51:50.907+00:00 Imported blocks                            blockNumber=9846785 slot=1 blocks=9846784 txs=678461502 mgas=40297405 bps=89.89 tps=9841 mgps=765.9 avgBps=216.4 avgTps=14912 avgMGps=885.7 elapsed=12h38m16s
Sep 11 17:53:15 nimbus-eth1-mainnet-long-benchmark[2233876]: INF 2026-09-11 17:53:15.546+00:00 Imported blocks                            blockNumber=9854977 slot=1 blocks=9854976 txs=679309213 mgas=40364439 bps=96.79 tps=10015 mgps=792.0 avgBps=216.2 avgTps=14903 avgMGps=885.6 elapsed=12h39m40s
Sep 11 17:54:44 nimbus-eth1-mainnet-long-benchmark[2233876]: INF 2026-09-11 17:54:44.984+00:00 Imported blocks                            blockNumber=9863169 slot=1 blocks=9863168 txs=680220854 mgas=40433107 bps=91.59 tps=10192 mgps=767.8 avgBps=216.0 avgTps=14894 avgMGps=885.3 elapsed=12h41m10s
Sep 11 17:56:16 nimbus-eth1-mainnet-long-benchmark[2233876]: INF 2026-09-11 17:56:16.623+00:00 Imported blocks                            blockNumber=9871361 slot=1 blocks=9871360 txs=681217536 mgas=40503215 bps=89.39 tps=10875 mgps=765.0 avgBps=215.7 avgTps=14886 avgMGps=885.1 elapsed=12h42m41s
Sep 11 17:57:50 nimbus-eth1-mainnet-long-benchmark[2233876]: INF 2026-09-11 17:57:50.777+00:00 Imported blocks                            blockNumber=9879553 slot=1 blocks=9879552 txs=682191102 mgas=40572841 bps=87.01 tps=10340 mgps=739.5 avgBps=215.4 avgTps=14876 avgMGps=884.8 elapsed=12h44m15s
Sep 11 17:59:26 nimbus-eth1-mainnet-long-benchmark[2233876]: INF 2026-09-11 17:59:26.224+00:00 Imported blocks                            blockNumber=9887745 slot=1 blocks=9887744 txs=683184281 mgas=40644027 bps=85.83 tps=10405 mgps=745.8 avgBps=215.2 avgTps=14867 avgMGps=884.5 elapsed=12h45m51s
Sep 11 18:01:00 nimbus-eth1-mainnet-long-benchmark[2233876]: INF 2026-09-11 18:01:00.738+00:00 Imported blocks                            blockNumber=9895937 slot=1 blocks=9895936 txs=684187479 mgas=40714745 bps=86.68 tps=10614 mgps=748.2 avgBps=214.9 avgTps=14858 avgMGps=884.2 elapsed=12h47m25s
Sep 11 18:02:38 nimbus-eth1-mainnet-long-benchmark[2233876]: INF 2026-09-11 18:02:38.389+00:00 Imported blocks                            blockNumber=9904129 slot=1 blocks=9904128 txs=685190013 mgas=40786553 bps=83.89 tps=10266 mgps=735.3 avgBps=214.6 avgTps=14849 avgMGps=883.9 elapsed=12h49m3s
Sep 11 18:04:14 nimbus-eth1-mainnet-long-benchmark[2233876]: INF 2026-09-11 18:04:14.255+00:00 Imported blocks                            blockNumber=9912321 slot=1 blocks=9912320 txs=686163250 mgas=40858166 bps=85.45 tps=10151 mgps=747.0 avgBps=214.4 avgTps=14839 avgMGps=883.6 elapsed=12h50m39s
Sep 11 18:05:47 nimbus-eth1-mainnet-long-benchmark[2233876]: INF 2026-09-11 18:05:47.786+00:00 Imported blocks                            blockNumber=9920513 slot=1 blocks=9920512 txs=687196735 mgas=40931012 bps=87.59 tps=11050 mgps=778.9 avgBps=214.1 avgTps=14831 avgMGps=883.4 elapsed=12h52m12s
Sep 11 18:07:26 nimbus-eth1-mainnet-long-benchmark[2233876]: INF 2026-09-11 18:07:26.236+00:00 Imported blocks                            blockNumber=9928705 slot=1 blocks=9928704 txs=688227858 mgas=41004647 bps=83.21 tps=10473 mgps=747.9 avgBps=213.8 avgTps=14822 avgMGps=883.1 elapsed=12h53m51s
Sep 11 18:09:04 nimbus-eth1-mainnet-long-benchmark[2233876]: INF 2026-09-11 18:09:04.595+00:00 Imported blocks                            blockNumber=9936897 slot=1 blocks=9936896 txs=689308519 mgas=41078745 bps=83.29 tps=10987 mgps=753.4 avgBps=213.6 avgTps=14814 avgMGps=882.8 elapsed=12h55m29s
Sep 11 18:10:38 nimbus-eth1-mainnet-long-benchmark[2233876]: INF 2026-09-11 18:10:38.977+00:00 Imported blocks                            blockNumber=9945089 slot=1 blocks=9945088 txs=690287285 mgas=41149637 bps=86.79 tps=10369 mgps=751.1 avgBps=213.3 avgTps=14805 avgMGps=882.6 elapsed=12h57m4s
Sep 11 18:12:15 nimbus-eth1-mainnet-long-benchmark[2233876]: INF 2026-09-11 18:12:15.711+00:00 Imported blocks                            blockNumber=9953281 slot=1 blocks=9953280 txs=691329935 mgas=41222054 bps=84.69 tps=10778 mgps=748.6 avgBps=213.0 avgTps=14797 avgMGps=882.3 elapsed=12h58m40s
Sep 11 18:13:55 nimbus-eth1-mainnet-long-benchmark[2233876]: INF 2026-09-11 18:13:55.902+00:00 Imported blocks                            blockNumber=9961473 slot=1 blocks=9961472 txs=692442347 mgas=41296064 bps=81.77 tps=11103 mgps=738.7 avgBps=212.8 avgTps=14789 avgMGps=882.0 elapsed=13h21s12ms
Sep 11 18:15:36 nimbus-eth1-mainnet-long-benchmark[2233876]: INF 2026-09-11 18:15:36.668+00:00 Imported blocks                            blockNumber=9969665 slot=1 blocks=9969664 txs=693524099 mgas=41369534 bps=81.29 tps=10734 mgps=729.1 avgBps=212.5 avgTps=14780 avgMGps=881.7 elapsed=13h2m1s
Sep 11 18:17:18 nimbus-eth1-mainnet-long-benchmark[2233876]: INF 2026-09-11 18:17:18.947+00:00 Imported blocks                            blockNumber=9977857 slot=1 blocks=9977856 txs=694639621 mgas=41445314 bps=80.10 tps=10907 mgps=741.0 avgBps=212.2 avgTps=14772 avgMGps=881.4 elapsed=13h3m44s
Sep 11 18:18:58 nimbus-eth1-mainnet-long-benchmark[2233876]: INF 2026-09-11 18:18:58.061+00:00 Imported blocks                            blockNumber=9986049 slot=1 blocks=9986048 txs=695682320 mgas=41518650 bps=82.65 tps=10519 mgps=739.9 avgBps=211.9 avgTps=14763 avgMGps=881.1 elapsed=13h5m23s
Sep 11 18:20:37 nimbus-eth1-mainnet-long-benchmark[2233876]: INF 2026-09-11 18:20:37.151+00:00 Imported blocks                            blockNumber=9994241 slot=1 blocks=9994240 txs=696694345 mgas=41590954 bps=82.67 tps=10213 mgps=729.7 avgBps=211.6 avgTps=14753 avgMGps=880.7 elapsed=13h7m2s
Sep 11 18:22:14 nimbus-eth1-mainnet-long-benchmark[2233876]: INF 2026-09-11 18:22:14.862+00:00 Imported blocks                            blockNumber=10002433 slot=1 blocks=10002432 txs=697642152 mgas=41664131 bps=83.84 tps=9700 mgps=748.9 avgBps=211.4 avgTps=14743 avgMGps=880.5 elapsed=13h8m39s
Sep 11 18:23:51 nimbus-eth1-mainnet-long-benchmark[2233876]: INF 2026-09-11 18:23:51.568+00:00 Imported blocks                            blockNumber=10010625 slot=1 blocks=10010624 txs=698636012 mgas=41738379 bps=84.71 tps=10276 mgps=767.8 avgBps=211.1 avgTps=14733 avgMGps=880.2 elapsed=13h10m16s
Sep 11 18:25:33 nimbus-eth1-mainnet-long-benchmark[2233876]: INF 2026-09-11 18:25:33.011+00:00 Imported blocks                            blockNumber=10018817 slot=1 blocks=10018816 txs=699719319 mgas=41814701 bps=80.76 tps=10679 mgps=752.4 avgBps=210.8 avgTps=14725 avgMGps=880.0 elapsed=13h11m58s
Sep 11 18:27:16 nimbus-eth1-mainnet-long-benchmark[2233876]: INF 2026-09-11 18:27:16.681+00:00 Imported blocks                            blockNumber=10027009 slot=1 blocks=10027008 txs=700863959 mgas=41891479 bps=79.02 tps=11040 mgps=740.6 avgBps=210.6 avgTps=14717 avgMGps=879.7 elapsed=13h13m41s
Sep 11 18:28:59 nimbus-eth1-mainnet-long-benchmark[2233876]: INF 2026-09-11 18:28:59.439+00:00 Imported blocks                            blockNumber=10035201 slot=1 blocks=10035200 txs=701970226 mgas=41967989 bps=79.72 tps=10765 mgps=744.6 avgBps=210.3 avgTps=14708 avgMGps=879.4 elapsed=13h15m24s
Sep 11 18:30:44 nimbus-eth1-mainnet-long-benchmark[2233876]: INF 2026-09-11 18:30:44.630+00:00 Imported blocks                            blockNumber=10043393 slot=1 blocks=10043392 txs=703106694 mgas=42044518 bps=77.88 tps=10803 mgps=727.5 avgBps=210.0 avgTps=14700 avgMGps=879.0 elapsed=13h17m9s
Sep 11 18:32:25 nimbus-eth1-mainnet-long-benchmark[2233876]: INF 2026-09-11 18:32:25.200+00:00 Imported blocks                            blockNumber=10051585 slot=1 blocks=10051584 txs=704249886 mgas=42121141 bps=81.45 tps=11366 mgps=761.9 avgBps=209.7 avgTps=14693 avgMGps=878.8 elapsed=13h18m50s
Sep 11 18:34:05 nimbus-eth1-mainnet-long-benchmark[2233876]: INF 2026-09-11 18:34:05.034+00:00 Imported blocks                            blockNumber=10059777 slot=1 blocks=10059776 txs=705321444 mgas=42197832 bps=82.06 tps=10733 mgps=768.2 avgBps=209.4 avgTps=14684 avgMGps=878.6 elapsed=13h20m30s
Sep 11 18:35:41 nimbus-eth1-mainnet-long-benchmark[2233876]: INF 2026-09-11 18:35:41.801+00:00 Imported blocks                            blockNumber=10067969 slot=1 blocks=10067968 txs=706357318 mgas=42272849 bps=84.66 tps=10704 mgps=775.2 avgBps=209.2 avgTps=14676 avgMGps=878.4 elapsed=13h22m6s
Sep 11 18:37:17 nimbus-eth1-mainnet-long-benchmark[2233876]: INF 2026-09-11 18:37:17.567+00:00 Imported blocks                            blockNumber=10076161 slot=1 blocks=10076160 txs=707547374 mgas=42348114 bps=85.54 tps=12426 mgps=785.9 avgBps=209.0 avgTps=14672 avgMGps=878.2 elapsed=13h23m42s
Sep 11 18:38:58 nimbus-eth1-mainnet-long-benchmark[2233876]: INF 2026-09-11 18:38:58.610+00:00 Imported blocks                            blockNumber=10084353 slot=1 blocks=10084352 txs=708599469 mgas=42424836 bps=81.08 tps=10412 mgps=759.3 avgBps=208.7 avgTps=14663 avgMGps=877.9 elapsed=13h25m23s
Sep 11 18:40:42 nimbus-eth1-mainnet-long-benchmark[2233876]: INF 2026-09-11 18:40:42.740+00:00 Imported blocks                            blockNumber=10092545 slot=1 blocks=10092544 txs=709658827 mgas=42501676 bps=78.67 tps=10173 mgps=737.9 avgBps=208.4 avgTps=14653 avgMGps=877.6 elapsed=13h27m7s
Sep 11 18:42:23 nimbus-eth1-mainnet-long-benchmark[2233876]: INF 2026-09-11 18:42:23.427+00:00 Imported blocks                            blockNumber=10100737 slot=1 blocks=10100736 txs=710737417 mgas=42578737 bps=81.36 tps=10712 mgps=765.4 avgBps=208.1 avgTps=14645 avgMGps=877.4 elapsed=13h28m48s
Sep 11 18:43:57 nimbus-eth1-mainnet-long-benchmark[2233876]: INF 2026-09-11 18:43:57.697+00:00 Imported blocks                            blockNumber=10108929 slot=1 blocks=10108928 txs=711841679 mgas=42655655 bps=86.90 tps=11713 mgps=815.9 avgBps=207.9 avgTps=14640 avgMGps=877.3 elapsed=13h30m22s
Sep 11 18:45:38 nimbus-eth1-mainnet-long-benchmark[2233876]: INF 2026-09-11 18:45:38.683+00:00 Imported blocks                            blockNumber=10117121 slot=1 blocks=10117120 txs=713013055 mgas=42732775 bps=81.12 tps=11599 mgps=763.7 avgBps=207.6 avgTps=14633 avgMGps=877.0 elapsed=13h32m3s
Sep 11 18:47:24 nimbus-eth1-mainnet-long-benchmark[2233876]: INF 2026-09-11 18:47:24.830+00:00 Imported blocks                            blockNumber=10125313 slot=1 blocks=10125312 txs=714078443 mgas=42810380 bps=77.18 tps=10037 mgps=731.1 avgBps=207.4 avgTps=14623 avgMGps=876.7 elapsed=13h33m49s
Sep 11 18:49:05 nimbus-eth1-mainnet-long-benchmark[2233876]: INF 2026-09-11 18:49:05.076+00:00 Imported blocks                            blockNumber=10133505 slot=1 blocks=10133504 txs=715159029 mgas=42888001 bps=81.72 tps=10779 mgps=774.3 avgBps=207.1 avgTps=14615 avgMGps=876.5 elapsed=13h35m30s
Sep 11 18:50:45 nimbus-eth1-mainnet-long-benchmark[2233876]: INF 2026-09-11 18:50:45.107+00:00 Imported blocks                            blockNumber=10141697 slot=1 blocks=10141696 txs=716344974 mgas=42965376 bps=81.89 tps=11855 mgps=773.5 avgBps=206.8 avgTps=14610 avgMGps=876.3 elapsed=13h37m10s
Sep 11 18:52:24 nimbus-eth1-mainnet-long-benchmark[2233876]: INF 2026-09-11 18:52:24.461+00:00 Imported blocks                            blockNumber=10149889 slot=1 blocks=10149888 txs=717463031 mgas=43042456 bps=82.45 tps=11253 mgps=775.8 avgBps=206.6 avgTps=14603 avgMGps=876.1 elapsed=13h38m49s
Sep 11 18:54:09 nimbus-eth1-mainnet-long-benchmark[2233876]: INF 2026-09-11 18:54:09.727+00:00 Imported blocks                            blockNumber=10158081 slot=1 blocks=10158080 txs=718603582 mgas=43119991 bps=77.82 tps=10834 mgps=736.6 avgBps=206.3 avgTps=14595 avgMGps=875.8 elapsed=13h40m34s
Sep 11 18:55:54 nimbus-eth1-mainnet-long-benchmark[2233876]: INF 2026-09-11 18:55:54.214+00:00 Imported blocks                            blockNumber=10166273 slot=1 blocks=10166272 txs=719805471 mgas=43197306 bps=78.40 tps=11502 mgps=740.0 avgBps=206.0 avgTps=14588 avgMGps=875.5 elapsed=13h42m19s
Sep 11 18:57:38 nimbus-eth1-mainnet-long-benchmark[2233876]: INF 2026-09-11 18:57:38.308+00:00 Imported blocks                            blockNumber=10174465 slot=1 blocks=10174464 txs=720919961 mgas=43274435 bps=78.70 tps=10706 mgps=741.0 avgBps=205.8 avgTps=14580 avgMGps=875.2 elapsed=13h44m3s
Sep 11 18:59:21 nimbus-eth1-mainnet-long-benchmark[2233876]: INF 2026-09-11 18:59:21.574+00:00 Imported blocks                            blockNumber=10182657 slot=1 blocks=10182656 txs=722050975 mgas=43351413 bps=79.33 tps=10952 mgps=745.4 avgBps=205.5 avgTps=14573 avgMGps=875.0 elapsed=13h45m46s
Sep 11 19:01:06 nimbus-eth1-mainnet-long-benchmark[2233876]: INF 2026-09-11 19:01:06.433+00:00 Imported blocks                            blockNumber=10190849 slot=1 blocks=10190848 txs=723276965 mgas=43428060 bps=78.12 tps=11691 mgps=731.0 avgBps=205.2 avgTps=14567 avgMGps=874.7 elapsed=13h47m31s
Sep 11 19:02:47 nimbus-eth1-mainnet-long-benchmark[2233876]: INF 2026-09-11 19:02:47.663+00:00 Imported blocks                            blockNumber=10199041 slot=1 blocks=10199040 txs=724470936 mgas=43505261 bps=80.92 tps=11794 mgps=762.6 avgBps=205.0 avgTps=14561 avgMGps=874.4 elapsed=13h49m12s
Sep 11 19:04:32 nimbus-eth1-mainnet-long-benchmark[2233876]: INF 2026-09-11 19:04:32.317+00:00 Imported blocks                            blockNumber=10207233 slot=1 blocks=10207232 txs=725644985 mgas=43583031 bps=78.28 tps=11218 mgps=743.1 avgBps=204.7 avgTps=14554 avgMGps=874.2 elapsed=13h50m57s
Sep 11 19:06:14 nimbus-eth1-mainnet-long-benchmark[2233876]: INF 2026-09-11 19:06:14.052+00:00 Imported blocks                            blockNumber=10215425 slot=1 blocks=10215424 txs=726776586 mgas=43660924 bps=80.52 tps=11122 mgps=765.6 avgBps=204.5 avgTps=14547 avgMGps=873.9 elapsed=13h52m39s
Sep 11 19:07:55 nimbus-eth1-mainnet-long-benchmark[2233876]: INF 2026-09-11 19:07:55.286+00:00 Imported blocks                            blockNumber=10223617 slot=1 blocks=10223616 txs=727991302 mgas=43738007 bps=80.92 tps=11999 mgps=761.4 avgBps=204.2 avgTps=14542 avgMGps=873.7 elapsed=13h54m20s
Sep 11 19:09:38 nimbus-eth1-mainnet-long-benchmark[2233876]: INF 2026-09-11 19:09:38.060+00:00 Imported blocks                            blockNumber=10231809 slot=1 blocks=10231808 txs=729230338 mgas=43814819 bps=79.71 tps=12055 mgps=747.4 avgBps=204.0 avgTps=14537 avgMGps=873.4 elapsed=13h56m3s
Sep 11 19:11:23 nimbus-eth1-mainnet-long-benchmark[2233876]: INF 2026-09-11 19:11:23.747+00:00 Imported blocks                            blockNumber=10240001 slot=1 blocks=10240000 txs=730404672 mgas=43892359 bps=77.52 tps=11111 mgps=733.7 avgBps=203.7 avgTps=14529 avgMGps=873.2 elapsed=13h57m48s
Sep 11 19:13:11 nimbus-eth1-mainnet-long-benchmark[2233876]: INF 2026-09-11 19:13:11.305+00:00 Imported blocks                            blockNumber=10248193 slot=1 blocks=10248192 txs=731552208 mgas=43970004 bps=76.16 tps=10668 mgps=721.9 avgBps=203.4 avgTps=14521 avgMGps=872.8 elapsed=13h59m36s
Sep 11 19:14:56 nimbus-eth1-mainnet-long-benchmark[2233876]: INF 2026-09-11 19:14:56.891+00:00 Imported blocks                            blockNumber=10256385 slot=1 blocks=10256384 txs=732682504 mgas=44046928 bps=77.58 tps=10704 mgps=728.5 avgBps=203.2 avgTps=14513 avgMGps=872.5 elapsed=14h1m22s
Sep 11 19:16:42 nimbus-eth1-mainnet-long-benchmark[2233876]: INF 2026-09-11 19:16:42.238+00:00 Imported blocks                            blockNumber=10264577 slot=1 blocks=10264576 txs=733712522 mgas=44124253 bps=77.76 tps=9777 mgps=734.0 avgBps=202.9 avgTps=14503 avgMGps=872.2 elapsed=14h3m7s
Sep 11 19:18:28 nimbus-eth1-mainnet-long-benchmark[2233876]: INF 2026-09-11 19:18:28.732+00:00 Imported blocks                            blockNumber=10272769 slot=1 blocks=10272768 txs=734799027 mgas=44201876 bps=76.92 tps=10202 mgps=728.9 avgBps=202.6 avgTps=14494 avgMGps=871.9 elapsed=14h4m53s
Sep 11 19:20:14 nimbus-eth1-mainnet-long-benchmark[2233876]: INF 2026-09-11 19:20:14.778+00:00 Imported blocks                            blockNumber=10280961 slot=1 blocks=10280960 txs=735932946 mgas=44279585 bps=77.25 tps=10693 mgps=732.8 avgBps=202.4 avgTps=14486 avgMGps=871.6 elapsed=14h6m39s
Sep 11 19:22:00 nimbus-eth1-mainnet-long-benchmark[2233876]: INF 2026-09-11 19:22:00.369+00:00 Imported blocks                            blockNumber=10289153 slot=1 blocks=10289152 txs=737087006 mgas=44357374 bps=77.58 tps=10929 mgps=736.7 avgBps=202.1 avgTps=14479 avgMGps=871.4 elapsed=14h8m25s
Sep 11 19:23:53 nimbus-eth1-mainnet-long-benchmark[2233876]: INF 2026-09-11 19:23:53.095+00:00 Imported blocks                            blockNumber=10297345 slot=1 blocks=10297344 txs=738275575 mgas=44436861 bps=72.67 tps=10543 mgps=705.1 avgBps=201.8 avgTps=14470 avgMGps=871.0 elapsed=14h10m18s
Sep 11 19:26:04 nimbus-eth1-mainnet-long-benchmark[2233876]: INF 2026-09-11 19:26:04.557+00:00 Imported blocks                            blockNumber=10305537 slot=1 blocks=10305536 txs=739438307 mgas=44528970 bps=62.32 tps=8844 mgps=700.7 avgBps=201.5 avgTps=14456 avgMGps=870.6 elapsed=14h12m29s
Sep 11 19:28:10 nimbus-eth1-mainnet-long-benchmark[2233876]: INF 2026-09-11 19:28:10.879+00:00 Imported blocks                            blockNumber=10313729 slot=1 blocks=10313728 txs=740696729 mgas=44621778 bps=64.85 tps=9962 mgps=734.7 avgBps=201.1 avgTps=14445 avgMGps=870.2 elapsed=14h14m35s
Sep 11 19:30:16 nimbus-eth1-mainnet-long-benchmark[2233876]: INF 2026-09-11 19:30:16.421+00:00 Imported blocks                            blockNumber=10321921 slot=1 blocks=10321920 txs=742151644 mgas=44714310 bps=65.25 tps=11588 mgps=737.1 avgBps=200.8 avgTps=14438 avgMGps=869.9 elapsed=14h16m41s
Sep 11 19:32:26 nimbus-eth1-mainnet-long-benchmark[2233876]: INF 2026-09-11 19:32:26.039+00:00 Imported blocks                            blockNumber=10330113 slot=1 blocks=10330112 txs=743514732 mgas=44807317 bps=63.20 tps=10516 mgps=717.5 avgBps=200.5 avgTps=14428 avgMGps=869.5 elapsed=14h18m51s
Sep 11 19:34:32 nimbus-eth1-mainnet-long-benchmark[2233876]: INF 2026-09-11 19:34:32.425+00:00 Imported blocks                            blockNumber=10338305 slot=1 blocks=10338304 txs=744812119 mgas=44899117 bps=64.82 tps=10265 mgps=726.3 avgBps=200.1 avgTps=14418 avgMGps=869.2 elapsed=14h20m57s
Sep 11 19:36:40 nimbus-eth1-mainnet-long-benchmark[2233876]: INF 2026-09-11 19:36:40.314+00:00 Imported blocks                            blockNumber=10346497 slot=1 blocks=10346496 txs=746129898 mgas=44992219 bps=64.06 tps=10304 mgps=728.0 avgBps=199.8 avgTps=14408 avgMGps=868.8 elapsed=14h23m5s
Sep 11 19:38:48 nimbus-eth1-mainnet-long-benchmark[2233876]: INF 2026-09-11 19:38:48.924+00:00 Imported blocks                            blockNumber=10354689 slot=1 blocks=10354688 txs=747446857 mgas=45084387 bps=63.70 tps=10239 mgps=716.6 avgBps=199.5 avgTps=14397 avgMGps=868.4 elapsed=14h25m14s
Sep 11 19:40:53 nimbus-eth1-mainnet-long-benchmark[2233876]: INF 2026-09-11 19:40:53.758+00:00 Imported blocks                            blockNumber=10362881 slot=1 blocks=10362880 txs=748741266 mgas=45176256 bps=65.63 tps=10369 mgps=735.9 avgBps=199.1 avgTps=14388 avgMGps=868.1 elapsed=14h27m18s
Sep 11 19:42:59 nimbus-eth1-mainnet-long-benchmark[2233876]: INF 2026-09-11 19:42:59.760+00:00 Imported blocks                            blockNumber=10371073 slot=1 blocks=10371072 txs=750112455 mgas=45268881 bps=65.01 tps=10882 mgps=735.1 avgBps=198.8 avgTps=14379 avgMGps=867.8 elapsed=14h29m24s
Sep 11 19:45:04 nimbus-eth1-mainnet-long-benchmark[2233876]: INF 2026-09-11 19:45:04.446+00:00 Imported blocks                            blockNumber=10379265 slot=1 blocks=10379264 txs=751483390 mgas=45360161 bps=65.70 tps=10995 mgps=732.1 avgBps=198.5 avgTps=14371 avgMGps=867.5 elapsed=14h31m29s
Sep 11 19:47:11 nimbus-eth1-mainnet-long-benchmark[2233876]: INF 2026-09-11 19:47:11.248+00:00 Imported blocks                            blockNumber=10387457 slot=1 blocks=10387456 txs=752807028 mgas=45451514 bps=64.60 tps=10438 mgps=720.4 avgBps=198.2 avgTps=14362 avgMGps=867.1 elapsed=14h33m36s
Sep 11 19:49:20 nimbus-eth1-mainnet-long-benchmark[2233876]: INF 2026-09-11 19:49:20.518+00:00 Imported blocks                            blockNumber=10395649 slot=1 blocks=10395648 txs=753983840 mgas=45543706 bps=63.37 tps=9103 mgps=713.2 avgBps=197.8 avgTps=14349 avgMGps=866.7 elapsed=14h35m45s
Sep 11 19:51:24 nimbus-eth1-mainnet-long-benchmark[2233876]: INF 2026-09-11 19:51:24.244+00:00 Imported blocks                            blockNumber=10403841 slot=1 blocks=10403840 txs=755114741 mgas=45635897 bps=66.21 tps=9140 mgps=745.1 avgBps=197.5 avgTps=14336 avgMGps=866.5 elapsed=14h37m49s
Sep 11 19:53:30 nimbus-eth1-mainnet-long-benchmark[2233876]: INF 2026-09-11 19:53:30.554+00:00 Imported blocks                            blockNumber=10412033 slot=1 blocks=10412032 txs=756480097 mgas=45727415 bps=64.86 tps=10809 mgps=724.5 avgBps=197.2 avgTps=14328 avgMGps=866.1 elapsed=14h39m55s
Sep 11 19:55:37 nimbus-eth1-mainnet-long-benchmark[2233876]: INF 2026-09-11 19:55:37.124+00:00 Imported blocks                            blockNumber=10420225 slot=1 blocks=10420224 txs=757830558 mgas=45818973 bps=64.72 tps=10669 mgps=723.4 avgBps=196.9 avgTps=14319 avgMGps=865.8 elapsed=14h42m2s
Sep 11 19:57:47 nimbus-eth1-mainnet-long-benchmark[2233876]: INF 2026-09-11 19:57:47.506+00:00 Imported blocks                            blockNumber=10428417 slot=1 blocks=10428416 txs=759155837 mgas=45912026 bps=62.83 tps=10164 mgps=713.7 avgBps=196.6 avgTps=14309 avgMGps=865.4 elapsed=14h44m12s
Sep 11 19:59:54 nimbus-eth1-mainnet-long-benchmark[2233876]: INF 2026-09-11 19:59:54.356+00:00 Imported blocks                            blockNumber=10436609 slot=1 blocks=10436608 txs=760471288 mgas=46004450 bps=64.58 tps=10370 mgps=728.6 avgBps=196.3 avgTps=14300 avgMGps=865.1 elapsed=14h46m19s
Sep 11 20:02:03 nimbus-eth1-mainnet-long-benchmark[2233876]: INF 2026-09-11 20:02:03.610+00:00 Imported blocks                            blockNumber=10444801 slot=1 blocks=10444800 txs=761751831 mgas=46096274 bps=63.38 tps=9907 mgps=710.4 avgBps=195.9 avgTps=14289 avgMGps=864.7 elapsed=14h48m28s
Sep 11 20:04:11 nimbus-eth1-mainnet-long-benchmark[2233876]: INF 2026-09-11 20:04:11.152+00:00 Imported blocks                            blockNumber=10452993 slot=1 blocks=10452992 txs=763138461 mgas=46188952 bps=64.23 tps=10871 mgps=726.6 avgBps=195.6 avgTps=14281 avgMGps=864.4 elapsed=14h50m36s
Sep 11 20:06:23 nimbus-eth1-mainnet-long-benchmark[2233876]: INF 2026-09-11 20:06:23.202+00:00 Imported blocks                            blockNumber=10461185 slot=1 blocks=10461184 txs=764489034 mgas=46282395 bps=62.04 tps=10227 mgps=707.6 avgBps=195.3 avgTps=14271 avgMGps=864.0 elapsed=14h52m48s
Sep 11 20:08:28 nimbus-eth1-mainnet-long-benchmark[2233876]: INF 2026-09-11 20:08:28.804+00:00 Imported blocks                            blockNumber=10469377 slot=1 blocks=10469376 txs=765902255 mgas=46375803 bps=65.22 tps=11251 mgps=743.7 avgBps=195.0 avgTps=14264 avgMGps=863.7 elapsed=14h54m53s
Sep 11 20:10:28 nimbus-eth1-mainnet-long-benchmark[2233876]: INF 2026-09-11 20:10:28.310+00:00 Imported blocks                            blockNumber=10477569 slot=1 blocks=10477568 txs=767312107 mgas=46467616 bps=68.55 tps=11797 mgps=768.3 avgBps=194.7 avgTps=14258 avgMGps=863.5 elapsed=14h56m53s
Sep 11 20:12:35 nimbus-eth1-mainnet-long-benchmark[2233876]: INF 2026-09-11 20:12:35.972+00:00 Imported blocks                            blockNumber=10485761 slot=1 blocks=10485760 txs=768637253 mgas=46560108 bps=64.17 tps=10380 mgps=724.5 avgBps=194.4 avgTps=14249 avgMGps=863.2 elapsed=14h59m1s
Sep 11 20:14:46 nimbus-eth1-mainnet-long-benchmark[2233876]: INF 2026-09-11 20:14:46.134+00:00 Imported blocks                            blockNumber=10493953 slot=1 blocks=10493952 txs=769997728 mgas=46653483 bps=62.94 tps=10452 mgps=717.4 avgBps=194.1 avgTps=14240 avgMGps=862.8 elapsed=15h1m11s
Sep 11 20:16:53 nimbus-eth1-mainnet-long-benchmark[2233876]: INF 2026-09-11 20:16:53.488+00:00 Imported blocks                            blockNumber=10502145 slot=1 blocks=10502144 txs=771475005 mgas=46746512 bps=64.32 tps=11599 mgps=730.5 avgBps=193.8 avgTps=14234 avgMGps=862.5 elapsed=15h3m18s
Sep 11 20:19:00 nimbus-eth1-mainnet-long-benchmark[2233876]: INF 2026-09-11 20:19:00.754+00:00 Imported blocks                            blockNumber=10510337 slot=1 blocks=10510336 txs=772933917 mgas=46839907 bps=64.37 tps=11463 mgps=733.9 avgBps=193.5 avgTps=14227 avgMGps=862.2 elapsed=15h5m25s
Sep 11 20:21:13 nimbus-eth1-mainnet-long-benchmark[2233876]: INF 2026-09-11 20:21:13.480+00:00 Imported blocks                            blockNumber=10518529 slot=1 blocks=10518528 txs=774341464 mgas=46933788 bps=61.72 tps=10604 mgps=707.3 avgBps=193.1 avgTps=14218 avgMGps=861.8 elapsed=15h7m38s
Sep 11 20:23:24 nimbus-eth1-mainnet-long-benchmark[2233876]: INF 2026-09-11 20:23:24.002+00:00 Imported blocks                            blockNumber=10526721 slot=1 blocks=10526720 txs=775783173 mgas=47028798 bps=62.76 tps=11045 mgps=727.9 avgBps=192.8 avgTps=14211 avgMGps=861.5 elapsed=15h9m49s
Sep 11 20:25:42 nimbus-eth1-mainnet-long-benchmark[2233876]: INF 2026-09-11 20:25:42.991+00:00 Imported blocks                            blockNumber=10534913 slot=1 blocks=10534912 txs=777300771 mgas=47127323 bps=58.94 tps=10918 mgps=708.8 avgBps=192.5 avgTps=14202 avgMGps=861.1 elapsed=15h12m8s
Sep 11 20:28:00 nimbus-eth1-mainnet-long-benchmark[2233876]: INF 2026-09-11 20:28:00.957+00:00 Imported blocks                            blockNumber=10543105 slot=1 blocks=10543104 txs=778827853 mgas=47226202 bps=59.38 tps=11068 mgps=716.7 avgBps=192.2 avgTps=14195 avgMGps=860.8 elapsed=15h14m26s
Sep 11 20:30:20 nimbus-eth1-mainnet-long-benchmark[2233876]: INF 2026-09-11 20:30:20.523+00:00 Imported blocks                            blockNumber=10551297 slot=1 blocks=10551296 txs=780357159 mgas=47324765 bps=58.70 tps=10957 mgps=706.2 avgBps=191.8 avgTps=14186 avgMGps=860.4 elapsed=15h16m45s
Sep 11 20:32:31 nimbus-eth1-mainnet-long-benchmark[2233876]: INF 2026-09-11 20:32:31.801+00:00 Imported blocks                            blockNumber=10559489 slot=1 blocks=10559488 txs=781845193 mgas=47422885 bps=62.40 tps=11335 mgps=747.4 avgBps=191.5 avgTps=14180 avgMGps=860.1 elapsed=15h18m56s
Sep 11 20:34:45 nimbus-eth1-mainnet-long-benchmark[2233876]: INF 2026-09-11 20:34:45.319+00:00 Imported blocks                            blockNumber=10567681 slot=1 blocks=10567680 txs=783391094 mgas=47521291 bps=61.35 tps=11577 mgps=737.0 avgBps=191.2 avgTps=14173 avgMGps=859.8 elapsed=15h21m10s
Sep 11 20:37:01 nimbus-eth1-mainnet-long-benchmark[2233876]: INF 2026-09-11 20:37:01.109+00:00 Imported blocks                            blockNumber=10575873 slot=1 blocks=10575872 txs=784873024 mgas=47619423 bps=60.33 tps=10913 mgps=722.7 avgBps=190.9 avgTps=14165 avgMGps=859.5 elapsed=15h23m26s
Sep 11 20:39:17 nimbus-eth1-mainnet-long-benchmark[2233876]: INF 2026-09-11 20:39:17.618+00:00 Imported blocks                            blockNumber=10584065 slot=1 blocks=10584064 txs=786265226 mgas=47717647 bps=60.01 tps=10198 mgps=719.5 avgBps=190.6 avgTps=14156 avgMGps=859.1 elapsed=15h25m42s
Sep 11 20:41:31 nimbus-eth1-mainnet-long-benchmark[2233876]: INF 2026-09-11 20:41:31.924+00:00 Imported blocks                            blockNumber=10592257 slot=1 blocks=10592256 txs=787798291 mgas=47815710 bps=60.99 tps=11414 mgps=730.1 avgBps=190.2 avgTps=14149 avgMGps=858.8 elapsed=15h27m57s
Sep 11 20:43:47 nimbus-eth1-mainnet-long-benchmark[2233876]: INF 2026-09-11 20:43:47.438+00:00 Imported blocks                            blockNumber=10600449 slot=1 blocks=10600448 txs=789318754 mgas=47913787 bps=60.45 tps=11220 mgps=723.8 avgBps=189.9 avgTps=14142 avgMGps=858.5 elapsed=15h30m12s
Sep 11 20:46:01 nimbus-eth1-mainnet-long-benchmark[2233876]: INF 2026-09-11 20:46:01.156+00:00 Imported blocks                            blockNumber=10608641 slot=1 blocks=10608640 txs=790804386 mgas=48011430 bps=61.26 tps=11110 mgps=730.2 avgBps=189.6 avgTps=14135 avgMGps=858.2 elapsed=15h32m26s
Sep 11 20:48:13 nimbus-eth1-mainnet-long-benchmark[2233876]: INF 2026-09-11 20:48:13.534+00:00 Imported blocks                            blockNumber=10616833 slot=1 blocks=10616832 txs=792341515 mgas=48109524 bps=61.88 tps=11611 mgps=741.0 avgBps=189.3 avgTps=14129 avgMGps=857.9 elapsed=15h34m38s
Sep 11 20:50:22 nimbus-eth1-mainnet-long-benchmark[2233876]: INF 2026-09-11 20:50:22.352+00:00 Imported blocks                            blockNumber=10625025 slot=1 blocks=10625024 txs=793872924 mgas=48207092 bps=63.59 tps=11887 mgps=757.4 avgBps=189.0 avgTps=14123 avgMGps=857.7 elapsed=15h36m47s
Sep 11 20:52:33 nimbus-eth1-mainnet-long-benchmark[2233876]: INF 2026-09-11 20:52:33.482+00:00 Imported blocks                            blockNumber=10633217 slot=1 blocks=10633216 txs=795477953 mgas=48305620 bps=62.47 tps=12240 mgps=751.4 avgBps=188.7 avgTps=14119 avgMGps=857.4 elapsed=15h38m58s
Sep 11 20:54:41 nimbus-eth1-mainnet-long-benchmark[2233876]: INF 2026-09-11 20:54:41.196+00:00 Imported blocks                            blockNumber=10641409 slot=1 blocks=10641408 txs=797059644 mgas=48403729 bps=64.14 tps=12384 mgps=768.2 avgBps=188.5 avgTps=14115 avgMGps=857.2 elapsed=15h41m6s
Sep 11 20:56:44 nimbus-eth1-mainnet-long-benchmark[2233876]: INF 2026-09-11 20:56:44.598+00:00 Imported blocks                            blockNumber=10649601 slot=1 blocks=10649600 txs=798593517 mgas=48502051 bps=66.39 tps=12430 mgps=796.8 avgBps=188.2 avgTps=14111 avgMGps=857.1 elapsed=15h43m9s
Sep 11 20:58:50 nimbus-eth1-mainnet-long-benchmark[2233876]: INF 2026-09-11 20:58:50.060+00:00 Imported blocks                            blockNumber=10657793 slot=1 blocks=10657792 txs=800150333 mgas=48600803 bps=65.29 tps=12408 mgps=787.1 avgBps=187.9 avgTps=14108 avgMGps=856.9 elapsed=15h45m15s
Sep 11 21:01:02 nimbus-eth1-mainnet-long-benchmark[2233876]: INF 2026-09-11 21:01:02.038+00:00 Imported blocks                            blockNumber=10665985 slot=1 blocks=10665984 txs=801605653 mgas=48699222 bps=62.07 tps=11027 mgps=745.7 avgBps=187.6 avgTps=14101 avgMGps=856.7 elapsed=15h47m27s
Sep 11 21:03:12 nimbus-eth1-mainnet-long-benchmark[2233876]: INF 2026-09-11 21:03:12.239+00:00 Imported blocks                            blockNumber=10674177 slot=1 blocks=10674176 txs=803005481 mgas=48798078 bps=62.92 tps=10750 mgps=759.2 avgBps=187.3 avgTps=14093 avgMGps=856.4 elapsed=15h49m37s
Sep 11 21:05:20 nimbus-eth1-mainnet-long-benchmark[2233876]: INF 2026-09-11 21:05:20.905+00:00 Imported blocks                            blockNumber=10682369 slot=1 blocks=10682368 txs=804548663 mgas=48897143 bps=63.67 tps=11994 mgps=770.0 avgBps=187.1 avgTps=14088 avgMGps=856.3 elapsed=15h51m46s
Sep 11 21:07:27 nimbus-eth1-mainnet-long-benchmark[2233876]: INF 2026-09-11 21:07:27.547+00:00 Imported blocks                            blockNumber=10690561 slot=1 blocks=10690560 txs=806090298 mgas=48995978 bps=64.69 tps=12173 mgps=780.4 avgBps=186.8 avgTps=14084 avgMGps=856.1 elapsed=15h53m52s
Sep 11 21:09:37 nimbus-eth1-mainnet-long-benchmark[2233876]: INF 2026-09-11 21:09:37.037+00:00 Imported blocks                            blockNumber=10698753 slot=1 blocks=10698752 txs=807585637 mgas=49095032 bps=63.26 tps=11547 mgps=765.0 avgBps=186.5 avgTps=14078 avgMGps=855.9 elapsed=15h56m2s
Sep 11 21:11:50 nimbus-eth1-mainnet-long-benchmark[2233876]: INF 2026-09-11 21:11:50.359+00:00 Imported blocks                            blockNumber=10706945 slot=1 blocks=10706944 txs=809121090 mgas=49194238 bps=61.44 tps=11516 mgps=744.1 avgBps=186.2 avgTps=14072 avgMGps=855.6 elapsed=15h58m15s
Sep 11 21:14:02 nimbus-eth1-mainnet-long-benchmark[2233876]: INF 2026-09-11 21:14:02.797+00:00 Imported blocks                            blockNumber=10715137 slot=1 blocks=10715136 txs=810532950 mgas=49292671 bps=61.86 tps=10660 mgps=743.3 avgBps=185.9 avgTps=14064 avgMGps=855.4 elapsed=16h27s910ms
Sep 11 21:16:14 nimbus-eth1-mainnet-long-benchmark[2233876]: INF 2026-09-11 21:16:14.971+00:00 Imported blocks                            blockNumber=10723329 slot=1 blocks=10723328 txs=811998890 mgas=49391594 bps=61.98 tps=11090 mgps=748.4 avgBps=185.7 avgTps=14058 avgMGps=855.1 elapsed=16h2m40s
Sep 11 21:18:26 nimbus-eth1-mainnet-long-benchmark[2233876]: INF 2026-09-11 21:18:26.085+00:00 Imported blocks                            blockNumber=10731521 slot=1 blocks=10731520 txs=813443969 mgas=49490651 bps=62.48 tps=11021 mgps=755.5 avgBps=185.4 avgTps=14051 avgMGps=854.9 elapsed=16h4m51s
Sep 11 21:20:38 nimbus-eth1-mainnet-long-benchmark[2233876]: INF 2026-09-11 21:20:38.251+00:00 Imported blocks                            blockNumber=10739713 slot=1 blocks=10739712 txs=814853567 mgas=49589487 bps=61.98 tps=10665 mgps=747.8 avgBps=185.1 avgTps=14043 avgMGps=854.6 elapsed=16h7m3s
Sep 11 21:22:49 nimbus-eth1-mainnet-long-benchmark[2233876]: INF 2026-09-11 21:22:49.409+00:00 Imported blocks                            blockNumber=10747905 slot=1 blocks=10747904 txs=816288256 mgas=49688091 bps=62.46 tps=10938 mgps=751.8 avgBps=184.8 avgTps=14036 avgMGps=854.4 elapsed=16h9m14s
Sep 11 21:24:57 nimbus-eth1-mainnet-long-benchmark[2233876]: INF 2026-09-11 21:24:57.155+00:00 Imported blocks                            blockNumber=10756097 slot=1 blocks=10756096 txs=817720607 mgas=49786485 bps=64.13 tps=11212 mgps=770.2 avgBps=184.6 avgTps=14030 avgMGps=854.2 elapsed=16h11m22s
Sep 11 21:27:02 nimbus-eth1-mainnet-long-benchmark[2233876]: INF 2026-09-11 21:27:02.573+00:00 Imported blocks                            blockNumber=10764289 slot=1 blocks=10764288 txs=819157056 mgas=49885480 bps=65.32 tps=11453 mgps=789.3 avgBps=184.3 avgTps=14024 avgMGps=854.1 elapsed=16h13m27s
Sep 11 21:29:06 nimbus-eth1-mainnet-long-benchmark[2233876]: INF 2026-09-11 21:29:06.491+00:00 Imported blocks                            blockNumber=10772481 slot=1 blocks=10772480 txs=820651080 mgas=49984345 bps=66.11 tps=12056 mgps=797.8 avgBps=184.0 avgTps=14020 avgMGps=854.0 elapsed=16h15m31s
Sep 11 21:31:09 nimbus-eth1-mainnet-long-benchmark[2233876]: INF 2026-09-11 21:31:09.805+00:00 Imported blocks                            blockNumber=10780673 slot=1 blocks=10780672 txs=822215293 mgas=50083289 bps=66.43 tps=12684 mgps=802.4 avgBps=183.8 avgTps=14017 avgMGps=853.9 elapsed=16h17m34s
Sep 11 21:33:11 nimbus-eth1-mainnet-long-benchmark[2233876]: INF 2026-09-11 21:33:11.659+00:00 Imported blocks                            blockNumber=10788865 slot=1 blocks=10788864 txs=823702810 mgas=50182359 bps=67.23 tps=12207 mgps=813.0 avgBps=183.6 avgTps=14014 avgMGps=853.8 elapsed=16h19m36s
Sep 11 21:35:22 nimbus-eth1-mainnet-long-benchmark[2233876]: INF 2026-09-11 21:35:22.053+00:00 Imported blocks                            blockNumber=10797057 slot=1 blocks=10797056 txs=825134208 mgas=50280990 bps=62.83 tps=10977 mgps=756.4 avgBps=183.3 avgTps=14007 avgMGps=853.6 elapsed=16h21m47s
Sep 11 21:37:33 nimbus-eth1-mainnet-long-benchmark[2233876]: INF 2026-09-11 21:37:33.715+00:00 Imported blocks                            blockNumber=10805249 slot=1 blocks=10805248 txs=826414005 mgas=50378852 bps=62.22 tps=9720 mgps=743.3 avgBps=183.0 avgTps=13997 avgMGps=853.3 elapsed=16h23m58s
Sep 11 21:39:47 nimbus-eth1-mainnet-long-benchmark[2233876]: INF 2026-09-11 21:39:47.320+00:00 Imported blocks                            blockNumber=10813441 slot=1 blocks=10813440 txs=827728080 mgas=50478221 bps=61.31 tps=9835 mgps=743.7 avgBps=182.7 avgTps=13988 avgMGps=853.1 elapsed=16h26m12s
Sep 11 21:41:55 nimbus-eth1-mainnet-long-benchmark[2233876]: INF 2026-09-11 21:41:55.634+00:00 Imported blocks                            blockNumber=10821633 slot=1 blocks=10821632 txs=829054380 mgas=50577072 bps=63.84 tps=10336 mgps=770.4 avgBps=182.5 avgTps=13980 avgMGps=852.9 elapsed=16h28m20s
Sep 11 21:44:03 nimbus-eth1-mainnet-long-benchmark[2233876]: INF 2026-09-11 21:44:03.364+00:00 Imported blocks                            blockNumber=10829825 slot=1 blocks=10829824 txs=830352008 mgas=50676241 bps=64.14 tps=10159 mgps=776.4 avgBps=182.2 avgTps=13972 avgMGps=852.7 elapsed=16h30m28s
Sep 11 21:46:09 nimbus-eth1-mainnet-long-benchmark[2233876]: INF 2026-09-11 21:46:09.362+00:00 Imported blocks                            blockNumber=10838017 slot=1 blocks=10838016 txs=831728887 mgas=50775181 bps=65.02 tps=10928 mgps=785.3 avgBps=182.0 avgTps=13965 avgMGps=852.6 elapsed=16h32m34s
Sep 11 21:48:18 nimbus-eth1-mainnet-long-benchmark[2233876]: INF 2026-09-11 21:48:18.112+00:00 Imported blocks                            blockNumber=10846209 slot=1 blocks=10846208 txs=833075106 mgas=50874585 bps=63.63 tps=10455 mgps=772.1 avgBps=181.7 avgTps=13958 avgMGps=852.4 elapsed=16h34m43s
Sep 11 21:50:25 nimbus-eth1-mainnet-long-benchmark[2233876]: INF 2026-09-11 21:50:25.714+00:00 Imported blocks                            blockNumber=10854401 slot=1 blocks=10854400 txs=834398358 mgas=50973836 bps=64.20 tps=10370 mgps=777.8 avgBps=181.5 avgTps=13950 avgMGps=852.3 elapsed=16h36m50s
Sep 11 21:52:34 nimbus-eth1-mainnet-long-benchmark[2233876]: INF 2026-09-11 21:52:34.840+00:00 Imported blocks                            blockNumber=10862593 slot=1 blocks=10862592 txs=835733334 mgas=51073331 bps=63.44 tps=10338 mgps=770.5 avgBps=181.2 avgTps=13942 avgMGps=852.1 elapsed=16h38m59s
Sep 11 21:54:44 nimbus-eth1-mainnet-long-benchmark[2233876]: INF 2026-09-11 21:54:44.650+00:00 Imported blocks                            blockNumber=10870785 slot=1 blocks=10870784 txs=837074699 mgas=51172891 bps=63.11 tps=10333 mgps=767.0 avgBps=181.0 avgTps=13935 avgMGps=851.9 elapsed=16h41m9s
Sep 11 21:56:50 nimbus-eth1-mainnet-long-benchmark[2233876]: INF 2026-09-11 21:56:50.060+00:00 Imported blocks                            blockNumber=10878977 slot=1 blocks=10878976 txs=838544835 mgas=51272153 bps=65.32 tps=11722 mgps=791.5 avgBps=180.7 avgTps=13930 avgMGps=851.8 elapsed=16h43m15s
Sep 11 21:58:57 nimbus-eth1-mainnet-long-benchmark[2233876]: INF 2026-09-11 21:58:57.226+00:00 Imported blocks                            blockNumber=10887169 slot=1 blocks=10887168 txs=840230623 mgas=51371703 bps=64.42 tps=13256 mgps=782.8 avgBps=180.5 avgTps=13929 avgMGps=851.6 elapsed=16h45m22s
Sep 11 22:01:09 nimbus-eth1-mainnet-long-benchmark[2233876]: INF 2026-09-11 22:01:09.968+00:00 Imported blocks                            blockNumber=10895361 slot=1 blocks=10895360 txs=841625636 mgas=51471056 bps=61.71 tps=10509 mgps=748.5 avgBps=180.2 avgTps=13921 avgMGps=851.4 elapsed=16h47m35s
Sep 11 22:03:19 nimbus-eth1-mainnet-long-benchmark[2233876]: INF 2026-09-11 22:03:19.770+00:00 Imported blocks                            blockNumber=10903553 slot=1 blocks=10903552 txs=842978836 mgas=51570186 bps=63.11 tps=10425 mgps=763.7 avgBps=180.0 avgTps=13914 avgMGps=851.2 elapsed=16h49m44s
Sep 11 22:05:30 nimbus-eth1-mainnet-long-benchmark[2233876]: INF 2026-09-11 22:05:30.792+00:00 Imported blocks                            blockNumber=10911745 slot=1 blocks=10911744 txs=844414970 mgas=51669201 bps=62.52 tps=10960 mgps=755.7 avgBps=179.7 avgTps=13907 avgMGps=851.0 elapsed=16h51m55s
Sep 11 22:07:39 nimbus-eth1-mainnet-long-benchmark[2233876]: INF 2026-09-11 22:07:39.138+00:00 Imported blocks                            blockNumber=10919937 slot=1 blocks=10919936 txs=845787076 mgas=51768410 bps=63.83 tps=10690 mgps=773.0 avgBps=179.5 avgTps=13900 avgMGps=850.8 elapsed=16h54m4s
Sep 11 22:09:50 nimbus-eth1-mainnet-long-benchmark[2233876]: INF 2026-09-11 22:09:50.352+00:00 Imported blocks                            blockNumber=10928129 slot=1 blocks=10928128 txs=847125225 mgas=51867610 bps=62.43 tps=10198 mgps=756.0 avgBps=179.2 avgTps=13892 avgMGps=850.6 elapsed=16h56m15s
Sep 11 22:12:01 nimbus-eth1-mainnet-long-benchmark[2233876]: INF 2026-09-11 22:12:01.893+00:00 Imported blocks                            blockNumber=10936321 slot=1 blocks=10936320 txs=848428975 mgas=51966820 bps=62.28 tps=9911 mgps=754.2 avgBps=179.0 avgTps=13884 avgMGps=850.4 elapsed=16h58m27s
Sep 11 22:14:12 nimbus-eth1-mainnet-long-benchmark[2233876]: INF 2026-09-11 22:14:12.643+00:00 Imported blocks                            blockNumber=10944513 slot=1 blocks=10944512 txs=849712183 mgas=52066431 bps=62.65 tps=9814 mgps=761.8 avgBps=178.7 avgTps=13875 avgMGps=850.2 elapsed=17h37s758ms
Sep 11 22:16:18 nimbus-eth1-mainnet-long-benchmark[2233876]: INF 2026-09-11 22:16:18.177+00:00 Imported blocks                            blockNumber=10952705 slot=1 blocks=10952704 txs=851031984 mgas=52165963 bps=65.26 tps=10513 mgps=792.9 avgBps=178.5 avgTps=13868 avgMGps=850.1 elapsed=17h2m43s
Sep 11 22:18:27 nimbus-eth1-mainnet-long-benchmark[2233876]: INF 2026-09-11 22:18:27.171+00:00 Imported blocks                            blockNumber=10960897 slot=1 blocks=10960896 txs=852384620 mgas=52265273 bps=63.51 tps=10485 mgps=769.9 avgBps=178.2 avgTps=13861 avgMGps=849.9 elapsed=17h4m52s
Sep 11 22:20:37 nimbus-eth1-mainnet-long-benchmark[2233876]: INF 2026-09-11 22:20:37.601+00:00 Imported blocks                            blockNumber=10969089 slot=1 blocks=10969088 txs=853759722 mgas=52364739 bps=62.81 tps=10543 mgps=762.6 avgBps=178.0 avgTps=13854 avgMGps=849.8 elapsed=17h7m2s
Sep 11 22:22:52 nimbus-eth1-mainnet-long-benchmark[2233876]: INF 2026-09-11 22:22:52.147+00:00 Imported blocks                            blockNumber=10977281 slot=1 blocks=10977280 txs=855078452 mgas=52464367 bps=60.89 tps=9801 mgps=740.5 avgBps=177.7 avgTps=13845 avgMGps=849.5 elapsed=17h9m17s
Sep 11 22:25:02 nimbus-eth1-mainnet-long-benchmark[2233876]: INF 2026-09-11 22:25:02.361+00:00 Imported blocks                            blockNumber=10985473 slot=1 blocks=10985472 txs=856305718 mgas=52564037 bps=62.91 tps=9425 mgps=765.4 avgBps=177.5 avgTps=13836 avgMGps=849.3 elapsed=17h11m27s
Sep 11 22:27:11 nimbus-eth1-mainnet-long-benchmark[2233876]: INF 2026-09-11 22:27:11.715+00:00 Imported blocks                            blockNumber=10993665 slot=1 blocks=10993664 txs=857557352 mgas=52663802 bps=63.33 tps=9675 mgps=771.2 avgBps=177.3 avgTps=13827 avgMGps=849.2 elapsed=17h13m36s
Sep 11 22:29:23 nimbus-eth1-mainnet-long-benchmark[2233876]: INF 2026-09-11 22:29:23.117+00:00 Imported blocks                            blockNumber=11001857 slot=1 blocks=11001856 txs=858913944 mgas=52763421 bps=62.34 tps=10324 mgps=758.1 avgBps=177.0 avgTps=13820 avgMGps=849.0 elapsed=17h15m48s
Sep 11 22:31:36 nimbus-eth1-mainnet-long-benchmark[2233876]: INF 2026-09-11 22:31:36.019+00:00 Imported blocks                            blockNumber=11010049 slot=1 blocks=11010048 txs=860292461 mgas=52862906 bps=61.64 tps=10372 mgps=748.6 avgBps=176.8 avgTps=13813 avgMGps=848.8 elapsed=17h18m1s
Sep 11 22:33:45 nimbus-eth1-mainnet-long-benchmark[2233876]: INF 2026-09-11 22:33:45.197+00:00 Imported blocks                            blockNumber=11018241 slot=1 blocks=11018240 txs=861568203 mgas=52961281 bps=63.41 tps=9875 mgps=761.5 avgBps=176.5 avgTps=13804 avgMGps=848.6 elapsed=17h20m10s
Sep 11 22:35:56 nimbus-eth1-mainnet-long-benchmark[2233876]: INF 2026-09-11 22:35:56.267+00:00 Imported blocks                            blockNumber=11026433 slot=1 blocks=11026432 txs=862922693 mgas=53060579 bps=62.50 tps=10334 mgps=757.6 avgBps=176.3 avgTps=13797 avgMGps=848.4 elapsed=17h22m21s
Sep 11 22:38:04 nimbus-eth1-mainnet-long-benchmark[2233876]: INF 2026-09-11 22:38:04.384+00:00 Imported blocks                            blockNumber=11034625 slot=1 blocks=11034624 txs=864232805 mgas=53157766 bps=63.94 tps=10225 mgps=758.5 avgBps=176.1 avgTps=13790 avgMGps=848.2 elapsed=17h24m29s
Sep 11 22:40:15 nimbus-eth1-mainnet-long-benchmark[2233876]: INF 2026-09-11 22:40:15.634+00:00 Imported blocks                            blockNumber=11042817 slot=1 blocks=11042816 txs=865566908 mgas=53257011 bps=62.42 tps=10164 mgps=756.2 avgBps=175.8 avgTps=13782 avgMGps=848.0 elapsed=17h26m40s
Sep 11 22:42:27 nimbus-eth1-mainnet-long-benchmark[2233876]: INF 2026-09-11 22:42:27.372+00:00 Imported blocks                            blockNumber=11051009 slot=1 blocks=11051008 txs=866930637 mgas=53356769 bps=62.18 tps=10351 mgps=757.2 avgBps=175.6 avgTps=13775 avgMGps=847.8 elapsed=17h28m52s
Sep 11 22:44:40 nimbus-eth1-mainnet-long-benchmark[2233876]: INF 2026-09-11 22:44:40.330+00:00 Imported blocks                            blockNumber=11059201 slot=1 blocks=11059200 txs=868363931 mgas=53456581 bps=61.61 tps=10780 mgps=750.7 avgBps=175.4 avgTps=13769 avgMGps=847.6 elapsed=17h31m5s
Sep 11 22:46:59 nimbus-eth1-mainnet-long-benchmark[2233876]: INF 2026-09-11 22:46:59.488+00:00 Imported blocks                            blockNumber=11067393 slot=1 blocks=11067392 txs=869917977 mgas=53556446 bps=58.87 tps=11167 mgps=717.6 avgBps=175.1 avgTps=13763 avgMGps=847.4 elapsed=17h33m24s
Sep 11 22:49:17 nimbus-eth1-mainnet-long-benchmark[2233876]: INF 2026-09-11 22:49:17.906+00:00 Imported blocks                            blockNumber=11075585 slot=1 blocks=11075584 txs=871266553 mgas=53655938 bps=59.18 tps=9742 mgps=718.8 avgBps=174.9 avgTps=13754 avgMGps=847.1 elapsed=17h35m43s
Sep 11 22:51:33 nimbus-eth1-mainnet-long-benchmark[2233876]: INF 2026-09-11 22:51:33.355+00:00 Imported blocks                            blockNumber=11083777 slot=1 blocks=11083776 txs=872514587 mgas=53755568 bps=60.48 tps=9213 mgps=735.5 avgBps=174.6 avgTps=13745 avgMGps=846.8 elapsed=17h37m58s
Sep 11 22:53:51 nimbus-eth1-mainnet-long-benchmark[2233876]: INF 2026-09-11 22:53:51.465+00:00 Imported blocks                            blockNumber=11091969 slot=1 blocks=11091968 txs=873916102 mgas=53855242 bps=59.32 tps=10148 mgps=721.7 avgBps=174.4 avgTps=13737 avgMGps=846.6 elapsed=17h40m16s
Sep 11 22:56:08 nimbus-eth1-mainnet-long-benchmark[2233876]: INF 2026-09-11 22:56:08.707+00:00 Imported blocks                            blockNumber=11100161 slot=1 blocks=11100160 txs=875363864 mgas=53954983 bps=59.69 tps=10548 mgps=726.7 avgBps=174.1 avgTps=13730 avgMGps=846.3 elapsed=17h42m33s
Sep 11 22:58:28 nimbus-eth1-mainnet-long-benchmark[2233876]: INF 2026-09-11 22:58:28.341+00:00 Imported blocks                            blockNumber=11108353 slot=1 blocks=11108352 txs=876849008 mgas=54054812 bps=58.67 tps=10636 mgps=714.9 avgBps=173.9 avgTps=13723 avgMGps=846.0 elapsed=17h44m53s
Sep 11 23:00:43 nimbus-eth1-mainnet-long-benchmark[2233876]: INF 2026-09-11 23:00:43.667+00:00 Imported blocks                            blockNumber=11116545 slot=1 blocks=11116544 txs=878247825 mgas=54154483 bps=60.54 tps=10336 mgps=736.5 avgBps=173.6 avgTps=13716 avgMGps=845.8 elapsed=17h47m8s
Sep 11 23:02:57 nimbus-eth1-mainnet-long-benchmark[2233876]: INF 2026-09-11 23:02:57.740+00:00 Imported blocks                            blockNumber=11124737 slot=1 blocks=11124736 txs=879517986 mgas=54254233 bps=61.10 tps=9473 mgps=744.0 avgBps=173.4 avgTps=13707 avgMGps=845.6 elapsed=17h49m22s
Sep 11 23:05:12 nimbus-eth1-mainnet-long-benchmark[2233876]: INF 2026-09-11 23:05:12.686+00:00 Imported blocks                            blockNumber=11132929 slot=1 blocks=11132928 txs=880838951 mgas=54354407 bps=60.71 tps=9788 mgps=742.3 avgBps=173.1 avgTps=13699 avgMGps=845.4 elapsed=17h51m37s
Sep 11 23:07:29 nimbus-eth1-mainnet-long-benchmark[2233876]: INF 2026-09-11 23:07:29.460+00:00 Imported blocks                            blockNumber=11141121 slot=1 blocks=11141120 txs=882164625 mgas=54454305 bps=59.89 tps=9692 mgps=730.4 avgBps=172.9 avgTps=13690 avgMGps=845.1 elapsed=17h53m54s
Sep 11 23:09:44 nimbus-eth1-mainnet-long-benchmark[2233876]: INF 2026-09-11 23:09:44.838+00:00 Imported blocks                            blockNumber=11149313 slot=1 blocks=11149312 txs=883567563 mgas=54554157 bps=60.51 tps=10363 mgps=737.6 avgBps=172.7 avgTps=13683 avgMGps=844.9 elapsed=17h56m9s
Sep 11 23:11:58 nimbus-eth1-mainnet-long-benchmark[2233876]: INF 2026-09-11 23:11:58.196+00:00 Imported blocks                            blockNumber=11157505 slot=1 blocks=11157504 txs=884995075 mgas=54654006 bps=61.43 tps=10704 mgps=748.7 avgBps=172.4 avgTps=13677 avgMGps=844.7 elapsed=17h58m23s
Sep 11 23:14:13 nimbus-eth1-mainnet-long-benchmark[2233876]: INF 2026-09-11 23:14:13.909+00:00 Imported blocks                            blockNumber=11165697 slot=1 blocks=11165696 txs=886394091 mgas=54753831 bps=60.36 tps=10308 mgps=735.5 avgBps=172.2 avgTps=13670 avgMGps=844.5 elapsed=18h39s24ms
Sep 11 23:16:30 nimbus-eth1-mainnet-long-benchmark[2233876]: INF 2026-09-11 23:16:30.551+00:00 Imported blocks                            blockNumber=11173889 slot=1 blocks=11173888 txs=887688111 mgas=54853481 bps=59.95 tps=9470 mgps=729.3 avgBps=172.0 avgTps=13661 avgMGps=844.2 elapsed=18h2m55s
Sep 11 23:18:49 nimbus-eth1-mainnet-long-benchmark[2233876]: INF 2026-09-11 23:18:49.129+00:00 Imported blocks                            blockNumber=11182081 slot=1 blocks=11182080 txs=889126731 mgas=54953413 bps=59.12 tps=10381 mgps=721.1 avgBps=171.7 avgTps=13654 avgMGps=844.0 elapsed=18h5m14s
Sep 11 23:21:05 nimbus-eth1-mainnet-long-benchmark[2233876]: INF 2026-09-11 23:21:05.267+00:00 Imported blocks                            blockNumber=11190273 slot=1 blocks=11190272 txs=890565645 mgas=55053419 bps=60.17 tps=10569 mgps=734.6 avgBps=171.5 avgTps=13648 avgMGps=843.7 elapsed=18h7m30s
Sep 11 23:23:23 nimbus-eth1-mainnet-long-benchmark[2233876]: INF 2026-09-11 23:23:23.285+00:00 Imported blocks                            blockNumber=11198465 slot=1 blocks=11198464 txs=892009587 mgas=55153159 bps=59.36 tps=10462 mgps=722.7 avgBps=171.3 avgTps=13641 avgMGps=843.5 elapsed=18h9m48s
Sep 11 23:25:43 nimbus-eth1-mainnet-long-benchmark[2233876]: INF 2026-09-11 23:25:43.830+00:00 Imported blocks                            blockNumber=11206657 slot=1 blocks=11206656 txs=893422220 mgas=55252888 bps=58.29 tps=10051 mgps=709.6 avgBps=171.0 avgTps=13634 avgMGps=843.2 elapsed=18h12m8s
Sep 11 23:28:04 nimbus-eth1-mainnet-long-benchmark[2233876]: INF 2026-09-11 23:28:04.296+00:00 Imported blocks                            blockNumber=11214849 slot=1 blocks=11214848 txs=894802790 mgas=55352581 bps=58.32 tps=9828 mgps=709.7 avgBps=170.8 avgTps=13625 avgMGps=842.9 elapsed=18h14m29s
Sep 11 23:30:23 nimbus-eth1-mainnet-long-benchmark[2233876]: INF 2026-09-11 23:30:23.150+00:00 Imported blocks                            blockNumber=11223041 slot=1 blocks=11223040 txs=896185935 mgas=55452485 bps=59.00 tps=9961 mgps=719.5 avgBps=170.5 avgTps=13618 avgMGps=842.6 elapsed=18h16m48s
Sep 11 23:32:42 nimbus-eth1-mainnet-long-benchmark[2233876]: INF 2026-09-11 23:32:42.444+00:00 Imported blocks                            blockNumber=11231233 slot=1 blocks=11231232 txs=897664293 mgas=55552590 bps=58.81 tps=10612 mgps=718.6 avgBps=170.3 avgTps=13611 avgMGps=842.4 elapsed=18h19m7s
Sep 11 23:35:01 nimbus-eth1-mainnet-long-benchmark[2233876]: INF 2026-09-11 23:35:01.109+00:00 Imported blocks                            blockNumber=11239425 slot=1 blocks=11239424 txs=899012217 mgas=55652478 bps=59.08 tps=9720 mgps=720.4 avgBps=170.1 avgTps=13603 avgMGps=842.1 elapsed=18h21m26s
Sep 11 23:37:17 nimbus-eth1-mainnet-long-benchmark[2233876]: INF 2026-09-11 23:37:17.535+00:00 Imported blocks                            blockNumber=11247617 slot=1 blocks=11247616 txs=900393491 mgas=55752700 bps=60.05 tps=10124 mgps=734.6 avgBps=169.8 avgTps=13596 avgMGps=841.9 elapsed=18h23m42s
Sep 11 23:39:34 nimbus-eth1-mainnet-long-benchmark[2233876]: INF 2026-09-11 23:39:34.337+00:00 Imported blocks                            blockNumber=11255809 slot=1 blocks=11255808 txs=901837930 mgas=55852486 bps=59.88 tps=10558 mgps=729.4 avgBps=169.6 avgTps=13590 avgMGps=841.7 elapsed=18h25m59s
Sep 11 23:41:52 nimbus-eth1-mainnet-long-benchmark[2233876]: INF 2026-09-11 23:41:52.895+00:00 Imported blocks                            blockNumber=11264001 slot=1 blocks=11264000 txs=903154009 mgas=55952377 bps=59.12 tps=9498 mgps=720.9 avgBps=169.4 avgTps=13581 avgMGps=841.4 elapsed=18h28m18s
Sep 11 23:44:12 nimbus-eth1-mainnet-long-benchmark[2233876]: INF 2026-09-11 23:44:12.977+00:00 Imported blocks                            blockNumber=11272193 slot=1 blocks=11272192 txs=904501719 mgas=56052324 bps=58.48 tps=9620 mgps=713.5 avgBps=169.2 avgTps=13573 avgMGps=841.1 elapsed=18h30m38s
Sep 11 23:46:34 nimbus-eth1-mainnet-long-benchmark[2233876]: INF 2026-09-11 23:46:34.762+00:00 Imported blocks                            blockNumber=11280385 slot=1 blocks=11280384 txs=905986224 mgas=56152175 bps=57.78 tps=10470 mgps=704.2 avgBps=168.9 avgTps=13566 avgMGps=840.9 elapsed=18h32m59s
Sep 11 23:48:59 nimbus-eth1-mainnet-long-benchmark[2233876]: INF 2026-09-11 23:48:59.396+00:00 Imported blocks                            blockNumber=11288577 slot=1 blocks=11288576 txs=907382968 mgas=56252174 bps=56.64 tps=9657 mgps=691.4 avgBps=168.7 avgTps=13558 avgMGps=840.5 elapsed=18h35m24s
Sep 11 23:51:22 nimbus-eth1-mainnet-long-benchmark[2233876]: INF 2026-09-11 23:51:22.638+00:00 Imported blocks                            blockNumber=11296769 slot=1 blocks=11296768 txs=908853868 mgas=56351959 bps=57.19 tps=10268 mgps=696.6 avgBps=168.4 avgTps=13551 avgMGps=840.2 elapsed=18h37m47s
Sep 11 23:53:48 nimbus-eth1-mainnet-long-benchmark[2233876]: INF 2026-09-11 23:53:48.791+00:00 Imported blocks                            blockNumber=11304961 slot=1 blocks=11304960 txs=910283917 mgas=56451646 bps=56.05 tps=9784 mgps=682.1 avgBps=168.2 avgTps=13543 avgMGps=839.9 elapsed=18h40m13s
Sep 11 23:56:15 nimbus-eth1-mainnet-long-benchmark[2233876]: INF 2026-09-11 23:56:15.677+00:00 Imported blocks                            blockNumber=11313153 slot=1 blocks=11313152 txs=911737756 mgas=56551313 bps=55.77 tps=9897 mgps=678.5 avgBps=167.9 avgTps=13535 avgMGps=839.5 elapsed=18h42m40s
Sep 11 23:58:41 nimbus-eth1-mainnet-long-benchmark[2233876]: INF 2026-09-11 23:58:41.058+00:00 Imported blocks                            blockNumber=11321345 slot=1 blocks=11321344 txs=913333512 mgas=56651047 bps=56.35 tps=10976 mgps=686.0 avgBps=167.7 avgTps=13529 avgMGps=839.2 elapsed=18h45m6s
Sep 12 00:01:05 nimbus-eth1-mainnet-long-benchmark[2233876]: INF 2026-09-12 00:01:05.808+00:00 Imported blocks                            blockNumber=11329537 slot=1 blocks=11329536 txs=914861548 mgas=56750835 bps=56.59 tps=10556 mgps=689.4 avgBps=167.5 avgTps=13523 avgMGps=838.9 elapsed=18h47m30s
Sep 12 00:03:30 nimbus-eth1-mainnet-long-benchmark[2233876]: INF 2026-09-12 00:03:30.230+00:00 Imported blocks                            blockNumber=11337729 slot=1 blocks=11337728 txs=916306605 mgas=56850378 bps=56.72 tps=10005 mgps=689.3 avgBps=167.2 avgTps=13515 avgMGps=838.6 elapsed=18h49m55s
Sep 12 00:05:49 nimbus-eth1-mainnet-long-benchmark[2233876]: INF 2026-09-12 00:05:49.472+00:00 Imported blocks                            blockNumber=11345921 slot=1 blocks=11345920 txs=917665904 mgas=56950452 bps=58.83 tps=9761 mgps=718.7 avgBps=167.0 avgTps=13508 avgMGps=838.3 elapsed=18h52m14s
Sep 12 00:08:07 nimbus-eth1-mainnet-long-benchmark[2233876]: INF 2026-09-12 00:08:07.625+00:00 Imported blocks                            blockNumber=11354113 slot=1 blocks=11354112 txs=918880331 mgas=57050238 bps=59.30 tps=8790 mgps=722.3 avgBps=166.8 avgTps=13498 avgMGps=838.1 elapsed=18h54m32s
Sep 12 00:10:31 nimbus-eth1-mainnet-long-benchmark[2233876]: INF 2026-09-12 00:10:31.787+00:00 Imported blocks                            blockNumber=11362305 slot=1 blocks=11362304 txs=920328870 mgas=57150115 bps=56.83 tps=10048 mgps=692.8 avgBps=166.6 avgTps=13491 avgMGps=837.8 elapsed=18h56m56s
Sep 12 00:12:56 nimbus-eth1-mainnet-long-benchmark[2233876]: INF 2026-09-12 00:12:56.301+00:00 Imported blocks                            blockNumber=11370497 slot=1 blocks=11370496 txs=921772312 mgas=57250021 bps=56.69 tps=9988 mgps=691.3 avgBps=166.3 avgTps=13483 avgMGps=837.5 elapsed=18h59m21s
Sep 12 00:15:15 nimbus-eth1-mainnet-long-benchmark[2233876]: INF 2026-09-12 00:15:15.446+00:00 Imported blocks                            blockNumber=11378689 slot=1 blocks=11378688 txs=923145258 mgas=57349515 bps=58.87 tps=9866 mgps=715.0 avgBps=166.1 avgTps=13476 avgMGps=837.2 elapsed=19h1m40s
Sep 12 00:17:39 nimbus-eth1-mainnet-long-benchmark[2233876]: INF 2026-09-12 00:17:39.704+00:00 Imported blocks                            blockNumber=11386881 slot=1 blocks=11386880 txs=924605974 mgas=57449435 bps=56.79 tps=10125 mgps=692.6 avgBps=165.9 avgTps=13469 avgMGps=836.9 elapsed=19h4m4s
Sep 12 00:20:02 nimbus-eth1-mainnet-long-benchmark[2233876]: INF 2026-09-12 00:20:02.578+00:00 Imported blocks                            blockNumber=11395073 slot=1 blocks=11395072 txs=925930845 mgas=57549237 bps=57.34 tps=9273 mgps=698.5 avgBps=165.7 avgTps=13460 avgMGps=836.6 elapsed=19h6m27s
Sep 12 00:22:22 nimbus-eth1-mainnet-long-benchmark[2233876]: INF 2026-09-12 00:22:22.919+00:00 Imported blocks                            blockNumber=11403265 slot=1 blocks=11403264 txs=927225489 mgas=57648989 bps=58.37 tps=9224 mgps=710.8 avgBps=165.4 avgTps=13452 avgMGps=836.4 elapsed=19h8m48s
Sep 12 00:24:43 nimbus-eth1-mainnet-long-benchmark[2233876]: INF 2026-09-12 00:24:43.793+00:00 Imported blocks                            blockNumber=11411457 slot=1 blocks=11411456 txs=928652652 mgas=57748925 bps=58.15 tps=10130 mgps=709.4 avgBps=165.2 avgTps=13445 avgMGps=836.1 elapsed=19h11m8s
Sep 12 00:27:04 nimbus-eth1-mainnet-long-benchmark[2233876]: INF 2026-09-12 00:27:04.835+00:00 Imported blocks                            blockNumber=11419649 slot=1 blocks=11419648 txs=930123591 mgas=57848826 bps=58.08 tps=10429 mgps=708.3 avgBps=165.0 avgTps=13439 avgMGps=835.8 elapsed=19h13m29s
Sep 12 00:29:24 nimbus-eth1-mainnet-long-benchmark[2233876]: INF 2026-09-12 00:29:24.625+00:00 Imported blocks                            blockNumber=11427841 slot=1 blocks=11427840 txs=931498085 mgas=57948784 bps=58.60 tps=9832 mgps=715.1 avgBps=164.8 avgTps=13431 avgMGps=835.6 elapsed=19h15m49s
Sep 12 00:31:43 nimbus-eth1-mainnet-long-benchmark[2233876]: INF 2026-09-12 00:31:43.078+00:00 Imported blocks                            blockNumber=11436033 slot=1 blocks=11436032 txs=932910947 mgas=58049014 bps=59.17 tps=10204 mgps=723.9 avgBps=164.6 avgTps=13425 avgMGps=835.4 elapsed=19h18m8s
Sep 12 00:34:00 nimbus-eth1-mainnet-long-benchmark[2233876]: INF 2026-09-12 00:34:00.884+00:00 Imported blocks                            blockNumber=11444225 slot=1 blocks=11444224 txs=934285196 mgas=58149068 bps=59.45 tps=9972 mgps=726.0 avgBps=164.4 avgTps=13418 avgMGps=835.2 elapsed=19h20m25s
Sep 12 00:36:21 nimbus-eth1-mainnet-long-benchmark[2233876]: INF 2026-09-12 00:36:21.358+00:00 Imported blocks                            blockNumber=11452417 slot=1 blocks=11452416 txs=935856415 mgas=58248908 bps=58.32 tps=11185 mgps=710.7 avgBps=164.2 avgTps=13414 avgMGps=834.9 elapsed=19h22m46s
Sep 12 00:38:41 nimbus-eth1-mainnet-long-benchmark[2233876]: INF 2026-09-12 00:38:41.144+00:00 Imported blocks                            blockNumber=11460609 slot=1 blocks=11460608 txs=937352294 mgas=58348919 bps=58.60 tps=10701 mgps=715.4 avgBps=163.9 avgTps=13408 avgMGps=834.7 elapsed=19h25m6s
Sep 12 00:41:04 nimbus-eth1-mainnet-long-benchmark[2233876]: INF 2026-09-12 00:41:04.805+00:00 Imported blocks                            blockNumber=11468801 slot=1 blocks=11468800 txs=938956713 mgas=58449035 bps=57.02 tps=11168 mgps=696.9 avgBps=163.7 avgTps=13404 avgMGps=834.4 elapsed=19h27m29s
Sep 12 00:43:26 nimbus-eth1-mainnet-long-benchmark[2233876]: INF 2026-09-12 00:43:26.575+00:00 Imported blocks                            blockNumber=11476993 slot=1 blocks=11476992 txs=940589831 mgas=58548856 bps=57.78 tps=11519 mgps=704.1 avgBps=163.5 avgTps=13400 avgMGps=834.1 elapsed=19h29m51s
Sep 12 00:45:55 nimbus-eth1-mainnet-long-benchmark[2233876]: INF 2026-09-12 00:45:55.689+00:00 Imported blocks                            blockNumber=11485185 slot=1 blocks=11485184 txs=942094293 mgas=58648792 bps=54.94 tps=10089 mgps=670.2 avgBps=163.3 avgTps=13393 avgMGps=833.8 elapsed=19h32m20s
Sep 12 00:48:20 nimbus-eth1-mainnet-long-benchmark[2233876]: INF 2026-09-12 00:48:20.622+00:00 Imported blocks                            blockNumber=11493377 slot=1 blocks=11493376 txs=943411990 mgas=58749292 bps=56.52 tps=9091 mgps=693.4 avgBps=163.1 avgTps=13384 avgMGps=833.5 elapsed=19h34m45s
Sep 12 00:50:41 nimbus-eth1-mainnet-long-benchmark[2233876]: INF 2026-09-12 00:50:41.352+00:00 Imported blocks                            blockNumber=11501569 slot=1 blocks=11501568 txs=944868014 mgas=58849466 bps=58.21 tps=10345 mgps=711.8 avgBps=162.9 avgTps=13378 avgMGps=833.2 elapsed=19h37m6s
Sep 12 00:53:00 nimbus-eth1-mainnet-long-benchmark[2233876]: INF 2026-09-12 00:53:00.482+00:00 Imported blocks                            blockNumber=11509761 slot=1 blocks=11509760 txs=946381337 mgas=58949472 bps=58.88 tps=10877 mgps=718.8 avgBps=162.6 avgTps=13373 avgMGps=833.0 elapsed=19h39m25s
Sep 12 00:55:21 nimbus-eth1-mainnet-long-benchmark[2233876]: INF 2026-09-12 00:55:21.924+00:00 Imported blocks                            blockNumber=11517953 slot=1 blocks=11517952 txs=947900944 mgas=59049424 bps=57.92 tps=10743 mgps=706.6 avgBps=162.4 avgTps=13368 avgMGps=832.8 elapsed=19h41m47s
Sep 12 00:57:41 nimbus-eth1-mainnet-long-benchmark[2233876]: INF 2026-09-12 00:57:41.501+00:00 Imported blocks                            blockNumber=11526145 slot=1 blocks=11526144 txs=949284350 mgas=59149231 bps=58.69 tps=9911 mgps=715.1 avgBps=162.2 avgTps=13361 avgMGps=832.5 elapsed=19h44m6s
Sep 12 01:00:07 nimbus-eth1-mainnet-long-benchmark[2233876]: INF 2026-09-12 01:00:07.679+00:00 Imported blocks                            blockNumber=11534337 slot=1 blocks=11534336 txs=950707003 mgas=59249292 bps=56.04 tps=9732 mgps=684.5 avgBps=162.0 avgTps=13353 avgMGps=832.2 elapsed=19h46m32s
Sep 12 01:02:32 nimbus-eth1-mainnet-long-benchmark[2233876]: INF 2026-09-12 01:02:32.149+00:00 Imported blocks                            blockNumber=11542529 slot=1 blocks=11542528 txs=952252480 mgas=59349223 bps=56.71 tps=10697 mgps=691.7 avgBps=161.8 avgTps=13348 avgMGps=832.0 elapsed=19h48m57s
Sep 12 01:04:56 nimbus-eth1-mainnet-long-benchmark[2233876]: INF 2026-09-12 01:04:56.350+00:00 Imported blocks                            blockNumber=11550721 slot=1 blocks=11550720 txs=953811012 mgas=59449465 bps=56.81 tps=10807 mgps=695.2 avgBps=161.6 avgTps=13343 avgMGps=831.7 elapsed=19h51m21s
Sep 12 01:07:17 nimbus-eth1-mainnet-long-benchmark[2233876]: INF 2026-09-12 01:07:17.540+00:00 Imported blocks                            blockNumber=11558913 slot=1 blocks=11558912 txs=955315448 mgas=59549227 bps=58.02 tps=10655 mgps=706.6 avgBps=161.4 avgTps=13338 avgMGps=831.4 elapsed=19h53m42s
Sep 12 01:09:42 nimbus-eth1-mainnet-long-benchmark[2233876]: INF 2026-09-12 01:09:42.066+00:00 Imported blocks                            blockNumber=11567105 slot=1 blocks=11567104 txs=956772618 mgas=59649065 bps=56.68 tps=10082 mgps=690.8 avgBps=161.2 avgTps=13331 avgMGps=831.1 elapsed=19h56m7s
Sep 12 01:12:07 nimbus-eth1-mainnet-long-benchmark[2233876]: INF 2026-09-12 01:12:07.167+00:00 Imported blocks                            blockNumber=11575297 slot=1 blocks=11575296 txs=958194474 mgas=59749425 bps=56.46 tps=9798 mgps=691.6 avgBps=161.0 avgTps=13324 avgMGps=830.9 elapsed=19h58m32s
Sep 12 01:14:34 nimbus-eth1-mainnet-long-benchmark[2233876]: INF 2026-09-12 01:14:34.217+00:00 Imported blocks                            blockNumber=11583489 slot=1 blocks=11583488 txs=959750196 mgas=59849569 bps=55.71 tps=10579 mgps=681.0 avgBps=160.7 avgTps=13318 avgMGps=830.6 elapsed=20h59s332ms
Sep 12 01:16:58 nimbus-eth1-mainnet-long-benchmark[2233876]: INF 2026-09-12 01:16:58.383+00:00 Imported blocks                            blockNumber=11591681 slot=1 blocks=11591680 txs=961324874 mgas=59949469 bps=56.82 tps=10922 mgps=692.9 avgBps=160.5 avgTps=13314 avgMGps=830.3 elapsed=20h3m23s
Sep 12 01:19:22 nimbus-eth1-mainnet-long-benchmark[2233876]: INF 2026-09-12 01:19:22.324+00:00 Imported blocks                            blockNumber=11599873 slot=1 blocks=11599872 txs=962919439 mgas=60049518 bps=56.91 tps=11077 mgps=695.1 avgBps=160.3 avgTps=13309 avgMGps=830.0 elapsed=20h5m47s
Sep 12 01:21:49 nimbus-eth1-mainnet-long-benchmark[2233876]: INF 2026-09-12 01:21:49.526+00:00 Imported blocks                            blockNumber=11608065 slot=1 blocks=11608064 txs=964578479 mgas=60149848 bps=55.65 tps=11270 mgps=681.6 avgBps=160.1 avgTps=13305 avgMGps=829.7 elapsed=20h8m14s
Sep 12 01:24:13 nimbus-eth1-mainnet-long-benchmark[2233876]: INF 2026-09-12 01:24:13.812+00:00 Imported blocks                            blockNumber=11616257 slot=1 blocks=11616256 txs=966195922 mgas=60250068 bps=56.78 tps=11209 mgps=694.6 avgBps=159.9 avgTps=13301 avgMGps=829.4 elapsed=20h10m38s
Sep 12 01:26:38 nimbus-eth1-mainnet-long-benchmark[2233876]: INF 2026-09-12 01:26:38.049+00:00 Imported blocks                            blockNumber=11624449 slot=1 blocks=11624448 txs=967728545 mgas=60350148 bps=56.80 tps=10625 mgps=693.9 avgBps=159.7 avgTps=13296 avgMGps=829.2 elapsed=20h13m3s
Sep 12 01:29:03 nimbus-eth1-mainnet-long-benchmark[2233876]: INF 2026-09-12 01:29:03.059+00:00 Imported blocks                            blockNumber=11632641 slot=1 blocks=11632640 txs=969270906 mgas=60450186 bps=56.49 tps=10636 mgps=689.8 avgBps=159.5 avgTps=13290 avgMGps=828.9 elapsed=20h15m28s
Sep 12 01:31:24 nimbus-eth1-mainnet-long-benchmark[2233876]: INF 2026-09-12 01:31:24.049+00:00 Imported blocks                            blockNumber=11640833 slot=1 blocks=11640832 txs=970842767 mgas=60550495 bps=58.10 tps=11149 mgps=711.5 avgBps=159.3 avgTps=13286 avgMGps=828.7 elapsed=20h17m49s
Sep 12 01:33:48 nimbus-eth1-mainnet-long-benchmark[2233876]: INF 2026-09-12 01:33:48.331+00:00 Imported blocks                            blockNumber=11649025 slot=1 blocks=11649024 txs=972238488 mgas=60650873 bps=56.78 tps=9673 mgps=695.7 avgBps=159.1 avgTps=13279 avgMGps=828.4 elapsed=20h20m13s
Sep 12 01:36:14 nimbus-eth1-mainnet-long-benchmark[2233876]: INF 2026-09-12 01:36:14.088+00:00 Imported blocks                            blockNumber=11657217 slot=1 blocks=11657216 txs=973728709 mgas=60751099 bps=56.20 tps=10223 mgps=687.6 avgBps=158.9 avgTps=13273 avgMGps=828.1 elapsed=20h22m39s
Sep 12 01:38:36 nimbus-eth1-mainnet-long-benchmark[2233876]: INF 2026-09-12 01:38:36.606+00:00 Imported blocks                            blockNumber=11665409 slot=1 blocks=11665408 txs=975242448 mgas=60851085 bps=57.48 tps=10621 mgps=701.6 avgBps=158.7 avgTps=13268 avgMGps=827.9 elapsed=20h25m1s
Sep 12 01:40:59 nimbus-eth1-mainnet-long-benchmark[2233876]: INF 2026-09-12 01:40:59.752+00:00 Imported blocks                            blockNumber=11673601 slot=1 blocks=11673600 txs=976729163 mgas=60951050 bps=57.23 tps=10386 mgps=698.3 avgBps=158.5 avgTps=13262 avgMGps=827.6 elapsed=20h27m24s
Sep 12 01:43:23 nimbus-eth1-mainnet-long-benchmark[2233876]: INF 2026-09-12 01:43:23.753+00:00 Imported blocks                            blockNumber=11681793 slot=1 blocks=11681792 txs=978226542 mgas=61050547 bps=56.89 tps=10398 mgps=691.0 avgBps=158.3 avgTps=13257 avgMGps=827.4 elapsed=20h29m48s
Sep 12 01:45:46 nimbus-eth1-mainnet-long-benchmark[2233876]: INF 2026-09-12 01:45:46.243+00:00 Imported blocks                            blockNumber=11689985 slot=1 blocks=11689984 txs=979782217 mgas=61150131 bps=57.49 tps=10917 mgps=698.9 avgBps=158.1 avgTps=13252 avgMGps=827.1 elapsed=20h32m11s
Sep 12 01:48:07 nimbus-eth1-mainnet-long-benchmark[2233876]: INF 2026-09-12 01:48:07.557+00:00 Imported blocks                            blockNumber=11698177 slot=1 blocks=11698176 txs=981308642 mgas=61250106 bps=57.97 tps=10801 mgps=707.5 avgBps=157.9 avgTps=13247 avgMGps=826.9 elapsed=20h34m32s
Sep 12 01:50:49 nimbus-eth1-mainnet-long-benchmark[2233876]: INF 2026-09-12 01:50:49.074+00:00 Imported blocks                            blockNumber=11706369 slot=1 blocks=11706368 txs=982815527 mgas=61350312 bps=50.72 tps=9329 mgps=620.4 avgBps=157.7 avgTps=13239 avgMGps=826.4 elapsed=20h37m14s
Sep 12 01:53:33 nimbus-eth1-mainnet-long-benchmark[2233876]: INF 2026-09-12 01:53:33.675+00:00 Imported blocks                            blockNumber=11714561 slot=1 blocks=11714560 txs=984232667 mgas=61450389 bps=49.77 tps=8609 mgps=608.0 avgBps=157.5 avgTps=13229 avgMGps=826.0 elapsed=20h39m58s
Sep 12 01:56:10 nimbus-eth1-mainnet-long-benchmark[2233876]: INF 2026-09-12 01:56:10.553+00:00 Imported blocks                            blockNumber=11722753 slot=1 blocks=11722752 txs=985651994 mgas=61550574 bps=52.22 tps=9047 mgps=638.6 avgBps=157.2 avgTps=13220 avgMGps=825.6 elapsed=20h42m35s
Sep 12 01:58:35 nimbus-eth1-mainnet-long-benchmark[2233876]: INF 2026-09-12 01:58:35.427+00:00 Imported blocks                            blockNumber=11730945 slot=1 blocks=11730944 txs=987187320 mgas=61650327 bps=56.55 tps=10597 mgps=688.5 avgBps=157.0 avgTps=13215 avgMGps=825.3 elapsed=20h45m539ms
Sep 12 02:00:58 nimbus-eth1-mainnet-long-benchmark[2233876]: INF 2026-09-12 02:00:58.520+00:00 Imported blocks                            blockNumber=11739137 slot=1 blocks=11739136 txs=988662670 mgas=61750448 bps=57.25 tps=10310 mgps=699.7 avgBps=156.8 avgTps=13209 avgMGps=825.1 elapsed=20h47m23s
Sep 12 02:03:23 nimbus-eth1-mainnet-long-benchmark[2233876]: INF 2026-09-12 02:03:23.490+00:00 Imported blocks                            blockNumber=11747329 slot=1 blocks=11747328 txs=990124985 mgas=61850558 bps=56.51 tps=10087 mgps=690.6 avgBps=156.7 avgTps=13203 avgMGps=824.8 elapsed=20h49m48s
Sep 12 02:05:49 nimbus-eth1-mainnet-long-benchmark[2233876]: INF 2026-09-12 02:05:49.408+00:00 Imported blocks                            blockNumber=11755521 slot=1 blocks=11755520 txs=991732969 mgas=61950777 bps=56.14 tps=11019 mgps=686.8 avgBps=156.5 avgTps=13199 avgMGps=824.5 elapsed=20h52m14s
Sep 12 02:08:11 nimbus-eth1-mainnet-long-benchmark[2233876]: INF 2026-09-12 02:08:11.525+00:00 Imported blocks                            blockNumber=11763713 slot=1 blocks=11763712 txs=993294061 mgas=62050868 bps=57.64 tps=10984 mgps=704.3 avgBps=156.3 avgTps=13195 avgMGps=824.3 elapsed=20h54m36s
Sep 12 02:10:30 nimbus-eth1-mainnet-long-benchmark[2233876]: INF 2026-09-12 02:10:30.703+00:00 Imported blocks                            blockNumber=11771905 slot=1 blocks=11771904 txs=994928426 mgas=62150843 bps=58.86 tps=11743 mgps=718.3 avgBps=156.1 avgTps=13192 avgMGps=824.1 elapsed=20h56m55s
Sep 12 02:12:54 nimbus-eth1-mainnet-long-benchmark[2233876]: INF 2026-09-12 02:12:54.473+00:00 Imported blocks                            blockNumber=11780097 slot=1 blocks=11780096 txs=996539889 mgas=62250996 bps=56.98 tps=11208 mgps=696.6 avgBps=155.9 avgTps=13188 avgMGps=823.9 elapsed=20h59m19s
Sep 12 02:15:16 nimbus-eth1-mainnet-long-benchmark[2233876]: INF 2026-09-12 02:15:16.622+00:00 Imported blocks                            blockNumber=11788289 slot=1 blocks=11788288 txs=998199377 mgas=62351047 bps=57.63 tps=11674 mgps=703.9 avgBps=155.7 avgTps=13185 avgMGps=823.6 elapsed=21h1m41s
Sep 12 02:17:37 nimbus-eth1-mainnet-long-benchmark[2233876]: INF 2026-09-12 02:17:37.788+00:00 Imported blocks                            blockNumber=11796481 slot=1 blocks=11796480 txs=999865151 mgas=62451024 bps=58.03 tps=11799 mgps=708.2 avgBps=155.5 avgTps=13183 avgMGps=823.4 elapsed=21h4m2s
Sep 12 02:19:57 nimbus-eth1-mainnet-long-benchmark[2233876]: INF 2026-09-12 02:19:57.338+00:00 Imported blocks                            blockNumber=11804673 slot=1 blocks=11804672 txs=1001460496 mgas=62551010 bps=58.70 tps=11432 mgps=716.5 avgBps=155.4 avgTps=13180 avgMGps=823.2 elapsed=21h6m22s
Sep 12 02:22:17 nimbus-eth1-mainnet-long-benchmark[2233876]: INF 2026-09-12 02:22:17.412+00:00 Imported blocks                            blockNumber=11812865 slot=1 blocks=11812864 txs=1002984542 mgas=62650739 bps=58.48 tps=10880 mgps=712.0 avgBps=155.2 avgTps=13175 avgMGps=823.0 elapsed=21h8m42s
Sep 12 02:24:38 nimbus-eth1-mainnet-long-benchmark[2233876]: INF 2026-09-12 02:24:38.101+00:00 Imported blocks                            blockNumber=11821057 slot=1 blocks=11821056 txs=1004625755 mgas=62750904 bps=58.23 tps=11665 mgps=712.0 avgBps=155.0 avgTps=13173 avgMGps=822.8 elapsed=21h11m3s
Sep 12 02:26:57 nimbus-eth1-mainnet-long-benchmark[2233876]: INF 2026-09-12 02:26:57.863+00:00 Imported blocks                            blockNumber=11829249 slot=1 blocks=11829248 txs=1006305786 mgas=62850813 bps=58.61 tps=12020 mgps=714.8 avgBps=154.8 avgTps=13171 avgMGps=822.6 elapsed=21h13m22s
Sep 12 02:29:20 nimbus-eth1-mainnet-long-benchmark[2233876]: INF 2026-09-12 02:29:20.261+00:00 Imported blocks                            blockNumber=11837441 slot=1 blocks=11837440 txs=1007918111 mgas=62950694 bps=57.53 tps=11322 mgps=701.4 avgBps=154.6 avgTps=13167 avgMGps=822.4 elapsed=21h15m45s
Sep 12 02:31:44 nimbus-eth1-mainnet-long-benchmark[2233876]: INF 2026-09-12 02:31:44.091+00:00 Imported blocks                            blockNumber=11845633 slot=1 blocks=11845632 txs=1009532362 mgas=63050665 bps=56.96 tps=11223 mgps=695.1 avgBps=154.5 avgTps=13163 avgMGps=822.2 elapsed=21h18m9s
Sep 12 02:34:07 nimbus-eth1-mainnet-long-benchmark[2233876]: INF 2026-09-12 02:34:07.200+00:00 Imported blocks                            blockNumber=11853825 slot=1 blocks=11853824 txs=1011088639 mgas=63150643 bps=57.24 tps=10874 mgps=698.6 avgBps=154.3 avgTps=13159 avgMGps=821.9 elapsed=21h20m32s
Sep 12 02:36:31 nimbus-eth1-mainnet-long-benchmark[2233876]: INF 2026-09-12 02:36:31.366+00:00 Imported blocks                            blockNumber=11862017 slot=1 blocks=11862016 txs=1012601593 mgas=63250661 bps=56.82 tps=10494 mgps=693.8 avgBps=154.1 avgTps=13154 avgMGps=821.7 elapsed=21h22m56s
Sep 12 02:38:52 nimbus-eth1-mainnet-long-benchmark[2233876]: INF 2026-09-12 02:38:52.480+00:00 Imported blocks                            blockNumber=11870209 slot=1 blocks=11870208 txs=1014150630 mgas=63350547 bps=58.05 tps=10976 mgps=707.8 avgBps=153.9 avgTps=13150 avgMGps=821.5 elapsed=21h25m17s
Sep 12 02:41:16 nimbus-eth1-mainnet-long-benchmark[2233876]: INF 2026-09-12 02:41:16.129+00:00 Imported blocks                            blockNumber=11878401 slot=1 blocks=11878400 txs=1015722058 mgas=63450711 bps=57.03 tps=10939 mgps=697.3 avgBps=153.7 avgTps=13146 avgMGps=821.2 elapsed=21h27m41s
Sep 12 02:43:38 nimbus-eth1-mainnet-long-benchmark[2233876]: INF 2026-09-12 02:43:38.531+00:00 Imported blocks                            blockNumber=11886593 slot=1 blocks=11886592 txs=1017390363 mgas=63551023 bps=57.53 tps=11715 mgps=704.4 avgBps=153.6 avgTps=13143 avgMGps=821.0 elapsed=21h30m3s
Sep 12 02:46:04 nimbus-eth1-mainnet-long-benchmark[2233876]: INF 2026-09-12 02:46:04.565+00:00 Imported blocks                            blockNumber=11894785 slot=1 blocks=11894784 txs=1019072428 mgas=63651049 bps=56.10 tps=11518 mgps=685.0 avgBps=153.4 avgTps=13140 avgMGps=820.8 elapsed=21h32m29s
Sep 12 02:48:31 nimbus-eth1-mainnet-long-benchmark[2233876]: INF 2026-09-12 02:48:31.482+00:00 Imported blocks                            blockNumber=11902977 slot=1 blocks=11902976 txs=1020642738 mgas=63751161 bps=55.76 tps=10688 mgps=681.4 avgBps=153.2 avgTps=13136 avgMGps=820.5 elapsed=21h34m56s
Sep 12 02:50:57 nimbus-eth1-mainnet-long-benchmark[2233876]: INF 2026-09-12 02:50:57.796+00:00 Imported blocks                            blockNumber=11911169 slot=1 blocks=11911168 txs=1022287671 mgas=63851316 bps=55.99 tps=11242 mgps=684.5 avgBps=153.0 avgTps=13132 avgMGps=820.3 elapsed=21h37m22s
Sep 12 02:53:24 nimbus-eth1-mainnet-long-benchmark[2233876]: INF 2026-09-12 02:53:24.042+00:00 Imported blocks                            blockNumber=11919361 slot=1 blocks=11919360 txs=1023944492 mgas=63951523 bps=56.02 tps=11329 mgps=685.2 avgBps=152.8 avgTps=13129 avgMGps=820.0 elapsed=21h39m49s
Sep 12 02:55:46 nimbus-eth1-mainnet-long-benchmark[2233876]: INF 2026-09-12 02:55:46.907+00:00 Imported blocks                            blockNumber=11927553 slot=1 blocks=11927552 txs=1025526985 mgas=64051650 bps=57.34 tps=11076 mgps=700.8 avgBps=152.7 avgTps=13125 avgMGps=819.8 elapsed=21h42m12s
Sep 12 02:58:12 nimbus-eth1-mainnet-long-benchmark[2233876]: INF 2026-09-12 02:58:12.213+00:00 Imported blocks                            blockNumber=11935745 slot=1 blocks=11935744 txs=1027048460 mgas=64151817 bps=56.38 tps=10470 mgps=689.4 avgBps=152.5 avgTps=13120 avgMGps=819.5 elapsed=21h44m37s
Sep 12 03:00:42 nimbus-eth1-mainnet-long-benchmark[2233876]: INF 2026-09-12 03:00:42.419+00:00 Imported blocks                            blockNumber=11943937 slot=1 blocks=11943936 txs=1028570143 mgas=64252205 bps=54.54 tps=10130 mgps=668.4 avgBps=152.3 avgTps=13114 avgMGps=819.3 elapsed=21h47m7s
Sep 12 03:03:15 nimbus-eth1-mainnet-long-benchmark[2233876]: INF 2026-09-12 03:03:15.620+00:00 Imported blocks                            blockNumber=11952129 slot=1 blocks=11952128 txs=1030059442 mgas=64352172 bps=53.47 tps=9720 mgps=652.5 avgBps=152.1 avgTps=13108 avgMGps=818.9 elapsed=21h49m40s
Sep 12 03:05:45 nimbus-eth1-mainnet-long-benchmark[2233876]: INF 2026-09-12 03:05:45.934+00:00 Imported blocks                            blockNumber=11960321 slot=1 blocks=11960320 txs=1031604077 mgas=64452459 bps=54.50 tps=10276 mgps=667.2 avgBps=151.9 avgTps=13102 avgMGps=818.6 elapsed=21h52m11s
Sep 12 03:08:15 nimbus-eth1-mainnet-long-benchmark[2233876]: INF 2026-09-12 03:08:15.819+00:00 Imported blocks                            blockNumber=11968513 slot=1 blocks=11968512 txs=1033165529 mgas=64552822 bps=54.65 tps=10417 mgps=669.6 avgBps=151.7 avgTps=13097 avgMGps=818.4 elapsed=21h54m40s
Sep 12 03:10:46 nimbus-eth1-mainnet-long-benchmark[2233876]: INF 2026-09-12 03:10:46.645+00:00 Imported blocks                            blockNumber=11976705 slot=1 blocks=11976704 txs=1034713496 mgas=64652629 bps=54.31 tps=10263 mgps=661.7 avgBps=151.5 avgTps=13092 avgMGps=818.1 elapsed=21h57m11s
Sep 12 03:13:11 nimbus-eth1-mainnet-long-benchmark[2233876]: INF 2026-09-12 03:13:11.951+00:00 Imported blocks                            blockNumber=11984897 slot=1 blocks=11984896 txs=1036198659 mgas=64753053 bps=56.38 tps=10221 mgps=691.1 avgBps=151.4 avgTps=13087 avgMGps=817.8 elapsed=21h59m37s
Sep 12 03:15:37 nimbus-eth1-mainnet-long-benchmark[2233876]: INF 2026-09-12 03:15:37.212+00:00 Imported blocks                            blockNumber=11993089 slot=1 blocks=11993088 txs=1037690161 mgas=64853607 bps=56.39 tps=10267 mgps=692.2 avgBps=151.2 avgTps=13081 avgMGps=817.6 elapsed=22h2m2s
Sep 12 03:18:02 nimbus-eth1-mainnet-long-benchmark[2233876]: INF 2026-09-12 03:18:02.370+00:00 Imported blocks                            blockNumber=12001281 slot=1 blocks=12001280 txs=1039201758 mgas=64954108 bps=56.44 tps=10413 mgps=692.4 avgBps=151.0 avgTps=13077 avgMGps=817.4 elapsed=22h4m27s
Sep 12 03:20:32 nimbus-eth1-mainnet-long-benchmark[2233876]: INF 2026-09-12 03:20:31.999+00:00 Imported blocks                            blockNumber=12009473 slot=1 blocks=12009472 txs=1040814887 mgas=65054498 bps=54.75 tps=10780 mgps=670.9 avgBps=150.8 avgTps=13072 avgMGps=817.1 elapsed=22h6m57s
Sep 12 03:23:00 nimbus-eth1-mainnet-long-benchmark[2233876]: INF 2026-09-12 03:23:00.117+00:00 Imported blocks                            blockNumber=12017665 slot=1 blocks=12017664 txs=1042433026 mgas=65154680 bps=55.31 tps=10924 mgps=676.4 avgBps=150.7 avgTps=13068 avgMGps=816.8 elapsed=22h9m25s
Sep 12 03:25:23 nimbus-eth1-mainnet-long-benchmark[2233876]: INF 2026-09-12 03:25:23.567+00:00 Imported blocks                            blockNumber=12025857 slot=1 blocks=12025856 txs=1044103257 mgas=65255474 bps=57.11 tps=11643 mgps=702.6 avgBps=150.5 avgTps=13066 avgMGps=816.6 elapsed=22h11m48s
Sep 12 03:27:49 nimbus-eth1-mainnet-long-benchmark[2233876]: INF 2026-09-12 03:27:49.684+00:00 Imported blocks                            blockNumber=12034049 slot=1 blocks=12034048 txs=1045721436 mgas=65356448 bps=56.06 tps=11074 mgps=691.0 avgBps=150.3 avgTps=13062 avgMGps=816.4 elapsed=22h14m14s
Sep 12 03:30:16 nimbus-eth1-mainnet-long-benchmark[2233876]: INF 2026-09-12 03:30:16.242+00:00 Imported blocks                            blockNumber=12042241 slot=1 blocks=12042240 txs=1047357726 mgas=65457074 bps=55.90 tps=11164 mgps=686.6 avgBps=150.2 avgTps=13059 avgMGps=816.2 elapsed=22h16m41s
Sep 12 03:32:38 nimbus-eth1-mainnet-long-benchmark[2233876]: INF 2026-09-12 03:32:38.772+00:00 Imported blocks                            blockNumber=12050433 slot=1 blocks=12050432 txs=1049021771 mgas=65557866 bps=57.47 tps=11674 mgps=707.1 avgBps=150.0 avgTps=13056 avgMGps=816.0 elapsed=22h19m3s
Sep 12 03:35:00 nimbus-eth1-mainnet-long-benchmark[2233876]: INF 2026-09-12 03:35:00.378+00:00 Imported blocks                            blockNumber=12058625 slot=1 blocks=12058624 txs=1050636154 mgas=65658476 bps=57.85 tps=11400 mgps=710.5 avgBps=149.8 avgTps=13053 avgMGps=815.8 elapsed=22h21m25s
Sep 12 03:37:22 nimbus-eth1-mainnet-long-benchmark[2233876]: INF 2026-09-12 03:37:22.051+00:00 Imported blocks                            blockNumber=12066817 slot=1 blocks=12066816 txs=1052262690 mgas=65759029 bps=57.82 tps=11480 mgps=709.7 avgBps=149.7 avgTps=13050 avgMGps=815.6 elapsed=22h23m47s
Sep 12 03:39:48 nimbus-eth1-mainnet-long-benchmark[2233876]: INF 2026-09-12 03:39:48.901+00:00 Imported blocks                            blockNumber=12075009 slot=1 blocks=12075008 txs=1053889825 mgas=65859693 bps=55.79 tps=11080 mgps=685.5 avgBps=149.5 avgTps=13047 avgMGps=815.4 elapsed=22h26m14s
Sep 12 03:42:16 nimbus-eth1-mainnet-long-benchmark[2233876]: INF 2026-09-12 03:42:16.695+00:00 Imported blocks                            blockNumber=12083201 slot=1 blocks=12083200 txs=1055427916 mgas=65960533 bps=55.43 tps=10407 mgps=682.3 avgBps=149.3 avgTps=13042 avgMGps=815.1 elapsed=22h28m41s
Sep 12 03:44:38 nimbus-eth1-mainnet-long-benchmark[2233876]: INF 2026-09-12 03:44:38.072+00:00 Imported blocks                            blockNumber=12091393 slot=1 blocks=12091392 txs=1057058471 mgas=66061286 bps=57.94 tps=11533 mgps=712.6 avgBps=149.2 avgTps=13039 avgMGps=814.9 elapsed=22h31m3s
Sep 12 03:47:06 nimbus-eth1-mainnet-long-benchmark[2233876]: INF 2026-09-12 03:47:06.422+00:00 Imported blocks                            blockNumber=12099585 slot=1 blocks=12099584 txs=1058691669 mgas=66161897 bps=55.22 tps=11009 mgps=678.2 avgBps=149.0 avgTps=13036 avgMGps=814.7 elapsed=22h33m31s
Sep 12 03:49:31 nimbus-eth1-mainnet-long-benchmark[2233876]: INF 2026-09-12 03:49:31.540+00:00 Imported blocks                            blockNumber=12107777 slot=1 blocks=12107776 txs=1060385050 mgas=66262612 bps=56.45 tps=11668 mgps=694.0 avgBps=148.8 avgTps=13033 avgMGps=814.5 elapsed=22h35m56s
Sep 12 03:51:57 nimbus-eth1-mainnet-long-benchmark[2233876]: INF 2026-09-12 03:51:57.513+00:00 Imported blocks                            blockNumber=12115969 slot=1 blocks=12115968 txs=1062025510 mgas=66363294 bps=56.12 tps=11238 mgps=689.7 avgBps=148.7 avgTps=13030 avgMGps=814.2 elapsed=22h38m22s
Sep 12 03:54:25 nimbus-eth1-mainnet-long-benchmark[2233876]: INF 2026-09-12 03:54:25.447+00:00 Imported blocks                            blockNumber=12124161 slot=1 blocks=12124160 txs=1063563618 mgas=66463987 bps=55.37 tps=10396 mgps=680.6 avgBps=148.5 avgTps=13025 avgMGps=814.0 elapsed=22h40m50s
Sep 12 03:56:52 nimbus-eth1-mainnet-long-benchmark[2233876]: INF 2026-09-12 03:56:52.088+00:00 Imported blocks                            blockNumber=12132353 slot=1 blocks=12132352 txs=1065092521 mgas=66564568 bps=55.86 tps=10426 mgps=685.9 avgBps=148.3 avgTps=13021 avgMGps=813.8 elapsed=22h43m17s
Sep 12 03:59:19 nimbus-eth1-mainnet-long-benchmark[2233876]: INF 2026-09-12 03:59:19.758+00:00 Imported blocks                            blockNumber=12140545 slot=1 blocks=12140544 txs=1066730666 mgas=66665136 bps=55.48 tps=11093 mgps=681.0 avgBps=148.2 avgTps=13017 avgMGps=813.5 elapsed=22h45m44s
Sep 12 04:01:45 nimbus-eth1-mainnet-long-benchmark[2233876]: INF 2026-09-12 04:01:45.704+00:00 Imported blocks                            blockNumber=12148737 slot=1 blocks=12148736 txs=1068417243 mgas=66765798 bps=56.13 tps=11556 mgps=689.7 avgBps=148.0 avgTps=13015 avgMGps=813.3 elapsed=22h48m10s
Sep 12 04:04:14 nimbus-eth1-mainnet-long-benchmark[2233876]: INF 2026-09-12 04:04:14.669+00:00 Imported blocks                            blockNumber=12156929 slot=1 blocks=12156928 txs=1070117790 mgas=66866563 bps=54.99 tps=11415 mgps=676.4 avgBps=147.8 avgTps=13012 avgMGps=813.1 elapsed=22h50m39s
Sep 12 04:06:45 nimbus-eth1-mainnet-long-benchmark[2233876]: INF 2026-09-12 04:06:45.767+00:00 Imported blocks                            blockNumber=12165121 slot=1 blocks=12165120 txs=1071831088 mgas=66967154 bps=54.22 tps=11339 mgps=665.7 avgBps=147.7 avgTps=13009 avgMGps=812.8 elapsed=22h53m10s
Sep 12 04:09:14 nimbus-eth1-mainnet-long-benchmark[2233876]: INF 2026-09-12 04:09:14.745+00:00 Imported blocks                            blockNumber=12173313 slot=1 blocks=12173312 txs=1073389527 mgas=67067807 bps=54.99 tps=10460 mgps=675.6 avgBps=147.5 avgTps=13004 avgMGps=812.6 elapsed=22h55m39s
Sep 12 04:11:45 nimbus-eth1-mainnet-long-benchmark[2233876]: INF 2026-09-12 04:11:45.694+00:00 Imported blocks                            blockNumber=12181505 slot=1 blocks=12181504 txs=1074988458 mgas=67168514 bps=54.27 tps=10592 mgps=667.2 avgBps=147.3 avgTps=13000 avgMGps=812.3 elapsed=22h58m10s
Sep 12 04:14:17 nimbus-eth1-mainnet-long-benchmark[2233876]: INF 2026-09-12 04:14:17.272+00:00 Imported blocks                            blockNumber=12189697 slot=1 blocks=12189696 txs=1076646932 mgas=67269282 bps=54.04 tps=10941 mgps=664.8 avgBps=147.1 avgTps=12996 avgMGps=812.0 elapsed=23h42s386ms
Sep 12 04:16:47 nimbus-eth1-mainnet-long-benchmark[2233876]: INF 2026-09-12 04:16:47.293+00:00 Imported blocks                            blockNumber=12197889 slot=1 blocks=12197888 txs=1078284309 mgas=67370200 bps=54.61 tps=10914 mgps=672.7 avgBps=147.0 avgTps=12992 avgMGps=811.8 elapsed=23h3m12s
Sep 12 04:19:18 nimbus-eth1-mainnet-long-benchmark[2233876]: INF 2026-09-12 04:19:17.999+00:00 Imported blocks                            blockNumber=12206081 slot=1 blocks=12206080 txs=1079939229 mgas=67471178 bps=54.36 tps=10980 mgps=670.0 avgBps=146.8 avgTps=12988 avgMGps=811.5 elapsed=23h5m43s
Sep 12 04:21:49 nimbus-eth1-mainnet-long-benchmark[2233876]: INF 2026-09-12 04:21:49.716+00:00 Imported blocks                            blockNumber=12214273 slot=1 blocks=12214272 txs=1081593167 mgas=67572234 bps=53.99 tps=10901 mgps=666.1 avgBps=146.6 avgTps=12985 avgMGps=811.2 elapsed=23h8m14s
Sep 12 04:24:24 nimbus-eth1-mainnet-long-benchmark[2233876]: INF 2026-09-12 04:24:24.378+00:00 Imported blocks                            blockNumber=12222465 slot=1 blocks=12222464 txs=1083151299 mgas=67673318 bps=52.97 tps=10074 mgps=653.6 avgBps=146.5 avgTps=12979 avgMGps=810.9 elapsed=23h10m49s
Sep 12 04:26:58 nimbus-eth1-mainnet-long-benchmark[2233876]: INF 2026-09-12 04:26:58.595+00:00 Imported blocks                            blockNumber=12230657 slot=1 blocks=12230656 txs=1084857611 mgas=67774376 bps=53.12 tps=11064 mgps=655.3 avgBps=146.3 avgTps=12976 avgMGps=810.7 elapsed=23h13m23s
Sep 12 04:29:33 nimbus-eth1-mainnet-long-benchmark[2233876]: INF 2026-09-12 04:29:33.641+00:00 Imported blocks                            blockNumber=12238849 slot=1 blocks=12238848 txs=1086624687 mgas=67875530 bps=52.84 tps=11397 mgps=652.4 avgBps=146.1 avgTps=12973 avgMGps=810.4 elapsed=23h15m58s
Sep 12 04:32:10 nimbus-eth1-mainnet-long-benchmark[2233876]: INF 2026-09-12 04:32:10.190+00:00 Imported blocks                            blockNumber=12247041 slot=1 blocks=12247040 txs=1088171794 mgas=67976686 bps=52.33 tps=9882 mgps=646.2 avgBps=145.9 avgTps=12967 avgMGps=810.1 elapsed=23h18m35s
Sep 12 04:34:44 nimbus-eth1-mainnet-long-benchmark[2233876]: INF 2026-09-12 04:34:44.744+00:00 Imported blocks                            blockNumber=12255233 slot=1 blocks=12255232 txs=1089979380 mgas=68077900 bps=53.00 tps=11695 mgps=654.9 avgBps=145.8 avgTps=12965 avgMGps=809.8 elapsed=23h21m9s
Sep 12 04:37:16 nimbus-eth1-mainnet-long-benchmark[2233876]: INF 2026-09-12 04:37:16.894+00:00 Imported blocks                            blockNumber=12263425 slot=1 blocks=12263424 txs=1091807298 mgas=68179240 bps=53.84 tps=12014 mgps=666.1 avgBps=145.6 avgTps=12963 avgMGps=809.5 elapsed=23h23m42s
Sep 12 04:39:53 nimbus-eth1-mainnet-long-benchmark[2233876]: INF 2026-09-12 04:39:53.035+00:00 Imported blocks                            blockNumber=12271617 slot=1 blocks=12271616 txs=1093619719 mgas=68280466 bps=52.46 tps=11607 mgps=648.3 avgBps=145.4 avgTps=12960 avgMGps=809.2 elapsed=23h26m18s
Sep 12 04:42:22 nimbus-eth1-mainnet-long-benchmark[2233876]: INF 2026-09-12 04:42:22.709+00:00 Imported blocks                            blockNumber=12279809 slot=1 blocks=12279808 txs=1095548724 mgas=68382531 bps=54.73 tps=12888 mgps=681.9 avgBps=145.3 avgTps=12960 avgMGps=809.0 elapsed=23h28m47s
Sep 12 04:45:14 nimbus-eth1-mainnet-long-benchmark[2233876]: INF 2026-09-12 04:45:14.042+00:00 Imported blocks                            blockNumber=12288001 slot=1 blocks=12288000 txs=1097523611 mgas=68496267 bps=47.81 tps=11526 mgps=663.8 avgBps=145.1 avgTps=12957 avgMGps=808.7 elapsed=23h31m39s
Sep 12 04:48:21 nimbus-eth1-mainnet-long-benchmark[2233876]: INF 2026-09-12 04:48:21.507+00:00 Imported blocks                            blockNumber=12296193 slot=1 blocks=12296192 txs=1099547013 mgas=68617082 bps=43.70 tps=10793 mgps=644.5 avgBps=144.9 avgTps=12953 avgMGps=808.3 elapsed=23h34m46s
Sep 12 04:51:26 nimbus-eth1-mainnet-long-benchmark[2233876]: INF 2026-09-12 04:51:26.512+00:00 Imported blocks                            blockNumber=12304385 slot=1 blocks=12304384 txs=1101359536 mgas=68737958 bps=44.28 tps=9797 mgps=653.4 avgBps=144.6 avgTps=12946 avgMGps=808.0 elapsed=23h37m51s
Sep 12 04:54:41 nimbus-eth1-mainnet-long-benchmark[2233876]: INF 2026-09-12 04:54:41.773+00:00 Imported blocks                            blockNumber=12312577 slot=1 blocks=12312576 txs=1103087662 mgas=68858997 bps=41.95 tps=8850 mgps=619.9 avgBps=144.4 avgTps=12936 avgMGps=807.6 elapsed=23h41m6s
Sep 12 04:57:54 nimbus-eth1-mainnet-long-benchmark[2233876]: INF 2026-09-12 04:57:54.102+00:00 Imported blocks                            blockNumber=12320769 slot=1 blocks=12320768 txs=1104916212 mgas=68979482 bps=42.59 tps=9507 mgps=626.5 avgBps=144.2 avgTps=12929 avgMGps=807.2 elapsed=23h44m19s
Sep 12 05:01:08 nimbus-eth1-mainnet-long-benchmark[2233876]: INF 2026-09-12 05:01:08.395+00:00 Imported blocks                            blockNumber=12328961 slot=1 blocks=12328960 txs=1106772898 mgas=69099694 bps=42.16 tps=9556 mgps=618.7 avgBps=143.9 avgTps=12921 avgMGps=806.7 elapsed=23h47m33s
Sep 12 05:04:15 nimbus-eth1-mainnet-long-benchmark[2233876]: INF 2026-09-12 05:04:15.384+00:00 Imported blocks                            blockNumber=12337153 slot=1 blocks=12337152 txs=1108733706 mgas=69219824 bps=43.81 tps=10486 mgps=642.4 avgBps=143.7 avgTps=12916 avgMGps=806.4 elapsed=23h50m40s
Sep 12 05:07:27 nimbus-eth1-mainnet-long-benchmark[2233876]: INF 2026-09-12 05:07:27.165+00:00 Imported blocks                            blockNumber=12345345 slot=1 blocks=12345344 txs=1110568353 mgas=69340232 bps=42.72 tps=9566 mgps=627.8 avgBps=143.5 avgTps=12908 avgMGps=806.0 elapsed=23h53m52s
Sep 12 05:10:42 nimbus-eth1-mainnet-long-benchmark[2233876]: INF 2026-09-12 05:10:42.737+00:00 Imported blocks                            blockNumber=12353537 slot=1 blocks=12353536 txs=1112357481 mgas=69460626 bps=41.89 tps=9148 mgps=615.6 avgBps=143.3 avgTps=12900 avgMGps=805.5 elapsed=23h57m7s
Sep 12 05:13:57 nimbus-eth1-mainnet-long-benchmark[2233876]: INF 2026-09-12 05:13:57.790+00:00 Imported blocks                            blockNumber=12361729 slot=1 blocks=12361728 txs=1114202702 mgas=69581189 bps=42.00 tps=9460 mgps=618.1 avgBps=143.0 avgTps=12892 avgMGps=805.1 elapsed=1d22s904ms
Sep 12 05:17:11 nimbus-eth1-mainnet-long-benchmark[2233876]: INF 2026-09-12 05:17:11.295+00:00 Imported blocks                            blockNumber=12369921 slot=1 blocks=12369920 txs=1116131382 mgas=69701981 bps=42.33 tps=9966 mgps=624.2 avgBps=142.8 avgTps=12885 avgMGps=804.7 elapsed=1d3m36s
Sep 12 05:20:23 nimbus-eth1-mainnet-long-benchmark[2233876]: INF 2026-09-12 05:20:23.716+00:00 Imported blocks                            blockNumber=12378113 slot=1 blocks=12378112 txs=1118029253 mgas=69822900 bps=42.57 tps=9863 mgps=628.4 avgBps=142.6 avgTps=12879 avgMGps=804.3 elapsed=1d6m48s
Sep 12 05:23:34 nimbus-eth1-mainnet-long-benchmark[2233876]: INF 2026-09-12 05:23:34.925+00:00 Imported blocks                            blockNumber=12386305 slot=1 blocks=12386304 txs=1119985264 mgas=69944174 bps=42.84 tps=10229 mgps=634.2 avgBps=142.4 avgTps=12873 avgMGps=804.0 elapsed=1d10m39ms
Sep 12 05:26:41 nimbus-eth1-mainnet-long-benchmark[2233876]: INF 2026-09-12 05:26:41.826+00:00 Imported blocks                            blockNumber=12394497 slot=1 blocks=12394496 txs=1122010180 mgas=70065584 bps=43.83 tps=10834 mgps=649.6 avgBps=142.2 avgTps=12869 avgMGps=803.6 elapsed=1d13m6s
Sep 12 05:29:48 nimbus-eth1-mainnet-long-benchmark[2233876]: INF 2026-09-12 05:29:48.363+00:00 Imported blocks                            blockNumber=12402689 slot=1 blocks=12402688 txs=1124217117 mgas=70186463 bps=43.92 tps=11830 mgps=648.0 avgBps=142.0 avgTps=12866 avgMGps=803.3 elapsed=1d16m13s
Sep 12 05:32:45 nimbus-eth1-mainnet-long-benchmark[2233876]: INF 2026-09-12 05:32:45.528+00:00 Imported blocks                            blockNumber=12410881 slot=1 blocks=12410880 txs=1126378707 mgas=70307682 bps=46.24 tps=12201 mgps=684.2 avgBps=141.8 avgTps=12865 avgMGps=803.1 elapsed=1d19m10s
Sep 12 05:35:38 nimbus-eth1-mainnet-long-benchmark[2233876]: INF 2026-09-12 05:35:38.033+00:00 Imported blocks                            blockNumber=12419073 slot=1 blocks=12419072 txs=1128532880 mgas=70428394 bps=47.49 tps=12487 mgps=699.8 avgBps=141.6 avgTps=12864 avgMGps=802.8 elapsed=1d22m3s
Sep 12 05:38:46 nimbus-eth1-mainnet-long-benchmark[2233876]: INF 2026-09-12 05:38:46.850+00:00 Imported blocks                            blockNumber=12427265 slot=1 blocks=12427264 txs=1130558301 mgas=70549502 bps=43.39 tps=10726 mgps=641.4 avgBps=141.4 avgTps=12860 avgMGps=802.5 elapsed=1d25m11s
Sep 12 05:41:53 nimbus-eth1-mainnet-long-benchmark[2233876]: INF 2026-09-12 05:41:53.127+00:00 Imported blocks                            blockNumber=12435457 slot=1 blocks=12435456 txs=1132478057 mgas=70670801 bps=43.98 tps=10305 mgps=651.2 avgBps=141.2 avgTps=12854 avgMGps=802.2 elapsed=1d28m18s
Sep 12 05:45:01 nimbus-eth1-mainnet-long-benchmark[2233876]: INF 2026-09-12 05:45:01.804+00:00 Imported blocks                            blockNumber=12443649 slot=1 blocks=12443648 txs=1134327325 mgas=70791900 bps=43.42 tps=9801 mgps=641.8 avgBps=140.9 avgTps=12848 avgMGps=801.8 elapsed=1d31m26s
Sep 12 05:48:15 nimbus-eth1-mainnet-long-benchmark[2233876]: INF 2026-09-12 05:48:15.841+00:00 Imported blocks                            blockNumber=12451841 slot=1 blocks=12451840 txs=1136169319 mgas=70913206 bps=42.22 tps=9493 mgps=625.2 avgBps=140.7 avgTps=12840 avgMGps=801.5 elapsed=1d34m40s
Sep 12 05:51:23 nimbus-eth1-mainnet-long-benchmark[2233876]: INF 2026-09-12 05:51:23.870+00:00 Imported blocks                            blockNumber=12460033 slot=1 blocks=12460032 txs=1137982047 mgas=71034495 bps=43.57 tps=9640 mgps=645.1 avgBps=140.5 avgTps=12834 avgMGps=801.1 elapsed=1d37m48s
Sep 12 05:54:48 nimbus-eth1-mainnet-long-benchmark[2233876]: INF 2026-09-12 05:54:48.379+00:00 Imported blocks                            blockNumber=12468225 slot=1 blocks=12468224 txs=1139818868 mgas=71155627 bps=40.06 tps=8981 mgps=592.3 avgBps=140.3 avgTps=12825 avgMGps=800.6 elapsed=1d41m13s
Sep 12 05:58:05 nimbus-eth1-mainnet-long-benchmark[2233876]: INF 2026-09-12 05:58:05.624+00:00 Imported blocks                            blockNumber=12476417 slot=1 blocks=12476416 txs=1141665998 mgas=71276640 bps=41.53 tps=9364 mgps=613.5 avgBps=140.1 avgTps=12817 avgMGps=800.2 elapsed=1d44m30s
Sep 12 06:01:22 nimbus-eth1-mainnet-long-benchmark[2233876]: INF 2026-09-12 06:01:22.761+00:00 Imported blocks                            blockNumber=12484609 slot=1 blocks=12484608 txs=1143392340 mgas=71397750 bps=41.56 tps=8757 mgps=614.4 avgBps=139.9 avgTps=12808 avgMGps=799.8 elapsed=1d47m47s
Sep 12 06:04:40 nimbus-eth1-mainnet-long-benchmark[2233876]: INF 2026-09-12 06:04:40.453+00:00 Imported blocks                            blockNumber=12492801 slot=1 blocks=12492800 txs=1144958137 mgas=71518978 bps=41.44 tps=7920 mgps=613.2 avgBps=139.6 avgTps=12797 avgMGps=799.4 elapsed=1d51m5s
Sep 12 06:07:53 nimbus-eth1-mainnet-long-benchmark[2233876]: INF 2026-09-12 06:07:53.370+00:00 Imported blocks                            blockNumber=12500993 slot=1 blocks=12500992 txs=1146619364 mgas=71639968 bps=42.46 tps=8611 mgps=627.2 avgBps=139.4 avgTps=12788 avgMGps=799.0 elapsed=1d54m18s
Sep 12 06:11:05 nimbus-eth1-mainnet-long-benchmark[2233876]: INF 2026-09-12 06:11:05.627+00:00 Imported blocks                            blockNumber=12509185 slot=1 blocks=12509184 txs=1148277108 mgas=71761366 bps=42.61 tps=8622 mgps=631.4 avgBps=139.2 avgTps=12779 avgMGps=798.7 elapsed=1d57m30s
Sep 12 06:14:16 nimbus-eth1-mainnet-long-benchmark[2233876]: INF 2026-09-12 06:14:16.148+00:00 Imported blocks                            blockNumber=12517377 slot=1 blocks=12517376 txs=1149963523 mgas=71882247 bps=43.00 tps=8851 mgps=634.5 avgBps=139.0 avgTps=12771 avgMGps=798.3 elapsed=1d1h41s
Sep 12 06:17:22 nimbus-eth1-mainnet-long-benchmark[2233876]: INF 2026-09-12 06:17:22.105+00:00 Imported blocks                            blockNumber=12525569 slot=1 blocks=12525568 txs=1151599444 mgas=72003268 bps=44.05 tps=8797 mgps=650.8 avgBps=138.8 avgTps=12763 avgMGps=798.0 elapsed=1d1h3m
Sep 12 06:20:32 nimbus-eth1-mainnet-long-benchmark[2233876]: INF 2026-09-12 06:20:32.790+00:00 Imported blocks                            blockNumber=12533761 slot=1 blocks=12533760 txs=1153237739 mgas=72124096 bps=42.96 tps=8591 mgps=633.7 avgBps=138.6 avgTps=12754 avgMGps=797.7 elapsed=1d1h6m
Sep 12 06:23:46 nimbus-eth1-mainnet-long-benchmark[2233876]: INF 2026-09-12 06:23:46.175+00:00 Imported blocks                            blockNumber=12541953 slot=1 blocks=12541952 txs=1154868468 mgas=72245211 bps=42.36 tps=8432 mgps=626.3 avgBps=138.4 avgTps=12745 avgMGps=797.3 elapsed=1d1h10m
Sep 12 06:26:58 nimbus-eth1-mainnet-long-benchmark[2233876]: INF 2026-09-12 06:26:58.548+00:00 Imported blocks                            blockNumber=12550145 slot=1 blocks=12550144 txs=1156537706 mgas=72366561 bps=42.58 tps=8677 mgps=630.8 avgBps=138.2 avgTps=12736 avgMGps=797.0 elapsed=1d1h13m
Sep 12 06:30:03 nimbus-eth1-mainnet-long-benchmark[2233876]: INF 2026-09-12 06:30:03.381+00:00 Imported blocks                            blockNumber=12558337 slot=1 blocks=12558336 txs=1158144206 mgas=72487402 bps=44.32 tps=8691 mgps=653.8 avgBps=138.0 avgTps=12728 avgMGps=796.7 elapsed=1d1h16m
Sep 12 06:33:19 nimbus-eth1-mainnet-long-benchmark[2233876]: INF 2026-09-12 06:33:19.214+00:00 Imported blocks                            blockNumber=12566529 slot=1 blocks=12566528 txs=1159849853 mgas=72608246 bps=41.83 tps=8709 mgps=617.1 avgBps=137.8 avgTps=12719 avgMGps=796.3 elapsed=1d1h19m
Sep 12 06:36:30 nimbus-eth1-mainnet-long-benchmark[2233876]: INF 2026-09-12 06:36:30.215+00:00 Imported blocks                            blockNumber=12574721 slot=1 blocks=12574720 txs=1161443693 mgas=72728985 bps=42.89 tps=8344 mgps=632.1 avgBps=137.6 avgTps=12710 avgMGps=795.9 elapsed=1d1h22m
Sep 12 06:39:39 nimbus-eth1-mainnet-long-benchmark[2233876]: INF 2026-09-12 06:39:39.020+00:00 Imported blocks                            blockNumber=12582913 slot=1 blocks=12582912 txs=1162872234 mgas=72847830 bps=43.39 tps=7566 mgps=629.5 avgBps=137.4 avgTps=12700 avgMGps=795.6 elapsed=1d1h26m
Sep 12 06:42:55 nimbus-eth1-mainnet-long-benchmark[2233876]: INF 2026-09-12 06:42:55.388+00:00 Imported blocks                            blockNumber=12591105 slot=1 blocks=12591104 txs=1164399839 mgas=72967411 bps=41.72 tps=7779 mgps=609.0 avgBps=137.2 avgTps=12689 avgMGps=795.2 elapsed=1d1h29m
Sep 12 06:46:11 nimbus-eth1-mainnet-long-benchmark[2233876]: INF 2026-09-12 06:46:11.013+00:00 Imported blocks                            blockNumber=12599297 slot=1 blocks=12599296 txs=1165937999 mgas=73088588 bps=41.88 tps=7862 mgps=619.4 avgBps=137.0 avgTps=12679 avgMGps=794.8 elapsed=1d1h32m
Sep 12 06:49:25 nimbus-eth1-mainnet-long-benchmark[2233876]: INF 2026-09-12 06:49:25.046+00:00 Imported blocks                            blockNumber=12607489 slot=1 blocks=12607488 txs=1167482053 mgas=73209510 bps=42.22 tps=7957 mgps=623.2 avgBps=136.8 avgTps=12669 avgMGps=794.5 elapsed=1d1h35m
Sep 12 06:52:37 nimbus-eth1-mainnet-long-benchmark[2233876]: INF 2026-09-12 06:52:37.807+00:00 Imported blocks                            blockNumber=12615681 slot=1 blocks=12615680 txs=1168971403 mgas=73330552 bps=42.50 tps=7726 mgps=627.9 avgBps=136.6 avgTps=12659 avgMGps=794.1 elapsed=1d1h39m
Sep 12 06:55:50 nimbus-eth1-mainnet-long-benchmark[2233876]: INF 2026-09-12 06:55:50.672+00:00 Imported blocks                            blockNumber=12623873 slot=1 blocks=12623872 txs=1170407107 mgas=73450002 bps=42.48 tps=7444 mgps=619.3 avgBps=136.4 avgTps=12648 avgMGps=793.7 elapsed=1d1h42m
Sep 12 06:59:04 nimbus-eth1-mainnet-long-benchmark[2233876]: INF 2026-09-12 06:59:04.029+00:00 Imported blocks                            blockNumber=12632065 slot=1 blocks=12632064 txs=1171859794 mgas=73568030 bps=42.37 tps=7513 mgps=610.4 avgBps=136.2 avgTps=12637 avgMGps=793.4 elapsed=1d1h45m
Sep 12 07:02:18 nimbus-eth1-mainnet-long-benchmark[2233876]: INF 2026-09-12 07:02:18.102+00:00 Imported blocks                            blockNumber=12640257 slot=1 blocks=12640256 txs=1173405815 mgas=73688617 bps=42.21 tps=7966 mgps=621.4 avgBps=136.0 avgTps=12627 avgMGps=793.0 elapsed=1d1h48m
Sep 12 07:05:30 nimbus-eth1-mainnet-long-benchmark[2233876]: INF 2026-09-12 07:05:30.931+00:00 Imported blocks                            blockNumber=12648449 slot=1 blocks=12648448 txs=1174928170 mgas=73808988 bps=42.48 tps=7894 mgps=624.2 avgBps=135.8 avgTps=12617 avgMGps=792.7 elapsed=1d1h51m
Sep 12 07:08:43 nimbus-eth1-mainnet-long-benchmark[2233876]: INF 2026-09-12 07:08:43.260+00:00 Imported blocks                            blockNumber=12656641 slot=1 blocks=12656640 txs=1176443269 mgas=73929312 bps=42.59 tps=7877 mgps=625.6 avgBps=135.6 avgTps=12608 avgMGps=792.3 elapsed=1d1h55m
Sep 12 07:11:50 nimbus-eth1-mainnet-long-benchmark[2233876]: INF 2026-09-12 07:11:50.501+00:00 Imported blocks                            blockNumber=12664833 slot=1 blocks=12664832 txs=1177906325 mgas=74049114 bps=43.75 tps=7813 mgps=639.8 avgBps=135.5 avgTps=12598 avgMGps=792.0 elapsed=1d1h58m
Sep 12 07:14:56 nimbus-eth1-mainnet-long-benchmark[2233876]: INF 2026-09-12 07:14:56.294+00:00 Imported blocks                            blockNumber=12673025 slot=1 blocks=12673024 txs=1179242894 mgas=74166892 bps=44.09 tps=7193 mgps=633.9 avgBps=135.3 avgTps=12587 avgMGps=791.7 elapsed=1d2h1m
Sep 12 07:18:14 nimbus-eth1-mainnet-long-benchmark[2233876]: INF 2026-09-12 07:18:14.482+00:00 Imported blocks                            blockNumber=12681217 slot=1 blocks=12681216 txs=1180766873 mgas=74287384 bps=41.33 tps=7689 mgps=608.0 avgBps=135.1 avgTps=12577 avgMGps=791.3 elapsed=1d2h4m
Sep 12 07:21:36 nimbus-eth1-mainnet-long-benchmark[2233876]: INF 2026-09-12 07:21:36.955+00:00 Imported blocks                            blockNumber=12689409 slot=1 blocks=12689408 txs=1182408220 mgas=74408185 bps=40.46 tps=8106 mgps=596.6 avgBps=134.9 avgTps=12567 avgMGps=790.9 elapsed=1d2h8m
Sep 12 07:24:54 nimbus-eth1-mainnet-long-benchmark[2233876]: INF 2026-09-12 07:24:54.156+00:00 Imported blocks                            blockNumber=12697601 slot=1 blocks=12697600 txs=1183925836 mgas=74528394 bps=41.54 tps=7695 mgps=609.6 avgBps=134.7 avgTps=12557 avgMGps=790.5 elapsed=1d2h11m
Sep 12 07:28:09 nimbus-eth1-mainnet-long-benchmark[2233876]: INF 2026-09-12 07:28:09.581+00:00 Imported blocks                            blockNumber=12705793 slot=1 blocks=12705792 txs=1185498721 mgas=74649179 bps=41.92 tps=8048 mgps=618.1 avgBps=134.5 avgTps=12548 avgMGps=790.1 elapsed=1d2h14m
Sep 12 07:31:20 nimbus-eth1-mainnet-long-benchmark[2233876]: INF 2026-09-12 07:31:20.946+00:00 Imported blocks                            blockNumber=12713985 slot=1 blocks=12713984 txs=1186941762 mgas=74768403 bps=42.81 tps=7540 mgps=623.0 avgBps=134.3 avgTps=12538 avgMGps=789.8 elapsed=1d2h17m
Sep 12 07:34:35 nimbus-eth1-mainnet-long-benchmark[2233876]: INF 2026-09-12 07:34:35.235+00:00 Imported blocks                            blockNumber=12722177 slot=1 blocks=12722176 txs=1188502265 mgas=74887114 bps=42.16 tps=8031 mgps=611.0 avgBps=134.1 avgTps=12528 avgMGps=789.4 elapsed=1d2h21m
Sep 12 07:37:58 nimbus-eth1-mainnet-long-benchmark[2233876]: INF 2026-09-12 07:37:58.523+00:00 Imported blocks                            blockNumber=12730369 slot=1 blocks=12730368 txs=1190212465 mgas=75007867 bps=40.30 tps=8412 mgps=594.0 avgBps=133.9 avgTps=12520 avgMGps=789.0 elapsed=1d2h24m
Sep 12 07:41:12 nimbus-eth1-mainnet-long-benchmark[2233876]: INF 2026-09-12 07:41:12.680+00:00 Imported blocks                            blockNumber=12738561 slot=1 blocks=12738560 txs=1191737978 mgas=75128441 bps=42.19 tps=7857 mgps=621.0 avgBps=133.7 avgTps=12510 avgMGps=788.7 elapsed=1d2h27m
Sep 12 07:44:25 nimbus-eth1-mainnet-long-benchmark[2233876]: INF 2026-09-12 07:44:25.897+00:00 Imported blocks                            blockNumber=12746753 slot=1 blocks=12746752 txs=1193283158 mgas=75248781 bps=42.40 tps=7997 mgps=622.8 avgBps=133.5 avgTps=12501 avgMGps=788.3 elapsed=1d2h30m
Sep 12 07:47:35 nimbus-eth1-mainnet-long-benchmark[2233876]: INF 2026-09-12 07:47:35.534+00:00 Imported blocks                            blockNumber=12754945 slot=1 blocks=12754944 txs=1194774367 mgas=75368399 bps=43.20 tps=7863 mgps=630.8 avgBps=133.4 avgTps=12492 avgMGps=788.0 elapsed=1d2h34m
Sep 12 07:50:48 nimbus-eth1-mainnet-long-benchmark[2233876]: INF 2026-09-12 07:50:48.455+00:00 Imported blocks                            blockNumber=12763137 slot=1 blocks=12763136 txs=1196193884 mgas=75487966 bps=42.46 tps=7357 mgps=619.8 avgBps=133.2 avgTps=12481 avgMGps=787.7 elapsed=1d2h37m
Sep 12 07:54:02 nimbus-eth1-mainnet-long-benchmark[2233876]: INF 2026-09-12 07:54:02.212+00:00 Imported blocks                            blockNumber=12771329 slot=1 blocks=12771328 txs=1197637486 mgas=75606721 bps=42.28 tps=7450 mgps=612.9 avgBps=133.0 avgTps=12471 avgMGps=787.3 elapsed=1d2h40m
Sep 12 07:57:05 nimbus-eth1-mainnet-long-benchmark[2233876]: INF 2026-09-12 07:57:05.457+00:00 Imported blocks                            blockNumber=12779521 slot=1 blocks=12779520 txs=1199387484 mgas=75727437 bps=44.71 tps=9550 mgps=658.8 avgBps=132.8 avgTps=12466 avgMGps=787.1 elapsed=1d2h43m
Sep 12 08:00:13 nimbus-eth1-mainnet-long-benchmark[2233876]: INF 2026-09-12 08:00:13.654+00:00 Imported blocks                            blockNumber=12787713 slot=1 blocks=12787712 txs=1201025307 mgas=75848230 bps=43.53 tps=8702 mgps=641.8 avgBps=132.7 avgTps=12458 avgMGps=786.8 elapsed=1d2h46m
Sep 12 08:03:21 nimbus-eth1-mainnet-long-benchmark[2233876]: INF 2026-09-12 08:03:21.555+00:00 Imported blocks                            blockNumber=12795905 slot=1 blocks=12795904 txs=1202573245 mgas=75968901 bps=43.60 tps=8237 mgps=642.2 avgBps=132.5 avgTps=12450 avgMGps=786.5 elapsed=1d2h49m
Sep 12 08:06:31 nimbus-eth1-mainnet-long-benchmark[2233876]: INF 2026-09-12 08:06:31.792+00:00 Imported blocks                            blockNumber=12804097 slot=1 blocks=12804096 txs=1204006645 mgas=76088685 bps=43.06 tps=7534 mgps=629.7 avgBps=132.3 avgTps=12441 avgMGps=786.2 elapsed=1d2h52m
Sep 12 08:09:39 nimbus-eth1-mainnet-long-benchmark[2233876]: INF 2026-09-12 08:09:39.629+00:00 Imported blocks                            blockNumber=12812289 slot=1 blocks=12812288 txs=1205475285 mgas=76208224 bps=43.61 tps=7818 mgps=636.4 avgBps=132.1 avgTps=12432 avgMGps=785.9 elapsed=1d2h56m
Sep 12 08:12:49 nimbus-eth1-mainnet-long-benchmark[2233876]: INF 2026-09-12 08:12:49.470+00:00 Imported blocks                            blockNumber=12820481 slot=1 blocks=12820480 txs=1207011307 mgas=76329230 bps=43.15 tps=8091 mgps=637.4 avgBps=132.0 avgTps=12423 avgMGps=785.6 elapsed=1d2h59m
Sep 12 08:16:03 nimbus-eth1-mainnet-long-benchmark[2233876]: INF 2026-09-12 08:16:03.019+00:00 Imported blocks                            blockNumber=12828673 slot=1 blocks=12828672 txs=1208555335 mgas=76449928 bps=42.33 tps=7977 mgps=623.6 avgBps=131.8 avgTps=12414 avgMGps=785.3 elapsed=1d3h2m
Sep 12 08:19:17 nimbus-eth1-mainnet-long-benchmark[2233876]: INF 2026-09-12 08:19:17.508+00:00 Imported blocks                            blockNumber=12836865 slot=1 blocks=12836864 txs=1210175087 mgas=76570749 bps=42.12 tps=8328 mgps=621.2 avgBps=131.6 avgTps=12406 avgMGps=785.0 elapsed=1d3h5m
Sep 12 08:22:26 nimbus-eth1-mainnet-long-benchmark[2233876]: INF 2026-09-12 08:22:26.913+00:00 Imported blocks                            blockNumber=12845057 slot=1 blocks=12845056 txs=1211706543 mgas=76691722 bps=43.25 tps=8085 mgps=638.7 avgBps=131.4 avgTps=12398 avgMGps=784.7 elapsed=1d3h8m
Sep 12 08:25:34 nimbus-eth1-mainnet-long-benchmark[2233876]: INF 2026-09-12 08:25:34.230+00:00 Imported blocks                            blockNumber=12853249 slot=1 blocks=12853248 txs=1213189567 mgas=76812710 bps=43.73 tps=7917 mgps=645.9 avgBps=131.3 avgTps=12389 avgMGps=784.4 elapsed=1d3h11m
Sep 12 08:28:49 nimbus-eth1-mainnet-long-benchmark[2233876]: INF 2026-09-12 08:28:49.559+00:00 Imported blocks                            blockNumber=12861441 slot=1 blocks=12861440 txs=1214709074 mgas=76933374 bps=41.94 tps=7779 mgps=617.8 avgBps=131.1 avgTps=12380 avgMGps=784.1 elapsed=1d3h15m
Sep 12 08:32:10 nimbus-eth1-mainnet-long-benchmark[2233876]: INF 2026-09-12 08:32:10.259+00:00 Imported blocks                            blockNumber=12869633 slot=1 blocks=12869632 txs=1216252711 mgas=77053985 bps=40.82 tps=7691 mgps=600.9 avgBps=130.9 avgTps=12370 avgMGps=783.7 elapsed=1d3h18m
Sep 12 08:35:31 nimbus-eth1-mainnet-long-benchmark[2233876]: INF 2026-09-12 08:35:31.368+00:00 Imported blocks                            blockNumber=12877825 slot=1 blocks=12877824 txs=1217803807 mgas=77174987 bps=40.73 tps=7712 mgps=601.7 avgBps=130.7 avgTps=12361 avgMGps=783.4 elapsed=1d3h21m
Sep 12 08:38:51 nimbus-eth1-mainnet-long-benchmark[2233876]: INF 2026-09-12 08:38:51.413+00:00 Imported blocks                            blockNumber=12886017 slot=1 blocks=12886016 txs=1219320016 mgas=77296040 bps=40.95 tps=7579 mgps=605.1 avgBps=130.5 avgTps=12351 avgMGps=783.0 elapsed=1d3h25m
Sep 12 08:42:17 nimbus-eth1-mainnet-long-benchmark[2233876]: INF 2026-09-12 08:42:17.890+00:00 Imported blocks                            blockNumber=12894209 slot=1 blocks=12894208 txs=1220837309 mgas=77416831 bps=39.67 tps=7348 mgps=585.0 avgBps=130.3 avgTps=12341 avgMGps=782.6 elapsed=1d3h28m
Sep 12 08:45:42 nimbus-eth1-mainnet-long-benchmark[2233876]: INF 2026-09-12 08:45:42.770+00:00 Imported blocks                            blockNumber=12902401 slot=1 blocks=12902400 txs=1222390833 mgas=77537916 bps=39.99 tps=7582 mgps=591.0 avgBps=130.2 avgTps=12331 avgMGps=782.2 elapsed=1d3h32m
Sep 12 08:49:06 nimbus-eth1-mainnet-long-benchmark[2233876]: INF 2026-09-12 08:49:06.963+00:00 Imported blocks                            blockNumber=12910593 slot=1 blocks=12910592 txs=1224084590 mgas=77659217 bps=40.12 tps=8294 mgps=594.0 avgBps=130.0 avgTps=12323 avgMGps=781.8 elapsed=1d3h35m
Sep 12 08:52:24 nimbus-eth1-mainnet-long-benchmark[2233876]: INF 2026-09-12 08:52:24.436+00:00 Imported blocks                            blockNumber=12918785 slot=1 blocks=12918784 txs=1225756634 mgas=77780558 bps=41.48 tps=8467 mgps=614.5 avgBps=129.8 avgTps=12315 avgMGps=781.5 elapsed=1d3h38m
Sep 12 08:55:43 nimbus-eth1-mainnet-long-benchmark[2233876]: INF 2026-09-12 08:55:43.789+00:00 Imported blocks                            blockNumber=12926977 slot=1 blocks=12926976 txs=1227412038 mgas=77901499 bps=41.09 tps=8303 mgps=606.7 avgBps=129.6 avgTps=12307 avgMGps=781.1 elapsed=1d3h42m
Sep 12 08:59:02 nimbus-eth1-mainnet-long-benchmark[2233876]: INF 2026-09-12 08:59:02.498+00:00 Imported blocks                            blockNumber=12935169 slot=1 blocks=12935168 txs=1228981944 mgas=78022426 bps=41.23 tps=7900 mgps=608.6 avgBps=129.4 avgTps=12298 avgMGps=780.8 elapsed=1d3h45m
Sep 12 09:02:28 nimbus-eth1-mainnet-long-benchmark[2233876]: INF 2026-09-12 09:02:28.578+00:00 Imported blocks                            blockNumber=12943361 slot=1 blocks=12943360 txs=1230522869 mgas=78143531 bps=39.75 tps=7477 mgps=587.7 avgBps=129.3 avgTps=12288 avgMGps=780.4 elapsed=1d3h48m
Sep 12 09:05:48 nimbus-eth1-mainnet-long-benchmark[2233876]: INF 2026-09-12 09:05:48.287+00:00 Imported blocks                            blockNumber=12951553 slot=1 blocks=12951552 txs=1232164557 mgas=78264547 bps=41.02 tps=8220 mgps=605.9 avgBps=129.1 avgTps=12280 avgMGps=780.0 elapsed=1d3h52m
Sep 12 09:09:08 nimbus-eth1-mainnet-long-benchmark[2233876]: INF 2026-09-12 09:09:08.064+00:00 Imported blocks                            blockNumber=12959745 slot=1 blocks=12959744 txs=1233728340 mgas=78385406 bps=41.01 tps=7827 mgps=605.0 avgBps=128.9 avgTps=12271 avgMGps=779.7 elapsed=1d3h55m
Sep 12 09:12:22 nimbus-eth1-mainnet-long-benchmark[2233876]: INF 2026-09-12 09:12:22.873+00:00 Imported blocks                            blockNumber=12967937 slot=1 blocks=12967936 txs=1235240637 mgas=78507091 bps=42.05 tps=7763 mgps=624.6 avgBps=128.7 avgTps=12263 avgMGps=779.4 elapsed=1d3h58m
Sep 12 09:15:40 nimbus-eth1-mainnet-long-benchmark[2233876]: INF 2026-09-12 09:15:40.306+00:00 Imported blocks                            blockNumber=12976129 slot=1 blocks=12976128 txs=1236757613 mgas=78633896 bps=41.49 tps=7683 mgps=642.3 avgBps=128.6 avgTps=12254 avgMGps=779.1 elapsed=1d4h2m
Sep 12 09:18:57 nimbus-eth1-mainnet-long-benchmark[2233876]: INF 2026-09-12 09:18:57.059+00:00 Imported blocks                            blockNumber=12984321 slot=1 blocks=12984320 txs=1238288328 mgas=78760777 bps=41.64 tps=7779 mgps=644.9 avgBps=128.4 avgTps=12245 avgMGps=778.9 elapsed=1d4h5m
Sep 12 09:22:15 nimbus-eth1-mainnet-long-benchmark[2233876]: INF 2026-09-12 09:22:15.703+00:00 Imported blocks                            blockNumber=12992513 slot=1 blocks=12992512 txs=1239788351 mgas=78887626 bps=41.24 tps=7551 mgps=638.6 avgBps=128.2 avgTps=12236 avgMGps=778.6 elapsed=1d4h8m
Sep 12 09:25:26 nimbus-eth1-mainnet-long-benchmark[2233876]: INF 2026-09-12 09:25:26.608+00:00 Imported blocks                            blockNumber=13000705 slot=1 blocks=13000704 txs=1241313413 mgas=79014389 bps=42.91 tps=7988 mgps=664.0 avgBps=128.1 avgTps=12228 avgMGps=778.4 elapsed=1d4h11m
Sep 12 09:28:39 nimbus-eth1-mainnet-long-benchmark[2233876]: INF 2026-09-12 09:28:39.885+00:00 Imported blocks                            blockNumber=13008897 slot=1 blocks=13008896 txs=1242884311 mgas=79141017 bps=42.39 tps=8127 mgps=655.2 avgBps=127.9 avgTps=12220 avgMGps=778.1 elapsed=1d4h15m
Sep 12 09:31:55 nimbus-eth1-mainnet-long-benchmark[2233876]: INF 2026-09-12 09:31:55.954+00:00 Imported blocks                            blockNumber=13017089 slot=1 blocks=13017088 txs=1244399381 mgas=79267733 bps=41.78 tps=7727 mgps=646.3 avgBps=127.7 avgTps=12211 avgMGps=777.9 elapsed=1d4h18m
Sep 12 09:35:04 nimbus-eth1-mainnet-long-benchmark[2233876]: INF 2026-09-12 09:35:04.671+00:00 Imported blocks                            blockNumber=13025281 slot=1 blocks=13025280 txs=1245890676 mgas=79394471 bps=43.41 tps=7902 mgps=671.6 avgBps=127.6 avgTps=12203 avgMGps=777.7 elapsed=1d4h21m
Sep 12 09:38:14 nimbus-eth1-mainnet-long-benchmark[2233876]: INF 2026-09-12 09:38:14.224+00:00 Imported blocks                            blockNumber=13033473 slot=1 blocks=13033472 txs=1247290123 mgas=79521272 bps=43.22 tps=7382 mgps=669.0 avgBps=127.4 avgTps=12194 avgMGps=777.5 elapsed=1d4h24m
Sep 12 09:41:30 nimbus-eth1-mainnet-long-benchmark[2233876]: INF 2026-09-12 09:41:30.705+00:00 Imported blocks                            blockNumber=13041665 slot=1 blocks=13041664 txs=1248902226 mgas=79647845 bps=41.69 tps=8204 mgps=644.2 avgBps=127.3 avgTps=12187 avgMGps=777.2 elapsed=1d4h27m
Sep 12 09:44:46 nimbus-eth1-mainnet-long-benchmark[2233876]: INF 2026-09-12 09:44:46.474+00:00 Imported blocks                            blockNumber=13049857 slot=1 blocks=13049856 txs=1250467115 mgas=79774415 bps=41.85 tps=7993 mgps=646.5 avgBps=127.1 avgTps=12179 avgMGps=777.0 elapsed=1d4h31m
Sep 12 09:48:04 nimbus-eth1-mainnet-long-benchmark[2233876]: INF 2026-09-12 09:48:04.535+00:00 Imported blocks                            blockNumber=13058049 slot=1 blocks=13058048 txs=1252017042 mgas=79900926 bps=41.36 tps=7825 mgps=638.7 avgBps=126.9 avgTps=12170 avgMGps=776.7 elapsed=1d4h34m
Sep 12 09:51:26 nimbus-eth1-mainnet-long-benchmark[2233876]: INF 2026-09-12 09:51:26.223+00:00 Imported blocks                            blockNumber=13066241 slot=1 blocks=13066240 txs=1253591882 mgas=80027575 bps=40.62 tps=7808 mgps=627.9 avgBps=126.8 avgTps=12162 avgMGps=776.4 elapsed=1d4h37m
Sep 12 09:54:48 nimbus-eth1-mainnet-long-benchmark[2233876]: INF 2026-09-12 09:54:48.304+00:00 Imported blocks                            blockNumber=13074433 slot=1 blocks=13074432 txs=1255109551 mgas=80154598 bps=40.54 tps=7510 mgps=628.6 avgBps=126.6 avgTps=12153 avgMGps=776.1 elapsed=1d4h41m
Sep 12 09:58:12 nimbus-eth1-mainnet-long-benchmark[2233876]: INF 2026-09-12 09:58:12.521+00:00 Imported blocks                            blockNumber=13082625 slot=1 blocks=13082624 txs=1256664799 mgas=80281800 bps=40.11 tps=7615 mgps=622.9 avgBps=126.4 avgTps=12144 avgMGps=775.8 elapsed=1d4h44m
Sep 12 10:01:28 nimbus-eth1-mainnet-long-benchmark[2233876]: INF 2026-09-12 10:01:28.562+00:00 Imported blocks                            blockNumber=13090817 slot=1 blocks=13090816 txs=1258220852 mgas=80408322 bps=41.79 tps=7937 mgps=645.4 avgBps=126.3 avgTps=12136 avgMGps=775.6 elapsed=1d4h47m
Sep 12 10:04:44 nimbus-eth1-mainnet-long-benchmark[2233876]: INF 2026-09-12 10:04:44.615+00:00 Imported blocks                            blockNumber=13099009 slot=1 blocks=13099008 txs=1259725713 mgas=80534813 bps=41.78 tps=7675 mgps=645.2 avgBps=126.1 avgTps=12127 avgMGps=775.3 elapsed=1d4h51m
Sep 12 10:07:59 nimbus-eth1-mainnet-long-benchmark[2233876]: INF 2026-09-12 10:07:59.320+00:00 Imported blocks                            blockNumber=13107201 slot=1 blocks=13107200 txs=1261207779 mgas=80661318 bps=42.07 tps=7611 mgps=649.7 avgBps=126.0 avgTps=12119 avgMGps=775.1 elapsed=1d4h54m
Sep 12 10:11:05 nimbus-eth1-mainnet-long-benchmark[2233876]: INF 2026-09-12 10:11:05.489+00:00 Imported blocks                            blockNumber=13115393 slot=1 blocks=13115392 txs=1262634153 mgas=80787800 bps=44.00 tps=7661 mgps=679.4 avgBps=125.8 avgTps=12111 avgMGps=774.9 elapsed=1d4h57m
Sep 12 10:14:13 nimbus-eth1-mainnet-long-benchmark[2233876]: INF 2026-09-12 10:14:13.226+00:00 Imported blocks                            blockNumber=13123585 slot=1 blocks=13123584 txs=1264056805 mgas=80914376 bps=43.64 tps=7578 mgps=674.2 avgBps=125.7 avgTps=12103 avgMGps=774.8 elapsed=1d5h38s
Sep 12 10:17:28 nimbus-eth1-mainnet-long-benchmark[2233876]: INF 2026-09-12 10:17:28.022+00:00 Imported blocks                            blockNumber=13131777 slot=1 blocks=13131776 txs=1265557474 mgas=81040878 bps=42.05 tps=7703 mgps=649.4 avgBps=125.5 avgTps=12095 avgMGps=774.5 elapsed=1d5h3m
Sep 12 10:20:39 nimbus-eth1-mainnet-long-benchmark[2233876]: INF 2026-09-12 10:20:39.687+00:00 Imported blocks                            blockNumber=13139969 slot=1 blocks=13139968 txs=1267138426 mgas=81167379 bps=42.74 tps=8248 mgps=660.0 avgBps=125.4 avgTps=12088 avgMGps=774.3 elapsed=1d5h7m
Sep 12 10:23:40 nimbus-eth1-mainnet-long-benchmark[2233876]: INF 2026-09-12 10:23:40.880+00:00 Imported blocks                            blockNumber=13148161 slot=1 blocks=13148160 txs=1268710617 mgas=81293960 bps=45.21 tps=8676 mgps=698.6 avgBps=125.2 avgTps=12082 avgMGps=774.2 elapsed=1d5h10m
Sep 12 10:26:33 nimbus-eth1-mainnet-long-benchmark[2233876]: INF 2026-09-12 10:26:33.254+00:00 Imported blocks                            blockNumber=13156353 slot=1 blocks=13156352 txs=1270213280 mgas=81420395 bps=47.53 tps=8717 mgps=733.5 avgBps=125.1 avgTps=12076 avgMGps=774.1 elapsed=1d5h12m
Sep 12 10:29:29 nimbus-eth1-mainnet-long-benchmark[2233876]: INF 2026-09-12 10:29:29.111+00:00 Imported blocks                            blockNumber=13164545 slot=1 blocks=13164544 txs=1271709087 mgas=81547263 bps=46.58 tps=8505 mgps=721.4 avgBps=125.0 avgTps=12070 avgMGps=774.0 elapsed=1d5h15m
Sep 12 10:32:31 nimbus-eth1-mainnet-long-benchmark[2233876]: INF 2026-09-12 10:32:31.352+00:00 Imported blocks                            blockNumber=13172737 slot=1 blocks=13172736 txs=1273194707 mgas=81674021 bps=44.95 tps=8152 mgps=695.6 avgBps=124.8 avgTps=12064 avgMGps=773.9 elapsed=1d5h18m
Sep 12 10:35:37 nimbus-eth1-mainnet-long-benchmark[2233876]: INF 2026-09-12 10:35:37.609+00:00 Imported blocks                            blockNumber=13180929 slot=1 blocks=13180928 txs=1274818990 mgas=81800466 bps=43.98 tps=8720 mgps=678.9 avgBps=124.7 avgTps=12058 avgMGps=773.7 elapsed=1d5h22m
Sep 12 10:38:34 nimbus-eth1-mainnet-long-benchmark[2233876]: INF 2026-09-12 10:38:34.878+00:00 Imported blocks                            blockNumber=13189121 slot=1 blocks=13189120 txs=1276306783 mgas=81926920 bps=46.21 tps=8392 mgps=713.4 avgBps=124.5 avgTps=12052 avgMGps=773.6 elapsed=1d5h24m
Sep 12 10:41:42 nimbus-eth1-mainnet-long-benchmark[2233876]: INF 2026-09-12 10:41:42.903+00:00 Imported blocks                            blockNumber=13197313 slot=1 blocks=13197312 txs=1277896870 mgas=82053368 bps=43.57 tps=8456 mgps=672.5 avgBps=124.4 avgTps=12045 avgMGps=773.4 elapsed=1d5h28m
Sep 12 10:45:00 nimbus-eth1-mainnet-long-benchmark[2233876]: INF 2026-09-12 10:45:00.320+00:00 Imported blocks                            blockNumber=13205505 slot=1 blocks=13205504 txs=1279500827 mgas=82179877 bps=41.50 tps=8124 mgps=640.8 avgBps=124.2 avgTps=12038 avgMGps=773.2 elapsed=1d5h31m
Sep 12 10:48:17 nimbus-eth1-mainnet-long-benchmark[2233876]: INF 2026-09-12 10:48:17.437+00:00 Imported blocks                            blockNumber=13213697 slot=1 blocks=13213696 txs=1281016446 mgas=82306526 bps=41.56 tps=7689 mgps=642.5 avgBps=124.1 avgTps=12030 avgMGps=773.0 elapsed=1d5h34m
Sep 12 10:51:31 nimbus-eth1-mainnet-long-benchmark[2233876]: INF 2026-09-12 10:51:31.114+00:00 Imported blocks                            blockNumber=13221889 slot=1 blocks=13221888 txs=1282610952 mgas=82433007 bps=42.30 tps=8232 mgps=653.1 avgBps=123.9 avgTps=12023 avgMGps=772.7 elapsed=1d5h37m
Sep 12 10:54:48 nimbus-eth1-mainnet-long-benchmark[2233876]: INF 2026-09-12 10:54:48.051+00:00 Imported blocks                            blockNumber=13230081 slot=1 blocks=13230080 txs=1284182409 mgas=82559549 bps=41.60 tps=7979 mgps=642.6 avgBps=123.8 avgTps=12015 avgMGps=772.5 elapsed=1d5h41m
Sep 12 10:58:02 nimbus-eth1-mainnet-long-benchmark[2233876]: INF 2026-09-12 10:58:02.108+00:00 Imported blocks                            blockNumber=13238273 slot=1 blocks=13238272 txs=1285717811 mgas=82686140 bps=42.21 tps=7912 mgps=652.3 avgBps=123.6 avgTps=12008 avgMGps=772.3 elapsed=1d5h44m
Sep 12 11:01:09 nimbus-eth1-mainnet-long-benchmark[2233876]: INF 2026-09-12 11:01:09.253+00:00 Imported blocks                            blockNumber=13246465 slot=1 blocks=13246464 txs=1287211128 mgas=82812594 bps=43.77 tps=7979 mgps=675.7 avgBps=123.5 avgTps=12001 avgMGps=772.1 elapsed=1d5h47m
Sep 12 11:04:30 nimbus-eth1-mainnet-long-benchmark[2233876]: INF 2026-09-12 11:04:30.121+00:00 Imported blocks                            blockNumber=13254657 slot=1 blocks=13254656 txs=1288643650 mgas=82939089 bps=40.78 tps=7131 mgps=629.7 avgBps=123.4 avgTps=11992 avgMGps=771.8 elapsed=1d5h50m
Sep 12 11:07:51 nimbus-eth1-mainnet-long-benchmark[2233876]: INF 2026-09-12 11:07:51.774+00:00 Imported blocks                            blockNumber=13262849 slot=1 blocks=13262848 txs=1290131691 mgas=83065692 bps=40.62 tps=7379 mgps=627.8 avgBps=123.2 avgTps=11983 avgMGps=771.6 elapsed=1d5h54m
Sep 12 11:11:03 nimbus-eth1-mainnet-long-benchmark[2233876]: INF 2026-09-12 11:11:03.435+00:00 Imported blocks                            blockNumber=13271041 slot=1 blocks=13271040 txs=1291619527 mgas=83192060 bps=42.74 tps=7762 mgps=659.3 avgBps=123.1 avgTps=11976 avgMGps=771.4 elapsed=1d5h57m
Sep 12 11:14:22 nimbus-eth1-mainnet-long-benchmark[2233876]: INF 2026-09-12 11:14:22.796+00:00 Imported blocks                            blockNumber=13279233 slot=1 blocks=13279232 txs=1293102021 mgas=83318326 bps=41.09 tps=7436 mgps=633.4 avgBps=122.9 avgTps=11967 avgMGps=771.1 elapsed=1d6h47s
Sep 12 11:17:37 nimbus-eth1-mainnet-long-benchmark[2233876]: INF 2026-09-12 11:17:37.905+00:00 Imported blocks                            blockNumber=13287425 slot=1 blocks=13287424 txs=1294642727 mgas=83444616 bps=41.99 tps=7896 mgps=647.3 avgBps=122.8 avgTps=11960 avgMGps=770.9 elapsed=1d6h4m
Sep 12 11:20:56 nimbus-eth1-mainnet-long-benchmark[2233876]: INF 2026-09-12 11:20:56.454+00:00 Imported blocks                            blockNumber=13295617 slot=1 blocks=13295616 txs=1296073940 mgas=83571033 bps=41.26 tps=7208 mgps=636.7 avgBps=122.6 avgTps=11951 avgMGps=770.7 elapsed=1d6h7m
Sep 12 11:24:11 nimbus-eth1-mainnet-long-benchmark[2233876]: INF 2026-09-12 11:24:11.075+00:00 Imported blocks                            blockNumber=13303809 slot=1 blocks=13303808 txs=1297455582 mgas=83697410 bps=42.09 tps=7099 mgps=649.4 avgBps=122.5 avgTps=11943 avgMGps=770.4 elapsed=1d6h10m
Sep 12 11:27:22 nimbus-eth1-mainnet-long-benchmark[2233876]: INF 2026-09-12 11:27:22.660+00:00 Imported blocks                            blockNumber=13312001 slot=1 blocks=13312000 txs=1298880782 mgas=83823825 bps=42.76 tps=7438 mgps=659.8 avgBps=122.3 avgTps=11935 avgMGps=770.2 elapsed=1d6h13m
Sep 12 11:30:38 nimbus-eth1-mainnet-long-benchmark[2233876]: INF 2026-09-12 11:30:38.837+00:00 Imported blocks                            blockNumber=13320193 slot=1 blocks=13320192 txs=1300327224 mgas=83950258 bps=41.76 tps=7373 mgps=644.5 avgBps=122.2 avgTps=11926 avgMGps=770.0 elapsed=1d6h17m
Sep 12 11:33:54 nimbus-eth1-mainnet-long-benchmark[2233876]: INF 2026-09-12 11:33:54.897+00:00 Imported blocks                            blockNumber=13328385 slot=1 blocks=13328384 txs=1301778792 mgas=84076784 bps=41.78 tps=7403 mgps=645.3 avgBps=122.0 avgTps=11918 avgMGps=769.8 elapsed=1d6h20m
Sep 12 11:37:05 nimbus-eth1-mainnet-long-benchmark[2233876]: INF 2026-09-12 11:37:05.050+00:00 Imported blocks                            blockNumber=13336577 slot=1 blocks=13336576 txs=1303267242 mgas=84203227 bps=43.08 tps=7827 mgps=665.0 avgBps=121.9 avgTps=11911 avgMGps=769.6 elapsed=1d6h23m
Sep 12 11:40:29 nimbus-eth1-mainnet-long-benchmark[2233876]: INF 2026-09-12 11:40:29.751+00:00 Imported blocks                            blockNumber=13344769 slot=1 blocks=13344768 txs=1304716071 mgas=84329698 bps=40.02 tps=7077 mgps=617.8 avgBps=121.7 avgTps=11902 avgMGps=769.3 elapsed=1d6h26m
Sep 12 11:43:52 nimbus-eth1-mainnet-long-benchmark[2233876]: INF 2026-09-12 11:43:52.176+00:00 Imported blocks                            blockNumber=13352961 slot=1 blocks=13352960 txs=1306151457 mgas=84456172 bps=40.47 tps=7091 mgps=624.8 avgBps=121.6 avgTps=11893 avgMGps=769.1 elapsed=1d6h30m
Sep 12 11:47:07 nimbus-eth1-mainnet-long-benchmark[2233876]: INF 2026-09-12 11:47:07.401+00:00 Imported blocks                            blockNumber=13361153 slot=1 blocks=13361152 txs=1307688661 mgas=84582713 bps=41.96 tps=7874 mgps=648.2 avgBps=121.5 avgTps=11886 avgMGps=768.8 elapsed=1d6h33m
Sep 12 11:50:24 nimbus-eth1-mainnet-long-benchmark[2233876]: INF 2026-09-12 11:50:23.998+00:00 Imported blocks                            blockNumber=13369345 slot=1 blocks=13369344 txs=1309395020 mgas=84709096 bps=41.67 tps=8679 mgps=642.9 avgBps=121.3 avgTps=11881 avgMGps=768.6 elapsed=1d6h36m
Sep 12 11:53:40 nimbus-eth1-mainnet-long-benchmark[2233876]: INF 2026-09-12 11:53:40.207+00:00 Imported blocks                            blockNumber=13377537 slot=1 blocks=13377536 txs=1311134336 mgas=84835548 bps=41.75 tps=8864 mgps=644.5 avgBps=121.2 avgTps=11875 avgMGps=768.4 elapsed=1d6h40m
Sep 12 11:56:56 nimbus-eth1-mainnet-long-benchmark[2233876]: INF 2026-09-12 11:56:56.239+00:00 Imported blocks                            blockNumber=13385729 slot=1 blocks=13385728 txs=1312693933 mgas=84962012 bps=41.79 tps=7955 mgps=645.1 avgBps=121.0 avgTps=11868 avgMGps=768.2 elapsed=1d6h43m
Sep 12 12:00:18 nimbus-eth1-mainnet-long-benchmark[2233876]: INF 2026-09-12 12:00:18.036+00:00 Imported blocks                            blockNumber=13393921 slot=1 blocks=13393920 txs=1314158261 mgas=85088480 bps=40.60 tps=7256 mgps=626.7 avgBps=120.9 avgTps=11860 avgMGps=767.9 elapsed=1d6h46m
Sep 12 12:03:31 nimbus-eth1-mainnet-long-benchmark[2233876]: INF 2026-09-12 12:03:31.085+00:00 Imported blocks                            blockNumber=13402113 slot=1 blocks=13402112 txs=1315685809 mgas=85215099 bps=42.43 tps=7912 mgps=655.9 avgBps=120.7 avgTps=11853 avgMGps=767.7 elapsed=1d6h49m
Sep 12 12:06:49 nimbus-eth1-mainnet-long-benchmark[2233876]: INF 2026-09-12 12:06:49.226+00:00 Imported blocks                            blockNumber=13410305 slot=1 blocks=13410304 txs=1317226376 mgas=85341612 bps=41.35 tps=7775 mgps=638.5 avgBps=120.6 avgTps=11846 avgMGps=767.5 elapsed=1d6h53m
Sep 12 12:10:03 nimbus-eth1-mainnet-long-benchmark[2233876]: INF 2026-09-12 12:10:03.743+00:00 Imported blocks                            blockNumber=13418497 slot=1 blocks=13418496 txs=1318805417 mgas=85468269 bps=42.11 tps=8117 mgps=651.1 avgBps=120.5 avgTps=11839 avgMGps=767.3 elapsed=1d6h56m
Sep 12 12:13:11 nimbus-eth1-mainnet-long-benchmark[2233876]: INF 2026-09-12 12:13:11.932+00:00 Imported blocks                            blockNumber=13426689 slot=1 blocks=13426688 txs=1320457421 mgas=85594671 bps=43.53 tps=8778 mgps=671.7 avgBps=120.3 avgTps=11834 avgMGps=767.1 elapsed=1d6h59m
Sep 12 12:16:29 nimbus-eth1-mainnet-long-benchmark[2233876]: INF 2026-09-12 12:16:29.945+00:00 Imported blocks                            blockNumber=13434881 slot=1 blocks=13434880 txs=1321941679 mgas=85721047 bps=41.37 tps=7495 mgps=638.2 avgBps=120.2 avgTps=11826 avgMGps=766.9 elapsed=1d7h2m
Sep 12 12:19:55 nimbus-eth1-mainnet-long-benchmark[2233876]: INF 2026-09-12 12:19:55.406+00:00 Imported blocks                            blockNumber=13443073 slot=1 blocks=13443072 txs=1323495064 mgas=85847571 bps=39.87 tps=7560 mgps=615.8 avgBps=120.0 avgTps=11818 avgMGps=766.6 elapsed=1d7h6m
Sep 12 12:23:11 nimbus-eth1-mainnet-long-benchmark[2233876]: INF 2026-09-12 12:23:11.826+00:00 Imported blocks                            blockNumber=13451265 slot=1 blocks=13451264 txs=1325040570 mgas=85973964 bps=41.71 tps=7868 mgps=643.5 avgBps=119.9 avgTps=11812 avgMGps=766.4 elapsed=1d7h9m
Sep 12 12:26:32 nimbus-eth1-mainnet-long-benchmark[2233876]: INF 2026-09-12 12:26:32.923+00:00 Imported blocks                            blockNumber=13459457 slot=1 blocks=13459456 txs=1326658230 mgas=86100474 bps=40.74 tps=8044 mgps=629.1 avgBps=119.8 avgTps=11805 avgMGps=766.2 elapsed=1d7h12m
Sep 12 12:29:53 nimbus-eth1-mainnet-long-benchmark[2233876]: INF 2026-09-12 12:29:53.376+00:00 Imported blocks                            blockNumber=13467649 slot=1 blocks=13467648 txs=1328275390 mgas=86227013 bps=40.87 tps=8067 mgps=631.3 avgBps=119.6 avgTps=11798 avgMGps=765.9 elapsed=1d7h16m
Sep 12 12:33:15 nimbus-eth1-mainnet-long-benchmark[2233876]: INF 2026-09-12 12:33:15.065+00:00 Imported blocks                            blockNumber=13475841 slot=1 blocks=13475840 txs=1329873278 mgas=86353618 bps=40.62 tps=7922 mgps=627.7 avgBps=119.5 avgTps=11791 avgMGps=765.7 elapsed=1d7h19m
Sep 12 12:36:36 nimbus-eth1-mainnet-long-benchmark[2233876]: INF 2026-09-12 12:36:36.274+00:00 Imported blocks                            blockNumber=13484033 slot=1 blocks=13484032 txs=1331480832 mgas=86480197 bps=40.71 tps=7989 mgps=629.1 avgBps=119.3 avgTps=11784 avgMGps=765.4 elapsed=1d7h23m
Sep 12 12:39:55 nimbus-eth1-mainnet-long-benchmark[2233876]: INF 2026-09-12 12:39:55.555+00:00 Imported blocks                            blockNumber=13492225 slot=1 blocks=13492224 txs=1333173983 mgas=86606708 bps=41.11 tps=8496 mgps=634.8 avgBps=119.2 avgTps=11779 avgMGps=765.2 elapsed=1d7h26m
Sep 12 12:43:07 nimbus-eth1-mainnet-long-benchmark[2233876]: INF 2026-09-12 12:43:07.920+00:00 Imported blocks                            blockNumber=13500417 slot=1 blocks=13500416 txs=1334904938 mgas=86733322 bps=42.59 tps=8998 mgps=658.2 avgBps=119.1 avgTps=11774 avgMGps=765.0 elapsed=1d7h29m
Sep 12 12:46:18 nimbus-eth1-mainnet-long-benchmark[2233876]: INF 2026-09-12 12:46:18.837+00:00 Imported blocks                            blockNumber=13508609 slot=1 blocks=13508608 txs=1336811968 mgas=86859774 bps=42.91 tps=9988 mgps=662.3 avgBps=119.0 avgTps=11771 avgMGps=764.9 elapsed=1d7h32m
Sep 12 12:49:34 nimbus-eth1-mainnet-long-benchmark[2233876]: INF 2026-09-12 12:49:34.854+00:00 Imported blocks                            blockNumber=13516801 slot=1 blocks=13516800 txs=1338672694 mgas=86986318 bps=41.79 tps=9492 mgps=645.6 avgBps=118.8 avgTps=11767 avgMGps=764.6 elapsed=1d7h35m
Sep 12 12:52:51 nimbus-eth1-mainnet-long-benchmark[2233876]: INF 2026-09-12 12:52:51.355+00:00 Imported blocks                            blockNumber=13524993 slot=1 blocks=13524992 txs=1340416192 mgas=87112821 bps=41.69 tps=8872 mgps=643.8 avgBps=118.7 avgTps=11762 avgMGps=764.4 elapsed=1d7h39m
Sep 12 12:56:08 nimbus-eth1-mainnet-long-benchmark[2233876]: INF 2026-09-12 12:56:08.256+00:00 Imported blocks                            blockNumber=13533185 slot=1 blocks=13533184 txs=1342115747 mgas=87239358 bps=41.60 tps=8631 mgps=642.6 avgBps=118.6 avgTps=11757 avgMGps=764.2 elapsed=1d7h42m
Sep 12 12:59:23 nimbus-eth1-mainnet-long-benchmark[2233876]: INF 2026-09-12 12:59:23.688+00:00 Imported blocks                            blockNumber=13541377 slot=1 blocks=13541376 txs=1343913427 mgas=87365802 bps=41.92 tps=9198 mgps=647.0 avgBps=118.4 avgTps=11752 avgMGps=764.0 elapsed=1d7h45m
Sep 12 13:02:46 nimbus-eth1-mainnet-long-benchmark[2233876]: INF 2026-09-12 13:02:46.705+00:00 Imported blocks                            blockNumber=13549569 slot=1 blocks=13549568 txs=1345719839 mgas=87492241 bps=40.35 tps=8897 mgps=622.8 avgBps=118.3 avgTps=11747 avgMGps=763.8 elapsed=1d7h49m
Sep 12 13:06:04 nimbus-eth1-mainnet-long-benchmark[2233876]: INF 2026-09-12 13:06:04.414+00:00 Imported blocks                            blockNumber=13557761 slot=1 blocks=13557760 txs=1347446083 mgas=87618720 bps=41.43 tps=8731 mgps=639.7 avgBps=118.2 avgTps=11742 avgMGps=763.6 elapsed=1d7h52m
Sep 12 13:09:24 nimbus-eth1-mainnet-long-benchmark[2233876]: INF 2026-09-12 13:09:24.979+00:00 Imported blocks                            blockNumber=13565953 slot=1 blocks=13565952 txs=1349084368 mgas=87745067 bps=40.84 tps=8168 mgps=629.9 avgBps=118.0 avgTps=11736 avgMGps=763.3 elapsed=1d7h55m
Sep 12 13:12:51 nimbus-eth1-mainnet-long-benchmark[2233876]: INF 2026-09-12 13:12:51.112+00:00 Imported blocks                            blockNumber=13574145 slot=1 blocks=13574144 txs=1350719082 mgas=87871516 bps=39.74 tps=7930 mgps=613.4 avgBps=117.9 avgTps=11729 avgMGps=763.1 elapsed=1d7h59m
Sep 12 13:16:05 nimbus-eth1-mainnet-long-benchmark[2233876]: INF 2026-09-12 13:16:05.197+00:00 Imported blocks                            blockNumber=13582337 slot=1 blocks=13582336 txs=1352438021 mgas=87998042 bps=42.21 tps=8856 mgps=651.9 avgBps=117.7 avgTps=11724 avgMGps=762.9 elapsed=1d8h2m
Sep 12 13:19:21 nimbus-eth1-mainnet-long-benchmark[2233876]: INF 2026-09-12 13:19:21.101+00:00 Imported blocks                            blockNumber=13590529 slot=1 blocks=13590528 txs=1354206734 mgas=88124459 bps=41.82 tps=9028 mgps=645.3 avgBps=117.6 avgTps=11720 avgMGps=762.7 elapsed=1d8h5m
Sep 12 13:22:32 nimbus-eth1-mainnet-long-benchmark[2233876]: INF 2026-09-12 13:22:32.966+00:00 Imported blocks                            blockNumber=13598721 slot=1 blocks=13598720 txs=1355938310 mgas=88250869 bps=42.70 tps=9025 mgps=658.9 avgBps=117.5 avgTps=11715 avgMGps=762.5 elapsed=1d8h8m
Sep 12 13:25:44 nimbus-eth1-mainnet-long-benchmark[2233876]: INF 2026-09-12 13:25:44.151+00:00 Imported blocks                            blockNumber=13606913 slot=1 blocks=13606912 txs=1357653006 mgas=88377064 bps=42.85 tps=8968 mgps=660.1 avgBps=117.4 avgTps=11711 avgMGps=762.3 elapsed=1d8h12m
Sep 12 13:29:10 nimbus-eth1-mainnet-long-benchmark[2233876]: INF 2026-09-12 13:29:10.004+00:00 Imported blocks                            blockNumber=13615105 slot=1 blocks=13615104 txs=1359315695 mgas=88503397 bps=39.80 tps=8077 mgps=613.7 avgBps=117.2 avgTps=11704 avgMGps=762.1 elapsed=1d8h15m
Sep 12 13:32:24 nimbus-eth1-mainnet-long-benchmark[2233876]: INF 2026-09-12 13:32:24.049+00:00 Imported blocks                            blockNumber=13623297 slot=1 blocks=13623296 txs=1360975039 mgas=88629751 bps=42.22 tps=8551 mgps=651.2 avgBps=117.1 avgTps=11699 avgMGps=761.9 elapsed=1d8h18m
Sep 12 13:35:42 nimbus-eth1-mainnet-long-benchmark[2233876]: INF 2026-09-12 13:35:42.726+00:00 Imported blocks                            blockNumber=13631489 slot=1 blocks=13631488 txs=1362663365 mgas=88755919 bps=41.23 tps=8497 mgps=635.0 avgBps=117.0 avgTps=11693 avgMGps=761.7 elapsed=1d8h22m
Sep 12 13:39:06 nimbus-eth1-mainnet-long-benchmark[2233876]: INF 2026-09-12 13:39:06.751+00:00 Imported blocks                            blockNumber=13639681 slot=1 blocks=13639680 txs=1364403708 mgas=88882277 bps=40.15 tps=8529 mgps=619.3 avgBps=116.8 avgTps=11688 avgMGps=761.4 elapsed=1d8h25m
Sep 12 13:42:24 nimbus-eth1-mainnet-long-benchmark[2233876]: INF 2026-09-12 13:42:24.652+00:00 Imported blocks                            blockNumber=13647873 slot=1 blocks=13647872 txs=1366060245 mgas=89008598 bps=41.39 tps=8370 mgps=638.3 avgBps=116.7 avgTps=11682 avgMGps=761.2 elapsed=1d8h28m
Sep 12 13:45:45 nimbus-eth1-mainnet-long-benchmark[2233876]: INF 2026-09-12 13:45:45.952+00:00 Imported blocks                            blockNumber=13656065 slot=1 blocks=13656064 txs=1367565027 mgas=89134827 bps=40.70 tps=7475 mgps=627.1 avgBps=116.6 avgTps=11675 avgMGps=761.0 elapsed=1d8h32m
Sep 12 13:49:08 nimbus-eth1-mainnet-long-benchmark[2233876]: INF 2026-09-12 13:49:08.373+00:00 Imported blocks                            blockNumber=13664257 slot=1 blocks=13664256 txs=1369192144 mgas=89261151 bps=40.47 tps=8038 mgps=624.1 avgBps=116.5 avgTps=11669 avgMGps=760.7 elapsed=1d8h35m
Sep 12 13:52:24 nimbus-eth1-mainnet-long-benchmark[2233876]: INF 2026-09-12 13:52:24.902+00:00 Imported blocks                            blockNumber=13672449 slot=1 blocks=13672448 txs=1370809516 mgas=89387549 bps=41.68 tps=8229 mgps=643.1 avgBps=116.3 avgTps=11663 avgMGps=760.6 elapsed=1d8h38m
Sep 12 13:55:46 nimbus-eth1-mainnet-long-benchmark[2233876]: INF 2026-09-12 13:55:46.943+00:00 Imported blocks                            blockNumber=13680641 slot=1 blocks=13680640 txs=1372527198 mgas=89513734 bps=40.55 tps=8501 mgps=624.6 avgBps=116.2 avgTps=11658 avgMGps=760.3 elapsed=1d8h42m
Sep 12 13:59:08 nimbus-eth1-mainnet-long-benchmark[2233876]: INF 2026-09-12 13:59:08.636+00:00 Imported blocks                            blockNumber=13688833 slot=1 blocks=13688832 txs=1374209073 mgas=89640153 bps=40.62 tps=8338 mgps=626.8 avgBps=116.1 avgTps=11652 avgMGps=760.1 elapsed=1d8h45m
Sep 12 14:02:31 nimbus-eth1-mainnet-long-benchmark[2233876]: INF 2026-09-12 14:02:31.304+00:00 Imported blocks                            blockNumber=13697025 slot=1 blocks=13697024 txs=1375869015 mgas=89766367 bps=40.42 tps=8190 mgps=622.8 avgBps=115.9 avgTps=11646 avgMGps=759.9 elapsed=1d8h48m
Sep 12 14:05:48 nimbus-eth1-mainnet-long-benchmark[2233876]: INF 2026-09-12 14:05:48.769+00:00 Imported blocks                            blockNumber=13705217 slot=1 blocks=13705216 txs=1377362106 mgas=89892810 bps=41.49 tps=7561 mgps=640.3 avgBps=115.8 avgTps=11639 avgMGps=759.7 elapsed=1d8h52m
Sep 12 14:09:08 nimbus-eth1-mainnet-long-benchmark[2233876]: INF 2026-09-12 14:09:08.846+00:00 Imported blocks                            blockNumber=13713409 slot=1 blocks=13713408 txs=1379002083 mgas=90019155 bps=40.94 tps=8196 mgps=631.5 avgBps=115.7 avgTps=11633 avgMGps=759.4 elapsed=1d8h55m
Sep 12 14:12:24 nimbus-eth1-mainnet-long-benchmark[2233876]: INF 2026-09-12 14:12:24.251+00:00 Imported blocks                            blockNumber=13721601 slot=1 blocks=13721600 txs=1380639811 mgas=90145562 bps=41.92 tps=8380 mgps=646.9 avgBps=115.6 avgTps=11628 avgMGps=759.3 elapsed=1d8h58m
Sep 12 14:15:46 nimbus-eth1-mainnet-long-benchmark[2233876]: INF 2026-09-12 14:15:46.316+00:00 Imported blocks                            blockNumber=13729793 slot=1 blocks=13729792 txs=1382302579 mgas=90271817 bps=40.54 tps=8228 mgps=624.8 avgBps=115.4 avgTps=11622 avgMGps=759.0 elapsed=1d9h2m
Sep 12 14:19:09 nimbus-eth1-mainnet-long-benchmark[2233876]: INF 2026-09-12 14:19:09.301+00:00 Imported blocks                            blockNumber=13737985 slot=1 blocks=13737984 txs=1383874808 mgas=90398300 bps=40.36 tps=7745 mgps=623.1 avgBps=115.3 avgTps=11616 avgMGps=758.8 elapsed=1d9h5m
Sep 12 14:22:37 nimbus-eth1-mainnet-long-benchmark[2233876]: INF 2026-09-12 14:22:37.265+00:00 Imported blocks                            blockNumber=13746177 slot=1 blocks=13746176 txs=1385501332 mgas=90524376 bps=39.39 tps=7821 mgps=606.2 avgBps=115.2 avgTps=11609 avgMGps=758.5 elapsed=1d9h9m
Sep 12 14:26:10 nimbus-eth1-mainnet-long-benchmark[2233876]: INF 2026-09-12 14:26:10.518+00:00 Imported blocks                            blockNumber=13754369 slot=1 blocks=13754368 txs=1387310478 mgas=90650763 bps=38.42 tps=8483 mgps=592.7 avgBps=115.0 avgTps=11603 avgMGps=758.2 elapsed=1d9h12m
Sep 12 14:29:35 nimbus-eth1-mainnet-long-benchmark[2233876]: INF 2026-09-12 14:29:35.279+00:00 Imported blocks                            blockNumber=13762561 slot=1 blocks=13762560 txs=1388914426 mgas=90777119 bps=40.01 tps=7833 mgps=617.1 avgBps=114.9 avgTps=11597 avgMGps=758.0 elapsed=1d9h16m
Sep 12 14:33:08 nimbus-eth1-mainnet-long-benchmark[2233876]: INF 2026-09-12 14:33:08.179+00:00 Imported blocks                            blockNumber=13770753 slot=1 blocks=13770752 txs=1390627436 mgas=90903482 bps=38.48 tps=8046 mgps=593.5 avgBps=114.8 avgTps=11591 avgMGps=757.7 elapsed=1d9h19m
Sep 12 14:36:38 nimbus-eth1-mainnet-long-benchmark[2233876]: INF 2026-09-12 14:36:38.388+00:00 Imported blocks                            blockNumber=13778945 slot=1 blocks=13778944 txs=1392222598 mgas=91029840 bps=38.97 tps=7588 mgps=601.1 avgBps=114.6 avgTps=11584 avgMGps=757.4 elapsed=1d9h23m
Sep 12 14:40:01 nimbus-eth1-mainnet-long-benchmark[2233876]: INF 2026-09-12 14:40:01.053+00:00 Imported blocks                            blockNumber=13787137 slot=1 blocks=13787136 txs=1393725893 mgas=91156434 bps=40.42 tps=7417 mgps=624.7 avgBps=114.5 avgTps=11577 avgMGps=757.2 elapsed=1d9h26m
Sep 12 14:43:26 nimbus-eth1-mainnet-long-benchmark[2233876]: INF 2026-09-12 14:43:26.769+00:00 Imported blocks                            blockNumber=13795329 slot=1 blocks=13795328 txs=1395218342 mgas=91283089 bps=39.82 tps=7254 mgps=615.7 avgBps=114.4 avgTps=11569 avgMGps=757.0 elapsed=1d9h29m
Sep 12 14:46:54 nimbus-eth1-mainnet-long-benchmark[2233876]: INF 2026-09-12 14:46:54.422+00:00 Imported blocks                            blockNumber=13803521 slot=1 blocks=13803520 txs=1396769123 mgas=91409571 bps=39.45 tps=7468 mgps=609.1 avgBps=114.3 avgTps=11562 avgMGps=756.7 elapsed=1d9h33m
Sep 12 14:50:18 nimbus-eth1-mainnet-long-benchmark[2233876]: INF 2026-09-12 14:50:18.367+00:00 Imported blocks                            blockNumber=13811713 slot=1 blocks=13811712 txs=1398370493 mgas=91536126 bps=40.17 tps=7851 mgps=620.5 avgBps=114.1 avgTps=11556 avgMGps=756.5 elapsed=1d9h36m
Sep 12 14:53:43 nimbus-eth1-mainnet-long-benchmark[2233876]: INF 2026-09-12 14:53:43.932+00:00 Imported blocks                            blockNumber=13819905 slot=1 blocks=13819904 txs=1399870484 mgas=91662726 bps=39.85 tps=7296 mgps=615.9 avgBps=114.0 avgTps=11549 avgMGps=756.2 elapsed=1d9h40m
Sep 12 14:57:06 nimbus-eth1-mainnet-long-benchmark[2233876]: INF 2026-09-12 14:57:06.072+00:00 Imported blocks                            blockNumber=13828097 slot=1 blocks=13828096 txs=1401450084 mgas=91789153 bps=40.53 tps=7814 mgps=625.4 avgBps=113.9 avgTps=11543 avgMGps=756.0 elapsed=1d9h43m
Sep 12 15:00:37 nimbus-eth1-mainnet-long-benchmark[2233876]: INF 2026-09-12 15:00:37.389+00:00 Imported blocks                            blockNumber=13836289 slot=1 blocks=13836288 txs=1402902002 mgas=91915742 bps=38.77 tps=6870 mgps=599.1 avgBps=113.8 avgTps=11534 avgMGps=755.7 elapsed=1d9h47m
Sep 12 15:03:59 nimbus-eth1-mainnet-long-benchmark[2233876]: INF 2026-09-12 15:03:59.574+00:00 Imported blocks                            blockNumber=13844481 slot=1 blocks=13844480 txs=1404387913 mgas=92042414 bps=40.52 tps=7349 mgps=626.5 avgBps=113.6 avgTps=11527 avgMGps=755.5 elapsed=1d9h50m
Sep 12 15:07:18 nimbus-eth1-mainnet-long-benchmark[2233876]: INF 2026-09-12 15:07:18.659+00:00 Imported blocks                            blockNumber=13852673 slot=1 blocks=13852672 txs=1405898334 mgas=92168845 bps=41.15 tps=7586 mgps=635.1 avgBps=113.5 avgTps=11521 avgMGps=755.3 elapsed=1d9h53m
Sep 12 15:10:40 nimbus-eth1-mainnet-long-benchmark[2233876]: INF 2026-09-12 15:10:40.743+00:00 Imported blocks                            blockNumber=13860865 slot=1 blocks=13860864 txs=1407488903 mgas=92295362 bps=40.54 tps=7870 mgps=626.0 avgBps=113.4 avgTps=11515 avgMGps=755.1 elapsed=1d9h57m
Sep 12 15:14:10 nimbus-eth1-mainnet-long-benchmark[2233876]: INF 2026-09-12 15:14:10.028+00:00 Imported blocks                            blockNumber=13869057 slot=1 blocks=13869056 txs=1409104568 mgas=92421866 bps=39.14 tps=7719 mgps=604.5 avgBps=113.3 avgTps=11508 avgMGps=754.9 elapsed=1d10h35s
Sep 12 15:17:34 nimbus-eth1-mainnet-long-benchmark[2233876]: INF 2026-09-12 15:17:34.329+00:00 Imported blocks                            blockNumber=13877249 slot=1 blocks=13877248 txs=1410761907 mgas=92548361 bps=40.10 tps=8112 mgps=619.2 avgBps=113.2 avgTps=11503 avgMGps=754.6 elapsed=1d10h3m
Sep 12 15:21:07 nimbus-eth1-mainnet-long-benchmark[2233876]: INF 2026-09-12 15:21:07.330+00:00 Imported blocks                            blockNumber=13885441 slot=1 blocks=13885440 txs=1412292902 mgas=92674993 bps=38.46 tps=7187 mgps=594.5 avgBps=113.0 avgTps=11495 avgMGps=754.4 elapsed=1d10h7m
Sep 12 15:24:35 nimbus-eth1-mainnet-long-benchmark[2233876]: INF 2026-09-12 15:24:35.394+00:00 Imported blocks                            blockNumber=13893633 slot=1 blocks=13893632 txs=1413886023 mgas=92801299 bps=39.37 tps=7656 mgps=607.1 avgBps=112.9 avgTps=11489 avgMGps=754.1 elapsed=1d10h11m
Sep 12 15:27:50 nimbus-eth1-mainnet-long-benchmark[2233876]: INF 2026-09-12 15:27:50.631+00:00 Imported blocks                            blockNumber=13901825 slot=1 blocks=13901824 txs=1415480803 mgas=92927927 bps=41.96 tps=8168 mgps=648.6 avgBps=112.8 avgTps=11484 avgMGps=753.9 elapsed=1d10h14m
Sep 12 15:31:13 nimbus-eth1-mainnet-long-benchmark[2233876]: INF 2026-09-12 15:31:13.764+00:00 Imported blocks                            blockNumber=13910017 slot=1 blocks=13910016 txs=1417055782 mgas=93054440 bps=40.33 tps=7753 mgps=622.8 avgBps=112.7 avgTps=11477 avgMGps=753.7 elapsed=1d10h17m
Sep 12 15:34:51 nimbus-eth1-mainnet-long-benchmark[2233876]: INF 2026-09-12 15:34:51.144+00:00 Imported blocks                            blockNumber=13918209 slot=1 blocks=13918208 txs=1418584319 mgas=93180935 bps=37.69 tps=7031 mgps=581.9 avgBps=112.5 avgTps=11470 avgMGps=753.4 elapsed=1d10h21m
Sep 12 15:38:21 nimbus-eth1-mainnet-long-benchmark[2233876]: INF 2026-09-12 15:38:21.377+00:00 Imported blocks                            blockNumber=13926401 slot=1 blocks=13926400 txs=1420069885 mgas=93307516 bps=38.97 tps=7066 mgps=602.1 avgBps=112.4 avgTps=11462 avgMGps=753.2 elapsed=1d10h24m
Sep 12 15:41:54 nimbus-eth1-mainnet-long-benchmark[2233876]: INF 2026-09-12 15:41:54.434+00:00 Imported blocks                            blockNumber=13934593 slot=1 blocks=13934592 txs=1421586109 mgas=93434209 bps=38.45 tps=7116 mgps=594.6 avgBps=112.3 avgTps=11455 avgMGps=752.9 elapsed=1d10h28m
Sep 12 15:45:17 nimbus-eth1-mainnet-long-benchmark[2233876]: INF 2026-09-12 15:45:17.666+00:00 Imported blocks                            blockNumber=13942785 slot=1 blocks=13942784 txs=1423113033 mgas=93560789 bps=40.31 tps=7513 mgps=622.8 avgBps=112.2 avgTps=11448 avgMGps=752.7 elapsed=1d10h31m
Sep 12 15:48:56 nimbus-eth1-mainnet-long-benchmark[2233876]: INF 2026-09-12 15:48:56.415+00:00 Imported blocks                            blockNumber=13950977 slot=1 blocks=13950976 txs=1424708104 mgas=93687319 bps=37.45 tps=7291 mgps=578.4 avgBps=112.0 avgTps=11441 avgMGps=752.4 elapsed=1d10h35m
Sep 12 15:52:31 nimbus-eth1-mainnet-long-benchmark[2233876]: INF 2026-09-12 15:52:31.816+00:00 Imported blocks                            blockNumber=13959169 slot=1 blocks=13959168 txs=1426231240 mgas=93813820 bps=38.03 tps=7071 mgps=587.3 avgBps=111.9 avgTps=11433 avgMGps=752.1 elapsed=1d10h38m
Sep 12 15:56:05 nimbus-eth1-mainnet-long-benchmark[2233876]: INF 2026-09-12 15:56:05.776+00:00 Imported blocks                            blockNumber=13967361 slot=1 blocks=13967360 txs=1427730007 mgas=93940416 bps=38.29 tps=7004 mgps=591.7 avgBps=111.8 avgTps=11426 avgMGps=751.8 elapsed=1d10h42m
Sep 12 15:59:28 nimbus-eth1-mainnet-long-benchmark[2233876]: INF 2026-09-12 15:59:28.177+00:00 Imported blocks                            blockNumber=13975553 slot=1 blocks=13975552 txs=1429136929 mgas=94067012 bps=40.47 tps=6951 mgps=625.5 avgBps=111.7 avgTps=11419 avgMGps=751.6 elapsed=1d10h45m
Sep 12 16:02:47 nimbus-eth1-mainnet-long-benchmark[2233876]: INF 2026-09-12 16:02:47.758+00:00 Imported blocks                            blockNumber=13983745 slot=1 blocks=13983744 txs=1430736426 mgas=94193517 bps=41.05 tps=8014 mgps=633.8 avgBps=111.6 avgTps=11413 avgMGps=751.4 elapsed=1d10h49m
Sep 12 16:06:14 nimbus-eth1-mainnet-long-benchmark[2233876]: INF 2026-09-12 16:06:14.239+00:00 Imported blocks                            blockNumber=13991937 slot=1 blocks=13991936 txs=1432359914 mgas=94320155 bps=39.67 tps=7862 mgps=613.3 avgBps=111.4 avgTps=11407 avgMGps=751.2 elapsed=1d10h52m
Sep 12 16:09:37 nimbus-eth1-mainnet-long-benchmark[2233876]: INF 2026-09-12 16:09:37.167+00:00 Imported blocks                            blockNumber=14000129 slot=1 blocks=14000128 txs=1433982306 mgas=94446733 bps=40.37 tps=7994 mgps=623.7 avgBps=111.3 avgTps=11402 avgMGps=751.0 elapsed=1d10h56m
Sep 12 16:12:54 nimbus-eth1-mainnet-long-benchmark[2233876]: INF 2026-09-12 16:12:54.388+00:00 Imported blocks                            blockNumber=14008321 slot=1 blocks=14008320 txs=1435521887 mgas=94573271 bps=41.54 tps=7806 mgps=641.6 avgBps=111.2 avgTps=11396 avgMGps=750.8 elapsed=1d10h59m
Sep 12 16:16:34 nimbus-eth1-mainnet-long-benchmark[2233876]: INF 2026-09-12 16:16:34.229+00:00 Imported blocks                            blockNumber=14016513 slot=1 blocks=14016512 txs=1437001021 mgas=94699836 bps=37.26 tps=6728 mgps=575.7 avgBps=111.1 avgTps=11388 avgMGps=750.5 elapsed=1d11h2m
Sep 12 16:20:04 nimbus-eth1-mainnet-long-benchmark[2233876]: INF 2026-09-12 16:20:04.181+00:00 Imported blocks                            blockNumber=14024705 slot=1 blocks=14024704 txs=1438503468 mgas=94826425 bps=39.02 tps=7156 mgps=602.9 avgBps=111.0 avgTps=11381 avgMGps=750.3 elapsed=1d11h6m
Sep 12 16:23:35 nimbus-eth1-mainnet-long-benchmark[2233876]: INF 2026-09-12 16:23:35.226+00:00 Imported blocks                            blockNumber=14032897 slot=1 blocks=14032896 txs=1439982231 mgas=94952913 bps=38.82 tps=7006 mgps=599.3 avgBps=110.8 avgTps=11374 avgMGps=750.0 elapsed=1d11h10m
Sep 12 16:27:05 nimbus-eth1-mainnet-long-benchmark[2233876]: INF 2026-09-12 16:27:05.467+00:00 Imported blocks                            blockNumber=14041089 slot=1 blocks=14041088 txs=1441515977 mgas=95079541 bps=38.97 tps=7295 mgps=602.3 avgBps=110.7 avgTps=11367 avgMGps=749.8 elapsed=1d11h13m
Sep 12 16:30:33 nimbus-eth1-mainnet-long-benchmark[2233876]: INF 2026-09-12 16:30:33.855+00:00 Imported blocks                            blockNumber=14049281 slot=1 blocks=14049280 txs=1443035715 mgas=95206136 bps=39.31 tps=7292 mgps=607.5 avgBps=110.6 avgTps=11360 avgMGps=749.5 elapsed=1d11h16m
Sep 12 16:34:05 nimbus-eth1-mainnet-long-benchmark[2233876]: INF 2026-09-12 16:34:05.728+00:00 Imported blocks                            blockNumber=14057473 slot=1 blocks=14057472 txs=1444555208 mgas=95332664 bps=38.66 tps=7171 mgps=597.2 avgBps=110.5 avgTps=11353 avgMGps=749.3 elapsed=1d11h20m
Sep 12 16:37:26 nimbus-eth1-mainnet-long-benchmark[2233876]: INF 2026-09-12 16:37:26.821+00:00 Imported blocks                            blockNumber=14065665 slot=1 blocks=14065664 txs=1445934176 mgas=95459212 bps=40.74 tps=6857 mgps=629.3 avgBps=110.4 avgTps=11346 avgMGps=749.1 elapsed=1d11h23m
Sep 12 16:40:59 nimbus-eth1-mainnet-long-benchmark[2233876]: INF 2026-09-12 16:40:59.153+00:00 Imported blocks                            blockNumber=14073857 slot=1 blocks=14073856 txs=1447409002 mgas=95585650 bps=38.58 tps=6945 mgps=595.5 avgBps=110.3 avgTps=11339 avgMGps=748.8 elapsed=1d11h27m
Sep 12 16:44:32 nimbus-eth1-mainnet-long-benchmark[2233876]: INF 2026-09-12 16:44:32.062+00:00 Imported blocks                            blockNumber=14082049 slot=1 blocks=14082048 txs=1448870460 mgas=95712248 bps=38.48 tps=6864 mgps=594.6 avgBps=110.1 avgTps=11331 avgMGps=748.6 elapsed=1d11h30m
Sep 12 16:47:56 nimbus-eth1-mainnet-long-benchmark[2233876]: INF 2026-09-12 16:47:56.839+00:00 Imported blocks                            blockNumber=14090241 slot=1 blocks=14090240 txs=1450333774 mgas=95838713 bps=40.00 tps=7145 mgps=617.6 avgBps=110.0 avgTps=11325 avgMGps=748.4 elapsed=1d11h34m
Sep 12 16:51:22 nimbus-eth1-mainnet-long-benchmark[2233876]: INF 2026-09-12 16:51:22.200+00:00 Imported blocks                            blockNumber=14098433 slot=1 blocks=14098432 txs=1451774814 mgas=95965099 bps=39.89 tps=7017 mgps=615.4 avgBps=109.9 avgTps=11318 avgMGps=748.2 elapsed=1d11h37m
Sep 12 16:54:53 nimbus-eth1-mainnet-long-benchmark[2233876]: INF 2026-09-12 16:54:53.588+00:00 Imported blocks                            blockNumber=14106625 slot=1 blocks=14106624 txs=1453211267 mgas=96091590 bps=38.75 tps=6795 mgps=598.4 avgBps=109.8 avgTps=11310 avgMGps=747.9 elapsed=1d11h41m
Sep 12 16:58:25 nimbus-eth1-mainnet-long-benchmark[2233876]: INF 2026-09-12 16:58:25.045+00:00 Imported blocks                            blockNumber=14114817 slot=1 blocks=14114816 txs=1454708215 mgas=96218324 bps=38.74 tps=7079 mgps=599.3 avgBps=109.7 avgTps=11303 avgMGps=747.7 elapsed=1d11h44m
Sep 12 17:01:52 nimbus-eth1-mainnet-long-benchmark[2233876]: INF 2026-09-12 17:01:52.310+00:00 Imported blocks                            blockNumber=14123009 slot=1 blocks=14123008 txs=1456205202 mgas=96344866 bps=39.52 tps=7222 mgps=610.5 avgBps=109.6 avgTps=11297 avgMGps=747.5 elapsed=1d11h48m
Sep 12 17:05:23 nimbus-eth1-mainnet-long-benchmark[2233876]: INF 2026-09-12 17:05:23.442+00:00 Imported blocks                            blockNumber=14131201 slot=1 blocks=14131200 txs=1457658182 mgas=96471303 bps=38.80 tps=6881 mgps=598.8 avgBps=109.5 avgTps=11290 avgMGps=747.2 elapsed=1d11h51m
Sep 12 17:08:54 nimbus-eth1-mainnet-long-benchmark[2233876]: INF 2026-09-12 17:08:54.555+00:00 Imported blocks                            blockNumber=14139393 slot=1 blocks=14139392 txs=1459081368 mgas=96597875 bps=38.80 tps=6741 mgps=599.5 avgBps=109.3 avgTps=11282 avgMGps=747.0 elapsed=1d11h55m
Sep 12 17:12:31 nimbus-eth1-mainnet-long-benchmark[2233876]: INF 2026-09-12 17:12:31.039+00:00 Imported blocks                            blockNumber=14147585 slot=1 blocks=14147584 txs=1460650676 mgas=96724438 bps=37.84 tps=7249 mgps=584.6 avgBps=109.2 avgTps=11276 avgMGps=746.7 elapsed=1d11h58m
Sep 12 17:16:03 nimbus-eth1-mainnet-long-benchmark[2233876]: INF 2026-09-12 17:16:03.660+00:00 Imported blocks                            blockNumber=14155777 slot=1 blocks=14155776 txs=1462115211 mgas=96851010 bps=38.53 tps=6888 mgps=595.3 avgBps=109.1 avgTps=11268 avgMGps=746.5 elapsed=1d12h2m
Sep 12 17:19:36 nimbus-eth1-mainnet-long-benchmark[2233876]: INF 2026-09-12 17:19:36.345+00:00 Imported blocks                            blockNumber=14163969 slot=1 blocks=14163968 txs=1463594730 mgas=96977534 bps=38.52 tps=6956 mgps=594.9 avgBps=109.0 avgTps=11261 avgMGps=746.2 elapsed=1d12h6m
Sep 12 17:23:10 nimbus-eth1-mainnet-long-benchmark[2233876]: INF 2026-09-12 17:23:10.881+00:00 Imported blocks                            blockNumber=14172161 slot=1 blocks=14172160 txs=1465094043 mgas=97104003 bps=38.18 tps=6988 mgps=589.5 avgBps=108.9 avgTps=11254 avgMGps=745.9 elapsed=1d12h9m
Sep 12 17:26:41 nimbus-eth1-mainnet-long-benchmark[2233876]: INF 2026-09-12 17:26:41.454+00:00 Imported blocks                            blockNumber=14180353 slot=1 blocks=14180352 txs=1466659391 mgas=97230626 bps=38.90 tps=7433 mgps=601.3 avgBps=108.8 avgTps=11248 avgMGps=745.7 elapsed=1d12h13m
Sep 12 17:30:17 nimbus-eth1-mainnet-long-benchmark[2233876]: INF 2026-09-12 17:30:17.687+00:00 Imported blocks                            blockNumber=14188545 slot=1 blocks=14188544 txs=1468130221 mgas=97357091 bps=37.89 tps=6802 mgps=584.9 avgBps=108.6 avgTps=11241 avgMGps=745.4 elapsed=1d12h16m
Sep 12 17:33:53 nimbus-eth1-mainnet-long-benchmark[2233876]: INF 2026-09-12 17:33:53.259+00:00 Imported blocks                            blockNumber=14196737 slot=1 blocks=14196736 txs=1469530770 mgas=97483586 bps=38.00 tps=6496 mgps=586.8 avgBps=108.5 avgTps=11233 avgMGps=745.2 elapsed=1d12h20m
Sep 12 17:37:33 nimbus-eth1-mainnet-long-benchmark[2233876]: INF 2026-09-12 17:37:33.900+00:00 Imported blocks                            blockNumber=14204929 slot=1 blocks=14204928 txs=1470983875 mgas=97610339 bps=37.13 tps=6585 mgps=574.5 avgBps=108.4 avgTps=11225 avgMGps=744.9 elapsed=1d12h23m
Sep 12 17:41:06 nimbus-eth1-mainnet-long-benchmark[2233876]: INF 2026-09-12 17:41:06.120+00:00 Imported blocks                            blockNumber=14213121 slot=1 blocks=14213120 txs=1472443986 mgas=97736908 bps=38.60 tps=6880 mgps=596.4 avgBps=108.3 avgTps=11218 avgMGps=744.7 elapsed=1d12h27m
Sep 12 17:44:38 nimbus-eth1-mainnet-long-benchmark[2233876]: INF 2026-09-12 17:44:38.129+00:00 Imported blocks                            blockNumber=14221313 slot=1 blocks=14221312 txs=1473964445 mgas=97863560 bps=38.64 tps=7171 mgps=597.4 avgBps=108.2 avgTps=11211 avgMGps=744.4 elapsed=1d12h31m
Sep 12 17:48:14 nimbus-eth1-mainnet-long-benchmark[2233876]: INF 2026-09-12 17:48:14.973+00:00 Imported blocks                            blockNumber=14229505 slot=1 blocks=14229504 txs=1475463717 mgas=97990199 bps=37.78 tps=6913 mgps=584.0 avgBps=108.1 avgTps=11204 avgMGps=744.2 elapsed=1d12h34m
Sep 12 17:51:50 nimbus-eth1-mainnet-long-benchmark[2233876]: INF 2026-09-12 17:51:50.138+00:00 Imported blocks                            blockNumber=14237697 slot=1 blocks=14237696 txs=1477012661 mgas=98116939 bps=38.07 tps=7198 mgps=589.0 avgBps=107.9 avgTps=11198 avgMGps=743.9 elapsed=1d12h38m
Sep 12 17:55:39 nimbus-eth1-mainnet-long-benchmark[2233876]: INF 2026-09-12 17:55:39.562+00:00 Imported blocks                            blockNumber=14245889 slot=1 blocks=14245888 txs=1478646477 mgas=98243446 bps=35.71 tps=7121 mgps=551.4 avgBps=107.8 avgTps=11191 avgMGps=743.6 elapsed=1d12h42m
Sep 12 17:59:10 nimbus-eth1-mainnet-long-benchmark[2233876]: INF 2026-09-12 17:59:10.323+00:00 Imported blocks                            blockNumber=14254081 slot=1 blocks=14254080 txs=1480092096 mgas=98370170 bps=38.87 tps=6858 mgps=601.3 avgBps=107.7 avgTps=11184 avgMGps=743.3 elapsed=1d12h45m
Sep 12 18:02:39 nimbus-eth1-mainnet-long-benchmark[2233876]: INF 2026-09-12 18:02:39.344+00:00 Imported blocks                            blockNumber=14262273 slot=1 blocks=14262272 txs=1481523962 mgas=98496711 bps=39.19 tps=6850 mgps=605.4 avgBps=107.6 avgTps=11177 avgMGps=743.1 elapsed=1d12h49m
Sep 12 18:06:12 nimbus-eth1-mainnet-long-benchmark[2233876]: INF 2026-09-12 18:06:12.948+00:00 Imported blocks                            blockNumber=14270465 slot=1 blocks=14270464 txs=1483008014 mgas=98623220 bps=38.35 tps=6947 mgps=592.3 avgBps=107.5 avgTps=11170 avgMGps=742.9 elapsed=1d12h52m
Sep 12 18:09:47 nimbus-eth1-mainnet-long-benchmark[2233876]: INF 2026-09-12 18:09:47.577+00:00 Imported blocks                            blockNumber=14278657 slot=1 blocks=14278656 txs=1484457170 mgas=98749786 bps=38.17 tps=6751 mgps=589.7 avgBps=107.4 avgTps=11163 avgMGps=742.6 elapsed=1d12h56m
Sep 12 18:13:27 nimbus-eth1-mainnet-long-benchmark[2233876]: INF 2026-09-12 18:13:27.409+00:00 Imported blocks                            blockNumber=14286849 slot=1 blocks=14286848 txs=1485932097 mgas=98876484 bps=37.27 tps=6709 mgps=576.3 avgBps=107.3 avgTps=11156 avgMGps=742.4 elapsed=1d12h59m
Sep 12 18:17:04 nimbus-eth1-mainnet-long-benchmark[2233876]: INF 2026-09-12 18:17:04.134+00:00 Imported blocks                            blockNumber=14295041 slot=1 blocks=14295040 txs=1487325180 mgas=99003120 bps=37.80 tps=6427 mgps=584.3 avgBps=107.2 avgTps=11148 avgMGps=742.1 elapsed=1d13h3m
Sep 12 18:20:33 nimbus-eth1-mainnet-long-benchmark[2233876]: INF 2026-09-12 18:20:33.407+00:00 Imported blocks                            blockNumber=14303233 slot=1 blocks=14303232 txs=1488794773 mgas=99129714 bps=39.15 tps=7022 mgps=604.9 avgBps=107.0 avgTps=11142 avgMGps=741.9 elapsed=1d13h6m
Sep 12 18:24:07 nimbus-eth1-mainnet-long-benchmark[2233876]: INF 2026-09-12 18:24:07.123+00:00 Imported blocks                            blockNumber=14311425 slot=1 blocks=14311424 txs=1490306806 mgas=99256253 bps=38.33 tps=7074 mgps=592.1 avgBps=106.9 avgTps=11135 avgMGps=741.6 elapsed=1d13h10m
Sep 12 18:27:42 nimbus-eth1-mainnet-long-benchmark[2233876]: INF 2026-09-12 18:27:42.348+00:00 Imported blocks                            blockNumber=14319617 slot=1 blocks=14319616 txs=1491788177 mgas=99382830 bps=38.06 tps=6882 mgps=588.1 avgBps=106.8 avgTps=11128 avgMGps=741.4 elapsed=1d13h14m
Sep 12 18:31:18 nimbus-eth1-mainnet-long-benchmark[2233876]: INF 2026-09-12 18:31:18.336+00:00 Imported blocks                            blockNumber=14327809 slot=1 blocks=14327808 txs=1493218346 mgas=99509396 bps=37.93 tps=6621 mgps=586.0 avgBps=106.7 avgTps=11121 avgMGps=741.2 elapsed=1d13h17m
Sep 12 18:34:52 nimbus-eth1-mainnet-long-benchmark[2233876]: INF 2026-09-12 18:34:52.641+00:00 Imported blocks                            blockNumber=14336001 slot=1 blocks=14336000 txs=1494637496 mgas=99636119 bps=38.23 tps=6622 mgps=591.3 avgBps=106.6 avgTps=11114 avgMGps=740.9 elapsed=1d13h21m
Sep 12 18:38:32 nimbus-eth1-mainnet-long-benchmark[2233876]: INF 2026-09-12 18:38:32.182+00:00 Imported blocks                            blockNumber=14344193 slot=1 blocks=14344192 txs=1496117780 mgas=99762554 bps=37.31 tps=6742 mgps=575.9 avgBps=106.5 avgTps=11107 avgMGps=740.6 elapsed=1d13h24m
Sep 12 18:42:20 nimbus-eth1-mainnet-long-benchmark[2233876]: INF 2026-09-12 18:42:20.946+00:00 Imported blocks                            blockNumber=14352385 slot=1 blocks=14352384 txs=1497646328 mgas=99889031 bps=35.81 tps=6681 mgps=552.9 avgBps=106.4 avgTps=11099 avgMGps=740.3 elapsed=1d13h28m
Sep 12 18:46:10 nimbus-eth1-mainnet-long-benchmark[2233876]: INF 2026-09-12 18:46:10.534+00:00 Imported blocks                            blockNumber=14360577 slot=1 blocks=14360576 txs=1499193215 mgas=100015839 bps=35.68 tps=6737 mgps=552.3 avgBps=106.3 avgTps=11092 avgMGps=740.0 elapsed=1d13h32m
Sep 12 18:49:50 nimbus-eth1-mainnet-long-benchmark[2233876]: INF 2026-09-12 18:49:50.755+00:00 Imported blocks                            blockNumber=14368769 slot=1 blocks=14368768 txs=1500628724 mgas=100142411 bps=37.20 tps=6518 mgps=574.7 avgBps=106.1 avgTps=11084 avgMGps=739.7 elapsed=1d13h36m
Sep 12 18:53:31 nimbus-eth1-mainnet-long-benchmark[2233876]: INF 2026-09-12 18:53:31.811+00:00 Imported blocks                            blockNumber=14376961 slot=1 blocks=14376960 txs=1502015374 mgas=100268911 bps=37.06 tps=6272 mgps=572.2 avgBps=106.0 avgTps=11077 avgMGps=739.5 elapsed=1d13h39m
Sep 12 18:57:12 nimbus-eth1-mainnet-long-benchmark[2233876]: INF 2026-09-12 18:57:12.172+00:00 Imported blocks                            blockNumber=14385153 slot=1 blocks=14385152 txs=1503397597 mgas=100395563 bps=37.18 tps=6272 mgps=574.8 avgBps=105.9 avgTps=11069 avgMGps=739.2 elapsed=1d13h43m
Sep 12 19:00:52 nimbus-eth1-mainnet-long-benchmark[2233876]: INF 2026-09-12 19:00:52.192+00:00 Imported blocks                            blockNumber=14393345 slot=1 blocks=14393344 txs=1504885648 mgas=100522227 bps=37.23 tps=6763 mgps=575.7 avgBps=105.8 avgTps=11062 avgMGps=738.9 elapsed=1d13h47m
Sep 12 19:04:35 nimbus-eth1-mainnet-long-benchmark[2233876]: INF 2026-09-12 19:04:35.285+00:00 Imported blocks                            blockNumber=14401537 slot=1 blocks=14401536 txs=1506439582 mgas=100648773 bps=36.72 tps=6965 mgps=567.2 avgBps=105.7 avgTps=11055 avgMGps=738.7 elapsed=1d13h51m
Sep 12 19:08:14 nimbus-eth1-mainnet-long-benchmark[2233876]: INF 2026-09-12 19:08:14.193+00:00 Imported blocks                            blockNumber=14409729 slot=1 blocks=14409728 txs=1508073589 mgas=100775337 bps=37.42 tps=7464 mgps=578.2 avgBps=105.6 avgTps=11049 avgMGps=738.4 elapsed=1d13h54m
Sep 12 19:11:54 nimbus-eth1-mainnet-long-benchmark[2233876]: INF 2026-09-12 19:11:54.414+00:00 Imported blocks                            blockNumber=14417921 slot=1 blocks=14417920 txs=1509515789 mgas=100901918 bps=37.20 tps=6548 mgps=574.8 avgBps=105.5 avgTps=11042 avgMGps=738.1 elapsed=1d13h58m
Sep 12 19:15:41 nimbus-eth1-mainnet-long-benchmark[2233876]: INF 2026-09-12 19:15:41.970+00:00 Imported blocks                            blockNumber=14426113 slot=1 blocks=14426112 txs=1510929421 mgas=101028396 bps=36.00 tps=6212 mgps=555.8 avgBps=105.4 avgTps=11034 avgMGps=737.8 elapsed=1d14h2m
Sep 12 19:19:26 nimbus-eth1-mainnet-long-benchmark[2233876]: INF 2026-09-12 19:19:26.167+00:00 Imported blocks                            blockNumber=14434305 slot=1 blocks=14434304 txs=1512477530 mgas=101154947 bps=36.54 tps=6905 mgps=564.5 avgBps=105.2 avgTps=11027 avgMGps=737.5 elapsed=1d14h5m
Sep 12 19:23:08 nimbus-eth1-mainnet-long-benchmark[2233876]: INF 2026-09-12 19:23:08.891+00:00 Imported blocks                            blockNumber=14442497 slot=1 blocks=14442496 txs=1513948057 mgas=101281563 bps=36.78 tps=6602 mgps=568.5 avgBps=105.1 avgTps=11020 avgMGps=737.3 elapsed=1d14h9m
Sep 12 19:26:46 nimbus-eth1-mainnet-long-benchmark[2233876]: INF 2026-09-12 19:26:46.144+00:00 Imported blocks                            blockNumber=14450689 slot=1 blocks=14450688 txs=1515426491 mgas=101408240 bps=37.71 tps=6805 mgps=583.1 avgBps=105.0 avgTps=11013 avgMGps=737.0 elapsed=1d14h13m
Sep 12 19:30:22 nimbus-eth1-mainnet-long-benchmark[2233876]: INF 2026-09-12 19:30:22.540+00:00 Imported blocks                            blockNumber=14458881 slot=1 blocks=14458880 txs=1516885229 mgas=101534838 bps=37.86 tps=6741 mgps=585.0 avgBps=104.9 avgTps=11007 avgMGps=736.8 elapsed=1d14h16m
Sep 12 19:34:04 nimbus-eth1-mainnet-long-benchmark[2233876]: INF 2026-09-12 19:34:04.289+00:00 Imported blocks                            blockNumber=14467073 slot=1 blocks=14467072 txs=1518311743 mgas=101661241 bps=36.94 tps=6433 mgps=570.0 avgBps=104.8 avgTps=10999 avgMGps=736.5 elapsed=1d14h20m
Sep 12 19:37:48 nimbus-eth1-mainnet-long-benchmark[2233876]: INF 2026-09-12 19:37:48.401+00:00 Imported blocks                            blockNumber=14475265 slot=1 blocks=14475264 txs=1519793911 mgas=101787951 bps=36.55 tps=6613 mgps=565.4 avgBps=104.7 avgTps=10992 avgMGps=736.2 elapsed=1d14h24m
Sep 12 19:41:25 nimbus-eth1-mainnet-long-benchmark[2233876]: INF 2026-09-12 19:41:25.914+00:00 Imported blocks                            blockNumber=14483457 slot=1 blocks=14483456 txs=1521351379 mgas=101914491 bps=37.66 tps=7160 mgps=581.8 avgBps=104.6 avgTps=10986 avgMGps=736.0 elapsed=1d14h27m
Sep 12 19:45:02 nimbus-eth1-mainnet-long-benchmark[2233876]: INF 2026-09-12 19:45:02.914+00:00 Imported blocks                            blockNumber=14491649 slot=1 blocks=14491648 txs=1522821566 mgas=102040928 bps=37.75 tps=6775 mgps=582.7 avgBps=104.5 avgTps=10980 avgMGps=735.8 elapsed=1d14h31m
Sep 12 19:48:37 nimbus-eth1-mainnet-long-benchmark[2233876]: INF 2026-09-12 19:48:37.899+00:00 Imported blocks                            blockNumber=14499841 slot=1 blocks=14499840 txs=1524299533 mgas=102167452 bps=38.10 tps=6874 mgps=588.5 avgBps=104.4 avgTps=10973 avgMGps=735.5 elapsed=1d14h35m
Sep 12 19:52:38 nimbus-eth1-mainnet-long-benchmark[2233876]: INF 2026-09-12 19:52:38.767+00:00 Imported blocks                            blockNumber=14508033 slot=1 blocks=14508032 txs=1525765485 mgas=102293988 bps=34.01 tps=6086 mgps=525.3 avgBps=104.3 avgTps=10965 avgMGps=735.2 elapsed=1d14h39m
Sep 12 19:56:21 nimbus-eth1-mainnet-long-benchmark[2233876]: INF 2026-09-12 19:56:21.611+00:00 Imported blocks                            blockNumber=14516225 slot=1 blocks=14516224 txs=1527114209 mgas=102420481 bps=36.76 tps=6052 mgps=567.6 avgBps=104.2 avgTps=10957 avgMGps=734.9 elapsed=1d14h42m
Sep 12 20:00:01 nimbus-eth1-mainnet-long-benchmark[2233876]: INF 2026-09-12 20:00:01.692+00:00 Imported blocks                            blockNumber=14524417 slot=1 blocks=14524416 txs=1528522384 mgas=102547039 bps=37.22 tps=6398 mgps=575.1 avgBps=104.1 avgTps=10950 avgMGps=734.6 elapsed=1d14h46m
Sep 12 20:03:38 nimbus-eth1-mainnet-long-benchmark[2233876]: INF 2026-09-12 20:03:38.769+00:00 Imported blocks                            blockNumber=14532609 slot=1 blocks=14532608 txs=1529939791 mgas=102673640 bps=37.74 tps=6529 mgps=583.2 avgBps=103.9 avgTps=10943 avgMGps=734.4 elapsed=1d14h50m
Sep 12 20:07:13 nimbus-eth1-mainnet-long-benchmark[2233876]: INF 2026-09-12 20:07:13.469+00:00 Imported blocks                            blockNumber=14540801 slot=1 blocks=14540800 txs=1531393541 mgas=102800249 bps=38.16 tps=6771 mgps=589.7 avgBps=103.8 avgTps=10937 avgMGps=734.2 elapsed=1d14h53m
Sep 12 20:10:46 nimbus-eth1-mainnet-long-benchmark[2233876]: INF 2026-09-12 20:10:46.594+00:00 Imported blocks                            blockNumber=14548993 slot=1 blocks=14548992 txs=1532796910 mgas=102926765 bps=38.44 tps=6584 mgps=593.6 avgBps=103.7 avgTps=10930 avgMGps=734.0 elapsed=1d14h57m
Sep 12 20:14:31 nimbus-eth1-mainnet-long-benchmark[2233876]: INF 2026-09-12 20:14:31.442+00:00 Imported blocks                            blockNumber=14557185 slot=1 blocks=14557184 txs=1534192018 mgas=103053366 bps=36.43 tps=6204 mgps=563.0 avgBps=103.6 avgTps=10922 avgMGps=733.7 elapsed=1d15h56s
Sep 12 20:18:09 nimbus-eth1-mainnet-long-benchmark[2233876]: INF 2026-09-12 20:18:09.043+00:00 Imported blocks                            blockNumber=14565377 slot=1 blocks=14565376 txs=1535614541 mgas=103180127 bps=37.65 tps=6537 mgps=582.5 avgBps=103.5 avgTps=10916 avgMGps=733.5 elapsed=1d15h4m
Sep 12 20:21:39 nimbus-eth1-mainnet-long-benchmark[2233876]: INF 2026-09-12 20:21:39.099+00:00 Imported blocks                            blockNumber=14573569 slot=1 blocks=14573568 txs=1537033985 mgas=103306532 bps=39.00 tps=6757 mgps=601.8 avgBps=103.4 avgTps=10909 avgMGps=733.3 elapsed=1d15h8m
Sep 12 20:25:09 nimbus-eth1-mainnet-long-benchmark[2233876]: INF 2026-09-12 20:25:09.440+00:00 Imported blocks                            blockNumber=14581761 slot=1 blocks=14581760 txs=1538410088 mgas=103432973 bps=38.95 tps=6542 mgps=601.1 avgBps=103.3 avgTps=10903 avgMGps=733.1 elapsed=1d15h11m
Sep 12 20:28:45 nimbus-eth1-mainnet-long-benchmark[2233876]: INF 2026-09-12 20:28:45.729+00:00 Imported blocks                            blockNumber=14589953 slot=1 blocks=14589952 txs=1539842194 mgas=103559582 bps=37.87 tps=6621 mgps=585.4 avgBps=103.2 avgTps=10896 avgMGps=732.8 elapsed=1d15h15m
Sep 12 20:32:18 nimbus-eth1-mainnet-long-benchmark[2233876]: INF 2026-09-12 20:32:18.829+00:00 Imported blocks                            blockNumber=14598145 slot=1 blocks=14598144 txs=1541231712 mgas=103686274 bps=38.44 tps=6520 mgps=594.5 avgBps=103.1 avgTps=10890 avgMGps=732.6 elapsed=1d15h18m
Sep 12 20:36:05 nimbus-eth1-mainnet-long-benchmark[2233876]: INF 2026-09-12 20:36:05.378+00:00 Imported blocks                            blockNumber=14606337 slot=1 blocks=14606336 txs=1542557603 mgas=103812866 bps=36.16 tps=5852 mgps=558.8 avgBps=103.0 avgTps=10882 avgMGps=732.4 elapsed=1d15h22m
Sep 12 20:39:46 nimbus-eth1-mainnet-long-benchmark[2233876]: INF 2026-09-12 20:39:46.922+00:00 Imported blocks                            blockNumber=14614529 slot=1 blocks=14614528 txs=1543988223 mgas=103939436 bps=36.98 tps=6457 mgps=571.3 avgBps=102.9 avgTps=10875 avgMGps=732.1 elapsed=1d15h26m
Sep 12 20:43:29 nimbus-eth1-mainnet-long-benchmark[2233876]: INF 2026-09-12 20:43:29.187+00:00 Imported blocks                            blockNumber=14622721 slot=1 blocks=14622720 txs=1545628799 mgas=104065967 bps=36.86 tps=7381 mgps=569.3 avgBps=102.8 avgTps=10869 avgMGps=731.9 elapsed=1d15h29m
Sep 12 20:46:53 nimbus-eth1-mainnet-long-benchmark[2233876]: INF 2026-09-12 20:46:53.159+00:00 Imported blocks                            blockNumber=14630913 slot=1 blocks=14630912 txs=1547086993 mgas=104192478 bps=40.16 tps=7148 mgps=620.2 avgBps=102.7 avgTps=10864 avgMGps=731.7 elapsed=1d15h33m
Sep 12 20:50:27 nimbus-eth1-mainnet-long-benchmark[2233876]: INF 2026-09-12 20:50:27.092+00:00 Imported blocks                            blockNumber=14639105 slot=1 blocks=14639104 txs=1548539276 mgas=104318872 bps=38.29 tps=6788 mgps=590.8 avgBps=102.6 avgTps=10858 avgMGps=731.5 elapsed=1d15h36m
Sep 12 20:54:12 nimbus-eth1-mainnet-long-benchmark[2233876]: INF 2026-09-12 20:54:12.536+00:00 Imported blocks                            blockNumber=14647297 slot=1 blocks=14647296 txs=1549888595 mgas=104445438 bps=36.34 tps=5985 mgps=561.4 avgBps=102.5 avgTps=10850 avgMGps=731.2 elapsed=1d15h40m
Sep 12 20:57:49 nimbus-eth1-mainnet-long-benchmark[2233876]: INF 2026-09-12 20:57:49.513+00:00 Imported blocks                            blockNumber=14655489 slot=1 blocks=14655488 txs=1551341506 mgas=104572043 bps=37.76 tps=6696 mgps=583.5 avgBps=102.4 avgTps=10844 avgMGps=731.0 elapsed=1d15h44m
Sep 12 21:01:23 nimbus-eth1-mainnet-long-benchmark[2233876]: INF 2026-09-12 21:01:23.281+00:00 Imported blocks                            blockNumber=14663681 slot=1 blocks=14663680 txs=1552790005 mgas=104698375 bps=38.32 tps=6776 mgps=591.0 avgBps=102.4 avgTps=10838 avgMGps=730.8 elapsed=1d15h47m
Sep 12 21:05:01 nimbus-eth1-mainnet-long-benchmark[2233876]: INF 2026-09-12 21:05:01.258+00:00 Imported blocks                            blockNumber=14671873 slot=1 blocks=14671872 txs=1554273756 mgas=104824824 bps=37.58 tps=6806 mgps=580.1 avgBps=102.3 avgTps=10832 avgMGps=730.6 elapsed=1d15h51m
Sep 12 21:08:40 nimbus-eth1-mainnet-long-benchmark[2233876]: INF 2026-09-12 21:08:40.231+00:00 Imported blocks                            blockNumber=14680065 slot=1 blocks=14680064 txs=1555798382 mgas=104951311 bps=37.41 tps=6962 mgps=577.6 avgBps=102.2 avgTps=10826 avgMGps=730.3 elapsed=1d15h55m
Sep 12 21:12:15 nimbus-eth1-mainnet-long-benchmark[2233876]: INF 2026-09-12 21:12:15.899+00:00 Imported blocks                            blockNumber=14688257 slot=1 blocks=14688256 txs=1557325850 mgas=105077856 bps=37.98 tps=7082 mgps=586.8 avgBps=102.1 avgTps=10820 avgMGps=730.1 elapsed=1d15h58m
Sep 12 21:15:31 nimbus-eth1-mainnet-long-benchmark[2233876]: INF 2026-09-12 21:15:31.456+00:00 Imported blocks                            blockNumber=14696449 slot=1 blocks=14696448 txs=1558798023 mgas=105204382 bps=41.89 tps=7528 mgps=647.0 avgBps=102.0 avgTps=10816 avgMGps=730.0 elapsed=1d16h1m
Sep 12 21:19:03 nimbus-eth1-mainnet-long-benchmark[2233876]: INF 2026-09-12 21:19:03.425+00:00 Imported blocks                            blockNumber=14704641 slot=1 blocks=14704640 txs=1560217704 mgas=105330915 bps=38.65 tps=6697 mgps=597.0 avgBps=101.9 avgTps=10810 avgMGps=729.8 elapsed=1d16h5m
Sep 12 21:22:43 nimbus-eth1-mainnet-long-benchmark[2233876]: INF 2026-09-12 21:22:43.573+00:00 Imported blocks                            blockNumber=14712833 slot=1 blocks=14712832 txs=1561654974 mgas=105457382 bps=37.21 tps=6528 mgps=574.5 avgBps=101.8 avgTps=10803 avgMGps=729.6 elapsed=1d16h9m
Sep 12 21:26:23 nimbus-eth1-mainnet-long-benchmark[2233876]: INF 2026-09-12 21:26:23.182+00:00 Imported blocks                            blockNumber=14721025 slot=1 blocks=14721024 txs=1563167010 mgas=105583750 bps=37.30 tps=6885 mgps=575.4 avgBps=101.7 avgTps=10797 avgMGps=729.3 elapsed=1d16h12m
Sep 12 21:30:05 nimbus-eth1-mainnet-long-benchmark[2233876]: INF 2026-09-12 21:30:05.070+00:00 Imported blocks                            blockNumber=14729217 slot=1 blocks=14729216 txs=1564606510 mgas=105710056 bps=36.92 tps=6487 mgps=569.2 avgBps=101.6 avgTps=10791 avgMGps=729.1 elapsed=1d16h16m
Sep 12 21:33:47 nimbus-eth1-mainnet-long-benchmark[2233876]: INF 2026-09-12 21:33:47.634+00:00 Imported blocks                            blockNumber=14737409 slot=1 blocks=14737408 txs=1565993863 mgas=105836465 bps=36.81 tps=6233 mgps=568.0 avgBps=101.5 avgTps=10784 avgMGps=728.8 elapsed=1d16h20m
Sep 12 21:37:33 nimbus-eth1-mainnet-long-benchmark[2233876]: INF 2026-09-12 21:37:33.975+00:00 Imported blocks                            blockNumber=14745601 slot=1 blocks=14745600 txs=1567493174 mgas=105962890 bps=36.19 tps=6623 mgps=558.5 avgBps=101.4 avgTps=10777 avgMGps=728.6 elapsed=1d16h23m
Sep 12 21:41:19 nimbus-eth1-mainnet-long-benchmark[2233876]: INF 2026-09-12 21:41:19.335+00:00 Imported blocks                            blockNumber=14753793 slot=1 blocks=14753792 txs=1569051319 mgas=106089063 bps=36.35 tps=6914 mgps=559.9 avgBps=101.3 avgTps=10771 avgMGps=728.3 elapsed=1d16h27m
Sep 12 21:45:02 nimbus-eth1-mainnet-long-benchmark[2233876]: INF 2026-09-12 21:45:02.204+00:00 Imported blocks                            blockNumber=14761985 slot=1 blocks=14761984 txs=1570770123 mgas=106215276 bps=36.76 tps=7712 mgps=566.3 avgBps=101.2 avgTps=10767 avgMGps=728.1 elapsed=1d16h31m
Sep 12 21:48:46 nimbus-eth1-mainnet-long-benchmark[2233876]: INF 2026-09-12 21:48:46.400+00:00 Imported blocks                            blockNumber=14770177 slot=1 blocks=14770176 txs=1572487493 mgas=106341305 bps=36.54 tps=7660 mgps=562.1 avgBps=101.1 avgTps=10762 avgMGps=727.8 elapsed=1d16h35m
Sep 12 21:52:36 nimbus-eth1-mainnet-long-benchmark[2233876]: INF 2026-09-12 21:52:36.456+00:00 Imported blocks                            blockNumber=14778369 slot=1 blocks=14778368 txs=1573961397 mgas=106467668 bps=35.61 tps=6406 mgps=549.3 avgBps=101.0 avgTps=10755 avgMGps=727.5 elapsed=1d16h39m
Sep 12 21:56:36 nimbus-eth1-mainnet-long-benchmark[2233876]: INF 2026-09-12 21:56:36.701+00:00 Imported blocks                            blockNumber=14786561 slot=1 blocks=14786560 txs=1575410846 mgas=106594161 bps=34.10 tps=6033 mgps=526.5 avgBps=100.9 avgTps=10747 avgMGps=727.2 elapsed=1d16h43m
Sep 12 22:00:17 nimbus-eth1-mainnet-long-benchmark[2233876]: INF 2026-09-12 22:00:17.341+00:00 Imported blocks                            blockNumber=14794753 slot=1 blocks=14794752 txs=1576888706 mgas=106720591 bps=37.13 tps=6698 mgps=573.0 avgBps=100.8 avgTps=10741 avgMGps=727.0 elapsed=1d16h46m
Sep 12 22:03:59 nimbus-eth1-mainnet-long-benchmark[2233876]: INF 2026-09-12 22:03:59.770+00:00 Imported blocks                            blockNumber=14802945 slot=1 blocks=14802944 txs=1578401630 mgas=106846974 bps=36.83 tps=6801 mgps=568.2 avgBps=100.7 avgTps=10735 avgMGps=726.7 elapsed=1d16h50m
Sep 12 22:07:41 nimbus-eth1-mainnet-long-benchmark[2233876]: INF 2026-09-12 22:07:41.722+00:00 Imported blocks                            blockNumber=14811137 slot=1 blocks=14811136 txs=1579885395 mgas=106973402 bps=36.91 tps=6685 mgps=569.6 avgBps=100.6 avgTps=10729 avgMGps=726.5 elapsed=1d16h54m
Sep 12 22:11:13 nimbus-eth1-mainnet-long-benchmark[2233876]: INF 2026-09-12 22:11:13.811+00:00 Imported blocks                            blockNumber=14819329 slot=1 blocks=14819328 txs=1581354434 mgas=107099867 bps=38.63 tps=6926 mgps=596.3 avgBps=100.5 avgTps=10724 avgMGps=726.3 elapsed=1d16h57m
Sep 12 22:14:46 nimbus-eth1-mainnet-long-benchmark[2233876]: INF 2026-09-12 22:14:46.571+00:00 Imported blocks                            blockNumber=14827521 slot=1 blocks=14827520 txs=1582755344 mgas=107226485 bps=38.50 tps=6584 mgps=595.1 avgBps=100.4 avgTps=10718 avgMGps=726.1 elapsed=1d17h1m
Sep 12 22:18:22 nimbus-eth1-mainnet-long-benchmark[2233876]: INF 2026-09-12 22:18:22.840+00:00 Imported blocks                            blockNumber=14835713 slot=1 blocks=14835712 txs=1584219534 mgas=107353062 bps=37.88 tps=6770 mgps=585.3 avgBps=100.3 avgTps=10712 avgMGps=725.9 elapsed=1d17h4m
Sep 12 22:21:49 nimbus-eth1-mainnet-long-benchmark[2233876]: INF 2026-09-12 22:21:49.828+00:00 Imported blocks                            blockNumber=14843905 slot=1 blocks=14843904 txs=1585683131 mgas=107479551 bps=39.58 tps=7070 mgps=611.1 avgBps=100.2 avgTps=10707 avgMGps=725.7 elapsed=1d17h8m
Sep 12 22:25:14 nimbus-eth1-mainnet-long-benchmark[2233876]: INF 2026-09-12 22:25:14.965+00:00 Imported blocks                            blockNumber=14852097 slot=1 blocks=14852096 txs=1587119089 mgas=107605902 bps=39.93 tps=7000 mgps=615.9 avgBps=100.1 avgTps=10702 avgMGps=725.6 elapsed=1d17h11m
Sep 12 22:28:44 nimbus-eth1-mainnet-long-benchmark[2233876]: INF 2026-09-12 22:28:44.514+00:00 Imported blocks                            blockNumber=14860289 slot=1 blocks=14860288 txs=1588547697 mgas=107732236 bps=39.09 tps=6817 mgps=602.9 avgBps=100.1 avgTps=10696 avgMGps=725.4 elapsed=1d17h15m
Sep 12 22:32:16 nimbus-eth1-mainnet-long-benchmark[2233876]: INF 2026-09-12 22:32:16.322+00:00 Imported blocks                            blockNumber=14868481 slot=1 blocks=14868480 txs=1589990527 mgas=107858829 bps=38.68 tps=6811 mgps=597.7 avgBps=99.98 avgTps=10691 avgMGps=725.2 elapsed=1d17h18m
Sep 12 22:35:37 nimbus-eth1-mainnet-long-benchmark[2233876]: INF 2026-09-12 22:35:37.811+00:00 Imported blocks                            blockNumber=14876673 slot=1 blocks=14876672 txs=1591434616 mgas=107985284 bps=40.66 tps=7167 mgps=627.6 avgBps=99.90 avgTps=10686 avgMGps=725.1 elapsed=1d17h22m
Sep 12 22:38:55 nimbus-eth1-mainnet-long-benchmark[2233876]: INF 2026-09-12 22:38:55.572+00:00 Imported blocks                            blockNumber=14884865 slot=1 blocks=14884864 txs=1592924600 mgas=108111712 bps=41.42 tps=7534 mgps=639.3 avgBps=99.82 avgTps=10682 avgMGps=725.0 elapsed=1d17h25m
Sep 12 22:42:13 nimbus-eth1-mainnet-long-benchmark[2233876]: INF 2026-09-12 22:42:13.781+00:00 Imported blocks                            blockNumber=14893057 slot=1 blocks=14893056 txs=1594384287 mgas=108238280 bps=41.33 tps=7364 mgps=638.6 avgBps=99.74 avgTps=10677 avgMGps=724.9 elapsed=1d17h28m
Sep 12 22:45:26 nimbus-eth1-mainnet-long-benchmark[2233876]: INF 2026-09-12 22:45:26.426+00:00 Imported blocks                            blockNumber=14901249 slot=1 blocks=14901248 txs=1595813868 mgas=108364670 bps=42.52 tps=7420 mgps=656.1 avgBps=99.67 avgTps=10673 avgMGps=724.8 elapsed=1d17h31m
Sep 12 22:48:42 nimbus-eth1-mainnet-long-benchmark[2233876]: INF 2026-09-12 22:48:42.235+00:00 Imported blocks                            blockNumber=14909441 slot=1 blocks=14909440 txs=1597202289 mgas=108491205 bps=41.84 tps=7090 mgps=646.2 avgBps=99.59 avgTps=10668 avgMGps=724.7 elapsed=1d17h35m
Sep 12 22:51:56 nimbus-eth1-mainnet-long-benchmark[2233876]: INF 2026-09-12 22:51:56.684+00:00 Imported blocks                            blockNumber=14917633 slot=1 blocks=14917632 txs=1598674356 mgas=108617702 bps=42.13 tps=7570 mgps=650.5 avgBps=99.52 avgTps=10664 avgMGps=724.6 elapsed=1d17h38m
Sep 12 22:55:15 nimbus-eth1-mainnet-long-benchmark[2233876]: INF 2026-09-12 22:55:15.188+00:00 Imported blocks                            blockNumber=14925825 slot=1 blocks=14925824 txs=1600116293 mgas=108744157 bps=41.27 tps=7264 mgps=637.0 avgBps=99.44 avgTps=10660 avgMGps=724.5 elapsed=1d17h41m
Sep 12 22:58:24 nimbus-eth1-mainnet-long-benchmark[2233876]: INF 2026-09-12 22:58:24.789+00:00 Imported blocks                            blockNumber=14934017 slot=1 blocks=14934016 txs=1601560457 mgas=108870655 bps=43.21 tps=7616 mgps=667.2 avgBps=99.37 avgTps=10656 avgMGps=724.4 elapsed=1d17h44m
Sep 12 23:01:38 nimbus-eth1-mainnet-long-benchmark[2233876]: INF 2026-09-12 23:01:38.226+00:00 Imported blocks                            blockNumber=14942209 slot=1 blocks=14942208 txs=1603043936 mgas=108997011 bps=42.35 tps=7668 mgps=653.2 avgBps=99.29 avgTps=10652 avgMGps=724.3 elapsed=1d17h48m
Sep 12 23:05:12 nimbus-eth1-mainnet-long-benchmark[2233876]: INF 2026-09-12 23:05:12.495+00:00 Imported blocks                            blockNumber=14950401 slot=1 blocks=14950400 txs=1604484185 mgas=109123396 bps=38.23 tps=6721 mgps=589.8 avgBps=99.21 avgTps=10647 avgMGps=724.1 elapsed=1d17h51m
Sep 12 23:08:50 nimbus-eth1-mainnet-long-benchmark[2233876]: INF 2026-09-12 23:08:50.039+00:00 Imported blocks                            blockNumber=14958593 slot=1 blocks=14958592 txs=1606010597 mgas=109249703 bps=37.66 tps=7016 mgps=580.6 avgBps=99.12 avgTps=10641 avgMGps=723.9 elapsed=1d17h55m
Sep 12 23:12:29 nimbus-eth1-mainnet-long-benchmark[2233876]: INF 2026-09-12 23:12:29.476+00:00 Imported blocks                            blockNumber=14966785 slot=1 blocks=14966784 txs=1607563478 mgas=109375997 bps=37.33 tps=7076 mgps=575.5 avgBps=99.03 avgTps=10636 avgMGps=723.7 elapsed=1d17h58m
Sep 12 23:16:02 nimbus-eth1-mainnet-long-benchmark[2233876]: INF 2026-09-12 23:16:02.208+00:00 Imported blocks                            blockNumber=14974977 slot=1 blocks=14974976 txs=1609110874 mgas=109502092 bps=38.51 tps=7274 mgps=592.7 avgBps=98.94 avgTps=10631 avgMGps=723.5 elapsed=1d18h2m
Sep 12 23:19:30 nimbus-eth1-mainnet-long-benchmark[2233876]: INF 2026-09-12 23:19:30.129+00:00 Imported blocks                            blockNumber=14983169 slot=1 blocks=14983168 txs=1610647473 mgas=109628304 bps=39.40 tps=7390 mgps=607.0 avgBps=98.86 avgTps=10627 avgMGps=723.4 elapsed=1d18h5m
Sep 12 23:23:09 nimbus-eth1-mainnet-long-benchmark[2233876]: INF 2026-09-12 23:23:09.957+00:00 Imported blocks                            blockNumber=14991361 slot=1 blocks=14991360 txs=1612136506 mgas=109754528 bps=37.27 tps=6773 mgps=574.2 avgBps=98.77 avgTps=10621 avgMGps=723.1 elapsed=1d18h9m
Sep 12 23:26:44 nimbus-eth1-mainnet-long-benchmark[2233876]: INF 2026-09-12 23:26:44.078+00:00 Imported blocks                            blockNumber=14999553 slot=1 blocks=14999552 txs=1613589994 mgas=109880792 bps=38.26 tps=6788 mgps=589.7 avgBps=98.69 avgTps=10616 avgMGps=723.0 elapsed=1d18h13m
Sep 12 23:30:12 nimbus-eth1-mainnet-long-benchmark[2233876]: INF 2026-09-12 23:30:12.843+00:00 Imported blocks                            blockNumber=15007745 slot=1 blocks=15007744 txs=1615101791 mgas=110007294 bps=39.24 tps=7241 mgps=606.0 avgBps=98.61 avgTps=10611 avgMGps=722.8 elapsed=1d18h16m
Sep 12 23:33:40 nimbus-eth1-mainnet-long-benchmark[2233876]: INF 2026-09-12 23:33:40.231+00:00 Imported blocks                            blockNumber=15015937 slot=1 blocks=15015936 txs=1616604827 mgas=110133574 bps=39.50 tps=7247 mgps=608.9 avgBps=98.53 avgTps=10607 avgMGps=722.6 elapsed=1d18h20m
Sep 12 23:37:11 nimbus-eth1-mainnet-long-benchmark[2233876]: INF 2026-09-12 23:37:11.244+00:00 Imported blocks                            blockNumber=15024129 slot=1 blocks=15024128 txs=1618124783 mgas=110259979 bps=38.82 tps=7203 mgps=599.0 avgBps=98.44 avgTps=10602 avgMGps=722.5 elapsed=1d18h23m
Sep 12 23:40:26 nimbus-eth1-mainnet-long-benchmark[2233876]: INF 2026-09-12 23:40:26.769+00:00 Imported blocks                            blockNumber=15032321 slot=1 blocks=15032320 txs=1619547895 mgas=110386347 bps=41.90 tps=7278 mgps=646.3 avgBps=98.37 avgTps=10598 avgMGps=722.4 elapsed=1d18h26m
Sep 12 23:43:51 nimbus-eth1-mainnet-long-benchmark[2233876]: INF 2026-09-12 23:43:51.925+00:00 Imported blocks                            blockNumber=15040513 slot=1 blocks=15040512 txs=1621062193 mgas=110512795 bps=39.93 tps=7381 mgps=616.4 avgBps=98.29 avgTps=10593 avgMGps=722.2 elapsed=1d18h30m
Sep 12 23:47:12 nimbus-eth1-mainnet-long-benchmark[2233876]: INF 2026-09-12 23:47:12.134+00:00 Imported blocks                            blockNumber=15048705 slot=1 blocks=15048704 txs=1622602901 mgas=110639043 bps=40.92 tps=7695 mgps=630.6 avgBps=98.22 avgTps=10590 avgMGps=722.1 elapsed=1d18h33m
Sep 12 23:50:42 nimbus-eth1-mainnet-long-benchmark[2233876]: INF 2026-09-12 23:50:42.123+00:00 Imported blocks                            blockNumber=15056897 slot=1 blocks=15056896 txs=1624115395 mgas=110765349 bps=39.01 tps=7202 mgps=601.5 avgBps=98.14 avgTps=10585 avgMGps=721.9 elapsed=1d18h37m
Sep 12 23:54:06 nimbus-eth1-mainnet-long-benchmark[2233876]: INF 2026-09-12 23:54:06.708+00:00 Imported blocks                            blockNumber=15065089 slot=1 blocks=15065088 txs=1625614655 mgas=110891687 bps=40.04 tps=7328 mgps=617.5 avgBps=98.06 avgTps=10581 avgMGps=721.8 elapsed=1d18h40m
Sep 12 23:57:33 nimbus-eth1-mainnet-long-benchmark[2233876]: INF 2026-09-12 23:57:33.324+00:00 Imported blocks                            blockNumber=15073281 slot=1 blocks=15073280 txs=1627066919 mgas=111018242 bps=39.65 tps=7028 mgps=612.5 avgBps=97.98 avgTps=10576 avgMGps=721.7 elapsed=1d18h43m
Sep 13 00:00:57 nimbus-eth1-mainnet-long-benchmark[2233876]: INF 2026-09-13 00:00:57.049+00:00 Imported blocks                            blockNumber=15081473 slot=1 blocks=15081472 txs=1628546403 mgas=111144739 bps=40.21 tps=7262 mgps=620.9 avgBps=97.90 avgTps=10572 avgMGps=721.5 elapsed=1d18h47m
Sep 13 00:04:21 nimbus-eth1-mainnet-long-benchmark[2233876]: INF 2026-09-13 00:04:21.050+00:00 Imported blocks                            blockNumber=15089665 slot=1 blocks=15089664 txs=1630035104 mgas=111271322 bps=40.16 tps=7297 mgps=620.5 avgBps=97.83 avgTps=10567 avgMGps=721.4 elapsed=1d18h50m
Sep 13 00:07:42 nimbus-eth1-mainnet-long-benchmark[2233876]: INF 2026-09-13 00:07:42.530+00:00 Imported blocks                            blockNumber=15097857 slot=1 blocks=15097856 txs=1631539029 mgas=111397707 bps=40.66 tps=7464 mgps=627.3 avgBps=97.75 avgTps=10563 avgMGps=721.3 elapsed=1d18h54m
Sep 13 00:11:02 nimbus-eth1-mainnet-long-benchmark[2233876]: INF 2026-09-13 00:11:02.019+00:00 Imported blocks                            blockNumber=15106049 slot=1 blocks=15106048 txs=1633018732 mgas=111523983 bps=41.06 tps=7417 mgps=633.0 avgBps=97.68 avgTps=10559 avgMGps=721.2 elapsed=1d18h57m
Sep 13 00:14:25 nimbus-eth1-mainnet-long-benchmark[2233876]: INF 2026-09-13 00:14:25.340+00:00 Imported blocks                            blockNumber=15114241 slot=1 blocks=15114240 txs=1634506563 mgas=111650426 bps=40.29 tps=7317 mgps=621.9 avgBps=97.61 avgTps=10555 avgMGps=721.0 elapsed=1d19h50s
Sep 13 00:17:41 nimbus-eth1-mainnet-long-benchmark[2233876]: INF 2026-09-13 00:17:41.557+00:00 Imported blocks                            blockNumber=15122433 slot=1 blocks=15122432 txs=1635958506 mgas=111777176 bps=41.75 tps=7399 mgps=646.0 avgBps=97.53 avgTps=10551 avgMGps=720.9 elapsed=1d19h4m
Sep 13 00:20:59 nimbus-eth1-mainnet-long-benchmark[2233876]: INF 2026-09-13 00:20:59.722+00:00 Imported blocks                            blockNumber=15130625 slot=1 blocks=15130624 txs=1637391052 mgas=111903532 bps=41.34 tps=7228 mgps=637.6 avgBps=97.46 avgTps=10547 avgMGps=720.8 elapsed=1d19h7m
Sep 13 00:24:19 nimbus-eth1-mainnet-long-benchmark[2233876]: INF 2026-09-13 00:24:19.710+00:00 Imported blocks                            blockNumber=15138817 slot=1 blocks=15138816 txs=1638889569 mgas=112029690 bps=40.96 tps=7493 mgps=630.8 avgBps=97.39 avgTps=10543 avgMGps=720.7 elapsed=1d19h10m
Sep 13 00:27:41 nimbus-eth1-mainnet-long-benchmark[2233876]: INF 2026-09-13 00:27:41.663+00:00 Imported blocks                            blockNumber=15147009 slot=1 blocks=15147008 txs=1640391702 mgas=112156177 bps=40.56 tps=7437 mgps=626.3 avgBps=97.32 avgTps=10539 avgMGps=720.6 elapsed=1d19h14m
Sep 13 00:31:09 nimbus-eth1-mainnet-long-benchmark[2233876]: INF 2026-09-13 00:31:09.864+00:00 Imported blocks                            blockNumber=15155201 slot=1 blocks=15155200 txs=1641972637 mgas=112282660 bps=39.35 tps=7593 mgps=607.5 avgBps=97.24 avgTps=10535 avgMGps=720.4 elapsed=1d19h17m
Sep 13 00:34:39 nimbus-eth1-mainnet-long-benchmark[2233876]: INF 2026-09-13 00:34:39.629+00:00 Imported blocks                            blockNumber=15163393 slot=1 blocks=15163392 txs=1643547827 mgas=112408879 bps=39.05 tps=7509 mgps=601.7 avgBps=97.16 avgTps=10531 avgMGps=720.3 elapsed=1d19h21m
Sep 13 00:38:07 nimbus-eth1-mainnet-long-benchmark[2233876]: INF 2026-09-13 00:38:07.313+00:00 Imported blocks                            blockNumber=15171585 slot=1 blocks=15171584 txs=1645084111 mgas=112535207 bps=39.44 tps=7397 mgps=608.3 avgBps=97.08 avgTps=10527 avgMGps=720.1 elapsed=1d19h24m
Sep 13 00:41:32 nimbus-eth1-mainnet-long-benchmark[2233876]: INF 2026-09-13 00:41:32.662+00:00 Imported blocks                            blockNumber=15179777 slot=1 blocks=15179776 txs=1646572816 mgas=112661609 bps=39.89 tps=7249 mgps=615.5 avgBps=97.01 avgTps=10522 avgMGps=720.0 elapsed=1d19h27m
Sep 13 00:45:01 nimbus-eth1-mainnet-long-benchmark[2233876]: INF 2026-09-13 00:45:01.391+00:00 Imported blocks                            blockNumber=15187969 slot=1 blocks=15187968 txs=1648108672 mgas=112787989 bps=39.25 tps=7358 mgps=605.5 avgBps=96.93 avgTps=10518 avgMGps=719.8 elapsed=1d19h31m
Sep 13 00:48:31 nimbus-eth1-mainnet-long-benchmark[2233876]: INF 2026-09-13 00:48:31.267+00:00 Imported blocks                            blockNumber=15196161 slot=1 blocks=15196160 txs=1649610927 mgas=112914330 bps=39.03 tps=7157 mgps=602.0 avgBps=96.85 avgTps=10514 avgMGps=719.7 elapsed=1d19h34m
Sep 13 00:51:59 nimbus-eth1-mainnet-long-benchmark[2233876]: INF 2026-09-13 00:51:59.992+00:00 Imported blocks                            blockNumber=15204353 slot=1 blocks=15204352 txs=1651068792 mgas=113040800 bps=39.25 tps=6984 mgps=605.9 avgBps=96.78 avgTps=10509 avgMGps=719.5 elapsed=1d19h38m
Sep 13 00:55:34 nimbus-eth1-mainnet-long-benchmark[2233876]: INF 2026-09-13 00:55:34.948+00:00 Imported blocks                            blockNumber=15212545 slot=1 blocks=15212544 txs=1652544743 mgas=113167506 bps=38.11 tps=6866 mgps=589.4 avgBps=96.70 avgTps=10504 avgMGps=719.3 elapsed=1d19h42m
Sep 13 00:59:26 nimbus-eth1-mainnet-long-benchmark[2233876]: INF 2026-09-13 00:59:26.641+00:00 Imported blocks                            blockNumber=15220737 slot=1 blocks=15220736 txs=1654644473 mgas=113293896 bps=35.36 tps=9062 mgps=545.5 avgBps=96.61 avgTps=10502 avgMGps=719.1 elapsed=1d19h45m
Sep 13 01:03:01 nimbus-eth1-mainnet-long-benchmark[2233876]: INF 2026-09-13 01:03:01.449+00:00 Imported blocks                            blockNumber=15228929 slot=1 blocks=15228928 txs=1656152007 mgas=113420282 bps=38.14 tps=7018 mgps=588.4 avgBps=96.53 avgTps=10497 avgMGps=718.9 elapsed=1d19h49m
Sep 13 01:06:36 nimbus-eth1-mainnet-long-benchmark[2233876]: INF 2026-09-13 01:06:36.978+00:00 Imported blocks                            blockNumber=15237121 slot=1 blocks=15237120 txs=1657684321 mgas=113546698 bps=38.01 tps=7109 mgps=586.5 avgBps=96.45 avgTps=10492 avgMGps=718.7 elapsed=1d19h53m
Sep 13 01:10:11 nimbus-eth1-mainnet-long-benchmark[2233876]: INF 2026-09-13 01:10:11.118+00:00 Imported blocks                            blockNumber=15245313 slot=1 blocks=15245312 txs=1659177302 mgas=113673024 bps=38.25 tps=6971 mgps=589.9 avgBps=96.37 avgTps=10488 avgMGps=718.6 elapsed=1d19h56m
Sep 13 01:13:47 nimbus-eth1-mainnet-long-benchmark[2233876]: INF 2026-09-13 01:13:47.775+00:00 Imported blocks                            blockNumber=15253505 slot=1 blocks=15253504 txs=1660650585 mgas=113799497 bps=37.81 tps=6800 mgps=583.7 avgBps=96.29 avgTps=10483 avgMGps=718.4 elapsed=1d20h12s
Sep 13 01:17:30 nimbus-eth1-mainnet-long-benchmark[2233876]: INF 2026-09-13 01:17:30.311+00:00 Imported blocks                            blockNumber=15261697 slot=1 blocks=15261696 txs=1662310633 mgas=113926031 bps=36.81 tps=7459 mgps=568.6 avgBps=96.21 avgTps=10478 avgMGps=718.2 elapsed=1d20h3m
Sep 13 01:21:12 nimbus-eth1-mainnet-long-benchmark[2233876]: INF 2026-09-13 01:21:12.236+00:00 Imported blocks                            blockNumber=15269889 slot=1 blocks=15269888 txs=1663910930 mgas=114052621 bps=36.91 tps=7210 mgps=570.4 avgBps=96.12 avgTps=10474 avgMGps=718.0 elapsed=1d20h7m
Sep 13 01:24:59 nimbus-eth1-mainnet-long-benchmark[2233876]: INF 2026-09-13 01:24:59.920+00:00 Imported blocks                            blockNumber=15278081 slot=1 blocks=15278080 txs=1665719055 mgas=114179013 bps=35.98 tps=7941 mgps=555.1 avgBps=96.04 avgTps=10470 avgMGps=717.7 elapsed=1d20h11m
Sep 13 01:28:32 nimbus-eth1-mainnet-long-benchmark[2233876]: INF 2026-09-13 01:28:32.633+00:00 Imported blocks                            blockNumber=15286273 slot=1 blocks=15286272 txs=1667228458 mgas=114305424 bps=38.51 tps=7096 mgps=594.3 avgBps=95.96 avgTps=10466 avgMGps=717.6 elapsed=1d20h14m
Sep 13 01:32:10 nimbus-eth1-mainnet-long-benchmark[2233876]: INF 2026-09-13 01:32:10.445+00:00 Imported blocks                            blockNumber=15294465 slot=1 blocks=15294464 txs=1668720560 mgas=114431928 bps=37.61 tps=6850 mgps=580.8 avgBps=95.88 avgTps=10461 avgMGps=717.4 elapsed=1d20h18m
Sep 13 01:35:41 nimbus-eth1-mainnet-long-benchmark[2233876]: INF 2026-09-13 01:35:41.194+00:00 Imported blocks                            blockNumber=15302657 slot=1 blocks=15302656 txs=1670201566 mgas=114558808 bps=38.87 tps=7027 mgps=602.0 avgBps=95.81 avgTps=10456 avgMGps=717.2 elapsed=1d20h22m
Sep 13 01:39:06 nimbus-eth1-mainnet-long-benchmark[2233876]: INF 2026-09-13 01:39:06.691+00:00 Imported blocks                            blockNumber=15310849 slot=1 blocks=15310848 txs=1671657139 mgas=114685147 bps=39.86 tps=7083 mgps=614.8 avgBps=95.73 avgTps=10452 avgMGps=717.1 elapsed=1d20h25m
Sep 13 01:42:32 nimbus-eth1-mainnet-long-benchmark[2233876]: INF 2026-09-13 01:42:32.419+00:00 Imported blocks                            blockNumber=15319041 slot=1 blocks=15319040 txs=1673125662 mgas=114811531 bps=39.82 tps=7138 mgps=614.3 avgBps=95.66 avgTps=10448 avgMGps=717.0 elapsed=1d20h28m
Sep 13 01:45:58 nimbus-eth1-mainnet-long-benchmark[2233876]: INF 2026-09-13 01:45:58.640+00:00 Imported blocks                            blockNumber=15327233 slot=1 blocks=15327232 txs=1674580780 mgas=114937984 bps=39.72 tps=7056 mgps=613.2 avgBps=95.59 avgTps=10443 avgMGps=716.8 elapsed=1d20h32m
Sep 13 01:49:28 nimbus-eth1-mainnet-long-benchmark[2233876]: INF 2026-09-13 01:49:28.169+00:00 Imported blocks                            blockNumber=15335425 slot=1 blocks=15335424 txs=1676008794 mgas=115064469 bps=39.10 tps=6815 mgps=603.7 avgBps=95.52 avgTps=10438 avgMGps=716.7 elapsed=1d20h35m
Sep 13 01:52:59 nimbus-eth1-mainnet-long-benchmark[2233876]: INF 2026-09-13 01:52:59.797+00:00 Imported blocks                            blockNumber=15343617 slot=1 blocks=15343616 txs=1677423354 mgas=115191053 bps=38.71 tps=6684 mgps=598.1 avgBps=95.44 avgTps=10434 avgMGps=716.5 elapsed=1d20h39m
Sep 13 01:56:23 nimbus-eth1-mainnet-long-benchmark[2233876]: INF 2026-09-13 01:56:23.174+00:00 Imported blocks                            blockNumber=15351809 slot=1 blocks=15351808 txs=1678856576 mgas=115317423 bps=40.28 tps=7047 mgps=621.4 avgBps=95.37 avgTps=10429 avgMGps=716.4 elapsed=1d20h42m
Sep 13 01:59:54 nimbus-eth1-mainnet-long-benchmark[2233876]: INF 2026-09-13 01:59:54.595+00:00 Imported blocks                            blockNumber=15360001 slot=1 blocks=15360000 txs=1680295232 mgas=115444148 bps=38.75 tps=6804 mgps=599.4 avgBps=95.30 avgTps=10424 avgMGps=716.2 elapsed=1d20h46m
Sep 13 02:03:20 nimbus-eth1-mainnet-long-benchmark[2233876]: INF 2026-09-13 02:03:20.267+00:00 Imported blocks                            blockNumber=15368193 slot=1 blocks=15368192 txs=1681717735 mgas=115570674 bps=39.83 tps=6916 mgps=615.2 avgBps=95.23 avgTps=10420 avgMGps=716.1 elapsed=1d20h49m
Sep 13 02:06:50 nimbus-eth1-mainnet-long-benchmark[2233876]: INF 2026-09-13 02:06:50.108+00:00 Imported blocks                            blockNumber=15376385 slot=1 blocks=15376384 txs=1683135711 mgas=115697039 bps=39.04 tps=6757 mgps=602.2 avgBps=95.15 avgTps=10415 avgMGps=716.0 elapsed=1d20h53m
Sep 13 02:10:24 nimbus-eth1-mainnet-long-benchmark[2233876]: INF 2026-09-13 02:10:24.441+00:00 Imported blocks                            blockNumber=15384577 slot=1 blocks=15384576 txs=1684560130 mgas=115823696 bps=38.22 tps=6645 mgps=590.9 avgBps=95.08 avgTps=10410 avgMGps=715.8 elapsed=1d20h56m
Sep 13 02:13:48 nimbus-eth1-mainnet-long-benchmark[2233876]: INF 2026-09-13 02:13:48.565+00:00 Imported blocks                            blockNumber=15392769 slot=1 blocks=15392768 txs=1685941602 mgas=115950289 bps=40.13 tps=6767 mgps=620.2 avgBps=95.01 avgTps=10406 avgMGps=715.7 elapsed=1d21h13s
Sep 13 02:17:14 nimbus-eth1-mainnet-long-benchmark[2233876]: INF 2026-09-13 02:17:14.258+00:00 Imported blocks                            blockNumber=15400961 slot=1 blocks=15400960 txs=1687308456 mgas=116076849 bps=39.83 tps=6645 mgps=615.3 avgBps=94.94 avgTps=10401 avgMGps=715.6 elapsed=1d21h3m
Sep 13 02:20:44 nimbus-eth1-mainnet-long-benchmark[2233876]: INF 2026-09-13 02:20:44.247+00:00 Imported blocks                            blockNumber=15409153 slot=1 blocks=15409152 txs=1688699955 mgas=116203546 bps=39.01 tps=6626 mgps=603.3 avgBps=94.87 avgTps=10396 avgMGps=715.4 elapsed=1d21h7m
Sep 13 02:24:07 nimbus-eth1-mainnet-long-benchmark[2233876]: INF 2026-09-13 02:24:07.588+00:00 Imported blocks                            blockNumber=15417345 slot=1 blocks=15417344 txs=1690108287 mgas=116330141 bps=40.29 tps=6925 mgps=622.6 avgBps=94.80 avgTps=10392 avgMGps=715.3 elapsed=1d21h10m
Sep 13 02:27:35 nimbus-eth1-mainnet-long-benchmark[2233876]: INF 2026-09-13 02:27:35.872+00:00 Imported blocks                            blockNumber=15425537 slot=1 blocks=15425536 txs=1691490985 mgas=116456633 bps=39.33 tps=6638 mgps=607.3 avgBps=94.73 avgTps=10387 avgMGps=715.2 elapsed=1d21h14m
Sep 13 02:30:58 nimbus-eth1-mainnet-long-benchmark[2233876]: INF 2026-09-13 02:30:58.921+00:00 Imported blocks                            blockNumber=15433729 slot=1 blocks=15433728 txs=1692852033 mgas=116583287 bps=40.34 tps=6703 mgps=623.8 avgBps=94.66 avgTps=10382 avgMGps=715.0 elapsed=1d21h17m
Sep 13 02:34:23 nimbus-eth1-mainnet-long-benchmark[2233876]: INF 2026-09-13 02:34:23.110+00:00 Imported blocks                            blockNumber=15441921 slot=1 blocks=15441920 txs=1694244263 mgas=116709795 bps=40.12 tps=6818 mgps=619.6 avgBps=94.59 avgTps=10378 avgMGps=714.9 elapsed=1d21h20m
Sep 13 02:37:41 nimbus-eth1-mainnet-long-benchmark[2233876]: INF 2026-09-13 02:37:41.935+00:00 Imported blocks                            blockNumber=15450113 slot=1 blocks=15450112 txs=1695594729 mgas=116836189 bps=41.20 tps=6792 mgps=635.7 avgBps=94.53 avgTps=10373 avgMGps=714.8 elapsed=1d21h24m
Sep 13 02:41:05 nimbus-eth1-mainnet-long-benchmark[2233876]: INF 2026-09-13 02:41:05.255+00:00 Imported blocks                            blockNumber=15458305 slot=1 blocks=15458304 txs=1697020595 mgas=116962689 bps=40.29 tps=7012 mgps=622.2 avgBps=94.46 avgTps=10369 avgMGps=714.7 elapsed=1d21h27m
Sep 13 02:44:25 nimbus-eth1-mainnet-long-benchmark[2233876]: INF 2026-09-13 02:44:25.928+00:00 Imported blocks                            blockNumber=15466497 slot=1 blocks=15466496 txs=1698409469 mgas=117089370 bps=40.82 tps=6921 mgps=631.3 avgBps=94.39 avgTps=10365 avgMGps=714.6 elapsed=1d21h30m
Sep 13 02:47:53 nimbus-eth1-mainnet-long-benchmark[2233876]: INF 2026-09-13 02:47:53.817+00:00 Imported blocks                            blockNumber=15474689 slot=1 blocks=15474688 txs=1699841823 mgas=117216133 bps=39.41 tps=6890 mgps=609.8 avgBps=94.32 avgTps=10361 avgMGps=714.5 elapsed=1d21h34m
Sep 13 02:51:18 nimbus-eth1-mainnet-long-benchmark[2233876]: INF 2026-09-13 02:51:18.554+00:00 Imported blocks                            blockNumber=15482881 slot=1 blocks=15482880 txs=1701281265 mgas=117342759 bps=40.01 tps=7030 mgps=618.5 avgBps=94.26 avgTps=10357 avgMGps=714.4 elapsed=1d21h37m
Sep 13 02:54:46 nimbus-eth1-mainnet-long-benchmark[2233876]: INF 2026-09-13 02:54:46.394+00:00 Imported blocks                            blockNumber=15491073 slot=1 blocks=15491072 txs=1702699840 mgas=117469274 bps=39.42 tps=6825 mgps=608.7 avgBps=94.19 avgTps=10352 avgMGps=714.2 elapsed=1d21h41m
Sep 13 02:58:05 nimbus-eth1-mainnet-long-benchmark[2233876]: INF 2026-09-13 02:58:05.443+00:00 Imported blocks                            blockNumber=15499265 slot=1 blocks=15499264 txs=1704099286 mgas=117595865 bps=41.15 tps=7030 mgps=636.0 avgBps=94.12 avgTps=10348 avgMGps=714.1 elapsed=1d21h44m
Sep 13 03:01:31 nimbus-eth1-mainnet-long-benchmark[2233876]: INF 2026-09-13 03:01:31.052+00:00 Imported blocks                            blockNumber=15507457 slot=1 blocks=15507456 txs=1705521146 mgas=117722232 bps=39.84 tps=6915 mgps=614.6 avgBps=94.06 avgTps=10344 avgMGps=714.0 elapsed=1d21h47m
Sep 13 03:05:04 nimbus-eth1-mainnet-long-benchmark[2233876]: INF 2026-09-13 03:05:04.184+00:00 Imported blocks                            blockNumber=15515649 slot=1 blocks=15515648 txs=1706907865 mgas=117848944 bps=38.44 tps=6506 mgps=594.5 avgBps=93.98 avgTps=10339 avgMGps=713.8 elapsed=1d21h51m
Sep 13 03:08:26 nimbus-eth1-mainnet-long-benchmark[2233876]: INF 2026-09-13 03:08:26.309+00:00 Imported blocks                            blockNumber=15523841 slot=1 blocks=15523840 txs=1708342500 mgas=117975417 bps=40.53 tps=7097 mgps=625.7 avgBps=93.92 avgTps=10335 avgMGps=713.7 elapsed=1d21h54m
Sep 13 03:11:54 nimbus-eth1-mainnet-long-benchmark[2233876]: INF 2026-09-13 03:11:54.846+00:00 Imported blocks                            blockNumber=15532033 slot=1 blocks=15532032 txs=1709822558 mgas=118101833 bps=39.28 tps=7097 mgps=606.2 avgBps=93.85 avgTps=10331 avgMGps=713.6 elapsed=1d21h58m
Sep 13 03:14:04 nimbus-eth1-mainnet-long-benchmark[2233876]: NTC 2026-09-13 03:14:04.564+00:00 Importing era archive                      blockNumber=15537394 dataDir=/data/status-im/nimbus-eth1/data/shared_mainnet_0 eraDir=/data/era
Sep 13 03:15:23 nimbus-eth1-mainnet-long-benchmark[2233876]: INF 2026-09-13 03:15:23.519+00:00 Imported blocks                            blockNumber=15540225 slot=4702882 blocks=15540224 txs=1711361875 mgas=118228056 bps=39.26 tps=7376 mgps=604.9 avgBps=93.78 avgTps=10327 avgMGps=713.5 elapsed=1d22h1m
Sep 13 03:18:55 nimbus-eth1-mainnet-long-benchmark[2233876]: INF 2026-09-13 03:18:55.535+00:00 Imported blocks                            blockNumber=15548417 slot=4711204 blocks=15548416 txs=1712911308 mgas=118353323 bps=38.64 tps=7307 mgps=590.8 avgBps=93.71 avgTps=10323 avgMGps=713.3 elapsed=1d22h5m
Sep 13 03:22:32 nimbus-eth1-mainnet-long-benchmark[2233876]: INF 2026-09-13 03:22:32.652+00:00 Imported blocks                            blockNumber=15556609 slot=4719481 blocks=15556608 txs=1714418307 mgas=118478638 bps=37.73 tps=6940 mgps=577.2 avgBps=93.64 avgTps=10319 avgMGps=713.1 elapsed=1d22h8m
Sep 13 03:26:05 nimbus-eth1-mainnet-long-benchmark[2233876]: INF 2026-09-13 03:26:05.592+00:00 Imported blocks                            blockNumber=15564801 slot=4727753 blocks=15564800 txs=1715744818 mgas=118604023 bps=38.47 tps=6229 mgps=588.8 avgBps=93.57 avgTps=10314 avgMGps=713.0 elapsed=1d22h12m
Sep 13 03:29:35 nimbus-eth1-mainnet-long-benchmark[2233876]: INF 2026-09-13 03:29:35.117+00:00 Imported blocks                            blockNumber=15572993 slot=4736026 blocks=15572992 txs=1717046043 mgas=118729383 bps=39.10 tps=6210 mgps=598.3 avgBps=93.50 avgTps=10308 avgMGps=712.8 elapsed=1d22h16m
Sep 13 03:33:00 nimbus-eth1-mainnet-long-benchmark[2233876]: INF 2026-09-13 03:33:00.378+00:00 Imported blocks                            blockNumber=15581185 slot=4744366 blocks=15581184 txs=1718344065 mgas=118854674 bps=39.91 tps=6323 mgps=610.4 avgBps=93.43 avgTps=10303 avgMGps=712.7 elapsed=1d22h19m
Sep 13 03:36:30 nimbus-eth1-mainnet-long-benchmark[2233876]: INF 2026-09-13 03:36:30.710+00:00 Imported blocks                            blockNumber=15589377 slot=4752640 blocks=15589376 txs=1719636168 mgas=118980168 bps=38.95 tps=6143 mgps=596.6 avgBps=93.36 avgTps=10298 avgMGps=712.6 elapsed=1d22h22m
Sep 13 03:39:57 nimbus-eth1-mainnet-long-benchmark[2233876]: INF 2026-09-13 03:39:57.635+00:00 Imported blocks                            blockNumber=15597569 slot=4760873 blocks=15597568 txs=1720905744 mgas=119105339 bps=39.59 tps=6135 mgps=604.9 avgBps=93.30 avgTps=10293 avgMGps=712.4 elapsed=1d22h26m
Sep 13 03:43:28 nimbus-eth1-mainnet-long-benchmark[2233876]: INF 2026-09-13 03:43:28.952+00:00 Imported blocks                            blockNumber=15605761 slot=4769097 blocks=15605760 txs=1722187678 mgas=119230498 bps=38.77 tps=6066 mgps=592.3 avgBps=93.23 avgTps=10288 avgMGps=712.3 elapsed=1d22h29m
Sep 13 03:46:55 nimbus-eth1-mainnet-long-benchmark[2233876]: INF 2026-09-13 03:46:55.900+00:00 Imported blocks                            blockNumber=15613953 slot=4777324 blocks=15613952 txs=1723454161 mgas=119355682 bps=39.58 tps=6119 mgps=604.9 avgBps=93.16 avgTps=10283 avgMGps=712.1 elapsed=1d22h33m
Sep 13 03:50:24 nimbus-eth1-mainnet-long-benchmark[2233876]: INF 2026-09-13 03:50:24.597+00:00 Imported blocks                            blockNumber=15622145 slot=4785575 blocks=15622144 txs=1724765004 mgas=119481034 bps=39.25 tps=6281 mgps=600.6 avgBps=93.09 avgTps=10278 avgMGps=712.0 elapsed=1d22h36m
Sep 13 03:53:52 nimbus-eth1-mainnet-long-benchmark[2233876]: INF 2026-09-13 03:53:52.162+00:00 Imported blocks                            blockNumber=15630337 slot=4793834 blocks=15630336 txs=1726115428 mgas=119606437 bps=39.47 tps=6506 mgps=604.2 avgBps=93.03 avgTps=10273 avgMGps=711.9 elapsed=1d22h40m
Sep 13 03:57:18 nimbus-eth1-mainnet-long-benchmark[2233876]: INF 2026-09-13 03:57:18.555+00:00 Imported blocks                            blockNumber=15638529 slot=4802063 blocks=15638528 txs=1727387344 mgas=119731727 bps=39.69 tps=6162 mgps=607.1 avgBps=92.96 avgTps=10268 avgMGps=711.7 elapsed=1d22h43m
Sep 13 04:00:39 nimbus-eth1-mainnet-long-benchmark[2233876]: INF 2026-09-13 04:00:39.967+00:00 Imported blocks                            blockNumber=15646721 slot=4810311 blocks=15646720 txs=1728769573 mgas=119857145 bps=40.67 tps=6862 mgps=622.7 avgBps=92.90 avgTps=10264 avgMGps=711.6 elapsed=1d22h47m
Sep 13 04:04:05 nimbus-eth1-mainnet-long-benchmark[2233876]: INF 2026-09-13 04:04:05.560+00:00 Imported blocks                            blockNumber=15654913 slot=4818560 blocks=15654912 txs=1730111417 mgas=119982386 bps=39.85 tps=6526 mgps=609.2 avgBps=92.84 avgTps=10259 avgMGps=711.5 elapsed=1d22h50m
Sep 13 04:07:39 nimbus-eth1-mainnet-long-benchmark[2233876]: INF 2026-09-13 04:07:39.909+00:00 Imported blocks                            blockNumber=15663105 slot=4826793 blocks=15663104 txs=1731450288 mgas=120107622 bps=38.22 tps=6246 mgps=584.3 avgBps=92.77 avgTps=10254 avgMGps=711.3 elapsed=1d22h54m
Sep 13 04:10:52 nimbus-eth1-mainnet-long-benchmark[2233876]: INF 2026-09-13 04:10:52.826+00:00 Imported blocks                            blockNumber=15671297 slot=4835033 blocks=15671296 txs=1732923786 mgas=120232889 bps=42.46 tps=7637 mgps=649.3 avgBps=92.71 avgTps=10251 avgMGps=711.3 elapsed=1d22h57m
Sep 13 04:14:18 nimbus-eth1-mainnet-long-benchmark[2233876]: INF 2026-09-13 04:14:18.838+00:00 Imported blocks                            blockNumber=15679489 slot=4843307 blocks=15679488 txs=1734265729 mgas=120358128 bps=39.76 tps=6513 mgps=607.9 avgBps=92.64 avgTps=10247 avgMGps=711.2 elapsed=1d23h43s
Sep 13 04:17:49 nimbus-eth1-mainnet-long-benchmark[2233876]: INF 2026-09-13 04:17:49.975+00:00 Imported blocks                            blockNumber=15687681 slot=4851548 blocks=15687680 txs=1735624674 mgas=120483467 bps=38.80 tps=6436 mgps=593.6 avgBps=92.58 avgTps=10242 avgMGps=711.0 elapsed=1d23h4m
Sep 13 04:21:13 nimbus-eth1-mainnet-long-benchmark[2233876]: INF 2026-09-13 04:21:13.736+00:00 Imported blocks                            blockNumber=15695873 slot=4859783 blocks=15695872 txs=1736990907 mgas=120608800 bps=40.20 tps=6705 mgps=615.1 avgBps=92.51 avgTps=10238 avgMGps=710.9 elapsed=1d23h7m
Sep 13 04:24:39 nimbus-eth1-mainnet-long-benchmark[2233876]: INF 2026-09-13 04:24:39.080+00:00 Imported blocks                            blockNumber=15704065 slot=4868035 blocks=15704064 txs=1738357846 mgas=120734109 bps=39.89 tps=6656 mgps=610.2 avgBps=92.45 avgTps=10233 avgMGps=710.8 elapsed=1d23h11m
Sep 13 04:27:26 nimbus-eth1-mainnet-long-benchmark[2233876]: INF 2026-09-13 04:27:26.790+00:00 Imported blocks                            blockNumber=15712257 slot=4876269 blocks=15712256 txs=1739616514 mgas=120859690 bps=48.85 tps=7505 mgps=748.8 avgBps=92.41 avgTps=10231 avgMGps=710.8 elapsed=1d23h13m
Sep 13 04:30:25 nimbus-eth1-mainnet-long-benchmark[2233876]: INF 2026-09-13 04:30:25.887+00:00 Imported blocks                            blockNumber=15720449 slot=4884504 blocks=15720448 txs=1740885525 mgas=120985277 bps=45.74 tps=7085 mgps=701.2 avgBps=92.36 avgTps=10227 avgMGps=710.8 elapsed=1d23h16m
Sep 13 04:33:46 nimbus-eth1-mainnet-long-benchmark[2233876]: INF 2026-09-13 04:33:46.192+00:00 Imported blocks                            blockNumber=15728641 slot=4892734 blocks=15728640 txs=1742176093 mgas=121110614 bps=40.90 tps=6443 mgps=625.7 avgBps=92.30 avgTps=10223 avgMGps=710.7 elapsed=1d23h20m
Sep 13 04:37:04 nimbus-eth1-mainnet-long-benchmark[2233876]: INF 2026-09-13 04:37:04.057+00:00 Imported blocks                            blockNumber=15736833 slot=4900965 blocks=15736832 txs=1743394598 mgas=121236285 bps=41.40 tps=6158 mgps=635.1 avgBps=92.24 avgTps=10218 avgMGps=710.6 elapsed=1d23h23m
Sep 13 04:40:33 nimbus-eth1-mainnet-long-benchmark[2233876]: INF 2026-09-13 04:40:33.409+00:00 Imported blocks                            blockNumber=15745025 slot=4909209 blocks=15745024 txs=1744665239 mgas=121361472 bps=39.13 tps=6069 mgps=598.0 avgBps=92.17 avgTps=10213 avgMGps=710.5 elapsed=1d23h26m
Sep 13 04:43:54 nimbus-eth1-mainnet-long-benchmark[2233876]: INF 2026-09-13 04:43:54.422+00:00 Imported blocks                            blockNumber=15753217 slot=4917440 blocks=15753216 txs=1745887830 mgas=121487093 bps=40.75 tps=6082 mgps=624.9 avgBps=92.11 avgTps=10208 avgMGps=710.4 elapsed=1d23h30m
Sep 13 04:47:13 nimbus-eth1-mainnet-long-benchmark[2233876]: INF 2026-09-13 04:47:13.347+00:00 Imported blocks                            blockNumber=15761409 slot=4925676 blocks=15761408 txs=1747023901 mgas=121612736 bps=41.18 tps=5710 mgps=631.6 avgBps=92.05 avgTps=10203 avgMGps=710.3 elapsed=1d23h33m
Sep 13 04:50:38 nimbus-eth1-mainnet-long-benchmark[2233876]: INF 2026-09-13 04:50:38.524+00:00 Imported blocks                            blockNumber=15769601 slot=4933927 blocks=15769600 txs=1748230935 mgas=121738183 bps=39.93 tps=5882 mgps=611.4 avgBps=91.99 avgTps=10198 avgMGps=710.2 elapsed=1d23h37m
Sep 13 04:53:54 nimbus-eth1-mainnet-long-benchmark[2233876]: INF 2026-09-13 04:53:54.948+00:00 Imported blocks                            blockNumber=15777793 slot=4942152 blocks=15777792 txs=1749460992 mgas=121863350 bps=41.71 tps=6262 mgps=637.2 avgBps=91.93 avgTps=10193 avgMGps=710.1 elapsed=1d23h40m
Sep 13 04:57:15 nimbus-eth1-mainnet-long-benchmark[2233876]: INF 2026-09-13 04:57:15.489+00:00 Imported blocks                            blockNumber=15785985 slot=4950396 blocks=15785984 txs=1750697379 mgas=121988448 bps=40.85 tps=6165 mgps=623.8 avgBps=91.87 avgTps=10189 avgMGps=710.0 elapsed=1d23h43m
Sep 13 05:00:38 nimbus-eth1-mainnet-long-benchmark[2233876]: INF 2026-09-13 05:00:38.814+00:00 Imported blocks                            blockNumber=15794177 slot=4958625 blocks=15794176 txs=1752001867 mgas=122113619 bps=40.29 tps=6415 mgps=615.6 avgBps=91.81 avgTps=10184 avgMGps=709.9 elapsed=1d23h47m
Sep 13 05:03:59 nimbus-eth1-mainnet-long-benchmark[2233876]: INF 2026-09-13 05:03:59.239+00:00 Imported blocks                            blockNumber=15802369 slot=4966858 blocks=15802368 txs=1753226702 mgas=122238808 bps=40.87 tps=6111 mgps=624.6 avgBps=91.75 avgTps=10179 avgMGps=709.8 elapsed=1d23h50m
Sep 13 05:07:22 nimbus-eth1-mainnet-long-benchmark[2233876]: INF 2026-09-13 05:07:22.940+00:00 Imported blocks                            blockNumber=15810561 slot=4975086 blocks=15810560 txs=1754330973 mgas=122363984 bps=40.22 tps=5421 mgps=614.5 avgBps=91.69 avgTps=10174 avgMGps=709.7 elapsed=1d23h53m
Sep 13 05:10:49 nimbus-eth1-mainnet-long-benchmark[2233876]: INF 2026-09-13 05:10:49.068+00:00 Imported blocks                            blockNumber=15818753 slot=4983340 blocks=15818752 txs=1755522956 mgas=122489447 bps=39.74 tps=5782 mgps=608.7 avgBps=91.63 avgTps=10169 avgMGps=709.5 elapsed=1d23h57m
Sep 13 05:14:12 nimbus-eth1-mainnet-long-benchmark[2233876]: INF 2026-09-13 05:14:12.589+00:00 Imported blocks                            blockNumber=15826945 slot=4991606 blocks=15826944 txs=1756731408 mgas=122614342 bps=40.25 tps=5937 mgps=613.7 avgBps=91.57 avgTps=10164 avgMGps=709.4 elapsed=2d37s701ms
Sep 13 05:17:40 nimbus-eth1-mainnet-long-benchmark[2233876]: INF 2026-09-13 05:17:40.514+00:00 Imported blocks                            blockNumber=15835137 slot=4999843 blocks=15835136 txs=1757990333 mgas=122739038 bps=39.40 tps=6054 mgps=599.7 avgBps=91.51 avgTps=10159 avgMGps=709.3 elapsed=2d4m5s
Sep 13 05:21:10 nimbus-eth1-mainnet-long-benchmark[2233876]: INF 2026-09-13 05:21:10.698+00:00 Imported blocks                            blockNumber=15843329 slot=5008082 blocks=15843328 txs=1759257070 mgas=122863943 bps=38.98 tps=6026 mgps=594.3 avgBps=91.44 avgTps=10154 avgMGps=709.1 elapsed=2d7m35s
Sep 13 05:24:34 nimbus-eth1-mainnet-long-benchmark[2233876]: INF 2026-09-13 05:24:34.599+00:00 Imported blocks                            blockNumber=15851521 slot=5016328 blocks=15851520 txs=1760438450 mgas=122988751 bps=40.18 tps=5793 mgps=612.1 avgBps=91.38 avgTps=10148 avgMGps=709.0 elapsed=2d10m59s
Sep 13 05:28:04 nimbus-eth1-mainnet-long-benchmark[2233876]: INF 2026-09-13 05:28:04.208+00:00 Imported blocks                            blockNumber=15859713 slot=5024572 blocks=15859712 txs=1761619525 mgas=123113665 bps=39.08 tps=5634 mgps=595.9 avgBps=91.32 avgTps=10143 avgMGps=708.9 elapsed=2d14m29s
Sep 13 05:31:31 nimbus-eth1-mainnet-long-benchmark[2233876]: INF 2026-09-13 05:31:31.049+00:00 Imported blocks                            blockNumber=15867905 slot=5032801 blocks=15867904 txs=1762818167 mgas=123238519 bps=39.61 tps=5795 mgps=603.6 avgBps=91.26 avgTps=10138 avgMGps=708.8 elapsed=2d17m56s
Sep 13 05:34:56 nimbus-eth1-mainnet-long-benchmark[2233876]: INF 2026-09-13 05:34:56.297+00:00 Imported blocks                            blockNumber=15876097 slot=5041067 blocks=15876096 txs=1764075113 mgas=123363005 bps=39.91 tps=6124 mgps=606.5 avgBps=91.20 avgTps=10133 avgMGps=708.7 elapsed=2d21m21s
Sep 13 05:38:26 nimbus-eth1-mainnet-long-benchmark[2233876]: INF 2026-09-13 05:38:26.002+00:00 Imported blocks                            blockNumber=15884289 slot=5049305 blocks=15884288 txs=1765260808 mgas=123487425 bps=39.06 tps=5654 mgps=593.3 avgBps=91.14 avgTps=10128 avgMGps=708.5 elapsed=2d24m51s
Sep 13 05:41:48 nimbus-eth1-mainnet-long-benchmark[2233876]: INF 2026-09-13 05:41:48.335+00:00 Imported blocks                            blockNumber=15892481 slot=5057550 blocks=15892480 txs=1766498276 mgas=123611746 bps=40.49 tps=6116 mgps=614.4 avgBps=91.08 avgTps=10123 avgMGps=708.4 elapsed=2d28m13s
Sep 13 05:45:17 nimbus-eth1-mainnet-long-benchmark[2233876]: INF 2026-09-13 05:45:17.551+00:00 Imported blocks                            blockNumber=15900673 slot=5065779 blocks=15900672 txs=1767658541 mgas=123735958 bps=39.16 tps=5545 mgps=593.7 avgBps=91.02 avgTps=10118 avgMGps=708.3 elapsed=2d31m42s
Sep 13 05:48:46 nimbus-eth1-mainnet-long-benchmark[2233876]: INF 2026-09-13 05:48:46.576+00:00 Imported blocks                            blockNumber=15908865 slot=5074016 blocks=15908864 txs=1768716633 mgas=123860608 bps=39.19 tps=5061 mgps=596.3 avgBps=90.95 avgTps=10112 avgMGps=708.1 elapsed=2d35m11s
Sep 13 05:52:15 nimbus-eth1-mainnet-long-benchmark[2233876]: INF 2026-09-13 05:52:15.885+00:00 Imported blocks                            blockNumber=15917057 slot=5082245 blocks=15917056 txs=1769870907 mgas=123984925 bps=39.14 tps=5514 mgps=593.9 avgBps=90.89 avgTps=10106 avgMGps=708.0 elapsed=2d38m40s
Sep 13 05:55:47 nimbus-eth1-mainnet-long-benchmark[2233876]: INF 2026-09-13 05:55:47.729+00:00 Imported blocks                            blockNumber=15925249 slot=5090476 blocks=15925248 txs=1771138659 mgas=124109139 bps=38.67 tps=5984 mgps=586.3 avgBps=90.83 avgTps=10101 avgMGps=707.8 elapsed=2d42m12s
Sep 13 05:59:31 nimbus-eth1-mainnet-long-benchmark[2233876]: INF 2026-09-13 05:59:31.346+00:00 Imported blocks                            blockNumber=15933441 slot=5098721 blocks=15933440 txs=1772513965 mgas=124233403 bps=36.63 tps=6150 mgps=555.7 avgBps=90.76 avgTps=10096 avgMGps=707.7 elapsed=2d45m56s
Sep 13 06:03:15 nimbus-eth1-mainnet-long-benchmark[2233876]: INF 2026-09-13 06:03:15.446+00:00 Imported blocks                            blockNumber=15941633 slot=5106967 blocks=15941632 txs=1773903667 mgas=124357344 bps=36.55 tps=6201 mgps=553.1 avgBps=90.69 avgTps=10091 avgMGps=707.5 elapsed=2d49m40s
Sep 13 06:06:53 nimbus-eth1-mainnet-long-benchmark[2233876]: INF 2026-09-13 06:06:53.663+00:00 Imported blocks                            blockNumber=15949825 slot=5115210 blocks=15949824 txs=1775194033 mgas=124481379 bps=37.54 tps=5913 mgps=568.4 avgBps=90.62 avgTps=10086 avgMGps=707.3 elapsed=2d53m18s
Sep 13 06:10:37 nimbus-eth1-mainnet-long-benchmark[2233876]: INF 2026-09-13 06:10:37.347+00:00 Imported blocks                            blockNumber=15958017 slot=5123438 blocks=15958016 txs=1776367676 mgas=124605738 bps=36.62 tps=5246 mgps=556.0 avgBps=90.56 avgTps=10080 avgMGps=707.1 elapsed=2d57m2s
Sep 13 06:14:27 nimbus-eth1-mainnet-long-benchmark[2233876]: INF 2026-09-13 06:14:27.379+00:00 Imported blocks                            blockNumber=15966209 slot=5131663 blocks=15966208 txs=1777677925 mgas=124729963 bps=35.61 tps=5695 mgps=540.0 avgBps=90.48 avgTps=10074 avgMGps=706.9 elapsed=2d1h52s
Sep 13 06:18:19 nimbus-eth1-mainnet-long-benchmark[2233876]: INF 2026-09-13 06:18:19.928+00:00 Imported blocks                            blockNumber=15974401 slot=5139899 blocks=15974400 txs=1779018447 mgas=124854062 bps=35.23 tps=5764 mgps=533.7 avgBps=90.41 avgTps=10068 avgMGps=706.6 elapsed=2d1h4m
Sep 13 06:22:00 nimbus-eth1-mainnet-long-benchmark[2233876]: INF 2026-09-13 06:22:00.936+00:00 Imported blocks                            blockNumber=15982593 slot=5148147 blocks=15982592 txs=1780254417 mgas=124978385 bps=37.07 tps=5592 mgps=562.5 avgBps=90.35 avgTps=10063 avgMGps=706.5 elapsed=2d1h8m
Sep 13 06:25:39 nimbus-eth1-mainnet-long-benchmark[2233876]: INF 2026-09-13 06:25:39.409+00:00 Imported blocks                            blockNumber=15990785 slot=5156389 blocks=15990784 txs=1781537788 mgas=125102584 bps=37.50 tps=5874 mgps=568.5 avgBps=90.28 avgTps=10058 avgMGps=706.3 elapsed=2d1h12m
Sep 13 06:29:15 nimbus-eth1-mainnet-long-benchmark[2233876]: INF 2026-09-13 06:29:15.337+00:00 Imported blocks                            blockNumber=15998977 slot=5164630 blocks=15998976 txs=1782763601 mgas=125226771 bps=37.94 tps=5677 mgps=575.1 avgBps=90.22 avgTps=10052 avgMGps=706.1 elapsed=2d1h15m
Sep 13 06:32:46 nimbus-eth1-mainnet-long-benchmark[2233876]: INF 2026-09-13 06:32:46.506+00:00 Imported blocks                            blockNumber=16007169 slot=5172864 blocks=16007168 txs=1783816448 mgas=125351394 bps=38.79 tps=4985 mgps=590.2 avgBps=90.16 avgTps=10046 avgMGps=706.0 elapsed=2d1h19m
Sep 13 06:36:31 nimbus-eth1-mainnet-long-benchmark[2233876]: INF 2026-09-13 06:36:31.378+00:00 Imported blocks                            blockNumber=16015361 slot=5181097 blocks=16015360 txs=1784869407 mgas=125475887 bps=36.43 tps=4682 mgps=553.6 avgBps=90.09 avgTps=10039 avgMGps=705.8 elapsed=2d1h22m
Sep 13 06:40:15 nimbus-eth1-mainnet-long-benchmark[2233876]: INF 2026-09-13 06:40:15.287+00:00 Imported blocks                            blockNumber=16023553 slot=5189331 blocks=16023552 txs=1785960095 mgas=125600130 bps=36.59 tps=4871 mgps=554.9 avgBps=90.02 avgTps=10033 avgMGps=705.6 elapsed=2d1h26m
Sep 13 06:43:51 nimbus-eth1-mainnet-long-benchmark[2233876]: INF 2026-09-13 06:43:51.967+00:00 Imported blocks                            blockNumber=16031745 slot=5197584 blocks=16031744 txs=1787064121 mgas=125724512 bps=37.81 tps=5095 mgps=574.0 avgBps=89.96 avgTps=10027 avgMGps=705.5 elapsed=2d1h30m
Sep 13 06:47:29 nimbus-eth1-mainnet-long-benchmark[2233876]: INF 2026-09-13 06:47:29.724+00:00 Imported blocks                            blockNumber=16039937 slot=5205840 blocks=16039936 txs=1788187162 mgas=125848907 bps=37.62 tps=5157 mgps=571.3 avgBps=89.89 avgTps=10021 avgMGps=705.3 elapsed=2d1h33m
Sep 13 06:51:08 nimbus-eth1-mainnet-long-benchmark[2233876]: INF 2026-09-13 06:51:08.816+00:00 Imported blocks                            blockNumber=16048129 slot=5214078 blocks=16048128 txs=1789321785 mgas=125973738 bps=37.39 tps=5178 mgps=569.8 avgBps=89.83 avgTps=10015 avgMGps=705.1 elapsed=2d1h37m
Sep 13 06:54:54 nimbus-eth1-mainnet-long-benchmark[2233876]: INF 2026-09-13 06:54:54.793+00:00 Imported blocks                            blockNumber=16056321 slot=5222314 blocks=16056320 txs=1790447287 mgas=126098355 bps=36.25 tps=4980 mgps=551.5 avgBps=89.76 avgTps=10009 avgMGps=704.9 elapsed=2d1h41m
Sep 13 06:58:41 nimbus-eth1-mainnet-long-benchmark[2233876]: INF 2026-09-13 06:58:41.825+00:00 Imported blocks                            blockNumber=16064513 slot=5230552 blocks=16064512 txs=1791458049 mgas=126223039 bps=36.08 tps=4452 mgps=549.2 avgBps=89.69 avgTps=10002 avgMGps=704.7 elapsed=2d1h45m
Sep 13 07:02:26 nimbus-eth1-mainnet-long-benchmark[2233876]: INF 2026-09-13 07:02:26.106+00:00 Imported blocks                            blockNumber=16072705 slot=5238780 blocks=16072704 txs=1792704083 mgas=126347373 bps=36.53 tps=5555 mgps=554.4 avgBps=89.63 avgTps=9996 avgMGps=704.5 elapsed=2d1h48m
Sep 13 07:06:14 nimbus-eth1-mainnet-long-benchmark[2233876]: INF 2026-09-13 07:06:14.894+00:00 Imported blocks                            blockNumber=16080897 slot=5247021 blocks=16080896 txs=1793882658 mgas=126471633 bps=35.81 tps=5151 mgps=543.1 avgBps=89.56 avgTps=9990 avgMGps=704.3 elapsed=2d1h52m
Sep 13 07:09:59 nimbus-eth1-mainnet-long-benchmark[2233876]: INF 2026-09-13 07:09:59.686+00:00 Imported blocks                            blockNumber=16089089 slot=5255267 blocks=16089088 txs=1795006238 mgas=126595940 bps=36.44 tps=4998 mgps=553.0 avgBps=89.49 avgTps=9984 avgMGps=704.2 elapsed=2d1h56m
Sep 13 07:13:40 nimbus-eth1-mainnet-long-benchmark[2233876]: INF 2026-09-13 07:13:40.003+00:00 Imported blocks                            blockNumber=16097281 slot=5263499 blocks=16097280 txs=1796147089 mgas=126720380 bps=37.18 tps=5178 mgps=564.8 avgBps=89.43 avgTps=9978 avgMGps=704.0 elapsed=2d2h5s
Sep 13 07:17:20 nimbus-eth1-mainnet-long-benchmark[2233876]: INF 2026-09-13 07:17:20.931+00:00 Imported blocks                            blockNumber=16105473 slot=5271733 blocks=16105472 txs=1797308946 mgas=126844741 bps=37.08 tps=5259 mgps=562.9 avgBps=89.36 avgTps=9972 avgMGps=703.8 elapsed=2d2h3m
Sep 13 07:21:06 nimbus-eth1-mainnet-long-benchmark[2233876]: INF 2026-09-13 07:21:06.912+00:00 Imported blocks                            blockNumber=16113665 slot=5279979 blocks=16113664 txs=1798418124 mgas=126969410 bps=36.25 tps=4908 mgps=551.7 avgBps=89.30 avgTps=9966 avgMGps=703.6 elapsed=2d2h7m
Sep 13 07:24:49 nimbus-eth1-mainnet-long-benchmark[2233876]: INF 2026-09-13 07:24:49.712+00:00 Imported blocks                            blockNumber=16121857 slot=5288231 blocks=16121856 txs=1799580752 mgas=127093802 bps=36.77 tps=5218 mgps=558.3 avgBps=89.23 avgTps=9960 avgMGps=703.4 elapsed=2d2h11m
Sep 13 07:28:29 nimbus-eth1-mainnet-long-benchmark[2233876]: INF 2026-09-13 07:28:29.737+00:00 Imported blocks                            blockNumber=16130049 slot=5296473 blocks=16130048 txs=1800761210 mgas=127218202 bps=37.23 tps=5365 mgps=565.4 avgBps=89.17 avgTps=9954 avgMGps=703.3 elapsed=2d2h14m
Sep 13 07:32:06 nimbus-eth1-mainnet-long-benchmark[2233876]: INF 2026-09-13 07:32:06.517+00:00 Imported blocks                            blockNumber=16138241 slot=5304780 blocks=16138240 txs=1801840012 mgas=127342862 bps=37.79 tps=4976 mgps=575.1 avgBps=89.11 avgTps=9948 avgMGps=703.1 elapsed=2d2h18m
Sep 13 07:35:58 nimbus-eth1-mainnet-long-benchmark[2233876]: INF 2026-09-13 07:35:58.554+00:00 Imported blocks                            blockNumber=16146433 slot=5313022 blocks=16146432 txs=1803239516 mgas=127467342 bps=35.30 tps=6031 mgps=536.5 avgBps=89.04 avgTps=9943 avgMGps=702.9 elapsed=2d2h22m
Sep 13 07:40:20 nimbus-eth1-mainnet-long-benchmark[2233876]: INF 2026-09-13 07:40:20.358+00:00 Imported blocks                            blockNumber=16154625 slot=5321262 blocks=16154624 txs=1805071002 mgas=127591537 bps=31.29 tps=6995 mgps=474.4 avgBps=88.95 avgTps=9939 avgMGps=702.6 elapsed=2d2h26m
Sep 13 07:44:25 nimbus-eth1-mainnet-long-benchmark[2233876]: INF 2026-09-13 07:44:25.694+00:00 Imported blocks                            blockNumber=16162817 slot=5329495 blocks=16162816 txs=1806360432 mgas=127716150 bps=33.39 tps=5255 mgps=507.9 avgBps=88.88 avgTps=9933 avgMGps=702.3 elapsed=2d2h30m
Sep 13 07:48:16 nimbus-eth1-mainnet-long-benchmark[2233876]: INF 2026-09-13 07:48:16.106+00:00 Imported blocks                            blockNumber=16171009 slot=5337741 blocks=16171008 txs=1807676190 mgas=127840490 bps=35.55 tps=5710 mgps=539.6 avgBps=88.81 avgTps=9927 avgMGps=702.1 elapsed=2d2h34m
Sep 13 07:52:10 nimbus-eth1-mainnet-long-benchmark[2233876]: INF 2026-09-13 07:52:10.390+00:00 Imported blocks                            blockNumber=16179201 slot=5345985 blocks=16179200 txs=1808981729 mgas=127964557 bps=34.97 tps=5572 mgps=529.6 avgBps=88.74 avgTps=9922 avgMGps=701.9 elapsed=2d2h38m
Sep 13 07:55:58 nimbus-eth1-mainnet-long-benchmark[2233876]: INF 2026-09-13 07:55:58.671+00:00 Imported blocks                            blockNumber=16187393 slot=5354220 blocks=16187392 txs=1810218948 mgas=128088794 bps=35.89 tps=5419 mgps=544.2 avgBps=88.68 avgTps=9916 avgMGps=701.7 elapsed=2d2h42m
Sep 13 07:59:43 nimbus-eth1-mainnet-long-benchmark[2233876]: INF 2026-09-13 07:59:43.119+00:00 Imported blocks                            blockNumber=16195585 slot=5362459 blocks=16195584 txs=1811461288 mgas=128212958 bps=36.50 tps=5534 mgps=553.2 avgBps=88.61 avgTps=9911 avgMGps=701.5 elapsed=2d2h46m
Sep 13 08:03:32 nimbus-eth1-mainnet-long-benchmark[2233876]: INF 2026-09-13 08:03:32.156+00:00 Imported blocks                            blockNumber=16203777 slot=5370696 blocks=16203776 txs=1812759801 mgas=128336913 bps=35.77 tps=5669 mgps=541.2 avgBps=88.55 avgTps=9905 avgMGps=701.3 elapsed=2d2h49m
Sep 13 08:07:28 nimbus-eth1-mainnet-long-benchmark[2233876]: INF 2026-09-13 08:07:28.548+00:00 Imported blocks                            blockNumber=16211969 slot=5378936 blocks=16211968 txs=1813869867 mgas=128461357 bps=34.65 tps=4695 mgps=526.4 avgBps=88.48 avgTps=9899 avgMGps=701.1 elapsed=2d2h53m
Sep 13 08:11:10 nimbus-eth1-mainnet-long-benchmark[2233876]: INF 2026-09-13 08:11:10.728+00:00 Imported blocks                            blockNumber=16220161 slot=5387165 blocks=16220160 txs=1814959279 mgas=128585743 bps=36.87 tps=4903 mgps=559.8 avgBps=88.41 avgTps=9893 avgMGps=700.9 elapsed=2d2h57m
Sep 13 08:14:52 nimbus-eth1-mainnet-long-benchmark[2233876]: INF 2026-09-13 08:14:52.173+00:00 Imported blocks                            blockNumber=16228353 slot=5395399 blocks=16228352 txs=1816121230 mgas=128709720 bps=36.99 tps=5247 mgps=559.9 avgBps=88.35 avgTps=9887 avgMGps=700.7 elapsed=2d3h1m
Sep 13 08:18:39 nimbus-eth1-mainnet-long-benchmark[2233876]: INF 2026-09-13 08:18:39.109+00:00 Imported blocks                            blockNumber=16236545 slot=5403630 blocks=16236544 txs=1817290037 mgas=128833846 bps=36.10 tps=5150 mgps=547.0 avgBps=88.29 avgTps=9881 avgMGps=700.5 elapsed=2d3h5m
Sep 13 08:22:27 nimbus-eth1-mainnet-long-benchmark[2233876]: INF 2026-09-13 08:22:27.662+00:00 Imported blocks                            blockNumber=16244737 slot=5411850 blocks=16244736 txs=1818421939 mgas=128958134 bps=35.84 tps=4952 mgps=543.8 avgBps=88.22 avgTps=9875 avgMGps=700.4 elapsed=2d3h8m
Sep 13 08:26:25 nimbus-eth1-mainnet-long-benchmark[2233876]: INF 2026-09-13 08:26:25.518+00:00 Imported blocks                            blockNumber=16252929 slot=5420067 blocks=16252928 txs=1819571657 mgas=129082467 bps=34.44 tps=4833 mgps=522.7 avgBps=88.15 avgTps=9869 avgMGps=700.1 elapsed=2d3h12m
Sep 13 08:30:36 nimbus-eth1-mainnet-long-benchmark[2233876]: INF 2026-09-13 08:30:36.270+00:00 Imported blocks                            blockNumber=16261121 slot=5428297 blocks=16261120 txs=1820578100 mgas=129207392 bps=32.67 tps=4013 mgps=498.2 avgBps=88.08 avgTps=9861 avgMGps=699.9 elapsed=2d3h17m
Sep 13 08:34:25 nimbus-eth1-mainnet-long-benchmark[2233876]: INF 2026-09-13 08:34:25.614+00:00 Imported blocks                            blockNumber=16269313 slot=5436528 blocks=16269312 txs=1821582279 mgas=129332087 bps=35.72 tps=4378 mgps=543.7 avgBps=88.01 avgTps=9854 avgMGps=699.7 elapsed=2d3h20m
Sep 13 08:38:16 nimbus-eth1-mainnet-long-benchmark[2233876]: INF 2026-09-13 08:38:16.839+00:00 Imported blocks                            blockNumber=16277505 slot=5444770 blocks=16277504 txs=1822732101 mgas=129456486 bps=35.43 tps=4972 mgps=538.0 avgBps=87.95 avgTps=9848 avgMGps=699.5 elapsed=2d3h24m
Sep 13 08:42:09 nimbus-eth1-mainnet-long-benchmark[2233876]: INF 2026-09-13 08:42:09.931+00:00 Imported blocks                            blockNumber=16285697 slot=5452994 blocks=16285696 txs=1823865962 mgas=129580764 bps=35.14 tps=4864 mgps=533.2 avgBps=87.88 avgTps=9841 avgMGps=699.2 elapsed=2d3h28m
Sep 13 08:46:04 nimbus-eth1-mainnet-long-benchmark[2233876]: INF 2026-09-13 08:46:04.907+00:00 Imported blocks                            blockNumber=16293889 slot=5461230 blocks=16293888 txs=1824958250 mgas=129705030 bps=34.86 tps=4648 mgps=528.8 avgBps=87.81 avgTps=9835 avgMGps=699.0 elapsed=2d3h32m
Sep 13 08:50:05 nimbus-eth1-mainnet-long-benchmark[2233876]: INF 2026-09-13 08:50:05.883+00:00 Imported blocks                            blockNumber=16302081 slot=5469460 blocks=16302080 txs=1826030759 mgas=129829433 bps=33.99 tps=4450 mgps=516.2 avgBps=87.74 avgTps=9828 avgMGps=698.8 elapsed=2d3h36m
Sep 13 08:54:19 nimbus-eth1-mainnet-long-benchmark[2233876]: INF 2026-09-13 08:54:19.523+00:00 Imported blocks                            blockNumber=16310273 slot=5477688 blocks=16310272 txs=1826972084 mgas=129954165 bps=32.30 tps=3711 mgps=491.8 avgBps=87.67 avgTps=9820 avgMGps=698.5 elapsed=2d3h40m
Sep 13 08:58:05 nimbus-eth1-mainnet-long-benchmark[2233876]: INF 2026-09-13 08:58:05.224+00:00 Imported blocks                            blockNumber=16318465 slot=5485913 blocks=16318464 txs=1827854551 mgas=130078932 bps=36.30 tps=3909 mgps=552.8 avgBps=87.61 avgTps=9812 avgMGps=698.3 elapsed=2d3h44m
Sep 13 09:01:46 nimbus-eth1-mainnet-long-benchmark[2233876]: INF 2026-09-13 09:01:46.384+00:00 Imported blocks                            blockNumber=16326657 slot=5494140 blocks=16326656 txs=1828918916 mgas=130203345 bps=37.04 tps=4812 mgps=562.6 avgBps=87.55 avgTps=9806 avgMGps=698.2 elapsed=2d3h48m
Sep 13 09:05:29 nimbus-eth1-mainnet-long-benchmark[2233876]: INF 2026-09-13 09:05:29.545+00:00 Imported blocks                            blockNumber=16334849 slot=5502372 blocks=16334848 txs=1830122577 mgas=130327572 bps=36.71 tps=5393 mgps=556.7 avgBps=87.49 avgTps=9801 avgMGps=698.0 elapsed=2d3h51m
Sep 13 09:09:23 nimbus-eth1-mainnet-long-benchmark[2233876]: INF 2026-09-13 09:09:23.201+00:00 Imported blocks                            blockNumber=16343041 slot=5510610 blocks=16343040 txs=1831418312 mgas=130451609 bps=35.06 tps=5545 mgps=530.8 avgBps=87.42 avgTps=9796 avgMGps=697.8 elapsed=2d3h55m
Sep 13 09:13:09 nimbus-eth1-mainnet-long-benchmark[2233876]: INF 2026-09-13 09:13:09.297+00:00 Imported blocks                            blockNumber=16351233 slot=5518848 blocks=16351232 txs=1832599973 mgas=130575721 bps=36.23 tps=5226 mgps=548.9 avgBps=87.36 avgTps=9790 avgMGps=697.6 elapsed=2d3h59m
Sep 13 09:17:16 nimbus-eth1-mainnet-long-benchmark[2233876]: INF 2026-09-13 09:17:16.042+00:00 Imported blocks                            blockNumber=16359425 slot=5527079 blocks=16359424 txs=1833679040 mgas=130700254 bps=33.20 tps=4373 mgps=504.7 avgBps=87.29 avgTps=9783 avgMGps=697.4 elapsed=2d4h3m
Sep 13 09:21:25 nimbus-eth1-mainnet-long-benchmark[2233876]: INF 2026-09-13 09:21:25.290+00:00 Imported blocks                            blockNumber=16367617 slot=5535309 blocks=16367616 txs=1835056248 mgas=130824628 bps=32.87 tps=5525 mgps=499.0 avgBps=87.21 avgTps=9778 avgMGps=697.1 elapsed=2d4h7m
Sep 13 09:25:33 nimbus-eth1-mainnet-long-benchmark[2233876]: INF 2026-09-13 09:25:33.790+00:00 Imported blocks                            blockNumber=16375809 slot=5543539 blocks=16375808 txs=1836258513 mgas=130948667 bps=32.97 tps=4838 mgps=499.2 avgBps=87.14 avgTps=9771 avgMGps=696.8 elapsed=2d4h11m
Sep 13 09:29:24 nimbus-eth1-mainnet-long-benchmark[2233876]: INF 2026-09-13 09:29:24.046+00:00 Imported blocks                            blockNumber=16384001 slot=5551774 blocks=16384000 txs=1837499084 mgas=131072768 bps=35.58 tps=5387 mgps=539.0 avgBps=87.08 avgTps=9766 avgMGps=696.6 elapsed=2d4h15m
Sep 13 09:33:17 nimbus-eth1-mainnet-long-benchmark[2233876]: INF 2026-09-13 09:33:17.222+00:00 Imported blocks                            blockNumber=16392193 slot=5560023 blocks=16392192 txs=1838750291 mgas=131196772 bps=35.13 tps=5365 mgps=531.8 avgBps=87.02 avgTps=9760 avgMGps=696.4 elapsed=2d4h19m
Sep 13 09:37:02 nimbus-eth1-mainnet-long-benchmark[2233876]: INF 2026-09-13 09:37:02.419+00:00 Imported blocks                            blockNumber=16400385 slot=5568264 blocks=16400384 txs=1839990141 mgas=131320824 bps=36.38 tps=5505 mgps=550.9 avgBps=86.96 avgTps=9755 avgMGps=696.3 elapsed=2d4h23m
Sep 13 09:41:04 nimbus-eth1-mainnet-long-benchmark[2233876]: INF 2026-09-13 09:41:04.435+00:00 Imported blocks                            blockNumber=16408577 slot=5576488 blocks=16408576 txs=1841255955 mgas=131444692 bps=33.85 tps=5230 mgps=511.8 avgBps=86.89 avgTps=9749 avgMGps=696.0 elapsed=2d4h27m
Sep 13 09:45:09 nimbus-eth1-mainnet-long-benchmark[2233876]: INF 2026-09-13 09:45:09.131+00:00 Imported blocks                            blockNumber=16416769 slot=5584742 blocks=16416768 txs=1842403676 mgas=131568840 bps=33.48 tps=4690 mgps=507.4 avgBps=86.82 avgTps=9743 avgMGps=695.8 elapsed=2d4h31m
Sep 13 09:49:14 nimbus-eth1-mainnet-long-benchmark[2233876]: INF 2026-09-13 09:49:14.223+00:00 Imported blocks                            blockNumber=16424961 slot=5592977 blocks=16424960 txs=1843596368 mgas=131692843 bps=33.42 tps=4866 mgps=505.9 avgBps=86.75 avgTps=9736 avgMGps=695.5 elapsed=2d4h35m
Sep 13 09:53:06 nimbus-eth1-mainnet-long-benchmark[2233876]: INF 2026-09-13 09:53:06.908+00:00 Imported blocks                            blockNumber=16433153 slot=5601200 blocks=16433152 txs=1844784938 mgas=131817010 bps=35.21 tps=5108 mgps=533.6 avgBps=86.69 avgTps=9731 avgMGps=695.3 elapsed=2d4h39m
Sep 13 09:57:05 nimbus-eth1-mainnet-long-benchmark[2233876]: INF 2026-09-13 09:57:05.724+00:00 Imported blocks                            blockNumber=16441345 slot=5609436 blocks=16441344 txs=1845999096 mgas=131940882 bps=34.30 tps=5084 mgps=518.7 avgBps=86.62 avgTps=9725 avgMGps=695.1 elapsed=2d4h43m
Sep 13 10:00:53 nimbus-eth1-mainnet-long-benchmark[2233876]: INF 2026-09-13 10:00:53.328+00:00 Imported blocks                            blockNumber=16449537 slot=5617666 blocks=16449536 txs=1847165395 mgas=132065127 bps=35.99 tps=5124 mgps=545.9 avgBps=86.56 avgTps=9719 avgMGps=694.9 elapsed=2d4h47m
Sep 13 10:04:56 nimbus-eth1-mainnet-long-benchmark[2233876]: INF 2026-09-13 10:04:56.964+00:00 Imported blocks                            blockNumber=16457729 slot=5625902 blocks=16457728 txs=1848342150 mgas=132189112 bps=33.62 tps=4829 mgps=508.9 avgBps=86.49 avgTps=9713 avgMGps=694.7 elapsed=2d4h51m
Sep 13 10:08:48 nimbus-eth1-mainnet-long-benchmark[2233876]: INF 2026-09-13 10:08:48.969+00:00 Imported blocks                            blockNumber=16465921 slot=5634141 blocks=16465920 txs=1849371996 mgas=132313668 bps=35.31 tps=4438 mgps=536.9 avgBps=86.43 avgTps=9707 avgMGps=694.5 elapsed=2d4h55m
Sep 13 10:12:34 nimbus-eth1-mainnet-long-benchmark[2233876]: INF 2026-09-13 10:12:34.721+00:00 Imported blocks                            blockNumber=16474113 slot=5642371 blocks=16474112 txs=1850459219 mgas=132438037 bps=36.29 tps=4816 mgps=550.9 avgBps=86.37 avgTps=9701 avgMGps=694.3 elapsed=2d4h58m
Sep 13 10:16:24 nimbus-eth1-mainnet-long-benchmark[2233876]: INF 2026-09-13 10:16:24.173+00:00 Imported blocks                            blockNumber=16482305 slot=5650601 blocks=16482304 txs=1851632335 mgas=132562218 bps=35.70 tps=5112 mgps=541.2 avgBps=86.31 avgTps=9695 avgMGps=694.2 elapsed=2d5h2m
Sep 13 10:20:13 nimbus-eth1-mainnet-long-benchmark[2233876]: INF 2026-09-13 10:20:13.578+00:00 Imported blocks                            blockNumber=16490497 slot=5658845 blocks=16490496 txs=1852791201 mgas=132686437 bps=35.71 tps=5051 mgps=541.5 avgBps=86.25 avgTps=9690 avgMGps=694.0 elapsed=2d5h6m
Sep 13 10:24:10 nimbus-eth1-mainnet-long-benchmark[2233876]: INF 2026-09-13 10:24:10.378+00:00 Imported blocks                            blockNumber=16498689 slot=5667082 blocks=16498688 txs=1854039460 mgas=132810606 bps=34.59 tps=5271 mgps=524.4 avgBps=86.18 avgTps=9684 avgMGps=693.8 elapsed=2d5h10m
Sep 13 10:28:04 nimbus-eth1-mainnet-long-benchmark[2233876]: INF 2026-09-13 10:28:04.906+00:00 Imported blocks                            blockNumber=16506881 slot=5675313 blocks=16506880 txs=1855210009 mgas=132934889 bps=34.93 tps=4991 mgps=529.9 avgBps=86.12 avgTps=9679 avgMGps=693.6 elapsed=2d5h14m
Sep 13 10:31:53 nimbus-eth1-mainnet-long-benchmark[2233876]: INF 2026-09-13 10:31:53.623+00:00 Imported blocks                            blockNumber=16515073 slot=5683551 blocks=16515072 txs=1856341573 mgas=133059279 bps=35.82 tps=4947 mgps=543.9 avgBps=86.06 avgTps=9673 avgMGps=693.4 elapsed=2d5h18m
Sep 13 10:35:44 nimbus-eth1-mainnet-long-benchmark[2233876]: INF 2026-09-13 10:35:44.163+00:00 Imported blocks                            blockNumber=16523265 slot=5691780 blocks=16523264 txs=1857567301 mgas=133183259 bps=35.53 tps=5316 mgps=537.8 avgBps=86.00 avgTps=9668 avgMGps=693.2 elapsed=2d5h22m
Sep 13 10:39:31 nimbus-eth1-mainnet-long-benchmark[2233876]: INF 2026-09-13 10:39:31.763+00:00 Imported blocks                            blockNumber=16531457 slot=5700013 blocks=16531456 txs=1858801183 mgas=133307312 bps=35.99 tps=5421 mgps=545.1 avgBps=85.94 avgTps=9663 avgMGps=693.0 elapsed=2d5h25m
Sep 13 10:43:27 nimbus-eth1-mainnet-long-benchmark[2233876]: INF 2026-09-13 10:43:27.536+00:00 Imported blocks                            blockNumber=16539649 slot=5708260 blocks=16539648 txs=1860012627 mgas=133431301 bps=34.75 tps=5138 mgps=525.9 avgBps=85.88 avgTps=9657 avgMGps=692.8 elapsed=2d5h29m
Sep 13 10:47:11 nimbus-eth1-mainnet-long-benchmark[2233876]: INF 2026-09-13 10:47:11.504+00:00 Imported blocks                            blockNumber=16547841 slot=5716525 blocks=16547840 txs=1861269213 mgas=133555223 bps=36.58 tps=5610 mgps=553.3 avgBps=85.82 avgTps=9653 avgMGps=692.7 elapsed=2d5h33m
Sep 13 10:50:56 nimbus-eth1-mainnet-long-benchmark[2233876]: INF 2026-09-13 10:50:56.485+00:00 Imported blocks                            blockNumber=16556033 slot=5724762 blocks=16556032 txs=1862500132 mgas=133679232 bps=36.41 tps=5471 mgps=551.2 avgBps=85.76 avgTps=9648 avgMGps=692.5 elapsed=2d5h37m
Sep 13 10:54:52 nimbus-eth1-mainnet-long-benchmark[2233876]: INF 2026-09-13 10:54:52.789+00:00 Imported blocks                            blockNumber=16564225 slot=5732991 blocks=16564224 txs=1863739172 mgas=133803260 bps=34.67 tps=5243 mgps=524.9 avgBps=85.70 avgTps=9642 avgMGps=692.3 elapsed=2d5h41m
Sep 13 10:58:44 nimbus-eth1-mainnet-long-benchmark[2233876]: INF 2026-09-13 10:58:44.305+00:00 Imported blocks                            blockNumber=16572417 slot=5741223 blocks=16572416 txs=1864966052 mgas=133927243 bps=35.38 tps=5299 mgps=535.5 avgBps=85.64 avgTps=9637 avgMGps=692.1 elapsed=2d5h45m
Sep 13 11:02:26 nimbus-eth1-mainnet-long-benchmark[2233876]: INF 2026-09-13 11:02:26.722+00:00 Imported blocks                            blockNumber=16580609 slot=5749471 blocks=16580608 txs=1866262865 mgas=134051057 bps=36.83 tps=5830 mgps=556.7 avgBps=85.59 avgTps=9633 avgMGps=691.9 elapsed=2d5h48m
Sep 13 11:06:14 nimbus-eth1-mainnet-long-benchmark[2233876]: INF 2026-09-13 11:06:14.062+00:00 Imported blocks                            blockNumber=16588801 slot=5757729 blocks=16588800 txs=1867529636 mgas=134174862 bps=36.03 tps=5572 mgps=544.6 avgBps=85.53 avgTps=9628 avgMGps=691.8 elapsed=2d5h52m
Sep 13 11:10:07 nimbus-eth1-mainnet-long-benchmark[2233876]: INF 2026-09-13 11:10:07.506+00:00 Imported blocks                            blockNumber=16596993 slot=5765970 blocks=16596992 txs=1868777055 mgas=134298801 bps=35.09 tps=5343 mgps=530.9 avgBps=85.47 avgTps=9623 avgMGps=691.6 elapsed=2d5h56m
Sep 13 11:14:01 nimbus-eth1-mainnet-long-benchmark[2233876]: INF 2026-09-13 11:14:01.623+00:00 Imported blocks                            blockNumber=16605185 slot=5774205 blocks=16605184 txs=1869924340 mgas=134422860 bps=34.99 tps=4900 mgps=529.9 avgBps=85.41 avgTps=9617 avgMGps=691.4 elapsed=2d6h26s
Sep 13 11:17:54 nimbus-eth1-mainnet-long-benchmark[2233876]: INF 2026-09-13 11:17:54.555+00:00 Imported blocks                            blockNumber=16613377 slot=5782440 blocks=16613376 txs=1871008463 mgas=134547111 bps=35.17 tps=4654 mgps=533.4 avgBps=85.35 avgTps=9611 avgMGps=691.2 elapsed=2d6h4m
Sep 13 11:21:44 nimbus-eth1-mainnet-long-benchmark[2233876]: INF 2026-09-13 11:21:44.163+00:00 Imported blocks                            blockNumber=16621569 slot=5790686 blocks=16621568 txs=1872218126 mgas=134671188 bps=35.68 tps=5268 mgps=540.4 avgBps=85.29 avgTps=9606 avgMGps=691.0 elapsed=2d6h8m
Sep 13 11:25:31 nimbus-eth1-mainnet-long-benchmark[2233876]: INF 2026-09-13 11:25:31.744+00:00 Imported blocks                            blockNumber=16629761 slot=5798933 blocks=16629760 txs=1873496300 mgas=134795363 bps=36.00 tps=5616 mgps=545.6 avgBps=85.23 avgTps=9601 avgMGps=690.8 elapsed=2d6h11m
Sep 13 11:29:09 nimbus-eth1-mainnet-long-benchmark[2233876]: INF 2026-09-13 11:29:09.020+00:00 Imported blocks                            blockNumber=16637953 slot=5807177 blocks=16637952 txs=1874827008 mgas=134918966 bps=37.70 tps=6124 mgps=568.9 avgBps=85.18 avgTps=9598 avgMGps=690.7 elapsed=2d6h15m
Sep 13 11:32:57 nimbus-eth1-mainnet-long-benchmark[2233876]: INF 2026-09-13 11:32:57.013+00:00 Imported blocks                            blockNumber=16646145 slot=5815423 blocks=16646144 txs=1876106639 mgas=135042668 bps=35.93 tps=5612 mgps=542.6 avgBps=85.12 avgTps=9593 avgMGps=690.5 elapsed=2d6h19m
Sep 13 11:36:50 nimbus-eth1-mainnet-long-benchmark[2233876]: INF 2026-09-13 11:36:50.053+00:00 Imported blocks                            blockNumber=16654337 slot=5823744 blocks=16654336 txs=1877289660 mgas=135166545 bps=35.15 tps=5076 mgps=531.6 avgBps=85.06 avgTps=9588 avgMGps=690.3 elapsed=2d6h23m
Sep 13 11:40:56 nimbus-eth1-mainnet-long-benchmark[2233876]: INF 2026-09-13 11:40:56.389+00:00 Imported blocks                            blockNumber=16662529 slot=5832032 blocks=16662528 txs=1878422473 mgas=135290640 bps=33.26 tps=4598 mgps=503.8 avgBps=84.99 avgTps=9581 avgMGps=690.1 elapsed=2d6h27m
Sep 13 11:44:57 nimbus-eth1-mainnet-long-benchmark[2233876]: INF 2026-09-13 11:44:57.133+00:00 Imported blocks                            blockNumber=16670721 slot=5840313 blocks=16670720 txs=1879631783 mgas=135414630 bps=34.03 tps=5023 mgps=515.0 avgBps=84.93 avgTps=9576 avgMGps=689.9 elapsed=2d6h31m
Sep 13 11:48:51 nimbus-eth1-mainnet-long-benchmark[2233876]: INF 2026-09-13 11:48:51.878+00:00 Imported blocks                            blockNumber=16678913 slot=5848599 blocks=16678912 txs=1880884882 mgas=135538556 bps=34.90 tps=5338 mgps=527.9 avgBps=84.87 avgTps=9571 avgMGps=689.7 elapsed=2d6h35m
Sep 13 11:52:45 nimbus-eth1-mainnet-long-benchmark[2233876]: INF 2026-09-13 11:52:45.338+00:00 Imported blocks                            blockNumber=16687105 slot=5856905 blocks=16687104 txs=1882135895 mgas=135662560 bps=35.09 tps=5358 mgps=531.2 avgBps=84.81 avgTps=9566 avgMGps=689.5 elapsed=2d6h39m
Sep 13 11:56:30 nimbus-eth1-mainnet-long-benchmark[2233876]: INF 2026-09-13 11:56:30.574+00:00 Imported blocks                            blockNumber=16695297 slot=5865191 blocks=16695296 txs=1883381637 mgas=135786484 bps=36.37 tps=5530 mgps=550.2 avgBps=84.76 avgTps=9561 avgMGps=689.4 elapsed=2d6h42m
Sep 13 12:00:34 nimbus-eth1-mainnet-long-benchmark[2233876]: INF 2026-09-13 12:00:34.858+00:00 Imported blocks                            blockNumber=16703489 slot=5873502 blocks=16703488 txs=1884617239 mgas=135910564 bps=33.54 tps=5058 mgps=507.9 avgBps=84.69 avgTps=9555 avgMGps=689.1 elapsed=2d6h46m
Sep 13 12:04:44 nimbus-eth1-mainnet-long-benchmark[2233876]: INF 2026-09-13 12:04:44.855+00:00 Imported blocks                            blockNumber=16711681 slot=5881803 blocks=16711680 txs=1885752283 mgas=136034864 bps=32.77 tps=4540 mgps=497.2 avgBps=84.63 avgTps=9549 avgMGps=688.9 elapsed=2d6h51m
Sep 13 12:08:41 nimbus-eth1-mainnet-long-benchmark[2233876]: INF 2026-09-13 12:08:41.355+00:00 Imported blocks                            blockNumber=16719873 slot=5890089 blocks=16719872 txs=1886907002 mgas=136159078 bps=34.64 tps=4882 mgps=525.2 avgBps=84.57 avgTps=9543 avgMGps=688.7 elapsed=2d6h55m
Sep 13 12:12:33 nimbus-eth1-mainnet-long-benchmark[2233876]: INF 2026-09-13 12:12:33.191+00:00 Imported blocks                            blockNumber=16728065 slot=5898362 blocks=16728064 txs=1888117403 mgas=136283034 bps=35.34 tps=5220 mgps=534.7 avgBps=84.51 avgTps=9538 avgMGps=688.5 elapsed=2d6h58m
Sep 13 12:16:16 nimbus-eth1-mainnet-long-benchmark[2233876]: INF 2026-09-13 12:16:16.680+00:00 Imported blocks                            blockNumber=16736257 slot=5906658 blocks=16736256 txs=1889363510 mgas=136406980 bps=36.66 tps=5575 mgps=554.6 avgBps=84.46 avgTps=9534 avgMGps=688.4 elapsed=2d7h2m
Sep 13 12:20:05 nimbus-eth1-mainnet-long-benchmark[2233876]: INF 2026-09-13 12:20:05.336+00:00 Imported blocks                            blockNumber=16744449 slot=5914960 blocks=16744448 txs=1890614278 mgas=136530897 bps=35.83 tps=5470 mgps=541.9 avgBps=84.40 avgTps=9529 avgMGps=688.2 elapsed=2d7h6m
Sep 13 12:23:53 nimbus-eth1-mainnet-long-benchmark[2233876]: INF 2026-09-13 12:23:53.540+00:00 Imported blocks                            blockNumber=16752641 slot=5923268 blocks=16752640 txs=1891846355 mgas=136654820 bps=35.90 tps=5399 mgps=543.0 avgBps=84.35 avgTps=9525 avgMGps=688.0 elapsed=2d7h10m
Sep 13 12:27:41 nimbus-eth1-mainnet-long-benchmark[2233876]: INF 2026-09-13 12:27:41.329+00:00 Imported blocks                            blockNumber=16760833 slot=5931557 blocks=16760832 txs=1892947572 mgas=136778837 bps=35.96 tps=4834 mgps=544.4 avgBps=84.29 avgTps=9519 avgMGps=687.9 elapsed=2d7h14m
Sep 13 12:31:23 nimbus-eth1-mainnet-long-benchmark[2233876]: INF 2026-09-13 12:31:23.321+00:00 Imported blocks                            blockNumber=16769025 slot=5939852 blocks=16769024 txs=1894062649 mgas=136902777 bps=36.90 tps=5022 mgps=558.3 avgBps=84.24 avgTps=9514 avgMGps=687.7 elapsed=2d7h17m
Sep 13 12:35:04 nimbus-eth1-mainnet-long-benchmark[2233876]: INF 2026-09-13 12:35:04.030+00:00 Imported blocks                            blockNumber=16777217 slot=5948143 blocks=16777216 txs=1895266469 mgas=137026724 bps=37.12 tps=5454 mgps=561.6 avgBps=84.19 avgTps=9510 avgMGps=687.6 elapsed=2d7h21m
Sep 13 12:38:42 nimbus-eth1-mainnet-long-benchmark[2233876]: INF 2026-09-13 12:38:42.822+00:00 Imported blocks                            blockNumber=16785409 slot=5956437 blocks=16785408 txs=1896456920 mgas=137150558 bps=37.44 tps=5440 mgps=566.0 avgBps=84.13 avgTps=9505 avgMGps=687.4 elapsed=2d7h25m
Sep 13 12:42:16 nimbus-eth1-mainnet-long-benchmark[2233876]: INF 2026-09-13 12:42:16.643+00:00 Imported blocks                            blockNumber=16793601 slot=5964730 blocks=16793600 txs=1897649468 mgas=137274307 bps=38.31 tps=5577 mgps=578.7 avgBps=84.08 avgTps=9501 avgMGps=687.3 elapsed=2d7h28m
Sep 13 12:46:03 nimbus-eth1-mainnet-long-benchmark[2233876]: INF 2026-09-13 12:46:03.515+00:00 Imported blocks                            blockNumber=16801793 slot=5973054 blocks=16801792 txs=1898872315 mgas=137398264 bps=36.11 tps=5390 mgps=546.4 avgBps=84.03 avgTps=9496 avgMGps=687.2 elapsed=2d7h32m
Sep 13 12:49:56 nimbus-eth1-mainnet-long-benchmark[2233876]: INF 2026-09-13 12:49:56.656+00:00 Imported blocks                            blockNumber=16809985 slot=5981358 blocks=16809984 txs=1900030900 mgas=137521879 bps=35.14 tps=4969 mgps=530.2 avgBps=83.97 avgTps=9491 avgMGps=687.0 elapsed=2d7h36m
Sep 13 12:53:52 nimbus-eth1-mainnet-long-benchmark[2233876]: INF 2026-09-13 12:53:52.300+00:00 Imported blocks                            blockNumber=16818177 slot=5989636 blocks=16818176 txs=1901221157 mgas=137645760 bps=34.76 tps=5051 mgps=525.7 avgBps=83.92 avgTps=9486 avgMGps=686.8 elapsed=2d7h40m
Sep 13 12:57:42 nimbus-eth1-mainnet-long-benchmark[2233876]: INF 2026-09-13 12:57:42.284+00:00 Imported blocks                            blockNumber=16826369 slot=5997923 blocks=16826368 txs=1902536659 mgas=137769827 bps=35.62 tps=5719 mgps=539.5 avgBps=83.86 avgTps=9481 avgMGps=686.6 elapsed=2d7h44m
Sep 13 13:01:24 nimbus-eth1-mainnet-long-benchmark[2233876]: INF 2026-09-13 13:01:24.205+00:00 Imported blocks                            blockNumber=16834561 slot=6006221 blocks=16834560 txs=1903816850 mgas=137893613 bps=36.91 tps=5768 mgps=557.8 avgBps=83.81 avgTps=9477 avgMGps=686.5 elapsed=2d7h47m
Sep 13 13:05:04 nimbus-eth1-mainnet-long-benchmark[2233876]: INF 2026-09-13 13:05:04.377+00:00 Imported blocks                            blockNumber=16842753 slot=6014515 blocks=16842752 txs=1905034952 mgas=138017403 bps=37.21 tps=5532 mgps=562.2 avgBps=83.76 avgTps=9473 avgMGps=686.3 elapsed=2d7h51m
Sep 13 13:08:49 nimbus-eth1-mainnet-long-benchmark[2233876]: INF 2026-09-13 13:08:49.478+00:00 Imported blocks                            blockNumber=16850945 slot=6022798 blocks=16850944 txs=1906254915 mgas=138141334 bps=36.39 tps=5419 mgps=550.6 avgBps=83.70 avgTps=9469 avgMGps=686.2 elapsed=2d7h55m
Sep 13 13:12:43 nimbus-eth1-mainnet-long-benchmark[2233876]: INF 2026-09-13 13:12:43.050+00:00 Imported blocks                            blockNumber=16859137 slot=6031084 blocks=16859136 txs=1907416034 mgas=138265293 bps=35.07 tps=4971 mgps=530.7 avgBps=83.65 avgTps=9463 avgMGps=686.0 elapsed=2d7h59m
Sep 13 13:16:36 nimbus-eth1-mainnet-long-benchmark[2233876]: INF 2026-09-13 13:16:36.750+00:00 Imported blocks                            blockNumber=16867329 slot=6039371 blocks=16867328 txs=1908587274 mgas=138389422 bps=35.05 tps=5011 mgps=531.2 avgBps=83.59 avgTps=9458 avgMGps=685.8 elapsed=2d8h3m
Sep 13 13:20:25 nimbus-eth1-mainnet-long-benchmark[2233876]: INF 2026-09-13 13:20:25.203+00:00 Imported blocks                            blockNumber=16875521 slot=6047642 blocks=16875520 txs=1909854477 mgas=138513302 bps=35.86 tps=5546 mgps=542.3 avgBps=83.54 avgTps=9454 avgMGps=685.7 elapsed=2d8h6m
Sep 13 13:24:13 nimbus-eth1-mainnet-long-benchmark[2233876]: INF 2026-09-13 13:24:13.139+00:00 Imported blocks                            blockNumber=16883713 slot=6055930 blocks=16883712 txs=1911117374 mgas=138637252 bps=35.94 tps=5540 mgps=543.8 avgBps=83.48 avgTps=9449 avgMGps=685.5 elapsed=2d8h10m
Sep 13 13:27:54 nimbus-eth1-mainnet-long-benchmark[2233876]: INF 2026-09-13 13:27:54.187+00:00 Imported blocks                            blockNumber=16891905 slot=6064228 blocks=16891904 txs=1912349928 mgas=138761177 bps=37.06 tps=5576 mgps=560.6 avgBps=83.43 avgTps=9445 avgMGps=685.4 elapsed=2d8h14m
Sep 13 13:31:32 nimbus-eth1-mainnet-long-benchmark[2233876]: INF 2026-09-13 13:31:32.636+00:00 Imported blocks                            blockNumber=16900097 slot=6072508 blocks=16900096 txs=1913611460 mgas=138884976 bps=37.50 tps=5774 mgps=566.7 avgBps=83.38 avgTps=9441 avgMGps=685.3 elapsed=2d8h17m
Sep 13 13:35:20 nimbus-eth1-mainnet-long-benchmark[2233876]: INF 2026-09-13 13:35:20.140+00:00 Imported blocks                            blockNumber=16908289 slot=6080793 blocks=16908288 txs=1914815701 mgas=139008674 bps=36.01 tps=5293 mgps=543.7 avgBps=83.33 avgTps=9436 avgMGps=685.1 elapsed=2d8h21m
Sep 13 13:39:13 nimbus-eth1-mainnet-long-benchmark[2233876]: INF 2026-09-13 13:39:13.681+00:00 Imported blocks                            blockNumber=16916481 slot=6089077 blocks=16916480 txs=1915982170 mgas=139132546 bps=35.08 tps=4994 mgps=530.4 avgBps=83.28 avgTps=9431 avgMGps=684.9 elapsed=2d8h25m
Sep 13 13:42:59 nimbus-eth1-mainnet-long-benchmark[2233876]: INF 2026-09-13 13:42:59.725+00:00 Imported blocks                            blockNumber=16924673 slot=6097362 blocks=16924672 txs=1917295456 mgas=139256434 bps=36.24 tps=5809 mgps=548.1 avgBps=83.22 avgTps=9427 avgMGps=684.8 elapsed=2d8h29m
Sep 13 13:46:51 nimbus-eth1-mainnet-long-benchmark[2233876]: INF 2026-09-13 13:46:51.037+00:00 Imported blocks                            blockNumber=16932865 slot=6105654 blocks=16932864 txs=1918613570 mgas=139380170 bps=35.42 tps=5698 mgps=534.9 avgBps=83.17 avgTps=9423 avgMGps=684.6 elapsed=2d8h33m
Sep 13 13:50:36 nimbus-eth1-mainnet-long-benchmark[2233876]: INF 2026-09-13 13:50:36.174+00:00 Imported blocks                            blockNumber=16941057 slot=6113948 blocks=16941056 txs=1919984819 mgas=139503951 bps=36.39 tps=6090 mgps=549.8 avgBps=83.12 avgTps=9419 avgMGps=684.4 elapsed=2d8h37m
Sep 13 13:54:23 nimbus-eth1-mainnet-long-benchmark[2233876]: INF 2026-09-13 13:54:23.686+00:00 Imported blocks                            blockNumber=16949249 slot=6122230 blocks=16949248 txs=1921309040 mgas=139627802 bps=36.01 tps=5820 mgps=544.4 avgBps=83.06 avgTps=9415 avgMGps=684.3 elapsed=2d8h40m
Sep 13 13:58:15 nimbus-eth1-mainnet-long-benchmark[2233876]: INF 2026-09-13 13:58:15.559+00:00 Imported blocks                            blockNumber=16957441 slot=6130520 blocks=16957440 txs=1922510685 mgas=139751573 bps=35.33 tps=5182 mgps=533.8 avgBps=83.01 avgTps=9411 avgMGps=684.1 elapsed=2d8h44m
Sep 13 14:02:07 nimbus-eth1-mainnet-long-benchmark[2233876]: INF 2026-09-13 14:02:07.915+00:00 Imported blocks                            blockNumber=16965633 slot=6138828 blocks=16965632 txs=1923641238 mgas=139875688 bps=35.26 tps=4865 mgps=534.2 avgBps=82.96 avgTps=9405 avgMGps=683.9 elapsed=2d8h48m
Sep 13 14:05:52 nimbus-eth1-mainnet-long-benchmark[2233876]: INF 2026-09-13 14:05:52.135+00:00 Imported blocks                            blockNumber=16973825 slot=6147196 blocks=16973824 txs=1924847634 mgas=139999662 bps=36.54 tps=5380 mgps=552.9 avgBps=82.91 avgTps=9401 avgMGps=683.8 elapsed=2d8h52m
Sep 13 14:09:33 nimbus-eth1-mainnet-long-benchmark[2233876]: INF 2026-09-13 14:09:33.308+00:00 Imported blocks                            blockNumber=16982017 slot=6155571 blocks=16982016 txs=1926143787 mgas=140123461 bps=37.04 tps=5860 mgps=559.7 avgBps=82.86 avgTps=9397 avgMGps=683.7 elapsed=2d8h55m
Sep 13 14:13:16 nimbus-eth1-mainnet-long-benchmark[2233876]: INF 2026-09-13 14:13:16.388+00:00 Imported blocks                            blockNumber=16990209 slot=6163998 blocks=16990208 txs=1927389663 mgas=140247290 bps=36.72 tps=5584 mgps=555.1 avgBps=82.81 avgTps=9393 avgMGps=683.5 elapsed=2d8h59m
Sep 13 14:17:02 nimbus-eth1-mainnet-long-benchmark[2233876]: INF 2026-09-13 14:17:02.945+00:00 Imported blocks                            blockNumber=16998401 slot=6172357 blocks=16998400 txs=1928626033 mgas=140371239 bps=36.16 tps=5457 mgps=547.1 avgBps=82.75 avgTps=9389 avgMGps=683.4 elapsed=2d9h3m
Sep 13 14:20:50 nimbus-eth1-mainnet-long-benchmark[2233876]: INF 2026-09-13 14:20:50.545+00:00 Imported blocks                            blockNumber=17006593 slot=6180713 blocks=17006592 txs=1929721419 mgas=140495426 bps=35.99 tps=4812 mgps=545.6 avgBps=82.70 avgTps=9384 avgMGps=683.2 elapsed=2d9h7m
Sep 13 14:24:57 nimbus-eth1-mainnet-long-benchmark[2233876]: INF 2026-09-13 14:24:57.125+00:00 Imported blocks                            blockNumber=17014785 slot=6189078 blocks=17014784 txs=1930819115 mgas=140619799 bps=33.22 tps=4451 mgps=504.4 avgBps=82.64 avgTps=9378 avgMGps=683.0 elapsed=2d9h11m
Sep 13 14:28:43 nimbus-eth1-mainnet-long-benchmark[2233876]: INF 2026-09-13 14:28:43.846+00:00 Imported blocks                            blockNumber=17022977 slot=6197431 blocks=17022976 txs=1932003965 mgas=140743838 bps=36.13 tps=5226 mgps=547.1 avgBps=82.59 avgTps=9373 avgMGps=682.9 elapsed=2d9h15m
Sep 13 14:32:28 nimbus-eth1-mainnet-long-benchmark[2233876]: INF 2026-09-13 14:32:28.618+00:00 Imported blocks                            blockNumber=17031169 slot=6205770 blocks=17031168 txs=1933236741 mgas=140867769 bps=36.45 tps=5484 mgps=551.4 avgBps=82.54 avgTps=9369 avgMGps=682.7 elapsed=2d9h18m
Sep 13 14:36:13 nimbus-eth1-mainnet-long-benchmark[2233876]: INF 2026-09-13 14:36:13.526+00:00 Imported blocks                            blockNumber=17039361 slot=6214644 blocks=17039360 txs=1934553364 mgas=140991689 bps=36.42 tps=5854 mgps=551.0 avgBps=82.49 avgTps=9365 avgMGps=682.6 elapsed=2d9h22m
Sep 13 14:40:01 nimbus-eth1-mainnet-long-benchmark[2233876]: INF 2026-09-13 14:40:01.203+00:00 Imported blocks                            blockNumber=17047553 slot=6223141 blocks=17047552 txs=1935926891 mgas=141115371 bps=35.98 tps=6032 mgps=543.2 avgBps=82.44 avgTps=9361 avgMGps=682.4 elapsed=2d9h26m
Sep 13 14:43:51 nimbus-eth1-mainnet-long-benchmark[2233876]: INF 2026-09-13 14:43:51.019+00:00 Imported blocks                            blockNumber=17055745 slot=6231549 blocks=17055744 txs=1937163728 mgas=141239546 bps=35.65 tps=5381 mgps=540.3 avgBps=82.39 avgTps=9357 avgMGps=682.3 elapsed=2d9h30m
Sep 13 14:47:37 nimbus-eth1-mainnet-long-benchmark[2233876]: INF 2026-09-13 14:47:37.448+00:00 Imported blocks                            blockNumber=17063937 slot=6239930 blocks=17063936 txs=1938172438 mgas=141364159 bps=36.18 tps=4454 mgps=550.3 avgBps=82.34 avgTps=9352 avgMGps=682.1 elapsed=2d9h34m
Sep 13 14:51:05 nimbus-eth1-mainnet-long-benchmark[2233876]: INF 2026-09-13 14:51:05.128+00:00 Imported blocks                            blockNumber=17072129 slot=6248275 blocks=17072128 txs=1939355648 mgas=141487938 bps=39.45 tps=5697 mgps=596.0 avgBps=82.30 avgTps=9348 avgMGps=682.0 elapsed=2d9h37m
Sep 13 14:54:26 nimbus-eth1-mainnet-long-benchmark[2233876]: INF 2026-09-13 14:54:26.669+00:00 Imported blocks                            blockNumber=17080321 slot=6256608 blocks=17080320 txs=1940616306 mgas=141611583 bps=40.65 tps=6255 mgps=613.5 avgBps=82.25 avgTps=9345 avgMGps=682.0 elapsed=2d9h40m
Sep 13 14:57:43 nimbus-eth1-mainnet-long-benchmark[2233876]: INF 2026-09-13 14:57:43.274+00:00 Imported blocks                            blockNumber=17088513 slot=6264965 blocks=17088512 txs=1941876584 mgas=141735231 bps=41.67 tps=6410 mgps=628.9 avgBps=82.22 avgTps=9342 avgMGps=681.9 elapsed=2d9h44m
Sep 13 15:01:13 nimbus-eth1-mainnet-long-benchmark[2233876]: INF 2026-09-13 15:01:13.187+00:00 Imported blocks                            blockNumber=17096705 slot=6273315 blocks=17096704 txs=1943072102 mgas=141858838 bps=39.03 tps=5695 mgps=588.9 avgBps=82.17 avgTps=9339 avgMGps=681.8 elapsed=2d9h47m
Sep 13 15:04:44 nimbus-eth1-mainnet-long-benchmark[2233876]: INF 2026-09-13 15:04:44.555+00:00 Imported blocks                            blockNumber=17104897 slot=6281580 blocks=17104896 txs=1944086612 mgas=141983190 bps=38.76 tps=4799 mgps=588.3 avgBps=82.13 avgTps=9334 avgMGps=681.7 elapsed=2d9h51m
Sep 13 15:08:15 nimbus-eth1-mainnet-long-benchmark[2233876]: INF 2026-09-13 15:08:15.708+00:00 Imported blocks                            blockNumber=17113089 slot=6289852 blocks=17113088 txs=1945085408 mgas=142107392 bps=38.80 tps=4730 mgps=588.2 avgBps=82.08 avgTps=9329 avgMGps=681.6 elapsed=2d9h54m
Sep 13 15:11:39 nimbus-eth1-mainnet-long-benchmark[2233876]: INF 2026-09-13 15:11:39.745+00:00 Imported blocks                            blockNumber=17121281 slot=6298121 blocks=17121280 txs=1946164681 mgas=142231469 bps=40.15 tps=5289 mgps=608.1 avgBps=82.04 avgTps=9325 avgMGps=681.6 elapsed=2d9h58m
Sep 13 15:15:12 nimbus-eth1-mainnet-long-benchmark[2233876]: INF 2026-09-13 15:15:12.189+00:00 Imported blocks                            blockNumber=17129473 slot=6306398 blocks=17129472 txs=1947273575 mgas=142355631 bps=38.56 tps=5219 mgps=584.5 avgBps=82.00 avgTps=9321 avgMGps=681.5 elapsed=2d10h1m
Sep 13 15:18:48 nimbus-eth1-mainnet-long-benchmark[2233876]: INF 2026-09-13 15:18:48.126+00:00 Imported blocks                            blockNumber=17137665 slot=6314693 blocks=17137664 txs=1948368474 mgas=142479878 bps=37.94 tps=5070 mgps=575.4 avgBps=81.95 avgTps=9317 avgMGps=681.4 elapsed=2d10h5m
Sep 13 15:22:18 nimbus-eth1-mainnet-long-benchmark[2233876]: INF 2026-09-13 15:22:18.311+00:00 Imported blocks                            blockNumber=17145857 slot=6322984 blocks=17145856 txs=1949518774 mgas=142603953 bps=38.97 tps=5472 mgps=590.3 avgBps=81.91 avgTps=9313 avgMGps=681.3 elapsed=2d10h8m
Sep 13 15:25:48 nimbus-eth1-mainnet-long-benchmark[2233876]: INF 2026-09-13 15:25:48.591+00:00 Imported blocks                            blockNumber=17154049 slot=6331276 blocks=17154048 txs=1950571925 mgas=142728247 bps=38.96 tps=5008 mgps=591.1 avgBps=81.87 avgTps=9309 avgMGps=681.2 elapsed=2d10h12m
Sep 13 15:29:19 nimbus-eth1-mainnet-long-benchmark[2233876]: INF 2026-09-13 15:29:19.708+00:00 Imported blocks                            blockNumber=17162241 slot=6339552 blocks=17162240 txs=1951688703 mgas=142852142 bps=38.80 tps=5289 mgps=586.9 avgBps=81.82 avgTps=9305 avgMGps=681.1 elapsed=2d10h15m
Sep 13 15:32:36 nimbus-eth1-mainnet-long-benchmark[2233876]: INF 2026-09-13 15:32:36.809+00:00 Imported blocks                            blockNumber=17170433 slot=6347847 blocks=17170432 txs=1952948218 mgas=142975691 bps=41.56 tps=6390 mgps=626.8 avgBps=81.79 avgTps=9302 avgMGps=681.0 elapsed=2d10h19m
Sep 13 15:36:01 nimbus-eth1-mainnet-long-benchmark[2233876]: INF 2026-09-13 15:36:01.277+00:00 Imported blocks                            blockNumber=17178625 slot=6356141 blocks=17178624 txs=1954250499 mgas=143099205 bps=40.07 tps=6369 mgps=604.1 avgBps=81.75 avgTps=9299 avgMGps=681.0 elapsed=2d10h22m
Sep 13 15:39:23 nimbus-eth1-mainnet-long-benchmark[2233876]: INF 2026-09-13 15:39:23.894+00:00 Imported blocks                            blockNumber=17186817 slot=6364447 blocks=17186816 txs=1955518721 mgas=143222883 bps=40.43 tps=6259 mgps=610.4 avgBps=81.71 avgTps=9296 avgMGps=680.9 elapsed=2d10h25m
Sep 13 15:42:35 nimbus-eth1-mainnet-long-benchmark[2233876]: INF 2026-09-13 15:42:35.211+00:00 Imported blocks                            blockNumber=17195009 slot=6372722 blocks=17195008 txs=1956852793 mgas=143346470 bps=42.82 tps=6972 mgps=646.0 avgBps=81.67 avgTps=9294 avgMGps=680.9 elapsed=2d10h29m
Sep 13 15:45:39 nimbus-eth1-mainnet-long-benchmark[2233876]: INF 2026-09-13 15:45:39.192+00:00 Imported blocks                            blockNumber=17203201 slot=6381005 blocks=17203200 txs=1958228458 mgas=143469796 bps=44.53 tps=7477 mgps=670.3 avgBps=81.64 avgTps=9292 avgMGps=680.8 elapsed=2d10h32m
Sep 13 15:48:50 nimbus-eth1-mainnet-long-benchmark[2233876]: INF 2026-09-13 15:48:50.485+00:00 Imported blocks                            blockNumber=17211393 slot=6389309 blocks=17211392 txs=1959497817 mgas=143593285 bps=42.82 tps=6635 mgps=645.6 avgBps=81.60 avgTps=9290 avgMGps=680.8 elapsed=2d10h35m
Sep 13 15:52:06 nimbus-eth1-mainnet-long-benchmark[2233876]: INF 2026-09-13 15:52:06.510+00:00 Imported blocks                            blockNumber=17219585 slot=6397595 blocks=17219584 txs=1960813962 mgas=143716683 bps=41.79 tps=6714 mgps=629.5 avgBps=81.57 avgTps=9288 avgMGps=680.8 elapsed=2d10h38m
Sep 13 15:55:27 nimbus-eth1-mainnet-long-benchmark[2233876]: INF 2026-09-13 15:55:27.459+00:00 Imported blocks                            blockNumber=17227777 slot=6405886 blocks=17227776 txs=1962095564 mgas=143840209 bps=40.77 tps=6377 mgps=614.7 avgBps=81.53 avgTps=9285 avgMGps=680.7 elapsed=2d10h41m
Sep 13 15:58:43 nimbus-eth1-mainnet-long-benchmark[2233876]: INF 2026-09-13 15:58:43.016+00:00 Imported blocks                            blockNumber=17235969 slot=6414187 blocks=17235968 txs=1963351944 mgas=143963795 bps=41.89 tps=6424 mgps=632.0 avgBps=81.49 avgTps=9282 avgMGps=680.7 elapsed=2d10h45m
Sep 13 16:02:04 nimbus-eth1-mainnet-long-benchmark[2233876]: INF 2026-09-13 16:02:04.497+00:00 Imported blocks                            blockNumber=17244161 slot=6422571 blocks=17244160 txs=1964617603 mgas=144087368 bps=40.66 tps=6281 mgps=613.3 avgBps=81.45 avgTps=9279 avgMGps=680.6 elapsed=2d10h48m
Sep 13 16:05:40 nimbus-eth1-mainnet-long-benchmark[2233876]: INF 2026-09-13 16:05:40.185+00:00 Imported blocks                            blockNumber=17252353 slot=6431060 blocks=17252352 txs=1965845362 mgas=144211039 bps=37.98 tps=5692 mgps=573.4 avgBps=81.41 avgTps=9276 avgMGps=680.5 elapsed=2d10h52m
Sep 13 16:09:28 nimbus-eth1-mainnet-long-benchmark[2233876]: INF 2026-09-13 16:09:28.890+00:00 Imported blocks                            blockNumber=17260545 slot=6439423 blocks=17260544 txs=1966989223 mgas=144335015 bps=35.82 tps=5001 mgps=542.1 avgBps=81.36 avgTps=9271 avgMGps=680.3 elapsed=2d10h55m
Sep 13 16:12:57 nimbus-eth1-mainnet-long-benchmark[2233876]: INF 2026-09-13 16:12:57.142+00:00 Imported blocks                            blockNumber=17268737 slot=6447756 blocks=17268736 txs=1968237199 mgas=144458705 bps=39.34 tps=5992 mgps=594.0 avgBps=81.32 avgTps=9268 avgMGps=680.2 elapsed=2d10h59m
Sep 13 16:16:16 nimbus-eth1-mainnet-long-benchmark[2233876]: INF 2026-09-13 16:16:16.651+00:00 Imported blocks                            blockNumber=17276929 slot=6456078 blocks=17276928 txs=1969463053 mgas=144582404 bps=41.06 tps=6144 mgps=620.0 avgBps=81.28 avgTps=9265 avgMGps=680.2 elapsed=2d11h2m
Sep 13 16:19:56 nimbus-eth1-mainnet-long-benchmark[2233876]: INF 2026-09-13 16:19:56.124+00:00 Imported blocks                            blockNumber=17285121 slot=6464411 blocks=17285120 txs=1970663127 mgas=144706091 bps=37.33 tps=5468 mgps=563.6 avgBps=81.23 avgTps=9261 avgMGps=680.1 elapsed=2d11h6m
Sep 13 16:23:24 nimbus-eth1-mainnet-long-benchmark[2233876]: INF 2026-09-13 16:23:24.592+00:00 Imported blocks                            blockNumber=17293313 slot=6472712 blocks=17293312 txs=1971898713 mgas=144829702 bps=39.30 tps=5926 mgps=592.9 avgBps=81.19 avgTps=9258 avgMGps=680.0 elapsed=2d11h9m
Sep 13 16:26:57 nimbus-eth1-mainnet-long-benchmark[2233876]: INF 2026-09-13 16:26:57.689+00:00 Imported blocks                            blockNumber=17301505 slot=6481018 blocks=17301504 txs=1973143438 mgas=144953512 bps=38.44 tps=5841 mgps=581.0 avgBps=81.15 avgTps=9254 avgMGps=679.9 elapsed=2d11h13m
Sep 13 16:30:38 nimbus-eth1-mainnet-long-benchmark[2233876]: INF 2026-09-13 16:30:38.381+00:00 Imported blocks                            blockNumber=17309697 slot=6489326 blocks=17309696 txs=1974320197 mgas=145077461 bps=37.12 tps=5332 mgps=561.6 avgBps=81.10 avgTps=9250 avgMGps=679.8 elapsed=2d11h17m
Sep 13 16:34:04 nimbus-eth1-mainnet-long-benchmark[2233876]: INF 2026-09-13 16:34:04.982+00:00 Imported blocks                            blockNumber=17317889 slot=6497627 blocks=17317888 txs=1975544233 mgas=145200997 bps=39.65 tps=5924 mgps=597.9 avgBps=81.06 avgTps=9247 avgMGps=679.7 elapsed=2d11h20m
Sep 13 16:37:26 nimbus-eth1-mainnet-long-benchmark[2233876]: INF 2026-09-13 16:37:26.807+00:00 Imported blocks                            blockNumber=17326081 slot=6505936 blocks=17326080 txs=1976815718 mgas=145324563 bps=40.59 tps=6299 mgps=612.2 avgBps=81.03 avgTps=9244 avgMGps=679.6 elapsed=2d11h23m
Sep 13 16:40:59 nimbus-eth1-mainnet-long-benchmark[2233876]: INF 2026-09-13 16:40:59.555+00:00 Imported blocks                            blockNumber=17334273 slot=6514227 blocks=17334272 txs=1978029482 mgas=145448174 bps=38.51 tps=5705 mgps=581.0 avgBps=80.98 avgTps=9241 avgMGps=679.5 elapsed=2d11h27m
Sep 13 16:44:27 nimbus-eth1-mainnet-long-benchmark[2233876]: INF 2026-09-13 16:44:27.708+00:00 Imported blocks                            blockNumber=17342465 slot=6522521 blocks=17342464 txs=1979249515 mgas=145571734 bps=39.36 tps=5861 mgps=593.6 avgBps=80.94 avgTps=9237 avgMGps=679.4 elapsed=2d11h30m
Sep 13 16:48:04 nimbus-eth1-mainnet-long-benchmark[2233876]: INF 2026-09-13 16:48:04.477+00:00 Imported blocks                            blockNumber=17350657 slot=6530810 blocks=17350656 txs=1980440407 mgas=145695440 bps=37.79 tps=5493 mgps=570.7 avgBps=80.90 avgTps=9234 avgMGps=679.3 elapsed=2d11h34m
Sep 13 16:51:37 nimbus-eth1-mainnet-long-benchmark[2233876]: INF 2026-09-13 16:51:37.909+00:00 Imported blocks                            blockNumber=17358849 slot=6539086 blocks=17358848 txs=1981537589 mgas=145819418 bps=38.38 tps=5140 mgps=580.9 avgBps=80.86 avgTps=9230 avgMGps=679.2 elapsed=2d11h38m
Sep 13 16:54:57 nimbus-eth1-mainnet-long-benchmark[2233876]: INF 2026-09-13 16:54:57.694+00:00 Imported blocks                            blockNumber=17367041 slot=6547367 blocks=17367040 txs=1982770194 mgas=145942944 bps=41.00 tps=6169 mgps=618.3 avgBps=80.82 avgTps=9227 avgMGps=679.2 elapsed=2d11h41m
Sep 13 16:58:20 nimbus-eth1-mainnet-long-benchmark[2233876]: INF 2026-09-13 16:58:20.831+00:00 Imported blocks                            blockNumber=17375233 slot=6555668 blocks=17375232 txs=1984125641 mgas=146066496 bps=40.33 tps=6672 mgps=608.2 avgBps=80.78 avgTps=9224 avgMGps=679.1 elapsed=2d11h44m
Sep 13 17:01:49 nimbus-eth1-mainnet-long-benchmark[2233876]: INF 2026-09-13 17:01:49.259+00:00 Imported blocks                            blockNumber=17383425 slot=6563975 blocks=17383424 txs=1985382005 mgas=146190166 bps=39.30 tps=6027 mgps=593.3 avgBps=80.74 avgTps=9221 avgMGps=679.0 elapsed=2d11h48m
Sep 13 17:05:19 nimbus-eth1-mainnet-long-benchmark[2233876]: INF 2026-09-13 17:05:19.308+00:00 Imported blocks                            blockNumber=17391617 slot=6572280 blocks=17391616 txs=1986609346 mgas=146313767 bps=39.00 tps=5843 mgps=588.4 avgBps=80.70 avgTps=9218 avgMGps=678.9 elapsed=2d11h51m
Sep 13 17:08:56 nimbus-eth1-mainnet-long-benchmark[2233876]: INF 2026-09-13 17:08:56.341+00:00 Imported blocks                            blockNumber=17399809 slot=6580587 blocks=17399808 txs=1987855824 mgas=146437565 bps=37.75 tps=5743 mgps=570.4 avgBps=80.66 avgTps=9214 avgMGps=678.8 elapsed=2d11h55m
Sep 13 17:12:41 nimbus-eth1-mainnet-long-benchmark[2233876]: INF 2026-09-13 17:12:41.049+00:00 Imported blocks                            blockNumber=17408001 slot=6588914 blocks=17408000 txs=1988978824 mgas=146561610 bps=36.46 tps=4997 mgps=552.0 avgBps=80.61 avgTps=9210 avgMGps=678.7 elapsed=2d11h59m
Sep 13 17:16:22 nimbus-eth1-mainnet-long-benchmark[2233876]: INF 2026-09-13 17:16:22.902+00:00 Imported blocks                            blockNumber=17416193 slot=6597245 blocks=17416192 txs=1990248730 mgas=146685353 bps=36.93 tps=5724 mgps=557.8 avgBps=80.57 avgTps=9206 avgMGps=678.6 elapsed=2d12h2m
Sep 13 17:20:07 nimbus-eth1-mainnet-long-benchmark[2233876]: INF 2026-09-13 17:20:07.138+00:00 Imported blocks                            blockNumber=17424385 slot=6605563 blocks=17424384 txs=1991539079 mgas=146808925 bps=36.53 tps=5754 mgps=551.1 avgBps=80.52 avgTps=9203 avgMGps=678.4 elapsed=2d12h6m
Sep 13 17:23:46 nimbus-eth1-mainnet-long-benchmark[2233876]: INF 2026-09-13 17:23:46.210+00:00 Imported blocks                            blockNumber=17432577 slot=6613884 blocks=17432576 txs=1992754693 mgas=146932902 bps=37.39 tps=5548 mgps=565.9 avgBps=80.48 avgTps=9199 avgMGps=678.3 elapsed=2d12h10m
Sep 13 17:27:23 nimbus-eth1-mainnet-long-benchmark[2233876]: INF 2026-09-13 17:27:23.083+00:00 Imported blocks                            blockNumber=17440769 slot=6622203 blocks=17440768 txs=1993896800 mgas=147057019 bps=37.77 tps=5266 mgps=572.3 avgBps=80.44 avgTps=9195 avgMGps=678.2 elapsed=2d12h13m
Sep 13 17:31:16 nimbus-eth1-mainnet-long-benchmark[2233876]: INF 2026-09-13 17:31:16.975+00:00 Imported blocks                            blockNumber=17448961 slot=6630518 blocks=17448960 txs=1995215020 mgas=147180854 bps=35.02 tps=5636 mgps=529.5 avgBps=80.39 avgTps=9191 avgMGps=678.1 elapsed=2d12h17m
Sep 13 17:35:30 nimbus-eth1-mainnet-long-benchmark[2233876]: INF 2026-09-13 17:35:30.487+00:00 Imported blocks                            blockNumber=17457153 slot=6638828 blocks=17457152 txs=1996586147 mgas=147305221 bps=32.31 tps=5408 mgps=490.6 avgBps=80.33 avgTps=9187 avgMGps=677.8 elapsed=2d12h21m
Sep 13 17:39:21 nimbus-eth1-mainnet-long-benchmark[2233876]: INF 2026-09-13 17:39:21.028+00:00 Imported blocks                            blockNumber=17465345 slot=6647132 blocks=17465344 txs=1997725387 mgas=147429506 bps=35.53 tps=4941 mgps=539.1 avgBps=80.28 avgTps=9182 avgMGps=677.7 elapsed=2d12h25m
Sep 13 17:43:04 nimbus-eth1-mainnet-long-benchmark[2233876]: INF 2026-09-13 17:43:04.272+00:00 Imported blocks                            blockNumber=17473537 slot=6655432 blocks=17473536 txs=1998843886 mgas=147553542 bps=36.70 tps=5010 mgps=555.6 avgBps=80.24 avgTps=9178 avgMGps=677.6 elapsed=2d12h29m
Sep 13 17:46:44 nimbus-eth1-mainnet-long-benchmark[2233876]: INF 2026-09-13 17:46:44.940+00:00 Imported blocks                            blockNumber=17481729 slot=6663738 blocks=17481728 txs=2000011122 mgas=147677516 bps=37.12 tps=5289 mgps=561.8 avgBps=80.20 avgTps=9174 avgMGps=677.5 elapsed=2d12h33m
Sep 13 17:50:29 nimbus-eth1-mainnet-long-benchmark[2233876]: INF 2026-09-13 17:50:29.761+00:00 Imported blocks                            blockNumber=17489921 slot=6672036 blocks=17489920 txs=2001280327 mgas=147801230 bps=36.44 tps=5645 mgps=550.3 avgBps=80.15 avgTps=9171 avgMGps=677.3 elapsed=2d12h36m
Sep 13 17:54:10 nimbus-eth1-mainnet-long-benchmark[2233876]: INF 2026-09-13 17:54:10.533+00:00 Imported blocks                            blockNumber=17498113 slot=6680314 blocks=17498112 txs=2002558556 mgas=147925012 bps=37.11 tps=5789 mgps=560.7 avgBps=80.11 avgTps=9167 avgMGps=677.2 elapsed=2d12h40m
Sep 13 17:57:55 nimbus-eth1-mainnet-long-benchmark[2233876]: INF 2026-09-13 17:57:55.758+00:00 Imported blocks                            blockNumber=17506305 slot=6688575 blocks=17506304 txs=2003656377 mgas=148049431 bps=36.37 tps=4874 mgps=552.4 avgBps=80.06 avgTps=9163 avgMGps=677.1 elapsed=2d12h44m
Sep 13 18:01:38 nimbus-eth1-mainnet-long-benchmark[2233876]: INF 2026-09-13 18:01:38.226+00:00 Imported blocks                            blockNumber=17514497 slot=6696852 blocks=17514496 txs=2004857046 mgas=148173772 bps=36.82 tps=5396 mgps=558.9 avgBps=80.02 avgTps=9159 avgMGps=677.0 elapsed=2d12h48m
Sep 13 18:05:16 nimbus-eth1-mainnet-long-benchmark[2233876]: INF 2026-09-13 18:05:16.495+00:00 Imported blocks                            blockNumber=17522689 slot=6705139 blocks=17522688 txs=2006101178 mgas=148297741 bps=37.53 tps=5699 mgps=568.0 avgBps=79.98 avgTps=9156 avgMGps=676.8 elapsed=2d12h51m
Sep 13 18:08:57 nimbus-eth1-mainnet-long-benchmark[2233876]: INF 2026-09-13 18:08:57.187+00:00 Imported blocks                            blockNumber=17530881 slot=6713412 blocks=17530880 txs=2007355876 mgas=148421543 bps=37.12 tps=5685 mgps=561.0 avgBps=79.93 avgTps=9152 avgMGps=676.7 elapsed=2d12h55m
Sep 13 18:12:36 nimbus-eth1-mainnet-long-benchmark[2233876]: INF 2026-09-13 18:12:36.672+00:00 Imported blocks                            blockNumber=17539073 slot=6721698 blocks=17539072 txs=2008558131 mgas=148545319 bps=37.32 tps=5477 mgps=563.9 avgBps=79.89 avgTps=9148 avgMGps=676.6 elapsed=2d12h59m
Sep 13 18:16:24 nimbus-eth1-mainnet-long-benchmark[2233876]: INF 2026-09-13 18:16:24.776+00:00 Imported blocks                            blockNumber=17547265 slot=6729991 blocks=17547264 txs=2009742017 mgas=148669427 bps=35.91 tps=5190 mgps=544.1 avgBps=79.84 avgTps=9144 avgMGps=676.5 elapsed=2d13h2m
Sep 13 18:20:18 nimbus-eth1-mainnet-long-benchmark[2233876]: INF 2026-09-13 18:20:18.416+00:00 Imported blocks                            blockNumber=17555457 slot=6738288 blocks=17555456 txs=2010884214 mgas=148793843 bps=35.06 tps=4888 mgps=532.5 avgBps=79.80 avgTps=9140 avgMGps=676.3 elapsed=2d13h6m
Sep 13 18:24:10 nimbus-eth1-mainnet-long-benchmark[2233876]: INF 2026-09-13 18:24:10.297+00:00 Imported blocks                            blockNumber=17563649 slot=6746591 blocks=17563648 txs=2011978876 mgas=148918234 bps=35.33 tps=4720 mgps=536.4 avgBps=79.75 avgTps=9135 avgMGps=676.2 elapsed=2d13h10m
Sep 13 18:27:56 nimbus-eth1-mainnet-long-benchmark[2233876]: INF 2026-09-13 18:27:56.885+00:00 Imported blocks                            blockNumber=17571841 slot=6754910 blocks=17571840 txs=2013222471 mgas=149042246 bps=36.15 tps=5488 mgps=547.3 avgBps=79.70 avgTps=9131 avgMGps=676.0 elapsed=2d13h14m
Sep 13 18:31:32 nimbus-eth1-mainnet-long-benchmark[2233876]: INF 2026-09-13 18:31:32.430+00:00 Imported blocks                            blockNumber=17580033 slot=6763173 blocks=17580032 txs=2014468609 mgas=149165903 bps=38.01 tps=5781 mgps=573.7 avgBps=79.66 avgTps=9128 avgMGps=675.9 elapsed=2d13h17m
Sep 13 18:34:55 nimbus-eth1-mainnet-long-benchmark[2233876]: INF 2026-09-13 18:34:55.978+00:00 Imported blocks                            blockNumber=17588225 slot=6771437 blocks=17588224 txs=2015689382 mgas=149289503 bps=40.25 tps=5997 mgps=607.2 avgBps=79.63 avgTps=9125 avgMGps=675.9 elapsed=2d13h21m
Sep 13 18:38:26 nimbus-eth1-mainnet-long-benchmark[2233876]: INF 2026-09-13 18:38:26.139+00:00 Imported blocks                            blockNumber=17596417 slot=6779714 blocks=17596416 txs=2016974577 mgas=149413093 bps=38.98 tps=6115 mgps=588.1 avgBps=79.59 avgTps=9122 avgMGps=675.8 elapsed=2d13h24m
Sep 13 18:42:15 nimbus-eth1-mainnet-long-benchmark[2233876]: INF 2026-09-13 18:42:15.051+00:00 Imported blocks                            blockNumber=17604609 slot=6788002 blocks=17604608 txs=2018102021 mgas=149537055 bps=35.79 tps=4925 mgps=541.5 avgBps=79.54 avgTps=9118 avgMGps=675.7 elapsed=2d13h28m
Sep 13 18:46:03 nimbus-eth1-mainnet-long-benchmark[2233876]: INF 2026-09-13 18:46:03.456+00:00 Imported blocks                            blockNumber=17612801 slot=6796294 blocks=17612800 txs=2019210852 mgas=149661106 bps=35.87 tps=4854 mgps=543.1 avgBps=79.50 avgTps=9114 avgMGps=675.5 elapsed=2d13h32m
Sep 13 18:49:53 nimbus-eth1-mainnet-long-benchmark[2233876]: INF 2026-09-13 18:49:53.612+00:00 Imported blocks                            blockNumber=17620993 slot=6804576 blocks=17620992 txs=2020429344 mgas=149784883 bps=35.59 tps=5294 mgps=537.8 avgBps=79.45 avgTps=9110 avgMGps=675.4 elapsed=2d13h36m
Sep 13 18:52:32 nimbus-eth1-mainnet-long-benchmark[2233876]: INF 2026-09-13 18:52:32.834+00:00 Imported blocks                            blockNumber=17629185 slot=6812859 blocks=17629184 txs=2021323822 mgas=149910200 bps=51.45 tps=5617 mgps=787.1 avgBps=79.43 avgTps=9107 avgMGps=675.5 elapsed=2d13h38m
Sep 13 18:55:30 nimbus-eth1-mainnet-long-benchmark[2233876]: INF 2026-09-13 18:55:30.803+00:00 Imported blocks                            blockNumber=17637377 slot=6821141 blocks=17637376 txs=2022333406 mgas=150034720 bps=46.03 tps=5672 mgps=699.7 avgBps=79.41 avgTps=9104 avgMGps=675.5 elapsed=2d13h41m
Sep 13 18:58:58 nimbus-eth1-mainnet-long-benchmark[2233876]: INF 2026-09-13 18:58:58.163+00:00 Imported blocks                            blockNumber=17645569 slot=6829423 blocks=17645568 txs=2023522010 mgas=150158260 bps=39.51 tps=5731 mgps=595.8 avgBps=79.37 avgTps=9101 avgMGps=675.4 elapsed=2d13h45m
Sep 13 19:02:35 nimbus-eth1-mainnet-long-benchmark[2233876]: INF 2026-09-13 19:02:35.160+00:00 Imported blocks                            blockNumber=17653761 slot=6837721 blocks=17653760 txs=2024667582 mgas=150281996 bps=37.75 tps=5279 mgps=570.2 avgBps=79.33 avgTps=9097 avgMGps=675.3 elapsed=2d13h49m
Sep 13 19:06:10 nimbus-eth1-mainnet-long-benchmark[2233876]: INF 2026-09-13 19:06:10.089+00:00 Imported blocks                            blockNumber=17661953 slot=6846009 blocks=17661952 txs=2025789340 mgas=150405819 bps=38.12 tps=5219 mgps=576.1 avgBps=79.29 avgTps=9094 avgMGps=675.2 elapsed=2d13h52m
Sep 13 19:09:44 nimbus-eth1-mainnet-long-benchmark[2233876]: INF 2026-09-13 19:09:44.057+00:00 Imported blocks                            blockNumber=17670145 slot=6854313 blocks=17670144 txs=2027045692 mgas=150529499 bps=38.29 tps=5871 mgps=578.0 avgBps=79.25 avgTps=9091 avgMGps=675.1 elapsed=2d13h56m
Sep 13 19:13:19 nimbus-eth1-mainnet-long-benchmark[2233876]: INF 2026-09-13 19:13:19.606+00:00 Imported blocks                            blockNumber=17678337 slot=6862607 blocks=17678336 txs=2028270682 mgas=150653316 bps=38.01 tps=5683 mgps=574.4 avgBps=79.21 avgTps=9087 avgMGps=675.0 elapsed=2d13h59m
Sep 13 19:16:46 nimbus-eth1-mainnet-long-benchmark[2233876]: INF 2026-09-13 19:16:46.382+00:00 Imported blocks                            blockNumber=17686529 slot=6870912 blocks=17686528 txs=2029535396 mgas=150776970 bps=39.62 tps=6116 mgps=598.0 avgBps=79.17 avgTps=9085 avgMGps=674.9 elapsed=2d14h3m
Sep 13 19:20:29 nimbus-eth1-mainnet-long-benchmark[2233876]: INF 2026-09-13 19:20:29.559+00:00 Imported blocks                            blockNumber=17694721 slot=6879202 blocks=17694720 txs=2030823061 mgas=150900379 bps=36.71 tps=5769 mgps=553.0 avgBps=79.13 avgTps=9081 avgMGps=674.8 elapsed=2d14h6m
Sep 13 19:24:20 nimbus-eth1-mainnet-long-benchmark[2233876]: INF 2026-09-13 19:24:20.351+00:00 Imported blocks                            blockNumber=17702913 slot=6887554 blocks=17702912 txs=2031921273 mgas=151024371 bps=35.50 tps=4758 mgps=537.2 avgBps=79.09 avgTps=9077 avgMGps=674.7 elapsed=2d14h10m
Sep 13 19:28:13 nimbus-eth1-mainnet-long-benchmark[2233876]: INF 2026-09-13 19:28:13.567+00:00 Imported blocks                            blockNumber=17711105 slot=6895845 blocks=17711104 txs=2033029531 mgas=151148159 bps=35.13 tps=4752 mgps=530.8 avgBps=79.04 avgTps=9072 avgMGps=674.5 elapsed=2d14h14m
Sep 13 19:31:56 nimbus-eth1-mainnet-long-benchmark[2233876]: INF 2026-09-13 19:31:56.040+00:00 Imported blocks                            blockNumber=17719297 slot=6904113 blocks=17719296 txs=2034262383 mgas=151271852 bps=36.82 tps=5541 mgps=556.0 avgBps=79.00 avgTps=9069 avgMGps=674.4 elapsed=2d14h18m
Sep 13 19:35:24 nimbus-eth1-mainnet-long-benchmark[2233876]: INF 2026-09-13 19:35:24.225+00:00 Imported blocks                            blockNumber=17727489 slot=6912402 blocks=17727488 txs=2035598343 mgas=151395325 bps=39.35 tps=6417 mgps=593.1 avgBps=78.96 avgTps=9066 avgMGps=674.3 elapsed=2d14h21m
Sep 13 19:38:56 nimbus-eth1-mainnet-long-benchmark[2233876]: INF 2026-09-13 19:38:56.829+00:00 Imported blocks                            blockNumber=17735681 slot=6920655 blocks=17735680 txs=2036811500 mgas=151518904 bps=38.53 tps=5706 mgps=581.3 avgBps=78.92 avgTps=9063 avgMGps=674.3 elapsed=2d14h25m
Sep 13 19:42:25 nimbus-eth1-mainnet-long-benchmark[2233876]: INF 2026-09-13 19:42:25.042+00:00 Imported blocks                            blockNumber=17743873 slot=6928910 blocks=17743872 txs=2038089073 mgas=151642498 bps=39.34 tps=6135 mgps=593.6 avgBps=78.89 avgTps=9060 avgMGps=674.2 elapsed=2d14h28m
Sep 13 19:45:56 nimbus-eth1-mainnet-long-benchmark[2233876]: INF 2026-09-13 19:45:56.894+00:00 Imported blocks                            blockNumber=17752065 slot=6937162 blocks=17752064 txs=2039243929 mgas=151765938 bps=38.67 tps=5451 mgps=582.7 avgBps=78.85 avgTps=9057 avgMGps=674.1 elapsed=2d14h32m
Sep 13 19:49:34 nimbus-eth1-mainnet-long-benchmark[2233876]: INF 2026-09-13 19:49:34.099+00:00 Imported blocks                            blockNumber=17760257 slot=6945412 blocks=17760256 txs=2040366899 mgas=151889663 bps=37.72 tps=5170 mgps=569.6 avgBps=78.81 avgTps=9053 avgMGps=674.0 elapsed=2d14h35m
Sep 13 19:53:05 nimbus-eth1-mainnet-long-benchmark[2233876]: INF 2026-09-13 19:53:05.260+00:00 Imported blocks                            blockNumber=17768449 slot=6953662 blocks=17768448 txs=2041533617 mgas=152013251 bps=38.80 tps=5525 mgps=585.3 avgBps=78.77 avgTps=9050 avgMGps=673.9 elapsed=2d14h39m
Sep 13 19:56:39 nimbus-eth1-mainnet-long-benchmark[2233876]: INF 2026-09-13 19:56:39.152+00:00 Imported blocks                            blockNumber=17776641 slot=6961925 blocks=17776640 txs=2042703023 mgas=152136905 bps=38.30 tps=5467 mgps=578.1 avgBps=78.73 avgTps=9047 avgMGps=673.8 elapsed=2d14h43m
Sep 13 20:00:17 nimbus-eth1-mainnet-long-benchmark[2233876]: INF 2026-09-13 20:00:17.257+00:00 Imported blocks                            blockNumber=17784833 slot=6970175 blocks=17784832 txs=2043855306 mgas=152260510 bps=37.56 tps=5283 mgps=566.7 avgBps=78.69 avgTps=9043 avgMGps=673.7 elapsed=2d14h46m
Sep 13 20:03:38 nimbus-eth1-mainnet-long-benchmark[2233876]: INF 2026-09-13 20:03:38.850+00:00 Imported blocks                            blockNumber=17793025 slot=6978424 blocks=17793024 txs=2045025916 mgas=152384111 bps=40.64 tps=5806 mgps=613.1 avgBps=78.66 avgTps=9040 avgMGps=673.7 elapsed=2d14h50m
Sep 13 20:07:23 nimbus-eth1-mainnet-long-benchmark[2233876]: INF 2026-09-13 20:07:23.930+00:00 Imported blocks                            blockNumber=17801217 slot=6986678 blocks=17801216 txs=2046155994 mgas=152507660 bps=36.40 tps=5020 mgps=548.9 avgBps=78.62 avgTps=9036 avgMGps=673.5 elapsed=2d14h53m
Sep 13 20:11:23 nimbus-eth1-mainnet-long-benchmark[2233876]: INF 2026-09-13 20:11:23.954+00:00 Imported blocks                            blockNumber=17809409 slot=6994934 blocks=17809408 txs=2047286409 mgas=152631387 bps=34.13 tps=4709 mgps=515.5 avgBps=78.57 avgTps=9032 avgMGps=673.4 elapsed=2d14h57m
Sep 13 20:15:23 nimbus-eth1-mainnet-long-benchmark[2233876]: INF 2026-09-13 20:15:23.230+00:00 Imported blocks                            blockNumber=17817601 slot=7003174 blocks=17817600 txs=2048477603 mgas=152755081 bps=34.24 tps=4978 mgps=516.9 avgBps=78.52 avgTps=9027 avgMGps=673.2 elapsed=2d15h1m
Sep 13 20:19:06 nimbus-eth1-mainnet-long-benchmark[2233876]: INF 2026-09-13 20:19:06.707+00:00 Imported blocks                            blockNumber=17825793 slot=7011410 blocks=17825792 txs=2049697138 mgas=152878639 bps=36.66 tps=5456 mgps=552.9 avgBps=78.48 avgTps=9024 avgMGps=673.1 elapsed=2d15h5m
Sep 13 20:22:45 nimbus-eth1-mainnet-long-benchmark[2233876]: INF 2026-09-13 20:22:45.699+00:00 Imported blocks                            blockNumber=17833985 slot=7019652 blocks=17833984 txs=2050902056 mgas=153002214 bps=37.41 tps=5502 mgps=564.3 avgBps=78.44 avgTps=9020 avgMGps=673.0 elapsed=2d15h9m
Sep 13 20:26:21 nimbus-eth1-mainnet-long-benchmark[2233876]: INF 2026-09-13 20:26:21.304+00:00 Imported blocks                            blockNumber=17842177 slot=7027902 blocks=17842176 txs=2052138376 mgas=153125904 bps=38.00 tps=5734 mgps=573.7 avgBps=78.40 avgTps=9017 avgMGps=672.9 elapsed=2d15h12m
Sep 13 20:30:04 nimbus-eth1-mainnet-long-benchmark[2233876]: INF 2026-09-13 20:30:04.108+00:00 Imported blocks                            blockNumber=17850369 slot=7036151 blocks=17850368 txs=2053403722 mgas=153249462 bps=36.77 tps=5679 mgps=554.6 avgBps=78.36 avgTps=9014 avgMGps=672.8 elapsed=2d15h16m
Sep 13 20:33:55 nimbus-eth1-mainnet-long-benchmark[2233876]: INF 2026-09-13 20:33:55.037+00:00 Imported blocks                            blockNumber=17858561 slot=7044407 blocks=17858560 txs=2054561218 mgas=153373392 bps=35.47 tps=5012 mgps=536.7 avgBps=78.32 avgTps=9010 avgMGps=672.6 elapsed=2d15h20m
Sep 13 20:37:33 nimbus-eth1-mainnet-long-benchmark[2233876]: INF 2026-09-13 20:37:33.481+00:00 Imported blocks                            blockNumber=17866753 slot=7052664 blocks=17866752 txs=2055745169 mgas=153497051 bps=37.50 tps=5419 mgps=566.1 avgBps=78.28 avgTps=9007 avgMGps=672.5 elapsed=2d15h23m
Sep 13 20:41:04 nimbus-eth1-mainnet-long-benchmark[2233876]: INF 2026-09-13 20:41:04.054+00:00 Imported blocks                            blockNumber=17874945 slot=7060922 blocks=17874944 txs=2057023576 mgas=153620694 bps=38.90 tps=6071 mgps=587.2 avgBps=78.24 avgTps=9004 avgMGps=672.5 elapsed=2d15h27m
Sep 13 20:44:41 nimbus-eth1-mainnet-long-benchmark[2233876]: INF 2026-09-13 20:44:41.662+00:00 Imported blocks                            blockNumber=17883137 slot=7069180 blocks=17883136 txs=2058222775 mgas=153744263 bps=37.65 tps=5510 mgps=567.9 avgBps=78.21 avgTps=9000 avgMGps=672.4 elapsed=2d15h31m
Sep 13 20:48:15 nimbus-eth1-mainnet-long-benchmark[2233876]: INF 2026-09-13 20:48:15.591+00:00 Imported blocks                            blockNumber=17891329 slot=7077424 blocks=17891328 txs=2059426823 mgas=153867834 bps=38.29 tps=5628 mgps=577.6 avgBps=78.17 avgTps=8997 avgMGps=672.3 elapsed=2d15h34m
Sep 13 20:51:54 nimbus-eth1-mainnet-long-benchmark[2233876]: INF 2026-09-13 20:51:54.307+00:00 Imported blocks                            blockNumber=17899521 slot=7085686 blocks=17899520 txs=2060576293 mgas=153991540 bps=37.45 tps=5255 mgps=565.6 avgBps=78.13 avgTps=8994 avgMGps=672.2 elapsed=2d15h38m
Sep 13 20:55:37 nimbus-eth1-mainnet-long-benchmark[2233876]: INF 2026-09-13 20:55:37.388+00:00 Imported blocks                            blockNumber=17907713 slot=7093924 blocks=17907712 txs=2061645723 mgas=154115478 bps=36.72 tps=4793 mgps=555.6 avgBps=78.09 avgTps=8990 avgMGps=672.0 elapsed=2d15h42m
Sep 13 20:59:16 nimbus-eth1-mainnet-long-benchmark[2233876]: INF 2026-09-13 20:59:16.988+00:00 Imported blocks                            blockNumber=17915905 slot=7102175 blocks=17915904 txs=2062791664 mgas=154239167 bps=37.30 tps=5218 mgps=563.2 avgBps=78.05 avgTps=8986 avgMGps=671.9 elapsed=2d15h45m
Sep 13 21:02:46 nimbus-eth1-mainnet-long-benchmark[2233876]: INF 2026-09-13 21:02:46.413+00:00 Imported blocks                            blockNumber=17924097 slot=7110423 blocks=17924096 txs=2063991310 mgas=154362682 bps=39.12 tps=5728 mgps=589.8 avgBps=78.02 avgTps=8983 avgMGps=671.9 elapsed=2d15h49m
Sep 13 21:06:15 nimbus-eth1-mainnet-long-benchmark[2233876]: INF 2026-09-13 21:06:15.846+00:00 Imported blocks                            blockNumber=17932289 slot=7118675 blocks=17932288 txs=2065212442 mgas=154486196 bps=39.12 tps=5830 mgps=589.8 avgBps=77.98 avgTps=8980 avgMGps=671.8 elapsed=2d15h52m
Sep 13 21:09:53 nimbus-eth1-mainnet-long-benchmark[2233876]: INF 2026-09-13 21:09:53.978+00:00 Imported blocks                            blockNumber=17940481 slot=7126933 blocks=17940480 txs=2066443515 mgas=154609755 bps=37.56 tps=5643 mgps=566.4 avgBps=77.94 avgTps=8977 avgMGps=671.7 elapsed=2d15h56m
Sep 13 21:13:41 nimbus-eth1-mainnet-long-benchmark[2233876]: INF 2026-09-13 21:13:41.922+00:00 Imported blocks                            blockNumber=17948673 slot=7135190 blocks=17948672 txs=2067692409 mgas=154733379 bps=35.94 tps=5478 mgps=542.3 avgBps=77.90 avgTps=8974 avgMGps=671.6 elapsed=2d16h7s
Sep 13 21:17:31 nimbus-eth1-mainnet-long-benchmark[2233876]: INF 2026-09-13 21:17:31.483+00:00 Imported blocks                            blockNumber=17956865 slot=7143454 blocks=17956864 txs=2068792056 mgas=154857268 bps=35.69 tps=4790 mgps=539.7 avgBps=77.86 avgTps=8969 avgMGps=671.4 elapsed=2d16h3m
Sep 13 21:21:09 nimbus-eth1-mainnet-long-benchmark[2233876]: INF 2026-09-13 21:21:09.331+00:00 Imported blocks                            blockNumber=17965057 slot=7151711 blocks=17965056 txs=2069949467 mgas=154980906 bps=37.60 tps=5312 mgps=567.5 avgBps=77.82 avgTps=8966 avgMGps=671.3 elapsed=2d16h7m
Sep 13 21:24:41 nimbus-eth1-mainnet-long-benchmark[2233876]: INF 2026-09-13 21:24:41.448+00:00 Imported blocks                            blockNumber=17973249 slot=7159953 blocks=17973248 txs=2071131106 mgas=155104484 bps=38.62 tps=5570 mgps=582.6 avgBps=77.78 avgTps=8963 avgMGps=671.3 elapsed=2d16h11m
Sep 13 21:28:15 nimbus-eth1-mainnet-long-benchmark[2233876]: INF 2026-09-13 21:28:15.821+00:00 Imported blocks                            blockNumber=17981441 slot=7168195 blocks=17981440 txs=2072319886 mgas=155227911 bps=38.21 tps=5545 mgps=575.8 avgBps=77.75 avgTps=8960 avgMGps=671.2 elapsed=2d16h14m
Sep 13 21:31:45 nimbus-eth1-mainnet-long-benchmark[2233876]: INF 2026-09-13 21:31:45.773+00:00 Imported blocks                            blockNumber=17989633 slot=7176448 blocks=17989632 txs=2073520122 mgas=155351502 bps=39.02 tps=5716 mgps=588.7 avgBps=77.71 avgTps=8957 avgMGps=671.1 elapsed=2d16h18m
Sep 13 21:35:23 nimbus-eth1-mainnet-long-benchmark[2233876]: INF 2026-09-13 21:35:23.974+00:00 Imported blocks                            blockNumber=17997825 slot=7184717 blocks=17997824 txs=2074697917 mgas=155475068 bps=37.54 tps=5397 mgps=566.3 avgBps=77.67 avgTps=8953 avgMGps=671.0 elapsed=2d16h21m
Sep 13 21:39:18 nimbus-eth1-mainnet-long-benchmark[2233876]: INF 2026-09-13 21:39:18.634+00:00 Imported blocks                            blockNumber=18006017 slot=7192955 blocks=18006016 txs=2075765432 mgas=155599048 bps=34.91 tps=4549 mgps=528.3 avgBps=77.63 avgTps=8949 avgMGps=670.8 elapsed=2d16h25m
Sep 13 21:42:57 nimbus-eth1-mainnet-long-benchmark[2233876]: INF 2026-09-13 21:42:57.102+00:00 Imported blocks                            blockNumber=18014209 slot=7201216 blocks=18014208 txs=2076875571 mgas=155722925 bps=37.50 tps=5081 mgps=567.0 avgBps=77.59 avgTps=8945 avgMGps=670.8 elapsed=2d16h29m
Sep 13 21:46:23 nimbus-eth1-mainnet-long-benchmark[2233876]: INF 2026-09-13 21:46:23.007+00:00 Imported blocks                            blockNumber=18022401 slot=7209486 blocks=18022400 txs=2078048954 mgas=155846484 bps=39.78 tps=5698 mgps=600.1 avgBps=77.56 avgTps=8942 avgMGps=670.7 elapsed=2d16h32m
Sep 13 21:50:00 nimbus-eth1-mainnet-long-benchmark[2233876]: INF 2026-09-13 21:50:00.260+00:00 Imported blocks                            blockNumber=18030593 slot=7217747 blocks=18030592 txs=2079226010 mgas=155969992 bps=37.71 tps=5417 mgps=568.5 avgBps=77.52 avgTps=8939 avgMGps=670.6 elapsed=2d16h36m
Sep 13 21:53:46 nimbus-eth1-mainnet-long-benchmark[2233876]: INF 2026-09-13 21:53:46.944+00:00 Imported blocks                            blockNumber=18038785 slot=7226002 blocks=18038784 txs=2080377713 mgas=156093560 bps=36.14 tps=5080 mgps=545.1 avgBps=77.48 avgTps=8935 avgMGps=670.5 elapsed=2d16h40m
Sep 13 21:57:41 nimbus-eth1-mainnet-long-benchmark[2233876]: INF 2026-09-13 21:57:41.692+00:00 Imported blocks                            blockNumber=18046977 slot=7234267 blocks=18046976 txs=2081507154 mgas=156217456 bps=34.90 tps=4811 mgps=527.8 avgBps=77.44 avgTps=8931 avgMGps=670.3 elapsed=2d16h44m
Sep 13 22:01:45 nimbus-eth1-mainnet-long-benchmark[2233876]: INF 2026-09-13 22:01:45.432+00:00 Imported blocks                            blockNumber=18055169 slot=7242532 blocks=18055168 txs=2082719208 mgas=156341506 bps=33.61 tps=4972 mgps=508.9 avgBps=77.39 avgTps=8927 avgMGps=670.2 elapsed=2d16h48m
Sep 13 22:05:35 nimbus-eth1-mainnet-long-benchmark[2233876]: INF 2026-09-13 22:05:35.833+00:00 Imported blocks                            blockNumber=18063361 slot=7250786 blocks=18063360 txs=2083859821 mgas=156465218 bps=35.56 tps=4950 mgps=536.9 avgBps=77.35 avgTps=8923 avgMGps=670.0 elapsed=2d16h52m
Sep 13 22:09:13 nimbus-eth1-mainnet-long-benchmark[2233876]: INF 2026-09-13 22:09:13.841+00:00 Imported blocks                            blockNumber=18071553 slot=7259026 blocks=18071552 txs=2084967028 mgas=156589216 bps=37.58 tps=5078 mgps=568.8 avgBps=77.32 avgTps=8920 avgMGps=669.9 elapsed=2d16h55m
Sep 13 22:12:48 nimbus-eth1-mainnet-long-benchmark[2233876]: INF 2026-09-13 22:12:48.322+00:00 Imported blocks                            blockNumber=18079745 slot=7267303 blocks=18079744 txs=2086196249 mgas=156712793 bps=38.19 tps=5731 mgps=576.2 avgBps=77.28 avgTps=8917 avgMGps=669.8 elapsed=2d16h59m
Sep 13 22:16:25 nimbus-eth1-mainnet-long-benchmark[2233876]: INF 2026-09-13 22:16:25.146+00:00 Imported blocks                            blockNumber=18087937 slot=7275548 blocks=18087936 txs=2087355068 mgas=156836450 bps=37.78 tps=5344 mgps=570.3 avgBps=77.24 avgTps=8913 avgMGps=669.8 elapsed=2d17h2m
Sep 13 22:20:06 nimbus-eth1-mainnet-long-benchmark[2233876]: INF 2026-09-13 22:20:06.583+00:00 Imported blocks                            blockNumber=18096129 slot=7283810 blocks=18096128 txs=2088495155 mgas=156960164 bps=36.99 tps=5148 mgps=558.7 avgBps=77.20 avgTps=8910 avgMGps=669.6 elapsed=2d17h6m
Sep 13 22:24:02 nimbus-eth1-mainnet-long-benchmark[2233876]: INF 2026-09-13 22:24:02.095+00:00 Imported blocks                            blockNumber=18104321 slot=7292076 blocks=18104320 txs=2089530747 mgas=157084229 bps=34.78 tps=4397 mgps=526.8 avgBps=77.16 avgTps=8905 avgMGps=669.5 elapsed=2d17h10m
Sep 13 22:27:56 nimbus-eth1-mainnet-long-benchmark[2233876]: INF 2026-09-13 22:27:56.623+00:00 Imported blocks                            blockNumber=18112513 slot=7300337 blocks=18112512 txs=2090599202 mgas=157208354 bps=34.93 tps=4555 mgps=529.3 avgBps=77.12 avgTps=8901 avgMGps=669.4 elapsed=2d17h14m
Sep 13 22:31:45 nimbus-eth1-mainnet-long-benchmark[2233876]: INF 2026-09-13 22:31:45.428+00:00 Imported blocks                            blockNumber=18120705 slot=7308598 blocks=18120704 txs=2091830760 mgas=157332137 bps=35.80 tps=5382 mgps=541.0 avgBps=77.08 avgTps=8897 avgMGps=669.2 elapsed=2d17h18m
Sep 13 22:36:03 nimbus-eth1-mainnet-long-benchmark[2233876]: INF 2026-09-13 22:36:03.592+00:00 Imported blocks                            blockNumber=18128897 slot=7316868 blocks=18128896 txs=2093635465 mgas=157455944 bps=31.73 tps=6990 mgps=479.6 avgBps=77.03 avgTps=8895 avgMGps=669.0 elapsed=2d17h22m
Sep 13 22:39:44 nimbus-eth1-mainnet-long-benchmark[2233876]: INF 2026-09-13 22:39:44.168+00:00 Imported blocks                            blockNumber=18137089 slot=7325152 blocks=18137088 txs=2094856245 mgas=157579700 bps=37.14 tps=5534 mgps=561.1 avgBps=76.99 avgTps=8892 avgMGps=668.9 elapsed=2d17h26m
Sep 13 22:43:26 nimbus-eth1-mainnet-long-benchmark[2233876]: INF 2026-09-13 22:43:26.581+00:00 Imported blocks                            blockNumber=18145281 slot=7333463 blocks=18145280 txs=2096023505 mgas=157703175 bps=36.83 tps=5248 mgps=555.2 avgBps=76.95 avgTps=8889 avgMGps=668.8 elapsed=2d17h29m
Sep 13 22:47:20 nimbus-eth1-mainnet-long-benchmark[2233876]: INF 2026-09-13 22:47:20.433+00:00 Imported blocks                            blockNumber=18153473 slot=7341807 blocks=18153472 txs=2097064348 mgas=157827253 bps=35.03 tps=4450 mgps=530.6 avgBps=76.91 avgTps=8884 avgMGps=668.7 elapsed=2d17h33m
Sep 13 22:51:15 nimbus-eth1-mainnet-long-benchmark[2233876]: INF 2026-09-13 22:51:15.073+00:00 Imported blocks                            blockNumber=18161665 slot=7350157 blocks=18161664 txs=2098109700 mgas=157951329 bps=34.91 tps=4455 mgps=528.8 avgBps=76.87 avgTps=8880 avgMGps=668.5 elapsed=2d17h37m
Sep 13 22:54:58 nimbus-eth1-mainnet-long-benchmark[2233876]: INF 2026-09-13 22:54:58.701+00:00 Imported blocks                            blockNumber=18169857 slot=7358440 blocks=18169856 txs=2099265398 mgas=158075134 bps=36.63 tps=5167 mgps=553.6 avgBps=76.83 avgTps=8876 avgMGps=668.4 elapsed=2d17h41m
Sep 13 22:58:42 nimbus-eth1-mainnet-long-benchmark[2233876]: INF 2026-09-13 22:58:42.670+00:00 Imported blocks                            blockNumber=18178049 slot=7366694 blocks=18178048 txs=2100433427 mgas=158198872 bps=36.58 tps=5215 mgps=552.5 avgBps=76.80 avgTps=8873 avgMGps=668.3 elapsed=2d17h45m
Sep 13 23:02:32 nimbus-eth1-mainnet-long-benchmark[2233876]: INF 2026-09-13 23:02:32.142+00:00 Imported blocks                            blockNumber=18186241 slot=7374947 blocks=18186240 txs=2101720457 mgas=158322717 bps=35.70 tps=5608 mgps=539.7 avgBps=76.76 avgTps=8870 avgMGps=668.2 elapsed=2d17h48m
Sep 13 23:06:19 nimbus-eth1-mainnet-long-benchmark[2233876]: INF 2026-09-13 23:06:19.863+00:00 Imported blocks                            blockNumber=18194433 slot=7383221 blocks=18194432 txs=2102847004 mgas=158446430 bps=35.97 tps=4947 mgps=543.3 avgBps=76.72 avgTps=8866 avgMGps=668.1 elapsed=2d17h52m
Sep 13 23:10:14 nimbus-eth1-mainnet-long-benchmark[2233876]: INF 2026-09-13 23:10:14.991+00:00 Imported blocks                            blockNumber=18202625 slot=7391475 blocks=18202624 txs=2103834429 mgas=158570965 bps=34.84 tps=4199 mgps=529.6 avgBps=76.67 avgTps=8861 avgMGps=667.9 elapsed=2d17h56m
Sep 13 23:14:16 nimbus-eth1-mainnet-long-benchmark[2233876]: INF 2026-09-13 23:14:16.611+00:00 Imported blocks                            blockNumber=18210817 slot=7399742 blocks=18210816 txs=2104846730 mgas=158695197 bps=33.90 tps=4189 mgps=514.2 avgBps=76.63 avgTps=8857 avgMGps=667.8 elapsed=2d18h41s
Sep 13 23:17:59 nimbus-eth1-mainnet-long-benchmark[2233876]: INF 2026-09-13 23:17:59.503+00:00 Imported blocks                            blockNumber=18219009 slot=7407987 blocks=18219008 txs=2106006905 mgas=158819194 bps=36.75 tps=5205 mgps=556.3 avgBps=76.59 avgTps=8853 avgMGps=667.7 elapsed=2d18h4m
Sep 13 23:21:44 nimbus-eth1-mainnet-long-benchmark[2233876]: INF 2026-09-13 23:21:44.900+00:00 Imported blocks                            blockNumber=18227201 slot=7416247 blocks=18227200 txs=2107241601 mgas=158942696 bps=36.35 tps=5477 mgps=547.9 avgBps=76.56 avgTps=8850 avgMGps=667.6 elapsed=2d18h8m
Sep 13 23:25:31 nimbus-eth1-mainnet-long-benchmark[2233876]: INF 2026-09-13 23:25:31.688+00:00 Imported blocks                            blockNumber=18235393 slot=7424510 blocks=18235392 txs=2108433909 mgas=159066547 bps=36.12 tps=5257 mgps=546.1 avgBps=76.52 avgTps=8847 avgMGps=667.5 elapsed=2d18h11m
Sep 13 23:29:21 nimbus-eth1-mainnet-long-benchmark[2233876]: INF 2026-09-13 23:29:21.468+00:00 Imported blocks                            blockNumber=18243585 slot=7432769 blocks=18243584 txs=2109614990 mgas=159190187 bps=35.65 tps=5140 mgps=538.1 avgBps=76.48 avgTps=8843 avgMGps=667.3 elapsed=2d18h15m
Sep 13 23:33:13 nimbus-eth1-mainnet-long-benchmark[2233876]: INF 2026-09-13 23:33:13.665+00:00 Imported blocks                            blockNumber=18251777 slot=7441011 blocks=18251776 txs=2110737320 mgas=159313978 bps=35.28 tps=4833 mgps=533.1 avgBps=76.44 avgTps=8839 avgMGps=667.2 elapsed=2d18h19m
Sep 13 23:37:14 nimbus-eth1-mainnet-long-benchmark[2233876]: INF 2026-09-13 23:37:14.289+00:00 Imported blocks                            blockNumber=18259969 slot=7449248 blocks=18259968 txs=2111794461 mgas=159437984 bps=34.04 tps=4393 mgps=515.3 avgBps=76.40 avgTps=8835 avgMGps=667.1 elapsed=2d18h23m
Sep 13 23:41:02 nimbus-eth1-mainnet-long-benchmark[2233876]: INF 2026-09-13 23:41:02.757+00:00 Imported blocks                            blockNumber=18268161 slot=7457480 blocks=18268160 txs=2112944237 mgas=159561764 bps=35.86 tps=5032 mgps=541.8 avgBps=76.36 avgTps=8831 avgMGps=666.9 elapsed=2d18h27m
Sep 13 23:44:58 nimbus-eth1-mainnet-long-benchmark[2233876]: INF 2026-09-13 23:44:58.813+00:00 Imported blocks                            blockNumber=18276353 slot=7465732 blocks=18276352 txs=2114083159 mgas=159685589 bps=34.70 tps=4824 mgps=524.6 avgBps=76.32 avgTps=8827 avgMGps=666.8 elapsed=2d18h31m
Sep 13 23:48:53 nimbus-eth1-mainnet-long-benchmark[2233876]: INF 2026-09-13 23:48:53.353+00:00 Imported blocks                            blockNumber=18284545 slot=7473976 blocks=18284544 txs=2115199907 mgas=159809502 bps=34.93 tps=4761 mgps=528.3 avgBps=76.28 avgTps=8823 avgMGps=666.7 elapsed=2d18h35m
Sep 13 23:52:52 nimbus-eth1-mainnet-long-benchmark[2233876]: INF 2026-09-13 23:52:52.690+00:00 Imported blocks                            blockNumber=18292737 slot=7482227 blocks=18292736 txs=2116327705 mgas=159933514 bps=34.23 tps=4712 mgps=518.2 avgBps=76.23 avgTps=8819 avgMGps=666.5 elapsed=2d18h39m
Sep 13 23:56:58 nimbus-eth1-mainnet-long-benchmark[2233876]: INF 2026-09-13 23:56:58.262+00:00 Imported blocks                            blockNumber=18300929 slot=7490473 blocks=18300928 txs=2117494895 mgas=160057346 bps=33.36 tps=4752 mgps=504.3 avgBps=76.19 avgTps=8815 avgMGps=666.3 elapsed=2d18h43m
Sep 14 00:01:03 nimbus-eth1-mainnet-long-benchmark[2233876]: INF 2026-09-14 00:01:03.682+00:00 Imported blocks                            blockNumber=18309121 slot=7498722 blocks=18309120 txs=2118548315 mgas=160181470 bps=33.38 tps=4292 mgps=505.8 avgBps=76.15 avgTps=8810 avgMGps=666.2 elapsed=2d18h47m
Sep 14 00:05:05 nimbus-eth1-mainnet-long-benchmark[2233876]: INF 2026-09-14 00:05:05.006+00:00 Imported blocks                            blockNumber=18317313 slot=7506978 blocks=18317312 txs=2119681478 mgas=160305363 bps=33.95 tps=4695 mgps=513.4 avgBps=76.10 avgTps=8806 avgMGps=666.0 elapsed=2d18h51m
Sep 14 00:09:11 nimbus-eth1-mainnet-long-benchmark[2233876]: INF 2026-09-14 00:09:11.450+00:00 Imported blocks                            blockNumber=18325505 slot=7515227 blocks=18325504 txs=2120814013 mgas=160429327 bps=33.24 tps=4595 mgps=503.0 avgBps=76.06 avgTps=8802 avgMGps=665.9 elapsed=2d18h55m
Sep 14 00:13:13 nimbus-eth1-mainnet-long-benchmark[2233876]: INF 2026-09-14 00:13:13.222+00:00 Imported blocks                            blockNumber=18333697 slot=7523497 blocks=18333696 txs=2121988927 mgas=160553135 bps=33.88 tps=4859 mgps=512.1 avgBps=76.02 avgTps=8798 avgMGps=665.7 elapsed=2d18h59m
Sep 14 00:17:07 nimbus-eth1-mainnet-long-benchmark[2233876]: INF 2026-09-14 00:17:07.534+00:00 Imported blocks                            blockNumber=18341889 slot=7531758 blocks=18341888 txs=2123139659 mgas=160677144 bps=34.96 tps=4911 mgps=529.2 avgBps=75.98 avgTps=8794 avgMGps=665.6 elapsed=2d19h3m
Sep 14 00:21:07 nimbus-eth1-mainnet-long-benchmark[2233876]: INF 2026-09-14 00:21:07.450+00:00 Imported blocks                            blockNumber=18350081 slot=7540010 blocks=18350080 txs=2124235413 mgas=160801210 bps=34.15 tps=4567 mgps=517.1 avgBps=75.94 avgTps=8790 avgMGps=665.4 elapsed=2d19h7m
Sep 14 00:25:15 nimbus-eth1-mainnet-long-benchmark[2233876]: INF 2026-09-14 00:25:15.914+00:00 Imported blocks                            blockNumber=18358273 slot=7548250 blocks=18358272 txs=2125267339 mgas=160925503 bps=32.97 tps=4153 mgps=500.3 avgBps=75.89 avgTps=8785 avgMGps=665.3 elapsed=2d19h11m
Sep 14 00:29:05 nimbus-eth1-mainnet-long-benchmark[2233876]: INF 2026-09-14 00:29:05.223+00:00 Imported blocks                            blockNumber=18366465 slot=7556485 blocks=18366464 txs=2126437189 mgas=161049300 bps=35.72 tps=5101 mgps=539.9 avgBps=75.85 avgTps=8782 avgMGps=665.1 elapsed=2d19h15m
Sep 14 00:33:03 nimbus-eth1-mainnet-long-benchmark[2233876]: INF 2026-09-14 00:33:03.155+00:00 Imported blocks                            blockNumber=18374657 slot=7564737 blocks=18374656 txs=2127575074 mgas=161173063 bps=34.43 tps=4782 mgps=520.2 avgBps=75.81 avgTps=8778 avgMGps=665.0 elapsed=2d19h19m
Sep 14 00:36:59 nimbus-eth1-mainnet-long-benchmark[2233876]: INF 2026-09-14 00:36:59.915+00:00 Imported blocks                            blockNumber=18382849 slot=7572992 blocks=18382848 txs=2128712227 mgas=161296803 bps=34.60 tps=4802 mgps=522.6 avgBps=75.77 avgTps=8774 avgMGps=664.9 elapsed=2d19h23m
Sep 14 00:40:47 nimbus-eth1-mainnet-long-benchmark[2233876]: INF 2026-09-14 00:40:47.391+00:00 Imported blocks                            blockNumber=18391041 slot=7581241 blocks=18391040 txs=2129908343 mgas=161420499 bps=36.01 tps=5258 mgps=543.8 avgBps=75.74 avgTps=8771 avgMGps=664.7 elapsed=2d19h27m
Sep 14 00:44:42 nimbus-eth1-mainnet-long-benchmark[2233876]: INF 2026-09-14 00:44:42.743+00:00 Imported blocks                            blockNumber=18399233 slot=7589493 blocks=18399232 txs=2131096762 mgas=161544248 bps=34.81 tps=5049 mgps=525.8 avgBps=75.70 avgTps=8767 avgMGps=664.6 elapsed=2d19h31m
Sep 14 00:48:43 nimbus-eth1-mainnet-long-benchmark[2233876]: INF 2026-09-14 00:48:43.816+00:00 Imported blocks                            blockNumber=18407425 slot=7597744 blocks=18407424 txs=2132227512 mgas=161668055 bps=33.98 tps=4690 mgps=513.6 avgBps=75.65 avgTps=8763 avgMGps=664.5 elapsed=2d19h35m
Sep 14 00:52:33 nimbus-eth1-mainnet-long-benchmark[2233876]: INF 2026-09-14 00:52:33.404+00:00 Imported blocks                            blockNumber=18415617 slot=7606005 blocks=18415616 txs=2133430909 mgas=161791768 bps=35.68 tps=5241 mgps=538.9 avgBps=75.62 avgTps=8760 avgMGps=664.3 elapsed=2d19h38m
Sep 14 00:56:22 nimbus-eth1-mainnet-long-benchmark[2233876]: INF 2026-09-14 00:56:22.908+00:00 Imported blocks                            blockNumber=18423809 slot=7614258 blocks=18423808 txs=2134687977 mgas=161915430 bps=35.69 tps=5477 mgps=538.8 avgBps=75.58 avgTps=8757 avgMGps=664.2 elapsed=2d19h42m
Sep 14 01:00:06 nimbus-eth1-mainnet-long-benchmark[2233876]: INF 2026-09-14 01:00:06.093+00:00 Imported blocks                            blockNumber=18432001 slot=7622531 blocks=18432000 txs=2135940598 mgas=162039077 bps=36.70 tps=5612 mgps=554.0 avgBps=75.54 avgTps=8754 avgMGps=664.1 elapsed=2d19h46m
Sep 14 01:03:54 nimbus-eth1-mainnet-long-benchmark[2233876]: INF 2026-09-14 01:03:54.857+00:00 Imported blocks                            blockNumber=18440193 slot=7630780 blocks=18440192 txs=2137146456 mgas=162162686 bps=35.81 tps=5271 mgps=540.3 avgBps=75.51 avgTps=8750 avgMGps=664.0 elapsed=2d19h50m
Sep 14 01:07:42 nimbus-eth1-mainnet-long-benchmark[2233876]: INF 2026-09-14 01:07:42.401+00:00 Imported blocks                            blockNumber=18448385 slot=7639025 blocks=18448384 txs=2138317992 mgas=162286292 bps=36.00 tps=5148 mgps=543.2 avgBps=75.47 avgTps=8747 avgMGps=663.9 elapsed=2d19h54m
Sep 14 01:11:30 nimbus-eth1-mainnet-long-benchmark[2233876]: INF 2026-09-14 01:11:30.298+00:00 Imported blocks                            blockNumber=18456577 slot=7647282 blocks=18456576 txs=2139502327 mgas=162409980 bps=35.95 tps=5196 mgps=542.7 avgBps=75.43 avgTps=8744 avgMGps=663.8 elapsed=2d19h57m
Sep 14 01:15:23 nimbus-eth1-mainnet-long-benchmark[2233876]: INF 2026-09-14 01:15:23.130+00:00 Imported blocks                            blockNumber=18464769 slot=7655550 blocks=18464768 txs=2140730034 mgas=162533636 bps=35.18 tps=5272 mgps=531.1 avgBps=75.39 avgTps=8740 avgMGps=663.7 elapsed=2d20h1m
Sep 14 01:19:02 nimbus-eth1-mainnet-long-benchmark[2233876]: INF 2026-09-14 01:19:02.374+00:00 Imported blocks                            blockNumber=18472961 slot=7663813 blocks=18472960 txs=2142014772 mgas=162657238 bps=37.36 tps=5859 mgps=563.8 avgBps=75.36 avgTps=8738 avgMGps=663.6 elapsed=2d20h5m
Sep 14 01:22:49 nimbus-eth1-mainnet-long-benchmark[2233876]: INF 2026-09-14 01:22:49.691+00:00 Imported blocks                            blockNumber=18481153 slot=7672060 blocks=18481152 txs=2143271075 mgas=162780880 bps=36.04 tps=5526 mgps=543.9 avgBps=75.32 avgTps=8735 avgMGps=663.5 elapsed=2d20h9m
Sep 14 01:26:38 nimbus-eth1-mainnet-long-benchmark[2233876]: INF 2026-09-14 01:26:38.495+00:00 Imported blocks                            blockNumber=18489345 slot=7680331 blocks=18489344 txs=2144466154 mgas=162904423 bps=35.80 tps=5223 mgps=539.9 avgBps=75.29 avgTps=8732 avgMGps=663.3 elapsed=2d20h13m
Sep 14 01:30:31 nimbus-eth1-mainnet-long-benchmark[2233876]: INF 2026-09-14 01:30:31.339+00:00 Imported blocks                            blockNumber=18497537 slot=7688594 blocks=18497536 txs=2145705018 mgas=163028153 bps=35.18 tps=5320 mgps=531.4 avgBps=75.25 avgTps=8728 avgMGps=663.2 elapsed=2d20h16m
Sep 14 01:34:24 nimbus-eth1-mainnet-long-benchmark[2233876]: INF 2026-09-14 01:34:24.376+00:00 Imported blocks                            blockNumber=18505729 slot=7696861 blocks=18505728 txs=2146887370 mgas=163151747 bps=35.15 tps=5073 mgps=530.4 avgBps=75.21 avgTps=8725 avgMGps=663.1 elapsed=2d20h20m
Sep 14 01:38:05 nimbus-eth1-mainnet-long-benchmark[2233876]: INF 2026-09-14 01:38:05.528+00:00 Imported blocks                            blockNumber=18513921 slot=7705129 blocks=18513920 txs=2148120956 mgas=163275369 bps=37.04 tps=5577 mgps=559.0 avgBps=75.18 avgTps=8722 avgMGps=663.0 elapsed=2d20h24m
Sep 14 01:41:54 nimbus-eth1-mainnet-long-benchmark[2233876]: INF 2026-09-14 01:41:54.980+00:00 Imported blocks                            blockNumber=18522113 slot=7713386 blocks=18522112 txs=2149350982 mgas=163398995 bps=35.70 tps=5360 mgps=538.8 avgBps=75.14 avgTps=8719 avgMGps=662.9 elapsed=2d20h28m
Sep 14 01:45:40 nimbus-eth1-mainnet-long-benchmark[2233876]: INF 2026-09-14 01:45:40.157+00:00 Imported blocks                            blockNumber=18530305 slot=7721624 blocks=18530304 txs=2150574609 mgas=163522549 bps=36.38 tps=5434 mgps=548.7 avgBps=75.11 avgTps=8716 avgMGps=662.8 elapsed=2d20h32m
Sep 14 01:49:26 nimbus-eth1-mainnet-long-benchmark[2233876]: INF 2026-09-14 01:49:26.441+00:00 Imported blocks                            blockNumber=18538497 slot=7729874 blocks=18538496 txs=2151864763 mgas=163646220 bps=36.20 tps=5701 mgps=546.5 avgBps=75.07 avgTps=8713 avgMGps=662.7 elapsed=2d20h35m
Sep 14 01:53:27 nimbus-eth1-mainnet-long-benchmark[2233876]: INF 2026-09-14 01:53:27.013+00:00 Imported blocks                            blockNumber=18546689 slot=7738125 blocks=18546688 txs=2153141144 mgas=163769919 bps=34.05 tps=5305 mgps=514.2 avgBps=75.03 avgTps=8710 avgMGps=662.5 elapsed=2d20h39m
Sep 14 01:57:38 nimbus-eth1-mainnet-long-benchmark[2233876]: INF 2026-09-14 01:57:38.501+00:00 Imported blocks                            blockNumber=18554881 slot=7746382 blocks=18554880 txs=2154387156 mgas=163893653 bps=32.57 tps=4954 mgps=492.0 avgBps=74.99 avgTps=8706 avgMGps=662.3 elapsed=2d20h44m
Sep 14 02:01:21 nimbus-eth1-mainnet-long-benchmark[2233876]: INF 2026-09-14 02:01:21.030+00:00 Imported blocks                            blockNumber=18563073 slot=7754631 blocks=18563072 txs=2155633642 mgas=164017287 bps=36.81 tps=5601 mgps=555.6 avgBps=74.95 avgTps=8703 avgMGps=662.3 elapsed=2d20h47m
Sep 14 02:04:59 nimbus-eth1-mainnet-long-benchmark[2233876]: INF 2026-09-14 02:04:59.510+00:00 Imported blocks                            blockNumber=18571265 slot=7762868 blocks=18571264 txs=2156852995 mgas=164140959 bps=37.50 tps=5581 mgps=566.1 avgBps=74.92 avgTps=8701 avgMGps=662.2 elapsed=2d20h51m
Sep 14 02:08:43 nimbus-eth1-mainnet-long-benchmark[2233876]: INF 2026-09-14 02:08:43.806+00:00 Imported blocks                            blockNumber=18579457 slot=7771127 blocks=18579456 txs=2158086803 mgas=164264504 bps=36.52 tps=5500 mgps=550.8 avgBps=74.88 avgTps=8698 avgMGps=662.1 elapsed=2d20h55m
Sep 14 02:12:29 nimbus-eth1-mainnet-long-benchmark[2233876]: INF 2026-09-14 02:12:29.555+00:00 Imported blocks                            blockNumber=18587649 slot=7779363 blocks=18587648 txs=2159340993 mgas=164388154 bps=36.29 tps=5555 mgps=547.7 avgBps=74.85 avgTps=8695 avgMGps=662.0 elapsed=2d20h58m
Sep 14 02:16:17 nimbus-eth1-mainnet-long-benchmark[2233876]: INF 2026-09-14 02:16:17.931+00:00 Imported blocks                            blockNumber=18595841 slot=7787617 blocks=18595840 txs=2160585501 mgas=164511768 bps=35.87 tps=5449 mgps=541.3 avgBps=74.81 avgTps=8692 avgMGps=661.9 elapsed=2d21h2m
Sep 14 02:20:24 nimbus-eth1-mainnet-long-benchmark[2233876]: INF 2026-09-14 02:20:24.575+00:00 Imported blocks                            blockNumber=18604033 slot=7795903 blocks=18604032 txs=2161845405 mgas=164635482 bps=33.21 tps=5108 mgps=501.6 avgBps=74.77 avgTps=8688 avgMGps=661.7 elapsed=2d21h6m
Sep 14 02:24:24 nimbus-eth1-mainnet-long-benchmark[2233876]: INF 2026-09-14 02:24:24.351+00:00 Imported blocks                            blockNumber=18612225 slot=7804160 blocks=18612224 txs=2163061975 mgas=164759292 bps=34.17 tps=5073 mgps=516.4 avgBps=74.73 avgTps=8685 avgMGps=661.6 elapsed=2d21h10m
Sep 14 02:28:05 nimbus-eth1-mainnet-long-benchmark[2233876]: INF 2026-09-14 02:28:05.252+00:00 Imported blocks                            blockNumber=18620417 slot=7812425 blocks=18620416 txs=2164344396 mgas=164882973 bps=37.08 tps=5805 mgps=559.9 avgBps=74.70 avgTps=8682 avgMGps=661.5 elapsed=2d21h14m
Sep 14 02:31:44 nimbus-eth1-mainnet-long-benchmark[2233876]: INF 2026-09-14 02:31:44.984+00:00 Imported blocks                            blockNumber=18628609 slot=7820683 blocks=18628608 txs=2165634691 mgas=165006735 bps=37.28 tps=5872 mgps=563.2 avgBps=74.67 avgTps=8680 avgMGps=661.4 elapsed=2d21h18m
Sep 14 02:35:33 nimbus-eth1-mainnet-long-benchmark[2233876]: INF 2026-09-14 02:35:33.220+00:00 Imported blocks                            blockNumber=18636801 slot=7828925 blocks=18636800 txs=2166964452 mgas=165130359 bps=35.89 tps=5826 mgps=541.7 avgBps=74.63 avgTps=8677 avgMGps=661.3 elapsed=2d21h21m
Sep 14 02:39:29 nimbus-eth1-mainnet-long-benchmark[2233876]: INF 2026-09-14 02:39:29.881+00:00 Imported blocks                            blockNumber=18644993 slot=7837197 blocks=18644992 txs=2168193684 mgas=165254032 bps=34.62 tps=5194 mgps=522.6 avgBps=74.59 avgTps=8674 avgMGps=661.1 elapsed=2d21h25m
Sep 14 02:43:36 nimbus-eth1-mainnet-long-benchmark[2233876]: INF 2026-09-14 02:43:36.917+00:00 Imported blocks                            blockNumber=18653185 slot=7845459 blocks=18653184 txs=2169318515 mgas=165377755 bps=33.16 tps=4553 mgps=500.8 avgBps=74.55 avgTps=8670 avgMGps=661.0 elapsed=2d21h30m
Sep 14 02:47:49 nimbus-eth1-mainnet-long-benchmark[2233876]: INF 2026-09-14 02:47:49.597+00:00 Imported blocks                            blockNumber=18661377 slot=7853721 blocks=18661376 txs=2170460354 mgas=165501516 bps=32.42 tps=4518 mgps=489.8 avgBps=74.51 avgTps=8666 avgMGps=660.8 elapsed=2d21h34m
Sep 14 02:51:35 nimbus-eth1-mainnet-long-benchmark[2233876]: INF 2026-09-14 02:51:35.401+00:00 Imported blocks                            blockNumber=18669569 slot=7861982 blocks=18669568 txs=2171736931 mgas=165625160 bps=36.28 tps=5653 mgps=547.6 avgBps=74.48 avgTps=8663 avgMGps=660.7 elapsed=2d21h38m
Sep 14 02:55:15 nimbus-eth1-mainnet-long-benchmark[2233876]: INF 2026-09-14 02:55:15.157+00:00 Imported blocks                            blockNumber=18677761 slot=7870232 blocks=18677760 txs=2173085920 mgas=165748825 bps=37.28 tps=6138 mgps=562.7 avgBps=74.44 avgTps=8661 avgMGps=660.6 elapsed=2d21h41m
Sep 14 02:58:56 nimbus-eth1-mainnet-long-benchmark[2233876]: INF 2026-09-14 02:58:56.954+00:00 Imported blocks                            blockNumber=18685953 slot=7878487 blocks=18685952 txs=2174378178 mgas=165872440 bps=36.93 tps=5826 mgps=557.3 avgBps=74.41 avgTps=8658 avgMGps=660.5 elapsed=2d21h45m
Sep 14 03:02:30 nimbus-eth1-mainnet-long-benchmark[2233876]: INF 2026-09-14 03:02:30.706+00:00 Imported blocks                            blockNumber=18694145 slot=7886739 blocks=18694144 txs=2175659072 mgas=165996075 bps=38.32 tps=5992 mgps=578.4 avgBps=74.38 avgTps=8656 avgMGps=660.5 elapsed=2d21h48m
Sep 14 03:06:25 nimbus-eth1-mainnet-long-benchmark[2233876]: INF 2026-09-14 03:06:25.211+00:00 Imported blocks                            blockNumber=18702337 slot=7894977 blocks=18702336 txs=2177029356 mgas=166119750 bps=34.93 tps=5843 mgps=527.4 avgBps=74.34 avgTps=8653 avgMGps=660.3 elapsed=2d21h52m
Sep 14 03:10:47 nimbus-eth1-mainnet-long-benchmark[2233876]: INF 2026-09-14 03:10:47.570+00:00 Imported blocks                            blockNumber=18710529 slot=7903249 blocks=18710528 txs=2178225618 mgas=166243518 bps=31.22 tps=4559 mgps=471.8 avgBps=74.30 avgTps=8649 avgMGps=660.1 elapsed=2d21h57m
Sep 14 03:14:43 nimbus-eth1-mainnet-long-benchmark[2233876]: INF 2026-09-14 03:14:43.683+00:00 Imported blocks                            blockNumber=18718721 slot=7911506 blocks=18718720 txs=2179541026 mgas=166367219 bps=34.70 tps=5571 mgps=523.9 avgBps=74.26 avgTps=8646 avgMGps=660.0 elapsed=2d22h1m
Sep 14 03:18:43 nimbus-eth1-mainnet-long-benchmark[2233876]: INF 2026-09-14 03:18:43.583+00:00 Imported blocks                            blockNumber=18726913 slot=7919763 blocks=18726912 txs=2180917862 mgas=166490943 bps=34.15 tps=5739 mgps=515.7 avgBps=74.22 avgTps=8643 avgMGps=659.9 elapsed=2d22h5m
Sep 14 03:22:46 nimbus-eth1-mainnet-long-benchmark[2233876]: INF 2026-09-14 03:22:46.431+00:00 Imported blocks                            blockNumber=18735105 slot=7928038 blocks=18735104 txs=2182212570 mgas=166614795 bps=33.73 tps=5331 mgps=510.0 avgBps=74.18 avgTps=8640 avgMGps=659.7 elapsed=2d22h9m
Sep 14 03:26:38 nimbus-eth1-mainnet-long-benchmark[2233876]: INF 2026-09-14 03:26:38.663+00:00 Imported blocks                            blockNumber=18743297 slot=7936310 blocks=18743296 txs=2183592722 mgas=166738388 bps=35.28 tps=5943 mgps=532.2 avgBps=74.15 avgTps=8638 avgMGps=659.6 elapsed=2d22h13m
Sep 14 03:30:55 nimbus-eth1-mainnet-long-benchmark[2233876]: INF 2026-09-14 03:30:55.403+00:00 Imported blocks                            blockNumber=18751489 slot=7944586 blocks=18751488 txs=2184886961 mgas=166862181 bps=31.91 tps=5041 mgps=482.2 avgBps=74.10 avgTps=8634 avgMGps=659.4 elapsed=2d22h17m
Sep 14 03:35:15 nimbus-eth1-mainnet-long-benchmark[2233876]: INF 2026-09-14 03:35:15.199+00:00 Imported blocks                            blockNumber=18759681 slot=7952835 blocks=18759680 txs=2186173665 mgas=166985947 bps=31.53 tps=4952 mgps=476.4 avgBps=74.06 avgTps=8630 avgMGps=659.2 elapsed=2d22h21m
Sep 14 03:39:22 nimbus-eth1-mainnet-long-benchmark[2233876]: INF 2026-09-14 03:39:22.507+00:00 Imported blocks                            blockNumber=18767873 slot=7961090 blocks=18767872 txs=2187407500 mgas=167109819 bps=33.12 tps=4989 mgps=500.9 avgBps=74.02 avgTps=8627 avgMGps=659.1 elapsed=2d22h25m
Sep 14 03:43:30 nimbus-eth1-mainnet-long-benchmark[2233876]: INF 2026-09-14 03:43:30.483+00:00 Imported blocks                            blockNumber=18776065 slot=7969343 blocks=18776064 txs=2188612541 mgas=167233806 bps=33.04 tps=4859 mgps=500.0 avgBps=73.98 avgTps=8623 avgMGps=658.9 elapsed=2d22h29m
Sep 14 03:47:29 nimbus-eth1-mainnet-long-benchmark[2233876]: INF 2026-09-14 03:47:29.551+00:00 Imported blocks                            blockNumber=18784257 slot=7977613 blocks=18784256 txs=2189923353 mgas=167357739 bps=34.27 tps=5482 mgps=518.4 avgBps=73.94 avgTps=8620 avgMGps=658.8 elapsed=2d22h33m
Sep 14 03:51:15 nimbus-eth1-mainnet-long-benchmark[2233876]: INF 2026-09-14 03:51:15.107+00:00 Imported blocks                            blockNumber=18792449 slot=7985880 blocks=18792448 txs=2191295084 mgas=167481475 bps=36.32 tps=6081 mgps=548.6 avgBps=73.91 avgTps=8618 avgMGps=658.7 elapsed=2d22h37m
Sep 14 03:54:54 nimbus-eth1-mainnet-long-benchmark[2233876]: INF 2026-09-14 03:54:54.596+00:00 Imported blocks                            blockNumber=18800641 slot=7994181 blocks=18800640 txs=2192526576 mgas=167605452 bps=37.32 tps=5610 mgps=564.8 avgBps=73.88 avgTps=8615 avgMGps=658.6 elapsed=2d22h41m
Sep 14 03:59:32 nimbus-eth1-mainnet-long-benchmark[2233876]: INF 2026-09-14 03:59:32.371+00:00 Imported blocks                            blockNumber=18808833 slot=8002461 blocks=18808832 txs=2193766458 mgas=167729319 bps=29.49 tps=4463 mgps=445.9 avgBps=73.83 avgTps=8611 avgMGps=658.4 elapsed=2d22h45m
Sep 14 04:03:25 nimbus-eth1-mainnet-long-benchmark[2233876]: INF 2026-09-14 04:03:25.056+00:00 Imported blocks                            blockNumber=18817025 slot=8010724 blocks=18817024 txs=2195061167 mgas=167853055 bps=35.21 tps=5564 mgps=531.8 avgBps=73.80 avgTps=8608 avgMGps=658.3 elapsed=2d22h49m
Sep 14 04:07:22 nimbus-eth1-mainnet-long-benchmark[2233876]: INF 2026-09-14 04:07:22.008+00:00 Imported blocks                            blockNumber=18825217 slot=8019018 blocks=18825216 txs=2196394427 mgas=167976901 bps=34.57 tps=5626 mgps=522.7 avgBps=73.76 avgTps=8605 avgMGps=658.1 elapsed=2d22h53m
Sep 14 04:11:17 nimbus-eth1-mainnet-long-benchmark[2233876]: INF 2026-09-14 04:11:17.592+00:00 Imported blocks                            blockNumber=18833409 slot=8027303 blocks=18833408 txs=2197869770 mgas=168100649 bps=34.77 tps=6262 mgps=525.3 avgBps=73.72 avgTps=8603 avgMGps=658.0 elapsed=2d22h57m
Sep 14 04:15:23 nimbus-eth1-mainnet-long-benchmark[2233876]: INF 2026-09-14 04:15:23.476+00:00 Imported blocks                            blockNumber=18841601 slot=8035559 blocks=18841600 txs=2199254264 mgas=168224338 bps=33.32 tps=5630 mgps=503.0 avgBps=73.68 avgTps=8600 avgMGps=657.9 elapsed=2d23h1m
Sep 14 04:19:42 nimbus-eth1-mainnet-long-benchmark[2233876]: INF 2026-09-14 04:19:42.252+00:00 Imported blocks                            blockNumber=18849793 slot=8043832 blocks=18849792 txs=2200577854 mgas=168347958 bps=31.66 tps=5114 mgps=477.7 avgBps=73.64 avgTps=8597 avgMGps=657.7 elapsed=2d23h6m
Sep 14 04:24:04 nimbus-eth1-mainnet-long-benchmark[2233876]: INF 2026-09-14 04:24:04.872+00:00 Imported blocks                            blockNumber=18857985 slot=8052126 blocks=18857984 txs=2201892453 mgas=168471629 bps=31.19 tps=5005 mgps=470.9 avgBps=73.60 avgTps=8593 avgMGps=657.5 elapsed=2d23h10m
Sep 14 04:28:28 nimbus-eth1-mainnet-long-benchmark[2233876]: INF 2026-09-14 04:28:28.344+00:00 Imported blocks                            blockNumber=18866177 slot=8060419 blocks=18866176 txs=2203165647 mgas=168595287 bps=31.09 tps=4832 mgps=469.3 avgBps=73.55 avgTps=8589 avgMGps=657.3 elapsed=2d23h14m
Sep 14 04:32:50 nimbus-eth1-mainnet-long-benchmark[2233876]: INF 2026-09-14 04:32:50.363+00:00 Imported blocks                            blockNumber=18874369 slot=8068684 blocks=18874368 txs=2204442979 mgas=168718999 bps=31.26 tps=4874 mgps=472.1 avgBps=73.51 avgTps=8585 avgMGps=657.1 elapsed=2d23h19m
Sep 14 04:36:50 nimbus-eth1-mainnet-long-benchmark[2233876]: INF 2026-09-14 04:36:50.883+00:00 Imported blocks                            blockNumber=18882561 slot=8076974 blocks=18882560 txs=2205764914 mgas=168842657 bps=34.06 tps=5496 mgps=514.1 avgBps=73.47 avgTps=8582 avgMGps=657.0 elapsed=2d23h23m
Sep 14 04:40:48 nimbus-eth1-mainnet-long-benchmark[2233876]: INF 2026-09-14 04:40:48.792+00:00 Imported blocks                            blockNumber=18890753 slot=8085252 blocks=18890752 txs=2207097259 mgas=168966193 bps=34.43 tps=5600 mgps=519.3 avgBps=73.44 avgTps=8580 avgMGps=656.9 elapsed=2d23h27m
Sep 14 04:45:08 nimbus-eth1-mainnet-long-benchmark[2233876]: INF 2026-09-14 04:45:08.088+00:00 Imported blocks                            blockNumber=18898945 slot=8093563 blocks=18898944 txs=2208345629 mgas=169089933 bps=31.59 tps=4814 mgps=477.2 avgBps=73.40 avgTps=8576 avgMGps=656.7 elapsed=2d23h31m
Sep 14 04:49:38 nimbus-eth1-mainnet-long-benchmark[2233876]: INF 2026-09-14 04:49:38.227+00:00 Imported blocks                            blockNumber=18907137 slot=8101832 blocks=18907136 txs=2209598858 mgas=169213661 bps=30.32 tps=4639 mgps=458.0 avgBps=73.35 avgTps=8572 avgMGps=656.5 elapsed=2d23h36m
Sep 14 04:54:22 nimbus-eth1-mainnet-long-benchmark[2233876]: INF 2026-09-14 04:54:22.559+00:00 Imported blocks                            blockNumber=18915329 slot=8110114 blocks=18915328 txs=2210865453 mgas=169337442 bps=28.81 tps=4454 mgps=435.3 avgBps=73.30 avgTps=8567 avgMGps=656.2 elapsed=2d23h40m
Sep 14 04:58:27 nimbus-eth1-mainnet-long-benchmark[2233876]: INF 2026-09-14 04:58:27.831+00:00 Imported blocks                            blockNumber=18923521 slot=8118398 blocks=18923520 txs=2212153829 mgas=169461077 bps=33.40 tps=5252 mgps=504.1 avgBps=73.26 avgTps=8564 avgMGps=656.1 elapsed=2d23h44m
Sep 14 05:02:25 nimbus-eth1-mainnet-long-benchmark[2233876]: INF 2026-09-14 05:02:25.851+00:00 Imported blocks                            blockNumber=18931713 slot=8126667 blocks=18931712 txs=2213406640 mgas=169584783 bps=34.42 tps=5263 mgps=519.7 avgBps=73.23 avgTps=8561 avgMGps=656.0 elapsed=2d23h48m
Sep 14 05:06:34 nimbus-eth1-mainnet-long-benchmark[2233876]: INF 2026-09-14 05:06:34.271+00:00 Imported blocks                            blockNumber=18939905 slot=8134951 blocks=18939904 txs=2214671387 mgas=169708468 bps=32.98 tps=5091 mgps=497.9 avgBps=73.19 avgTps=8558 avgMGps=655.8 elapsed=2d23h52m
Sep 14 05:10:53 nimbus-eth1-mainnet-long-benchmark[2233876]: INF 2026-09-14 05:10:53.047+00:00 Imported blocks                            blockNumber=18948097 slot=8143260 blocks=18948096 txs=2215876354 mgas=169832283 bps=31.66 tps=4656 mgps=478.5 avgBps=73.15 avgTps=8554 avgMGps=655.6 elapsed=2d23h57m
Sep 14 05:15:12 nimbus-eth1-mainnet-long-benchmark[2233876]: INF 2026-09-14 05:15:12.650+00:00 Imported blocks                            blockNumber=18956289 slot=8151644 blocks=18956288 txs=2217037891 mgas=169956495 bps=31.56 tps=4474 mgps=478.5 avgBps=73.11 avgTps=8550 avgMGps=655.4 elapsed=3d1m37s
Sep 14 05:19:34 nimbus-eth1-mainnet-long-benchmark[2233876]: INF 2026-09-14 05:19:34.290+00:00 Imported blocks                            blockNumber=18964481 slot=8159956 blocks=18964480 txs=2218294711 mgas=170080465 bps=31.31 tps=4803 mgps=473.8 avgBps=73.06 avgTps=8546 avgMGps=655.3 elapsed=3d5m59s
Sep 14 05:23:43 nimbus-eth1-mainnet-long-benchmark[2233876]: INF 2026-09-14 05:23:43.054+00:00 Imported blocks                            blockNumber=18972673 slot=8168234 blocks=18972672 txs=2219547637 mgas=170204193 bps=32.93 tps=5036 mgps=497.4 avgBps=73.03 avgTps=8543 avgMGps=655.1 elapsed=3d10m8s
Sep 14 05:27:28 nimbus-eth1-mainnet-long-benchmark[2233876]: INF 2026-09-14 05:27:28.035+00:00 Imported blocks                            blockNumber=18980865 slot=8176488 blocks=18980864 txs=2220963030 mgas=170328052 bps=36.41 tps=6291 mgps=550.5 avgBps=72.99 avgTps=8541 avgMGps=655.0 elapsed=3d13m53s
Sep 14 05:31:39 nimbus-eth1-mainnet-long-benchmark[2233876]: INF 2026-09-14 05:31:39.415+00:00 Imported blocks                            blockNumber=18989057 slot=8184767 blocks=18989056 txs=2222341145 mgas=170451721 bps=32.59 tps=5482 mgps=492.0 avgBps=72.95 avgTps=8538 avgMGps=654.9 elapsed=3d18m4s
Sep 14 05:35:44 nimbus-eth1-mainnet-long-benchmark[2233876]: INF 2026-09-14 05:35:44.595+00:00 Imported blocks                            blockNumber=18997249 slot=8193014 blocks=18997248 txs=2223726543 mgas=170575485 bps=33.41 tps=5650 mgps=504.8 avgBps=72.92 avgTps=8535 avgMGps=654.7 elapsed=3d22m9s
Sep 14 05:39:18 nimbus-eth1-mainnet-long-benchmark[2233876]: INF 2026-09-14 05:39:18.595+00:00 Imported blocks                            blockNumber=19005441 slot=8201259 blocks=19005440 txs=2225771358 mgas=170699310 bps=38.28 tps=9554 mgps=578.6 avgBps=72.89 avgTps=8536 avgMGps=654.7 elapsed=3d25m43s
Sep 14 05:43:18 nimbus-eth1-mainnet-long-benchmark[2233876]: INF 2026-09-14 05:43:18.471+00:00 Imported blocks                            blockNumber=19013633 slot=8209499 blocks=19013632 txs=2227225806 mgas=170822980 bps=34.15 tps=6063 mgps=515.6 avgBps=72.85 avgTps=8533 avgMGps=654.5 elapsed=3d29m43s
Sep 14 05:46:55 nimbus-eth1-mainnet-long-benchmark[2233876]: INF 2026-09-14 05:46:55.796+00:00 Imported blocks                            blockNumber=19021825 slot=8217728 blocks=19021824 txs=2228644711 mgas=170946634 bps=37.69 tps=6528 mgps=569.0 avgBps=72.82 avgTps=8532 avgMGps=654.5 elapsed=3d33m20s
Sep 14 05:50:33 nimbus-eth1-mainnet-long-benchmark[2233876]: INF 2026-09-14 05:50:33.240+00:00 Imported blocks                            blockNumber=19030017 slot=8225983 blocks=19030016 txs=2230012840 mgas=171070417 bps=37.67 tps=6291 mgps=569.3 avgBps=72.80 avgTps=8530 avgMGps=654.4 elapsed=3d36m58s
Sep 14 05:54:20 nimbus-eth1-mainnet-long-benchmark[2233876]: INF 2026-09-14 05:54:20.881+00:00 Imported blocks                            blockNumber=19038209 slot=8234228 blocks=19038208 txs=2231384179 mgas=171194081 bps=35.99 tps=6024 mgps=543.2 avgBps=72.76 avgTps=8528 avgMGps=654.3 elapsed=3d40m45s
Sep 14 05:58:30 nimbus-eth1-mainnet-long-benchmark[2233876]: INF 2026-09-14 05:58:30.221+00:00 Imported blocks                            blockNumber=19046401 slot=8242460 blocks=19046400 txs=2232689168 mgas=171317782 bps=32.85 tps=5233 mgps=496.1 avgBps=72.73 avgTps=8525 avgMGps=654.1 elapsed=3d44m55s
Sep 14 06:02:54 nimbus-eth1-mainnet-long-benchmark[2233876]: INF 2026-09-14 06:02:54.240+00:00 Imported blocks                            blockNumber=19054593 slot=8250694 blocks=19054592 txs=2233920522 mgas=171441549 bps=31.03 tps=4663 mgps=468.8 avgBps=72.68 avgTps=8521 avgMGps=654.0 elapsed=3d49m19s
Sep 14 06:07:10 nimbus-eth1-mainnet-long-benchmark[2233876]: INF 2026-09-14 06:07:10.460+00:00 Imported blocks                            blockNumber=19062785 slot=8259059 blocks=19062784 txs=2235196765 mgas=171565365 bps=31.97 tps=4981 mgps=483.2 avgBps=72.64 avgTps=8517 avgMGps=653.8 elapsed=3d53m35s
Sep 14 06:11:27 nimbus-eth1-mainnet-long-benchmark[2233876]: INF 2026-09-14 06:11:27.704+00:00 Imported blocks                            blockNumber=19070977 slot=8267362 blocks=19070976 txs=2236455881 mgas=171689192 bps=31.85 tps=4894 mgps=481.4 avgBps=72.60 avgTps=8514 avgMGps=653.6 elapsed=3d57m52s
Sep 14 06:15:38 nimbus-eth1-mainnet-long-benchmark[2233876]: INF 2026-09-14 06:15:38.220+00:00 Imported blocks                            blockNumber=19079169 slot=8275635 blocks=19079168 txs=2237700457 mgas=171812883 bps=32.70 tps=4968 mgps=493.7 avgBps=72.57 avgTps=8510 avgMGps=653.5 elapsed=3d1h2m
Sep 14 06:19:30 nimbus-eth1-mainnet-long-benchmark[2233876]: INF 2026-09-14 06:19:30.924+00:00 Imported blocks                            blockNumber=19087361 slot=8283896 blocks=19087360 txs=2239033895 mgas=171936716 bps=35.20 tps=5730 mgps=532.1 avgBps=72.53 avgTps=8508 avgMGps=653.4 elapsed=3d1h5m
Sep 14 06:23:31 nimbus-eth1-mainnet-long-benchmark[2233876]: INF 2026-09-14 06:23:31.985+00:00 Imported blocks                            blockNumber=19095553 slot=8292156 blocks=19095552 txs=2240373461 mgas=172060408 bps=33.98 tps=5557 mgps=513.1 avgBps=72.50 avgTps=8505 avgMGps=653.2 elapsed=3d1h9m
Sep 14 06:27:47 nimbus-eth1-mainnet-long-benchmark[2233876]: INF 2026-09-14 06:27:47.892+00:00 Imported blocks                            blockNumber=19103745 slot=8300438 blocks=19103744 txs=2241694560 mgas=172184257 bps=32.01 tps=5162 mgps=484.0 avgBps=72.46 avgTps=8502 avgMGps=653.1 elapsed=3d1h14m
Sep 14 06:32:10 nimbus-eth1-mainnet-long-benchmark[2233876]: INF 2026-09-14 06:32:10.300+00:00 Imported blocks                            blockNumber=19111937 slot=8308689 blocks=19111936 txs=2242955497 mgas=172308050 bps=31.22 tps=4805 mgps=471.8 avgBps=72.42 avgTps=8498 avgMGps=652.9 elapsed=3d1h18m
Sep 14 06:36:08 nimbus-eth1-mainnet-long-benchmark[2233876]: INF 2026-09-14 06:36:08.968+00:00 Imported blocks                            blockNumber=19120129 slot=8316948 blocks=19120128 txs=2244315348 mgas=172431865 bps=34.32 tps=5697 mgps=518.8 avgBps=72.38 avgTps=8496 avgMGps=652.8 elapsed=3d1h22m
Sep 14 06:40:01 nimbus-eth1-mainnet-long-benchmark[2233876]: INF 2026-09-14 06:40:01.997+00:00 Imported blocks                            blockNumber=19128321 slot=8325217 blocks=19128320 txs=2245630108 mgas=172555532 bps=35.15 tps=5642 mgps=530.7 avgBps=72.35 avgTps=8493 avgMGps=652.7 elapsed=3d1h26m
Sep 14 06:43:47 nimbus-eth1-mainnet-long-benchmark[2233876]: INF 2026-09-14 06:43:47.105+00:00 Imported blocks                            blockNumber=19136513 slot=8333493 blocks=19136512 txs=2246935356 mgas=172679479 bps=36.39 tps=5798 mgps=550.6 avgBps=72.32 avgTps=8491 avgMGps=652.6 elapsed=3d1h30m
Sep 14 06:47:40 nimbus-eth1-mainnet-long-benchmark[2233876]: INF 2026-09-14 06:47:40.337+00:00 Imported blocks                            blockNumber=19144705 slot=8341773 blocks=19144704 txs=2248201459 mgas=172803583 bps=35.12 tps=5428 mgps=532.1 avgBps=72.29 avgTps=8488 avgMGps=652.5 elapsed=3d1h34m
Sep 14 06:51:51 nimbus-eth1-mainnet-long-benchmark[2233876]: INF 2026-09-14 06:51:51.721+00:00 Imported blocks                            blockNumber=19152897 slot=8350064 blocks=19152896 txs=2249399552 mgas=172927701 bps=32.59 tps=4766 mgps=493.7 avgBps=72.25 avgTps=8485 avgMGps=652.3 elapsed=3d1h38m
Sep 14 06:56:07 nimbus-eth1-mainnet-long-benchmark[2233876]: INF 2026-09-14 06:56:07.589+00:00 Imported blocks                            blockNumber=19161089 slot=8358344 blocks=19161088 txs=2250630011 mgas=173051908 bps=32.02 tps=4808 mgps=485.4 avgBps=72.21 avgTps=8481 avgMGps=652.2 elapsed=3d1h42m
Sep 14 06:59:49 nimbus-eth1-mainnet-long-benchmark[2233876]: INF 2026-09-14 06:59:49.518+00:00 Imported blocks                            blockNumber=19169281 slot=8366622 blocks=19169280 txs=2251872448 mgas=173176031 bps=36.91 tps=5598 mgps=559.3 avgBps=72.18 avgTps=8479 avgMGps=652.1 elapsed=3d1h46m
Sep 14 07:03:24 nimbus-eth1-mainnet-long-benchmark[2233876]: INF 2026-09-14 07:03:24.886+00:00 Imported blocks                            blockNumber=19177473 slot=8374907 blocks=19177472 txs=2253213177 mgas=173300020 bps=38.04 tps=6225 mgps=575.7 avgBps=72.15 avgTps=8477 avgMGps=652.0 elapsed=3d1h49m
Sep 14 07:06:50 nimbus-eth1-mainnet-long-benchmark[2233876]: INF 2026-09-14 07:06:50.495+00:00 Imported blocks                            blockNumber=19185665 slot=8383182 blocks=19185664 txs=2254449937 mgas=173423990 bps=39.84 tps=6015 mgps=602.9 avgBps=72.13 avgTps=8475 avgMGps=652.0 elapsed=3d1h53m
Sep 14 07:10:03 nimbus-eth1-mainnet-long-benchmark[2233876]: INF 2026-09-14 07:10:03.528+00:00 Imported blocks                            blockNumber=19193857 slot=8391454 blocks=19193856 txs=2255672547 mgas=173547797 bps=42.44 tps=6333 mgps=641.4 avgBps=72.11 avgTps=8473 avgMGps=652.0 elapsed=3d1h56m
Sep 14 07:13:44 nimbus-eth1-mainnet-long-benchmark[2233876]: INF 2026-09-14 07:13:44.456+00:00 Imported blocks                            blockNumber=19202049 slot=8399735 blocks=19202048 txs=2256838202 mgas=173671929 bps=37.08 tps=5276 mgps=561.9 avgBps=72.08 avgTps=8471 avgMGps=651.9 elapsed=3d2h9s
Sep 14 07:17:48 nimbus-eth1-mainnet-long-benchmark[2233876]: INF 2026-09-14 07:17:48.936+00:00 Imported blocks                            blockNumber=19210241 slot=8408023 blocks=19210240 txs=2257979168 mgas=173796203 bps=33.51 tps=4666 mgps=508.3 avgBps=72.04 avgTps=8467 avgMGps=651.8 elapsed=3d2h4m
Sep 14 07:21:53 nimbus-eth1-mainnet-long-benchmark[2233876]: INF 2026-09-14 07:21:53.328+00:00 Imported blocks                            blockNumber=19218433 slot=8416275 blocks=19218432 txs=2259160264 mgas=173920498 bps=33.52 tps=4832 mgps=508.6 avgBps=72.01 avgTps=8464 avgMGps=651.6 elapsed=3d2h8m
Sep 14 07:25:51 nimbus-eth1-mainnet-long-benchmark[2233876]: INF 2026-09-14 07:25:51.705+00:00 Imported blocks                            blockNumber=19226625 slot=8424566 blocks=19226624 txs=2260457947 mgas=174044765 bps=34.37 tps=5443 mgps=521.3 avgBps=71.97 avgTps=8461 avgMGps=651.5 elapsed=3d2h12m
Sep 14 07:29:51 nimbus-eth1-mainnet-long-benchmark[2233876]: INF 2026-09-14 07:29:51.421+00:00 Imported blocks                            blockNumber=19234817 slot=8432837 blocks=19234816 txs=2261776970 mgas=174168860 bps=34.17 tps=5502 mgps=517.7 avgBps=71.94 avgTps=8459 avgMGps=651.4 elapsed=3d2h16m
Sep 14 07:33:42 nimbus-eth1-mainnet-long-benchmark[2233876]: INF 2026-09-14 07:33:42.269+00:00 Imported blocks                            blockNumber=19243009 slot=8441120 blocks=19243008 txs=2263137297 mgas=174292771 bps=35.49 tps=5892 mgps=536.8 avgBps=71.91 avgTps=8456 avgMGps=651.3 elapsed=3d2h20m
Sep 14 07:38:01 nimbus-eth1-mainnet-long-benchmark[2233876]: INF 2026-09-14 07:38:01.549+00:00 Imported blocks                            blockNumber=19251201 slot=8449406 blocks=19251200 txs=2264389316 mgas=174416888 bps=31.60 tps=4828 mgps=478.7 avgBps=71.87 avgTps=8453 avgMGps=651.1 elapsed=3d2h24m
Sep 14 07:42:08 nimbus-eth1-mainnet-long-benchmark[2233876]: INF 2026-09-14 07:42:08.345+00:00 Imported blocks                            blockNumber=19259393 slot=8457720 blocks=19259392 txs=2265649650 mgas=174541030 bps=33.19 tps=5106 mgps=503.0 avgBps=71.83 avgTps=8450 avgMGps=651.0 elapsed=3d2h28m
Sep 14 07:46:15 nimbus-eth1-mainnet-long-benchmark[2233876]: INF 2026-09-14 07:46:15.589+00:00 Imported blocks                            blockNumber=19267585 slot=8465991 blocks=19267584 txs=2266965693 mgas=174665084 bps=33.13 tps=5322 mgps=501.7 avgBps=71.80 avgTps=8447 avgMGps=650.9 elapsed=3d2h32m
Sep 14 07:50:06 nimbus-eth1-mainnet-long-benchmark[2233876]: INF 2026-09-14 07:50:06.649+00:00 Imported blocks                            blockNumber=19275777 slot=8474282 blocks=19275776 txs=2268274862 mgas=174789102 bps=35.45 tps=5665 mgps=536.7 avgBps=71.77 avgTps=8445 avgMGps=650.8 elapsed=3d2h36m
Sep 14 07:53:48 nimbus-eth1-mainnet-long-benchmark[2233876]: INF 2026-09-14 07:53:48.682+00:00 Imported blocks                            blockNumber=19283969 slot=8482572 blocks=19283968 txs=2269550703 mgas=174913172 bps=36.90 tps=5746 mgps=558.8 avgBps=71.74 avgTps=8442 avgMGps=650.7 elapsed=3d2h40m
Sep 14 07:57:23 nimbus-eth1-mainnet-long-benchmark[2233876]: INF 2026-09-14 07:57:23.990+00:00 Imported blocks                            blockNumber=19292161 slot=8490824 blocks=19292160 txs=2270856276 mgas=175037241 bps=38.05 tps=6063 mgps=576.2 avgBps=71.71 avgTps=8440 avgMGps=650.6 elapsed=3d2h43m
Sep 14 08:01:26 nimbus-eth1-mainnet-long-benchmark[2233876]: INF 2026-09-14 08:01:26.062+00:00 Imported blocks                            blockNumber=19300353 slot=8499067 blocks=19300352 txs=2272112489 mgas=175161469 bps=33.84 tps=5189 mgps=513.2 avgBps=71.68 avgTps=8438 avgMGps=650.5 elapsed=3d2h47m
Sep 14 08:05:41 nimbus-eth1-mainnet-long-benchmark[2233876]: INF 2026-09-14 08:05:41.502+00:00 Imported blocks                            blockNumber=19308545 slot=8507317 blocks=19308544 txs=2273375716 mgas=175285724 bps=32.07 tps=4945 mgps=486.4 avgBps=71.64 avgTps=8434 avgMGps=650.3 elapsed=3d2h52m
Sep 14 08:09:39 nimbus-eth1-mainnet-long-benchmark[2233876]: INF 2026-09-14 08:09:39.262+00:00 Imported blocks                            blockNumber=19316737 slot=8515576 blocks=19316736 txs=2274748388 mgas=175409863 bps=34.45 tps=5773 mgps=522.1 avgBps=71.61 avgTps=8432 avgMGps=650.2 elapsed=3d2h56m
Sep 14 08:13:38 nimbus-eth1-mainnet-long-benchmark[2233876]: INF 2026-09-14 08:13:38.243+00:00 Imported blocks                            blockNumber=19324929 slot=8523827 blocks=19324928 txs=2276131833 mgas=175534094 bps=34.28 tps=5788 mgps=519.8 avgBps=71.57 avgTps=8430 avgMGps=650.1 elapsed=3d3h3s
Sep 14 08:17:32 nimbus-eth1-mainnet-long-benchmark[2233876]: INF 2026-09-14 08:17:32.747+00:00 Imported blocks                            blockNumber=19333121 slot=8532090 blocks=19333120 txs=2277560132 mgas=175658166 bps=34.93 tps=6090 mgps=529.1 avgBps=71.54 avgTps=8427 avgMGps=650.0 elapsed=3d3h3m
Sep 14 08:21:30 nimbus-eth1-mainnet-long-benchmark[2233876]: INF 2026-09-14 08:21:30.335+00:00 Imported blocks                            blockNumber=19341313 slot=8540334 blocks=19341312 txs=2278938368 mgas=175782397 bps=34.48 tps=5800 mgps=522.9 avgBps=71.51 avgTps=8425 avgMGps=649.9 elapsed=3d3h7m
Sep 14 08:25:31 nimbus-eth1-mainnet-long-benchmark[2233876]: INF 2026-09-14 08:25:31.171+00:00 Imported blocks                            blockNumber=19349505 slot=8548571 blocks=19349504 txs=2280341697 mgas=175906670 bps=34.01 tps=5826 mgps=516.0 avgBps=71.48 avgTps=8423 avgMGps=649.8 elapsed=3d3h11m
Sep 14 08:29:47 nimbus-eth1-mainnet-long-benchmark[2233876]: INF 2026-09-14 08:29:47.759+00:00 Imported blocks                            blockNumber=19357697 slot=8556815 blocks=19357696 txs=2281702043 mgas=176031059 bps=31.93 tps=5301 mgps=484.8 avgBps=71.44 avgTps=8420 avgMGps=649.6 elapsed=3d3h16m
Sep 14 08:33:43 nimbus-eth1-mainnet-long-benchmark[2233876]: INF 2026-09-14 08:33:43.043+00:00 Imported blocks                            blockNumber=19365889 slot=8565049 blocks=19365888 txs=2283153581 mgas=176155271 bps=34.82 tps=6169 mgps=527.9 avgBps=71.41 avgTps=8418 avgMGps=649.5 elapsed=3d3h20m
Sep 14 08:37:39 nimbus-eth1-mainnet-long-benchmark[2233876]: INF 2026-09-14 08:37:39.767+00:00 Imported blocks                            blockNumber=19374081 slot=8573279 blocks=19374080 txs=2284609889 mgas=176279459 bps=34.61 tps=6151 mgps=524.6 avgBps=71.37 avgTps=8416 avgMGps=649.4 elapsed=3d3h24m
Sep 14 08:41:30 nimbus-eth1-mainnet-long-benchmark[2233876]: INF 2026-09-14 08:41:30.020+00:00 Imported blocks                            blockNumber=19382273 slot=8581515 blocks=19382272 txs=2286000293 mgas=176403461 bps=35.58 tps=6038 mgps=538.6 avgBps=71.34 avgTps=8414 avgMGps=649.3 elapsed=3d3h27m
Sep 14 08:45:21 nimbus-eth1-mainnet-long-benchmark[2233876]: INF 2026-09-14 08:45:21.444+00:00 Imported blocks                            blockNumber=19390465 slot=8589756 blocks=19390464 txs=2287406625 mgas=176527644 bps=35.40 tps=6076 mgps=536.6 avgBps=71.31 avgTps=8412 avgMGps=649.2 elapsed=3d3h31m
Sep 14 08:49:21 nimbus-eth1-mainnet-long-benchmark[2233876]: INF 2026-09-14 08:49:20.996+00:00 Imported blocks                            blockNumber=19398657 slot=8598061 blocks=19398656 txs=2288782968 mgas=176651943 bps=34.20 tps=5745 mgps=518.9 avgBps=71.28 avgTps=8410 avgMGps=649.1 elapsed=3d3h35m
Sep 14 08:53:25 nimbus-eth1-mainnet-long-benchmark[2233876]: INF 2026-09-14 08:53:25.484+00:00 Imported blocks                            blockNumber=19406849 slot=8606304 blocks=19406848 txs=2290106221 mgas=176776146 bps=33.51 tps=5412 mgps=508.0 avgBps=71.25 avgTps=8407 avgMGps=649.0 elapsed=3d3h39m
Sep 14 08:57:23 nimbus-eth1-mainnet-long-benchmark[2233876]: INF 2026-09-14 08:57:23.072+00:00 Imported blocks                            blockNumber=19415041 slot=8614553 blocks=19415040 txs=2291516046 mgas=176900331 bps=34.48 tps=5933 mgps=522.7 avgBps=71.21 avgTps=8405 avgMGps=648.9 elapsed=3d3h43m
Sep 14 09:01:24 nimbus-eth1-mainnet-long-benchmark[2233876]: INF 2026-09-14 09:01:24.253+00:00 Imported blocks                            blockNumber=19423233 slot=8622797 blocks=19423232 txs=2292923058 mgas=177024522 bps=33.97 tps=5833 mgps=514.9 avgBps=71.18 avgTps=8403 avgMGps=648.8 elapsed=3d3h47m
Sep 14 09:05:26 nimbus-eth1-mainnet-long-benchmark[2233876]: INF 2026-09-14 09:05:26.673+00:00 Imported blocks                            blockNumber=19431425 slot=8631094 blocks=19431424 txs=2294402074 mgas=177148966 bps=33.79 tps=6101 mgps=513.3 avgBps=71.15 avgTps=8400 avgMGps=648.6 elapsed=3d3h51m
Sep 14 09:09:43 nimbus-eth1-mainnet-long-benchmark[2233876]: INF 2026-09-14 09:09:43.097+00:00 Imported blocks                            blockNumber=19439617 slot=8639405 blocks=19439616 txs=2295896268 mgas=177273565 bps=31.95 tps=5827 mgps=485.9 avgBps=71.11 avgTps=8398 avgMGps=648.5 elapsed=3d3h56m
Sep 14 09:14:13 nimbus-eth1-mainnet-long-benchmark[2233876]: INF 2026-09-14 09:14:13.840+00:00 Imported blocks                            blockNumber=19447809 slot=8647696 blocks=19447808 txs=2297421957 mgas=177398219 bps=30.26 tps=5635 mgps=460.4 avgBps=71.07 avgTps=8395 avgMGps=648.3 elapsed=3d4h38s
Sep 14 09:18:58 nimbus-eth1-mainnet-long-benchmark[2233876]: INF 2026-09-14 09:18:58.636+00:00 Imported blocks                            blockNumber=19456001 slot=8655991 blocks=19456000 txs=2298822192 mgas=177522966 bps=28.76 tps=4916 mgps=438.0 avgBps=71.03 avgTps=8392 avgMGps=648.1 elapsed=3d4h5m
Sep 14 09:23:27 nimbus-eth1-mainnet-long-benchmark[2233876]: INF 2026-09-14 09:23:27.755+00:00 Imported blocks                            blockNumber=19464193 slot=8664284 blocks=19464192 txs=2300285265 mgas=177647675 bps=30.44 tps=5436 mgps=463.4 avgBps=70.99 avgTps=8389 avgMGps=647.9 elapsed=3d4h9m
Sep 14 09:27:35 nimbus-eth1-mainnet-long-benchmark[2233876]: INF 2026-09-14 09:27:35.651+00:00 Imported blocks                            blockNumber=19472385 slot=8672573 blocks=19472384 txs=2301852852 mgas=177772168 bps=33.05 tps=6323 mgps=502.2 avgBps=70.95 avgTps=8387 avgMGps=647.8 elapsed=3d4h14m
Sep 14 09:31:49 nimbus-eth1-mainnet-long-benchmark[2233876]: INF 2026-09-14 09:31:49.511+00:00 Imported blocks                            blockNumber=19480577 slot=8680848 blocks=19480576 txs=2303422834 mgas=177896844 bps=32.27 tps=6184 mgps=491.1 avgBps=70.92 avgTps=8385 avgMGps=647.6 elapsed=3d4h18m
Sep 14 09:36:12 nimbus-eth1-mainnet-long-benchmark[2233876]: INF 2026-09-14 09:36:12.123+00:00 Imported blocks                            blockNumber=19488769 slot=8689133 blocks=19488768 txs=2304942144 mgas=178021486 bps=31.19 tps=5785 mgps=474.6 avgBps=70.88 avgTps=8382 avgMGps=647.5 elapsed=3d4h22m
Sep 14 09:40:38 nimbus-eth1-mainnet-long-benchmark[2233876]: INF 2026-09-14 09:40:38.379+00:00 Imported blocks                            blockNumber=19496961 slot=8697400 blocks=19496960 txs=2306475097 mgas=178146049 bps=30.77 tps=5757 mgps=467.8 avgBps=70.84 avgTps=8380 avgMGps=647.3 elapsed=3d4h27m
Sep 14 09:45:22 nimbus-eth1-mainnet-long-benchmark[2233876]: INF 2026-09-14 09:45:22.555+00:00 Imported blocks                            blockNumber=19505153 slot=8705700 blocks=19505152 txs=2307916650 mgas=178270755 bps=28.83 tps=5072 mgps=438.8 avgBps=70.80 avgTps=8376 avgMGps=647.1 elapsed=3d4h31m
Sep 14 09:49:48 nimbus-eth1-mainnet-long-benchmark[2233876]: INF 2026-09-14 09:49:48.138+00:00 Imported blocks                            blockNumber=19513345 slot=8714026 blocks=19513344 txs=2309348126 mgas=178395334 bps=30.85 tps=5389 mgps=469.1 avgBps=70.76 avgTps=8374 avgMGps=646.9 elapsed=3d4h36m
Sep 14 09:54:01 nimbus-eth1-mainnet-long-benchmark[2233876]: INF 2026-09-14 09:54:01.994+00:00 Imported blocks                            blockNumber=19521537 slot=8722316 blocks=19521536 txs=2310882729 mgas=178519653 bps=32.27 tps=6045 mgps=489.7 avgBps=70.72 avgTps=8371 avgMGps=646.7 elapsed=3d4h40m
Sep 14 09:58:09 nimbus-eth1-mainnet-long-benchmark[2233876]: INF 2026-09-14 09:58:09.070+00:00 Imported blocks                            blockNumber=19529729 slot=8730829 blocks=19529728 txs=2312387407 mgas=178643991 bps=33.16 tps=6089 mgps=503.2 avgBps=70.69 avgTps=8369 avgMGps=646.6 elapsed=3d4h44m
Sep 14 10:02:21 nimbus-eth1-mainnet-long-benchmark[2233876]: INF 2026-09-14 10:02:21.854+00:00 Imported blocks                            blockNumber=19537921 slot=8739185 blocks=19537920 txs=2313883498 mgas=178768372 bps=32.41 tps=5918 mgps=492.0 avgBps=70.65 avgTps=8367 avgMGps=646.5 elapsed=3d4h48m
Sep 14 10:06:41 nimbus-eth1-mainnet-long-benchmark[2233876]: INF 2026-09-14 10:06:41.170+00:00 Imported blocks                            blockNumber=19546113 slot=8747474 blocks=19546112 txs=2315355438 mgas=178892776 bps=31.59 tps=5676 mgps=479.7 avgBps=70.62 avgTps=8365 avgMGps=646.3 elapsed=3d4h53m
Sep 14 10:11:15 nimbus-eth1-mainnet-long-benchmark[2233876]: INF 2026-09-14 10:11:15.270+00:00 Imported blocks                            blockNumber=19554305 slot=8755777 blocks=19554304 txs=2316776897 mgas=179017187 bps=29.89 tps=5185 mgps=453.9 avgBps=70.58 avgTps=8361 avgMGps=646.1 elapsed=3d4h57m
Sep 14 10:15:39 nimbus-eth1-mainnet-long-benchmark[2233876]: INF 2026-09-14 10:15:39.466+00:00 Imported blocks                            blockNumber=19562497 slot=8764071 blocks=19562496 txs=2318226452 mgas=179141573 bps=31.01 tps=5486 mgps=470.8 avgBps=70.54 avgTps=8359 avgMGps=646.0 elapsed=3d5h2m
Sep 14 10:19:43 nimbus-eth1-mainnet-long-benchmark[2233876]: INF 2026-09-14 10:19:43.562+00:00 Imported blocks                            blockNumber=19570689 slot=8772348 blocks=19570688 txs=2319662627 mgas=179265855 bps=33.56 tps=5883 mgps=509.2 avgBps=70.51 avgTps=8357 avgMGps=645.8 elapsed=3d5h6m
Sep 14 10:23:48 nimbus-eth1-mainnet-long-benchmark[2233876]: INF 2026-09-14 10:23:48.110+00:00 Imported blocks                            blockNumber=19578881 slot=8780597 blocks=19578880 txs=2321047101 mgas=179389975 bps=33.50 tps=5661 mgps=507.5 avgBps=70.47 avgTps=8354 avgMGps=645.7 elapsed=3d5h10m
Sep 14 10:27:54 nimbus-eth1-mainnet-long-benchmark[2233876]: INF 2026-09-14 10:27:54.910+00:00 Imported blocks                            blockNumber=19587073 slot=8788850 blocks=19587072 txs=2322470845 mgas=179514208 bps=33.19 tps=5768 mgps=503.4 avgBps=70.44 avgTps=8352 avgMGps=645.6 elapsed=3d5h14m
Sep 14 10:32:13 nimbus-eth1-mainnet-long-benchmark[2233876]: INF 2026-09-14 10:32:13.098+00:00 Imported blocks                            blockNumber=19595265 slot=8797112 blocks=19595264 txs=2323882375 mgas=179638494 bps=31.73 tps=5467 mgps=481.4 avgBps=70.41 avgTps=8349 avgMGps=645.4 elapsed=3d5h18m
Sep 14 10:36:51 nimbus-eth1-mainnet-long-benchmark[2233876]: INF 2026-09-14 10:36:51.613+00:00 Imported blocks                            blockNumber=19603457 slot=8805376 blocks=19603456 txs=2325244495 mgas=179762976 bps=29.41 tps=4890 mgps=446.9 avgBps=70.36 avgTps=8346 avgMGps=645.2 elapsed=3d5h23m
Sep 14 10:41:14 nimbus-eth1-mainnet-long-benchmark[2233876]: INF 2026-09-14 10:41:14.421+00:00 Imported blocks                            blockNumber=19611649 slot=8813644 blocks=19611648 txs=2326611082 mgas=179887373 bps=31.17 tps=5199 mgps=473.3 avgBps=70.33 avgTps=8343 avgMGps=645.1 elapsed=3d5h27m
Sep 14 10:45:03 nimbus-eth1-mainnet-long-benchmark[2233876]: INF 2026-09-14 10:45:03.665+00:00 Imported blocks                            blockNumber=19619841 slot=8821912 blocks=19619840 txs=2328042386 mgas=180011676 bps=35.73 tps=6243 mgps=542.2 avgBps=70.30 avgTps=8341 avgMGps=645.0 elapsed=3d5h31m
Sep 14 10:49:16 nimbus-eth1-mainnet-long-benchmark[2233876]: INF 2026-09-14 10:49:16.689+00:00 Imported blocks                            blockNumber=19628033 slot=8830158 blocks=19628032 txs=2329425223 mgas=180135955 bps=32.38 tps=5465 mgps=491.2 avgBps=70.27 avgTps=8338 avgMGps=644.9 elapsed=3d5h35m
Sep 14 10:53:32 nimbus-eth1-mainnet-long-benchmark[2233876]: INF 2026-09-14 10:53:32.181+00:00 Imported blocks                            blockNumber=19636225 slot=8838416 blocks=19636224 txs=2330811540 mgas=180260222 bps=32.06 tps=5426 mgps=486.4 avgBps=70.23 avgTps=8336 avgMGps=644.7 elapsed=3d5h39m
Sep 14 10:57:44 nimbus-eth1-mainnet-long-benchmark[2233876]: INF 2026-09-14 10:57:44.713+00:00 Imported blocks                            blockNumber=19644417 slot=8846685 blocks=19644416 txs=2332289472 mgas=180384506 bps=32.44 tps=5852 mgps=492.1 avgBps=70.20 avgTps=8334 avgMGps=644.6 elapsed=3d5h44m
Sep 14 11:02:04 nimbus-eth1-mainnet-long-benchmark[2233876]: INF 2026-09-14 11:02:04.653+00:00 Imported blocks                            blockNumber=19652609 slot=8854969 blocks=19652608 txs=2333616622 mgas=180509018 bps=31.52 tps=5105 mgps=479.0 avgBps=70.16 avgTps=8331 avgMGps=644.4 elapsed=3d5h48m
Sep 14 11:06:32 nimbus-eth1-mainnet-long-benchmark[2233876]: INF 2026-09-14 11:06:32.933+00:00 Imported blocks                            blockNumber=19660801 slot=8863231 blocks=19660800 txs=2334949743 mgas=180633638 bps=30.54 tps=4969 mgps=464.5 avgBps=70.12 avgTps=8327 avgMGps=644.3 elapsed=3d5h52m
Sep 14 11:10:55 nimbus-eth1-mainnet-long-benchmark[2233876]: INF 2026-09-14 11:10:55.861+00:00 Imported blocks                            blockNumber=19668993 slot=8871496 blocks=19668992 txs=2336311442 mgas=180758096 bps=31.16 tps=5178 mgps=473.3 avgBps=70.09 avgTps=8324 avgMGps=644.1 elapsed=3d5h57m
Sep 14 11:14:55 nimbus-eth1-mainnet-long-benchmark[2233876]: INF 2026-09-14 11:14:55.305+00:00 Imported blocks                            blockNumber=19677185 slot=8879742 blocks=19677184 txs=2337713842 mgas=180882816 bps=34.21 tps=5856 mgps=520.9 avgBps=70.06 avgTps=8322 avgMGps=644.0 elapsed=3d6h1m
Sep 14 11:19:10 nimbus-eth1-mainnet-long-benchmark[2233876]: INF 2026-09-14 11:19:10.501+00:00 Imported blocks                            blockNumber=19685377 slot=8887996 blocks=19685376 txs=2339140263 mgas=181007201 bps=32.10 tps=5589 mgps=487.4 avgBps=70.02 avgTps=8320 avgMGps=643.8 elapsed=3d6h5m
Sep 14 11:23:24 nimbus-eth1-mainnet-long-benchmark[2233876]: INF 2026-09-14 11:23:24.177+00:00 Imported blocks                            blockNumber=19693569 slot=8896260 blocks=19693568 txs=2340489748 mgas=181131727 bps=32.29 tps=5319 mgps=490.9 avgBps=69.99 avgTps=8317 avgMGps=643.7 elapsed=3d6h9m
Sep 14 11:28:09 nimbus-eth1-mainnet-long-benchmark[2233876]: INF 2026-09-14 11:28:09.269+00:00 Imported blocks                            blockNumber=19701761 slot=8904509 blocks=19701760 txs=2341790546 mgas=181256410 bps=28.73 tps=4562 mgps=437.3 avgBps=69.95 avgTps=8313 avgMGps=643.5 elapsed=3d6h14m
Sep 14 11:32:31 nimbus-eth1-mainnet-long-benchmark[2233876]: INF 2026-09-14 11:32:31.764+00:00 Imported blocks                            blockNumber=19709953 slot=8912750 blocks=19709952 txs=2343103030 mgas=181380933 bps=31.21 tps=4999 mgps=474.4 avgBps=69.91 avgTps=8310 avgMGps=643.3 elapsed=3d6h18m
Sep 14 11:36:42 nimbus-eth1-mainnet-long-benchmark[2233876]: INF 2026-09-14 11:36:42.121+00:00 Imported blocks                            blockNumber=19718145 slot=8920990 blocks=19718144 txs=2344470310 mgas=181505168 bps=32.72 tps=5461 mgps=496.2 avgBps=69.88 avgTps=8308 avgMGps=643.2 elapsed=3d6h23m
Sep 14 11:40:40 nimbus-eth1-mainnet-long-benchmark[2233876]: INF 2026-09-14 11:40:40.985+00:00 Imported blocks                            blockNumber=19726337 slot=8929255 blocks=19726336 txs=2345837875 mgas=181629411 bps=34.30 tps=5725 mgps=520.1 avgBps=69.85 avgTps=8306 avgMGps=643.1 elapsed=3d6h27m
Sep 14 11:44:43 nimbus-eth1-mainnet-long-benchmark[2233876]: INF 2026-09-14 11:44:43.341+00:00 Imported blocks                            blockNumber=19734529 slot=8937499 blocks=19734528 txs=2347198405 mgas=181753610 bps=33.80 tps=5613 mgps=512.5 avgBps=69.82 avgTps=8303 avgMGps=643.0 elapsed=3d6h31m
Sep 14 11:49:09 nimbus-eth1-mainnet-long-benchmark[2233876]: INF 2026-09-14 11:49:09.217+00:00 Imported blocks                            blockNumber=19742721 slot=8945763 blocks=19742720 txs=2348554389 mgas=181878150 bps=30.81 tps=5100 mgps=468.4 avgBps=69.78 avgTps=8300 avgMGps=642.8 elapsed=3d6h35m
Sep 14 11:53:46 nimbus-eth1-mainnet-long-benchmark[2233876]: INF 2026-09-14 11:53:46.168+00:00 Imported blocks                            blockNumber=19750913 slot=8954019 blocks=19750912 txs=2349807259 mgas=182002972 bps=29.58 tps=4523 mgps=450.7 avgBps=69.74 avgTps=8297 avgMGps=642.6 elapsed=3d6h40m
Sep 14 11:58:11 nimbus-eth1-mainnet-long-benchmark[2233876]: INF 2026-09-14 11:58:11.564+00:00 Imported blocks                            blockNumber=19759105 slot=8962263 blocks=19759104 txs=2351124405 mgas=182127552 bps=30.87 tps=4962 mgps=469.4 avgBps=69.70 avgTps=8293 avgMGps=642.5 elapsed=3d6h44m
Sep 14 12:02:13 nimbus-eth1-mainnet-long-benchmark[2233876]: INF 2026-09-14 12:02:13.360+00:00 Imported blocks                            blockNumber=19767297 slot=8970503 blocks=19767296 txs=2352550115 mgas=182251871 bps=33.88 tps=5896 mgps=514.1 avgBps=69.67 avgTps=8291 avgMGps=642.4 elapsed=3d6h48m
Sep 14 12:06:14 nimbus-eth1-mainnet-long-benchmark[2233876]: INF 2026-09-14 12:06:14.548+00:00 Imported blocks                            blockNumber=19775489 slot=8978751 blocks=19775488 txs=2353977058 mgas=182376278 bps=33.97 tps=5916 mgps=515.8 avgBps=69.64 avgTps=8289 avgMGps=642.3 elapsed=3d6h52m
Sep 14 12:10:21 nimbus-eth1-mainnet-long-benchmark[2233876]: INF 2026-09-14 12:10:21.404+00:00 Imported blocks                            blockNumber=19783681 slot=8986991 blocks=19783680 txs=2355385154 mgas=182500765 bps=33.19 tps=5704 mgps=504.3 avgBps=69.61 avgTps=8287 avgMGps=642.1 elapsed=3d6h56m
Sep 14 12:14:33 nimbus-eth1-mainnet-long-benchmark[2233876]: INF 2026-09-14 12:14:33.784+00:00 Imported blocks                            blockNumber=19791873 slot=8995239 blocks=19791872 txs=2356761108 mgas=182624987 bps=32.46 tps=5451 mgps=492.2 avgBps=69.58 avgTps=8285 avgMGps=642.0 elapsed=3d7h58s
Sep 14 12:18:56 nimbus-eth1-mainnet-long-benchmark[2233876]: INF 2026-09-14 12:18:56.400+00:00 Imported blocks                            blockNumber=19800065 slot=9003484 blocks=19800064 txs=2358089557 mgas=182749443 bps=31.19 tps=5058 mgps=473.9 avgBps=69.54 avgTps=8282 avgMGps=641.9 elapsed=3d7h5m
Sep 14 12:23:06 nimbus-eth1-mainnet-long-benchmark[2233876]: INF 2026-09-14 12:23:06.496+00:00 Imported blocks                            blockNumber=19808257 slot=9011734 blocks=19808256 txs=2359398525 mgas=182873980 bps=32.76 tps=5233 mgps=498.0 avgBps=69.51 avgTps=8279 avgMGps=641.7 elapsed=3d7h9m
Sep 14 12:27:19 nimbus-eth1-mainnet-long-benchmark[2233876]: INF 2026-09-14 12:27:19.524+00:00 Imported blocks                            blockNumber=19816449 slot=9019990 blocks=19816448 txs=2360759798 mgas=182998432 bps=32.38 tps=5379 mgps=491.9 avgBps=69.48 avgTps=8276 avgMGps=641.6 elapsed=3d7h13m
Sep 14 12:31:31 nimbus-eth1-mainnet-long-benchmark[2233876]: INF 2026-09-14 12:31:31.932+00:00 Imported blocks                            blockNumber=19824641 slot=9028233 blocks=19824640 txs=2362146598 mgas=183122874 bps=32.45 tps=5494 mgps=493.0 avgBps=69.44 avgTps=8274 avgMGps=641.5 elapsed=3d7h17m
Sep 14 12:35:47 nimbus-eth1-mainnet-long-benchmark[2233876]: INF 2026-09-14 12:35:47.328+00:00 Imported blocks                            blockNumber=19832833 slot=9036486 blocks=19832832 txs=2363458231 mgas=183247346 bps=32.08 tps=5135 mgps=487.4 avgBps=69.41 avgTps=8271 avgMGps=641.3 elapsed=3d7h22m
Sep 14 12:40:08 nimbus-eth1-mainnet-long-benchmark[2233876]: INF 2026-09-14 12:40:08.468+00:00 Imported blocks                            blockNumber=19841025 slot=9044737 blocks=19841024 txs=2364779894 mgas=183372069 bps=31.37 tps=5061 mgps=477.6 avgBps=69.38 avgTps=8268 avgMGps=641.2 elapsed=3d7h26m
Sep 14 12:44:10 nimbus-eth1-mainnet-long-benchmark[2233876]: INF 2026-09-14 12:44:10.124+00:00 Imported blocks                            blockNumber=19849217 slot=9052980 blocks=19849216 txs=2366076481 mgas=183496270 bps=33.90 tps=5365 mgps=514.0 avgBps=69.35 avgTps=8266 avgMGps=641.1 elapsed=3d7h30m
Sep 14 12:48:29 nimbus-eth1-mainnet-long-benchmark[2233876]: INF 2026-09-14 12:48:29.840+00:00 Imported blocks                            blockNumber=19857409 slot=9061230 blocks=19857408 txs=2367288171 mgas=183621087 bps=31.54 tps=4665 mgps=480.6 avgBps=69.31 avgTps=8262 avgMGps=640.9 elapsed=3d7h34m
Sep 14 12:52:37 nimbus-eth1-mainnet-long-benchmark[2233876]: INF 2026-09-14 12:52:37.708+00:00 Imported blocks                            blockNumber=19865601 slot=9069473 blocks=19865600 txs=2368629215 mgas=183745503 bps=33.05 tps=5410 mgps=501.9 avgBps=69.28 avgTps=8260 avgMGps=640.8 elapsed=3d7h39m
Sep 14 12:56:54 nimbus-eth1-mainnet-long-benchmark[2233876]: INF 2026-09-14 12:56:54.800+00:00 Imported blocks                            blockNumber=19873793 slot=9077747 blocks=19873792 txs=2369993274 mgas=183869981 bps=31.86 tps=5305 mgps=484.2 avgBps=69.25 avgTps=8257 avgMGps=640.7 elapsed=3d7h43m
Sep 14 13:00:59 nimbus-eth1-mainnet-long-benchmark[2233876]: INF 2026-09-14 13:00:59.548+00:00 Imported blocks                            blockNumber=19881985 slot=9085984 blocks=19881984 txs=2371363663 mgas=183994271 bps=33.47 tps=5599 mgps=507.8 avgBps=69.22 avgTps=8255 avgMGps=640.5 elapsed=3d7h47m
Sep 14 13:05:03 nimbus-eth1-mainnet-long-benchmark[2233876]: INF 2026-09-14 13:05:03.980+00:00 Imported blocks                            blockNumber=19890177 slot=9094228 blocks=19890176 txs=2372679389 mgas=184118698 bps=33.51 tps=5382 mgps=509.0 avgBps=69.19 avgTps=8253 avgMGps=640.4 elapsed=3d7h51m
Sep 14 13:09:36 nimbus-eth1-mainnet-long-benchmark[2233876]: INF 2026-09-14 13:09:36.020+00:00 Imported blocks                            blockNumber=19898369 slot=9102490 blocks=19898368 txs=2373929590 mgas=184243201 bps=30.11 tps=4595 mgps=457.7 avgBps=69.15 avgTps=8249 avgMGps=640.3 elapsed=3d7h56m
Sep 14 13:13:52 nimbus-eth1-mainnet-long-benchmark[2233876]: INF 2026-09-14 13:13:52.436+00:00 Imported blocks                            blockNumber=19906561 slot=9110734 blocks=19906560 txs=2375155868 mgas=184367996 bps=31.95 tps=4782 mgps=486.7 avgBps=69.12 avgTps=8246 avgMGps=640.1 elapsed=3d8h17s
Sep 14 13:18:04 nimbus-eth1-mainnet-long-benchmark[2233876]: INF 2026-09-14 13:18:04.984+00:00 Imported blocks                            blockNumber=19914753 slot=9118990 blocks=19914752 txs=2376417889 mgas=184492638 bps=32.44 tps=4997 mgps=493.5 avgBps=69.08 avgTps=8243 avgMGps=640.0 elapsed=3d8h4m
Sep 14 13:22:11 nimbus-eth1-mainnet-long-benchmark[2233876]: INF 2026-09-14 13:22:11.576+00:00 Imported blocks                            blockNumber=19922945 slot=9127236 blocks=19922944 txs=2377790989 mgas=184616708 bps=33.22 tps=5568 mgps=503.1 avgBps=69.05 avgTps=8241 avgMGps=639.9 elapsed=3d8h8m
Sep 14 13:26:23 nimbus-eth1-mainnet-long-benchmark[2233876]: INF 2026-09-14 13:26:23.668+00:00 Imported blocks                            blockNumber=19931137 slot=9135486 blocks=19931136 txs=2379134020 mgas=184740937 bps=32.50 tps=5327 mgps=492.8 avgBps=69.02 avgTps=8238 avgMGps=639.8 elapsed=3d8h12m
Sep 14 13:30:25 nimbus-eth1-mainnet-long-benchmark[2233876]: INF 2026-09-14 13:30:25.844+00:00 Imported blocks                            blockNumber=19939329 slot=9143725 blocks=19939328 txs=2380463369 mgas=184865142 bps=33.83 tps=5489 mgps=512.9 avgBps=68.99 avgTps=8236 avgMGps=639.6 elapsed=3d8h16m
Sep 14 13:34:56 nimbus-eth1-mainnet-long-benchmark[2233876]: INF 2026-09-14 13:34:56.323+00:00 Imported blocks                            blockNumber=19947521 slot=9151974 blocks=19947520 txs=2381796452 mgas=184989535 bps=30.29 tps=4928 mgps=459.9 avgBps=68.96 avgTps=8233 avgMGps=639.5 elapsed=3d8h21m
Sep 14 13:39:20 nimbus-eth1-mainnet-long-benchmark[2233876]: INF 2026-09-14 13:39:20.679+00:00 Imported blocks                            blockNumber=19955713 slot=9160210 blocks=19955712 txs=2383111394 mgas=185113958 bps=30.99 tps=4974 mgps=470.7 avgBps=68.92 avgTps=8230 avgMGps=639.3 elapsed=3d8h25m
Sep 14 13:43:16 nimbus-eth1-mainnet-long-benchmark[2233876]: INF 2026-09-14 13:43:16.963+00:00 Imported blocks                            blockNumber=19963905 slot=9168454 blocks=19963904 txs=2384444413 mgas=185238304 bps=34.67 tps=5641 mgps=526.3 avgBps=68.89 avgTps=8228 avgMGps=639.2 elapsed=3d8h29m
Sep 14 13:47:23 nimbus-eth1-mainnet-long-benchmark[2233876]: INF 2026-09-14 13:47:23.564+00:00 Imported blocks                            blockNumber=19972097 slot=9176695 blocks=19972096 txs=2385701765 mgas=185362537 bps=33.22 tps=5098 mgps=503.8 avgBps=68.86 avgTps=8225 avgMGps=639.1 elapsed=3d8h33m
Sep 14 13:51:23 nimbus-eth1-mainnet-long-benchmark[2233876]: INF 2026-09-14 13:51:23.864+00:00 Imported blocks                            blockNumber=19980289 slot=9184953 blocks=19980288 txs=2387025333 mgas=185486631 bps=34.09 tps=5507 mgps=516.4 avgBps=68.83 avgTps=8223 avgMGps=639.0 elapsed=3d8h37m
Sep 14 13:55:15 nimbus-eth1-mainnet-long-benchmark[2233876]: INF 2026-09-14 13:55:15.976+00:00 Imported blocks                            blockNumber=19988481 slot=9193196 blocks=19988480 txs=2388352084 mgas=185610795 bps=35.29 tps=5715 mgps=534.9 avgBps=68.81 avgTps=8221 avgMGps=638.9 elapsed=3d8h41m
Sep 14 13:59:18 nimbus-eth1-mainnet-long-benchmark[2233876]: INF 2026-09-14 13:59:18.132+00:00 Imported blocks                            blockNumber=19996673 slot=9201443 blocks=19996672 txs=2389688336 mgas=185734792 bps=33.83 tps=5518 mgps=512.0 avgBps=68.78 avgTps=8219 avgMGps=638.8 elapsed=3d8h45m
Sep 14 14:03:22 nimbus-eth1-mainnet-long-benchmark[2233876]: INF 2026-09-14 14:03:22.072+00:00 Imported blocks                            blockNumber=20004865 slot=9209675 blocks=20004864 txs=2390929190 mgas=185859018 bps=33.58 tps=5086 mgps=509.2 avgBps=68.75 avgTps=8216 avgMGps=638.7 elapsed=3d8h49m
Sep 14 14:07:07 nimbus-eth1-mainnet-long-benchmark[2233876]: INF 2026-09-14 14:07:07.909+00:00 Imported blocks                            blockNumber=20013057 slot=9217912 blocks=20013056 txs=2392233989 mgas=185982949 bps=36.27 tps=5777 mgps=548.8 avgBps=68.72 avgTps=8214 avgMGps=638.6 elapsed=3d8h53m
Sep 14 14:11:07 nimbus-eth1-mainnet-long-benchmark[2233876]: INF 2026-09-14 14:11:07.593+00:00 Imported blocks                            blockNumber=20021249 slot=9226144 blocks=20021248 txs=2393564776 mgas=186106900 bps=34.18 tps=5552 mgps=517.1 avgBps=68.69 avgTps=8212 avgMGps=638.5 elapsed=3d8h57m
Sep 14 14:14:51 nimbus-eth1-mainnet-long-benchmark[2233876]: INF 2026-09-14 14:14:51.673+00:00 Imported blocks                            blockNumber=20029441 slot=9234372 blocks=20029440 txs=2394903672 mgas=186230721 bps=36.56 tps=5975 mgps=552.6 avgBps=68.67 avgTps=8210 avgMGps=638.5 elapsed=3d9h1m
Sep 14 14:18:36 nimbus-eth1-mainnet-long-benchmark[2233876]: INF 2026-09-14 14:18:36.934+00:00 Imported blocks                            blockNumber=20037633 slot=9242611 blocks=20037632 txs=2396220762 mgas=186354375 bps=36.37 tps=5846 mgps=548.9 avgBps=68.65 avgTps=8208 avgMGps=638.4 elapsed=3d9h5m
Sep 14 14:22:37 nimbus-eth1-mainnet-long-benchmark[2233876]: INF 2026-09-14 14:22:37.958+00:00 Imported blocks                            blockNumber=20045825 slot=9250848 blocks=20045824 txs=2397567844 mgas=186478329 bps=33.99 tps=5589 mgps=514.3 avgBps=68.62 avgTps=8206 avgMGps=638.3 elapsed=3d9h9m
Sep 14 14:26:55 nimbus-eth1-mainnet-long-benchmark[2233876]: INF 2026-09-14 14:26:55.602+00:00 Imported blocks                            blockNumber=20054017 slot=9259089 blocks=20054016 txs=2398893111 mgas=186602206 bps=31.80 tps=5143 mgps=480.8 avgBps=68.58 avgTps=8204 avgMGps=638.2 elapsed=3d9h13m
Sep 14 14:30:57 nimbus-eth1-mainnet-long-benchmark[2233876]: INF 2026-09-14 14:30:57.282+00:00 Imported blocks                            blockNumber=20062209 slot=9267322 blocks=20062208 txs=2400211828 mgas=186726261 bps=33.90 tps=5456 mgps=513.3 avgBps=68.56 avgTps=8201 avgMGps=638.1 elapsed=3d9h17m
Sep 14 14:34:45 nimbus-eth1-mainnet-long-benchmark[2233876]: INF 2026-09-14 14:34:45.194+00:00 Imported blocks                            blockNumber=20070401 slot=9275563 blocks=20070400 txs=2401578055 mgas=186850023 bps=35.94 tps=5994 mgps=543.0 avgBps=68.53 avgTps=8200 avgMGps=638.0 elapsed=3d9h21m
Sep 14 14:38:37 nimbus-eth1-mainnet-long-benchmark[2233876]: INF 2026-09-14 14:38:37.054+00:00 Imported blocks                            blockNumber=20078593 slot=9283801 blocks=20078592 txs=2402962926 mgas=186973935 bps=35.33 tps=5972 mgps=534.4 avgBps=68.50 avgTps=8198 avgMGps=637.9 elapsed=3d9h25m
Sep 14 14:42:27 nimbus-eth1-mainnet-long-benchmark[2233876]: INF 2026-09-14 14:42:27.683+00:00 Imported blocks                            blockNumber=20086785 slot=9292062 blocks=20086784 txs=2404369052 mgas=187097875 bps=35.52 tps=6096 mgps=537.4 avgBps=68.48 avgTps=8196 avgMGps=637.8 elapsed=3d9h28m
Sep 14 14:46:30 nimbus-eth1-mainnet-long-benchmark[2233876]: INF 2026-09-14 14:46:30.091+00:00 Imported blocks                            blockNumber=20094977 slot=9300302 blocks=20094976 txs=2405708737 mgas=187221890 bps=33.79 tps=5526 mgps=511.6 avgBps=68.45 avgTps=8194 avgMGps=637.7 elapsed=3d9h32m
Sep 14 14:50:51 nimbus-eth1-mainnet-long-benchmark[2233876]: INF 2026-09-14 14:50:50.999+00:00 Imported blocks                            blockNumber=20103169 slot=9308551 blocks=20103168 txs=2407010451 mgas=187345919 bps=31.40 tps=4989 mgps=475.4 avgBps=68.42 avgTps=8191 avgMGps=637.6 elapsed=3d9h37m
Sep 14 14:55:10 nimbus-eth1-mainnet-long-benchmark[2233876]: INF 2026-09-14 14:55:10.186+00:00 Imported blocks                            blockNumber=20111361 slot=9316795 blocks=20111360 txs=2408283517 mgas=187470007 bps=31.61 tps=4911 mgps=478.8 avgBps=68.38 avgTps=8188 avgMGps=637.4 elapsed=3d9h41m
Sep 14 14:59:17 nimbus-eth1-mainnet-long-benchmark[2233876]: INF 2026-09-14 14:59:17.886+00:00 Imported blocks                            blockNumber=20119553 slot=9325059 blocks=20119552 txs=2409625302 mgas=187594100 bps=33.07 tps=5416 mgps=501.0 avgBps=68.35 avgTps=8186 avgMGps=637.3 elapsed=3d9h45m
Sep 14 15:03:24 nimbus-eth1-mainnet-long-benchmark[2233876]: INF 2026-09-14 15:03:24.166+00:00 Imported blocks                            blockNumber=20127745 slot=9333311 blocks=20127744 txs=2410925606 mgas=187718271 bps=33.26 tps=5279 mgps=504.2 avgBps=68.32 avgTps=8184 avgMGps=637.2 elapsed=3d9h49m
Sep 14 15:07:16 nimbus-eth1-mainnet-long-benchmark[2233876]: INF 2026-09-14 15:07:16.707+00:00 Imported blocks                            blockNumber=20135937 slot=9341560 blocks=20135936 txs=2412238434 mgas=187842167 bps=35.23 tps=5645 mgps=532.8 avgBps=68.30 avgTps=8182 avgMGps=637.1 elapsed=3d9h53m
Sep 14 15:11:47 nimbus-eth1-mainnet-long-benchmark[2233876]: INF 2026-09-14 15:11:47.418+00:00 Imported blocks                            blockNumber=20144129 slot=9349801 blocks=20144128 txs=2413717031 mgas=187966299 bps=30.26 tps=5462 mgps=458.5 avgBps=68.26 avgTps=8179 avgMGps=637.0 elapsed=3d9h58m
Sep 14 15:16:42 nimbus-eth1-mainnet-long-benchmark[2233876]: INF 2026-09-14 15:16:42.346+00:00 Imported blocks                            blockNumber=20152321 slot=9358049 blocks=20152320 txs=2415119005 mgas=188090641 bps=27.78 tps=4753 mgps=421.6 avgBps=68.22 avgTps=8176 avgMGps=636.8 elapsed=3d10h3m
Sep 14 15:21:18 nimbus-eth1-mainnet-long-benchmark[2233876]: INF 2026-09-14 15:21:18.621+00:00 Imported blocks                            blockNumber=20160513 slot=9366304 blocks=20160512 txs=2416397725 mgas=188215015 bps=29.65 tps=4628 mgps=450.2 avgBps=68.19 avgTps=8172 avgMGps=636.6 elapsed=3d10h7m
Sep 14 15:25:39 nimbus-eth1-mainnet-long-benchmark[2233876]: INF 2026-09-14 15:25:39.169+00:00 Imported blocks                            blockNumber=20168705 slot=9374550 blocks=20168704 txs=2417744403 mgas=188338951 bps=31.44 tps=5168 mgps=475.7 avgBps=68.15 avgTps=8170 avgMGps=636.4 elapsed=3d10h12m
Sep 14 15:30:01 nimbus-eth1-mainnet-long-benchmark[2233876]: INF 2026-09-14 15:30:01.765+00:00 Imported blocks                            blockNumber=20176897 slot=9382778 blocks=20176896 txs=2419168926 mgas=188463060 bps=31.20 tps=5424 mgps=472.6 avgBps=68.12 avgTps=8167 avgMGps=636.3 elapsed=3d10h16m
Sep 14 15:34:06 nimbus-eth1-mainnet-long-benchmark[2233876]: INF 2026-09-14 15:34:06.133+00:00 Imported blocks                            blockNumber=20185089 slot=9391015 blocks=20185088 txs=2420546145 mgas=188586945 bps=33.52 tps=5635 mgps=507.0 avgBps=68.09 avgTps=8165 avgMGps=636.2 elapsed=3d10h20m
Sep 14 15:38:24 nimbus-eth1-mainnet-long-benchmark[2233876]: INF 2026-09-14 15:38:24.009+00:00 Imported blocks                            blockNumber=20193281 slot=9399251 blocks=20193280 txs=2421882332 mgas=188710733 bps=31.77 tps=5181 mgps=480.0 avgBps=68.06 avgTps=8163 avgMGps=636.1 elapsed=3d10h24m
Sep 14 15:43:02 nimbus-eth1-mainnet-long-benchmark[2233876]: INF 2026-09-14 15:43:02.104+00:00 Imported blocks                            blockNumber=20201473 slot=9407494 blocks=20201472 txs=2423180795 mgas=188835003 bps=29.46 tps=4669 mgps=446.9 avgBps=68.03 avgTps=8159 avgMGps=635.9 elapsed=3d10h29m
Sep 14 15:47:34 nimbus-eth1-mainnet-long-benchmark[2233876]: INF 2026-09-14 15:47:34.268+00:00 Imported blocks                            blockNumber=20209665 slot=9415724 blocks=20209664 txs=2424467421 mgas=188959091 bps=30.10 tps=4727 mgps=455.9 avgBps=67.99 avgTps=8156 avgMGps=635.7 elapsed=3d10h33m
Sep 14 15:51:56 nimbus-eth1-mainnet-long-benchmark[2233876]: INF 2026-09-14 15:51:56.972+00:00 Imported blocks                            blockNumber=20217857 slot=9423960 blocks=20217856 txs=2425785273 mgas=189083033 bps=31.18 tps=5016 mgps=471.8 avgBps=67.96 avgTps=8153 avgMGps=635.6 elapsed=3d10h38m
Sep 14 15:56:02 nimbus-eth1-mainnet-long-benchmark[2233876]: INF 2026-09-14 15:56:02.736+00:00 Imported blocks                            blockNumber=20226049 slot=9432209 blocks=20226048 txs=2427085190 mgas=189207181 bps=33.33 tps=5289 mgps=505.1 avgBps=67.93 avgTps=8151 avgMGps=635.5 elapsed=3d10h42m
Sep 14 16:00:00 nimbus-eth1-mainnet-long-benchmark[2233876]: INF 2026-09-14 16:00:00.432+00:00 Imported blocks                            blockNumber=20234241 slot=9440439 blocks=20234240 txs=2428446036 mgas=189330955 bps=34.46 tps=5725 mgps=520.7 avgBps=67.90 avgTps=8149 avgMGps=635.4 elapsed=3d10h46m
Sep 14 16:04:07 nimbus-eth1-mainnet-long-benchmark[2233876]: INF 2026-09-14 16:04:07.804+00:00 Imported blocks                            blockNumber=20242433 slot=9448678 blocks=20242432 txs=2429905766 mgas=189454810 bps=33.12 tps=5900 mgps=500.7 avgBps=67.87 avgTps=8147 avgMGps=635.3 elapsed=3d10h50m
Sep 14 16:08:40 nimbus-eth1-mainnet-long-benchmark[2233876]: INF 2026-09-14 16:08:40.404+00:00 Imported blocks                            blockNumber=20250625 slot=9456910 blocks=20250624 txs=2431218182 mgas=189578887 bps=30.05 tps=4814 mgps=455.2 avgBps=67.84 avgTps=8144 avgMGps=635.1 elapsed=3d10h55m
Sep 14 16:13:22 nimbus-eth1-mainnet-long-benchmark[2233876]: INF 2026-09-14 16:13:22.095+00:00 Imported blocks                            blockNumber=20258817 slot=9465146 blocks=20258816 txs=2432389777 mgas=189703315 bps=29.08 tps=4159 mgps=441.7 avgBps=67.80 avgTps=8140 avgMGps=634.9 elapsed=3d10h59m
Sep 14 16:17:45 nimbus-eth1-mainnet-long-benchmark[2233876]: INF 2026-09-14 16:17:45.375+00:00 Imported blocks                            blockNumber=20267009 slot=9473399 blocks=20267008 txs=2433706906 mgas=189827412 bps=31.12 tps=5002 mgps=471.4 avgBps=67.77 avgTps=8138 avgMGps=634.8 elapsed=3d11h4m
Sep 14 16:21:51 nimbus-eth1-mainnet-long-benchmark[2233876]: INF 2026-09-14 16:21:51.227+00:00 Imported blocks                            blockNumber=20275201 slot=9481639 blocks=20275200 txs=2435041169 mgas=189951350 bps=33.32 tps=5427 mgps=504.1 avgBps=67.74 avgTps=8135 avgMGps=634.7 elapsed=3d11h8m
Sep 14 16:25:48 nimbus-eth1-mainnet-long-benchmark[2233876]: INF 2026-09-14 16:25:48.519+00:00 Imported blocks                            blockNumber=20283393 slot=9489868 blocks=20283392 txs=2436404544 mgas=190075417 bps=34.52 tps=5745 mgps=522.9 avgBps=67.72 avgTps=8133 avgMGps=634.6 elapsed=3d11h12m
Sep 14 16:30:01 nimbus-eth1-mainnet-long-benchmark[2233876]: INF 2026-09-14 16:30:01.003+00:00 Imported blocks                            blockNumber=20291585 slot=9498106 blocks=20291584 txs=2437767928 mgas=190199287 bps=32.45 tps=5399 mgps=490.6 avgBps=67.69 avgTps=8131 avgMGps=634.4 elapsed=3d11h16m
Sep 14 16:34:30 nimbus-eth1-mainnet-long-benchmark[2233876]: INF 2026-09-14 16:34:30.039+00:00 Imported blocks                            blockNumber=20299777 slot=9506347 blocks=20299776 txs=2439084709 mgas=190323326 bps=30.45 tps=4894 mgps=461.0 avgBps=67.65 avgTps=8128 avgMGps=634.3 elapsed=3d11h20m
Sep 14 16:38:36 nimbus-eth1-mainnet-long-benchmark[2233876]: INF 2026-09-14 16:38:36.315+00:00 Imported blocks                            blockNumber=20307969 slot=9514581 blocks=20307968 txs=2440328974 mgas=190447316 bps=33.26 tps=5052 mgps=503.5 avgBps=67.63 avgTps=8126 avgMGps=634.2 elapsed=3d11h25m
Sep 14 16:42:40 nimbus-eth1-mainnet-long-benchmark[2233876]: INF 2026-09-14 16:42:40.511+00:00 Imported blocks                            blockNumber=20316161 slot=9522818 blocks=20316160 txs=2441642983 mgas=190571312 bps=33.55 tps=5380 mgps=507.8 avgBps=67.60 avgTps=8124 avgMGps=634.1 elapsed=3d11h29m
Sep 14 16:46:42 nimbus-eth1-mainnet-long-benchmark[2233876]: INF 2026-09-14 16:46:42.143+00:00 Imported blocks                            blockNumber=20324353 slot=9531037 blocks=20324352 txs=2443003434 mgas=190695169 bps=33.90 tps=5630 mgps=512.6 avgBps=67.57 avgTps=8122 avgMGps=634.0 elapsed=3d11h33m
Sep 14 16:50:29 nimbus-eth1-mainnet-long-benchmark[2233876]: INF 2026-09-14 16:50:29.032+00:00 Imported blocks                            blockNumber=20332545 slot=9539273 blocks=20332544 txs=2444369352 mgas=190818927 bps=36.11 tps=6020 mgps=545.5 avgBps=67.55 avgTps=8120 avgMGps=633.9 elapsed=3d11h36m
Sep 14 16:54:18 nimbus-eth1-mainnet-long-benchmark[2233876]: INF 2026-09-14 16:54:18.780+00:00 Imported blocks                            blockNumber=20340737 slot=9547499 blocks=20340736 txs=2445684799 mgas=190942708 bps=35.66 tps=5725 mgps=538.8 avgBps=67.52 avgTps=8118 avgMGps=633.8 elapsed=3d11h40m
Sep 14 16:58:46 nimbus-eth1-mainnet-long-benchmark[2233876]: INF 2026-09-14 16:58:46.088+00:00 Imported blocks                            blockNumber=20348929 slot=9555732 blocks=20348928 txs=2446976396 mgas=191066753 bps=30.65 tps=4831 mgps=464.0 avgBps=67.49 avgTps=8115 avgMGps=633.7 elapsed=3d11h45m
Sep 14 17:03:13 nimbus-eth1-mainnet-long-benchmark[2233876]: INF 2026-09-14 17:03:13.775+00:00 Imported blocks                            blockNumber=20357121 slot=9563959 blocks=20357120 txs=2448256169 mgas=191191257 bps=30.60 tps=4780 mgps=465.1 avgBps=67.46 avgTps=8112 avgMGps=633.5 elapsed=3d11h49m
Sep 14 17:07:08 nimbus-eth1-mainnet-long-benchmark[2233876]: INF 2026-09-14 17:07:08.100+00:00 Imported blocks                            blockNumber=20365313 slot=9572201 blocks=20365312 txs=2449568815 mgas=191314927 bps=34.96 tps=5601 mgps=527.8 avgBps=67.43 avgTps=8110 avgMGps=633.5 elapsed=3d11h53m
Sep 14 17:11:21 nimbus-eth1-mainnet-long-benchmark[2233876]: INF 2026-09-14 17:11:21.283+00:00 Imported blocks                            blockNumber=20373505 slot=9580431 blocks=20373504 txs=2450879985 mgas=191438966 bps=32.36 tps=5178 mgps=489.9 avgBps=67.40 avgTps=8108 avgMGps=633.3 elapsed=3d11h57m
Sep 14 17:15:38 nimbus-eth1-mainnet-long-benchmark[2233876]: INF 2026-09-14 17:15:38.231+00:00 Imported blocks                            blockNumber=20381697 slot=9588664 blocks=20381696 txs=2452156695 mgas=191563063 bps=31.88 tps=4968 mgps=483.0 avgBps=67.37 avgTps=8105 avgMGps=633.2 elapsed=3d12h2m
Sep 14 17:19:49 nimbus-eth1-mainnet-long-benchmark[2233876]: INF 2026-09-14 17:19:49.763+00:00 Imported blocks                            blockNumber=20389889 slot=9596900 blocks=20389888 txs=2453465950 mgas=191687053 bps=32.57 tps=5205 mgps=492.9 avgBps=67.34 avgTps=8103 avgMGps=633.1 elapsed=3d12h6m
Sep 14 17:24:05 nimbus-eth1-mainnet-long-benchmark[2233876]: INF 2026-09-14 17:24:05.943+00:00 Imported blocks                            blockNumber=20398081 slot=9605136 blocks=20398080 txs=2454722175 mgas=191811259 bps=31.98 tps=4903 mgps=484.8 avgBps=67.31 avgTps=8100 avgMGps=633.0 elapsed=3d12h10m
Sep 14 17:28:05 nimbus-eth1-mainnet-long-benchmark[2233876]: INF 2026-09-14 17:28:05.927+00:00 Imported blocks                            blockNumber=20406273 slot=9613370 blocks=20406272 txs=2455937858 mgas=191935324 bps=34.14 tps=5065 mgps=517.0 avgBps=67.29 avgTps=8098 avgMGps=632.9 elapsed=3d12h14m
Sep 14 17:32:18 nimbus-eth1-mainnet-long-benchmark[2233876]: INF 2026-09-14 17:32:18.735+00:00 Imported blocks                            blockNumber=20414465 slot=9621591 blocks=20414464 txs=2457182133 mgas=192059517 bps=32.40 tps=4921 mgps=491.2 avgBps=67.26 avgTps=8095 avgMGps=632.8 elapsed=3d12h18m
Sep 14 17:36:14 nimbus-eth1-mainnet-long-benchmark[2233876]: INF 2026-09-14 17:36:14.143+00:00 Imported blocks                            blockNumber=20422657 slot=9629846 blocks=20422656 txs=2458502388 mgas=192183515 bps=34.80 tps=5608 mgps=526.7 avgBps=67.23 avgTps=8093 avgMGps=632.7 elapsed=3d12h22m
Sep 14 17:39:59 nimbus-eth1-mainnet-long-benchmark[2233876]: INF 2026-09-14 17:39:59.732+00:00 Imported blocks                            blockNumber=20430849 slot=9638079 blocks=20430848 txs=2459823635 mgas=192307404 bps=36.31 tps=5856 mgps=549.2 avgBps=67.21 avgTps=8091 avgMGps=632.6 elapsed=3d12h26m
Sep 14 17:43:48 nimbus-eth1-mainnet-long-benchmark[2233876]: INF 2026-09-14 17:43:48.184+00:00 Imported blocks                            blockNumber=20439041 slot=9646308 blocks=20439040 txs=2461089016 mgas=192431228 bps=35.86 tps=5538 mgps=542.0 avgBps=67.19 avgTps=8090 avgMGps=632.6 elapsed=3d12h30m
Sep 14 17:47:54 nimbus-eth1-mainnet-long-benchmark[2233876]: INF 2026-09-14 17:47:54.612+00:00 Imported blocks                            blockNumber=20447233 slot=9654555 blocks=20447232 txs=2462365837 mgas=192555224 bps=33.24 tps=5181 mgps=503.2 avgBps=67.16 avgTps=8087 avgMGps=632.4 elapsed=3d12h34m
Sep 14 17:52:29 nimbus-eth1-mainnet-long-benchmark[2233876]: INF 2026-09-14 17:52:29.824+00:00 Imported blocks                            blockNumber=20455425 slot=9662773 blocks=20455424 txs=2463563089 mgas=192679757 bps=29.77 tps=4350 mgps=452.5 avgBps=67.13 avgTps=8084 avgMGps=632.3 elapsed=3d12h38m
Sep 14 17:56:41 nimbus-eth1-mainnet-long-benchmark[2233876]: INF 2026-09-14 17:56:41.151+00:00 Imported blocks                            blockNumber=20463617 slot=9670997 blocks=20463616 txs=2464820568 mgas=192804145 bps=32.59 tps=5003 mgps=494.9 avgBps=67.10 avgTps=8081 avgMGps=632.2 elapsed=3d12h43m
Sep 14 18:00:59 nimbus-eth1-mainnet-long-benchmark[2233876]: INF 2026-09-14 18:00:59.839+00:00 Imported blocks                            blockNumber=20471809 slot=9679232 blocks=20471808 txs=2466105979 mgas=192927795 bps=31.67 tps=4968 mgps=478.0 avgBps=67.07 avgTps=8079 avgMGps=632.0 elapsed=3d12h47m
Sep 14 18:05:09 nimbus-eth1-mainnet-long-benchmark[2233876]: INF 2026-09-14 18:05:09.635+00:00 Imported blocks                            blockNumber=20480001 slot=9687458 blocks=20480000 txs=2467403178 mgas=193051545 bps=32.79 tps=5193 mgps=495.4 avgBps=67.04 avgTps=8076 avgMGps=631.9 elapsed=3d12h51m
Sep 14 18:09:15 nimbus-eth1-mainnet-long-benchmark[2233876]: INF 2026-09-14 18:09:15.023+00:00 Imported blocks                            blockNumber=20488193 slot=9695679 blocks=20488192 txs=2468646793 mgas=193175429 bps=33.38 tps=5067 mgps=504.8 avgBps=67.01 avgTps=8074 avgMGps=631.8 elapsed=3d12h55m
Sep 14 18:13:30 nimbus-eth1-mainnet-long-benchmark[2233876]: INF 2026-09-14 18:13:30.715+00:00 Imported blocks                            blockNumber=20496385 slot=9703905 blocks=20496384 txs=2469916046 mgas=193299476 bps=32.04 tps=4964 mgps=485.1 avgBps=66.98 avgTps=8071 avgMGps=631.7 elapsed=3d12h59m
Sep 14 18:17:57 nimbus-eth1-mainnet-long-benchmark[2233876]: INF 2026-09-14 18:17:57.787+00:00 Imported blocks                            blockNumber=20504577 slot=9712142 blocks=20504576 txs=2471051293 mgas=193423942 bps=30.67 tps=4250 mgps=466.0 avgBps=66.95 avgTps=8068 avgMGps=631.6 elapsed=3d13h4m
Sep 14 18:21:59 nimbus-eth1-mainnet-long-benchmark[2233876]: INF 2026-09-14 18:21:59.519+00:00 Imported blocks                            blockNumber=20512769 slot=9720378 blocks=20512768 txs=2472212904 mgas=193548126 bps=33.89 tps=4805 mgps=513.7 avgBps=66.92 avgTps=8065 avgMGps=631.5 elapsed=3d13h8m
Sep 14 18:25:59 nimbus-eth1-mainnet-long-benchmark[2233876]: INF 2026-09-14 18:25:59.903+00:00 Imported blocks                            blockNumber=20520961 slot=9728604 blocks=20520960 txs=2473458204 mgas=193672133 bps=34.08 tps=5180 mgps=515.9 avgBps=66.90 avgTps=8063 avgMGps=631.4 elapsed=3d13h12m
Sep 14 18:30:06 nimbus-eth1-mainnet-long-benchmark[2233876]: INF 2026-09-14 18:30:06.455+00:00 Imported blocks                            blockNumber=20529153 slot=9736836 blocks=20529152 txs=2474879473 mgas=193796096 bps=33.23 tps=5764 mgps=502.8 avgBps=66.87 avgTps=8061 avgMGps=631.3 elapsed=3d13h16m
Sep 14 18:34:10 nimbus-eth1-mainnet-long-benchmark[2233876]: INF 2026-09-14 18:34:10.975+00:00 Imported blocks                            blockNumber=20537345 slot=9745081 blocks=20537344 txs=2476318806 mgas=193919766 bps=33.50 tps=5886 mgps=505.8 avgBps=66.85 avgTps=8059 avgMGps=631.2 elapsed=3d13h20m
Sep 14 18:38:33 nimbus-eth1-mainnet-long-benchmark[2233876]: INF 2026-09-14 18:38:33.055+00:00 Imported blocks                            blockNumber=20545537 slot=9753315 blocks=20545536 txs=2477572414 mgas=194043997 bps=31.26 tps=4783 mgps=474.0 avgBps=66.82 avgTps=8057 avgMGps=631.0 elapsed=3d13h24m
Sep 14 18:43:01 nimbus-eth1-mainnet-long-benchmark[2233876]: INF 2026-09-14 18:43:01.719+00:00 Imported blocks                            blockNumber=20553729 slot=9761549 blocks=20553728 txs=2478717439 mgas=194168601 bps=30.49 tps=4261 mgps=463.8 avgBps=66.78 avgTps=8053 avgMGps=630.9 elapsed=3d13h29m
Sep 14 18:47:19 nimbus-eth1-mainnet-long-benchmark[2233876]: INF 2026-09-14 18:47:19.243+00:00 Imported blocks                            blockNumber=20561921 slot=9769782 blocks=20561920 txs=2479884398 mgas=194293055 bps=31.81 tps=4531 mgps=483.3 avgBps=66.75 avgTps=8050 avgMGps=630.8 elapsed=3d13h33m
Sep 14 18:51:27 nimbus-eth1-mainnet-long-benchmark[2233876]: INF 2026-09-14 18:51:27.747+00:00 Imported blocks                            blockNumber=20570113 slot=9778022 blocks=20570112 txs=2481113699 mgas=194416978 bps=32.97 tps=4946 mgps=498.7 avgBps=66.73 avgTps=8048 avgMGps=630.7 elapsed=3d13h37m
Sep 14 18:55:41 nimbus-eth1-mainnet-long-benchmark[2233876]: INF 2026-09-14 18:55:41.926+00:00 Imported blocks                            blockNumber=20578305 slot=9786257 blocks=20578304 txs=2482329481 mgas=194541487 bps=32.23 tps=4783 mgps=489.8 avgBps=66.70 avgTps=8045 avgMGps=630.5 elapsed=3d13h42m
Sep 14 18:59:53 nimbus-eth1-mainnet-long-benchmark[2233876]: INF 2026-09-14 18:59:53.146+00:00 Imported blocks                            blockNumber=20586497 slot=9794502 blocks=20586496 txs=2483599008 mgas=194665538 bps=32.61 tps=5053 mgps=493.8 avgBps=66.67 avgTps=8043 avgMGps=630.4 elapsed=3d13h46m
Sep 14 19:04:09 nimbus-eth1-mainnet-long-benchmark[2233876]: INF 2026-09-14 19:04:09.986+00:00 Imported blocks                            blockNumber=20594689 slot=9802745 blocks=20594688 txs=2484891011 mgas=194789870 bps=31.90 tps=5030 mgps=484.1 avgBps=66.64 avgTps=8040 avgMGps=630.3 elapsed=3d13h50m
Sep 14 19:08:31 nimbus-eth1-mainnet-long-benchmark[2233876]: INF 2026-09-14 19:08:31.494+00:00 Imported blocks                            blockNumber=20602881 slot=9810996 blocks=20602880 txs=2486119333 mgas=194914414 bps=31.33 tps=4697 mgps=476.3 avgBps=66.61 avgTps=8037 avgMGps=630.2 elapsed=3d13h54m
Sep 14 19:12:44 nimbus-eth1-mainnet-long-benchmark[2233876]: INF 2026-09-14 19:12:44.710+00:00 Imported blocks                            blockNumber=20611073 slot=9819237 blocks=20611072 txs=2487216978 mgas=195039228 bps=32.35 tps=4334 mgps=492.9 avgBps=66.58 avgTps=8034 avgMGps=630.1 elapsed=3d13h59m
Sep 14 19:16:48 nimbus-eth1-mainnet-long-benchmark[2233876]: INF 2026-09-14 19:16:48.678+00:00 Imported blocks                            blockNumber=20619265 slot=9827482 blocks=20619264 txs=2488541897 mgas=195163520 bps=33.58 tps=5430 mgps=509.5 avgBps=66.56 avgTps=8032 avgMGps=630.0 elapsed=3d14h3m
Sep 14 19:20:51 nimbus-eth1-mainnet-long-benchmark[2233876]: INF 2026-09-14 19:20:51.062+00:00 Imported blocks                            blockNumber=20627457 slot=9835711 blocks=20627456 txs=2489858365 mgas=195287826 bps=33.80 tps=5431 mgps=512.9 avgBps=66.53 avgTps=8030 avgMGps=629.9 elapsed=3d14h7m
Sep 14 19:24:59 nimbus-eth1-mainnet-long-benchmark[2233876]: INF 2026-09-14 19:24:59.010+00:00 Imported blocks                            blockNumber=20635649 slot=9843959 blocks=20635648 txs=2491181770 mgas=195412065 bps=33.04 tps=5337 mgps=501.1 avgBps=66.51 avgTps=8028 avgMGps=629.8 elapsed=3d14h11m
Sep 14 19:29:09 nimbus-eth1-mainnet-long-benchmark[2233876]: INF 2026-09-14 19:29:09.398+00:00 Imported blocks                            blockNumber=20643841 slot=9852200 blocks=20643840 txs=2492494347 mgas=195536175 bps=32.72 tps=5242 mgps=495.7 avgBps=66.48 avgTps=8026 avgMGps=629.7 elapsed=3d14h15m
Sep 14 19:33:23 nimbus-eth1-mainnet-long-benchmark[2233876]: INF 2026-09-14 19:33:23.758+00:00 Imported blocks                            blockNumber=20652033 slot=9860438 blocks=20652032 txs=2493662245 mgas=195660830 bps=32.21 tps=4591 mgps=490.1 avgBps=66.45 avgTps=8023 avgMGps=629.6 elapsed=3d14h19m
Sep 14 19:37:39 nimbus-eth1-mainnet-long-benchmark[2233876]: INF 2026-09-14 19:37:39.122+00:00 Imported blocks                            blockNumber=20660225 slot=9868668 blocks=20660224 txs=2494835211 mgas=195785649 bps=32.08 tps=4593 mgps=488.8 avgBps=66.42 avgTps=8020 avgMGps=629.4 elapsed=3d14h24m
Sep 14 19:41:30 nimbus-eth1-mainnet-long-benchmark[2233876]: INF 2026-09-14 19:41:30.498+00:00 Imported blocks                            blockNumber=20668417 slot=9876900 blocks=20668416 txs=2496072189 mgas=195909878 bps=35.41 tps=5346 mgps=536.9 avgBps=66.40 avgTps=8018 avgMGps=629.4 elapsed=3d14h27m
Sep 14 19:45:39 nimbus-eth1-mainnet-long-benchmark[2233876]: INF 2026-09-14 19:45:39.018+00:00 Imported blocks                            blockNumber=20676609 slot=9885128 blocks=20676608 txs=2497350614 mgas=196034070 bps=32.96 tps=5144 mgps=499.7 avgBps=66.37 avgTps=8016 avgMGps=629.3 elapsed=3d14h32m
Sep 14 19:49:28 nimbus-eth1-mainnet-long-benchmark[2233876]: INF 2026-09-14 19:49:28.107+00:00 Imported blocks                            blockNumber=20684801 slot=9893357 blocks=20684800 txs=2498628037 mgas=196158234 bps=35.76 tps=5576 mgps=542.0 avgBps=66.35 avgTps=8014 avgMGps=629.2 elapsed=3d14h35m
Sep 14 19:53:25 nimbus-eth1-mainnet-long-benchmark[2233876]: INF 2026-09-14 19:53:25.067+00:00 Imported blocks                            blockNumber=20692993 slot=9901590 blocks=20692992 txs=2499927346 mgas=196282456 bps=34.57 tps=5483 mgps=524.2 avgBps=66.33 avgTps=8012 avgMGps=629.1 elapsed=3d14h39m
Sep 14 19:57:34 nimbus-eth1-mainnet-long-benchmark[2233876]: INF 2026-09-14 19:57:34.867+00:00 Imported blocks                            blockNumber=20701185 slot=9909808 blocks=20701184 txs=2501207985 mgas=196406495 bps=32.79 tps=5126 mgps=496.5 avgBps=66.30 avgTps=8010 avgMGps=629.0 elapsed=3d14h43m
Sep 14 20:01:56 nimbus-eth1-mainnet-long-benchmark[2233876]: INF 2026-09-14 20:01:56.415+00:00 Imported blocks                            blockNumber=20709377 slot=9918046 blocks=20709376 txs=2502445590 mgas=196530646 bps=31.32 tps=4731 mgps=474.7 avgBps=66.27 avgTps=8007 avgMGps=628.9 elapsed=3d14h48m
Sep 14 20:05:56 nimbus-eth1-mainnet-long-benchmark[2233876]: INF 2026-09-14 20:05:56.867+00:00 Imported blocks                            blockNumber=20717569 slot=9926276 blocks=20717568 txs=2503764978 mgas=196654614 bps=34.07 tps=5486 mgps=515.6 avgBps=66.24 avgTps=8005 avgMGps=628.8 elapsed=3d14h52m
Sep 14 20:09:55 nimbus-eth1-mainnet-long-benchmark[2233876]: INF 2026-09-14 20:09:55.899+00:00 Imported blocks                            blockNumber=20725761 slot=9934518 blocks=20725760 txs=2505098502 mgas=196778520 bps=34.27 tps=5578 mgps=518.4 avgBps=66.22 avgTps=8003 avgMGps=628.7 elapsed=3d14h56m
Sep 14 20:13:56 nimbus-eth1-mainnet-long-benchmark[2233876]: INF 2026-09-14 20:13:56.487+00:00 Imported blocks                            blockNumber=20733953 slot=9942757 blocks=20733952 txs=2506441392 mgas=196902592 bps=34.05 tps=5581 mgps=515.7 avgBps=66.20 avgTps=8002 avgMGps=628.6 elapsed=3d15h21s
Sep 14 20:17:53 nimbus-eth1-mainnet-long-benchmark[2233876]: INF 2026-09-14 20:17:53.791+00:00 Imported blocks                            blockNumber=20742145 slot=9950994 blocks=20742144 txs=2507777316 mgas=197026592 bps=34.52 tps=5629 mgps=522.5 avgBps=66.17 avgTps=8000 avgMGps=628.6 elapsed=3d15h4m
Sep 14 20:22:02 nimbus-eth1-mainnet-long-benchmark[2233876]: INF 2026-09-14 20:22:02.575+00:00 Imported blocks                            blockNumber=20750337 slot=9959240 blocks=20750336 txs=2509059580 mgas=197150636 bps=32.93 tps=5154 mgps=498.6 avgBps=66.15 avgTps=7998 avgMGps=628.5 elapsed=3d15h8m
Sep 14 20:26:17 nimbus-eth1-mainnet-long-benchmark[2233876]: INF 2026-09-14 20:26:17.023+00:00 Imported blocks                            blockNumber=20758529 slot=9967460 blocks=20758528 txs=2510311801 mgas=197274711 bps=32.20 tps=4921 mgps=487.6 avgBps=66.12 avgTps=7995 avgMGps=628.3 elapsed=3d15h12m
Sep 14 20:30:09 nimbus-eth1-mainnet-long-benchmark[2233876]: INF 2026-09-14 20:30:09.943+00:00 Imported blocks                            blockNumber=20766721 slot=9975702 blocks=20766720 txs=2511560762 mgas=197398721 bps=35.17 tps=5362 mgps=532.4 avgBps=66.09 avgTps=7993 avgMGps=628.3 elapsed=3d15h16m
Sep 14 20:33:58 nimbus-eth1-mainnet-long-benchmark[2233876]: INF 2026-09-14 20:33:58.272+00:00 Imported blocks                            blockNumber=20774913 slot=9983955 blocks=20774912 txs=2512857042 mgas=197522681 bps=35.88 tps=5677 mgps=542.9 avgBps=66.07 avgTps=7991 avgMGps=628.2 elapsed=3d15h20m
Sep 14 20:37:34 nimbus-eth1-mainnet-long-benchmark[2233876]: INF 2026-09-14 20:37:34.904+00:00 Imported blocks                            blockNumber=20783105 slot=9992198 blocks=20783104 txs=2514152897 mgas=197646543 bps=37.81 tps=5981 mgps=571.8 avgBps=66.05 avgTps=7990 avgMGps=628.2 elapsed=3d15h24m
Sep 14 20:41:17 nimbus-eth1-mainnet-long-benchmark[2233876]: INF 2026-09-14 20:41:17.161+00:00 Imported blocks                            blockNumber=20791297 slot=10000436 blocks=20791296 txs=2515509958 mgas=197770198 bps=36.86 tps=6105 mgps=556.4 avgBps=66.03 avgTps=7989 avgMGps=628.1 elapsed=3d15h27m
Sep 14 20:44:50 nimbus-eth1-mainnet-long-benchmark[2233876]: INF 2026-09-14 20:44:50.281+00:00 Imported blocks                            blockNumber=20799489 slot=10008679 blocks=20799488 txs=2516796641 mgas=197894102 bps=38.44 tps=6037 mgps=581.4 avgBps=66.01 avgTps=7987 avgMGps=628.1 elapsed=3d15h31m
Sep 14 20:48:44 nimbus-eth1-mainnet-long-benchmark[2233876]: INF 2026-09-14 20:48:44.594+00:00 Imported blocks                            blockNumber=20807681 slot=10016909 blocks=20807680 txs=2518022350 mgas=198017786 bps=34.96 tps=5231 mgps=527.9 avgBps=65.99 avgTps=7985 avgMGps=628.0 elapsed=3d15h35m
Sep 14 20:52:27 nimbus-eth1-mainnet-long-benchmark[2233876]: INF 2026-09-14 20:52:27.502+00:00 Imported blocks                            blockNumber=20815873 slot=10025141 blocks=20815872 txs=2519303534 mgas=198141487 bps=36.75 tps=5747 mgps=554.9 avgBps=65.97 avgTps=7984 avgMGps=628.0 elapsed=3d15h38m
Sep 14 20:56:04 nimbus-eth1-mainnet-long-benchmark[2233876]: INF 2026-09-14 20:56:04.762+00:00 Imported blocks                            blockNumber=20824065 slot=10033363 blocks=20824064 txs=2520609705 mgas=198265162 bps=37.71 tps=6012 mgps=569.3 avgBps=65.95 avgTps=7982 avgMGps=627.9 elapsed=3d15h42m
Sep 14 20:59:44 nimbus-eth1-mainnet-long-benchmark[2233876]: INF 2026-09-14 20:59:44.735+00:00 Imported blocks                            blockNumber=20832257 slot=10041601 blocks=20832256 txs=2521910298 mgas=198388860 bps=37.24 tps=5912 mgps=562.3 avgBps=65.93 avgTps=7981 avgMGps=627.9 elapsed=3d15h46m
Sep 14 21:03:29 nimbus-eth1-mainnet-long-benchmark[2233876]: INF 2026-09-14 21:03:29.555+00:00 Imported blocks                            blockNumber=20840449 slot=10049823 blocks=20840448 txs=2523232491 mgas=198512602 bps=36.44 tps=5881 mgps=550.4 avgBps=65.91 avgTps=7979 avgMGps=627.8 elapsed=3d15h49m
Sep 14 21:07:46 nimbus-eth1-mainnet-long-benchmark[2233876]: INF 2026-09-14 21:07:46.011+00:00 Imported blocks                            blockNumber=20848641 slot=10058046 blocks=20848640 txs=2524571769 mgas=198636483 bps=31.94 tps=5222 mgps=483.1 avgBps=65.88 avgTps=7977 avgMGps=627.7 elapsed=3d15h54m
Sep 14 21:12:01 nimbus-eth1-mainnet-long-benchmark[2233876]: INF 2026-09-14 21:12:01.451+00:00 Imported blocks                            blockNumber=20856833 slot=10066279 blocks=20856832 txs=2525851925 mgas=198760528 bps=32.07 tps=5011 mgps=485.6 avgBps=65.86 avgTps=7975 avgMGps=627.6 elapsed=3d15h58m
Sep 14 21:16:17 nimbus-eth1-mainnet-long-benchmark[2233876]: INF 2026-09-14 21:16:17.795+00:00 Imported blocks                            blockNumber=20865025 slot=10074499 blocks=20865024 txs=2527192970 mgas=198884468 bps=31.96 tps=5231 mgps=483.5 avgBps=65.83 avgTps=7973 avgMGps=627.5 elapsed=3d16h2m
Sep 14 21:20:10 nimbus-eth1-mainnet-long-benchmark[2233876]: INF 2026-09-14 21:20:10.223+00:00 Imported blocks                            blockNumber=20873217 slot=10082726 blocks=20873216 txs=2528642119 mgas=199008343 bps=35.25 tps=6234 mgps=533.0 avgBps=65.81 avgTps=7971 avgMGps=627.4 elapsed=3d16h6m
Sep 14 21:24:09 nimbus-eth1-mainnet-long-benchmark[2233876]: INF 2026-09-14 21:24:09.187+00:00 Imported blocks                            blockNumber=20881409 slot=10090947 blocks=20881408 txs=2529960756 mgas=199132172 bps=34.28 tps=5518 mgps=518.2 avgBps=65.78 avgTps=7970 avgMGps=627.3 elapsed=3d16h10m
Sep 14 21:28:06 nimbus-eth1-mainnet-long-benchmark[2233876]: INF 2026-09-14 21:28:06.676+00:00 Imported blocks                            blockNumber=20889601 slot=10099176 blocks=20889600 txs=2531270760 mgas=199256251 bps=34.49 tps=5516 mgps=522.5 avgBps=65.76 avgTps=7968 avgMGps=627.2 elapsed=3d16h14m
Sep 14 21:31:56 nimbus-eth1-mainnet-long-benchmark[2233876]: INF 2026-09-14 21:31:56.948+00:00 Imported blocks                            blockNumber=20897793 slot=10107391 blocks=20897792 txs=2532558201 mgas=199380315 bps=35.58 tps=5590 mgps=538.8 avgBps=65.74 avgTps=7966 avgMGps=627.2 elapsed=3d16h18m
Sep 14 21:35:50 nimbus-eth1-mainnet-long-benchmark[2233876]: INF 2026-09-14 21:35:50.864+00:00 Imported blocks                            blockNumber=20905985 slot=10115611 blocks=20905984 txs=2533796308 mgas=199504257 bps=35.02 tps=5292 mgps=529.9 avgBps=65.71 avgTps=7964 avgMGps=627.1 elapsed=3d16h22m
Sep 14 21:39:40 nimbus-eth1-mainnet-long-benchmark[2233876]: INF 2026-09-14 21:39:40.672+00:00 Imported blocks                            blockNumber=20914177 slot=10123834 blocks=20914176 txs=2535067280 mgas=199628225 bps=35.65 tps=5530 mgps=539.4 avgBps=65.69 avgTps=7962 avgMGps=627.0 elapsed=3d16h26m
Sep 14 21:43:21 nimbus-eth1-mainnet-long-benchmark[2233876]: INF 2026-09-14 21:43:21.085+00:00 Imported blocks                            blockNumber=20922369 slot=10132052 blocks=20922368 txs=2536405686 mgas=199751845 bps=37.17 tps=6072 mgps=560.9 avgBps=65.67 avgTps=7961 avgMGps=627.0 elapsed=3d16h29m
Sep 14 21:47:00 nimbus-eth1-mainnet-long-benchmark[2233876]: INF 2026-09-14 21:47:00.397+00:00 Imported blocks                            blockNumber=20930561 slot=10140274 blocks=20930560 txs=2537756059 mgas=199875636 bps=37.35 tps=6157 mgps=564.5 avgBps=65.65 avgTps=7960 avgMGps=627.0 elapsed=3d16h33m
Sep 14 21:50:56 nimbus-eth1-mainnet-long-benchmark[2233876]: INF 2026-09-14 21:50:56.598+00:00 Imported blocks                            blockNumber=20938753 slot=10148494 blocks=20938752 txs=2539070302 mgas=199999273 bps=34.68 tps=5564 mgps=523.4 avgBps=65.63 avgTps=7958 avgMGps=626.9 elapsed=3d16h37m
Sep 14 21:54:36 nimbus-eth1-mainnet-long-benchmark[2233876]: INF 2026-09-14 21:54:36.070+00:00 Imported blocks                            blockNumber=20946945 slot=10156745 blocks=20946944 txs=2540462929 mgas=200122988 bps=37.33 tps=6345 mgps=563.7 avgBps=65.61 avgTps=7957 avgMGps=626.8 elapsed=3d16h41m
Sep 14 21:58:44 nimbus-eth1-mainnet-long-benchmark[2233876]: INF 2026-09-14 21:58:44.158+00:00 Imported blocks                            blockNumber=20955137 slot=10165009 blocks=20955136 txs=2541746285 mgas=200246893 bps=33.02 tps=5173 mgps=499.4 avgBps=65.59 avgTps=7955 avgMGps=626.7 elapsed=3d16h45m
Sep 14 22:02:44 nimbus-eth1-mainnet-long-benchmark[2233876]: INF 2026-09-14 22:02:44.014+00:00 Imported blocks                            blockNumber=20963329 slot=10173259 blocks=20963328 txs=2542997277 mgas=200370697 bps=34.15 tps=5215 mgps=516.2 avgBps=65.56 avgTps=7953 avgMGps=626.6 elapsed=3d16h49m
Sep 14 22:06:32 nimbus-eth1-mainnet-long-benchmark[2233876]: INF 2026-09-14 22:06:32.683+00:00 Imported blocks                            blockNumber=20971521 slot=10181499 blocks=20971520 txs=2544394231 mgas=200494597 bps=35.82 tps=6109 mgps=541.8 avgBps=65.54 avgTps=7951 avgMGps=626.6 elapsed=3d16h52m
Sep 14 22:10:27 nimbus-eth1-mainnet-long-benchmark[2233876]: INF 2026-09-14 22:10:27.651+00:00 Imported blocks                            blockNumber=20979713 slot=10189737 blocks=20979712 txs=2545745935 mgas=200618342 bps=34.86 tps=5752 mgps=526.6 avgBps=65.52 avgTps=7950 avgMGps=626.5 elapsed=3d16h56m
Sep 14 22:14:13 nimbus-eth1-mainnet-long-benchmark[2233876]: INF 2026-09-14 22:14:13.491+00:00 Imported blocks                            blockNumber=20987905 slot=10197972 blocks=20987904 txs=2547154623 mgas=200742279 bps=36.27 tps=6237 mgps=548.8 avgBps=65.50 avgTps=7948 avgMGps=626.5 elapsed=3d17h38s
Sep 14 22:17:52 nimbus-eth1-mainnet-long-benchmark[2233876]: INF 2026-09-14 22:17:52.720+00:00 Imported blocks                            blockNumber=20996097 slot=10206206 blocks=20996096 txs=2548657544 mgas=200866186 bps=37.37 tps=6855 mgps=565.2 avgBps=65.48 avgTps=7948 avgMGps=626.4 elapsed=3d17h4m
Sep 14 22:21:57 nimbus-eth1-mainnet-long-benchmark[2233876]: INF 2026-09-14 22:21:57.804+00:00 Imported blocks                            blockNumber=21004289 slot=10214429 blocks=21004288 txs=2550076846 mgas=200990114 bps=33.43 tps=5791 mgps=505.7 avgBps=65.45 avgTps=7946 avgMGps=626.3 elapsed=3d17h8m
Sep 14 22:22:30 nimbus-eth1-mainnet-long-benchmark[2233876]: INF 2026-09-14 22:22:30.371+00:00 Imported blocks                            blockNumber=21005282 slot=10223616 blocks=21005281 txs=2550236120 mgas=201005159 bps=30.49 tps=4890 mgps=462.0 avgBps=65.45 avgTps=7946 avgMGps=626.3 elapsed=3d17h8m
Sep 14 22:22:30 nimbus-eth1-mainnet-long-benchmark[2233876]: NTC 2026-09-14 22:22:30.371+00:00 Import complete                            blockNumber=21005282 slot=10223616 blocks=21005281 txs=2550236120 mgas=201005159
Sep 14 22:22:31 nimbus-eth1-mainnet-long-benchmark[2210440]: <<< ending startNimbusWithImport (success)
Sep 14 22:22:31 nimbus-eth1-mainnet-long-benchmark[2210440]: >>> starting moveBenchmarkingFileToRepo
Sep 14 22:22:31 nimbus-eth1-mainnet-long-benchmark[2210440]: >>> copying debug-csv generated by nimbus to benchmarks repo
Sep 14 22:22:31 nimbus-eth1-mainnet-long-benchmark[2210440]: <<< ending moveBenchmarkingFileToRepo (success)
Sep 14 22:22:31 nimbus-eth1-mainnet-long-benchmark[2735760]: tail: error writing 'standard output': Broken pipe
Sep 14 22:22:31 nimbus-eth1-mainnet-long-benchmark[2210440]: >>> starting generateBuildEnvironmentLogFile
Sep 14 22:22:40 nimbus-eth1-mainnet-long-benchmark[2210440]: <<< ending generateBuildEnvironmentLogFile (success)
Sep 14 22:22:40 nimbus-eth1-mainnet-long-benchmark[2210440]: >>> starting generateSystemdServiceLogs
