block_number,blocks,slot,txs,gas,time
8193,8192,1,0,0,234664753
16385,8192,1,0,0,228336925
24577,8192,1,0,0,221100304
32769,8192,1,0,0,229988674
40961,8192,1,0,0,227247142
49153,8192,1,1514,33070964,293490356
57345,8192,1,3916,407821091,421323043
65537,8192,1,2676,90041948,348986200
73729,8192,1,5821,197747509,416154948
81921,8192,1,4204,131282630,389479323
90113,8192,1,4589,112269814,382809217
98305,8192,1,3327,84662425,348559153
106497,8192,1,4168,105498119,366790882
114689,8192,1,4247,119199457,364211460
122881,8192,1,6054,163953975,390939614
131073,8192,1,5852,147449076,366049557
139265,8192,1,6678,168428364,388308702
147457,8192,1,7805,190561977,423830456
155649,8192,1,8675,220080834,448308936
163841,8192,1,7255,175016877,419790724
172033,8192,1,10115,242307512,478142088
180225,8192,1,12029,319429322,532834589
188417,8192,1,10493,307941046,506110044
196609,8192,1,8488,226000959,463382136
204801,8192,1,9431,284499928,485770179
212993,8192,1,9432,269025812,478879224
221185,8192,1,9745,253020191,487579736
229377,8192,1,9473,303239797,486528934
237569,8192,1,9752,287334366,494946878
245761,8192,1,9175,237099979,496906835
253953,8192,1,9225,299876210,513487986
262145,8192,1,8500,237942979,481204239
270337,8192,1,11073,360421503,536719483
278529,8192,1,11244,333906121,552720587
286721,8192,1,9944,288230259,513329127
294913,8192,1,9552,272964709,506786050
303105,8192,1,10564,278617464,515343504
311297,8192,1,9852,289668902,515234524
319489,8192,1,10772,285019105,525067420
327681,8192,1,9264,263512681,517397570
335873,8192,1,10710,300329465,556000676
344065,8192,1,10447,340557247,545277097
352257,8192,1,11871,367785281,589527794
360449,8192,1,11031,301110840,573345292
368641,8192,1,10176,272300629,536199506
376833,8192,1,10299,327273585,571667762
385025,8192,1,11650,328391280,579987248
393217,8192,1,10917,668394420,606608402
401409,8192,1,10512,371168499,572660126
409601,8192,1,11329,399996130,584204520
417793,8192,1,9682,299513459,536287485
425985,8192,1,10211,378463309,588317433
434177,8192,1,10123,371765259,600388134
442369,8192,1,10202,298321714,545884952
450561,8192,1,10252,488330843,836680885
458753,8192,1,11670,315763779,599555130
466945,8192,1,12392,405644045,609373033
475137,8192,1,11262,434129872,709209106
483329,8192,1,11885,436485530,820461033
491521,8192,1,11396,324292141,672392559
499713,8192,1,11390,316107054,577428664
507905,8192,1,19834,986537643,919296302
516097,8192,1,14518,537099270,696245812
524289,8192,1,14364,563247320,783329157
532481,8192,1,15028,641704064,828038093
540673,8192,1,11625,533545978,768281187
548865,8192,1,12334,352563908,592495875
557057,8192,1,11579,286224762,560470076
565249,8192,1,12543,387072166,626892278
573441,8192,1,11762,377902837,643519319
581633,8192,1,11889,329240266,610053670
589825,8192,1,12402,356748509,637113302
598017,8192,1,11554,361660592,590423588
606209,8192,1,11466,286807225,573376832
614401,8192,1,11355,383668685,822994236
622593,8192,1,12943,487254257,620644549
630785,8192,1,10960,369935232,570017244
638977,8192,1,10609,304527314,558379070
647169,8192,1,11891,400916707,589915322
655361,8192,1,13364,422684376,604707755
663553,8192,1,11233,291970815,574187876
671745,8192,1,11307,306322589,576967577
679937,8192,1,13718,480255087,727595075
688129,8192,1,12101,533373764,717804249
696321,8192,1,24697,2437912230,2380000935
704513,8192,1,24278,1882935448,1695676715
712705,8192,1,15914,1053536841,1264553706
720897,8192,1,14854,884970772,1136204442
729089,8192,1,18033,1103406409,1260324324
737281,8192,1,39634,2413080461,2482974256
745473,8192,1,20252,1205744179,1484196989
753665,8192,1,16649,914386676,1314347248
761857,8192,1,29450,1702093462,1952268763
770049,8192,1,19926,1149090055,1568031318
778241,8192,1,27585,1546147829,1837724987
786433,8192,1,13804,512905120,932228066
794625,8192,1,14238,555275432,1021416839
802817,8192,1,20936,1074374824,1429761877
811009,8192,1,33100,2274628469,2286862199
819201,8192,1,21058,1074857191,1399153878
827393,8192,1,17945,1068696871,1330316433
835585,8192,1,16965,691346951,1136093353
843777,8192,1,24779,1318609001,1612556273
851969,8192,1,17337,797507253,1197922816
860161,8192,1,16221,653054698,857268200
868353,8192,1,17414,667767224,823958160
876545,8192,1,20874,997212648,1012998874
884737,8192,1,18556,602924448,851795876
892929,8192,1,20188,746509191,925631970
901121,8192,1,20728,705763650,912071109
909313,8192,1,28858,1212230895,1203739617
917505,8192,1,29450,1450050635,1414375959
925697,8192,1,25856,1070129090,1243512375
933889,8192,1,23756,919949479,1096302714
942081,8192,1,24390,780757258,966795728
950273,8192,1,22318,724737535,940749491
958465,8192,1,23856,823943680,1004751688
966657,8192,1,39968,1787855655,1624442885
974849,8192,1,24875,783309904,1012575116
983041,8192,1,25559,758151178,1001659599
991233,8192,1,32769,996332438,1100898995
999425,8192,1,29253,955506690,1125138334
1007617,8192,1,28779,874607232,1037505143
1015809,8192,1,28640,944195150,1087668762
1024001,8192,1,30592,1077029621,1189714390
1032193,8192,1,30567,1025667741,1095580909
1040385,8192,1,26761,784549571,1013461711
1048577,8192,1,28815,1876343804,1166019766
1056769,8192,1,31628,1248873846,1105183365
1064961,8192,1,32758,1302389229,1223882575
1073153,8192,1,30961,857488355,997286078
1081345,8192,1,33502,949562723,1136325581
1089537,8192,1,37121,995463452,1177421930
1097729,8192,1,40115,1081576458,1186733299
1105921,8192,1,42800,1253697553,1317827656
1114113,8192,1,41667,1235498720,1250722257
1122305,8192,1,38878,1141426898,1191697527
1130497,8192,1,41538,1202802604,1235380718
1138689,8192,1,39904,1101644111,1173804585
1146881,8192,1,44221,1340457745,1241967364
1155073,8192,1,43528,1383496645,1279583408
1163265,8192,1,38152,1246718060,1177137141
1171457,8192,1,44944,1374923499,1328454036
1179649,8192,1,46242,1574630437,1373975854
1187841,8192,1,44523,1522997076,1302137469
1196033,8192,1,43594,1529570548,1465876199
1204225,8192,1,41259,1452683779,1327337812
1212417,8192,1,52923,2302777232,1926201548
1220609,8192,1,46705,1563686082,1407590793
1228801,8192,1,46123,1514235577,1529880377
1236993,8192,1,43046,1458453689,1501109487
1245185,8192,1,49499,1658881432,1542821523
1253377,8192,1,46254,1516126264,1274246580
1261569,8192,1,42318,1328121509,1473494968
1269761,8192,1,40021,1078268036,1170188329
1277953,8192,1,46365,1435004546,1498634991
1286145,8192,1,50841,1591258579,1564805108
1294337,8192,1,41499,1271776158,1296742964
1302529,8192,1,47633,1512367159,1570529709
1310721,8192,1,42641,1164414830,1284183267
1318913,8192,1,42610,1137106273,1247214051
1327105,8192,1,45560,1357858661,1398982319
1335297,8192,1,50369,1781939706,1413820112
1343489,8192,1,45221,1209479371,1266330555
1351681,8192,1,44015,1206824098,1309621259
1359873,8192,1,54888,1591716049,1292172004
1368065,8192,1,43396,1184809863,1302491147
1376257,8192,1,48876,1593180641,1480579762
1384449,8192,1,45143,1439543743,1268022613
1392641,8192,1,41341,1118372583,1258149889
1400833,8192,1,45540,1329131424,1332157760
1409025,8192,1,49104,1485363761,1459085204
1417217,8192,1,44023,1225869865,1242346613
1425409,8192,1,49886,1450651632,1480202854
1433601,8192,1,56669,1681771886,1527623153
1441793,8192,1,54635,1947185643,1523707468
1449985,8192,1,56685,1624594158,1452764645
1458177,8192,1,50196,1613347851,1478034570
1466369,8192,1,54893,2240127730,2036882676
1474561,8192,1,52100,1483885342,1443258358
1482753,8192,1,51280,1586965488,1551492985
1490945,8192,1,56855,1674576856,1482405440
1499137,8192,1,52382,1728224502,1480666292
1507329,8192,1,60036,2138598848,1814055404
1515521,8192,1,69268,2441975068,1912230489
1523713,8192,1,56514,1832134302,1751387377
1531905,8192,1,51124,1731842384,1651822073
1540097,8192,1,58754,1911501394,1698374268
1548289,8192,1,61429,1987968261,1647540162
1556481,8192,1,60630,2360467143,1864583821
1564673,8192,1,56981,1819841802,1539997451
1572865,8192,1,56494,1777140576,1500485672
1581057,8192,1,59042,1735378915,1515377093
1589249,8192,1,68973,2172337508,1796435210
1597441,8192,1,64306,2192773982,1753420185
1605633,8192,1,86669,3493104245,2357501953
1613825,8192,1,62112,2154462632,1743050473
1622017,8192,1,60118,1914186297,1632820909
1630209,8192,1,53413,1741132990,1480027426
1638401,8192,1,56756,1633896769,1434515686
1646593,8192,1,50346,1452533160,1436592902
1654785,8192,1,50828,1521883376,1411233630
1662977,8192,1,60376,3061122313,2260881249
1671169,8192,1,55258,1843787387,1655498929
1679361,8192,1,55775,1793288354,1550251824
1687553,8192,1,52281,1793521528,1510414465
1695745,8192,1,55227,1857680146,1551908323
1703937,8192,1,64652,2265573762,1857633437
1712129,8192,1,63355,2060421766,1724190877
1720321,8192,1,65682,5800241515,7403925915
1728513,8192,1,95610,16739007815,38022361978
1736705,8192,1,67917,4743426756,7775017970
1744897,8192,1,62602,3296268924,3722775735
1753089,8192,1,68336,3841591968,2938630594
1761281,8192,1,58130,2076897006,1930686716
1769473,8192,1,57022,2221809906,1624545724
1777665,8192,1,52898,1689289635,1615581302
1785857,8192,1,53856,1708894430,1833302598
1794049,8192,1,56044,1992483551,2113507992
1802241,8192,1,90325,5767597538,2823179754
1810433,8192,1,52758,2499380206,4223769783
1818625,8192,1,55194,1772826158,1875085323
1826817,8192,1,53703,1704827192,1525414446
1835009,8192,1,49822,1916513753,2011963761
1843201,8192,1,53374,1676538934,1580108426
1851393,8192,1,60123,2381439875,3021425714
1859585,8192,1,56426,2865260110,4365287385
1867777,8192,1,50632,1670163364,1852823507
1875969,8192,1,53453,1904646721,1947695241
1884161,8192,1,54655,1840362954,1668137599
1892353,8192,1,54265,1824465369,1548030710
1900545,8192,1,51280,1414646366,1377531409
1908737,8192,1,47043,1388770142,1421980330
1916929,8192,1,63160,1874850406,1588122009
1925121,8192,1,62773,4171399935,7246374993
1933313,8192,1,65738,2266620454,2061996698
1941505,8192,1,62037,2034143904,1706000671
1949697,8192,1,79321,2248553641,1814446388
1957889,8192,1,74738,2527380908,2135896206
1966081,8192,1,75137,2369261794,1882807613
1974273,8192,1,66582,2970283633,2223814174
1982465,8192,1,60335,2173102476,2207400542
1990657,8192,1,63657,1764764048,1489830418
1998849,8192,1,66671,2054100679,1720225680
2007041,8192,1,68240,2035711402,1741605921
2015233,8192,1,60275,1885646786,1567173126
2023425,8192,1,59731,1718762000,1499171858
2031617,8192,1,56298,1666187619,1475427412
2039809,8192,1,56416,2985329528,2189471638
2048001,8192,1,67806,2074138922,1638600260
2056193,8192,1,63577,1903780373,1582272488
2064385,8192,1,55865,1657169845,1487225966
2072577,8192,1,58480,1557471379,1389122244
2080769,8192,1,55331,1599645346,1445909674
2088961,8192,1,64228,1850037001,1620546658
2097153,8192,1,66060,2188998555,1798029204
2105345,8192,1,54235,1660505770,1479953143
2113537,8192,1,56694,1742357705,1484125435
2121729,8192,1,61614,1816239031,1549678741
2129921,8192,1,63451,3861822325,2440631443
2138113,8192,1,69603,2043909844,1641489992
2146305,8192,1,61611,1914481982,1552006054
2154497,8192,1,62524,1658273809,1431484159
2162689,8192,1,61974,1798911967,1582938953
2170881,8192,1,62834,1920681017,1639327728
2179073,8192,1,61629,1818058493,1555750599
2187265,8192,1,76278,2727312503,1979711263
2195457,8192,1,59767,1675377812,1515945427
2203649,8192,1,65371,2614658821,1814140787
2211841,8192,1,62364,2039781213,1539313278
2220033,8192,1,60969,1981999587,1595777108
2228225,8192,1,85854,2814470323,1909361589
2236417,8192,1,55933,1813330669,1423261352
2244609,8192,1,57588,1730634676,1440837658
2252801,8192,1,63320,2021513820,1613463986
2260993,8192,1,65183,2112882377,1781922978
2269185,8192,1,74523,2354744595,1719899543
2277377,8192,1,72172,2714744039,1818909559
2285569,8192,1,50199,1706002470,2674712351
2293761,8192,1,61842,1801256949,6068424016
2301953,8192,1,68639,2034760072,1776684843
2310145,8192,1,66952,2916329686,15803068682
2318337,8192,1,48275,1914011719,11687672172
2326529,8192,1,56968,3010508461,23420507611
2334721,8192,1,60252,3532946594,43773350686
2342913,8192,1,59242,2893073539,20817058497
2351105,8192,1,56520,2437337126,4184666198
2359297,8192,1,53930,2539978338,9029756692
2367489,8192,1,72486,5437092390,36798865756
2375681,8192,1,64351,3955814780,34325614413
2383873,8192,1,72150,4175006287,26098177173
2392065,8192,1,52311,3587030185,49032359259
2400257,8192,1,60755,3380343872,107483173868
2408449,8192,1,54394,3489623288,88422702697
2416641,8192,1,59749,3571481590,53091685393
2424833,8192,1,52901,2140315677,70835847652
2433025,8192,1,41983,2064705182,91055834693
2441217,8192,1,52489,1940457621,35924867069
2449409,8192,1,47032,1416811786,15901169760
2457601,8192,1,50121,1416935937,21477496231
2465793,8192,1,63997,2059194432,18022963267
2473985,8192,1,52613,5415624522,49765760380
2482177,8192,1,77644,2200694454,3331035789
2490369,8192,1,47944,1381582456,1506843776
2498561,8192,1,58110,1704965277,1621254173
2506753,8192,1,68097,2292291281,1953940297
2514945,8192,1,59292,1798672209,1781972477
2523137,8192,1,59793,1784849739,1731637635
2531329,8192,1,57693,1656383700,1676848210
2539521,8192,1,55694,1627913854,1557037921
2547713,8192,1,63237,1907051300,1789167329
2555905,8192,1,61395,1723186230,1743864135
2564097,8192,1,57303,1576168754,1715556249
2572289,8192,1,44899,1243188531,1351343378
2580481,8192,1,50737,1381762673,1416113247
2588673,8192,1,53997,1523970827,1611757044
2596865,8192,1,56755,1868225974,1894124247
2605057,8192,1,54579,1853422028,1671226018
2613249,8192,1,57937,1749156374,1662851282
2621441,8192,1,54830,1654717503,1677930883
2629633,8192,1,59687,1932781220,1716100316
2637825,8192,1,58098,1831832946,1659036247
2646017,8192,1,57577,1732304988,1664595730
2654209,8192,1,56517,1691425491,1500956625
2662401,8192,1,54908,1580644481,1693797000
2670593,8192,1,56589,1781259427,1567492333
2678785,8192,1,85495,2598196853,14011603083
2686977,8192,1,59696,3974729576,70668197780
2695169,8192,1,72462,4113740875,42051857363
2703361,8192,1,55726,4743499117,65653658960
2711553,8192,1,65254,6348291025,87024201704
2719745,8192,1,64427,5199613546,50581464030
2727937,8192,1,50844,1684630038,2124938864
2736129,8192,1,54697,1652133461,1518566328
2744321,8192,1,53051,1748152517,1461724591
2752513,8192,1,55339,1979520745,1630377918
2760705,8192,1,64847,2063457441,1661941711
2768897,8192,1,55277,1804237075,1679984923
2777089,8192,1,56023,1776551857,1613011452
2785281,8192,1,52991,1726269370,1599420650
2793473,8192,1,52624,2213276915,1525871731
2801665,8192,1,55238,1810591298,1677109143
2809857,8192,1,63980,2356415998,1879078221
2818049,8192,1,65743,2448549979,1911676278
2826241,8192,1,54971,1881197690,1591832009
2834433,8192,1,49662,1953789890,1652056286
2842625,8192,1,58392,2038106026,1648034493
2850817,8192,1,64185,2225753659,1741054104
2859009,8192,1,76490,2486660557,2060796003
2867201,8192,1,55683,1760491642,1538045621
2875393,8192,1,50675,1452936266,1399672886
2883585,8192,1,50157,1522394202,1450528274
2891777,8192,1,58225,1860099069,1551886801
2899969,8192,1,60144,2083730262,1670416126
2908161,8192,1,60988,2086757942,1674202331
2916353,8192,1,54302,1714680114,1527467251
2924545,8192,1,50695,1584719153,1533884169
2932737,8192,1,63026,2305221488,1954407719
2940929,8192,1,67480,2204851332,1849030489
2949121,8192,1,61833,1971573134,1844194689
2957313,8192,1,58505,1930260127,1669349292
2965505,8192,1,59699,1937673518,1692305633
2973697,8192,1,63091,2244391292,1753004305
2981889,8192,1,64874,2137001608,1672691331
2990081,8192,1,70738,2397486878,1762084907
2998273,8192,1,58903,1853897373,1568576222
3006465,8192,1,54373,1766782589,1560919812
3014657,8192,1,65027,2294148724,1767760359
3022849,8192,1,60922,2027141448,1709905079
3031041,8192,1,58548,1960456703,1765424835
3039233,8192,1,61315,2005539036,1736374346
3047425,8192,1,62091,2149768492,1797359185
3055617,8192,1,67927,2452616440,1892741441
3063809,8192,1,62018,2292070946,1881506496
3072001,8192,1,63286,2183742248,1913466046
3080193,8192,1,65669,2218082794,1829165938
3088385,8192,1,54874,1846213528,1619398989
3096577,8192,1,63311,2098245747,1797646405
3104769,8192,1,59762,2124435421,1731904484
3112961,8192,1,58897,2178531771,1923703129
3121153,8192,1,58468,1974991763,1689524762
3129345,8192,1,63556,2065813146,1797259016
3137537,8192,1,64128,2220717880,1816736499
3145729,8192,1,70462,2665896127,1989653648
3153921,8192,1,64806,2336669302,1945777006
3162113,8192,1,70074,2730719806,2174456320
3170305,8192,1,60420,2178878613,1821217729
3178497,8192,1,73252,3110141726,2148602609
3186689,8192,1,79081,2976280771,2126289035
3194881,8192,1,71074,2804402262,2083917501
3203073,8192,1,64978,2351345544,1868986918
3211265,8192,1,68556,2464803794,2064702947
3219457,8192,1,66845,2286314550,1833360771
3227649,8192,1,75763,3113040792,2103535892
3235841,8192,1,69688,2984250772,2092776754
3244033,8192,1,68668,2289170959,1841611137
3252225,8192,1,71170,2634879929,2066783563
3260417,8192,1,70604,2482121481,1985946712
3268609,8192,1,79874,2821352557,2175800021
3276801,8192,1,82615,2938903296,2188369739
3284993,8192,1,93464,3013882836,2424110977
3293185,8192,1,81232,2628326517,2146229794
3301377,8192,1,77780,2508423110,1975580390
3309569,8192,1,85412,2762075045,2106795192
3317761,8192,1,74949,2364616867,1899514888
3325953,8192,1,89542,3008034239,2449383502
3334145,8192,1,89382,3038054714,2229007352
3342337,8192,1,91012,2910544703,2252411791
3350529,8192,1,112957,4683356145,3055804155
3358721,8192,1,108487,3824938321,2688621777
3366913,8192,1,150248,4856683444,3260408098
3375105,8192,1,129410,4029391606,2994210949
3383297,8192,1,118959,3597176359,2684898030
3391489,8192,1,113031,3618928236,2738369802
3399681,8192,1,109702,3595863612,2577142227
3407873,8192,1,112341,3708098910,2603377843
3416065,8192,1,121089,3775021048,2662158151
3424257,8192,1,111288,3513747685,2622994686
3432449,8192,1,126552,4519125602,3069206299
3440641,8192,1,116739,3847970531,2911385410
3448833,8192,1,137505,4650151490,3190397745
3457025,8192,1,132372,4354448594,3328231445
3465217,8192,1,116438,3872751305,2915329914
3473409,8192,1,138958,4605215288,3505245287
3481601,8192,1,115237,3904507999,2884963852
3489793,8192,1,129313,4405146988,3152081186
3497985,8192,1,121326,4141663795,2958408093
3506177,8192,1,101941,3457895017,2673386337
3514369,8192,1,104473,3801545119,2818653616
3522561,8192,1,110663,3893580475,2889313545
3530753,8192,1,118136,4358681727,3044646959
3538945,8192,1,116538,3957151738,3204374214
3547137,8192,1,97599,3525061715,2790650050
3555329,8192,1,105494,3951999139,3315494778
3563521,8192,1,113777,4538716060,3517242898
3571713,8192,1,122232,4932027111,3715565681
3579905,8192,1,113517,5371454955,3204186345
3588097,8192,1,103751,3918968307,3212318352
3596289,8192,1,112257,4332652445,3258744479
3604481,8192,1,136619,5289710359,3678883431
3612673,8192,1,143158,5255428268,3638348346
3620865,8192,1,145745,4868936849,3741564461
3629057,8192,1,136562,4879877560,3598465610
3637249,8192,1,160424,6406024036,4157405165
3645441,8192,1,150436,5782052966,3914367694
3653633,8192,1,167559,5819732935,4229221565
3661825,8192,1,142125,5329409688,3679441991
3670017,8192,1,152266,6300591479,3929050498
3678209,8192,1,169497,6571385749,4181809695
3686401,8192,1,156250,7347905323,4513193569
3694593,8192,1,167344,7335647042,4474665840
3702785,8192,1,147702,7536226635,4455581165
3710977,8192,1,168287,8194709920,4773544145
3719169,8192,1,176741,9883600890,5699806120
3727361,8192,1,214081,11450730102,6260733151
3735553,8192,1,229327,12196031413,6870828513
3743745,8192,1,201943,10613685663,5884592673
3751937,8192,1,260406,12599459208,6921148693
3760129,8192,1,278528,15779303797,7766394206
3768321,8192,1,279013,16350363987,8020109437
3776513,8192,1,244538,13523383202,6871174560
3784705,8192,1,224822,12717337930,6940583276
3792897,8192,1,248995,13592095818,7267458239
3801089,8192,1,314302,19832169118,8338361465
3809281,8192,1,313676,17980594470,11811287697
3817473,8192,1,280618,16692684984,9656916484
3825665,8192,1,296114,15953100496,8889623192
3833857,8192,1,317754,17492872153,9561021831
3842049,8192,1,305857,17151665586,9588275063
3850241,8192,1,325308,16138916714,9686262511
3858433,8192,1,365858,18515263356,10568964191
3866625,8192,1,450999,21732698279,12387472539
3874817,8192,1,403872,18428150155,11577484676
3883009,8192,1,399350,18507971011,11706323803
3891201,8192,1,366142,17616667683,10947766363
3899393,8192,1,401398,20055154217,12375509897
3907585,8192,1,467519,26635229072,12736839335
3915777,8192,1,448080,27509986564,12806331190
3923969,8192,1,445137,22206823281,12597170288
3932161,8192,1,393944,20192356202,12056331535
3940353,8192,1,474437,21147977183,13693463690
3948545,8192,1,452736,24838577163,15811002063
3956737,8192,1,409197,21844246829,14111415056
3964929,8192,1,391200,20881198158,13846088764
3973121,8192,1,480657,24984090402,16216750530
3981313,8192,1,439836,24432971850,15892174802
3989505,8192,1,456105,22202913020,15515377956
3997697,8192,1,401541,19785653790,13366606587
4005889,8192,1,468451,21489133966,14959218722
4014081,8192,1,521089,25614275148,17598316526
4022273,8192,1,465732,25576854950,16087722684
4030465,8192,1,422645,19071909199,14569970418
4038657,8192,1,452765,21588202182,15212673775
4046849,8192,1,494336,24205815057,16034765260
4055041,8192,1,427170,19727949695,13714584752
4063233,8192,1,409232,17944225576,13255678463
4071425,8192,1,455169,22752023483,15589002560
4079617,8192,1,411552,20393151746,13428043386
4087809,8192,1,402826,19516574262,13805324396
4096001,8192,1,350511,18308327314,11959651838
4104193,8192,1,441704,23280158452,15051544748
4112385,8192,1,474401,24577424757,16803466511
4120577,8192,1,512389,25868228053,17767327182
4128769,8192,1,539622,25478534061,18340358341
4136961,8192,1,612130,30525492507,20721618533
4145153,8192,1,669828,31316179679,21844717313
4153345,8192,1,667176,32781900955,21817986698
4161537,8192,1,802050,39631270870,26252794608
4169729,8192,1,832182,45690595844,30340176695
4177921,8192,1,822935,40787417397,26372444036
4186113,8192,1,677937,33931766754,23260348227
4194305,8192,1,736129,33608364656,23659560475
4202497,8192,1,733583,31613370181,22973507273
4210689,8192,1,736596,33326421250,23842712004
4218881,8192,1,885279,42684031553,28108429844
4227073,8192,1,909505,44089434039,29208279344
4235265,8192,1,772574,36378544905,25792848839
4243457,8192,1,1021928,44970958961,31476365758
4251649,8192,1,1081239,50184234692,34073380035
4259841,8192,1,880278,41550585016,29911128763
4268033,8192,1,864414,41053728142,30044355795
4276225,8192,1,867715,42375737918,32451280898
4284417,8192,1,857098,44405284841,30407041686
4292609,8192,1,764839,40439697663,30769689198
4300801,8192,1,736339,41523378146,30257692460
4308993,8192,1,739102,40787147868,29963518022
4317185,8192,1,882460,46629010975,33046424844
4325377,8192,1,928715,45913689045,34638885307
4333569,8192,1,855500,44372358254,33180870555
4341761,8192,1,890587,45969894286,34018318908
4349953,8192,1,861954,44868560756,34323258408
4358145,8192,1,961145,45839288391,34553954171
4366337,8192,1,1022776,47707018313,36997124789
4374529,8192,1,788928,41640159530,30662568617
4382721,8192,1,680611,30304975089,24101136488
4390913,8192,1,633676,29394442349,24562350943
4399105,8192,1,691855,34599365091,23980792601
4407297,8192,1,587597,22219394536,18773738298
4415489,8192,1,602801,27141844419,20864529190
4423681,8192,1,637247,33563116251,25032446315
4431873,8192,1,602169,34452528559,25423311842
4440065,8192,1,644187,35202407283,26417126709
4448257,8192,1,635205,32303616551,25355711920
4456449,8192,1,658167,33516933106,26590429386
4464641,8192,1,714607,37151598010,29361794131
4472833,8192,1,687810,38954422870,30610222110
4481025,8192,1,691342,38855588548,30741362180
4489217,8192,1,597092,33111071840,27370155621
4497409,8192,1,530372,24797114990,21572625413
4505601,8192,1,664534,27768018498,23373230080
4513793,8192,1,607716,29462506589,25029020338
4521985,8192,1,636968,33818088203,28013479591
4530177,8192,1,576620,30857764315,24843319042
4538369,8192,1,555644,29902311532,25060736882
4546561,8192,1,576193,31728985315,26321534479
4554753,8192,1,614333,33933012035,28394399685
4562945,8192,1,694290,35077866299,28568728655
4571137,8192,1,685773,35235556368,29308628290
4579329,8192,1,595343,32512470264,27340901532
4587521,8192,1,616676,31432826950,27504405852
4595713,8192,1,732388,35462326767,31286438454
4603905,8192,1,701686,34053236118,29325273643
4612097,8192,1,696025,34813469923,29357735132
4620289,8192,1,756842,36575998133,31201677024
4628481,8192,1,695958,35807344495,29601789971
4636673,8192,1,839988,41325848673,35887163591
4644865,8192,1,859818,39561689628,35110447682
4653057,8192,1,878341,39038765676,35780997958
4661249,8192,1,838018,41732008967,37550605790
4669441,8192,1,868393,42367951309,40185908273
4677633,8192,1,1024408,50365921601,46625819038
4685825,8192,1,1106629,50823271509,47477351582
4694017,8192,1,983321,52251191383,44090561000
4702209,8192,1,1065994,53288175748,52081732080
4710401,8192,1,1004230,57029863421,55151424782
4718593,8192,1,1175867,60067148142,58818630406
4726785,8192,1,1283732,60320736424,57864964856
4734977,8192,1,1366216,63069754925,59179300377
4743169,8192,1,1249121,59108334014,53792162922
4751361,8192,1,1252125,59908605848,55108466970
4759553,8192,1,1451207,62045900188,57914694444
4767745,8192,1,1519992,62098558192,56422301287
4775937,8192,1,1585445,62497723845,53879367934
4784129,8192,1,1400070,58743219915,53976994489
4792321,8192,1,1052134,54186765245,44387939412
4800513,8192,1,1019534,49928583194,43635141924
4808705,8192,1,1261780,57510375260,51278499788
4816897,8192,1,1331357,57590718396,54123913185
4825089,8192,1,1639294,60808222944,56288852395
4833281,8192,1,1324521,56290819569,51100490635
4841473,8192,1,1365671,56727562845,52664728839
4849665,8192,1,1800565,61983009179,61191649432
4857857,8192,1,2002216,61977955389,58213145264
4866049,8192,1,1885881,62151807862,59974244551
4874241,8192,1,1724229,62804522499,59740087403
4882433,8192,1,1914229,62387106534,61055851576
4890625,8192,1,1784457,61980258440,56647230536
4898817,8192,1,1710320,62316592526,59735655312
4907009,8192,1,1726464,62391325627,58592297058
4915201,8192,1,1730007,63380891308,61570847149
4923393,8192,1,1858619,62279744506,61155776798
4931585,8192,1,1849680,62183892835,62105430031
4939777,8192,1,1496671,58403848500,56474429604
4947969,8192,1,1393070,58633948844,57832301734
4956161,8192,1,1327346,58788810672,56149568032
4964353,8192,1,1272246,58123924020,55804644434
4972545,8192,1,1159603,54810326446,53427587242
4980737,8192,1,1260970,53358611450,54109911630
4988929,8192,1,1176073,52672662572,51063562110
4997121,8192,1,1259241,55165172481,52867178668
5005313,8192,1,1262433,56373025517,51994513754
5013505,8192,1,1356029,59546446599,58290322446
5021697,8192,1,1305842,56689784355,55684243696
5029889,8192,1,1125879,53898877430,49186627116
5038081,8192,1,1161636,54269350642,49463127939
5046273,8192,1,1191117,54055514122,52822982353
5054465,8192,1,1056526,53286687769,50001751341
5062657,8192,1,1038563,52346336284,48425226194
5070849,8192,1,1111255,53626275181,48124522864
5079041,8192,1,1139166,53752148996,50754411438
5087233,8192,1,1010849,50228857996,45919818597
5095425,8192,1,1086570,52677277867,49414715951
5103617,8192,1,981145,52265804278,47420239812
5111809,8192,1,1077049,53626533614,49050461760
5120001,8192,1,1057547,54195882329,48961828570
5128193,8192,1,1208494,58216835003,54954315255
5136385,8192,1,1184261,56746767112,51592464276
5144577,8192,1,999424,52506836442,49478985138
5152769,8192,1,1017445,53578401482,50121852893
5160961,8192,1,1019623,52810336386,51475366069
5169153,8192,1,938849,52166193773,49943845729
5177345,8192,1,1005061,53979644014,52827948448
5185537,8192,1,1006297,54409598707,54745902676
5193729,8192,1,910773,52367016050,51381362448
5201921,8192,1,1019609,54958972298,51786893583
5210113,8192,1,963205,51431731336,52636091071
5218305,8192,1,1080296,53432274393,55902060438
5226497,8192,1,913035,51814775021,52287188434
5234689,8192,1,811533,49710271751,48559816359
5242881,8192,1,914018,50659269828,48993573803
5251073,8192,1,951734,49660522293,48684292704
5259265,8192,1,966328,49937461860,52373639843
5267457,8192,1,876120,48233799143,48320791510
5275649,8192,1,839560,45505587169,45432681826
5283841,8192,1,976074,50468458835,49830321899
5292033,8192,1,924974,47925789741,49008798159
5300225,8192,1,942144,49680604502,47544080960
5308417,8192,1,886412,46355902185,48210644503
5316609,8192,1,828036,44837407164,46664532706
5324801,8192,1,738251,42486626567,43361151518
5332993,8192,1,878562,44377402985,44742329347
5341185,8192,1,759784,39515895518,40750498414
5349377,8192,1,876958,45441991668,46856233867
5357569,8192,1,803479,46113372017,47379240011
5365761,8192,1,729028,45065663138,44005481187
5373953,8192,1,885713,47737923460,48833404607
5382145,8192,1,836995,51351355496,50659129323
5390337,8192,1,965931,52965281717,51927186198
5398529,8192,1,782926,50890084027,46835784397
5406721,8192,1,761190,48956703913,48298274841
5414913,8192,1,827064,48472063015,48719722402
5423105,8192,1,825418,49256575775,54554120343
5431297,8192,1,919267,52230978175,58405922580
5439489,8192,1,974226,55143258533,58553972595
5447681,8192,1,833508,50689771206,53692461119
5455873,8192,1,947860,56707817121,56649465111
5464065,8192,1,1033971,58652807039,59896856111
5472257,8192,1,1115589,59342364238,61398931323
5480449,8192,1,1153123,59083287853,61517109518
5488641,8192,1,1009152,56069946259,59865209095
5496833,8192,1,1156155,57601281303,64327018335
5505025,8192,1,1147957,57531469967,64243378457
5513217,8192,1,1088977,55330482420,58943520836
5521409,8192,1,1128476,54292326455,58575342005
5529601,8192,1,1047151,55026971310,61841653494
5537793,8192,1,1126959,57980108462,64528830196
5545985,8192,1,1076343,59166013084,64254849084
5554177,8192,1,1192396,59545348454,65103348584
5562369,8192,1,1376951,58519081749,71306459375
5570561,8192,1,976721,58050473193,60311632172
5578753,8192,1,1166387,57731284389,62269932937
5586945,8192,1,1161915,58406567436,63860905788
5595137,8192,1,1234914,60771886651,66563677624
5603329,8192,1,1124232,59755746193,62225167423
5611521,8192,1,1095478,60122260578,61385219802
5619713,8192,1,1158885,60368944644,65939263666
5627905,8192,1,1153817,60775416598,64033892408
5636097,8192,1,1226306,60413544072,63547451946
5644289,8192,1,1196097,59963033833,61800082943
5652481,8192,1,1148057,60165793954,64739503500
5660673,8192,1,1177054,60696972227,64553885744
5668865,8192,1,1235498,60047450465,65984079691
5677057,8192,1,1147362,60485425643,66371633209
5685249,8192,1,1108227,59774988632,63290302146
5693441,8192,1,1201882,61008511303,64836927054
5701633,8192,1,1183811,61676882288,69189705074
5709825,8192,1,1214637,61791485704,71800635974
5718017,8192,1,1086473,61499185628,70815159578
5726209,8192,1,1201901,61132528463,67353481303
5734401,8192,1,1114912,61252818451,65647194445
5742593,8192,1,1163973,60135524474,65268930314
5750785,8192,1,1084060,59600947136,63473044856
5758977,8192,1,1078372,59809101820,63255290751
5767169,8192,1,1114845,59325753351,64161423697
5775361,8192,1,1126138,59862973911,62610636565
5783553,8192,1,1136977,59212357830,61523509409
5791745,8192,1,1046515,52187366379,55505774327
5799937,8192,1,1040418,55190787848,57880646945
5808129,8192,1,853023,55324595267,54023522962
5816321,8192,1,1028624,57063660639,59952461498
5824513,8192,1,1117046,59270194084,64380853831
5832705,8192,1,1061157,58960211718,63127808847
5840897,8192,1,1055327,56548008958,61040728237
5849089,8192,1,878652,50539203884,54908213970
5857281,8192,1,1173486,57632243725,67351834927
5865473,8192,1,1081039,57617358569,62319737776
5873665,8192,1,1057229,56743055206,63694622303
5881857,8192,1,951758,58511385611,59351516605
5890049,8192,1,835183,61795713273,48853170258
5898241,8192,1,739929,61727951417,50512874240
5906433,8192,1,680873,61904063474,51587458260
5914625,8192,1,706329,61447371947,53043589277
5922817,8192,1,694577,62089394033,50901421768
5931009,8192,1,846968,57980071725,53075796825
5939201,8192,1,966559,59961762656,59510621825
5947393,8192,1,901788,60279415753,58576345302
5955585,8192,1,802864,60414676596,57065997718
5963777,8192,1,685110,63069117237,53259119967
5971969,8192,1,649712,59686231052,52526591865
5980161,8192,1,1036796,60094784408,65079970930
5988353,8192,1,1003503,59416305051,63083910570
5996545,8192,1,1027604,59615250433,62136855631
6004737,8192,1,892103,60438506569,66391228316
6012929,8192,1,880312,59806694762,61999216159
6021121,8192,1,1109642,60025112508,67357641887
6029313,8192,1,1094954,59640226996,65882169011
6037505,8192,1,1030417,59369607024,63183678561
6045697,8192,1,1057200,55900815277,64672390056
6053889,8192,1,940339,50753517403,56293387031
6062081,8192,1,1047645,56417459765,63612565092
6070273,8192,1,1070344,58612928291,65601735628
6078465,8192,1,1040326,59160341340,61681837089
6086657,8192,1,1032939,59245645508,59276932266
6094849,8192,1,978106,58080730358,59307090426
6103041,8192,1,949935,59434287423,62873657207
6111233,8192,1,814440,62418352419,80695163297
6119425,8192,1,756883,61929340206,83555671756
6127617,8192,1,891700,57927536222,70897751102
6135809,8192,1,894373,54124139868,57874036629
6144001,8192,1,948844,54474431056,62309253657
6152193,8192,1,949060,55935295379,60907497008
6160385,8192,1,940733,57179985070,62224769394
6168577,8192,1,875004,59767193046,68751473916
6176769,8192,1,854844,58633356661,62875092189
6184961,8192,1,869810,57172923878,63917988451
6193153,8192,1,858339,58716480746,64792926582
6201345,8192,1,808091,59068730609,63322149400
6209537,8192,1,816753,58875189706,66674583339
6217729,8192,1,809455,58560010270,64473246523
6225921,8192,1,839253,57560207356,63912418435
6234113,8192,1,845776,59019049499,65934191203
6242305,8192,1,804291,57082938691,66549798442
6250497,8192,1,779310,58293679134,62548988345
6258689,8192,1,935783,58551901338,65824884866
6266881,8192,1,832343,56739213761,64751174106
6275073,8192,1,815239,56879687612,64365487136
6283265,8192,1,869622,56503858451,63453669641
6291457,8192,1,753911,57192973874,64520117553
6299649,8192,1,796408,58492213661,63909766080
6307841,8192,1,775867,57819406693,64240546152
6316033,8192,1,731815,55554664930,60996948310
6324225,8192,1,801177,56055100336,62960522635
6332417,8192,1,702924,55639554786,61300993808
6340609,8192,1,628921,57287631240,61512165059
6348801,8192,1,701014,56796985035,59174086002
6356993,8192,1,679990,56753862938,62462732647
6365185,8192,1,679678,56844041949,54385656454
6373377,8192,1,730260,55694660589,62505067441
6381569,8192,1,631122,56053435110,57406702395
6389761,8192,1,623579,55480206989,58789837525
6397953,8192,1,722344,56431171315,60396227971
6406145,8192,1,629492,57158444543,60607484843
6414337,8192,1,709829,57357572825,60190048226
6422529,8192,1,613086,54942317621,54230394049
6430721,8192,1,606422,52576411946,55288800390
6438913,8192,1,642545,52459434620,56356433991
6447105,8192,1,731996,53145077742,55741590900
6455297,8192,1,724964,54306641564,63301378684
6463489,8192,1,815991,52726025166,60480622854
6471681,8192,1,729625,49182276339,52622940441
6479873,8192,1,669837,46831088707,48338693791
6488065,8192,1,747144,48122908769,55660757406
6496257,8192,1,717326,47958662805,60232497071
6504449,8192,1,718392,50909275438,58204152164
6512641,8192,1,730467,48392560754,54037118290
6520833,8192,1,738059,46131832206,54782681917
6529025,8192,1,724708,46477569891,53199622775
6537217,8192,1,800265,48971240353,56225295923
6545409,8192,1,787384,48497192206,54949352940
6553601,8192,1,698398,47187351487,54379342485
6561793,8192,1,737557,48788349686,54261540892
6569985,8192,1,764170,49888523955,55768442118
6578177,8192,1,680236,49997697795,49301900162
6586369,8192,1,749999,53088340658,51418532790
6594561,8192,1,705784,48019131508,53741412060
6602753,8192,1,656423,46400710382,52791848520
6610945,8192,1,849783,47748915390,56818650063
6619137,8192,1,801148,47807608803,58190362457
6627329,8192,1,765408,46669797740,54810541344
6635521,8192,1,743150,46887794423,54678881931
6643713,8192,1,665607,45877233135,56735818454
6651905,8192,1,758736,47427946240,59714874153
6660097,8192,1,827631,47805700088,58056308470
6668289,8192,1,740827,47033958754,56084619270
6676481,8192,1,701546,45737135850,54473243380
6684673,8192,1,693026,47473036303,56337920413
6692865,8192,1,744005,47361939810,54509550784
6701057,8192,1,728159,45355462532,53554038267
6709249,8192,1,803323,48175195526,55923287405
6717441,8192,1,731903,47282679908,55467865263
6725633,8192,1,669779,47058450238,51325005845
6733825,8192,1,736446,51234504987,55794714712
6742017,8192,1,845497,51556557281,58553060595
6750209,8192,1,783040,49450537411,54902385972
6758401,8192,1,785734,48600607825,51772420467
6766593,8192,1,644335,43880086628,47481018390
6774785,8192,1,718306,45320242271,50933956249
6782977,8192,1,787787,49300862376,56237977274
6791169,8192,1,797132,51216997662,54398334031
6799361,8192,1,778579,54480612692,66584835228
6807553,8192,1,777106,54418924892,63284362799
6815745,8192,1,641142,49816057934,60687069198
6823937,8192,1,767187,52605381030,62178748853
6832129,8192,1,795755,53448736123,64993327510
6840321,8192,1,787802,52776478133,66889783800
6848513,8192,1,788128,50809483628,64895312648
6856705,8192,1,703447,48678621512,62409104465
6864897,8192,1,720780,48100014209,56834850505
6873089,8192,1,753391,48766101024,56339546725
6881281,8192,1,726756,48283626988,57567527519
6889473,8192,1,759040,48229905528,55848834656
6897665,8192,1,733910,48871665264,60744391955
6905857,8192,1,752177,49522415159,58838434573
6914049,8192,1,802193,51410592357,56398448980
6922241,8192,1,859621,51928120590,60178163842
6930433,8192,1,800774,50391395202,58004466744
6938625,8192,1,748654,49387623217,56945323067
6946817,8192,1,796267,50255220086,59081514656
6955009,8192,1,748240,51693407873,55389861855
6963201,8192,1,806363,50150885645,61627621245
6971393,8192,1,728569,48656564463,60384566136
6979585,8192,1,735352,51199560672,62370214834
6987777,8192,1,699021,48682911486,63966326357
6995969,8192,1,634120,45831406577,53926284204
7004161,8192,1,892155,50536556554,62686567252
7012353,8192,1,782030,49273441119,61399851586
7020545,8192,1,741045,46097890688,56181101751
7028737,8192,1,762443,45093991002,57531214456
7036929,8192,1,853754,46603908786,56644529578
7045121,8192,1,810342,46377293130,56791145282
7053313,8192,1,770343,47471980730,57339756783
7061505,8192,1,683334,43555846112,52663567279
7069697,8192,1,838780,46875030520,57465513978
7077889,8192,1,763229,48582059456,55429166476
7086081,8192,1,751041,45191788480,54256699977
7094273,8192,1,795784,48515590361,55604354783
7102465,8192,1,787430,49228707462,54792521305
7110657,8192,1,985470,55948602087,60028086174
7118849,8192,1,879750,52775047845,59540405285
7127041,8192,1,771176,49224643811,56843610586
7135233,8192,1,810937,53308284328,62331673493
7143425,8192,1,915819,55117039138,65440099320
7151617,8192,1,910815,54754117820,61607742309
7159809,8192,1,886198,58713975871,65633328215
7168001,8192,1,726666,49138506055,54438698777
7176193,8192,1,693336,47109751685,54317030962
7184385,8192,1,724525,48036349840,51625441172
7192577,8192,1,708302,48268198216,52692726833
7200769,8192,1,727507,50120021956,54882703216
7208961,8192,1,790346,53098340347,59886637250
7217153,8192,1,906974,56741329110,62072445159
7225345,8192,1,933614,58596654890,64921864761
7233537,8192,1,885596,58671527494,64982646586
7241729,8192,1,1016104,61069572685,69993992988
7249921,8192,1,1020630,61369308543,66066944445
7258113,8192,1,985675,61058114637,69674759634
7266305,8192,1,1024395,60799942581,67396339166
7274497,8192,1,1073993,62911729753,72067076558
7282689,8192,1,959353,60722933235,69105976083
7290881,8192,1,721417,51558952034,60512774738
7299073,8192,1,635467,47439182717,57896028588
7307265,8192,1,768990,52539940390,60253946087
7315457,8192,1,782838,50497801672,59874609726
7323649,8192,1,736531,48680635829,57280272206
7331841,8192,1,693431,48979000213,58231179258
7340033,8192,1,700353,48470463657,58469402876
7348225,8192,1,656165,47754014325,53741216396
7356417,8192,1,706952,49781969594,58781121659
7364609,8192,1,702560,51552295972,56742541256
7372801,8192,1,748488,51189895210,57716950136
7380993,8192,1,672970,50289379405,55409781408
7389185,8192,1,618374,46747527961,55668579840
7397377,8192,1,731407,53849189259,58567167446
7405569,8192,1,823103,54459907520,58805015994
7413761,8192,1,820567,57996395789,64447951579
7421953,8192,1,759259,54880499899,61147960112
7430145,8192,1,709874,50266481813,56703457419
7438337,8192,1,799413,52617562312,61736482319
7446529,8192,1,803464,53862112844,63519314603
7454721,8192,1,776283,53348274726,60798506233
7462913,8192,1,841975,55623955618,62963551212
7471105,8192,1,853955,57452318218,66739439106
7479297,8192,1,795154,56297422443,64036081203
7487489,8192,1,889445,56376229780,68176412638
7495681,8192,1,1021969,60023042579,72671153497
7503873,8192,1,875237,55313971334,65588395347
7512065,8192,1,775071,49429826010,61272083673
7520257,8192,1,725889,47064363363,57666056352
7528449,8192,1,834843,51650564844,63690718512
7536641,8192,1,789507,50757917942,63557612020
7544833,8192,1,867687,54598783786,61356521476
7553025,8192,1,960725,56469515355,62745962175
7561217,8192,1,815707,50313874323,62554886061
7569409,8192,1,666231,46144005917,56612739803
7577601,8192,1,832815,54175134238,57200670304
7585793,8192,1,885526,58087439964,63291443614
7593985,8192,1,861278,55905434119,63383065660
7602177,8192,1,852806,50342783962,62479135269
7610369,8192,1,887841,49888381296,63117911333
7618561,8192,1,860187,54950616424,59195823668
7626753,8192,1,915348,54030183176,64248734953
7634945,8192,1,852309,51681051150,64406298787
7643137,8192,1,912370,53049696773,63616954504
7651329,8192,1,738803,45900258701,55134696534
7659521,8192,1,713836,45748826296,53610829354
7667713,8192,1,848035,50538533259,58382797296
7675905,8192,1,937742,55323766578,66284702584
7684097,8192,1,787627,54383889810,59204980957
7692289,8192,1,833589,53247672067,60714247013
7700481,8192,1,814204,49535470442,58355820496
7708673,8192,1,903137,54358941917,61046842272
7716865,8192,1,801151,62622317283,55612590960
7725057,8192,1,905524,59014777802,66220066153
7733249,8192,1,960512,58327935763,70879421178
7741441,8192,1,936278,56411432504,69107391052
7749633,8192,1,890324,53572479595,69992781304
7757825,8192,1,1027125,58522479696,75972716726
7766017,8192,1,1065365,61612038604,79469289825
7774209,8192,1,1133091,62039236317,76877250934
7782401,8192,1,1013568,61944787561,76685673595
7790593,8192,1,977456,60660792594,72894370007
7798785,8192,1,1062407,59684547724,75308961578
7806977,8192,1,1017774,59902115809,73311898369
7815169,8192,1,1154301,60693446908,75372929885
7823361,8192,1,1129298,60341384806,74678040661
7831553,8192,1,1048171,56590059373,71045026890
7839745,8192,1,1006866,55276418358,70537509664
7847937,8192,1,1266339,61467920318,74763249306
7856129,8192,1,1153575,60984143819,70380371729
7864321,8192,1,1115475,59852831907,74544808212
7872513,8192,1,1148287,60908945609,72142956136
7880705,8192,1,1236171,60021117831,77577994086
7888897,8192,1,1119286,58582250428,71879408015
7897089,8192,1,1116862,59438959515,73181365624
7905281,8192,1,1053564,59511201019,70832935783
7913473,8192,1,1018766,59916578393,72880868192
7921665,8192,1,1163030,58202234652,66128050724
7929857,8192,1,932972,56541598892,69648114494
7938049,8192,1,1335617,61768841096,74495894706
7946241,8192,1,1126115,60333225913,77798890440
7954433,8192,1,930625,59253863905,77223553967
7962625,8192,1,1155991,60318831521,76603508613
7970817,8192,1,1149787,58205892161,73644620764
7979009,8192,1,1168100,58675133580,73157617079
7987201,8192,1,1109590,60201568915,71283198677
7995393,8192,1,1246696,60953748469,70852906479
8003585,8192,1,1072671,58459135873,75280122180
8011777,8192,1,915176,52150084703,71033704292
8019969,8192,1,1048977,54347088319,70652292123
8028161,8192,1,1161083,57901070063,70480610518
8036353,8192,1,1038066,60739991885,71218413689
8044545,8192,1,1058512,61452870344,69297125905
8052737,8192,1,1224568,57520110354,69479630389
8060929,8192,1,883351,49034881564,61975919821
8069121,8192,1,1093556,54937862712,67570179642
8077313,8192,1,1171620,58985335698,73582802422
8085505,8192,1,970944,57604952668,70830919117
8093697,8192,1,1018286,53175452767,66884931417
8101889,8192,1,907967,52281783686,65293212798
8110081,8192,1,872493,50955441103,64708821256
8118273,8192,1,1016880,55439650663,71208560789
8126465,8192,1,893543,53041319100,68078559681
8134657,8192,1,1199821,58355280103,72729956666
8142849,8192,1,872903,50503746198,66050716118
8151041,8192,1,753363,48910092076,64476308257
8159233,8192,1,888841,55200745635,70188451540
8167425,8192,1,1358869,61654254721,67632424579
8175617,8192,1,919344,57647015958,71693608932
8183809,8192,1,948309,52872475578,65463157899
8192001,8192,1,738324,46746541520,59803941706
8200193,8192,1,738422,45469577722,58282589413
8208385,8192,1,812997,50384096789,62988027176
8216577,8192,1,1006640,52371646321,61209507826
8224769,8192,1,1163238,59595554009,69672070649
8232961,8192,1,798761,53019994658,64738438395
8241153,8192,1,697829,51960965721,60447284752
8249345,8192,1,841109,52000342474,64845659235
8257537,8192,1,930193,54459937700,68084953518
8265729,8192,1,975208,58222853369,70121433351
8273921,8192,1,1020904,56306070571,67920405143
8282113,8192,1,938526,53080739771,61736799193
8290305,8192,1,820570,51981464609,66473640277
8298497,8192,1,940581,58623412073,69268301923
8306689,8192,1,877846,57683653048,67724647865
8314881,8192,1,914277,57238738726,69129116887
8323073,8192,1,880678,51566549035,64629686401
8331265,8192,1,763133,51489770819,73736108039
8339457,8192,1,835498,52115559990,62517245170
8347649,8192,1,940995,53853618011,65912127162
8355841,8192,1,935120,59792349550,69191486888
8364033,8192,1,849350,54624898279,65062464067
8372225,8192,1,826549,50554075020,61864567204
8380417,8192,1,893359,53524916702,64515631446
8388609,8192,1,950037,59670381591,74913347508
8396801,8192,1,851952,59067138486,66997468841
8404993,8192,1,971316,58701071184,71308793318
8413185,8192,1,957288,57866515165,72451127472
8421377,8192,1,838965,57549256819,63049032785
8429569,8192,1,893296,61104343635,60771799354
8437761,8192,1,993838,59809150417,68621742366
8445953,8192,1,964813,60789904230,70552953384
8454145,8192,1,839047,59657647316,65170649741
8462337,8192,1,854037,59372454307,63931621565
8470529,8192,1,970235,60191471319,66770348612
8478721,8192,1,988342,61800831528,66648226574
8486913,8192,1,828164,61286830855,61407629723
8495105,8192,1,1002499,62022730823,63880778383
8503297,8192,1,989779,61828220456,63017202180
8511489,8192,1,835312,61844907375,57771315801
8519681,8192,1,889469,61679703719,59094608912
8527873,8192,1,965347,61385667796,60117416514
8536065,8192,1,931052,61592837583,60503409669
8544257,8192,1,754048,61629636775,56362531465
8552449,8192,1,803745,61961780469,59917517031
8560641,8192,1,939276,63530816772,63436762746
8568833,8192,1,851417,65923346777,63422816082
8577025,8192,1,841049,65623489141,62429375775
8585217,8192,1,992152,73222626803,69471013392
8593409,8192,1,817459,77878755186,65445732241
8601601,8192,1,699019,76628772865,65933223353
8609793,8192,1,811933,78058009201,65374182451
8617985,8192,1,949393,77470743277,76109166420
8626177,8192,1,869464,75793509999,71541336573
8634369,8192,1,739889,74187688186,64705797658
8642561,8192,1,818926,77685558439,69384056486
8650753,8192,1,825924,78026267904,71932032699
8658945,8192,1,812147,70393239512,79618341336
8667137,8192,1,785673,61570806794,71634818835
8675329,8192,1,816542,65781442449,68427962917
8683521,8192,1,757973,54004019478,65995006463
8691713,8192,1,683329,52246980326,61594406585
8699905,8192,1,849122,55659160493,66419753300
8708097,8192,1,975466,59263476741,72270000559
8716289,8192,1,913001,59041577975,70678442327
8724481,8192,1,868978,54281558998,65750887882
8732673,8192,1,805391,49494687484,60962108521
8740865,8192,1,812980,52561159401,63996823840
8749057,8192,1,822366,52666178343,64475733984
8757249,8192,1,919564,56098391378,67791308085
8765441,8192,1,968016,57877117485,69938847641
8773633,8192,1,860153,51481505907,61719890268
8781825,8192,1,790868,47257860195,58246753164
8790017,8192,1,942832,53538052783,64416973810
8798209,8192,1,940694,61685676481,72168778253
8806401,8192,1,885927,61658922238,66801296071
8814593,8192,1,1038029,61369004831,74804133524
8822785,8192,1,879793,52146272787,65167934504
8830977,8192,1,878509,55697156073,67352053483
8839169,8192,1,964736,62541552293,82660701706
8847361,8192,1,996914,61590833329,80590023869
8855553,8192,1,885028,55127615561,63883852478
8863745,8192,1,791523,55304861134,65565998751
8871937,8192,1,849887,63786091420,81992563970
8880129,8192,1,902373,61012686158,74126714215
8888321,8192,1,941387,59426643172,71979813003
8896513,8192,1,1133114,63866621409,83566172443
8904705,8192,1,802562,63727133550,85387109107
8912897,8192,1,845445,61409418399,82184980231
8921089,8192,1,1017609,65029754319,85260453817
8929281,8192,1,907925,63564436196,81423484176
8937473,8192,1,967802,66232587516,84774932490
8945665,8192,1,897482,65346650167,84541556345
8953857,8192,1,750217,65003544141,72210693246
8962049,8192,1,1086994,67502783028,84079795469
8970241,8192,1,951713,66237749089,79608741803
8978433,8192,1,981183,69267416517,78800563830
8986625,8192,1,1055590,68273551884,89318039291
8994817,8192,1,780717,56833119505,75246579699
9003009,8192,1,1036805,73004597454,86186228246
9011201,8192,1,1012222,71455636535,82938511477
9019393,8192,1,874242,71548472212,81387430662
9027585,8192,1,971248,66791843410,82248700369
9035777,8192,1,840102,64595196013,79687744892
9043969,8192,1,994170,64934612725,79968006485
9052161,8192,1,888691,65383679263,81179907358
9060353,8192,1,942244,57388886441,71954171919
9068545,8192,1,701653,48078807041,60324311981
9076737,8192,1,754798,61024714378,70934431528
9084929,8192,1,908482,65338335472,77438496317
9093121,8192,1,898709,68826620520,82896708775
9101313,8192,1,947022,69761741984,78144924198
9109505,8192,1,855685,64915604147,76090318140
9117697,8192,1,936510,68593558199,81480062737
9125889,8192,1,1110657,74193543274,90308027082
9134081,8192,1,974020,71692480309,86655989400
9142273,8192,1,971906,69278593897,86771954152
9150465,8192,1,940651,67361910005,85422040980
9158657,8192,1,931319,67770003761,86730090535
9166849,8192,1,1003627,67301994373,89353922915
9175041,8192,1,901224,64936435027,82833340830
9183233,8192,1,768025,58547006772,73455921373
9191425,8192,1,992708,64118389903,83661755057
9199617,8192,1,767537,60728207372,79217615823
9207809,8192,1,741824,53901328760,75657950243
9216001,8192,1,698064,49104444455,65593993183
9224193,8192,1,643992,47707551961,73782550957
9232385,8192,1,827015,55845001987,72621921429
9240577,8192,1,847844,59333225580,72399294828
9248769,8192,1,757262,52846524981,65698371653
9256961,8192,1,716538,54524823239,66745946643
9265153,8192,1,714126,49995214601,59872567545
9273345,8192,1,716731,54250605891,66418115199
9281537,8192,1,763184,56104624149,71044420961
9289729,8192,1,852003,63108379279,76868753245
9297921,8192,1,904053,60658920099,72774413705
9306113,8192,1,828610,56073471319,71294556619
9314305,8192,1,742441,55013686452,69584928216
9322497,8192,1,731295,52787689502,64945068084
9330689,8192,1,708369,52392880422,64221622240
9338881,8192,1,664925,47456678772,61693911936
9347073,8192,1,627062,59045841516,70705208500
9355265,8192,1,542072,51533409470,62051424592
9363457,8192,1,553768,51823161640,62204742419
9371649,8192,1,664552,57497993985,71075423956
9379841,8192,1,665352,58873592863,70547514224
9388033,8192,1,708523,60684737157,74145541873
9396225,8192,1,742494,61352845542,72745207209
9404417,8192,1,682535,52096944972,66571746996
9412609,8192,1,730720,56467680323,74160869238
9420801,8192,1,659919,65708295301,92466848298
9428993,8192,1,805946,68506237462,96215881341
9437185,8192,1,799261,70730540231,97247162127
9445377,8192,1,782815,64727852547,86548489391
9453569,8192,1,806095,57998734790,76882756367
9461761,8192,1,873153,60674145097,75034892752
9469953,8192,1,978600,68453757397,90300869357
9478145,8192,1,932038,68593126285,89348115674
9486337,8192,1,969887,65412428592,82878302693
9494529,8192,1,871662,61072195102,79935890277
9502721,8192,1,880415,67010896351,91875105794
9510913,8192,1,877077,62637487079,82041953939
9519105,8192,1,892491,66341797417,84102457137
9527297,8192,1,886525,63743218469,83898186966
9535489,8192,1,763034,56916289211,74688003381
9543681,8192,1,755739,51749236039,71981838762
9551873,8192,1,873175,63714325503,84520160399
9560065,8192,1,894671,66968083563,92249091721
9568257,8192,1,871975,67196685161,94580730058
9576449,8192,1,833002,63337835446,89655793593
9584641,8192,1,804983,57162122774,80933823704
9592833,8192,1,852642,58816487988,87916455447
9601025,8192,1,804419,61358444080,94955243830
9609217,8192,1,849312,58233450860,89141395144
9617409,8192,1,927929,63536028152,95141233857
9625601,8192,1,813905,59495790605,90476697603
9633793,8192,1,774141,59853748240,95356846317
9641985,8192,1,1008519,71796902215,102860996550
9650177,8192,1,946237,66707485905,89202641191
9658369,8192,1,908074,73540668043,104490031610
9666561,8192,1,1048466,76252778127,102109023542
9674753,8192,1,866412,68574360918,91894490000
9682945,8192,1,932972,70752871888,99088188101
9691137,8192,1,979047,71791734313,100159584622
9699329,8192,1,918888,67817796157,97385844426
9707521,8192,1,1104725,71177466006,105568952386
9715713,8192,1,1104271,71716325188,109588699256
9723905,8192,1,963052,66999392072,93814296612
9732097,8192,1,1005464,65795578186,94871649437
9740289,8192,1,1059837,67994246828,98384633101
9748481,8192,1,979162,67629006993,96348114205
9756673,8192,1,885081,62292836211,89655096555
9764865,8192,1,833802,62457382863,86886895132
9773057,8192,1,837546,61034522068,83001111257
9781249,8192,1,946051,67857791102,91929281528
9789441,8192,1,819208,65866256100,87770028057
9797633,8192,1,924104,68240421801,95831611207
9805825,8192,1,881246,68247029882,92344307794
9814017,8192,1,778987,66071308722,86621361805
9822209,8192,1,911174,69795340731,97950599498
9830401,8192,1,1006706,71978418806,101429868611
9838593,8192,1,1038633,71509025018,102876324987
9846785,8192,1,896865,69792988764,95412317363
9854977,8192,1,847711,67034768302,88925010873
9863169,8192,1,911641,68667883187,94366054163
9871361,8192,1,996682,70107950073,96859882481
9879553,8192,1,973566,69625920413,97165290908
9887745,8192,1,993179,71185747311,99120360816
9895937,8192,1,1003198,70717713319,99446458243
9904129,8192,1,1002534,71808040774,102829842295
9912321,8192,1,973237,71613101484,99767288492
9920513,8192,1,1033485,72846155160,99046501757
9928705,8192,1,1031123,73635393603,101388224102
9936897,8192,1,1080661,74097718137,103682595705
9945089,8192,1,978766,70891484395,98681133505
9953281,8192,1,1042650,72417886178,101755855733
9961473,8192,1,1112412,74009890439,104452231555
9969665,8192,1,1081752,73469731113,105551936265
9977857,8192,1,1115522,75780146275,107486266027
9986049,8192,1,1042699,73335453765,105885979444
9994241,8192,1,1012025,72304159780,104491945197
10002433,8192,1,947807,73177316635,102921528739
10010625,8192,1,993860,74248158794,101961789766
10018817,8192,1,1083307,76321832298,107031638041
10027009,8192,1,1144640,76778212899,108435614359
10035201,8192,1,1106267,76509496209,109723248649
10043393,8192,1,1136468,76529152684,106640830853
10051585,8192,1,1143192,76622953602,109826175885
10059777,8192,1,1071558,76691528658,104587776889
10067969,8192,1,1035874,75016157201,103198039317
10076161,8192,1,1190056,75265046958,102317665643
10084353,8192,1,1052095,76722732640,106738463891
10092545,8192,1,1059358,76839914668,108537623960
10100737,8192,1,1078590,77061038954,105431181970
10108929,8192,1,1104262,76917215732,96483279351
10117121,8192,1,1171376,77120896113,103319298254
10125313,8192,1,1065388,77604654123,108887889594
10133505,8192,1,1080586,77621034018,102517307151
10141697,8192,1,1185945,77375102520,104233095716
10149889,8192,1,1118057,77079879819,101617283387
10158081,8192,1,1140551,77535086646,107095945572
10166273,8192,1,1201889,77314405596,106595304845
10174465,8192,1,1114490,77129632609,106503403986
10182657,8192,1,1131014,76977719808,106266099270
10190849,8192,1,1225990,76646881261,106227806030
10199041,8192,1,1193971,77200838933,103141291757
10207233,8192,1,1174049,77770485494,106028874346
10215425,8192,1,1131601,77893106666,103253957186
10223617,8192,1,1214716,77082495252,103900738643
10231809,8192,1,1239036,76812658037,106104845562
10240001,8192,1,1174334,77539060580,107207597545
10248193,8192,1,1147536,77645370823,109682607914
10256385,8192,1,1130296,76924591639,106784766466
10264577,8192,1,1030018,77324495149,107021423585
10272769,8192,1,1086505,77623073831,107491036113
10280961,8192,1,1133919,77708872357,107624282608
10289153,8192,1,1154060,77788627230,109367437746
10297345,8192,1,1188569,79487887047,115306848487
10305537,8192,1,1162732,92108783782,133610836673
10313729,8192,1,1258422,92807705936,127539268584
10321921,8192,1,1454915,92532120917,127088625608
10330113,8192,1,1363088,93006927167,129640422919
10338305,8192,1,1297387,91799653406,127634828956
10346497,8192,1,1317779,93102367684,129398976337
10354689,8192,1,1316959,92167733414,128456753735
10362881,8192,1,1294409,91868826372,126238491195
10371073,8192,1,1371189,92625323824,127419582314
10379265,8192,1,1370935,91279955444,126919877435
10387457,8192,1,1323638,91353035083,129312924453
10395649,8192,1,1176812,92192015743,130842255788
10403841,8192,1,1130901,92191092473,126568242046
10412033,8192,1,1365356,91517607743,127532989034
10420225,8192,1,1350461,91558164098,126501633199
10428417,8192,1,1325279,93052871840,130632253968
10436609,8192,1,1315451,92424243235,129120697329
10444801,8192,1,1280543,91824104587,131137499424
10452993,8192,1,1386630,92677741195,129582602791
10461185,8192,1,1350573,93443272480,133873389908
10469377,8192,1,1413221,93408214190,125758318063
10477569,8192,1,1409852,91813150323,119817012730
10485761,8192,1,1325146,92491978229,127831123585
10493953,8192,1,1360475,93375068735,130809106393
10502145,8192,1,1477277,93028293528,127960656250
10510337,8192,1,1458912,93395121237,129273454193
10518529,8192,1,1407547,93881286759,134495997353
10526721,8192,1,1441709,95010075686,133237471546
10534913,8192,1,1517598,98525141995,140319160794
10543105,8192,1,1527082,98878550793,138986788959
10551297,8192,1,1529306,98563439926,141019293996
10559489,8192,1,1488034,98120186326,131661142741
10567681,8192,1,1545901,98405600084,134666307105
10575873,8192,1,1481930,98131779771,136928572828
10584065,8192,1,1392202,98224165663,138213568209
10592257,8192,1,1533065,98063078190,134558852632
10600449,8192,1,1520463,98076761196,136340780460
10608641,8192,1,1485632,97643007726,135021896202
10616833,8192,1,1537129,98094168122,132677434792
10625025,8192,1,1531409,97567851758,130707924110
10633217,8192,1,1605029,98527900785,130887762018
10641409,8192,1,1581691,98109215587,128972261750
10649601,8192,1,1533873,98321831677,124649620342
10657793,8192,1,1556816,98751922551,126292873941
10665985,8192,1,1455320,98419002087,131374527834
10674177,8192,1,1399828,98856138099,129281667717
10682369,8192,1,1543182,99064986797,128296360543
10690561,8192,1,1541635,98835373983,126819674319
10698753,8192,1,1495339,99053764120,130817893777
10706945,8192,1,1535453,99205973257,133137106130
10715137,8192,1,1411860,98432768557,132517203986
10723329,8192,1,1465940,98922916151,133036344704
10731521,8192,1,1445079,99057744442,131108529491
10739713,8192,1,1409598,98835109309,131792115202
10747905,8192,1,1434689,98604438114,130886976893
10756097,8192,1,1432351,98393824834,128262286357
10764289,8192,1,1436449,98995119384,125049955336
10772481,8192,1,1494024,98865322370,123535951254
10780673,8192,1,1564213,98943876509,121052193519
10788865,8192,1,1487517,99069578049,121766159397
10797057,8192,1,1431398,98631734597,129024863821
10805249,8192,1,1279797,97861496443,131118510965
10813441,8192,1,1314075,99369544817,132994589041
10821633,8192,1,1326300,98850079622,133401837908
10829825,8192,1,1297628,99169380318,129763871515
10838017,8192,1,1376879,98939998883,129486014058
10846209,8192,1,1346219,99403792278,133363860973
10854401,8192,1,1323252,99251403001,132262548904
10862593,8192,1,1334976,99494857878,135697877576
10870785,8192,1,1341365,99559553820,134088779804
10878977,8192,1,1470136,99262735048,131498216348
10887169,8192,1,1685788,99549571043,127201942523
10895361,8192,1,1395013,99353151545,133961250701
10903553,8192,1,1353200,99129856294,132894051961
10911745,8192,1,1436134,99015606534,132753907716
10919937,8192,1,1372106,99208153089,131631767146
10928129,8192,1,1338149,99199886160,133035560055
10936321,8192,1,1303750,99210160521,133251271409
10944513,8192,1,1283208,99611151083,132445943765
10952705,8192,1,1319801,99531959189,127823886984
10960897,8192,1,1352636,99310002799,129744849912
10969089,8192,1,1375102,99466085443,131439334409
10977281,8192,1,1318730,99628423479,136179448969
10985473,8192,1,1227266,99669860657,132283832914
10993665,8192,1,1251634,99764662138,132051227117
11001857,8192,1,1356592,99619090549,133844822649
11010049,8192,1,1378517,99485553104,133820837199
11018241,8192,1,1275742,98374192970,131046903309
11026433,8192,1,1354490,99298692809,132688626603
11034625,8192,1,1310112,97186693575,128786716076
11042817,8192,1,1334103,99245280398,133289311997
11051009,8192,1,1363729,99758052158,133330176294
11059201,8192,1,1433294,99811214650,134501064913
11067393,8192,1,1554046,99865509853,141210782870
11075585,8192,1,1348576,99492264844,139853311404
11083777,8192,1,1248034,99629928157,136135342480
11091969,8192,1,1401515,99673560434,139925475086
11100161,8192,1,1447762,99741103137,139568143913
11108353,8192,1,1485144,99829077573,141322473592
11116545,8192,1,1398817,99670502872,137024005013
11124737,8192,1,1270161,99750583272,135115350156
11132929,8192,1,1320965,100173706874,135767748744
11141121,8192,1,1325674,99897977809,137320522266
11149313,8192,1,1402938,99852564415,136158189756
11157505,8192,1,1427512,99848646888,134596116200
11165697,8192,1,1399016,99824607865,136129296192
11173889,8192,1,1294020,99650819487,137115825761
11182081,8192,1,1438620,99932057170,140950922739
11190273,8192,1,1438914,100005225132,139209661191
11198465,8192,1,1443942,99739876237,140207124547
11206657,8192,1,1412633,99729278350,140182411275
11214849,8192,1,1380570,99693471850,140433944457
11223041,8192,1,1383145,99903866172,140246512335
11231233,8192,1,1478358,100104962850,141503682691
11239425,8192,1,1347924,99887377082,139744940936
11247617,8192,1,1381274,100222018318,137635063269
11255809,8192,1,1444439,99786699446,136894185356
11264001,8192,1,1316079,99890293002,138927914664
11272193,8192,1,1347710,99946984814,140400433427
11280385,8192,1,1484505,99851935427,141543674783
11288577,8192,1,1396744,99998982049,144281219872
11296769,8192,1,1470900,99784151152,143718508637
11304961,8192,1,1430049,99687376856,146052980384
11313153,8192,1,1453839,99667400561,147140211791
11321345,8192,1,1595756,99733144268,146312500903
11329537,8192,1,1528036,99788326430,145636893513
11337729,8192,1,1445057,99542969394,145689808007
11345921,8192,1,1359299,100074192393,142548699592
11354113,8192,1,1214427,99786388904,141494188945
11362305,8192,1,1448539,99876697498,147357014683
11370497,8192,1,1443442,99905517041,145839788874
11378689,8192,1,1372946,99494705111,141953002612
11386881,8192,1,1460716,99919270857,145770083330
11395073,8192,1,1324871,99802789764,144837045772
11403265,8192,1,1294644,99751712798,141959412808
11411457,8192,1,1427163,99936036914,142675221254
11419649,8192,1,1470939,99901096311,142939062689
11427841,8192,1,1374494,99957562220,142726512322
11436033,8192,1,1412862,100230306566,141202088929
11444225,8192,1,1374249,100053691309,140703082212
11452417,8192,1,1571219,99840223592,142971724787
11460609,8192,1,1495879,100010686253,142659768104
11468801,8192,1,1604419,100116741671,144397708731
11476993,8192,1,1633118,99820704698,143512869550
11485185,8192,1,1504462,99935838936,151666037588
11493377,8192,1,1317697,100499782245,149824079510
11501569,8192,1,1456024,100174119560,145525628762
11509761,8192,1,1513323,100006134277,141503597521
11517953,8192,1,1519607,99951925790,146351106607
11526145,8192,1,1383406,99807024509,144610725934
11534337,8192,1,1422653,100061173912,150005420963
11542529,8192,1,1545477,99930647157,148844607639
11550721,8192,1,1558532,100242503361,148203420850
11558913,8192,1,1504436,99761429052,144144424061
11567105,8192,1,1457170,99838244510,147395603302
11575297,8192,1,1421856,100360462892,150091694022
11583489,8192,1,1555722,100143247311,150782886239
11591681,8192,1,1574678,99900660852,151414613962
11599873,8192,1,1594565,100048647754,148305913134
11608065,8192,1,1659040,100329595801,156277586964
11616257,8192,1,1617443,100220177970,148035436620
11624449,8192,1,1532623,100080599389,150227825026
11632641,8192,1,1542361,100037161583,150214331386
11640833,8192,1,1571861,100308996380,147310127974
11649025,8192,1,1395721,100378559333,149867541650
11657217,8192,1,1490221,100226114683,150842485653
11665409,8192,1,1513739,99985733401,145255303412
11673601,8192,1,1486715,99964988407,144299427385
11681793,8192,1,1497379,99497295251,147899074534
11689985,8192,1,1555675,99583756838,144269504510
11698177,8192,1,1526425,99975239456,141356276766
11706369,8192,1,1506885,100205850486,198541689413
11714561,8192,1,1417140,100076759648,203497274618
11722753,8192,1,1419327,100185239943,174709002796
11730945,8192,1,1535326,99752558396,152238592624
11739137,8192,1,1475350,100121062315,144928576874
11747329,8192,1,1462315,100110564487,145850142801
11755521,8192,1,1607984,100218708518,146249033541
11763713,8192,1,1561092,100091344980,143758675219
11771905,8192,1,1634365,99974635368,139995226602
11780097,8192,1,1611463,100152909187,147409783671
11788289,8192,1,1659488,100051303446,141966210596
11796481,8192,1,1665774,99976385541,139970007256
11804673,8192,1,1595345,99986758305,140218439890
11812865,8192,1,1524046,99728316562,141465625593
11821057,8192,1,1641213,100165414493,147089295476
11829249,8192,1,1680031,99908869524,142756634789
11837441,8192,1,1612325,99880712091,145031542952
11845633,8192,1,1614251,99971067648,145420087801
11853825,8192,1,1556277,99978320446,146145822222
11862017,8192,1,1512954,100017672279,146332389663
11870209,8192,1,1549037,99886206895,144428752779
11878401,8192,1,1571428,100164009970,145883359686
11886593,8192,1,1668305,100312517315,144799042389
11894785,8192,1,1682065,100025730811,148011582872
11902977,8192,1,1570310,100112225843,149473825015
11911169,8192,1,1644933,100154217941,148358982193
11919361,8192,1,1656821,100207884794,147239217949
11927553,8192,1,1582493,100126425907,145555270197
11935745,8192,1,1521475,100167079312,147413737428
11943937,8192,1,1521683,100388045346,152104631865
11952129,8192,1,1489299,99966830319,157442045414
11960321,8192,1,1544635,100287189976,151962452044
11968513,8192,1,1561452,100362822758,151942142034
11976705,8192,1,1547967,99807104865,153344846054
11984897,8192,1,1485163,100423627141,149705198440
11993089,8192,1,1491502,100554250927,149321380058
12001281,8192,1,1511597,100501602390,147932149751
12009473,8192,1,1613129,100389557491,152209436500
12017665,8192,1,1618139,100182492628,150621609686
12025857,8192,1,1670231,100793818551,144603763970
12034049,8192,1,1618179,100973456970,148272207216
12042241,8192,1,1636290,100626663293,148775069127
12050433,8192,1,1664045,100791135270,145743825151
12058625,8192,1,1614383,100610086286,143707287032
12066817,8192,1,1626536,100553630407,144428046334
12075009,8192,1,1627135,100664025896,148732294453
12083201,8192,1,1538091,100839562356,149370302917
12091393,8192,1,1630555,100752831001,144169110056
12099585,8192,1,1633198,100611408516,149994144796
12107777,8192,1,1693381,100714695598,147197155845
12115969,8192,1,1640460,100682351254,149546166426
12124161,8192,1,1538108,100693050780,152800271043
12132353,8192,1,1528903,100580839188,155711646805
12140545,8192,1,1638145,100567752635,153247469760
12148737,8192,1,1686577,100662518085,173266538732
12156929,8192,1,1700547,100764775287,167587171167
12165121,8192,1,1713298,100590983304,167823322923
12173313,8192,1,1558439,100652606920,165194842267
12181505,8192,1,1598931,100706966213,162108916741
12189697,8192,1,1658474,100768276142,156498453769
12197889,8192,1,1637377,100917775639,157428855961
12206081,8192,1,1654920,100978253443,156654937105
12214273,8192,1,1653938,101056372273,156166349779
12222465,8192,1,1558132,101083378473,164520395186
12230657,8192,1,1706312,101058340035,169198291721
12238849,8192,1,1767076,101153617321,161945511729
12247041,8192,1,1547107,101156385394,168328803332
12255233,8192,1,1807586,101213455045,157772987438
12263425,8192,1,1827918,101340557214,157191688116
12271617,8192,1,1812421,101225928616,158949109222
12279809,8192,1,1929005,102065174460,151774509006
12288001,8192,1,1974887,113736085303,173890140345
12296193,8192,1,2023402,120815230694,190796745483
12304385,8192,1,1812523,120875986075,191217794653
12312577,8192,1,1728126,121038645094,202448588004
12320769,8192,1,1828550,120484717452,201073757331
12328961,8192,1,1856686,120211855092,201344785623
12337153,8192,1,1960808,120130384288,189467852704
12345345,8192,1,1834647,120407730128,195025189007
12353537,8192,1,1789128,120394301428,202398647489
12361729,8192,1,1845221,120562860077,203213306767
12369921,8192,1,1928680,120791685995,200239450495
12378113,8192,1,1897871,120919218796,198846955340
12386305,8192,1,1956011,121273660873,197738925955
12394497,8192,1,2024916,121410961017,190856704986
12402689,8192,1,2206937,120878046089,189393175434
12410881,8192,1,2161590,121219190569,180219791794
12419073,8192,1,2154173,120712639060,175573970521
12427265,8192,1,2025421,121107996489,192144360712
12435457,8192,1,1919756,121298892011,190778595482
12443649,8192,1,1849268,121098408850,199457818107
12451841,8192,1,1841994,121305918840,199526661367
12460033,8192,1,1812728,121289513405,193894751583
12468225,8192,1,1836821,121131924561,207371494717
12476417,8192,1,1847130,121013257890,201410940195
12484609,8192,1,1726342,121110215473,200288860005
12492801,8192,1,1565797,121227551605,202221709252
12500993,8192,1,1661227,120989838462,198134891875
12509185,8192,1,1657744,121397791130,195839440894
12517377,8192,1,1686415,120881512313,195511971101
12525569,8192,1,1635921,121020595616,190426825460
12533761,8192,1,1638295,120828007952,195894674491
12541953,8192,1,1630729,121115033416,199711259930
12550145,8192,1,1669238,121350515963,198743816299
12558337,8192,1,1606500,120840646922,189570205557
12566529,8192,1,1705647,120843737763,203346710357
12574721,8192,1,1593840,120738844726,203260294405
12582913,8192,1,1428541,118845017866,198428530221
12591105,8192,1,1527605,119581549488,202070168287
12599297,8192,1,1538160,121177086792,201452757024
12607489,8192,1,1544054,120921611838,201663868217
12615681,8192,1,1489350,121042433482,202017976620
12623873,8192,1,1435704,119449851412,199122720433
12632065,8192,1,1452687,118027659375,200105701323
12640257,8192,1,1546021,120587022943,199583906001
12648449,8192,1,1522355,120371457890,199023521581
12656641,8192,1,1515099,120323786912,198526158294
12664833,8192,1,1463056,119801520354,195851345607
12673025,8192,1,1336569,117778012653,195133337624
12681217,8192,1,1523979,120492919264,207226836928
12689409,8192,1,1641347,120800581446,209661904961
12697601,8192,1,1517616,120209411085,204722677416
12705793,8192,1,1572885,120784865947,202311580237
12713985,8192,1,1443041,119223702600,200790270974
12722177,8192,1,1560503,118711360145,202142515975
12730369,8192,1,1710200,120752573783,211046106792
12738561,8192,1,1525513,120574020911,199618733388
12746753,8192,1,1545180,120340259097,199506872251
12754945,8192,1,1491209,119617730910,197135999299
12763137,8192,1,1419517,119567393503,200181152057
12771329,8192,1,1443602,118754868552,203680229218
12779521,8192,1,1749998,120716159388,185644383572
12787713,8192,1,1637823,120792717738,192642807698
12795905,8192,1,1547938,120670804712,192545754687
12804097,8192,1,1433400,119784397229,196993060165
12812289,8192,1,1468640,119538963045,194272962407
12820481,8192,1,1536022,121005829418,193730918667
12828673,8192,1,1544028,120698206806,196084501668
12836865,8192,1,1619752,120820573618,197888685380
12845057,8192,1,1531456,120973407095,191976486944
12853249,8192,1,1483024,120987635474,189480184457
12861441,8192,1,1519507,120664198995,201053928250
12869633,8192,1,1543637,120610778641,210783941136
12877825,8192,1,1551096,121002511251,209631253257
12886017,8192,1,1516209,121052750886,208333883675
12894209,8192,1,1517293,120791191879,214699304500
12902401,8192,1,1553524,121085055387,211781768875
12910593,8192,1,1693757,121300295216,208156424478
12918785,8192,1,1672044,121340799798,203424758630
12926977,8192,1,1655404,120941956310,205531263725
12935169,8192,1,1569906,120926210670,203657782026
12943361,8192,1,1540925,121105298293,210499341058
12951553,8192,1,1641688,121015559738,204851112653
12959745,8192,1,1563783,120859188337,207149032546
12967937,8192,1,1512297,121685096229,200683889511
12976129,8192,1,1516976,126805399318,203377767901
12984321,8192,1,1530715,126881112753,210076685794
12992513,8192,1,1500023,126849103803,209453998093
13000705,8192,1,1525062,126762365924,195771003261
13008897,8192,1,1570898,126628575442,198061466845
13017089,8192,1,1515070,126715629496,200599696894
13025281,8192,1,1491295,126737597201,193477250541
13033473,8192,1,1399447,126800876454,197090758650
13041665,8192,1,1612103,126573305644,200385662800
13049857,8192,1,1564889,126570069748,201971213962
13058049,8192,1,1549927,126511290892,203646891902
13066241,8192,1,1574840,126648398482,206952809954
13074433,8192,1,1517669,127023106100,208028796810
13082625,8192,1,1555248,127201822791,208442353623
13090817,8192,1,1556053,126522950159,202511500322
13099009,8192,1,1504861,126490789213,203631990054
13107201,8192,1,1482066,126504578382,199909354531
13115393,8192,1,1426374,126482546404,190354464591
13123585,8192,1,1422652,126575548760,195969467384
13131777,8192,1,1500669,126501919615,198522446463
13139969,8192,1,1580952,126501645806,195897703145
13148161,8192,1,1572191,126580580822,185868422700
13156353,8192,1,1502663,126435071350,173387074093
13164545,8192,1,1495807,126867900914,178868010458
13172737,8192,1,1485620,126758082578,186527531284
13180929,8192,1,1624283,126445008957,189563832197
13189121,8192,1,1487793,126454067159,181685253033
13197313,8192,1,1590087,126448018907,193147272388
13205505,8192,1,1603957,126508967574,205741189916
13213697,8192,1,1515619,126648476624,210948300236
13221889,8192,1,1594506,126480910175,202951565756
13230081,8192,1,1571457,126542193961,207294535208
13238273,8192,1,1535402,126591571689,200877558219
13246465,8192,1,1493317,126453218947,191217435110
13254657,8192,1,1432522,126495905368,207340124174
13262849,8192,1,1488041,126602949682,205775248075
13271041,8192,1,1487836,126367437642,195038663939
13279233,8192,1,1482494,126265843066,203121373324
13287425,8192,1,1540706,126290664704,201114871697
13295617,8192,1,1431213,126416230124,203419617435
13303809,8192,1,1381642,126377743039,200300517270
13312001,8192,1,1425200,126414184386,195476861085
13320193,8192,1,1446442,126433497478,200736792251
13328385,8192,1,1451568,126525699709,199617364836
13336577,8192,1,1488450,126443773151,191119856590
13344769,8192,1,1448829,126470974452,210782510301
13352961,8192,1,1435386,126473514687,209388088317
13361153,8192,1,1537204,126540746888,195820863536
13369345,8192,1,1706359,126382828597,198646912246
13377537,8192,1,1739316,126452726028,197033516102
13385729,8192,1,1559597,126463514796,198649533470
13393921,8192,1,1464328,126468436719,206477634069
13402113,8192,1,1527548,126619040869,196485044922
13410305,8192,1,1540567,126512649425,200839406962
13418497,8192,1,1579041,126657363768,197201749523
13426689,8192,1,1652004,126401984278,191701517417
13434881,8192,1,1484258,126375922545,205413845381
13443073,8192,1,1553385,126524177526,214065667458
13451265,8192,1,1545506,126393109813,203320207231
13459457,8192,1,1617660,126509408506,207557840853
13467649,8192,1,1617160,126539220161,203947093512
13475841,8192,1,1597888,126604477600,206219949675
13484033,8192,1,1607554,126579892965,208105190300
13492225,8192,1,1693151,126510267086,205389260947
13500417,8192,1,1730955,126614551074,195899382585
13508609,8192,1,1907030,126451741784,192194099877
13516801,8192,1,1860726,126544257334,198008138423
13524993,8192,1,1743498,126502399379,197696745539
13533185,8192,1,1699555,126537553304,199166613470
13541377,8192,1,1797680,126444001381,199941393798
13549569,8192,1,1806412,126438385106,209706992761
13557761,8192,1,1726244,126479692212,207024997652
13565953,8192,1,1638285,126346564082,209478874366
13574145,8192,1,1634714,126449381758,224086926512
13582337,8192,1,1718939,126525685269,203756175817
13590529,8192,1,1768713,126417251634,201938806693
13598721,8192,1,1731576,126409827801,198375322454
13606913,8192,1,1714696,126194994571,197888983099
13615105,8192,1,1662689,126332832338,213391361610
13623297,8192,1,1659344,126354562546,198981231959
13631489,8192,1,1688326,126167088507,203180821252
13639681,8192,1,1740343,126358272138,210006447188
13647873,8192,1,1656537,126321177990,202593968649
13656065,8192,1,1504782,126229054599,210028825323
13664257,8192,1,1627117,126324235982,210260307721
13672449,8192,1,1617372,126397597617,201815128850
13680641,8192,1,1717682,126185351143,207445096644
13688833,8192,1,1681875,126418968592,208570741450
13697025,8192,1,1659942,126214234182,208526151925
13705217,8192,1,1493091,126442876345,206589529270
13713409,8192,1,1639977,126344852300,206869006711
13721601,8192,1,1637728,126406992783,200505412108
13729793,8192,1,1662768,126254851194,208829552605
13737985,8192,1,1572229,126483226636,210492194219
13746177,8192,1,1626524,126076081216,213778504036
13754369,8192,1,1809146,126386695047,221132516825
13762561,8192,1,1603948,126355692540,211338090710
13770753,8192,1,1713010,126362941154,220521121228
13778945,8192,1,1595162,126358123369,218072461740
13787137,8192,1,1503295,126594660549,210635855360
13795329,8192,1,1492449,126654128960,217459740999
13803521,8192,1,1550781,126482616958,212925270411
13811713,8192,1,1601370,126555088393,213298719869
13819905,8192,1,1499991,126600144015,210839913911
13828097,8192,1,1579600,126426324518,207595146984
13836289,8192,1,1451918,126589449884,219393651482
13844481,8192,1,1485911,126671407417,207436247959
13852673,8192,1,1510421,126431496750,204320522034
13860865,8192,1,1590569,126516589514,207657305577
13869057,8192,1,1615665,126504700303,212686935172
13877249,8192,1,1657339,126494229879,207455589841
13885441,8192,1,1530995,126632403991,217593518831
13893633,8192,1,1593121,126305831185,213471604903
13901825,8192,1,1594780,126628482611,199368916370
13910017,8192,1,1574979,126512975265,207363504246
13918209,8192,1,1528537,126494511250,222926834537
13926401,8192,1,1485566,126581521439,215589769576
13934593,8192,1,1516224,126693079215,217351444490
13942785,8192,1,1526924,126579720747,209468578330
13950977,8192,1,1595071,126529604427,222691678450
13959169,8192,1,1523136,126501530450,219727233929
13967361,8192,1,1498767,126596003961,216344328743
13975553,8192,1,1406922,126595942080,204842520814
13983745,8192,1,1599497,126504388876,202347925398
13991937,8192,1,1623488,126638294462,208830188895
14000129,8192,1,1622392,126578067124,206103283693
14008321,8192,1,1539581,126538188694,199949983652
14016513,8192,1,1479134,126565197225,222240843623
14024705,8192,1,1502447,126588974527,213325436205
14032897,8192,1,1478763,126487822388,212891274274
14041089,8192,1,1533746,126627724761,213674036631
14049281,8192,1,1519738,126594957346,212507486227
14057473,8192,1,1519493,126528476406,215327102616
14065665,8192,1,1378968,126547954984,203571450981
14073857,8192,1,1474826,126438035641,215276696221
14082049,8192,1,1461458,126597812191,214985232121
14090241,8192,1,1463314,126464976827,209204272534
14098433,8192,1,1441040,126385694310,208577843674
14106625,8192,1,1436453,126491228880,217534807976
14114817,8192,1,1496948,126733919140,216573118690
14123009,8192,1,1496987,126542528909,210784302373
14131201,8192,1,1452980,126436119407,215373246197
14139393,8192,1,1423186,126572325359,216580613178
14147585,8192,1,1569308,126563222552,223157051123
14155777,8192,1,1464535,126571618605,218299981680
14163969,8192,1,1479519,126524555259,218081847459
14172161,8192,1,1499313,126468901517,219912271854
14180353,8192,1,1565348,126623168177,216447056477
14188545,8192,1,1470830,126464552679,219340931641
14196737,8192,1,1400549,126494842685,218254525712
14204929,8192,1,1453105,126753079308,224758158050
14213121,8192,1,1460111,126568950512,215254662550
14221313,8192,1,1520459,126652167619,214581197991
14229505,8192,1,1499272,126638616386,219849144326
14237697,8192,1,1548944,126740822535,216652857772
14245889,8192,1,1633816,126506755658,231793222856
14254081,8192,1,1445619,126723848661,214988340733
14262273,8192,1,1431866,126541088768,211417125851
14270465,8192,1,1484052,126508469815,215570221746
14278657,8192,1,1449156,126566654615,217026098962
14286849,8192,1,1474927,126698119621,222442808202
14295041,8192,1,1393083,126635507728,219607918373
14303233,8192,1,1469593,126594053976,212146301559
14311425,8192,1,1512033,126538804256,217702979933
14319617,8192,1,1481371,126576921156,219579888062
14327809,8192,1,1430169,126566265060,219184291600
14336001,8192,1,1419150,126722723223,218291848415
14344193,8192,1,1480284,126435774983,223638271131
14352385,8192,1,1528548,126476867898,231755080852
14360577,8192,1,1546887,126808255314,232241795744
14368769,8192,1,1435509,126571790084,225310463806
14376961,8192,1,1386650,126499954858,226497146504
14385153,8192,1,1382223,126651656770,225161372393
14393345,8192,1,1488051,126664579673,223457769022
14401537,8192,1,1553934,126545677652,227209855203
14409729,8192,1,1634007,126563665151,220125993905
14417921,8192,1,1442200,126580746495,224631793576
14426113,8192,1,1413632,126478067233,233797010550
14434305,8192,1,1548109,126551840239,227905352872
14442497,8192,1,1470527,126615549801,227948178333
14450689,8192,1,1478434,126677467809,223146918900
14458881,8192,1,1458738,126597790863,220362452515
14467073,8192,1,1426514,126403031347,224592310972
14475265,8192,1,1482168,126709937913,229525684114
14483457,8192,1,1557468,126539321538,222895835349
14491649,8192,1,1470187,126437944162,221948250092
14499841,8192,1,1477967,126523369672,217708912975
14508033,8192,1,1465952,126535822834,243794451464
14516225,8192,1,1348724,126493420690,226356289958
14524417,8192,1,1408175,126557593458,223057968416
14532609,8192,1,1417407,126601214291,220410012400
14540801,8192,1,1453750,126608916838,218718812139
14548993,8192,1,1403369,126516523197,216810799050
14557185,8192,1,1395108,126600906242,228425370841
14565377,8192,1,1422523,126760302959,223248628474
14573569,8192,1,1419444,126405917316,215404999288
14581761,8192,1,1376103,126440498278,215863055144
14589953,8192,1,1432106,126608941369,220449444506
14598145,8192,1,1389518,126692065880,217241151255
14606337,8192,1,1325891,126592054869,229307563055
14614529,8192,1,1430620,126570249130,224664262484
14622721,8192,1,1640576,126530216669,226917332306
14630913,8192,1,1458194,126511255699,207649552063
14639105,8192,1,1452283,126394466641,220082879406
14647297,8192,1,1349319,126566104062,229346019181
14655489,8192,1,1452911,126604604446,222952839101
14663681,8192,1,1448499,126332373287,220294968795
14671873,8192,1,1483751,126448598311,224744469165
14680065,8192,1,1524626,126486693032,223566126172
14688257,8192,1,1527468,126545672360,223130382900
14696449,8192,1,1472173,126525431009,200605090411
14704641,8192,1,1419681,126533194875,215191875564
14712833,8192,1,1437270,126467171242,225901352359
14721025,8192,1,1512036,126367840991,225401203004
14729217,8192,1,1439500,126305664805,230750685259
14737409,8192,1,1387353,126409670149,229708162769
14745601,8192,1,1499311,126425130097,231754407402
14753793,8192,1,1558145,126172894422,233235591582
14761985,8192,1,1718804,126212903238,228338277178
14770177,8192,1,1717370,126029090030,230270852303
14778369,8192,1,1473904,126362945352,233469751933
14786561,8192,1,1449449,126492807622,243716636150
14794753,8192,1,1477860,126429514269,224572381093
14802945,8192,1,1512924,126383475179,227497355566
14811137,8192,1,1483765,126427560226,226666301728
14819329,8192,1,1469039,126465883445,216999958935
14827521,8192,1,1400910,126617871845,217806579903
14835713,8192,1,1464190,126577008600,220443839406
14843905,8192,1,1463597,126488966318,211243955732
14852097,8192,1,1435958,126350436560,210183660733
14860289,8192,1,1428608,126334006669,212857296937
14868481,8192,1,1442830,126593504235,218373090792
14876673,8192,1,1444089,126454820297,204937234906
14884865,8192,1,1489984,126427635219,202218646344
14893057,8192,1,1459687,126567897831,201275585616
14901249,8192,1,1429581,126389935326,195707147309
14909441,8192,1,1388421,126535790245,199292727779
14917633,8192,1,1472067,126496416288,198466885925
14925825,8192,1,1441937,126455027935,203864914640
14934017,8192,1,1444164,126497768001,195229531569
14942209,8192,1,1483479,126356513150,199667647803
14950401,8192,1,1440249,126385110650,220668841006
14958593,8192,1,1526412,126307268112,222404881398
14966785,8192,1,1552881,126293740397,226648005808
14974977,8192,1,1547396,126094740945,218053645130
14983169,8192,1,1536599,126211707939,213283798718
14991361,8192,1,1489033,126224000392,226450486728
14999553,8192,1,1453488,126264788639,220565899062
15007745,8192,1,1511797,126501254834,214470139194
15015937,8192,1,1503036,126279848457,216001058069
15024129,8192,1,1519956,126405073088,214885569146
15032321,8192,1,1423112,126368472028,199667771645
15040513,8192,1,1514298,126447574509,212306407289
15048705,8192,1,1540708,126248790503,206288395905
15056897,8192,1,1512494,126305588741,219773452408
15065089,8192,1,1499260,126337822141,213094593687
15073281,8192,1,1452264,126555139864,209904792418
15081473,8192,1,1479484,126496906125,208953362057
15089665,8192,1,1488701,126582720631,206817923585
15097857,8192,1,1503925,126385361299,204794950605
15106049,8192,1,1479703,126275675270,203707509283
15114241,8192,1,1487831,126443159552,208497453503
15122433,8192,1,1451943,126750094045,202608042699
15130625,8192,1,1432546,126356114172,205132757202
15138817,8192,1,1498517,126157841850,207438212706
15147009,8192,1,1502133,126486746806,208571034801
15155201,8192,1,1580935,126483403980,213504899125
15163393,8192,1,1575190,126219434040,213616525806
15171585,8192,1,1536284,126327883878,212459688163
15179777,8192,1,1488705,126401251390,211252512973
15187969,8192,1,1535856,126380404561,211611009249
15196161,8192,1,1502255,126340565283,215496058292
15204353,8192,1,1457865,126470528973,214293313731
15212545,8192,1,1475951,126706209220,218672429404
15220737,8192,1,2099730,126390140428,239583818410
15228929,8192,1,1507534,126385341833,217937647807
15237121,8192,1,1532314,126415790802,219977311869
15245313,8192,1,1492981,126326458992,219073749755
15253505,8192,1,1473283,126472813488,222202039650
15261697,8192,1,1660048,126534594704,228167490027
15269889,8192,1,1600297,126589300886,229921025242
15278081,8192,1,1808125,126391955349,233550378409
15286273,8192,1,1509403,126411630842,217655967351
15294465,8192,1,1492102,126503841855,224030973958
15302657,8192,1,1481006,126879977162,219560359982
15310849,8192,1,1455573,126338823947,215989713662
15319041,8192,1,1468523,126384171157,211837232018
15327233,8192,1,1455118,126452603869,209884356978
15335425,8192,1,1428014,126484960125,214719472882
15343617,8192,1,1414560,126583909748,214910462989
15351809,8192,1,1433222,126370246098,209100162026
15360001,8192,1,1438656,126724972455,215954626194
15368193,8192,1,1422503,126526502925,208877409161
15376385,8192,1,1417976,126364437949,213948769726
15384577,8192,1,1424419,126656766137,217849430232
15392769,8192,1,1381472,126593536534,208412578301
15400961,8192,1,1366854,126560232721,208288910141
15409153,8192,1,1391499,126696531231,213588342889
15417345,8192,1,1408332,126595281337,206847568340
15425537,8192,1,1382698,126492112406,210280734031
15433729,8192,1,1361048,126653338550,207228220862
15441921,8192,1,1392230,126508621863,204830929550
15450113,8192,1,1350466,126393470273,201577337558
15458305,8192,1,1425866,126500624148,204835095371
15466497,8192,1,1388874,126680471683,203635784586
15474689,8192,1,1432354,126763626150,210605828974
15482881,8192,1,1439442,126625747723,207488895535
15491073,8192,1,1418575,126514564670,211951229088
15499265,8192,1,1399446,126591544745,201377263286
15507457,8192,1,1421860,126366550708,210523193243
15515649,8192,1,1386719,126711988256,216137053392
15523841,8192,1,1434635,126473241960,207137405377
15532033,8192,1,1480058,126415568321,212504520851
15540225,8192,4702882,1539317,126223755357,210415034465
15548417,8192,4711204,1549433,125266962992,214116217760
15556609,8192,4719481,1506999,125314419131,218700492277
15564801,8192,4727753,1326511,125385512822,214923871984
15572993,8192,4736026,1301225,125359407921,211354464226
15581185,8192,4744366,1298022,125291818536,207344269001
15589377,8192,4752640,1292103,125493083866,214167850755
15597569,8192,4760873,1269576,125171890894,208039033020
15605761,8192,4769097,1281934,125158789139,213030040921
15613953,8192,4777324,1266483,125184058805,208134854554
15622145,8192,4785575,1310843,125352153039,209868514490
15630337,8192,4793834,1350424,125402191477,209579582598
15638529,8192,4802063,1271916,125290664131,207609363878
15646721,8192,4810311,1382229,125417435852,202335824269
15654913,8192,4818560,1341844,125241377890,206440663833
15663105,8192,4826793,1338871,125235624379,215658479288
15671297,8192,4835033,1473498,125267623539,194989291193
15679489,8192,4843307,1341943,125238576083,207960883874
15687681,8192,4851548,1358945,125339300495,214457739226
15695873,8192,4859783,1366233,125332552702,205095771498
15704065,8192,4868035,1366939,125309608945,207853897180
15712257,8192,4876269,1258668,125580844155,168909254500
15720449,8192,4884504,1269011,125586649741,180870141777
15728641,8192,4892734,1290568,125336795671,202257594329
15736833,8192,4900965,1218505,125671533571,196657024264
15745025,8192,4909209,1270641,125186719880,208473381156
15753217,8192,4917440,1222591,125621248902,202172306336
15761409,8192,4925676,1136071,125642950151,200890788072
15769601,8192,4933927,1207034,125446738312,206710190676
15777793,8192,4942152,1230057,125167110607,197158094428
15785985,8192,4950396,1236387,125097758007,201246028979
15794177,8192,4958625,1304488,125171471581,206813161945
15802369,8192,4966858,1224835,125188882612,204662233209
15810561,8192,4975086,1104271,125176226874,206772095595
15818753,8192,4983340,1191983,125462451283,210394755573
15826945,8192,4991606,1208452,124895221202,207615430964
15835137,8192,4999843,1258925,124696117492,213777187530
15843329,8192,5008082,1266737,124905141764,212318078328
15851521,8192,5016328,1181380,124808204719,205265490514
15859713,8192,5024572,1181075,124913583891,210139947394
15867905,8192,5032801,1198642,124853581395,209713843748
15876097,8192,5041067,1256946,124485974258,205838840054
15884289,8192,5049305,1185695,124420511601,210954493430
15892481,8192,5057550,1237468,124320433939,204765538580
15900673,8192,5065779,1160265,124212174085,212805241100
15908865,8192,5074016,1058092,124650352681,209979520272
15917057,8192,5082245,1154274,124317182853,209408504758
15925249,8192,5090476,1267752,124214048769,211987660671
15933441,8192,5098721,1375306,124264129443,222650682913
15941633,8192,5106967,1389702,123940720851,223664039072
15949825,8192,5115210,1290366,124034382029,219822225334
15958017,8192,5123438,1173643,124359427972,224935177858
15966209,8192,5131663,1310249,124224713160,233206931696
15974401,8192,5139899,1340522,124099640351,234688039221
15982593,8192,5148147,1235970,124322924690,223851682931
15990785,8192,5156389,1283371,124198929531,220958229867
15998977,8192,5164630,1225813,124186386101,218888041852
16007169,8192,5172864,1052847,124623074343,210578823187
16015361,8192,5181097,1052959,124493600992,224172487690
16023553,8192,5189331,1090688,124243013279,225662818668
16031745,8192,5197584,1104026,124381451256,219476255416
16039937,8192,5205840,1123041,124395808586,218316508642
16048129,8192,5214078,1134623,124830620768,220039032102
16056321,8192,5222314,1125502,124617193118,225964965429
16064513,8192,5230552,1010762,124683765373,226942856576
16072705,8192,5238780,1246034,124333477118,225804706437
16080897,8192,5247021,1178575,124260753374,230888816479
16089089,8192,5255267,1123580,124306431578,225605900297
16097281,8192,5263499,1140851,124439942230,222923872325
16105473,8192,5271733,1161857,124361331384,223913712391
16113665,8192,5279979,1109178,124669356777,227591716502
16121857,8192,5288231,1162628,124391196480,222359714386
16130049,8192,5296473,1180458,124399949367,221142464012
16138241,8192,5304780,1078802,124660642804,218440461054
16146433,8192,5313022,1399504,124480225073,234133370278
16154625,8192,5321262,1831486,124194901488,264086039120
16162817,8192,5329495,1289430,124612317459,245731403802
16171009,8192,5337741,1315758,124340884409,231327649759
16179201,8192,5345985,1305539,124066232016,237399731560
16187393,8192,5354220,1237219,124237008425,230647037721
16195585,8192,5362459,1242340,124164031098,226935098521
16203777,8192,5370696,1298513,123955699854,231934753196
16211969,8192,5378936,1110066,124443582796,238024394331
16220161,8192,5387165,1089412,124386084913,224196153241
16228353,8192,5395399,1161951,123977256702,223384295356
16236545,8192,5403630,1168807,124125228021,228583714645
16244737,8192,5411850,1131902,124288779632,229875838800
16252929,8192,5420067,1149718,124332292810,240840926000
16261121,8192,5428297,1006443,124925233758,251360610628
16269313,8192,5436528,1004179,124695474779,231908076143
16277505,8192,5444770,1149822,124398327669,232337856228
16285697,8192,5452994,1133861,124278260394,236125402790
16293889,8192,5461230,1092288,124265714717,238323797804
16302081,8192,5469460,1072509,124403719165,242743289709
16310273,8192,5477688,941325,124731511962,259113915077
16318465,8192,5485913,882467,124766784923,227143489332
16326657,8192,5494140,1064365,124413151568,223195245258
16334849,8192,5502372,1203661,124227087257,225348862337
16343041,8192,5510610,1295735,124036901019,234878204435
16351233,8192,5518848,1181661,124111787777,226903690593
16359425,8192,5527079,1079067,124533103336,247454838468
16367617,8192,5535309,1377208,124373927230,249873820068
16375809,8192,5543539,1202265,124039788633,248432956379
16384001,8192,5551774,1240571,124100331466,230095997569
16392193,8192,5560023,1251207,124003722518,234459548685
16400385,8192,5568264,1239850,124052994132,226708245559
16408577,8192,5576488,1265814,123867348059,243764826038
16416769,8192,5584742,1147721,124148195400,243970574201
16424961,8192,5592977,1192692,124003358239,245196772086
16433153,8192,5601200,1188570,124166203859,233677456138
16441345,8192,5609436,1214158,123872046169,239643004778
16449537,8192,5617666,1166299,124245007447,227489418225
16457729,8192,5625902,1176755,123985010086,246879111825
16465921,8192,5634141,1029846,124556794423,232889606612
16474113,8192,5642371,1087223,124368765692,226499124308
16482305,8192,5650601,1173116,124180458932,229850611547
16490497,8192,5658845,1158866,124219659457,231206344288
16498689,8192,5667082,1248259,124168429071,235817095148
16506881,8192,5675313,1170549,124282739423,235350468813
16515073,8192,5683551,1131564,124390215662,232086269292
16523265,8192,5691780,1225728,123979933211,232524715244
16531457,8192,5700013,1233882,124053338198,230408498941
16539649,8192,5708260,1211444,123988503328,238769279940
16547841,8192,5716525,1256586,123922282104,226238535713
16556033,8192,5724762,1230919,124009051113,227966872743
16564225,8192,5732991,1239040,124028389925,238354742373
16572417,8192,5741223,1226880,123982832351,233862334077
16580609,8192,5749471,1296813,123813847300,225941660479
16588801,8192,5757729,1266771,123805018180,228433233529
16596993,8192,5765970,1247419,123939513129,234992233652
16605185,8192,5774205,1147285,124058090877,236019254734
16613377,8192,5782440,1084123,124251855466,233708738696
16621569,8192,5790686,1209663,124076116461,233232677166
16629761,8192,5798933,1278174,124175952832,231604142982
16637953,8192,5807177,1330708,123602214180,220123555627
16646145,8192,5815423,1279631,123702477060,230162859146
16654337,8192,5823744,1183021,123877292698,235326659819
16662529,8192,5832032,1132813,124094677752,249675712802
16670721,8192,5840313,1209310,123989450841,243903603436
16678913,8192,5848599,1253099,123926563458,238106117561
16687105,8192,5856905,1251013,124004103042,236681042540
16695297,8192,5865191,1245742,123923427248,228204270520
16703489,8192,5873502,1235602,124080283695,244051619760
16711681,8192,5881803,1135044,124299971638,253458254457
16719873,8192,5890089,1154719,124214204463,241440541245
16728065,8192,5898362,1210401,123956363401,237334588407
16736257,8192,5906658,1246107,123945396983,227425390431
16744449,8192,5914960,1250768,123917230336,234136413385
16752641,8192,5923268,1232077,123922994202,232854283898
16760833,8192,5931557,1101217,124016467187,230572616998
16769025,8192,5939852,1115077,123940593590,224844339905
16777217,8192,5948143,1203820,123946925971,223493132338
16785409,8192,5956437,1190451,123833585470,223494519709
16793601,8192,5964730,1192548,123749498190,217438057974
16801793,8192,5973054,1222847,123956529365,231708100920
16809985,8192,5981358,1158585,123615753440,235996757479
16818177,8192,5989636,1190257,123880766762,239873818102
16826369,8192,5997923,1315502,124066841094,233175549407
16834561,8192,6006221,1280191,123785793744,226655533323
16842753,8192,6014515,1218102,123790540045,223877134435
16850945,8192,6022798,1219963,123930827780,232336646523
16859137,8192,6031084,1161119,123958338109,243699524964
16867329,8192,6039371,1171240,124129112556,241233209692
16875521,8192,6047642,1267203,123879852147,238122382509
16883713,8192,6055930,1262897,123950930417,239652307904
16891905,8192,6064228,1232554,123924166484,232743687909
16900097,8192,6072508,1261532,123799373290,231185957339
16908289,8192,6080793,1204241,123697797710,245243433874
16916481,8192,6089077,1166469,123872500417,276401914238
16924673,8192,6097362,1313286,123887439402,252729419544
16932865,8192,6105654,1318114,123736211580,246390378688
16941057,8192,6113948,1371249,123781285971,264377276909
16949249,8192,6122230,1324221,123851146021,244058085906
16957441,8192,6130520,1201645,123770774514,267633405007
16965633,8192,6138828,1130553,124115291400,267052088032
16973825,8192,6147196,1206396,123973096845,254079291455
16982017,8192,6155571,1296153,123799597728,245980239689
16990209,8192,6163998,1245876,123829143218,249074563927
16998401,8192,6172357,1236370,123949207012,260967455898
17006593,8192,6180713,1095386,124186445686,255780646801
17014785,8192,6189078,1097696,124373036821,282975627057
17022977,8192,6197431,1184850,124038711706,257054149591
17031169,8192,6205770,1232776,123930837647,256164140635
17039361,8192,6214644,1316623,123920763300,256911643350
17047553,8192,6223141,1373527,123682150949,247695263506
17055745,8192,6231549,1236837,124174335358,250241779124
17063937,8192,6239930,1008710,124612817560,242337446895
17072129,8192,6248275,1183210,123779206831,221858150921
17080321,8192,6256608,1260658,123645465790,216597955283
17088513,8192,6264965,1260278,123647922745,203907636852
17096705,8192,6273315,1195518,123606718765,220858577100
17104897,8192,6281580,1014510,124351735830,226232841424
17113089,8192,6289852,998796,124202567206,220683674454
17121281,8192,6298121,1079273,124077209846,217054125175
17129473,8192,6306398,1108894,124161798539,231279874148
17137665,8192,6314693,1094899,124246637405,233739679411
17145857,8192,6322984,1150300,124075434998,229380356687
17154049,8192,6331276,1053151,124293347868,229977799016
17162241,8192,6339552,1116778,123894911874,223110512727
17170433,8192,6347847,1259515,123549394465,217328059064
17178625,8192,6356141,1302281,123514410067,210415629721
17186817,8192,6364447,1268222,123677502767,212264217614
17195009,8192,6372722,1334072,123586995334,201447101552
17203201,8192,6381005,1375665,123325720760,189066913153
17211393,8192,6389309,1269359,123489821555,196756297209
17219585,8192,6397595,1316145,123397475306,204198002398
17227777,8192,6405886,1281602,123525891650,209094994043
17235969,8192,6414187,1256380,123586573657,218905521112
17244161,8192,6422571,1265659,123572520849,215215549024
17252353,8192,6431060,1227759,123671374561,232821551051
17260545,8192,6439423,1143861,123975679931,268261500158
17268737,8192,6447756,1247976,123689972357,246335823412
17276929,8192,6456078,1225854,123699524669,243121136202
17285121,8192,6464411,1200074,123686298402,280000048387
17293313,8192,6472712,1235586,123611194696,241074591865
17301505,8192,6481018,1244725,123809963167,244875817045
17309697,8192,6489326,1176759,123949583273,260243180010
17317889,8192,6497627,1224036,123535394964,250127886353
17326081,8192,6505936,1271485,123566158009,227586881588
17334273,8192,6514227,1213764,123611052485,247425410051
17342465,8192,6522521,1220033,123559546994,241335433465
17350657,8192,6530810,1190892,123706210400,272102648672
17358849,8192,6539086,1097182,123977816887,262409101206
17367041,8192,6547367,1232605,123526861260,238096505946
17375233,8192,6555668,1355447,123551402440,230690782682
17383425,8192,6563975,1256364,123670066137,247413469919
17391617,8192,6572280,1227341,123601410945,240931548623
17399809,8192,6580587,1246478,123797697040,259390465483
17408001,8192,6588914,1123000,124044778310,271448324542
17416193,8192,6597245,1269906,123743510946,271650413764
17424385,8192,6605563,1290349,123571782475,263343036894
17432577,8192,6613884,1215614,123977234268,260595575373
17440769,8192,6622203,1142107,124116885794,245908015472
17448961,8192,6630518,1318220,123834754157,272466116816
17457153,8192,6638828,1371127,124366947124,275405098926
17465345,8192,6647132,1139240,124284630535,297146937350
17473537,8192,6655432,1118499,124036532288,272940056900
17481729,8192,6663738,1167236,123974272274,262258347271
17489921,8192,6672036,1269205,123713974467,271228503851
17498113,8192,6680314,1278229,123781928256,267609733086
17506305,8192,6688575,1097821,124418769032,270294831554
17514497,8192,6696852,1200669,124340518916,265506257101
17522689,8192,6705139,1244132,123969649458,244153443457
17530881,8192,6713412,1254698,123801937893,278716272836
17539073,8192,6721698,1202255,123775890332,252935247467
17547265,8192,6729991,1183886,124107681984,263836440034
17555457,8192,6738288,1142197,124416112644,278571329679
17563649,8192,6746591,1094662,124391082754,286902270123
17571841,8192,6754910,1243595,124011718560,278108195231
17580033,8192,6763173,1246138,123656872333,260726085922
17588225,8192,6771437,1220773,123600570876,254094927276
17596417,8192,6779714,1285195,123589648360,243772286103
17604609,8192,6788002,1127444,123962367108,273996755827
17612801,8192,6796294,1108831,124051288689,281758452624
17620993,8192,6804576,1218492,123776521297,284125562534
17629185,8192,6812859,894478,125317003080,201086045065
17637377,8192,6821141,1009584,124520012251,203642516330
17645569,8192,6829423,1188604,123540108721,258593887174
17653761,8192,6837721,1145572,123736105560,268342753788
17661953,8192,6846009,1121758,123823005628,274261169115
17670145,8192,6854313,1256352,123679748158,276138395164
17678337,8192,6862607,1224990,123816739190,287408348908
17686529,8192,6870912,1264714,123654678978,260177667976
17694721,8192,6879202,1287665,123408708438,291298496876
17702913,8192,6887554,1098212,123991774872,286943845917
17711105,8192,6895845,1108258,123788035887,305098482325
17719297,8192,6904113,1232852,123693345817,287115248079
17727489,8192,6912402,1335960,123472687664,249617888117
17735681,8192,6920655,1213157,123578980328,273680449109
17743873,8192,6928910,1277573,123594496185,269503148165
17752065,8192,6937162,1154856,123439317921,267422196907
17760257,8192,6945412,1122970,123725286457,306173958257
17768449,8192,6953662,1166718,123587905718,301830437051
17776641,8192,6961925,1169406,123654616772,328386857219
17784833,8192,6970175,1152283,123604124435,344202792173
17793025,8192,6978424,1170610,123601748165,277105157857
17801217,8192,6986678,1130078,123548526906,325020723127
17809409,8192,6994934,1130415,123727490035,422469046162
17817601,8192,7003174,1191194,123693477330,329370964144
17825793,8192,7011410,1219535,123557826561,314756274430
17833985,8192,7019652,1204918,123575373732,298702381729
17842177,8192,7027902,1236320,123689649053,291702414993
17850369,8192,7036151,1265346,123558675615,291334337570
17858561,8192,7044407,1157496,123929573197,321447108033
17866753,8192,7052664,1183951,123658814084,289422663486
17874945,8192,7060922,1278407,123642908245,285721472247
17883137,8192,7069180,1199199,123569105452,277526404740
17891329,8192,7077424,1204048,123571644886,279627766613
17899521,8192,7085686,1149470,123705192123,278973238345
17907713,8192,7093924,1069430,123938547216,289341137937
17915905,8192,7102175,1145941,123688977805,289601014419
17924097,8192,7110423,1199646,123514505273,251452911317
17932289,8192,7118675,1221132,123514220373,276001857835
17940481,8192,7126933,1231073,123559394968,264487412682
17948673,8192,7135190,1248894,123623668837,289415833590
17956865,8192,7143454,1099647,123889088349,291713020658
17965057,8192,7151711,1157411,123638299505,291567932997
17973249,8192,7159953,1181639,123578092102,281657561240
17981441,8192,7168195,1188780,123426270631,279566728190
17989633,8192,7176448,1200236,123591117988,277327394348
17997825,8192,7184717,1177795,123566501958,283403376614
18006017,8192,7192955,1067515,123979983927,318496963503
18014209,8192,7201216,1110139,123876347374,295075457993
18022401,8192,7209486,1173383,123559378879,274654577329
18030593,8192,7217747,1177056,123507968462,292213611707
18038785,8192,7226002,1151703,123568189717,288192699212
18046977,8192,7234267,1129441,123895897097,303703896863
18055169,8192,7242532,1212054,124049690052,305174578877
18063361,8192,7250786,1140613,123712356534,303194191369
18071553,8192,7259026,1107207,123998293126,298012438542
18079745,8192,7267303,1229221,123576941238,302632900982
18087937,8192,7275548,1158819,123656399105,295666015110
18096129,8192,7283810,1140087,123714074502,296667889873
18104321,8192,7292076,1035592,124064972672,310561136928
18112513,8192,7300337,1068455,124125573099,310172513153
18120705,8192,7308598,1231558,123782706356,325715731396
18128897,8192,7316868,1804705,123807268147,324954033548
18137089,8192,7325152,1220780,123755928993,276872899774
18145281,8192,7333463,1167260,123474759659,300221769151
18153473,8192,7341807,1040843,124077823347,313139098872
18161665,8192,7350157,1045352,124076331700,317047174540
18169857,8192,7358440,1155698,123804646559,315513216433
18178049,8192,7366694,1168029,123738642967,298873542452
18186241,8192,7374947,1287030,123844935174,302808265109
18194433,8192,7383221,1126547,123712845708,310755854140
18202625,8192,7391475,987425,124535109821,320794356823
18210817,8192,7399742,1012301,124231635810,322333992820
18219009,8192,7407987,1160175,123996504845,298867861001
18227201,8192,7416247,1234696,123502477845,303605513329
18235393,8192,7424510,1192308,123850914107,297273927479
18243585,8192,7432769,1181081,123639714052,311473095786
18251777,8192,7441011,1122330,123791286451,320018813475
18259969,8192,7449248,1057141,124005826008,316528804572
18268161,8192,7457480,1149776,123780189861,298710932134
18276353,8192,7465732,1138922,123825049322,311158917136
18284545,8192,7473976,1116748,123912936549,311596546536
18292737,8192,7482227,1127798,124011657362,329897864493
18300929,8192,7490473,1167190,123832281793,345052546979
18309121,8192,7498722,1053420,124124411697,347095175573
18317313,8192,7506978,1133163,123892826376,346622446869
18325505,8192,7515227,1132535,123963669651,380427563050
18333697,8192,7523497,1174914,123807898511,350024686056
18341889,8192,7531758,1150732,124008898402,310031940349
18350081,8192,7540010,1095754,124066570254,329162063754
18358273,8192,7548250,1031926,124293311968,322318400635
18366465,8192,7556485,1169850,123796488548,300873713726
18374657,8192,7564737,1137885,123763453499,307958392536
18382849,8192,7572992,1137153,123739979971,308227971446
18391041,8192,7581241,1196116,123696138160,284923107883
18399233,8192,7589493,1188419,123748760146,317322226835
18407425,8192,7597744,1130750,123806830257,305770872736
18415617,8192,7606005,1203397,123713240856,313619869703
18423809,8192,7614258,1257068,123661939920,282216671864
18432001,8192,7622531,1252621,123647146166,270194719718
18440193,8192,7630780,1205858,123608104486,290405471291
18448385,8192,7639025,1171536,123606480487,294893160666
18456577,8192,7647282,1184335,123687962207,298660128284
18464769,8192,7655550,1227707,123656285174,307517230055
18472961,8192,7663813,1284738,123601764262,292073642980
18481153,8192,7672060,1256303,123642445478,284197572055
18489345,8192,7680331,1195079,123543052072,280953727894
18497537,8192,7688594,1238864,123729824111,295361897938
18505729,8192,7696861,1182352,123593591406,307719437338
18513921,8192,7705129,1233586,123621916055,302441744174
18522113,8192,7713386,1230026,123625792489,288257677521
18530305,8192,7721624,1223627,123553925647,296681545659
18538497,8192,7729874,1290154,123671245630,278794252646
18546689,8192,7738125,1276381,123699036245,306546977337
18554881,8192,7746382,1246012,123733776212,340817230803
18563073,8192,7754631,1246486,123634151269,311742277462
18571265,8192,7762868,1219353,123672327030,292397773282
18579457,8192,7771127,1233808,123544543122,302800390783
18587649,8192,7779363,1254190,123650030852,296655646398
18595841,8192,7787617,1244508,123614833950,295417250225
18604033,8192,7795903,1259904,123713505259,323746979571
18612225,8192,7804160,1216570,123810115467,330654644425
18620417,8192,7812425,1282421,123680636979,290431721969
18628609,8192,7820683,1290295,123762052048,289546653329
18636801,8192,7828925,1329761,123624356896,317690436323
18644993,8192,7837197,1229232,123673332562,340193518585
18653185,8192,7845459,1124831,123722979147,355765982268
18661377,8192,7853721,1141839,123760941969,359023896240
18669569,8192,7861982,1276577,123643292573,304845839028
18677761,8192,7870232,1348989,123665435619,301632126551
18685953,8192,7878487,1292258,123614723053,285418697117
18694145,8192,7886739,1280894,123635445331,262527732446
18702337,8192,7894977,1370284,123674712258,319951164023
18710529,8192,7903249,1196262,123768009361,371846033264
18718721,8192,7911506,1315408,123701070991,295321825041
18726913,8192,7919763,1376836,123723517082,372053124924
18735105,8192,7928038,1294708,123852643029,356862639366
18743297,8192,7936310,1380152,123592761710,327214891166
18751489,8192,7944586,1294239,123792768243,410492468895
18759681,8192,7952835,1286704,123765852488,336689666761
18767873,8192,7961090,1233835,123872769832,388470861052
18776065,8192,7969343,1205041,123986510127,487542256158
18784257,8192,7977613,1310812,123933188174,449432319685
18792449,8192,7985880,1371731,123735994772,321240349743
18800641,8192,7994181,1231492,123976611447,314621261153
18808833,8192,8002461,1239882,123867437997,500595004117
18817025,8192,8010724,1294709,123735714868,356662608325
18825217,8192,8019018,1333260,123846313048,343785532740
18833409,8192,8027303,1475343,123747332848,336353253094
18841601,8192,8035559,1384494,123689349896,298282096343
18849793,8192,8043832,1323590,123619746748,322188426665
18857985,8192,8052126,1314599,123671843490,331489821704
18866177,8192,8060419,1273194,123657643737,323767656271
18874369,8192,8068684,1277332,123711691345,339707780379
18882561,8192,8076974,1321935,123658427466,313066777960
18890753,8192,8085252,1332345,123535674414,299683207305
18898945,8192,8093563,1248370,123739831742,329316138712
18907137,8192,8101832,1253229,123728100060,347018690048
18915329,8192,8110114,1266595,123781071763,357160582359
18923521,8192,8118398,1288376,123635147516,310112792989
18931713,8192,8126667,1252811,123705837334,294654653382
18939905,8192,8134951,1264747,123685039020,325926136893
18948097,8192,8143260,1204967,123815134928,424741526895
18956289,8192,8151644,1161537,124211789248,556706182558
18964481,8192,8159956,1256820,123969766721,450018690157
18972673,8192,8168234,1252926,123728441436,321617554099
18980865,8192,8176488,1415393,123858693129,275653289452
18989057,8192,8184767,1378115,123669387522,319234328703
18997249,8192,8193014,1385398,123764285378,317271854977
19005441,8192,8201259,2044815,123824739294,274834836936
19013633,8192,8209499,1454448,123669961183,303340058664
19021825,8192,8217728,1418905,123653695356,262494296276
19030017,8192,8225983,1368129,123782896509,271578929548
19038209,8192,8234228,1371339,123663808593,283415262652
19046401,8192,8242460,1304989,123701427919,306658267974
19054593,8192,8250694,1231354,123767425903,330689300861
19062785,8192,8259059,1276243,123815788056,352560727662
19070977,8192,8267362,1259116,123826364821,326222324958
19079169,8192,8275635,1244576,123691753909,324091031775
19087361,8192,8283896,1333438,123832840822,297521958327
19095553,8192,8292156,1339566,123691549401,313015533290
19103745,8192,8300438,1321099,123849518114,321403153878
19111937,8192,8308689,1260937,123793147462,341066874456
19120129,8192,8316948,1359851,123815115800,295619254458
19128321,8192,8325217,1314760,123666197796,293559254828
19136513,8192,8333493,1305248,123946920476,277169087369
19144705,8192,8341773,1266103,124104017949,295173608484
19152897,8192,8350064,1198093,124118652749,328237134048
19161089,8192,8358344,1230459,124206694754,322652061549
19169281,8192,8366622,1242437,124122790289,287494773384
19177473,8192,8374907,1340729,123989599941,264581734139
19185665,8192,8383182,1236760,123969611623,237392440251
19193857,8192,8391454,1222610,123806886071,217783966546
19202049,8192,8399735,1165655,124131985407,255778214065
19210241,8192,8408023,1140966,124274057934,291505150685
19218433,8192,8416275,1181096,124295618123,290514839941
19226625,8192,8424566,1297683,124266922414,280172530831
19234817,8192,8432837,1319023,124094997030,282015643986
19243009,8192,8441120,1360327,123910732432,269143120801
19251201,8192,8449406,1252019,124116392865,314982284328
19259393,8192,8457720,1260334,124142787832,303076417742
19267585,8192,8465991,1316043,124053267886,292841212897
19275777,8192,8474282,1309169,124018708984,283129427604
19283969,8192,8482572,1275841,124069272958,273843655595
19292161,8192,8490824,1305573,124069543469,258656070408
19300353,8192,8499067,1256213,124228260168,311724206021
19308545,8192,8507317,1263227,124254644406,322938092089
19316737,8192,8515576,1372672,124139191434,294837060995
19324929,8192,8523827,1383445,124230321106,288150031124
19333121,8192,8532090,1428299,124072932148,286069321714
19341313,8192,8540334,1378236,124230760063,273919886008
19349505,8192,8548571,1403329,124273109664,273528302608
19357697,8192,8556815,1360346,124388928610,291951091846
19365889,8192,8565049,1451538,124212199926,260071492971
19374081,8192,8573279,1456308,124187628104,258856105450
19382273,8192,8581515,1390404,124001805374,255702977978
19390465,8192,8589756,1406332,124183216259,262962386469
19398657,8192,8598061,1376343,124298522851,270269508622
19406849,8192,8606304,1323253,124203729016,274278928069
19415041,8192,8614553,1409825,124184434083,263741900214
19423233,8192,8622797,1407012,124190932397,265485752544
19431425,8192,8631094,1479016,124444652304,279013120208
19439617,8192,8639405,1494194,124598689249,293666031037
19447809,8192,8647696,1525689,124654060201,313510946738
19456001,8192,8655991,1400235,124746985771,332102828312
19464193,8192,8664284,1463073,124708696824,312608761072
19472385,8192,8672573,1567587,124492865502,279685272891
19480577,8192,8680848,1569982,124675941826,287079768019
19488769,8192,8689133,1519310,124642372180,300994800127
19496961,8192,8697400,1532953,124562923150,304989882352
19505153,8192,8705700,1441553,124706105566,324064971651
19513345,8192,8714026,1431476,124579418319,306289517624
19521537,8192,8722316,1534603,124318946052,307370871554
19529729,8192,8730829,1504678,124337950932,296415410852
19537921,8192,8739185,1496091,124380640734,289406507926
19546113,8192,8747474,1471940,124404502871,295534727492
19554305,8192,8755777,1421459,124410898435,310960375466
19562497,8192,8764071,1449555,124385162902,297602591699
19570689,8192,8772348,1436175,124282074762,271591413508
19578881,8192,8780597,1384474,124120403426,270936353593
19587073,8192,8788850,1423744,124233175249,275619327044
19595265,8192,8797112,1411530,124285329601,287610519353
19603457,8192,8805376,1362120,124482829897,311639282042
19611649,8192,8813644,1366587,124396688881,295462992985
19619841,8192,8821912,1431304,124303363675,260025819252
19628033,8192,8830158,1382837,124278179872,284403645758
19636225,8192,8838416,1386317,124267212875,288498030800
19644417,8192,8846685,1477932,124283847315,282888981578
19652609,8192,8854969,1327150,124512018946,290726317402
19660801,8192,8863231,1333121,124620238398,310039604871
19668993,8192,8871496,1361699,124457738133,295940585641
19677185,8192,8879742,1402400,124720060656,270077025601
19685377,8192,8887996,1426421,124385138939,285435099057
19693569,8192,8896260,1349485,124526186496,285387721965
19701761,8192,8904509,1300798,124683267469,314509277623
19709953,8192,8912750,1312484,124522623013,296302752643
19718145,8192,8920990,1367280,124234964352,282313459775
19726337,8192,8929255,1367565,124243473683,266048625727
19734529,8192,8937499,1360530,124198160597,269856394825
19742721,8192,8945763,1355984,124540036759,298463642321
19750913,8192,8954019,1252870,124821955842,304696080642
19759105,8192,8962263,1317146,124580362846,297979837147
19767297,8192,8970503,1425710,124319133475,275228215459
19775489,8192,8978751,1426943,124406846992,274182632557
19783681,8192,8986991,1408096,124487406122,282397872429
19791873,8192,8995239,1375954,124221565854,297638867251
19800065,8192,9003484,1328449,124456618248,309369522975
19808257,8192,9011734,1308968,124536261314,284599679518
19816449,8192,9019990,1361273,124451868445,290702718987
19824641,8192,9028233,1386800,124442024416,300090514563
19832833,8192,9036486,1311633,124472221441,297701282039
19841025,8192,9044737,1321663,124723548990,320279137851
19849217,8192,9052980,1296587,124201124261,275065790985
19857409,8192,9061230,1211690,124816889058,291884403232
19865601,8192,9069473,1341044,124415440188,282072721156
19873793,8192,9077747,1364059,124478097811,294703711110
19881985,8192,9085984,1370389,124290076590,285958737534
19890177,8192,9094228,1315726,124427228697,288657733127
19898369,8192,9102490,1250201,124502760559,304658948955
19906561,8192,9110734,1226278,124794745557,288309786474
19914753,8192,9118990,1262021,124642676514,287487092323
19922945,8192,9127236,1373100,124069895033,278174774217
19931137,8192,9135486,1343031,124229005523,284360370635
19939329,8192,9143725,1329349,124204790713,280646839411
19947521,8192,9151974,1333083,124392561546,303692604567
19955713,8192,9160210,1314942,124423623184,302104049541
19963905,8192,9168454,1333019,124345711165,270577162396
19972097,8192,9176695,1257352,124232825992,280584833288
19980289,8192,9184953,1323568,124094474908,271664831131
19988481,8192,9193196,1326751,124163998517,266829859926
19996673,8192,9201443,1336252,123996321353,281902867585
20004865,8192,9209675,1240854,124226710247,275392943247
20013057,8192,9217912,1304799,123931172877,262659404018
20021249,8192,9226144,1330787,123950597201,272023946182
20029441,8192,9234372,1338896,123821130868,254878211620
20037633,8192,9242611,1317090,123654099640,259156449455
20045825,8192,9250848,1347082,123953641816,271947926230
20054017,8192,9259089,1325267,123876567291,286704541070
20062209,8192,9267322,1318717,124055393101,271346931096
20070401,8192,9275563,1366227,123762444016,258615916633
20078593,8192,9283801,1384871,123911184108,262448417596
20086785,8192,9292062,1406126,123940016782,259129355511
20094977,8192,9300302,1339685,124015415943,274564552759
20103169,8192,9308551,1301714,124029391097,294703600396
20111361,8192,9316795,1273066,124087816974,295953806150
20119553,8192,9325059,1341785,124092854149,284365046289
20127745,8192,9333311,1300304,124171257384,276515595964
20135937,8192,9341560,1312828,123895576655,260773576104
20144129,8192,9349801,1478597,124131653209,303174875483
20152321,8192,9358049,1401974,124342040084,325504942407
20160513,8192,9366304,1278720,124374744387,310857620596
20168705,8192,9374550,1346678,123936121923,292308794926
20176897,8192,9382778,1424523,124108232349,298893708561
20185089,8192,9391015,1377219,123885049400,277514450559
20193281,8192,9399251,1336187,123788574103,289656477773
20201473,8192,9407494,1298463,124269759102,318194735053
20209665,8192,9415724,1286626,124087576326,305876923813
20217857,8192,9423960,1317852,123942254668,291851408113
20226049,8192,9432209,1299917,124147683853,280756020393
20234241,8192,9440439,1360846,123774875427,259465877836
20242433,8192,9448678,1459730,123854928977,264524023473
20250625,8192,9456910,1312416,124076624635,309230589046
20258817,8192,9465146,1171595,124427662111,309696291432
20267009,8192,9473399,1317129,124097688366,304437407327
20275201,8192,9481639,1334263,123937658483,284731064817
20283393,8192,9489868,1363375,124067024594,274608919407
20291585,8192,9498106,1363384,123869625532,295615514550
20299777,8192,9506347,1316781,124039812722,314634012334
20307969,8192,9514581,1244265,123989778309,292663486998
20316161,8192,9522818,1314009,123995263661,294854000797
20324353,8192,9531037,1360451,123857218332,263552209539
20332545,8192,9539273,1365918,123758625145,248654245631
20340737,8192,9547499,1315447,123780556120,250491440618
20348929,8192,9555732,1291597,124045417961,287508671120
20357121,8192,9563959,1279773,124504091119,287055680133
20365313,8192,9572201,1312646,123669140229,251820239146
20373505,8192,9580431,1311170,124039182811,273276379619
20381697,8192,9588664,1276710,124097202607,272885313954
20389889,8192,9596900,1309255,123990059477,268990692705
20398081,8192,9605136,1256225,124206051024,273567214218
20406273,8192,9613370,1215683,124065312931,257040406395
20414465,8192,9621591,1244275,124192634311,268946734425
20422657,8192,9629846,1320255,123998089347,249010615827
20430849,8192,9638079,1321247,123888932332,240792862836
20439041,8192,9646308,1265381,123823513533,243524449353
20447233,8192,9654555,1276821,123996852027,259715336138
20455425,8192,9662773,1197252,124532117855,289930853629
20463617,8192,9670997,1257479,124388614409,270330721586
20471809,8192,9679232,1285411,123650110177,275292547162
20480001,8192,9687458,1297199,123749972625,265032878608
20488193,8192,9695679,1243615,123883712183,256641758836
20496385,8192,9703905,1269253,124047419113,264516704372
20504577,8192,9712142,1135247,124465862938,280883708531
20512769,8192,9720378,1161611,124184136025,258703518647
20520961,8192,9728604,1245300,124007077488,257591151271
20529153,8192,9736836,1421269,123962849137,267103031687
20537345,8192,9745081,1439333,123669332793,264947300057
20545537,8192,9753315,1253608,124231633533,276828311845
20553729,8192,9761549,1145025,124604070901,280600457032
20561921,8192,9769782,1166959,124453507182,269786725170
20570113,8192,9778022,1229301,123923336719,264727388868
20578305,8192,9786257,1215782,124508837186,267375966946
20586497,8192,9794502,1269527,124050642770,263740859222
20594689,8192,9802745,1292003,124332499053,267033248631
20602881,8192,9810996,1228322,124543532771,276955893491
20611073,8192,9819237,1097645,124814044268,265612737700
20619265,8192,9827482,1324919,124291925023,258185158430
20627457,8192,9835711,1316468,124306662368,258372471376
20635649,8192,9843959,1323405,124238897976,259318468339
20643841,8192,9852200,1312577,124110240029,262353058333
20652033,8192,9860438,1167898,124654545575,267421220344
20660225,8192,9868668,1172966,124818915829,273662083342
20668417,8192,9876900,1236978,124229513827,247350616835
20676609,8192,9885128,1278425,124191509641,262038559203
20684801,8192,9893357,1277423,124164220953,244642228821
20692993,8192,9901590,1299309,124222150078,249020138670
20701185,8192,9909808,1280639,124039124147,264162950208
20709377,8192,9918046,1237605,124150614349,271340731254
20717569,8192,9926276,1319388,123967676483,247990185132
20725761,8192,9934518,1333524,123906422105,258504332744
20733953,8192,9942757,1342890,124072186073,257121871326
20742145,8192,9950994,1335924,123999386424,252443606079
20750337,8192,9959240,1282264,124044134635,260327137083
20758529,8192,9967460,1252221,124075251218,268712989782
20766721,8192,9975702,1248961,124010223875,247761204990
20774913,8192,9983955,1296280,123959551616,242401782194
20783105,8192,9992198,1295855,123861766459,232067931368
20791297,8192,10000436,1357061,123655847951,241341722650
20799489,8192,10008679,1286683,123903565050,232799775602
20807681,8192,10016909,1225709,123683481511,249816238122
20815873,8192,10025141,1281184,123701645397,237499488714
20824065,8192,10033363,1306171,123674520523,231285014252
20832257,8192,10041601,1300593,123697978959,235541752660
20840449,8192,10049823,1322193,123742084041,242185217869
20848641,8192,10058046,1339278,123881511204,271329805510
20856833,8192,10066279,1280156,124044652168,270483845127
20865025,8192,10074499,1341045,123939717225,271562104530
20873217,8192,10082726,1449149,123875874183,246700646471
20881409,8192,10090947,1318637,123828156277,253187137163
20889601,8192,10099176,1310004,124079212741,249812783164
20897793,8192,10107391,1287441,124064006649,245821121814
20905985,8192,10115611,1238107,123942336536,248148926261
20914177,8192,10123834,1270972,123967807271,247774365621
20922369,8192,10132052,1338406,123619826798,242718876610
20930561,8192,10140274,1350373,123791381394,240394111773
20938753,8192,10148494,1314243,123637017493,252707930680
20946945,8192,10156745,1392627,123714739565,241181298492
20955137,8192,10165009,1283356,123904730600,265182543724
20963329,8192,10173259,1250992,123804630771,256665895402
20971521,8192,10181499,1396954,123899780038,245271582950
20979713,8192,10189737,1351704,123744674033,259776127208
20987905,8192,10197972,1408688,123937607291,244411425561
20996097,8192,10206206,1502921,123906819311,231146405443
21004289,8192,10214429,1419302,123927641555,258589479523
21005282,993,10223616,159274,15045217504,34366736520
