block_number,blocks,slot,txs,gas,time
8193,8192,1,0,0,236702228
16385,8192,1,0,0,248094287
24577,8192,1,0,0,224065556
32769,8192,1,0,0,232207809
40961,8192,1,0,0,229469248
49153,8192,1,1514,33070964,295293718
57345,8192,1,3916,407821091,424844984
65537,8192,1,2676,90041948,356528291
73729,8192,1,5821,197747509,414975473
81921,8192,1,4204,131282630,390245115
90113,8192,1,4589,112269814,386157844
98305,8192,1,3327,84662425,418564637
106497,8192,1,4168,105498119,370525144
114689,8192,1,4247,119199457,365150210
122881,8192,1,6054,163953975,394166858
131073,8192,1,5852,147449076,367649514
139265,8192,1,6678,168428364,391445086
147457,8192,1,7805,190561977,430599314
155649,8192,1,8675,220080834,444083729
163841,8192,1,7255,175016877,414036360
172033,8192,1,10115,242307512,477905934
180225,8192,1,12029,319429322,528734788
188417,8192,1,10493,307941046,497769655
196609,8192,1,8488,226000959,463208266
204801,8192,1,9431,284499928,482189193
212993,8192,1,9432,269025812,482080604
221185,8192,1,9745,253020191,487499377
229377,8192,1,9473,303239797,492617871
237569,8192,1,9752,287334366,497955353
245761,8192,1,9175,237099979,499892240
253953,8192,1,9225,299876210,513338766
262145,8192,1,8500,237942979,486788091
270337,8192,1,11073,360421503,543976362
278529,8192,1,11244,333906121,547816496
286721,8192,1,9944,288230259,516586593
294913,8192,1,9552,272964709,509956729
303105,8192,1,10564,278617464,510150929
311297,8192,1,9852,289668902,513358605
319489,8192,1,10772,285019105,522206545
327681,8192,1,9264,263512681,527210379
335873,8192,1,10710,300329465,551892476
344065,8192,1,10447,340557247,542641762
352257,8192,1,11871,367785281,586453785
360449,8192,1,11031,301110840,567286159
368641,8192,1,10176,272300629,540722735
376833,8192,1,10299,327273585,575122934
385025,8192,1,11650,328391280,568056734
393217,8192,1,10917,668394420,601115914
401409,8192,1,10512,371168499,568997898
409601,8192,1,11329,399996130,580384847
417793,8192,1,9682,299513459,546411565
425985,8192,1,10211,378463309,586947052
434177,8192,1,10123,371765259,596101138
442369,8192,1,10202,298321714,541929297
450561,8192,1,10252,488330843,825355477
458753,8192,1,11670,315763779,594211511
466945,8192,1,12392,405644045,609120578
475137,8192,1,11262,434129872,710263021
483329,8192,1,11885,436485530,815237858
491521,8192,1,11396,324292141,661677981
499713,8192,1,11390,316107054,576443705
507905,8192,1,19834,986537643,936392842
516097,8192,1,14518,537099270,681242014
524289,8192,1,14364,563247320,781918551
532481,8192,1,15028,641704064,818736104
540673,8192,1,11625,533545978,782892054
548865,8192,1,12334,352563908,593160148
557057,8192,1,11579,286224762,565702311
565249,8192,1,12543,387072166,626745964
573441,8192,1,11762,377902837,636757824
581633,8192,1,11889,329240266,598145574
589825,8192,1,12402,356748509,618053155
598017,8192,1,11554,361660592,604805198
606209,8192,1,11466,286807225,572994600
614401,8192,1,11355,383668685,815143388
622593,8192,1,12943,487254257,630272130
630785,8192,1,10960,369935232,566639514
638977,8192,1,10609,304527314,550268168
647169,8192,1,11891,400916707,596551295
655361,8192,1,13364,422684376,615856900
663553,8192,1,11233,291970815,579439425
671745,8192,1,11307,306322589,591131513
679937,8192,1,13718,480255087,737326911
688129,8192,1,12101,533373764,726193181
696321,8192,1,24697,2437912230,2371042866
704513,8192,1,24278,1882935448,1695064605
712705,8192,1,15914,1053536841,1259324758
720897,8192,1,14854,884970772,1087200329
729089,8192,1,18033,1103406409,1236080960
737281,8192,1,39634,2413080461,2399134660
745473,8192,1,20252,1205744179,1435916155
753665,8192,1,16649,914386676,1293363820
761857,8192,1,29450,1702093462,1932814224
770049,8192,1,19926,1149090055,1571707457
778241,8192,1,27585,1546147829,1792080769
786433,8192,1,13804,512905120,927863421
794625,8192,1,14238,555275432,1010456806
802817,8192,1,20936,1074374824,1439987076
811009,8192,1,33100,2274628469,2270405529
819201,8192,1,21058,1074857191,1417262705
827393,8192,1,17945,1068696871,1320757767
835585,8192,1,16965,691346951,1119074948
843777,8192,1,24779,1318609001,1558648807
851969,8192,1,17337,797507253,1175676812
860161,8192,1,16221,653054698,831895471
868353,8192,1,17414,667767224,840340014
876545,8192,1,20874,997212648,964023150
884737,8192,1,18556,602924448,939441842
892929,8192,1,20188,746509191,932994136
901121,8192,1,20728,705763650,915152081
909313,8192,1,28858,1212230895,1251923689
917505,8192,1,29450,1450050635,1456534541
925697,8192,1,25856,1070129090,1274052295
933889,8192,1,23756,919949479,1109395584
942081,8192,1,24390,780757258,982150832
950273,8192,1,22318,724737535,935439499
958465,8192,1,23856,823943680,1007324057
966657,8192,1,39968,1787855655,1591942636
974849,8192,1,24875,783309904,1042343554
983041,8192,1,25559,758151178,1022676140
991233,8192,1,32769,996332438,1110683476
999425,8192,1,29253,955506690,1131719769
1007617,8192,1,28779,874607232,1062096334
1015809,8192,1,28640,944195150,1079869971
1024001,8192,1,30592,1077029621,1199325775
1032193,8192,1,30567,1025667741,1118175844
1040385,8192,1,26761,784549571,1040408797
1048577,8192,1,28815,1876343804,1171648619
1056769,8192,1,31628,1248873846,1143286297
1064961,8192,1,32758,1302389229,1230802428
1073153,8192,1,30961,857488355,1059843641
1081345,8192,1,33502,949562723,1138584721
1089537,8192,1,37121,995463452,1156706524
1097729,8192,1,40115,1081576458,1229156007
1105921,8192,1,42800,1253697553,1302573984
1114113,8192,1,41667,1235498720,1277172943
1122305,8192,1,38878,1141426898,1232657035
1130497,8192,1,41538,1202802604,1201218154
1138689,8192,1,39904,1101644111,1201823768
1146881,8192,1,44221,1340457745,1273373751
1155073,8192,1,43528,1383496645,1270037093
1163265,8192,1,38152,1246718060,1188571551
1171457,8192,1,44944,1374923499,1327406702
1179649,8192,1,46242,1574630437,1358373646
1187841,8192,1,44523,1522997076,1328579424
1196033,8192,1,43594,1529570548,1459662939
1204225,8192,1,41259,1452683779,1343005574
1212417,8192,1,52923,2302777232,1913666539
1220609,8192,1,46705,1563686082,1453469782
1228801,8192,1,46123,1514235577,1529694640
1236993,8192,1,43046,1458453689,1502484960
1245185,8192,1,49499,1658881432,1558087703
1253377,8192,1,46254,1516126264,1282161958
1261569,8192,1,42318,1328121509,1458198629
1269761,8192,1,40021,1078268036,1152252454
1277953,8192,1,46365,1435004546,1483864651
1286145,8192,1,50841,1591258579,1590793863
1294337,8192,1,41499,1271776158,1310842627
1302529,8192,1,47633,1512367159,1571058791
1310721,8192,1,42641,1164414830,1306196371
1318913,8192,1,42610,1137106273,1258689222
1327105,8192,1,45560,1357858661,1405502557
1335297,8192,1,50369,1781939706,1403577760
1343489,8192,1,45221,1209479371,1273190951
1351681,8192,1,44015,1206824098,1333531770
1359873,8192,1,54888,1591716049,1289620306
1368065,8192,1,43396,1184809863,1320673329
1376257,8192,1,48876,1593180641,1484943982
1384449,8192,1,45143,1439543743,1274093244
1392641,8192,1,41341,1118372583,1289406288
1400833,8192,1,45540,1329131424,1344491633
1409025,8192,1,49104,1485363761,1476998078
1417217,8192,1,44023,1225869865,1257802478
1425409,8192,1,49886,1450651632,1475186161
1433601,8192,1,56669,1681771886,1559341303
1441793,8192,1,54635,1947185643,1572657950
1449985,8192,1,56685,1624594158,1485197770
1458177,8192,1,50196,1613347851,1498162531
1466369,8192,1,54893,2240127730,2042433760
1474561,8192,1,52100,1483885342,1477904802
1482753,8192,1,51280,1586965488,1561661797
1490945,8192,1,56855,1674576856,1491853984
1499137,8192,1,52382,1728224502,1492226131
1507329,8192,1,60036,2138598848,1859853105
1515521,8192,1,69268,2441975068,1965757855
1523713,8192,1,56514,1832134302,1776047830
1531905,8192,1,51124,1731842384,1665979109
1540097,8192,1,58754,1911501394,1729887032
1548289,8192,1,61429,1987968261,1646367246
1556481,8192,1,60630,2360467143,1827157883
1564673,8192,1,56981,1819841802,1534598995
1572865,8192,1,56494,1777140576,1560063038
1581057,8192,1,59042,1735378915,1509971508
1589249,8192,1,68973,2172337508,1825997992
1597441,8192,1,64306,2192773982,1803513518
1605633,8192,1,86669,3493104245,2386253849
1613825,8192,1,62112,2154462632,1720502658
1622017,8192,1,60118,1914186297,1601275321
1630209,8192,1,53413,1741132990,1513135995
1638401,8192,1,56756,1633896769,1462687548
1646593,8192,1,50346,1452533160,1397885290
1654785,8192,1,50828,1521883376,1370128055
1662977,8192,1,60376,3061122313,2227091861
1671169,8192,1,55258,1843787387,1623023498
1679361,8192,1,55775,1793288354,1518023852
1687553,8192,1,52281,1793521528,1537011388
1695745,8192,1,55227,1857680146,1544489337
1703937,8192,1,64652,2265573762,1847697189
1712129,8192,1,63355,2060421766,1732754513
1720321,8192,1,65682,5800241515,7722285755
1728513,8192,1,95610,16739007815,41376484209
1736705,8192,1,67917,4743426756,8395648063
1744897,8192,1,62602,3296268924,3880963924
1753089,8192,1,68336,3841591968,2975324557
1761281,8192,1,58130,2076897006,1936188162
1769473,8192,1,57022,2221809906,1627340788
1777665,8192,1,52898,1689289635,1642948619
1785857,8192,1,53856,1708894430,1790038972
1794049,8192,1,56044,1992483551,2158349892
1802241,8192,1,90325,5767597538,2823152699
1810433,8192,1,52758,2499380206,4501084704
1818625,8192,1,55194,1772826158,1874297374
1826817,8192,1,53703,1704827192,1552051284
1835009,8192,1,49822,1916513753,2043792991
1843201,8192,1,53374,1676538934,1578745217
1851393,8192,1,60123,2381439875,3133716861
1859585,8192,1,56426,2865260110,4649831006
1867777,8192,1,50632,1670163364,1826306220
1875969,8192,1,53453,1904646721,1991411636
1884161,8192,1,54655,1840362954,1652474063
1892353,8192,1,54265,1824465369,1559732960
1900545,8192,1,51280,1414646366,1367783080
1908737,8192,1,47043,1388770142,1388628895
1916929,8192,1,63160,1874850406,1589074286
1925121,8192,1,62773,4171399935,7687655565
1933313,8192,1,65738,2266620454,2074920265
1941505,8192,1,62037,2034143904,1746695877
1949697,8192,1,79321,2248553641,1827217273
1957889,8192,1,74738,2527380908,2136066757
1966081,8192,1,75137,2369261794,1881179377
1974273,8192,1,66582,2970283633,2174119920
1982465,8192,1,60335,2173102476,2225860240
1990657,8192,1,63657,1764764048,1539397982
1998849,8192,1,66671,2054100679,1706362726
2007041,8192,1,68240,2035711402,1735049166
2015233,8192,1,60275,1885646786,1581942805
2023425,8192,1,59731,1718762000,1513699211
2031617,8192,1,56298,1666187619,1449245953
2039809,8192,1,56416,2985329528,2171339820
2048001,8192,1,67806,2074138922,1650018900
2056193,8192,1,63577,1903780373,1589639812
2064385,8192,1,55865,1657169845,1510467664
2072577,8192,1,58480,1557471379,1392285569
2080769,8192,1,55331,1599645346,1416292932
2088961,8192,1,64228,1850037001,1661157132
2097153,8192,1,66060,2188998555,1771429603
2105345,8192,1,54235,1660505770,1514060079
2113537,8192,1,56694,1742357705,1506449092
2121729,8192,1,61614,1816239031,1520468834
2129921,8192,1,63451,3861822325,2395265807
2138113,8192,1,69603,2043909844,1630587596
2146305,8192,1,61611,1914481982,1585787968
2154497,8192,1,62524,1658273809,1416522490
2162689,8192,1,61974,1798911967,1555491740
2170881,8192,1,62834,1920681017,1665786349
2179073,8192,1,61629,1818058493,1586271655
2187265,8192,1,76278,2727312503,1958402997
2195457,8192,1,59767,1675377812,1490211496
2203649,8192,1,65371,2614658821,1811370163
2211841,8192,1,62364,2039781213,1555912378
2220033,8192,1,60969,1981999587,1648250862
2228225,8192,1,85854,2814470323,1949806686
2236417,8192,1,55933,1813330669,1474611885
2244609,8192,1,57588,1730634676,1590815182
2252801,8192,1,63320,2021513820,1619373784
2260993,8192,1,65183,2112882377,1784599841
2269185,8192,1,74523,2354744595,1762612694
2277377,8192,1,72172,2714744039,1867538260
2285569,8192,1,50199,1706002470,2671330970
2293761,8192,1,61842,1801256949,6029002107
2301953,8192,1,68639,2034760072,1821593461
2310145,8192,1,66952,2916329686,15601551325
2318337,8192,1,48275,1914011719,11799827181
2326529,8192,1,56968,3010508461,23576719661
2334721,8192,1,60252,3532946594,44196279288
2342913,8192,1,59242,2893073539,21390320073
2351105,8192,1,56520,2437337126,4202453736
2359297,8192,1,53930,2539978338,8849308200
2367489,8192,1,72486,5437092390,36567415076
2375681,8192,1,64351,3955814780,34278000312
2383873,8192,1,72150,4175006287,26115433790
2392065,8192,1,52311,3587030185,49339825831
2400257,8192,1,60755,3380343872,107809180594
2408449,8192,1,54394,3489623288,87887406737
2416641,8192,1,59749,3571481590,53131843984
2424833,8192,1,52901,2140315677,70671849142
2433025,8192,1,41983,2064705182,90996880912
2441217,8192,1,52489,1940457621,36169768502
2449409,8192,1,47032,1416811786,15819879201
2457601,8192,1,50121,1416935937,21484345466
2465793,8192,1,63997,2059194432,18039691356
2473985,8192,1,52613,5415624522,49397246230
2482177,8192,1,77644,2200694454,3336455426
2490369,8192,1,47944,1381582456,1520809007
2498561,8192,1,58110,1704965277,1637658992
2506753,8192,1,68097,2292291281,1961817026
2514945,8192,1,59292,1798672209,1756108544
2523137,8192,1,59793,1784849739,1751941933
2531329,8192,1,57693,1656383700,1674502424
2539521,8192,1,55694,1627913854,1566011462
2547713,8192,1,63237,1907051300,1761699675
2555905,8192,1,61395,1723186230,1749919627
2564097,8192,1,57303,1576168754,1731470966
2572289,8192,1,44899,1243188531,1332368814
2580481,8192,1,50737,1381762673,1453764786
2588673,8192,1,53997,1523970827,1627254004
2596865,8192,1,56755,1868225974,1857115378
2605057,8192,1,54579,1853422028,1677349465
2613249,8192,1,57937,1749156374,1679273530
2621441,8192,1,54830,1654717503,1694345146
2629633,8192,1,59687,1932781220,1715428118
2637825,8192,1,58098,1831832946,1695964574
2646017,8192,1,57577,1732304988,1671977211
2654209,8192,1,56517,1691425491,1510650399
2662401,8192,1,54908,1580644481,1662372199
2670593,8192,1,56589,1781259427,1541800181
2678785,8192,1,85495,2598196853,13553582671
2686977,8192,1,59696,3974729576,68570804897
2695169,8192,1,72462,4113740875,42209532175
2703361,8192,1,55726,4743499117,65015175471
2711553,8192,1,65254,6348291025,86417466576
2719745,8192,1,64427,5199613546,50496100405
2727937,8192,1,50844,1684630038,2187794140
2736129,8192,1,54697,1652133461,1519383931
2744321,8192,1,53051,1748152517,1484306327
2752513,8192,1,55339,1979520745,1634641292
2760705,8192,1,64847,2063457441,1670873487
2768897,8192,1,55277,1804237075,1623995417
2777089,8192,1,56023,1776551857,1585911643
2785281,8192,1,52991,1726269370,1577816600
2793473,8192,1,52624,2213276915,1570703131
2801665,8192,1,55238,1810591298,1681018396
2809857,8192,1,63980,2356415998,1910440267
2818049,8192,1,65743,2448549979,1953931542
2826241,8192,1,54971,1881197690,1596123222
2834433,8192,1,49662,1953789890,1709796914
2842625,8192,1,58392,2038106026,1646040362
2850817,8192,1,64185,2225753659,1764443841
2859009,8192,1,76490,2486660557,2061543187
2867201,8192,1,55683,1760491642,1551642584
2875393,8192,1,50675,1452936266,1378314040
2883585,8192,1,50157,1522394202,1454066499
2891777,8192,1,58225,1860099069,1556412651
2899969,8192,1,60144,2083730262,1661473853
2908161,8192,1,60988,2086757942,1630523110
2916353,8192,1,54302,1714680114,1463426003
2924545,8192,1,50695,1584719153,1500465864
2932737,8192,1,63026,2305221488,1946061546
2940929,8192,1,67480,2204851332,1827908156
2949121,8192,1,61833,1971573134,1730461800
2957313,8192,1,58505,1930260127,1683687707
2965505,8192,1,59699,1937673518,1725413445
2973697,8192,1,63091,2244391292,1797892197
2981889,8192,1,64874,2137001608,1778520942
2990081,8192,1,70738,2397486878,1806746294
2998273,8192,1,58903,1853897373,1584947430
3006465,8192,1,54373,1766782589,1567960750
3014657,8192,1,65027,2294148724,1755785322
3022849,8192,1,60922,2027141448,1718430924
3031041,8192,1,58548,1960456703,1780996995
3039233,8192,1,61315,2005539036,1728648352
3047425,8192,1,62091,2149768492,1794193523
3055617,8192,1,67927,2452616440,1944074801
3063809,8192,1,62018,2292070946,1914219680
3072001,8192,1,63286,2183742248,1866791413
3080193,8192,1,65669,2218082794,1836155008
3088385,8192,1,54874,1846213528,1697783059
3096577,8192,1,63311,2098245747,1825428033
3104769,8192,1,59762,2124435421,1759422357
3112961,8192,1,58897,2178531771,1881795987
3121153,8192,1,58468,1974991763,1731879420
3129345,8192,1,63556,2065813146,1810140820
3137537,8192,1,64128,2220717880,1832122777
3145729,8192,1,70462,2665896127,2095380828
3153921,8192,1,64806,2336669302,1913443227
3162113,8192,1,70074,2730719806,2351158534
3170305,8192,1,60420,2178878613,1915850719
3178497,8192,1,73252,3110141726,2196283732
3186689,8192,1,79081,2976280771,2165444718
3194881,8192,1,71074,2804402262,2092312121
3203073,8192,1,64978,2351345544,1916444334
3211265,8192,1,68556,2464803794,1967285688
3219457,8192,1,66845,2286314550,1886472296
3227649,8192,1,75763,3113040792,2103871569
3235841,8192,1,69688,2984250772,2085503409
3244033,8192,1,68668,2289170959,1917165809
3252225,8192,1,71170,2634879929,2113323764
3260417,8192,1,70604,2482121481,2012341172
3268609,8192,1,79874,2821352557,2235938412
3276801,8192,1,82615,2938903296,2298165377
3284993,8192,1,93464,3013882836,2436915793
3293185,8192,1,81232,2628326517,2181000970
3301377,8192,1,77780,2508423110,1985797447
3309569,8192,1,85412,2762075045,2157211586
3317761,8192,1,74949,2364616867,1884354720
3325953,8192,1,89542,3008034239,2459882212
3334145,8192,1,89382,3038054714,2272008350
3342337,8192,1,91012,2910544703,2306660097
3350529,8192,1,112957,4683356145,3070216070
3358721,8192,1,108487,3824938321,2717009198
3366913,8192,1,150248,4856683444,3311349389
3375105,8192,1,129410,4029391606,3010663887
3383297,8192,1,118959,3597176359,2682034804
3391489,8192,1,113031,3618928236,2664136279
3399681,8192,1,109702,3595863612,2594637537
3407873,8192,1,112341,3708098910,2665649789
3416065,8192,1,121089,3775021048,2720647371
3424257,8192,1,111288,3513747685,2666214595
3432449,8192,1,126552,4519125602,3098949019
3440641,8192,1,116739,3847970531,2915768634
3448833,8192,1,137505,4650151490,3173489745
3457025,8192,1,132372,4354448594,3193018978
3465217,8192,1,116438,3872751305,2922386568
3473409,8192,1,138958,4605215288,3566961435
3481601,8192,1,115237,3904507999,2939490946
3489793,8192,1,129313,4405146988,3155956319
3497985,8192,1,121326,4141663795,2981013905
3506177,8192,1,101941,3457895017,2701423188
3514369,8192,1,104473,3801545119,2841393755
3522561,8192,1,110663,3893580475,2920811078
3530753,8192,1,118136,4358681727,3056631866
3538945,8192,1,116538,3957151738,3277379307
3547137,8192,1,97599,3525061715,2779445640
3555329,8192,1,105494,3951999139,3252449871
3563521,8192,1,113777,4538716060,3331854866
3571713,8192,1,122232,4932027111,3668585042
3579905,8192,1,113517,5371454955,3233170588
3588097,8192,1,103751,3918968307,3209931239
3596289,8192,1,112257,4332652445,3265137975
3604481,8192,1,136619,5289710359,3660973035
3612673,8192,1,143158,5255428268,3716622207
3620865,8192,1,145745,4868936849,3578272046
3629057,8192,1,136562,4879877560,3620497670
3637249,8192,1,160424,6406024036,4266886964
3645441,8192,1,150436,5782052966,3914850215
3653633,8192,1,167559,5819732935,4174203475
3661825,8192,1,142125,5329409688,3743873194
3670017,8192,1,152266,6300591479,4265072927
3678209,8192,1,169497,6571385749,4193096562
3686401,8192,1,156250,7347905323,4335555412
3694593,8192,1,167344,7335647042,4497876903
3702785,8192,1,147702,7536226635,4501200261
3710977,8192,1,168287,8194709920,4829216269
3719169,8192,1,176741,9883600890,6231142614
3727361,8192,1,214081,11450730102,6221580890
3735553,8192,1,229327,12196031413,6646596140
3743745,8192,1,201943,10613685663,5878310919
3751937,8192,1,260406,12599459208,6926778713
3760129,8192,1,278528,15779303797,7768264609
3768321,8192,1,279013,16350363987,8099722505
3776513,8192,1,244538,13523383202,6964475628
3784705,8192,1,224822,12717337930,6840540069
3792897,8192,1,248995,13592095818,7294043786
3801089,8192,1,314302,19832169118,8384655616
3809281,8192,1,313676,17980594470,11830208581
3817473,8192,1,280618,16692684984,9582247164
3825665,8192,1,296114,15953100496,8909122105
3833857,8192,1,317754,17492872153,9536947551
3842049,8192,1,305857,17151665586,9586601753
3850241,8192,1,325308,16138916714,9720768181
3858433,8192,1,365858,18515263356,10507989319
3866625,8192,1,450999,21732698279,12690763304
3874817,8192,1,403872,18428150155,11549364613
3883009,8192,1,399350,18507971011,12131797208
3891201,8192,1,366142,17616667683,11196297540
3899393,8192,1,401398,20055154217,12465743364
3907585,8192,1,467519,26635229072,12861409928
3915777,8192,1,448080,27509986564,12887741323
3923969,8192,1,445137,22206823281,12572443044
3932161,8192,1,393944,20192356202,12059745742
3940353,8192,1,474437,21147977183,13806719496
3948545,8192,1,452736,24838577163,15710064302
3956737,8192,1,409197,21844246829,13982269244
3964929,8192,1,391200,20881198158,13912957500
3973121,8192,1,480657,24984090402,16293607688
3981313,8192,1,439836,24432971850,16078276148
3989505,8192,1,456105,22202913020,15344391848
3997697,8192,1,401541,19785653790,13661886241
4005889,8192,1,468451,21489133966,15048744471
4014081,8192,1,521089,25614275148,17690820546
4022273,8192,1,465732,25576854950,15974624306
4030465,8192,1,422645,19071909199,14494977035
4038657,8192,1,452765,21588202182,15225315553
4046849,8192,1,494336,24205815057,16130157035
4055041,8192,1,427170,19727949695,13695902633
4063233,8192,1,409232,17944225576,13321509119
4071425,8192,1,455169,22752023483,15583392522
4079617,8192,1,411552,20393151746,13423279275
4087809,8192,1,402826,19516574262,13830930605
4096001,8192,1,350511,18308327314,11872431917
4104193,8192,1,441704,23280158452,15190509236
4112385,8192,1,474401,24577424757,16833801539
4120577,8192,1,512389,25868228053,17696554612
4128769,8192,1,539622,25478534061,18366176020
4136961,8192,1,612130,30525492507,20399870393
4145153,8192,1,669828,31316179679,21894109637
4153345,8192,1,667176,32781900955,21918402165
4161537,8192,1,802050,39631270870,26062945996
4169729,8192,1,832182,45690595844,30013070999
4177921,8192,1,822935,40787417397,26359273052
4186113,8192,1,677937,33931766754,23445503387
4194305,8192,1,736129,33608364656,23828313433
4202497,8192,1,733583,31613370181,22866428808
4210689,8192,1,736596,33326421250,23627741930
4218881,8192,1,885279,42684031553,27979473886
4227073,8192,1,909505,44089434039,29042458096
4235265,8192,1,772574,36378544905,26096443678
4243457,8192,1,1021928,44970958961,31679569377
4251649,8192,1,1081239,50184234692,34284660553
4259841,8192,1,880278,41550585016,30024636848
4268033,8192,1,864414,41053728142,29904518426
4276225,8192,1,867715,42375737918,32481747589
4284417,8192,1,857098,44405284841,30662603052
4292609,8192,1,764839,40439697663,30926768685
4300801,8192,1,736339,41523378146,30420820008
4308993,8192,1,739102,40787147868,29766804349
4317185,8192,1,882460,46629010975,33071656612
4325377,8192,1,928715,45913689045,34734738213
4333569,8192,1,855500,44372358254,33362052550
4341761,8192,1,890587,45969894286,33914432837
4349953,8192,1,861954,44868560756,34285501457
4358145,8192,1,961145,45839288391,34826373045
4366337,8192,1,1022776,47707018313,37206242684
4374529,8192,1,788928,41640159530,30740996447
4382721,8192,1,680611,30304975089,24223331882
4390913,8192,1,633676,29394442349,24820805151
4399105,8192,1,691855,34599365091,24116291168
4407297,8192,1,587597,22219394536,19136717617
4415489,8192,1,602801,27141844419,21081828455
4423681,8192,1,637247,33563116251,25077592774
4431873,8192,1,602169,34452528559,25589607424
4440065,8192,1,644187,35202407283,26454774423
4448257,8192,1,635205,32303616551,25493028109
4456449,8192,1,658167,33516933106,26682461408
4464641,8192,1,714607,37151598010,29184868776
4472833,8192,1,687810,38954422870,30503476157
4481025,8192,1,691342,38855588548,31235852828
4489217,8192,1,597092,33111071840,27206254340
4497409,8192,1,530372,24797114990,21756978756
4505601,8192,1,664534,27768018498,23771881516
4513793,8192,1,607716,29462506589,25002877348
4521985,8192,1,636968,33818088203,27969317724
4530177,8192,1,576620,30857764315,24840370751
4538369,8192,1,555644,29902311532,25056588797
4546561,8192,1,576193,31728985315,26305124816
4554753,8192,1,614333,33933012035,28250911114
4562945,8192,1,694290,35077866299,28744759610
4571137,8192,1,685773,35235556368,29295380111
4579329,8192,1,595343,32512470264,27205337006
4587521,8192,1,616676,31432826950,27709628015
4595713,8192,1,732388,35462326767,31237269590
4603905,8192,1,701686,34053236118,29162784512
4612097,8192,1,696025,34813469923,29232015071
4620289,8192,1,756842,36575998133,31239832192
4628481,8192,1,695958,35807344495,29372947360
4636673,8192,1,839988,41325848673,36186964327
4644865,8192,1,859818,39561689628,35487804872
4653057,8192,1,878341,39038765676,35750887372
4661249,8192,1,838018,41732008967,37519995346
4669441,8192,1,868393,42367951309,39850086078
4677633,8192,1,1024408,50365921601,46609315174
4685825,8192,1,1106629,50823271509,47355432557
4694017,8192,1,983321,52251191383,44306349179
4702209,8192,1,1065994,53288175748,52205986218
4710401,8192,1,1004230,57029863421,55094467771
4718593,8192,1,1175867,60067148142,59003728026
4726785,8192,1,1283732,60320736424,58159808997
4734977,8192,1,1366216,63069754925,58714378463
4743169,8192,1,1249121,59108334014,53546163521
4751361,8192,1,1252125,59908605848,54867827182
4759553,8192,1,1451207,62045900188,57593253465
4767745,8192,1,1519992,62098558192,56844771887
4775937,8192,1,1585445,62497723845,53808152248
4784129,8192,1,1400070,58743219915,53714861801
4792321,8192,1,1052134,54186765245,44272616818
4800513,8192,1,1019534,49928583194,43137949237
4808705,8192,1,1261780,57510375260,51456031321
4816897,8192,1,1331357,57590718396,53688418039
4825089,8192,1,1639294,60808222944,56842178865
4833281,8192,1,1324521,56290819569,52241545195
4841473,8192,1,1365671,56727562845,52622227470
4849665,8192,1,1800565,61983009179,61561625998
4857857,8192,1,2002216,61977955389,58118661874
4866049,8192,1,1885881,62151807862,60375896665
4874241,8192,1,1724229,62804522499,59978705098
4882433,8192,1,1914229,62387106534,61605028791
4890625,8192,1,1784457,61980258440,56853039091
4898817,8192,1,1710320,62316592526,60101612225
4907009,8192,1,1726464,62391325627,58624503871
4915201,8192,1,1730007,63380891308,61166412609
4923393,8192,1,1858619,62279744506,60736244346
4931585,8192,1,1849680,62183892835,63032790165
4939777,8192,1,1496671,58403848500,56808853685
4947969,8192,1,1393070,58633948844,58032769407
4956161,8192,1,1327346,58788810672,55890931396
4964353,8192,1,1272246,58123924020,55316943236
4972545,8192,1,1159603,54810326446,53104423440
4980737,8192,1,1260970,53358611450,54969440697
4988929,8192,1,1176073,52672662572,51608444781
4997121,8192,1,1259241,55165172481,52838270782
5005313,8192,1,1262433,56373025517,52272523200
5013505,8192,1,1356029,59546446599,58212412070
5021697,8192,1,1305842,56689784355,55559423269
5029889,8192,1,1125879,53898877430,49410867702
5038081,8192,1,1161636,54269350642,49583227622
5046273,8192,1,1191117,54055514122,52141407534
5054465,8192,1,1056526,53286687769,50145136404
5062657,8192,1,1038563,52346336284,48533369534
5070849,8192,1,1111255,53626275181,48138015591
5079041,8192,1,1139166,53752148996,50604786291
5087233,8192,1,1010849,50228857996,45877342844
5095425,8192,1,1086570,52677277867,49790872552
5103617,8192,1,981145,52265804278,47414433654
5111809,8192,1,1077049,53626533614,49065729625
5120001,8192,1,1057547,54195882329,48289841528
5128193,8192,1,1208494,58216835003,54780977038
5136385,8192,1,1184261,56746767112,51215769186
5144577,8192,1,999424,52506836442,49455518416
5152769,8192,1,1017445,53578401482,50114570551
5160961,8192,1,1019623,52810336386,51147149782
5169153,8192,1,938849,52166193773,49556725293
5177345,8192,1,1005061,53979644014,53283562328
5185537,8192,1,1006297,54409598707,55284114701
5193729,8192,1,910773,52367016050,51003482576
5201921,8192,1,1019609,54958972298,51288022739
5210113,8192,1,963205,51431731336,51962738481
5218305,8192,1,1080296,53432274393,55865168585
5226497,8192,1,913035,51814775021,51904599541
5234689,8192,1,811533,49710271751,48195905371
5242881,8192,1,914018,50659269828,48874419609
5251073,8192,1,951734,49660522293,48799180948
5259265,8192,1,966328,49937461860,51424956753
5267457,8192,1,876120,48233799143,48789916316
5275649,8192,1,839560,45505587169,45424454726
5283841,8192,1,976074,50468458835,49923822768
5292033,8192,1,924974,47925789741,49131848623
5300225,8192,1,942144,49680604502,47583812398
5308417,8192,1,886412,46355902185,47497756565
5316609,8192,1,828036,44837407164,46117532139
5324801,8192,1,738251,42486626567,43373376597
5332993,8192,1,878562,44377402985,44486506419
5341185,8192,1,759784,39515895518,40741752253
5349377,8192,1,876958,45441991668,47249350184
5357569,8192,1,803479,46113372017,46650266023
5365761,8192,1,729028,45065663138,43678893343
5373953,8192,1,885713,47737923460,48069530110
5382145,8192,1,836995,51351355496,50315717196
5390337,8192,1,965931,52965281717,52167505447
5398529,8192,1,782926,50890084027,47150333092
5406721,8192,1,761190,48956703913,48703122718
5414913,8192,1,827064,48472063015,48264020261
5423105,8192,1,825418,49256575775,54369654023
5431297,8192,1,919267,52230978175,57539837304
5439489,8192,1,974226,55143258533,58472728836
5447681,8192,1,833508,50689771206,53199924808
5455873,8192,1,947860,56707817121,56532695705
5464065,8192,1,1033971,58652807039,59265016176
5472257,8192,1,1115589,59342364238,60986825724
5480449,8192,1,1153123,59083287853,61187131333
5488641,8192,1,1009152,56069946259,59627135338
5496833,8192,1,1156155,57601281303,64429173866
5505025,8192,1,1147957,57531469967,64382911806
5513217,8192,1,1088977,55330482420,58912024928
5521409,8192,1,1128476,54292326455,58426960682
5529601,8192,1,1047151,55026971310,61602194001
5537793,8192,1,1126959,57980108462,64075814608
5545985,8192,1,1076343,59166013084,64141955672
5554177,8192,1,1192396,59545348454,65187896353
5562369,8192,1,1376951,58519081749,70652259417
5570561,8192,1,976721,58050473193,59662002623
5578753,8192,1,1166387,57731284389,61268107912
5586945,8192,1,1161915,58406567436,64217263273
5595137,8192,1,1234914,60771886651,66321773656
5603329,8192,1,1124232,59755746193,62493115192
5611521,8192,1,1095478,60122260578,61521858137
5619713,8192,1,1158885,60368944644,65746977740
5627905,8192,1,1153817,60775416598,63946588236
5636097,8192,1,1226306,60413544072,63407130319
5644289,8192,1,1196097,59963033833,61375035057
5652481,8192,1,1148057,60165793954,64059382936
5660673,8192,1,1177054,60696972227,63417212248
5668865,8192,1,1235498,60047450465,64811591724
5677057,8192,1,1147362,60485425643,66361031174
5685249,8192,1,1108227,59774988632,62662810519
5693441,8192,1,1201882,61008511303,65829487418
5701633,8192,1,1183811,61676882288,69266852768
5709825,8192,1,1214637,61791485704,70720365625
5718017,8192,1,1086473,61499185628,70084509574
5726209,8192,1,1201901,61132528463,66268652573
5734401,8192,1,1114912,61252818451,65661844378
5742593,8192,1,1163973,60135524474,64453317768
5750785,8192,1,1084060,59600947136,63076101535
5758977,8192,1,1078372,59809101820,63377522699
5767169,8192,1,1114845,59325753351,64477602160
5775361,8192,1,1126138,59862973911,62285353870
5783553,8192,1,1136977,59212357830,61180054744
5791745,8192,1,1046515,52187366379,55136054789
5799937,8192,1,1040418,55190787848,57731837265
5808129,8192,1,853023,55324595267,53581495398
5816321,8192,1,1028624,57063660639,59409811528
5824513,8192,1,1117046,59270194084,64219193338
5832705,8192,1,1061157,58960211718,63261790600
5840897,8192,1,1055327,56548008958,61027363367
5849089,8192,1,878652,50539203884,54913500412
5857281,8192,1,1173486,57632243725,67401964230
5865473,8192,1,1081039,57617358569,62269531281
5873665,8192,1,1057229,56743055206,63971198098
5881857,8192,1,951758,58511385611,59276852002
5890049,8192,1,835183,61795713273,48630316838
5898241,8192,1,739929,61727951417,50020551972
5906433,8192,1,680873,61904063474,51259504605
5914625,8192,1,706329,61447371947,52647186011
5922817,8192,1,694577,62089394033,51236587794
5931009,8192,1,846968,57980071725,53192445359
5939201,8192,1,966559,59961762656,59575917341
5947393,8192,1,901788,60279415753,58340760715
5955585,8192,1,802864,60414676596,57328233726
5963777,8192,1,685110,63069117237,53395275056
5971969,8192,1,649712,59686231052,52473193626
5980161,8192,1,1036796,60094784408,64323888717
5988353,8192,1,1003503,59416305051,63108411360
5996545,8192,1,1027604,59615250433,61994689981
6004737,8192,1,892103,60438506569,65996866306
6012929,8192,1,880312,59806694762,62403971570
6021121,8192,1,1109642,60025112508,67060297967
6029313,8192,1,1094954,59640226996,66812933542
6037505,8192,1,1030417,59369607024,62898840800
6045697,8192,1,1057200,55900815277,65404608511
6053889,8192,1,940339,50753517403,56210349970
6062081,8192,1,1047645,56417459765,63408206139
6070273,8192,1,1070344,58612928291,66079983994
6078465,8192,1,1040326,59160341340,62670530222
6086657,8192,1,1032939,59245645508,60059351774
6094849,8192,1,978106,58080730358,59172166794
6103041,8192,1,949935,59434287423,63460947238
6111233,8192,1,814440,62418352419,79567895273
6119425,8192,1,756883,61929340206,83250569489
6127617,8192,1,891700,57927536222,70064914478
6135809,8192,1,894373,54124139868,57387962256
6144001,8192,1,948844,54474431056,61742926146
6152193,8192,1,949060,55935295379,60634815444
6160385,8192,1,940733,57179985070,61624316515
6168577,8192,1,875004,59767193046,69075544959
6176769,8192,1,854844,58633356661,62692003969
6184961,8192,1,869810,57172923878,63265799382
6193153,8192,1,858339,58716480746,65004608064
6201345,8192,1,808091,59068730609,63532377671
6209537,8192,1,816753,58875189706,66876877041
6217729,8192,1,809455,58560010270,64571920944
6225921,8192,1,839253,57560207356,64352390034
6234113,8192,1,845776,59019049499,64992576877
6242305,8192,1,804291,57082938691,66804265288
6250497,8192,1,779310,58293679134,62973361595
6258689,8192,1,935783,58551901338,65118340768
6266881,8192,1,832343,56739213761,63797574760
6275073,8192,1,815239,56879687612,64686324043
6283265,8192,1,869622,56503858451,63252101367
6291457,8192,1,753911,57192973874,64437285605
6299649,8192,1,796408,58492213661,64002442629
6307841,8192,1,775867,57819406693,63521360889
6316033,8192,1,731815,55554664930,60528250074
6324225,8192,1,801177,56055100336,63140201469
6332417,8192,1,702924,55639554786,60977553670
6340609,8192,1,628921,57287631240,61225845027
6348801,8192,1,701014,56796985035,59162261146
6356993,8192,1,679990,56753862938,61684295016
6365185,8192,1,679678,56844041949,54844072247
6373377,8192,1,730260,55694660589,62629691252
6381569,8192,1,631122,56053435110,57673201792
6389761,8192,1,623579,55480206989,58624742380
6397953,8192,1,722344,56431171315,59774061928
6406145,8192,1,629492,57158444543,59992377726
6414337,8192,1,709829,57357572825,60320637398
6422529,8192,1,613086,54942317621,54353611709
6430721,8192,1,606422,52576411946,55573222687
6438913,8192,1,642545,52459434620,56283227147
6447105,8192,1,731996,53145077742,55860606603
6455297,8192,1,724964,54306641564,63591135366
6463489,8192,1,815991,52726025166,60413073059
6471681,8192,1,729625,49182276339,52456221679
6479873,8192,1,669837,46831088707,47753920518
6488065,8192,1,747144,48122908769,52901305417
6496257,8192,1,717326,47958662805,60005773128
6504449,8192,1,718392,50909275438,58316949277
6512641,8192,1,730467,48392560754,54029242045
6520833,8192,1,738059,46131832206,54614671926
6529025,8192,1,724708,46477569891,53160730836
6537217,8192,1,800265,48971240353,55898921654
6545409,8192,1,787384,48497192206,54361517822
6553601,8192,1,698398,47187351487,54185016253
6561793,8192,1,737557,48788349686,53956625018
6569985,8192,1,764170,49888523955,56148989309
6578177,8192,1,680236,49997697795,49992993449
6586369,8192,1,749999,53088340658,51806577622
6594561,8192,1,705784,48019131508,54119243673
6602753,8192,1,656423,46400710382,52259728640
6610945,8192,1,849783,47748915390,57039496940
6619137,8192,1,801148,47807608803,56894633005
6627329,8192,1,765408,46669797740,54682105871
6635521,8192,1,743150,46887794423,54506721210
6643713,8192,1,665607,45877233135,55980994216
6651905,8192,1,758736,47427946240,59165043725
6660097,8192,1,827631,47805700088,57771664221
6668289,8192,1,740827,47033958754,55536582594
6676481,8192,1,701546,45737135850,54311804488
6684673,8192,1,693026,47473036303,56529902963
6692865,8192,1,744005,47361939810,54826729008
6701057,8192,1,728159,45355462532,53847129641
6709249,8192,1,803323,48175195526,56550146645
6717441,8192,1,731903,47282679908,54883227002
6725633,8192,1,669779,47058450238,51182024191
6733825,8192,1,736446,51234504987,55971351507
6742017,8192,1,845497,51556557281,58871667176
6750209,8192,1,783040,49450537411,54865146708
6758401,8192,1,785734,48600607825,51766003353
6766593,8192,1,644335,43880086628,47257293500
6774785,8192,1,718306,45320242271,51350426892
6782977,8192,1,787787,49300862376,56512388862
6791169,8192,1,797132,51216997662,54285907289
6799361,8192,1,778579,54480612692,66630029440
6807553,8192,1,777106,54418924892,63179836000
6815745,8192,1,641142,49816057934,61126934171
6823937,8192,1,767187,52605381030,62284296408
6832129,8192,1,795755,53448736123,64723962774
6840321,8192,1,787802,52776478133,67175333095
6848513,8192,1,788128,50809483628,65502123355
6856705,8192,1,703447,48678621512,62461598072
6864897,8192,1,720780,48100014209,56791129767
6873089,8192,1,753391,48766101024,56120070841
6881281,8192,1,726756,48283626988,57760161595
6889473,8192,1,759040,48229905528,55892326555
6897665,8192,1,733910,48871665264,60775543127
6905857,8192,1,752177,49522415159,59411027502
6914049,8192,1,802193,51410592357,56691409040
6922241,8192,1,859621,51928120590,59902536427
6930433,8192,1,800774,50391395202,58305873265
6938625,8192,1,748654,49387623217,57958982345
6946817,8192,1,796267,50255220086,59329880447
6955009,8192,1,748240,51693407873,55290036912
6963201,8192,1,806363,50150885645,61950083073
6971393,8192,1,728569,48656564463,60503687076
6979585,8192,1,735352,51199560672,62459677861
6987777,8192,1,699021,48682911486,64079951619
6995969,8192,1,634120,45831406577,53788369143
7004161,8192,1,892155,50536556554,62697268389
7012353,8192,1,782030,49273441119,61270557290
7020545,8192,1,741045,46097890688,56581631684
7028737,8192,1,762443,45093991002,57793523586
7036929,8192,1,853754,46603908786,57035207585
7045121,8192,1,810342,46377293130,57311919024
7053313,8192,1,770343,47471980730,57435248745
7061505,8192,1,683334,43555846112,52403532183
7069697,8192,1,838780,46875030520,57621356456
7077889,8192,1,763229,48582059456,55629819137
7086081,8192,1,751041,45191788480,54019075609
7094273,8192,1,795784,48515590361,56035827759
7102465,8192,1,787430,49228707462,54987199822
7110657,8192,1,985470,55948602087,60289099854
7118849,8192,1,879750,52775047845,59340306485
7127041,8192,1,771176,49224643811,56579709033
7135233,8192,1,810937,53308284328,61840100247
7143425,8192,1,915819,55117039138,65108588343
7151617,8192,1,910815,54754117820,61703897990
7159809,8192,1,886198,58713975871,66243013262
7168001,8192,1,726666,49138506055,54339392288
7176193,8192,1,693336,47109751685,53811250037
7184385,8192,1,724525,48036349840,51666361283
7192577,8192,1,708302,48268198216,52525788328
7200769,8192,1,727507,50120021956,54243472475
7208961,8192,1,790346,53098340347,59873921003
7217153,8192,1,906974,56741329110,61344879882
7225345,8192,1,933614,58596654890,64664427900
7233537,8192,1,885596,58671527494,64501084858
7241729,8192,1,1016104,61069572685,69931165695
7249921,8192,1,1020630,61369308543,65259577758
7258113,8192,1,985675,61058114637,69651160265
7266305,8192,1,1024395,60799942581,67515777326
7274497,8192,1,1073993,62911729753,72302927058
7282689,8192,1,959353,60722933235,68895149116
7290881,8192,1,721417,51558952034,60815550117
7299073,8192,1,635467,47439182717,58062845232
7307265,8192,1,768990,52539940390,60970008166
7315457,8192,1,782838,50497801672,60486359855
7323649,8192,1,736531,48680635829,57122805718
7331841,8192,1,693431,48979000213,58530197357
7340033,8192,1,700353,48470463657,58922428556
7348225,8192,1,656165,47754014325,53974131770
7356417,8192,1,706952,49781969594,59475920548
7364609,8192,1,702560,51552295972,56958312933
7372801,8192,1,748488,51189895210,57731460571
7380993,8192,1,672970,50289379405,55341790491
7389185,8192,1,618374,46747527961,56242053079
7397377,8192,1,731407,53849189259,58856955982
7405569,8192,1,823103,54459907520,58143184072
7413761,8192,1,820567,57996395789,63744566355
7421953,8192,1,759259,54880499899,61395224815
7430145,8192,1,709874,50266481813,56445261404
7438337,8192,1,799413,52617562312,61480588007
7446529,8192,1,803464,53862112844,63236344522
7454721,8192,1,776283,53348274726,61504404521
7462913,8192,1,841975,55623955618,62139202117
7471105,8192,1,853955,57452318218,66986933071
7479297,8192,1,795154,56297422443,64423293551
7487489,8192,1,889445,56376229780,67792065560
7495681,8192,1,1021969,60023042579,72497967745
7503873,8192,1,875237,55313971334,65783004771
7512065,8192,1,775071,49429826010,61013119072
7520257,8192,1,725889,47064363363,57277294152
7528449,8192,1,834843,51650564844,64182924743
7536641,8192,1,789507,50757917942,63271987581
7544833,8192,1,867687,54598783786,61717495010
7553025,8192,1,960725,56469515355,64039584884
7561217,8192,1,815707,50313874323,62510862627
7569409,8192,1,666231,46144005917,56568774881
7577601,8192,1,832815,54175134238,57399969775
7585793,8192,1,885526,58087439964,62543931994
7593985,8192,1,861278,55905434119,63714915646
7602177,8192,1,852806,50342783962,62651861981
7610369,8192,1,887841,49888381296,62663585055
7618561,8192,1,860187,54950616424,59954178894
7626753,8192,1,915348,54030183176,64450102057
7634945,8192,1,852309,51681051150,63902891235
7643137,8192,1,912370,53049696773,63447070696
7651329,8192,1,738803,45900258701,54819728220
7659521,8192,1,713836,45748826296,53717018804
7667713,8192,1,848035,50538533259,58599851809
7675905,8192,1,937742,55323766578,65907738870
7684097,8192,1,787627,54383889810,59035456604
7692289,8192,1,833589,53247672067,60450182273
7700481,8192,1,814204,49535470442,58916180067
7708673,8192,1,903137,54358941917,61856285271
7716865,8192,1,801151,62622317283,55438838519
7725057,8192,1,905524,59014777802,66039101969
7733249,8192,1,960512,58327935763,71497707509
7741441,8192,1,936278,56411432504,68799150594
7749633,8192,1,890324,53572479595,70247211785
7757825,8192,1,1027125,58522479696,76209535977
7766017,8192,1,1065365,61612038604,79715016105
7774209,8192,1,1133091,62039236317,76947913513
7782401,8192,1,1013568,61944787561,75524421349
7790593,8192,1,977456,60660792594,73026974400
7798785,8192,1,1062407,59684547724,75369965022
7806977,8192,1,1017774,59902115809,73703973824
7815169,8192,1,1154301,60693446908,75258270625
7823361,8192,1,1129298,60341384806,74691165514
7831553,8192,1,1048171,56590059373,70545572659
7839745,8192,1,1006866,55276418358,70317399846
7847937,8192,1,1266339,61467920318,74552589192
7856129,8192,1,1153575,60984143819,70453128936
7864321,8192,1,1115475,59852831907,75468121505
7872513,8192,1,1148287,60908945609,72403056431
7880705,8192,1,1236171,60021117831,77698006663
7888897,8192,1,1119286,58582250428,72094862588
7897089,8192,1,1116862,59438959515,72841843000
7905281,8192,1,1053564,59511201019,71103490219
7913473,8192,1,1018766,59916578393,72163876454
7921665,8192,1,1163030,58202234652,66288378393
7929857,8192,1,932972,56541598892,70359727455
7938049,8192,1,1335617,61768841096,74713233096
7946241,8192,1,1126115,60333225913,77358456052
7954433,8192,1,930625,59253863905,77016732981
7962625,8192,1,1155991,60318831521,77696978457
7970817,8192,1,1149787,58205892161,74520196060
7979009,8192,1,1168100,58675133580,73996241047
7987201,8192,1,1109590,60201568915,71303949671
7995393,8192,1,1246696,60953748469,70693297821
8003585,8192,1,1072671,58459135873,74365343537
8011777,8192,1,915176,52150084703,71393920617
8019969,8192,1,1048977,54347088319,70579404548
8028161,8192,1,1161083,57901070063,70518491514
8036353,8192,1,1038066,60739991885,70492348790
8044545,8192,1,1058512,61452870344,68966880897
8052737,8192,1,1224568,57520110354,69221480937
8060929,8192,1,883351,49034881564,61877148949
8069121,8192,1,1093556,54937862712,67743131466
8077313,8192,1,1171620,58985335698,73842711244
8085505,8192,1,970944,57604952668,70333123752
8093697,8192,1,1018286,53175452767,67538743625
8101889,8192,1,907967,52281783686,64533993716
8110081,8192,1,872493,50955441103,64402811123
8118273,8192,1,1016880,55439650663,70807321293
8126465,8192,1,893543,53041319100,67666574119
8134657,8192,1,1199821,58355280103,72382346243
8142849,8192,1,872903,50503746198,65602283057
8151041,8192,1,753363,48910092076,64644000938
8159233,8192,1,888841,55200745635,69459628131
8167425,8192,1,1358869,61654254721,67243425501
8175617,8192,1,919344,57647015958,71534031282
8183809,8192,1,948309,52872475578,65192580588
8192001,8192,1,738324,46746541520,58777154689
8200193,8192,1,738422,45469577722,57717777852
8208385,8192,1,812997,50384096789,62601182246
8216577,8192,1,1006640,52371646321,60818642748
8224769,8192,1,1163238,59595554009,69214481787
8232961,8192,1,798761,53019994658,64237851132
8241153,8192,1,697829,51960965721,60488830832
8249345,8192,1,841109,52000342474,64369082611
8257537,8192,1,930193,54459937700,68121320779
8265729,8192,1,975208,58222853369,69700608463
8273921,8192,1,1020904,56306070571,68019183093
8282113,8192,1,938526,53080739771,61719488437
8290305,8192,1,820570,51981464609,65571877496
8298497,8192,1,940581,58623412073,68016343092
8306689,8192,1,877846,57683653048,67279732017
8314881,8192,1,914277,57238738726,68910431109
8323073,8192,1,880678,51566549035,64306938532
8331265,8192,1,763133,51489770819,73092714691
8339457,8192,1,835498,52115559990,62564103551
8347649,8192,1,940995,53853618011,65520183995
8355841,8192,1,935120,59792349550,69228870052
8364033,8192,1,849350,54624898279,65188712681
8372225,8192,1,826549,50554075020,62570987940
8380417,8192,1,893359,53524916702,64497101718
8388609,8192,1,950037,59670381591,74472275255
8396801,8192,1,851952,59067138486,66818956598
8404993,8192,1,971316,58701071184,71592729234
8413185,8192,1,957288,57866515165,72423355032
8421377,8192,1,838965,57549256819,63091731702
8429569,8192,1,893296,61104343635,60193601711
8437761,8192,1,993838,59809150417,68500679909
8445953,8192,1,964813,60789904230,70536053013
8454145,8192,1,839047,59657647316,65182939535
8462337,8192,1,854037,59372454307,63031354685
8470529,8192,1,970235,60191471319,66255912028
8478721,8192,1,988342,61800831528,66282765369
8486913,8192,1,828164,61286830855,61122445545
8495105,8192,1,1002499,62022730823,63453956685
8503297,8192,1,989779,61828220456,62773888155
8511489,8192,1,835312,61844907375,57727835263
8519681,8192,1,889469,61679703719,58247855832
8527873,8192,1,965347,61385667796,60216312306
8536065,8192,1,931052,61592837583,60337989835
8544257,8192,1,754048,61629636775,56170844801
8552449,8192,1,803745,61961780469,59349977692
8560641,8192,1,939276,63530816772,63131021967
8568833,8192,1,851417,65923346777,63054222454
8577025,8192,1,841049,65623489141,62609011950
8585217,8192,1,992152,73222626803,69144899329
8593409,8192,1,817459,77878755186,65236030948
8601601,8192,1,699019,76628772865,65866895935
8609793,8192,1,811933,78058009201,65057402616
8617985,8192,1,949393,77470743277,75971664040
8626177,8192,1,869464,75793509999,71298854097
8634369,8192,1,739889,74187688186,64833188985
8642561,8192,1,818926,77685558439,69213864567
8650753,8192,1,825924,78026267904,71853288660
8658945,8192,1,812147,70393239512,79676745432
8667137,8192,1,785673,61570806794,71361444324
8675329,8192,1,816542,65781442449,68392909815
8683521,8192,1,757973,54004019478,66207348355
8691713,8192,1,683329,52246980326,61035112971
8699905,8192,1,849122,55659160493,66766015331
8708097,8192,1,975466,59263476741,72130884869
8716289,8192,1,913001,59041577975,70531788919
8724481,8192,1,868978,54281558998,65305709758
8732673,8192,1,805391,49494687484,61578474589
8740865,8192,1,812980,52561159401,63872715344
8749057,8192,1,822366,52666178343,64061309126
8757249,8192,1,919564,56098391378,67114006221
8765441,8192,1,968016,57877117485,69876137321
8773633,8192,1,860153,51481505907,61829042173
8781825,8192,1,790868,47257860195,57770329899
8790017,8192,1,942832,53538052783,64489618153
8798209,8192,1,940694,61685676481,72208396211
8806401,8192,1,885927,61658922238,66849321679
8814593,8192,1,1038029,61369004831,73996782249
8822785,8192,1,879793,52146272787,64534250570
8830977,8192,1,878509,55697156073,67695905743
8839169,8192,1,964736,62541552293,83345133216
8847361,8192,1,996914,61590833329,80441094001
8855553,8192,1,885028,55127615561,63533572698
8863745,8192,1,791523,55304861134,65436394992
8871937,8192,1,849887,63786091420,81792213139
8880129,8192,1,902373,61012686158,74003811150
8888321,8192,1,941387,59426643172,71285063456
8896513,8192,1,1133114,63866621409,84323779274
8904705,8192,1,802562,63727133550,85353201303
8912897,8192,1,845445,61409418399,82362240359
8921089,8192,1,1017609,65029754319,83849798948
8929281,8192,1,907925,63564436196,80877141681
8937473,8192,1,967802,66232587516,84601358508
8945665,8192,1,897482,65346650167,84683138646
8953857,8192,1,750217,65003544141,71349921756
8962049,8192,1,1086994,67502783028,83569550968
8970241,8192,1,951713,66237749089,79371726575
8978433,8192,1,981183,69267416517,78223073689
8986625,8192,1,1055590,68273551884,89873382409
8994817,8192,1,780717,56833119505,75076361792
9003009,8192,1,1036805,73004597454,86424748531
9011201,8192,1,1012222,71455636535,82991648287
9019393,8192,1,874242,71548472212,81181781765
9027585,8192,1,971248,66791843410,82644157664
9035777,8192,1,840102,64595196013,79272392068
9043969,8192,1,994170,64934612725,79552236723
9052161,8192,1,888691,65383679263,79306031893
9060353,8192,1,942244,57388886441,72760884550
9068545,8192,1,701653,48078807041,59911953878
9076737,8192,1,754798,61024714378,70477692894
9084929,8192,1,908482,65338335472,77042962276
9093121,8192,1,898709,68826620520,83251183882
9101313,8192,1,947022,69761741984,78546029570
9109505,8192,1,855685,64915604147,76039426153
9117697,8192,1,936510,68593558199,81332480079
9125889,8192,1,1110657,74193543274,89907812393
9134081,8192,1,974020,71692480309,86617051207
9142273,8192,1,971906,69278593897,84159352060
9150465,8192,1,940651,67361910005,79986966289
9158657,8192,1,931319,67770003761,80219560770
9166849,8192,1,1003627,67301994373,78382658997
9175041,8192,1,901224,64936435027,78298409865
9183233,8192,1,768025,58547006772,70202507568
9191425,8192,1,992708,64118389903,78011962060
9199617,8192,1,767537,60728207372,72357357555
9207809,8192,1,741824,53901328760,67993234729
9216001,8192,1,698064,49104444455,59681868870
9224193,8192,1,643992,47707551961,60883516436
9232385,8192,1,827015,55845001987,69205824906
9240577,8192,1,847844,59333225580,71210689092
9248769,8192,1,757262,52846524981,64426002589
9256961,8192,1,716538,54524823239,66901930927
9265153,8192,1,714126,49995214601,59773793010
9273345,8192,1,716731,54250605891,66786730268
9281537,8192,1,763184,56104624149,70063411686
9289729,8192,1,852003,63108379279,77282035674
9297921,8192,1,904053,60658920099,72343692302
9306113,8192,1,828610,56073471319,70847133972
9314305,8192,1,742441,55013686452,69295842464
9322497,8192,1,731295,52787689502,65204221489
9330689,8192,1,708369,52392880422,65162098066
9338881,8192,1,664925,47456678772,60755530961
9347073,8192,1,627062,59045841516,69995746008
9355265,8192,1,542072,51533409470,61587315181
9363457,8192,1,553768,51823161640,61856874039
9371649,8192,1,664552,57497993985,70677532043
9379841,8192,1,665352,58873592863,69923446372
9388033,8192,1,708523,60684737157,73677932204
9396225,8192,1,742494,61352845542,72764737873
9404417,8192,1,682535,52096944972,66640674983
9412609,8192,1,730720,56467680323,73254401420
9420801,8192,1,659919,65708295301,91564606236
9428993,8192,1,805946,68506237462,96025329335
9437185,8192,1,799261,70730540231,96863096174
9445377,8192,1,782815,64727852547,86002975328
9453569,8192,1,806095,57998734790,76721448677
9461761,8192,1,873153,60674145097,74590063615
9469953,8192,1,978600,68453757397,90438565540
9478145,8192,1,932038,68593126285,89187548001
9486337,8192,1,969887,65412428592,82272490041
9494529,8192,1,871662,61072195102,79656709442
9502721,8192,1,880415,67010896351,90760458732
9510913,8192,1,877077,62637487079,80962345645
9519105,8192,1,892491,66341797417,83146216855
9527297,8192,1,886525,63743218469,82868854257
9535489,8192,1,763034,56916289211,74334235144
9543681,8192,1,755739,51749236039,71450905664
9551873,8192,1,873175,63714325503,81870065864
9560065,8192,1,894671,66968083563,89841453502
9568257,8192,1,871975,67196685161,91314042357
9576449,8192,1,833002,63337835446,83898096409
9584641,8192,1,804983,57162122774,75349744542
9592833,8192,1,852642,58816487988,78985922678
9601025,8192,1,804419,61358444080,82342048865
9609217,8192,1,849312,58233450860,78615947716
9617409,8192,1,927929,63536028152,84743159027
9625601,8192,1,813905,59495790605,78255159521
9633793,8192,1,774141,59853748240,83882210949
9641985,8192,1,1008519,71796902215,95655206824
9650177,8192,1,946237,66707485905,85173249700
9658369,8192,1,908074,73540668043,101380215007
9666561,8192,1,1048466,76252778127,101822546259
9674753,8192,1,866412,68574360918,87220695008
9682945,8192,1,932972,70752871888,94959361894
9691137,8192,1,979047,71791734313,94205424172
9699329,8192,1,918888,67817796157,92911734025
9707521,8192,1,1104725,71177466006,102655092162
9715713,8192,1,1104271,71716325188,104108426714
9723905,8192,1,963052,66999392072,89006654630
9732097,8192,1,1005464,65795578186,90019357282
9740289,8192,1,1059837,67994246828,91416157945
9748481,8192,1,979162,67629006993,90481123468
9756673,8192,1,885081,62292836211,84831758750
9764865,8192,1,833802,62457382863,81581858634
9773057,8192,1,837546,61034522068,75866192788
9781249,8192,1,946051,67857791102,85506952796
9789441,8192,1,819208,65866256100,83420719681
9797633,8192,1,924104,68240421801,90418940728
9805825,8192,1,881246,68247029882,86633942593
9814017,8192,1,778987,66071308722,82735816064
9822209,8192,1,911174,69795340731,94121792471
9830401,8192,1,1006706,71978418806,95505615822
9838593,8192,1,1038633,71509025018,96253534889
9846785,8192,1,896865,69792988764,90813385435
9854977,8192,1,847711,67034768302,84809422370
9863169,8192,1,911641,68667883187,89187972426
9871361,8192,1,996682,70107950073,90916048803
9879553,8192,1,973566,69625920413,92635753770
9887745,8192,1,993179,71185747311,94368386762
9895937,8192,1,1003198,70717713319,93963757958
9904129,8192,1,1002534,71808040774,97306348492
9912321,8192,1,973237,71613101484,95454653874
9920513,8192,1,1033485,72846155160,93931474892
9928705,8192,1,1031123,73635393603,96742140522
9936897,8192,1,1080661,74097718137,97923752009
9945089,8192,1,978766,70891484395,93783155393
9953281,8192,1,1042650,72417886178,96776894610
9961473,8192,1,1112412,74009890439,98521074310
9969665,8192,1,1081752,73469731113,100476150806
9977857,8192,1,1115522,75780146275,102813122785
9986049,8192,1,1042699,73335453765,100614992490
9994241,8192,1,1012025,72304159780,99484431825
10002433,8192,1,947807,73177316635,97267204856
10010625,8192,1,993860,74248158794,96741867988
10018817,8192,1,1083307,76321832298,100823850053
10027009,8192,1,1144640,76778212899,103337034529
10035201,8192,1,1106267,76509496209,102897432351
10043393,8192,1,1136468,76529152684,104717443941
10051585,8192,1,1143192,76622953602,100118072980
10059777,8192,1,1071558,76691528658,100487376169
10067969,8192,1,1035874,75016157201,96102354080
10076161,8192,1,1190056,75265046958,95339406529
10084353,8192,1,1052095,76722732640,100927750555
10092545,8192,1,1059358,76839914668,104739496064
10100737,8192,1,1078590,77061038954,100474955126
10108929,8192,1,1104262,76917215732,93842398436
10117121,8192,1,1171376,77120896113,100261918532
10125313,8192,1,1065388,77604654123,106126810074
10133505,8192,1,1080586,77621034018,99411281799
10141697,8192,1,1185945,77375102520,100114300761
10149889,8192,1,1118057,77079879819,98830790573
10158081,8192,1,1140551,77535086646,104462220842
10166273,8192,1,1201889,77314405596,103669833272
10174465,8192,1,1114490,77129632609,104852823939
10182657,8192,1,1131014,76977719808,103129289789
10190849,8192,1,1225990,76646881261,103607721908
10199041,8192,1,1193971,77200838933,101358397326
10207233,8192,1,1174049,77770485494,103316308930
10215425,8192,1,1131601,77893106666,101736526990
10223617,8192,1,1214716,77082495252,100444430574
10231809,8192,1,1239036,76812658037,102555858675
10240001,8192,1,1174334,77539060580,104630996755
10248193,8192,1,1147536,77645370823,107079867669
10256385,8192,1,1130296,76924591639,104687463431
10264577,8192,1,1030018,77324495149,104669922773
10272769,8192,1,1086505,77623073831,104723097617
10280961,8192,1,1133919,77708872357,105764900042
10289153,8192,1,1154060,77788627230,105514206410
10297345,8192,1,1188569,79487887047,111323534732
10305537,8192,1,1162732,92108783782,130942205316
10313729,8192,1,1258422,92807705936,124618423775
10321921,8192,1,1454915,92532120917,124108251728
10330113,8192,1,1363088,93006927167,126413751213
10338305,8192,1,1297387,91799653406,124400096546
10346497,8192,1,1317779,93102367684,126134463720
10354689,8192,1,1316959,92167733414,126634929835
10362881,8192,1,1294409,91868826372,123756921761
10371073,8192,1,1371189,92625323824,125235534971
10379265,8192,1,1370935,91279955444,123882567980
10387457,8192,1,1323638,91353035083,125241084111
10395649,8192,1,1176812,92192015743,127684603686
10403841,8192,1,1130901,92191092473,123857653284
10412033,8192,1,1365356,91517607743,124091562600
10420225,8192,1,1350461,91558164098,124106966884
10428417,8192,1,1325279,93052871840,129461156235
10436609,8192,1,1315451,92424243235,126048664165
10444801,8192,1,1280543,91824104587,127592852421
10452993,8192,1,1386630,92677741195,126115758507
10461185,8192,1,1350573,93443272480,130321645143
10469377,8192,1,1413221,93408214190,124896609275
10477569,8192,1,1409852,91813150323,117504635663
10485761,8192,1,1325146,92491978229,125834685540
10493953,8192,1,1360475,93375068735,128548094298
10502145,8192,1,1477277,93028293528,126150570863
10510337,8192,1,1458912,93395121237,127446594475
10518529,8192,1,1407547,93881286759,131816308714
10526721,8192,1,1441709,95010075686,130088384706
10534913,8192,1,1517598,98525141995,137344580380
10543105,8192,1,1527082,98878550793,136874212238
10551297,8192,1,1529306,98563439926,137020711709
10559489,8192,1,1488034,98120186326,129295815689
10567681,8192,1,1545901,98405600084,134114126112
10575873,8192,1,1481930,98131779771,134387099066
10584065,8192,1,1392202,98224165663,135174846385
10592257,8192,1,1533065,98063078190,132939174351
10600449,8192,1,1520463,98076761196,135295098326
10608641,8192,1,1485632,97643007726,133332286222
10616833,8192,1,1537129,98094168122,131037354966
10625025,8192,1,1531409,97567851758,128265339233
10633217,8192,1,1605029,98527900785,130291572089
10641409,8192,1,1581691,98109215587,127901700003
10649601,8192,1,1533873,98321831677,123255315201
10657793,8192,1,1556816,98751922551,125205816671
10665985,8192,1,1455320,98419002087,131430162140
10674177,8192,1,1399828,98856138099,129509677757
10682369,8192,1,1543182,99064986797,128227829517
10690561,8192,1,1541635,98835373983,127404055337
10698753,8192,1,1495339,99053764120,129725128020
10706945,8192,1,1535453,99205973257,131793426953
10715137,8192,1,1411860,98432768557,132078212377
10723329,8192,1,1465940,98922916151,131872512797
10731521,8192,1,1445079,99057744442,129850658245
10739713,8192,1,1409598,98835109309,131257337811
10747905,8192,1,1434689,98604438114,130485368740
10756097,8192,1,1432351,98393824834,127374556957
10764289,8192,1,1436449,98995119384,124083613667
10772481,8192,1,1494024,98865322370,121473204653
10780673,8192,1,1564213,98943876509,121405275264
10788865,8192,1,1487517,99069578049,121073391208
10797057,8192,1,1431398,98631734597,128322545624
10805249,8192,1,1279797,97861496443,129525556027
10813441,8192,1,1314075,99369544817,131870786871
10821633,8192,1,1326300,98850079622,126334896524
10829825,8192,1,1297628,99169380318,126563421452
10838017,8192,1,1376879,98939998883,123907354738
10846209,8192,1,1346219,99403792278,128332882455
10854401,8192,1,1323252,99251403001,126628714892
10862593,8192,1,1334976,99494857878,127686881678
10870785,8192,1,1341365,99559553820,127967139200
10878977,8192,1,1470136,99262735048,124337682870
10887169,8192,1,1685788,99549571043,125095183983
10895361,8192,1,1395013,99353151545,131623490599
10903553,8192,1,1353200,99129856294,130546993776
10911745,8192,1,1436134,99015606534,129953920908
10919937,8192,1,1372106,99208153089,128341727835
10928129,8192,1,1338149,99199886160,130759977070
10936321,8192,1,1303750,99210160521,130182539907
10944513,8192,1,1283208,99611151083,130394178929
10952705,8192,1,1319801,99531959189,125440358648
10960897,8192,1,1352636,99310002799,127795029322
10969089,8192,1,1375102,99466085443,128294797159
10977281,8192,1,1318730,99628423479,133369415489
10985473,8192,1,1227266,99669860657,129167517228
10993665,8192,1,1251634,99764662138,128455973840
11001857,8192,1,1356592,99619090549,129478522044
11010049,8192,1,1378517,99485553104,130462515218
11018241,8192,1,1275742,98374192970,127451806208
11026433,8192,1,1354490,99298692809,129385689935
11034625,8192,1,1310112,97186693575,126793506880
11042817,8192,1,1334103,99245280398,129715996064
11051009,8192,1,1363729,99758052158,130470086702
11059201,8192,1,1433294,99811214650,130705780124
11067393,8192,1,1554046,99865509853,137621340278
11075585,8192,1,1348576,99492264844,135833740115
11083777,8192,1,1248034,99629928157,134083805049
11091969,8192,1,1401515,99673560434,136079949535
11100161,8192,1,1447762,99741103137,135195771301
11108353,8192,1,1485144,99829077573,137914315495
11116545,8192,1,1398817,99670502872,134027638698
11124737,8192,1,1270161,99750583272,133046357988
11132929,8192,1,1320965,100173706874,132858703252
11141121,8192,1,1325674,99897977809,135026839966
11149313,8192,1,1402938,99852564415,133431544626
11157505,8192,1,1427512,99848646888,131065005054
11165697,8192,1,1399016,99824607865,133524238542
11173889,8192,1,1294020,99650819487,134380194148
11182081,8192,1,1438620,99932057170,136900453790
11190273,8192,1,1438914,100005225132,134070870538
11198465,8192,1,1443942,99739876237,137525626323
11206657,8192,1,1412633,99729278350,138797565042
11214849,8192,1,1380570,99693471850,138011082823
11223041,8192,1,1383145,99903866172,137216939609
11231233,8192,1,1478358,100104962850,136836259300
11239425,8192,1,1347924,99887377082,137679926208
11247617,8192,1,1381274,100222018318,135035961149
11255809,8192,1,1444439,99786699446,134222053995
11264001,8192,1,1316079,99890293002,136035134618
11272193,8192,1,1347710,99946984814,138275140992
11280385,8192,1,1484505,99851935427,140248376059
11288577,8192,1,1396744,99998982049,142342285437
11296769,8192,1,1470900,99784151152,141589942049
11304961,8192,1,1430049,99687376856,145428273045
11313153,8192,1,1453839,99667400561,144365577133
11321345,8192,1,1595756,99733144268,143853049696
11329537,8192,1,1528036,99788326430,143447357314
11337729,8192,1,1445057,99542969394,143794705461
11345921,8192,1,1359299,100074192393,136802228792
11354113,8192,1,1214427,99786388904,136789160297
11362305,8192,1,1448539,99876697498,142343036497
11370497,8192,1,1443442,99905517041,141905088555
11378689,8192,1,1372946,99494705111,137898272394
11386881,8192,1,1460716,99919270857,141986796438
11395073,8192,1,1324871,99802789764,140960946447
11403265,8192,1,1294644,99751712798,139157089167
11411457,8192,1,1427163,99936036914,138052116424
11419649,8192,1,1470939,99901096311,138697365109
11427841,8192,1,1374494,99957562220,138362451390
11436033,8192,1,1412862,100230306566,138417873315
11444225,8192,1,1374249,100053691309,138107445230
11452417,8192,1,1571219,99840223592,139755064134
11460609,8192,1,1495879,100010686253,138377260958
11468801,8192,1,1604419,100116741671,143440419609
11476993,8192,1,1633118,99820704698,141350644895
11485185,8192,1,1504462,99935838936,148244858135
11493377,8192,1,1317697,100499782245,145129237909
11501569,8192,1,1456024,100174119560,141949952236
11509761,8192,1,1513323,100006134277,137688004235
11517953,8192,1,1519607,99951925790,140471530107
11526145,8192,1,1383406,99807024509,138011183768
11534337,8192,1,1422653,100061173912,144699105651
11542529,8192,1,1545477,99930647157,142345573106
11550721,8192,1,1558532,100242503361,142497149430
11558913,8192,1,1504436,99761429052,138920063277
11567105,8192,1,1457170,99838244510,142248737781
11575297,8192,1,1421856,100360462892,142506803506
11583489,8192,1,1555722,100143247311,145372426010
11591681,8192,1,1574678,99900660852,141729655936
11599873,8192,1,1594565,100048647754,143260828198
11608065,8192,1,1659040,100329595801,145432279699
11616257,8192,1,1617443,100220177970,142172604533
11624449,8192,1,1532623,100080599389,142185223660
11632641,8192,1,1542361,100037161583,144556559193
11640833,8192,1,1571861,100308996380,141388875541
11649025,8192,1,1395721,100378559333,143547298129
11657217,8192,1,1490221,100226114683,144659738665
11665409,8192,1,1513739,99985733401,141202436170
11673601,8192,1,1486715,99964988407,141650050779
11681793,8192,1,1497379,99497295251,142631670485
11689985,8192,1,1555675,99583756838,142353597756
11698177,8192,1,1526425,99975239456,139565405789
11706369,8192,1,1506885,100205850486,159436240681
11714561,8192,1,1417140,100076759648,164193302963
11722753,8192,1,1419327,100185239943,154777274726
11730945,8192,1,1535326,99752558396,143522623837
11739137,8192,1,1475350,100121062315,140987198437
11747329,8192,1,1462315,100110564487,143637178098
11755521,8192,1,1607984,100218708518,145050545124
11763713,8192,1,1561092,100091344980,142644587600
11771905,8192,1,1634365,99974635368,138477526330
11780097,8192,1,1611463,100152909187,142720296465
11788289,8192,1,1659488,100051303446,140873158968
11796481,8192,1,1665774,99976385541,139330663772
11804673,8192,1,1595345,99986758305,136874692428
11812865,8192,1,1524046,99728316562,139554835391
11821057,8192,1,1641213,100165414493,141498962501
11829249,8192,1,1680031,99908869524,139473151363
11837441,8192,1,1612325,99880712091,140588958175
11845633,8192,1,1614251,99971067648,142077999821
11853825,8192,1,1556277,99978320446,141585174691
11862017,8192,1,1512954,100017672279,141981476618
11870209,8192,1,1549037,99886206895,139633552552
11878401,8192,1,1571428,100164009970,142923413353
11886593,8192,1,1668305,100312517315,141115188509
11894785,8192,1,1682065,100025730811,144263641002
11902977,8192,1,1570310,100112225843,144388783816
11911169,8192,1,1644933,100154217941,144694802877
11919361,8192,1,1656821,100207884794,142993744511
11927553,8192,1,1582493,100126425907,140537414919
11935745,8192,1,1521475,100167079312,143257404027
11943937,8192,1,1521683,100388045346,148605027252
11952129,8192,1,1489299,99966830319,151308320999
11960321,8192,1,1544635,100287189976,148267437452
11968513,8192,1,1561452,100362822758,148930403309
11976705,8192,1,1547967,99807104865,148959057218
11984897,8192,1,1485163,100423627141,144266429309
11993089,8192,1,1491502,100554250927,144302633111
12001281,8192,1,1511597,100501602390,144972694836
12009473,8192,1,1613129,100389557491,149145377299
12017665,8192,1,1618139,100182492628,147273349275
12025857,8192,1,1670231,100793818551,141962530248
12034049,8192,1,1618179,100973456970,144944675083
12042241,8192,1,1636290,100626663293,143697391876
12050433,8192,1,1664045,100791135270,140918057072
12058625,8192,1,1614383,100610086286,140466086074
12066817,8192,1,1626536,100553630407,140914250288
12075009,8192,1,1627135,100664025896,145090811858
12083201,8192,1,1538091,100839562356,145834810187
12091393,8192,1,1630555,100752831001,140616650091
12099585,8192,1,1633198,100611408516,146074591102
12107777,8192,1,1693381,100714695598,143929410908
12115969,8192,1,1640460,100682351254,144997243810
12124161,8192,1,1538108,100693050780,147811756757
12132353,8192,1,1528903,100580839188,145686847512
12140545,8192,1,1638145,100567752635,146907308965
12148737,8192,1,1686577,100662518085,146423183549
12156929,8192,1,1700547,100764775287,148921589397
12165121,8192,1,1713298,100590983304,149382733635
12173313,8192,1,1558439,100652606920,148001706489
12181505,8192,1,1598931,100706966213,148947812290
12189697,8192,1,1658474,100768276142,149812789296
12197889,8192,1,1637377,100917775639,147800217604
12206081,8192,1,1654920,100978253443,149142506717
12214273,8192,1,1653938,101056372273,151382283208
12222465,8192,1,1558132,101083378473,154184024023
12230657,8192,1,1706312,101058340035,153350089725
12238849,8192,1,1767076,101153617321,152879816323
12247041,8192,1,1547107,101156385394,154376924146
12255233,8192,1,1807586,101213455045,151981774876
12263425,8192,1,1827918,101340557214,150872584994
12271617,8192,1,1812421,101225928616,154115813638
12279809,8192,1,1929005,102065174460,148041653939
12288001,8192,1,1974887,113736085303,168265133146
12296193,8192,1,2023402,120815230694,186312709115
12304385,8192,1,1812523,120875986075,183318594749
12312577,8192,1,1728126,121038645094,192328999549
12320769,8192,1,1828550,120484717452,193077531387
12328961,8192,1,1856686,120211855092,193101075625
12337153,8192,1,1960808,120130384288,185919065424
12345345,8192,1,1834647,120407730128,190844785510
12353537,8192,1,1789128,120394301428,195171425034
12361729,8192,1,1845221,120562860077,194360933729
12369921,8192,1,1928680,120791685995,191087054979
12378113,8192,1,1897871,120919218796,189397594281
12386305,8192,1,1956011,121273660873,190929829714
12394497,8192,1,2024916,121410961017,186181158377
12402689,8192,1,2206937,120878046089,184024639710
12410881,8192,1,2161590,121219190569,174829221409
12419073,8192,1,2154173,120712639060,170720394626
12427265,8192,1,2025421,121107996489,186407478719
12435457,8192,1,1919756,121298892011,185285056998
12443649,8192,1,1849268,121098408850,187135767600
12451841,8192,1,1841994,121305918840,191814134011
12460033,8192,1,1812728,121289513405,186365137395
12468225,8192,1,1836821,121131924561,204268017083
12476417,8192,1,1847130,121013257890,197222536513
12484609,8192,1,1726342,121110215473,194771450854
12492801,8192,1,1565797,121227551605,196908944848
12500993,8192,1,1661227,120989838462,193057567006
12509185,8192,1,1657744,121397791130,191050158405
12517377,8192,1,1686415,120881512313,189743044051
12525569,8192,1,1635921,121020595616,185797204696
12533761,8192,1,1638295,120828007952,189343074406
12541953,8192,1,1630729,121115033416,193232331746
12550145,8192,1,1669238,121350515963,190835981517
12558337,8192,1,1606500,120840646922,184238713002
12566529,8192,1,1705647,120843737763,191579211420
12574721,8192,1,1593840,120738844726,189170243009
12582913,8192,1,1428541,118845017866,187408887879
12591105,8192,1,1527605,119581549488,194929016692
12599297,8192,1,1538160,121177086792,193196536374
12607489,8192,1,1544054,120921611838,193715303704
12615681,8192,1,1489350,121042433482,191157108992
12623873,8192,1,1435704,119449851412,190845163670
12632065,8192,1,1452687,118027659375,193111354889
12640257,8192,1,1546021,120587022943,193458940783
12648449,8192,1,1522355,120371457890,191197374206
12656641,8192,1,1515099,120323786912,190631376497
12664833,8192,1,1463056,119801520354,187734880129
12673025,8192,1,1336569,117778012653,185556532390
12681217,8192,1,1523979,120492919264,196762937145
12689409,8192,1,1641347,120800581446,202532669365
12697601,8192,1,1517616,120209411085,196904949579
12705793,8192,1,1572885,120784865947,193203162565
12713985,8192,1,1443041,119223702600,191216872466
12722177,8192,1,1560503,118711360145,191740790945
12730369,8192,1,1710200,120752573783,202132219044
12738561,8192,1,1525513,120574020911,192161932471
12746753,8192,1,1545180,120340259097,191558840336
12754945,8192,1,1491209,119617730910,188198347408
12763137,8192,1,1419517,119567393503,190136043864
12771329,8192,1,1443602,118754868552,192735254680
12779521,8192,1,1749998,120716159388,181142553816
12787713,8192,1,1637823,120792717738,184810912850
12795905,8192,1,1547938,120670804712,186977217527
12804097,8192,1,1433400,119784397229,188365611347
12812289,8192,1,1468640,119538963045,187858781975
12820481,8192,1,1536022,121005829418,189370701361
12828673,8192,1,1544028,120698206806,191328562772
12836865,8192,1,1619752,120820573618,191546881754
12845057,8192,1,1531456,120973407095,187063355160
12853249,8192,1,1483024,120987635474,185274793156
12861441,8192,1,1519507,120664198995,194103790824
12869633,8192,1,1543637,120610778641,199524287957
12877825,8192,1,1551096,121002511251,199826283199
12886017,8192,1,1516209,121052750886,198301946373
12894209,8192,1,1517293,120791191879,205176010988
12902401,8192,1,1553524,121085055387,201982132721
12910593,8192,1,1693757,121300295216,202241029462
12918785,8192,1,1672044,121340799798,195879603125
12926977,8192,1,1655404,120941956310,198677614022
12935169,8192,1,1569906,120926210670,197434422958
12943361,8192,1,1540925,121105298293,202401768095
12951553,8192,1,1641688,121015559738,197443403365
12959745,8192,1,1563783,120859188337,198723118197
12967937,8192,1,1512297,121685096229,194309807766
12976129,8192,1,1516976,126805399318,196551669621
12984321,8192,1,1530715,126881112753,198150703422
12992513,8192,1,1500023,126849103803,197015724116
13000705,8192,1,1525062,126762365924,188929089933
13008897,8192,1,1570898,126628575442,193439359563
13017089,8192,1,1515070,126715629496,194799292502
13025281,8192,1,1491295,126737597201,188525714254
13033473,8192,1,1399447,126800876454,190168079628
13041665,8192,1,1612103,126573305644,195934463030
13049857,8192,1,1564889,126570069748,195282383064
13058049,8192,1,1549927,126511290892,197360834270
13066241,8192,1,1574840,126648398482,199975139178
13074433,8192,1,1517669,127023106100,200768551128
13082625,8192,1,1555248,127201822791,202785625804
13090817,8192,1,1556053,126522950159,194693776695
13099009,8192,1,1504861,126490789213,195800970009
13107201,8192,1,1482066,126504578382,194762697924
13115393,8192,1,1426374,126482546404,185031923315
13123585,8192,1,1422652,126575548760,188708129387
13131777,8192,1,1500669,126501919615,193166108124
13139969,8192,1,1580952,126501645806,189921093771
13148161,8192,1,1572191,126580580822,181053614383
13156353,8192,1,1502663,126435071350,169837413454
13164545,8192,1,1495807,126867900914,173236502195
13172737,8192,1,1485620,126758082578,178783544088
13180929,8192,1,1624283,126445008957,183691094286
13189121,8192,1,1487793,126454067159,176494098955
13197313,8192,1,1590087,126448018907,186151855327
13205505,8192,1,1603957,126508967574,195853186130
13213697,8192,1,1515619,126648476624,193985144247
13221889,8192,1,1594506,126480910175,193796660197
13230081,8192,1,1571457,126542193961,195816965973
13238273,8192,1,1535402,126591571689,192973106829
13246465,8192,1,1493317,126453218947,185022306412
13254657,8192,1,1432522,126495905368,198878270671
13262849,8192,1,1488041,126602949682,199459097148
13271041,8192,1,1487836,126367437642,188829537242
13279233,8192,1,1482494,126265843066,196171854120
13287425,8192,1,1540706,126290664704,193133177649
13295617,8192,1,1431213,126416230124,197907651052
13303809,8192,1,1381642,126377743039,193137984694
13312001,8192,1,1425200,126414184386,191382975320
13320193,8192,1,1446442,126433497478,194198878448
13328385,8192,1,1451568,126525699709,193841516618
13336577,8192,1,1488450,126443773151,188733303084
13344769,8192,1,1448829,126470974452,202979241510
13352961,8192,1,1435386,126473514687,200823034695
13361153,8192,1,1537204,126540746888,193446416447
13369345,8192,1,1706359,126382828597,192910255127
13377537,8192,1,1739316,126452726028,193144446635
13385729,8192,1,1559597,126463514796,193048595723
13393921,8192,1,1464328,126468436719,199800733427
13402113,8192,1,1527548,126619040869,193875720122
13410305,8192,1,1540567,126512649425,195818558223
13418497,8192,1,1579041,126657363768,192309913525
13426689,8192,1,1652004,126401984278,186767646919
13434881,8192,1,1484258,126375922545,196823734156
13443073,8192,1,1553385,126524177526,202617630265
13451265,8192,1,1545506,126393109813,194369978188
13459457,8192,1,1617660,126509408506,199835272476
13467649,8192,1,1617160,126539220161,198278752647
13475841,8192,1,1597888,126604477600,199566976409
13484033,8192,1,1607554,126579892965,198697896213
13492225,8192,1,1693151,126510267086,197874950952
13500417,8192,1,1730955,126614551074,190124756831
13508609,8192,1,1907030,126451741784,186880544020
13516801,8192,1,1860726,126544257334,193569057954
13524993,8192,1,1743498,126502399379,192887502349
13533185,8192,1,1699555,126537553304,195952386731
13541377,8192,1,1797680,126444001381,192776267822
13549569,8192,1,1806412,126438385106,201438041017
13557761,8192,1,1726244,126479692212,195950225398
13565953,8192,1,1638285,126346564082,199040124902
13574145,8192,1,1634714,126449381758,206699727128
13582337,8192,1,1718939,126525685269,192445114465
13590529,8192,1,1768713,126417251634,194961426133
13598721,8192,1,1731576,126409827801,191376779176
13606913,8192,1,1714696,126194994571,192249729329
13615105,8192,1,1662689,126332832338,203000307481
13623297,8192,1,1659344,126354562546,193256718998
13631489,8192,1,1688326,126167088507,196587244972
13639681,8192,1,1740343,126358272138,203414911503
13647873,8192,1,1656537,126321177990,196829817825
13656065,8192,1,1504782,126229054599,200203517110
13664257,8192,1,1627117,126324235982,200934247509
13672449,8192,1,1617372,126397597617,194623551094
13680641,8192,1,1717682,126185351143,201422130703
13688833,8192,1,1681875,126418968592,200360852721
13697025,8192,1,1659942,126214234182,199825766314
13705217,8192,1,1493091,126442876345,195345875034
13713409,8192,1,1639977,126344852300,198047879026
13721601,8192,1,1637728,126406992783,191990772066
13729793,8192,1,1662768,126254851194,199720719677
13737985,8192,1,1572229,126483226636,200676254071
13746177,8192,1,1626524,126076081216,206423624697
13754369,8192,1,1809146,126386695047,213474146691
13762561,8192,1,1603948,126355692540,202574204080
13770753,8192,1,1713010,126362941154,210584830927
13778945,8192,1,1595162,126358123369,209853029260
13787137,8192,1,1503295,126594660549,198455759003
13795329,8192,1,1492449,126654128960,204483966735
13803521,8192,1,1550781,126482616958,206911536226
13811713,8192,1,1601370,126555088393,200924373867
13819905,8192,1,1499991,126600144015,202628002972
13828097,8192,1,1579600,126426324518,201462011931
13836289,8192,1,1451918,126589449884,211962682195
13844481,8192,1,1485911,126671407417,201608144565
13852673,8192,1,1510421,126431496750,197865331610
13860865,8192,1,1590569,126516589514,201155614787
13869057,8192,1,1615665,126504700303,206602556617
13877249,8192,1,1657339,126494229879,204500855346
13885441,8192,1,1530995,126632403991,212213796458
13893633,8192,1,1593121,126305831185,207135518738
13901825,8192,1,1594780,126628482611,194865280612
13910017,8192,1,1574979,126512975265,202993982855
13918209,8192,1,1528537,126494511250,216021870797
13926401,8192,1,1485566,126581521439,210236065940
13934593,8192,1,1516224,126693079215,211657085846
13942785,8192,1,1526924,126579720747,204130724373
13950977,8192,1,1595071,126529604427,216300762295
13959169,8192,1,1523136,126501530450,215480238143
13967361,8192,1,1498767,126596003961,211285045528
13975553,8192,1,1406922,126595942080,201061346555
13983745,8192,1,1599497,126504388876,197912974615
13991937,8192,1,1623488,126638294462,205380011508
14000129,8192,1,1622392,126578067124,202454285921
14008321,8192,1,1539581,126538188694,197944755971
14016513,8192,1,1479134,126565197225,217878686397
14024705,8192,1,1502447,126588974527,209706306364
14032897,8192,1,1478763,126487822388,210490423210
14041089,8192,1,1533746,126627724761,209689352536
14049281,8192,1,1519738,126594957346,207994141162
14057473,8192,1,1519493,126528476406,210623424036
14065665,8192,1,1378968,126547954984,201350862820
14073857,8192,1,1474826,126438035641,210088078619
14082049,8192,1,1461458,126597812191,210766564650
14090241,8192,1,1463314,126464976827,203295747834
14098433,8192,1,1441040,126385694310,203978912087
14106625,8192,1,1436453,126491228880,210477515668
14114817,8192,1,1496948,126733919140,210207107918
14123009,8192,1,1496987,126542528909,206255246555
14131201,8192,1,1452980,126436119407,208205721171
14139393,8192,1,1423186,126572325359,209219914217
14147585,8192,1,1569308,126563222552,215342134576
14155777,8192,1,1464535,126571618605,212310139853
14163969,8192,1,1479519,126524555259,210362868098
14172161,8192,1,1499313,126468901517,214077037353
14180353,8192,1,1565348,126623168177,208602431430
14188545,8192,1,1470830,126464552679,214963284983
14196737,8192,1,1400549,126494842685,213125615176
14204929,8192,1,1453105,126753079308,218278461924
14213121,8192,1,1460111,126568950512,209070403078
14221313,8192,1,1520459,126652167619,209794308855
14229505,8192,1,1499272,126638616386,216184832145
14237697,8192,1,1548944,126740822535,214095488515
14245889,8192,1,1633816,126506755658,227549855371
14254081,8192,1,1445619,126723848661,209386184025
14262273,8192,1,1431866,126541088768,207614690970
14270465,8192,1,1484052,126508469815,210448150456
14278657,8192,1,1449156,126566654615,212166147575
14286849,8192,1,1474927,126698119621,219043047179
14295041,8192,1,1393083,126635507728,213106964020
14303233,8192,1,1469593,126594053976,208312985394
14311425,8192,1,1512033,126538804256,212427817815
14319617,8192,1,1481371,126576921156,215055620624
14327809,8192,1,1430169,126566265060,214273593005
14336001,8192,1,1419150,126722723223,212823760356
14344193,8192,1,1480284,126435774983,218566129710
14352385,8192,1,1528548,126476867898,227523137150
14360577,8192,1,1546887,126808255314,229510347995
14368769,8192,1,1435509,126571790084,221811159909
14376961,8192,1,1386650,126499954858,221505242470
14385153,8192,1,1382223,126651656770,218922895263
14393345,8192,1,1488051,126664579673,218001997645
14401537,8192,1,1553934,126545677652,221025553049
14409729,8192,1,1634007,126563665151,216134041998
14417921,8192,1,1442200,126580746495,220915385705
14426113,8192,1,1413632,126478067233,227294304981
14434305,8192,1,1548109,126551840239,223500876047
14442497,8192,1,1470527,126615549801,222000924573
14450689,8192,1,1478434,126677467809,216407625000
14458881,8192,1,1458738,126597790863,216734538970
14467073,8192,1,1426514,126403031347,220151064826
14475265,8192,1,1482168,126709937913,224810201343
14483457,8192,1,1557468,126539321538,219042018468
14491649,8192,1,1470187,126437944162,217904557859
14499841,8192,1,1477967,126523369672,213711635710
14508033,8192,1,1465952,126535822834,241180900426
14516225,8192,1,1348724,126493420690,220668808847
14524417,8192,1,1408175,126557593458,218633505960
14532609,8192,1,1417407,126601214291,215520346830
14540801,8192,1,1453750,126608916838,214120631132
14548993,8192,1,1403369,126516523197,211563079412
14557185,8192,1,1395108,126600906242,223260542742
14565377,8192,1,1422523,126760302959,219769077673
14573569,8192,1,1419444,126405917316,207721747627
14581761,8192,1,1376103,126440498278,209778174839
14589953,8192,1,1432106,126608941369,214042245323
14598145,8192,1,1389518,126692065880,211097807225
14606337,8192,1,1325891,126592054869,225022295848
14614529,8192,1,1430620,126570249130,218830168761
14622721,8192,1,1640576,126530216669,221108229419
14630913,8192,1,1458194,126511255699,202670713367
14639105,8192,1,1452283,126394466641,214041252580
14647297,8192,1,1349319,126566104062,225026578224
14655489,8192,1,1452911,126604604446,216664712274
14663681,8192,1,1448499,126332373287,213619796214
14671873,8192,1,1483751,126448598311,218683275890
14680065,8192,1,1524626,126486693032,218939450276
14688257,8192,1,1527468,126545672360,216473814807
14696449,8192,1,1472173,126525431009,196317717241
14704641,8192,1,1419681,126533194875,211100123340
14712833,8192,1,1437270,126467171242,218176726628
14721025,8192,1,1512036,126367840991,219694910440
14729217,8192,1,1439500,126305664805,225218950194
14737409,8192,1,1387353,126409670149,222398620378
14745601,8192,1,1499311,126425130097,227087384235
14753793,8192,1,1558145,126172894422,225328294558
14761985,8192,1,1718804,126212903238,222994258038
14770177,8192,1,1717370,126029090030,224438576077
14778369,8192,1,1473904,126362945352,229100052005
14786561,8192,1,1449449,126492807622,235890452121
14794753,8192,1,1477860,126429514269,218487851053
14802945,8192,1,1512924,126383475179,219324367922
14811137,8192,1,1483765,126427560226,220133498813
14819329,8192,1,1469039,126465883445,211418326199
14827521,8192,1,1400910,126617871845,211239898115
14835713,8192,1,1464190,126577008600,214634858893
14843905,8192,1,1463597,126488966318,205158972214
14852097,8192,1,1435958,126350436560,204567869916
14860289,8192,1,1428608,126334006669,207015527694
14868481,8192,1,1442830,126593504235,210864992592
14876673,8192,1,1444089,126454820297,199134612090
14884865,8192,1,1489984,126427635219,196162440467
14893057,8192,1,1459687,126567897831,196563984601
14901249,8192,1,1429581,126389935326,190886051016
14909441,8192,1,1388421,126535790245,194690744258
14917633,8192,1,1472067,126496416288,193390868015
14925825,8192,1,1441937,126455027935,197554714443
14934017,8192,1,1444164,126497768001,188459246436
14942209,8192,1,1483479,126356513150,191518601122
14950401,8192,1,1440249,126385110650,213279227371
14958593,8192,1,1526412,126307268112,217482848384
14966785,8192,1,1552881,126293740397,219875162360
14974977,8192,1,1547396,126094740945,212782931753
14983169,8192,1,1536599,126211707939,206427278978
14991361,8192,1,1489033,126224000392,219551966045
14999553,8192,1,1453488,126264788639,212381338031
15007745,8192,1,1511797,126501254834,207951080455
15015937,8192,1,1503036,126279848457,207011552778
15024129,8192,1,1519956,126405073088,208411088702
15032321,8192,1,1423112,126368472028,194619301870
15040513,8192,1,1514298,126447574509,203900246184
15048705,8192,1,1540708,126248790503,198573022180
15056897,8192,1,1512494,126305588741,209618207106
15065089,8192,1,1499260,126337822141,204882124559
15073281,8192,1,1452264,126555139864,206581341661
15081473,8192,1,1479484,126496906125,204521406951
15089665,8192,1,1488701,126582720631,200964880595
15097857,8192,1,1503925,126385361299,199295331033
15106049,8192,1,1479703,126275675270,199068759954
15114241,8192,1,1487831,126443159552,203468891940
15122433,8192,1,1451943,126750094045,196494362194
15130625,8192,1,1432546,126356114172,197448351793
15138817,8192,1,1498517,126157841850,200037866039
15147009,8192,1,1502133,126486746806,201299338341
15155201,8192,1,1580935,126483403980,208964433781
15163393,8192,1,1575190,126219434040,208458987497
15171585,8192,1,1536284,126327883878,206155819881
15179777,8192,1,1488705,126401251390,204705525764
15187969,8192,1,1535856,126380404561,208247117151
15196161,8192,1,1502255,126340565283,209712842438
15204353,8192,1,1457865,126470528973,209563531215
15212545,8192,1,1475951,126706209220,213070583998
15220737,8192,1,2099730,126390140428,230692185115
15228929,8192,1,1507534,126385341833,213071923181
15237121,8192,1,1532314,126415790802,213194740821
15245313,8192,1,1492981,126326458992,213343175098
15253505,8192,1,1473283,126472813488,215645938249
15261697,8192,1,1660048,126534594704,221586080310
15269889,8192,1,1600297,126589300886,220785257751
15278081,8192,1,1808125,126391955349,228090351127
15286273,8192,1,1509403,126411630842,212276936795
15294465,8192,1,1492102,126503841855,217364509757
15302657,8192,1,1481006,126879977162,211713570811
15310849,8192,1,1455573,126338823947,203675526912
15319041,8192,1,1468523,126384171157,204611279670
15327233,8192,1,1455118,126452603869,203167371376
15335425,8192,1,1428014,126484960125,209642229165
15343617,8192,1,1414560,126583909748,210575947196
15351809,8192,1,1433222,126370246098,202657901291
15360001,8192,1,1438656,126724972455,209736046569
15368193,8192,1,1422503,126526502925,205376331622
15376385,8192,1,1417976,126364437949,207315606158
15384577,8192,1,1424419,126656766137,212410142208
15392769,8192,1,1381472,126593536534,201881434344
15400961,8192,1,1366854,126560232721,203024390067
15409153,8192,1,1391499,126696531231,209061032197
15417345,8192,1,1408332,126595281337,203944238486
15425537,8192,1,1382698,126492112406,207375690923
15433729,8192,1,1361048,126653338550,203167716251
15441921,8192,1,1392230,126508621863,202157080579
15450113,8192,1,1350466,126393470273,198664983912
15458305,8192,1,1425866,126500624148,201738413656
15466497,8192,1,1388874,126680471683,200407981849
15474689,8192,1,1432354,126763626150,206960330288
15482881,8192,1,1439442,126625747723,204516042686
15491073,8192,1,1418575,126514564670,207802175898
15499265,8192,1,1399446,126591544745,197259932986
15507457,8192,1,1421860,126366550708,205354938787
15515649,8192,1,1386719,126711988256,211034038693
15523841,8192,1,1434635,126473241960,202227388156
15532033,8192,1,1480058,126415568321,207208388291
15540225,8192,4702882,1539317,126223755357,206625804292
15548417,8192,4711204,1549433,125266962992,211747727193
15556609,8192,4719481,1506999,125314419131,216116762972
15564801,8192,4727753,1326511,125385512822,210566716369
15572993,8192,4736026,1301225,125359407921,207637566454
15581185,8192,4744366,1298022,125291818536,204250977224
15589377,8192,4752640,1292103,125493083866,208847116600
15597569,8192,4760873,1269576,125171890894,204726905518
15605761,8192,4769097,1281934,125158789139,209664868770
15613953,8192,4777324,1266483,125184058805,203574667058
15622145,8192,4785575,1310843,125352153039,207234344606
15630337,8192,4793834,1350424,125402191477,206001437200
15638529,8192,4802063,1271916,125290664131,203824539987
15646721,8192,4810311,1382229,125417435852,199737383772
15654913,8192,4818560,1341844,125241377890,204162809549
15663105,8192,4826793,1338871,125235624379,212418524494
15671297,8192,4835033,1473498,125267623539,191712100584
15679489,8192,4843307,1341943,125238576083,205393681889
15687681,8192,4851548,1358945,125339300495,210422431137
15695873,8192,4859783,1366233,125332552702,202312633675
15704065,8192,4868035,1366939,125309608945,203710705531
15712257,8192,4876269,1258668,125580844155,165693655574
15720449,8192,4884504,1269011,125586649741,177134506479
15728641,8192,4892734,1290568,125336795671,198052079552
15736833,8192,4900965,1218505,125671533571,195381120347
15745025,8192,4909209,1270641,125186719880,206302424762
15753217,8192,4917440,1222591,125621248902,199407109425
15761409,8192,4925676,1136071,125642950151,197580121885
15769601,8192,4933927,1207034,125446738312,203518922183
15777793,8192,4942152,1230057,125167110607,194021179413
15785985,8192,4950396,1236387,125097758007,196787815902
15794177,8192,4958625,1304488,125171471581,201808444775
15802369,8192,4966858,1224835,125188882612,198398457802
15810561,8192,4975086,1104271,125176226874,199376032971
15818753,8192,4983340,1191983,125462451283,203489320291
15826945,8192,4991606,1208452,124895221202,200935443496
15835137,8192,4999843,1258925,124696117492,204663667624
15843329,8192,5008082,1266737,124905141764,205787958755
15851521,8192,5016328,1181380,124808204719,200267316311
15859713,8192,5024572,1181075,124913583891,208625138458
15867905,8192,5032801,1198642,124853581395,205495691912
15876097,8192,5041067,1256946,124485974258,201760531157
15884289,8192,5049305,1185695,124420511601,205914460340
15892481,8192,5057550,1237468,124320433939,203094549909
15900673,8192,5065779,1160265,124212174085,208266895134
15908865,8192,5074016,1058092,124650352681,204761937158
15917057,8192,5082245,1154274,124317182853,206979695270
15925249,8192,5090476,1267752,124214048769,209464305393
15933441,8192,5098721,1375306,124264129443,221730536271
15941633,8192,5106967,1389702,123940720851,221032964604
15949825,8192,5115210,1290366,124034382029,216732217081
15958017,8192,5123438,1173643,124359427972,221480523402
15966209,8192,5131663,1310249,124224713160,228688161064
15974401,8192,5139899,1340522,124099640351,231298103031
15982593,8192,5148147,1235970,124322924690,219192881654
15990785,8192,5156389,1283371,124198929531,217484721226
15998977,8192,5164630,1225813,124186386101,215220780849
16007169,8192,5172864,1052847,124623074343,207998029852
16015361,8192,5181097,1052959,124493600992,220292804168
16023553,8192,5189331,1090688,124243013279,222949763047
16031745,8192,5197584,1104026,124381451256,215941252586
16039937,8192,5205840,1123041,124395808586,215828282612
16048129,8192,5214078,1134623,124830620768,216316337097
16056321,8192,5222314,1125502,124617193118,221718107207
16064513,8192,5230552,1010762,124683765373,222971981291
16072705,8192,5238780,1246034,124333477118,222593278862
16080897,8192,5247021,1178575,124260753374,226061756066
16089089,8192,5255267,1123580,124306431578,221461038106
16097281,8192,5263499,1140851,124439942230,219663932655
16105473,8192,5271733,1161857,124361331384,222214448082
16113665,8192,5279979,1109178,124669356777,225643771235
16121857,8192,5288231,1162628,124391196480,217749004855
16130049,8192,5296473,1180458,124399949367,216212115788
16138241,8192,5304780,1078802,124660642804,213819956212
16146433,8192,5313022,1399504,124480225073,231759809625
16154625,8192,5321262,1831486,124194901488,264419245271
16162817,8192,5329495,1289430,124612317459,244352891887
16171009,8192,5337741,1315758,124340884409,230151421812
16179201,8192,5345985,1305539,124066232016,234403108183
16187393,8192,5354220,1237219,124237008425,227579187291
16195585,8192,5362459,1242340,124164031098,225915603282
16203777,8192,5370696,1298513,123955699854,228367081004
16211969,8192,5378936,1110066,124443582796,236171767462
16220161,8192,5387165,1089412,124386084913,222608726968
16228353,8192,5395399,1161951,123977256702,220112454077
16236545,8192,5403630,1168807,124125228021,227091943727
16244737,8192,5411850,1131902,124288779632,228005236220
16252929,8192,5420067,1149718,124332292810,238358236341
16261121,8192,5428297,1006443,124925233758,248978780597
16269313,8192,5436528,1004179,124695474779,227299278019
16277505,8192,5444770,1149822,124398327669,228420299560
16285697,8192,5452994,1133861,124278260394,232461306389
16293889,8192,5461230,1092288,124265714717,231220713272
16302081,8192,5469460,1072509,124403719165,238541200159
16310273,8192,5477688,941325,124731511962,253583452362
16318465,8192,5485913,882467,124766784923,224425152559
16326657,8192,5494140,1064365,124413151568,219724997125
16334849,8192,5502372,1203661,124227087257,223175336406
16343041,8192,5510610,1295735,124036901019,233322792207
16351233,8192,5518848,1181661,124111787777,225814487295
16359425,8192,5527079,1079067,124533103336,245836184869
16367617,8192,5535309,1377208,124373927230,247329660795
16375809,8192,5543539,1202265,124039788633,245436320186
16384001,8192,5551774,1240571,124100331466,229099822318
16392193,8192,5560023,1251207,124003722518,231732518928
16400385,8192,5568264,1239850,124052994132,223936843043
16408577,8192,5576488,1265814,123867348059,241813256595
16416769,8192,5584742,1147721,124148195400,242783125301
16424961,8192,5592977,1192692,124003358239,243475527118
16433153,8192,5601200,1188570,124166203859,230426072042
16441345,8192,5609436,1214158,123872046169,235822614797
16449537,8192,5617666,1166299,124245007447,226111278440
16457729,8192,5625902,1176755,123985010086,242800924619
16465921,8192,5634141,1029846,124556794423,232615400317
16474113,8192,5642371,1087223,124368765692,225813694428
16482305,8192,5650601,1173116,124180458932,227738034202
16490497,8192,5658845,1158866,124219659457,231001154385
16498689,8192,5667082,1248259,124168429071,235335443799
16506881,8192,5675313,1170549,124282739423,234408820475
16515073,8192,5683551,1131564,124390215662,227921242416
16523265,8192,5691780,1225728,123979933211,230601343508
16531457,8192,5700013,1233882,124053338198,227617609537
16539649,8192,5708260,1211444,123988503328,235530734386
16547841,8192,5716525,1256586,123922282104,223761103153
16556033,8192,5724762,1230919,124009051113,224617538577
16564225,8192,5732991,1239040,124028389925,235486901752
16572417,8192,5741223,1226880,123982832351,231348470917
16580609,8192,5749471,1296813,123813847300,224133195990
16588801,8192,5757729,1266771,123805018180,226671372426
16596993,8192,5765970,1247419,123939513129,231782157586
16605185,8192,5774205,1147285,124058090877,232817121362
16613377,8192,5782440,1084123,124251855466,230063524461
16621569,8192,5790686,1209663,124076116461,228862186921
16629761,8192,5798933,1278174,124175952832,229481507348
16637953,8192,5807177,1330708,123602214180,216806447461
16646145,8192,5815423,1279631,123702477060,227377527802
16654337,8192,5823744,1183021,123877292698,233235346775
16662529,8192,5832032,1132813,124094677752,247372604238
16670721,8192,5840313,1209310,123989450841,240033100352
16678913,8192,5848599,1253099,123926563458,235503876591
16687105,8192,5856905,1251013,124004103042,234555467399
16695297,8192,5865191,1245742,123923427248,224944176609
16703489,8192,5873502,1235602,124080283695,241973494820
16711681,8192,5881803,1135044,124299971638,250678603199
16719873,8192,5890089,1154719,124214204463,238109939643
16728065,8192,5898362,1210401,123956363401,233542301767
16736257,8192,5906658,1246107,123945396983,224451941725
16744449,8192,5914960,1250768,123917230336,230937262632
16752641,8192,5923268,1232077,123922994202,229953741349
16760833,8192,5931557,1101217,124016467187,228428098579
16769025,8192,5939852,1115077,123940593590,222329325861
16777217,8192,5948143,1203820,123946925971,220330939182
16785409,8192,5956437,1190451,123833585470,219624194525
16793601,8192,5964730,1192548,123749498190,215544550431
16801793,8192,5973054,1222847,123956529365,228317680087
16809985,8192,5981358,1158585,123615753440,232229327699
16818177,8192,5989636,1190257,123880766762,236286177054
16826369,8192,5997923,1315502,124066841094,228715424256
16834561,8192,6006221,1280191,123785793744,221538376413
16842753,8192,6014515,1218102,123790540045,219977597557
16850945,8192,6022798,1219963,123930827780,224977455988
16859137,8192,6031084,1161119,123958338109,233528150003
16867329,8192,6039371,1171240,124129112556,232862673482
16875521,8192,6047642,1267203,123879852147,228534809264
16883713,8192,6055930,1262897,123950930417,228978329131
16891905,8192,6064228,1232554,123924166484,222375843945
16900097,8192,6072508,1261532,123799373290,218067957723
16908289,8192,6080793,1204241,123697797710,228142952715
16916481,8192,6089077,1166469,123872500417,234040923407
16924673,8192,6097362,1313286,123887439402,226516730332
16932865,8192,6105654,1318114,123736211580,231810960111
16941057,8192,6113948,1371249,123781285971,225560303258
16949249,8192,6122230,1324221,123851146021,228133010891
16957441,8192,6130520,1201645,123770774514,234997965804
16965633,8192,6138828,1130553,124115291400,234046270235
16973825,8192,6147196,1206396,123973096845,226079809819
16982017,8192,6155571,1296153,123799597728,223294757442
16990209,8192,6163998,1245876,123829143218,224733888065
16998401,8192,6172357,1236370,123949207012,228203929004
17006593,8192,6180713,1095386,124186445686,229900036042
17014785,8192,6189078,1097696,124373036821,248964553284
17022977,8192,6197431,1184850,124038711706,229751473379
17031169,8192,6205770,1232776,123930837647,225935113106
17039361,8192,6214644,1316623,123920763300,226125548833
17047553,8192,6223141,1373527,123682150949,228038271201
17055745,8192,6231549,1236837,124174335358,230534472448
17063937,8192,6239930,1008710,124612817560,226060921624
17072129,8192,6248275,1183210,123779206831,208923834664
17080321,8192,6256608,1260658,123645465790,202898818534
17088513,8192,6264965,1260278,123647922745,197372116241
17096705,8192,6273315,1195518,123606718765,211182542847
17104897,8192,6281580,1014510,124351735830,212307436377
17113089,8192,6289852,998796,124202567206,208868927415
17121281,8192,6298121,1079273,124077209846,203979660943
17129473,8192,6306398,1108894,124161798539,214222715444
17137665,8192,6314693,1094899,124246637405,217463976935
17145857,8192,6322984,1150300,124075434998,210216327644
17154049,8192,6331276,1053151,124293347868,211778901443
17162241,8192,6339552,1116778,123894911874,211428938332
17170433,8192,6347847,1259515,123549394465,197624414551
17178625,8192,6356141,1302281,123514410067,204204823413
17186817,8192,6364447,1268222,123677502767,203828309793
17195009,8192,6372722,1334072,123586995334,191659877779
17203201,8192,6381005,1375665,123325720760,184459898932
17211393,8192,6389309,1269359,123489821555,193886930996
17219585,8192,6397595,1316145,123397475306,197298398661
17227777,8192,6405886,1281602,123525891650,201596796822
17235969,8192,6414187,1256380,123586573657,196396224170
17244161,8192,6422571,1265659,123572520849,200671714431
17252353,8192,6431060,1227759,123671374561,216406518335
17260545,8192,6439423,1143861,123975679931,228051061994
17268737,8192,6447756,1247976,123689972357,210169301623
17276929,8192,6456078,1225854,123699524669,200412819556
17285121,8192,6464411,1200074,123686298402,219235017938
17293313,8192,6472712,1235586,123611194696,210061043382
17301505,8192,6481018,1244725,123809963167,212947563501
17309697,8192,6489326,1176759,123949583273,221886058228
17317889,8192,6497627,1224036,123535394964,207548291739
17326081,8192,6505936,1271485,123566158009,204244655248
17334273,8192,6514227,1213764,123611052485,213006246302
17342465,8192,6522521,1220033,123559546994,209061956155
17350657,8192,6530810,1190892,123706210400,218116772014
17358849,8192,6539086,1097182,123977816887,214945370994
17367041,8192,6547367,1232605,123526861260,201576708086
17375233,8192,6555668,1355447,123551402440,203551788877
17383425,8192,6563975,1256364,123670066137,209685318243
17391617,8192,6572280,1227341,123601410945,211174034916
17399809,8192,6580587,1246478,123797697040,218316526462
17408001,8192,6588914,1123000,124044778310,225239361635
17416193,8192,6597245,1269906,123743510946,221599618317
17424385,8192,6605563,1290349,123571782475,224884631985
17432577,8192,6613884,1215614,123977234268,220334033331
17440769,8192,6622203,1142107,124116885794,218099157068
17448961,8192,6630518,1318220,123834754157,236018013953
17457153,8192,6638828,1371127,124366947124,253732636755
17465345,8192,6647132,1139240,124284630535,233253178289
17473537,8192,6655432,1118499,124036532288,225209739172
17481729,8192,6663738,1167236,123974272274,222659425598
17489921,8192,6672036,1269205,123713974467,226544639944
17498113,8192,6680314,1278229,123781928256,221287267974
17506305,8192,6688575,1097821,124418769032,226649962490
17514497,8192,6696852,1200669,124340518916,222446207408
17522689,8192,6705139,1244132,123969649458,218255971146
17530881,8192,6713412,1254698,123801937893,220607203650
17539073,8192,6721698,1202255,123775890332,221093310732
17547265,8192,6729991,1183886,124107681984,229488008130
17555457,8192,6738288,1142197,124416112644,235537383204
17563649,8192,6746591,1094662,124391082754,234405512620
17571841,8192,6754910,1243595,124011718560,226406023434
17580033,8192,6763173,1246138,123656872333,216279765788
17588225,8192,6771437,1220773,123600570876,204434125759
17596417,8192,6779714,1285195,123589648360,211527507433
17604609,8192,6788002,1127444,123962367108,229647553930
17612801,8192,6796294,1108831,124051288689,227645573380
17620993,8192,6804576,1218492,123776521297,231680989969
17629185,8192,6812859,894478,125317003080,159413821196
17637377,8192,6821141,1009584,124520012251,179014675561
17645569,8192,6829423,1188604,123540108721,208626424392
17653761,8192,6837721,1145572,123736105560,218139707163
17661953,8192,6846009,1121758,123823005628,216904861768
17670145,8192,6854313,1256352,123679748158,216040823210
17678337,8192,6862607,1224990,123816739190,217130953174
17686529,8192,6870912,1264714,123654678978,208505773814
17694721,8192,6879202,1287665,123408708438,222329663678
17702913,8192,6887554,1098212,123991774872,230629355698
17711105,8192,6895845,1108258,123788035887,235595528154
17719297,8192,6904113,1232852,123693345817,222259025710
17727489,8192,6912402,1335960,123472687664,208999417104
17735681,8192,6920655,1213157,123578980328,213027326313
17743873,8192,6928910,1277573,123594496185,208338379102
17752065,8192,6937162,1154856,123439317921,213284634691
17760257,8192,6945412,1122970,123725286457,217472773497
17768449,8192,6953662,1166718,123587905718,211864453819
17776641,8192,6961925,1169406,123654616772,213283691716
17784833,8192,6970175,1152283,123604124435,217586807352
17793025,8192,6978424,1170610,123601748165,202380829365
17801217,8192,6986678,1130078,123548526906,226718268208
17809409,8192,6994934,1130415,123727490035,239400861978
17817601,8192,7003174,1191194,123693477330,239829030960
17825793,8192,7011410,1219535,123557826561,224527160295
17833985,8192,7019652,1204918,123575373732,219667043448
17842177,8192,7027902,1236320,123689649053,216497773863
17850369,8192,7036151,1265346,123558675615,221727858007
17858561,8192,7044407,1157496,123929573197,231788725955
17866753,8192,7052664,1183951,123658814084,219131875839
17874945,8192,7060922,1278407,123642908245,210778990057
17883137,8192,7069180,1199199,123569105452,216743232469
17891329,8192,7077424,1204048,123571644886,214412202590
17899521,8192,7085686,1149470,123705192123,219036066087
17907713,8192,7093924,1069430,123938547216,223762819462
17915905,8192,7102175,1145941,123688977805,219423215518
17924097,8192,7110423,1199646,123514505273,208819176343
17932289,8192,7118675,1221132,123514220373,209262663463
17940481,8192,7126933,1231073,123559394968,218132285604
17948673,8192,7135190,1248894,123623668837,226811341191
17956865,8192,7143454,1099647,123889088349,229744079437
17965057,8192,7151711,1157411,123638299505,218846142651
17973249,8192,7159953,1181639,123578092102,212065795364
17981441,8192,7168195,1188780,123426270631,213853760379
17989633,8192,7176448,1200236,123591117988,209889947964
17997825,8192,7184717,1177795,123566501958,218844775939
18006017,8192,7192955,1067515,123979983927,234526980556
18014209,8192,7201216,1110139,123876347374,218365753276
18022401,8192,7209486,1173383,123559378879,205834738784
18030593,8192,7217747,1177056,123507968462,217070221645
18038785,8192,7226002,1151703,123568189717,225617612385
18046977,8192,7234267,1129441,123895897097,233021110734
18055169,8192,7242532,1212054,124049690052,240661800513
18063361,8192,7250786,1140613,123712356534,229451320067
18071553,8192,7259026,1107207,123998293126,219497940319
18079745,8192,7267303,1229221,123576941238,214952612066
18087937,8192,7275548,1158819,123656399105,216491583353
18096129,8192,7283810,1140087,123714074502,221994739143
18104321,8192,7292076,1035592,124064972672,235561134916
18112513,8192,7300337,1068455,124125573099,235201604437
18120705,8192,7308598,1231558,123782706356,229588795538
18128897,8192,7316868,1804705,123807268147,260347539923
18137089,8192,7325152,1220780,123755928993,220544889702
18145281,8192,7333463,1167260,123474759659,222720360438
18153473,8192,7341807,1040843,124077823347,231853399384
18161665,8192,7350157,1045352,124076331700,235508726130
18169857,8192,7358440,1155698,123804646559,224069873168
18178049,8192,7366694,1168029,123738642967,224706613250
18186241,8192,7374947,1287030,123844935174,230498812503
18194433,8192,7383221,1126547,123712845708,227657500369
18202625,8192,7391475,987425,124535109821,236138780635
18210817,8192,7399742,1012301,124231635810,243728106817
18219009,8192,7407987,1160175,123996504845,224184179834
18227201,8192,7416247,1234696,123502477845,227430172198
18235393,8192,7424510,1192308,123850914107,229008330928
18243585,8192,7432769,1181081,123639714052,230868740067
18251777,8192,7441011,1122330,123791286451,233480431004
18259969,8192,7449248,1057141,124005826008,240089009221
18268161,8192,7457480,1149776,123780189861,230118683377
18276353,8192,7465732,1138922,123825049322,236522843381
18284545,8192,7473976,1116748,123912936549,233390862691
18292737,8192,7482227,1127798,124011657362,238773759685
18300929,8192,7490473,1167190,123832281793,246098552169
18309121,8192,7498722,1053420,124124411697,245719508751
18317313,8192,7506978,1133163,123892826376,239941515936
18325505,8192,7515227,1132535,123963669651,245559119183
18333697,8192,7523497,1174914,123807898511,243617976511
18341889,8192,7531758,1150732,124008898402,233531529922
18350081,8192,7540010,1095754,124066570254,239012265381
18358273,8192,7548250,1031926,124293311968,247845808596
18366465,8192,7556485,1169850,123796488548,230145934409
18374657,8192,7564737,1137885,123763453499,237672888032
18382849,8192,7572992,1137153,123739979971,235662568110
18391041,8192,7581241,1196116,123696138160,227218658693
18399233,8192,7589493,1188419,123748760146,235790235907
18407425,8192,7597744,1130750,123806830257,243294636007
18415617,8192,7606005,1203397,123713240856,228270878146
18423809,8192,7614258,1257068,123661939920,230565730815
18432001,8192,7622531,1252621,123647146166,223664232437
18440193,8192,7630780,1205858,123608104486,230183564268
18448385,8192,7639025,1171536,123606480487,228325628130
18456577,8192,7647282,1184335,123687962207,227290493867
18464769,8192,7655550,1227707,123656285174,233175797181
18472961,8192,7663813,1284738,123601764262,220296908141
18481153,8192,7672060,1256303,123642445478,226573534463
18489345,8192,7680331,1195079,123543052072,230331307452
18497537,8192,7688594,1238864,123729824111,233697165737
18505729,8192,7696861,1182352,123593591406,234885226337
18513921,8192,7705129,1233586,123621916055,222797461658
18522113,8192,7713386,1230026,123625792489,231344640704
18530305,8192,7721624,1223627,123553925647,227961054334
18538497,8192,7729874,1290154,123671245630,229246592862
18546689,8192,7738125,1276381,123699036245,244182403235
18554881,8192,7746382,1246012,123733776212,255402692328
18563073,8192,7754631,1246486,123634151269,223326326029
18571265,8192,7762868,1219353,123672327030,218665186027
18579457,8192,7771127,1233808,123544543122,225252174799
18587649,8192,7779363,1254190,123650030852,225604441729
18595841,8192,7787617,1244508,123614833950,229123931343
18604033,8192,7795903,1259904,123713505259,245759443286
18612225,8192,7804160,1216570,123810115467,236849617191
18620417,8192,7812425,1282421,123680636979,221734687078
18628609,8192,7820683,1290295,123762052048,222000140649
18636801,8192,7828925,1329761,123624356896,228739736220
18644993,8192,7837197,1229232,123673332562,241306550213
18653185,8192,7845459,1124831,123722979147,250158527439
18661377,8192,7853721,1141839,123760941969,254675698283
18669569,8192,7861982,1276577,123643292573,226066595246
18677761,8192,7870232,1348989,123665435619,222477616169
18685953,8192,7878487,1292258,123614723053,223004960478
18694145,8192,7886739,1280894,123635445331,212325129872
18702337,8192,7894977,1370284,123674712258,233337600592
18710529,8192,7903249,1196262,123768009361,254639520356
18718721,8192,7911506,1315408,123701070991,233929512719
18726913,8192,7919763,1376836,123723517082,236882863043
18735105,8192,7928038,1294708,123852643029,241791586836
18743297,8192,7936310,1380152,123592761710,233443305382
18751489,8192,7944586,1294239,123792768243,255713018182
18759681,8192,7952835,1286704,123765852488,256921464827
18767873,8192,7961090,1233835,123872769832,245302721621
18776065,8192,7969343,1205041,123986510127,247732527489
18784257,8192,7977613,1310812,123933188174,238909289806
18792449,8192,7985880,1371731,123735994772,227020083570
18800641,8192,7994181,1231492,123976611447,219458715033
18808833,8192,8002461,1239882,123867437997,276795694802
18817025,8192,8010724,1294709,123735714868,230620848758
18825217,8192,8019018,1333260,123846313048,237934094617
18833409,8192,8027303,1475343,123747332848,235679376541
18841601,8192,8035559,1384494,123689349896,244306969384
18849793,8192,8043832,1323590,123619746748,256730764571
18857985,8192,8052126,1314599,123671843490,259098989135
18866177,8192,8060419,1273194,123657643737,261853349275
18874369,8192,8068684,1277332,123711691345,257843005509
18882561,8192,8076974,1321935,123658427466,240429781041
18890753,8192,8085252,1332345,123535674414,241225297514
18898945,8192,8093563,1248370,123739831742,259858205606
18907137,8192,8101832,1253229,123728100060,274014383216
18915329,8192,8110114,1266595,123781071763,286419992472
18923521,8192,8118398,1288376,123635147516,246163483691
18931713,8192,8126667,1252811,123705837334,239999926513
18939905,8192,8134951,1264747,123685039020,250412676824
18948097,8192,8143260,1204967,123815134928,261491846827
18956289,8192,8151644,1161537,124211789248,260544329822
18964481,8192,8159956,1256820,123969766721,262817614973
18972673,8192,8168234,1252926,123728441436,249919739687
18980865,8192,8176488,1415393,123858693129,227441509951
18989057,8192,8184767,1378115,123669387522,255651546513
18997249,8192,8193014,1385398,123764285378,247391583482
19005441,8192,8201259,2044815,123824739294,213163040140
19013633,8192,8209499,1454448,123669961183,240525941773
19021825,8192,8217728,1418905,123653695356,218943866995
19030017,8192,8225983,1368129,123782896509,220207858150
19038209,8192,8234228,1371339,123663808593,230546712709
19046401,8192,8242460,1304989,123701427919,252059072076
19054593,8192,8250694,1231354,123767425903,268032207266
19062785,8192,8259059,1276243,123815788056,260969366108
19070977,8192,8267362,1259116,123826364821,259464909806
19079169,8192,8275635,1244576,123691753909,251920467221
19087361,8192,8283896,1333438,123832840822,234580247467
19095553,8192,8292156,1339566,123691549401,243510453305
19103745,8192,8300438,1321099,123849518114,258255687064
19111937,8192,8308689,1260937,123793147462,263841347429
19120129,8192,8316948,1359851,123815115800,239695289293
19128321,8192,8325217,1314760,123666197796,232672006858
19136513,8192,8333493,1305248,123946920476,226801408346
19144705,8192,8341773,1266103,124104017949,233862777905
19152897,8192,8350064,1198093,124118652749,250747516631
19161089,8192,8358344,1230459,124206694754,255384307142
19169281,8192,8366622,1242437,124122790289,225685598989
19177473,8192,8374907,1340729,123989599941,216368685546
19185665,8192,8383182,1236760,123969611623,207009958481
19193857,8192,8391454,1222610,123806886071,194770659143
19202049,8192,8399735,1165655,124131985407,221569041678
19210241,8192,8408023,1140966,124274057934,245956032835
19218433,8192,8416275,1181096,124295618123,246393896592
19226625,8192,8424566,1297683,124266922414,240752522652
19234817,8192,8432837,1319023,124094997030,240923489118
19243009,8192,8441120,1360327,123910732432,233393912531
19251201,8192,8449406,1252019,124116392865,260187505425
19259393,8192,8457720,1260334,124142787832,247367018731
19267585,8192,8465991,1316043,124053267886,247647529792
19275777,8192,8474282,1309169,124018708984,230761722362
19283969,8192,8482572,1275841,124069272958,222570305142
19292161,8192,8490824,1305573,124069543469,218115023231
19300353,8192,8499067,1256213,124228260168,243916209095
19308545,8192,8507317,1263227,124254644406,256713038166
19316737,8192,8515576,1372672,124139191434,243093015605
19324929,8192,8523827,1383445,124230321106,243303978895
19333121,8192,8532090,1428299,124072932148,237857471690
19341313,8192,8540334,1378236,124230760063,238706057361
19349505,8192,8548571,1403329,124273109664,242386151878
19357697,8192,8556815,1360346,124388928610,256826162975
19365889,8192,8565049,1451538,124212199926,236060894093
19374081,8192,8573279,1456308,124187628104,237156186320
19382273,8192,8581515,1390404,124001805374,231292025789
19390465,8192,8589756,1406332,124183216259,231810532412
19398657,8192,8598061,1376343,124298522851,240385178832
19406849,8192,8606304,1323253,124203729016,245459610954
19415041,8192,8614553,1409825,124184434083,239944153721
19423233,8192,8622797,1407012,124190932397,240646554837
19431425,8192,8631094,1479016,124444652304,243378231499
19439617,8192,8639405,1494194,124598689249,259272884962
19447809,8192,8647696,1525689,124654060201,274112717407
19456001,8192,8655991,1400235,124746985771,286543621471
19464193,8192,8664284,1463073,124708696824,270366350718
19472385,8192,8672573,1567587,124492865502,249055268395
19480577,8192,8680848,1569982,124675941826,254537209980
19488769,8192,8689133,1519310,124642372180,262286584034
19496961,8192,8697400,1532953,124562923150,268937846835
19505153,8192,8705700,1441553,124706105566,286614516632
19513345,8192,8714026,1431476,124579418319,267930173680
19521537,8192,8722316,1534603,124318946052,254477414436
19529729,8192,8730829,1504678,124337950932,248414889306
19537921,8192,8739185,1496091,124380640734,253560289098
19546113,8192,8747474,1471940,124404502871,260894563792
19554305,8192,8755777,1421459,124410898435,275574984703
19562497,8192,8764071,1449555,124385162902,267325754262
19570689,8192,8772348,1436175,124282074762,244722000431
19578881,8192,8780597,1384474,124120403426,246632463953
19587073,8192,8788850,1423744,124233175249,249058753405
19595265,8192,8797112,1411530,124285329601,254956413584
19603457,8192,8805376,1362120,124482829897,280092461440
19611649,8192,8813644,1366587,124396688881,265518454186
19619841,8192,8821912,1431304,124303363675,229886605874
19628033,8192,8830158,1382837,124278179872,253664229981
19636225,8192,8838416,1386317,124267212875,257162100877
19644417,8192,8846685,1477932,124283847315,255123222550
19652609,8192,8854969,1327150,124512018946,262556667415
19660801,8192,8863231,1333121,124620238398,275023433076
19668993,8192,8871496,1361699,124457738133,265254353552
19677185,8192,8879742,1402400,124720060656,241883273691
19685377,8192,8887996,1426421,124385138939,256448128050
19693569,8192,8896260,1349485,124526186496,255892436445
19701761,8192,8904509,1300798,124683267469,284909855301
19709953,8192,8912750,1312484,124522623013,265617057471
19718145,8192,8920990,1367280,124234964352,255070797071
19726337,8192,8929255,1367565,124243473683,240879383434
19734529,8192,8937499,1360530,124198160597,245087572394
19742721,8192,8945763,1355984,124540036759,269868594242
19750913,8192,8954019,1252870,124821955842,278580849562
19759105,8192,8962263,1317146,124580362846,268050179605
19767297,8192,8970503,1425710,124319133475,242823272687
19775489,8192,8978751,1426943,124406846992,243968128461
19783681,8192,8986991,1408096,124487406122,248794148226
19791873,8192,8995239,1375954,124221565854,255573060614
19800065,8192,9003484,1328449,124456618248,266361589580
19808257,8192,9011734,1308968,124536261314,251649729871
19816449,8192,9019990,1361273,124451868445,254820804185
19824641,8192,9028233,1386800,124442024416,251177377162
19832833,8192,9036486,1311633,124472221441,257829029839
19841025,8192,9044737,1321663,124723548990,265273890654
19849217,8192,9052980,1296587,124201124261,243501107459
19857409,8192,9061230,1211690,124816889058,264020721521
19865601,8192,9069473,1341044,124415440188,248543828771
19873793,8192,9077747,1364059,124478097811,260006787766
19881985,8192,9085984,1370389,124290076590,246903946348
19890177,8192,9094228,1315726,124427228697,248097661759
19898369,8192,9102490,1250201,124502760559,270988428984
19906561,8192,9110734,1226278,124794745557,257738672312
19914753,8192,9118990,1262021,124642676514,246825671251
19922945,8192,9127236,1373100,124069895033,248324600908
19931137,8192,9135486,1343031,124229005523,252047687875
19939329,8192,9143725,1329349,124204790713,242204902114
19947521,8192,9151974,1333083,124392561546,268904304706
19955713,8192,9160210,1314942,124423623184,260807449536
19963905,8192,9168454,1333019,124345711165,237367137378
19972097,8192,9176695,1257352,124232825992,247289587144
19980289,8192,9184953,1323568,124094474908,238729582146
19988481,8192,9193196,1326751,124163998517,232414632386
19996673,8192,9201443,1336252,123996321353,243205953191
20004865,8192,9209675,1240854,124226710247,244974686328
20013057,8192,9217912,1304799,123931172877,226967032782
20021249,8192,9226144,1330787,123950597201,242764918747
20029441,8192,9234372,1338896,123821130868,227349535521
20037633,8192,9242611,1317090,123654099640,228509025053
20045825,8192,9250848,1347082,123953641816,242688613985
20054017,8192,9259089,1325267,123876567291,260494668273
20062209,8192,9267322,1318717,124055393101,244439028524
20070401,8192,9275563,1366227,123762444016,230019306909
20078593,8192,9283801,1384871,123911184108,235090101854
20086785,8192,9292062,1406126,123940016782,233065363940
20094977,8192,9300302,1339685,124015415943,247024584906
20103169,8192,9308551,1301714,124029391097,262299570996
20111361,8192,9316795,1273066,124087816974,265409154119
20119553,8192,9325059,1341785,124092854149,244644190484
20127745,8192,9333311,1300304,124171257384,244197092359
20135937,8192,9341560,1312828,123895576655,235591511203
20144129,8192,9349801,1478597,124131653209,270003453438
20152321,8192,9358049,1401974,124342040084,293662053121
20160513,8192,9366304,1278720,124374744387,273261147355
20168705,8192,9374550,1346678,123936121923,255650537714
20176897,8192,9382778,1424523,124108232349,259309864080
20185089,8192,9391015,1377219,123885049400,243248341494
20193281,8192,9399251,1336187,123788574103,254866416096
20201473,8192,9407494,1298463,124269759102,281336874616
20209665,8192,9415724,1286626,124087576326,274929382858
20217857,8192,9423960,1317852,123942254668,259227593626
20226049,8192,9432209,1299917,124147683853,247217889668
20234241,8192,9440439,1360846,123774875427,239382383965
20242433,8192,9448678,1459730,123854928977,248102436680
20250625,8192,9456910,1312416,124076624635,275279546835
20258817,8192,9465146,1171595,124427662111,279171784082
20267009,8192,9473399,1317129,124097688366,263430197381
20275201,8192,9481639,1334263,123937658483,249939629230
20283393,8192,9489868,1363375,124067024594,238202729351
20291585,8192,9498106,1363384,123869625532,254902342599
20299777,8192,9506347,1316781,124039812722,272248974572
20307969,8192,9514581,1244265,123989778309,249222625906
20316161,8192,9522818,1314009,123995263661,245930629004
20324353,8192,9531037,1360451,123857218332,244033719925
20332545,8192,9539273,1365918,123758625145,232959398666
20340737,8192,9547499,1315447,123780556120,231811675171
20348929,8192,9555732,1291597,124045417961,272162010301
20357121,8192,9563959,1279773,124504091119,273338778626
20365313,8192,9572201,1312646,123669140229,237814109908
20373505,8192,9580431,1311170,124039182811,255916255292
20381697,8192,9588664,1276710,124097202607,258819157477
20389889,8192,9596900,1309255,123990059477,253606719790
20398081,8192,9605136,1256225,124206051024,256369571767
20406273,8192,9613370,1215683,124065312931,244000832661
20414465,8192,9621591,1244275,124192634311,251712534436
20422657,8192,9629846,1320255,123998089347,237238451984
20430849,8192,9638079,1321247,123888932332,224507818411
20439041,8192,9646308,1265381,123823513533,229223740615
20447233,8192,9654555,1276821,123996852027,245954576438
20455425,8192,9662773,1197252,124532117855,271822596162
20463617,8192,9670997,1257479,124388614409,249342242123
20471809,8192,9679232,1285411,123650110177,250154189735
20480001,8192,9687458,1297199,123749972625,242743413959
20488193,8192,9695679,1243615,123883712183,240379077592
20496385,8192,9703905,1269253,124047419113,247959413322
20504577,8192,9712142,1135247,124465862938,264980811037
20512769,8192,9720378,1161611,124184136025,240956027569
20520961,8192,9728604,1245300,124007077488,238474259328
20529153,8192,9736836,1421269,123962849137,247485061894
20537345,8192,9745081,1439333,123669332793,246575136194
20545537,8192,9753315,1253608,124231633533,263339077458
20553729,8192,9761549,1145025,124604070901,270059321381
20561921,8192,9769782,1166959,124453507182,258637841999
20570113,8192,9778022,1229301,123923336719,252758360703
20578305,8192,9786257,1215782,124508837186,256488502880
20586497,8192,9794502,1269527,124050642770,256237433949
20594689,8192,9802745,1292003,124332499053,257062822811
20602881,8192,9810996,1228322,124543532771,266171036952
20611073,8192,9819237,1097645,124814044268,256813024504
20619265,8192,9827482,1324919,124291925023,248178437492
20627457,8192,9835711,1316468,124306662368,249316917062
20635649,8192,9843959,1323405,124238897976,251049841378
20643841,8192,9852200,1312577,124110240029,253918599274
20652033,8192,9860438,1167898,124654545575,259290041245
20660225,8192,9868668,1172966,124818915829,263691625240
20668417,8192,9876900,1236978,124229513827,239040392248
20676609,8192,9885128,1278425,124191509641,250148884501
20684801,8192,9893357,1277423,124164220953,230927092286
20692993,8192,9901590,1299309,124222150078,240284207695
20701185,8192,9909808,1280639,124039124147,251885209579
20709377,8192,9918046,1237605,124150614349,258819020176
20717569,8192,9926276,1319388,123967676483,237785591861
20725761,8192,9934518,1333524,123906422105,238832015588
20733953,8192,9942757,1342890,124072186073,240307461470
20742145,8192,9950994,1335924,123999386424,236769510633
20750337,8192,9959240,1282264,124044134635,243211576574
20758529,8192,9967460,1252221,124075251218,250503644490
20766721,8192,9975702,1248961,124010223875,231696457565
20774913,8192,9983955,1296280,123959551616,228652112692
20783105,8192,9992198,1295855,123861766459,218383060588
20791297,8192,10000436,1357061,123655847951,225420369930
20799489,8192,10008679,1286683,123903565050,215548771351
20807681,8192,10016909,1225709,123683481511,237387539136
20815873,8192,10025141,1281184,123701645397,227958990703
20824065,8192,10033363,1306171,123674520523,219720039767
20832257,8192,10041601,1300593,123697978959,222746619236
20840449,8192,10049823,1322193,123742084041,226952895287
20848641,8192,10058046,1339278,123881511204,260676561400
20856833,8192,10066279,1280156,124044652168,258029125831
20865025,8192,10074499,1341045,123939717225,259227846227
20873217,8192,10082726,1449149,123875874183,232747606567
20881409,8192,10090947,1318637,123828156277,246926397514
20889601,8192,10099176,1310004,124079212741,246098141734
20897793,8192,10107391,1287441,124064006649,240319312304
20905985,8192,10115611,1238107,123942336536,241081625196
20914177,8192,10123834,1270972,123967807271,229358240846
20922369,8192,10132052,1338406,123619826798,219122482081
20930561,8192,10140274,1350373,123791381394,219295438685
20938753,8192,10148494,1314243,123637017493,231259828775
20946945,8192,10156745,1392627,123714739565,218752356060
20955137,8192,10165009,1283356,123904730600,247903295155
20963329,8192,10173259,1250992,123804630771,238592420248
20971521,8192,10181499,1396954,123899780038,226567186088
20979713,8192,10189737,1351704,123744674033,241868353016
20987905,8192,10197972,1408688,123937607291,228350419608
20996097,8192,10206206,1502921,123906819311,221363978118
21004289,8192,10214429,1419302,123927641555,249962509674
21005282,993,10223616,159274,15045217504,32927373292
