block_number,blocks,slot,txs,gas,time
8193,8192,1,0,0,237915123
16385,8192,1,0,0,248639370
24577,8192,1,0,0,225721756
32769,8192,1,0,0,233039916
40961,8192,1,0,0,229729858
49153,8192,1,1514,33070964,298085284
57345,8192,1,3916,407821091,426297072
65537,8192,1,2676,90041948,355882842
73729,8192,1,5821,197747509,417416763
81921,8192,1,4204,131282630,385704678
90113,8192,1,4589,112269814,384244188
98305,8192,1,3327,84662425,348038194
106497,8192,1,4168,105498119,365417717
114689,8192,1,4247,119199457,368362506
122881,8192,1,6054,163953975,389502842
131073,8192,1,5852,147449076,368484006
139265,8192,1,6678,168428364,386926530
147457,8192,1,7805,190561977,433276175
155649,8192,1,8675,220080834,449254637
163841,8192,1,7255,175016877,420415871
172033,8192,1,10115,242307512,475911116
180225,8192,1,12029,319429322,528983324
188417,8192,1,10493,307941046,502447625
196609,8192,1,8488,226000959,468462356
204801,8192,1,9431,284499928,484053510
212993,8192,1,9432,269025812,482206013
221185,8192,1,9745,253020191,486893340
229377,8192,1,9473,303239797,489480583
237569,8192,1,9752,287334366,498343453
245761,8192,1,9175,237099979,497893386
253953,8192,1,9225,299876210,511505473
262145,8192,1,8500,237942979,482903548
270337,8192,1,11073,360421503,541230821
278529,8192,1,11244,333906121,549305097
286721,8192,1,9944,288230259,513331180
294913,8192,1,9552,272964709,499924472
303105,8192,1,10564,278617464,509577667
311297,8192,1,9852,289668902,513598339
319489,8192,1,10772,285019105,522840276
327681,8192,1,9264,263512681,514780161
335873,8192,1,10710,300329465,551023384
344065,8192,1,10447,340557247,540796894
352257,8192,1,11871,367785281,581315640
360449,8192,1,11031,301110840,567484962
368641,8192,1,10176,272300629,534911544
376833,8192,1,10299,327273585,609700666
385025,8192,1,11650,328391280,571887843
393217,8192,1,10917,668394420,598113945
401409,8192,1,10512,371168499,565099239
409601,8192,1,11329,399996130,581472648
417793,8192,1,9682,299513459,557378041
425985,8192,1,10211,378463309,586073307
434177,8192,1,10123,371765259,597499078
442369,8192,1,10202,298321714,543833564
450561,8192,1,10252,488330843,828217351
458753,8192,1,11670,315763779,598105204
466945,8192,1,12392,405644045,611638643
475137,8192,1,11262,434129872,708180286
483329,8192,1,11885,436485530,810550030
491521,8192,1,11396,324292141,665938174
499713,8192,1,11390,316107054,569412580
507905,8192,1,19834,986537643,923991219
516097,8192,1,14518,537099270,675011412
524289,8192,1,14364,563247320,777722874
532481,8192,1,15028,641704064,820003947
540673,8192,1,11625,533545978,768825944
548865,8192,1,12334,352563908,595986488
557057,8192,1,11579,286224762,560830799
565249,8192,1,12543,387072166,625115901
573441,8192,1,11762,377902837,638662768
581633,8192,1,11889,329240266,590271078
589825,8192,1,12402,356748509,613002534
598017,8192,1,11554,361660592,591290760
606209,8192,1,11466,286807225,582763970
614401,8192,1,11355,383668685,812354748
622593,8192,1,12943,487254257,629036044
630785,8192,1,10960,369935232,561889531
638977,8192,1,10609,304527314,551183974
647169,8192,1,11891,400916707,592208944
655361,8192,1,13364,422684376,605315896
663553,8192,1,11233,291970815,571608555
671745,8192,1,11307,306322589,574728404
679937,8192,1,13718,480255087,732918607
688129,8192,1,12101,533373764,722545930
696321,8192,1,24697,2437912230,2367923285
704513,8192,1,24278,1882935448,1718206091
712705,8192,1,15914,1053536841,1232692161
720897,8192,1,14854,884970772,1091667940
729089,8192,1,18033,1103406409,1238178104
737281,8192,1,39634,2413080461,2400353115
745473,8192,1,20252,1205744179,1426484593
753665,8192,1,16649,914386676,1283383237
761857,8192,1,29450,1702093462,1924572829
770049,8192,1,19926,1149090055,1533739035
778241,8192,1,27585,1546147829,1817070389
786433,8192,1,13804,512905120,936690183
794625,8192,1,14238,555275432,995967110
802817,8192,1,20936,1074374824,1432027147
811009,8192,1,33100,2274628469,2292573837
819201,8192,1,21058,1074857191,1412029252
827393,8192,1,17945,1068696871,1335773510
835585,8192,1,16965,691346951,1116287463
843777,8192,1,24779,1318609001,1566952619
851969,8192,1,17337,797507253,1161574964
860161,8192,1,16221,653054698,843490107
868353,8192,1,17414,667767224,841313641
876545,8192,1,20874,997212648,983392516
884737,8192,1,18556,602924448,844840058
892929,8192,1,20188,746509191,935504251
901121,8192,1,20728,705763650,900263471
909313,8192,1,28858,1212230895,1203300541
917505,8192,1,29450,1450050635,1423133687
925697,8192,1,25856,1070129090,1259447560
933889,8192,1,23756,919949479,1079494852
942081,8192,1,24390,780757258,970245855
950273,8192,1,22318,724737535,933715253
958465,8192,1,23856,823943680,991348443
966657,8192,1,39968,1787855655,1613446163
974849,8192,1,24875,783309904,1008541435
983041,8192,1,25559,758151178,996902294
991233,8192,1,32769,996332438,1122309541
999425,8192,1,29253,955506690,1114314046
1007617,8192,1,28779,874607232,1033195567
1015809,8192,1,28640,944195150,1090731856
1024001,8192,1,30592,1077029621,1190437309
1032193,8192,1,30567,1025667741,1101381474
1040385,8192,1,26761,784549571,1033806143
1048577,8192,1,28815,1876343804,1163787539
1056769,8192,1,31628,1248873846,1094927228
1064961,8192,1,32758,1302389229,1226628113
1073153,8192,1,30961,857488355,1042682422
1081345,8192,1,33502,949562723,1144606841
1089537,8192,1,37121,995463452,1183084808
1097729,8192,1,40115,1081576458,1228590530
1105921,8192,1,42800,1253697553,1298547523
1114113,8192,1,41667,1235498720,1283187288
1122305,8192,1,38878,1141426898,1215766347
1130497,8192,1,41538,1202802604,1204428083
1138689,8192,1,39904,1101644111,1163089914
1146881,8192,1,44221,1340457745,1271549708
1155073,8192,1,43528,1383496645,1278622198
1163265,8192,1,38152,1246718060,1152850344
1171457,8192,1,44944,1374923499,1319820320
1179649,8192,1,46242,1574630437,1372248892
1187841,8192,1,44523,1522997076,1324168499
1196033,8192,1,43594,1529570548,1457918950
1204225,8192,1,41259,1452683779,1308061789
1212417,8192,1,52923,2302777232,1903946199
1220609,8192,1,46705,1563686082,1442053788
1228801,8192,1,46123,1514235577,1566528992
1236993,8192,1,43046,1458453689,1487289411
1245185,8192,1,49499,1658881432,1527296840
1253377,8192,1,46254,1516126264,1304921571
1261569,8192,1,42318,1328121509,1424678716
1269761,8192,1,40021,1078268036,1184166662
1277953,8192,1,46365,1435004546,1463834181
1286145,8192,1,50841,1591258579,1568525539
1294337,8192,1,41499,1271776158,1315202061
1302529,8192,1,47633,1512367159,1583083560
1310721,8192,1,42641,1164414830,1287683998
1318913,8192,1,42610,1137106273,1256236772
1327105,8192,1,45560,1357858661,1400430811
1335297,8192,1,50369,1781939706,1407565143
1343489,8192,1,45221,1209479371,1287030242
1351681,8192,1,44015,1206824098,1306668209
1359873,8192,1,54888,1591716049,1270230546
1368065,8192,1,43396,1184809863,1329337114
1376257,8192,1,48876,1593180641,1490962236
1384449,8192,1,45143,1439543743,1263492362
1392641,8192,1,41341,1118372583,1327433757
1400833,8192,1,45540,1329131424,1368046941
1409025,8192,1,49104,1485363761,1465022531
1417217,8192,1,44023,1225869865,1226545165
1425409,8192,1,49886,1450651632,1459407110
1433601,8192,1,56669,1681771886,1546685239
1441793,8192,1,54635,1947185643,1534878357
1449985,8192,1,56685,1624594158,1465964876
1458177,8192,1,50196,1613347851,1499335019
1466369,8192,1,54893,2240127730,2057527635
1474561,8192,1,52100,1483885342,1451386365
1482753,8192,1,51280,1586965488,1579892531
1490945,8192,1,56855,1674576856,1462809957
1499137,8192,1,52382,1728224502,1482898551
1507329,8192,1,60036,2138598848,1819048466
1515521,8192,1,69268,2441975068,1935895281
1523713,8192,1,56514,1832134302,1775103504
1531905,8192,1,51124,1731842384,1632527774
1540097,8192,1,58754,1911501394,1705692086
1548289,8192,1,61429,1987968261,1660382475
1556481,8192,1,60630,2360467143,1732099756
1564673,8192,1,56981,1819841802,1533940484
1572865,8192,1,56494,1777140576,1557513084
1581057,8192,1,59042,1735378915,1503678609
1589249,8192,1,68973,2172337508,1787978037
1597441,8192,1,64306,2192773982,1763020486
1605633,8192,1,86669,3493104245,2350380895
1613825,8192,1,62112,2154462632,1723498455
1622017,8192,1,60118,1914186297,1589835043
1630209,8192,1,53413,1741132990,1515253672
1638401,8192,1,56756,1633896769,1455473607
1646593,8192,1,50346,1452533160,1438015836
1654785,8192,1,50828,1521883376,1406672368
1662977,8192,1,60376,3061122313,2243526890
1671169,8192,1,55258,1843787387,1595144318
1679361,8192,1,55775,1793288354,1554348385
1687553,8192,1,52281,1793521528,1506632049
1695745,8192,1,55227,1857680146,1550615620
1703937,8192,1,64652,2265573762,1863753642
1712129,8192,1,63355,2060421766,1741489903
1720321,8192,1,65682,5800241515,7723333804
1728513,8192,1,95610,16739007815,41196294565
1736705,8192,1,67917,4743426756,8395880073
1744897,8192,1,62602,3296268924,3922386899
1753089,8192,1,68336,3841591968,3012607813
1761281,8192,1,58130,2076897006,1960924802
1769473,8192,1,57022,2221809906,1634554189
1777665,8192,1,52898,1689289635,1637546730
1785857,8192,1,53856,1708894430,1804681193
1794049,8192,1,56044,1992483551,2155691548
1802241,8192,1,90325,5767597538,2825302106
1810433,8192,1,52758,2499380206,4476664462
1818625,8192,1,55194,1772826158,1869278804
1826817,8192,1,53703,1704827192,1554156556
1835009,8192,1,49822,1916513753,2045980244
1843201,8192,1,53374,1676538934,1566104625
1851393,8192,1,60123,2381439875,3159413005
1859585,8192,1,56426,2865260110,4628242092
1867777,8192,1,50632,1670163364,1873378716
1875969,8192,1,53453,1904646721,2014742836
1884161,8192,1,54655,1840362954,1670874673
1892353,8192,1,54265,1824465369,1542688475
1900545,8192,1,51280,1414646366,1406810567
1908737,8192,1,47043,1388770142,1381118683
1916929,8192,1,63160,1874850406,1592311317
1925121,8192,1,62773,4171399935,7676250494
1933313,8192,1,65738,2266620454,2041098207
1941505,8192,1,62037,2034143904,1717113848
1949697,8192,1,79321,2248553641,1822132715
1957889,8192,1,74738,2527380908,2229347707
1966081,8192,1,75137,2369261794,1852762436
1974273,8192,1,66582,2970283633,2217896245
1982465,8192,1,60335,2173102476,2207395556
1990657,8192,1,63657,1764764048,1572969359
1998849,8192,1,66671,2054100679,1723301576
2007041,8192,1,68240,2035711402,1744356034
2015233,8192,1,60275,1885646786,1596844846
2023425,8192,1,59731,1718762000,1526567764
2031617,8192,1,56298,1666187619,1476619213
2039809,8192,1,56416,2985329528,2192530277
2048001,8192,1,67806,2074138922,1627567518
2056193,8192,1,63577,1903780373,1594807470
2064385,8192,1,55865,1657169845,1518435889
2072577,8192,1,58480,1557471379,1394569341
2080769,8192,1,55331,1599645346,1462957126
2088961,8192,1,64228,1850037001,1625075314
2097153,8192,1,66060,2188998555,1775842959
2105345,8192,1,54235,1660505770,1488243595
2113537,8192,1,56694,1742357705,1454913961
2121729,8192,1,61614,1816239031,1538920170
2129921,8192,1,63451,3861822325,2434430803
2138113,8192,1,69603,2043909844,1681519920
2146305,8192,1,61611,1914481982,1531310362
2154497,8192,1,62524,1658273809,1423181107
2162689,8192,1,61974,1798911967,1547156604
2170881,8192,1,62834,1920681017,1638933391
2179073,8192,1,61629,1818058493,1554718333
2187265,8192,1,76278,2727312503,1997009966
2195457,8192,1,59767,1675377812,1496433380
2203649,8192,1,65371,2614658821,1804053669
2211841,8192,1,62364,2039781213,1534437660
2220033,8192,1,60969,1981999587,1607381263
2228225,8192,1,85854,2814470323,1908492457
2236417,8192,1,55933,1813330669,1432297625
2244609,8192,1,57588,1730634676,1436706465
2252801,8192,1,63320,2021513820,1631960149
2260993,8192,1,65183,2112882377,1760110096
2269185,8192,1,74523,2354744595,1755691337
2277377,8192,1,72172,2714744039,1834308973
2285569,8192,1,50199,1706002470,2669421554
2293761,8192,1,61842,1801256949,6075597314
2301953,8192,1,68639,2034760072,1795548835
2310145,8192,1,66952,2916329686,15573667814
2318337,8192,1,48275,1914011719,11818726197
2326529,8192,1,56968,3010508461,23321832729
2334721,8192,1,60252,3532946594,44579344040
2342913,8192,1,59242,2893073539,21142896200
2351105,8192,1,56520,2437337126,4230423406
2359297,8192,1,53930,2539978338,9152190002
2367489,8192,1,72486,5437092390,37490630143
2375681,8192,1,64351,3955814780,34739505838
2383873,8192,1,72150,4175006287,26235476311
2392065,8192,1,52311,3587030185,49662932622
2400257,8192,1,60755,3380343872,108149923561
2408449,8192,1,54394,3489623288,88802202053
2416641,8192,1,59749,3571481590,53958593289
2424833,8192,1,52901,2140315677,71066240247
2433025,8192,1,41983,2064705182,90348811395
2441217,8192,1,52489,1940457621,35621897970
2449409,8192,1,47032,1416811786,15851108115
2457601,8192,1,50121,1416935937,21417381109
2465793,8192,1,63997,2059194432,18039199714
2473985,8192,1,52613,5415624522,49255493778
2482177,8192,1,77644,2200694454,3285531043
2490369,8192,1,47944,1381582456,1517332963
2498561,8192,1,58110,1704965277,1657278242
2506753,8192,1,68097,2292291281,1945401334
2514945,8192,1,59292,1798672209,1768773037
2523137,8192,1,59793,1784849739,1734545681
2531329,8192,1,57693,1656383700,1668430266
2539521,8192,1,55694,1627913854,1538006500
2547713,8192,1,63237,1907051300,1762918837
2555905,8192,1,61395,1723186230,1720910395
2564097,8192,1,57303,1576168754,1723571478
2572289,8192,1,44899,1243188531,1362699074
2580481,8192,1,50737,1381762673,1452163800
2588673,8192,1,53997,1523970827,1616708131
2596865,8192,1,56755,1868225974,1853772762
2605057,8192,1,54579,1853422028,1646110749
2613249,8192,1,57937,1749156374,1680420383
2621441,8192,1,54830,1654717503,1682788647
2629633,8192,1,59687,1932781220,1719003488
2637825,8192,1,58098,1831832946,1706414715
2646017,8192,1,57577,1732304988,1657207243
2654209,8192,1,56517,1691425491,1472563390
2662401,8192,1,54908,1580644481,1595481046
2670593,8192,1,56589,1781259427,1542773028
2678785,8192,1,85495,2598196853,13655916776
2686977,8192,1,59696,3974729576,69047043400
2695169,8192,1,72462,4113740875,42258576445
2703361,8192,1,55726,4743499117,65224951931
2711553,8192,1,65254,6348291025,86175682775
2719745,8192,1,64427,5199613546,50057325293
2727937,8192,1,50844,1684630038,2150492876
2736129,8192,1,54697,1652133461,1509495997
2744321,8192,1,53051,1748152517,1480224177
2752513,8192,1,55339,1979520745,1623759052
2760705,8192,1,64847,2063457441,1705043535
2768897,8192,1,55277,1804237075,1605504678
2777089,8192,1,56023,1776551857,1594979379
2785281,8192,1,52991,1726269370,1579131499
2793473,8192,1,52624,2213276915,1520213332
2801665,8192,1,55238,1810591298,1663068113
2809857,8192,1,63980,2356415998,1889138370
2818049,8192,1,65743,2448549979,1931484279
2826241,8192,1,54971,1881197690,1606276263
2834433,8192,1,49662,1953789890,1667116555
2842625,8192,1,58392,2038106026,1658355404
2850817,8192,1,64185,2225753659,1760077796
2859009,8192,1,76490,2486660557,2060656833
2867201,8192,1,55683,1760491642,1567742067
2875393,8192,1,50675,1452936266,1377269314
2883585,8192,1,50157,1522394202,1432188227
2891777,8192,1,58225,1860099069,1587090464
2899969,8192,1,60144,2083730262,1648918111
2908161,8192,1,60988,2086757942,1641601379
2916353,8192,1,54302,1714680114,1452687477
2924545,8192,1,50695,1584719153,1537431995
2932737,8192,1,63026,2305221488,1921461988
2940929,8192,1,67480,2204851332,1851812426
2949121,8192,1,61833,1971573134,1738361805
2957313,8192,1,58505,1930260127,1681067599
2965505,8192,1,59699,1937673518,1685164631
2973697,8192,1,63091,2244391292,1804858389
2981889,8192,1,64874,2137001608,1656216740
2990081,8192,1,70738,2397486878,1778201132
2998273,8192,1,58903,1853897373,1556624953
3006465,8192,1,54373,1766782589,1539619739
3014657,8192,1,65027,2294148724,1728722852
3022849,8192,1,60922,2027141448,1703505125
3031041,8192,1,58548,1960456703,1712581492
3039233,8192,1,61315,2005539036,1709644453
3047425,8192,1,62091,2149768492,1816511808
3055617,8192,1,67927,2452616440,1894061377
3063809,8192,1,62018,2292070946,1916015786
3072001,8192,1,63286,2183742248,1910461723
3080193,8192,1,65669,2218082794,1781209042
3088385,8192,1,54874,1846213528,1648195564
3096577,8192,1,63311,2098245747,1783079408
3104769,8192,1,59762,2124435421,1726340528
3112961,8192,1,58897,2178531771,1863371207
3121153,8192,1,58468,1974991763,1720618308
3129345,8192,1,63556,2065813146,1765885086
3137537,8192,1,64128,2220717880,1828038689
3145729,8192,1,70462,2665896127,1987321497
3153921,8192,1,64806,2336669302,1938162603
3162113,8192,1,70074,2730719806,2201207638
3170305,8192,1,60420,2178878613,1861880477
3178497,8192,1,73252,3110141726,2144048220
3186689,8192,1,79081,2976280771,2132299701
3194881,8192,1,71074,2804402262,2042981104
3203073,8192,1,64978,2351345544,1900740891
3211265,8192,1,68556,2464803794,1907262445
3219457,8192,1,66845,2286314550,1845326232
3227649,8192,1,75763,3113040792,2082465323
3235841,8192,1,69688,2984250772,2100780337
3244033,8192,1,68668,2289170959,1844394067
3252225,8192,1,71170,2634879929,2071674707
3260417,8192,1,70604,2482121481,1993886371
3268609,8192,1,79874,2821352557,2194115526
3276801,8192,1,82615,2938903296,2225927679
3284993,8192,1,93464,3013882836,2418109058
3293185,8192,1,81232,2628326517,2242203196
3301377,8192,1,77780,2508423110,1951969179
3309569,8192,1,85412,2762075045,2181491373
3317761,8192,1,74949,2364616867,1886809996
3325953,8192,1,89542,3008034239,2399620796
3334145,8192,1,89382,3038054714,2240749606
3342337,8192,1,91012,2910544703,2336393910
3350529,8192,1,112957,4683356145,3081697352
3358721,8192,1,108487,3824938321,2874824383
3366913,8192,1,150248,4856683444,3291836831
3375105,8192,1,129410,4029391606,3018135849
3383297,8192,1,118959,3597176359,2713324261
3391489,8192,1,113031,3618928236,2671885357
3399681,8192,1,109702,3595863612,2611700829
3407873,8192,1,112341,3708098910,2589620482
3416065,8192,1,121089,3775021048,2687223131
3424257,8192,1,111288,3513747685,2646597779
3432449,8192,1,126552,4519125602,3080054004
3440641,8192,1,116739,3847970531,2987705018
3448833,8192,1,137505,4650151490,3194077951
3457025,8192,1,132372,4354448594,3152386178
3465217,8192,1,116438,3872751305,2902165355
3473409,8192,1,138958,4605215288,3530999798
3481601,8192,1,115237,3904507999,2968597259
3489793,8192,1,129313,4405146988,3161729074
3497985,8192,1,121326,4141663795,3013320142
3506177,8192,1,101941,3457895017,2699109049
3514369,8192,1,104473,3801545119,2859751657
3522561,8192,1,110663,3893580475,2891855366
3530753,8192,1,118136,4358681727,3038550289
3538945,8192,1,116538,3957151738,3177547175
3547137,8192,1,97599,3525061715,2777144133
3555329,8192,1,105494,3951999139,3285563203
3563521,8192,1,113777,4538716060,3539254882
3571713,8192,1,122232,4932027111,3670359531
3579905,8192,1,113517,5371454955,3229842236
3588097,8192,1,103751,3918968307,3205967059
3596289,8192,1,112257,4332652445,3239316901
3604481,8192,1,136619,5289710359,3670691568
3612673,8192,1,143158,5255428268,3692530280
3620865,8192,1,145745,4868936849,3547444155
3629057,8192,1,136562,4879877560,3598778743
3637249,8192,1,160424,6406024036,4171484271
3645441,8192,1,150436,5782052966,3955159705
3653633,8192,1,167559,5819732935,4149545262
3661825,8192,1,142125,5329409688,3681025108
3670017,8192,1,152266,6300591479,4012760140
3678209,8192,1,169497,6571385749,4191550294
3686401,8192,1,156250,7347905323,4333970035
3694593,8192,1,167344,7335647042,4450456716
3702785,8192,1,147702,7536226635,4578828314
3710977,8192,1,168287,8194709920,4799356870
3719169,8192,1,176741,9883600890,5699093413
3727361,8192,1,214081,11450730102,6170000470
3735553,8192,1,229327,12196031413,6860048022
3743745,8192,1,201943,10613685663,5907221055
3751937,8192,1,260406,12599459208,7134997426
3760129,8192,1,278528,15779303797,7801463749
3768321,8192,1,279013,16350363987,7979254799
3776513,8192,1,244538,13523383202,6860330860
3784705,8192,1,224822,12717337930,6756015517
3792897,8192,1,248995,13592095818,7259041764
3801089,8192,1,314302,19832169118,8364530133
3809281,8192,1,313676,17980594470,12176768301
3817473,8192,1,280618,16692684984,9462036869
3825665,8192,1,296114,15953100496,8890362944
3833857,8192,1,317754,17492872153,9783093924
3842049,8192,1,305857,17151665586,9539061380
3850241,8192,1,325308,16138916714,9881385600
3858433,8192,1,365858,18515263356,10497320291
3866625,8192,1,450999,21732698279,12511444133
3874817,8192,1,403872,18428150155,11442130584
3883009,8192,1,399350,18507971011,11592239535
3891201,8192,1,366142,17616667683,10922879449
3899393,8192,1,401398,20055154217,12386503371
3907585,8192,1,467519,26635229072,12994152079
3915777,8192,1,448080,27509986564,12894108616
3923969,8192,1,445137,22206823281,12586361089
3932161,8192,1,393944,20192356202,12007632402
3940353,8192,1,474437,21147977183,13778357955
3948545,8192,1,452736,24838577163,15440073877
3956737,8192,1,409197,21844246829,13831889427
3964929,8192,1,391200,20881198158,13932352378
3973121,8192,1,480657,24984090402,16279764102
3981313,8192,1,439836,24432971850,15787484082
3989505,8192,1,456105,22202913020,15294622896
3997697,8192,1,401541,19785653790,13536898682
4005889,8192,1,468451,21489133966,15064428266
4014081,8192,1,521089,25614275148,17734112797
4022273,8192,1,465732,25576854950,15914092943
4030465,8192,1,422645,19071909199,14554199839
4038657,8192,1,452765,21588202182,15097175941
4046849,8192,1,494336,24205815057,16040540774
4055041,8192,1,427170,19727949695,13874213537
4063233,8192,1,409232,17944225576,13267676521
4071425,8192,1,455169,22752023483,15547866397
4079617,8192,1,411552,20393151746,13549533207
4087809,8192,1,402826,19516574262,13649216982
4096001,8192,1,350511,18308327314,11895078014
4104193,8192,1,441704,23280158452,15019131858
4112385,8192,1,474401,24577424757,16980352692
4120577,8192,1,512389,25868228053,17660355153
4128769,8192,1,539622,25478534061,18334209307
4136961,8192,1,612130,30525492507,20277052529
4145153,8192,1,669828,31316179679,21684993733
4153345,8192,1,667176,32781900955,21669977555
4161537,8192,1,802050,39631270870,26070520305
4169729,8192,1,832182,45690595844,30093231546
4177921,8192,1,822935,40787417397,26177563169
4186113,8192,1,677937,33931766754,23207788010
4194305,8192,1,736129,33608364656,23324708881
4202497,8192,1,733583,31613370181,22797251612
4210689,8192,1,736596,33326421250,23783419952
4218881,8192,1,885279,42684031553,27821777460
4227073,8192,1,909505,44089434039,29071012824
4235265,8192,1,772574,36378544905,25714426260
4243457,8192,1,1021928,44970958961,31293950434
4251649,8192,1,1081239,50184234692,33946011891
4259841,8192,1,880278,41550585016,29975392419
4268033,8192,1,864414,41053728142,29960274043
4276225,8192,1,867715,42375737918,32109525901
4284417,8192,1,857098,44405284841,30577527971
4292609,8192,1,764839,40439697663,30596444178
4300801,8192,1,736339,41523378146,30108803972
4308993,8192,1,739102,40787147868,29908748313
4317185,8192,1,882460,46629010975,32815667286
4325377,8192,1,928715,45913689045,34272942007
4333569,8192,1,855500,44372358254,33119392883
4341761,8192,1,890587,45969894286,33987389822
4349953,8192,1,861954,44868560756,34252805922
4358145,8192,1,961145,45839288391,34568111489
4366337,8192,1,1022776,47707018313,37101674878
4374529,8192,1,788928,41640159530,30562349372
4382721,8192,1,680611,30304975089,23938859641
4390913,8192,1,633676,29394442349,24525148196
4399105,8192,1,691855,34599365091,23923822837
4407297,8192,1,587597,22219394536,18847725045
4415489,8192,1,602801,27141844419,20761689862
4423681,8192,1,637247,33563116251,24967172532
4431873,8192,1,602169,34452528559,25385416238
4440065,8192,1,644187,35202407283,26238452195
4448257,8192,1,635205,32303616551,25109900778
4456449,8192,1,658167,33516933106,26277014560
4464641,8192,1,714607,37151598010,29133235432
4472833,8192,1,687810,38954422870,30582285275
4481025,8192,1,691342,38855588548,30723006968
4489217,8192,1,597092,33111071840,27316330638
4497409,8192,1,530372,24797114990,21459633700
4505601,8192,1,664534,27768018498,23654854574
4513793,8192,1,607716,29462506589,24972052218
4521985,8192,1,636968,33818088203,27850763356
4530177,8192,1,576620,30857764315,24728819897
4538369,8192,1,555644,29902311532,25012238297
4546561,8192,1,576193,31728985315,26009245797
4554753,8192,1,614333,33933012035,28012732954
4562945,8192,1,694290,35077866299,28521434947
4571137,8192,1,685773,35235556368,29109143986
4579329,8192,1,595343,32512470264,27212178520
4587521,8192,1,616676,31432826950,27408586436
4595713,8192,1,732388,35462326767,30886518517
4603905,8192,1,701686,34053236118,29157194931
4612097,8192,1,696025,34813469923,29253813131
4620289,8192,1,756842,36575998133,31137371695
4628481,8192,1,695958,35807344495,29451237470
4636673,8192,1,839988,41325848673,35767487981
4644865,8192,1,859818,39561689628,34895476138
4653057,8192,1,878341,39038765676,35777690042
4661249,8192,1,838018,41732008967,37374465616
4669441,8192,1,868393,42367951309,39932754565
4677633,8192,1,1024408,50365921601,46898888284
4685825,8192,1,1106629,50823271509,47247014318
4694017,8192,1,983321,52251191383,44139448664
4702209,8192,1,1065994,53288175748,52154082124
4710401,8192,1,1004230,57029863421,54973603389
4718593,8192,1,1175867,60067148142,58766059249
4726785,8192,1,1283732,60320736424,57736290987
4734977,8192,1,1366216,63069754925,58913133031
4743169,8192,1,1249121,59108334014,53641893395
4751361,8192,1,1252125,59908605848,55548531386
4759553,8192,1,1451207,62045900188,57237644181
4767745,8192,1,1519992,62098558192,55762871393
4775937,8192,1,1585445,62497723845,54078605196
4784129,8192,1,1400070,58743219915,53611232699
4792321,8192,1,1052134,54186765245,44064985375
4800513,8192,1,1019534,49928583194,42862730931
4808705,8192,1,1261780,57510375260,50659717274
4816897,8192,1,1331357,57590718396,53707517834
4825089,8192,1,1639294,60808222944,56345376259
4833281,8192,1,1324521,56290819569,51361754130
4841473,8192,1,1365671,56727562845,52835551311
4849665,8192,1,1800565,61983009179,60770250615
4857857,8192,1,2002216,61977955389,57982784258
4866049,8192,1,1885881,62151807862,60401255392
4874241,8192,1,1724229,62804522499,59808642636
4882433,8192,1,1914229,62387106534,61090405078
4890625,8192,1,1784457,61980258440,57013464599
4898817,8192,1,1710320,62316592526,59705249441
4907009,8192,1,1726464,62391325627,57958432316
4915201,8192,1,1730007,63380891308,60690145449
4923393,8192,1,1858619,62279744506,60615356134
4931585,8192,1,1849680,62183892835,62074929166
4939777,8192,1,1496671,58403848500,56549929109
4947969,8192,1,1393070,58633948844,57581179710
4956161,8192,1,1327346,58788810672,55775345040
4964353,8192,1,1272246,58123924020,55685105682
4972545,8192,1,1159603,54810326446,53290768069
4980737,8192,1,1260970,53358611450,53900199449
4988929,8192,1,1176073,52672662572,50978701430
4997121,8192,1,1259241,55165172481,52473264767
5005313,8192,1,1262433,56373025517,52091572256
5013505,8192,1,1356029,59546446599,57835250765
5021697,8192,1,1305842,56689784355,55500283703
5029889,8192,1,1125879,53898877430,48502371387
5038081,8192,1,1161636,54269350642,49528048219
5046273,8192,1,1191117,54055514122,51845433976
5054465,8192,1,1056526,53286687769,49546319200
5062657,8192,1,1038563,52346336284,47976958845
5070849,8192,1,1111255,53626275181,47742513215
5079041,8192,1,1139166,53752148996,50292297546
5087233,8192,1,1010849,50228857996,45490638740
5095425,8192,1,1086570,52677277867,49767783087
5103617,8192,1,981145,52265804278,47399342306
5111809,8192,1,1077049,53626533614,48673461905
5120001,8192,1,1057547,54195882329,48291807746
5128193,8192,1,1208494,58216835003,54515053871
5136385,8192,1,1184261,56746767112,51408133585
5144577,8192,1,999424,52506836442,49361302380
5152769,8192,1,1017445,53578401482,49944917996
5160961,8192,1,1019623,52810336386,51198289543
5169153,8192,1,938849,52166193773,49428979808
5177345,8192,1,1005061,53979644014,52731330456
5185537,8192,1,1006297,54409598707,54663868727
5193729,8192,1,910773,52367016050,50815801376
5201921,8192,1,1019609,54958972298,51238305512
5210113,8192,1,963205,51431731336,51553535934
5218305,8192,1,1080296,53432274393,55300615032
5226497,8192,1,913035,51814775021,51759227969
5234689,8192,1,811533,49710271751,48165996044
5242881,8192,1,914018,50659269828,49109511821
5251073,8192,1,951734,49660522293,48862396065
5259265,8192,1,966328,49937461860,51691066709
5267457,8192,1,876120,48233799143,47914186200
5275649,8192,1,839560,45505587169,45312992876
5283841,8192,1,976074,50468458835,49403125471
5292033,8192,1,924974,47925789741,48818552491
5300225,8192,1,942144,49680604502,47753797901
5308417,8192,1,886412,46355902185,47668885009
5316609,8192,1,828036,44837407164,46413375039
5324801,8192,1,738251,42486626567,42767754476
5332993,8192,1,878562,44377402985,44642721518
5341185,8192,1,759784,39515895518,40779881133
5349377,8192,1,876958,45441991668,46971998390
5357569,8192,1,803479,46113372017,47121806015
5365761,8192,1,729028,45065663138,43509308400
5373953,8192,1,885713,47737923460,48227993643
5382145,8192,1,836995,51351355496,49972644670
5390337,8192,1,965931,52965281717,52027488765
5398529,8192,1,782926,50890084027,46253550577
5406721,8192,1,761190,48956703913,48354650861
5414913,8192,1,827064,48472063015,48186654458
5423105,8192,1,825418,49256575775,54042150585
5431297,8192,1,919267,52230978175,57400165352
5439489,8192,1,974226,55143258533,57495590204
5447681,8192,1,833508,50689771206,53347827444
5455873,8192,1,947860,56707817121,56023281227
5464065,8192,1,1033971,58652807039,59392037424
5472257,8192,1,1115589,59342364238,61175618852
5480449,8192,1,1153123,59083287853,61310952295
5488641,8192,1,1009152,56069946259,58886381699
5496833,8192,1,1156155,57601281303,63440516487
5505025,8192,1,1147957,57531469967,63333898668
5513217,8192,1,1088977,55330482420,58021679490
5521409,8192,1,1128476,54292326455,57984294703
5529601,8192,1,1047151,55026971310,61504090828
5537793,8192,1,1126959,57980108462,63391190689
5545985,8192,1,1076343,59166013084,63233628988
5554177,8192,1,1192396,59545348454,64823166750
5562369,8192,1,1376951,58519081749,70462209156
5570561,8192,1,976721,58050473193,59472467667
5578753,8192,1,1166387,57731284389,61022945724
5586945,8192,1,1161915,58406567436,63404800964
5595137,8192,1,1234914,60771886651,65572092523
5603329,8192,1,1124232,59755746193,62530514576
5611521,8192,1,1095478,60122260578,60790779609
5619713,8192,1,1158885,60368944644,65635684984
5627905,8192,1,1153817,60775416598,63402339805
5636097,8192,1,1226306,60413544072,63441582558
5644289,8192,1,1196097,59963033833,61204847843
5652481,8192,1,1148057,60165793954,63672124469
5660673,8192,1,1177054,60696972227,63066432929
5668865,8192,1,1235498,60047450465,64658892424
5677057,8192,1,1147362,60485425643,65530187575
5685249,8192,1,1108227,59774988632,62574442162
5693441,8192,1,1201882,61008511303,64667558743
5701633,8192,1,1183811,61676882288,69132964873
5709825,8192,1,1214637,61791485704,70699268130
5718017,8192,1,1086473,61499185628,69955578323
5726209,8192,1,1201901,61132528463,66454236377
5734401,8192,1,1114912,61252818451,65269809292
5742593,8192,1,1163973,60135524474,64105225977
5750785,8192,1,1084060,59600947136,63567232628
5758977,8192,1,1078372,59809101820,62513697855
5767169,8192,1,1114845,59325753351,64321948057
5775361,8192,1,1126138,59862973911,62184983130
5783553,8192,1,1136977,59212357830,60914896916
5791745,8192,1,1046515,52187366379,55103324545
5799937,8192,1,1040418,55190787848,57604067647
5808129,8192,1,853023,55324595267,53312311013
5816321,8192,1,1028624,57063660639,58593736241
5824513,8192,1,1117046,59270194084,63461903465
5832705,8192,1,1061157,58960211718,62384725802
5840897,8192,1,1055327,56548008958,60478805429
5849089,8192,1,878652,50539203884,54631805963
5857281,8192,1,1173486,57632243725,66798700296
5865473,8192,1,1081039,57617358569,61732195229
5873665,8192,1,1057229,56743055206,62864276620
5881857,8192,1,951758,58511385611,58596381513
5890049,8192,1,835183,61795713273,48506869679
5898241,8192,1,739929,61727951417,50095310692
5906433,8192,1,680873,61904063474,51123817556
5914625,8192,1,706329,61447371947,52434326950
5922817,8192,1,694577,62089394033,50490739795
5931009,8192,1,846968,57980071725,52471996161
5939201,8192,1,966559,59961762656,58985236194
5947393,8192,1,901788,60279415753,57689878040
5955585,8192,1,802864,60414676596,56044599263
5963777,8192,1,685110,63069117237,52328644447
5971969,8192,1,649712,59686231052,51789388457
5980161,8192,1,1036796,60094784408,64234249727
5988353,8192,1,1003503,59416305051,62761280989
5996545,8192,1,1027604,59615250433,61753373659
6004737,8192,1,892103,60438506569,66035002219
6012929,8192,1,880312,59806694762,61925088576
6021121,8192,1,1109642,60025112508,66649749703
6029313,8192,1,1094954,59640226996,66242335307
6037505,8192,1,1030417,59369607024,62597217372
6045697,8192,1,1057200,55900815277,64089233044
6053889,8192,1,940339,50753517403,56083983461
6062081,8192,1,1047645,56417459765,62935583120
6070273,8192,1,1070344,58612928291,66099078573
6078465,8192,1,1040326,59160341340,61783401542
6086657,8192,1,1032939,59245645508,59100214487
6094849,8192,1,978106,58080730358,58512103080
6103041,8192,1,949935,59434287423,62634197504
6111233,8192,1,814440,62418352419,80035172553
6119425,8192,1,756883,61929340206,82983365715
6127617,8192,1,891700,57927536222,69719690838
6135809,8192,1,894373,54124139868,57217325677
6144001,8192,1,948844,54474431056,61115211355
6152193,8192,1,949060,55935295379,60277766741
6160385,8192,1,940733,57179985070,61392368159
6168577,8192,1,875004,59767193046,68457334795
6176769,8192,1,854844,58633356661,62525132378
6184961,8192,1,869810,57172923878,62772935587
6193153,8192,1,858339,58716480746,63591230170
6201345,8192,1,808091,59068730609,63283463730
6209537,8192,1,816753,58875189706,66387160965
6217729,8192,1,809455,58560010270,64203683496
6225921,8192,1,839253,57560207356,64041500412
6234113,8192,1,845776,59019049499,64726909933
6242305,8192,1,804291,57082938691,66404533909
6250497,8192,1,779310,58293679134,62139828231
6258689,8192,1,935783,58551901338,64894288459
6266881,8192,1,832343,56739213761,63294629387
6275073,8192,1,815239,56879687612,63750174059
6283265,8192,1,869622,56503858451,62850238275
6291457,8192,1,753911,57192973874,63395346163
6299649,8192,1,796408,58492213661,63451055225
6307841,8192,1,775867,57819406693,63512996103
6316033,8192,1,731815,55554664930,60220322979
6324225,8192,1,801177,56055100336,62241864946
6332417,8192,1,702924,55639554786,60424618302
6340609,8192,1,628921,57287631240,60686889996
6348801,8192,1,701014,56796985035,58552016888
6356993,8192,1,679990,56753862938,61254873748
6365185,8192,1,679678,56844041949,54264856434
6373377,8192,1,730260,55694660589,61477788107
6381569,8192,1,631122,56053435110,56754137413
6389761,8192,1,623579,55480206989,57807595655
6397953,8192,1,722344,56431171315,59498460251
6406145,8192,1,629492,57158444543,59842103796
6414337,8192,1,709829,57357572825,59550415468
6422529,8192,1,613086,54942317621,53618216223
6430721,8192,1,606422,52576411946,54804515019
6438913,8192,1,642545,52459434620,55257858430
6447105,8192,1,731996,53145077742,55215145440
6455297,8192,1,724964,54306641564,62335644954
6463489,8192,1,815991,52726025166,59472591351
6471681,8192,1,729625,49182276339,51561231224
6479873,8192,1,669837,46831088707,47523428690
6488065,8192,1,747144,48122908769,52563733267
6496257,8192,1,717326,47958662805,59531694665
6504449,8192,1,718392,50909275438,57748330575
6512641,8192,1,730467,48392560754,53699080003
6520833,8192,1,738059,46131832206,54085256741
6529025,8192,1,724708,46477569891,52343576879
6537217,8192,1,800265,48971240353,56081124507
6545409,8192,1,787384,48497192206,54174913662
6553601,8192,1,698398,47187351487,53722039945
6561793,8192,1,737557,48788349686,53732231013
6569985,8192,1,764170,49888523955,55713734903
6578177,8192,1,680236,49997697795,49379141316
6586369,8192,1,749999,53088340658,51062363770
6594561,8192,1,705784,48019131508,53240594537
6602753,8192,1,656423,46400710382,51903070862
6610945,8192,1,849783,47748915390,56143913396
6619137,8192,1,801148,47807608803,56319316341
6627329,8192,1,765408,46669797740,54144132407
6635521,8192,1,743150,46887794423,54062830892
6643713,8192,1,665607,45877233135,55502708478
6651905,8192,1,758736,47427946240,58697924125
6660097,8192,1,827631,47805700088,57193404398
6668289,8192,1,740827,47033958754,55167994919
6676481,8192,1,701546,45737135850,54000295118
6684673,8192,1,693026,47473036303,55763465103
6692865,8192,1,744005,47361939810,54005350952
6701057,8192,1,728159,45355462532,53136176479
6709249,8192,1,803323,48175195526,55751937735
6717441,8192,1,731903,47282679908,54268917875
6725633,8192,1,669779,47058450238,51029621845
6733825,8192,1,736446,51234504987,55242528278
6742017,8192,1,845497,51556557281,57972392922
6750209,8192,1,783040,49450537411,54058530622
6758401,8192,1,785734,48600607825,51120170931
6766593,8192,1,644335,43880086628,47123905311
6774785,8192,1,718306,45320242271,50396860325
6782977,8192,1,787787,49300862376,55529490037
6791169,8192,1,797132,51216997662,53674100742
6799361,8192,1,778579,54480612692,66569880337
6807553,8192,1,777106,54418924892,62758776622
6815745,8192,1,641142,49816057934,60363031601
6823937,8192,1,767187,52605381030,61915592672
6832129,8192,1,795755,53448736123,64122680580
6840321,8192,1,787802,52776478133,66443795864
6848513,8192,1,788128,50809483628,64778036096
6856705,8192,1,703447,48678621512,62010508831
6864897,8192,1,720780,48100014209,56233809285
6873089,8192,1,753391,48766101024,55746943280
6881281,8192,1,726756,48283626988,56816253920
6889473,8192,1,759040,48229905528,55188934574
6897665,8192,1,733910,48871665264,60507247534
6905857,8192,1,752177,49522415159,58675083961
6914049,8192,1,802193,51410592357,55719940954
6922241,8192,1,859621,51928120590,59402306191
6930433,8192,1,800774,50391395202,57583567265
6938625,8192,1,748654,49387623217,56313694315
6946817,8192,1,796267,50255220086,59014151325
6955009,8192,1,748240,51693407873,54539142901
6963201,8192,1,806363,50150885645,60783984676
6971393,8192,1,728569,48656564463,59625680202
6979585,8192,1,735352,51199560672,61647473752
6987777,8192,1,699021,48682911486,63313851287
6995969,8192,1,634120,45831406577,53432049355
7004161,8192,1,892155,50536556554,61715964548
7012353,8192,1,782030,49273441119,60326595823
7020545,8192,1,741045,46097890688,55684733443
7028737,8192,1,762443,45093991002,56413568026
7036929,8192,1,853754,46603908786,56518549373
7045121,8192,1,810342,46377293130,56223123898
7053313,8192,1,770343,47471980730,56853175409
7061505,8192,1,683334,43555846112,52418991486
7069697,8192,1,838780,46875030520,57186648815
7077889,8192,1,763229,48582059456,54847958056
7086081,8192,1,751041,45191788480,53652852457
7094273,8192,1,795784,48515590361,55337677565
7102465,8192,1,787430,49228707462,54493909147
7110657,8192,1,985470,55948602087,60215559183
7118849,8192,1,879750,52775047845,58723623637
7127041,8192,1,771176,49224643811,56333073735
7135233,8192,1,810937,53308284328,61078907242
7143425,8192,1,915819,55117039138,64804682854
7151617,8192,1,910815,54754117820,60924483513
7159809,8192,1,886198,58713975871,64867869841
7168001,8192,1,726666,49138506055,53619535530
7176193,8192,1,693336,47109751685,53260845978
7184385,8192,1,724525,48036349840,51242685643
7192577,8192,1,708302,48268198216,51543003186
7200769,8192,1,727507,50120021956,53940834166
7208961,8192,1,790346,53098340347,59690171706
7217153,8192,1,906974,56741329110,60961599594
7225345,8192,1,933614,58596654890,63703265758
7233537,8192,1,885596,58671527494,63657236059
7241729,8192,1,1016104,61069572685,68779064914
7249921,8192,1,1020630,61369308543,65119650067
7258113,8192,1,985675,61058114637,68971595871
7266305,8192,1,1024395,60799942581,66874618079
7274497,8192,1,1073993,62911729753,70947593885
7282689,8192,1,959353,60722933235,68046754510
7290881,8192,1,721417,51558952034,59880816256
7299073,8192,1,635467,47439182717,57331005068
7307265,8192,1,768990,52539940390,59962675477
7315457,8192,1,782838,50497801672,59365520423
7323649,8192,1,736531,48680635829,56441248061
7331841,8192,1,693431,48979000213,58160179439
7340033,8192,1,700353,48470463657,58306619939
7348225,8192,1,656165,47754014325,53901673915
7356417,8192,1,706952,49781969594,58325987769
7364609,8192,1,702560,51552295972,56362965447
7372801,8192,1,748488,51189895210,57299745283
7380993,8192,1,672970,50289379405,55044683165
7389185,8192,1,618374,46747527961,55009944364
7397377,8192,1,731407,53849189259,58589901704
7405569,8192,1,823103,54459907520,58653919106
7413761,8192,1,820567,57996395789,63604401172
7421953,8192,1,759259,54880499899,61000739444
7430145,8192,1,709874,50266481813,55597742126
7438337,8192,1,799413,52617562312,60949942923
7446529,8192,1,803464,53862112844,62507187158
7454721,8192,1,776283,53348274726,60453207780
7462913,8192,1,841975,55623955618,61968773684
7471105,8192,1,853955,57452318218,65858800907
7479297,8192,1,795154,56297422443,63539554319
7487489,8192,1,889445,56376229780,67895582565
7495681,8192,1,1021969,60023042579,71512281944
7503873,8192,1,875237,55313971334,65268563007
7512065,8192,1,775071,49429826010,60435659915
7520257,8192,1,725889,47064363363,57168054550
7528449,8192,1,834843,51650564844,63808869778
7536641,8192,1,789507,50757917942,62797836838
7544833,8192,1,867687,54598783786,60971955184
7553025,8192,1,960725,56469515355,62826314945
7561217,8192,1,815707,50313874323,62255348734
7569409,8192,1,666231,46144005917,56482972311
7577601,8192,1,832815,54175134238,57277958645
7585793,8192,1,885526,58087439964,62452027799
7593985,8192,1,861278,55905434119,62463471662
7602177,8192,1,852806,50342783962,62125899583
7610369,8192,1,887841,49888381296,62110194728
7618561,8192,1,860187,54950616424,59567409552
7626753,8192,1,915348,54030183176,64089189089
7634945,8192,1,852309,51681051150,63653181261
7643137,8192,1,912370,53049696773,63161140246
7651329,8192,1,738803,45900258701,54009455072
7659521,8192,1,713836,45748826296,53626779779
7667713,8192,1,848035,50538533259,58556897459
7675905,8192,1,937742,55323766578,65747506239
7684097,8192,1,787627,54383889810,58535295967
7692289,8192,1,833589,53247672067,59894435080
7700481,8192,1,814204,49535470442,58710213129
7708673,8192,1,903137,54358941917,61324030532
7716865,8192,1,801151,62622317283,55295517309
7725057,8192,1,905524,59014777802,65999183504
7733249,8192,1,960512,58327935763,69388817167
7741441,8192,1,936278,56411432504,68338889703
7749633,8192,1,890324,53572479595,68898925725
7757825,8192,1,1027125,58522479696,74874697974
7766017,8192,1,1065365,61612038604,78606239808
7774209,8192,1,1133091,62039236317,76368164594
7782401,8192,1,1013568,61944787561,74569275545
7790593,8192,1,977456,60660792594,72231269536
7798785,8192,1,1062407,59684547724,74681371300
7806977,8192,1,1017774,59902115809,72460655091
7815169,8192,1,1154301,60693446908,74684982452
7823361,8192,1,1129298,60341384806,74091452865
7831553,8192,1,1048171,56590059373,70187376553
7839745,8192,1,1006866,55276418358,69651782464
7847937,8192,1,1266339,61467920318,73774229291
7856129,8192,1,1153575,60984143819,70285683646
7864321,8192,1,1115475,59852831907,74050521688
7872513,8192,1,1148287,60908945609,71775007212
7880705,8192,1,1236171,60021117831,76497134125
7888897,8192,1,1119286,58582250428,71460720508
7897089,8192,1,1116862,59438959515,71750672047
7905281,8192,1,1053564,59511201019,70410077370
7913473,8192,1,1018766,59916578393,71423057841
7921665,8192,1,1163030,58202234652,65665585630
7929857,8192,1,932972,56541598892,69288453139
7938049,8192,1,1335617,61768841096,73889304285
7946241,8192,1,1126115,60333225913,76612529885
7954433,8192,1,930625,59253863905,76142482306
7962625,8192,1,1155991,60318831521,75469247631
7970817,8192,1,1149787,58205892161,72941473361
7979009,8192,1,1168100,58675133580,72915295306
7987201,8192,1,1109590,60201568915,70467174762
7995393,8192,1,1246696,60953748469,69760914963
8003585,8192,1,1072671,58459135873,74110026638
8011777,8192,1,915176,52150084703,70502621296
8019969,8192,1,1048977,54347088319,69924216791
8028161,8192,1,1161083,57901070063,69464078737
8036353,8192,1,1038066,60739991885,70570895526
8044545,8192,1,1058512,61452870344,68333540704
8052737,8192,1,1224568,57520110354,68553968431
8060929,8192,1,883351,49034881564,61287202562
8069121,8192,1,1093556,54937862712,67174889927
8077313,8192,1,1171620,58985335698,72984624151
8085505,8192,1,970944,57604952668,70193985765
8093697,8192,1,1018286,53175452767,67214617752
8101889,8192,1,907967,52281783686,64563577815
8110081,8192,1,872493,50955441103,63980545321
8118273,8192,1,1016880,55439650663,70794180282
8126465,8192,1,893543,53041319100,66955465174
8134657,8192,1,1199821,58355280103,72027043500
8142849,8192,1,872903,50503746198,65537502895
8151041,8192,1,753363,48910092076,63765834260
8159233,8192,1,888841,55200745635,69497650504
8167425,8192,1,1358869,61654254721,66872087417
8175617,8192,1,919344,57647015958,71165892253
8183809,8192,1,948309,52872475578,65464529772
8192001,8192,1,738324,46746541520,59067793525
8200193,8192,1,738422,45469577722,57803898248
8208385,8192,1,812997,50384096789,62221846655
8216577,8192,1,1006640,52371646321,60611728481
8224769,8192,1,1163238,59595554009,68650799215
8232961,8192,1,798761,53019994658,64287098920
8241153,8192,1,697829,51960965721,59688708520
8249345,8192,1,841109,52000342474,64286681385
8257537,8192,1,930193,54459937700,67517603254
8265729,8192,1,975208,58222853369,69096617908
8273921,8192,1,1020904,56306070571,67121874319
8282113,8192,1,938526,53080739771,61223766563
8290305,8192,1,820570,51981464609,66103761909
8298497,8192,1,940581,58623412073,68081011028
8306689,8192,1,877846,57683653048,66964284456
8314881,8192,1,914277,57238738726,68776681346
8323073,8192,1,880678,51566549035,64700969410
8331265,8192,1,763133,51489770819,73490812775
8339457,8192,1,835498,52115559990,62346114883
8347649,8192,1,940995,53853618011,65504110915
8355841,8192,1,935120,59792349550,68635697085
8364033,8192,1,849350,54624898279,64974754270
8372225,8192,1,826549,50554075020,61648019679
8380417,8192,1,893359,53524916702,64582456974
8388609,8192,1,950037,59670381591,74045407914
8396801,8192,1,851952,59067138486,65897215556
8404993,8192,1,971316,58701071184,70628081854
8413185,8192,1,957288,57866515165,72383618954
8421377,8192,1,838965,57549256819,62358830267
8429569,8192,1,893296,61104343635,60322494682
8437761,8192,1,993838,59809150417,67881060378
8445953,8192,1,964813,60789904230,69882845781
8454145,8192,1,839047,59657647316,64311262890
8462337,8192,1,854037,59372454307,62903368578
8470529,8192,1,970235,60191471319,66222783516
8478721,8192,1,988342,61800831528,65993016137
8486913,8192,1,828164,61286830855,60529474678
8495105,8192,1,1002499,62022730823,63104477005
8503297,8192,1,989779,61828220456,62398525509
8511489,8192,1,835312,61844907375,57460969337
8519681,8192,1,889469,61679703719,58638690709
8527873,8192,1,965347,61385667796,59685653594
8536065,8192,1,931052,61592837583,60445745143
8544257,8192,1,754048,61629636775,56187591755
8552449,8192,1,803745,61961780469,58993032461
8560641,8192,1,939276,63530816772,62987904348
8568833,8192,1,851417,65923346777,62601627119
8577025,8192,1,841049,65623489141,62176875714
8585217,8192,1,992152,73222626803,68754000144
8593409,8192,1,817459,77878755186,65140927626
8601601,8192,1,699019,76628772865,65266520514
8609793,8192,1,811933,78058009201,64930205482
8617985,8192,1,949393,77470743277,75056837518
8626177,8192,1,869464,75793509999,71319866406
8634369,8192,1,739889,74187688186,64634962306
8642561,8192,1,818926,77685558439,69161166446
8650753,8192,1,825924,78026267904,71279407867
8658945,8192,1,812147,70393239512,79040017766
8667137,8192,1,785673,61570806794,70769499337
8675329,8192,1,816542,65781442449,68353710137
8683521,8192,1,757973,54004019478,65645005891
8691713,8192,1,683329,52246980326,60644124514
8699905,8192,1,849122,55659160493,65724515572
8708097,8192,1,975466,59263476741,70697857616
8716289,8192,1,913001,59041577975,69789869860
8724481,8192,1,868978,54281558998,64271623803
8732673,8192,1,805391,49494687484,60449291857
8740865,8192,1,812980,52561159401,63731330895
8749057,8192,1,822366,52666178343,63428821736
8757249,8192,1,919564,56098391378,67277223673
8765441,8192,1,968016,57877117485,69385204544
8773633,8192,1,860153,51481505907,61577469282
8781825,8192,1,790868,47257860195,56915830148
8790017,8192,1,942832,53538052783,63671539308
8798209,8192,1,940694,61685676481,70879537738
8806401,8192,1,885927,61658922238,66400986389
8814593,8192,1,1038029,61369004831,73941759725
8822785,8192,1,879793,52146272787,64188592536
8830977,8192,1,878509,55697156073,66267301172
8839169,8192,1,964736,62541552293,82406110099
8847361,8192,1,996914,61590833329,80356526360
8855553,8192,1,885028,55127615561,62979123479
8863745,8192,1,791523,55304861134,65405262983
8871937,8192,1,849887,63786091420,81261166650
8880129,8192,1,902373,61012686158,73297798403
8888321,8192,1,941387,59426643172,71635175916
8896513,8192,1,1133114,63866621409,83642003526
8904705,8192,1,802562,63727133550,85196086560
8912897,8192,1,845445,61409418399,82246554924
8921089,8192,1,1017609,65029754319,84739964085
8929281,8192,1,907925,63564436196,80645276207
8937473,8192,1,967802,66232587516,84158240086
8945665,8192,1,897482,65346650167,83445314974
8953857,8192,1,750217,65003544141,70737258563
8962049,8192,1,1086994,67502783028,83591235363
8970241,8192,1,951713,66237749089,78973038761
8978433,8192,1,981183,69267416517,77411653508
8986625,8192,1,1055590,68273551884,89434748323
8994817,8192,1,780717,56833119505,74573017873
9003009,8192,1,1036805,73004597454,86330002551
9011201,8192,1,1012222,71455636535,82325109750
9019393,8192,1,874242,71548472212,80850138706
9027585,8192,1,971248,66791843410,80914805399
9035777,8192,1,840102,64595196013,78699777473
9043969,8192,1,994170,64934612725,79544771023
9052161,8192,1,888691,65383679263,79329910420
9060353,8192,1,942244,57388886441,71527446307
9068545,8192,1,701653,48078807041,60107461082
9076737,8192,1,754798,61024714378,70168194326
9084929,8192,1,908482,65338335472,76353032441
9093121,8192,1,898709,68826620520,82189273463
9101313,8192,1,947022,69761741984,77526148678
9109505,8192,1,855685,64915604147,75287747237
9117697,8192,1,936510,68593558199,80430480090
9125889,8192,1,1110657,74193543274,88183308138
9134081,8192,1,974020,71692480309,85488620271
9142273,8192,1,971906,69278593897,82988366347
9150465,8192,1,940651,67361910005,80305926830
9158657,8192,1,931319,67770003761,79004601986
9166849,8192,1,1003627,67301994373,77469470864
9175041,8192,1,901224,64936435027,77314840812
9183233,8192,1,768025,58547006772,69050795939
9191425,8192,1,992708,64118389903,76505723775
9199617,8192,1,767537,60728207372,71278418936
9207809,8192,1,741824,53901328760,67433034925
9216001,8192,1,698064,49104444455,59098120744
9224193,8192,1,643992,47707551961,60523022807
9232385,8192,1,827015,55845001987,68465014331
9240577,8192,1,847844,59333225580,71093066581
9248769,8192,1,757262,52846524981,64347859258
9256961,8192,1,716538,54524823239,65681785243
9265153,8192,1,714126,49995214601,59223875290
9273345,8192,1,716731,54250605891,65414258299
9281537,8192,1,763184,56104624149,69393967985
9289729,8192,1,852003,63108379279,76474205484
9297921,8192,1,904053,60658920099,72458582910
9306113,8192,1,828610,56073471319,70342312518
9314305,8192,1,742441,55013686452,68704697484
9322497,8192,1,731295,52787689502,64529203472
9330689,8192,1,708369,52392880422,63556094469
9338881,8192,1,664925,47456678772,60881788660
9347073,8192,1,627062,59045841516,69657637118
9355265,8192,1,542072,51533409470,61064193886
9363457,8192,1,553768,51823161640,61657003392
9371649,8192,1,664552,57497993985,70286541090
9379841,8192,1,665352,58873592863,69403248557
9388033,8192,1,708523,60684737157,73309136348
9396225,8192,1,742494,61352845542,72012106574
9404417,8192,1,682535,52096944972,65409209196
9412609,8192,1,730720,56467680323,72610480464
9420801,8192,1,659919,65708295301,91341986210
9428993,8192,1,805946,68506237462,94834567227
9437185,8192,1,799261,70730540231,96382686525
9445377,8192,1,782815,64727852547,84802235951
9453569,8192,1,806095,57998734790,75831510746
9461761,8192,1,873153,60674145097,74091052529
9469953,8192,1,978600,68453757397,89678919645
9478145,8192,1,932038,68593126285,88576416326
9486337,8192,1,969887,65412428592,81948692164
9494529,8192,1,871662,61072195102,78839876262
9502721,8192,1,880415,67010896351,90166483701
9510913,8192,1,877077,62637487079,80654207591
9519105,8192,1,892491,66341797417,82825813129
9527297,8192,1,886525,63743218469,82567747655
9535489,8192,1,763034,56916289211,73980035639
9543681,8192,1,755739,51749236039,70818314183
9551873,8192,1,873175,63714325503,81411694379
9560065,8192,1,894671,66968083563,89076410683
9568257,8192,1,871975,67196685161,90686855955
9576449,8192,1,833002,63337835446,82846299055
9584641,8192,1,804983,57162122774,74610625861
9592833,8192,1,852642,58816487988,78171101425
9601025,8192,1,804419,61358444080,81178982849
9609217,8192,1,849312,58233450860,77384126347
9617409,8192,1,927929,63536028152,83686510566
9625601,8192,1,813905,59495790605,77248691968
9633793,8192,1,774141,59853748240,82585636538
9641985,8192,1,1008519,71796902215,94042767938
9650177,8192,1,946237,66707485905,83697914249
9658369,8192,1,908074,73540668043,100089389814
9666561,8192,1,1048466,76252778127,100415752583
9674753,8192,1,866412,68574360918,85887542974
9682945,8192,1,932972,70752871888,94104769069
9691137,8192,1,979047,71791734313,93326552308
9699329,8192,1,918888,67817796157,92038103300
9707521,8192,1,1104725,71177466006,101807038361
9715713,8192,1,1104271,71716325188,104250283643
9723905,8192,1,963052,66999392072,88603493046
9732097,8192,1,1005464,65795578186,89529515346
9740289,8192,1,1059837,67994246828,90229246983
9748481,8192,1,979162,67629006993,88401985740
9756673,8192,1,885081,62292836211,83460533199
9764865,8192,1,833802,62457382863,80958466468
9773057,8192,1,837546,61034522068,75582236434
9781249,8192,1,946051,67857791102,84627837409
9789441,8192,1,819208,65866256100,82635372508
9797633,8192,1,924104,68240421801,89888270572
9805825,8192,1,881246,68247029882,86167811430
9814017,8192,1,778987,66071308722,82158706402
9822209,8192,1,911174,69795340731,92548869503
9830401,8192,1,1006706,71978418806,94094383191
9838593,8192,1,1038633,71509025018,95128588624
9846785,8192,1,896865,69792988764,89565178891
9854977,8192,1,847711,67034768302,83734808734
9863169,8192,1,911641,68667883187,87996036405
9871361,8192,1,996682,70107950073,90061454105
9879553,8192,1,973566,69625920413,91593412694
9887745,8192,1,993179,71185747311,93604067945
9895937,8192,1,1003198,70717713319,92734133464
9904129,8192,1,1002534,71808040774,96865518837
9912321,8192,1,973237,71613101484,94095683044
9920513,8192,1,1033485,72846155160,92943164039
9928705,8192,1,1031123,73635393603,95506502114
9936897,8192,1,1080661,74097718137,97006308481
9945089,8192,1,978766,70891484395,92809407136
9953281,8192,1,1042650,72417886178,95365147060
9961473,8192,1,1112412,74009890439,98103436073
9969665,8192,1,1081752,73469731113,99165769026
9977857,8192,1,1115522,75780146275,100863276518
9986049,8192,1,1042699,73335453765,97731468115
9994241,8192,1,1012025,72304159780,97804421804
10002433,8192,1,947807,73177316635,96437726720
10010625,8192,1,993860,74248158794,96233562097
10018817,8192,1,1083307,76321832298,100258090646
10027009,8192,1,1144640,76778212899,102566821961
10035201,8192,1,1106267,76509496209,102350567340
10043393,8192,1,1136468,76529152684,103025291015
10051585,8192,1,1143192,76622953602,99574750129
10059777,8192,1,1071558,76691528658,99091219894
10067969,8192,1,1035874,75016157201,95631068706
10076161,8192,1,1190056,75265046958,94456102421
10084353,8192,1,1052095,76722732640,100032698594
10092545,8192,1,1059358,76839914668,102809626838
10100737,8192,1,1078590,77061038954,99380038803
10108929,8192,1,1104262,76917215732,92676015335
10117121,8192,1,1171376,77120896113,99609922902
10125313,8192,1,1065388,77604654123,105214956958
10133505,8192,1,1080586,77621034018,98988324955
10141697,8192,1,1185945,77375102520,99198091827
10149889,8192,1,1118057,77079879819,98181843858
10158081,8192,1,1140551,77535086646,103964415535
10166273,8192,1,1201889,77314405596,102948448549
10174465,8192,1,1114490,77129632609,103823705180
10182657,8192,1,1131014,76977719808,102102752654
10190849,8192,1,1225990,76646881261,102859197156
10199041,8192,1,1193971,77200838933,99569695845
10207233,8192,1,1174049,77770485494,101452912762
10215425,8192,1,1131601,77893106666,100350904294
10223617,8192,1,1214716,77082495252,98761018690
10231809,8192,1,1239036,76812658037,102204188258
10240001,8192,1,1174334,77539060580,104339575702
10248193,8192,1,1147536,77645370823,105703614138
10256385,8192,1,1130296,76924591639,104410026918
10264577,8192,1,1030018,77324495149,104183989176
10272769,8192,1,1086505,77623073831,104474325357
10280961,8192,1,1133919,77708872357,104912118907
10289153,8192,1,1154060,77788627230,105042696540
10297345,8192,1,1188569,79487887047,111329492156
10305537,8192,1,1162732,92108783782,129668429425
10313729,8192,1,1258422,92807705936,122868697884
10321921,8192,1,1454915,92532120917,122864719951
10330113,8192,1,1363088,93006927167,127268625951
10338305,8192,1,1297387,91799653406,124731903267
10346497,8192,1,1317779,93102367684,125995338560
10354689,8192,1,1316959,92167733414,125439739376
10362881,8192,1,1294409,91868826372,122959843658
10371073,8192,1,1371189,92625323824,123990304177
10379265,8192,1,1370935,91279955444,123207295275
10387457,8192,1,1323638,91353035083,124479028886
10395649,8192,1,1176812,92192015743,126883482710
10403841,8192,1,1130901,92191092473,122083804122
10412033,8192,1,1365356,91517607743,123231969378
10420225,8192,1,1350461,91558164098,123366939160
10428417,8192,1,1325279,93052871840,128209068371
10436609,8192,1,1315451,92424243235,124984788444
10444801,8192,1,1280543,91824104587,127035177459
10452993,8192,1,1386630,92677741195,124985418011
10461185,8192,1,1350573,93443272480,128871182201
10469377,8192,1,1413221,93408214190,122441006674
10477569,8192,1,1409852,91813150323,116817555947
10485761,8192,1,1325146,92491978229,124040997843
10493953,8192,1,1360475,93375068735,127267230751
10502145,8192,1,1477277,93028293528,125308650389
10510337,8192,1,1458912,93395121237,125921128131
10518529,8192,1,1407547,93881286759,130365694298
10526721,8192,1,1441709,95010075686,129284859527
10534913,8192,1,1517598,98525141995,137199148621
10543105,8192,1,1527082,98878550793,136885264108
10551297,8192,1,1529306,98563439926,136922309688
10559489,8192,1,1488034,98120186326,128314246565
10567681,8192,1,1545901,98405600084,131425306357
10575873,8192,1,1481930,98131779771,133859809301
10584065,8192,1,1392202,98224165663,134776367924
10592257,8192,1,1533065,98063078190,130745720266
10600449,8192,1,1520463,98076761196,133733023005
10608641,8192,1,1485632,97643007726,133399695689
10616833,8192,1,1537129,98094168122,130133363408
10625025,8192,1,1531409,97567851758,126490706289
10633217,8192,1,1605029,98527900785,127768252463
10641409,8192,1,1581691,98109215587,126032810673
10649601,8192,1,1533873,98321831677,121627875674
10657793,8192,1,1556816,98751922551,122842803673
10665985,8192,1,1455320,98419002087,129894518407
10674177,8192,1,1399828,98856138099,127354955024
10682369,8192,1,1543182,99064986797,125985608363
10690561,8192,1,1541635,98835373983,125355430028
10698753,8192,1,1495339,99053764120,128422876228
10706945,8192,1,1535453,99205973257,131146174160
10715137,8192,1,1411860,98432768557,130532136482
10723329,8192,1,1465940,98922916151,129848944110
10731521,8192,1,1445079,99057744442,128954806786
10739713,8192,1,1409598,98835109309,129630603278
10747905,8192,1,1434689,98604438114,128421075642
10756097,8192,1,1432351,98393824834,126307010624
10764289,8192,1,1436449,98995119384,122565290059
10772481,8192,1,1494024,98865322370,121301746023
10780673,8192,1,1564213,98943876509,119811918650
10788865,8192,1,1487517,99069578049,119305754539
10797057,8192,1,1431398,98631734597,126775245982
10805249,8192,1,1279797,97861496443,128775578671
10813441,8192,1,1314075,99369544817,129605736534
10821633,8192,1,1326300,98850079622,125353666513
10829825,8192,1,1297628,99169380318,125050143260
10838017,8192,1,1376879,98939998883,123987745939
10846209,8192,1,1346219,99403792278,126308240305
10854401,8192,1,1323252,99251403001,126193172953
10862593,8192,1,1334976,99494857878,127193836676
10870785,8192,1,1341365,99559553820,128402830809
10878977,8192,1,1470136,99262735048,123059973219
10887169,8192,1,1685788,99549571043,124971304510
10895361,8192,1,1395013,99353151545,130378190205
10903553,8192,1,1353200,99129856294,129215956379
10911745,8192,1,1436134,99015606534,128652525022
10919937,8192,1,1372106,99208153089,127414701274
10928129,8192,1,1338149,99199886160,129674612269
10936321,8192,1,1303750,99210160521,129375656583
10944513,8192,1,1283208,99611151083,128682021750
10952705,8192,1,1319801,99531959189,123731514791
10960897,8192,1,1352636,99310002799,127043032615
10969089,8192,1,1375102,99466085443,128440366720
10977281,8192,1,1318730,99628423479,132065275860
10985473,8192,1,1227266,99669860657,127987894312
10993665,8192,1,1251634,99764662138,127528485524
11001857,8192,1,1356592,99619090549,129251606713
11010049,8192,1,1378517,99485553104,130087788286
11018241,8192,1,1275742,98374192970,126501375360
11026433,8192,1,1354490,99298692809,128908367458
11034625,8192,1,1310112,97186693575,125880946764
11042817,8192,1,1334103,99245280398,129676662675
11051009,8192,1,1363729,99758052158,129682912070
11059201,8192,1,1433294,99811214650,130648285768
11067393,8192,1,1554046,99865509853,136289403816
11075585,8192,1,1348576,99492264844,135101098316
11083777,8192,1,1248034,99629928157,133420052370
11091969,8192,1,1401515,99673560434,136138035371
11100161,8192,1,1447762,99741103137,134755082419
11108353,8192,1,1485144,99829077573,137060954931
11116545,8192,1,1398817,99670502872,133046268537
11124737,8192,1,1270161,99750583272,131160643289
11132929,8192,1,1320965,100173706874,132201918535
11141121,8192,1,1325674,99897977809,133390008129
11149313,8192,1,1402938,99852564415,132376209853
11157505,8192,1,1427512,99848646888,130903512702
11165697,8192,1,1399016,99824607865,133122689821
11173889,8192,1,1294020,99650819487,133414042044
11182081,8192,1,1438620,99932057170,136904345453
11190273,8192,1,1438914,100005225132,133124833974
11198465,8192,1,1443942,99739876237,135225083635
11206657,8192,1,1412633,99729278350,138012682272
11214849,8192,1,1380570,99693471850,137080213384
11223041,8192,1,1383145,99903866172,135403600152
11231233,8192,1,1478358,100104962850,136266878951
11239425,8192,1,1347924,99887377082,135845644378
11247617,8192,1,1381274,100222018318,132813431247
11255809,8192,1,1444439,99786699446,133921800179
11264001,8192,1,1316079,99890293002,135753255261
11272193,8192,1,1347710,99946984814,136406680433
11280385,8192,1,1484505,99851935427,139026492574
11288577,8192,1,1396744,99998982049,140354195049
11296769,8192,1,1470900,99784151152,139930081800
11304961,8192,1,1430049,99687376856,142351929179
11313153,8192,1,1453839,99667400561,143855014536
11321345,8192,1,1595756,99733144268,142032419811
11329537,8192,1,1528036,99788326430,141905480374
11337729,8192,1,1445057,99542969394,141704080406
11345921,8192,1,1359299,100074192393,136351939395
11354113,8192,1,1214427,99786388904,135954801803
11362305,8192,1,1448539,99876697498,141560371720
11370497,8192,1,1443442,99905517041,140827392806
11378689,8192,1,1372946,99494705111,136202783530
11386881,8192,1,1460716,99919270857,140688726880
11395073,8192,1,1324871,99802789764,139567538798
11403265,8192,1,1294644,99751712798,137069269331
11411457,8192,1,1427163,99936036914,137207036269
11419649,8192,1,1470939,99901096311,137732287776
11427841,8192,1,1374494,99957562220,137089314095
11436033,8192,1,1412862,100230306566,137159349342
11444225,8192,1,1374249,100053691309,136211963391
11452417,8192,1,1571219,99840223592,138081767003
11460609,8192,1,1495879,100010686253,136852960282
11468801,8192,1,1604419,100116741671,141141305118
11476993,8192,1,1633118,99820704698,138853234693
11485185,8192,1,1504462,99935838936,146125725001
11493377,8192,1,1317697,100499782245,143465679187
11501569,8192,1,1456024,100174119560,138611305833
11509761,8192,1,1513323,100006134277,136913039479
11517953,8192,1,1519607,99951925790,139472767048
11526145,8192,1,1383406,99807024509,137339957895
11534337,8192,1,1422653,100061173912,142777501783
11542529,8192,1,1545477,99930647157,141213962305
11550721,8192,1,1558532,100242503361,141197906461
11558913,8192,1,1504436,99761429052,138599410748
11567105,8192,1,1457170,99838244510,141310294706
11575297,8192,1,1421856,100360462892,141135009160
11583489,8192,1,1555722,100143247311,143641927582
11591681,8192,1,1574678,99900660852,141189883610
11599873,8192,1,1594565,100048647754,142416298184
11608065,8192,1,1659040,100329595801,144956540850
11616257,8192,1,1617443,100220177970,140666936386
11624449,8192,1,1532623,100080599389,141069884005
11632641,8192,1,1542361,100037161583,142510370270
11640833,8192,1,1571861,100308996380,139364710526
11649025,8192,1,1395721,100378559333,141347165078
11657217,8192,1,1490221,100226114683,142714959538
11665409,8192,1,1513739,99985733401,140309578882
11673601,8192,1,1486715,99964988407,140453231435
11681793,8192,1,1497379,99497295251,141506042742
11689985,8192,1,1555675,99583756838,140102589201
11698177,8192,1,1526425,99975239456,138068381005
11706369,8192,1,1506885,100205850486,157451578603
11714561,8192,1,1417140,100076759648,161706775054
11722753,8192,1,1419327,100185239943,151613793125
11730945,8192,1,1535326,99752558396,142156007241
11739137,8192,1,1475350,100121062315,140047160029
11747329,8192,1,1462315,100110564487,141705125041
11755521,8192,1,1607984,100218708518,142787245573
11763713,8192,1,1561092,100091344980,139425910832
11771905,8192,1,1634365,99974635368,136187401085
11780097,8192,1,1611463,100152909187,141547511806
11788289,8192,1,1659488,100051303446,138212364510
11796481,8192,1,1665774,99976385541,137480021468
11804673,8192,1,1595345,99986758305,135520317671
11812865,8192,1,1524046,99728316562,136849866371
11821057,8192,1,1641213,100165414493,138795222613
11829249,8192,1,1680031,99908869524,136736282835
11837441,8192,1,1612325,99880712091,139277847931
11845633,8192,1,1614251,99971067648,141343483028
11853825,8192,1,1556277,99978320446,140223259938
11862017,8192,1,1512954,100017672279,141210572646
11870209,8192,1,1549037,99886206895,138981321498
11878401,8192,1,1571428,100164009970,141127996032
11886593,8192,1,1668305,100312517315,139671834595
11894785,8192,1,1682065,100025730811,142970604175
11902977,8192,1,1570310,100112225843,143716736519
11911169,8192,1,1644933,100154217941,142469668025
11919361,8192,1,1656821,100207884794,142434210390
11927553,8192,1,1582493,100126425907,139843996515
11935745,8192,1,1521475,100167079312,141760042697
11943937,8192,1,1521683,100388045346,147272539800
11952129,8192,1,1489299,99966830319,149770933528
11960321,8192,1,1544635,100287189976,146785040264
11968513,8192,1,1561452,100362822758,147278436509
11976705,8192,1,1547967,99807104865,147495170478
11984897,8192,1,1485163,100423627141,142119391108
11993089,8192,1,1491502,100554250927,141979964384
12001281,8192,1,1511597,100501602390,142364574777
12009473,8192,1,1613129,100389557491,146420290120
12017665,8192,1,1618139,100182492628,144459386913
12025857,8192,1,1670231,100793818551,140334679796
12034049,8192,1,1618179,100973456970,143347763479
12042241,8192,1,1636290,100626663293,142981781801
12050433,8192,1,1664045,100791135270,139578667872
12058625,8192,1,1614383,100610086286,138576569977
12066817,8192,1,1626536,100553630407,139339851600
12075009,8192,1,1627135,100664025896,143864280778
12083201,8192,1,1538091,100839562356,144710053004
12091393,8192,1,1630555,100752831001,139091863186
12099585,8192,1,1633198,100611408516,145265879085
12107777,8192,1,1693381,100714695598,141996942164
12115969,8192,1,1640460,100682351254,142863831427
12124161,8192,1,1538108,100693050780,145745888757
12132353,8192,1,1528903,100580839188,144090828074
12140545,8192,1,1638145,100567752635,145128447159
12148737,8192,1,1686577,100662518085,144163285889
12156929,8192,1,1700547,100764775287,146039108825
12165121,8192,1,1713298,100590983304,148956603421
12173313,8192,1,1558439,100652606920,147309530554
12181505,8192,1,1598931,100706966213,148484340457
12189697,8192,1,1658474,100768276142,148652977363
12197889,8192,1,1637377,100917775639,146906097367
12206081,8192,1,1654920,100978253443,147543237279
12214273,8192,1,1653938,101056372273,149518550760
12222465,8192,1,1558132,101083378473,151871395970
12230657,8192,1,1706312,101058340035,151380756102
12238849,8192,1,1767076,101153617321,151248911943
12247041,8192,1,1547107,101156385394,153976699276
12255233,8192,1,1807586,101213455045,151473513449
12263425,8192,1,1827918,101340557214,149365603443
12271617,8192,1,1812421,101225928616,152666071223
12279809,8192,1,1929005,102065174460,146558611985
12288001,8192,1,1974887,113736085303,167497910958
12296193,8192,1,2023402,120815230694,183417859917
12304385,8192,1,1812523,120875986075,182376153785
12312577,8192,1,1728126,121038645094,191651411915
12320769,8192,1,1828550,120484717452,190357572456
12328961,8192,1,1856686,120211855092,189921776527
12337153,8192,1,1960808,120130384288,182631954932
12345345,8192,1,1834647,120407730128,188202023214
12353537,8192,1,1789128,120394301428,192651624753
12361729,8192,1,1845221,120562860077,192302103745
12369921,8192,1,1928680,120791685995,190514075830
12378113,8192,1,1897871,120919218796,188285124796
12386305,8192,1,1956011,121273660873,188033943068
12394497,8192,1,2024916,121410961017,184324863249
12402689,8192,1,2206937,120878046089,182410592887
12410881,8192,1,2161590,121219190569,172918497852
12419073,8192,1,2154173,120712639060,169279122495
12427265,8192,1,2025421,121107996489,184771249544
12435457,8192,1,1919756,121298892011,185067714318
12443649,8192,1,1849268,121098408850,186593356121
12451841,8192,1,1841994,121305918840,190378452456
12460033,8192,1,1812728,121289513405,184024090936
12468225,8192,1,1836821,121131924561,199737292710
12476417,8192,1,1847130,121013257890,193679507137
12484609,8192,1,1726342,121110215473,191883413526
12492801,8192,1,1565797,121227551605,193701379004
12500993,8192,1,1661227,120989838462,191656588219
12509185,8192,1,1657744,121397791130,189231505284
12517377,8192,1,1686415,120881512313,188962829768
12525569,8192,1,1635921,121020595616,184203477198
12533761,8192,1,1638295,120828007952,187418869754
12541953,8192,1,1630729,121115033416,191011631365
12550145,8192,1,1669238,121350515963,189443910950
12558337,8192,1,1606500,120840646922,182595906228
12566529,8192,1,1705647,120843737763,190773405625
12574721,8192,1,1593840,120738844726,187664829817
12582913,8192,1,1428541,118845017866,186598360341
12591105,8192,1,1527605,119581549488,192562629200
12599297,8192,1,1538160,121177086792,189697686889
12607489,8192,1,1544054,120921611838,190468047756
12615681,8192,1,1489350,121042433482,190439118442
12623873,8192,1,1435704,119449851412,190422235401
12632065,8192,1,1452687,118027659375,189474518391
12640257,8192,1,1546021,120587022943,190690447305
12648449,8192,1,1522355,120371457890,190736201778
12656641,8192,1,1515099,120323786912,188512061186
12664833,8192,1,1463056,119801520354,184202672350
12673025,8192,1,1336569,117778012653,182843750370
12681217,8192,1,1523979,120492919264,197284684597
12689409,8192,1,1641347,120800581446,200736947759
12697601,8192,1,1517616,120209411085,196080891799
12705793,8192,1,1572885,120784865947,193159213205
12713985,8192,1,1443041,119223702600,190306765056
12722177,8192,1,1560503,118711360145,192887296152
12730369,8192,1,1710200,120752573783,201491255624
12738561,8192,1,1525513,120574020911,191410803311
12746753,8192,1,1545180,120340259097,191500136049
12754945,8192,1,1491209,119617730910,186447404536
12763137,8192,1,1419517,119567393503,189621466588
12771329,8192,1,1443602,118754868552,191204648802
12779521,8192,1,1749998,120716159388,179427795571
12787713,8192,1,1637823,120792717738,184045435165
12795905,8192,1,1547938,120670804712,185703953550
12804097,8192,1,1433400,119784397229,188901031095
12812289,8192,1,1468640,119538963045,187190935247
12820481,8192,1,1536022,121005829418,187308238217
12828673,8192,1,1544028,120698206806,189960204066
12836865,8192,1,1619752,120820573618,191939194304
12845057,8192,1,1531456,120973407095,187402140054
12853249,8192,1,1483024,120987635474,184958883659
12861441,8192,1,1519507,120664198995,194928147960
12869633,8192,1,1543637,120610778641,200052851402
12877825,8192,1,1551096,121002511251,197653657404
12886017,8192,1,1516209,121052750886,196514935540
12894209,8192,1,1517293,120791191879,205002400345
12902401,8192,1,1553524,121085055387,201835580743
12910593,8192,1,1693757,121300295216,201284986730
12918785,8192,1,1672044,121340799798,195713074897
12926977,8192,1,1655404,120941956310,197238039014
12935169,8192,1,1569906,120926210670,196300214327
12943361,8192,1,1540925,121105298293,200942688879
12951553,8192,1,1641688,121015559738,197304383807
12959745,8192,1,1563783,120859188337,198111347940
12967937,8192,1,1512297,121685096229,192948182477
12976129,8192,1,1516976,126805399318,195489557400
12984321,8192,1,1530715,126881112753,196984389061
12992513,8192,1,1500023,126849103803,196604099586
13000705,8192,1,1525062,126762365924,187442610205
13008897,8192,1,1570898,126628575442,192007723162
13017089,8192,1,1515070,126715629496,193927680269
13025281,8192,1,1491295,126737597201,186916398245
13033473,8192,1,1399447,126800876454,188783733376
13041665,8192,1,1612103,126573305644,193575185677
13049857,8192,1,1564889,126570069748,194708902177
13058049,8192,1,1549927,126511290892,196120754262
13066241,8192,1,1574840,126648398482,199145527394
13074433,8192,1,1517669,127023106100,199729778828
13082625,8192,1,1555248,127201822791,199987072078
13090817,8192,1,1556053,126522950159,193416346639
13099009,8192,1,1504861,126490789213,194421182368
13107201,8192,1,1482066,126504578382,193211008487
13115393,8192,1,1426374,126482546404,184886863464
13123585,8192,1,1422652,126575548760,187051925390
13131777,8192,1,1500669,126501919615,191872812025
13139969,8192,1,1580952,126501645806,188764501940
13148161,8192,1,1572191,126580580822,179584433723
13156353,8192,1,1502663,126435071350,168635720647
13164545,8192,1,1495807,126867900914,172813688193
13172737,8192,1,1485620,126758082578,178288808256
13180929,8192,1,1624283,126445008957,182938492303
13189121,8192,1,1487793,126454067159,175883878440
13197313,8192,1,1590087,126448018907,184249731134
13205505,8192,1,1603957,126508967574,194949820425
13213697,8192,1,1515619,126648476624,193387413181
13221889,8192,1,1594506,126480910175,192507888667
13230081,8192,1,1571457,126542193961,194605560843
13238273,8192,1,1535402,126591571689,191774930432
13246465,8192,1,1493317,126453218947,185609479242
13254657,8192,1,1432522,126495905368,195745525338
13262849,8192,1,1488041,126602949682,197847353512
13271041,8192,1,1487836,126367437642,187392780953
13279233,8192,1,1482494,126265843066,194602381421
13287425,8192,1,1540706,126290664704,191742643726
13295617,8192,1,1431213,126416230124,194976306945
13303809,8192,1,1381642,126377743039,191624244889
13312001,8192,1,1425200,126414184386,188614014144
13320193,8192,1,1446442,126433497478,194313345988
13328385,8192,1,1451568,126525699709,191427195115
13336577,8192,1,1488450,126443773151,186039266660
13344769,8192,1,1448829,126470974452,202277078803
13352961,8192,1,1435386,126473514687,198786295118
13361153,8192,1,1537204,126540746888,190357218808
13369345,8192,1,1706359,126382828597,192681083206
13377537,8192,1,1739316,126452726028,191863357984
13385729,8192,1,1559597,126463514796,192808819445
13393921,8192,1,1464328,126468436719,198072787098
13402113,8192,1,1527548,126619040869,189867955673
13410305,8192,1,1540567,126512649425,194983992060
13418497,8192,1,1579041,126657363768,190756883263
13426689,8192,1,1652004,126401984278,185798849953
13434881,8192,1,1484258,126375922545,195772351307
13443073,8192,1,1553385,126524177526,200438452920
13451265,8192,1,1545506,126393109813,191676041651
13459457,8192,1,1617660,126509408506,198672677748
13467649,8192,1,1617160,126539220161,195860660581
13475841,8192,1,1597888,126604477600,197892691139
13484033,8192,1,1607554,126579892965,195407037787
13492225,8192,1,1693151,126510267086,196062726992
13500417,8192,1,1730955,126614551074,190403836008
13508609,8192,1,1907030,126451741784,186886077345
13516801,8192,1,1860726,126544257334,191948376158
13524993,8192,1,1743498,126502399379,190843833882
13533185,8192,1,1699555,126537553304,193109472388
13541377,8192,1,1797680,126444001381,190930507615
13549569,8192,1,1806412,126438385106,199821896590
13557761,8192,1,1726244,126479692212,194357308587
13565953,8192,1,1638285,126346564082,196653455710
13574145,8192,1,1634714,126449381758,204391694990
13582337,8192,1,1718939,126525685269,191789570464
13590529,8192,1,1768713,126417251634,193007590179
13598721,8192,1,1731576,126409827801,189033166261
13606913,8192,1,1714696,126194994571,189717598324
13615105,8192,1,1662689,126332832338,200156205072
13623297,8192,1,1659344,126354562546,191334653970
13631489,8192,1,1688326,126167088507,195219368664
13639681,8192,1,1740343,126358272138,201866020562
13647873,8192,1,1656537,126321177990,195377736326
13656065,8192,1,1504782,126229054599,200360945122
13664257,8192,1,1627117,126324235982,199597651497
13672449,8192,1,1617372,126397597617,192105790745
13680641,8192,1,1717682,126185351143,201107651512
13688833,8192,1,1681875,126418968592,200659547217
13697025,8192,1,1659942,126214234182,198003888636
13705217,8192,1,1493091,126442876345,194587261504
13713409,8192,1,1639977,126344852300,198505755815
13721601,8192,1,1637728,126406992783,191508581521
13729793,8192,1,1662768,126254851194,198899188685
13737985,8192,1,1572229,126483226636,199261810044
13746177,8192,1,1626524,126076081216,205115451100
13754369,8192,1,1809146,126386695047,210343594362
13762561,8192,1,1603948,126355692540,200879056050
13770753,8192,1,1713010,126362941154,209999297308
13778945,8192,1,1595162,126358123369,206686496296
13787137,8192,1,1503295,126594660549,198080414185
13795329,8192,1,1492449,126654128960,203219565876
13803521,8192,1,1550781,126482616958,204961075973
13811713,8192,1,1601370,126555088393,198810553286
13819905,8192,1,1499991,126600144015,202785432909
13828097,8192,1,1579600,126426324518,198960740887
13836289,8192,1,1451918,126589449884,208744262300
13844481,8192,1,1485911,126671407417,199986151601
13852673,8192,1,1510421,126431496750,197629427777
13860865,8192,1,1590569,126516589514,200460347550
13869057,8192,1,1615665,126504700303,206212801804
13877249,8192,1,1657339,126494229879,202431333201
13885441,8192,1,1530995,126632403991,212885166455
13893633,8192,1,1593121,126305831185,206636994127
13901825,8192,1,1594780,126628482611,193804308376
13910017,8192,1,1574979,126512975265,200704901652
13918209,8192,1,1528537,126494511250,216699408654
13926401,8192,1,1485566,126581521439,207260154703
13934593,8192,1,1516224,126693079215,209778858578
13942785,8192,1,1526924,126579720747,202528451999
13950977,8192,1,1595071,126529604427,215346352698
13959169,8192,1,1523136,126501530450,214099690538
13967361,8192,1,1498767,126596003961,210240786010
13975553,8192,1,1406922,126595942080,201644341774
13983745,8192,1,1599497,126504388876,196781317114
13991937,8192,1,1623488,126638294462,203435779653
14000129,8192,1,1622392,126578067124,201900593680
14008321,8192,1,1539581,126538188694,195551604266
14016513,8192,1,1479134,126565197225,218471588289
14024705,8192,1,1502447,126588974527,207856413420
14032897,8192,1,1478763,126487822388,208386763562
14041089,8192,1,1533746,126627724761,207777047394
14049281,8192,1,1519738,126594957346,206837942574
14057473,8192,1,1519493,126528476406,209799118872
14065665,8192,1,1378968,126547954984,200121999119
14073857,8192,1,1474826,126438035641,208857023441
14082049,8192,1,1461458,126597812191,209318546240
14090241,8192,1,1463314,126464976827,203133414105
14098433,8192,1,1441040,126385694310,202321512705
14106625,8192,1,1436453,126491228880,209471799095
14114817,8192,1,1496948,126733919140,208873220049
14123009,8192,1,1496987,126542528909,205334677221
14131201,8192,1,1452980,126436119407,208535338099
14139393,8192,1,1423186,126572325359,207442740273
14147585,8192,1,1569308,126563222552,214674558555
14155777,8192,1,1464535,126571618605,212624772640
14163969,8192,1,1479519,126524555259,209958919921
14172161,8192,1,1499313,126468901517,212718847777
14180353,8192,1,1565348,126623168177,207544234964
14188545,8192,1,1470830,126464552679,214938605461
14196737,8192,1,1400549,126494842685,213706606104
14204929,8192,1,1453105,126753079308,218592323187
14213121,8192,1,1460111,126568950512,209828083225
14221313,8192,1,1520459,126652167619,211366742857
14229505,8192,1,1499272,126638616386,214008207266
14237697,8192,1,1548944,126740822535,212263690816
14245889,8192,1,1633816,126506755658,226035716280
14254081,8192,1,1445619,126723848661,208673284821
14262273,8192,1,1431866,126541088768,207410882218
14270465,8192,1,1484052,126508469815,209639450515
14278657,8192,1,1449156,126566654615,210939662583
14286849,8192,1,1474927,126698119621,217612631785
14295041,8192,1,1393083,126635507728,213231898660
14303233,8192,1,1469593,126594053976,207657318250
14311425,8192,1,1512033,126538804256,210874330003
14319617,8192,1,1481371,126576921156,212912909115
14327809,8192,1,1430169,126566265060,212971518124
14336001,8192,1,1419150,126722723223,211131758667
14344193,8192,1,1480284,126435774983,216433025540
14352385,8192,1,1528548,126476867898,226264359077
14360577,8192,1,1546887,126808255314,227452376646
14368769,8192,1,1435509,126571790084,219431760689
14376961,8192,1,1386650,126499954858,219603124497
14385153,8192,1,1382223,126651656770,219432797341
14393345,8192,1,1488051,126664579673,217394671303
14401537,8192,1,1553934,126545677652,220888262590
14409729,8192,1,1634007,126563665151,214237402071
14417921,8192,1,1442200,126580746495,219593671595
14426113,8192,1,1413632,126478067233,226040477287
14434305,8192,1,1548109,126551840239,221779460818
14442497,8192,1,1470527,126615549801,220049174731
14450689,8192,1,1478434,126677467809,212841299377
14458881,8192,1,1458738,126597790863,214771932171
14467073,8192,1,1426514,126403031347,219063522098
14475265,8192,1,1482168,126709937913,222404459165
14483457,8192,1,1557468,126539321538,215852825372
14491649,8192,1,1470187,126437944162,215191189486
14499841,8192,1,1477967,126523369672,214886777492
14508033,8192,1,1465952,126535822834,238433318543
14516225,8192,1,1348724,126493420690,218896304866
14524417,8192,1,1408175,126557593458,216290936631
14532609,8192,1,1417407,126601214291,213567829292
14540801,8192,1,1453750,126608916838,212893360561
14548993,8192,1,1403369,126516523197,210107770802
14557185,8192,1,1395108,126600906242,222703314366
14565377,8192,1,1422523,126760302959,218275020306
14573569,8192,1,1419444,126405917316,208394322060
14581761,8192,1,1376103,126440498278,208777198465
14589953,8192,1,1432106,126608941369,214069134047
14598145,8192,1,1389518,126692065880,210483425950
14606337,8192,1,1325891,126592054869,223521814817
14614529,8192,1,1430620,126570249130,218045606670
14622721,8192,1,1640576,126530216669,220073887435
14630913,8192,1,1458194,126511255699,203562558802
14639105,8192,1,1452283,126394466641,213564765358
14647297,8192,1,1349319,126566104062,224354742869
14655489,8192,1,1452911,126604604446,215166842809
14663681,8192,1,1448499,126332373287,213680874736
14671873,8192,1,1483751,126448598311,216850306330
14680065,8192,1,1524626,126486693032,216858803513
14688257,8192,1,1527468,126545672360,215432018741
14696449,8192,1,1472173,126525431009,194059390088
14704641,8192,1,1419681,126533194875,209376452842
14712833,8192,1,1437270,126467171242,218751914868
14721025,8192,1,1512036,126367840991,218312118892
14729217,8192,1,1439500,126305664805,221698133698
14737409,8192,1,1387353,126409670149,220742328687
14745601,8192,1,1499311,126425130097,226052001540
14753793,8192,1,1558145,126172894422,223962706382
14761985,8192,1,1718804,126212903238,221527821323
14770177,8192,1,1717370,126029090030,223869289033
14778369,8192,1,1473904,126362945352,227027222644
14786561,8192,1,1449449,126492807622,236394460521
14794753,8192,1,1477860,126429514269,218108450745
14802945,8192,1,1512924,126383475179,220589483528
14811137,8192,1,1483765,126427560226,219199223751
14819329,8192,1,1469039,126465883445,211473961902
14827521,8192,1,1400910,126617871845,211540166593
14835713,8192,1,1464190,126577008600,214268153802
14843905,8192,1,1463597,126488966318,204848616451
14852097,8192,1,1435958,126350436560,203923038188
14860289,8192,1,1428608,126334006669,207002156735
14868481,8192,1,1442830,126593504235,210686452518
14876673,8192,1,1444089,126454820297,197961754410
14884865,8192,1,1489984,126427635219,196007516340
14893057,8192,1,1459687,126567897831,195525339506
14901249,8192,1,1429581,126389935326,190403831591
14909441,8192,1,1388421,126535790245,194849482428
14917633,8192,1,1472067,126496416288,193162289509
14925825,8192,1,1441937,126455027935,196690932390
14934017,8192,1,1444164,126497768001,187488483598
14942209,8192,1,1483479,126356513150,191416043297
14950401,8192,1,1440249,126385110650,211623710507
14958593,8192,1,1526412,126307268112,214216196935
14966785,8192,1,1552881,126293740397,216809500591
14974977,8192,1,1547396,126094740945,210065850735
14983169,8192,1,1536599,126211707939,204691880109
14991361,8192,1,1489033,126224000392,218770729176
14999553,8192,1,1453488,126264788639,211636262315
15007745,8192,1,1511797,126501254834,207524192765
15015937,8192,1,1503036,126279848457,206059330909
15024129,8192,1,1519956,126405073088,208203073434
15032321,8192,1,1423112,126368472028,193926089877
15040513,8192,1,1514298,126447574509,204108597261
15048705,8192,1,1540708,126248790503,199536770025
15056897,8192,1,1512494,126305588741,210318189910
15065089,8192,1,1499260,126337822141,205640470016
15073281,8192,1,1452264,126555139864,206279230353
15081473,8192,1,1479484,126496906125,202980541485
15089665,8192,1,1488701,126582720631,200348884359
15097857,8192,1,1503925,126385361299,197868370897
15106049,8192,1,1479703,126275675270,198098372753
15114241,8192,1,1487831,126443159552,202187900954
15122433,8192,1,1451943,126750094045,195462311826
15130625,8192,1,1432546,126356114172,196698808225
15138817,8192,1,1498517,126157841850,199744360729
15147009,8192,1,1502133,126486746806,201560572684
15155201,8192,1,1580935,126483403980,208483372433
15163393,8192,1,1575190,126219434040,208151084080
15171585,8192,1,1536284,126327883878,206041579793
15179777,8192,1,1488705,126401251390,204524925383
15187969,8192,1,1535856,126380404561,207155132879
15196161,8192,1,1502255,126340565283,209417363536
15204353,8192,1,1457865,126470528973,208556222708
15212545,8192,1,1475951,126706209220,212178939407
15220737,8192,1,2099730,126390140428,234247521363
15228929,8192,1,1507534,126385341833,212947735388
15237121,8192,1,1532314,126415790802,213187002760
15245313,8192,1,1492981,126326458992,212123859580
15253505,8192,1,1473283,126472813488,215395235097
15261697,8192,1,1660048,126534594704,220719489977
15269889,8192,1,1600297,126589300886,221248514262
15278081,8192,1,1808125,126391955349,226770000588
15286273,8192,1,1509403,126411630842,211503800557
15294465,8192,1,1492102,126503841855,217416536861
15302657,8192,1,1481006,126879977162,211398135755
15310849,8192,1,1455573,126338823947,204018808390
15319041,8192,1,1468523,126384171157,203599012211
15327233,8192,1,1455118,126452603869,203927668106
15335425,8192,1,1428014,126484960125,207099970817
15343617,8192,1,1414560,126583909748,209064724869
15351809,8192,1,1433222,126370246098,201337588854
15360001,8192,1,1438656,126724972455,208596558522
15368193,8192,1,1422503,126526502925,203297105916
15376385,8192,1,1417976,126364437949,208786779011
15384577,8192,1,1424419,126656766137,212357218398
15392769,8192,1,1381472,126593536534,202500009688
15400961,8192,1,1366854,126560232721,203295122639
15409153,8192,1,1391499,126696531231,208055598812
15417345,8192,1,1408332,126595281337,203749326140
15425537,8192,1,1382698,126492112406,206482103934
15433729,8192,1,1361048,126653338550,201595675446
15441921,8192,1,1392230,126508621863,202699816333
15450113,8192,1,1350466,126393470273,198208940036
15458305,8192,1,1425866,126500624148,201190803626
15466497,8192,1,1388874,126680471683,200323566910
15474689,8192,1,1432354,126763626150,206493784534
15482881,8192,1,1439442,126625747723,203945210532
15491073,8192,1,1418575,126514564670,207722122935
15499265,8192,1,1399446,126591544745,197049787927
15507457,8192,1,1421860,126366550708,204681181325
15515649,8192,1,1386719,126711988256,211625571841
15523841,8192,1,1434635,126473241960,201143636645
15532033,8192,1,1480058,126415568321,208223028067
15540225,8192,4702882,1539317,126223755357,207239221396
15548417,8192,4711204,1549433,125266962992,210724940255
15556609,8192,4719481,1506999,125314419131,215425488643
15564801,8192,4727753,1326511,125385512822,211121355754
15572993,8192,4736026,1301225,125359407921,206941370200
15581185,8192,4744366,1298022,125291818536,204556641687
15589377,8192,4752640,1292103,125493083866,209992142159
15597569,8192,4760873,1269576,125171890894,205650406139
15605761,8192,4769097,1281934,125158789139,210402861703
15613953,8192,4777324,1266483,125184058805,204704778837
15622145,8192,4785575,1310843,125352153039,207999867389
15630337,8192,4793834,1350424,125402191477,205749095358
15638529,8192,4802063,1271916,125290664131,203463084863
15646721,8192,4810311,1382229,125417435852,198814444866
15654913,8192,4818560,1341844,125241377890,203764146250
15663105,8192,4826793,1338871,125235624379,212055956234
15671297,8192,4835033,1473498,125267623539,190852281102
15679489,8192,4843307,1341943,125238576083,204854070992
15687681,8192,4851548,1358945,125339300495,209866281259
15695873,8192,4859783,1366233,125332552702,202661747213
15704065,8192,4868035,1366939,125309608945,205215149305
15712257,8192,4876269,1258668,125580844155,168627125847
15720449,8192,4884504,1269011,125586649741,177426602597
15728641,8192,4892734,1290568,125336795671,197743154627
15736833,8192,4900965,1218505,125671533571,194896100941
15745025,8192,4909209,1270641,125186719880,205093381777
15753217,8192,4917440,1222591,125621248902,198224161886
15761409,8192,4925676,1136071,125642950151,197880441391
15769601,8192,4933927,1207034,125446738312,202647217299
15777793,8192,4942152,1230057,125167110607,194083880697
15785985,8192,4950396,1236387,125097758007,196534269121
15794177,8192,4958625,1304488,125171471581,201963864678
15802369,8192,4966858,1224835,125188882612,197374757422
15810561,8192,4975086,1104271,125176226874,200454749070
15818753,8192,4983340,1191983,125462451283,203734111481
15826945,8192,4991606,1208452,124895221202,198953367681
15835137,8192,4999843,1258925,124696117492,204721555252
15843329,8192,5008082,1266737,124905141764,206430556098
15851521,8192,5016328,1181380,124808204719,201221472999
15859713,8192,5024572,1181075,124913583891,207660542265
15867905,8192,5032801,1198642,124853581395,204728462205
15876097,8192,5041067,1256946,124485974258,202184927397
15884289,8192,5049305,1185695,124420511601,207129880736
15892481,8192,5057550,1237468,124320433939,200753391064
15900673,8192,5065779,1160265,124212174085,207684408490
15908865,8192,5074016,1058092,124650352681,206079290243
15917057,8192,5082245,1154274,124317182853,204502688560
15925249,8192,5090476,1267752,124214048769,208283074616
15933441,8192,5098721,1375306,124264129443,218955750478
15941633,8192,5106967,1389702,123940720851,220507001054
15949825,8192,5115210,1290366,124034382029,216133683749
15958017,8192,5123438,1173643,124359427972,221677058182
15966209,8192,5131663,1310249,124224713160,227575430964
15974401,8192,5139899,1340522,124099640351,230429718984
15982593,8192,5148147,1235970,124322924690,218032593082
15990785,8192,5156389,1283371,124198929531,215684209354
15998977,8192,5164630,1225813,124186386101,213573699531
16007169,8192,5172864,1052847,124623074343,208815229300
16015361,8192,5181097,1052959,124493600992,221881620888
16023553,8192,5189331,1090688,124243013279,221375693196
16031745,8192,5197584,1104026,124381451256,214478328089
16039937,8192,5205840,1123041,124395808586,215004408653
16048129,8192,5214078,1134623,124830620768,215884246769
16056321,8192,5222314,1125502,124617193118,221730925358
16064513,8192,5230552,1010762,124683765373,223005945849
16072705,8192,5238780,1246034,124333477118,222385739459
16080897,8192,5247021,1178575,124260753374,226179305973
16089089,8192,5255267,1123580,124306431578,221691849883
16097281,8192,5263499,1140851,124439942230,220611053158
16105473,8192,5271733,1161857,124361331384,220685479090
16113665,8192,5279979,1109178,124669356777,223717581483
16121857,8192,5288231,1162628,124391196480,219253327685
16130049,8192,5296473,1180458,124399949367,217435538220
16138241,8192,5304780,1078802,124660642804,214908732675
16146433,8192,5313022,1399504,124480225073,230629402444
16154625,8192,5321262,1831486,124194901488,260498370267
16162817,8192,5329495,1289430,124612317459,243324939607
16171009,8192,5337741,1315758,124340884409,228903635007
16179201,8192,5345985,1305539,124066232016,233088220100
16187393,8192,5354220,1237219,124237008425,227232163249
16195585,8192,5362459,1242340,124164031098,223601578885
16203777,8192,5370696,1298513,123955699854,226945369465
16211969,8192,5378936,1110066,124443582796,234295146818
16220161,8192,5387165,1089412,124386084913,221616976482
16228353,8192,5395399,1161951,123977256702,220414750341
16236545,8192,5403630,1168807,124125228021,225604857544
16244737,8192,5411850,1131902,124288779632,227485852778
16252929,8192,5420067,1149718,124332292810,238274627438
16261121,8192,5428297,1006443,124925233758,250082577702
16269313,8192,5436528,1004179,124695474779,227163965340
16277505,8192,5444770,1149822,124398327669,227821272132
16285697,8192,5452994,1133861,124278260394,231207511868
16293889,8192,5461230,1092288,124265714717,230788986594
16302081,8192,5469460,1072509,124403719165,240212894725
16310273,8192,5477688,941325,124731511962,255091268282
16318465,8192,5485913,882467,124766784923,223877373425
16326657,8192,5494140,1064365,124413151568,219279285638
16334849,8192,5502372,1203661,124227087257,222072375146
16343041,8192,5510610,1295735,124036901019,232422402338
16351233,8192,5518848,1181661,124111787777,225018795932
16359425,8192,5527079,1079067,124533103336,244410654937
16367617,8192,5535309,1377208,124373927230,246567322068
16375809,8192,5543539,1202265,124039788633,245771554630
16384001,8192,5551774,1240571,124100331466,228449035303
16392193,8192,5560023,1251207,124003722518,230660659723
16400385,8192,5568264,1239850,124052994132,223174109794
16408577,8192,5576488,1265814,123867348059,239375653647
16416769,8192,5584742,1147721,124148195400,241994111701
16424961,8192,5592977,1192692,124003358239,242417316231
16433153,8192,5601200,1188570,124166203859,229718876249
16441345,8192,5609436,1214158,123872046169,233537037014
16449537,8192,5617666,1166299,124245007447,223787829431
16457729,8192,5625902,1176755,123985010086,240594172197
16465921,8192,5634141,1029846,124556794423,230630048240
16474113,8192,5642371,1087223,124368765692,224666528880
16482305,8192,5650601,1173116,124180458932,226216873159
16490497,8192,5658845,1158866,124219659457,228125654843
16498689,8192,5667082,1248259,124168429071,233483285558
16506881,8192,5675313,1170549,124282739423,232550045706
16515073,8192,5683551,1131564,124390215662,224709772572
16523265,8192,5691780,1225728,123979933211,227779694454
16531457,8192,5700013,1233882,124053338198,225362201472
16539649,8192,5708260,1211444,123988503328,232360877878
16547841,8192,5716525,1256586,123922282104,222548772104
16556033,8192,5724762,1230919,124009051113,222903922565
16564225,8192,5732991,1239040,124028389925,234050013248
16572417,8192,5741223,1226880,123982832351,230115516821
16580609,8192,5749471,1296813,123813847300,220659327572
16588801,8192,5757729,1266771,123805018180,225000567005
16596993,8192,5765970,1247419,123939513129,229578504545
16605185,8192,5774205,1147285,124058090877,231877508969
16613377,8192,5782440,1084123,124251855466,229632223138
16621569,8192,5790686,1209663,124076116461,228432070732
16629761,8192,5798933,1278174,124175952832,227792747684
16637953,8192,5807177,1330708,123602214180,216224299196
16646145,8192,5815423,1279631,123702477060,225995341203
16654337,8192,5823744,1183021,123877292698,231521988516
16662529,8192,5832032,1132813,124094677752,246311344216
16670721,8192,5840313,1209310,123989450841,239374489212
16678913,8192,5848599,1253099,123926563458,233898989804
16687105,8192,5856905,1251013,124004103042,231793402750
16695297,8192,5865191,1245742,123923427248,221653651326
16703489,8192,5873502,1235602,124080283695,241514309623
16711681,8192,5881803,1135044,124299971638,247181568037
16719873,8192,5890089,1154719,124214204463,236234857649
16728065,8192,5898362,1210401,123956363401,231230243569
16736257,8192,5906658,1246107,123945396983,222073965159
16744449,8192,5914960,1250768,123917230336,229064015939
16752641,8192,5923268,1232077,123922994202,227566311437
16760833,8192,5931557,1101217,124016467187,225887665172
16769025,8192,5939852,1115077,123940593590,220532398810
16777217,8192,5948143,1203820,123946925971,218832159521
16785409,8192,5956437,1190451,123833585470,217397928153
16793601,8192,5964730,1192548,123749498190,212639536591
16801793,8192,5973054,1222847,123956529365,225909523464
16809985,8192,5981358,1158585,123615753440,232250625267
16818177,8192,5989636,1190257,123880766762,236279289843
16826369,8192,5997923,1315502,124066841094,228292370334
16834561,8192,6006221,1280191,123785793744,221093359574
16842753,8192,6014515,1218102,123790540045,218209471701
16850945,8192,6022798,1219963,123930827780,223279924187
16859137,8192,6031084,1161119,123958338109,234404227380
16867329,8192,6039371,1171240,124129112556,232571688242
16875521,8192,6047642,1267203,123879852147,228945262437
16883713,8192,6055930,1262897,123950930417,229188577004
16891905,8192,6064228,1232554,123924166484,220362415399
16900097,8192,6072508,1261532,123799373290,217235350695
16908289,8192,6080793,1204241,123697797710,226447774804
16916481,8192,6089077,1166469,123872500417,233195066818
16924673,8192,6097362,1313286,123887439402,224559156304
16932865,8192,6105654,1318114,123736211580,231375190888
16941057,8192,6113948,1371249,123781285971,224947544694
16949249,8192,6122230,1324221,123851146021,226423635272
16957441,8192,6130520,1201645,123770774514,232576935790
16965633,8192,6138828,1130553,124115291400,231901397410
16973825,8192,6147196,1206396,123973096845,224607620161
16982017,8192,6155571,1296153,123799597728,221915469081
16990209,8192,6163998,1245876,123829143218,223274668887
16998401,8192,6172357,1236370,123949207012,227127802644
17006593,8192,6180713,1095386,124186445686,227271395974
17014785,8192,6189078,1097696,124373036821,246986868072
17022977,8192,6197431,1184850,124038711706,226097830388
17031169,8192,6205770,1232776,123930837647,224222167817
17039361,8192,6214644,1316623,123920763300,225682135311
17047553,8192,6223141,1373527,123682150949,227999012463
17055745,8192,6231549,1236837,124174335358,229864965841
17063937,8192,6239930,1008710,124612817560,225766858603
17072129,8192,6248275,1183210,123779206831,206076167738
17080321,8192,6256608,1260658,123645465790,201940069941
17088513,8192,6264965,1260278,123647922745,195103103220
17096705,8192,6273315,1195518,123606718765,210252406892
17104897,8192,6281580,1014510,124351735830,210780490262
17113089,8192,6289852,998796,124202567206,206980599583
17121281,8192,6298121,1079273,124077209846,202904593274
17129473,8192,6306398,1108894,124161798539,212771059920
17137665,8192,6314693,1094899,124246637405,215478874242
17145857,8192,6322984,1150300,124075434998,209465384764
17154049,8192,6331276,1053151,124293347868,209560767004
17162241,8192,6339552,1116778,123894911874,210082367696
17170433,8192,6347847,1259515,123549394465,195217481584
17178625,8192,6356141,1302281,123514410067,201766713887
17186817,8192,6364447,1268222,123677502767,201745962808
17195009,8192,6372722,1334072,123586995334,186820241166
17203201,8192,6381005,1375665,123325720760,182223606615
17211393,8192,6389309,1269359,123489821555,189901437715
17219585,8192,6397595,1316145,123397475306,195253398321
17227777,8192,6405886,1281602,123525891650,198065575846
17235969,8192,6414187,1256380,123586573657,194464854521
17244161,8192,6422571,1265659,123572520849,199037671163
17252353,8192,6431060,1227759,123671374561,213487012836
17260545,8192,6439423,1143861,123975679931,227675688616
17268737,8192,6447756,1247976,123689972357,207325092035
17276929,8192,6456078,1225854,123699524669,198482485806
17285121,8192,6464411,1200074,123686298402,218119451173
17293313,8192,6472712,1235586,123611194696,206355913186
17301505,8192,6481018,1244725,123809963167,212036504222
17309697,8192,6489326,1176759,123949583273,220541304037
17317889,8192,6497627,1224036,123535394964,204946364340
17326081,8192,6505936,1271485,123566158009,202630836982
17334273,8192,6514227,1213764,123611052485,209706247611
17342465,8192,6522521,1220033,123559546994,206878327811
17350657,8192,6530810,1190892,123706210400,215914131577
17358849,8192,6539086,1097182,123977816887,212935752660
17367041,8192,6547367,1232605,123526861260,198667717764
17375233,8192,6555668,1355447,123551402440,202796756519
17383425,8192,6563975,1256364,123670066137,207140057367
17391617,8192,6572280,1227341,123601410945,208174539054
17399809,8192,6580587,1246478,123797697040,217569955933
17408001,8192,6588914,1123000,124044778310,223823628365
17416193,8192,6597245,1269906,123743510946,220892231616
17424385,8192,6605563,1290349,123571782475,223393569771
17432577,8192,6613884,1215614,123977234268,217677977434
17440769,8192,6622203,1142107,124116885794,214883674695
17448961,8192,6630518,1318220,123834754157,231100583812
17457153,8192,6638828,1371127,124366947124,252620593093
17465345,8192,6647132,1139240,124284630535,230976491981
17473537,8192,6655432,1118499,124036532288,222775912393
17481729,8192,6663738,1167236,123974272274,218788425471
17489921,8192,6672036,1269205,123713974467,223434215884
17498113,8192,6680314,1278229,123781928256,219449763397
17506305,8192,6688575,1097821,124418769032,224957091850
17514497,8192,6696852,1200669,124340518916,222961386881
17522689,8192,6705139,1244132,123969649458,219113481444
17530881,8192,6713412,1254698,123801937893,218862778160
17539073,8192,6721698,1202255,123775890332,220097949329
17547265,8192,6729991,1183886,124107681984,225860328975
17555457,8192,6738288,1142197,124416112644,232554650186
17563649,8192,6746591,1094662,124391082754,232146361879
17571841,8192,6754910,1243595,124011718560,225932828234
17580033,8192,6763173,1246138,123656872333,216035420952
17588225,8192,6771437,1220773,123600570876,202979238669
17596417,8192,6779714,1285195,123589648360,210371511169
17604609,8192,6788002,1127444,123962367108,228104786892
17612801,8192,6796294,1108831,124051288689,226222778483
17620993,8192,6804576,1218492,123776521297,229938792472
17629185,8192,6812859,894478,125317003080,157427332200
17637377,8192,6821141,1009584,124520012251,176401622107
17645569,8192,6829423,1188604,123540108721,205299018637
17653761,8192,6837721,1145572,123736105560,215531716856
17661953,8192,6846009,1121758,123823005628,214366066423
17670145,8192,6854313,1256352,123679748158,212868352182
17678337,8192,6862607,1224990,123816739190,215082520784
17686529,8192,6870912,1264714,123654678978,205592982682
17694721,8192,6879202,1287665,123408708438,223382669997
17702913,8192,6887554,1098212,123991774872,231568953301
17711105,8192,6895845,1108258,123788035887,234621662182
17719297,8192,6904113,1232852,123693345817,220823176372
17727489,8192,6912402,1335960,123472687664,207305066894
17735681,8192,6920655,1213157,123578980328,212535233726
17743873,8192,6928910,1277573,123594496185,208422770110
17752065,8192,6937162,1154856,123439317921,211868858432
17760257,8192,6945412,1122970,123725286457,216220795337
17768449,8192,6953662,1166718,123587905718,210776623409
17776641,8192,6961925,1169406,123654616772,212933915148
17784833,8192,6970175,1152283,123604124435,217311877287
17793025,8192,6978424,1170610,123601748165,200186263874
17801217,8192,6986678,1130078,123548526906,224644200260
17809409,8192,6994934,1130415,123727490035,238558312547
17817601,8192,7003174,1191194,123693477330,237951090639
17825793,8192,7011410,1219535,123557826561,222219590001
17833985,8192,7019652,1204918,123575373732,218317585342
17842177,8192,7027902,1236320,123689649053,216214073458
17850369,8192,7036151,1265346,123558675615,221339723063
17858561,8192,7044407,1157496,123929573197,231450059599
17866753,8192,7052664,1183951,123658814084,219033122360
17874945,8192,7060922,1278407,123642908245,211217430378
17883137,8192,7069180,1199199,123569105452,218085558781
17891329,8192,7077424,1204048,123571644886,213615491496
17899521,8192,7085686,1149470,123705192123,218957141020
17907713,8192,7093924,1069430,123938547216,223647938200
17915905,8192,7102175,1145941,123688977805,219819173276
17924097,8192,7110423,1199646,123514505273,208376544136
17932289,8192,7118675,1221132,123514220373,209482555906
17940481,8192,7126933,1231073,123559394968,218085366268
17948673,8192,7135190,1248894,123623668837,225910784504
17956865,8192,7143454,1099647,123889088349,227682250234
17965057,8192,7151711,1157411,123638299505,217574698119
17973249,8192,7159953,1181639,123578092102,212360661832
17981441,8192,7168195,1188780,123426270631,212262422083
17989633,8192,7176448,1200236,123591117988,208747987470
17997825,8192,7184717,1177795,123566501958,218960865646
18006017,8192,7192955,1067515,123979983927,233270591791
18014209,8192,7201216,1110139,123876347374,216834567243
18022401,8192,7209486,1173383,123559378879,205790333664
18030593,8192,7217747,1177056,123507968462,216646099461
18038785,8192,7226002,1151703,123568189717,224543417367
18046977,8192,7234267,1129441,123895897097,234098708930
18055169,8192,7242532,1212054,124049690052,241564534882
18063361,8192,7250786,1140613,123712356534,229345326075
18071553,8192,7259026,1107207,123998293126,219346697162
18079745,8192,7267303,1229221,123576941238,215600250400
18087937,8192,7275548,1158819,123656399105,216188154133
18096129,8192,7283810,1140087,123714074502,221498544225
18104321,8192,7292076,1035592,124064972672,234445720891
18112513,8192,7300337,1068455,124125573099,233705852007
18120705,8192,7308598,1231558,123782706356,227775094979
18128897,8192,7316868,1804705,123807268147,259141117769
18137089,8192,7325152,1220780,123755928993,220121165076
18145281,8192,7333463,1167260,123474759659,221553626605
18153473,8192,7341807,1040843,124077823347,231068133494
18161665,8192,7350157,1045352,124076331700,233761313751
18169857,8192,7358440,1155698,123804646559,222882149601
18178049,8192,7366694,1168029,123738642967,224391737162
18186241,8192,7374947,1287030,123844935174,230026868791
18194433,8192,7383221,1126547,123712845708,227135714056
18202625,8192,7391475,987425,124535109821,234598126768
18210817,8192,7399742,1012301,124231635810,243030792030
18219009,8192,7407987,1160175,123996504845,222589220156
18227201,8192,7416247,1234696,123502477845,227055703636
18235393,8192,7424510,1192308,123850914107,227433675483
18243585,8192,7432769,1181081,123639714052,228492841381
18251777,8192,7441011,1122330,123791286451,233726397329
18259969,8192,7449248,1057141,124005826008,239907774290
18268161,8192,7457480,1149776,123780189861,228548247089
18276353,8192,7465732,1138922,123825049322,235623229622
18284545,8192,7473976,1116748,123912936549,234802591291
18292737,8192,7482227,1127798,124011657362,238574377711
18300929,8192,7490473,1167190,123832281793,244147171140
18309121,8192,7498722,1053420,124124411697,244817463793
18317313,8192,7506978,1133163,123892826376,240930368230
18325505,8192,7515227,1132535,123963669651,248528833356
18333697,8192,7523497,1174914,123807898511,244883985554
18341889,8192,7531758,1150732,124008898402,235235903478
18350081,8192,7540010,1095754,124066570254,240007584822
18358273,8192,7548250,1031926,124293311968,248732396934
18366465,8192,7556485,1169850,123796488548,229692400353
18374657,8192,7564737,1137885,123763453499,237193495031
18382849,8192,7572992,1137153,123739979971,235477919607
18391041,8192,7581241,1196116,123696138160,226081823813
18399233,8192,7589493,1188419,123748760146,234355172132
18407425,8192,7597744,1130750,123806830257,242155509650
18415617,8192,7606005,1203397,123713240856,228635896784
18423809,8192,7614258,1257068,123661939920,228377025340
18432001,8192,7622531,1252621,123647146166,222304478511
18440193,8192,7630780,1205858,123608104486,227286529126
18448385,8192,7639025,1171536,123606480487,227533502824
18456577,8192,7647282,1184335,123687962207,226494622512
18464769,8192,7655550,1227707,123656285174,232971737932
18472961,8192,7663813,1284738,123601764262,217891115512
18481153,8192,7672060,1256303,123642445478,225489631873
18489345,8192,7680331,1195079,123543052072,228673037593
18497537,8192,7688594,1238864,123729824111,232199056113
18505729,8192,7696861,1182352,123593591406,233774266483
18513921,8192,7705129,1233586,123621916055,221722372521
18522113,8192,7713386,1230026,123625792489,229713878631
18530305,8192,7721624,1223627,123553925647,225676643158
18538497,8192,7729874,1290154,123671245630,225822913559
18546689,8192,7738125,1276381,123699036245,240710326427
18554881,8192,7746382,1246012,123733776212,251399651317
18563073,8192,7754631,1246486,123634151269,223432995124
18571265,8192,7762868,1219353,123672327030,219120215586
18579457,8192,7771127,1233808,123544543122,224540385672
18587649,8192,7779363,1254190,123650030852,225538630017
18595841,8192,7787617,1244508,123614833950,228469271628
18604033,8192,7795903,1259904,123713505259,245834737003
18612225,8192,7804160,1216570,123810115467,239002744381
18620417,8192,7812425,1282421,123680636979,220933930802
18628609,8192,7820683,1290295,123762052048,219970450874
18636801,8192,7828925,1329761,123624356896,228774833952
18644993,8192,7837197,1229232,123673332562,238298542887
18653185,8192,7845459,1124831,123722979147,247755073958
18661377,8192,7853721,1141839,123760941969,252965158192
18669569,8192,7861982,1276577,123643292573,224394682716
18677761,8192,7870232,1348989,123665435619,219339524204
18685953,8192,7878487,1292258,123614723053,220986872068
18694145,8192,7886739,1280894,123635445331,212827028218
18702337,8192,7894977,1370284,123674712258,233044568762
18710529,8192,7903249,1196262,123768009361,259421338497
18718721,8192,7911506,1315408,123701070991,236419362085
18726913,8192,7919763,1376836,123723517082,237835081634
18735105,8192,7928038,1294708,123852643029,240857693264
18743297,8192,7936310,1380152,123592761710,231779234503
18751489,8192,7944586,1294239,123792768243,255950376657
18759681,8192,7952835,1286704,123765852488,258921383267
18767873,8192,7961090,1233835,123872769832,246268071592
18776065,8192,7969343,1205041,123986510127,246752354628
18784257,8192,7977613,1310812,123933188174,237611463177
18792449,8192,7985880,1371731,123735994772,225588994042
18800641,8192,7994181,1231492,123976611447,218673814352
18808833,8192,8002461,1239882,123867437997,275348087576
18817025,8192,8010724,1294709,123735714868,231324809297
18825217,8192,8019018,1333260,123846313048,236216480625
18833409,8192,8027303,1475343,123747332848,233358669210
18841601,8192,8035559,1384494,123689349896,239339455609
18849793,8192,8043832,1323590,123619746748,253975419054
18857985,8192,8052126,1314599,123671843490,259806295941
18866177,8192,8060419,1273194,123657643737,262592662004
18874369,8192,8068684,1277332,123711691345,263671257833
18882561,8192,8076974,1321935,123658427466,240829259903
18890753,8192,8085252,1332345,123535674414,240374852141
18898945,8192,8093563,1248370,123739831742,261242411722
18907137,8192,8101832,1253229,123728100060,272495748984
18915329,8192,8110114,1266595,123781071763,287014825585
18923521,8192,8118398,1288376,123635147516,245544319734
18931713,8192,8126667,1252811,123705837334,238403599207
18939905,8192,8134951,1264747,123685039020,247929731617
18948097,8192,8143260,1204967,123815134928,260165314973
18956289,8192,8151644,1161537,124211789248,259258762110
18964481,8192,8159956,1256820,123969766721,262679327967
18972673,8192,8168234,1252926,123728441436,248444999811
18980865,8192,8176488,1415393,123858693129,224149343759
18989057,8192,8184767,1378115,123669387522,254876347245
18997249,8192,8193014,1385398,123764285378,244414561486
19005441,8192,8201259,2044815,123824739294,212793319861
19013633,8192,8209499,1454448,123669961183,237729970906
19021825,8192,8217728,1418905,123653695356,217673081752
19030017,8192,8225983,1368129,123782896509,218063969802
19038209,8192,8234228,1371339,123663808593,227206759954
19046401,8192,8242460,1304989,123701427919,249242354034
19054593,8192,8250694,1231354,123767425903,262281442596
19062785,8192,8259059,1276243,123815788056,256746199994
19070977,8192,8267362,1259116,123826364821,257700915634
19079169,8192,8275635,1244576,123691753909,252960014431
19087361,8192,8283896,1333438,123832840822,232050377322
19095553,8192,8292156,1339566,123691549401,241317589416
19103745,8192,8300438,1321099,123849518114,255954823526
19111937,8192,8308689,1260937,123793147462,263783857817
19120129,8192,8316948,1359851,123815115800,238253160199
19128321,8192,8325217,1314760,123666197796,231106244442
19136513,8192,8333493,1305248,123946920476,224297225274
19144705,8192,8341773,1266103,124104017949,231169595475
19152897,8192,8350064,1198093,124118652749,249792501526
19161089,8192,8358344,1230459,124206694754,252689195223
19169281,8192,8366622,1242437,124122790289,220112342326
19177473,8192,8374907,1340729,123989599941,214315575243
19185665,8192,8383182,1236760,123969611623,204947616861
19193857,8192,8391454,1222610,123806886071,193224879770
19202049,8192,8399735,1165655,124131985407,219678363325
19210241,8192,8408023,1140966,124274057934,248351639138
19218433,8192,8416275,1181096,124295618123,244812014952
19226625,8192,8424566,1297683,124266922414,240108382118
19234817,8192,8432837,1319023,124094997030,240045429139
19243009,8192,8441120,1360327,123910732432,231217608106
19251201,8192,8449406,1252019,124116392865,259778823175
19259393,8192,8457720,1260334,124142787832,246844774819
19267585,8192,8465991,1316043,124053267886,248186291221
19275777,8192,8474282,1309169,124018708984,231059989228
19283969,8192,8482572,1275841,124069272958,222565376377
19292161,8192,8490824,1305573,124069543469,216296728923
19300353,8192,8499067,1256213,124228260168,241261083274
19308545,8192,8507317,1263227,124254644406,254702139566
19316737,8192,8515576,1372672,124139191434,238685361750
19324929,8192,8523827,1383445,124230321106,238852543723
19333121,8192,8532090,1428299,124072932148,234434212268
19341313,8192,8540334,1378236,124230760063,236632034947
19349505,8192,8548571,1403329,124273109664,239121656304
19357697,8192,8556815,1360346,124388928610,253313168882
19365889,8192,8565049,1451538,124212199926,233823734044
19374081,8192,8573279,1456308,124187628104,235763359887
19382273,8192,8581515,1390404,124001805374,230873516716
19390465,8192,8589756,1406332,124183216259,232585963999
19398657,8192,8598061,1376343,124298522851,238401117642
19406849,8192,8606304,1323253,124203729016,245235673329
19415041,8192,8614553,1409825,124184434083,238353848707
19423233,8192,8622797,1407012,124190932397,239427389614
19431425,8192,8631094,1479016,124444652304,244271243655
19439617,8192,8639405,1494194,124598689249,259834525867
19447809,8192,8647696,1525689,124654060201,271779091092
19456001,8192,8655991,1400235,124746985771,285509174906
19464193,8192,8664284,1463073,124708696824,268077268109
19472385,8192,8672573,1567587,124492865502,246090015764
19480577,8192,8680848,1569982,124675941826,252677688760
19488769,8192,8689133,1519310,124642372180,260519383238
19496961,8192,8697400,1532953,124562923150,263573911340
19505153,8192,8705700,1441553,124706105566,282235217310
19513345,8192,8714026,1431476,124579418319,266701072279
19521537,8192,8722316,1534603,124318946052,254661902675
19529729,8192,8730829,1504678,124337950932,247604618232
19537921,8192,8739185,1496091,124380640734,252646485687
19546113,8192,8747474,1471940,124404502871,259844703760
19554305,8192,8755777,1421459,124410898435,272444367451
19562497,8192,8764071,1449555,124385162902,263292091107
19570689,8192,8772348,1436175,124282074762,243110981372
19578881,8192,8780597,1384474,124120403426,244311083494
19587073,8192,8788850,1423744,124233175249,248473099283
19595265,8192,8797112,1411530,124285329601,256158814450
19603457,8192,8805376,1362120,124482829897,281436930173
19611649,8192,8813644,1366587,124396688881,264511597173
19619841,8192,8821912,1431304,124303363675,228858828295
19628033,8192,8830158,1382837,124278179872,250897960886
19636225,8192,8838416,1386317,124267212875,255843145718
19644417,8192,8846685,1477932,124283847315,254605910079
19652609,8192,8854969,1327150,124512018946,260964371044
19660801,8192,8863231,1333121,124620238398,270851639152
19668993,8192,8871496,1361699,124457738133,266179438020
19677185,8192,8879742,1402400,124720060656,239598567052
19685377,8192,8887996,1426421,124385138939,254600362828
19693569,8192,8896260,1349485,124526186496,254117536651
19701761,8192,8904509,1300798,124683267469,281609929845
19709953,8192,8912750,1312484,124522623013,264077910613
19718145,8192,8920990,1367280,124234964352,253551986053
19726337,8192,8929255,1367565,124243473683,238345958370
19734529,8192,8937499,1360530,124198160597,242331842147
19742721,8192,8945763,1355984,124540036759,269710413560
19750913,8192,8954019,1252870,124821955842,280170680335
19759105,8192,8962263,1317146,124580362846,265972608852
19767297,8192,8970503,1425710,124319133475,240862197682
19775489,8192,8978751,1426943,124406846992,242265183887
19783681,8192,8986991,1408096,124487406122,247478193009
19791873,8192,8995239,1375954,124221565854,253330615290
19800065,8192,9003484,1328449,124456618248,263745037261
19808257,8192,9011734,1308968,124536261314,250512131558
19816449,8192,9019990,1361273,124451868445,253576281448
19824641,8192,9028233,1386800,124442024416,250922659285
19832833,8192,9036486,1311633,124472221441,253653269548
19841025,8192,9044737,1321663,124723548990,261949639983
19849217,8192,9052980,1296587,124201124261,240168675026
19857409,8192,9061230,1211690,124816889058,260810938106
19865601,8192,9069473,1341044,124415440188,247535184976
19873793,8192,9077747,1364059,124478097811,257733759665
19881985,8192,9085984,1370389,124290076590,244675698367
19890177,8192,9094228,1315726,124427228697,245092294760
19898369,8192,9102490,1250201,124502760559,271271924595
19906561,8192,9110734,1226278,124794745557,257582980721
19914753,8192,9118990,1262021,124642676514,250251347354
19922945,8192,9127236,1373100,124069895033,246013363844
19931137,8192,9135486,1343031,124229005523,252343263765
19939329,8192,9143725,1329349,124204790713,241175916879
19947521,8192,9151974,1333083,124392561546,268135116077
19955713,8192,9160210,1314942,124423623184,259637232675
19963905,8192,9168454,1333019,124345711165,234392110594
19972097,8192,9176695,1257352,124232825992,243698708736
19980289,8192,9184953,1323568,124094474908,236352677642
19988481,8192,9193196,1326751,124163998517,231145762521
19996673,8192,9201443,1336252,123996321353,241073239099
20004865,8192,9209675,1240854,124226710247,240794426569
20013057,8192,9217912,1304799,123931172877,225663954571
20021249,8192,9226144,1330787,123950597201,238972760711
20029441,8192,9234372,1338896,123821130868,223707254142
20037633,8192,9242611,1317090,123654099640,223362340764
20045825,8192,9250848,1347082,123953641816,237579630344
20054017,8192,9259089,1325267,123876567291,253149449133
20062209,8192,9267322,1318717,124055393101,238785172436
20070401,8192,9275563,1366227,123762444016,227110018157
20078593,8192,9283801,1384871,123911184108,230357797375
20086785,8192,9292062,1406126,123940016782,229821195467
20094977,8192,9300302,1339685,124015415943,241135205169
20103169,8192,9308551,1301714,124029391097,258796001986
20111361,8192,9316795,1273066,124087816974,259111184045
20119553,8192,9325059,1341785,124092854149,242094752214
20127745,8192,9333311,1300304,124171257384,243828243925
20135937,8192,9341560,1312828,123895576655,231298657630
20144129,8192,9349801,1478597,124131653209,265220358178
20152321,8192,9358049,1401974,124342040084,288943440173
20160513,8192,9366304,1278720,124374744387,269569556616
20168705,8192,9374550,1346678,123936121923,252570051555
20176897,8192,9382778,1424523,124108232349,256408212734
20185089,8192,9391015,1377219,123885049400,242531797214
20193281,8192,9399251,1336187,123788574103,252126574579
20201473,8192,9407494,1298463,124269759102,279763685013
20209665,8192,9415724,1286626,124087576326,273663249787
20217857,8192,9423960,1317852,123942254668,259670722343
20226049,8192,9432209,1299917,124147683853,245025395983
20234241,8192,9440439,1360846,123774875427,236044310865
20242433,8192,9448678,1459730,123854928977,246776326942
20250625,8192,9456910,1312416,124076624635,273272729194
20258817,8192,9465146,1171595,124427662111,276014840735
20267009,8192,9473399,1317129,124097688366,260192354159
20275201,8192,9481639,1334263,123937658483,243885820653
20283393,8192,9489868,1363375,124067024594,235454797269
20291585,8192,9498106,1363384,123869625532,251547433370
20299777,8192,9506347,1316781,124039812722,268269727791
20307969,8192,9514581,1244265,123989778309,244353637472
20316161,8192,9522818,1314009,123995263661,242885728939
20324353,8192,9531037,1360451,123857218332,238703803322
20332545,8192,9539273,1365918,123758625145,225707126613
20340737,8192,9547499,1315447,123780556120,229516347398
20348929,8192,9555732,1291597,124045417961,269998249267
20357121,8192,9563959,1279773,124504091119,271505358047
20365313,8192,9572201,1312646,123669140229,233214743521
20373505,8192,9580431,1311170,124039182811,251690739693
20381697,8192,9588664,1276710,124097202607,257021304514
20389889,8192,9596900,1309255,123990059477,254559087773
20398081,8192,9605136,1256225,124206051024,257396293514
20406273,8192,9613370,1215683,124065312931,238028159285
20414465,8192,9621591,1244275,124192634311,252680784048
20422657,8192,9629846,1320255,123998089347,232325656345
20430849,8192,9638079,1321247,123888932332,224524035442
20439041,8192,9646308,1265381,123823513533,228416876829
20447233,8192,9654555,1276821,123996852027,244521819064
20455425,8192,9662773,1197252,124532117855,273571258013
20463617,8192,9670997,1257479,124388614409,249177952772
20471809,8192,9679232,1285411,123650110177,255649058335
20480001,8192,9687458,1297199,123749972625,247652997670
20488193,8192,9695679,1243615,123883712183,239948249728
20496385,8192,9703905,1269253,124047419113,253841488565
20504577,8192,9712142,1135247,124465862938,264044419104
20512769,8192,9720378,1161611,124184136025,242330355088
20520961,8192,9728604,1245300,124007077488,237928533752
20529153,8192,9736836,1421269,123962849137,250113611003
20537345,8192,9745081,1439333,123669332793,247285107962
20545537,8192,9753315,1253608,124231633533,258920432755
20553729,8192,9761549,1145025,124604070901,267486695070
20561921,8192,9769782,1166959,124453507182,251137025158
20570113,8192,9778022,1229301,123923336719,247746017903
20578305,8192,9786257,1215782,124508837186,253351499253
20586497,8192,9794502,1269527,124050642770,250589550207
20594689,8192,9802745,1292003,124332499053,253827429068
20602881,8192,9810996,1228322,124543532771,263007778273
20611073,8192,9819237,1097645,124814044268,252211690555
20619265,8192,9827482,1324919,124291925023,246388470981
20627457,8192,9835711,1316468,124306662368,245724474203
20635649,8192,9843959,1323405,124238897976,249571883878
20643841,8192,9852200,1312577,124110240029,252336178379
20652033,8192,9860438,1167898,124654545575,255194304941
20660225,8192,9868668,1172966,124818915829,256708791294
20668417,8192,9876900,1236978,124229513827,230459201685
20676609,8192,9885128,1278425,124191509641,248370690740
20684801,8192,9893357,1277423,124164220953,227739278010
20692993,8192,9901590,1299309,124222150078,239402759271
20701185,8192,9909808,1280639,124039124147,253010736399
20709377,8192,9918046,1237605,124150614349,259073547417
20717569,8192,9926276,1319388,123967676483,236146470481
20725761,8192,9934518,1333524,123906422105,240384749242
20733953,8192,9942757,1342890,124072186073,246652754510
20742145,8192,9950994,1335924,123999386424,240736095672
20750337,8192,9959240,1282264,124044134635,249102298222
20758529,8192,9967460,1252221,124075251218,256973552131
20766721,8192,9975702,1248961,124010223875,232962383558
20774913,8192,9983955,1296280,123959551616,230241435309
20783105,8192,9992198,1295855,123861766459,219501169148
20791297,8192,10000436,1357061,123655847951,228241586529
20799489,8192,10008679,1286683,123903565050,215909662024
20807681,8192,10016909,1225709,123683481511,238076451466
20815873,8192,10025141,1281184,123701645397,224008826316
20824065,8192,10033363,1306171,123674520523,216908825837
20832257,8192,10041601,1300593,123697978959,221437555581
20840449,8192,10049823,1322193,123742084041,227395926149
20848641,8192,10058046,1339278,123881511204,258966345341
20856833,8192,10066279,1280156,124044652168,257106669689
20865025,8192,10074499,1341045,123939717225,254751040868
20873217,8192,10082726,1449149,123875874183,234505273713
20881409,8192,10090947,1318637,123828156277,243723381853
20889601,8192,10099176,1310004,124079212741,243963915496
20897793,8192,10107391,1287441,124064006649,238680263880
20905985,8192,10115611,1238107,123942336536,236623616867
20914177,8192,10123834,1270972,123967807271,229308126863
20922369,8192,10132052,1338406,123619826798,220206929014
20930561,8192,10140274,1350373,123791381394,220766538573
20938753,8192,10148494,1314243,123637017493,232024636694
20946945,8192,10156745,1392627,123714739565,219307312826
20955137,8192,10165009,1283356,123904730600,249131416856
20963329,8192,10173259,1250992,123804630771,239860258391
20971521,8192,10181499,1396954,123899780038,229040632556
20979713,8192,10189737,1351704,123744674033,241184892517
20987905,8192,10197972,1408688,123937607291,230224290219
20996097,8192,10206206,1502921,123906819311,218693404379
21004289,8192,10214429,1419302,123927641555,251405134496
21005282,993,10223616,159274,15045217504,33029022396
