block_number,blocks,slot,txs,gas,time
8193,8192,1,0,0,234325819
16385,8192,1,0,0,243999482
24577,8192,1,0,0,227293458
32769,8192,1,0,0,237581266
40961,8192,1,0,0,228932477
49153,8192,1,1514,33070964,298141473
57345,8192,1,3916,407821091,427028359
65537,8192,1,2676,90041948,350882074
73729,8192,1,5821,197747509,413927801
81921,8192,1,4204,131282630,389240425
90113,8192,1,4589,112269814,386086186
98305,8192,1,3327,84662425,355665600
106497,8192,1,4168,105498119,370028071
114689,8192,1,4247,119199457,367801874
122881,8192,1,6054,163953975,390169319
131073,8192,1,5852,147449076,370259979
139265,8192,1,6678,168428364,386007957
147457,8192,1,7805,190561977,436307625
155649,8192,1,8675,220080834,449924139
163841,8192,1,7255,175016877,424254440
172033,8192,1,10115,242307512,484649846
180225,8192,1,12029,319429322,534406789
188417,8192,1,10493,307941046,511627627
196609,8192,1,8488,226000959,471601118
204801,8192,1,9431,284499928,492507461
212993,8192,1,9432,269025812,487384968
221185,8192,1,9745,253020191,492861578
229377,8192,1,9473,303239797,491336829
237569,8192,1,9752,287334366,499851481
245761,8192,1,9175,237099979,509724110
253953,8192,1,9225,299876210,516472074
262145,8192,1,8500,237942979,487916203
270337,8192,1,11073,360421503,542031264
278529,8192,1,11244,333906121,551884126
286721,8192,1,9944,288230259,519687050
294913,8192,1,9552,272964709,508129590
303105,8192,1,10564,278617464,514393619
311297,8192,1,9852,289668902,519202904
319489,8192,1,10772,285019105,528644179
327681,8192,1,9264,263512681,523554212
335873,8192,1,10710,300329465,556464004
344065,8192,1,10447,340557247,555217983
352257,8192,1,11871,367785281,586164415
360449,8192,1,11031,301110840,569614412
368641,8192,1,10176,272300629,543337885
376833,8192,1,10299,327273585,579489233
385025,8192,1,11650,328391280,577295038
393217,8192,1,10917,668394420,608723818
401409,8192,1,10512,371168499,575524822
409601,8192,1,11329,399996130,579937359
417793,8192,1,9682,299513459,543196095
425985,8192,1,10211,378463309,587376410
434177,8192,1,10123,371765259,601842757
442369,8192,1,10202,298321714,543773441
450561,8192,1,10252,488330843,842138933
458753,8192,1,11670,315763779,593271236
466945,8192,1,12392,405644045,611344870
475137,8192,1,11262,434129872,701385029
483329,8192,1,11885,436485530,812342102
491521,8192,1,11396,324292141,659779241
499713,8192,1,11390,316107054,574666986
507905,8192,1,19834,986537643,926837500
516097,8192,1,14518,537099270,694767705
524289,8192,1,14364,563247320,778965006
532481,8192,1,15028,641704064,827952701
540673,8192,1,11625,533545978,774961954
548865,8192,1,12334,352563908,601867016
557057,8192,1,11579,286224762,566167155
565249,8192,1,12543,387072166,610040258
573441,8192,1,11762,377902837,641420020
581633,8192,1,11889,329240266,594481996
589825,8192,1,12402,356748509,620287027
598017,8192,1,11554,361660592,585518349
606209,8192,1,11466,286807225,568235141
614401,8192,1,11355,383668685,815907405
622593,8192,1,12943,487254257,631635897
630785,8192,1,10960,369935232,569558132
638977,8192,1,10609,304527314,550068478
647169,8192,1,11891,400916707,588602410
655361,8192,1,13364,422684376,599732170
663553,8192,1,11233,291970815,576037227
671745,8192,1,11307,306322589,580566584
679937,8192,1,13718,480255087,734403849
688129,8192,1,12101,533373764,723292365
696321,8192,1,24697,2437912230,2378472226
704513,8192,1,24278,1882935448,1694886362
712705,8192,1,15914,1053536841,1260813622
720897,8192,1,14854,884970772,1124361207
729089,8192,1,18033,1103406409,1247459165
737281,8192,1,39634,2413080461,2433550419
745473,8192,1,20252,1205744179,1466906489
753665,8192,1,16649,914386676,1296881869
761857,8192,1,29450,1702093462,1915237959
770049,8192,1,19926,1149090055,1579221852
778241,8192,1,27585,1546147829,1828824104
786433,8192,1,13804,512905120,931660977
794625,8192,1,14238,555275432,991175759
802817,8192,1,20936,1074374824,1434931082
811009,8192,1,33100,2274628469,2264746023
819201,8192,1,21058,1074857191,1437807052
827393,8192,1,17945,1068696871,1323757861
835585,8192,1,16965,691346951,1117629224
843777,8192,1,24779,1318609001,1562658208
851969,8192,1,17337,797507253,1164315387
860161,8192,1,16221,653054698,853284186
868353,8192,1,17414,667767224,846719150
876545,8192,1,20874,997212648,1015305381
884737,8192,1,18556,602924448,851555757
892929,8192,1,20188,746509191,954442487
901121,8192,1,20728,705763650,901343508
909313,8192,1,28858,1212230895,1232115603
917505,8192,1,29450,1450050635,1424882323
925697,8192,1,25856,1070129090,1240709582
933889,8192,1,23756,919949479,1080177366
942081,8192,1,24390,780757258,976034386
950273,8192,1,22318,724737535,952382481
958465,8192,1,23856,823943680,994061509
966657,8192,1,39968,1787855655,1587194786
974849,8192,1,24875,783309904,1008281930
983041,8192,1,25559,758151178,1016260154
991233,8192,1,32769,996332438,1118046011
999425,8192,1,29253,955506690,1145723727
1007617,8192,1,28779,874607232,1033023158
1015809,8192,1,28640,944195150,1079230093
1024001,8192,1,30592,1077029621,1172321791
1032193,8192,1,30567,1025667741,1127359936
1040385,8192,1,26761,784549571,1020145377
1048577,8192,1,28815,1876343804,1158341558
1056769,8192,1,31628,1248873846,1102460051
1064961,8192,1,32758,1302389229,1229467451
1073153,8192,1,30961,857488355,1058438727
1081345,8192,1,33502,949562723,1131541887
1089537,8192,1,37121,995463452,1193783131
1097729,8192,1,40115,1081576458,1206880779
1105921,8192,1,42800,1253697553,1324747794
1114113,8192,1,41667,1235498720,1262632209
1122305,8192,1,38878,1141426898,1209593610
1130497,8192,1,41538,1202802604,1214473007
1138689,8192,1,39904,1101644111,1171959313
1146881,8192,1,44221,1340457745,1240868491
1155073,8192,1,43528,1383496645,1268435749
1163265,8192,1,38152,1246718060,1190565344
1171457,8192,1,44944,1374923499,1326402081
1179649,8192,1,46242,1574630437,1384108908
1187841,8192,1,44523,1522997076,1298888895
1196033,8192,1,43594,1529570548,1496028435
1204225,8192,1,41259,1452683779,1330152916
1212417,8192,1,52923,2302777232,1907820321
1220609,8192,1,46705,1563686082,1438442338
1228801,8192,1,46123,1514235577,1525980285
1236993,8192,1,43046,1458453689,1492183971
1245185,8192,1,49499,1658881432,1537442445
1253377,8192,1,46254,1516126264,1292577119
1261569,8192,1,42318,1328121509,1450486593
1269761,8192,1,40021,1078268036,1189780149
1277953,8192,1,46365,1435004546,1471656405
1286145,8192,1,50841,1591258579,1565055281
1294337,8192,1,41499,1271776158,1281025371
1302529,8192,1,47633,1512367159,1577542273
1310721,8192,1,42641,1164414830,1277229737
1318913,8192,1,42610,1137106273,1267424935
1327105,8192,1,45560,1357858661,1395062851
1335297,8192,1,50369,1781939706,1412619889
1343489,8192,1,45221,1209479371,1285311150
1351681,8192,1,44015,1206824098,1307604644
1359873,8192,1,54888,1591716049,1308510787
1368065,8192,1,43396,1184809863,1330361825
1376257,8192,1,48876,1593180641,1477509613
1384449,8192,1,45143,1439543743,1233721312
1392641,8192,1,41341,1118372583,1338562807
1400833,8192,1,45540,1329131424,1328094841
1409025,8192,1,49104,1485363761,1483483952
1417217,8192,1,44023,1225869865,1248263340
1425409,8192,1,49886,1450651632,1452520999
1433601,8192,1,56669,1681771886,1524397546
1441793,8192,1,54635,1947185643,1565631567
1449985,8192,1,56685,1624594158,1468117460
1458177,8192,1,50196,1613347851,1485173170
1466369,8192,1,54893,2240127730,2084046328
1474561,8192,1,52100,1483885342,1476302792
1482753,8192,1,51280,1586965488,1549371301
1490945,8192,1,56855,1674576856,1450615242
1499137,8192,1,52382,1728224502,1472713868
1507329,8192,1,60036,2138598848,1867299165
1515521,8192,1,69268,2441975068,1938481837
1523713,8192,1,56514,1832134302,1766064793
1531905,8192,1,51124,1731842384,1621092429
1540097,8192,1,58754,1911501394,1686115364
1548289,8192,1,61429,1987968261,1631939692
1556481,8192,1,60630,2360467143,1896506271
1564673,8192,1,56981,1819841802,1542429799
1572865,8192,1,56494,1777140576,1553199794
1581057,8192,1,59042,1735378915,1506790769
1589249,8192,1,68973,2172337508,1853507502
1597441,8192,1,64306,2192773982,1761951122
1605633,8192,1,86669,3493104245,2390088434
1613825,8192,1,62112,2154462632,1709644129
1622017,8192,1,60118,1914186297,1615798956
1630209,8192,1,53413,1741132990,1476532191
1638401,8192,1,56756,1633896769,1422583948
1646593,8192,1,50346,1452533160,1393163125
1654785,8192,1,50828,1521883376,1382482710
1662977,8192,1,60376,3061122313,2246937806
1671169,8192,1,55258,1843787387,1649653349
1679361,8192,1,55775,1793288354,1523070226
1687553,8192,1,52281,1793521528,1494967031
1695745,8192,1,55227,1857680146,1553792821
1703937,8192,1,64652,2265573762,1821911622
1712129,8192,1,63355,2060421766,1741508076
1720321,8192,1,65682,5800241515,7735879392
1728513,8192,1,95610,16739007815,41121040373
1736705,8192,1,67917,4743426756,8377563311
1744897,8192,1,62602,3296268924,3869891922
1753089,8192,1,68336,3841591968,3013109872
1761281,8192,1,58130,2076897006,1939348899
1769473,8192,1,57022,2221809906,1627252247
1777665,8192,1,52898,1689289635,1676401872
1785857,8192,1,53856,1708894430,1805234621
1794049,8192,1,56044,1992483551,2132122618
1802241,8192,1,90325,5767597538,2797822317
1810433,8192,1,52758,2499380206,4514801597
1818625,8192,1,55194,1772826158,1870922270
1826817,8192,1,53703,1704827192,1556672000
1835009,8192,1,49822,1916513753,2037686142
1843201,8192,1,53374,1676538934,1563785659
1851393,8192,1,60123,2381439875,3156118511
1859585,8192,1,56426,2865260110,4622428443
1867777,8192,1,50632,1670163364,1834102398
1875969,8192,1,53453,1904646721,2014110427
1884161,8192,1,54655,1840362954,1654985481
1892353,8192,1,54265,1824465369,1580337704
1900545,8192,1,51280,1414646366,1404315367
1908737,8192,1,47043,1388770142,1376606460
1916929,8192,1,63160,1874850406,1595728737
1925121,8192,1,62773,4171399935,7624162985
1933313,8192,1,65738,2266620454,2060127714
1941505,8192,1,62037,2034143904,1723449092
1949697,8192,1,79321,2248553641,1849232511
1957889,8192,1,74738,2527380908,2211103098
1966081,8192,1,75137,2369261794,1904266055
1974273,8192,1,66582,2970283633,2190687331
1982465,8192,1,60335,2173102476,2262238779
1990657,8192,1,63657,1764764048,1530040707
1998849,8192,1,66671,2054100679,1723197474
2007041,8192,1,68240,2035711402,1745157609
2015233,8192,1,60275,1885646786,1564063319
2023425,8192,1,59731,1718762000,1517714882
2031617,8192,1,56298,1666187619,1468238150
2039809,8192,1,56416,2985329528,2187921819
2048001,8192,1,67806,2074138922,1628269149
2056193,8192,1,63577,1903780373,1604222397
2064385,8192,1,55865,1657169845,1514456705
2072577,8192,1,58480,1557471379,1426680580
2080769,8192,1,55331,1599645346,1420810812
2088961,8192,1,64228,1850037001,1662210220
2097153,8192,1,66060,2188998555,1830445093
2105345,8192,1,54235,1660505770,1535148361
2113537,8192,1,56694,1742357705,1468294379
2121729,8192,1,61614,1816239031,1578747315
2129921,8192,1,63451,3861822325,2392918584
2138113,8192,1,69603,2043909844,1619179913
2146305,8192,1,61611,1914481982,1548036550
2154497,8192,1,62524,1658273809,1424086728
2162689,8192,1,61974,1798911967,1548880025
2170881,8192,1,62834,1920681017,1615646687
2179073,8192,1,61629,1818058493,1599581819
2187265,8192,1,76278,2727312503,1964789772
2195457,8192,1,59767,1675377812,1489380751
2203649,8192,1,65371,2614658821,1802380580
2211841,8192,1,62364,2039781213,1525484768
2220033,8192,1,60969,1981999587,1649146452
2228225,8192,1,85854,2814470323,1917504043
2236417,8192,1,55933,1813330669,1437402266
2244609,8192,1,57588,1730634676,1486602910
2252801,8192,1,63320,2021513820,1624766103
2260993,8192,1,65183,2112882377,1781065428
2269185,8192,1,74523,2354744595,1752492959
2277377,8192,1,72172,2714744039,1891061039
2285569,8192,1,50199,1706002470,2666656248
2293761,8192,1,61842,1801256949,6058841554
2301953,8192,1,68639,2034760072,1837015288
2310145,8192,1,66952,2916329686,15602159030
2318337,8192,1,48275,1914011719,11691966360
2326529,8192,1,56968,3010508461,23125398582
2334721,8192,1,60252,3532946594,44274002664
2342913,8192,1,59242,2893073539,20846191439
2351105,8192,1,56520,2437337126,4256154514
2359297,8192,1,53930,2539978338,8967812104
2367489,8192,1,72486,5437092390,37106541842
2375681,8192,1,64351,3955814780,34105765809
2383873,8192,1,72150,4175006287,26074830256
2392065,8192,1,52311,3587030185,49264579315
2400257,8192,1,60755,3380343872,108339735242
2408449,8192,1,54394,3489623288,88006896272
2416641,8192,1,59749,3571481590,53028595970
2424833,8192,1,52901,2140315677,70185629191
2433025,8192,1,41983,2064705182,90281474568
2441217,8192,1,52489,1940457621,35730265070
2449409,8192,1,47032,1416811786,15920551787
2457601,8192,1,50121,1416935937,21337477835
2465793,8192,1,63997,2059194432,17903850154
2473985,8192,1,52613,5415624522,48910255879
2482177,8192,1,77644,2200694454,3287527416
2490369,8192,1,47944,1381582456,1523199192
2498561,8192,1,58110,1704965277,1604728121
2506753,8192,1,68097,2292291281,1928763549
2514945,8192,1,59292,1798672209,1747611620
2523137,8192,1,59793,1784849739,1736411227
2531329,8192,1,57693,1656383700,1687296384
2539521,8192,1,55694,1627913854,1536939446
2547713,8192,1,63237,1907051300,1785471473
2555905,8192,1,61395,1723186230,1706359909
2564097,8192,1,57303,1576168754,1736513847
2572289,8192,1,44899,1243188531,1318686657
2580481,8192,1,50737,1381762673,1450640472
2588673,8192,1,53997,1523970827,1584049095
2596865,8192,1,56755,1868225974,1848623171
2605057,8192,1,54579,1853422028,1667458213
2613249,8192,1,57937,1749156374,1691623381
2621441,8192,1,54830,1654717503,1638832663
2629633,8192,1,59687,1932781220,1711739570
2637825,8192,1,58098,1831832946,1659401880
2646017,8192,1,57577,1732304988,1611356096
2654209,8192,1,56517,1691425491,1484799143
2662401,8192,1,54908,1580644481,1697424919
2670593,8192,1,56589,1781259427,1505953545
2678785,8192,1,85495,2598196853,13571763055
2686977,8192,1,59696,3974729576,68177043490
2695169,8192,1,72462,4113740875,42463881407
2703361,8192,1,55726,4743499117,65590504742
2711553,8192,1,65254,6348291025,86504664283
2719745,8192,1,64427,5199613546,50042070130
2727937,8192,1,50844,1684630038,2123835578
2736129,8192,1,54697,1652133461,1542397244
2744321,8192,1,53051,1748152517,1462808322
2752513,8192,1,55339,1979520745,1645180612
2760705,8192,1,64847,2063457441,1668794766
2768897,8192,1,55277,1804237075,1607280778
2777089,8192,1,56023,1776551857,1579055346
2785281,8192,1,52991,1726269370,1639793119
2793473,8192,1,52624,2213276915,1529644884
2801665,8192,1,55238,1810591298,1635114121
2809857,8192,1,63980,2356415998,1871148854
2818049,8192,1,65743,2448549979,1919504915
2826241,8192,1,54971,1881197690,1592177133
2834433,8192,1,49662,1953789890,1667285067
2842625,8192,1,58392,2038106026,1646181264
2850817,8192,1,64185,2225753659,1770275373
2859009,8192,1,76490,2486660557,2026260394
2867201,8192,1,55683,1760491642,1567308058
2875393,8192,1,50675,1452936266,1384641262
2883585,8192,1,50157,1522394202,1441249504
2891777,8192,1,58225,1860099069,1562102555
2899969,8192,1,60144,2083730262,1638421240
2908161,8192,1,60988,2086757942,1663109385
2916353,8192,1,54302,1714680114,1482245746
2924545,8192,1,50695,1584719153,1523447507
2932737,8192,1,63026,2305221488,1930034670
2940929,8192,1,67480,2204851332,1791249316
2949121,8192,1,61833,1971573134,1674398326
2957313,8192,1,58505,1930260127,1649044254
2965505,8192,1,59699,1937673518,1698428928
2973697,8192,1,63091,2244391292,1796760256
2981889,8192,1,64874,2137001608,1685022991
2990081,8192,1,70738,2397486878,1760859058
2998273,8192,1,58903,1853897373,1569684123
3006465,8192,1,54373,1766782589,1515772820
3014657,8192,1,65027,2294148724,1764251375
3022849,8192,1,60922,2027141448,1715466258
3031041,8192,1,58548,1960456703,1725251909
3039233,8192,1,61315,2005539036,1745137719
3047425,8192,1,62091,2149768492,1796274240
3055617,8192,1,67927,2452616440,1939995291
3063809,8192,1,62018,2292070946,1893902994
3072001,8192,1,63286,2183742248,1951295000
3080193,8192,1,65669,2218082794,1786044932
3088385,8192,1,54874,1846213528,1680724102
3096577,8192,1,63311,2098245747,1773132743
3104769,8192,1,59762,2124435421,1710034855
3112961,8192,1,58897,2178531771,1866100380
3121153,8192,1,58468,1974991763,1716169353
3129345,8192,1,63556,2065813146,1763153202
3137537,8192,1,64128,2220717880,1843842636
3145729,8192,1,70462,2665896127,1994394658
3153921,8192,1,64806,2336669302,1936964171
3162113,8192,1,70074,2730719806,2145507827
3170305,8192,1,60420,2178878613,1800611278
3178497,8192,1,73252,3110141726,2170216003
3186689,8192,1,79081,2976280771,2112059112
3194881,8192,1,71074,2804402262,2071494416
3203073,8192,1,64978,2351345544,1873513758
3211265,8192,1,68556,2464803794,1901899497
3219457,8192,1,66845,2286314550,1820381461
3227649,8192,1,75763,3113040792,2116141182
3235841,8192,1,69688,2984250772,2106189833
3244033,8192,1,68668,2289170959,1889927612
3252225,8192,1,71170,2634879929,2101946562
3260417,8192,1,70604,2482121481,2031433548
3268609,8192,1,79874,2821352557,2188337625
3276801,8192,1,82615,2938903296,2216171460
3284993,8192,1,93464,3013882836,2425400200
3293185,8192,1,81232,2628326517,2137825670
3301377,8192,1,77780,2508423110,1957177890
3309569,8192,1,85412,2762075045,2157716341
3317761,8192,1,74949,2364616867,1902821531
3325953,8192,1,89542,3008034239,2376915440
3334145,8192,1,89382,3038054714,2242868213
3342337,8192,1,91012,2910544703,2332797860
3350529,8192,1,112957,4683356145,3014979818
3358721,8192,1,108487,3824938321,2768100981
3366913,8192,1,150248,4856683444,3250298085
3375105,8192,1,129410,4029391606,2986002611
3383297,8192,1,118959,3597176359,2687105111
3391489,8192,1,113031,3618928236,2689261266
3399681,8192,1,109702,3595863612,2584938259
3407873,8192,1,112341,3708098910,2621013555
3416065,8192,1,121089,3775021048,2680681027
3424257,8192,1,111288,3513747685,2680572826
3432449,8192,1,126552,4519125602,3111225692
3440641,8192,1,116739,3847970531,2936299500
3448833,8192,1,137505,4650151490,3199299942
3457025,8192,1,132372,4354448594,3177164039
3465217,8192,1,116438,3872751305,2906784947
3473409,8192,1,138958,4605215288,3498901757
3481601,8192,1,115237,3904507999,2917519713
3489793,8192,1,129313,4405146988,3132252324
3497985,8192,1,121326,4141663795,2958491164
3506177,8192,1,101941,3457895017,2710574626
3514369,8192,1,104473,3801545119,2798217911
3522561,8192,1,110663,3893580475,3058461732
3530753,8192,1,118136,4358681727,3013774456
3538945,8192,1,116538,3957151738,3194239929
3547137,8192,1,97599,3525061715,2802423931
3555329,8192,1,105494,3951999139,3302985904
3563521,8192,1,113777,4538716060,3350748339
3571713,8192,1,122232,4932027111,3630507604
3579905,8192,1,113517,5371454955,3157682954
3588097,8192,1,103751,3918968307,3213803872
3596289,8192,1,112257,4332652445,3257787272
3604481,8192,1,136619,5289710359,3687925739
3612673,8192,1,143158,5255428268,3632060892
3620865,8192,1,145745,4868936849,3658547637
3629057,8192,1,136562,4879877560,3642285910
3637249,8192,1,160424,6406024036,4161616382
3645441,8192,1,150436,5782052966,3937543905
3653633,8192,1,167559,5819732935,4360643484
3661825,8192,1,142125,5329409688,3740029054
3670017,8192,1,152266,6300591479,4003584612
3678209,8192,1,169497,6571385749,4201219643
3686401,8192,1,156250,7347905323,4329615252
3694593,8192,1,167344,7335647042,4474031777
3702785,8192,1,147702,7536226635,4535521034
3710977,8192,1,168287,8194709920,4782835628
3719169,8192,1,176741,9883600890,5593492431
3727361,8192,1,214081,11450730102,6181655790
3735553,8192,1,229327,12196031413,6591336491
3743745,8192,1,201943,10613685663,5881216851
3751937,8192,1,260406,12599459208,6940688827
3760129,8192,1,278528,15779303797,7771642549
3768321,8192,1,279013,16350363987,8134742928
3776513,8192,1,244538,13523383202,6894065254
3784705,8192,1,224822,12717337930,6906514777
3792897,8192,1,248995,13592095818,7282745073
3801089,8192,1,314302,19832169118,8452463316
3809281,8192,1,313676,17980594470,11611370642
3817473,8192,1,280618,16692684984,9386356514
3825665,8192,1,296114,15953100496,8854270693
3833857,8192,1,317754,17492872153,9489316651
3842049,8192,1,305857,17151665586,9622254549
3850241,8192,1,325308,16138916714,9659955304
3858433,8192,1,365858,18515263356,10463857643
3866625,8192,1,450999,21732698279,12686888426
3874817,8192,1,403872,18428150155,11476572420
3883009,8192,1,399350,18507971011,11731345719
3891201,8192,1,366142,17616667683,10921866856
3899393,8192,1,401398,20055154217,12426092248
3907585,8192,1,467519,26635229072,12861004273
3915777,8192,1,448080,27509986564,12783570536
3923969,8192,1,445137,22206823281,12654486633
3932161,8192,1,393944,20192356202,12186438092
3940353,8192,1,474437,21147977183,13644564928
3948545,8192,1,452736,24838577163,15514432850
3956737,8192,1,409197,21844246829,13784609534
3964929,8192,1,391200,20881198158,13812545227
3973121,8192,1,480657,24984090402,16164272845
3981313,8192,1,439836,24432971850,15830961236
3989505,8192,1,456105,22202913020,15413573049
3997697,8192,1,401541,19785653790,13358241020
4005889,8192,1,468451,21489133966,14954235858
4014081,8192,1,521089,25614275148,17552292515
4022273,8192,1,465732,25576854950,16026655892
4030465,8192,1,422645,19071909199,14607068754
4038657,8192,1,452765,21588202182,15163353947
4046849,8192,1,494336,24205815057,15922092546
4055041,8192,1,427170,19727949695,13742629479
4063233,8192,1,409232,17944225576,13205466622
4071425,8192,1,455169,22752023483,15486202549
4079617,8192,1,411552,20393151746,13391072048
4087809,8192,1,402826,19516574262,13755182141
4096001,8192,1,350511,18308327314,11989618655
4104193,8192,1,441704,23280158452,15212276313
4112385,8192,1,474401,24577424757,16889690359
4120577,8192,1,512389,25868228053,17762603424
4128769,8192,1,539622,25478534061,18387457495
4136961,8192,1,612130,30525492507,20226201436
4145153,8192,1,669828,31316179679,21665449257
4153345,8192,1,667176,32781900955,21720658737
4161537,8192,1,802050,39631270870,26000573707
4169729,8192,1,832182,45690595844,29912139475
4177921,8192,1,822935,40787417397,26185951312
4186113,8192,1,677937,33931766754,23240021536
4194305,8192,1,736129,33608364656,23254325206
4202497,8192,1,733583,31613370181,22818377353
4210689,8192,1,736596,33326421250,23679996990
4218881,8192,1,885279,42684031553,28085901478
4227073,8192,1,909505,44089434039,29036874104
4235265,8192,1,772574,36378544905,25782364462
4243457,8192,1,1021928,44970958961,31443037530
4251649,8192,1,1081239,50184234692,34139039074
4259841,8192,1,880278,41550585016,29877052292
4268033,8192,1,864414,41053728142,29984468636
4276225,8192,1,867715,42375737918,32223382648
4284417,8192,1,857098,44405284841,30318560255
4292609,8192,1,764839,40439697663,30586182992
4300801,8192,1,736339,41523378146,30178288722
4308993,8192,1,739102,40787147868,29687954142
4317185,8192,1,882460,46629010975,32613560441
4325377,8192,1,928715,45913689045,34372518152
4333569,8192,1,855500,44372358254,32912659175
4341761,8192,1,890587,45969894286,33597812293
4349953,8192,1,861954,44868560756,34241620714
4358145,8192,1,961145,45839288391,34531240294
4366337,8192,1,1022776,47707018313,36778758305
4374529,8192,1,788928,41640159530,30538924382
4382721,8192,1,680611,30304975089,23836119621
4390913,8192,1,633676,29394442349,24362256297
4399105,8192,1,691855,34599365091,23920611647
4407297,8192,1,587597,22219394536,18784235368
4415489,8192,1,602801,27141844419,20843821614
4423681,8192,1,637247,33563116251,25017471447
4431873,8192,1,602169,34452528559,25153520657
4440065,8192,1,644187,35202407283,26662531107
4448257,8192,1,635205,32303616551,25402047789
4456449,8192,1,658167,33516933106,26367440037
4464641,8192,1,714607,37151598010,29264757311
4472833,8192,1,687810,38954422870,30334026812
4481025,8192,1,691342,38855588548,30585094691
4489217,8192,1,597092,33111071840,27067942995
4497409,8192,1,530372,24797114990,21412441403
4505601,8192,1,664534,27768018498,23598148006
4513793,8192,1,607716,29462506589,24820904834
4521985,8192,1,636968,33818088203,27990489543
4530177,8192,1,576620,30857764315,24871661936
4538369,8192,1,555644,29902311532,25228152800
4546561,8192,1,576193,31728985315,25919375582
4554753,8192,1,614333,33933012035,28045062499
4562945,8192,1,694290,35077866299,28425122356
4571137,8192,1,685773,35235556368,29198505356
4579329,8192,1,595343,32512470264,26979898427
4587521,8192,1,616676,31432826950,27380717866
4595713,8192,1,732388,35462326767,31245723819
4603905,8192,1,701686,34053236118,29019096463
4612097,8192,1,696025,34813469923,29258240826
4620289,8192,1,756842,36575998133,31002341156
4628481,8192,1,695958,35807344495,29348485689
4636673,8192,1,839988,41325848673,35922653879
4644865,8192,1,859818,39561689628,34860293346
4653057,8192,1,878341,39038765676,35761842484
4661249,8192,1,838018,41732008967,37465032552
4669441,8192,1,868393,42367951309,40082381770
4677633,8192,1,1024408,50365921601,46354935927
4685825,8192,1,1106629,50823271509,47200111373
4694017,8192,1,983321,52251191383,43957260400
4702209,8192,1,1065994,53288175748,52151543026
4710401,8192,1,1004230,57029863421,54927979130
4718593,8192,1,1175867,60067148142,58672052005
4726785,8192,1,1283732,60320736424,57866944607
4734977,8192,1,1366216,63069754925,58488789761
4743169,8192,1,1249121,59108334014,53801048014
4751361,8192,1,1252125,59908605848,54601671412
4759553,8192,1,1451207,62045900188,57428805584
4767745,8192,1,1519992,62098558192,56101179745
4775937,8192,1,1585445,62497723845,53328365536
4784129,8192,1,1400070,58743219915,53682176612
4792321,8192,1,1052134,54186765245,43805853170
4800513,8192,1,1019534,49928583194,43201319442
4808705,8192,1,1261780,57510375260,50818228044
4816897,8192,1,1331357,57590718396,53774616362
4825089,8192,1,1639294,60808222944,56313153753
4833281,8192,1,1324521,56290819569,51331894439
4841473,8192,1,1365671,56727562845,52617489248
4849665,8192,1,1800565,61983009179,60747509387
4857857,8192,1,2002216,61977955389,58036218041
4866049,8192,1,1885881,62151807862,60101722795
4874241,8192,1,1724229,62804522499,59845857286
4882433,8192,1,1914229,62387106534,60994864743
4890625,8192,1,1784457,61980258440,57238842134
4898817,8192,1,1710320,62316592526,60091802440
4907009,8192,1,1726464,62391325627,58098611835
4915201,8192,1,1730007,63380891308,60918693726
4923393,8192,1,1858619,62279744506,60542715141
4931585,8192,1,1849680,62183892835,62431661529
4939777,8192,1,1496671,58403848500,56839292926
4947969,8192,1,1393070,58633948844,57605196037
4956161,8192,1,1327346,58788810672,56206477980
4964353,8192,1,1272246,58123924020,56036155292
4972545,8192,1,1159603,54810326446,53320417300
4980737,8192,1,1260970,53358611450,53782487351
4988929,8192,1,1176073,52672662572,51279758672
4997121,8192,1,1259241,55165172481,52434406705
5005313,8192,1,1262433,56373025517,51525689892
5013505,8192,1,1356029,59546446599,57739899318
5021697,8192,1,1305842,56689784355,55519068619
5029889,8192,1,1125879,53898877430,48997319707
5038081,8192,1,1161636,54269350642,49321704534
5046273,8192,1,1191117,54055514122,52344250442
5054465,8192,1,1056526,53286687769,49713155475
5062657,8192,1,1038563,52346336284,48704426157
5070849,8192,1,1111255,53626275181,47829339452
5079041,8192,1,1139166,53752148996,50315220929
5087233,8192,1,1010849,50228857996,45616919551
5095425,8192,1,1086570,52677277867,49128170388
5103617,8192,1,981145,52265804278,47253030004
5111809,8192,1,1077049,53626533614,49075234844
5120001,8192,1,1057547,54195882329,48494108491
5128193,8192,1,1208494,58216835003,54860646853
5136385,8192,1,1184261,56746767112,51464083621
5144577,8192,1,999424,52506836442,49446976485
5152769,8192,1,1017445,53578401482,50123372231
5160961,8192,1,1019623,52810336386,51448944059
5169153,8192,1,938849,52166193773,49945557665
5177345,8192,1,1005061,53979644014,53207332552
5185537,8192,1,1006297,54409598707,54692342870
5193729,8192,1,910773,52367016050,51157429556
5201921,8192,1,1019609,54958972298,51335884561
5210113,8192,1,963205,51431731336,52378790559
5218305,8192,1,1080296,53432274393,55695591632
5226497,8192,1,913035,51814775021,51831539929
5234689,8192,1,811533,49710271751,48320382840
5242881,8192,1,914018,50659269828,48897004872
5251073,8192,1,951734,49660522293,48538991194
5259265,8192,1,966328,49937461860,51986046678
5267457,8192,1,876120,48233799143,48113106408
5275649,8192,1,839560,45505587169,44973318914
5283841,8192,1,976074,50468458835,49526166859
5292033,8192,1,924974,47925789741,49288784800
5300225,8192,1,942144,49680604502,47998500405
5308417,8192,1,886412,46355902185,47558553109
5316609,8192,1,828036,44837407164,46270164653
5324801,8192,1,738251,42486626567,42548214057
5332993,8192,1,878562,44377402985,44575049333
5341185,8192,1,759784,39515895518,40305047913
5349377,8192,1,876958,45441991668,46654811750
5357569,8192,1,803479,46113372017,47205998502
5365761,8192,1,729028,45065663138,43816221835
5373953,8192,1,885713,47737923460,47766807567
5382145,8192,1,836995,51351355496,49561753311
5390337,8192,1,965931,52965281717,51588023708
5398529,8192,1,782926,50890084027,46571923793
5406721,8192,1,761190,48956703913,48610342356
5414913,8192,1,827064,48472063015,48000929404
5423105,8192,1,825418,49256575775,53978887940
5431297,8192,1,919267,52230978175,57276155240
5439489,8192,1,974226,55143258533,57841689457
5447681,8192,1,833508,50689771206,52972417528
5455873,8192,1,947860,56707817121,55729761570
5464065,8192,1,1033971,58652807039,58972119490
5472257,8192,1,1115589,59342364238,60792516794
5480449,8192,1,1153123,59083287853,60982022126
5488641,8192,1,1009152,56069946259,58744741177
5496833,8192,1,1156155,57601281303,63310270755
5505025,8192,1,1147957,57531469967,63126974165
5513217,8192,1,1088977,55330482420,58757180848
5521409,8192,1,1128476,54292326455,59166465202
5529601,8192,1,1047151,55026971310,61848987170
5537793,8192,1,1126959,57980108462,63850387118
5545985,8192,1,1076343,59166013084,63207711143
5554177,8192,1,1192396,59545348454,64583720702
5562369,8192,1,1376951,58519081749,69709415948
5570561,8192,1,976721,58050473193,59889143606
5578753,8192,1,1166387,57731284389,60980985362
5586945,8192,1,1161915,58406567436,63792913349
5595137,8192,1,1234914,60771886651,65285356442
5603329,8192,1,1124232,59755746193,61740402338
5611521,8192,1,1095478,60122260578,60634328087
5619713,8192,1,1158885,60368944644,66026601821
5627905,8192,1,1153817,60775416598,63765093378
5636097,8192,1,1226306,60413544072,63564799364
5644289,8192,1,1196097,59963033833,61543975217
5652481,8192,1,1148057,60165793954,64432076891
5660673,8192,1,1177054,60696972227,62934344925
5668865,8192,1,1235498,60047450465,64813899407
5677057,8192,1,1147362,60485425643,66326127179
5685249,8192,1,1108227,59774988632,62336559232
5693441,8192,1,1201882,61008511303,64242989240
5701633,8192,1,1183811,61676882288,68801724676
5709825,8192,1,1214637,61791485704,70701910961
5718017,8192,1,1086473,61499185628,70907595433
5726209,8192,1,1201901,61132528463,66529023582
5734401,8192,1,1114912,61252818451,65206919303
5742593,8192,1,1163973,60135524474,64285739506
5750785,8192,1,1084060,59600947136,62919021536
5758977,8192,1,1078372,59809101820,62517298373
5767169,8192,1,1114845,59325753351,64784771366
5775361,8192,1,1126138,59862973911,62174309499
5783553,8192,1,1136977,59212357830,61689256968
5791745,8192,1,1046515,52187366379,57510980349
5799937,8192,1,1040418,55190787848,57955599132
5808129,8192,1,853023,55324595267,53273220943
5816321,8192,1,1028624,57063660639,59816941489
5824513,8192,1,1117046,59270194084,63901537743
5832705,8192,1,1061157,58960211718,62232804056
5840897,8192,1,1055327,56548008958,59820481313
5849089,8192,1,878652,50539203884,54644408780
5857281,8192,1,1173486,57632243725,67137299382
5865473,8192,1,1081039,57617358569,61644737394
5873665,8192,1,1057229,56743055206,63724597553
5881857,8192,1,951758,58511385611,59691391022
5890049,8192,1,835183,61795713273,48840192186
5898241,8192,1,739929,61727951417,50452744237
5906433,8192,1,680873,61904063474,51446701570
5914625,8192,1,706329,61447371947,52684820003
5922817,8192,1,694577,62089394033,50523622532
5931009,8192,1,846968,57980071725,52676310655
5939201,8192,1,966559,59961762656,59107173838
5947393,8192,1,901788,60279415753,58205014180
5955585,8192,1,802864,60414676596,56256704755
5963777,8192,1,685110,63069117237,53123958539
5971969,8192,1,649712,59686231052,52175995146
5980161,8192,1,1036796,60094784408,63541211657
5988353,8192,1,1003503,59416305051,63660930946
5996545,8192,1,1027604,59615250433,61849531648
6004737,8192,1,892103,60438506569,65487230248
6012929,8192,1,880312,59806694762,61836490852
6021121,8192,1,1109642,60025112508,66409557364
6029313,8192,1,1094954,59640226996,66022584272
6037505,8192,1,1030417,59369607024,62433674837
6045697,8192,1,1057200,55900815277,64420250830
6053889,8192,1,940339,50753517403,55914468818
6062081,8192,1,1047645,56417459765,62807517921
6070273,8192,1,1070344,58612928291,66213069506
6078465,8192,1,1040326,59160341340,62626622397
6086657,8192,1,1032939,59245645508,59310247318
6094849,8192,1,978106,58080730358,58852302239
6103041,8192,1,949935,59434287423,62684201080
6111233,8192,1,814440,62418352419,80088865356
6119425,8192,1,756883,61929340206,82447323574
6127617,8192,1,891700,57927536222,69731730466
6135809,8192,1,894373,54124139868,57189689329
6144001,8192,1,948844,54474431056,61862334005
6152193,8192,1,949060,55935295379,60410819923
6160385,8192,1,940733,57179985070,61300813616
6168577,8192,1,875004,59767193046,68247227526
6176769,8192,1,854844,58633356661,62076870657
6184961,8192,1,869810,57172923878,62588438167
6193153,8192,1,858339,58716480746,64639722037
6201345,8192,1,808091,59068730609,62969720095
6209537,8192,1,816753,58875189706,66795548015
6217729,8192,1,809455,58560010270,63612605021
6225921,8192,1,839253,57560207356,63881131190
6234113,8192,1,845776,59019049499,65393364166
6242305,8192,1,804291,57082938691,67070767909
6250497,8192,1,779310,58293679134,62412928357
6258689,8192,1,935783,58551901338,65084670697
6266881,8192,1,832343,56739213761,63941692473
6275073,8192,1,815239,56879687612,64548753955
6283265,8192,1,869622,56503858451,63463907792
6291457,8192,1,753911,57192973874,63939826045
6299649,8192,1,796408,58492213661,64221202378
6307841,8192,1,775867,57819406693,63657997308
6316033,8192,1,731815,55554664930,60607625040
6324225,8192,1,801177,56055100336,62529402125
6332417,8192,1,702924,55639554786,60806087412
6340609,8192,1,628921,57287631240,61294249470
6348801,8192,1,701014,56796985035,58464995771
6356993,8192,1,679990,56753862938,61645278441
6365185,8192,1,679678,56844041949,54071122193
6373377,8192,1,730260,55694660589,61735301699
6381569,8192,1,631122,56053435110,56850576732
6389761,8192,1,623579,55480206989,58277096904
6397953,8192,1,722344,56431171315,59659489156
6406145,8192,1,629492,57158444543,60150693402
6414337,8192,1,709829,57357572825,59401675629
6422529,8192,1,613086,54942317621,53221341373
6430721,8192,1,606422,52576411946,55226884285
6438913,8192,1,642545,52459434620,55680596326
6447105,8192,1,731996,53145077742,55573157680
6455297,8192,1,724964,54306641564,62977349865
6463489,8192,1,815991,52726025166,59795307570
6471681,8192,1,729625,49182276339,52090945278
6479873,8192,1,669837,46831088707,47456042495
6488065,8192,1,747144,48122908769,52426073262
6496257,8192,1,717326,47958662805,59710134824
6504449,8192,1,718392,50909275438,57436513680
6512641,8192,1,730467,48392560754,54113602228
6520833,8192,1,738059,46131832206,54060924085
6529025,8192,1,724708,46477569891,52363849905
6537217,8192,1,800265,48971240353,56109454863
6545409,8192,1,787384,48497192206,54597206471
6553601,8192,1,698398,47187351487,53661933690
6561793,8192,1,737557,48788349686,53799809323
6569985,8192,1,764170,49888523955,55347616728
6578177,8192,1,680236,49997697795,49051268911
6586369,8192,1,749999,53088340658,51108979334
6594561,8192,1,705784,48019131508,53348971591
6602753,8192,1,656423,46400710382,52437712621
6610945,8192,1,849783,47748915390,56829242615
6619137,8192,1,801148,47807608803,57150313394
6627329,8192,1,765408,46669797740,54009057149
6635521,8192,1,743150,46887794423,54501415010
6643713,8192,1,665607,45877233135,55701657729
6651905,8192,1,758736,47427946240,58882338039
6660097,8192,1,827631,47805700088,57378295886
6668289,8192,1,740827,47033958754,55674907599
6676481,8192,1,701546,45737135850,54154796947
6684673,8192,1,693026,47473036303,56230931861
6692865,8192,1,744005,47361939810,54237489440
6701057,8192,1,728159,45355462532,53774594637
6709249,8192,1,803323,48175195526,56860520698
6717441,8192,1,731903,47282679908,54774696135
6725633,8192,1,669779,47058450238,51649673557
6733825,8192,1,736446,51234504987,55046024938
6742017,8192,1,845497,51556557281,57678503287
6750209,8192,1,783040,49450537411,53819045147
6758401,8192,1,785734,48600607825,51094714617
6766593,8192,1,644335,43880086628,46994367921
6774785,8192,1,718306,45320242271,50869968028
6782977,8192,1,787787,49300862376,55602046098
6791169,8192,1,797132,51216997662,54387311922
6799361,8192,1,778579,54480612692,66391290417
6807553,8192,1,777106,54418924892,62883957293
6815745,8192,1,641142,49816057934,60542908917
6823937,8192,1,767187,52605381030,61774431494
6832129,8192,1,795755,53448736123,64419007929
6840321,8192,1,787802,52776478133,66185465243
6848513,8192,1,788128,50809483628,64823607727
6856705,8192,1,703447,48678621512,61949317546
6864897,8192,1,720780,48100014209,56379542719
6873089,8192,1,753391,48766101024,55962268599
6881281,8192,1,726756,48283626988,57166457948
6889473,8192,1,759040,48229905528,55278413243
6897665,8192,1,733910,48871665264,60171931905
6905857,8192,1,752177,49522415159,58644617883
6914049,8192,1,802193,51410592357,56018539718
6922241,8192,1,859621,51928120590,59857995027
6930433,8192,1,800774,50391395202,57732476183
6938625,8192,1,748654,49387623217,56542688782
6946817,8192,1,796267,50255220086,58613073730
6955009,8192,1,748240,51693407873,54716436973
6963201,8192,1,806363,50150885645,61027299380
6971393,8192,1,728569,48656564463,59623115802
6979585,8192,1,735352,51199560672,61822784986
6987777,8192,1,699021,48682911486,63388774739
6995969,8192,1,634120,45831406577,53640520469
7004161,8192,1,892155,50536556554,61707644827
7012353,8192,1,782030,49273441119,60665027061
7020545,8192,1,741045,46097890688,55937073279
7028737,8192,1,762443,45093991002,57053231514
7036929,8192,1,853754,46603908786,56239633335
7045121,8192,1,810342,46377293130,55952797492
7053313,8192,1,770343,47471980730,56655362042
7061505,8192,1,683334,43555846112,51809923948
7069697,8192,1,838780,46875030520,57307817070
7077889,8192,1,763229,48582059456,55090857234
7086081,8192,1,751041,45191788480,53905035481
7094273,8192,1,795784,48515590361,55909985052
7102465,8192,1,787430,49228707462,54295502373
7110657,8192,1,985470,55948602087,59707408725
7118849,8192,1,879750,52775047845,58577790098
7127041,8192,1,771176,49224643811,56460692369
7135233,8192,1,810937,53308284328,61128337392
7143425,8192,1,915819,55117039138,65243461723
7151617,8192,1,910815,54754117820,60942799633
7159809,8192,1,886198,58713975871,65079210615
7168001,8192,1,726666,49138506055,53517003301
7176193,8192,1,693336,47109751685,53152899747
7184385,8192,1,724525,48036349840,51015690017
7192577,8192,1,708302,48268198216,51985060778
7200769,8192,1,727507,50120021956,54216838350
7208961,8192,1,790346,53098340347,59051655529
7217153,8192,1,906974,56741329110,61377205261
7225345,8192,1,933614,58596654890,63870477161
7233537,8192,1,885596,58671527494,63907161344
7241729,8192,1,1016104,61069572685,69427042407
7249921,8192,1,1020630,61369308543,65219209467
7258113,8192,1,985675,61058114637,69555043985
7266305,8192,1,1024395,60799942581,66684127796
7274497,8192,1,1073993,62911729753,70954923781
7282689,8192,1,959353,60722933235,68217584378
7290881,8192,1,721417,51558952034,60382481091
7299073,8192,1,635467,47439182717,57587452613
7307265,8192,1,768990,52539940390,60047183306
7315457,8192,1,782838,50497801672,59331209599
7323649,8192,1,736531,48680635829,56206372400
7331841,8192,1,693431,48979000213,57863240571
7340033,8192,1,700353,48470463657,58030795035
7348225,8192,1,656165,47754014325,53716492955
7356417,8192,1,706952,49781969594,58969250693
7364609,8192,1,702560,51552295972,56948073643
7372801,8192,1,748488,51189895210,58110896434
7380993,8192,1,672970,50289379405,54683997817
7389185,8192,1,618374,46747527961,55464617444
7397377,8192,1,731407,53849189259,58385535867
7405569,8192,1,823103,54459907520,58869095970
7413761,8192,1,820567,57996395789,64075412645
7421953,8192,1,759259,54880499899,61353922825
7430145,8192,1,709874,50266481813,55781703578
7438337,8192,1,799413,52617562312,61008674028
7446529,8192,1,803464,53862112844,63410603144
7454721,8192,1,776283,53348274726,61127058896
7462913,8192,1,841975,55623955618,61572448700
7471105,8192,1,853955,57452318218,66291513986
7479297,8192,1,795154,56297422443,63939925426
7487489,8192,1,889445,56376229780,68303523937
7495681,8192,1,1021969,60023042579,72086203600
7503873,8192,1,875237,55313971334,65154292455
7512065,8192,1,775071,49429826010,60997467129
7520257,8192,1,725889,47064363363,58161352866
7528449,8192,1,834843,51650564844,63869750079
7536641,8192,1,789507,50757917942,63681269215
7544833,8192,1,867687,54598783786,61560231426
7553025,8192,1,960725,56469515355,63383701674
7561217,8192,1,815707,50313874323,63031643745
7569409,8192,1,666231,46144005917,56537970562
7577601,8192,1,832815,54175134238,57400698401
7585793,8192,1,885526,58087439964,62936051823
7593985,8192,1,861278,55905434119,63531123425
7602177,8192,1,852806,50342783962,62271860494
7610369,8192,1,887841,49888381296,62728048696
7618561,8192,1,860187,54950616424,60082935010
7626753,8192,1,915348,54030183176,64060623015
7634945,8192,1,852309,51681051150,64511805592
7643137,8192,1,912370,53049696773,63151940275
7651329,8192,1,738803,45900258701,54830127911
7659521,8192,1,713836,45748826296,54101674423
7667713,8192,1,848035,50538533259,59128166211
7675905,8192,1,937742,55323766578,66187053266
7684097,8192,1,787627,54383889810,59687795061
7692289,8192,1,833589,53247672067,60512738836
7700481,8192,1,814204,49535470442,59124157000
7708673,8192,1,903137,54358941917,60912725109
7716865,8192,1,801151,62622317283,55771676615
7725057,8192,1,905524,59014777802,66458152042
7733249,8192,1,960512,58327935763,70877471806
7741441,8192,1,936278,56411432504,69155973929
7749633,8192,1,890324,53572479595,70056161756
7757825,8192,1,1027125,58522479696,75620698165
7766017,8192,1,1065365,61612038604,79282627132
7774209,8192,1,1133091,62039236317,77387614774
7782401,8192,1,1013568,61944787561,74953518968
7790593,8192,1,977456,60660792594,72682306623
7798785,8192,1,1062407,59684547724,74442462098
7806977,8192,1,1017774,59902115809,73987230775
7815169,8192,1,1154301,60693446908,74846568958
7823361,8192,1,1129298,60341384806,74536051481
7831553,8192,1,1048171,56590059373,70479115409
7839745,8192,1,1006866,55276418358,70100297942
7847937,8192,1,1266339,61467920318,74700984377
7856129,8192,1,1153575,60984143819,70538619873
7864321,8192,1,1115475,59852831907,74796619198
7872513,8192,1,1148287,60908945609,71765827070
7880705,8192,1,1236171,60021117831,76919390955
7888897,8192,1,1119286,58582250428,71329170053
7897089,8192,1,1116862,59438959515,72393877570
7905281,8192,1,1053564,59511201019,70321041936
7913473,8192,1,1018766,59916578393,72514118649
7921665,8192,1,1163030,58202234652,66038397943
7929857,8192,1,932972,56541598892,69929813600
7938049,8192,1,1335617,61768841096,74533087539
7946241,8192,1,1126115,60333225913,77811163933
7954433,8192,1,930625,59253863905,76153174074
7962625,8192,1,1155991,60318831521,76195026442
7970817,8192,1,1149787,58205892161,72730853518
7979009,8192,1,1168100,58675133580,72567778061
7987201,8192,1,1109590,60201568915,70860956604
7995393,8192,1,1246696,60953748469,70124501054
8003585,8192,1,1072671,58459135873,73998661188
8011777,8192,1,915176,52150084703,71390874687
8019969,8192,1,1048977,54347088319,70354772782
8028161,8192,1,1161083,57901070063,70029507843
8036353,8192,1,1038066,60739991885,70775422672
8044545,8192,1,1058512,61452870344,68716580098
8052737,8192,1,1224568,57520110354,68947499349
8060929,8192,1,883351,49034881564,61500679662
8069121,8192,1,1093556,54937862712,67571192899
8077313,8192,1,1171620,58985335698,73756327760
8085505,8192,1,970944,57604952668,70444246376
8093697,8192,1,1018286,53175452767,67190015312
8101889,8192,1,907967,52281783686,65208980531
8110081,8192,1,872493,50955441103,64352851704
8118273,8192,1,1016880,55439650663,70729082186
8126465,8192,1,893543,53041319100,67444212446
8134657,8192,1,1199821,58355280103,72646091602
8142849,8192,1,872903,50503746198,66387234499
8151041,8192,1,753363,48910092076,64291605413
8159233,8192,1,888841,55200745635,70057872111
8167425,8192,1,1358869,61654254721,67412124933
8175617,8192,1,919344,57647015958,71081914259
8183809,8192,1,948309,52872475578,65928125359
8192001,8192,1,738324,46746541520,59114270206
8200193,8192,1,738422,45469577722,57907965276
8208385,8192,1,812997,50384096789,63029291257
8216577,8192,1,1006640,52371646321,61351138131
8224769,8192,1,1163238,59595554009,68956011378
8232961,8192,1,798761,53019994658,64404295806
8241153,8192,1,697829,51960965721,60399013237
8249345,8192,1,841109,52000342474,64111486697
8257537,8192,1,930193,54459937700,68818046153
8265729,8192,1,975208,58222853369,69739476114
8273921,8192,1,1020904,56306070571,68124712579
8282113,8192,1,938526,53080739771,61543506086
8290305,8192,1,820570,51981464609,66574384832
8298497,8192,1,940581,58623412073,68671021203
8306689,8192,1,877846,57683653048,67678537630
8314881,8192,1,914277,57238738726,69319683511
8323073,8192,1,880678,51566549035,64267670095
8331265,8192,1,763133,51489770819,73446281071
8339457,8192,1,835498,52115559990,62036201307
8347649,8192,1,940995,53853618011,64878803134
8355841,8192,1,935120,59792349550,68588134108
8364033,8192,1,849350,54624898279,65105930341
8372225,8192,1,826549,50554075020,61584613047
8380417,8192,1,893359,53524916702,64211305246
8388609,8192,1,950037,59670381591,75076814004
8396801,8192,1,851952,59067138486,66526046145
8404993,8192,1,971316,58701071184,71147474557
8413185,8192,1,957288,57866515165,72396928992
8421377,8192,1,838965,57549256819,62360826180
8429569,8192,1,893296,61104343635,60035374467
8437761,8192,1,993838,59809150417,68024748210
8445953,8192,1,964813,60789904230,69790967485
8454145,8192,1,839047,59657647316,64908198992
8462337,8192,1,854037,59372454307,62539393384
8470529,8192,1,970235,60191471319,66809375525
8478721,8192,1,988342,61800831528,65929166123
8486913,8192,1,828164,61286830855,61383685352
8495105,8192,1,1002499,62022730823,63691293385
8503297,8192,1,989779,61828220456,62817199301
8511489,8192,1,835312,61844907375,57582754612
8519681,8192,1,889469,61679703719,58826179556
8527873,8192,1,965347,61385667796,59966790421
8536065,8192,1,931052,61592837583,60797722872
8544257,8192,1,754048,61629636775,56061587021
8552449,8192,1,803745,61961780469,59727780488
8560641,8192,1,939276,63530816772,63384301471
8568833,8192,1,851417,65923346777,62830929813
8577025,8192,1,841049,65623489141,61827355900
8585217,8192,1,992152,73222626803,69061287296
8593409,8192,1,817459,77878755186,65729373643
8601601,8192,1,699019,76628772865,65678354323
8609793,8192,1,811933,78058009201,65126636394
8617985,8192,1,949393,77470743277,76153218920
8626177,8192,1,869464,75793509999,71324620813
8634369,8192,1,739889,74187688186,64437221555
8642561,8192,1,818926,77685558439,69142722893
8650753,8192,1,825924,78026267904,72406063465
8658945,8192,1,812147,70393239512,79323252260
8667137,8192,1,785673,61570806794,71041466611
8675329,8192,1,816542,65781442449,68044399553
8683521,8192,1,757973,54004019478,65315549392
8691713,8192,1,683329,52246980326,61035572900
8699905,8192,1,849122,55659160493,65526943554
8708097,8192,1,975466,59263476741,71178099503
8716289,8192,1,913001,59041577975,70725847725
8724481,8192,1,868978,54281558998,64697481250
8732673,8192,1,805391,49494687484,60962325052
8740865,8192,1,812980,52561159401,63388835903
8749057,8192,1,822366,52666178343,63988269762
8757249,8192,1,919564,56098391378,66720096331
8765441,8192,1,968016,57877117485,69563295959
8773633,8192,1,860153,51481505907,61914960976
8781825,8192,1,790868,47257860195,57422442894
8790017,8192,1,942832,53538052783,63995392732
8798209,8192,1,940694,61685676481,72071028335
8806401,8192,1,885927,61658922238,66918715115
8814593,8192,1,1038029,61369004831,74416142677
8822785,8192,1,879793,52146272787,64461624299
8830977,8192,1,878509,55697156073,67749766222
8839169,8192,1,964736,62541552293,82264660235
8847361,8192,1,996914,61590833329,80341822316
8855553,8192,1,885028,55127615561,62903566046
8863745,8192,1,791523,55304861134,65675038245
8871937,8192,1,849887,63786091420,81554866015
8880129,8192,1,902373,61012686158,74381026184
8888321,8192,1,941387,59426643172,72132097491
8896513,8192,1,1133114,63866621409,83662689643
8904705,8192,1,802562,63727133550,85384890660
8912897,8192,1,845445,61409418399,81632298003
8921089,8192,1,1017609,65029754319,84174775271
8929281,8192,1,907925,63564436196,80578828054
8937473,8192,1,967802,66232587516,84136033125
8945665,8192,1,897482,65346650167,83838568960
8953857,8192,1,750217,65003544141,71107724232
8962049,8192,1,1086994,67502783028,83603107191
8970241,8192,1,951713,66237749089,78730915529
8978433,8192,1,981183,69267416517,77632118164
8986625,8192,1,1055590,68273551884,89107434744
8994817,8192,1,780717,56833119505,74653002739
9003009,8192,1,1036805,73004597454,86061798534
9011201,8192,1,1012222,71455636535,83283070179
9019393,8192,1,874242,71548472212,81260869132
9027585,8192,1,971248,66791843410,82336024073
9035777,8192,1,840102,64595196013,79297840586
9043969,8192,1,994170,64934612725,79532353394
9052161,8192,1,888691,65383679263,79977673662
9060353,8192,1,942244,57388886441,71825586239
9068545,8192,1,701653,48078807041,60038317704
9076737,8192,1,754798,61024714378,70615428734
9084929,8192,1,908482,65338335472,76408192390
9093121,8192,1,898709,68826620520,82370315348
9101313,8192,1,947022,69761741984,77329434675
9109505,8192,1,855685,64915604147,75832998947
9117697,8192,1,936510,68593558199,80925471142
9125889,8192,1,1110657,74193543274,89257962194
9134081,8192,1,974020,71692480309,86191062698
9142273,8192,1,971906,69278593897,83174933443
9150465,8192,1,940651,67361910005,79511792182
9158657,8192,1,931319,67770003761,79406111739
9166849,8192,1,1003627,67301994373,77646343151
9175041,8192,1,901224,64936435027,77534666917
9183233,8192,1,768025,58547006772,69334596118
9191425,8192,1,992708,64118389903,77366120819
9199617,8192,1,767537,60728207372,71777700239
9207809,8192,1,741824,53901328760,67664632830
9216001,8192,1,698064,49104444455,59218919518
9224193,8192,1,643992,47707551961,60603648763
9232385,8192,1,827015,55845001987,68937288626
9240577,8192,1,847844,59333225580,70945859675
9248769,8192,1,757262,52846524981,63998289334
9256961,8192,1,716538,54524823239,66397733758
9265153,8192,1,714126,49995214601,59618470677
9273345,8192,1,716731,54250605891,65303986284
9281537,8192,1,763184,56104624149,69414680094
9289729,8192,1,852003,63108379279,76599211922
9297921,8192,1,904053,60658920099,72299715652
9306113,8192,1,828610,56073471319,70342156648
9314305,8192,1,742441,55013686452,68719793218
9322497,8192,1,731295,52787689502,64742977207
9330689,8192,1,708369,52392880422,64191583669
9338881,8192,1,664925,47456678772,61090968393
9347073,8192,1,627062,59045841516,69665363915
9355265,8192,1,542072,51533409470,61339432180
9363457,8192,1,553768,51823161640,61979513724
9371649,8192,1,664552,57497993985,70342361220
9379841,8192,1,665352,58873592863,69949294786
9388033,8192,1,708523,60684737157,73142524359
9396225,8192,1,742494,61352845542,72453285306
9404417,8192,1,682535,52096944972,65615825865
9412609,8192,1,730720,56467680323,72592941202
9420801,8192,1,659919,65708295301,91507414665
9428993,8192,1,805946,68506237462,95106222980
9437185,8192,1,799261,70730540231,96415009375
9445377,8192,1,782815,64727852547,85469359631
9453569,8192,1,806095,57998734790,75918932005
9461761,8192,1,873153,60674145097,74078950138
9469953,8192,1,978600,68453757397,89441496031
9478145,8192,1,932038,68593126285,88074859238
9486337,8192,1,969887,65412428592,81480613786
9494529,8192,1,871662,61072195102,78859449710
9502721,8192,1,880415,67010896351,90415080655
9510913,8192,1,877077,62637487079,80619267152
9519105,8192,1,892491,66341797417,82753342620
9527297,8192,1,886525,63743218469,83044719140
9535489,8192,1,763034,56916289211,74195626827
9543681,8192,1,755739,51749236039,70622621027
9551873,8192,1,873175,63714325503,81529804312
9560065,8192,1,894671,66968083563,89972661428
9568257,8192,1,871975,67196685161,90187835382
9576449,8192,1,833002,63337835446,83633779829
9584641,8192,1,804983,57162122774,75096812752
9592833,8192,1,852642,58816487988,78510106009
9601025,8192,1,804419,61358444080,81694436830
9609217,8192,1,849312,58233450860,77776037635
9617409,8192,1,927929,63536028152,84047326445
9625601,8192,1,813905,59495790605,78310812006
9633793,8192,1,774141,59853748240,82841263104
9641985,8192,1,1008519,71796902215,94660462651
9650177,8192,1,946237,66707485905,83583520048
9658369,8192,1,908074,73540668043,100219808500
9666561,8192,1,1048466,76252778127,100473989616
9674753,8192,1,866412,68574360918,86749188480
9682945,8192,1,932972,70752871888,93899741940
9691137,8192,1,979047,71791734313,93428723218
9699329,8192,1,918888,67817796157,92079523112
9707521,8192,1,1104725,71177466006,101838107115
9715713,8192,1,1104271,71716325188,103612170288
9723905,8192,1,963052,66999392072,88924663490
9732097,8192,1,1005464,65795578186,90422294822
9740289,8192,1,1059837,67994246828,90012669667
9748481,8192,1,979162,67629006993,88469465098
9756673,8192,1,885081,62292836211,83675064038
9764865,8192,1,833802,62457382863,80699538934
9773057,8192,1,837546,61034522068,75970032568
9781249,8192,1,946051,67857791102,84210551193
9789441,8192,1,819208,65866256100,82721862073
9797633,8192,1,924104,68240421801,89168805432
9805825,8192,1,881246,68247029882,86141896751
9814017,8192,1,778987,66071308722,81598768180
9822209,8192,1,911174,69795340731,92537884665
9830401,8192,1,1006706,71978418806,94512140496
9838593,8192,1,1038633,71509025018,95400426924
9846785,8192,1,896865,69792988764,89967174986
9854977,8192,1,847711,67034768302,83750603139
9863169,8192,1,911641,68667883187,88175992620
9871361,8192,1,996682,70107950073,90278294594
9879553,8192,1,973566,69625920413,91669650289
9887745,8192,1,993179,71185747311,93225708778
9895937,8192,1,1003198,70717713319,93185681703
9904129,8192,1,1002534,71808040774,96268636497
9912321,8192,1,973237,71613101484,94007309356
9920513,8192,1,1033485,72846155160,93645126786
9928705,8192,1,1031123,73635393603,96245409103
9936897,8192,1,1080661,74097718137,96653522329
9945089,8192,1,978766,70891484395,93417717814
9953281,8192,1,1042650,72417886178,95392779409
9961473,8192,1,1112412,74009890439,97786334558
9969665,8192,1,1081752,73469731113,98988122991
9977857,8192,1,1115522,75780146275,101142071824
9986049,8192,1,1042699,73335453765,97927457752
9994241,8192,1,1012025,72304159780,98161796067
10002433,8192,1,947807,73177316635,96599388924
10010625,8192,1,993860,74248158794,95184360962
10018817,8192,1,1083307,76321832298,99701740347
10027009,8192,1,1144640,76778212899,102580206051
10035201,8192,1,1106267,76509496209,101065121002
10043393,8192,1,1136468,76529152684,103189247108
10051585,8192,1,1143192,76622953602,99004154104
10059777,8192,1,1071558,76691528658,99616171184
10067969,8192,1,1035874,75016157201,95721091072
10076161,8192,1,1190056,75265046958,95289197220
10084353,8192,1,1052095,76722732640,100297656290
10092545,8192,1,1059358,76839914668,104143118972
10100737,8192,1,1078590,77061038954,99701253389
10108929,8192,1,1104262,76917215732,92857412266
10117121,8192,1,1171376,77120896113,99854628915
10125313,8192,1,1065388,77604654123,105061585298
10133505,8192,1,1080586,77621034018,98565336630
10141697,8192,1,1185945,77375102520,98778040820
10149889,8192,1,1118057,77079879819,98365498185
10158081,8192,1,1140551,77535086646,104011527477
10166273,8192,1,1201889,77314405596,102575980786
10174465,8192,1,1114490,77129632609,103469040379
10182657,8192,1,1131014,76977719808,102062743563
10190849,8192,1,1225990,76646881261,102314638014
10199041,8192,1,1193971,77200838933,100181235993
10207233,8192,1,1174049,77770485494,102843467183
10215425,8192,1,1131601,77893106666,100379812347
10223617,8192,1,1214716,77082495252,99613769489
10231809,8192,1,1239036,76812658037,102076122102
10240001,8192,1,1174334,77539060580,104369953820
10248193,8192,1,1147536,77645370823,106558346560
10256385,8192,1,1130296,76924591639,104174669040
10264577,8192,1,1030018,77324495149,104381893115
10272769,8192,1,1086505,77623073831,104233129448
10280961,8192,1,1133919,77708872357,105037821965
10289153,8192,1,1154060,77788627230,104409529615
10297345,8192,1,1188569,79487887047,110393143117
10305537,8192,1,1162732,92108783782,129585293145
10313729,8192,1,1258422,92807705936,123194021647
10321921,8192,1,1454915,92532120917,122635493206
10330113,8192,1,1363088,93006927167,126452773249
10338305,8192,1,1297387,91799653406,124353741108
10346497,8192,1,1317779,93102367684,125715756238
10354689,8192,1,1316959,92167733414,126600415466
10362881,8192,1,1294409,91868826372,123724743078
10371073,8192,1,1371189,92625323824,124083340375
10379265,8192,1,1370935,91279955444,123412815208
10387457,8192,1,1323638,91353035083,124771506030
10395649,8192,1,1176812,92192015743,127313150847
10403841,8192,1,1130901,92191092473,122552113248
10412033,8192,1,1365356,91517607743,123805829370
10420225,8192,1,1350461,91558164098,123406392737
10428417,8192,1,1325279,93052871840,128293714857
10436609,8192,1,1315451,92424243235,125653223332
10444801,8192,1,1280543,91824104587,127494559580
10452993,8192,1,1386630,92677741195,125207230233
10461185,8192,1,1350573,93443272480,129666914909
10469377,8192,1,1413221,93408214190,123373409249
10477569,8192,1,1409852,91813150323,117643343179
10485761,8192,1,1325146,92491978229,125272863842
10493953,8192,1,1360475,93375068735,127338253888
10502145,8192,1,1477277,93028293528,126139837393
10510337,8192,1,1458912,93395121237,126203475381
10518529,8192,1,1407547,93881286759,131616664155
10526721,8192,1,1441709,95010075686,129137467505
10534913,8192,1,1517598,98525141995,137310860251
10543105,8192,1,1527082,98878550793,135293759171
10551297,8192,1,1529306,98563439926,137383024750
10559489,8192,1,1488034,98120186326,128237780624
10567681,8192,1,1545901,98405600084,132572459266
10575873,8192,1,1481930,98131779771,134054339629
10584065,8192,1,1392202,98224165663,133943739733
10592257,8192,1,1533065,98063078190,131615931317
10600449,8192,1,1520463,98076761196,133881114895
10608641,8192,1,1485632,97643007726,130916023441
10616833,8192,1,1537129,98094168122,129497388124
10625025,8192,1,1531409,97567851758,127345723599
10633217,8192,1,1605029,98527900785,130044968907
10641409,8192,1,1581691,98109215587,126611720846
10649601,8192,1,1533873,98321831677,121942961064
10657793,8192,1,1556816,98751922551,124317297011
10665985,8192,1,1455320,98419002087,130031551834
10674177,8192,1,1399828,98856138099,127580866185
10682369,8192,1,1543182,99064986797,126361251623
10690561,8192,1,1541635,98835373983,125556200915
10698753,8192,1,1495339,99053764120,129384151698
10706945,8192,1,1535453,99205973257,133275914136
10715137,8192,1,1411860,98432768557,130818050039
10723329,8192,1,1465940,98922916151,131298656032
10731521,8192,1,1445079,99057744442,128654237118
10739713,8192,1,1409598,98835109309,130560758791
10747905,8192,1,1434689,98604438114,128521338411
10756097,8192,1,1432351,98393824834,126071472246
10764289,8192,1,1436449,98995119384,123716217868
10772481,8192,1,1494024,98865322370,121505980601
10780673,8192,1,1564213,98943876509,120495535125
10788865,8192,1,1487517,99069578049,120464205144
10797057,8192,1,1431398,98631734597,127413023970
10805249,8192,1,1279797,97861496443,128408041270
10813441,8192,1,1314075,99369544817,130233272024
10821633,8192,1,1326300,98850079622,126312676339
10829825,8192,1,1297628,99169380318,125304424578
10838017,8192,1,1376879,98939998883,123401093577
10846209,8192,1,1346219,99403792278,127243220908
10854401,8192,1,1323252,99251403001,125840110814
10862593,8192,1,1334976,99494857878,127319661003
10870785,8192,1,1341365,99559553820,128706796557
10878977,8192,1,1470136,99262735048,123779851342
10887169,8192,1,1685788,99549571043,124373111090
10895361,8192,1,1395013,99353151545,130298275548
10903553,8192,1,1353200,99129856294,129224652650
10911745,8192,1,1436134,99015606534,128036798876
10919937,8192,1,1372106,99208153089,126558706155
10928129,8192,1,1338149,99199886160,129782366260
10936321,8192,1,1303750,99210160521,129964487798
10944513,8192,1,1283208,99611151083,128556735979
10952705,8192,1,1319801,99531959189,124084883446
10960897,8192,1,1352636,99310002799,126180791011
10969089,8192,1,1375102,99466085443,127307641779
10977281,8192,1,1318730,99628423479,132276016658
10985473,8192,1,1227266,99669860657,128056055082
10993665,8192,1,1251634,99764662138,127626527688
11001857,8192,1,1356592,99619090549,129808735300
11010049,8192,1,1378517,99485553104,129958738636
11018241,8192,1,1275742,98374192970,126787535897
11026433,8192,1,1354490,99298692809,128920799569
11034625,8192,1,1310112,97186693575,126772410290
11042817,8192,1,1334103,99245280398,129557613078
11051009,8192,1,1363729,99758052158,130504086038
11059201,8192,1,1433294,99811214650,130713895760
11067393,8192,1,1554046,99865509853,136354814987
11075585,8192,1,1348576,99492264844,135463521839
11083777,8192,1,1248034,99629928157,133792719884
11091969,8192,1,1401515,99673560434,136407217557
11100161,8192,1,1447762,99741103137,134785345553
11108353,8192,1,1485144,99829077573,137254953234
11116545,8192,1,1398817,99670502872,133187874412
11124737,8192,1,1270161,99750583272,131519405080
11132929,8192,1,1320965,100173706874,132055009352
11141121,8192,1,1325674,99897977809,133629670938
11149313,8192,1,1402938,99852564415,132288764888
11157505,8192,1,1427512,99848646888,130440354039
11165697,8192,1,1399016,99824607865,132884185711
11173889,8192,1,1294020,99650819487,133773085196
11182081,8192,1,1438620,99932057170,136313968534
11190273,8192,1,1438914,100005225132,133501698345
11198465,8192,1,1443942,99739876237,136030276279
11206657,8192,1,1412633,99729278350,137640917562
11214849,8192,1,1380570,99693471850,137269421169
11223041,8192,1,1383145,99903866172,136999713865
11231233,8192,1,1478358,100104962850,135779501976
11239425,8192,1,1347924,99887377082,135600332545
11247617,8192,1,1381274,100222018318,133633751385
11255809,8192,1,1444439,99786699446,134440208837
11264001,8192,1,1316079,99890293002,135484479569
11272193,8192,1,1347710,99946984814,137004328767
11280385,8192,1,1484505,99851935427,138786603731
11288577,8192,1,1396744,99998982049,141947268563
11296769,8192,1,1470900,99784151152,140517892555
11304961,8192,1,1430049,99687376856,144219660028
11313153,8192,1,1453839,99667400561,144311875605
11321345,8192,1,1595756,99733144268,142593942776
11329537,8192,1,1528036,99788326430,142202720531
11337729,8192,1,1445057,99542969394,142433239613
11345921,8192,1,1359299,100074192393,137328756029
11354113,8192,1,1214427,99786388904,136064551336
11362305,8192,1,1448539,99876697498,142014771542
11370497,8192,1,1443442,99905517041,141694163532
11378689,8192,1,1372946,99494705111,136412511708
11386881,8192,1,1460716,99919270857,141489494545
11395073,8192,1,1324871,99802789764,139710937683
11403265,8192,1,1294644,99751712798,137647380436
11411457,8192,1,1427163,99936036914,137559399467
11419649,8192,1,1470939,99901096311,137625159948
11427841,8192,1,1374494,99957562220,138398825889
11436033,8192,1,1412862,100230306566,137089326943
11444225,8192,1,1374249,100053691309,136366505937
11452417,8192,1,1571219,99840223592,137860866682
11460609,8192,1,1495879,100010686253,137054127553
11468801,8192,1,1604419,100116741671,141467179379
11476993,8192,1,1633118,99820704698,139212515106
11485185,8192,1,1504462,99935838936,146734967469
11493377,8192,1,1317697,100499782245,142568651902
11501569,8192,1,1456024,100174119560,138314748460
11509761,8192,1,1513323,100006134277,136644122133
11517953,8192,1,1519607,99951925790,139568007710
11526145,8192,1,1383406,99807024509,136782372379
11534337,8192,1,1422653,100061173912,143183755700
11542529,8192,1,1545477,99930647157,141194205567
11550721,8192,1,1558532,100242503361,141143124038
11558913,8192,1,1504436,99761429052,138531839823
11567105,8192,1,1457170,99838244510,142778067435
11575297,8192,1,1421856,100360462892,141622793680
11583489,8192,1,1555722,100143247311,144054777444
11591681,8192,1,1574678,99900660852,140737075074
11599873,8192,1,1594565,100048647754,142430368378
11608065,8192,1,1659040,100329595801,144264403211
11616257,8192,1,1617443,100220177970,141482375413
11624449,8192,1,1532623,100080599389,141675802948
11632641,8192,1,1542361,100037161583,143362174719
11640833,8192,1,1571861,100308996380,139238257919
11649025,8192,1,1395721,100378559333,142197666400
11657217,8192,1,1490221,100226114683,142744570511
11665409,8192,1,1513739,99985733401,140440376537
11673601,8192,1,1486715,99964988407,140172640358
11681793,8192,1,1497379,99497295251,141595716675
11689985,8192,1,1555675,99583756838,140692485472
11698177,8192,1,1526425,99975239456,138162740812
11706369,8192,1,1506885,100205850486,158096746296
11714561,8192,1,1417140,100076759648,162731767818
11722753,8192,1,1419327,100185239943,152391190128
11730945,8192,1,1535326,99752558396,142493877538
11739137,8192,1,1475350,100121062315,140109661063
11747329,8192,1,1462315,100110564487,142116539224
11755521,8192,1,1607984,100218708518,143121599183
11763713,8192,1,1561092,100091344980,140883146498
11771905,8192,1,1634365,99974635368,136820550086
11780097,8192,1,1611463,100152909187,142083859007
11788289,8192,1,1659488,100051303446,138712353897
11796481,8192,1,1665774,99976385541,137775388529
11804673,8192,1,1595345,99986758305,136263607224
11812865,8192,1,1524046,99728316562,137482365437
11821057,8192,1,1641213,100165414493,138196454432
11829249,8192,1,1680031,99908869524,137083871172
11837441,8192,1,1612325,99880712091,139257135916
11845633,8192,1,1614251,99971067648,142159496412
11853825,8192,1,1556277,99978320446,140512130169
11862017,8192,1,1512954,100017672279,141631254632
11870209,8192,1,1549037,99886206895,139318093880
11878401,8192,1,1571428,100164009970,141566196215
11886593,8192,1,1668305,100312517315,140041352417
11894785,8192,1,1682065,100025730811,143744962965
11902977,8192,1,1570310,100112225843,144997767745
11911169,8192,1,1644933,100154217941,143607844835
11919361,8192,1,1656821,100207884794,143704889015
11927553,8192,1,1582493,100126425907,140557408270
11935745,8192,1,1521475,100167079312,142174027846
11943937,8192,1,1521683,100388045346,147888359497
11952129,8192,1,1489299,99966830319,149907973291
11960321,8192,1,1544635,100287189976,147391997039
11968513,8192,1,1561452,100362822758,147488599989
11976705,8192,1,1547967,99807104865,148051488457
11984897,8192,1,1485163,100423627141,142397474415
11993089,8192,1,1491502,100554250927,142051552347
12001281,8192,1,1511597,100501602390,142942977097
12009473,8192,1,1613129,100389557491,146416559130
12017665,8192,1,1618139,100182492628,145445352471
12025857,8192,1,1670231,100793818551,140841419168
12034049,8192,1,1618179,100973456970,142669389989
12042241,8192,1,1636290,100626663293,143807682342
12050433,8192,1,1664045,100791135270,140820940396
12058625,8192,1,1614383,100610086286,139252221527
12066817,8192,1,1626536,100553630407,139869315065
12075009,8192,1,1627135,100664025896,144775926100
12083201,8192,1,1538091,100839562356,144742178618
12091393,8192,1,1630555,100752831001,139034372713
12099585,8192,1,1633198,100611408516,145938546154
12107777,8192,1,1693381,100714695598,142106341556
12115969,8192,1,1640460,100682351254,144485120139
12124161,8192,1,1538108,100693050780,146556137058
12132353,8192,1,1528903,100580839188,144976743248
12140545,8192,1,1638145,100567752635,144701140774
12148737,8192,1,1686577,100662518085,144485712013
12156929,8192,1,1700547,100764775287,146791385177
12165121,8192,1,1713298,100590983304,149602456989
12173313,8192,1,1558439,100652606920,147711881311
12181505,8192,1,1598931,100706966213,148913850140
12189697,8192,1,1658474,100768276142,148969453642
12197889,8192,1,1637377,100917775639,148123659776
12206081,8192,1,1654920,100978253443,147785657007
12214273,8192,1,1653938,101056372273,150108189854
12222465,8192,1,1558132,101083378473,151912096163
12230657,8192,1,1706312,101058340035,151145025801
12238849,8192,1,1767076,101153617321,151998767867
12247041,8192,1,1547107,101156385394,154569196991
12255233,8192,1,1807586,101213455045,152359797768
12263425,8192,1,1827918,101340557214,150461632514
12271617,8192,1,1812421,101225928616,154022553421
12279809,8192,1,1929005,102065174460,149155630152
12288001,8192,1,1974887,113736085303,168406726342
12296193,8192,1,2023402,120815230694,183764171273
12304385,8192,1,1812523,120875986075,183235434425
12312577,8192,1,1728126,121038645094,192380269863
12320769,8192,1,1828550,120484717452,191303814205
12328961,8192,1,1856686,120211855092,191583145651
12337153,8192,1,1960808,120130384288,182932519514
12345345,8192,1,1834647,120407730128,187819941808
12353537,8192,1,1789128,120394301428,194221108138
12361729,8192,1,1845221,120562860077,191935003427
12369921,8192,1,1928680,120791685995,190585291563
12378113,8192,1,1897871,120919218796,190062772347
12386305,8192,1,1956011,121273660873,188610837835
12394497,8192,1,2024916,121410961017,184224485359
12402689,8192,1,2206937,120878046089,185089341058
12410881,8192,1,2161590,121219190569,174733668275
12419073,8192,1,2154173,120712639060,170541876807
12427265,8192,1,2025421,121107996489,186298864499
12435457,8192,1,1919756,121298892011,184239839725
12443649,8192,1,1849268,121098408850,186591423058
12451841,8192,1,1841994,121305918840,191726313355
12460033,8192,1,1812728,121289513405,186333422417
12468225,8192,1,1836821,121131924561,201292090094
12476417,8192,1,1847130,121013257890,194015815795
12484609,8192,1,1726342,121110215473,194479925084
12492801,8192,1,1565797,121227551605,195252104504
12500993,8192,1,1661227,120989838462,191479081011
12509185,8192,1,1657744,121397791130,190214844256
12517377,8192,1,1686415,120881512313,187938004207
12525569,8192,1,1635921,121020595616,183698046345
12533761,8192,1,1638295,120828007952,189036221843
12541953,8192,1,1630729,121115033416,191436806945
12550145,8192,1,1669238,121350515963,189612303983
12558337,8192,1,1606500,120840646922,182022678103
12566529,8192,1,1705647,120843737763,192076161128
12574721,8192,1,1593840,120738844726,189497518677
12582913,8192,1,1428541,118845017866,187800450592
12591105,8192,1,1527605,119581549488,193122612492
12599297,8192,1,1538160,121177086792,191635192453
12607489,8192,1,1544054,120921611838,192814815704
12615681,8192,1,1489350,121042433482,189677170956
12623873,8192,1,1435704,119449851412,190903798791
12632065,8192,1,1452687,118027659375,192187082412
12640257,8192,1,1546021,120587022943,192011409491
12648449,8192,1,1522355,120371457890,191496871070
12656641,8192,1,1515099,120323786912,190854974007
12664833,8192,1,1463056,119801520354,185667468216
12673025,8192,1,1336569,117778012653,184597036907
12681217,8192,1,1523979,120492919264,197090552112
12689409,8192,1,1641347,120800581446,200190690129
12697601,8192,1,1517616,120209411085,195618487511
12705793,8192,1,1572885,120784865947,192770878525
12713985,8192,1,1443041,119223702600,189639936507
12722177,8192,1,1560503,118711360145,191750849938
12730369,8192,1,1710200,120752573783,199931631437
12738561,8192,1,1525513,120574020911,191759863598
12746753,8192,1,1545180,120340259097,192628151096
12754945,8192,1,1491209,119617730910,188363701543
12763137,8192,1,1419517,119567393503,191144444389
12771329,8192,1,1443602,118754868552,192595759888
12779521,8192,1,1749998,120716159388,179962835330
12787713,8192,1,1637823,120792717738,185262547624
12795905,8192,1,1547938,120670804712,185377497852
12804097,8192,1,1433400,119784397229,188974148606
12812289,8192,1,1468640,119538963045,186003042830
12820481,8192,1,1536022,121005829418,186132761138
12828673,8192,1,1544028,120698206806,190087904102
12836865,8192,1,1619752,120820573618,191946152372
12845057,8192,1,1531456,120973407095,186663973585
12853249,8192,1,1483024,120987635474,183929094527
12861441,8192,1,1519507,120664198995,192953207237
12869633,8192,1,1543637,120610778641,198184235727
12877825,8192,1,1551096,121002511251,199810453847
12886017,8192,1,1516209,121052750886,197050484445
12894209,8192,1,1517293,120791191879,204280368833
12902401,8192,1,1553524,121085055387,203045429246
12910593,8192,1,1693757,121300295216,201775727353
12918785,8192,1,1672044,121340799798,195083300751
12926977,8192,1,1655404,120941956310,197937514040
12935169,8192,1,1569906,120926210670,197353167222
12943361,8192,1,1540925,121105298293,203811254136
12951553,8192,1,1641688,121015559738,198003129691
12959745,8192,1,1563783,120859188337,197652532218
12967937,8192,1,1512297,121685096229,193101752144
12976129,8192,1,1516976,126805399318,196271836332
12984321,8192,1,1530715,126881112753,196987901074
12992513,8192,1,1500023,126849103803,197703834776
13000705,8192,1,1525062,126762365924,188130366528
13008897,8192,1,1570898,126628575442,191868854394
13017089,8192,1,1515070,126715629496,193785419231
13025281,8192,1,1491295,126737597201,186761139450
13033473,8192,1,1399447,126800876454,188397186684
13041665,8192,1,1612103,126573305644,194984981053
13049857,8192,1,1564889,126570069748,196093472915
13058049,8192,1,1549927,126511290892,196547247198
13066241,8192,1,1574840,126648398482,199619497048
13074433,8192,1,1517669,127023106100,199702487970
13082625,8192,1,1555248,127201822791,201893400867
13090817,8192,1,1556053,126522950159,194764707925
13099009,8192,1,1504861,126490789213,195416762127
13107201,8192,1,1482066,126504578382,193232451551
13115393,8192,1,1426374,126482546404,184851346347
13123585,8192,1,1422652,126575548760,186568230204
13131777,8192,1,1500669,126501919615,192578516234
13139969,8192,1,1580952,126501645806,189142119165
13148161,8192,1,1572191,126580580822,179655090307
13156353,8192,1,1502663,126435071350,168774922594
13164545,8192,1,1495807,126867900914,172886623765
13172737,8192,1,1485620,126758082578,178260748895
13180929,8192,1,1624283,126445008957,182266545083
13189121,8192,1,1487793,126454067159,176254577895
13197313,8192,1,1590087,126448018907,184391786259
13205505,8192,1,1603957,126508967574,194990581309
13213697,8192,1,1515619,126648476624,193778036536
13221889,8192,1,1594506,126480910175,192442098742
13230081,8192,1,1571457,126542193961,194887916764
13238273,8192,1,1535402,126591571689,191267580634
13246465,8192,1,1493317,126453218947,184963207018
13254657,8192,1,1432522,126495905368,197457116701
13262849,8192,1,1488041,126602949682,197816360127
13271041,8192,1,1487836,126367437642,188281910066
13279233,8192,1,1482494,126265843066,195103643691
13287425,8192,1,1540706,126290664704,191532885439
13295617,8192,1,1431213,126416230124,195356833152
13303809,8192,1,1381642,126377743039,191932048125
13312001,8192,1,1425200,126414184386,189137195010
13320193,8192,1,1446442,126433497478,192640158410
13328385,8192,1,1451568,126525699709,191325197196
13336577,8192,1,1488450,126443773151,187149921496
13344769,8192,1,1448829,126470974452,201738345547
13352961,8192,1,1435386,126473514687,199460671010
13361153,8192,1,1537204,126540746888,191169055127
13369345,8192,1,1706359,126382828597,191812239037
13377537,8192,1,1739316,126452726028,191243096427
13385729,8192,1,1559597,126463514796,192684382867
13393921,8192,1,1464328,126468436719,198081528099
13402113,8192,1,1527548,126619040869,190942168328
13410305,8192,1,1540567,126512649425,194444742187
13418497,8192,1,1579041,126657363768,191382525415
13426689,8192,1,1652004,126401984278,185471770275
13434881,8192,1,1484258,126375922545,196181639371
13443073,8192,1,1553385,126524177526,201853329520
13451265,8192,1,1545506,126393109813,194179301471
13459457,8192,1,1617660,126509408506,199442429176
13467649,8192,1,1617160,126539220161,198531059713
13475841,8192,1,1597888,126604477600,198824381183
13484033,8192,1,1607554,126579892965,197223810275
13492225,8192,1,1693151,126510267086,198966767519
13500417,8192,1,1730955,126614551074,190354866201
13508609,8192,1,1907030,126451741784,187097684790
13516801,8192,1,1860726,126544257334,192319292797
13524993,8192,1,1743498,126502399379,191965343953
13533185,8192,1,1699555,126537553304,194220827027
13541377,8192,1,1797680,126444001381,192753819974
13549569,8192,1,1806412,126438385106,199960703575
13557761,8192,1,1726244,126479692212,196257123438
13565953,8192,1,1638285,126346564082,197801591644
13574145,8192,1,1634714,126449381758,203463055591
13582337,8192,1,1718939,126525685269,192517500481
13590529,8192,1,1768713,126417251634,193266956228
13598721,8192,1,1731576,126409827801,190157597028
13606913,8192,1,1714696,126194994571,189995888092
13615105,8192,1,1662689,126332832338,202504364894
13623297,8192,1,1659344,126354562546,190822816006
13631489,8192,1,1688326,126167088507,196512720847
13639681,8192,1,1740343,126358272138,202671069741
13647873,8192,1,1656537,126321177990,196362128451
13656065,8192,1,1504782,126229054599,200311366767
13664257,8192,1,1627117,126324235982,199888760003
13672449,8192,1,1617372,126397597617,193705405989
13680641,8192,1,1717682,126185351143,200494365670
13688833,8192,1,1681875,126418968592,200883859542
13697025,8192,1,1659942,126214234182,200662149540
13705217,8192,1,1493091,126442876345,195754359426
13713409,8192,1,1639977,126344852300,198888508544
13721601,8192,1,1637728,126406992783,193985005306
13729793,8192,1,1662768,126254851194,199285844001
13737985,8192,1,1572229,126483226636,201088306235
13746177,8192,1,1626524,126076081216,205171385252
13754369,8192,1,1809146,126386695047,211327425339
13762561,8192,1,1603948,126355692540,202393014919
13770753,8192,1,1713010,126362941154,208595019938
13778945,8192,1,1595162,126358123369,207797378587
13787137,8192,1,1503295,126594660549,199583717129
13795329,8192,1,1492449,126654128960,203791483575
13803521,8192,1,1550781,126482616958,204219892239
13811713,8192,1,1601370,126555088393,202132550947
13819905,8192,1,1499991,126600144015,202569817187
13828097,8192,1,1579600,126426324518,199436169209
13836289,8192,1,1451918,126589449884,209159795008
13844481,8192,1,1485911,126671407417,199783822908
13852673,8192,1,1510421,126431496750,196576381853
13860865,8192,1,1590569,126516589514,201192640725
13869057,8192,1,1615665,126504700303,206418144428
13877249,8192,1,1657339,126494229879,203261178152
13885441,8192,1,1530995,126632403991,211095095015
13893633,8192,1,1593121,126305831185,206471854929
13901825,8192,1,1594780,126628482611,193306448564
13910017,8192,1,1574979,126512975265,201073544763
13918209,8192,1,1528537,126494511250,215573842188
13926401,8192,1,1485566,126581521439,208628323434
13934593,8192,1,1516224,126693079215,210895993374
13942785,8192,1,1526924,126579720747,200995772048
13950977,8192,1,1595071,126529604427,215966739169
13959169,8192,1,1523136,126501530450,215052457896
13967361,8192,1,1498767,126596003961,210477324246
13975553,8192,1,1406922,126595942080,201089682528
13983745,8192,1,1599497,126504388876,196751847404
13991937,8192,1,1623488,126638294462,204505299496
14000129,8192,1,1622392,126578067124,201372277863
14008321,8192,1,1539581,126538188694,196379262781
14016513,8192,1,1479134,126565197225,217329936960
14024705,8192,1,1502447,126588974527,209075040105
14032897,8192,1,1478763,126487822388,208206000392
14041089,8192,1,1533746,126627724761,207897101938
14049281,8192,1,1519738,126594957346,206926168044
14057473,8192,1,1519493,126528476406,209403781190
14065665,8192,1,1378968,126547954984,200584705890
14073857,8192,1,1474826,126438035641,210401349104
14082049,8192,1,1461458,126597812191,209942618070
14090241,8192,1,1463314,126464976827,201902712940
14098433,8192,1,1441040,126385694310,202098912167
14106625,8192,1,1436453,126491228880,208478564592
14114817,8192,1,1496948,126733919140,209377872344
14123009,8192,1,1496987,126542528909,205412146889
14131201,8192,1,1452980,126436119407,207302481779
14139393,8192,1,1423186,126572325359,209227330944
14147585,8192,1,1569308,126563222552,214568470041
14155777,8192,1,1464535,126571618605,211880832822
14163969,8192,1,1479519,126524555259,210907262740
14172161,8192,1,1499313,126468901517,211432028261
14180353,8192,1,1565348,126623168177,208337169986
14188545,8192,1,1470830,126464552679,213668250238
14196737,8192,1,1400549,126494842685,214001178024
14204929,8192,1,1453105,126753079308,219335484479
14213121,8192,1,1460111,126568950512,209981706313
14221313,8192,1,1520459,126652167619,208615567159
14229505,8192,1,1499272,126638616386,215186935910
14237697,8192,1,1548944,126740822535,212317116671
14245889,8192,1,1633816,126506755658,227028517801
14254081,8192,1,1445619,126723848661,208524762785
14262273,8192,1,1431866,126541088768,207372046475
14270465,8192,1,1484052,126508469815,210603020808
14278657,8192,1,1449156,126566654615,211765434158
14286849,8192,1,1474927,126698119621,217321311796
14295041,8192,1,1393083,126635507728,213809239450
14303233,8192,1,1469593,126594053976,207649284002
14311425,8192,1,1512033,126538804256,211186413018
14319617,8192,1,1481371,126576921156,213459943263
14327809,8192,1,1430169,126566265060,213743870794
14336001,8192,1,1419150,126722723223,212719098311
14344193,8192,1,1480284,126435774983,216381118911
14352385,8192,1,1528548,126476867898,226503033219
14360577,8192,1,1546887,126808255314,227882785474
14368769,8192,1,1435509,126571790084,218499106795
14376961,8192,1,1386650,126499954858,218906001831
14385153,8192,1,1382223,126651656770,217130313430
14393345,8192,1,1488051,126664579673,216803385886
14401537,8192,1,1553934,126545677652,221407542985
14409729,8192,1,1634007,126563665151,215311669177
14417921,8192,1,1442200,126580746495,218586664621
14426113,8192,1,1413632,126478067233,225457027463
14434305,8192,1,1548109,126551840239,222759473470
14442497,8192,1,1470527,126615549801,221040068179
14450689,8192,1,1478434,126677467809,214324118582
14458881,8192,1,1458738,126597790863,215400964250
14467073,8192,1,1426514,126403031347,220755056178
14475265,8192,1,1482168,126709937913,223071469158
14483457,8192,1,1557468,126539321538,217085864027
14491649,8192,1,1470187,126437944162,216245917973
14499841,8192,1,1477967,126523369672,213659756895
14508033,8192,1,1465952,126535822834,238342460886
14516225,8192,1,1348724,126493420690,221163923975
14524417,8192,1,1408175,126557593458,217518510600
14532609,8192,1,1417407,126601214291,215068946375
14540801,8192,1,1453750,126608916838,213797927920
14548993,8192,1,1403369,126516523197,210999616303
14557185,8192,1,1395108,126600906242,223189091081
14565377,8192,1,1422523,126760302959,216193352955
14573569,8192,1,1419444,126405917316,208099491655
14581761,8192,1,1376103,126440498278,208998380242
14589953,8192,1,1432106,126608941369,214170817405
14598145,8192,1,1389518,126692065880,209937556906
14606337,8192,1,1325891,126592054869,224263259619
14614529,8192,1,1430620,126570249130,217844288874
14622721,8192,1,1640576,126530216669,220286355139
14630913,8192,1,1458194,126511255699,203546734104
14639105,8192,1,1452283,126394466641,214446358333
14647297,8192,1,1349319,126566104062,223756539855
14655489,8192,1,1452911,126604604446,215773282607
14663681,8192,1,1448499,126332373287,212868891373
14671873,8192,1,1483751,126448598311,216834199646
14680065,8192,1,1524626,126486693032,216098665981
14688257,8192,1,1527468,126545672360,214596763498
14696449,8192,1,1472173,126525431009,193772780341
14704641,8192,1,1419681,126533194875,209324937872
14712833,8192,1,1437270,126467171242,218363956596
14721025,8192,1,1512036,126367840991,216141207535
14729217,8192,1,1439500,126305664805,221332055819
14737409,8192,1,1387353,126409670149,221866079520
14745601,8192,1,1499311,126425130097,224944323488
14753793,8192,1,1558145,126172894422,223720679309
14761985,8192,1,1718804,126212903238,222638989282
14770177,8192,1,1717370,126029090030,224405472548
14778369,8192,1,1473904,126362945352,229808804571
14786561,8192,1,1449449,126492807622,237649653152
14794753,8192,1,1477860,126429514269,217928475426
14802945,8192,1,1512924,126383475179,220316226496
14811137,8192,1,1483765,126427560226,219254557031
14819329,8192,1,1469039,126465883445,210667148920
14827521,8192,1,1400910,126617871845,211185606259
14835713,8192,1,1464190,126577008600,213661985365
14843905,8192,1,1463597,126488966318,205793291127
14852097,8192,1,1435958,126350436560,204113079287
14860289,8192,1,1428608,126334006669,207733640703
14868481,8192,1,1442830,126593504235,210090014624
14876673,8192,1,1444089,126454820297,198409011035
14884865,8192,1,1489984,126427635219,196522351097
14893057,8192,1,1459687,126567897831,196041770616
14901249,8192,1,1429581,126389935326,191176196350
14909441,8192,1,1388421,126535790245,194267172496
14917633,8192,1,1472067,126496416288,193782098958
14925825,8192,1,1441937,126455027935,197014131014
14934017,8192,1,1444164,126497768001,188190205726
14942209,8192,1,1483479,126356513150,191878399416
14950401,8192,1,1440249,126385110650,212732204413
14958593,8192,1,1526412,126307268112,216799385735
14966785,8192,1,1552881,126293740397,219270580394
14974977,8192,1,1547396,126094740945,210971199883
14983169,8192,1,1536599,126211707939,206304441485
14991361,8192,1,1489033,126224000392,218801104215
14999553,8192,1,1453488,126264788639,212202256507
15007745,8192,1,1511797,126501254834,207617640762
15015937,8192,1,1503036,126279848457,206111459697
15024129,8192,1,1519956,126405073088,208981242456
15032321,8192,1,1423112,126368472028,194263883834
15040513,8192,1,1514298,126447574509,204167221200
15048705,8192,1,1540708,126248790503,199694848741
15056897,8192,1,1512494,126305588741,208902039074
15065089,8192,1,1499260,126337822141,203324681943
15073281,8192,1,1452264,126555139864,204464875750
15081473,8192,1,1479484,126496906125,201874743186
15089665,8192,1,1488701,126582720631,199919789047
15097857,8192,1,1503925,126385361299,197987086888
15106049,8192,1,1479703,126275675270,196883110386
15114241,8192,1,1487831,126443159552,200622026322
15122433,8192,1,1451943,126750094045,194529938946
15130625,8192,1,1432546,126356114172,195070338260
15138817,8192,1,1498517,126157841850,198649610638
15147009,8192,1,1502133,126486746806,199931268134
15155201,8192,1,1580935,126483403980,206587918376
15163393,8192,1,1575190,126219434040,207742403203
15171585,8192,1,1536284,126327883878,204760414779
15179777,8192,1,1488705,126401251390,203461835655
15187969,8192,1,1535856,126380404561,206026462558
15196161,8192,1,1502255,126340565283,208889024294
15204353,8192,1,1457865,126470528973,207593916079
15212545,8192,1,1475951,126706209220,212556293377
15220737,8192,1,2099730,126390140428,230358443883
15228929,8192,1,1507534,126385341833,211503505534
15237121,8192,1,1532314,126415790802,213574314311
15245313,8192,1,1492981,126326458992,211440374186
15253505,8192,1,1473283,126472813488,214470581295
15261697,8192,1,1660048,126534594704,220178791496
15269889,8192,1,1600297,126589300886,219835152099
15278081,8192,1,1808125,126391955349,226774541788
15286273,8192,1,1509403,126411630842,211866556490
15294465,8192,1,1492102,126503841855,215874612136
15302657,8192,1,1481006,126879977162,208531416678
15310849,8192,1,1455573,126338823947,202292631029
15319041,8192,1,1468523,126384171157,204899323829
15327233,8192,1,1455118,126452603869,203647017396
15335425,8192,1,1428014,126484960125,207197803428
15343617,8192,1,1414560,126583909748,209487354910
15351809,8192,1,1433222,126370246098,200354818384
15360001,8192,1,1438656,126724972455,208221425263
15368193,8192,1,1422503,126526502925,204104725911
15376385,8192,1,1417976,126364437949,207213348033
15384577,8192,1,1424419,126656766137,211701071227
15392769,8192,1,1381472,126593536534,202197049372
15400961,8192,1,1366854,126560232721,202309675374
15409153,8192,1,1391499,126696531231,207577601665
15417345,8192,1,1408332,126595281337,201539380087
15425537,8192,1,1382698,126492112406,206942849633
15433729,8192,1,1361048,126653338550,201845218162
15441921,8192,1,1392230,126508621863,201808165873
15450113,8192,1,1350466,126393470273,196856970285
15458305,8192,1,1425866,126500624148,200406490259
15466497,8192,1,1388874,126680471683,199618638575
15474689,8192,1,1432354,126763626150,206004104207
15482881,8192,1,1439442,126625747723,203652354653
15491073,8192,1,1418575,126514564670,206847546791
15499265,8192,1,1399446,126591544745,196597869998
15507457,8192,1,1421860,126366550708,203729160965
15515649,8192,1,1386719,126711988256,210778693637
15523841,8192,1,1434635,126473241960,200101601772
15532033,8192,1,1480058,126415568321,207291187723
15540225,8192,4702882,1539317,126223755357,205874048136
15548417,8192,4711204,1549433,125266962992,210781539758
15556609,8192,4719481,1506999,125314419131,215300985657
15564801,8192,4727753,1326511,125385512822,210266477789
15572993,8192,4736026,1301225,125359407921,206912356766
15581185,8192,4744366,1298022,125291818536,202495525099
15589377,8192,4752640,1292103,125493083866,207953166506
15597569,8192,4760873,1269576,125171890894,205330565003
15605761,8192,4769097,1281934,125158789139,208471219126
15613953,8192,4777324,1266483,125184058805,203377168861
15622145,8192,4785575,1310843,125352153039,206236052728
15630337,8192,4793834,1350424,125402191477,205820183191
15638529,8192,4802063,1271916,125290664131,202704506248
15646721,8192,4810311,1382229,125417435852,198479912055
15654913,8192,4818560,1341844,125241377890,203443642495
15663105,8192,4826793,1338871,125235624379,211241852416
15671297,8192,4835033,1473498,125267623539,190288884120
15679489,8192,4843307,1341943,125238576083,203944186026
15687681,8192,4851548,1358945,125339300495,209296194670
15695873,8192,4859783,1366233,125332552702,201887282235
15704065,8192,4868035,1366939,125309608945,202994596896
15712257,8192,4876269,1258668,125580844155,165674892741
15720449,8192,4884504,1269011,125586649741,176623547112
15728641,8192,4892734,1290568,125336795671,198254426611
15736833,8192,4900965,1218505,125671533571,193123969483
15745025,8192,4909209,1270641,125186719880,205115528622
15753217,8192,4917440,1222591,125621248902,197838856091
15761409,8192,4925676,1136071,125642950151,196154734782
15769601,8192,4933927,1207034,125446738312,202552412212
15777793,8192,4942152,1230057,125167110607,192751014747
15785985,8192,4950396,1236387,125097758007,196275205650
15794177,8192,4958625,1304488,125171471581,201586678268
15802369,8192,4966858,1224835,125188882612,197127871531
15810561,8192,4975086,1104271,125176226874,199957520051
15818753,8192,4983340,1191983,125462451283,202739967884
15826945,8192,4991606,1208452,124895221202,200534970203
15835137,8192,4999843,1258925,124696117492,204545266558
15843329,8192,5008082,1266737,124905141764,205866145626
15851521,8192,5016328,1181380,124808204719,200756378208
15859713,8192,5024572,1181075,124913583891,207403184244
15867905,8192,5032801,1198642,124853581395,206289134420
15876097,8192,5041067,1256946,124485974258,202843314664
15884289,8192,5049305,1185695,124420511601,206813642340
15892481,8192,5057550,1237468,124320433939,200383028274
15900673,8192,5065779,1160265,124212174085,209309182490
15908865,8192,5074016,1058092,124650352681,206532418027
15917057,8192,5082245,1154274,124317182853,205314958146
15925249,8192,5090476,1267752,124214048769,208604693034
15933441,8192,5098721,1375306,124264129443,220582345617
15941633,8192,5106967,1389702,123940720851,220384172841
15949825,8192,5115210,1290366,124034382029,215596874708
15958017,8192,5123438,1173643,124359427972,220025242384
15966209,8192,5131663,1310249,124224713160,227152566314
15974401,8192,5139899,1340522,124099640351,228292180785
15982593,8192,5148147,1235970,124322924690,218332486423
15990785,8192,5156389,1283371,124198929531,215147316021
15998977,8192,5164630,1225813,124186386101,213649605675
16007169,8192,5172864,1052847,124623074343,208807863666
16015361,8192,5181097,1052959,124493600992,221740778210
16023553,8192,5189331,1090688,124243013279,221116121838
16031745,8192,5197584,1104026,124381451256,215782247366
16039937,8192,5205840,1123041,124395808586,215403097063
16048129,8192,5214078,1134623,124830620768,216661333041
16056321,8192,5222314,1125502,124617193118,222174379436
16064513,8192,5230552,1010762,124683765373,224233318006
16072705,8192,5238780,1246034,124333477118,222257351035
16080897,8192,5247021,1178575,124260753374,225325855362
16089089,8192,5255267,1123580,124306431578,222416428573
16097281,8192,5263499,1140851,124439942230,220108956916
16105473,8192,5271733,1161857,124361331384,219213951982
16113665,8192,5279979,1109178,124669356777,225909505360
16121857,8192,5288231,1162628,124391196480,219417736498
16130049,8192,5296473,1180458,124399949367,217458052631
16138241,8192,5304780,1078802,124660642804,213331819980
16146433,8192,5313022,1399504,124480225073,229096322146
16154625,8192,5321262,1831486,124194901488,261290810253
16162817,8192,5329495,1289430,124612317459,243781362684
16171009,8192,5337741,1315758,124340884409,228230873853
16179201,8192,5345985,1305539,124066232016,232200072809
16187393,8192,5354220,1237219,124237008425,226672507804
16195585,8192,5362459,1242340,124164031098,223535386937
16203777,8192,5370696,1298513,123955699854,226852365504
16211969,8192,5378936,1110066,124443582796,233461109971
16220161,8192,5387165,1089412,124386084913,221393577710
16228353,8192,5395399,1161951,123977256702,218343783083
16236545,8192,5403630,1168807,124125228021,225671022425
16244737,8192,5411850,1131902,124288779632,226499214757
16252929,8192,5420067,1149718,124332292810,237245075856
16261121,8192,5428297,1006443,124925233758,248273081229
16269313,8192,5436528,1004179,124695474779,227120852263
16277505,8192,5444770,1149822,124398327669,228194507342
16285697,8192,5452994,1133861,124278260394,230943461270
16293889,8192,5461230,1092288,124265714717,231820083950
16302081,8192,5469460,1072509,124403719165,238265148729
16310273,8192,5477688,941325,124731511962,252103502331
16318465,8192,5485913,882467,124766784923,224067960095
16326657,8192,5494140,1064365,124413151568,219489717041
16334849,8192,5502372,1203661,124227087257,221407567433
16343041,8192,5510610,1295735,124036901019,231836158401
16351233,8192,5518848,1181661,124111787777,223187508649
16359425,8192,5527079,1079067,124533103336,244156071354
16367617,8192,5535309,1377208,124373927230,245891952062
16375809,8192,5543539,1202265,124039788633,244510903074
16384001,8192,5551774,1240571,124100331466,227031116539
16392193,8192,5560023,1251207,124003722518,230960916236
16400385,8192,5568264,1239850,124052994132,222001539953
16408577,8192,5576488,1265814,123867348059,239517713268
16416769,8192,5584742,1147721,124148195400,241666303336
16424961,8192,5592977,1192692,124003358239,241916130382
16433153,8192,5601200,1188570,124166203859,230501031556
16441345,8192,5609436,1214158,123872046169,234831799532
16449537,8192,5617666,1166299,124245007447,224680241354
16457729,8192,5625902,1176755,123985010086,241626851522
16465921,8192,5634141,1029846,124556794423,229388461942
16474113,8192,5642371,1087223,124368765692,222775001195
16482305,8192,5650601,1173116,124180458932,225874192667
16490497,8192,5658845,1158866,124219659457,227919156745
16498689,8192,5667082,1248259,124168429071,234593577121
16506881,8192,5675313,1170549,124282739423,231301067162
16515073,8192,5683551,1131564,124390215662,227450039916
16523265,8192,5691780,1225728,123979933211,228194738382
16531457,8192,5700013,1233882,124053338198,225792730361
16539649,8192,5708260,1211444,123988503328,232452359407
16547841,8192,5716525,1256586,123922282104,221516413863
16556033,8192,5724762,1230919,124009051113,222964933305
16564225,8192,5732991,1239040,124028389925,234511716148
16572417,8192,5741223,1226880,123982832351,229035839108
16580609,8192,5749471,1296813,123813847300,220629758810
16588801,8192,5757729,1266771,123805018180,224725335634
16596993,8192,5765970,1247419,123939513129,230291181288
16605185,8192,5774205,1147285,124058090877,231057678125
16613377,8192,5782440,1084123,124251855466,229929896613
16621569,8192,5790686,1209663,124076116461,227057831817
16629761,8192,5798933,1278174,124175952832,226382485368
16637953,8192,5807177,1330708,123602214180,214590158977
16646145,8192,5815423,1279631,123702477060,224878957367
16654337,8192,5823744,1183021,123877292698,230712747931
16662529,8192,5832032,1132813,124094677752,244311680069
16670721,8192,5840313,1209310,123989450841,237842797649
16678913,8192,5848599,1253099,123926563458,233427435843
16687105,8192,5856905,1251013,124004103042,232370654651
16695297,8192,5865191,1245742,123923427248,223213391589
16703489,8192,5873502,1235602,124080283695,241633201195
16711681,8192,5881803,1135044,124299971638,247774712580
16719873,8192,5890089,1154719,124214204463,235318787039
16728065,8192,5898362,1210401,123956363401,231040857048
16736257,8192,5906658,1246107,123945396983,221521420955
16744449,8192,5914960,1250768,123917230336,227620836780
16752641,8192,5923268,1232077,123922994202,226817897514
16760833,8192,5931557,1101217,124016467187,227039038202
16769025,8192,5939852,1115077,123940593590,220750501869
16777217,8192,5948143,1203820,123946925971,219818689856
16785409,8192,5956437,1190451,123833585470,218482918610
16793601,8192,5964730,1192548,123749498190,213231067021
16801793,8192,5973054,1222847,123956529365,226648050164
16809985,8192,5981358,1158585,123615753440,231656172374
16818177,8192,5989636,1190257,123880766762,234297475459
16826369,8192,5997923,1315502,124066841094,227779683222
16834561,8192,6006221,1280191,123785793744,220788233941
16842753,8192,6014515,1218102,123790540045,217978618835
16850945,8192,6022798,1219963,123930827780,223429990222
16859137,8192,6031084,1161119,123958338109,231754997527
16867329,8192,6039371,1171240,124129112556,230527500869
16875521,8192,6047642,1267203,123879852147,226895510179
16883713,8192,6055930,1262897,123950930417,226523753412
16891905,8192,6064228,1232554,123924166484,220207851987
16900097,8192,6072508,1261532,123799373290,216619135110
16908289,8192,6080793,1204241,123697797710,227021599394
16916481,8192,6089077,1166469,123872500417,231936171641
16924673,8192,6097362,1313286,123887439402,224409933964
16932865,8192,6105654,1318114,123736211580,229785078868
16941057,8192,6113948,1371249,123781285971,223540129527
16949249,8192,6122230,1324221,123851146021,226313666108
16957441,8192,6130520,1201645,123770774514,231035883115
16965633,8192,6138828,1130553,124115291400,230290895792
16973825,8192,6147196,1206396,123973096845,223561474060
16982017,8192,6155571,1296153,123799597728,220145020880
16990209,8192,6163998,1245876,123829143218,223084342866
16998401,8192,6172357,1236370,123949207012,225980775949
17006593,8192,6180713,1095386,124186445686,226134619949
17014785,8192,6189078,1097696,124373036821,244603103408
17022977,8192,6197431,1184850,124038711706,225734145595
17031169,8192,6205770,1232776,123930837647,223438881753
17039361,8192,6214644,1316623,123920763300,224011740165
17047553,8192,6223141,1373527,123682150949,226233975706
17055745,8192,6231549,1236837,124174335358,228129166401
17063937,8192,6239930,1008710,124612817560,223984540564
17072129,8192,6248275,1183210,123779206831,206266435520
17080321,8192,6256608,1260658,123645465790,200380829968
17088513,8192,6264965,1260278,123647922745,194147196349
17096705,8192,6273315,1195518,123606718765,208533383500
17104897,8192,6281580,1014510,124351735830,210651170791
17113089,8192,6289852,998796,124202567206,206648580616
17121281,8192,6298121,1079273,124077209846,203032422943
17129473,8192,6306398,1108894,124161798539,210047185640
17137665,8192,6314693,1094899,124246637405,214773721335
17145857,8192,6322984,1150300,124075434998,208622107591
17154049,8192,6331276,1053151,124293347868,208529749770
17162241,8192,6339552,1116778,123894911874,209451794978
17170433,8192,6347847,1259515,123549394465,195569917302
17178625,8192,6356141,1302281,123514410067,202741544573
17186817,8192,6364447,1268222,123677502767,202309099673
17195009,8192,6372722,1334072,123586995334,188557750493
17203201,8192,6381005,1375665,123325720760,182549302929
17211393,8192,6389309,1269359,123489821555,191552304954
17219585,8192,6397595,1316145,123397475306,195622421298
17227777,8192,6405886,1281602,123525891650,198475289356
17235969,8192,6414187,1256380,123586573657,193927944191
17244161,8192,6422571,1265659,123572520849,198332495175
17252353,8192,6431060,1227759,123671374561,212711468702
17260545,8192,6439423,1143861,123975679931,226846978806
17268737,8192,6447756,1247976,123689972357,207422769162
17276929,8192,6456078,1225854,123699524669,198650760391
17285121,8192,6464411,1200074,123686298402,217938656946
17293313,8192,6472712,1235586,123611194696,207298117532
17301505,8192,6481018,1244725,123809963167,211935799435
17309697,8192,6489326,1176759,123949583273,220893592405
17317889,8192,6497627,1224036,123535394964,204871681027
17326081,8192,6505936,1271485,123566158009,202862487940
17334273,8192,6514227,1213764,123611052485,210358244115
17342465,8192,6522521,1220033,123559546994,207428759143
17350657,8192,6530810,1190892,123706210400,216876222236
17358849,8192,6539086,1097182,123977816887,212416297634
17367041,8192,6547367,1232605,123526861260,198885484411
17375233,8192,6555668,1355447,123551402440,201529235508
17383425,8192,6563975,1256364,123670066137,207576394315
17391617,8192,6572280,1227341,123601410945,209735796549
17399809,8192,6580587,1246478,123797697040,216207255184
17408001,8192,6588914,1123000,124044778310,223603842948
17416193,8192,6597245,1269906,123743510946,220568333994
17424385,8192,6605563,1290349,123571782475,224173301678
17432577,8192,6613884,1215614,123977234268,218555567031
17440769,8192,6622203,1142107,124116885794,216261601092
17448961,8192,6630518,1318220,123834754157,232805382054
17457153,8192,6638828,1371127,124366947124,251182503772
17465345,8192,6647132,1139240,124284630535,229334724319
17473537,8192,6655432,1118499,124036532288,222920346184
17481729,8192,6663738,1167236,123974272274,219251405323
17489921,8192,6672036,1269205,123713974467,223865963610
17498113,8192,6680314,1278229,123781928256,219112808899
17506305,8192,6688575,1097821,124418769032,224031173333
17514497,8192,6696852,1200669,124340518916,220478496412
17522689,8192,6705139,1244132,123969649458,216729396711
17530881,8192,6713412,1254698,123801937893,218893295997
17539073,8192,6721698,1202255,123775890332,218554098756
17547265,8192,6729991,1183886,124107681984,226357285046
17555457,8192,6738288,1142197,124416112644,231763682921
17563649,8192,6746591,1094662,124391082754,231484233749
17571841,8192,6754910,1243595,124011718560,225464317310
17580033,8192,6763173,1246138,123656872333,214256013086
17588225,8192,6771437,1220773,123600570876,201691000912
17596417,8192,6779714,1285195,123589648360,208904609214
17604609,8192,6788002,1127444,123962367108,227069697217
17612801,8192,6796294,1108831,124051288689,226264479291
17620993,8192,6804576,1218492,123776521297,228602428592
17629185,8192,6812859,894478,125317003080,158285584249
17637377,8192,6821141,1009584,124520012251,177226687449
17645569,8192,6829423,1188604,123540108721,204940731420
17653761,8192,6837721,1145572,123736105560,215202548817
17661953,8192,6846009,1121758,123823005628,213801438592
17670145,8192,6854313,1256352,123679748158,213237541930
17678337,8192,6862607,1224990,123816739190,213564728099
17686529,8192,6870912,1264714,123654678978,204961088807
17694721,8192,6879202,1287665,123408708438,220258347767
17702913,8192,6887554,1098212,123991774872,229106946840
17711105,8192,6895845,1108258,123788035887,233946971250
17719297,8192,6904113,1232852,123693345817,220314610343
17727489,8192,6912402,1335960,123472687664,206750156800
17735681,8192,6920655,1213157,123578980328,211828324055
17743873,8192,6928910,1277573,123594496185,207642391724
17752065,8192,6937162,1154856,123439317921,210720471701
17760257,8192,6945412,1122970,123725286457,214680224856
17768449,8192,6953662,1166718,123587905718,209917069558
17776641,8192,6961925,1169406,123654616772,212127339987
17784833,8192,6970175,1152283,123604124435,216477323570
17793025,8192,6978424,1170610,123601748165,199260209553
17801217,8192,6986678,1130078,123548526906,222759220756
17809409,8192,6994934,1130415,123727490035,238081915765
17817601,8192,7003174,1191194,123693477330,238154230346
17825793,8192,7011410,1219535,123557826561,221659984285
17833985,8192,7019652,1204918,123575373732,217663039101
17842177,8192,7027902,1236320,123689649053,215875446112
17850369,8192,7036151,1265346,123558675615,222331601221
17858561,8192,7044407,1157496,123929573197,231249723817
17866753,8192,7052664,1183951,123658814084,219079545541
17874945,8192,7060922,1278407,123642908245,210038987941
17883137,8192,7069180,1199199,123569105452,217168989219
17891329,8192,7077424,1204048,123571644886,212129942137
17899521,8192,7085686,1149470,123705192123,217348906997
17907713,8192,7093924,1069430,123938547216,222967526857
17915905,8192,7102175,1145941,123688977805,217900756015
17924097,8192,7110423,1199646,123514505273,208039191771
17932289,8192,7118675,1221132,123514220373,207564549532
17940481,8192,7126933,1231073,123559394968,217119825734
17948673,8192,7135190,1248894,123623668837,226351366520
17956865,8192,7143454,1099647,123889088349,229255485228
17965057,8192,7151711,1157411,123638299505,217832524455
17973249,8192,7159953,1181639,123578092102,210436052705
17981441,8192,7168195,1188780,123426270631,212800669764
17989633,8192,7176448,1200236,123591117988,210437952988
17997825,8192,7184717,1177795,123566501958,219715058670
18006017,8192,7192955,1067515,123979983927,234839867889
18014209,8192,7201216,1110139,123876347374,217171424371
18022401,8192,7209486,1173383,123559378879,204496910291
18030593,8192,7217747,1177056,123507968462,217322181807
18038785,8192,7226002,1151703,123568189717,225892628165
18046977,8192,7234267,1129441,123895897097,233517906798
18055169,8192,7242532,1212054,124049690052,243843979343
18063361,8192,7250786,1140613,123712356534,228431375120
18071553,8192,7259026,1107207,123998293126,219212294873
18079745,8192,7267303,1229221,123576941238,214292031849
18087937,8192,7275548,1158819,123656399105,215408391767
18096129,8192,7283810,1140087,123714074502,220208195416
18104321,8192,7292076,1035592,124064972672,233981455126
18112513,8192,7300337,1068455,124125573099,233925057867
18120705,8192,7308598,1231558,123782706356,227354373615
18128897,8192,7316868,1804705,123807268147,258295541882
18137089,8192,7325152,1220780,123755928993,220248389756
18145281,8192,7333463,1167260,123474759659,221158516737
18153473,8192,7341807,1040843,124077823347,231851026532
18161665,8192,7350157,1045352,124076331700,234462777724
18169857,8192,7358440,1155698,123804646559,222828223776
18178049,8192,7366694,1168029,123738642967,222693354873
18186241,8192,7374947,1287030,123844935174,229509030176
18194433,8192,7383221,1126547,123712845708,226604200776
18202625,8192,7391475,987425,124535109821,234495964504
18210817,8192,7399742,1012301,124231635810,241828987285
18219009,8192,7407987,1160175,123996504845,221205908227
18227201,8192,7416247,1234696,123502477845,225264768289
18235393,8192,7424510,1192308,123850914107,226989999248
18243585,8192,7432769,1181081,123639714052,229568133315
18251777,8192,7441011,1122330,123791286451,230909775198
18259969,8192,7449248,1057141,124005826008,238818720667
18268161,8192,7457480,1149776,123780189861,227474379644
18276353,8192,7465732,1138922,123825049322,235580956304
18284545,8192,7473976,1116748,123912936549,234851174672
18292737,8192,7482227,1127798,124011657362,239482061360
18300929,8192,7490473,1167190,123832281793,245090186740
18309121,8192,7498722,1053420,124124411697,245439870132
18317313,8192,7506978,1133163,123892826376,239887133327
18325505,8192,7515227,1132535,123963669651,245425137899
18333697,8192,7523497,1174914,123807898511,242293009757
18341889,8192,7531758,1150732,124008898402,232585175316
18350081,8192,7540010,1095754,124066570254,239149695002
18358273,8192,7548250,1031926,124293311968,247668670976
18366465,8192,7556485,1169850,123796488548,229175235036
18374657,8192,7564737,1137885,123763453499,236724987346
18382849,8192,7572992,1137153,123739979971,235471846832
18391041,8192,7581241,1196116,123696138160,225378382895
18399233,8192,7589493,1188419,123748760146,233999398405
18407425,8192,7597744,1130750,123806830257,241583371804
18415617,8192,7606005,1203397,123713240856,228098546308
18423809,8192,7614258,1257068,123661939920,229357330983
18432001,8192,7622531,1252621,123647146166,221976608588
18440193,8192,7630780,1205858,123608104486,227137154140
18448385,8192,7639025,1171536,123606480487,226441067868
18456577,8192,7647282,1184335,123687962207,225583240429
18464769,8192,7655550,1227707,123656285174,232145589012
18472961,8192,7663813,1284738,123601764262,219427418375
18481153,8192,7672060,1256303,123642445478,226097060329
18489345,8192,7680331,1195079,123543052072,228236924365
18497537,8192,7688594,1238864,123729824111,231942901010
18505729,8192,7696861,1182352,123593591406,232153924471
18513921,8192,7705129,1233586,123621916055,221151218561
18522113,8192,7713386,1230026,123625792489,228767149195
18530305,8192,7721624,1223627,123553925647,225643649896
18538497,8192,7729874,1290154,123671245630,224841598517
18546689,8192,7738125,1276381,123699036245,239262359340
18554881,8192,7746382,1246012,123733776212,250374070743
18563073,8192,7754631,1246486,123634151269,223091974201
18571265,8192,7762868,1219353,123672327030,218766297710
18579457,8192,7771127,1233808,123544543122,223889495313
18587649,8192,7779363,1254190,123650030852,224178682191
18595841,8192,7787617,1244508,123614833950,226941216682
18604033,8192,7795903,1259904,123713505259,243335499962
18612225,8192,7804160,1216570,123810115467,238528247356
18620417,8192,7812425,1282421,123680636979,219937152836
18628609,8192,7820683,1290295,123762052048,218692086987
18636801,8192,7828925,1329761,123624356896,227003960974
18644993,8192,7837197,1229232,123673332562,235893703420
18653185,8192,7845459,1124831,123722979147,247149280653
18661377,8192,7853721,1141839,123760941969,251516570745
18669569,8192,7861982,1276577,123643292573,224512123442
18677761,8192,7870232,1348989,123665435619,220082281490
18685953,8192,7878487,1292258,123614723053,220131245675
18694145,8192,7886739,1280894,123635445331,211263388722
18702337,8192,7894977,1370284,123674712258,232952604032
18710529,8192,7903249,1196262,123768009361,260322963755
18718721,8192,7911506,1315408,123701070991,235293330663
18726913,8192,7919763,1376836,123723517082,237947729279
18735105,8192,7928038,1294708,123852643029,240242438389
18743297,8192,7936310,1380152,123592761710,232390200074
18751489,8192,7944586,1294239,123792768243,255406572602
18759681,8192,7952835,1286704,123765852488,258834050299
18767873,8192,7961090,1233835,123872769832,244358999486
18776065,8192,7969343,1205041,123986510127,247033325741
18784257,8192,7977613,1310812,123933188174,237308713134
18792449,8192,7985880,1371731,123735994772,225171442567
18800641,8192,7994181,1231492,123976611447,217857656815
18808833,8192,8002461,1239882,123867437997,276918976741
18817025,8192,8010724,1294709,123735714868,230540080226
18825217,8192,8019018,1333260,123846313048,236075382079
18833409,8192,8027303,1475343,123747332848,236591949803
18841601,8192,8035559,1384494,123689349896,243569777712
18849793,8192,8043832,1323590,123619746748,256985086701
18857985,8192,8052126,1314599,123671843490,263298833656
18866177,8192,8060419,1273194,123657643737,264227163724
18874369,8192,8068684,1277332,123711691345,262563203778
18882561,8192,8076974,1321935,123658427466,241058492880
18890753,8192,8085252,1332345,123535674414,240043173228
18898945,8192,8093563,1248370,123739831742,261312876752
18907137,8192,8101832,1253229,123728100060,273902056437
18915329,8192,8110114,1266595,123781071763,285542145916
18923521,8192,8118398,1288376,123635147516,245516244112
18931713,8192,8126667,1252811,123705837334,238168698982
18939905,8192,8134951,1264747,123685039020,247559163958
18948097,8192,8143260,1204967,123815134928,259951018332
18956289,8192,8151644,1161537,124211789248,258792116398
18964481,8192,8159956,1256820,123969766721,262837505084
18972673,8192,8168234,1252926,123728441436,249355616270
18980865,8192,8176488,1415393,123858693129,224536646777
18989057,8192,8184767,1378115,123669387522,251782614236
18997249,8192,8193014,1385398,123764285378,246274709464
19005441,8192,8201259,2044815,123824739294,214632745262
19013633,8192,8209499,1454448,123669961183,240527540042
19021825,8192,8217728,1418905,123653695356,217245636332
19030017,8192,8225983,1368129,123782896509,217121886794
19038209,8192,8234228,1371339,123663808593,228656626959
19046401,8192,8242460,1304989,123701427919,249756227551
19054593,8192,8250694,1231354,123767425903,263864971749
19062785,8192,8259059,1276243,123815788056,258406577504
19070977,8192,8267362,1259116,123826364821,258423384533
19079169,8192,8275635,1244576,123691753909,250118025468
19087361,8192,8283896,1333438,123832840822,232950146716
19095553,8192,8292156,1339566,123691549401,241798074312
19103745,8192,8300438,1321099,123849518114,257455435746
19111937,8192,8308689,1260937,123793147462,263555809538
19120129,8192,8316948,1359851,123815115800,237920184558
19128321,8192,8325217,1314760,123666197796,232688173344
19136513,8192,8333493,1305248,123946920476,226008390098
19144705,8192,8341773,1266103,124104017949,233671937396
19152897,8192,8350064,1198093,124118652749,249613615775
19161089,8192,8358344,1230459,124206694754,254814690363
19169281,8192,8366622,1242437,124122790289,222520957285
19177473,8192,8374907,1340729,123989599941,213730000974
19185665,8192,8383182,1236760,123969611623,204468434392
19193857,8192,8391454,1222610,123806886071,193226561458
19202049,8192,8399735,1165655,124131985407,221289362387
19210241,8192,8408023,1140966,124274057934,245228634092
19218433,8192,8416275,1181096,124295618123,245015414743
19226625,8192,8424566,1297683,124266922414,239273050005
19234817,8192,8432837,1319023,124094997030,240500551198
19243009,8192,8441120,1360327,123910732432,233077432407
19251201,8192,8449406,1252019,124116392865,260292661494
19259393,8192,8457720,1260334,124142787832,246924948258
19267585,8192,8465991,1316043,124053267886,247846470945
19275777,8192,8474282,1309169,124018708984,230610061896
19283969,8192,8482572,1275841,124069272958,222301572068
19292161,8192,8490824,1305573,124069543469,215613933166
19300353,8192,8499067,1256213,124228260168,242177913401
19308545,8192,8507317,1263227,124254644406,255107018177
19316737,8192,8515576,1372672,124139191434,238170015453
19324929,8192,8523827,1383445,124230321106,239175626193
19333121,8192,8532090,1428299,124072932148,234383518346
19341313,8192,8540334,1378236,124230760063,238148763852
19349505,8192,8548571,1403329,124273109664,239939516028
19357697,8192,8556815,1360346,124388928610,254278467215
19365889,8192,8565049,1451538,124212199926,234076950515
19374081,8192,8573279,1456308,124187628104,235342376740
19382273,8192,8581515,1390404,124001805374,229054919532
19390465,8192,8589756,1406332,124183216259,230430175541
19398657,8192,8598061,1376343,124298522851,239961844854
19406849,8192,8606304,1323253,124203729016,243929277501
19415041,8192,8614553,1409825,124184434083,237229162764
19423233,8192,8622797,1407012,124190932397,238683599709
19431425,8192,8631094,1479016,124444652304,239956005840
19439617,8192,8639405,1494194,124598689249,254327910856
19447809,8192,8647696,1525689,124654060201,268685098189
19456001,8192,8655991,1400235,124746985771,283342927249
19464193,8192,8664284,1463073,124708696824,267819806807
19472385,8192,8672573,1567587,124492865502,245035343924
19480577,8192,8680848,1569982,124675941826,252675058186
19488769,8192,8689133,1519310,124642372180,262564688864
19496961,8192,8697400,1532953,124562923150,265552727816
19505153,8192,8705700,1441553,124706105566,284037882786
19513345,8192,8714026,1431476,124579418319,265197458082
19521537,8192,8722316,1534603,124318946052,252282016299
19529729,8192,8730829,1504678,124337950932,245919749606
19537921,8192,8739185,1496091,124380640734,251811622619
19546113,8192,8747474,1471940,124404502871,258634684514
19554305,8192,8755777,1421459,124410898435,270702900458
19562497,8192,8764071,1449555,124385162902,262469117364
19570689,8192,8772348,1436175,124282074762,242882821220
19578881,8192,8780597,1384474,124120403426,243256852131
19587073,8192,8788850,1423744,124233175249,244587536492
19595265,8192,8797112,1411530,124285329601,257465021394
19603457,8192,8805376,1362120,124482829897,280001119737
19611649,8192,8813644,1366587,124396688881,263918935512
19619841,8192,8821912,1431304,124303363675,228510559069
19628033,8192,8830158,1382837,124278179872,253151419273
19636225,8192,8838416,1386317,124267212875,255426731519
19644417,8192,8846685,1477932,124283847315,252744666108
19652609,8192,8854969,1327150,124512018946,260538494344
19660801,8192,8863231,1333121,124620238398,269311372981
19668993,8192,8871496,1361699,124457738133,260190378170
19677185,8192,8879742,1402400,124720060656,239351644590
19685377,8192,8887996,1426421,124385138939,254005013530
19693569,8192,8896260,1349485,124526186496,252993959474
19701761,8192,8904509,1300798,124683267469,283879308347
19709953,8192,8912750,1312484,124522623013,262128517054
19718145,8192,8920990,1367280,124234964352,251019474726
19726337,8192,8929255,1367565,124243473683,237954732397
19734529,8192,8937499,1360530,124198160597,243937425265
19742721,8192,8945763,1355984,124540036759,267313351180
19750913,8192,8954019,1252870,124821955842,278276357949
19759105,8192,8962263,1317146,124580362846,264368596980
19767297,8192,8970503,1425710,124319133475,241213694400
19775489,8192,8978751,1426943,124406846992,239750405008
19783681,8192,8986991,1408096,124487406122,246189164310
19791873,8192,8995239,1375954,124221565854,252288828904
19800065,8192,9003484,1328449,124456618248,263052778979
19808257,8192,9011734,1308968,124536261314,250011805621
19816449,8192,9019990,1361273,124451868445,252416736778
19824641,8192,9028233,1386800,124442024416,249758618375
19832833,8192,9036486,1311633,124472221441,255903229819
19841025,8192,9044737,1321663,124723548990,261600352117
19849217,8192,9052980,1296587,124201124261,239959207390
19857409,8192,9061230,1211690,124816889058,260038090131
19865601,8192,9069473,1341044,124415440188,247635734801
19873793,8192,9077747,1364059,124478097811,256757957076
19881985,8192,9085984,1370389,124290076590,243790977921
19890177,8192,9094228,1315726,124427228697,243731431271
19898369,8192,9102490,1250201,124502760559,273684000323
19906561,8192,9110734,1226278,124794745557,258416882151
19914753,8192,9118990,1262021,124642676514,254130198193
19922945,8192,9127236,1373100,124069895033,245678630570
19931137,8192,9135486,1343031,124229005523,251824554200
19939329,8192,9143725,1329349,124204790713,242798255536
19947521,8192,9151974,1333083,124392561546,271887011694
19955713,8192,9160210,1314942,124423623184,261581888137
19963905,8192,9168454,1333019,124345711165,235589717535
19972097,8192,9176695,1257352,124232825992,245235755636
19980289,8192,9184953,1323568,124094474908,237550864206
19988481,8192,9193196,1326751,124163998517,232196547496
19996673,8192,9201443,1336252,123996321353,241064775424
20004865,8192,9209675,1240854,124226710247,242935004172
20013057,8192,9217912,1304799,123931172877,225107743719
20021249,8192,9226144,1330787,123950597201,239557893745
20029441,8192,9234372,1338896,123821130868,222939999635
20037633,8192,9242611,1317090,123654099640,224342657806
20045825,8192,9250848,1347082,123953641816,238288330887
20054017,8192,9259089,1325267,123876567291,254490694212
20062209,8192,9267322,1318717,124055393101,241330860305
20070401,8192,9275563,1366227,123762444016,226815677666
20078593,8192,9283801,1384871,123911184108,229685844881
20086785,8192,9292062,1406126,123940016782,228543519432
20094977,8192,9300302,1339685,124015415943,241221705268
20103169,8192,9308551,1301714,124029391097,258556456237
20111361,8192,9316795,1273066,124087816974,255128491175
20119553,8192,9325059,1341785,124092854149,243593578213
20127745,8192,9333311,1300304,124171257384,243461912629
20135937,8192,9341560,1312828,123895576655,231044479252
20144129,8192,9349801,1478597,124131653209,265076846897
20152321,8192,9358049,1401974,124342040084,291990290799
20160513,8192,9366304,1278720,124374744387,275542892270
20168705,8192,9374550,1346678,123936121923,260013811053
20176897,8192,9382778,1424523,124108232349,264387416647
20185089,8192,9391015,1377219,123885049400,246913314658
20193281,8192,9399251,1336187,123788574103,253296529836
20201473,8192,9407494,1298463,124269759102,281256283288
20209665,8192,9415724,1286626,124087576326,272251146982
20217857,8192,9423960,1317852,123942254668,257448930815
20226049,8192,9432209,1299917,124147683853,243050339401
20234241,8192,9440439,1360846,123774875427,235836361117
20242433,8192,9448678,1459730,123854928977,246315879398
20250625,8192,9456910,1312416,124076624635,270971043538
20258817,8192,9465146,1171595,124427662111,279593286951
20267009,8192,9473399,1317129,124097688366,261758933982
20275201,8192,9481639,1334263,123937658483,243838862301
20283393,8192,9489868,1363375,124067024594,235581275200
20291585,8192,9498106,1363384,123869625532,251835418614
20299777,8192,9506347,1316781,124039812722,268806864279
20307969,8192,9514581,1244265,123989778309,243046935099
20316161,8192,9522818,1314009,123995263661,242443075944
20324353,8192,9531037,1360451,123857218332,240217883519
20332545,8192,9539273,1365918,123758625145,224197376220
20340737,8192,9547499,1315447,123780556120,228920048875
20348929,8192,9555732,1291597,124045417961,266361406113
20357121,8192,9563959,1279773,124504091119,266357841993
20365313,8192,9572201,1312646,123669140229,232397148834
20373505,8192,9580431,1311170,124039182811,251544766319
20381697,8192,9588664,1276710,124097202607,254700790984
20389889,8192,9596900,1309255,123990059477,250011520302
20398081,8192,9605136,1256225,124206051024,255115771021
20406273,8192,9613370,1215683,124065312931,238116795651
20414465,8192,9621591,1244275,124192634311,252495760262
20422657,8192,9629846,1320255,123998089347,231940259180
20430849,8192,9638079,1321247,123888932332,221837304464
20439041,8192,9646308,1265381,123823513533,226534663141
20447233,8192,9654555,1276821,123996852027,245663693439
20455425,8192,9662773,1197252,124532117855,275876364065
20463617,8192,9670997,1257479,124388614409,250311905066
20471809,8192,9679232,1285411,123650110177,254135972066
20480001,8192,9687458,1297199,123749972625,248997184200
20488193,8192,9695679,1243615,123883712183,239133370495
20496385,8192,9703905,1269253,124047419113,255945093292
20504577,8192,9712142,1135247,124465862938,266926679434
20512769,8192,9720378,1161611,124184136025,239415208615
20520961,8192,9728604,1245300,124007077488,240805963849
20529153,8192,9736836,1421269,123962849137,246028084737
20537345,8192,9745081,1439333,123669332793,245387403947
20545537,8192,9753315,1253608,124231633533,261129725789
20553729,8192,9761549,1145025,124604070901,267557944537
20561921,8192,9769782,1166959,124453507182,256092958368
20570113,8192,9778022,1229301,123923336719,248871264148
20578305,8192,9786257,1215782,124508837186,254929744816
20586497,8192,9794502,1269527,124050642770,251551500331
20594689,8192,9802745,1292003,124332499053,256825631183
20602881,8192,9810996,1228322,124543532771,260989670866
20611073,8192,9819237,1097645,124814044268,253938531828
20619265,8192,9827482,1324919,124291925023,243633802558
20627457,8192,9835711,1316468,124306662368,241902917427
20635649,8192,9843959,1323405,124238897976,244420704086
20643841,8192,9852200,1312577,124110240029,249499300271
20652033,8192,9860438,1167898,124654545575,254240044876
20660225,8192,9868668,1172966,124818915829,255404450258
20668417,8192,9876900,1236978,124229513827,238657572199
20676609,8192,9885128,1278425,124191509641,249888945226
20684801,8192,9893357,1277423,124164220953,231988301099
20692993,8192,9901590,1299309,124222150078,236324968580
20701185,8192,9909808,1280639,124039124147,249035863755
20709377,8192,9918046,1237605,124150614349,262374918287
20717569,8192,9926276,1319388,123967676483,239611719514
20725761,8192,9934518,1333524,123906422105,240210334341
20733953,8192,9942757,1342890,124072186073,240391285074
20742145,8192,9950994,1335924,123999386424,235670156720
20750337,8192,9959240,1282264,124044134635,246587355971
20758529,8192,9967460,1252221,124075251218,255294966779
20766721,8192,9975702,1248961,124010223875,233988848718
20774913,8192,9983955,1296280,123959551616,228039445716
20783105,8192,9992198,1295855,123861766459,216710023158
20791297,8192,10000436,1357061,123655847951,221119113010
20799489,8192,10008679,1286683,123903565050,214511191116
20807681,8192,10016909,1225709,123683481511,234892807139
20815873,8192,10025141,1281184,123701645397,221144720960
20824065,8192,10033363,1306171,123674520523,217607590327
20832257,8192,10041601,1300593,123697978959,219081069465
20840449,8192,10049823,1322193,123742084041,226673671657
20848641,8192,10058046,1339278,123881511204,259794443297
20856833,8192,10066279,1280156,124044652168,256386910129
20865025,8192,10074499,1341045,123939717225,258968418371
20873217,8192,10082726,1449149,123875874183,230724206310
20881409,8192,10090947,1318637,123828156277,242066362110
20889601,8192,10099176,1310004,124079212741,238008910805
20897793,8192,10107391,1287441,124064006649,228470922043
20905985,8192,10115611,1238107,123942336536,233339607807
20914177,8192,10123834,1270972,123967807271,233597209299
20922369,8192,10132052,1338406,123619826798,221325968659
20930561,8192,10140274,1350373,123791381394,221097649327
20938753,8192,10148494,1314243,123637017493,233789119883
20946945,8192,10156745,1392627,123714739565,222050968758
20955137,8192,10165009,1283356,123904730600,247193989008
20963329,8192,10173259,1250992,123804630771,235901168137
20971521,8192,10181499,1396954,123899780038,227722218978
20979713,8192,10189737,1351704,123744674033,235913895866
20987905,8192,10197972,1408688,123937607291,228910655289
20996097,8192,10206206,1502921,123906819311,218821295747
21004289,8192,10214429,1419302,123927641555,249953869881
21005282,993,10223616,159274,15045217504,32993291506
