block_number,blocks,slot,txs,gas,time
8193,8192,1,0,0,236573375
16385,8192,1,0,0,228496370
24577,8192,1,0,0,226931811
32769,8192,1,0,0,231998006
40961,8192,1,0,0,227314368
49153,8192,1,1514,33070964,298598672
57345,8192,1,3916,407821091,426513179
65537,8192,1,2676,90041948,352769462
73729,8192,1,5821,197747509,414844058
81921,8192,1,4204,131282630,389554860
90113,8192,1,4589,112269814,386496951
98305,8192,1,3327,84662425,365292787
106497,8192,1,4168,105498119,381214798
114689,8192,1,4247,119199457,365842302
122881,8192,1,6054,163953975,394782135
131073,8192,1,5852,147449076,374524434
139265,8192,1,6678,168428364,390769842
147457,8192,1,7805,190561977,417453541
155649,8192,1,8675,220080834,441878453
163841,8192,1,7255,175016877,413917544
172033,8192,1,10115,242307512,473776966
180225,8192,1,12029,319429322,569595122
188417,8192,1,10493,307941046,509695410
196609,8192,1,8488,226000959,463255998
204801,8192,1,9431,284499928,471351522
212993,8192,1,9432,269025812,477465351
221185,8192,1,9745,253020191,485189077
229377,8192,1,9473,303239797,490836050
237569,8192,1,9752,287334366,498209979
245761,8192,1,9175,237099979,495653637
253953,8192,1,9225,299876210,512920048
262145,8192,1,8500,237942979,478806331
270337,8192,1,11073,360421503,537542981
278529,8192,1,11244,333906121,541171576
286721,8192,1,9944,288230259,512595911
294913,8192,1,9552,272964709,507741894
303105,8192,1,10564,278617464,508991285
311297,8192,1,9852,289668902,516788392
319489,8192,1,10772,285019105,528159465
327681,8192,1,9264,263512681,518329991
335873,8192,1,10710,300329465,554378426
344065,8192,1,10447,340557247,547048345
352257,8192,1,11871,367785281,586379618
360449,8192,1,11031,301110840,564203768
368641,8192,1,10176,272300629,535431805
376833,8192,1,10299,327273585,588005366
385025,8192,1,11650,328391280,574334989
393217,8192,1,10917,668394420,598143337
401409,8192,1,10512,371168499,571454939
409601,8192,1,11329,399996130,583109759
417793,8192,1,9682,299513459,536670507
425985,8192,1,10211,378463309,590463750
434177,8192,1,10123,371765259,598823052
442369,8192,1,10202,298321714,535968751
450561,8192,1,10252,488330843,849144173
458753,8192,1,11670,315763779,614724433
466945,8192,1,12392,405644045,609293841
475137,8192,1,11262,434129872,720325693
483329,8192,1,11885,436485530,814597039
491521,8192,1,11396,324292141,673808981
499713,8192,1,11390,316107054,575350162
507905,8192,1,19834,986537643,931678500
516097,8192,1,14518,537099270,696610875
524289,8192,1,14364,563247320,782200401
532481,8192,1,15028,641704064,825048277
540673,8192,1,11625,533545978,773092653
548865,8192,1,12334,352563908,600642700
557057,8192,1,11579,286224762,564625965
565249,8192,1,12543,387072166,630727365
573441,8192,1,11762,377902837,649801623
581633,8192,1,11889,329240266,592307758
589825,8192,1,12402,356748509,620067467
598017,8192,1,11554,361660592,602305257
606209,8192,1,11466,286807225,570374847
614401,8192,1,11355,383668685,819331067
622593,8192,1,12943,487254257,628582589
630785,8192,1,10960,369935232,577585307
638977,8192,1,10609,304527314,559978508
647169,8192,1,11891,400916707,594294033
655361,8192,1,13364,422684376,612718647
663553,8192,1,11233,291970815,577184340
671745,8192,1,11307,306322589,582354825
679937,8192,1,13718,480255087,739914359
688129,8192,1,12101,533373764,740753873
696321,8192,1,24697,2437912230,2369081608
704513,8192,1,24278,1882935448,1689231128
712705,8192,1,15914,1053536841,1255545539
720897,8192,1,14854,884970772,1121223856
729089,8192,1,18033,1103406409,1241764453
737281,8192,1,39634,2413080461,2392267799
745473,8192,1,20252,1205744179,1460689639
753665,8192,1,16649,914386676,1298167548
761857,8192,1,29450,1702093462,1910205810
770049,8192,1,19926,1149090055,1529421590
778241,8192,1,27585,1546147829,1766070254
786433,8192,1,13804,512905120,902978656
794625,8192,1,14238,555275432,993031891
802817,8192,1,20936,1074374824,1422126132
811009,8192,1,33100,2274628469,2227844972
819201,8192,1,21058,1074857191,1396729435
827393,8192,1,17945,1068696871,1309026324
835585,8192,1,16965,691346951,1101099453
843777,8192,1,24779,1318609001,1561418771
851969,8192,1,17337,797507253,1159525485
860161,8192,1,16221,653054698,864713977
868353,8192,1,17414,667767224,818049056
876545,8192,1,20874,997212648,1007854310
884737,8192,1,18556,602924448,854618556
892929,8192,1,20188,746509191,943820147
901121,8192,1,20728,705763650,902053602
909313,8192,1,28858,1212230895,1227808878
917505,8192,1,29450,1450050635,1407207354
925697,8192,1,25856,1070129090,1236767648
933889,8192,1,23756,919949479,1085565739
942081,8192,1,24390,780757258,966957759
950273,8192,1,22318,724737535,936385058
958465,8192,1,23856,823943680,1010382393
966657,8192,1,39968,1787855655,1592157151
974849,8192,1,24875,783309904,994028905
983041,8192,1,25559,758151178,996669596
991233,8192,1,32769,996332438,1120454711
999425,8192,1,29253,955506690,1157561118
1007617,8192,1,28779,874607232,1055483074
1015809,8192,1,28640,944195150,1102457386
1024001,8192,1,30592,1077029621,1192593568
1032193,8192,1,30567,1025667741,1091919306
1040385,8192,1,26761,784549571,1035034695
1048577,8192,1,28815,1876343804,1217591408
1056769,8192,1,31628,1248873846,1117485681
1064961,8192,1,32758,1302389229,1252065953
1073153,8192,1,30961,857488355,1043567916
1081345,8192,1,33502,949562723,1141034091
1089537,8192,1,37121,995463452,1160705057
1097729,8192,1,40115,1081576458,1218172694
1105921,8192,1,42800,1253697553,1339439597
1114113,8192,1,41667,1235498720,1295226988
1122305,8192,1,38878,1141426898,1232209530
1130497,8192,1,41538,1202802604,1208218261
1138689,8192,1,39904,1101644111,1169310068
1146881,8192,1,44221,1340457745,1249818998
1155073,8192,1,43528,1383496645,1273977543
1163265,8192,1,38152,1246718060,1181813183
1171457,8192,1,44944,1374923499,1315937807
1179649,8192,1,46242,1574630437,1370019217
1187841,8192,1,44523,1522997076,1295767975
1196033,8192,1,43594,1529570548,1473642320
1204225,8192,1,41259,1452683779,1336843304
1212417,8192,1,52923,2302777232,1899519754
1220609,8192,1,46705,1563686082,1431235649
1228801,8192,1,46123,1514235577,1500808945
1236993,8192,1,43046,1458453689,1459530117
1245185,8192,1,49499,1658881432,1507505509
1253377,8192,1,46254,1516126264,1279158887
1261569,8192,1,42318,1328121509,1443789554
1269761,8192,1,40021,1078268036,1188224269
1277953,8192,1,46365,1435004546,1471387366
1286145,8192,1,50841,1591258579,1575661714
1294337,8192,1,41499,1271776158,1314027930
1302529,8192,1,47633,1512367159,1576275740
1310721,8192,1,42641,1164414830,1256950920
1318913,8192,1,42610,1137106273,1232945143
1327105,8192,1,45560,1357858661,1384272752
1335297,8192,1,50369,1781939706,1416286332
1343489,8192,1,45221,1209479371,1271955038
1351681,8192,1,44015,1206824098,1322986738
1359873,8192,1,54888,1591716049,1284495082
1368065,8192,1,43396,1184809863,1317894695
1376257,8192,1,48876,1593180641,1497374208
1384449,8192,1,45143,1439543743,1291689393
1392641,8192,1,41341,1118372583,1272222155
1400833,8192,1,45540,1329131424,1357457024
1409025,8192,1,49104,1485363761,1439225656
1417217,8192,1,44023,1225869865,1232852154
1425409,8192,1,49886,1450651632,1459387978
1433601,8192,1,56669,1681771886,1523893527
1441793,8192,1,54635,1947185643,1565585482
1449985,8192,1,56685,1624594158,1450834597
1458177,8192,1,50196,1613347851,1506617775
1466369,8192,1,54893,2240127730,2060569264
1474561,8192,1,52100,1483885342,1487504745
1482753,8192,1,51280,1586965488,1554178941
1490945,8192,1,56855,1674576856,1462727625
1499137,8192,1,52382,1728224502,1476685159
1507329,8192,1,60036,2138598848,1847926546
1515521,8192,1,69268,2441975068,1924087345
1523713,8192,1,56514,1832134302,1760444802
1531905,8192,1,51124,1731842384,1631202075
1540097,8192,1,58754,1911501394,1734828147
1548289,8192,1,61429,1987968261,1656473232
1556481,8192,1,60630,2360467143,1823223454
1564673,8192,1,56981,1819841802,1534901242
1572865,8192,1,56494,1777140576,1546177995
1581057,8192,1,59042,1735378915,1513387259
1589249,8192,1,68973,2172337508,1800079632
1597441,8192,1,64306,2192773982,1799278817
1605633,8192,1,86669,3493104245,2388671384
1613825,8192,1,62112,2154462632,1754986620
1622017,8192,1,60118,1914186297,1646362971
1630209,8192,1,53413,1741132990,1489165995
1638401,8192,1,56756,1633896769,1420693421
1646593,8192,1,50346,1452533160,1387973805
1654785,8192,1,50828,1521883376,1356426091
1662977,8192,1,60376,3061122313,2211771072
1671169,8192,1,55258,1843787387,1651541925
1679361,8192,1,55775,1793288354,1558781869
1687553,8192,1,52281,1793521528,1513803167
1695745,8192,1,55227,1857680146,1544012329
1703937,8192,1,64652,2265573762,1873724230
1712129,8192,1,63355,2060421766,1801035155
1720321,8192,1,65682,5800241515,7594952434
1728513,8192,1,95610,16739007815,39890190002
1736705,8192,1,67917,4743426756,8121091031
1744897,8192,1,62602,3296268924,3787212948
1753089,8192,1,68336,3841591968,3014969948
1761281,8192,1,58130,2076897006,1970384329
1769473,8192,1,57022,2221809906,1612716761
1777665,8192,1,52898,1689289635,1644035897
1785857,8192,1,53856,1708894430,1800615638
1794049,8192,1,56044,1992483551,2133453597
1802241,8192,1,90325,5767597538,2830414288
1810433,8192,1,52758,2499380206,4407276824
1818625,8192,1,55194,1772826158,1860642898
1826817,8192,1,53703,1704827192,1544687955
1835009,8192,1,49822,1916513753,2024055213
1843201,8192,1,53374,1676538934,1566391028
1851393,8192,1,60123,2381439875,3096975088
1859585,8192,1,56426,2865260110,4546975050
1867777,8192,1,50632,1670163364,1859843384
1875969,8192,1,53453,1904646721,1976599957
1884161,8192,1,54655,1840362954,1659625441
1892353,8192,1,54265,1824465369,1552865609
1900545,8192,1,51280,1414646366,1411662574
1908737,8192,1,47043,1388770142,1392999830
1916929,8192,1,63160,1874850406,1578172327
1925121,8192,1,62773,4171399935,7525436038
1933313,8192,1,65738,2266620454,2020401718
1941505,8192,1,62037,2034143904,1732828941
1949697,8192,1,79321,2248553641,1816832987
1957889,8192,1,74738,2527380908,2143171720
1966081,8192,1,75137,2369261794,1878191409
1974273,8192,1,66582,2970283633,2203196070
1982465,8192,1,60335,2173102476,2225690677
1990657,8192,1,63657,1764764048,1566389257
1998849,8192,1,66671,2054100679,1747202682
2007041,8192,1,68240,2035711402,1730539237
2015233,8192,1,60275,1885646786,1551588308
2023425,8192,1,59731,1718762000,1530507382
2031617,8192,1,56298,1666187619,1458081127
2039809,8192,1,56416,2985329528,2176650941
2048001,8192,1,67806,2074138922,1610907204
2056193,8192,1,63577,1903780373,1594522484
2064385,8192,1,55865,1657169845,1518892902
2072577,8192,1,58480,1557471379,1409037911
2080769,8192,1,55331,1599645346,1411051417
2088961,8192,1,64228,1850037001,1605819538
2097153,8192,1,66060,2188998555,1792726312
2105345,8192,1,54235,1660505770,1505217315
2113537,8192,1,56694,1742357705,1452044708
2121729,8192,1,61614,1816239031,1524857331
2129921,8192,1,63451,3861822325,2396724209
2138113,8192,1,69603,2043909844,1641519593
2146305,8192,1,61611,1914481982,1535351139
2154497,8192,1,62524,1658273809,1409216920
2162689,8192,1,61974,1798911967,1581583183
2170881,8192,1,62834,1920681017,1607000300
2179073,8192,1,61629,1818058493,1550981442
2187265,8192,1,76278,2727312503,1983591500
2195457,8192,1,59767,1675377812,1485275101
2203649,8192,1,65371,2614658821,1759236642
2211841,8192,1,62364,2039781213,1520123624
2220033,8192,1,60969,1981999587,1623965134
2228225,8192,1,85854,2814470323,1902182715
2236417,8192,1,55933,1813330669,1465462075
2244609,8192,1,57588,1730634676,1469009214
2252801,8192,1,63320,2021513820,1605470662
2260993,8192,1,65183,2112882377,1744565530
2269185,8192,1,74523,2354744595,1772852187
2277377,8192,1,72172,2714744039,1812840605
2285569,8192,1,50199,1706002470,2632899788
2293761,8192,1,61842,1801256949,6087027467
2301953,8192,1,68639,2034760072,1747331301
2310145,8192,1,66952,2916329686,15951671906
2318337,8192,1,48275,1914011719,11819927802
2326529,8192,1,56968,3010508461,23294017695
2334721,8192,1,60252,3532946594,44157992518
2342913,8192,1,59242,2893073539,21213830045
2351105,8192,1,56520,2437337126,4198891736
2359297,8192,1,53930,2539978338,9071163697
2367489,8192,1,72486,5437092390,37696272154
2375681,8192,1,64351,3955814780,34335797056
2383873,8192,1,72150,4175006287,26383168514
2392065,8192,1,52311,3587030185,49889733540
2400257,8192,1,60755,3380343872,108274408510
2408449,8192,1,54394,3489623288,88912559794
2416641,8192,1,59749,3571481590,53713358223
2424833,8192,1,52901,2140315677,72682036322
2433025,8192,1,41983,2064705182,91352245503
2441217,8192,1,52489,1940457621,35564147242
2449409,8192,1,47032,1416811786,16240350324
2457601,8192,1,50121,1416935937,21510629112
2465793,8192,1,63997,2059194432,18137767381
2473985,8192,1,52613,5415624522,50405829671
2482177,8192,1,77644,2200694454,3367988132
2490369,8192,1,47944,1381582456,1531583119
2498561,8192,1,58110,1704965277,1616062574
2506753,8192,1,68097,2292291281,1910483727
2514945,8192,1,59292,1798672209,1734230748
2523137,8192,1,59793,1784849739,1730642033
2531329,8192,1,57693,1656383700,1668394137
2539521,8192,1,55694,1627913854,1549094100
2547713,8192,1,63237,1907051300,1747128501
2555905,8192,1,61395,1723186230,1729112233
2564097,8192,1,57303,1576168754,1744292190
2572289,8192,1,44899,1243188531,1326732556
2580481,8192,1,50737,1381762673,1422767162
2588673,8192,1,53997,1523970827,1618959093
2596865,8192,1,56755,1868225974,1860577528
2605057,8192,1,54579,1853422028,1679917768
2613249,8192,1,57937,1749156374,1686613833
2621441,8192,1,54830,1654717503,1659751917
2629633,8192,1,59687,1932781220,1707856328
2637825,8192,1,58098,1831832946,1649894353
2646017,8192,1,57577,1732304988,1606797507
2654209,8192,1,56517,1691425491,1515195001
2662401,8192,1,54908,1580644481,1649298618
2670593,8192,1,56589,1781259427,1539753913
2678785,8192,1,85495,2598196853,14018886609
2686977,8192,1,59696,3974729576,71313999726
2695169,8192,1,72462,4113740875,42138818913
2703361,8192,1,55726,4743499117,65294279854
2711553,8192,1,65254,6348291025,87159882870
2719745,8192,1,64427,5199613546,50121618815
2727937,8192,1,50844,1684630038,2170196654
2736129,8192,1,54697,1652133461,1553227689
2744321,8192,1,53051,1748152517,1480340457
2752513,8192,1,55339,1979520745,1635091170
2760705,8192,1,64847,2063457441,1666319067
2768897,8192,1,55277,1804237075,1625401276
2777089,8192,1,56023,1776551857,1600979162
2785281,8192,1,52991,1726269370,1590160228
2793473,8192,1,52624,2213276915,1522822307
2801665,8192,1,55238,1810591298,1635083730
2809857,8192,1,63980,2356415998,1868225387
2818049,8192,1,65743,2448549979,1926761367
2826241,8192,1,54971,1881197690,1551109524
2834433,8192,1,49662,1953789890,1641209088
2842625,8192,1,58392,2038106026,1640246915
2850817,8192,1,64185,2225753659,1739791906
2859009,8192,1,76490,2486660557,2008912716
2867201,8192,1,55683,1760491642,1563754457
2875393,8192,1,50675,1452936266,1360141658
2883585,8192,1,50157,1522394202,1455311747
2891777,8192,1,58225,1860099069,1549055059
2899969,8192,1,60144,2083730262,1629307129
2908161,8192,1,60988,2086757942,1657949055
2916353,8192,1,54302,1714680114,1472041984
2924545,8192,1,50695,1584719153,1485743149
2932737,8192,1,63026,2305221488,1912641214
2940929,8192,1,67480,2204851332,1812082410
2949121,8192,1,61833,1971573134,1728493522
2957313,8192,1,58505,1930260127,1669137598
2965505,8192,1,59699,1937673518,1719988390
2973697,8192,1,63091,2244391292,1793619137
2981889,8192,1,64874,2137001608,1674703199
2990081,8192,1,70738,2397486878,1797563802
2998273,8192,1,58903,1853897373,1551609270
3006465,8192,1,54373,1766782589,1561926220
3014657,8192,1,65027,2294148724,1750710081
3022849,8192,1,60922,2027141448,1735731862
3031041,8192,1,58548,1960456703,1755368838
3039233,8192,1,61315,2005539036,1745801834
3047425,8192,1,62091,2149768492,1763307634
3055617,8192,1,67927,2452616440,1925515106
3063809,8192,1,62018,2292070946,1902002176
3072001,8192,1,63286,2183742248,1906660165
3080193,8192,1,65669,2218082794,1822716078
3088385,8192,1,54874,1846213528,1646812710
3096577,8192,1,63311,2098245747,1778139752
3104769,8192,1,59762,2124435421,1721075843
3112961,8192,1,58897,2178531771,1864923370
3121153,8192,1,58468,1974991763,1717140299
3129345,8192,1,63556,2065813146,1748504946
3137537,8192,1,64128,2220717880,1833217956
3145729,8192,1,70462,2665896127,2027017982
3153921,8192,1,64806,2336669302,1923405780
3162113,8192,1,70074,2730719806,2216934635
3170305,8192,1,60420,2178878613,1865706605
3178497,8192,1,73252,3110141726,2149041239
3186689,8192,1,79081,2976280771,2157159983
3194881,8192,1,71074,2804402262,2084090022
3203073,8192,1,64978,2351345544,1909256057
3211265,8192,1,68556,2464803794,1875943235
3219457,8192,1,66845,2286314550,1866554368
3227649,8192,1,75763,3113040792,2422407742
3235841,8192,1,69688,2984250772,2071463718
3244033,8192,1,68668,2289170959,1894852845
3252225,8192,1,71170,2634879929,2086852844
3260417,8192,1,70604,2482121481,2032368916
3268609,8192,1,79874,2821352557,2195689150
3276801,8192,1,82615,2938903296,2201987998
3284993,8192,1,93464,3013882836,2379672933
3293185,8192,1,81232,2628326517,2130337406
3301377,8192,1,77780,2508423110,1974708980
3309569,8192,1,85412,2762075045,2141867138
3317761,8192,1,74949,2364616867,1941368537
3325953,8192,1,89542,3008034239,2534401387
3334145,8192,1,89382,3038054714,2252285923
3342337,8192,1,91012,2910544703,2303005517
3350529,8192,1,112957,4683356145,3070251936
3358721,8192,1,108487,3824938321,2695445676
3366913,8192,1,150248,4856683444,3289301189
3375105,8192,1,129410,4029391606,2985737423
3383297,8192,1,118959,3597176359,2681770640
3391489,8192,1,113031,3618928236,2717681504
3399681,8192,1,109702,3595863612,2644339215
3407873,8192,1,112341,3708098910,2613544166
3416065,8192,1,121089,3775021048,2691758621
3424257,8192,1,111288,3513747685,2624331072
3432449,8192,1,126552,4519125602,3092510274
3440641,8192,1,116739,3847970531,3083343055
3448833,8192,1,137505,4650151490,3159545816
3457025,8192,1,132372,4354448594,3191197420
3465217,8192,1,116438,3872751305,2942824746
3473409,8192,1,138958,4605215288,3524236313
3481601,8192,1,115237,3904507999,2940425093
3489793,8192,1,129313,4405146988,3133658713
3497985,8192,1,121326,4141663795,2947970521
3506177,8192,1,101941,3457895017,2679962081
3514369,8192,1,104473,3801545119,2830731732
3522561,8192,1,110663,3893580475,2905013404
3530753,8192,1,118136,4358681727,3049493507
3538945,8192,1,116538,3957151738,3123909560
3547137,8192,1,97599,3525061715,2786114307
3555329,8192,1,105494,3951999139,3361896433
3563521,8192,1,113777,4538716060,3351748802
3571713,8192,1,122232,4932027111,3743511087
3579905,8192,1,113517,5371454955,3230021804
3588097,8192,1,103751,3918968307,3195631178
3596289,8192,1,112257,4332652445,3266632934
3604481,8192,1,136619,5289710359,3649987036
3612673,8192,1,143158,5255428268,3673400825
3620865,8192,1,145745,4868936849,3515686003
3629057,8192,1,136562,4879877560,3584659162
3637249,8192,1,160424,6406024036,4286309528
3645441,8192,1,150436,5782052966,3908227950
3653633,8192,1,167559,5819732935,4260780364
3661825,8192,1,142125,5329409688,3648141527
3670017,8192,1,152266,6300591479,3962409792
3678209,8192,1,169497,6571385749,4198603548
3686401,8192,1,156250,7347905323,4583447318
3694593,8192,1,167344,7335647042,4448634740
3702785,8192,1,147702,7536226635,4393394597
3710977,8192,1,168287,8194709920,4803029839
3719169,8192,1,176741,9883600890,6296126027
3727361,8192,1,214081,11450730102,6169358674
3735553,8192,1,229327,12196031413,6589702161
3743745,8192,1,201943,10613685663,5917382334
3751937,8192,1,260406,12599459208,7027036256
3760129,8192,1,278528,15779303797,7810186295
3768321,8192,1,279013,16350363987,8027664859
3776513,8192,1,244538,13523383202,6909308338
3784705,8192,1,224822,12717337930,6951258513
3792897,8192,1,248995,13592095818,7373235390
3801089,8192,1,314302,19832169118,8356392373
3809281,8192,1,313676,17980594470,11839201471
3817473,8192,1,280618,16692684984,9417843972
3825665,8192,1,296114,15953100496,8888515160
3833857,8192,1,317754,17492872153,9825892144
3842049,8192,1,305857,17151665586,9685067306
3850241,8192,1,325308,16138916714,9829858477
3858433,8192,1,365858,18515263356,10501157242
3866625,8192,1,450999,21732698279,12371039028
3874817,8192,1,403872,18428150155,11757175131
3883009,8192,1,399350,18507971011,11897707052
3891201,8192,1,366142,17616667683,11078317069
3899393,8192,1,401398,20055154217,12243791406
3907585,8192,1,467519,26635229072,12862404261
3915777,8192,1,448080,27509986564,12977074977
3923969,8192,1,445137,22206823281,12556062514
3932161,8192,1,393944,20192356202,12055244824
3940353,8192,1,474437,21147977183,13814034512
3948545,8192,1,452736,24838577163,15763794309
3956737,8192,1,409197,21844246829,13968464804
3964929,8192,1,391200,20881198158,14126042869
3973121,8192,1,480657,24984090402,16221582412
3981313,8192,1,439836,24432971850,16162474617
3989505,8192,1,456105,22202913020,15328140166
3997697,8192,1,401541,19785653790,13660262480
4005889,8192,1,468451,21489133966,14971618381
4014081,8192,1,521089,25614275148,17631250492
4022273,8192,1,465732,25576854950,16028274803
4030465,8192,1,422645,19071909199,14940446895
4038657,8192,1,452765,21588202182,15272976463
4046849,8192,1,494336,24205815057,16055226948
4055041,8192,1,427170,19727949695,13818708278
4063233,8192,1,409232,17944225576,13249397187
4071425,8192,1,455169,22752023483,15682400885
4079617,8192,1,411552,20393151746,13449592449
4087809,8192,1,402826,19516574262,13832064537
4096001,8192,1,350511,18308327314,11904902602
4104193,8192,1,441704,23280158452,15076535765
4112385,8192,1,474401,24577424757,16934158764
4120577,8192,1,512389,25868228053,17705843503
4128769,8192,1,539622,25478534061,18385839467
4136961,8192,1,612130,30525492507,20551575553
4145153,8192,1,669828,31316179679,21989731847
4153345,8192,1,667176,32781900955,21849501695
4161537,8192,1,802050,39631270870,26086684539
4169729,8192,1,832182,45690595844,29815216337
4177921,8192,1,822935,40787417397,26126325077
4186113,8192,1,677937,33931766754,23360728790
4194305,8192,1,736129,33608364656,23601689233
4202497,8192,1,733583,31613370181,23034730327
4210689,8192,1,736596,33326421250,23831590722
4218881,8192,1,885279,42684031553,28089221597
4227073,8192,1,909505,44089434039,29171591791
4235265,8192,1,772574,36378544905,25770424947
4243457,8192,1,1021928,44970958961,31536592055
4251649,8192,1,1081239,50184234692,34350288843
4259841,8192,1,880278,41550585016,29972641471
4268033,8192,1,864414,41053728142,29796433283
4276225,8192,1,867715,42375737918,32182533923
4284417,8192,1,857098,44405284841,30578100802
4292609,8192,1,764839,40439697663,30755575872
4300801,8192,1,736339,41523378146,30276743932
4308993,8192,1,739102,40787147868,29796544962
4317185,8192,1,882460,46629010975,32730990695
4325377,8192,1,928715,45913689045,34601277419
4333569,8192,1,855500,44372358254,32995005721
4341761,8192,1,890587,45969894286,33611840489
4349953,8192,1,861954,44868560756,34127935481
4358145,8192,1,961145,45839288391,34142756391
4366337,8192,1,1022776,47707018313,36752880940
4374529,8192,1,788928,41640159530,30324207508
4382721,8192,1,680611,30304975089,23940864075
4390913,8192,1,633676,29394442349,24445828676
4399105,8192,1,691855,34599365091,23864920995
4407297,8192,1,587597,22219394536,18938010093
4415489,8192,1,602801,27141844419,20881457157
4423681,8192,1,637247,33563116251,25006602116
4431873,8192,1,602169,34452528559,25410472756
4440065,8192,1,644187,35202407283,26501545052
4448257,8192,1,635205,32303616551,25300411949
4456449,8192,1,658167,33516933106,26321651051
4464641,8192,1,714607,37151598010,29141816267
4472833,8192,1,687810,38954422870,30282474036
4481025,8192,1,691342,38855588548,30770727974
4489217,8192,1,597092,33111071840,27101507455
4497409,8192,1,530372,24797114990,21304655828
4505601,8192,1,664534,27768018498,23420716202
4513793,8192,1,607716,29462506589,24697927673
4521985,8192,1,636968,33818088203,28048091271
4530177,8192,1,576620,30857764315,24651710299
4538369,8192,1,555644,29902311532,25222198463
4546561,8192,1,576193,31728985315,26116710627
4554753,8192,1,614333,33933012035,28004593870
4562945,8192,1,694290,35077866299,28580833795
4571137,8192,1,685773,35235556368,29404840320
4579329,8192,1,595343,32512470264,27173942039
4587521,8192,1,616676,31432826950,27342825177
4595713,8192,1,732388,35462326767,31023182162
4603905,8192,1,701686,34053236118,29250981780
4612097,8192,1,696025,34813469923,29154761197
4620289,8192,1,756842,36575998133,31110851695
4628481,8192,1,695958,35807344495,29434890564
4636673,8192,1,839988,41325848673,35683561277
4644865,8192,1,859818,39561689628,34948903081
4653057,8192,1,878341,39038765676,35869281319
4661249,8192,1,838018,41732008967,37599190358
4669441,8192,1,868393,42367951309,39993268055
4677633,8192,1,1024408,50365921601,46235695451
4685825,8192,1,1106629,50823271509,47066348148
4694017,8192,1,983321,52251191383,44029464691
4702209,8192,1,1065994,53288175748,51858380395
4710401,8192,1,1004230,57029863421,54928331706
4718593,8192,1,1175867,60067148142,58902536526
4726785,8192,1,1283732,60320736424,57690331528
4734977,8192,1,1366216,63069754925,58368901115
4743169,8192,1,1249121,59108334014,53409433224
4751361,8192,1,1252125,59908605848,54647009250
4759553,8192,1,1451207,62045900188,57042643904
4767745,8192,1,1519992,62098558192,56586628670
4775937,8192,1,1585445,62497723845,53772511951
4784129,8192,1,1400070,58743219915,53648221110
4792321,8192,1,1052134,54186765245,44147426498
4800513,8192,1,1019534,49928583194,43131904449
4808705,8192,1,1261780,57510375260,50992197880
4816897,8192,1,1331357,57590718396,53416886752
4825089,8192,1,1639294,60808222944,56380592889
4833281,8192,1,1324521,56290819569,51305674516
4841473,8192,1,1365671,56727562845,52736975810
4849665,8192,1,1800565,61983009179,61315020093
4857857,8192,1,2002216,61977955389,58340225491
4866049,8192,1,1885881,62151807862,60532185128
4874241,8192,1,1724229,62804522499,59838464849
4882433,8192,1,1914229,62387106534,61020534771
4890625,8192,1,1784457,61980258440,56799734112
4898817,8192,1,1710320,62316592526,59962791404
4907009,8192,1,1726464,62391325627,58236307827
4915201,8192,1,1730007,63380891308,61206667744
4923393,8192,1,1858619,62279744506,61169480509
4931585,8192,1,1849680,62183892835,62071075920
4939777,8192,1,1496671,58403848500,56737243208
4947969,8192,1,1393070,58633948844,58180622689
4956161,8192,1,1327346,58788810672,56101608261
4964353,8192,1,1272246,58123924020,56089998621
4972545,8192,1,1159603,54810326446,53257892019
4980737,8192,1,1260970,53358611450,53785012619
4988929,8192,1,1176073,52672662572,50990621480
4997121,8192,1,1259241,55165172481,52357795889
5005313,8192,1,1262433,56373025517,52140096447
5013505,8192,1,1356029,59546446599,58012190170
5021697,8192,1,1305842,56689784355,55681263014
5029889,8192,1,1125879,53898877430,49592843399
5038081,8192,1,1161636,54269350642,49652236926
5046273,8192,1,1191117,54055514122,52160342643
5054465,8192,1,1056526,53286687769,49846551394
5062657,8192,1,1038563,52346336284,48543190995
5070849,8192,1,1111255,53626275181,48156743935
5079041,8192,1,1139166,53752148996,50518468289
5087233,8192,1,1010849,50228857996,45690492773
5095425,8192,1,1086570,52677277867,49265072980
5103617,8192,1,981145,52265804278,47332366026
5111809,8192,1,1077049,53626533614,48841431985
5120001,8192,1,1057547,54195882329,48942288198
5128193,8192,1,1208494,58216835003,54351317060
5136385,8192,1,1184261,56746767112,51928398032
5144577,8192,1,999424,52506836442,49576341963
5152769,8192,1,1017445,53578401482,50142057332
5160961,8192,1,1019623,52810336386,51628800101
5169153,8192,1,938849,52166193773,49612010698
5177345,8192,1,1005061,53979644014,53181405136
5185537,8192,1,1006297,54409598707,55262148589
5193729,8192,1,910773,52367016050,50637970399
5201921,8192,1,1019609,54958972298,51541919074
5210113,8192,1,963205,51431731336,52651954985
5218305,8192,1,1080296,53432274393,55777896713
5226497,8192,1,913035,51814775021,51804018480
5234689,8192,1,811533,49710271751,48570087563
5242881,8192,1,914018,50659269828,49616303473
5251073,8192,1,951734,49660522293,49217603695
5259265,8192,1,966328,49937461860,51933644440
5267457,8192,1,876120,48233799143,48372707951
5275649,8192,1,839560,45505587169,45498641935
5283841,8192,1,976074,50468458835,49292383038
5292033,8192,1,924974,47925789741,48984402786
5300225,8192,1,942144,49680604502,47720473391
5308417,8192,1,886412,46355902185,47162237362
5316609,8192,1,828036,44837407164,46241658810
5324801,8192,1,738251,42486626567,42490447469
5332993,8192,1,878562,44377402985,44898897889
5341185,8192,1,759784,39515895518,40524129423
5349377,8192,1,876958,45441991668,47423006519
5357569,8192,1,803479,46113372017,47497981166
5365761,8192,1,729028,45065663138,44177759106
5373953,8192,1,885713,47737923460,48303281806
5382145,8192,1,836995,51351355496,50482020451
5390337,8192,1,965931,52965281717,51836898919
5398529,8192,1,782926,50890084027,46747191066
5406721,8192,1,761190,48956703913,48455960745
5414913,8192,1,827064,48472063015,48480714688
5423105,8192,1,825418,49256575775,55064215719
5431297,8192,1,919267,52230978175,57487636093
5439489,8192,1,974226,55143258533,58471816529
5447681,8192,1,833508,50689771206,53257590137
5455873,8192,1,947860,56707817121,56118061264
5464065,8192,1,1033971,58652807039,59138077340
5472257,8192,1,1115589,59342364238,61194421088
5480449,8192,1,1153123,59083287853,60782695609
5488641,8192,1,1009152,56069946259,59023980290
5496833,8192,1,1156155,57601281303,63632210131
5505025,8192,1,1147957,57531469967,63523818191
5513217,8192,1,1088977,55330482420,58435509798
5521409,8192,1,1128476,54292326455,58591579385
5529601,8192,1,1047151,55026971310,62032397935
5537793,8192,1,1126959,57980108462,64229051433
5545985,8192,1,1076343,59166013084,64454794638
5554177,8192,1,1192396,59545348454,64943949019
5562369,8192,1,1376951,58519081749,70521782131
5570561,8192,1,976721,58050473193,60229328633
5578753,8192,1,1166387,57731284389,61215985232
5586945,8192,1,1161915,58406567436,63672029384
5595137,8192,1,1234914,60771886651,66342407789
5603329,8192,1,1124232,59755746193,62231427622
5611521,8192,1,1095478,60122260578,60625344304
5619713,8192,1,1158885,60368944644,65152170685
5627905,8192,1,1153817,60775416598,63474909763
5636097,8192,1,1226306,60413544072,63914103988
5644289,8192,1,1196097,59963033833,61558124070
5652481,8192,1,1148057,60165793954,64434332068
5660673,8192,1,1177054,60696972227,63136653667
5668865,8192,1,1235498,60047450465,65025677829
5677057,8192,1,1147362,60485425643,66781710970
5685249,8192,1,1108227,59774988632,62923023398
5693441,8192,1,1201882,61008511303,65101189760
5701633,8192,1,1183811,61676882288,69546453502
5709825,8192,1,1214637,61791485704,71717013865
5718017,8192,1,1086473,61499185628,70663207737
5726209,8192,1,1201901,61132528463,67161008574
5734401,8192,1,1114912,61252818451,65517884745
5742593,8192,1,1163973,60135524474,64745561424
5750785,8192,1,1084060,59600947136,63013606575
5758977,8192,1,1078372,59809101820,62670592043
5767169,8192,1,1114845,59325753351,64859727759
5775361,8192,1,1126138,59862973911,61790074613
5783553,8192,1,1136977,59212357830,61062881545
5791745,8192,1,1046515,52187366379,55696420903
5799937,8192,1,1040418,55190787848,57608166765
5808129,8192,1,853023,55324595267,54280693143
5816321,8192,1,1028624,57063660639,59454022911
5824513,8192,1,1117046,59270194084,63631924532
5832705,8192,1,1061157,58960211718,63074045876
5840897,8192,1,1055327,56548008958,60561487546
5849089,8192,1,878652,50539203884,54765604861
5857281,8192,1,1173486,57632243725,66124717015
5865473,8192,1,1081039,57617358569,62006957540
5873665,8192,1,1057229,56743055206,63409498644
5881857,8192,1,951758,58511385611,59158711746
5890049,8192,1,835183,61795713273,48546291144
5898241,8192,1,739929,61727951417,50067372035
5906433,8192,1,680873,61904063474,51205950009
5914625,8192,1,706329,61447371947,52807152632
5922817,8192,1,694577,62089394033,50753861995
5931009,8192,1,846968,57980071725,53043635542
5939201,8192,1,966559,59961762656,59012778775
5947393,8192,1,901788,60279415753,57870635652
5955585,8192,1,802864,60414676596,56564161145
5963777,8192,1,685110,63069117237,53342863183
5971969,8192,1,649712,59686231052,52103262568
5980161,8192,1,1036796,60094784408,64221277102
5988353,8192,1,1003503,59416305051,62766710976
5996545,8192,1,1027604,59615250433,61646388208
6004737,8192,1,892103,60438506569,65829078924
6012929,8192,1,880312,59806694762,61462752803
6021121,8192,1,1109642,60025112508,66005871297
6029313,8192,1,1094954,59640226996,65987967459
6037505,8192,1,1030417,59369607024,62389720181
6045697,8192,1,1057200,55900815277,64342665667
6053889,8192,1,940339,50753517403,55864786591
6062081,8192,1,1047645,56417459765,63247927551
6070273,8192,1,1070344,58612928291,66030393600
6078465,8192,1,1040326,59160341340,62469799184
6086657,8192,1,1032939,59245645508,59404059963
6094849,8192,1,978106,58080730358,58828125943
6103041,8192,1,949935,59434287423,63012640655
6111233,8192,1,814440,62418352419,80294232727
6119425,8192,1,756883,61929340206,81470080792
6127617,8192,1,891700,57927536222,69906472914
6135809,8192,1,894373,54124139868,57232102483
6144001,8192,1,948844,54474431056,61341007317
6152193,8192,1,949060,55935295379,60713290284
6160385,8192,1,940733,57179985070,61347537662
6168577,8192,1,875004,59767193046,68875087983
6176769,8192,1,854844,58633356661,62674561311
6184961,8192,1,869810,57172923878,62798533418
6193153,8192,1,858339,58716480746,63989164283
6201345,8192,1,808091,59068730609,63191610847
6209537,8192,1,816753,58875189706,66366706051
6217729,8192,1,809455,58560010270,63883871480
6225921,8192,1,839253,57560207356,63862120529
6234113,8192,1,845776,59019049499,65067188018
6242305,8192,1,804291,57082938691,66167909393
6250497,8192,1,779310,58293679134,62095768859
6258689,8192,1,935783,58551901338,65164599598
6266881,8192,1,832343,56739213761,63376319188
6275073,8192,1,815239,56879687612,64296207164
6283265,8192,1,869622,56503858451,63075967994
6291457,8192,1,753911,57192973874,63679923448
6299649,8192,1,796408,58492213661,63694399101
6307841,8192,1,775867,57819406693,63783058030
6316033,8192,1,731815,55554664930,60707763123
6324225,8192,1,801177,56055100336,62803338679
6332417,8192,1,702924,55639554786,61751639134
6340609,8192,1,628921,57287631240,61007393534
6348801,8192,1,701014,56796985035,58659935760
6356993,8192,1,679990,56753862938,61635985555
6365185,8192,1,679678,56844041949,54058878602
6373377,8192,1,730260,55694660589,61578353630
6381569,8192,1,631122,56053435110,57162327056
6389761,8192,1,623579,55480206989,58498096757
6397953,8192,1,722344,56431171315,59827862930
6406145,8192,1,629492,57158444543,60334725674
6414337,8192,1,709829,57357572825,59616887221
6422529,8192,1,613086,54942317621,53238582700
6430721,8192,1,606422,52576411946,55309993445
6438913,8192,1,642545,52459434620,56031141997
6447105,8192,1,731996,53145077742,55887903337
6455297,8192,1,724964,54306641564,62534432648
6463489,8192,1,815991,52726025166,59812653903
6471681,8192,1,729625,49182276339,52057009932
6479873,8192,1,669837,46831088707,47709024611
6488065,8192,1,747144,48122908769,54845740101
6496257,8192,1,717326,47958662805,59942881388
6504449,8192,1,718392,50909275438,57857212665
6512641,8192,1,730467,48392560754,53827941889
6520833,8192,1,738059,46131832206,54144152962
6529025,8192,1,724708,46477569891,52851619443
6537217,8192,1,800265,48971240353,56122144678
6545409,8192,1,787384,48497192206,54379032847
6553601,8192,1,698398,47187351487,53941608513
6561793,8192,1,737557,48788349686,53700248068
6569985,8192,1,764170,49888523955,55599289829
6578177,8192,1,680236,49997697795,50101362930
6586369,8192,1,749999,53088340658,51615250797
6594561,8192,1,705784,48019131508,53364229830
6602753,8192,1,656423,46400710382,52744738896
6610945,8192,1,849783,47748915390,56872097725
6619137,8192,1,801148,47807608803,57083128313
6627329,8192,1,765408,46669797740,54835956910
6635521,8192,1,743150,46887794423,54701240271
6643713,8192,1,665607,45877233135,56031282515
6651905,8192,1,758736,47427946240,59207975479
6660097,8192,1,827631,47805700088,57591939059
6668289,8192,1,740827,47033958754,55459489732
6676481,8192,1,701546,45737135850,54321451710
6684673,8192,1,693026,47473036303,56492514071
6692865,8192,1,744005,47361939810,54033462739
6701057,8192,1,728159,45355462532,53562407017
6709249,8192,1,803323,48175195526,55677870943
6717441,8192,1,731903,47282679908,55168613288
6725633,8192,1,669779,47058450238,50855474100
6733825,8192,1,736446,51234504987,55386940533
6742017,8192,1,845497,51556557281,57984562541
6750209,8192,1,783040,49450537411,54099012478
6758401,8192,1,785734,48600607825,50988614860
6766593,8192,1,644335,43880086628,47077592971
6774785,8192,1,718306,45320242271,50443962523
6782977,8192,1,787787,49300862376,55733837815
6791169,8192,1,797132,51216997662,54488514468
6799361,8192,1,778579,54480612692,66455442889
6807553,8192,1,777106,54418924892,62633829580
6815745,8192,1,641142,49816057934,60546894867
6823937,8192,1,767187,52605381030,61743240599
6832129,8192,1,795755,53448736123,64313083598
6840321,8192,1,787802,52776478133,66494761385
6848513,8192,1,788128,50809483628,64904078400
6856705,8192,1,703447,48678621512,61710240377
6864897,8192,1,720780,48100014209,56357817425
6873089,8192,1,753391,48766101024,55960588101
6881281,8192,1,726756,48283626988,57240064645
6889473,8192,1,759040,48229905528,55581190809
6897665,8192,1,733910,48871665264,60315438159
6905857,8192,1,752177,49522415159,58784540697
6914049,8192,1,802193,51410592357,55756580520
6922241,8192,1,859621,51928120590,59756498171
6930433,8192,1,800774,50391395202,58148189346
6938625,8192,1,748654,49387623217,56893295388
6946817,8192,1,796267,50255220086,58748550758
6955009,8192,1,748240,51693407873,55113554678
6963201,8192,1,806363,50150885645,61561139282
6971393,8192,1,728569,48656564463,60234908834
6979585,8192,1,735352,51199560672,61936399808
6987777,8192,1,699021,48682911486,63456498301
6995969,8192,1,634120,45831406577,53776186886
7004161,8192,1,892155,50536556554,61897631355
7012353,8192,1,782030,49273441119,61015496119
7020545,8192,1,741045,46097890688,56240101467
7028737,8192,1,762443,45093991002,56833137288
7036929,8192,1,853754,46603908786,56569218943
7045121,8192,1,810342,46377293130,56871108635
7053313,8192,1,770343,47471980730,56628221848
7061505,8192,1,683334,43555846112,52246824935
7069697,8192,1,838780,46875030520,57262382865
7077889,8192,1,763229,48582059456,55230108493
7086081,8192,1,751041,45191788480,54068194079
7094273,8192,1,795784,48515590361,55639023261
7102465,8192,1,787430,49228707462,54333576942
7110657,8192,1,985470,55948602087,59910508874
7118849,8192,1,879750,52775047845,59015708457
7127041,8192,1,771176,49224643811,56734087869
7135233,8192,1,810937,53308284328,61658464755
7143425,8192,1,915819,55117039138,65231611806
7151617,8192,1,910815,54754117820,61132220960
7159809,8192,1,886198,58713975871,65913181731
7168001,8192,1,726666,49138506055,53954400085
7176193,8192,1,693336,47109751685,53922097448
7184385,8192,1,724525,48036349840,51118868703
7192577,8192,1,708302,48268198216,51896376787
7200769,8192,1,727507,50120021956,54447948394
7208961,8192,1,790346,53098340347,60146187009
7217153,8192,1,906974,56741329110,61218300011
7225345,8192,1,933614,58596654890,64947752343
7233537,8192,1,885596,58671527494,64580832010
7241729,8192,1,1016104,61069572685,69795862700
7249921,8192,1,1020630,61369308543,65230316128
7258113,8192,1,985675,61058114637,69281926209
7266305,8192,1,1024395,60799942581,67319828226
7274497,8192,1,1073993,62911729753,72246381430
7282689,8192,1,959353,60722933235,68945531617
7290881,8192,1,721417,51558952034,60575628832
7299073,8192,1,635467,47439182717,57802590854
7307265,8192,1,768990,52539940390,59870855549
7315457,8192,1,782838,50497801672,59022385171
7323649,8192,1,736531,48680635829,56382595478
7331841,8192,1,693431,48979000213,58494799239
7340033,8192,1,700353,48470463657,58065086553
7348225,8192,1,656165,47754014325,53628407904
7356417,8192,1,706952,49781969594,58385359534
7364609,8192,1,702560,51552295972,56595165078
7372801,8192,1,748488,51189895210,57350144411
7380993,8192,1,672970,50289379405,54980366920
7389185,8192,1,618374,46747527961,55768088781
7397377,8192,1,731407,53849189259,58203507671
7405569,8192,1,823103,54459907520,58494194794
7413761,8192,1,820567,57996395789,64174635140
7421953,8192,1,759259,54880499899,61190743282
7430145,8192,1,709874,50266481813,56446280783
7438337,8192,1,799413,52617562312,60802161720
7446529,8192,1,803464,53862112844,62897305837
7454721,8192,1,776283,53348274726,60525713419
7462913,8192,1,841975,55623955618,61727355312
7471105,8192,1,853955,57452318218,66711521938
7479297,8192,1,795154,56297422443,63971822689
7487489,8192,1,889445,56376229780,67704777205
7495681,8192,1,1021969,60023042579,71915128593
7503873,8192,1,875237,55313971334,65435448279
7512065,8192,1,775071,49429826010,60605952430
7520257,8192,1,725889,47064363363,57876149209
7528449,8192,1,834843,51650564844,63550328833
7536641,8192,1,789507,50757917942,63352265741
7544833,8192,1,867687,54598783786,61289223541
7553025,8192,1,960725,56469515355,62615428461
7561217,8192,1,815707,50313874323,62130433213
7569409,8192,1,666231,46144005917,56473714011
7577601,8192,1,832815,54175134238,57343565570
7585793,8192,1,885526,58087439964,63123009931
7593985,8192,1,861278,55905434119,62775063205
7602177,8192,1,852806,50342783962,62144035667
7610369,8192,1,887841,49888381296,62602412428
7618561,8192,1,860187,54950616424,60140050896
7626753,8192,1,915348,54030183176,64462999889
7634945,8192,1,852309,51681051150,63756841666
7643137,8192,1,912370,53049696773,63146896076
7651329,8192,1,738803,45900258701,54501686368
7659521,8192,1,713836,45748826296,53547318376
7667713,8192,1,848035,50538533259,57773594027
7675905,8192,1,937742,55323766578,65709547109
7684097,8192,1,787627,54383889810,59055944239
7692289,8192,1,833589,53247672067,61052173366
7700481,8192,1,814204,49535470442,58854612725
7708673,8192,1,903137,54358941917,60997540140
7716865,8192,1,801151,62622317283,55683982437
7725057,8192,1,905524,59014777802,65949509764
7733249,8192,1,960512,58327935763,70041638764
7741441,8192,1,936278,56411432504,68196480810
7749633,8192,1,890324,53572479595,68972690728
7757825,8192,1,1027125,58522479696,75834377591
7766017,8192,1,1065365,61612038604,79975207939
7774209,8192,1,1133091,62039236317,76332963431
7782401,8192,1,1013568,61944787561,76300283190
7790593,8192,1,977456,60660792594,72234571649
7798785,8192,1,1062407,59684547724,74779323717
7806977,8192,1,1017774,59902115809,73261634576
7815169,8192,1,1154301,60693446908,74618922689
7823361,8192,1,1129298,60341384806,73800303540
7831553,8192,1,1048171,56590059373,70317514494
7839745,8192,1,1006866,55276418358,70285761830
7847937,8192,1,1266339,61467920318,74459836666
7856129,8192,1,1153575,60984143819,70162045267
7864321,8192,1,1115475,59852831907,74582045575
7872513,8192,1,1148287,60908945609,71980528717
7880705,8192,1,1236171,60021117831,77608543531
7888897,8192,1,1119286,58582250428,71712166935
7897089,8192,1,1116862,59438959515,72563605884
7905281,8192,1,1053564,59511201019,71090500210
7913473,8192,1,1018766,59916578393,72230942383
7921665,8192,1,1163030,58202234652,65550754803
7929857,8192,1,932972,56541598892,70117707995
7938049,8192,1,1335617,61768841096,74245861210
7946241,8192,1,1126115,60333225913,76920332182
7954433,8192,1,930625,59253863905,76412658634
7962625,8192,1,1155991,60318831521,76280994005
7970817,8192,1,1149787,58205892161,73652819964
7979009,8192,1,1168100,58675133580,73234998206
7987201,8192,1,1109590,60201568915,70648938314
7995393,8192,1,1246696,60953748469,70216085208
8003585,8192,1,1072671,58459135873,73878354666
8011777,8192,1,915176,52150084703,71350110240
8019969,8192,1,1048977,54347088319,70941422133
8028161,8192,1,1161083,57901070063,70091740079
8036353,8192,1,1038066,60739991885,71904113708
8044545,8192,1,1058512,61452870344,69021866038
8052737,8192,1,1224568,57520110354,68736356137
8060929,8192,1,883351,49034881564,61566656249
8069121,8192,1,1093556,54937862712,67690014453
8077313,8192,1,1171620,58985335698,73905159155
8085505,8192,1,970944,57604952668,70685488813
8093697,8192,1,1018286,53175452767,67037834448
8101889,8192,1,907967,52281783686,64844391994
8110081,8192,1,872493,50955441103,64543383157
8118273,8192,1,1016880,55439650663,70618522880
8126465,8192,1,893543,53041319100,67855043989
8134657,8192,1,1199821,58355280103,72590490139
8142849,8192,1,872903,50503746198,65964723527
8151041,8192,1,753363,48910092076,64450080303
8159233,8192,1,888841,55200745635,69595671663
8167425,8192,1,1358869,61654254721,67355371791
8175617,8192,1,919344,57647015958,71244329090
8183809,8192,1,948309,52872475578,65483743387
8192001,8192,1,738324,46746541520,59509017591
8200193,8192,1,738422,45469577722,58116253851
8208385,8192,1,812997,50384096789,62260958818
8216577,8192,1,1006640,52371646321,60990784639
8224769,8192,1,1163238,59595554009,69214368635
8232961,8192,1,798761,53019994658,64218175971
8241153,8192,1,697829,51960965721,60234170981
8249345,8192,1,841109,52000342474,64844764123
8257537,8192,1,930193,54459937700,68671189977
8265729,8192,1,975208,58222853369,69796321388
8273921,8192,1,1020904,56306070571,68141706484
8282113,8192,1,938526,53080739771,61755778875
8290305,8192,1,820570,51981464609,66342627486
8298497,8192,1,940581,58623412073,68232467472
8306689,8192,1,877846,57683653048,67537978963
8314881,8192,1,914277,57238738726,68931465930
8323073,8192,1,880678,51566549035,64878811240
8331265,8192,1,763133,51489770819,73582323080
8339457,8192,1,835498,52115559990,62818825067
8347649,8192,1,940995,53853618011,65980271946
8355841,8192,1,935120,59792349550,68913004811
8364033,8192,1,849350,54624898279,65046188362
8372225,8192,1,826549,50554075020,62190238930
8380417,8192,1,893359,53524916702,65397135188
8388609,8192,1,950037,59670381591,74725534573
8396801,8192,1,851952,59067138486,66920846831
8404993,8192,1,971316,58701071184,71126242663
8413185,8192,1,957288,57866515165,72089792087
8421377,8192,1,838965,57549256819,63076725664
8429569,8192,1,893296,61104343635,60207531847
8437761,8192,1,993838,59809150417,67713890022
8445953,8192,1,964813,60789904230,70137601010
8454145,8192,1,839047,59657647316,65373304617
8462337,8192,1,854037,59372454307,63019753873
8470529,8192,1,970235,60191471319,66516943640
8478721,8192,1,988342,61800831528,66376982246
8486913,8192,1,828164,61286830855,61470126082
8495105,8192,1,1002499,62022730823,63755504174
8503297,8192,1,989779,61828220456,62655267492
8511489,8192,1,835312,61844907375,57781053442
8519681,8192,1,889469,61679703719,58617692133
8527873,8192,1,965347,61385667796,60099696498
8536065,8192,1,931052,61592837583,60200867604
8544257,8192,1,754048,61629636775,55995611251
8552449,8192,1,803745,61961780469,59448275576
8560641,8192,1,939276,63530816772,63000989974
8568833,8192,1,851417,65923346777,63131253592
8577025,8192,1,841049,65623489141,62667050761
8585217,8192,1,992152,73222626803,69138593939
8593409,8192,1,817459,77878755186,65342593189
8601601,8192,1,699019,76628772865,65555455045
8609793,8192,1,811933,78058009201,65047858180
8617985,8192,1,949393,77470743277,75646008040
8626177,8192,1,869464,75793509999,71398742832
8634369,8192,1,739889,74187688186,64705464276
8642561,8192,1,818926,77685558439,69538748098
8650753,8192,1,825924,78026267904,71758260650
8658945,8192,1,812147,70393239512,79527111552
8667137,8192,1,785673,61570806794,71739223185
8675329,8192,1,816542,65781442449,68922786837
8683521,8192,1,757973,54004019478,66417812275
8691713,8192,1,683329,52246980326,61276262663
8699905,8192,1,849122,55659160493,66013132390
8708097,8192,1,975466,59263476741,72144659323
8716289,8192,1,913001,59041577975,70682480007
8724481,8192,1,868978,54281558998,65815856233
8732673,8192,1,805391,49494687484,60687592646
8740865,8192,1,812980,52561159401,63403760159
8749057,8192,1,822366,52666178343,64025609411
8757249,8192,1,919564,56098391378,67153262789
8765441,8192,1,968016,57877117485,69689002626
8773633,8192,1,860153,51481505907,61759267170
8781825,8192,1,790868,47257860195,57480133656
8790017,8192,1,942832,53538052783,64201470298
8798209,8192,1,940694,61685676481,72279017310
8806401,8192,1,885927,61658922238,67242445122
8814593,8192,1,1038029,61369004831,73967750585
8822785,8192,1,879793,52146272787,64583040101
8830977,8192,1,878509,55697156073,67641555743
8839169,8192,1,964736,62541552293,82798448423
8847361,8192,1,996914,61590833329,80411957008
8855553,8192,1,885028,55127615561,63318905004
8863745,8192,1,791523,55304861134,65642272726
8871937,8192,1,849887,63786091420,81735223697
8880129,8192,1,902373,61012686158,74053298721
8888321,8192,1,941387,59426643172,71760563985
8896513,8192,1,1133114,63866621409,82906952759
8904705,8192,1,802562,63727133550,85112365203
8912897,8192,1,845445,61409418399,81292933361
8921089,8192,1,1017609,65029754319,84867590184
8929281,8192,1,907925,63564436196,80558791706
8937473,8192,1,967802,66232587516,83967189292
8945665,8192,1,897482,65346650167,83947071834
8953857,8192,1,750217,65003544141,71433130595
8962049,8192,1,1086994,67502783028,83551052340
8970241,8192,1,951713,66237749089,78957696513
8978433,8192,1,981183,69267416517,78287223154
8986625,8192,1,1055590,68273551884,89492692853
8994817,8192,1,780717,56833119505,74895966678
9003009,8192,1,1036805,73004597454,86730889875
9011201,8192,1,1012222,71455636535,82892181158
9019393,8192,1,874242,71548472212,80434251120
9027585,8192,1,971248,66791843410,82102383644
9035777,8192,1,840102,64595196013,78894563643
9043969,8192,1,994170,64934612725,79507963982
9052161,8192,1,888691,65383679263,80755182283
9060353,8192,1,942244,57388886441,71556938693
9068545,8192,1,701653,48078807041,60336971368
9076737,8192,1,754798,61024714378,70843922066
9084929,8192,1,908482,65338335472,77010406745
9093121,8192,1,898709,68826620520,82598769114
9101313,8192,1,947022,69761741984,77875024550
9109505,8192,1,855685,64915604147,75690026876
9117697,8192,1,936510,68593558199,81178156906
9125889,8192,1,1110657,74193543274,88874295967
9134081,8192,1,974020,71692480309,87230574065
9142273,8192,1,971906,69278593897,86585997908
9150465,8192,1,940651,67361910005,84568395083
9158657,8192,1,931319,67770003761,86230855579
9166849,8192,1,1003627,67301994373,89190065154
9175041,8192,1,901224,64936435027,83452451155
9183233,8192,1,768025,58547006772,73092235362
9191425,8192,1,992708,64118389903,83719306543
9199617,8192,1,767537,60728207372,79144844513
9207809,8192,1,741824,53901328760,75285043289
9216001,8192,1,698064,49104444455,65260548819
9224193,8192,1,643992,47707551961,73464599402
9232385,8192,1,827015,55845001987,72713946956
9240577,8192,1,847844,59333225580,71993438353
9248769,8192,1,757262,52846524981,64641791041
9256961,8192,1,716538,54524823239,66438081370
9265153,8192,1,714126,49995214601,59500626456
9273345,8192,1,716731,54250605891,65884531295
9281537,8192,1,763184,56104624149,70470567964
9289729,8192,1,852003,63108379279,76799075072
9297921,8192,1,904053,60658920099,72905504806
9306113,8192,1,828610,56073471319,70639093819
9314305,8192,1,742441,55013686452,69776160295
9322497,8192,1,731295,52787689502,65848572358
9330689,8192,1,708369,52392880422,64704875880
9338881,8192,1,664925,47456678772,62084116923
9347073,8192,1,627062,59045841516,70720568874
9355265,8192,1,542072,51533409470,62420546232
9363457,8192,1,553768,51823161640,62340003373
9371649,8192,1,664552,57497993985,71675998292
9379841,8192,1,665352,58873592863,70668649543
9388033,8192,1,708523,60684737157,74353854526
9396225,8192,1,742494,61352845542,72655955561
9404417,8192,1,682535,52096944972,66477563637
9412609,8192,1,730720,56467680323,73773616221
9420801,8192,1,659919,65708295301,92498748863
9428993,8192,1,805946,68506237462,96004708003
9437185,8192,1,799261,70730540231,96995148974
9445377,8192,1,782815,64727852547,86212049699
9453569,8192,1,806095,57998734790,77007198828
9461761,8192,1,873153,60674145097,75109041078
9469953,8192,1,978600,68453757397,90092532378
9478145,8192,1,932038,68593126285,89093464615
9486337,8192,1,969887,65412428592,82977863352
9494529,8192,1,871662,61072195102,79933493764
9502721,8192,1,880415,67010896351,91415184005
9510913,8192,1,877077,62637487079,81727185177
9519105,8192,1,892491,66341797417,83860186162
9527297,8192,1,886525,63743218469,83563940616
9535489,8192,1,763034,56916289211,74815022913
9543681,8192,1,755739,51749236039,72465956638
9551873,8192,1,873175,63714325503,85078704903
9560065,8192,1,894671,66968083563,92531247349
9568257,8192,1,871975,67196685161,94449385918
9576449,8192,1,833002,63337835446,90004202244
9584641,8192,1,804983,57162122774,80965736449
9592833,8192,1,852642,58816487988,87660039466
9601025,8192,1,804419,61358444080,94935950520
9609217,8192,1,849312,58233450860,89594215374
9617409,8192,1,927929,63536028152,95630020405
9625601,8192,1,813905,59495790605,90091081152
9633793,8192,1,774141,59853748240,95372467207
9641985,8192,1,1008519,71796902215,103107066825
9650177,8192,1,946237,66707485905,89682288696
9658369,8192,1,908074,73540668043,104924192259
9666561,8192,1,1048466,76252778127,101835474178
9674753,8192,1,866412,68574360918,91550334016
9682945,8192,1,932972,70752871888,98798773710
9691137,8192,1,979047,71791734313,100202553856
9699329,8192,1,918888,67817796157,97210228364
9707521,8192,1,1104725,71177466006,105769691465
9715713,8192,1,1104271,71716325188,109900236981
9723905,8192,1,963052,66999392072,94182005406
9732097,8192,1,1005464,65795578186,95114642261
9740289,8192,1,1059837,67994246828,98041215817
9748481,8192,1,979162,67629006993,96588613463
9756673,8192,1,885081,62292836211,89361963264
9764865,8192,1,833802,62457382863,86817400515
9773057,8192,1,837546,61034522068,82780369313
9781249,8192,1,946051,67857791102,91535989654
9789441,8192,1,819208,65866256100,87820679695
9797633,8192,1,924104,68240421801,94744767117
9805825,8192,1,881246,68247029882,92090259089
9814017,8192,1,778987,66071308722,86262983543
9822209,8192,1,911174,69795340731,98015519902
9830401,8192,1,1006706,71978418806,100324495190
9838593,8192,1,1038633,71509025018,102705160299
9846785,8192,1,896865,69792988764,95159002739
9854977,8192,1,847711,67034768302,89508206200
9863169,8192,1,911641,68667883187,94382956825
9871361,8192,1,996682,70107950073,96737340322
9879553,8192,1,973566,69625920413,96997705589
9887745,8192,1,993179,71185747311,98673739348
9895937,8192,1,1003198,70717713319,100004998056
9904129,8192,1,1002534,71808040774,102928267801
9912321,8192,1,973237,71613101484,99493528639
9920513,8192,1,1033485,72846155160,99253662217
9928705,8192,1,1031123,73635393603,101157806286
9936897,8192,1,1080661,74097718137,103609917555
9945089,8192,1,978766,70891484395,98101635405
9953281,8192,1,1042650,72417886178,101173367732
9961473,8192,1,1112412,74009890439,104269872168
9969665,8192,1,1081752,73469731113,105235339882
9977857,8192,1,1115522,75780146275,107889415664
9986049,8192,1,1042699,73335453765,106215462689
9994241,8192,1,1012025,72304159780,105483042043
10002433,8192,1,947807,73177316635,102414352362
10010625,8192,1,993860,74248158794,101857199570
10018817,8192,1,1083307,76321832298,106602110627
10027009,8192,1,1144640,76778212899,109122676616
10035201,8192,1,1106267,76509496209,109696529371
10043393,8192,1,1136468,76529152684,106678647295
10051585,8192,1,1143192,76622953602,109607105845
10059777,8192,1,1071558,76691528658,105404743444
10067969,8192,1,1035874,75016157201,103370888284
10076161,8192,1,1190056,75265046958,102960748231
10084353,8192,1,1052095,76722732640,106757138719
10092545,8192,1,1059358,76839914668,109016917021
10100737,8192,1,1078590,77061038954,105025541735
10108929,8192,1,1104262,76917215732,96894552415
10117121,8192,1,1171376,77120896113,102318274017
10125313,8192,1,1065388,77604654123,108775947435
10133505,8192,1,1080586,77621034018,102590278853
10141697,8192,1,1185945,77375102520,104158240166
10149889,8192,1,1118057,77079879819,101436621710
10158081,8192,1,1140551,77535086646,107448251004
10166273,8192,1,1201889,77314405596,106315398193
10174465,8192,1,1114490,77129632609,107120976876
10182657,8192,1,1131014,76977719808,106388614467
10190849,8192,1,1225990,76646881261,105882369739
10199041,8192,1,1193971,77200838933,103571904478
10207233,8192,1,1174049,77770485494,105465950808
10215425,8192,1,1131601,77893106666,103597280678
10223617,8192,1,1214716,77082495252,104070524470
10231809,8192,1,1239036,76812658037,105566382831
10240001,8192,1,1174334,77539060580,107345337981
10248193,8192,1,1147536,77645370823,109368357611
10256385,8192,1,1130296,76924591639,107847590041
10264577,8192,1,1030018,77324495149,106829115189
10272769,8192,1,1086505,77623073831,107085041056
10280961,8192,1,1133919,77708872357,107097985224
10289153,8192,1,1154060,77788627230,109887982075
10297345,8192,1,1188569,79487887047,115803249120
10305537,8192,1,1162732,92108783782,133950529583
10313729,8192,1,1258422,92807705936,126901111127
10321921,8192,1,1454915,92532120917,127213575010
10330113,8192,1,1363088,93006927167,130084005090
10338305,8192,1,1297387,91799653406,127866181838
10346497,8192,1,1317779,93102367684,129359006418
10354689,8192,1,1316959,92167733414,129191329986
10362881,8192,1,1294409,91868826372,126175955505
10371073,8192,1,1371189,92625323824,127720495567
10379265,8192,1,1370935,91279955444,126161363326
10387457,8192,1,1323638,91353035083,128780904005
10395649,8192,1,1176812,92192015743,130722855328
10403841,8192,1,1130901,92191092473,126574712740
10412033,8192,1,1365356,91517607743,126974354167
10420225,8192,1,1350461,91558164098,127211285237
10428417,8192,1,1325279,93052871840,131483437190
10436609,8192,1,1315451,92424243235,129269046023
10444801,8192,1,1280543,91824104587,130460798909
10452993,8192,1,1386630,92677741195,128500619539
10461185,8192,1,1350573,93443272480,133159682485
10469377,8192,1,1413221,93408214190,125867232103
10477569,8192,1,1409852,91813150323,119617709164
10485761,8192,1,1325146,92491978229,128068389035
10493953,8192,1,1360475,93375068735,131326928090
10502145,8192,1,1477277,93028293528,128906132410
10510337,8192,1,1458912,93395121237,129996486963
10518529,8192,1,1407547,93881286759,135170598147
10526721,8192,1,1441709,95010075686,132840358689
10534913,8192,1,1517598,98525141995,141070070941
10543105,8192,1,1527082,98878550793,139200482482
10551297,8192,1,1529306,98563439926,140445113505
10559489,8192,1,1488034,98120186326,131526921816
10567681,8192,1,1545901,98405600084,135013769484
10575873,8192,1,1481930,98131779771,137322517472
10584065,8192,1,1392202,98224165663,137689069247
10592257,8192,1,1533065,98063078190,134510584310
10600449,8192,1,1520463,98076761196,137562854853
10608641,8192,1,1485632,97643007726,134841412864
10616833,8192,1,1537129,98094168122,132429512602
10625025,8192,1,1531409,97567851758,130277504844
10633217,8192,1,1605029,98527900785,131112609580
10641409,8192,1,1581691,98109215587,129416940621
10649601,8192,1,1533873,98321831677,124023313930
10657793,8192,1,1556816,98751922551,125601293758
10665985,8192,1,1455320,98419002087,131685351930
10674177,8192,1,1399828,98856138099,130309558082
10682369,8192,1,1543182,99064986797,128656912250
10690561,8192,1,1541635,98835373983,127797833197
10698753,8192,1,1495339,99053764120,130806785647
10706945,8192,1,1535453,99205973257,133311076251
10715137,8192,1,1411860,98432768557,132608835867
10723329,8192,1,1465940,98922916151,132463651188
10731521,8192,1,1445079,99057744442,131435540501
10739713,8192,1,1409598,98835109309,132256548473
10747905,8192,1,1434689,98604438114,131726252018
10756097,8192,1,1432351,98393824834,129248529332
10764289,8192,1,1436449,98995119384,125496685833
10772481,8192,1,1494024,98865322370,123732960862
10780673,8192,1,1564213,98943876509,122499576985
10788865,8192,1,1487517,99069578049,122376073978
10797057,8192,1,1431398,98631734597,129442906312
10805249,8192,1,1279797,97861496443,130796884942
10813441,8192,1,1314075,99369544817,133563055100
10821633,8192,1,1326300,98850079622,133426490223
10829825,8192,1,1297628,99169380318,129562324888
10838017,8192,1,1376879,98939998883,129471347506
10846209,8192,1,1346219,99403792278,133682464968
10854401,8192,1,1323252,99251403001,132361935410
10862593,8192,1,1334976,99494857878,134950914488
10870785,8192,1,1341365,99559553820,134376075360
10878977,8192,1,1470136,99262735048,131061009737
10887169,8192,1,1685788,99549571043,126779770215
10895361,8192,1,1395013,99353151545,133221983117
10903553,8192,1,1353200,99129856294,132690213741
10911745,8192,1,1436134,99015606534,132942201868
10919937,8192,1,1372106,99208153089,131468953931
10928129,8192,1,1338149,99199886160,132863610053
10936321,8192,1,1303750,99210160521,133289643570
10944513,8192,1,1283208,99611151083,132309709280
10952705,8192,1,1319801,99531959189,126973414501
10960897,8192,1,1352636,99310002799,129460910735
10969089,8192,1,1375102,99466085443,132034081516
10977281,8192,1,1318730,99628423479,136050855492
10985473,8192,1,1227266,99669860657,131742341574
10993665,8192,1,1251634,99764662138,132146194505
11001857,8192,1,1356592,99619090549,133896991840
11010049,8192,1,1378517,99485553104,134229734198
11018241,8192,1,1275742,98374192970,130130690840
11026433,8192,1,1354490,99298692809,132385236817
11034625,8192,1,1310112,97186693575,129211020022
11042817,8192,1,1334103,99245280398,132871100315
11051009,8192,1,1363729,99758052158,133676068713
11059201,8192,1,1433294,99811214650,133353948564
11067393,8192,1,1554046,99865509853,140583425835
11075585,8192,1,1348576,99492264844,140408683034
11083777,8192,1,1248034,99629928157,136394638650
11091969,8192,1,1401515,99673560434,139880234580
11100161,8192,1,1447762,99741103137,139358182531
11108353,8192,1,1485144,99829077573,141061128920
11116545,8192,1,1398817,99670502872,137110329776
11124737,8192,1,1270161,99750583272,134936986197
11132929,8192,1,1320965,100173706874,135586199501
11141121,8192,1,1325674,99897977809,137413048104
11149313,8192,1,1402938,99852564415,135960973289
11157505,8192,1,1427512,99848646888,134717348990
11165697,8192,1,1399016,99824607865,136789285199
11173889,8192,1,1294020,99650819487,137707113835
11182081,8192,1,1438620,99932057170,141760160040
11190273,8192,1,1438914,100005225132,137828442269
11198465,8192,1,1443942,99739876237,140024038196
11206657,8192,1,1412633,99729278350,140472347757
11214849,8192,1,1380570,99693471850,139711275931
11223041,8192,1,1383145,99903866172,140310128049
11231233,8192,1,1478358,100104962850,141360239670
11239425,8192,1,1347924,99887377082,139641088498
11247617,8192,1,1381274,100222018318,137424289844
11255809,8192,1,1444439,99786699446,137548797560
11264001,8192,1,1316079,99890293002,139344316074
11272193,8192,1,1347710,99946984814,139708069231
11280385,8192,1,1484505,99851935427,141378494832
11288577,8192,1,1396744,99998982049,143994355374
11296769,8192,1,1470900,99784151152,142808162254
11304961,8192,1,1430049,99687376856,145160250882
11313153,8192,1,1453839,99667400561,147469193743
11321345,8192,1,1595756,99733144268,146203790365
11329537,8192,1,1528036,99788326430,145188424164
11337729,8192,1,1445057,99542969394,144979420795
11345921,8192,1,1359299,100074192393,142955477040
11354113,8192,1,1214427,99786388904,141488468939
11362305,8192,1,1448539,99876697498,146037182598
11370497,8192,1,1443442,99905517041,145813637231
11378689,8192,1,1372946,99494705111,141818388127
11386881,8192,1,1460716,99919270857,145056957308
11395073,8192,1,1324871,99802789764,144551454696
11403265,8192,1,1294644,99751712798,141887426434
11411457,8192,1,1427163,99936036914,142315250472
11419649,8192,1,1470939,99901096311,142659621345
11427841,8192,1,1374494,99957562220,142389417722
11436033,8192,1,1412862,100230306566,141066862995
11444225,8192,1,1374249,100053691309,140642023908
11452417,8192,1,1571219,99840223592,142094746168
11460609,8192,1,1495879,100010686253,143059224631
11468801,8192,1,1604419,100116741671,144879390372
11476993,8192,1,1633118,99820704698,143560443375
11485185,8192,1,1504462,99935838936,150957467705
11493377,8192,1,1317697,100499782245,149262532147
11501569,8192,1,1456024,100174119560,145152946770
11509761,8192,1,1513323,100006134277,142325036159
11517953,8192,1,1519607,99951925790,145991572242
11526145,8192,1,1383406,99807024509,144650656616
11534337,8192,1,1422653,100061173912,150945041839
11542529,8192,1,1545477,99930647157,149265353547
11550721,8192,1,1558532,100242503361,147617469110
11558913,8192,1,1504436,99761429052,143659467859
11567105,8192,1,1457170,99838244510,147013510910
11575297,8192,1,1421856,100360462892,149931297380
11583489,8192,1,1555722,100143247311,150857312219
11591681,8192,1,1574678,99900660852,150601189234
11599873,8192,1,1594565,100048647754,148788961917
11608065,8192,1,1659040,100329595801,156560830092
11616257,8192,1,1617443,100220177970,149233285737
11624449,8192,1,1532623,100080599389,150040679619
11632641,8192,1,1542361,100037161583,151099327959
11640833,8192,1,1571861,100308996380,147020550156
11649025,8192,1,1395721,100378559333,150245509866
11657217,8192,1,1490221,100226114683,151550119940
11665409,8192,1,1513739,99985733401,146554325655
11673601,8192,1,1486715,99964988407,144627615838
11681793,8192,1,1497379,99497295251,148596056561
11689985,8192,1,1555675,99583756838,145058157782
11698177,8192,1,1526425,99975239456,142405536484
11706369,8192,1,1506885,100205850486,199028634897
11714561,8192,1,1417140,100076759648,204072241428
11722753,8192,1,1419327,100185239943,175567079446
11730945,8192,1,1535326,99752558396,152312641453
11739137,8192,1,1475350,100121062315,145145236639
11747329,8192,1,1462315,100110564487,146951262217
11755521,8192,1,1607984,100218708518,146295760055
11763713,8192,1,1561092,100091344980,144673555751
11771905,8192,1,1634365,99974635368,140280801931
11780097,8192,1,1611463,100152909187,146831195917
11788289,8192,1,1659488,100051303446,141710540282
11796481,8192,1,1665774,99976385541,140535528990
11804673,8192,1,1595345,99986758305,139976569961
11812865,8192,1,1524046,99728316562,142886705475
11821057,8192,1,1641213,100165414493,147090997764
11829249,8192,1,1680031,99908869524,143410812171
11837441,8192,1,1612325,99880712091,144453804834
11845633,8192,1,1614251,99971067648,146009626767
11853825,8192,1,1556277,99978320446,145433961028
11862017,8192,1,1512954,100017672279,146988759165
11870209,8192,1,1549037,99886206895,144270833403
11878401,8192,1,1571428,100164009970,146550537836
11886593,8192,1,1668305,100312517315,144138698884
11894785,8192,1,1682065,100025730811,148058042807
11902977,8192,1,1570310,100112225843,150174824173
11911169,8192,1,1644933,100154217941,148235724471
11919361,8192,1,1656821,100207884794,147200168797
11927553,8192,1,1582493,100126425907,145634688024
11935745,8192,1,1521475,100167079312,147432514042
11943937,8192,1,1521683,100388045346,153529637577
11952129,8192,1,1489299,99966830319,156837593327
11960321,8192,1,1544635,100287189976,152264151391
11968513,8192,1,1561452,100362822758,151615194099
11976705,8192,1,1547967,99807104865,154045883340
11984897,8192,1,1485163,100423627141,150723952607
11993089,8192,1,1491502,100554250927,148768946025
12001281,8192,1,1511597,100501602390,147501177695
12009473,8192,1,1613129,100389557491,151405667875
12017665,8192,1,1618139,100182492628,149872490057
12025857,8192,1,1670231,100793818551,145154707018
12034049,8192,1,1618179,100973456970,149244180355
12042241,8192,1,1636290,100626663293,148916200677
12050433,8192,1,1664045,100791135270,145191086067
12058625,8192,1,1614383,100610086286,144252066585
12066817,8192,1,1626536,100553630407,145103396403
12075009,8192,1,1627135,100664025896,149785099492
12083201,8192,1,1538091,100839562356,150176683209
12091393,8192,1,1630555,100752831001,143920469668
12099585,8192,1,1633198,100611408516,149485558062
12107777,8192,1,1693381,100714695598,147610767121
12115969,8192,1,1640460,100682351254,150213397889
12124161,8192,1,1538108,100693050780,151904148822
12132353,8192,1,1528903,100580839188,156141678383
12140545,8192,1,1638145,100567752635,153709013913
12148737,8192,1,1686577,100662518085,174441735596
12156929,8192,1,1700547,100764775287,168260214952
12165121,8192,1,1713298,100590983304,168373682813
12173313,8192,1,1558439,100652606920,165477456277
12181505,8192,1,1598931,100706966213,163481880640
12189697,8192,1,1658474,100768276142,157259594039
12197889,8192,1,1637377,100917775639,157079232709
12206081,8192,1,1654920,100978253443,157328412917
12214273,8192,1,1653938,101056372273,156496648632
12222465,8192,1,1558132,101083378473,164159226679
12230657,8192,1,1706312,101058340035,169556321070
12238849,8192,1,1767076,101153617321,162527247298
12247041,8192,1,1547107,101156385394,168558518018
12255233,8192,1,1807586,101213455045,157829984812
12263425,8192,1,1827918,101340557214,156501660794
12271617,8192,1,1812421,101225928616,159443524362
12279809,8192,1,1929005,102065174460,151574625351
12288001,8192,1,1974887,113736085303,174663698656
12296193,8192,1,2023402,120815230694,190466171472
12304385,8192,1,1812523,120875986075,191552240309
12312577,8192,1,1728126,121038645094,203357234428
12320769,8192,1,1828550,120484717452,201351914650
12328961,8192,1,1856686,120211855092,200828028225
12337153,8192,1,1960808,120130384288,190267637619
12345345,8192,1,1834647,120407730128,195423182806
12353537,8192,1,1789128,120394301428,201912313784
12361729,8192,1,1845221,120562860077,203455837024
12369921,8192,1,1928680,120791685995,199240672062
12378113,8192,1,1897871,120919218796,198559797657
12386305,8192,1,1956011,121273660873,197587710240
12394497,8192,1,2024916,121410961017,190921102028
12402689,8192,1,2206937,120878046089,189593344223
12410881,8192,1,2161590,121219190569,178891365750
12419073,8192,1,2154173,120712639060,174894053430
12427265,8192,1,2025421,121107996489,191733630866
12435457,8192,1,1919756,121298892011,190868870458
12443649,8192,1,1849268,121098408850,198160430545
12451841,8192,1,1841994,121305918840,201014192746
12460033,8192,1,1812728,121289513405,193794664433
12468225,8192,1,1836821,121131924561,208398907802
12476417,8192,1,1847130,121013257890,202121082568
12484609,8192,1,1726342,121110215473,201359503816
12492801,8192,1,1565797,121227551605,202512816090
12500993,8192,1,1661227,120989838462,198501609517
12509185,8192,1,1657744,121397791130,196358217068
12517377,8192,1,1686415,120881512313,195154013531
12525569,8192,1,1635921,121020595616,191463547270
12533761,8192,1,1638295,120828007952,196417190731
12541953,8192,1,1630729,121115033416,199133091515
12550145,8192,1,1669238,121350515963,199404423996
12558337,8192,1,1606500,120840646922,190573772981
12566529,8192,1,1705647,120843737763,203279425112
12574721,8192,1,1593840,120738844726,203275992240
12582913,8192,1,1428541,118845017866,198512154175
12591105,8192,1,1527605,119581549488,201746065816
12599297,8192,1,1538160,121177086792,202293151916
12607489,8192,1,1544054,120921611838,202009247927
12615681,8192,1,1489350,121042433482,202098304582
12623873,8192,1,1435704,119449851412,199234958571
12632065,8192,1,1452687,118027659375,199811093583
12640257,8192,1,1546021,120587022943,198123322286
12648449,8192,1,1522355,120371457890,199616809100
12656641,8192,1,1515099,120323786912,199424711711
12664833,8192,1,1463056,119801520354,195792261395
12673025,8192,1,1336569,117778012653,196069773527
12681217,8192,1,1523979,120492919264,206267458040
12689409,8192,1,1641347,120800581446,209904433955
12697601,8192,1,1517616,120209411085,205641780062
12705793,8192,1,1572885,120784865947,202402881585
12713985,8192,1,1443041,119223702600,201495807046
12722177,8192,1,1560503,118711360145,202427560282
12730369,8192,1,1710200,120752573783,212328745439
12738561,8192,1,1525513,120574020911,199489136033
12746753,8192,1,1545180,120340259097,199953106382
12754945,8192,1,1491209,119617730910,197080683916
12763137,8192,1,1419517,119567393503,200423454130
12771329,8192,1,1443602,118754868552,203041963003
12779521,8192,1,1749998,120716159388,186403944201
12787713,8192,1,1637823,120792717738,192853308959
12795905,8192,1,1547938,120670804712,192193016477
12804097,8192,1,1433400,119784397229,196063352929
12812289,8192,1,1468640,119538963045,193511243599
12820481,8192,1,1536022,121005829418,193811712898
12828673,8192,1,1544028,120698206806,197404093394
12836865,8192,1,1619752,120820573618,198544149373
12845057,8192,1,1531456,120973407095,192730669309
12853249,8192,1,1483024,120987635474,189276710734
12861441,8192,1,1519507,120664198995,201480315446
12869633,8192,1,1543637,120610778641,211354118410
12877825,8192,1,1551096,121002511251,210182662602
12886017,8192,1,1516209,121052750886,208717893276
12894209,8192,1,1517293,120791191879,215936059201
12902401,8192,1,1553524,121085055387,211936566281
12910593,8192,1,1693757,121300295216,207674849831
12918785,8192,1,1672044,121340799798,202280941783
12926977,8192,1,1655404,120941956310,204772008079
12935169,8192,1,1569906,120926210670,204443645640
12943361,8192,1,1540925,121105298293,211436975293
12951553,8192,1,1641688,121015559738,204718113477
12959745,8192,1,1563783,120859188337,207603541028
12967937,8192,1,1512297,121685096229,200888674117
12976129,8192,1,1516976,126805399318,203445259419
12984321,8192,1,1530715,126881112753,210425868113
12992513,8192,1,1500023,126849103803,209887313045
13000705,8192,1,1525062,126762365924,195726412232
13008897,8192,1,1570898,126628575442,198858287512
13017089,8192,1,1515070,126715629496,201330930105
13025281,8192,1,1491295,126737597201,194634099840
13033473,8192,1,1399447,126800876454,197371450948
13041665,8192,1,1612103,126573305644,201833782870
13049857,8192,1,1564889,126570069748,201860964616
13058049,8192,1,1549927,126511290892,204421620844
13066241,8192,1,1574840,126648398482,207637601567
13074433,8192,1,1517669,127023106100,208979022422
13082625,8192,1,1555248,127201822791,209091977084
13090817,8192,1,1556053,126522950159,203797840491
13099009,8192,1,1504861,126490789213,204653841198
13107201,8192,1,1482066,126504578382,200755611788
13115393,8192,1,1426374,126482546404,190330884028
13123585,8192,1,1422652,126575548760,195642058642
13131777,8192,1,1500669,126501919615,199127977778
13139969,8192,1,1580952,126501645806,196241397111
13148161,8192,1,1572191,126580580822,185661291466
13156353,8192,1,1502663,126435071350,173966442734
13164545,8192,1,1495807,126867900914,178590953617
13172737,8192,1,1485620,126758082578,187327383798
13180929,8192,1,1624283,126445008957,189676001948
13189121,8192,1,1487793,126454067159,181771743859
13197313,8192,1,1590087,126448018907,193649734859
13205505,8192,1,1603957,126508967574,205876117008
13213697,8192,1,1515619,126648476624,210268615051
13221889,8192,1,1594506,126480910175,203889898693
13230081,8192,1,1571457,126542193961,207211698852
13238273,8192,1,1535402,126591571689,202123407116
13246465,8192,1,1493317,126453218947,191703519962
13254657,8192,1,1432522,126495905368,207123837632
13262849,8192,1,1488041,126602949682,205531420196
13271041,8192,1,1487836,126367437642,195374849943
13279233,8192,1,1482494,126265843066,203763686323
13287425,8192,1,1540706,126290664704,202320197133
13295617,8192,1,1431213,126416230124,203880327438
13303809,8192,1,1381642,126377743039,199289608652
13312001,8192,1,1425200,126414184386,196176887168
13320193,8192,1,1446442,126433497478,200761537704
13328385,8192,1,1451568,126525699709,199906306626
13336577,8192,1,1488450,126443773151,192957305196
13344769,8192,1,1448829,126470974452,211563197027
13352961,8192,1,1435386,126473514687,209335527509
13361153,8192,1,1537204,126540746888,197655958783
13369345,8192,1,1706359,126382828597,198616457245
13377537,8192,1,1739316,126452726028,197126593649
13385729,8192,1,1559597,126463514796,200722346666
13393921,8192,1,1464328,126468436719,208484626177
13402113,8192,1,1527548,126619040869,197551613022
13410305,8192,1,1540567,126512649425,200759196763
13418497,8192,1,1579041,126657363768,198365400364
13426689,8192,1,1652004,126401984278,192860775120
13434881,8192,1,1484258,126375922545,205591381418
13443073,8192,1,1553385,126524177526,215296449571
13451265,8192,1,1545506,126393109813,202304001166
13459457,8192,1,1617660,126509408506,207863532945
13467649,8192,1,1617160,126539220161,203928877566
13475841,8192,1,1597888,126604477600,207601172791
13484033,8192,1,1607554,126579892965,209050305155
13492225,8192,1,1693151,126510267086,205954583938
13500417,8192,1,1730955,126614551074,196651677231
13508609,8192,1,1907030,126451741784,193043819315
13516801,8192,1,1860726,126544257334,198706739989
13524993,8192,1,1743498,126502399379,198434358677
13533185,8192,1,1699555,126537553304,201615466479
13541377,8192,1,1797680,126444001381,198965415859
13549569,8192,1,1806412,126438385106,209679049720
13557761,8192,1,1726244,126479692212,205651960509
13565953,8192,1,1638285,126346564082,211172860967
13574145,8192,1,1634714,126449381758,223242832337
13582337,8192,1,1718939,126525685269,204314576656
13590529,8192,1,1768713,126417251634,202205508857
13598721,8192,1,1731576,126409827801,200412044990
13606913,8192,1,1714696,126194994571,198466587482
13615105,8192,1,1662689,126332832338,212723659794
13623297,8192,1,1659344,126354562546,198473851812
13631489,8192,1,1688326,126167088507,202443049579
13639681,8192,1,1740343,126358272138,210350288596
13647873,8192,1,1656537,126321177990,202405925626
13656065,8192,1,1504782,126229054599,210134044966
13664257,8192,1,1627117,126324235982,211264726283
13672449,8192,1,1617372,126397597617,200409699572
13680641,8192,1,1717682,126185351143,207462114867
13688833,8192,1,1681875,126418968592,209428458981
13697025,8192,1,1659942,126214234182,209654501308
13705217,8192,1,1493091,126442876345,207941424312
13713409,8192,1,1639977,126344852300,206178577320
13721601,8192,1,1637728,126406992783,198933673633
13729793,8192,1,1662768,126254851194,207316927150
13737985,8192,1,1572229,126483226636,210866917729
13746177,8192,1,1626524,126076081216,216067488031
13754369,8192,1,1809146,126386695047,221004920555
13762561,8192,1,1603948,126355692540,211707679025
13770753,8192,1,1713010,126362941154,220563767708
13778945,8192,1,1595162,126358123369,218076899683
13787137,8192,1,1503295,126594660549,211082251796
13795329,8192,1,1492449,126654128960,217609646117
13803521,8192,1,1550781,126482616958,213193498667
13811713,8192,1,1601370,126555088393,213800402245
13819905,8192,1,1499991,126600144015,213369956900
13828097,8192,1,1579600,126426324518,209080931868
13836289,8192,1,1451918,126589449884,220046709569
13844481,8192,1,1485911,126671407417,207450704899
13852673,8192,1,1510421,126431496750,204918200150
13860865,8192,1,1590569,126516589514,207422935508
13869057,8192,1,1615665,126504700303,213728510474
13877249,8192,1,1657339,126494229879,208428650126
13885441,8192,1,1530995,126632403991,218300270856
13893633,8192,1,1593121,126305831185,214967159879
13901825,8192,1,1594780,126628482611,199460033629
13910017,8192,1,1574979,126512975265,207877456655
13918209,8192,1,1528537,126494511250,222645892784
13926401,8192,1,1485566,126581521439,214842322022
13934593,8192,1,1516224,126693079215,218175916955
13942785,8192,1,1526924,126579720747,210905568510
13950977,8192,1,1595071,126529604427,224010386473
13959169,8192,1,1523136,126501530450,221566170208
13967361,8192,1,1498767,126596003961,216439298011
13975553,8192,1,1406922,126595942080,204855152997
13983745,8192,1,1599497,126504388876,201631917985
13991937,8192,1,1623488,126638294462,209386228448
14000129,8192,1,1622392,126578067124,206708539071
14008321,8192,1,1539581,126538188694,200985655270
14016513,8192,1,1479134,126565197225,223473576698
14024705,8192,1,1502447,126588974527,215013390074
14032897,8192,1,1478763,126487822388,214699218854
14041089,8192,1,1533746,126627724761,214196758445
14049281,8192,1,1519738,126594957346,212544861516
14057473,8192,1,1519493,126528476406,215397336750
14065665,8192,1,1378968,126547954984,204434029143
14073857,8192,1,1474826,126438035641,214377845353
14082049,8192,1,1461458,126597812191,215646110768
14090241,8192,1,1463314,126464976827,210030607273
14098433,8192,1,1441040,126385694310,208823532894
14106625,8192,1,1436453,126491228880,217620956629
14114817,8192,1,1496948,126733919140,216677022024
14123009,8192,1,1496987,126542528909,213439878590
14131201,8192,1,1452980,126436119407,216642154948
14139393,8192,1,1423186,126572325359,215842890087
14147585,8192,1,1569308,126563222552,223891594903
14155777,8192,1,1464535,126571618605,218519373440
14163969,8192,1,1479519,126524555259,218451770327
14172161,8192,1,1499313,126468901517,221800862690
14180353,8192,1,1565348,126623168177,216484498606
14188545,8192,1,1470830,126464552679,219481311026
14196737,8192,1,1400549,126494842685,217455035427
14204929,8192,1,1453105,126753079308,224742489232
14213121,8192,1,1460111,126568950512,214830882013
14221313,8192,1,1520459,126652167619,214452504501
14229505,8192,1,1499272,126638616386,220318869734
14237697,8192,1,1548944,126740822535,218342722163
14245889,8192,1,1633816,126506755658,232201051117
14254081,8192,1,1445619,126723848661,214360200924
14262273,8192,1,1431866,126541088768,211804960571
14270465,8192,1,1484052,126508469815,216401122298
14278657,8192,1,1449156,126566654615,217268054554
14286849,8192,1,1474927,126698119621,224119771459
14295041,8192,1,1393083,126635507728,219575044804
14303233,8192,1,1469593,126594053976,214592308188
14311425,8192,1,1512033,126538804256,217426631456
14319617,8192,1,1481371,126576921156,220246763473
14327809,8192,1,1430169,126566265060,219067519175
14336001,8192,1,1419150,126722723223,216700829799
14344193,8192,1,1480284,126435774983,222894284994
14352385,8192,1,1528548,126476867898,233077945491
14360577,8192,1,1546887,126808255314,232979558159
14368769,8192,1,1435509,126571790084,226281347292
14376961,8192,1,1386650,126499954858,225928731965
14385153,8192,1,1382223,126651656770,226010258032
14393345,8192,1,1488051,126664579673,224030534457
14401537,8192,1,1553934,126545677652,227930504835
14409729,8192,1,1634007,126563665151,220501859853
14417921,8192,1,1442200,126580746495,225030655844
14426113,8192,1,1413632,126478067233,232653458362
14434305,8192,1,1548109,126551840239,228784450933
14442497,8192,1,1470527,126615549801,228921624928
14450689,8192,1,1478434,126677467809,222827854874
14458881,8192,1,1458738,126597790863,221747376459
14467073,8192,1,1426514,126403031347,225847378116
14475265,8192,1,1482168,126709937913,229234069359
14483457,8192,1,1557468,126539321538,224168337907
14491649,8192,1,1470187,126437944162,221805750264
14499841,8192,1,1477967,126523369672,219988981479
14508033,8192,1,1465952,126535822834,244921431068
14516225,8192,1,1348724,126493420690,226427357925
14524417,8192,1,1408175,126557593458,221780887994
14532609,8192,1,1417407,126601214291,220761238411
14540801,8192,1,1453750,126608916838,218771748749
14548993,8192,1,1403369,126516523197,217308021172
14557185,8192,1,1395108,126600906242,228391050003
14565377,8192,1,1422523,126760302959,224227765164
14573569,8192,1,1419444,126405917316,215708193421
14581761,8192,1,1376103,126440498278,217122838300
14589953,8192,1,1432106,126608941369,220476888272
14598145,8192,1,1389518,126692065880,218035107051
14606337,8192,1,1325891,126592054869,229049910057
14614529,8192,1,1430620,126570249130,225928856696
14622721,8192,1,1640576,126530216669,226629207096
14630913,8192,1,1458194,126511255699,208477200778
14639105,8192,1,1452283,126394466641,220267331542
14647297,8192,1,1349319,126566104062,231856567062
14655489,8192,1,1452911,126604604446,224012260578
14663681,8192,1,1448499,126332373287,221056551669
14671873,8192,1,1483751,126448598311,225582195156
14680065,8192,1,1524626,126486693032,225688319679
14688257,8192,1,1527468,126545672360,223936624678
14696449,8192,1,1472173,126525431009,201725958760
14704641,8192,1,1419681,126533194875,217369856571
14712833,8192,1,1437270,126467171242,226944431548
14721025,8192,1,1512036,126367840991,226291711074
14729217,8192,1,1439500,126305664805,230915116079
14737409,8192,1,1387353,126409670149,229523801272
14745601,8192,1,1499311,126425130097,233514930264
14753793,8192,1,1558145,126172894422,232732510116
14761985,8192,1,1718804,126212903238,227510826338
14770177,8192,1,1717370,126029090030,231671034313
14778369,8192,1,1473904,126362945352,235548168772
14786561,8192,1,1449449,126492807622,245530324809
14794753,8192,1,1477860,126429514269,225801949305
14802945,8192,1,1512924,126383475179,227191269332
14811137,8192,1,1483765,126427560226,227693722502
14819329,8192,1,1469039,126465883445,217399524195
14827521,8192,1,1400910,126617871845,218115192890
14835713,8192,1,1464190,126577008600,221603257380
14843905,8192,1,1463597,126488966318,212105493713
14852097,8192,1,1435958,126350436560,210570158483
14860289,8192,1,1428608,126334006669,213635736484
14868481,8192,1,1442830,126593504235,219027342182
14876673,8192,1,1444089,126454820297,205651769373
14884865,8192,1,1489984,126427635219,203507728039
14893057,8192,1,1459687,126567897831,202320027290
14901249,8192,1,1429581,126389935326,195979785509
14909441,8192,1,1388421,126535790245,201664356764
14917633,8192,1,1472067,126496416288,200029351771
14925825,8192,1,1441937,126455027935,203504596963
14934017,8192,1,1444164,126497768001,195538730140
14942209,8192,1,1483479,126356513150,199654296628
14950401,8192,1,1440249,126385110650,221856097885
14958593,8192,1,1526412,126307268112,223284677966
14966785,8192,1,1552881,126293740397,226798116119
14974977,8192,1,1547396,126094740945,219245420421
14983169,8192,1,1536599,126211707939,213713177422
14991361,8192,1,1489033,126224000392,227970802564
14999553,8192,1,1453488,126264788639,221365999288
15007745,8192,1,1511797,126501254834,215000264075
15015937,8192,1,1503036,126279848457,216866694267
15024129,8192,1,1519956,126405073088,214750575668
15032321,8192,1,1423112,126368472028,199156293184
15040513,8192,1,1514298,126447574509,213420763528
15048705,8192,1,1540708,126248790503,207354536117
15056897,8192,1,1512494,126305588741,219683878607
15065089,8192,1,1499260,126337822141,213347659789
15073281,8192,1,1452264,126555139864,211548685902
15081473,8192,1,1479484,126496906125,209845946252
15089665,8192,1,1488701,126582720631,207496593321
15097857,8192,1,1503925,126385361299,204259009305
15106049,8192,1,1479703,126275675270,203801129192
15114241,8192,1,1487831,126443159552,208105247389
15122433,8192,1,1451943,126750094045,202618511950
15130625,8192,1,1432546,126356114172,205806815338
15138817,8192,1,1498517,126157841850,208135647063
15147009,8192,1,1502133,126486746806,208676216170
15155201,8192,1,1580935,126483403980,214232826763
15163393,8192,1,1575190,126219434040,213675949598
15171585,8192,1,1536284,126327883878,213447888595
15179777,8192,1,1488705,126401251390,211621185816
15187969,8192,1,1535856,126380404561,213029337024
15196161,8192,1,1502255,126340565283,216447073983
15204353,8192,1,1457865,126470528973,215143012820
15212545,8192,1,1475951,126706209220,218360053883
15220737,8192,1,2099730,126390140428,239841027715
15228929,8192,1,1507534,126385341833,219021543943
15237121,8192,1,1532314,126415790802,222523600137
15245313,8192,1,1492981,126326458992,219772298365
15253505,8192,1,1473283,126472813488,222589348093
15261697,8192,1,1660048,126534594704,229111435315
15269889,8192,1,1600297,126589300886,228366250415
15278081,8192,1,1808125,126391955349,234268482289
15286273,8192,1,1509403,126411630842,218348252541
15294465,8192,1,1492102,126503841855,224250725238
15302657,8192,1,1481006,126879977162,219386580240
15310849,8192,1,1455573,126338823947,217273227204
15319041,8192,1,1468523,126384171157,212151881372
15327233,8192,1,1455118,126452603869,208574799171
15335425,8192,1,1428014,126484960125,215632903573
15343617,8192,1,1414560,126583909748,214817468864
15351809,8192,1,1433222,126370246098,208893145746
15360001,8192,1,1438656,126724972455,215197642131
15368193,8192,1,1422503,126526502925,208414547454
15376385,8192,1,1417976,126364437949,212481956964
15384577,8192,1,1424419,126656766137,216798373836
15392769,8192,1,1381472,126593536534,206808712324
15400961,8192,1,1366854,126560232721,207975379979
15409153,8192,1,1391499,126696531231,212374698334
15417345,8192,1,1408332,126595281337,206782072854
15425537,8192,1,1382698,126492112406,211177978185
15433729,8192,1,1361048,126653338550,206490224710
15441921,8192,1,1392230,126508621863,205850853688
15450113,8192,1,1350466,126393470273,202534898408
15458305,8192,1,1425866,126500624148,205989783325
15466497,8192,1,1388874,126680471683,204470305788
15474689,8192,1,1432354,126763626150,210203202282
15482881,8192,1,1439442,126625747723,208222252324
15491073,8192,1,1418575,126514564670,212185478179
15499265,8192,1,1399446,126591544745,202440024377
15507457,8192,1,1421860,126366550708,210819201244
15515649,8192,1,1386719,126711988256,215166028585
15523841,8192,1,1434635,126473241960,206591080736
15532033,8192,1,1480058,126415568321,214216647100
15540225,8192,4702882,1539317,126223755357,211014020910
15548417,8192,4711204,1549433,125266962992,213671607385
15556609,8192,4719481,1506999,125314419131,218677102250
15564801,8192,4727753,1326511,125385512822,214553934233
15572993,8192,4736026,1301225,125359407921,211178859781
15581185,8192,4744366,1298022,125291818536,207767521403
15589377,8192,4752640,1292103,125493083866,213194091868
15597569,8192,4760873,1269576,125171890894,209701568647
15605761,8192,4769097,1281934,125158789139,213313714243
15613953,8192,4777324,1266483,125184058805,207306930495
15622145,8192,4785575,1310843,125352153039,209622523971
15630337,8192,4793834,1350424,125402191477,209518438463
15638529,8192,4802063,1271916,125290664131,205944670886
15646721,8192,4810311,1382229,125417435852,201899194316
15654913,8192,4818560,1341844,125241377890,208083739721
15663105,8192,4826793,1338871,125235624379,215331289016
15671297,8192,4835033,1473498,125267623539,193885514479
15679489,8192,4843307,1341943,125238576083,208573641594
15687681,8192,4851548,1358945,125339300495,212885668115
15695873,8192,4859783,1366233,125332552702,205710734281
15704065,8192,4868035,1366939,125309608945,207674370137
15712257,8192,4876269,1258668,125580844155,168323002427
15720449,8192,4884504,1269011,125586649741,180434733415
15728641,8192,4892734,1290568,125336795671,200225492652
15736833,8192,4900965,1218505,125671533571,196847433510
15745025,8192,4909209,1270641,125186719880,209732206890
15753217,8192,4917440,1222591,125621248902,201797196652
15761409,8192,4925676,1136071,125642950151,200675400310
15769601,8192,4933927,1207034,125446738312,207762333800
15777793,8192,4942152,1230057,125167110607,197080298482
15785985,8192,4950396,1236387,125097758007,200559851977
15794177,8192,4958625,1304488,125171471581,205849277450
15802369,8192,4966858,1224835,125188882612,203658473778
15810561,8192,4975086,1104271,125176226874,206062243429
15818753,8192,4983340,1191983,125462451283,210039539113
15826945,8192,4991606,1208452,124895221202,208086496239
15835137,8192,4999843,1258925,124696117492,211298438952
15843329,8192,5008082,1266737,124905141764,214555894516
15851521,8192,5016328,1181380,124808204719,206055891123
15859713,8192,5024572,1181075,124913583891,211487973166
15867905,8192,5032801,1198642,124853581395,210831252592
15876097,8192,5041067,1256946,124485974258,206527054160
15884289,8192,5049305,1185695,124420511601,210478476258
15892481,8192,5057550,1237468,124320433939,204649750045
15900673,8192,5065779,1160265,124212174085,212158421819
15908865,8192,5074016,1058092,124650352681,209349327873
15917057,8192,5082245,1154274,124317182853,209423733128
15925249,8192,5090476,1267752,124214048769,211771909291
15933441,8192,5098721,1375306,124264129443,224231449243
15941633,8192,5106967,1389702,123940720851,224054971491
15949825,8192,5115210,1290366,124034382029,220076130068
15958017,8192,5123438,1173643,124359427972,224542774163
15966209,8192,5131663,1310249,124224713160,233142455666
15974401,8192,5139899,1340522,124099640351,233166553770
15982593,8192,5148147,1235970,124322924690,222711967178
15990785,8192,5156389,1283371,124198929531,221244865808
15998977,8192,5164630,1225813,124186386101,218337347992
16007169,8192,5172864,1052847,124623074343,212197338028
16015361,8192,5181097,1052959,124493600992,225796661306
16023553,8192,5189331,1090688,124243013279,227523146422
16031745,8192,5197584,1104026,124381451256,221053226171
16039937,8192,5205840,1123041,124395808586,219529239878
16048129,8192,5214078,1134623,124830620768,220141226967
16056321,8192,5222314,1125502,124617193118,224435734632
16064513,8192,5230552,1010762,124683765373,225549406748
16072705,8192,5238780,1246034,124333477118,226291304435
16080897,8192,5247021,1178575,124260753374,232611738349
16089089,8192,5255267,1123580,124306431578,224649174026
16097281,8192,5263499,1140851,124439942230,223557117295
16105473,8192,5271733,1161857,124361331384,223755029771
16113665,8192,5279979,1109178,124669356777,227880589655
16121857,8192,5288231,1162628,124391196480,222017962353
16130049,8192,5296473,1180458,124399949367,219368560933
16138241,8192,5304780,1078802,124660642804,217014544691
16146433,8192,5313022,1399504,124480225073,234815035456
16154625,8192,5321262,1831486,124194901488,265092948203
16162817,8192,5329495,1289430,124612317459,247627600866
16171009,8192,5337741,1315758,124340884409,230951741581
16179201,8192,5345985,1305539,124066232016,236738834999
16187393,8192,5354220,1237219,124237008425,231066976892
16195585,8192,5362459,1242340,124164031098,228235017661
16203777,8192,5370696,1298513,123955699854,230872577819
16211969,8192,5378936,1110066,124443582796,237087345743
16220161,8192,5387165,1089412,124386084913,224759470014
16228353,8192,5395399,1161951,123977256702,223596622514
16236545,8192,5403630,1168807,124125228021,230465814012
16244737,8192,5411850,1131902,124288779632,232381322611
16252929,8192,5420067,1149718,124332292810,241284889939
16261121,8192,5428297,1006443,124925233758,252030991732
16269313,8192,5436528,1004179,124695474779,232405636467
16277505,8192,5444770,1149822,124398327669,233802016897
16285697,8192,5452994,1133861,124278260394,236076945174
16293889,8192,5461230,1092288,124265714717,234680799661
16302081,8192,5469460,1072509,124403719165,242660953405
16310273,8192,5477688,941325,124731511962,259999633526
16318465,8192,5485913,882467,124766784923,228111046560
16326657,8192,5494140,1064365,124413151568,223789341388
16334849,8192,5502372,1203661,124227087257,226031495806
16343041,8192,5510610,1295735,124036901019,236787951015
16351233,8192,5518848,1181661,124111787777,228471750902
16359425,8192,5527079,1079067,124533103336,247811137607
16367617,8192,5535309,1377208,124373927230,250873463310
16375809,8192,5543539,1202265,124039788633,247684359164
16384001,8192,5551774,1240571,124100331466,231818428828
16392193,8192,5560023,1251207,124003722518,234835858886
16400385,8192,5568264,1239850,124052994132,227166224260
16408577,8192,5576488,1265814,123867348059,243637180958
16416769,8192,5584742,1147721,124148195400,244657383659
16424961,8192,5592977,1192692,124003358239,244976984740
16433153,8192,5601200,1188570,124166203859,233093559725
16441345,8192,5609436,1214158,123872046169,239884392076
16449537,8192,5617666,1166299,124245007447,228041742363
16457729,8192,5625902,1176755,123985010086,244571480279
16465921,8192,5634141,1029846,124556794423,234901428691
16474113,8192,5642371,1087223,124368765692,228608174344
16482305,8192,5650601,1173116,124180458932,230390059529
16490497,8192,5658845,1158866,124219659457,231115161341
16498689,8192,5667082,1248259,124168429071,238807105479
16506881,8192,5675313,1170549,124282739423,236852825036
16515073,8192,5683551,1131564,124390215662,232628586047
16523265,8192,5691780,1225728,123979933211,235011463993
16531457,8192,5700013,1233882,124053338198,229832710837
16539649,8192,5708260,1211444,123988503328,238411762607
16547841,8192,5716525,1256586,123922282104,226395687568
16556033,8192,5724762,1230919,124009051113,227771384666
16564225,8192,5732991,1239040,124028389925,240703029338
16572417,8192,5741223,1226880,123982832351,235353977993
16580609,8192,5749471,1296813,123813847300,225729638603
16588801,8192,5757729,1266771,123805018180,229404482694
16596993,8192,5765970,1247419,123939513129,234201268384
16605185,8192,5774205,1147285,124058090877,237579366437
16613377,8192,5782440,1084123,124251855466,234426396531
16621569,8192,5790686,1209663,124076116461,233919422928
16629761,8192,5798933,1278174,124175952832,232408245824
16637953,8192,5807177,1330708,123602214180,219854393879
16646145,8192,5815423,1279631,123702477060,229818978349
16654337,8192,5823744,1183021,123877292698,236485569299
16662529,8192,5832032,1132813,124094677752,249171558811
16670721,8192,5840313,1209310,123989450841,244078774927
16678913,8192,5848599,1253099,123926563458,238353371754
16687105,8192,5856905,1251013,124004103042,237663720220
16695297,8192,5865191,1245742,123923427248,228614467975
16703489,8192,5873502,1235602,124080283695,245272589382
16711681,8192,5881803,1135044,124299971638,253071467136
16719873,8192,5890089,1154719,124214204463,240541871935
16728065,8192,5898362,1210401,123956363401,236659112579
16736257,8192,5906658,1246107,123945396983,227018088697
16744449,8192,5914960,1250768,123917230336,234577399678
16752641,8192,5923268,1232077,123922994202,233579038738
16760833,8192,5931557,1101217,124016467187,231110929325
16769025,8192,5939852,1115077,123940593590,226060604615
16777217,8192,5948143,1203820,123946925971,224099641729
16785409,8192,5956437,1190451,123833585470,223591892317
16793601,8192,5964730,1192548,123749498190,217198538775
16801793,8192,5973054,1222847,123956529365,230415643046
16809985,8192,5981358,1158585,123615753440,235520059820
16818177,8192,5989636,1190257,123880766762,239831319594
16826369,8192,5997923,1315502,124066841094,234904455967
16834561,8192,6006221,1280191,123785793744,228238714738
16842753,8192,6014515,1218102,123790540045,223755677072
16850945,8192,6022798,1219963,123930827780,232634929042
16859137,8192,6031084,1161119,123958338109,245991903510
16867329,8192,6039371,1171240,124129112556,241613106276
16875521,8192,6047642,1267203,123879852147,239937530787
16883713,8192,6055930,1262897,123950930417,239531515299
16891905,8192,6064228,1232554,123924166484,232850219244
16900097,8192,6072508,1261532,123799373290,232423105235
16908289,8192,6080793,1204241,123697797710,245236064375
16916481,8192,6089077,1166469,123872500417,275592093507
16924673,8192,6097362,1313286,123887439402,253218424588
16932865,8192,6105654,1318114,123736211580,247008079109
16941057,8192,6113948,1371249,123781285971,264127154453
16949249,8192,6122230,1324221,123851146021,244458126221
16957441,8192,6130520,1201645,123770774514,267999229826
16965633,8192,6138828,1130553,124115291400,268347754779
16973825,8192,6147196,1206396,123973096845,254158788327
16982017,8192,6155571,1296153,123799597728,247182883666
16990209,8192,6163998,1245876,123829143218,249745884414
16998401,8192,6172357,1236370,123949207012,259678917020
17006593,8192,6180713,1095386,124186445686,256540926843
17014785,8192,6189078,1097696,124373036821,283141520055
17022977,8192,6197431,1184850,124038711706,257964778646
17031169,8192,6205770,1232776,123930837647,255961075231
17039361,8192,6214644,1316623,123920763300,257621087055
17047553,8192,6223141,1373527,123682150949,247854508469
17055745,8192,6231549,1236837,124174335358,249615590191
17063937,8192,6239930,1008710,124612817560,243177245737
17072129,8192,6248275,1183210,123779206831,222347915165
17080321,8192,6256608,1260658,123645465790,217203853528
17088513,8192,6264965,1260278,123647922745,204987532331
17096705,8192,6273315,1195518,123606718765,220634550782
17104897,8192,6281580,1014510,124351735830,227733807619
17113089,8192,6289852,998796,124202567206,221379196119
17121281,8192,6298121,1079273,124077209846,218177585655
17129473,8192,6306398,1108894,124161798539,232436558574
17137665,8192,6314693,1094899,124246637405,235137737627
17145857,8192,6322984,1150300,124075434998,231232591083
17154049,8192,6331276,1053151,124293347868,231189439464
17162241,8192,6339552,1116778,123894911874,223618497142
17170433,8192,6347847,1259515,123549394465,219098517181
17178625,8192,6356141,1302281,123514410067,210994698689
17186817,8192,6364447,1268222,123677502767,213147118978
17195009,8192,6372722,1334072,123586995334,202247257958
17203201,8192,6381005,1375665,123325720760,188947341158
17211393,8192,6389309,1269359,123489821555,197037225051
17219585,8192,6397595,1316145,123397475306,204665815841
17227777,8192,6405886,1281602,123525891650,209721110588
17235969,8192,6414187,1256380,123586573657,219780685137
17244161,8192,6422571,1265659,123572520849,215696150749
17252353,8192,6431060,1227759,123671374561,233241928145
17260545,8192,6439423,1143861,123975679931,270496291688
17268737,8192,6447756,1247976,123689972357,249461629837
17276929,8192,6456078,1225854,123699524669,244409943439
17285121,8192,6464411,1200074,123686298402,279122267989
17293313,8192,6472712,1235586,123611194696,241853366619
17301505,8192,6481018,1244725,123809963167,244196809068
17309697,8192,6489326,1176759,123949583273,260177078718
17317889,8192,6497627,1224036,123535394964,250457014051
17326081,8192,6505936,1271485,123566158009,228581150079
17334273,8192,6514227,1213764,123611052485,247803292813
17342465,8192,6522521,1220033,123559546994,242672177694
17350657,8192,6530810,1190892,123706210400,272817840014
17358849,8192,6539086,1097182,123977816887,264401260826
17367041,8192,6547367,1232605,123526861260,239371886232
17375233,8192,6555668,1355447,123551402440,230460902250
17383425,8192,6563975,1256364,123670066137,247480287784
17391617,8192,6572280,1227341,123601410945,241650374017
17399809,8192,6580587,1246478,123797697040,259991181977
17408001,8192,6588914,1123000,124044778310,272578923853
17416193,8192,6597245,1269906,123743510946,273163508636
17424385,8192,6605563,1290349,123571782475,264352111659
17432577,8192,6613884,1215614,123977234268,263574412610
17440769,8192,6622203,1142107,124116885794,248118117292
17448961,8192,6630518,1318220,123834754157,274289136204
17457153,8192,6638828,1371127,124366947124,275053878381
17465345,8192,6647132,1139240,124284630535,297682884242
17473537,8192,6655432,1118499,124036532288,273971566332
17481729,8192,6663738,1167236,123974272274,262312019564
17489921,8192,6672036,1269205,123713974467,270757600583
17498113,8192,6680314,1278229,123781928256,267199570552
17506305,8192,6688575,1097821,124418769032,271049474525
17514497,8192,6696852,1200669,124340518916,265970662342
17522689,8192,6705139,1244132,123969649458,245516421424
17530881,8192,6713412,1254698,123801937893,278805160647
17539073,8192,6721698,1202255,123775890332,252632517169
17547265,8192,6729991,1183886,124107681984,265459655336
17555457,8192,6738288,1142197,124416112644,279016524909
17563649,8192,6746591,1094662,124391082754,286109864250
17571841,8192,6754910,1243595,124011718560,278640647615
17580033,8192,6763173,1246138,123656872333,262983360441
17588225,8192,6771437,1220773,123600570876,256899982554
17596417,8192,6779714,1285195,123589648360,246666483061
17604609,8192,6788002,1127444,123962367108,275702632023
17612801,8192,6796294,1108831,124051288689,281818238740
17620993,8192,6804576,1218492,123776521297,284811071098
17629185,8192,6812859,894478,125317003080,202555077731
17637377,8192,6821141,1009584,124520012251,204944669747
17645569,8192,6829423,1188604,123540108721,260306020386
17653761,8192,6837721,1145572,123736105560,270414753780
17661953,8192,6846009,1121758,123823005628,277977827775
17670145,8192,6854313,1256352,123679748158,278655309008
17678337,8192,6862607,1224990,123816739190,287907354171
17686529,8192,6870912,1264714,123654678978,261202152349
17694721,8192,6879202,1287665,123408708438,292781577204
17702913,8192,6887554,1098212,123991774872,288252128146
17711105,8192,6895845,1108258,123788035887,307332160211
17719297,8192,6904113,1232852,123693345817,290896170925
17727489,8192,6912402,1335960,123472687664,251079826178
17735681,8192,6920655,1213157,123578980328,275352916749
17743873,8192,6928910,1277573,123594496185,271166308231
17752065,8192,6937162,1154856,123439317921,269750864615
17760257,8192,6945412,1122970,123725286457,308619783152
17768449,8192,6953662,1166718,123587905718,304325992562
17776641,8192,6961925,1169406,123654616772,330572697959
17784833,8192,6970175,1152283,123604124435,346555125416
17793025,8192,6978424,1170610,123601748165,279553024515
17801217,8192,6986678,1130078,123548526906,326495980147
17809409,8192,6994934,1130415,123727490035,423518007160
17817601,8192,7003174,1191194,123693477330,330550560694
17825793,8192,7011410,1219535,123557826561,314724596814
17833985,8192,7019652,1204918,123575373732,299011640242
17842177,8192,7027902,1236320,123689649053,293425242428
17850369,8192,7036151,1265346,123558675615,293813154132
17858561,8192,7044407,1157496,123929573197,320699219663
17866753,8192,7052664,1183951,123658814084,290154878856
17874945,8192,7060922,1278407,123642908245,286899489965
17883137,8192,7069180,1199199,123569105452,279402252644
17891329,8192,7077424,1204048,123571644886,280905630910
17899521,8192,7085686,1149470,123705192123,281209716793
17907713,8192,7093924,1069430,123938547216,290171097310
17915905,8192,7102175,1145941,123688977805,291045361508
17924097,8192,7110423,1199646,123514505273,252913918937
17932289,8192,7118675,1221132,123514220373,278293838110
17940481,8192,7126933,1231073,123559394968,265857411964
17948673,8192,7135190,1248894,123623668837,291008783167
17956865,8192,7143454,1099647,123889088349,291672608064
17965057,8192,7151711,1157411,123638299505,291451232085
17973249,8192,7159953,1181639,123578092102,284557160327
17981441,8192,7168195,1188780,123426270631,281124347616
17989633,8192,7176448,1200236,123591117988,278454372421
17997825,8192,7184717,1177795,123566501958,283222718767
18006017,8192,7192955,1067515,123979983927,319527813654
18014209,8192,7201216,1110139,123876347374,296059147251
18022401,8192,7209486,1173383,123559378879,273706795857
18030593,8192,7217747,1177056,123507968462,292831812285
18038785,8192,7226002,1151703,123568189717,289823326195
18046977,8192,7234267,1129441,123895897097,306150907056
18055169,8192,7242532,1212054,124049690052,306779157179
18063361,8192,7250786,1140613,123712356534,304938193316
18071553,8192,7259026,1107207,123998293126,299786185396
18079745,8192,7267303,1229221,123576941238,303272235474
18087937,8192,7275548,1158819,123656399105,297620570171
18096129,8192,7283810,1140087,123714074502,296429366292
18104321,8192,7292076,1035592,124064972672,310810628492
18112513,8192,7300337,1068455,124125573099,310776178332
18120705,8192,7308598,1231558,123782706356,324200888461
18128897,8192,7316868,1804705,123807268147,324611870474
18137089,8192,7325152,1220780,123755928993,277703658161
18145281,8192,7333463,1167260,123474759659,299862574350
18153473,8192,7341807,1040843,124077823347,314011966378
18161665,8192,7350157,1045352,124076331700,317898128014
18169857,8192,7358440,1155698,123804646559,315398066285
18178049,8192,7366694,1168029,123738642967,301026456738
18186241,8192,7374947,1287030,123844935174,306319633729
18194433,8192,7383221,1126547,123712845708,312513806086
18202625,8192,7391475,987425,124535109821,321776057138
18210817,8192,7399742,1012301,124231635810,321867308909
18219009,8192,7407987,1160175,123996504845,298735558899
18227201,8192,7416247,1234696,123502477845,304688311278
18235393,8192,7424510,1192308,123850914107,300408417096
18243585,8192,7432769,1181081,123639714052,310861154113
18251777,8192,7441011,1122330,123791286451,319455985532
18259969,8192,7449248,1057141,124005826008,316840863826
18268161,8192,7457480,1149776,123780189861,300819879191
18276353,8192,7465732,1138922,123825049322,310987819713
18284545,8192,7473976,1116748,123912936549,310985660352
18292737,8192,7482227,1127798,124011657362,329062381442
18300929,8192,7490473,1167190,123832281793,347369408433
18309121,8192,7498722,1053420,124124411697,349118919209
18317313,8192,7506978,1133163,123892826376,347419587776
18325505,8192,7515227,1132535,123963669651,379850073899
18333697,8192,7523497,1174914,123807898511,350635753313
18341889,8192,7531758,1150732,124008898402,313102297024
18350081,8192,7540010,1095754,124066570254,328539193488
18358273,8192,7548250,1031926,124293311968,326331464571
18366465,8192,7556485,1169850,123796488548,303085670149
18374657,8192,7564737,1137885,123763453499,310848796728
18382849,8192,7572992,1137153,123739979971,309171423317
18391041,8192,7581241,1196116,123696138160,285543203827
18399233,8192,7589493,1188419,123748760146,318471931106
18407425,8192,7597744,1130750,123806830257,306569197845
18415617,8192,7606005,1203397,123713240856,314460345343
18423809,8192,7614258,1257068,123661939920,283945818120
18432001,8192,7622531,1252621,123647146166,270164503945
18440193,8192,7630780,1205858,123608104486,291818166375
18448385,8192,7639025,1171536,123606480487,295390666392
18456577,8192,7647282,1184335,123687962207,298688386175
18464769,8192,7655550,1227707,123656285174,307830966067
18472961,8192,7663813,1284738,123601764262,292771043079
18481153,8192,7672060,1256303,123642445478,285852542352
18489345,8192,7680331,1195079,123543052072,281919819105
18497537,8192,7688594,1238864,123729824111,296980999042
18505729,8192,7696861,1182352,123593591406,308028002590
18513921,8192,7705129,1233586,123621916055,303411548077
18522113,8192,7713386,1230026,123625792489,288584273284
18530305,8192,7721624,1223627,123553925647,296805837616
18538497,8192,7729874,1290154,123671245630,278623990934
18546689,8192,7738125,1276381,123699036245,308390558267
18554881,8192,7746382,1246012,123733776212,342832634512
18563073,8192,7754631,1246486,123634151269,314544775434
18571265,8192,7762868,1219353,123672327030,295263790650
18579457,8192,7771127,1233808,123544543122,304301876711
18587649,8192,7779363,1254190,123650030852,298857944276
18595841,8192,7787617,1244508,123614833950,296035749245
18604033,8192,7795903,1259904,123713505259,324447367934
18612225,8192,7804160,1216570,123810115467,330003720048
18620417,8192,7812425,1282421,123680636979,291024877019
18628609,8192,7820683,1290295,123762052048,290197358230
18636801,8192,7828925,1329761,123624356896,318662344389
18644993,8192,7837197,1229232,123673332562,340435316396
18653185,8192,7845459,1124831,123722979147,354287834121
18661377,8192,7853721,1141839,123760941969,359374131590
18669569,8192,7861982,1276577,123643292573,306445505232
18677761,8192,7870232,1348989,123665435619,298769870631
18685953,8192,7878487,1292258,123614723053,284871786117
18694145,8192,7886739,1280894,123635445331,263980258839
18702337,8192,7894977,1370284,123674712258,321466824778
18710529,8192,7903249,1196262,123768009361,372452216703
18718721,8192,7911506,1315408,123701070991,296766229048
18726913,8192,7919763,1376836,123723517082,373841863172
18735105,8192,7928038,1294708,123852643029,363242228654
18743297,8192,7936310,1380152,123592761710,332516976246
18751489,8192,7944586,1294239,123792768243,412034840258
18759681,8192,7952835,1286704,123765852488,339182867252
18767873,8192,7961090,1233835,123872769832,389891886095
18776065,8192,7969343,1205041,123986510127,486879394886
18784257,8192,7977613,1310812,123933188174,450073207267
18792449,8192,7985880,1371731,123735994772,321367283991
18800641,8192,7994181,1231492,123976611447,313218326111
18808833,8192,8002461,1239882,123867437997,501640781592
18817025,8192,8010724,1294709,123735714868,356283095122
18825217,8192,8019018,1333260,123846313048,345471320507
18833409,8192,8027303,1475343,123747332848,335604142401
18841601,8192,8035559,1384494,123689349896,297181632195
18849793,8192,8043832,1323590,123619746748,324139365588
18857985,8192,8052126,1314599,123671843490,330644051190
18866177,8192,8060419,1273194,123657643737,320839309462
18874369,8192,8068684,1277332,123711691345,340017867857
18882561,8192,8076974,1321935,123658427466,313881283789
18890753,8192,8085252,1332345,123535674414,300993630930
18898945,8192,8093563,1248370,123739831742,326766750465
18907137,8192,8101832,1253229,123728100060,345806444120
18915329,8192,8110114,1266595,123781071763,355869468895
18923521,8192,8118398,1288376,123635147516,313250783846
18931713,8192,8126667,1252811,123705837334,295639668666
18939905,8192,8134951,1264747,123685039020,326769143286
18948097,8192,8143260,1204967,123815134928,422930290370
18956289,8192,8151644,1161537,124211789248,554402349911
18964481,8192,8159956,1256820,123969766721,448331567208
18972673,8192,8168234,1252926,123728441436,319757396185
18980865,8192,8176488,1415393,123858693129,274851104463
18989057,8192,8184767,1378115,123669387522,319355785068
18997249,8192,8193014,1385398,123764285378,316253953873
19005441,8192,8201259,2044815,123824739294,273983603320
19013633,8192,8209499,1454448,123669961183,302331171285
19021825,8192,8217728,1418905,123653695356,261312544905
19030017,8192,8225983,1368129,123782896509,271965084442
19038209,8192,8234228,1371339,123663808593,283431303850
19046401,8192,8242460,1304989,123701427919,307513764085
19054593,8192,8250694,1231354,123767425903,335105516614
19062785,8192,8259059,1276243,123815788056,354837259740
19070977,8192,8267362,1259116,123826364821,328665941540
19079169,8192,8275635,1244576,123691753909,323943053702
19087361,8192,8283896,1333438,123832840822,296290160378
19095553,8192,8292156,1339566,123691549401,311058262157
19103745,8192,8300438,1321099,123849518114,321912161018
19111937,8192,8308689,1260937,123793147462,342728378780
19120129,8192,8316948,1359851,123815115800,294125707151
19128321,8192,8325217,1314760,123666197796,292150245440
19136513,8192,8333493,1305248,123946920476,277037205128
19144705,8192,8341773,1266103,124104017949,296065686602
19152897,8192,8350064,1198093,124118652749,327184670122
19161089,8192,8358344,1230459,124206694754,323715693411
19169281,8192,8366622,1242437,124122790289,289096904220
19177473,8192,8374907,1340729,123989599941,264901464414
19185665,8192,8383182,1236760,123969611623,236811113656
19193857,8192,8391454,1222610,123806886071,217769677004
19202049,8192,8399735,1165655,124131985407,256220625409
19210241,8192,8408023,1140966,124274057934,289858070841
19218433,8192,8416275,1181096,124295618123,290749631990
19226625,8192,8424566,1297683,124266922414,280976374620
19234817,8192,8432837,1319023,124094997030,281294290855
19243009,8192,8441120,1360327,123910732432,268221509756
19251201,8192,8449406,1252019,124116392865,314429893378
19259393,8192,8457720,1260334,124142787832,302581827250
19267585,8192,8465991,1316043,124053267886,292715616001
19275777,8192,8474282,1309169,124018708984,282218089679
19283969,8192,8482572,1275841,124069272958,274841272811
19292161,8192,8490824,1305573,124069543469,257831419249
19300353,8192,8499067,1256213,124228260168,312048648858
19308545,8192,8507317,1263227,124254644406,321761929353
19316737,8192,8515576,1372672,124139191434,295667541981
19324929,8192,8523827,1383445,124230321106,291648819978
19333121,8192,8532090,1428299,124072932148,286344946528
19341313,8192,8540334,1378236,124230760063,275173494987
19349505,8192,8548571,1403329,124273109664,274999574632
19357697,8192,8556815,1360346,124388928610,291554758109
19365889,8192,8565049,1451538,124212199926,259658431114
19374081,8192,8573279,1456308,124187628104,260519476488
19382273,8192,8581515,1390404,124001805374,255413123047
19390465,8192,8589756,1406332,124183216259,263123533172
19398657,8192,8598061,1376343,124298522851,273628358602
19406849,8192,8606304,1323253,124203729016,277349465308
19415041,8192,8614553,1409825,124184434083,264293597104
19423233,8192,8622797,1407012,124190932397,265476398903
19431425,8192,8631094,1479016,124444652304,279433932773
19439617,8192,8639405,1494194,124598689249,296122152757
19447809,8192,8647696,1525689,124654060201,316477366816
19456001,8192,8655991,1400235,124746985771,332496576871
19464193,8192,8664284,1463073,124708696824,314433498597
19472385,8192,8672573,1567587,124492865502,279936587542
19480577,8192,8680848,1569982,124675941826,286847856636
19488769,8192,8689133,1519310,124642372180,298639838492
19496961,8192,8697400,1532953,124562923150,305565811911
19505153,8192,8705700,1441553,124706105566,326916215908
19513345,8192,8714026,1431476,124579418319,307608983560
19521537,8192,8722316,1534603,124318946052,309828356854
19529729,8192,8730829,1504678,124337950932,298688135182
19537921,8192,8739185,1496091,124380640734,291301747453
19546113,8192,8747474,1471940,124404502871,296588979366
19554305,8192,8755777,1421459,124410898435,313086663401
19562497,8192,8764071,1449555,124385162902,299347824079
19570689,8192,8772348,1436175,124282074762,272564469046
19578881,8192,8780597,1384474,124120403426,272940611928
19587073,8192,8788850,1423744,124233175249,276945655331
19595265,8192,8797112,1411530,124285329601,287953673512
19603457,8192,8805376,1362120,124482829897,314938865809
19611649,8192,8813644,1366587,124396688881,293533502181
19619841,8192,8821912,1431304,124303363675,257324563534
19628033,8192,8830158,1382837,124278179872,283994642191
19636225,8192,8838416,1386317,124267212875,287644542645
19644417,8192,8846685,1477932,124283847315,283816648609
19652609,8192,8854969,1327150,124512018946,288643748411
19660801,8192,8863231,1333121,124620238398,304553046629
19668993,8192,8871496,1361699,124457738133,295281983917
19677185,8192,8879742,1402400,124720060656,274064971925
19685377,8192,8887996,1426421,124385138939,286109438175
19693569,8192,8896260,1349485,124526186496,286902131612
19701761,8192,8904509,1300798,124683267469,319149125434
19709953,8192,8912750,1312484,124522623013,298091361325
19718145,8192,8920990,1367280,124234964352,280576019271
19726337,8192,8929255,1367565,124243473683,265856096212
19734529,8192,8937499,1360530,124198160597,269393863269
19742721,8192,8945763,1355984,124540036759,301708461914
19750913,8192,8954019,1252870,124821955842,304784573621
19759105,8192,8962263,1317146,124580362846,298370616134
19767297,8192,8970503,1425710,124319133475,274833937331
19775489,8192,8978751,1426943,124406846992,273870826951
19783681,8192,8986991,1408096,124487406122,282059790275
19791873,8192,8995239,1375954,124221565854,299150991246
19800065,8192,9003484,1328449,124456618248,310560330292
19808257,8192,9011734,1308968,124536261314,284310207556
19816449,8192,9019990,1361273,124451868445,290230021341
19824641,8192,9028233,1386800,124442024416,297587818106
19832833,8192,9036486,1311633,124472221441,296103694119
19841025,8192,9044737,1321663,124723548990,320468350076
19849217,8192,9052980,1296587,124201124261,273888092648
19857409,8192,9061230,1211690,124816889058,293355549680
19865601,8192,9069473,1341044,124415440188,283761414544
19873793,8192,9077747,1364059,124478097811,295452344965
19881985,8192,9085984,1370389,124290076590,282366905438
19890177,8192,9094228,1315726,124427228697,292814128718
19898369,8192,9102490,1250201,124502760559,309817834326
19906561,8192,9110734,1226278,124794745557,292327778276
19914753,8192,9118990,1262021,124642676514,288790883394
19922945,8192,9127236,1373100,124069895033,278129575187
19931137,8192,9135486,1343031,124229005523,284487517804
19939329,8192,9143725,1329349,124204790713,280590517130
19947521,8192,9151974,1333083,124392561546,306293594546
19955713,8192,9160210,1314942,124423623184,299450609485
19963905,8192,9168454,1333019,124345711165,270000634023
19972097,8192,9176695,1257352,124232825992,280398091542
19980289,8192,9184953,1323568,124094474908,271162430796
19988481,8192,9193196,1326751,124163998517,266328296336
19996673,8192,9201443,1336252,123996321353,281139156596
20004865,8192,9209675,1240854,124226710247,273923862200
20013057,8192,9217912,1304799,123931172877,262225065449
20021249,8192,9226144,1330787,123950597201,274183410779
20029441,8192,9234372,1338896,123821130868,254825670350
20037633,8192,9242611,1317090,123654099640,259023152855
20045825,8192,9250848,1347082,123953641816,272313245569
20054017,8192,9259089,1325267,123876567291,285707145634
20062209,8192,9267322,1318717,124055393101,271596505601
20070401,8192,9275563,1366227,123762444016,259647945811
20078593,8192,9283801,1384871,123911184108,261742456057
20086785,8192,9292062,1406126,123940016782,260432096764
20094977,8192,9300302,1339685,124015415943,276422866096
20103169,8192,9308551,1301714,124029391097,292095995478
20111361,8192,9316795,1273066,124087816974,296382311820
20119553,8192,9325059,1341785,124092854149,283463535327
20127745,8192,9333311,1300304,124171257384,278322656038
20135937,8192,9341560,1312828,123895576655,262103526115
20144129,8192,9349801,1478597,124131653209,301208202273
20152321,8192,9358049,1401974,124342040084,325182866774
20160513,8192,9366304,1278720,124374744387,307417617412
20168705,8192,9374550,1346678,123936121923,292091369756
20176897,8192,9382778,1424523,124108232349,294733012967
20185089,8192,9391015,1377219,123885049400,276110853298
20193281,8192,9399251,1336187,123788574103,283666183508
20201473,8192,9407494,1298463,124269759102,316424873954
20209665,8192,9415724,1286626,124087576326,308023835808
20217857,8192,9423960,1317852,123942254668,292901340918
20226049,8192,9432209,1299917,124147683853,281166342831
20234241,8192,9440439,1360846,123774875427,259158697912
20242433,8192,9448678,1459730,123854928977,264327388505
20250625,8192,9456910,1312416,124076624635,308511265600
20258817,8192,9465146,1171595,124427662111,311202943790
20267009,8192,9473399,1317129,124097688366,303627296179
20275201,8192,9481639,1334263,123937658483,282556538215
20283393,8192,9489868,1363375,124067024594,272061860616
20291585,8192,9498106,1363384,123869625532,297639238664
20299777,8192,9506347,1316781,124039812722,313005117233
20307969,8192,9514581,1244265,123989778309,292378112259
20316161,8192,9522818,1314009,123995263661,293683616274
20324353,8192,9531037,1360451,123857218332,259826361785
20332545,8192,9539273,1365918,123758625145,247519589065
20340737,8192,9547499,1315447,123780556120,248637097388
20348929,8192,9555732,1291597,124045417961,287508496519
20357121,8192,9563959,1279773,124504091119,291229351616
20365313,8192,9572201,1312646,123669140229,252184590704
20373505,8192,9580431,1311170,124039182811,273737207355
20381697,8192,9588664,1276710,124097202607,274268528000
20389889,8192,9596900,1309255,123990059477,269574315680
20398081,8192,9605136,1256225,124206051024,274564802541
20406273,8192,9613370,1215683,124065312931,257260308743
20414465,8192,9621591,1244275,124192634311,269054261368
20422657,8192,9629846,1320255,123998089347,249055222275
20430849,8192,9638079,1321247,123888932332,240525875402
20439041,8192,9646308,1265381,123823513533,244192962840
20447233,8192,9654555,1276821,123996852027,260276785573
20455425,8192,9662773,1197252,124532117855,286413707850
20463617,8192,9670997,1257479,124388614409,270092773277
20471809,8192,9679232,1285411,123650110177,274368524151
20480001,8192,9687458,1297199,123749972625,262521323927
20488193,8192,9695679,1243615,123883712183,253004595815
20496385,8192,9703905,1269253,124047419113,266242659969
20504577,8192,9712142,1135247,124465862938,278709149483
20512769,8192,9720378,1161611,124184136025,258252966143
20520961,8192,9728604,1245300,124007077488,256683959875
20529153,8192,9736836,1421269,123962849137,263993950896
20537345,8192,9745081,1439333,123669332793,261777575478
20545537,8192,9753315,1253608,124231633533,275507987157
20553729,8192,9761549,1145025,124604070901,279810623372
20561921,8192,9769782,1166959,124453507182,273276426467
20570113,8192,9778022,1229301,123923336719,263170349722
20578305,8192,9786257,1215782,124508837186,266941044455
20586497,8192,9794502,1269527,124050642770,258609125192
20594689,8192,9802745,1292003,124332499053,264992267252
20602881,8192,9810996,1228322,124543532771,272679385116
20611073,8192,9819237,1097645,124814044268,262079014295
20619265,8192,9827482,1324919,124291925023,250930717480
20627457,8192,9835711,1316468,124306662368,252715732825
20635649,8192,9843959,1323405,124238897976,256424063079
20643841,8192,9852200,1312577,124110240029,260157189530
20652033,8192,9860438,1167898,124654545575,265622847331
20660225,8192,9868668,1172966,124818915829,270793875125
20668417,8192,9876900,1236978,124229513827,246138063814
20676609,8192,9885128,1278425,124191509641,258759562952
20684801,8192,9893357,1277423,124164220953,239294106721
20692993,8192,9901590,1299309,124222150078,249640291087
20701185,8192,9909808,1280639,124039124147,262891830311
20709377,8192,9918046,1237605,124150614349,270760114372
20717569,8192,9926276,1319388,123967676483,248577145105
20725761,8192,9934518,1333524,123906422105,249521919584
20733953,8192,9942757,1342890,124072186073,249471152859
20742145,8192,9950994,1335924,123999386424,249646704994
20750337,8192,9959240,1282264,124044134635,254218363972
20758529,8192,9967460,1252221,124075251218,262482202610
20766721,8192,9975702,1248961,124010223875,243784595462
20774913,8192,9983955,1296280,123959551616,238749319403
20783105,8192,9992198,1295855,123861766459,228939711454
20791297,8192,10000436,1357061,123655847951,235352127633
20799489,8192,10008679,1286683,123903565050,224800850388
20807681,8192,10016909,1225709,123683481511,245284598282
20815873,8192,10025141,1281184,123701645397,241887911569
20824065,8192,10033363,1306171,123674520523,231427137397
20832257,8192,10041601,1300593,123697978959,234359111220
20840449,8192,10049823,1322193,123742084041,246275702078
20848641,8192,10058046,1339278,123881511204,272608055150
20856833,8192,10066279,1280156,124044652168,268891734250
20865025,8192,10074499,1341045,123939717225,271062129634
20873217,8192,10082726,1449149,123875874183,242149583579
20881409,8192,10090947,1318637,123828156277,255532073314
20889601,8192,10099176,1310004,124079212741,247998972469
20897793,8192,10107391,1287441,124064006649,238202985111
20905985,8192,10115611,1238107,123942336536,245301739603
20914177,8192,10123834,1270972,123967807271,243485674550
20922369,8192,10132052,1338406,123619826798,234793512650
20930561,8192,10140274,1350373,123791381394,234264234468
20938753,8192,10148494,1314243,123637017493,255578862357
20946945,8192,10156745,1392627,123714739565,240222056305
20955137,8192,10165009,1283356,123904730600,268953482767
20963329,8192,10173259,1250992,123804630771,257971106681
20971521,8192,10181499,1396954,123899780038,245448602286
20979713,8192,10189737,1351704,123744674033,255955617631
20987905,8192,10197972,1408688,123937607291,241982188785
20996097,8192,10206206,1502921,123906819311,234726251612
21004289,8192,10214429,1419302,123927641555,261645511781
21005282,993,10223616,159274,15045217504,34583372211
