block_number,blocks,slot,txs,gas,time
8193,8192,1,0,0,230831572
16385,8192,1,0,0,226373652
24577,8192,1,0,0,220860520
32769,8192,1,0,0,225813996
40961,8192,1,0,0,225855746
49153,8192,1,1514,33070964,290787409
57345,8192,1,3916,407821091,419392873
65537,8192,1,2676,90041948,344272501
73729,8192,1,5821,197747509,412149184
81921,8192,1,4204,131282630,382666496
90113,8192,1,4589,112269814,376857827
98305,8192,1,3327,84662425,346137858
106497,8192,1,4168,105498119,368283456
114689,8192,1,4247,119199457,358620562
122881,8192,1,6054,163953975,404576185
131073,8192,1,5852,147449076,365660634
139265,8192,1,6678,168428364,389890046
147457,8192,1,7805,190561977,426305707
155649,8192,1,8675,220080834,442882412
163841,8192,1,7255,175016877,416851831
172033,8192,1,10115,242307512,480326275
180225,8192,1,12029,319429322,528100565
188417,8192,1,10493,307941046,495494800
196609,8192,1,8488,226000959,463610330
204801,8192,1,9431,284499928,483947610
212993,8192,1,9432,269025812,467492692
221185,8192,1,9745,253020191,481942933
229377,8192,1,9473,303239797,490426245
237569,8192,1,9752,287334366,488476128
245761,8192,1,9175,237099979,495539710
253953,8192,1,9225,299876210,503473316
262145,8192,1,8500,237942979,475739565
270337,8192,1,11073,360421503,533838227
278529,8192,1,11244,333906121,538613083
286721,8192,1,9944,288230259,509375075
294913,8192,1,9552,272964709,502388392
303105,8192,1,10564,278617464,510089700
311297,8192,1,9852,289668902,512419703
319489,8192,1,10772,285019105,521161514
327681,8192,1,9264,263512681,512252695
335873,8192,1,10710,300329465,547503672
344065,8192,1,10447,340557247,542569696
352257,8192,1,11871,367785281,587714876
360449,8192,1,11031,301110840,564778563
368641,8192,1,10176,272300629,536617377
376833,8192,1,10299,327273585,572824908
385025,8192,1,11650,328391280,564041818
393217,8192,1,10917,668394420,599449604
401409,8192,1,10512,371168499,565732217
409601,8192,1,11329,399996130,576648292
417793,8192,1,9682,299513459,527423550
425985,8192,1,10211,378463309,579284664
434177,8192,1,10123,371765259,589486993
442369,8192,1,10202,298321714,539950794
450561,8192,1,10252,488330843,823878200
458753,8192,1,11670,315763779,590398868
466945,8192,1,12392,405644045,599543924
475137,8192,1,11262,434129872,710117653
483329,8192,1,11885,436485530,811433646
491521,8192,1,11396,324292141,662810258
499713,8192,1,11390,316107054,587404398
507905,8192,1,19834,986537643,938668620
516097,8192,1,14518,537099270,689664144
524289,8192,1,14364,563247320,784433612
532481,8192,1,15028,641704064,867547840
540673,8192,1,11625,533545978,769771062
548865,8192,1,12334,352563908,593498096
557057,8192,1,11579,286224762,555709005
565249,8192,1,12543,387072166,625788164
573441,8192,1,11762,377902837,641050848
581633,8192,1,11889,329240266,589567443
589825,8192,1,12402,356748509,613810696
598017,8192,1,11554,361660592,605069445
606209,8192,1,11466,286807225,573733962
614401,8192,1,11355,383668685,807365574
622593,8192,1,12943,487254257,652477189
630785,8192,1,10960,369935232,566581841
638977,8192,1,10609,304527314,549880726
647169,8192,1,11891,400916707,581924056
655361,8192,1,13364,422684376,595878179
663553,8192,1,11233,291970815,575469379
671745,8192,1,11307,306322589,575360211
679937,8192,1,13718,480255087,719295379
688129,8192,1,12101,533373764,721759414
696321,8192,1,24697,2437912230,2355620519
704513,8192,1,24278,1882935448,1675076182
712705,8192,1,15914,1053536841,1259592372
720897,8192,1,14854,884970772,1102089995
729089,8192,1,18033,1103406409,1204395331
737281,8192,1,39634,2413080461,2413210183
745473,8192,1,20252,1205744179,1445074685
753665,8192,1,16649,914386676,1292411896
761857,8192,1,29450,1702093462,1915100670
770049,8192,1,19926,1149090055,1573462372
778241,8192,1,27585,1546147829,1791216743
786433,8192,1,13804,512905120,909133074
794625,8192,1,14238,555275432,1032184366
802817,8192,1,20936,1074374824,1386801397
811009,8192,1,33100,2274628469,2262398481
819201,8192,1,21058,1074857191,1409631798
827393,8192,1,17945,1068696871,1298086417
835585,8192,1,16965,691346951,1096152636
843777,8192,1,24779,1318609001,1580735012
851969,8192,1,17337,797507253,1165170861
860161,8192,1,16221,653054698,865141346
868353,8192,1,17414,667767224,839536292
876545,8192,1,20874,997212648,1000584355
884737,8192,1,18556,602924448,872164228
892929,8192,1,20188,746509191,937073181
901121,8192,1,20728,705763650,900304504
909313,8192,1,28858,1212230895,1224787031
917505,8192,1,29450,1450050635,1407042658
925697,8192,1,25856,1070129090,1226308451
933889,8192,1,23756,919949479,1080085446
942081,8192,1,24390,780757258,975170659
950273,8192,1,22318,724737535,926360855
958465,8192,1,23856,823943680,1005410501
966657,8192,1,39968,1787855655,1567659131
974849,8192,1,24875,783309904,1033328509
983041,8192,1,25559,758151178,995236132
991233,8192,1,32769,996332438,1125798752
999425,8192,1,29253,955506690,1141971281
1007617,8192,1,28779,874607232,1038318544
1015809,8192,1,28640,944195150,1065164000
1024001,8192,1,30592,1077029621,1171028911
1032193,8192,1,30567,1025667741,1104349030
1040385,8192,1,26761,784549571,1053096083
1048577,8192,1,28815,1876343804,1154684554
1056769,8192,1,31628,1248873846,1128404124
1064961,8192,1,32758,1302389229,1223093992
1073153,8192,1,30961,857488355,1057752651
1081345,8192,1,33502,949562723,1130091133
1089537,8192,1,37121,995463452,1175567590
1097729,8192,1,40115,1081576458,1218161277
1105921,8192,1,42800,1253697553,1308074218
1114113,8192,1,41667,1235498720,1271115891
1122305,8192,1,38878,1141426898,1214143936
1130497,8192,1,41538,1202802604,1172744518
1138689,8192,1,39904,1101644111,1182533493
1146881,8192,1,44221,1340457745,1266440644
1155073,8192,1,43528,1383496645,1253741932
1163265,8192,1,38152,1246718060,1152587648
1171457,8192,1,44944,1374923499,1319884627
1179649,8192,1,46242,1574630437,1371900689
1187841,8192,1,44523,1522997076,1299943333
1196033,8192,1,43594,1529570548,1485820715
1204225,8192,1,41259,1452683779,1346293035
1212417,8192,1,52923,2302777232,1957857887
1220609,8192,1,46705,1563686082,1498969933
1228801,8192,1,46123,1514235577,1542076518
1236993,8192,1,43046,1458453689,1452161977
1245185,8192,1,49499,1658881432,1541559931
1253377,8192,1,46254,1516126264,1292017308
1261569,8192,1,42318,1328121509,1435086934
1269761,8192,1,40021,1078268036,1179719191
1277953,8192,1,46365,1435004546,1480330453
1286145,8192,1,50841,1591258579,1538131074
1294337,8192,1,41499,1271776158,1279290486
1302529,8192,1,47633,1512367159,1553328410
1310721,8192,1,42641,1164414830,1262605301
1318913,8192,1,42610,1137106273,1246557301
1327105,8192,1,45560,1357858661,1341826826
1335297,8192,1,50369,1781939706,1395022869
1343489,8192,1,45221,1209479371,1276556965
1351681,8192,1,44015,1206824098,1306137492
1359873,8192,1,54888,1591716049,1276190986
1368065,8192,1,43396,1184809863,1312976854
1376257,8192,1,48876,1593180641,1462168968
1384449,8192,1,45143,1439543743,1285892861
1392641,8192,1,41341,1118372583,1341089181
1400833,8192,1,45540,1329131424,1347087289
1409025,8192,1,49104,1485363761,1463057021
1417217,8192,1,44023,1225869865,1204094324
1425409,8192,1,49886,1450651632,1481139497
1433601,8192,1,56669,1681771886,1536956742
1441793,8192,1,54635,1947185643,1561420105
1449985,8192,1,56685,1624594158,1436439545
1458177,8192,1,50196,1613347851,1497949051
1466369,8192,1,54893,2240127730,2061686352
1474561,8192,1,52100,1483885342,1442525283
1482753,8192,1,51280,1586965488,1555852822
1490945,8192,1,56855,1674576856,1477183995
1499137,8192,1,52382,1728224502,1472429507
1507329,8192,1,60036,2138598848,1805882622
1515521,8192,1,69268,2441975068,1923144885
1523713,8192,1,56514,1832134302,1733142003
1531905,8192,1,51124,1731842384,1613841683
1540097,8192,1,58754,1911501394,1698343832
1548289,8192,1,61429,1987968261,1686252885
1556481,8192,1,60630,2360467143,1774606158
1564673,8192,1,56981,1819841802,1548128046
1572865,8192,1,56494,1777140576,1546898545
1581057,8192,1,59042,1735378915,1513779553
1589249,8192,1,68973,2172337508,1841906404
1597441,8192,1,64306,2192773982,1784830187
1605633,8192,1,86669,3493104245,2371840367
1613825,8192,1,62112,2154462632,1704105322
1622017,8192,1,60118,1914186297,1641880921
1630209,8192,1,53413,1741132990,1591913615
1638401,8192,1,56756,1633896769,1443044379
1646593,8192,1,50346,1452533160,1377113663
1654785,8192,1,50828,1521883376,1369338436
1662977,8192,1,60376,3061122313,2222607525
1671169,8192,1,55258,1843787387,1618785350
1679361,8192,1,55775,1793288354,1544541632
1687553,8192,1,52281,1793521528,1510400554
1695745,8192,1,55227,1857680146,1545573264
1703937,8192,1,64652,2265573762,1844482456
1712129,8192,1,63355,2060421766,1768096764
1720321,8192,1,65682,5800241515,7340056567
1728513,8192,1,95610,16739007815,38376073421
1736705,8192,1,67917,4743426756,7859509591
1744897,8192,1,62602,3296268924,3714009251
1753089,8192,1,68336,3841591968,2918197298
1761281,8192,1,58130,2076897006,1924235407
1769473,8192,1,57022,2221809906,1621260053
1777665,8192,1,52898,1689289635,1622626353
1785857,8192,1,53856,1708894430,1795364785
1794049,8192,1,56044,1992483551,2081128678
1802241,8192,1,90325,5767597538,2809316416
1810433,8192,1,52758,2499380206,4377430466
1818625,8192,1,55194,1772826158,1840747512
1826817,8192,1,53703,1704827192,1538109835
1835009,8192,1,49822,1916513753,1981772261
1843201,8192,1,53374,1676538934,1577624014
1851393,8192,1,60123,2381439875,3072551494
1859585,8192,1,56426,2865260110,4409614504
1867777,8192,1,50632,1670163364,1822339009
1875969,8192,1,53453,1904646721,1943772333
1884161,8192,1,54655,1840362954,1649325670
1892353,8192,1,54265,1824465369,1536112539
1900545,8192,1,51280,1414646366,1378548452
1908737,8192,1,47043,1388770142,1377565380
1916929,8192,1,63160,1874850406,1584036129
1925121,8192,1,62773,4171399935,7242561088
1933313,8192,1,65738,2266620454,1995226809
1941505,8192,1,62037,2034143904,1721212175
1949697,8192,1,79321,2248553641,1810934847
1957889,8192,1,74738,2527380908,2118527020
1966081,8192,1,75137,2369261794,1827820882
1974273,8192,1,66582,2970283633,2172317880
1982465,8192,1,60335,2173102476,2183603923
1990657,8192,1,63657,1764764048,1535647412
1998849,8192,1,66671,2054100679,1697856065
2007041,8192,1,68240,2035711402,1744909672
2015233,8192,1,60275,1885646786,1537965826
2023425,8192,1,59731,1718762000,1498191339
2031617,8192,1,56298,1666187619,1460939606
2039809,8192,1,56416,2985329528,2154993030
2048001,8192,1,67806,2074138922,1584883773
2056193,8192,1,63577,1903780373,1568915993
2064385,8192,1,55865,1657169845,1493356573
2072577,8192,1,58480,1557471379,1376264459
2080769,8192,1,55331,1599645346,1412578038
2088961,8192,1,64228,1850037001,1603938342
2097153,8192,1,66060,2188998555,1768829878
2105345,8192,1,54235,1660505770,1494416675
2113537,8192,1,56694,1742357705,1464309573
2121729,8192,1,61614,1816239031,1513456204
2129921,8192,1,63451,3861822325,2395849432
2138113,8192,1,69603,2043909844,1625515373
2146305,8192,1,61611,1914481982,1531699700
2154497,8192,1,62524,1658273809,1402580067
2162689,8192,1,61974,1798911967,1573044595
2170881,8192,1,62834,1920681017,1644280724
2179073,8192,1,61629,1818058493,1543515878
2187265,8192,1,76278,2727312503,1963513057
2195457,8192,1,59767,1675377812,1498822575
2203649,8192,1,65371,2614658821,1805283297
2211841,8192,1,62364,2039781213,1533382517
2220033,8192,1,60969,1981999587,1581563786
2228225,8192,1,85854,2814470323,1922302071
2236417,8192,1,55933,1813330669,1433302736
2244609,8192,1,57588,1730634676,1425792328
2252801,8192,1,63320,2021513820,1574330025
2260993,8192,1,65183,2112882377,1767588746
2269185,8192,1,74523,2354744595,1718858311
2277377,8192,1,72172,2714744039,1854348549
2285569,8192,1,50199,1706002470,2645886939
2293761,8192,1,61842,1801256949,6007660481
2301953,8192,1,68639,2034760072,1768399496
2310145,8192,1,66952,2916329686,15549303634
2318337,8192,1,48275,1914011719,11825936607
2326529,8192,1,56968,3010508461,23186324790
2334721,8192,1,60252,3532946594,44202405387
2342913,8192,1,59242,2893073539,21142003652
2351105,8192,1,56520,2437337126,4112732536
2359297,8192,1,53930,2539978338,8878652257
2367489,8192,1,72486,5437092390,36165728025
2375681,8192,1,64351,3955814780,34281584395
2383873,8192,1,72150,4175006287,25949323116
2392065,8192,1,52311,3587030185,49004464069
2400257,8192,1,60755,3380343872,108250277453
2408449,8192,1,54394,3489623288,87326679167
2416641,8192,1,59749,3571481590,52491566672
2424833,8192,1,52901,2140315677,70066679880
2433025,8192,1,41983,2064705182,89313590078
2441217,8192,1,52489,1940457621,35112973443
2449409,8192,1,47032,1416811786,15816354765
2457601,8192,1,50121,1416935937,21206564207
2465793,8192,1,63997,2059194432,17700884852
2473985,8192,1,52613,5415624522,48862675213
2482177,8192,1,77644,2200694454,3307682309
2490369,8192,1,47944,1381582456,1481451601
2498561,8192,1,58110,1704965277,1593397731
2506753,8192,1,68097,2292291281,1898269571
2514945,8192,1,59292,1798672209,1708315050
2523137,8192,1,59793,1784849739,1696020263
2531329,8192,1,57693,1656383700,1672484327
2539521,8192,1,55694,1627913854,1505258977
2547713,8192,1,63237,1907051300,1755477425
2555905,8192,1,61395,1723186230,1712969387
2564097,8192,1,57303,1576168754,1712523841
2572289,8192,1,44899,1243188531,1327671880
2580481,8192,1,50737,1381762673,1433355712
2588673,8192,1,53997,1523970827,1595585135
2596865,8192,1,56755,1868225974,1825073895
2605057,8192,1,54579,1853422028,1623334655
2613249,8192,1,57937,1749156374,1641993606
2621441,8192,1,54830,1654717503,1663194520
2629633,8192,1,59687,1932781220,1650586477
2637825,8192,1,58098,1831832946,1659507576
2646017,8192,1,57577,1732304988,1638414100
2654209,8192,1,56517,1691425491,1463175877
2662401,8192,1,54908,1580644481,1657432340
2670593,8192,1,56589,1781259427,1505980362
2678785,8192,1,85495,2598196853,13837645268
2686977,8192,1,59696,3974729576,70328681756
2695169,8192,1,72462,4113740875,42240099377
2703361,8192,1,55726,4743499117,64633108111
2711553,8192,1,65254,6348291025,85741532960
2719745,8192,1,64427,5199613546,49464794098
2727937,8192,1,50844,1684630038,2109627136
2736129,8192,1,54697,1652133461,1587546951
2744321,8192,1,53051,1748152517,1446552393
2752513,8192,1,55339,1979520745,1587345362
2760705,8192,1,64847,2063457441,1666756344
2768897,8192,1,55277,1804237075,1567697397
2777089,8192,1,56023,1776551857,1579068968
2785281,8192,1,52991,1726269370,1554927396
2793473,8192,1,52624,2213276915,1539618271
2801665,8192,1,55238,1810591298,1612666977
2809857,8192,1,63980,2356415998,1861285881
2818049,8192,1,65743,2448549979,1928532026
2826241,8192,1,54971,1881197690,1540661474
2834433,8192,1,49662,1953789890,1634783384
2842625,8192,1,58392,2038106026,1618746526
2850817,8192,1,64185,2225753659,1701514593
2859009,8192,1,76490,2486660557,2014586652
2867201,8192,1,55683,1760491642,1536974779
2875393,8192,1,50675,1452936266,1346632494
2883585,8192,1,50157,1522394202,1420068466
2891777,8192,1,58225,1860099069,1535295402
2899969,8192,1,60144,2083730262,1657826395
2908161,8192,1,60988,2086757942,1623058555
2916353,8192,1,54302,1714680114,1431343859
2924545,8192,1,50695,1584719153,1472961881
2932737,8192,1,63026,2305221488,1885404564
2940929,8192,1,67480,2204851332,1811386995
2949121,8192,1,61833,1971573134,1692908633
2957313,8192,1,58505,1930260127,1619506500
2965505,8192,1,59699,1937673518,1680122811
2973697,8192,1,63091,2244391292,1751949535
2981889,8192,1,64874,2137001608,1613183824
2990081,8192,1,70738,2397486878,1781672060
2998273,8192,1,58903,1853897373,1588164226
3006465,8192,1,54373,1766782589,1506372431
3014657,8192,1,65027,2294148724,1699052150
3022849,8192,1,60922,2027141448,1675974130
3031041,8192,1,58548,1960456703,1728888335
3039233,8192,1,61315,2005539036,1730356734
3047425,8192,1,62091,2149768492,1738800076
3055617,8192,1,67927,2452616440,1888130465
3063809,8192,1,62018,2292070946,1920726840
3072001,8192,1,63286,2183742248,1896475988
3080193,8192,1,65669,2218082794,1788052926
3088385,8192,1,54874,1846213528,1656182406
3096577,8192,1,63311,2098245747,1762354074
3104769,8192,1,59762,2124435421,1710240974
3112961,8192,1,58897,2178531771,1889871963
3121153,8192,1,58468,1974991763,1685802541
3129345,8192,1,63556,2065813146,1781070035
3137537,8192,1,64128,2220717880,1777304061
3145729,8192,1,70462,2665896127,2001103756
3153921,8192,1,64806,2336669302,1937389745
3162113,8192,1,70074,2730719806,2171344080
3170305,8192,1,60420,2178878613,1832052952
3178497,8192,1,73252,3110141726,2139422731
3186689,8192,1,79081,2976280771,2118182187
3194881,8192,1,71074,2804402262,2030673722
3203073,8192,1,64978,2351345544,1837477965
3211265,8192,1,68556,2464803794,1895394845
3219457,8192,1,66845,2286314550,1842940407
3227649,8192,1,75763,3113040792,2917480886
3235841,8192,1,69688,2984250772,2059899540
3244033,8192,1,68668,2289170959,1835930297
3252225,8192,1,71170,2634879929,2085683202
3260417,8192,1,70604,2482121481,1970968134
3268609,8192,1,79874,2821352557,2194130804
3276801,8192,1,82615,2938903296,2215931522
3284993,8192,1,93464,3013882836,2361455838
3293185,8192,1,81232,2628326517,2125966084
3301377,8192,1,77780,2508423110,1957441356
3309569,8192,1,85412,2762075045,2100880687
3317761,8192,1,74949,2364616867,1900441240
3325953,8192,1,89542,3008034239,2367061879
3334145,8192,1,89382,3038054714,2237492234
3342337,8192,1,91012,2910544703,2240143354
3350529,8192,1,112957,4683356145,3004787247
3358721,8192,1,108487,3824938321,2730315381
3366913,8192,1,150248,4856683444,3247369471
3375105,8192,1,129410,4029391606,3032006929
3383297,8192,1,118959,3597176359,2661801934
3391489,8192,1,113031,3618928236,2726307728
3399681,8192,1,109702,3595863612,2508234275
3407873,8192,1,112341,3708098910,2597933715
3416065,8192,1,121089,3775021048,2620925877
3424257,8192,1,111288,3513747685,2639859855
3432449,8192,1,126552,4519125602,3070219795
3440641,8192,1,116739,3847970531,2866090304
3448833,8192,1,137505,4650151490,3121575690
3457025,8192,1,132372,4354448594,3085058632
3465217,8192,1,116438,3872751305,2871746415
3473409,8192,1,138958,4605215288,3572681035
3481601,8192,1,115237,3904507999,2924927308
3489793,8192,1,129313,4405146988,3090894482
3497985,8192,1,121326,4141663795,2914118132
3506177,8192,1,101941,3457895017,2641568705
3514369,8192,1,104473,3801545119,2778871725
3522561,8192,1,110663,3893580475,2863260373
3530753,8192,1,118136,4358681727,2959431160
3538945,8192,1,116538,3957151738,3016025799
3547137,8192,1,97599,3525061715,2740593360
3555329,8192,1,105494,3951999139,3192499731
3563521,8192,1,113777,4538716060,3545460873
3571713,8192,1,122232,4932027111,3563053463
3579905,8192,1,113517,5371454955,3135516814
3588097,8192,1,103751,3918968307,3137518000
3596289,8192,1,112257,4332652445,3217957914
3604481,8192,1,136619,5289710359,3635011296
3612673,8192,1,143158,5255428268,3605234601
3620865,8192,1,145745,4868936849,3666614687
3629057,8192,1,136562,4879877560,3536896323
3637249,8192,1,160424,6406024036,4173795206
3645441,8192,1,150436,5782052966,3851726169
3653633,8192,1,167559,5819732935,4207302135
3661825,8192,1,142125,5329409688,3621828257
3670017,8192,1,152266,6300591479,3951397191
3678209,8192,1,169497,6571385749,4117689823
3686401,8192,1,156250,7347905323,4284202934
3694593,8192,1,167344,7335647042,4395734174
3702785,8192,1,147702,7536226635,4403274992
3710977,8192,1,168287,8194709920,4743361974
3719169,8192,1,176741,9883600890,5604972696
3727361,8192,1,214081,11450730102,6038764811
3735553,8192,1,229327,12196031413,6450323740
3743745,8192,1,201943,10613685663,5739644807
3751937,8192,1,260406,12599459208,6866739364
3760129,8192,1,278528,15779303797,7574186532
3768321,8192,1,279013,16350363987,7888782320
3776513,8192,1,244538,13523383202,6777624090
3784705,8192,1,224822,12717337930,6691427246
3792897,8192,1,248995,13592095818,7154879547
3801089,8192,1,314302,19832169118,8200103499
3809281,8192,1,313676,17980594470,12006952890
3817473,8192,1,280618,16692684984,9345149884
3825665,8192,1,296114,15953100496,8655886544
3833857,8192,1,317754,17492872153,9294292136
3842049,8192,1,305857,17151665586,9407557326
3850241,8192,1,325308,16138916714,9519079885
3858433,8192,1,365858,18515263356,10324053457
3866625,8192,1,450999,21732698279,12157316552
3874817,8192,1,403872,18428150155,11174699005
3883009,8192,1,399350,18507971011,11420471958
3891201,8192,1,366142,17616667683,10920491370
3899393,8192,1,401398,20055154217,12315798948
3907585,8192,1,467519,26635229072,12633951101
3915777,8192,1,448080,27509986564,12470790647
3923969,8192,1,445137,22206823281,12172197029
3932161,8192,1,393944,20192356202,12083511632
3940353,8192,1,474437,21147977183,13514729490
3948545,8192,1,452736,24838577163,15565695642
3956737,8192,1,409197,21844246829,13720820928
3964929,8192,1,391200,20881198158,13731296305
3973121,8192,1,480657,24984090402,15958048413
3981313,8192,1,439836,24432971850,15970352226
3989505,8192,1,456105,22202913020,15098292169
3997697,8192,1,401541,19785653790,13504540021
4005889,8192,1,468451,21489133966,14613034028
4014081,8192,1,521089,25614275148,17407029900
4022273,8192,1,465732,25576854950,15718902025
4030465,8192,1,422645,19071909199,14398029553
4038657,8192,1,452765,21588202182,14899605800
4046849,8192,1,494336,24205815057,15837939602
4055041,8192,1,427170,19727949695,13499097728
4063233,8192,1,409232,17944225576,13065643301
4071425,8192,1,455169,22752023483,15337320279
4079617,8192,1,411552,20393151746,13418714674
4087809,8192,1,402826,19516574262,13455267400
4096001,8192,1,350511,18308327314,11597770744
4104193,8192,1,441704,23280158452,14817064481
4112385,8192,1,474401,24577424757,16726551338
4120577,8192,1,512389,25868228053,17452639276
4128769,8192,1,539622,25478534061,18004122140
4136961,8192,1,612130,30525492507,19975773536
4145153,8192,1,669828,31316179679,21479271192
4153345,8192,1,667176,32781900955,21419969134
4161537,8192,1,802050,39631270870,25698795380
4169729,8192,1,832182,45690595844,29561225093
4177921,8192,1,822935,40787417397,25649035675
4186113,8192,1,677937,33931766754,23008660480
4194305,8192,1,736129,33608364656,22933648151
4202497,8192,1,733583,31613370181,22382215212
4210689,8192,1,736596,33326421250,23186085480
4218881,8192,1,885279,42684031553,27401841854
4227073,8192,1,909505,44089434039,28560992178
4235265,8192,1,772574,36378544905,25291587613
4243457,8192,1,1021928,44970958961,30735062626
4251649,8192,1,1081239,50184234692,33507951452
4259841,8192,1,880278,41550585016,29722026039
4268033,8192,1,864414,41053728142,29451385604
4276225,8192,1,867715,42375737918,31708542756
4284417,8192,1,857098,44405284841,29830402637
4292609,8192,1,764839,40439697663,30128251832
4300801,8192,1,736339,41523378146,29688161904
4308993,8192,1,739102,40787147868,29453986176
4317185,8192,1,882460,46629010975,32582057702
4325377,8192,1,928715,45913689045,33835052605
4333569,8192,1,855500,44372358254,32392052358
4341761,8192,1,890587,45969894286,33360974719
4349953,8192,1,861954,44868560756,33684839553
4358145,8192,1,961145,45839288391,34358356218
4366337,8192,1,1022776,47707018313,36528913370
4374529,8192,1,788928,41640159530,30300572337
4382721,8192,1,680611,30304975089,23714736715
4390913,8192,1,633676,29394442349,24186561954
4399105,8192,1,691855,34599365091,23672943305
4407297,8192,1,587597,22219394536,18751875680
4415489,8192,1,602801,27141844419,20509555996
4423681,8192,1,637247,33563116251,24657742437
4431873,8192,1,602169,34452528559,24958437612
4440065,8192,1,644187,35202407283,25858219759
4448257,8192,1,635205,32303616551,24906880261
4456449,8192,1,658167,33516933106,26111003568
4464641,8192,1,714607,37151598010,28748491071
4472833,8192,1,687810,38954422870,29928020050
4481025,8192,1,691342,38855588548,30149265898
4489217,8192,1,597092,33111071840,26607060340
4497409,8192,1,530372,24797114990,21099823539
4505601,8192,1,664534,27768018498,23048116769
4513793,8192,1,607716,29462506589,24457757531
4521985,8192,1,636968,33818088203,27525185240
4530177,8192,1,576620,30857764315,24390992490
4538369,8192,1,555644,29902311532,25002318533
4546561,8192,1,576193,31728985315,25856126614
4554753,8192,1,614333,33933012035,27661928742
4562945,8192,1,694290,35077866299,28015940328
4571137,8192,1,685773,35235556368,28706664844
4579329,8192,1,595343,32512470264,26887359682
4587521,8192,1,616676,31432826950,27219108276
4595713,8192,1,732388,35462326767,30808686104
4603905,8192,1,701686,34053236118,28882379233
4612097,8192,1,696025,34813469923,28797191239
4620289,8192,1,756842,36575998133,30910709899
4628481,8192,1,695958,35807344495,29322466466
4636673,8192,1,839988,41325848673,35414282057
4644865,8192,1,859818,39561689628,34323842372
4653057,8192,1,878341,39038765676,35475454336
4661249,8192,1,838018,41732008967,36963977178
4669441,8192,1,868393,42367951309,39725774679
4677633,8192,1,1024408,50365921601,46188912784
4685825,8192,1,1106629,50823271509,46670646766
4694017,8192,1,983321,52251191383,43416149925
4702209,8192,1,1065994,53288175748,51941071296
4710401,8192,1,1004230,57029863421,54533451854
4718593,8192,1,1175867,60067148142,57881490600
4726785,8192,1,1283732,60320736424,57316162333
4734977,8192,1,1366216,63069754925,58088872380
4743169,8192,1,1249121,59108334014,53105470574
4751361,8192,1,1252125,59908605848,54177296596
4759553,8192,1,1451207,62045900188,56412502533
4767745,8192,1,1519992,62098558192,56445768038
4775937,8192,1,1585445,62497723845,52903794312
4784129,8192,1,1400070,58743219915,52783543788
4792321,8192,1,1052134,54186765245,43384050370
4800513,8192,1,1019534,49928583194,42409962466
4808705,8192,1,1261780,57510375260,50156021073
4816897,8192,1,1331357,57590718396,53191986744
4825089,8192,1,1639294,60808222944,55705445589
4833281,8192,1,1324521,56290819569,51165520079
4841473,8192,1,1365671,56727562845,52088864320
4849665,8192,1,1800565,61983009179,60130555249
4857857,8192,1,2002216,61977955389,57171801746
4866049,8192,1,1885881,62151807862,59959861592
4874241,8192,1,1724229,62804522499,59503497982
4882433,8192,1,1914229,62387106534,60333096634
4890625,8192,1,1784457,61980258440,55704234541
4898817,8192,1,1710320,62316592526,59519207870
4907009,8192,1,1726464,62391325627,58003645688
4915201,8192,1,1730007,63380891308,60135804210
4923393,8192,1,1858619,62279744506,60276040965
4931585,8192,1,1849680,62183892835,61527718587
4939777,8192,1,1496671,58403848500,55572728273
4947969,8192,1,1393070,58633948844,57316579837
4956161,8192,1,1327346,58788810672,55702691724
4964353,8192,1,1272246,58123924020,54964284639
4972545,8192,1,1159603,54810326446,52856453409
4980737,8192,1,1260970,53358611450,53127797657
4988929,8192,1,1176073,52672662572,50616794276
4997121,8192,1,1259241,55165172481,52273821304
5005313,8192,1,1262433,56373025517,51267829069
5013505,8192,1,1356029,59546446599,57314137013
5021697,8192,1,1305842,56689784355,54577060674
5029889,8192,1,1125879,53898877430,48877358031
5038081,8192,1,1161636,54269350642,48583468867
5046273,8192,1,1191117,54055514122,51669387542
5054465,8192,1,1056526,53286687769,49166449909
5062657,8192,1,1038563,52346336284,48079318735
5070849,8192,1,1111255,53626275181,46906325561
5079041,8192,1,1139166,53752148996,49515137843
5087233,8192,1,1010849,50228857996,45393141235
5095425,8192,1,1086570,52677277867,49039112553
5103617,8192,1,981145,52265804278,47165830691
5111809,8192,1,1077049,53626533614,48160895752
5120001,8192,1,1057547,54195882329,48070987812
5128193,8192,1,1208494,58216835003,54139875244
5136385,8192,1,1184261,56746767112,51026186954
5144577,8192,1,999424,52506836442,49249775002
5152769,8192,1,1017445,53578401482,49241590162
5160961,8192,1,1019623,52810336386,50365902346
5169153,8192,1,938849,52166193773,49002317259
5177345,8192,1,1005061,53979644014,52234009823
5185537,8192,1,1006297,54409598707,54259905908
5193729,8192,1,910773,52367016050,50748658381
5201921,8192,1,1019609,54958972298,50736823253
5210113,8192,1,963205,51431731336,51070267346
5218305,8192,1,1080296,53432274393,54719636303
5226497,8192,1,913035,51814775021,51033972280
5234689,8192,1,811533,49710271751,47469766678
5242881,8192,1,914018,50659269828,49190475420
5251073,8192,1,951734,49660522293,48488372239
5259265,8192,1,966328,49937461860,51174944123
5267457,8192,1,876120,48233799143,48001588321
5275649,8192,1,839560,45505587169,44747633063
5283841,8192,1,976074,50468458835,48975014149
5292033,8192,1,924974,47925789741,48188816819
5300225,8192,1,942144,49680604502,47188529378
5308417,8192,1,886412,46355902185,48113275208
5316609,8192,1,828036,44837407164,45864021711
5324801,8192,1,738251,42486626567,42410641951
5332993,8192,1,878562,44377402985,44065376644
5341185,8192,1,759784,39515895518,40031772511
5349377,8192,1,876958,45441991668,46630150230
5357569,8192,1,803479,46113372017,47341116809
5365761,8192,1,729028,45065663138,43629024859
5373953,8192,1,885713,47737923460,47787506545
5382145,8192,1,836995,51351355496,50321389063
5390337,8192,1,965931,52965281717,51411366481
5398529,8192,1,782926,50890084027,45856741179
5406721,8192,1,761190,48956703913,47815744982
5414913,8192,1,827064,48472063015,47483254040
5423105,8192,1,825418,49256575775,53455967335
5431297,8192,1,919267,52230978175,56528495631
5439489,8192,1,974226,55143258533,58123260344
5447681,8192,1,833508,50689771206,53073167489
5455873,8192,1,947860,56707817121,55313324206
5464065,8192,1,1033971,58652807039,59464614100
5472257,8192,1,1115589,59342364238,60752125848
5480449,8192,1,1153123,59083287853,60356505028
5488641,8192,1,1009152,56069946259,57957879420
5496833,8192,1,1156155,57601281303,63141885861
5505025,8192,1,1147957,57531469967,63255138332
5513217,8192,1,1088977,55330482420,58089762651
5521409,8192,1,1128476,54292326455,58753536160
5529601,8192,1,1047151,55026971310,61175606188
5537793,8192,1,1126959,57980108462,63019842485
5545985,8192,1,1076343,59166013084,63010614858
5554177,8192,1,1192396,59545348454,63751524887
5562369,8192,1,1376951,58519081749,69513884607
5570561,8192,1,976721,58050473193,58703977360
5578753,8192,1,1166387,57731284389,61013596888
5586945,8192,1,1161915,58406567436,63067902920
5595137,8192,1,1234914,60771886651,65674838133
5603329,8192,1,1124232,59755746193,62259302443
5611521,8192,1,1095478,60122260578,60549039006
5619713,8192,1,1158885,60368944644,65185415329
5627905,8192,1,1153817,60775416598,63411722880
5636097,8192,1,1226306,60413544072,63090770731
5644289,8192,1,1196097,59963033833,60985942252
5652481,8192,1,1148057,60165793954,64028827456
5660673,8192,1,1177054,60696972227,62910478701
5668865,8192,1,1235498,60047450465,64073439796
5677057,8192,1,1147362,60485425643,65434888953
5685249,8192,1,1108227,59774988632,62414226098
5693441,8192,1,1201882,61008511303,64524246897
5701633,8192,1,1183811,61676882288,68016994605
5709825,8192,1,1214637,61791485704,70702202596
5718017,8192,1,1086473,61499185628,69823030727
5726209,8192,1,1201901,61132528463,66543756398
5734401,8192,1,1114912,61252818451,65573070670
5742593,8192,1,1163973,60135524474,63945556609
5750785,8192,1,1084060,59600947136,62804876549
5758977,8192,1,1078372,59809101820,61832057206
5767169,8192,1,1114845,59325753351,64187615607
5775361,8192,1,1126138,59862973911,61705258114
5783553,8192,1,1136977,59212357830,60781908711
5791745,8192,1,1046515,52187366379,54780854793
5799937,8192,1,1040418,55190787848,57009094099
5808129,8192,1,853023,55324595267,53333552379
5816321,8192,1,1028624,57063660639,59097914722
5824513,8192,1,1117046,59270194084,62982131828
5832705,8192,1,1061157,58960211718,62156943664
5840897,8192,1,1055327,56548008958,59496413602
5849089,8192,1,878652,50539203884,54085140716
5857281,8192,1,1173486,57632243725,66406908039
5865473,8192,1,1081039,57617358569,61447057695
5873665,8192,1,1057229,56743055206,63600235877
5881857,8192,1,951758,58511385611,58183492999
5890049,8192,1,835183,61795713273,48151158377
5898241,8192,1,739929,61727951417,49824870962
5906433,8192,1,680873,61904063474,50351990607
5914625,8192,1,706329,61447371947,51929380495
5922817,8192,1,694577,62089394033,49906089535
5931009,8192,1,846968,57980071725,52521013656
5939201,8192,1,966559,59961762656,58206131207
5947393,8192,1,901788,60279415753,57635850073
5955585,8192,1,802864,60414676596,56052788124
5963777,8192,1,685110,63069117237,52299485113
5971969,8192,1,649712,59686231052,51360386294
5980161,8192,1,1036796,60094784408,63679153951
5988353,8192,1,1003503,59416305051,62262211744
5996545,8192,1,1027604,59615250433,61082918818
6004737,8192,1,892103,60438506569,65778874183
6012929,8192,1,880312,59806694762,61405626361
6021121,8192,1,1109642,60025112508,65797754944
6029313,8192,1,1094954,59640226996,65611696477
6037505,8192,1,1030417,59369607024,61803906216
6045697,8192,1,1057200,55900815277,64475650471
6053889,8192,1,940339,50753517403,55773697750
6062081,8192,1,1047645,56417459765,63063157493
6070273,8192,1,1070344,58612928291,65017690226
6078465,8192,1,1040326,59160341340,62065339655
6086657,8192,1,1032939,59245645508,58996176642
6094849,8192,1,978106,58080730358,58262956932
6103041,8192,1,949935,59434287423,61569287420
6111233,8192,1,814440,62418352419,79683763531
6119425,8192,1,756883,61929340206,82337804544
6127617,8192,1,891700,57927536222,69570732152
6135809,8192,1,894373,54124139868,56722576434
6144001,8192,1,948844,54474431056,61314074260
6152193,8192,1,949060,55935295379,60160572641
6160385,8192,1,940733,57179985070,61350699205
6168577,8192,1,875004,59767193046,67945153346
6176769,8192,1,854844,58633356661,61830380098
6184961,8192,1,869810,57172923878,62191956022
6193153,8192,1,858339,58716480746,64046013610
6201345,8192,1,808091,59068730609,62502162608
6209537,8192,1,816753,58875189706,66353883515
6217729,8192,1,809455,58560010270,63168631483
6225921,8192,1,839253,57560207356,63686796390
6234113,8192,1,845776,59019049499,64775898130
6242305,8192,1,804291,57082938691,66277312626
6250497,8192,1,779310,58293679134,62218039458
6258689,8192,1,935783,58551901338,63998747969
6266881,8192,1,832343,56739213761,62743022996
6275073,8192,1,815239,56879687612,63741119265
6283265,8192,1,869622,56503858451,62492476635
6291457,8192,1,753911,57192973874,63133141408
6299649,8192,1,796408,58492213661,63058730051
6307841,8192,1,775867,57819406693,63451089644
6316033,8192,1,731815,55554664930,60013925326
6324225,8192,1,801177,56055100336,62320728900
6332417,8192,1,702924,55639554786,60303844178
6340609,8192,1,628921,57287631240,60065404475
6348801,8192,1,701014,56796985035,57996681354
6356993,8192,1,679990,56753862938,60732741872
6365185,8192,1,679678,56844041949,53196279645
6373377,8192,1,730260,55694660589,61773626988
6381569,8192,1,631122,56053435110,56450325556
6389761,8192,1,623579,55480206989,57630701130
6397953,8192,1,722344,56431171315,59253016814
6406145,8192,1,629492,57158444543,59863335643
6414337,8192,1,709829,57357572825,59114793817
6422529,8192,1,613086,54942317621,53126795045
6430721,8192,1,606422,52576411946,54564308604
6438913,8192,1,642545,52459434620,55356922293
6447105,8192,1,731996,53145077742,55077154362
6455297,8192,1,724964,54306641564,61923074594
6463489,8192,1,815991,52726025166,59323034951
6471681,8192,1,729625,49182276339,51521760252
6479873,8192,1,669837,46831088707,46971540637
6488065,8192,1,747144,48122908769,54521119511
6496257,8192,1,717326,47958662805,58904506197
6504449,8192,1,718392,50909275438,57708351785
6512641,8192,1,730467,48392560754,53579772608
6520833,8192,1,738059,46131832206,53416336377
6529025,8192,1,724708,46477569891,52154447924
6537217,8192,1,800265,48971240353,55518872471
6545409,8192,1,787384,48497192206,54144308947
6553601,8192,1,698398,47187351487,53207383038
6561793,8192,1,737557,48788349686,53402910790
6569985,8192,1,764170,49888523955,55032345032
6578177,8192,1,680236,49997697795,48973306250
6586369,8192,1,749999,53088340658,51186480980
6594561,8192,1,705784,48019131508,53073207547
6602753,8192,1,656423,46400710382,51855691456
6610945,8192,1,849783,47748915390,56215224621
6619137,8192,1,801148,47807608803,55467553866
6627329,8192,1,765408,46669797740,53648112645
6635521,8192,1,743150,46887794423,53583382742
6643713,8192,1,665607,45877233135,55379604790
6651905,8192,1,758736,47427946240,58466076562
6660097,8192,1,827631,47805700088,56821441147
6668289,8192,1,740827,47033958754,55014818807
6676481,8192,1,701546,45737135850,53400367290
6684673,8192,1,693026,47473036303,55468440191
6692865,8192,1,744005,47361939810,54014253796
6701057,8192,1,728159,45355462532,53310603120
6709249,8192,1,803323,48175195526,54951907841
6717441,8192,1,731903,47282679908,54702106177
6725633,8192,1,669779,47058450238,50476266495
6733825,8192,1,736446,51234504987,54901430850
6742017,8192,1,845497,51556557281,57331506321
6750209,8192,1,783040,49450537411,53410209280
6758401,8192,1,785734,48600607825,50427453933
6766593,8192,1,644335,43880086628,46289208273
6774785,8192,1,718306,45320242271,50126451143
6782977,8192,1,787787,49300862376,55059768435
6791169,8192,1,797132,51216997662,53350383014
6799361,8192,1,778579,54480612692,65912422903
6807553,8192,1,777106,54418924892,62282857783
6815745,8192,1,641142,49816057934,60411526224
6823937,8192,1,767187,52605381030,61443307584
6832129,8192,1,795755,53448736123,64135308214
6840321,8192,1,787802,52776478133,65981452554
6848513,8192,1,788128,50809483628,64279682146
6856705,8192,1,703447,48678621512,61843276000
6864897,8192,1,720780,48100014209,55934059971
6873089,8192,1,753391,48766101024,55219538742
6881281,8192,1,726756,48283626988,56607517721
6889473,8192,1,759040,48229905528,54976487081
6897665,8192,1,733910,48871665264,59932418409
6905857,8192,1,752177,49522415159,58200058913
6914049,8192,1,802193,51410592357,55370600888
6922241,8192,1,859621,51928120590,59378902118
6930433,8192,1,800774,50391395202,57372055959
6938625,8192,1,748654,49387623217,56430310118
6946817,8192,1,796267,50255220086,57742523053
6955009,8192,1,748240,51693407873,54254311746
6963201,8192,1,806363,50150885645,61057347977
6971393,8192,1,728569,48656564463,59222044070
6979585,8192,1,735352,51199560672,61363607423
6987777,8192,1,699021,48682911486,62886036035
6995969,8192,1,634120,45831406577,53356374945
7004161,8192,1,892155,50536556554,61089338435
7012353,8192,1,782030,49273441119,59719211255
7020545,8192,1,741045,46097890688,55727249684
7028737,8192,1,762443,45093991002,56226685173
7036929,8192,1,853754,46603908786,56151745459
7045121,8192,1,810342,46377293130,55995423185
7053313,8192,1,770343,47471980730,56044781724
7061505,8192,1,683334,43555846112,52123430189
7069697,8192,1,838780,46875030520,57759148166
7077889,8192,1,763229,48582059456,54395341721
7086081,8192,1,751041,45191788480,53116731789
7094273,8192,1,795784,48515590361,54617928016
7102465,8192,1,787430,49228707462,53858236716
7110657,8192,1,985470,55948602087,59045935746
7118849,8192,1,879750,52775047845,58120955562
7127041,8192,1,771176,49224643811,55810192242
7135233,8192,1,810937,53308284328,60428905050
7143425,8192,1,915819,55117039138,63761596382
7151617,8192,1,910815,54754117820,60407684468
7159809,8192,1,886198,58713975871,64928761370
7168001,8192,1,726666,49138506055,53361355082
7176193,8192,1,693336,47109751685,52908027625
7184385,8192,1,724525,48036349840,50335049073
7192577,8192,1,708302,48268198216,51909394878
7200769,8192,1,727507,50120021956,53687666279
7208961,8192,1,790346,53098340347,59760357765
7217153,8192,1,906974,56741329110,60204891373
7225345,8192,1,933614,58596654890,63505576309
7233537,8192,1,885596,58671527494,63474570294
7241729,8192,1,1016104,61069572685,68420057581
7249921,8192,1,1020630,61369308543,65097394539
7258113,8192,1,985675,61058114637,68821705077
7266305,8192,1,1024395,60799942581,66111039811
7274497,8192,1,1073993,62911729753,70351030239
7282689,8192,1,959353,60722933235,67797917375
7290881,8192,1,721417,51558952034,59345583203
7299073,8192,1,635467,47439182717,56991465958
7307265,8192,1,768990,52539940390,59109054592
7315457,8192,1,782838,50497801672,58236233174
7323649,8192,1,736531,48680635829,55817783505
7331841,8192,1,693431,48979000213,57604609674
7340033,8192,1,700353,48470463657,57402842054
7348225,8192,1,656165,47754014325,53087612065
7356417,8192,1,706952,49781969594,58223922731
7364609,8192,1,702560,51552295972,55873962674
7372801,8192,1,748488,51189895210,56156091589
7380993,8192,1,672970,50289379405,54448185806
7389185,8192,1,618374,46747527961,54977967058
7397377,8192,1,731407,53849189259,57702691492
7405569,8192,1,823103,54459907520,57820321635
7413761,8192,1,820567,57996395789,63068185741
7421953,8192,1,759259,54880499899,60570156769
7430145,8192,1,709874,50266481813,55370786718
7438337,8192,1,799413,52617562312,60795182820
7446529,8192,1,803464,53862112844,62649108718
7454721,8192,1,776283,53348274726,60138899011
7462913,8192,1,841975,55623955618,61118202058
7471105,8192,1,853955,57452318218,65387612780
7479297,8192,1,795154,56297422443,62547656272
7487489,8192,1,889445,56376229780,67436018291
7495681,8192,1,1021969,60023042579,71600228653
7503873,8192,1,875237,55313971334,64780856830
7512065,8192,1,775071,49429826010,60349355401
7520257,8192,1,725889,47064363363,56791240523
7528449,8192,1,834843,51650564844,63053051327
7536641,8192,1,789507,50757917942,62510001927
7544833,8192,1,867687,54598783786,61219679578
7553025,8192,1,960725,56469515355,62245847358
7561217,8192,1,815707,50313874323,61941535186
7569409,8192,1,666231,46144005917,56201408933
7577601,8192,1,832815,54175134238,56233456721
7585793,8192,1,885526,58087439964,62065792454
7593985,8192,1,861278,55905434119,61922428197
7602177,8192,1,852806,50342783962,61156980443
7610369,8192,1,887841,49888381296,62282928554
7618561,8192,1,860187,54950616424,59464170516
7626753,8192,1,915348,54030183176,63509697086
7634945,8192,1,852309,51681051150,62984484483
7643137,8192,1,912370,53049696773,62485377408
7651329,8192,1,738803,45900258701,54048552754
7659521,8192,1,713836,45748826296,52998348265
7667713,8192,1,848035,50538533259,57719246074
7675905,8192,1,937742,55323766578,65078277927
7684097,8192,1,787627,54383889810,58093973372
7692289,8192,1,833589,53247672067,59546962755
7700481,8192,1,814204,49535470442,58230157805
7708673,8192,1,903137,54358941917,60164098305
7716865,8192,1,801151,62622317283,53904449483
7725057,8192,1,905524,59014777802,65315328576
7733249,8192,1,960512,58327935763,69006938904
7741441,8192,1,936278,56411432504,67701388737
7749633,8192,1,890324,53572479595,68994171461
7757825,8192,1,1027125,58522479696,74835995173
7766017,8192,1,1065365,61612038604,77863387748
7774209,8192,1,1133091,62039236317,76463388110
7782401,8192,1,1013568,61944787561,76064316810
7790593,8192,1,977456,60660792594,71783188417
7798785,8192,1,1062407,59684547724,73868020577
7806977,8192,1,1017774,59902115809,72643903205
7815169,8192,1,1154301,60693446908,74893408954
7823361,8192,1,1129298,60341384806,73755387672
7831553,8192,1,1048171,56590059373,70009400524
7839745,8192,1,1006866,55276418358,69329651256
7847937,8192,1,1266339,61467920318,73656791301
7856129,8192,1,1153575,60984143819,70045613428
7864321,8192,1,1115475,59852831907,74220053799
7872513,8192,1,1148287,60908945609,71186827889
7880705,8192,1,1236171,60021117831,76490911023
7888897,8192,1,1119286,58582250428,71008712071
7897089,8192,1,1116862,59438959515,72146436577
7905281,8192,1,1053564,59511201019,70390550872
7913473,8192,1,1018766,59916578393,71507428268
7921665,8192,1,1163030,58202234652,65463068795
7929857,8192,1,932972,56541598892,68673691089
7938049,8192,1,1335617,61768841096,73587511108
7946241,8192,1,1126115,60333225913,76468107015
7954433,8192,1,930625,59253863905,75706716294
7962625,8192,1,1155991,60318831521,75028782481
7970817,8192,1,1149787,58205892161,72866581788
7979009,8192,1,1168100,58675133580,72237648841
7987201,8192,1,1109590,60201568915,69862539278
7995393,8192,1,1246696,60953748469,68994370176
8003585,8192,1,1072671,58459135873,73024676590
8011777,8192,1,915176,52150084703,69743359633
8019969,8192,1,1048977,54347088319,69848460975
8028161,8192,1,1161083,57901070063,69678758519
8036353,8192,1,1038066,60739991885,69529314397
8044545,8192,1,1058512,61452870344,67744868011
8052737,8192,1,1224568,57520110354,68144444784
8060929,8192,1,883351,49034881564,61028372265
8069121,8192,1,1093556,54937862712,66700198266
8077313,8192,1,1171620,58985335698,72572171845
8085505,8192,1,970944,57604952668,69414360271
8093697,8192,1,1018286,53175452767,66292568452
8101889,8192,1,907967,52281783686,64191020693
8110081,8192,1,872493,50955441103,63988233409
8118273,8192,1,1016880,55439650663,69842680781
8126465,8192,1,893543,53041319100,66635225770
8134657,8192,1,1199821,58355280103,71788953284
8142849,8192,1,872903,50503746198,65069309278
8151041,8192,1,753363,48910092076,63197817637
8159233,8192,1,888841,55200745635,68880655506
8167425,8192,1,1358869,61654254721,66484760066
8175617,8192,1,919344,57647015958,70298607108
8183809,8192,1,948309,52872475578,64153362656
8192001,8192,1,738324,46746541520,58388940358
8200193,8192,1,738422,45469577722,57262303520
8208385,8192,1,812997,50384096789,61881338503
8216577,8192,1,1006640,52371646321,60251339268
8224769,8192,1,1163238,59595554009,68402246449
8232961,8192,1,798761,53019994658,63495314761
8241153,8192,1,697829,51960965721,59555362161
8249345,8192,1,841109,52000342474,63652393964
8257537,8192,1,930193,54459937700,67171510137
8265729,8192,1,975208,58222853369,68878523364
8273921,8192,1,1020904,56306070571,67646220564
8282113,8192,1,938526,53080739771,60691627674
8290305,8192,1,820570,51981464609,64883038703
8298497,8192,1,940581,58623412073,67574797073
8306689,8192,1,877846,57683653048,66927453367
8314881,8192,1,914277,57238738726,68077407279
8323073,8192,1,880678,51566549035,63846867275
8331265,8192,1,763133,51489770819,72336009639
8339457,8192,1,835498,52115559990,61603129217
8347649,8192,1,940995,53853618011,64588249908
8355841,8192,1,935120,59792349550,67778894422
8364033,8192,1,849350,54624898279,63998124576
8372225,8192,1,826549,50554075020,61112931276
8380417,8192,1,893359,53524916702,63627020934
8388609,8192,1,950037,59670381591,73426275514
8396801,8192,1,851952,59067138486,65470168590
8404993,8192,1,971316,58701071184,70091482900
8413185,8192,1,957288,57866515165,71394846588
8421377,8192,1,838965,57549256819,62435541193
8429569,8192,1,893296,61104343635,59440727073
8437761,8192,1,993838,59809150417,67154216864
8445953,8192,1,964813,60789904230,69220307086
8454145,8192,1,839047,59657647316,64234944014
8462337,8192,1,854037,59372454307,62520706596
8470529,8192,1,970235,60191471319,65475280866
8478721,8192,1,988342,61800831528,65453501360
8486913,8192,1,828164,61286830855,60825537445
8495105,8192,1,1002499,62022730823,63305380234
8503297,8192,1,989779,61828220456,61892721643
8511489,8192,1,835312,61844907375,56880768089
8519681,8192,1,889469,61679703719,58226615261
8527873,8192,1,965347,61385667796,59511067944
8536065,8192,1,931052,61592837583,59808739297
8544257,8192,1,754048,61629636775,55315975747
8552449,8192,1,803745,61961780469,58636927641
8560641,8192,1,939276,63530816772,62621012482
8568833,8192,1,851417,65923346777,62606564666
8577025,8192,1,841049,65623489141,61667118826
8585217,8192,1,992152,73222626803,68367690025
8593409,8192,1,817459,77878755186,64430289339
8601601,8192,1,699019,76628772865,65017010484
8609793,8192,1,811933,78058009201,64539517625
8617985,8192,1,949393,77470743277,75410097051
8626177,8192,1,869464,75793509999,70616567012
8634369,8192,1,739889,74187688186,64107980908
8642561,8192,1,818926,77685558439,68736589319
8650753,8192,1,825924,78026267904,70964664907
8658945,8192,1,812147,70393239512,78327657993
8667137,8192,1,785673,61570806794,70592820268
8675329,8192,1,816542,65781442449,67450523312
8683521,8192,1,757973,54004019478,64960535687
8691713,8192,1,683329,52246980326,60641605015
8699905,8192,1,849122,55659160493,65522477449
8708097,8192,1,975466,59263476741,70733405770
8716289,8192,1,913001,59041577975,69617760289
8724481,8192,1,868978,54281558998,64882092085
8732673,8192,1,805391,49494687484,59842714885
8740865,8192,1,812980,52561159401,62777360906
8749057,8192,1,822366,52666178343,63013016346
8757249,8192,1,919564,56098391378,66399243218
8765441,8192,1,968016,57877117485,69862562963
8773633,8192,1,860153,51481505907,61129260881
8781825,8192,1,790868,47257860195,57197638134
8790017,8192,1,942832,53538052783,63348111129
8798209,8192,1,940694,61685676481,71526479230
8806401,8192,1,885927,61658922238,65780689429
8814593,8192,1,1038029,61369004831,73422592584
8822785,8192,1,879793,52146272787,63794158084
8830977,8192,1,878509,55697156073,66382565672
8839169,8192,1,964736,62541552293,81959916389
8847361,8192,1,996914,61590833329,78988878580
8855553,8192,1,885028,55127615561,62116666804
8863745,8192,1,791523,55304861134,64847818802
8871937,8192,1,849887,63786091420,80863970747
8880129,8192,1,902373,61012686158,73577038632
8888321,8192,1,941387,59426643172,70691358432
8896513,8192,1,1133114,63866621409,83605771862
8904705,8192,1,802562,63727133550,83975978391
8912897,8192,1,845445,61409418399,81165866569
8921089,8192,1,1017609,65029754319,84253081186
8929281,8192,1,907925,63564436196,81000909841
8937473,8192,1,967802,66232587516,83842851408
8945665,8192,1,897482,65346650167,83386301586
8953857,8192,1,750217,65003544141,70519952464
8962049,8192,1,1086994,67502783028,83752676138
8970241,8192,1,951713,66237749089,78158871221
8978433,8192,1,981183,69267416517,77087055378
8986625,8192,1,1055590,68273551884,87639725579
8994817,8192,1,780717,56833119505,74961607266
9003009,8192,1,1036805,73004597454,85151929423
9011201,8192,1,1012222,71455636535,82089004803
9019393,8192,1,874242,71548472212,80213008743
9027585,8192,1,971248,66791843410,82377468535
9035777,8192,1,840102,64595196013,78771569702
9043969,8192,1,994170,64934612725,78317491271
9052161,8192,1,888691,65383679263,79727549361
9060353,8192,1,942244,57388886441,70942957609
9068545,8192,1,701653,48078807041,59591973594
9076737,8192,1,754798,61024714378,69854708224
9084929,8192,1,908482,65338335472,75663284049
9093121,8192,1,898709,68826620520,81456894107
9101313,8192,1,947022,69761741984,76618312623
9109505,8192,1,855685,64915604147,75324140115
9117697,8192,1,936510,68593558199,80096127708
9125889,8192,1,1110657,74193543274,87763972571
9134081,8192,1,974020,71692480309,84999854578
9142273,8192,1,971906,69278593897,85060197251
9150465,8192,1,940651,67361910005,83784984808
9158657,8192,1,931319,67770003761,85448667935
9166849,8192,1,1003627,67301994373,88509192976
9175041,8192,1,901224,64936435027,81952680176
9183233,8192,1,768025,58547006772,72357140992
9191425,8192,1,992708,64118389903,82391249378
9199617,8192,1,767537,60728207372,78270192820
9207809,8192,1,741824,53901328760,74858970803
9216001,8192,1,698064,49104444455,63824751414
9224193,8192,1,643992,47707551961,72550700191
9232385,8192,1,827015,55845001987,71418110092
9240577,8192,1,847844,59333225580,71140954608
9248769,8192,1,757262,52846524981,63983392668
9256961,8192,1,716538,54524823239,65468454584
9265153,8192,1,714126,49995214601,58747549469
9273345,8192,1,716731,54250605891,65030089285
9281537,8192,1,763184,56104624149,69253063354
9289729,8192,1,852003,63108379279,76383942479
9297921,8192,1,904053,60658920099,71715945191
9306113,8192,1,828610,56073471319,69739926168
9314305,8192,1,742441,55013686452,67985634570
9322497,8192,1,731295,52787689502,63619619197
9330689,8192,1,708369,52392880422,62952560364
9338881,8192,1,664925,47456678772,60461875295
9347073,8192,1,627062,59045841516,69384938492
9355265,8192,1,542072,51533409470,61213561862
9363457,8192,1,553768,51823161640,61251756045
9371649,8192,1,664552,57497993985,70334650490
9379841,8192,1,665352,58873592863,69078602938
9388033,8192,1,708523,60684737157,73004812337
9396225,8192,1,742494,61352845542,71970175982
9404417,8192,1,682535,52096944972,65512543036
9412609,8192,1,730720,56467680323,72716516767
9420801,8192,1,659919,65708295301,90871349157
9428993,8192,1,805946,68506237462,93877543660
9437185,8192,1,799261,70730540231,95282483072
9445377,8192,1,782815,64727852547,85184616549
9453569,8192,1,806095,57998734790,75165744735
9461761,8192,1,873153,60674145097,73712180552
9469953,8192,1,978600,68453757397,89504684687
9478145,8192,1,932038,68593126285,87668249503
9486337,8192,1,969887,65412428592,81027409331
9494529,8192,1,871662,61072195102,79025092472
9502721,8192,1,880415,67010896351,89600454151
9510913,8192,1,877077,62637487079,80407620364
9519105,8192,1,892491,66341797417,83146957284
9527297,8192,1,886525,63743218469,82650269686
9535489,8192,1,763034,56916289211,74306009241
9543681,8192,1,755739,51749236039,71512760704
9551873,8192,1,873175,63714325503,84414306098
9560065,8192,1,894671,66968083563,91368649762
9568257,8192,1,871975,67196685161,93416389857
9576449,8192,1,833002,63337835446,88796598557
9584641,8192,1,804983,57162122774,80326964326
9592833,8192,1,852642,58816487988,87095974674
9601025,8192,1,804419,61358444080,93989811263
9609217,8192,1,849312,58233450860,88455226101
9617409,8192,1,927929,63536028152,94305589921
9625601,8192,1,813905,59495790605,89597228578
9633793,8192,1,774141,59853748240,94179324429
9641985,8192,1,1008519,71796902215,101530857236
9650177,8192,1,946237,66707485905,88621047250
9658369,8192,1,908074,73540668043,103209540213
9666561,8192,1,1048466,76252778127,100563848444
9674753,8192,1,866412,68574360918,90884020869
9682945,8192,1,932972,70752871888,96997775818
9691137,8192,1,979047,71791734313,98648084949
9699329,8192,1,918888,67817796157,95568811678
9707521,8192,1,1104725,71177466006,104129932086
9715713,8192,1,1104271,71716325188,108199073323
9723905,8192,1,963052,66999392072,93067992972
9732097,8192,1,1005464,65795578186,93759545837
9740289,8192,1,1059837,67994246828,96171117054
9748481,8192,1,979162,67629006993,95336744449
9756673,8192,1,885081,62292836211,87941663257
9764865,8192,1,833802,62457382863,85174729371
9773057,8192,1,837546,61034522068,81936793718
9781249,8192,1,946051,67857791102,90198008369
9789441,8192,1,819208,65866256100,86254977587
9797633,8192,1,924104,68240421801,93881809286
9805825,8192,1,881246,68247029882,91258875782
9814017,8192,1,778987,66071308722,85694098732
9822209,8192,1,911174,69795340731,96708032119
9830401,8192,1,1006706,71978418806,99765970246
9838593,8192,1,1038633,71509025018,101427159199
9846785,8192,1,896865,69792988764,94188373677
9854977,8192,1,847711,67034768302,87690897226
9863169,8192,1,911641,68667883187,92799334861
9871361,8192,1,996682,70107950073,95764382091
9879553,8192,1,973566,69625920413,96579737783
9887745,8192,1,993179,71185747311,97937012918
9895937,8192,1,1003198,70717713319,97544339900
9904129,8192,1,1002534,71808040774,100934105269
9912321,8192,1,973237,71613101484,98025048434
9920513,8192,1,1033485,72846155160,97269942326
9928705,8192,1,1031123,73635393603,100246707747
9936897,8192,1,1080661,74097718137,101931685253
9945089,8192,1,978766,70891484395,97332812413
9953281,8192,1,1042650,72417886178,100255995395
9961473,8192,1,1112412,74009890439,102983215042
9969665,8192,1,1081752,73469731113,103271726707
9977857,8192,1,1115522,75780146275,106399317494
9986049,8192,1,1042699,73335453765,104563022292
9994241,8192,1,1012025,72304159780,103707799303
10002433,8192,1,947807,73177316635,101205853826
10010625,8192,1,993860,74248158794,100050386052
10018817,8192,1,1083307,76321832298,105607904661
10027009,8192,1,1144640,76778212899,106783923556
10035201,8192,1,1106267,76509496209,108161787432
10043393,8192,1,1136468,76529152684,105703062029
10051585,8192,1,1143192,76622953602,108515726914
10059777,8192,1,1071558,76691528658,103963268284
10067969,8192,1,1035874,75016157201,101562037973
10076161,8192,1,1190056,75265046958,100353126562
10084353,8192,1,1052095,76722732640,104971395301
10092545,8192,1,1059358,76839914668,107246448851
10100737,8192,1,1078590,77061038954,104139643992
10108929,8192,1,1104262,76917215732,95067208315
10117121,8192,1,1171376,77120896113,101078000349
10125313,8192,1,1065388,77604654123,106781518787
10133505,8192,1,1080586,77621034018,100759358880
10141697,8192,1,1185945,77375102520,102790688376
10149889,8192,1,1118057,77079879819,100652928823
10158081,8192,1,1140551,77535086646,106081512001
10166273,8192,1,1201889,77314405596,105170512746
10174465,8192,1,1114490,77129632609,105565483291
10182657,8192,1,1131014,76977719808,104494750679
10190849,8192,1,1225990,76646881261,104312735472
10199041,8192,1,1193971,77200838933,101854791291
10207233,8192,1,1174049,77770485494,104014766016
10215425,8192,1,1131601,77893106666,102135410268
10223617,8192,1,1214716,77082495252,102436571452
10231809,8192,1,1239036,76812658037,104405962164
10240001,8192,1,1174334,77539060580,106415120003
10248193,8192,1,1147536,77645370823,108347461550
10256385,8192,1,1130296,76924591639,105628105090
10264577,8192,1,1030018,77324495149,105693019143
10272769,8192,1,1086505,77623073831,106460581517
10280961,8192,1,1133919,77708872357,106491853685
10289153,8192,1,1154060,77788627230,107787064704
10297345,8192,1,1188569,79487887047,113242610155
10305537,8192,1,1162732,92108783782,132034803179
10313729,8192,1,1258422,92807705936,125819758629
10321921,8192,1,1454915,92532120917,125270691119
10330113,8192,1,1363088,93006927167,128879526424
10338305,8192,1,1297387,91799653406,126528885506
10346497,8192,1,1317779,93102367684,128450540675
10354689,8192,1,1316959,92167733414,126628089336
10362881,8192,1,1294409,91868826372,124763584726
10371073,8192,1,1371189,92625323824,126291829775
10379265,8192,1,1370935,91279955444,125545807129
10387457,8192,1,1323638,91353035083,127210246297
10395649,8192,1,1176812,92192015743,129441058403
10403841,8192,1,1130901,92191092473,124257761642
10412033,8192,1,1365356,91517607743,125751478377
10420225,8192,1,1350461,91558164098,125338639823
10428417,8192,1,1325279,93052871840,129208674203
10436609,8192,1,1315451,92424243235,127254380654
10444801,8192,1,1280543,91824104587,129097400722
10452993,8192,1,1386630,92677741195,126711840162
10461185,8192,1,1350573,93443272480,132436702814
10469377,8192,1,1413221,93408214190,124687124096
10477569,8192,1,1409852,91813150323,117979606432
10485761,8192,1,1325146,92491978229,126692143363
10493953,8192,1,1360475,93375068735,129069388727
10502145,8192,1,1477277,93028293528,126846933282
10510337,8192,1,1458912,93395121237,128844312376
10518529,8192,1,1407547,93881286759,132881401925
10526721,8192,1,1441709,95010075686,131120702496
10534913,8192,1,1517598,98525141995,137775380432
10543105,8192,1,1527082,98878550793,136309742855
10551297,8192,1,1529306,98563439926,140083693577
10559489,8192,1,1488034,98120186326,129686036360
10567681,8192,1,1545901,98405600084,133538241237
10575873,8192,1,1481930,98131779771,134755691246
10584065,8192,1,1392202,98224165663,136176547351
10592257,8192,1,1533065,98063078190,132298657784
10600449,8192,1,1520463,98076761196,135639693589
10608641,8192,1,1485632,97643007726,132955493057
10616833,8192,1,1537129,98094168122,131417659988
10625025,8192,1,1531409,97567851758,128228789314
10633217,8192,1,1605029,98527900785,130227663434
10641409,8192,1,1581691,98109215587,127176395321
10649601,8192,1,1533873,98321831677,122755172792
10657793,8192,1,1556816,98751922551,123045169153
10665985,8192,1,1455320,98419002087,129173374949
10674177,8192,1,1399828,98856138099,128828172183
10682369,8192,1,1543182,99064986797,126785913532
10690561,8192,1,1541635,98835373983,125778209629
10698753,8192,1,1495339,99053764120,128663323106
10706945,8192,1,1535453,99205973257,131468947106
10715137,8192,1,1411860,98432768557,130628456290
10723329,8192,1,1465940,98922916151,130969060114
10731521,8192,1,1445079,99057744442,128633057235
10739713,8192,1,1409598,98835109309,130029814097
10747905,8192,1,1434689,98604438114,129239915450
10756097,8192,1,1432351,98393824834,126114497847
10764289,8192,1,1436449,98995119384,122959098262
10772481,8192,1,1494024,98865322370,121859194213
10780673,8192,1,1564213,98943876509,120165255351
10788865,8192,1,1487517,99069578049,120001286280
10797057,8192,1,1431398,98631734597,127350958665
10805249,8192,1,1279797,97861496443,128721421130
10813441,8192,1,1314075,99369544817,130558300458
10821633,8192,1,1326300,98850079622,131501989122
10829825,8192,1,1297628,99169380318,127589601685
10838017,8192,1,1376879,98939998883,126701110940
10846209,8192,1,1346219,99403792278,131816706251
10854401,8192,1,1323252,99251403001,130550545195
10862593,8192,1,1334976,99494857878,133080979752
10870785,8192,1,1341365,99559553820,131664403326
10878977,8192,1,1470136,99262735048,129888670258
10887169,8192,1,1685788,99549571043,124909644897
10895361,8192,1,1395013,99353151545,131797629680
10903553,8192,1,1353200,99129856294,130706133585
10911745,8192,1,1436134,99015606534,131720873839
10919937,8192,1,1372106,99208153089,129731677042
10928129,8192,1,1338149,99199886160,130846981602
10936321,8192,1,1303750,99210160521,131321736319
10944513,8192,1,1283208,99611151083,131792764871
10952705,8192,1,1319801,99531959189,126333415148
10960897,8192,1,1352636,99310002799,128193838282
10969089,8192,1,1375102,99466085443,129978823048
10977281,8192,1,1318730,99628423479,134418918432
10985473,8192,1,1227266,99669860657,130252048689
10993665,8192,1,1251634,99764662138,130912111626
11001857,8192,1,1356592,99619090549,132755014382
11010049,8192,1,1378517,99485553104,131989672646
11018241,8192,1,1275742,98374192970,129619930101
11026433,8192,1,1354490,99298692809,130891285035
11034625,8192,1,1310112,97186693575,128088088636
11042817,8192,1,1334103,99245280398,131685523265
11051009,8192,1,1363729,99758052158,131921903616
11059201,8192,1,1433294,99811214650,132682635040
11067393,8192,1,1554046,99865509853,139545951936
11075585,8192,1,1348576,99492264844,138706836091
11083777,8192,1,1248034,99629928157,135700446606
11091969,8192,1,1401515,99673560434,138612625836
11100161,8192,1,1447762,99741103137,138542462920
11108353,8192,1,1485144,99829077573,140235619853
11116545,8192,1,1398817,99670502872,136022398054
11124737,8192,1,1270161,99750583272,134132562533
11132929,8192,1,1320965,100173706874,134343163050
11141121,8192,1,1325674,99897977809,135831689343
11149313,8192,1,1402938,99852564415,134595970883
11157505,8192,1,1427512,99848646888,133477933458
11165697,8192,1,1399016,99824607865,134241055073
11173889,8192,1,1294020,99650819487,137144550616
11182081,8192,1,1438620,99932057170,139946578874
11190273,8192,1,1438914,100005225132,136495591056
11198465,8192,1,1443942,99739876237,138709922019
11206657,8192,1,1412633,99729278350,138855326647
11214849,8192,1,1380570,99693471850,138880110231
11223041,8192,1,1383145,99903866172,139246822573
11231233,8192,1,1478358,100104962850,140228652210
11239425,8192,1,1347924,99887377082,137609403514
11247617,8192,1,1381274,100222018318,136171636955
11255809,8192,1,1444439,99786699446,136117118297
11264001,8192,1,1316079,99890293002,137303886671
11272193,8192,1,1347710,99946984814,138610297572
11280385,8192,1,1484505,99851935427,140310955072
11288577,8192,1,1396744,99998982049,142235302807
11296769,8192,1,1470900,99784151152,141594214606
11304961,8192,1,1430049,99687376856,144129016695
11313153,8192,1,1453839,99667400561,146081320913
11321345,8192,1,1595756,99733144268,144045885357
11329537,8192,1,1528036,99788326430,143498032076
11337729,8192,1,1445057,99542969394,143323226184
11345921,8192,1,1359299,100074192393,141287192608
11354113,8192,1,1214427,99786388904,139180809579
11362305,8192,1,1448539,99876697498,144655791560
11370497,8192,1,1443442,99905517041,144776473150
11378689,8192,1,1372946,99494705111,139827574916
11386881,8192,1,1460716,99919270857,143404232888
11395073,8192,1,1324871,99802789764,143142782728
11403265,8192,1,1294644,99751712798,140305323186
11411457,8192,1,1427163,99936036914,139969013521
11419649,8192,1,1470939,99901096311,141299910507
11427841,8192,1,1374494,99957562220,141030241128
11436033,8192,1,1412862,100230306566,139990252217
11444225,8192,1,1374249,100053691309,138816047323
11452417,8192,1,1571219,99840223592,140291653584
11460609,8192,1,1495879,100010686253,140514195853
11468801,8192,1,1604419,100116741671,143253623080
11476993,8192,1,1633118,99820704698,141753588526
11485185,8192,1,1504462,99935838936,150076107438
11493377,8192,1,1317697,100499782245,148402664693
11501569,8192,1,1456024,100174119560,142833994898
11509761,8192,1,1513323,100006134277,139552176488
11517953,8192,1,1519607,99951925790,144262924004
11526145,8192,1,1383406,99807024509,143026454209
11534337,8192,1,1422653,100061173912,148551161051
11542529,8192,1,1545477,99930647157,147367173149
11550721,8192,1,1558532,100242503361,145393480132
11558913,8192,1,1504436,99761429052,141087793779
11567105,8192,1,1457170,99838244510,146142873794
11575297,8192,1,1421856,100360462892,148273358067
11583489,8192,1,1555722,100143247311,148124755379
11591681,8192,1,1574678,99900660852,148268452230
11599873,8192,1,1594565,100048647754,146280001043
11608065,8192,1,1659040,100329595801,154291738893
11616257,8192,1,1617443,100220177970,145780705135
11624449,8192,1,1532623,100080599389,148003908057
11632641,8192,1,1542361,100037161583,148780407672
11640833,8192,1,1571861,100308996380,144757343800
11649025,8192,1,1395721,100378559333,147396529105
11657217,8192,1,1490221,100226114683,148901358190
11665409,8192,1,1513739,99985733401,143879465594
11673601,8192,1,1486715,99964988407,142215827002
11681793,8192,1,1497379,99497295251,145540395107
11689985,8192,1,1555675,99583756838,142661479463
11698177,8192,1,1526425,99975239456,140090676046
11706369,8192,1,1506885,100205850486,196167756978
11714561,8192,1,1417140,100076759648,201343967596
11722753,8192,1,1419327,100185239943,172880053487
11730945,8192,1,1535326,99752558396,149986799313
11739137,8192,1,1475350,100121062315,142881287103
11747329,8192,1,1462315,100110564487,144918985120
11755521,8192,1,1607984,100218708518,143763948015
11763713,8192,1,1561092,100091344980,142127643993
11771905,8192,1,1634365,99974635368,137917411793
11780097,8192,1,1611463,100152909187,144917143787
11788289,8192,1,1659488,100051303446,139209899808
11796481,8192,1,1665774,99976385541,137467938765
11804673,8192,1,1595345,99986758305,137564029381
11812865,8192,1,1524046,99728316562,138996364365
11821057,8192,1,1641213,100165414493,145023496029
11829249,8192,1,1680031,99908869524,141486347152
11837441,8192,1,1612325,99880712091,143412016205
11845633,8192,1,1614251,99971067648,143444479367
11853825,8192,1,1556277,99978320446,143952778030
11862017,8192,1,1512954,100017672279,144347503051
11870209,8192,1,1549037,99886206895,143027850271
11878401,8192,1,1571428,100164009970,144342143655
11886593,8192,1,1668305,100312517315,143437539757
11894785,8192,1,1682065,100025730811,146408141273
11902977,8192,1,1570310,100112225843,149388359498
11911169,8192,1,1644933,100154217941,146821634636
11919361,8192,1,1656821,100207884794,145250818918
11927553,8192,1,1582493,100126425907,142865548132
11935745,8192,1,1521475,100167079312,144884021809
11943937,8192,1,1521683,100388045346,150434573261
11952129,8192,1,1489299,99966830319,154804801903
11960321,8192,1,1544635,100287189976,149651309020
11968513,8192,1,1561452,100362822758,149322026743
11976705,8192,1,1547967,99807104865,151165726849
11984897,8192,1,1485163,100423627141,147884375427
11993089,8192,1,1491502,100554250927,146404235727
12001281,8192,1,1511597,100501602390,145654307203
12009473,8192,1,1613129,100389557491,149656115629
12017665,8192,1,1618139,100182492628,147567455754
12025857,8192,1,1670231,100793818551,143317502618
12034049,8192,1,1618179,100973456970,145668794560
12042241,8192,1,1636290,100626663293,146621625558
12050433,8192,1,1664045,100791135270,143153222645
12058625,8192,1,1614383,100610086286,141395298388
12066817,8192,1,1626536,100553630407,142345506452
12075009,8192,1,1627135,100664025896,147035683919
12083201,8192,1,1538091,100839562356,147357751381
12091393,8192,1,1630555,100752831001,141779774077
12099585,8192,1,1633198,100611408516,147772218346
12107777,8192,1,1693381,100714695598,145357155977
12115969,8192,1,1640460,100682351254,146953011541
12124161,8192,1,1538108,100693050780,149032503328
12132353,8192,1,1528903,100580839188,153710407645
12140545,8192,1,1638145,100567752635,151693182126
12148737,8192,1,1686577,100662518085,171220127363
12156929,8192,1,1700547,100764775287,165938249220
12165121,8192,1,1713298,100590983304,165823291088
12173313,8192,1,1558439,100652606920,162902749913
12181505,8192,1,1598931,100706966213,160365098077
12189697,8192,1,1658474,100768276142,154949748393
12197889,8192,1,1637377,100917775639,154485728317
12206081,8192,1,1654920,100978253443,153679016301
12214273,8192,1,1653938,101056372273,153634134039
12222465,8192,1,1558132,101083378473,160725354755
12230657,8192,1,1706312,101058340035,166018981957
12238849,8192,1,1767076,101153617321,160180519709
12247041,8192,1,1547107,101156385394,166155789441
12255233,8192,1,1807586,101213455045,155002721316
12263425,8192,1,1827918,101340557214,154385556397
12271617,8192,1,1812421,101225928616,155910795697
12279809,8192,1,1929005,102065174460,150235948610
12288001,8192,1,1974887,113736085303,172069588151
12296193,8192,1,2023402,120815230694,186526454709
12304385,8192,1,1812523,120875986075,188729772894
12312577,8192,1,1728126,121038645094,200651701868
12320769,8192,1,1828550,120484717452,197993272922
12328961,8192,1,1856686,120211855092,196771081563
12337153,8192,1,1960808,120130384288,185782744192
12345345,8192,1,1834647,120407730128,192778940155
12353537,8192,1,1789128,120394301428,197932871354
12361729,8192,1,1845221,120562860077,200160428509
12369921,8192,1,1928680,120791685995,195194830432
12378113,8192,1,1897871,120919218796,193965361874
12386305,8192,1,1956011,121273660873,194268003076
12394497,8192,1,2024916,121410961017,186652360820
12402689,8192,1,2206937,120878046089,186262439199
12410881,8192,1,2161590,121219190569,177169978424
12419073,8192,1,2154173,120712639060,172161796618
12427265,8192,1,2025421,121107996489,188570631908
12435457,8192,1,1919756,121298892011,187787901737
12443649,8192,1,1849268,121098408850,193798082820
12451841,8192,1,1841994,121305918840,196540300499
12460033,8192,1,1812728,121289513405,189920378370
12468225,8192,1,1836821,121131924561,203996103471
12476417,8192,1,1847130,121013257890,197848896022
12484609,8192,1,1726342,121110215473,197657333855
12492801,8192,1,1565797,121227551605,199793360943
12500993,8192,1,1661227,120989838462,194044296167
12509185,8192,1,1657744,121397791130,192468904821
12517377,8192,1,1686415,120881512313,192441834189
12525569,8192,1,1635921,121020595616,187134234281
12533761,8192,1,1638295,120828007952,192734768779
12541953,8192,1,1630729,121115033416,196682469295
12550145,8192,1,1669238,121350515963,194645534803
12558337,8192,1,1606500,120840646922,185901395059
12566529,8192,1,1705647,120843737763,199328111976
12574721,8192,1,1593840,120738844726,198473198566
12582913,8192,1,1428541,118845017866,195753054436
12591105,8192,1,1527605,119581549488,198226150759
12599297,8192,1,1538160,121177086792,198313575539
12607489,8192,1,1544054,120921611838,197858668736
12615681,8192,1,1489350,121042433482,199195893500
12623873,8192,1,1435704,119449851412,196037711901
12632065,8192,1,1452687,118027659375,196668557731
12640257,8192,1,1546021,120587022943,195609708365
12648449,8192,1,1522355,120371457890,195218192625
12656641,8192,1,1515099,120323786912,195874906999
12664833,8192,1,1463056,119801520354,192411364304
12673025,8192,1,1336569,117778012653,190311576664
12681217,8192,1,1523979,120492919264,203999054360
12689409,8192,1,1641347,120800581446,206804388704
12697601,8192,1,1517616,120209411085,201352620605
12705793,8192,1,1572885,120784865947,198727124483
12713985,8192,1,1443041,119223702600,195939120062
12722177,8192,1,1560503,118711360145,198911468466
12730369,8192,1,1710200,120752573783,205865074014
12738561,8192,1,1525513,120574020911,195544372002
12746753,8192,1,1545180,120340259097,196268497189
12754945,8192,1,1491209,119617730910,191793883320
12763137,8192,1,1419517,119567393503,197114556592
12771329,8192,1,1443602,118754868552,200214082104
12779521,8192,1,1749998,120716159388,182536628643
12787713,8192,1,1637823,120792717738,188869309359
12795905,8192,1,1547938,120670804712,187637760633
12804097,8192,1,1433400,119784397229,193173668666
12812289,8192,1,1468640,119538963045,190546407692
12820481,8192,1,1536022,121005829418,190699521314
12828673,8192,1,1544028,120698206806,192167481309
12836865,8192,1,1619752,120820573618,194299829214
12845057,8192,1,1531456,120973407095,189089179764
12853249,8192,1,1483024,120987635474,186305264009
12861441,8192,1,1519507,120664198995,196103272528
12869633,8192,1,1543637,120610778641,207732012874
12877825,8192,1,1551096,121002511251,207174271065
12886017,8192,1,1516209,121052750886,204816938763
12894209,8192,1,1517293,120791191879,211257493910
12902401,8192,1,1553524,121085055387,207963606797
12910593,8192,1,1693757,121300295216,204853762569
12918785,8192,1,1672044,121340799798,199434046765
12926977,8192,1,1655404,120941956310,199879053165
12935169,8192,1,1569906,120926210670,201161205577
12943361,8192,1,1540925,121105298293,206502248717
12951553,8192,1,1641688,121015559738,201765049001
12959745,8192,1,1563783,120859188337,204289406042
12967937,8192,1,1512297,121685096229,197843729954
12976129,8192,1,1516976,126805399318,198996993765
12984321,8192,1,1530715,126881112753,206737551265
12992513,8192,1,1500023,126849103803,206568182176
13000705,8192,1,1525062,126762365924,192862512574
13008897,8192,1,1570898,126628575442,194651957320
13017089,8192,1,1515070,126715629496,198362586542
13025281,8192,1,1491295,126737597201,190739314701
13033473,8192,1,1399447,126800876454,194466053352
13041665,8192,1,1612103,126573305644,197397095518
13049857,8192,1,1564889,126570069748,198268703101
13058049,8192,1,1549927,126511290892,200624186027
13066241,8192,1,1574840,126648398482,204186243780
13074433,8192,1,1517669,127023106100,204739976543
13082625,8192,1,1555248,127201822791,205232666640
13090817,8192,1,1556053,126522950159,198883890750
13099009,8192,1,1504861,126490789213,201458091132
13107201,8192,1,1482066,126504578382,197607162815
13115393,8192,1,1426374,126482546404,188325674884
13123585,8192,1,1422652,126575548760,191520040559
13131777,8192,1,1500669,126501919615,195819999876
13139969,8192,1,1580952,126501645806,192552207406
13148161,8192,1,1572191,126580580822,181964253233
13156353,8192,1,1502663,126435071350,171400974288
13164545,8192,1,1495807,126867900914,176576792584
13172737,8192,1,1485620,126758082578,183257796577
13180929,8192,1,1624283,126445008957,186392475280
13189121,8192,1,1487793,126454067159,178464256377
13197313,8192,1,1590087,126448018907,190249375354
13205505,8192,1,1603957,126508967574,202175589621
13213697,8192,1,1515619,126648476624,206407347506
13221889,8192,1,1594506,126480910175,198876572601
13230081,8192,1,1571457,126542193961,203150751842
13238273,8192,1,1535402,126591571689,197843519005
13246465,8192,1,1493317,126453218947,187883815591
13254657,8192,1,1432522,126495905368,206924023510
13262849,8192,1,1488041,126602949682,203074985004
13271041,8192,1,1487836,126367437642,192886952958
13279233,8192,1,1482494,126265843066,200268391411
13287425,8192,1,1540706,126290664704,199888938736
13295617,8192,1,1431213,126416230124,201214697144
13303809,8192,1,1381642,126377743039,196810918338
13312001,8192,1,1425200,126414184386,193080724619
13320193,8192,1,1446442,126433497478,196969500180
13328385,8192,1,1451568,126525699709,195833834923
13336577,8192,1,1488450,126443773151,190576087570
13344769,8192,1,1448829,126470974452,209254328816
13352961,8192,1,1435386,126473514687,205964865164
13361153,8192,1,1537204,126540746888,195126700382
13369345,8192,1,1706359,126382828597,196158958608
13377537,8192,1,1739316,126452726028,194682377075
13385729,8192,1,1559597,126463514796,196544252356
13393921,8192,1,1464328,126468436719,204171179921
13402113,8192,1,1527548,126619040869,194646450037
13410305,8192,1,1540567,126512649425,197062076331
13418497,8192,1,1579041,126657363768,195443449410
13426689,8192,1,1652004,126401984278,188643930948
13434881,8192,1,1484258,126375922545,202393943265
13443073,8192,1,1553385,126524177526,212116388629
13451265,8192,1,1545506,126393109813,200053044567
13459457,8192,1,1617660,126509408506,204596228962
13467649,8192,1,1617160,126539220161,202529309983
13475841,8192,1,1597888,126604477600,204187858094
13484033,8192,1,1607554,126579892965,205183359847
13492225,8192,1,1693151,126510267086,202905721633
13500417,8192,1,1730955,126614551074,192580890720
13508609,8192,1,1907030,126451741784,189492445230
13516801,8192,1,1860726,126544257334,196310283344
13524993,8192,1,1743498,126502399379,195177655131
13533185,8192,1,1699555,126537553304,197988562985
13541377,8192,1,1797680,126444001381,196118522581
13549569,8192,1,1806412,126438385106,206406632207
13557761,8192,1,1726244,126479692212,202677777518
13565953,8192,1,1638285,126346564082,207940223530
13574145,8192,1,1634714,126449381758,219705309268
13582337,8192,1,1718939,126525685269,200107742092
13590529,8192,1,1768713,126417251634,197429415048
13598721,8192,1,1731576,126409827801,195690615393
13606913,8192,1,1714696,126194994571,193559073089
13615105,8192,1,1662689,126332832338,210064848605
13623297,8192,1,1659344,126354562546,195826151676
13631489,8192,1,1688326,126167088507,200619162035
13639681,8192,1,1740343,126358272138,207593699707
13647873,8192,1,1656537,126321177990,199360702247
13656065,8192,1,1504782,126229054599,206874958078
13664257,8192,1,1627117,126324235982,208047456933
13672449,8192,1,1617372,126397597617,197882665199
13680641,8192,1,1717682,126185351143,205004598455
13688833,8192,1,1681875,126418968592,205833598566
13697025,8192,1,1659942,126214234182,208376250109
13705217,8192,1,1493091,126442876345,204425237399
13713409,8192,1,1639977,126344852300,204382358973
13721601,8192,1,1637728,126406992783,197404077571
13729793,8192,1,1662768,126254851194,204257434647
13737985,8192,1,1572229,126483226636,207536838549
13746177,8192,1,1626524,126076081216,212568003080
13754369,8192,1,1809146,126386695047,217785245761
13762561,8192,1,1603948,126355692540,209922019721
13770753,8192,1,1713010,126362941154,217965698752
13778945,8192,1,1595162,126358123369,214876189864
13787137,8192,1,1503295,126594660549,207051601867
13795329,8192,1,1492449,126654128960,214888065014
13803521,8192,1,1550781,126482616958,211238457568
13811713,8192,1,1601370,126555088393,210979414831
13819905,8192,1,1499991,126600144015,208935915745
13828097,8192,1,1579600,126426324518,204849538514
13836289,8192,1,1451918,126589449884,216108282053
13844481,8192,1,1485911,126671407417,204661048404
13852673,8192,1,1510421,126431496750,201155622537
13860865,8192,1,1590569,126516589514,205144525700
13869057,8192,1,1615665,126504700303,212086362304
13877249,8192,1,1657339,126494229879,204742264297
13885441,8192,1,1530995,126632403991,215133071420
13893633,8192,1,1593121,126305831185,211302181981
13901825,8192,1,1594780,126628482611,196890126856
13910017,8192,1,1574979,126512975265,204301656751
13918209,8192,1,1528537,126494511250,219459160131
13926401,8192,1,1485566,126581521439,210718229952
13934593,8192,1,1516224,126693079215,212935461225
13942785,8192,1,1526924,126579720747,204380170877
13950977,8192,1,1595071,126529604427,218795687994
13959169,8192,1,1523136,126501530450,218368846553
13967361,8192,1,1498767,126596003961,213013331196
13975553,8192,1,1406922,126595942080,202450841803
13983745,8192,1,1599497,126504388876,199045386100
13991937,8192,1,1623488,126638294462,206391432819
14000129,8192,1,1622392,126578067124,202703196174
14008321,8192,1,1539581,126538188694,197575350743
14016513,8192,1,1479134,126565197225,218673886875
14024705,8192,1,1502447,126588974527,211245891373
14032897,8192,1,1478763,126487822388,210497573665
14041089,8192,1,1533746,126627724761,210619249199
14049281,8192,1,1519738,126594957346,209024409614
14057473,8192,1,1519493,126528476406,212246829801
14065665,8192,1,1378968,126547954984,201881373547
14073857,8192,1,1474826,126438035641,212414609606
14082049,8192,1,1461458,126597812191,212138018180
14090241,8192,1,1463314,126464976827,205805535871
14098433,8192,1,1441040,126385694310,205921831664
14106625,8192,1,1436453,126491228880,215284675980
14114817,8192,1,1496948,126733919140,213677490509
14123009,8192,1,1496987,126542528909,210575380841
14131201,8192,1,1452980,126436119407,213145736649
14139393,8192,1,1423186,126572325359,214251815265
14147585,8192,1,1569308,126563222552,221110607076
14155777,8192,1,1464535,126571618605,215901725525
14163969,8192,1,1479519,126524555259,215870873665
14172161,8192,1,1499313,126468901517,218153511206
14180353,8192,1,1565348,126623168177,213378693860
14188545,8192,1,1470830,126464552679,216102454776
14196737,8192,1,1400549,126494842685,216565445074
14204929,8192,1,1453105,126753079308,222472920656
14213121,8192,1,1460111,126568950512,212922449722
14221313,8192,1,1520459,126652167619,212545051458
14229505,8192,1,1499272,126638616386,217293840617
14237697,8192,1,1548944,126740822535,214760758904
14245889,8192,1,1633816,126506755658,229919615471
14254081,8192,1,1445619,126723848661,211713727214
14262273,8192,1,1431866,126541088768,209352725563
14270465,8192,1,1484052,126508469815,213671619686
14278657,8192,1,1449156,126566654615,213686195314
14286849,8192,1,1474927,126698119621,219662774003
14295041,8192,1,1393083,126635507728,217166122534
14303233,8192,1,1469593,126594053976,211316845929
14311425,8192,1,1512033,126538804256,215049556447
14319617,8192,1,1481371,126576921156,217253064965
14327809,8192,1,1430169,126566265060,216614737089
14336001,8192,1,1419150,126722723223,214458786008
14344193,8192,1,1480284,126435774983,219462309867
14352385,8192,1,1528548,126476867898,230736756765
14360577,8192,1,1546887,126808255314,230891396135
14368769,8192,1,1435509,126571790084,222751313538
14376961,8192,1,1386650,126499954858,221533102557
14385153,8192,1,1382223,126651656770,222669517562
14393345,8192,1,1488051,126664579673,221062464837
14401537,8192,1,1553934,126545677652,225844589307
14409729,8192,1,1634007,126563665151,217552482152
14417921,8192,1,1442200,126580746495,222152028820
14426113,8192,1,1413632,126478067233,229001291486
14434305,8192,1,1548109,126551840239,226512434096
14442497,8192,1,1470527,126615549801,226939574257
14450689,8192,1,1478434,126677467809,220308757036
14458881,8192,1,1458738,126597790863,219178636881
14467073,8192,1,1426514,126403031347,223463824426
14475265,8192,1,1482168,126709937913,226095449139
14483457,8192,1,1557468,126539321538,220850986039
14491649,8192,1,1470187,126437944162,220324923310
14499841,8192,1,1477967,126523369672,216572143801
14508033,8192,1,1465952,126535822834,241622044664
14516225,8192,1,1348724,126493420690,224099119732
14524417,8192,1,1408175,126557593458,219590735414
14532609,8192,1,1417407,126601214291,217973668019
14540801,8192,1,1453750,126608916838,216385689455
14548993,8192,1,1403369,126516523197,214679582208
14557185,8192,1,1395108,126600906242,226216457765
14565377,8192,1,1422523,126760302959,220840019236
14573569,8192,1,1419444,126405917316,213613984990
14581761,8192,1,1376103,126440498278,214201944846
14589953,8192,1,1432106,126608941369,218076631417
14598145,8192,1,1389518,126692065880,215053705120
14606337,8192,1,1325891,126592054869,227755906549
14614529,8192,1,1430620,126570249130,223180661220
14622721,8192,1,1640576,126530216669,224228875237
14630913,8192,1,1458194,126511255699,205857501896
14639105,8192,1,1452283,126394466641,218415597286
14647297,8192,1,1349319,126566104062,228883247067
14655489,8192,1,1452911,126604604446,222051179208
14663681,8192,1,1448499,126332373287,217362360132
14671873,8192,1,1483751,126448598311,221917996503
14680065,8192,1,1524626,126486693032,221457765189
14688257,8192,1,1527468,126545672360,219364268426
14696449,8192,1,1472173,126525431009,198929132880
14704641,8192,1,1419681,126533194875,213145579684
14712833,8192,1,1437270,126467171242,223618779656
14721025,8192,1,1512036,126367840991,223090997785
14729217,8192,1,1439500,126305664805,227955236891
14737409,8192,1,1387353,126409670149,227063976762
14745601,8192,1,1499311,126425130097,231389451245
14753793,8192,1,1558145,126172894422,229779282075
14761985,8192,1,1718804,126212903238,226312359120
14770177,8192,1,1717370,126029090030,227738068437
14778369,8192,1,1473904,126362945352,232878275287
14786561,8192,1,1449449,126492807622,242932979718
14794753,8192,1,1477860,126429514269,223508827708
14802945,8192,1,1512924,126383475179,225455637618
14811137,8192,1,1483765,126427560226,225199270068
14819329,8192,1,1469039,126465883445,214345966250
14827521,8192,1,1400910,126617871845,215916460209
14835713,8192,1,1464190,126577008600,220212554435
14843905,8192,1,1463597,126488966318,210147151563
14852097,8192,1,1435958,126350436560,207368645486
14860289,8192,1,1428608,126334006669,211888997842
14868481,8192,1,1442830,126593504235,215892010597
14876673,8192,1,1444089,126454820297,203918495164
14884865,8192,1,1489984,126427635219,199753058437
14893057,8192,1,1459687,126567897831,199660649549
14901249,8192,1,1429581,126389935326,193311091448
14909441,8192,1,1388421,126535790245,198897396466
14917633,8192,1,1472067,126496416288,197442161724
14925825,8192,1,1441937,126455027935,201091612364
14934017,8192,1,1444164,126497768001,192421953362
14942209,8192,1,1483479,126356513150,196037635245
14950401,8192,1,1440249,126385110650,218832055919
14958593,8192,1,1526412,126307268112,221461965091
14966785,8192,1,1552881,126293740397,224490764382
14974977,8192,1,1547396,126094740945,216877085845
14983169,8192,1,1536599,126211707939,211603832828
14991361,8192,1,1489033,126224000392,224632633767
14999553,8192,1,1453488,126264788639,218434512505
15007745,8192,1,1511797,126501254834,212326577867
15015937,8192,1,1503036,126279848457,213141307593
15024129,8192,1,1519956,126405073088,213530728463
15032321,8192,1,1423112,126368472028,197196918661
15040513,8192,1,1514298,126447574509,209791882194
15048705,8192,1,1540708,126248790503,203991864368
15056897,8192,1,1512494,126305588741,214705060175
15065089,8192,1,1499260,126337822141,208783217861
15073281,8192,1,1452264,126555139864,207055251682
15081473,8192,1,1479484,126496906125,206147324207
15089665,8192,1,1488701,126582720631,204121250077
15097857,8192,1,1503925,126385361299,201489042950
15106049,8192,1,1479703,126275675270,200267266751
15114241,8192,1,1487831,126443159552,203457723178
15122433,8192,1,1451943,126750094045,198995219825
15130625,8192,1,1432546,126356114172,201623538799
15138817,8192,1,1498517,126157841850,204645508089
15147009,8192,1,1502133,126486746806,204526053284
15155201,8192,1,1580935,126483403980,210528184234
15163393,8192,1,1575190,126219434040,210686750703
15171585,8192,1,1536284,126327883878,209946756090
15179777,8192,1,1488705,126401251390,208058084609
15187969,8192,1,1535856,126380404561,210684521815
15196161,8192,1,1502255,126340565283,214416618276
15204353,8192,1,1457865,126470528973,211395595024
15212545,8192,1,1475951,126706209220,217231614464
15220737,8192,1,2099730,126390140428,235239969543
15228929,8192,1,1507534,126385341833,215822617785
15237121,8192,1,1532314,126415790802,218432599885
15245313,8192,1,1492981,126326458992,216394369613
15253505,8192,1,1473283,126472813488,219960610895
15261697,8192,1,1660048,126534594704,224602514690
15269889,8192,1,1600297,126589300886,227432542890
15278081,8192,1,1808125,126391955349,231719070025
15286273,8192,1,1509403,126411630842,216081799820
15294465,8192,1,1492102,126503841855,220542342275
15302657,8192,1,1481006,126879977162,214687072931
15310849,8192,1,1455573,126338823947,213821457091
15319041,8192,1,1468523,126384171157,208765012941
15327233,8192,1,1455118,126452603869,207172219113
15335425,8192,1,1428014,126484960125,213235897892
15343617,8192,1,1414560,126583909748,212118628426
15351809,8192,1,1433222,126370246098,205562663050
15360001,8192,1,1438656,126724972455,214378107729
15368193,8192,1,1422503,126526502925,207116135493
15376385,8192,1,1417976,126364437949,211601753338
15384577,8192,1,1424419,126656766137,215440296321
15392769,8192,1,1381472,126593536534,204410410974
15400961,8192,1,1366854,126560232721,205785918742
15409153,8192,1,1391499,126696531231,210848141846
15417345,8192,1,1408332,126595281337,204504745129
15425537,8192,1,1382698,126492112406,207836727870
15433729,8192,1,1361048,126653338550,205288293301
15441921,8192,1,1392230,126508621863,203803540101
15450113,8192,1,1350466,126393470273,199153253994
15458305,8192,1,1425866,126500624148,202305201939
15466497,8192,1,1388874,126680471683,201536298986
15474689,8192,1,1432354,126763626150,207621860108
15482881,8192,1,1439442,126625747723,206474262484
15491073,8192,1,1418575,126514564670,209578751421
15499265,8192,1,1399446,126591544745,199740311742
15507457,8192,1,1421860,126366550708,207413094293
15515649,8192,1,1386719,126711988256,214290263099
15523841,8192,1,1434635,126473241960,204783635989
15532033,8192,1,1480058,126415568321,209346161694
15540225,8192,4702882,1539317,126223755357,208108092357
15548417,8192,4711204,1549433,125266962992,212546530521
15556609,8192,4719481,1506999,125314419131,215955483140
15564801,8192,4727753,1326511,125385512822,211987823151
15572993,8192,4736026,1301225,125359407921,208880574824
15581185,8192,4744366,1298022,125291818536,205012762849
15589377,8192,4752640,1292103,125493083866,210255026614
15597569,8192,4760873,1269576,125171890894,206851825334
15605761,8192,4769097,1281934,125158789139,211001268481
15613953,8192,4777324,1266483,125184058805,205321708312
15622145,8192,4785575,1310843,125352153039,207201316604
15630337,8192,4793834,1350424,125402191477,207206306891
15638529,8192,4802063,1271916,125290664131,204091571142
15646721,8192,4810311,1382229,125417435852,200005605492
15654913,8192,4818560,1341844,125241377890,204433259063
15663105,8192,4826793,1338871,125235624379,212659219292
15671297,8192,4835033,1473498,125267623539,191223274632
15679489,8192,4843307,1341943,125238576083,205708927124
15687681,8192,4851548,1358945,125339300495,210198174423
15695873,8192,4859783,1366233,125332552702,202602192599
15704065,8192,4868035,1366939,125309608945,203438537912
15712257,8192,4876269,1258668,125580844155,166677615751
15720449,8192,4884504,1269011,125586649741,179961943810
15728641,8192,4892734,1290568,125336795671,198602928052
15736833,8192,4900965,1218505,125671533571,193957853717
15745025,8192,4909209,1270641,125186719880,206260093828
15753217,8192,4917440,1222591,125621248902,199398681683
15761409,8192,4925676,1136071,125642950151,197655669122
15769601,8192,4933927,1207034,125446738312,204646404539
15777793,8192,4942152,1230057,125167110607,196246029347
15785985,8192,4950396,1236387,125097758007,197987725820
15794177,8192,4958625,1304488,125171471581,204205852080
15802369,8192,4966858,1224835,125188882612,201573110791
15810561,8192,4975086,1104271,125176226874,204623066481
15818753,8192,4983340,1191983,125462451283,208029324001
15826945,8192,4991606,1208452,124895221202,205793913558
15835137,8192,4999843,1258925,124696117492,209672190604
15843329,8192,5008082,1266737,124905141764,211725258833
15851521,8192,5016328,1181380,124808204719,204030586126
15859713,8192,5024572,1181075,124913583891,209346558151
15867905,8192,5032801,1198642,124853581395,207816423269
15876097,8192,5041067,1256946,124485974258,205230152784
15884289,8192,5049305,1185695,124420511601,209348067763
15892481,8192,5057550,1237468,124320433939,202619225682
15900673,8192,5065779,1160265,124212174085,210740187781
15908865,8192,5074016,1058092,124650352681,207984759413
15917057,8192,5082245,1154274,124317182853,207917915286
15925249,8192,5090476,1267752,124214048769,210092675968
15933441,8192,5098721,1375306,124264129443,221150683651
15941633,8192,5106967,1389702,123940720851,222532907368
15949825,8192,5115210,1290366,124034382029,217071519451
15958017,8192,5123438,1173643,124359427972,223751350995
15966209,8192,5131663,1310249,124224713160,231502495492
15974401,8192,5139899,1340522,124099640351,230492360175
15982593,8192,5148147,1235970,124322924690,219579380118
15990785,8192,5156389,1283371,124198929531,218421646549
15998977,8192,5164630,1225813,124186386101,216899010070
16007169,8192,5172864,1052847,124623074343,209396246581
16015361,8192,5181097,1052959,124493600992,223250520619
16023553,8192,5189331,1090688,124243013279,223977910192
16031745,8192,5197584,1104026,124381451256,218664800566
16039937,8192,5205840,1123041,124395808586,216485694673
16048129,8192,5214078,1134623,124830620768,216622520466
16056321,8192,5222314,1125502,124617193118,222838662160
16064513,8192,5230552,1010762,124683765373,224831886020
16072705,8192,5238780,1246034,124333477118,223452228598
16080897,8192,5247021,1178575,124260753374,229737950322
16089089,8192,5255267,1123580,124306431578,223809267887
16097281,8192,5263499,1140851,124439942230,220945361466
16105473,8192,5271733,1161857,124361331384,220415436809
16113665,8192,5279979,1109178,124669356777,224563536021
16121857,8192,5288231,1162628,124391196480,221085747090
16130049,8192,5296473,1180458,124399949367,218269660727
16138241,8192,5304780,1078802,124660642804,215852348845
16146433,8192,5313022,1399504,124480225073,232244263335
16154625,8192,5321262,1831486,124194901488,262424823465
16162817,8192,5329495,1289430,124612317459,244597282341
16171009,8192,5337741,1315758,124340884409,229459762077
16179201,8192,5345985,1305539,124066232016,234795324116
16187393,8192,5354220,1237219,124237008425,227986291925
16195585,8192,5362459,1242340,124164031098,223974711404
16203777,8192,5370696,1298513,123955699854,229945028392
16211969,8192,5378936,1110066,124443582796,235744866038
16220161,8192,5387165,1089412,124386084913,222026135464
16228353,8192,5395399,1161951,123977256702,220796328002
16236545,8192,5403630,1168807,124125228021,226509819006
16244737,8192,5411850,1131902,124288779632,229445017694
16252929,8192,5420067,1149718,124332292810,238248516730
16261121,8192,5428297,1006443,124925233758,250228270131
16269313,8192,5436528,1004179,124695474779,229130864486
16277505,8192,5444770,1149822,124398327669,229305995765
16285697,8192,5452994,1133861,124278260394,232333665780
16293889,8192,5461230,1092288,124265714717,232175806955
16302081,8192,5469460,1072509,124403719165,240325517874
16310273,8192,5477688,941325,124731511962,253854003759
16318465,8192,5485913,882467,124766784923,226484194964
16326657,8192,5494140,1064365,124413151568,221575201450
16334849,8192,5502372,1203661,124227087257,223183729628
16343041,8192,5510610,1295735,124036901019,233384129840
16351233,8192,5518848,1181661,124111787777,224416030731
16359425,8192,5527079,1079067,124533103336,245407799813
16367617,8192,5535309,1377208,124373927230,247454473777
16375809,8192,5543539,1202265,124039788633,246076874563
16384001,8192,5551774,1240571,124100331466,227087803674
16392193,8192,5560023,1251207,124003722518,231813893623
16400385,8192,5568264,1239850,124052994132,224845536622
16408577,8192,5576488,1265814,123867348059,242842689156
16416769,8192,5584742,1147721,124148195400,241573510536
16424961,8192,5592977,1192692,124003358239,243852206598
16433153,8192,5601200,1188570,124166203859,231540586274
16441345,8192,5609436,1214158,123872046169,236132365258
16449537,8192,5617666,1166299,124245007447,225606276694
16457729,8192,5625902,1176755,123985010086,242377075611
16465921,8192,5634141,1029846,124556794423,232139086221
16474113,8192,5642371,1087223,124368765692,227925844900
16482305,8192,5650601,1173116,124180458932,227241501152
16490497,8192,5658845,1158866,124219659457,229857488426
16498689,8192,5667082,1248259,124168429071,234208993229
16506881,8192,5675313,1170549,124282739423,234264268826
16515073,8192,5683551,1131564,124390215662,230630343636
16523265,8192,5691780,1225728,123979933211,231361843432
16531457,8192,5700013,1233882,124053338198,227465678208
16539649,8192,5708260,1211444,123988503328,235104264188
16547841,8192,5716525,1256586,123922282104,224753101302
16556033,8192,5724762,1230919,124009051113,226458260759
16564225,8192,5732991,1239040,124028389925,236326098495
16572417,8192,5741223,1226880,123982832351,231950184628
16580609,8192,5749471,1296813,123813847300,223281101775
16588801,8192,5757729,1266771,123805018180,226614197551
16596993,8192,5765970,1247419,123939513129,232490467959
16605185,8192,5774205,1147285,124058090877,233975524079
16613377,8192,5782440,1084123,124251855466,231146890207
16621569,8192,5790686,1209663,124076116461,231028111084
16629761,8192,5798933,1278174,124175952832,230127153341
16637953,8192,5807177,1330708,123602214180,218227365939
16646145,8192,5815423,1279631,123702477060,227788998438
16654337,8192,5823744,1183021,123877292698,234289328501
16662529,8192,5832032,1132813,124094677752,246840218891
16670721,8192,5840313,1209310,123989450841,240976470468
16678913,8192,5848599,1253099,123926563458,235232281479
16687105,8192,5856905,1251013,124004103042,235622818986
16695297,8192,5865191,1245742,123923427248,224259012052
16703489,8192,5873502,1235602,124080283695,243232233017
16711681,8192,5881803,1135044,124299971638,250382389230
16719873,8192,5890089,1154719,124214204463,237112029980
16728065,8192,5898362,1210401,123956363401,235094712510
16736257,8192,5906658,1246107,123945396983,226241766019
16744449,8192,5914960,1250768,123917230336,232510318560
16752641,8192,5923268,1232077,123922994202,230810294829
16760833,8192,5931557,1101217,124016467187,229054655358
16769025,8192,5939852,1115077,123940593590,224455778859
16777217,8192,5948143,1203820,123946925971,221819456961
16785409,8192,5956437,1190451,123833585470,221271260935
16793601,8192,5964730,1192548,123749498190,215028761693
16801793,8192,5973054,1222847,123956529365,229995657574
16809985,8192,5981358,1158585,123615753440,232776068035
16818177,8192,5989636,1190257,123880766762,239301695057
16826369,8192,5997923,1315502,124066841094,233132477876
16834561,8192,6006221,1280191,123785793744,224781009998
16842753,8192,6014515,1218102,123790540045,222015490079
16850945,8192,6022798,1219963,123930827780,230604726330
16859137,8192,6031084,1161119,123958338109,243806482904
16867329,8192,6039371,1171240,124129112556,238835691374
16875521,8192,6047642,1267203,123879852147,236834746138
16883713,8192,6055930,1262897,123950930417,236693130118
16891905,8192,6064228,1232554,123924166484,230281653195
16900097,8192,6072508,1261532,123799373290,229970795522
16908289,8192,6080793,1204241,123697797710,242531111162
16916481,8192,6089077,1166469,123872500417,273611931583
16924673,8192,6097362,1313286,123887439402,250755667999
16932865,8192,6105654,1318114,123736211580,245350999350
16941057,8192,6113948,1371249,123781285971,261810747274
16949249,8192,6122230,1324221,123851146021,243066402660
16957441,8192,6130520,1201645,123770774514,266204175898
16965633,8192,6138828,1130553,124115291400,267799523094
16973825,8192,6147196,1206396,123973096845,253449424878
16982017,8192,6155571,1296153,123799597728,244814751738
16990209,8192,6163998,1245876,123829143218,247562087396
16998401,8192,6172357,1236370,123949207012,258169866191
17006593,8192,6180713,1095386,124186445686,253713488206
17014785,8192,6189078,1097696,124373036821,281412066653
17022977,8192,6197431,1184850,124038711706,256847584673
17031169,8192,6205770,1232776,123930837647,254736542791
17039361,8192,6214644,1316623,123920763300,255081707906
17047553,8192,6223141,1373527,123682150949,246830155793
17055745,8192,6231549,1236837,124174335358,247437772228
17063937,8192,6239930,1008710,124612817560,239502251181
17072129,8192,6248275,1183210,123779206831,220420364734
17080321,8192,6256608,1260658,123645465790,215357927358
17088513,8192,6264965,1260278,123647922745,201804916232
17096705,8192,6273315,1195518,123606718765,218330004831
17104897,8192,6281580,1014510,124351735830,225969913782
17113089,8192,6289852,998796,124202567206,220004350128
17121281,8192,6298121,1079273,124077209846,217041941372
17129473,8192,6306398,1108894,124161798539,231123939158
17137665,8192,6314693,1094899,124246637405,232846594162
17145857,8192,6322984,1150300,124075434998,229322926331
17154049,8192,6331276,1053151,124293347868,229373846267
17162241,8192,6339552,1116778,123894911874,221005417461
17170433,8192,6347847,1259515,123549394465,216397959412
17178625,8192,6356141,1302281,123514410067,209587060277
17186817,8192,6364447,1268222,123677502767,210238613813
17195009,8192,6372722,1334072,123586995334,199351951638
17203201,8192,6381005,1375665,123325720760,186604326356
17211393,8192,6389309,1269359,123489821555,194907608613
17219585,8192,6397595,1316145,123397475306,202415991712
17227777,8192,6405886,1281602,123525891650,206127273765
17235969,8192,6414187,1256380,123586573657,217155527853
17244161,8192,6422571,1265659,123572520849,212927913935
17252353,8192,6431060,1227759,123671374561,230607831678
17260545,8192,6439423,1143861,123975679931,265388222975
17268737,8192,6447756,1247976,123689972357,243882916376
17276929,8192,6456078,1225854,123699524669,241283738089
17285121,8192,6464411,1200074,123686298402,277544417101
17293313,8192,6472712,1235586,123611194696,239608474595
17301505,8192,6481018,1244725,123809963167,242463482769
17309697,8192,6489326,1176759,123949583273,257302978317
17317889,8192,6497627,1224036,123535394964,247435090544
17326081,8192,6505936,1271485,123566158009,224378973802
17334273,8192,6514227,1213764,123611052485,246020307979
17342465,8192,6522521,1220033,123559546994,239585452010
17350657,8192,6530810,1190892,123706210400,267684402591
17358849,8192,6539086,1097182,123977816887,260300739187
17367041,8192,6547367,1232605,123526861260,235223928650
17375233,8192,6555668,1355447,123551402440,226913736549
17383425,8192,6563975,1256364,123670066137,244644201983
17391617,8192,6572280,1227341,123601410945,238884638533
17399809,8192,6580587,1246478,123797697040,257683991979
17408001,8192,6588914,1123000,124044778310,270307414738
17416193,8192,6597245,1269906,123743510946,269762417850
17424385,8192,6605563,1290349,123571782475,263056766405
17432577,8192,6613884,1215614,123977234268,261136213662
17440769,8192,6622203,1142107,124116885794,246136873013
17448961,8192,6630518,1318220,123834754157,272144333713
17457153,8192,6638828,1371127,124366947124,274715200840
17465345,8192,6647132,1139240,124284630535,293660075925
17473537,8192,6655432,1118499,124036532288,268980643029
17481729,8192,6663738,1167236,123974272274,260887301847
17489921,8192,6672036,1269205,123713974467,269660028934
17498113,8192,6680314,1278229,123781928256,265047860868
17506305,8192,6688575,1097821,124418769032,267157803483
17514497,8192,6696852,1200669,124340518916,261561782366
17522689,8192,6705139,1244132,123969649458,242182538786
17530881,8192,6713412,1254698,123801937893,277001585746
17539073,8192,6721698,1202255,123775890332,250294923812
17547265,8192,6729991,1183886,124107681984,261174283815
17555457,8192,6738288,1142197,124416112644,277280738606
17563649,8192,6746591,1094662,124391082754,284726595768
17571841,8192,6754910,1243595,124011718560,275096725240
17580033,8192,6763173,1246138,123656872333,258761070821
17588225,8192,6771437,1220773,123600570876,252358431071
17596417,8192,6779714,1285195,123589648360,240295975604
17604609,8192,6788002,1127444,123962367108,272421107696
17612801,8192,6796294,1108831,124051288689,279226183718
17620993,8192,6804576,1218492,123776521297,281395617864
17629185,8192,6812859,894478,125317003080,200081806180
17637377,8192,6821141,1009584,124520012251,201562461071
17645569,8192,6829423,1188604,123540108721,256623127161
17653761,8192,6837721,1145572,123736105560,266030590239
17661953,8192,6846009,1121758,123823005628,274924764839
17670145,8192,6854313,1256352,123679748158,276154540954
17678337,8192,6862607,1224990,123816739190,285085566186
17686529,8192,6870912,1264714,123654678978,258208543424
17694721,8192,6879202,1287665,123408708438,291484784140
17702913,8192,6887554,1098212,123991774872,286276108656
17711105,8192,6895845,1108258,123788035887,303518661571
17719297,8192,6904113,1232852,123693345817,285499690621
17727489,8192,6912402,1335960,123472687664,247916302120
17735681,8192,6920655,1213157,123578980328,271489224413
17743873,8192,6928910,1277573,123594496185,268419536280
17752065,8192,6937162,1154856,123439317921,266471324408
17760257,8192,6945412,1122970,123725286457,304670226178
17768449,8192,6953662,1166718,123587905718,301334998097
17776641,8192,6961925,1169406,123654616772,326971683682
17784833,8192,6970175,1152283,123604124435,343251018463
17793025,8192,6978424,1170610,123601748165,276902914297
17801217,8192,6986678,1130078,123548526906,324543336767
17809409,8192,6994934,1130415,123727490035,422307830200
17817601,8192,7003174,1191194,123693477330,327786169063
17825793,8192,7011410,1219535,123557826561,311998201378
17833985,8192,7019652,1204918,123575373732,297096461641
17842177,8192,7027902,1236320,123689649053,289980666537
17850369,8192,7036151,1265346,123558675615,290408955399
17858561,8192,7044407,1157496,123929573197,318135992888
17866753,8192,7052664,1183951,123658814084,287203055057
17874945,8192,7060922,1278407,123642908245,283033052512
17883137,8192,7069180,1199199,123569105452,274767595529
17891329,8192,7077424,1204048,123571644886,278656773244
17899521,8192,7085686,1149470,123705192123,278011519125
17907713,8192,7093924,1069430,123938547216,287519030221
17915905,8192,7102175,1145941,123688977805,288261306422
17924097,8192,7110423,1199646,123514505273,250962889912
17932289,8192,7118675,1221132,123514220373,273766331802
17940481,8192,7126933,1231073,123559394968,263982261279
17948673,8192,7135190,1248894,123623668837,288308222052
17956865,8192,7143454,1099647,123889088349,289502713108
17965057,8192,7151711,1157411,123638299505,288845640413
17973249,8192,7159953,1181639,123578092102,279856041140
17981441,8192,7168195,1188780,123426270631,277428403980
17989633,8192,7176448,1200236,123591117988,275086080301
17997825,8192,7184717,1177795,123566501958,280293808855
18006017,8192,7192955,1067515,123979983927,317084254649
18014209,8192,7201216,1110139,123876347374,292573673169
18022401,8192,7209486,1173383,123559378879,271702539998
18030593,8192,7217747,1177056,123507968462,290492584144
18038785,8192,7226002,1151703,123568189717,286342108810
18046977,8192,7234267,1129441,123895897097,301787010794
18055169,8192,7242532,1212054,124049690052,302716087149
18063361,8192,7250786,1140613,123712356534,301946511006
18071553,8192,7259026,1107207,123998293126,296907698026
18079745,8192,7267303,1229221,123576941238,301632339180
18087937,8192,7275548,1158819,123656399105,295162215472
18096129,8192,7283810,1140087,123714074502,296523285271
18104321,8192,7292076,1035592,124064972672,309888444731
18112513,8192,7300337,1068455,124125573099,310587098978
18120705,8192,7308598,1231558,123782706356,323513096541
18128897,8192,7316868,1804705,123807268147,324727346233
18137089,8192,7325152,1220780,123755928993,275028897634
18145281,8192,7333463,1167260,123474759659,297796586516
18153473,8192,7341807,1040843,124077823347,314690157064
18161665,8192,7350157,1045352,124076331700,317370019967
18169857,8192,7358440,1155698,123804646559,314464781884
18178049,8192,7366694,1168029,123738642967,298723043843
18186241,8192,7374947,1287030,123844935174,303619304152
18194433,8192,7383221,1126547,123712845708,310217503945
18202625,8192,7391475,987425,124535109821,319647832277
18210817,8192,7399742,1012301,124231635810,320695472369
18219009,8192,7407987,1160175,123996504845,298834577008
18227201,8192,7416247,1234696,123502477845,303476737994
18235393,8192,7424510,1192308,123850914107,297536965781
18243585,8192,7432769,1181081,123639714052,310575474873
18251777,8192,7441011,1122330,123791286451,319307114869
18259969,8192,7449248,1057141,124005826008,315875090649
18268161,8192,7457480,1149776,123780189861,298531307938
18276353,8192,7465732,1138922,123825049322,310546590106
18284545,8192,7473976,1116748,123912936549,309636448022
18292737,8192,7482227,1127798,124011657362,327842920563
18300929,8192,7490473,1167190,123832281793,344781584708
18309121,8192,7498722,1053420,124124411697,345249731766
18317313,8192,7506978,1133163,123892826376,345075658277
18325505,8192,7515227,1132535,123963669651,378692090231
18333697,8192,7523497,1174914,123807898511,349390661004
18341889,8192,7531758,1150732,124008898402,309544256828
18350081,8192,7540010,1095754,124066570254,326734809675
18358273,8192,7548250,1031926,124293311968,319592509389
18366465,8192,7556485,1169850,123796488548,302216696436
18374657,8192,7564737,1137885,123763453499,309729621813
18382849,8192,7572992,1137153,123739979971,307661500166
18391041,8192,7581241,1196116,123696138160,282356282287
18399233,8192,7589493,1188419,123748760146,316510354738
18407425,8192,7597744,1130750,123806830257,304878771695
18415617,8192,7606005,1203397,123713240856,313356759796
18423809,8192,7614258,1257068,123661939920,280750137677
18432001,8192,7622531,1252621,123647146166,268192819793
18440193,8192,7630780,1205858,123608104486,289666835432
18448385,8192,7639025,1171536,123606480487,291837797545
18456577,8192,7647282,1184335,123687962207,296409288997
18464769,8192,7655550,1227707,123656285174,305168554781
18472961,8192,7663813,1284738,123601764262,289438692228
18481153,8192,7672060,1256303,123642445478,283203259861
18489345,8192,7680331,1195079,123543052072,280377292709
18497537,8192,7688594,1238864,123729824111,295685350155
18505729,8192,7696861,1182352,123593591406,308430618877
18513921,8192,7705129,1233586,123621916055,301236692653
18522113,8192,7713386,1230026,123625792489,288987014835
18530305,8192,7721624,1223627,123553925647,296588282909
18538497,8192,7729874,1290154,123671245630,278729871409
18546689,8192,7738125,1276381,123699036245,307143639251
18554881,8192,7746382,1246012,123733776212,339583016599
18563073,8192,7754631,1246486,123634151269,310726415147
18571265,8192,7762868,1219353,123672327030,290875673021
18579457,8192,7771127,1233808,123544543122,301082716908
18587649,8192,7779363,1254190,123650030852,294952561598
18595841,8192,7787617,1244508,123614833950,292647587055
18604033,8192,7795903,1259904,123713505259,322217952833
18612225,8192,7804160,1216570,123810115467,327283201888
18620417,8192,7812425,1282421,123680636979,287641384694
18628609,8192,7820683,1290295,123762052048,285808257961
18636801,8192,7828925,1329761,123624356896,315752804590
18644993,8192,7837197,1229232,123673332562,338346407765
18653185,8192,7845459,1124831,123722979147,352017347345
18661377,8192,7853721,1141839,123760941969,356001535284
18669569,8192,7861982,1276577,123643292573,303299491054
18677761,8192,7870232,1348989,123665435619,295227911141
18685953,8192,7878487,1292258,123614723053,280293276067
18694145,8192,7886739,1280894,123635445331,261014080662
18702337,8192,7894977,1370284,123674712258,316987170891
18710529,8192,7903249,1196262,123768009361,367500274078
18718721,8192,7911506,1315408,123701070991,293247298092
18726913,8192,7919763,1376836,123723517082,369586565816
18735105,8192,7928038,1294708,123852643029,353986467714
18743297,8192,7936310,1380152,123592761710,326027153218
18751489,8192,7944586,1294239,123792768243,407628462835
18759681,8192,7952835,1286704,123765852488,330583720018
18767873,8192,7961090,1233835,123872769832,385927411579
18776065,8192,7969343,1205041,123986510127,483122111558
18784257,8192,7977613,1310812,123933188174,447034165064
18792449,8192,7985880,1371731,123735994772,319845562656
18800641,8192,7994181,1231492,123976611447,312323001514
18808833,8192,8002461,1239882,123867437997,499416033196
18817025,8192,8010724,1294709,123735714868,353697229143
18825217,8192,8019018,1333260,123846313048,342935395985
18833409,8192,8027303,1475343,123747332848,333139667349
18841601,8192,8035559,1384494,123689349896,294740509789
18849793,8192,8043832,1323590,123619746748,318573424220
18857985,8192,8052126,1314599,123671843490,330397825927
18866177,8192,8060419,1273194,123657643737,319227850808
18874369,8192,8068684,1277332,123711691345,341858025703
18882561,8192,8076974,1321935,123658427466,310763158026
18890753,8192,8085252,1332345,123535674414,295818516908
18898945,8192,8093563,1248370,123739831742,322488225154
18907137,8192,8101832,1253229,123728100060,343191927016
18915329,8192,8110114,1266595,123781071763,352394771941
18923521,8192,8118398,1288376,123635147516,308620005816
18931713,8192,8126667,1252811,123705837334,291278597982
18939905,8192,8134951,1264747,123685039020,324200261799
18948097,8192,8143260,1204967,123815134928,422045617024
18956289,8192,8151644,1161537,124211789248,553012037150
18964481,8192,8159956,1256820,123969766721,448017507528
18972673,8192,8168234,1252926,123728441436,318318985279
18980865,8192,8176488,1415393,123858693129,273781267235
18989057,8192,8184767,1378115,123669387522,316412941111
18997249,8192,8193014,1385398,123764285378,314743092154
19005441,8192,8201259,2044815,123824739294,273766849771
19013633,8192,8209499,1454448,123669961183,301429521431
19021825,8192,8217728,1418905,123653695356,259814868795
19030017,8192,8225983,1368129,123782896509,269025976243
19038209,8192,8234228,1371339,123663808593,279370820024
19046401,8192,8242460,1304989,123701427919,303900869369
19054593,8192,8250694,1231354,123767425903,326962810319
19062785,8192,8259059,1276243,123815788056,349654115616
19070977,8192,8267362,1259116,123826364821,323603176490
19079169,8192,8275635,1244576,123691753909,323666837384
19087361,8192,8283896,1333438,123832840822,295573878222
19095553,8192,8292156,1339566,123691549401,311294358929
19103745,8192,8300438,1321099,123849518114,319408136703
19111937,8192,8308689,1260937,123793147462,340229055834
19120129,8192,8316948,1359851,123815115800,293055331864
19128321,8192,8325217,1314760,123666197796,289468323635
19136513,8192,8333493,1305248,123946920476,274531492010
19144705,8192,8341773,1266103,124104017949,292951224994
19152897,8192,8350064,1198093,124118652749,323918176099
19161089,8192,8358344,1230459,124206694754,318980606727
19169281,8192,8366622,1242437,124122790289,285484157402
19177473,8192,8374907,1340729,123989599941,262272472386
19185665,8192,8383182,1236760,123969611623,235373632436
19193857,8192,8391454,1222610,123806886071,216356546060
19202049,8192,8399735,1165655,124131985407,256358201108
19210241,8192,8408023,1140966,124274057934,289589612492
19218433,8192,8416275,1181096,124295618123,289415062923
19226625,8192,8424566,1297683,124266922414,277065576637
19234817,8192,8432837,1319023,124094997030,280217734082
19243009,8192,8441120,1360327,123910732432,266890749616
19251201,8192,8449406,1252019,124116392865,311192988721
19259393,8192,8457720,1260334,124142787832,297747147922
19267585,8192,8465991,1316043,124053267886,289520095374
19275777,8192,8474282,1309169,124018708984,280032783324
19283969,8192,8482572,1275841,124069272958,272420747172
19292161,8192,8490824,1305573,124069543469,255488060616
19300353,8192,8499067,1256213,124228260168,311143936074
19308545,8192,8507317,1263227,124254644406,320623055196
19316737,8192,8515576,1372672,124139191434,292215168552
19324929,8192,8523827,1383445,124230321106,285514554105
19333121,8192,8532090,1428299,124072932148,283188187997
19341313,8192,8540334,1378236,124230760063,271389974827
19349505,8192,8548571,1403329,124273109664,270946873574
19357697,8192,8556815,1360346,124388928610,289136818576
19365889,8192,8565049,1451538,124212199926,257002619778
19374081,8192,8573279,1456308,124187628104,256462371451
19382273,8192,8581515,1390404,124001805374,252779601356
19390465,8192,8589756,1406332,124183216259,259975475490
19398657,8192,8598061,1376343,124298522851,266902497840
19406849,8192,8606304,1323253,124203729016,273080687074
19415041,8192,8614553,1409825,124184434083,259160764331
19423233,8192,8622797,1407012,124190932397,261853879842
19431425,8192,8631094,1479016,124444652304,275626259730
19439617,8192,8639405,1494194,124598689249,293443142488
19447809,8192,8647696,1525689,124654060201,312155653962
19456001,8192,8655991,1400235,124746985771,329840055440
19464193,8192,8664284,1463073,124708696824,309004517834
19472385,8192,8672573,1567587,124492865502,276214455341
19480577,8192,8680848,1569982,124675941826,282475469354
19488769,8192,8689133,1519310,124642372180,294635563473
19496961,8192,8697400,1532953,124562923150,301196917965
19505153,8192,8705700,1441553,124706105566,325314591485
19513345,8192,8714026,1431476,124579418319,304538823348
19521537,8192,8722316,1534603,124318946052,305096502096
19529729,8192,8730829,1504678,124337950932,295448427243
19537921,8192,8739185,1496091,124380640734,287937133445
19546113,8192,8747474,1471940,124404502871,292984611547
19554305,8192,8755777,1421459,124410898435,307867883567
19562497,8192,8764071,1449555,124385162902,294732761943
19570689,8192,8772348,1436175,124282074762,268845171982
19578881,8192,8780597,1384474,124120403426,268631728269
19587073,8192,8788850,1423744,124233175249,272144936530
19595265,8192,8797112,1411530,124285329601,281492951901
19603457,8192,8805376,1362120,124482829897,306402441056
19611649,8192,8813644,1366587,124396688881,289944951696
19619841,8192,8821912,1431304,124303363675,253954856930
19628033,8192,8830158,1382837,124278179872,280913017449
19636225,8192,8838416,1386317,124267212875,284136104924
19644417,8192,8846685,1477932,124283847315,278871394526
19652609,8192,8854969,1327150,124512018946,285441871964
19660801,8192,8863231,1333121,124620238398,303632530521
19668993,8192,8871496,1361699,124457738133,291829230068
19677185,8192,8879742,1402400,124720060656,266083529528
19685377,8192,8887996,1426421,124385138939,281197152852
19693569,8192,8896260,1349485,124526186496,280286210073
19701761,8192,8904509,1300798,124683267469,310626642865
19709953,8192,8912750,1312484,124522623013,293618704078
19718145,8192,8920990,1367280,124234964352,275529632658
19726337,8192,8929255,1367565,124243473683,261775371895
19734529,8192,8937499,1360530,124198160597,265517227283
19742721,8192,8945763,1355984,124540036759,296087416238
19750913,8192,8954019,1252870,124821955842,299490514092
19759105,8192,8962263,1317146,124580362846,293079912576
19767297,8192,8970503,1425710,124319133475,270775512306
19775489,8192,8978751,1426943,124406846992,270937704661
19783681,8192,8986991,1408096,124487406122,277815611497
19791873,8192,8995239,1375954,124221565854,293906227497
19800065,8192,9003484,1328449,124456618248,305966266673
19808257,8192,9011734,1308968,124536261314,282172169007
19816449,8192,9019990,1361273,124451868445,288261652216
19824641,8192,9028233,1386800,124442024416,292113737697
19832833,8192,9036486,1311633,124472221441,292993665481
19841025,8192,9044737,1321663,124723548990,313204508504
19849217,8192,9052980,1296587,124201124261,269391379902
19857409,8192,9061230,1211690,124816889058,286883784004
19865601,8192,9069473,1341044,124415440188,276942066910
19873793,8192,9077747,1364059,124478097811,289987711901
19881985,8192,9085984,1370389,124290076590,278487290795
19890177,8192,9094228,1315726,124427228697,284477512080
19898369,8192,9102490,1250201,124502760559,300275719385
19906561,8192,9110734,1226278,124794745557,287191378773
19914753,8192,9118990,1262021,124642676514,280657977379
19922945,8192,9127236,1373100,124069895033,276065802778
19931137,8192,9135486,1343031,124229005523,283281411471
19939329,8192,9143725,1329349,124204790713,276518971029
19947521,8192,9151974,1333083,124392561546,300116463834
19955713,8192,9160210,1314942,124423623184,295491313111
19963905,8192,9168454,1333019,124345711165,266802464887
19972097,8192,9176695,1257352,124232825992,275050860069
19980289,8192,9184953,1323568,124094474908,268828004629
19988481,8192,9193196,1326751,124163998517,264332741275
19996673,8192,9201443,1336252,123996321353,278807098277
20004865,8192,9209675,1240854,124226710247,269883319135
20013057,8192,9217912,1304799,123931172877,260258035149
20021249,8192,9226144,1330787,123950597201,272467426047
20029441,8192,9234372,1338896,123821130868,256059566837
20037633,8192,9242611,1317090,123654099640,255912240097
20045825,8192,9250848,1347082,123953641816,268010681262
20054017,8192,9259089,1325267,123876567291,284242175630
20062209,8192,9267322,1318717,124055393101,268660578484
20070401,8192,9275563,1366227,123762444016,257652944748
20078593,8192,9283801,1384871,123911184108,259478087059
20086785,8192,9292062,1406126,123940016782,255657759107
20094977,8192,9300302,1339685,124015415943,270129328711
20103169,8192,9308551,1301714,124029391097,286123391274
20111361,8192,9316795,1273066,124087816974,289707115446
20119553,8192,9325059,1341785,124092854149,277916722014
20127745,8192,9333311,1300304,124171257384,271005208182
20135937,8192,9341560,1312828,123895576655,257811898306
20144129,8192,9349801,1478597,124131653209,294376738422
20152321,8192,9358049,1401974,124342040084,320389603570
20160513,8192,9366304,1278720,124374744387,302499720689
20168705,8192,9374550,1346678,123936121923,284417679879
20176897,8192,9382778,1424523,124108232349,291274664722
20185089,8192,9391015,1377219,123885049400,278313122329
20193281,8192,9399251,1336187,123788574103,284893919421
20201473,8192,9407494,1298463,124269759102,315696471656
20209665,8192,9415724,1286626,124087576326,305284922551
20217857,8192,9423960,1317852,123942254668,286537594526
20226049,8192,9432209,1299917,124147683853,275328226630
20234241,8192,9440439,1360846,123774875427,254575011286
20242433,8192,9448678,1459730,123854928977,260849163952
20250625,8192,9456910,1312416,124076624635,306120114972
20258817,8192,9465146,1171595,124427662111,307277846081
20267009,8192,9473399,1317129,124097688366,299670090444
20275201,8192,9481639,1334263,123937658483,279246776821
20283393,8192,9489868,1363375,124067024594,268230220897
20291585,8192,9498106,1363384,123869625532,291625674339
20299777,8192,9506347,1316781,124039812722,305632061022
20307969,8192,9514581,1244265,123989778309,287265540073
20316161,8192,9522818,1314009,123995263661,289280572939
20324353,8192,9531037,1360451,123857218332,254745160117
20332545,8192,9539273,1365918,123758625145,242044210861
20340737,8192,9547499,1315447,123780556120,245165657713
20348929,8192,9555732,1291597,124045417961,282539594154
20357121,8192,9563959,1279773,124504091119,283472820605
20365313,8192,9572201,1312646,123669140229,247067227493
20373505,8192,9580431,1311170,124039182811,265803470392
20381697,8192,9588664,1276710,124097202607,269825802562
20389889,8192,9596900,1309255,123990059477,263829420063
20398081,8192,9605136,1256225,124206051024,270558476856
20406273,8192,9613370,1215683,124065312931,253243625354
20414465,8192,9621591,1244275,124192634311,264549051650
20422657,8192,9629846,1320255,123998089347,244614629334
20430849,8192,9638079,1321247,123888932332,236104507261
20439041,8192,9646308,1265381,123823513533,238568301648
20447233,8192,9654555,1276821,123996852027,253276848751
20455425,8192,9662773,1197252,124532117855,281171713339
20463617,8192,9670997,1257479,124388614409,261678700039
20471809,8192,9679232,1285411,123650110177,266511711208
20480001,8192,9687458,1297199,123749972625,254522995567
20488193,8192,9695679,1243615,123883712183,249023573407
20496385,8192,9703905,1269253,124047419113,258543270320
20504577,8192,9712142,1135247,124465862938,270719465080
20512769,8192,9720378,1161611,124184136025,250475838231
20520961,8192,9728604,1245300,124007077488,249354921717
20529153,8192,9736836,1421269,123962849137,259445680393
20537345,8192,9745081,1439333,123669332793,256675012243
20545537,8192,9753315,1253608,124231633533,275275071511
20553729,8192,9761549,1145025,124604070901,277503566699
20561921,8192,9769782,1166959,124453507182,267829262412
20570113,8192,9778022,1229301,123923336719,256764203090
20578305,8192,9786257,1215782,124508837186,263210279688
20586497,8192,9794502,1269527,124050642770,252714895894
20594689,8192,9802745,1292003,124332499053,258713603592
20602881,8192,9810996,1228322,124543532771,269122912646
20611073,8192,9819237,1097645,124814044268,256859749477
20619265,8192,9827482,1324919,124291925023,249820805843
20627457,8192,9835711,1316468,124306662368,249352892065
20635649,8192,9843959,1323405,124238897976,255280566929
20643841,8192,9852200,1312577,124110240029,255224097087
20652033,8192,9860438,1167898,124654545575,263806771565
20660225,8192,9868668,1172966,124818915829,265181330286
20668417,8192,9876900,1236978,124229513827,241174939561
20676609,8192,9885128,1278425,124191509641,250786435195
20684801,8192,9893357,1277423,124164220953,236633256928
20692993,8192,9901590,1299309,124222150078,242003534524
20701185,8192,9909808,1280639,124039124147,258292753949
20709377,8192,9918046,1237605,124150614349,266507031769
20717569,8192,9926276,1319388,123967676483,242863262512
20725761,8192,9934518,1333524,123906422105,247705456193
20733953,8192,9942757,1342890,124072186073,248422441866
20742145,8192,9950994,1335924,123999386424,245366442135
20750337,8192,9959240,1282264,124044134635,249900558531
20758529,8192,9967460,1252221,124075251218,257965765373
20766721,8192,9975702,1248961,124010223875,238061082556
20774913,8192,9983955,1296280,123959551616,236811312250
20783105,8192,9992198,1295855,123861766459,225303240944
20791297,8192,10000436,1357061,123655847951,232204588799
20799489,8192,10008679,1286683,123903565050,222589048771
20807681,8192,10016909,1225709,123683481511,241526243052
20815873,8192,10025141,1281184,123701645397,229682409278
20824065,8192,10033363,1306171,123674520523,225159763418
20832257,8192,10041601,1300593,123697978959,228747310146
20840449,8192,10049823,1322193,123742084041,234631071527
20848641,8192,10058046,1339278,123881511204,262820734402
20856833,8192,10066279,1280156,124044652168,262788113216
20865025,8192,10074499,1341045,123939717225,263713731162
20873217,8192,10082726,1449149,123875874183,239286677126
20881409,8192,10090947,1318637,123828156277,246236704071
20889601,8192,10099176,1310004,124079212741,244596070189
20897793,8192,10107391,1287441,124064006649,236921849260
20905985,8192,10115611,1238107,123942336536,239172942290
20914177,8192,10123834,1270972,123967807271,234359346800
20922369,8192,10132052,1338406,123619826798,228726606361
20930561,8192,10140274,1350373,123791381394,228796557340
20938753,8192,10148494,1314243,123637017493,241191624925
20946945,8192,10156745,1392627,123714739565,229328294174
20955137,8192,10165009,1283356,123904730600,255389099548
20963329,8192,10173259,1250992,123804630771,244172252498
20971521,8192,10181499,1396954,123899780038,235035793941
20979713,8192,10189737,1351704,123744674033,245296464465
20987905,8192,10197972,1408688,123937607291,237087188824
20996097,8192,10206206,1502921,123906819311,227679295945
21004289,8192,10214429,1419302,123927641555,253655343719
21005282,993,10223616,159274,15045217504,33712933317
