block_number,blocks,slot,txs,gas,time
8193,8192,1,0,0,236796393
16385,8192,1,0,0,229203928
24577,8192,1,0,0,226354418
32769,8192,1,0,0,229759334
40961,8192,1,0,0,226672685
49153,8192,1,1514,33070964,295407276
57345,8192,1,3916,407821091,422077735
65537,8192,1,2676,90041948,350768472
73729,8192,1,5821,197747509,419413223
81921,8192,1,4204,131282630,385709912
90113,8192,1,4589,112269814,384303543
98305,8192,1,3327,84662425,351861685
106497,8192,1,4168,105498119,371111587
114689,8192,1,4247,119199457,365374728
122881,8192,1,6054,163953975,417751005
131073,8192,1,5852,147449076,373159682
139265,8192,1,6678,168428364,388818961
147457,8192,1,7805,190561977,428110511
155649,8192,1,8675,220080834,450648751
163841,8192,1,7255,175016877,420989541
172033,8192,1,10115,242307512,481235933
180225,8192,1,12029,319429322,534888091
188417,8192,1,10493,307941046,499707122
196609,8192,1,8488,226000959,471613391
204801,8192,1,9431,284499928,484074483
212993,8192,1,9432,269025812,484742217
221185,8192,1,9745,253020191,484091292
229377,8192,1,9473,303239797,486867833
237569,8192,1,9752,287334366,490926844
245761,8192,1,9175,237099979,482017467
253953,8192,1,9225,299876210,509747850
262145,8192,1,8500,237942979,484268501
270337,8192,1,11073,360421503,543838107
278529,8192,1,11244,333906121,553089621
286721,8192,1,9944,288230259,519016794
294913,8192,1,9552,272964709,506807100
303105,8192,1,10564,278617464,511134340
311297,8192,1,9852,289668902,516261964
319489,8192,1,10772,285019105,528899353
327681,8192,1,9264,263512681,520267655
335873,8192,1,10710,300329465,552852913
344065,8192,1,10447,340557247,543530539
352257,8192,1,11871,367785281,596560871
360449,8192,1,11031,301110840,565816351
368641,8192,1,10176,272300629,544293954
376833,8192,1,10299,327273585,578352111
385025,8192,1,11650,328391280,578747248
393217,8192,1,10917,668394420,601643076
401409,8192,1,10512,371168499,564503929
409601,8192,1,11329,399996130,583641333
417793,8192,1,9682,299513459,533159054
425985,8192,1,10211,378463309,586707571
434177,8192,1,10123,371765259,596919379
442369,8192,1,10202,298321714,543375461
450561,8192,1,10252,488330843,834158319
458753,8192,1,11670,315763779,598561117
466945,8192,1,12392,405644045,618227147
475137,8192,1,11262,434129872,712807264
483329,8192,1,11885,436485530,822191765
491521,8192,1,11396,324292141,674103909
499713,8192,1,11390,316107054,567784936
507905,8192,1,19834,986537643,926780800
516097,8192,1,14518,537099270,677414686
524289,8192,1,14364,563247320,779461349
532481,8192,1,15028,641704064,832615700
540673,8192,1,11625,533545978,761849614
548865,8192,1,12334,352563908,596672251
557057,8192,1,11579,286224762,560187641
565249,8192,1,12543,387072166,627529861
573441,8192,1,11762,377902837,646142998
581633,8192,1,11889,329240266,594814365
589825,8192,1,12402,356748509,625572414
598017,8192,1,11554,361660592,603323044
606209,8192,1,11466,286807225,571183212
614401,8192,1,11355,383668685,805213275
622593,8192,1,12943,487254257,623610769
630785,8192,1,10960,369935232,561193223
638977,8192,1,10609,304527314,546834056
647169,8192,1,11891,400916707,592887417
655361,8192,1,13364,422684376,599300693
663553,8192,1,11233,291970815,567321710
671745,8192,1,11307,306322589,580134908
679937,8192,1,13718,480255087,730222450
688129,8192,1,12101,533373764,708885281
696321,8192,1,24697,2437912230,2364128464
704513,8192,1,24278,1882935448,1674817822
712705,8192,1,15914,1053536841,1246041417
720897,8192,1,14854,884970772,1118764112
729089,8192,1,18033,1103406409,1205101998
737281,8192,1,39634,2413080461,2375240824
745473,8192,1,20252,1205744179,1448775712
753665,8192,1,16649,914386676,1285287297
761857,8192,1,29450,1702093462,1884069102
770049,8192,1,19926,1149090055,1557118700
778241,8192,1,27585,1546147829,1820334246
786433,8192,1,13804,512905120,930462244
794625,8192,1,14238,555275432,1003828491
802817,8192,1,20936,1074374824,1457891477
811009,8192,1,33100,2274628469,2299135987
819201,8192,1,21058,1074857191,1417937502
827393,8192,1,17945,1068696871,1312248045
835585,8192,1,16965,691346951,1100220494
843777,8192,1,24779,1318609001,1566123697
851969,8192,1,17337,797507253,1178095310
860161,8192,1,16221,653054698,866210752
868353,8192,1,17414,667767224,839559510
876545,8192,1,20874,997212648,998234621
884737,8192,1,18556,602924448,845814956
892929,8192,1,20188,746509191,925654338
901121,8192,1,20728,705763650,909121576
909313,8192,1,28858,1212230895,1213183540
917505,8192,1,29450,1450050635,1425542197
925697,8192,1,25856,1070129090,1238751958
933889,8192,1,23756,919949479,1089523401
942081,8192,1,24390,780757258,967463760
950273,8192,1,22318,724737535,948783613
958465,8192,1,23856,823943680,1005851157
966657,8192,1,39968,1787855655,1599718487
974849,8192,1,24875,783309904,1009458112
983041,8192,1,25559,758151178,1002954307
991233,8192,1,32769,996332438,1120517630
999425,8192,1,29253,955506690,1133240420
1007617,8192,1,28779,874607232,1052270955
1015809,8192,1,28640,944195150,1090056538
1024001,8192,1,30592,1077029621,1178275628
1032193,8192,1,30567,1025667741,1096673100
1040385,8192,1,26761,784549571,1010092176
1048577,8192,1,28815,1876343804,1167104179
1056769,8192,1,31628,1248873846,1107698391
1064961,8192,1,32758,1302389229,1226027179
1073153,8192,1,30961,857488355,1043882765
1081345,8192,1,33502,949562723,1100290984
1089537,8192,1,37121,995463452,1190217664
1097729,8192,1,40115,1081576458,1199109831
1105921,8192,1,42800,1253697553,1303707124
1114113,8192,1,41667,1235498720,1264680644
1122305,8192,1,38878,1141426898,1203776387
1130497,8192,1,41538,1202802604,1187476763
1138689,8192,1,39904,1101644111,1155560351
1146881,8192,1,44221,1340457745,1242368481
1155073,8192,1,43528,1383496645,1238479510
1163265,8192,1,38152,1246718060,1155497732
1171457,8192,1,44944,1374923499,1304624937
1179649,8192,1,46242,1574630437,1344241538
1187841,8192,1,44523,1522997076,1287573271
1196033,8192,1,43594,1529570548,1456621337
1204225,8192,1,41259,1452683779,1317952663
1212417,8192,1,52923,2302777232,1887131681
1220609,8192,1,46705,1563686082,1420133366
1228801,8192,1,46123,1514235577,1516821828
1236993,8192,1,43046,1458453689,1460098162
1245185,8192,1,49499,1658881432,1502171522
1253377,8192,1,46254,1516126264,1272664656
1261569,8192,1,42318,1328121509,1442170320
1269761,8192,1,40021,1078268036,1167469595
1277953,8192,1,46365,1435004546,1453754638
1286145,8192,1,50841,1591258579,1553818265
1294337,8192,1,41499,1271776158,1312637341
1302529,8192,1,47633,1512367159,1563834650
1310721,8192,1,42641,1164414830,1287469251
1318913,8192,1,42610,1137106273,1233774033
1327105,8192,1,45560,1357858661,1394063090
1335297,8192,1,50369,1781939706,1403422474
1343489,8192,1,45221,1209479371,1272704166
1351681,8192,1,44015,1206824098,1269126361
1359873,8192,1,54888,1591716049,1284484381
1368065,8192,1,43396,1184809863,1317583186
1376257,8192,1,48876,1593180641,1496884377
1384449,8192,1,45143,1439543743,1245193822
1392641,8192,1,41341,1118372583,1334082029
1400833,8192,1,45540,1329131424,1364499862
1409025,8192,1,49104,1485363761,1439486147
1417217,8192,1,44023,1225869865,1240028489
1425409,8192,1,49886,1450651632,1466835041
1433601,8192,1,56669,1681771886,1549753600
1441793,8192,1,54635,1947185643,1521418892
1449985,8192,1,56685,1624594158,1440987675
1458177,8192,1,50196,1613347851,1473511574
1466369,8192,1,54893,2240127730,2093178325
1474561,8192,1,52100,1483885342,1472212645
1482753,8192,1,51280,1586965488,1565238591
1490945,8192,1,56855,1674576856,1477483146
1499137,8192,1,52382,1728224502,1483526102
1507329,8192,1,60036,2138598848,1848858950
1515521,8192,1,69268,2441975068,1918034995
1523713,8192,1,56514,1832134302,1753638289
1531905,8192,1,51124,1731842384,1627553347
1540097,8192,1,58754,1911501394,1724986910
1548289,8192,1,61429,1987968261,1645172150
1556481,8192,1,60630,2360467143,1760228551
1564673,8192,1,56981,1819841802,1559847298
1572865,8192,1,56494,1777140576,1493930179
1581057,8192,1,59042,1735378915,1479735430
1589249,8192,1,68973,2172337508,1873161105
1597441,8192,1,64306,2192773982,1780987212
1605633,8192,1,86669,3493104245,2388754759
1613825,8192,1,62112,2154462632,1739849205
1622017,8192,1,60118,1914186297,1590204702
1630209,8192,1,53413,1741132990,1441609732
1638401,8192,1,56756,1633896769,1429492898
1646593,8192,1,50346,1452533160,1427952469
1654785,8192,1,50828,1521883376,1392327004
1662977,8192,1,60376,3061122313,2250656123
1671169,8192,1,55258,1843787387,1601326012
1679361,8192,1,55775,1793288354,1538114234
1687553,8192,1,52281,1793521528,1541137773
1695745,8192,1,55227,1857680146,1551530448
1703937,8192,1,64652,2265573762,1826803045
1712129,8192,1,63355,2060421766,1728479517
1720321,8192,1,65682,5800241515,7688146565
1728513,8192,1,95610,16739007815,41035901587
1736705,8192,1,67917,4743426756,8292070539
1744897,8192,1,62602,3296268924,3854400060
1753089,8192,1,68336,3841591968,2999101637
1761281,8192,1,58130,2076897006,1928487131
1769473,8192,1,57022,2221809906,1615289593
1777665,8192,1,52898,1689289635,1626517564
1785857,8192,1,53856,1708894430,1775359482
1794049,8192,1,56044,1992483551,2143940664
1802241,8192,1,90325,5767597538,2794286318
1810433,8192,1,52758,2499380206,4433348322
1818625,8192,1,55194,1772826158,1874367296
1826817,8192,1,53703,1704827192,1554986523
1835009,8192,1,49822,1916513753,2044258265
1843201,8192,1,53374,1676538934,1575149760
1851393,8192,1,60123,2381439875,3106104344
1859585,8192,1,56426,2865260110,4580037036
1867777,8192,1,50632,1670163364,1818293556
1875969,8192,1,53453,1904646721,1970198413
1884161,8192,1,54655,1840362954,1656593499
1892353,8192,1,54265,1824465369,1536949472
1900545,8192,1,51280,1414646366,1406384953
1908737,8192,1,47043,1388770142,1390658385
1916929,8192,1,63160,1874850406,1568356088
1925121,8192,1,62773,4171399935,7634027382
1933313,8192,1,65738,2266620454,2075981619
1941505,8192,1,62037,2034143904,1708593688
1949697,8192,1,79321,2248553641,1795995775
1957889,8192,1,74738,2527380908,2143867875
1966081,8192,1,75137,2369261794,1866518062
1974273,8192,1,66582,2970283633,2175842187
1982465,8192,1,60335,2173102476,2225861310
1990657,8192,1,63657,1764764048,1564543745
1998849,8192,1,66671,2054100679,1711841575
2007041,8192,1,68240,2035711402,1724837232
2015233,8192,1,60275,1885646786,1582160400
2023425,8192,1,59731,1718762000,1537705006
2031617,8192,1,56298,1666187619,1442493776
2039809,8192,1,56416,2985329528,2157919445
2048001,8192,1,67806,2074138922,1615760870
2056193,8192,1,63577,1903780373,1565152240
2064385,8192,1,55865,1657169845,1486610841
2072577,8192,1,58480,1557471379,1407835443
2080769,8192,1,55331,1599645346,1421324287
2088961,8192,1,64228,1850037001,1632172493
2097153,8192,1,66060,2188998555,1785310701
2105345,8192,1,54235,1660505770,1482244632
2113537,8192,1,56694,1742357705,1449082228
2121729,8192,1,61614,1816239031,1543276717
2129921,8192,1,63451,3861822325,2425164270
2138113,8192,1,69603,2043909844,1625934777
2146305,8192,1,61611,1914481982,1564842343
2154497,8192,1,62524,1658273809,1416745689
2162689,8192,1,61974,1798911967,1546005278
2170881,8192,1,62834,1920681017,1655280919
2179073,8192,1,61629,1818058493,1566949168
2187265,8192,1,76278,2727312503,2002283534
2195457,8192,1,59767,1675377812,1471526259
2203649,8192,1,65371,2614658821,1776599633
2211841,8192,1,62364,2039781213,1563626682
2220033,8192,1,60969,1981999587,1612090866
2228225,8192,1,85854,2814470323,1916998872
2236417,8192,1,55933,1813330669,1470248948
2244609,8192,1,57588,1730634676,1427702451
2252801,8192,1,63320,2021513820,1589702115
2260993,8192,1,65183,2112882377,1750310629
2269185,8192,1,74523,2354744595,1741541345
2277377,8192,1,72172,2714744039,1813244141
2285569,8192,1,50199,1706002470,2674645850
2293761,8192,1,61842,1801256949,6062334168
2301953,8192,1,68639,2034760072,1805787896
2310145,8192,1,66952,2916329686,15709730183
2318337,8192,1,48275,1914011719,11679898037
2326529,8192,1,56968,3010508461,23400796538
2334721,8192,1,60252,3532946594,43773633098
2342913,8192,1,59242,2893073539,20990411984
2351105,8192,1,56520,2437337126,4197719532
2359297,8192,1,53930,2539978338,8788237082
2367489,8192,1,72486,5437092390,36400179369
2375681,8192,1,64351,3955814780,34537635297
2383873,8192,1,72150,4175006287,26050390580
2392065,8192,1,52311,3587030185,49447491006
2400257,8192,1,60755,3380343872,107329226744
2408449,8192,1,54394,3489623288,87977123927
2416641,8192,1,59749,3571481590,52993437132
2424833,8192,1,52901,2140315677,71208343785
2433025,8192,1,41983,2064705182,91028449940
2441217,8192,1,52489,1940457621,35847670909
2449409,8192,1,47032,1416811786,16066182118
2457601,8192,1,50121,1416935937,21462930136
2465793,8192,1,63997,2059194432,18219182017
2473985,8192,1,52613,5415624522,49567706366
2482177,8192,1,77644,2200694454,3301910580
2490369,8192,1,47944,1381582456,1514470709
2498561,8192,1,58110,1704965277,1651192639
2506753,8192,1,68097,2292291281,1915861838
2514945,8192,1,59292,1798672209,1762735028
2523137,8192,1,59793,1784849739,1729578945
2531329,8192,1,57693,1656383700,1679195827
2539521,8192,1,55694,1627913854,1548905003
2547713,8192,1,63237,1907051300,1741796447
2555905,8192,1,61395,1723186230,1743994542
2564097,8192,1,57303,1576168754,1806034727
2572289,8192,1,44899,1243188531,1316839108
2580481,8192,1,50737,1381762673,1450400890
2588673,8192,1,53997,1523970827,1607810049
2596865,8192,1,56755,1868225974,1866018586
2605057,8192,1,54579,1853422028,1633252617
2613249,8192,1,57937,1749156374,1660254083
2621441,8192,1,54830,1654717503,1653830219
2629633,8192,1,59687,1932781220,1713872719
2637825,8192,1,58098,1831832946,1694027890
2646017,8192,1,57577,1732304988,1618328684
2654209,8192,1,56517,1691425491,1488916223
2662401,8192,1,54908,1580644481,1691982416
2670593,8192,1,56589,1781259427,1503122091
2678785,8192,1,85495,2598196853,13653595758
2686977,8192,1,59696,3974729576,68272274478
2695169,8192,1,72462,4113740875,42091607836
2703361,8192,1,55726,4743499117,65869837582
2711553,8192,1,65254,6348291025,86951862672
2719745,8192,1,64427,5199613546,50120873234
2727937,8192,1,50844,1684630038,2145407711
2736129,8192,1,54697,1652133461,1519083066
2744321,8192,1,53051,1748152517,1476916609
2752513,8192,1,55339,1979520745,1654428865
2760705,8192,1,64847,2063457441,1646823720
2768897,8192,1,55277,1804237075,1599777637
2777089,8192,1,56023,1776551857,1602234290
2785281,8192,1,52991,1726269370,1544342735
2793473,8192,1,52624,2213276915,1510800516
2801665,8192,1,55238,1810591298,1623071550
2809857,8192,1,63980,2356415998,1924027459
2818049,8192,1,65743,2448549979,1935267880
2826241,8192,1,54971,1881197690,1554777880
2834433,8192,1,49662,1953789890,1685379273
2842625,8192,1,58392,2038106026,1645413859
2850817,8192,1,64185,2225753659,1759230123
2859009,8192,1,76490,2486660557,2020412118
2867201,8192,1,55683,1760491642,1569112617
2875393,8192,1,50675,1452936266,1372381700
2883585,8192,1,50157,1522394202,1430743401
2891777,8192,1,58225,1860099069,1555482655
2899969,8192,1,60144,2083730262,1648556157
2908161,8192,1,60988,2086757942,1617966348
2916353,8192,1,54302,1714680114,1479195461
2924545,8192,1,50695,1584719153,1492960792
2932737,8192,1,63026,2305221488,1929502589
2940929,8192,1,67480,2204851332,1833940286
2949121,8192,1,61833,1971573134,1721748492
2957313,8192,1,58505,1930260127,1635799670
2965505,8192,1,59699,1937673518,1682133196
2973697,8192,1,63091,2244391292,1779081911
2981889,8192,1,64874,2137001608,1654340127
2990081,8192,1,70738,2397486878,1775121279
2998273,8192,1,58903,1853897373,1542479338
3006465,8192,1,54373,1766782589,1521053982
3014657,8192,1,65027,2294148724,1742663622
3022849,8192,1,60922,2027141448,1739299465
3031041,8192,1,58548,1960456703,1718396947
3039233,8192,1,61315,2005539036,1735998609
3047425,8192,1,62091,2149768492,1759825588
3055617,8192,1,67927,2452616440,1884496294
3063809,8192,1,62018,2292070946,1953745286
3072001,8192,1,63286,2183742248,1868130798
3080193,8192,1,65669,2218082794,1791253157
3088385,8192,1,54874,1846213528,1672528697
3096577,8192,1,63311,2098245747,1777910764
3104769,8192,1,59762,2124435421,1704624754
3112961,8192,1,58897,2178531771,1823535742
3121153,8192,1,58468,1974991763,1666017905
3129345,8192,1,63556,2065813146,1762725393
3137537,8192,1,64128,2220717880,1798271806
3145729,8192,1,70462,2665896127,2003050301
3153921,8192,1,64806,2336669302,1908162550
3162113,8192,1,70074,2730719806,2197119835
3170305,8192,1,60420,2178878613,1820686612
3178497,8192,1,73252,3110141726,2173229999
3186689,8192,1,79081,2976280771,2091808288
3194881,8192,1,71074,2804402262,2068927434
3203073,8192,1,64978,2351345544,1893079559
3211265,8192,1,68556,2464803794,1927206561
3219457,8192,1,66845,2286314550,1855938997
3227649,8192,1,75763,3113040792,2040958437
3235841,8192,1,69688,2984250772,2062307072
3244033,8192,1,68668,2289170959,1871404205
3252225,8192,1,71170,2634879929,2096732343
3260417,8192,1,70604,2482121481,1979960789
3268609,8192,1,79874,2821352557,2190194574
3276801,8192,1,82615,2938903296,2212084637
3284993,8192,1,93464,3013882836,2410462348
3293185,8192,1,81232,2628326517,2121255585
3301377,8192,1,77780,2508423110,1945714647
3309569,8192,1,85412,2762075045,2116872587
3317761,8192,1,74949,2364616867,1909409749
3325953,8192,1,89542,3008034239,2346010096
3334145,8192,1,89382,3038054714,2231178778
3342337,8192,1,91012,2910544703,2279205310
3350529,8192,1,112957,4683356145,3010457379
3358721,8192,1,108487,3824938321,2655614202
3366913,8192,1,150248,4856683444,3270389265
3375105,8192,1,129410,4029391606,2993137885
3383297,8192,1,118959,3597176359,2668198800
3391489,8192,1,113031,3618928236,2755708497
3399681,8192,1,109702,3595863612,2530550227
3407873,8192,1,112341,3708098910,2589362772
3416065,8192,1,121089,3775021048,2650601458
3424257,8192,1,111288,3513747685,2670006677
3432449,8192,1,126552,4519125602,3068327470
3440641,8192,1,116739,3847970531,2957184825
3448833,8192,1,137505,4650151490,3136452367
3457025,8192,1,132372,4354448594,3337636398
3465217,8192,1,116438,3872751305,2880039544
3473409,8192,1,138958,4605215288,3555748038
3481601,8192,1,115237,3904507999,2926014891
3489793,8192,1,129313,4405146988,3152416890
3497985,8192,1,121326,4141663795,2940442037
3506177,8192,1,101941,3457895017,2669621750
3514369,8192,1,104473,3801545119,2821185281
3522561,8192,1,110663,3893580475,2886549638
3530753,8192,1,118136,4358681727,3038092969
3538945,8192,1,116538,3957151738,3100733655
3547137,8192,1,97599,3525061715,2802397798
3555329,8192,1,105494,3951999139,3520121765
3563521,8192,1,113777,4538716060,3334396822
3571713,8192,1,122232,4932027111,3748596689
3579905,8192,1,113517,5371454955,3194248867
3588097,8192,1,103751,3918968307,3307887293
3596289,8192,1,112257,4332652445,3249608596
3604481,8192,1,136619,5289710359,3671795697
3612673,8192,1,143158,5255428268,3648188966
3620865,8192,1,145745,4868936849,3662014567
3629057,8192,1,136562,4879877560,3623977093
3637249,8192,1,160424,6406024036,4236611572
3645441,8192,1,150436,5782052966,3881650955
3653633,8192,1,167559,5819732935,4135100577
3661825,8192,1,142125,5329409688,3664326681
3670017,8192,1,152266,6300591479,3952915058
3678209,8192,1,169497,6571385749,4204072977
3686401,8192,1,156250,7347905323,4401183231
3694593,8192,1,167344,7335647042,4391178602
3702785,8192,1,147702,7536226635,4411382147
3710977,8192,1,168287,8194709920,4797849284
3719169,8192,1,176741,9883600890,5611925513
3727361,8192,1,214081,11450730102,6149720117
3735553,8192,1,229327,12196031413,6818264559
3743745,8192,1,201943,10613685663,5826433809
3751937,8192,1,260406,12599459208,6880153611
3760129,8192,1,278528,15779303797,7768918149
3768321,8192,1,279013,16350363987,8231252338
3776513,8192,1,244538,13523383202,6871193356
3784705,8192,1,224822,12717337930,6814489687
3792897,8192,1,248995,13592095818,7393094353
3801089,8192,1,314302,19832169118,8332194256
3809281,8192,1,313676,17980594470,12253198477
3817473,8192,1,280618,16692684984,9361702994
3825665,8192,1,296114,15953100496,8858750770
3833857,8192,1,317754,17492872153,9490699439
3842049,8192,1,305857,17151665586,9595913316
3850241,8192,1,325308,16138916714,9824452060
3858433,8192,1,365858,18515263356,10454431774
3866625,8192,1,450999,21732698279,12573416115
3874817,8192,1,403872,18428150155,11415427429
3883009,8192,1,399350,18507971011,11783537590
3891201,8192,1,366142,17616667683,10962973198
3899393,8192,1,401398,20055154217,12355341405
3907585,8192,1,467519,26635229072,12851112842
3915777,8192,1,448080,27509986564,12764902298
3923969,8192,1,445137,22206823281,12547370934
3932161,8192,1,393944,20192356202,12262914164
3940353,8192,1,474437,21147977183,13717542471
3948545,8192,1,452736,24838577163,15688513386
3956737,8192,1,409197,21844246829,13796890587
3964929,8192,1,391200,20881198158,13780278399
3973121,8192,1,480657,24984090402,16200305272
3981313,8192,1,439836,24432971850,16065371672
3989505,8192,1,456105,22202913020,15276138873
3997697,8192,1,401541,19785653790,13391859497
4005889,8192,1,468451,21489133966,14854002439
4014081,8192,1,521089,25614275148,17574215254
4022273,8192,1,465732,25576854950,15888067799
4030465,8192,1,422645,19071909199,14534326871
4038657,8192,1,452765,21588202182,15186265935
4046849,8192,1,494336,24205815057,16026798712
4055041,8192,1,427170,19727949695,13768299703
4063233,8192,1,409232,17944225576,13240201418
4071425,8192,1,455169,22752023483,15498107221
4079617,8192,1,411552,20393151746,13383947124
4087809,8192,1,402826,19516574262,13663261996
4096001,8192,1,350511,18308327314,11976274716
4104193,8192,1,441704,23280158452,15024822209
4112385,8192,1,474401,24577424757,16915872183
4120577,8192,1,512389,25868228053,17653463623
4128769,8192,1,539622,25478534061,18175053649
4136961,8192,1,612130,30525492507,20306200492
4145153,8192,1,669828,31316179679,21656396368
4153345,8192,1,667176,32781900955,21695454603
4161537,8192,1,802050,39631270870,25844035672
4169729,8192,1,832182,45690595844,29765700662
4177921,8192,1,822935,40787417397,26124432822
4186113,8192,1,677937,33931766754,23223671756
4194305,8192,1,736129,33608364656,23319170117
4202497,8192,1,733583,31613370181,22666661147
4210689,8192,1,736596,33326421250,23558666385
4218881,8192,1,885279,42684031553,27886892464
4227073,8192,1,909505,44089434039,28996278309
4235265,8192,1,772574,36378544905,25690292265
4243457,8192,1,1021928,44970958961,31383515664
4251649,8192,1,1081239,50184234692,34131421308
4259841,8192,1,880278,41550585016,29714189626
4268033,8192,1,864414,41053728142,29964886615
4276225,8192,1,867715,42375737918,31847418360
4284417,8192,1,857098,44405284841,30219418574
4292609,8192,1,764839,40439697663,30460922247
4300801,8192,1,736339,41523378146,30022252758
4308993,8192,1,739102,40787147868,29673259955
4317185,8192,1,882460,46629010975,32877128499
4325377,8192,1,928715,45913689045,34407235605
4333569,8192,1,855500,44372358254,32925124922
4341761,8192,1,890587,45969894286,33696844179
4349953,8192,1,861954,44868560756,34118952309
4358145,8192,1,961145,45839288391,34419982388
4366337,8192,1,1022776,47707018313,36895589263
4374529,8192,1,788928,41640159530,30612891468
4382721,8192,1,680611,30304975089,24113804726
4390913,8192,1,633676,29394442349,24239979505
4399105,8192,1,691855,34599365091,23741967385
4407297,8192,1,587597,22219394536,18891502143
4415489,8192,1,602801,27141844419,20613282375
4423681,8192,1,637247,33563116251,24837041827
4431873,8192,1,602169,34452528559,25216807557
4440065,8192,1,644187,35202407283,26176153811
4448257,8192,1,635205,32303616551,25295369962
4456449,8192,1,658167,33516933106,26239096082
4464641,8192,1,714607,37151598010,29013154902
4472833,8192,1,687810,38954422870,30258840592
4481025,8192,1,691342,38855588548,30443884459
4489217,8192,1,597092,33111071840,27049396484
4497409,8192,1,530372,24797114990,21414668045
4505601,8192,1,664534,27768018498,23126526273
4513793,8192,1,607716,29462506589,24741269510
4521985,8192,1,636968,33818088203,28178529797
4530177,8192,1,576620,30857764315,24668593332
4538369,8192,1,555644,29902311532,24756877375
4546561,8192,1,576193,31728985315,25973626980
4554753,8192,1,614333,33933012035,28107257960
4562945,8192,1,694290,35077866299,28436340365
4571137,8192,1,685773,35235556368,29086272709
4579329,8192,1,595343,32512470264,26995308817
4587521,8192,1,616676,31432826950,27258686322
4595713,8192,1,732388,35462326767,31053769292
4603905,8192,1,701686,34053236118,28957405461
4612097,8192,1,696025,34813469923,29060405805
4620289,8192,1,756842,36575998133,30734683602
4628481,8192,1,695958,35807344495,29227096253
4636673,8192,1,839988,41325848673,35388568817
4644865,8192,1,859818,39561689628,34774694677
4653057,8192,1,878341,39038765676,35662317659
4661249,8192,1,838018,41732008967,37263840615
4669441,8192,1,868393,42367951309,39706353973
4677633,8192,1,1024408,50365921601,46254106140
4685825,8192,1,1106629,50823271509,46976761285
4694017,8192,1,983321,52251191383,43510555757
4702209,8192,1,1065994,53288175748,51646212996
4710401,8192,1,1004230,57029863421,54511814289
4718593,8192,1,1175867,60067148142,58509207255
4726785,8192,1,1283732,60320736424,57154017400
4734977,8192,1,1366216,63069754925,58010495289
4743169,8192,1,1249121,59108334014,53164118661
4751361,8192,1,1252125,59908605848,54318233415
4759553,8192,1,1451207,62045900188,56894848833
4767745,8192,1,1519992,62098558192,55789918380
4775937,8192,1,1585445,62497723845,53610867130
4784129,8192,1,1400070,58743219915,53712657428
4792321,8192,1,1052134,54186765245,44117471938
4800513,8192,1,1019534,49928583194,42939681426
4808705,8192,1,1261780,57510375260,50809431890
4816897,8192,1,1331357,57590718396,53416113414
4825089,8192,1,1639294,60808222944,56377901696
4833281,8192,1,1324521,56290819569,51428832326
4841473,8192,1,1365671,56727562845,52534606888
4849665,8192,1,1800565,61983009179,60663209114
4857857,8192,1,2002216,61977955389,58092346123
4866049,8192,1,1885881,62151807862,60907635113
4874241,8192,1,1724229,62804522499,59497724520
4882433,8192,1,1914229,62387106534,61310569007
4890625,8192,1,1784457,61980258440,56650323758
4898817,8192,1,1710320,62316592526,60159963374
4907009,8192,1,1726464,62391325627,58515149839
4915201,8192,1,1730007,63380891308,61636645267
4923393,8192,1,1858619,62279744506,60891937170
4931585,8192,1,1849680,62183892835,62362317804
4939777,8192,1,1496671,58403848500,56186790922
4947969,8192,1,1393070,58633948844,57301592698
4956161,8192,1,1327346,58788810672,55856791412
4964353,8192,1,1272246,58123924020,55184821057
4972545,8192,1,1159603,54810326446,53330001981
4980737,8192,1,1260970,53358611450,53858627300
4988929,8192,1,1176073,52672662572,50719573370
4997121,8192,1,1259241,55165172481,53112478696
5005313,8192,1,1262433,56373025517,51774049013
5013505,8192,1,1356029,59546446599,57984784007
5021697,8192,1,1305842,56689784355,55218476502
5029889,8192,1,1125879,53898877430,48735140925
5038081,8192,1,1161636,54269350642,49053829965
5046273,8192,1,1191117,54055514122,51799332812
5054465,8192,1,1056526,53286687769,49941389100
5062657,8192,1,1038563,52346336284,48175491517
5070849,8192,1,1111255,53626275181,47404856204
5079041,8192,1,1139166,53752148996,50185584480
5087233,8192,1,1010849,50228857996,45121755809
5095425,8192,1,1086570,52677277867,49254938090
5103617,8192,1,981145,52265804278,47592458348
5111809,8192,1,1077049,53626533614,48809422274
5120001,8192,1,1057547,54195882329,48362545509
5128193,8192,1,1208494,58216835003,54266113363
5136385,8192,1,1184261,56746767112,51065675010
5144577,8192,1,999424,52506836442,48944239062
5152769,8192,1,1017445,53578401482,49445492428
5160961,8192,1,1019623,52810336386,51098548793
5169153,8192,1,938849,52166193773,49308445455
5177345,8192,1,1005061,53979644014,52532807690
5185537,8192,1,1006297,54409598707,54311955371
5193729,8192,1,910773,52367016050,50727281998
5201921,8192,1,1019609,54958972298,51253804424
5210113,8192,1,963205,51431731336,51947907162
5218305,8192,1,1080296,53432274393,55120286181
5226497,8192,1,913035,51814775021,51535434193
5234689,8192,1,811533,49710271751,47879465929
5242881,8192,1,914018,50659269828,49047782898
5251073,8192,1,951734,49660522293,48641834928
5259265,8192,1,966328,49937461860,51637000061
5267457,8192,1,876120,48233799143,47970370689
5275649,8192,1,839560,45505587169,44742137922
5283841,8192,1,976074,50468458835,48852394481
5292033,8192,1,924974,47925789741,48518169350
5300225,8192,1,942144,49680604502,47425065993
5308417,8192,1,886412,46355902185,47692019653
5316609,8192,1,828036,44837407164,45730100550
5324801,8192,1,738251,42486626567,42594459495
5332993,8192,1,878562,44377402985,44813282416
5341185,8192,1,759784,39515895518,40296526267
5349377,8192,1,876958,45441991668,46960661199
5357569,8192,1,803479,46113372017,47125260494
5365761,8192,1,729028,45065663138,43595662469
5373953,8192,1,885713,47737923460,48419505140
5382145,8192,1,836995,51351355496,49826391201
5390337,8192,1,965931,52965281717,51788619728
5398529,8192,1,782926,50890084027,46098924133
5406721,8192,1,761190,48956703913,48332306125
5414913,8192,1,827064,48472063015,47906207876
5423105,8192,1,825418,49256575775,54190981041
5431297,8192,1,919267,52230978175,56797985835
5439489,8192,1,974226,55143258533,57784075829
5447681,8192,1,833508,50689771206,53625073491
5455873,8192,1,947860,56707817121,55823489084
5464065,8192,1,1033971,58652807039,58733197744
5472257,8192,1,1115589,59342364238,60560025398
5480449,8192,1,1153123,59083287853,60683122316
5488641,8192,1,1009152,56069946259,58881736939
5496833,8192,1,1156155,57601281303,63423596759
5505025,8192,1,1147957,57531469967,63284751505
5513217,8192,1,1088977,55330482420,58204974612
5521409,8192,1,1128476,54292326455,58697584793
5529601,8192,1,1047151,55026971310,61667882795
5537793,8192,1,1126959,57980108462,63293077170
5545985,8192,1,1076343,59166013084,63261119632
5554177,8192,1,1192396,59545348454,63650590295
5562369,8192,1,1376951,58519081749,70382778315
5570561,8192,1,976721,58050473193,59208941025
5578753,8192,1,1166387,57731284389,60899024200
5586945,8192,1,1161915,58406567436,63497291467
5595137,8192,1,1234914,60771886651,65601770246
5603329,8192,1,1124232,59755746193,61284099195
5611521,8192,1,1095478,60122260578,60340783449
5619713,8192,1,1158885,60368944644,65754860478
5627905,8192,1,1153817,60775416598,63459509148
5636097,8192,1,1226306,60413544072,62707411572
5644289,8192,1,1196097,59963033833,60838905343
5652481,8192,1,1148057,60165793954,64147874892
5660673,8192,1,1177054,60696972227,62962397723
5668865,8192,1,1235498,60047450465,64454022219
5677057,8192,1,1147362,60485425643,65178059413
5685249,8192,1,1108227,59774988632,62348522020
5693441,8192,1,1201882,61008511303,65171214057
5701633,8192,1,1183811,61676882288,69401237169
5709825,8192,1,1214637,61791485704,71178230954
5718017,8192,1,1086473,61499185628,69900213098
5726209,8192,1,1201901,61132528463,66603516620
5734401,8192,1,1114912,61252818451,65574992885
5742593,8192,1,1163973,60135524474,64216158618
5750785,8192,1,1084060,59600947136,63200604173
5758977,8192,1,1078372,59809101820,63165695748
5767169,8192,1,1114845,59325753351,63662832354
5775361,8192,1,1126138,59862973911,62010002589
5783553,8192,1,1136977,59212357830,61452137922
5791745,8192,1,1046515,52187366379,55075339316
5799937,8192,1,1040418,55190787848,57182795786
5808129,8192,1,853023,55324595267,53911757366
5816321,8192,1,1028624,57063660639,59131637446
5824513,8192,1,1117046,59270194084,63435160138
5832705,8192,1,1061157,58960211718,62313485365
5840897,8192,1,1055327,56548008958,59988902788
5849089,8192,1,878652,50539203884,54285679988
5857281,8192,1,1173486,57632243725,66259026348
5865473,8192,1,1081039,57617358569,61526814535
5873665,8192,1,1057229,56743055206,62921708299
5881857,8192,1,951758,58511385611,59047833666
5890049,8192,1,835183,61795713273,48282028911
5898241,8192,1,739929,61727951417,49660584685
5906433,8192,1,680873,61904063474,50923211774
5914625,8192,1,706329,61447371947,52178715937
5922817,8192,1,694577,62089394033,50243419493
5931009,8192,1,846968,57980071725,52108912643
5939201,8192,1,966559,59961762656,58910055778
5947393,8192,1,901788,60279415753,57966938664
5955585,8192,1,802864,60414676596,56237096060
5963777,8192,1,685110,63069117237,52842482448
5971969,8192,1,649712,59686231052,52155990249
5980161,8192,1,1036796,60094784408,63600051804
5988353,8192,1,1003503,59416305051,62365228901
5996545,8192,1,1027604,59615250433,61540409490
6004737,8192,1,892103,60438506569,65918814281
6012929,8192,1,880312,59806694762,61835649399
6021121,8192,1,1109642,60025112508,66415533655
6029313,8192,1,1094954,59640226996,65369775786
6037505,8192,1,1030417,59369607024,63047434831
6045697,8192,1,1057200,55900815277,64632564829
6053889,8192,1,940339,50753517403,56240010573
6062081,8192,1,1047645,56417459765,62372564487
6070273,8192,1,1070344,58612928291,65565138106
6078465,8192,1,1040326,59160341340,61966004277
6086657,8192,1,1032939,59245645508,58851000403
6094849,8192,1,978106,58080730358,58875410844
6103041,8192,1,949935,59434287423,62775083346
6111233,8192,1,814440,62418352419,79355743318
6119425,8192,1,756883,61929340206,82499075469
6127617,8192,1,891700,57927536222,69572770467
6135809,8192,1,894373,54124139868,57552614497
6144001,8192,1,948844,54474431056,61249721424
6152193,8192,1,949060,55935295379,60288258560
6160385,8192,1,940733,57179985070,61764043027
6168577,8192,1,875004,59767193046,67905633773
6176769,8192,1,854844,58633356661,62352052044
6184961,8192,1,869810,57172923878,62533819028
6193153,8192,1,858339,58716480746,63778834372
6201345,8192,1,808091,59068730609,62473522831
6209537,8192,1,816753,58875189706,66894494421
6217729,8192,1,809455,58560010270,64212820306
6225921,8192,1,839253,57560207356,64588578119
6234113,8192,1,845776,59019049499,64874702901
6242305,8192,1,804291,57082938691,66315440366
6250497,8192,1,779310,58293679134,62350365297
6258689,8192,1,935783,58551901338,64585694021
6266881,8192,1,832343,56739213761,63384162882
6275073,8192,1,815239,56879687612,64412823757
6283265,8192,1,869622,56503858451,63527885102
6291457,8192,1,753911,57192973874,64209567582
6299649,8192,1,796408,58492213661,63433701850
6307841,8192,1,775867,57819406693,63871255652
6316033,8192,1,731815,55554664930,60500974698
6324225,8192,1,801177,56055100336,62798224807
6332417,8192,1,702924,55639554786,60861860126
6340609,8192,1,628921,57287631240,61218301553
6348801,8192,1,701014,56796985035,58560523811
6356993,8192,1,679990,56753862938,61750254326
6365185,8192,1,679678,56844041949,53998378192
6373377,8192,1,730260,55694660589,61754034945
6381569,8192,1,631122,56053435110,56804144322
6389761,8192,1,623579,55480206989,58685975739
6397953,8192,1,722344,56431171315,59959838417
6406145,8192,1,629492,57158444543,60029966743
6414337,8192,1,709829,57357572825,59426701729
6422529,8192,1,613086,54942317621,54117197956
6430721,8192,1,606422,52576411946,55326651810
6438913,8192,1,642545,52459434620,55984553074
6447105,8192,1,731996,53145077742,55368938636
6455297,8192,1,724964,54306641564,62208125104
6463489,8192,1,815991,52726025166,59763662478
6471681,8192,1,729625,49182276339,51483099024
6479873,8192,1,669837,46831088707,47331273380
6488065,8192,1,747144,48122908769,52191967252
6496257,8192,1,717326,47958662805,59400828312
6504449,8192,1,718392,50909275438,57184800478
6512641,8192,1,730467,48392560754,53820322776
6520833,8192,1,738059,46131832206,54413222849
6529025,8192,1,724708,46477569891,52372621238
6537217,8192,1,800265,48971240353,56089487785
6545409,8192,1,787384,48497192206,54857881839
6553601,8192,1,698398,47187351487,53675018814
6561793,8192,1,737557,48788349686,53277329993
6569985,8192,1,764170,49888523955,55190070763
6578177,8192,1,680236,49997697795,49100561459
6586369,8192,1,749999,53088340658,50862117543
6594561,8192,1,705784,48019131508,53196432382
6602753,8192,1,656423,46400710382,52021596781
6610945,8192,1,849783,47748915390,56225860429
6619137,8192,1,801148,47807608803,56202020376
6627329,8192,1,765408,46669797740,53596404003
6635521,8192,1,743150,46887794423,54142697338
6643713,8192,1,665607,45877233135,55498680691
6651905,8192,1,758736,47427946240,58627856064
6660097,8192,1,827631,47805700088,57135132760
6668289,8192,1,740827,47033958754,55502798649
6676481,8192,1,701546,45737135850,53923580341
6684673,8192,1,693026,47473036303,55549793346
6692865,8192,1,744005,47361939810,54180752655
6701057,8192,1,728159,45355462532,53146560245
6709249,8192,1,803323,48175195526,55461516626
6717441,8192,1,731903,47282679908,54459222406
6725633,8192,1,669779,47058450238,50340481760
6733825,8192,1,736446,51234504987,54935350616
6742017,8192,1,845497,51556557281,57459409295
6750209,8192,1,783040,49450537411,53919295026
6758401,8192,1,785734,48600607825,50526548892
6766593,8192,1,644335,43880086628,47080654314
6774785,8192,1,718306,45320242271,50222382802
6782977,8192,1,787787,49300862376,55832139596
6791169,8192,1,797132,51216997662,53773480331
6799361,8192,1,778579,54480612692,65968023021
6807553,8192,1,777106,54418924892,62433491234
6815745,8192,1,641142,49816057934,60067376224
6823937,8192,1,767187,52605381030,61494359522
6832129,8192,1,795755,53448736123,64322181727
6840321,8192,1,787802,52776478133,66549347275
6848513,8192,1,788128,50809483628,64598342185
6856705,8192,1,703447,48678621512,61559928949
6864897,8192,1,720780,48100014209,56182654482
6873089,8192,1,753391,48766101024,55438958231
6881281,8192,1,726756,48283626988,57124725407
6889473,8192,1,759040,48229905528,55094296612
6897665,8192,1,733910,48871665264,59864780260
6905857,8192,1,752177,49522415159,58397642665
6914049,8192,1,802193,51410592357,55690940812
6922241,8192,1,859621,51928120590,59192393568
6930433,8192,1,800774,50391395202,57581419264
6938625,8192,1,748654,49387623217,56391052409
6946817,8192,1,796267,50255220086,58040546509
6955009,8192,1,748240,51693407873,54740924887
6963201,8192,1,806363,50150885645,61275476997
6971393,8192,1,728569,48656564463,59765243480
6979585,8192,1,735352,51199560672,61515830472
6987777,8192,1,699021,48682911486,63360143695
6995969,8192,1,634120,45831406577,53615488348
7004161,8192,1,892155,50536556554,61839793119
7012353,8192,1,782030,49273441119,60265362211
7020545,8192,1,741045,46097890688,55953193781
7028737,8192,1,762443,45093991002,56685331897
7036929,8192,1,853754,46603908786,56002274090
7045121,8192,1,810342,46377293130,55940255534
7053313,8192,1,770343,47471980730,56442275340
7061505,8192,1,683334,43555846112,52555731517
7069697,8192,1,838780,46875030520,57015802431
7077889,8192,1,763229,48582059456,54795573593
7086081,8192,1,751041,45191788480,53373543116
7094273,8192,1,795784,48515590361,55260576481
7102465,8192,1,787430,49228707462,53909144126
7110657,8192,1,985470,55948602087,59675817115
7118849,8192,1,879750,52775047845,58616373623
7127041,8192,1,771176,49224643811,56818083642
7135233,8192,1,810937,53308284328,60738482251
7143425,8192,1,915819,55117039138,64582146622
7151617,8192,1,910815,54754117820,60563011226
7159809,8192,1,886198,58713975871,65121911498
7168001,8192,1,726666,49138506055,53482061954
7176193,8192,1,693336,47109751685,53206960448
7184385,8192,1,724525,48036349840,50997111393
7192577,8192,1,708302,48268198216,52066080890
7200769,8192,1,727507,50120021956,53913026808
7208961,8192,1,790346,53098340347,59289151911
7217153,8192,1,906974,56741329110,60612504838
7225345,8192,1,933614,58596654890,63569074350
7233537,8192,1,885596,58671527494,63702345843
7241729,8192,1,1016104,61069572685,68569050698
7249921,8192,1,1020630,61369308543,64728632957
7258113,8192,1,985675,61058114637,68700711293
7266305,8192,1,1024395,60799942581,66377536044
7274497,8192,1,1073993,62911729753,70917242427
7282689,8192,1,959353,60722933235,68132337445
7290881,8192,1,721417,51558952034,59165392250
7299073,8192,1,635467,47439182717,57183832284
7307265,8192,1,768990,52539940390,59831520989
7315457,8192,1,782838,50497801672,59397817277
7323649,8192,1,736531,48680635829,56229527075
7331841,8192,1,693431,48979000213,58172173586
7340033,8192,1,700353,48470463657,57869920337
7348225,8192,1,656165,47754014325,53397300560
7356417,8192,1,706952,49781969594,58280884521
7364609,8192,1,702560,51552295972,56056338509
7372801,8192,1,748488,51189895210,57599177125
7380993,8192,1,672970,50289379405,54613663339
7389185,8192,1,618374,46747527961,54965323861
7397377,8192,1,731407,53849189259,58214063406
7405569,8192,1,823103,54459907520,58705978032
7413761,8192,1,820567,57996395789,63987915119
7421953,8192,1,759259,54880499899,60912275115
7430145,8192,1,709874,50266481813,55879860253
7438337,8192,1,799413,52617562312,60710760002
7446529,8192,1,803464,53862112844,62612084140
7454721,8192,1,776283,53348274726,60622390569
7462913,8192,1,841975,55623955618,61620456497
7471105,8192,1,853955,57452318218,65940384126
7479297,8192,1,795154,56297422443,63908821181
7487489,8192,1,889445,56376229780,67780175829
7495681,8192,1,1021969,60023042579,71503707830
7503873,8192,1,875237,55313971334,65318646266
7512065,8192,1,775071,49429826010,60883569252
7520257,8192,1,725889,47064363363,57198865197
7528449,8192,1,834843,51650564844,63567630594
7536641,8192,1,789507,50757917942,63434449473
7544833,8192,1,867687,54598783786,60951109337
7553025,8192,1,960725,56469515355,62928935124
7561217,8192,1,815707,50313874323,62333113688
7569409,8192,1,666231,46144005917,56341542083
7577601,8192,1,832815,54175134238,57071015502
7585793,8192,1,885526,58087439964,63105322726
7593985,8192,1,861278,55905434119,62955016658
7602177,8192,1,852806,50342783962,62305455798
7610369,8192,1,887841,49888381296,62737526962
7618561,8192,1,860187,54950616424,59443631975
7626753,8192,1,915348,54030183176,63649988896
7634945,8192,1,852309,51681051150,63745122184
7643137,8192,1,912370,53049696773,62719239814
7651329,8192,1,738803,45900258701,54376850619
7659521,8192,1,713836,45748826296,53334131093
7667713,8192,1,848035,50538533259,58360087131
7675905,8192,1,937742,55323766578,65459155944
7684097,8192,1,787627,54383889810,58947199662
7692289,8192,1,833589,53247672067,59767861124
7700481,8192,1,814204,49535470442,58603180806
7708673,8192,1,903137,54358941917,61877279454
7716865,8192,1,801151,62622317283,54996464548
7725057,8192,1,905524,59014777802,65775220829
7733249,8192,1,960512,58327935763,70678592906
7741441,8192,1,936278,56411432504,68079150421
7749633,8192,1,890324,53572479595,69671139143
7757825,8192,1,1027125,58522479696,75540975560
7766017,8192,1,1065365,61612038604,78580804229
7774209,8192,1,1133091,62039236317,76721850174
7782401,8192,1,1013568,61944787561,74451752767
7790593,8192,1,977456,60660792594,72038868397
7798785,8192,1,1062407,59684547724,73975184889
7806977,8192,1,1017774,59902115809,72811324470
7815169,8192,1,1154301,60693446908,74412800248
7823361,8192,1,1129298,60341384806,73865680574
7831553,8192,1,1048171,56590059373,70301891005
7839745,8192,1,1006866,55276418358,69328423681
7847937,8192,1,1266339,61467920318,73586313753
7856129,8192,1,1153575,60984143819,70100888353
7864321,8192,1,1115475,59852831907,74406689111
7872513,8192,1,1148287,60908945609,71272260756
7880705,8192,1,1236171,60021117831,76123142774
7888897,8192,1,1119286,58582250428,71761025475
7897089,8192,1,1116862,59438959515,72393126372
7905281,8192,1,1053564,59511201019,70484315278
7913473,8192,1,1018766,59916578393,71719842536
7921665,8192,1,1163030,58202234652,65649006346
7929857,8192,1,932972,56541598892,68820731408
7938049,8192,1,1335617,61768841096,74368649363
7946241,8192,1,1126115,60333225913,76871587724
7954433,8192,1,930625,59253863905,75982287710
7962625,8192,1,1155991,60318831521,75220594353
7970817,8192,1,1149787,58205892161,73286682452
7979009,8192,1,1168100,58675133580,72681400775
7987201,8192,1,1109590,60201568915,70738378401
7995393,8192,1,1246696,60953748469,70158671372
8003585,8192,1,1072671,58459135873,73981758253
8011777,8192,1,915176,52150084703,70801291646
8019969,8192,1,1048977,54347088319,69994552693
8028161,8192,1,1161083,57901070063,69611961030
8036353,8192,1,1038066,60739991885,70539098727
8044545,8192,1,1058512,61452870344,68711383760
8052737,8192,1,1224568,57520110354,68248542665
8060929,8192,1,883351,49034881564,61323672723
8069121,8192,1,1093556,54937862712,67107445355
8077313,8192,1,1171620,58985335698,72823879045
8085505,8192,1,970944,57604952668,70342131367
8093697,8192,1,1018286,53175452767,66791203535
8101889,8192,1,907967,52281783686,63940391939
8110081,8192,1,872493,50955441103,63907068594
8118273,8192,1,1016880,55439650663,70196827230
8126465,8192,1,893543,53041319100,67236630845
8134657,8192,1,1199821,58355280103,72325164568
8142849,8192,1,872903,50503746198,65583606994
8151041,8192,1,753363,48910092076,64484560417
8159233,8192,1,888841,55200745635,69301339523
8167425,8192,1,1358869,61654254721,66874692999
8175617,8192,1,919344,57647015958,70411336730
8183809,8192,1,948309,52872475578,65195007678
8192001,8192,1,738324,46746541520,58892217235
8200193,8192,1,738422,45469577722,57444293521
8208385,8192,1,812997,50384096789,62437814790
8216577,8192,1,1006640,52371646321,60590717150
8224769,8192,1,1163238,59595554009,68849678647
8232961,8192,1,798761,53019994658,63895206954
8241153,8192,1,697829,51960965721,59421192863
8249345,8192,1,841109,52000342474,64107872647
8257537,8192,1,930193,54459937700,67837531208
8265729,8192,1,975208,58222853369,69704391052
8273921,8192,1,1020904,56306070571,67458712732
8282113,8192,1,938526,53080739771,61082691462
8290305,8192,1,820570,51981464609,65575758816
8298497,8192,1,940581,58623412073,68318349713
8306689,8192,1,877846,57683653048,66951348682
8314881,8192,1,914277,57238738726,68853696408
8323073,8192,1,880678,51566549035,63831990235
8331265,8192,1,763133,51489770819,72830781566
8339457,8192,1,835498,52115559990,61658164825
8347649,8192,1,940995,53853618011,64779544354
8355841,8192,1,935120,59792349550,68277198758
8364033,8192,1,849350,54624898279,64756513832
8372225,8192,1,826549,50554075020,61487202816
8380417,8192,1,893359,53524916702,64259611436
8388609,8192,1,950037,59670381591,73363813763
8396801,8192,1,851952,59067138486,65755918697
8404993,8192,1,971316,58701071184,70806701249
8413185,8192,1,957288,57866515165,71565247665
8421377,8192,1,838965,57549256819,62291100337
8429569,8192,1,893296,61104343635,59520152654
8437761,8192,1,993838,59809150417,68278743285
8445953,8192,1,964813,60789904230,69499547854
8454145,8192,1,839047,59657647316,64225525979
8462337,8192,1,854037,59372454307,63137591605
8470529,8192,1,970235,60191471319,65941498434
8478721,8192,1,988342,61800831528,65991164298
8486913,8192,1,828164,61286830855,60984256716
8495105,8192,1,1002499,62022730823,63059016724
8503297,8192,1,989779,61828220456,62649524693
8511489,8192,1,835312,61844907375,57423861154
8519681,8192,1,889469,61679703719,58473713341
8527873,8192,1,965347,61385667796,60091705628
8536065,8192,1,931052,61592837583,59967690903
8544257,8192,1,754048,61629636775,55889740342
8552449,8192,1,803745,61961780469,59469421843
8560641,8192,1,939276,63530816772,63081382611
8568833,8192,1,851417,65923346777,62826477303
8577025,8192,1,841049,65623489141,62297706025
8585217,8192,1,992152,73222626803,69046951111
8593409,8192,1,817459,77878755186,65036293310
8601601,8192,1,699019,76628772865,65489828103
8609793,8192,1,811933,78058009201,65164926311
8617985,8192,1,949393,77470743277,75717719928
8626177,8192,1,869464,75793509999,70767745015
8634369,8192,1,739889,74187688186,64225578069
8642561,8192,1,818926,77685558439,69135756674
8650753,8192,1,825924,78026267904,71050760828
8658945,8192,1,812147,70393239512,78756120267
8667137,8192,1,785673,61570806794,70535373680
8675329,8192,1,816542,65781442449,67961187765
8683521,8192,1,757973,54004019478,65702994757
8691713,8192,1,683329,52246980326,60863739509
8699905,8192,1,849122,55659160493,65407574418
8708097,8192,1,975466,59263476741,71008293303
8716289,8192,1,913001,59041577975,69398619966
8724481,8192,1,868978,54281558998,63843994480
8732673,8192,1,805391,49494687484,60118281135
8740865,8192,1,812980,52561159401,63217455967
8749057,8192,1,822366,52666178343,63291912159
8757249,8192,1,919564,56098391378,66456441385
8765441,8192,1,968016,57877117485,69277035814
8773633,8192,1,860153,51481505907,61590299218
8781825,8192,1,790868,47257860195,57564275279
8790017,8192,1,942832,53538052783,64261560220
8798209,8192,1,940694,61685676481,71454846906
8806401,8192,1,885927,61658922238,66856646540
8814593,8192,1,1038029,61369004831,73913404077
8822785,8192,1,879793,52146272787,63424007256
8830977,8192,1,878509,55697156073,67032482739
8839169,8192,1,964736,62541552293,82322808390
8847361,8192,1,996914,61590833329,79805933467
8855553,8192,1,885028,55127615561,62499603967
8863745,8192,1,791523,55304861134,64509040290
8871937,8192,1,849887,63786091420,81026644652
8880129,8192,1,902373,61012686158,73578841096
8888321,8192,1,941387,59426643172,70997658691
8896513,8192,1,1133114,63866621409,83377527350
8904705,8192,1,802562,63727133550,84638722646
8912897,8192,1,845445,61409418399,81752549211
8921089,8192,1,1017609,65029754319,83520550518
8929281,8192,1,907925,63564436196,80212995476
8937473,8192,1,967802,66232587516,83870518273
8945665,8192,1,897482,65346650167,83628601708
8953857,8192,1,750217,65003544141,70860348802
8962049,8192,1,1086994,67502783028,83830020262
8970241,8192,1,951713,66237749089,78228507147
8978433,8192,1,981183,69267416517,77821865100
8986625,8192,1,1055590,68273551884,89304194765
8994817,8192,1,780717,56833119505,74723014038
9003009,8192,1,1036805,73004597454,85181385708
9011201,8192,1,1012222,71455636535,82213794650
9019393,8192,1,874242,71548472212,79967417186
9027585,8192,1,971248,66791843410,81858164660
9035777,8192,1,840102,64595196013,78481668540
9043969,8192,1,994170,64934612725,79255649509
9052161,8192,1,888691,65383679263,79850389242
9060353,8192,1,942244,57388886441,71338912835
9068545,8192,1,701653,48078807041,59697861051
9076737,8192,1,754798,61024714378,69859208524
9084929,8192,1,908482,65338335472,76294405100
9093121,8192,1,898709,68826620520,82111160059
9101313,8192,1,947022,69761741984,77443168505
9109505,8192,1,855685,64915604147,75393390867
9117697,8192,1,936510,68593558199,80436394235
9125889,8192,1,1110657,74193543274,88109807376
9134081,8192,1,974020,71692480309,85296210340
9142273,8192,1,971906,69278593897,82391564429
9150465,8192,1,940651,67361910005,78653901280
9158657,8192,1,931319,67770003761,78866927356
9166849,8192,1,1003627,67301994373,77565151801
9175041,8192,1,901224,64936435027,77175168947
9183233,8192,1,768025,58547006772,69135408014
9191425,8192,1,992708,64118389903,76559460411
9199617,8192,1,767537,60728207372,71535968591
9207809,8192,1,741824,53901328760,67424559046
9216001,8192,1,698064,49104444455,58876327356
9224193,8192,1,643992,47707551961,60744289612
9232385,8192,1,827015,55845001987,68733707328
9240577,8192,1,847844,59333225580,70984900979
9248769,8192,1,757262,52846524981,63858549202
9256961,8192,1,716538,54524823239,65853367035
9265153,8192,1,714126,49995214601,59304270901
9273345,8192,1,716731,54250605891,65146868122
9281537,8192,1,763184,56104624149,69414031661
9289729,8192,1,852003,63108379279,76241939621
9297921,8192,1,904053,60658920099,71884041101
9306113,8192,1,828610,56073471319,69948624859
9314305,8192,1,742441,55013686452,68707810343
9322497,8192,1,731295,52787689502,64073639657
9330689,8192,1,708369,52392880422,63477687086
9338881,8192,1,664925,47456678772,60624144585
9347073,8192,1,627062,59045841516,69488083100
9355265,8192,1,542072,51533409470,60859462860
9363457,8192,1,553768,51823161640,61507223212
9371649,8192,1,664552,57497993985,70259586244
9379841,8192,1,665352,58873592863,69655151610
9388033,8192,1,708523,60684737157,73319780171
9396225,8192,1,742494,61352845542,71926420124
9404417,8192,1,682535,52096944972,65475438731
9412609,8192,1,730720,56467680323,72746620746
9420801,8192,1,659919,65708295301,90747423559
9428993,8192,1,805946,68506237462,94878461402
9437185,8192,1,799261,70730540231,95997389022
9445377,8192,1,782815,64727852547,85295686095
9453569,8192,1,806095,57998734790,75165312078
9461761,8192,1,873153,60674145097,73934660704
9469953,8192,1,978600,68453757397,89307457379
9478145,8192,1,932038,68593126285,87753287251
9486337,8192,1,969887,65412428592,81898902538
9494529,8192,1,871662,61072195102,78843919599
9502721,8192,1,880415,67010896351,90389419067
9510913,8192,1,877077,62637487079,81115170232
9519105,8192,1,892491,66341797417,82751025765
9527297,8192,1,886525,63743218469,82636300756
9535489,8192,1,763034,56916289211,73810220192
9543681,8192,1,755739,51749236039,70720141180
9551873,8192,1,873175,63714325503,81338498319
9560065,8192,1,894671,66968083563,89670207086
9568257,8192,1,871975,67196685161,90197895591
9576449,8192,1,833002,63337835446,82979229444
9584641,8192,1,804983,57162122774,74809877956
9592833,8192,1,852642,58816487988,77971294188
9601025,8192,1,804419,61358444080,81129982769
9609217,8192,1,849312,58233450860,77309700957
9617409,8192,1,927929,63536028152,83607446782
9625601,8192,1,813905,59495790605,78265185549
9633793,8192,1,774141,59853748240,82809910444
9641985,8192,1,1008519,71796902215,94655021353
9650177,8192,1,946237,66707485905,83646228056
9658369,8192,1,908074,73540668043,100166786547
9666561,8192,1,1048466,76252778127,100026106365
9674753,8192,1,866412,68574360918,86790160739
9682945,8192,1,932972,70752871888,94197038132
9691137,8192,1,979047,71791734313,93883089093
9699329,8192,1,918888,67817796157,92423626043
9707521,8192,1,1104725,71177466006,102512878360
9715713,8192,1,1104271,71716325188,104442979807
9723905,8192,1,963052,66999392072,88884363527
9732097,8192,1,1005464,65795578186,90013464915
9740289,8192,1,1059837,67994246828,90384018917
9748481,8192,1,979162,67629006993,88854531335
9756673,8192,1,885081,62292836211,84054180922
9764865,8192,1,833802,62457382863,80269195255
9773057,8192,1,837546,61034522068,75857360226
9781249,8192,1,946051,67857791102,85283694178
9789441,8192,1,819208,65866256100,82692706185
9797633,8192,1,924104,68240421801,89611658990
9805825,8192,1,881246,68247029882,86174016647
9814017,8192,1,778987,66071308722,81962435339
9822209,8192,1,911174,69795340731,93029983591
9830401,8192,1,1006706,71978418806,94548989789
9838593,8192,1,1038633,71509025018,95117665425
9846785,8192,1,896865,69792988764,90193030392
9854977,8192,1,847711,67034768302,84195479280
9863169,8192,1,911641,68667883187,88164675387
9871361,8192,1,996682,70107950073,90401553370
9879553,8192,1,973566,69625920413,91124280892
9887745,8192,1,993179,71185747311,93733722359
9895937,8192,1,1003198,70717713319,92282935450
9904129,8192,1,1002534,71808040774,96609831910
9912321,8192,1,973237,71613101484,94033042604
9920513,8192,1,1033485,72846155160,92762282814
9928705,8192,1,1031123,73635393603,95197810849
9936897,8192,1,1080661,74097718137,96839025808
9945089,8192,1,978766,70891484395,92664546087
9953281,8192,1,1042650,72417886178,94990515121
9961473,8192,1,1112412,74009890439,97761038381
9969665,8192,1,1081752,73469731113,98823088933
9977857,8192,1,1115522,75780146275,100941528062
9986049,8192,1,1042699,73335453765,97984377575
9994241,8192,1,1012025,72304159780,98202791374
10002433,8192,1,947807,73177316635,96949556349
10010625,8192,1,993860,74248158794,95412163125
10018817,8192,1,1083307,76321832298,100071740059
10027009,8192,1,1144640,76778212899,101883855402
10035201,8192,1,1106267,76509496209,101475228202
10043393,8192,1,1136468,76529152684,102818528640
10051585,8192,1,1143192,76622953602,99246320593
10059777,8192,1,1071558,76691528658,98434112370
10067969,8192,1,1035874,75016157201,95405196527
10076161,8192,1,1190056,75265046958,95254823511
10084353,8192,1,1052095,76722732640,99994151764
10092545,8192,1,1059358,76839914668,102491197824
10100737,8192,1,1078590,77061038954,98922184852
10108929,8192,1,1104262,76917215732,92218869701
10117121,8192,1,1171376,77120896113,99250741430
10125313,8192,1,1065388,77604654123,104903447710
10133505,8192,1,1080586,77621034018,98720239052
10141697,8192,1,1185945,77375102520,98393972210
10149889,8192,1,1118057,77079879819,98281647319
10158081,8192,1,1140551,77535086646,103632206570
10166273,8192,1,1201889,77314405596,102291982654
10174465,8192,1,1114490,77129632609,102863214800
10182657,8192,1,1131014,76977719808,102086695593
10190849,8192,1,1225990,76646881261,102286323575
10199041,8192,1,1193971,77200838933,99822979827
10207233,8192,1,1174049,77770485494,102526073113
10215425,8192,1,1131601,77893106666,99577609922
10223617,8192,1,1214716,77082495252,98802642801
10231809,8192,1,1239036,76812658037,101971840829
10240001,8192,1,1174334,77539060580,103735866224
10248193,8192,1,1147536,77645370823,105677192337
10256385,8192,1,1130296,76924591639,103012288335
10264577,8192,1,1030018,77324495149,103113930491
10272769,8192,1,1086505,77623073831,103858137696
10280961,8192,1,1133919,77708872357,104030652171
10289153,8192,1,1154060,77788627230,104097290374
10297345,8192,1,1188569,79487887047,109861184214
10305537,8192,1,1162732,92108783782,129331924885
10313729,8192,1,1258422,92807705936,123193384395
10321921,8192,1,1454915,92532120917,122808437565
10330113,8192,1,1363088,93006927167,126445053108
10338305,8192,1,1297387,91799653406,124234264120
10346497,8192,1,1317779,93102367684,125109632224
10354689,8192,1,1316959,92167733414,124224718106
10362881,8192,1,1294409,91868826372,122927860738
10371073,8192,1,1371189,92625323824,123769065211
10379265,8192,1,1370935,91279955444,122552472307
10387457,8192,1,1323638,91353035083,124841946952
10395649,8192,1,1176812,92192015743,127223698441
10403841,8192,1,1130901,92191092473,121811704204
10412033,8192,1,1365356,91517607743,123456282550
10420225,8192,1,1350461,91558164098,122956693206
10428417,8192,1,1325279,93052871840,127960555558
10436609,8192,1,1315451,92424243235,125315224987
10444801,8192,1,1280543,91824104587,126658059947
10452993,8192,1,1386630,92677741195,125211217620
10461185,8192,1,1350573,93443272480,129432476221
10469377,8192,1,1413221,93408214190,122239519061
10477569,8192,1,1409852,91813150323,116729156793
10485761,8192,1,1325146,92491978229,124319959080
10493953,8192,1,1360475,93375068735,127198533612
10502145,8192,1,1477277,93028293528,124817573278
10510337,8192,1,1458912,93395121237,126107012001
10518529,8192,1,1407547,93881286759,130723634121
10526721,8192,1,1441709,95010075686,129228461852
10534913,8192,1,1517598,98525141995,136277817532
10543105,8192,1,1527082,98878550793,135474622191
10551297,8192,1,1529306,98563439926,136446077183
10559489,8192,1,1488034,98120186326,128539807027
10567681,8192,1,1545901,98405600084,131950558864
10575873,8192,1,1481930,98131779771,132786037165
10584065,8192,1,1392202,98224165663,133435006807
10592257,8192,1,1533065,98063078190,130287129391
10600449,8192,1,1520463,98076761196,133541786423
10608641,8192,1,1485632,97643007726,131138303103
10616833,8192,1,1537129,98094168122,129360167084
10625025,8192,1,1531409,97567851758,126673500468
10633217,8192,1,1605029,98527900785,127679174650
10641409,8192,1,1581691,98109215587,126509036845
10649601,8192,1,1533873,98321831677,121607026222
10657793,8192,1,1556816,98751922551,122877438261
10665985,8192,1,1455320,98419002087,129249328779
10674177,8192,1,1399828,98856138099,127885006196
10682369,8192,1,1543182,99064986797,125870860620
10690561,8192,1,1541635,98835373983,124737172342
10698753,8192,1,1495339,99053764120,128157617429
10706945,8192,1,1535453,99205973257,130955007149
10715137,8192,1,1411860,98432768557,129718505985
10723329,8192,1,1465940,98922916151,129485073129
10731521,8192,1,1445079,99057744442,128313458655
10739713,8192,1,1409598,98835109309,129457039186
10747905,8192,1,1434689,98604438114,128102744488
10756097,8192,1,1432351,98393824834,124713997551
10764289,8192,1,1436449,98995119384,122888214942
10772481,8192,1,1494024,98865322370,121273083662
10780673,8192,1,1564213,98943876509,119631900066
10788865,8192,1,1487517,99069578049,119617169942
10797057,8192,1,1431398,98631734597,126515436132
10805249,8192,1,1279797,97861496443,128400194503
10813441,8192,1,1314075,99369544817,129561565859
10821633,8192,1,1326300,98850079622,124878322097
10829825,8192,1,1297628,99169380318,124991766931
10838017,8192,1,1376879,98939998883,123054028298
10846209,8192,1,1346219,99403792278,126210550958
10854401,8192,1,1323252,99251403001,125207881319
10862593,8192,1,1334976,99494857878,126310942550
10870785,8192,1,1341365,99559553820,127893603739
10878977,8192,1,1470136,99262735048,122439005245
10887169,8192,1,1685788,99549571043,125605084213
10895361,8192,1,1395013,99353151545,129906295495
10903553,8192,1,1353200,99129856294,129440894597
10911745,8192,1,1436134,99015606534,127061455576
10919937,8192,1,1372106,99208153089,126435912659
10928129,8192,1,1338149,99199886160,129949853826
10936321,8192,1,1303750,99210160521,129050336908
10944513,8192,1,1283208,99611151083,128242863145
10952705,8192,1,1319801,99531959189,123526456847
10960897,8192,1,1352636,99310002799,126078158599
10969089,8192,1,1375102,99466085443,126993497371
10977281,8192,1,1318730,99628423479,131228570167
10985473,8192,1,1227266,99669860657,127216525359
10993665,8192,1,1251634,99764662138,127120213101
11001857,8192,1,1356592,99619090549,128343277691
11010049,8192,1,1378517,99485553104,129953731707
11018241,8192,1,1275742,98374192970,126206749471
11026433,8192,1,1354490,99298692809,128928621099
11034625,8192,1,1310112,97186693575,126124799224
11042817,8192,1,1334103,99245280398,129789012785
11051009,8192,1,1363729,99758052158,130422910254
11059201,8192,1,1433294,99811214650,130098832481
11067393,8192,1,1554046,99865509853,137846249978
11075585,8192,1,1348576,99492264844,136246619016
11083777,8192,1,1248034,99629928157,133076219074
11091969,8192,1,1401515,99673560434,136641171180
11100161,8192,1,1447762,99741103137,135246328981
11108353,8192,1,1485144,99829077573,137199319757
11116545,8192,1,1398817,99670502872,132979348400
11124737,8192,1,1270161,99750583272,131233921147
11132929,8192,1,1320965,100173706874,131626323979
11141121,8192,1,1325674,99897977809,133987419656
11149313,8192,1,1402938,99852564415,132585399427
11157505,8192,1,1427512,99848646888,130378811224
11165697,8192,1,1399016,99824607865,132184830770
11173889,8192,1,1294020,99650819487,133746183282
11182081,8192,1,1438620,99932057170,136768610196
11190273,8192,1,1438914,100005225132,133304825625
11198465,8192,1,1443942,99739876237,135435375929
11206657,8192,1,1412633,99729278350,137125846469
11214849,8192,1,1380570,99693471850,137370188412
11223041,8192,1,1383145,99903866172,136114839826
11231233,8192,1,1478358,100104962850,136288994589
11239425,8192,1,1347924,99887377082,135283991472
11247617,8192,1,1381274,100222018318,133050739940
11255809,8192,1,1444439,99786699446,134769448145
11264001,8192,1,1316079,99890293002,136055816607
11272193,8192,1,1347710,99946984814,137028975254
11280385,8192,1,1484505,99851935427,138920606591
11288577,8192,1,1396744,99998982049,140769510864
11296769,8192,1,1470900,99784151152,140271961924
11304961,8192,1,1430049,99687376856,144101418260
11313153,8192,1,1453839,99667400561,144418662359
11321345,8192,1,1595756,99733144268,142619321597
11329537,8192,1,1528036,99788326430,142107834199
11337729,8192,1,1445057,99542969394,142262231678
11345921,8192,1,1359299,100074192393,136789829911
11354113,8192,1,1214427,99786388904,136478078572
11362305,8192,1,1448539,99876697498,141421962175
11370497,8192,1,1443442,99905517041,142114894333
11378689,8192,1,1372946,99494705111,138391353787
11386881,8192,1,1460716,99919270857,141331688794
11395073,8192,1,1324871,99802789764,139873586950
11403265,8192,1,1294644,99751712798,137846716049
11411457,8192,1,1427163,99936036914,137849462447
11419649,8192,1,1470939,99901096311,138476782887
11427841,8192,1,1374494,99957562220,137774657458
11436033,8192,1,1412862,100230306566,137328843981
11444225,8192,1,1374249,100053691309,137021504454
11452417,8192,1,1571219,99840223592,138173959964
11460609,8192,1,1495879,100010686253,138213480298
11468801,8192,1,1604419,100116741671,142078808410
11476993,8192,1,1633118,99820704698,139027575123
11485185,8192,1,1504462,99935838936,146421197859
11493377,8192,1,1317697,100499782245,143568646500
11501569,8192,1,1456024,100174119560,139057642451
11509761,8192,1,1513323,100006134277,136823364083
11517953,8192,1,1519607,99951925790,139770197094
11526145,8192,1,1383406,99807024509,137527396364
11534337,8192,1,1422653,100061173912,143078160768
11542529,8192,1,1545477,99930647157,141415010303
11550721,8192,1,1558532,100242503361,141582474316
11558913,8192,1,1504436,99761429052,138148203370
11567105,8192,1,1457170,99838244510,141641786875
11575297,8192,1,1421856,100360462892,141330055741
11583489,8192,1,1555722,100143247311,143873576851
11591681,8192,1,1574678,99900660852,141565451864
11599873,8192,1,1594565,100048647754,142760093830
11608065,8192,1,1659040,100329595801,145152017567
11616257,8192,1,1617443,100220177970,141428117940
11624449,8192,1,1532623,100080599389,142166070264
11632641,8192,1,1542361,100037161583,144048884220
11640833,8192,1,1571861,100308996380,140181096193
11649025,8192,1,1395721,100378559333,142687555109
11657217,8192,1,1490221,100226114683,142858635367
11665409,8192,1,1513739,99985733401,140883014662
11673601,8192,1,1486715,99964988407,140683078442
11681793,8192,1,1497379,99497295251,141921721034
11689985,8192,1,1555675,99583756838,140587034247
11698177,8192,1,1526425,99975239456,138149959159
11706369,8192,1,1506885,100205850486,158857132878
11714561,8192,1,1417140,100076759648,162773811496
11722753,8192,1,1419327,100185239943,152831884364
11730945,8192,1,1535326,99752558396,142131890055
11739137,8192,1,1475350,100121062315,140616547838
11747329,8192,1,1462315,100110564487,142396660172
11755521,8192,1,1607984,100218708518,143748057327
11763713,8192,1,1561092,100091344980,140687450026
11771905,8192,1,1634365,99974635368,136673819622
11780097,8192,1,1611463,100152909187,141165968469
11788289,8192,1,1659488,100051303446,138416494567
11796481,8192,1,1665774,99976385541,138629151249
11804673,8192,1,1595345,99986758305,136415275152
11812865,8192,1,1524046,99728316562,137948237390
11821057,8192,1,1641213,100165414493,139363105027
11829249,8192,1,1680031,99908869524,137602404378
11837441,8192,1,1612325,99880712091,139351155229
11845633,8192,1,1614251,99971067648,141820546597
11853825,8192,1,1556277,99978320446,140689209857
11862017,8192,1,1512954,100017672279,141582380996
11870209,8192,1,1549037,99886206895,139739707441
11878401,8192,1,1571428,100164009970,141960811789
11886593,8192,1,1668305,100312517315,140327355266
11894785,8192,1,1682065,100025730811,143677552861
11902977,8192,1,1570310,100112225843,144415885179
11911169,8192,1,1644933,100154217941,143694131997
11919361,8192,1,1656821,100207884794,142617203586
11927553,8192,1,1582493,100126425907,140536107937
11935745,8192,1,1521475,100167079312,142632205786
11943937,8192,1,1521683,100388045346,147391037814
11952129,8192,1,1489299,99966830319,150326674621
11960321,8192,1,1544635,100287189976,147379121992
11968513,8192,1,1561452,100362822758,148026366023
11976705,8192,1,1547967,99807104865,147808067242
11984897,8192,1,1485163,100423627141,143097556767
11993089,8192,1,1491502,100554250927,142436133593
12001281,8192,1,1511597,100501602390,142594430525
12009473,8192,1,1613129,100389557491,146772109627
12017665,8192,1,1618139,100182492628,145215397676
12025857,8192,1,1670231,100793818551,140652769618
12034049,8192,1,1618179,100973456970,143615224662
12042241,8192,1,1636290,100626663293,143659643590
12050433,8192,1,1664045,100791135270,140803632603
12058625,8192,1,1614383,100610086286,139359067378
12066817,8192,1,1626536,100553630407,140002129803
12075009,8192,1,1627135,100664025896,144311370712
12083201,8192,1,1538091,100839562356,145200966237
12091393,8192,1,1630555,100752831001,139052037873
12099585,8192,1,1633198,100611408516,146142789004
12107777,8192,1,1693381,100714695598,142538525564
12115969,8192,1,1640460,100682351254,143695232229
12124161,8192,1,1538108,100693050780,146795751870
12132353,8192,1,1528903,100580839188,144945789696
12140545,8192,1,1638145,100567752635,145588528563
12148737,8192,1,1686577,100662518085,144865426726
12156929,8192,1,1700547,100764775287,146888822906
12165121,8192,1,1713298,100590983304,149467435884
12173313,8192,1,1558439,100652606920,148240489781
12181505,8192,1,1598931,100706966213,148489512529
12189697,8192,1,1658474,100768276142,148584184236
12197889,8192,1,1637377,100917775639,146850392942
12206081,8192,1,1654920,100978253443,147315138646
12214273,8192,1,1653938,101056372273,150740446453
12222465,8192,1,1558132,101083378473,153907610560
12230657,8192,1,1706312,101058340035,152014182617
12238849,8192,1,1767076,101153617321,152526876979
12247041,8192,1,1547107,101156385394,153785132709
12255233,8192,1,1807586,101213455045,151695975838
12263425,8192,1,1827918,101340557214,150985523005
12271617,8192,1,1812421,101225928616,153796466509
12279809,8192,1,1929005,102065174460,147478408167
12288001,8192,1,1974887,113736085303,167951028165
12296193,8192,1,2023402,120815230694,185459455731
12304385,8192,1,1812523,120875986075,183095814966
12312577,8192,1,1728126,121038645094,193485518427
12320769,8192,1,1828550,120484717452,191617345665
12328961,8192,1,1856686,120211855092,191949903900
12337153,8192,1,1960808,120130384288,184722170782
12345345,8192,1,1834647,120407730128,189929493174
12353537,8192,1,1789128,120394301428,195016357717
12361729,8192,1,1845221,120562860077,193744470187
12369921,8192,1,1928680,120791685995,191391277927
12378113,8192,1,1897871,120919218796,188806206875
12386305,8192,1,1956011,121273660873,189657543702
12394497,8192,1,2024916,121410961017,184949059403
12402689,8192,1,2206937,120878046089,183258633666
12410881,8192,1,2161590,121219190569,174378314596
12419073,8192,1,2154173,120712639060,169994672721
12427265,8192,1,2025421,121107996489,185880728144
12435457,8192,1,1919756,121298892011,185318935599
12443649,8192,1,1849268,121098408850,186459824935
12451841,8192,1,1841994,121305918840,191013038641
12460033,8192,1,1812728,121289513405,185423279620
12468225,8192,1,1836821,121131924561,202136606398
12476417,8192,1,1847130,121013257890,194744382103
12484609,8192,1,1726342,121110215473,194808691670
12492801,8192,1,1565797,121227551605,196017915115
12500993,8192,1,1661227,120989838462,191245235752
12509185,8192,1,1657744,121397791130,190810920552
12517377,8192,1,1686415,120881512313,189208405246
12525569,8192,1,1635921,121020595616,184885509639
12533761,8192,1,1638295,120828007952,189390968533
12541953,8192,1,1630729,121115033416,192147063248
12550145,8192,1,1669238,121350515963,189053872251
12558337,8192,1,1606500,120840646922,182217290655
12566529,8192,1,1705647,120843737763,190237160100
12574721,8192,1,1593840,120738844726,188820050765
12582913,8192,1,1428541,118845017866,188887593901
12591105,8192,1,1527605,119581549488,194077258920
12599297,8192,1,1538160,121177086792,190938986152
12607489,8192,1,1544054,120921611838,193265103265
12615681,8192,1,1489350,121042433482,192447280011
12623873,8192,1,1435704,119449851412,190825910251
12632065,8192,1,1452687,118027659375,191117433350
12640257,8192,1,1546021,120587022943,193053201367
12648449,8192,1,1522355,120371457890,192386834159
12656641,8192,1,1515099,120323786912,190597982164
12664833,8192,1,1463056,119801520354,186350761225
12673025,8192,1,1336569,117778012653,185163102988
12681217,8192,1,1523979,120492919264,196467466366
12689409,8192,1,1641347,120800581446,201647278196
12697601,8192,1,1517616,120209411085,196550819160
12705793,8192,1,1572885,120784865947,193263981753
12713985,8192,1,1443041,119223702600,190648707412
12722177,8192,1,1560503,118711360145,192439620111
12730369,8192,1,1710200,120752573783,200966119824
12738561,8192,1,1525513,120574020911,191981197942
12746753,8192,1,1545180,120340259097,191302686501
12754945,8192,1,1491209,119617730910,187585506031
12763137,8192,1,1419517,119567393503,191655789728
12771329,8192,1,1443602,118754868552,192846867183
12779521,8192,1,1749998,120716159388,179268269292
12787713,8192,1,1637823,120792717738,184591480287
12795905,8192,1,1547938,120670804712,186575664080
12804097,8192,1,1433400,119784397229,187675828088
12812289,8192,1,1468640,119538963045,187504030413
12820481,8192,1,1536022,121005829418,187020209177
12828673,8192,1,1544028,120698206806,190659919656
12836865,8192,1,1619752,120820573618,191955386609
12845057,8192,1,1531456,120973407095,187202766375
12853249,8192,1,1483024,120987635474,184958497655
12861441,8192,1,1519507,120664198995,194440187566
12869633,8192,1,1543637,120610778641,198738949915
12877825,8192,1,1551096,121002511251,199342840414
12886017,8192,1,1516209,121052750886,197872761519
12894209,8192,1,1517293,120791191879,203786021838
12902401,8192,1,1553524,121085055387,202089280001
12910593,8192,1,1693757,121300295216,203234146619
12918785,8192,1,1672044,121340799798,196047826661
12926977,8192,1,1655404,120941956310,197936235447
12935169,8192,1,1569906,120926210670,196921562004
12943361,8192,1,1540925,121105298293,203298101132
12951553,8192,1,1641688,121015559738,197918833875
12959745,8192,1,1563783,120859188337,197393689252
12967937,8192,1,1512297,121685096229,193866456682
12976129,8192,1,1516976,126805399318,195843736362
12984321,8192,1,1530715,126881112753,197083288022
12992513,8192,1,1500023,126849103803,197080311292
13000705,8192,1,1525062,126762365924,189301535735
13008897,8192,1,1570898,126628575442,193476609586
13017089,8192,1,1515070,126715629496,194878199054
13025281,8192,1,1491295,126737597201,188475403963
13033473,8192,1,1399447,126800876454,190590268344
13041665,8192,1,1612103,126573305644,194635696946
13049857,8192,1,1564889,126570069748,194651995443
13058049,8192,1,1549927,126511290892,197147252286
13066241,8192,1,1574840,126648398482,198829665228
13074433,8192,1,1517669,127023106100,200874262389
13082625,8192,1,1555248,127201822791,203391111933
13090817,8192,1,1556053,126522950159,194932593879
13099009,8192,1,1504861,126490789213,195700758815
13107201,8192,1,1482066,126504578382,194039082644
13115393,8192,1,1426374,126482546404,184268708954
13123585,8192,1,1422652,126575548760,188205430521
13131777,8192,1,1500669,126501919615,192425719801
13139969,8192,1,1580952,126501645806,190698671241
13148161,8192,1,1572191,126580580822,181335940131
13156353,8192,1,1502663,126435071350,169040685037
13164545,8192,1,1495807,126867900914,173247588032
13172737,8192,1,1485620,126758082578,179912726356
13180929,8192,1,1624283,126445008957,183360948858
13189121,8192,1,1487793,126454067159,176202717186
13197313,8192,1,1590087,126448018907,186773165835
13205505,8192,1,1603957,126508967574,196273727284
13213697,8192,1,1515619,126648476624,194423753984
13221889,8192,1,1594506,126480910175,192701462535
13230081,8192,1,1571457,126542193961,196669664215
13238273,8192,1,1535402,126591571689,192826108158
13246465,8192,1,1493317,126453218947,186252627690
13254657,8192,1,1432522,126495905368,197594710702
13262849,8192,1,1488041,126602949682,198222391045
13271041,8192,1,1487836,126367437642,188713980972
13279233,8192,1,1482494,126265843066,196299453818
13287425,8192,1,1540706,126290664704,192569976968
13295617,8192,1,1431213,126416230124,197158800129
13303809,8192,1,1381642,126377743039,192284842704
13312001,8192,1,1425200,126414184386,190260637564
13320193,8192,1,1446442,126433497478,193407567691
13328385,8192,1,1451568,126525699709,192882707015
13336577,8192,1,1488450,126443773151,187974561255
13344769,8192,1,1448829,126470974452,202568358075
13352961,8192,1,1435386,126473514687,200631735927
13361153,8192,1,1537204,126540746888,192164321099
13369345,8192,1,1706359,126382828597,193767878506
13377537,8192,1,1739316,126452726028,192731609599
13385729,8192,1,1559597,126463514796,193934388801
13393921,8192,1,1464328,126468436719,199669848076
13402113,8192,1,1527548,126619040869,191666317308
13410305,8192,1,1540567,126512649425,195557855477
13418497,8192,1,1579041,126657363768,192185237725
13426689,8192,1,1652004,126401984278,186764625398
13434881,8192,1,1484258,126375922545,196557274895
13443073,8192,1,1553385,126524177526,202596677225
13451265,8192,1,1545506,126393109813,194505367540
13459457,8192,1,1617660,126509408506,199985554285
13467649,8192,1,1617160,126539220161,197839782558
13475841,8192,1,1597888,126604477600,198945028812
13484033,8192,1,1607554,126579892965,197839175309
13492225,8192,1,1693151,126510267086,196700271853
13500417,8192,1,1730955,126614551074,190560391437
13508609,8192,1,1907030,126451741784,186473376190
13516801,8192,1,1860726,126544257334,192869315688
13524993,8192,1,1743498,126502399379,191881111196
13533185,8192,1,1699555,126537553304,194692705020
13541377,8192,1,1797680,126444001381,192114888582
13549569,8192,1,1806412,126438385106,201773277353
13557761,8192,1,1726244,126479692212,196335615014
13565953,8192,1,1638285,126346564082,197541106441
13574145,8192,1,1634714,126449381758,205266399105
13582337,8192,1,1718939,126525685269,192666557263
13590529,8192,1,1768713,126417251634,194031136434
13598721,8192,1,1731576,126409827801,191212766324
13606913,8192,1,1714696,126194994571,192182588081
13615105,8192,1,1662689,126332832338,202417143401
13623297,8192,1,1659344,126354562546,192613780529
13631489,8192,1,1688326,126167088507,197828402883
13639681,8192,1,1740343,126358272138,202291378697
13647873,8192,1,1656537,126321177990,195953108021
13656065,8192,1,1504782,126229054599,201379233784
13664257,8192,1,1627117,126324235982,200866026537
13672449,8192,1,1617372,126397597617,194436615897
13680641,8192,1,1717682,126185351143,200356512043
13688833,8192,1,1681875,126418968592,200599196772
13697025,8192,1,1659942,126214234182,200610607815
13705217,8192,1,1493091,126442876345,195021791267
13713409,8192,1,1639977,126344852300,197474589278
13721601,8192,1,1637728,126406992783,191480292351
13729793,8192,1,1662768,126254851194,199945275302
13737985,8192,1,1572229,126483226636,200860385597
13746177,8192,1,1626524,126076081216,206129327370
13754369,8192,1,1809146,126386695047,212868774205
13762561,8192,1,1603948,126355692540,201344278629
13770753,8192,1,1713010,126362941154,210808348503
13778945,8192,1,1595162,126358123369,209264688091
13787137,8192,1,1503295,126594660549,199132655992
13795329,8192,1,1492449,126654128960,203912876644
13803521,8192,1,1550781,126482616958,205292079229
13811713,8192,1,1601370,126555088393,201288762862
13819905,8192,1,1499991,126600144015,202694949260
13828097,8192,1,1579600,126426324518,200266481234
13836289,8192,1,1451918,126589449884,211989318925
13844481,8192,1,1485911,126671407417,201345130581
13852673,8192,1,1510421,126431496750,196725664648
13860865,8192,1,1590569,126516589514,201185824195
13869057,8192,1,1615665,126504700303,206468908469
13877249,8192,1,1657339,126494229879,202935017933
13885441,8192,1,1530995,126632403991,211888589314
13893633,8192,1,1593121,126305831185,207323062868
13901825,8192,1,1594780,126628482611,194407175482
13910017,8192,1,1574979,126512975265,202292408738
13918209,8192,1,1528537,126494511250,216537737112
13926401,8192,1,1485566,126581521439,208971675285
13934593,8192,1,1516224,126693079215,210949273876
13942785,8192,1,1526924,126579720747,203410648397
13950977,8192,1,1595071,126529604427,216480313083
13959169,8192,1,1523136,126501530450,216514279439
13967361,8192,1,1498767,126596003961,211771544370
13975553,8192,1,1406922,126595942080,201139023286
13983745,8192,1,1599497,126504388876,197203888922
13991937,8192,1,1623488,126638294462,204535319638
14000129,8192,1,1622392,126578067124,202966195826
14008321,8192,1,1539581,126538188694,198352707526
14016513,8192,1,1479134,126565197225,218410921221
14024705,8192,1,1502447,126588974527,209909096449
14032897,8192,1,1478763,126487822388,209437267385
14041089,8192,1,1533746,126627724761,209727803060
14049281,8192,1,1519738,126594957346,207765474809
14057473,8192,1,1519493,126528476406,210235768597
14065665,8192,1,1378968,126547954984,201417031371
14073857,8192,1,1474826,126438035641,209294633189
14082049,8192,1,1461458,126597812191,210754271333
14090241,8192,1,1463314,126464976827,204670216230
14098433,8192,1,1441040,126385694310,203860362183
14106625,8192,1,1436453,126491228880,210852177801
14114817,8192,1,1496948,126733919140,210947668345
14123009,8192,1,1496987,126542528909,205709966297
14131201,8192,1,1452980,126436119407,209505379186
14139393,8192,1,1423186,126572325359,209376037576
14147585,8192,1,1569308,126563222552,216157642241
14155777,8192,1,1464535,126571618605,211997645867
14163969,8192,1,1479519,126524555259,211744253829
14172161,8192,1,1499313,126468901517,212785862971
14180353,8192,1,1565348,126623168177,209159595582
14188545,8192,1,1470830,126464552679,214104577172
14196737,8192,1,1400549,126494842685,212531683569
14204929,8192,1,1453105,126753079308,219533423735
14213121,8192,1,1460111,126568950512,209510156853
14221313,8192,1,1520459,126652167619,210248095465
14229505,8192,1,1499272,126638616386,216035462990
14237697,8192,1,1548944,126740822535,212315687817
14245889,8192,1,1633816,126506755658,228783157956
14254081,8192,1,1445619,126723848661,210198500805
14262273,8192,1,1431866,126541088768,208532902595
14270465,8192,1,1484052,126508469815,210670687175
14278657,8192,1,1449156,126566654615,212481249299
14286849,8192,1,1474927,126698119621,217913952775
14295041,8192,1,1393083,126635507728,215179288279
14303233,8192,1,1469593,126594053976,208882275943
14311425,8192,1,1512033,126538804256,213283280210
14319617,8192,1,1481371,126576921156,214994312410
14327809,8192,1,1430169,126566265060,215108984610
14336001,8192,1,1419150,126722723223,213567537392
14344193,8192,1,1480284,126435774983,218141079055
14352385,8192,1,1528548,126476867898,227153044054
14360577,8192,1,1546887,126808255314,228815296926
14368769,8192,1,1435509,126571790084,220676992545
14376961,8192,1,1386650,126499954858,221623281784
14385153,8192,1,1382223,126651656770,219886787762
14393345,8192,1,1488051,126664579673,218090404552
14401537,8192,1,1553934,126545677652,222689748628
14409729,8192,1,1634007,126563665151,216361323557
14417921,8192,1,1442200,126580746495,219971420125
14426113,8192,1,1413632,126478067233,227637723850
14434305,8192,1,1548109,126551840239,222691758386
14442497,8192,1,1470527,126615549801,220397580198
14450689,8192,1,1478434,126677467809,216397910047
14458881,8192,1,1458738,126597790863,216057910503
14467073,8192,1,1426514,126403031347,221478541372
14475265,8192,1,1482168,126709937913,224148526894
14483457,8192,1,1557468,126539321538,217382066211
14491649,8192,1,1470187,126437944162,217132556399
14499841,8192,1,1477967,126523369672,214814777581
14508033,8192,1,1465952,126535822834,238978350651
14516225,8192,1,1348724,126493420690,220522511187
14524417,8192,1,1408175,126557593458,217931313255
14532609,8192,1,1417407,126601214291,214483085376
14540801,8192,1,1453750,126608916838,214142898976
14548993,8192,1,1403369,126516523197,213291834212
14557185,8192,1,1395108,126600906242,223573849566
14565377,8192,1,1422523,126760302959,219439530721
14573569,8192,1,1419444,126405917316,208614179197
14581761,8192,1,1376103,126440498278,208652244053
14589953,8192,1,1432106,126608941369,214607913104
14598145,8192,1,1389518,126692065880,211341038515
14606337,8192,1,1325891,126592054869,225193720083
14614529,8192,1,1430620,126570249130,218876199514
14622721,8192,1,1640576,126530216669,219685728293
14630913,8192,1,1458194,126511255699,202727907520
14639105,8192,1,1452283,126394466641,214025095727
14647297,8192,1,1349319,126566104062,224917340769
14655489,8192,1,1452911,126604604446,216317828876
14663681,8192,1,1448499,126332373287,213399309156
14671873,8192,1,1483751,126448598311,218360310709
14680065,8192,1,1524626,126486693032,218409451156
14688257,8192,1,1527468,126545672360,217275509130
14696449,8192,1,1472173,126525431009,195296703310
14704641,8192,1,1419681,126533194875,210662188662
14712833,8192,1,1437270,126467171242,219445150485
14721025,8192,1,1512036,126367840991,219914995469
14729217,8192,1,1439500,126305664805,223388184849
14737409,8192,1,1387353,126409670149,222250370795
14745601,8192,1,1499311,126425130097,225645323995
14753793,8192,1,1558145,126172894422,224517070797
14761985,8192,1,1718804,126212903238,221523494656
14770177,8192,1,1717370,126029090030,222771008280
14778369,8192,1,1473904,126362945352,227809985588
14786561,8192,1,1449449,126492807622,236819825538
14794753,8192,1,1477860,126429514269,217743074487
14802945,8192,1,1512924,126383475179,220315510074
14811137,8192,1,1483765,126427560226,219026274333
14819329,8192,1,1469039,126465883445,212198689163
14827521,8192,1,1400910,126617871845,211638616877
14835713,8192,1,1464190,126577008600,214439845624
14843905,8192,1,1463597,126488966318,205967222838
14852097,8192,1,1435958,126350436560,203459396032
14860289,8192,1,1428608,126334006669,208066519250
14868481,8192,1,1442830,126593504235,211999159448
14876673,8192,1,1444089,126454820297,199199325444
14884865,8192,1,1489984,126427635219,196679415499
14893057,8192,1,1459687,126567897831,196900623573
14901249,8192,1,1429581,126389935326,190809627948
14909441,8192,1,1388421,126535790245,195317971503
14917633,8192,1,1472067,126496416288,194159473704
14925825,8192,1,1441937,126455027935,197327946780
14934017,8192,1,1444164,126497768001,189026349810
14942209,8192,1,1483479,126356513150,191682287185
14950401,8192,1,1440249,126385110650,212647384311
14958593,8192,1,1526412,126307268112,216953533852
14966785,8192,1,1552881,126293740397,219580218857
14974977,8192,1,1547396,126094740945,212094439372
14983169,8192,1,1536599,126211707939,207488218997
14991361,8192,1,1489033,126224000392,219272919971
14999553,8192,1,1453488,126264788639,212854974267
15007745,8192,1,1511797,126501254834,208054185936
15015937,8192,1,1503036,126279848457,207789166426
15024129,8192,1,1519956,126405073088,208322715406
15032321,8192,1,1423112,126368472028,194918802497
15040513,8192,1,1514298,126447574509,204290163601
15048705,8192,1,1540708,126248790503,199181721536
15056897,8192,1,1512494,126305588741,210138889329
15065089,8192,1,1499260,126337822141,204713220219
15073281,8192,1,1452264,126555139864,206965074204
15081473,8192,1,1479484,126496906125,204145757131
15089665,8192,1,1488701,126582720631,201487039697
15097857,8192,1,1503925,126385361299,199626252069
15106049,8192,1,1479703,126275675270,199251978620
15114241,8192,1,1487831,126443159552,203588258539
15122433,8192,1,1451943,126750094045,197134644478
15130625,8192,1,1432546,126356114172,197886186360
15138817,8192,1,1498517,126157841850,200508043021
15147009,8192,1,1502133,126486746806,200699463622
15155201,8192,1,1580935,126483403980,207971849207
15163393,8192,1,1575190,126219434040,207730571534
15171585,8192,1,1536284,126327883878,206698916064
15179777,8192,1,1488705,126401251390,204587035238
15187969,8192,1,1535856,126380404561,207726868659
15196161,8192,1,1502255,126340565283,209871910585
15204353,8192,1,1457865,126470528973,209582489177
15212545,8192,1,1475951,126706209220,212628167869
15220737,8192,1,2099730,126390140428,231864955921
15228929,8192,1,1507534,126385341833,213661956615
15237121,8192,1,1532314,126415790802,214077900191
15245313,8192,1,1492981,126326458992,212562549571
15253505,8192,1,1473283,126472813488,216491392150
15261697,8192,1,1660048,126534594704,221541723236
15269889,8192,1,1600297,126589300886,221504573490
15278081,8192,1,1808125,126391955349,226643794213
15286273,8192,1,1509403,126411630842,212096734929
15294465,8192,1,1492102,126503841855,217922379482
15302657,8192,1,1481006,126879977162,212170600585
15310849,8192,1,1455573,126338823947,203915957740
15319041,8192,1,1468523,126384171157,204870519150
15327233,8192,1,1455118,126452603869,204341849128
15335425,8192,1,1428014,126484960125,209480924954
15343617,8192,1,1414560,126583909748,210818038999
15351809,8192,1,1433222,126370246098,202248849252
15360001,8192,1,1438656,126724972455,210531260027
15368193,8192,1,1422503,126526502925,204717344038
15376385,8192,1,1417976,126364437949,207729154914
15384577,8192,1,1424419,126656766137,213334625699
15392769,8192,1,1381472,126593536534,202271944455
15400961,8192,1,1366854,126560232721,204061563012
15409153,8192,1,1391499,126696531231,210098746281
15417345,8192,1,1408332,126595281337,204335208558
15425537,8192,1,1382698,126492112406,208266988911
15433729,8192,1,1361048,126653338550,203410999627
15441921,8192,1,1392230,126508621863,204484817815
15450113,8192,1,1350466,126393470273,198686493692
15458305,8192,1,1425866,126500624148,201579412712
15466497,8192,1,1388874,126680471683,200838945713
15474689,8192,1,1432354,126763626150,207866840439
15482881,8192,1,1439442,126625747723,203454352387
15491073,8192,1,1418575,126514564670,207395123347
15499265,8192,1,1399446,126591544745,197791884901
15507457,8192,1,1421860,126366550708,205305707930
15515649,8192,1,1386719,126711988256,211049936393
15523841,8192,1,1434635,126473241960,202166736899
15532033,8192,1,1480058,126415568321,207780742803
15540225,8192,4702882,1539317,126223755357,205805063780
15548417,8192,4711204,1549433,125266962992,210272776118
15556609,8192,4719481,1506999,125314419131,215863575342
15564801,8192,4727753,1326511,125385512822,210664424604
15572993,8192,4736026,1301225,125359407921,207733310260
15581185,8192,4744366,1298022,125291818536,204018701633
15589377,8192,4752640,1292103,125493083866,209233988389
15597569,8192,4760873,1269576,125171890894,205054560845
15605761,8192,4769097,1281934,125158789139,209575044321
15613953,8192,4777324,1266483,125184058805,203644106181
15622145,8192,4785575,1310843,125352153039,206918004864
15630337,8192,4793834,1350424,125402191477,207139124727
15638529,8192,4802063,1271916,125290664131,203615192011
15646721,8192,4810311,1382229,125417435852,199780976220
15654913,8192,4818560,1341844,125241377890,204131791308
15663105,8192,4826793,1338871,125235624379,212274506885
15671297,8192,4835033,1473498,125267623539,191918113757
15679489,8192,4843307,1341943,125238576083,205122118352
15687681,8192,4851548,1358945,125339300495,210042058234
15695873,8192,4859783,1366233,125332552702,202825469544
15704065,8192,4868035,1366939,125309608945,204615714328
15712257,8192,4876269,1258668,125580844155,166313047849
15720449,8192,4884504,1269011,125586649741,178648400311
15728641,8192,4892734,1290568,125336795671,199030634474
15736833,8192,4900965,1218505,125671533571,194504332224
15745025,8192,4909209,1270641,125186719880,206115043019
15753217,8192,4917440,1222591,125621248902,199631434190
15761409,8192,4925676,1136071,125642950151,198958375079
15769601,8192,4933927,1207034,125446738312,205018267086
15777793,8192,4942152,1230057,125167110607,194815803222
15785985,8192,4950396,1236387,125097758007,198425656838
15794177,8192,4958625,1304488,125171471581,202482723333
15802369,8192,4966858,1224835,125188882612,199109484394
15810561,8192,4975086,1104271,125176226874,199837780544
15818753,8192,4983340,1191983,125462451283,203893110297
15826945,8192,4991606,1208452,124895221202,201373598546
15835137,8192,4999843,1258925,124696117492,204700616026
15843329,8192,5008082,1266737,124905141764,205803961981
15851521,8192,5016328,1181380,124808204719,200035968826
15859713,8192,5024572,1181075,124913583891,207477620856
15867905,8192,5032801,1198642,124853581395,206159645294
15876097,8192,5041067,1256946,124485974258,202157034459
15884289,8192,5049305,1185695,124420511601,207217317205
15892481,8192,5057550,1237468,124320433939,201511837098
15900673,8192,5065779,1160265,124212174085,209203624761
15908865,8192,5074016,1058092,124650352681,206891683329
15917057,8192,5082245,1154274,124317182853,206507267115
15925249,8192,5090476,1267752,124214048769,208661300938
15933441,8192,5098721,1375306,124264129443,220417248105
15941633,8192,5106967,1389702,123940720851,220553532376
15949825,8192,5115210,1290366,124034382029,215567361103
15958017,8192,5123438,1173643,124359427972,221600885362
15966209,8192,5131663,1310249,124224713160,229518962179
15974401,8192,5139899,1340522,124099640351,231790403349
15982593,8192,5148147,1235970,124322924690,218449967859
15990785,8192,5156389,1283371,124198929531,216012602380
15998977,8192,5164630,1225813,124186386101,214457941189
16007169,8192,5172864,1052847,124623074343,207903419604
16015361,8192,5181097,1052959,124493600992,222295975757
16023553,8192,5189331,1090688,124243013279,221778901300
16031745,8192,5197584,1104026,124381451256,216523388617
16039937,8192,5205840,1123041,124395808586,215699071322
16048129,8192,5214078,1134623,124830620768,216628931674
16056321,8192,5222314,1125502,124617193118,222011210766
16064513,8192,5230552,1010762,124683765373,222764347070
16072705,8192,5238780,1246034,124333477118,220597798165
16080897,8192,5247021,1178575,124260753374,225334904666
16089089,8192,5255267,1123580,124306431578,222656279511
16097281,8192,5263499,1140851,124439942230,218802203978
16105473,8192,5271733,1161857,124361331384,221166830310
16113665,8192,5279979,1109178,124669356777,224625048420
16121857,8192,5288231,1162628,124391196480,218333952373
16130049,8192,5296473,1180458,124399949367,216327078256
16138241,8192,5304780,1078802,124660642804,214113489774
16146433,8192,5313022,1399504,124480225073,230414454252
16154625,8192,5321262,1831486,124194901488,261226747764
16162817,8192,5329495,1289430,124612317459,244749554276
16171009,8192,5337741,1315758,124340884409,230080961382
16179201,8192,5345985,1305539,124066232016,234028236374
16187393,8192,5354220,1237219,124237008425,227695761156
16195585,8192,5362459,1242340,124164031098,224840376621
16203777,8192,5370696,1298513,123955699854,228023174858
16211969,8192,5378936,1110066,124443582796,234487098055
16220161,8192,5387165,1089412,124386084913,222736884601
16228353,8192,5395399,1161951,123977256702,220311974023
16236545,8192,5403630,1168807,124125228021,226259491990
16244737,8192,5411850,1131902,124288779632,227229802556
16252929,8192,5420067,1149718,124332292810,238335340683
16261121,8192,5428297,1006443,124925233758,249505379727
16269313,8192,5436528,1004179,124695474779,227153969501
16277505,8192,5444770,1149822,124398327669,227885096015
16285697,8192,5452994,1133861,124278260394,231009231880
16293889,8192,5461230,1092288,124265714717,231507690439
16302081,8192,5469460,1072509,124403719165,239636970186
16310273,8192,5477688,941325,124731511962,253157521874
16318465,8192,5485913,882467,124766784923,224249469848
16326657,8192,5494140,1064365,124413151568,219358289239
16334849,8192,5502372,1203661,124227087257,223278998148
16343041,8192,5510610,1295735,124036901019,233630630552
16351233,8192,5518848,1181661,124111787777,224833336371
16359425,8192,5527079,1079067,124533103336,244934183091
16367617,8192,5535309,1377208,124373927230,247223599362
16375809,8192,5543539,1202265,124039788633,245250299490
16384001,8192,5551774,1240571,124100331466,227520927229
16392193,8192,5560023,1251207,124003722518,231172270287
16400385,8192,5568264,1239850,124052994132,223163602214
16408577,8192,5576488,1265814,123867348059,239151324155
16416769,8192,5584742,1147721,124148195400,242385435020
16424961,8192,5592977,1192692,124003358239,242726616324
16433153,8192,5601200,1188570,124166203859,229664852633
16441345,8192,5609436,1214158,123872046169,234858549871
16449537,8192,5617666,1166299,124245007447,225285227086
16457729,8192,5625902,1176755,123985010086,241938072619
16465921,8192,5634141,1029846,124556794423,231254977975
16474113,8192,5642371,1087223,124368765692,225517582040
16482305,8192,5650601,1173116,124180458932,226706929333
16490497,8192,5658845,1158866,124219659457,229162238123
16498689,8192,5667082,1248259,124168429071,233269598377
16506881,8192,5675313,1170549,124282739423,231988016131
16515073,8192,5683551,1131564,124390215662,226029311864
16523265,8192,5691780,1225728,123979933211,228986035469
16531457,8192,5700013,1233882,124053338198,225906265811
16539649,8192,5708260,1211444,123988503328,234008997885
16547841,8192,5716525,1256586,123922282104,221859198919
16556033,8192,5724762,1230919,124009051113,223080526137
16564225,8192,5732991,1239040,124028389925,234332134595
16572417,8192,5741223,1226880,123982832351,228785375907
16580609,8192,5749471,1296813,123813847300,221628329252
16588801,8192,5757729,1266771,123805018180,224890106564
16596993,8192,5765970,1247419,123939513129,230658062291
16605185,8192,5774205,1147285,124058090877,231927475767
16613377,8192,5782440,1084123,124251855466,228998167623
16621569,8192,5790686,1209663,124076116461,227484116441
16629761,8192,5798933,1278174,124175952832,227099998100
16637953,8192,5807177,1330708,123602214180,215722793365
16646145,8192,5815423,1279631,123702477060,224932384899
16654337,8192,5823744,1183021,123877292698,231470333350
16662529,8192,5832032,1132813,124094677752,245267886164
16670721,8192,5840313,1209310,123989450841,238912757071
16678913,8192,5848599,1253099,123926563458,232900305839
16687105,8192,5856905,1251013,124004103042,232867454031
16695297,8192,5865191,1245742,123923427248,222151273350
16703489,8192,5873502,1235602,124080283695,241580675373
16711681,8192,5881803,1135044,124299971638,248462356991
16719873,8192,5890089,1154719,124214204463,236018334647
16728065,8192,5898362,1210401,123956363401,231526541063
16736257,8192,5906658,1246107,123945396983,223042117973
16744449,8192,5914960,1250768,123917230336,228009680572
16752641,8192,5923268,1232077,123922994202,227819588910
16760833,8192,5931557,1101217,124016467187,226221043316
16769025,8192,5939852,1115077,123940593590,220182668259
16777217,8192,5948143,1203820,123946925971,218204469738
16785409,8192,5956437,1190451,123833585470,217770520555
16793601,8192,5964730,1192548,123749498190,212987223227
16801793,8192,5973054,1222847,123956529365,225979754934
16809985,8192,5981358,1158585,123615753440,230171086814
16818177,8192,5989636,1190257,123880766762,233858953012
16826369,8192,5997923,1315502,124066841094,227676544973
16834561,8192,6006221,1280191,123785793744,220067269251
16842753,8192,6014515,1218102,123790540045,218144328547
16850945,8192,6022798,1219963,123930827780,222911614715
16859137,8192,6031084,1161119,123958338109,231291366314
16867329,8192,6039371,1171240,124129112556,230538988036
16875521,8192,6047642,1267203,123879852147,227278364004
16883713,8192,6055930,1262897,123950930417,226186742390
16891905,8192,6064228,1232554,123924166484,219099200653
16900097,8192,6072508,1261532,123799373290,216552846851
16908289,8192,6080793,1204241,123697797710,225799991318
16916481,8192,6089077,1166469,123872500417,231470646590
16924673,8192,6097362,1313286,123887439402,224525819640
16932865,8192,6105654,1318114,123736211580,230903539817
16941057,8192,6113948,1371249,123781285971,224055151157
16949249,8192,6122230,1324221,123851146021,226455046333
16957441,8192,6130520,1201645,123770774514,232625008076
16965633,8192,6138828,1130553,124115291400,231980235263
16973825,8192,6147196,1206396,123973096845,224052779717
16982017,8192,6155571,1296153,123799597728,221791616241
16990209,8192,6163998,1245876,123829143218,222270575696
16998401,8192,6172357,1236370,123949207012,226443691316
17006593,8192,6180713,1095386,124186445686,229143734852
17014785,8192,6189078,1097696,124373036821,245015602968
17022977,8192,6197431,1184850,124038711706,226168865630
17031169,8192,6205770,1232776,123930837647,225116020921
17039361,8192,6214644,1316623,123920763300,224891865846
17047553,8192,6223141,1373527,123682150949,225462751067
17055745,8192,6231549,1236837,124174335358,228275678724
17063937,8192,6239930,1008710,124612817560,225325606433
17072129,8192,6248275,1183210,123779206831,206275965099
17080321,8192,6256608,1260658,123645465790,201943234784
17088513,8192,6264965,1260278,123647922745,194367430768
17096705,8192,6273315,1195518,123606718765,209212608220
17104897,8192,6281580,1014510,124351735830,209836757432
17113089,8192,6289852,998796,124202567206,207101911717
17121281,8192,6298121,1079273,124077209846,203006391846
17129473,8192,6306398,1108894,124161798539,213120215276
17137665,8192,6314693,1094899,124246637405,213806224833
17145857,8192,6322984,1150300,124075434998,207948742755
17154049,8192,6331276,1053151,124293347868,209503458629
17162241,8192,6339552,1116778,123894911874,208779005044
17170433,8192,6347847,1259515,123549394465,193956042225
17178625,8192,6356141,1302281,123514410067,202627982053
17186817,8192,6364447,1268222,123677502767,201503258166
17195009,8192,6372722,1334072,123586995334,188525550189
17203201,8192,6381005,1375665,123325720760,181428777779
17211393,8192,6389309,1269359,123489821555,190768091814
17219585,8192,6397595,1316145,123397475306,194491773514
17227777,8192,6405886,1281602,123525891650,198338005476
17235969,8192,6414187,1256380,123586573657,193859891633
17244161,8192,6422571,1265659,123572520849,198635735919
17252353,8192,6431060,1227759,123671374561,214298289301
17260545,8192,6439423,1143861,123975679931,228634979012
17268737,8192,6447756,1247976,123689972357,209112492540
17276929,8192,6456078,1225854,123699524669,198825318808
17285121,8192,6464411,1200074,123686298402,218944501615
17293313,8192,6472712,1235586,123611194696,207811946093
17301505,8192,6481018,1244725,123809963167,211299935702
17309697,8192,6489326,1176759,123949583273,219835710849
17317889,8192,6497627,1224036,123535394964,206039224066
17326081,8192,6505936,1271485,123566158009,201337255361
17334273,8192,6514227,1213764,123611052485,210205694210
17342465,8192,6522521,1220033,123559546994,207067405972
17350657,8192,6530810,1190892,123706210400,216214681366
17358849,8192,6539086,1097182,123977816887,211910708684
17367041,8192,6547367,1232605,123526861260,198836321520
17375233,8192,6555668,1355447,123551402440,202361683363
17383425,8192,6563975,1256364,123670066137,207583839781
17391617,8192,6572280,1227341,123601410945,209856177876
17399809,8192,6580587,1246478,123797697040,216091482258
17408001,8192,6588914,1123000,124044778310,224796546902
17416193,8192,6597245,1269906,123743510946,220596198568
17424385,8192,6605563,1290349,123571782475,222920857011
17432577,8192,6613884,1215614,123977234268,219742679332
17440769,8192,6622203,1142107,124116885794,216382001203
17448961,8192,6630518,1318220,123834754157,233891408398
17457153,8192,6638828,1371127,124366947124,252830537225
17465345,8192,6647132,1139240,124284630535,230124368817
17473537,8192,6655432,1118499,124036532288,223443029282
17481729,8192,6663738,1167236,123974272274,220600422711
17489921,8192,6672036,1269205,123713974467,224373160941
17498113,8192,6680314,1278229,123781928256,219893867611
17506305,8192,6688575,1097821,124418769032,224788735052
17514497,8192,6696852,1200669,124340518916,221329372044
17522689,8192,6705139,1244132,123969649458,217087299317
17530881,8192,6713412,1254698,123801937893,219117923966
17539073,8192,6721698,1202255,123775890332,219843221050
17547265,8192,6729991,1183886,124107681984,226436070019
17555457,8192,6738288,1142197,124416112644,233416989861
17563649,8192,6746591,1094662,124391082754,232626601633
17571841,8192,6754910,1243595,124011718560,224410308644
17580033,8192,6763173,1246138,123656872333,215010716491
17588225,8192,6771437,1220773,123600570876,201917257805
17596417,8192,6779714,1285195,123589648360,209311086400
17604609,8192,6788002,1127444,123962367108,226862553641
17612801,8192,6796294,1108831,124051288689,224568198910
17620993,8192,6804576,1218492,123776521297,229038190057
17629185,8192,6812859,894478,125317003080,158192534809
17637377,8192,6821141,1009584,124520012251,176930516098
17645569,8192,6829423,1188604,123540108721,205340502984
17653761,8192,6837721,1145572,123736105560,216475088687
17661953,8192,6846009,1121758,123823005628,214252331318
17670145,8192,6854313,1256352,123679748158,213089456706
17678337,8192,6862607,1224990,123816739190,214229651216
17686529,8192,6870912,1264714,123654678978,204877669644
17694721,8192,6879202,1287665,123408708438,220729218507
17702913,8192,6887554,1098212,123991774872,228336157850
17711105,8192,6895845,1108258,123788035887,233890198207
17719297,8192,6904113,1232852,123693345817,220470731038
17727489,8192,6912402,1335960,123472687664,207202148523
17735681,8192,6920655,1213157,123578980328,211777284025
17743873,8192,6928910,1277573,123594496185,207437914037
17752065,8192,6937162,1154856,123439317921,211575220683
17760257,8192,6945412,1122970,123725286457,214428951863
17768449,8192,6953662,1166718,123587905718,210146412012
17776641,8192,6961925,1169406,123654616772,211358314278
17784833,8192,6970175,1152283,123604124435,215972282819
17793025,8192,6978424,1170610,123601748165,200842148979
17801217,8192,6986678,1130078,123548526906,224235974715
17809409,8192,6994934,1130415,123727490035,238362445825
17817601,8192,7003174,1191194,123693477330,238034712479
17825793,8192,7011410,1219535,123557826561,223579054017
17833985,8192,7019652,1204918,123575373732,217388632438
17842177,8192,7027902,1236320,123689649053,214722029658
17850369,8192,7036151,1265346,123558675615,220811641798
17858561,8192,7044407,1157496,123929573197,230506292706
17866753,8192,7052664,1183951,123658814084,217401293095
17874945,8192,7060922,1278407,123642908245,209038503271
17883137,8192,7069180,1199199,123569105452,215263711750
17891329,8192,7077424,1204048,123571644886,211531792020
17899521,8192,7085686,1149470,123705192123,218968140186
17907713,8192,7093924,1069430,123938547216,222546671003
17915905,8192,7102175,1145941,123688977805,217664955552
17924097,8192,7110423,1199646,123514505273,207988414309
17932289,8192,7118675,1221132,123514220373,207472487724
17940481,8192,7126933,1231073,123559394968,219094007685
17948673,8192,7135190,1248894,123623668837,226380882177
17956865,8192,7143454,1099647,123889088349,228808596020
17965057,8192,7151711,1157411,123638299505,217341353643
17973249,8192,7159953,1181639,123578092102,210867634418
17981441,8192,7168195,1188780,123426270631,212045188557
17989633,8192,7176448,1200236,123591117988,209081485124
17997825,8192,7184717,1177795,123566501958,217231178426
18006017,8192,7192955,1067515,123979983927,232412849623
18014209,8192,7201216,1110139,123876347374,216279287088
18022401,8192,7209486,1173383,123559378879,203844023953
18030593,8192,7217747,1177056,123507968462,216779386904
18038785,8192,7226002,1151703,123568189717,224263388799
18046977,8192,7234267,1129441,123895897097,232868706993
18055169,8192,7242532,1212054,124049690052,237866242497
18063361,8192,7250786,1140613,123712356534,228610288307
18071553,8192,7259026,1107207,123998293126,217770842414
18079745,8192,7267303,1229221,123576941238,213731387247
18087937,8192,7275548,1158819,123656399105,214749008738
18096129,8192,7283810,1140087,123714074502,220666127667
18104321,8192,7292076,1035592,124064972672,233888958656
18112513,8192,7300337,1068455,124125573099,233946186933
18120705,8192,7308598,1231558,123782706356,227567934711
18128897,8192,7316868,1804705,123807268147,259696192378
18137089,8192,7325152,1220780,123755928993,219296171697
18145281,8192,7333463,1167260,123474759659,220905912486
18153473,8192,7341807,1040843,124077823347,230735991277
18161665,8192,7350157,1045352,124076331700,232627900622
18169857,8192,7358440,1155698,123804646559,221917079861
18178049,8192,7366694,1168029,123738642967,222425019989
18186241,8192,7374947,1287030,123844935174,228598772833
18194433,8192,7383221,1126547,123712845708,225835428963
18202625,8192,7391475,987425,124535109821,234162990438
18210817,8192,7399742,1012301,124231635810,242240826989
18219009,8192,7407987,1160175,123996504845,221068402320
18227201,8192,7416247,1234696,123502477845,225035042945
18235393,8192,7424510,1192308,123850914107,226509765141
18243585,8192,7432769,1181081,123639714052,229492349981
18251777,8192,7441011,1122330,123791286451,231804439229
18259969,8192,7449248,1057141,124005826008,238521982448
18268161,8192,7457480,1149776,123780189861,227583865873
18276353,8192,7465732,1138922,123825049322,233461772067
18284545,8192,7473976,1116748,123912936549,230674177418
18292737,8192,7482227,1127798,124011657362,236630391276
18300929,8192,7490473,1167190,123832281793,242989849761
18309121,8192,7498722,1053420,124124411697,244318835577
18317313,8192,7506978,1133163,123892826376,240248824955
18325505,8192,7515227,1132535,123963669651,245871875912
18333697,8192,7523497,1174914,123807898511,240389280328
18341889,8192,7531758,1150732,124008898402,230685309866
18350081,8192,7540010,1095754,124066570254,236582603562
18358273,8192,7548250,1031926,124293311968,247744964584
18366465,8192,7556485,1169850,123796488548,229089111220
18374657,8192,7564737,1137885,123763453499,235862801127
18382849,8192,7572992,1137153,123739979971,234658649532
18391041,8192,7581241,1196116,123696138160,224023193029
18399233,8192,7589493,1188419,123748760146,234801200219
18407425,8192,7597744,1130750,123806830257,241523142954
18415617,8192,7606005,1203397,123713240856,226959939654
18423809,8192,7614258,1257068,123661939920,226977770619
18432001,8192,7622531,1252621,123647146166,221705787595
18440193,8192,7630780,1205858,123608104486,227268180216
18448385,8192,7639025,1171536,123606480487,226767120353
18456577,8192,7647282,1184335,123687962207,225868591965
18464769,8192,7655550,1227707,123656285174,232153347387
18472961,8192,7663813,1284738,123601764262,217650891555
18481153,8192,7672060,1256303,123642445478,224816919279
18489345,8192,7680331,1195079,123543052072,228797914663
18497537,8192,7688594,1238864,123729824111,231888853527
18505729,8192,7696861,1182352,123593591406,233209678584
18513921,8192,7705129,1233586,123621916055,221588528639
18522113,8192,7713386,1230026,123625792489,229734565728
18530305,8192,7721624,1223627,123553925647,224959594981
18538497,8192,7729874,1290154,123671245630,225671441655
18546689,8192,7738125,1276381,123699036245,243346223612
18554881,8192,7746382,1246012,123733776212,252494696272
18563073,8192,7754631,1246486,123634151269,222779143816
18571265,8192,7762868,1219353,123672327030,217331832469
18579457,8192,7771127,1233808,123544543122,222880474578
18587649,8192,7779363,1254190,123650030852,223756803901
18595841,8192,7787617,1244508,123614833950,226865879042
18604033,8192,7795903,1259904,123713505259,243880590969
18612225,8192,7804160,1216570,123810115467,235889847837
18620417,8192,7812425,1282421,123680636979,220278728934
18628609,8192,7820683,1290295,123762052048,220644682437
18636801,8192,7828925,1329761,123624356896,227097801587
18644993,8192,7837197,1229232,123673332562,242677896062
18653185,8192,7845459,1124831,123722979147,249085465267
18661377,8192,7853721,1141839,123760941969,252813697906
18669569,8192,7861982,1276577,123643292573,225086712011
18677761,8192,7870232,1348989,123665435619,220145970336
18685953,8192,7878487,1292258,123614723053,221234045195
18694145,8192,7886739,1280894,123635445331,211767109044
18702337,8192,7894977,1370284,123674712258,231477913232
18710529,8192,7903249,1196262,123768009361,255098817993
18718721,8192,7911506,1315408,123701070991,232429933481
18726913,8192,7919763,1376836,123723517082,237420873036
18735105,8192,7928038,1294708,123852643029,241148489905
18743297,8192,7936310,1380152,123592761710,230797659429
18751489,8192,7944586,1294239,123792768243,256064441530
18759681,8192,7952835,1286704,123765852488,257326253265
18767873,8192,7961090,1233835,123872769832,245786992168
18776065,8192,7969343,1205041,123986510127,247187934275
18784257,8192,7977613,1310812,123933188174,238640385591
18792449,8192,7985880,1371731,123735994772,225429568273
18800641,8192,7994181,1231492,123976611447,218967077565
18808833,8192,8002461,1239882,123867437997,276183007253
18817025,8192,8010724,1294709,123735714868,230753342107
18825217,8192,8019018,1333260,123846313048,235826087618
18833409,8192,8027303,1475343,123747332848,234252297948
18841601,8192,8035559,1384494,123689349896,243497715217
18849793,8192,8043832,1323590,123619746748,255957928599
18857985,8192,8052126,1314599,123671843490,257770024153
18866177,8192,8060419,1273194,123657643737,262774687167
18874369,8192,8068684,1277332,123711691345,256874564751
18882561,8192,8076974,1321935,123658427466,238498443740
18890753,8192,8085252,1332345,123535674414,239456589763
18898945,8192,8093563,1248370,123739831742,257270338345
18907137,8192,8101832,1253229,123728100060,270334680088
18915329,8192,8110114,1266595,123781071763,285879280077
18923521,8192,8118398,1288376,123635147516,244657311567
18931713,8192,8126667,1252811,123705837334,237836960733
18939905,8192,8134951,1264747,123685039020,247143862971
18948097,8192,8143260,1204967,123815134928,259701396053
18956289,8192,8151644,1161537,124211789248,258201481397
18964481,8192,8159956,1256820,123969766721,260546496879
18972673,8192,8168234,1252926,123728441436,250196133673
18980865,8192,8176488,1415393,123858693129,224549481484
18989057,8192,8184767,1378115,123669387522,255955176563
18997249,8192,8193014,1385398,123764285378,244489568282
19005441,8192,8201259,2044815,123824739294,211632791584
19013633,8192,8209499,1454448,123669961183,238265721001
19021825,8192,8217728,1418905,123653695356,217407133973
19030017,8192,8225983,1368129,123782896509,218515881584
19038209,8192,8234228,1371339,123663808593,227303788778
19046401,8192,8242460,1304989,123701427919,250697409591
19054593,8192,8250694,1231354,123767425903,266705355228
19062785,8192,8259059,1276243,123815788056,259922525282
19070977,8192,8267362,1259116,123826364821,258728924102
19079169,8192,8275635,1244576,123691753909,252658877452
19087361,8192,8283896,1333438,123832840822,233992844844
19095553,8192,8292156,1339566,123691549401,241668686178
19103745,8192,8300438,1321099,123849518114,260342703227
19111937,8192,8308689,1260937,123793147462,265199718273
19120129,8192,8316948,1359851,123815115800,238115422838
19128321,8192,8325217,1314760,123666197796,231506045094
19136513,8192,8333493,1305248,123946920476,223436477610
19144705,8192,8341773,1266103,124104017949,231425951830
19152897,8192,8350064,1198093,124118652749,250846035283
19161089,8192,8358344,1230459,124206694754,252698532973
19169281,8192,8366622,1242437,124122790289,221736998386
19177473,8192,8374907,1340729,123989599941,212934776655
19185665,8192,8383182,1236760,123969611623,204492699656
19193857,8192,8391454,1222610,123806886071,191821877176
19202049,8192,8399735,1165655,124131985407,220435001472
19210241,8192,8408023,1140966,124274057934,243998067352
19218433,8192,8416275,1181096,124295618123,244230372113
19226625,8192,8424566,1297683,124266922414,238294054182
19234817,8192,8432837,1319023,124094997030,237687142506
19243009,8192,8441120,1360327,123910732432,232529018581
19251201,8192,8449406,1252019,124116392865,257752577565
19259393,8192,8457720,1260334,124142787832,244911146996
19267585,8192,8465991,1316043,124053267886,245903443133
19275777,8192,8474282,1309169,124018708984,226830387200
19283969,8192,8482572,1275841,124069272958,221240885645
19292161,8192,8490824,1305573,124069543469,214334838966
19300353,8192,8499067,1256213,124228260168,240603002438
19308545,8192,8507317,1263227,124254644406,254801920859
19316737,8192,8515576,1372672,124139191434,239380113132
19324929,8192,8523827,1383445,124230321106,240990160541
19333121,8192,8532090,1428299,124072932148,234052980333
19341313,8192,8540334,1378236,124230760063,237918939665
19349505,8192,8548571,1403329,124273109664,240247981314
19357697,8192,8556815,1360346,124388928610,253319977476
19365889,8192,8565049,1451538,124212199926,233709883883
19374081,8192,8573279,1456308,124187628104,234470482382
19382273,8192,8581515,1390404,124001805374,228770684219
19390465,8192,8589756,1406332,124183216259,230052432215
19398657,8192,8598061,1376343,124298522851,237558586319
19406849,8192,8606304,1323253,124203729016,243449446935
19415041,8192,8614553,1409825,124184434083,237092340307
19423233,8192,8622797,1407012,124190932397,239907100429
19431425,8192,8631094,1479016,124444652304,241263241612
19439617,8192,8639405,1494194,124598689249,256730639582
19447809,8192,8647696,1525689,124654060201,272797014480
19456001,8192,8655991,1400235,124746985771,283102227659
19464193,8192,8664284,1463073,124708696824,267740767293
19472385,8192,8672573,1567587,124492865502,246146348479
19480577,8192,8680848,1569982,124675941826,251612046250
19488769,8192,8689133,1519310,124642372180,259821347657
19496961,8192,8697400,1532953,124562923150,264918629035
19505153,8192,8705700,1441553,124706105566,282231217933
19513345,8192,8714026,1431476,124579418319,264745313121
19521537,8192,8722316,1534603,124318946052,251671558002
19529729,8192,8730829,1504678,124337950932,245770505486
19537921,8192,8739185,1496091,124380640734,251720680213
19546113,8192,8747474,1471940,124404502871,258460315716
19554305,8192,8755777,1421459,124410898435,271796958990
19562497,8192,8764071,1449555,124385162902,262204696109
19570689,8192,8772348,1436175,124282074762,242244579227
19578881,8192,8780597,1384474,124120403426,243705006837
19587073,8192,8788850,1423744,124233175249,245855712362
19595265,8192,8797112,1411530,124285329601,252727838913
19603457,8192,8805376,1362120,124482829897,277996693835
19611649,8192,8813644,1366587,124396688881,261030149252
19619841,8192,8821912,1431304,124303363675,225863342625
19628033,8192,8830158,1382837,124278179872,251289157470
19636225,8192,8838416,1386317,124267212875,255405672259
19644417,8192,8846685,1477932,124283847315,252468841126
19652609,8192,8854969,1327150,124512018946,260029146437
19660801,8192,8863231,1333121,124620238398,272992776059
19668993,8192,8871496,1361699,124457738133,262796907811
19677185,8192,8879742,1402400,124720060656,239523951632
19685377,8192,8887996,1426421,124385138939,252554587036
19693569,8192,8896260,1349485,124526186496,253655048306
19701761,8192,8904509,1300798,124683267469,283346526465
19709953,8192,8912750,1312484,124522623013,264027857225
19718145,8192,8920990,1367280,124234964352,255152524157
19726337,8192,8929255,1367565,124243473683,238433261804
19734529,8192,8937499,1360530,124198160597,241440384333
19742721,8192,8945763,1355984,124540036759,267808576328
19750913,8192,8954019,1252870,124821955842,277924575056
19759105,8192,8962263,1317146,124580362846,264206212950
19767297,8192,8970503,1425710,124319133475,239940309273
19775489,8192,8978751,1426943,124406846992,240720518719
19783681,8192,8986991,1408096,124487406122,245537477158
19791873,8192,8995239,1375954,124221565854,251357358971
19800065,8192,9003484,1328449,124456618248,262753454614
19808257,8192,9011734,1308968,124536261314,249552258853
19816449,8192,9019990,1361273,124451868445,252699841993
19824641,8192,9028233,1386800,124442024416,248136833938
19832833,8192,9036486,1311633,124472221441,252610358435
19841025,8192,9044737,1321663,124723548990,261743350232
19849217,8192,9052980,1296587,124201124261,240477705373
19857409,8192,9061230,1211690,124816889058,257726172406
19865601,8192,9069473,1341044,124415440188,245476925110
19873793,8192,9077747,1364059,124478097811,256050983932
19881985,8192,9085984,1370389,124290076590,243316473923
19890177,8192,9094228,1315726,124427228697,242248267701
19898369,8192,9102490,1250201,124502760559,270215855331
19906561,8192,9110734,1226278,124794745557,254541975651
19914753,8192,9118990,1262021,124642676514,244840269937
19922945,8192,9127236,1373100,124069895033,246146302636
19931137,8192,9135486,1343031,124229005523,249487093984
19939329,8192,9143725,1329349,124204790713,240601247428
19947521,8192,9151974,1333083,124392561546,267304197354
19955713,8192,9160210,1314942,124423623184,258458306608
19963905,8192,9168454,1333019,124345711165,234621266360
19972097,8192,9176695,1257352,124232825992,244431788841
19980289,8192,9184953,1323568,124094474908,235779937261
19988481,8192,9193196,1326751,124163998517,228740024241
19996673,8192,9201443,1336252,123996321353,240356058905
20004865,8192,9209675,1240854,124226710247,241767184600
20013057,8192,9217912,1304799,123931172877,225112352898
20021249,8192,9226144,1330787,123950597201,238633274615
20029441,8192,9234372,1338896,123821130868,222673020210
20037633,8192,9242611,1317090,123654099640,225039867957
20045825,8192,9250848,1347082,123953641816,240066521161
20054017,8192,9259089,1325267,123876567291,257023101544
20062209,8192,9267322,1318717,124055393101,241509397990
20070401,8192,9275563,1366227,123762444016,229076378715
20078593,8192,9283801,1384871,123911184108,230891713198
20086785,8192,9292062,1406126,123940016782,230495442765
20094977,8192,9300302,1339685,124015415943,243755186007
20103169,8192,9308551,1301714,124029391097,261162898862
20111361,8192,9316795,1273066,124087816974,261917141544
20119553,8192,9325059,1341785,124092854149,240705013865
20127745,8192,9333311,1300304,124171257384,239779507517
20135937,8192,9341560,1312828,123895576655,231369401369
20144129,8192,9349801,1478597,124131653209,266763502084
20152321,8192,9358049,1401974,124342040084,290778641190
20160513,8192,9366304,1278720,124374744387,270291855230
20168705,8192,9374550,1346678,123936121923,252496569055
20176897,8192,9382778,1424523,124108232349,256206316616
20185089,8192,9391015,1377219,123885049400,240657083904
20193281,8192,9399251,1336187,123788574103,248707644460
20201473,8192,9407494,1298463,124269759102,277926242306
20209665,8192,9415724,1286626,124087576326,271448179938
20217857,8192,9423960,1317852,123942254668,257060814879
20226049,8192,9432209,1299917,124147683853,244024745722
20234241,8192,9440439,1360846,123774875427,235021666643
20242433,8192,9448678,1459730,123854928977,246047917929
20250625,8192,9456910,1312416,124076624635,272097342676
20258817,8192,9465146,1171595,124427662111,278702559479
20267009,8192,9473399,1317129,124097688366,261213720042
20275201,8192,9481639,1334263,123937658483,244818155007
20283393,8192,9489868,1363375,124067024594,235221794620
20291585,8192,9498106,1363384,123869625532,251540144113
20299777,8192,9506347,1316781,124039812722,266728783732
20307969,8192,9514581,1244265,123989778309,244626705890
20316161,8192,9522818,1314009,123995263661,242691538767
20324353,8192,9531037,1360451,123857218332,241138119947
20332545,8192,9539273,1365918,123758625145,225786407405
20340737,8192,9547499,1315447,123780556120,229407282928
20348929,8192,9555732,1291597,124045417961,267791797972
20357121,8192,9563959,1279773,124504091119,271858433225
20365313,8192,9572201,1312646,123669140229,234057926626
20373505,8192,9580431,1311170,124039182811,252660092572
20381697,8192,9588664,1276710,124097202607,254752121476
20389889,8192,9596900,1309255,123990059477,250262739359
20398081,8192,9605136,1256225,124206051024,253528138003
20406273,8192,9613370,1215683,124065312931,238899190448
20414465,8192,9621591,1244275,124192634311,247982198785
20422657,8192,9629846,1320255,123998089347,231903588407
20430849,8192,9638079,1321247,123888932332,221457927119
20439041,8192,9646308,1265381,123823513533,225730243232
20447233,8192,9654555,1276821,123996852027,240834314021
20455425,8192,9662773,1197252,124532117855,268188333166
20463617,8192,9670997,1257479,124388614409,246825754554
20471809,8192,9679232,1285411,123650110177,247068056368
20480001,8192,9687458,1297199,123749972625,236307200218
20488193,8192,9695679,1243615,123883712183,232198626039
20496385,8192,9703905,1269253,124047419113,243552300815
20504577,8192,9712142,1135247,124465862938,262291167220
20512769,8192,9720378,1161611,124184136025,237184154549
20520961,8192,9728604,1245300,124007077488,234971459795
20529153,8192,9736836,1421269,123962849137,246565193078
20537345,8192,9745081,1439333,123669332793,241584249348
20545537,8192,9753315,1253608,124231633533,260932865216
20553729,8192,9761549,1145025,124604070901,264771589749
20561921,8192,9769782,1166959,124453507182,256333156550
20570113,8192,9778022,1229301,123923336719,249394209077
20578305,8192,9786257,1215782,124508837186,255613790387
20586497,8192,9794502,1269527,124050642770,252778432185
20594689,8192,9802745,1292003,124332499053,253206308242
20602881,8192,9810996,1228322,124543532771,263308167824
20611073,8192,9819237,1097645,124814044268,254253969326
20619265,8192,9827482,1324919,124291925023,242534246666
20627457,8192,9835711,1316468,124306662368,244001477922
20635649,8192,9843959,1323405,124238897976,248247076768
20643841,8192,9852200,1312577,124110240029,250600442689
20652033,8192,9860438,1167898,124654545575,255612549546
20660225,8192,9868668,1172966,124818915829,258265649125
20668417,8192,9876900,1236978,124229513827,237596257371
20676609,8192,9885128,1278425,124191509641,245657643928
20684801,8192,9893357,1277423,124164220953,226457988283
20692993,8192,9901590,1299309,124222150078,236673057847
20701185,8192,9909808,1280639,124039124147,246978259240
20709377,8192,9918046,1237605,124150614349,257375060404
20717569,8192,9926276,1319388,123967676483,233764483944
20725761,8192,9934518,1333524,123906422105,237130086118
20733953,8192,9942757,1342890,124072186073,236556467166
20742145,8192,9950994,1335924,123999386424,233749629628
20750337,8192,9959240,1282264,124044134635,238084492831
20758529,8192,9967460,1252221,124075251218,246892208744
20766721,8192,9975702,1248961,124010223875,228630205751
20774913,8192,9983955,1296280,123959551616,225007039985
20783105,8192,9992198,1295855,123861766459,213851591920
20791297,8192,10000436,1357061,123655847951,220617924282
20799489,8192,10008679,1286683,123903565050,209809668894
20807681,8192,10016909,1225709,123683481511,233051217193
20815873,8192,10025141,1281184,123701645397,224096900248
20824065,8192,10033363,1306171,123674520523,216042061953
20832257,8192,10041601,1300593,123697978959,217862421015
20840449,8192,10049823,1322193,123742084041,225182092176
20848641,8192,10058046,1339278,123881511204,258935159237
20856833,8192,10066279,1280156,124044652168,256120950648
20865025,8192,10074499,1341045,123939717225,256030216448
20873217,8192,10082726,1449149,123875874183,230610853106
20881409,8192,10090947,1318637,123828156277,240237342413
20889601,8192,10099176,1310004,124079212741,239436783010
20897793,8192,10107391,1287441,124064006649,235103226024
20905985,8192,10115611,1238107,123942336536,236361035484
20914177,8192,10123834,1270972,123967807271,227208326876
20922369,8192,10132052,1338406,123619826798,215280759508
20930561,8192,10140274,1350373,123791381394,214248330142
20938753,8192,10148494,1314243,123637017493,229134207771
20946945,8192,10156745,1392627,123714739565,215442153332
20955137,8192,10165009,1283356,123904730600,243701728235
20963329,8192,10173259,1250992,123804630771,234528209079
20971521,8192,10181499,1396954,123899780038,224622824317
20979713,8192,10189737,1351704,123744674033,236088012273
20987905,8192,10197972,1408688,123937607291,230764526557
20996097,8192,10206206,1502921,123906819311,219314650930
21004289,8192,10214429,1419302,123927641555,245606938652
21005282,993,10223616,159274,15045217504,32592280068
