block_number,blocks,slot,txs,gas,time
8193,8192,1,0,0,231558141
16385,8192,1,0,0,227863718
24577,8192,1,0,0,224512292
32769,8192,1,0,0,234415941
40961,8192,1,0,0,234548681
49153,8192,1,1514,33070964,299903731
57345,8192,1,3916,407821091,417686194
65537,8192,1,2676,90041948,347301978
73729,8192,1,5821,197747509,410613883
81921,8192,1,4204,131282630,388018682
90113,8192,1,4589,112269814,385147902
98305,8192,1,3327,84662425,352620801
106497,8192,1,4168,105498119,368058002
114689,8192,1,4247,119199457,373680132
122881,8192,1,6054,163953975,414086510
131073,8192,1,5852,147449076,369392393
139265,8192,1,6678,168428364,393834120
147457,8192,1,7805,190561977,422983506
155649,8192,1,8675,220080834,440821391
163841,8192,1,7255,175016877,415769367
172033,8192,1,10115,242307512,477494462
180225,8192,1,12029,319429322,531614593
188417,8192,1,10493,307941046,491365875
196609,8192,1,8488,226000959,461537585
204801,8192,1,9431,284499928,484837061
212993,8192,1,9432,269025812,480132834
221185,8192,1,9745,253020191,485808715
229377,8192,1,9473,303239797,482034961
237569,8192,1,9752,287334366,487313413
245761,8192,1,9175,237099979,492002741
253953,8192,1,9225,299876210,493051934
262145,8192,1,8500,237942979,480662560
270337,8192,1,11073,360421503,534004246
278529,8192,1,11244,333906121,542344796
286721,8192,1,9944,288230259,514427043
294913,8192,1,9552,272964709,497888590
303105,8192,1,10564,278617464,509376138
311297,8192,1,9852,289668902,511102767
319489,8192,1,10772,285019105,523235231
327681,8192,1,9264,263512681,519542827
335873,8192,1,10710,300329465,550892727
344065,8192,1,10447,340557247,544664140
352257,8192,1,11871,367785281,588987469
360449,8192,1,11031,301110840,567009664
368641,8192,1,10176,272300629,542561585
376833,8192,1,10299,327273585,586203388
385025,8192,1,11650,328391280,579898034
393217,8192,1,10917,668394420,603660475
401409,8192,1,10512,371168499,569830243
409601,8192,1,11329,399996130,580606988
417793,8192,1,9682,299513459,535690174
425985,8192,1,10211,378463309,595044086
434177,8192,1,10123,371765259,595401744
442369,8192,1,10202,298321714,544635011
450561,8192,1,10252,488330843,832135239
458753,8192,1,11670,315763779,597482539
466945,8192,1,12392,405644045,613948174
475137,8192,1,11262,434129872,706983629
483329,8192,1,11885,436485530,814886340
491521,8192,1,11396,324292141,673911633
499713,8192,1,11390,316107054,577550729
507905,8192,1,19834,986537643,927774216
516097,8192,1,14518,537099270,689971670
524289,8192,1,14364,563247320,779977766
532481,8192,1,15028,641704064,820237723
540673,8192,1,11625,533545978,759948817
548865,8192,1,12334,352563908,592741902
557057,8192,1,11579,286224762,561516862
565249,8192,1,12543,387072166,624230321
573441,8192,1,11762,377902837,637802916
581633,8192,1,11889,329240266,587451760
589825,8192,1,12402,356748509,639944820
598017,8192,1,11554,361660592,596396637
606209,8192,1,11466,286807225,571301733
614401,8192,1,11355,383668685,815139359
622593,8192,1,12943,487254257,638735599
630785,8192,1,10960,369935232,568389594
638977,8192,1,10609,304527314,566117060
647169,8192,1,11891,400916707,590409248
655361,8192,1,13364,422684376,591307243
663553,8192,1,11233,291970815,576464896
671745,8192,1,11307,306322589,582654214
679937,8192,1,13718,480255087,736205194
688129,8192,1,12101,533373764,725364480
696321,8192,1,24697,2437912230,2376224943
704513,8192,1,24278,1882935448,1696626481
712705,8192,1,15914,1053536841,1243420577
720897,8192,1,14854,884970772,1091799854
729089,8192,1,18033,1103406409,1249285056
737281,8192,1,39634,2413080461,2393077215
745473,8192,1,20252,1205744179,1427698032
753665,8192,1,16649,914386676,1267545548
761857,8192,1,29450,1702093462,1932219385
770049,8192,1,19926,1149090055,1593034649
778241,8192,1,27585,1546147829,1785901943
786433,8192,1,13804,512905120,925381804
794625,8192,1,14238,555275432,1008756927
802817,8192,1,20936,1074374824,1420286724
811009,8192,1,33100,2274628469,2283950963
819201,8192,1,21058,1074857191,1416663749
827393,8192,1,17945,1068696871,1309846631
835585,8192,1,16965,691346951,1099981206
843777,8192,1,24779,1318609001,1550673678
851969,8192,1,17337,797507253,1160112773
860161,8192,1,16221,653054698,852462876
868353,8192,1,17414,667767224,840892068
876545,8192,1,20874,997212648,1002331823
884737,8192,1,18556,602924448,837016485
892929,8192,1,20188,746509191,937740847
901121,8192,1,20728,705763650,908898870
909313,8192,1,28858,1212230895,1244006434
917505,8192,1,29450,1450050635,1426693419
925697,8192,1,25856,1070129090,1262200305
933889,8192,1,23756,919949479,1097148806
942081,8192,1,24390,780757258,970745206
950273,8192,1,22318,724737535,951884558
958465,8192,1,23856,823943680,1005880907
966657,8192,1,39968,1787855655,1612410263
974849,8192,1,24875,783309904,1005794160
983041,8192,1,25559,758151178,987137028
991233,8192,1,32769,996332438,1110883611
999425,8192,1,29253,955506690,1113899129
1007617,8192,1,28779,874607232,1053145745
1015809,8192,1,28640,944195150,1077027617
1024001,8192,1,30592,1077029621,1181838200
1032193,8192,1,30567,1025667741,1104183867
1040385,8192,1,26761,784549571,1025266970
1048577,8192,1,28815,1876343804,1139369620
1056769,8192,1,31628,1248873846,1091006830
1064961,8192,1,32758,1302389229,1238448112
1073153,8192,1,30961,857488355,1045464780
1081345,8192,1,33502,949562723,1102721627
1089537,8192,1,37121,995463452,1188065016
1097729,8192,1,40115,1081576458,1215403585
1105921,8192,1,42800,1253697553,1300312228
1114113,8192,1,41667,1235498720,1236588646
1122305,8192,1,38878,1141426898,1196395188
1130497,8192,1,41538,1202802604,1184189354
1138689,8192,1,39904,1101644111,1163281491
1146881,8192,1,44221,1340457745,1262776292
1155073,8192,1,43528,1383496645,1274993216
1163265,8192,1,38152,1246718060,1147078585
1171457,8192,1,44944,1374923499,1314465268
1179649,8192,1,46242,1574630437,1381284388
1187841,8192,1,44523,1522997076,1330573105
1196033,8192,1,43594,1529570548,1477600991
1204225,8192,1,41259,1452683779,1355764288
1212417,8192,1,52923,2302777232,1920294469
1220609,8192,1,46705,1563686082,1436762928
1228801,8192,1,46123,1514235577,1542953441
1236993,8192,1,43046,1458453689,1481622664
1245185,8192,1,49499,1658881432,1511782370
1253377,8192,1,46254,1516126264,1284380721
1261569,8192,1,42318,1328121509,1441448235
1269761,8192,1,40021,1078268036,1194981568
1277953,8192,1,46365,1435004546,1495727534
1286145,8192,1,50841,1591258579,1560146450
1294337,8192,1,41499,1271776158,1316179337
1302529,8192,1,47633,1512367159,1559668734
1310721,8192,1,42641,1164414830,1266346456
1318913,8192,1,42610,1137106273,1238651231
1327105,8192,1,45560,1357858661,1367799463
1335297,8192,1,50369,1781939706,1412280341
1343489,8192,1,45221,1209479371,1269513144
1351681,8192,1,44015,1206824098,1327694615
1359873,8192,1,54888,1591716049,1294290240
1368065,8192,1,43396,1184809863,1291819627
1376257,8192,1,48876,1593180641,1497071954
1384449,8192,1,45143,1439543743,1285809650
1392641,8192,1,41341,1118372583,1399335631
1400833,8192,1,45540,1329131424,1333404085
1409025,8192,1,49104,1485363761,1471801362
1417217,8192,1,44023,1225869865,1235148846
1425409,8192,1,49886,1450651632,1416012324
1433601,8192,1,56669,1681771886,1551896128
1441793,8192,1,54635,1947185643,1595801080
1449985,8192,1,56685,1624594158,1448114139
1458177,8192,1,50196,1613347851,1497937758
1466369,8192,1,54893,2240127730,2062968986
1474561,8192,1,52100,1483885342,1449609178
1482753,8192,1,51280,1586965488,1533486868
1490945,8192,1,56855,1674576856,1493811337
1499137,8192,1,52382,1728224502,1474168355
1507329,8192,1,60036,2138598848,1847214183
1515521,8192,1,69268,2441975068,1949173675
1523713,8192,1,56514,1832134302,1732992475
1531905,8192,1,51124,1731842384,1627398429
1540097,8192,1,58754,1911501394,1724575164
1548289,8192,1,61429,1987968261,1647324968
1556481,8192,1,60630,2360467143,1732886306
1564673,8192,1,56981,1819841802,1567290960
1572865,8192,1,56494,1777140576,1555568004
1581057,8192,1,59042,1735378915,1495036689
1589249,8192,1,68973,2172337508,1850284340
1597441,8192,1,64306,2192773982,1794978140
1605633,8192,1,86669,3493104245,2381810414
1613825,8192,1,62112,2154462632,1765000620
1622017,8192,1,60118,1914186297,1650530716
1630209,8192,1,53413,1741132990,1514500811
1638401,8192,1,56756,1633896769,1427267565
1646593,8192,1,50346,1452533160,1424954581
1654785,8192,1,50828,1521883376,1405913326
1662977,8192,1,60376,3061122313,2227434679
1671169,8192,1,55258,1843787387,1597428298
1679361,8192,1,55775,1793288354,1554180903
1687553,8192,1,52281,1793521528,1509692415
1695745,8192,1,55227,1857680146,1560163031
1703937,8192,1,64652,2265573762,1835549824
1712129,8192,1,63355,2060421766,1730774721
1720321,8192,1,65682,5800241515,7693784266
1728513,8192,1,95610,16739007815,41136192394
1736705,8192,1,67917,4743426756,8383259432
1744897,8192,1,62602,3296268924,3876483858
1753089,8192,1,68336,3841591968,3020121785
1761281,8192,1,58130,2076897006,1934289936
1769473,8192,1,57022,2221809906,1619561294
1777665,8192,1,52898,1689289635,1657877972
1785857,8192,1,53856,1708894430,1800269455
1794049,8192,1,56044,1992483551,2122239717
1802241,8192,1,90325,5767597538,2817886256
1810433,8192,1,52758,2499380206,4494616065
1818625,8192,1,55194,1772826158,1879056667
1826817,8192,1,53703,1704827192,1556498849
1835009,8192,1,49822,1916513753,2028531760
1843201,8192,1,53374,1676538934,1549327640
1851393,8192,1,60123,2381439875,3154782923
1859585,8192,1,56426,2865260110,4599019436
1867777,8192,1,50632,1670163364,1823116293
1875969,8192,1,53453,1904646721,1995370594
1884161,8192,1,54655,1840362954,1633585354
1892353,8192,1,54265,1824465369,1555338668
1900545,8192,1,51280,1414646366,1383534843
1908737,8192,1,47043,1388770142,1400675101
1916929,8192,1,63160,1874850406,1579992513
1925121,8192,1,62773,4171399935,7594297707
1933313,8192,1,65738,2266620454,2047835514
1941505,8192,1,62037,2034143904,1738382923
1949697,8192,1,79321,2248553641,1839491566
1957889,8192,1,74738,2527380908,2144133692
1966081,8192,1,75137,2369261794,1846202160
1974273,8192,1,66582,2970283633,2181782606
1982465,8192,1,60335,2173102476,2229511117
1990657,8192,1,63657,1764764048,1539252241
1998849,8192,1,66671,2054100679,1735218615
2007041,8192,1,68240,2035711402,1732906172
2015233,8192,1,60275,1885646786,1537602233
2023425,8192,1,59731,1718762000,1535790426
2031617,8192,1,56298,1666187619,1460350249
2039809,8192,1,56416,2985329528,2193859411
2048001,8192,1,67806,2074138922,1602008927
2056193,8192,1,63577,1903780373,1581447852
2064385,8192,1,55865,1657169845,1500574305
2072577,8192,1,58480,1557471379,1387714084
2080769,8192,1,55331,1599645346,1404060067
2088961,8192,1,64228,1850037001,1636084476
2097153,8192,1,66060,2188998555,1791444377
2105345,8192,1,54235,1660505770,1473839184
2113537,8192,1,56694,1742357705,1460314969
2121729,8192,1,61614,1816239031,1528388149
2129921,8192,1,63451,3861822325,2432888820
2138113,8192,1,69603,2043909844,1657269305
2146305,8192,1,61611,1914481982,1552227630
2154497,8192,1,62524,1658273809,1446810005
2162689,8192,1,61974,1798911967,1572926894
2170881,8192,1,62834,1920681017,1617826345
2179073,8192,1,61629,1818058493,1544025487
2187265,8192,1,76278,2727312503,1996430137
2195457,8192,1,59767,1675377812,1523645901
2203649,8192,1,65371,2614658821,1823798439
2211841,8192,1,62364,2039781213,1519923588
2220033,8192,1,60969,1981999587,1596598565
2228225,8192,1,85854,2814470323,1890864735
2236417,8192,1,55933,1813330669,1447048903
2244609,8192,1,57588,1730634676,1467082512
2252801,8192,1,63320,2021513820,1554015437
2260993,8192,1,65183,2112882377,1781935814
2269185,8192,1,74523,2354744595,1752465843
2277377,8192,1,72172,2714744039,1823267001
2285569,8192,1,50199,1706002470,2623879670
2293761,8192,1,61842,1801256949,6001808272
2301953,8192,1,68639,2034760072,1758574459
2310145,8192,1,66952,2916329686,15452097781
2318337,8192,1,48275,1914011719,11743669505
2326529,8192,1,56968,3010508461,23225850908
2334721,8192,1,60252,3532946594,43958730053
2342913,8192,1,59242,2893073539,20859783276
2351105,8192,1,56520,2437337126,4198752287
2359297,8192,1,53930,2539978338,8653803373
2367489,8192,1,72486,5437092390,35955423329
2375681,8192,1,64351,3955814780,34007566537
2383873,8192,1,72150,4175006287,25748021237
2392065,8192,1,52311,3587030185,48536801526
2400257,8192,1,60755,3380343872,106971062059
2408449,8192,1,54394,3489623288,87211648798
2416641,8192,1,59749,3571481590,52639847711
2424833,8192,1,52901,2140315677,69624368972
2433025,8192,1,41983,2064705182,89416795508
2441217,8192,1,52489,1940457621,35050620939
2449409,8192,1,47032,1416811786,15904326402
2457601,8192,1,50121,1416935937,21256536020
2465793,8192,1,63997,2059194432,17953851953
2473985,8192,1,52613,5415624522,48745722408
2482177,8192,1,77644,2200694454,3288575896
2490369,8192,1,47944,1381582456,1512537961
2498561,8192,1,58110,1704965277,1635805588
2506753,8192,1,68097,2292291281,1902079675
2514945,8192,1,59292,1798672209,1754373689
2523137,8192,1,59793,1784849739,1736512166
2531329,8192,1,57693,1656383700,1657793792
2539521,8192,1,55694,1627913854,1549843097
2547713,8192,1,63237,1907051300,1755232733
2555905,8192,1,61395,1723186230,1703937306
2564097,8192,1,57303,1576168754,1711934709
2572289,8192,1,44899,1243188531,1317394572
2580481,8192,1,50737,1381762673,1417813100
2588673,8192,1,53997,1523970827,1587479339
2596865,8192,1,56755,1868225974,1847866979
2605057,8192,1,54579,1853422028,1671192668
2613249,8192,1,57937,1749156374,1659263002
2621441,8192,1,54830,1654717503,1656423522
2629633,8192,1,59687,1932781220,1702603686
2637825,8192,1,58098,1831832946,1699254439
2646017,8192,1,57577,1732304988,1656706520
2654209,8192,1,56517,1691425491,1498595099
2662401,8192,1,54908,1580644481,1591112975
2670593,8192,1,56589,1781259427,1509951768
2678785,8192,1,85495,2598196853,13878144805
2686977,8192,1,59696,3974729576,70093399471
2695169,8192,1,72462,4113740875,41973647616
2703361,8192,1,55726,4743499117,64568248192
2711553,8192,1,65254,6348291025,86000701790
2719745,8192,1,64427,5199613546,49741822726
2727937,8192,1,50844,1684630038,2114701416
2736129,8192,1,54697,1652133461,1539168300
2744321,8192,1,53051,1748152517,1471777681
2752513,8192,1,55339,1979520745,1636511183
2760705,8192,1,64847,2063457441,1645666018
2768897,8192,1,55277,1804237075,1582766588
2777089,8192,1,56023,1776551857,1572273843
2785281,8192,1,52991,1726269370,1549953702
2793473,8192,1,52624,2213276915,1502853979
2801665,8192,1,55238,1810591298,1636335215
2809857,8192,1,63980,2356415998,1862113791
2818049,8192,1,65743,2448549979,1932243720
2826241,8192,1,54971,1881197690,1563144048
2834433,8192,1,49662,1953789890,1643193965
2842625,8192,1,58392,2038106026,1620824577
2850817,8192,1,64185,2225753659,1728579525
2859009,8192,1,76490,2486660557,2005227359
2867201,8192,1,55683,1760491642,1534701031
2875393,8192,1,50675,1452936266,1344840548
2883585,8192,1,50157,1522394202,1427422368
2891777,8192,1,58225,1860099069,1505089653
2899969,8192,1,60144,2083730262,1661387296
2908161,8192,1,60988,2086757942,1642177013
2916353,8192,1,54302,1714680114,1482144807
2924545,8192,1,50695,1584719153,1483605307
2932737,8192,1,63026,2305221488,1913504424
2940929,8192,1,67480,2204851332,1843299205
2949121,8192,1,61833,1971573134,1727451994
2957313,8192,1,58505,1930260127,1668561994
2965505,8192,1,59699,1937673518,1740315242
2973697,8192,1,63091,2244391292,1773348266
2981889,8192,1,64874,2137001608,1637927663
2990081,8192,1,70738,2397486878,1788857255
2998273,8192,1,58903,1853897373,1542357106
3006465,8192,1,54373,1766782589,1526258862
3014657,8192,1,65027,2294148724,1717902452
3022849,8192,1,60922,2027141448,1719737708
3031041,8192,1,58548,1960456703,1694579569
3039233,8192,1,61315,2005539036,1704137840
3047425,8192,1,62091,2149768492,1784542186
3055617,8192,1,67927,2452616440,1913495214
3063809,8192,1,62018,2292070946,1863899088
3072001,8192,1,63286,2183742248,1875206428
3080193,8192,1,65669,2218082794,1788338988
3088385,8192,1,54874,1846213528,1621147424
3096577,8192,1,63311,2098245747,1763156558
3104769,8192,1,59762,2124435421,1724518765
3112961,8192,1,58897,2178531771,1851489267
3121153,8192,1,58468,1974991763,1701929436
3129345,8192,1,63556,2065813146,1734468473
3137537,8192,1,64128,2220717880,1817708789
3145729,8192,1,70462,2665896127,1994043068
3153921,8192,1,64806,2336669302,1935881084
3162113,8192,1,70074,2730719806,2160944515
3170305,8192,1,60420,2178878613,1812106139
3178497,8192,1,73252,3110141726,2214777050
3186689,8192,1,79081,2976280771,2181571938
3194881,8192,1,71074,2804402262,2064777803
3203073,8192,1,64978,2351345544,1904425509
3211265,8192,1,68556,2464803794,1913894521
3219457,8192,1,66845,2286314550,1855670407
3227649,8192,1,75763,3113040792,2101670120
3235841,8192,1,69688,2984250772,2074293554
3244033,8192,1,68668,2289170959,1886165899
3252225,8192,1,71170,2634879929,2096776665
3260417,8192,1,70604,2482121481,2009064650
3268609,8192,1,79874,2821352557,2182590031
3276801,8192,1,82615,2938903296,2275212759
3284993,8192,1,93464,3013882836,2398474837
3293185,8192,1,81232,2628326517,2133603131
3301377,8192,1,77780,2508423110,1958081486
3309569,8192,1,85412,2762075045,2115956407
3317761,8192,1,74949,2364616867,1924592464
3325953,8192,1,89542,3008034239,2324987323
3334145,8192,1,89382,3038054714,2228960479
3342337,8192,1,91012,2910544703,2290582939
3350529,8192,1,112957,4683356145,3025655226
3358721,8192,1,108487,3824938321,2726673872
3366913,8192,1,150248,4856683444,3257403268
3375105,8192,1,129410,4029391606,3027931369
3383297,8192,1,118959,3597176359,2676470590
3391489,8192,1,113031,3618928236,2662527281
3399681,8192,1,109702,3595863612,2603933549
3407873,8192,1,112341,3708098910,2571854549
3416065,8192,1,121089,3775021048,2643712785
3424257,8192,1,111288,3513747685,2642046357
3432449,8192,1,126552,4519125602,3100109623
3440641,8192,1,116739,3847970531,2865220892
3448833,8192,1,137505,4650151490,3165499425
3457025,8192,1,132372,4354448594,3160286813
3465217,8192,1,116438,3872751305,2875185971
3473409,8192,1,138958,4605215288,3500860149
3481601,8192,1,115237,3904507999,2914558789
3489793,8192,1,129313,4405146988,3131736597
3497985,8192,1,121326,4141663795,2961066797
3506177,8192,1,101941,3457895017,2680368993
3514369,8192,1,104473,3801545119,2806020705
3522561,8192,1,110663,3893580475,3032757104
3530753,8192,1,118136,4358681727,2984356600
3538945,8192,1,116538,3957151738,3093093023
3547137,8192,1,97599,3525061715,2820098874
3555329,8192,1,105494,3951999139,3592259014
3563521,8192,1,113777,4538716060,3378849631
3571713,8192,1,122232,4932027111,3736697942
3579905,8192,1,113517,5371454955,3226319422
3588097,8192,1,103751,3918968307,3439735715
3596289,8192,1,112257,4332652445,3239272718
3604481,8192,1,136619,5289710359,3788264815
3612673,8192,1,143158,5255428268,3634495274
3620865,8192,1,145745,4868936849,3514649751
3629057,8192,1,136562,4879877560,3615599317
3637249,8192,1,160424,6406024036,4145100994
3645441,8192,1,150436,5782052966,3880606315
3653633,8192,1,167559,5819732935,4202426395
3661825,8192,1,142125,5329409688,3652871972
3670017,8192,1,152266,6300591479,3914351614
3678209,8192,1,169497,6571385749,4170396243
3686401,8192,1,156250,7347905323,4329403778
3694593,8192,1,167344,7335647042,4419813700
3702785,8192,1,147702,7536226635,4602838073
3710977,8192,1,168287,8194709920,4766120786
3719169,8192,1,176741,9883600890,5831885199
3727361,8192,1,214081,11450730102,6196929959
3735553,8192,1,229327,12196031413,6619071563
3743745,8192,1,201943,10613685663,5829656815
3751937,8192,1,260406,12599459208,6952705998
3760129,8192,1,278528,15779303797,7710786819
3768321,8192,1,279013,16350363987,8026028857
3776513,8192,1,244538,13523383202,6860218419
3784705,8192,1,224822,12717337930,6944690936
3792897,8192,1,248995,13592095818,7404505318
3801089,8192,1,314302,19832169118,8450201855
3809281,8192,1,313676,17980594470,12216802464
3817473,8192,1,280618,16692684984,9482138590
3825665,8192,1,296114,15953100496,8856862739
3833857,8192,1,317754,17492872153,9433721065
3842049,8192,1,305857,17151665586,9529979308
3850241,8192,1,325308,16138916714,9644307091
3858433,8192,1,365858,18515263356,10440181891
3866625,8192,1,450999,21732698279,12524336447
3874817,8192,1,403872,18428150155,11543549236
3883009,8192,1,399350,18507971011,11838628208
3891201,8192,1,366142,17616667683,10983845664
3899393,8192,1,401398,20055154217,12418798193
3907585,8192,1,467519,26635229072,12800982399
3915777,8192,1,448080,27509986564,12964969747
3923969,8192,1,445137,22206823281,12497482840
3932161,8192,1,393944,20192356202,11954391110
3940353,8192,1,474437,21147977183,13664643097
3948545,8192,1,452736,24838577163,15549979341
3956737,8192,1,409197,21844246829,13850920126
3964929,8192,1,391200,20881198158,13931835356
3973121,8192,1,480657,24984090402,16079195319
3981313,8192,1,439836,24432971850,16052829419
3989505,8192,1,456105,22202913020,15341587341
3997697,8192,1,401541,19785653790,13463345596
4005889,8192,1,468451,21489133966,14877950565
4014081,8192,1,521089,25614275148,17582937961
4022273,8192,1,465732,25576854950,15871772193
4030465,8192,1,422645,19071909199,14533946183
4038657,8192,1,452765,21588202182,15197548553
4046849,8192,1,494336,24205815057,15847857454
4055041,8192,1,427170,19727949695,13650361693
4063233,8192,1,409232,17944225576,13205012164
4071425,8192,1,455169,22752023483,15495071730
4079617,8192,1,411552,20393151746,13403789095
4087809,8192,1,402826,19516574262,13522315903
4096001,8192,1,350511,18308327314,11909450099
4104193,8192,1,441704,23280158452,14955913806
4112385,8192,1,474401,24577424757,16763033674
4120577,8192,1,512389,25868228053,17553353663
4128769,8192,1,539622,25478534061,18175664837
4136961,8192,1,612130,30525492507,20296957208
4145153,8192,1,669828,31316179679,21549756860
4153345,8192,1,667176,32781900955,21525423527
4161537,8192,1,802050,39631270870,25942292140
4169729,8192,1,832182,45690595844,29729872971
4177921,8192,1,822935,40787417397,25976073068
4186113,8192,1,677937,33931766754,23104407804
4194305,8192,1,736129,33608364656,23335589692
4202497,8192,1,733583,31613370181,22592133026
4210689,8192,1,736596,33326421250,23487113293
4218881,8192,1,885279,42684031553,27491547593
4227073,8192,1,909505,44089434039,29055196530
4235265,8192,1,772574,36378544905,25688329429
4243457,8192,1,1021928,44970958961,31092723532
4251649,8192,1,1081239,50184234692,33675888271
4259841,8192,1,880278,41550585016,29468692088
4268033,8192,1,864414,41053728142,29675932739
4276225,8192,1,867715,42375737918,31899543903
4284417,8192,1,857098,44405284841,30156403274
4292609,8192,1,764839,40439697663,30340362021
4300801,8192,1,736339,41523378146,30054049271
4308993,8192,1,739102,40787147868,29724088491
4317185,8192,1,882460,46629010975,32856285514
4325377,8192,1,928715,45913689045,34040809687
4333569,8192,1,855500,44372358254,32886310179
4341761,8192,1,890587,45969894286,33456040981
4349953,8192,1,861954,44868560756,33954264471
4358145,8192,1,961145,45839288391,33903530486
4366337,8192,1,1022776,47707018313,36632188226
4374529,8192,1,788928,41640159530,30296165791
4382721,8192,1,680611,30304975089,23946069584
4390913,8192,1,633676,29394442349,24380865673
4399105,8192,1,691855,34599365091,23845867710
4407297,8192,1,587597,22219394536,18797580424
4415489,8192,1,602801,27141844419,20721907411
4423681,8192,1,637247,33563116251,24797056597
4431873,8192,1,602169,34452528559,25248900585
4440065,8192,1,644187,35202407283,26207565767
4448257,8192,1,635205,32303616551,25196348700
4456449,8192,1,658167,33516933106,26496916660
4464641,8192,1,714607,37151598010,28938829286
4472833,8192,1,687810,38954422870,30331054309
4481025,8192,1,691342,38855588548,30653674982
4489217,8192,1,597092,33111071840,27051057877
4497409,8192,1,530372,24797114990,21393114502
4505601,8192,1,664534,27768018498,23227511981
4513793,8192,1,607716,29462506589,24617291972
4521985,8192,1,636968,33818088203,28133738752
4530177,8192,1,576620,30857764315,24622340946
4538369,8192,1,555644,29902311532,25014420642
4546561,8192,1,576193,31728985315,25943269220
4554753,8192,1,614333,33933012035,28037937749
4562945,8192,1,694290,35077866299,28482053053
4571137,8192,1,685773,35235556368,29062400082
4579329,8192,1,595343,32512470264,27254301843
4587521,8192,1,616676,31432826950,27634848372
4595713,8192,1,732388,35462326767,30934303164
4603905,8192,1,701686,34053236118,29116399745
4612097,8192,1,696025,34813469923,29272128573
4620289,8192,1,756842,36575998133,30868929432
4628481,8192,1,695958,35807344495,29342643078
4636673,8192,1,839988,41325848673,35711421460
4644865,8192,1,859818,39561689628,34720258398
4653057,8192,1,878341,39038765676,35782511171
4661249,8192,1,838018,41732008967,37238622699
4669441,8192,1,868393,42367951309,39863307506
4677633,8192,1,1024408,50365921601,46421218474
4685825,8192,1,1106629,50823271509,47060614747
4694017,8192,1,983321,52251191383,43734354811
4702209,8192,1,1065994,53288175748,52020521743
4710401,8192,1,1004230,57029863421,54925924327
4718593,8192,1,1175867,60067148142,58529221948
4726785,8192,1,1283732,60320736424,57715049688
4734977,8192,1,1366216,63069754925,58739824308
4743169,8192,1,1249121,59108334014,53632803350
4751361,8192,1,1252125,59908605848,55017435095
4759553,8192,1,1451207,62045900188,57422904329
4767745,8192,1,1519992,62098558192,56232266441
4775937,8192,1,1585445,62497723845,53234875233
4784129,8192,1,1400070,58743219915,53062882378
4792321,8192,1,1052134,54186765245,44220386889
4800513,8192,1,1019534,49928583194,42742561887
4808705,8192,1,1261780,57510375260,50551420739
4816897,8192,1,1331357,57590718396,53533106670
4825089,8192,1,1639294,60808222944,56177587710
4833281,8192,1,1324521,56290819569,50760898787
4841473,8192,1,1365671,56727562845,52121582062
4849665,8192,1,1800565,61983009179,60824968096
4857857,8192,1,2002216,61977955389,57534298431
4866049,8192,1,1885881,62151807862,60373625787
4874241,8192,1,1724229,62804522499,59468985762
4882433,8192,1,1914229,62387106534,60245889189
4890625,8192,1,1784457,61980258440,56202777915
4898817,8192,1,1710320,62316592526,60411047949
4907009,8192,1,1726464,62391325627,58316316139
4915201,8192,1,1730007,63380891308,60931071869
4923393,8192,1,1858619,62279744506,60932975004
4931585,8192,1,1849680,62183892835,62153288266
4939777,8192,1,1496671,58403848500,56525612889
4947969,8192,1,1393070,58633948844,57282824634
4956161,8192,1,1327346,58788810672,55868964395
4964353,8192,1,1272246,58123924020,54823236938
4972545,8192,1,1159603,54810326446,52910163243
4980737,8192,1,1260970,53358611450,54044358326
4988929,8192,1,1176073,52672662572,50885176734
4997121,8192,1,1259241,55165172481,52527886180
5005313,8192,1,1262433,56373025517,51890719368
5013505,8192,1,1356029,59546446599,58059169694
5021697,8192,1,1305842,56689784355,55192932908
5029889,8192,1,1125879,53898877430,48568728496
5038081,8192,1,1161636,54269350642,49230305059
5046273,8192,1,1191117,54055514122,52058663574
5054465,8192,1,1056526,53286687769,49424125617
5062657,8192,1,1038563,52346336284,48329013978
5070849,8192,1,1111255,53626275181,47785964207
5079041,8192,1,1139166,53752148996,50216158628
5087233,8192,1,1010849,50228857996,45587946265
5095425,8192,1,1086570,52677277867,49376103911
5103617,8192,1,981145,52265804278,47467889400
5111809,8192,1,1077049,53626533614,48549394607
5120001,8192,1,1057547,54195882329,48417884809
5128193,8192,1,1208494,58216835003,54282484164
5136385,8192,1,1184261,56746767112,51279918346
5144577,8192,1,999424,52506836442,49127322765
5152769,8192,1,1017445,53578401482,49864615313
5160961,8192,1,1019623,52810336386,50802194089
5169153,8192,1,938849,52166193773,49532585508
5177345,8192,1,1005061,53979644014,52688523052
5185537,8192,1,1006297,54409598707,54538406256
5193729,8192,1,910773,52367016050,50866121334
5201921,8192,1,1019609,54958972298,51416014320
5210113,8192,1,963205,51431731336,51551897753
5218305,8192,1,1080296,53432274393,55720278151
5226497,8192,1,913035,51814775021,51963540286
5234689,8192,1,811533,49710271751,48209926046
5242881,8192,1,914018,50659269828,49074005604
5251073,8192,1,951734,49660522293,48992750239
5259265,8192,1,966328,49937461860,51972489500
5267457,8192,1,876120,48233799143,48433225560
5275649,8192,1,839560,45505587169,45321838354
5283841,8192,1,976074,50468458835,49618481981
5292033,8192,1,924974,47925789741,49479974407
5300225,8192,1,942144,49680604502,48050584770
5308417,8192,1,886412,46355902185,47413598030
5316609,8192,1,828036,44837407164,45974555634
5324801,8192,1,738251,42486626567,42875211372
5332993,8192,1,878562,44377402985,44536915870
5341185,8192,1,759784,39515895518,40390417082
5349377,8192,1,876958,45441991668,46984002135
5357569,8192,1,803479,46113372017,46982860811
5365761,8192,1,729028,45065663138,43661454452
5373953,8192,1,885713,47737923460,48226877467
5382145,8192,1,836995,51351355496,50173859923
5390337,8192,1,965931,52965281717,51442066674
5398529,8192,1,782926,50890084027,46482789438
5406721,8192,1,761190,48956703913,48291937903
5414913,8192,1,827064,48472063015,48297144567
5423105,8192,1,825418,49256575775,54342756473
5431297,8192,1,919267,52230978175,57280939525
5439489,8192,1,974226,55143258533,58492655216
5447681,8192,1,833508,50689771206,53362576488
5455873,8192,1,947860,56707817121,55762278218
5464065,8192,1,1033971,58652807039,58655671018
5472257,8192,1,1115589,59342364238,60976056592
5480449,8192,1,1153123,59083287853,60873048214
5488641,8192,1,1009152,56069946259,59480853228
5496833,8192,1,1156155,57601281303,63671641672
5505025,8192,1,1147957,57531469967,63682985509
5513217,8192,1,1088977,55330482420,59004251502
5521409,8192,1,1128476,54292326455,58242294781
5529601,8192,1,1047151,55026971310,61953239340
5537793,8192,1,1126959,57980108462,63292331677
5545985,8192,1,1076343,59166013084,63514632414
5554177,8192,1,1192396,59545348454,64248609815
5562369,8192,1,1376951,58519081749,70467658177
5570561,8192,1,976721,58050473193,59771698035
5578753,8192,1,1166387,57731284389,60739219504
5586945,8192,1,1161915,58406567436,63244409087
5595137,8192,1,1234914,60771886651,65506245612
5603329,8192,1,1124232,59755746193,61753700256
5611521,8192,1,1095478,60122260578,61096262064
5619713,8192,1,1158885,60368944644,64907235532
5627905,8192,1,1153817,60775416598,63575057889
5636097,8192,1,1226306,60413544072,62962667652
5644289,8192,1,1196097,59963033833,60635695490
5652481,8192,1,1148057,60165793954,64428323035
5660673,8192,1,1177054,60696972227,63405034344
5668865,8192,1,1235498,60047450465,65177178631
5677057,8192,1,1147362,60485425643,66740936454
5685249,8192,1,1108227,59774988632,63310661347
5693441,8192,1,1201882,61008511303,64889088213
5701633,8192,1,1183811,61676882288,69334436817
5709825,8192,1,1214637,61791485704,71558782882
5718017,8192,1,1086473,61499185628,70897812321
5726209,8192,1,1201901,61132528463,66766440649
5734401,8192,1,1114912,61252818451,65334410138
5742593,8192,1,1163973,60135524474,64925660424
5750785,8192,1,1084060,59600947136,63371569182
5758977,8192,1,1078372,59809101820,62341957897
5767169,8192,1,1114845,59325753351,64086441557
5775361,8192,1,1126138,59862973911,62280096324
5783553,8192,1,1136977,59212357830,60809406672
5791745,8192,1,1046515,52187366379,55214492235
5799937,8192,1,1040418,55190787848,57689099493
5808129,8192,1,853023,55324595267,53865987385
5816321,8192,1,1028624,57063660639,58145231147
5824513,8192,1,1117046,59270194084,63904530371
5832705,8192,1,1061157,58960211718,63058510554
5840897,8192,1,1055327,56548008958,60438364454
5849089,8192,1,878652,50539203884,54420274411
5857281,8192,1,1173486,57632243725,67227298820
5865473,8192,1,1081039,57617358569,62881869361
5873665,8192,1,1057229,56743055206,63595407722
5881857,8192,1,951758,58511385611,59303818199
5890049,8192,1,835183,61795713273,48167303928
5898241,8192,1,739929,61727951417,50158621163
5906433,8192,1,680873,61904063474,51094054701
5914625,8192,1,706329,61447371947,52597317699
5922817,8192,1,694577,62089394033,50127205973
5931009,8192,1,846968,57980071725,52683322737
5939201,8192,1,966559,59961762656,58780421712
5947393,8192,1,901788,60279415753,58948988849
5955585,8192,1,802864,60414676596,56207282789
5963777,8192,1,685110,63069117237,52809470669
5971969,8192,1,649712,59686231052,52086924122
5980161,8192,1,1036796,60094784408,64416471765
5988353,8192,1,1003503,59416305051,63418927788
5996545,8192,1,1027604,59615250433,61152331394
6004737,8192,1,892103,60438506569,66014770297
6012929,8192,1,880312,59806694762,62285191888
6021121,8192,1,1109642,60025112508,66892359249
6029313,8192,1,1094954,59640226996,65524429470
6037505,8192,1,1030417,59369607024,63522420048
6045697,8192,1,1057200,55900815277,64681745218
6053889,8192,1,940339,50753517403,56191513201
6062081,8192,1,1047645,56417459765,62569396366
6070273,8192,1,1070344,58612928291,65448911564
6078465,8192,1,1040326,59160341340,61979186738
6086657,8192,1,1032939,59245645508,59355160508
6094849,8192,1,978106,58080730358,58734415658
6103041,8192,1,949935,59434287423,62910657294
6111233,8192,1,814440,62418352419,79220111399
6119425,8192,1,756883,61929340206,82418095796
6127617,8192,1,891700,57927536222,69896634671
6135809,8192,1,894373,54124139868,57116531546
6144001,8192,1,948844,54474431056,61410875794
6152193,8192,1,949060,55935295379,60557099111
6160385,8192,1,940733,57179985070,61649080737
6168577,8192,1,875004,59767193046,68273773047
6176769,8192,1,854844,58633356661,62231324013
6184961,8192,1,869810,57172923878,62696850733
6193153,8192,1,858339,58716480746,63843662277
6201345,8192,1,808091,59068730609,62913606030
6209537,8192,1,816753,58875189706,66592205737
6217729,8192,1,809455,58560010270,64140952150
6225921,8192,1,839253,57560207356,63950446158
6234113,8192,1,845776,59019049499,65018221624
6242305,8192,1,804291,57082938691,66940124009
6250497,8192,1,779310,58293679134,62833009363
6258689,8192,1,935783,58551901338,64791079041
6266881,8192,1,832343,56739213761,64173516779
6275073,8192,1,815239,56879687612,64134607005
6283265,8192,1,869622,56503858451,62163192043
6291457,8192,1,753911,57192973874,63349942602
6299649,8192,1,796408,58492213661,63298216761
6307841,8192,1,775867,57819406693,63078192838
6316033,8192,1,731815,55554664930,60410494412
6324225,8192,1,801177,56055100336,62667731910
6332417,8192,1,702924,55639554786,60455111665
6340609,8192,1,628921,57287631240,60235652228
6348801,8192,1,701014,56796985035,58528793642
6356993,8192,1,679990,56753862938,61836478199
6365185,8192,1,679678,56844041949,54216910963
6373377,8192,1,730260,55694660589,61804293829
6381569,8192,1,631122,56053435110,56903956111
6389761,8192,1,623579,55480206989,57826365992
6397953,8192,1,722344,56431171315,59925129758
6406145,8192,1,629492,57158444543,59724186290
6414337,8192,1,709829,57357572825,59515852003
6422529,8192,1,613086,54942317621,53572527849
6430721,8192,1,606422,52576411946,54990600676
6438913,8192,1,642545,52459434620,56312983238
6447105,8192,1,731996,53145077742,55297105342
6455297,8192,1,724964,54306641564,62776355152
6463489,8192,1,815991,52726025166,59601440305
6471681,8192,1,729625,49182276339,51775013819
6479873,8192,1,669837,46831088707,47633563976
6488065,8192,1,747144,48122908769,54608826386
6496257,8192,1,717326,47958662805,60013679724
6504449,8192,1,718392,50909275438,57778589150
6512641,8192,1,730467,48392560754,53627272041
6520833,8192,1,738059,46131832206,54445895608
6529025,8192,1,724708,46477569891,52252924428
6537217,8192,1,800265,48971240353,56038094877
6545409,8192,1,787384,48497192206,54449719141
6553601,8192,1,698398,47187351487,53925868169
6561793,8192,1,737557,48788349686,53893757449
6569985,8192,1,764170,49888523955,55623812383
6578177,8192,1,680236,49997697795,48939412976
6586369,8192,1,749999,53088340658,51052723405
6594561,8192,1,705784,48019131508,53243098261
6602753,8192,1,656423,46400710382,52430414912
6610945,8192,1,849783,47748915390,56246854393
6619137,8192,1,801148,47807608803,56687420581
6627329,8192,1,765408,46669797740,54007630226
6635521,8192,1,743150,46887794423,54155609980
6643713,8192,1,665607,45877233135,55788094462
6651905,8192,1,758736,47427946240,58892678753
6660097,8192,1,827631,47805700088,57063471088
6668289,8192,1,740827,47033958754,55298299655
6676481,8192,1,701546,45737135850,53841333053
6684673,8192,1,693026,47473036303,55815579272
6692865,8192,1,744005,47361939810,54796485437
6701057,8192,1,728159,45355462532,52894845718
6709249,8192,1,803323,48175195526,55609304635
6717441,8192,1,731903,47282679908,55354704352
6725633,8192,1,669779,47058450238,50981758557
6733825,8192,1,736446,51234504987,55279794228
6742017,8192,1,845497,51556557281,57703913327
6750209,8192,1,783040,49450537411,54071035043
6758401,8192,1,785734,48600607825,51218563251
6766593,8192,1,644335,43880086628,46822400712
6774785,8192,1,718306,45320242271,50755918446
6782977,8192,1,787787,49300862376,55717130107
6791169,8192,1,797132,51216997662,54064018345
6799361,8192,1,778579,54480612692,65903289617
6807553,8192,1,777106,54418924892,62658189250
6815745,8192,1,641142,49816057934,59655855713
6823937,8192,1,767187,52605381030,61684534168
6832129,8192,1,795755,53448736123,64097249839
6840321,8192,1,787802,52776478133,66011873584
6848513,8192,1,788128,50809483628,64443162197
6856705,8192,1,703447,48678621512,61751506038
6864897,8192,1,720780,48100014209,56183811457
6873089,8192,1,753391,48766101024,55664416855
6881281,8192,1,726756,48283626988,56775823971
6889473,8192,1,759040,48229905528,55242234595
6897665,8192,1,733910,48871665264,59984541194
6905857,8192,1,752177,49522415159,58545548137
6914049,8192,1,802193,51410592357,55687140592
6922241,8192,1,859621,51928120590,59195968285
6930433,8192,1,800774,50391395202,57936864255
6938625,8192,1,748654,49387623217,57015079988
6946817,8192,1,796267,50255220086,59119914408
6955009,8192,1,748240,51693407873,54560638331
6963201,8192,1,806363,50150885645,60932077871
6971393,8192,1,728569,48656564463,59670555911
6979585,8192,1,735352,51199560672,61783915576
6987777,8192,1,699021,48682911486,63840529139
6995969,8192,1,634120,45831406577,53486447679
7004161,8192,1,892155,50536556554,62235717715
7012353,8192,1,782030,49273441119,60513917764
7020545,8192,1,741045,46097890688,55845299089
7028737,8192,1,762443,45093991002,56905467754
7036929,8192,1,853754,46603908786,56452403034
7045121,8192,1,810342,46377293130,56158557597
7053313,8192,1,770343,47471980730,56477381951
7061505,8192,1,683334,43555846112,53181765327
7069697,8192,1,838780,46875030520,57870320034
7077889,8192,1,763229,48582059456,54985585737
7086081,8192,1,751041,45191788480,53823028112
7094273,8192,1,795784,48515590361,55230915296
7102465,8192,1,787430,49228707462,54186849615
7110657,8192,1,985470,55948602087,58968610858
7118849,8192,1,879750,52775047845,58387132976
7127041,8192,1,771176,49224643811,56386540960
7135233,8192,1,810937,53308284328,61415592307
7143425,8192,1,915819,55117039138,64344569739
7151617,8192,1,910815,54754117820,61314431328
7159809,8192,1,886198,58713975871,65182004043
7168001,8192,1,726666,49138506055,53699968379
7176193,8192,1,693336,47109751685,53214657443
7184385,8192,1,724525,48036349840,51179069946
7192577,8192,1,708302,48268198216,52160089557
7200769,8192,1,727507,50120021956,54233079776
7208961,8192,1,790346,53098340347,60170632808
7217153,8192,1,906974,56741329110,61187446005
7225345,8192,1,933614,58596654890,64045672490
7233537,8192,1,885596,58671527494,63724484853
7241729,8192,1,1016104,61069572685,69548517585
7249921,8192,1,1020630,61369308543,65350788029
7258113,8192,1,985675,61058114637,68995143175
7266305,8192,1,1024395,60799942581,66695780302
7274497,8192,1,1073993,62911729753,71461048621
7282689,8192,1,959353,60722933235,68019314388
7290881,8192,1,721417,51558952034,59892975231
7299073,8192,1,635467,47439182717,57699398063
7307265,8192,1,768990,52539940390,60350368656
7315457,8192,1,782838,50497801672,59625089543
7323649,8192,1,736531,48680635829,56755705527
7331841,8192,1,693431,48979000213,58407737359
7340033,8192,1,700353,48470463657,58561437242
7348225,8192,1,656165,47754014325,53734718704
7356417,8192,1,706952,49781969594,58725387083
7364609,8192,1,702560,51552295972,56033953582
7372801,8192,1,748488,51189895210,57509984192
7380993,8192,1,672970,50289379405,55003494703
7389185,8192,1,618374,46747527961,55012434438
7397377,8192,1,731407,53849189259,58269222700
7405569,8192,1,823103,54459907520,58704248524
7413761,8192,1,820567,57996395789,63888838920
7421953,8192,1,759259,54880499899,61113332069
7430145,8192,1,709874,50266481813,55924443305
7438337,8192,1,799413,52617562312,60906064900
7446529,8192,1,803464,53862112844,62751198274
7454721,8192,1,776283,53348274726,61049750474
7462913,8192,1,841975,55623955618,61725490098
7471105,8192,1,853955,57452318218,66196826897
7479297,8192,1,795154,56297422443,64078032125
7487489,8192,1,889445,56376229780,67745168614
7495681,8192,1,1021969,60023042579,72414048372
7503873,8192,1,875237,55313971334,65531119343
7512065,8192,1,775071,49429826010,61274147634
7520257,8192,1,725889,47064363363,57959317470
7528449,8192,1,834843,51650564844,64176729674
7536641,8192,1,789507,50757917942,62932586437
7544833,8192,1,867687,54598783786,62111758520
7553025,8192,1,960725,56469515355,63327047563
7561217,8192,1,815707,50313874323,62397029709
7569409,8192,1,666231,46144005917,56548180246
7577601,8192,1,832815,54175134238,56912600015
7585793,8192,1,885526,58087439964,63451845874
7593985,8192,1,861278,55905434119,63053282242
7602177,8192,1,852806,50342783962,62073965453
7610369,8192,1,887841,49888381296,62728135368
7618561,8192,1,860187,54950616424,59300788468
7626753,8192,1,915348,54030183176,63415357997
7634945,8192,1,852309,51681051150,63724365628
7643137,8192,1,912370,53049696773,62372916714
7651329,8192,1,738803,45900258701,54303882394
7659521,8192,1,713836,45748826296,53718236241
7667713,8192,1,848035,50538533259,58326201617
7675905,8192,1,937742,55323766578,65775589104
7684097,8192,1,787627,54383889810,59527455170
7692289,8192,1,833589,53247672067,60246378756
7700481,8192,1,814204,49535470442,59190202622
7708673,8192,1,903137,54358941917,61189809700
7716865,8192,1,801151,62622317283,54868306271
7725057,8192,1,905524,59014777802,65902861113
7733249,8192,1,960512,58327935763,69637981166
7741441,8192,1,936278,56411432504,68111972076
7749633,8192,1,890324,53572479595,69214091962
7757825,8192,1,1027125,58522479696,75319490818
7766017,8192,1,1065365,61612038604,78115096992
7774209,8192,1,1133091,62039236317,76055083846
7782401,8192,1,1013568,61944787561,76245005583
7790593,8192,1,977456,60660792594,72489644933
7798785,8192,1,1062407,59684547724,74055007685
7806977,8192,1,1017774,59902115809,73634841357
7815169,8192,1,1154301,60693446908,73965452247
7823361,8192,1,1129298,60341384806,74342032853
7831553,8192,1,1048171,56590059373,70623537055
7839745,8192,1,1006866,55276418358,69922080527
7847937,8192,1,1266339,61467920318,74092588911
7856129,8192,1,1153575,60984143819,70263110172
7864321,8192,1,1115475,59852831907,73947567823
7872513,8192,1,1148287,60908945609,72331796741
7880705,8192,1,1236171,60021117831,76434784324
7888897,8192,1,1119286,58582250428,71592301455
7897089,8192,1,1116862,59438959515,72093965008
7905281,8192,1,1053564,59511201019,70475640913
7913473,8192,1,1018766,59916578393,72226140215
7921665,8192,1,1163030,58202234652,65930076136
7929857,8192,1,932972,56541598892,69628002770
7938049,8192,1,1335617,61768841096,75526376985
7946241,8192,1,1126115,60333225913,77199479913
7954433,8192,1,930625,59253863905,76141609366
7962625,8192,1,1155991,60318831521,75946753980
7970817,8192,1,1149787,58205892161,72677340324
7979009,8192,1,1168100,58675133580,72515943690
7987201,8192,1,1109590,60201568915,70622595717
7995393,8192,1,1246696,60953748469,69994471343
8003585,8192,1,1072671,58459135873,73912864460
8011777,8192,1,915176,52150084703,71230188773
8019969,8192,1,1048977,54347088319,70114762191
8028161,8192,1,1161083,57901070063,70278294365
8036353,8192,1,1038066,60739991885,70206500449
8044545,8192,1,1058512,61452870344,68715161191
8052737,8192,1,1224568,57520110354,68983430606
8060929,8192,1,883351,49034881564,62101822678
8069121,8192,1,1093556,54937862712,66852804545
8077313,8192,1,1171620,58985335698,73161850971
8085505,8192,1,970944,57604952668,70220529034
8093697,8192,1,1018286,53175452767,67354324720
8101889,8192,1,907967,52281783686,64290637713
8110081,8192,1,872493,50955441103,64565593936
8118273,8192,1,1016880,55439650663,70512268377
8126465,8192,1,893543,53041319100,67879899626
8134657,8192,1,1199821,58355280103,72011322195
8142849,8192,1,872903,50503746198,65971372426
8151041,8192,1,753363,48910092076,63833662624
8159233,8192,1,888841,55200745635,69816834315
8167425,8192,1,1358869,61654254721,66958375125
8175617,8192,1,919344,57647015958,70738687837
8183809,8192,1,948309,52872475578,65168715325
8192001,8192,1,738324,46746541520,58946215570
8200193,8192,1,738422,45469577722,57582237770
8208385,8192,1,812997,50384096789,62211947117
8216577,8192,1,1006640,52371646321,60488511992
8224769,8192,1,1163238,59595554009,68694204449
8232961,8192,1,798761,53019994658,63997722501
8241153,8192,1,697829,51960965721,59894778846
8249345,8192,1,841109,52000342474,64173837692
8257537,8192,1,930193,54459937700,67671652079
8265729,8192,1,975208,58222853369,69292479088
8273921,8192,1,1020904,56306070571,67595269828
8282113,8192,1,938526,53080739771,61409357955
8290305,8192,1,820570,51981464609,65922844725
8298497,8192,1,940581,58623412073,68045395418
8306689,8192,1,877846,57683653048,67180129791
8314881,8192,1,914277,57238738726,68844456242
8323073,8192,1,880678,51566549035,64403356832
8331265,8192,1,763133,51489770819,72878472665
8339457,8192,1,835498,52115559990,62451789816
8347649,8192,1,940995,53853618011,65968395722
8355841,8192,1,935120,59792349550,68709064594
8364033,8192,1,849350,54624898279,64805352544
8372225,8192,1,826549,50554075020,62393324848
8380417,8192,1,893359,53524916702,64813923095
8388609,8192,1,950037,59670381591,74532946949
8396801,8192,1,851952,59067138486,66023306921
8404993,8192,1,971316,58701071184,70682995151
8413185,8192,1,957288,57866515165,72433955645
8421377,8192,1,838965,57549256819,62924724300
8429569,8192,1,893296,61104343635,59623456359
8437761,8192,1,993838,59809150417,67642450016
8445953,8192,1,964813,60789904230,70407137684
8454145,8192,1,839047,59657647316,64852092957
8462337,8192,1,854037,59372454307,63353952428
8470529,8192,1,970235,60191471319,66302702483
8478721,8192,1,988342,61800831528,66158378316
8486913,8192,1,828164,61286830855,61019162226
8495105,8192,1,1002499,62022730823,63970633134
8503297,8192,1,989779,61828220456,62384643417
8511489,8192,1,835312,61844907375,57454554898
8519681,8192,1,889469,61679703719,58599068658
8527873,8192,1,965347,61385667796,60423890492
8536065,8192,1,931052,61592837583,60213229870
8544257,8192,1,754048,61629636775,55890685789
8552449,8192,1,803745,61961780469,58870550577
8560641,8192,1,939276,63530816772,63341383095
8568833,8192,1,851417,65923346777,62778964569
8577025,8192,1,841049,65623489141,62207074253
8585217,8192,1,992152,73222626803,68813414749
8593409,8192,1,817459,77878755186,65470294842
8601601,8192,1,699019,76628772865,65409174608
8609793,8192,1,811933,78058009201,64722574629
8617985,8192,1,949393,77470743277,75838915028
8626177,8192,1,869464,75793509999,71228013501
8634369,8192,1,739889,74187688186,64829814456
8642561,8192,1,818926,77685558439,69689799965
8650753,8192,1,825924,78026267904,71989487466
8658945,8192,1,812147,70393239512,78814167099
8667137,8192,1,785673,61570806794,70922804799
8675329,8192,1,816542,65781442449,68017735715
8683521,8192,1,757973,54004019478,65926201047
8691713,8192,1,683329,52246980326,60996692773
8699905,8192,1,849122,55659160493,66677931261
8708097,8192,1,975466,59263476741,71655603632
8716289,8192,1,913001,59041577975,70134163643
8724481,8192,1,868978,54281558998,65561336088
8732673,8192,1,805391,49494687484,61136185916
8740865,8192,1,812980,52561159401,63933645824
8749057,8192,1,822366,52666178343,64042817001
8757249,8192,1,919564,56098391378,67353599665
8765441,8192,1,968016,57877117485,68954574749
8773633,8192,1,860153,51481505907,61087878979
8781825,8192,1,790868,47257860195,57531013936
8790017,8192,1,942832,53538052783,64290811447
8798209,8192,1,940694,61685676481,71985165641
8806401,8192,1,885927,61658922238,66193461067
8814593,8192,1,1038029,61369004831,74148039484
8822785,8192,1,879793,52146272787,63725975808
8830977,8192,1,878509,55697156073,66355108179
8839169,8192,1,964736,62541552293,82376123646
8847361,8192,1,996914,61590833329,79952207909
8855553,8192,1,885028,55127615561,62591241863
8863745,8192,1,791523,55304861134,65680326467
8871937,8192,1,849887,63786091420,80861206406
8880129,8192,1,902373,61012686158,74284401004
8888321,8192,1,941387,59426643172,71203042484
8896513,8192,1,1133114,63866621409,83092634535
8904705,8192,1,802562,63727133550,84771116149
8912897,8192,1,845445,61409418399,81154120436
8921089,8192,1,1017609,65029754319,84672804272
8929281,8192,1,907925,63564436196,80683852960
8937473,8192,1,967802,66232587516,84104331821
8945665,8192,1,897482,65346650167,83265030310
8953857,8192,1,750217,65003544141,71261668478
8962049,8192,1,1086994,67502783028,83483647677
8970241,8192,1,951713,66237749089,78607782752
8978433,8192,1,981183,69267416517,77250851512
8986625,8192,1,1055590,68273551884,88780862336
8994817,8192,1,780717,56833119505,74718197683
9003009,8192,1,1036805,73004597454,86112333515
9011201,8192,1,1012222,71455636535,82087375193
9019393,8192,1,874242,71548472212,80454565468
9027585,8192,1,971248,66791843410,81522660288
9035777,8192,1,840102,64595196013,79458158665
9043969,8192,1,994170,64934612725,78943397600
9052161,8192,1,888691,65383679263,80023058096
9060353,8192,1,942244,57388886441,71623244245
9068545,8192,1,701653,48078807041,59887153041
9076737,8192,1,754798,61024714378,70523411305
9084929,8192,1,908482,65338335472,76942208597
9093121,8192,1,898709,68826620520,82575645945
9101313,8192,1,947022,69761741984,77803937193
9109505,8192,1,855685,64915604147,75735037735
9117697,8192,1,936510,68593558199,80751759162
9125889,8192,1,1110657,74193543274,88617437848
9134081,8192,1,974020,71692480309,86709621728
9142273,8192,1,971906,69278593897,86091476517
9150465,8192,1,940651,67361910005,84265072786
9158657,8192,1,931319,67770003761,85682607993
9166849,8192,1,1003627,67301994373,89059749650
9175041,8192,1,901224,64936435027,82860977327
9183233,8192,1,768025,58547006772,73275159772
9191425,8192,1,992708,64118389903,83813307222
9199617,8192,1,767537,60728207372,79154362824
9207809,8192,1,741824,53901328760,75026819391
9216001,8192,1,698064,49104444455,65378307237
9224193,8192,1,643992,47707551961,73111244261
9232385,8192,1,827015,55845001987,72497760815
9240577,8192,1,847844,59333225580,72359327922
9248769,8192,1,757262,52846524981,64489947299
9256961,8192,1,716538,54524823239,66380610081
9265153,8192,1,714126,49995214601,59414952140
9273345,8192,1,716731,54250605891,65728843594
9281537,8192,1,763184,56104624149,70651091644
9289729,8192,1,852003,63108379279,77186395855
9297921,8192,1,904053,60658920099,72907676871
9306113,8192,1,828610,56073471319,70518300345
9314305,8192,1,742441,55013686452,69054280769
9322497,8192,1,731295,52787689502,64846358238
9330689,8192,1,708369,52392880422,63959881211
9338881,8192,1,664925,47456678772,61514147902
9347073,8192,1,627062,59045841516,69940414919
9355265,8192,1,542072,51533409470,61976194724
9363457,8192,1,553768,51823161640,61711958569
9371649,8192,1,664552,57497993985,70653609375
9379841,8192,1,665352,58873592863,70007816226
9388033,8192,1,708523,60684737157,73371550385
9396225,8192,1,742494,61352845542,72272754829
9404417,8192,1,682535,52096944972,66157796264
9412609,8192,1,730720,56467680323,72970805713
9420801,8192,1,659919,65708295301,91818847106
9428993,8192,1,805946,68506237462,94841878108
9437185,8192,1,799261,70730540231,96358866227
9445377,8192,1,782815,64727852547,86147272827
9453569,8192,1,806095,57998734790,75802632115
9461761,8192,1,873153,60674145097,74519067293
9469953,8192,1,978600,68453757397,89880352066
9478145,8192,1,932038,68593126285,88889049584
9486337,8192,1,969887,65412428592,82823807308
9494529,8192,1,871662,61072195102,79391532487
9502721,8192,1,880415,67010896351,91324942471
9510913,8192,1,877077,62637487079,80969137904
9519105,8192,1,892491,66341797417,83321974675
9527297,8192,1,886525,63743218469,82923287299
9535489,8192,1,763034,56916289211,74699613464
9543681,8192,1,755739,51749236039,71483275093
9551873,8192,1,873175,63714325503,84459579885
9560065,8192,1,894671,66968083563,91959035085
9568257,8192,1,871975,67196685161,93914079833
9576449,8192,1,833002,63337835446,89575527030
9584641,8192,1,804983,57162122774,80818621865
9592833,8192,1,852642,58816487988,86901384064
9601025,8192,1,804419,61358444080,94184805725
9609217,8192,1,849312,58233450860,89044050413
9617409,8192,1,927929,63536028152,94659739573
9625601,8192,1,813905,59495790605,89974319421
9633793,8192,1,774141,59853748240,94470988827
9641985,8192,1,1008519,71796902215,102374850474
9650177,8192,1,946237,66707485905,89212463661
9658369,8192,1,908074,73540668043,104358552679
9666561,8192,1,1048466,76252778127,101316830082
9674753,8192,1,866412,68574360918,91527785115
9682945,8192,1,932972,70752871888,97884618786
9691137,8192,1,979047,71791734313,99314972513
9699329,8192,1,918888,67817796157,96789325302
9707521,8192,1,1104725,71177466006,105298912487
9715713,8192,1,1104271,71716325188,109275715440
9723905,8192,1,963052,66999392072,93516461629
9732097,8192,1,1005464,65795578186,94248286109
9740289,8192,1,1059837,67994246828,97381148392
9748481,8192,1,979162,67629006993,95528078764
9756673,8192,1,885081,62292836211,88269486879
9764865,8192,1,833802,62457382863,86059261322
9773057,8192,1,837546,61034522068,82151251780
9781249,8192,1,946051,67857791102,91097369412
9789441,8192,1,819208,65866256100,87098393287
9797633,8192,1,924104,68240421801,95041681643
9805825,8192,1,881246,68247029882,91784085047
9814017,8192,1,778987,66071308722,86038072299
9822209,8192,1,911174,69795340731,97655272356
9830401,8192,1,1006706,71978418806,101253786761
9838593,8192,1,1038633,71509025018,102892053219
9846785,8192,1,896865,69792988764,93822368606
9854977,8192,1,847711,67034768302,88813774449
9863169,8192,1,911641,68667883187,93773239220
9871361,8192,1,996682,70107950073,95774680535
9879553,8192,1,973566,69625920413,96132653067
9887745,8192,1,993179,71185747311,98592051041
9895937,8192,1,1003198,70717713319,98902349099
9904129,8192,1,1002534,71808040774,102100693884
9912321,8192,1,973237,71613101484,98526754017
9920513,8192,1,1033485,72846155160,97923285226
9928705,8192,1,1031123,73635393603,100883857212
9936897,8192,1,1080661,74097718137,102584032773
9945089,8192,1,978766,70891484395,97546585778
9953281,8192,1,1042650,72417886178,100763284286
9961473,8192,1,1112412,74009890439,103061622126
9969665,8192,1,1081752,73469731113,104596997983
9977857,8192,1,1115522,75780146275,106287094437
9986049,8192,1,1042699,73335453765,105019902445
9994241,8192,1,1012025,72304159780,104132670645
10002433,8192,1,947807,73177316635,101676505640
10010625,8192,1,993860,74248158794,101029861580
10018817,8192,1,1083307,76321832298,106282505095
10027009,8192,1,1144640,76778212899,108233208514
10035201,8192,1,1106267,76509496209,109336879723
10043393,8192,1,1136468,76529152684,105930168174
10051585,8192,1,1143192,76622953602,109240678391
10059777,8192,1,1071558,76691528658,104279724688
10067969,8192,1,1035874,75016157201,102511973617
10076161,8192,1,1190056,75265046958,102197065110
10084353,8192,1,1052095,76722732640,105803581872
10092545,8192,1,1059358,76839914668,107986837753
10100737,8192,1,1078590,77061038954,104574921543
10108929,8192,1,1104262,76917215732,95845239403
10117121,8192,1,1171376,77120896113,102604250025
10125313,8192,1,1065388,77604654123,108087678920
10133505,8192,1,1080586,77621034018,102103034966
10141697,8192,1,1185945,77375102520,104280842171
10149889,8192,1,1118057,77079879819,101347310963
10158081,8192,1,1140551,77535086646,106530451355
10166273,8192,1,1201889,77314405596,105481968383
10174465,8192,1,1114490,77129632609,106620320958
10182657,8192,1,1131014,76977719808,105547571459
10190849,8192,1,1225990,76646881261,105595685576
10199041,8192,1,1193971,77200838933,102997955572
10207233,8192,1,1174049,77770485494,105246068347
10215425,8192,1,1131601,77893106666,103227960096
10223617,8192,1,1214716,77082495252,102999822390
10231809,8192,1,1239036,76812658037,105584437608
10240001,8192,1,1174334,77539060580,107030021136
10248193,8192,1,1147536,77645370823,110027023231
10256385,8192,1,1130296,76924591639,106281849153
10264577,8192,1,1030018,77324495149,107181827118
10272769,8192,1,1086505,77623073831,107408818088
10280961,8192,1,1133919,77708872357,106594365065
10289153,8192,1,1154060,77788627230,108482098472
10297345,8192,1,1188569,79487887047,114783478002
10305537,8192,1,1162732,92108783782,132502298095
10313729,8192,1,1258422,92807705936,127422644774
10321921,8192,1,1454915,92532120917,126709770156
10330113,8192,1,1363088,93006927167,129684483855
10338305,8192,1,1297387,91799653406,127070592354
10346497,8192,1,1317779,93102367684,128204534061
10354689,8192,1,1316959,92167733414,128089392951
10362881,8192,1,1294409,91868826372,126261544693
10371073,8192,1,1371189,92625323824,126324960530
10379265,8192,1,1370935,91279955444,126078350156
10387457,8192,1,1323638,91353035083,128180993866
10395649,8192,1,1176812,92192015743,129970579004
10403841,8192,1,1130901,92191092473,124763127869
10412033,8192,1,1365356,91517607743,126662457017
10420225,8192,1,1350461,91558164098,125702775681
10428417,8192,1,1325279,93052871840,130528475529
10436609,8192,1,1315451,92424243235,128164908465
10444801,8192,1,1280543,91824104587,130151496946
10452993,8192,1,1386630,92677741195,128309592815
10461185,8192,1,1350573,93443272480,133161517389
10469377,8192,1,1413221,93408214190,125041112207
10477569,8192,1,1409852,91813150323,118657169867
10485761,8192,1,1325146,92491978229,127247880478
10493953,8192,1,1360475,93375068735,130574432630
10502145,8192,1,1477277,93028293528,128234567778
10510337,8192,1,1458912,93395121237,129717087922
10518529,8192,1,1407547,93881286759,133776913352
10526721,8192,1,1441709,95010075686,131889366035
10534913,8192,1,1517598,98525141995,139502994257
10543105,8192,1,1527082,98878550793,138269943364
10551297,8192,1,1529306,98563439926,140116433243
10559489,8192,1,1488034,98120186326,130836353433
10567681,8192,1,1545901,98405600084,134607079165
10575873,8192,1,1481930,98131779771,135260872589
10584065,8192,1,1392202,98224165663,137460989022
10592257,8192,1,1533065,98063078190,133804049912
10600449,8192,1,1520463,98076761196,135719929321
10608641,8192,1,1485632,97643007726,133369532935
10616833,8192,1,1537129,98094168122,132044142846
10625025,8192,1,1531409,97567851758,129647994206
10633217,8192,1,1605029,98527900785,130002464915
10641409,8192,1,1581691,98109215587,128180891573
10649601,8192,1,1533873,98321831677,122851830973
10657793,8192,1,1556816,98751922551,124270146354
10665985,8192,1,1455320,98419002087,130766192630
10674177,8192,1,1399828,98856138099,129275581986
10682369,8192,1,1543182,99064986797,127750267542
10690561,8192,1,1541635,98835373983,126455258427
10698753,8192,1,1495339,99053764120,130047413058
10706945,8192,1,1535453,99205973257,132050417751
10715137,8192,1,1411860,98432768557,132559047620
10723329,8192,1,1465940,98922916151,132064615083
10731521,8192,1,1445079,99057744442,130640399223
10739713,8192,1,1409598,98835109309,131555726651
10747905,8192,1,1434689,98604438114,130306771505
10756097,8192,1,1432351,98393824834,127249946411
10764289,8192,1,1436449,98995119384,124578039983
10772481,8192,1,1494024,98865322370,122493483289
10780673,8192,1,1564213,98943876509,121478708697
10788865,8192,1,1487517,99069578049,121185501235
10797057,8192,1,1431398,98631734597,129627996649
10805249,8192,1,1279797,97861496443,129955591124
10813441,8192,1,1314075,99369544817,132452080826
10821633,8192,1,1326300,98850079622,132571172469
10829825,8192,1,1297628,99169380318,128632198367
10838017,8192,1,1376879,98939998883,128112844574
10846209,8192,1,1346219,99403792278,132690075786
10854401,8192,1,1323252,99251403001,131088146611
10862593,8192,1,1334976,99494857878,134425976789
10870785,8192,1,1341365,99559553820,132442235827
10878977,8192,1,1470136,99262735048,130442184136
10887169,8192,1,1685788,99549571043,125958183043
10895361,8192,1,1395013,99353151545,131679994463
10903553,8192,1,1353200,99129856294,131879745112
10911745,8192,1,1436134,99015606534,131989179774
10919937,8192,1,1372106,99208153089,130022963706
10928129,8192,1,1338149,99199886160,132168290003
10936321,8192,1,1303750,99210160521,131766690561
10944513,8192,1,1283208,99611151083,131859116771
10952705,8192,1,1319801,99531959189,126207980490
10960897,8192,1,1352636,99310002799,128099386312
10969089,8192,1,1375102,99466085443,129899477135
10977281,8192,1,1318730,99628423479,135206182226
10985473,8192,1,1227266,99669860657,130373277713
10993665,8192,1,1251634,99764662138,130624700872
11001857,8192,1,1356592,99619090549,132452726004
11010049,8192,1,1378517,99485553104,133226632645
11018241,8192,1,1275742,98374192970,129681529659
11026433,8192,1,1354490,99298692809,131134322227
11034625,8192,1,1310112,97186693575,127577921779
11042817,8192,1,1334103,99245280398,131819296717
11051009,8192,1,1363729,99758052158,132639599452
11059201,8192,1,1433294,99811214650,132601291977
11067393,8192,1,1554046,99865509853,140216218251
11075585,8192,1,1348576,99492264844,138933251731
11083777,8192,1,1248034,99629928157,134967290795
11091969,8192,1,1401515,99673560434,139216861137
11100161,8192,1,1447762,99741103137,138597363763
11108353,8192,1,1485144,99829077573,140879049562
11116545,8192,1,1398817,99670502872,136232104264
11124737,8192,1,1270161,99750583272,133766280939
11132929,8192,1,1320965,100173706874,134909737756
11141121,8192,1,1325674,99897977809,136502402153
11149313,8192,1,1402938,99852564415,135686551016
11157505,8192,1,1427512,99848646888,134072521344
11165697,8192,1,1399016,99824607865,136256024705
11173889,8192,1,1294020,99650819487,136915449849
11182081,8192,1,1438620,99932057170,140403018127
11190273,8192,1,1438914,100005225132,137637783494
11198465,8192,1,1443942,99739876237,140017256874
11206657,8192,1,1412633,99729278350,139863804523
11214849,8192,1,1380570,99693471850,140554061678
11223041,8192,1,1383145,99903866172,140175433202
11231233,8192,1,1478358,100104962850,140567953304
11239425,8192,1,1347924,99887377082,138927668994
11247617,8192,1,1381274,100222018318,136568451744
11255809,8192,1,1444439,99786699446,136896420697
11264001,8192,1,1316079,99890293002,137978569376
11272193,8192,1,1347710,99946984814,139515349071
11280385,8192,1,1484505,99851935427,140493545736
11288577,8192,1,1396744,99998982049,143293377212
11296769,8192,1,1470900,99784151152,142419069067
11304961,8192,1,1430049,99687376856,144797543615
11313153,8192,1,1453839,99667400561,146506176244
11321345,8192,1,1595756,99733144268,144971899143
11329537,8192,1,1528036,99788326430,143990946311
11337729,8192,1,1445057,99542969394,143920424627
11345921,8192,1,1359299,100074192393,142051506721
11354113,8192,1,1214427,99786388904,141667287236
11362305,8192,1,1448539,99876697498,146992127077
11370497,8192,1,1443442,99905517041,144460226629
11378689,8192,1,1372946,99494705111,140767501975
11386881,8192,1,1460716,99919270857,145659820041
11395073,8192,1,1324871,99802789764,144461412016
11403265,8192,1,1294644,99751712798,141584280555
11411457,8192,1,1427163,99936036914,141981291247
11419649,8192,1,1470939,99901096311,142545713241
11427841,8192,1,1374494,99957562220,142541884959
11436033,8192,1,1412862,100230306566,140395171993
11444225,8192,1,1374249,100053691309,139943515881
11452417,8192,1,1571219,99840223592,142277450925
11460609,8192,1,1495879,100010686253,142033173669
11468801,8192,1,1604419,100116741671,145156843333
11476993,8192,1,1633118,99820704698,143330891362
11485185,8192,1,1504462,99935838936,149957560043
11493377,8192,1,1317697,100499782245,149082065209
11501569,8192,1,1456024,100174119560,143984422095
11509761,8192,1,1513323,100006134277,140915839119
11517953,8192,1,1519607,99951925790,145394693946
11526145,8192,1,1383406,99807024509,143981273265
11534337,8192,1,1422653,100061173912,150424723848
11542529,8192,1,1545477,99930647157,148737555346
11550721,8192,1,1558532,100242503361,146848754031
11558913,8192,1,1504436,99761429052,142389698117
11567105,8192,1,1457170,99838244510,146507552347
11575297,8192,1,1421856,100360462892,149734826312
11583489,8192,1,1555722,100143247311,150240866983
11591681,8192,1,1574678,99900660852,150100973272
11599873,8192,1,1594565,100048647754,148692663537
11608065,8192,1,1659040,100329595801,155445194898
11616257,8192,1,1617443,100220177970,147427653924
11624449,8192,1,1532623,100080599389,148967228369
11632641,8192,1,1542361,100037161583,149654529432
11640833,8192,1,1571861,100308996380,146243082256
11649025,8192,1,1395721,100378559333,149035289424
11657217,8192,1,1490221,100226114683,150212583967
11665409,8192,1,1513739,99985733401,145267325965
11673601,8192,1,1486715,99964988407,143725534046
11681793,8192,1,1497379,99497295251,147238298808
11689985,8192,1,1555675,99583756838,143457378832
11698177,8192,1,1526425,99975239456,141326864496
11706369,8192,1,1506885,100205850486,198406666633
11714561,8192,1,1417140,100076759648,202451568183
11722753,8192,1,1419327,100185239943,174419452462
11730945,8192,1,1535326,99752558396,151752121544
11739137,8192,1,1475350,100121062315,144240781769
11747329,8192,1,1462315,100110564487,145884592175
11755521,8192,1,1607984,100218708518,145136010081
11763713,8192,1,1561092,100091344980,143954614078
11771905,8192,1,1634365,99974635368,139786941541
11780097,8192,1,1611463,100152909187,146893625138
11788289,8192,1,1659488,100051303446,141339800445
11796481,8192,1,1665774,99976385541,140108252836
11804673,8192,1,1595345,99986758305,139400695507
11812865,8192,1,1524046,99728316562,140868285924
11821057,8192,1,1641213,100165414493,146452739881
11829249,8192,1,1680031,99908869524,142296206531
11837441,8192,1,1612325,99880712091,143329509264
11845633,8192,1,1614251,99971067648,144599486182
11853825,8192,1,1556277,99978320446,144931586582
11862017,8192,1,1512954,100017672279,145780025885
11870209,8192,1,1549037,99886206895,142883356148
11878401,8192,1,1571428,100164009970,145247857011
11886593,8192,1,1668305,100312517315,143042243742
11894785,8192,1,1682065,100025730811,146266061768
11902977,8192,1,1570310,100112225843,148929829054
11911169,8192,1,1644933,100154217941,147687911993
11919361,8192,1,1656821,100207884794,146128281096
11927553,8192,1,1582493,100126425907,144646171430
11935745,8192,1,1521475,100167079312,145961692217
11943937,8192,1,1521683,100388045346,152127395726
11952129,8192,1,1489299,99966830319,155995728445
11960321,8192,1,1544635,100287189976,150352214889
11968513,8192,1,1561452,100362822758,151257788291
11976705,8192,1,1547967,99807104865,152095520873
11984897,8192,1,1485163,100423627141,148762091721
11993089,8192,1,1491502,100554250927,147807911155
12001281,8192,1,1511597,100501602390,146707349563
12009473,8192,1,1613129,100389557491,150319140532
12017665,8192,1,1618139,100182492628,148511374343
12025857,8192,1,1670231,100793818551,143994659712
12034049,8192,1,1618179,100973456970,147911425221
12042241,8192,1,1636290,100626663293,148446064344
12050433,8192,1,1664045,100791135270,145577936727
12058625,8192,1,1614383,100610086286,143451033440
12066817,8192,1,1626536,100553630407,144516746214
12075009,8192,1,1627135,100664025896,149185757618
12083201,8192,1,1538091,100839562356,148535830651
12091393,8192,1,1630555,100752831001,142290999630
12099585,8192,1,1633198,100611408516,148490264328
12107777,8192,1,1693381,100714695598,146135598637
12115969,8192,1,1640460,100682351254,148973981017
12124161,8192,1,1538108,100693050780,150876680264
12132353,8192,1,1528903,100580839188,155196313007
12140545,8192,1,1638145,100567752635,152597051101
12148737,8192,1,1686577,100662518085,172758765586
12156929,8192,1,1700547,100764775287,166596205403
12165121,8192,1,1713298,100590983304,166842987071
12173313,8192,1,1558439,100652606920,164320822727
12181505,8192,1,1598931,100706966213,160977625064
12189697,8192,1,1658474,100768276142,155633423397
12197889,8192,1,1637377,100917775639,156319777605
12206081,8192,1,1654920,100978253443,155385612665
12214273,8192,1,1653938,101056372273,155259944224
12222465,8192,1,1558132,101083378473,163282520401
12230657,8192,1,1706312,101058340035,167335214732
12238849,8192,1,1767076,101153617321,160852873427
12247041,8192,1,1547107,101156385394,166688461699
12255233,8192,1,1807586,101213455045,155922181153
12263425,8192,1,1827918,101340557214,155118430263
12271617,8192,1,1812421,101225928616,157795632730
12279809,8192,1,1929005,102065174460,150443352892
12288001,8192,1,1974887,113736085303,173735152355
12296193,8192,1,2023402,120815230694,188933487207
12304385,8192,1,1812523,120875986075,189423642535
12312577,8192,1,1728126,121038645094,200921368651
12320769,8192,1,1828550,120484717452,198486744413
12328961,8192,1,1856686,120211855092,198552582376
12337153,8192,1,1960808,120130384288,188544430329
12345345,8192,1,1834647,120407730128,192915254555
12353537,8192,1,1789128,120394301428,200369243752
12361729,8192,1,1845221,120562860077,201550054617
12369921,8192,1,1928680,120791685995,197238541500
12378113,8192,1,1897871,120919218796,196254931547
12386305,8192,1,1956011,121273660873,195785700289
12394497,8192,1,2024916,121410961017,188385890512
12402689,8192,1,2206937,120878046089,186411584440
12410881,8192,1,2161590,121219190569,177673507962
12419073,8192,1,2154173,120712639060,173375099506
12427265,8192,1,2025421,121107996489,189746720011
12435457,8192,1,1919756,121298892011,188866475266
12443649,8192,1,1849268,121098408850,195414763977
12451841,8192,1,1841994,121305918840,198707932939
12460033,8192,1,1812728,121289513405,191393325835
12468225,8192,1,1836821,121131924561,205727441350
12476417,8192,1,1847130,121013257890,199862587102
12484609,8192,1,1726342,121110215473,199118888572
12492801,8192,1,1565797,121227551605,200543487307
12500993,8192,1,1661227,120989838462,196876614946
12509185,8192,1,1657744,121397791130,194013298920
12517377,8192,1,1686415,120881512313,193022750938
12525569,8192,1,1635921,121020595616,188894562380
12533761,8192,1,1638295,120828007952,193647310280
12541953,8192,1,1630729,121115033416,197156757351
12550145,8192,1,1669238,121350515963,197601361235
12558337,8192,1,1606500,120840646922,188849251807
12566529,8192,1,1705647,120843737763,200629017292
12574721,8192,1,1593840,120738844726,200340518336
12582913,8192,1,1428541,118845017866,195854349600
12591105,8192,1,1527605,119581549488,199699577589
12599297,8192,1,1538160,121177086792,198952879932
12607489,8192,1,1544054,120921611838,200049941713
12615681,8192,1,1489350,121042433482,200041346078
12623873,8192,1,1435704,119449851412,197418797809
12632065,8192,1,1452687,118027659375,197293047861
12640257,8192,1,1546021,120587022943,196628650817
12648449,8192,1,1522355,120371457890,197833585737
12656641,8192,1,1515099,120323786912,196195996075
12664833,8192,1,1463056,119801520354,193853151774
12673025,8192,1,1336569,117778012653,193858394087
12681217,8192,1,1523979,120492919264,203535143638
12689409,8192,1,1641347,120800581446,207454392516
12697601,8192,1,1517616,120209411085,202897926548
12705793,8192,1,1572885,120784865947,199570734141
12713985,8192,1,1443041,119223702600,199092594745
12722177,8192,1,1560503,118711360145,200025858699
12730369,8192,1,1710200,120752573783,207888098383
12738561,8192,1,1525513,120574020911,196300937237
12746753,8192,1,1545180,120340259097,195964517306
12754945,8192,1,1491209,119617730910,194702110258
12763137,8192,1,1419517,119567393503,197861733816
12771329,8192,1,1443602,118754868552,200969663513
12779521,8192,1,1749998,120716159388,183579274813
12787713,8192,1,1637823,120792717738,189810032758
12795905,8192,1,1547938,120670804712,190270378400
12804097,8192,1,1433400,119784397229,194119194061
12812289,8192,1,1468640,119538963045,191501276747
12820481,8192,1,1536022,121005829418,190797171934
12828673,8192,1,1544028,120698206806,194497821988
12836865,8192,1,1619752,120820573618,195832317489
12845057,8192,1,1531456,120973407095,191010706476
12853249,8192,1,1483024,120987635474,186758722243
12861441,8192,1,1519507,120664198995,199750722046
12869633,8192,1,1543637,120610778641,208035048766
12877825,8192,1,1551096,121002511251,208738611723
12886017,8192,1,1516209,121052750886,206057804943
12894209,8192,1,1517293,120791191879,213228287517
12902401,8192,1,1553524,121085055387,208903702154
12910593,8192,1,1693757,121300295216,204342500777
12918785,8192,1,1672044,121340799798,200226584660
12926977,8192,1,1655404,120941956310,203006404072
12935169,8192,1,1569906,120926210670,202001242055
12943361,8192,1,1540925,121105298293,208674653574
12951553,8192,1,1641688,121015559738,202392057796
12959745,8192,1,1563783,120859188337,204604560241
12967937,8192,1,1512297,121685096229,197629068558
12976129,8192,1,1516976,126805399318,199717962138
12984321,8192,1,1530715,126881112753,207986476337
12992513,8192,1,1500023,126849103803,207273644550
13000705,8192,1,1525062,126762365924,193336074167
13008897,8192,1,1570898,126628575442,197061855582
13017089,8192,1,1515070,126715629496,200450161550
13025281,8192,1,1491295,126737597201,192116087923
13033473,8192,1,1399447,126800876454,194939366451
13041665,8192,1,1612103,126573305644,200028275965
13049857,8192,1,1564889,126570069748,198717655154
13058049,8192,1,1549927,126511290892,202634688666
13066241,8192,1,1574840,126648398482,204220402538
13074433,8192,1,1517669,127023106100,205458475310
13082625,8192,1,1555248,127201822791,206662960561
13090817,8192,1,1556053,126522950159,200772731150
13099009,8192,1,1504861,126490789213,202636733106
13107201,8192,1,1482066,126504578382,196564296305
13115393,8192,1,1426374,126482546404,187764654588
13123585,8192,1,1422652,126575548760,194075976122
13131777,8192,1,1500669,126501919615,197172261338
13139969,8192,1,1580952,126501645806,194293722569
13148161,8192,1,1572191,126580580822,184502561334
13156353,8192,1,1502663,126435071350,171751773827
13164545,8192,1,1495807,126867900914,176669688705
13172737,8192,1,1485620,126758082578,183018132469
13180929,8192,1,1624283,126445008957,187440381592
13189121,8192,1,1487793,126454067159,179517561013
13197313,8192,1,1590087,126448018907,190249818738
13205505,8192,1,1603957,126508967574,203117898887
13213697,8192,1,1515619,126648476624,207322580428
13221889,8192,1,1594506,126480910175,201610446554
13230081,8192,1,1571457,126542193961,203753617582
13238273,8192,1,1535402,126591571689,198508696820
13246465,8192,1,1493317,126453218947,189325170542
13254657,8192,1,1432522,126495905368,205949750492
13262849,8192,1,1488041,126602949682,203378833211
13271041,8192,1,1487836,126367437642,193764072145
13279233,8192,1,1482494,126265843066,202223044550
13287425,8192,1,1540706,126290664704,199639482103
13295617,8192,1,1431213,126416230124,201751367594
13303809,8192,1,1381642,126377743039,196750165319
13312001,8192,1,1425200,126414184386,193777567117
13320193,8192,1,1446442,126433497478,197896465736
13328385,8192,1,1451568,126525699709,195654088378
13336577,8192,1,1488450,126443773151,191059863917
13344769,8192,1,1448829,126470974452,208436528964
13352961,8192,1,1435386,126473514687,206010939593
13361153,8192,1,1537204,126540746888,194873170999
13369345,8192,1,1706359,126382828597,197075031982
13377537,8192,1,1739316,126452726028,196293276173
13385729,8192,1,1559597,126463514796,198808961283
13393921,8192,1,1464328,126468436719,205349557933
13402113,8192,1,1527548,126619040869,193675255601
13410305,8192,1,1540567,126512649425,199123240942
13418497,8192,1,1579041,126657363768,195689570670
13426689,8192,1,1652004,126401984278,191071859639
13434881,8192,1,1484258,126375922545,202625855102
13443073,8192,1,1553385,126524177526,212872076256
13451265,8192,1,1545506,126393109813,200671821245
13459457,8192,1,1617660,126509408506,206191132214
13467649,8192,1,1617160,126539220161,202560655857
13475841,8192,1,1597888,126604477600,205917945501
13484033,8192,1,1607554,126579892965,204130623413
13492225,8192,1,1693151,126510267086,202186166065
13500417,8192,1,1730955,126614551074,193250043141
13508609,8192,1,1907030,126451741784,189830411692
13516801,8192,1,1860726,126544257334,195253560196
13524993,8192,1,1743498,126502399379,195381259272
13533185,8192,1,1699555,126537553304,197971943945
13541377,8192,1,1797680,126444001381,195935072809
13549569,8192,1,1806412,126438385106,206759756185
13557761,8192,1,1726244,126479692212,204073307052
13565953,8192,1,1638285,126346564082,208863205131
13574145,8192,1,1634714,126449381758,220522123641
13582337,8192,1,1718939,126525685269,200822570121
13590529,8192,1,1768713,126417251634,198590550045
13598721,8192,1,1731576,126409827801,196382274566
13606913,8192,1,1714696,126194994571,194835369886
13615105,8192,1,1662689,126332832338,211688881266
13623297,8192,1,1659344,126354562546,195427169111
13631489,8192,1,1688326,126167088507,201297150232
13639681,8192,1,1740343,126358272138,209212451345
13647873,8192,1,1656537,126321177990,199465642590
13656065,8192,1,1504782,126229054599,208296327017
13664257,8192,1,1627117,126324235982,207370859030
13672449,8192,1,1617372,126397597617,198741771538
13680641,8192,1,1717682,126185351143,207345336362
13688833,8192,1,1681875,126418968592,206327396696
13697025,8192,1,1659942,126214234182,208065631816
13705217,8192,1,1493091,126442876345,205358412511
13713409,8192,1,1639977,126344852300,205184154431
13721601,8192,1,1637728,126406992783,197619920779
13729793,8192,1,1662768,126254851194,204454593199
13737985,8192,1,1572229,126483226636,208409015827
13746177,8192,1,1626524,126076081216,213084382918
13754369,8192,1,1809146,126386695047,218937632059
13762561,8192,1,1603948,126355692540,208838059406
13770753,8192,1,1713010,126362941154,217447467114
13778945,8192,1,1595162,126358123369,215123465135
13787137,8192,1,1503295,126594660549,208367532838
13795329,8192,1,1492449,126654128960,215750744435
13803521,8192,1,1550781,126482616958,210814546754
13811713,8192,1,1601370,126555088393,210857274456
13819905,8192,1,1499991,126600144015,210512114049
13828097,8192,1,1579600,126426324518,204095409909
13836289,8192,1,1451918,126589449884,216361248176
13844481,8192,1,1485911,126671407417,206122564586
13852673,8192,1,1510421,126431496750,202720725353
13860865,8192,1,1590569,126516589514,206533099200
13869057,8192,1,1615665,126504700303,211256047680
13877249,8192,1,1657339,126494229879,205166434824
13885441,8192,1,1530995,126632403991,216006269667
13893633,8192,1,1593121,126305831185,210734984374
13901825,8192,1,1594780,126628482611,196658084164
13910017,8192,1,1574979,126512975265,204457849224
13918209,8192,1,1528537,126494511250,219558701581
13926401,8192,1,1485566,126581521439,212068259432
13934593,8192,1,1516224,126693079215,215090626302
13942785,8192,1,1526924,126579720747,206246737862
13950977,8192,1,1595071,126529604427,221135979408
13959169,8192,1,1523136,126501530450,217623363030
13967361,8192,1,1498767,126596003961,212989562812
13975553,8192,1,1406922,126595942080,203991419551
13983745,8192,1,1599497,126504388876,200835034227
13991937,8192,1,1623488,126638294462,206928635098
14000129,8192,1,1622392,126578067124,205102445942
14008321,8192,1,1539581,126538188694,198192686941
14016513,8192,1,1479134,126565197225,220429146456
14024705,8192,1,1502447,126588974527,211284846997
14032897,8192,1,1478763,126487822388,211585164248
14041089,8192,1,1533746,126627724761,209449380088
14049281,8192,1,1519738,126594957346,209022832738
14057473,8192,1,1519493,126528476406,212464441769
14065665,8192,1,1378968,126547954984,200930848501
14073857,8192,1,1474826,126438035641,213642474530
14082049,8192,1,1461458,126597812191,212708226201
14090241,8192,1,1463314,126464976827,207710661499
14098433,8192,1,1441040,126385694310,206729300562
14106625,8192,1,1436453,126491228880,215316684299
14114817,8192,1,1496948,126733919140,215751474680
14123009,8192,1,1496987,126542528909,210648334598
14131201,8192,1,1452980,126436119407,211959328738
14139393,8192,1,1423186,126572325359,213238736851
14147585,8192,1,1569308,126563222552,221293890034
14155777,8192,1,1464535,126571618605,214923850754
14163969,8192,1,1479519,126524555259,215296098581
14172161,8192,1,1499313,126468901517,219831694562
14180353,8192,1,1565348,126623168177,213676990262
14188545,8192,1,1470830,126464552679,215986283722
14196737,8192,1,1400549,126494842685,215163876057
14204929,8192,1,1453105,126753079308,221977645712
14213121,8192,1,1460111,126568950512,211659541855
14221313,8192,1,1520459,126652167619,214331737203
14229505,8192,1,1499272,126638616386,217827617885
14237697,8192,1,1548944,126740822535,215726660654
14245889,8192,1,1633816,126506755658,231342132849
14254081,8192,1,1445619,126723848661,212598031414
14262273,8192,1,1431866,126541088768,211545378774
14270465,8192,1,1484052,126508469815,214669874589
14278657,8192,1,1449156,126566654615,215843062617
14286849,8192,1,1474927,126698119621,221526704507
14295041,8192,1,1393083,126635507728,219286239926
14303233,8192,1,1469593,126594053976,212615438445
14311425,8192,1,1512033,126538804256,216329970536
14319617,8192,1,1481371,126576921156,217264253724
14327809,8192,1,1430169,126566265060,218181048642
14336001,8192,1,1419150,126722723223,215316164002
14344193,8192,1,1480284,126435774983,220577836480
14352385,8192,1,1528548,126476867898,230521683167
14360577,8192,1,1546887,126808255314,231636574369
14368769,8192,1,1435509,126571790084,223587345717
14376961,8192,1,1386650,126499954858,224419550272
14385153,8192,1,1382223,126651656770,222878019155
14393345,8192,1,1488051,126664579673,221485508601
14401537,8192,1,1553934,126545677652,225316107788
14409729,8192,1,1634007,126563665151,217783276052
14417921,8192,1,1442200,126580746495,223256674204
14426113,8192,1,1413632,126478067233,229685038942
14434305,8192,1,1548109,126551840239,228144712349
14442497,8192,1,1470527,126615549801,225596741985
14450689,8192,1,1478434,126677467809,221448139166
14458881,8192,1,1458738,126597790863,220710335701
14467073,8192,1,1426514,126403031347,222485995755
14475265,8192,1,1482168,126709937913,227324917980
14483457,8192,1,1557468,126539321538,223125819919
14491649,8192,1,1470187,126437944162,220891044891
14499841,8192,1,1477967,126523369672,216784490708
14508033,8192,1,1465952,126535822834,243359137368
14516225,8192,1,1348724,126493420690,223295078037
14524417,8192,1,1408175,126557593458,220051827629
14532609,8192,1,1417407,126601214291,219635830805
14540801,8192,1,1453750,126608916838,216279397988
14548993,8192,1,1403369,126516523197,216112871495
14557185,8192,1,1395108,126600906242,226802412234
14565377,8192,1,1422523,126760302959,221383352004
14573569,8192,1,1419444,126405917316,214155547110
14581761,8192,1,1376103,126440498278,214645378012
14589953,8192,1,1432106,126608941369,217065273345
14598145,8192,1,1389518,126692065880,214372353679
14606337,8192,1,1325891,126592054869,227783884485
14614529,8192,1,1430620,126570249130,222713235491
14622721,8192,1,1640576,126530216669,224797100733
14630913,8192,1,1458194,126511255699,206868242507
14639105,8192,1,1452283,126394466641,218308085524
14647297,8192,1,1349319,126566104062,228566127465
14655489,8192,1,1452911,126604604446,221759942471
14663681,8192,1,1448499,126332373287,219039769965
14671873,8192,1,1483751,126448598311,222881995969
14680065,8192,1,1524626,126486693032,221245157449
14688257,8192,1,1527468,126545672360,221213143068
14696449,8192,1,1472173,126525431009,198826114929
14704641,8192,1,1419681,126533194875,214267249171
14712833,8192,1,1437270,126467171242,224247765086
14721025,8192,1,1512036,126367840991,224009193269
14729217,8192,1,1439500,126305664805,228512569223
14737409,8192,1,1387353,126409670149,228039145876
14745601,8192,1,1499311,126425130097,230597655295
14753793,8192,1,1558145,126172894422,231199274080
14761985,8192,1,1718804,126212903238,226946288346
14770177,8192,1,1717370,126029090030,229162498880
14778369,8192,1,1473904,126362945352,234327482593
14786561,8192,1,1449449,126492807622,241878906938
14794753,8192,1,1477860,126429514269,224185193447
14802945,8192,1,1512924,126383475179,226601271292
14811137,8192,1,1483765,126427560226,226781221959
14819329,8192,1,1469039,126465883445,216684680106
14827521,8192,1,1400910,126617871845,217658566476
14835713,8192,1,1464190,126577008600,221440500507
14843905,8192,1,1463597,126488966318,209291889418
14852097,8192,1,1435958,126350436560,209416967308
14860289,8192,1,1428608,126334006669,212811201113
14868481,8192,1,1442830,126593504235,217555626395
14876673,8192,1,1444089,126454820297,203887593937
14884865,8192,1,1489984,126427635219,201513833446
14893057,8192,1,1459687,126567897831,201387660336
14901249,8192,1,1429581,126389935326,195041379322
14909441,8192,1,1388421,126535790245,199011216054
14917633,8192,1,1472067,126496416288,198047397800
14925825,8192,1,1441937,126455027935,201661362591
14934017,8192,1,1444164,126497768001,192952956597
14942209,8192,1,1483479,126356513150,197726511523
14950401,8192,1,1440249,126385110650,218830420603
14958593,8192,1,1526412,126307268112,221190059130
14966785,8192,1,1552881,126293740397,224646440469
14974977,8192,1,1547396,126094740945,216655747435
14983169,8192,1,1536599,126211707939,211701899291
14991361,8192,1,1489033,126224000392,224502086246
14999553,8192,1,1453488,126264788639,218881437946
15007745,8192,1,1511797,126501254834,214201114461
15015937,8192,1,1503036,126279848457,214116322110
15024129,8192,1,1519956,126405073088,214676096869
15032321,8192,1,1423112,126368472028,198885466627
15040513,8192,1,1514298,126447574509,210837844379
15048705,8192,1,1540708,126248790503,205356960315
15056897,8192,1,1512494,126305588741,217231919793
15065089,8192,1,1499260,126337822141,211072902576
15073281,8192,1,1452264,126555139864,209551660733
15081473,8192,1,1479484,126496906125,208360569739
15089665,8192,1,1488701,126582720631,204427391826
15097857,8192,1,1503925,126385361299,202660631027
15106049,8192,1,1479703,126275675270,202258176753
15114241,8192,1,1487831,126443159552,206156543615
15122433,8192,1,1451943,126750094045,201452057935
15130625,8192,1,1432546,126356114172,203063380978
15138817,8192,1,1498517,126157841850,206484473823
15147009,8192,1,1502133,126486746806,206057587168
15155201,8192,1,1580935,126483403980,210627525785
15163393,8192,1,1575190,126219434040,213201553670
15171585,8192,1,1536284,126327883878,210353479533
15179777,8192,1,1488705,126401251390,209436341770
15187969,8192,1,1535856,126380404561,211598409504
15196161,8192,1,1502255,126340565283,213898230839
15204353,8192,1,1457865,126470528973,212176880821
15212545,8192,1,1475951,126706209220,216539786615
15220737,8192,1,2099730,126390140428,237871898938
15228929,8192,1,1507534,126385341833,215719967997
15237121,8192,1,1532314,126415790802,218980838081
15245313,8192,1,1492981,126326458992,217134517121
15253505,8192,1,1473283,126472813488,218846869809
15261697,8192,1,1660048,126534594704,225933094704
15269889,8192,1,1600297,126589300886,228176196733
15278081,8192,1,1808125,126391955349,231086498990
15286273,8192,1,1509403,126411630842,216435392375
15294465,8192,1,1492102,126503841855,221011868413
15302657,8192,1,1481006,126879977162,216888555936
15310849,8192,1,1455573,126338823947,214537646828
15319041,8192,1,1468523,126384171157,209474471185
15327233,8192,1,1455118,126452603869,206772840593
15335425,8192,1,1428014,126484960125,212908944774
15343617,8192,1,1414560,126583909748,211273858570
15351809,8192,1,1433222,126370246098,206052774597
15360001,8192,1,1438656,126724972455,213136929236
15368193,8192,1,1422503,126526502925,207248805224
15376385,8192,1,1417976,126364437949,211928650659
15384577,8192,1,1424419,126656766137,217149545645
15392769,8192,1,1381472,126593536534,205500122777
15400961,8192,1,1366854,126560232721,206682901844
15409153,8192,1,1391499,126696531231,210323401643
15417345,8192,1,1408332,126595281337,205635856025
15425537,8192,1,1382698,126492112406,209336415434
15433729,8192,1,1361048,126653338550,204823364340
15441921,8192,1,1392230,126508621863,203059703509
15450113,8192,1,1350466,126393470273,198730544306
15458305,8192,1,1425866,126500624148,202253273689
15466497,8192,1,1388874,126680471683,202338296771
15474689,8192,1,1432354,126763626150,206802714719
15482881,8192,1,1439442,126625747723,206651196555
15491073,8192,1,1418575,126514564670,210355500606
15499265,8192,1,1399446,126591544745,198881652982
15507457,8192,1,1421860,126366550708,208902093378
15515649,8192,1,1386719,126711988256,213929396508
15523841,8192,1,1434635,126473241960,205960254382
15532033,8192,1,1480058,126415568321,211008309061
15540225,8192,4702882,1539317,126223755357,209873893037
15548417,8192,4711204,1549433,125266962992,212026583559
15556609,8192,4719481,1506999,125314419131,216650951540
15564801,8192,4727753,1326511,125385512822,212756023329
15572993,8192,4736026,1301225,125359407921,209932767720
15581185,8192,4744366,1298022,125291818536,205989503245
15589377,8192,4752640,1292103,125493083866,211832824010
15597569,8192,4760873,1269576,125171890894,206716627236
15605761,8192,4769097,1281934,125158789139,211465851841
15613953,8192,4777324,1266483,125184058805,205060103184
15622145,8192,4785575,1310843,125352153039,208001809665
15630337,8192,4793834,1350424,125402191477,207202199542
15638529,8192,4802063,1271916,125290664131,204115731033
15646721,8192,4810311,1382229,125417435852,199747457653
15654913,8192,4818560,1341844,125241377890,205582988871
15663105,8192,4826793,1338871,125235624379,212982764103
15671297,8192,4835033,1473498,125267623539,191869845936
15679489,8192,4843307,1341943,125238576083,205437912126
15687681,8192,4851548,1358945,125339300495,210663010356
15695873,8192,4859783,1366233,125332552702,203097216051
15704065,8192,4868035,1366939,125309608945,204763977193
15712257,8192,4876269,1258668,125580844155,166944437326
15720449,8192,4884504,1269011,125586649741,178682408843
15728641,8192,4892734,1290568,125336795671,199536111269
15736833,8192,4900965,1218505,125671533571,196423750940
15745025,8192,4909209,1270641,125186719880,207437846455
15753217,8192,4917440,1222591,125621248902,200325687069
15761409,8192,4925676,1136071,125642950151,198686504333
15769601,8192,4933927,1207034,125446738312,205329368605
15777793,8192,4942152,1230057,125167110607,195458915571
15785985,8192,4950396,1236387,125097758007,199749314455
15794177,8192,4958625,1304488,125171471581,204483191231
15802369,8192,4966858,1224835,125188882612,201753231081
15810561,8192,4975086,1104271,125176226874,205041431483
15818753,8192,4983340,1191983,125462451283,208078993919
15826945,8192,4991606,1208452,124895221202,207489170595
15835137,8192,4999843,1258925,124696117492,209597840492
15843329,8192,5008082,1266737,124905141764,211423397364
15851521,8192,5016328,1181380,124808204719,203824362822
15859713,8192,5024572,1181075,124913583891,208350684309
15867905,8192,5032801,1198642,124853581395,207263486157
15876097,8192,5041067,1256946,124485974258,205377699379
15884289,8192,5049305,1185695,124420511601,209695143990
15892481,8192,5057550,1237468,124320433939,202675740069
15900673,8192,5065779,1160265,124212174085,210062460440
15908865,8192,5074016,1058092,124650352681,208111249293
15917057,8192,5082245,1154274,124317182853,208933111443
15925249,8192,5090476,1267752,124214048769,210118281740
15933441,8192,5098721,1375306,124264129443,222197867602
15941633,8192,5106967,1389702,123940720851,222239943472
15949825,8192,5115210,1290366,124034382029,217334140088
15958017,8192,5123438,1173643,124359427972,223797562911
15966209,8192,5131663,1310249,124224713160,230825815024
15974401,8192,5139899,1340522,124099640351,231973808258
15982593,8192,5148147,1235970,124322924690,221767595591
15990785,8192,5156389,1283371,124198929531,220649454971
15998977,8192,5164630,1225813,124186386101,217392612429
16007169,8192,5172864,1052847,124623074343,210237125055
16015361,8192,5181097,1052959,124493600992,222376346278
16023553,8192,5189331,1090688,124243013279,223207532125
16031745,8192,5197584,1104026,124381451256,218158897710
16039937,8192,5205840,1123041,124395808586,218179949212
16048129,8192,5214078,1134623,124830620768,217914952916
16056321,8192,5222314,1125502,124617193118,222822460010
16064513,8192,5230552,1010762,124683765373,223538572532
16072705,8192,5238780,1246034,124333477118,222140906672
16080897,8192,5247021,1178575,124260753374,228560320062
16089089,8192,5255267,1123580,124306431578,224429268831
16097281,8192,5263499,1140851,124439942230,220401797491
16105473,8192,5271733,1161857,124361331384,222799712178
16113665,8192,5279979,1109178,124669356777,226014581094
16121857,8192,5288231,1162628,124391196480,219829454545
16130049,8192,5296473,1180458,124399949367,217446403819
16138241,8192,5304780,1078802,124660642804,215196095916
16146433,8192,5313022,1399504,124480225073,232006268715
16154625,8192,5321262,1831486,124194901488,263645790476
16162817,8192,5329495,1289430,124612317459,245825653608
16171009,8192,5337741,1315758,124340884409,229027040320
16179201,8192,5345985,1305539,124066232016,233157118801
16187393,8192,5354220,1237219,124237008425,227928851793
16195585,8192,5362459,1242340,124164031098,225057277331
16203777,8192,5370696,1298513,123955699854,228364106882
16211969,8192,5378936,1110066,124443582796,234935071896
16220161,8192,5387165,1089412,124386084913,222003769223
16228353,8192,5395399,1161951,123977256702,220269171498
16236545,8192,5403630,1168807,124125228021,226582720515
16244737,8192,5411850,1131902,124288779632,227490892624
16252929,8192,5420067,1149718,124332292810,238864823111
16261121,8192,5428297,1006443,124925233758,249654964148
16269313,8192,5436528,1004179,124695474779,229105845010
16277505,8192,5444770,1149822,124398327669,228799882535
16285697,8192,5452994,1133861,124278260394,234504409595
16293889,8192,5461230,1092288,124265714717,234281457733
16302081,8192,5469460,1072509,124403719165,240208092553
16310273,8192,5477688,941325,124731511962,253335546327
16318465,8192,5485913,882467,124766784923,224486018265
16326657,8192,5494140,1064365,124413151568,219540944435
16334849,8192,5502372,1203661,124227087257,222760347199
16343041,8192,5510610,1295735,124036901019,232040252305
16351233,8192,5518848,1181661,124111787777,224997180977
16359425,8192,5527079,1079067,124533103336,245079177259
16367617,8192,5535309,1377208,124373927230,247567333366
16375809,8192,5543539,1202265,124039788633,246673477728
16384001,8192,5551774,1240571,124100331466,226967663873
16392193,8192,5560023,1251207,124003722518,232102851368
16400385,8192,5568264,1239850,124052994132,223711968614
16408577,8192,5576488,1265814,123867348059,241224328715
16416769,8192,5584742,1147721,124148195400,242059393402
16424961,8192,5592977,1192692,124003358239,242460843659
16433153,8192,5601200,1188570,124166203859,232230665836
16441345,8192,5609436,1214158,123872046169,236033646692
16449537,8192,5617666,1166299,124245007447,224656740539
16457729,8192,5625902,1176755,123985010086,241057694875
16465921,8192,5634141,1029846,124556794423,230610108482
16474113,8192,5642371,1087223,124368765692,223676462010
16482305,8192,5650601,1173116,124180458932,227009525080
16490497,8192,5658845,1158866,124219659457,227986421192
16498689,8192,5667082,1248259,124168429071,233287163588
16506881,8192,5675313,1170549,124282739423,232543451014
16515073,8192,5683551,1131564,124390215662,228799551398
16523265,8192,5691780,1225728,123979933211,229256134650
16531457,8192,5700013,1233882,124053338198,226968769798
16539649,8192,5708260,1211444,123988503328,236078551431
16547841,8192,5716525,1256586,123922282104,223081362408
16556033,8192,5724762,1230919,124009051113,223495311083
16564225,8192,5732991,1239040,124028389925,237573507231
16572417,8192,5741223,1226880,123982832351,231928239709
16580609,8192,5749471,1296813,123813847300,222824391843
16588801,8192,5757729,1266771,123805018180,226447731688
16596993,8192,5765970,1247419,123939513129,231671894656
16605185,8192,5774205,1147285,124058090877,233303550315
16613377,8192,5782440,1084123,124251855466,232089784382
16621569,8192,5790686,1209663,124076116461,232006036076
16629761,8192,5798933,1278174,124175952832,230135202736
16637953,8192,5807177,1330708,123602214180,218506330140
16646145,8192,5815423,1279631,123702477060,227821522149
16654337,8192,5823744,1183021,123877292698,232910838301
16662529,8192,5832032,1132813,124094677752,247489703917
16670721,8192,5840313,1209310,123989450841,241401035164
16678913,8192,5848599,1253099,123926563458,235254159886
16687105,8192,5856905,1251013,124004103042,235837716057
16695297,8192,5865191,1245742,123923427248,226485205153
16703489,8192,5873502,1235602,124080283695,241823269276
16711681,8192,5881803,1135044,124299971638,249568091698
16719873,8192,5890089,1154719,124214204463,237559186306
16728065,8192,5898362,1210401,123956363401,234558964258
16736257,8192,5906658,1246107,123945396983,224559942967
16744449,8192,5914960,1250768,123917230336,230386934187
16752641,8192,5923268,1232077,123922994202,229853419610
16760833,8192,5931557,1101217,124016467187,228979096197
16769025,8192,5939852,1115077,123940593590,222294885300
16777217,8192,5948143,1203820,123946925971,222377210919
16785409,8192,5956437,1190451,123833585470,221238667693
16793601,8192,5964730,1192548,123749498190,214975776714
16801793,8192,5973054,1222847,123956529365,228072113684
16809985,8192,5981358,1158585,123615753440,232463244324
16818177,8192,5989636,1190257,123880766762,237486146163
16826369,8192,5997923,1315502,124066841094,230331983510
16834561,8192,6006221,1280191,123785793744,224246125466
16842753,8192,6014515,1218102,123790540045,221556098368
16850945,8192,6022798,1219963,123930827780,230083224607
16859137,8192,6031084,1161119,123958338109,244609942350
16867329,8192,6039371,1171240,124129112556,241361819000
16875521,8192,6047642,1267203,123879852147,237504584221
16883713,8192,6055930,1262897,123950930417,236863571466
16891905,8192,6064228,1232554,123924166484,229426191767
16900097,8192,6072508,1261532,123799373290,229525009226
16908289,8192,6080793,1204241,123697797710,243576318698
16916481,8192,6089077,1166469,123872500417,274639274267
16924673,8192,6097362,1313286,123887439402,250573774118
16932865,8192,6105654,1318114,123736211580,243941430406
16941057,8192,6113948,1371249,123781285971,262658130237
16949249,8192,6122230,1324221,123851146021,242595707735
16957441,8192,6130520,1201645,123770774514,265646710742
16965633,8192,6138828,1130553,124115291400,266105801231
16973825,8192,6147196,1206396,123973096845,254096135442
16982017,8192,6155571,1296153,123799597728,246475377872
16990209,8192,6163998,1245876,123829143218,246226570777
16998401,8192,6172357,1236370,123949207012,259011158024
17006593,8192,6180713,1095386,124186445686,255113640848
17014785,8192,6189078,1097696,124373036821,282242763906
17022977,8192,6197431,1184850,124038711706,255763239112
17031169,8192,6205770,1232776,123930837647,254949710998
17039361,8192,6214644,1316623,123920763300,254067435127
17047553,8192,6223141,1373527,123682150949,245236345529
17055745,8192,6231549,1236837,124174335358,247257382633
17063937,8192,6239930,1008710,124612817560,239533202222
17072129,8192,6248275,1183210,123779206831,219852241408
17080321,8192,6256608,1260658,123645465790,213672051089
17088513,8192,6264965,1260278,123647922745,202283224838
17096705,8192,6273315,1195518,123606718765,217599240520
17104897,8192,6281580,1014510,124351735830,224909360296
17113089,8192,6289852,998796,124202567206,219682102822
17121281,8192,6298121,1079273,124077209846,214910481643
17129473,8192,6306398,1108894,124161798539,228708175334
17137665,8192,6314693,1094899,124246637405,231828458928
17145857,8192,6322984,1150300,124075434998,227656412327
17154049,8192,6331276,1053151,124293347868,228652387840
17162241,8192,6339552,1116778,123894911874,221411503081
17170433,8192,6347847,1259515,123549394465,215838040378
17178625,8192,6356141,1302281,123514410067,208395368290
17186817,8192,6364447,1268222,123677502767,210640571283
17195009,8192,6372722,1334072,123586995334,198869910700
17203201,8192,6381005,1375665,123325720760,186873237799
17211393,8192,6389309,1269359,123489821555,194902099834
17219585,8192,6397595,1316145,123397475306,201933080630
17227777,8192,6405886,1281602,123525891650,206879120696
17235969,8192,6414187,1256380,123586573657,217228723192
17244161,8192,6422571,1265659,123572520849,212706037673
17252353,8192,6431060,1227759,123671374561,231485135243
17260545,8192,6439423,1143861,123975679931,264452879167
17268737,8192,6447756,1247976,123689972357,245125696163
17276929,8192,6456078,1225854,123699524669,241474597514
17285121,8192,6464411,1200074,123686298402,276693487250
17293313,8192,6472712,1235586,123611194696,239751343048
17301505,8192,6481018,1244725,123809963167,243102620554
17309697,8192,6489326,1176759,123949583273,258687169699
17317889,8192,6497627,1224036,123535394964,249790552247
17326081,8192,6505936,1271485,123566158009,225144588088
17334273,8192,6514227,1213764,123611052485,245873070912
17342465,8192,6522521,1220033,123559546994,239458811096
17350657,8192,6530810,1190892,123706210400,269106445331
17358849,8192,6539086,1097182,123977816887,261772675417
17367041,8192,6547367,1232605,123526861260,235549587512
17375233,8192,6555668,1355447,123551402440,229789953127
17383425,8192,6563975,1256364,123670066137,245534749052
17391617,8192,6572280,1227341,123601410945,241338141739
17399809,8192,6580587,1246478,123797697040,258690367605
17408001,8192,6588914,1123000,124044778310,271230237078
17416193,8192,6597245,1269906,123743510946,271059043003
17424385,8192,6605563,1290349,123571782475,262613923298
17432577,8192,6613884,1215614,123977234268,261762758198
17440769,8192,6622203,1142107,124116885794,246738002452
17448961,8192,6630518,1318220,123834754157,272474705697
17457153,8192,6638828,1371127,124366947124,276355994669
17465345,8192,6647132,1139240,124284630535,295577286279
17473537,8192,6655432,1118499,124036532288,270897259529
17481729,8192,6663738,1167236,123974272274,261901906800
17489921,8192,6672036,1269205,123713974467,268671593706
17498113,8192,6680314,1278229,123781928256,266242948285
17506305,8192,6688575,1097821,124418769032,268544884881
17514497,8192,6696852,1200669,124340518916,264166116124
17522689,8192,6705139,1244132,123969649458,244601427130
17530881,8192,6713412,1254698,123801937893,277216780228
17539073,8192,6721698,1202255,123775890332,252708173658
17547265,8192,6729991,1183886,124107681984,263334969859
17555457,8192,6738288,1142197,124416112644,276812598207
17563649,8192,6746591,1094662,124391082754,285306747647
17571841,8192,6754910,1243595,124011718560,275963833235
17580033,8192,6763173,1246138,123656872333,259518981080
17588225,8192,6771437,1220773,123600570876,252621372158
17596417,8192,6779714,1285195,123589648360,243691607304
17604609,8192,6788002,1127444,123962367108,273368308150
17612801,8192,6796294,1108831,124051288689,280622469158
17620993,8192,6804576,1218492,123776521297,283345312982
17629185,8192,6812859,894478,125317003080,201770613136
17637377,8192,6821141,1009584,124520012251,203874792193
17645569,8192,6829423,1188604,123540108721,257975476084
17653761,8192,6837721,1145572,123736105560,266723156386
17661953,8192,6846009,1121758,123823005628,274428339726
17670145,8192,6854313,1256352,123679748158,275846370263
17678337,8192,6862607,1224990,123816739190,283843913524
17686529,8192,6870912,1264714,123654678978,258600733841
17694721,8192,6879202,1287665,123408708438,291969695559
17702913,8192,6887554,1098212,123991774872,287794646004
17711105,8192,6895845,1108258,123788035887,304421955864
17719297,8192,6904113,1232852,123693345817,286648076839
17727489,8192,6912402,1335960,123472687664,249120856882
17735681,8192,6920655,1213157,123578980328,273422747945
17743873,8192,6928910,1277573,123594496185,269537043866
17752065,8192,6937162,1154856,123439317921,267215265243
17760257,8192,6945412,1122970,123725286457,305490511740
17768449,8192,6953662,1166718,123587905718,301319587053
17776641,8192,6961925,1169406,123654616772,328470986812
17784833,8192,6970175,1152283,123604124435,344286246169
17793025,8192,6978424,1170610,123601748165,276659479797
17801217,8192,6986678,1130078,123548526906,324404665211
17809409,8192,6994934,1130415,123727490035,422846360550
17817601,8192,7003174,1191194,123693477330,328556259831
17825793,8192,7011410,1219535,123557826561,314283046074
17833985,8192,7019652,1204918,123575373732,298383586680
17842177,8192,7027902,1236320,123689649053,291780680222
17850369,8192,7036151,1265346,123558675615,291515027944
17858561,8192,7044407,1157496,123929573197,317921804392
17866753,8192,7052664,1183951,123658814084,287192332886
17874945,8192,7060922,1278407,123642908245,283465166025
17883137,8192,7069180,1199199,123569105452,276925862066
17891329,8192,7077424,1204048,123571644886,279546861865
17899521,8192,7085686,1149470,123705192123,277918021783
17907713,8192,7093924,1069430,123938547216,289513211423
17915905,8192,7102175,1145941,123688977805,290356093622
17924097,8192,7110423,1199646,123514505273,251565020533
17932289,8192,7118675,1221132,123514220373,275556108251
17940481,8192,7126933,1231073,123559394968,263152609715
17948673,8192,7135190,1248894,123623668837,287838420229
17956865,8192,7143454,1099647,123889088349,288020530123
17965057,8192,7151711,1157411,123638299505,289006479233
17973249,8192,7159953,1181639,123578092102,279698510636
17981441,8192,7168195,1188780,123426270631,277345060534
17989633,8192,7176448,1200236,123591117988,275686244377
17997825,8192,7184717,1177795,123566501958,280230022865
18006017,8192,7192955,1067515,123979983927,317166482750
18014209,8192,7201216,1110139,123876347374,291771703644
18022401,8192,7209486,1173383,123559378879,271657141245
18030593,8192,7217747,1177056,123507968462,290563269601
18038785,8192,7226002,1151703,123568189717,287161087666
18046977,8192,7234267,1129441,123895897097,302332898498
18055169,8192,7242532,1212054,124049690052,304887869775
18063361,8192,7250786,1140613,123712356534,302380527946
18071553,8192,7259026,1107207,123998293126,298139866730
18079745,8192,7267303,1229221,123576941238,302110076425
18087937,8192,7275548,1158819,123656399105,295222433949
18096129,8192,7283810,1140087,123714074502,295629701745
18104321,8192,7292076,1035592,124064972672,308750607818
18112513,8192,7300337,1068455,124125573099,308499453323
18120705,8192,7308598,1231558,123782706356,322937825727
18128897,8192,7316868,1804705,123807268147,322814392261
18137089,8192,7325152,1220780,123755928993,275392105514
18145281,8192,7333463,1167260,123474759659,299211744277
18153473,8192,7341807,1040843,124077823347,312983872466
18161665,8192,7350157,1045352,124076331700,316412556254
18169857,8192,7358440,1155698,123804646559,315669227486
18178049,8192,7366694,1168029,123738642967,297878537111
18186241,8192,7374947,1287030,123844935174,303842243690
18194433,8192,7383221,1126547,123712845708,309730236178
18202625,8192,7391475,987425,124535109821,319983334671
18210817,8192,7399742,1012301,124231635810,319166721290
18219009,8192,7407987,1160175,123996504845,297857306600
18227201,8192,7416247,1234696,123502477845,302964496752
18235393,8192,7424510,1192308,123850914107,295761535583
18243585,8192,7432769,1181081,123639714052,310534043655
18251777,8192,7441011,1122330,123791286451,320133024318
18259969,8192,7449248,1057141,124005826008,317778234227
18268161,8192,7457480,1149776,123780189861,298461739210
18276353,8192,7465732,1138922,123825049322,308990875016
18284545,8192,7473976,1116748,123912936549,311322612208
18292737,8192,7482227,1127798,124011657362,328033842373
18300929,8192,7490473,1167190,123832281793,346387777256
18309121,8192,7498722,1053420,124124411697,346657587611
18317313,8192,7506978,1133163,123892826376,346990844933
18325505,8192,7515227,1132535,123963669651,379847442458
18333697,8192,7523497,1174914,123807898511,350276414080
18341889,8192,7531758,1150732,124008898402,309909181408
18350081,8192,7540010,1095754,124066570254,326490251864
18358273,8192,7548250,1031926,124293311968,319768436291
18366465,8192,7556485,1169850,123796488548,299162255512
18374657,8192,7564737,1137885,123763453499,306800525313
18382849,8192,7572992,1137153,123739979971,307278672358
18391041,8192,7581241,1196116,123696138160,281970001335
18399233,8192,7589493,1188419,123748760146,315639712266
18407425,8192,7597744,1130750,123806830257,304401088985
18415617,8192,7606005,1203397,123713240856,311528416907
18423809,8192,7614258,1257068,123661939920,282068500826
18432001,8192,7622531,1252621,123647146166,268701591865
18440193,8192,7630780,1205858,123608104486,292743798772
18448385,8192,7639025,1171536,123606480487,294946219454
18456577,8192,7647282,1184335,123687962207,299217115959
18464769,8192,7655550,1227707,123656285174,305691920431
18472961,8192,7663813,1284738,123601764262,291758425755
18481153,8192,7672060,1256303,123642445478,284607032130
18489345,8192,7680331,1195079,123543052072,282231900979
18497537,8192,7688594,1238864,123729824111,295195739657
18505729,8192,7696861,1182352,123593591406,306712486416
18513921,8192,7705129,1233586,123621916055,300287966618
18522113,8192,7713386,1230026,123625792489,286541618171
18530305,8192,7721624,1223627,123553925647,295092600979
18538497,8192,7729874,1290154,123671245630,275709528145
18546689,8192,7738125,1276381,123699036245,304729870078
18554881,8192,7746382,1246012,123733776212,338589812544
18563073,8192,7754631,1246486,123634151269,309996062357
18571265,8192,7762868,1219353,123672327030,290674399820
18579457,8192,7771127,1233808,123544543122,304445219448
18587649,8192,7779363,1254190,123650030852,297149818301
18595841,8192,7787617,1244508,123614833950,294426582031
18604033,8192,7795903,1259904,123713505259,325162109250
18612225,8192,7804160,1216570,123810115467,326940488034
18620417,8192,7812425,1282421,123680636979,290057575309
18628609,8192,7820683,1290295,123762052048,289156939209
18636801,8192,7828925,1329761,123624356896,318198510434
18644993,8192,7837197,1229232,123673332562,341979714574
18653185,8192,7845459,1124831,123722979147,354735639382
18661377,8192,7853721,1141839,123760941969,357730506437
18669569,8192,7861982,1276577,123643292573,305636608704
18677761,8192,7870232,1348989,123665435619,298932165986
18685953,8192,7878487,1292258,123614723053,284176850510
18694145,8192,7886739,1280894,123635445331,263162585730
18702337,8192,7894977,1370284,123674712258,320588886016
18710529,8192,7903249,1196262,123768009361,369252434056
18718721,8192,7911506,1315408,123701070991,294603742062
18726913,8192,7919763,1376836,123723517082,370936576678
18735105,8192,7928038,1294708,123852643029,354892501012
18743297,8192,7936310,1380152,123592761710,326376024977
18751489,8192,7944586,1294239,123792768243,409746533015
18759681,8192,7952835,1286704,123765852488,337471835287
18767873,8192,7961090,1233835,123872769832,387260738378
18776065,8192,7969343,1205041,123986510127,485094765561
18784257,8192,7977613,1310812,123933188174,449147431519
18792449,8192,7985880,1371731,123735994772,320292700442
18800641,8192,7994181,1231492,123976611447,313287600017
18808833,8192,8002461,1239882,123867437997,499345599420
18817025,8192,8010724,1294709,123735714868,354092301092
18825217,8192,8019018,1333260,123846313048,342147462146
18833409,8192,8027303,1475343,123747332848,336257817260
18841601,8192,8035559,1384494,123689349896,300676358859
18849793,8192,8043832,1323590,123619746748,323726504179
18857985,8192,8052126,1314599,123671843490,332474201729
18866177,8192,8060419,1273194,123657643737,322410924182
18874369,8192,8068684,1277332,123711691345,341646272819
18882561,8192,8076974,1321935,123658427466,312232736472
18890753,8192,8085252,1332345,123535674414,297221000250
18898945,8192,8093563,1248370,123739831742,323793819550
18907137,8192,8101832,1253229,123728100060,342539992658
18915329,8192,8110114,1266595,123781071763,353776454721
18923521,8192,8118398,1288376,123635147516,305941124843
18931713,8192,8126667,1252811,123705837334,291045067038
18939905,8192,8134951,1264747,123685039020,321865396796
18948097,8192,8143260,1204967,123815134928,420899236291
18956289,8192,8151644,1161537,124211789248,552890819745
18964481,8192,8159956,1256820,123969766721,447125035223
18972673,8192,8168234,1252926,123728441436,316725709136
18980865,8192,8176488,1415393,123858693129,272067068326
18989057,8192,8184767,1378115,123669387522,315667258872
18997249,8192,8193014,1385398,123764285378,312678637488
19005441,8192,8201259,2044815,123824739294,270605362432
19013633,8192,8209499,1454448,123669961183,300848483563
19021825,8192,8217728,1418905,123653695356,261243188768
19030017,8192,8225983,1368129,123782896509,270840648693
19038209,8192,8234228,1371339,123663808593,282401836904
19046401,8192,8242460,1304989,123701427919,303555413911
19054593,8192,8250694,1231354,123767425903,326615100272
19062785,8192,8259059,1276243,123815788056,356316832676
19070977,8192,8267362,1259116,123826364821,322154462570
19079169,8192,8275635,1244576,123691753909,324855625525
19087361,8192,8283896,1333438,123832840822,295955409922
19095553,8192,8292156,1339566,123691549401,310747043379
19103745,8192,8300438,1321099,123849518114,321971017135
19111937,8192,8308689,1260937,123793147462,337003771957
19120129,8192,8316948,1359851,123815115800,292473176780
19128321,8192,8325217,1314760,123666197796,288181142049
19136513,8192,8333493,1305248,123946920476,273616125803
19144705,8192,8341773,1266103,124104017949,290552877526
19152897,8192,8350064,1198093,124118652749,323030490969
19161089,8192,8358344,1230459,124206694754,316828208141
19169281,8192,8366622,1242437,124122790289,284833470338
19177473,8192,8374907,1340729,123989599941,261893281198
19185665,8192,8383182,1236760,123969611623,234631861908
19193857,8192,8391454,1222610,123806886071,214923261778
19202049,8192,8399735,1165655,124131985407,253691516763
19210241,8192,8408023,1140966,124274057934,287510315727
19218433,8192,8416275,1181096,124295618123,286893755455
19226625,8192,8424566,1297683,124266922414,276120642170
19234817,8192,8432837,1319023,124094997030,278281022071
19243009,8192,8441120,1360327,123910732432,266211355136
19251201,8192,8449406,1252019,124116392865,312820401087
19259393,8192,8457720,1260334,124142787832,301380492886
19267585,8192,8465991,1316043,124053267886,290177835360
19275777,8192,8474282,1309169,124018708984,280422446977
19283969,8192,8482572,1275841,124069272958,272567120871
19292161,8192,8490824,1305573,124069543469,256538748551
19300353,8192,8499067,1256213,124228260168,310224617501
19308545,8192,8507317,1263227,124254644406,322425521758
19316737,8192,8515576,1372672,124139191434,293481913572
19324929,8192,8523827,1383445,124230321106,287140671628
19333121,8192,8532090,1428299,124072932148,285050410622
19341313,8192,8540334,1378236,124230760063,272410050143
19349505,8192,8548571,1403329,124273109664,271964905768
19357697,8192,8556815,1360346,124388928610,295972133506
19365889,8192,8565049,1451538,124212199926,258276422385
19374081,8192,8573279,1456308,124187628104,257270750167
19382273,8192,8581515,1390404,124001805374,251987352050
19390465,8192,8589756,1406332,124183216259,258648323883
19398657,8192,8598061,1376343,124298522851,268322048512
19406849,8192,8606304,1323253,124203729016,273683430330
19415041,8192,8614553,1409825,124184434083,259710770462
19423233,8192,8622797,1407012,124190932397,262064734363
19431425,8192,8631094,1479016,124444652304,275513800516
19439617,8192,8639405,1494194,124598689249,292203967585
19447809,8192,8647696,1525689,124654060201,310917927405
19456001,8192,8655991,1400235,124746985771,327663986328
19464193,8192,8664284,1463073,124708696824,310430951739
19472385,8192,8672573,1567587,124492865502,276532693597
19480577,8192,8680848,1569982,124675941826,283695971106
19488769,8192,8689133,1519310,124642372180,295572433999
19496961,8192,8697400,1532953,124562923150,301729079261
19505153,8192,8705700,1441553,124706105566,323189713434
19513345,8192,8714026,1431476,124579418319,304832339937
19521537,8192,8722316,1534603,124318946052,308425626361
19529729,8192,8730829,1504678,124337950932,295323148587
19537921,8192,8739185,1496091,124380640734,286331068504
19546113,8192,8747474,1471940,124404502871,294025159420
19554305,8192,8755777,1421459,124410898435,310451853778
19562497,8192,8764071,1449555,124385162902,295340288221
19570689,8192,8772348,1436175,124282074762,269544376121
19578881,8192,8780597,1384474,124120403426,268087251186
19587073,8192,8788850,1423744,124233175249,272482245440
19595265,8192,8797112,1411530,124285329601,279648021410
19603457,8192,8805376,1362120,124482829897,305061281885
19611649,8192,8813644,1366587,124396688881,288874070170
19619841,8192,8821912,1431304,124303363675,254776680115
19628033,8192,8830158,1382837,124278179872,281891590377
19636225,8192,8838416,1386317,124267212875,285113772697
19644417,8192,8846685,1477932,124283847315,280251081018
19652609,8192,8854969,1327150,124512018946,286325197137
19660801,8192,8863231,1333121,124620238398,302199207145
19668993,8192,8871496,1361699,124457738133,290296943654
19677185,8192,8879742,1402400,124720060656,266486745574
19685377,8192,8887996,1426421,124385138939,281010314220
19693569,8192,8896260,1349485,124526186496,281421306598
19701761,8192,8904509,1300798,124683267469,307727562212
19709953,8192,8912750,1312484,124522623013,293350024520
19718145,8192,8920990,1367280,124234964352,280101398160
19726337,8192,8929255,1367565,124243473683,263891224135
19734529,8192,8937499,1360530,124198160597,267332476289
19742721,8192,8945763,1355984,124540036759,295064376687
19750913,8192,8954019,1252870,124821955842,301198403816
19759105,8192,8962263,1317146,124580362846,293128941928
19767297,8192,8970503,1425710,124319133475,273123280049
19775489,8192,8978751,1426943,124406846992,271141736070
19783681,8192,8986991,1408096,124487406122,278815046614
19791873,8192,8995239,1375954,124221565854,294509178816
19800065,8192,9003484,1328449,124456618248,307097151537
19808257,8192,9011734,1308968,124536261314,280210421542
19816449,8192,9019990,1361273,124451868445,287114119436
19824641,8192,9028233,1386800,124442024416,292345363472
19832833,8192,9036486,1311633,124472221441,290505052467
19841025,8192,9044737,1321663,124723548990,312356367455
19849217,8192,9052980,1296587,124201124261,269779670213
19857409,8192,9061230,1211690,124816889058,287510739211
19865601,8192,9069473,1341044,124415440188,277927135152
19873793,8192,9077747,1364059,124478097811,287818231019
19881985,8192,9085984,1370389,124290076590,278784247933
19890177,8192,9094228,1315726,124427228697,284065032748
19898369,8192,9102490,1250201,124502760559,301488240024
19906561,8192,9110734,1226278,124794745557,286142959158
19914753,8192,9118990,1262021,124642676514,278181569625
19922945,8192,9127236,1373100,124069895033,274368748200
19931137,8192,9135486,1343031,124229005523,281980057462
19939329,8192,9143725,1329349,124204790713,275522907468
19947521,8192,9151974,1333083,124392561546,299878932547
19955713,8192,9160210,1314942,124423623184,297539731494
19963905,8192,9168454,1333019,124345711165,266955332064
19972097,8192,9176695,1257352,124232825992,276155936033
19980289,8192,9184953,1323568,124094474908,269330379330
19988481,8192,9193196,1326751,124163998517,264803548430
19996673,8192,9201443,1336252,123996321353,279083738659
20004865,8192,9209675,1240854,124226710247,273515053444
20013057,8192,9217912,1304799,123931172877,261403664389
20021249,8192,9226144,1330787,123950597201,272141097089
20029441,8192,9234372,1338896,123821130868,252500295979
20037633,8192,9242611,1317090,123654099640,259031567762
20045825,8192,9250848,1347082,123953641816,270799493894
20054017,8192,9259089,1325267,123876567291,285106491695
20062209,8192,9267322,1318717,124055393101,273894433777
20070401,8192,9275563,1366227,123762444016,259279416078
20078593,8192,9283801,1384871,123911184108,261338417400
20086785,8192,9292062,1406126,123940016782,258308302393
20094977,8192,9300302,1339685,124015415943,274711271851
20103169,8192,9308551,1301714,124029391097,294658997237
20111361,8192,9316795,1273066,124087816974,295592467007
20119553,8192,9325059,1341785,124092854149,281060025859
20127745,8192,9333311,1300304,124171257384,275628401104
20135937,8192,9341560,1312828,123895576655,261109271085
20144129,8192,9349801,1478597,124131653209,300205167958
20152321,8192,9358049,1401974,124342040084,323616334241
20160513,8192,9366304,1278720,124374744387,304984954214
20168705,8192,9374550,1346678,123936121923,287876721778
20176897,8192,9382778,1424523,124108232349,290016561597
20185089,8192,9391015,1377219,123885049400,274192444161
20193281,8192,9399251,1336187,123788574103,281201945047
20201473,8192,9407494,1298463,124269759102,314152266753
20209665,8192,9415724,1286626,124087576326,304030520623
20217857,8192,9423960,1317852,123942254668,290406639758
20226049,8192,9432209,1299917,124147683853,280980573633
20234241,8192,9440439,1360846,123774875427,257240079477
20242433,8192,9448678,1459730,123854928977,262729877742
20250625,8192,9456910,1312416,124076624635,307539729876
20258817,8192,9465146,1171595,124427662111,307801109937
20267009,8192,9473399,1317129,124097688366,297355566125
20275201,8192,9481639,1334263,123937658483,280636764041
20283393,8192,9489868,1363375,124067024594,268927821831
20291585,8192,9498106,1363384,123869625532,292759885412
20299777,8192,9506347,1316781,124039812722,307863235033
20307969,8192,9514581,1244265,123989778309,286823916209
20316161,8192,9522818,1314009,123995263661,291151996331
20324353,8192,9531037,1360451,123857218332,257319477193
20332545,8192,9539273,1365918,123758625145,244717643670
20340737,8192,9547499,1315447,123780556120,247530601077
20348929,8192,9555732,1291597,124045417961,287467746378
20357121,8192,9563959,1279773,124504091119,286660767884
20365313,8192,9572201,1312646,123669140229,250127506905
20373505,8192,9580431,1311170,124039182811,267783289690
20381697,8192,9588664,1276710,124097202607,270847228070
20389889,8192,9596900,1309255,123990059477,267105144561
20398081,8192,9605136,1256225,124206051024,270563050024
20406273,8192,9613370,1215683,124065312931,253541184308
20414465,8192,9621591,1244275,124192634311,266635704408
20422657,8192,9629846,1320255,123998089347,246685617139
20430849,8192,9638079,1321247,123888932332,237901808733
20439041,8192,9646308,1265381,123823513533,241820362805
20447233,8192,9654555,1276821,123996852027,257888154318
20455425,8192,9662773,1197252,124532117855,283883749126
20463617,8192,9670997,1257479,124388614409,262294788797
20471809,8192,9679232,1285411,123650110177,265883522394
20480001,8192,9687458,1297199,123749972625,259499624943
20488193,8192,9695679,1243615,123883712183,253360156275
20496385,8192,9703905,1269253,124047419113,261439073768
20504577,8192,9712142,1135247,124465862938,274531742233
20512769,8192,9720378,1161611,124184136025,255975685282
20520961,8192,9728604,1245300,124007077488,253530956294
20529153,8192,9736836,1421269,123962849137,266474638995
20537345,8192,9745081,1439333,123669332793,257539822057
20545537,8192,9753315,1253608,124231633533,274320558141
20553729,8192,9761549,1145025,124604070901,279008763539
20561921,8192,9769782,1166959,124453507182,271049305662
20570113,8192,9778022,1229301,123923336719,258218877338
20578305,8192,9786257,1215782,124508837186,266845507953
20586497,8192,9794502,1269527,124050642770,256440669556
20594689,8192,9802745,1292003,124332499053,262649778661
20602881,8192,9810996,1228322,124543532771,270136937011
20611073,8192,9819237,1097645,124814044268,261771311611
20619265,8192,9827482,1324919,124291925023,250212762404
20627457,8192,9835711,1316468,124306662368,253542810714
20635649,8192,9843959,1323405,124238897976,257672741294
20643841,8192,9852200,1312577,124110240029,259402859977
20652033,8192,9860438,1167898,124654545575,263530552705
20660225,8192,9868668,1172966,124818915829,266853711204
20668417,8192,9876900,1236978,124229513827,240101598735
20676609,8192,9885128,1278425,124191509641,252427335451
20684801,8192,9893357,1277423,124164220953,234850832140
20692993,8192,9901590,1299309,124222150078,242422339474
20701185,8192,9909808,1280639,124039124147,258756261461
20709377,8192,9918046,1237605,124150614349,268887848459
20717569,8192,9926276,1319388,123967676483,246213932296
20725761,8192,9934518,1333524,123906422105,251449567185
20733953,8192,9942757,1342890,124072186073,247795791091
20742145,8192,9950994,1335924,123999386424,251368496752
20750337,8192,9959240,1282264,124044134635,259703624337
20758529,8192,9967460,1252221,124075251218,264821277472
20766721,8192,9975702,1248961,124010223875,241611378662
20774913,8192,9983955,1296280,123959551616,237709085029
20783105,8192,9992198,1295855,123861766459,226657532449
20791297,8192,10000436,1357061,123655847951,237997258640
20799489,8192,10008679,1286683,123903565050,226317912707
20807681,8192,10016909,1225709,123683481511,244246967709
20815873,8192,10025141,1281184,123701645397,232210633112
20824065,8192,10033363,1306171,123674520523,228002596287
20832257,8192,10041601,1300593,123697978959,231328391842
20840449,8192,10049823,1322193,123742084041,236041532545
20848641,8192,10058046,1339278,123881511204,269046629030
20856833,8192,10066279,1280156,124044652168,261890778195
20865025,8192,10074499,1341045,123939717225,263377860056
20873217,8192,10082726,1449149,123875874183,239144931610
20881409,8192,10090947,1318637,123828156277,246235016319
20889601,8192,10099176,1310004,124079212741,242576813580
20897793,8192,10107391,1287441,124064006649,234465432988
20905985,8192,10115611,1238107,123942336536,246698157174
20914177,8192,10123834,1270972,123967807271,237675584129
20922369,8192,10132052,1338406,123619826798,231358542411
20930561,8192,10140274,1350373,123791381394,232911102821
20938753,8192,10148494,1314243,123637017493,242190576059
20946945,8192,10156745,1392627,123714739565,230979443286
20955137,8192,10165009,1283356,123904730600,256889622923
20963329,8192,10173259,1250992,123804630771,245082055296
20971521,8192,10181499,1396954,123899780038,236628563771
20979713,8192,10189737,1351704,123744674033,247151987450
20987905,8192,10197972,1408688,123937607291,239147023081
20996097,8192,10206206,1502921,123906819311,227890887984
21004289,8192,10214429,1419302,123927641555,256290607519
21005282,993,10223616,159274,15045217504,33437460316
