Aug 26 18:39:05 nimbus-eth1-mainnet-long-benchmark[4093922]: >>> starting cloneOrFetchBenchmarksRepo
Aug 26 18:39:05 nimbus-eth1-mainnet-long-benchmark[4093922]: >>> Fetching latest changes for nimbus-eth1-benchmarks...
Aug 26 18:39:07 nimbus-eth1-mainnet-long-benchmark[4093970]: HEAD is now at 0ae50f7 chore: update long benchmark Readme
Aug 26 18:39:07 nimbus-eth1-mainnet-long-benchmark[4093922]: <<< ending cloneOrFetchBenchmarksRepo (success)
Aug 26 18:39:07 nimbus-eth1-mainnet-long-benchmark[4093922]: >>> starting cloneOrFetchNimbusRepo
Aug 26 18:39:16 nimbus-eth1-mainnet-long-benchmark[4093922]: >>> Fetching latest changes for nimbus-eth1...
Aug 26 18:39:18 nimbus-eth1-mainnet-long-benchmark[4094285]: From https://github.com/status-im/nimbus-eth1
Aug 26 18:39:18 nimbus-eth1-mainnet-long-benchmark[4094285]:    7e573f7ce..f0f0a2481  master                  -> origin/master
Aug 26 18:39:18 nimbus-eth1-mainnet-long-benchmark[4094285]:  * [new branch]          dependabot/submodules/vendor/nim-boringssl-346429e -> origin/dependabot/submodules/vendor/nim-boringssl-346429e
Aug 26 18:39:18 nimbus-eth1-mainnet-long-benchmark[4094285]:  * [new branch]          fix-tx-rpc              -> origin/fix-tx-rpc
Aug 26 18:39:18 nimbus-eth1-mainnet-long-benchmark[4094285]:    db4a4cb04..05c5e19bc  focil-devnet-0          -> origin/focil-devnet-0
Aug 26 18:39:18 nimbus-eth1-mainnet-long-benchmark[4094285]:  * [new branch]          glams-812               -> origin/glams-812
Aug 26 18:39:18 nimbus-eth1-mainnet-long-benchmark[4094285]:    7c947fd37..152321369  glamsterdam-devnet-8    -> origin/glamsterdam-devnet-8
Aug 26 18:39:18 nimbus-eth1-mainnet-long-benchmark[4094285]:    38a19b162..07e73f962  multiget-branch-keys    -> origin/multiget-branch-keys
Aug 26 18:39:18 nimbus-eth1-mainnet-long-benchmark[4094285]:  + b06e4758e...6746937f8 simulate-v1             -> origin/simulate-v1  (forced update)
Aug 26 18:39:18 nimbus-eth1-mainnet-long-benchmark[4094285]:    abb589fa4..da3edf821  ssz-rest                -> origin/ssz-rest
Aug 26 18:39:18 nimbus-eth1-mainnet-long-benchmark[4094285]:  * [new branch]          stateless-zkvm-io-interface -> origin/stateless-zkvm-io-interface
Aug 26 18:39:18 nimbus-eth1-mainnet-long-benchmark[4094285]:  * [new branch]          stateroot-larger-queues -> origin/stateroot-larger-queues
Aug 26 18:39:18 nimbus-eth1-mainnet-long-benchmark[4094285]:    8483550b3..aec54798b  wasm-deploy             -> origin/wasm-deploy
Aug 26 18:39:18 nimbus-eth1-mainnet-long-benchmark[4094285]: Fetching submodule vendor/nim-ssz-serialization
Aug 26 18:39:18 nimbus-eth1-mainnet-long-benchmark[4094285]: From https://github.com/status-im/nim-ssz-serialization
Aug 26 18:39:18 nimbus-eth1-mainnet-long-benchmark[4094285]:    a7a00c8..aa43e33  master     -> origin/master
Aug 26 18:39:18 nimbus-eth1-mainnet-long-benchmark[4094285]: Fetching submodule vendor/nim-web3
Aug 26 18:39:19 nimbus-eth1-mainnet-long-benchmark[4094285]: From https://github.com/status-im/nim-web3
Aug 26 18:39:19 nimbus-eth1-mainnet-long-benchmark[4094285]:    22a7e46..273386e  focil       -> origin/focil
Aug 26 18:39:19 nimbus-eth1-mainnet-long-benchmark[4094285]:    3ac3d92..68b493c  master      -> origin/master
Aug 26 18:39:19 nimbus-eth1-mainnet-long-benchmark[4094285]:    e733787..a20d775  simulate-v1 -> origin/simulate-v1
Aug 26 18:39:19 nimbus-eth1-mainnet-long-benchmark[4094285]:    9c24d72..04f803f  test-minver -> origin/test-minver
Aug 26 18:39:19 nimbus-eth1-mainnet-long-benchmark[4094285]:  * [new tag]         v0.8.1      -> v0.8.1
Aug 26 18:39:19 nimbus-eth1-mainnet-long-benchmark[4094285]: Fetching submodule vendor/nimbus-eth2
Aug 26 18:39:20 nimbus-eth1-mainnet-long-benchmark[4094285]: From https://github.com/status-im/nimbus-eth2
Aug 26 18:39:20 nimbus-eth1-mainnet-long-benchmark[4094285]:  * [new branch]          chore/nim-libp2p-v2.3.0 -> origin/chore/nim-libp2p-v2.3.0
Aug 26 18:39:20 nimbus-eth1-mainnet-long-benchmark[4094285]:  * [new branch]          dependabot/submodules/unstable/vendor/nim-boringssl-346429e -> origin/dependabot/submodules/unstable/vendor/nim-boringssl-346429e
Aug 26 18:39:20 nimbus-eth1-mainnet-long-benchmark[4094285]:  * [new branch]          dependabot/submodules/unstable/vendor/nim-ssz-serialization-aa43e33 -> origin/dependabot/submodules/unstable/vendor/nim-ssz-serialization-aa43e33
Aug 26 18:39:20 nimbus-eth1-mainnet-long-benchmark[4094285]:  * [new branch]          dependabot/submodules/unstable/vendor/nim-web3-3ac3d92 -> origin/dependabot/submodules/unstable/vendor/nim-web3-3ac3d92
Aug 26 18:39:20 nimbus-eth1-mainnet-long-benchmark[4094285]:  + 019f47fba...8800f030b dev/etan/ae-returnstrain -> origin/dev/etan/ae-returnstrain  (forced update)
Aug 26 18:39:20 nimbus-eth1-mainnet-long-benchmark[4094285]:    ecfd3dd10..d0d2ce05c  dev/etan/vc-deprootcache -> origin/dev/etan/vc-deprootcache
Aug 26 18:39:20 nimbus-eth1-mainnet-long-benchmark[4094285]:  * [new branch]          dev/etan/vc-headv2      -> origin/dev/etan/vc-headv2
Aug 26 18:39:20 nimbus-eth1-mainnet-long-benchmark[4094285]:  * [new branch]          dev/etan/vc-reloadcfg   -> origin/dev/etan/vc-reloadcfg
Aug 26 18:39:20 nimbus-eth1-mainnet-long-benchmark[4094285]:  * [new branch]          dsg                     -> origin/dsg
Aug 26 18:39:20 nimbus-eth1-mainnet-long-benchmark[4094285]:  + 0e8f1c5ab...dd73fbb87 engine-ssz-api          -> origin/engine-ssz-api  (forced update)
Aug 26 18:39:20 nimbus-eth1-mainnet-long-benchmark[4094285]:  + 093b74979...fae9ee1a8 il3                     -> origin/il3  (forced update)
Aug 26 18:39:20 nimbus-eth1-mainnet-long-benchmark[4094285]:    d1d130707..08d99ec13  pm                      -> origin/pm
Aug 26 18:39:20 nimbus-eth1-mainnet-long-benchmark[4094285]:    342f9c218..b9d37faab  psk                     -> origin/psk
Aug 26 18:39:20 nimbus-eth1-mainnet-long-benchmark[4094285]:  + fb980079f...f5f249518 syncv3                  -> origin/syncv3  (forced update)
Aug 26 18:39:20 nimbus-eth1-mainnet-long-benchmark[4094285]:    0ed4c1b20..8c4aa28d5  tcq                     -> origin/tcq
Aug 26 18:39:20 nimbus-eth1-mainnet-long-benchmark[4094285]:    4199d60ad..f4580b607  testing                 -> origin/testing
Aug 26 18:39:20 nimbus-eth1-mainnet-long-benchmark[4094285]:    4199d60ad..e9dca820b  unstable                -> origin/unstable
Aug 26 18:39:20 nimbus-eth1-mainnet-long-benchmark[4094285]: fatal: exec 'rev-list': cd to 'vendor/nim-eth' failed: No such file or directory
Aug 26 18:39:20 nimbus-eth1-mainnet-long-benchmark[4094285]: fatal: exec 'rev-list': cd to 'vendor/nim-eth2-scenarios' failed: No such file or directory
Aug 26 18:39:20 nimbus-eth1-mainnet-long-benchmark[4094285]: fatal: exec 'rev-list': cd to 'vendor/nim-json-rpc' failed: No such file or directory
Aug 26 18:39:20 nimbus-eth1-mainnet-long-benchmark[4094285]: fatal: exec 'rev-list': cd to 'vendor/nim-secp256k1' failed: No such file or directory
Aug 26 18:39:20 nimbus-eth1-mainnet-long-benchmark[4094285]: fatal: exec 'rev-list': cd to 'vendor/nim-stew' failed: No such file or directory
Aug 26 18:39:20 nimbus-eth1-mainnet-long-benchmark[4094285]: fatal: exec 'rev-list': cd to 'vendor/nim-taskpools' failed: No such file or directory
Aug 26 18:39:20 nimbus-eth1-mainnet-long-benchmark[4094285]: fatal: exec 'rev-list': cd to 'vendor/nim-websock' failed: No such file or directory
Aug 26 18:39:20 nimbus-eth1-mainnet-long-benchmark[4094285]: fatal: exec 'rev-list': cd to 'vendor/nimbus-build-system' failed: No such file or directory
Aug 26 18:39:21 nimbus-eth1-mainnet-long-benchmark[4094285]: Fetching submodule vendor/nimbus-eth2/vendor/nim-chronos
Aug 26 18:39:22 nimbus-eth1-mainnet-long-benchmark[4094285]: From https://github.com/status-im/nim-chronos
Aug 26 18:39:22 nimbus-eth1-mainnet-long-benchmark[4094285]:    10045e9..ebef7f0  dev/etan/ae-fddup2     -> origin/dev/etan/ae-fddup2
Aug 26 18:39:22 nimbus-eth1-mainnet-long-benchmark[4094285]:    efe7248..1b3c95e  dev/etan/ae-returnstrain -> origin/dev/etan/ae-returnstrain
Aug 26 18:39:22 nimbus-eth1-mainnet-long-benchmark[4094285]:  * [new branch]      dev/etan/wd-waitthread -> origin/dev/etan/wd-waitthread
Aug 26 18:39:22 nimbus-eth1-mainnet-long-benchmark[4094285]:    b78c4b6..fa4b811  expose-shutdown-api    -> origin/expose-shutdown-api
Aug 26 18:39:22 nimbus-eth1-mainnet-long-benchmark[4094285]:  * [new branch]      fseconds               -> origin/fseconds
Aug 26 18:39:22 nimbus-eth1-mainnet-long-benchmark[4094285]:  + 9a24aee...10fbe1d gh-pages               -> origin/gh-pages  (forced update)
Aug 26 18:39:22 nimbus-eth1-mainnet-long-benchmark[4094285]:    ebb6468..e97724c  master                 -> origin/master
Aug 26 18:39:22 nimbus-eth1-mainnet-long-benchmark[4094285]:  * [new branch]      test-minver            -> origin/test-minver
Aug 26 18:39:22 nimbus-eth1-mainnet-long-benchmark[4094285]:  * [new branch]      tryacq                 -> origin/tryacq
Aug 26 18:39:22 nimbus-eth1-mainnet-long-benchmark[4094285]:  * [new branch]      update-deps            -> origin/update-deps
Aug 26 18:39:22 nimbus-eth1-mainnet-long-benchmark[4094285]:  * [new branch]      update-deps-4.0        -> origin/update-deps-4.0
Aug 26 18:39:22 nimbus-eth1-mainnet-long-benchmark[4094285]:  * [new branch]      update-deps-4.2        -> origin/update-deps-4.2
Aug 26 18:39:22 nimbus-eth1-mainnet-long-benchmark[4094285]: Fetching submodule vendor/nimbus-eth2/vendor/nim-eth
Aug 26 18:39:23 nimbus-eth1-mainnet-long-benchmark[4094285]: From https://github.com/status-im/nim-eth
Aug 26 18:39:23 nimbus-eth1-mainnet-long-benchmark[4094285]:    3cda902..c3d1ad4  master      -> origin/master
Aug 26 18:39:23 nimbus-eth1-mainnet-long-benchmark[4094285]:  * [new branch]      test-minver -> origin/test-minver
Aug 26 18:39:23 nimbus-eth1-mainnet-long-benchmark[4094285]:  * [new tag]         v0.9.1      -> v0.9.1
Aug 26 18:39:23 nimbus-eth1-mainnet-long-benchmark[4094285]: Fetching submodule vendor/nimbus-eth2/vendor/nim-eth2-scenarios
Aug 26 18:39:23 nimbus-eth1-mainnet-long-benchmark[4094285]: Fetching submodule vendor/nimbus-eth2/vendor/nim-json-rpc
Aug 26 18:39:24 nimbus-eth1-mainnet-long-benchmark[4094285]: From https://github.com/status-im/nim-json-rpc
Aug 26 18:39:24 nimbus-eth1-mainnet-long-benchmark[4094285]:  * [new branch]      test-minver -> origin/test-minver
Aug 26 18:39:24 nimbus-eth1-mainnet-long-benchmark[4094285]: Fetching submodule vendor/nimbus-eth2/vendor/nim-libp2p
Aug 26 18:39:25 nimbus-eth1-mainnet-long-benchmark[4094285]: From https://github.com/vacp2p/nim-libp2p
Aug 26 18:39:25 nimbus-eth1-mainnet-long-benchmark[4094285]:  * [new branch]          feat/dial-ranking    -> origin/feat/dial-ranking
Aug 26 18:39:25 nimbus-eth1-mainnet-long-benchmark[4094285]:  + 5663cb41d...b87085cc9 fix-flaky-test       -> origin/fix-flaky-test  (forced update)
Aug 26 18:39:25 nimbus-eth1-mainnet-long-benchmark[4094285]:  * [new branch]          fix/bufferstream-close-wakeup -> origin/fix/bufferstream-close-wakeup
Aug 26 18:39:25 nimbus-eth1-mainnet-long-benchmark[4094285]:  * [new branch]          fix/kad/dead-streams -> origin/fix/kad/dead-streams
Aug 26 18:39:25 nimbus-eth1-mainnet-long-benchmark[4094285]:    117991828..4e2e370f0  gh-pages             -> origin/gh-pages
Aug 26 18:39:25 nimbus-eth1-mainnet-long-benchmark[4094285]:    12f25f0af..0ef9102f1  master               -> origin/master
Aug 26 18:39:25 nimbus-eth1-mainnet-long-benchmark[4094285]:    7d779190d..5724d66cf  release/v2.1         -> origin/release/v2.1
Aug 26 18:39:25 nimbus-eth1-mainnet-long-benchmark[4094285]:    95d3925db..d6c4f7f2c  release/v2.2         -> origin/release/v2.2
Aug 26 18:39:25 nimbus-eth1-mainnet-long-benchmark[4094285]:    15af9c59b..fc4169749  release/v2.3         -> origin/release/v2.3
Aug 26 18:39:25 nimbus-eth1-mainnet-long-benchmark[4094285]:  * [new branch]          test-autotls-16      -> origin/test-autotls-16
Aug 26 18:39:25 nimbus-eth1-mainnet-long-benchmark[4094285]:  * [new branch]          test-nimble          -> origin/test-nimble
Aug 26 18:39:25 nimbus-eth1-mainnet-long-benchmark[4094285]:  * [new tag]             v2.3.0               -> v2.3.0
Aug 26 18:39:26 nimbus-eth1-mainnet-long-benchmark[4094285]: Fetching submodule vendor/nimbus-eth2/vendor/nim-secp256k1
Aug 26 18:39:26 nimbus-eth1-mainnet-long-benchmark[4094285]: From https://github.com/status-im/nim-secp256k1
Aug 26 18:39:26 nimbus-eth1-mainnet-long-benchmark[4094285]:  * [new branch]      test-minver -> origin/test-minver
Aug 26 18:39:26 nimbus-eth1-mainnet-long-benchmark[4094285]: Fetching submodule vendor/nimbus-eth2/vendor/nim-ssz-serialization
Aug 26 18:39:27 nimbus-eth1-mainnet-long-benchmark[4094285]: From https://github.com/status-im/nim-ssz-serialization
Aug 26 18:39:27 nimbus-eth1-mainnet-long-benchmark[4094285]:    a7a00c8..aa43e33  master     -> origin/master
Aug 26 18:39:27 nimbus-eth1-mainnet-long-benchmark[4094285]: Fetching submodule vendor/nimbus-eth2/vendor/nim-stew
Aug 26 18:39:28 nimbus-eth1-mainnet-long-benchmark[4094285]: From https://github.com/status-im/nim-stew
Aug 26 18:39:28 nimbus-eth1-mainnet-long-benchmark[4094285]:    232673b..c75502c  master      -> origin/master
Aug 26 18:39:28 nimbus-eth1-mainnet-long-benchmark[4094285]:  * [new branch]      test-minver -> origin/test-minver
Aug 26 18:39:28 nimbus-eth1-mainnet-long-benchmark[4094285]:  * [new tag]         v0.5.2      -> v0.5.2
Aug 26 18:39:28 nimbus-eth1-mainnet-long-benchmark[4094285]: Fetching submodule vendor/nimbus-eth2/vendor/nim-taskpools
Aug 26 18:39:28 nimbus-eth1-mainnet-long-benchmark[4094285]: From https://github.com/status-im/nim-taskpools
Aug 26 18:39:28 nimbus-eth1-mainnet-long-benchmark[4094285]:    7d96007..957e665  stable      -> origin/stable
Aug 26 18:39:28 nimbus-eth1-mainnet-long-benchmark[4094285]:  * [new branch]      test-minver -> origin/test-minver
Aug 26 18:39:29 nimbus-eth1-mainnet-long-benchmark[4094285]: Fetching submodule vendor/nimbus-eth2/vendor/nim-web3
Aug 26 18:39:29 nimbus-eth1-mainnet-long-benchmark[4094285]: From https://github.com/status-im/nim-web3
Aug 26 18:39:29 nimbus-eth1-mainnet-long-benchmark[4094285]:    69dfc40..273386e  focil       -> origin/focil
Aug 26 18:39:29 nimbus-eth1-mainnet-long-benchmark[4094285]:    d0f72ea..68b493c  master      -> origin/master
Aug 26 18:39:29 nimbus-eth1-mainnet-long-benchmark[4094285]:    e733787..a20d775  simulate-v1 -> origin/simulate-v1
Aug 26 18:39:29 nimbus-eth1-mainnet-long-benchmark[4094285]:  * [new branch]      test-minver -> origin/test-minver
Aug 26 18:39:29 nimbus-eth1-mainnet-long-benchmark[4094285]:  * [new tag]         v0.8.1      -> v0.8.1
Aug 26 18:39:29 nimbus-eth1-mainnet-long-benchmark[4094285]: Fetching submodule vendor/nimbus-eth2/vendor/nim-websock
Aug 26 18:39:31 nimbus-eth1-mainnet-long-benchmark[4094285]: From https://github.com/status-im/nim-websock
Aug 26 18:39:31 nimbus-eth1-mainnet-long-benchmark[4094285]:    133cd9e4a4..94bcd43014  gh-pages    -> origin/gh-pages
Aug 26 18:39:31 nimbus-eth1-mainnet-long-benchmark[4094285]:    e31aa6bd9b..3f7ec0e024  main        -> origin/main
Aug 26 18:39:31 nimbus-eth1-mainnet-long-benchmark[4094285]:  * [new branch]            test-minver -> origin/test-minver
Aug 26 18:39:31 nimbus-eth1-mainnet-long-benchmark[4094285]:  * [new tag]               v0.4.2      -> v0.4.2
Aug 26 18:39:31 nimbus-eth1-mainnet-long-benchmark[4094285]: Fetching submodule vendor/nimbus-eth2/vendor/nimbus-build-system
Aug 26 18:39:33 nimbus-eth1-mainnet-long-benchmark[4094285]: From https://github.com/status-im/nimbus-eth2
Aug 26 18:39:33 nimbus-eth1-mainnet-long-benchmark[4094285]:  * branch                2095316901315fad795a11627d62fc26d6d2ef71 -> FETCH_HEAD
Aug 26 18:39:33 nimbus-eth1-mainnet-long-benchmark[4094512]: warning: unable to rmdir 'vendor/libtommath': Directory not empty
Aug 26 18:39:33 nimbus-eth1-mainnet-long-benchmark[4094512]: HEAD is now at f0f0a2481 rpc: support the "pending" block tag (#4687)
Aug 26 18:39:33 nimbus-eth1-mainnet-long-benchmark[4093922]: >>> Found last benchmarked commit: 1ec00066
Aug 26 18:39:33 nimbus-eth1-mainnet-long-benchmark[4093922]: >>> Using next commit: 6d694189d82d63218eb95fb5c90da4b718ee3f28
Aug 26 18:39:33 nimbus-eth1-mainnet-long-benchmark[4094528]: HEAD is now at 6d694189d Fix segfault when database directory is locked / in use (#3736)
Aug 26 18:39:33 nimbus-eth1-mainnet-long-benchmark[4093922]: >>> Current commit: 6d694189d
Aug 26 18:39:33 nimbus-eth1-mainnet-long-benchmark[4093922]: <<< ending cloneOrFetchNimbusRepo (success)
Aug 26 18:39:33 nimbus-eth1-mainnet-long-benchmark[4093922]: >>> starting buildBinaries
Aug 26 18:39:33 nimbus-eth1-mainnet-long-benchmark[4093922]: >>> Building binaries for commit 6d694189...
Aug 26 18:39:39 nimbus-eth1-mainnet-long-benchmark[4095769]: Submodule path 'vendor/nim-chronicles': checked out 'd48c22c34f16b5cc4a95ba7202671e806b25f13b'
Aug 26 18:39:39 nimbus-eth1-mainnet-long-benchmark[4095769]: Submodule path 'vendor/nim-eth': checked out '7f7aea10355660b9770a56a69dce085f3a285af3'
Aug 26 18:39:39 nimbus-eth1-mainnet-long-benchmark[4095769]: Submodule path 'vendor/nimbus-eth2': checked out 'afcb6c9331c4dea82921e91c7df40ce7748e9b10'
Aug 26 18:39:40 nimbus-eth1-mainnet-long-benchmark[4096498]: Submodule path 'vendor/nimbus-eth2/vendor/nim-eth': checked out '7f7aea10355660b9770a56a69dce085f3a285af3'
Aug 26 18:39:47 nimbus-eth1-mainnet-long-benchmark[4099652]: Building: Nim compiler
Aug 26 18:41:57 nimbus-eth1-mainnet-long-benchmark[4109348]: Building: install/usr/lib/libbacktrace.a
Aug 26 18:41:57 nimbus-eth1-mainnet-long-benchmark[4109393]: cp: cannot stat '/data/status-im/nimbus-eth1/build/*': No such file or directory
Aug 26 18:41:57 nimbus-eth1-mainnet-long-benchmark[4109324]: ROCKSDB VERSION NOT FOUND
Aug 26 18:41:58 nimbus-eth1-mainnet-long-benchmark[4109495]: make[1]: Entering directory '/data/status-im/nimbus-eth1/vendor/nim-rocksdb/vendor/rocksdb'
Aug 26 18:41:58 nimbus-eth1-mainnet-long-benchmark[4109495]: $DEBUG_LEVEL is 0, $LIB_MODE is static
Aug 26 18:41:58 nimbus-eth1-mainnet-long-benchmark[4109495]: make[1]: Leaving directory '/data/status-im/nimbus-eth1/vendor/nim-rocksdb/vendor/rocksdb'
Aug 26 18:41:58 nimbus-eth1-mainnet-long-benchmark[4110602]: Cleaning up RocksDb build artifacts.
Aug 26 18:41:59 nimbus-eth1-mainnet-long-benchmark[4111309]: /bin/sh: 1: javac: not found
Aug 26 18:41:59 nimbus-eth1-mainnet-long-benchmark[4109399]: Building RocksDb static libraries.
Aug 26 18:42:02 nimbus-eth1-mainnet-long-benchmark[4113119]: Building: install/usr/lib/libbacktracenim.a
Aug 26 18:44:58 nimbus-eth1-mainnet-long-benchmark[4115711]: Building: build/nimbus_execution_client
Aug 26 18:48:43 nimbus-eth1-mainnet-long-benchmark[4093922]: >>> renaming binaries to match commit they were built from
Aug 26 18:48:43 nimbus-eth1-mainnet-long-benchmark[4093922]: >>> creating a symbolic link to the latest version
Aug 26 18:48:43 nimbus-eth1-mainnet-long-benchmark[4093922]: >>> deleting copies that are older than N days
Aug 26 18:48:43 nimbus-eth1-mainnet-long-benchmark[4093922]: <<< ending buildBinaries (success)
Aug 26 18:48:43 nimbus-eth1-mainnet-long-benchmark[4093922]: >>> starting skipOrContinueBenchmark
Aug 26 18:48:43 nimbus-eth1-mainnet-long-benchmark[4093922]: <<< ending skipOrContinueBenchmark (success)
Aug 26 18:48:43 nimbus-eth1-mainnet-long-benchmark[4093922]: >>> starting startNimbusWithImport
Aug 26 18:48:43 nimbus-eth1-mainnet-long-benchmark[4120996]: INF 2026-08-26 18:48:43.337+00:00 Launching execution client                 version=v0.2.1-6d694189 config="(configFile: none(InputFile), dataDirFlag: some(/data/status-im/nimbus-eth1/data/shared_mainnet_0), era1DirFlag: some(/data/era1), eraDirFlag: some(/data/era), keyStoreDirFlag: none(OutDir), importKey: , trustedSetupFile: none(string), extraData: nimbus-eth1/v0.2.1-6d694189, gasLimit: 45000000, network: [mainnet], customNetwork: none(NetworkParams), networkId: 1, networkParams: (config: ..., genesis: (nonce: 0x0000000000000042, timestamp: 0, extraData: [17, 187, 232, 219, 78, 52, 123, 78, 140, 147, 124, 28, 131, 112, 228, 181, 237, 51, 173, 179, 219, 105, 203, 219, 122, 56, 225, 229, 11, 27, 130, 250], gasLimit: 5000, difficulty: 17179869184, mixHash: 0x0000000000000000000000000000000000000000000000000000000000000000, coinbase: 0x0000000000000000000000000000000000000000, alloc: 8893, number: 0, gasUser: 0, parentHash: 0x0000000000000000000000000000000000000000000000000000000000000000, baseFeePerGas: none(), blobGasUsed: -1, excessBlobGas: -1, parentBeaconBlockRoot: none())), logLevel: INFO, logStdout: auto, metricsEnabled: false, metricsPort: 9093, metricsAddress: 127.0.0.1, bootstrapNodes: [], bootstrapFile: , staticPeers: [], staticPeersFile: , reconnectMaxRetry: 0, reconnectInterval: 15, listenAddress: ::, tcpPort: 30303, udpPort: 0, maxPeers: 25, nat: (hasExtIp: false, nat: NatAny), discovery: [V4, V5], netKey: random, agentString: nimbus-eth1/v0.2.1-6d694189/linux-amd64/Nim-2.2.4, numThreads: 0, persistBatchSize: 4, rocksdbMaxOpenFiles: 2048, rocksdbWriteBufferSize: 67108864, rocksdbRowCacheSize: 0, rocksdbBlockCacheSize: 2147483648, rdbVtxCacheSize: 536870912, rdbKeyCacheSize: 1342177280, rdbBranchCacheSize: 1073741824, rdbPrintStats: false, rewriteDatadirId: true, eagerStateRootCheck: false, statelessProviderEnabled: false, statelessWitnessValidation: false, cmd: import, maxBlocks: 18446744073709551615, chunkSize: 8192, csvStats: some("/data/host-benchmarks/long/cef2b601d869477ca0a783f56008e196/blocks-import-benchmark.csv"), fullValidation: false, noValidation: true, storeBodies: false, storeReceipts: false, storeSlotHashes: false)"
Aug 26 18:48:43 nimbus-eth1-mainnet-long-benchmark[4120996]: INF 2026-08-26 18:48:43.341+00:00 Taskpool started                           numThreads=16
Aug 26 18:48:43 nimbus-eth1-mainnet-long-benchmark[4120996]: INF 2026-08-26 18:48:43.477+00:00 Writing data dir ID                        ID=0x0a036d6f6dfe59156bb6359f0243c93d5a421ed688de5aa85a62d15dca8dbd5c
Aug 26 18:48:43 nimbus-eth1-mainnet-long-benchmark[4120996]: INF 2026-08-26 18:48:43.509+00:00 Writing genesis to DB                      blockHash=0xd4e56740f876aef8c010b86a40d5f56745a118d0906a34e69aec8c0db1cb8fa3 stateRoot=0xd7f8974fb5ac78d9ac099b9ad5018bedc2ce0a72dad1827a1709da30580f0544 difficulty=17179869184 gasLimit=5000 timestamp=0 nonce=0x0000000000000042
Aug 26 18:48:43 nimbus-eth1-mainnet-long-benchmark[4120996]: INF 2026-08-26 18:48:43.581+00:00 Database initialized                       base="(0xd4e56740f876aef8c010b86a40d5f56745a118d0906a34e69aec8c0db1cb8fa3, 0)" finalized="(0xd4e56740f876aef8c010b86a40d5f56745a118d0906a34e69aec8c0db1cb8fa3, 0)" head="(0xd4e56740f876aef8c010b86a40d5f56745a118d0906a34e69aec8c0db1cb8fa3, 0)"
Aug 26 18:48:43 nimbus-eth1-mainnet-long-benchmark[4120996]: NTC 2026-08-26 18:48:43.585+00:00 Importing era1 archive                     start=1 dataDir=/data/status-im/nimbus-eth1/data/shared_mainnet_0 era1Dir=/data/era1
Aug 26 18:48:43 nimbus-eth1-mainnet-long-benchmark[4120996]: INF 2026-08-26 18:48:43.813+00:00 Imported blocks                            blockNumber=8193 slot=1 blocks=8192 txs=0 mgas=0.000 bps=35377 tps=0.000 mgps=0.000 avgBps=35377 avgTps=0.000 avgMGps=0.000 elapsed=231ms558us192ns
Aug 26 18:48:44 nimbus-eth1-mainnet-long-benchmark[4120996]: INF 2026-08-26 18:48:44.041+00:00 Imported blocks                            blockNumber=16385 slot=1 blocks=16384 txs=0 mgas=0.000 bps=35951 tps=0.000 mgps=0.000 avgBps=35662 avgTps=0.000 avgMGps=0.000 elapsed=459ms421us910ns
Aug 26 18:48:44 nimbus-eth1-mainnet-long-benchmark[4120996]: INF 2026-08-26 18:48:44.265+00:00 Imported blocks                            blockNumber=24577 slot=1 blocks=24576 txs=0 mgas=0.000 bps=36487 tps=0.000 mgps=0.000 avgBps=35933 avgTps=0.000 avgMGps=0.000 elapsed=683ms934us202ns
Aug 26 18:48:44 nimbus-eth1-mainnet-long-benchmark[4120996]: INF 2026-08-26 18:48:44.501+00:00 Imported blocks                            blockNumber=32769 slot=1 blocks=32768 txs=0 mgas=0.000 bps=34946 tps=0.000 mgps=0.000 avgBps=35681 avgTps=0.000 avgMGps=0.000 elapsed=918ms350us143ns
Aug 26 18:48:44 nimbus-eth1-mainnet-long-benchmark[4120996]: INF 2026-08-26 18:48:44.737+00:00 Imported blocks                            blockNumber=40961 slot=1 blocks=40960 txs=0 mgas=0.000 bps=34926 tps=0.000 mgps=0.000 avgBps=35527 avgTps=0.000 avgMGps=0.000 elapsed=1s152ms898us
Aug 26 18:48:45 nimbus-eth1-mainnet-long-benchmark[4120996]: INF 2026-08-26 18:48:45.037+00:00 Imported blocks                            blockNumber=49153 slot=1 blocks=49152 txs=1514 mgas=33.07 bps=27315 tps=5048 mgps=110.3 avgBps=33832 avgTps=1042 avgMGps=22.76 elapsed=1s452ms802us
Aug 26 18:48:45 nimbus-eth1-mainnet-long-benchmark[4120996]: INF 2026-08-26 18:48:45.452+00:00 Imported blocks                            blockNumber=57345 slot=1 blocks=57344 txs=5430 mgas=440.9 bps=19612 tps=9375 mgps=976.4 avgBps=30657 avgTps=2902 avgMGps=235.7 elapsed=1s870ms488us
Aug 26 18:48:45 nimbus-eth1-mainnet-long-benchmark[4120996]: INF 2026-08-26 18:48:45.800+00:00 Imported blocks                            blockNumber=65537 slot=1 blocks=65536 txs=8106 mgas=530.9 bps=23587 tps=7705 mgps=259.3 avgBps=29550 avgTps=3654 avgMGps=239.4 elapsed=2s217ms790us
Aug 26 18:48:46 nimbus-eth1-mainnet-long-benchmark[4120996]: INF 2026-08-26 18:48:46.208+00:00 Imported blocks                            blockNumber=73729 slot=1 blocks=73728 txs=13927 mgas=728.7 bps=19950 tps=14176 mgps=481.6 avgBps=28050 avgTps=5298 avgMGps=277.2 elapsed=2s628ms404us
Aug 26 18:48:46 nimbus-eth1-mainnet-long-benchmark[4120996]: INF 2026-08-26 18:48:46.596+00:00 Imported blocks                            blockNumber=81921 slot=1 blocks=81920 txs=18131 mgas=860.0 bps=21112 tps=10834 mgps=338.3 avgBps=27157 avgTps=6010 avgMGps=285.1 elapsed=3s16ms423us
Aug 26 18:48:46 nimbus-eth1-mainnet-long-benchmark[4120996]: INF 2026-08-26 18:48:46.984+00:00 Imported blocks                            blockNumber=90113 slot=1 blocks=90112 txs=22720 mgas=972.2 bps=21269 tps=11914 mgps=291.5 avgBps=26491 avgTps=6679 avgMGps=285.8 elapsed=3s401ms571us
Aug 26 18:48:47 nimbus-eth1-mainnet-long-benchmark[4120996]: INF 2026-08-26 18:48:47.336+00:00 Imported blocks                            blockNumber=98305 slot=1 blocks=98304 txs=26047 mgas=1056 bps=23231 tps=9435 mgps=240.1 avgBps=26185 avgTps=6938 avgMGps=281.5 elapsed=3s754ms191us
Aug 26 18:48:47 nimbus-eth1-mainnet-long-benchmark[4120996]: INF 2026-08-26 18:48:47.704+00:00 Imported blocks                            blockNumber=106497 slot=1 blocks=106496 txs=30215 mgas=1162 bps=22257 tps=11324 mgps=286.6 avgBps=25834 avgTps=7329 avgMGps=282.0 elapsed=4s122ms249us
Aug 26 18:48:48 nimbus-eth1-mainnet-long-benchmark[4120996]: INF 2026-08-26 18:48:48.076+00:00 Imported blocks                            blockNumber=114689 slot=1 blocks=114688 txs=34462 mgas=1281 bps=21922 tps=11365 mgps=319.0 avgBps=25509 avgTps=7665 avgMGps=285.1 elapsed=4s495ms930us
Aug 26 18:48:48 nimbus-eth1-mainnet-long-benchmark[4120996]: INF 2026-08-26 18:48:48.492+00:00 Imported blocks                            blockNumber=122881 slot=1 blocks=122880 txs=40516 mgas=1445 bps=19783 tps=14620 mgps=395.9 avgBps=25026 avgTps=8251 avgMGps=294.4 elapsed=4s910ms16us
Aug 26 18:48:48 nimbus-eth1-mainnet-long-benchmark[4120996]: INF 2026-08-26 18:48:48.860+00:00 Imported blocks                            blockNumber=131073 slot=1 blocks=131072 txs=46368 mgas=1592 bps=22176 tps=15842 mgps=399.2 avgBps=24827 avgTps=8782 avgMGps=301.7 elapsed=5s279ms409us
Aug 26 18:48:49 nimbus-eth1-mainnet-long-benchmark[4120996]: INF 2026-08-26 18:48:49.256+00:00 Imported blocks                            blockNumber=139265 slot=1 blocks=139264 txs=53046 mgas=1761 bps=20800 tps=16956 mgps=427.7 avgBps=24547 avgTps=9350 avgMGps=310.5 elapsed=5s673ms243us
Aug 26 18:48:49 nimbus-eth1-mainnet-long-benchmark[4120996]: INF 2026-08-26 18:48:49.676+00:00 Imported blocks                            blockNumber=147457 slot=1 blocks=147456 txs=60851 mgas=1951 bps=19367 tps=18452 mgps=450.5 avgBps=24188 avgTps=9981 avgMGps=320.2 elapsed=6s96ms226us
Aug 26 18:48:50 nimbus-eth1-mainnet-long-benchmark[4120996]: INF 2026-08-26 18:48:50.120+00:00 Imported blocks                            blockNumber=155649 slot=1 blocks=155648 txs=69526 mgas=2172 bps=18583 tps=19679 mgps=499.3 avgBps=23810 avgTps=10635 avgMGps=332.3 elapsed=6s537ms48us
Aug 26 18:48:50 nimbus-eth1-mainnet-long-benchmark[4120996]: INF 2026-08-26 18:48:50.536+00:00 Imported blocks                            blockNumber=163841 slot=1 blocks=163840 txs=76781 mgas=2347 bps=19703 tps=17449 mgps=420.9 avgBps=23564 avgTps=11043 avgMGps=337.6 elapsed=6s952ms817us
Aug 26 18:48:51 nimbus-eth1-mainnet-long-benchmark[4120996]: INF 2026-08-26 18:48:51.012+00:00 Imported blocks                            blockNumber=172033 slot=1 blocks=172032 txs=86896 mgas=2589 bps=17156 tps=21183 mgps=507.5 avgBps=23152 avgTps=11694 avgMGps=348.5 elapsed=7s430ms311us
Aug 26 18:48:51 nimbus-eth1-mainnet-long-benchmark[4120996]: INF 2026-08-26 18:48:51.544+00:00 Imported blocks                            blockNumber=180225 slot=1 blocks=180224 txs=98925 mgas=2908 bps=15409 tps=22627 mgps=600.9 avgBps=22635 avgTps=12424 avgMGps=365.3 elapsed=7s961ms926us
Aug 26 18:48:52 nimbus-eth1-mainnet-long-benchmark[4120996]: INF 2026-08-26 18:48:52.036+00:00 Imported blocks                            blockNumber=188417 slot=1 blocks=188416 txs=109418 mgas=3216 bps=16671 tps=21354 mgps=626.7 avgBps=22289 avgTps=12943 avgMGps=380.5 elapsed=8s453ms292us
Aug 26 18:48:52 nimbus-eth1-mainnet-long-benchmark[4120996]: INF 2026-08-26 18:48:52.496+00:00 Imported blocks                            blockNumber=196609 slot=1 blocks=196608 txs=117906 mgas=3442 bps=17749 tps=18390 mgps=489.7 avgBps=22054 avgTps=13225 avgMGps=386.2 elapsed=8s914ms829us
Aug 26 18:48:52 nimbus-eth1-mainnet-long-benchmark[4120996]: INF 2026-08-26 18:48:52.980+00:00 Imported blocks                            blockNumber=204801 slot=1 blocks=204800 txs=127337 mgas=3727 bps=16896 tps=19451 mgps=586.8 avgBps=21788 avgTps=13546 avgMGps=396.5 elapsed=9s399ms666us
Aug 26 18:48:53 nimbus-eth1-mainnet-long-benchmark[4120996]: INF 2026-08-26 18:48:53.460+00:00 Imported blocks                            blockNumber=212993 slot=1 blocks=212992 txs=136769 mgas=3996 bps=17061 tps=19644 mgps=560.3 avgBps=21558 avgTps=13843 avgMGps=404.5 elapsed=9s879ms799us
Aug 26 18:48:53 nimbus-eth1-mainnet-long-benchmark[4120996]: INF 2026-08-26 18:48:53.948+00:00 Imported blocks                            blockNumber=221185 slot=1 blocks=221184 txs=146514 mgas=4249 bps=16862 tps=20059 mgps=520.8 avgBps=21338 avgTps=14134 avgMGps=409.9 elapsed=10s365ms608us
Aug 26 18:48:54 nimbus-eth1-mainnet-long-benchmark[4120996]: INF 2026-08-26 18:48:54.428+00:00 Imported blocks                            blockNumber=229377 slot=1 blocks=229376 txs=155987 mgas=4552 bps=16994 tps=19652 mgps=629.1 avgBps=21145 avgTps=14379 avgMGps=419.7 elapsed=10s847ms643us
Aug 26 18:48:54 nimbus-eth1-mainnet-long-benchmark[4120996]: INF 2026-08-26 18:48:54.916+00:00 Imported blocks                            blockNumber=237569 slot=1 blocks=237568 txs=165739 mgas=4839 bps=16810 tps=20011 mgps=589.6 avgBps=20958 avgTps=14621 avgMGps=427.0 elapsed=11s334ms956us
Aug 26 18:48:55 nimbus-eth1-mainnet-long-benchmark[4120996]: INF 2026-08-26 18:48:55.408+00:00 Imported blocks                            blockNumber=245761 slot=1 blocks=245760 txs=174914 mgas=5076 bps=16650 tps=18648 mgps=481.9 avgBps=20779 avgTps=14789 avgMGps=429.3 elapsed=11s826ms959us
Aug 26 18:48:55 nimbus-eth1-mainnet-long-benchmark[4120996]: INF 2026-08-26 18:48:55.900+00:00 Imported blocks                            blockNumber=253953 slot=1 blocks=253952 txs=184139 mgas=5376 bps=16614 tps=18709 mgps=608.2 avgBps=20612 avgTps=14946 avgMGps=436.4 elapsed=12s320ms11us
Aug 26 18:48:56 nimbus-eth1-mainnet-long-benchmark[4120996]: INF 2026-08-26 18:48:56.384+00:00 Imported blocks                            blockNumber=262145 slot=1 blocks=262144 txs=192639 mgas=5614 bps=17043 tps=17683 mgps=495.0 avgBps=20478 avgTps=15049 avgMGps=438.6 elapsed=12s800ms674us
Aug 26 18:48:56 nimbus-eth1-mainnet-long-benchmark[4120996]: INF 2026-08-26 18:48:56.916+00:00 Imported blocks                            blockNumber=270337 slot=1 blocks=270336 txs=203712 mgas=5975 bps=15340 tps=20735 mgps=674.9 avgBps=20273 avgTps=15276 avgMGps=448.1 elapsed=13s334ms678us
Aug 26 18:48:57 nimbus-eth1-mainnet-long-benchmark[4120996]: INF 2026-08-26 18:48:57.460+00:00 Imported blocks                            blockNumber=278529 slot=1 blocks=278528 txs=214956 mgas=6309 bps=15104 tps=20732 mgps=615.7 avgBps=20071 avgTps=15490 avgMGps=454.6 elapsed=13s877ms23us
Aug 26 18:48:57 nimbus-eth1-mainnet-long-benchmark[4120996]: INF 2026-08-26 18:48:57.972+00:00 Imported blocks                            blockNumber=286721 slot=1 blocks=286720 txs=224900 mgas=6597 bps=15924 tps=19330 mgps=560.3 avgBps=19922 avgTps=15627 avgMGps=458.4 elapsed=14s391ms450us
Aug 26 18:48:58 nimbus-eth1-mainnet-long-benchmark[4120996]: INF 2026-08-26 18:48:58.472+00:00 Imported blocks                            blockNumber=294913 slot=1 blocks=294912 txs=234452 mgas=6870 bps=16453 tps=19185 mgps=548.2 avgBps=19806 avgTps=15746 avgMGps=461.4 elapsed=14s889ms338us
Aug 26 18:48:58 nimbus-eth1-mainnet-long-benchmark[4120996]: INF 2026-08-26 18:48:58.980+00:00 Imported blocks                            blockNumber=303105 slot=1 blocks=303104 txs=245016 mgas=7148 bps=16082 tps=20739 mgps=547.0 avgBps=19683 avgTps=15911 avgMGps=464.3 elapsed=15s398ms714us
Aug 26 18:48:59 nimbus-eth1-mainnet-long-benchmark[4120996]: INF 2026-08-26 18:48:59.492+00:00 Imported blocks                            blockNumber=311297 slot=1 blocks=311296 txs=254868 mgas=7438 bps=16028 tps=19275 mgps=566.8 avgBps=19566 avgTps=16019 avgMGps=467.5 elapsed=15s909ms817us
Aug 26 18:49:00 nimbus-eth1-mainnet-long-benchmark[4120996]: INF 2026-08-26 18:49:00.016+00:00 Imported blocks                            blockNumber=319489 slot=1 blocks=319488 txs=265640 mgas=7723 bps=15656 tps=20587 mgps=544.7 avgBps=19441 avgTps=16164 avgMGps=470.0 elapsed=16s433ms52us
Aug 26 18:49:00 nimbus-eth1-mainnet-long-benchmark[4120996]: INF 2026-08-26 18:49:00.536+00:00 Imported blocks                            blockNumber=327681 slot=1 blocks=327680 txs=274904 mgas=7987 bps=15767 tps=17831 mgps=507.2 avgBps=19329 avgTps=16216 avgMGps=471.1 elapsed=16s952ms595us
Aug 26 18:49:01 nimbus-eth1-mainnet-long-benchmark[4120996]: INF 2026-08-26 18:49:01.084+00:00 Imported blocks                            blockNumber=335873 slot=1 blocks=335872 txs=285614 mgas=8287 bps=14870 tps=19441 mgps=545.2 avgBps=19188 avgTps=16317 avgMGps=473.5 elapsed=17s503ms488us
Aug 26 18:49:01 nimbus-eth1-mainnet-long-benchmark[4120996]: INF 2026-08-26 18:49:01.628+00:00 Imported blocks                            blockNumber=344065 slot=1 blocks=344064 txs=296061 mgas=8628 bps=15040 tps=19180 mgps=625.3 avgBps=19063 avgTps=16403 avgMGps=478.1 elapsed=18s48ms152us
Aug 26 18:49:02 nimbus-eth1-mainnet-long-benchmark[4120996]: INF 2026-08-26 18:49:02.220+00:00 Imported blocks                            blockNumber=352257 slot=1 blocks=352256 txs=307932 mgas=8995 bps=13908 tps=20154 mgps=624.4 avgBps=18900 avgTps=16522 avgMGps=482.7 elapsed=18s637ms140us
Aug 26 18:49:02 nimbus-eth1-mainnet-long-benchmark[4120996]: INF 2026-08-26 18:49:02.784+00:00 Imported blocks                            blockNumber=360449 slot=1 blocks=360448 txs=318963 mgas=9296 bps=14447 tps=19454 mgps=531.1 avgBps=18769 avgTps=16609 avgMGps=484.1 elapsed=19s204ms149us
Aug 26 18:49:03 nimbus-eth1-mainnet-long-benchmark[4120996]: INF 2026-08-26 18:49:03.328+00:00 Imported blocks                            blockNumber=368641 slot=1 blocks=368640 txs=329139 mgas=9569 bps=15098 tps=18755 mgps=501.9 avgBps=18668 avgTps=16668 avgMGps=484.6 elapsed=19s746ms711us
Aug 26 18:49:03 nimbus-eth1-mainnet-long-benchmark[4120996]: INF 2026-08-26 18:49:03.916+00:00 Imported blocks                            blockNumber=376833 slot=1 blocks=376832 txs=339438 mgas=9896 bps=13974 tps=17568 mgps=558.3 avgBps=18533 avgTps=16694 avgMGps=486.7 elapsed=20s332ms914us
Aug 26 18:49:04 nimbus-eth1-mainnet-long-benchmark[4120996]: INF 2026-08-26 18:49:04.496+00:00 Imported blocks                            blockNumber=385025 slot=1 blocks=385024 txs=351088 mgas=10224 bps=14126 tps=20089 mgps=566.3 avgBps=18410 avgTps=16788 avgMGps=488.9 elapsed=20s912ms812us
Aug 26 18:49:05 nimbus-eth1-mainnet-long-benchmark[4120996]: INF 2026-08-26 18:49:05.100+00:00 Imported blocks                            blockNumber=393217 slot=1 blocks=393216 txs=362005 mgas=10893 bps=13570 tps=18084 mgps=1107 avgBps=18275 avgTps=16824 avgMGps=506.3 elapsed=21s516ms473us
Aug 26 18:49:05 nimbus-eth1-mainnet-long-benchmark[4120996]: INF 2026-08-26 18:49:05.668+00:00 Imported blocks                            blockNumber=401409 slot=1 blocks=401408 txs=372517 mgas=11264 bps=14376 tps=18447 mgps=651.4 avgBps=18174 avgTps=16866 avgMGps=510.0 elapsed=22s86ms303us
Aug 26 18:49:06 nimbus-eth1-mainnet-long-benchmark[4120996]: INF 2026-08-26 18:49:06.248+00:00 Imported blocks                            blockNumber=409601 slot=1 blocks=409600 txs=383846 mgas=11664 bps=14109 tps=19512 mgps=688.9 avgBps=18070 avgTps=16934 avgMGps=514.6 elapsed=22s666ms910us
Aug 26 18:49:06 nimbus-eth1-mainnet-long-benchmark[4120996]: INF 2026-08-26 18:49:06.784+00:00 Imported blocks                            blockNumber=417793 slot=1 blocks=417792 txs=393528 mgas=11963 bps=15292 tps=18073 mgps=559.1 avgBps=18006 avgTps=16960 avgMGps=515.6 elapsed=23s202ms600us
Aug 26 18:49:07 nimbus-eth1-mainnet-long-benchmark[4120996]: INF 2026-08-26 18:49:07.380+00:00 Imported blocks                            blockNumber=425985 slot=1 blocks=425984 txs=403739 mgas=12342 bps=13767 tps=17160 mgps=636.0 avgBps=17900 avgTps=16965 avgMGps=518.6 elapsed=23s797ms644us
Aug 26 18:49:07 nimbus-eth1-mainnet-long-benchmark[4120996]: INF 2026-08-26 18:49:07.976+00:00 Imported blocks                            blockNumber=434177 slot=1 blocks=434176 txs=413862 mgas=12714 bps=13758 tps=17001 mgps=624.4 avgBps=17799 avgTps=16966 avgMGps=521.2 elapsed=24s393ms46us
Aug 26 18:49:08 nimbus-eth1-mainnet-long-benchmark[4120996]: INF 2026-08-26 18:49:08.520+00:00 Imported blocks                            blockNumber=442369 slot=1 blocks=442368 txs=424064 mgas=13012 bps=15041 tps=18731 mgps=547.7 avgBps=17738 avgTps=17004 avgMGps=521.8 elapsed=24s937ms681us
Aug 26 18:49:09 nimbus-eth1-mainnet-long-benchmark[4120996]: INF 2026-08-26 18:49:09.352+00:00 Imported blocks                            blockNumber=450561 slot=1 blocks=450560 txs=434316 mgas=13500 bps=9844 tps=12320 mgps=586.8 avgBps=17484 avgTps=16853 avgMGps=523.9 elapsed=25s769ms816us
Aug 26 18:49:09 nimbus-eth1-mainnet-long-benchmark[4120996]: INF 2026-08-26 18:49:09.948+00:00 Imported blocks                            blockNumber=458753 slot=1 blocks=458752 txs=445986 mgas=13816 bps=13710 tps=19531 mgps=528.5 avgBps=17398 avgTps=16914 avgMGps=524.0 elapsed=26s367ms299us
Aug 26 18:49:10 nimbus-eth1-mainnet-long-benchmark[4120996]: INF 2026-08-26 18:49:10.564+00:00 Imported blocks                            blockNumber=466945 slot=1 blocks=466944 txs=458378 mgas=14222 bps=13343 tps=20184 mgps=660.7 avgBps=17306 avgTps=16988 avgMGps=527.1 elapsed=26s981ms247us
Aug 26 18:49:11 nimbus-eth1-mainnet-long-benchmark[4120996]: INF 2026-08-26 18:49:11.268+00:00 Imported blocks                            blockNumber=475137 slot=1 blocks=475136 txs=469640 mgas=14656 bps=11587 tps=15929 mgps=614.1 avgBps=17160 avgTps=16961 avgMGps=529.3 elapsed=27s688ms231us
Aug 26 18:49:12 nimbus-eth1-mainnet-long-benchmark[4120996]: INF 2026-08-26 18:49:12.084+00:00 Imported blocks                            blockNumber=483329 slot=1 blocks=483328 txs=481525 mgas=15092 bps=10052 tps=14584 mgps=535.6 avgBps=16957 avgTps=16893 avgMGps=529.5 elapsed=28s503ms117us
Aug 26 18:49:12 nimbus-eth1-mainnet-long-benchmark[4120996]: INF 2026-08-26 18:49:12.760+00:00 Imported blocks                            blockNumber=491521 slot=1 blocks=491520 txs=492921 mgas=15417 bps=12155 tps=16910 mgps=481.2 avgBps=16846 avgTps=16894 avgMGps=528.4 elapsed=29s177ms29us
Aug 26 18:49:13 nimbus-eth1-mainnet-long-benchmark[4120996]: INF 2026-08-26 18:49:13.336+00:00 Imported blocks                            blockNumber=499713 slot=1 blocks=499712 txs=504311 mgas=15733 bps=14184 tps=19721 mgps=547.3 avgBps=16794 avgTps=16949 avgMGps=528.8 elapsed=29s754ms579us
Aug 26 18:49:14 nimbus-eth1-mainnet-long-benchmark[4120996]: INF 2026-08-26 18:49:14.264+00:00 Imported blocks                            blockNumber=507905 slot=1 blocks=507904 txs=524145 mgas=16719 bps=8829 tps=21378 mgps=1063 avgBps=16553 avgTps=17082 avgMGps=544.9 elapsed=30s682ms354us
Aug 26 18:49:14 nimbus-eth1-mainnet-long-benchmark[4120996]: INF 2026-08-26 18:49:14.952+00:00 Imported blocks                            blockNumber=516097 slot=1 blocks=516096 txs=538663 mgas=17256 bps=11872 tps=21041 mgps=778.4 avgBps=16450 avgTps=17170 avgMGps=550.1 elapsed=31s372ms325us
Aug 26 18:49:15 nimbus-eth1-mainnet-long-benchmark[4120996]: INF 2026-08-26 18:49:15.732+00:00 Imported blocks                            blockNumber=524289 slot=1 blocks=524288 txs=553027 mgas=17820 bps=10502 tps=18415 mgps=722.1 avgBps=16306 avgTps=17200 avgMGps=554.2 elapsed=32s152ms303us
Aug 26 18:49:16 nimbus-eth1-mainnet-long-benchmark[4120996]: INF 2026-08-26 18:49:16.556+00:00 Imported blocks                            blockNumber=532481 slot=1 blocks=532480 txs=568055 mgas=18461 bps=9987 tps=18321 mgps=782.3 avgBps=16149 avgTps=17228 avgMGps=559.9 elapsed=32s972ms541us
Aug 26 18:49:17 nimbus-eth1-mainnet-long-benchmark[4120996]: INF 2026-08-26 18:49:17.316+00:00 Imported blocks                            blockNumber=540673 slot=1 blocks=540672 txs=579680 mgas=18995 bps=10779 tps=15297 mgps=702.1 avgBps=16028 avgTps=17184 avgMGps=563.1 elapsed=33s732ms489us
Aug 26 18:49:17 nimbus-eth1-mainnet-long-benchmark[4120996]: INF 2026-08-26 18:49:17.908+00:00 Imported blocks                            blockNumber=548865 slot=1 blocks=548864 txs=592014 mgas=19347 bps=13820 tps=20808 mgps=594.8 avgBps=15990 avgTps=17247 avgMGps=563.7 elapsed=34s325ms231us
Aug 26 18:49:18 nimbus-eth1-mainnet-long-benchmark[4120996]: INF 2026-08-26 18:49:18.468+00:00 Imported blocks                            blockNumber=557057 slot=1 blocks=557056 txs=603593 mgas=19634 bps=14589 tps=20620 mgps=509.7 avgBps=15967 avgTps=17301 avgMGps=562.8 elapsed=34s886ms748us
Aug 26 18:49:19 nimbus-eth1-mainnet-long-benchmark[4120996]: INF 2026-08-26 18:49:19.092+00:00 Imported blocks                            blockNumber=565249 slot=1 blocks=565248 txs=616136 mgas=20021 bps=13123 tps=20093 mgps=620.1 avgBps=15917 avgTps=17350 avgMGps=563.8 elapsed=35s510ms979us
Aug 26 18:49:19 nimbus-eth1-mainnet-long-benchmark[4120996]: INF 2026-08-26 18:49:19.732+00:00 Imported blocks                            blockNumber=573441 slot=1 blocks=573440 txs=627898 mgas=20399 bps=12844 tps=18441 mgps=592.5 avgBps=15863 avgTps=17369 avgMGps=564.3 elapsed=36s148ms781us
Aug 26 18:49:20 nimbus-eth1-mainnet-long-benchmark[4120996]: INF 2026-08-26 18:49:20.316+00:00 Imported blocks                            blockNumber=581633 slot=1 blocks=581632 txs=639787 mgas=20728 bps=13944 tps=20238 mgps=560.5 avgBps=15832 avgTps=17415 avgMGps=564.2 elapsed=36s736ms233us
Aug 26 18:49:20 nimbus-eth1-mainnet-long-benchmark[4120996]: INF 2026-08-26 18:49:20.956+00:00 Imported blocks                            blockNumber=589825 slot=1 blocks=589824 txs=652189 mgas=21085 bps=12801 tps=19379 mgps=557.5 avgBps=15780 avgTps=17449 avgMGps=564.1 elapsed=37s376ms178us
Aug 26 18:49:21 nimbus-eth1-mainnet-long-benchmark[4120996]: INF 2026-08-26 18:49:21.556+00:00 Imported blocks                            blockNumber=598017 slot=1 blocks=598016 txs=663743 mgas=21446 bps=13735 tps=19373 mgps=606.4 avgBps=15748 avgTps=17479 avgMGps=564.8 elapsed=37s972ms575us
Aug 26 18:49:22 nimbus-eth1-mainnet-long-benchmark[4120996]: INF 2026-08-26 18:49:22.124+00:00 Imported blocks                            blockNumber=606209 slot=1 blocks=606208 txs=675209 mgas=21733 bps=14339 tps=20069 mgps=502.0 avgBps=15727 avgTps=17517 avgMGps=563.9 elapsed=38s543ms876us
Aug 26 18:49:22 nimbus-eth1-mainnet-long-benchmark[4120996]: INF 2026-08-26 18:49:22.940+00:00 Imported blocks                            blockNumber=614401 slot=1 blocks=614400 txs=686564 mgas=22117 bps=10049 tps=13930 mgps=470.7 avgBps=15610 avgTps=17443 avgMGps=561.9 elapsed=39s359ms16us
Aug 26 18:49:23 nimbus-eth1-mainnet-long-benchmark[4120996]: INF 2026-08-26 18:49:23.580+00:00 Imported blocks                            blockNumber=622593 slot=1 blocks=622592 txs=699507 mgas=22604 bps=12825 tps=20263 mgps=762.8 avgBps=15565 avgTps=17488 avgMGps=565.1 elapsed=39s997ms751us
Aug 26 18:49:24 nimbus-eth1-mainnet-long-benchmark[4120996]: INF 2026-08-26 18:49:24.148+00:00 Imported blocks                            blockNumber=630785 slot=1 blocks=630784 txs=710467 mgas=22974 bps=14412 tps=19282 mgps=650.8 avgBps=15549 avgTps=17513 avgMGps=566.3 elapsed=40s566ms141us
Aug 26 18:49:24 nimbus-eth1-mainnet-long-benchmark[4120996]: INF 2026-08-26 18:49:24.712+00:00 Imported blocks                            blockNumber=638977 slot=1 blocks=638976 txs=721076 mgas=23279 bps=14470 tps=18739 mgps=537.9 avgBps=15534 avgTps=17530 avgMGps=566.0 elapsed=41s132ms258us
Aug 26 18:49:25 nimbus-eth1-mainnet-long-benchmark[4120996]: INF 2026-08-26 18:49:25.304+00:00 Imported blocks                            blockNumber=647169 slot=1 blocks=647168 txs=732967 mgas=23679 bps=13875 tps=20140 mgps=679.0 avgBps=15511 avgTps=17567 avgMGps=567.6 elapsed=41s722ms667us
Aug 26 18:49:25 nimbus-eth1-mainnet-long-benchmark[4120996]: INF 2026-08-26 18:49:25.896+00:00 Imported blocks                            blockNumber=655361 slot=1 blocks=655360 txs=746331 mgas=24102 bps=13854 tps=22600 mgps=714.8 avgBps=15488 avgTps=17637 avgMGps=569.6 elapsed=42s313ms975us
Aug 26 18:49:26 nimbus-eth1-mainnet-long-benchmark[4120996]: INF 2026-08-26 18:49:26.472+00:00 Imported blocks                            blockNumber=663553 slot=1 blocks=663552 txs=757564 mgas=24394 bps=14210 tps=19486 mgps=506.5 avgBps=15470 avgTps=17662 avgMGps=568.8 elapsed=42s890ms439us
Aug 26 18:49:27 nimbus-eth1-mainnet-long-benchmark[4120996]: INF 2026-08-26 18:49:27.056+00:00 Imported blocks                            blockNumber=671745 slot=1 blocks=671744 txs=768871 mgas=24700 bps=14059 tps=19406 mgps=525.7 avgBps=15451 avgTps=17686 avgMGps=568.2 elapsed=43s473ms94us
Aug 26 18:49:27 nimbus-eth1-mainnet-long-benchmark[4120996]: INF 2026-08-26 18:49:27.792+00:00 Imported blocks                            blockNumber=679937 slot=1 blocks=679936 txs=782589 mgas=25181 bps=11127 tps=18633 mgps=652.3 avgBps=15379 avgTps=17701 avgMGps=569.6 elapsed=44s209ms299us
Aug 26 18:49:28 nimbus-eth1-mainnet-long-benchmark[4120996]: INF 2026-08-26 18:49:28.516+00:00 Imported blocks                            blockNumber=688129 slot=1 blocks=688128 txs=794690 mgas=25714 bps=11293 tps=16682 mgps=735.3 avgBps=15313 avgTps=17685 avgMGps=572.3 elapsed=44s934ms663us
Aug 26 18:49:30 nimbus-eth1-mainnet-long-benchmark[4120996]: INF 2026-08-26 18:49:30.892+00:00 Imported blocks                            blockNumber=696321 slot=1 blocks=696320 txs=819387 mgas=28152 bps=3447 tps=10393 mgps=1025 avgBps=14717 avgTps=17319 avgMGps=595.1 elapsed=47s310ms888us
Aug 26 18:49:32 nimbus-eth1-mainnet-long-benchmark[4120996]: INF 2026-08-26 18:49:32.588+00:00 Imported blocks                            blockNumber=704513 slot=1 blocks=704512 txs=843665 mgas=30035 bps=4828 tps=14309 mgps=1109 avgBps=14375 avgTps=17215 avgMGps=612.9 elapsed=49s7ms515us
Aug 26 18:49:33 nimbus-eth1-mainnet-long-benchmark[4120996]: INF 2026-08-26 18:49:33.832+00:00 Imported blocks                            blockNumber=712705 slot=1 blocks=712704 txs=859579 mgas=31088 bps=6588 tps=12798 mgps=847.3 avgBps=14182 avgTps=17105 avgMGps=618.7 elapsed=50s250ms935us
Aug 26 18:49:34 nimbus-eth1-mainnet-long-benchmark[4120996]: INF 2026-08-26 18:49:34.924+00:00 Imported blocks                            blockNumber=720897 slot=1 blocks=720896 txs=874433 mgas=31973 bps=7503 tps=13605 mgps=810.6 avgBps=14040 avgTps=17031 avgMGps=622.8 elapsed=51s342ms735us
Aug 26 18:49:36 nimbus-eth1-mainnet-long-benchmark[4120996]: INF 2026-08-26 18:49:36.172+00:00 Imported blocks                            blockNumber=729089 slot=1 blocks=729088 txs=892466 mgas=33077 bps=6557 tps=14434 mgps=883.2 avgBps=13863 avgTps=16969 avgMGps=628.9 elapsed=52s592ms20us
Aug 26 18:49:38 nimbus-eth1-mainnet-long-benchmark[4120996]: INF 2026-08-26 18:49:38.568+00:00 Imported blocks                            blockNumber=737281 slot=1 blocks=737280 txs=932100 mgas=35490 bps=3423 tps=16561 mgps=1008 avgBps=13408 avgTps=16951 avgMGps=645.5 elapsed=54s985ms97us
Aug 26 18:49:39 nimbus-eth1-mainnet-long-benchmark[4120996]: INF 2026-08-26 18:49:39.996+00:00 Imported blocks                            blockNumber=745473 slot=1 blocks=745472 txs=952352 mgas=36696 bps=5737 tps=14185 mgps=844.5 avgBps=13214 avgTps=16881 avgMGps=650.5 elapsed=56s412ms795us
Aug 26 18:49:41 nimbus-eth1-mainnet-long-benchmark[4120996]: INF 2026-08-26 18:49:41.260+00:00 Imported blocks                            blockNumber=753665 slot=1 blocks=753664 txs=969001 mgas=37610 bps=6462 tps=13134 mgps=721.4 avgBps=13066 avgTps=16799 avgMGps=652.1 elapsed=57s680ms341us
Aug 26 18:49:43 nimbus-eth1-mainnet-long-benchmark[4120996]: INF 2026-08-26 18:49:43.196+00:00 Imported blocks                            blockNumber=761857 slot=1 blocks=761856 txs=998451 mgas=39312 bps=4239 tps=15241 mgps=880.9 avgBps=12780 avgTps=16749 avgMGps=659.5 elapsed=59s612ms560us
Aug 26 18:49:44 nimbus-eth1-mainnet-long-benchmark[4120996]: INF 2026-08-26 18:49:44.788+00:00 Imported blocks                            blockNumber=770049 slot=1 blocks=770048 txs=1018377 mgas=40461 bps=5142 tps=12508 mgps=721.3 avgBps=12581 avgTps=16638 avgMGps=661.1 elapsed=1m1s205ms
Aug 26 18:49:46 nimbus-eth1-mainnet-long-benchmark[4120996]: INF 2026-08-26 18:49:46.572+00:00 Imported blocks                            blockNumber=778241 slot=1 blocks=778240 txs=1045962 mgas=42007 bps=4587 tps=15445 mgps=865.8 avgBps=12354 avgTps=16604 avgMGps=666.9 elapsed=1m2s991ms
Aug 26 18:49:47 nimbus-eth1-mainnet-long-benchmark[4120996]: INF 2026-08-26 18:49:47.500+00:00 Imported blocks                            blockNumber=786433 slot=1 blocks=786432 txs=1059766 mgas=42520 bps=8852 tps=14917 mgps=554.3 avgBps=12303 avgTps=16580 avgMGps=665.3 elapsed=1m3s916ms
Aug 26 18:49:48 nimbus-eth1-mainnet-long-benchmark[4120996]: INF 2026-08-26 18:49:48.507+00:00 Imported blocks                            blockNumber=794625 slot=1 blocks=794624 txs=1074004 mgas=43076 bps=8120 tps=14114 mgps=550.5 avgBps=12238 avgTps=16542 avgMGps=663.5 elapsed=1m4s925ms
Aug 26 18:49:49 nimbus-eth1-mainnet-long-benchmark[4120996]: INF 2026-08-26 18:49:49.931+00:00 Imported blocks                            blockNumber=802817 slot=1 blocks=802816 txs=1094940 mgas=44150 bps=5767 tps=14740 mgps=756.4 avgBps=12100 avgTps=16503 avgMGps=665.5 elapsed=1m6s345ms
Aug 26 18:49:52 nimbus-eth1-mainnet-long-benchmark[4120996]: INF 2026-08-26 18:49:52.211+00:00 Imported blocks                            blockNumber=811009 slot=1 blocks=811008 txs=1128040 mgas=46425 bps=3586 tps=14492 mgps=995.9 avgBps=11817 avgTps=16436 avgMGps=676.5 elapsed=1m8s629ms
Aug 26 18:49:53 nimbus-eth1-mainnet-long-benchmark[4120996]: INF 2026-08-26 18:49:53.627+00:00 Imported blocks                            blockNumber=819201 slot=1 blocks=819200 txs=1149098 mgas=47499 bps=5782 tps=14864 mgps=758.7 avgBps=11695 avgTps=16404 avgMGps=678.1 elapsed=1m10s46ms
Aug 26 18:49:54 nimbus-eth1-mainnet-long-benchmark[4120996]: INF 2026-08-26 18:49:54.935+00:00 Imported blocks                            blockNumber=827393 slot=1 blocks=827392 txs=1167043 mgas=48568 bps=6254 tps=13700 mgps=815.9 avgBps=11595 avgTps=16355 avgMGps=680.6 elapsed=1m11s356ms
Aug 26 18:49:56 nimbus-eth1-mainnet-long-benchmark[4120996]: INF 2026-08-26 18:49:56.035+00:00 Imported blocks                            blockNumber=835585 slot=1 blocks=835584 txs=1184008 mgas=49259 bps=7447 tps=15422 mgps=628.5 avgBps=11532 avgTps=16340 avgMGps=679.9 elapsed=1m12s456ms
Aug 26 18:49:57 nimbus-eth1-mainnet-long-benchmark[4120996]: INF 2026-08-26 18:49:57.587+00:00 Imported blocks                            blockNumber=843777 slot=1 blocks=843776 txs=1208787 mgas=50578 bps=5282 tps=15979 mgps=850.3 avgBps=11401 avgTps=16333 avgMGps=683.4 elapsed=1m14s7ms
Aug 26 18:49:58 nimbus-eth1-mainnet-long-benchmark[4120996]: INF 2026-08-26 18:49:58.747+00:00 Imported blocks                            blockNumber=851969 slot=1 blocks=851968 txs=1226124 mgas=51376 bps=7061 tps=14944 mgps=687.4 avgBps=11334 avgTps=16311 avgMGps=683.5 elapsed=1m15s167ms
Aug 26 18:49:59 nimbus-eth1-mainnet-long-benchmark[4120996]: INF 2026-08-26 18:49:59.599+00:00 Imported blocks                            blockNumber=860161 slot=1 blocks=860160 txs=1242345 mgas=52029 bps=9609 tps=19028 mgps=766.1 avgBps=11314 avgTps=16342 avgMGps=684.4 elapsed=1m16s19ms
Aug 26 18:50:00 nimbus-eth1-mainnet-long-benchmark[4120996]: INF 2026-08-26 18:50:00.443+00:00 Imported blocks                            blockNumber=868353 slot=1 blocks=868352 txs=1259759 mgas=52696 bps=9742 tps=20708 mgps=794.1 avgBps=11297 avgTps=16390 avgMGps=685.6 elapsed=1m16s860ms
Aug 26 18:50:01 nimbus-eth1-mainnet-long-benchmark[4120996]: INF 2026-08-26 18:50:01.443+00:00 Imported blocks                            blockNumber=876545 slot=1 blocks=876544 txs=1280633 mgas=53694 bps=8172 tps=20825 mgps=994.9 avgBps=11257 avgTps=16447 avgMGps=689.6 elapsed=1m17s862ms
Aug 26 18:50:02 nimbus-eth1-mainnet-long-benchmark[4120996]: INF 2026-08-26 18:50:02.279+00:00 Imported blocks                            blockNumber=884737 slot=1 blocks=884736 txs=1299189 mgas=54296 bps=9787 tps=22169 mgps=720.3 avgBps=11241 avgTps=16508 avgMGps=689.9 elapsed=1m18s699ms
Aug 26 18:50:03 nimbus-eth1-mainnet-long-benchmark[4120996]: INF 2026-08-26 18:50:03.219+00:00 Imported blocks                            blockNumber=892929 slot=1 blocks=892928 txs=1319377 mgas=55043 bps=8735 tps=21528 mgps=796.1 avgBps=11212 avgTps=16567 avgMGps=691.2 elapsed=1m19s637ms
Aug 26 18:50:04 nimbus-eth1-mainnet-long-benchmark[4120996]: INF 2026-08-26 18:50:04.127+00:00 Imported blocks                            blockNumber=901121 slot=1 blocks=901120 txs=1340105 mgas=55749 bps=9013 tps=22805 mgps=776.5 avgBps=11187 avgTps=16637 avgMGps=692.1 elapsed=1m20s546ms
Aug 26 18:50:05 nimbus-eth1-mainnet-long-benchmark[4120996]: INF 2026-08-26 18:50:05.371+00:00 Imported blocks                            blockNumber=909313 slot=1 blocks=909312 txs=1368963 mgas=56961 bps=6585 tps=23197 mgps=974.5 avgBps=11117 avgTps=16737 avgMGps=696.4 elapsed=1m21s790ms
Aug 26 18:50:06 nimbus-eth1-mainnet-long-benchmark[4120996]: INF 2026-08-26 18:50:06.799+00:00 Imported blocks                            blockNumber=917505 slot=1 blocks=917504 txs=1398413 mgas=58411 bps=5741 tps=20642 mgps=1016 avgBps=11025 avgTps=16804 avgMGps=701.9 elapsed=1m23s217ms
Aug 26 18:50:08 nimbus-eth1-mainnet-long-benchmark[4120996]: INF 2026-08-26 18:50:08.059+00:00 Imported blocks                            blockNumber=925697 slot=1 blocks=925696 txs=1424269 mgas=59481 bps=6490 tps=20484 mgps=847.8 avgBps=10957 avgTps=16859 avgMGps=704.1 elapsed=1m24s479ms
Aug 26 18:50:09 nimbus-eth1-mainnet-long-benchmark[4120996]: INF 2026-08-26 18:50:09.159+00:00 Imported blocks                            blockNumber=933889 slot=1 blocks=933888 txs=1448025 mgas=60401 bps=7466 tps=21652 mgps=838.5 avgBps=10912 avgTps=16920 avgMGps=705.8 elapsed=1m25s576ms
Aug 26 18:50:10 nimbus-eth1-mainnet-long-benchmark[4120996]: INF 2026-08-26 18:50:10.127+00:00 Imported blocks                            blockNumber=942081 slot=1 blocks=942080 txs=1472415 mgas=61182 bps=8438 tps=25125 mgps=804.3 avgBps=10885 avgTps=17012 avgMGps=706.9 elapsed=1m26s547ms
Aug 26 18:50:11 nimbus-eth1-mainnet-long-benchmark[4120996]: INF 2026-08-26 18:50:11.079+00:00 Imported blocks                            blockNumber=950273 slot=1 blocks=950272 txs=1494733 mgas=61907 bps=8606 tps=23446 mgps=761.4 avgBps=10860 avgTps=17082 avgMGps=707.5 elapsed=1m27s499ms
Aug 26 18:50:12 nimbus-eth1-mainnet-long-benchmark[4120996]: INF 2026-08-26 18:50:12.087+00:00 Imported blocks                            blockNumber=958465 slot=1 blocks=958464 txs=1518589 mgas=62731 bps=8144 tps=23716 mgps=819.1 avgBps=10829 avgTps=17158 avgMGps=708.8 elapsed=1m28s505ms
Aug 26 18:50:13 nimbus-eth1-mainnet-long-benchmark[4120996]: INF 2026-08-26 18:50:13.703+00:00 Imported blocks                            blockNumber=966657 slot=1 blocks=966656 txs=1558557 mgas=64518 bps=5080 tps=24787 mgps=1108 avgBps=10726 avgTps=17294 avgMGps=715.9 elapsed=1m30s117ms
Aug 26 18:50:14 nimbus-eth1-mainnet-long-benchmark[4120996]: INF 2026-08-26 18:50:14.703+00:00 Imported blocks                            blockNumber=974849 slot=1 blocks=974848 txs=1583432 mgas=65302 bps=8144 tps=24731 mgps=778.8 avgBps=10698 avgTps=17376 avgMGps=716.6 elapsed=1m31s123ms
Aug 26 18:50:15 nimbus-eth1-mainnet-long-benchmark[4120996]: INF 2026-08-26 18:50:15.691+00:00 Imported blocks                            blockNumber=983041 slot=1 blocks=983040 txs=1608991 mgas=66060 bps=8298 tps=25892 mgps=768.0 avgBps=10672 avgTps=17468 avgMGps=717.2 elapsed=1m32s110ms
Aug 26 18:50:16 nimbus-eth1-mainnet-long-benchmark[4120996]: INF 2026-08-26 18:50:16.803+00:00 Imported blocks                            blockNumber=991233 slot=1 blocks=991232 txs=1641760 mgas=67056 bps=7374 tps=29498 mgps=896.9 avgBps=10633 avgTps=17611 avgMGps=719.3 elapsed=1m33s221ms
Aug 26 18:50:17 nimbus-eth1-mainnet-long-benchmark[4120996]: INF 2026-08-26 18:50:17.915+00:00 Imported blocks                            blockNumber=999425 slot=1 blocks=999424 txs=1671013 mgas=68012 bps=7354 tps=26261 mgps=857.8 avgBps=10594 avgTps=17713 avgMGps=721.0 elapsed=1m34s335ms
Aug 26 18:50:18 nimbus-eth1-mainnet-long-benchmark[4120996]: INF 2026-08-26 18:50:18.967+00:00 Imported blocks                            blockNumber=1007617 slot=1 blocks=1007616 txs=1699792 mgas=68886 bps=7778 tps=27326 mgps=830.5 avgBps=10563 avgTps=17819 avgMGps=722.2 elapsed=1m35s388ms
Aug 26 18:50:20 nimbus-eth1-mainnet-long-benchmark[4120996]: INF 2026-08-26 18:50:20.051+00:00 Imported blocks                            blockNumber=1015809 slot=1 blocks=1015808 txs=1728432 mgas=69831 bps=7606 tps=26591 mgps=876.7 avgBps=10530 avgTps=17917 avgMGps=723.9 elapsed=1m36s465ms
Aug 26 18:50:21 nimbus-eth1-mainnet-long-benchmark[4120996]: INF 2026-08-26 18:50:21.227+00:00 Imported blocks                            blockNumber=1024001 slot=1 blocks=1024000 txs=1759024 mgas=70908 bps=6931 tps=25885 mgps=911.3 avgBps=10486 avgTps=18014 avgMGps=726.2 elapsed=1m37s647ms
Aug 26 18:50:22 nimbus-eth1-mainnet-long-benchmark[4120996]: INF 2026-08-26 18:50:22.335+00:00 Imported blocks                            blockNumber=1032193 slot=1 blocks=1032192 txs=1789591 mgas=71933 bps=7419 tps=27682 mgps=928.9 avgBps=10452 avgTps=18122 avgMGps=728.4 elapsed=1m38s751ms
Aug 26 18:50:23 nimbus-eth1-mainnet-long-benchmark[4120996]: INF 2026-08-26 18:50:23.359+00:00 Imported blocks                            blockNumber=1040385 slot=1 blocks=1040384 txs=1816352 mgas=72718 bps=7990 tps=26101 mgps=765.2 avgBps=10427 avgTps=18204 avgMGps=728.8 elapsed=1m39s776ms
Aug 26 18:50:24 nimbus-eth1-mainnet-long-benchmark[4120996]: INF 2026-08-26 18:50:24.499+00:00 Imported blocks                            blockNumber=1048577 slot=1 blocks=1048576 txs=1845167 mgas=74594 bps=7189 tps=25290 mgps=1646 avgBps=10390 avgTps=18284 avgMGps=739.2 elapsed=1m40s916ms
Aug 26 18:50:25 nimbus-eth1-mainnet-long-benchmark[4120996]: INF 2026-08-26 18:50:25.591+00:00 Imported blocks                            blockNumber=1056769 slot=1 blocks=1056768 txs=1876795 mgas=75843 bps=7508 tps=28989 mgps=1144 avgBps=10359 avgTps=18398 avgMGps=743.5 elapsed=1m42s7ms
Aug 26 18:50:26 nimbus-eth1-mainnet-long-benchmark[4120996]: INF 2026-08-26 18:50:26.831+00:00 Imported blocks                            blockNumber=1064961 slot=1 blocks=1064960 txs=1909553 mgas=77145 bps=6614 tps=26450 mgps=1051 avgBps=10314 avgTps=18495 avgMGps=747.2 elapsed=1m43s245ms
Aug 26 18:50:27 nimbus-eth1-mainnet-long-benchmark[4120996]: INF 2026-08-26 18:50:27.875+00:00 Imported blocks                            blockNumber=1073153 slot=1 blocks=1073152 txs=1940514 mgas=78003 bps=7835 tps=29614 mgps=820.2 avgBps=10289 avgTps=18606 avgMGps=747.9 elapsed=1m44s290ms
Aug 26 18:50:28 nimbus-eth1-mainnet-long-benchmark[4120996]: INF 2026-08-26 18:50:28.979+00:00 Imported blocks                            blockNumber=1081345 slot=1 blocks=1081344 txs=1974016 mgas=78952 bps=7428 tps=30381 mgps=861.1 avgBps=10260 avgTps=18729 avgMGps=749.1 elapsed=1m45s393ms
Aug 26 18:50:30 nimbus-eth1-mainnet-long-benchmark[4120996]: INF 2026-08-26 18:50:30.167+00:00 Imported blocks                            blockNumber=1089537 slot=1 blocks=1089536 txs=2011137 mgas=79948 bps=6895 tps=31244 mgps=837.9 avgBps=10222 avgTps=18869 avgMGps=750.1 elapsed=1m46s581ms
Aug 26 18:50:31 nimbus-eth1-mainnet-long-benchmark[4120996]: INF 2026-08-26 18:50:31.383+00:00 Imported blocks                            blockNumber=1097729 slot=1 blocks=1097728 txs=2051252 mgas=81029 bps=6740 tps=33005 mgps=889.9 avgBps=10183 avgTps=19028 avgMGps=751.7 elapsed=1m47s797ms
Aug 26 18:50:32 nimbus-eth1-mainnet-long-benchmark[4120996]: INF 2026-08-26 18:50:32.683+00:00 Imported blocks                            blockNumber=1105921 slot=1 blocks=1105920 txs=2094052 mgas=82283 bps=6300 tps=32915 mgps=964.2 avgBps=10136 avgTps=19194 avgMGps=754.2 elapsed=1m49s97ms
Aug 26 18:50:33 nimbus-eth1-mainnet-long-benchmark[4120996]: INF 2026-08-26 18:50:33.919+00:00 Imported blocks                            blockNumber=1114113 slot=1 blocks=1114112 txs=2135719 mgas=83519 bps=6624 tps=33695 mgps=999.1 avgBps=10097 avgTps=19356 avgMGps=757.0 elapsed=1m50s334ms
Aug 26 18:50:35 nimbus-eth1-mainnet-long-benchmark[4120996]: INF 2026-08-26 18:50:35.115+00:00 Imported blocks                            blockNumber=1122305 slot=1 blocks=1122304 txs=2174597 mgas=84660 bps=6847 tps=32495 mgps=954.1 avgBps=10062 avgTps=19497 avgMGps=759.1 elapsed=1m51s530ms
Aug 26 18:50:36 nimbus-eth1-mainnet-long-benchmark[4120996]: INF 2026-08-26 18:50:36.299+00:00 Imported blocks                            blockNumber=1130497 slot=1 blocks=1130496 txs=2216135 mgas=85863 bps=6917 tps=35077 mgps=1015 avgBps=10029 avgTps=19661 avgMGps=761.8 elapsed=1m52s714ms
Aug 26 18:50:37 nimbus-eth1-mainnet-long-benchmark[4120996]: INF 2026-08-26 18:50:37.463+00:00 Imported blocks                            blockNumber=1138689 slot=1 blocks=1138688 txs=2256039 mgas=86965 bps=7042 tps=34302 mgps=947.0 avgBps=9999 avgTps=19811 avgMGps=763.7 elapsed=1m53s877ms
Aug 26 18:50:38 nimbus-eth1-mainnet-long-benchmark[4120996]: INF 2026-08-26 18:50:38.727+00:00 Imported blocks                            blockNumber=1146881 slot=1 blocks=1146880 txs=2300260 mgas=88305 bps=6487 tps=35018 mgps=1061 avgBps=9960 avgTps=19977 avgMGps=766.9 elapsed=1m55s140ms
Aug 26 18:50:40 nimbus-eth1-mainnet-long-benchmark[4120996]: INF 2026-08-26 18:50:39.999+00:00 Imported blocks                            blockNumber=1155073 slot=1 blocks=1155072 txs=2343788 mgas=89688 bps=6425 tps=34139 mgps=1085 avgBps=9921 avgTps=20132 avgMGps=770.4 elapsed=1m56s415ms
Aug 26 18:50:41 nimbus-eth1-mainnet-long-benchmark[4120996]: INF 2026-08-26 18:50:41.147+00:00 Imported blocks                            blockNumber=1163265 slot=1 blocks=1163264 txs=2381940 mgas=90935 bps=7141 tps=33260 mgps=1086 avgBps=9894 avgTps=20261 avgMGps=773.5 elapsed=1m57s562ms
Aug 26 18:50:42 nimbus-eth1-mainnet-long-benchmark[4120996]: INF 2026-08-26 18:50:42.463+00:00 Imported blocks                            blockNumber=1171457 slot=1 blocks=1171456 txs=2426884 mgas=92310 bps=6232 tps=34191 mgps=1045 avgBps=9854 avgTps=20415 avgMGps=776.5 elapsed=1m58s877ms
Aug 26 18:50:43 nimbus-eth1-mainnet-long-benchmark[4120996]: INF 2026-08-26 18:50:43.843+00:00 Imported blocks                            blockNumber=1179649 slot=1 blocks=1179648 txs=2473126 mgas=93885 bps=5930 tps=33477 mgps=1139 avgBps=9809 avgTps=20565 avgMGps=780.7 elapsed=2m258ms485us
Aug 26 18:50:45 nimbus-eth1-mainnet-long-benchmark[4120996]: INF 2026-08-26 18:50:45.175+00:00 Imported blocks                            blockNumber=1187841 slot=1 blocks=1187840 txs=2517649 mgas=95408 bps=6156 tps=33461 mgps=1144 avgBps=9769 avgTps=20706 avgMGps=784.7 elapsed=2m1s589ms
Aug 26 18:50:46 nimbus-eth1-mainnet-long-benchmark[4120996]: INF 2026-08-26 18:50:46.651+00:00 Imported blocks                            blockNumber=1196033 slot=1 blocks=1196032 txs=2561243 mgas=96937 bps=5544 tps=29503 mgps=1035 avgBps=9718 avgTps=20811 avgMGps=787.7 elapsed=2m3s66ms
Aug 26 18:50:48 nimbus-eth1-mainnet-long-benchmark[4120996]: INF 2026-08-26 18:50:48.007+00:00 Imported blocks                            blockNumber=1204225 slot=1 blocks=1204224 txs=2602502 mgas=98390 bps=6042 tps=30432 mgps=1071 avgBps=9678 avgTps=20916 avgMGps=790.8 elapsed=2m4s422ms
Aug 26 18:50:49 nimbus-eth1-mainnet-long-benchmark[4120996]: INF 2026-08-26 18:50:49.926+00:00 Imported blocks                            blockNumber=1212417 slot=1 blocks=1212416 txs=2655425 mgas=100693 bps=4266 tps=27559 mgps=1199 avgBps=9596 avgTps=21017 avgMGps=797.0 elapsed=2m6s342ms
Aug 26 18:50:51 nimbus-eth1-mainnet-long-benchmark[4120996]: INF 2026-08-26 18:50:51.362+00:00 Imported blocks                            blockNumber=1220609 slot=1 blocks=1220608 txs=2702130 mgas=102256 bps=5701 tps=32507 mgps=1088 avgBps=9552 avgTps=21146 avgMGps=800.3 elapsed=2m7s779ms
Aug 26 18:50:52 nimbus-eth1-mainnet-long-benchmark[4120996]: INF 2026-08-26 18:50:52.906+00:00 Imported blocks                            blockNumber=1228801 slot=1 blocks=1228800 txs=2748253 mgas=103771 bps=5309 tps=29892 mgps=981.4 avgBps=9501 avgTps=21251 avgMGps=802.4 elapsed=2m9s322ms
Aug 26 18:50:54 nimbus-eth1-mainnet-long-benchmark[4120996]: INF 2026-08-26 18:50:54.386+00:00 Imported blocks                            blockNumber=1236993 slot=1 blocks=1236992 txs=2791299 mgas=105229 bps=5529 tps=29053 mgps=984.4 avgBps=9456 avgTps=21339 avgMGps=804.5 elapsed=2m10s804ms
Aug 26 18:50:55 nimbus-eth1-mainnet-long-benchmark[4120996]: INF 2026-08-26 18:50:55.898+00:00 Imported blocks                            blockNumber=1245185 slot=1 blocks=1245184 txs=2840798 mgas=106888 bps=5418 tps=32742 mgps=1097 avgBps=9410 avgTps=21469 avgMGps=807.8 elapsed=2m12s315ms
Aug 26 18:50:57 nimbus-eth1-mainnet-long-benchmark[4120996]: INF 2026-08-26 18:50:57.182+00:00 Imported blocks                            blockNumber=1253377 slot=1 blocks=1253376 txs=2887052 mgas=108404 bps=6378 tps=36012 mgps=1180 avgBps=9381 avgTps=21609 avgMGps=811.4 elapsed=2m13s600ms
Aug 26 18:50:58 nimbus-eth1-mainnet-long-benchmark[4120996]: INF 2026-08-26 18:50:58.626+00:00 Imported blocks                            blockNumber=1261569 slot=1 blocks=1261568 txs=2929370 mgas=109732 bps=5683 tps=29357 mgps=921.4 avgBps=9342 avgTps=21692 avgMGps=812.6 elapsed=2m15s41ms
Aug 26 18:50:59 nimbus-eth1-mainnet-long-benchmark[4120996]: INF 2026-08-26 18:50:59.822+00:00 Imported blocks                            blockNumber=1269761 slot=1 blocks=1269760 txs=2969391 mgas=110811 bps=6855 tps=33490 mgps=902.3 avgBps=9320 avgTps=21795 avgMGps=813.4 elapsed=2m16s236ms
Aug 26 18:51:01 nimbus-eth1-mainnet-long-benchmark[4120996]: INF 2026-08-26 18:51:01.314+00:00 Imported blocks                            blockNumber=1277953 slot=1 blocks=1277952 txs=3015756 mgas=112246 bps=5476 tps=30998 mgps=959.4 avgBps=9278 avgTps=21895 avgMGps=815.0 elapsed=2m17s732ms
Aug 26 18:51:02 nimbus-eth1-mainnet-long-benchmark[4120996]: INF 2026-08-26 18:51:02.878+00:00 Imported blocks                            blockNumber=1286145 slot=1 blocks=1286144 txs=3066597 mgas=113837 bps=5250 tps=32587 mgps=1019 avgBps=9233 avgTps=22015 avgMGps=817.3 elapsed=2m19s292ms
Aug 26 18:51:04 nimbus-eth1-mainnet-long-benchmark[4120996]: INF 2026-08-26 18:51:04.194+00:00 Imported blocks                            blockNumber=1294337 slot=1 blocks=1294336 txs=3108096 mgas=115109 bps=6224 tps=31529 mgps=966.3 avgBps=9205 avgTps=22104 avgMGps=818.6 elapsed=2m20s608ms
Aug 26 18:51:05 nimbus-eth1-mainnet-long-benchmark[4120996]: INF 2026-08-26 18:51:05.750+00:00 Imported blocks                            blockNumber=1302529 slot=1 blocks=1302528 txs=3155729 mgas=116621 bps=5252 tps=30540 mgps=969.7 avgBps=9161 avgTps=22197 avgMGps=820.3 elapsed=2m22s168ms
Aug 26 18:51:07 nimbus-eth1-mainnet-long-benchmark[4120996]: INF 2026-08-26 18:51:07.018+00:00 Imported blocks                            blockNumber=1310721 slot=1 blocks=1310720 txs=3198370 mgas=117785 bps=6469 tps=33672 mgps=919.5 avgBps=9138 avgTps=22298 avgMGps=821.2 elapsed=2m23s434ms
Aug 26 18:51:08 nimbus-eth1-mainnet-long-benchmark[4120996]: INF 2026-08-26 18:51:08.258+00:00 Imported blocks                            blockNumber=1318913 slot=1 blocks=1318912 txs=3240980 mgas=118922 bps=6613 tps=34400 mgps=918.0 avgBps=9116 avgTps=22402 avgMGps=822.0 elapsed=2m24s673ms
Aug 26 18:51:09 nimbus-eth1-mainnet-long-benchmark[4120996]: INF 2026-08-26 18:51:09.626+00:00 Imported blocks                            blockNumber=1327105 slot=1 blocks=1327104 txs=3286540 mgas=120280 bps=5989 tps=33308 mgps=992.7 avgBps=9087 avgTps=22504 avgMGps=823.6 elapsed=2m26s41ms
Aug 26 18:51:11 nimbus-eth1-mainnet-long-benchmark[4120996]: INF 2026-08-26 18:51:11.038+00:00 Imported blocks                            blockNumber=1335297 slot=1 blocks=1335296 txs=3336909 mgas=122062 bps=5800 tps=35665 mgps=1261 avgBps=9055 avgTps=22630 avgMGps=827.8 elapsed=2m27s453ms
Aug 26 18:51:12 nimbus-eth1-mainnet-long-benchmark[4120996]: INF 2026-08-26 18:51:12.306+00:00 Imported blocks                            blockNumber=1343489 slot=1 blocks=1343488 txs=3382130 mgas=123272 bps=6452 tps=35620 mgps=952.7 avgBps=9033 avgTps=22741 avgMGps=828.9 elapsed=2m28s722ms
Aug 26 18:51:13 nimbus-eth1-mainnet-long-benchmark[4120996]: INF 2026-08-26 18:51:13.634+00:00 Imported blocks                            blockNumber=1351681 slot=1 blocks=1351680 txs=3426145 mgas=124479 bps=6170 tps=33151 mgps=909.0 avgBps=9008 avgTps=22833 avgMGps=829.6 elapsed=2m30s50ms
Aug 26 18:51:14 nimbus-eth1-mainnet-long-benchmark[4120996]: INF 2026-08-26 18:51:14.930+00:00 Imported blocks                            blockNumber=1359873 slot=1 blocks=1359872 txs=3481033 mgas=126070 bps=6329 tps=42407 mgps=1229 avgBps=8985 avgTps=23000 avgMGps=833.0 elapsed=2m31s344ms
Aug 26 18:51:16 nimbus-eth1-mainnet-long-benchmark[4120996]: INF 2026-08-26 18:51:16.222+00:00 Imported blocks                            blockNumber=1368065 slot=1 blocks=1368064 txs=3524429 mgas=127255 bps=6341 tps=33592 mgps=917.2 avgBps=8962 avgTps=23090 avgMGps=833.7 elapsed=2m32s636ms
Aug 26 18:51:17 nimbus-eth1-mainnet-long-benchmark[4120996]: INF 2026-08-26 18:51:17.718+00:00 Imported blocks                            blockNumber=1376257 slot=1 blocks=1376256 txs=3573305 mgas=128848 bps=5472 tps=32647 mgps=1064 avgBps=8928 avgTps=23183 avgMGps=836.0 elapsed=2m34s133ms
Aug 26 18:51:19 nimbus-eth1-mainnet-long-benchmark[4120996]: INF 2026-08-26 18:51:19.002+00:00 Imported blocks                            blockNumber=1384449 slot=1 blocks=1384448 txs=3618448 mgas=130288 bps=6371 tps=35108 mgps=1119 avgBps=8907 avgTps=23281 avgMGps=838.3 elapsed=2m35s419ms
Aug 26 18:51:20 nimbus-eth1-mainnet-long-benchmark[4120996]: INF 2026-08-26 18:51:20.402+00:00 Imported blocks                            blockNumber=1392641 slot=1 blocks=1392640 txs=3659789 mgas=131406 bps=5854 tps=29543 mgps=799.2 avgBps=8880 avgTps=23337 avgMGps=838.0 elapsed=2m36s818ms
Aug 26 18:51:21 nimbus-eth1-mainnet-long-benchmark[4120996]: INF 2026-08-26 18:51:21.734+00:00 Imported blocks                            blockNumber=1400833 slot=1 blocks=1400832 txs=3705329 mgas=132735 bps=6143 tps=34153 mgps=996.8 avgBps=8857 avgTps=23428 avgMGps=839.3 elapsed=2m38s152ms
Aug 26 18:51:23 nimbus-eth1-mainnet-long-benchmark[4120996]: INF 2026-08-26 18:51:23.206+00:00 Imported blocks                            blockNumber=1409025 slot=1 blocks=1409024 txs=3754433 mgas=134221 bps=5565 tps=33363 mgps=1009 avgBps=8827 avgTps=23520 avgMGps=840.9 elapsed=2m39s624ms
Aug 26 18:51:24 nimbus-eth1-mainnet-long-benchmark[4120996]: INF 2026-08-26 18:51:24.442+00:00 Imported blocks                            blockNumber=1417217 slot=1 blocks=1417216 txs=3798456 mgas=135447 bps=6632 tps=35641 mgps=992.5 avgBps=8810 avgTps=23613 avgMGps=842.0 elapsed=2m40s859ms
Aug 26 18:51:25 nimbus-eth1-mainnet-long-benchmark[4120996]: INF 2026-08-26 18:51:25.858+00:00 Imported blocks                            blockNumber=1425409 slot=1 blocks=1425408 txs=3848342 mgas=136897 bps=5785 tps=35229 mgps=1024 avgBps=8783 avgTps=23714 avgMGps=843.6 elapsed=2m42s275ms
Aug 26 18:51:27 nimbus-eth1-mainnet-long-benchmark[4120996]: INF 2026-08-26 18:51:27.410+00:00 Imported blocks                            blockNumber=1433601 slot=1 blocks=1433600 txs=3905011 mgas=138579 bps=5278 tps=36515 mgps=1083 avgBps=8750 avgTps=23836 avgMGps=845.9 elapsed=2m43s827ms
Aug 26 18:51:29 nimbus-eth1-mainnet-long-benchmark[4120996]: INF 2026-08-26 18:51:29.006+00:00 Imported blocks                            blockNumber=1441793 slot=1 blocks=1441792 txs=3959646 mgas=140526 bps=5133 tps=34236 mgps=1220 avgBps=8715 avgTps=23936 avgMGps=849.5 elapsed=2m45s423ms
Aug 26 18:51:30 nimbus-eth1-mainnet-long-benchmark[4120996]: INF 2026-08-26 18:51:30.454+00:00 Imported blocks                            blockNumber=1449985 slot=1 blocks=1449984 txs=4016331 mgas=142151 bps=5657 tps=39144 mgps=1121 avgBps=8689 avgTps=24068 avgMGps=851.9 elapsed=2m46s871ms
Aug 26 18:51:31 nimbus-eth1-mainnet-long-benchmark[4120996]: INF 2026-08-26 18:51:31.954+00:00 Imported blocks                            blockNumber=1458177 slot=1 blocks=1458176 txs=4066527 mgas=143764 bps=5468 tps=33510 mgps=1077 avgBps=8660 avgTps=24152 avgMGps=853.9 elapsed=2m48s369ms
Aug 26 18:51:34 nimbus-eth1-mainnet-long-benchmark[4120996]: INF 2026-08-26 18:51:34.014+00:00 Imported blocks                            blockNumber=1466369 slot=1 blocks=1466368 txs=4121420 mgas=146004 bps=3970 tps=26608 mgps=1085 avgBps=8603 avgTps=24182 avgMGps=856.7 elapsed=2m50s432ms
Aug 26 18:51:35 nimbus-eth1-mainnet-long-benchmark[4120996]: INF 2026-08-26 18:51:35.466+00:00 Imported blocks                            blockNumber=1474561 slot=1 blocks=1474560 txs=4173520 mgas=147488 bps=5651 tps=35940 mgps=1023 avgBps=8578 avgTps=24281 avgMGps=858.1 elapsed=2m51s881ms
Aug 26 18:51:37 nimbus-eth1-mainnet-long-benchmark[4120996]: INF 2026-08-26 18:51:36.998+00:00 Imported blocks                            blockNumber=1482753 slot=1 blocks=1482752 txs=4224800 mgas=149075 bps=5342 tps=33440 mgps=1034 avgBps=8550 avgTps=24362 avgMGps=859.6 elapsed=2m53s415ms
Aug 26 18:51:38 nimbus-eth1-mainnet-long-benchmark[4120996]: INF 2026-08-26 18:51:38.494+00:00 Imported blocks                            blockNumber=1490945 slot=1 blocks=1490944 txs=4281655 mgas=150750 bps=5483 tps=38060 mgps=1121 avgBps=8524 avgTps=24479 avgMGps=861.9 elapsed=2m54s908ms
Aug 26 18:51:39 nimbus-eth1-mainnet-long-benchmark[4120996]: INF 2026-08-26 18:51:39.966+00:00 Imported blocks                            blockNumber=1499137 slot=1 blocks=1499136 txs=4334037 mgas=152478 bps=5557 tps=35533 mgps=1172 avgBps=8499 avgTps=24571 avgMGps=864.5 elapsed=2m56s383ms
Aug 26 18:51:41 nimbus-eth1-mainnet-long-benchmark[4120996]: INF 2026-08-26 18:51:41.814+00:00 Imported blocks                            blockNumber=1507329 slot=1 blocks=1507328 txs=4394073 mgas=154617 bps=4434 tps=32500 mgps=1157 avgBps=8457 avgTps=24653 avgMGps=867.5 elapsed=2m58s230ms
Aug 26 18:51:43 nimbus-eth1-mainnet-long-benchmark[4120996]: INF 2026-08-26 18:51:43.762+00:00 Imported blocks                            blockNumber=1515521 slot=1 blocks=1515520 txs=4463341 mgas=157058 bps=4202 tps=35537 mgps=1252 avgBps=8411 avgTps=24771 avgMGps=871.7 elapsed=3m179ms532us
Aug 26 18:51:45 nimbus-eth1-mainnet-long-benchmark[4120996]: INF 2026-08-26 18:51:45.498+00:00 Imported blocks                            blockNumber=1523713 slot=1 blocks=1523712 txs=4519855 mgas=158891 bps=4727 tps=32610 mgps=1057 avgBps=8376 avgTps=24846 avgMGps=873.4 elapsed=3m1s912ms
Aug 26 18:51:47 nimbus-eth1-mainnet-long-benchmark[4120996]: INF 2026-08-26 18:51:47.122+00:00 Imported blocks                            blockNumber=1531905 slot=1 blocks=1531904 txs=4570979 mgas=160622 bps=5033 tps=31414 mgps=1064 avgBps=8346 avgTps=24904 avgMGps=875.1 elapsed=3m3s539ms
Aug 26 18:51:48 nimbus-eth1-mainnet-long-benchmark[4120996]: INF 2026-08-26 18:51:48.850+00:00 Imported blocks                            blockNumber=1540097 slot=1 blocks=1540096 txs=4629733 mgas=162534 bps=4750 tps=34068 mgps=1108 avgBps=8312 avgTps=24989 avgMGps=877.3 elapsed=3m5s264ms
Aug 26 18:51:50 nimbus-eth1-mainnet-long-benchmark[4120996]: INF 2026-08-26 18:51:50.494+00:00 Imported blocks                            blockNumber=1548289 slot=1 blocks=1548288 txs=4691162 mgas=164522 bps=4972 tps=37290 mgps=1206 avgBps=8283 avgTps=25098 avgMGps=880.2 elapsed=3m6s911ms
Aug 26 18:51:52 nimbus-eth1-mainnet-long-benchmark[4120996]: INF 2026-08-26 18:51:52.229+00:00 Imported blocks                            blockNumber=1556481 slot=1 blocks=1556480 txs=4751792 mgas=166882 bps=4727 tps=34987 mgps=1362 avgBps=8250 avgTps=25189 avgMGps=884.6 elapsed=3m8s644ms
Aug 26 18:51:53 nimbus-eth1-mainnet-long-benchmark[4120996]: INF 2026-08-26 18:51:53.793+00:00 Imported blocks                            blockNumber=1564673 slot=1 blocks=1564672 txs=4808773 mgas=168702 bps=5226 tps=36356 mgps=1161 avgBps=8225 avgTps=25281 avgMGps=886.9 elapsed=3m10s212ms
Aug 26 18:51:55 nimbus-eth1-mainnet-long-benchmark[4120996]: INF 2026-08-26 18:51:55.349+00:00 Imported blocks                            blockNumber=1572865 slot=1 blocks=1572864 txs=4865267 mgas=170479 bps=5266 tps=36317 mgps=1142 avgBps=8201 avgTps=25370 avgMGps=889.0 elapsed=3m11s767ms
Aug 26 18:51:56 nimbus-eth1-mainnet-long-benchmark[4120996]: INF 2026-08-26 18:51:56.845+00:00 Imported blocks                            blockNumber=1581057 slot=1 blocks=1581056 txs=4924309 mgas=172215 bps=5479 tps=39492 mgps=1160 avgBps=8180 avgTps=25479 avgMGps=891.1 elapsed=3m13s262ms
Aug 26 18:51:58 nimbus-eth1-mainnet-long-benchmark[4120996]: INF 2026-08-26 18:51:58.697+00:00 Imported blocks                            blockNumber=1589249 slot=1 blocks=1589248 txs=4993282 mgas=174387 bps=4427 tps=37276 mgps=1174 avgBps=8145 avgTps=25591 avgMGps=893.8 elapsed=3m15s112ms
Aug 26 18:52:00 nimbus-eth1-mainnet-long-benchmark[4120996]: INF 2026-08-26 18:52:00.489+00:00 Imported blocks                            blockNumber=1597441 slot=1 blocks=1597440 txs=5057588 mgas=176580 bps=4563 tps=35825 mgps=1221 avgBps=8112 avgTps=25685 avgMGps=896.8 elapsed=3m16s907ms
Aug 26 18:52:02 nimbus-eth1-mainnet-long-benchmark[4120996]: INF 2026-08-26 18:52:02.873+00:00 Imported blocks                            blockNumber=1605633 slot=1 blocks=1605632 txs=5144257 mgas=180073 bps=3439 tps=36387 mgps=1466 avgBps=8056 avgTps=25812 avgMGps=903.6 elapsed=3m19s289ms
Aug 26 18:52:04 nimbus-eth1-mainnet-long-benchmark[4120996]: INF 2026-08-26 18:52:04.637+00:00 Imported blocks                            blockNumber=1613825 slot=1 blocks=1613824 txs=5206369 mgas=182227 bps=4641 tps=35190 mgps=1220 avgBps=8026 avgTps=25895 avgMGps=906.4 elapsed=3m21s54ms
Aug 26 18:52:06 nimbus-eth1-mainnet-long-benchmark[4120996]: INF 2026-08-26 18:52:06.289+00:00 Imported blocks                            blockNumber=1622017 slot=1 blocks=1622016 txs=5266487 mgas=184142 bps=4963 tps=36423 mgps=1159 avgBps=8001 avgTps=25981 avgMGps=908.4 elapsed=3m22s705ms
Aug 26 18:52:07 nimbus-eth1-mainnet-long-benchmark[4120996]: INF 2026-08-26 18:52:07.801+00:00 Imported blocks                            blockNumber=1630209 slot=1 blocks=1630208 txs=5319900 mgas=185883 bps=5409 tps=35267 mgps=1149 avgBps=7982 avgTps=26049 avgMGps=910.2 elapsed=3m24s219ms
Aug 26 18:52:09 nimbus-eth1-mainnet-long-benchmark[4120996]: INF 2026-08-26 18:52:09.229+00:00 Imported blocks                            blockNumber=1638401 slot=1 blocks=1638400 txs=5376656 mgas=187517 bps=5739 tps=39765 mgps=1144 avgBps=7967 avgTps=26145 avgMGps=911.8 elapsed=3m25s646ms
Aug 26 18:52:10 nimbus-eth1-mainnet-long-benchmark[4120996]: INF 2026-08-26 18:52:10.653+00:00 Imported blocks                            blockNumber=1646593 slot=1 blocks=1646592 txs=5427002 mgas=188969 bps=5748 tps=35331 mgps=1019 avgBps=7951 avgTps=26208 avgMGps=912.6 elapsed=3m27s71ms
Aug 26 18:52:12 nimbus-eth1-mainnet-long-benchmark[4120996]: INF 2026-08-26 18:52:12.061+00:00 Imported blocks                            blockNumber=1654785 slot=1 blocks=1654784 txs=5477830 mgas=190491 bps=5826 tps=36153 mgps=1082 avgBps=7937 avgTps=26275 avgMGps=913.7 elapsed=3m28s477ms
Aug 26 18:52:14 nimbus-eth1-mainnet-long-benchmark[4120996]: INF 2026-08-26 18:52:14.289+00:00 Imported blocks                            blockNumber=1662977 slot=1 blocks=1662976 txs=5538206 mgas=193552 bps=3677 tps=27105 mgps=1374 avgBps=7892 avgTps=26284 avgMGps=918.6 elapsed=3m30s705ms
Aug 26 18:52:15 nimbus-eth1-mainnet-long-benchmark[4120996]: INF 2026-08-26 18:52:15.885+00:00 Imported blocks                            blockNumber=1671169 slot=1 blocks=1671168 txs=5593464 mgas=195396 bps=5128 tps=34591 mgps=1154 avgBps=7871 avgTps=26346 avgMGps=920.4 elapsed=3m32s302ms
Aug 26 18:52:17 nimbus-eth1-mainnet-long-benchmark[4120996]: INF 2026-08-26 18:52:17.441+00:00 Imported blocks                            blockNumber=1679361 slot=1 blocks=1679360 txs=5649239 mgas=197189 bps=5270 tps=35887 mgps=1153 avgBps=7852 avgTps=26415 avgMGps=922.1 elapsed=3m33s856ms
Aug 26 18:52:18 nimbus-eth1-mainnet-long-benchmark[4120996]: INF 2026-08-26 18:52:18.949+00:00 Imported blocks                            blockNumber=1687553 slot=1 blocks=1687552 txs=5701520 mgas=198983 bps=5426 tps=34630 mgps=1188 avgBps=7835 avgTps=26473 avgMGps=923.9 elapsed=3m35s366ms
Aug 26 18:52:20 nimbus-eth1-mainnet-long-benchmark[4120996]: INF 2026-08-26 18:52:20.509+00:00 Imported blocks                            blockNumber=1695745 slot=1 blocks=1695744 txs=5756747 mgas=200840 bps=5250 tps=35398 mgps=1190 avgBps=7817 avgTps=26537 avgMGps=925.8 elapsed=3m36s926ms
Aug 26 18:52:22 nimbus-eth1-mainnet-long-benchmark[4120996]: INF 2026-08-26 18:52:22.345+00:00 Imported blocks                            blockNumber=1703937 slot=1 blocks=1703936 txs=5821399 mgas=203106 bps=4462 tps=35222 mgps=1234 avgBps=7788 avgTps=26610 avgMGps=928.4 elapsed=3m38s762ms
Aug 26 18:52:24 nimbus-eth1-mainnet-long-benchmark[4120996]: INF 2026-08-26 18:52:24.077+00:00 Imported blocks                            blockNumber=1712129 slot=1 blocks=1712128 txs=5884754 mgas=205166 bps=4733 tps=36604 mgps=1190 avgBps=7764 avgTps=26689 avgMGps=930.5 elapsed=3m40s493ms
Aug 26 18:52:31 nimbus-eth1-mainnet-long-benchmark[4120996]: INF 2026-08-26 18:52:31.769+00:00 Imported blocks                            blockNumber=1720321 slot=1 blocks=1720320 txs=5950436 mgas=210967 bps=1064 tps=8537 mgps=753.9 avgBps=7539 avgTps=26077 avgMGps=924.5 elapsed=3m48s186ms
Aug 26 18:53:12 nimbus-eth1-mainnet-long-benchmark[4120996]: INF 2026-08-26 18:53:12.904+00:00 Imported blocks                            blockNumber=1728513 slot=1 blocks=1728512 txs=6046046 mgas=227706 bps=199.1 tps=2324 mgps=406.9 avgBps=6417 avgTps=22449 avgMGps=845.5 elapsed=4m29s323ms
Aug 26 18:53:21 nimbus-eth1-mainnet-long-benchmark[4120996]: INF 2026-08-26 18:53:21.288+00:00 Imported blocks                            blockNumber=1736705 slot=1 blocks=1736704 txs=6113963 mgas=232449 bps=977.2 tps=8101 mgps=565.8 avgBps=6253 avgTps=22015 avgMGps=837.0 elapsed=4m37s706ms
Aug 26 18:53:25 nimbus-eth1-mainnet-long-benchmark[4120996]: INF 2026-08-26 18:53:25.164+00:00 Imported blocks                            blockNumber=1744897 slot=1 blocks=1744896 txs=6176565 mgas=235745 bps=2113 tps=16149 mgps=850.3 avgBps=6196 avgTps=21935 avgMGps=837.2 elapsed=4m41s582ms
Aug 26 18:53:28 nimbus-eth1-mainnet-long-benchmark[4120996]: INF 2026-08-26 18:53:28.184+00:00 Imported blocks                            blockNumber=1753089 slot=1 blocks=1753088 txs=6244901 mgas=239587 bps=2712 tps=22626 mgps=1271 avgBps=6159 avgTps=21942 avgMGps=841.8 elapsed=4m44s602ms
Aug 26 18:53:30 nimbus-eth1-mainnet-long-benchmark[4120996]: INF 2026-08-26 18:53:30.120+00:00 Imported blocks                            blockNumber=1761281 slot=1 blocks=1761280 txs=6303031 mgas=241664 bps=4235 tps=30052 mgps=1073 avgBps=6146 avgTps=21997 avgMGps=843.4 elapsed=4m46s537ms
Aug 26 18:53:31 nimbus-eth1-mainnet-long-benchmark[4120996]: INF 2026-08-26 18:53:31.740+00:00 Imported blocks                            blockNumber=1769473 slot=1 blocks=1769472 txs=6360053 mgas=243886 bps=5058 tps=35208 mgps=1371 avgBps=6140 avgTps=22071 avgMGps=846.4 elapsed=4m48s156ms
Aug 26 18:53:33 nimbus-eth1-mainnet-long-benchmark[4120996]: INF 2026-08-26 18:53:33.396+00:00 Imported blocks                            blockNumber=1777665 slot=1 blocks=1777664 txs=6412951 mgas=245575 bps=4941 tps=31907 mgps=1018 avgBps=6133 avgTps=22127 avgMGps=847.4 elapsed=4m49s814ms
Aug 26 18:53:35 nimbus-eth1-mainnet-long-benchmark[4120996]: INF 2026-08-26 18:53:35.196+00:00 Imported blocks                            blockNumber=1785857 slot=1 blocks=1785856 txs=6466807 mgas=247284 bps=4550 tps=29915 mgps=949.2 avgBps=6124 avgTps=22175 avgMGps=848.0 elapsed=4m51s614ms
Aug 26 18:53:37 nimbus-eth1-mainnet-long-benchmark[4120996]: INF 2026-08-26 18:53:37.320+00:00 Imported blocks                            blockNumber=1794049 slot=1 blocks=1794048 txs=6522851 mgas=249276 bps=3860 tps=26407 mgps=938.9 avgBps=6107 avgTps=22206 avgMGps=848.6 elapsed=4m53s737ms
Aug 26 18:53:40 nimbus-eth1-mainnet-long-benchmark[4120996]: INF 2026-08-26 18:53:40.136+00:00 Imported blocks                            blockNumber=1802241 slot=1 blocks=1802240 txs=6613176 mgas=255044 bps=2907 tps=32054 mgps=2046 avgBps=6077 avgTps=22299 avgMGps=860.0 elapsed=4m56s555ms
Aug 26 18:53:44 nimbus-eth1-mainnet-long-benchmark[4120996]: INF 2026-08-26 18:53:44.632+00:00 Imported blocks                            blockNumber=1810433 slot=1 blocks=1810432 txs=6665934 mgas=257543 bps=1822 tps=11738 mgps=556.1 avgBps=6013 avgTps=22142 avgMGps=855.5 elapsed=5m1s49ms
Aug 26 18:53:46 nimbus-eth1-mainnet-long-benchmark[4120996]: INF 2026-08-26 18:53:46.512+00:00 Imported blocks                            blockNumber=1818625 slot=1 blocks=1818624 txs=6721128 mgas=259316 bps=4359 tps=29373 mgps=943.5 avgBps=6003 avgTps=22187 avgMGps=856.0 elapsed=5m2s928ms
Aug 26 18:53:48 nimbus-eth1-mainnet-long-benchmark[4120996]: INF 2026-08-26 18:53:48.068+00:00 Imported blocks                            blockNumber=1826817 slot=1 blocks=1826816 txs=6774831 mgas=261021 bps=5263 tps=34502 mgps=1095 avgBps=5999 avgTps=22250 avgMGps=857.3 elapsed=5m4s485ms
Aug 26 18:53:50 nimbus-eth1-mainnet-long-benchmark[4120996]: INF 2026-08-26 18:53:50.096+00:00 Imported blocks                            blockNumber=1835009 slot=1 blocks=1835008 txs=6824653 mgas=262938 bps=4038 tps=24560 mgps=944.8 avgBps=5986 avgTps=22265 avgMGps=857.8 elapsed=5m6s513ms
Aug 26 18:53:51 nimbus-eth1-mainnet-long-benchmark[4120996]: INF 2026-08-26 18:53:51.644+00:00 Imported blocks                            blockNumber=1843201 slot=1 blocks=1843200 txs=6878027 mgas=264614 bps=5287 tps=34449 mgps=1082 avgBps=5983 avgTps=22326 avgMGps=859.0 elapsed=5m8s63ms
Aug 26 18:53:54 nimbus-eth1-mainnet-long-benchmark[4120996]: INF 2026-08-26 18:53:54.800+00:00 Imported blocks                            blockNumber=1851393 slot=1 blocks=1851392 txs=6938150 mgas=266996 bps=2596 tps=19057 mgps=754.9 avgBps=5948 avgTps=22293 avgMGps=857.9 elapsed=5m11s217ms
Aug 26 18:53:59 nimbus-eth1-mainnet-long-benchmark[4120996]: INF 2026-08-26 18:53:59.399+00:00 Imported blocks                            blockNumber=1859585 slot=1 blocks=1859584 txs=6994576 mgas=269861 bps=1781 tps=12269 mgps=623.0 avgBps=5888 avgTps=22147 avgMGps=854.5 elapsed=5m15s816ms
Aug 26 18:54:01 nimbus-eth1-mainnet-long-benchmark[4120996]: INF 2026-08-26 18:54:01.219+00:00 Imported blocks                            blockNumber=1867777 slot=1 blocks=1867776 txs=7045208 mgas=271531 bps=4493 tps=27772 mgps=916.1 avgBps=5880 avgTps=22179 avgMGps=854.8 elapsed=5m17s639ms
Aug 26 18:54:03 nimbus-eth1-mainnet-long-benchmark[4120996]: INF 2026-08-26 18:54:03.215+00:00 Imported blocks                            blockNumber=1875969 slot=1 blocks=1875968 txs=7098661 mgas=273436 bps=4105 tps=26788 mgps=954.5 avgBps=5869 avgTps=22208 avgMGps=855.5 elapsed=5m19s635ms
Aug 26 18:54:04 nimbus-eth1-mainnet-long-benchmark[4120996]: INF 2026-08-26 18:54:04.851+00:00 Imported blocks                            blockNumber=1884161 slot=1 blocks=1884160 txs=7153316 mgas=275276 bps=5014 tps=33457 mgps=1126 avgBps=5864 avgTps=22265 avgMGps=856.8 elapsed=5m21s268ms
Aug 26 18:54:06 nimbus-eth1-mainnet-long-benchmark[4120996]: INF 2026-08-26 18:54:06.407+00:00 Imported blocks                            blockNumber=1892353 slot=1 blocks=1892352 txs=7207581 mgas=277100 bps=5267 tps=34889 mgps=1173 avgBps=5861 avgTps=22326 avgMGps=858.4 elapsed=5m22s824ms
Aug 26 18:54:07 nimbus-eth1-mainnet-long-benchmark[4120996]: INF 2026-08-26 18:54:07.787+00:00 Imported blocks                            blockNumber=1900545 slot=1 blocks=1900544 txs=7258861 mgas=278515 bps=5921 tps=37064 mgps=1022 avgBps=5862 avgTps=22389 avgMGps=859.1 elapsed=5m24s207ms
Aug 26 18:54:09 nimbus-eth1-mainnet-long-benchmark[4120996]: INF 2026-08-26 18:54:09.191+00:00 Imported blocks                            blockNumber=1908737 slot=1 blocks=1908736 txs=7305904 mgas=279904 bps=5848 tps=33585 mgps=991.5 avgBps=5862 avgTps=22437 avgMGps=859.6 elapsed=5m25s608ms
Aug 26 18:54:10 nimbus-eth1-mainnet-long-benchmark[4120996]: INF 2026-08-26 18:54:10.771+00:00 Imported blocks                            blockNumber=1916929 slot=1 blocks=1916928 txs=7369064 mgas=281779 bps=5184 tps=39974 mgps=1186 avgBps=5858 avgTps=22522 avgMGps=861.2 elapsed=5m27s188ms
Aug 26 18:54:18 nimbus-eth1-mainnet-long-benchmark[4120996]: INF 2026-08-26 18:54:18.363+00:00 Imported blocks                            blockNumber=1925121 slot=1 blocks=1925120 txs=7431837 mgas=285950 bps=1078 tps=8265 mgps=549.3 avgBps=5750 avgTps=22198 avgMGps=854.1 elapsed=5m34s782ms
Aug 26 18:54:20 nimbus-eth1-mainnet-long-benchmark[4120996]: INF 2026-08-26 18:54:20.415+00:00 Imported blocks                            blockNumber=1933313 slot=1 blocks=1933312 txs=7497575 mgas=288217 bps=4000 tps=32101 mgps=1106 avgBps=5739 avgTps=22259 avgMGps=855.7 elapsed=5m36s830ms
Aug 26 18:54:22 nimbus-eth1-mainnet-long-benchmark[4120996]: INF 2026-08-26 18:54:22.151+00:00 Imported blocks                            blockNumber=1941505 slot=1 blocks=1941504 txs=7559612 mgas=290251 bps=4712 tps=35686 mgps=1170 avgBps=5734 avgTps=22328 avgMGps=857.3 elapsed=5m38s568ms
Aug 26 18:54:23 nimbus-eth1-mainnet-long-benchmark[4120996]: INF 2026-08-26 18:54:23.991+00:00 Imported blocks                            blockNumber=1949697 slot=1 blocks=1949696 txs=7638933 mgas=292499 bps=4453 tps=43121 mgps=1222 avgBps=5727 avgTps=22440 avgMGps=859.3 elapsed=5m40s408ms
Aug 26 18:54:26 nimbus-eth1-mainnet-long-benchmark[4120996]: INF 2026-08-26 18:54:26.135+00:00 Imported blocks                            blockNumber=1957889 slot=1 blocks=1957888 txs=7713671 mgas=295027 bps=3820 tps=34856 mgps=1178 avgBps=5715 avgTps=22518 avgMGps=861.3 elapsed=5m42s552ms
Aug 26 18:54:27 nimbus-eth1-mainnet-long-benchmark[4120996]: INF 2026-08-26 18:54:27.983+00:00 Imported blocks                            blockNumber=1966081 slot=1 blocks=1966080 txs=7788808 mgas=297396 bps=4437 tps=40698 mgps=1283 avgBps=5708 avgTps=22615 avgMGps=863.5 elapsed=5m44s398ms
Aug 26 18:54:30 nimbus-eth1-mainnet-long-benchmark[4120996]: INF 2026-08-26 18:54:30.163+00:00 Imported blocks                            blockNumber=1974273 slot=1 blocks=1974272 txs=7855390 mgas=300366 bps=3754 tps=30517 mgps=1361 avgBps=5696 avgTps=22665 avgMGps=866.7 elapsed=5m46s580ms
Aug 26 18:54:32 nimbus-eth1-mainnet-long-benchmark[4120996]: INF 2026-08-26 18:54:32.395+00:00 Imported blocks                            blockNumber=1982465 slot=1 blocks=1982464 txs=7915725 mgas=302539 bps=3674 tps=27061 mgps=974.7 avgBps=5683 avgTps=22693 avgMGps=867.3 elapsed=5m48s810ms
Aug 26 18:54:33 nimbus-eth1-mainnet-long-benchmark[4120996]: INF 2026-08-26 18:54:33.935+00:00 Imported blocks                            blockNumber=1990657 slot=1 blocks=1990656 txs=7979382 mgas=304304 bps=5322 tps=41355 mgps=1146 avgBps=5681 avgTps=22775 avgMGps=868.6 elapsed=5m50s349ms
Aug 26 18:54:35 nimbus-eth1-mainnet-long-benchmark[4120996]: INF 2026-08-26 18:54:35.667+00:00 Imported blocks                            blockNumber=1998849 slot=1 blocks=1998848 txs=8046053 mgas=306358 bps=4721 tps=38422 mgps=1183 avgBps=5677 avgTps=22852 avgMGps=870.1 elapsed=5m52s84ms
Aug 26 18:54:37 nimbus-eth1-mainnet-long-benchmark[4120996]: INF 2026-08-26 18:54:37.403+00:00 Imported blocks                            blockNumber=2007041 slot=1 blocks=2007040 txs=8114293 mgas=308394 bps=4727 tps=39378 mgps=1174 avgBps=5672 avgTps=22933 avgMGps=871.6 elapsed=5m53s817ms
Aug 26 18:54:38 nimbus-eth1-mainnet-long-benchmark[4120996]: INF 2026-08-26 18:54:38.939+00:00 Imported blocks                            blockNumber=2015233 slot=1 blocks=2015232 txs=8174568 mgas=310280 bps=5327 tps=39200 mgps=1226 avgBps=5671 avgTps=23003 avgMGps=873.2 elapsed=5m55s355ms
Aug 26 18:54:40 nimbus-eth1-mainnet-long-benchmark[4120996]: INF 2026-08-26 18:54:40.471+00:00 Imported blocks                            blockNumber=2023425 slot=1 blocks=2023424 txs=8234299 mgas=311998 bps=5334 tps=38892 mgps=1119 avgBps=5669 avgTps=23072 avgMGps=874.2 elapsed=5m56s890ms
Aug 26 18:54:41 nimbus-eth1-mainnet-long-benchmark[4120996]: INF 2026-08-26 18:54:41.935+00:00 Imported blocks                            blockNumber=2031617 slot=1 blocks=2031616 txs=8290597 mgas=313665 bps=5609 tps=38551 mgps=1140 avgBps=5669 avgTps=23135 avgMGps=875.3 elapsed=5m58s351ms
Aug 26 18:54:44 nimbus-eth1-mainnet-long-benchmark[4120996]: INF 2026-08-26 18:54:44.131+00:00 Imported blocks                            blockNumber=2039809 slot=1 blocks=2039808 txs=8347013 mgas=316650 bps=3734 tps=25715 mgps=1360 avgBps=5657 avgTps=23151 avgMGps=878.3 elapsed=6m545ms99us
Aug 26 18:54:45 nimbus-eth1-mainnet-long-benchmark[4120996]: INF 2026-08-26 18:54:45.731+00:00 Imported blocks                            blockNumber=2048001 slot=1 blocks=2048000 txs=8414819 mgas=318724 bps=5113 tps=42325 mgps=1294 avgBps=5655 avgTps=23235 avgMGps=880.1 elapsed=6m2s147ms
Aug 26 18:54:47 nimbus-eth1-mainnet-long-benchmark[4120996]: INF 2026-08-26 18:54:47.315+00:00 Imported blocks                            blockNumber=2056193 slot=1 blocks=2056192 txs=8478396 mgas=320628 bps=5180 tps=40201 mgps=1203 avgBps=5653 avgTps=23309 avgMGps=881.5 elapsed=6m3s728ms
Aug 26 18:54:48 nimbus-eth1-mainnet-long-benchmark[4120996]: INF 2026-08-26 18:54:48.815+00:00 Imported blocks                            blockNumber=2064385 slot=1 blocks=2064384 txs=8534261 mgas=322285 bps=5459 tps=37229 mgps=1104 avgBps=5652 avgTps=23366 avgMGps=882.4 elapsed=6m5s229ms
Aug 26 18:54:50 nimbus-eth1-mainnet-long-benchmark[4120996]: INF 2026-08-26 18:54:50.203+00:00 Imported blocks                            blockNumber=2072577 slot=1 blocks=2072576 txs=8592741 mgas=323842 bps=5903 tps=42141 mgps=1122 avgBps=5653 avgTps=23437 avgMGps=883.3 elapsed=6m6s616ms
Aug 26 18:54:51 nimbus-eth1-mainnet-long-benchmark[4120996]: INF 2026-08-26 18:54:51.607+00:00 Imported blocks                            blockNumber=2080769 slot=1 blocks=2080768 txs=8648072 mgas=325442 bps=5834 tps=39407 mgps=1139 avgBps=5653 avgTps=23498 avgMGps=884.3 elapsed=6m8s20ms
Aug 26 18:54:53 nimbus-eth1-mainnet-long-benchmark[4120996]: INF 2026-08-26 18:54:53.243+00:00 Imported blocks                            blockNumber=2088961 slot=1 blocks=2088960 txs=8712300 mgas=327292 bps=5007 tps=39257 mgps=1130 avgBps=5651 avgTps=23568 avgMGps=885.4 elapsed=6m9s656ms
Aug 26 18:54:55 nimbus-eth1-mainnet-long-benchmark[4120996]: INF 2026-08-26 18:54:55.031+00:00 Imported blocks                            blockNumber=2097153 slot=1 blocks=2097152 txs=8778360 mgas=329481 bps=4572 tps=36875 mgps=1221 avgBps=5645 avgTps=23632 avgMGps=887.0 elapsed=6m11s448ms
Aug 26 18:54:56 nimbus-eth1-mainnet-long-benchmark[4120996]: INF 2026-08-26 18:54:56.507+00:00 Imported blocks                            blockNumber=2105345 slot=1 blocks=2105344 txs=8832595 mgas=331142 bps=5558 tps=36798 mgps=1126 avgBps=5645 avgTps=23684 avgMGps=888.0 elapsed=6m12s922ms
Aug 26 18:54:57 nimbus-eth1-mainnet-long-benchmark[4120996]: INF 2026-08-26 18:54:57.967+00:00 Imported blocks                            blockNumber=2113537 slot=1 blocks=2113536 txs=8889289 mgas=332884 bps=5609 tps=38823 mgps=1193 avgBps=5645 avgTps=23743 avgMGps=889.2 elapsed=6m14s382ms
Aug 26 18:54:59 nimbus-eth1-mainnet-long-benchmark[4120996]: INF 2026-08-26 18:54:59.494+00:00 Imported blocks                            blockNumber=2121729 slot=1 blocks=2121728 txs=8950903 mgas=334700 bps=5359 tps=40313 mgps=1188 avgBps=5644 avgTps=23811 avgMGps=890.4 elapsed=6m15s910ms
Aug 26 18:55:01 nimbus-eth1-mainnet-long-benchmark[4120996]: INF 2026-08-26 18:55:01.926+00:00 Imported blocks                            blockNumber=2129921 slot=1 blocks=2129920 txs=9014354 mgas=338562 bps=3367 tps=26080 mgps=1587 avgBps=5629 avgTps=23825 avgMGps=894.9 elapsed=6m18s343ms
Aug 26 18:55:03 nimbus-eth1-mainnet-long-benchmark[4120996]: INF 2026-08-26 18:55:03.586+00:00 Imported blocks                            blockNumber=2138113 slot=1 blocks=2138112 txs=9083957 mgas=340606 bps=4943 tps=41998 mgps=1233 avgBps=5626 avgTps=23905 avgMGps=896.3 elapsed=6m20s1ms
Aug 26 18:55:05 nimbus-eth1-mainnet-long-benchmark[4120996]: INF 2026-08-26 18:55:05.138+00:00 Imported blocks                            blockNumber=2146305 slot=1 blocks=2146304 txs=9145568 mgas=342520 bps=5277 tps=39691 mgps=1233 avgBps=5625 avgTps=23969 avgMGps=897.7 elapsed=6m21s553ms
Aug 26 18:55:06 nimbus-eth1-mainnet-long-benchmark[4120996]: INF 2026-08-26 18:55:06.582+00:00 Imported blocks                            blockNumber=2154497 slot=1 blocks=2154496 txs=9208092 mgas=344179 bps=5662 tps=43215 mgps=1146 avgBps=5625 avgTps=24042 avgMGps=898.6 elapsed=6m23s172us
Aug 26 18:55:08 nimbus-eth1-mainnet-long-benchmark[4120996]: INF 2026-08-26 18:55:08.158+00:00 Imported blocks                            blockNumber=2162689 slot=1 blocks=2162688 txs=9270066 mgas=345978 bps=5208 tps=39400 mgps=1143 avgBps=5623 avgTps=24104 avgMGps=899.6 elapsed=6m24s573ms
Aug 26 18:55:09 nimbus-eth1-mainnet-long-benchmark[4120996]: INF 2026-08-26 18:55:09.774+00:00 Imported blocks                            blockNumber=2170881 slot=1 blocks=2170880 txs=9332900 mgas=347898 bps=5063 tps=38838 mgps=1187 avgBps=5621 avgTps=24166 avgMGps=900.8 elapsed=6m26s190ms
Aug 26 18:55:11 nimbus-eth1-mainnet-long-benchmark[4120996]: INF 2026-08-26 18:55:11.318+00:00 Imported blocks                            blockNumber=2179073 slot=1 blocks=2179072 txs=9394529 mgas=349716 bps=5305 tps=39914 mgps=1177 avgBps=5620 avgTps=24229 avgMGps=901.9 elapsed=6m27s734ms
Aug 26 18:55:13 nimbus-eth1-mainnet-long-benchmark[4120996]: INF 2026-08-26 18:55:13.314+00:00 Imported blocks                            blockNumber=2187265 slot=1 blocks=2187264 txs=9470807 mgas=352444 bps=4103 tps=38207 mgps=1366 avgBps=5612 avgTps=24300 avgMGps=904.3 elapsed=6m29s731ms
Aug 26 18:55:14 nimbus-eth1-mainnet-long-benchmark[4120996]: INF 2026-08-26 18:55:14.838+00:00 Imported blocks                            blockNumber=2195457 slot=1 blocks=2195456 txs=9530574 mgas=354119 bps=5376 tps=39226 mgps=1099 avgBps=5611 avgTps=24358 avgMGps=905.1 elapsed=6m31s255ms
Aug 26 18:55:16 nimbus-eth1-mainnet-long-benchmark[4120996]: INF 2026-08-26 18:55:16.662+00:00 Imported blocks                            blockNumber=2203649 slot=1 blocks=2203648 txs=9595945 mgas=356734 bps=4491 tps=35843 mgps=1433 avgBps=5606 avgTps=24412 avgMGps=907.5 elapsed=6m33s78ms
Aug 26 18:55:18 nimbus-eth1-mainnet-long-benchmark[4120996]: INF 2026-08-26 18:55:18.182+00:00 Imported blocks                            blockNumber=2211841 slot=1 blocks=2211840 txs=9658309 mgas=358774 bps=5389 tps=41031 mgps=1342 avgBps=5605 avgTps=24476 avgMGps=909.2 elapsed=6m34s598ms
Aug 26 18:55:19 nimbus-eth1-mainnet-long-benchmark[4120996]: INF 2026-08-26 18:55:19.778+00:00 Imported blocks                            blockNumber=2220033 slot=1 blocks=2220032 txs=9719278 mgas=360756 bps=5130 tps=38186 mgps=1241 avgBps=5603 avgTps=24531 avgMGps=910.6 elapsed=6m36s195ms
Aug 26 18:55:21 nimbus-eth1-mainnet-long-benchmark[4120996]: INF 2026-08-26 18:55:21.670+00:00 Imported blocks                            blockNumber=2228225 slot=1 blocks=2228224 txs=9805132 mgas=363570 bps=4332 tps=45404 mgps=1488 avgBps=5597 avgTps=24630 avgMGps=913.3 elapsed=6m38s86ms
Aug 26 18:55:23 nimbus-eth1-mainnet-long-benchmark[4120996]: INF 2026-08-26 18:55:23.118+00:00 Imported blocks                            blockNumber=2236417 slot=1 blocks=2236416 txs=9861065 mgas=365383 bps=5661 tps=38653 mgps=1253 avgBps=5597 avgTps=24681 avgMGps=914.5 elapsed=6m39s533ms
Aug 26 18:55:24 nimbus-eth1-mainnet-long-benchmark[4120996]: INF 2026-08-26 18:55:24.582+00:00 Imported blocks                            blockNumber=2244609 slot=1 blocks=2244608 txs=9918653 mgas=367114 bps=5583 tps=39253 mgps=1179 avgBps=5597 avgTps=24734 avgMGps=915.5 elapsed=6m41s343us
Aug 26 18:55:26 nimbus-eth1-mainnet-long-benchmark[4120996]: INF 2026-08-26 18:55:26.138+00:00 Imported blocks                            blockNumber=2252801 slot=1 blocks=2252800 txs=9981973 mgas=369135 bps=5271 tps=40746 mgps=1300 avgBps=5596 avgTps=24796 avgMGps=917.0 elapsed=6m42s554ms
Aug 26 18:55:27 nimbus-eth1-mainnet-long-benchmark[4120996]: INF 2026-08-26 18:55:27.918+00:00 Imported blocks                            blockNumber=2260993 slot=1 blocks=2260992 txs=10047156 mgas=371248 bps=4597 tps=36579 mgps=1185 avgBps=5591 avgTps=24848 avgMGps=918.2 elapsed=6m44s336ms
Aug 26 18:55:29 nimbus-eth1-mainnet-long-benchmark[4120996]: INF 2026-08-26 18:55:29.674+00:00 Imported blocks                            blockNumber=2269185 slot=1 blocks=2269184 txs=10121679 mgas=373603 bps=4674 tps=42524 mgps=1343 avgBps=5587 avgTps=24924 avgMGps=920.0 elapsed=6m46s88ms
Aug 26 18:55:31 nimbus-eth1-mainnet-long-benchmark[4120996]: INF 2026-08-26 18:55:31.494+00:00 Imported blocks                            blockNumber=2277377 slot=1 blocks=2277376 txs=10193851 mgas=376318 bps=4493 tps=39583 mgps=1488 avgBps=5583 avgTps=24990 avgMGps=922.5 elapsed=6m47s912ms
Aug 26 18:55:34 nimbus-eth1-mainnet-long-benchmark[4120996]: INF 2026-08-26 18:55:34.118+00:00 Imported blocks                            blockNumber=2285569 slot=1 blocks=2285568 txs=10244050 mgas=378024 bps=3122 tps=19131 mgps=650.2 avgBps=5567 avgTps=24952 avgMGps=920.8 elapsed=6m50s535ms
Aug 26 18:55:40 nimbus-eth1-mainnet-long-benchmark[4120996]: INF 2026-08-26 18:55:40.122+00:00 Imported blocks                            blockNumber=2293761 slot=1 blocks=2293760 txs=10305892 mgas=379825 bps=1364 tps=10303 mgps=300.1 avgBps=5506 avgTps=24741 avgMGps=911.9 elapsed=6m56s537ms
Aug 26 18:55:41 nimbus-eth1-mainnet-long-benchmark[4120996]: INF 2026-08-26 18:55:41.878+00:00 Imported blocks                            blockNumber=2301953 slot=1 blocks=2301952 txs=10374531 mgas=381860 bps=4658 tps=39031 mgps=1157 avgBps=5503 avgTps=24801 avgMGps=912.9 elapsed=6m58s296ms
Aug 26 18:55:57 nimbus-eth1-mainnet-long-benchmark[4120996]: INF 2026-08-26 18:55:57.330+00:00 Imported blocks                            blockNumber=2310145 slot=1 blocks=2310144 txs=10441483 mgas=384776 bps=530.2 tps=4332 mgps=188.7 avgBps=5326 avgTps=24072 avgMGps=887.1 elapsed=7m13s748ms
Aug 26 18:56:09 nimbus-eth1-mainnet-long-benchmark[4120996]: INF 2026-08-26 18:56:09.073+00:00 Imported blocks                            blockNumber=2318337 slot=1 blocks=2318336 txs=10489758 mgas=386690 bps=697.6 tps=4110 mgps=163.0 avgBps=5203 avgTps=23546 avgMGps=868.0 elapsed=7m25s492ms
Aug 26 18:56:32 nimbus-eth1-mainnet-long-benchmark[4120996]: INF 2026-08-26 18:56:32.301+00:00 Imported blocks                            blockNumber=2326529 slot=1 blocks=2326528 txs=10546726 mgas=389701 bps=352.7 tps=2452 mgps=129.6 avgBps=4963 avgTps=22501 avgMGps=831.4 elapsed=7m48s717ms
Aug 26 18:57:16 nimbus-eth1-mainnet-long-benchmark[4120996]: INF 2026-08-26 18:57:16.260+00:00 Imported blocks                            blockNumber=2334721 slot=1 blocks=2334720 txs=10606978 mgas=393234 bps=186.4 tps=1370 mgps=80.37 avgBps=4553 avgTps=20689 avgMGps=767.0 elapsed=8m32s676ms
Aug 26 18:57:37 nimbus-eth1-mainnet-long-benchmark[4120996]: INF 2026-08-26 18:57:37.116+00:00 Imported blocks                            blockNumber=2342913 slot=1 blocks=2342912 txs=10666220 mgas=396127 bps=392.7 tps=2840 mgps=138.7 avgBps=4391 avgTps=19991 avgMGps=742.5 elapsed=8m53s536ms
Aug 26 18:57:41 nimbus-eth1-mainnet-long-benchmark[4120996]: INF 2026-08-26 18:57:41.316+00:00 Imported blocks                            blockNumber=2351105 slot=1 blocks=2351104 txs=10722740 mgas=398564 bps=1951 tps=13461 mgps=580.5 avgBps=4372 avgTps=19940 avgMGps=741.2 elapsed=8m57s735ms
Aug 26 18:57:49 nimbus-eth1-mainnet-long-benchmark[4120996]: INF 2026-08-26 18:57:49.972+00:00 Imported blocks                            blockNumber=2359297 slot=1 blocks=2359296 txs=10776670 mgas=401104 bps=946.6 tps=6231 mgps=293.5 avgBps=4317 avgTps=19723 avgMGps=734.1 elapsed=9m6s388ms
Aug 26 18:58:25 nimbus-eth1-mainnet-long-benchmark[4120996]: INF 2026-08-26 18:58:25.923+00:00 Imported blocks                            blockNumber=2367489 slot=1 blocks=2367488 txs=10849156 mgas=406541 bps=227.8 tps=2015 mgps=151.2 avgBps=4065 avgTps=18630 avgMGps=698.1 elapsed=9m42s344ms
Aug 26 18:58:59 nimbus-eth1-mainnet-long-benchmark[4120996]: INF 2026-08-26 18:58:59.935+00:00 Imported blocks                            blockNumber=2375681 slot=1 blocks=2375680 txs=10913507 mgas=410497 bps=240.9 tps=1892 mgps=116.3 avgBps=3854 avgTps=17706 avgMGps=666.0 elapsed=10m16s351ms
Aug 26 18:59:25 nimbus-eth1-mainnet-long-benchmark[4120996]: INF 2026-08-26 18:59:25.682+00:00 Imported blocks                            blockNumber=2383873 slot=1 blocks=2383872 txs=10985657 mgas=414672 bps=318.2 tps=2802 mgps=162.1 avgBps=3712 avgTps=17108 avgMGps=645.8 elapsed=10m42s99ms
Aug 26 19:00:14 nimbus-eth1-mainnet-long-benchmark[4120996]: INF 2026-08-26 19:00:14.221+00:00 Imported blocks                            blockNumber=2392065 slot=1 blocks=2392064 txs=11037968 mgas=418259 bps=168.8 tps=1077 mgps=73.90 avgBps=3463 avgTps=15982 avgMGps=605.6 elapsed=11m30s636ms
Aug 26 19:02:01 nimbus-eth1-mainnet-long-benchmark[4120996]: INF 2026-08-26 19:02:01.188+00:00 Imported blocks                            blockNumber=2400257 slot=1 blocks=2400256 txs=11098723 mgas=421639 bps=76.58 tps=568.0 mgps=31.60 avgBps=3009 avgTps=13915 avgMGps=528.6 elapsed=13m17s607ms
Aug 26 19:03:28 nimbus-eth1-mainnet-long-benchmark[4120996]: INF 2026-08-26 19:03:28.402+00:00 Imported blocks                            blockNumber=2408449 slot=1 blocks=2408448 txs=11153117 mgas=425129 bps=93.93 tps=623.7 mgps=40.01 avgBps=2721 avgTps=12604 avgMGps=480.5 elapsed=14m44s819ms
Aug 26 19:04:21 nimbus-eth1-mainnet-long-benchmark[4120996]: INF 2026-08-26 19:04:21.041+00:00 Imported blocks                            blockNumber=2416641 slot=1 blocks=2416640 txs=11212866 mgas=428700 bps=155.6 tps=1135 mgps=67.85 avgBps=2577 avgTps=11960 avgMGps=457.3 elapsed=15m37s459ms
Aug 26 19:05:30 nimbus-eth1-mainnet-long-benchmark[4120996]: INF 2026-08-26 19:05:30.664+00:00 Imported blocks                            blockNumber=2424833 slot=1 blocks=2424832 txs=11265767 mgas=430841 bps=117.7 tps=759.8 mgps=30.74 avgBps=2407 avgTps=11186 avgMGps=427.8 elapsed=16m47s83ms
Aug 26 19:07:00 nimbus-eth1-mainnet-long-benchmark[4120996]: INF 2026-08-26 19:07:00.083+00:00 Imported blocks                            blockNumber=2433025 slot=1 blocks=2433024 txs=11307750 mgas=432905 bps=91.62 tps=469.5 mgps=23.09 avgBps=2218 avgTps=10312 avgMGps=394.8 elapsed=18m16s500ms
Aug 26 19:07:35 nimbus-eth1-mainnet-long-benchmark[4120996]: INF 2026-08-26 19:07:35.134+00:00 Imported blocks                            blockNumber=2441217 slot=1 blocks=2441216 txs=11360239 mgas=434846 bps=233.7 tps=1497 mgps=55.36 avgBps=2157 avgTps=10039 avgMGps=384.3 elapsed=18m51s551ms
Aug 26 19:07:51 nimbus-eth1-mainnet-long-benchmark[4120996]: INF 2026-08-26 19:07:51.038+00:00 Imported blocks                            blockNumber=2449409 slot=1 blocks=2449408 txs=11407271 mgas=436263 bps=515.1 tps=2957 mgps=89.08 avgBps=2134 avgTps=9941 avgMGps=380.2 elapsed=19m7s455ms
Aug 26 19:08:12 nimbus-eth1-mainnet-long-benchmark[4120996]: INF 2026-08-26 19:08:12.294+00:00 Imported blocks                            blockNumber=2457601 slot=1 blocks=2457600 txs=11457392 mgas=437680 bps=385.4 tps=2357 mgps=66.66 avgBps=2102 avgTps=9803 avgMGps=374.5 elapsed=19m28s711ms
Aug 26 19:08:30 nimbus-eth1-mainnet-long-benchmark[4120996]: INF 2026-08-26 19:08:30.249+00:00 Imported blocks                            blockNumber=2465793 slot=1 blocks=2465792 txs=11521389 mgas=439739 bps=456.3 tps=3564 mgps=114.7 avgBps=2077 avgTps=9709 avgMGps=370.6 elapsed=19m46s665ms
Aug 26 19:09:18 nimbus-eth1-mainnet-long-benchmark[4120996]: INF 2026-08-26 19:09:18.993+00:00 Imported blocks                            blockNumber=2473985 slot=1 blocks=2473984 txs=11574002 mgas=445154 bps=168.1 tps=1079 mgps=111.1 avgBps=2002 avgTps=9368 avgMGps=360.3 elapsed=20m35s411ms
Aug 26 19:09:22 nimbus-eth1-mainnet-long-benchmark[4120996]: INF 2026-08-26 19:09:22.281+00:00 Imported blocks                            blockNumber=2482177 slot=1 blocks=2482176 txs=11651646 mgas=447355 bps=2491 tps=23610 mgps=669.2 avgBps=2003 avgTps=9406 avgMGps=361.1 elapsed=20m38s700ms
Aug 26 19:09:23 nimbus-eth1-mainnet-long-benchmark[4120996]: INF 2026-08-26 19:09:23.797+00:00 Imported blocks                            blockNumber=2490369 slot=1 blocks=2490368 txs=11699590 mgas=448737 bps=5416 tps=31697 mgps=913.4 avgBps=2008 avgTps=9433 avgMGps=361.8 elapsed=20m40s212ms
Aug 26 19:09:25 nimbus-eth1-mainnet-long-benchmark[4120996]: INF 2026-08-26 19:09:25.433+00:00 Imported blocks                            blockNumber=2498561 slot=1 blocks=2498560 txs=11757700 mgas=450442 bps=5007 tps=35523 mgps=1042 avgBps=2011 avgTps=9467 avgMGps=362.7 elapsed=20m41s848ms
Aug 26 19:09:27 nimbus-eth1-mainnet-long-benchmark[4120996]: INF 2026-08-26 19:09:27.332+00:00 Imported blocks                            blockNumber=2506753 slot=1 blocks=2506752 txs=11825797 mgas=452734 bps=4306 tps=35801 mgps=1205 avgBps=2015 avgTps=9508 avgMGps=364.0 elapsed=20m43s750ms
Aug 26 19:09:29 nimbus-eth1-mainnet-long-benchmark[4120996]: INF 2026-08-26 19:09:29.088+00:00 Imported blocks                            blockNumber=2514945 slot=1 blocks=2514944 txs=11885089 mgas=454533 bps=4669 tps=33796 mgps=1025 avgBps=2019 avgTps=9542 avgMGps=364.9 elapsed=20m45s504ms
Aug 26 19:09:30 nimbus-eth1-mainnet-long-benchmark[4120996]: INF 2026-08-26 19:09:30.824+00:00 Imported blocks                            blockNumber=2523137 slot=1 blocks=2523136 txs=11944882 mgas=456318 bps=4717 tps=34432 mgps=1027 avgBps=2022 avgTps=9577 avgMGps=365.9 elapsed=20m47s241ms
Aug 26 19:09:32 nimbus-eth1-mainnet-long-benchmark[4120996]: INF 2026-08-26 19:09:32.480+00:00 Imported blocks                            blockNumber=2531329 slot=1 blocks=2531328 txs=12002575 mgas=457974 bps=4941 tps=34801 mgps=999.1 avgBps=2026 avgTps=9610 avgMGps=366.7 elapsed=20m48s899ms
Aug 26 19:09:34 nimbus-eth1-mainnet-long-benchmark[4120996]: INF 2026-08-26 19:09:34.032+00:00 Imported blocks                            blockNumber=2539521 slot=1 blocks=2539520 txs=12058269 mgas=459602 bps=5285 tps=35935 mgps=1050 avgBps=2030 avgTps=9643 avgMGps=367.5 elapsed=20m50s449ms
Aug 26 19:09:35 nimbus-eth1-mainnet-long-benchmark[4120996]: INF 2026-08-26 19:09:35.784+00:00 Imported blocks                            blockNumber=2547713 slot=1 blocks=2547712 txs=12121506 mgas=461509 bps=4667 tps=36027 mgps=1086 avgBps=2034 avgTps=9680 avgMGps=368.6 elapsed=20m52s204ms
Aug 26 19:09:37 nimbus-eth1-mainnet-long-benchmark[4120996]: INF 2026-08-26 19:09:37.488+00:00 Imported blocks                            blockNumber=2555905 slot=1 blocks=2555904 txs=12182901 mgas=463232 bps=4807 tps=36031 mgps=1011 avgBps=2038 avgTps=9715 avgMGps=369.4 elapsed=20m53s908ms
Aug 26 19:09:39 nimbus-eth1-mainnet-long-benchmark[4120996]: INF 2026-08-26 19:09:39.200+00:00 Imported blocks                            blockNumber=2564097 slot=1 blocks=2564096 txs=12240204 mgas=464808 bps=4785 tps=33472 mgps=920.7 avgBps=2042 avgTps=9748 avgMGps=370.2 elapsed=20m55s620ms
Aug 26 19:09:40 nimbus-eth1-mainnet-long-benchmark[4120996]: INF 2026-08-26 19:09:40.520+00:00 Imported blocks                            blockNumber=2572289 slot=1 blocks=2572288 txs=12285103 mgas=466051 bps=6218 tps=34081 mgps=943.7 avgBps=2046 avgTps=9773 avgMGps=370.8 elapsed=20m56s937ms
Aug 26 19:09:41 nimbus-eth1-mainnet-long-benchmark[4120996]: INF 2026-08-26 19:09:41.936+00:00 Imported blocks                            blockNumber=2580481 slot=1 blocks=2580480 txs=12335840 mgas=467433 bps=5777 tps=35785 mgps=974.6 avgBps=2050 avgTps=9803 avgMGps=371.5 elapsed=20m58s355ms
Aug 26 19:09:43 nimbus-eth1-mainnet-long-benchmark[4120996]: INF 2026-08-26 19:09:43.524+00:00 Imported blocks                            blockNumber=2588673 slot=1 blocks=2588672 txs=12389837 mgas=468957 bps=5160 tps=34014 mgps=960.0 avgBps=2054 avgTps=9833 avgMGps=372.2 elapsed=20m59s942ms
Aug 26 19:09:45 nimbus-eth1-mainnet-long-benchmark[4120996]: INF 2026-08-26 19:09:45.372+00:00 Imported blocks                            blockNumber=2596865 slot=1 blocks=2596864 txs=12446592 mgas=470825 bps=4433 tps=30713 mgps=1011 avgBps=2058 avgTps=9864 avgMGps=373.1 elapsed=21m1s790ms
Aug 26 19:09:47 nimbus-eth1-mainnet-long-benchmark[4120996]: INF 2026-08-26 19:09:47.044+00:00 Imported blocks                            blockNumber=2605057 slot=1 blocks=2605056 txs=12501171 mgas=472679 bps=4901 tps=32658 mgps=1109 avgBps=2061 avgTps=9894 avgMGps=374.1 elapsed=21m3s461ms
Aug 26 19:09:48 nimbus-eth1-mainnet-long-benchmark[4120996]: INF 2026-08-26 19:09:48.704+00:00 Imported blocks                            blockNumber=2613249 slot=1 blocks=2613248 txs=12559108 mgas=474428 bps=4937 tps=34917 mgps=1054 avgBps=2065 avgTps=9927 avgMGps=375.0 elapsed=21m5s121ms
Aug 26 19:09:50 nimbus-eth1-mainnet-long-benchmark[4120996]: INF 2026-08-26 19:09:50.360+00:00 Imported blocks                            blockNumber=2621441 slot=1 blocks=2621440 txs=12613938 mgas=476083 bps=4945 tps=33101 mgps=999.0 avgBps=2069 avgTps=9957 avgMGps=375.8 elapsed=21m6s777ms
Aug 26 19:09:52 nimbus-eth1-mainnet-long-benchmark[4120996]: INF 2026-08-26 19:09:52.060+00:00 Imported blocks                            blockNumber=2629633 slot=1 blocks=2629632 txs=12673625 mgas=478015 bps=4811 tps=35056 mgps=1135 avgBps=2073 avgTps=9991 avgMGps=376.8 elapsed=21m8s480ms
Aug 26 19:09:53 nimbus-eth1-mainnet-long-benchmark[4120996]: INF 2026-08-26 19:09:53.760+00:00 Imported blocks                            blockNumber=2637825 slot=1 blocks=2637824 txs=12731723 mgas=479847 bps=4820 tps=34190 mgps=1078 avgBps=2076 avgTps=10023 avgMGps=377.8 elapsed=21m10s179ms
Aug 26 19:09:55 nimbus-eth1-mainnet-long-benchmark[4120996]: INF 2026-08-26 19:09:55.416+00:00 Imported blocks                            blockNumber=2646017 slot=1 blocks=2646016 txs=12789300 mgas=481580 bps=4944 tps=34753 mgps=1045 avgBps=2080 avgTps=10055 avgMGps=378.6 elapsed=21m11s836ms
Aug 26 19:09:56 nimbus-eth1-mainnet-long-benchmark[4120996]: INF 2026-08-26 19:09:56.916+00:00 Imported blocks                            blockNumber=2654209 slot=1 blocks=2654208 txs=12845817 mgas=483271 bps=5466 tps=37713 mgps=1128 avgBps=2084 avgTps=10088 avgMGps=379.5 elapsed=21m13s334ms
Aug 26 19:09:58 nimbus-eth1-mainnet-long-benchmark[4120996]: INF 2026-08-26 19:09:58.508+00:00 Imported blocks                            blockNumber=2662401 slot=1 blocks=2662400 txs=12900725 mgas=484852 bps=5148 tps=34509 mgps=993.4 avgBps=2088 avgTps=10118 avgMGps=380.3 elapsed=21m14s925ms
Aug 26 19:10:00 nimbus-eth1-mainnet-long-benchmark[4120996]: INF 2026-08-26 19:10:00.016+00:00 Imported blocks                            blockNumber=2670593 slot=1 blocks=2670592 txs=12957314 mgas=486633 bps=5425 tps=37477 mgps=1179 avgBps=2092 avgTps=10151 avgMGps=381.2 elapsed=21m16s435ms
Aug 26 19:10:13 nimbus-eth1-mainnet-long-benchmark[4120996]: INF 2026-08-26 19:10:13.896+00:00 Imported blocks                            blockNumber=2678785 slot=1 blocks=2678784 txs=13042809 mgas=489231 bps=590.3 tps=6160 mgps=187.2 avgBps=2076 avgTps=10108 avgMGps=379.2 elapsed=21m30s313ms
Aug 26 19:11:23 nimbus-eth1-mainnet-long-benchmark[4120996]: INF 2026-08-26 19:11:23.991+00:00 Imported blocks                            blockNumber=2686977 slot=1 blocks=2686976 txs=13102505 mgas=493206 bps=116.9 tps=851.7 mgps=56.71 avgBps=1975 avgTps=9631 avgMGps=362.5 elapsed=22m40s407ms
Aug 26 19:12:05 nimbus-eth1-mainnet-long-benchmark[4120996]: INF 2026-08-26 19:12:05.966+00:00 Imported blocks                            blockNumber=2695169 slot=1 blocks=2695168 txs=13174967 mgas=497320 bps=195.2 tps=1726 mgps=98.01 avgBps=1921 avgTps=9394 avgMGps=354.6 elapsed=23m22s381ms
Aug 26 19:13:10 nimbus-eth1-mainnet-long-benchmark[4120996]: INF 2026-08-26 19:13:10.533+00:00 Imported blocks                            blockNumber=2703361 slot=1 blocks=2703360 txs=13230693 mgas=502063 bps=126.9 tps=863.1 mgps=73.46 avgBps=1842 avgTps=9019 avgMGps=342.3 elapsed=24m26s949ms
Aug 26 19:14:36 nimbus-eth1-mainnet-long-benchmark[4120996]: INF 2026-08-26 19:14:36.531+00:00 Imported blocks                            blockNumber=2711553 slot=1 blocks=2711552 txs=13295947 mgas=508411 bps=95.26 tps=758.8 mgps=73.82 avgBps=1746 avgTps=8561 avgMGps=327.4 elapsed=25m52s949ms
Aug 26 19:15:26 nimbus-eth1-mainnet-long-benchmark[4120996]: INF 2026-08-26 19:15:26.275+00:00 Imported blocks                            blockNumber=2719745 slot=1 blocks=2719744 txs=13360374 mgas=513611 bps=164.7 tps=1295 mgps=104.5 avgBps=1696 avgTps=8336 avgMGps=320.5 elapsed=26m42s691ms
Aug 26 19:15:28 nimbus-eth1-mainnet-long-benchmark[4120996]: INF 2026-08-26 19:15:28.391+00:00 Imported blocks                            blockNumber=2727937 slot=1 blocks=2727936 txs=13411218 mgas=515296 bps=3873 tps=24043 mgps=796.6 avgBps=1699 avgTps=8356 avgMGps=321.1 elapsed=26m44s806ms
Aug 26 19:15:29 nimbus-eth1-mainnet-long-benchmark[4120996]: INF 2026-08-26 19:15:29.931+00:00 Imported blocks                            blockNumber=2736129 slot=1 blocks=2736128 txs=13465915 mgas=516948 bps=5322 tps=35536 mgps=1073 avgBps=1703 avgTps=8382 avgMGps=321.8 elapsed=26m46s345ms
Aug 26 19:15:31 nimbus-eth1-mainnet-long-benchmark[4120996]: INF 2026-08-26 19:15:31.403+00:00 Imported blocks                            blockNumber=2744321 slot=1 blocks=2744320 txs=13518966 mgas=518696 bps=5566 tps=36045 mgps=1187 avgBps=1706 avgTps=8408 avgMGps=322.6 elapsed=26m47s817ms
Aug 26 19:15:33 nimbus-eth1-mainnet-long-benchmark[4120996]: INF 2026-08-26 19:15:33.039+00:00 Imported blocks                            blockNumber=2752513 slot=1 blocks=2752512 txs=13574305 mgas=520675 bps=5005 tps=33815 mgps=1209 avgBps=1710 avgTps=8434 avgMGps=323.5 elapsed=26m49s453ms
Aug 26 19:15:34 nimbus-eth1-mainnet-long-benchmark[4120996]: INF 2026-08-26 19:15:34.683+00:00 Imported blocks                            blockNumber=2760705 slot=1 blocks=2760704 txs=13639152 mgas=522739 bps=4977 tps=39404 mgps=1253 avgBps=1713 avgTps=8465 avgMGps=324.5 elapsed=26m51s99ms
Aug 26 19:15:36 nimbus-eth1-mainnet-long-benchmark[4120996]: INF 2026-08-26 19:15:36.267+00:00 Imported blocks                            blockNumber=2768897 slot=1 blocks=2768896 txs=13694429 mgas=524543 bps=5175 tps=34924 mgps=1139 avgBps=1716 avgTps=8491 avgMGps=325.3 elapsed=26m52s682ms
Aug 26 19:15:37 nimbus-eth1-mainnet-long-benchmark[4120996]: INF 2026-08-26 19:15:37.839+00:00 Imported blocks                            blockNumber=2777089 slot=1 blocks=2777088 txs=13750452 mgas=526320 bps=5210 tps=35631 mgps=1129 avgBps=1720 avgTps=8518 avgMGps=326.0 elapsed=26m54s254ms
Aug 26 19:15:39 nimbus-eth1-mainnet-long-benchmark[4120996]: INF 2026-08-26 19:15:39.390+00:00 Imported blocks                            blockNumber=2785281 slot=1 blocks=2785280 txs=13803443 mgas=528046 bps=5285 tps=34188 mgps=1113 avgBps=1723 avgTps=8542 avgMGps=326.8 elapsed=26m55s804ms
Aug 26 19:15:40 nimbus-eth1-mainnet-long-benchmark[4120996]: INF 2026-08-26 19:15:40.890+00:00 Imported blocks                            blockNumber=2793473 slot=1 blocks=2793472 txs=13856067 mgas=530259 bps=5450 tps=35016 mgps=1472 avgBps=1727 avgTps=8567 avgMGps=327.9 elapsed=26m57s307ms
Aug 26 19:15:42 nimbus-eth1-mainnet-long-benchmark[4120996]: INF 2026-08-26 19:15:42.526+00:00 Imported blocks                            blockNumber=2801665 slot=1 blocks=2801664 txs=13911305 mgas=532070 bps=5006 tps=33757 mgps=1106 avgBps=1730 avgTps=8592 avgMGps=328.7 elapsed=26m58s943ms
Aug 26 19:15:44 nimbus-eth1-mainnet-long-benchmark[4120996]: INF 2026-08-26 19:15:44.390+00:00 Imported blocks                            blockNumber=2809857 slot=1 blocks=2809856 txs=13975285 mgas=534426 bps=4399 tps=34358 mgps=1265 avgBps=1733 avgTps=8622 avgMGps=329.7 elapsed=27m805ms941us
Aug 26 19:15:46 nimbus-eth1-mainnet-long-benchmark[4120996]: INF 2026-08-26 19:15:46.322+00:00 Imported blocks                            blockNumber=2818049 slot=1 blocks=2818048 txs=14041028 mgas=536875 bps=4239 tps=34024 mgps=1267 avgBps=1736 avgTps=8652 avgMGps=330.8 elapsed=27m2s738ms
Aug 26 19:15:47 nimbus-eth1-mainnet-long-benchmark[4120996]: INF 2026-08-26 19:15:47.886+00:00 Imported blocks                            blockNumber=2826241 slot=1 blocks=2826240 txs=14095999 mgas=538756 bps=5240 tps=35166 mgps=1203 avgBps=1739 avgTps=8678 avgMGps=331.7 elapsed=27m4s301ms
Aug 26 19:15:49 nimbus-eth1-mainnet-long-benchmark[4120996]: INF 2026-08-26 19:15:49.530+00:00 Imported blocks                            blockNumber=2834433 slot=1 blocks=2834432 txs=14145661 mgas=540710 bps=4985 tps=30222 mgps=1189 avgBps=1743 avgTps=8699 avgMGps=332.6 elapsed=27m5s944ms
Aug 26 19:15:51 nimbus-eth1-mainnet-long-benchmark[4120996]: INF 2026-08-26 19:15:51.150+00:00 Imported blocks                            blockNumber=2842625 slot=1 blocks=2842624 txs=14204053 mgas=542748 bps=5054 tps=36026 mgps=1257 avgBps=1746 avgTps=8727 avgMGps=333.5 elapsed=27m7s565ms
Aug 26 19:15:52 nimbus-eth1-mainnet-long-benchmark[4120996]: INF 2026-08-26 19:15:52.878+00:00 Imported blocks                            blockNumber=2850817 slot=1 blocks=2850816 txs=14268238 mgas=544974 bps=4739 tps=37131 mgps=1287 avgBps=1749 avgTps=8757 avgMGps=334.5 elapsed=27m9s293ms
Aug 26 19:15:54 nimbus-eth1-mainnet-long-benchmark[4120996]: INF 2026-08-26 19:15:54.882+00:00 Imported blocks                            blockNumber=2859009 slot=1 blocks=2859008 txs=14344728 mgas=547460 bps=4085 tps=38145 mgps=1240 avgBps=1752 avgTps=8793 avgMGps=335.6 elapsed=27m11s299ms
Aug 26 19:15:56 nimbus-eth1-mainnet-long-benchmark[4120996]: INF 2026-08-26 19:15:56.418+00:00 Imported blocks                            blockNumber=2867201 slot=1 blocks=2867200 txs=14400411 mgas=549221 bps=5337 tps=36282 mgps=1147 avgBps=1755 avgTps=8819 avgMGps=336.4 elapsed=27m12s833ms
Aug 26 19:15:57 nimbus-eth1-mainnet-long-benchmark[4120996]: INF 2026-08-26 19:15:57.762+00:00 Imported blocks                            blockNumber=2875393 slot=1 blocks=2875392 txs=14451086 mgas=550674 bps=6091 tps=37681 mgps=1080 avgBps=1759 avgTps=8843 avgMGps=337.0 elapsed=27m14s178ms
Aug 26 19:15:59 nimbus-eth1-mainnet-long-benchmark[4120996]: INF 2026-08-26 19:15:59.190+00:00 Imported blocks                            blockNumber=2883585 slot=1 blocks=2883584 txs=14501243 mgas=552196 bps=5739 tps=35138 mgps=1066 avgBps=1763 avgTps=8865 avgMGps=337.6 elapsed=27m15s606ms
Aug 26 19:16:00 nimbus-eth1-mainnet-long-benchmark[4120996]: INF 2026-08-26 19:16:00.694+00:00 Imported blocks                            blockNumber=2891777 slot=1 blocks=2891776 txs=14559468 mgas=554056 bps=5442 tps=38685 mgps=1235 avgBps=1766 avgTps=8893 avgMGps=338.4 elapsed=27m17s111ms
Aug 26 19:16:02 nimbus-eth1-mainnet-long-benchmark[4120996]: INF 2026-08-26 19:16:02.358+00:00 Imported blocks                            blockNumber=2899969 slot=1 blocks=2899968 txs=14619612 mgas=556140 bps=4930 tps=36201 mgps=1254 avgBps=1769 avgTps=8921 avgMGps=339.4 elapsed=27m18s772ms
Aug 26 19:16:04 nimbus-eth1-mainnet-long-benchmark[4120996]: INF 2026-08-26 19:16:03.998+00:00 Imported blocks                            blockNumber=2908161 slot=1 blocks=2908160 txs=14680600 mgas=558227 bps=4988 tps=37138 mgps=1270 avgBps=1772 avgTps=8949 avgMGps=340.3 elapsed=27m20s414ms
Aug 26 19:16:05 nimbus-eth1-mainnet-long-benchmark[4120996]: INF 2026-08-26 19:16:05.482+00:00 Imported blocks                            blockNumber=2916353 slot=1 blocks=2916352 txs=14734902 mgas=559941 bps=5527 tps=36637 mgps=1156 avgBps=1776 avgTps=8974 avgMGps=341.0 elapsed=27m21s896ms
Aug 26 19:16:06 nimbus-eth1-mainnet-long-benchmark[4120996]: INF 2026-08-26 19:16:06.966+00:00 Imported blocks                            blockNumber=2924545 slot=1 blocks=2924544 txs=14785597 mgas=561526 bps=5521 tps=34170 mgps=1068 avgBps=1779 avgTps=8997 avgMGps=341.7 elapsed=27m23s380ms
Aug 26 19:16:08 nimbus-eth1-mainnet-long-benchmark[4120996]: INF 2026-08-26 19:16:08.878+00:00 Imported blocks                            blockNumber=2932737 slot=1 blocks=2932736 txs=14848623 mgas=563831 bps=4281 tps=32937 mgps=1204 avgBps=1782 avgTps=9024 avgMGps=342.7 elapsed=27m25s294ms
Aug 26 19:16:10 nimbus-eth1-mainnet-long-benchmark[4120996]: INF 2026-08-26 19:16:10.722+00:00 Imported blocks                            blockNumber=2940929 slot=1 blocks=2940928 txs=14916103 mgas=566036 bps=4444 tps=36608 mgps=1196 avgBps=1785 avgTps=9055 avgMGps=343.6 elapsed=27m27s137ms
Aug 26 19:16:12 nimbus-eth1-mainnet-long-benchmark[4120996]: INF 2026-08-26 19:16:12.450+00:00 Imported blocks                            blockNumber=2949121 slot=1 blocks=2949120 txs=14977936 mgas=568008 bps=4742 tps=35794 mgps=1141 avgBps=1788 avgTps=9083 avgMGps=344.5 elapsed=27m28s864ms
Aug 26 19:16:14 nimbus-eth1-mainnet-long-benchmark[4120996]: INF 2026-08-26 19:16:14.118+00:00 Imported blocks                            blockNumber=2957313 slot=1 blocks=2957312 txs=15036441 mgas=569938 bps=4909 tps=35063 mgps=1156 avgBps=1791 avgTps=9110 avgMGps=345.3 elapsed=27m30s533ms
Aug 26 19:16:15 nimbus-eth1-mainnet-long-benchmark[4120996]: INF 2026-08-26 19:16:15.858+00:00 Imported blocks                            blockNumber=2965505 slot=1 blocks=2965504 txs=15096140 mgas=571876 bps=4707 tps=34303 mgps=1113 avgBps=1794 avgTps=9136 avgMGps=346.1 elapsed=27m32s273ms
Aug 26 19:16:17 nimbus-eth1-mainnet-long-benchmark[4120996]: INF 2026-08-26 19:16:17.630+00:00 Imported blocks                            blockNumber=2973697 slot=1 blocks=2973696 txs=15159231 mgas=574120 bps=4619 tps=35577 mgps=1265 avgBps=1797 avgTps=9164 avgMGps=347.1 elapsed=27m34s47ms
Aug 26 19:16:19 nimbus-eth1-mainnet-long-benchmark[4120996]: INF 2026-08-26 19:16:19.270+00:00 Imported blocks                            blockNumber=2981889 slot=1 blocks=2981888 txs=15224105 mgas=576257 bps=5001 tps=39607 mgps=1304 avgBps=1800 avgTps=9195 avgMGps=348.0 elapsed=27m35s684ms
Aug 26 19:16:21 nimbus-eth1-mainnet-long-benchmark[4120996]: INF 2026-08-26 19:16:21.058+00:00 Imported blocks                            blockNumber=2990081 slot=1 blocks=2990080 txs=15294843 mgas=578655 bps=4579 tps=39543 mgps=1340 avgBps=1803 avgTps=9227 avgMGps=349.1 elapsed=27m37s473ms
Aug 26 19:16:22 nimbus-eth1-mainnet-long-benchmark[4120996]: INF 2026-08-26 19:16:22.598+00:00 Imported blocks                            blockNumber=2998273 slot=1 blocks=2998272 txs=15353746 mgas=580508 bps=5311 tps=38190 mgps=1201 avgBps=1807 avgTps=9254 avgMGps=349.9 elapsed=27m39s16ms
Aug 26 19:16:24 nimbus-eth1-mainnet-long-benchmark[4120996]: INF 2026-08-26 19:16:24.126+00:00 Imported blocks                            blockNumber=3006465 slot=1 blocks=3006464 txs=15408119 mgas=582275 bps=5367 tps=35625 mgps=1157 avgBps=1810 avgTps=9278 avgMGps=350.7 elapsed=27m40s542ms
Aug 26 19:16:25 nimbus-eth1-mainnet-long-benchmark[4120996]: INF 2026-08-26 19:16:25.842+00:00 Imported blocks                            blockNumber=3014657 slot=1 blocks=3014656 txs=15473146 mgas=584569 bps=4768 tps=37852 mgps=1335 avgBps=1813 avgTps=9308 avgMGps=351.7 elapsed=27m42s260ms
Aug 26 19:16:27 nimbus-eth1-mainnet-long-benchmark[4120996]: INF 2026-08-26 19:16:27.562+00:00 Imported blocks                            blockNumber=3022849 slot=1 blocks=3022848 txs=15534068 mgas=586597 bps=4763 tps=35425 mgps=1178 avgBps=1816 avgTps=9335 avgMGps=352.5 elapsed=27m43s980ms
Aug 26 19:16:29 nimbus-eth1-mainnet-long-benchmark[4120996]: INF 2026-08-26 19:16:29.258+00:00 Imported blocks                            blockNumber=3031041 slot=1 blocks=3031040 txs=15592616 mgas=588557 bps=4834 tps=34550 mgps=1156 avgBps=1819 avgTps=9361 avgMGps=353.3 elapsed=27m45s674ms
Aug 26 19:16:30 nimbus-eth1-mainnet-long-benchmark[4120996]: INF 2026-08-26 19:16:30.962+00:00 Imported blocks                            blockNumber=3039233 slot=1 blocks=3039232 txs=15653931 mgas=590563 bps=4807 tps=35980 mgps=1176 avgBps=1822 avgTps=9388 avgMGps=354.2 elapsed=27m47s378ms
Aug 26 19:16:32 nimbus-eth1-mainnet-long-benchmark[4120996]: INF 2026-08-26 19:16:32.746+00:00 Imported blocks                            blockNumber=3047425 slot=1 blocks=3047424 txs=15716022 mgas=592712 bps=4590 tps=34793 mgps=1204 avgBps=1825 avgTps=9415 avgMGps=355.1 elapsed=27m49s163ms
Aug 26 19:16:34 nimbus-eth1-mainnet-long-benchmark[4120996]: INF 2026-08-26 19:16:34.662+00:00 Imported blocks                            blockNumber=3055617 slot=1 blocks=3055616 txs=15783949 mgas=595165 bps=4281 tps=35498 mgps=1281 avgBps=1828 avgTps=9445 avgMGps=356.2 elapsed=27m51s76ms
Aug 26 19:16:36 nimbus-eth1-mainnet-long-benchmark[4120996]: INF 2026-08-26 19:16:36.526+00:00 Imported blocks                            blockNumber=3063809 slot=1 blocks=3063808 txs=15845967 mgas=597457 bps=4395 tps=33273 mgps=1229 avgBps=1831 avgTps=9471 avgMGps=357.1 elapsed=27m52s940ms
Aug 26 19:16:38 nimbus-eth1-mainnet-long-benchmark[4120996]: INF 2026-08-26 19:16:38.398+00:00 Imported blocks                            blockNumber=3072001 slot=1 blocks=3072000 txs=15909253 mgas=599641 bps=4368 tps=33748 mgps=1164 avgBps=1834 avgTps=9499 avgMGps=358.0 elapsed=27m54s815ms
Aug 26 19:16:40 nimbus-eth1-mainnet-long-benchmark[4120996]: INF 2026-08-26 19:16:40.185+00:00 Imported blocks                            blockNumber=3080193 slot=1 blocks=3080192 txs=15974922 mgas=601859 bps=4580 tps=36720 mgps=1240 avgBps=1837 avgTps=9528 avgMGps=359.0 elapsed=27m56s604ms
Aug 26 19:16:41 nimbus-eth1-mainnet-long-benchmark[4120996]: INF 2026-08-26 19:16:41.809+00:00 Imported blocks                            blockNumber=3088385 slot=1 blocks=3088384 txs=16029796 mgas=603705 bps=5053 tps=33848 mgps=1138 avgBps=1840 avgTps=9551 avgMGps=359.7 elapsed=27m58s225ms
Aug 26 19:16:43 nimbus-eth1-mainnet-long-benchmark[4120996]: INF 2026-08-26 19:16:43.573+00:00 Imported blocks                            blockNumber=3096577 slot=1 blocks=3096576 txs=16093107 mgas=605803 bps=4646 tps=35907 mgps=1190 avgBps=1843 avgTps=9579 avgMGps=360.6 elapsed=27m59s988ms
Aug 26 19:16:45 nimbus-eth1-mainnet-long-benchmark[4120996]: INF 2026-08-26 19:16:45.297+00:00 Imported blocks                            blockNumber=3104769 slot=1 blocks=3104768 txs=16152869 mgas=607928 bps=4750 tps=34654 mgps=1231 avgBps=1846 avgTps=9605 avgMGps=361.5 elapsed=28m1s713ms
Aug 26 19:16:47 nimbus-eth1-mainnet-long-benchmark[4120996]: INF 2026-08-26 19:16:47.149+00:00 Imported blocks                            blockNumber=3112961 slot=1 blocks=3112960 txs=16211766 mgas=610106 bps=4424 tps=31810 mgps=1176 avgBps=1849 avgTps=9629 avgMGps=362.4 elapsed=28m3s564ms
Aug 26 19:16:48 nimbus-eth1-mainnet-long-benchmark[4120996]: INF 2026-08-26 19:16:48.849+00:00 Imported blocks                            blockNumber=3121153 slot=1 blocks=3121152 txs=16270234 mgas=612081 bps=4813 tps=34353 mgps=1160 avgBps=1852 avgTps=9654 avgMGps=363.2 elapsed=28m5s266ms
Aug 26 19:16:50 nimbus-eth1-mainnet-long-benchmark[4120996]: INF 2026-08-26 19:16:50.585+00:00 Imported blocks                            blockNumber=3129345 slot=1 blocks=3129344 txs=16333790 mgas=614147 bps=4723 tps=36642 mgps=1191 avgBps=1854 avgTps=9682 avgMGps=364.0 elapsed=28m7s953us
Aug 26 19:16:52 nimbus-eth1-mainnet-long-benchmark[4120996]: INF 2026-08-26 19:16:52.401+00:00 Imported blocks                            blockNumber=3137537 slot=1 blocks=3137536 txs=16397918 mgas=616368 bps=4506 tps=35279 mgps=1221 avgBps=1857 avgTps=9709 avgMGps=365.0 elapsed=28m8s818ms
Aug 26 19:16:54 nimbus-eth1-mainnet-long-benchmark[4120996]: INF 2026-08-26 19:16:54.397+00:00 Imported blocks                            blockNumber=3145729 slot=1 blocks=3145728 txs=16468380 mgas=619034 bps=4108 tps=35336 mgps=1336 avgBps=1860 avgTps=9739 avgMGps=366.1 elapsed=28m10s812ms
Aug 26 19:16:56 nimbus-eth1-mainnet-long-benchmark[4120996]: INF 2026-08-26 19:16:56.333+00:00 Imported blocks                            blockNumber=3153921 slot=1 blocks=3153920 txs=16533186 mgas=621370 bps=4231 tps=33476 mgps=1207 avgBps=1863 avgTps=9767 avgMGps=367.1 elapsed=28m12s748ms
Aug 26 19:16:58 nimbus-eth1-mainnet-long-benchmark[4120996]: INF 2026-08-26 19:16:58.493+00:00 Imported blocks                            blockNumber=3162113 slot=1 blocks=3162112 txs=16603260 mgas=624101 bps=3790 tps=32427 mgps=1263 avgBps=1865 avgTps=9795 avgMGps=368.2 elapsed=28m14s909ms
Aug 26 19:17:00 nimbus-eth1-mainnet-long-benchmark[4120996]: INF 2026-08-26 19:17:00.305+00:00 Imported blocks                            blockNumber=3170305 slot=1 blocks=3170304 txs=16663680 mgas=626280 bps=4520 tps=33342 mgps=1202 avgBps=1868 avgTps=9821 avgMGps=369.1 elapsed=28m16s721ms
Aug 26 19:17:02 nimbus-eth1-mainnet-long-benchmark[4120996]: INF 2026-08-26 19:17:02.517+00:00 Imported blocks                            blockNumber=3178497 slot=1 blocks=3178496 txs=16736932 mgas=629390 bps=3698 tps=33074 mgps=1404 avgBps=1870 avgTps=9851 avgMGps=370.5 elapsed=28m18s936ms
Aug 26 19:17:04 nimbus-eth1-mainnet-long-benchmark[4120996]: INF 2026-08-26 19:17:04.701+00:00 Imported blocks                            blockNumber=3186689 slot=1 blocks=3186688 txs=16816013 mgas=632366 bps=3755 tps=36249 mgps=1364 avgBps=1873 avgTps=9885 avgMGps=371.7 elapsed=28m21s117ms
Aug 26 19:17:06 nimbus-eth1-mainnet-long-benchmark[4120996]: INF 2026-08-26 19:17:06.765+00:00 Imported blocks                            blockNumber=3194881 slot=1 blocks=3194880 txs=16887087 mgas=635171 bps=3967 tps=34422 mgps=1358 avgBps=1875 avgTps=9915 avgMGps=372.9 elapsed=28m23s182ms
Aug 26 19:17:08 nimbus-eth1-mainnet-long-benchmark[4120996]: INF 2026-08-26 19:17:08.669+00:00 Imported blocks                            blockNumber=3203073 slot=1 blocks=3203072 txs=16952065 mgas=637522 bps=4301 tps=34119 mgps=1234 avgBps=1878 avgTps=9942 avgMGps=373.9 elapsed=28m25s87ms
Aug 26 19:17:10 nimbus-eth1-mainnet-long-benchmark[4120996]: INF 2026-08-26 19:17:10.585+00:00 Imported blocks                            blockNumber=3211265 slot=1 blocks=3211264 txs=17020621 mgas=639987 bps=4280 tps=35820 mgps=1287 avgBps=1881 avgTps=9971 avgMGps=374.9 elapsed=28m27s1ms
Aug 26 19:17:12 nimbus-eth1-mainnet-long-benchmark[4120996]: INF 2026-08-26 19:17:12.441+00:00 Imported blocks                            blockNumber=3219457 slot=1 blocks=3219456 txs=17087466 mgas=642273 bps=4414 tps=36022 mgps=1232 avgBps=1883 avgTps=9999 avgMGps=375.8 elapsed=28m28s856ms
Aug 26 19:17:14 nimbus-eth1-mainnet-long-benchmark[4120996]: INF 2026-08-26 19:17:14.541+00:00 Imported blocks                            blockNumber=3227649 slot=1 blocks=3227648 txs=17163229 mgas=645386 bps=3897 tps=36048 mgps=1481 avgBps=1886 avgTps=10031 avgMGps=377.2 elapsed=28m30s958ms
Aug 26 19:17:16 nimbus-eth1-mainnet-long-benchmark[4120996]: INF 2026-08-26 19:17:16.617+00:00 Imported blocks                            blockNumber=3235841 slot=1 blocks=3235840 txs=17232917 mgas=648371 bps=3949 tps=33596 mgps=1438 avgBps=1888 avgTps=10059 avgMGps=378.5 elapsed=28m33s32ms
Aug 26 19:17:18 nimbus-eth1-mainnet-long-benchmark[4120996]: INF 2026-08-26 19:17:18.501+00:00 Imported blocks                            blockNumber=3244033 slot=1 blocks=3244032 txs=17301585 mgas=650660 bps=4343 tps=36406 mgps=1213 avgBps=1891 avgTps=10088 avgMGps=379.4 elapsed=28m34s918ms
Aug 26 19:17:20 nimbus-eth1-mainnet-long-benchmark[4120996]: INF 2026-08-26 19:17:20.597+00:00 Imported blocks                            blockNumber=3252225 slot=1 blocks=3252224 txs=17372755 mgas=653295 bps=3906 tps=33942 mgps=1256 avgBps=1894 avgTps=10117 avgMGps=380.5 elapsed=28m37s15ms
Aug 26 19:17:22 nimbus-eth1-mainnet-long-benchmark[4120996]: INF 2026-08-26 19:17:22.609+00:00 Imported blocks                            blockNumber=3260417 slot=1 blocks=3260416 txs=17443359 mgas=655777 bps=4077 tps=35142 mgps=1235 avgBps=1896 avgTps=10147 avgMGps=381.5 elapsed=28m39s24ms
Aug 26 19:17:24 nimbus-eth1-mainnet-long-benchmark[4120996]: INF 2026-08-26 19:17:24.789+00:00 Imported blocks                            blockNumber=3268609 slot=1 blocks=3268608 txs=17523233 mgas=658598 bps=3753 tps=36595 mgps=1292 avgBps=1899 avgTps=10180 avgMGps=382.6 elapsed=28m41s207ms
Aug 26 19:17:27 nimbus-eth1-mainnet-long-benchmark[4120996]: INF 2026-08-26 19:17:27.065+00:00 Imported blocks                            blockNumber=3276801 slot=1 blocks=3276800 txs=17605848 mgas=661537 bps=3600 tps=36310 mgps=1291 avgBps=1901 avgTps=10215 avgMGps=383.8 elapsed=28m43s482ms
Aug 26 19:17:29 nimbus-eth1-mainnet-long-benchmark[4120996]: INF 2026-08-26 19:17:29.465+00:00 Imported blocks                            blockNumber=3284993 slot=1 blocks=3284992 txs=17699312 mgas=664551 bps=3415 tps=38968 mgps=1256 avgBps=1903 avgTps=10255 avgMGps=385.1 elapsed=28m45s881ms
Aug 26 19:17:31 nimbus-eth1-mainnet-long-benchmark[4120996]: INF 2026-08-26 19:17:31.597+00:00 Imported blocks                            blockNumber=3293185 slot=1 blocks=3293184 txs=17780544 mgas=667179 bps=3839 tps=38072 mgps=1231 avgBps=1905 avgTps=10289 avgMGps=386.1 elapsed=28m48s14ms
Aug 26 19:17:33 nimbus-eth1-mainnet-long-benchmark[4120996]: INF 2026-08-26 19:17:33.557+00:00 Imported blocks                            blockNumber=3301377 slot=1 blocks=3301376 txs=17858324 mgas=669688 bps=4183 tps=39722 mgps=1281 avgBps=1908 avgTps=10322 avgMGps=387.1 elapsed=28m49s972ms
Aug 26 19:17:35 nimbus-eth1-mainnet-long-benchmark[4120996]: INF 2026-08-26 19:17:35.673+00:00 Imported blocks                            blockNumber=3309569 slot=1 blocks=3309568 txs=17943736 mgas=672450 bps=3871 tps=40365 mgps=1305 avgBps=1910 avgTps=10359 avgMGps=388.2 elapsed=28m52s88ms
Aug 26 19:17:37 nimbus-eth1-mainnet-long-benchmark[4120996]: INF 2026-08-26 19:17:37.597+00:00 Imported blocks                            blockNumber=3317761 slot=1 blocks=3317760 txs=18018685 mgas=674814 bps=4256 tps=38942 mgps=1228 avgBps=1913 avgTps=10391 avgMGps=389.2 elapsed=28m54s13ms
Aug 26 19:17:39 nimbus-eth1-mainnet-long-benchmark[4120996]: INF 2026-08-26 19:17:39.921+00:00 Imported blocks                            blockNumber=3325953 slot=1 blocks=3325952 txs=18108227 mgas=677822 bps=3523 tps=38512 mgps=1293 avgBps=1915 avgTps=10428 avgMGps=390.4 elapsed=28m56s338ms
Aug 26 19:17:42 nimbus-eth1-mainnet-long-benchmark[4120996]: INF 2026-08-26 19:17:42.148+00:00 Imported blocks                            blockNumber=3334145 slot=1 blocks=3334144 txs=18197609 mgas=680860 bps=3675 tps=40100 mgps=1362 avgBps=1917 avgTps=10467 avgMGps=391.6 elapsed=28m58s567ms
Aug 26 19:17:44 nimbus-eth1-mainnet-long-benchmark[4120996]: INF 2026-08-26 19:17:44.440+00:00 Imported blocks                            blockNumber=3342337 slot=1 blocks=3342336 txs=18288621 mgas=683771 bps=3576 tps=39733 mgps=1270 avgBps=1919 avgTps=10505 avgMGps=392.8 elapsed=29m857ms767us
Aug 26 19:17:47 nimbus-eth1-mainnet-long-benchmark[4120996]: INF 2026-08-26 19:17:47.464+00:00 Imported blocks                            blockNumber=3350529 slot=1 blocks=3350528 txs=18401578 mgas=688454 bps=2707 tps=37333 mgps=1547 avgBps=1921 avgTps=10552 avgMGps=394.8 elapsed=29m3s883ms
Aug 26 19:17:50 nimbus-eth1-mainnet-long-benchmark[4120996]: INF 2026-08-26 19:17:50.192+00:00 Imported blocks                            blockNumber=3358721 slot=1 blocks=3358720 txs=18510065 mgas=692279 bps=3004 tps=39787 mgps=1402 avgBps=1922 avgTps=10597 avgMGps=396.4 elapsed=29m6s610ms
Aug 26 19:17:53 nimbus-eth1-mainnet-long-benchmark[4120996]: INF 2026-08-26 19:17:53.448+00:00 Imported blocks                            blockNumber=3366913 slot=1 blocks=3366912 txs=18660313 mgas=697136 bps=2514 tps=46125 mgps=1490 avgBps=1924 avgTps=10663 avgMGps=398.4 elapsed=29m9s867ms
Aug 26 19:17:56 nimbus-eth1-mainnet-long-benchmark[4120996]: INF 2026-08-26 19:17:56.476+00:00 Imported blocks                            blockNumber=3375105 slot=1 blocks=3375104 txs=18789723 mgas=701165 bps=2705 tps=42738 mgps=1330 avgBps=1925 avgTps=10719 avgMGps=400.0 elapsed=29m12s895ms
Aug 26 19:17:59 nimbus-eth1-mainnet-long-benchmark[4120996]: INF 2026-08-26 19:17:59.152+00:00 Imported blocks                            blockNumber=3383297 slot=1 blocks=3383296 txs=18908682 mgas=704762 bps=3060 tps=44446 mgps=1343 avgBps=1927 avgTps=10770 avgMGps=401.4 elapsed=29m15s571ms
Aug 26 19:18:01 nimbus-eth1-mainnet-long-benchmark[4120996]: INF 2026-08-26 19:18:01.816+00:00 Imported blocks                            blockNumber=3391489 slot=1 blocks=3391488 txs=19021713 mgas=708381 bps=3076 tps=42452 mgps=1359 avgBps=1928 avgTps=10818 avgMGps=402.9 elapsed=29m18s234ms
Aug 26 19:18:04 nimbus-eth1-mainnet-long-benchmark[4120996]: INF 2026-08-26 19:18:04.420+00:00 Imported blocks                            blockNumber=3399681 slot=1 blocks=3399680 txs=19131415 mgas=711977 bps=3146 tps=42129 mgps=1380 avgBps=1930 avgTps=10864 avgMGps=404.3 elapsed=29m20s838ms
Aug 26 19:18:06 nimbus-eth1-mainnet-long-benchmark[4120996]: INF 2026-08-26 19:18:06.992+00:00 Imported blocks                            blockNumber=3407873 slot=1 blocks=3407872 txs=19243756 mgas=715685 bps=3185 tps=43680 mgps=1441 avgBps=1932 avgTps=10912 avgMGps=405.9 elapsed=29m23s410ms
Aug 26 19:18:09 nimbus-eth1-mainnet-long-benchmark[4120996]: INF 2026-08-26 19:18:09.636+00:00 Imported blocks                            blockNumber=3416065 slot=1 blocks=3416064 txs=19364845 mgas=719460 bps=3098 tps=45802 mgps=1427 avgBps=1934 avgTps=10965 avgMGps=407.4 elapsed=29m26s53ms
Aug 26 19:18:12 nimbus-eth1-mainnet-long-benchmark[4120996]: INF 2026-08-26 19:18:12.280+00:00 Imported blocks                            blockNumber=3424257 slot=1 blocks=3424256 txs=19476133 mgas=722974 bps=3100 tps=42121 mgps=1329 avgBps=1936 avgTps=11011 avgMGps=408.8 elapsed=29m28s695ms
Aug 26 19:18:15 nimbus-eth1-mainnet-long-benchmark[4120996]: INF 2026-08-26 19:18:15.376+00:00 Imported blocks                            blockNumber=3432449 slot=1 blocks=3432448 txs=19602685 mgas=727493 bps=2642 tps=40821 mgps=1457 avgBps=1937 avgTps=11063 avgMGps=410.6 elapsed=29m31s796ms
Aug 26 19:18:18 nimbus-eth1-mainnet-long-benchmark[4120996]: INF 2026-08-26 19:18:18.244+00:00 Imported blocks                            blockNumber=3440641 slot=1 blocks=3440640 txs=19719424 mgas=731341 bps=2859 tps=40743 mgps=1342 avgBps=1938 avgTps=11111 avgMGps=412.1 elapsed=29m34s661ms
Aug 26 19:18:21 nimbus-eth1-mainnet-long-benchmark[4120996]: INF 2026-08-26 19:18:21.408+00:00 Imported blocks                            blockNumber=3448833 slot=1 blocks=3448832 txs=19856929 mgas=735991 bps=2587 tps=43438 mgps=1469 avgBps=1939 avgTps=11169 avgMGps=414.0 elapsed=29m37s826ms
Aug 26 19:18:24 nimbus-eth1-mainnet-long-benchmark[4120996]: INF 2026-08-26 19:18:24.568+00:00 Imported blocks                            blockNumber=3457025 slot=1 blocks=3457024 txs=19989301 mgas=740346 bps=2592 tps=41886 mgps=1377 avgBps=1941 avgTps=11223 avgMGps=415.7 elapsed=29m40s987ms
Aug 26 19:18:27 nimbus-eth1-mainnet-long-benchmark[4120996]: INF 2026-08-26 19:18:27.444+00:00 Imported blocks                            blockNumber=3465217 slot=1 blocks=3465216 txs=20105739 mgas=744219 bps=2849 tps=40497 mgps=1346 avgBps=1942 avgTps=11270 avgMGps=417.2 elapsed=29m43s862ms
Aug 26 19:18:30 nimbus-eth1-mainnet-long-benchmark[4120996]: INF 2026-08-26 19:18:30.944+00:00 Imported blocks                            blockNumber=3473409 slot=1 blocks=3473408 txs=20244697 mgas=748824 bps=2339 tps=39692 mgps=1315 avgBps=1943 avgTps=11326 avgMGps=419.0 elapsed=29m47s363ms
Aug 26 19:18:33 nimbus-eth1-mainnet-long-benchmark[4120996]: INF 2026-08-26 19:18:33.860+00:00 Imported blocks                            blockNumber=3481601 slot=1 blocks=3481600 txs=20359934 mgas=752728 bps=2810 tps=39538 mgps=1339 avgBps=1944 avgTps=11372 avgMGps=420.5 elapsed=29m50s277ms
Aug 26 19:18:36 nimbus-eth1-mainnet-long-benchmark[4120996]: INF 2026-08-26 19:18:36.992+00:00 Imported blocks                            blockNumber=3489793 slot=1 blocks=3489792 txs=20489247 mgas=757133 bps=2615 tps=41291 mgps=1406 avgBps=1945 avgTps=11424 avgMGps=422.2 elapsed=29m53s409ms
Aug 26 19:18:39 nimbus-eth1-mainnet-long-benchmark[4120996]: INF 2026-08-26 19:18:39.952+00:00 Imported blocks                            blockNumber=3497985 slot=1 blocks=3497984 txs=20610573 mgas=761275 bps=2766 tps=40973 mgps=1398 avgBps=1947 avgTps=11473 avgMGps=423.8 elapsed=29m56s370ms
Aug 26 19:18:42 nimbus-eth1-mainnet-long-benchmark[4120996]: INF 2026-08-26 19:18:42.632+00:00 Imported blocks                            blockNumber=3506177 slot=1 blocks=3506176 txs=20712514 mgas=764733 bps=3056 tps=38032 mgps=1290 avgBps=1948 avgTps=11513 avgMGps=425.1 elapsed=29m59s50ms
Aug 26 19:18:45 nimbus-eth1-mainnet-long-benchmark[4120996]: INF 2026-08-26 19:18:45.439+00:00 Imported blocks                            blockNumber=3514369 slot=1 blocks=3514368 txs=20816987 mgas=768535 bps=2919 tps=37231 mgps=1354 avgBps=1950 avgTps=11553 avgMGps=426.5 elapsed=30m1s856ms
Aug 26 19:18:48 nimbus-eth1-mainnet-long-benchmark[4120996]: INF 2026-08-26 19:18:48.471+00:00 Imported blocks                            blockNumber=3522561 slot=1 blocks=3522560 txs=20927650 mgas=772428 bps=2701 tps=36489 mgps=1283 avgBps=1951 avgTps=11594 avgMGps=428.0 elapsed=30m4s889ms
Aug 26 19:18:51 nimbus-eth1-mainnet-long-benchmark[4120996]: INF 2026-08-26 19:18:51.455+00:00 Imported blocks                            blockNumber=3530753 slot=1 blocks=3530752 txs=21045786 mgas=776787 bps=2744 tps=39585 mgps=1460 avgBps=1952 avgTps=11641 avgMGps=429.7 elapsed=30m7s874ms
Aug 26 19:18:54 nimbus-eth1-mainnet-long-benchmark[4120996]: INF 2026-08-26 19:18:54.547+00:00 Imported blocks                            blockNumber=3538945 slot=1 blocks=3538944 txs=21162324 mgas=780744 bps=2648 tps=37676 mgps=1279 avgBps=1954 avgTps=11685 avgMGps=431.1 elapsed=30m10s967ms
Aug 26 19:18:57 nimbus-eth1-mainnet-long-benchmark[4120996]: INF 2026-08-26 19:18:57.367+00:00 Imported blocks                            blockNumber=3547137 slot=1 blocks=3547136 txs=21259923 mgas=784269 bps=2904 tps=34608 mgps=1249 avgBps=1955 avgTps=11721 avgMGps=432.4 elapsed=30m13s787ms
Aug 26 19:19:00 nimbus-eth1-mainnet-long-benchmark[4120996]: INF 2026-08-26 19:19:00.959+00:00 Imported blocks                            blockNumber=3555329 slot=1 blocks=3555328 txs=21365417 mgas=788221 bps=2280 tps=29367 mgps=1100 avgBps=1956 avgTps=11756 avgMGps=433.7 elapsed=30m17s379ms
Aug 26 19:19:04 nimbus-eth1-mainnet-long-benchmark[4120996]: INF 2026-08-26 19:19:04.339+00:00 Imported blocks                            blockNumber=3563521 slot=1 blocks=3563520 txs=21479194 mgas=792760 bps=2424 tps=33673 mgps=1343 avgBps=1957 avgTps=11796 avgMGps=435.4 elapsed=30m20s758ms
Aug 26 19:19:08 nimbus-eth1-mainnet-long-benchmark[4120996]: INF 2026-08-26 19:19:08.075+00:00 Imported blocks                            blockNumber=3571713 slot=1 blocks=3571712 txs=21601426 mgas=797692 bps=2192 tps=32711 mgps=1319 avgBps=1957 avgTps=11839 avgMGps=437.2 elapsed=30m24s495ms
Aug 26 19:19:11 nimbus-eth1-mainnet-long-benchmark[4120996]: INF 2026-08-26 19:19:11.303+00:00 Imported blocks                            blockNumber=3579905 slot=1 blocks=3579904 txs=21714943 mgas=803063 bps=2539 tps=35184 mgps=1664 avgBps=1958 avgTps=11880 avgMGps=439.4 elapsed=30m27s721ms
Aug 26 19:19:14 nimbus-eth1-mainnet-long-benchmark[4120996]: INF 2026-08-26 19:19:14.743+00:00 Imported blocks                            blockNumber=3588097 slot=1 blocks=3588096 txs=21818694 mgas=806982 bps=2381 tps=30162 mgps=1139 avgBps=1959 avgTps=11915 avgMGps=440.7 elapsed=30m31s161ms
Aug 26 19:19:17 nimbus-eth1-mainnet-long-benchmark[4120996]: INF 2026-08-26 19:19:17.979+00:00 Imported blocks                            blockNumber=3596289 slot=1 blocks=3596288 txs=21930951 mgas=811315 bps=2528 tps=34655 mgps=1337 avgBps=1960 avgTps=11955 avgMGps=442.3 elapsed=30m34s400ms
Aug 26 19:19:21 nimbus-eth1-mainnet-long-benchmark[4120996]: INF 2026-08-26 19:19:21.771+00:00 Imported blocks                            blockNumber=3604481 slot=1 blocks=3604480 txs=22067570 mgas=816605 bps=2162 tps=36063 mgps=1396 avgBps=1960 avgTps=12005 avgMGps=444.2 elapsed=30m38s188ms
Aug 26 19:19:25 nimbus-eth1-mainnet-long-benchmark[4120996]: INF 2026-08-26 19:19:25.407+00:00 Imported blocks                            blockNumber=3612673 slot=1 blocks=3612672 txs=22210728 mgas=821860 bps=2253 tps=39388 mgps=1445 avgBps=1961 avgTps=12059 avgMGps=446.2 elapsed=30m41s823ms
Aug 26 19:19:28 nimbus-eth1-mainnet-long-benchmark[4120996]: INF 2026-08-26 19:19:28.923+00:00 Imported blocks                            blockNumber=3620865 slot=1 blocks=3620864 txs=22356473 mgas=826729 bps=2330 tps=41467 mgps=1385 avgBps=1962 avgTps=12115 avgMGps=448.0 elapsed=30m45s337ms
Aug 26 19:19:32 nimbus-eth1-mainnet-long-benchmark[4120996]: INF 2026-08-26 19:19:32.539+00:00 Imported blocks                            blockNumber=3629057 slot=1 blocks=3629056 txs=22493035 mgas=831609 bps=2265 tps=37770 mgps=1349 avgBps=1962 avgTps=12165 avgMGps=449.8 elapsed=30m48s953ms
Aug 26 19:19:36 nimbus-eth1-mainnet-long-benchmark[4120996]: INF 2026-08-26 19:19:36.683+00:00 Imported blocks                            blockNumber=3637249 slot=1 blocks=3637248 txs=22653459 mgas=838015 bps=1976 tps=38702 mgps=1545 avgBps=1962 avgTps=12224 avgMGps=452.2 elapsed=30m53s98ms
Aug 26 19:19:40 nimbus-eth1-mainnet-long-benchmark[4120996]: INF 2026-08-26 19:19:40.563+00:00 Imported blocks                            blockNumber=3645441 slot=1 blocks=3645440 txs=22803895 mgas=843797 bps=2111 tps=38766 mgps=1489 avgBps=1963 avgTps=12280 avgMGps=454.4 elapsed=30m56s979ms
Aug 26 19:19:44 nimbus-eth1-mainnet-long-benchmark[4120996]: INF 2026-08-26 19:19:44.767+00:00 Imported blocks                            blockNumber=3653633 slot=1 blocks=3653632 txs=22971454 mgas=849617 bps=1949 tps=39871 mgps=1384 avgBps=1963 avgTps=12342 avgMGps=456.5 elapsed=31m1s181ms
Aug 26 19:19:48 nimbus-eth1-mainnet-long-benchmark[4120996]: INF 2026-08-26 19:19:48.418+00:00 Imported blocks                            blockNumber=3661825 slot=1 blocks=3661824 txs=23113579 mgas=854946 bps=2242 tps=38907 mgps=1458 avgBps=1963 avgTps=12394 avgMGps=458.5 elapsed=31m4s834ms
Aug 26 19:19:52 nimbus-eth1-mainnet-long-benchmark[4120996]: INF 2026-08-26 19:19:52.334+00:00 Imported blocks                            blockNumber=3670017 slot=1 blocks=3670016 txs=23265845 mgas=861247 bps=2092 tps=38899 mgps=1609 avgBps=1963 avgTps=12449 avgMGps=460.9 elapsed=31m8s748ms
Aug 26 19:19:56 nimbus-eth1-mainnet-long-benchmark[4120996]: INF 2026-08-26 19:19:56.502+00:00 Imported blocks                            blockNumber=3678209 slot=1 blocks=3678208 txs=23435342 mgas=867818 bps=1964 tps=40642 mgps=1575 avgBps=1963 avgTps=12512 avgMGps=463.4 elapsed=31m12s919ms
Aug 26 19:20:00 nimbus-eth1-mainnet-long-benchmark[4120996]: INF 2026-08-26 19:20:00.834+00:00 Imported blocks                            blockNumber=3686401 slot=1 blocks=3686400 txs=23591592 mgas=875166 bps=1892 tps=36090 mgps=1697 avgBps=1963 avgTps=12567 avgMGps=466.2 elapsed=31m17s248ms
Aug 26 19:20:05 nimbus-eth1-mainnet-long-benchmark[4120996]: INF 2026-08-26 19:20:05.250+00:00 Imported blocks                            blockNumber=3694593 slot=1 blocks=3694592 txs=23758936 mgas=882502 bps=1853 tps=37862 mgps=1659 avgBps=1963 avgTps=12626 avgMGps=469.0 elapsed=31m21s668ms
Aug 26 19:20:09 nimbus-eth1-mainnet-long-benchmark[4120996]: INF 2026-08-26 19:20:09.854+00:00 Imported blocks                            blockNumber=3702785 slot=1 blocks=3702784 txs=23906638 mgas=890038 bps=1779 tps=32089 mgps=1637 avgBps=1963 avgTps=12674 avgMGps=471.9 elapsed=31m26s271ms
Aug 26 19:20:14 nimbus-eth1-mainnet-long-benchmark[4120996]: INF 2026-08-26 19:20:14.622+00:00 Imported blocks                            blockNumber=3710977 slot=1 blocks=3710976 txs=24074925 mgas=898232 bps=1718 tps=35309 mgps=1719 avgBps=1962 avgTps=12731 avgMGps=475.0 elapsed=31m31s37ms
Aug 26 19:20:20 nimbus-eth1-mainnet-long-benchmark[4120996]: INF 2026-08-26 19:20:20.454+00:00 Imported blocks                            blockNumber=3719169 slot=1 blocks=3719168 txs=24251666 mgas=908116 bps=1404 tps=30305 mgps=1694 avgBps=1960 avgTps=12785 avgMGps=478.7 elapsed=31m36s869ms
Aug 26 19:20:26 nimbus-eth1-mainnet-long-benchmark[4120996]: INF 2026-08-26 19:20:26.650+00:00 Imported blocks                            blockNumber=3727361 slot=1 blocks=3727360 txs=24465747 mgas=919567 bps=1321 tps=34546 mgps=1847 avgBps=1958 avgTps=12855 avgMGps=483.2 elapsed=31m43s66ms
Aug 26 19:20:33 nimbus-eth1-mainnet-long-benchmark[4120996]: INF 2026-08-26 19:20:33.270+00:00 Imported blocks                            blockNumber=3735553 slot=1 blocks=3735552 txs=24695074 mgas=931763 bps=1237 tps=34646 mgps=1842 avgBps=1956 avgTps=12931 avgMGps=487.9 elapsed=31m49s685ms
Aug 26 19:20:39 nimbus-eth1-mainnet-long-benchmark[4120996]: INF 2026-08-26 19:20:39.098+00:00 Imported blocks                            blockNumber=3743745 slot=1 blocks=3743744 txs=24897017 mgas=942377 bps=1405 tps=34640 mgps=1820 avgBps=1954 avgTps=12997 avgMGps=492.0 elapsed=31m55s514ms
Aug 26 19:20:46 nimbus-eth1-mainnet-long-benchmark[4120996]: INF 2026-08-26 19:20:46.050+00:00 Imported blocks                            blockNumber=3751937 slot=1 blocks=3751936 txs=25157423 mgas=954976 bps=1178 tps=37453 mgps=1812 avgBps=1951 avgTps=13086 avgMGps=496.7 elapsed=32m2s467ms
Aug 26 19:20:53 nimbus-eth1-mainnet-long-benchmark[4120996]: INF 2026-08-26 19:20:53.761+00:00 Imported blocks                            blockNumber=3760129 slot=1 blocks=3760128 txs=25435951 mgas=970755 bps=1062 tps=36121 mgps=2046 avgBps=1948 avgTps=13178 avgMGps=502.9 elapsed=32m10s178ms
Aug 26 19:21:01 nimbus-eth1-mainnet-long-benchmark[4120996]: INF 2026-08-26 19:21:01.785+00:00 Imported blocks                            blockNumber=3768321 slot=1 blocks=3768320 txs=25714964 mgas=987106 bps=1020 tps=34763 mgps=2037 avgBps=1944 avgTps=13267 avgMGps=509.3 elapsed=32m18s204ms
Aug 26 19:21:08 nimbus-eth1-mainnet-long-benchmark[4120996]: INF 2026-08-26 19:21:08.649+00:00 Imported blocks                            blockNumber=3776513 slot=1 blocks=3776512 txs=25959502 mgas=1000629 bps=1194 tps=35645 mgps=1971 avgBps=1941 avgTps=13346 avgMGps=514.4 elapsed=32m25s64ms
Aug 26 19:21:15 nimbus-eth1-mainnet-long-benchmark[4120996]: INF 2026-08-26 19:21:15.593+00:00 Imported blocks                            blockNumber=3784705 slot=1 blocks=3784704 txs=26184324 mgas=1013346 bps=1179 tps=32373 mgps=1831 avgBps=1938 avgTps=13414 avgMGps=519.1 elapsed=32m32s9ms
Aug 26 19:21:23 nimbus-eth1-mainnet-long-benchmark[4120996]: INF 2026-08-26 19:21:22.997+00:00 Imported blocks                            blockNumber=3792897 slot=1 blocks=3792896 txs=26433319 mgas=1026938 bps=1106 tps=33627 mgps=1835 avgBps=1935 avgTps=13490 avgMGps=524.1 elapsed=32m39s413ms
Aug 26 19:21:31 nimbus-eth1-mainnet-long-benchmark[4120996]: INF 2026-08-26 19:21:31.445+00:00 Imported blocks                            blockNumber=3801089 slot=1 blocks=3801088 txs=26747621 mgas=1046771 bps=969.4 tps=37194 mgps=2346 avgBps=1931 avgTps=13592 avgMGps=531.9 elapsed=32m47s863ms
Aug 26 19:21:43 nimbus-eth1-mainnet-long-benchmark[4120996]: INF 2026-08-26 19:21:43.665+00:00 Imported blocks                            blockNumber=3809281 slot=1 blocks=3809280 txs=27061297 mgas=1064751 bps=670.6 tps=25675 mgps=1471 avgBps=1923 avgTps=13666 avgMGps=537.7 elapsed=33m80ms754us
Aug 26 19:21:53 nimbus-eth1-mainnet-long-benchmark[4120996]: INF 2026-08-26 19:21:53.144+00:00 Imported blocks                            blockNumber=3817473 slot=1 blocks=3817472 txs=27341915 mgas=1081444 bps=863.9 tps=29594 mgps=1760 avgBps=1918 avgTps=13742 avgMGps=543.6 elapsed=33m9s562ms
Aug 26 19:22:02 nimbus-eth1-mainnet-long-benchmark[4120996]: INF 2026-08-26 19:22:02.000+00:00 Imported blocks                            blockNumber=3825665 slot=1 blocks=3825664 txs=27638029 mgas=1097397 bps=924.9 tps=33433 mgps=1801 avgBps=1914 avgTps=13829 avgMGps=549.1 elapsed=33m18s419ms
Aug 26 19:22:11 nimbus-eth1-mainnet-long-benchmark[4120996]: INF 2026-08-26 19:22:11.436+00:00 Imported blocks                            blockNumber=3833857 slot=1 blocks=3833856 txs=27955783 mgas=1114890 bps=868.4 tps=33682 mgps=1854 avgBps=1909 avgTps=13923 avgMGps=555.3 elapsed=33m27s853ms
Aug 26 19:22:20 nimbus-eth1-mainnet-long-benchmark[4120996]: INF 2026-08-26 19:22:20.964+00:00 Imported blocks                            blockNumber=3842049 slot=1 blocks=3842048 txs=28261640 mgas=1132042 bps=859.6 tps=32094 mgps=1799 avgBps=1904 avgTps=14009 avgMGps=561.1 elapsed=33m37s383ms
Aug 26 19:22:30 nimbus-eth1-mainnet-long-benchmark[4120996]: INF 2026-08-26 19:22:30.608+00:00 Imported blocks                            blockNumber=3850241 slot=1 blocks=3850240 txs=28586948 mgas=1148180 bps=849.4 tps=33730 mgps=1673 avgBps=1899 avgTps=14102 avgMGps=566.4 elapsed=33m47s27ms
Aug 26 19:22:41 nimbus-eth1-mainnet-long-benchmark[4120996]: INF 2026-08-26 19:22:41.048+00:00 Imported blocks                            blockNumber=3858433 slot=1 blocks=3858432 txs=28952806 mgas=1166696 bps=784.7 tps=35043 mgps=1773 avgBps=1893 avgTps=14210 avgMGps=572.6 elapsed=33m57s467ms
Aug 26 19:22:53 nimbus-eth1-mainnet-long-benchmark[4120996]: INF 2026-08-26 19:22:53.571+00:00 Imported blocks                            blockNumber=3866625 slot=1 blocks=3866624 txs=29403805 mgas=1188428 bps=654.1 tps=36009 mgps=1735 avgBps=1886 avgTps=14343 avgMGps=579.7 elapsed=34m9s992ms
Aug 26 19:23:05 nimbus-eth1-mainnet-long-benchmark[4120996]: INF 2026-08-26 19:23:05.115+00:00 Imported blocks                            blockNumber=3874817 slot=1 blocks=3874816 txs=29807677 mgas=1206857 bps=709.7 tps=34986 mgps=1596 avgBps=1879 avgTps=14458 avgMGps=585.4 elapsed=34m21s535ms
Aug 26 19:23:16 nimbus-eth1-mainnet-long-benchmark[4120996]: INF 2026-08-26 19:23:16.955+00:00 Imported blocks                            blockNumber=3883009 slot=1 blocks=3883008 txs=30207027 mgas=1225365 bps=692.0 tps=33732 mgps=1563 avgBps=1872 avgTps=14569 avgMGps=591.0 elapsed=34m33s374ms
Aug 26 19:23:27 nimbus-eth1-mainnet-long-benchmark[4120996]: INF 2026-08-26 19:23:27.939+00:00 Imported blocks                            blockNumber=3891201 slot=1 blocks=3891200 txs=30573169 mgas=1242981 bps=745.8 tps=33334 mgps=1603 avgBps=1866 avgTps=14667 avgMGps=596.3 elapsed=34m44s358ms
Aug 26 19:23:40 nimbus-eth1-mainnet-long-benchmark[4120996]: INF 2026-08-26 19:23:40.363+00:00 Imported blocks                            blockNumber=3899393 slot=1 blocks=3899392 txs=30974567 mgas=1263036 bps=659.6 tps=32321 mgps=1614 avgBps=1859 avgTps=14772 avgMGps=602.4 elapsed=34m56s777ms
Aug 26 19:23:53 nimbus-eth1-mainnet-long-benchmark[4120996]: INF 2026-08-26 19:23:53.162+00:00 Imported blocks                            blockNumber=3907585 slot=1 blocks=3907584 txs=31442086 mgas=1289672 bps=640.0 tps=36522 mgps=2080 avgBps=1852 avgTps=14904 avgMGps=611.3 elapsed=35m9s578ms
Aug 26 19:24:06 nimbus-eth1-mainnet-long-benchmark[4120996]: INF 2026-08-26 19:24:06.126+00:00 Imported blocks                            blockNumber=3915777 slot=1 blocks=3915776 txs=31890166 mgas=1317182 bps=631.9 tps=34560 mgps=2121 avgBps=1844 avgTps=15024 avgMGps=620.6 elapsed=35m22s543ms
Aug 26 19:24:18 nimbus-eth1-mainnet-long-benchmark[4120996]: INF 2026-08-26 19:24:18.622+00:00 Imported blocks                            blockNumber=3923969 slot=1 blocks=3923968 txs=32335303 mgas=1339388 bps=655.5 tps=35618 mgps=1776 avgBps=1837 avgTps=15145 avgMGps=627.3 elapsed=35m35s40ms
Aug 26 19:24:30 nimbus-eth1-mainnet-long-benchmark[4120996]: INF 2026-08-26 19:24:30.578+00:00 Imported blocks                            blockNumber=3932161 slot=1 blocks=3932160 txs=32729247 mgas=1359581 bps=685.3 tps=32953 mgps=1689 avgBps=1831 avgTps=15244 avgMGps=633.2 elapsed=35m46s994ms
Aug 26 19:24:44 nimbus-eth1-mainnet-long-benchmark[4120996]: INF 2026-08-26 19:24:44.242+00:00 Imported blocks                            blockNumber=3940353 slot=1 blocks=3940352 txs=33203684 mgas=1380729 bps=599.5 tps=34720 mgps=1547 avgBps=1823 avgTps=15367 avgMGps=639.0 elapsed=36m659ms571us
Aug 26 19:24:59 nimbus-eth1-mainnet-long-benchmark[4120996]: INF 2026-08-26 19:24:59.793+00:00 Imported blocks                            blockNumber=3948545 slot=1 blocks=3948544 txs=33656420 mgas=1405567 bps=526.8 tps=29114 mgps=1597 avgBps=1814 avgTps=15465 avgMGps=645.9 elapsed=36m16s209ms
Aug 26 19:25:13 nimbus-eth1-mainnet-long-benchmark[4120996]: INF 2026-08-26 19:25:13.645+00:00 Imported blocks                            blockNumber=3956737 slot=1 blocks=3956736 txs=34065617 mgas=1427412 bps=591.4 tps=29542 mgps=1577 avgBps=1806 avgTps=15554 avgMGps=651.8 elapsed=36m30s60ms
Aug 26 19:25:27 nimbus-eth1-mainnet-long-benchmark[4120996]: INF 2026-08-26 19:25:27.573+00:00 Imported blocks                            blockNumber=3964929 slot=1 blocks=3964928 txs=34456817 mgas=1448293 bps=588.0 tps=28079 mgps=1498 avgBps=1798 avgTps=15633 avgMGps=657.1 elapsed=36m43s992ms
Aug 26 19:25:43 nimbus-eth1-mainnet-long-benchmark[4120996]: INF 2026-08-26 19:25:43.653+00:00 Imported blocks                            blockNumber=3973121 slot=1 blocks=3973120 txs=34937474 mgas=1473277 bps=509.5 tps=29893 mgps=1553 avgBps=1789 avgTps=15737 avgMGps=663.6 elapsed=37m71ms502us
Aug 26 19:25:59 nimbus-eth1-mainnet-long-benchmark[4120996]: INF 2026-08-26 19:25:59.704+00:00 Imported blocks                            blockNumber=3981313 slot=1 blocks=3981312 txs=35377310 mgas=1497710 bps=510.3 tps=27399 mgps=1522 avgBps=1780 avgTps=15820 avgMGps=669.8 elapsed=37m16s124ms
Aug 26 19:26:15 nimbus-eth1-mainnet-long-benchmark[4120996]: INF 2026-08-26 19:26:15.048+00:00 Imported blocks                            blockNumber=3989505 slot=1 blocks=3989504 txs=35833415 mgas=1519913 bps=534.0 tps=29729 mgps=1447 avgBps=1771 avgTps=15915 avgMGps=675.1 elapsed=37m31s465ms
Aug 26 19:26:28 nimbus-eth1-mainnet-long-benchmark[4120996]: INF 2026-08-26 19:26:28.512+00:00 Imported blocks                            blockNumber=3997697 slot=1 blocks=3997696 txs=36234956 mgas=1539698 bps=608.5 tps=29824 mgps=1469 avgBps=1765 avgTps=15998 avgMGps=679.8 elapsed=37m44s929ms
Aug 26 19:26:43 nimbus-eth1-mainnet-long-benchmark[4120996]: INF 2026-08-26 19:26:43.388+00:00 Imported blocks                            blockNumber=4005889 slot=1 blocks=4005888 txs=36703407 mgas=1561188 bps=550.6 tps=31486 mgps=1444 avgBps=1757 avgTps=16099 avgMGps=684.8 elapsed=37m59s807ms
Aug 26 19:27:00 nimbus-eth1-mainnet-long-benchmark[4120996]: INF 2026-08-26 19:27:00.971+00:00 Imported blocks                            blockNumber=4014081 slot=1 blocks=4014080 txs=37224496 mgas=1586802 bps=465.9 tps=29636 mgps=1456 avgBps=1747 avgTps=16202 avgMGps=690.7 elapsed=38m17s390ms
Aug 26 19:27:16 nimbus-eth1-mainnet-long-benchmark[4120996]: INF 2026-08-26 19:27:16.843+00:00 Imported blocks                            blockNumber=4022273 slot=1 blocks=4022272 txs=37690228 mgas=1612379 bps=516.1 tps=29343 mgps=1611 avgBps=1738 avgTps=16293 avgMGps=697.0 elapsed=38m33s261ms
Aug 26 19:27:31 nimbus-eth1-mainnet-long-benchmark[4120996]: INF 2026-08-26 19:27:31.375+00:00 Imported blocks                            blockNumber=4030465 slot=1 blocks=4030464 txs=38112873 mgas=1631451 bps=563.6 tps=29079 mgps=1312 avgBps=1731 avgTps=16372 avgMGps=700.9 elapsed=38m47s795ms
Aug 26 19:27:46 nimbus-eth1-mainnet-long-benchmark[4120996]: INF 2026-08-26 19:27:46.579+00:00 Imported blocks                            blockNumber=4038657 slot=1 blocks=4038656 txs=38565638 mgas=1653039 bps=539.0 tps=29791 mgps=1420 avgBps=1723 avgTps=16459 avgMGps=705.5 elapsed=39m2s993ms
Aug 26 19:28:02 nimbus-eth1-mainnet-long-benchmark[4120996]: INF 2026-08-26 19:28:02.426+00:00 Imported blocks                            blockNumber=4046849 slot=1 blocks=4046848 txs=39059974 mgas=1677245 bps=516.9 tps=31192 mgps=1527 avgBps=1715 avgTps=16558 avgMGps=711.0 elapsed=39m18s841ms
Aug 26 19:28:16 nimbus-eth1-mainnet-long-benchmark[4120996]: INF 2026-08-26 19:28:16.074+00:00 Imported blocks                            blockNumber=4055041 slot=1 blocks=4055040 txs=39487144 mgas=1696973 bps=600.1 tps=31293 mgps=1445 avgBps=1709 avgTps=16643 avgMGps=715.3 elapsed=39m32s491ms
Aug 26 19:28:29 nimbus-eth1-mainnet-long-benchmark[4120996]: INF 2026-08-26 19:28:29.282+00:00 Imported blocks                            blockNumber=4063233 slot=1 blocks=4063232 txs=39896376 mgas=1714917 bps=620.4 tps=30990 mgps=1358 avgBps=1703 avgTps=16723 avgMGps=718.8 elapsed=39m45s696ms
Aug 26 19:28:44 nimbus-eth1-mainnet-long-benchmark[4120996]: INF 2026-08-26 19:28:44.774+00:00 Imported blocks                            blockNumber=4071425 slot=1 blocks=4071424 txs=40351545 mgas=1737669 bps=528.7 tps=29375 mgps=1468 avgBps=1695 avgTps=16804 avgMGps=723.7 elapsed=40m1s191ms
Aug 26 19:28:58 nimbus-eth1-mainnet-long-benchmark[4120996]: INF 2026-08-26 19:28:58.178+00:00 Imported blocks                            blockNumber=4079617 slot=1 blocks=4079616 txs=40763097 mgas=1758062 bps=611.2 tps=30704 mgps=1521 avgBps=1689 avgTps=16881 avgMGps=728.1 elapsed=40m14s595ms
Aug 26 19:29:11 nimbus-eth1-mainnet-long-benchmark[4120996]: INF 2026-08-26 19:29:11.701+00:00 Imported blocks                            blockNumber=4087809 slot=1 blocks=4087808 txs=41165923 mgas=1777579 bps=605.8 tps=29789 mgps=1443 avgBps=1683 avgTps=16953 avgMGps=732.1 elapsed=40m28s117ms
Aug 26 19:29:23 nimbus-eth1-mainnet-long-benchmark[4120996]: INF 2026-08-26 19:29:23.609+00:00 Imported blocks                            blockNumber=4096001 slot=1 blocks=4096000 txs=41516434 mgas=1795887 bps=687.9 tps=29431 mgps=1537 avgBps=1678 avgTps=17014 avgMGps=736.0 elapsed=40m40s27ms
Aug 26 19:29:38 nimbus-eth1-mainnet-long-benchmark[4120996]: INF 2026-08-26 19:29:38.565+00:00 Imported blocks                            blockNumber=4104193 slot=1 blocks=4104192 txs=41958138 mgas=1819167 bps=547.7 tps=29533 mgps=1556 avgBps=1671 avgTps=17091 avgMGps=741.0 elapsed=40m54s983ms
Aug 26 19:29:55 nimbus-eth1-mainnet-long-benchmark[4120996]: INF 2026-08-26 19:29:55.329+00:00 Imported blocks                            blockNumber=4112385 slot=1 blocks=4112384 txs=42432539 mgas=1843744 bps=488.7 tps=28300 mgps=1466 avgBps=1663 avgTps=17167 avgMGps=745.9 elapsed=41m11s746ms
Aug 26 19:30:12 nimbus-eth1-mainnet-long-benchmark[4120996]: INF 2026-08-26 19:30:12.880+00:00 Imported blocks                            blockNumber=4120577 slot=1 blocks=4120576 txs=42944928 mgas=1869613 bps=466.7 tps=29190 mgps=1473 avgBps=1655 avgTps=17251 avgMGps=751.1 elapsed=41m29s299ms
Aug 26 19:30:31 nimbus-eth1-mainnet-long-benchmark[4120996]: INF 2026-08-26 19:30:31.056+00:00 Imported blocks                            blockNumber=4128769 slot=1 blocks=4128768 txs=43484550 mgas=1895091 bps=450.7 tps=29689 mgps=1401 avgBps=1646 avgTps=17341 avgMGps=755.8 elapsed=41m47s475ms
Aug 26 19:30:51 nimbus-eth1-mainnet-long-benchmark[4120996]: INF 2026-08-26 19:30:51.352+00:00 Imported blocks                            blockNumber=4136961 slot=1 blocks=4136960 txs=44096680 mgas=1925617 bps=403.6 tps=30158 mgps=1503 avgBps=1636 avgTps=17444 avgMGps=761.8 elapsed=42m7s772ms
Aug 26 19:31:12 nimbus-eth1-mainnet-long-benchmark[4120996]: INF 2026-08-26 19:31:12.903+00:00 Imported blocks                            blockNumber=4145153 slot=1 blocks=4145152 txs=44766508 mgas=1956933 bps=380.1 tps=31082 mgps=1453 avgBps=1625 avgTps=17560 avgMGps=767.6 elapsed=42m29s321ms
Aug 26 19:31:34 nimbus-eth1-mainnet-long-benchmark[4120996]: INF 2026-08-26 19:31:34.427+00:00 Imported blocks                            blockNumber=4153345 slot=1 blocks=4153344 txs=45433684 mgas=1989715 bps=380.6 tps=30994 mgps=1522 avgBps=1615 avgTps=17672 avgMGps=774.0 elapsed=42m50s847ms
Aug 26 19:32:00 nimbus-eth1-mainnet-long-benchmark[4120996]: INF 2026-08-26 19:32:00.375+00:00 Imported blocks                            blockNumber=4161537 slot=1 blocks=4161536 txs=46235734 mgas=2029346 bps=315.8 tps=30916 mgps=1527 avgBps=1602 avgTps=17804 avgMGps=781.5 elapsed=43m16s789ms
Aug 26 19:32:30 nimbus-eth1-mainnet-long-benchmark[4120996]: INF 2026-08-26 19:32:30.102+00:00 Imported blocks                            blockNumber=4169729 slot=1 blocks=4169728 txs=47067916 mgas=2075037 bps=275.5 tps=27991 mgps=1536 avgBps=1587 avgTps=17920 avgMGps=790.0 elapsed=43m46s519ms
Aug 26 19:32:56 nimbus-eth1-mainnet-long-benchmark[4120996]: INF 2026-08-26 19:32:56.078+00:00 Imported blocks                            blockNumber=4177921 slot=1 blocks=4177920 txs=47890851 mgas=2115824 bps=315.4 tps=31680 mgps=1570 avgBps=1575 avgTps=18055 avgMGps=797.7 elapsed=44m12s495ms
Aug 26 19:33:19 nimbus-eth1-mainnet-long-benchmark[4120996]: INF 2026-08-26 19:33:19.181+00:00 Imported blocks                            blockNumber=4186113 slot=1 blocks=4186112 txs=48568788 mgas=2149756 bps=354.6 tps=29342 mgps=1468 avgBps=1564 avgTps=18152 avgMGps=803.5 elapsed=44m35s600ms
Aug 26 19:33:42 nimbus-eth1-mainnet-long-benchmark[4120996]: INF 2026-08-26 19:33:42.517+00:00 Imported blocks                            blockNumber=4194305 slot=1 blocks=4194304 txs=49304917 mgas=2183364 bps=351.1 tps=31545 mgps=1440 avgBps=1554 avgTps=18268 avgMGps=809.0 elapsed=44m58s935ms
Aug 26 19:34:05 nimbus-eth1-mainnet-long-benchmark[4120996]: INF 2026-08-26 19:34:05.109+00:00 Imported blocks                            blockNumber=4202497 slot=1 blocks=4202496 txs=50038500 mgas=2214978 bps=362.6 tps=32470 mgps=1399 avgBps=1544 avgTps=18386 avgMGps=813.9 elapsed=45m21s527ms
Aug 26 19:34:28 nimbus-eth1-mainnet-long-benchmark[4120996]: INF 2026-08-26 19:34:28.596+00:00 Imported blocks                            blockNumber=4210689 slot=1 blocks=4210688 txs=50775096 mgas=2248304 bps=348.8 tps=31361 mgps=1418 avgBps=1533 avgTps=18497 avgMGps=819.1 elapsed=45m45s14ms
Aug 26 19:34:56 nimbus-eth1-mainnet-long-benchmark[4120996]: INF 2026-08-26 19:34:56.088+00:00 Imported blocks                            blockNumber=4218881 slot=1 blocks=4218880 txs=51660375 mgas=2290988 bps=298.0 tps=32201 mgps=1552 avgBps=1521 avgTps=18633 avgMGps=826.3 elapsed=46m12s506ms
Aug 26 19:35:25 nimbus-eth1-mainnet-long-benchmark[4120996]: INF 2026-08-26 19:35:25.143+00:00 Imported blocks                            blockNumber=4227073 slot=1 blocks=4227072 txs=52569880 mgas=2335077 bps=281.9 tps=31302 mgps=1517 avgBps=1508 avgTps=18764 avgMGps=833.5 elapsed=46m41s561ms
Aug 26 19:35:50 nimbus-eth1-mainnet-long-benchmark[4120996]: INF 2026-08-26 19:35:50.831+00:00 Imported blocks                            blockNumber=4235265 slot=1 blocks=4235264 txs=53342454 mgas=2371456 bps=318.9 tps=30074 mgps=1416 avgBps=1498 avgTps=18867 avgMGps=838.8 elapsed=47m7s249ms
Aug 26 19:36:21 nimbus-eth1-mainnet-long-benchmark[4120996]: INF 2026-08-26 19:36:21.926+00:00 Imported blocks                            blockNumber=4243457 slot=1 blocks=4243456 txs=54364382 mgas=2416427 bps=263.5 tps=32867 mgps=1446 avgBps=1484 avgTps=19019 avgMGps=845.4 elapsed=47m38s342ms
Aug 26 19:36:55 nimbus-eth1-mainnet-long-benchmark[4120996]: INF 2026-08-26 19:36:55.602+00:00 Imported blocks                            blockNumber=4251649 slot=1 blocks=4251648 txs=55445621 mgas=2466611 bps=243.3 tps=32107 mgps=1490 avgBps=1470 avgTps=19171 avgMGps=852.9 elapsed=48m12s18ms
Aug 26 19:37:25 nimbus-eth1-mainnet-long-benchmark[4120996]: INF 2026-08-26 19:37:25.069+00:00 Imported blocks                            blockNumber=4259841 slot=1 blocks=4259840 txs=56325899 mgas=2508162 bps=278.0 tps=29871 mgps=1409 avgBps=1458 avgTps=19279 avgMGps=858.5 elapsed=48m41s487ms
Aug 26 19:37:54 nimbus-eth1-mainnet-long-benchmark[4120996]: INF 2026-08-26 19:37:54.745+00:00 Imported blocks                            blockNumber=4268033 slot=1 blocks=4268032 txs=57190313 mgas=2549215 bps=276.0 tps=29128 mgps=1383 avgBps=1446 avgTps=19378 avgMGps=863.8 elapsed=49m11s163ms
Aug 26 19:38:26 nimbus-eth1-mainnet-long-benchmark[4120996]: INF 2026-08-26 19:38:26.644+00:00 Imported blocks                            blockNumber=4276225 slot=1 blocks=4276224 txs=58058028 mgas=2591591 bps=256.8 tps=27201 mgps=1328 avgBps=1433 avgTps=19462 avgMGps=868.8 elapsed=49m43s62ms
Aug 26 19:38:56 nimbus-eth1-mainnet-long-benchmark[4120996]: INF 2026-08-26 19:38:56.800+00:00 Imported blocks                            blockNumber=4284417 slot=1 blocks=4284416 txs=58915126 mgas=2635997 bps=271.7 tps=28421 mgps=1472 avgBps=1421 avgTps=19552 avgMGps=874.8 elapsed=50m13s219ms
Aug 26 19:39:27 nimbus-eth1-mainnet-long-benchmark[4120996]: INF 2026-08-26 19:39:27.139+00:00 Imported blocks                            blockNumber=4292609 slot=1 blocks=4292608 txs=59679965 mgas=2676436 bps=270.0 tps=25208 mgps=1332 avgBps=1410 avgTps=19608 avgMGps=879.4 elapsed=50m43s559ms
Aug 26 19:39:57 nimbus-eth1-mainnet-long-benchmark[4120996]: INF 2026-08-26 19:39:57.195+00:00 Imported blocks                            blockNumber=4300801 slot=1 blocks=4300800 txs=60416304 mgas=2717960 bps=272.6 tps=24500 mgps=1381 avgBps=1399 avgTps=19656 avgMGps=884.3 elapsed=51m13s613ms
Aug 26 19:40:26 nimbus-eth1-mainnet-long-benchmark[4120996]: INF 2026-08-26 19:40:26.922+00:00 Imported blocks                            blockNumber=4308993 slot=1 blocks=4308992 txs=61155406 mgas=2758747 bps=275.6 tps=24865 mgps=1372 avgBps=1388 avgTps=19706 avgMGps=889.0 elapsed=51m43s337ms
Aug 26 19:40:59 nimbus-eth1-mainnet-long-benchmark[4120996]: INF 2026-08-26 19:40:59.778+00:00 Imported blocks                            blockNumber=4317185 slot=1 blocks=4317184 txs=62037866 mgas=2805376 bps=249.3 tps=26858 mgps=1419 avgBps=1376 avgTps=19781 avgMGps=894.5 elapsed=52m16s193ms
Aug 26 19:41:33 nimbus-eth1-mainnet-long-benchmark[4120996]: INF 2026-08-26 19:41:33.817+00:00 Imported blocks                            blockNumber=4325377 slot=1 blocks=4325376 txs=62966581 mgas=2851289 bps=240.7 tps=27282 mgps=1348 avgBps=1364 avgTps=19861 avgMGps=899.4 elapsed=52m50s234ms
Aug 26 19:42:06 nimbus-eth1-mainnet-long-benchmark[4120996]: INF 2026-08-26 19:42:06.705+00:00 Imported blocks                            blockNumber=4333569 slot=1 blocks=4333568 txs=63822081 mgas=2895662 bps=249.1 tps=26013 mgps=1349 avgBps=1352 avgTps=19924 avgMGps=904.0 elapsed=53m23s121ms
Aug 26 19:42:40 nimbus-eth1-mainnet-long-benchmark[4120996]: INF 2026-08-26 19:42:40.160+00:00 Imported blocks                            blockNumber=4341761 slot=1 blocks=4341760 txs=64712668 mgas=2941632 bps=244.9 tps=26619 mgps=1374 avgBps=1341 avgTps=19994 avgMGps=908.9 elapsed=53m56s577ms
Aug 26 19:43:14 nimbus-eth1-mainnet-long-benchmark[4120996]: INF 2026-08-26 19:43:14.112+00:00 Imported blocks                            blockNumber=4349953 slot=1 blocks=4349952 txs=65574622 mgas=2986500 bps=241.3 tps=25385 mgps=1321 avgBps=1330 avgTps=20050 avgMGps=913.2 elapsed=54m30s531ms
Aug 26 19:43:48 nimbus-eth1-mainnet-long-benchmark[4120996]: INF 2026-08-26 19:43:48.015+00:00 Imported blocks                            blockNumber=4358145 slot=1 blocks=4358144 txs=66535767 mgas=3032340 bps=241.6 tps=28349 mgps=1352 avgBps=1318 avgTps=20135 avgMGps=917.7 elapsed=55m4s434ms
Aug 26 19:44:24 nimbus-eth1-mainnet-long-benchmark[4120996]: INF 2026-08-26 19:44:24.651+00:00 Imported blocks                            blockNumber=4366337 slot=1 blocks=4366336 txs=67558543 mgas=3080047 bps=223.6 tps=27920 mgps=1302 avgBps=1306 avgTps=20220 avgMGps=921.9 elapsed=55m41s67ms
Aug 26 19:44:54 nimbus-eth1-mainnet-long-benchmark[4120996]: INF 2026-08-26 19:44:54.946+00:00 Imported blocks                            blockNumber=4374529 slot=1 blocks=4374528 txs=68347471 mgas=3121687 bps=270.4 tps=26040 mgps=1374 avgBps=1297 avgTps=20272 avgMGps=925.9 elapsed=56m11s363ms
Aug 26 19:45:18 nimbus-eth1-mainnet-long-benchmark[4120996]: INF 2026-08-26 19:45:18.894+00:00 Imported blocks                            blockNumber=4382721 slot=1 blocks=4382720 txs=69028082 mgas=3151992 bps=342.1 tps=28422 mgps=1265 avgBps=1290 avgTps=20330 avgMGps=928.3 elapsed=56m35s309ms
Aug 26 19:45:43 nimbus-eth1-mainnet-long-benchmark[4120996]: INF 2026-08-26 19:45:43.273+00:00 Imported blocks                            blockNumber=4390913 slot=1 blocks=4390912 txs=69661758 mgas=3181386 bps=336.0 tps=25990 mgps=1205 avgBps=1284 avgTps=20370 avgMGps=930.3 elapsed=56m59s690ms
Aug 26 19:46:07 nimbus-eth1-mainnet-long-benchmark[4120996]: INF 2026-08-26 19:46:07.117+00:00 Imported blocks                            blockNumber=4399105 slot=1 blocks=4399104 txs=70353613 mgas=3215985 bps=343.5 tps=29013 mgps=1450 avgBps=1277 avgTps=20430 avgMGps=933.9 elapsed=57m23s536ms
Aug 26 19:46:25 nimbus-eth1-mainnet-long-benchmark[4120996]: INF 2026-08-26 19:46:25.917+00:00 Imported blocks                            blockNumber=4407297 slot=1 blocks=4407296 txs=70941210 mgas=3238205 bps=435.8 tps=31259 mgps=1182 avgBps=1272 avgTps=20489 avgMGps=935.3 elapsed=57m42s333ms
Aug 26 19:46:46 nimbus-eth1-mainnet-long-benchmark[4120996]: INF 2026-08-26 19:46:46.636+00:00 Imported blocks                            blockNumber=4415489 slot=1 blocks=4415488 txs=71544011 mgas=3265347 bps=395.3 tps=29090 mgps=1309 avgBps=1267 avgTps=20540 avgMGps=937.5 elapsed=58m3s55ms
Aug 26 19:47:11 nimbus-eth1-mainnet-long-benchmark[4120996]: INF 2026-08-26 19:47:11.436+00:00 Imported blocks                            blockNumber=4423681 slot=1 blocks=4423680 txs=72181258 mgas=3298910 bps=330.4 tps=25698 mgps=1353 avgBps=1261 avgTps=20577 avgMGps=940.4 elapsed=58m27s852ms
Aug 26 19:47:36 nimbus-eth1-mainnet-long-benchmark[4120996]: INF 2026-08-26 19:47:36.683+00:00 Imported blocks                            blockNumber=4431873 slot=1 blocks=4431872 txs=72783427 mgas=3333362 bps=324.4 tps=23849 mgps=1364 avgBps=1254 avgTps=20600 avgMGps=943.5 elapsed=58m53s101ms
Aug 26 19:48:02 nimbus-eth1-mainnet-long-benchmark[4120996]: INF 2026-08-26 19:48:02.891+00:00 Imported blocks                            blockNumber=4440065 slot=1 blocks=4440064 txs=73427614 mgas=3368565 bps=312.6 tps=24580 mgps=1343 avgBps=1247 avgTps=20629 avgMGps=946.4 elapsed=59m19s309ms
Aug 26 19:48:28 nimbus-eth1-mainnet-long-benchmark[4120996]: INF 2026-08-26 19:48:28.091+00:00 Imported blocks                            blockNumber=4448257 slot=1 blocks=4448256 txs=74062819 mgas=3400868 bps=325.1 tps=25210 mgps=1282 avgBps=1240 avgTps=20661 avgMGps=948.8 elapsed=59m44s505ms
Aug 26 19:48:54 nimbus-eth1-mainnet-long-benchmark[4120996]: INF 2026-08-26 19:48:54.586+00:00 Imported blocks                            blockNumber=4456449 slot=1 blocks=4456448 txs=74720986 mgas=3434385 bps=309.2 tps=24839 mgps=1264 avgBps=1234 avgTps=20692 avgMGps=951.1 elapsed=1h11s2ms
Aug 26 19:49:23 nimbus-eth1-mainnet-long-benchmark[4120996]: INF 2026-08-26 19:49:23.526+00:00 Imported blocks                            blockNumber=4464641 slot=1 blocks=4464640 txs=75435593 mgas=3471537 bps=283.1 tps=24693 mgps=1283 avgBps=1226 avgTps=20724 avgMGps=953.7 elapsed=1h39s941ms
Aug 26 19:49:53 nimbus-eth1-mainnet-long-benchmark[4120996]: INF 2026-08-26 19:49:53.853+00:00 Imported blocks                            blockNumber=4472833 slot=1 blocks=4472832 txs=76123403 mgas=3510491 bps=270.1 tps=22676 mgps=1284 avgBps=1218 avgTps=20740 avgMGps=956.5 elapsed=1h1m10s
Aug 26 19:50:24 nimbus-eth1-mainnet-long-benchmark[4120996]: INF 2026-08-26 19:50:24.509+00:00 Imported blocks                            blockNumber=4481025 slot=1 blocks=4481024 txs=76814745 mgas=3549347 bps=267.2 tps=22553 mgps=1267 avgBps=1210 avgTps=20755 avgMGps=959.0 elapsed=1h1m40s
Aug 26 19:50:51 nimbus-eth1-mainnet-long-benchmark[4120996]: INF 2026-08-26 19:50:51.560+00:00 Imported blocks                            blockNumber=4489217 slot=1 blocks=4489216 txs=77411837 mgas=3582458 bps=302.8 tps=22072 mgps=1224 avgBps=1204 avgTps=20765 avgMGps=961.0 elapsed=1h2m7s
Aug 26 19:51:12 nimbus-eth1-mainnet-long-benchmark[4120996]: INF 2026-08-26 19:51:12.952+00:00 Imported blocks                            blockNumber=4497409 slot=1 blocks=4497408 txs=77942209 mgas=3607255 bps=382.9 tps=24791 mgps=1159 avgBps=1199 avgTps=20788 avgMGps=962.1 elapsed=1h2m29s
Aug 26 19:51:36 nimbus-eth1-mainnet-long-benchmark[4120996]: INF 2026-08-26 19:51:36.180+00:00 Imported blocks                            blockNumber=4505601 slot=1 blocks=4505600 txs=78606743 mgas=3635023 bps=352.7 tps=28609 mgps=1195 avgBps=1194 avgTps=20836 avgMGps=963.5 elapsed=1h2m52s
Aug 26 19:52:00 nimbus-eth1-mainnet-long-benchmark[4120996]: INF 2026-08-26 19:52:00.795+00:00 Imported blocks                            blockNumber=4513793 slot=1 blocks=4513792 txs=79214459 mgas=3664486 bps=332.8 tps=24686 mgps=1196 avgBps=1188 avgTps=20861 avgMGps=965.0 elapsed=1h3m17s
Aug 26 19:52:28 nimbus-eth1-mainnet-long-benchmark[4120996]: INF 2026-08-26 19:52:28.935+00:00 Imported blocks                            blockNumber=4521985 slot=1 blocks=4521984 txs=79851427 mgas=3698304 bps=291.2 tps=22640 mgps=1202 avgBps=1182 avgTps=20874 avgMGps=966.8 elapsed=1h3m45s
Aug 26 19:52:53 nimbus-eth1-mainnet-long-benchmark[4120996]: INF 2026-08-26 19:52:53.554+00:00 Imported blocks                            blockNumber=4530177 slot=1 blocks=4530176 txs=80428047 mgas=3729162 bps=332.7 tps=23418 mgps=1253 avgBps=1176 avgTps=20890 avgMGps=968.6 elapsed=1h4m9s
Aug 26 19:53:18 nimbus-eth1-mainnet-long-benchmark[4120996]: INF 2026-08-26 19:53:18.570+00:00 Imported blocks                            blockNumber=4538369 slot=1 blocks=4538368 txs=80983691 mgas=3759064 bps=327.5 tps=22212 mgps=1195 avgBps=1171 avgTps=20899 avgMGps=970.1 elapsed=1h4m34s
Aug 26 19:53:44 nimbus-eth1-mainnet-long-benchmark[4120996]: INF 2026-08-26 19:53:44.513+00:00 Imported blocks                            blockNumber=4546561 slot=1 blocks=4546560 txs=81559884 mgas=3790793 bps=315.8 tps=22209 mgps=1223 avgBps=1165 avgTps=20907 avgMGps=971.8 elapsed=1h5m928ms
Aug 26 19:54:12 nimbus-eth1-mainnet-long-benchmark[4120996]: INF 2026-08-26 19:54:12.549+00:00 Imported blocks                            blockNumber=4554753 slot=1 blocks=4554752 txs=82174217 mgas=3824726 bps=292.2 tps=21910 mgps=1210 avgBps=1159 avgTps=20914 avgMGps=973.5 elapsed=1h5m28s
Aug 26 19:54:41 nimbus-eth1-mainnet-long-benchmark[4120996]: INF 2026-08-26 19:54:41.033+00:00 Imported blocks                            blockNumber=4562945 slot=1 blocks=4562944 txs=82868507 mgas=3859804 bps=287.6 tps=24376 mgps=1231 avgBps=1153 avgTps=20939 avgMGps=975.3 elapsed=1h5m57s
Aug 26 19:55:10 nimbus-eth1-mainnet-long-benchmark[4120996]: INF 2026-08-26 19:55:10.092+00:00 Imported blocks                            blockNumber=4571137 slot=1 blocks=4571136 txs=83554280 mgas=3895039 bps=281.9 tps=23596 mgps=1212 avgBps=1146 avgTps=20959 avgMGps=977.1 elapsed=1h6m26s
Aug 26 19:55:37 nimbus-eth1-mainnet-long-benchmark[4120996]: INF 2026-08-26 19:55:37.348+00:00 Imported blocks                            blockNumber=4579329 slot=1 blocks=4579328 txs=84149623 mgas=3927552 bps=300.6 tps=21844 mgps=1192 avgBps=1140 avgTps=20965 avgMGps=978.5 elapsed=1h6m53s
Aug 26 19:56:04 nimbus-eth1-mainnet-long-benchmark[4120996]: INF 2026-08-26 19:56:04.979+00:00 Imported blocks                            blockNumber=4587521 slot=1 blocks=4587520 txs=84766299 mgas=3958985 bps=296.4 tps=22315 mgps=1137 avgBps=1135 avgTps=20974 avgMGps=979.6 elapsed=1h7m21s
Aug 26 19:56:35 nimbus-eth1-mainnet-long-benchmark[4120996]: INF 2026-08-26 19:56:35.919+00:00 Imported blocks                            blockNumber=4595713 slot=1 blocks=4595712 txs=85498687 mgas=3994447 bps=264.8 tps=23675 mgps=1146 avgBps=1128 avgTps=20995 avgMGps=980.9 elapsed=1h7m52s
Aug 26 19:57:05 nimbus-eth1-mainnet-long-benchmark[4120996]: INF 2026-08-26 19:57:05.034+00:00 Imported blocks                            blockNumber=4603905 slot=1 blocks=4603904 txs=86200373 mgas=4028500 bps=281.4 tps=24099 mgps=1169 avgBps=1122 avgTps=21017 avgMGps=982.2 elapsed=1h8m21s
Aug 26 19:57:34 nimbus-eth1-mainnet-long-benchmark[4120996]: INF 2026-08-26 19:57:34.306+00:00 Imported blocks                            blockNumber=4612097 slot=1 blocks=4612096 txs=86896398 mgas=4063314 bps=279.9 tps=23777 mgps=1189 avgBps=1116 avgTps=21036 avgMGps=983.7 elapsed=1h8m50s
Aug 26 19:58:05 nimbus-eth1-mainnet-long-benchmark[4120996]: INF 2026-08-26 19:58:05.173+00:00 Imported blocks                            blockNumber=4620289 slot=1 blocks=4620288 txs=87653240 mgas=4099890 bps=265.4 tps=24517 mgps=1184 avgBps=1110 avgTps=21062 avgMGps=985.2 elapsed=1h9m21s
Aug 26 19:58:34 nimbus-eth1-mainnet-long-benchmark[4120996]: INF 2026-08-26 19:58:34.517+00:00 Imported blocks                            blockNumber=4628481 slot=1 blocks=4628480 txs=88349198 mgas=4135697 bps=279.2 tps=23718 mgps=1220 avgBps=1104 avgTps=21081 avgMGps=986.8 elapsed=1h9m50s
Aug 26 19:59:10 nimbus-eth1-mainnet-long-benchmark[4120996]: INF 2026-08-26 19:59:10.228+00:00 Imported blocks                            blockNumber=4636673 slot=1 blocks=4636672 txs=89189186 mgas=4177023 bps=229.4 tps=23521 mgps=1157 avgBps=1097 avgTps=21101 avgMGps=988.3 elapsed=1h10m26s
Aug 26 19:59:44 nimbus-eth1-mainnet-long-benchmark[4120996]: INF 2026-08-26 19:59:44.948+00:00 Imported blocks                            blockNumber=4644865 slot=1 blocks=4644864 txs=90049004 mgas=4216584 bps=235.9 tps=24764 mgps=1139 avgBps=1089 avgTps=21131 avgMGps=989.5 elapsed=1h11m1s
Aug 26 20:00:20 nimbus-eth1-mainnet-long-benchmark[4120996]: INF 2026-08-26 20:00:20.731+00:00 Imported blocks                            blockNumber=4653057 slot=1 blocks=4653056 txs=90927345 mgas=4255623 bps=228.9 tps=24546 mgps=1091 avgBps=1082 avgTps=21159 avgMGps=990.3 elapsed=1h11m37s
Aug 26 20:00:57 nimbus-eth1-mainnet-long-benchmark[4120996]: INF 2026-08-26 20:00:57.970+00:00 Imported blocks                            blockNumber=4661249 slot=1 blocks=4661248 txs=91765363 mgas=4297355 bps=220.0 tps=22504 mgps=1120 avgBps=1075 avgTps=21171 avgMGps=991.5 elapsed=1h12m14s
Aug 26 20:01:37 nimbus-eth1-mainnet-long-benchmark[4120996]: INF 2026-08-26 20:01:37.834+00:00 Imported blocks                            blockNumber=4669441 slot=1 blocks=4669440 txs=92633756 mgas=4339723 bps=205.5 tps=21784 mgps=1062 avgBps=1067 avgTps=21177 avgMGps=992.1 elapsed=1h12m54s
Aug 26 20:02:24 nimbus-eth1-mainnet-long-benchmark[4120996]: INF 2026-08-26 20:02:24.253+00:00 Imported blocks                            blockNumber=4677633 slot=1 blocks=4677632 txs=93658164 mgas=4390089 bps=176.5 tps=22067 mgps=1084 avgBps=1058 avgTps=21186 avgMGps=993.1 elapsed=1h13m40s
Aug 26 20:03:11 nimbus-eth1-mainnet-long-benchmark[4120996]: INF 2026-08-26 20:03:11.316+00:00 Imported blocks                            blockNumber=4685825 slot=1 blocks=4685824 txs=94764793 mgas=4440912 bps=174.1 tps=23514 mgps=1079 avgBps=1048 avgTps=21210 avgMGps=994.0 elapsed=1h14m27s
Aug 26 20:03:55 nimbus-eth1-mainnet-long-benchmark[4120996]: INF 2026-08-26 20:03:55.048+00:00 Imported blocks                            blockNumber=4694017 slot=1 blocks=4694016 txs=95748114 mgas=4493164 bps=187.3 tps=22483 mgps=1194 avgBps=1040 avgTps=21223 avgMGps=995.9 elapsed=1h15m11s
Aug 26 20:04:47 nimbus-eth1-mainnet-long-benchmark[4120996]: INF 2026-08-26 20:04:47.071+00:00 Imported blocks                            blockNumber=4702209 slot=1 blocks=4702208 txs=96814108 mgas=4546452 bps=157.5 tps=20491 mgps=1024 avgBps=1030 avgTps=21214 avgMGps=996.3 elapsed=1h16m3s
Aug 26 20:05:42 nimbus-eth1-mainnet-long-benchmark[4120996]: INF 2026-08-26 20:05:41.998+00:00 Imported blocks                            blockNumber=4710401 slot=1 blocks=4710400 txs=97818338 mgas=4603482 bps=149.1 tps=18283 mgps=1038 avgBps=1019 avgTps=21180 avgMGps=996.8 elapsed=1h16m58s
Aug 26 20:06:40 nimbus-eth1-mainnet-long-benchmark[4120996]: INF 2026-08-26 20:06:40.525+00:00 Imported blocks                            blockNumber=4718593 slot=1 blocks=4718592 txs=98994205 mgas=4663549 bps=140.0 tps=20090 mgps=1026 avgBps=1008 avgTps=21166 avgMGps=997.1 elapsed=1h17m56s
Aug 26 20:07:38 nimbus-eth1-mainnet-long-benchmark[4120996]: INF 2026-08-26 20:07:38.240+00:00 Imported blocks                            blockNumber=4726785 slot=1 blocks=4726784 txs=100277937 mgas=4723869 bps=141.9 tps=22242 mgps=1045 avgBps=998.3 avgTps=21179 avgMGps=997.7 elapsed=1h18m54s
Aug 26 20:08:36 nimbus-eth1-mainnet-long-benchmark[4120996]: INF 2026-08-26 20:08:36.979+00:00 Imported blocks                            blockNumber=4734977 slot=1 blocks=4734976 txs=101644153 mgas=4786939 bps=139.5 tps=23258 mgps=1073 avgBps=987.8 avgTps=21205 avgMGps=998.7 elapsed=1h19m53s
Aug 26 20:09:30 nimbus-eth1-mainnet-long-benchmark[4120996]: INF 2026-08-26 20:09:30.614+00:00 Imported blocks                            blockNumber=4743169 slot=1 blocks=4743168 txs=102893274 mgas=4846048 bps=152.7 tps=23290 mgps=1102 avgBps=978.6 avgTps=21228 avgMGps=999.8 elapsed=1h20m47s
Aug 26 20:10:25 nimbus-eth1-mainnet-long-benchmark[4120996]: INF 2026-08-26 20:10:25.629+00:00 Imported blocks                            blockNumber=4751361 slot=1 blocks=4751360 txs=104145399 mgas=4905956 bps=148.9 tps=22758 mgps=1088 avgBps=969.3 avgTps=21245 avgMGps=1000 elapsed=1h21m42s
Aug 26 20:11:23 nimbus-eth1-mainnet-long-benchmark[4120996]: INF 2026-08-26 20:11:23.052+00:00 Imported blocks                            blockNumber=4759553 slot=1 blocks=4759552 txs=105596606 mgas=4968002 bps=142.7 tps=25272 mgps=1080 avgBps=959.7 avgTps=21291 avgMGps=1001 elapsed=1h22m39s
Aug 26 20:12:19 nimbus-eth1-mainnet-long-benchmark[4120996]: INF 2026-08-26 20:12:19.283+00:00 Imported blocks                            blockNumber=4767745 slot=1 blocks=4767744 txs=107116598 mgas=5030101 bps=145.7 tps=27030 mgps=1104 avgBps=950.6 avgTps=21356 avgMGps=1002 elapsed=1h23m35s
Aug 26 20:13:12 nimbus-eth1-mainnet-long-benchmark[4120996]: INF 2026-08-26 20:13:12.523+00:00 Imported blocks                            blockNumber=4775937 slot=1 blocks=4775936 txs=108702043 mgas=5092598 bps=153.9 tps=29782 mgps=1173 avgBps=942.2 avgTps=21444 avgMGps=1004 elapsed=1h24m28s
Aug 26 20:14:05 nimbus-eth1-mainnet-long-benchmark[4120996]: INF 2026-08-26 20:14:05.586+00:00 Imported blocks                            blockNumber=4784129 slot=1 blocks=4784128 txs=110102113 mgas=5151342 bps=154.4 tps=26385 mgps=1107 avgBps=934.0 avgTps=21495 avgMGps=1005 elapsed=1h25m22s
Aug 26 20:14:49 nimbus-eth1-mainnet-long-benchmark[4120996]: INF 2026-08-26 20:14:49.805+00:00 Imported blocks                            blockNumber=4792321 slot=1 blocks=4792320 txs=111154247 mgas=5205528 bps=185.3 tps=23792 mgps=1225 avgBps=927.6 avgTps=21515 avgMGps=1007 elapsed=1h26m6s
Aug 26 20:15:32 nimbus-eth1-mainnet-long-benchmark[4120996]: INF 2026-08-26 20:15:32.544+00:00 Imported blocks                            blockNumber=4800513 slot=1 blocks=4800512 txs=112173781 mgas=5255457 bps=191.7 tps=23852 mgps=1168 avgBps=921.6 avgTps=21534 avgMGps=1008 elapsed=1h26m48s
Aug 26 20:16:23 nimbus-eth1-mainnet-long-benchmark[4120996]: INF 2026-08-26 20:16:23.095+00:00 Imported blocks                            blockNumber=4808705 slot=1 blocks=4808704 txs=113435561 mgas=5312967 bps=162.1 tps=24960 mgps=1137 avgBps=914.3 avgTps=21567 avgMGps=1010 elapsed=1h27m39s
Aug 26 20:17:16 nimbus-eth1-mainnet-long-benchmark[4120996]: INF 2026-08-26 20:17:16.631+00:00 Imported blocks                            blockNumber=4816897 slot=1 blocks=4816896 txs=114766918 mgas=5370558 bps=153.0 tps=24869 mgps=1075 avgBps=906.6 avgTps=21600 avgMGps=1010 elapsed=1h28m33s
Aug 26 20:18:12 nimbus-eth1-mainnet-long-benchmark[4120996]: INF 2026-08-26 20:18:12.810+00:00 Imported blocks                            blockNumber=4825089 slot=1 blocks=4825088 txs=116406212 mgas=5431366 bps=145.8 tps=29180 mgps=1082 avgBps=898.7 avgTps=21680 avgMGps=1011 elapsed=1h29m29s
Aug 26 20:19:03 nimbus-eth1-mainnet-long-benchmark[4120996]: INF 2026-08-26 20:19:03.569+00:00 Imported blocks                            blockNumber=4833281 slot=1 blocks=4833280 txs=117730733 mgas=5487657 bps=161.4 tps=26093 mgps=1108 avgBps=891.8 avgTps=21721 avgMGps=1012 elapsed=1h30m19s
Aug 26 20:19:55 nimbus-eth1-mainnet-long-benchmark[4120996]: INF 2026-08-26 20:19:55.688+00:00 Imported blocks                            blockNumber=4841473 slot=1 blocks=4841472 txs=119096404 mgas=5544385 bps=157.2 tps=26201 mgps=1088 avgBps=884.8 avgTps=21764 avgMGps=1013 elapsed=1h31m12s
Aug 26 20:20:56 nimbus-eth1-mainnet-long-benchmark[4120996]: INF 2026-08-26 20:20:56.515+00:00 Imported blocks                            blockNumber=4849665 slot=1 blocks=4849664 txs=120896969 mgas=5606368 bps=134.7 tps=29602 mgps=1019 avgBps=876.5 avgTps=21850 avgMGps=1013 elapsed=1h32m12s
Aug 26 20:21:54 nimbus-eth1-mainnet-long-benchmark[4120996]: INF 2026-08-26 20:21:54.050+00:00 Imported blocks                            blockNumber=4857857 slot=1 blocks=4857856 txs=122899185 mgas=5668346 bps=142.4 tps=34800 mgps=1077 avgBps=869.0 avgTps=21983 avgMGps=1013 elapsed=1h33m10s
Aug 26 20:22:54 nimbus-eth1-mainnet-long-benchmark[4120996]: INF 2026-08-26 20:22:54.425+00:00 Imported blocks                            blockNumber=4866049 slot=1 blocks=4866048 txs=124785066 mgas=5730497 bps=135.7 tps=31236 mgps=1029 avgBps=861.1 avgTps=22082 avgMGps=1014 elapsed=1h34m10s
Aug 26 20:23:53 nimbus-eth1-mainnet-long-benchmark[4120996]: INF 2026-08-26 20:23:53.892+00:00 Imported blocks                            blockNumber=4874241 slot=1 blocks=4874240 txs=126509295 mgas=5793302 bps=137.8 tps=28993 mgps=1056 avgBps=853.6 avgTps=22154 avgMGps=1014 elapsed=1h35m10s
Aug 26 20:24:54 nimbus-eth1-mainnet-long-benchmark[4120996]: INF 2026-08-26 20:24:54.135+00:00 Imported blocks                            blockNumber=4882433 slot=1 blocks=4882432 txs=128423524 mgas=5855689 bps=136.0 tps=31773 mgps=1035 avgBps=846.1 avgTps=22254 avgMGps=1014 elapsed=1h36m10s
Aug 26 20:25:50 nimbus-eth1-mainnet-long-benchmark[4120996]: INF 2026-08-26 20:25:50.342+00:00 Imported blocks                            blockNumber=4890625 slot=1 blocks=4890624 txs=130207981 mgas=5917669 bps=145.8 tps=31750 mgps=1102 avgBps=839.3 avgTps=22346 avgMGps=1015 elapsed=1h37m6s
Aug 26 20:26:50 nimbus-eth1-mainnet-long-benchmark[4120996]: INF 2026-08-26 20:26:50.753+00:00 Imported blocks                            blockNumber=4898817 slot=1 blocks=4898816 txs=131918301 mgas=5979986 bps=135.6 tps=28311 mgps=1031 avgBps=832.1 avgTps=22407 avgMGps=1015 elapsed=1h38m7s
Aug 26 20:27:49 nimbus-eth1-mainnet-long-benchmark[4120996]: INF 2026-08-26 20:27:49.068+00:00 Imported blocks                            blockNumber=4907009 slot=1 blocks=4907008 txs=133644765 mgas=6042377 bps=140.5 tps=29605 mgps=1069 avgBps=825.3 avgTps=22478 avgMGps=1016 elapsed=1h39m5s
Aug 26 20:28:50 nimbus-eth1-mainnet-long-benchmark[4120996]: INF 2026-08-26 20:28:49.999+00:00 Imported blocks                            blockNumber=4915201 slot=1 blocks=4915200 txs=135374772 mgas=6105758 bps=134.4 tps=28392 mgps=1040 avgBps=818.3 avgTps=22538 avgMGps=1016 elapsed=1h40m6s
Aug 26 20:29:50 nimbus-eth1-mainnet-long-benchmark[4120996]: INF 2026-08-26 20:29:50.934+00:00 Imported blocks                            blockNumber=4923393 slot=1 blocks=4923392 txs=137233391 mgas=6168038 bps=134.4 tps=30502 mgps=1022 avgBps=811.5 avgTps=22618 avgMGps=1016 elapsed=1h41m7s
Aug 26 20:30:53 nimbus-eth1-mainnet-long-benchmark[4120996]: INF 2026-08-26 20:30:53.085+00:00 Imported blocks                            blockNumber=4931585 slot=1 blocks=4931584 txs=139083071 mgas=6230222 bps=131.8 tps=29759 mgps=1000 avgBps=804.6 avgTps=22690 avgMGps=1016 elapsed=1h42m9s
Aug 26 20:31:49 nimbus-eth1-mainnet-long-benchmark[4120996]: INF 2026-08-26 20:31:49.612+00:00 Imported blocks                            blockNumber=4939777 slot=1 blocks=4939776 txs=140579742 mgas=6288626 bps=144.9 tps=26477 mgps=1033 avgBps=798.5 avgTps=22725 avgMGps=1016 elapsed=1h43m6s
Aug 26 20:32:46 nimbus-eth1-mainnet-long-benchmark[4120996]: INF 2026-08-26 20:32:46.892+00:00 Imported blocks                            blockNumber=4947969 slot=1 blocks=4947968 txs=141972812 mgas=6347260 bps=143.0 tps=24319 mgps=1023 avgBps=792.5 avgTps=22739 avgMGps=1016 elapsed=1h44m3s
Aug 26 20:33:42 nimbus-eth1-mainnet-long-benchmark[4120996]: INF 2026-08-26 20:33:42.767+00:00 Imported blocks                            blockNumber=4956161 slot=1 blocks=4956160 txs=143300158 mgas=6406048 bps=146.6 tps=23758 mgps=1052 avgBps=786.8 avgTps=22749 avgMGps=1016 elapsed=1h44m59s
Aug 26 20:34:37 nimbus-eth1-mainnet-long-benchmark[4120996]: INF 2026-08-26 20:34:37.586+00:00 Imported blocks                            blockNumber=4964353 slot=1 blocks=4964352 txs=144572404 mgas=6464172 bps=149.4 tps=23206 mgps=1060 avgBps=781.3 avgTps=22752 avgMGps=1017 elapsed=1h45m54s
Aug 26 20:35:30 nimbus-eth1-mainnet-long-benchmark[4120996]: INF 2026-08-26 20:35:30.497+00:00 Imported blocks                            blockNumber=4972545 slot=1 blocks=4972544 txs=145732007 mgas=6518983 bps=154.8 tps=21916 mgps=1035 avgBps=776.1 avgTps=22746 avgMGps=1017 elapsed=1h46m46s
Aug 26 20:36:24 nimbus-eth1-mainnet-long-benchmark[4120996]: INF 2026-08-26 20:36:24.540+00:00 Imported blocks                            blockNumber=4980737 slot=1 blocks=4980736 txs=146992977 mgas=6572341 bps=151.6 tps=23332 mgps=987.3 avgBps=770.9 avgTps=22750 avgMGps=1017 elapsed=1h47m40s
Aug 26 20:37:15 nimbus-eth1-mainnet-long-benchmark[4120996]: INF 2026-08-26 20:37:15.423+00:00 Imported blocks                            blockNumber=4988929 slot=1 blocks=4988928 txs=148169050 mgas=6625014 bps=161.0 tps=23112 mgps=1035 avgBps=766.1 avgTps=22753 avgMGps=1017 elapsed=1h48m31s
Aug 26 20:38:07 nimbus-eth1-mainnet-long-benchmark[4120996]: INF 2026-08-26 20:38:07.954+00:00 Imported blocks                            blockNumber=4997121 slot=1 blocks=4997120 txs=149428291 mgas=6680179 bps=156.0 tps=23972 mgps=1050 avgBps=761.2 avgTps=22763 avgMGps=1017 elapsed=1h49m24s
Aug 26 20:38:59 nimbus-eth1-mainnet-long-benchmark[4120996]: INF 2026-08-26 20:38:59.846+00:00 Imported blocks                            blockNumber=5005313 slot=1 blocks=5005312 txs=150690724 mgas=6736552 bps=157.9 tps=24328 mgps=1086 avgBps=756.5 avgTps=22775 avgMGps=1018 elapsed=1h50m16s
Aug 26 20:39:57 nimbus-eth1-mainnet-long-benchmark[4120996]: INF 2026-08-26 20:39:57.905+00:00 Imported blocks                            blockNumber=5013505 slot=1 blocks=5013504 txs=152046753 mgas=6796099 bps=141.1 tps=23355 mgps=1025 avgBps=751.2 avgTps=22780 avgMGps=1018 elapsed=1h51m14s
Aug 26 20:40:53 nimbus-eth1-mainnet-long-benchmark[4120996]: INF 2026-08-26 20:40:53.096+00:00 Imported blocks                            blockNumber=5021697 slot=1 blocks=5021696 txs=153352595 mgas=6852788 bps=148.4 tps=23659 mgps=1027 avgBps=746.2 avgTps=22788 avgMGps=1018 elapsed=1h52m9s
Aug 26 20:41:41 nimbus-eth1-mainnet-long-benchmark[4120996]: INF 2026-08-26 20:41:41.663+00:00 Imported blocks                            blockNumber=5029889 slot=1 blocks=5029888 txs=154478474 mgas=6906687 bps=168.7 tps=23181 mgps=1109 avgBps=742.1 avgTps=22790 avgMGps=1018 elapsed=1h52m58s
Aug 26 20:42:30 nimbus-eth1-mainnet-long-benchmark[4120996]: INF 2026-08-26 20:42:30.898+00:00 Imported blocks                            blockNumber=5038081 slot=1 blocks=5038080 txs=155640110 mgas=6960957 bps=166.4 tps=23595 mgps=1102 avgBps=737.9 avgTps=22796 avgMGps=1019 elapsed=1h53m47s
Aug 26 20:43:22 nimbus-eth1-mainnet-long-benchmark[4120996]: INF 2026-08-26 20:43:22.953+00:00 Imported blocks                            blockNumber=5046273 slot=1 blocks=5046272 txs=156831227 mgas=7015012 bps=157.4 tps=22880 mgps=1038 avgBps=733.5 avgTps=22797 avgMGps=1019 elapsed=1h54m39s
Aug 26 20:44:12 nimbus-eth1-mainnet-long-benchmark[4120996]: INF 2026-08-26 20:44:12.376+00:00 Imported blocks                            blockNumber=5054465 slot=1 blocks=5054464 txs=157887753 mgas=7068299 bps=165.7 tps=21376 mgps=1078 avgBps=729.5 avgTps=22787 avgMGps=1020 elapsed=1h55m28s
Aug 26 20:45:00 nimbus-eth1-mainnet-long-benchmark[4120996]: INF 2026-08-26 20:45:00.708+00:00 Imported blocks                            blockNumber=5062657 slot=1 blocks=5062656 txs=158926316 mgas=7120645 bps=169.5 tps=21489 mgps=1083 avgBps=725.6 avgTps=22778 avgMGps=1020 elapsed=1h56m17s
Aug 26 20:45:48 nimbus-eth1-mainnet-long-benchmark[4120996]: INF 2026-08-26 20:45:48.491+00:00 Imported blocks                            blockNumber=5070849 slot=1 blocks=5070848 txs=160037571 mgas=7174271 bps=171.4 tps=23254 mgps=1122 avgBps=721.8 avgTps=22781 avgMGps=1021 elapsed=1h57m4s
Aug 26 20:46:38 nimbus-eth1-mainnet-long-benchmark[4120996]: INF 2026-08-26 20:46:38.710+00:00 Imported blocks                            blockNumber=5079041 slot=1 blocks=5079040 txs=161176737 mgas=7228023 bps=163.1 tps=22685 mgps=1070 avgBps=717.9 avgTps=22780 avgMGps=1021 elapsed=1h57m55s
Aug 26 20:47:24 nimbus-eth1-mainnet-long-benchmark[4120996]: INF 2026-08-26 20:47:24.297+00:00 Imported blocks                            blockNumber=5087233 slot=1 blocks=5087232 txs=162187586 mgas=7278252 bps=179.7 tps=22173 mgps=1101 avgBps=714.4 avgTps=22776 avgMGps=1022 elapsed=1h58m40s
Aug 26 20:48:13 nimbus-eth1-mainnet-long-benchmark[4120996]: INF 2026-08-26 20:48:13.673+00:00 Imported blocks                            blockNumber=5095425 slot=1 blocks=5095424 txs=163274156 mgas=7330930 bps=165.9 tps=22005 mgps=1066 avgBps=710.6 avgTps=22771 avgMGps=1022 elapsed=1h59m30s
Aug 26 20:49:01 nimbus-eth1-mainnet-long-benchmark[4120996]: INF 2026-08-26 20:49:01.140+00:00 Imported blocks                            blockNumber=5103617 slot=1 blocks=5103616 txs=164255301 mgas=7383195 bps=172.6 tps=20669 mgps=1101 avgBps=707.1 avgTps=22757 avgMGps=1022 elapsed=2h17s559ms
Aug 26 20:49:49 nimbus-eth1-mainnet-long-benchmark[4120996]: INF 2026-08-26 20:49:49.691+00:00 Imported blocks                            blockNumber=5111809 slot=1 blocks=5111808 txs=165332350 mgas=7436822 bps=168.7 tps=22184 mgps=1104 avgBps=703.5 avgTps=22753 avgMGps=1023 elapsed=2h1m6s
Aug 26 20:50:38 nimbus-eth1-mainnet-long-benchmark[4120996]: INF 2026-08-26 20:50:38.110+00:00 Imported blocks                            blockNumber=5120001 slot=1 blocks=5120000 txs=166389897 mgas=7491018 bps=169.2 tps=21842 mgps=1119 avgBps=700.0 avgTps=22747 avgMGps=1024 elapsed=2h1m54s
Aug 26 20:51:32 nimbus-eth1-mainnet-long-benchmark[4120996]: INF 2026-08-26 20:51:32.393+00:00 Imported blocks                            blockNumber=5128193 slot=1 blocks=5128192 txs=167598391 mgas=7549235 bps=150.9 tps=22263 mgps=1072 avgBps=695.9 avgTps=22744 avgMGps=1024 elapsed=2h2m48s
Aug 26 20:52:23 nimbus-eth1-mainnet-long-benchmark[4120996]: INF 2026-08-26 20:52:23.672+00:00 Imported blocks                            blockNumber=5136385 slot=1 blocks=5136384 txs=168782652 mgas=7605981 bps=159.8 tps=23094 mgps=1106 avgBps=692.2 avgTps=22746 avgMGps=1025 elapsed=2h3m40s
Aug 26 20:53:12 nimbus-eth1-mainnet-long-benchmark[4120996]: INF 2026-08-26 20:53:12.796+00:00 Imported blocks                            blockNumber=5144577 slot=1 blocks=5144576 txs=169782076 mgas=7658488 bps=166.8 tps=20343 mgps=1068 avgBps=688.8 avgTps=22730 avgMGps=1025 elapsed=2h4m29s
Aug 26 20:54:02 nimbus-eth1-mainnet-long-benchmark[4120996]: INF 2026-08-26 20:54:02.663+00:00 Imported blocks                            blockNumber=5152769 slot=1 blocks=5152768 txs=170799521 mgas=7712067 bps=164.3 tps=20404 mgps=1074 avgBps=685.3 avgTps=22715 avgMGps=1025 elapsed=2h5m19s
Aug 26 20:54:53 nimbus-eth1-mainnet-long-benchmark[4120996]: INF 2026-08-26 20:54:53.466+00:00 Imported blocks                            blockNumber=5160961 slot=1 blocks=5160960 txs=171819144 mgas=7764877 bps=161.3 tps=20070 mgps=1039 avgBps=681.8 avgTps=22697 avgMGps=1025 elapsed=2h6m9s
Aug 26 20:55:43 nimbus-eth1-mainnet-long-benchmark[4120996]: INF 2026-08-26 20:55:42.997+00:00 Imported blocks                            blockNumber=5169153 slot=1 blocks=5169152 txs=172757993 mgas=7817043 bps=165.4 tps=18954 mgps=1053 avgBps=678.4 avgTps=22673 avgMGps=1025 elapsed=2h6m59s
Aug 26 20:56:35 nimbus-eth1-mainnet-long-benchmark[4120996]: INF 2026-08-26 20:56:35.684+00:00 Imported blocks                            blockNumber=5177345 slot=1 blocks=5177344 txs=173763054 mgas=7871023 bps=155.5 tps=19075 mgps=1024 avgBps=674.8 avgTps=22648 avgMGps=1025 elapsed=2h7m52s
Aug 26 20:57:30 nimbus-eth1-mainnet-long-benchmark[4120996]: INF 2026-08-26 20:57:30.224+00:00 Imported blocks                            blockNumber=5185537 slot=1 blocks=5185536 txs=174769351 mgas=7925432 bps=150.2 tps=18451 mgps=997.6 avgBps=671.1 avgTps=22619 avgMGps=1025 elapsed=2h8m46s
Aug 26 20:58:21 nimbus-eth1-mainnet-long-benchmark[4120996]: INF 2026-08-26 20:58:21.095+00:00 Imported blocks                            blockNumber=5193729 slot=1 blocks=5193728 txs=175680124 mgas=7977799 bps=161.1 tps=17905 mgps=1029 avgBps=667.8 avgTps=22588 avgMGps=1025 elapsed=2h9m37s
Aug 26 20:59:12 nimbus-eth1-mainnet-long-benchmark[4120996]: INF 2026-08-26 20:59:12.510+00:00 Imported blocks                            blockNumber=5201921 slot=1 blocks=5201920 txs=176699733 mgas=8032758 bps=159.3 tps=19830 mgps=1068 avgBps=664.4 avgTps=22570 avgMGps=1026 elapsed=2h10m28s
Aug 26 21:00:04 nimbus-eth1-mainnet-long-benchmark[4120996]: INF 2026-08-26 21:00:04.061+00:00 Imported blocks                            blockNumber=5210113 slot=1 blocks=5210112 txs=177662938 mgas=8084190 bps=158.9 tps=18684 mgps=997.7 avgBps=661.1 avgTps=22544 avgMGps=1025 elapsed=2h11m20s
Aug 26 21:00:59 nimbus-eth1-mainnet-long-benchmark[4120996]: INF 2026-08-26 21:00:59.780+00:00 Imported blocks                            blockNumber=5218305 slot=1 blocks=5218304 txs=178743234 mgas=8137622 bps=147.0 tps=19387 mgps=958.9 avgBps=657.5 avgTps=22522 avgMGps=1025 elapsed=2h12m16s
Aug 26 21:01:51 nimbus-eth1-mainnet-long-benchmark[4120996]: INF 2026-08-26 21:01:51.743+00:00 Imported blocks                            blockNumber=5226497 slot=1 blocks=5226496 txs=179656269 mgas=8189437 bps=157.6 tps=17570 mgps=997.1 avgBps=654.3 avgTps=22490 avgMGps=1025 elapsed=2h13m8s
Aug 26 21:02:39 nimbus-eth1-mainnet-long-benchmark[4120996]: INF 2026-08-26 21:02:39.954+00:00 Imported blocks                            blockNumber=5234689 slot=1 blocks=5234688 txs=180467802 mgas=8239147 bps=169.9 tps=16833 mgps=1031 avgBps=651.4 avgTps=22456 avgMGps=1025 elapsed=2h13m56s
Aug 26 21:03:29 nimbus-eth1-mainnet-long-benchmark[4120996]: INF 2026-08-26 21:03:29.026+00:00 Imported blocks                            blockNumber=5242881 slot=1 blocks=5242880 txs=181381820 mgas=8289807 bps=166.9 tps=18625 mgps=1032 avgBps=648.4 avgTps=22433 avgMGps=1025 elapsed=2h14m45s
Aug 26 21:04:18 nimbus-eth1-mainnet-long-benchmark[4120996]: INF 2026-08-26 21:04:18.021+00:00 Imported blocks                            blockNumber=5251073 slot=1 blocks=5251072 txs=182333554 mgas=8339467 bps=167.2 tps=19426 mgps=1013 avgBps=645.5 avgTps=22415 avgMGps=1025 elapsed=2h15m34s
Aug 26 21:05:09 nimbus-eth1-mainnet-long-benchmark[4120996]: INF 2026-08-26 21:05:09.992+00:00 Imported blocks                            blockNumber=5259265 slot=1 blocks=5259264 txs=183299882 mgas=8389405 bps=157.6 tps=18593 mgps=960.8 avgBps=642.4 avgTps=22390 avgMGps=1024 elapsed=2h16m26s
Aug 26 21:05:58 nimbus-eth1-mainnet-long-benchmark[4120996]: INF 2026-08-26 21:05:58.423+00:00 Imported blocks                            blockNumber=5267457 slot=1 blocks=5267456 txs=184176002 mgas=8437639 bps=169.1 tps=18089 mgps=995.9 avgBps=639.7 avgTps=22365 avgMGps=1024 elapsed=2h17m14s
Aug 26 21:06:43 nimbus-eth1-mainnet-long-benchmark[4120996]: INF 2026-08-26 21:06:43.751+00:00 Imported blocks                            blockNumber=5275649 slot=1 blocks=5275648 txs=185015562 mgas=8483144 bps=180.8 tps=18524 mgps=1004 avgBps=637.1 avgTps=22344 avgMGps=1024 elapsed=2h18m164ms
Aug 26 21:07:33 nimbus-eth1-mainnet-long-benchmark[4120996]: INF 2026-08-26 21:07:33.366+00:00 Imported blocks                            blockNumber=5283841 slot=1 blocks=5283840 txs=185991636 mgas=8533613 bps=165.1 tps=19671 mgps=1017 avgBps=634.3 avgTps=22328 avgMGps=1024 elapsed=2h18m49s
Aug 26 21:08:22 nimbus-eth1-mainnet-long-benchmark[4120996]: INF 2026-08-26 21:08:22.845+00:00 Imported blocks                            blockNumber=5292033 slot=1 blocks=5292032 txs=186916610 mgas=8581538 bps=165.6 tps=18693 mgps=968.6 avgBps=631.6 avgTps=22307 avgMGps=1024 elapsed=2h19m39s
Aug 26 21:09:10 nimbus-eth1-mainnet-long-benchmark[4120996]: INF 2026-08-26 21:09:10.896+00:00 Imported blocks                            blockNumber=5300225 slot=1 blocks=5300224 txs=187858754 mgas=8631219 bps=170.5 tps=19607 mgps=1033 avgBps=628.9 avgTps=22291 avgMGps=1024 elapsed=2h20m27s
Aug 26 21:09:58 nimbus-eth1-mainnet-long-benchmark[4120996]: INF 2026-08-26 21:09:58.307+00:00 Imported blocks                            blockNumber=5308417 slot=1 blocks=5308416 txs=188745166 mgas=8677575 bps=172.8 tps=18695 mgps=977.7 avgBps=626.4 avgTps=22271 avgMGps=1023 elapsed=2h21m14s
Aug 26 21:10:44 nimbus-eth1-mainnet-long-benchmark[4120996]: INF 2026-08-26 21:10:44.287+00:00 Imported blocks                            blockNumber=5316609 slot=1 blocks=5316608 txs=189573202 mgas=8722412 bps=178.2 tps=18010 mgps=975.3 avgBps=624.0 avgTps=22248 avgMGps=1023 elapsed=2h22m701ms
Aug 26 21:11:27 nimbus-eth1-mainnet-long-benchmark[4120996]: INF 2026-08-26 21:11:27.162+00:00 Imported blocks                            blockNumber=5324801 slot=1 blocks=5324800 txs=190311453 mgas=8764899 bps=191.1 tps=17218 mgps=990.9 avgBps=621.8 avgTps=22223 avgMGps=1023 elapsed=2h22m43s
Aug 26 21:12:11 nimbus-eth1-mainnet-long-benchmark[4120996]: INF 2026-08-26 21:12:11.697+00:00 Imported blocks                            blockNumber=5332993 slot=1 blocks=5332992 txs=191190015 mgas=8809276 bps=183.9 tps=19726 mgps=996.4 avgBps=619.5 avgTps=22210 avgMGps=1023 elapsed=2h23m28s
Aug 26 21:12:52 nimbus-eth1-mainnet-long-benchmark[4120996]: INF 2026-08-26 21:12:52.089+00:00 Imported blocks                            blockNumber=5341185 slot=1 blocks=5341184 txs=191949799 mgas=8848792 bps=202.8 tps=18810 mgps=978.3 avgBps=617.6 avgTps=22194 avgMGps=1023 elapsed=2h24m8s
Aug 26 21:13:39 nimbus-eth1-mainnet-long-benchmark[4120996]: INF 2026-08-26 21:13:39.072+00:00 Imported blocks                            blockNumber=5349377 slot=1 blocks=5349376 txs=192826757 mgas=8894234 bps=174.4 tps=18665 mgps=967.2 avgBps=615.2 avgTps=22175 avgMGps=1022 elapsed=2h24m55s
Aug 26 21:14:26 nimbus-eth1-mainnet-long-benchmark[4120996]: INF 2026-08-26 21:14:26.051+00:00 Imported blocks                            blockNumber=5357569 slot=1 blocks=5357568 txs=193630236 mgas=8940348 bps=174.4 tps=17101 mgps=981.5 avgBps=612.8 avgTps=22148 avgMGps=1022 elapsed=2h25m42s
Aug 26 21:15:09 nimbus-eth1-mainnet-long-benchmark[4120996]: INF 2026-08-26 21:15:09.718+00:00 Imported blocks                            blockNumber=5365761 slot=1 blocks=5365760 txs=194359264 mgas=8985413 bps=187.6 tps=16697 mgps=1032 avgBps=610.7 avgTps=22121 avgMGps=1022 elapsed=2h26m26s
Aug 26 21:15:57 nimbus-eth1-mainnet-long-benchmark[4120996]: INF 2026-08-26 21:15:57.942+00:00 Imported blocks                            blockNumber=5373953 slot=1 blocks=5373952 txs=195244977 mgas=9033151 bps=169.9 tps=18365 mgps=989.9 avgBps=608.3 avgTps=22100 avgMGps=1022 elapsed=2h27m14s
Aug 26 21:16:48 nimbus-eth1-mainnet-long-benchmark[4120996]: INF 2026-08-26 21:16:48.117+00:00 Imported blocks                            blockNumber=5382145 slot=1 blocks=5382144 txs=196081972 mgas=9084503 bps=163.3 tps=16681 mgps=1023 avgBps=605.8 avgTps=22070 avgMGps=1022 elapsed=2h28m4s
Aug 26 21:17:39 nimbus-eth1-mainnet-long-benchmark[4120996]: INF 2026-08-26 21:17:39.556+00:00 Imported blocks                            blockNumber=5390337 slot=1 blocks=5390336 txs=197047903 mgas=9137468 bps=159.2 tps=18777 mgps=1029 avgBps=603.2 avgTps=22051 avgMGps=1022 elapsed=2h28m55s
Aug 26 21:18:26 nimbus-eth1-mainnet-long-benchmark[4120996]: INF 2026-08-26 21:18:26.039+00:00 Imported blocks                            blockNumber=5398529 slot=1 blocks=5398528 txs=197830829 mgas=9188358 bps=176.2 tps=16843 mgps=1094 avgBps=601.0 avgTps=22024 avgMGps=1022 elapsed=2h29m42s
Aug 26 21:19:14 nimbus-eth1-mainnet-long-benchmark[4120996]: INF 2026-08-26 21:19:14.334+00:00 Imported blocks                            blockNumber=5406721 slot=1 blocks=5406720 txs=198592019 mgas=9237315 bps=169.6 tps=15762 mgps=1013 avgBps=598.7 avgTps=21990 avgMGps=1022 elapsed=2h30m30s
Aug 26 21:20:02 nimbus-eth1-mainnet-long-benchmark[4120996]: INF 2026-08-26 21:20:02.630+00:00 Imported blocks                            blockNumber=5414913 slot=1 blocks=5414912 txs=199419083 mgas=9285787 bps=169.6 tps=17124 mgps=1003 avgBps=596.4 avgTps=21964 avgMGps=1022 elapsed=2h31m19s
Aug 26 21:20:56 nimbus-eth1-mainnet-long-benchmark[4120996]: INF 2026-08-26 21:20:56.973+00:00 Imported blocks                            blockNumber=5423105 slot=1 blocks=5423104 txs=200244501 mgas=9335043 bps=150.7 tps=15189 mgps=906.4 avgBps=593.8 avgTps=21924 avgMGps=1022 elapsed=2h32m13s
Aug 26 21:21:54 nimbus-eth1-mainnet-long-benchmark[4120996]: INF 2026-08-26 21:21:54.252+00:00 Imported blocks                            blockNumber=5431297 slot=1 blocks=5431296 txs=201163768 mgas=9387274 bps=143.0 tps=16048 mgps=911.8 avgBps=591.0 avgTps=21887 avgMGps=1021 elapsed=2h33m10s
Aug 26 21:22:52 nimbus-eth1-mainnet-long-benchmark[4120996]: INF 2026-08-26 21:22:52.743+00:00 Imported blocks                            blockNumber=5439489 slot=1 blocks=5439488 txs=202137994 mgas=9442417 bps=140.1 tps=16655 mgps=942.7 avgBps=588.1 avgTps=21854 avgMGps=1020 elapsed=2h34m9s
Aug 26 21:23:46 nimbus-eth1-mainnet-long-benchmark[4120996]: INF 2026-08-26 21:23:46.110+00:00 Imported blocks                            blockNumber=5447681 slot=1 blocks=5447680 txs=202971502 mgas=9493107 bps=153.5 tps=15619 mgps=949.9 avgBps=585.6 avgTps=21818 avgMGps=1020 elapsed=2h35m2s
Aug 26 21:24:41 nimbus-eth1-mainnet-long-benchmark[4120996]: INF 2026-08-26 21:24:41.873+00:00 Imported blocks                            blockNumber=5455873 slot=1 blocks=5455872 txs=203919362 mgas=9549815 bps=146.9 tps=16998 mgps=1016 avgBps=583.0 avgTps=21790 avgMGps=1020 elapsed=2h35m58s
Aug 26 21:25:40 nimbus-eth1-mainnet-long-benchmark[4120996]: INF 2026-08-26 21:25:40.524+00:00 Imported blocks                            blockNumber=5464065 slot=1 blocks=5464064 txs=204953333 mgas=9608468 bps=139.7 tps=17627 mgps=1000.0 avgBps=580.2 avgTps=21764 avgMGps=1020 elapsed=2h36m56s
Aug 26 21:26:41 nimbus-eth1-mainnet-long-benchmark[4120996]: INF 2026-08-26 21:26:41.499+00:00 Imported blocks                            blockNumber=5472257 slot=1 blocks=5472256 txs=206068922 mgas=9667810 bps=134.3 tps=18295 mgps=973.2 avgBps=577.4 avgTps=21741 avgMGps=1020 elapsed=2h37m57s
Aug 26 21:27:42 nimbus-eth1-mainnet-long-benchmark[4120996]: INF 2026-08-26 21:27:42.378+00:00 Imported blocks                            blockNumber=5480449 slot=1 blocks=5480448 txs=207222045 mgas=9726894 bps=134.6 tps=18943 mgps=970.6 avgBps=574.5 avgTps=21724 avgMGps=1019 elapsed=2h38m58s
Aug 26 21:28:41 nimbus-eth1-mainnet-long-benchmark[4120996]: INF 2026-08-26 21:28:41.857+00:00 Imported blocks                            blockNumber=5488641 slot=1 blocks=5488640 txs=208231197 mgas=9782963 bps=137.7 tps=16965 mgps=942.7 avgBps=571.8 avgTps=21694 avgMGps=1019 elapsed=2h39m58s
Aug 26 21:29:45 nimbus-eth1-mainnet-long-benchmark[4120996]: INF 2026-08-26 21:29:45.528+00:00 Imported blocks                            blockNumber=5496833 slot=1 blocks=5496832 txs=209387352 mgas=9840565 bps=128.7 tps=18158 mgps=904.7 avgBps=568.9 avgTps=21671 avgMGps=1018 elapsed=2h41m1s
Aug 26 21:30:49 nimbus-eth1-mainnet-long-benchmark[4120996]: INF 2026-08-26 21:30:49.211+00:00 Imported blocks                            blockNumber=5505025 slot=1 blocks=5505024 txs=210535309 mgas=9898096 bps=128.6 tps=18026 mgps=903.4 avgBps=566.0 avgTps=21647 avgMGps=1017 elapsed=2h42m5s
Aug 26 21:31:48 nimbus-eth1-mainnet-long-benchmark[4120996]: INF 2026-08-26 21:31:48.218+00:00 Imported blocks                            blockNumber=5513217 slot=1 blocks=5513216 txs=211624286 mgas=9953427 bps=138.8 tps=18455 mgps=937.7 avgBps=563.5 avgTps=21628 avgMGps=1017 elapsed=2h43m4s
Aug 26 21:32:46 nimbus-eth1-mainnet-long-benchmark[4120996]: INF 2026-08-26 21:32:46.457+00:00 Imported blocks                            blockNumber=5521409 slot=1 blocks=5521408 txs=212752762 mgas=10007719 bps=140.7 tps=19375 mgps=932.2 avgBps=561.0 avgTps=21614 avgMGps=1016 elapsed=2h44m2s
Aug 26 21:33:48 nimbus-eth1-mainnet-long-benchmark[4120996]: INF 2026-08-26 21:33:48.412+00:00 Imported blocks                            blockNumber=5529601 slot=1 blocks=5529600 txs=213799913 mgas=10062746 bps=132.2 tps=16902 mgps=888.2 avgBps=558.3 avgTps=21585 avgMGps=1015 elapsed=2h45m4s
Aug 26 21:34:51 nimbus-eth1-mainnet-long-benchmark[4120996]: INF 2026-08-26 21:34:51.703+00:00 Imported blocks                            blockNumber=5537793 slot=1 blocks=5537792 txs=214926872 mgas=10120726 bps=129.4 tps=17805 mgps=916.1 avgBps=555.6 avgTps=21561 avgMGps=1015 elapsed=2h46m8s
Aug 26 21:35:55 nimbus-eth1-mainnet-long-benchmark[4120996]: INF 2026-08-26 21:35:55.218+00:00 Imported blocks                            blockNumber=5545985 slot=1 blocks=5545984 txs=216003215 mgas=10179892 bps=129.0 tps=16946 mgps=931.5 avgBps=552.8 avgTps=21532 avgMGps=1014 elapsed=2h47m11s
Aug 26 21:36:59 nimbus-eth1-mainnet-long-benchmark[4120996]: INF 2026-08-26 21:36:59.465+00:00 Imported blocks                            blockNumber=5554177 slot=1 blocks=5554176 txs=217195611 mgas=10239437 bps=127.5 tps=18559 mgps=926.8 avgBps=550.1 avgTps=21513 avgMGps=1014 elapsed=2h48m15s
Aug 26 21:38:09 nimbus-eth1-mainnet-long-benchmark[4120996]: INF 2026-08-26 21:38:09.932+00:00 Imported blocks                            blockNumber=5562369 slot=1 blocks=5562368 txs=218572562 mgas=10297957 bps=116.3 tps=19540 mgps=830.4 avgBps=547.1 avgTps=21499 avgMGps=1012 elapsed=2h49m26s
Aug 26 21:39:09 nimbus-eth1-mainnet-long-benchmark[4120996]: INF 2026-08-26 21:39:09.703+00:00 Imported blocks                            blockNumber=5570561 slot=1 blocks=5570560 txs=219549283 mgas=10356007 bps=137.1 tps=16340 mgps=971.2 avgBps=544.7 avgTps=21469 avgMGps=1012 elapsed=2h50m26s
Aug 26 21:40:10 nimbus-eth1-mainnet-long-benchmark[4120996]: INF 2026-08-26 21:40:10.446+00:00 Imported blocks                            blockNumber=5578753 slot=1 blocks=5578752 txs=220715670 mgas=10413738 bps=134.9 tps=19203 mgps=950.5 avgBps=542.3 avgTps=21456 avgMGps=1012 elapsed=2h51m26s
Aug 26 21:41:13 nimbus-eth1-mainnet-long-benchmark[4120996]: INF 2026-08-26 21:41:13.689+00:00 Imported blocks                            blockNumber=5586945 slot=1 blocks=5586944 txs=221877585 mgas=10472145 bps=129.5 tps=18371 mgps=923.5 avgBps=539.8 avgTps=21437 avgMGps=1011 elapsed=2h52m30s
Aug 26 21:42:19 nimbus-eth1-mainnet-long-benchmark[4120996]: INF 2026-08-26 21:42:19.196+00:00 Imported blocks                            blockNumber=5595137 slot=1 blocks=5595136 txs=223112499 mgas=10532917 bps=125.1 tps=18851 mgps=927.7 avgBps=537.2 avgTps=21420 avgMGps=1011 elapsed=2h53m35s
Aug 26 21:43:20 nimbus-eth1-mainnet-long-benchmark[4120996]: INF 2026-08-26 21:43:20.947+00:00 Imported blocks                            blockNumber=5603329 slot=1 blocks=5603328 txs=224236731 mgas=10592673 bps=132.7 tps=18205 mgps=967.6 avgBps=534.8 avgTps=21402 avgMGps=1011 elapsed=2h54m37s
Aug 26 21:44:22 nimbus-eth1-mainnet-long-benchmark[4120996]: INF 2026-08-26 21:44:22.046+00:00 Imported blocks                            blockNumber=5611521 slot=1 blocks=5611520 txs=225332209 mgas=10652795 bps=134.1 tps=17930 mgps=984.1 avgBps=532.5 avgTps=21381 avgMGps=1010 elapsed=2h55m38s
Aug 26 21:45:26 nimbus-eth1-mainnet-long-benchmark[4120996]: INF 2026-08-26 21:45:26.953+00:00 Imported blocks                            blockNumber=5619713 slot=1 blocks=5619712 txs=226491094 mgas=10713164 bps=126.2 tps=17854 mgps=930.1 avgBps=530.0 avgTps=21360 avgMGps=1010 elapsed=2h56m43s
Aug 26 21:46:30 nimbus-eth1-mainnet-long-benchmark[4120996]: INF 2026-08-26 21:46:30.528+00:00 Imported blocks                            blockNumber=5627905 slot=1 blocks=5627904 txs=227644911 mgas=10773939 bps=128.9 tps=18148 mgps=956.0 avgBps=527.6 avgTps=21341 avgMGps=1010 elapsed=2h57m46s
Aug 26 21:47:33 nimbus-eth1-mainnet-long-benchmark[4120996]: INF 2026-08-26 21:47:33.487+00:00 Imported blocks                            blockNumber=5636097 slot=1 blocks=5636096 txs=228871217 mgas=10834353 bps=130.1 tps=19476 mgps=959.5 avgBps=525.3 avgTps=21330 avgMGps=1009 elapsed=2h58m49s
Aug 26 21:48:34 nimbus-eth1-mainnet-long-benchmark[4120996]: INF 2026-08-26 21:48:34.126+00:00 Imported blocks                            blockNumber=5644289 slot=1 blocks=5644288 txs=230067314 mgas=10894316 bps=135.1 tps=19725 mgps=988.9 avgBps=523.1 avgTps=21321 avgMGps=1009 elapsed=2h59m50s
Aug 26 21:49:38 nimbus-eth1-mainnet-long-benchmark[4120996]: INF 2026-08-26 21:49:38.557+00:00 Imported blocks                            blockNumber=5652481 slot=1 blocks=5652480 txs=231215371 mgas=10954481 bps=127.1 tps=17819 mgps=933.8 avgBps=520.7 avgTps=21300 avgMGps=1009 elapsed=3h54s972ms
Aug 26 21:50:41 nimbus-eth1-mainnet-long-benchmark[4120996]: INF 2026-08-26 21:50:41.960+00:00 Imported blocks                            blockNumber=5660673 slot=1 blocks=5660672 txs=232392425 mgas=11015178 bps=129.2 tps=18564 mgps=957.3 avgBps=518.5 avgTps=21284 avgMGps=1008 elapsed=3h1m58s
Aug 26 21:51:47 nimbus-eth1-mainnet-long-benchmark[4120996]: INF 2026-08-26 21:51:47.135+00:00 Imported blocks                            blockNumber=5668865 slot=1 blocks=5668864 txs=233627923 mgas=11075226 bps=125.7 tps=18955 mgps=921.3 avgBps=516.1 avgTps=21270 avgMGps=1008 elapsed=3h3m3s
Aug 26 21:52:53 nimbus-eth1-mainnet-long-benchmark[4120996]: INF 2026-08-26 21:52:53.878+00:00 Imported blocks                            blockNumber=5677057 slot=1 blocks=5677056 txs=234775285 mgas=11135711 bps=122.7 tps=17191 mgps=906.3 avgBps=513.7 avgTps=21246 avgMGps=1007 elapsed=3h4m10s
Aug 26 21:53:57 nimbus-eth1-mainnet-long-benchmark[4120996]: INF 2026-08-26 21:53:57.189+00:00 Imported blocks                            blockNumber=5685249 slot=1 blocks=5685248 txs=235883512 mgas=11195486 bps=129.4 tps=17504 mgps=944.2 avgBps=511.6 avgTps=21224 avgMGps=1007 elapsed=3h5m13s
Aug 26 21:55:02 nimbus-eth1-mainnet-long-benchmark[4120996]: INF 2026-08-26 21:55:02.076+00:00 Imported blocks                            blockNumber=5693441 slot=1 blocks=5693440 txs=237085394 mgas=11256495 bps=126.2 tps=18522 mgps=940.2 avgBps=509.3 avgTps=21209 avgMGps=1006 elapsed=3h6m18s
Aug 26 21:56:11 nimbus-eth1-mainnet-long-benchmark[4120996]: INF 2026-08-26 21:56:11.415+00:00 Imported blocks                            blockNumber=5701633 slot=1 blocks=5701632 txs=238269205 mgas=11318172 bps=118.2 tps=17073 mgps=889.6 avgBps=506.9 avgTps=21183 avgMGps=1006 elapsed=3h7m27s
Aug 26 21:57:22 nimbus-eth1-mainnet-long-benchmark[4120996]: INF 2026-08-26 21:57:22.973+00:00 Imported blocks                            blockNumber=5709825 slot=1 blocks=5709824 txs=239483842 mgas=11379963 bps=114.5 tps=16973 mgps=863.5 avgBps=504.4 avgTps=21156 avgMGps=1005 elapsed=3h8m39s
Aug 26 21:58:33 nimbus-eth1-mainnet-long-benchmark[4120996]: INF 2026-08-26 21:58:33.868+00:00 Imported blocks                            blockNumber=5718017 slot=1 blocks=5718016 txs=240570315 mgas=11441462 bps=115.5 tps=15324 mgps=867.4 avgBps=502.0 avgTps=21120 avgMGps=1004 elapsed=3h9m50s
Aug 26 21:59:40 nimbus-eth1-mainnet-long-benchmark[4120996]: INF 2026-08-26 21:59:40.635+00:00 Imported blocks                            blockNumber=5726209 slot=1 blocks=5726208 txs=241772216 mgas=11502595 bps=122.7 tps=18001 mgps=915.6 avgBps=499.8 avgTps=21102 avgMGps=1003 elapsed=3h10m57s
Aug 26 22:00:45 nimbus-eth1-mainnet-long-benchmark[4120996]: INF 2026-08-26 22:00:45.970+00:00 Imported blocks                            blockNumber=5734401 slot=1 blocks=5734400 txs=242887128 mgas=11563848 bps=125.4 tps=17064 mgps=937.5 avgBps=497.7 avgTps=21079 avgMGps=1003 elapsed=3h12m2s
Aug 26 22:01:50 nimbus-eth1-mainnet-long-benchmark[4120996]: INF 2026-08-26 22:01:50.897+00:00 Imported blocks                            blockNumber=5742593 slot=1 blocks=5742592 txs=244051101 mgas=11623983 bps=126.2 tps=17927 mgps=926.2 avgBps=495.6 avgTps=21061 avgMGps=1003 elapsed=3h13m7s
Aug 26 22:02:54 nimbus-eth1-mainnet-long-benchmark[4120996]: INF 2026-08-26 22:02:54.268+00:00 Imported blocks                            blockNumber=5750785 slot=1 blocks=5750784 txs=245135161 mgas=11683584 bps=129.3 tps=17106 mgps=940.5 avgBps=493.6 avgTps=21040 avgMGps=1002 elapsed=3h14m10s
Aug 26 22:03:56 nimbus-eth1-mainnet-long-benchmark[4120996]: INF 2026-08-26 22:03:56.607+00:00 Imported blocks                            blockNumber=5758977 slot=1 blocks=5758976 txs=246213533 mgas=11743393 bps=131.4 tps=17297 mgps=959.4 avgBps=491.7 avgTps=21020 avgMGps=1002 elapsed=3h15m13s
Aug 26 22:05:00 nimbus-eth1-mainnet-long-benchmark[4120996]: INF 2026-08-26 22:05:00.698+00:00 Imported blocks                            blockNumber=5767169 slot=1 blocks=5767168 txs=247328378 mgas=11802719 bps=127.8 tps=17395 mgps=925.7 avgBps=489.7 avgTps=21000 avgMGps=1002 elapsed=3h16m17s
Aug 26 22:06:02 nimbus-eth1-mainnet-long-benchmark[4120996]: INF 2026-08-26 22:06:02.977+00:00 Imported blocks                            blockNumber=5775361 slot=1 blocks=5775360 txs=248454516 mgas=11862582 bps=131.5 tps=18081 mgps=961.2 avgBps=487.8 avgTps=20985 avgMGps=1001 elapsed=3h17m19s
Aug 26 22:07:03 nimbus-eth1-mainnet-long-benchmark[4120996]: INF 2026-08-26 22:07:03.784+00:00 Imported blocks                            blockNumber=5783553 slot=1 blocks=5783552 txs=249591493 mgas=11921794 bps=134.7 tps=18697 mgps=973.7 avgBps=486.0 avgTps=20973 avgMGps=1001 elapsed=3h18m20s
Aug 26 22:07:59 nimbus-eth1-mainnet-long-benchmark[4120996]: INF 2026-08-26 22:07:58.999+00:00 Imported blocks                            blockNumber=5791745 slot=1 blocks=5791744 txs=250638008 mgas=11973982 bps=148.4 tps=18953 mgps=945.2 avgBps=484.4 avgTps=20964 avgMGps=1001 elapsed=3h19m15s
Aug 26 22:08:56 nimbus-eth1-mainnet-long-benchmark[4120996]: INF 2026-08-26 22:08:56.690+00:00 Imported blocks                            blockNumber=5799937 slot=1 blocks=5799936 txs=251678426 mgas=12029173 bps=142.0 tps=18034 mgps=956.7 avgBps=482.8 avgTps=20950 avgMGps=1001 elapsed=3h20m13s
Aug 26 22:09:50 nimbus-eth1-mainnet-long-benchmark[4120996]: INF 2026-08-26 22:09:50.553+00:00 Imported blocks                            blockNumber=5808129 slot=1 blocks=5808128 txs=252531449 mgas=12084497 bps=152.1 tps=15836 mgps=1027 avgBps=481.3 avgTps=20927 avgMGps=1001 elapsed=3h21m6s
Aug 26 22:10:48 nimbus-eth1-mainnet-long-benchmark[4120996]: INF 2026-08-26 22:10:48.700+00:00 Imported blocks                            blockNumber=5816321 slot=1 blocks=5816320 txs=253560073 mgas=12141561 bps=140.9 tps=17690 mgps=981.4 avgBps=479.7 avgTps=20911 avgMGps=1001 elapsed=3h22m5s
Aug 26 22:11:52 nimbus-eth1-mainnet-long-benchmark[4120996]: INF 2026-08-26 22:11:52.603+00:00 Imported blocks                            blockNumber=5824513 slot=1 blocks=5824512 txs=254677119 mgas=12200831 bps=128.2 tps=17479 mgps=927.5 avgBps=477.8 avgTps=20893 avgMGps=1000 elapsed=3h23m9s
Aug 26 22:12:55 nimbus-eth1-mainnet-long-benchmark[4120996]: INF 2026-08-26 22:12:55.662+00:00 Imported blocks                            blockNumber=5832705 slot=1 blocks=5832704 txs=255738276 mgas=12259791 bps=129.9 tps=16828 mgps=935.0 avgBps=476.1 avgTps=20873 avgMGps=1000 elapsed=3h24m12s
Aug 26 22:13:56 nimbus-eth1-mainnet-long-benchmark[4120996]: INF 2026-08-26 22:13:56.101+00:00 Imported blocks                            blockNumber=5840897 slot=1 blocks=5840896 txs=256793603 mgas=12316339 bps=135.5 tps=17461 mgps=935.6 avgBps=474.4 avgTps=20856 avgMGps=1000 elapsed=3h25m12s
Aug 26 22:14:50 nimbus-eth1-mainnet-long-benchmark[4120996]: INF 2026-08-26 22:14:50.520+00:00 Imported blocks                            blockNumber=5849089 slot=1 blocks=5849088 txs=257672255 mgas=12366878 bps=150.5 tps=16145 mgps=928.7 avgBps=473.0 avgTps=20835 avgMGps=1000.0 elapsed=3h26m6s
Aug 26 22:15:57 nimbus-eth1-mainnet-long-benchmark[4120996]: INF 2026-08-26 22:15:57.747+00:00 Imported blocks                            blockNumber=5857281 slot=1 blocks=5857280 txs=258845741 mgas=12424511 bps=121.9 tps=17455 mgps=857.3 avgBps=471.1 avgTps=20817 avgMGps=999.2 elapsed=3h27m14s
Aug 26 22:17:00 nimbus-eth1-mainnet-long-benchmark[4120996]: INF 2026-08-26 22:17:00.630+00:00 Imported blocks                            blockNumber=5865473 slot=1 blocks=5865472 txs=259926780 mgas=12482128 bps=130.3 tps=17191 mgps=916.3 avgBps=469.3 avgTps=20799 avgMGps=998.8 elapsed=3h28m17s
Aug 26 22:18:04 nimbus-eth1-mainnet-long-benchmark[4120996]: INF 2026-08-26 22:18:04.225+00:00 Imported blocks                            blockNumber=5873665 slot=1 blocks=5873664 txs=260984009 mgas=12538871 bps=128.8 tps=16624 mgps=892.3 avgBps=467.6 avgTps=20777 avgMGps=998.3 elapsed=3h29m20s
Aug 26 22:19:03 nimbus-eth1-mainnet-long-benchmark[4120996]: INF 2026-08-26 22:19:03.528+00:00 Imported blocks                            blockNumber=5881857 slot=1 blocks=5881856 txs=261935767 mgas=12597382 bps=138.1 tps=16048 mgps=986.6 avgBps=466.1 avgTps=20755 avgMGps=998.2 elapsed=3h30m19s
Aug 26 22:19:51 nimbus-eth1-mainnet-long-benchmark[4120996]: INF 2026-08-26 22:19:51.696+00:00 Imported blocks                            blockNumber=5890049 slot=1 blocks=5890048 txs=262770950 mgas=12659178 bps=170.1 tps=17339 mgps=1282 avgBps=465.0 avgTps=20742 avgMGps=999.3 elapsed=3h31m8s
Aug 26 22:20:41 nimbus-eth1-mainnet-long-benchmark[4120996]: INF 2026-08-26 22:20:41.855+00:00 Imported blocks                            blockNumber=5898241 slot=1 blocks=5898240 txs=263510879 mgas=12720906 bps=163.3 tps=14751 mgps=1230 avgBps=463.8 avgTps=20719 avgMGps=1000 elapsed=3h31m58s
Aug 26 22:21:32 nimbus-eth1-mainnet-long-benchmark[4120996]: INF 2026-08-26 22:21:32.950+00:00 Imported blocks                            blockNumber=5906433 slot=1 blocks=5906432 txs=264191752 mgas=12782810 bps=160.3 tps=13325 mgps=1211 avgBps=462.5 avgTps=20689 avgMGps=1001 elapsed=3h32m49s
Aug 26 22:22:25 nimbus-eth1-mainnet-long-benchmark[4120996]: INF 2026-08-26 22:22:25.549+00:00 Imported blocks                            blockNumber=5914625 slot=1 blocks=5914624 txs=264898081 mgas=12844258 bps=155.7 tps=13428 mgps=1168 avgBps=461.3 avgTps=20659 avgMGps=1001 elapsed=3h33m41s
Aug 26 22:23:15 nimbus-eth1-mainnet-long-benchmark[4120996]: INF 2026-08-26 22:23:15.672+00:00 Imported blocks                            blockNumber=5922817 slot=1 blocks=5922816 txs=265592658 mgas=12906347 bps=163.4 tps=13856 mgps=1238 avgBps=460.1 avgTps=20633 avgMGps=1002 elapsed=3h34m32s
Aug 26 22:24:08 nimbus-eth1-mainnet-long-benchmark[4120996]: INF 2026-08-26 22:24:08.355+00:00 Imported blocks                            blockNumber=5931009 slot=1 blocks=5931008 txs=266439626 mgas=12964327 bps=155.5 tps=16076 mgps=1100 avgBps=458.9 avgTps=20614 avgMGps=1003 elapsed=3h35m24s
Aug 26 22:25:07 nimbus-eth1-mainnet-long-benchmark[4120996]: INF 2026-08-26 22:25:07.138+00:00 Imported blocks                            blockNumber=5939201 slot=1 blocks=5939200 txs=267406185 mgas=13024289 bps=139.4 tps=16443 mgps=1020 avgBps=457.4 avgTps=20595 avgMGps=1003 elapsed=3h36m23s
Aug 26 22:26:06 nimbus-eth1-mainnet-long-benchmark[4120996]: INF 2026-08-26 22:26:06.090+00:00 Imported blocks                            blockNumber=5947393 slot=1 blocks=5947392 txs=268307973 mgas=13084568 bps=139.0 tps=15297 mgps=1022 avgBps=456.0 avgTps=20571 avgMGps=1003 elapsed=3h37m22s
Aug 26 22:27:02 nimbus-eth1-mainnet-long-benchmark[4120996]: INF 2026-08-26 22:27:02.293+00:00 Imported blocks                            blockNumber=5955585 slot=1 blocks=5955584 txs=269110837 mgas=13144983 bps=145.7 tps=14283 mgps=1074 avgBps=454.7 avgTps=20544 avgMGps=1003 elapsed=3h38m18s
Aug 26 22:27:55 nimbus-eth1-mainnet-long-benchmark[4120996]: INF 2026-08-26 22:27:55.104+00:00 Imported blocks                            blockNumber=5963777 slot=1 blocks=5963776 txs=269795947 mgas=13208052 bps=155.1 tps=12973 mgps=1194 avgBps=453.5 avgTps=20514 avgMGps=1004 elapsed=3h39m11s
Aug 26 22:28:47 nimbus-eth1-mainnet-long-benchmark[4120996]: INF 2026-08-26 22:28:47.187+00:00 Imported blocks                            blockNumber=5971969 slot=1 blocks=5971968 txs=270445659 mgas=13267738 bps=157.3 tps=12473 mgps=1145 avgBps=452.3 avgTps=20482 avgMGps=1004 elapsed=3h40m3s
Aug 26 22:29:51 nimbus-eth1-mainnet-long-benchmark[4120996]: INF 2026-08-26 22:29:51.610+00:00 Imported blocks                            blockNumber=5980161 slot=1 blocks=5980160 txs=271482455 mgas=13327833 bps=127.2 tps=16095 mgps=932.9 avgBps=450.7 avgTps=20461 avgMGps=1004 elapsed=3h41m8s
Aug 26 22:30:55 nimbus-eth1-mainnet-long-benchmark[4120996]: INF 2026-08-26 22:30:55.025+00:00 Imported blocks                            blockNumber=5988353 slot=1 blocks=5988352 txs=272485958 mgas=13387249 bps=129.2 tps=15823 mgps=936.9 avgBps=449.2 avgTps=20439 avgMGps=1004 elapsed=3h42m11s
Aug 26 22:31:56 nimbus-eth1-mainnet-long-benchmark[4120996]: INF 2026-08-26 22:31:56.176+00:00 Imported blocks                            blockNumber=5996545 slot=1 blocks=5996544 txs=273513562 mgas=13446865 bps=134.0 tps=16804 mgps=974.9 avgBps=447.8 avgTps=20422 avgMGps=1004 elapsed=3h43m12s
Aug 26 22:33:02 nimbus-eth1-mainnet-long-benchmark[4120996]: INF 2026-08-26 22:33:02.191+00:00 Imported blocks                            blockNumber=6004737 slot=1 blocks=6004736 txs=274405665 mgas=13507303 bps=124.1 tps=13513 mgps=915.5 avgBps=446.2 avgTps=20388 avgMGps=1003 elapsed=3h44m18s
Aug 26 22:34:04 nimbus-eth1-mainnet-long-benchmark[4120996]: INF 2026-08-26 22:34:04.478+00:00 Imported blocks                            blockNumber=6012929 slot=1 blocks=6012928 txs=275285977 mgas=13567110 bps=131.5 tps=14133 mgps=960.2 avgBps=444.7 avgTps=20360 avgMGps=1003 elapsed=3h45m20s
Aug 26 22:35:11 nimbus-eth1-mainnet-long-benchmark[4120996]: INF 2026-08-26 22:35:11.369+00:00 Imported blocks                            blockNumber=6021121 slot=1 blocks=6021120 txs=276395619 mgas=13627135 bps=122.5 tps=16588 mgps=897.3 avgBps=443.1 avgTps=20341 avgMGps=1002 elapsed=3h46m27s
Aug 26 22:36:16 nimbus-eth1-mainnet-long-benchmark[4120996]: INF 2026-08-26 22:36:16.896+00:00 Imported blocks                            blockNumber=6029313 slot=1 blocks=6029312 txs=277490573 mgas=13686775 bps=125.0 tps=16710 mgps=910.2 avgBps=441.6 avgTps=20324 avgMGps=1002 elapsed=3h47m33s
Aug 26 22:37:20 nimbus-eth1-mainnet-long-benchmark[4120996]: INF 2026-08-26 22:37:20.419+00:00 Imported blocks                            blockNumber=6037505 slot=1 blocks=6037504 txs=278520990 mgas=13746145 bps=129.0 tps=16221 mgps=934.6 avgBps=440.2 avgTps=20305 avgMGps=1002 elapsed=3h48m36s
Aug 26 22:38:25 nimbus-eth1-mainnet-long-benchmark[4120996]: INF 2026-08-26 22:38:25.102+00:00 Imported blocks                            blockNumber=6045697 slot=1 blocks=6045696 txs=279578190 mgas=13802046 bps=126.7 tps=16344 mgps=864.2 avgBps=438.7 avgTps=20286 avgMGps=1001 elapsed=3h49m41s
Aug 26 22:39:21 nimbus-eth1-mainnet-long-benchmark[4120996]: INF 2026-08-26 22:39:21.289+00:00 Imported blocks                            blockNumber=6053889 slot=1 blocks=6053888 txs=280518529 mgas=13852799 bps=145.8 tps=16734 mgps=903.2 avgBps=437.5 avgTps=20272 avgMGps=1001 elapsed=3h50m37s
Aug 26 22:40:23 nimbus-eth1-mainnet-long-benchmark[4120996]: INF 2026-08-26 22:40:23.860+00:00 Imported blocks                            blockNumber=6062081 slot=1 blocks=6062080 txs=281566174 mgas=13909217 bps=130.9 tps=16743 mgps=901.7 avgBps=436.1 avgTps=20256 avgMGps=1000 elapsed=3h51m40s
Aug 26 22:41:29 nimbus-eth1-mainnet-long-benchmark[4120996]: INF 2026-08-26 22:41:29.311+00:00 Imported blocks                            blockNumber=6070273 slot=1 blocks=6070272 txs=282636518 mgas=13967829 bps=125.2 tps=16353 mgps=895.6 avgBps=434.7 avgTps=20237 avgMGps=1000 elapsed=3h52m45s
Aug 26 22:42:31 nimbus-eth1-mainnet-long-benchmark[4120996]: INF 2026-08-26 22:42:31.290+00:00 Imported blocks                            blockNumber=6078465 slot=1 blocks=6078464 txs=283676844 mgas=14026990 bps=132.2 tps=16785 mgps=954.5 avgBps=433.3 avgTps=20222 avgMGps=999.9 elapsed=3h53m47s
Aug 26 22:43:30 nimbus-eth1-mainnet-long-benchmark[4120996]: INF 2026-08-26 22:43:30.645+00:00 Imported blocks                            blockNumber=6086657 slot=1 blocks=6086656 txs=284709783 mgas=14086235 bps=138.0 tps=17402 mgps=998.2 avgBps=432.1 avgTps=20210 avgMGps=999.9 elapsed=3h54m47s
Aug 26 22:44:29 nimbus-eth1-mainnet-long-benchmark[4120996]: INF 2026-08-26 22:44:29.376+00:00 Imported blocks                            blockNumber=6094849 slot=1 blocks=6094848 txs=285687889 mgas=14144316 bps=139.5 tps=16653 mgps=988.9 avgBps=430.9 avgTps=20195 avgMGps=999.9 elapsed=3h55m45s
Aug 26 22:45:32 nimbus-eth1-mainnet-long-benchmark[4120996]: INF 2026-08-26 22:45:32.291+00:00 Imported blocks                            blockNumber=6103041 slot=1 blocks=6103040 txs=286637824 mgas=14203750 bps=130.2 tps=15099 mgps=944.7 avgBps=429.5 avgTps=20173 avgMGps=999.7 elapsed=3h56m48s
Aug 26 22:46:51 nimbus-eth1-mainnet-long-benchmark[4120996]: INF 2026-08-26 22:46:51.509+00:00 Imported blocks                            blockNumber=6111233 slot=1 blocks=6111232 txs=287452264 mgas=14266169 bps=103.4 tps=10280 mgps=787.9 avgBps=427.7 avgTps=20118 avgMGps=998.5 elapsed=3h58m7s
Aug 26 22:48:13 nimbus-eth1-mainnet-long-benchmark[4120996]: INF 2026-08-26 22:48:13.924+00:00 Imported blocks                            blockNumber=6119425 slot=1 blocks=6119424 txs=288209147 mgas=14328098 bps=99.40 tps=9183 mgps=751.4 avgBps=425.8 avgTps=20055 avgMGps=997.1 elapsed=3h59m30s
Aug 26 22:49:23 nimbus-eth1-mainnet-long-benchmark[4120996]: INF 2026-08-26 22:49:23.823+00:00 Imported blocks                            blockNumber=6127617 slot=1 blocks=6127616 txs=289100847 mgas=14386026 bps=117.2 tps=12757 mgps=828.8 avgBps=424.3 avgTps=20020 avgMGps=996.2 elapsed=4h40s240ms
Aug 26 22:50:20 nimbus-eth1-mainnet-long-benchmark[4120996]: INF 2026-08-26 22:50:20.942+00:00 Imported blocks                            blockNumber=6135809 slot=1 blocks=6135808 txs=289995220 mgas=14440150 bps=143.4 tps=15658 mgps=947.6 avgBps=423.2 avgTps=20003 avgMGps=996.1 elapsed=4h1m37s
Aug 26 22:51:22 nimbus-eth1-mainnet-long-benchmark[4120996]: INF 2026-08-26 22:51:22.349+00:00 Imported blocks                            blockNumber=6144001 slot=1 blocks=6144000 txs=290944064 mgas=14494624 bps=133.4 tps=15450 mgps=887.0 avgBps=422.0 avgTps=19984 avgMGps=995.6 elapsed=4h2m38s
Aug 26 22:52:22 nimbus-eth1-mainnet-long-benchmark[4120996]: INF 2026-08-26 22:52:22.908+00:00 Imported blocks                            blockNumber=6152193 slot=1 blocks=6152192 txs=291893124 mgas=14550560 bps=135.3 tps=15672 mgps=923.7 avgBps=420.8 avgTps=19966 avgMGps=995.3 elapsed=4h3m39s
Aug 26 22:53:24 nimbus-eth1-mainnet-long-benchmark[4120996]: INF 2026-08-26 22:53:24.555+00:00 Imported blocks                            blockNumber=6160385 slot=1 blocks=6160384 txs=292833857 mgas=14607740 bps=132.9 tps=15259 mgps=927.5 avgBps=419.6 avgTps=19946 avgMGps=995.0 elapsed=4h4m40s
Aug 26 22:54:32 nimbus-eth1-mainnet-long-benchmark[4120996]: INF 2026-08-26 22:54:32.830+00:00 Imported blocks                            blockNumber=6168577 slot=1 blocks=6168576 txs=293708861 mgas=14667507 bps=120.0 tps=12816 mgps=875.4 avgBps=418.2 avgTps=19913 avgMGps=994.5 elapsed=4h5m49s
Aug 26 22:55:35 nimbus-eth1-mainnet-long-benchmark[4120996]: INF 2026-08-26 22:55:35.061+00:00 Imported blocks                            blockNumber=6176769 slot=1 blocks=6176768 txs=294563705 mgas=14726140 bps=131.6 tps=13736 mgps=942.2 avgBps=417.0 avgTps=19887 avgMGps=994.2 elapsed=4h6m51s
Aug 26 22:56:37 nimbus-eth1-mainnet-long-benchmark[4120996]: INF 2026-08-26 22:56:37.756+00:00 Imported blocks                            blockNumber=6184961 slot=1 blocks=6184960 txs=295433515 mgas=14783313 bps=130.7 tps=13873 mgps=911.9 avgBps=415.8 avgTps=19862 avgMGps=993.9 elapsed=4h7m54s
Aug 26 22:57:41 nimbus-eth1-mainnet-long-benchmark[4120996]: INF 2026-08-26 22:57:41.599+00:00 Imported blocks                            blockNumber=6193153 slot=1 blocks=6193152 txs=296291854 mgas=14842029 bps=128.3 tps=13444 mgps=919.7 avgBps=414.6 avgTps=19834 avgMGps=993.6 elapsed=4h8m58s
Aug 26 22:58:44 nimbus-eth1-mainnet-long-benchmark[4120996]: INF 2026-08-26 22:58:44.518+00:00 Imported blocks                            blockNumber=6201345 slot=1 blocks=6201344 txs=297099945 mgas=14901098 bps=130.2 tps=12844 mgps=938.9 avgBps=413.4 avgTps=19805 avgMGps=993.3 elapsed=4h10m933ms
Aug 26 22:59:51 nimbus-eth1-mainnet-long-benchmark[4120996]: INF 2026-08-26 22:59:51.109+00:00 Imported blocks                            blockNumber=6209537 slot=1 blocks=6209536 txs=297916698 mgas=14959973 bps=123.0 tps=12264 mgps=884.1 avgBps=412.1 avgTps=19772 avgMGps=992.9 elapsed=4h11m7s
Aug 26 23:00:55 nimbus-eth1-mainnet-long-benchmark[4120996]: INF 2026-08-26 23:00:55.248+00:00 Imported blocks                            blockNumber=6217729 slot=1 blocks=6217728 txs=298726153 mgas=15018533 bps=127.7 tps=12619 mgps=913.0 avgBps=410.9 avgTps=19741 avgMGps=992.5 elapsed=4h12m11s
Aug 26 23:01:59 nimbus-eth1-mainnet-long-benchmark[4120996]: INF 2026-08-26 23:01:59.199+00:00 Imported blocks                            blockNumber=6225921 slot=1 blocks=6225920 txs=299565406 mgas=15076094 bps=128.1 tps=13123 mgps=900.1 avgBps=409.7 avgTps=19713 avgMGps=992.1 elapsed=4h13m15s
Aug 26 23:03:04 nimbus-eth1-mainnet-long-benchmark[4120996]: INF 2026-08-26 23:03:04.218+00:00 Imported blocks                            blockNumber=6234113 slot=1 blocks=6234112 txs=300411182 mgas=15135113 bps=126.0 tps=13008 mgps=907.7 avgBps=408.5 avgTps=19685 avgMGps=991.8 elapsed=4h14m20s
Aug 26 23:04:11 nimbus-eth1-mainnet-long-benchmark[4120996]: INF 2026-08-26 23:04:11.157+00:00 Imported blocks                            blockNumber=6242305 slot=1 blocks=6242304 txs=301215473 mgas=15192196 bps=122.4 tps=12015 mgps=852.7 avgBps=407.3 avgTps=19651 avgMGps=991.2 elapsed=4h15m27s
Aug 26 23:05:13 nimbus-eth1-mainnet-long-benchmark[4120996]: INF 2026-08-26 23:05:13.992+00:00 Imported blocks                            blockNumber=6250497 slot=1 blocks=6250496 txs=301994783 mgas=15250489 bps=130.4 tps=12402 mgps=927.8 avgBps=406.1 avgTps=19622 avgMGps=990.9 elapsed=4h16m30s
Aug 26 23:06:18 nimbus-eth1-mainnet-long-benchmark[4120996]: INF 2026-08-26 23:06:18.783+00:00 Imported blocks                            blockNumber=6258689 slot=1 blocks=6258688 txs=302930566 mgas=15309041 bps=126.4 tps=14443 mgps=903.7 avgBps=405.0 avgTps=19600 avgMGps=990.5 elapsed=4h17m35s
Aug 26 23:07:22 nimbus-eth1-mainnet-long-benchmark[4120996]: INF 2026-08-26 23:07:22.958+00:00 Imported blocks                            blockNumber=6266881 slot=1 blocks=6266880 txs=303762909 mgas=15365780 bps=127.7 tps=12970 mgps=884.2 avgBps=403.8 avgTps=19573 avgMGps=990.1 elapsed=4h18m39s
Aug 26 23:08:27 nimbus-eth1-mainnet-long-benchmark[4120996]: INF 2026-08-26 23:08:27.088+00:00 Imported blocks                            blockNumber=6275073 slot=1 blocks=6275072 txs=304578148 mgas=15422660 bps=127.7 tps=12711 mgps=886.9 avgBps=402.7 avgTps=19544 avgMGps=989.7 elapsed=4h19m43s
Aug 26 23:09:29 nimbus-eth1-mainnet-long-benchmark[4120996]: INF 2026-08-26 23:09:29.251+00:00 Imported blocks                            blockNumber=6283265 slot=1 blocks=6283264 txs=305447770 mgas=15479164 bps=131.8 tps=13989 mgps=909.0 avgBps=401.6 avgTps=19522 avgMGps=989.4 elapsed=4h20m45s
Aug 26 23:10:32 nimbus-eth1-mainnet-long-benchmark[4120996]: INF 2026-08-26 23:10:32.606+00:00 Imported blocks                            blockNumber=6291457 slot=1 blocks=6291456 txs=306201681 mgas=15536357 bps=129.3 tps=11900 mgps=902.8 avgBps=400.5 avgTps=19492 avgMGps=989.0 elapsed=4h21m49s
Aug 26 23:11:35 nimbus-eth1-mainnet-long-benchmark[4120996]: INF 2026-08-26 23:11:35.901+00:00 Imported blocks                            blockNumber=6299649 slot=1 blocks=6299648 txs=306998089 mgas=15594849 bps=129.4 tps=12581 mgps=924.1 avgBps=399.4 avgTps=19464 avgMGps=988.7 elapsed=4h22m52s
Aug 26 23:12:38 nimbus-eth1-mainnet-long-benchmark[4120996]: INF 2026-08-26 23:12:38.980+00:00 Imported blocks                            blockNumber=6307841 slot=1 blocks=6307840 txs=307773956 mgas=15652669 bps=129.9 tps=12300 mgps=916.6 avgBps=398.3 avgTps=19435 avgMGps=988.5 elapsed=4h23m55s
Aug 26 23:13:39 nimbus-eth1-mainnet-long-benchmark[4120996]: INF 2026-08-26 23:13:39.387+00:00 Imported blocks                            blockNumber=6316033 slot=1 blocks=6316032 txs=308505771 mgas=15708223 bps=135.6 tps=12114 mgps=919.6 avgBps=397.3 avgTps=19407 avgMGps=988.2 elapsed=4h24m55s
Aug 26 23:14:42 nimbus-eth1-mainnet-long-benchmark[4120996]: INF 2026-08-26 23:14:42.058+00:00 Imported blocks                            blockNumber=6324225 slot=1 blocks=6324224 txs=309306948 mgas=15764278 bps=130.7 tps=12784 mgps=894.5 avgBps=396.3 avgTps=19381 avgMGps=987.8 elapsed=4h25m58s
Aug 26 23:15:42 nimbus-eth1-mainnet-long-benchmark[4120996]: INF 2026-08-26 23:15:42.513+00:00 Imported blocks                            blockNumber=6332417 slot=1 blocks=6332416 txs=310009872 mgas=15819918 bps=135.5 tps=11627 mgps=920.3 avgBps=395.3 avgTps=19352 avgMGps=987.6 elapsed=4h26m58s
Aug 26 23:16:42 nimbus-eth1-mainnet-long-benchmark[4120996]: INF 2026-08-26 23:16:42.748+00:00 Imported blocks                            blockNumber=6340609 slot=1 blocks=6340608 txs=310638793 mgas=15877206 bps=136.0 tps=10441 mgps=951.1 avgBps=394.3 avgTps=19319 avgMGps=987.4 elapsed=4h27m59s
Aug 26 23:17:41 nimbus-eth1-mainnet-long-benchmark[4120996]: INF 2026-08-26 23:17:41.276+00:00 Imported blocks                            blockNumber=6348801 slot=1 blocks=6348800 txs=311339807 mgas=15934002 bps=140.0 tps=11977 mgps=970.4 avgBps=393.4 avgTps=19292 avgMGps=987.4 elapsed=4h28m57s
Aug 26 23:18:43 nimbus-eth1-mainnet-long-benchmark[4120996]: INF 2026-08-26 23:18:43.115+00:00 Imported blocks                            blockNumber=6356993 slot=1 blocks=6356992 txs=312019797 mgas=15990756 bps=132.5 tps=10996 mgps=917.8 avgBps=392.4 avgTps=19261 avgMGps=987.1 elapsed=4h29m59s
Aug 26 23:19:37 nimbus-eth1-mainnet-long-benchmark[4120996]: INF 2026-08-26 23:19:37.334+00:00 Imported blocks                            blockNumber=6365185 slot=1 blocks=6365184 txs=312699475 mgas=16047600 bps=151.1 tps=12536 mgps=1048 avgBps=391.6 avgTps=19238 avgMGps=987.3 elapsed=4h30m53s
Aug 26 23:20:39 nimbus-eth1-mainnet-long-benchmark[4120996]: INF 2026-08-26 23:20:39.137+00:00 Imported blocks                            blockNumber=6373377 slot=1 blocks=6373376 txs=313429735 mgas=16103295 bps=132.5 tps=11815 mgps=901.1 avgBps=390.6 avgTps=19210 avgMGps=987.0 elapsed=4h31m55s
Aug 26 23:21:36 nimbus-eth1-mainnet-long-benchmark[4120996]: INF 2026-08-26 23:21:36.040+00:00 Imported blocks                            blockNumber=6381569 slot=1 blocks=6381568 txs=314060857 mgas=16159348 bps=144.0 tps=11091 mgps=985.1 avgBps=389.8 avgTps=19182 avgMGps=987.0 elapsed=4h32m52s
Aug 26 23:22:33 nimbus-eth1-mainnet-long-benchmark[4120996]: INF 2026-08-26 23:22:33.867+00:00 Imported blocks                            blockNumber=6389761 slot=1 blocks=6389760 txs=314684436 mgas=16214829 bps=141.7 tps=10783 mgps=959.4 avgBps=388.9 avgTps=19152 avgMGps=986.9 elapsed=4h33m50s
Aug 26 23:23:33 nimbus-eth1-mainnet-long-benchmark[4120996]: INF 2026-08-26 23:23:33.790+00:00 Imported blocks                            blockNumber=6397953 slot=1 blocks=6397952 txs=315406780 mgas=16271260 bps=136.7 tps=12054 mgps=941.7 avgBps=388.0 avgTps=19126 avgMGps=986.7 elapsed=4h34m50s
Aug 26 23:24:33 nimbus-eth1-mainnet-long-benchmark[4120996]: INF 2026-08-26 23:24:33.517+00:00 Imported blocks                            blockNumber=6406145 slot=1 blocks=6406144 txs=316036272 mgas=16328418 bps=137.2 tps=10539 mgps=957.0 avgBps=387.1 avgTps=19095 avgMGps=986.6 elapsed=4h35m49s
Aug 26 23:25:33 nimbus-eth1-mainnet-long-benchmark[4120996]: INF 2026-08-26 23:25:33.028+00:00 Imported blocks                            blockNumber=6414337 slot=1 blocks=6414336 txs=316746101 mgas=16385776 bps=137.6 tps=11926 mgps=963.7 avgBps=386.2 avgTps=19070 avgMGps=986.5 elapsed=4h36m49s
Aug 26 23:26:26 nimbus-eth1-mainnet-long-benchmark[4120996]: INF 2026-08-26 23:26:26.603+00:00 Imported blocks                            blockNumber=6422529 slot=1 blocks=6422528 txs=317359187 mgas=16440718 bps=152.9 tps=11444 mgps=1025 avgBps=385.4 avgTps=19045 avgMGps=986.7 elapsed=4h37m43s
Aug 26 23:27:21 nimbus-eth1-mainnet-long-benchmark[4120996]: INF 2026-08-26 23:27:21.594+00:00 Imported blocks                            blockNumber=6430721 slot=1 blocks=6430720 txs=317965609 mgas=16493295 bps=149.0 tps=11027 mgps=956.1 avgBps=384.7 avgTps=19019 avgMGps=986.6 elapsed=4h38m38s
Aug 26 23:28:17 nimbus-eth1-mainnet-long-benchmark[4120996]: INF 2026-08-26 23:28:17.909+00:00 Imported blocks                            blockNumber=6438913 slot=1 blocks=6438912 txs=318608154 mgas=16545754 bps=145.5 tps=11410 mgps=931.6 avgBps=383.9 avgTps=18993 avgMGps=986.4 elapsed=4h39m34s
Aug 26 23:29:13 nimbus-eth1-mainnet-long-benchmark[4120996]: INF 2026-08-26 23:29:13.204+00:00 Imported blocks                            blockNumber=6447105 slot=1 blocks=6447104 txs=319340150 mgas=16598899 bps=148.1 tps=13237 mgps=961.1 avgBps=383.1 avgTps=18974 avgMGps=986.3 elapsed=4h40m29s
Aug 26 23:30:15 nimbus-eth1-mainnet-long-benchmark[4120996]: INF 2026-08-26 23:30:15.979+00:00 Imported blocks                            blockNumber=6455297 slot=1 blocks=6455296 txs=320065114 mgas=16653206 bps=130.5 tps=11548 mgps=865.1 avgBps=382.1 avgTps=18947 avgMGps=985.8 elapsed=4h41m32s
Aug 26 23:31:15 nimbus-eth1-mainnet-long-benchmark[4120996]: INF 2026-08-26 23:31:15.582+00:00 Imported blocks                            blockNumber=6463489 slot=1 blocks=6463488 txs=320881105 mgas=16705932 bps=137.4 tps=13690 mgps=884.6 avgBps=381.3 avgTps=18928 avgMGps=985.5 elapsed=4h42m31s
Aug 26 23:32:07 nimbus-eth1-mainnet-long-benchmark[4120996]: INF 2026-08-26 23:32:07.358+00:00 Imported blocks                            blockNumber=6471681 slot=1 blocks=6471680 txs=321610730 mgas=16755114 bps=158.2 tps=14092 mgps=949.9 avgBps=380.6 avgTps=18914 avgMGps=985.4 elapsed=4h43m23s
Aug 26 23:32:54 nimbus-eth1-mainnet-long-benchmark[4120996]: INF 2026-08-26 23:32:54.989+00:00 Imported blocks                            blockNumber=6479873 slot=1 blocks=6479872 txs=322280567 mgas=16801945 bps=172.0 tps=14062 mgps=983.2 avgBps=380.0 avgTps=18900 avgMGps=985.4 elapsed=4h44m11s
Aug 26 23:33:49 nimbus-eth1-mainnet-long-benchmark[4120996]: INF 2026-08-26 23:33:49.600+00:00 Imported blocks                            blockNumber=6488065 slot=1 blocks=6488064 txs=323027711 mgas=16850068 bps=150.0 tps=13681 mgps=881.2 avgBps=379.3 avgTps=18883 avgMGps=985.0 elapsed=4h45m6s
Aug 26 23:34:49 nimbus-eth1-mainnet-long-benchmark[4120996]: INF 2026-08-26 23:34:49.611+00:00 Imported blocks                            blockNumber=6496257 slot=1 blocks=6496256 txs=323745037 mgas=16898027 bps=136.5 tps=11952 mgps=799.1 avgBps=378.4 avgTps=18859 avgMGps=984.4 elapsed=4h46m6s
Aug 26 23:35:47 nimbus-eth1-mainnet-long-benchmark[4120996]: INF 2026-08-26 23:35:47.394+00:00 Imported blocks                            blockNumber=6504449 slot=1 blocks=6504448 txs=324463429 mgas=16948936 bps=141.8 tps=12433 mgps=881.1 avgBps=377.6 avgTps=18838 avgMGps=984.0 elapsed=4h47m3s
Aug 26 23:36:41 nimbus-eth1-mainnet-long-benchmark[4120996]: INF 2026-08-26 23:36:41.017+00:00 Imported blocks                            blockNumber=6512641 slot=1 blocks=6512640 txs=325193896 mgas=16997329 bps=152.8 tps=13621 mgps=902.4 avgBps=376.9 avgTps=18821 avgMGps=983.8 elapsed=4h47m57s
Aug 26 23:37:35 nimbus-eth1-mainnet-long-benchmark[4120996]: INF 2026-08-26 23:37:35.464+00:00 Imported blocks                            blockNumber=6520833 slot=1 blocks=6520832 txs=325931955 mgas=17043460 bps=150.5 tps=13555 mgps=847.3 avgBps=376.2 avgTps=18805 avgMGps=983.4 elapsed=4h48m51s
Aug 26 23:38:27 nimbus-eth1-mainnet-long-benchmark[4120996]: INF 2026-08-26 23:38:27.715+00:00 Imported blocks                            blockNumber=6529025 slot=1 blocks=6529024 txs=326656663 mgas=17089938 bps=156.8 tps=13869 mgps=889.5 avgBps=375.6 avgTps=18790 avgMGps=983.1 elapsed=4h49m44s
Aug 26 23:39:23 nimbus-eth1-mainnet-long-benchmark[4120996]: INF 2026-08-26 23:39:23.758+00:00 Imported blocks                            blockNumber=6537217 slot=1 blocks=6537216 txs=327456928 mgas=17138909 bps=146.2 tps=14280 mgps=873.9 avgBps=374.8 avgTps=18776 avgMGps=982.7 elapsed=4h50m40s
Aug 26 23:40:18 nimbus-eth1-mainnet-long-benchmark[4120996]: INF 2026-08-26 23:40:18.206+00:00 Imported blocks                            blockNumber=6545409 slot=1 blocks=6545408 txs=328244312 mgas=17187406 bps=150.5 tps=14460 mgps=890.7 avgBps=374.1 avgTps=18762 avgMGps=982.4 elapsed=4h51m34s
Aug 26 23:41:12 nimbus-eth1-mainnet-long-benchmark[4120996]: INF 2026-08-26 23:41:12.133+00:00 Imported blocks                            blockNumber=6553601 slot=1 blocks=6553600 txs=328942710 mgas=17234594 bps=151.9 tps=12951 mgps=875.0 avgBps=373.5 avgTps=18744 avgMGps=982.1 elapsed=4h52m28s
Aug 26 23:42:06 nimbus-eth1-mainnet-long-benchmark[4120996]: INF 2026-08-26 23:42:06.024+00:00 Imported blocks                            blockNumber=6561793 slot=1 blocks=6561792 txs=329680267 mgas=17283382 bps=152.0 tps=13685 mgps=905.3 avgBps=372.8 avgTps=18729 avgMGps=981.9 elapsed=4h53m22s
Aug 26 23:43:01 nimbus-eth1-mainnet-long-benchmark[4120996]: INF 2026-08-26 23:43:01.647+00:00 Imported blocks                            blockNumber=6569985 slot=1 blocks=6569984 txs=330444437 mgas=17333271 bps=147.3 tps=13738 mgps=896.9 avgBps=372.1 avgTps=18713 avgMGps=981.6 elapsed=4h54m18s
Aug 26 23:43:50 nimbus-eth1-mainnet-long-benchmark[4120996]: INF 2026-08-26 23:43:50.590+00:00 Imported blocks                            blockNumber=6578177 slot=1 blocks=6578176 txs=331124673 mgas=17383268 bps=167.4 tps=13899 mgps=1021 avgBps=371.5 avgTps=18700 avgMGps=981.7 elapsed=4h55m7s
Aug 26 23:44:41 nimbus-eth1-mainnet-long-benchmark[4120996]: INF 2026-08-26 23:44:41.641+00:00 Imported blocks                            blockNumber=6586369 slot=1 blocks=6586368 txs=331874672 mgas=17436357 bps=160.5 tps=14690 mgps=1039 avgBps=370.9 avgTps=18688 avgMGps=981.9 elapsed=4h55m58s
Aug 26 23:45:34 nimbus-eth1-mainnet-long-benchmark[4120996]: INF 2026-08-26 23:45:34.884+00:00 Imported blocks                            blockNumber=6594561 slot=1 blocks=6594560 txs=332580456 mgas=17484376 bps=153.9 tps=13255 mgps=901.9 avgBps=370.2 avgTps=18672 avgMGps=981.6 elapsed=4h56m51s
Aug 26 23:46:27 nimbus-eth1-mainnet-long-benchmark[4120996]: INF 2026-08-26 23:46:27.312+00:00 Imported blocks                            blockNumber=6602753 slot=1 blocks=6602752 txs=333236879 mgas=17530777 bps=156.2 tps=12519 mgps=885.0 avgBps=369.6 avgTps=18654 avgMGps=981.4 elapsed=4h57m43s
Aug 26 23:47:23 nimbus-eth1-mainnet-long-benchmark[4120996]: INF 2026-08-26 23:47:23.563+00:00 Imported blocks                            blockNumber=6610945 slot=1 blocks=6610944 txs=334086662 mgas=17578525 bps=145.6 tps=15108 mgps=848.9 avgBps=368.9 avgTps=18643 avgMGps=980.9 elapsed=4h58m39s
Aug 26 23:48:20 nimbus-eth1-mainnet-long-benchmark[4120996]: INF 2026-08-26 23:48:20.250+00:00 Imported blocks                            blockNumber=6619137 slot=1 blocks=6619136 txs=334887810 mgas=17626333 bps=144.5 tps=14132 mgps=843.4 avgBps=368.2 avgTps=18629 avgMGps=980.5 elapsed=4h59m36s
Aug 26 23:49:14 nimbus-eth1-mainnet-long-benchmark[4120996]: INF 2026-08-26 23:49:14.257+00:00 Imported blocks                            blockNumber=6627329 slot=1 blocks=6627328 txs=335653218 mgas=17673003 bps=151.7 tps=14172 mgps=864.1 avgBps=367.6 avgTps=18615 avgMGps=980.2 elapsed=5h30s673ms
Aug 26 23:50:08 nimbus-eth1-mainnet-long-benchmark[4120996]: INF 2026-08-26 23:50:08.412+00:00 Imported blocks                            blockNumber=6635521 slot=1 blocks=6635520 txs=336396368 mgas=17719891 bps=151.3 tps=13722 mgps=865.8 avgBps=366.9 avgTps=18601 avgMGps=979.8 elapsed=5h1m24s
Aug 26 23:51:04 nimbus-eth1-mainnet-long-benchmark[4120996]: INF 2026-08-26 23:51:04.199+00:00 Imported blocks                            blockNumber=6643713 slot=1 blocks=6643712 txs=337061975 mgas=17765768 bps=146.8 tps=11930 mgps=822.3 avgBps=366.2 avgTps=18580 avgMGps=979.3 elapsed=5h2m20s
Aug 26 23:52:03 nimbus-eth1-mainnet-long-benchmark[4120996]: INF 2026-08-26 23:52:03.094+00:00 Imported blocks                            blockNumber=6651905 slot=1 blocks=6651904 txs=337820711 mgas=17813196 bps=139.1 tps=12883 mgps=805.3 avgBps=365.5 avgTps=18562 avgMGps=978.8 elapsed=5h3m19s
Aug 26 23:53:00 nimbus-eth1-mainnet-long-benchmark[4120996]: INF 2026-08-26 23:53:00.157+00:00 Imported blocks                            blockNumber=6660097 slot=1 blocks=6660096 txs=338648342 mgas=17861002 bps=143.6 tps=14503 mgps=837.8 avgBps=364.8 avgTps=18549 avgMGps=978.3 elapsed=5h4m16s
Aug 26 23:53:55 nimbus-eth1-mainnet-long-benchmark[4120996]: INF 2026-08-26 23:53:55.452+00:00 Imported blocks                            blockNumber=6668289 slot=1 blocks=6668288 txs=339389169 mgas=17908035 bps=148.1 tps=13396 mgps=850.5 avgBps=364.2 avgTps=18533 avgMGps=977.9 elapsed=5h5m11s
Aug 26 23:54:49 nimbus-eth1-mainnet-long-benchmark[4120996]: INF 2026-08-26 23:54:49.295+00:00 Imported blocks                            blockNumber=6676481 slot=1 blocks=6676480 txs=340090715 mgas=17953773 bps=152.2 tps=13029 mgps=849.5 avgBps=363.5 avgTps=18517 avgMGps=977.6 elapsed=5h6m5s
Aug 26 23:55:45 nimbus-eth1-mainnet-long-benchmark[4120996]: INF 2026-08-26 23:55:45.115+00:00 Imported blocks                            blockNumber=6684673 slot=1 blocks=6684672 txs=340783741 mgas=18001246 bps=146.8 tps=12416 mgps=850.5 avgBps=362.9 avgTps=18499 avgMGps=977.2 elapsed=5h7m1s
Aug 26 23:56:39 nimbus-eth1-mainnet-long-benchmark[4120996]: INF 2026-08-26 23:56:39.910+00:00 Imported blocks                            blockNumber=6692865 slot=1 blocks=6692864 txs=341527746 mgas=18048608 bps=149.5 tps=13577 mgps=864.3 avgBps=362.2 avgTps=18484 avgMGps=976.9 elapsed=5h7m56s
Aug 26 23:57:32 nimbus-eth1-mainnet-long-benchmark[4120996]: INF 2026-08-26 23:57:32.801+00:00 Imported blocks                            blockNumber=6701057 slot=1 blocks=6701056 txs=342255905 mgas=18093963 bps=154.9 tps=13766 mgps=857.5 avgBps=361.6 avgTps=18471 avgMGps=976.5 elapsed=5h8m49s
Aug 26 23:58:28 nimbus-eth1-mainnet-long-benchmark[4120996]: INF 2026-08-26 23:58:28.412+00:00 Imported blocks                            blockNumber=6709249 slot=1 blocks=6709248 txs=343059228 mgas=18142138 bps=147.3 tps=14445 mgps=866.3 avgBps=361.0 avgTps=18459 avgMGps=976.2 elapsed=5h9m44s
Aug 26 23:59:23 nimbus-eth1-mainnet-long-benchmark[4120996]: INF 2026-08-26 23:59:23.763+00:00 Imported blocks                            blockNumber=6717441 slot=1 blocks=6717440 txs=343791131 mgas=18189421 bps=148.0 tps=13222 mgps=854.2 avgBps=360.4 avgTps=18443 avgMGps=975.8 elapsed=5h10m40s
Aug 27 00:00:14 nimbus-eth1-mainnet-long-benchmark[4120996]: INF 2026-08-27 00:00:14.750+00:00 Imported blocks                            blockNumber=6725633 slot=1 blocks=6725632 txs=344460910 mgas=18236479 bps=160.7 tps=13137 mgps=923.0 avgBps=359.8 avgTps=18429 avgMGps=975.7 elapsed=5h11m31s
Aug 27 00:01:10 nimbus-eth1-mainnet-long-benchmark[4120996]: INF 2026-08-27 00:01:10.029+00:00 Imported blocks                            blockNumber=6733825 slot=1 blocks=6733824 txs=345197356 mgas=18287714 bps=148.2 tps=13322 mgps=926.8 avgBps=359.2 avgTps=18414 avgMGps=975.5 elapsed=5h12m26s
Aug 27 00:02:07 nimbus-eth1-mainnet-long-benchmark[4120996]: INF 2026-08-27 00:02:07.732+00:00 Imported blocks                            blockNumber=6742017 slot=1 blocks=6742016 txs=346042853 mgas=18339270 bps=142.0 tps=14652 mgps=893.5 avgBps=358.5 avgTps=18402 avgMGps=975.3 elapsed=5h13m24s
Aug 27 00:03:01 nimbus-eth1-mainnet-long-benchmark[4120996]: INF 2026-08-27 00:03:01.804+00:00 Imported blocks                            blockNumber=6750209 slot=1 blocks=6750208 txs=346825893 mgas=18388721 bps=151.5 tps=14481 mgps=914.5 avgBps=357.9 avgTps=18391 avgMGps=975.1 elapsed=5h14m18s
Aug 27 00:03:53 nimbus-eth1-mainnet-long-benchmark[4120996]: INF 2026-08-27 00:03:53.023+00:00 Imported blocks                            blockNumber=6758401 slot=1 blocks=6758400 txs=347611627 mgas=18437322 bps=159.9 tps=15340 mgps=948.9 avgBps=357.4 avgTps=18382 avgMGps=975.0 elapsed=5h15m9s
Aug 27 00:04:39 nimbus-eth1-mainnet-long-benchmark[4120996]: INF 2026-08-27 00:04:39.846+00:00 Imported blocks                            blockNumber=6766593 slot=1 blocks=6766592 txs=348255962 mgas=18481202 bps=175.0 tps=13761 mgps=937.2 avgBps=357.0 avgTps=18371 avgMGps=974.9 elapsed=5h15m56s
Aug 27 00:05:30 nimbus-eth1-mainnet-long-benchmark[4120996]: INF 2026-08-27 00:05:30.601+00:00 Imported blocks                            blockNumber=6774785 slot=1 blocks=6774784 txs=348974268 mgas=18526522 bps=161.4 tps=14152 mgps=892.9 avgBps=356.4 avgTps=18360 avgMGps=974.7 elapsed=5h16m47s
Aug 27 00:06:26 nimbus-eth1-mainnet-long-benchmark[4120996]: INF 2026-08-27 00:06:26.316+00:00 Imported blocks                            blockNumber=6782977 slot=1 blocks=6782976 txs=349762055 mgas=18575823 bps=147.0 tps=14139 mgps=884.8 avgBps=355.8 avgTps=18347 avgMGps=974.5 elapsed=5h17m42s
Aug 27 00:07:20 nimbus-eth1-mainnet-long-benchmark[4120996]: INF 2026-08-27 00:07:20.379+00:00 Imported blocks                            blockNumber=6791169 slot=1 blocks=6791168 txs=350559187 mgas=18627040 bps=151.5 tps=14744 mgps=947.3 avgBps=355.2 avgTps=18337 avgMGps=974.4 elapsed=5h18m36s
Aug 27 00:08:26 nimbus-eth1-mainnet-long-benchmark[4120996]: INF 2026-08-27 00:08:26.286+00:00 Imported blocks                            blockNumber=6799361 slot=1 blocks=6799360 txs=351337766 mgas=18681520 bps=124.3 tps=11813 mgps=826.7 avgBps=354.5 avgTps=18315 avgMGps=973.9 elapsed=5h19m42s
Aug 27 00:09:28 nimbus-eth1-mainnet-long-benchmark[4120996]: INF 2026-08-27 00:09:28.941+00:00 Imported blocks                            blockNumber=6807553 slot=1 blocks=6807552 txs=352114872 mgas=18735939 bps=130.7 tps=12402 mgps=868.5 avgBps=353.7 avgTps=18296 avgMGps=973.5 elapsed=5h20m45s
Aug 27 00:10:28 nimbus-eth1-mainnet-long-benchmark[4120996]: INF 2026-08-27 00:10:28.596+00:00 Imported blocks                            blockNumber=6815745 slot=1 blocks=6815744 txs=352756014 mgas=18785755 bps=137.3 tps=10747 mgps=835.1 avgBps=353.1 avgTps=18272 avgMGps=973.1 elapsed=5h21m45s
Aug 27 00:11:30 nimbus-eth1-mainnet-long-benchmark[4120996]: INF 2026-08-27 00:11:30.283+00:00 Imported blocks                            blockNumber=6823937 slot=1 blocks=6823936 txs=353523201 mgas=18838361 bps=132.8 tps=12437 mgps=852.8 avgBps=352.4 avgTps=18254 avgMGps=972.7 elapsed=5h22m46s
Aug 27 00:12:34 nimbus-eth1-mainnet-long-benchmark[4120996]: INF 2026-08-27 00:12:34.382+00:00 Imported blocks                            blockNumber=6832129 slot=1 blocks=6832128 txs=354318956 mgas=18891809 bps=127.8 tps=12414 mgps=833.9 avgBps=351.6 avgTps=18234 avgMGps=972.3 elapsed=5h23m50s
Aug 27 00:13:40 nimbus-eth1-mainnet-long-benchmark[4120996]: INF 2026-08-27 00:13:40.393+00:00 Imported blocks                            blockNumber=6840321 slot=1 blocks=6840320 txs=355106758 mgas=18944586 bps=124.1 tps=11934 mgps=799.5 avgBps=350.8 avgTps=18213 avgMGps=971.7 elapsed=5h24m56s
Aug 27 00:14:44 nimbus-eth1-mainnet-long-benchmark[4120996]: INF 2026-08-27 00:14:44.836+00:00 Imported blocks                            blockNumber=6848513 slot=1 blocks=6848512 txs=355894886 mgas=18995395 bps=127.1 tps=12229 mgps=788.4 avgBps=350.1 avgTps=18193 avgMGps=971.1 elapsed=5h26m1s
Aug 27 00:15:46 nimbus-eth1-mainnet-long-benchmark[4120996]: INF 2026-08-27 00:15:46.587+00:00 Imported blocks                            blockNumber=6856705 slot=1 blocks=6856704 txs=356598333 mgas=19044074 bps=132.7 tps=11391 mgps=788.3 avgBps=349.4 avgTps=18172 avgMGps=970.5 elapsed=5h27m3s
Aug 27 00:16:42 nimbus-eth1-mainnet-long-benchmark[4120996]: INF 2026-08-27 00:16:42.770+00:00 Imported blocks                            blockNumber=6864897 slot=1 blocks=6864896 txs=357319113 mgas=19092174 bps=145.8 tps=12828 mgps=856.1 avgBps=348.8 avgTps=18157 avgMGps=970.2 elapsed=5h27m59s
Aug 27 00:17:38 nimbus-eth1-mainnet-long-benchmark[4120996]: INF 2026-08-27 00:17:38.437+00:00 Imported blocks                            blockNumber=6873089 slot=1 blocks=6873088 txs=358072504 mgas=19140940 bps=147.2 tps=13534 mgps=876.1 avgBps=348.3 avgTps=18144 avgMGps=969.9 elapsed=5h28m54s
Aug 27 00:18:35 nimbus-eth1-mainnet-long-benchmark[4120996]: INF 2026-08-27 00:18:35.212+00:00 Imported blocks                            blockNumber=6881281 slot=1 blocks=6881280 txs=358799260 mgas=19189224 bps=144.3 tps=12800 mgps=850.4 avgBps=347.7 avgTps=18128 avgMGps=969.6 elapsed=5h29m51s
Aug 27 00:19:30 nimbus-eth1-mainnet-long-benchmark[4120996]: INF 2026-08-27 00:19:30.452+00:00 Imported blocks                            blockNumber=6889473 slot=1 blocks=6889472 txs=359558300 mgas=19237454 bps=148.3 tps=13740 mgps=873.1 avgBps=347.1 avgTps=18116 avgMGps=969.3 elapsed=5h30m46s
Aug 27 00:20:30 nimbus-eth1-mainnet-long-benchmark[4120996]: INF 2026-08-27 00:20:30.439+00:00 Imported blocks                            blockNumber=6897665 slot=1 blocks=6897664 txs=360292210 mgas=19286325 bps=136.6 tps=12234 mgps=814.7 avgBps=346.5 avgTps=18098 avgMGps=968.8 elapsed=5h31m46s
Aug 27 00:21:28 nimbus-eth1-mainnet-long-benchmark[4120996]: INF 2026-08-27 00:21:28.986+00:00 Imported blocks                            blockNumber=6905857 slot=1 blocks=6905856 txs=361044387 mgas=19335848 bps=139.9 tps=12847 mgps=845.9 avgBps=345.9 avgTps=18083 avgMGps=968.5 elapsed=5h32m45s
Aug 27 00:22:24 nimbus-eth1-mainnet-long-benchmark[4120996]: INF 2026-08-27 00:22:24.669+00:00 Imported blocks                            blockNumber=6914049 slot=1 blocks=6914048 txs=361846580 mgas=19387258 bps=147.1 tps=14405 mgps=923.2 avgBps=345.3 avgTps=18073 avgMGps=968.3 elapsed=5h33m41s
Aug 27 00:23:23 nimbus-eth1-mainnet-long-benchmark[4120996]: INF 2026-08-27 00:23:23.864+00:00 Imported blocks                            blockNumber=6922241 slot=1 blocks=6922240 txs=362706201 mgas=19439186 bps=138.4 tps=14521 mgps=877.2 avgBps=344.7 avgTps=18062 avgMGps=968.1 elapsed=5h34m40s
Aug 27 00:24:21 nimbus-eth1-mainnet-long-benchmark[4120996]: INF 2026-08-27 00:24:21.803+00:00 Imported blocks                            blockNumber=6930433 slot=1 blocks=6930432 txs=363506975 mgas=19489578 bps=141.4 tps=13821 mgps=869.8 avgBps=344.1 avgTps=18050 avgMGps=967.8 elapsed=5h35m38s
Aug 27 00:25:18 nimbus-eth1-mainnet-long-benchmark[4120996]: INF 2026-08-27 00:25:18.818+00:00 Imported blocks                            blockNumber=6938625 slot=1 blocks=6938624 txs=364255629 mgas=19538966 bps=143.7 tps=13130 mgps=866.2 avgBps=343.6 avgTps=18036 avgMGps=967.5 elapsed=5h36m35s
Aug 27 00:26:17 nimbus-eth1-mainnet-long-benchmark[4120996]: INF 2026-08-27 00:26:17.937+00:00 Imported blocks                            blockNumber=6946817 slot=1 blocks=6946816 txs=365051896 mgas=19589221 bps=138.6 tps=13468 mgps=850.1 avgBps=343.0 avgTps=18023 avgMGps=967.2 elapsed=5h37m34s
Aug 27 00:27:12 nimbus-eth1-mainnet-long-benchmark[4120996]: INF 2026-08-27 00:27:12.500+00:00 Imported blocks                            blockNumber=6955009 slot=1 blocks=6955008 txs=365800136 mgas=19640914 bps=150.1 tps=13713 mgps=947.4 avgBps=342.5 avgTps=18011 avgMGps=967.1 elapsed=5h38m28s
Aug 27 00:28:13 nimbus-eth1-mainnet-long-benchmark[4120996]: INF 2026-08-27 00:28:13.431+00:00 Imported blocks                            blockNumber=6963201 slot=1 blocks=6963200 txs=366606499 mgas=19691065 bps=134.4 tps=13233 mgps=823.1 avgBps=341.8 avgTps=17997 avgMGps=966.7 elapsed=5h39m29s
Aug 27 00:29:13 nimbus-eth1-mainnet-long-benchmark[4120996]: INF 2026-08-27 00:29:13.102+00:00 Imported blocks                            blockNumber=6971393 slot=1 blocks=6971392 txs=367335068 mgas=19739722 bps=137.3 tps=12209 mgps=815.4 avgBps=341.2 avgTps=17980 avgMGps=966.2 elapsed=5h40m29s
Aug 27 00:30:14 nimbus-eth1-mainnet-long-benchmark[4120996]: INF 2026-08-27 00:30:14.885+00:00 Imported blocks                            blockNumber=6979585 slot=1 blocks=6979584 txs=368070420 mgas=19790921 bps=132.6 tps=11901 mgps=828.7 avgBps=340.6 avgTps=17962 avgMGps=965.8 elapsed=5h41m31s
Aug 27 00:31:18 nimbus-eth1-mainnet-long-benchmark[4120996]: INF 2026-08-27 00:31:18.724+00:00 Imported blocks                            blockNumber=6987777 slot=1 blocks=6987776 txs=368769441 mgas=19839604 bps=128.3 tps=10949 mgps=762.6 avgBps=340.0 avgTps=17940 avgMGps=965.2 elapsed=5h42m35s
Aug 27 00:32:12 nimbus-eth1-mainnet-long-benchmark[4120996]: INF 2026-08-27 00:32:12.211+00:00 Imported blocks                            blockNumber=6995969 slot=1 blocks=6995968 txs=369403561 mgas=19885435 bps=153.2 tps=11855 mgps=856.9 avgBps=339.5 avgTps=17924 avgMGps=964.9 elapsed=5h43m28s
Aug 27 00:33:14 nimbus-eth1-mainnet-long-benchmark[4120996]: INF 2026-08-27 00:33:14.450+00:00 Imported blocks                            blockNumber=7004161 slot=1 blocks=7004160 txs=370295716 mgas=19935972 bps=131.6 tps=14335 mgps=812.0 avgBps=338.8 avgTps=17913 avgMGps=964.4 elapsed=5h44m30s
Aug 27 00:34:14 nimbus-eth1-mainnet-long-benchmark[4120996]: INF 2026-08-27 00:34:14.961+00:00 Imported blocks                            blockNumber=7012353 slot=1 blocks=7012352 txs=371077746 mgas=19985245 bps=135.4 tps=12923 mgps=814.2 avgBps=338.2 avgTps=17899 avgMGps=964.0 elapsed=5h45m31s
Aug 27 00:35:10 nimbus-eth1-mainnet-long-benchmark[4120996]: INF 2026-08-27 00:35:10.808+00:00 Imported blocks                            blockNumber=7020545 slot=1 blocks=7020544 txs=371818791 mgas=20031343 bps=146.7 tps=13269 mgps=825.5 avgBps=337.7 avgTps=17886 avgMGps=963.6 elapsed=5h46m27s
Aug 27 00:36:07 nimbus-eth1-mainnet-long-benchmark[4120996]: INF 2026-08-27 00:36:07.711+00:00 Imported blocks                            blockNumber=7028737 slot=1 blocks=7028736 txs=372581234 mgas=20076437 bps=144.0 tps=13398 mgps=792.4 avgBps=337.2 avgTps=17874 avgMGps=963.2 elapsed=5h47m24s
Aug 27 00:37:04 nimbus-eth1-mainnet-long-benchmark[4120996]: INF 2026-08-27 00:37:04.166+00:00 Imported blocks                            blockNumber=7036929 slot=1 blocks=7036928 txs=373434988 mgas=20123041 bps=145.1 tps=15123 mgps=825.5 avgBps=336.7 avgTps=17867 avgMGps=962.8 elapsed=5h48m20s
Aug 27 00:38:00 nimbus-eth1-mainnet-long-benchmark[4120996]: INF 2026-08-27 00:38:00.326+00:00 Imported blocks                            blockNumber=7045121 slot=1 blocks=7045120 txs=374245330 mgas=20169419 bps=145.9 tps=14429 mgps=825.8 avgBps=336.2 avgTps=17857 avgMGps=962.4 elapsed=5h49m16s
Aug 27 00:38:56 nimbus-eth1-mainnet-long-benchmark[4120996]: INF 2026-08-27 00:38:56.801+00:00 Imported blocks                            blockNumber=7053313 slot=1 blocks=7053312 txs=375015673 mgas=20216891 bps=145.0 tps=13639 mgps=840.5 avgBps=335.7 avgTps=17846 avgMGps=962.1 elapsed=5h50m13s
Aug 27 00:39:49 nimbus-eth1-mainnet-long-benchmark[4120996]: INF 2026-08-27 00:39:49.984+00:00 Imported blocks                            blockNumber=7061505 slot=1 blocks=7061504 txs=375699007 mgas=20260446 bps=154.0 tps=12849 mgps=819.0 avgBps=335.2 avgTps=17834 avgMGps=961.7 elapsed=5h51m6s
Aug 27 00:40:47 nimbus-eth1-mainnet-long-benchmark[4120996]: INF 2026-08-27 00:40:47.851+00:00 Imported blocks                            blockNumber=7069697 slot=1 blocks=7069696 txs=376537787 mgas=20307321 bps=141.6 tps=14494 mgps=810.0 avgBps=334.7 avgTps=17824 avgMGps=961.3 elapsed=5h52m4s
Aug 27 00:41:42 nimbus-eth1-mainnet-long-benchmark[4120996]: INF 2026-08-27 00:41:42.842+00:00 Imported blocks                            blockNumber=7077889 slot=1 blocks=7077888 txs=377301016 mgas=20355903 bps=149.0 tps=13880 mgps=883.5 avgBps=334.2 avgTps=17814 avgMGps=961.1 elapsed=5h52m59s
Aug 27 00:42:36 nimbus-eth1-mainnet-long-benchmark[4120996]: INF 2026-08-27 00:42:36.661+00:00 Imported blocks                            blockNumber=7086081 slot=1 blocks=7086080 txs=378052057 mgas=20401095 bps=152.2 tps=13953 mgps=839.6 avgBps=333.7 avgTps=17804 avgMGps=960.8 elapsed=5h53m53s
Aug 27 00:43:31 nimbus-eth1-mainnet-long-benchmark[4120996]: INF 2026-08-27 00:43:31.892+00:00 Imported blocks                            blockNumber=7094273 slot=1 blocks=7094272 txs=378847841 mgas=20449611 bps=148.3 tps=14408 mgps=878.4 avgBps=333.2 avgTps=17796 avgMGps=960.6 elapsed=5h54m48s
Aug 27 00:44:26 nimbus-eth1-mainnet-long-benchmark[4120996]: INF 2026-08-27 00:44:26.079+00:00 Imported blocks                            blockNumber=7102465 slot=1 blocks=7102464 txs=379635271 mgas=20498840 bps=151.2 tps=14531 mgps=908.5 avgBps=332.8 avgTps=17787 avgMGps=960.5 elapsed=5h55m42s
Aug 27 00:45:25 nimbus-eth1-mainnet-long-benchmark[4120996]: INF 2026-08-27 00:45:25.050+00:00 Imported blocks                            blockNumber=7110657 slot=1 blocks=7110656 txs=380620741 mgas=20554788 bps=138.9 tps=16711 mgps=948.8 avgBps=332.3 avgTps=17784 avgMGps=960.4 elapsed=5h56m41s
Aug 27 00:46:23 nimbus-eth1-mainnet-long-benchmark[4120996]: INF 2026-08-27 00:46:23.437+00:00 Imported blocks                            blockNumber=7118849 slot=1 blocks=7118848 txs=381500491 mgas=20607563 bps=140.3 tps=15067 mgps=903.9 avgBps=331.7 avgTps=17777 avgMGps=960.3 elapsed=5h57m39s
Aug 27 00:47:19 nimbus-eth1-mainnet-long-benchmark[4120996]: INF 2026-08-27 00:47:19.820+00:00 Imported blocks                            blockNumber=7127041 slot=1 blocks=7127040 txs=382271667 mgas=20656788 bps=145.3 tps=13676 mgps=873.0 avgBps=331.2 avgTps=17766 avgMGps=960.1 elapsed=5h58m36s
Aug 27 00:48:21 nimbus-eth1-mainnet-long-benchmark[4120996]: INF 2026-08-27 00:48:21.235+00:00 Imported blocks                            blockNumber=7135233 slot=1 blocks=7135232 txs=383082604 mgas=20710096 bps=133.4 tps=13204 mgps=868.0 avgBps=330.7 avgTps=17753 avgMGps=959.8 elapsed=5h59m37s
Aug 27 00:49:25 nimbus-eth1-mainnet-long-benchmark[4120996]: INF 2026-08-27 00:49:25.582+00:00 Imported blocks                            blockNumber=7143425 slot=1 blocks=7143424 txs=383998423 mgas=20765213 bps=127.3 tps=14233 mgps=856.6 avgBps=330.1 avgTps=17743 avgMGps=959.5 elapsed=6h41s999ms
Aug 27 00:50:26 nimbus-eth1-mainnet-long-benchmark[4120996]: INF 2026-08-27 00:50:26.897+00:00 Imported blocks                            blockNumber=7151617 slot=1 blocks=7151616 txs=384909238 mgas=20819967 bps=133.6 tps=14854 mgps=893.0 avgBps=329.5 avgTps=17735 avgMGps=959.3 elapsed=6h1m43s
Aug 27 00:51:32 nimbus-eth1-mainnet-long-benchmark[4120996]: INF 2026-08-27 00:51:32.076+00:00 Imported blocks                            blockNumber=7159809 slot=1 blocks=7159808 txs=385795436 mgas=20878681 bps=125.7 tps=13595 mgps=900.8 avgBps=328.9 avgTps=17722 avgMGps=959.1 elapsed=6h2m48s
Aug 27 00:52:25 nimbus-eth1-mainnet-long-benchmark[4120996]: INF 2026-08-27 00:52:25.776+00:00 Imported blocks                            blockNumber=7168001 slot=1 blocks=7168000 txs=386522102 mgas=20927820 bps=152.6 tps=13531 mgps=915.1 avgBps=328.5 avgTps=17712 avgMGps=959.0 elapsed=6h3m42s
Aug 27 00:53:18 nimbus-eth1-mainnet-long-benchmark[4120996]: INF 2026-08-27 00:53:18.995+00:00 Imported blocks                            blockNumber=7176193 slot=1 blocks=7176192 txs=387215438 mgas=20974930 bps=153.9 tps=13029 mgps=885.3 avgBps=328.0 avgTps=17700 avgMGps=958.8 elapsed=6h4m35s
Aug 27 00:54:10 nimbus-eth1-mainnet-long-benchmark[4120996]: INF 2026-08-27 00:54:10.174+00:00 Imported blocks                            blockNumber=7184385 slot=1 blocks=7184384 txs=387939963 mgas=21022966 bps=160.1 tps=14156 mgps=938.6 avgBps=327.7 avgTps=17692 avgMGps=958.8 elapsed=6h5m26s
Aug 27 00:55:02 nimbus-eth1-mainnet-long-benchmark[4120996]: INF 2026-08-27 00:55:02.333+00:00 Imported blocks                            blockNumber=7192577 slot=1 blocks=7192576 txs=388648265 mgas=21071234 bps=157.1 tps=13579 mgps=925.4 avgBps=327.3 avgTps=17682 avgMGps=958.7 elapsed=6h6m18s
Aug 27 00:55:56 nimbus-eth1-mainnet-long-benchmark[4120996]: INF 2026-08-27 00:55:56.564+00:00 Imported blocks                            blockNumber=7200769 slot=1 blocks=7200768 txs=389375772 mgas=21121354 bps=151.1 tps=13414 mgps=924.2 avgBps=326.8 avgTps=17672 avgMGps=958.6 elapsed=6h7m12s
Aug 27 00:56:56 nimbus-eth1-mainnet-long-benchmark[4120996]: INF 2026-08-27 00:56:56.735+00:00 Imported blocks                            blockNumber=7208961 slot=1 blocks=7208960 txs=390166118 mgas=21174452 bps=136.1 tps=13135 mgps=882.5 avgBps=326.3 avgTps=17660 avgMGps=958.4 elapsed=6h8m13s
Aug 27 00:57:57 nimbus-eth1-mainnet-long-benchmark[4120996]: INF 2026-08-27 00:57:57.926+00:00 Imported blocks                            blockNumber=7217153 slot=1 blocks=7217152 txs=391073092 mgas=21231194 bps=133.9 tps=14822 mgps=927.3 avgBps=325.8 avgTps=17652 avgMGps=958.3 elapsed=6h9m14s
Aug 27 00:59:01 nimbus-eth1-mainnet-long-benchmark[4120996]: INF 2026-08-27 00:59:01.969+00:00 Imported blocks                            blockNumber=7225345 slot=1 blocks=7225344 txs=392006706 mgas=21289790 bps=127.9 tps=14577 mgps=914.9 avgBps=325.2 avgTps=17643 avgMGps=958.2 elapsed=6h10m18s
Aug 27 01:00:05 nimbus-eth1-mainnet-long-benchmark[4120996]: INF 2026-08-27 01:00:05.692+00:00 Imported blocks                            blockNumber=7233537 slot=1 blocks=7233536 txs=392892302 mgas=21348462 bps=128.6 tps=13897 mgps=920.7 avgBps=324.6 avgTps=17632 avgMGps=958.1 elapsed=6h11m22s
Aug 27 01:01:15 nimbus-eth1-mainnet-long-benchmark[4120996]: INF 2026-08-27 01:01:15.239+00:00 Imported blocks                            blockNumber=7241729 slot=1 blocks=7241728 txs=393908406 mgas=21409532 bps=117.8 tps=14610 mgps=878.1 avgBps=324.0 avgTps=17623 avgMGps=957.8 elapsed=6h12m31s
Aug 27 01:02:20 nimbus-eth1-mainnet-long-benchmark[4120996]: INF 2026-08-27 01:02:20.594+00:00 Imported blocks                            blockNumber=7249921 slot=1 blocks=7249920 txs=394929036 mgas=21470901 bps=125.4 tps=15617 mgps=939.1 avgBps=323.4 avgTps=17617 avgMGps=957.8 elapsed=6h13m37s
Aug 27 01:03:29 nimbus-eth1-mainnet-long-benchmark[4120996]: INF 2026-08-27 01:03:29.589+00:00 Imported blocks                            blockNumber=7258113 slot=1 blocks=7258112 txs=395914711 mgas=21531959 bps=118.7 tps=14286 mgps=885.0 avgBps=322.8 avgTps=17607 avgMGps=957.6 elapsed=6h14m46s
Aug 27 01:04:36 nimbus-eth1-mainnet-long-benchmark[4120996]: INF 2026-08-27 01:04:36.284+00:00 Imported blocks                            blockNumber=7266305 slot=1 blocks=7266304 txs=396939106 mgas=21592759 bps=122.8 tps=15359 mgps=911.6 avgBps=322.2 avgTps=17600 avgMGps=957.4 elapsed=6h15m52s
Aug 27 01:05:47 nimbus-eth1-mainnet-long-benchmark[4120996]: INF 2026-08-27 01:05:47.747+00:00 Imported blocks                            blockNumber=7274497 slot=1 blocks=7274496 txs=398013099 mgas=21655671 bps=114.6 tps=15029 mgps=880.4 avgBps=321.5 avgTps=17592 avgMGps=957.2 elapsed=6h17m4s
Aug 27 01:06:55 nimbus-eth1-mainnet-long-benchmark[4120996]: INF 2026-08-27 01:06:55.765+00:00 Imported blocks                            blockNumber=7282689 slot=1 blocks=7282688 txs=398972452 mgas=21716394 bps=120.4 tps=14104 mgps=892.7 avgBps=320.9 avgTps=17581 avgMGps=957.0 elapsed=6h18m12s
Aug 27 01:07:55 nimbus-eth1-mainnet-long-benchmark[4120996]: INF 2026-08-27 01:07:55.656+00:00 Imported blocks                            blockNumber=7290881 slot=1 blocks=7290880 txs=399693869 mgas=21767952 bps=136.8 tps=12045 mgps=860.9 avgBps=320.4 avgTps=17567 avgMGps=956.7 elapsed=6h19m12s
Aug 27 01:08:53 nimbus-eth1-mainnet-long-benchmark[4120996]: INF 2026-08-27 01:08:53.356+00:00 Imported blocks                            blockNumber=7299073 slot=1 blocks=7299072 txs=400329336 mgas=21815392 bps=142.0 tps=11013 mgps=822.2 avgBps=320.0 avgTps=17550 avgMGps=956.4 elapsed=6h20m9s
Aug 27 01:09:53 nimbus-eth1-mainnet-long-benchmark[4120996]: INF 2026-08-27 01:09:53.711+00:00 Imported blocks                            blockNumber=7307265 slot=1 blocks=7307264 txs=401098326 mgas=21867932 bps=135.7 tps=12742 mgps=870.6 avgBps=319.5 avgTps=17538 avgMGps=956.2 elapsed=6h21m10s
Aug 27 01:10:53 nimbus-eth1-mainnet-long-benchmark[4120996]: INF 2026-08-27 01:10:53.334+00:00 Imported blocks                            blockNumber=7315457 slot=1 blocks=7315456 txs=401881164 mgas=21918429 bps=137.4 tps=13129 mgps=846.9 avgBps=319.0 avgTps=17526 avgMGps=955.9 elapsed=6h22m9s
Aug 27 01:11:50 nimbus-eth1-mainnet-long-benchmark[4120996]: INF 2026-08-27 01:11:50.089+00:00 Imported blocks                            blockNumber=7323649 slot=1 blocks=7323648 txs=402617695 mgas=21967110 bps=144.3 tps=12977 mgps=857.7 avgBps=318.6 avgTps=17515 avgMGps=955.7 elapsed=6h23m6s
Aug 27 01:12:48 nimbus-eth1-mainnet-long-benchmark[4120996]: INF 2026-08-27 01:12:48.496+00:00 Imported blocks                            blockNumber=7331841 slot=1 blocks=7331840 txs=403311126 mgas=22016089 bps=140.3 tps=11872 mgps=838.6 avgBps=318.2 avgTps=17501 avgMGps=955.4 elapsed=6h24m4s
Aug 27 01:13:47 nimbus-eth1-mainnet-long-benchmark[4120996]: INF 2026-08-27 01:13:47.055+00:00 Imported blocks                            blockNumber=7340033 slot=1 blocks=7340032 txs=404011479 mgas=22064560 bps=139.9 tps=11959 mgps=827.7 avgBps=317.7 avgTps=17487 avgMGps=955.0 elapsed=6h25m3s
Aug 27 01:14:40 nimbus-eth1-mainnet-long-benchmark[4120996]: INF 2026-08-27 01:14:40.794+00:00 Imported blocks                            blockNumber=7348225 slot=1 blocks=7348224 txs=404667644 mgas=22112314 bps=152.5 tps=12211 mgps=888.7 avgBps=317.3 avgTps=17474 avgMGps=954.9 elapsed=6h25m57s
Aug 27 01:15:39 nimbus-eth1-mainnet-long-benchmark[4120996]: INF 2026-08-27 01:15:39.517+00:00 Imported blocks                            blockNumber=7356417 slot=1 blocks=7356416 txs=405374596 mgas=22162096 bps=139.5 tps=12038 mgps=847.7 avgBps=316.9 avgTps=17461 avgMGps=954.6 elapsed=6h26m55s
Aug 27 01:16:35 nimbus-eth1-mainnet-long-benchmark[4120996]: INF 2026-08-27 01:16:35.552+00:00 Imported blocks                            blockNumber=7364609 slot=1 blocks=7364608 txs=406077156 mgas=22213648 bps=146.2 tps=12538 mgps=920.0 avgBps=316.5 avgTps=17449 avgMGps=954.5 elapsed=6h27m51s
Aug 27 01:17:33 nimbus-eth1-mainnet-long-benchmark[4120996]: INF 2026-08-27 01:17:33.059+00:00 Imported blocks                            blockNumber=7372801 slot=1 blocks=7372800 txs=406825644 mgas=22264838 bps=142.4 tps=13014 mgps=890.1 avgBps=316.0 avgTps=17438 avgMGps=954.4 elapsed=6h28m49s
Aug 27 01:18:28 nimbus-eth1-mainnet-long-benchmark[4120996]: INF 2026-08-27 01:18:28.066+00:00 Imported blocks                            blockNumber=7380993 slot=1 blocks=7380992 txs=407498614 mgas=22315127 bps=148.9 tps=12235 mgps=914.3 avgBps=315.6 avgTps=17426 avgMGps=954.3 elapsed=6h29m44s
Aug 27 01:19:23 nimbus-eth1-mainnet-long-benchmark[4120996]: INF 2026-08-27 01:19:23.077+00:00 Imported blocks                            blockNumber=7389185 slot=1 blocks=7389184 txs=408116988 mgas=22361875 bps=148.9 tps=11240 mgps=849.8 avgBps=315.2 avgTps=17411 avgMGps=954.0 elapsed=6h30m39s
Aug 27 01:20:21 nimbus-eth1-mainnet-long-benchmark[4120996]: INF 2026-08-27 01:20:21.344+00:00 Imported blocks                            blockNumber=7397377 slot=1 blocks=7397376 txs=408848395 mgas=22415724 bps=140.6 tps=12552 mgps=924.1 avgBps=314.8 avgTps=17399 avgMGps=954.0 elapsed=6h31m37s
Aug 27 01:21:20 nimbus-eth1-mainnet-long-benchmark[4120996]: INF 2026-08-27 01:21:20.047+00:00 Imported blocks                            blockNumber=7405569 slot=1 blocks=7405568 txs=409671498 mgas=22470184 bps=139.5 tps=14021 mgps=927.7 avgBps=314.4 avgTps=17391 avgMGps=953.9 elapsed=6h32m36s
Aug 27 01:22:23 nimbus-eth1-mainnet-long-benchmark[4120996]: INF 2026-08-27 01:22:23.942+00:00 Imported blocks                            blockNumber=7413761 slot=1 blocks=7413760 txs=410492065 mgas=22528180 bps=128.2 tps=12843 mgps=907.8 avgBps=313.9 avgTps=17378 avgMGps=953.8 elapsed=6h33m40s
Aug 27 01:23:25 nimbus-eth1-mainnet-long-benchmark[4120996]: INF 2026-08-27 01:23:25.053+00:00 Imported blocks                            blockNumber=7421953 slot=1 blocks=7421952 txs=411251324 mgas=22583061 bps=134.0 tps=12423 mgps=898.0 avgBps=313.4 avgTps=17365 avgMGps=953.6 elapsed=6h34m41s
Aug 27 01:24:20 nimbus-eth1-mainnet-long-benchmark[4120996]: INF 2026-08-27 01:24:20.977+00:00 Imported blocks                            blockNumber=7430145 slot=1 blocks=7430144 txs=411961198 mgas=22633327 bps=146.5 tps=12693 mgps=898.8 avgBps=313.0 avgTps=17354 avgMGps=953.5 elapsed=6h35m37s
Aug 27 01:25:21 nimbus-eth1-mainnet-long-benchmark[4120996]: INF 2026-08-27 01:25:21.884+00:00 Imported blocks                            blockNumber=7438337 slot=1 blocks=7438336 txs=412760611 mgas=22685945 bps=134.5 tps=13125 mgps=863.9 avgBps=312.6 avgTps=17344 avgMGps=953.3 elapsed=6h36m38s
Aug 27 01:26:24 nimbus-eth1-mainnet-long-benchmark[4120996]: INF 2026-08-27 01:26:24.635+00:00 Imported blocks                            blockNumber=7446529 slot=1 blocks=7446528 txs=413564075 mgas=22739807 bps=130.5 tps=12803 mgps=858.3 avgBps=312.1 avgTps=17332 avgMGps=953.0 elapsed=6h37m41s
Aug 27 01:27:25 nimbus-eth1-mainnet-long-benchmark[4120996]: INF 2026-08-27 01:27:25.686+00:00 Imported blocks                            blockNumber=7454721 slot=1 blocks=7454720 txs=414340358 mgas=22793155 bps=134.2 tps=12715 mgps=873.8 avgBps=311.6 avgTps=17320 avgMGps=952.8 elapsed=6h38m42s
Aug 27 01:28:27 nimbus-eth1-mainnet-long-benchmark[4120996]: INF 2026-08-27 01:28:27.409+00:00 Imported blocks                            blockNumber=7462913 slot=1 blocks=7462912 txs=415182333 mgas=22848779 bps=132.7 tps=13640 mgps=901.2 avgBps=311.2 avgTps=17310 avgMGps=952.7 elapsed=6h39m43s
Aug 27 01:29:33 nimbus-eth1-mainnet-long-benchmark[4120996]: INF 2026-08-27 01:29:33.603+00:00 Imported blocks                            blockNumber=7471105 slot=1 blocks=7471104 txs=416036288 mgas=22906231 bps=123.8 tps=12900 mgps=867.9 avgBps=310.6 avgTps=17298 avgMGps=952.4 elapsed=6h40m50s
Aug 27 01:30:37 nimbus-eth1-mainnet-long-benchmark[4120996]: INF 2026-08-27 01:30:37.686+00:00 Imported blocks                            blockNumber=7479297 slot=1 blocks=7479296 txs=416831442 mgas=22962529 bps=127.8 tps=12409 mgps=878.6 avgBps=310.2 avgTps=17285 avgMGps=952.2 elapsed=6h41m54s
Aug 27 01:31:45 nimbus-eth1-mainnet-long-benchmark[4120996]: INF 2026-08-27 01:31:45.429+00:00 Imported blocks                            blockNumber=7487489 slot=1 blocks=7487488 txs=417720887 mgas=23018905 bps=120.9 tps=13129 mgps=832.2 avgBps=309.6 avgTps=17274 avgMGps=951.9 elapsed=6h43m1s
Aug 27 01:32:57 nimbus-eth1-mainnet-long-benchmark[4120996]: INF 2026-08-27 01:32:57.844+00:00 Imported blocks                            blockNumber=7495681 slot=1 blocks=7495680 txs=418742856 mgas=23078928 bps=113.1 tps=14112 mgps=828.9 avgBps=309.0 avgTps=17264 avgMGps=951.5 elapsed=6h44m14s
Aug 27 01:34:03 nimbus-eth1-mainnet-long-benchmark[4120996]: INF 2026-08-27 01:34:03.371+00:00 Imported blocks                            blockNumber=7503873 slot=1 blocks=7503872 txs=419618093 mgas=23134242 bps=125.0 tps=13356 mgps=844.1 avgBps=308.6 avgTps=17254 avgMGps=951.3 elapsed=6h45m19s
Aug 27 01:35:04 nimbus-eth1-mainnet-long-benchmark[4120996]: INF 2026-08-27 01:35:04.650+00:00 Imported blocks                            blockNumber=7512065 slot=1 blocks=7512064 txs=420393164 mgas=23183672 bps=133.7 tps=12649 mgps=806.7 avgBps=308.1 avgTps=17242 avgMGps=950.9 elapsed=6h46m21s
Aug 27 01:36:02 nimbus-eth1-mainnet-long-benchmark[4120996]: INF 2026-08-27 01:36:02.609+00:00 Imported blocks                            blockNumber=7520257 slot=1 blocks=7520256 txs=421119053 mgas=23230736 bps=141.3 tps=12524 mgps=812.0 avgBps=307.7 avgTps=17231 avgMGps=950.6 elapsed=6h47m19s
Aug 27 01:37:06 nimbus-eth1-mainnet-long-benchmark[4120996]: INF 2026-08-27 01:37:06.784+00:00 Imported blocks                            blockNumber=7528449 slot=1 blocks=7528448 txs=421953896 mgas=23282387 bps=127.6 tps=13008 mgps=804.8 avgBps=307.2 avgTps=17220 avgMGps=950.2 elapsed=6h48m23s
Aug 27 01:38:09 nimbus-eth1-mainnet-long-benchmark[4120996]: INF 2026-08-27 01:38:09.715+00:00 Imported blocks                            blockNumber=7536641 slot=1 blocks=7536640 txs=422743403 mgas=23333145 bps=130.2 tps=12545 mgps=806.5 avgBps=306.8 avgTps=17208 avgMGps=949.8 elapsed=6h49m26s
Aug 27 01:39:11 nimbus-eth1-mainnet-long-benchmark[4120996]: INF 2026-08-27 01:39:11.830+00:00 Imported blocks                            blockNumber=7544833 slot=1 blocks=7544832 txs=423611090 mgas=23387743 bps=131.9 tps=13969 mgps=879.0 avgBps=306.3 avgTps=17200 avgMGps=949.6 elapsed=6h50m28s
Aug 27 01:40:15 nimbus-eth1-mainnet-long-benchmark[4120996]: INF 2026-08-27 01:40:15.157+00:00 Imported blocks                            blockNumber=7553025 slot=1 blocks=7553024 txs=424571815 mgas=23444213 bps=129.4 tps=15170 mgps=891.7 avgBps=305.9 avgTps=17195 avgMGps=949.5 elapsed=6h51m31s
Aug 27 01:41:17 nimbus-eth1-mainnet-long-benchmark[4120996]: INF 2026-08-27 01:41:17.552+00:00 Imported blocks                            blockNumber=7561217 slot=1 blocks=7561216 txs=425387522 mgas=23494527 bps=131.3 tps=13072 mgps=806.4 avgBps=305.5 avgTps=17184 avgMGps=949.1 elapsed=6h52m33s
Aug 27 01:42:14 nimbus-eth1-mainnet-long-benchmark[4120996]: INF 2026-08-27 01:42:14.099+00:00 Imported blocks                            blockNumber=7569409 slot=1 blocks=7569408 txs=426053753 mgas=23540671 bps=144.9 tps=11781 mgps=816.0 avgBps=305.1 avgTps=17172 avgMGps=948.8 elapsed=6h53m30s
Aug 27 01:43:11 nimbus-eth1-mainnet-long-benchmark[4120996]: INF 2026-08-27 01:43:11.014+00:00 Imported blocks                            blockNumber=7577601 slot=1 blocks=7577600 txs=426886568 mgas=23594846 bps=143.9 tps=14633 mgps=951.9 avgBps=304.7 avgTps=17166 avgMGps=948.8 elapsed=6h54m27s
Aug 27 01:44:14 nimbus-eth1-mainnet-long-benchmark[4120996]: INF 2026-08-27 01:44:14.465+00:00 Imported blocks                            blockNumber=7585793 slot=1 blocks=7585792 txs=427772094 mgas=23652933 bps=129.1 tps=13955 mgps=915.5 avgBps=304.3 avgTps=17158 avgMGps=948.7 elapsed=6h55m30s
Aug 27 01:45:17 nimbus-eth1-mainnet-long-benchmark[4120996]: INF 2026-08-27 01:45:17.520+00:00 Imported blocks                            blockNumber=7593985 slot=1 blocks=7593984 txs=428633372 mgas=23708839 bps=129.9 tps=13659 mgps=886.6 avgBps=303.8 avgTps=17149 avgMGps=948.6 elapsed=6h56m33s
Aug 27 01:46:19 nimbus-eth1-mainnet-long-benchmark[4120996]: INF 2026-08-27 01:46:19.591+00:00 Imported blocks                            blockNumber=7602177 slot=1 blocks=7602176 txs=429486178 mgas=23759182 bps=132.0 tps=13738 mgps=811.0 avgBps=303.4 avgTps=17141 avgMGps=948.2 elapsed=6h57m36s
Aug 27 01:47:22 nimbus-eth1-mainnet-long-benchmark[4120996]: INF 2026-08-27 01:47:22.322+00:00 Imported blocks                            blockNumber=7610369 slot=1 blocks=7610368 txs=430374019 mgas=23809070 bps=130.6 tps=14153 mgps=795.3 avgBps=303.0 avgTps=17133 avgMGps=947.9 elapsed=6h58m38s
Aug 27 01:48:21 nimbus-eth1-mainnet-long-benchmark[4120996]: INF 2026-08-27 01:48:21.621+00:00 Imported blocks                            blockNumber=7618561 slot=1 blocks=7618560 txs=431234206 mgas=23864021 bps=138.1 tps=14505 mgps=926.6 avgBps=302.6 avgTps=17127 avgMGps=947.8 elapsed=6h59m38s
Aug 27 01:49:25 nimbus-eth1-mainnet-long-benchmark[4120996]: INF 2026-08-27 01:49:25.036+00:00 Imported blocks                            blockNumber=7626753 slot=1 blocks=7626752 txs=432149554 mgas=23918051 bps=129.2 tps=14434 mgps=852.0 avgBps=302.2 avgTps=17120 avgMGps=947.6 elapsed=7h41s455ms
Aug 27 01:50:28 nimbus-eth1-mainnet-long-benchmark[4120996]: INF 2026-08-27 01:50:28.759+00:00 Imported blocks                            blockNumber=7634945 slot=1 blocks=7634944 txs=433001863 mgas=23969732 bps=128.6 tps=13374 mgps=811.0 avgBps=301.7 avgTps=17111 avgMGps=947.2 elapsed=7h1m45s
Aug 27 01:51:31 nimbus-eth1-mainnet-long-benchmark[4120996]: INF 2026-08-27 01:51:31.134+00:00 Imported blocks                            blockNumber=7643137 slot=1 blocks=7643136 txs=433914233 mgas=24022782 bps=131.3 tps=14627 mgps=850.5 avgBps=301.3 avgTps=17105 avgMGps=947.0 elapsed=7h2m47s
Aug 27 01:52:25 nimbus-eth1-mainnet-long-benchmark[4120996]: INF 2026-08-27 01:52:25.437+00:00 Imported blocks                            blockNumber=7651329 slot=1 blocks=7651328 txs=434653036 mgas=24068682 bps=150.9 tps=13604 mgps=845.2 avgBps=301.0 avgTps=17097 avgMGps=946.8 elapsed=7h3m41s
Aug 27 01:53:19 nimbus-eth1-mainnet-long-benchmark[4120996]: INF 2026-08-27 01:53:19.156+00:00 Imported blocks                            blockNumber=7659521 slot=1 blocks=7659520 txs=435366872 mgas=24114431 bps=152.5 tps=13288 mgps=851.6 avgBps=300.7 avgTps=17089 avgMGps=946.6 elapsed=7h4m35s
Aug 27 01:54:17 nimbus-eth1-mainnet-long-benchmark[4120996]: INF 2026-08-27 01:54:17.483+00:00 Imported blocks                            blockNumber=7667713 slot=1 blocks=7667712 txs=436214907 mgas=24164969 bps=140.5 tps=14539 mgps=866.5 avgBps=300.3 avgTps=17083 avgMGps=946.4 elapsed=7h5m33s
Aug 27 01:55:23 nimbus-eth1-mainnet-long-benchmark[4120996]: INF 2026-08-27 01:55:23.258+00:00 Imported blocks                            blockNumber=7675905 slot=1 blocks=7675904 txs=437152649 mgas=24220293 bps=124.5 tps=14256 mgps=841.1 avgBps=299.8 avgTps=17076 avgMGps=946.1 elapsed=7h6m39s
Aug 27 01:56:22 nimbus-eth1-mainnet-long-benchmark[4120996]: INF 2026-08-27 01:56:22.785+00:00 Imported blocks                            blockNumber=7684097 slot=1 blocks=7684096 txs=437940276 mgas=24274677 bps=137.6 tps=13231 mgps=913.6 avgBps=299.5 avgTps=17067 avgMGps=946.0 elapsed=7h7m39s
Aug 27 01:57:23 nimbus-eth1-mainnet-long-benchmark[4120996]: INF 2026-08-27 01:57:23.032+00:00 Imported blocks                            blockNumber=7692289 slot=1 blocks=7692288 txs=438773865 mgas=24327924 bps=136.0 tps=13836 mgps=883.8 avgBps=299.1 avgTps=17060 avgMGps=945.9 elapsed=7h8m39s
Aug 27 01:58:22 nimbus-eth1-mainnet-long-benchmark[4120996]: INF 2026-08-27 01:58:22.219+00:00 Imported blocks                            blockNumber=7700481 slot=1 blocks=7700480 txs=439588069 mgas=24377460 bps=138.4 tps=13755 mgps=836.9 avgBps=298.7 avgTps=17052 avgMGps=945.6 elapsed=7h9m38s
Aug 27 01:59:23 nimbus-eth1-mainnet-long-benchmark[4120996]: INF 2026-08-27 01:59:23.414+00:00 Imported blocks                            blockNumber=7708673 slot=1 blocks=7708672 txs=440491206 mgas=24431819 bps=133.9 tps=14759 mgps=888.4 avgBps=298.3 avgTps=17046 avgMGps=945.5 elapsed=7h10m39s
Aug 27 02:00:18 nimbus-eth1-mainnet-long-benchmark[4120996]: INF 2026-08-27 02:00:18.282+00:00 Imported blocks                            blockNumber=7716865 slot=1 blocks=7716864 txs=441292357 mgas=24494441 bps=149.3 tps=14601 mgps=1141 avgBps=298.0 avgTps=17041 avgMGps=945.9 elapsed=7h11m34s
Aug 27 02:01:24 nimbus-eth1-mainnet-long-benchmark[4120996]: INF 2026-08-27 02:01:24.184+00:00 Imported blocks                            blockNumber=7725057 slot=1 blocks=7725056 txs=442197881 mgas=24553456 bps=124.3 tps=13740 mgps=895.5 avgBps=297.6 avgTps=17033 avgMGps=945.8 elapsed=7h12m40s
Aug 27 02:02:33 nimbus-eth1-mainnet-long-benchmark[4120996]: INF 2026-08-27 02:02:33.819+00:00 Imported blocks                            blockNumber=7733249 slot=1 blocks=7733248 txs=443158393 mgas=24611784 bps=117.6 tps=13792 mgps=837.6 avgBps=297.1 avgTps=17024 avgMGps=945.5 elapsed=7h13m50s
Aug 27 02:03:41 nimbus-eth1-mainnet-long-benchmark[4120996]: INF 2026-08-27 02:03:41.934+00:00 Imported blocks                            blockNumber=7741441 slot=1 blocks=7741440 txs=444094671 mgas=24668195 bps=120.3 tps=13746 mgps=828.2 avgBps=296.6 avgTps=17016 avgMGps=945.2 elapsed=7h14m58s
Aug 27 02:04:51 nimbus-eth1-mainnet-long-benchmark[4120996]: INF 2026-08-27 02:04:51.149+00:00 Imported blocks                            blockNumber=7749633 slot=1 blocks=7749632 txs=444984995 mgas=24721768 bps=118.4 tps=12863 mgps=774.0 avgBps=296.2 avgTps=17005 avgMGps=944.7 elapsed=7h16m7s
Aug 27 02:06:06 nimbus-eth1-mainnet-long-benchmark[4120996]: INF 2026-08-27 02:06:06.468+00:00 Imported blocks                            blockNumber=7757825 slot=1 blocks=7757824 txs=446012120 mgas=24780290 bps=108.8 tps=13636 mgps=777.0 avgBps=295.6 avgTps=16995 avgMGps=944.3 elapsed=7h17m22s
Aug 27 02:07:24 nimbus-eth1-mainnet-long-benchmark[4120996]: INF 2026-08-27 02:07:24.583+00:00 Imported blocks                            blockNumber=7766017 slot=1 blocks=7766016 txs=447077485 mgas=24841902 bps=104.9 tps=13638 mgps=788.7 avgBps=295.1 avgTps=16985 avgMGps=943.8 elapsed=7h18m40s
Aug 27 02:08:40 nimbus-eth1-mainnet-long-benchmark[4120996]: INF 2026-08-27 02:08:40.637+00:00 Imported blocks                            blockNumber=7774209 slot=1 blocks=7774208 txs=448210576 mgas=24903942 bps=107.7 tps=14898 mgps=815.7 avgBps=294.5 avgTps=16979 avgMGps=943.4 elapsed=7h19m57s
Aug 27 02:09:56 nimbus-eth1-mainnet-long-benchmark[4120996]: INF 2026-08-27 02:09:56.880+00:00 Imported blocks                            blockNumber=7782401 slot=1 blocks=7782400 txs=449224144 mgas=24965886 bps=107.4 tps=13293 mgps=812.4 avgBps=294.0 avgTps=16968 avgMGps=943.1 elapsed=7h21m13s
Aug 27 02:11:09 nimbus-eth1-mainnet-long-benchmark[4120996]: INF 2026-08-27 02:11:09.371+00:00 Imported blocks                            blockNumber=7790593 slot=1 blocks=7790592 txs=450201600 mgas=25026547 bps=113.0 tps=13484 mgps=836.8 avgBps=293.5 avgTps=16959 avgMGps=942.8 elapsed=7h22m25s
Aug 27 02:12:23 nimbus-eth1-mainnet-long-benchmark[4120996]: INF 2026-08-27 02:12:23.430+00:00 Imported blocks                            blockNumber=7798785 slot=1 blocks=7798784 txs=451264007 mgas=25086232 bps=110.6 tps=14346 mgps=805.9 avgBps=293.0 avgTps=16952 avgMGps=942.4 elapsed=7h23m39s
Aug 27 02:13:37 nimbus-eth1-mainnet-long-benchmark[4120996]: INF 2026-08-27 02:13:37.061+00:00 Imported blocks                            blockNumber=7806977 slot=1 blocks=7806976 txs=452281781 mgas=25146134 bps=111.3 tps=13821 mgps=813.5 avgBps=292.5 avgTps=16943 avgMGps=942.0 elapsed=7h24m53s
Aug 27 02:14:51 nimbus-eth1-mainnet-long-benchmark[4120996]: INF 2026-08-27 02:14:51.027+00:00 Imported blocks                            blockNumber=7815169 slot=1 blocks=7815168 txs=453436082 mgas=25206827 bps=110.8 tps=15605 mgps=820.6 avgBps=292.0 avgTps=16939 avgMGps=941.7 elapsed=7h26m7s
Aug 27 02:16:05 nimbus-eth1-mainnet-long-benchmark[4120996]: INF 2026-08-27 02:16:05.370+00:00 Imported blocks                            blockNumber=7823361 slot=1 blocks=7823360 txs=454565380 mgas=25267169 bps=110.2 tps=15190 mgps=811.7 avgBps=291.5 avgTps=16934 avgMGps=941.3 elapsed=7h27m21s
Aug 27 02:17:15 nimbus-eth1-mainnet-long-benchmark[4120996]: INF 2026-08-27 02:17:15.993+00:00 Imported blocks                            blockNumber=7831553 slot=1 blocks=7831552 txs=455613551 mgas=25323759 bps=116.0 tps=14841 mgps=801.3 avgBps=291.0 avgTps=16929 avgMGps=941.0 elapsed=7h28m32s
Aug 27 02:18:25 nimbus-eth1-mainnet-long-benchmark[4120996]: INF 2026-08-27 02:18:25.916+00:00 Imported blocks                            blockNumber=7839745 slot=1 blocks=7839744 txs=456620417 mgas=25379035 bps=117.2 tps=14399 mgps=790.5 avgBps=290.6 avgTps=16922 avgMGps=940.6 elapsed=7h29m42s
Aug 27 02:19:40 nimbus-eth1-mainnet-long-benchmark[4120996]: INF 2026-08-27 02:19:40.011+00:00 Imported blocks                            blockNumber=7847937 slot=1 blocks=7847936 txs=457886756 mgas=25440503 bps=110.6 tps=17091 mgps=829.6 avgBps=290.1 avgTps=16923 avgMGps=940.3 elapsed=7h30m56s
Aug 27 02:20:50 nimbus-eth1-mainnet-long-benchmark[4120996]: INF 2026-08-27 02:20:50.269+00:00 Imported blocks                            blockNumber=7856129 slot=1 blocks=7856128 txs=459040331 mgas=25501487 bps=116.6 tps=16417 mgps=867.9 avgBps=289.6 avgTps=16922 avgMGps=940.1 elapsed=7h32m6s
Aug 27 02:22:04 nimbus-eth1-mainnet-long-benchmark[4120996]: INF 2026-08-27 02:22:04.216+00:00 Imported blocks                            blockNumber=7864321 slot=1 blocks=7864320 txs=460155806 mgas=25561340 bps=110.8 tps=15084 mgps=809.4 avgBps=289.1 avgTps=16917 avgMGps=939.7 elapsed=7h33m20s
Aug 27 02:23:16 nimbus-eth1-mainnet-long-benchmark[4120996]: INF 2026-08-27 02:23:16.547+00:00 Imported blocks                            blockNumber=7872513 slot=1 blocks=7872512 txs=461304093 mgas=25622249 bps=113.3 tps=15875 mgps=842.1 avgBps=288.7 avgTps=16914 avgMGps=939.5 elapsed=7h34m32s
Aug 27 02:24:32 nimbus-eth1-mainnet-long-benchmark[4120996]: INF 2026-08-27 02:24:32.986+00:00 Imported blocks                            blockNumber=7880705 slot=1 blocks=7880704 txs=462540264 mgas=25682270 bps=107.2 tps=16172 mgps=785.3 avgBps=288.1 avgTps=16912 avgMGps=939.0 elapsed=7h35m49s
Aug 27 02:25:44 nimbus-eth1-mainnet-long-benchmark[4120996]: INF 2026-08-27 02:25:44.577+00:00 Imported blocks                            blockNumber=7888897 slot=1 blocks=7888896 txs=463659550 mgas=25740852 bps=114.4 tps=15634 mgps=818.3 avgBps=287.7 avgTps=16908 avgMGps=938.7 elapsed=7h37m994ms
Aug 27 02:26:56 nimbus-eth1-mainnet-long-benchmark[4120996]: INF 2026-08-27 02:26:56.671+00:00 Imported blocks                            blockNumber=7897089 slot=1 blocks=7897088 txs=464776412 mgas=25800291 bps=113.6 tps=15491 mgps=824.5 avgBps=287.2 avgTps=16905 avgMGps=938.4 elapsed=7h38m13s
Aug 27 02:28:07 nimbus-eth1-mainnet-long-benchmark[4120996]: INF 2026-08-27 02:28:07.146+00:00 Imported blocks                            blockNumber=7905281 slot=1 blocks=7905280 txs=465829976 mgas=25859803 bps=116.2 tps=14949 mgps=844.4 avgBps=286.8 avgTps=16900 avgMGps=938.2 elapsed=7h39m23s
Aug 27 02:29:19 nimbus-eth1-mainnet-long-benchmark[4120996]: INF 2026-08-27 02:29:19.373+00:00 Imported blocks                            blockNumber=7913473 slot=1 blocks=7913472 txs=466848742 mgas=25919719 bps=113.4 tps=14105 mgps=829.6 avgBps=286.3 avgTps=16892 avgMGps=937.9 elapsed=7h40m35s
Aug 27 02:30:25 nimbus-eth1-mainnet-long-benchmark[4120996]: INF 2026-08-27 02:30:25.304+00:00 Imported blocks                            blockNumber=7921665 slot=1 blocks=7921664 txs=468011772 mgas=25977921 bps=124.3 tps=17640 mgps=882.8 avgBps=286.0 avgTps=16894 avgMGps=937.8 elapsed=7h41m41s
Aug 27 02:31:34 nimbus-eth1-mainnet-long-benchmark[4120996]: INF 2026-08-27 02:31:34.931+00:00 Imported blocks                            blockNumber=7929857 slot=1 blocks=7929856 txs=468944744 mgas=26034463 bps=117.7 tps=13399 mgps=812.1 avgBps=285.5 avgTps=16885 avgMGps=937.5 elapsed=7h42m51s
Aug 27 02:32:50 nimbus-eth1-mainnet-long-benchmark[4120996]: INF 2026-08-27 02:32:50.458+00:00 Imported blocks                            blockNumber=7938049 slot=1 blocks=7938048 txs=470280361 mgas=26096232 bps=108.5 tps=17684 mgps=817.8 avgBps=285.1 avgTps=16888 avgMGps=937.1 elapsed=7h44m6s
Aug 27 02:34:07 nimbus-eth1-mainnet-long-benchmark[4120996]: INF 2026-08-27 02:34:07.656+00:00 Imported blocks                            blockNumber=7946241 slot=1 blocks=7946240 txs=471406476 mgas=26156565 bps=106.1 tps=14587 mgps=781.5 avgBps=284.6 avgTps=16881 avgMGps=936.7 elapsed=7h45m24s
Aug 27 02:35:23 nimbus-eth1-mainnet-long-benchmark[4120996]: INF 2026-08-27 02:35:23.795+00:00 Imported blocks                            blockNumber=7954433 slot=1 blocks=7954432 txs=472337101 mgas=26215819 bps=107.6 tps=12222 mgps=778.2 avgBps=284.1 avgTps=16869 avgMGps=936.3 elapsed=7h46m40s
Aug 27 02:36:39 nimbus-eth1-mainnet-long-benchmark[4120996]: INF 2026-08-27 02:36:39.746+00:00 Imported blocks                            blockNumber=7962625 slot=1 blocks=7962624 txs=473493092 mgas=26276138 bps=107.9 tps=15221 mgps=794.2 avgBps=283.6 avgTps=16864 avgMGps=935.9 elapsed=7h47m56s
Aug 27 02:37:52 nimbus-eth1-mainnet-long-benchmark[4120996]: INF 2026-08-27 02:37:52.421+00:00 Imported blocks                            blockNumber=7970817 slot=1 blocks=7970816 txs=474642879 mgas=26334344 bps=112.7 tps=15820 mgps=800.9 avgBps=283.2 avgTps=16861 avgMGps=935.5 elapsed=7h49m8s
Aug 27 02:39:04 nimbus-eth1-mainnet-long-benchmark[4120996]: INF 2026-08-27 02:39:04.935+00:00 Imported blocks                            blockNumber=7979009 slot=1 blocks=7979008 txs=475810979 mgas=26393019 bps=113.0 tps=16108 mgps=809.1 avgBps=282.7 avgTps=16859 avgMGps=935.2 elapsed=7h50m21s
Aug 27 02:40:15 nimbus-eth1-mainnet-long-benchmark[4120996]: INF 2026-08-27 02:40:15.562+00:00 Imported blocks                            blockNumber=7987201 slot=1 blocks=7987200 txs=476920569 mgas=26453220 bps=116.0 tps=15711 mgps=852.4 avgBps=282.3 avgTps=16857 avgMGps=935.0 elapsed=7h51m31s
Aug 27 02:41:25 nimbus-eth1-mainnet-long-benchmark[4120996]: INF 2026-08-27 02:41:25.557+00:00 Imported blocks                            blockNumber=7995393 slot=1 blocks=7995392 txs=478167265 mgas=26514174 bps=117.0 tps=17811 mgps=870.8 avgBps=281.9 avgTps=16859 avgMGps=934.8 elapsed=7h52m41s
Aug 27 02:42:39 nimbus-eth1-mainnet-long-benchmark[4120996]: INF 2026-08-27 02:42:39.468+00:00 Imported blocks                            blockNumber=8003585 slot=1 blocks=8003584 txs=479239936 mgas=26572633 bps=110.8 tps=14512 mgps=790.9 avgBps=281.5 avgTps=16853 avgMGps=934.5 elapsed=7h53m55s
Aug 27 02:43:50 nimbus-eth1-mainnet-long-benchmark[4120996]: INF 2026-08-27 02:43:50.695+00:00 Imported blocks                            blockNumber=8011777 slot=1 blocks=8011776 txs=480155112 mgas=26624783 bps=115.0 tps=12848 mgps=732.1 avgBps=281.0 avgTps=16843 avgMGps=934.0 elapsed=7h55m7s
Aug 27 02:45:00 nimbus-eth1-mainnet-long-benchmark[4120996]: INF 2026-08-27 02:45:00.814+00:00 Imported blocks                            blockNumber=8019969 slot=1 blocks=8019968 txs=481204089 mgas=26679130 bps=116.8 tps=14960 mgps=775.1 avgBps=280.6 avgTps=16838 avgMGps=933.6 elapsed=7h56m17s
Aug 27 02:46:11 nimbus-eth1-mainnet-long-benchmark[4120996]: INF 2026-08-27 02:46:11.092+00:00 Imported blocks                            blockNumber=8028161 slot=1 blocks=8028160 txs=482365172 mgas=26737031 bps=116.6 tps=16521 mgps=823.9 avgBps=280.2 avgTps=16837 avgMGps=933.3 elapsed=7h57m27s
Aug 27 02:47:21 nimbus-eth1-mainnet-long-benchmark[4120996]: INF 2026-08-27 02:47:21.295+00:00 Imported blocks                            blockNumber=8036353 slot=1 blocks=8036352 txs=483403238 mgas=26797771 bps=116.7 tps=14785 mgps=865.2 avgBps=279.8 avgTps=16832 avgMGps=933.1 elapsed=7h58m37s
Aug 27 02:48:30 nimbus-eth1-mainnet-long-benchmark[4120996]: INF 2026-08-27 02:48:30.014+00:00 Imported blocks                            blockNumber=8044545 slot=1 blocks=8044544 txs=484461750 mgas=26859224 bps=119.2 tps=15404 mgps=894.3 avgBps=279.5 avgTps=16829 avgMGps=933.1 elapsed=7h59m46s
Aug 27 02:49:39 nimbus-eth1-mainnet-long-benchmark[4120996]: INF 2026-08-27 02:49:38.997+00:00 Imported blocks                            blockNumber=8052737 slot=1 blocks=8052736 txs=485686318 mgas=26916744 bps=118.8 tps=17751 mgps=833.8 avgBps=279.1 avgTps=16831 avgMGps=932.8 elapsed=8h55s414ms
Aug 27 02:50:41 nimbus-eth1-mainnet-long-benchmark[4120996]: INF 2026-08-27 02:50:41.096+00:00 Imported blocks                            blockNumber=8060929 slot=1 blocks=8060928 txs=486569669 mgas=26965779 bps=131.9 tps=14224 mgps=789.6 avgBps=278.8 avgTps=16826 avgMGps=932.5 elapsed=8h1m57s
Aug 27 02:51:47 nimbus-eth1-mainnet-long-benchmark[4120996]: INF 2026-08-27 02:51:47.951+00:00 Imported blocks                            blockNumber=8069121 slot=1 blocks=8069120 txs=487663225 mgas=27020717 bps=122.5 tps=16357 mgps=821.8 avgBps=278.4 avgTps=16825 avgMGps=932.3 elapsed=8h3m4s
Aug 27 02:53:01 nimbus-eth1-mainnet-long-benchmark[4120996]: INF 2026-08-27 02:53:01.114+00:00 Imported blocks                            blockNumber=8077313 slot=1 blocks=8077312 txs=488834845 mgas=27079702 bps=112.0 tps=16014 mgps=806.2 avgBps=278.0 avgTps=16823 avgMGps=931.9 elapsed=8h4m17s
Aug 27 02:54:11 nimbus-eth1-mainnet-long-benchmark[4120996]: INF 2026-08-27 02:54:11.333+00:00 Imported blocks                            blockNumber=8085505 slot=1 blocks=8085504 txs=489805789 mgas=27137307 bps=116.7 tps=13827 mgps=820.3 avgBps=277.6 avgTps=16815 avgMGps=931.7 elapsed=8h5m27s
Aug 27 02:55:18 nimbus-eth1-mainnet-long-benchmark[4120996]: INF 2026-08-27 02:55:18.687+00:00 Imported blocks                            blockNumber=8093697 slot=1 blocks=8093696 txs=490824075 mgas=27190483 bps=121.6 tps=15118 mgps=789.5 avgBps=277.2 avgTps=16811 avgMGps=931.3 elapsed=8h6m35s
Aug 27 02:56:22 nimbus-eth1-mainnet-long-benchmark[4120996]: INF 2026-08-27 02:56:22.978+00:00 Imported blocks                            blockNumber=8101889 slot=1 blocks=8101888 txs=491732042 mgas=27242765 bps=127.4 tps=14122 mgps=813.2 avgBps=276.9 avgTps=16805 avgMGps=931.1 elapsed=8h7m39s
Aug 27 02:57:27 nimbus-eth1-mainnet-long-benchmark[4120996]: INF 2026-08-27 02:57:27.545+00:00 Imported blocks                            blockNumber=8110081 slot=1 blocks=8110080 txs=492604535 mgas=27293720 bps=126.9 tps=13513 mgps=789.2 avgBps=276.6 avgTps=16798 avgMGps=930.8 elapsed=8h8m43s
Aug 27 02:58:38 nimbus-eth1-mainnet-long-benchmark[4120996]: INF 2026-08-27 02:58:38.056+00:00 Imported blocks                            blockNumber=8118273 slot=1 blocks=8118272 txs=493621415 mgas=27349160 bps=116.2 tps=14421 mgps=786.2 avgBps=276.2 avgTps=16793 avgMGps=930.4 elapsed=8h9m54s
Aug 27 02:59:45 nimbus-eth1-mainnet-long-benchmark[4120996]: INF 2026-08-27 02:59:45.935+00:00 Imported blocks                            blockNumber=8126465 slot=1 blocks=8126464 txs=494514958 mgas=27402201 bps=120.7 tps=13163 mgps=781.4 avgBps=275.8 avgTps=16784 avgMGps=930.1 elapsed=8h11m2s
Aug 27 03:00:57 nimbus-eth1-mainnet-long-benchmark[4120996]: INF 2026-08-27 03:00:57.950+00:00 Imported blocks                            blockNumber=8134657 slot=1 blocks=8134656 txs=495714779 mgas=27460556 bps=113.8 tps=16661 mgps=810.4 avgBps=275.4 avgTps=16784 avgMGps=929.8 elapsed=8h12m14s
Aug 27 03:02:03 nimbus-eth1-mainnet-long-benchmark[4120996]: INF 2026-08-27 03:02:03.921+00:00 Imported blocks                            blockNumber=8142849 slot=1 blocks=8142848 txs=496587682 mgas=27511060 bps=124.2 tps=13231 mgps=765.5 avgBps=275.1 avgTps=16776 avgMGps=929.4 elapsed=8h13m20s
Aug 27 03:03:07 nimbus-eth1-mainnet-long-benchmark[4120996]: INF 2026-08-27 03:03:07.752+00:00 Imported blocks                            blockNumber=8151041 slot=1 blocks=8151040 txs=497341045 mgas=27559970 bps=128.3 tps=11801 mgps=766.2 avgBps=274.8 avgTps=16765 avgMGps=929.1 elapsed=8h14m24s
Aug 27 03:04:17 nimbus-eth1-mainnet-long-benchmark[4120996]: INF 2026-08-27 03:04:17.571+00:00 Imported blocks                            blockNumber=8159233 slot=1 blocks=8159232 txs=498229886 mgas=27615171 bps=117.3 tps=12731 mgps=790.7 avgBps=274.4 avgTps=16756 avgMGps=928.7 elapsed=8h15m33s
Aug 27 03:05:24 nimbus-eth1-mainnet-long-benchmark[4120996]: INF 2026-08-27 03:05:24.529+00:00 Imported blocks                            blockNumber=8167425 slot=1 blocks=8167424 txs=499588755 mgas=27676825 bps=122.3 tps=20294 mgps=920.8 avgBps=274.1 avgTps=16764 avgMGps=928.7 elapsed=8h16m40s
Aug 27 03:06:35 nimbus-eth1-mainnet-long-benchmark[4120996]: INF 2026-08-27 03:06:35.264+00:00 Imported blocks                            blockNumber=8175617 slot=1 blocks=8175616 txs=500508099 mgas=27734472 bps=115.8 tps=12996 mgps=814.9 avgBps=273.7 avgTps=16755 avgMGps=928.5 elapsed=8h17m51s
Aug 27 03:07:40 nimbus-eth1-mainnet-long-benchmark[4120996]: INF 2026-08-27 03:07:40.435+00:00 Imported blocks                            blockNumber=8183809 slot=1 blocks=8183808 txs=501456408 mgas=27787345 bps=125.7 tps=14551 mgps=811.3 avgBps=273.4 avgTps=16750 avgMGps=928.2 elapsed=8h18m56s
Aug 27 03:08:39 nimbus-eth1-mainnet-long-benchmark[4120996]: INF 2026-08-27 03:08:39.382+00:00 Imported blocks                            blockNumber=8192001 slot=1 blocks=8192000 txs=502194732 mgas=27834091 bps=139.0 tps=12525 mgps=793.0 avgBps=273.1 avgTps=16742 avgMGps=927.9 elapsed=8h19m55s
Aug 27 03:09:36 nimbus-eth1-mainnet-long-benchmark[4120996]: INF 2026-08-27 03:09:36.965+00:00 Imported blocks                            blockNumber=8200193 slot=1 blocks=8200192 txs=502933154 mgas=27879561 bps=142.3 tps=12823 mgps=789.6 avgBps=272.9 avgTps=16734 avgMGps=927.7 elapsed=8h20m53s
Aug 27 03:10:39 nimbus-eth1-mainnet-long-benchmark[4120996]: INF 2026-08-27 03:10:39.176+00:00 Imported blocks                            blockNumber=8208385 slot=1 blocks=8208384 txs=503746151 mgas=27929945 bps=131.7 tps=13068 mgps=809.9 avgBps=272.6 avgTps=16727 avgMGps=927.4 elapsed=8h21m55s
Aug 27 03:11:39 nimbus-eth1-mainnet-long-benchmark[4120996]: INF 2026-08-27 03:11:39.663+00:00 Imported blocks                            blockNumber=8216577 slot=1 blocks=8216576 txs=504752791 mgas=27982317 bps=135.4 tps=16641 mgps=865.8 avgBps=272.3 avgTps=16726 avgMGps=927.3 elapsed=8h22m56s
Aug 27 03:12:48 nimbus-eth1-mainnet-long-benchmark[4120996]: INF 2026-08-27 03:12:48.358+00:00 Imported blocks                            blockNumber=8224769 slot=1 blocks=8224768 txs=505916029 mgas=28041912 bps=119.3 tps=16933 mgps=867.5 avgBps=271.9 avgTps=16727 avgMGps=927.2 elapsed=8h24m4s
Aug 27 03:13:52 nimbus-eth1-mainnet-long-benchmark[4120996]: INF 2026-08-27 03:13:52.357+00:00 Imported blocks                            blockNumber=8232961 slot=1 blocks=8232960 txs=506714790 mgas=28094932 bps=128.0 tps=12481 mgps=828.5 avgBps=271.6 avgTps=16718 avgMGps=927.0 elapsed=8h25m8s
Aug 27 03:14:52 nimbus-eth1-mainnet-long-benchmark[4120996]: INF 2026-08-27 03:14:52.252+00:00 Imported blocks                            blockNumber=8241153 slot=1 blocks=8241152 txs=507412619 mgas=28146893 bps=136.8 tps=11650 mgps=867.5 avgBps=271.4 avgTps=16708 avgMGps=926.8 elapsed=8h26m8s
Aug 27 03:15:56 nimbus-eth1-mainnet-long-benchmark[4120996]: INF 2026-08-27 03:15:56.423+00:00 Imported blocks                            blockNumber=8249345 slot=1 blocks=8249344 txs=508253728 mgas=28198893 bps=127.7 tps=13106 mgps=810.3 avgBps=271.1 avgTps=16700 avgMGps=926.6 elapsed=8h27m12s
Aug 27 03:17:04 nimbus-eth1-mainnet-long-benchmark[4120996]: INF 2026-08-27 03:17:04.098+00:00 Imported blocks                            blockNumber=8257537 slot=1 blocks=8257536 txs=509183921 mgas=28253353 bps=121.1 tps=13745 mgps=804.8 avgBps=270.7 avgTps=16694 avgMGps=926.3 elapsed=8h28m20s
Aug 27 03:18:13 nimbus-eth1-mainnet-long-benchmark[4120996]: INF 2026-08-27 03:18:13.389+00:00 Imported blocks                            blockNumber=8265729 slot=1 blocks=8265728 txs=510159129 mgas=28311576 bps=118.2 tps=14073 mgps=840.2 avgBps=270.4 avgTps=16688 avgMGps=926.1 elapsed=8h29m29s
Aug 27 03:19:20 nimbus-eth1-mainnet-long-benchmark[4120996]: INF 2026-08-27 03:19:20.984+00:00 Imported blocks                            blockNumber=8273921 slot=1 blocks=8273920 txs=511180033 mgas=28367882 bps=121.2 tps=15103 mgps=833.0 avgBps=270.1 avgTps=16684 avgMGps=925.9 elapsed=8h30m37s
Aug 27 03:20:22 nimbus-eth1-mainnet-long-benchmark[4120996]: INF 2026-08-27 03:20:22.395+00:00 Imported blocks                            blockNumber=8282113 slot=1 blocks=8282112 txs=512118559 mgas=28420963 bps=133.4 tps=15283 mgps=864.4 avgBps=269.8 avgTps=16682 avgMGps=925.8 elapsed=8h31m38s
Aug 27 03:21:28 nimbus-eth1-mainnet-long-benchmark[4120996]: INF 2026-08-27 03:21:28.318+00:00 Imported blocks                            blockNumber=8290305 slot=1 blocks=8290304 txs=512939129 mgas=28472944 bps=124.3 tps=12447 mgps=788.5 avgBps=269.5 avgTps=16672 avgMGps=925.5 elapsed=8h32m44s
Aug 27 03:22:36 nimbus-eth1-mainnet-long-benchmark[4120996]: INF 2026-08-27 03:22:36.361+00:00 Imported blocks                            blockNumber=8298497 slot=1 blocks=8298496 txs=513879710 mgas=28531568 bps=120.4 tps=13822 mgps=861.5 avgBps=269.1 avgTps=16666 avgMGps=925.4 elapsed=8h33m52s
Aug 27 03:23:43 nimbus-eth1-mainnet-long-benchmark[4120996]: INF 2026-08-27 03:23:43.539+00:00 Imported blocks                            blockNumber=8306689 slot=1 blocks=8306688 txs=514757556 mgas=28589252 bps=121.9 tps=13067 mgps=858.6 avgBps=268.8 avgTps=16658 avgMGps=925.2 elapsed=8h34m59s
Aug 27 03:24:52 nimbus-eth1-mainnet-long-benchmark[4120996]: INF 2026-08-27 03:24:52.386+00:00 Imported blocks                            blockNumber=8314881 slot=1 blocks=8314880 txs=515671833 mgas=28646490 bps=119.0 tps=13280 mgps=831.4 avgBps=268.5 avgTps=16651 avgMGps=925.0 elapsed=8h36m8s
Aug 27 03:25:56 nimbus-eth1-mainnet-long-benchmark[4120996]: INF 2026-08-27 03:25:56.789+00:00 Imported blocks                            blockNumber=8323073 slot=1 blocks=8323072 txs=516552511 mgas=28698057 bps=127.2 tps=13674 mgps=800.7 avgBps=268.2 avgTps=16645 avgMGps=924.8 elapsed=8h37m13s
Aug 27 03:27:09 nimbus-eth1-mainnet-long-benchmark[4120996]: INF 2026-08-27 03:27:09.668+00:00 Imported blocks                            blockNumber=8331265 slot=1 blocks=8331264 txs=517315644 mgas=28749547 bps=112.4 tps=10471 mgps=706.5 avgBps=267.8 avgTps=16630 avgMGps=924.2 elapsed=8h38m26s
Aug 27 03:28:12 nimbus-eth1-mainnet-long-benchmark[4120996]: INF 2026-08-27 03:28:12.119+00:00 Imported blocks                            blockNumber=8339457 slot=1 blocks=8339456 txs=518151142 mgas=28801662 bps=131.2 tps=13378 mgps=834.5 avgBps=267.6 avgTps=16624 avgMGps=924.1 elapsed=8h39m28s
Aug 27 03:29:18 nimbus-eth1-mainnet-long-benchmark[4120996]: INF 2026-08-27 03:29:18.090+00:00 Imported blocks                            blockNumber=8347649 slot=1 blocks=8347648 txs=519092137 mgas=28855516 bps=124.2 tps=14264 mgps=816.4 avgBps=267.3 avgTps=16619 avgMGps=923.8 elapsed=8h40m34s
Aug 27 03:30:26 nimbus-eth1-mainnet-long-benchmark[4120996]: INF 2026-08-27 03:30:26.797+00:00 Imported blocks                            blockNumber=8355841 slot=1 blocks=8355840 txs=520027257 mgas=28915308 bps=119.2 tps=13609 mgps=870.2 avgBps=266.9 avgTps=16612 avgMGps=923.7 elapsed=8h41m43s
Aug 27 03:31:31 nimbus-eth1-mainnet-long-benchmark[4120996]: INF 2026-08-27 03:31:31.604+00:00 Imported blocks                            blockNumber=8364033 slot=1 blocks=8364032 txs=520876607 mgas=28969933 bps=126.4 tps=13106 mgps=842.9 avgBps=266.6 avgTps=16605 avgMGps=923.5 elapsed=8h42m48s
Aug 27 03:32:34 nimbus-eth1-mainnet-long-benchmark[4120996]: INF 2026-08-27 03:32:33.995+00:00 Imported blocks                            blockNumber=8372225 slot=1 blocks=8372224 txs=521703156 mgas=29020487 bps=131.3 tps=13247 mgps=810.2 avgBps=266.4 avgTps=16598 avgMGps=923.3 elapsed=8h43m50s
Aug 27 03:33:38 nimbus-eth1-mainnet-long-benchmark[4120996]: INF 2026-08-27 03:33:38.810+00:00 Imported blocks                            blockNumber=8380417 slot=1 blocks=8380416 txs=522596515 mgas=29074012 bps=126.4 tps=13783 mgps=825.8 avgBps=266.1 avgTps=16592 avgMGps=923.1 elapsed=8h44m55s
Aug 27 03:34:53 nimbus-eth1-mainnet-long-benchmark[4120996]: INF 2026-08-27 03:34:53.344+00:00 Imported blocks                            blockNumber=8388609 slot=1 blocks=8388608 txs=523546552 mgas=29133682 bps=109.9 tps=12746 mgps=800.6 avgBps=265.7 avgTps=16583 avgMGps=922.8 elapsed=8h46m9s
Aug 27 03:35:59 nimbus-eth1-mainnet-long-benchmark[4120996]: INF 2026-08-27 03:35:59.363+00:00 Imported blocks                            blockNumber=8396801 slot=1 blocks=8396800 txs=524398504 mgas=29192750 bps=124.1 tps=12903 mgps=894.6 avgBps=265.4 avgTps=16576 avgMGps=922.8 elapsed=8h47m15s
Aug 27 03:37:10 nimbus-eth1-mainnet-long-benchmark[4120996]: INF 2026-08-27 03:37:10.050+00:00 Imported blocks                            blockNumber=8404993 slot=1 blocks=8404992 txs=525369820 mgas=29251451 bps=115.9 tps=13741 mgps=830.5 avgBps=265.1 avgTps=16569 avgMGps=922.6 elapsed=8h48m26s
Aug 27 03:38:22 nimbus-eth1-mainnet-long-benchmark[4120996]: INF 2026-08-27 03:38:22.485+00:00 Imported blocks                            blockNumber=8413185 slot=1 blocks=8413184 txs=526327108 mgas=29309317 bps=113.1 tps=13216 mgps=798.9 avgBps=264.7 avgTps=16562 avgMGps=922.3 elapsed=8h49m38s
Aug 27 03:39:25 nimbus-eth1-mainnet-long-benchmark[4120996]: INF 2026-08-27 03:39:25.408+00:00 Imported blocks                            blockNumber=8421377 slot=1 blocks=8421376 txs=527166073 mgas=29366866 bps=130.2 tps=13332 mgps=914.6 avgBps=264.5 avgTps=16555 avgMGps=922.3 elapsed=8h50m41s
Aug 27 03:40:25 nimbus-eth1-mainnet-long-benchmark[4120996]: INF 2026-08-27 03:40:25.031+00:00 Imported blocks                            blockNumber=8429569 slot=1 blocks=8429568 txs=528059369 mgas=29427971 bps=137.4 tps=14982 mgps=1024 avgBps=264.2 avgTps=16552 avgMGps=922.5 elapsed=8h51m41s
Aug 27 03:41:32 nimbus-eth1-mainnet-long-benchmark[4120996]: INF 2026-08-27 03:41:32.674+00:00 Imported blocks                            blockNumber=8437761 slot=1 blocks=8437760 txs=529053207 mgas=29487780 bps=121.1 tps=14692 mgps=884.2 avgBps=263.9 avgTps=16548 avgMGps=922.4 elapsed=8h52m49s
Aug 27 03:42:43 nimbus-eth1-mainnet-long-benchmark[4120996]: INF 2026-08-27 03:42:43.081+00:00 Imported blocks                            blockNumber=8445953 slot=1 blocks=8445952 txs=530018020 mgas=29548570 bps=116.4 tps=13703 mgps=863.4 avgBps=263.6 avgTps=16542 avgMGps=922.3 elapsed=8h53m59s
Aug 27 03:43:47 nimbus-eth1-mainnet-long-benchmark[4120996]: INF 2026-08-27 03:43:47.932+00:00 Imported blocks                            blockNumber=8454145 slot=1 blocks=8454144 txs=530857067 mgas=29608227 bps=126.3 tps=12937 mgps=919.9 avgBps=263.3 avgTps=16535 avgMGps=922.2 elapsed=8h55m4s
Aug 27 03:44:51 nimbus-eth1-mainnet-long-benchmark[4120996]: INF 2026-08-27 03:44:51.291+00:00 Imported blocks                            blockNumber=8462337 slot=1 blocks=8462336 txs=531711104 mgas=29667600 bps=129.3 tps=13480 mgps=937.2 avgBps=263.1 avgTps=16529 avgMGps=922.3 elapsed=8h56m7s
Aug 27 03:45:57 nimbus-eth1-mainnet-long-benchmark[4120996]: INF 2026-08-27 03:45:57.590+00:00 Imported blocks                            blockNumber=8470529 slot=1 blocks=8470528 txs=532681339 mgas=29727791 bps=123.6 tps=14633 mgps=907.8 avgBps=262.8 avgTps=16525 avgMGps=922.2 elapsed=8h57m14s
Aug 27 03:47:03 nimbus-eth1-mainnet-long-benchmark[4120996]: INF 2026-08-27 03:47:03.749+00:00 Imported blocks                            blockNumber=8478721 slot=1 blocks=8478720 txs=533669681 mgas=29789592 bps=123.8 tps=14939 mgps=934.1 avgBps=262.5 avgTps=16522 avgMGps=922.3 elapsed=8h58m20s
Aug 27 03:48:04 nimbus-eth1-mainnet-long-benchmark[4120996]: INF 2026-08-27 03:48:04.768+00:00 Imported blocks                            blockNumber=8486913 slot=1 blocks=8486912 txs=534497845 mgas=29850879 bps=134.3 tps=13572 mgps=1004 avgBps=262.3 avgTps=16516 avgMGps=922.4 elapsed=8h59m21s
Aug 27 03:49:08 nimbus-eth1-mainnet-long-benchmark[4120996]: INF 2026-08-27 03:49:08.739+00:00 Imported blocks                            blockNumber=8495105 slot=1 blocks=8495104 txs=535500344 mgas=29912902 bps=128.1 tps=15671 mgps=969.6 avgBps=262.0 avgTps=16514 avgMGps=922.5 elapsed=9h25s155ms
Aug 27 03:50:11 nimbus-eth1-mainnet-long-benchmark[4120996]: INF 2026-08-27 03:50:11.121+00:00 Imported blocks                            blockNumber=8503297 slot=1 blocks=8503296 txs=536490123 mgas=29974730 bps=131.3 tps=15865 mgps=991.1 avgBps=261.7 avgTps=16513 avgMGps=922.7 elapsed=9h1m27s
Aug 27 03:51:08 nimbus-eth1-mainnet-long-benchmark[4120996]: INF 2026-08-27 03:51:08.577+00:00 Imported blocks                            blockNumber=8511489 slot=1 blocks=8511488 txs=537325435 mgas=30036575 bps=142.6 tps=14538 mgps=1076 avgBps=261.5 avgTps=16510 avgMGps=922.9 elapsed=9h2m24s
Aug 27 03:52:07 nimbus-eth1-mainnet-long-benchmark[4120996]: INF 2026-08-27 03:52:07.176+00:00 Imported blocks                            blockNumber=8519681 slot=1 blocks=8519680 txs=538214904 mgas=30098255 bps=139.8 tps=15178 mgps=1052 avgBps=261.3 avgTps=16507 avgMGps=923.2 elapsed=9h3m23s
Aug 27 03:53:07 nimbus-eth1-mainnet-long-benchmark[4120996]: INF 2026-08-27 03:53:07.603+00:00 Imported blocks                            blockNumber=8527873 slot=1 blocks=8527872 txs=539180251 mgas=30159640 bps=135.6 tps=15976 mgps=1015 avgBps=261.1 avgTps=16506 avgMGps=923.3 elapsed=9h4m24s
Aug 27 03:54:07 nimbus-eth1-mainnet-long-benchmark[4120996]: INF 2026-08-27 03:54:07.814+00:00 Imported blocks                            blockNumber=8536065 slot=1 blocks=8536064 txs=540111303 mgas=30221233 bps=136.0 tps=15462 mgps=1022 avgBps=260.8 avgTps=16504 avgMGps=923.5 elapsed=9h5m24s
Aug 27 03:55:03 nimbus-eth1-mainnet-long-benchmark[4120996]: INF 2026-08-27 03:55:03.705+00:00 Imported blocks                            blockNumber=8544257 slot=1 blocks=8544256 txs=540865351 mgas=30282863 bps=146.6 tps=13491 mgps=1102 avgBps=260.7 avgTps=16499 avgMGps=923.8 elapsed=9h6m20s
Aug 27 03:56:02 nimbus-eth1-mainnet-long-benchmark[4120996]: INF 2026-08-27 03:56:02.572+00:00 Imported blocks                            blockNumber=8552449 slot=1 blocks=8552448 txs=541669096 mgas=30344824 bps=139.2 tps=13652 mgps=1052 avgBps=260.4 avgTps=16494 avgMGps=924.0 elapsed=9h7m18s
Aug 27 03:57:05 nimbus-eth1-mainnet-long-benchmark[4120996]: INF 2026-08-27 03:57:05.919+00:00 Imported blocks                            blockNumber=8560641 slot=1 blocks=8560640 txs=542608372 mgas=30408355 bps=129.3 tps=14828 mgps=1002 avgBps=260.2 avgTps=16491 avgMGps=924.2 elapsed=9h8m22s
Aug 27 03:58:08 nimbus-eth1-mainnet-long-benchmark[4120996]: INF 2026-08-27 03:58:08.698+00:00 Imported blocks                            blockNumber=8568833 slot=1 blocks=8568832 txs=543459789 mgas=30474279 bps=130.5 tps=13562 mgps=1050 avgBps=259.9 avgTps=16485 avgMGps=924.4 elapsed=9h9m25s
Aug 27 03:59:10 nimbus-eth1-mainnet-long-benchmark[4120996]: INF 2026-08-27 03:59:10.901+00:00 Imported blocks                            blockNumber=8577025 slot=1 blocks=8577024 txs=544300838 mgas=30539902 bps=131.7 tps=13520 mgps=1054 avgBps=259.7 avgTps=16480 avgMGps=924.7 elapsed=9h10m27s
Aug 27 04:00:19 nimbus-eth1-mainnet-long-benchmark[4120996]: INF 2026-08-27 04:00:19.716+00:00 Imported blocks                            blockNumber=8585217 slot=1 blocks=8585216 txs=545292990 mgas=30613125 bps=119.0 tps=14418 mgps=1064 avgBps=259.4 avgTps=16476 avgMGps=925.0 elapsed=9h11m36s
Aug 27 04:01:25 nimbus-eth1-mainnet-long-benchmark[4120996]: INF 2026-08-27 04:01:25.186+00:00 Imported blocks                            blockNumber=8593409 slot=1 blocks=8593408 txs=546110449 mgas=30691004 bps=125.1 tps=12485 mgps=1189 avgBps=259.1 avgTps=16468 avgMGps=925.5 elapsed=9h12m41s
Aug 27 04:02:30 nimbus-eth1-mainnet-long-benchmark[4120996]: INF 2026-08-27 04:02:30.597+00:00 Imported blocks                            blockNumber=8601601 slot=1 blocks=8601600 txs=546809468 mgas=30767632 bps=125.2 tps=10686 mgps=1171 avgBps=258.9 avgTps=16456 avgMGps=926.0 elapsed=9h13m47s
Aug 27 04:03:35 nimbus-eth1-mainnet-long-benchmark[4120996]: INF 2026-08-27 04:03:35.316+00:00 Imported blocks                            blockNumber=8609793 slot=1 blocks=8609792 txs=547621401 mgas=30845690 bps=126.6 tps=12544 mgps=1206 avgBps=258.6 avgTps=16449 avgMGps=926.5 elapsed=9h14m51s
Aug 27 04:04:51 nimbus-eth1-mainnet-long-benchmark[4120996]: INF 2026-08-27 04:04:51.155+00:00 Imported blocks                            blockNumber=8617985 slot=1 blocks=8617984 txs=548570794 mgas=30923161 bps=108.0 tps=12518 mgps=1021 avgBps=258.3 avgTps=16440 avgMGps=926.7 elapsed=9h16m7s
Aug 27 04:06:02 nimbus-eth1-mainnet-long-benchmark[4120996]: INF 2026-08-27 04:06:02.386+00:00 Imported blocks                            blockNumber=8626177 slot=1 blocks=8626176 txs=549440258 mgas=30998955 bps=115.0 tps=12206 mgps=1064 avgBps=258.0 avgTps=16431 avgMGps=927.0 elapsed=9h17m18s
Aug 27 04:07:07 nimbus-eth1-mainnet-long-benchmark[4120996]: INF 2026-08-27 04:07:07.213+00:00 Imported blocks                            blockNumber=8634369 slot=1 blocks=8634368 txs=550180147 mgas=31073142 bps=126.4 tps=11412 mgps=1144 avgBps=257.7 avgTps=16421 avgMGps=927.5 elapsed=9h18m23s
Aug 27 04:08:16 nimbus-eth1-mainnet-long-benchmark[4120996]: INF 2026-08-27 04:08:16.904+00:00 Imported blocks                            blockNumber=8642561 slot=1 blocks=8642560 txs=550999073 mgas=31150828 bps=117.5 tps=11751 mgps=1114 avgBps=257.4 avgTps=16411 avgMGps=927.8 elapsed=9h19m33s
Aug 27 04:09:28 nimbus-eth1-mainnet-long-benchmark[4120996]: INF 2026-08-27 04:09:28.895+00:00 Imported blocks                            blockNumber=8650753 slot=1 blocks=8650752 txs=551824997 mgas=31228854 bps=113.8 tps=11472 mgps=1083 avgBps=257.1 avgTps=16401 avgMGps=928.2 elapsed=9h20m45s
Aug 27 04:10:47 nimbus-eth1-mainnet-long-benchmark[4120996]: INF 2026-08-27 04:10:47.709+00:00 Imported blocks                            blockNumber=8658945 slot=1 blocks=8658944 txs=552637144 mgas=31299247 bps=103.9 tps=10304 mgps=893.2 avgBps=256.8 avgTps=16386 avgMGps=928.1 elapsed=9h22m4s
Aug 27 04:11:58 nimbus-eth1-mainnet-long-benchmark[4120996]: INF 2026-08-27 04:11:58.628+00:00 Imported blocks                            blockNumber=8667137 slot=1 blocks=8667136 txs=553422817 mgas=31360818 bps=115.5 tps=11077 mgps=868.1 avgBps=256.5 avgTps=16375 avgMGps=928.0 elapsed=9h23m15s
Aug 27 04:13:06 nimbus-eth1-mainnet-long-benchmark[4120996]: INF 2026-08-27 04:13:06.647+00:00 Imported blocks                            blockNumber=8675329 slot=1 blocks=8675328 txs=554239359 mgas=31426600 bps=120.4 tps=12004 mgps=967.1 avgBps=256.2 avgTps=16367 avgMGps=928.0 elapsed=9h24m23s
Aug 27 04:14:12 nimbus-eth1-mainnet-long-benchmark[4120996]: INF 2026-08-27 04:14:12.574+00:00 Imported blocks                            blockNumber=8683521 slot=1 blocks=8683520 txs=554997332 mgas=31480604 bps=124.3 tps=11497 mgps=819.2 avgBps=255.9 avgTps=16357 avgMGps=927.8 elapsed=9h25m28s
Aug 27 04:15:13 nimbus-eth1-mainnet-long-benchmark[4120996]: INF 2026-08-27 04:15:13.573+00:00 Imported blocks                            blockNumber=8691713 slot=1 blocks=8691712 txs=555680661 mgas=31532851 bps=134.3 tps=11202 mgps=856.6 avgBps=255.7 avgTps=16348 avgMGps=927.7 elapsed=9h26m29s
Aug 27 04:16:20 nimbus-eth1-mainnet-long-benchmark[4120996]: INF 2026-08-27 04:16:20.248+00:00 Imported blocks                            blockNumber=8699905 slot=1 blocks=8699904 txs=556529783 mgas=31588510 bps=122.9 tps=12734 mgps=834.7 avgBps=255.5 avgTps=16341 avgMGps=927.5 elapsed=9h27m36s
Aug 27 04:17:31 nimbus-eth1-mainnet-long-benchmark[4120996]: INF 2026-08-27 04:17:31.907+00:00 Imported blocks                            blockNumber=8708097 slot=1 blocks=8708096 txs=557505249 mgas=31647773 bps=114.3 tps=13613 mgps=827.1 avgBps=255.2 avgTps=16335 avgMGps=927.3 elapsed=9h28m48s
Aug 27 04:18:42 nimbus-eth1-mainnet-long-benchmark[4120996]: INF 2026-08-27 04:18:42.042+00:00 Imported blocks                            blockNumber=8716289 slot=1 blocks=8716288 txs=558418250 mgas=31706815 bps=116.8 tps=13017 mgps=841.8 avgBps=254.9 avgTps=16328 avgMGps=927.1 elapsed=9h29m58s
Aug 27 04:19:47 nimbus-eth1-mainnet-long-benchmark[4120996]: INF 2026-08-27 04:19:47.600+00:00 Imported blocks                            blockNumber=8724481 slot=1 blocks=8724480 txs=559287228 mgas=31761096 bps=125.0 tps=13254 mgps=828.0 avgBps=254.6 avgTps=16322 avgMGps=927.0 elapsed=9h31m4s
Aug 27 04:20:48 nimbus-eth1-mainnet-long-benchmark[4120996]: INF 2026-08-27 04:20:48.735+00:00 Imported blocks                            blockNumber=8732673 slot=1 blocks=8732672 txs=560092619 mgas=31810591 bps=134.0 tps=13173 mgps=809.6 avgBps=254.4 avgTps=16317 avgMGps=926.7 elapsed=9h32m5s
Aug 27 04:21:52 nimbus-eth1-mainnet-long-benchmark[4120996]: INF 2026-08-27 04:21:52.670+00:00 Imported blocks                            blockNumber=8740865 slot=1 blocks=8740864 txs=560905599 mgas=31863152 bps=128.1 tps=12715 mgps=822.1 avgBps=254.2 avgTps=16310 avgMGps=926.5 elapsed=9h33m9s
Aug 27 04:22:56 nimbus-eth1-mainnet-long-benchmark[4120996]: INF 2026-08-27 04:22:56.713+00:00 Imported blocks                            blockNumber=8749057 slot=1 blocks=8749056 txs=561727965 mgas=31915818 bps=127.9 tps=12840 mgps=822.4 avgBps=253.9 avgTps=16304 avgMGps=926.4 elapsed=9h34m13s
Aug 27 04:24:04 nimbus-eth1-mainnet-long-benchmark[4120996]: INF 2026-08-27 04:24:04.064+00:00 Imported blocks                            blockNumber=8757249 slot=1 blocks=8757248 txs=562647529 mgas=31971917 bps=121.6 tps=13652 mgps=832.9 avgBps=253.7 avgTps=16298 avgMGps=926.2 elapsed=9h35m20s
Aug 27 04:25:13 nimbus-eth1-mainnet-long-benchmark[4120996]: INF 2026-08-27 04:25:13.019+00:00 Imported blocks                            blockNumber=8765441 slot=1 blocks=8765440 txs=563615545 mgas=32029794 bps=118.8 tps=14038 mgps=839.4 avgBps=253.4 avgTps=16294 avgMGps=926.0 elapsed=9h36m29s
Aug 27 04:26:14 nimbus-eth1-mainnet-long-benchmark[4120996]: INF 2026-08-27 04:26:14.110+00:00 Imported blocks                            blockNumber=8773633 slot=1 blocks=8773632 txs=564475698 mgas=32081275 bps=134.1 tps=14080 mgps=842.7 avgBps=253.2 avgTps=16290 avgMGps=925.9 elapsed=9h37m30s
Aug 27 04:27:11 nimbus-eth1-mainnet-long-benchmark[4120996]: INF 2026-08-27 04:27:11.641+00:00 Imported blocks                            blockNumber=8781825 slot=1 blocks=8781824 txs=565266566 mgas=32128533 bps=142.4 tps=13746 mgps=821.4 avgBps=253.0 avgTps=16286 avgMGps=925.7 elapsed=9h38m28s
Aug 27 04:28:15 nimbus-eth1-mainnet-long-benchmark[4120996]: INF 2026-08-27 04:28:15.928+00:00 Imported blocks                            blockNumber=8790017 slot=1 blocks=8790016 txs=566209398 mgas=32182071 bps=127.4 tps=14665 mgps=832.7 avgBps=252.8 avgTps=16283 avgMGps=925.5 elapsed=9h39m32s
Aug 27 04:29:27 nimbus-eth1-mainnet-long-benchmark[4120996]: INF 2026-08-27 04:29:27.915+00:00 Imported blocks                            blockNumber=8798209 slot=1 blocks=8798208 txs=567150092 mgas=32243757 bps=113.8 tps=13067 mgps=856.9 avgBps=252.5 avgTps=16276 avgMGps=925.4 elapsed=9h40m44s
Aug 27 04:30:34 nimbus-eth1-mainnet-long-benchmark[4120996]: INF 2026-08-27 04:30:34.110+00:00 Imported blocks                            blockNumber=8806401 slot=1 blocks=8806400 txs=568036019 mgas=32305416 bps=123.8 tps=13383 mgps=931.5 avgBps=252.3 avgTps=16271 avgMGps=925.4 elapsed=9h41m50s
Aug 27 04:31:48 nimbus-eth1-mainnet-long-benchmark[4120996]: INF 2026-08-27 04:31:48.257+00:00 Imported blocks                            blockNumber=8814593 slot=1 blocks=8814592 txs=569074048 mgas=32366785 bps=110.5 tps=13999 mgps=827.7 avgBps=252.0 avgTps=16266 avgMGps=925.2 elapsed=9h43m4s
Aug 27 04:32:51 nimbus-eth1-mainnet-long-benchmark[4120996]: INF 2026-08-27 04:32:51.984+00:00 Imported blocks                            blockNumber=8822785 slot=1 blocks=8822784 txs=569953841 mgas=32418931 bps=128.6 tps=13805 mgps=818.3 avgBps=251.7 avgTps=16261 avgMGps=925.0 elapsed=9h44m8s
Aug 27 04:33:58 nimbus-eth1-mainnet-long-benchmark[4120996]: INF 2026-08-27 04:33:58.339+00:00 Imported blocks                            blockNumber=8830977 slot=1 blocks=8830976 txs=570832350 mgas=32474628 bps=123.5 tps=13239 mgps=839.4 avgBps=251.5 avgTps=16256 avgMGps=924.8 elapsed=9h45m14s
Aug 27 04:35:20 nimbus-eth1-mainnet-long-benchmark[4120996]: INF 2026-08-27 04:35:20.713+00:00 Imported blocks                            blockNumber=8839169 slot=1 blocks=8839168 txs=571797086 mgas=32537170 bps=99.45 tps=11711 mgps=759.2 avgBps=251.1 avgTps=16245 avgMGps=924.4 elapsed=9h46m37s
Aug 27 04:36:40 nimbus-eth1-mainnet-long-benchmark[4120996]: INF 2026-08-27 04:36:40.664+00:00 Imported blocks                            blockNumber=8847361 slot=1 blocks=8847360 txs=572794000 mgas=32598761 bps=102.5 tps=12468 mgps=770.3 avgBps=250.8 avgTps=16236 avgMGps=924.1 elapsed=9h47m57s
Aug 27 04:37:43 nimbus-eth1-mainnet-long-benchmark[4120996]: INF 2026-08-27 04:37:43.255+00:00 Imported blocks                            blockNumber=8855553 slot=1 blocks=8855552 txs=573679028 mgas=32653888 bps=130.9 tps=14139 mgps=880.8 avgBps=250.6 avgTps=16233 avgMGps=924.0 elapsed=9h48m59s
Aug 27 04:38:48 nimbus-eth1-mainnet-long-benchmark[4120996]: INF 2026-08-27 04:38:48.938+00:00 Imported blocks                            blockNumber=8863745 slot=1 blocks=8863744 txs=574470551 mgas=32709193 bps=124.7 tps=12051 mgps=842.0 avgBps=250.4 avgTps=16225 avgMGps=923.8 elapsed=9h50m5s
Aug 27 04:40:09 nimbus-eth1-mainnet-long-benchmark[4120996]: INF 2026-08-27 04:40:09.801+00:00 Imported blocks                            blockNumber=8871937 slot=1 blocks=8871936 txs=575320438 mgas=32772979 bps=101.3 tps=10510 mgps=788.8 avgBps=250.0 avgTps=16212 avgMGps=923.5 elapsed=9h51m26s
Aug 27 04:41:24 nimbus-eth1-mainnet-long-benchmark[4120996]: INF 2026-08-27 04:41:24.083+00:00 Imported blocks                            blockNumber=8880129 slot=1 blocks=8880128 txs=576222811 mgas=32833992 bps=110.3 tps=12147 mgps=821.3 avgBps=249.7 avgTps=16204 avgMGps=923.3 elapsed=9h52m40s
Aug 27 04:42:35 nimbus-eth1-mainnet-long-benchmark[4120996]: INF 2026-08-27 04:42:35.286+00:00 Imported blocks                            blockNumber=8888321 slot=1 blocks=8888320 txs=577164198 mgas=32893419 bps=115.1 tps=13221 mgps=834.6 avgBps=249.4 avgTps=16198 avgMGps=923.2 elapsed=9h53m51s
Aug 27 04:43:58 nimbus-eth1-mainnet-long-benchmark[4120996]: INF 2026-08-27 04:43:58.381+00:00 Imported blocks                            blockNumber=8896513 slot=1 blocks=8896512 txs=578297312 mgas=32957285 bps=98.59 tps=13636 mgps=768.6 avgBps=249.1 avgTps=16192 avgMGps=922.8 elapsed=9h55m14s
Aug 27 04:45:23 nimbus-eth1-mainnet-long-benchmark[4120996]: INF 2026-08-27 04:45:23.147+00:00 Imported blocks                            blockNumber=8904705 slot=1 blocks=8904704 txs=579099874 mgas=33021012 bps=96.64 tps=9467 mgps=751.8 avgBps=248.7 avgTps=16176 avgMGps=922.4 elapsed=9h56m39s
Aug 27 04:46:44 nimbus-eth1-mainnet-long-benchmark[4120996]: INF 2026-08-27 04:46:44.306+00:00 Imported blocks                            blockNumber=8912897 slot=1 blocks=8912896 txs=579945319 mgas=33082422 bps=100.9 tps=10417 mgps=756.7 avgBps=248.4 avgTps=16163 avgMGps=922.0 elapsed=9h58m722ms
Aug 27 04:48:08 nimbus-eth1-mainnet-long-benchmark[4120996]: INF 2026-08-27 04:48:08.977+00:00 Imported blocks                            blockNumber=8921089 slot=1 blocks=8921088 txs=580962928 mgas=33147452 bps=96.75 tps=12018 mgps=768.0 avgBps=248.0 avgTps=16153 avgMGps=921.6 elapsed=9h59m25s
Aug 27 04:49:29 nimbus-eth1-mainnet-long-benchmark[4120996]: INF 2026-08-27 04:49:29.659+00:00 Imported blocks                            blockNumber=8929281 slot=1 blocks=8929280 txs=581870853 mgas=33211016 bps=101.5 tps=11252 mgps=787.8 avgBps=247.7 avgTps=16142 avgMGps=921.3 elapsed=10h46s79ms
Aug 27 04:50:53 nimbus-eth1-mainnet-long-benchmark[4120996]: INF 2026-08-27 04:50:53.766+00:00 Imported blocks                            blockNumber=8937473 slot=1 blocks=8937472 txs=582838655 mgas=33277249 bps=97.40 tps=11507 mgps=787.5 avgBps=247.4 avgTps=16131 avgMGps=921.0 elapsed=10h2m10s
Aug 27 04:52:17 nimbus-eth1-mainnet-long-benchmark[4120996]: INF 2026-08-27 04:52:17.033+00:00 Imported blocks                            blockNumber=8945665 slot=1 blocks=8945664 txs=583736137 mgas=33342595 bps=98.38 tps=10778 mgps=784.8 avgBps=247.0 avgTps=16119 avgMGps=920.7 elapsed=10h3m33s
Aug 27 04:53:28 nimbus-eth1-mainnet-long-benchmark[4120996]: INF 2026-08-27 04:53:28.291+00:00 Imported blocks                            blockNumber=8953857 slot=1 blocks=8953856 txs=584486354 mgas=33407599 bps=115.0 tps=10527 mgps=912.2 avgBps=246.8 avgTps=16108 avgMGps=920.7 elapsed=10h4m44s
Aug 27 04:54:51 nimbus-eth1-mainnet-long-benchmark[4120996]: INF 2026-08-27 04:54:51.778+00:00 Imported blocks                            blockNumber=8962049 slot=1 blocks=8962048 txs=585573348 mgas=33475102 bps=98.13 tps=13020 mgps=808.6 avgBps=246.4 avgTps=16101 avgMGps=920.4 elapsed=10h6m8s
Aug 27 04:56:10 nimbus-eth1-mainnet-long-benchmark[4120996]: INF 2026-08-27 04:56:10.385+00:00 Imported blocks                            blockNumber=8970241 slot=1 blocks=8970240 txs=586525061 mgas=33541339 bps=104.2 tps=12107 mgps=842.6 avgBps=246.1 avgTps=16092 avgMGps=920.3 elapsed=10h7m26s
Aug 27 04:57:27 nimbus-eth1-mainnet-long-benchmark[4120996]: INF 2026-08-27 04:57:27.636+00:00 Imported blocks                            blockNumber=8978433 slot=1 blocks=8978432 txs=587506244 mgas=33610607 bps=106.0 tps=12701 mgps=896.7 avgBps=245.8 avgTps=16085 avgMGps=920.2 elapsed=10h8m44s
Aug 27 04:58:56 nimbus-eth1-mainnet-long-benchmark[4120996]: INF 2026-08-27 04:58:56.418+00:00 Imported blocks                            blockNumber=8986625 slot=1 blocks=8986624 txs=588561834 mgas=33678880 bps=92.27 tps=11889 mgps=769.0 avgBps=245.5 avgTps=16075 avgMGps=919.9 elapsed=10h10m12s
Aug 27 05:00:11 nimbus-eth1-mainnet-long-benchmark[4120996]: INF 2026-08-27 05:00:11.133+00:00 Imported blocks                            blockNumber=8994817 slot=1 blocks=8994816 txs=589342551 mgas=33735713 bps=109.6 tps=10448 mgps=760.6 avgBps=245.2 avgTps=16063 avgMGps=919.5 elapsed=10h11m27s
Aug 27 05:01:37 nimbus-eth1-mainnet-long-benchmark[4120996]: INF 2026-08-27 05:01:37.244+00:00 Imported blocks                            blockNumber=9003009 slot=1 blocks=9003008 txs=590379356 mgas=33808718 bps=95.13 tps=12040 mgps=847.8 avgBps=244.8 avgTps=16054 avgMGps=919.4 elapsed=10h12m53s
Aug 27 05:02:59 nimbus-eth1-mainnet-long-benchmark[4120996]: INF 2026-08-27 05:02:59.334+00:00 Imported blocks                            blockNumber=9011201 slot=1 blocks=9011200 txs=591391578 mgas=33880174 bps=99.80 tps=12331 mgps=870.5 avgBps=244.5 avgTps=16046 avgMGps=919.3 elapsed=10h14m15s
Aug 27 05:04:19 nimbus-eth1-mainnet-long-benchmark[4120996]: INF 2026-08-27 05:04:19.789+00:00 Imported blocks                            blockNumber=9019393 slot=1 blocks=9019392 txs=592265820 mgas=33951722 bps=101.8 tps=10866 mgps=889.3 avgBps=244.2 avgTps=16034 avgMGps=919.2 elapsed=10h15m36s
Aug 27 05:05:41 nimbus-eth1-mainnet-long-benchmark[4120996]: INF 2026-08-27 05:05:41.312+00:00 Imported blocks                            blockNumber=9027585 slot=1 blocks=9027584 txs=593237068 mgas=34018514 bps=100.5 tps=11913 mgps=819.3 avgBps=243.9 avgTps=16025 avgMGps=919.0 elapsed=10h16m57s
Aug 27 05:07:00 nimbus-eth1-mainnet-long-benchmark[4120996]: INF 2026-08-27 05:07:00.770+00:00 Imported blocks                            blockNumber=9035777 slot=1 blocks=9035776 txs=594077170 mgas=34083109 bps=103.1 tps=10572 mgps=812.9 avgBps=243.6 avgTps=16014 avgMGps=918.8 elapsed=10h18m17s
Aug 27 05:08:19 nimbus-eth1-mainnet-long-benchmark[4120996]: INF 2026-08-27 05:08:19.713+00:00 Imported blocks                            blockNumber=9043969 slot=1 blocks=9043968 txs=595071340 mgas=34148044 bps=103.8 tps=12593 mgps=822.5 avgBps=243.3 avgTps=16006 avgMGps=918.5 elapsed=10h19m36s
Aug 27 05:09:39 nimbus-eth1-mainnet-long-benchmark[4120996]: INF 2026-08-27 05:09:39.736+00:00 Imported blocks                            blockNumber=9052161 slot=1 blocks=9052160 txs=595960031 mgas=34213427 bps=102.4 tps=11105 mgps=817.1 avgBps=243.0 avgTps=15996 avgMGps=918.3 elapsed=10h20m56s
Aug 27 05:10:51 nimbus-eth1-mainnet-long-benchmark[4120996]: INF 2026-08-27 05:10:51.358+00:00 Imported blocks                            blockNumber=9060353 slot=1 blocks=9060352 txs=596902275 mgas=34270816 bps=114.4 tps=13155 mgps=801.3 avgBps=242.7 avgTps=15990 avgMGps=918.1 elapsed=10h22m7s
Aug 27 05:11:51 nimbus-eth1-mainnet-long-benchmark[4120996]: INF 2026-08-27 05:11:51.245+00:00 Imported blocks                            blockNumber=9068545 slot=1 blocks=9068544 txs=597603928 mgas=34318895 bps=136.8 tps=11716 mgps=802.8 avgBps=242.6 avgTps=15983 avgMGps=917.9 elapsed=10h23m7s
Aug 27 05:13:01 nimbus-eth1-mainnet-long-benchmark[4120996]: INF 2026-08-27 05:13:01.768+00:00 Imported blocks                            blockNumber=9076737 slot=1 blocks=9076736 txs=598358726 mgas=34379920 bps=116.2 tps=10702 mgps=865.3 avgBps=242.3 avgTps=15974 avgMGps=917.8 elapsed=10h24m18s
Aug 27 05:14:18 nimbus-eth1-mainnet-long-benchmark[4120996]: INF 2026-08-27 05:14:18.711+00:00 Imported blocks                            blockNumber=9084929 slot=1 blocks=9084928 txs=599267208 mgas=34445258 bps=106.5 tps=11807 mgps=849.2 avgBps=242.0 avgTps=15965 avgMGps=917.7 elapsed=10h25m35s
Aug 27 05:15:41 nimbus-eth1-mainnet-long-benchmark[4120996]: INF 2026-08-27 05:15:41.290+00:00 Imported blocks                            blockNumber=9093121 slot=1 blocks=9093120 txs=600165917 mgas=34514085 bps=99.21 tps=10883 mgps=833.5 avgBps=241.7 avgTps=15954 avgMGps=917.5 elapsed=10h26m57s
Aug 27 05:16:59 nimbus-eth1-mainnet-long-benchmark[4120996]: INF 2026-08-27 05:16:59.092+00:00 Imported blocks                            blockNumber=9101313 slot=1 blocks=9101312 txs=601112939 mgas=34583847 bps=105.3 tps=12171 mgps=896.6 avgBps=241.4 avgTps=15946 avgMGps=917.5 elapsed=10h28m15s
Aug 27 05:18:14 nimbus-eth1-mainnet-long-benchmark[4120996]: INF 2026-08-27 05:18:14.823+00:00 Imported blocks                            blockNumber=9109505 slot=1 blocks=9109504 txs=601968624 mgas=34648762 bps=108.2 tps=11298 mgps=857.1 avgBps=241.2 avgTps=15937 avgMGps=917.3 elapsed=10h29m31s
Aug 27 05:19:35 nimbus-eth1-mainnet-long-benchmark[4120996]: INF 2026-08-27 05:19:35.578+00:00 Imported blocks                            blockNumber=9117697 slot=1 blocks=9117696 txs=602905134 mgas=34717356 bps=101.4 tps=11597 mgps=849.4 avgBps=240.9 avgTps=15927 avgMGps=917.2 elapsed=10h30m51s
Aug 27 05:21:04 nimbus-eth1-mainnet-long-benchmark[4120996]: INF 2026-08-27 05:21:04.196+00:00 Imported blocks                            blockNumber=9125889 slot=1 blocks=9125888 txs=604015791 mgas=34791549 bps=92.44 tps=12533 mgps=837.2 avgBps=240.5 avgTps=15920 avgMGps=917.0 elapsed=10h32m20s
Aug 27 05:22:30 nimbus-eth1-mainnet-long-benchmark[4120996]: INF 2026-08-27 05:22:30.903+00:00 Imported blocks                            blockNumber=9134081 slot=1 blocks=9134080 txs=604989811 mgas=34863242 bps=94.48 tps=11233 mgps=826.8 avgBps=240.2 avgTps=15909 avgMGps=916.8 elapsed=10h33m47s
Aug 27 05:23:57 nimbus-eth1-mainnet-long-benchmark[4120996]: INF 2026-08-27 05:23:56.998+00:00 Imported blocks                            blockNumber=9142273 slot=1 blocks=9142272 txs=605961717 mgas=34932520 bps=95.15 tps=11289 mgps=804.7 avgBps=239.9 avgTps=15898 avgMGps=916.5 elapsed=10h35m13s
Aug 27 05:25:21 nimbus-eth1-mainnet-long-benchmark[4120996]: INF 2026-08-27 05:25:21.260+00:00 Imported blocks                            blockNumber=9150465 slot=1 blocks=9150464 txs=606902368 mgas=34999882 bps=97.22 tps=11162 mgps=799.4 avgBps=239.6 avgTps=15888 avgMGps=916.3 elapsed=10h36m37s
Aug 27 05:26:46 nimbus-eth1-mainnet-long-benchmark[4120996]: INF 2026-08-27 05:26:46.943+00:00 Imported blocks                            blockNumber=9158657 slot=1 blocks=9158656 txs=607833687 mgas=35067652 bps=95.61 tps=10869 mgps=790.9 avgBps=239.2 avgTps=15877 avgMGps=916.0 elapsed=10h38m3s
Aug 27 05:28:16 nimbus-eth1-mainnet-long-benchmark[4120996]: INF 2026-08-27 05:28:16.005+00:00 Imported blocks                            blockNumber=9166849 slot=1 blocks=9166848 txs=608837314 mgas=35134954 bps=91.98 tps=11269 mgps=755.7 avgBps=238.9 avgTps=15866 avgMGps=915.6 elapsed=10h39m32s
Aug 27 05:29:38 nimbus-eth1-mainnet-long-benchmark[4120996]: INF 2026-08-27 05:29:38.864+00:00 Imported blocks                            blockNumber=9175041 slot=1 blocks=9175040 txs=609738538 mgas=35199891 bps=98.86 tps=10876 mgps=783.7 avgBps=238.6 avgTps=15855 avgMGps=915.3 elapsed=10h40m55s
Aug 27 05:30:52 nimbus-eth1-mainnet-long-benchmark[4120996]: INF 2026-08-27 05:30:52.139+00:00 Imported blocks                            blockNumber=9183233 slot=1 blocks=9183232 txs=610506563 mgas=35258438 bps=111.8 tps=10481 mgps=799.0 avgBps=238.3 avgTps=15845 avgMGps=915.1 elapsed=10h42m8s
Aug 27 05:32:15 nimbus-eth1-mainnet-long-benchmark[4120996]: INF 2026-08-27 05:32:15.953+00:00 Imported blocks                            blockNumber=9191425 slot=1 blocks=9191424 txs=611499271 mgas=35322556 bps=97.74 tps=11844 mgps=765.0 avgBps=238.0 avgTps=15836 avgMGps=914.8 elapsed=10h43m32s
Aug 27 05:33:35 nimbus-eth1-mainnet-long-benchmark[4120996]: INF 2026-08-27 05:33:35.108+00:00 Imported blocks                            blockNumber=9199617 slot=1 blocks=9199616 txs=612266808 mgas=35383284 bps=103.5 tps=9696 mgps=767.2 avgBps=237.8 avgTps=15824 avgMGps=914.5 elapsed=10h44m51s
Aug 27 05:34:50 nimbus-eth1-mainnet-long-benchmark[4120996]: INF 2026-08-27 05:34:50.131+00:00 Imported blocks                            blockNumber=9207809 slot=1 blocks=9207808 txs=613008632 mgas=35437186 bps=109.2 tps=9887 mgps=718.4 avgBps=237.5 avgTps=15812 avgMGps=914.1 elapsed=10h46m6s
Aug 27 05:35:55 nimbus-eth1-mainnet-long-benchmark[4120996]: INF 2026-08-27 05:35:55.514+00:00 Imported blocks                            blockNumber=9216001 slot=1 blocks=9216000 txs=613706696 mgas=35486290 bps=125.3 tps=10677 mgps=751.1 avgBps=237.3 avgTps=15804 avgMGps=913.8 elapsed=10h47m11s
Aug 27 05:37:08 nimbus-eth1-mainnet-long-benchmark[4120996]: INF 2026-08-27 05:37:08.625+00:00 Imported blocks                            blockNumber=9224193 slot=1 blocks=9224192 txs=614350688 mgas=35533998 bps=112.0 tps=8808 mgps=652.5 avgBps=237.1 avgTps=15791 avgMGps=913.4 elapsed=10h48m25s
Aug 27 05:38:21 nimbus-eth1-mainnet-long-benchmark[4120996]: INF 2026-08-27 05:38:21.120+00:00 Imported blocks                            blockNumber=9232385 slot=1 blocks=9232384 txs=615177703 mgas=35589843 bps=113.0 tps=11407 mgps=770.3 avgBps=236.9 avgTps=15782 avgMGps=913.1 elapsed=10h49m37s
Aug 27 05:39:33 nimbus-eth1-mainnet-long-benchmark[4120996]: INF 2026-08-27 05:39:33.482+00:00 Imported blocks                            blockNumber=9240577 slot=1 blocks=9240576 txs=616025547 mgas=35649176 bps=113.2 tps=11717 mgps=820.0 avgBps=236.6 avgTps=15775 avgMGps=912.9 elapsed=10h50m49s
Aug 27 05:40:37 nimbus-eth1-mainnet-long-benchmark[4120996]: INF 2026-08-27 05:40:37.973+00:00 Imported blocks                            blockNumber=9248769 slot=1 blocks=9248768 txs=616782809 mgas=35702022 bps=127.0 tps=11742 mgps=819.5 avgBps=236.5 avgTps=15768 avgMGps=912.8 elapsed=10h51m54s
Aug 27 05:41:44 nimbus-eth1-mainnet-long-benchmark[4120996]: INF 2026-08-27 05:41:44.352+00:00 Imported blocks                            blockNumber=9256961 slot=1 blocks=9256960 txs=617499347 mgas=35756547 bps=123.4 tps=10794 mgps=821.4 avgBps=236.3 avgTps=15760 avgMGps=912.6 elapsed=10h53m769ms
Aug 27 05:42:43 nimbus-eth1-mainnet-long-benchmark[4120996]: INF 2026-08-27 05:42:43.763+00:00 Imported blocks                            blockNumber=9265153 slot=1 blocks=9265152 txs=618213473 mgas=35806542 bps=137.9 tps=12019 mgps=841.5 avgBps=236.1 avgTps=15754 avgMGps=912.5 elapsed=10h54m184ms
Aug 27 05:43:49 nimbus-eth1-mainnet-long-benchmark[4120996]: INF 2026-08-27 05:43:49.498+00:00 Imported blocks                            blockNumber=9273345 slot=1 blocks=9273344 txs=618930204 mgas=35860793 bps=124.6 tps=10904 mgps=825.4 avgBps=235.9 avgTps=15746 avgMGps=912.4 elapsed=10h55m5s
Aug 27 05:45:00 nimbus-eth1-mainnet-long-benchmark[4120996]: INF 2026-08-27 05:45:00.145+00:00 Imported blocks                            blockNumber=9281537 slot=1 blocks=9281536 txs=619693388 mgas=35916898 bps=116.0 tps=10802 mgps=794.1 avgBps=235.7 avgTps=15737 avgMGps=912.1 elapsed=10h56m16s
Aug 27 05:46:17 nimbus-eth1-mainnet-long-benchmark[4120996]: INF 2026-08-27 05:46:17.332+00:00 Imported blocks                            blockNumber=9289729 slot=1 blocks=9289728 txs=620545391 mgas=35980006 bps=106.1 tps=11038 mgps=817.6 avgBps=235.5 avgTps=15728 avgMGps=912.0 elapsed=10h57m33s
Aug 27 05:47:30 nimbus-eth1-mainnet-long-benchmark[4120996]: INF 2026-08-27 05:47:30.243+00:00 Imported blocks                            blockNumber=9297921 slot=1 blocks=9297920 txs=621449444 mgas=36040665 bps=112.4 tps=12399 mgps=832.0 avgBps=235.2 avgTps=15722 avgMGps=911.8 elapsed=10h58m46s
Aug 27 05:48:40 nimbus-eth1-mainnet-long-benchmark[4120996]: INF 2026-08-27 05:48:40.761+00:00 Imported blocks                            blockNumber=9306113 slot=1 blocks=9306112 txs=622278054 mgas=36096738 bps=116.2 tps=11750 mgps=795.2 avgBps=235.0 avgTps=15715 avgMGps=911.6 elapsed=10h59m57s
Aug 27 05:49:49 nimbus-eth1-mainnet-long-benchmark[4120996]: INF 2026-08-27 05:49:49.812+00:00 Imported blocks                            blockNumber=9314305 slot=1 blocks=9314304 txs=623020495 mgas=36151752 bps=118.6 tps=10751 mgps=796.7 avgBps=234.8 avgTps=15706 avgMGps=911.4 elapsed=11h1m6s
Aug 27 05:50:54 nimbus-eth1-mainnet-long-benchmark[4120996]: INF 2026-08-27 05:50:54.659+00:00 Imported blocks                            blockNumber=9322497 slot=1 blocks=9322496 txs=623751790 mgas=36204540 bps=126.3 tps=11277 mgps=814.0 avgBps=234.6 avgTps=15699 avgMGps=911.2 elapsed=11h2m11s
Aug 27 05:51:58 nimbus-eth1-mainnet-long-benchmark[4120996]: INF 2026-08-27 05:51:58.622+00:00 Imported blocks                            blockNumber=9330689 slot=1 blocks=9330688 txs=624460159 mgas=36256933 bps=128.1 tps=11075 mgps=819.2 avgBps=234.5 avgTps=15691 avgMGps=911.1 elapsed=11h3m15s
Aug 27 05:53:00 nimbus-eth1-mainnet-long-benchmark[4120996]: INF 2026-08-27 05:53:00.133+00:00 Imported blocks                            blockNumber=9338881 slot=1 blocks=9338880 txs=625125084 mgas=36304389 bps=133.2 tps=10809 mgps=771.5 avgBps=234.3 avgTps=15684 avgMGps=910.9 elapsed=11h4m16s
Aug 27 05:54:10 nimbus-eth1-mainnet-long-benchmark[4120996]: INF 2026-08-27 05:54:10.072+00:00 Imported blocks                            blockNumber=9347073 slot=1 blocks=9347072 txs=625752146 mgas=36363435 bps=117.1 tps=8965 mgps=844.2 avgBps=234.1 avgTps=15672 avgMGps=910.8 elapsed=11h5m26s
Aug 27 05:55:12 nimbus-eth1-mainnet-long-benchmark[4120996]: INF 2026-08-27 05:55:12.047+00:00 Imported blocks                            blockNumber=9355265 slot=1 blocks=9355264 txs=626294218 mgas=36414969 bps=132.2 tps=8746 mgps=831.5 avgBps=233.9 avgTps=15661 avgMGps=910.6 elapsed=11h6m28s
Aug 27 05:56:13 nimbus-eth1-mainnet-long-benchmark[4120996]: INF 2026-08-27 05:56:13.762+00:00 Imported blocks                            blockNumber=9363457 slot=1 blocks=9363456 txs=626847986 mgas=36466792 bps=132.7 tps=8973 mgps=839.8 avgBps=233.8 avgTps=15651 avgMGps=910.5 elapsed=11h7m30s
Aug 27 05:57:24 nimbus-eth1-mainnet-long-benchmark[4120996]: INF 2026-08-27 05:57:24.417+00:00 Imported blocks                            blockNumber=9371649 slot=1 blocks=9371648 txs=627512538 mgas=36524290 bps=115.9 tps=9405 mgps=813.8 avgBps=233.6 avgTps=15640 avgMGps=910.4 elapsed=11h8m40s
Aug 27 05:58:34 nimbus-eth1-mainnet-long-benchmark[4120996]: INF 2026-08-27 05:58:34.424+00:00 Imported blocks                            blockNumber=9379841 slot=1 blocks=9379840 txs=628177890 mgas=36583163 bps=117.0 tps=9503 mgps=841.0 avgBps=233.4 avgTps=15629 avgMGps=910.2 elapsed=11h9m50s
Aug 27 05:59:47 nimbus-eth1-mainnet-long-benchmark[4120996]: INF 2026-08-27 05:59:47.799+00:00 Imported blocks                            blockNumber=9388033 slot=1 blocks=9388032 txs=628886413 mgas=36643848 bps=111.7 tps=9656 mgps=827.1 avgBps=233.2 avgTps=15618 avgMGps=910.1 elapsed=11h11m4s
Aug 27 06:01:00 nimbus-eth1-mainnet-long-benchmark[4120996]: INF 2026-08-27 06:01:00.069+00:00 Imported blocks                            blockNumber=9396225 slot=1 blocks=9396224 txs=629628907 mgas=36705201 bps=113.3 tps=10273 mgps=848.9 avgBps=232.9 avgTps=15609 avgMGps=910.0 elapsed=11h12m16s
Aug 27 06:02:06 nimbus-eth1-mainnet-long-benchmark[4120996]: INF 2026-08-27 06:02:06.224+00:00 Imported blocks                            blockNumber=9404417 slot=1 blocks=9404416 txs=630311442 mgas=36757298 bps=123.8 tps=10316 mgps=787.5 avgBps=232.8 avgTps=15600 avgMGps=909.8 elapsed=11h13m22s
Aug 27 06:03:19 nimbus-eth1-mainnet-long-benchmark[4120996]: INF 2026-08-27 06:03:19.195+00:00 Imported blocks                            blockNumber=9412609 slot=1 blocks=9412608 txs=631042162 mgas=36813766 bps=112.3 tps=10013 mgps=773.8 avgBps=232.6 avgTps=15590 avgMGps=909.5 elapsed=11h14m35s
Aug 27 06:04:51 nimbus-eth1-mainnet-long-benchmark[4120996]: INF 2026-08-27 06:04:51.018+00:00 Imported blocks                            blockNumber=9420801 slot=1 blocks=9420800 txs=631702081 mgas=36879474 bps=89.22 tps=7187 mgps=715.6 avgBps=232.2 avgTps=15571 avgMGps=909.1 elapsed=11h16m7s
Aug 27 06:06:25 nimbus-eth1-mainnet-long-benchmark[4120996]: INF 2026-08-27 06:06:25.856+00:00 Imported blocks                            blockNumber=9428993 slot=1 blocks=9428992 txs=632508027 mgas=36947980 bps=86.38 tps=8497 mgps=722.3 avgBps=231.9 avgTps=15555 avgMGps=908.7 elapsed=11h17m42s
Aug 27 06:08:02 nimbus-eth1-mainnet-long-benchmark[4120996]: INF 2026-08-27 06:08:02.219+00:00 Imported blocks                            blockNumber=9437185 slot=1 blocks=9437184 txs=633307288 mgas=37018711 bps=85.02 tps=8294 mgps=734.0 avgBps=231.5 avgTps=15537 avgMGps=908.2 elapsed=11h19m18s
Aug 27 06:09:28 nimbus-eth1-mainnet-long-benchmark[4120996]: INF 2026-08-27 06:09:28.365+00:00 Imported blocks                            blockNumber=9445377 slot=1 blocks=9445376 txs=634090103 mgas=37083438 bps=95.09 tps=9086 mgps=751.4 avgBps=231.3 avgTps=15524 avgMGps=907.9 elapsed=11h20m44s
Aug 27 06:10:44 nimbus-eth1-mainnet-long-benchmark[4120996]: INF 2026-08-27 06:10:44.164+00:00 Imported blocks                            blockNumber=9453569 slot=1 blocks=9453568 txs=634896198 mgas=37141437 bps=108.1 tps=10634 mgps=765.1 avgBps=231.0 avgTps=15515 avgMGps=907.6 elapsed=11h22m583ms
Aug 27 06:11:58 nimbus-eth1-mainnet-long-benchmark[4120996]: INF 2026-08-27 06:11:58.683+00:00 Imported blocks                            blockNumber=9461761 slot=1 blocks=9461760 txs=635769351 mgas=37202111 bps=109.9 tps=11717 mgps=814.2 avgBps=230.8 avgTps=15508 avgMGps=907.5 elapsed=11h23m15s
Aug 27 06:13:28 nimbus-eth1-mainnet-long-benchmark[4120996]: INF 2026-08-27 06:13:28.565+00:00 Imported blocks                            blockNumber=9469953 slot=1 blocks=9469952 txs=636747951 mgas=37270565 bps=91.14 tps=10887 mgps=761.6 avgBps=230.5 avgTps=15498 avgMGps=907.2 elapsed=11h24m44s
Aug 27 06:14:57 nimbus-eth1-mainnet-long-benchmark[4120996]: INF 2026-08-27 06:14:57.452+00:00 Imported blocks                            blockNumber=9478145 slot=1 blocks=9478144 txs=637679989 mgas=37339158 bps=92.16 tps=10485 mgps=771.7 avgBps=230.2 avgTps=15487 avgMGps=906.9 elapsed=11h26m13s
Aug 27 06:16:20 nimbus-eth1-mainnet-long-benchmark[4120996]: INF 2026-08-27 06:16:20.279+00:00 Imported blocks                            blockNumber=9486337 slot=1 blocks=9486336 txs=638649876 mgas=37404571 bps=98.91 tps=11710 mgps=789.8 avgBps=229.9 avgTps=15479 avgMGps=906.6 elapsed=11h27m36s
Aug 27 06:17:39 nimbus-eth1-mainnet-long-benchmark[4120996]: INF 2026-08-27 06:17:39.669+00:00 Imported blocks                            blockNumber=9494529 slot=1 blocks=9494528 txs=639521538 mgas=37465643 bps=103.2 tps=10979 mgps=769.3 avgBps=229.7 avgTps=15471 avgMGps=906.4 elapsed=11h28m56s
Aug 27 06:19:10 nimbus-eth1-mainnet-long-benchmark[4120996]: INF 2026-08-27 06:19:10.992+00:00 Imported blocks                            blockNumber=9502721 slot=1 blocks=9502720 txs=640401953 mgas=37532654 bps=89.70 tps=9640 mgps=733.8 avgBps=229.4 avgTps=15458 avgMGps=906.0 elapsed=11h30m27s
Aug 27 06:20:31 nimbus-eth1-mainnet-long-benchmark[4120996]: INF 2026-08-27 06:20:31.966+00:00 Imported blocks                            blockNumber=9510913 slot=1 blocks=9510912 txs=641279030 mgas=37595291 bps=101.2 tps=10832 mgps=773.6 avgBps=229.1 avgTps=15449 avgMGps=905.7 elapsed=11h31m48s
Aug 27 06:21:55 nimbus-eth1-mainnet-long-benchmark[4120996]: INF 2026-08-27 06:21:55.285+00:00 Imported blocks                            blockNumber=9519105 slot=1 blocks=9519104 txs=642171521 mgas=37661633 bps=98.32 tps=10711 mgps=796.2 avgBps=228.9 avgTps=15439 avgMGps=905.5 elapsed=11h33m11s
Aug 27 06:23:18 nimbus-eth1-mainnet-long-benchmark[4120996]: INF 2026-08-27 06:23:18.208+00:00 Imported blocks                            blockNumber=9527297 slot=1 blocks=9527296 txs=643058046 mgas=37725376 bps=98.79 tps=10690 mgps=768.7 avgBps=228.6 avgTps=15430 avgMGps=905.2 elapsed=11h34m34s
Aug 27 06:24:32 nimbus-eth1-mainnet-long-benchmark[4120996]: INF 2026-08-27 06:24:32.911+00:00 Imported blocks                            blockNumber=9535489 slot=1 blocks=9535488 txs=643821080 mgas=37782293 bps=109.7 tps=10214 mgps=761.9 avgBps=228.4 avgTps=15421 avgMGps=905.0 elapsed=11h35m49s
Aug 27 06:25:44 nimbus-eth1-mainnet-long-benchmark[4120996]: INF 2026-08-27 06:25:44.393+00:00 Imported blocks                            blockNumber=9543681 slot=1 blocks=9543680 txs=644576819 mgas=37834042 bps=114.6 tps=10572 mgps=723.9 avgBps=228.2 avgTps=15412 avgMGps=904.7 elapsed=11h37m809ms
Aug 27 06:27:08 nimbus-eth1-mainnet-long-benchmark[4120996]: INF 2026-08-27 06:27:08.852+00:00 Imported blocks                            blockNumber=9551873 slot=1 blocks=9551872 txs=645449994 mgas=37897756 bps=96.99 tps=10338 mgps=754.4 avgBps=227.9 avgTps=15402 avgMGps=904.4 elapsed=11h38m25s
Aug 27 06:28:40 nimbus-eth1-mainnet-long-benchmark[4120996]: INF 2026-08-27 06:28:40.811+00:00 Imported blocks                            blockNumber=9560065 slot=1 blocks=9560064 txs=646344665 mgas=37964724 bps=89.08 tps=9729 mgps=728.2 avgBps=227.6 avgTps=15390 avgMGps=904.0 elapsed=11h39m57s
Aug 27 06:30:14 nimbus-eth1-mainnet-long-benchmark[4120996]: INF 2026-08-27 06:30:14.725+00:00 Imported blocks                            blockNumber=9568257 slot=1 blocks=9568256 txs=647216640 mgas=38031921 bps=87.23 tps=9284 mgps=715.5 avgBps=227.3 avgTps=15376 avgMGps=903.6 elapsed=11h41m31s
Aug 27 06:31:44 nimbus-eth1-mainnet-long-benchmark[4120996]: INF 2026-08-27 06:31:44.300+00:00 Imported blocks                            blockNumber=9576449 slot=1 blocks=9576448 txs=648049642 mgas=38095259 bps=91.45 tps=9299 mgps=707.1 avgBps=227.0 avgTps=15363 avgMGps=903.1 elapsed=11h43m717ms
Aug 27 06:33:05 nimbus-eth1-mainnet-long-benchmark[4120996]: INF 2026-08-27 06:33:05.122+00:00 Imported blocks                            blockNumber=9584641 slot=1 blocks=9584640 txs=648854625 mgas=38152421 bps=101.4 tps=9960 mgps=707.3 avgBps=226.8 avgTps=15353 avgMGps=902.8 elapsed=11h44m21s
Aug 27 06:34:32 nimbus-eth1-mainnet-long-benchmark[4120996]: INF 2026-08-27 06:34:32.021+00:00 Imported blocks                            blockNumber=9592833 slot=1 blocks=9592832 txs=649707267 mgas=38211237 bps=94.27 tps=9811 mgps=676.8 avgBps=226.5 avgTps=15341 avgMGps=902.3 elapsed=11h45m48s
Aug 27 06:36:06 nimbus-eth1-mainnet-long-benchmark[4120996]: INF 2026-08-27 06:36:06.203+00:00 Imported blocks                            blockNumber=9601025 slot=1 blocks=9601024 txs=650511686 mgas=38272596 bps=86.98 tps=8540 mgps=651.5 avgBps=226.2 avgTps=15326 avgMGps=901.7 elapsed=11h47m22s
Aug 27 06:37:35 nimbus-eth1-mainnet-long-benchmark[4120996]: INF 2026-08-27 06:37:35.250+00:00 Imported blocks                            blockNumber=9609217 slot=1 blocks=9609216 txs=651360998 mgas=38330829 bps=92.00 tps=9538 mgps=654.0 avgBps=225.9 avgTps=15314 avgMGps=901.2 elapsed=11h48m51s
Aug 27 06:39:09 nimbus-eth1-mainnet-long-benchmark[4120996]: INF 2026-08-27 06:39:09.908+00:00 Imported blocks                            blockNumber=9617409 slot=1 blocks=9617408 txs=652288927 mgas=38394365 bps=86.54 tps=9802 mgps=671.2 avgBps=225.6 avgTps=15302 avgMGps=900.7 elapsed=11h50m26s
Aug 27 06:40:39 nimbus-eth1-mainnet-long-benchmark[4120996]: INF 2026-08-27 06:40:39.883+00:00 Imported blocks                            blockNumber=9625601 slot=1 blocks=9625600 txs=653102832 mgas=38453861 bps=91.05 tps=9045 mgps=661.3 avgBps=225.3 avgTps=15289 avgMGps=900.2 elapsed=11h51m56s
Aug 27 06:42:14 nimbus-eth1-mainnet-long-benchmark[4120996]: INF 2026-08-27 06:42:14.353+00:00 Imported blocks                            blockNumber=9633793 slot=1 blocks=9633792 txs=653876973 mgas=38513715 bps=86.71 tps=8194 mgps=633.6 avgBps=225.0 avgTps=15273 avgMGps=899.6 elapsed=11h53m30s
Aug 27 06:43:56 nimbus-eth1-mainnet-long-benchmark[4120996]: INF 2026-08-27 06:43:56.728+00:00 Imported blocks                            blockNumber=9641985 slot=1 blocks=9641984 txs=654885492 mgas=38585512 bps=80.02 tps=9851 mgps=701.3 avgBps=224.7 avgTps=15260 avgMGps=899.2 elapsed=11h55m13s
Aug 27 06:45:25 nimbus-eth1-mainnet-long-benchmark[4120996]: INF 2026-08-27 06:45:25.942+00:00 Imported blocks                            blockNumber=9650177 slot=1 blocks=9650176 txs=655831729 mgas=38652219 bps=91.83 tps=10606 mgps=747.7 avgBps=224.4 avgTps=15251 avgMGps=898.8 elapsed=11h56m42s
Aug 27 06:47:10 nimbus-eth1-mainnet-long-benchmark[4120996]: INF 2026-08-27 06:47:10.301+00:00 Imported blocks                            blockNumber=9658369 slot=1 blocks=9658368 txs=656739803 mgas=38725760 bps=78.50 tps=8701 mgps=704.7 avgBps=224.1 avgTps=15235 avgMGps=898.4 elapsed=11h58m26s
Aug 27 06:48:51 nimbus-eth1-mainnet-long-benchmark[4120996]: INF 2026-08-27 06:48:51.615+00:00 Imported blocks                            blockNumber=9666561 slot=1 blocks=9666560 txs=657788269 mgas=38802013 bps=80.86 tps=10348 mgps=752.6 avgBps=223.7 avgTps=15223 avgMGps=898.0 elapsed=12h8s34ms
Aug 27 06:50:23 nimbus-eth1-mainnet-long-benchmark[4120996]: INF 2026-08-27 06:50:23.145+00:00 Imported blocks                            blockNumber=9674753 slot=1 blocks=9674752 txs=658654681 mgas=38870587 bps=89.50 tps=9466 mgps=749.2 avgBps=223.4 avgTps=15211 avgMGps=897.7 elapsed=12h1m39s
Aug 27 06:52:01 nimbus-eth1-mainnet-long-benchmark[4120996]: INF 2026-08-27 06:52:01.028+00:00 Imported blocks                            blockNumber=9682945 slot=1 blocks=9682944 txs=659587653 mgas=38941340 bps=83.69 tps=9531 mgps=722.8 avgBps=223.1 avgTps=15198 avgMGps=897.3 elapsed=12h3m17s
Aug 27 06:53:40 nimbus-eth1-mainnet-long-benchmark[4120996]: INF 2026-08-27 06:53:40.346+00:00 Imported blocks                            blockNumber=9691137 slot=1 blocks=9691136 txs=660566700 mgas=39013132 bps=82.49 tps=9858 mgps=722.9 avgBps=222.8 avgTps=15186 avgMGps=896.9 elapsed=12h4m56s
Aug 27 06:55:17 nimbus-eth1-mainnet-long-benchmark[4120996]: INF 2026-08-27 06:55:17.133+00:00 Imported blocks                            blockNumber=9699329 slot=1 blocks=9699328 txs=661485588 mgas=39080949 bps=84.64 tps=9493 mgps=700.7 avgBps=222.5 avgTps=15173 avgMGps=896.5 elapsed=12h6m33s
Aug 27 06:57:02 nimbus-eth1-mainnet-long-benchmark[4120996]: INF 2026-08-27 06:57:02.431+00:00 Imported blocks                            blockNumber=9707521 slot=1 blocks=9707520 txs=662590313 mgas=39152127 bps=77.80 tps=10491 mgps=676.0 avgBps=222.1 avgTps=15162 avgMGps=896.0 elapsed=12h8m18s
Aug 27 06:58:51 nimbus-eth1-mainnet-long-benchmark[4120996]: INF 2026-08-27 06:58:51.709+00:00 Imported blocks                            blockNumber=9715713 slot=1 blocks=9715712 txs=663694584 mgas=39223843 bps=74.97 tps=10105 mgps=656.3 avgBps=221.8 avgTps=15150 avgMGps=895.4 elapsed=12h10m8s
Aug 27 07:00:25 nimbus-eth1-mainnet-long-benchmark[4120996]: INF 2026-08-27 07:00:25.224+00:00 Imported blocks                            blockNumber=9723905 slot=1 blocks=9723904 txs=664657636 mgas=39290843 bps=87.60 tps=10298 mgps=716.4 avgBps=221.5 avgTps=15139 avgMGps=895.0 elapsed=12h11m41s
Aug 27 07:01:59 nimbus-eth1-mainnet-long-benchmark[4120996]: INF 2026-08-27 07:01:59.474+00:00 Imported blocks                            blockNumber=9732097 slot=1 blocks=9732096 txs=665663100 mgas=39356638 bps=86.92 tps=10668 mgps=698.1 avgBps=221.2 avgTps=15130 avgMGps=894.6 elapsed=12h13m15s
Aug 27 07:03:36 nimbus-eth1-mainnet-long-benchmark[4120996]: INF 2026-08-27 07:03:36.853+00:00 Imported blocks                            blockNumber=9740289 slot=1 blocks=9740288 txs=666722937 mgas=39424632 bps=84.12 tps=10883 mgps=698.2 avgBps=220.9 avgTps=15120 avgMGps=894.1 elapsed=12h14m53s
Aug 27 07:05:12 nimbus-eth1-mainnet-long-benchmark[4120996]: INF 2026-08-27 07:05:12.379+00:00 Imported blocks                            blockNumber=9748481 slot=1 blocks=9748480 txs=667702099 mgas=39492261 bps=85.75 tps=10249 mgps=707.9 avgBps=220.6 avgTps=15110 avgMGps=893.7 elapsed=12h16m28s
Aug 27 07:06:40 nimbus-eth1-mainnet-long-benchmark[4120996]: INF 2026-08-27 07:06:40.654+00:00 Imported blocks                            blockNumber=9756673 slot=1 blocks=9756672 txs=668587180 mgas=39554554 bps=92.81 tps=10027 mgps=705.7 avgBps=220.4 avgTps=15100 avgMGps=893.3 elapsed=12h17m57s
Aug 27 07:08:06 nimbus-eth1-mainnet-long-benchmark[4120996]: INF 2026-08-27 07:08:06.712+00:00 Imported blocks                            blockNumber=9764865 slot=1 blocks=9764864 txs=669420982 mgas=39617012 bps=95.19 tps=9688 mgps=725.7 avgBps=220.1 avgTps=15089 avgMGps=893.0 elapsed=12h19m23s
Aug 27 07:09:28 nimbus-eth1-mainnet-long-benchmark[4120996]: INF 2026-08-27 07:09:28.859+00:00 Imported blocks                            blockNumber=9773057 slot=1 blocks=9773056 txs=670258528 mgas=39678046 bps=99.72 tps=10195 mgps=743.0 avgBps=219.9 avgTps=15080 avgMGps=892.7 elapsed=12h20m45s
Aug 27 07:10:59 nimbus-eth1-mainnet-long-benchmark[4120996]: INF 2026-08-27 07:10:59.961+00:00 Imported blocks                            blockNumber=9781249 slot=1 blocks=9781248 txs=671204579 mgas=39745904 bps=89.93 tps=10385 mgps=744.9 avgBps=219.6 avgTps=15070 avgMGps=892.4 elapsed=12h22m16s
Aug 27 07:12:27 nimbus-eth1-mainnet-long-benchmark[4120996]: INF 2026-08-27 07:12:27.056+00:00 Imported blocks                            blockNumber=9789441 slot=1 blocks=9789440 txs=672023787 mgas=39811770 bps=94.05 tps=9405 mgps=756.2 avgBps=219.4 avgTps=15059 avgMGps=892.2 elapsed=12h23m43s
Aug 27 07:14:02 nimbus-eth1-mainnet-long-benchmark[4120996]: INF 2026-08-27 07:14:02.103+00:00 Imported blocks                            blockNumber=9797633 slot=1 blocks=9797632 txs=672947891 mgas=39880011 bps=86.19 tps=9723 mgps=718.0 avgBps=219.1 avgTps=15048 avgMGps=891.8 elapsed=12h25m18s
Aug 27 07:15:33 nimbus-eth1-mainnet-long-benchmark[4120996]: INF 2026-08-27 07:15:33.885+00:00 Imported blocks                            blockNumber=9805825 slot=1 blocks=9805824 txs=673829137 mgas=39948258 bps=89.25 tps=9601 mgps=743.6 avgBps=218.8 avgTps=15037 avgMGps=891.5 elapsed=12h26m50s
Aug 27 07:16:59 nimbus-eth1-mainnet-long-benchmark[4120996]: INF 2026-08-27 07:16:59.920+00:00 Imported blocks                            blockNumber=9814017 slot=1 blocks=9814016 txs=674608124 mgas=40014329 bps=95.21 tps=9053 mgps=767.9 avgBps=218.6 avgTps=15025 avgMGps=891.3 elapsed=12h28m16s
Aug 27 07:18:37 nimbus-eth1-mainnet-long-benchmark[4120996]: INF 2026-08-27 07:18:37.578+00:00 Imported blocks                            blockNumber=9822209 slot=1 blocks=9822208 txs=675519298 mgas=40084124 bps=83.89 tps=9330 mgps=714.7 avgBps=218.3 avgTps=15013 avgMGps=890.9 elapsed=12h29m53s
Aug 27 07:20:18 nimbus-eth1-mainnet-long-benchmark[4120996]: INF 2026-08-27 07:20:18.832+00:00 Imported blocks                            blockNumber=9830401 slot=1 blocks=9830400 txs=676526004 mgas=40156103 bps=80.91 tps=9942 mgps=710.9 avgBps=218.0 avgTps=15002 avgMGps=890.5 elapsed=12h31m35s
Aug 27 07:22:01 nimbus-eth1-mainnet-long-benchmark[4120996]: INF 2026-08-27 07:22:01.723+00:00 Imported blocks                            blockNumber=9838593 slot=1 blocks=9838592 txs=677564637 mgas=40227612 bps=79.62 tps=10094 mgps=695.0 avgBps=217.7 avgTps=14990 avgMGps=890.0 elapsed=12h33m18s
Aug 27 07:23:35 nimbus-eth1-mainnet-long-benchmark[4120996]: INF 2026-08-27 07:23:35.545+00:00 Imported blocks                            blockNumber=9846785 slot=1 blocks=9846784 txs=678461502 mgas=40297405 bps=87.31 tps=9559 mgps=743.9 avgBps=217.4 avgTps=14979 avgMGps=889.7 elapsed=12h34m51s
Aug 27 07:25:04 nimbus-eth1-mainnet-long-benchmark[4120996]: INF 2026-08-27 07:25:04.360+00:00 Imported blocks                            blockNumber=9854977 slot=1 blocks=9854976 txs=679309213 mgas=40364439 bps=92.24 tps=9544 mgps=754.8 avgBps=217.2 avgTps=14969 avgMGps=889.5 elapsed=12h36m20s
Aug 27 07:26:38 nimbus-eth1-mainnet-long-benchmark[4120996]: INF 2026-08-27 07:26:38.134+00:00 Imported blocks                            blockNumber=9863169 slot=1 blocks=9863168 txs=680220854 mgas=40433107 bps=87.36 tps=9721 mgps=732.3 avgBps=216.9 avgTps=14958 avgMGps=889.1 elapsed=12h37m54s
Aug 27 07:28:13 nimbus-eth1-mainnet-long-benchmark[4120996]: INF 2026-08-27 07:28:13.909+00:00 Imported blocks                            blockNumber=9871361 slot=1 blocks=9871360 txs=681217536 mgas=40503215 bps=85.53 tps=10406 mgps=732.0 avgBps=216.6 avgTps=14948 avgMGps=888.8 elapsed=12h39m30s
Aug 27 07:29:50 nimbus-eth1-mainnet-long-benchmark[4120996]: INF 2026-08-27 07:29:50.039+00:00 Imported blocks                            blockNumber=9879553 slot=1 blocks=9879552 txs=682191102 mgas=40572841 bps=85.22 tps=10127 mgps=724.3 avgBps=216.3 avgTps=14938 avgMGps=888.5 elapsed=12h41m6s
Aug 27 07:31:28 nimbus-eth1-mainnet-long-benchmark[4120996]: INF 2026-08-27 07:31:28.634+00:00 Imported blocks                            blockNumber=9887745 slot=1 blocks=9887744 txs=683184281 mgas=40644027 bps=83.09 tps=10073 mgps=722.0 avgBps=216.1 avgTps=14928 avgMGps=888.1 elapsed=12h42m45s
Aug 27 07:33:07 nimbus-eth1-mainnet-long-benchmark[4120996]: INF 2026-08-27 07:33:07.532+00:00 Imported blocks                            blockNumber=9895937 slot=1 blocks=9895936 txs=684187479 mgas=40714745 bps=82.83 tps=10143 mgps=715.0 avgBps=215.8 avgTps=14917 avgMGps=887.7 elapsed=12h44m23s
Aug 27 07:34:49 nimbus-eth1-mainnet-long-benchmark[4120996]: INF 2026-08-27 07:34:49.634+00:00 Imported blocks                            blockNumber=9904129 slot=1 blocks=9904128 txs=685190013 mgas=40786553 bps=80.23 tps=9819 mgps=703.3 avgBps=215.5 avgTps=14906 avgMGps=887.3 elapsed=12h46m6s
Aug 27 07:36:28 nimbus-eth1-mainnet-long-benchmark[4120996]: INF 2026-08-27 07:36:28.161+00:00 Imported blocks                            blockNumber=9912321 slot=1 blocks=9912320 txs=686163250 mgas=40858166 bps=83.14 tps=9877 mgps=726.8 avgBps=215.2 avgTps=14895 avgMGps=887.0 elapsed=12h47m44s
Aug 27 07:38:06 nimbus-eth1-mainnet-long-benchmark[4120996]: INF 2026-08-27 07:38:06.083+00:00 Imported blocks                            blockNumber=9920513 slot=1 blocks=9920512 txs=687196735 mgas=40931012 bps=83.66 tps=10554 mgps=743.9 avgBps=214.9 avgTps=14886 avgMGps=886.7 elapsed=12h49m22s
Aug 27 07:39:46 nimbus-eth1-mainnet-long-benchmark[4120996]: INF 2026-08-27 07:39:46.970+00:00 Imported blocks                            blockNumber=9928705 slot=1 blocks=9928704 txs=688227858 mgas=41004647 bps=81.20 tps=10220 mgps=729.9 avgBps=214.6 avgTps=14876 avgMGps=886.3 elapsed=12h51m3s
Aug 27 07:41:29 nimbus-eth1-mainnet-long-benchmark[4120996]: INF 2026-08-27 07:41:29.552+00:00 Imported blocks                            blockNumber=9936897 slot=1 blocks=9936896 txs=689308519 mgas=41078745 bps=79.86 tps=10534 mgps=722.3 avgBps=214.3 avgTps=14866 avgMGps=886.0 elapsed=12h52m45s
Aug 27 07:43:07 nimbus-eth1-mainnet-long-benchmark[4120996]: INF 2026-08-27 07:43:07.102+00:00 Imported blocks                            blockNumber=9945089 slot=1 blocks=9945088 txs=690287285 mgas=41149637 bps=83.98 tps=10033 mgps=726.7 avgBps=214.0 avgTps=14856 avgMGps=885.6 elapsed=12h54m23s
Aug 27 07:44:47 nimbus-eth1-mainnet-long-benchmark[4120996]: INF 2026-08-27 07:44:47.861+00:00 Imported blocks                            blockNumber=9953281 slot=1 blocks=9953280 txs=691329935 mgas=41222054 bps=81.30 tps=10347 mgps=718.7 avgBps=213.8 avgTps=14846 avgMGps=885.3 elapsed=12h56m4s
Aug 27 07:46:30 nimbus-eth1-mainnet-long-benchmark[4120996]: INF 2026-08-27 07:46:30.923+00:00 Imported blocks                            blockNumber=9961473 slot=1 blocks=9961472 txs=692442347 mgas=41296064 bps=79.49 tps=10793 mgps=718.1 avgBps=213.5 avgTps=14837 avgMGps=884.9 elapsed=12h57m47s
Aug 27 07:48:15 nimbus-eth1-mainnet-long-benchmark[4120996]: INF 2026-08-27 07:48:15.521+00:00 Imported blocks                            blockNumber=9969665 slot=1 blocks=9969664 txs=693524099 mgas=41369534 bps=78.32 tps=10342 mgps=702.4 avgBps=213.2 avgTps=14827 avgMGps=884.5 elapsed=12h59m31s
Aug 27 07:50:01 nimbus-eth1-mainnet-long-benchmark[4120996]: INF 2026-08-27 07:50:01.808+00:00 Imported blocks                            blockNumber=9977857 slot=1 blocks=9977856 txs=694639621 mgas=41445314 bps=77.07 tps=10495 mgps=713.0 avgBps=212.8 avgTps=14817 avgMGps=884.1 elapsed=13h1m18s
Aug 27 07:51:46 nimbus-eth1-mainnet-long-benchmark[4120996]: INF 2026-08-27 07:51:46.830+00:00 Imported blocks                            blockNumber=9986049 slot=1 blocks=9986048 txs=695682320 mgas=41518650 bps=78.00 tps=9928 mgps=698.3 avgBps=212.5 avgTps=14807 avgMGps=883.7 elapsed=13h3m3s
Aug 27 07:53:30 nimbus-eth1-mainnet-long-benchmark[4120996]: INF 2026-08-27 07:53:30.960+00:00 Imported blocks                            blockNumber=9994241 slot=1 blocks=9994240 txs=696694345 mgas=41590954 bps=78.67 tps=9718 mgps=694.3 avgBps=212.2 avgTps=14795 avgMGps=883.3 elapsed=13h4m47s
Aug 27 07:55:12 nimbus-eth1-mainnet-long-benchmark[4120996]: INF 2026-08-27 07:55:12.639+00:00 Imported blocks                            blockNumber=10002433 slot=1 blocks=10002432 txs=697642152 mgas=41664131 bps=80.57 tps=9321 mgps=719.7 avgBps=212.0 avgTps=14783 avgMGps=882.9 elapsed=13h6m29s
Aug 27 07:56:53 nimbus-eth1-mainnet-long-benchmark[4120996]: INF 2026-08-27 07:56:53.669+00:00 Imported blocks                            blockNumber=10010625 slot=1 blocks=10010624 txs=698636012 mgas=41738379 bps=81.08 tps=9837 mgps=734.9 avgBps=211.7 avgTps=14773 avgMGps=882.6 elapsed=13h8m10s
Aug 27 07:58:39 nimbus-eth1-mainnet-long-benchmark[4120996]: INF 2026-08-27 07:58:39.947+00:00 Imported blocks                            blockNumber=10018817 slot=1 blocks=10018816 txs=699719319 mgas=41814701 bps=77.08 tps=10192 mgps=718.1 avgBps=211.4 avgTps=14763 avgMGps=882.2 elapsed=13h9m56s
Aug 27 08:00:28 nimbus-eth1-mainnet-long-benchmark[4120996]: INF 2026-08-27 08:00:28.181+00:00 Imported blocks                            blockNumber=10027009 slot=1 blocks=10027008 txs=700863959 mgas=41891479 bps=75.69 tps=10575 mgps=709.4 avgBps=211.1 avgTps=14753 avgMGps=881.8 elapsed=13h11m44s
Aug 27 08:02:17 nimbus-eth1-mainnet-long-benchmark[4120996]: INF 2026-08-27 08:02:17.520+00:00 Imported blocks                            blockNumber=10035201 slot=1 blocks=10035200 txs=701970226 mgas=41967989 bps=74.92 tps=10117 mgps=699.8 avgBps=210.8 avgTps=14742 avgMGps=881.4 elapsed=13h13m33s
Aug 27 08:04:03 nimbus-eth1-mainnet-long-benchmark[4120996]: INF 2026-08-27 08:04:03.450+00:00 Imported blocks                            blockNumber=10043393 slot=1 blocks=10043392 txs=703106694 mgas=42044518 bps=77.33 tps=10728 mgps=722.4 avgBps=210.5 avgTps=14734 avgMGps=881.1 elapsed=13h15m19s
Aug 27 08:05:52 nimbus-eth1-mainnet-long-benchmark[4120996]: INF 2026-08-27 08:05:52.688+00:00 Imported blocks                            blockNumber=10051585 slot=1 blocks=10051584 txs=704249886 mgas=42121141 bps=74.99 tps=10464 mgps=701.4 avgBps=210.2 avgTps=14724 avgMGps=880.7 elapsed=13h17m9s
Aug 27 08:07:36 nimbus-eth1-mainnet-long-benchmark[4120996]: INF 2026-08-27 08:07:36.971+00:00 Imported blocks                            blockNumber=10059777 slot=1 blocks=10059776 txs=705321444 mgas=42197832 bps=78.56 tps=10275 mgps=735.4 avgBps=209.9 avgTps=14714 avgMGps=880.3 elapsed=13h18m53s
Aug 27 08:09:19 nimbus-eth1-mainnet-long-benchmark[4120996]: INF 2026-08-27 08:09:19.481+00:00 Imported blocks                            blockNumber=10067969 slot=1 blocks=10067968 txs=706357318 mgas=42272849 bps=79.91 tps=10104 mgps=731.8 avgBps=209.6 avgTps=14704 avgMGps=880.0 elapsed=13h20m35s
Aug 27 08:11:01 nimbus-eth1-mainnet-long-benchmark[4120996]: INF 2026-08-27 08:11:01.679+00:00 Imported blocks                            blockNumber=10076161 slot=1 blocks=10076160 txs=707547374 mgas=42348114 bps=80.16 tps=11644 mgps=736.5 avgBps=209.3 avgTps=14698 avgMGps=879.7 elapsed=13h22m18s
Aug 27 08:12:47 nimbus-eth1-mainnet-long-benchmark[4120996]: INF 2026-08-27 08:12:47.486+00:00 Imported blocks                            blockNumber=10084353 slot=1 blocks=10084352 txs=708599469 mgas=42424836 bps=77.43 tps=9943 mgps=725.1 avgBps=209.0 avgTps=14687 avgMGps=879.4 elapsed=13h24m3s
Aug 27 08:14:35 nimbus-eth1-mainnet-long-benchmark[4120996]: INF 2026-08-27 08:14:35.468+00:00 Imported blocks                            blockNumber=10092545 slot=1 blocks=10092544 txs=709658827 mgas=42501676 bps=75.86 tps=9810 mgps=711.6 avgBps=208.7 avgTps=14676 avgMGps=879.0 elapsed=13h25m51s
Aug 27 08:16:20 nimbus-eth1-mainnet-long-benchmark[4120996]: INF 2026-08-27 08:16:20.046+00:00 Imported blocks                            blockNumber=10100737 slot=1 blocks=10100736 txs=710737417 mgas=42578737 bps=78.34 tps=10314 mgps=736.9 avgBps=208.4 avgTps=14667 avgMGps=878.7 elapsed=13h27m36s
Aug 27 08:17:55 nimbus-eth1-mainnet-long-benchmark[4120996]: INF 2026-08-27 08:17:55.889+00:00 Imported blocks                            blockNumber=10108929 slot=1 blocks=10108928 txs=711841679 mgas=42655655 bps=85.47 tps=11521 mgps=802.5 avgBps=208.2 avgTps=14661 avgMGps=878.6 elapsed=13h29m12s
Aug 27 08:19:38 nimbus-eth1-mainnet-long-benchmark[4120996]: INF 2026-08-27 08:19:38.491+00:00 Imported blocks                            blockNumber=10117121 slot=1 blocks=10117120 txs=713013055 mgas=42732775 bps=79.84 tps=11416 mgps=751.6 avgBps=207.9 avgTps=14654 avgMGps=878.3 elapsed=13h30m54s
Aug 27 08:21:26 nimbus-eth1-mainnet-long-benchmark[4120996]: INF 2026-08-27 08:21:26.581+00:00 Imported blocks                            blockNumber=10125313 slot=1 blocks=10125312 txs=714078443 mgas=42810380 bps=75.79 tps=9856 mgps=718.0 avgBps=207.6 avgTps=14643 avgMGps=877.9 elapsed=13h32m42s
Aug 27 08:23:08 nimbus-eth1-mainnet-long-benchmark[4120996]: INF 2026-08-27 08:23:08.684+00:00 Imported blocks                            blockNumber=10133505 slot=1 blocks=10133504 txs=715159029 mgas=42888001 bps=80.23 tps=10583 mgps=760.2 avgBps=207.4 avgTps=14635 avgMGps=877.7 elapsed=13h34m25s
Aug 27 08:24:52 nimbus-eth1-mainnet-long-benchmark[4120996]: INF 2026-08-27 08:24:52.966+00:00 Imported blocks                            blockNumber=10141697 slot=1 blocks=10141696 txs=716344974 mgas=42965376 bps=78.56 tps=11372 mgps=742.0 avgBps=207.1 avgTps=14628 avgMGps=877.4 elapsed=13h36m9s
Aug 27 08:26:34 nimbus-eth1-mainnet-long-benchmark[4120996]: INF 2026-08-27 08:26:34.312+00:00 Imported blocks                            blockNumber=10149889 slot=1 blocks=10149888 txs=717463031 mgas=43042456 bps=80.83 tps=11031 mgps=760.6 avgBps=206.8 avgTps=14620 avgMGps=877.2 elapsed=13h37m50s
Aug 27 08:28:20 nimbus-eth1-mainnet-long-benchmark[4120996]: INF 2026-08-27 08:28:20.846+00:00 Imported blocks                            blockNumber=10158081 slot=1 blocks=10158080 txs=718603582 mgas=43119991 bps=76.90 tps=10706 mgps=727.8 avgBps=206.6 avgTps=14612 avgMGps=876.8 elapsed=13h39m37s
Aug 27 08:30:06 nimbus-eth1-mainnet-long-benchmark[4120996]: INF 2026-08-27 08:30:06.325+00:00 Imported blocks                            blockNumber=10166273 slot=1 blocks=10166272 txs=719805471 mgas=43197306 bps=77.66 tps=11394 mgps=733.0 avgBps=206.3 avgTps=14605 avgMGps=876.5 elapsed=13h41m22s
Aug 27 08:31:52 nimbus-eth1-mainnet-long-benchmark[4120996]: INF 2026-08-27 08:31:52.943+00:00 Imported blocks                            blockNumber=10174465 slot=1 blocks=10174464 txs=720919961 mgas=43274435 bps=76.83 tps=10452 mgps=723.4 avgBps=206.0 avgTps=14596 avgMGps=876.2 elapsed=13h43m9s
Aug 27 08:33:38 nimbus-eth1-mainnet-long-benchmark[4120996]: INF 2026-08-27 08:33:38.493+00:00 Imported blocks                            blockNumber=10182657 slot=1 blocks=10182656 txs=722050975 mgas=43351413 bps=77.61 tps=10715 mgps=729.3 avgBps=205.7 avgTps=14588 avgMGps=875.9 elapsed=13h44m54s
Aug 27 08:35:24 nimbus-eth1-mainnet-long-benchmark[4120996]: INF 2026-08-27 08:35:24.088+00:00 Imported blocks                            blockNumber=10190849 slot=1 blocks=10190848 txs=723276965 mgas=43428060 bps=77.58 tps=11610 mgps=725.9 avgBps=205.5 avgTps=14582 avgMGps=875.6 elapsed=13h46m40s
Aug 27 08:37:07 nimbus-eth1-mainnet-long-benchmark[4120996]: INF 2026-08-27 08:37:07.090+00:00 Imported blocks                            blockNumber=10199041 slot=1 blocks=10199040 txs=724470936 mgas=43505261 bps=79.54 tps=11592 mgps=749.5 avgBps=205.2 avgTps=14575 avgMGps=875.3 elapsed=13h48m23s
Aug 27 08:38:52 nimbus-eth1-mainnet-long-benchmark[4120996]: INF 2026-08-27 08:38:52.332+00:00 Imported blocks                            blockNumber=10207233 slot=1 blocks=10207232 txs=725644985 mgas=43583031 bps=77.84 tps=11155 mgps=738.9 avgBps=204.9 avgTps=14568 avgMGps=875.0 elapsed=13h50m8s
Aug 27 08:40:35 nimbus-eth1-mainnet-long-benchmark[4120996]: INF 2026-08-27 08:40:35.563+00:00 Imported blocks                            blockNumber=10215425 slot=1 blocks=10215424 txs=726776586 mgas=43660924 bps=79.36 tps=10962 mgps=754.6 avgBps=204.7 avgTps=14561 avgMGps=874.8 elapsed=13h51m51s
Aug 27 08:42:18 nimbus-eth1-mainnet-long-benchmark[4120996]: INF 2026-08-27 08:42:18.561+00:00 Imported blocks                            blockNumber=10223617 slot=1 blocks=10223616 txs=727991302 mgas=43738007 bps=79.53 tps=11793 mgps=748.4 avgBps=204.4 avgTps=14555 avgMGps=874.5 elapsed=13h53m34s
Aug 27 08:44:04 nimbus-eth1-mainnet-long-benchmark[4120996]: INF 2026-08-27 08:44:04.143+00:00 Imported blocks                            blockNumber=10231809 slot=1 blocks=10231808 txs=729230338 mgas=43814819 bps=77.59 tps=11735 mgps=727.5 avgBps=204.1 avgTps=14549 avgMGps=874.2 elapsed=13h55m20s
Aug 27 08:45:51 nimbus-eth1-mainnet-long-benchmark[4120996]: INF 2026-08-27 08:45:51.178+00:00 Imported blocks                            blockNumber=10240001 slot=1 blocks=10240000 txs=730404672 mgas=43892359 bps=76.54 tps=10972 mgps=724.5 avgBps=203.9 avgTps=14541 avgMGps=873.9 elapsed=13h57m7s
Aug 27 08:47:41 nimbus-eth1-mainnet-long-benchmark[4120996]: INF 2026-08-27 08:47:41.200+00:00 Imported blocks                            blockNumber=10248193 slot=1 blocks=10248192 txs=731552208 mgas=43970004 bps=74.45 tps=10429 mgps=705.7 avgBps=203.6 avgTps=14532 avgMGps=873.5 elapsed=13h58m57s
Aug 27 08:49:27 nimbus-eth1-mainnet-long-benchmark[4120996]: INF 2026-08-27 08:49:27.486+00:00 Imported blocks                            blockNumber=10256385 slot=1 blocks=10256384 txs=732682504 mgas=44046928 bps=77.08 tps=10634 mgps=723.8 avgBps=203.3 avgTps=14524 avgMGps=873.2 elapsed=14h43s901ms
Aug 27 08:51:14 nimbus-eth1-mainnet-long-benchmark[4120996]: INF 2026-08-27 08:51:14.665+00:00 Imported blocks                            blockNumber=10264577 slot=1 blocks=10264576 txs=733712522 mgas=44124253 bps=76.43 tps=9610 mgps=721.4 avgBps=203.1 avgTps=14514 avgMGps=872.9 elapsed=14h2m31s
Aug 27 08:53:02 nimbus-eth1-mainnet-long-benchmark[4120996]: INF 2026-08-27 08:53:02.075+00:00 Imported blocks                            blockNumber=10272769 slot=1 blocks=10272768 txs=734799027 mgas=44201876 bps=76.27 tps=10115 mgps=722.7 avgBps=202.8 avgTps=14504 avgMGps=872.5 elapsed=14h4m18s
Aug 27 08:54:48 nimbus-eth1-mainnet-long-benchmark[4120996]: INF 2026-08-27 08:54:48.669+00:00 Imported blocks                            blockNumber=10280961 slot=1 blocks=10280960 txs=735932946 mgas=44279585 bps=76.85 tps=10637 mgps=729.0 avgBps=202.5 avgTps=14496 avgMGps=872.2 elapsed=14h6m5s
Aug 27 08:56:37 nimbus-eth1-mainnet-long-benchmark[4120996]: INF 2026-08-27 08:56:37.151+00:00 Imported blocks                            blockNumber=10289153 slot=1 blocks=10289152 txs=737087006 mgas=44357374 bps=75.51 tps=10638 mgps=717.1 avgBps=202.2 avgTps=14488 avgMGps=871.9 elapsed=14h7m53s
Aug 27 08:58:31 nimbus-eth1-mainnet-long-benchmark[4120996]: INF 2026-08-27 08:58:31.934+00:00 Imported blocks                            blockNumber=10297345 slot=1 blocks=10297344 txs=738275575 mgas=44436861 bps=71.37 tps=10354 mgps=692.5 avgBps=202.0 avgTps=14479 avgMGps=871.5 elapsed=14h9m48s
Aug 27 09:00:44 nimbus-eth1-mainnet-long-benchmark[4120996]: INF 2026-08-27 09:00:44.436+00:00 Imported blocks                            blockNumber=10305537 slot=1 blocks=10305536 txs=739438307 mgas=44528970 bps=61.83 tps=8775 mgps=695.1 avgBps=201.6 avgTps=14464 avgMGps=871.1 elapsed=14h12m854ms
Aug 27 09:02:51 nimbus-eth1-mainnet-long-benchmark[4120996]: INF 2026-08-27 09:02:51.862+00:00 Imported blocks                            blockNumber=10313729 slot=1 blocks=10313728 txs=740696729 mgas=44621778 bps=64.29 tps=9875 mgps=728.3 avgBps=201.3 avgTps=14453 avgMGps=870.7 elapsed=14h14m8s
Aug 27 09:04:58 nimbus-eth1-mainnet-long-benchmark[4120996]: INF 2026-08-27 09:04:58.568+00:00 Imported blocks                            blockNumber=10321921 slot=1 blocks=10321920 txs=742151644 mgas=44714310 bps=64.65 tps=11482 mgps=730.3 avgBps=200.9 avgTps=14445 avgMGps=870.4 elapsed=14h16m14s
Aug 27 09:07:08 nimbus-eth1-mainnet-long-benchmark[4120996]: INF 2026-08-27 09:07:08.253+00:00 Imported blocks                            blockNumber=10330113 slot=1 blocks=10330112 txs=743514732 mgas=44807317 bps=63.17 tps=10510 mgps=717.2 avgBps=200.6 avgTps=14435 avgMGps=870.0 elapsed=14h18m24s
Aug 27 09:09:15 nimbus-eth1-mainnet-long-benchmark[4120996]: INF 2026-08-27 09:09:15.323+00:00 Imported blocks                            blockNumber=10338305 slot=1 blocks=10338304 txs=744812119 mgas=44899117 bps=64.47 tps=10209 mgps=722.4 avgBps=200.2 avgTps=14425 avgMGps=869.6 elapsed=14h20m31s
Aug 27 09:11:23 nimbus-eth1-mainnet-long-benchmark[4120996]: INF 2026-08-27 09:11:23.529+00:00 Imported blocks                            blockNumber=10346497 slot=1 blocks=10346496 txs=746129898 mgas=44992219 bps=63.90 tps=10278 mgps=726.2 avgBps=199.9 avgTps=14415 avgMGps=869.2 elapsed=14h22m39s
Aug 27 09:13:31 nimbus-eth1-mainnet-long-benchmark[4120996]: INF 2026-08-27 09:13:31.615+00:00 Imported blocks                            blockNumber=10354689 slot=1 blocks=10354688 txs=747446857 mgas=45084387 bps=63.96 tps=10281 mgps=719.6 avgBps=199.6 avgTps=14404 avgMGps=868.9 elapsed=14h24m48s
Aug 27 09:15:37 nimbus-eth1-mainnet-long-benchmark[4120996]: INF 2026-08-27 09:15:37.881+00:00 Imported blocks                            blockNumber=10362881 slot=1 blocks=10362880 txs=748741266 mgas=45176256 bps=64.88 tps=10251 mgps=727.6 avgBps=199.2 avgTps=14394 avgMGps=868.5 elapsed=14h26m54s
Aug 27 09:17:44 nimbus-eth1-mainnet-long-benchmark[4120996]: INF 2026-08-27 09:17:44.203+00:00 Imported blocks                            blockNumber=10371073 slot=1 blocks=10371072 txs=750112455 mgas=45268881 bps=64.85 tps=10854 mgps=733.2 avgBps=198.9 avgTps=14386 avgMGps=868.2 elapsed=14h29m622ms
Aug 27 09:19:50 nimbus-eth1-mainnet-long-benchmark[4120996]: INF 2026-08-27 09:19:50.285+00:00 Imported blocks                            blockNumber=10379265 slot=1 blocks=10379264 txs=751483390 mgas=45360161 bps=64.98 tps=10873 mgps=724.0 avgBps=198.6 avgTps=14377 avgMGps=867.9 elapsed=14h31m6s
Aug 27 09:21:58 nimbus-eth1-mainnet-long-benchmark[4120996]: INF 2026-08-27 09:21:58.463+00:00 Imported blocks                            blockNumber=10387457 slot=1 blocks=10387456 txs=752807028 mgas=45451514 bps=63.91 tps=10326 mgps=712.7 avgBps=198.3 avgTps=14367 avgMGps=867.5 elapsed=14h33m14s
Aug 27 09:24:08 nimbus-eth1-mainnet-long-benchmark[4120996]: INF 2026-08-27 09:24:08.437+00:00 Imported blocks                            blockNumber=10395649 slot=1 blocks=10395648 txs=753983840 mgas=45543706 bps=63.03 tps=9054 mgps=709.3 avgBps=197.9 avgTps=14354 avgMGps=867.1 elapsed=14h35m24s
Aug 27 09:26:13 nimbus-eth1-mainnet-long-benchmark[4120996]: INF 2026-08-27 09:26:13.195+00:00 Imported blocks                            blockNumber=10403841 slot=1 blocks=10403840 txs=755114741 mgas=45635897 bps=65.66 tps=9064 mgps=738.9 avgBps=197.6 avgTps=14342 avgMGps=866.8 elapsed=14h37m29s
Aug 27 09:28:19 nimbus-eth1-mainnet-long-benchmark[4120996]: INF 2026-08-27 09:28:19.861+00:00 Imported blocks                            blockNumber=10412033 slot=1 blocks=10412032 txs=756480097 mgas=45727415 bps=64.68 tps=10779 mgps=722.5 avgBps=197.3 avgTps=14333 avgMGps=866.4 elapsed=14h39m36s
Aug 27 09:30:25 nimbus-eth1-mainnet-long-benchmark[4120996]: INF 2026-08-27 09:30:25.563+00:00 Imported blocks                            blockNumber=10420225 slot=1 blocks=10420224 txs=757830558 mgas=45818973 bps=65.17 tps=10743 mgps=728.4 avgBps=197.0 avgTps=14325 avgMGps=866.1 elapsed=14h41m41s
Aug 27 09:32:36 nimbus-eth1-mainnet-long-benchmark[4120996]: INF 2026-08-27 09:32:36.093+00:00 Imported blocks                            blockNumber=10428417 slot=1 blocks=10428416 txs=759155837 mgas=45912026 bps=62.76 tps=10153 mgps=712.9 avgBps=196.6 avgTps=14314 avgMGps=865.7 elapsed=14h43m52s
Aug 27 09:34:44 nimbus-eth1-mainnet-long-benchmark[4120996]: INF 2026-08-27 09:34:44.255+00:00 Imported blocks                            blockNumber=10436609 slot=1 blocks=10436608 txs=760471288 mgas=46004450 bps=63.92 tps=10263 mgps=721.1 avgBps=196.3 avgTps=14305 avgMGps=865.4 elapsed=14h46m674ms
Aug 27 09:36:54 nimbus-eth1-mainnet-long-benchmark[4120996]: INF 2026-08-27 09:36:54.409+00:00 Imported blocks                            blockNumber=10444801 slot=1 blocks=10444800 txs=761751831 mgas=46096274 bps=62.94 tps=9838 mgps=705.5 avgBps=196.0 avgTps=14294 avgMGps=865.0 elapsed=14h48m10s
Aug 27 09:39:02 nimbus-eth1-mainnet-long-benchmark[4120996]: INF 2026-08-27 09:39:02.715+00:00 Imported blocks                            blockNumber=10452993 slot=1 blocks=10452992 txs=763138461 mgas=46188952 bps=63.85 tps=10806 mgps=722.3 avgBps=195.7 avgTps=14285 avgMGps=864.7 elapsed=14h50m19s
Aug 27 09:41:15 nimbus-eth1-mainnet-long-benchmark[4120996]: INF 2026-08-27 09:41:15.881+00:00 Imported blocks                            blockNumber=10461185 slot=1 blocks=10461184 txs=764489034 mgas=46282395 bps=61.52 tps=10142 mgps=701.7 avgBps=195.3 avgTps=14275 avgMGps=864.2 elapsed=14h52m32s
Aug 27 09:43:20 nimbus-eth1-mainnet-long-benchmark[4120996]: INF 2026-08-27 09:43:20.919+00:00 Imported blocks                            blockNumber=10469377 slot=1 blocks=10469376 txs=765902255 mgas=46375803 bps=65.51 tps=11302 mgps=747.0 avgBps=195.0 avgTps=14268 avgMGps=864.0 elapsed=14h54m37s
Aug 27 09:45:19 nimbus-eth1-mainnet-long-benchmark[4120996]: INF 2026-08-27 09:45:19.577+00:00 Imported blocks                            blockNumber=10477569 slot=1 blocks=10477568 txs=767312107 mgas=46467616 bps=69.04 tps=11881 mgps=773.8 avgBps=194.8 avgTps=14263 avgMGps=863.8 elapsed=14h56m35s
Aug 27 09:47:26 nimbus-eth1-mainnet-long-benchmark[4120996]: INF 2026-08-27 09:47:26.823+00:00 Imported blocks                            blockNumber=10485761 slot=1 blocks=10485760 txs=768637253 mgas=46560108 bps=64.38 tps=10413 mgps=726.9 avgBps=194.5 avgTps=14254 avgMGps=863.5 elapsed=14h58m43s
Aug 27 09:49:37 nimbus-eth1-mainnet-long-benchmark[4120996]: INF 2026-08-27 09:49:37.401+00:00 Imported blocks                            blockNumber=10493953 slot=1 blocks=10493952 txs=769997728 mgas=46653483 bps=62.74 tps=10419 mgps=715.1 avgBps=194.1 avgTps=14245 avgMGps=863.1 elapsed=15h53s817ms
Aug 27 09:51:45 nimbus-eth1-mainnet-long-benchmark[4120996]: INF 2026-08-27 09:51:45.631+00:00 Imported blocks                            blockNumber=10502145 slot=1 blocks=10502144 txs=771475005 mgas=46746512 bps=63.88 tps=11520 mgps=725.5 avgBps=193.8 avgTps=14238 avgMGps=862.8 elapsed=15h3m2s
Aug 27 09:53:55 nimbus-eth1-mainnet-long-benchmark[4120996]: INF 2026-08-27 09:53:55.353+00:00 Imported blocks                            blockNumber=10510337 slot=1 blocks=10510336 txs=772933917 mgas=46839907 bps=63.15 tps=11246 mgps=720.0 avgBps=193.5 avgTps=14231 avgMGps=862.4 elapsed=15h5m11s
Aug 27 09:56:09 nimbus-eth1-mainnet-long-benchmark[4120996]: INF 2026-08-27 09:56:09.127+00:00 Imported blocks                            blockNumber=10518529 slot=1 blocks=10518528 txs=774341464 mgas=46933788 bps=61.24 tps=10521 mgps=701.8 avgBps=193.2 avgTps=14222 avgMGps=862.0 elapsed=15h7m25s
Aug 27 09:58:21 nimbus-eth1-mainnet-long-benchmark[4120996]: INF 2026-08-27 09:58:21.017+00:00 Imported blocks                            blockNumber=10526721 slot=1 blocks=10526720 txs=775783173 mgas=47028798 bps=62.11 tps=10931 mgps=720.4 avgBps=192.9 avgTps=14214 avgMGps=861.7 elapsed=15h9m37s
Aug 27 10:00:40 nimbus-eth1-mainnet-long-benchmark[4120996]: INF 2026-08-27 10:00:40.519+00:00 Imported blocks                            blockNumber=10534913 slot=1 blocks=10534912 txs=777300771 mgas=47127323 bps=58.72 tps=10878 mgps=706.3 avgBps=192.5 avgTps=14205 avgMGps=861.3 elapsed=15h11m56s
Aug 27 10:02:58 nimbus-eth1-mainnet-long-benchmark[4120996]: INF 2026-08-27 10:02:58.789+00:00 Imported blocks                            blockNumber=10543105 slot=1 blocks=10543104 txs=778827853 mgas=47226202 bps=59.25 tps=11044 mgps=715.1 avgBps=192.2 avgTps=14197 avgMGps=860.9 elapsed=15h14m15s
Aug 27 10:05:18 nimbus-eth1-mainnet-long-benchmark[4120996]: INF 2026-08-27 10:05:18.911+00:00 Imported blocks                            blockNumber=10551297 slot=1 blocks=10551296 txs=780357159 mgas=47324765 bps=58.47 tps=10914 mgps=703.4 avgBps=191.9 avgTps=14189 avgMGps=860.5 elapsed=15h16m35s
Aug 27 10:07:29 nimbus-eth1-mainnet-long-benchmark[4120996]: INF 2026-08-27 10:07:29.745+00:00 Imported blocks                            blockNumber=10559489 slot=1 blocks=10559488 txs=781845193 mgas=47422885 bps=62.61 tps=11373 mgps=749.9 avgBps=191.6 avgTps=14182 avgMGps=860.3 elapsed=15h18m46s
Aug 27 10:09:44 nimbus-eth1-mainnet-long-benchmark[4120996]: INF 2026-08-27 10:09:44.350+00:00 Imported blocks                            blockNumber=10567681 slot=1 blocks=10567680 txs=783391094 mgas=47521291 bps=60.86 tps=11484 mgps=731.1 avgBps=191.2 avgTps=14176 avgMGps=859.9 elapsed=15h21m768ms
Aug 27 10:11:59 nimbus-eth1-mainnet-long-benchmark[4120996]: INF 2026-08-27 10:11:59.612+00:00 Imported blocks                            blockNumber=10575873 slot=1 blocks=10575872 txs=784873024 mgas=47619423 bps=60.56 tps=10956 mgps=725.5 avgBps=190.9 avgTps=14168 avgMGps=859.6 elapsed=15h23m16s
Aug 27 10:14:17 nimbus-eth1-mainnet-long-benchmark[4120996]: INF 2026-08-27 10:14:17.074+00:00 Imported blocks                            blockNumber=10584065 slot=1 blocks=10584064 txs=786265226 mgas=47717647 bps=59.60 tps=10127 mgps=714.6 avgBps=190.6 avgTps=14158 avgMGps=859.3 elapsed=15h25m33s
Aug 27 10:16:30 nimbus-eth1-mainnet-long-benchmark[4120996]: INF 2026-08-27 10:16:30.876+00:00 Imported blocks                            blockNumber=10592257 slot=1 blocks=10592256 txs=787798291 mgas=47815710 bps=61.22 tps=11457 mgps=732.9 avgBps=190.3 avgTps=14151 avgMGps=859.0 elapsed=15h27m47s
Aug 27 10:18:46 nimbus-eth1-mainnet-long-benchmark[4120996]: INF 2026-08-27 10:18:46.598+00:00 Imported blocks                            blockNumber=10600449 slot=1 blocks=10600448 txs=789318754 mgas=47913787 bps=60.36 tps=11202 mgps=722.6 avgBps=190.0 avgTps=14144 avgMGps=858.6 elapsed=15h30m3s
Aug 27 10:20:59 nimbus-eth1-mainnet-long-benchmark[4120996]: INF 2026-08-27 10:20:59.964+00:00 Imported blocks                            blockNumber=10608641 slot=1 blocks=10608640 txs=790804386 mgas=48011430 bps=61.42 tps=11139 mgps=732.1 avgBps=189.7 avgTps=14137 avgMGps=858.3 elapsed=15h32m16s
Aug 27 10:23:12 nimbus-eth1-mainnet-long-benchmark[4120996]: INF 2026-08-27 10:23:12.009+00:00 Imported blocks                            blockNumber=10616833 slot=1 blocks=10616832 txs=792341515 mgas=48109524 bps=62.04 tps=11641 mgps=742.9 avgBps=189.4 avgTps=14131 avgMGps=858.1 elapsed=15h34m28s
Aug 27 10:25:21 nimbus-eth1-mainnet-long-benchmark[4120996]: INF 2026-08-27 10:25:21.655+00:00 Imported blocks                            blockNumber=10625025 slot=1 blocks=10625024 txs=793872924 mgas=48207092 bps=63.19 tps=11812 mgps=752.6 avgBps=189.1 avgTps=14126 avgMGps=857.8 elapsed=15h36m38s
Aug 27 10:27:31 nimbus-eth1-mainnet-long-benchmark[4120996]: INF 2026-08-27 10:27:31.661+00:00 Imported blocks                            blockNumber=10633217 slot=1 blocks=10633216 txs=795477953 mgas=48305620 bps=63.01 tps=12346 mgps=757.9 avgBps=188.8 avgTps=14122 avgMGps=857.6 elapsed=15h38m48s
Aug 27 10:29:39 nimbus-eth1-mainnet-long-benchmark[4120996]: INF 2026-08-27 10:29:39.839+00:00 Imported blocks                            blockNumber=10641409 slot=1 blocks=10641408 txs=797059644 mgas=48403729 bps=63.91 tps=12339 mgps=765.4 avgBps=188.5 avgTps=14118 avgMGps=857.4 elapsed=15h40m56s
Aug 27 10:31:42 nimbus-eth1-mainnet-long-benchmark[4120996]: INF 2026-08-27 10:31:42.693+00:00 Imported blocks                            blockNumber=10649601 slot=1 blocks=10649600 txs=798593517 mgas=48502051 bps=66.68 tps=12485 mgps=800.3 avgBps=188.2 avgTps=14114 avgMGps=857.2 elapsed=15h42m59s
Aug 27 10:33:46 nimbus-eth1-mainnet-long-benchmark[4120996]: INF 2026-08-27 10:33:46.963+00:00 Imported blocks                            blockNumber=10657793 slot=1 blocks=10657792 txs=800150333 mgas=48600803 bps=65.92 tps=12527 mgps=794.7 avgBps=188.0 avgTps=14111 avgMGps=857.1 elapsed=15h45m3s
Aug 27 10:35:57 nimbus-eth1-mainnet-long-benchmark[4120996]: INF 2026-08-27 10:35:57.729+00:00 Imported blocks                            blockNumber=10665985 slot=1 blocks=10665984 txs=801605653 mgas=48699222 bps=62.65 tps=11129 mgps=752.6 avgBps=187.7 avgTps=14104 avgMGps=856.9 elapsed=15h47m14s
Aug 27 10:38:07 nimbus-eth1-mainnet-long-benchmark[4120996]: INF 2026-08-27 10:38:07.003+00:00 Imported blocks                            blockNumber=10674177 slot=1 blocks=10674176 txs=803005481 mgas=48798078 bps=63.37 tps=10828 mgps=764.7 avgBps=187.4 avgTps=14096 avgMGps=856.7 elapsed=15h49m23s
Aug 27 10:40:14 nimbus-eth1-mainnet-long-benchmark[4120996]: INF 2026-08-27 10:40:14.757+00:00 Imported blocks                            blockNumber=10682369 slot=1 blocks=10682368 txs=804548663 mgas=48897143 bps=64.13 tps=12079 mgps=775.5 avgBps=187.1 avgTps=14092 avgMGps=856.5 elapsed=15h51m31s
Aug 27 10:42:21 nimbus-eth1-mainnet-long-benchmark[4120996]: INF 2026-08-27 10:42:21.207+00:00 Imported blocks                            blockNumber=10690561 slot=1 blocks=10690560 txs=806090298 mgas=48995978 bps=64.78 tps=12191 mgps=781.6 avgBps=186.8 avgTps=14088 avgMGps=856.3 elapsed=15h53m37s
Aug 27 10:44:31 nimbus-eth1-mainnet-long-benchmark[4120996]: INF 2026-08-27 10:44:31.257+00:00 Imported blocks                            blockNumber=10698753 slot=1 blocks=10698752 txs=807585637 mgas=49095032 bps=62.99 tps=11498 mgps=761.7 avgBps=186.6 avgTps=14082 avgMGps=856.1 elapsed=15h55m47s
Aug 27 10:46:43 nimbus-eth1-mainnet-long-benchmark[4120996]: INF 2026-08-27 10:46:43.310+00:00 Imported blocks                            blockNumber=10706945 slot=1 blocks=10706944 txs=809121090 mgas=49194238 bps=62.04 tps=11627 mgps=751.3 avgBps=186.3 avgTps=14076 avgMGps=855.9 elapsed=15h57m59s
Aug 27 10:48:55 nimbus-eth1-mainnet-long-benchmark[4120996]: INF 2026-08-27 10:48:55.868+00:00 Imported blocks                            blockNumber=10715137 slot=1 blocks=10715136 txs=810532950 mgas=49292671 bps=61.80 tps=10650 mgps=742.6 avgBps=186.0 avgTps=14068 avgMGps=855.6 elapsed=16h12s285ms
Aug 27 10:51:07 nimbus-eth1-mainnet-long-benchmark[4120996]: INF 2026-08-27 10:51:07.934+00:00 Imported blocks                            blockNumber=10723329 slot=1 blocks=10723328 txs=811998890 mgas=49391594 bps=62.03 tps=11100 mgps=749.0 avgBps=185.7 avgTps=14061 avgMGps=855.3 elapsed=16h2m24s
Aug 27 10:53:18 nimbus-eth1-mainnet-long-benchmark[4120996]: INF 2026-08-27 10:53:18.572+00:00 Imported blocks                            blockNumber=10731521 slot=1 blocks=10731520 txs=813443969 mgas=49490651 bps=62.71 tps=11061 mgps=758.2 avgBps=185.4 avgTps=14055 avgMGps=855.1 elapsed=16h4m34s
Aug 27 10:55:30 nimbus-eth1-mainnet-long-benchmark[4120996]: INF 2026-08-27 10:55:30.130+00:00 Imported blocks                            blockNumber=10739713 slot=1 blocks=10739712 txs=814853567 mgas=49589487 bps=62.27 tps=10714 mgps=751.3 avgBps=185.1 avgTps=14047 avgMGps=854.9 elapsed=16h6m46s
Aug 27 10:57:40 nimbus-eth1-mainnet-long-benchmark[4120996]: INF 2026-08-27 10:57:40.436+00:00 Imported blocks                            blockNumber=10747905 slot=1 blocks=10747904 txs=816288256 mgas=49688091 bps=62.87 tps=11010 mgps=756.7 avgBps=184.9 avgTps=14040 avgMGps=854.7 elapsed=16h8m56s
Aug 27 10:59:47 nimbus-eth1-mainnet-long-benchmark[4120996]: INF 2026-08-27 10:59:47.686+00:00 Imported blocks                            blockNumber=10756097 slot=1 blocks=10756096 txs=817720607 mgas=49786485 bps=64.38 tps=11256 mgps=773.2 avgBps=184.6 avgTps=14034 avgMGps=854.5 elapsed=16h11m4s
Aug 27 11:01:52 nimbus-eth1-mainnet-long-benchmark[4120996]: INF 2026-08-27 11:01:52.264+00:00 Imported blocks                            blockNumber=10764289 slot=1 blocks=10764288 txs=819157056 mgas=49885480 bps=65.76 tps=11530 mgps=794.6 avgBps=184.4 avgTps=14029 avgMGps=854.4 elapsed=16h13m8s
Aug 27 11:03:54 nimbus-eth1-mainnet-long-benchmark[4120996]: INF 2026-08-27 11:03:54.758+00:00 Imported blocks                            blockNumber=10772481 slot=1 blocks=10772480 txs=820651080 mgas=49984345 bps=66.88 tps=12196 mgps=807.1 avgBps=184.1 avgTps=14025 avgMGps=854.3 elapsed=16h15m11s
Aug 27 11:05:56 nimbus-eth1-mainnet-long-benchmark[4120996]: INF 2026-08-27 11:05:56.236+00:00 Imported blocks                            blockNumber=10780673 slot=1 blocks=10780672 txs=822215293 mgas=50083289 bps=67.44 tps=12876 mgps=814.5 avgBps=183.9 avgTps=14023 avgMGps=854.2 elapsed=16h17m12s
Aug 27 11:07:57 nimbus-eth1-mainnet-long-benchmark[4120996]: INF 2026-08-27 11:07:57.422+00:00 Imported blocks                            blockNumber=10788865 slot=1 blocks=10788864 txs=823702810 mgas=50182359 bps=67.60 tps=12274 mgps=817.5 avgBps=183.6 avgTps=14019 avgMGps=854.1 elapsed=16h19m13s
Aug 27 11:10:07 nimbus-eth1-mainnet-long-benchmark[4120996]: INF 2026-08-27 11:10:07.048+00:00 Imported blocks                            blockNumber=10797057 slot=1 blocks=10797056 txs=825134208 mgas=50280990 bps=63.20 tps=11042 mgps=760.9 avgBps=183.4 avgTps=14013 avgMGps=853.9 elapsed=16h21m23s
Aug 27 11:12:17 nimbus-eth1-mainnet-long-benchmark[4120996]: INF 2026-08-27 11:12:17.006+00:00 Imported blocks                            blockNumber=10805249 slot=1 blocks=10805248 txs=826414005 mgas=50378852 bps=63.04 tps=9847 mgps=753.0 avgBps=183.1 avgTps=14003 avgMGps=853.7 elapsed=16h23m33s
Aug 27 11:14:29 nimbus-eth1-mainnet-long-benchmark[4120996]: INF 2026-08-27 11:14:29.456+00:00 Imported blocks                            blockNumber=10813441 slot=1 blocks=10813440 txs=827728080 mgas=50478221 bps=61.85 tps=9921 mgps=750.2 avgBps=182.8 avgTps=13994 avgMGps=853.5 elapsed=16h25m45s
Aug 27 11:16:42 nimbus-eth1-mainnet-long-benchmark[4120996]: INF 2026-08-27 11:16:42.030+00:00 Imported blocks                            blockNumber=10821633 slot=1 blocks=10821632 txs=829054380 mgas=50577072 bps=61.79 tps=10004 mgps=745.6 avgBps=182.6 avgTps=13985 avgMGps=853.2 elapsed=16h27m58s
Aug 27 11:18:50 nimbus-eth1-mainnet-long-benchmark[4120996]: INF 2026-08-27 11:18:50.660+00:00 Imported blocks                            blockNumber=10829825 slot=1 blocks=10829824 txs=830352008 mgas=50676241 bps=63.69 tps=10087 mgps=771.0 avgBps=182.3 avgTps=13977 avgMGps=853.0 elapsed=16h30m7s
Aug 27 11:20:58 nimbus-eth1-mainnet-long-benchmark[4120996]: INF 2026-08-27 11:20:58.774+00:00 Imported blocks                            blockNumber=10838017 slot=1 blocks=10838016 txs=831728887 mgas=50775181 bps=63.94 tps=10747 mgps=772.3 avgBps=182.0 avgTps=13970 avgMGps=852.9 elapsed=16h32m15s
Aug 27 11:23:11 nimbus-eth1-mainnet-long-benchmark[4120996]: INF 2026-08-27 11:23:11.459+00:00 Imported blocks                            blockNumber=10846209 slot=1 blocks=10846208 txs=833075106 mgas=50874585 bps=61.74 tps=10145 mgps=749.1 avgBps=181.8 avgTps=13961 avgMGps=852.6 elapsed=16h34m27s
Aug 27 11:25:22 nimbus-eth1-mainnet-long-benchmark[4120996]: INF 2026-08-27 11:25:22.553+00:00 Imported blocks                            blockNumber=10854401 slot=1 blocks=10854400 txs=834398358 mgas=50973836 bps=62.49 tps=10094 mgps=757.1 avgBps=181.5 avgTps=13953 avgMGps=852.4 elapsed=16h36m38s
Aug 27 11:27:36 nimbus-eth1-mainnet-long-benchmark[4120996]: INF 2026-08-27 11:27:36.975+00:00 Imported blocks                            blockNumber=10862593 slot=1 blocks=10862592 txs=835733334 mgas=51073331 bps=60.94 tps=9930 mgps=740.1 avgBps=181.2 avgTps=13944 avgMGps=852.2 elapsed=16h38m53s
Aug 27 11:29:49 nimbus-eth1-mainnet-long-benchmark[4120996]: INF 2026-08-27 11:29:49.421+00:00 Imported blocks                            blockNumber=10870785 slot=1 blocks=10870784 txs=837074699 mgas=51172891 bps=61.85 tps=10127 mgps=751.7 avgBps=181.0 avgTps=13935 avgMGps=851.9 elapsed=16h41m5s
Aug 27 11:31:59 nimbus-eth1-mainnet-long-benchmark[4120996]: INF 2026-08-27 11:31:59.859+00:00 Imported blocks                            blockNumber=10878977 slot=1 blocks=10878976 txs=838544835 mgas=51272153 bps=62.80 tps=11270 mgps=761.0 avgBps=180.7 avgTps=13930 avgMGps=851.7 elapsed=16h43m16s
Aug 27 11:34:05 nimbus-eth1-mainnet-long-benchmark[4120996]: INF 2026-08-27 11:34:05.821+00:00 Imported blocks                            blockNumber=10887169 slot=1 blocks=10887168 txs=840230623 mgas=51371703 bps=65.04 tps=13383 mgps=790.3 avgBps=180.5 avgTps=13929 avgMGps=851.6 elapsed=16h45m22s
Aug 27 11:36:17 nimbus-eth1-mainnet-long-benchmark[4120996]: INF 2026-08-27 11:36:17.499+00:00 Imported blocks                            blockNumber=10895361 slot=1 blocks=10895360 txs=841625636 mgas=51471056 bps=62.21 tps=10593 mgps=754.5 avgBps=180.2 avgTps=13921 avgMGps=851.4 elapsed=16h47m33s
Aug 27 11:38:29 nimbus-eth1-mainnet-long-benchmark[4120996]: INF 2026-08-27 11:38:29.381+00:00 Imported blocks                            blockNumber=10903553 slot=1 blocks=10903552 txs=842978836 mgas=51570186 bps=62.12 tps=10260 mgps=751.7 avgBps=180.0 avgTps=13913 avgMGps=851.2 elapsed=16h49m45s
Aug 27 11:40:41 nimbus-eth1-mainnet-long-benchmark[4120996]: INF 2026-08-27 11:40:41.367+00:00 Imported blocks                            blockNumber=10911745 slot=1 blocks=10911744 txs=844414970 mgas=51669201 bps=62.07 tps=10880 mgps=750.2 avgBps=179.7 avgTps=13907 avgMGps=851.0 elapsed=16h51m57s
Aug 27 11:42:51 nimbus-eth1-mainnet-long-benchmark[4120996]: INF 2026-08-27 11:42:51.393+00:00 Imported blocks                            blockNumber=10919937 slot=1 blocks=10919936 txs=845787076 mgas=51768410 bps=63.00 tps=10552 mgps=763.0 avgBps=179.5 avgTps=13900 avgMGps=850.8 elapsed=16h54m7s
Aug 27 11:45:03 nimbus-eth1-mainnet-long-benchmark[4120996]: INF 2026-08-27 11:45:03.563+00:00 Imported blocks                            blockNumber=10928129 slot=1 blocks=10928128 txs=847125225 mgas=51867610 bps=61.98 tps=10124 mgps=750.6 avgBps=179.2 avgTps=13891 avgMGps=850.6 elapsed=16h56m19s
Aug 27 11:47:15 nimbus-eth1-mainnet-long-benchmark[4120996]: INF 2026-08-27 11:47:15.325+00:00 Imported blocks                            blockNumber=10936321 slot=1 blocks=10936320 txs=848428975 mgas=51966820 bps=62.17 tps=9894 mgps=752.9 avgBps=179.0 avgTps=13883 avgMGps=850.4 elapsed=16h58m31s
Aug 27 11:49:27 nimbus-eth1-mainnet-long-benchmark[4120996]: INF 2026-08-27 11:49:27.186+00:00 Imported blocks                            blockNumber=10944513 slot=1 blocks=10944512 txs=849712183 mgas=52066431 bps=62.13 tps=9731 mgps=755.4 avgBps=178.7 avgTps=13874 avgMGps=850.2 elapsed=17h43s603ms
Aug 27 11:51:33 nimbus-eth1-mainnet-long-benchmark[4120996]: INF 2026-08-27 11:51:33.392+00:00 Imported blocks                            blockNumber=10952705 slot=1 blocks=10952704 txs=851031984 mgas=52165963 bps=64.91 tps=10457 mgps=788.6 avgBps=178.5 avgTps=13867 avgMGps=850.0 elapsed=17h2m49s
Aug 27 11:53:41 nimbus-eth1-mainnet-long-benchmark[4120996]: INF 2026-08-27 11:53:41.494+00:00 Imported blocks                            blockNumber=10960897 slot=1 blocks=10960896 txs=852384620 mgas=52265273 bps=63.95 tps=10559 mgps=775.3 avgBps=178.2 avgTps=13860 avgMGps=849.9 elapsed=17h4m57s
Aug 27 11:55:51 nimbus-eth1-mainnet-long-benchmark[4120996]: INF 2026-08-27 11:55:51.392+00:00 Imported blocks                            blockNumber=10969089 slot=1 blocks=10969088 txs=853759722 mgas=52364739 bps=63.06 tps=10585 mgps=765.7 avgBps=178.0 avgTps=13853 avgMGps=849.7 elapsed=17h7m7s
Aug 27 11:58:06 nimbus-eth1-mainnet-long-benchmark[4120996]: INF 2026-08-27 11:58:06.598+00:00 Imported blocks                            blockNumber=10977281 slot=1 blocks=10977280 txs=855078452 mgas=52464367 bps=60.59 tps=9753 mgps=736.9 avgBps=177.7 avgTps=13844 avgMGps=849.4 elapsed=17h9m23s
Aug 27 12:00:16 nimbus-eth1-mainnet-long-benchmark[4120996]: INF 2026-08-27 12:00:16.972+00:00 Imported blocks                            blockNumber=10985473 slot=1 blocks=10985472 txs=856305718 mgas=52564037 bps=62.83 tps=9413 mgps=764.5 avgBps=177.5 avgTps=13835 avgMGps=849.3 elapsed=17h11m33s
Aug 27 12:02:27 nimbus-eth1-mainnet-long-benchmark[4120996]: INF 2026-08-27 12:02:27.598+00:00 Imported blocks                            blockNumber=10993665 slot=1 blocks=10993664 txs=857557352 mgas=52663802 bps=62.71 tps=9581 mgps=763.8 avgBps=177.2 avgTps=13826 avgMGps=849.1 elapsed=17h13m44s
Aug 27 12:04:40 nimbus-eth1-mainnet-long-benchmark[4120996]: INF 2026-08-27 12:04:40.048+00:00 Imported blocks                            blockNumber=11001857 slot=1 blocks=11001856 txs=858913944 mgas=52763421 bps=61.85 tps=10242 mgps=752.1 avgBps=177.0 avgTps=13818 avgMGps=848.9 elapsed=17h15m56s
Aug 27 12:06:53 nimbus-eth1-mainnet-long-benchmark[4120996]: INF 2026-08-27 12:06:53.278+00:00 Imported blocks                            blockNumber=11010049 slot=1 blocks=11010048 txs=860292461 mgas=52862906 bps=61.49 tps=10347 mgps=746.7 avgBps=176.8 avgTps=13811 avgMGps=848.7 elapsed=17h18m9s
Aug 27 12:09:02 nimbus-eth1-mainnet-long-benchmark[4120996]: INF 2026-08-27 12:09:02.956+00:00 Imported blocks                            blockNumber=11018241 slot=1 blocks=11018240 txs=861568203 mgas=52961281 bps=63.17 tps=9837 mgps=758.6 avgBps=176.5 avgTps=13802 avgMGps=848.5 elapsed=17h20m19s
Aug 27 12:11:14 nimbus-eth1-mainnet-long-benchmark[4120996]: INF 2026-08-27 12:11:14.094+00:00 Imported blocks                            blockNumber=11026433 slot=1 blocks=11026432 txs=862922693 mgas=53060579 bps=62.47 tps=10329 mgps=757.2 avgBps=176.3 avgTps=13795 avgMGps=848.3 elapsed=17h22m30s
Aug 27 12:13:21 nimbus-eth1-mainnet-long-benchmark[4120996]: INF 2026-08-27 12:13:21.668+00:00 Imported blocks                            blockNumber=11034625 slot=1 blocks=11034624 txs=864232805 mgas=53157766 bps=64.21 tps=10269 mgps=761.8 avgBps=176.1 avgTps=13788 avgMGps=848.1 elapsed=17h24m38s
Aug 27 12:15:33 nimbus-eth1-mainnet-long-benchmark[4120996]: INF 2026-08-27 12:15:33.490+00:00 Imported blocks                            blockNumber=11042817 slot=1 blocks=11042816 txs=865566908 mgas=53257011 bps=62.15 tps=10120 mgps=752.9 avgBps=175.8 avgTps=13780 avgMGps=847.9 elapsed=17h26m49s
Aug 27 12:17:46 nimbus-eth1-mainnet-long-benchmark[4120996]: INF 2026-08-27 12:17:46.128+00:00 Imported blocks                            blockNumber=11051009 slot=1 blocks=11051008 txs=866930637 mgas=53356769 bps=61.76 tps=10281 mgps=752.1 avgBps=175.6 avgTps=13773 avgMGps=847.7 elapsed=17h29m2s
Aug 27 12:19:58 nimbus-eth1-mainnet-long-benchmark[4120996]: INF 2026-08-27 12:19:58.730+00:00 Imported blocks                            blockNumber=11059201 slot=1 blocks=11059200 txs=868363931 mgas=53456581 bps=61.78 tps=10809 mgps=752.7 avgBps=175.3 avgTps=13767 avgMGps=847.5 elapsed=17h31m15s
Aug 27 12:22:18 nimbus-eth1-mainnet-long-benchmark[4120996]: INF 2026-08-27 12:22:18.943+00:00 Imported blocks                            blockNumber=11067393 slot=1 blocks=11067392 txs=869917977 mgas=53556446 bps=58.42 tps=11083 mgps=712.2 avgBps=175.1 avgTps=13761 avgMGps=847.2 elapsed=17h33m35s
Aug 27 12:24:37 nimbus-eth1-mainnet-long-benchmark[4120996]: INF 2026-08-27 12:24:37.881+00:00 Imported blocks                            blockNumber=11075585 slot=1 blocks=11075584 txs=871266553 mgas=53655938 bps=58.96 tps=9706 mgps=716.1 avgBps=174.8 avgTps=13752 avgMGps=846.9 elapsed=17h35m54s
Aug 27 12:26:52 nimbus-eth1-mainnet-long-benchmark[4120996]: INF 2026-08-27 12:26:52.843+00:00 Imported blocks                            blockNumber=11083777 slot=1 blocks=11083776 txs=872514587 mgas=53755568 bps=60.70 tps=9246 mgps=738.2 avgBps=174.6 avgTps=13742 avgMGps=846.7 elapsed=17h38m9s
Aug 27 12:29:12 nimbus-eth1-mainnet-long-benchmark[4120996]: INF 2026-08-27 12:29:12.065+00:00 Imported blocks                            blockNumber=11091969 slot=1 blocks=11091968 txs=873916102 mgas=53855242 bps=58.84 tps=10067 mgps=716.0 avgBps=174.3 avgTps=13734 avgMGps=846.4 elapsed=17h40m28s
Aug 27 12:31:30 nimbus-eth1-mainnet-long-benchmark[4120996]: INF 2026-08-27 12:31:30.663+00:00 Imported blocks                            blockNumber=11100161 slot=1 blocks=11100160 txs=875363864 mgas=53954983 bps=59.11 tps=10445 mgps=719.6 avgBps=174.1 avgTps=13727 avgMGps=846.1 elapsed=17h42m47s
Aug 27 12:33:51 nimbus-eth1-mainnet-long-benchmark[4120996]: INF 2026-08-27 12:33:51.540+00:00 Imported blocks                            blockNumber=11108353 slot=1 blocks=11108352 txs=876849008 mgas=54054812 bps=58.15 tps=10541 mgps=708.6 avgBps=173.8 avgTps=13720 avgMGps=845.8 elapsed=17h45m7s
Aug 27 12:36:07 nimbus-eth1-mainnet-long-benchmark[4120996]: INF 2026-08-27 12:36:07.774+00:00 Imported blocks                            blockNumber=11116545 slot=1 blocks=11116544 txs=878247825 mgas=54154483 bps=60.13 tps=10267 mgps=731.6 avgBps=173.6 avgTps=13713 avgMGps=845.6 elapsed=17h47m24s
Aug 27 12:38:21 nimbus-eth1-mainnet-long-benchmark[4120996]: INF 2026-08-27 12:38:21.536+00:00 Imported blocks                            blockNumber=11124737 slot=1 blocks=11124736 txs=879517986 mgas=54254233 bps=61.24 tps=9495 mgps=745.7 avgBps=173.3 avgTps=13704 avgMGps=845.4 elapsed=17h49m37s
Aug 27 12:40:36 nimbus-eth1-mainnet-long-benchmark[4120996]: INF 2026-08-27 12:40:36.450+00:00 Imported blocks                            blockNumber=11132929 slot=1 blocks=11132928 txs=880838951 mgas=54354407 bps=60.72 tps=9791 mgps=742.5 avgBps=173.1 avgTps=13696 avgMGps=845.2 elapsed=17h51m52s
Aug 27 12:42:52 nimbus-eth1-mainnet-long-benchmark[4120996]: INF 2026-08-27 12:42:52.948+00:00 Imported blocks                            blockNumber=11141121 slot=1 blocks=11141120 txs=882164625 mgas=54454305 bps=60.01 tps=9711 mgps=731.8 avgBps=172.9 avgTps=13687 avgMGps=844.9 elapsed=17h54m9s
Aug 27 12:45:08 nimbus-eth1-mainnet-long-benchmark[4120996]: INF 2026-08-27 12:45:08.638+00:00 Imported blocks                            blockNumber=11149313 slot=1 blocks=11149312 txs=883567563 mgas=54554157 bps=60.37 tps=10339 mgps=735.9 avgBps=172.6 avgTps=13680 avgMGps=844.7 elapsed=17h56m25s
Aug 27 12:47:22 nimbus-eth1-mainnet-long-benchmark[4120996]: INF 2026-08-27 12:47:22.708+00:00 Imported blocks                            blockNumber=11157505 slot=1 blocks=11157504 txs=884995075 mgas=54654006 bps=61.10 tps=10647 mgps=744.7 avgBps=172.4 avgTps=13674 avgMGps=844.5 elapsed=17h58m39s
Aug 27 12:49:38 nimbus-eth1-mainnet-long-benchmark[4120996]: INF 2026-08-27 12:49:38.966+00:00 Imported blocks                            blockNumber=11165697 slot=1 blocks=11165696 txs=886394091 mgas=54753831 bps=60.12 tps=10267 mgps=732.6 avgBps=172.2 avgTps=13667 avgMGps=844.2 elapsed=18h55s383ms
Aug 27 12:51:55 nimbus-eth1-mainnet-long-benchmark[4120996]: INF 2026-08-27 12:51:55.879+00:00 Imported blocks                            blockNumber=11173889 slot=1 blocks=11173888 txs=887688111 mgas=54853481 bps=59.83 tps=9451 mgps=727.8 avgBps=171.9 avgTps=13658 avgMGps=844.0 elapsed=18h3m12s
Aug 27 12:54:16 nimbus-eth1-mainnet-long-benchmark[4120996]: INF 2026-08-27 12:54:16.285+00:00 Imported blocks                            blockNumber=11182081 slot=1 blocks=11182080 txs=889126731 mgas=54953413 bps=58.35 tps=10246 mgps=711.8 avgBps=171.7 avgTps=13651 avgMGps=843.7 elapsed=18h5m32s
Aug 27 12:56:33 nimbus-eth1-mainnet-long-benchmark[4120996]: INF 2026-08-27 12:56:33.919+00:00 Imported blocks                            blockNumber=11190273 slot=1 blocks=11190272 txs=890565645 mgas=55053419 bps=59.52 tps=10454 mgps=726.6 avgBps=171.4 avgTps=13644 avgMGps=843.5 elapsed=18h7m50s
Aug 27 12:58:53 nimbus-eth1-mainnet-long-benchmark[4120996]: INF 2026-08-27 12:58:53.941+00:00 Imported blocks                            blockNumber=11198465 slot=1 blocks=11198464 txs=892009587 mgas=55153159 bps=58.51 tps=10312 mgps=712.3 avgBps=171.2 avgTps=13637 avgMGps=843.2 elapsed=18h10m10s
Aug 27 13:01:13 nimbus-eth1-mainnet-long-benchmark[4120996]: INF 2026-08-27 13:01:13.803+00:00 Imported blocks                            blockNumber=11206657 slot=1 blocks=11206656 txs=893422220 mgas=55252888 bps=58.57 tps=10100 mgps=713.0 avgBps=171.0 avgTps=13629 avgMGps=842.9 elapsed=18h12m30s
Aug 27 13:03:34 nimbus-eth1-mainnet-long-benchmark[4120996]: INF 2026-08-27 13:03:34.356+00:00 Imported blocks                            blockNumber=11214849 slot=1 blocks=11214848 txs=894802790 mgas=55352581 bps=58.28 tps=9822 mgps=709.3 avgBps=170.7 avgTps=13621 avgMGps=842.6 elapsed=18h14m50s
Aug 27 13:05:54 nimbus-eth1-mainnet-long-benchmark[4120996]: INF 2026-08-27 13:05:54.534+00:00 Imported blocks                            blockNumber=11223041 slot=1 blocks=11223040 txs=896185935 mgas=55452485 bps=58.44 tps=9867 mgps=712.7 avgBps=170.5 avgTps=13613 avgMGps=842.3 elapsed=18h17m10s
Aug 27 13:08:15 nimbus-eth1-mainnet-long-benchmark[4120996]: INF 2026-08-27 13:08:15.100+00:00 Imported blocks                            blockNumber=11231233 slot=1 blocks=11231232 txs=897664293 mgas=55552590 bps=58.28 tps=10517 mgps=712.1 avgBps=170.2 avgTps=13606 avgMGps=842.1 elapsed=18h19m31s
Aug 27 13:10:34 nimbus-eth1-mainnet-long-benchmark[4120996]: INF 2026-08-27 13:10:34.030+00:00 Imported blocks                            blockNumber=11239425 slot=1 blocks=11239424 txs=899012217 mgas=55652478 bps=58.97 tps=9702 mgps=719.0 avgBps=170.0 avgTps=13598 avgMGps=841.8 elapsed=18h21m50s
Aug 27 13:12:50 nimbus-eth1-mainnet-long-benchmark[4120996]: INF 2026-08-27 13:12:50.596+00:00 Imported blocks                            blockNumber=11247617 slot=1 blocks=11247616 txs=900393491 mgas=55752700 bps=59.98 tps=10114 mgps=733.9 avgBps=169.8 avgTps=13591 avgMGps=841.6 elapsed=18h24m7s
Aug 27 13:15:07 nimbus-eth1-mainnet-long-benchmark[4120996]: INF 2026-08-27 13:15:07.494+00:00 Imported blocks                            blockNumber=11255809 slot=1 blocks=11255808 txs=901837930 mgas=55852486 bps=59.84 tps=10551 mgps=728.9 avgBps=169.6 avgTps=13585 avgMGps=841.4 elapsed=18h26m23s
Aug 27 13:17:25 nimbus-eth1-mainnet-long-benchmark[4120996]: INF 2026-08-27 13:17:25.472+00:00 Imported blocks                            blockNumber=11264001 slot=1 blocks=11264000 txs=903154009 mgas=55952377 bps=59.37 tps=9538 mgps=724.0 avgBps=169.3 avgTps=13576 avgMGps=841.1 elapsed=18h28m41s
Aug 27 13:19:44 nimbus-eth1-mainnet-long-benchmark[4120996]: INF 2026-08-27 13:19:44.985+00:00 Imported blocks                            blockNumber=11272193 slot=1 blocks=11272192 txs=904501719 mgas=56052324 bps=58.72 tps=9659 mgps=716.4 avgBps=169.1 avgTps=13568 avgMGps=840.9 elapsed=18h31m1s
Aug 27 13:22:05 nimbus-eth1-mainnet-long-benchmark[4120996]: INF 2026-08-27 13:22:05.479+00:00 Imported blocks                            blockNumber=11280385 slot=1 blocks=11280384 txs=905986224 mgas=56152175 bps=58.31 tps=10566 mgps=710.7 avgBps=168.9 avgTps=13562 avgMGps=840.6 elapsed=18h33m21s
Aug 27 13:24:28 nimbus-eth1-mainnet-long-benchmark[4120996]: INF 2026-08-27 13:24:28.773+00:00 Imported blocks                            blockNumber=11288577 slot=1 blocks=11288576 txs=907382968 mgas=56252174 bps=57.17 tps=9747 mgps=697.9 avgBps=168.6 avgTps=13554 avgMGps=840.3 elapsed=18h35m45s
Aug 27 13:26:51 nimbus-eth1-mainnet-long-benchmark[4120996]: INF 2026-08-27 13:26:51.195+00:00 Imported blocks                            blockNumber=11296769 slot=1 blocks=11296768 txs=908853868 mgas=56351959 bps=57.52 tps=10327 mgps=700.6 avgBps=168.4 avgTps=13547 avgMGps=840.0 elapsed=18h38m7s
Aug 27 13:29:15 nimbus-eth1-mainnet-long-benchmark[4120996]: INF 2026-08-27 13:29:15.988+00:00 Imported blocks                            blockNumber=11304961 slot=1 blocks=11304960 txs=910283917 mgas=56451646 bps=56.58 tps=9876 mgps=688.5 avgBps=168.1 avgTps=13539 avgMGps=839.6 elapsed=18h40m32s
Aug 27 13:31:42 nimbus-eth1-mainnet-long-benchmark[4120996]: INF 2026-08-27 13:31:42.498+00:00 Imported blocks                            blockNumber=11313153 slot=1 blocks=11313152 txs=911737756 mgas=56551313 bps=55.92 tps=9923 mgps=680.3 avgBps=167.9 avgTps=13531 avgMGps=839.3 elapsed=18h42m58s
Aug 27 13:34:07 nimbus-eth1-mainnet-long-benchmark[4120996]: INF 2026-08-27 13:34:07.468+00:00 Imported blocks                            blockNumber=11321345 slot=1 blocks=11321344 txs=913333512 mgas=56651047 bps=56.51 tps=11007 mgps=687.9 avgBps=167.7 avgTps=13526 avgMGps=839.0 elapsed=18h45m23s
Aug 27 13:36:31 nimbus-eth1-mainnet-long-benchmark[4120996]: INF 2026-08-27 13:36:31.462+00:00 Imported blocks                            blockNumber=11329537 slot=1 blocks=11329536 txs=914861548 mgas=56750835 bps=56.89 tps=10612 mgps=693.0 avgBps=167.4 avgTps=13519 avgMGps=838.7 elapsed=18h47m47s
Aug 27 13:38:55 nimbus-eth1-mainnet-long-benchmark[4120996]: INF 2026-08-27 13:38:55.379+00:00 Imported blocks                            blockNumber=11337729 slot=1 blocks=11337728 txs=916306605 mgas=56850378 bps=56.92 tps=10040 mgps=691.7 avgBps=167.2 avgTps=13512 avgMGps=838.4 elapsed=18h50m11s
Aug 27 13:41:17 nimbus-eth1-mainnet-long-benchmark[4120996]: INF 2026-08-27 13:41:17.433+00:00 Imported blocks                            blockNumber=11345921 slot=1 blocks=11345920 txs=917665904 mgas=56950452 bps=57.67 tps=9569 mgps=704.5 avgBps=167.0 avgTps=13504 avgMGps=838.1 elapsed=18h52m33s
Aug 27 13:43:39 nimbus-eth1-mainnet-long-benchmark[4120996]: INF 2026-08-27 13:43:39.095+00:00 Imported blocks                            blockNumber=11354113 slot=1 blocks=11354112 txs=918880331 mgas=57050238 bps=57.83 tps=8572 mgps=704.4 avgBps=166.7 avgTps=13493 avgMGps=837.8 elapsed=18h54m55s
Aug 27 13:46:06 nimbus-eth1-mainnet-long-benchmark[4120996]: INF 2026-08-27 13:46:06.088+00:00 Imported blocks                            blockNumber=11362305 slot=1 blocks=11362304 txs=920328870 mgas=57150115 bps=55.73 tps=9854 mgps=679.5 avgBps=166.5 avgTps=13486 avgMGps=837.5 elapsed=18h57m22s
Aug 27 13:48:30 nimbus-eth1-mainnet-long-benchmark[4120996]: INF 2026-08-27 13:48:30.550+00:00 Imported blocks                            blockNumber=11370497 slot=1 blocks=11370496 txs=921772312 mgas=57250021 bps=56.71 tps=9991 mgps=691.6 avgBps=166.3 avgTps=13478 avgMGps=837.1 elapsed=18h59m46s
Aug 27 13:50:51 nimbus-eth1-mainnet-long-benchmark[4120996]: INF 2026-08-27 13:50:51.316+00:00 Imported blocks                            blockNumber=11378689 slot=1 blocks=11378688 txs=923145258 mgas=57349515 bps=58.20 tps=9753 mgps=706.8 avgBps=166.0 avgTps=13471 avgMGps=836.9 elapsed=19h2m7s
Aug 27 13:53:16 nimbus-eth1-mainnet-long-benchmark[4120996]: INF 2026-08-27 13:53:16.978+00:00 Imported blocks                            blockNumber=11386881 slot=1 blocks=11386880 txs=924605974 mgas=57449435 bps=56.24 tps=10028 mgps=686.0 avgBps=165.8 avgTps=13463 avgMGps=836.6 elapsed=19h4m33s
Aug 27 13:55:41 nimbus-eth1-mainnet-long-benchmark[4120996]: INF 2026-08-27 13:55:41.439+00:00 Imported blocks                            blockNumber=11395073 slot=1 blocks=11395072 txs=925930845 mgas=57549237 bps=56.71 tps=9171 mgps=690.9 avgBps=165.6 avgTps=13454 avgMGps=836.3 elapsed=19h6m57s
Aug 27 13:58:03 nimbus-eth1-mainnet-long-benchmark[4120996]: INF 2026-08-27 13:58:03.025+00:00 Imported blocks                            blockNumber=11403265 slot=1 blocks=11403264 txs=927225489 mgas=57648989 bps=57.86 tps=9143 mgps=704.5 avgBps=165.4 avgTps=13445 avgMGps=836.0 elapsed=19h9m19s
Aug 27 14:00:25 nimbus-eth1-mainnet-long-benchmark[4120996]: INF 2026-08-27 14:00:25.003+00:00 Imported blocks                            blockNumber=11411457 slot=1 blocks=11411456 txs=928652652 mgas=57748925 bps=57.70 tps=10051 mgps=703.9 avgBps=165.1 avgTps=13438 avgMGps=835.7 elapsed=19h11m41s
Aug 27 14:02:47 nimbus-eth1-mainnet-long-benchmark[4120996]: INF 2026-08-27 14:02:47.553+00:00 Imported blocks                            blockNumber=11419649 slot=1 blocks=11419648 txs=930123591 mgas=57848826 bps=57.47 tps=10319 mgps=700.8 avgBps=164.9 avgTps=13432 avgMGps=835.4 elapsed=19h14m3s
Aug 27 14:05:10 nimbus-eth1-mainnet-long-benchmark[4120996]: INF 2026-08-27 14:05:10.094+00:00 Imported blocks                            blockNumber=11427841 slot=1 blocks=11427840 txs=931498085 mgas=57948784 bps=57.47 tps=9642 mgps=701.3 avgBps=164.7 avgTps=13424 avgMGps=835.2 elapsed=19h16m26s
Aug 27 14:07:30 nimbus-eth1-mainnet-long-benchmark[4120996]: INF 2026-08-27 14:07:30.488+00:00 Imported blocks                            blockNumber=11436033 slot=1 blocks=11436032 txs=932910947 mgas=58049014 bps=58.35 tps=10063 mgps=713.9 avgBps=164.5 avgTps=13417 avgMGps=834.9 elapsed=19h18m46s
Aug 27 14:09:50 nimbus-eth1-mainnet-long-benchmark[4120996]: INF 2026-08-27 14:09:50.434+00:00 Imported blocks                            blockNumber=11444225 slot=1 blocks=11444224 txs=934285196 mgas=58149068 bps=58.54 tps=9820 mgps=715.0 avgBps=164.3 avgTps=13410 avgMGps=834.7 elapsed=19h21m6s
Aug 27 14:12:12 nimbus-eth1-mainnet-long-benchmark[4120996]: INF 2026-08-27 14:12:12.708+00:00 Imported blocks                            blockNumber=11452417 slot=1 blocks=11452416 txs=935856415 mgas=58248908 bps=57.58 tps=11043 mgps=701.7 avgBps=164.1 avgTps=13405 avgMGps=834.4 elapsed=19h23m29s
Aug 27 14:14:34 nimbus-eth1-mainnet-long-benchmark[4120996]: INF 2026-08-27 14:14:34.742+00:00 Imported blocks                            blockNumber=11460609 slot=1 blocks=11460608 txs=937352294 mgas=58348919 bps=57.68 tps=10531 mgps=704.1 avgBps=163.8 avgTps=13400 avgMGps=834.1 elapsed=19h25m51s
Aug 27 14:16:59 nimbus-eth1-mainnet-long-benchmark[4120996]: INF 2026-08-27 14:16:59.899+00:00 Imported blocks                            blockNumber=11468801 slot=1 blocks=11468800 txs=938956713 mgas=58449035 bps=56.44 tps=11053 mgps=689.7 avgBps=163.6 avgTps=13395 avgMGps=833.8 elapsed=19h28m16s
Aug 27 14:19:23 nimbus-eth1-mainnet-long-benchmark[4120996]: INF 2026-08-27 14:19:23.229+00:00 Imported blocks                            blockNumber=11476993 slot=1 blocks=11476992 txs=940589831 mgas=58548856 bps=57.15 tps=11394 mgps=696.4 avgBps=163.4 avgTps=13391 avgMGps=833.6 elapsed=19h30m39s
Aug 27 14:21:53 nimbus-eth1-mainnet-long-benchmark[4120996]: INF 2026-08-27 14:21:53.191+00:00 Imported blocks                            blockNumber=11485185 slot=1 blocks=11485184 txs=942094293 mgas=58648792 bps=54.63 tps=10032 mgps=666.4 avgBps=163.2 avgTps=13383 avgMGps=833.2 elapsed=19h33m9s
Aug 27 14:24:22 nimbus-eth1-mainnet-long-benchmark[4120996]: INF 2026-08-27 14:24:22.268+00:00 Imported blocks                            blockNumber=11493377 slot=1 blocks=11493376 txs=943411990 mgas=58749292 bps=54.95 tps=8838 mgps=674.1 avgBps=162.9 avgTps=13374 avgMGps=832.9 elapsed=19h35m38s
Aug 27 14:26:46 nimbus-eth1-mainnet-long-benchmark[4120996]: INF 2026-08-27 14:26:46.254+00:00 Imported blocks                            blockNumber=11501569 slot=1 blocks=11501568 txs=944868014 mgas=58849466 bps=56.90 tps=10112 mgps=695.7 avgBps=162.7 avgTps=13367 avgMGps=832.6 elapsed=19h38m2s
Aug 27 14:29:07 nimbus-eth1-mainnet-long-benchmark[4120996]: INF 2026-08-27 14:29:07.168+00:00 Imported blocks                            blockNumber=11509761 slot=1 blocks=11509760 txs=946381337 mgas=58949472 bps=58.13 tps=10739 mgps=709.7 avgBps=162.5 avgTps=13362 avgMGps=832.3 elapsed=19h40m23s
Aug 27 14:31:32 nimbus-eth1-mainnet-long-benchmark[4120996]: INF 2026-08-27 14:31:32.565+00:00 Imported blocks                            blockNumber=11517953 slot=1 blocks=11517952 txs=947900944 mgas=59049424 bps=56.34 tps=10451 mgps=687.5 avgBps=162.3 avgTps=13356 avgMGps=832.0 elapsed=19h42m48s
Aug 27 14:33:56 nimbus-eth1-mainnet-long-benchmark[4120996]: INF 2026-08-27 14:33:56.543+00:00 Imported blocks                            blockNumber=11526145 slot=1 blocks=11526144 txs=949284350 mgas=59149231 bps=56.90 tps=9608 mgps=693.2 avgBps=162.1 avgTps=13348 avgMGps=831.8 elapsed=19h45m12s
Aug 27 14:36:26 nimbus-eth1-mainnet-long-benchmark[4120996]: INF 2026-08-27 14:36:26.969+00:00 Imported blocks                            blockNumber=11534337 slot=1 blocks=11534336 txs=950707003 mgas=59249292 bps=54.46 tps=9457 mgps=665.2 avgBps=161.9 avgTps=13340 avgMGps=831.4 elapsed=19h47m43s
Aug 27 14:38:55 nimbus-eth1-mainnet-long-benchmark[4120996]: INF 2026-08-27 14:38:55.710+00:00 Imported blocks                            blockNumber=11542529 slot=1 blocks=11542528 txs=952252480 mgas=59349223 bps=55.08 tps=10390 mgps=671.9 avgBps=161.6 avgTps=13334 avgMGps=831.1 elapsed=19h50m12s
Aug 27 14:41:22 nimbus-eth1-mainnet-long-benchmark[4120996]: INF 2026-08-27 14:41:22.556+00:00 Imported blocks                            blockNumber=11550721 slot=1 blocks=11550720 txs=953811012 mgas=59449465 bps=55.79 tps=10613 mgps=682.6 avgBps=161.4 avgTps=13329 avgMGps=830.8 elapsed=19h52m38s
Aug 27 14:43:44 nimbus-eth1-mainnet-long-benchmark[4120996]: INF 2026-08-27 14:43:44.946+00:00 Imported blocks                            blockNumber=11558913 slot=1 blocks=11558912 txs=955315448 mgas=59549227 bps=57.53 tps=10565 mgps=700.6 avgBps=161.2 avgTps=13323 avgMGps=830.5 elapsed=19h55m1s
Aug 27 14:46:11 nimbus-eth1-mainnet-long-benchmark[4120996]: INF 2026-08-27 14:46:11.451+00:00 Imported blocks                            blockNumber=11567105 slot=1 blocks=11567104 txs=956772618 mgas=59649065 bps=55.92 tps=9946 mgps=681.5 avgBps=161.0 avgTps=13316 avgMGps=830.2 elapsed=19h57m27s
Aug 27 14:48:41 nimbus-eth1-mainnet-long-benchmark[4120996]: INF 2026-08-27 14:48:41.189+00:00 Imported blocks                            blockNumber=11575297 slot=1 blocks=11575296 txs=958194474 mgas=59749425 bps=54.71 tps=9495 mgps=670.3 avgBps=160.8 avgTps=13308 avgMGps=829.9 elapsed=19h59m57s
Aug 27 14:51:11 nimbus-eth1-mainnet-long-benchmark[4120996]: INF 2026-08-27 14:51:11.431+00:00 Imported blocks                            blockNumber=11583489 slot=1 blocks=11583488 txs=959750196 mgas=59849569 bps=54.53 tps=10354 mgps=666.6 avgBps=160.6 avgTps=13302 avgMGps=829.5 elapsed=20h2m27s
Aug 27 14:53:41 nimbus-eth1-mainnet-long-benchmark[4120996]: INF 2026-08-27 14:53:41.528+00:00 Imported blocks                            blockNumber=11591681 slot=1 blocks=11591680 txs=961324874 mgas=59949469 bps=54.58 tps=10490 mgps=665.6 avgBps=160.3 avgTps=13296 avgMGps=829.2 elapsed=20h4m57s
Aug 27 14:56:10 nimbus-eth1-mainnet-long-benchmark[4120996]: INF 2026-08-27 14:56:10.226+00:00 Imported blocks                            blockNumber=11599873 slot=1 blocks=11599872 txs=962919439 mgas=60049518 bps=55.09 tps=10723 mgps=672.9 avgBps=160.1 avgTps=13291 avgMGps=828.9 elapsed=20h7m26s
Aug 27 14:58:45 nimbus-eth1-mainnet-long-benchmark[4120996]: INF 2026-08-27 14:58:45.667+00:00 Imported blocks                            blockNumber=11608065 slot=1 blocks=11608064 txs=964578479 mgas=60149848 bps=52.70 tps=10672 mgps=645.4 avgBps=159.9 avgTps=13285 avgMGps=828.5 elapsed=20h10m2s
Aug 27 15:01:13 nimbus-eth1-mainnet-long-benchmark[4120996]: INF 2026-08-27 15:01:13.097+00:00 Imported blocks                            blockNumber=11616257 slot=1 blocks=11616256 txs=966195922 mgas=60250068 bps=55.57 tps=10971 mgps=679.8 avgBps=159.7 avgTps=13281 avgMGps=828.2 elapsed=20h12m29s
Aug 27 15:03:42 nimbus-eth1-mainnet-long-benchmark[4120996]: INF 2026-08-27 15:03:42.063+00:00 Imported blocks                            blockNumber=11624449 slot=1 blocks=11624448 txs=967728545 mgas=60350148 bps=54.99 tps=10288 mgps=671.8 avgBps=159.5 avgTps=13275 avgMGps=827.9 elapsed=20h14m58s
Aug 27 15:06:11 nimbus-eth1-mainnet-long-benchmark[4120996]: INF 2026-08-27 15:06:11.716+00:00 Imported blocks                            blockNumber=11632641 slot=1 blocks=11632640 txs=969270906 mgas=60450186 bps=54.74 tps=10306 mgps=668.5 avgBps=159.2 avgTps=13268 avgMGps=827.5 elapsed=20h17m28s
Aug 27 15:08:37 nimbus-eth1-mainnet-long-benchmark[4120996]: INF 2026-08-27 15:08:37.962+00:00 Imported blocks                            blockNumber=11640833 slot=1 blocks=11640832 txs=970842767 mgas=60550495 bps=56.02 tps=10748 mgps=685.9 avgBps=159.0 avgTps=13263 avgMGps=827.3 elapsed=20h19m54s
Aug 27 15:11:07 nimbus-eth1-mainnet-long-benchmark[4120996]: INF 2026-08-27 15:11:06.996+00:00 Imported blocks                            blockNumber=11649025 slot=1 blocks=11649024 txs=972238488 mgas=60650873 bps=54.97 tps=9365 mgps=673.5 avgBps=158.8 avgTps=13255 avgMGps=826.9 elapsed=20h22m23s
Aug 27 15:13:37 nimbus-eth1-mainnet-long-benchmark[4120996]: INF 2026-08-27 15:13:37.209+00:00 Imported blocks                            blockNumber=11657217 slot=1 blocks=11657216 txs=973728709 mgas=60751099 bps=54.54 tps=9920 mgps=667.2 avgBps=158.6 avgTps=13249 avgMGps=826.6 elapsed=20h24m53s
Aug 27 15:16:02 nimbus-eth1-mainnet-long-benchmark[4120996]: INF 2026-08-27 15:16:02.475+00:00 Imported blocks                            blockNumber=11665409 slot=1 blocks=11665408 txs=975242448 mgas=60851085 bps=56.39 tps=10420 mgps=688.3 avgBps=158.4 avgTps=13243 avgMGps=826.3 elapsed=20h27m18s
Aug 27 15:18:26 nimbus-eth1-mainnet-long-benchmark[4120996]: INF 2026-08-27 15:18:26.201+00:00 Imported blocks                            blockNumber=11673601 slot=1 blocks=11673600 txs=976729163 mgas=60951050 bps=57.00 tps=10344 mgps=695.5 avgBps=158.2 avgTps=13237 avgMGps=826.1 elapsed=20h29m42s
Aug 27 15:20:53 nimbus-eth1-mainnet-long-benchmark[4120996]: INF 2026-08-27 15:20:53.442+00:00 Imported blocks                            blockNumber=11681793 slot=1 blocks=11681792 txs=978226542 mgas=61050547 bps=55.64 tps=10169 mgps=675.8 avgBps=158.0 avgTps=13231 avgMGps=825.8 elapsed=20h32m9s
Aug 27 15:23:16 nimbus-eth1-mainnet-long-benchmark[4120996]: INF 2026-08-27 15:23:16.896+00:00 Imported blocks                            blockNumber=11689985 slot=1 blocks=11689984 txs=979782217 mgas=61150131 bps=57.10 tps=10844 mgps=694.2 avgBps=157.8 avgTps=13227 avgMGps=825.5 elapsed=20h34m33s
Aug 27 15:25:38 nimbus-eth1-mainnet-long-benchmark[4120996]: INF 2026-08-27 15:25:38.226+00:00 Imported blocks                            blockNumber=11698177 slot=1 blocks=11698176 txs=981308642 mgas=61250106 bps=57.96 tps=10800 mgps=707.4 avgBps=157.6 avgTps=13222 avgMGps=825.3 elapsed=20h36m54s
Aug 27 15:28:56 nimbus-eth1-mainnet-long-benchmark[4120996]: INF 2026-08-27 15:28:56.635+00:00 Imported blocks                            blockNumber=11706369 slot=1 blocks=11706368 txs=982815527 mgas=61350312 bps=41.29 tps=7594 mgps=505.1 avgBps=157.3 avgTps=13207 avgMGps=824.5 elapsed=20h40m13s
Aug 27 15:32:19 nimbus-eth1-mainnet-long-benchmark[4120996]: INF 2026-08-27 15:32:19.079+00:00 Imported blocks                            blockNumber=11714561 slot=1 blocks=11714560 txs=984232667 mgas=61450389 bps=40.46 tps=6999 mgps=494.3 avgBps=157.0 avgTps=13190 avgMGps=823.6 elapsed=20h43m35s
Aug 27 15:35:13 nimbus-eth1-mainnet-long-benchmark[4120996]: INF 2026-08-27 15:35:13.501+00:00 Imported blocks                            blockNumber=11722753 slot=1 blocks=11722752 txs=985651994 mgas=61550574 bps=46.97 tps=8137 mgps=574.4 avgBps=156.7 avgTps=13178 avgMGps=823.0 elapsed=20h46m29s
Aug 27 15:37:45 nimbus-eth1-mainnet-long-benchmark[4120996]: INF 2026-08-27 15:37:45.254+00:00 Imported blocks                            blockNumber=11730945 slot=1 blocks=11730944 txs=987187320 mgas=61650327 bps=53.98 tps=10117 mgps=657.3 avgBps=156.5 avgTps=13172 avgMGps=822.6 elapsed=20h49m1s
Aug 27 15:40:09 nimbus-eth1-mainnet-long-benchmark[4120996]: INF 2026-08-27 15:40:09.492+00:00 Imported blocks                            blockNumber=11739137 slot=1 blocks=11739136 txs=988662670 mgas=61750448 bps=56.79 tps=10228 mgps=694.1 avgBps=156.3 avgTps=13167 avgMGps=822.4 elapsed=20h51m25s
Aug 27 15:42:35 nimbus-eth1-mainnet-long-benchmark[4120996]: INF 2026-08-27 15:42:35.381+00:00 Imported blocks                            blockNumber=11747329 slot=1 blocks=11747328 txs=990124985 mgas=61850558 bps=56.15 tps=10023 mgps=686.2 avgBps=156.1 avgTps=13160 avgMGps=822.1 elapsed=20h53m51s
Aug 27 15:45:00 nimbus-eth1-mainnet-long-benchmark[4120996]: INF 2026-08-27 15:45:00.515+00:00 Imported blocks                            blockNumber=11755521 slot=1 blocks=11755520 txs=991732969 mgas=61950777 bps=56.44 tps=11079 mgps=690.5 avgBps=156.0 avgTps=13156 avgMGps=821.9 elapsed=20h56m16s
Aug 27 15:47:24 nimbus-eth1-mainnet-long-benchmark[4120996]: INF 2026-08-27 15:47:24.469+00:00 Imported blocks                            blockNumber=11763713 slot=1 blocks=11763712 txs=993294061 mgas=62050868 bps=56.91 tps=10844 mgps=695.3 avgBps=155.8 avgTps=13152 avgMGps=821.6 elapsed=20h58m40s
Aug 27 15:49:44 nimbus-eth1-mainnet-long-benchmark[4120996]: INF 2026-08-27 15:49:44.259+00:00 Imported blocks                            blockNumber=11771905 slot=1 blocks=11771904 txs=994928426 mgas=62150843 bps=58.60 tps=11691 mgps=715.2 avgBps=155.6 avgTps=13149 avgMGps=821.4 elapsed=21h1m674ms
Aug 27 15:52:11 nimbus-eth1-mainnet-long-benchmark[4120996]: INF 2026-08-27 15:52:11.148+00:00 Imported blocks                            blockNumber=11780097 slot=1 blocks=11780096 txs=996539889 mgas=62250996 bps=55.77 tps=10970 mgps=681.8 avgBps=155.4 avgTps=13145 avgMGps=821.2 elapsed=21h3m27s
Aug 27 15:54:32 nimbus-eth1-mainnet-long-benchmark[4120996]: INF 2026-08-27 15:54:32.490+00:00 Imported blocks                            blockNumber=11788289 slot=1 blocks=11788288 txs=998199377 mgas=62351047 bps=57.96 tps=11741 mgps=707.9 avgBps=155.2 avgTps=13143 avgMGps=821.0 elapsed=21h5m48s
Aug 27 15:56:52 nimbus-eth1-mainnet-long-benchmark[4120996]: INF 2026-08-27 15:56:52.596+00:00 Imported blocks                            blockNumber=11796481 slot=1 blocks=11796480 txs=999865151 mgas=62451024 bps=58.47 tps=11889 mgps=713.6 avgBps=155.0 avgTps=13140 avgMGps=820.8 elapsed=21h8m9s
Aug 27 15:59:12 nimbus-eth1-mainnet-long-benchmark[4120996]: INF 2026-08-27 15:59:12.002+00:00 Imported blocks                            blockNumber=11804673 slot=1 blocks=11804672 txs=1001460496 mgas=62551010 bps=58.77 tps=11444 mgps=717.3 avgBps=154.9 avgTps=13137 avgMGps=820.6 elapsed=21h10m28s
Aug 27 16:01:32 nimbus-eth1-mainnet-long-benchmark[4120996]: INF 2026-08-27 16:01:32.867+00:00 Imported blocks                            blockNumber=11812865 slot=1 blocks=11812864 txs=1002984542 mgas=62650739 bps=58.15 tps=10818 mgps=708.0 avgBps=154.7 avgTps=13133 avgMGps=820.4 elapsed=21h12m49s
Aug 27 16:03:59 nimbus-eth1-mainnet-long-benchmark[4120996]: INF 2026-08-27 16:03:59.321+00:00 Imported blocks                            blockNumber=11821057 slot=1 blocks=11821056 txs=1004625755 mgas=62750904 bps=55.94 tps=11206 mgps=683.9 avgBps=154.5 avgTps=13129 avgMGps=820.1 elapsed=21h15m15s
Aug 27 16:06:21 nimbus-eth1-mainnet-long-benchmark[4120996]: INF 2026-08-27 16:06:21.619+00:00 Imported blocks                            blockNumber=11829249 slot=1 blocks=11829248 txs=1006305786 mgas=62850813 bps=57.57 tps=11806 mgps=702.1 avgBps=154.3 avgTps=13127 avgMGps=819.9 elapsed=21h17m38s
Aug 27 16:08:44 nimbus-eth1-mainnet-long-benchmark[4120996]: INF 2026-08-27 16:08:44.944+00:00 Imported blocks                            blockNumber=11837441 slot=1 blocks=11837440 txs=1007918111 mgas=62950694 bps=57.16 tps=11249 mgps=696.9 avgBps=154.1 avgTps=13123 avgMGps=819.7 elapsed=21h20m1s
Aug 27 16:11:09 nimbus-eth1-mainnet-long-benchmark[4120996]: INF 2026-08-27 16:11:09.546+00:00 Imported blocks                            blockNumber=11845633 slot=1 blocks=11845632 txs=1009532362 mgas=63050665 bps=56.65 tps=11163 mgps=691.4 avgBps=153.9 avgTps=13120 avgMGps=819.4 elapsed=21h22m25s
Aug 27 16:13:34 nimbus-eth1-mainnet-long-benchmark[4120996]: INF 2026-08-27 16:13:34.476+00:00 Imported blocks                            blockNumber=11853825 slot=1 blocks=11853824 txs=1011088639 mgas=63150643 bps=56.52 tps=10738 mgps=689.8 avgBps=153.8 avgTps=13115 avgMGps=819.2 elapsed=21h24m50s
Aug 27 16:16:00 nimbus-eth1-mainnet-long-benchmark[4120996]: INF 2026-08-27 16:16:00.257+00:00 Imported blocks                            blockNumber=11862017 slot=1 blocks=11862016 txs=1012601593 mgas=63250661 bps=56.19 tps=10378 mgps=686.1 avgBps=153.6 avgTps=13110 avgMGps=818.9 elapsed=21h27m16s
Aug 27 16:18:23 nimbus-eth1-mainnet-long-benchmark[4120996]: INF 2026-08-27 16:18:23.139+00:00 Imported blocks                            blockNumber=11870209 slot=1 blocks=11870208 txs=1014150630 mgas=63350547 bps=57.33 tps=10841 mgps=699.1 avgBps=153.4 avgTps=13106 avgMGps=818.7 elapsed=21h29m39s
Aug 27 16:20:48 nimbus-eth1-mainnet-long-benchmark[4120996]: INF 2026-08-27 16:20:48.389+00:00 Imported blocks                            blockNumber=11878401 slot=1 blocks=11878400 txs=1015722058 mgas=63450711 bps=56.40 tps=10818 mgps=689.6 avgBps=153.2 avgTps=13101 avgMGps=818.5 elapsed=21h32m4s
Aug 27 16:23:11 nimbus-eth1-mainnet-long-benchmark[4120996]: INF 2026-08-27 16:23:11.430+00:00 Imported blocks                            blockNumber=11886593 slot=1 blocks=11886592 txs=1017390363 mgas=63551023 bps=57.27 tps=11663 mgps=701.3 avgBps=153.0 avgTps=13099 avgMGps=818.2 elapsed=21h34m27s
Aug 27 16:25:37 nimbus-eth1-mainnet-long-benchmark[4120996]: INF 2026-08-27 16:25:37.696+00:00 Imported blocks                            blockNumber=11894785 slot=1 blocks=11894784 txs=1019072428 mgas=63651049 bps=56.01 tps=11500 mgps=683.9 avgBps=152.9 avgTps=13096 avgMGps=818.0 elapsed=21h36m54s
Aug 27 16:28:06 nimbus-eth1-mainnet-long-benchmark[4120996]: INF 2026-08-27 16:28:06.626+00:00 Imported blocks                            blockNumber=11902977 slot=1 blocks=11902976 txs=1020642738 mgas=63751161 bps=55.01 tps=10543 mgps=672.2 avgBps=152.7 avgTps=13091 avgMGps=817.7 elapsed=21h39m23s
Aug 27 16:30:34 nimbus-eth1-mainnet-long-benchmark[4120996]: INF 2026-08-27 16:30:34.311+00:00 Imported blocks                            blockNumber=11911169 slot=1 blocks=11911168 txs=1022287671 mgas=63851316 bps=55.47 tps=11137 mgps=678.1 avgBps=152.5 avgTps=13087 avgMGps=817.4 elapsed=21h41m50s
Aug 27 16:33:00 nimbus-eth1-mainnet-long-benchmark[4120996]: INF 2026-08-27 16:33:00.441+00:00 Imported blocks                            blockNumber=11919361 slot=1 blocks=11919360 txs=1023944492 mgas=63951523 bps=56.06 tps=11338 mgps=685.8 avgBps=152.3 avgTps=13084 avgMGps=817.2 elapsed=21h44m16s
Aug 27 16:35:25 nimbus-eth1-mainnet-long-benchmark[4120996]: INF 2026-08-27 16:35:25.091+00:00 Imported blocks                            blockNumber=11927553 slot=1 blocks=11927552 txs=1025526985 mgas=64051650 bps=56.63 tps=10940 mgps=692.2 avgBps=152.1 avgTps=13080 avgMGps=817.0 elapsed=21h46m41s
Aug 27 16:37:51 nimbus-eth1-mainnet-long-benchmark[4120996]: INF 2026-08-27 16:37:51.048+00:00 Imported blocks                            blockNumber=11935745 slot=1 blocks=11935744 txs=1027048460 mgas=64151817 bps=56.12 tps=10423 mgps=686.3 avgBps=152.0 avgTps=13075 avgMGps=816.7 elapsed=21h49m7s
Aug 27 16:40:23 nimbus-eth1-mainnet-long-benchmark[4120996]: INF 2026-08-27 16:40:23.178+00:00 Imported blocks                            blockNumber=11943937 slot=1 blocks=11943936 txs=1028570143 mgas=64252205 bps=53.85 tps=10002 mgps=659.9 avgBps=151.8 avgTps=13069 avgMGps=816.4 elapsed=21h51m39s
Aug 27 16:42:59 nimbus-eth1-mainnet-long-benchmark[4120996]: INF 2026-08-27 16:42:59.171+00:00 Imported blocks                            blockNumber=11952129 slot=1 blocks=11952128 txs=1030059442 mgas=64352172 bps=52.51 tps=9547 mgps=640.8 avgBps=151.6 avgTps=13062 avgMGps=816.1 elapsed=21h54m15s
Aug 27 16:45:29 nimbus-eth1-mainnet-long-benchmark[4120996]: INF 2026-08-27 16:45:29.525+00:00 Imported blocks                            blockNumber=11960321 slot=1 blocks=11960320 txs=1031604077 mgas=64452459 bps=54.49 tps=10273 mgps=667.0 avgBps=151.4 avgTps=13057 avgMGps=815.8 elapsed=21h56m45s
Aug 27 16:48:00 nimbus-eth1-mainnet-long-benchmark[4120996]: INF 2026-08-27 16:48:00.787+00:00 Imported blocks                            blockNumber=11968513 slot=1 blocks=11968512 txs=1033165529 mgas=64552822 bps=54.16 tps=10323 mgps=663.5 avgBps=151.2 avgTps=13052 avgMGps=815.5 elapsed=21h59m17s
Aug 27 16:50:32 nimbus-eth1-mainnet-long-benchmark[4120996]: INF 2026-08-27 16:50:32.880+00:00 Imported blocks                            blockNumber=11976705 slot=1 blocks=11976704 txs=1034713496 mgas=64652629 bps=53.86 tps=10177 mgps=656.2 avgBps=151.0 avgTps=13046 avgMGps=815.2 elapsed=22h1m49s
Aug 27 16:53:01 nimbus-eth1-mainnet-long-benchmark[4120996]: INF 2026-08-27 16:53:01.642+00:00 Imported blocks                            blockNumber=11984897 slot=1 blocks=11984896 txs=1036198659 mgas=64753053 bps=55.07 tps=9983 mgps=675.1 avgBps=150.8 avgTps=13040 avgMGps=814.9 elapsed=22h4m18s
Aug 27 16:55:29 nimbus-eth1-mainnet-long-benchmark[4120996]: INF 2026-08-27 16:55:29.447+00:00 Imported blocks                            blockNumber=11993089 slot=1 blocks=11993088 txs=1037690161 mgas=64853607 bps=55.42 tps=10090 mgps=680.3 avgBps=150.7 avgTps=13035 avgMGps=814.7 elapsed=22h6m45s
Aug 27 16:57:56 nimbus-eth1-mainnet-long-benchmark[4120996]: INF 2026-08-27 16:57:56.157+00:00 Imported blocks                            blockNumber=12001281 slot=1 blocks=12001280 txs=1039201758 mgas=64954108 bps=55.84 tps=10303 mgps=685.0 avgBps=150.5 avgTps=13030 avgMGps=814.4 elapsed=22h9m12s
Aug 27 17:00:26 nimbus-eth1-mainnet-long-benchmark[4120996]: INF 2026-08-27 17:00:26.479+00:00 Imported blocks                            blockNumber=12009473 slot=1 blocks=12009472 txs=1040814887 mgas=65054498 bps=54.50 tps=10731 mgps=667.8 avgBps=150.3 avgTps=13025 avgMGps=814.2 elapsed=22h11m42s
Aug 27 17:02:54 nimbus-eth1-mainnet-long-benchmark[4120996]: INF 2026-08-27 17:02:54.988+00:00 Imported blocks                            blockNumber=12017665 slot=1 blocks=12017664 txs=1042433026 mgas=65154680 bps=55.16 tps=10895 mgps=674.6 avgBps=150.1 avgTps=13022 avgMGps=813.9 elapsed=22h14m11s
Aug 27 17:05:18 nimbus-eth1-mainnet-long-benchmark[4120996]: INF 2026-08-27 17:05:18.982+00:00 Imported blocks                            blockNumber=12025857 slot=1 blocks=12025856 txs=1044103257 mgas=65255474 bps=56.89 tps=11599 mgps=700.0 avgBps=150.0 avgTps=13019 avgMGps=813.7 elapsed=22h16m35s
Aug 27 17:07:46 nimbus-eth1-mainnet-long-benchmark[4120996]: INF 2026-08-27 17:07:46.891+00:00 Imported blocks                            blockNumber=12034049 slot=1 blocks=12034048 txs=1045721436 mgas=65356448 bps=55.38 tps=10940 mgps=682.7 avgBps=149.8 avgTps=13015 avgMGps=813.5 elapsed=22h19m3s
Aug 27 17:10:15 nimbus-eth1-mainnet-long-benchmark[4120996]: INF 2026-08-27 17:10:15.341+00:00 Imported blocks                            blockNumber=12042241 slot=1 blocks=12042240 txs=1047357726 mgas=65457074 bps=55.19 tps=11022 mgps=677.9 avgBps=149.6 avgTps=13011 avgMGps=813.2 elapsed=22h21m31s
Aug 27 17:12:40 nimbus-eth1-mainnet-long-benchmark[4120996]: INF 2026-08-27 17:12:40.915+00:00 Imported blocks                            blockNumber=12050433 slot=1 blocks=12050432 txs=1049021771 mgas=65557866 bps=56.27 tps=11430 mgps=692.4 avgBps=149.4 avgTps=13009 avgMGps=813.0 elapsed=22h23m57s
Aug 27 17:15:04 nimbus-eth1-mainnet-long-benchmark[4120996]: INF 2026-08-27 17:15:04.368+00:00 Imported blocks                            blockNumber=12058625 slot=1 blocks=12058624 txs=1050636154 mgas=65658476 bps=57.11 tps=11253 mgps=701.4 avgBps=149.3 avgTps=13006 avgMGps=812.8 elapsed=22h26m20s
Aug 27 17:17:28 nimbus-eth1-mainnet-long-benchmark[4120996]: INF 2026-08-27 17:17:28.886+00:00 Imported blocks                            blockNumber=12066817 slot=1 blocks=12066816 txs=1052262690 mgas=65759029 bps=56.69 tps=11255 mgps=695.8 avgBps=149.1 avgTps=13002 avgMGps=812.6 elapsed=22h28m45s
Aug 27 17:19:58 nimbus-eth1-mainnet-long-benchmark[4120996]: INF 2026-08-27 17:19:58.068+00:00 Imported blocks                            blockNumber=12075009 slot=1 blocks=12075008 txs=1053889825 mgas=65859693 bps=54.91 tps=10906 mgps=674.8 avgBps=148.9 avgTps=12999 avgMGps=812.3 elapsed=22h31m14s
Aug 27 17:22:26 nimbus-eth1-mainnet-long-benchmark[4120996]: INF 2026-08-27 17:22:26.605+00:00 Imported blocks                            blockNumber=12083201 slot=1 blocks=12083200 txs=1055427916 mgas=65960533 bps=55.15 tps=10355 mgps=678.9 avgBps=148.8 avgTps=12994 avgMGps=812.1 elapsed=22h33m43s
Aug 27 17:24:48 nimbus-eth1-mainnet-long-benchmark[4120996]: INF 2026-08-27 17:24:48.895+00:00 Imported blocks                            blockNumber=12091393 slot=1 blocks=12091392 txs=1057058471 mgas=66061286 bps=57.57 tps=11459 mgps=708.1 avgBps=148.6 avgTps=12991 avgMGps=811.9 elapsed=22h36m5s
Aug 27 17:27:17 nimbus-eth1-mainnet-long-benchmark[4120996]: INF 2026-08-27 17:27:17.389+00:00 Imported blocks                            blockNumber=12099585 slot=1 blocks=12099584 txs=1058691669 mgas=66161897 bps=55.17 tps=10998 mgps=677.6 avgBps=148.4 avgTps=12987 avgMGps=811.7 elapsed=22h38m33s
Aug 27 17:29:43 nimbus-eth1-mainnet-long-benchmark[4120996]: INF 2026-08-27 17:29:43.526+00:00 Imported blocks                            blockNumber=12107777 slot=1 blocks=12107776 txs=1060385050 mgas=66262612 bps=56.06 tps=11587 mgps=689.2 avgBps=148.3 avgTps=12985 avgMGps=811.4 elapsed=22h40m59s
Aug 27 17:32:12 nimbus-eth1-mainnet-long-benchmark[4120996]: INF 2026-08-27 17:32:12.496+00:00 Imported blocks                            blockNumber=12115969 slot=1 blocks=12115968 txs=1062025510 mgas=66363294 bps=54.99 tps=11011 mgps=675.8 avgBps=148.1 avgTps=12981 avgMGps=811.2 elapsed=22h43m28s
Aug 27 17:34:43 nimbus-eth1-mainnet-long-benchmark[4120996]: INF 2026-08-27 17:34:43.374+00:00 Imported blocks                            blockNumber=12124161 slot=1 blocks=12124160 txs=1063563618 mgas=66463987 bps=54.30 tps=10194 mgps=667.4 avgBps=147.9 avgTps=12976 avgMGps=810.9 elapsed=22h45m59s
Aug 27 17:37:18 nimbus-eth1-mainnet-long-benchmark[4120996]: INF 2026-08-27 17:37:18.567+00:00 Imported blocks                            blockNumber=12132353 slot=1 blocks=12132352 txs=1065092521 mgas=66564568 bps=52.78 tps=9851 mgps=648.1 avgBps=147.7 avgTps=12970 avgMGps=810.6 elapsed=22h48m34s
Aug 27 17:39:51 nimbus-eth1-mainnet-long-benchmark[4120996]: INF 2026-08-27 17:39:51.169+00:00 Imported blocks                            blockNumber=12140545 slot=1 blocks=12140544 txs=1066730666 mgas=66665136 bps=53.68 tps=10735 mgps=659.0 avgBps=147.6 avgTps=12966 avgMGps=810.3 elapsed=22h51m7s
Aug 27 17:42:43 nimbus-eth1-mainnet-long-benchmark[4120996]: INF 2026-08-27 17:42:43.926+00:00 Imported blocks                            blockNumber=12148737 slot=1 blocks=12148736 txs=1068417243 mgas=66765798 bps=47.42 tps=9762 mgps=582.7 avgBps=147.4 avgTps=12959 avgMGps=809.9 elapsed=22h54m343ms
Aug 27 17:45:30 nimbus-eth1-mainnet-long-benchmark[4120996]: INF 2026-08-27 17:45:30.519+00:00 Imported blocks                            blockNumber=12156929 slot=1 blocks=12156928 txs=1070117790 mgas=66866563 bps=49.17 tps=10207 mgps=604.8 avgBps=147.2 avgTps=12954 avgMGps=809.5 elapsed=22h56m46s
Aug 27 17:48:17 nimbus-eth1-mainnet-long-benchmark[4120996]: INF 2026-08-27 17:48:17.365+00:00 Imported blocks                            blockNumber=12165121 slot=1 blocks=12165120 txs=1071831088 mgas=66967154 bps=49.10 tps=10268 mgps=602.9 avgBps=147.0 avgTps=12948 avgMGps=809.0 elapsed=22h59m33s
Aug 27 17:51:01 nimbus-eth1-mainnet-long-benchmark[4120996]: INF 2026-08-27 17:51:01.686+00:00 Imported blocks                            blockNumber=12173313 slot=1 blocks=12173312 txs=1073389527 mgas=67067807 bps=49.85 tps=9484 mgps=612.5 avgBps=146.8 avgTps=12942 avgMGps=808.6 elapsed=23h2m18s
Aug 27 17:53:42 nimbus-eth1-mainnet-long-benchmark[4120996]: INF 2026-08-27 17:53:42.663+00:00 Imported blocks                            blockNumber=12181505 slot=1 blocks=12181504 txs=1074988458 mgas=67168514 bps=50.89 tps=9932 mgps=625.6 avgBps=146.6 avgTps=12936 avgMGps=808.3 elapsed=23h4m59s
Aug 27 17:56:18 nimbus-eth1-mainnet-long-benchmark[4120996]: INF 2026-08-27 17:56:18.297+00:00 Imported blocks                            blockNumber=12189697 slot=1 blocks=12189696 txs=1076646932 mgas=67269282 bps=52.64 tps=10656 mgps=647.5 avgBps=146.4 avgTps=12931 avgMGps=808.0 elapsed=23h7m34s
Aug 27 17:58:54 nimbus-eth1-mainnet-long-benchmark[4120996]: INF 2026-08-27 17:58:54.618+00:00 Imported blocks                            blockNumber=12197889 slot=1 blocks=12197888 txs=1078284309 mgas=67370200 bps=52.41 tps=10474 mgps=645.6 avgBps=146.2 avgTps=12927 avgMGps=807.7 elapsed=23h10m11s
Aug 27 18:01:30 nimbus-eth1-mainnet-long-benchmark[4120996]: INF 2026-08-27 18:01:30.000+00:00 Imported blocks                            blockNumber=12206081 slot=1 blocks=12206080 txs=1079939229 mgas=67471178 bps=52.72 tps=10650 mgps=649.9 avgBps=146.1 avgTps=12923 avgMGps=807.4 elapsed=23h12m46s
Aug 27 18:04:05 nimbus-eth1-mainnet-long-benchmark[4120996]: INF 2026-08-27 18:04:05.261+00:00 Imported blocks                            blockNumber=12214273 slot=1 blocks=12214272 txs=1081593167 mgas=67572234 bps=52.76 tps=10652 mgps=650.9 avgBps=145.9 avgTps=12918 avgMGps=807.1 elapsed=23h15m21s
Aug 27 18:06:48 nimbus-eth1-mainnet-long-benchmark[4120996]: INF 2026-08-27 18:06:48.543+00:00 Imported blocks                            blockNumber=12222465 slot=1 blocks=12222464 txs=1083151299 mgas=67673318 bps=50.17 tps=9542 mgps=619.1 avgBps=145.7 avgTps=12912 avgMGps=806.7 elapsed=23h18m4s
Aug 27 18:09:35 nimbus-eth1-mainnet-long-benchmark[4120996]: INF 2026-08-27 18:09:35.880+00:00 Imported blocks                            blockNumber=12230657 slot=1 blocks=12230656 txs=1084857611 mgas=67774376 bps=48.96 tps=10196 mgps=603.9 avgBps=145.5 avgTps=12906 avgMGps=806.3 elapsed=23h20m52s
Aug 27 18:12:16 nimbus-eth1-mainnet-long-benchmark[4120996]: INF 2026-08-27 18:12:16.733+00:00 Imported blocks                            blockNumber=12238849 slot=1 blocks=12238848 txs=1086624687 mgas=67875530 bps=50.93 tps=10985 mgps=628.9 avgBps=145.3 avgTps=12903 avgMGps=806.0 elapsed=23h23m33s
Aug 27 18:15:03 nimbus-eth1-mainnet-long-benchmark[4120996]: INF 2026-08-27 18:15:03.419+00:00 Imported blocks                            blockNumber=12247041 slot=1 blocks=12247040 txs=1088171794 mgas=67976686 bps=49.15 tps=9281 mgps=606.9 avgBps=145.1 avgTps=12896 avgMGps=805.6 elapsed=23h26m19s
Aug 27 18:17:39 nimbus-eth1-mainnet-long-benchmark[4120996]: INF 2026-08-27 18:17:39.344+00:00 Imported blocks                            blockNumber=12255233 slot=1 blocks=12255232 txs=1089979380 mgas=68077900 bps=52.54 tps=11592 mgps=649.1 avgBps=145.0 avgTps=12893 avgMGps=805.3 elapsed=23h28m55s
Aug 27 18:20:14 nimbus-eth1-mainnet-long-benchmark[4120996]: INF 2026-08-27 18:20:14.462+00:00 Imported blocks                            blockNumber=12263425 slot=1 blocks=12263424 txs=1091807298 mgas=68179240 bps=52.81 tps=11784 mgps=653.3 avgBps=144.8 avgTps=12891 avgMGps=805.0 elapsed=23h31m30s
Aug 27 18:22:52 nimbus-eth1-mainnet-long-benchmark[4120996]: INF 2026-08-27 18:22:52.255+00:00 Imported blocks                            blockNumber=12271617 slot=1 blocks=12271616 txs=1093619719 mgas=68280466 bps=51.92 tps=11485 mgps=641.5 avgBps=144.6 avgTps=12889 avgMGps=804.7 elapsed=23h34m8s
Aug 27 18:25:22 nimbus-eth1-mainnet-long-benchmark[4120996]: INF 2026-08-27 18:25:22.701+00:00 Imported blocks                            blockNumber=12279809 slot=1 blocks=12279808 txs=1095548724 mgas=68382531 bps=54.45 tps=12822 mgps=678.4 avgBps=144.5 avgTps=12888 avgMGps=804.5 elapsed=23h36m39s
Aug 27 18:28:16 nimbus-eth1-mainnet-long-benchmark[4120996]: INF 2026-08-27 18:28:16.438+00:00 Imported blocks                            blockNumber=12288001 slot=1 blocks=12288000 txs=1097523611 mgas=68496267 bps=47.15 tps=11367 mgps=654.7 avgBps=144.3 avgTps=12885 avgMGps=804.2 elapsed=23h39m32s
Aug 27 18:31:25 nimbus-eth1-mainnet-long-benchmark[4120996]: INF 2026-08-27 18:31:25.367+00:00 Imported blocks                            blockNumber=12296193 slot=1 blocks=12296192 txs=1099547013 mgas=68617082 bps=43.36 tps=10709 mgps=639.5 avgBps=144.0 avgTps=12881 avgMGps=803.8 elapsed=23h42m41s
Aug 27 18:34:34 nimbus-eth1-mainnet-long-benchmark[4120996]: INF 2026-08-27 18:34:34.792+00:00 Imported blocks                            blockNumber=12304385 slot=1 blocks=12304384 txs=1101359536 mgas=68737958 bps=43.25 tps=9568 mgps=638.1 avgBps=143.8 avgTps=12873 avgMGps=803.5 elapsed=23h45m51s
Aug 27 18:37:55 nimbus-eth1-mainnet-long-benchmark[4120996]: INF 2026-08-27 18:37:55.717+00:00 Imported blocks                            blockNumber=12312577 slot=1 blocks=12312576 txs=1103087662 mgas=68858997 bps=40.77 tps=8601 mgps=602.4 avgBps=143.6 avgTps=12863 avgMGps=803.0 elapsed=23h49m12s
Aug 27 18:41:14 nimbus-eth1-mainnet-long-benchmark[4120996]: INF 2026-08-27 18:41:14.202+00:00 Imported blocks                            blockNumber=12320769 slot=1 blocks=12320768 txs=1104916212 mgas=68979482 bps=41.27 tps=9212 mgps=607.0 avgBps=143.3 avgTps=12855 avgMGps=802.5 elapsed=23h52m30s
Aug 27 18:44:32 nimbus-eth1-mainnet-long-benchmark[4120996]: INF 2026-08-27 18:44:32.754+00:00 Imported blocks                            blockNumber=12328961 slot=1 blocks=12328960 txs=1106772898 mgas=69099694 bps=41.26 tps=9351 mgps=605.4 avgBps=143.1 avgTps=12847 avgMGps=802.1 elapsed=23h55m49s
Aug 27 18:47:41 nimbus-eth1-mainnet-long-benchmark[4120996]: INF 2026-08-27 18:47:41.295+00:00 Imported blocks                            blockNumber=12337153 slot=1 blocks=12337152 txs=1108733706 mgas=69219824 bps=43.45 tps=10399 mgps=637.1 avgBps=142.9 avgTps=12841 avgMGps=801.7 elapsed=23h58m57s
Aug 27 18:50:54 nimbus-eth1-mainnet-long-benchmark[4120996]: INF 2026-08-27 18:50:54.212+00:00 Imported blocks                            blockNumber=12345345 slot=1 blocks=12345344 txs=1110568353 mgas=69340232 bps=42.46 tps=9510 mgps=624.1 avgBps=142.7 avgTps=12834 avgMGps=801.3 elapsed=1d2m10s
Aug 27 18:54:14 nimbus-eth1-mainnet-long-benchmark[4120996]: INF 2026-08-27 18:54:14.585+00:00 Imported blocks                            blockNumber=12353537 slot=1 blocks=12353536 txs=1112357481 mgas=69460626 bps=40.88 tps=8929 mgps=600.9 avgBps=142.4 avgTps=12825 avgMGps=800.9 elapsed=1d5m31s
Aug 27 18:57:36 nimbus-eth1-mainnet-long-benchmark[4120996]: INF 2026-08-27 18:57:36.134+00:00 Imported blocks                            blockNumber=12361729 slot=1 blocks=12361728 txs=1114202702 mgas=69581189 bps=40.64 tps=9155 mgps=598.2 avgBps=142.2 avgTps=12816 avgMGps=800.4 elapsed=1d8m52s
Aug 27 19:00:53 nimbus-eth1-mainnet-long-benchmark[4120996]: INF 2026-08-27 19:00:53.375+00:00 Imported blocks                            blockNumber=12369921 slot=1 blocks=12369920 txs=1116131382 mgas=69701981 bps=41.53 tps=9778 mgps=612.4 avgBps=142.0 avgTps=12809 avgMGps=800.0 elapsed=1d12m9s
Aug 27 19:04:09 nimbus-eth1-mainnet-long-benchmark[4120996]: INF 2026-08-27 19:04:09.624+00:00 Imported blocks                            blockNumber=12378113 slot=1 blocks=12378112 txs=1118029253 mgas=69822900 bps=41.74 tps=9670 mgps=616.1 avgBps=141.7 avgTps=12802 avgMGps=799.6 elapsed=1d15m26s
Aug 27 19:07:25 nimbus-eth1-mainnet-long-benchmark[4120996]: INF 2026-08-27 19:07:25.412+00:00 Imported blocks                            blockNumber=12386305 slot=1 blocks=12386304 txs=1119985264 mgas=69944174 bps=41.84 tps=9990 mgps=619.4 avgBps=141.5 avgTps=12796 avgMGps=799.2 elapsed=1d18m41s
Aug 27 19:10:33 nimbus-eth1-mainnet-long-benchmark[4120996]: INF 2026-08-27 19:10:33.797+00:00 Imported blocks                            blockNumber=12394497 slot=1 blocks=12394496 txs=1122010180 mgas=70065584 bps=43.49 tps=10748 mgps=644.5 avgBps=141.3 avgTps=12792 avgMGps=798.8 elapsed=1d21m50s
Aug 27 19:13:40 nimbus-eth1-mainnet-long-benchmark[4120996]: INF 2026-08-27 19:13:40.210+00:00 Imported blocks                            blockNumber=12402689 slot=1 blocks=12402688 txs=1124217117 mgas=70186463 bps=43.95 tps=11839 mgps=648.4 avgBps=141.1 avgTps=12790 avgMGps=798.5 elapsed=1d24m56s
Aug 27 19:16:37 nimbus-eth1-mainnet-long-benchmark[4120996]: INF 2026-08-27 19:16:37.884+00:00 Imported blocks                            blockNumber=12410881 slot=1 blocks=12410880 txs=1126378707 mgas=70307682 bps=46.11 tps=12166 mgps=682.3 avgBps=140.9 avgTps=12788 avgMGps=798.3 elapsed=1d27m54s
Aug 27 19:19:31 nimbus-eth1-mainnet-long-benchmark[4120996]: INF 2026-08-27 19:19:31.257+00:00 Imported blocks                            blockNumber=12419073 slot=1 blocks=12419072 txs=1128532880 mgas=70428394 bps=47.25 tps=12424 mgps=696.3 avgBps=140.7 avgTps=12788 avgMGps=798.1 elapsed=1d30m47s
Aug 27 19:22:41 nimbus-eth1-mainnet-long-benchmark[4120996]: INF 2026-08-27 19:22:41.006+00:00 Imported blocks                            blockNumber=12427265 slot=1 blocks=12427264 txs=1130558301 mgas=70549502 bps=43.17 tps=10674 mgps=638.3 avgBps=140.5 avgTps=12783 avgMGps=797.7 elapsed=1d33m57s
Aug 27 19:25:49 nimbus-eth1-mainnet-long-benchmark[4120996]: INF 2026-08-27 19:25:49.875+00:00 Imported blocks                            blockNumber=12435457 slot=1 blocks=12435456 txs=1132478057 mgas=70670801 bps=43.37 tps=10164 mgps=642.2 avgBps=140.3 avgTps=12778 avgMGps=797.4 elapsed=1d37m6s
Aug 27 19:29:05 nimbus-eth1-mainnet-long-benchmark[4120996]: INF 2026-08-27 19:29:05.284+00:00 Imported blocks                            blockNumber=12443649 slot=1 blocks=12443648 txs=1134327325 mgas=70791900 bps=41.92 tps=9463 mgps=619.7 avgBps=140.1 avgTps=12770 avgMGps=797.0 elapsed=1d40m21s
Aug 27 19:32:23 nimbus-eth1-mainnet-long-benchmark[4120996]: INF 2026-08-27 19:32:23.992+00:00 Imported blocks                            blockNumber=12451841 slot=1 blocks=12451840 txs=1136169319 mgas=70913206 bps=41.23 tps=9269 mgps=610.5 avgBps=139.9 avgTps=12763 avgMGps=796.6 elapsed=1d43m40s
Aug 27 19:35:35 nimbus-eth1-mainnet-long-benchmark[4120996]: INF 2026-08-27 19:35:35.389+00:00 Imported blocks                            blockNumber=12460033 slot=1 blocks=12460032 txs=1137982047 mgas=71034495 bps=42.80 tps=9471 mgps=633.7 avgBps=139.7 avgTps=12755 avgMGps=796.2 elapsed=1d46m51s
Aug 27 19:39:01 nimbus-eth1-mainnet-long-benchmark[4120996]: INF 2026-08-27 19:39:01.118+00:00 Imported blocks                            blockNumber=12468225 slot=1 blocks=12468224 txs=1139818868 mgas=71155627 bps=39.82 tps=8928 mgps=588.8 avgBps=139.4 avgTps=12747 avgMGps=795.8 elapsed=1d50m17s
Aug 27 19:42:20 nimbus-eth1-mainnet-long-benchmark[4120996]: INF 2026-08-27 19:42:20.975+00:00 Imported blocks                            blockNumber=12476417 slot=1 blocks=12476416 txs=1141665998 mgas=71276640 bps=40.99 tps=9241 mgps=605.5 avgBps=139.2 avgTps=12739 avgMGps=795.3 elapsed=1d53m37s
Aug 27 19:45:40 nimbus-eth1-mainnet-long-benchmark[4120996]: INF 2026-08-27 19:45:40.096+00:00 Imported blocks                            blockNumber=12484609 slot=1 blocks=12484608 txs=1143392340 mgas=71397750 bps=41.14 tps=8669 mgps=608.2 avgBps=139.0 avgTps=12730 avgMGps=794.9 elapsed=1d56m56s
Aug 27 19:49:00 nimbus-eth1-mainnet-long-benchmark[4120996]: INF 2026-08-27 19:49:00.640+00:00 Imported blocks                            blockNumber=12492801 slot=1 blocks=12492800 txs=1144958137 mgas=71518978 bps=40.85 tps=7807 mgps=604.5 avgBps=138.8 avgTps=12719 avgMGps=794.5 elapsed=1d1h17s
Aug 27 19:52:17 nimbus-eth1-mainnet-long-benchmark[4120996]: INF 2026-08-27 19:52:17.517+00:00 Imported blocks                            blockNumber=12500993 slot=1 blocks=12500992 txs=1146619364 mgas=71639968 bps=41.61 tps=8437 mgps=614.5 avgBps=138.6 avgTps=12710 avgMGps=794.1 elapsed=1d1h3m
Aug 27 19:55:31 nimbus-eth1-mainnet-long-benchmark[4120996]: INF 2026-08-27 19:55:31.530+00:00 Imported blocks                            blockNumber=12509185 slot=1 blocks=12509184 txs=1148277108 mgas=71761366 bps=42.22 tps=8544 mgps=625.7 avgBps=138.4 avgTps=12701 avgMGps=793.8 elapsed=1d1h6m
Aug 27 19:58:44 nimbus-eth1-mainnet-long-benchmark[4120996]: INF 2026-08-27 19:58:44.551+00:00 Imported blocks                            blockNumber=12517377 slot=1 blocks=12517376 txs=1149963523 mgas=71882247 bps=42.44 tps=8736 mgps=626.3 avgBps=138.2 avgTps=12692 avgMGps=793.4 elapsed=1d1h10m
Aug 27 20:01:53 nimbus-eth1-mainnet-long-benchmark[4120996]: INF 2026-08-27 20:01:53.448+00:00 Imported blocks                            blockNumber=12525569 slot=1 blocks=12525568 txs=1151599444 mgas=72003268 bps=43.37 tps=8660 mgps=640.7 avgBps=138.0 avgTps=12684 avgMGps=793.1 elapsed=1d1h13m
Aug 27 20:05:07 nimbus-eth1-mainnet-long-benchmark[4120996]: INF 2026-08-27 20:05:07.093+00:00 Imported blocks                            blockNumber=12533761 slot=1 blocks=12533760 txs=1153237739 mgas=72124096 bps=42.30 tps=8460 mgps=624.0 avgBps=137.8 avgTps=12675 avgMGps=792.7 elapsed=1d1h16m
Aug 27 20:08:24 nimbus-eth1-mainnet-long-benchmark[4120996]: INF 2026-08-27 20:08:24.254+00:00 Imported blocks                            blockNumber=12541953 slot=1 blocks=12541952 txs=1154868468 mgas=72245211 bps=41.55 tps=8271 mgps=614.3 avgBps=137.6 avgTps=12665 avgMGps=792.3 elapsed=1d1h19m
Aug 27 20:11:41 nimbus-eth1-mainnet-long-benchmark[4120996]: INF 2026-08-27 20:11:41.855+00:00 Imported blocks                            blockNumber=12550145 slot=1 blocks=12550144 txs=1156537706 mgas=72366561 bps=41.46 tps=8447 mgps=614.1 avgBps=137.3 avgTps=12656 avgMGps=791.9 elapsed=1d1h22m
Aug 27 20:14:50 nimbus-eth1-mainnet-long-benchmark[4120996]: INF 2026-08-27 20:14:50.699+00:00 Imported blocks                            blockNumber=12558337 slot=1 blocks=12558336 txs=1158144206 mgas=72487402 bps=43.38 tps=8506 mgps=639.9 avgBps=137.1 avgTps=12648 avgMGps=791.6 elapsed=1d1h26m
Aug 27 20:18:11 nimbus-eth1-mainnet-long-benchmark[4120996]: INF 2026-08-27 20:18:11.332+00:00 Imported blocks                            blockNumber=12566529 slot=1 blocks=12566528 txs=1159849853 mgas=72608246 bps=40.83 tps=8501 mgps=602.3 avgBps=136.9 avgTps=12638 avgMGps=791.2 elapsed=1d1h29m
Aug 27 20:21:31 nimbus-eth1-mainnet-long-benchmark[4120996]: INF 2026-08-27 20:21:31.673+00:00 Imported blocks                            blockNumber=12574721 slot=1 blocks=12574720 txs=1161443693 mgas=72728985 bps=40.89 tps=7955 mgps=602.7 avgBps=136.7 avgTps=12628 avgMGps=790.8 elapsed=1d1h32m
Aug 27 20:24:47 nimbus-eth1-mainnet-long-benchmark[4120996]: INF 2026-08-27 20:24:47.526+00:00 Imported blocks                            blockNumber=12582913 slot=1 blocks=12582912 txs=1162872234 mgas=72847830 bps=41.83 tps=7293 mgps=606.8 avgBps=136.5 avgTps=12617 avgMGps=790.4 elapsed=1d1h36m
Aug 27 20:28:07 nimbus-eth1-mainnet-long-benchmark[4120996]: INF 2026-08-27 20:28:07.227+00:00 Imported blocks                            blockNumber=12591105 slot=1 blocks=12591104 txs=1164399839 mgas=72967411 bps=41.02 tps=7649 mgps=598.8 avgBps=136.3 avgTps=12606 avgMGps=790.0 elapsed=1d1h39m
Aug 27 20:31:26 nimbus-eth1-mainnet-long-benchmark[4120996]: INF 2026-08-27 20:31:26.176+00:00 Imported blocks                            blockNumber=12599297 slot=1 blocks=12599296 txs=1165937999 mgas=73088588 bps=41.18 tps=7731 mgps=609.1 avgBps=136.1 avgTps=12596 avgMGps=789.6 elapsed=1d1h42m
Aug 27 20:34:46 nimbus-eth1-mainnet-long-benchmark[4120996]: INF 2026-08-27 20:34:46.228+00:00 Imported blocks                            blockNumber=12607489 slot=1 blocks=12607488 txs=1167482053 mgas=73209510 bps=40.95 tps=7718 mgps=604.5 avgBps=135.9 avgTps=12585 avgMGps=789.2 elapsed=1d1h46m
Aug 27 20:38:06 nimbus-eth1-mainnet-long-benchmark[4120996]: INF 2026-08-27 20:38:06.269+00:00 Imported blocks                            blockNumber=12615681 slot=1 blocks=12615680 txs=1168971403 mgas=73330552 bps=40.95 tps=7445 mgps=605.1 avgBps=135.7 avgTps=12574 avgMGps=788.8 elapsed=1d1h49m
Aug 27 20:41:23 nimbus-eth1-mainnet-long-benchmark[4120996]: INF 2026-08-27 20:41:23.690+00:00 Imported blocks                            blockNumber=12623873 slot=1 blocks=12623872 txs=1170407107 mgas=73450002 bps=41.50 tps=7272 mgps=605.1 avgBps=135.5 avgTps=12563 avgMGps=788.4 elapsed=1d1h52m
Aug 27 20:44:40 nimbus-eth1-mainnet-long-benchmark[4120996]: INF 2026-08-27 20:44:40.979+00:00 Imported blocks                            blockNumber=12632065 slot=1 blocks=12632064 txs=1171859794 mgas=73568030 bps=41.52 tps=7363 mgps=598.2 avgBps=135.3 avgTps=12552 avgMGps=788.0 elapsed=1d1h55m
Aug 27 20:47:57 nimbus-eth1-mainnet-long-benchmark[4120996]: INF 2026-08-27 20:47:57.608+00:00 Imported blocks                            blockNumber=12640257 slot=1 blocks=12640256 txs=1173405815 mgas=73688617 bps=41.66 tps=7862 mgps=613.3 avgBps=135.1 avgTps=12542 avgMGps=787.7 elapsed=1d1h59m
Aug 27 20:51:15 nimbus-eth1-mainnet-long-benchmark[4120996]: INF 2026-08-27 20:51:15.444+00:00 Imported blocks                            blockNumber=12648449 slot=1 blocks=12648448 txs=1174928170 mgas=73808988 bps=41.41 tps=7695 mgps=608.4 avgBps=134.9 avgTps=12532 avgMGps=787.3 elapsed=1d2h2m
Aug 27 20:54:31 nimbus-eth1-mainnet-long-benchmark[4120996]: INF 2026-08-27 20:54:31.641+00:00 Imported blocks                            blockNumber=12656641 slot=1 blocks=12656640 txs=1176443269 mgas=73929312 bps=41.75 tps=7722 mgps=613.3 avgBps=134.7 avgTps=12522 avgMGps=786.9 elapsed=1d2h5m
Aug 27 20:57:45 nimbus-eth1-mainnet-long-benchmark[4120996]: INF 2026-08-27 20:57:45.494+00:00 Imported blocks                            blockNumber=12664833 slot=1 blocks=12664832 txs=1177906325 mgas=74049114 bps=42.26 tps=7547 mgps=618.0 avgBps=134.5 avgTps=12512 avgMGps=786.6 elapsed=1d2h9m
Aug 27 21:00:59 nimbus-eth1-mainnet-long-benchmark[4120996]: INF 2026-08-27 21:00:59.351+00:00 Imported blocks                            blockNumber=12673025 slot=1 blocks=12673024 txs=1179242894 mgas=74166892 bps=42.26 tps=6894 mgps=607.5 avgBps=134.3 avgTps=12500 avgMGps=786.2 elapsed=1d2h12m
Aug 27 21:04:22 nimbus-eth1-mainnet-long-benchmark[4120996]: INF 2026-08-27 21:04:22.884+00:00 Imported blocks                            blockNumber=12681217 slot=1 blocks=12681216 txs=1180766873 mgas=74287384 bps=40.25 tps=7487 mgps=592.0 avgBps=134.1 avgTps=12489 avgMGps=785.8 elapsed=1d2h15m
Aug 27 21:07:50 nimbus-eth1-mainnet-long-benchmark[4120996]: INF 2026-08-27 21:07:50.340+00:00 Imported blocks                            blockNumber=12689409 slot=1 blocks=12689408 txs=1182408220 mgas=74408185 bps=39.49 tps=7911 mgps=582.3 avgBps=133.9 avgTps=12479 avgMGps=785.3 elapsed=1d2h19m
Aug 27 21:11:13 nimbus-eth1-mainnet-long-benchmark[4120996]: INF 2026-08-27 21:11:13.237+00:00 Imported blocks                            blockNumber=12697601 slot=1 blocks=12697600 txs=1183925836 mgas=74528394 bps=40.37 tps=7479 mgps=592.5 avgBps=133.7 avgTps=12468 avgMGps=784.9 elapsed=1d2h22m
Aug 27 21:14:32 nimbus-eth1-mainnet-long-benchmark[4120996]: INF 2026-08-27 21:14:32.810+00:00 Imported blocks                            blockNumber=12705793 slot=1 blocks=12705792 txs=1185498721 mgas=74649179 bps=41.05 tps=7881 mgps=605.2 avgBps=133.5 avgTps=12459 avgMGps=784.5 elapsed=1d2h25m
Aug 27 21:17:51 nimbus-eth1-mainnet-long-benchmark[4120996]: INF 2026-08-27 21:17:51.899+00:00 Imported blocks                            blockNumber=12713985 slot=1 blocks=12713984 txs=1186941762 mgas=74768403 bps=41.15 tps=7248 mgps=598.8 avgBps=133.3 avgTps=12448 avgMGps=784.2 elapsed=1d2h29m
Aug 27 21:21:11 nimbus-eth1-mainnet-long-benchmark[4120996]: INF 2026-08-27 21:21:11.928+00:00 Imported blocks                            blockNumber=12722177 slot=1 blocks=12722176 txs=1188502265 mgas=74887114 bps=40.95 tps=7801 mgps=593.5 avgBps=133.1 avgTps=12438 avgMGps=783.8 elapsed=1d2h32m
Aug 27 21:24:39 nimbus-eth1-mainnet-long-benchmark[4120996]: INF 2026-08-27 21:24:39.816+00:00 Imported blocks                            blockNumber=12730369 slot=1 blocks=12730368 txs=1190212465 mgas=75007867 bps=39.41 tps=8226 mgps=580.9 avgBps=132.9 avgTps=12429 avgMGps=783.3 elapsed=1d2h35m
Aug 27 21:27:56 nimbus-eth1-mainnet-long-benchmark[4120996]: INF 2026-08-27 21:27:56.117+00:00 Imported blocks                            blockNumber=12738561 slot=1 blocks=12738560 txs=1191737978 mgas=75128441 bps=41.73 tps=7771 mgps=614.2 avgBps=132.8 avgTps=12420 avgMGps=783.0 elapsed=1d2h39m
Aug 27 21:31:12 nimbus-eth1-mainnet-long-benchmark[4120996]: INF 2026-08-27 21:31:12.082+00:00 Imported blocks                            blockNumber=12746753 slot=1 blocks=12746752 txs=1193283158 mgas=75248781 bps=41.80 tps=7884 mgps=614.1 avgBps=132.6 avgTps=12410 avgMGps=782.6 elapsed=1d2h42m
Aug 27 21:34:26 nimbus-eth1-mainnet-long-benchmark[4120996]: INF 2026-08-27 21:34:26.783+00:00 Imported blocks                            blockNumber=12754945 slot=1 blocks=12754944 txs=1194774367 mgas=75368399 bps=42.07 tps=7658 mgps=614.4 avgBps=132.4 avgTps=12401 avgMGps=782.3 elapsed=1d2h45m
Aug 27 21:37:44 nimbus-eth1-mainnet-long-benchmark[4120996]: INF 2026-08-27 21:37:44.644+00:00 Imported blocks                            blockNumber=12763137 slot=1 blocks=12763136 txs=1196193884 mgas=75487966 bps=41.40 tps=7174 mgps=604.3 avgBps=132.2 avgTps=12390 avgMGps=781.9 elapsed=1d2h49m
Aug 27 21:41:05 nimbus-eth1-mainnet-long-benchmark[4120996]: INF 2026-08-27 21:41:05.616+00:00 Imported blocks                            blockNumber=12771329 slot=1 blocks=12771328 txs=1197637486 mgas=75606721 bps=40.76 tps=7183 mgps=590.9 avgBps=132.0 avgTps=12379 avgMGps=781.5 elapsed=1d2h52m
Aug 27 21:44:09 nimbus-eth1-mainnet-long-benchmark[4120996]: INF 2026-08-27 21:44:09.193+00:00 Imported blocks                            blockNumber=12779521 slot=1 blocks=12779520 txs=1199387484 mgas=75727437 bps=44.62 tps=9532 mgps=657.6 avgBps=131.8 avgTps=12374 avgMGps=781.3 elapsed=1d2h55m
Aug 27 21:47:19 nimbus-eth1-mainnet-long-benchmark[4120996]: INF 2026-08-27 21:47:19.006+00:00 Imported blocks                            blockNumber=12787713 slot=1 blocks=12787712 txs=1201025307 mgas=75848230 bps=43.16 tps=8628 mgps=636.4 avgBps=131.7 avgTps=12366 avgMGps=781.0 elapsed=1d2h58m
Aug 27 21:50:29 nimbus-eth1-mainnet-long-benchmark[4120996]: INF 2026-08-27 21:50:29.271+00:00 Imported blocks                            blockNumber=12795905 slot=1 blocks=12795904 txs=1202573245 mgas=75968901 bps=43.05 tps=8135 mgps=634.2 avgBps=131.5 avgTps=12358 avgMGps=780.7 elapsed=1d3h1m
Aug 27 21:53:43 nimbus-eth1-mainnet-long-benchmark[4120996]: INF 2026-08-27 21:53:43.392+00:00 Imported blocks                            blockNumber=12804097 slot=1 blocks=12804096 txs=1204006645 mgas=76088685 bps=42.20 tps=7384 mgps=617.1 avgBps=131.3 avgTps=12348 avgMGps=780.4 elapsed=1d3h4m
Aug 27 21:56:54 nimbus-eth1-mainnet-long-benchmark[4120996]: INF 2026-08-27 21:56:54.897+00:00 Imported blocks                            blockNumber=12812289 slot=1 blocks=12812288 txs=1205475285 mgas=76208224 bps=42.78 tps=7669 mgps=624.2 avgBps=131.2 avgTps=12339 avgMGps=780.1 elapsed=1d3h8m
Aug 27 22:00:05 nimbus-eth1-mainnet-long-benchmark[4120996]: INF 2026-08-27 22:00:05.694+00:00 Imported blocks                            blockNumber=12820481 slot=1 blocks=12820480 txs=1207011307 mgas=76329230 bps=42.94 tps=8050 mgps=634.2 avgBps=131.0 avgTps=12331 avgMGps=779.8 elapsed=1d3h11m
Aug 27 22:03:20 nimbus-eth1-mainnet-long-benchmark[4120996]: INF 2026-08-27 22:03:20.187+00:00 Imported blocks                            blockNumber=12828673 slot=1 blocks=12828672 txs=1208555335 mgas=76449928 bps=42.12 tps=7938 mgps=620.6 avgBps=130.8 avgTps=12322 avgMGps=779.5 elapsed=1d3h14m
Aug 27 22:06:36 nimbus-eth1-mainnet-long-benchmark[4120996]: INF 2026-08-27 22:06:36.020+00:00 Imported blocks                            blockNumber=12836865 slot=1 blocks=12836864 txs=1210175087 mgas=76570749 bps=41.83 tps=8271 mgps=617.0 avgBps=130.6 avgTps=12314 avgMGps=779.2 elapsed=1d3h17m
Aug 27 22:09:47 nimbus-eth1-mainnet-long-benchmark[4120996]: INF 2026-08-27 22:09:47.033+00:00 Imported blocks                            blockNumber=12845057 slot=1 blocks=12845056 txs=1211706543 mgas=76691722 bps=42.89 tps=8017 mgps=633.3 avgBps=130.5 avgTps=12306 avgMGps=778.9 elapsed=1d3h21m
Aug 27 22:12:53 nimbus-eth1-mainnet-long-benchmark[4120996]: INF 2026-08-27 22:12:53.794+00:00 Imported blocks                            blockNumber=12853249 slot=1 blocks=12853248 txs=1213189567 mgas=76812710 bps=43.86 tps=7940 mgps=647.8 avgBps=130.3 avgTps=12297 avgMGps=778.6 elapsed=1d3h24m
Aug 27 22:16:13 nimbus-eth1-mainnet-long-benchmark[4120996]: INF 2026-08-27 22:16:13.543+00:00 Imported blocks                            blockNumber=12861441 slot=1 blocks=12861440 txs=1214709074 mgas=76933374 bps=41.01 tps=7607 mgps=604.1 avgBps=130.1 avgTps=12288 avgMGps=778.3 elapsed=1d3h27m
Aug 27 22:19:41 nimbus-eth1-mainnet-long-benchmark[4120996]: INF 2026-08-27 22:19:41.575+00:00 Imported blocks                            blockNumber=12869633 slot=1 blocks=12869632 txs=1216252711 mgas=77053985 bps=39.38 tps=7420 mgps=579.8 avgBps=129.9 avgTps=12278 avgMGps=777.9 elapsed=1d3h30m
Aug 27 22:23:10 nimbus-eth1-mainnet-long-benchmark[4120996]: INF 2026-08-27 22:23:10.316+00:00 Imported blocks                            blockNumber=12877825 slot=1 blocks=12877824 txs=1217803807 mgas=77174987 bps=39.25 tps=7430 mgps=579.7 avgBps=129.7 avgTps=12267 avgMGps=777.5 elapsed=1d3h34m
Aug 27 22:26:36 nimbus-eth1-mainnet-long-benchmark[4120996]: INF 2026-08-27 22:26:36.372+00:00 Imported blocks                            blockNumber=12886017 slot=1 blocks=12886016 txs=1219320016 mgas=77296040 bps=39.76 tps=7358 mgps=587.5 avgBps=129.5 avgTps=12257 avgMGps=777.1 elapsed=1d3h37m
Aug 27 22:30:09 nimbus-eth1-mainnet-long-benchmark[4120996]: INF 2026-08-27 22:30:09.601+00:00 Imported blocks                            blockNumber=12894209 slot=1 blocks=12894208 txs=1220837309 mgas=77416831 bps=38.42 tps=7115 mgps=566.5 avgBps=129.3 avgTps=12246 avgMGps=776.6 elapsed=1d3h41m
Aug 27 22:33:38 nimbus-eth1-mainnet-long-benchmark[4120996]: INF 2026-08-27 22:33:38.506+00:00 Imported blocks                            blockNumber=12902401 slot=1 blocks=12902400 txs=1222390833 mgas=77537916 bps=39.21 tps=7436 mgps=579.6 avgBps=129.2 avgTps=12236 avgMGps=776.2 elapsed=1d3h44m
Aug 27 22:37:02 nimbus-eth1-mainnet-long-benchmark[4120996]: INF 2026-08-27 22:37:02.850+00:00 Imported blocks                            blockNumber=12910593 slot=1 blocks=12910592 txs=1224084590 mgas=77659217 bps=40.09 tps=8288 mgps=593.6 avgBps=129.0 avgTps=12228 avgMGps=775.8 elapsed=1d3h48m
Aug 27 22:40:23 nimbus-eth1-mainnet-long-benchmark[4120996]: INF 2026-08-27 22:40:23.075+00:00 Imported blocks                            blockNumber=12918785 slot=1 blocks=12918784 txs=1225756634 mgas=77780558 bps=40.91 tps=8350 mgps=606.0 avgBps=128.8 avgTps=12220 avgMGps=775.5 elapsed=1d3h51m
Aug 27 22:43:46 nimbus-eth1-mainnet-long-benchmark[4120996]: INF 2026-08-27 22:43:46.080+00:00 Imported blocks                            blockNumber=12926977 slot=1 blocks=12926976 txs=1227412038 mgas=77901499 bps=40.35 tps=8154 mgps=595.8 avgBps=128.6 avgTps=12212 avgMGps=775.1 elapsed=1d3h55m
Aug 27 22:47:08 nimbus-eth1-mainnet-long-benchmark[4120996]: INF 2026-08-27 22:47:08.081+00:00 Imported blocks                            blockNumber=12935169 slot=1 blocks=12935168 txs=1228981944 mgas=78022426 bps=40.55 tps=7771 mgps=598.6 avgBps=128.4 avgTps=12203 avgMGps=774.8 elapsed=1d3h58m
Aug 27 22:50:36 nimbus-eth1-mainnet-long-benchmark[4120996]: INF 2026-08-27 22:50:36.757+00:00 Imported blocks                            blockNumber=12943361 slot=1 blocks=12943360 txs=1230522869 mgas=78143531 bps=39.26 tps=7384 mgps=580.4 avgBps=128.3 avgTps=12193 avgMGps=774.4 elapsed=1d4h1m
Aug 27 22:53:59 nimbus-eth1-mainnet-long-benchmark[4120996]: INF 2026-08-27 22:53:59.150+00:00 Imported blocks                            blockNumber=12951553 slot=1 blocks=12951552 txs=1232164557 mgas=78264547 bps=40.48 tps=8111 mgps=597.9 avgBps=128.1 avgTps=12185 avgMGps=774.0 elapsed=1d4h5m
Aug 27 22:57:23 nimbus-eth1-mainnet-long-benchmark[4120996]: INF 2026-08-27 22:57:23.755+00:00 Imported blocks                            blockNumber=12959745 slot=1 blocks=12959744 txs=1233728340 mgas=78385406 bps=40.04 tps=7642 mgps=590.7 avgBps=127.9 avgTps=12176 avgMGps=773.6 elapsed=1d4h8m
Aug 27 23:00:41 nimbus-eth1-mainnet-long-benchmark[4120996]: INF 2026-08-27 23:00:41.384+00:00 Imported blocks                            blockNumber=12967937 slot=1 blocks=12967936 txs=1235240637 mgas=78507091 bps=41.45 tps=7652 mgps=615.7 avgBps=127.7 avgTps=12167 avgMGps=773.3 elapsed=1d4h11m
Aug 27 23:04:01 nimbus-eth1-mainnet-long-benchmark[4120996]: INF 2026-08-27 23:04:01.100+00:00 Imported blocks                            blockNumber=12976129 slot=1 blocks=12976128 txs=1236757613 mgas=78633896 bps=41.02 tps=7595 mgps=634.9 avgBps=127.6 avgTps=12158 avgMGps=773.1 elapsed=1d4h15m
Aug 27 23:07:29 nimbus-eth1-mainnet-long-benchmark[4120996]: INF 2026-08-27 23:07:29.089+00:00 Imported blocks                            blockNumber=12984321 slot=1 blocks=12984320 txs=1238288328 mgas=78760777 bps=39.39 tps=7359 mgps=610.0 avgBps=127.4 avgTps=12148 avgMGps=772.7 elapsed=1d4h18m
Aug 27 23:10:56 nimbus-eth1-mainnet-long-benchmark[4120996]: INF 2026-08-27 23:10:56.362+00:00 Imported blocks                            blockNumber=12992513 slot=1 blocks=12992512 txs=1239788351 mgas=78887626 bps=39.52 tps=7236 mgps=612.0 avgBps=127.2 avgTps=12138 avgMGps=772.4 elapsed=1d4h22m
Aug 27 23:14:09 nimbus-eth1-mainnet-long-benchmark[4120996]: INF 2026-08-27 23:14:09.699+00:00 Imported blocks                            blockNumber=13000705 slot=1 blocks=13000704 txs=1241313413 mgas=79014389 bps=42.37 tps=7888 mgps=655.7 avgBps=127.1 avgTps=12130 avgMGps=772.2 elapsed=1d4h25m
Aug 27 23:17:26 nimbus-eth1-mainnet-long-benchmark[4120996]: INF 2026-08-27 23:17:26.759+00:00 Imported blocks                            blockNumber=13008897 slot=1 blocks=13008896 txs=1242884311 mgas=79141017 bps=41.57 tps=7971 mgps=642.6 avgBps=126.9 avgTps=12122 avgMGps=771.9 elapsed=1d4h28m
Aug 27 23:20:47 nimbus-eth1-mainnet-long-benchmark[4120996]: INF 2026-08-27 23:20:47.208+00:00 Imported blocks                            blockNumber=13017089 slot=1 blocks=13017088 txs=1244399381 mgas=79267733 bps=40.87 tps=7558 mgps=632.2 avgBps=126.7 avgTps=12114 avgMGps=771.7 elapsed=1d4h32m
Aug 27 23:23:59 nimbus-eth1-mainnet-long-benchmark[4120996]: INF 2026-08-27 23:23:59.325+00:00 Imported blocks                            blockNumber=13025281 slot=1 blocks=13025280 txs=1245890676 mgas=79394471 bps=42.64 tps=7762 mgps=659.7 avgBps=126.6 avgTps=12105 avgMGps=771.5 elapsed=1d4h35m
Aug 27 23:27:14 nimbus-eth1-mainnet-long-benchmark[4120996]: INF 2026-08-27 23:27:14.266+00:00 Imported blocks                            blockNumber=13033473 slot=1 blocks=13033472 txs=1247290123 mgas=79521272 bps=42.02 tps=7178 mgps=650.5 avgBps=126.4 avgTps=12096 avgMGps=771.2 elapsed=1d4h38m
Aug 27 23:30:34 nimbus-eth1-mainnet-long-benchmark[4120996]: INF 2026-08-27 23:30:34.295+00:00 Imported blocks                            blockNumber=13041665 slot=1 blocks=13041664 txs=1248902226 mgas=79647845 bps=40.95 tps=8059 mgps=632.8 avgBps=126.2 avgTps=12088 avgMGps=771.0 elapsed=1d4h41m
Aug 27 23:33:53 nimbus-eth1-mainnet-long-benchmark[4120996]: INF 2026-08-27 23:33:53.007+00:00 Imported blocks                            blockNumber=13049857 slot=1 blocks=13049856 txs=1250467115 mgas=79774415 bps=41.22 tps=7874 mgps=636.9 avgBps=126.1 avgTps=12080 avgMGps=770.7 elapsed=1d4h45m
Aug 27 23:37:15 nimbus-eth1-mainnet-long-benchmark[4120996]: INF 2026-08-27 23:37:15.644+00:00 Imported blocks                            blockNumber=13058049 slot=1 blocks=13058048 txs=1252017042 mgas=79900926 bps=40.43 tps=7648 mgps=624.3 avgBps=125.9 avgTps=12072 avgMGps=770.4 elapsed=1d4h48m
Aug 27 23:40:39 nimbus-eth1-mainnet-long-benchmark[4120996]: INF 2026-08-27 23:40:39.865+00:00 Imported blocks                            blockNumber=13066241 slot=1 blocks=13066240 txs=1253591882 mgas=80027575 bps=40.11 tps=7711 mgps=620.2 avgBps=125.7 avgTps=12063 avgMGps=770.1 elapsed=1d4h51m
Aug 27 23:44:05 nimbus-eth1-mainnet-long-benchmark[4120996]: INF 2026-08-27 23:44:05.326+00:00 Imported blocks                            blockNumber=13074433 slot=1 blocks=13074432 txs=1255109551 mgas=80154598 bps=39.87 tps=7386 mgps=618.2 avgBps=125.6 avgTps=12054 avgMGps=769.8 elapsed=1d4h55m
Aug 27 23:47:31 nimbus-eth1-mainnet-long-benchmark[4120996]: INF 2026-08-27 23:47:31.990+00:00 Imported blocks                            blockNumber=13082625 slot=1 blocks=13082624 txs=1256664799 mgas=80281800 bps=39.64 tps=7525 mgps=615.5 avgBps=125.4 avgTps=12045 avgMGps=769.5 elapsed=1d4h58m
Aug 27 23:50:52 nimbus-eth1-mainnet-long-benchmark[4120996]: INF 2026-08-27 23:50:52.759+00:00 Imported blocks                            blockNumber=13090817 slot=1 blocks=13090816 txs=1258220852 mgas=80408322 bps=40.80 tps=7750 mgps=630.2 avgBps=125.2 avgTps=12037 avgMGps=769.2 elapsed=1d5h2m
Aug 27 23:54:15 nimbus-eth1-mainnet-long-benchmark[4120996]: INF 2026-08-27 23:54:15.396+00:00 Imported blocks                            blockNumber=13099009 slot=1 blocks=13099008 txs=1259725713 mgas=80534813 bps=40.43 tps=7426 mgps=624.2 avgBps=125.1 avgTps=12028 avgMGps=769.0 elapsed=1d5h5m
Aug 27 23:57:31 nimbus-eth1-mainnet-long-benchmark[4120996]: INF 2026-08-27 23:57:31.961+00:00 Imported blocks                            blockNumber=13107201 slot=1 blocks=13107200 txs=1261207779 mgas=80661318 bps=41.68 tps=7539 mgps=643.6 avgBps=124.9 avgTps=12019 avgMGps=768.7 elapsed=1d5h8m
Aug 28 00:00:39 nimbus-eth1-mainnet-long-benchmark[4120996]: INF 2026-08-28 00:00:39.726+00:00 Imported blocks                            blockNumber=13115393 slot=1 blocks=13115392 txs=1262634153 mgas=80787800 bps=43.63 tps=7596 mgps=673.6 avgBps=124.8 avgTps=12011 avgMGps=768.6 elapsed=1d5h11m
Aug 28 00:03:53 nimbus-eth1-mainnet-long-benchmark[4120996]: INF 2026-08-28 00:03:53.803+00:00 Imported blocks                            blockNumber=13123585 slot=1 blocks=13123584 txs=1264056805 mgas=80914376 bps=42.21 tps=7330 mgps=652.2 avgBps=124.6 avgTps=12003 avgMGps=768.3 elapsed=1d5h15m
Aug 28 00:07:10 nimbus-eth1-mainnet-long-benchmark[4120996]: INF 2026-08-28 00:07:10.971+00:00 Imported blocks                            blockNumber=13131777 slot=1 blocks=13131776 txs=1265557474 mgas=81040878 bps=41.55 tps=7610 mgps=641.6 avgBps=124.5 avgTps=11994 avgMGps=768.1 elapsed=1d5h18m
Aug 28 00:10:25 nimbus-eth1-mainnet-long-benchmark[4120996]: INF 2026-08-28 00:10:25.268+00:00 Imported blocks                            blockNumber=13139969 slot=1 blocks=13139968 txs=1267138426 mgas=81167379 bps=42.16 tps=8136 mgps=651.1 avgBps=124.3 avgTps=11987 avgMGps=767.9 elapsed=1d5h21m
Aug 28 00:13:29 nimbus-eth1-mainnet-long-benchmark[4120996]: INF 2026-08-28 00:13:29.769+00:00 Imported blocks                            blockNumber=13148161 slot=1 blocks=13148160 txs=1268710617 mgas=81293960 bps=44.40 tps=8521 mgps=686.1 avgBps=124.2 avgTps=11981 avgMGps=767.7 elapsed=1d5h24m
Aug 28 00:16:21 nimbus-eth1-mainnet-long-benchmark[4120996]: INF 2026-08-28 00:16:21.522+00:00 Imported blocks                            blockNumber=13156353 slot=1 blocks=13156352 txs=1270213280 mgas=81420395 bps=47.70 tps=8749 mgps=736.2 avgBps=124.0 avgTps=11976 avgMGps=767.7 elapsed=1d5h27m
Aug 28 00:19:18 nimbus-eth1-mainnet-long-benchmark[4120996]: INF 2026-08-28 00:19:18.192+00:00 Imported blocks                            blockNumber=13164545 slot=1 blocks=13164544 txs=1271709087 mgas=81547263 bps=46.37 tps=8466 mgps=718.1 avgBps=123.9 avgTps=11970 avgMGps=767.6 elapsed=1d5h30m
Aug 28 00:22:21 nimbus-eth1-mainnet-long-benchmark[4120996]: INF 2026-08-28 00:22:21.209+00:00 Imported blocks                            blockNumber=13172737 slot=1 blocks=13172736 txs=1273194707 mgas=81674021 bps=44.76 tps=8117 mgps=692.6 avgBps=123.8 avgTps=11964 avgMGps=767.5 elapsed=1d5h33m
Aug 28 00:25:28 nimbus-eth1-mainnet-long-benchmark[4120996]: INF 2026-08-28 00:25:28.650+00:00 Imported blocks                            blockNumber=13180929 slot=1 blocks=13180928 txs=1274818990 mgas=81800466 bps=43.70 tps=8665 mgps=674.6 avgBps=123.6 avgTps=11958 avgMGps=767.3 elapsed=1d5h36m
Aug 28 00:28:28 nimbus-eth1-mainnet-long-benchmark[4120996]: INF 2026-08-28 00:28:28.167+00:00 Imported blocks                            blockNumber=13189121 slot=1 blocks=13189120 txs=1276306783 mgas=81926920 bps=45.63 tps=8287 mgps=704.4 avgBps=123.5 avgTps=11952 avgMGps=767.2 elapsed=1d5h39m
Aug 28 00:31:38 nimbus-eth1-mainnet-long-benchmark[4120996]: INF 2026-08-28 00:31:38.416+00:00 Imported blocks                            blockNumber=13197313 slot=1 blocks=13197312 txs=1277896870 mgas=82053368 bps=43.06 tps=8357 mgps=664.6 avgBps=123.4 avgTps=11945 avgMGps=767.0 elapsed=1d5h42m
Aug 28 00:35:01 nimbus-eth1-mainnet-long-benchmark[4120996]: INF 2026-08-28 00:35:01.536+00:00 Imported blocks                            blockNumber=13205505 slot=1 blocks=13205504 txs=1279500827 mgas=82179877 bps=40.33 tps=7896 mgps=622.8 avgBps=123.2 avgTps=11938 avgMGps=766.8 elapsed=1d5h46m
Aug 28 00:38:28 nimbus-eth1-mainnet-long-benchmark[4120996]: INF 2026-08-28 00:38:28.857+00:00 Imported blocks                            blockNumber=13213697 slot=1 blocks=13213696 txs=1281016446 mgas=82306526 bps=39.51 tps=7310 mgps=610.9 avgBps=123.0 avgTps=11929 avgMGps=766.5 elapsed=1d5h49m
Aug 28 00:41:50 nimbus-eth1-mainnet-long-benchmark[4120996]: INF 2026-08-28 00:41:50.470+00:00 Imported blocks                            blockNumber=13221889 slot=1 blocks=13221888 txs=1282610952 mgas=82433007 bps=40.63 tps=7908 mgps=627.4 avgBps=122.9 avgTps=11921 avgMGps=766.2 elapsed=1d5h53m
Aug 28 00:45:14 nimbus-eth1-mainnet-long-benchmark[4120996]: INF 2026-08-28 00:45:14.223+00:00 Imported blocks                            blockNumber=13230081 slot=1 blocks=13230080 txs=1284182409 mgas=82559549 bps=40.21 tps=7712 mgps=621.1 avgBps=122.7 avgTps=11913 avgMGps=765.9 elapsed=1d5h56m
Aug 28 00:48:32 nimbus-eth1-mainnet-long-benchmark[4120996]: INF 2026-08-28 00:48:32.727+00:00 Imported blocks                            blockNumber=13238273 slot=1 blocks=13238272 txs=1285717811 mgas=82686140 bps=41.27 tps=7734 mgps=637.7 avgBps=122.6 avgTps=11905 avgMGps=765.7 elapsed=1d5h59m
Aug 28 00:51:42 nimbus-eth1-mainnet-long-benchmark[4120996]: INF 2026-08-28 00:51:42.056+00:00 Imported blocks                            blockNumber=13246465 slot=1 blocks=13246464 txs=1287211128 mgas=82812594 bps=43.27 tps=7887 mgps=667.9 avgBps=122.5 avgTps=11898 avgMGps=765.5 elapsed=1d6h2m
Aug 28 00:55:08 nimbus-eth1-mainnet-long-benchmark[4120996]: INF 2026-08-28 00:55:08.005+00:00 Imported blocks                            blockNumber=13254657 slot=1 blocks=13254656 txs=1288643650 mgas=82939089 bps=39.78 tps=6955 mgps=614.2 avgBps=122.3 avgTps=11889 avgMGps=765.2 elapsed=1d6h6m
Aug 28 00:58:31 nimbus-eth1-mainnet-long-benchmark[4120996]: INF 2026-08-28 00:58:31.386+00:00 Imported blocks                            blockNumber=13262849 slot=1 blocks=13262848 txs=1290131691 mgas=83065692 bps=40.28 tps=7316 mgps=622.5 avgBps=122.1 avgTps=11881 avgMGps=765.0 elapsed=1d6h9m
Aug 28 01:01:45 nimbus-eth1-mainnet-long-benchmark[4120996]: INF 2026-08-28 01:01:45.151+00:00 Imported blocks                            blockNumber=13271041 slot=1 blocks=13271040 txs=1291619527 mgas=83192060 bps=42.28 tps=7678 mgps=652.2 avgBps=122.0 avgTps=11873 avgMGps=764.8 elapsed=1d6h13m
Aug 28 01:05:07 nimbus-eth1-mainnet-long-benchmark[4120996]: INF 2026-08-28 01:05:07.371+00:00 Imported blocks                            blockNumber=13279233 slot=1 blocks=13279232 txs=1293102021 mgas=83318326 bps=40.51 tps=7330 mgps=624.4 avgBps=121.8 avgTps=11865 avgMGps=764.5 elapsed=1d6h16m
Aug 28 01:08:27 nimbus-eth1-mainnet-long-benchmark[4120996]: INF 2026-08-28 01:08:27.012+00:00 Imported blocks                            blockNumber=13287425 slot=1 blocks=13287424 txs=1294642727 mgas=83444616 bps=41.03 tps=7717 mgps=632.6 avgBps=121.7 avgTps=11857 avgMGps=764.3 elapsed=1d6h19m
Aug 28 01:11:48 nimbus-eth1-mainnet-long-benchmark[4120996]: INF 2026-08-28 01:11:48.761+00:00 Imported blocks                            blockNumber=13295617 slot=1 blocks=13295616 txs=1296073940 mgas=83571033 bps=40.60 tps=7093 mgps=626.6 avgBps=121.5 avgTps=11848 avgMGps=764.0 elapsed=1d6h23m
Aug 28 01:15:05 nimbus-eth1-mainnet-long-benchmark[4120996]: INF 2026-08-28 01:15:05.514+00:00 Imported blocks                            blockNumber=13303809 slot=1 blocks=13303808 txs=1297455582 mgas=83697410 bps=41.64 tps=7022 mgps=642.3 avgBps=121.4 avgTps=11840 avgMGps=763.8 elapsed=1d6h26m
Aug 28 01:18:19 nimbus-eth1-mainnet-long-benchmark[4120996]: INF 2026-08-28 01:18:19.290+00:00 Imported blocks                            blockNumber=13312001 slot=1 blocks=13312000 txs=1298880782 mgas=83823825 bps=42.28 tps=7354 mgps=652.4 avgBps=121.3 avgTps=11832 avgMGps=763.6 elapsed=1d6h29m
Aug 28 01:21:37 nimbus-eth1-mainnet-long-benchmark[4120996]: INF 2026-08-28 01:21:37.183+00:00 Imported blocks                            blockNumber=13320193 slot=1 blocks=13320192 txs=1300327224 mgas=83950258 bps=41.40 tps=7309 mgps=638.9 avgBps=121.1 avgTps=11823 avgMGps=763.4 elapsed=1d6h32m
Aug 28 01:24:52 nimbus-eth1-mainnet-long-benchmark[4120996]: INF 2026-08-28 01:24:52.840+00:00 Imported blocks                            blockNumber=13328385 slot=1 blocks=13328384 txs=1301778792 mgas=84076784 bps=41.87 tps=7419 mgps=646.7 avgBps=121.0 avgTps=11816 avgMGps=763.2 elapsed=1d6h36m
Aug 28 01:28:03 nimbus-eth1-mainnet-long-benchmark[4120996]: INF 2026-08-28 01:28:03.901+00:00 Imported blocks                            blockNumber=13336577 slot=1 blocks=13336576 txs=1303267242 mgas=84203227 bps=42.88 tps=7790 mgps=661.8 avgBps=120.8 avgTps=11809 avgMGps=763.0 elapsed=1d6h39m
Aug 28 01:31:32 nimbus-eth1-mainnet-long-benchmark[4120996]: INF 2026-08-28 01:31:32.338+00:00 Imported blocks                            blockNumber=13344769 slot=1 blocks=13344768 txs=1304716071 mgas=84329698 bps=39.30 tps=6950 mgps=606.8 avgBps=120.7 avgTps=11800 avgMGps=762.7 elapsed=1d6h42m
Aug 28 01:34:58 nimbus-eth1-mainnet-long-benchmark[4120996]: INF 2026-08-28 01:34:58.350+00:00 Imported blocks                            blockNumber=13352961 slot=1 blocks=13352960 txs=1306151457 mgas=84456172 bps=39.76 tps=6967 mgps=613.9 avgBps=120.5 avgTps=11791 avgMGps=762.4 elapsed=1d6h46m
Aug 28 01:38:13 nimbus-eth1-mainnet-long-benchmark[4120996]: INF 2026-08-28 01:38:13.219+00:00 Imported blocks                            blockNumber=13361153 slot=1 blocks=13361152 txs=1307688661 mgas=84582713 bps=42.04 tps=7888 mgps=649.3 avgBps=120.4 avgTps=11784 avgMGps=762.2 elapsed=1d6h49m
Aug 28 01:41:30 nimbus-eth1-mainnet-long-benchmark[4120996]: INF 2026-08-28 01:41:30.296+00:00 Imported blocks                            blockNumber=13369345 slot=1 blocks=13369344 txs=1309395020 mgas=84709096 bps=41.57 tps=8658 mgps=641.3 avgBps=120.3 avgTps=11778 avgMGps=762.0 elapsed=1d6h52m
Aug 28 01:44:46 nimbus-eth1-mainnet-long-benchmark[4120996]: INF 2026-08-28 01:44:46.589+00:00 Imported blocks                            blockNumber=13377537 slot=1 blocks=13377536 txs=1311134336 mgas=84835548 bps=41.73 tps=8860 mgps=644.2 avgBps=120.1 avgTps=11773 avgMGps=761.8 elapsed=1d6h56m
Aug 28 01:48:05 nimbus-eth1-mainnet-long-benchmark[4120996]: INF 2026-08-28 01:48:05.398+00:00 Imported blocks                            blockNumber=13385729 slot=1 blocks=13385728 txs=1312693933 mgas=84962012 bps=41.21 tps=7844 mgps=636.1 avgBps=120.0 avgTps=11766 avgMGps=761.6 elapsed=1d6h59m
Aug 28 01:51:30 nimbus-eth1-mainnet-long-benchmark[4120996]: INF 2026-08-28 01:51:30.750+00:00 Imported blocks                            blockNumber=13393921 slot=1 blocks=13393920 txs=1314158261 mgas=85088480 bps=39.89 tps=7130 mgps=615.9 avgBps=119.8 avgTps=11757 avgMGps=761.3 elapsed=1d7h2m
Aug 28 01:54:44 nimbus-eth1-mainnet-long-benchmark[4120996]: INF 2026-08-28 01:54:44.423+00:00 Imported blocks                            blockNumber=13402113 slot=1 blocks=13402112 txs=1315685809 mgas=85215099 bps=42.30 tps=7887 mgps=653.8 avgBps=119.7 avgTps=11751 avgMGps=761.1 elapsed=1d7h6m
Aug 28 01:58:03 nimbus-eth1-mainnet-long-benchmark[4120996]: INF 2026-08-28 01:58:03.544+00:00 Imported blocks                            blockNumber=13410305 slot=1 blocks=13410304 txs=1317226376 mgas=85341612 bps=41.14 tps=7736 mgps=635.3 avgBps=119.6 avgTps=11744 avgMGps=760.9 elapsed=1d7h9m
Aug 28 02:01:19 nimbus-eth1-mainnet-long-benchmark[4120996]: INF 2026-08-28 02:01:19.237+00:00 Imported blocks                            blockNumber=13418497 slot=1 blocks=13418496 txs=1318805417 mgas=85468269 bps=41.86 tps=8069 mgps=647.2 avgBps=119.4 avgTps=11737 avgMGps=760.7 elapsed=1d7h12m
Aug 28 02:04:30 nimbus-eth1-mainnet-long-benchmark[4120996]: INF 2026-08-28 02:04:30.310+00:00 Imported blocks                            blockNumber=13426689 slot=1 blocks=13426688 txs=1320457421 mgas=85594671 bps=42.87 tps=8645 mgps=661.5 avgBps=119.3 avgTps=11732 avgMGps=760.5 elapsed=1d7h15m
Aug 28 02:07:52 nimbus-eth1-mainnet-long-benchmark[4120996]: INF 2026-08-28 02:07:52.934+00:00 Imported blocks                            blockNumber=13434881 slot=1 blocks=13434880 txs=1321941679 mgas=85721047 bps=40.43 tps=7325 mgps=623.7 avgBps=119.2 avgTps=11724 avgMGps=760.3 elapsed=1d7h19m
Aug 28 02:11:25 nimbus-eth1-mainnet-long-benchmark[4120996]: INF 2026-08-28 02:11:25.803+00:00 Imported blocks                            blockNumber=13443073 slot=1 blocks=13443072 txs=1323495064 mgas=85847571 bps=38.48 tps=7297 mgps=594.4 avgBps=119.0 avgTps=11716 avgMGps=760.0 elapsed=1d7h22m
Aug 28 02:14:46 nimbus-eth1-mainnet-long-benchmark[4120996]: INF 2026-08-28 02:14:46.476+00:00 Imported blocks                            blockNumber=13451265 slot=1 blocks=13451264 txs=1325040570 mgas=85973964 bps=40.82 tps=7701 mgps=629.8 avgBps=118.9 avgTps=11709 avgMGps=759.7 elapsed=1d7h26m
Aug 28 02:18:12 nimbus-eth1-mainnet-long-benchmark[4120996]: INF 2026-08-28 02:18:12.668+00:00 Imported blocks                            blockNumber=13459457 slot=1 blocks=13459456 txs=1326658230 mgas=86100474 bps=39.73 tps=7845 mgps=613.6 avgBps=118.7 avgTps=11702 avgMGps=759.5 elapsed=1d7h29m
Aug 28 02:21:35 nimbus-eth1-mainnet-long-benchmark[4120996]: INF 2026-08-28 02:21:35.229+00:00 Imported blocks                            blockNumber=13467649 slot=1 blocks=13467648 txs=1328275390 mgas=86227013 bps=40.44 tps=7983 mgps=624.7 avgBps=118.6 avgTps=11695 avgMGps=759.2 elapsed=1d7h32m
Aug 28 02:25:01 nimbus-eth1-mainnet-long-benchmark[4120996]: INF 2026-08-28 02:25:01.150+00:00 Imported blocks                            blockNumber=13475841 slot=1 blocks=13475840 txs=1329873278 mgas=86353618 bps=39.78 tps=7759 mgps=614.8 avgBps=118.4 avgTps=11688 avgMGps=759.0 elapsed=1d7h36m
Aug 28 02:28:25 nimbus-eth1-mainnet-long-benchmark[4120996]: INF 2026-08-28 02:28:25.279+00:00 Imported blocks                            blockNumber=13484033 slot=1 blocks=13484032 txs=1331480832 mgas=86480197 bps=40.13 tps=7875 mgps=620.1 avgBps=118.3 avgTps=11681 avgMGps=758.7 elapsed=1d7h39m
Aug 28 02:31:47 nimbus-eth1-mainnet-long-benchmark[4120996]: INF 2026-08-28 02:31:47.463+00:00 Imported blocks                            blockNumber=13492225 slot=1 blocks=13492224 txs=1333173983 mgas=86606708 bps=40.52 tps=8374 mgps=625.7 avgBps=118.2 avgTps=11675 avgMGps=758.5 elapsed=1d7h43m
Aug 28 02:35:00 nimbus-eth1-mainnet-long-benchmark[4120996]: INF 2026-08-28 02:35:00.712+00:00 Imported blocks                            blockNumber=13500417 slot=1 blocks=13500416 txs=1334904938 mgas=86733322 bps=42.39 tps=8957 mgps=655.2 avgBps=118.0 avgTps=11671 avgMGps=758.3 elapsed=1d7h46m
Aug 28 02:38:10 nimbus-eth1-mainnet-long-benchmark[4120996]: INF 2026-08-28 02:38:10.545+00:00 Imported blocks                            blockNumber=13508609 slot=1 blocks=13508608 txs=1336811968 mgas=86859774 bps=43.15 tps=10045 mgps=666.1 avgBps=117.9 avgTps=11668 avgMGps=758.2 elapsed=1d7h49m
Aug 28 02:41:25 nimbus-eth1-mainnet-long-benchmark[4120996]: INF 2026-08-28 02:41:25.798+00:00 Imported blocks                            blockNumber=13516801 slot=1 blocks=13516800 txs=1338672694 mgas=86986318 bps=41.96 tps=9529 mgps=648.1 avgBps=117.8 avgTps=11664 avgMGps=758.0 elapsed=1d7h52m
Aug 28 02:44:41 nimbus-eth1-mainnet-long-benchmark[4120996]: INF 2026-08-28 02:44:41.179+00:00 Imported blocks                            blockNumber=13524993 slot=1 blocks=13524992 txs=1340416192 mgas=87112821 bps=41.93 tps=8923 mgps=647.5 avgBps=117.7 avgTps=11660 avgMGps=757.8 elapsed=1d7h55m
Aug 28 02:47:59 nimbus-eth1-mainnet-long-benchmark[4120996]: INF 2026-08-28 02:47:59.152+00:00 Imported blocks                            blockNumber=13533185 slot=1 blocks=13533184 txs=1342115747 mgas=87239358 bps=41.38 tps=8584 mgps=639.2 avgBps=117.5 avgTps=11654 avgMGps=757.6 elapsed=1d7h59m
Aug 28 02:51:15 nimbus-eth1-mainnet-long-benchmark[4120996]: INF 2026-08-28 02:51:15.085+00:00 Imported blocks                            blockNumber=13541377 slot=1 blocks=13541376 txs=1343913427 mgas=87365802 bps=41.81 tps=9174 mgps=645.3 avgBps=117.4 avgTps=11650 avgMGps=757.4 elapsed=1d8h2m
Aug 28 02:54:41 nimbus-eth1-mainnet-long-benchmark[4120996]: INF 2026-08-28 02:54:41.845+00:00 Imported blocks                            blockNumber=13549569 slot=1 blocks=13549568 txs=1345719839 mgas=87492241 bps=39.62 tps=8736 mgps=611.5 avgBps=117.3 avgTps=11645 avgMGps=757.1 elapsed=1d8h5m
Aug 28 02:58:05 nimbus-eth1-mainnet-long-benchmark[4120996]: INF 2026-08-28 02:58:05.922+00:00 Imported blocks                            blockNumber=13557761 slot=1 blocks=13557760 txs=1347446083 mgas=87618720 bps=40.14 tps=8458 mgps=619.8 avgBps=117.1 avgTps=11639 avgMGps=756.9 elapsed=1d8h9m
Aug 28 03:01:34 nimbus-eth1-mainnet-long-benchmark[4120996]: INF 2026-08-28 03:01:34.787+00:00 Imported blocks                            blockNumber=13565953 slot=1 blocks=13565952 txs=1349084368 mgas=87745067 bps=39.22 tps=7843 mgps=604.9 avgBps=117.0 avgTps=11632 avgMGps=756.6 elapsed=1d8h12m
Aug 28 03:05:15 nimbus-eth1-mainnet-long-benchmark[4120996]: INF 2026-08-28 03:05:15.303+00:00 Imported blocks                            blockNumber=13574145 slot=1 blocks=13574144 txs=1350719082 mgas=87871516 bps=37.15 tps=7412 mgps=573.4 avgBps=116.8 avgTps=11624 avgMGps=756.3 elapsed=1d8h16m
Aug 28 03:08:36 nimbus-eth1-mainnet-long-benchmark[4120996]: INF 2026-08-28 03:08:36.128+00:00 Imported blocks                            blockNumber=13582337 slot=1 blocks=13582336 txs=1352438021 mgas=87998042 bps=40.79 tps=8559 mgps=630.0 avgBps=116.7 avgTps=11619 avgMGps=756.0 elapsed=1d8h19m
Aug 28 03:11:54 nimbus-eth1-mainnet-long-benchmark[4120996]: INF 2026-08-28 03:11:54.717+00:00 Imported blocks                            blockNumber=13590529 slot=1 blocks=13590528 txs=1354206734 mgas=88124459 bps=41.25 tps=8906 mgps=636.6 avgBps=116.6 avgTps=11615 avgMGps=755.8 elapsed=1d8h23m
Aug 28 03:15:11 nimbus-eth1-mainnet-long-benchmark[4120996]: INF 2026-08-28 03:15:11.101+00:00 Imported blocks                            blockNumber=13598721 slot=1 blocks=13598720 txs=1355938310 mgas=88250869 bps=41.71 tps=8817 mgps=643.7 avgBps=116.4 avgTps=11610 avgMGps=755.7 elapsed=1d8h26m
Aug 28 03:18:25 nimbus-eth1-mainnet-long-benchmark[4120996]: INF 2026-08-28 03:18:25.938+00:00 Imported blocks                            blockNumber=13606913 slot=1 blocks=13606912 txs=1357653006 mgas=88377064 bps=42.05 tps=8800 mgps=647.7 avgBps=116.3 avgTps=11605 avgMGps=755.5 elapsed=1d8h29m
Aug 28 03:21:57 nimbus-eth1-mainnet-long-benchmark[4120996]: INF 2026-08-28 03:21:57.623+00:00 Imported blocks                            blockNumber=13615105 slot=1 blocks=13615104 txs=1359315695 mgas=88503397 bps=38.70 tps=7854 mgps=596.8 avgBps=116.2 avgTps=11598 avgMGps=755.2 elapsed=1d8h33m
Aug 28 03:25:13 nimbus-eth1-mainnet-long-benchmark[4120996]: INF 2026-08-28 03:25:13.052+00:00 Imported blocks                            blockNumber=13623297 slot=1 blocks=13623296 txs=1360975039 mgas=88629751 bps=41.92 tps=8490 mgps=646.6 avgBps=116.1 avgTps=11593 avgMGps=755.0 elapsed=1d8h36m
Aug 28 03:28:34 nimbus-eth1-mainnet-long-benchmark[4120996]: INF 2026-08-28 03:28:34.348+00:00 Imported blocks                            blockNumber=13631489 slot=1 blocks=13631488 txs=1362663365 mgas=88755919 bps=40.70 tps=8387 mgps=626.8 avgBps=115.9 avgTps=11588 avgMGps=754.8 elapsed=1d8h39m
Aug 28 03:32:03 nimbus-eth1-mainnet-long-benchmark[4120996]: INF 2026-08-28 03:32:03.561+00:00 Imported blocks                            blockNumber=13639681 slot=1 blocks=13639680 txs=1364403708 mgas=88882277 bps=39.16 tps=8318 mgps=604.0 avgBps=115.8 avgTps=11582 avgMGps=754.5 elapsed=1d8h43m
Aug 28 03:35:23 nimbus-eth1-mainnet-long-benchmark[4120996]: INF 2026-08-28 03:35:23.030+00:00 Imported blocks                            blockNumber=13647873 slot=1 blocks=13647872 txs=1366060245 mgas=89008598 bps=41.07 tps=8304 mgps=633.3 avgBps=115.7 avgTps=11576 avgMGps=754.3 elapsed=1d8h46m
Aug 28 03:38:51 nimbus-eth1-mainnet-long-benchmark[4120996]: INF 2026-08-28 03:38:51.326+00:00 Imported blocks                            blockNumber=13656065 slot=1 blocks=13656064 txs=1367565027 mgas=89134827 bps=39.33 tps=7224 mgps=606.0 avgBps=115.5 avgTps=11569 avgMGps=754.1 elapsed=1d8h50m
Aug 28 03:42:18 nimbus-eth1-mainnet-long-benchmark[4120996]: INF 2026-08-28 03:42:18.691+00:00 Imported blocks                            blockNumber=13664257 slot=1 blocks=13664256 txs=1369192144 mgas=89261151 bps=39.50 tps=7846 mgps=609.2 avgBps=115.4 avgTps=11562 avgMGps=753.8 elapsed=1d8h53m
Aug 28 03:45:37 nimbus-eth1-mainnet-long-benchmark[4120996]: INF 2026-08-28 03:45:37.436+00:00 Imported blocks                            blockNumber=13672449 slot=1 blocks=13672448 txs=1370809516 mgas=89387549 bps=41.22 tps=8138 mgps=636.0 avgBps=115.3 avgTps=11556 avgMGps=753.6 elapsed=1d8h56m
Aug 28 03:49:04 nimbus-eth1-mainnet-long-benchmark[4120996]: INF 2026-08-28 03:49:04.781+00:00 Imported blocks                            blockNumber=13680641 slot=1 blocks=13680640 txs=1372527198 mgas=89513734 bps=39.51 tps=8284 mgps=608.6 avgBps=115.1 avgTps=11551 avgMGps=753.3 elapsed=1d9h21s
Aug 28 03:52:31 nimbus-eth1-mainnet-long-benchmark[4120996]: INF 2026-08-28 03:52:31.109+00:00 Imported blocks                            blockNumber=13688833 slot=1 blocks=13688832 txs=1374209073 mgas=89640153 bps=39.70 tps=8151 mgps=612.7 avgBps=115.0 avgTps=11545 avgMGps=753.1 elapsed=1d9h3m
Aug 28 03:55:59 nimbus-eth1-mainnet-long-benchmark[4120996]: INF 2026-08-28 03:55:59.174+00:00 Imported blocks                            blockNumber=13697025 slot=1 blocks=13697024 txs=1375869015 mgas=89766367 bps=39.37 tps=7977 mgps=606.6 avgBps=114.9 avgTps=11539 avgMGps=752.8 elapsed=1d9h7m
Aug 28 03:59:24 nimbus-eth1-mainnet-long-benchmark[4120996]: INF 2026-08-28 03:59:24.535+00:00 Imported blocks                            blockNumber=13705217 slot=1 blocks=13705216 txs=1377362106 mgas=89892810 bps=39.89 tps=7270 mgps=615.7 avgBps=114.7 avgTps=11531 avgMGps=752.6 elapsed=1d9h10m
Aug 28 04:02:49 nimbus-eth1-mainnet-long-benchmark[4120996]: INF 2026-08-28 04:02:49.715+00:00 Imported blocks                            blockNumber=13713409 slot=1 blocks=13713408 txs=1379002083 mgas=90019155 bps=39.93 tps=7992 mgps=615.8 avgBps=114.6 avgTps=11525 avgMGps=752.4 elapsed=1d9h14m
Aug 28 04:06:07 nimbus-eth1-mainnet-long-benchmark[4120996]: INF 2026-08-28 04:06:07.336+00:00 Imported blocks                            blockNumber=13721601 slot=1 blocks=13721600 txs=1380639811 mgas=90145562 bps=41.45 tps=8287 mgps=639.6 avgBps=114.5 avgTps=11520 avgMGps=752.2 elapsed=1d9h17m
Aug 28 04:09:31 nimbus-eth1-mainnet-long-benchmark[4120996]: INF 2026-08-28 04:09:31.793+00:00 Imported blocks                            blockNumber=13729793 slot=1 blocks=13729792 txs=1382302579 mgas=90271817 bps=40.07 tps=8132 mgps=617.5 avgBps=114.4 avgTps=11514 avgMGps=752.0 elapsed=1d9h20m
Aug 28 04:13:00 nimbus-eth1-mainnet-long-benchmark[4120996]: INF 2026-08-28 04:13:00.201+00:00 Imported blocks                            blockNumber=13737985 slot=1 blocks=13737984 txs=1383874808 mgas=90398300 bps=39.31 tps=7543 mgps=606.9 avgBps=114.2 avgTps=11507 avgMGps=751.7 elapsed=1d9h24m
Aug 28 04:16:33 nimbus-eth1-mainnet-long-benchmark[4120996]: INF 2026-08-28 04:16:33.286+00:00 Imported blocks                            blockNumber=13746177 slot=1 blocks=13746176 txs=1385501332 mgas=90524376 bps=38.44 tps=7633 mgps=591.7 avgBps=114.1 avgTps=11500 avgMGps=751.4 elapsed=1d9h27m
Aug 28 04:20:12 nimbus-eth1-mainnet-long-benchmark[4120996]: INF 2026-08-28 04:20:12.222+00:00 Imported blocks                            blockNumber=13754369 slot=1 blocks=13754368 txs=1387310478 mgas=90650763 bps=37.42 tps=8263 mgps=577.3 avgBps=114.0 avgTps=11494 avgMGps=751.1 elapsed=1d9h31m
Aug 28 04:23:41 nimbus-eth1-mainnet-long-benchmark[4120996]: INF 2026-08-28 04:23:41.059+00:00 Imported blocks                            blockNumber=13762561 slot=1 blocks=13762560 txs=1388914426 mgas=90777119 bps=39.23 tps=7680 mgps=605.0 avgBps=113.8 avgTps=11488 avgMGps=750.9 elapsed=1d9h34m
Aug 28 04:27:18 nimbus-eth1-mainnet-long-benchmark[4120996]: INF 2026-08-28 04:27:18.508+00:00 Imported blocks                            blockNumber=13770753 slot=1 blocks=13770752 txs=1390627436 mgas=90903482 bps=37.67 tps=7877 mgps=581.1 avgBps=113.7 avgTps=11481 avgMGps=750.6 elapsed=1d9h38m
Aug 28 04:30:53 nimbus-eth1-mainnet-long-benchmark[4120996]: INF 2026-08-28 04:30:53.632+00:00 Imported blocks                            blockNumber=13778945 slot=1 blocks=13778944 txs=1392222598 mgas=91029840 bps=38.08 tps=7415 mgps=587.4 avgBps=113.6 avgTps=11474 avgMGps=750.3 elapsed=1d9h42m
Aug 28 04:34:22 nimbus-eth1-mainnet-long-benchmark[4120996]: INF 2026-08-28 04:34:22.001+00:00 Imported blocks                            blockNumber=13787137 slot=1 blocks=13787136 txs=1393725893 mgas=91156434 bps=39.32 tps=7214 mgps=607.6 avgBps=113.4 avgTps=11467 avgMGps=750.0 elapsed=1d9h45m
Aug 28 04:37:57 nimbus-eth1-mainnet-long-benchmark[4120996]: INF 2026-08-28 04:37:57.749+00:00 Imported blocks                            blockNumber=13795329 slot=1 blocks=13795328 txs=1395218342 mgas=91283089 bps=37.97 tps=6917 mgps=587.0 avgBps=113.3 avgTps=11459 avgMGps=749.7 elapsed=1d9h49m
Aug 28 04:41:28 nimbus-eth1-mainnet-long-benchmark[4120996]: INF 2026-08-28 04:41:28.566+00:00 Imported blocks                            blockNumber=13803521 slot=1 blocks=13803520 txs=1396769123 mgas=91409571 bps=38.86 tps=7356 mgps=600.0 avgBps=113.2 avgTps=11452 avgMGps=749.5 elapsed=1d9h52m
Aug 28 04:44:59 nimbus-eth1-mainnet-long-benchmark[4120996]: INF 2026-08-28 04:44:59.422+00:00 Imported blocks                            blockNumber=13811713 slot=1 blocks=13811712 txs=1398370493 mgas=91536126 bps=38.85 tps=7594 mgps=600.2 avgBps=113.0 avgTps=11445 avgMGps=749.2 elapsed=1d9h56m
Aug 28 04:48:29 nimbus-eth1-mainnet-long-benchmark[4120996]: INF 2026-08-28 04:48:29.931+00:00 Imported blocks                            blockNumber=13819905 slot=1 blocks=13819904 txs=1399870484 mgas=91662726 bps=38.91 tps=7125 mgps=601.4 avgBps=112.9 avgTps=11438 avgMGps=749.0 elapsed=1d9h59m
Aug 28 04:51:54 nimbus-eth1-mainnet-long-benchmark[4120996]: INF 2026-08-28 04:51:54.028+00:00 Imported blocks                            blockNumber=13828097 slot=1 blocks=13828096 txs=1401450084 mgas=91789153 bps=40.14 tps=7739 mgps=619.4 avgBps=112.8 avgTps=11431 avgMGps=748.7 elapsed=1d10h3m
Aug 28 04:55:30 nimbus-eth1-mainnet-long-benchmark[4120996]: INF 2026-08-28 04:55:30.388+00:00 Imported blocks                            blockNumber=13836289 slot=1 blocks=13836288 txs=1402902002 mgas=91915742 bps=37.86 tps=6710 mgps=585.1 avgBps=112.7 avgTps=11423 avgMGps=748.5 elapsed=1d10h6m
Aug 28 04:58:56 nimbus-eth1-mainnet-long-benchmark[4120996]: INF 2026-08-28 04:58:56.513+00:00 Imported blocks                            blockNumber=13844481 slot=1 blocks=13844480 txs=1404387913 mgas=92042414 bps=39.74 tps=7208 mgps=614.5 avgBps=112.5 avgTps=11416 avgMGps=748.2 elapsed=1d10h10m
Aug 28 05:02:19 nimbus-eth1-mainnet-long-benchmark[4120996]: INF 2026-08-28 05:02:19.234+00:00 Imported blocks                            blockNumber=13852673 slot=1 blocks=13852672 txs=1405898334 mgas=92168845 bps=40.41 tps=7450 mgps=623.7 avgBps=112.4 avgTps=11410 avgMGps=748.0 elapsed=1d10h13m
Aug 28 05:05:45 nimbus-eth1-mainnet-long-benchmark[4120996]: INF 2026-08-28 05:05:45.766+00:00 Imported blocks                            blockNumber=13860865 slot=1 blocks=13860864 txs=1407488903 mgas=92295362 bps=39.66 tps=7701 mgps=612.6 avgBps=112.3 avgTps=11403 avgMGps=747.8 elapsed=1d10h17m
Aug 28 05:09:17 nimbus-eth1-mainnet-long-benchmark[4120996]: INF 2026-08-28 05:09:17.019+00:00 Imported blocks                            blockNumber=13869057 slot=1 blocks=13869056 txs=1409104568 mgas=92421866 bps=38.78 tps=7647 mgps=598.8 avgBps=112.2 avgTps=11397 avgMGps=747.5 elapsed=1d10h20m
Aug 28 05:12:42 nimbus-eth1-mainnet-long-benchmark[4120996]: INF 2026-08-28 05:12:42.187+00:00 Imported blocks                            blockNumber=13877249 slot=1 blocks=13877248 txs=1410761907 mgas=92548361 bps=39.93 tps=8078 mgps=616.5 avgBps=112.1 avgTps=11391 avgMGps=747.3 elapsed=1d10h23m
Aug 28 05:16:18 nimbus-eth1-mainnet-long-benchmark[4120996]: INF 2026-08-28 05:16:18.196+00:00 Imported blocks                            blockNumber=13885441 slot=1 blocks=13885440 txs=1412292902 mgas=92674993 bps=37.92 tps=7087 mgps=586.2 avgBps=111.9 avgTps=11384 avgMGps=747.0 elapsed=1d10h27m
Aug 28 05:19:48 nimbus-eth1-mainnet-long-benchmark[4120996]: INF 2026-08-28 05:19:48.929+00:00 Imported blocks                            blockNumber=13893633 slot=1 blocks=13893632 txs=1413886023 mgas=92801299 bps=38.87 tps=7559 mgps=599.4 avgBps=111.8 avgTps=11377 avgMGps=746.8 elapsed=1d10h31m
Aug 28 05:23:05 nimbus-eth1-mainnet-long-benchmark[4120996]: INF 2026-08-28 05:23:05.589+00:00 Imported blocks                            blockNumber=13901825 slot=1 blocks=13901824 txs=1415480803 mgas=92927927 bps=41.66 tps=8109 mgps=643.9 avgBps=111.7 avgTps=11372 avgMGps=746.6 elapsed=1d10h34m
Aug 28 05:26:30 nimbus-eth1-mainnet-long-benchmark[4120996]: INF 2026-08-28 05:26:30.046+00:00 Imported blocks                            blockNumber=13910017 slot=1 blocks=13910016 txs=1417055782 mgas=93054440 bps=40.07 tps=7703 mgps=618.8 avgBps=111.6 avgTps=11366 avgMGps=746.4 elapsed=1d10h37m
Aug 28 05:30:09 nimbus-eth1-mainnet-long-benchmark[4120996]: INF 2026-08-28 05:30:09.607+00:00 Imported blocks                            blockNumber=13918209 slot=1 blocks=13918208 txs=1418584319 mgas=93180935 bps=37.31 tps=6961 mgps=576.1 avgBps=111.4 avgTps=11359 avgMGps=746.1 elapsed=1d10h41m
Aug 28 05:33:41 nimbus-eth1-mainnet-long-benchmark[4120996]: INF 2026-08-28 05:33:41.671+00:00 Imported blocks                            blockNumber=13926401 slot=1 blocks=13926400 txs=1420069885 mgas=93307516 bps=38.63 tps=7005 mgps=596.9 avgBps=111.3 avgTps=11351 avgMGps=745.9 elapsed=1d10h44m
Aug 28 05:37:16 nimbus-eth1-mainnet-long-benchmark[4120996]: INF 2026-08-28 05:37:16.764+00:00 Imported blocks                            blockNumber=13934593 slot=1 blocks=13934592 txs=1421586109 mgas=93434209 bps=38.09 tps=7049 mgps=589.0 avgBps=111.2 avgTps=11344 avgMGps=745.6 elapsed=1d10h48m
Aug 28 05:40:43 nimbus-eth1-mainnet-long-benchmark[4120996]: INF 2026-08-28 05:40:43.008+00:00 Imported blocks                            blockNumber=13942785 slot=1 blocks=13942784 txs=1423113033 mgas=93560789 bps=39.72 tps=7403 mgps=613.7 avgBps=111.1 avgTps=11337 avgMGps=745.4 elapsed=1d10h51m
Aug 28 05:44:24 nimbus-eth1-mainnet-long-benchmark[4120996]: INF 2026-08-28 05:44:24.145+00:00 Imported blocks                            blockNumber=13950977 slot=1 blocks=13950976 txs=1424708104 mgas=93687319 bps=37.05 tps=7213 mgps=572.2 avgBps=111.0 avgTps=11330 avgMGps=745.1 elapsed=1d10h55m
Aug 28 05:48:01 nimbus-eth1-mainnet-long-benchmark[4120996]: INF 2026-08-28 05:48:01.769+00:00 Imported blocks                            blockNumber=13959169 slot=1 blocks=13959168 txs=1426231240 mgas=93813820 bps=37.64 tps=6998 mgps=581.3 avgBps=110.8 avgTps=11323 avgMGps=744.8 elapsed=1d10h59m
Aug 28 05:51:34 nimbus-eth1-mainnet-long-benchmark[4120996]: INF 2026-08-28 05:51:34.762+00:00 Imported blocks                            blockNumber=13967361 slot=1 blocks=13967360 txs=1427730007 mgas=93940416 bps=38.46 tps=7036 mgps=594.4 avgBps=110.7 avgTps=11315 avgMGps=744.5 elapsed=1d11h2m
Aug 28 05:54:58 nimbus-eth1-mainnet-long-benchmark[4120996]: INF 2026-08-28 05:54:58.754+00:00 Imported blocks                            blockNumber=13975553 slot=1 blocks=13975552 txs=1429136929 mgas=94067012 bps=40.16 tps=6896 mgps=620.6 avgBps=110.6 avgTps=11308 avgMGps=744.3 elapsed=1d11h6m
Aug 28 05:58:19 nimbus-eth1-mainnet-long-benchmark[4120996]: INF 2026-08-28 05:58:19.583+00:00 Imported blocks                            blockNumber=13983745 slot=1 blocks=13983744 txs=1430736426 mgas=94193517 bps=40.79 tps=7964 mgps=629.9 avgBps=110.5 avgTps=11303 avgMGps=744.2 elapsed=1d11h9m
Aug 28 06:01:46 nimbus-eth1-mainnet-long-benchmark[4120996]: INF 2026-08-28 06:01:46.512+00:00 Imported blocks                            blockNumber=13991937 slot=1 blocks=13991936 txs=1432359914 mgas=94320155 bps=39.59 tps=7845 mgps=612.0 avgBps=110.4 avgTps=11297 avgMGps=743.9 elapsed=1d11h13m
Aug 28 06:05:11 nimbus-eth1-mainnet-long-benchmark[4120996]: INF 2026-08-28 06:05:11.616+00:00 Imported blocks                            blockNumber=14000129 slot=1 blocks=14000128 txs=1433982306 mgas=94446733 bps=39.94 tps=7910 mgps=617.1 avgBps=110.2 avgTps=11292 avgMGps=743.7 elapsed=1d11h16m
Aug 28 06:08:29 nimbus-eth1-mainnet-long-benchmark[4120996]: INF 2026-08-28 06:08:29.809+00:00 Imported blocks                            blockNumber=14008321 slot=1 blocks=14008320 txs=1435521887 mgas=94573271 bps=41.33 tps=7768 mgps=638.5 avgBps=110.1 avgTps=11286 avgMGps=743.6 elapsed=1d11h19m
Aug 28 06:12:10 nimbus-eth1-mainnet-long-benchmark[4120996]: INF 2026-08-28 06:12:10.242+00:00 Imported blocks                            blockNumber=14016513 slot=1 blocks=14016512 txs=1437001021 mgas=94699836 bps=37.16 tps=6710 mgps=574.2 avgBps=110.0 avgTps=11278 avgMGps=743.3 elapsed=1d11h23m
Aug 28 06:15:41 nimbus-eth1-mainnet-long-benchmark[4120996]: INF 2026-08-28 06:15:41.526+00:00 Imported blocks                            blockNumber=14024705 slot=1 blocks=14024704 txs=1438503468 mgas=94826425 bps=38.77 tps=7111 mgps=599.1 avgBps=109.9 avgTps=11271 avgMGps=743.0 elapsed=1d11h26m
Aug 28 06:19:13 nimbus-eth1-mainnet-long-benchmark[4120996]: INF 2026-08-28 06:19:13.107+00:00 Imported blocks                            blockNumber=14032897 slot=1 blocks=14032896 txs=1439982231 mgas=94952913 bps=38.72 tps=6988 mgps=597.8 avgBps=109.8 avgTps=11264 avgMGps=742.8 elapsed=1d11h30m
Aug 28 06:22:42 nimbus-eth1-mainnet-long-benchmark[4120996]: INF 2026-08-28 06:22:42.555+00:00 Imported blocks                            blockNumber=14041089 slot=1 blocks=14041088 txs=1441515977 mgas=95079541 bps=39.11 tps=7322 mgps=604.6 avgBps=109.7 avgTps=11258 avgMGps=742.6 elapsed=1d11h33m
Aug 28 06:26:11 nimbus-eth1-mainnet-long-benchmark[4120996]: INF 2026-08-28 06:26:11.580+00:00 Imported blocks                            blockNumber=14049281 slot=1 blocks=14049280 txs=1443035715 mgas=95206136 bps=39.19 tps=7270 mgps=605.7 avgBps=109.5 avgTps=11251 avgMGps=742.4 elapsed=1d11h37m
Aug 28 06:29:44 nimbus-eth1-mainnet-long-benchmark[4120996]: INF 2026-08-28 06:29:44.045+00:00 Imported blocks                            blockNumber=14057473 slot=1 blocks=14057472 txs=1444555208 mgas=95332664 bps=38.56 tps=7151 mgps=595.5 avgBps=109.4 avgTps=11245 avgMGps=742.1 elapsed=1d11h41m
Aug 28 06:33:04 nimbus-eth1-mainnet-long-benchmark[4120996]: INF 2026-08-28 06:33:04.977+00:00 Imported blocks                            blockNumber=14065665 slot=1 blocks=14065664 txs=1445934176 mgas=95459212 bps=40.77 tps=6862 mgps=629.8 avgBps=109.3 avgTps=11238 avgMGps=741.9 elapsed=1d11h44m
Aug 28 06:36:38 nimbus-eth1-mainnet-long-benchmark[4120996]: INF 2026-08-28 06:36:38.622+00:00 Imported blocks                            blockNumber=14073857 slot=1 blocks=14073856 txs=1447409002 mgas=95585650 bps=38.34 tps=6903 mgps=591.8 avgBps=109.2 avgTps=11231 avgMGps=741.7 elapsed=1d11h47m
Aug 28 06:40:11 nimbus-eth1-mainnet-long-benchmark[4120996]: INF 2026-08-28 06:40:11.331+00:00 Imported blocks                            blockNumber=14082049 slot=1 blocks=14082048 txs=1448870460 mgas=95712248 bps=38.51 tps=6870 mgps=595.2 avgBps=109.1 avgTps=11223 avgMGps=741.5 elapsed=1d11h51m
Aug 28 06:43:39 nimbus-eth1-mainnet-long-benchmark[4120996]: INF 2026-08-28 06:43:39.035+00:00 Imported blocks                            blockNumber=14090241 slot=1 blocks=14090240 txs=1450333774 mgas=95838713 bps=39.44 tps=7044 mgps=608.9 avgBps=109.0 avgTps=11217 avgMGps=741.2 elapsed=1d11h54m
Aug 28 06:47:05 nimbus-eth1-mainnet-long-benchmark[4120996]: INF 2026-08-28 06:47:05.768+00:00 Imported blocks                            blockNumber=14098433 slot=1 blocks=14098432 txs=1451774814 mgas=95965099 bps=39.63 tps=6970 mgps=611.4 avgBps=108.9 avgTps=11210 avgMGps=741.0 elapsed=1d11h58m
Aug 28 06:50:41 nimbus-eth1-mainnet-long-benchmark[4120996]: INF 2026-08-28 06:50:41.084+00:00 Imported blocks                            blockNumber=14106625 slot=1 blocks=14106624 txs=1453211267 mgas=96091590 bps=38.05 tps=6671 mgps=587.5 avgBps=108.7 avgTps=11202 avgMGps=740.8 elapsed=1d12h1m
Aug 28 06:54:16 nimbus-eth1-mainnet-long-benchmark[4120996]: INF 2026-08-28 06:54:16.837+00:00 Imported blocks                            blockNumber=14114817 slot=1 blocks=14114816 txs=1454708215 mgas=96218324 bps=37.97 tps=6938 mgps=587.4 avgBps=108.6 avgTps=11195 avgMGps=740.5 elapsed=1d12h5m
Aug 28 06:57:47 nimbus-eth1-mainnet-long-benchmark[4120996]: INF 2026-08-28 06:57:47.486+00:00 Imported blocks                            blockNumber=14123009 slot=1 blocks=14123008 txs=1456205202 mgas=96344866 bps=38.89 tps=7106 mgps=600.7 avgBps=108.5 avgTps=11189 avgMGps=740.3 elapsed=1d12h9m
Aug 28 07:01:19 nimbus-eth1-mainnet-long-benchmark[4120996]: INF 2026-08-28 07:01:19.446+00:00 Imported blocks                            blockNumber=14131201 slot=1 blocks=14131200 txs=1457658182 mgas=96471303 bps=38.65 tps=6854 mgps=596.5 avgBps=108.4 avgTps=11182 avgMGps=740.1 elapsed=1d12h12m
Aug 28 07:04:52 nimbus-eth1-mainnet-long-benchmark[4120996]: INF 2026-08-28 07:04:52.683+00:00 Imported blocks                            blockNumber=14139393 slot=1 blocks=14139392 txs=1459081368 mgas=96597875 bps=38.42 tps=6674 mgps=593.6 avgBps=108.3 avgTps=11174 avgMGps=739.8 elapsed=1d12h16m
Aug 28 07:08:33 nimbus-eth1-mainnet-long-benchmark[4120996]: INF 2026-08-28 07:08:33.975+00:00 Imported blocks                            blockNumber=14147585 slot=1 blocks=14147584 txs=1460650676 mgas=96724438 bps=37.02 tps=7091 mgps=571.9 avgBps=108.2 avgTps=11167 avgMGps=739.5 elapsed=1d12h19m
Aug 28 07:12:08 nimbus-eth1-mainnet-long-benchmark[4120996]: INF 2026-08-28 07:12:08.900+00:00 Imported blocks                            blockNumber=14155777 slot=1 blocks=14155776 txs=1462115211 mgas=96851010 bps=38.12 tps=6814 mgps=588.9 avgBps=108.1 avgTps=11160 avgMGps=739.3 elapsed=1d12h23m
Aug 28 07:15:44 nimbus-eth1-mainnet-long-benchmark[4120996]: INF 2026-08-28 07:15:44.196+00:00 Imported blocks                            blockNumber=14163969 slot=1 blocks=14163968 txs=1463594730 mgas=96977534 bps=38.05 tps=6872 mgps=587.7 avgBps=107.9 avgTps=11153 avgMGps=739.0 elapsed=1d12h27m
Aug 28 07:19:24 nimbus-eth1-mainnet-long-benchmark[4120996]: INF 2026-08-28 07:19:24.029+00:00 Imported blocks                            blockNumber=14172161 slot=1 blocks=14172160 txs=1465094043 mgas=97104003 bps=37.26 tps=6820 mgps=575.3 avgBps=107.8 avgTps=11146 avgMGps=738.8 elapsed=1d12h30m
Aug 28 07:22:57 nimbus-eth1-mainnet-long-benchmark[4120996]: INF 2026-08-28 07:22:57.705+00:00 Imported blocks                            blockNumber=14180353 slot=1 blocks=14180352 txs=1466659391 mgas=97230626 bps=38.34 tps=7325 mgps=592.6 avgBps=107.7 avgTps=11140 avgMGps=738.5 elapsed=1d12h34m
Aug 28 07:26:33 nimbus-eth1-mainnet-long-benchmark[4120996]: INF 2026-08-28 07:26:33.690+00:00 Imported blocks                            blockNumber=14188545 slot=1 blocks=14188544 txs=1468130221 mgas=97357091 bps=37.93 tps=6809 mgps=585.5 avgBps=107.6 avgTps=11133 avgMGps=738.3 elapsed=1d12h37m
Aug 28 07:30:08 nimbus-eth1-mainnet-long-benchmark[4120996]: INF 2026-08-28 07:30:08.854+00:00 Imported blocks                            blockNumber=14196737 slot=1 blocks=14196736 txs=1469530770 mgas=97483586 bps=38.07 tps=6509 mgps=587.9 avgBps=107.5 avgTps=11125 avgMGps=738.0 elapsed=1d12h41m
Aug 28 07:33:50 nimbus-eth1-mainnet-long-benchmark[4120996]: INF 2026-08-28 07:33:50.831+00:00 Imported blocks                            blockNumber=14204929 slot=1 blocks=14204928 txs=1470983875 mgas=97610339 bps=36.90 tps=6546 mgps=571.0 avgBps=107.4 avgTps=11117 avgMGps=737.8 elapsed=1d12h45m
Aug 28 07:37:22 nimbus-eth1-mainnet-long-benchmark[4120996]: INF 2026-08-28 07:37:22.491+00:00 Imported blocks                            blockNumber=14213121 slot=1 blocks=14213120 txs=1472443986 mgas=97736908 bps=38.70 tps=6898 mgps=598.0 avgBps=107.3 avgTps=11111 avgMGps=737.5 elapsed=1d12h48m
Aug 28 07:40:56 nimbus-eth1-mainnet-long-benchmark[4120996]: INF 2026-08-28 07:40:56.824+00:00 Imported blocks                            blockNumber=14221313 slot=1 blocks=14221312 txs=1473964445 mgas=97863560 bps=38.22 tps=7093 mgps=590.9 avgBps=107.1 avgTps=11104 avgMGps=737.3 elapsed=1d12h52m
Aug 28 07:44:34 nimbus-eth1-mainnet-long-benchmark[4120996]: INF 2026-08-28 07:44:34.652+00:00 Imported blocks                            blockNumber=14229505 slot=1 blocks=14229504 txs=1475463717 mgas=97990199 bps=37.61 tps=6882 mgps=581.4 avgBps=107.0 avgTps=11097 avgMGps=737.0 elapsed=1d12h55m
Aug 28 07:48:10 nimbus-eth1-mainnet-long-benchmark[4120996]: INF 2026-08-28 07:48:10.377+00:00 Imported blocks                            blockNumber=14237697 slot=1 blocks=14237696 txs=1477012661 mgas=98116939 bps=37.97 tps=7180 mgps=587.5 avgBps=106.9 avgTps=11091 avgMGps=736.8 elapsed=1d12h59m
Aug 28 07:52:01 nimbus-eth1-mainnet-long-benchmark[4120996]: INF 2026-08-28 07:52:01.721+00:00 Imported blocks                            blockNumber=14245889 slot=1 blocks=14245888 txs=1478646477 mgas=98243446 bps=35.41 tps=7062 mgps=546.8 avgBps=106.8 avgTps=11084 avgMGps=736.5 elapsed=1d13h3m
Aug 28 07:55:34 nimbus-eth1-mainnet-long-benchmark[4120996]: INF 2026-08-28 07:55:34.318+00:00 Imported blocks                            blockNumber=14254081 slot=1 blocks=14254080 txs=1480092096 mgas=98370170 bps=38.53 tps=6799 mgps=596.1 avgBps=106.7 avgTps=11077 avgMGps=736.2 elapsed=1d13h6m
Aug 28 07:59:05 nimbus-eth1-mainnet-long-benchmark[4120996]: INF 2026-08-28 07:59:05.866+00:00 Imported blocks                            blockNumber=14262273 slot=1 blocks=14262272 txs=1481523962 mgas=98496711 bps=38.72 tps=6768 mgps=598.2 avgBps=106.6 avgTps=11070 avgMGps=736.0 elapsed=1d13h10m
Aug 28 08:02:40 nimbus-eth1-mainnet-long-benchmark[4120996]: INF 2026-08-28 08:02:40.531+00:00 Imported blocks                            blockNumber=14270465 slot=1 blocks=14270464 txs=1483008014 mgas=98623220 bps=38.16 tps=6913 mgps=589.3 avgBps=106.5 avgTps=11064 avgMGps=735.8 elapsed=1d13h13m
Aug 28 08:06:16 nimbus-eth1-mainnet-long-benchmark[4120996]: INF 2026-08-28 08:06:16.376+00:00 Imported blocks                            blockNumber=14278657 slot=1 blocks=14278656 txs=1484457170 mgas=98749786 bps=37.95 tps=6713 mgps=586.4 avgBps=106.4 avgTps=11057 avgMGps=735.6 elapsed=1d13h17m
Aug 28 08:09:57 nimbus-eth1-mainnet-long-benchmark[4120996]: INF 2026-08-28 08:09:57.900+00:00 Imported blocks                            blockNumber=14286849 slot=1 blocks=14286848 txs=1485932097 mgas=98876484 bps=36.98 tps=6658 mgps=571.9 avgBps=106.2 avgTps=11049 avgMGps=735.3 elapsed=1d13h21m
Aug 28 08:13:37 nimbus-eth1-mainnet-long-benchmark[4120996]: INF 2026-08-28 08:13:37.189+00:00 Imported blocks                            blockNumber=14295041 slot=1 blocks=14295040 txs=1487325180 mgas=99003120 bps=37.36 tps=6352 mgps=577.5 avgBps=106.1 avgTps=11042 avgMGps=735.0 elapsed=1d13h24m
Aug 28 08:17:09 nimbus-eth1-mainnet-long-benchmark[4120996]: INF 2026-08-28 08:17:09.805+00:00 Imported blocks                            blockNumber=14303233 slot=1 blocks=14303232 txs=1488794773 mgas=99129714 bps=38.53 tps=6911 mgps=595.4 avgBps=106.0 avgTps=11035 avgMGps=734.8 elapsed=1d13h28m
Aug 28 08:20:46 nimbus-eth1-mainnet-long-benchmark[4120996]: INF 2026-08-28 08:20:46.134+00:00 Imported blocks                            blockNumber=14311425 slot=1 blocks=14311424 txs=1490306806 mgas=99256253 bps=37.87 tps=6989 mgps=584.9 avgBps=105.9 avgTps=11029 avgMGps=734.6 elapsed=1d13h32m
Aug 28 08:24:23 nimbus-eth1-mainnet-long-benchmark[4120996]: INF 2026-08-28 08:24:23.398+00:00 Imported blocks                            blockNumber=14319617 slot=1 blocks=14319616 txs=1491788177 mgas=99382830 bps=37.71 tps=6818 mgps=582.6 avgBps=105.8 avgTps=11022 avgMGps=734.3 elapsed=1d13h35m
Aug 28 08:28:01 nimbus-eth1-mainnet-long-benchmark[4120996]: INF 2026-08-28 08:28:01.579+00:00 Imported blocks                            blockNumber=14327809 slot=1 blocks=14327808 txs=1493218346 mgas=99509396 bps=37.55 tps=6554 mgps=580.1 avgBps=105.7 avgTps=11015 avgMGps=734.1 elapsed=1d13h39m
Aug 28 08:31:36 nimbus-eth1-mainnet-long-benchmark[4120996]: INF 2026-08-28 08:31:36.895+00:00 Imported blocks                            blockNumber=14336001 slot=1 blocks=14336000 txs=1494637496 mgas=99636119 bps=38.05 tps=6591 mgps=588.5 avgBps=105.6 avgTps=11008 avgMGps=733.8 elapsed=1d13h42m
Aug 28 08:35:17 nimbus-eth1-mainnet-long-benchmark[4120996]: INF 2026-08-28 08:35:17.472+00:00 Imported blocks                            blockNumber=14344193 slot=1 blocks=14344192 txs=1496117780 mgas=99762554 bps=37.14 tps=6710 mgps=573.2 avgBps=105.5 avgTps=11001 avgMGps=733.6 elapsed=1d13h46m
Aug 28 08:39:07 nimbus-eth1-mainnet-long-benchmark[4120996]: INF 2026-08-28 08:39:07.996+00:00 Imported blocks                            blockNumber=14352385 slot=1 blocks=14352384 txs=1497646328 mgas=99889031 bps=35.54 tps=6630 mgps=548.7 avgBps=105.4 avgTps=10993 avgMGps=733.3 elapsed=1d13h50m
Aug 28 08:42:59 nimbus-eth1-mainnet-long-benchmark[4120996]: INF 2026-08-28 08:42:59.632+00:00 Imported blocks                            blockNumber=14360577 slot=1 blocks=14360576 txs=1499193215 mgas=100015839 bps=35.37 tps=6678 mgps=547.4 avgBps=105.2 avgTps=10986 avgMGps=733.0 elapsed=1d13h54m
Aug 28 08:46:43 nimbus-eth1-mainnet-long-benchmark[4120996]: INF 2026-08-28 08:46:43.221+00:00 Imported blocks                            blockNumber=14368769 slot=1 blocks=14368768 txs=1500628724 mgas=100142411 bps=36.64 tps=6420 mgps=566.1 avgBps=105.1 avgTps=10979 avgMGps=732.7 elapsed=1d13h57m
Aug 28 08:50:27 nimbus-eth1-mainnet-long-benchmark[4120996]: INF 2026-08-28 08:50:27.641+00:00 Imported blocks                            blockNumber=14376961 slot=1 blocks=14376960 txs=1502015374 mgas=100268911 bps=36.50 tps=6178 mgps=563.7 avgBps=105.0 avgTps=10971 avgMGps=732.4 elapsed=1d14h1m
Aug 28 08:54:10 nimbus-eth1-mainnet-long-benchmark[4120996]: INF 2026-08-28 08:54:10.518+00:00 Imported blocks                            blockNumber=14385153 slot=1 blocks=14385152 txs=1503397597 mgas=100395563 bps=36.76 tps=6201 mgps=568.3 avgBps=104.9 avgTps=10963 avgMGps=732.1 elapsed=1d14h5m
Aug 28 08:57:52 nimbus-eth1-mainnet-long-benchmark[4120996]: INF 2026-08-28 08:57:52.002+00:00 Imported blocks                            blockNumber=14393345 slot=1 blocks=14393344 txs=1504885648 mgas=100522227 bps=36.99 tps=6718 mgps=571.9 avgBps=104.8 avgTps=10956 avgMGps=731.9 elapsed=1d14h9m
Aug 28 09:01:37 nimbus-eth1-mainnet-long-benchmark[4120996]: INF 2026-08-28 09:01:37.318+00:00 Imported blocks                            blockNumber=14401537 slot=1 blocks=14401536 txs=1506439582 mgas=100648773 bps=36.36 tps=6896 mgps=561.6 avgBps=104.7 avgTps=10950 avgMGps=731.6 elapsed=1d14h12m
Aug 28 09:05:15 nimbus-eth1-mainnet-long-benchmark[4120996]: INF 2026-08-28 09:05:15.099+00:00 Imported blocks                            blockNumber=14409729 slot=1 blocks=14409728 txs=1508073589 mgas=100775337 bps=37.62 tps=7502 mgps=581.1 avgBps=104.6 avgTps=10944 avgMGps=731.4 elapsed=1d14h16m
Aug 28 09:08:58 nimbus-eth1-mainnet-long-benchmark[4120996]: INF 2026-08-28 09:08:58.355+00:00 Imported blocks                            blockNumber=14417921 slot=1 blocks=14417920 txs=1509515789 mgas=100901918 bps=36.69 tps=6459 mgps=567.0 avgBps=104.5 avgTps=10937 avgMGps=731.1 elapsed=1d14h20m
Aug 28 09:12:48 nimbus-eth1-mainnet-long-benchmark[4120996]: INF 2026-08-28 09:12:48.044+00:00 Imported blocks                            blockNumber=14426113 slot=1 blocks=14426112 txs=1510929421 mgas=101028396 bps=35.67 tps=6154 mgps=550.7 avgBps=104.4 avgTps=10929 avgMGps=730.8 elapsed=1d14h24m
Aug 28 09:16:36 nimbus-eth1-mainnet-long-benchmark[4120996]: INF 2026-08-28 09:16:36.188+00:00 Imported blocks                            blockNumber=14434305 slot=1 blocks=14434304 txs=1512477530 mgas=101154947 bps=35.91 tps=6785 mgps=554.7 avgBps=104.2 avgTps=10922 avgMGps=730.5 elapsed=1d14h27m
Aug 28 09:20:21 nimbus-eth1-mainnet-long-benchmark[4120996]: INF 2026-08-28 09:20:21.785+00:00 Imported blocks                            blockNumber=14442497 slot=1 blocks=14442496 txs=1513948057 mgas=101281563 bps=36.31 tps=6518 mgps=561.2 avgBps=104.1 avgTps=10915 avgMGps=730.2 elapsed=1d14h31m
Aug 28 09:24:03 nimbus-eth1-mainnet-long-benchmark[4120996]: INF 2026-08-28 09:24:03.233+00:00 Imported blocks                            blockNumber=14450689 slot=1 blocks=14450688 txs=1515426491 mgas=101408240 bps=36.99 tps=6676 mgps=572.0 avgBps=104.0 avgTps=10908 avgMGps=730.0 elapsed=1d14h35m
Aug 28 09:27:43 nimbus-eth1-mainnet-long-benchmark[4120996]: INF 2026-08-28 09:27:43.945+00:00 Imported blocks                            blockNumber=14458881 slot=1 blocks=14458880 txs=1516885229 mgas=101534838 bps=37.12 tps=6609 mgps=573.6 avgBps=103.9 avgTps=10901 avgMGps=729.7 elapsed=1d14h39m
Aug 28 09:31:26 nimbus-eth1-mainnet-long-benchmark[4120996]: INF 2026-08-28 09:31:26.430+00:00 Imported blocks                            blockNumber=14467073 slot=1 blocks=14467072 txs=1518311743 mgas=101661241 bps=36.82 tps=6411 mgps=568.1 avgBps=103.8 avgTps=10894 avgMGps=729.5 elapsed=1d14h42m
Aug 28 09:35:13 nimbus-eth1-mainnet-long-benchmark[4120996]: INF 2026-08-28 09:35:13.754+00:00 Imported blocks                            blockNumber=14475265 slot=1 blocks=14475264 txs=1519793911 mgas=101787951 bps=36.04 tps=6520 mgps=557.4 avgBps=103.7 avgTps=10887 avgMGps=729.2 elapsed=1d14h46m
Aug 28 09:38:56 nimbus-eth1-mainnet-long-benchmark[4120996]: INF 2026-08-28 09:38:56.879+00:00 Imported blocks                            blockNumber=14483457 slot=1 blocks=14483456 txs=1521351379 mgas=101914491 bps=36.71 tps=6980 mgps=567.1 avgBps=103.6 avgTps=10881 avgMGps=728.9 elapsed=1d14h50m
Aug 28 09:42:37 nimbus-eth1-mainnet-long-benchmark[4120996]: INF 2026-08-28 09:42:37.771+00:00 Imported blocks                            blockNumber=14491649 slot=1 blocks=14491648 txs=1522821566 mgas=102040928 bps=37.09 tps=6655 mgps=572.4 avgBps=103.5 avgTps=10874 avgMGps=728.7 elapsed=1d14h53m
Aug 28 09:46:14 nimbus-eth1-mainnet-long-benchmark[4120996]: INF 2026-08-28 09:46:14.556+00:00 Imported blocks                            blockNumber=14499841 slot=1 blocks=14499840 txs=1524299533 mgas=102167452 bps=37.79 tps=6817 mgps=583.6 avgBps=103.4 avgTps=10868 avgMGps=728.5 elapsed=1d14h57m
Aug 28 09:50:17 nimbus-eth1-mainnet-long-benchmark[4120996]: INF 2026-08-28 09:50:17.916+00:00 Imported blocks                            blockNumber=14508033 slot=1 blocks=14508032 txs=1525765485 mgas=102293988 bps=33.66 tps=6023 mgps=520.0 avgBps=103.3 avgTps=10859 avgMGps=728.1 elapsed=1d15h1m
Aug 28 09:54:01 nimbus-eth1-mainnet-long-benchmark[4120996]: INF 2026-08-28 09:54:01.208+00:00 Imported blocks                            blockNumber=14516225 slot=1 blocks=14516224 txs=1527114209 mgas=102420481 bps=36.69 tps=6040 mgps=566.5 avgBps=103.2 avgTps=10852 avgMGps=727.8 elapsed=1d15h5m
Aug 28 09:57:41 nimbus-eth1-mainnet-long-benchmark[4120996]: INF 2026-08-28 09:57:41.261+00:00 Imported blocks                            blockNumber=14524417 slot=1 blocks=14524416 txs=1528522384 mgas=102547039 bps=37.23 tps=6399 mgps=575.1 avgBps=103.1 avgTps=10845 avgMGps=727.6 elapsed=1d15h8m
Aug 28 10:01:20 nimbus-eth1-mainnet-long-benchmark[4120996]: INF 2026-08-28 10:01:20.897+00:00 Imported blocks                            blockNumber=14532609 slot=1 blocks=14532608 txs=1529939791 mgas=102673640 bps=37.30 tps=6453 mgps=576.4 avgBps=103.0 avgTps=10838 avgMGps=727.4 elapsed=1d15h12m
Aug 28 10:04:57 nimbus-eth1-mainnet-long-benchmark[4120996]: INF 2026-08-28 10:04:57.178+00:00 Imported blocks                            blockNumber=14540801 slot=1 blocks=14540800 txs=1531393541 mgas=102800249 bps=37.88 tps=6721 mgps=585.4 avgBps=102.9 avgTps=10832 avgMGps=727.2 elapsed=1d15h16m
Aug 28 10:08:33 nimbus-eth1-mainnet-long-benchmark[4120996]: INF 2026-08-28 10:08:33.290+00:00 Imported blocks                            blockNumber=14548993 slot=1 blocks=14548992 txs=1532796910 mgas=102926765 bps=37.91 tps=6493 mgps=585.4 avgBps=102.8 avgTps=10825 avgMGps=726.9 elapsed=1d15h19m
Aug 28 10:12:20 nimbus-eth1-mainnet-long-benchmark[4120996]: INF 2026-08-28 10:12:20.091+00:00 Imported blocks                            blockNumber=14557185 slot=1 blocks=14557184 txs=1534192018 mgas=103053366 bps=36.12 tps=6151 mgps=558.2 avgBps=102.6 avgTps=10818 avgMGps=726.7 elapsed=1d15h23m
Aug 28 10:16:01 nimbus-eth1-mainnet-long-benchmark[4120996]: INF 2026-08-28 10:16:01.475+00:00 Imported blocks                            blockNumber=14565377 slot=1 blocks=14565376 txs=1535614541 mgas=103180127 bps=37.00 tps=6425 mgps=572.6 avgBps=102.5 avgTps=10811 avgMGps=726.4 elapsed=1d15h27m
Aug 28 10:19:35 nimbus-eth1-mainnet-long-benchmark[4120996]: INF 2026-08-28 10:19:35.632+00:00 Imported blocks                            blockNumber=14573569 slot=1 blocks=14573568 txs=1537033985 mgas=103306532 bps=38.25 tps=6628 mgps=590.3 avgBps=102.4 avgTps=10805 avgMGps=726.2 elapsed=1d15h30m
Aug 28 10:23:10 nimbus-eth1-mainnet-long-benchmark[4120996]: INF 2026-08-28 10:23:10.277+00:00 Imported blocks                            blockNumber=14581761 slot=1 blocks=14581760 txs=1538410088 mgas=103432973 bps=38.17 tps=6411 mgps=589.1 avgBps=102.4 avgTps=10798 avgMGps=726.0 elapsed=1d15h34m
Aug 28 10:26:47 nimbus-eth1-mainnet-long-benchmark[4120996]: INF 2026-08-28 10:26:47.341+00:00 Imported blocks                            blockNumber=14589953 slot=1 blocks=14589952 txs=1539842194 mgas=103559582 bps=37.74 tps=6597 mgps=583.3 avgBps=102.3 avgTps=10791 avgMGps=725.8 elapsed=1d15h38m
Aug 28 10:30:21 nimbus-eth1-mainnet-long-benchmark[4120996]: INF 2026-08-28 10:30:21.714+00:00 Imported blocks                            blockNumber=14598145 slot=1 blocks=14598144 txs=1541231712 mgas=103686274 bps=38.21 tps=6481 mgps=591.0 avgBps=102.2 avgTps=10785 avgMGps=725.6 elapsed=1d15h41m
Aug 28 10:34:09 nimbus-eth1-mainnet-long-benchmark[4120996]: INF 2026-08-28 10:34:09.498+00:00 Imported blocks                            blockNumber=14606337 slot=1 blocks=14606336 txs=1542557603 mgas=103812866 bps=35.96 tps=5820 mgps=555.8 avgBps=102.1 avgTps=10777 avgMGps=725.3 elapsed=1d15h45m
Aug 28 10:37:52 nimbus-eth1-mainnet-long-benchmark[4120996]: INF 2026-08-28 10:37:52.214+00:00 Imported blocks                            blockNumber=14614529 slot=1 blocks=14614528 txs=1543988223 mgas=103939436 bps=36.78 tps=6423 mgps=568.3 avgBps=102.0 avgTps=10770 avgMGps=725.1 elapsed=1d15h49m
Aug 28 10:41:37 nimbus-eth1-mainnet-long-benchmark[4120996]: INF 2026-08-28 10:41:37.007+00:00 Imported blocks                            blockNumber=14622721 slot=1 blocks=14622720 txs=1545628799 mgas=104065967 bps=36.44 tps=7298 mgps=562.9 avgBps=101.8 avgTps=10765 avgMGps=724.8 elapsed=1d15h52m
Aug 28 10:45:03 nimbus-eth1-mainnet-long-benchmark[4120996]: INF 2026-08-28 10:45:03.876+00:00 Imported blocks                            blockNumber=14630913 slot=1 blocks=14630912 txs=1547086993 mgas=104192478 bps=39.60 tps=7048 mgps=611.6 avgBps=101.8 avgTps=10760 avgMGps=724.7 elapsed=1d15h56m
Aug 28 10:48:42 nimbus-eth1-mainnet-long-benchmark[4120996]: INF 2026-08-28 10:48:42.184+00:00 Imported blocks                            blockNumber=14639105 slot=1 blocks=14639104 txs=1548539276 mgas=104318872 bps=37.52 tps=6652 mgps=579.0 avgBps=101.7 avgTps=10753 avgMGps=724.4 elapsed=1d15h59m
Aug 28 10:52:30 nimbus-eth1-mainnet-long-benchmark[4120996]: INF 2026-08-28 10:52:30.748+00:00 Imported blocks                            blockNumber=14647297 slot=1 blocks=14647296 txs=1549888595 mgas=104445438 bps=35.84 tps=5903 mgps=553.7 avgBps=101.6 avgTps=10746 avgMGps=724.2 elapsed=1d16h3m
Aug 28 10:56:12 nimbus-eth1-mainnet-long-benchmark[4120996]: INF 2026-08-28 10:56:12.509+00:00 Imported blocks                            blockNumber=14655489 slot=1 blocks=14655488 txs=1551341506 mgas=104572043 bps=36.94 tps=6551 mgps=570.9 avgBps=101.5 avgTps=10739 avgMGps=723.9 elapsed=1d16h7m
Aug 28 10:59:51 nimbus-eth1-mainnet-long-benchmark[4120996]: INF 2026-08-28 10:59:51.549+00:00 Imported blocks                            blockNumber=14663681 slot=1 blocks=14663680 txs=1552790005 mgas=104698375 bps=37.40 tps=6612 mgps=576.8 avgBps=101.4 avgTps=10733 avgMGps=723.7 elapsed=1d16h11m
Aug 28 11:03:34 nimbus-eth1-mainnet-long-benchmark[4120996]: INF 2026-08-28 11:03:34.434+00:00 Imported blocks                            blockNumber=14671873 slot=1 blocks=14671872 txs=1554273756 mgas=104824824 bps=36.75 tps=6657 mgps=567.3 avgBps=101.3 avgTps=10727 avgMGps=723.5 elapsed=1d16h14m
Aug 28 11:07:15 nimbus-eth1-mainnet-long-benchmark[4120996]: INF 2026-08-28 11:07:15.678+00:00 Imported blocks                            blockNumber=14680065 slot=1 blocks=14680064 txs=1555798382 mgas=104951311 bps=37.03 tps=6891 mgps=571.7 avgBps=101.2 avgTps=10721 avgMGps=723.2 elapsed=1d16h18m
Aug 28 11:10:56 nimbus-eth1-mainnet-long-benchmark[4120996]: INF 2026-08-28 11:10:56.891+00:00 Imported blocks                            blockNumber=14688257 slot=1 blocks=14688256 txs=1557325850 mgas=105077856 bps=37.03 tps=6904 mgps=572.1 avgBps=101.1 avgTps=10715 avgMGps=723.0 elapsed=1d16h22m
Aug 28 11:14:15 nimbus-eth1-mainnet-long-benchmark[4120996]: INF 2026-08-28 11:14:15.716+00:00 Imported blocks                            blockNumber=14696449 slot=1 blocks=14696448 txs=1558798023 mgas=105204382 bps=41.20 tps=7404 mgps=636.4 avgBps=101.0 avgTps=10711 avgMGps=722.9 elapsed=1d16h25m
Aug 28 11:17:49 nimbus-eth1-mainnet-long-benchmark[4120996]: INF 2026-08-28 11:17:49.984+00:00 Imported blocks                            blockNumber=14704641 slot=1 blocks=14704640 txs=1560217704 mgas=105330915 bps=38.23 tps=6625 mgps=590.5 avgBps=100.9 avgTps=10705 avgMGps=722.7 elapsed=1d16h29m
Aug 28 11:21:34 nimbus-eth1-mainnet-long-benchmark[4120996]: INF 2026-08-28 11:21:34.233+00:00 Imported blocks                            blockNumber=14712833 slot=1 blocks=14712832 txs=1561654974 mgas=105457382 bps=36.53 tps=6409 mgps=564.0 avgBps=100.8 avgTps=10698 avgMGps=722.5 elapsed=1d16h32m
Aug 28 11:25:18 nimbus-eth1-mainnet-long-benchmark[4120996]: INF 2026-08-28 11:25:18.241+00:00 Imported blocks                            blockNumber=14721025 slot=1 blocks=14721024 txs=1563167010 mgas=105583750 bps=36.57 tps=6749 mgps=564.1 avgBps=100.7 avgTps=10692 avgMGps=722.2 elapsed=1d16h36m
Aug 28 11:29:06 nimbus-eth1-mainnet-long-benchmark[4120996]: INF 2026-08-28 11:29:06.753+00:00 Imported blocks                            blockNumber=14729217 slot=1 blocks=14729216 txs=1564606510 mgas=105710056 bps=35.85 tps=6299 mgps=552.7 avgBps=100.6 avgTps=10685 avgMGps=721.9 elapsed=1d16h40m
Aug 28 11:32:54 nimbus-eth1-mainnet-long-benchmark[4120996]: INF 2026-08-28 11:32:54.794+00:00 Imported blocks                            blockNumber=14737409 slot=1 blocks=14737408 txs=1565993863 mgas=105836465 bps=35.92 tps=6083 mgps=554.3 avgBps=100.5 avgTps=10678 avgMGps=721.7 elapsed=1d16h44m
Aug 28 11:36:45 nimbus-eth1-mainnet-long-benchmark[4120996]: INF 2026-08-28 11:36:45.390+00:00 Imported blocks                            blockNumber=14745601 slot=1 blocks=14745600 txs=1567493174 mgas=105962890 bps=35.53 tps=6501 mgps=548.2 avgBps=100.4 avgTps=10671 avgMGps=721.4 elapsed=1d16h48m
Aug 28 11:40:36 nimbus-eth1-mainnet-long-benchmark[4120996]: INF 2026-08-28 11:40:36.590+00:00 Imported blocks                            blockNumber=14753793 slot=1 blocks=14753792 txs=1569051319 mgas=106089063 bps=35.43 tps=6739 mgps=545.7 avgBps=100.3 avgTps=10665 avgMGps=721.1 elapsed=1d16h51m
Aug 28 11:44:23 nimbus-eth1-mainnet-long-benchmark[4120996]: INF 2026-08-28 11:44:23.535+00:00 Imported blocks                            blockNumber=14761985 slot=1 blocks=14761984 txs=1570770123 mgas=106215276 bps=36.10 tps=7573 mgps=556.1 avgBps=100.2 avgTps=10660 avgMGps=720.9 elapsed=1d16h55m
Aug 28 11:48:12 nimbus-eth1-mainnet-long-benchmark[4120996]: INF 2026-08-28 11:48:12.695+00:00 Imported blocks                            blockNumber=14770177 slot=1 blocks=14770176 txs=1572487493 mgas=106341305 bps=35.75 tps=7494 mgps=550.0 avgBps=100.1 avgTps=10655 avgMGps=720.6 elapsed=1d16h59m
Aug 28 11:52:07 nimbus-eth1-mainnet-long-benchmark[4120996]: INF 2026-08-28 11:52:07.023+00:00 Imported blocks                            blockNumber=14778369 slot=1 blocks=14778368 txs=1573961397 mgas=106467668 bps=34.96 tps=6289 mgps=539.3 avgBps=99.99 avgTps=10649 avgMGps=720.3 elapsed=1d17h3m
Aug 28 11:56:08 nimbus-eth1-mainnet-long-benchmark[4120996]: INF 2026-08-28 11:56:08.904+00:00 Imported blocks                            blockNumber=14786561 slot=1 blocks=14786560 txs=1575410846 mgas=106594161 bps=33.87 tps=5992 mgps=523.0 avgBps=99.88 avgTps=10641 avgMGps=720.0 elapsed=1d17h7m
Aug 28 11:59:53 nimbus-eth1-mainnet-long-benchmark[4120996]: INF 2026-08-28 11:59:53.088+00:00 Imported blocks                            blockNumber=14794753 slot=1 blocks=14794752 txs=1576888706 mgas=106720591 bps=36.54 tps=6592 mgps=564.0 avgBps=99.78 avgTps=10635 avgMGps=719.8 elapsed=1d17h11m
Aug 28 12:03:39 nimbus-eth1-mainnet-long-benchmark[4120996]: INF 2026-08-28 12:03:39.692+00:00 Imported blocks                            blockNumber=14802945 slot=1 blocks=14802944 txs=1578401630 mgas=106846974 bps=36.15 tps=6676 mgps=557.7 avgBps=99.69 avgTps=10629 avgMGps=719.5 elapsed=1d17h14m
Aug 28 12:07:26 nimbus-eth1-mainnet-long-benchmark[4120996]: INF 2026-08-28 12:07:26.473+00:00 Imported blocks                            blockNumber=14811137 slot=1 blocks=14811136 txs=1579885395 mgas=106973402 bps=36.12 tps=6542 mgps=557.5 avgBps=99.59 avgTps=10623 avgMGps=719.3 elapsed=1d17h18m
Aug 28 12:11:03 nimbus-eth1-mainnet-long-benchmark[4120996]: INF 2026-08-28 12:11:03.157+00:00 Imported blocks                            blockNumber=14819329 slot=1 blocks=14819328 txs=1581354434 mgas=107099867 bps=37.81 tps=6779 mgps=583.6 avgBps=99.50 avgTps=10617 avgMGps=719.1 elapsed=1d17h22m
Aug 28 12:14:40 nimbus-eth1-mainnet-long-benchmark[4120996]: INF 2026-08-28 12:14:40.818+00:00 Imported blocks                            blockNumber=14827521 slot=1 blocks=14827520 txs=1582755344 mgas=107226485 bps=37.64 tps=6436 mgps=581.7 avgBps=99.41 avgTps=10611 avgMGps=718.9 elapsed=1d17h25m
Aug 28 12:18:22 nimbus-eth1-mainnet-long-benchmark[4120996]: INF 2026-08-28 12:18:22.258+00:00 Imported blocks                            blockNumber=14835713 slot=1 blocks=14835712 txs=1584219534 mgas=107353062 bps=36.99 tps=6612 mgps=571.6 avgBps=99.32 avgTps=10605 avgMGps=718.7 elapsed=1d17h29m
Aug 28 12:21:51 nimbus-eth1-mainnet-long-benchmark[4120996]: INF 2026-08-28 12:21:51.547+00:00 Imported blocks                            blockNumber=14843905 slot=1 blocks=14843904 txs=1585683131 mgas=107479551 bps=39.14 tps=6993 mgps=604.4 avgBps=99.23 avgTps=10600 avgMGps=718.5 elapsed=1d17h33m
Aug 28 12:25:20 nimbus-eth1-mainnet-long-benchmark[4120996]: INF 2026-08-28 12:25:20.964+00:00 Imported blocks                            blockNumber=14852097 slot=1 blocks=14852096 txs=1587119089 mgas=107605902 bps=39.12 tps=6856 mgps=603.3 avgBps=99.15 avgTps=10595 avgMGps=718.3 elapsed=1d17h36m
Aug 28 12:28:53 nimbus-eth1-mainnet-long-benchmark[4120996]: INF 2026-08-28 12:28:53.776+00:00 Imported blocks                            blockNumber=14860289 slot=1 blocks=14860288 txs=1588547697 mgas=107732236 bps=38.49 tps=6713 mgps=593.6 avgBps=99.06 avgTps=10589 avgMGps=718.2 elapsed=1d17h40m
Aug 28 12:32:31 nimbus-eth1-mainnet-long-benchmark[4120996]: INF 2026-08-28 12:32:31.333+00:00 Imported blocks                            blockNumber=14868481 slot=1 blocks=14868480 txs=1589990527 mgas=107858829 bps=37.65 tps=6632 mgps=581.9 avgBps=98.97 avgTps=10583 avgMGps=718.0 elapsed=1d17h43m
Aug 28 12:35:55 nimbus-eth1-mainnet-long-benchmark[4120996]: INF 2026-08-28 12:35:55.222+00:00 Imported blocks                            blockNumber=14876673 slot=1 blocks=14876672 txs=1591434616 mgas=107985284 bps=40.18 tps=7082 mgps=620.2 avgBps=98.89 avgTps=10579 avgMGps=717.8 elapsed=1d17h47m
Aug 28 12:39:16 nimbus-eth1-mainnet-long-benchmark[4120996]: INF 2026-08-28 12:39:16.734+00:00 Imported blocks                            blockNumber=14884865 slot=1 blocks=14884864 txs=1592924600 mgas=108111712 bps=40.65 tps=7393 mgps=627.4 avgBps=98.82 avgTps=10574 avgMGps=717.7 elapsed=1d17h50m
Aug 28 12:42:38 nimbus-eth1-mainnet-long-benchmark[4120996]: INF 2026-08-28 12:42:38.119+00:00 Imported blocks                            blockNumber=14893057 slot=1 blocks=14893056 txs=1594384287 mgas=108238280 bps=40.68 tps=7248 mgps=628.5 avgBps=98.74 avgTps=10570 avgMGps=717.6 elapsed=1d17h53m
Aug 28 12:45:53 nimbus-eth1-mainnet-long-benchmark[4120996]: INF 2026-08-28 12:45:53.160+00:00 Imported blocks                            blockNumber=14901249 slot=1 blocks=14901248 txs=1595813868 mgas=108364670 bps=42.00 tps=7329 mgps=648.0 avgBps=98.66 avgTps=10566 avgMGps=717.5 elapsed=1d17h57m
Aug 28 12:49:12 nimbus-eth1-mainnet-long-benchmark[4120996]: INF 2026-08-28 12:49:12.173+00:00 Imported blocks                            blockNumber=14909441 slot=1 blocks=14909440 txs=1597202289 mgas=108491205 bps=41.16 tps=6976 mgps=635.8 avgBps=98.59 avgTps=10561 avgMGps=717.4 elapsed=1d18h28s
Aug 28 12:52:30 nimbus-eth1-mainnet-long-benchmark[4120996]: INF 2026-08-28 12:52:30.222+00:00 Imported blocks                            blockNumber=14917633 slot=1 blocks=14917632 txs=1598674356 mgas=108617702 bps=41.36 tps=7432 mgps=638.7 avgBps=98.51 avgTps=10557 avgMGps=717.3 elapsed=1d18h3m
Aug 28 12:55:51 nimbus-eth1-mainnet-long-benchmark[4120996]: INF 2026-08-28 12:55:51.883+00:00 Imported blocks                            blockNumber=14925825 slot=1 blocks=14925824 txs=1600116293 mgas=108744157 bps=40.62 tps=7150 mgps=627.1 avgBps=98.44 avgTps=10552 avgMGps=717.2 elapsed=1d18h7m
Aug 28 12:59:04 nimbus-eth1-mainnet-long-benchmark[4120996]: INF 2026-08-28 12:59:04.835+00:00 Imported blocks                            blockNumber=14934017 slot=1 blocks=14934016 txs=1601560457 mgas=108870655 bps=42.46 tps=7484 mgps=655.6 avgBps=98.37 avgTps=10548 avgMGps=717.1 elapsed=1d18h10m
Aug 28 13:02:22 nimbus-eth1-mainnet-long-benchmark[4120996]: INF 2026-08-28 13:02:22.560+00:00 Imported blocks                            blockNumber=14942209 slot=1 blocks=14942208 txs=1603043936 mgas=108997011 bps=41.43 tps=7502 mgps=639.0 avgBps=98.29 avgTps=10545 avgMGps=717.0 elapsed=1d18h13m
Aug 28 13:06:01 nimbus-eth1-mainnet-long-benchmark[4120996]: INF 2026-08-28 13:06:01.393+00:00 Imported blocks                            blockNumber=14950401 slot=1 blocks=14950400 txs=1604484185 mgas=109123396 bps=37.44 tps=6581 mgps=577.5 avgBps=98.20 avgTps=10539 avgMGps=716.8 elapsed=1d18h17m
Aug 28 13:09:42 nimbus-eth1-mainnet-long-benchmark[4120996]: INF 2026-08-28 13:09:42.581+00:00 Imported blocks                            blockNumber=14958593 slot=1 blocks=14958592 txs=1606010597 mgas=109249703 bps=37.04 tps=6900 mgps=571.0 avgBps=98.12 avgTps=10534 avgMGps=716.6 elapsed=1d18h20m
Aug 28 13:13:27 nimbus-eth1-mainnet-long-benchmark[4120996]: INF 2026-08-28 13:13:27.230+00:00 Imported blocks                            blockNumber=14966785 slot=1 blocks=14966784 txs=1607563478 mgas=109375997 bps=36.47 tps=6912 mgps=562.2 avgBps=98.02 avgTps=10528 avgMGps=716.4 elapsed=1d18h24m
Aug 28 13:17:03 nimbus-eth1-mainnet-long-benchmark[4120996]: INF 2026-08-28 13:17:03.886+00:00 Imported blocks                            blockNumber=14974977 slot=1 blocks=14974976 txs=1609110874 mgas=109502092 bps=37.81 tps=7142 mgps=582.0 avgBps=97.94 avgTps=10523 avgMGps=716.2 elapsed=1d18h28m
Aug 28 13:20:35 nimbus-eth1-mainnet-long-benchmark[4120996]: INF 2026-08-28 13:20:35.583+00:00 Imported blocks                            blockNumber=14983169 slot=1 blocks=14983168 txs=1610647473 mgas=109628304 bps=38.70 tps=7258 mgps=596.2 avgBps=97.86 avgTps=10519 avgMGps=716.0 elapsed=1d18h31m
Aug 28 13:24:20 nimbus-eth1-mainnet-long-benchmark[4120996]: INF 2026-08-28 13:24:20.087+00:00 Imported blocks                            blockNumber=14991361 slot=1 blocks=14991360 txs=1612136506 mgas=109754528 bps=36.49 tps=6632 mgps=562.2 avgBps=97.77 avgTps=10513 avgMGps=715.8 elapsed=1d18h35m
Aug 28 13:27:58 nimbus-eth1-mainnet-long-benchmark[4120996]: INF 2026-08-28 13:27:58.968+00:00 Imported blocks                            blockNumber=14999553 slot=1 blocks=14999552 txs=1613589994 mgas=109880792 bps=37.43 tps=6640 mgps=576.9 avgBps=97.68 avgTps=10508 avgMGps=715.6 elapsed=1d18h39m
Aug 28 13:31:33 nimbus-eth1-mainnet-long-benchmark[4120996]: INF 2026-08-28 13:31:33.173+00:00 Imported blocks                            blockNumber=15007745 slot=1 blocks=15007744 txs=1615101791 mgas=110007294 bps=38.24 tps=7057 mgps=590.6 avgBps=97.60 avgTps=10503 avgMGps=715.4 elapsed=1d18h42m
Aug 28 13:35:07 nimbus-eth1-mainnet-long-benchmark[4120996]: INF 2026-08-28 13:35:07.289+00:00 Imported blocks                            blockNumber=15015937 slot=1 blocks=15015936 txs=1616604827 mgas=110133574 bps=38.26 tps=7019 mgps=589.8 avgBps=97.52 avgTps=10498 avgMGps=715.2 elapsed=1d18h46m
Aug 28 13:38:41 nimbus-eth1-mainnet-long-benchmark[4120996]: INF 2026-08-28 13:38:41.966+00:00 Imported blocks                            blockNumber=15024129 slot=1 blocks=15024128 txs=1618124783 mgas=110259979 bps=38.16 tps=7080 mgps=588.8 avgBps=97.43 avgTps=10493 avgMGps=715.1 elapsed=1d18h49m
Aug 28 13:42:00 nimbus-eth1-mainnet-long-benchmark[4120996]: INF 2026-08-28 13:42:00.851+00:00 Imported blocks                            blockNumber=15032321 slot=1 blocks=15032320 txs=1619547895 mgas=110386347 bps=41.19 tps=7155 mgps=635.4 avgBps=97.36 avgTps=10489 avgMGps=715.0 elapsed=1d18h53m
Aug 28 13:45:31 nimbus-eth1-mainnet-long-benchmark[4120996]: INF 2026-08-28 13:45:31.687+00:00 Imported blocks                            blockNumber=15040513 slot=1 blocks=15040512 txs=1621062193 mgas=110512795 bps=38.85 tps=7182 mgps=599.7 avgBps=97.28 avgTps=10484 avgMGps=714.8 elapsed=1d18h56m
Aug 28 13:48:57 nimbus-eth1-mainnet-long-benchmark[4120996]: INF 2026-08-28 13:48:57.044+00:00 Imported blocks                            blockNumber=15048705 slot=1 blocks=15048704 txs=1622602901 mgas=110639043 bps=39.89 tps=7502 mgps=614.8 avgBps=97.21 avgTps=10481 avgMGps=714.7 elapsed=1d19h13s
Aug 28 13:52:34 nimbus-eth1-mainnet-long-benchmark[4120996]: INF 2026-08-28 13:52:34.277+00:00 Imported blocks                            blockNumber=15056897 slot=1 blocks=15056896 txs=1624115395 mgas=110765349 bps=37.71 tps=6962 mgps=581.4 avgBps=97.12 avgTps=10476 avgMGps=714.5 elapsed=1d19h3m
Aug 28 13:56:05 nimbus-eth1-mainnet-long-benchmark[4120996]: INF 2026-08-28 13:56:05.349+00:00 Imported blocks                            blockNumber=15065089 slot=1 blocks=15065088 txs=1625614655 mgas=110891687 bps=38.81 tps=7103 mgps=598.6 avgBps=97.04 avgTps=10471 avgMGps=714.3 elapsed=1d19h7m
Aug 28 13:59:34 nimbus-eth1-mainnet-long-benchmark[4120996]: INF 2026-08-28 13:59:34.902+00:00 Imported blocks                            blockNumber=15073281 slot=1 blocks=15073280 txs=1627066919 mgas=111018242 bps=39.09 tps=6930 mgps=603.9 avgBps=96.96 avgTps=10466 avgMGps=714.2 elapsed=1d19h10m
Aug 28 14:03:03 nimbus-eth1-mainnet-long-benchmark[4120996]: INF 2026-08-28 14:03:03.263+00:00 Imported blocks                            blockNumber=15081473 slot=1 blocks=15081472 txs=1628546403 mgas=111144739 bps=39.32 tps=7100 mgps=607.1 avgBps=96.89 avgTps=10462 avgMGps=714.0 elapsed=1d19h14m
Aug 28 14:06:27 nimbus-eth1-mainnet-long-benchmark[4120996]: INF 2026-08-28 14:06:27.687+00:00 Imported blocks                            blockNumber=15089665 slot=1 blocks=15089664 txs=1630035104 mgas=111271322 bps=40.07 tps=7282 mgps=619.2 avgBps=96.81 avgTps=10458 avgMGps=713.9 elapsed=1d19h17m
Aug 28 14:09:50 nimbus-eth1-mainnet-long-benchmark[4120996]: INF 2026-08-28 14:09:50.348+00:00 Imported blocks                            blockNumber=15097857 slot=1 blocks=15097856 txs=1631539029 mgas=111397707 bps=40.42 tps=7420 mgps=623.6 avgBps=96.74 avgTps=10454 avgMGps=713.8 elapsed=1d19h21m
Aug 28 14:13:12 nimbus-eth1-mainnet-long-benchmark[4120996]: INF 2026-08-28 14:13:12.609+00:00 Imported blocks                            blockNumber=15106049 slot=1 blocks=15106048 txs=1633018732 mgas=111523983 bps=40.50 tps=7315 mgps=624.3 avgBps=96.67 avgTps=10450 avgMGps=713.7 elapsed=1d19h24m
Aug 28 14:16:38 nimbus-eth1-mainnet-long-benchmark[4120996]: INF 2026-08-28 14:16:38.766+00:00 Imported blocks                            blockNumber=15114241 slot=1 blocks=15114240 txs=1634506563 mgas=111650426 bps=39.74 tps=7216 mgps=613.3 avgBps=96.59 avgTps=10445 avgMGps=713.5 elapsed=1d19h27m
Aug 28 14:20:00 nimbus-eth1-mainnet-long-benchmark[4120996]: INF 2026-08-28 14:20:00.218+00:00 Imported blocks                            blockNumber=15122433 slot=1 blocks=15122432 txs=1635958506 mgas=111777176 bps=40.66 tps=7207 mgps=629.2 avgBps=96.52 avgTps=10441 avgMGps=713.4 elapsed=1d19h31m
Aug 28 14:23:23 nimbus-eth1-mainnet-long-benchmark[4120996]: INF 2026-08-28 14:23:23.279+00:00 Imported blocks                            blockNumber=15130625 slot=1 blocks=15130624 txs=1637391052 mgas=111903532 bps=40.34 tps=7054 mgps=622.2 avgBps=96.45 avgTps=10437 avgMGps=713.3 elapsed=1d19h34m
Aug 28 14:26:49 nimbus-eth1-mainnet-long-benchmark[4120996]: INF 2026-08-28 14:26:49.764+00:00 Imported blocks                            blockNumber=15138817 slot=1 blocks=15138816 txs=1638889569 mgas=112029690 bps=39.67 tps=7257 mgps=611.0 avgBps=96.37 avgTps=10433 avgMGps=713.2 elapsed=1d19h38m
Aug 28 14:30:15 nimbus-eth1-mainnet-long-benchmark[4120996]: INF 2026-08-28 14:30:15.821+00:00 Imported blocks                            blockNumber=15147009 slot=1 blocks=15147008 txs=1640391702 mgas=112156177 bps=39.76 tps=7289 mgps=613.8 avgBps=96.30 avgTps=10428 avgMGps=713.0 elapsed=1d19h41m
Aug 28 14:33:46 nimbus-eth1-mainnet-long-benchmark[4120996]: INF 2026-08-28 14:33:46.449+00:00 Imported blocks                            blockNumber=15155201 slot=1 blocks=15155200 txs=1641972637 mgas=112282660 bps=38.89 tps=7505 mgps=600.5 avgBps=96.22 avgTps=10425 avgMGps=712.9 elapsed=1d19h45m
Aug 28 14:37:19 nimbus-eth1-mainnet-long-benchmark[4120996]: INF 2026-08-28 14:37:19.650+00:00 Imported blocks                            blockNumber=15163393 slot=1 blocks=15163392 txs=1643547827 mgas=112408879 bps=38.42 tps=7388 mgps=592.0 avgBps=96.14 avgTps=10420 avgMGps=712.7 elapsed=1d19h48m
Aug 28 14:40:50 nimbus-eth1-mainnet-long-benchmark[4120996]: INF 2026-08-28 14:40:50.006+00:00 Imported blocks                            blockNumber=15171585 slot=1 blocks=15171584 txs=1645084111 mgas=112535207 bps=38.94 tps=7303 mgps=600.6 avgBps=96.07 avgTps=10416 avgMGps=712.6 elapsed=1d19h52m
Aug 28 14:44:19 nimbus-eth1-mainnet-long-benchmark[4120996]: INF 2026-08-28 14:44:19.439+00:00 Imported blocks                            blockNumber=15179777 slot=1 blocks=15179776 txs=1646572816 mgas=112661609 bps=39.11 tps=7108 mgps=603.5 avgBps=95.99 avgTps=10412 avgMGps=712.4 elapsed=1d19h55m
Aug 28 14:47:51 nimbus-eth1-mainnet-long-benchmark[4120996]: INF 2026-08-28 14:47:51.036+00:00 Imported blocks                            blockNumber=15187969 slot=1 blocks=15187968 txs=1648108672 mgas=112787989 bps=38.71 tps=7258 mgps=597.3 avgBps=95.92 avgTps=10408 avgMGps=712.3 elapsed=1d19h59m
Aug 28 14:51:24 nimbus-eth1-mainnet-long-benchmark[4120996]: INF 2026-08-28 14:51:24.936+00:00 Imported blocks                            blockNumber=15196161 slot=1 blocks=15196160 txs=1649610927 mgas=112914330 bps=38.30 tps=7023 mgps=590.7 avgBps=95.84 avgTps=10403 avgMGps=712.1 elapsed=1d20h2m
Aug 28 14:54:57 nimbus-eth1-mainnet-long-benchmark[4120996]: INF 2026-08-28 14:54:57.113+00:00 Imported blocks                            blockNumber=15204353 slot=1 blocks=15204352 txs=1651068792 mgas=113040800 bps=38.61 tps=6870 mgps=596.1 avgBps=95.76 avgTps=10398 avgMGps=712.0 elapsed=1d20h6m
Aug 28 14:58:33 nimbus-eth1-mainnet-long-benchmark[4120996]: INF 2026-08-28 14:58:33.654+00:00 Imported blocks                            blockNumber=15212545 slot=1 blocks=15212544 txs=1652544743 mgas=113167506 bps=37.83 tps=6816 mgps=585.1 avgBps=95.68 avgTps=10394 avgMGps=711.8 elapsed=1d20h9m
Aug 28 15:02:31 nimbus-eth1-mainnet-long-benchmark[4120996]: INF 2026-08-28 15:02:31.526+00:00 Imported blocks                            blockNumber=15220737 slot=1 blocks=15220736 txs=1654644473 mgas=113293896 bps=34.44 tps=8827 mgps=531.3 avgBps=95.59 avgTps=10391 avgMGps=711.5 elapsed=1d20h13m
Aug 28 15:06:07 nimbus-eth1-mainnet-long-benchmark[4120996]: INF 2026-08-28 15:06:07.246+00:00 Imported blocks                            blockNumber=15228929 slot=1 blocks=15228928 txs=1656152007 mgas=113420282 bps=37.98 tps=6988 mgps=585.9 avgBps=95.51 avgTps=10387 avgMGps=711.4 elapsed=1d20h17m
Aug 28 15:09:46 nimbus-eth1-mainnet-long-benchmark[4120996]: INF 2026-08-28 15:09:46.223+00:00 Imported blocks                            blockNumber=15237121 slot=1 blocks=15237120 txs=1657684321 mgas=113546698 bps=37.41 tps=6997 mgps=577.3 avgBps=95.43 avgTps=10382 avgMGps=711.2 elapsed=1d20h21m
Aug 28 15:13:23 nimbus-eth1-mainnet-long-benchmark[4120996]: INF 2026-08-28 15:13:23.359+00:00 Imported blocks                            blockNumber=15245313 slot=1 blocks=15245312 txs=1659177302 mgas=113673024 bps=37.73 tps=6875 mgps=581.8 avgBps=95.35 avgTps=10377 avgMGps=711.0 elapsed=1d20h24m
Aug 28 15:17:02 nimbus-eth1-mainnet-long-benchmark[4120996]: INF 2026-08-28 15:17:02.208+00:00 Imported blocks                            blockNumber=15253505 slot=1 blocks=15253504 txs=1660650585 mgas=113799497 bps=37.43 tps=6732 mgps=577.9 avgBps=95.28 avgTps=10372 avgMGps=710.8 elapsed=1d20h28m
Aug 28 15:20:48 nimbus-eth1-mainnet-long-benchmark[4120996]: INF 2026-08-28 15:20:48.140+00:00 Imported blocks                            blockNumber=15261697 slot=1 blocks=15261696 txs=1662310633 mgas=113926031 bps=36.26 tps=7347 mgps=560.1 avgBps=95.19 avgTps=10368 avgMGps=710.6 elapsed=1d20h32m
Aug 28 15:24:36 nimbus-eth1-mainnet-long-benchmark[4120996]: INF 2026-08-28 15:24:36.317+00:00 Imported blocks                            blockNumber=15269889 slot=1 blocks=15269888 txs=1663910930 mgas=114052621 bps=35.90 tps=7013 mgps=554.8 avgBps=95.11 avgTps=10363 avgMGps=710.4 elapsed=1d20h35m
Aug 28 15:28:27 nimbus-eth1-mainnet-long-benchmark[4120996]: INF 2026-08-28 15:28:27.405+00:00 Imported blocks                            blockNumber=15278081 slot=1 blocks=15278080 txs=1665719055 mgas=114179013 bps=35.45 tps=7824 mgps=546.9 avgBps=95.02 avgTps=10359 avgMGps=710.1 elapsed=1d20h39m
Aug 28 15:32:03 nimbus-eth1-mainnet-long-benchmark[4120996]: INF 2026-08-28 15:32:03.838+00:00 Imported blocks                            blockNumber=15286273 slot=1 blocks=15286272 txs=1667228458 mgas=114305424 bps=37.85 tps=6973 mgps=584.1 avgBps=94.95 avgTps=10355 avgMGps=710.0 elapsed=1d20h43m
Aug 28 15:35:44 nimbus-eth1-mainnet-long-benchmark[4120996]: INF 2026-08-28 15:35:44.850+00:00 Imported blocks                            blockNumber=15294465 slot=1 blocks=15294464 txs=1668720560 mgas=114431928 bps=37.07 tps=6751 mgps=572.4 avgBps=94.87 avgTps=10350 avgMGps=709.8 elapsed=1d20h47m
Aug 28 15:39:21 nimbus-eth1-mainnet-long-benchmark[4120996]: INF 2026-08-28 15:39:21.739+00:00 Imported blocks                            blockNumber=15302657 slot=1 blocks=15302656 txs=1670201566 mgas=114558808 bps=37.77 tps=6828 mgps=585.0 avgBps=94.79 avgTps=10345 avgMGps=709.6 elapsed=1d20h50m
Aug 28 15:42:56 nimbus-eth1-mainnet-long-benchmark[4120996]: INF 2026-08-28 15:42:56.275+00:00 Imported blocks                            blockNumber=15310849 slot=1 blocks=15310848 txs=1671657139 mgas=114685147 bps=38.18 tps=6784 mgps=588.9 avgBps=94.71 avgTps=10341 avgMGps=709.5 elapsed=1d20h54m
Aug 28 15:46:25 nimbus-eth1-mainnet-long-benchmark[4120996]: INF 2026-08-28 15:46:25.752+00:00 Imported blocks                            blockNumber=15319041 slot=1 blocks=15319040 txs=1673125662 mgas=114811531 bps=39.11 tps=7010 mgps=603.3 avgBps=94.64 avgTps=10336 avgMGps=709.3 elapsed=1d20h57m
Aug 28 15:49:52 nimbus-eth1-mainnet-long-benchmark[4120996]: INF 2026-08-28 15:49:52.525+00:00 Imported blocks                            blockNumber=15327233 slot=1 blocks=15327232 txs=1674580780 mgas=114937984 bps=39.62 tps=7037 mgps=611.6 avgBps=94.57 avgTps=10332 avgMGps=709.2 elapsed=1d21h1m
Aug 28 15:53:25 nimbus-eth1-mainnet-long-benchmark[4120996]: INF 2026-08-28 15:53:25.433+00:00 Imported blocks                            blockNumber=15335425 slot=1 blocks=15335424 txs=1676008794 mgas=115064469 bps=38.48 tps=6707 mgps=594.1 avgBps=94.50 avgTps=10327 avgMGps=709.0 elapsed=1d21h4m
Aug 28 15:56:56 nimbus-eth1-mainnet-long-benchmark[4120996]: INF 2026-08-28 15:56:56.710+00:00 Imported blocks                            blockNumber=15343617 slot=1 blocks=15343616 txs=1677423354 mgas=115191053 bps=38.77 tps=6695 mgps=599.1 avgBps=94.43 avgTps=10323 avgMGps=708.9 elapsed=1d21h8m
Aug 28 16:00:22 nimbus-eth1-mainnet-long-benchmark[4120996]: INF 2026-08-28 16:00:22.759+00:00 Imported blocks                            blockNumber=15351809 slot=1 blocks=15351808 txs=1678856576 mgas=115317423 bps=39.76 tps=6955 mgps=613.3 avgBps=94.36 avgTps=10318 avgMGps=708.8 elapsed=1d21h11m
Aug 28 16:03:55 nimbus-eth1-mainnet-long-benchmark[4120996]: INF 2026-08-28 16:03:55.895+00:00 Imported blocks                            blockNumber=15360001 slot=1 blocks=15360000 txs=1680295232 mgas=115444148 bps=38.44 tps=6749 mgps=594.6 avgBps=94.28 avgTps=10314 avgMGps=708.6 elapsed=1d21h15m
Aug 28 16:07:23 nimbus-eth1-mainnet-long-benchmark[4120996]: INF 2026-08-28 16:07:23.144+00:00 Imported blocks                            blockNumber=15368193 slot=1 blocks=15368192 txs=1681717735 mgas=115570674 bps=39.53 tps=6863 mgps=610.5 avgBps=94.21 avgTps=10309 avgMGps=708.5 elapsed=1d21h18m
Aug 28 16:10:55 nimbus-eth1-mainnet-long-benchmark[4120996]: INF 2026-08-28 16:10:55.073+00:00 Imported blocks                            blockNumber=15376385 slot=1 blocks=15376384 txs=1683135711 mgas=115697039 bps=38.65 tps=6690 mgps=596.3 avgBps=94.14 avgTps=10305 avgMGps=708.4 elapsed=1d21h22m
Aug 28 16:14:32 nimbus-eth1-mainnet-long-benchmark[4120996]: INF 2026-08-28 16:14:32.225+00:00 Imported blocks                            blockNumber=15384577 slot=1 blocks=15384576 txs=1684560130 mgas=115823696 bps=37.73 tps=6559 mgps=583.3 avgBps=94.07 avgTps=10300 avgMGps=708.2 elapsed=1d21h25m
Aug 28 16:17:57 nimbus-eth1-mainnet-long-benchmark[4120996]: INF 2026-08-28 16:17:57.726+00:00 Imported blocks                            blockNumber=15392769 slot=1 blocks=15392768 txs=1685941602 mgas=115950289 bps=39.86 tps=6722 mgps=616.0 avgBps=94.00 avgTps=10295 avgMGps=708.1 elapsed=1d21h29m
Aug 28 16:21:24 nimbus-eth1-mainnet-long-benchmark[4120996]: INF 2026-08-28 16:21:24.407+00:00 Imported blocks                            blockNumber=15400961 slot=1 blocks=15400960 txs=1687308456 mgas=116076849 bps=39.64 tps=6613 mgps=612.3 avgBps=93.93 avgTps=10290 avgMGps=708.0 elapsed=1d21h32m
Aug 28 16:24:54 nimbus-eth1-mainnet-long-benchmark[4120996]: INF 2026-08-28 16:24:54.727+00:00 Imported blocks                            blockNumber=15409153 slot=1 blocks=15409152 txs=1688699955 mgas=116203546 bps=38.95 tps=6615 mgps=602.4 avgBps=93.86 avgTps=10286 avgMGps=707.8 elapsed=1d21h36m
Aug 28 16:28:20 nimbus-eth1-mainnet-long-benchmark[4120996]: INF 2026-08-28 16:28:20.364+00:00 Imported blocks                            blockNumber=15417345 slot=1 blocks=15417344 txs=1690108287 mgas=116330141 bps=39.84 tps=6848 mgps=615.6 avgBps=93.79 avgTps=10281 avgMGps=707.7 elapsed=1d21h39m
Aug 28 16:31:49 nimbus-eth1-mainnet-long-benchmark[4120996]: INF 2026-08-28 16:31:49.701+00:00 Imported blocks                            blockNumber=15425537 slot=1 blocks=15425536 txs=1691490985 mgas=116456633 bps=39.13 tps=6605 mgps=604.3 avgBps=93.72 avgTps=10277 avgMGps=707.6 elapsed=1d21h43m
Aug 28 16:35:14 nimbus-eth1-mainnet-long-benchmark[4120996]: INF 2026-08-28 16:35:14.526+00:00 Imported blocks                            blockNumber=15433729 slot=1 blocks=15433728 txs=1692852033 mgas=116583287 bps=40.00 tps=6644 mgps=618.4 avgBps=93.66 avgTps=10272 avgMGps=707.5 elapsed=1d21h46m
Aug 28 16:38:37 nimbus-eth1-mainnet-long-benchmark[4120996]: INF 2026-08-28 16:38:37.586+00:00 Imported blocks                            blockNumber=15441921 slot=1 blocks=15441920 txs=1694244263 mgas=116709795 bps=40.34 tps=6856 mgps=623.0 avgBps=93.59 avgTps=10268 avgMGps=707.4 elapsed=1d21h49m
Aug 28 16:41:56 nimbus-eth1-mainnet-long-benchmark[4120996]: INF 2026-08-28 16:41:56.315+00:00 Imported blocks                            blockNumber=15450113 slot=1 blocks=15450112 txs=1695594729 mgas=116836189 bps=41.22 tps=6795 mgps=636.0 avgBps=93.53 avgTps=10264 avgMGps=707.3 elapsed=1d21h53m
Aug 28 16:45:18 nimbus-eth1-mainnet-long-benchmark[4120996]: INF 2026-08-28 16:45:18.568+00:00 Imported blocks                            blockNumber=15458305 slot=1 blocks=15458304 txs=1697020595 mgas=116962689 bps=40.50 tps=7049 mgps=625.5 avgBps=93.46 avgTps=10260 avgMGps=707.2 elapsed=1d21h56m
Aug 28 16:48:40 nimbus-eth1-mainnet-long-benchmark[4120996]: INF 2026-08-28 16:48:40.909+00:00 Imported blocks                            blockNumber=15466497 slot=1 blocks=15466496 txs=1698409469 mgas=117089370 bps=40.49 tps=6864 mgps=626.1 avgBps=93.40 avgTps=10256 avgMGps=707.1 elapsed=1d21h59m
Aug 28 16:52:07 nimbus-eth1-mainnet-long-benchmark[4120996]: INF 2026-08-28 16:52:07.709+00:00 Imported blocks                            blockNumber=15474689 slot=1 blocks=15474688 txs=1699841823 mgas=117216133 bps=39.61 tps=6926 mgps=613.0 avgBps=93.33 avgTps=10252 avgMGps=707.0 elapsed=1d22h3m
Aug 28 16:55:34 nimbus-eth1-mainnet-long-benchmark[4120996]: INF 2026-08-28 16:55:34.362+00:00 Imported blocks                            blockNumber=15482881 slot=1 blocks=15482880 txs=1701281265 mgas=117342759 bps=39.64 tps=6965 mgps=612.8 avgBps=93.26 avgTps=10248 avgMGps=706.8 elapsed=1d22h6m
Aug 28 16:59:04 nimbus-eth1-mainnet-long-benchmark[4120996]: INF 2026-08-28 16:59:04.715+00:00 Imported blocks                            blockNumber=15491073 slot=1 blocks=15491072 txs=1702699840 mgas=117469274 bps=38.94 tps=6743 mgps=601.4 avgBps=93.20 avgTps=10243 avgMGps=706.7 elapsed=1d22h10m
Aug 28 17:02:23 nimbus-eth1-mainnet-long-benchmark[4120996]: INF 2026-08-28 17:02:23.596+00:00 Imported blocks                            blockNumber=15499265 slot=1 blocks=15499264 txs=1704099286 mgas=117595865 bps=41.19 tps=7036 mgps=636.5 avgBps=93.13 avgTps=10239 avgMGps=706.6 elapsed=1d22h13m
Aug 28 17:05:52 nimbus-eth1-mainnet-long-benchmark[4120996]: INF 2026-08-28 17:05:52.500+00:00 Imported blocks                            blockNumber=15507457 slot=1 blocks=15507456 txs=1705521146 mgas=117722232 bps=39.21 tps=6806 mgps=604.9 avgBps=93.07 avgTps=10235 avgMGps=706.5 elapsed=1d22h17m
Aug 28 17:09:26 nimbus-eth1-mainnet-long-benchmark[4120996]: INF 2026-08-28 17:09:26.429+00:00 Imported blocks                            blockNumber=15515649 slot=1 blocks=15515648 txs=1706907865 mgas=117848944 bps=38.29 tps=6482 mgps=592.3 avgBps=93.00 avgTps=10230 avgMGps=706.3 elapsed=1d22h20m
Aug 28 17:12:52 nimbus-eth1-mainnet-long-benchmark[4120996]: INF 2026-08-28 17:12:52.390+00:00 Imported blocks                            blockNumber=15523841 slot=1 blocks=15523840 txs=1708342500 mgas=117975417 bps=39.77 tps=6965 mgps=614.1 avgBps=92.93 avgTps=10226 avgMGps=706.2 elapsed=1d22h24m
Aug 28 17:16:23 nimbus-eth1-mainnet-long-benchmark[4120996]: INF 2026-08-28 17:16:23.398+00:00 Imported blocks                            blockNumber=15532033 slot=1 blocks=15532032 txs=1709822558 mgas=118101833 bps=38.82 tps=7014 mgps=599.1 avgBps=92.86 avgTps=10222 avgMGps=706.1 elapsed=1d22h27m
Aug 28 17:18:34 nimbus-eth1-mainnet-long-benchmark[4120996]: NTC 2026-08-28 17:18:34.440+00:00 Importing era archive                      blockNumber=15537394 dataDir=/data/status-im/nimbus-eth1/data/shared_mainnet_0 eraDir=/data/era
Aug 28 17:19:53 nimbus-eth1-mainnet-long-benchmark[4120996]: INF 2026-08-28 17:19:53.271+00:00 Imported blocks                            blockNumber=15540225 slot=4702882 blocks=15540224 txs=1711361875 mgas=118228056 bps=39.03 tps=7334 mgps=601.4 avgBps=92.79 avgTps=10218 avgMGps=706.0 elapsed=1d22h31m
Aug 28 17:23:25 nimbus-eth1-mainnet-long-benchmark[4120996]: INF 2026-08-28 17:23:25.300+00:00 Imported blocks                            blockNumber=15548417 slot=4711204 blocks=15548416 txs=1712911308 mgas=118353323 bps=38.64 tps=7307 mgps=590.8 avgBps=92.73 avgTps=10215 avgMGps=705.8 elapsed=1d22h34m
Aug 28 17:27:01 nimbus-eth1-mainnet-long-benchmark[4120996]: INF 2026-08-28 17:27:01.948+00:00 Imported blocks                            blockNumber=15556609 slot=4719481 blocks=15556608 txs=1714418307 mgas=118478638 bps=37.81 tps=6955 mgps=578.4 avgBps=92.65 avgTps=10211 avgMGps=705.7 elapsed=1d22h38m
Aug 28 17:30:34 nimbus-eth1-mainnet-long-benchmark[4120996]: INF 2026-08-28 17:30:34.705+00:00 Imported blocks                            blockNumber=15564801 slot=4727753 blocks=15564800 txs=1715744818 mgas=118604023 bps=38.50 tps=6234 mgps=589.3 avgBps=92.59 avgTps=10206 avgMGps=705.5 elapsed=1d22h41m
Aug 28 17:34:04 nimbus-eth1-mainnet-long-benchmark[4120996]: INF 2026-08-28 17:34:04.637+00:00 Imported blocks                            blockNumber=15572993 slot=4736026 blocks=15572992 txs=1717046043 mgas=118729383 bps=39.02 tps=6198 mgps=597.1 avgBps=92.52 avgTps=10201 avgMGps=705.4 elapsed=1d22h45m
Aug 28 17:37:30 nimbus-eth1-mainnet-long-benchmark[4120996]: INF 2026-08-28 17:37:30.630+00:00 Imported blocks                            blockNumber=15581185 slot=4744366 blocks=15581184 txs=1718344065 mgas=118854674 bps=39.77 tps=6301 mgps=608.2 avgBps=92.46 avgTps=10196 avgMGps=705.3 elapsed=1d22h48m
Aug 28 17:41:02 nimbus-eth1-mainnet-long-benchmark[4120996]: INF 2026-08-28 17:41:02.463+00:00 Imported blocks                            blockNumber=15589377 slot=4752640 blocks=15589376 txs=1719636168 mgas=118980168 bps=38.67 tps=6099 mgps=592.4 avgBps=92.39 avgTps=10191 avgMGps=705.1 elapsed=1d22h52m
Aug 28 17:44:29 nimbus-eth1-mainnet-long-benchmark[4120996]: INF 2026-08-28 17:44:29.175+00:00 Imported blocks                            blockNumber=15597569 slot=4760873 blocks=15597568 txs=1720905744 mgas=119105339 bps=39.63 tps=6141 mgps=605.5 avgBps=92.32 avgTps=10186 avgMGps=705.0 elapsed=1d22h55m
Aug 28 17:48:00 nimbus-eth1-mainnet-long-benchmark[4120996]: INF 2026-08-28 17:48:00.644+00:00 Imported blocks                            blockNumber=15605761 slot=4769097 blocks=15605760 txs=1722187678 mgas=119230498 bps=38.74 tps=6062 mgps=591.9 avgBps=92.26 avgTps=10180 avgMGps=704.9 elapsed=1d22h59m
Aug 28 17:51:25 nimbus-eth1-mainnet-long-benchmark[4120996]: INF 2026-08-28 17:51:25.705+00:00 Imported blocks                            blockNumber=15613953 slot=4777324 blocks=15613952 txs=1723454161 mgas=119355682 bps=39.95 tps=6176 mgps=610.5 avgBps=92.19 avgTps=10176 avgMGps=704.7 elapsed=1d23h2m
Aug 28 17:54:53 nimbus-eth1-mainnet-long-benchmark[4120996]: INF 2026-08-28 17:54:53.705+00:00 Imported blocks                            blockNumber=15622145 slot=4785575 blocks=15622144 txs=1724765004 mgas=119481034 bps=39.38 tps=6302 mgps=602.6 avgBps=92.13 avgTps=10171 avgMGps=704.6 elapsed=1d23h6m
Aug 28 17:58:20 nimbus-eth1-mainnet-long-benchmark[4120996]: INF 2026-08-28 17:58:20.910+00:00 Imported blocks                            blockNumber=15630337 slot=4793834 blocks=15630336 txs=1726115428 mgas=119606437 bps=39.54 tps=6517 mgps=605.2 avgBps=92.06 avgTps=10166 avgMGps=704.5 elapsed=1d23h9m
Aug 28 18:01:45 nimbus-eth1-mainnet-long-benchmark[4120996]: INF 2026-08-28 18:01:45.023+00:00 Imported blocks                            blockNumber=15638529 slot=4802063 blocks=15638528 txs=1727387344 mgas=119731727 bps=40.13 tps=6231 mgps=613.8 avgBps=92.00 avgTps=10162 avgMGps=704.4 elapsed=1d23h13m
Aug 28 18:05:04 nimbus-eth1-mainnet-long-benchmark[4120996]: INF 2026-08-28 18:05:04.772+00:00 Imported blocks                            blockNumber=15646721 slot=4810311 blocks=15646720 txs=1728769573 mgas=119857145 bps=41.01 tps=6919 mgps=627.9 avgBps=91.94 avgTps=10158 avgMGps=704.3 elapsed=1d23h16m
Aug 28 18:08:30 nimbus-eth1-mainnet-long-benchmark[4120996]: INF 2026-08-28 18:08:30.352+00:00 Imported blocks                            blockNumber=15654913 slot=4818560 blocks=15654912 txs=1730111417 mgas=119982386 bps=39.85 tps=6527 mgps=609.2 avgBps=91.88 avgTps=10154 avgMGps=704.2 elapsed=1d23h19m
Aug 28 18:12:03 nimbus-eth1-mainnet-long-benchmark[4120996]: INF 2026-08-28 18:12:03.337+00:00 Imported blocks                            blockNumber=15663105 slot=4826793 blocks=15663104 txs=1731450288 mgas=120107622 bps=38.46 tps=6286 mgps=588.0 avgBps=91.81 avgTps=10149 avgMGps=704.0 elapsed=1d23h23m
Aug 28 18:15:15 nimbus-eth1-mainnet-long-benchmark[4120996]: INF 2026-08-28 18:15:15.206+00:00 Imported blocks                            blockNumber=15671297 slot=4835033 blocks=15671296 txs=1732923786 mgas=120232889 bps=42.70 tps=7679 mgps=652.9 avgBps=91.76 avgTps=10146 avgMGps=704.0 elapsed=1d23h26m
Aug 28 18:18:40 nimbus-eth1-mainnet-long-benchmark[4120996]: INF 2026-08-28 18:18:40.643+00:00 Imported blocks                            blockNumber=15679489 slot=4843307 blocks=15679488 txs=1734265729 mgas=120358128 bps=39.88 tps=6532 mgps=609.6 avgBps=91.69 avgTps=10142 avgMGps=703.9 elapsed=1d23h29m
Aug 28 18:22:11 nimbus-eth1-mainnet-long-benchmark[4120996]: INF 2026-08-28 18:22:11.307+00:00 Imported blocks                            blockNumber=15687681 slot=4851548 blocks=15687680 txs=1735624674 mgas=120483467 bps=38.89 tps=6450 mgps=595.0 avgBps=91.63 avgTps=10137 avgMGps=703.7 elapsed=1d23h33m
Aug 28 18:25:34 nimbus-eth1-mainnet-long-benchmark[4120996]: INF 2026-08-28 18:25:34.404+00:00 Imported blocks                            blockNumber=15695873 slot=4859783 blocks=15695872 txs=1736990907 mgas=120608800 bps=40.34 tps=6726 mgps=617.1 avgBps=91.57 avgTps=10133 avgMGps=703.6 elapsed=1d23h36m
Aug 28 18:28:59 nimbus-eth1-mainnet-long-benchmark[4120996]: INF 2026-08-28 18:28:59.169+00:00 Imported blocks                            blockNumber=15704065 slot=4868035 blocks=15704064 txs=1738357846 mgas=120734109 bps=40.01 tps=6675 mgps=612.0 avgBps=91.51 avgTps=10129 avgMGps=703.5 elapsed=1d23h40m
Aug 28 18:31:46 nimbus-eth1-mainnet-long-benchmark[4120996]: INF 2026-08-28 18:31:46.114+00:00 Imported blocks                            blockNumber=15712257 slot=4876269 blocks=15712256 txs=1739616514 mgas=120859690 bps=49.07 tps=7539 mgps=752.2 avgBps=91.47 avgTps=10126 avgMGps=703.6 elapsed=1d23h43m
Aug 28 18:34:44 nimbus-eth1-mainnet-long-benchmark[4120996]: INF 2026-08-28 18:34:44.795+00:00 Imported blocks                            blockNumber=15720449 slot=4884504 blocks=15720448 txs=1740885525 mgas=120985277 bps=45.85 tps=7102 mgps=702.8 avgBps=91.42 avgTps=10123 avgMGps=703.6 elapsed=1d23h46m
Aug 28 18:38:04 nimbus-eth1-mainnet-long-benchmark[4120996]: INF 2026-08-28 18:38:04.332+00:00 Imported blocks                            blockNumber=15728641 slot=4892734 blocks=15728640 txs=1742176093 mgas=121110614 bps=41.06 tps=6467 mgps=628.1 avgBps=91.36 avgTps=10119 avgMGps=703.5 elapsed=1d23h49m
Aug 28 18:41:20 nimbus-eth1-mainnet-long-benchmark[4120996]: INF 2026-08-28 18:41:20.757+00:00 Imported blocks                            blockNumber=15736833 slot=4900965 blocks=15736832 txs=1743394598 mgas=121236285 bps=41.71 tps=6203 mgps=639.8 avgBps=91.30 avgTps=10115 avgMGps=703.4 elapsed=1d23h52m
Aug 28 18:44:48 nimbus-eth1-mainnet-long-benchmark[4120996]: INF 2026-08-28 18:44:48.194+00:00 Imported blocks                            blockNumber=15745025 slot=4909209 blocks=15745024 txs=1744665239 mgas=121361472 bps=39.49 tps=6125 mgps=603.5 avgBps=91.24 avgTps=10110 avgMGps=703.3 elapsed=1d23h56m
Aug 28 18:48:08 nimbus-eth1-mainnet-long-benchmark[4120996]: INF 2026-08-28 18:48:08.523+00:00 Imported blocks                            blockNumber=15753217 slot=4917440 blocks=15753216 txs=1745887830 mgas=121487093 bps=40.89 tps=6103 mgps=627.1 avgBps=91.18 avgTps=10105 avgMGps=703.2 elapsed=1d23h59m
Aug 28 18:51:27 nimbus-eth1-mainnet-long-benchmark[4120996]: INF 2026-08-28 18:51:27.203+00:00 Imported blocks                            blockNumber=15761409 slot=4925676 blocks=15761408 txs=1747023901 mgas=121612736 bps=41.23 tps=5717 mgps=632.4 avgBps=91.13 avgTps=10100 avgMGps=703.1 elapsed=2d2m43s
Aug 28 18:54:52 nimbus-eth1-mainnet-long-benchmark[4120996]: INF 2026-08-28 18:54:52.532+00:00 Imported blocks                            blockNumber=15769601 slot=4933927 blocks=15769600 txs=1748230935 mgas=121738183 bps=39.90 tps=5878 mgps=611.0 avgBps=91.06 avgTps=10095 avgMGps=703.0 elapsed=2d6m8s
Aug 28 18:58:07 nimbus-eth1-mainnet-long-benchmark[4120996]: INF 2026-08-28 18:58:07.993+00:00 Imported blocks                            blockNumber=15777793 slot=4942152 blocks=15777792 txs=1749460992 mgas=121863350 bps=41.91 tps=6293 mgps=640.4 avgBps=91.01 avgTps=10091 avgMGps=702.9 elapsed=2d9m24s
Aug 28 19:01:27 nimbus-eth1-mainnet-long-benchmark[4120996]: INF 2026-08-28 19:01:27.746+00:00 Imported blocks                            blockNumber=15785985 slot=4950396 blocks=15785984 txs=1750697379 mgas=121988448 bps=41.01 tps=6189 mgps=626.3 avgBps=90.95 avgTps=10086 avgMGps=702.8 elapsed=2d12m44s
Aug 28 19:04:52 nimbus-eth1-mainnet-long-benchmark[4120996]: INF 2026-08-28 19:04:52.227+00:00 Imported blocks                            blockNumber=15794177 slot=4958625 blocks=15794176 txs=1752001867 mgas=122113619 bps=40.06 tps=6379 mgps=612.1 avgBps=90.89 avgTps=10082 avgMGps=702.7 elapsed=2d16m8s
Aug 28 19:08:13 nimbus-eth1-mainnet-long-benchmark[4120996]: INF 2026-08-28 19:08:13.979+00:00 Imported blocks                            blockNumber=15802369 slot=4966858 blocks=15802368 txs=1753226702 mgas=122238808 bps=40.60 tps=6070 mgps=620.5 avgBps=90.83 avgTps=10077 avgMGps=702.6 elapsed=2d19m30s
Aug 28 19:11:39 nimbus-eth1-mainnet-long-benchmark[4120996]: INF 2026-08-28 19:11:39.020+00:00 Imported blocks                            blockNumber=15810561 slot=4975086 blocks=15810560 txs=1754330973 mgas=122363984 bps=39.95 tps=5385 mgps=610.5 avgBps=90.77 avgTps=10072 avgMGps=702.5 elapsed=2d22m55s
Aug 28 19:15:07 nimbus-eth1-mainnet-long-benchmark[4120996]: INF 2026-08-28 19:15:07.101+00:00 Imported blocks                            blockNumber=15818753 slot=4983340 blocks=15818752 txs=1755522956 mgas=122489447 bps=39.37 tps=5728 mgps=603.0 avgBps=90.71 avgTps=10067 avgMGps=702.4 elapsed=2d26m23s
Aug 28 19:18:34 nimbus-eth1-mainnet-long-benchmark[4120996]: INF 2026-08-28 19:18:34.589+00:00 Imported blocks                            blockNumber=15826945 slot=4991606 blocks=15826944 txs=1756731408 mgas=122614342 bps=39.48 tps=5824 mgps=601.9 avgBps=90.65 avgTps=10061 avgMGps=702.3 elapsed=2d29m51s
Aug 28 19:22:04 nimbus-eth1-mainnet-long-benchmark[4120996]: INF 2026-08-28 19:22:04.190+00:00 Imported blocks                            blockNumber=15835137 slot=4999843 blocks=15835136 txs=1757990333 mgas=122739038 bps=39.08 tps=6006 mgps=594.9 avgBps=90.59 avgTps=10057 avgMGps=702.2 elapsed=2d33m20s
Aug 28 19:25:35 nimbus-eth1-mainnet-long-benchmark[4120996]: INF 2026-08-28 19:25:35.607+00:00 Imported blocks                            blockNumber=15843329 slot=5008082 blocks=15843328 txs=1759257070 mgas=122863943 bps=38.75 tps=5991 mgps=590.8 avgBps=90.53 avgTps=10052 avgMGps=702.0 elapsed=2d36m52s
Aug 28 19:28:59 nimbus-eth1-mainnet-long-benchmark[4120996]: INF 2026-08-28 19:28:59.431+00:00 Imported blocks                            blockNumber=15851521 slot=5016328 blocks=15851520 txs=1760438450 mgas=122988751 bps=40.19 tps=5796 mgps=612.3 avgBps=90.47 avgTps=10047 avgMGps=701.9 elapsed=2d40m15s
Aug 28 19:32:27 nimbus-eth1-mainnet-long-benchmark[4120996]: INF 2026-08-28 19:32:27.784+00:00 Imported blocks                            blockNumber=15859713 slot=5024572 blocks=15859712 txs=1761619525 mgas=123113665 bps=39.32 tps=5668 mgps=599.5 avgBps=90.41 avgTps=10042 avgMGps=701.8 elapsed=2d43m44s
Aug 28 19:35:55 nimbus-eth1-mainnet-long-benchmark[4120996]: INF 2026-08-28 19:35:55.049+00:00 Imported blocks                            blockNumber=15867905 slot=5032801 blocks=15867904 txs=1762818167 mgas=123238519 bps=39.52 tps=5783 mgps=602.4 avgBps=90.35 avgTps=10037 avgMGps=701.7 elapsed=2d47m11s
Aug 28 19:39:20 nimbus-eth1-mainnet-long-benchmark[4120996]: INF 2026-08-28 19:39:20.426+00:00 Imported blocks                            blockNumber=15876097 slot=5041067 blocks=15876096 txs=1764075113 mgas=123363005 bps=39.89 tps=6120 mgps=606.1 avgBps=90.29 avgTps=10032 avgMGps=701.6 elapsed=2d50m36s
Aug 28 19:42:50 nimbus-eth1-mainnet-long-benchmark[4120996]: INF 2026-08-28 19:42:50.122+00:00 Imported blocks                            blockNumber=15884289 slot=5049305 blocks=15884288 txs=1765260808 mgas=123487425 bps=39.07 tps=5654 mgps=593.3 avgBps=90.23 avgTps=10027 avgMGps=701.4 elapsed=2d54m6s
Aug 28 19:46:12 nimbus-eth1-mainnet-long-benchmark[4120996]: INF 2026-08-28 19:46:12.795+00:00 Imported blocks                            blockNumber=15892481 slot=5057550 blocks=15892480 txs=1766498276 mgas=123611746 bps=40.42 tps=6105 mgps=613.4 avgBps=90.17 avgTps=10022 avgMGps=701.3 elapsed=2d57m29s
Aug 28 19:49:42 nimbus-eth1-mainnet-long-benchmark[4120996]: INF 2026-08-28 19:49:42.860+00:00 Imported blocks                            blockNumber=15900673 slot=5065779 blocks=15900672 txs=1767658541 mgas=123735958 bps=39.00 tps=5523 mgps=591.3 avgBps=90.11 avgTps=10017 avgMGps=701.2 elapsed=2d1h59s
Aug 28 19:53:10 nimbus-eth1-mainnet-long-benchmark[4120996]: INF 2026-08-28 19:53:10.972+00:00 Imported blocks                            blockNumber=15908865 slot=5074016 blocks=15908864 txs=1768716633 mgas=123860608 bps=39.36 tps=5084 mgps=599.0 avgBps=90.05 avgTps=10011 avgMGps=701.1 elapsed=2d1h4m
Aug 28 19:56:39 nimbus-eth1-mainnet-long-benchmark[4120996]: INF 2026-08-28 19:56:39.905+00:00 Imported blocks                            blockNumber=15917057 slot=5082245 blocks=15917056 txs=1769870907 mgas=123984925 bps=39.21 tps=5524 mgps=595.0 avgBps=89.99 avgTps=10006 avgMGps=701.0 elapsed=2d1h7m
Aug 28 20:00:10 nimbus-eth1-mainnet-long-benchmark[4120996]: INF 2026-08-28 20:00:10.022+00:00 Imported blocks                            blockNumber=15925249 slot=5090476 blocks=15925248 txs=1771138659 mgas=124109139 bps=38.99 tps=6033 mgps=591.2 avgBps=89.93 avgTps=10001 avgMGps=700.8 elapsed=2d1h11m
Aug 28 20:03:52 nimbus-eth1-mainnet-long-benchmark[4120996]: INF 2026-08-28 20:03:52.222+00:00 Imported blocks                            blockNumber=15933441 slot=5098721 blocks=15933440 txs=1772513965 mgas=124233403 bps=36.87 tps=6189 mgps=559.2 avgBps=89.86 avgTps=9996 avgMGps=700.7 elapsed=2d1h15m
Aug 28 20:07:34 nimbus-eth1-mainnet-long-benchmark[4120996]: INF 2026-08-28 20:07:34.462+00:00 Imported blocks                            blockNumber=15941633 slot=5106967 blocks=15941632 txs=1773903667 mgas=124357344 bps=36.86 tps=6253 mgps=557.7 avgBps=89.80 avgTps=9992 avgMGps=700.5 elapsed=2d1h18m
Aug 28 20:11:11 nimbus-eth1-mainnet-long-benchmark[4120996]: INF 2026-08-28 20:11:11.791+00:00 Imported blocks                            blockNumber=15949825 slot=5115210 blocks=15949824 txs=1775194033 mgas=124481379 bps=37.69 tps=5937 mgps=570.7 avgBps=89.73 avgTps=9987 avgMGps=700.3 elapsed=2d1h22m
Aug 28 20:14:55 nimbus-eth1-mainnet-long-benchmark[4120996]: INF 2026-08-28 20:14:55.591+00:00 Imported blocks                            blockNumber=15958017 slot=5123438 blocks=15958016 txs=1776367676 mgas=124605738 bps=36.60 tps=5244 mgps=555.7 avgBps=89.67 avgTps=9981 avgMGps=700.1 elapsed=2d1h26m
Aug 28 20:18:46 nimbus-eth1-mainnet-long-benchmark[4120996]: INF 2026-08-28 20:18:46.416+00:00 Imported blocks                            blockNumber=15966209 slot=5131663 blocks=15966208 txs=1777677925 mgas=124729963 bps=35.49 tps=5676 mgps=538.2 avgBps=89.60 avgTps=9975 avgMGps=699.9 elapsed=2d1h30m
Aug 28 20:22:38 nimbus-eth1-mainnet-long-benchmark[4120996]: INF 2026-08-28 20:22:38.392+00:00 Imported blocks                            blockNumber=15974401 slot=5139899 blocks=15974400 txs=1779018447 mgas=124854062 bps=35.31 tps=5778 mgps=535.0 avgBps=89.53 avgTps=9970 avgMGps=699.7 elapsed=2d1h33m
Aug 28 20:26:20 nimbus-eth1-mainnet-long-benchmark[4120996]: INF 2026-08-28 20:26:20.160+00:00 Imported blocks                            blockNumber=15982593 slot=5148147 blocks=15982592 txs=1780254417 mgas=124978385 bps=36.94 tps=5573 mgps=560.6 avgBps=89.46 avgTps=9964 avgMGps=699.5 elapsed=2d1h37m
Aug 28 20:30:00 nimbus-eth1-mainnet-long-benchmark[4120996]: INF 2026-08-28 20:30:00.809+00:00 Imported blocks                            blockNumber=15990785 slot=5156389 blocks=15990784 txs=1781537788 mgas=125102584 bps=37.13 tps=5816 mgps=562.9 avgBps=89.40 avgTps=9959 avgMGps=699.4 elapsed=2d1h41m
Aug 28 20:33:38 nimbus-eth1-mainnet-long-benchmark[4120996]: INF 2026-08-28 20:33:38.201+00:00 Imported blocks                            blockNumber=15998977 slot=5164630 blocks=15998976 txs=1782763601 mgas=125226771 bps=37.68 tps=5638 mgps=571.3 avgBps=89.33 avgTps=9954 avgMGps=699.2 elapsed=2d1h44m
Aug 28 20:37:08 nimbus-eth1-mainnet-long-benchmark[4120996]: INF 2026-08-28 20:37:08.438+00:00 Imported blocks                            blockNumber=16007169 slot=5172864 blocks=16007168 txs=1783816448 mgas=125351394 bps=38.97 tps=5007 mgps=592.8 avgBps=89.27 avgTps=9948 avgMGps=699.1 elapsed=2d1h48m
Aug 28 20:40:50 nimbus-eth1-mainnet-long-benchmark[4120996]: INF 2026-08-28 20:40:50.814+00:00 Imported blocks                            blockNumber=16015361 slot=5181097 blocks=16015360 txs=1784869407 mgas=125475887 bps=36.84 tps=4735 mgps=559.8 avgBps=89.21 avgTps=9942 avgMGps=698.9 elapsed=2d1h52m
Aug 28 20:44:34 nimbus-eth1-mainnet-long-benchmark[4120996]: INF 2026-08-28 20:44:34.019+00:00 Imported blocks                            blockNumber=16023553 slot=5189331 blocks=16023552 txs=1785960095 mgas=125600130 bps=36.70 tps=4886 mgps=556.6 avgBps=89.14 avgTps=9935 avgMGps=698.7 elapsed=2d1h55m
Aug 28 20:48:12 nimbus-eth1-mainnet-long-benchmark[4120996]: INF 2026-08-28 20:48:12.179+00:00 Imported blocks                            blockNumber=16031745 slot=5197584 blocks=16031744 txs=1787064121 mgas=125724512 bps=37.55 tps=5060 mgps=570.1 avgBps=89.08 avgTps=9929 avgMGps=698.6 elapsed=2d1h59m
Aug 28 20:51:50 nimbus-eth1-mainnet-long-benchmark[4120996]: INF 2026-08-28 20:51:50.360+00:00 Imported blocks                            blockNumber=16039937 slot=5205840 blocks=16039936 txs=1788187162 mgas=125848907 bps=37.55 tps=5147 mgps=570.2 avgBps=89.02 avgTps=9924 avgMGps=698.4 elapsed=2d2h3m
Aug 28 20:55:28 nimbus-eth1-mainnet-long-benchmark[4120996]: INF 2026-08-28 20:55:28.276+00:00 Imported blocks                            blockNumber=16048129 slot=5214078 blocks=16048128 txs=1789321785 mgas=125973738 bps=37.59 tps=5206 mgps=572.8 avgBps=88.96 avgTps=9918 avgMGps=698.3 elapsed=2d2h6m
Aug 28 20:59:11 nimbus-eth1-mainnet-long-benchmark[4120996]: INF 2026-08-28 20:59:11.097+00:00 Imported blocks                            blockNumber=16056321 slot=5222314 blocks=16056320 txs=1790447287 mgas=126098355 bps=36.76 tps=5051 mgps=559.3 avgBps=88.89 avgTps=9912 avgMGps=698.1 elapsed=2d2h10m
Aug 28 21:02:54 nimbus-eth1-mainnet-long-benchmark[4120996]: INF 2026-08-28 21:02:54.637+00:00 Imported blocks                            blockNumber=16064513 slot=5230552 blocks=16064512 txs=1791458049 mgas=126223039 bps=36.65 tps=4521 mgps=557.8 avgBps=88.83 avgTps=9905 avgMGps=697.9 elapsed=2d2h14m
Aug 28 21:06:36 nimbus-eth1-mainnet-long-benchmark[4120996]: INF 2026-08-28 21:06:36.778+00:00 Imported blocks                            blockNumber=16072705 slot=5238780 blocks=16072704 txs=1792704083 mgas=126347373 bps=36.88 tps=5609 mgps=559.7 avgBps=88.76 avgTps=9900 avgMGps=697.8 elapsed=2d2h17m
Aug 28 21:10:25 nimbus-eth1-mainnet-long-benchmark[4120996]: INF 2026-08-28 21:10:25.338+00:00 Imported blocks                            blockNumber=16080897 slot=5247021 blocks=16080896 txs=1793882658 mgas=126471633 bps=35.84 tps=5156 mgps=543.7 avgBps=88.70 avgTps=9894 avgMGps=697.6 elapsed=2d2h21m
Aug 28 21:14:09 nimbus-eth1-mainnet-long-benchmark[4120996]: INF 2026-08-28 21:14:09.770+00:00 Imported blocks                            blockNumber=16089089 slot=5255267 blocks=16089088 txs=1795006238 mgas=126595940 bps=36.50 tps=5006 mgps=553.9 avgBps=88.63 avgTps=9888 avgMGps=697.4 elapsed=2d2h25m
Aug 28 21:17:50 nimbus-eth1-mainnet-long-benchmark[4120996]: INF 2026-08-28 21:17:50.167+00:00 Imported blocks                            blockNumber=16097281 slot=5263499 blocks=16097280 txs=1796147089 mgas=126720380 bps=37.17 tps=5176 mgps=564.6 avgBps=88.57 avgTps=9882 avgMGps=697.2 elapsed=2d2h29m
Aug 28 21:21:32 nimbus-eth1-mainnet-long-benchmark[4120996]: INF 2026-08-28 21:21:32.967+00:00 Imported blocks                            blockNumber=16105473 slot=5271733 blocks=16105472 txs=1797308946 mgas=126844741 bps=36.77 tps=5214 mgps=558.2 avgBps=88.51 avgTps=9876 avgMGps=697.1 elapsed=2d2h32m
Aug 28 21:25:18 nimbus-eth1-mainnet-long-benchmark[4120996]: INF 2026-08-28 21:25:18.984+00:00 Imported blocks                            blockNumber=16113665 slot=5279979 blocks=16113664 txs=1798418124 mgas=126969410 bps=36.25 tps=4907 mgps=551.6 avgBps=88.44 avgTps=9870 avgMGps=696.9 elapsed=2d2h36m
Aug 28 21:28:58 nimbus-eth1-mainnet-long-benchmark[4120996]: INF 2026-08-28 21:28:58.812+00:00 Imported blocks                            blockNumber=16121857 slot=5288231 blocks=16121856 txs=1799580752 mgas=127093802 bps=37.27 tps=5288 mgps=565.9 avgBps=88.38 avgTps=9865 avgMGps=696.7 elapsed=2d2h40m
Aug 28 21:32:36 nimbus-eth1-mainnet-long-benchmark[4120996]: INF 2026-08-28 21:32:36.261+00:00 Imported blocks                            blockNumber=16130049 slot=5296473 blocks=16130048 txs=1800761210 mgas=127218202 bps=37.67 tps=5428 mgps=572.1 avgBps=88.32 avgTps=9860 avgMGps=696.6 elapsed=2d2h43m
Aug 28 21:36:11 nimbus-eth1-mainnet-long-benchmark[4120996]: INF 2026-08-28 21:36:11.457+00:00 Imported blocks                            blockNumber=16138241 slot=5304780 blocks=16138240 txs=1801840012 mgas=127342862 bps=38.07 tps=5013 mgps=579.3 avgBps=88.26 avgTps=9854 avgMGps=696.4 elapsed=2d2h47m
Aug 28 21:40:03 nimbus-eth1-mainnet-long-benchmark[4120996]: INF 2026-08-28 21:40:03.462+00:00 Imported blocks                            blockNumber=16146433 slot=5313022 blocks=16146432 txs=1803239516 mgas=127467342 bps=35.31 tps=6032 mgps=536.5 avgBps=88.19 avgTps=9849 avgMGps=696.2 elapsed=2d2h51m
Aug 28 21:44:27 nimbus-eth1-mainnet-long-benchmark[4120996]: INF 2026-08-28 21:44:27.109+00:00 Imported blocks                            blockNumber=16154625 slot=5321262 blocks=16154624 txs=1805071002 mgas=127591537 bps=31.07 tps=6946 mgps=471.1 avgBps=88.11 avgTps=9845 avgMGps=695.9 elapsed=2d2h55m
Aug 28 21:48:32 nimbus-eth1-mainnet-long-benchmark[4120996]: INF 2026-08-28 21:48:32.933+00:00 Imported blocks                            blockNumber=16162817 slot=5329495 blocks=16162816 txs=1806360432 mgas=127716150 bps=33.32 tps=5245 mgps=506.9 avgBps=88.04 avgTps=9839 avgMGps=695.7 elapsed=2d2h59m
Aug 28 21:52:21 nimbus-eth1-mainnet-long-benchmark[4120996]: INF 2026-08-28 21:52:21.962+00:00 Imported blocks                            blockNumber=16171009 slot=5337741 blocks=16171008 txs=1807676190 mgas=127840490 bps=35.77 tps=5744 mgps=542.9 avgBps=87.97 avgTps=9834 avgMGps=695.5 elapsed=2d3h3m
Aug 28 21:56:15 nimbus-eth1-mainnet-long-benchmark[4120996]: INF 2026-08-28 21:56:15.118+00:00 Imported blocks                            blockNumber=16179201 slot=5345985 blocks=16179200 txs=1808981729 mgas=127964557 bps=35.14 tps=5599 mgps=532.1 avgBps=87.91 avgTps=9828 avgMGps=695.3 elapsed=2d3h7m
Aug 28 22:00:03 nimbus-eth1-mainnet-long-benchmark[4120996]: INF 2026-08-28 22:00:03.046+00:00 Imported blocks                            blockNumber=16187393 slot=5354220 blocks=16187392 txs=1810218948 mgas=128088794 bps=35.94 tps=5428 mgps=545.1 avgBps=87.84 avgTps=9823 avgMGps=695.1 elapsed=2d3h11m
Aug 28 22:03:48 nimbus-eth1-mainnet-long-benchmark[4120996]: INF 2026-08-28 22:03:48.107+00:00 Imported blocks                            blockNumber=16195585 slot=5362459 blocks=16195584 txs=1811461288 mgas=128212958 bps=36.40 tps=5520 mgps=551.7 avgBps=87.78 avgTps=9817 avgMGps=694.9 elapsed=2d3h15m
Aug 28 22:07:36 nimbus-eth1-mainnet-long-benchmark[4120996]: INF 2026-08-28 22:07:36.467+00:00 Imported blocks                            blockNumber=16203777 slot=5370696 blocks=16203776 txs=1812759801 mgas=128336913 bps=35.87 tps=5686 mgps=542.8 avgBps=87.71 avgTps=9812 avgMGps=694.7 elapsed=2d3h18m
Aug 28 22:11:31 nimbus-eth1-mainnet-long-benchmark[4120996]: INF 2026-08-28 22:11:31.399+00:00 Imported blocks                            blockNumber=16211969 slot=5378936 blocks=16211968 txs=1813869867 mgas=128461357 bps=34.87 tps=4724 mgps=529.7 avgBps=87.65 avgTps=9806 avgMGps=694.5 elapsed=2d3h22m
Aug 28 22:15:13 nimbus-eth1-mainnet-long-benchmark[4120996]: INF 2026-08-28 22:15:13.404+00:00 Imported blocks                            blockNumber=16220161 slot=5387165 blocks=16220160 txs=1814959279 mgas=128585743 bps=36.90 tps=4907 mgps=560.3 avgBps=87.59 avgTps=9800 avgMGps=694.3 elapsed=2d3h26m
Aug 28 22:18:53 nimbus-eth1-mainnet-long-benchmark[4120996]: INF 2026-08-28 22:18:53.676+00:00 Imported blocks                            blockNumber=16228353 slot=5395399 blocks=16228352 txs=1816121230 mgas=128709720 bps=37.19 tps=5275 mgps=562.8 avgBps=87.53 avgTps=9795 avgMGps=694.2 elapsed=2d3h30m
Aug 28 22:22:40 nimbus-eth1-mainnet-long-benchmark[4120996]: INF 2026-08-28 22:22:40.257+00:00 Imported blocks                            blockNumber=16236545 slot=5403630 blocks=16236544 txs=1817290037 mgas=128833846 bps=36.15 tps=5158 mgps=547.8 avgBps=87.46 avgTps=9789 avgMGps=694.0 elapsed=2d3h33m
Aug 28 22:26:27 nimbus-eth1-mainnet-long-benchmark[4120996]: INF 2026-08-28 22:26:27.749+00:00 Imported blocks                            blockNumber=16244737 slot=5411850 blocks=16244736 txs=1818421939 mgas=128958134 bps=36.01 tps=4975 mgps=546.3 avgBps=87.40 avgTps=9783 avgMGps=693.8 elapsed=2d3h37m
Aug 28 22:30:26 nimbus-eth1-mainnet-long-benchmark[4120996]: INF 2026-08-28 22:30:26.613+00:00 Imported blocks                            blockNumber=16252929 slot=5420067 blocks=16252928 txs=1819571657 mgas=129082467 bps=34.30 tps=4813 mgps=520.5 avgBps=87.33 avgTps=9777 avgMGps=693.6 elapsed=2d3h41m
Aug 28 22:34:36 nimbus-eth1-mainnet-long-benchmark[4120996]: INF 2026-08-28 22:34:36.269+00:00 Imported blocks                            blockNumber=16261121 slot=5428297 blocks=16261120 txs=1820578100 mgas=129207392 bps=32.81 tps=4031 mgps=500.4 avgBps=87.26 avgTps=9769 avgMGps=693.3 elapsed=2d3h45m
Aug 28 22:38:25 nimbus-eth1-mainnet-long-benchmark[4120996]: INF 2026-08-28 22:38:25.377+00:00 Imported blocks                            blockNumber=16269313 slot=5436528 blocks=16269312 txs=1821582279 mgas=129332087 bps=35.76 tps=4383 mgps=544.3 avgBps=87.20 avgTps=9762 avgMGps=693.2 elapsed=2d3h49m
Aug 28 22:42:14 nimbus-eth1-mainnet-long-benchmark[4120996]: INF 2026-08-28 22:42:14.178+00:00 Imported blocks                            blockNumber=16277505 slot=5444770 blocks=16277504 txs=1822732101 mgas=129456486 bps=35.80 tps=5025 mgps=543.7 avgBps=87.13 avgTps=9757 avgMGps=693.0 elapsed=2d3h53m
Aug 28 22:46:08 nimbus-eth1-mainnet-long-benchmark[4120996]: INF 2026-08-28 22:46:08.682+00:00 Imported blocks                            blockNumber=16285697 slot=5452994 blocks=16285696 txs=1823865962 mgas=129580764 bps=34.93 tps=4835 mgps=530.0 avgBps=87.07 avgTps=9750 avgMGps=692.8 elapsed=2d3h57m
Aug 28 22:50:02 nimbus-eth1-mainnet-long-benchmark[4120996]: INF 2026-08-28 22:50:02.962+00:00 Imported blocks                            blockNumber=16293889 slot=5461230 blocks=16293888 txs=1824958250 mgas=129705030 bps=34.97 tps=4662 mgps=530.4 avgBps=87.00 avgTps=9744 avgMGps=692.6 elapsed=2d4h1m
Aug 28 22:54:03 nimbus-eth1-mainnet-long-benchmark[4120996]: INF 2026-08-28 22:54:03.170+00:00 Imported blocks                            blockNumber=16302081 slot=5469460 blocks=16302080 txs=1826030759 mgas=129829433 bps=34.10 tps=4464 mgps=517.9 avgBps=86.94 avgTps=9737 avgMGps=692.4 elapsed=2d4h5m
Aug 28 22:58:16 nimbus-eth1-mainnet-long-benchmark[4120996]: INF 2026-08-28 22:58:16.506+00:00 Imported blocks                            blockNumber=16310273 slot=5477688 blocks=16310272 txs=1826972084 mgas=129954165 bps=32.34 tps=3715 mgps=492.4 avgBps=86.86 avgTps=9729 avgMGps=692.1 elapsed=2d4h9m
Aug 28 23:02:00 nimbus-eth1-mainnet-long-benchmark[4120996]: INF 2026-08-28 23:02:00.987+00:00 Imported blocks                            blockNumber=16318465 slot=5485913 blocks=16318464 txs=1827854551 mgas=130078932 bps=36.49 tps=3931 mgps=555.8 avgBps=86.80 avgTps=9722 avgMGps=691.9 elapsed=2d4h13m
Aug 28 23:05:40 nimbus-eth1-mainnet-long-benchmark[4120996]: INF 2026-08-28 23:05:40.531+00:00 Imported blocks                            blockNumber=16326657 slot=5494140 blocks=16326656 txs=1828918916 mgas=130203345 bps=37.31 tps=4848 mgps=566.7 avgBps=86.74 avgTps=9717 avgMGps=691.8 elapsed=2d4h16m
Aug 28 23:09:23 nimbus-eth1-mainnet-long-benchmark[4120996]: INF 2026-08-28 23:09:23.292+00:00 Imported blocks                            blockNumber=16334849 slot=5502372 blocks=16334848 txs=1830122577 mgas=130327572 bps=36.77 tps=5403 mgps=557.7 avgBps=86.68 avgTps=9711 avgMGps=691.6 elapsed=2d4h20m
Aug 28 23:13:15 nimbus-eth1-mainnet-long-benchmark[4120996]: INF 2026-08-28 23:13:15.332+00:00 Imported blocks                            blockNumber=16343041 slot=5510610 blocks=16343040 txs=1831418312 mgas=130451609 bps=35.30 tps=5584 mgps=534.5 avgBps=86.62 avgTps=9706 avgMGps=691.4 elapsed=2d4h24m
Aug 28 23:17:00 nimbus-eth1-mainnet-long-benchmark[4120996]: INF 2026-08-28 23:17:00.328+00:00 Imported blocks                            blockNumber=16351233 slot=5518848 blocks=16351232 txs=1832599973 mgas=130575721 bps=36.41 tps=5251 mgps=551.6 avgBps=86.56 avgTps=9701 avgMGps=691.3 elapsed=2d4h28m
Aug 28 23:21:05 nimbus-eth1-mainnet-long-benchmark[4120996]: INF 2026-08-28 23:21:05.409+00:00 Imported blocks                            blockNumber=16359425 slot=5527079 blocks=16359424 txs=1833679040 mgas=130700254 bps=33.43 tps=4402 mgps=508.1 avgBps=86.49 avgTps=9694 avgMGps=691.0 elapsed=2d4h32m
Aug 28 23:25:12 nimbus-eth1-mainnet-long-benchmark[4120996]: INF 2026-08-28 23:25:12.977+00:00 Imported blocks                            blockNumber=16367617 slot=5535309 blocks=16367616 txs=1835056248 mgas=130824628 bps=33.09 tps=5562 mgps=502.4 avgBps=86.42 avgTps=9689 avgMGps=690.8 elapsed=2d4h36m
Aug 28 23:29:19 nimbus-eth1-mainnet-long-benchmark[4120996]: INF 2026-08-28 23:29:19.649+00:00 Imported blocks                            blockNumber=16375809 slot=5543539 blocks=16375808 txs=1836258513 mgas=130948667 bps=33.21 tps=4873 mgps=502.9 avgBps=86.35 avgTps=9683 avgMGps=690.5 elapsed=2d4h40m
Aug 28 23:33:06 nimbus-eth1-mainnet-long-benchmark[4120996]: INF 2026-08-28 23:33:06.617+00:00 Imported blocks                            blockNumber=16384001 slot=5551774 blocks=16384000 txs=1837499084 mgas=131072768 bps=36.09 tps=5465 mgps=546.8 avgBps=86.29 avgTps=9678 avgMGps=690.4 elapsed=2d4h44m
Aug 28 23:36:58 nimbus-eth1-mainnet-long-benchmark[4120996]: INF 2026-08-28 23:36:58.721+00:00 Imported blocks                            blockNumber=16392193 slot=5560023 blocks=16392192 txs=1838750291 mgas=131196772 bps=35.29 tps=5390 mgps=534.3 avgBps=86.23 avgTps=9672 avgMGps=690.2 elapsed=2d4h48m
Aug 28 23:40:42 nimbus-eth1-mainnet-long-benchmark[4120996]: INF 2026-08-28 23:40:42.434+00:00 Imported blocks                            blockNumber=16400385 slot=5568264 blocks=16400384 txs=1839990141 mgas=131320824 bps=36.62 tps=5542 mgps=554.5 avgBps=86.17 avgTps=9667 avgMGps=690.0 elapsed=2d4h51m
Aug 28 23:44:43 nimbus-eth1-mainnet-long-benchmark[4120996]: INF 2026-08-28 23:44:43.658+00:00 Imported blocks                            blockNumber=16408577 slot=5576488 blocks=16408576 txs=1841255955 mgas=131444692 bps=33.96 tps=5247 mgps=513.5 avgBps=86.11 avgTps=9662 avgMGps=689.8 elapsed=2d4h56m
Aug 28 23:48:45 nimbus-eth1-mainnet-long-benchmark[4120996]: INF 2026-08-28 23:48:45.718+00:00 Imported blocks                            blockNumber=16416769 slot=5584742 blocks=16416768 txs=1842403676 mgas=131568840 bps=33.84 tps=4741 mgps=512.9 avgBps=86.04 avgTps=9656 avgMGps=689.6 elapsed=2d5h2s
Aug 28 23:52:48 nimbus-eth1-mainnet-long-benchmark[4120996]: INF 2026-08-28 23:52:48.178+00:00 Imported blocks                            blockNumber=16424961 slot=5592977 blocks=16424960 txs=1843596368 mgas=131692843 bps=33.79 tps=4919 mgps=511.4 avgBps=85.97 avgTps=9650 avgMGps=689.3 elapsed=2d5h4m
Aug 28 23:56:40 nimbus-eth1-mainnet-long-benchmark[4120996]: INF 2026-08-28 23:56:40.411+00:00 Imported blocks                            blockNumber=16433153 slot=5601200 blocks=16433152 txs=1844784938 mgas=131817010 bps=35.28 tps=5118 mgps=534.7 avgBps=85.91 avgTps=9644 avgMGps=689.1 elapsed=2d5h7m
Aug 29 00:00:36 nimbus-eth1-mainnet-long-benchmark[4120996]: INF 2026-08-29 00:00:36.439+00:00 Imported blocks                            blockNumber=16441345 slot=5609436 blocks=16441344 txs=1845999096 mgas=131940882 bps=34.71 tps=5144 mgps=524.8 avgBps=85.85 avgTps=9639 avgMGps=688.9 elapsed=2d5h11m
Aug 29 00:04:21 nimbus-eth1-mainnet-long-benchmark[4120996]: INF 2026-08-29 00:04:21.095+00:00 Imported blocks                            blockNumber=16449537 slot=5617666 blocks=16449536 txs=1847165395 mgas=132065127 bps=36.46 tps=5191 mgps=553.0 avgBps=85.79 avgTps=9633 avgMGps=688.8 elapsed=2d5h15m
Aug 29 00:08:22 nimbus-eth1-mainnet-long-benchmark[4120996]: INF 2026-08-29 00:08:22.155+00:00 Imported blocks                            blockNumber=16457729 slot=5625902 blocks=16457728 txs=1848342150 mgas=132189112 bps=33.98 tps=4881 mgps=514.3 avgBps=85.73 avgTps=9627 avgMGps=688.6 elapsed=2d5h19m
Aug 29 00:12:12 nimbus-eth1-mainnet-long-benchmark[4120996]: INF 2026-08-29 00:12:12.764+00:00 Imported blocks                            blockNumber=16465921 slot=5634141 blocks=16465920 txs=1849371996 mgas=132313668 bps=35.52 tps=4465 mgps=540.1 avgBps=85.67 avgTps=9621 avgMGps=688.4 elapsed=2d5h23m
Aug 29 00:15:56 nimbus-eth1-mainnet-long-benchmark[4120996]: INF 2026-08-29 00:15:56.440+00:00 Imported blocks                            blockNumber=16474113 slot=5642371 blocks=16474112 txs=1850459219 mgas=132438037 bps=36.62 tps=4860 mgps=556.0 avgBps=85.61 avgTps=9616 avgMGps=688.2 elapsed=2d5h27m
Aug 29 00:19:43 nimbus-eth1-mainnet-long-benchmark[4120996]: INF 2026-08-29 00:19:43.452+00:00 Imported blocks                            blockNumber=16482305 slot=5650601 blocks=16482304 txs=1851632335 mgas=132562218 bps=36.09 tps=5167 mgps=547.0 avgBps=85.55 avgTps=9610 avgMGps=688.1 elapsed=2d5h30m
Aug 29 00:23:31 nimbus-eth1-mainnet-long-benchmark[4120996]: INF 2026-08-29 00:23:31.437+00:00 Imported blocks                            blockNumber=16490497 slot=5658845 blocks=16490496 txs=1852791201 mgas=132686437 bps=35.93 tps=5083 mgps=544.9 avgBps=85.49 avgTps=9605 avgMGps=687.9 elapsed=2d5h34m
Aug 29 00:27:24 nimbus-eth1-mainnet-long-benchmark[4120996]: INF 2026-08-29 00:27:24.725+00:00 Imported blocks                            blockNumber=16498689 slot=5667082 blocks=16498688 txs=1854039460 mgas=132810606 bps=35.12 tps=5350 mgps=532.3 avgBps=85.43 avgTps=9600 avgMGps=687.7 elapsed=2d5h38m
Aug 29 00:31:17 nimbus-eth1-mainnet-long-benchmark[4120996]: INF 2026-08-29 00:31:17.269+00:00 Imported blocks                            blockNumber=16506881 slot=5675313 blocks=16506880 txs=1855210009 mgas=132934889 bps=35.23 tps=5033 mgps=534.4 avgBps=85.37 avgTps=9594 avgMGps=687.5 elapsed=2d5h42m
Aug 29 00:35:06 nimbus-eth1-mainnet-long-benchmark[4120996]: INF 2026-08-29 00:35:06.070+00:00 Imported blocks                            blockNumber=16515073 slot=5683551 blocks=16515072 txs=1856341573 mgas=133059279 bps=35.80 tps=4945 mgps=543.7 avgBps=85.31 avgTps=9589 avgMGps=687.4 elapsed=2d5h46m
Aug 29 00:38:55 nimbus-eth1-mainnet-long-benchmark[4120996]: INF 2026-08-29 00:38:55.326+00:00 Imported blocks                            blockNumber=16523265 slot=5691780 blocks=16523264 txs=1857567301 mgas=133183259 bps=35.73 tps=5346 mgps=540.8 avgBps=85.25 avgTps=9584 avgMGps=687.2 elapsed=2d5h50m
Aug 29 00:42:42 nimbus-eth1-mainnet-long-benchmark[4120996]: INF 2026-08-29 00:42:42.294+00:00 Imported blocks                            blockNumber=16531457 slot=5700013 blocks=16531456 txs=1858801183 mgas=133307312 bps=36.09 tps=5436 mgps=546.6 avgBps=85.20 avgTps=9579 avgMGps=687.0 elapsed=2d5h53m
Aug 29 00:46:38 nimbus-eth1-mainnet-long-benchmark[4120996]: INF 2026-08-29 00:46:38.375+00:00 Imported blocks                            blockNumber=16539649 slot=5708260 blocks=16539648 txs=1860012627 mgas=133431301 bps=34.70 tps=5131 mgps=525.2 avgBps=85.14 avgTps=9574 avgMGps=686.8 elapsed=2d5h57m
Aug 29 00:50:21 nimbus-eth1-mainnet-long-benchmark[4120996]: INF 2026-08-29 00:50:21.451+00:00 Imported blocks                            blockNumber=16547841 slot=5716525 blocks=16547840 txs=1861269213 mgas=133555223 bps=36.72 tps=5632 mgps=555.5 avgBps=85.08 avgTps=9569 avgMGps=686.7 elapsed=2d6h1m
Aug 29 00:54:04 nimbus-eth1-mainnet-long-benchmark[4120996]: INF 2026-08-29 00:54:04.947+00:00 Imported blocks                            blockNumber=16556033 slot=5724762 blocks=16556032 txs=1862500132 mgas=133679232 bps=36.65 tps=5507 mgps=554.9 avgBps=85.02 avgTps=9564 avgMGps=686.5 elapsed=2d6h5m
Aug 29 00:58:02 nimbus-eth1-mainnet-long-benchmark[4120996]: INF 2026-08-29 00:58:02.520+00:00 Imported blocks                            blockNumber=16564225 slot=5732991 blocks=16564224 txs=1863739172 mgas=133803260 bps=34.48 tps=5215 mgps=522.1 avgBps=84.96 avgTps=9559 avgMGps=686.3 elapsed=2d6h9m
Aug 29 01:01:54 nimbus-eth1-mainnet-long-benchmark[4120996]: INF 2026-08-29 01:01:54.448+00:00 Imported blocks                            blockNumber=16572417 slot=5741223 blocks=16572416 txs=1864966052 mgas=133927243 bps=35.32 tps=5289 mgps=534.6 avgBps=84.90 avgTps=9554 avgMGps=686.1 elapsed=2d6h13m
Aug 29 01:05:37 nimbus-eth1-mainnet-long-benchmark[4120996]: INF 2026-08-29 01:05:37.272+00:00 Imported blocks                            blockNumber=16580609 slot=5749471 blocks=16580608 txs=1866262865 mgas=134051057 bps=36.76 tps=5819 mgps=555.7 avgBps=84.85 avgTps=9550 avgMGps=686.0 elapsed=2d6h16m
Aug 29 01:09:23 nimbus-eth1-mainnet-long-benchmark[4120996]: INF 2026-08-29 01:09:23.721+00:00 Imported blocks                            blockNumber=16588801 slot=5757729 blocks=16588800 txs=1867529636 mgas=134174862 bps=36.18 tps=5594 mgps=546.7 avgBps=84.79 avgTps=9545 avgMGps=685.8 elapsed=2d6h20m
Aug 29 01:13:15 nimbus-eth1-mainnet-long-benchmark[4120996]: INF 2026-08-29 01:13:15.393+00:00 Imported blocks                            blockNumber=16596993 slot=5765970 blocks=16596992 txs=1868777055 mgas=134298801 bps=35.36 tps=5384 mgps=535.0 avgBps=84.73 avgTps=9540 avgMGps=685.6 elapsed=2d6h24m
Aug 29 01:17:08 nimbus-eth1-mainnet-long-benchmark[4120996]: INF 2026-08-29 01:17:08.697+00:00 Imported blocks                            blockNumber=16605185 slot=5774205 blocks=16605184 txs=1869924340 mgas=134422860 bps=35.11 tps=4917 mgps=531.7 avgBps=84.67 avgTps=9535 avgMGps=685.5 elapsed=2d6h28m
Aug 29 01:21:00 nimbus-eth1-mainnet-long-benchmark[4120996]: INF 2026-08-29 01:21:00.789+00:00 Imported blocks                            blockNumber=16613377 slot=5782440 blocks=16613376 txs=1871008463 mgas=134547111 bps=35.30 tps=4671 mgps=535.4 avgBps=84.62 avgTps=9529 avgMGps=685.3 elapsed=2d6h32m
Aug 29 01:24:52 nimbus-eth1-mainnet-long-benchmark[4120996]: INF 2026-08-29 01:24:52.794+00:00 Imported blocks                            blockNumber=16621569 slot=5790686 blocks=16621568 txs=1872218126 mgas=134671188 bps=35.31 tps=5213 mgps=534.8 avgBps=84.56 avgTps=9524 avgMGps=685.1 elapsed=2d6h36m
Aug 29 01:28:42 nimbus-eth1-mainnet-long-benchmark[4120996]: INF 2026-08-29 01:28:42.930+00:00 Imported blocks                            blockNumber=16629761 slot=5798933 blocks=16629760 txs=1873496300 mgas=134795363 bps=35.60 tps=5554 mgps=539.6 avgBps=84.50 avgTps=9519 avgMGps=684.9 elapsed=2d6h39m
Aug 29 01:32:21 nimbus-eth1-mainnet-long-benchmark[4120996]: INF 2026-08-29 01:32:21.434+00:00 Imported blocks                            blockNumber=16637953 slot=5807177 blocks=16637952 txs=1874827008 mgas=134918966 bps=37.49 tps=6090 mgps=565.7 avgBps=84.45 avgTps=9516 avgMGps=684.8 elapsed=2d6h43m
Aug 29 01:36:09 nimbus-eth1-mainnet-long-benchmark[4120996]: INF 2026-08-29 01:36:09.255+00:00 Imported blocks                            blockNumber=16646145 slot=5815423 blocks=16646144 txs=1876106639 mgas=135042668 bps=35.96 tps=5616 mgps=543.0 avgBps=84.39 avgTps=9511 avgMGps=684.6 elapsed=2d6h47m
Aug 29 01:40:02 nimbus-eth1-mainnet-long-benchmark[4120996]: INF 2026-08-29 01:40:02.163+00:00 Imported blocks                            blockNumber=16654337 slot=5823744 blocks=16654336 txs=1877289660 mgas=135166545 bps=35.17 tps=5079 mgps=531.9 avgBps=84.33 avgTps=9506 avgMGps=684.5 elapsed=2d6h51m
Aug 29 01:44:09 nimbus-eth1-mainnet-long-benchmark[4120996]: INF 2026-08-29 01:44:09.655+00:00 Imported blocks                            blockNumber=16662529 slot=5832032 blocks=16662528 txs=1878422473 mgas=135290640 bps=33.10 tps=4577 mgps=501.4 avgBps=84.27 avgTps=9500 avgMGps=684.2 elapsed=2d6h55m
Aug 29 01:48:11 nimbus-eth1-mainnet-long-benchmark[4120996]: INF 2026-08-29 01:48:11.055+00:00 Imported blocks                            blockNumber=16670721 slot=5840313 blocks=16670720 txs=1879631783 mgas=135414630 bps=33.94 tps=5009 mgps=513.6 avgBps=84.21 avgTps=9494 avgMGps=684.0 elapsed=2d6h59m
Aug 29 01:52:06 nimbus-eth1-mainnet-long-benchmark[4120996]: INF 2026-08-29 01:52:06.311+00:00 Imported blocks                            blockNumber=16678913 slot=5848599 blocks=16678912 txs=1880884882 mgas=135538556 bps=34.82 tps=5326 mgps=526.8 avgBps=84.15 avgTps=9489 avgMGps=683.8 elapsed=2d7h3m
Aug 29 01:56:02 nimbus-eth1-mainnet-long-benchmark[4120996]: INF 2026-08-29 01:56:02.148+00:00 Imported blocks                            blockNumber=16687105 slot=5856905 blocks=16687104 txs=1882135895 mgas=135662560 bps=34.74 tps=5304 mgps=525.8 avgBps=84.09 avgTps=9484 avgMGps=683.7 elapsed=2d7h7m
Aug 29 01:59:48 nimbus-eth1-mainnet-long-benchmark[4120996]: INF 2026-08-29 01:59:48.632+00:00 Imported blocks                            blockNumber=16695297 slot=5865191 blocks=16695296 txs=1883381637 mgas=135786484 bps=36.17 tps=5500 mgps=547.2 avgBps=84.04 avgTps=9480 avgMGps=683.5 elapsed=2d7h11m
Aug 29 02:03:50 nimbus-eth1-mainnet-long-benchmark[4120996]: INF 2026-08-29 02:03:50.456+00:00 Imported blocks                            blockNumber=16703489 slot=5873502 blocks=16703488 txs=1884617239 mgas=135910564 bps=33.88 tps=5109 mgps=513.1 avgBps=83.98 avgTps=9474 avgMGps=683.3 elapsed=2d7h15m
Aug 29 02:08:00 nimbus-eth1-mainnet-long-benchmark[4120996]: INF 2026-08-29 02:08:00.024+00:00 Imported blocks                            blockNumber=16711681 slot=5881803 blocks=16711680 txs=1885752283 mgas=136034864 bps=32.82 tps=4548 mgps=498.1 avgBps=83.91 avgTps=9468 avgMGps=683.1 elapsed=2d7h19m
Aug 29 02:11:57 nimbus-eth1-mainnet-long-benchmark[4120996]: INF 2026-08-29 02:11:57.584+00:00 Imported blocks                            blockNumber=16719873 slot=5890089 blocks=16719872 txs=1886907002 mgas=136159078 bps=34.48 tps=4860 mgps=522.9 avgBps=83.85 avgTps=9463 avgMGps=682.9 elapsed=2d7h23m
Aug 29 02:15:52 nimbus-eth1-mainnet-long-benchmark[4120996]: INF 2026-08-29 02:15:52.144+00:00 Imported blocks                            blockNumber=16728065 slot=5898362 blocks=16728064 txs=1888117403 mgas=136283034 bps=34.93 tps=5160 mgps=528.5 avgBps=83.80 avgTps=9458 avgMGps=682.7 elapsed=2d7h27m
Aug 29 02:19:36 nimbus-eth1-mainnet-long-benchmark[4120996]: INF 2026-08-29 02:19:36.705+00:00 Imported blocks                            blockNumber=16736257 slot=5906658 blocks=16736256 txs=1889363510 mgas=136406980 bps=36.48 tps=5549 mgps=551.9 avgBps=83.74 avgTps=9453 avgMGps=682.5 elapsed=2d7h30m
Aug 29 02:23:27 nimbus-eth1-mainnet-long-benchmark[4120996]: INF 2026-08-29 02:23:27.093+00:00 Imported blocks                            blockNumber=16744449 slot=5914960 blocks=16744448 txs=1890614278 mgas=136530897 bps=35.56 tps=5428 mgps=537.9 avgBps=83.69 avgTps=9449 avgMGps=682.4 elapsed=2d7h34m
Aug 29 02:27:16 nimbus-eth1-mainnet-long-benchmark[4120996]: INF 2026-08-29 02:27:16.945+00:00 Imported blocks                            blockNumber=16752641 slot=5923268 blocks=16752640 txs=1891846355 mgas=136654820 bps=35.64 tps=5360 mgps=539.1 avgBps=83.63 avgTps=9444 avgMGps=682.2 elapsed=2d7h38m
Aug 29 02:31:05 nimbus-eth1-mainnet-long-benchmark[4120996]: INF 2026-08-29 02:31:05.926+00:00 Imported blocks                            blockNumber=16760833 slot=5931557 blocks=16760832 txs=1892947572 mgas=136778837 bps=35.78 tps=4809 mgps=541.6 avgBps=83.58 avgTps=9439 avgMGps=682.0 elapsed=2d7h42m
Aug 29 02:34:48 nimbus-eth1-mainnet-long-benchmark[4120996]: INF 2026-08-29 02:34:48.218+00:00 Imported blocks                            blockNumber=16769025 slot=5939852 blocks=16769024 txs=1894062649 mgas=136902777 bps=36.85 tps=5016 mgps=557.6 avgBps=83.53 avgTps=9434 avgMGps=681.9 elapsed=2d7h46m
Aug 29 02:38:30 nimbus-eth1-mainnet-long-benchmark[4120996]: INF 2026-08-29 02:38:30.599+00:00 Imported blocks                            blockNumber=16777217 slot=5948143 blocks=16777216 txs=1895266469 mgas=137026724 bps=36.84 tps=5413 mgps=557.4 avgBps=83.47 avgTps=9429 avgMGps=681.8 elapsed=2d7h49m
Aug 29 02:42:11 nimbus-eth1-mainnet-long-benchmark[4120996]: INF 2026-08-29 02:42:11.831+00:00 Imported blocks                            blockNumber=16785409 slot=5956437 blocks=16785408 txs=1896456920 mgas=137150558 bps=37.03 tps=5380 mgps=559.7 avgBps=83.42 avgTps=9425 avgMGps=681.6 elapsed=2d7h53m
Aug 29 02:45:46 nimbus-eth1-mainnet-long-benchmark[4120996]: INF 2026-08-29 02:45:46.808+00:00 Imported blocks                            blockNumber=16793601 slot=5964730 blocks=16793600 txs=1897649468 mgas=137274307 bps=38.11 tps=5547 mgps=575.6 avgBps=83.37 avgTps=9421 avgMGps=681.5 elapsed=2d7h57m
Aug 29 02:49:34 nimbus-eth1-mainnet-long-benchmark[4120996]: INF 2026-08-29 02:49:34.880+00:00 Imported blocks                            blockNumber=16801793 slot=5973054 blocks=16801792 txs=1898872315 mgas=137398264 bps=35.92 tps=5361 mgps=543.5 avgBps=83.32 avgTps=9416 avgMGps=681.4 elapsed=2d8h51s
Aug 29 02:53:27 nimbus-eth1-mainnet-long-benchmark[4120996]: INF 2026-08-29 02:53:27.344+00:00 Imported blocks                            blockNumber=16809985 slot=5981358 blocks=16809984 txs=1900030900 mgas=137521879 bps=35.24 tps=4983 mgps=531.8 avgBps=83.27 avgTps=9411 avgMGps=681.2 elapsed=2d8h4m
Aug 29 02:57:24 nimbus-eth1-mainnet-long-benchmark[4120996]: INF 2026-08-29 02:57:24.832+00:00 Imported blocks                            blockNumber=16818177 slot=5989636 blocks=16818176 txs=1901221157 mgas=137645760 bps=34.49 tps=5011 mgps=521.6 avgBps=83.21 avgTps=9406 avgMGps=681.0 elapsed=2d8h8m
Aug 29 03:01:15 nimbus-eth1-mainnet-long-benchmark[4120996]: INF 2026-08-29 03:01:15.165+00:00 Imported blocks                            blockNumber=16826369 slot=5997923 blocks=16826368 txs=1902536659 mgas=137769827 bps=35.57 tps=5711 mgps=538.6 avgBps=83.15 avgTps=9402 avgMGps=680.8 elapsed=2d8h12m
Aug 29 03:04:59 nimbus-eth1-mainnet-long-benchmark[4120996]: INF 2026-08-29 03:04:59.409+00:00 Imported blocks                            blockNumber=16834561 slot=6006221 blocks=16834560 txs=1903816850 mgas=137893613 bps=36.53 tps=5708 mgps=552.0 avgBps=83.10 avgTps=9398 avgMGps=680.7 elapsed=2d8h16m
Aug 29 03:08:40 nimbus-eth1-mainnet-long-benchmark[4120996]: INF 2026-08-29 03:08:40.965+00:00 Imported blocks                            blockNumber=16842753 slot=6014515 blocks=16842752 txs=1905034952 mgas=138017403 bps=36.97 tps=5497 mgps=558.7 avgBps=83.05 avgTps=9393 avgMGps=680.6 elapsed=2d8h19m
Aug 29 03:12:31 nimbus-eth1-mainnet-long-benchmark[4120996]: INF 2026-08-29 03:12:31.050+00:00 Imported blocks                            blockNumber=16850945 slot=6022798 blocks=16850944 txs=1906254915 mgas=138141334 bps=35.60 tps=5302 mgps=538.6 avgBps=83.00 avgTps=9389 avgMGps=680.4 elapsed=2d8h23m
Aug 29 03:16:35 nimbus-eth1-mainnet-long-benchmark[4120996]: INF 2026-08-29 03:16:35.662+00:00 Imported blocks                            blockNumber=16859137 slot=6031084 blocks=16859136 txs=1907416034 mgas=138265293 bps=33.49 tps=4746 mgps=506.8 avgBps=82.94 avgTps=9383 avgMGps=680.2 elapsed=2d8h27m
Aug 29 03:20:37 nimbus-eth1-mainnet-long-benchmark[4120996]: INF 2026-08-29 03:20:37.022+00:00 Imported blocks                            blockNumber=16867329 slot=6039371 blocks=16867328 txs=1908587274 mgas=138389422 bps=33.94 tps=4852 mgps=514.3 avgBps=82.88 avgTps=9378 avgMGps=680.0 elapsed=2d8h31m
Aug 29 03:24:34 nimbus-eth1-mainnet-long-benchmark[4120996]: INF 2026-08-29 03:24:34.526+00:00 Imported blocks                            blockNumber=16875521 slot=6047642 blocks=16875520 txs=1909854477 mgas=138513302 bps=34.49 tps=5335 mgps=521.6 avgBps=82.82 avgTps=9373 avgMGps=679.8 elapsed=2d8h35m
Aug 29 03:28:31 nimbus-eth1-mainnet-long-benchmark[4120996]: INF 2026-08-29 03:28:31.390+00:00 Imported blocks                            blockNumber=16883713 slot=6055930 blocks=16883712 txs=1911117374 mgas=138637252 bps=34.59 tps=5331 mgps=523.3 avgBps=82.77 avgTps=9368 avgMGps=679.6 elapsed=2d8h39m
Aug 29 03:32:20 nimbus-eth1-mainnet-long-benchmark[4120996]: INF 2026-08-29 03:32:20.818+00:00 Imported blocks                            blockNumber=16891905 slot=6064228 blocks=16891904 txs=1912349928 mgas=138761177 bps=35.71 tps=5372 mgps=540.1 avgBps=82.72 avgTps=9364 avgMGps=679.5 elapsed=2d8h43m
Aug 29 03:36:10 nimbus-eth1-mainnet-long-benchmark[4120996]: INF 2026-08-29 03:36:10.343+00:00 Imported blocks                            blockNumber=16900097 slot=6072508 blocks=16900096 txs=1913611460 mgas=138884976 bps=35.69 tps=5496 mgps=539.4 avgBps=82.66 avgTps=9359 avgMGps=679.3 elapsed=2d8h47m
Aug 29 03:40:13 nimbus-eth1-mainnet-long-benchmark[4120996]: INF 2026-08-29 03:40:13.919+00:00 Imported blocks                            blockNumber=16908289 slot=6080793 blocks=16908288 txs=1914815701 mgas=139008674 bps=33.63 tps=4943 mgps=507.8 avgBps=82.60 avgTps=9354 avgMGps=679.1 elapsed=2d8h51m
Aug 29 03:44:48 nimbus-eth1-mainnet-long-benchmark[4120996]: INF 2026-08-29 03:44:48.558+00:00 Imported blocks                            blockNumber=16916481 slot=6089077 blocks=16916480 txs=1915982170 mgas=139132546 bps=29.83 tps=4247 mgps=451.0 avgBps=82.53 avgTps=9347 avgMGps=678.8 elapsed=2d8h56m
Aug 29 03:48:59 nimbus-eth1-mainnet-long-benchmark[4120996]: INF 2026-08-29 03:48:59.130+00:00 Imported blocks                            blockNumber=16924673 slot=6097362 blocks=16924672 txs=1917295456 mgas=139256434 bps=32.69 tps=5241 mgps=494.4 avgBps=82.47 avgTps=9342 avgMGps=678.6 elapsed=2d9h15s
Aug 29 03:53:03 nimbus-eth1-mainnet-long-benchmark[4120996]: INF 2026-08-29 03:53:03.074+00:00 Imported blocks                            blockNumber=16932865 slot=6105654 blocks=16932864 txs=1918613570 mgas=139380170 bps=33.58 tps=5403 mgps=507.2 avgBps=82.41 avgTps=9338 avgMGps=678.4 elapsed=2d9h4m
Aug 29 03:57:25 nimbus-eth1-mainnet-long-benchmark[4120996]: INF 2026-08-29 03:57:25.730+00:00 Imported blocks                            blockNumber=16941057 slot=6113948 blocks=16941056 txs=1919984819 mgas=139503951 bps=31.19 tps=5220 mgps=471.3 avgBps=82.35 avgTps=9332 avgMGps=678.1 elapsed=2d9h8m
Aug 29 04:01:28 nimbus-eth1-mainnet-long-benchmark[4120996]: INF 2026-08-29 04:01:28.326+00:00 Imported blocks                            blockNumber=16949249 slot=6122230 blocks=16949248 txs=1921309040 mgas=139627802 bps=33.77 tps=5458 mgps=510.5 avgBps=82.29 avgTps=9328 avgMGps=677.9 elapsed=2d9h12m
Aug 29 04:05:53 nimbus-eth1-mainnet-long-benchmark[4120996]: INF 2026-08-29 04:05:53.974+00:00 Imported blocks                            blockNumber=16957441 slot=6130520 blocks=16957440 txs=1922510685 mgas=139751573 bps=30.84 tps=4523 mgps=465.9 avgBps=82.23 avgTps=9322 avgMGps=677.6 elapsed=2d9h17m
Aug 29 04:10:20 nimbus-eth1-mainnet-long-benchmark[4120996]: INF 2026-08-29 04:10:20.077+00:00 Imported blocks                            blockNumber=16965633 slot=6138828 blocks=16965632 txs=1923641238 mgas=139875688 bps=30.78 tps=4248 mgps=466.4 avgBps=82.16 avgTps=9315 avgMGps=677.4 elapsed=2d9h21m
Aug 29 04:14:34 nimbus-eth1-mainnet-long-benchmark[4120996]: INF 2026-08-29 04:14:34.173+00:00 Imported blocks                            blockNumber=16973825 slot=6147196 blocks=16973824 txs=1924847634 mgas=139999662 bps=32.24 tps=4747 mgps=487.9 avgBps=82.10 avgTps=9309 avgMGps=677.1 elapsed=2d9h25m
Aug 29 04:18:40 nimbus-eth1-mainnet-long-benchmark[4120996]: INF 2026-08-29 04:18:40.649+00:00 Imported blocks                            blockNumber=16982017 slot=6155571 blocks=16982016 txs=1926143787 mgas=140123461 bps=33.24 tps=5258 mgps=502.3 avgBps=82.04 avgTps=9305 avgMGps=676.9 elapsed=2d9h29m
Aug 29 04:22:46 nimbus-eth1-mainnet-long-benchmark[4120996]: INF 2026-08-29 04:22:46.877+00:00 Imported blocks                            blockNumber=16990209 slot=6163998 blocks=16990208 txs=1927389663 mgas=140247290 bps=33.27 tps=5059 mgps=502.9 avgBps=81.98 avgTps=9300 avgMGps=676.7 elapsed=2d9h34m
Aug 29 04:27:05 nimbus-eth1-mainnet-long-benchmark[4120996]: INF 2026-08-29 04:27:05.885+00:00 Imported blocks                            blockNumber=16998401 slot=6172357 blocks=16998400 txs=1928626033 mgas=140371239 bps=31.63 tps=4773 mgps=478.5 avgBps=81.92 avgTps=9294 avgMGps=676.5 elapsed=2d9h38m
Aug 29 04:31:21 nimbus-eth1-mainnet-long-benchmark[4120996]: INF 2026-08-29 04:31:21.001+00:00 Imported blocks                            blockNumber=17006593 slot=6180713 blocks=17006592 txs=1929721419 mgas=140495426 bps=32.11 tps=4293 mgps=486.8 avgBps=81.86 avgTps=9288 avgMGps=676.2 elapsed=2d9h42m
Aug 29 04:36:03 nimbus-eth1-mainnet-long-benchmark[4120996]: INF 2026-08-29 04:36:03.244+00:00 Imported blocks                            blockNumber=17014785 slot=6189078 blocks=17014784 txs=1930819115 mgas=140619799 bps=29.02 tps=3889 mgps=440.7 avgBps=81.79 avgTps=9281 avgMGps=675.9 elapsed=2d9h47m
Aug 29 04:40:19 nimbus-eth1-mainnet-long-benchmark[4120996]: INF 2026-08-29 04:40:19.004+00:00 Imported blocks                            blockNumber=17022977 slot=6197431 blocks=17022976 txs=1932003965 mgas=140743838 bps=32.03 tps=4632 mgps=485.0 avgBps=81.73 avgTps=9275 avgMGps=675.7 elapsed=2d9h51m
Aug 29 04:44:33 nimbus-eth1-mainnet-long-benchmark[4120996]: INF 2026-08-29 04:44:33.956+00:00 Imported blocks                            blockNumber=17031169 slot=6205770 blocks=17031168 txs=1933236741 mgas=140867769 bps=32.13 tps=4835 mgps=486.1 avgBps=81.66 avgTps=9269 avgMGps=675.5 elapsed=2d9h55m
Aug 29 04:48:48 nimbus-eth1-mainnet-long-benchmark[4120996]: INF 2026-08-29 04:48:48.024+00:00 Imported blocks                            blockNumber=17039361 slot=6214644 blocks=17039360 txs=1934553364 mgas=140991689 bps=32.24 tps=5182 mgps=487.7 avgBps=81.60 avgTps=9264 avgMGps=675.2 elapsed=2d10h4s
Aug 29 04:52:53 nimbus-eth1-mainnet-long-benchmark[4120996]: INF 2026-08-29 04:52:53.260+00:00 Imported blocks                            blockNumber=17047553 slot=6223141 blocks=17047552 txs=1935926891 mgas=141115371 bps=33.40 tps=5600 mgps=504.3 avgBps=81.55 avgTps=9260 avgMGps=675.0 elapsed=2d10h4m
Aug 29 04:57:00 nimbus-eth1-mainnet-long-benchmark[4120996]: INF 2026-08-29 04:57:00.516+00:00 Imported blocks                            blockNumber=17055745 slot=6231549 blocks=17055744 txs=1937163728 mgas=141239546 bps=33.13 tps=5002 mgps=502.2 avgBps=81.49 avgTps=9255 avgMGps=674.8 elapsed=2d10h8m
Aug 29 05:01:00 nimbus-eth1-mainnet-long-benchmark[4120996]: INF 2026-08-29 05:01:00.048+00:00 Imported blocks                            blockNumber=17063937 slot=6239930 blocks=17063936 txs=1938172438 mgas=141364159 bps=34.20 tps=4211 mgps=520.2 avgBps=81.44 avgTps=9249 avgMGps=674.7 elapsed=2d10h12m
Aug 29 05:04:39 nimbus-eth1-mainnet-long-benchmark[4120996]: INF 2026-08-29 05:04:39.900+00:00 Imported blocks                            blockNumber=17072129 slot=6248275 blocks=17072128 txs=1939355648 mgas=141487938 bps=37.26 tps=5381 mgps=563.0 avgBps=81.39 avgTps=9245 avgMGps=674.5 elapsed=2d10h15m
Aug 29 05:08:13 nimbus-eth1-mainnet-long-benchmark[4120996]: INF 2026-08-29 05:08:13.573+00:00 Imported blocks                            blockNumber=17080321 slot=6256608 blocks=17080320 txs=1940616306 mgas=141611583 bps=38.34 tps=5899 mgps=578.7 avgBps=81.35 avgTps=9242 avgMGps=674.4 elapsed=2d10h19m
Aug 29 05:11:35 nimbus-eth1-mainnet-long-benchmark[4120996]: INF 2026-08-29 05:11:35.857+00:00 Imported blocks                            blockNumber=17088513 slot=6264965 blocks=17088512 txs=1941876584 mgas=141735231 bps=40.50 tps=6230 mgps=611.3 avgBps=81.31 avgTps=9239 avgMGps=674.4 elapsed=2d10h22m
Aug 29 05:15:13 nimbus-eth1-mainnet-long-benchmark[4120996]: INF 2026-08-29 05:15:13.458+00:00 Imported blocks                            blockNumber=17096705 slot=6273315 blocks=17096704 txs=1943072102 mgas=141858838 bps=37.65 tps=5494 mgps=568.0 avgBps=81.26 avgTps=9235 avgMGps=674.3 elapsed=2d10h26m
Aug 29 05:18:58 nimbus-eth1-mainnet-long-benchmark[4120996]: INF 2026-08-29 05:18:58.366+00:00 Imported blocks                            blockNumber=17104897 slot=6281580 blocks=17104896 txs=1944086612 mgas=141983190 bps=36.42 tps=4510 mgps=552.9 avgBps=81.21 avgTps=9230 avgMGps=674.1 elapsed=2d10h30m
Aug 29 05:22:38 nimbus-eth1-mainnet-long-benchmark[4120996]: INF 2026-08-29 05:22:38.051+00:00 Imported blocks                            blockNumber=17113089 slot=6289852 blocks=17113088 txs=1945085408 mgas=142107392 bps=37.29 tps=4546 mgps=565.4 avgBps=81.17 avgTps=9225 avgMGps=674.0 elapsed=2d10h33m
Aug 29 05:26:12 nimbus-eth1-mainnet-long-benchmark[4120996]: INF 2026-08-29 05:26:12.959+00:00 Imported blocks                            blockNumber=17121281 slot=6298121 blocks=17121280 txs=1946164681 mgas=142231469 bps=38.12 tps=5021 mgps=577.3 avgBps=81.12 avgTps=9221 avgMGps=673.9 elapsed=2d10h37m
Aug 29 05:30:01 nimbus-eth1-mainnet-long-benchmark[4120996]: INF 2026-08-29 05:30:01.667+00:00 Imported blocks                            blockNumber=17129473 slot=6306398 blocks=17129472 txs=1947273575 mgas=142355631 bps=35.82 tps=4848 mgps=542.9 avgBps=81.08 avgTps=9216 avgMGps=673.8 elapsed=2d10h41m
Aug 29 05:33:53 nimbus-eth1-mainnet-long-benchmark[4120996]: INF 2026-08-29 05:33:53.496+00:00 Imported blocks                            blockNumber=17137665 slot=6314693 blocks=17137664 txs=1948368474 mgas=142479878 bps=35.34 tps=4722 mgps=535.9 avgBps=81.03 avgTps=9211 avgMGps=673.6 elapsed=2d10h45m
Aug 29 05:37:41 nimbus-eth1-mainnet-long-benchmark[4120996]: INF 2026-08-29 05:37:41.152+00:00 Imported blocks                            blockNumber=17145857 slot=6322984 blocks=17145856 txs=1949518774 mgas=142603953 bps=35.98 tps=5052 mgps=545.0 avgBps=80.98 avgTps=9207 avgMGps=673.5 elapsed=2d10h48m
Aug 29 05:41:29 nimbus-eth1-mainnet-long-benchmark[4120996]: INF 2026-08-29 05:41:29.804+00:00 Imported blocks                            blockNumber=17154049 slot=6331276 blocks=17154048 txs=1950571925 mgas=142728247 bps=35.83 tps=4605 mgps=543.6 avgBps=80.93 avgTps=9202 avgMGps=673.4 elapsed=2d10h52m
Aug 29 05:45:11 nimbus-eth1-mainnet-long-benchmark[4120996]: INF 2026-08-29 05:45:11.217+00:00 Imported blocks                            blockNumber=17162241 slot=6339552 blocks=17162240 txs=1951688703 mgas=142852142 bps=37.00 tps=5043 mgps=559.6 avgBps=80.88 avgTps=9197 avgMGps=673.2 elapsed=2d10h56m
Aug 29 05:48:47 nimbus-eth1-mainnet-long-benchmark[4120996]: INF 2026-08-29 05:48:47.053+00:00 Imported blocks                            blockNumber=17170433 slot=6347847 blocks=17170432 txs=1952948218 mgas=142975691 bps=37.95 tps=5835 mgps=572.4 avgBps=80.84 avgTps=9194 avgMGps=673.1 elapsed=2d11h3s
Aug 29 05:52:15 nimbus-eth1-mainnet-long-benchmark[4120996]: INF 2026-08-29 05:52:15.450+00:00 Imported blocks                            blockNumber=17178625 slot=6356141 blocks=17178624 txs=1954250499 mgas=143099205 bps=39.31 tps=6249 mgps=592.7 avgBps=80.80 avgTps=9191 avgMGps=673.1 elapsed=2d11h3m
Aug 29 05:55:46 nimbus-eth1-mainnet-long-benchmark[4120996]: INF 2026-08-29 05:55:46.090+00:00 Imported blocks                            blockNumber=17186817 slot=6364447 blocks=17186816 txs=1955518721 mgas=143222883 bps=38.89 tps=6020 mgps=587.1 avgBps=80.76 avgTps=9188 avgMGps=673.0 elapsed=2d11h7m
Aug 29 05:59:04 nimbus-eth1-mainnet-long-benchmark[4120996]: INF 2026-08-29 05:59:04.959+00:00 Imported blocks                            blockNumber=17195009 slot=6372722 blocks=17195008 txs=1956852793 mgas=143346470 bps=41.19 tps=6708 mgps=621.4 avgBps=80.72 avgTps=9186 avgMGps=672.9 elapsed=2d11h10m
Aug 29 06:02:11 nimbus-eth1-mainnet-long-benchmark[4120996]: INF 2026-08-29 06:02:11.832+00:00 Imported blocks                            blockNumber=17203201 slot=6381005 blocks=17203200 txs=1958228458 mgas=143469796 bps=43.84 tps=7361 mgps=659.9 avgBps=80.69 avgTps=9184 avgMGps=672.9 elapsed=2d11h13m
Aug 29 06:05:26 nimbus-eth1-mainnet-long-benchmark[4120996]: INF 2026-08-29 06:05:26.737+00:00 Imported blocks                            blockNumber=17211393 slot=6389309 blocks=17211392 txs=1959497817 mgas=143593285 bps=42.03 tps=6512 mgps=633.6 avgBps=80.65 avgTps=9182 avgMGps=672.9 elapsed=2d11h16m
Aug 29 06:08:48 nimbus-eth1-mainnet-long-benchmark[4120996]: INF 2026-08-29 06:08:48.670+00:00 Imported blocks                            blockNumber=17219585 slot=6397595 blocks=17219584 txs=1960813962 mgas=143716683 bps=40.57 tps=6517 mgps=611.1 avgBps=80.61 avgTps=9179 avgMGps=672.8 elapsed=2d11h20m
Aug 29 06:12:15 nimbus-eth1-mainnet-long-benchmark[4120996]: INF 2026-08-29 06:12:15.550+00:00 Imported blocks                            blockNumber=17227777 slot=6405886 blocks=17227776 txs=1962095564 mgas=143840209 bps=39.60 tps=6194 mgps=597.1 avgBps=80.57 avgTps=9176 avgMGps=672.7 elapsed=2d11h23m
Aug 29 06:15:52 nimbus-eth1-mainnet-long-benchmark[4120996]: INF 2026-08-29 06:15:52.775+00:00 Imported blocks                            blockNumber=17235969 slot=6414187 blocks=17235968 txs=1963351944 mgas=143963795 bps=37.71 tps=5783 mgps=568.9 avgBps=80.53 avgTps=9173 avgMGps=672.6 elapsed=2d11h27m
Aug 29 06:19:25 nimbus-eth1-mainnet-long-benchmark[4120996]: INF 2026-08-29 06:19:25.479+00:00 Imported blocks                            blockNumber=17244161 slot=6422571 blocks=17244160 txs=1964617603 mgas=144087368 bps=38.51 tps=5950 mgps=581.0 avgBps=80.49 avgTps=9170 avgMGps=672.5 elapsed=2d11h30m
Aug 29 06:23:16 nimbus-eth1-mainnet-long-benchmark[4120996]: INF 2026-08-29 06:23:16.968+00:00 Imported blocks                            blockNumber=17252353 slot=6431060 blocks=17252352 txs=1965845362 mgas=144211039 bps=35.39 tps=5303 mgps=534.3 avgBps=80.44 avgTps=9165 avgMGps=672.4 elapsed=2d11h34m
Aug 29 06:27:41 nimbus-eth1-mainnet-long-benchmark[4120996]: INF 2026-08-29 06:27:41.419+00:00 Imported blocks                            blockNumber=17260545 slot=6439423 blocks=17260544 txs=1966989223 mgas=144335015 bps=30.98 tps=4325 mgps=468.8 avgBps=80.38 avgTps=9159 avgMGps=672.1 elapsed=2d11h38m
Aug 29 06:31:46 nimbus-eth1-mainnet-long-benchmark[4120996]: INF 2026-08-29 06:31:46.543+00:00 Imported blocks                            blockNumber=17268737 slot=6447756 blocks=17268736 txs=1968237199 mgas=144458705 bps=33.42 tps=5091 mgps=504.6 avgBps=80.33 avgTps=9155 avgMGps=672.0 elapsed=2d11h43m
Aug 29 06:35:48 nimbus-eth1-mainnet-long-benchmark[4120996]: INF 2026-08-29 06:35:48.019+00:00 Imported blocks                            blockNumber=17276929 slot=6456078 blocks=17276928 txs=1969463053 mgas=144582404 bps=33.92 tps=5076 mgps=512.3 avgBps=80.27 avgTps=9150 avgMGps=671.8 elapsed=2d11h47m
Aug 29 06:40:24 nimbus-eth1-mainnet-long-benchmark[4120996]: INF 2026-08-29 06:40:24.711+00:00 Imported blocks                            blockNumber=17285121 slot=6464411 blocks=17285120 txs=1970663127 mgas=144706091 bps=29.61 tps=4337 mgps=447.0 avgBps=80.21 avgTps=9144 avgMGps=671.5 elapsed=2d11h51m
Aug 29 06:44:24 nimbus-eth1-mainnet-long-benchmark[4120996]: INF 2026-08-29 06:44:24.463+00:00 Imported blocks                            blockNumber=17293313 slot=6472712 blocks=17293312 txs=1971898713 mgas=144829702 bps=34.17 tps=5153 mgps=515.6 avgBps=80.16 avgTps=9140 avgMGps=671.3 elapsed=2d11h55m
Aug 29 06:48:27 nimbus-eth1-mainnet-long-benchmark[4120996]: INF 2026-08-29 06:48:27.567+00:00 Imported blocks                            blockNumber=17301505 slot=6481018 blocks=17301504 txs=1973143438 mgas=144953512 bps=33.70 tps=5120 mgps=509.3 avgBps=80.11 avgTps=9135 avgMGps=671.1 elapsed=2d11h59m
Aug 29 06:52:46 nimbus-eth1-mainnet-long-benchmark[4120996]: INF 2026-08-29 06:52:46.255+00:00 Imported blocks                            blockNumber=17309697 slot=6489326 blocks=17309696 txs=1974320197 mgas=145077461 bps=31.67 tps=4548 mgps=479.1 avgBps=80.05 avgTps=9130 avgMGps=670.9 elapsed=2d12h4m
Aug 29 06:56:56 nimbus-eth1-mainnet-long-benchmark[4120996]: INF 2026-08-29 06:56:56.043+00:00 Imported blocks                            blockNumber=17317889 slot=6497627 blocks=17317888 txs=1975544233 mgas=145200997 bps=32.80 tps=4900 mgps=494.6 avgBps=79.99 avgTps=9125 avgMGps=670.7 elapsed=2d12h8m
Aug 29 07:00:41 nimbus-eth1-mainnet-long-benchmark[4120996]: INF 2026-08-29 07:00:41.187+00:00 Imported blocks                            blockNumber=17326081 slot=6505936 blocks=17326080 txs=1976815718 mgas=145324563 bps=36.39 tps=5647 mgps=548.8 avgBps=79.95 avgTps=9121 avgMGps=670.6 elapsed=2d12h11m
Aug 29 07:04:47 nimbus-eth1-mainnet-long-benchmark[4120996]: INF 2026-08-29 07:04:47.063+00:00 Imported blocks                            blockNumber=17334273 slot=6514227 blocks=17334272 txs=1978029482 mgas=145448174 bps=33.32 tps=4936 mgps=502.7 avgBps=79.89 avgTps=9116 avgMGps=670.4 elapsed=2d12h16m
Aug 29 07:08:46 nimbus-eth1-mainnet-long-benchmark[4120996]: INF 2026-08-29 07:08:46.520+00:00 Imported blocks                            blockNumber=17342465 slot=6522521 blocks=17342464 txs=1979249515 mgas=145571734 bps=34.21 tps=5094 mgps=516.0 avgBps=79.84 avgTps=9112 avgMGps=670.2 elapsed=2d12h20m
Aug 29 07:13:15 nimbus-eth1-mainnet-long-benchmark[4120996]: INF 2026-08-29 07:13:15.627+00:00 Imported blocks                            blockNumber=17350657 slot=6530810 blocks=17350656 txs=1980440407 mgas=145695440 bps=30.44 tps=4425 mgps=459.7 avgBps=79.78 avgTps=9106 avgMGps=670.0 elapsed=2d12h24m
Aug 29 07:17:37 nimbus-eth1-mainnet-long-benchmark[4120996]: INF 2026-08-29 07:17:37.399+00:00 Imported blocks                            blockNumber=17358849 slot=6539086 blocks=17358848 txs=1981537589 mgas=145819418 bps=31.29 tps=4191 mgps=473.6 avgBps=79.73 avgTps=9100 avgMGps=669.7 elapsed=2d12h28m
Aug 29 07:21:32 nimbus-eth1-mainnet-long-benchmark[4120996]: INF 2026-08-29 07:21:32.947+00:00 Imported blocks                            blockNumber=17367041 slot=6547367 blocks=17367040 txs=1982770194 mgas=145942944 bps=34.78 tps=5232 mgps=524.4 avgBps=79.68 avgTps=9096 avgMGps=669.6 elapsed=2d12h32m
Aug 29 07:25:22 nimbus-eth1-mainnet-long-benchmark[4120996]: INF 2026-08-29 07:25:22.739+00:00 Imported blocks                            blockNumber=17375233 slot=6555668 blocks=17375232 txs=1984125641 mgas=146066496 bps=35.65 tps=5898 mgps=537.7 avgBps=79.63 avgTps=9093 avgMGps=669.4 elapsed=2d12h36m
Aug 29 07:29:28 nimbus-eth1-mainnet-long-benchmark[4120996]: INF 2026-08-29 07:29:28.275+00:00 Imported blocks                            blockNumber=17383425 slot=6563975 blocks=17383424 txs=1985382005 mgas=146190166 bps=33.36 tps=5116 mgps=503.7 avgBps=79.58 avgTps=9088 avgMGps=669.2 elapsed=2d12h40m
Aug 29 07:33:29 nimbus-eth1-mainnet-long-benchmark[4120996]: INF 2026-08-29 07:33:29.612+00:00 Imported blocks                            blockNumber=17391617 slot=6572280 blocks=17391616 txs=1986609346 mgas=146313767 bps=33.94 tps=5085 mgps=512.2 avgBps=79.53 avgTps=9084 avgMGps=669.1 elapsed=2d12h44m
Aug 29 07:37:48 nimbus-eth1-mainnet-long-benchmark[4120996]: INF 2026-08-29 07:37:48.303+00:00 Imported blocks                            blockNumber=17399809 slot=6580587 blocks=17399808 txs=1987855824 mgas=146437565 bps=31.67 tps=4818 mgps=478.6 avgBps=79.47 avgTps=9079 avgMGps=668.8 elapsed=2d12h49m
Aug 29 07:42:19 nimbus-eth1-mainnet-long-benchmark[4120996]: INF 2026-08-29 07:42:19.531+00:00 Imported blocks                            blockNumber=17408001 slot=6588914 blocks=17408000 txs=1988978824 mgas=146561610 bps=30.20 tps=4140 mgps=457.3 avgBps=79.41 avgTps=9073 avgMGps=668.6 elapsed=2d12h53m
Aug 29 07:46:50 nimbus-eth1-mainnet-long-benchmark[4120996]: INF 2026-08-29 07:46:50.595+00:00 Imported blocks                            blockNumber=17416193 slot=6597245 blocks=17416192 txs=1990248730 mgas=146685353 bps=30.22 tps=4684 mgps=456.5 avgBps=79.35 avgTps=9067 avgMGps=668.3 elapsed=2d12h58m
Aug 29 07:51:13 nimbus-eth1-mainnet-long-benchmark[4120996]: INF 2026-08-29 07:51:13.210+00:00 Imported blocks                            blockNumber=17424385 slot=6605563 blocks=17424384 txs=1991539079 mgas=146808925 bps=31.19 tps=4913 mgps=470.5 avgBps=79.29 avgTps=9062 avgMGps=668.1 elapsed=2d13h2m
Aug 29 07:55:34 nimbus-eth1-mainnet-long-benchmark[4120996]: INF 2026-08-29 07:55:34.970+00:00 Imported blocks                            blockNumber=17432577 slot=6613884 blocks=17432576 txs=1992754693 mgas=146932902 bps=31.30 tps=4643 mgps=473.6 avgBps=79.23 avgTps=9057 avgMGps=667.8 elapsed=2d13h6m
Aug 29 07:59:41 nimbus-eth1-mainnet-long-benchmark[4120996]: INF 2026-08-29 07:59:41.710+00:00 Imported blocks                            blockNumber=17440769 slot=6622203 blocks=17440768 txs=1993896800 mgas=147057019 bps=33.20 tps=4628 mgps=503.0 avgBps=79.18 avgTps=9052 avgMGps=667.7 elapsed=2d13h10m
Aug 29 08:04:14 nimbus-eth1-mainnet-long-benchmark[4120996]: INF 2026-08-29 08:04:14.182+00:00 Imported blocks                            blockNumber=17448961 slot=6630518 blocks=17448960 txs=1995215020 mgas=147180854 bps=30.07 tps=4837 mgps=454.5 avgBps=79.12 avgTps=9047 avgMGps=667.4 elapsed=2d13h15m
Aug 29 08:08:50 nimbus-eth1-mainnet-long-benchmark[4120996]: INF 2026-08-29 08:08:50.537+00:00 Imported blocks                            blockNumber=17457153 slot=6638828 blocks=17457152 txs=1996586147 mgas=147305221 bps=29.64 tps=4961 mgps=450.0 avgBps=79.06 avgTps=9042 avgMGps=667.1 elapsed=2d13h20m
Aug 29 08:13:46 nimbus-eth1-mainnet-long-benchmark[4120996]: INF 2026-08-29 08:13:46.116+00:00 Imported blocks                            blockNumber=17465345 slot=6647132 blocks=17465344 txs=1997725387 mgas=147429506 bps=27.72 tps=3854 mgps=420.5 avgBps=78.99 avgTps=9035 avgMGps=666.8 elapsed=2d13h25m
Aug 29 08:18:17 nimbus-eth1-mainnet-long-benchmark[4120996]: INF 2026-08-29 08:18:17.012+00:00 Imported blocks                            blockNumber=17473537 slot=6655432 blocks=17473536 txs=1998843886 mgas=147553542 bps=30.24 tps=4128 mgps=457.9 avgBps=78.93 avgTps=9029 avgMGps=666.5 elapsed=2d13h29m
Aug 29 08:22:38 nimbus-eth1-mainnet-long-benchmark[4120996]: INF 2026-08-29 08:22:38.916+00:00 Imported blocks                            blockNumber=17481729 slot=6663738 blocks=17481728 txs=2000011122 mgas=147677516 bps=31.28 tps=4456 mgps=473.4 avgBps=78.88 avgTps=9023 avgMGps=666.3 elapsed=2d13h33m
Aug 29 08:27:07 nimbus-eth1-mainnet-long-benchmark[4120996]: INF 2026-08-29 08:27:07.583+00:00 Imported blocks                            blockNumber=17489921 slot=6672036 blocks=17489920 txs=2001280327 mgas=147801230 bps=30.49 tps=4724 mgps=460.5 avgBps=78.82 avgTps=9018 avgMGps=666.1 elapsed=2d13h38m
Aug 29 08:31:33 nimbus-eth1-mainnet-long-benchmark[4120996]: INF 2026-08-29 08:31:33.827+00:00 Imported blocks                            blockNumber=17498113 slot=6680314 blocks=17498112 txs=2002558556 mgas=147925012 bps=30.77 tps=4800 mgps=464.9 avgBps=78.76 avgTps=9013 avgMGps=665.8 elapsed=2d13h42m
Aug 29 08:36:02 nimbus-eth1-mainnet-long-benchmark[4120996]: INF 2026-08-29 08:36:02.371+00:00 Imported blocks                            blockNumber=17506305 slot=6688575 blocks=17506304 txs=2003656377 mgas=148049431 bps=30.51 tps=4088 mgps=463.3 avgBps=78.70 avgTps=9007 avgMGps=665.6 elapsed=2d13h47m
Aug 29 08:40:26 nimbus-eth1-mainnet-long-benchmark[4120996]: INF 2026-08-29 08:40:26.543+00:00 Imported blocks                            blockNumber=17514497 slot=6696852 blocks=17514496 txs=2004857046 mgas=148173772 bps=31.01 tps=4545 mgps=470.7 avgBps=78.65 avgTps=9002 avgMGps=665.3 elapsed=2d13h51m
Aug 29 08:44:31 nimbus-eth1-mainnet-long-benchmark[4120996]: INF 2026-08-29 08:44:31.143+00:00 Imported blocks                            blockNumber=17522689 slot=6705139 blocks=17522688 txs=2006101178 mgas=148297741 bps=33.49 tps=5086 mgps=506.8 avgBps=78.60 avgTps=8998 avgMGps=665.2 elapsed=2d13h55m
Aug 29 08:49:08 nimbus-eth1-mainnet-long-benchmark[4120996]: INF 2026-08-29 08:49:08.358+00:00 Imported blocks                            blockNumber=17530881 slot=6713412 blocks=17530880 txs=2007355876 mgas=148421543 bps=29.55 tps=4526 mgps=446.6 avgBps=78.53 avgTps=8992 avgMGps=664.9 elapsed=2d14h24s
Aug 29 08:53:21 nimbus-eth1-mainnet-long-benchmark[4120996]: INF 2026-08-29 08:53:21.070+00:00 Imported blocks                            blockNumber=17539073 slot=6721698 blocks=17539072 txs=2008558131 mgas=148545319 bps=32.42 tps=4757 mgps=489.8 avgBps=78.48 avgTps=8987 avgMGps=664.7 elapsed=2d14h4m
Aug 29 08:57:44 nimbus-eth1-mainnet-long-benchmark[4120996]: INF 2026-08-29 08:57:44.402+00:00 Imported blocks                            blockNumber=17547265 slot=6729991 blocks=17547264 txs=2009742017 mgas=148669427 bps=31.11 tps=4495 mgps=471.3 avgBps=78.43 avgTps=8982 avgMGps=664.5 elapsed=2d14h9m
Aug 29 09:02:21 nimbus-eth1-mainnet-long-benchmark[4120996]: INF 2026-08-29 09:02:21.213+00:00 Imported blocks                            blockNumber=17555457 slot=6738288 blocks=17555456 txs=2010884214 mgas=148793843 bps=29.59 tps=4126 mgps=449.5 avgBps=78.37 avgTps=8976 avgMGps=664.2 elapsed=2d14h13m
Aug 29 09:07:06 nimbus-eth1-mainnet-long-benchmark[4120996]: INF 2026-08-29 09:07:06.521+00:00 Imported blocks                            blockNumber=17563649 slot=6746591 blocks=17563648 txs=2011978876 mgas=148918234 bps=28.71 tps=3836 mgps=436.0 avgBps=78.30 avgTps=8969 avgMGps=663.9 elapsed=2d14h18m
Aug 29 09:11:42 nimbus-eth1-mainnet-long-benchmark[4120996]: INF 2026-08-29 09:11:42.484+00:00 Imported blocks                            blockNumber=17571841 slot=6754910 blocks=17571840 txs=2013222471 mgas=149042246 bps=29.69 tps=4506 mgps=449.4 avgBps=78.24 avgTps=8964 avgMGps=663.7 elapsed=2d14h22m
Aug 29 09:16:02 nimbus-eth1-mainnet-long-benchmark[4120996]: INF 2026-08-29 09:16:02.004+00:00 Imported blocks                            blockNumber=17580033 slot=6763173 blocks=17580032 txs=2014468609 mgas=149165903 bps=31.57 tps=4801 mgps=476.5 avgBps=78.19 avgTps=8959 avgMGps=663.4 elapsed=2d14h27m
Aug 29 09:20:14 nimbus-eth1-mainnet-long-benchmark[4120996]: INF 2026-08-29 09:20:14.624+00:00 Imported blocks                            blockNumber=17588225 slot=6771437 blocks=17588224 txs=2015689382 mgas=149289503 bps=32.43 tps=4832 mgps=489.3 avgBps=78.14 avgTps=8954 avgMGps=663.2 elapsed=2d14h31m
Aug 29 09:24:18 nimbus-eth1-mainnet-long-benchmark[4120996]: INF 2026-08-29 09:24:18.316+00:00 Imported blocks                            blockNumber=17596417 slot=6779714 blocks=17596416 txs=2016974577 mgas=149413093 bps=33.62 tps=5273 mgps=507.2 avgBps=78.09 avgTps=8951 avgMGps=663.1 elapsed=2d14h35m
Aug 29 09:28:51 nimbus-eth1-mainnet-long-benchmark[4120996]: INF 2026-08-29 09:28:51.684+00:00 Imported blocks                            blockNumber=17604609 slot=6788002 blocks=17604608 txs=2018102021 mgas=149537055 bps=29.97 tps=4124 mgps=453.5 avgBps=78.03 avgTps=8945 avgMGps=662.8 elapsed=2d14h40m
Aug 29 09:33:32 nimbus-eth1-mainnet-long-benchmark[4120996]: INF 2026-08-29 09:33:32.307+00:00 Imported blocks                            blockNumber=17612801 slot=6796294 blocks=17612800 txs=2019210852 mgas=149661106 bps=29.19 tps=3951 mgps=442.1 avgBps=77.97 avgTps=8938 avgMGps=662.5 elapsed=2d14h44m
Aug 29 09:38:15 nimbus-eth1-mainnet-long-benchmark[4120996]: INF 2026-08-29 09:38:15.654+00:00 Imported blocks                            blockNumber=17620993 slot=6804576 blocks=17620992 txs=2020429344 mgas=149784883 bps=28.91 tps=4300 mgps=436.8 avgBps=77.91 avgTps=8933 avgMGps=662.3 elapsed=2d14h49m
Aug 29 09:41:37 nimbus-eth1-mainnet-long-benchmark[4120996]: INF 2026-08-29 09:41:37.423+00:00 Imported blocks                            blockNumber=17629185 slot=6812859 blocks=17629184 txs=2021323822 mgas=149910200 bps=40.60 tps=4433 mgps=621.1 avgBps=77.88 avgTps=8929 avgMGps=662.2 elapsed=2d14h52m
Aug 29 09:45:01 nimbus-eth1-mainnet-long-benchmark[4120996]: INF 2026-08-29 09:45:01.296+00:00 Imported blocks                            blockNumber=17637377 slot=6821141 blocks=17637376 txs=2022333406 mgas=150034720 bps=40.18 tps=4951 mgps=610.8 avgBps=77.84 avgTps=8925 avgMGps=662.2 elapsed=2d14h56m
Aug 29 09:49:19 nimbus-eth1-mainnet-long-benchmark[4120996]: INF 2026-08-29 09:49:19.272+00:00 Imported blocks                            blockNumber=17645569 slot=6829423 blocks=17645568 txs=2023522010 mgas=150158260 bps=31.75 tps=4607 mgps=478.9 avgBps=77.79 avgTps=8920 avgMGps=662.0 elapsed=2d15h35s
Aug 29 09:53:46 nimbus-eth1-mainnet-long-benchmark[4120996]: INF 2026-08-29 09:53:45.995+00:00 Imported blocks                            blockNumber=17653761 slot=6837721 blocks=17653760 txs=2024667582 mgas=150281996 bps=30.71 tps=4294 mgps=463.9 avgBps=77.73 avgTps=8915 avgMGps=661.7 elapsed=2d15h5m
Aug 29 09:58:20 nimbus-eth1-mainnet-long-benchmark[4120996]: INF 2026-08-29 09:58:20.423+00:00 Imported blocks                            blockNumber=17661953 slot=6846009 blocks=17661952 txs=2025789340 mgas=150405819 bps=29.85 tps=4087 mgps=451.2 avgBps=77.68 avgTps=8909 avgMGps=661.5 elapsed=2d15h9m
Aug 29 10:02:56 nimbus-eth1-mainnet-long-benchmark[4120996]: INF 2026-08-29 10:02:56.274+00:00 Imported blocks                            blockNumber=17670145 slot=6854313 blocks=17670144 txs=2027045692 mgas=150529499 bps=29.70 tps=4554 mgps=448.4 avgBps=77.62 avgTps=8904 avgMGps=661.2 elapsed=2d15h14m
Aug 29 10:07:40 nimbus-eth1-mainnet-long-benchmark[4120996]: INF 2026-08-29 10:07:40.118+00:00 Imported blocks                            blockNumber=17678337 slot=6862607 blocks=17678336 txs=2028270682 mgas=150653316 bps=28.86 tps=4315 mgps=436.2 avgBps=77.56 avgTps=8898 avgMGps=660.9 elapsed=2d15h18m
Aug 29 10:11:58 nimbus-eth1-mainnet-long-benchmark[4120996]: INF 2026-08-29 10:11:58.718+00:00 Imported blocks                            blockNumber=17686529 slot=6870912 blocks=17686528 txs=2029535396 mgas=150776970 bps=31.68 tps=4890 mgps=478.2 avgBps=77.51 avgTps=8893 avgMGps=660.7 elapsed=2d15h23m
Aug 29 10:16:50 nimbus-eth1-mainnet-long-benchmark[4120996]: INF 2026-08-29 10:16:50.685+00:00 Imported blocks                            blockNumber=17694721 slot=6879202 blocks=17694720 txs=2030823061 mgas=150900379 bps=28.06 tps=4410 mgps=422.7 avgBps=77.44 avgTps=8888 avgMGps=660.4 elapsed=2d15h28m
Aug 29 10:21:38 nimbus-eth1-mainnet-long-benchmark[4120996]: INF 2026-08-29 10:21:38.480+00:00 Imported blocks                            blockNumber=17702913 slot=6887554 blocks=17702912 txs=2031921273 mgas=151024371 bps=28.46 tps=3815 mgps=430.8 avgBps=77.38 avgTps=8881 avgMGps=660.1 elapsed=2d15h32m
Aug 29 10:26:42 nimbus-eth1-mainnet-long-benchmark[4120996]: INF 2026-08-29 10:26:42.899+00:00 Imported blocks                            blockNumber=17711105 slot=6895845 blocks=17711104 txs=2033029531 mgas=151148159 bps=26.91 tps=3640 mgps=406.6 avgBps=77.31 avgTps=8874 avgMGps=659.8 elapsed=2d15h37m
Aug 29 10:31:29 nimbus-eth1-mainnet-long-benchmark[4120996]: INF 2026-08-29 10:31:29.551+00:00 Imported blocks                            blockNumber=17719297 slot=6904113 blocks=17719296 txs=2034262383 mgas=151271852 bps=28.58 tps=4300 mgps=431.5 avgBps=77.25 avgTps=8869 avgMGps=659.5 elapsed=2d15h42m
Aug 29 10:35:38 nimbus-eth1-mainnet-long-benchmark[4120996]: INF 2026-08-29 10:35:38.675+00:00 Imported blocks                            blockNumber=17727489 slot=6912402 blocks=17727488 txs=2035598343 mgas=151395325 bps=32.88 tps=5362 mgps=495.6 avgBps=77.21 avgTps=8865 avgMGps=659.3 elapsed=2d15h46m
Aug 29 10:40:12 nimbus-eth1-mainnet-long-benchmark[4120996]: INF 2026-08-29 10:40:12.094+00:00 Imported blocks                            blockNumber=17735681 slot=6920655 blocks=17735680 txs=2036811500 mgas=151518904 bps=29.96 tps=4436 mgps=452.0 avgBps=77.15 avgTps=8859 avgMGps=659.1 elapsed=2d15h51m
Aug 29 10:44:41 nimbus-eth1-mainnet-long-benchmark[4120996]: INF 2026-08-29 10:44:41.634+00:00 Imported blocks                            blockNumber=17743873 slot=6928910 blocks=17743872 txs=2038089073 mgas=151642498 bps=30.39 tps=4739 mgps=458.5 avgBps=77.09 avgTps=8855 avgMGps=658.9 elapsed=2d15h55m
Aug 29 10:49:08 nimbus-eth1-mainnet-long-benchmark[4120996]: INF 2026-08-29 10:49:08.846+00:00 Imported blocks                            blockNumber=17752065 slot=6937162 blocks=17752064 txs=2039243929 mgas=151765938 bps=30.66 tps=4321 mgps=461.9 avgBps=77.04 avgTps=8849 avgMGps=658.6 elapsed=2d16h25s
Aug 29 10:54:14 nimbus-eth1-mainnet-long-benchmark[4120996]: INF 2026-08-29 10:54:14.337+00:00 Imported blocks                            blockNumber=17760257 slot=6945412 blocks=17760256 txs=2040366899 mgas=151889663 bps=26.82 tps=3675 mgps=405.0 avgBps=76.97 avgTps=8843 avgMGps=658.3 elapsed=2d16h5m
Aug 29 10:59:15 nimbus-eth1-mainnet-long-benchmark[4120996]: INF 2026-08-29 10:59:15.656+00:00 Imported blocks                            blockNumber=17768449 slot=6953662 blocks=17768448 txs=2041533617 mgas=152013251 bps=27.19 tps=3872 mgps=410.2 avgBps=76.91 avgTps=8836 avgMGps=658.0 elapsed=2d16h10m
Aug 29 11:04:44 nimbus-eth1-mainnet-long-benchmark[4120996]: INF 2026-08-29 11:04:44.130+00:00 Imported blocks                            blockNumber=17776641 slot=6961925 blocks=17776640 txs=2042703023 mgas=152136905 bps=24.94 tps=3560 mgps=376.5 avgBps=76.84 avgTps=8829 avgMGps=657.6 elapsed=2d16h16m
Aug 29 11:10:28 nimbus-eth1-mainnet-long-benchmark[4120996]: INF 2026-08-29 11:10:28.413+00:00 Imported blocks                            blockNumber=17784833 slot=6970175 blocks=17784832 txs=2043855306 mgas=152260510 bps=23.79 tps=3346 mgps=359.0 avgBps=76.76 avgTps=8820 avgMGps=657.1 elapsed=2d16h21m
Aug 29 11:15:05 nimbus-eth1-mainnet-long-benchmark[4120996]: INF 2026-08-29 11:15:05.072+00:00 Imported blocks                            blockNumber=17793025 slot=6978424 blocks=17793024 txs=2045025916 mgas=152384111 bps=29.61 tps=4231 mgps=446.8 avgBps=76.70 avgTps=8815 avgMGps=656.9 elapsed=2d16h26m
Aug 29 11:20:29 nimbus-eth1-mainnet-long-benchmark[4120996]: INF 2026-08-29 11:20:29.475+00:00 Imported blocks                            blockNumber=17801217 slot=6986678 blocks=17801216 txs=2046155994 mgas=152507660 bps=25.25 tps=3483 mgps=380.8 avgBps=76.63 avgTps=8808 avgMGps=656.5 elapsed=2d16h31m
Aug 29 11:27:32 nimbus-eth1-mainnet-long-benchmark[4120996]: INF 2026-08-29 11:27:32.324+00:00 Imported blocks                            blockNumber=17809409 slot=6994934 blocks=17809408 txs=2047286409 mgas=152631387 bps=19.37 tps=2673 mgps=292.6 avgBps=76.52 avgTps=8796 avgMGps=655.8 elapsed=2d16h38m
Aug 29 11:33:00 nimbus-eth1-mainnet-long-benchmark[4120996]: INF 2026-08-29 11:33:00.879+00:00 Imported blocks                            blockNumber=17817601 slot=7003174 blocks=17817600 txs=2048477603 mgas=152755081 bps=24.93 tps=3625 mgps=376.5 avgBps=76.45 avgTps=8789 avgMGps=655.4 elapsed=2d16h44m
Aug 29 11:38:15 nimbus-eth1-mainnet-long-benchmark[4120996]: INF 2026-08-29 11:38:15.166+00:00 Imported blocks                            blockNumber=17825793 slot=7011410 blocks=17825792 txs=2049697138 mgas=152878639 bps=26.07 tps=3880 mgps=393.1 avgBps=76.38 avgTps=8782 avgMGps=655.1 elapsed=2d16h49m
Aug 29 11:43:13 nimbus-eth1-mainnet-long-benchmark[4120996]: INF 2026-08-29 11:43:13.549+00:00 Imported blocks                            blockNumber=17833985 slot=7019652 blocks=17833984 txs=2050902056 mgas=153002214 bps=27.45 tps=4038 mgps=414.1 avgBps=76.32 avgTps=8776 avgMGps=654.8 elapsed=2d16h54m
Aug 29 11:48:05 nimbus-eth1-mainnet-long-benchmark[4120996]: INF 2026-08-29 11:48:05.328+00:00 Imported blocks                            blockNumber=17842177 slot=7027902 blocks=17842176 txs=2052138376 mgas=153125904 bps=28.08 tps=4237 mgps=423.9 avgBps=76.26 avgTps=8771 avgMGps=654.5 elapsed=2d16h59m
Aug 29 11:52:56 nimbus-eth1-mainnet-long-benchmark[4120996]: INF 2026-08-29 11:52:56.844+00:00 Imported blocks                            blockNumber=17850369 slot=7036151 blocks=17850368 txs=2053403722 mgas=153249462 bps=28.10 tps=4340 mgps=423.9 avgBps=76.20 avgTps=8765 avgMGps=654.2 elapsed=2d17h4m
Aug 29 11:58:14 nimbus-eth1-mainnet-long-benchmark[4120996]: INF 2026-08-29 11:58:14.766+00:00 Imported blocks                            blockNumber=17858561 slot=7044407 blocks=17858560 txs=2054561218 mgas=153373392 bps=25.77 tps=3640 mgps=389.8 avgBps=76.13 avgTps=8758 avgMGps=653.8 elapsed=2d17h9m
Aug 29 12:03:01 nimbus-eth1-mainnet-long-benchmark[4120996]: INF 2026-08-29 12:03:01.958+00:00 Imported blocks                            blockNumber=17866753 slot=7052664 blocks=17866752 txs=2055745169 mgas=153497051 bps=28.52 tps=4122 mgps=430.6 avgBps=76.07 avgTps=8753 avgMGps=653.6 elapsed=2d17h14m
Aug 29 12:07:45 nimbus-eth1-mainnet-long-benchmark[4120996]: INF 2026-08-29 12:07:45.421+00:00 Imported blocks                            blockNumber=17874945 slot=7060922 blocks=17874944 txs=2057023576 mgas=153620694 bps=28.90 tps=4509 mgps=436.2 avgBps=76.02 avgTps=8748 avgMGps=653.3 elapsed=2d17h19m
Aug 29 12:12:22 nimbus-eth1-mainnet-long-benchmark[4120996]: INF 2026-08-29 12:12:22.349+00:00 Imported blocks                            blockNumber=17883137 slot=7069180 blocks=17883136 txs=2058222775 mgas=153744263 bps=29.58 tps=4330 mgps=446.2 avgBps=75.96 avgTps=8742 avgMGps=653.1 elapsed=2d17h23m
Aug 29 12:17:01 nimbus-eth1-mainnet-long-benchmark[4120996]: INF 2026-08-29 12:17:01.896+00:00 Imported blocks                            blockNumber=17891329 slot=7077424 blocks=17891328 txs=2059426823 mgas=153867834 bps=29.30 tps=4307 mgps=442.0 avgBps=75.91 avgTps=8737 avgMGps=652.8 elapsed=2d17h28m
Aug 29 12:21:39 nimbus-eth1-mainnet-long-benchmark[4120996]: INF 2026-08-29 12:21:39.812+00:00 Imported blocks                            blockNumber=17899521 slot=7085686 blocks=17899520 txs=2060576293 mgas=153991540 bps=29.48 tps=4136 mgps=445.1 avgBps=75.85 avgTps=8732 avgMGps=652.6 elapsed=2d17h32m
Aug 29 12:26:29 nimbus-eth1-mainnet-long-benchmark[4120996]: INF 2026-08-29 12:26:29.327+00:00 Imported blocks                            blockNumber=17907713 slot=7093924 blocks=17907712 txs=2061645723 mgas=154115478 bps=28.30 tps=3693 mgps=428.1 avgBps=75.79 avgTps=8725 avgMGps=652.3 elapsed=2d17h37m
Aug 29 12:31:19 nimbus-eth1-mainnet-long-benchmark[4120996]: INF 2026-08-29 12:31:19.682+00:00 Imported blocks                            blockNumber=17915905 slot=7102175 blocks=17915904 txs=2062791664 mgas=154239167 bps=28.21 tps=3946 mgps=426.0 avgBps=75.74 avgTps=8720 avgMGps=652.0 elapsed=2d17h42m
Aug 29 12:35:31 nimbus-eth1-mainnet-long-benchmark[4120996]: INF 2026-08-29 12:35:31.250+00:00 Imported blocks                            blockNumber=17924097 slot=7110423 blocks=17924096 txs=2063991310 mgas=154362682 bps=32.56 tps=4768 mgps=491.0 avgBps=75.69 avgTps=8715 avgMGps=651.8 elapsed=2d17h46m
Aug 29 12:40:06 nimbus-eth1-mainnet-long-benchmark[4120996]: INF 2026-08-29 12:40:06.806+00:00 Imported blocks                            blockNumber=17932289 slot=7118675 blocks=17932288 txs=2065212442 mgas=154486196 bps=29.73 tps=4431 mgps=448.2 avgBps=75.64 avgTps=8710 avgMGps=651.6 elapsed=2d17h51m
Aug 29 12:44:29 nimbus-eth1-mainnet-long-benchmark[4120996]: INF 2026-08-29 12:44:29.957+00:00 Imported blocks                            blockNumber=17940481 slot=7126933 blocks=17940480 txs=2066443515 mgas=154609755 bps=31.13 tps=4678 mgps=469.5 avgBps=75.59 avgTps=8706 avgMGps=651.4 elapsed=2d17h55m
Aug 29 12:49:17 nimbus-eth1-mainnet-long-benchmark[4120996]: INF 2026-08-29 12:49:17.793+00:00 Imported blocks                            blockNumber=17948673 slot=7135190 blocks=17948672 txs=2067692409 mgas=154733379 bps=28.46 tps=4338 mgps=429.5 avgBps=75.53 avgTps=8701 avgMGps=651.1 elapsed=2d18h34s
Aug 29 12:54:05 nimbus-eth1-mainnet-long-benchmark[4120996]: INF 2026-08-29 12:54:05.816+00:00 Imported blocks                            blockNumber=17956865 slot=7143454 blocks=17956864 txs=2068792056 mgas=154857268 bps=28.44 tps=3817 mgps=430.1 avgBps=75.47 avgTps=8695 avgMGps=650.9 elapsed=2d18h5m
Aug 29 12:58:54 nimbus-eth1-mainnet-long-benchmark[4120996]: INF 2026-08-29 12:58:54.819+00:00 Imported blocks                            blockNumber=17965057 slot=7151711 blocks=17965056 txs=2069949467 mgas=154980906 bps=28.35 tps=4004 mgps=427.8 avgBps=75.42 avgTps=8689 avgMGps=650.6 elapsed=2d18h10m
Aug 29 13:03:34 nimbus-eth1-mainnet-long-benchmark[4120996]: INF 2026-08-29 13:03:34.523+00:00 Imported blocks                            blockNumber=17973249 slot=7159953 blocks=17973248 txs=2071131106 mgas=155104484 bps=29.29 tps=4224 mgps=441.8 avgBps=75.36 avgTps=8684 avgMGps=650.4 elapsed=2d18h14m
Aug 29 13:08:11 nimbus-eth1-mainnet-long-benchmark[4120996]: INF 2026-08-29 13:08:11.866+00:00 Imported blocks                            blockNumber=17981441 slot=7168195 blocks=17981440 txs=2072319886 mgas=155227911 bps=29.54 tps=4286 mgps=445.0 avgBps=75.31 avgTps=8679 avgMGps=650.1 elapsed=2d18h19m
Aug 29 13:12:47 nimbus-eth1-mainnet-long-benchmark[4120996]: INF 2026-08-29 13:12:47.554+00:00 Imported blocks                            blockNumber=17989633 slot=7176448 blocks=17989632 txs=2073520122 mgas=155351502 bps=29.71 tps=4353 mgps=448.3 avgBps=75.26 avgTps=8674 avgMGps=649.9 elapsed=2d18h24m
Aug 29 13:17:27 nimbus-eth1-mainnet-long-benchmark[4120996]: INF 2026-08-29 13:17:27.781+00:00 Imported blocks                            blockNumber=17997825 slot=7184717 blocks=17997824 txs=2074697917 mgas=155475068 bps=29.23 tps=4202 mgps=440.9 avgBps=75.20 avgTps=8668 avgMGps=649.6 elapsed=2d18h28m
Aug 29 13:22:44 nimbus-eth1-mainnet-long-benchmark[4120996]: INF 2026-08-29 13:22:44.948+00:00 Imported blocks                            blockNumber=18006017 slot=7192955 blocks=18006016 txs=2075765432 mgas=155599048 bps=25.83 tps=3365 mgps=390.9 avgBps=75.14 avgTps=8661 avgMGps=649.3 elapsed=2d18h34m
Aug 29 13:27:36 nimbus-eth1-mainnet-long-benchmark[4120996]: INF 2026-08-29 13:27:36.719+00:00 Imported blocks                            blockNumber=18014209 slot=7201216 blocks=18014208 txs=2076875571 mgas=155722925 bps=28.08 tps=3804 mgps=424.6 avgBps=75.08 avgTps=8656 avgMGps=649.0 elapsed=2d18h38m
Aug 29 13:32:08 nimbus-eth1-mainnet-long-benchmark[4120996]: INF 2026-08-29 13:32:08.375+00:00 Imported blocks                            blockNumber=18022401 slot=7209486 blocks=18022400 txs=2078048954 mgas=155846484 bps=30.16 tps=4319 mgps=454.8 avgBps=75.03 avgTps=8651 avgMGps=648.8 elapsed=2d18h43m
Aug 29 13:36:58 nimbus-eth1-mainnet-long-benchmark[4120996]: INF 2026-08-29 13:36:58.942+00:00 Imported blocks                            blockNumber=18030593 slot=7217747 blocks=18030592 txs=2079226010 mgas=155969992 bps=28.19 tps=4050 mgps=425.1 avgBps=74.97 avgTps=8645 avgMGps=648.5 elapsed=2d18h48m
Aug 29 13:41:46 nimbus-eth1-mainnet-long-benchmark[4120996]: INF 2026-08-29 13:41:46.101+00:00 Imported blocks                            blockNumber=18038785 slot=7226002 blocks=18038784 txs=2080377713 mgas=156093560 bps=28.53 tps=4010 mgps=430.3 avgBps=74.92 avgTps=8640 avgMGps=648.3 elapsed=2d18h53m
Aug 29 13:46:48 nimbus-eth1-mainnet-long-benchmark[4120996]: INF 2026-08-29 13:46:48.433+00:00 Imported blocks                            blockNumber=18046977 slot=7234267 blocks=18046976 txs=2081507154 mgas=156217456 bps=27.10 tps=3735 mgps=409.8 avgBps=74.86 avgTps=8633 avgMGps=648.0 elapsed=2d18h58m
Aug 29 13:51:53 nimbus-eth1-mainnet-long-benchmark[4120996]: INF 2026-08-29 13:51:53.320+00:00 Imported blocks                            blockNumber=18055169 slot=7242532 blocks=18055168 txs=2082719208 mgas=156341506 bps=26.87 tps=3975 mgps=406.9 avgBps=74.80 avgTps=8628 avgMGps=647.7 elapsed=2d19h3m
Aug 29 13:56:55 nimbus-eth1-mainnet-long-benchmark[4120996]: INF 2026-08-29 13:56:55.703+00:00 Imported blocks                            blockNumber=18063361 slot=7250786 blocks=18063360 txs=2083859821 mgas=156465218 bps=27.09 tps=3772 mgps=409.1 avgBps=74.74 avgTps=8621 avgMGps=647.4 elapsed=2d19h8m
Aug 29 14:01:53 nimbus-eth1-mainnet-long-benchmark[4120996]: INF 2026-08-29 14:01:53.842+00:00 Imported blocks                            blockNumber=18071553 slot=7259026 blocks=18071552 txs=2084967028 mgas=156589216 bps=27.48 tps=3713 mgps=415.9 avgBps=74.68 avgTps=8615 avgMGps=647.1 elapsed=2d19h13m
Aug 29 14:06:55 nimbus-eth1-mainnet-long-benchmark[4120996]: INF 2026-08-29 14:06:55.953+00:00 Imported blocks                            blockNumber=18079745 slot=7267303 blocks=18079744 txs=2086196249 mgas=156712793 bps=27.12 tps=4068 mgps=409.0 avgBps=74.62 avgTps=8610 avgMGps=646.8 elapsed=2d19h18m
Aug 29 14:11:51 nimbus-eth1-mainnet-long-benchmark[4120996]: INF 2026-08-29 14:11:51.176+00:00 Imported blocks                            blockNumber=18087937 slot=7275548 blocks=18087936 txs=2087355068 mgas=156836450 bps=27.75 tps=3925 mgps=418.9 avgBps=74.56 avgTps=8604 avgMGps=646.5 elapsed=2d19h23m
Aug 29 14:16:46 nimbus-eth1-mainnet-long-benchmark[4120996]: INF 2026-08-29 14:16:46.803+00:00 Imported blocks                            blockNumber=18096129 slot=7283810 blocks=18096128 txs=2088495155 mgas=156960164 bps=27.71 tps=3856 mgps=418.5 avgBps=74.51 avgTps=8598 avgMGps=646.2 elapsed=2d19h28m
Aug 29 14:21:55 nimbus-eth1-mainnet-long-benchmark[4120996]: INF 2026-08-29 14:21:55.558+00:00 Imported blocks                            blockNumber=18104321 slot=7292076 blocks=18104320 txs=2089530747 mgas=157084229 bps=26.53 tps=3354 mgps=401.8 avgBps=74.44 avgTps=8592 avgMGps=645.9 elapsed=2d19h33m
Aug 29 14:27:04 nimbus-eth1-mainnet-long-benchmark[4120996]: INF 2026-08-29 14:27:04.053+00:00 Imported blocks                            blockNumber=18112513 slot=7300337 blocks=18112512 txs=2090599202 mgas=157208354 bps=26.55 tps=3463 mgps=402.4 avgBps=74.38 avgTps=8585 avgMGps=645.6 elapsed=2d19h38m
Aug 29 14:32:26 nimbus-eth1-mainnet-long-benchmark[4120996]: INF 2026-08-29 14:32:26.992+00:00 Imported blocks                            blockNumber=18120705 slot=7308598 blocks=18120704 txs=2091830760 mgas=157332137 bps=25.37 tps=3813 mgps=383.3 avgBps=74.32 avgTps=8579 avgMGps=645.3 elapsed=2d19h43m
Aug 29 14:37:49 nimbus-eth1-mainnet-long-benchmark[4120996]: INF 2026-08-29 14:37:49.811+00:00 Imported blocks                            blockNumber=18128897 slot=7316868 blocks=18128896 txs=2093635465 mgas=157455944 bps=25.38 tps=5590 mgps=383.5 avgBps=74.25 avgTps=8575 avgMGps=644.9 elapsed=2d19h49m
Aug 29 14:42:25 nimbus-eth1-mainnet-long-benchmark[4120996]: INF 2026-08-29 14:42:25.202+00:00 Imported blocks                            blockNumber=18137089 slot=7325152 blocks=18137088 txs=2094856245 mgas=157579700 bps=29.75 tps=4432 mgps=449.4 avgBps=74.20 avgTps=8570 avgMGps=644.7 elapsed=2d19h53m
Aug 29 14:47:24 nimbus-eth1-mainnet-long-benchmark[4120996]: INF 2026-08-29 14:47:24.409+00:00 Imported blocks                            blockNumber=18145281 slot=7333463 blocks=18145280 txs=2096023505 mgas=157703175 bps=27.38 tps=3901 mgps=412.7 avgBps=74.15 avgTps=8564 avgMGps=644.4 elapsed=2d19h58m
Aug 29 14:52:37 nimbus-eth1-mainnet-long-benchmark[4120996]: INF 2026-08-29 14:52:37.392+00:00 Imported blocks                            blockNumber=18153473 slot=7341807 blocks=18153472 txs=2097064348 mgas=157827253 bps=26.17 tps=3325 mgps=396.4 avgBps=74.09 avgTps=8558 avgMGps=644.1 elapsed=2d20h3m
Aug 29 14:57:53 nimbus-eth1-mainnet-long-benchmark[4120996]: INF 2026-08-29 14:57:53.807+00:00 Imported blocks                            blockNumber=18161665 slot=7350157 blocks=18161664 txs=2098109700 mgas=157951329 bps=25.89 tps=3303 mgps=392.1 avgBps=74.02 avgTps=8551 avgMGps=643.8 elapsed=2d20h9m
Aug 29 15:03:09 nimbus-eth1-mainnet-long-benchmark[4120996]: INF 2026-08-29 15:03:09.478+00:00 Imported blocks                            blockNumber=18169857 slot=7358440 blocks=18169856 txs=2099265398 mgas=158075134 bps=25.95 tps=3661 mgps=392.2 avgBps=73.96 avgTps=8545 avgMGps=643.5 elapsed=2d20h14m
Aug 29 15:08:07 nimbus-eth1-mainnet-long-benchmark[4120996]: INF 2026-08-29 15:08:07.357+00:00 Imported blocks                            blockNumber=18178049 slot=7366694 blocks=18178048 txs=2100433427 mgas=158198872 bps=27.50 tps=3921 mgps=415.4 avgBps=73.91 avgTps=8539 avgMGps=643.2 elapsed=2d20h19m
Aug 29 15:13:11 nimbus-eth1-mainnet-long-benchmark[4120996]: INF 2026-08-29 15:13:11.196+00:00 Imported blocks                            blockNumber=18186241 slot=7374947 blocks=18186240 txs=2101720457 mgas=158322717 bps=26.96 tps=4235 mgps=407.6 avgBps=73.85 avgTps=8534 avgMGps=642.9 elapsed=2d20h24m
Aug 29 15:18:20 nimbus-eth1-mainnet-long-benchmark[4120996]: INF 2026-08-29 15:18:20.927+00:00 Imported blocks                            blockNumber=18194433 slot=7383221 blocks=18194432 txs=2102847004 mgas=158446430 bps=26.45 tps=3637 mgps=399.4 avgBps=73.79 avgTps=8528 avgMGps=642.6 elapsed=2d20h29m
Aug 29 15:23:40 nimbus-eth1-mainnet-long-benchmark[4120996]: INF 2026-08-29 15:23:40.910+00:00 Imported blocks                            blockNumber=18202625 slot=7391475 blocks=18202624 txs=2103834429 mgas=158570965 bps=25.60 tps=3085 mgps=389.2 avgBps=73.73 avgTps=8521 avgMGps=642.3 elapsed=2d20h34m
Aug 29 15:29:00 nimbus-eth1-mainnet-long-benchmark[4120996]: INF 2026-08-29 15:29:00.077+00:00 Imported blocks                            blockNumber=18210817 slot=7399742 blocks=18210816 txs=2104846730 mgas=158695197 bps=25.67 tps=3171 mgps=389.2 avgBps=73.66 avgTps=8514 avgMGps=641.9 elapsed=2d20h40m
Aug 29 15:33:57 nimbus-eth1-mainnet-long-benchmark[4120996]: INF 2026-08-29 15:33:57.936+00:00 Imported blocks                            blockNumber=18219009 slot=7407987 blocks=18219008 txs=2106006905 mgas=158819194 bps=27.50 tps=3895 mgps=416.3 avgBps=73.61 avgTps=8508 avgMGps=641.7 elapsed=2d20h45m
Aug 29 15:39:00 nimbus-eth1-mainnet-long-benchmark[4120996]: INF 2026-08-29 15:39:00.899+00:00 Imported blocks                            blockNumber=18227201 slot=7416247 blocks=18227200 txs=2107241601 mgas=158942696 bps=27.04 tps=4075 mgps=407.6 avgBps=73.55 avgTps=8503 avgMGps=641.4 elapsed=2d20h50m
Aug 29 15:43:56 nimbus-eth1-mainnet-long-benchmark[4120996]: INF 2026-08-29 15:43:56.662+00:00 Imported blocks                            blockNumber=18235393 slot=7424510 blocks=18235392 txs=2108433909 mgas=159066547 bps=27.70 tps=4031 mgps=418.8 avgBps=73.50 avgTps=8497 avgMGps=641.1 elapsed=2d20h55m
Aug 29 15:49:07 nimbus-eth1-mainnet-long-benchmark[4120996]: INF 2026-08-29 15:49:07.197+00:00 Imported blocks                            blockNumber=18243585 slot=7432769 blocks=18243584 txs=2109614990 mgas=159190187 bps=26.38 tps=3803 mgps=398.2 avgBps=73.44 avgTps=8492 avgMGps=640.8 elapsed=2d21h23s
Aug 29 15:54:27 nimbus-eth1-mainnet-long-benchmark[4120996]: INF 2026-08-29 15:54:27.328+00:00 Imported blocks                            blockNumber=18251777 slot=7441011 blocks=18251776 txs=2110737320 mgas=159313978 bps=25.59 tps=3505 mgps=386.7 avgBps=73.38 avgTps=8485 avgMGps=640.5 elapsed=2d21h5m
Aug 29 15:59:45 nimbus-eth1-mainnet-long-benchmark[4120996]: INF 2026-08-29 15:59:45.103+00:00 Imported blocks                            blockNumber=18259969 slot=7449248 blocks=18259968 txs=2111794461 mgas=159437984 bps=25.78 tps=3326 mgps=390.2 avgBps=73.32 avgTps=8479 avgMGps=640.2 elapsed=2d21h11m
Aug 29 16:04:43 nimbus-eth1-mainnet-long-benchmark[4120996]: INF 2026-08-29 16:04:43.570+00:00 Imported blocks                            blockNumber=18268161 slot=7457480 blocks=18268160 txs=2112944237 mgas=159561764 bps=27.45 tps=3852 mgps=414.7 avgBps=73.26 avgTps=8473 avgMGps=639.9 elapsed=2d21h15m
Aug 29 16:09:52 nimbus-eth1-mainnet-long-benchmark[4120996]: INF 2026-08-29 16:09:52.557+00:00 Imported blocks                            blockNumber=18276353 slot=7465732 blocks=18276352 txs=2114083159 mgas=159685589 bps=26.51 tps=3685 mgps=400.7 avgBps=73.20 avgTps=8467 avgMGps=639.6 elapsed=2d21h21m
Aug 29 16:15:03 nimbus-eth1-mainnet-long-benchmark[4120996]: INF 2026-08-29 16:15:03.880+00:00 Imported blocks                            blockNumber=18284545 slot=7473976 blocks=18284544 txs=2115199907 mgas=159809502 bps=26.31 tps=3587 mgps=398.0 avgBps=73.14 avgTps=8461 avgMGps=639.3 elapsed=2d21h26m
Aug 29 16:20:31 nimbus-eth1-mainnet-long-benchmark[4120996]: INF 2026-08-29 16:20:31.919+00:00 Imported blocks                            blockNumber=18292737 slot=7482227 blocks=18292736 txs=2116327705 mgas=159933514 bps=24.97 tps=3438 mgps=378.0 avgBps=73.08 avgTps=8454 avgMGps=638.9 elapsed=2d21h31m
Aug 29 16:26:18 nimbus-eth1-mainnet-long-benchmark[4120996]: INF 2026-08-29 16:26:18.305+00:00 Imported blocks                            blockNumber=18300929 slot=7490473 blocks=18300928 txs=2117494895 mgas=160057346 bps=23.65 tps=3369 mgps=357.5 avgBps=73.01 avgTps=8447 avgMGps=638.6 elapsed=2d21h37m
Aug 29 16:32:04 nimbus-eth1-mainnet-long-benchmark[4120996]: INF 2026-08-29 16:32:04.959+00:00 Imported blocks                            blockNumber=18309121 slot=7498722 blocks=18309120 txs=2118548315 mgas=160181470 bps=23.63 tps=3038 mgps=358.1 avgBps=72.94 avgTps=8440 avgMGps=638.2 elapsed=2d21h43m
Aug 29 16:37:51 nimbus-eth1-mainnet-long-benchmark[4120996]: INF 2026-08-29 16:37:51.954+00:00 Imported blocks                            blockNumber=18317313 slot=7506978 blocks=18317312 txs=2119681478 mgas=160305363 bps=23.61 tps=3265 mgps=357.0 avgBps=72.88 avgTps=8433 avgMGps=637.8 elapsed=2d21h49m
Aug 29 16:44:11 nimbus-eth1-mainnet-long-benchmark[4120996]: INF 2026-08-29 16:44:11.799+00:00 Imported blocks                            blockNumber=18325505 slot=7515227 blocks=18325504 txs=2120814013 mgas=160429327 bps=21.57 tps=2981 mgps=326.4 avgBps=72.80 avgTps=8425 avgMGps=637.3 elapsed=2d21h55m
Aug 29 16:50:02 nimbus-eth1-mainnet-long-benchmark[4120996]: INF 2026-08-29 16:50:02.078+00:00 Imported blocks                            blockNumber=18333697 slot=7523497 blocks=18333696 txs=2121988927 mgas=160553135 bps=23.39 tps=3354 mgps=353.5 avgBps=72.73 avgTps=8417 avgMGps=636.9 elapsed=2d22h1m
Aug 29 16:55:11 nimbus-eth1-mainnet-long-benchmark[4120996]: INF 2026-08-29 16:55:11.985+00:00 Imported blocks                            blockNumber=18341889 slot=7531758 blocks=18341888 txs=2123139659 mgas=160677144 bps=26.43 tps=3713 mgps=400.1 avgBps=72.67 avgTps=8412 avgMGps=636.6 elapsed=2d22h6m
Aug 29 17:00:38 nimbus-eth1-mainnet-long-benchmark[4120996]: INF 2026-08-29 17:00:38.471+00:00 Imported blocks                            blockNumber=18350081 slot=7540010 blocks=18350080 txs=2124235413 mgas=160801210 bps=25.09 tps=3356 mgps=380.0 avgBps=72.61 avgTps=8405 avgMGps=636.3 elapsed=2d22h11m
Aug 29 17:05:58 nimbus-eth1-mainnet-long-benchmark[4120996]: INF 2026-08-29 17:05:58.246+00:00 Imported blocks                            blockNumber=18358273 slot=7548250 blocks=18358272 txs=2125267339 mgas=160925503 bps=25.62 tps=3227 mgps=388.7 avgBps=72.55 avgTps=8399 avgMGps=636.0 elapsed=2d22h17m
Aug 29 17:10:57 nimbus-eth1-mainnet-long-benchmark[4120996]: INF 2026-08-29 17:10:57.405+00:00 Imported blocks                            blockNumber=18366465 slot=7556485 blocks=18366464 txs=2126437189 mgas=161049300 bps=27.38 tps=3910 mgps=413.8 avgBps=72.50 avgTps=8393 avgMGps=635.7 elapsed=2d22h22m
Aug 29 17:16:04 nimbus-eth1-mainnet-long-benchmark[4120996]: INF 2026-08-29 17:16:04.204+00:00 Imported blocks                            blockNumber=18374657 slot=7564737 blocks=18374656 txs=2127575074 mgas=161173063 bps=26.70 tps=3708 mgps=403.4 avgBps=72.44 avgTps=8388 avgMGps=635.4 elapsed=2d22h27m
Aug 29 17:21:11 nimbus-eth1-mainnet-long-benchmark[4120996]: INF 2026-08-29 17:21:11.483+00:00 Imported blocks                            blockNumber=18382849 slot=7572992 blocks=18382848 txs=2128712227 mgas=161296803 bps=26.66 tps=3700 mgps=402.7 avgBps=72.39 avgTps=8382 avgMGps=635.2 elapsed=2d22h32m
Aug 29 17:25:53 nimbus-eth1-mainnet-long-benchmark[4120996]: INF 2026-08-29 17:25:53.451+00:00 Imported blocks                            blockNumber=18391041 slot=7581241 blocks=18391040 txs=2129908343 mgas=161420499 bps=29.05 tps=4241 mgps=438.7 avgBps=72.34 avgTps=8377 avgMGps=634.9 elapsed=2d22h37m
Aug 29 17:31:09 nimbus-eth1-mainnet-long-benchmark[4120996]: INF 2026-08-29 17:31:09.094+00:00 Imported blocks                            blockNumber=18399233 slot=7589493 blocks=18399232 txs=2131096762 mgas=161544248 bps=25.95 tps=3765 mgps=392.1 avgBps=72.28 avgTps=8372 avgMGps=634.6 elapsed=2d22h42m
Aug 29 17:36:13 nimbus-eth1-mainnet-long-benchmark[4120996]: INF 2026-08-29 17:36:13.497+00:00 Imported blocks                            blockNumber=18407425 slot=7597744 blocks=18407424 txs=2132227512 mgas=161668055 bps=26.91 tps=3714 mgps=406.7 avgBps=72.23 avgTps=8366 avgMGps=634.4 elapsed=2d22h47m
Aug 29 17:41:25 nimbus-eth1-mainnet-long-benchmark[4120996]: INF 2026-08-29 17:41:25.024+00:00 Imported blocks                            blockNumber=18415617 slot=7606005 blocks=18415616 txs=2133430909 mgas=161791768 bps=26.30 tps=3862 mgps=397.1 avgBps=72.17 avgTps=8361 avgMGps=634.1 elapsed=2d22h52m
Aug 29 17:46:07 nimbus-eth1-mainnet-long-benchmark[4120996]: INF 2026-08-29 17:46:07.091+00:00 Imported blocks                            blockNumber=18423809 slot=7614258 blocks=18423808 txs=2134687977 mgas=161915430 bps=29.04 tps=4456 mgps=438.4 avgBps=72.12 avgTps=8356 avgMGps=633.9 elapsed=2d22h57m
Aug 29 17:50:35 nimbus-eth1-mainnet-long-benchmark[4120996]: INF 2026-08-29 17:50:35.791+00:00 Imported blocks                            blockNumber=18432001 slot=7622531 blocks=18432000 txs=2135940598 mgas=162039077 bps=30.49 tps=4661 mgps=460.2 avgBps=72.08 avgTps=8352 avgMGps=633.7 elapsed=2d23h1m
Aug 29 17:55:28 nimbus-eth1-mainnet-long-benchmark[4120996]: INF 2026-08-29 17:55:28.538+00:00 Imported blocks                            blockNumber=18440193 slot=7630780 blocks=18440192 txs=2137146456 mgas=162162686 bps=27.98 tps=4119 mgps=422.2 avgBps=72.03 avgTps=8348 avgMGps=633.4 elapsed=2d23h6m
Aug 29 18:00:23 nimbus-eth1-mainnet-long-benchmark[4120996]: INF 2026-08-29 18:00:23.485+00:00 Imported blocks                            blockNumber=18448385 slot=7639025 blocks=18448384 txs=2138317992 mgas=162286292 bps=27.77 tps=3972 mgps=419.1 avgBps=71.98 avgTps=8343 avgMGps=633.2 elapsed=2d23h11m
Aug 29 18:05:22 nimbus-eth1-mainnet-long-benchmark[4120996]: INF 2026-08-29 18:05:22.700+00:00 Imported blocks                            blockNumber=18456577 slot=7647282 blocks=18456576 txs=2139502327 mgas=162409980 bps=27.38 tps=3958 mgps=413.4 avgBps=71.93 avgTps=8337 avgMGps=632.9 elapsed=2d23h16m
Aug 29 18:10:28 nimbus-eth1-mainnet-long-benchmark[4120996]: INF 2026-08-29 18:10:28.391+00:00 Imported blocks                            blockNumber=18464769 slot=7655550 blocks=18464768 txs=2140730034 mgas=162533636 bps=26.80 tps=4016 mgps=404.5 avgBps=71.87 avgTps=8332 avgMGps=632.7 elapsed=2d23h21m
Aug 29 18:15:20 nimbus-eth1-mainnet-long-benchmark[4120996]: INF 2026-08-29 18:15:20.155+00:00 Imported blocks                            blockNumber=18472961 slot=7663813 blocks=18472960 txs=2142014772 mgas=162657238 bps=28.08 tps=4403 mgps=423.6 avgBps=71.82 avgTps=8328 avgMGps=632.4 elapsed=2d23h26m
Aug 29 18:20:04 nimbus-eth1-mainnet-long-benchmark[4120996]: INF 2026-08-29 18:20:04.758+00:00 Imported blocks                            blockNumber=18481153 slot=7672060 blocks=18481152 txs=2143271075 mgas=162780880 bps=28.78 tps=4414 mgps=434.4 avgBps=71.78 avgTps=8323 avgMGps=632.2 elapsed=2d23h31m
Aug 29 18:24:46 nimbus-eth1-mainnet-long-benchmark[4120996]: INF 2026-08-29 18:24:46.989+00:00 Imported blocks                            blockNumber=18489345 slot=7680331 blocks=18489344 txs=2144466154 mgas=162904423 bps=29.03 tps=4234 mgps=437.7 avgBps=71.73 avgTps=8319 avgMGps=632.0 elapsed=2d23h36m
Aug 29 18:29:42 nimbus-eth1-mainnet-long-benchmark[4120996]: INF 2026-08-29 18:29:42.185+00:00 Imported blocks                            blockNumber=18497537 slot=7688594 blocks=18497536 txs=2145705018 mgas=163028153 bps=27.75 tps=4196 mgps=419.1 avgBps=71.68 avgTps=8314 avgMGps=631.7 elapsed=2d23h40m
Aug 29 18:34:48 nimbus-eth1-mainnet-long-benchmark[4120996]: INF 2026-08-29 18:34:48.896+00:00 Imported blocks                            blockNumber=18505729 slot=7696861 blocks=18505728 txs=2146887370 mgas=163151747 bps=26.71 tps=3854 mgps=403.0 avgBps=71.63 avgTps=8309 avgMGps=631.5 elapsed=2d23h46m
Aug 29 18:39:49 nimbus-eth1-mainnet-long-benchmark[4120996]: INF 2026-08-29 18:39:49.183+00:00 Imported blocks                            blockNumber=18513921 slot=7705129 blocks=18513920 txs=2148120956 mgas=163275369 bps=27.28 tps=4108 mgps=411.7 avgBps=71.57 avgTps=8304 avgMGps=631.2 elapsed=2d23h51m
Aug 29 18:44:35 nimbus-eth1-mainnet-long-benchmark[4120996]: INF 2026-08-29 18:44:35.730+00:00 Imported blocks                            blockNumber=18522113 slot=7713386 blocks=18522112 txs=2149350982 mgas=163398995 bps=28.59 tps=4292 mgps=431.4 avgBps=71.53 avgTps=8300 avgMGps=631.0 elapsed=2d23h55m
Aug 29 18:49:30 nimbus-eth1-mainnet-long-benchmark[4120996]: INF 2026-08-29 18:49:30.821+00:00 Imported blocks                            blockNumber=18530305 slot=7721624 blocks=18530304 txs=2150574609 mgas=163522549 bps=27.76 tps=4146 mgps=418.7 avgBps=71.48 avgTps=8295 avgMGps=630.8 elapsed=3d47s238ms
Aug 29 18:54:06 nimbus-eth1-mainnet-long-benchmark[4120996]: INF 2026-08-29 18:54:06.529+00:00 Imported blocks                            blockNumber=18538497 slot=7729874 blocks=18538496 txs=2151864763 mgas=163646220 bps=29.71 tps=4679 mgps=448.6 avgBps=71.43 avgTps=8291 avgMGps=630.6 elapsed=3d5m22s
Aug 29 18:59:11 nimbus-eth1-mainnet-long-benchmark[4120996]: INF 2026-08-29 18:59:11.260+00:00 Imported blocks                            blockNumber=18546689 slot=7738125 blocks=18546688 txs=2153141144 mgas=163769919 bps=26.88 tps=4188 mgps=405.9 avgBps=71.38 avgTps=8286 avgMGps=630.3 elapsed=3d10m27s
Aug 29 19:04:49 nimbus-eth1-mainnet-long-benchmark[4120996]: INF 2026-08-29 19:04:49.850+00:00 Imported blocks                            blockNumber=18554881 slot=7746382 blocks=18554880 txs=2154387156 mgas=163893653 bps=24.19 tps=3680 mgps=365.4 avgBps=71.32 avgTps=8280 avgMGps=630.0 elapsed=3d16m6s
Aug 29 19:09:59 nimbus-eth1-mainnet-long-benchmark[4120996]: INF 2026-08-29 19:09:59.845+00:00 Imported blocks                            blockNumber=18563073 slot=7754631 blocks=18563072 txs=2155633642 mgas=164017287 bps=26.43 tps=4020 mgps=398.8 avgBps=71.27 avgTps=8275 avgMGps=629.7 elapsed=3d21m16s
Aug 29 19:14:50 nimbus-eth1-mainnet-long-benchmark[4120996]: INF 2026-08-29 19:14:50.521+00:00 Imported blocks                            blockNumber=18571265 slot=7762868 blocks=18571264 txs=2156852995 mgas=164140959 bps=28.18 tps=4194 mgps=425.5 avgBps=71.22 avgTps=8271 avgMGps=629.5 elapsed=3d26m6s
Aug 29 19:19:54 nimbus-eth1-mainnet-long-benchmark[4120996]: INF 2026-08-29 19:19:54.964+00:00 Imported blocks                            blockNumber=18579457 slot=7771127 blocks=18579456 txs=2158086803 mgas=164264504 bps=26.91 tps=4052 mgps=405.8 avgBps=71.17 avgTps=8266 avgMGps=629.2 elapsed=3d31m11s
Aug 29 19:24:52 nimbus-eth1-mainnet-long-benchmark[4120996]: INF 2026-08-29 19:24:52.115+00:00 Imported blocks                            blockNumber=18587649 slot=7779363 blocks=18587648 txs=2159340993 mgas=164388154 bps=27.57 tps=4220 mgps=416.1 avgBps=71.12 avgTps=8261 avgMGps=629.0 elapsed=3d36m8s
Aug 29 19:29:46 nimbus-eth1-mainnet-long-benchmark[4120996]: INF 2026-08-29 19:29:46.542+00:00 Imported blocks                            blockNumber=18595841 slot=7787617 blocks=18595840 txs=2160585501 mgas=164511768 bps=27.82 tps=4226 mgps=419.8 avgBps=71.07 avgTps=8257 avgMGps=628.7 elapsed=3d41m2s
Aug 29 19:35:11 nimbus-eth1-mainnet-long-benchmark[4120996]: INF 2026-08-29 19:35:11.705+00:00 Imported blocks                            blockNumber=18604033 slot=7795903 blocks=18604032 txs=2161845405 mgas=164635482 bps=25.19 tps=3874 mgps=380.5 avgBps=71.01 avgTps=8251 avgMGps=628.4 elapsed=3d46m28s
Aug 29 19:40:38 nimbus-eth1-mainnet-long-benchmark[4120996]: INF 2026-08-29 19:40:38.644+00:00 Imported blocks                            blockNumber=18612225 slot=7804160 blocks=18612224 txs=2163061975 mgas=164759292 bps=25.06 tps=3721 mgps=378.7 avgBps=70.95 avgTps=8246 avgMGps=628.1 elapsed=3d51m55s
Aug 29 19:45:28 nimbus-eth1-mainnet-long-benchmark[4120996]: INF 2026-08-29 19:45:28.699+00:00 Imported blocks                            blockNumber=18620417 slot=7812425 blocks=18620416 txs=2164344396 mgas=164882973 bps=28.24 tps=4421 mgps=426.4 avgBps=70.91 avgTps=8241 avgMGps=627.9 elapsed=3d56m45s
Aug 29 19:50:17 nimbus-eth1-mainnet-long-benchmark[4120996]: INF 2026-08-29 19:50:17.862+00:00 Imported blocks                            blockNumber=18628609 slot=7820683 blocks=18628608 txs=2165634691 mgas=165006735 bps=28.33 tps=4462 mgps=428.0 avgBps=70.86 avgTps=8237 avgMGps=627.7 elapsed=3d1h1m
Aug 29 19:55:36 nimbus-eth1-mainnet-long-benchmark[4120996]: INF 2026-08-29 19:55:36.057+00:00 Imported blocks                            blockNumber=18636801 slot=7828925 blocks=18636800 txs=2166964452 mgas=165130359 bps=25.74 tps=4179 mgps=388.5 avgBps=70.81 avgTps=8232 avgMGps=627.4 elapsed=3d1h6m
Aug 29 20:01:18 nimbus-eth1-mainnet-long-benchmark[4120996]: INF 2026-08-29 20:01:18.035+00:00 Imported blocks                            blockNumber=18644993 slot=7837197 blocks=18644992 txs=2168193684 mgas=165254032 bps=23.95 tps=3594 mgps=361.6 avgBps=70.74 avgTps=8226 avgMGps=627.0 elapsed=3d1h12m
Aug 29 20:07:12 nimbus-eth1-mainnet-long-benchmark[4120996]: INF 2026-08-29 20:07:12.774+00:00 Imported blocks                            blockNumber=18653185 slot=7845459 blocks=18653184 txs=2169318515 mgas=165377755 bps=23.09 tps=3170 mgps=348.8 avgBps=70.68 avgTps=8219 avgMGps=626.6 elapsed=3d1h18m
Aug 29 20:13:10 nimbus-eth1-mainnet-long-benchmark[4120996]: INF 2026-08-29 20:13:10.504+00:00 Imported blocks                            blockNumber=18661377 slot=7853721 blocks=18661376 txs=2170460354 mgas=165501516 bps=22.90 tps=3191 mgps=346.0 avgBps=70.62 avgTps=8213 avgMGps=626.3 elapsed=3d1h24m
Aug 29 20:18:16 nimbus-eth1-mainnet-long-benchmark[4120996]: INF 2026-08-29 20:18:16.139+00:00 Imported blocks                            blockNumber=18669569 slot=7861982 blocks=18669568 txs=2171736931 mgas=165625160 bps=26.80 tps=4176 mgps=404.5 avgBps=70.57 avgTps=8208 avgMGps=626.0 elapsed=3d1h29m
Aug 29 20:23:15 nimbus-eth1-mainnet-long-benchmark[4120996]: INF 2026-08-29 20:23:15.074+00:00 Imported blocks                            blockNumber=18677761 slot=7870232 blocks=18677760 txs=2173085920 mgas=165748825 bps=27.40 tps=4512 mgps=413.7 avgBps=70.52 avgTps=8204 avgMGps=625.8 elapsed=3d1h34m
Aug 29 20:27:59 nimbus-eth1-mainnet-long-benchmark[4120996]: INF 2026-08-29 20:27:59.249+00:00 Imported blocks                            blockNumber=18685953 slot=7878487 blocks=18685952 txs=2174378178 mgas=165872440 bps=28.83 tps=4547 mgps=435.0 avgBps=70.47 avgTps=8200 avgMGps=625.6 elapsed=3d1h39m
Aug 29 20:32:22 nimbus-eth1-mainnet-long-benchmark[4120996]: INF 2026-08-29 20:32:22.413+00:00 Imported blocks                            blockNumber=18694145 slot=7886739 blocks=18694144 txs=2175659072 mgas=165996075 bps=31.13 tps=4867 mgps=469.8 avgBps=70.43 avgTps=8197 avgMGps=625.4 elapsed=3d1h43m
Aug 29 20:37:43 nimbus-eth1-mainnet-long-benchmark[4120996]: INF 2026-08-29 20:37:43.000+00:00 Imported blocks                            blockNumber=18702337 slot=7894977 blocks=18702336 txs=2177029356 mgas=166119750 bps=25.55 tps=4274 mgps=385.8 avgBps=70.38 avgTps=8192 avgMGps=625.1 elapsed=3d1h48m
Aug 29 20:43:52 nimbus-eth1-mainnet-long-benchmark[4120996]: INF 2026-08-29 20:43:52.254+00:00 Imported blocks                            blockNumber=18710529 slot=7903249 blocks=18710528 txs=2178225618 mgas=166243518 bps=22.19 tps=3239 mgps=335.2 avgBps=70.31 avgTps=8185 avgMGps=624.7 elapsed=3d1h55m
Aug 29 20:48:46 nimbus-eth1-mainnet-long-benchmark[4120996]: INF 2026-08-29 20:48:46.857+00:00 Imported blocks                            blockNumber=18718721 slot=7911506 blocks=18718720 txs=2179541026 mgas=166367219 bps=27.81 tps=4465 mgps=419.9 avgBps=70.26 avgTps=8181 avgMGps=624.5 elapsed=3d2h3s
Aug 29 20:54:57 nimbus-eth1-mainnet-long-benchmark[4120996]: INF 2026-08-29 20:54:57.791+00:00 Imported blocks                            blockNumber=18726913 slot=7919763 blocks=18726912 txs=2180917862 mgas=166490943 bps=22.08 tps=3711 mgps=333.5 avgBps=70.20 avgTps=8175 avgMGps=624.1 elapsed=3d2h6m
Aug 29 21:00:52 nimbus-eth1-mainnet-long-benchmark[4120996]: INF 2026-08-29 21:00:52.685+00:00 Imported blocks                            blockNumber=18735105 slot=7928038 blocks=18735104 txs=2182212570 mgas=166614795 bps=23.08 tps=3648 mgps=349.0 avgBps=70.14 avgTps=8169 avgMGps=623.7 elapsed=3d2h12m
Aug 29 21:06:19 nimbus-eth1-mainnet-long-benchmark[4120996]: INF 2026-08-29 21:06:19.060+00:00 Imported blocks                            blockNumber=18743297 slot=7936310 blocks=18743296 txs=2183592722 mgas=166738388 bps=25.10 tps=4228 mgps=378.7 avgBps=70.08 avgTps=8164 avgMGps=623.4 elapsed=3d2h17m
Aug 29 21:13:08 nimbus-eth1-mainnet-long-benchmark[4120996]: INF 2026-08-29 21:13:08.809+00:00 Imported blocks                            blockNumber=18751489 slot=7944586 blocks=18751488 txs=2184886961 mgas=166862181 bps=19.99 tps=3158 mgps=302.1 avgBps=70.00 avgTps=8156 avgMGps=622.9 elapsed=3d2h24m
Aug 29 21:18:46 nimbus-eth1-mainnet-long-benchmark[4120996]: INF 2026-08-29 21:18:46.280+00:00 Imported blocks                            blockNumber=18759681 slot=7952835 blocks=18759680 txs=2186173665 mgas=166985947 bps=24.27 tps=3812 mgps=366.7 avgBps=69.95 avgTps=8151 avgMGps=622.6 elapsed=3d2h30m
Aug 29 21:25:13 nimbus-eth1-mainnet-long-benchmark[4120996]: INF 2026-08-29 21:25:13.542+00:00 Imported blocks                            blockNumber=18767873 slot=7961090 blocks=18767872 txs=2187407500 mgas=167109819 bps=21.15 tps=3186 mgps=319.9 avgBps=69.88 avgTps=8144 avgMGps=622.2 elapsed=3d2h36m
Aug 29 21:33:18 nimbus-eth1-mainnet-long-benchmark[4120996]: INF 2026-08-29 21:33:18.638+00:00 Imported blocks                            blockNumber=18776065 slot=7969343 blocks=18776064 txs=2188612541 mgas=167233806 bps=16.89 tps=2484 mgps=255.6 avgBps=69.78 avgTps=8133 avgMGps=621.5 elapsed=3d2h44m
Aug 29 21:40:47 nimbus-eth1-mainnet-long-benchmark[4120996]: INF 2026-08-29 21:40:47.786+00:00 Imported blocks                            blockNumber=18784257 slot=7977613 blocks=18784256 txs=2189923353 mgas=167357739 bps=18.24 tps=2918 mgps=275.9 avgBps=69.69 avgTps=8125 avgMGps=620.9 elapsed=3d2h52m
Aug 29 21:46:08 nimbus-eth1-mainnet-long-benchmark[4120996]: INF 2026-08-29 21:46:08.077+00:00 Imported blocks                            blockNumber=18792449 slot=7985880 blocks=18792448 txs=2191295084 mgas=167481475 bps=25.58 tps=4282 mgps=386.3 avgBps=69.64 avgTps=8120 avgMGps=620.7 elapsed=3d2h57m
Aug 29 21:51:21 nimbus-eth1-mainnet-long-benchmark[4120996]: INF 2026-08-29 21:51:21.364+00:00 Imported blocks                            blockNumber=18800641 slot=7994181 blocks=18800640 txs=2192526576 mgas=167605452 bps=26.15 tps=3930 mgps=395.7 avgBps=69.59 avgTps=8115 avgMGps=620.4 elapsed=3d3h2m
Aug 29 21:59:40 nimbus-eth1-mainnet-long-benchmark[4120996]: INF 2026-08-29 21:59:40.708+00:00 Imported blocks                            blockNumber=18808833 slot=8002461 blocks=18808832 txs=2193766458 mgas=167729319 bps=16.41 tps=2483 mgps=248.1 avgBps=69.49 avgTps=8105 avgMGps=619.7 elapsed=3d3h10m
Aug 29 22:05:34 nimbus-eth1-mainnet-long-benchmark[4120996]: INF 2026-08-29 22:05:34.802+00:00 Imported blocks                            blockNumber=18817025 slot=8010724 blocks=18817024 txs=2195061167 mgas=167853055 bps=23.14 tps=3656 mgps=349.4 avgBps=69.43 avgTps=8099 avgMGps=619.4 elapsed=3d3h16m
Aug 29 22:11:16 nimbus-eth1-mainnet-long-benchmark[4120996]: INF 2026-08-29 22:11:16.949+00:00 Imported blocks                            blockNumber=18825217 slot=8019018 blocks=18825216 txs=2196394427 mgas=167976901 bps=23.94 tps=3896 mgps=362.0 avgBps=69.38 avgTps=8094 avgMGps=619.0 elapsed=3d3h22m
Aug 29 22:16:53 nimbus-eth1-mainnet-long-benchmark[4120996]: INF 2026-08-29 22:16:53.203+00:00 Imported blocks                            blockNumber=18833409 slot=8027303 blocks=18833408 txs=2197869770 mgas=168100649 bps=24.36 tps=4387 mgps=368.0 avgBps=69.32 avgTps=8089 avgMGps=618.7 elapsed=3d3h28m
Aug 29 22:21:53 nimbus-eth1-mainnet-long-benchmark[4120996]: INF 2026-08-29 22:21:53.886+00:00 Imported blocks                            blockNumber=18841601 slot=8035559 blocks=18841600 txs=2199254264 mgas=168224338 bps=27.25 tps=4604 mgps=411.4 avgBps=69.27 avgTps=8085 avgMGps=618.5 elapsed=3d3h33m
Aug 29 22:27:17 nimbus-eth1-mainnet-long-benchmark[4120996]: INF 2026-08-29 22:27:17.609+00:00 Imported blocks                            blockNumber=18849793 slot=8043832 blocks=18849792 txs=2200577854 mgas=168347958 bps=25.31 tps=4088 mgps=381.9 avgBps=69.22 avgTps=8081 avgMGps=618.2 elapsed=3d3h38m
Aug 29 22:32:50 nimbus-eth1-mainnet-long-benchmark[4120996]: INF 2026-08-29 22:32:50.084+00:00 Imported blocks                            blockNumber=18857985 slot=8052126 blocks=18857984 txs=2201892453 mgas=168471629 bps=24.64 tps=3953 mgps=372.0 avgBps=69.17 avgTps=8075 avgMGps=617.9 elapsed=3d3h44m
Aug 29 22:38:12 nimbus-eth1-mainnet-long-benchmark[4120996]: INF 2026-08-29 22:38:12.494+00:00 Imported blocks                            blockNumber=18866177 slot=8060419 blocks=18866176 txs=2203165647 mgas=168595287 bps=25.41 tps=3948 mgps=383.5 avgBps=69.11 avgTps=8071 avgMGps=617.6 elapsed=3d3h49m
Aug 29 22:43:54 nimbus-eth1-mainnet-long-benchmark[4120996]: INF 2026-08-29 22:43:54.141+00:00 Imported blocks                            blockNumber=18874369 slot=8068684 blocks=18874368 txs=2204442979 mgas=168718999 bps=23.98 tps=3738 mgps=362.1 avgBps=69.06 avgTps=8065 avgMGps=617.3 elapsed=3d3h55m
Aug 29 22:49:06 nimbus-eth1-mainnet-long-benchmark[4120996]: INF 2026-08-29 22:49:06.372+00:00 Imported blocks                            blockNumber=18882561 slot=8076974 blocks=18882560 txs=2205764914 mgas=168842657 bps=26.24 tps=4233 mgps=396.0 avgBps=69.01 avgTps=8061 avgMGps=617.1 elapsed=3d4h22s
Aug 29 22:54:03 nimbus-eth1-mainnet-long-benchmark[4120996]: INF 2026-08-29 22:54:03.595+00:00 Imported blocks                            blockNumber=18890753 slot=8085252 blocks=18890752 txs=2207097259 mgas=168966193 bps=27.56 tps=4482 mgps=415.6 avgBps=68.96 avgTps=8057 avgMGps=616.8 elapsed=3d4h5m
Aug 29 22:59:27 nimbus-eth1-mainnet-long-benchmark[4120996]: INF 2026-08-29 22:59:27.389+00:00 Imported blocks                            blockNumber=18898945 slot=8093563 blocks=18898944 txs=2208345629 mgas=169089933 bps=25.30 tps=3855 mgps=382.2 avgBps=68.91 avgTps=8052 avgMGps=616.6 elapsed=3d4h10m
Aug 29 23:05:09 nimbus-eth1-mainnet-long-benchmark[4120996]: INF 2026-08-29 23:05:09.928+00:00 Imported blocks                            blockNumber=18907137 slot=8101832 blocks=18907136 txs=2209598858 mgas=169213661 bps=23.92 tps=3658 mgps=361.2 avgBps=68.86 avgTps=8047 avgMGps=616.2 elapsed=3d4h16m
Aug 29 23:11:03 nimbus-eth1-mainnet-long-benchmark[4120996]: INF 2026-08-29 23:11:03.706+00:00 Imported blocks                            blockNumber=18915329 slot=8110114 blocks=18915328 txs=2210865453 mgas=169337442 bps=23.16 tps=3580 mgps=349.9 avgBps=68.80 avgTps=8041 avgMGps=615.9 elapsed=3d4h22m
Aug 29 23:16:09 nimbus-eth1-mainnet-long-benchmark[4120996]: INF 2026-08-29 23:16:09.645+00:00 Imported blocks                            blockNumber=18923521 slot=8118398 blocks=18923520 txs=2212153829 mgas=169461077 bps=26.78 tps=4211 mgps=404.1 avgBps=68.75 avgTps=8037 avgMGps=615.7 elapsed=3d4h27m
Aug 29 23:21:00 nimbus-eth1-mainnet-long-benchmark[4120996]: INF 2026-08-29 23:21:00.692+00:00 Imported blocks                            blockNumber=18931713 slot=8126667 blocks=18931712 txs=2213406640 mgas=169584783 bps=28.15 tps=4304 mgps=425.0 avgBps=68.71 avgTps=8033 avgMGps=615.5 elapsed=3d4h32m
Aug 29 23:26:22 nimbus-eth1-mainnet-long-benchmark[4120996]: INF 2026-08-29 23:26:22.555+00:00 Imported blocks                            blockNumber=18939905 slot=8134951 blocks=18939904 txs=2214671387 mgas=169708468 bps=25.45 tps=3929 mgps=384.3 avgBps=68.66 avgTps=8028 avgMGps=615.2 elapsed=3d4h37m
Aug 29 23:33:23 nimbus-eth1-mainnet-long-benchmark[4120996]: INF 2026-08-29 23:33:23.456+00:00 Imported blocks                            blockNumber=18948097 slot=8143260 blocks=18948096 txs=2215876354 mgas=169832283 bps=19.46 tps=2862 mgps=294.2 avgBps=68.58 avgTps=8020 avgMGps=614.7 elapsed=3d4h44m
Aug 29 23:42:36 nimbus-eth1-mainnet-long-benchmark[4120996]: INF 2026-08-29 23:42:36.343+00:00 Imported blocks                            blockNumber=18956289 slot=8151644 blocks=18956288 txs=2217037891 mgas=169956495 bps=14.82 tps=2100 mgps=224.7 avgBps=68.48 avgTps=8008 avgMGps=613.9 elapsed=3d4h53m
Aug 29 23:50:03 nimbus-eth1-mainnet-long-benchmark[4120996]: INF 2026-08-29 23:50:03.472+00:00 Imported blocks                            blockNumber=18964481 slot=8159956 blocks=18964480 txs=2218294711 mgas=170080465 bps=18.32 tps=2810 mgps=277.3 avgBps=68.39 avgTps=8000 avgMGps=613.4 elapsed=3d5h1m
Aug 29 23:55:20 nimbus-eth1-mainnet-long-benchmark[4120996]: INF 2026-08-29 23:55:20.195+00:00 Imported blocks                            blockNumber=18972673 slot=8168234 blocks=18972672 txs=2219547637 mgas=170204193 bps=25.86 tps=3955 mgps=390.6 avgBps=68.35 avgTps=7995 avgMGps=613.1 elapsed=3d5h6m
Aug 29 23:59:52 nimbus-eth1-mainnet-long-benchmark[4120996]: INF 2026-08-29 23:59:52.266+00:00 Imported blocks                            blockNumber=18980865 slot=8176488 blocks=18980864 txs=2220963030 mgas=170328052 bps=30.11 tps=5202 mgps=455.3 avgBps=68.31 avgTps=7992 avgMGps=613.0 elapsed=3d5h11m
Aug 30 00:05:07 nimbus-eth1-mainnet-long-benchmark[4120996]: INF 2026-08-30 00:05:07.933+00:00 Imported blocks                            blockNumber=18989057 slot=8184767 blocks=18989056 txs=2222341145 mgas=170451721 bps=25.95 tps=4365 mgps=391.8 avgBps=68.26 avgTps=7988 avgMGps=612.7 elapsed=3d5h16m
Aug 30 00:10:20 nimbus-eth1-mainnet-long-benchmark[4120996]: INF 2026-08-30 00:10:20.608+00:00 Imported blocks                            blockNumber=18997249 slot=8193014 blocks=18997248 txs=2223726543 mgas=170575485 bps=26.20 tps=4430 mgps=395.8 avgBps=68.21 avgTps=7984 avgMGps=612.5 elapsed=3d5h21m
Aug 30 00:14:51 nimbus-eth1-mainnet-long-benchmark[4120996]: INF 2026-08-30 00:14:51.216+00:00 Imported blocks                            blockNumber=19005441 slot=8201259 blocks=19005440 txs=2225771358 mgas=170699310 bps=30.27 tps=7556 mgps=457.6 avgBps=68.18 avgTps=7984 avgMGps=612.3 elapsed=3d5h26m
Aug 30 00:19:52 nimbus-eth1-mainnet-long-benchmark[4120996]: INF 2026-08-30 00:19:52.063+00:00 Imported blocks                            blockNumber=19013633 slot=8209499 blocks=19013632 txs=2227225806 mgas=170822980 bps=27.23 tps=4834 mgps=411.1 avgBps=68.13 avgTps=7980 avgMGps=612.1 elapsed=3d5h31m
Aug 30 00:24:13 nimbus-eth1-mainnet-long-benchmark[4120996]: INF 2026-08-30 00:24:13.311+00:00 Imported blocks                            blockNumber=19021825 slot=8217728 blocks=19021824 txs=2228644711 mgas=170946634 bps=31.36 tps=5431 mgps=473.3 avgBps=68.10 avgTps=7978 avgMGps=612.0 elapsed=3d5h35m
Aug 30 00:28:44 nimbus-eth1-mainnet-long-benchmark[4120996]: INF 2026-08-30 00:28:44.150+00:00 Imported blocks                            blockNumber=19030017 slot=8225983 blocks=19030016 txs=2230012840 mgas=171070417 bps=30.25 tps=5051 mgps=457.0 avgBps=68.06 avgTps=7975 avgMGps=611.8 elapsed=3d5h40m
Aug 30 00:33:26 nimbus-eth1-mainnet-long-benchmark[4120996]: INF 2026-08-30 00:33:26.550+00:00 Imported blocks                            blockNumber=19038209 slot=8234228 blocks=19038208 txs=2231384179 mgas=171194081 bps=29.01 tps=4855 mgps=437.9 avgBps=68.02 avgTps=7972 avgMGps=611.7 elapsed=3d5h44m
Aug 30 00:38:30 nimbus-eth1-mainnet-long-benchmark[4120996]: INF 2026-08-30 00:38:30.105+00:00 Imported blocks                            blockNumber=19046401 slot=8242460 blocks=19046400 txs=2232689168 mgas=171317782 bps=26.99 tps=4299 mgps=407.5 avgBps=67.98 avgTps=7968 avgMGps=611.4 elapsed=3d5h49m
Aug 30 00:43:56 nimbus-eth1-mainnet-long-benchmark[4120996]: INF 2026-08-30 00:43:56.719+00:00 Imported blocks                            blockNumber=19054593 slot=8250694 blocks=19054592 txs=2233920522 mgas=171441549 bps=25.08 tps=3770 mgps=378.9 avgBps=67.93 avgTps=7963 avgMGps=611.2 elapsed=3d5h55m
Aug 30 00:49:53 nimbus-eth1-mainnet-long-benchmark[4120996]: INF 2026-08-30 00:49:53.037+00:00 Imported blocks                            blockNumber=19062785 slot=8259059 blocks=19062784 txs=2235196765 mgas=171565365 bps=22.99 tps=3581 mgps=347.5 avgBps=67.87 avgTps=7958 avgMGps=610.8 elapsed=3d6h1m
Aug 30 00:55:15 nimbus-eth1-mainnet-long-benchmark[4120996]: INF 2026-08-30 00:55:15.192+00:00 Imported blocks                            blockNumber=19070977 slot=8267362 blocks=19070976 txs=2236455881 mgas=171689192 bps=25.43 tps=3908 mgps=384.4 avgBps=67.82 avgTps=7953 avgMGps=610.6 elapsed=3d6h6m
Aug 30 01:00:40 nimbus-eth1-mainnet-long-benchmark[4120996]: INF 2026-08-30 01:00:40.047+00:00 Imported blocks                            blockNumber=19079169 slot=8275635 blocks=19079168 txs=2237700457 mgas=171812883 bps=25.22 tps=3831 mgps=380.8 avgBps=67.77 avgTps=7948 avgMGps=610.3 elapsed=3d6h11m
Aug 30 01:05:36 nimbus-eth1-mainnet-long-benchmark[4120996]: INF 2026-08-30 01:05:36.002+00:00 Imported blocks                            blockNumber=19087361 slot=8283896 blocks=19087360 txs=2239033895 mgas=171936716 bps=27.68 tps=4505 mgps=418.4 avgBps=67.73 avgTps=7945 avgMGps=610.1 elapsed=3d6h16m
Aug 30 01:10:46 nimbus-eth1-mainnet-long-benchmark[4120996]: INF 2026-08-30 01:10:46.749+00:00 Imported blocks                            blockNumber=19095553 slot=8292156 blocks=19095552 txs=2240373461 mgas=172060408 bps=26.36 tps=4310 mgps=398.0 avgBps=67.69 avgTps=7941 avgMGps=609.9 elapsed=3d6h22m
Aug 30 01:16:08 nimbus-eth1-mainnet-long-benchmark[4120996]: INF 2026-08-30 01:16:08.720+00:00 Imported blocks                            blockNumber=19103745 slot=8300438 blocks=19103744 txs=2241694560 mgas=172184257 bps=25.44 tps=4103 mgps=384.7 avgBps=67.64 avgTps=7936 avgMGps=609.6 elapsed=3d6h27m
Aug 30 01:21:45 nimbus-eth1-mainnet-long-benchmark[4120996]: INF 2026-08-30 01:21:45.726+00:00 Imported blocks                            blockNumber=19111937 slot=8308689 blocks=19111936 txs=2242955497 mgas=172308050 bps=24.31 tps=3741 mgps=367.3 avgBps=67.59 avgTps=7931 avgMGps=609.3 elapsed=3d6h33m
Aug 30 01:26:38 nimbus-eth1-mainnet-long-benchmark[4120996]: INF 2026-08-30 01:26:38.198+00:00 Imported blocks                            blockNumber=19120129 slot=8316948 blocks=19120128 txs=2244315348 mgas=172431865 bps=28.01 tps=4649 mgps=423.3 avgBps=67.54 avgTps=7928 avgMGps=609.1 elapsed=3d6h37m
Aug 30 01:31:26 nimbus-eth1-mainnet-long-benchmark[4120996]: INF 2026-08-30 01:31:26.381+00:00 Imported blocks                            blockNumber=19128321 slot=8325217 blocks=19128320 txs=2245630108 mgas=172555532 bps=28.43 tps=4562 mgps=429.1 avgBps=67.50 avgTps=7924 avgMGps=609.0 elapsed=3d6h42m
Aug 30 01:35:59 nimbus-eth1-mainnet-long-benchmark[4120996]: INF 2026-08-30 01:35:59.996+00:00 Imported blocks                            blockNumber=19136513 slot=8333493 blocks=19136512 txs=2246935356 mgas=172679479 bps=29.94 tps=4770 mgps=453.0 avgBps=67.47 avgTps=7921 avgMGps=608.8 elapsed=3d6h47m
Aug 30 01:40:50 nimbus-eth1-mainnet-long-benchmark[4120996]: INF 2026-08-30 01:40:50.548+00:00 Imported blocks                            blockNumber=19144705 slot=8341773 blocks=19144704 txs=2248201459 mgas=172803583 bps=28.19 tps=4357 mgps=427.1 avgBps=67.43 avgTps=7918 avgMGps=608.6 elapsed=3d6h52m
Aug 30 01:46:13 nimbus-eth1-mainnet-long-benchmark[4120996]: INF 2026-08-30 01:46:13.579+00:00 Imported blocks                            blockNumber=19152897 slot=8350064 blocks=19152896 txs=2249399552 mgas=172927701 bps=25.36 tps=3708 mgps=384.2 avgBps=67.38 avgTps=7913 avgMGps=608.4 elapsed=3d6h57m
Aug 30 01:51:30 nimbus-eth1-mainnet-long-benchmark[4120996]: INF 2026-08-30 01:51:30.405+00:00 Imported blocks                            blockNumber=19161089 slot=8358344 blocks=19161088 txs=2250630011 mgas=173051908 bps=25.86 tps=3883 mgps=392.0 avgBps=67.33 avgTps=7908 avgMGps=608.1 elapsed=3d7h2m
Aug 30 01:56:15 nimbus-eth1-mainnet-long-benchmark[4120996]: INF 2026-08-30 01:56:15.241+00:00 Imported blocks                            blockNumber=19169281 slot=8366622 blocks=19169280 txs=2251872448 mgas=173176031 bps=28.76 tps=4361 mgps=435.8 avgBps=67.30 avgTps=7905 avgMGps=608.0 elapsed=3d7h7m
Aug 30 02:00:37 nimbus-eth1-mainnet-long-benchmark[4120996]: INF 2026-08-30 02:00:37.133+00:00 Imported blocks                            blockNumber=19177473 slot=8374907 blocks=19177472 txs=2253213177 mgas=173300020 bps=31.28 tps=5119 mgps=473.4 avgBps=67.26 avgTps=7902 avgMGps=607.8 elapsed=3d7h11m
Aug 30 02:04:31 nimbus-eth1-mainnet-long-benchmark[4120996]: INF 2026-08-30 02:04:31.765+00:00 Imported blocks                            blockNumber=19185665 slot=8383182 blocks=19185664 txs=2254449937 mgas=173423990 bps=34.91 tps=5271 mgps=528.4 avgBps=67.24 avgTps=7900 avgMGps=607.8 elapsed=3d7h15m
Aug 30 02:08:06 nimbus-eth1-mainnet-long-benchmark[4120996]: INF 2026-08-30 02:08:06.689+00:00 Imported blocks                            blockNumber=19193857 slot=8391454 blocks=19193856 txs=2255672547 mgas=173547797 bps=38.12 tps=5688 mgps=576.1 avgBps=67.21 avgTps=7899 avgMGps=607.7 elapsed=3d7h19m
Aug 30 02:12:20 nimbus-eth1-mainnet-long-benchmark[4120996]: INF 2026-08-30 02:12:20.381+00:00 Imported blocks                            blockNumber=19202049 slot=8399735 blocks=19202048 txs=2256838202 mgas=173671929 bps=32.29 tps=4594 mgps=489.3 avgBps=67.18 avgTps=7896 avgMGps=607.6 elapsed=3d7h23m
Aug 30 02:17:07 nimbus-eth1-mainnet-long-benchmark[4120996]: INF 2026-08-30 02:17:07.888+00:00 Imported blocks                            blockNumber=19210241 slot=8408023 blocks=19210240 txs=2257979168 mgas=173796203 bps=28.49 tps=3968 mgps=432.2 avgBps=67.14 avgTps=7892 avgMGps=607.5 elapsed=3d7h28m
Aug 30 02:21:54 nimbus-eth1-mainnet-long-benchmark[4120996]: INF 2026-08-30 02:21:54.784+00:00 Imported blocks                            blockNumber=19218433 slot=8416275 blocks=19218432 txs=2259160264 mgas=173920498 bps=28.55 tps=4116 mgps=433.2 avgBps=67.11 avgTps=7888 avgMGps=607.3 elapsed=3d7h33m
Aug 30 02:26:30 nimbus-eth1-mainnet-long-benchmark[4120996]: INF 2026-08-30 02:26:30.903+00:00 Imported blocks                            blockNumber=19226625 slot=8424566 blocks=19226624 txs=2260457947 mgas=174044765 bps=29.67 tps=4699 mgps=450.0 avgBps=67.07 avgTps=7885 avgMGps=607.1 elapsed=3d7h37m
Aug 30 02:31:09 nimbus-eth1-mainnet-long-benchmark[4120996]: INF 2026-08-30 02:31:09.183+00:00 Imported blocks                            blockNumber=19234817 slot=8432837 blocks=19234816 txs=2261776970 mgas=174168860 bps=29.44 tps=4739 mgps=445.9 avgBps=67.03 avgTps=7882 avgMGps=607.0 elapsed=3d7h42m
Aug 30 02:35:35 nimbus-eth1-mainnet-long-benchmark[4120996]: INF 2026-08-30 02:35:35.398+00:00 Imported blocks                            blockNumber=19243009 slot=8441120 blocks=19243008 txs=2263137297 mgas=174292771 bps=30.77 tps=5109 mgps=465.5 avgBps=67.00 avgTps=7879 avgMGps=606.8 elapsed=3d7h46m
Aug 30 02:40:48 nimbus-eth1-mainnet-long-benchmark[4120996]: INF 2026-08-30 02:40:48.217+00:00 Imported blocks                            blockNumber=19251201 slot=8449406 blocks=19251200 txs=2264389316 mgas=174416888 bps=26.19 tps=4002 mgps=396.8 avgBps=66.95 avgTps=7875 avgMGps=606.6 elapsed=3d7h52m
Aug 30 02:45:49 nimbus-eth1-mainnet-long-benchmark[4120996]: INF 2026-08-30 02:45:49.597+00:00 Imported blocks                            blockNumber=19259393 slot=8457720 blocks=19259392 txs=2265649650 mgas=174541030 bps=27.18 tps=4181 mgps=411.9 avgBps=66.91 avgTps=7871 avgMGps=606.4 elapsed=3d7h57m
Aug 30 02:50:39 nimbus-eth1-mainnet-long-benchmark[4120996]: INF 2026-08-30 02:50:39.776+00:00 Imported blocks                            blockNumber=19267585 slot=8465991 blocks=19267584 txs=2266965693 mgas=174665084 bps=28.23 tps=4535 mgps=427.5 avgBps=66.87 avgTps=7868 avgMGps=606.2 elapsed=3d8h1m
Aug 30 02:55:20 nimbus-eth1-mainnet-long-benchmark[4120996]: INF 2026-08-30 02:55:20.195+00:00 Imported blocks                            blockNumber=19275777 slot=8474282 blocks=19275776 txs=2268274862 mgas=174789102 bps=29.21 tps=4668 mgps=442.3 avgBps=66.84 avgTps=7865 avgMGps=606.1 elapsed=3d8h6m
Aug 30 02:59:52 nimbus-eth1-mainnet-long-benchmark[4120996]: INF 2026-08-30 02:59:52.763+00:00 Imported blocks                            blockNumber=19283969 slot=8482572 blocks=19283968 txs=2269550703 mgas=174913172 bps=30.05 tps=4680 mgps=455.2 avgBps=66.80 avgTps=7862 avgMGps=605.9 elapsed=3d8h11m
Aug 30 03:04:09 nimbus-eth1-mainnet-long-benchmark[4120996]: INF 2026-08-30 03:04:09.303+00:00 Imported blocks                            blockNumber=19292161 slot=8490824 blocks=19292160 txs=2270856276 mgas=175037241 bps=31.93 tps=5089 mgps=483.6 avgBps=66.77 avgTps=7859 avgMGps=605.8 elapsed=3d8h15m
Aug 30 03:09:19 nimbus-eth1-mainnet-long-benchmark[4120996]: INF 2026-08-30 03:09:19.530+00:00 Imported blocks                            blockNumber=19300353 slot=8499067 blocks=19300352 txs=2272112489 mgas=175161469 bps=26.41 tps=4049 mgps=400.4 avgBps=66.73 avgTps=7855 avgMGps=605.6 elapsed=3d8h20m
Aug 30 03:14:41 nimbus-eth1-mainnet-long-benchmark[4120996]: INF 2026-08-30 03:14:41.953+00:00 Imported blocks                            blockNumber=19308545 slot=8507317 blocks=19308544 txs=2273375716 mgas=175285724 bps=25.41 tps=3917 mgps=385.4 avgBps=66.68 avgTps=7851 avgMGps=605.4 elapsed=3d8h25m
Aug 30 03:19:35 nimbus-eth1-mainnet-long-benchmark[4120996]: INF 2026-08-30 03:19:35.436+00:00 Imported blocks                            blockNumber=19316737 slot=8515576 blocks=19316736 txs=2274748388 mgas=175409863 bps=27.91 tps=4677 mgps=423.0 avgBps=66.64 avgTps=7847 avgMGps=605.2 elapsed=3d8h30m
Aug 30 03:24:22 nimbus-eth1-mainnet-long-benchmark[4120996]: INF 2026-08-30 03:24:22.575+00:00 Imported blocks                            blockNumber=19324929 slot=8523827 blocks=19324928 txs=2276131833 mgas=175534094 bps=28.53 tps=4818 mgps=432.6 avgBps=66.61 avgTps=7844 avgMGps=605.0 elapsed=3d8h35m
Aug 30 03:29:07 nimbus-eth1-mainnet-long-benchmark[4120996]: INF 2026-08-30 03:29:07.631+00:00 Imported blocks                            blockNumber=19333121 slot=8532090 blocks=19333120 txs=2277560132 mgas=175658166 bps=28.74 tps=5010 mgps=435.3 avgBps=66.57 avgTps=7842 avgMGps=604.8 elapsed=3d8h40m
Aug 30 03:33:40 nimbus-eth1-mainnet-long-benchmark[4120996]: INF 2026-08-30 03:33:40.038+00:00 Imported blocks                            blockNumber=19341313 slot=8540334 blocks=19341312 txs=2278938368 mgas=175782397 bps=30.07 tps=5059 mgps=456.0 avgBps=66.53 avgTps=7839 avgMGps=604.7 elapsed=3d8h44m
Aug 30 03:38:12 nimbus-eth1-mainnet-long-benchmark[4120996]: INF 2026-08-30 03:38:12.002+00:00 Imported blocks                            blockNumber=19349505 slot=8548571 blocks=19349504 txs=2280341697 mgas=175906670 bps=30.12 tps=5159 mgps=456.9 avgBps=66.50 avgTps=7837 avgMGps=604.6 elapsed=3d8h49m
Aug 30 03:43:07 nimbus-eth1-mainnet-long-benchmark[4120996]: INF 2026-08-30 03:43:07.973+00:00 Imported blocks                            blockNumber=19357697 slot=8556815 blocks=19357696 txs=2281702043 mgas=176031059 bps=27.68 tps=4596 mgps=420.3 avgBps=66.46 avgTps=7833 avgMGps=604.4 elapsed=3d8h54m
Aug 30 03:47:26 nimbus-eth1-mainnet-long-benchmark[4120996]: INF 2026-08-30 03:47:26.249+00:00 Imported blocks                            blockNumber=19365889 slot=8565049 blocks=19365888 txs=2283153581 mgas=176155271 bps=31.72 tps=5620 mgps=480.9 avgBps=66.43 avgTps=7831 avgMGps=604.3 elapsed=3d8h58m
Aug 30 03:51:43 nimbus-eth1-mainnet-long-benchmark[4120996]: INF 2026-08-30 03:51:43.521+00:00 Imported blocks                            blockNumber=19374081 slot=8573279 blocks=19374080 txs=2284609889 mgas=176279459 bps=31.84 tps=5660 mgps=482.7 avgBps=66.40 avgTps=7829 avgMGps=604.2 elapsed=3d9h2m
Aug 30 03:55:55 nimbus-eth1-mainnet-long-benchmark[4120996]: INF 2026-08-30 03:55:55.509+00:00 Imported blocks                            blockNumber=19382273 slot=8581515 blocks=19382272 txs=2286000293 mgas=176403461 bps=32.51 tps=5517 mgps=492.1 avgBps=66.37 avgTps=7827 avgMGps=604.1 elapsed=3d9h7m
Aug 30 04:00:14 nimbus-eth1-mainnet-long-benchmark[4120996]: INF 2026-08-30 04:00:14.156+00:00 Imported blocks                            blockNumber=19390465 slot=8589756 blocks=19390464 txs=2287406625 mgas=176527644 bps=31.67 tps=5437 mgps=480.1 avgBps=66.34 avgTps=7825 avgMGps=603.9 elapsed=3d9h11m
Aug 30 04:04:42 nimbus-eth1-mainnet-long-benchmark[4120996]: INF 2026-08-30 04:04:42.480+00:00 Imported blocks                            blockNumber=19398657 slot=8598061 blocks=19398656 txs=2288782968 mgas=176651943 bps=30.53 tps=5129 mgps=463.2 avgBps=66.31 avgTps=7823 avgMGps=603.8 elapsed=3d9h15m
Aug 30 04:09:16 nimbus-eth1-mainnet-long-benchmark[4120996]: INF 2026-08-30 04:09:16.160+00:00 Imported blocks                            blockNumber=19406849 slot=8606304 blocks=19406848 txs=2290106221 mgas=176776146 bps=29.93 tps=4834 mgps=453.8 avgBps=66.27 avgTps=7820 avgMGps=603.7 elapsed=3d9h20m
Aug 30 04:13:35 nimbus-eth1-mainnet-long-benchmark[4120996]: INF 2026-08-30 04:13:35.872+00:00 Imported blocks                            blockNumber=19415041 slot=8614553 blocks=19415040 txs=2291516046 mgas=176900331 bps=31.54 tps=5428 mgps=478.2 avgBps=66.24 avgTps=7818 avgMGps=603.6 elapsed=3d9h24m
Aug 30 04:17:57 nimbus-eth1-mainnet-long-benchmark[4120996]: INF 2026-08-30 04:17:57.935+00:00 Imported blocks                            blockNumber=19423233 slot=8622797 blocks=19423232 txs=2292923058 mgas=177024522 bps=31.26 tps=5368 mgps=473.9 avgBps=66.21 avgTps=7816 avgMGps=603.4 elapsed=3d9h29m
Aug 30 04:22:33 nimbus-eth1-mainnet-long-benchmark[4120996]: INF 2026-08-30 04:22:33.451+00:00 Imported blocks                            blockNumber=19431425 slot=8631094 blocks=19431424 txs=2294402074 mgas=177148966 bps=29.73 tps=5368 mgps=451.7 avgBps=66.18 avgTps=7813 avgMGps=603.3 elapsed=3d9h33m
Aug 30 04:27:25 nimbus-eth1-mainnet-long-benchmark[4120996]: INF 2026-08-30 04:27:25.658+00:00 Imported blocks                            blockNumber=19439617 slot=8639405 blocks=19439616 txs=2295896268 mgas=177273565 bps=28.04 tps=5113 mgps=426.4 avgBps=66.14 avgTps=7811 avgMGps=603.1 elapsed=3d9h38m
Aug 30 04:32:36 nimbus-eth1-mainnet-long-benchmark[4120996]: INF 2026-08-30 04:32:36.573+00:00 Imported blocks                            blockNumber=19447809 slot=8647696 blocks=19447808 txs=2297421957 mgas=177398219 bps=26.35 tps=4907 mgps=400.9 avgBps=66.10 avgTps=7808 avgMGps=602.9 elapsed=3d9h43m
Aug 30 04:38:04 nimbus-eth1-mainnet-long-benchmark[4120996]: INF 2026-08-30 04:38:04.236+00:00 Imported blocks                            blockNumber=19456001 slot=8655991 blocks=19456000 txs=2298822192 mgas=177522966 bps=25.00 tps=4273 mgps=380.7 avgBps=66.05 avgTps=7804 avgMGps=602.7 elapsed=3d9h49m
Aug 30 04:43:14 nimbus-eth1-mainnet-long-benchmark[4120996]: INF 2026-08-30 04:43:14.667+00:00 Imported blocks                            blockNumber=19464193 slot=8664284 blocks=19464192 txs=2300285265 mgas=177647675 bps=26.39 tps=4713 mgps=401.7 avgBps=66.01 avgTps=7800 avgMGps=602.5 elapsed=3d9h54m
Aug 30 04:47:51 nimbus-eth1-mainnet-long-benchmark[4120996]: INF 2026-08-30 04:47:51.202+00:00 Imported blocks                            blockNumber=19472385 slot=8672573 blocks=19472384 txs=2301852852 mgas=177772168 bps=29.62 tps=5668 mgps=450.2 avgBps=65.98 avgTps=7798 avgMGps=602.3 elapsed=3d9h59m
Aug 30 04:52:34 nimbus-eth1-mainnet-long-benchmark[4120996]: INF 2026-08-30 04:52:34.898+00:00 Imported blocks                            blockNumber=19480577 slot=8680848 blocks=19480576 txs=2303422834 mgas=177896844 bps=28.88 tps=5534 mgps=439.5 avgBps=65.94 avgTps=7796 avgMGps=602.2 elapsed=3d10h3m
Aug 30 04:57:30 nimbus-eth1-mainnet-long-benchmark[4120996]: INF 2026-08-30 04:57:30.469+00:00 Imported blocks                            blockNumber=19488769 slot=8689133 blocks=19488768 txs=2304942144 mgas=178021486 bps=27.72 tps=5140 mgps=421.7 avgBps=65.90 avgTps=7794 avgMGps=602.0 elapsed=3d10h8m
Aug 30 05:02:32 nimbus-eth1-mainnet-long-benchmark[4120996]: INF 2026-08-30 05:02:32.200+00:00 Imported blocks                            blockNumber=19496961 slot=8697400 blocks=19496960 txs=2306475097 mgas=178146049 bps=27.15 tps=5080 mgps=412.8 avgBps=65.86 avgTps=7791 avgMGps=601.8 elapsed=3d10h13m
Aug 30 05:07:55 nimbus-eth1-mainnet-long-benchmark[4120996]: INF 2026-08-30 05:07:55.387+00:00 Imported blocks                            blockNumber=19505153 slot=8705700 blocks=19505152 txs=2307916650 mgas=178270755 bps=25.35 tps=4460 mgps=385.9 avgBps=65.82 avgTps=7787 avgMGps=601.6 elapsed=3d10h19m
Aug 30 05:13:00 nimbus-eth1-mainnet-long-benchmark[4120996]: INF 2026-08-30 05:13:00.222+00:00 Imported blocks                            blockNumber=19513345 slot=8714026 blocks=19513344 txs=2309348126 mgas=178395334 bps=26.87 tps=4695 mgps=408.7 avgBps=65.78 avgTps=7784 avgMGps=601.4 elapsed=3d10h24m
Aug 30 05:18:08 nimbus-eth1-mainnet-long-benchmark[4120996]: INF 2026-08-30 05:18:08.645+00:00 Imported blocks                            blockNumber=19521537 slot=8722316 blocks=19521536 txs=2310882729 mgas=178519653 bps=26.56 tps=4975 mgps=403.1 avgBps=65.74 avgTps=7781 avgMGps=601.1 elapsed=3d10h29m
Aug 30 05:23:03 nimbus-eth1-mainnet-long-benchmark[4120996]: INF 2026-08-30 05:23:03.968+00:00 Imported blocks                            blockNumber=19529729 slot=8730829 blocks=19529728 txs=2312387407 mgas=178643991 bps=27.74 tps=5095 mgps=421.0 avgBps=65.70 avgTps=7778 avgMGps=601.0 elapsed=3d10h34m
Aug 30 05:27:50 nimbus-eth1-mainnet-long-benchmark[4120996]: INF 2026-08-30 05:27:50.300+00:00 Imported blocks                            blockNumber=19537921 slot=8739185 blocks=19537920 txs=2313883498 mgas=178768372 bps=28.61 tps=5225 mgps=434.4 avgBps=65.66 avgTps=7776 avgMGps=600.8 elapsed=3d10h39m
Aug 30 05:32:44 nimbus-eth1-mainnet-long-benchmark[4120996]: INF 2026-08-30 05:32:44.323+00:00 Imported blocks                            blockNumber=19546113 slot=8747474 blocks=19546112 txs=2315355438 mgas=178892776 bps=27.86 tps=5006 mgps=423.1 avgBps=65.63 avgTps=7773 avgMGps=600.6 elapsed=3d10h44m
Aug 30 05:37:54 nimbus-eth1-mainnet-long-benchmark[4120996]: INF 2026-08-30 05:37:54.778+00:00 Imported blocks                            blockNumber=19554305 slot=8755777 blocks=19554304 txs=2316776897 mgas=179017187 bps=26.39 tps=4578 mgps=400.7 avgBps=65.59 avgTps=7770 avgMGps=600.4 elapsed=3d10h49m
Aug 30 05:42:50 nimbus-eth1-mainnet-long-benchmark[4120996]: INF 2026-08-30 05:42:50.117+00:00 Imported blocks                            blockNumber=19562497 slot=8764071 blocks=19562496 txs=2318226452 mgas=179141573 bps=27.74 tps=4908 mgps=421.2 avgBps=65.55 avgTps=7767 avgMGps=600.2 elapsed=3d10h54m
Aug 30 05:47:19 nimbus-eth1-mainnet-long-benchmark[4120996]: INF 2026-08-30 05:47:19.661+00:00 Imported blocks                            blockNumber=19570689 slot=8772348 blocks=19570688 txs=2319662627 mgas=179265855 bps=30.39 tps=5328 mgps=461.1 avgBps=65.52 avgTps=7765 avgMGps=600.1 elapsed=3d10h58m
Aug 30 05:51:47 nimbus-eth1-mainnet-long-benchmark[4120996]: INF 2026-08-30 05:51:47.749+00:00 Imported blocks                            blockNumber=19578881 slot=8780597 blocks=19578880 txs=2321047101 mgas=179389975 bps=30.56 tps=5164 mgps=463.0 avgBps=65.48 avgTps=7763 avgMGps=600.0 elapsed=3d11h3m
Aug 30 05:56:20 nimbus-eth1-mainnet-long-benchmark[4120996]: INF 2026-08-30 05:56:20.232+00:00 Imported blocks                            blockNumber=19587073 slot=8788850 blocks=19587072 txs=2322470845 mgas=179514208 bps=30.06 tps=5225 mgps=455.9 avgBps=65.45 avgTps=7760 avgMGps=599.9 elapsed=3d11h7m
Aug 30 06:00:59 nimbus-eth1-mainnet-long-benchmark[4120996]: INF 2026-08-30 06:00:59.880+00:00 Imported blocks                            blockNumber=19595265 slot=8797112 blocks=19595264 txs=2323882375 mgas=179638494 bps=29.29 tps=5047 mgps=444.4 avgBps=65.42 avgTps=7758 avgMGps=599.7 elapsed=3d11h12m
Aug 30 06:06:04 nimbus-eth1-mainnet-long-benchmark[4120996]: INF 2026-08-30 06:06:04.939+00:00 Imported blocks                            blockNumber=19603457 slot=8805376 blocks=19603456 txs=2325244495 mgas=179762976 bps=26.85 tps=4465 mgps=408.1 avgBps=65.38 avgTps=7754 avgMGps=599.5 elapsed=3d11h17m
Aug 30 06:10:53 nimbus-eth1-mainnet-long-benchmark[4120996]: INF 2026-08-30 06:10:53.818+00:00 Imported blocks                            blockNumber=19611649 slot=8813644 blocks=19611648 txs=2326611082 mgas=179887373 bps=28.36 tps=4730 mgps=430.6 avgBps=65.34 avgTps=7752 avgMGps=599.4 elapsed=3d11h22m
Aug 30 06:15:08 nimbus-eth1-mainnet-long-benchmark[4120996]: INF 2026-08-30 06:15:08.594+00:00 Imported blocks                            blockNumber=19619841 slot=8821912 blocks=19619840 txs=2328042386 mgas=180011676 bps=32.15 tps=5617 mgps=487.9 avgBps=65.32 avgTps=7750 avgMGps=599.3 elapsed=3d11h26m
Aug 30 06:19:50 nimbus-eth1-mainnet-long-benchmark[4120996]: INF 2026-08-30 06:19:50.486+00:00 Imported blocks                            blockNumber=19628033 slot=8830158 blocks=19628032 txs=2329425223 mgas=180135955 bps=29.06 tps=4905 mgps=440.9 avgBps=65.28 avgTps=7747 avgMGps=599.1 elapsed=3d11h31m
Aug 30 06:24:35 nimbus-eth1-mainnet-long-benchmark[4120996]: INF 2026-08-30 06:24:35.597+00:00 Imported blocks                            blockNumber=19636225 slot=8838416 blocks=19636224 txs=2330811540 mgas=180260222 bps=28.73 tps=4862 mgps=435.9 avgBps=65.25 avgTps=7744 avgMGps=599.0 elapsed=3d11h35m
Aug 30 06:29:15 nimbus-eth1-mainnet-long-benchmark[4120996]: INF 2026-08-30 06:29:15.849+00:00 Imported blocks                            blockNumber=19644417 slot=8846685 blocks=19644416 txs=2332289472 mgas=180384506 bps=29.23 tps=5273 mgps=443.5 avgBps=65.21 avgTps=7742 avgMGps=598.8 elapsed=3d11h40m
Aug 30 06:34:02 nimbus-eth1-mainnet-long-benchmark[4120996]: INF 2026-08-30 06:34:02.172+00:00 Imported blocks                            blockNumber=19652609 slot=8854969 blocks=19652608 txs=2333616622 mgas=180509018 bps=28.61 tps=4635 mgps=434.9 avgBps=65.18 avgTps=7739 avgMGps=598.7 elapsed=3d11h45m
Aug 30 06:39:04 nimbus-eth1-mainnet-long-benchmark[4120996]: INF 2026-08-30 06:39:04.371+00:00 Imported blocks                            blockNumber=19660801 slot=8863231 blocks=19660800 txs=2334949743 mgas=180633638 bps=27.11 tps=4411 mgps=412.4 avgBps=65.14 avgTps=7736 avgMGps=598.5 elapsed=3d11h50m
Aug 30 06:43:54 nimbus-eth1-mainnet-long-benchmark[4120996]: INF 2026-08-30 06:43:54.671+00:00 Imported blocks                            blockNumber=19668993 slot=8871496 blocks=19668992 txs=2336311442 mgas=180758096 bps=28.22 tps=4690 mgps=428.7 avgBps=65.11 avgTps=7733 avgMGps=598.3 elapsed=3d11h55m
Aug 30 06:48:21 nimbus-eth1-mainnet-long-benchmark[4120996]: INF 2026-08-30 06:48:21.158+00:00 Imported blocks                            blockNumber=19677185 slot=8879742 blocks=19677184 txs=2337713842 mgas=180882816 bps=30.74 tps=5262 mgps=468.0 avgBps=65.07 avgTps=7731 avgMGps=598.2 elapsed=3d11h59m
Aug 30 06:53:02 nimbus-eth1-mainnet-long-benchmark[4120996]: INF 2026-08-30 06:53:02.170+00:00 Imported blocks                            blockNumber=19685377 slot=8887996 blocks=19685376 txs=2339140263 mgas=181007201 bps=29.15 tps=5076 mgps=442.6 avgBps=65.04 avgTps=7728 avgMGps=598.1 elapsed=3d12h4m
Aug 30 06:57:43 nimbus-eth1-mainnet-long-benchmark[4120996]: INF 2026-08-30 06:57:43.589+00:00 Imported blocks                            blockNumber=19693569 slot=8896260 blocks=19693568 txs=2340489748 mgas=181131727 bps=29.11 tps=4795 mgps=442.5 avgBps=65.01 avgTps=7725 avgMGps=597.9 elapsed=3d12h9m
Aug 30 07:02:51 nimbus-eth1-mainnet-long-benchmark[4120996]: INF 2026-08-30 07:02:51.316+00:00 Imported blocks                            blockNumber=19701761 slot=8904509 blocks=19701760 txs=2341790546 mgas=181256410 bps=26.62 tps=4227 mgps=405.2 avgBps=64.97 avgTps=7722 avgMGps=597.7 elapsed=3d12h14m
Aug 30 07:07:44 nimbus-eth1-mainnet-long-benchmark[4120996]: INF 2026-08-30 07:07:44.664+00:00 Imported blocks                            blockNumber=19709953 slot=8912750 blocks=19709952 txs=2343103030 mgas=181380933 bps=27.93 tps=4474 mgps=424.5 avgBps=64.93 avgTps=7719 avgMGps=597.5 elapsed=3d12h19m
Aug 30 07:12:24 nimbus-eth1-mainnet-long-benchmark[4120996]: INF 2026-08-30 07:12:24.767+00:00 Imported blocks                            blockNumber=19718145 slot=8920990 blocks=19718144 txs=2344470310 mgas=181505168 bps=29.25 tps=4881 mgps=443.5 avgBps=64.90 avgTps=7716 avgMGps=597.4 elapsed=3d12h23m
Aug 30 07:16:48 nimbus-eth1-mainnet-long-benchmark[4120996]: INF 2026-08-30 07:16:48.659+00:00 Imported blocks                            blockNumber=19726337 slot=8929255 blocks=19726336 txs=2345837875 mgas=181629411 bps=31.04 tps=5182 mgps=470.8 avgBps=64.87 avgTps=7714 avgMGps=597.3 elapsed=3d12h28m
Aug 30 07:21:15 nimbus-eth1-mainnet-long-benchmark[4120996]: INF 2026-08-30 07:21:15.991+00:00 Imported blocks                            blockNumber=19734529 slot=8937499 blocks=19734528 txs=2347198405 mgas=181753610 bps=30.64 tps=5089 mgps=464.6 avgBps=64.84 avgTps=7712 avgMGps=597.2 elapsed=3d12h32m
Aug 30 07:26:11 nimbus-eth1-mainnet-long-benchmark[4120996]: INF 2026-08-30 07:26:11.058+00:00 Imported blocks                            blockNumber=19742721 slot=8945763 blocks=19742720 txs=2348554389 mgas=181878150 bps=27.76 tps=4595 mgps=422.1 avgBps=64.81 avgTps=7709 avgMGps=597.0 elapsed=3d12h37m
Aug 30 07:31:12 nimbus-eth1-mainnet-long-benchmark[4120996]: INF 2026-08-30 07:31:12.253+00:00 Imported blocks                            blockNumber=19750913 slot=8954019 blocks=19750912 txs=2349807259 mgas=182002972 bps=27.20 tps=4159 mgps=414.4 avgBps=64.77 avgTps=7705 avgMGps=596.8 elapsed=3d12h42m
Aug 30 07:36:05 nimbus-eth1-mainnet-long-benchmark[4120996]: INF 2026-08-30 07:36:05.380+00:00 Imported blocks                            blockNumber=19759105 slot=8962263 blocks=19759104 txs=2351124405 mgas=182127552 bps=27.95 tps=4493 mgps=425.0 avgBps=64.73 avgTps=7702 avgMGps=596.7 elapsed=3d12h47m
Aug 30 07:40:38 nimbus-eth1-mainnet-long-benchmark[4120996]: INF 2026-08-30 07:40:38.504+00:00 Imported blocks                            blockNumber=19767297 slot=8970503 blocks=19767296 txs=2352550115 mgas=182251871 bps=29.99 tps=5220 mgps=455.2 avgBps=64.70 avgTps=7700 avgMGps=596.5 elapsed=3d12h51m
Aug 30 07:45:09 nimbus-eth1-mainnet-long-benchmark[4120996]: INF 2026-08-30 07:45:09.648+00:00 Imported blocks                            blockNumber=19775489 slot=8978751 blocks=19775488 txs=2353977058 mgas=182376278 bps=30.21 tps=5262 mgps=458.8 avgBps=64.67 avgTps=7698 avgMGps=596.4 elapsed=3d12h56m
Aug 30 07:49:48 nimbus-eth1-mainnet-long-benchmark[4120996]: INF 2026-08-30 07:49:48.459+00:00 Imported blocks                            blockNumber=19783681 slot=8986991 blocks=19783680 txs=2355385154 mgas=182500765 bps=29.38 tps=5050 mgps=446.5 avgBps=64.64 avgTps=7695 avgMGps=596.3 elapsed=3d13h1m
Aug 30 07:54:42 nimbus-eth1-mainnet-long-benchmark[4120996]: INF 2026-08-30 07:54:42.975+00:00 Imported blocks                            blockNumber=19791873 slot=8995239 blocks=19791872 txs=2356761108 mgas=182624987 bps=27.82 tps=4672 mgps=421.8 avgBps=64.60 avgTps=7692 avgMGps=596.1 elapsed=3d13h5m
Aug 30 07:59:50 nimbus-eth1-mainnet-long-benchmark[4120996]: INF 2026-08-30 07:59:50.070+00:00 Imported blocks                            blockNumber=19800065 slot=9003484 blocks=19800064 txs=2358089557 mgas=182749443 bps=26.68 tps=4325 mgps=405.3 avgBps=64.57 avgTps=7689 avgMGps=595.9 elapsed=3d13h11m
Aug 30 08:04:30 nimbus-eth1-mainnet-long-benchmark[4120996]: INF 2026-08-30 08:04:30.281+00:00 Imported blocks                            blockNumber=19808257 slot=9011734 blocks=19808256 txs=2359398525 mgas=182873980 bps=29.24 tps=4671 mgps=444.4 avgBps=64.53 avgTps=7686 avgMGps=595.8 elapsed=3d13h15m
Aug 30 08:09:17 nimbus-eth1-mainnet-long-benchmark[4120996]: INF 2026-08-30 08:09:17.393+00:00 Imported blocks                            blockNumber=19816449 slot=9019990 blocks=19816448 txs=2360759798 mgas=182998432 bps=28.53 tps=4741 mgps=433.5 avgBps=64.50 avgTps=7683 avgMGps=595.6 elapsed=3d13h20m
Aug 30 08:14:09 nimbus-eth1-mainnet-long-benchmark[4120996]: INF 2026-08-30 08:14:09.740+00:00 Imported blocks                            blockNumber=19824641 slot=9028233 blocks=19824640 txs=2362146598 mgas=183122874 bps=28.02 tps=4743 mgps=425.7 avgBps=64.46 avgTps=7681 avgMGps=595.5 elapsed=3d13h25m
Aug 30 08:19:00 nimbus-eth1-mainnet-long-benchmark[4120996]: INF 2026-08-30 08:19:00.243+00:00 Imported blocks                            blockNumber=19832833 slot=9036486 blocks=19832832 txs=2363458231 mgas=183247346 bps=28.20 tps=4515 mgps=428.5 avgBps=64.43 avgTps=7678 avgMGps=595.3 elapsed=3d13h30m
Aug 30 08:24:12 nimbus-eth1-mainnet-long-benchmark[4120996]: INF 2026-08-30 08:24:12.602+00:00 Imported blocks                            blockNumber=19841025 slot=9044737 blocks=19841024 txs=2364779894 mgas=183372069 bps=26.23 tps=4231 mgps=399.3 avgBps=64.39 avgTps=7674 avgMGps=595.1 elapsed=3d13h35m
Aug 30 08:28:42 nimbus-eth1-mainnet-long-benchmark[4120996]: INF 2026-08-30 08:28:42.382+00:00 Imported blocks                            blockNumber=19849217 slot=9052980 blocks=19849216 txs=2366076481 mgas=183496270 bps=30.37 tps=4806 mgps=460.4 avgBps=64.36 avgTps=7672 avgMGps=595.0 elapsed=3d13h39m
Aug 30 08:33:29 nimbus-eth1-mainnet-long-benchmark[4120996]: INF 2026-08-30 08:33:29.889+00:00 Imported blocks                            blockNumber=19857409 slot=9061230 blocks=19857408 txs=2367288171 mgas=183621087 bps=28.49 tps=4214 mgps=434.1 avgBps=64.33 avgTps=7668 avgMGps=594.8 elapsed=3d13h44m
Aug 30 08:38:07 nimbus-eth1-mainnet-long-benchmark[4120996]: INF 2026-08-30 08:38:07.817+00:00 Imported blocks                            blockNumber=19865601 slot=9069473 blocks=19865600 txs=2368629215 mgas=183745503 bps=29.48 tps=4825 mgps=447.7 avgBps=64.30 avgTps=7666 avgMGps=594.7 elapsed=3d13h49m
Aug 30 08:42:55 nimbus-eth1-mainnet-long-benchmark[4120996]: INF 2026-08-30 08:42:55.636+00:00 Imported blocks                            blockNumber=19873793 slot=9077747 blocks=19873792 txs=2369993274 mgas=183869981 bps=28.46 tps=4739 mgps=432.5 avgBps=64.26 avgTps=7663 avgMGps=594.6 elapsed=3d13h54m
Aug 30 08:47:34 nimbus-eth1-mainnet-long-benchmark[4120996]: INF 2026-08-30 08:47:34.420+00:00 Imported blocks                            blockNumber=19881985 slot=9085984 blocks=19881984 txs=2371363663 mgas=183994271 bps=29.38 tps=4915 mgps=445.8 avgBps=64.23 avgTps=7661 avgMGps=594.4 elapsed=3d13h58m
Aug 30 08:52:18 nimbus-eth1-mainnet-long-benchmark[4120996]: INF 2026-08-30 08:52:18.483+00:00 Imported blocks                            blockNumber=19890177 slot=9094228 blocks=19890176 txs=2372679389 mgas=184118698 bps=28.84 tps=4631 mgps=438.0 avgBps=64.20 avgTps=7658 avgMGps=594.3 elapsed=3d14h3m
Aug 30 08:57:19 nimbus-eth1-mainnet-long-benchmark[4120996]: INF 2026-08-30 08:57:19.974+00:00 Imported blocks                            blockNumber=19898369 slot=9102490 blocks=19898368 txs=2373929590 mgas=184243201 bps=27.17 tps=4146 mgps=413.0 avgBps=64.16 avgTps=7654 avgMGps=594.1 elapsed=3d14h8m
Aug 30 09:02:06 nimbus-eth1-mainnet-long-benchmark[4120996]: INF 2026-08-30 09:02:06.118+00:00 Imported blocks                            blockNumber=19906561 slot=9110734 blocks=19906560 txs=2375155868 mgas=184367996 bps=28.63 tps=4285 mgps=436.1 avgBps=64.13 avgTps=7651 avgMGps=594.0 elapsed=3d14h13m
Aug 30 09:06:44 nimbus-eth1-mainnet-long-benchmark[4120996]: INF 2026-08-30 09:06:44.297+00:00 Imported blocks                            blockNumber=19914753 slot=9118990 blocks=19914752 txs=2376417889 mgas=184492638 bps=29.45 tps=4536 mgps=448.1 avgBps=64.10 avgTps=7649 avgMGps=593.8 elapsed=3d14h18m
Aug 30 09:11:18 nimbus-eth1-mainnet-long-benchmark[4120996]: INF 2026-08-30 09:11:18.669+00:00 Imported blocks                            blockNumber=19922945 slot=9127236 blocks=19922944 txs=2377790989 mgas=184616708 bps=29.86 tps=5004 mgps=452.2 avgBps=64.07 avgTps=7646 avgMGps=593.7 elapsed=3d14h22m
Aug 30 09:16:00 nimbus-eth1-mainnet-long-benchmark[4120996]: INF 2026-08-30 09:16:00.648+00:00 Imported blocks                            blockNumber=19931137 slot=9135486 blocks=19931136 txs=2379134020 mgas=184740937 bps=29.05 tps=4762 mgps=440.6 avgBps=64.04 avgTps=7644 avgMGps=593.6 elapsed=3d14h27m
Aug 30 09:20:36 nimbus-eth1-mainnet-long-benchmark[4120996]: INF 2026-08-30 09:20:36.168+00:00 Imported blocks                            blockNumber=19939329 slot=9143725 blocks=19939328 txs=2380463369 mgas=184865142 bps=29.73 tps=4824 mgps=450.8 avgBps=64.01 avgTps=7641 avgMGps=593.4 elapsed=3d14h31m
Aug 30 09:25:36 nimbus-eth1-mainnet-long-benchmark[4120996]: INF 2026-08-30 09:25:36.047+00:00 Imported blocks                            blockNumber=19947521 slot=9151974 blocks=19947520 txs=2381796452 mgas=184989535 bps=27.32 tps=4445 mgps=414.8 avgBps=63.97 avgTps=7638 avgMGps=593.3 elapsed=3d14h36m
Aug 30 09:30:33 nimbus-eth1-mainnet-long-benchmark[4120996]: INF 2026-08-30 09:30:33.590+00:00 Imported blocks                            blockNumber=19955713 slot=9160210 blocks=19955712 txs=2383111394 mgas=185113958 bps=27.53 tps=4419 mgps=418.2 avgBps=63.94 avgTps=7635 avgMGps=593.1 elapsed=3d14h41m
Aug 30 09:35:00 nimbus-eth1-mainnet-long-benchmark[4120996]: INF 2026-08-30 09:35:00.546+00:00 Imported blocks                            blockNumber=19963905 slot=9168454 blocks=19963904 txs=2384444413 mgas=185238304 bps=30.69 tps=4993 mgps=465.8 avgBps=63.91 avgTps=7633 avgMGps=593.0 elapsed=3d14h46m
Aug 30 09:39:36 nimbus-eth1-mainnet-long-benchmark[4120996]: INF 2026-08-30 09:39:36.702+00:00 Imported blocks                            blockNumber=19972097 slot=9176695 blocks=19972096 txs=2385701765 mgas=185362537 bps=29.66 tps=4553 mgps=449.9 avgBps=63.88 avgTps=7630 avgMGps=592.9 elapsed=3d14h50m
Aug 30 09:44:06 nimbus-eth1-mainnet-long-benchmark[4120996]: INF 2026-08-30 09:44:06.029+00:00 Imported blocks                            blockNumber=19980289 slot=9184953 blocks=19980288 txs=2387025333 mgas=185486631 bps=30.42 tps=4914 mgps=460.8 avgBps=63.85 avgTps=7628 avgMGps=592.8 elapsed=3d14h55m
Aug 30 09:48:30 nimbus-eth1-mainnet-long-benchmark[4120996]: INF 2026-08-30 09:48:30.833+00:00 Imported blocks                            blockNumber=19988481 slot=9193196 blocks=19988480 txs=2388352084 mgas=185610795 bps=30.94 tps=5010 mgps=468.9 avgBps=63.82 avgTps=7625 avgMGps=592.7 elapsed=3d14h59m
Aug 30 09:53:09 nimbus-eth1-mainnet-long-benchmark[4120996]: INF 2026-08-30 09:53:09.917+00:00 Imported blocks                            blockNumber=19996673 slot=9201443 blocks=19996672 txs=2389688336 mgas=185734792 bps=29.35 tps=4787 mgps=444.3 avgBps=63.79 avgTps=7623 avgMGps=592.5 elapsed=3d15h4m
Aug 30 09:57:43 nimbus-eth1-mainnet-long-benchmark[4120996]: INF 2026-08-30 09:57:43.432+00:00 Imported blocks                            blockNumber=20004865 slot=9209675 blocks=20004864 txs=2390929190 mgas=185859018 bps=29.95 tps=4536 mgps=454.2 avgBps=63.76 avgTps=7620 avgMGps=592.4 elapsed=3d15h8m
Aug 30 10:02:04 nimbus-eth1-mainnet-long-benchmark[4120996]: INF 2026-08-30 10:02:04.836+00:00 Imported blocks                            blockNumber=20013057 slot=9217912 blocks=20013056 txs=2392233989 mgas=185982949 bps=31.34 tps=4991 mgps=474.1 avgBps=63.74 avgTps=7618 avgMGps=592.3 elapsed=3d15h13m
Aug 30 10:06:36 nimbus-eth1-mainnet-long-benchmark[4120996]: INF 2026-08-30 10:06:36.976+00:00 Imported blocks                            blockNumber=20021249 slot=9226144 blocks=20021248 txs=2393564776 mgas=186106900 bps=30.10 tps=4890 mgps=455.5 avgBps=63.71 avgTps=7616 avgMGps=592.2 elapsed=3d15h17m
Aug 30 10:10:49 nimbus-eth1-mainnet-long-benchmark[4120996]: INF 2026-08-30 10:10:49.476+00:00 Imported blocks                            blockNumber=20029441 slot=9234372 blocks=20029440 txs=2394903672 mgas=186230721 bps=32.44 tps=5302 mgps=490.4 avgBps=63.68 avgTps=7614 avgMGps=592.1 elapsed=3d15h22m
Aug 30 10:15:08 nimbus-eth1-mainnet-long-benchmark[4120996]: INF 2026-08-30 10:15:08.508+00:00 Imported blocks                            blockNumber=20037633 slot=9242611 blocks=20037632 txs=2396220762 mgas=186354375 bps=31.63 tps=5084 mgps=477.4 avgBps=63.65 avgTps=7612 avgMGps=592.0 elapsed=3d15h26m
Aug 30 10:19:39 nimbus-eth1-mainnet-long-benchmark[4120996]: INF 2026-08-30 10:19:39.307+00:00 Imported blocks                            blockNumber=20045825 slot=9250848 blocks=20045824 txs=2397567844 mgas=186478329 bps=30.25 tps=4974 mgps=457.7 avgBps=63.63 avgTps=7609 avgMGps=591.9 elapsed=3d15h30m
Aug 30 10:24:24 nimbus-eth1-mainnet-long-benchmark[4120996]: INF 2026-08-30 10:24:24.419+00:00 Imported blocks                            blockNumber=20054017 slot=9259089 blocks=20054016 txs=2398893111 mgas=186602206 bps=28.73 tps=4648 mgps=434.5 avgBps=63.59 avgTps=7607 avgMGps=591.7 elapsed=3d15h35m
Aug 30 10:28:58 nimbus-eth1-mainnet-long-benchmark[4120996]: INF 2026-08-30 10:28:58.310+00:00 Imported blocks                            blockNumber=20062209 slot=9267322 blocks=20062208 txs=2400211828 mgas=186726261 bps=29.91 tps=4814 mgps=452.9 avgBps=63.57 avgTps=7604 avgMGps=591.6 elapsed=3d15h40m
Aug 30 10:33:17 nimbus-eth1-mainnet-long-benchmark[4120996]: INF 2026-08-30 10:33:17.590+00:00 Imported blocks                            blockNumber=20070401 slot=9275563 blocks=20070400 txs=2401578055 mgas=186850023 bps=31.60 tps=5269 mgps=477.3 avgBps=63.54 avgTps=7602 avgMGps=591.5 elapsed=3d15h44m
Aug 30 10:37:38 nimbus-eth1-mainnet-long-benchmark[4120996]: INF 2026-08-30 10:37:38.930+00:00 Imported blocks                            blockNumber=20078593 slot=9283801 blocks=20078592 txs=2402962926 mgas=186973935 bps=31.35 tps=5299 mgps=474.1 avgBps=63.51 avgTps=7601 avgMGps=591.4 elapsed=3d15h48m
Aug 30 10:41:57 nimbus-eth1-mainnet-long-benchmark[4120996]: INF 2026-08-30 10:41:57.238+00:00 Imported blocks                            blockNumber=20086785 slot=9292062 blocks=20086784 txs=2404369052 mgas=187097875 bps=31.71 tps=5443 mgps=479.8 avgBps=63.49 avgTps=7599 avgMGps=591.3 elapsed=3d15h53m
Aug 30 10:46:31 nimbus-eth1-mainnet-long-benchmark[4120996]: INF 2026-08-30 10:46:31.949+00:00 Imported blocks                            blockNumber=20094977 slot=9300302 blocks=20094976 txs=2405708737 mgas=187221890 bps=29.82 tps=4876 mgps=451.4 avgBps=63.46 avgTps=7596 avgMGps=591.2 elapsed=3d15h57m
Aug 30 10:51:26 nimbus-eth1-mainnet-long-benchmark[4120996]: INF 2026-08-30 10:51:26.605+00:00 Imported blocks                            blockNumber=20103169 slot=9308551 blocks=20103168 txs=2407010451 mgas=187345919 bps=27.80 tps=4417 mgps=420.9 avgBps=63.42 avgTps=7593 avgMGps=591.1 elapsed=3d16h2m
Aug 30 10:56:22 nimbus-eth1-mainnet-long-benchmark[4120996]: INF 2026-08-30 10:56:22.196+00:00 Imported blocks                            blockNumber=20111361 slot=9316795 blocks=20111360 txs=2408283517 mgas=187470007 bps=27.71 tps=4306 mgps=419.8 avgBps=63.39 avgTps=7590 avgMGps=590.9 elapsed=3d16h7m
Aug 30 11:01:03 nimbus-eth1-mainnet-long-benchmark[4120996]: INF 2026-08-30 11:01:03.255+00:00 Imported blocks                            blockNumber=20119553 slot=9325059 blocks=20119552 txs=2409625302 mgas=187594100 bps=29.15 tps=4774 mgps=441.5 avgBps=63.36 avgTps=7588 avgMGps=590.8 elapsed=3d16h12m
Aug 30 11:05:38 nimbus-eth1-mainnet-long-benchmark[4120996]: INF 2026-08-30 11:05:38.887+00:00 Imported blocks                            blockNumber=20127745 slot=9333311 blocks=20127744 txs=2410925606 mgas=187718271 bps=29.72 tps=4717 mgps=450.5 avgBps=63.33 avgTps=7585 avgMGps=590.7 elapsed=3d16h16m
Aug 30 11:10:00 nimbus-eth1-mainnet-long-benchmark[4120996]: INF 2026-08-30 11:09:59.995+00:00 Imported blocks                            blockNumber=20135937 slot=9341560 blocks=20135936 txs=2412238434 mgas=187842167 bps=31.37 tps=5027 mgps=474.5 avgBps=63.31 avgTps=7583 avgMGps=590.6 elapsed=3d16h21m
Aug 30 11:15:00 nimbus-eth1-mainnet-long-benchmark[4120996]: INF 2026-08-30 11:15:00.202+00:00 Imported blocks                            blockNumber=20144129 slot=9349801 blocks=20144128 txs=2413717031 mgas=187966299 bps=27.29 tps=4925 mgps=413.5 avgBps=63.27 avgTps=7581 avgMGps=590.4 elapsed=3d16h26m
Aug 30 11:20:23 nimbus-eth1-mainnet-long-benchmark[4120996]: INF 2026-08-30 11:20:23.817+00:00 Imported blocks                            blockNumber=20152321 slot=9358049 blocks=20152320 txs=2415119005 mgas=188090641 bps=25.31 tps=4332 mgps=384.2 avgBps=63.23 avgTps=7578 avgMGps=590.2 elapsed=3d16h31m
Aug 30 11:25:28 nimbus-eth1-mainnet-long-benchmark[4120996]: INF 2026-08-30 11:25:28.800+00:00 Imported blocks                            blockNumber=20160513 slot=9366304 blocks=20160512 txs=2416397725 mgas=188215015 bps=26.86 tps=4192 mgps=407.8 avgBps=63.20 avgTps=7574 avgMGps=590.0 elapsed=3d16h36m
Aug 30 11:30:16 nimbus-eth1-mainnet-long-benchmark[4120996]: INF 2026-08-30 11:30:16.679+00:00 Imported blocks                            blockNumber=20168705 slot=9374550 blocks=20168704 txs=2417744403 mgas=188338951 bps=28.46 tps=4677 mgps=430.5 avgBps=63.17 avgTps=7572 avgMGps=589.9 elapsed=3d16h41m
Aug 30 11:35:06 nimbus-eth1-mainnet-long-benchmark[4120996]: INF 2026-08-30 11:35:06.699+00:00 Imported blocks                            blockNumber=20176897 slot=9382778 blocks=20176896 txs=2419168926 mgas=188463060 bps=28.25 tps=4911 mgps=427.9 avgBps=63.14 avgTps=7569 avgMGps=589.7 elapsed=3d16h46m
Aug 30 11:39:40 nimbus-eth1-mainnet-long-benchmark[4120996]: INF 2026-08-30 11:39:40.890+00:00 Imported blocks                            blockNumber=20185089 slot=9391015 blocks=20185088 txs=2420546145 mgas=188586945 bps=29.88 tps=5022 mgps=451.8 avgBps=63.11 avgTps=7567 avgMGps=589.6 elapsed=3d16h50m
Aug 30 11:44:22 nimbus-eth1-mainnet-long-benchmark[4120996]: INF 2026-08-30 11:44:22.090+00:00 Imported blocks                            blockNumber=20193281 slot=9399251 blocks=20193280 txs=2421882332 mgas=188710733 bps=29.13 tps=4751 mgps=440.2 avgBps=63.08 avgTps=7565 avgMGps=589.5 elapsed=3d16h55m
Aug 30 11:49:36 nimbus-eth1-mainnet-long-benchmark[4120996]: INF 2026-08-30 11:49:36.241+00:00 Imported blocks                            blockNumber=20201473 slot=9407494 blocks=20201472 txs=2423180795 mgas=188835003 bps=26.08 tps=4133 mgps=395.6 avgBps=63.04 avgTps=7561 avgMGps=589.3 elapsed=3d17h52s
Aug 30 11:54:40 nimbus-eth1-mainnet-long-benchmark[4120996]: INF 2026-08-30 11:54:40.272+00:00 Imported blocks                            blockNumber=20209665 slot=9415724 blocks=20209664 txs=2424467421 mgas=188959091 bps=26.94 tps=4231 mgps=408.1 avgBps=63.01 avgTps=7558 avgMGps=589.1 elapsed=3d17h5m
Aug 30 11:59:30 nimbus-eth1-mainnet-long-benchmark[4120996]: INF 2026-08-30 11:59:30.679+00:00 Imported blocks                            blockNumber=20217857 slot=9423960 blocks=20217856 txs=2425785273 mgas=189083033 bps=28.21 tps=4537 mgps=426.8 avgBps=62.97 avgTps=7555 avgMGps=589.0 elapsed=3d17h10m
Aug 30 12:04:11 nimbus-eth1-mainnet-long-benchmark[4120996]: INF 2026-08-30 12:04:11.659+00:00 Imported blocks                            blockNumber=20226049 slot=9432209 blocks=20226048 txs=2427085190 mgas=189207181 bps=29.16 tps=4626 mgps=441.8 avgBps=62.95 avgTps=7553 avgMGps=588.8 elapsed=3d17h15m
Aug 30 12:08:28 nimbus-eth1-mainnet-long-benchmark[4120996]: INF 2026-08-30 12:08:28.903+00:00 Imported blocks                            blockNumber=20234241 slot=9440439 blocks=20234240 txs=2428446036 mgas=189330955 bps=31.85 tps=5290 mgps=481.2 avgBps=62.92 avgTps=7551 avgMGps=588.7 elapsed=3d17h19m
Aug 30 12:12:51 nimbus-eth1-mainnet-long-benchmark[4120996]: INF 2026-08-30 12:12:51.631+00:00 Imported blocks                            blockNumber=20242433 slot=9448678 blocks=20242432 txs=2429905766 mgas=189454810 bps=31.18 tps=5556 mgps=471.4 avgBps=62.89 avgTps=7549 avgMGps=588.6 elapsed=3d17h24m
Aug 30 12:17:59 nimbus-eth1-mainnet-long-benchmark[4120996]: INF 2026-08-30 12:17:59.170+00:00 Imported blocks                            blockNumber=20250625 slot=9456910 blocks=20250624 txs=2431218182 mgas=189578887 bps=26.64 tps=4267 mgps=403.4 avgBps=62.86 avgTps=7546 avgMGps=588.5 elapsed=3d17h29m
Aug 30 12:23:06 nimbus-eth1-mainnet-long-benchmark[4120996]: INF 2026-08-30 12:23:06.973+00:00 Imported blocks                            blockNumber=20258817 slot=9465146 blocks=20258816 txs=2432389777 mgas=189703315 bps=26.61 tps=3806 mgps=404.2 avgBps=62.83 avgTps=7543 avgMGps=588.3 elapsed=3d17h34m
Aug 30 12:28:04 nimbus-eth1-mainnet-long-benchmark[4120996]: INF 2026-08-30 12:28:04.324+00:00 Imported blocks                            blockNumber=20267009 slot=9473399 blocks=20267008 txs=2433706906 mgas=189827412 bps=27.55 tps=4429 mgps=417.3 avgBps=62.79 avgTps=7540 avgMGps=588.1 elapsed=3d17h39m
Aug 30 12:32:44 nimbus-eth1-mainnet-long-benchmark[4120996]: INF 2026-08-30 12:32:44.963+00:00 Imported blocks                            blockNumber=20275201 slot=9481639 blocks=20275200 txs=2435041169 mgas=189951350 bps=29.19 tps=4754 mgps=441.6 avgBps=62.76 avgTps=7537 avgMGps=588.0 elapsed=3d17h44m
Aug 30 12:37:13 nimbus-eth1-mainnet-long-benchmark[4120996]: INF 2026-08-30 12:37:13.891+00:00 Imported blocks                            blockNumber=20283393 slot=9489868 blocks=20283392 txs=2436404544 mgas=190075417 bps=30.46 tps=5069 mgps=461.3 avgBps=62.74 avgTps=7535 avgMGps=587.9 elapsed=3d17h48m
Aug 30 12:42:06 nimbus-eth1-mainnet-long-benchmark[4120996]: INF 2026-08-30 12:42:06.655+00:00 Imported blocks                            blockNumber=20291585 slot=9498106 blocks=20291584 txs=2437767928 mgas=190199287 bps=27.98 tps=4657 mgps=423.1 avgBps=62.71 avgTps=7533 avgMGps=587.8 elapsed=3d17h53m
Aug 30 12:47:14 nimbus-eth1-mainnet-long-benchmark[4120996]: INF 2026-08-30 12:47:14.514+00:00 Imported blocks                            blockNumber=20299777 slot=9506347 blocks=20299776 txs=2439084709 mgas=190323326 bps=26.61 tps=4277 mgps=402.9 avgBps=62.67 avgTps=7530 avgMGps=587.6 elapsed=3d17h58m
Aug 30 12:52:01 nimbus-eth1-mainnet-long-benchmark[4120996]: INF 2026-08-30 12:52:01.337+00:00 Imported blocks                            blockNumber=20307969 slot=9514581 blocks=20307968 txs=2440328974 mgas=190447316 bps=28.56 tps=4338 mgps=432.3 avgBps=62.64 avgTps=7527 avgMGps=587.4 elapsed=3d18h3m
Aug 30 12:56:52 nimbus-eth1-mainnet-long-benchmark[4120996]: INF 2026-08-30 12:56:52.488+00:00 Imported blocks                            blockNumber=20316161 slot=9522818 blocks=20316160 txs=2441642983 mgas=190571312 bps=28.14 tps=4513 mgps=425.9 avgBps=62.61 avgTps=7524 avgMGps=587.3 elapsed=3d18h8m
Aug 30 13:01:09 nimbus-eth1-mainnet-long-benchmark[4120996]: INF 2026-08-30 13:01:09.808+00:00 Imported blocks                            blockNumber=20324353 slot=9531037 blocks=20324352 txs=2443003434 mgas=190695169 bps=31.84 tps=5287 mgps=481.3 avgBps=62.59 avgTps=7522 avgMGps=587.2 elapsed=3d18h12m
Aug 30 13:05:14 nimbus-eth1-mainnet-long-benchmark[4120996]: INF 2026-08-30 13:05:14.528+00:00 Imported blocks                            blockNumber=20332545 slot=9539273 blocks=20332544 txs=2444369352 mgas=190818927 bps=33.48 tps=5581 mgps=505.7 avgBps=62.56 avgTps=7521 avgMGps=587.2 elapsed=3d18h16m
Aug 30 13:09:22 nimbus-eth1-mainnet-long-benchmark[4120996]: INF 2026-08-30 13:09:22.056+00:00 Imported blocks                            blockNumber=20340737 slot=9547499 blocks=20340736 txs=2445684799 mgas=190942708 bps=33.09 tps=5314 mgps=500.1 avgBps=62.54 avgTps=7519 avgMGps=587.1 elapsed=3d18h20m
Aug 30 13:14:09 nimbus-eth1-mainnet-long-benchmark[4120996]: INF 2026-08-30 13:14:09.524+00:00 Imported blocks                            blockNumber=20348929 slot=9555732 blocks=20348928 txs=2446976396 mgas=191066753 bps=28.50 tps=4493 mgps=431.5 avgBps=62.51 avgTps=7516 avgMGps=586.9 elapsed=3d18h25m
Aug 30 13:18:56 nimbus-eth1-mainnet-long-benchmark[4120996]: INF 2026-08-30 13:18:56.183+00:00 Imported blocks                            blockNumber=20357121 slot=9563959 blocks=20357120 txs=2448256169 mgas=191191257 bps=28.58 tps=4464 mgps=434.3 avgBps=62.48 avgTps=7514 avgMGps=586.8 elapsed=3d18h30m
Aug 30 13:23:06 nimbus-eth1-mainnet-long-benchmark[4120996]: INF 2026-08-30 13:23:06.311+00:00 Imported blocks                            blockNumber=20365313 slot=9572201 blocks=20365312 txs=2449568815 mgas=191314927 bps=32.75 tps=5247 mgps=494.4 avgBps=62.46 avgTps=7512 avgMGps=586.7 elapsed=3d18h34m
Aug 30 13:27:34 nimbus-eth1-mainnet-long-benchmark[4120996]: INF 2026-08-30 13:27:34.095+00:00 Imported blocks                            blockNumber=20373505 slot=9580431 blocks=20373504 txs=2450879985 mgas=191438966 bps=30.59 tps=4896 mgps=463.2 avgBps=62.43 avgTps=7510 avgMGps=586.6 elapsed=3d18h38m
Aug 30 13:32:04 nimbus-eth1-mainnet-long-benchmark[4120996]: INF 2026-08-30 13:32:04.947+00:00 Imported blocks                            blockNumber=20381697 slot=9588664 blocks=20381696 txs=2452156695 mgas=191563063 bps=30.25 tps=4713 mgps=458.2 avgBps=62.41 avgTps=7508 avgMGps=586.5 elapsed=3d18h43m
Aug 30 13:36:32 nimbus-eth1-mainnet-long-benchmark[4120996]: INF 2026-08-30 13:36:32.050+00:00 Imported blocks                            blockNumber=20389889 slot=9596900 blocks=20389888 txs=2453465950 mgas=191687053 bps=30.67 tps=4901 mgps=464.2 avgBps=62.38 avgTps=7505 avgMGps=586.4 elapsed=3d18h47m
Aug 30 13:41:02 nimbus-eth1-mainnet-long-benchmark[4120996]: INF 2026-08-30 13:41:02.614+00:00 Imported blocks                            blockNumber=20398081 slot=9605136 blocks=20398080 txs=2454722175 mgas=191811259 bps=30.28 tps=4643 mgps=459.1 avgBps=62.35 avgTps=7503 avgMGps=586.3 elapsed=3d18h52m
Aug 30 13:45:16 nimbus-eth1-mainnet-long-benchmark[4120996]: INF 2026-08-30 13:45:16.154+00:00 Imported blocks                            blockNumber=20406273 slot=9613370 blocks=20406272 txs=2455937858 mgas=191935324 bps=32.31 tps=4794 mgps=489.3 avgBps=62.33 avgTps=7501 avgMGps=586.3 elapsed=3d18h56m
Aug 30 13:49:42 nimbus-eth1-mainnet-long-benchmark[4120996]: INF 2026-08-30 13:49:42.790+00:00 Imported blocks                            blockNumber=20414465 slot=9621591 blocks=20414464 txs=2457182133 mgas=192059517 bps=30.72 tps=4666 mgps=465.8 avgBps=62.30 avgTps=7499 avgMGps=586.2 elapsed=3d19h59s
Aug 30 13:53:49 nimbus-eth1-mainnet-long-benchmark[4120996]: INF 2026-08-30 13:53:49.478+00:00 Imported blocks                            blockNumber=20422657 slot=9629846 blocks=20422656 txs=2458502388 mgas=192183515 bps=33.21 tps=5351 mgps=502.7 avgBps=62.28 avgTps=7497 avgMGps=586.1 elapsed=3d19h5m
Aug 30 13:57:47 nimbus-eth1-mainnet-long-benchmark[4120996]: INF 2026-08-30 13:57:47.378+00:00 Imported blocks                            blockNumber=20430849 slot=9638079 blocks=20430848 txs=2459823635 mgas=192307404 bps=34.43 tps=5553 mgps=520.8 avgBps=62.26 avgTps=7496 avgMGps=586.0 elapsed=3d19h9m
Aug 30 14:01:49 nimbus-eth1-mainnet-long-benchmark[4120996]: INF 2026-08-30 14:01:49.198+00:00 Imported blocks                            blockNumber=20439041 slot=9646308 blocks=20439040 txs=2461089016 mgas=192431228 bps=33.88 tps=5232 mgps=512.0 avgBps=62.24 avgTps=7494 avgMGps=586.0 elapsed=3d19h13m
Aug 30 14:06:07 nimbus-eth1-mainnet-long-benchmark[4120996]: INF 2026-08-30 14:06:07.086+00:00 Imported blocks                            blockNumber=20447233 slot=9654555 blocks=20447232 txs=2462365837 mgas=192555224 bps=31.77 tps=4951 mgps=480.8 avgBps=62.22 avgTps=7492 avgMGps=585.9 elapsed=3d19h17m
Aug 30 14:10:50 nimbus-eth1-mainnet-long-benchmark[4120996]: INF 2026-08-30 14:10:50.970+00:00 Imported blocks                            blockNumber=20455425 slot=9662773 blocks=20455424 txs=2463563089 mgas=192679757 bps=28.86 tps=4217 mgps=438.7 avgBps=62.19 avgTps=7489 avgMGps=585.8 elapsed=3d19h22m
Aug 30 14:15:13 nimbus-eth1-mainnet-long-benchmark[4120996]: INF 2026-08-30 14:15:13.265+00:00 Imported blocks                            blockNumber=20463617 slot=9670997 blocks=20463616 txs=2464820568 mgas=192804145 bps=31.23 tps=4794 mgps=474.2 avgBps=62.16 avgTps=7487 avgMGps=585.7 elapsed=3d19h26m
Aug 30 14:19:39 nimbus-eth1-mainnet-long-benchmark[4120996]: INF 2026-08-30 14:19:39.149+00:00 Imported blocks                            blockNumber=20471809 slot=9679232 blocks=20471808 txs=2466105979 mgas=192927795 bps=30.81 tps=4834 mgps=465.1 avgBps=62.14 avgTps=7485 avgMGps=585.6 elapsed=3d19h30m
Aug 30 14:23:58 nimbus-eth1-mainnet-long-benchmark[4120996]: INF 2026-08-30 14:23:58.649+00:00 Imported blocks                            blockNumber=20480001 slot=9687458 blocks=20480000 txs=2467403178 mgas=193051545 bps=31.57 tps=4998 mgps=476.9 avgBps=62.11 avgTps=7483 avgMGps=585.5 elapsed=3d19h35m
Aug 30 14:28:12 nimbus-eth1-mainnet-long-benchmark[4120996]: INF 2026-08-30 14:28:12.009+00:00 Imported blocks                            blockNumber=20488193 slot=9695679 blocks=20488192 txs=2468646793 mgas=193175429 bps=32.33 tps=4908 mgps=489.0 avgBps=62.09 avgTps=7481 avgMGps=585.4 elapsed=3d19h39m
Aug 30 14:32:33 nimbus-eth1-mainnet-long-benchmark[4120996]: INF 2026-08-30 14:32:33.445+00:00 Imported blocks                            blockNumber=20496385 slot=9703905 blocks=20496384 txs=2469916046 mgas=193299476 bps=31.33 tps=4854 mgps=474.5 avgBps=62.07 avgTps=7479 avgMGps=585.3 elapsed=3d19h43m
Aug 30 14:37:07 nimbus-eth1-mainnet-long-benchmark[4120996]: INF 2026-08-30 14:37:07.976+00:00 Imported blocks                            blockNumber=20504577 slot=9712142 blocks=20504576 txs=2471051293 mgas=193423942 bps=29.84 tps=4135 mgps=453.4 avgBps=62.04 avgTps=7476 avgMGps=585.2 elapsed=3d19h48m
Aug 30 14:41:23 nimbus-eth1-mainnet-long-benchmark[4120996]: INF 2026-08-30 14:41:23.952+00:00 Imported blocks                            blockNumber=20512769 slot=9720378 blocks=20512768 txs=2472212904 mgas=193548126 bps=32.00 tps=4537 mgps=485.1 avgBps=62.02 avgTps=7474 avgMGps=585.2 elapsed=3d19h52m
Aug 30 14:45:37 nimbus-eth1-mainnet-long-benchmark[4120996]: INF 2026-08-30 14:45:37.484+00:00 Imported blocks                            blockNumber=20520961 slot=9728604 blocks=20520960 txs=2473458204 mgas=193672133 bps=32.31 tps=4911 mgps=489.1 avgBps=61.99 avgTps=7472 avgMGps=585.1 elapsed=3d19h56m
Aug 30 14:50:03 nimbus-eth1-mainnet-long-benchmark[4120996]: INF 2026-08-30 14:50:03.960+00:00 Imported blocks                            blockNumber=20529153 slot=9736836 blocks=20529152 txs=2474879473 mgas=193796096 bps=30.74 tps=5333 mgps=465.2 avgBps=61.97 avgTps=7470 avgMGps=585.0 elapsed=3d20h1m
Aug 30 14:54:21 nimbus-eth1-mainnet-long-benchmark[4120996]: INF 2026-08-30 14:54:21.500+00:00 Imported blocks                            blockNumber=20537345 slot=9745081 blocks=20537344 txs=2476318806 mgas=193919766 bps=31.81 tps=5588 mgps=480.2 avgBps=61.95 avgTps=7469 avgMGps=584.9 elapsed=3d20h5m
Aug 30 14:58:55 nimbus-eth1-mainnet-long-benchmark[4120996]: INF 2026-08-30 14:58:55.820+00:00 Imported blocks                            blockNumber=20545537 slot=9753315 blocks=20545536 txs=2477572414 mgas=194043997 bps=29.86 tps=4569 mgps=452.9 avgBps=61.92 avgTps=7466 avgMGps=584.8 elapsed=3d20h10m
Aug 30 15:03:34 nimbus-eth1-mainnet-long-benchmark[4120996]: INF 2026-08-30 15:03:34.827+00:00 Imported blocks                            blockNumber=20553729 slot=9761549 blocks=20553728 txs=2478717439 mgas=194168601 bps=29.36 tps=4103 mgps=446.6 avgBps=61.89 avgTps=7463 avgMGps=584.7 elapsed=3d20h14m
Aug 30 15:08:05 nimbus-eth1-mainnet-long-benchmark[4120996]: INF 2026-08-30 15:08:05.875+00:00 Imported blocks                            blockNumber=20561921 slot=9769782 blocks=20561920 txs=2479884398 mgas=194293055 bps=30.22 tps=4305 mgps=459.2 avgBps=61.87 avgTps=7461 avgMGps=584.6 elapsed=3d20h19m
Aug 30 15:12:24 nimbus-eth1-mainnet-long-benchmark[4120996]: INF 2026-08-30 15:12:24.095+00:00 Imported blocks                            blockNumber=20570113 slot=9778022 blocks=20570112 txs=2481113699 mgas=194416978 bps=31.73 tps=4760 mgps=479.9 avgBps=61.84 avgTps=7459 avgMGps=584.5 elapsed=3d20h23m
Aug 30 15:16:50 nimbus-eth1-mainnet-long-benchmark[4120996]: INF 2026-08-30 15:16:50.939+00:00 Imported blocks                            blockNumber=20578305 slot=9786257 blocks=20578304 txs=2482329481 mgas=194541487 bps=30.70 tps=4556 mgps=466.6 avgBps=61.82 avgTps=7456 avgMGps=584.4 elapsed=3d20h28m
Aug 30 15:21:07 nimbus-eth1-mainnet-long-benchmark[4120996]: INF 2026-08-30 15:21:07.383+00:00 Imported blocks                            blockNumber=20586497 slot=9794502 blocks=20586496 txs=2483599008 mgas=194665538 bps=31.95 tps=4950 mgps=483.7 avgBps=61.79 avgTps=7455 avgMGps=584.3 elapsed=3d20h32m
Aug 30 15:25:30 nimbus-eth1-mainnet-long-benchmark[4120996]: INF 2026-08-30 15:25:30.035+00:00 Imported blocks                            blockNumber=20594689 slot=9802745 blocks=20594688 txs=2484891011 mgas=194789870 bps=31.19 tps=4919 mgps=473.4 avgBps=61.77 avgTps=7453 avgMGps=584.2 elapsed=3d20h36m
Aug 30 15:30:00 nimbus-eth1-mainnet-long-benchmark[4120996]: INF 2026-08-30 15:30:00.170+00:00 Imported blocks                            blockNumber=20602881 slot=9810996 blocks=20602880 txs=2486119333 mgas=194914414 bps=30.33 tps=4547 mgps=461.0 avgBps=61.75 avgTps=7450 avgMGps=584.1 elapsed=3d20h41m
Aug 30 15:34:21 nimbus-eth1-mainnet-long-benchmark[4120996]: INF 2026-08-30 15:34:21.942+00:00 Imported blocks                            blockNumber=20611073 slot=9819237 blocks=20611072 txs=2487216978 mgas=195039228 bps=31.29 tps=4193 mgps=476.8 avgBps=61.72 avgTps=7448 avgMGps=584.1 elapsed=3d20h45m
Aug 30 15:38:32 nimbus-eth1-mainnet-long-benchmark[4120996]: INF 2026-08-30 15:38:32.154+00:00 Imported blocks                            blockNumber=20619265 slot=9827482 blocks=20619264 txs=2488541897 mgas=195163520 bps=32.74 tps=5295 mgps=496.7 avgBps=61.70 avgTps=7446 avgMGps=584.0 elapsed=3d20h49m
Aug 30 15:42:45 nimbus-eth1-mainnet-long-benchmark[4120996]: INF 2026-08-30 15:42:45.698+00:00 Imported blocks                            blockNumber=20627457 slot=9835711 blocks=20627456 txs=2489858365 mgas=195287826 bps=32.31 tps=5192 mgps=490.3 avgBps=61.68 avgTps=7444 avgMGps=583.9 elapsed=3d20h54m
Aug 30 15:47:03 nimbus-eth1-mainnet-long-benchmark[4120996]: INF 2026-08-30 15:47:03.370+00:00 Imported blocks                            blockNumber=20635649 slot=9843959 blocks=20635648 txs=2491181770 mgas=195412065 bps=31.79 tps=5135 mgps=482.2 avgBps=61.65 avgTps=7443 avgMGps=583.8 elapsed=3d20h58m
Aug 30 15:51:22 nimbus-eth1-mainnet-long-benchmark[4120996]: INF 2026-08-30 15:51:22.774+00:00 Imported blocks                            blockNumber=20643841 slot=9852200 blocks=20643840 txs=2492494347 mgas=195536175 bps=31.58 tps=5059 mgps=478.4 avgBps=61.63 avgTps=7441 avgMGps=583.8 elapsed=3d21h2m
Aug 30 15:55:46 nimbus-eth1-mainnet-long-benchmark[4120996]: INF 2026-08-30 15:55:46.302+00:00 Imported blocks                            blockNumber=20652033 slot=9860438 blocks=20652032 txs=2493662245 mgas=195660830 bps=31.09 tps=4431 mgps=473.0 avgBps=61.61 avgTps=7438 avgMGps=583.7 elapsed=3d21h7m
Aug 30 16:00:13 nimbus-eth1-mainnet-long-benchmark[4120996]: INF 2026-08-30 16:00:13.158+00:00 Imported blocks                            blockNumber=20660225 slot=9868668 blocks=20660224 txs=2494835211 mgas=195785649 bps=30.70 tps=4395 mgps=467.7 avgBps=61.58 avgTps=7436 avgMGps=583.6 elapsed=3d21h11m
Aug 30 16:04:13 nimbus-eth1-mainnet-long-benchmark[4120996]: INF 2026-08-30 16:04:13.258+00:00 Imported blocks                            blockNumber=20668417 slot=9876900 blocks=20668416 txs=2496072189 mgas=195909878 bps=34.12 tps=5151 mgps=517.4 avgBps=61.56 avgTps=7434 avgMGps=583.5 elapsed=3d21h15m
Aug 30 16:08:25 nimbus-eth1-mainnet-long-benchmark[4120996]: INF 2026-08-30 16:08:25.686+00:00 Imported blocks                            blockNumber=20676609 slot=9885128 blocks=20676608 txs=2497350614 mgas=196034070 bps=32.45 tps=5064 mgps=492.0 avgBps=61.54 avgTps=7432 avgMGps=583.5 elapsed=3d21h19m
Aug 30 16:12:20 nimbus-eth1-mainnet-long-benchmark[4120996]: INF 2026-08-30 16:12:20.538+00:00 Imported blocks                            blockNumber=20684801 slot=9893357 blocks=20684800 txs=2498628037 mgas=196158234 bps=34.88 tps=5439 mgps=528.7 avgBps=61.52 avgTps=7431 avgMGps=583.4 elapsed=3d21h23m
Aug 30 16:16:22 nimbus-eth1-mainnet-long-benchmark[4120996]: INF 2026-08-30 16:16:22.958+00:00 Imported blocks                            blockNumber=20692993 slot=9901590 blocks=20692992 txs=2499927346 mgas=196282456 bps=33.79 tps=5359 mgps=512.4 avgBps=61.50 avgTps=7430 avgMGps=583.4 elapsed=3d21h27m
Aug 30 16:20:41 nimbus-eth1-mainnet-long-benchmark[4120996]: INF 2026-08-30 16:20:41.718+00:00 Imported blocks                            blockNumber=20701185 slot=9909808 blocks=20701184 txs=2501207985 mgas=196406495 bps=31.66 tps=4949 mgps=479.4 avgBps=61.48 avgTps=7428 avgMGps=583.3 elapsed=3d21h31m
Aug 30 16:25:10 nimbus-eth1-mainnet-long-benchmark[4120996]: INF 2026-08-30 16:25:10.602+00:00 Imported blocks                            blockNumber=20709377 slot=9918046 blocks=20709376 txs=2502445590 mgas=196530646 bps=30.47 tps=4602 mgps=461.7 avgBps=61.45 avgTps=7425 avgMGps=583.2 elapsed=3d21h36m
Aug 30 16:29:16 nimbus-eth1-mainnet-long-benchmark[4120996]: INF 2026-08-30 16:29:16.818+00:00 Imported blocks                            blockNumber=20717569 slot=9926276 blocks=20717568 txs=2503764978 mgas=196654614 bps=33.27 tps=5358 mgps=503.5 avgBps=61.43 avgTps=7424 avgMGps=583.1 elapsed=3d21h40m
Aug 30 16:33:28 nimbus-eth1-mainnet-long-benchmark[4120996]: INF 2026-08-30 16:33:28.266+00:00 Imported blocks                            blockNumber=20725761 slot=9934518 blocks=20725760 txs=2505098502 mgas=196778520 bps=32.58 tps=5303 mgps=492.8 avgBps=61.41 avgTps=7422 avgMGps=583.1 elapsed=3d21h44m
Aug 30 16:37:36 nimbus-eth1-mainnet-long-benchmark[4120996]: INF 2026-08-30 16:37:36.062+00:00 Imported blocks                            blockNumber=20733953 slot=9942757 blocks=20733952 txs=2506441392 mgas=196902592 bps=33.06 tps=5419 mgps=500.7 avgBps=61.39 avgTps=7421 avgMGps=583.0 elapsed=3d21h48m
Aug 30 16:41:47 nimbus-eth1-mainnet-long-benchmark[4120996]: INF 2026-08-30 16:41:47.430+00:00 Imported blocks                            blockNumber=20742145 slot=9950994 blocks=20742144 txs=2507777316 mgas=197026592 bps=32.59 tps=5314 mgps=493.3 avgBps=61.37 avgTps=7419 avgMGps=582.9 elapsed=3d21h53m
Aug 30 16:46:07 nimbus-eth1-mainnet-long-benchmark[4120996]: INF 2026-08-30 16:46:07.134+00:00 Imported blocks                            blockNumber=20750337 slot=9959240 blocks=20750336 txs=2509059580 mgas=197150636 bps=31.54 tps=4937 mgps=477.6 avgBps=61.35 avgTps=7417 avgMGps=582.9 elapsed=3d21h57m
Aug 30 16:50:31 nimbus-eth1-mainnet-long-benchmark[4120996]: INF 2026-08-30 16:50:31.958+00:00 Imported blocks                            blockNumber=20758529 slot=9967460 blocks=20758528 txs=2510311801 mgas=197274711 bps=30.93 tps=4728 mgps=468.5 avgBps=61.32 avgTps=7415 avgMGps=582.8 elapsed=3d22h1m
Aug 30 16:54:33 nimbus-eth1-mainnet-long-benchmark[4120996]: INF 2026-08-30 16:54:33.566+00:00 Imported blocks                            blockNumber=20766721 slot=9975702 blocks=20766720 txs=2511560762 mgas=197398721 bps=33.91 tps=5169 mgps=513.3 avgBps=61.30 avgTps=7414 avgMGps=582.7 elapsed=3d22h5m
Aug 30 16:58:31 nimbus-eth1-mainnet-long-benchmark[4120996]: INF 2026-08-30 16:58:31.278+00:00 Imported blocks                            blockNumber=20774913 slot=9983955 blocks=20774912 txs=2512857042 mgas=197522681 bps=34.46 tps=5453 mgps=521.5 avgBps=61.29 avgTps=7412 avgMGps=582.7 elapsed=3d22h9m
Aug 30 17:02:17 nimbus-eth1-mainnet-long-benchmark[4120996]: INF 2026-08-30 17:02:17.931+00:00 Imported blocks                            blockNumber=20783105 slot=9992198 blocks=20783104 txs=2514152897 mgas=197646543 bps=36.14 tps=5717 mgps=546.5 avgBps=61.27 avgTps=7411 avgMGps=582.7 elapsed=3d22h13m
Aug 30 17:06:15 nimbus-eth1-mainnet-long-benchmark[4120996]: INF 2026-08-30 17:06:15.927+00:00 Imported blocks                            blockNumber=20791297 slot=10000436 blocks=20791296 txs=2515509958 mgas=197770198 bps=34.42 tps=5702 mgps=519.6 avgBps=61.25 avgTps=7410 avgMGps=582.6 elapsed=3d22h17m
Aug 30 17:10:02 nimbus-eth1-mainnet-long-benchmark[4120996]: INF 2026-08-30 17:10:02.248+00:00 Imported blocks                            blockNumber=20799489 slot=10008679 blocks=20799488 txs=2516796641 mgas=197894102 bps=36.20 tps=5685 mgps=547.5 avgBps=61.23 avgTps=7409 avgMGps=582.6 elapsed=3d22h21m
Aug 30 17:14:06 nimbus-eth1-mainnet-long-benchmark[4120996]: INF 2026-08-30 17:14:06.496+00:00 Imported blocks                            blockNumber=20807681 slot=10016909 blocks=20807680 txs=2518022350 mgas=198017786 bps=33.54 tps=5018 mgps=506.4 avgBps=61.21 avgTps=7407 avgMGps=582.5 elapsed=3d22h25m
Aug 30 17:17:58 nimbus-eth1-mainnet-long-benchmark[4120996]: INF 2026-08-30 17:17:58.704+00:00 Imported blocks                            blockNumber=20815873 slot=10025141 blocks=20815872 txs=2519303534 mgas=198141487 bps=35.28 tps=5517 mgps=532.7 avgBps=61.20 avgTps=7406 avgMGps=582.5 elapsed=3d22h29m
Aug 30 17:21:46 nimbus-eth1-mainnet-long-benchmark[4120996]: INF 2026-08-30 17:21:46.708+00:00 Imported blocks                            blockNumber=20824065 slot=10033363 blocks=20824064 txs=2520609705 mgas=198265162 bps=35.93 tps=5728 mgps=542.4 avgBps=61.18 avgTps=7405 avgMGps=582.5 elapsed=3d22h33m
Aug 30 17:25:38 nimbus-eth1-mainnet-long-benchmark[4120996]: INF 2026-08-30 17:25:38.037+00:00 Imported blocks                            blockNumber=20832257 slot=10041601 blocks=20832256 txs=2521910298 mgas=198388860 bps=35.41 tps=5622 mgps=534.7 avgBps=61.16 avgTps=7404 avgMGps=582.4 elapsed=3d22h36m
Aug 30 17:29:34 nimbus-eth1-mainnet-long-benchmark[4120996]: INF 2026-08-30 17:29:34.077+00:00 Imported blocks                            blockNumber=20840449 slot=10049823 blocks=20840448 txs=2523232491 mgas=198512602 bps=34.71 tps=5601 mgps=524.2 avgBps=61.14 avgTps=7402 avgMGps=582.4 elapsed=3d22h40m
Aug 30 17:34:03 nimbus-eth1-mainnet-long-benchmark[4120996]: INF 2026-08-30 17:34:03.125+00:00 Imported blocks                            blockNumber=20848641 slot=10058046 blocks=20848640 txs=2524571769 mgas=198636483 bps=30.45 tps=4977 mgps=460.4 avgBps=61.12 avgTps=7400 avgMGps=582.3 elapsed=3d22h45m
Aug 30 17:38:25 nimbus-eth1-mainnet-long-benchmark[4120996]: INF 2026-08-30 17:38:25.017+00:00 Imported blocks                            blockNumber=20856833 slot=10066279 blocks=20856832 txs=2525851925 mgas=198760528 bps=31.28 tps=4888 mgps=473.7 avgBps=61.10 avgTps=7398 avgMGps=582.2 elapsed=3d22h49m
Aug 30 17:42:48 nimbus-eth1-mainnet-long-benchmark[4120996]: INF 2026-08-30 17:42:48.392+00:00 Imported blocks                            blockNumber=20865025 slot=10074499 blocks=20865024 txs=2527192970 mgas=198884468 bps=31.10 tps=5091 mgps=470.6 avgBps=61.07 avgTps=7397 avgMGps=582.1 elapsed=3d22h54m
Aug 30 17:46:47 nimbus-eth1-mainnet-long-benchmark[4120996]: INF 2026-08-30 17:46:47.541+00:00 Imported blocks                            blockNumber=20873217 slot=10082726 blocks=20873216 txs=2528642119 mgas=199008343 bps=34.26 tps=6059 mgps=518.0 avgBps=61.05 avgTps=7396 avgMGps=582.1 elapsed=3d22h58m
Aug 30 17:50:53 nimbus-eth1-mainnet-long-benchmark[4120996]: INF 2026-08-30 17:50:53.773+00:00 Imported blocks                            blockNumber=20881409 slot=10090947 blocks=20881408 txs=2529960756 mgas=199132172 bps=33.27 tps=5355 mgps=502.9 avgBps=61.03 avgTps=7394 avgMGps=582.0 elapsed=3d23h2m
Aug 30 17:54:56 nimbus-eth1-mainnet-long-benchmark[4120996]: INF 2026-08-30 17:54:56.349+00:00 Imported blocks                            blockNumber=20889601 slot=10099176 blocks=20889600 txs=2531270760 mgas=199256251 bps=33.77 tps=5400 mgps=511.5 avgBps=61.01 avgTps=7393 avgMGps=582.0 elapsed=3d23h6m
Aug 30 17:58:50 nimbus-eth1-mainnet-long-benchmark[4120996]: INF 2026-08-30 17:58:50.817+00:00 Imported blocks                            blockNumber=20897793 slot=10107391 blocks=20897792 txs=2532558201 mgas=199380315 bps=34.94 tps=5490 mgps=529.1 avgBps=61.00 avgTps=7392 avgMGps=582.0 elapsed=3d23h10m
Aug 30 18:02:57 nimbus-eth1-mainnet-long-benchmark[4120996]: INF 2026-08-30 18:02:57.513+00:00 Imported blocks                            blockNumber=20905985 slot=10115611 blocks=20905984 txs=2533796308 mgas=199504257 bps=33.21 tps=5018 mgps=502.4 avgBps=60.98 avgTps=7390 avgMGps=581.9 elapsed=3d23h14m
Aug 30 18:06:55 nimbus-eth1-mainnet-long-benchmark[4120996]: INF 2026-08-30 18:06:55.190+00:00 Imported blocks                            blockNumber=20914177 slot=10123834 blocks=20914176 txs=2535067280 mgas=199628225 bps=34.47 tps=5347 mgps=521.6 avgBps=60.96 avgTps=7388 avgMGps=581.9 elapsed=3d23h18m
Aug 30 18:10:46 nimbus-eth1-mainnet-long-benchmark[4120996]: INF 2026-08-30 18:10:46.550+00:00 Imported blocks                            blockNumber=20922369 slot=10132052 blocks=20922368 txs=2536405686 mgas=199751845 bps=35.41 tps=5784 mgps=534.3 avgBps=60.94 avgTps=7387 avgMGps=581.8 elapsed=3d23h22m
Aug 30 18:14:39 nimbus-eth1-mainnet-long-benchmark[4120996]: INF 2026-08-30 18:14:39.462+00:00 Imported blocks                            blockNumber=20930561 slot=10140274 blocks=20930560 txs=2537756059 mgas=199875636 bps=35.17 tps=5797 mgps=531.5 avgBps=60.92 avgTps=7386 avgMGps=581.8 elapsed=3d23h25m
Aug 30 18:18:41 nimbus-eth1-mainnet-long-benchmark[4120996]: INF 2026-08-30 18:18:41.650+00:00 Imported blocks                            blockNumber=20938753 slot=10148494 blocks=20938752 txs=2539070302 mgas=199999273 bps=33.82 tps=5426 mgps=510.5 avgBps=60.90 avgTps=7385 avgMGps=581.7 elapsed=3d23h29m
Aug 30 18:22:32 nimbus-eth1-mainnet-long-benchmark[4120996]: INF 2026-08-30 18:22:32.631+00:00 Imported blocks                            blockNumber=20946945 slot=10156745 blocks=20946944 txs=2540462929 mgas=200122988 bps=35.47 tps=6029 mgps=535.6 avgBps=60.89 avgTps=7384 avgMGps=581.7 elapsed=3d23h33m
Aug 30 18:26:49 nimbus-eth1-mainnet-long-benchmark[4120996]: INF 2026-08-30 18:26:49.523+00:00 Imported blocks                            blockNumber=20955137 slot=10165009 blocks=20955136 txs=2541746285 mgas=200246893 bps=31.89 tps=4995 mgps=482.3 avgBps=60.87 avgTps=7382 avgMGps=581.6 elapsed=3d23h38m
Aug 30 18:30:54 nimbus-eth1-mainnet-long-benchmark[4120996]: INF 2026-08-30 18:30:54.599+00:00 Imported blocks                            blockNumber=20963329 slot=10173259 blocks=20963328 txs=2542997277 mgas=200370697 bps=33.43 tps=5104 mgps=505.2 avgBps=60.85 avgTps=7381 avgMGps=581.6 elapsed=3d23h42m
Aug 30 18:34:51 nimbus-eth1-mainnet-long-benchmark[4120996]: INF 2026-08-30 18:34:51.227+00:00 Imported blocks                            blockNumber=20971521 slot=10181499 blocks=20971520 txs=2544394231 mgas=200494597 bps=34.62 tps=5903 mgps=523.6 avgBps=60.83 avgTps=7380 avgMGps=581.5 elapsed=3d23h46m
Aug 30 18:38:58 nimbus-eth1-mainnet-long-benchmark[4120996]: INF 2026-08-30 18:38:58.379+00:00 Imported blocks                            blockNumber=20979713 slot=10189737 blocks=20979712 txs=2545745935 mgas=200618342 bps=33.15 tps=5469 mgps=500.7 avgBps=60.81 avgTps=7378 avgMGps=581.5 elapsed=3d23h50m
Aug 30 18:42:57 nimbus-eth1-mainnet-long-benchmark[4120996]: INF 2026-08-30 18:42:57.527+00:00 Imported blocks                            blockNumber=20987905 slot=10197972 blocks=20987904 txs=2547154623 mgas=200742279 bps=34.26 tps=5890 mgps=518.2 avgBps=60.79 avgTps=7377 avgMGps=581.4 elapsed=3d23h54m
Aug 30 18:46:45 nimbus-eth1-mainnet-long-benchmark[4120996]: INF 2026-08-30 18:46:45.420+00:00 Imported blocks                            blockNumber=20996097 slot=10206206 blocks=20996096 txs=2548657544 mgas=200866186 bps=35.95 tps=6594 mgps=543.7 avgBps=60.77 avgTps=7377 avgMGps=581.4 elapsed=3d23h58m
Aug 30 18:51:01 nimbus-eth1-mainnet-long-benchmark[4120996]: INF 2026-08-30 18:51:01.708+00:00 Imported blocks                            blockNumber=21004289 slot=10214429 blocks=21004288 txs=2550076846 mgas=200990114 bps=31.96 tps=5537 mgps=483.5 avgBps=60.75 avgTps=7375 avgMGps=581.3 elapsed=4d2m18s
Aug 30 18:51:35 nimbus-eth1-mainnet-long-benchmark[4120996]: INF 2026-08-30 18:51:35.147+00:00 Imported blocks                            blockNumber=21005282 slot=10223616 blocks=21005281 txs=2550236120 mgas=201005159 bps=29.70 tps=4763 mgps=450.0 avgBps=60.75 avgTps=7375 avgMGps=581.3 elapsed=4d2m51s
Aug 30 18:51:35 nimbus-eth1-mainnet-long-benchmark[4120996]: NTC 2026-08-30 18:51:35.147+00:00 Import complete                            blockNumber=21005282 slot=10223616 blocks=21005281 txs=2550236120 mgas=201005159
Aug 30 18:51:36 nimbus-eth1-mainnet-long-benchmark[4093922]: <<< ending startNimbusWithImport (success)
Aug 30 18:51:36 nimbus-eth1-mainnet-long-benchmark[4093922]: >>> starting moveBenchmarkingFileToRepo
Aug 30 18:51:36 nimbus-eth1-mainnet-long-benchmark[4093922]: >>> copying debug-csv generated by nimbus to benchmarks repo
Aug 30 18:51:36 nimbus-eth1-mainnet-long-benchmark[4093922]: <<< ending moveBenchmarkingFileToRepo (success)
Aug 30 18:51:36 nimbus-eth1-mainnet-long-benchmark[462824]: tail: error writing 'standard output': Broken pipe
Aug 30 18:51:36 nimbus-eth1-mainnet-long-benchmark[4093922]: >>> starting generateBuildEnvironmentLogFile
Aug 30 18:51:45 nimbus-eth1-mainnet-long-benchmark[4093922]: <<< ending generateBuildEnvironmentLogFile (success)
Aug 30 18:51:45 nimbus-eth1-mainnet-long-benchmark[4093922]: >>> starting generateSystemdServiceLogs
