block_number,blocks,slot,txs,gas,time
8193,8192,1,0,0,307872601
16385,8192,1,0,0,293336371
24577,8192,1,0,0,290101704
32769,8192,1,0,0,292258560
40961,8192,1,0,0,294738131
49153,8192,1,1514,33070964,355132785
57345,8192,1,3916,407821091,479385254
65537,8192,1,2676,90041948,392809784
73729,8192,1,5821,197747509,471915696
81921,8192,1,4204,131282630,436947799
90113,8192,1,4589,112269814,445879006
98305,8192,1,3327,84662425,412944534
106497,8192,1,4168,105498119,428687736
114689,8192,1,4247,119199457,406644618
122881,8192,1,6054,163953975,444331706
131073,8192,1,5852,147449076,414554064
139265,8192,1,6678,168428364,467349457
147457,8192,1,7805,190561977,465465492
155649,8192,1,8675,220080834,515568104
163841,8192,1,7255,175016877,459192574
172033,8192,1,10115,242307512,551227358
180225,8192,1,12029,319429322,585825270
188417,8192,1,10493,307941046,599997090
196609,8192,1,8488,226000959,493866926
204801,8192,1,9431,284499928,602829761
212993,8192,1,9432,269025812,536580838
221185,8192,1,9745,253020191,565377350
229377,8192,1,9473,303239797,544497574
237569,8192,1,9752,287334366,580578944
245761,8192,1,9175,237099979,547972450
253953,8192,1,9225,299876210,585830829
262145,8192,1,8500,237942979,528106586
270337,8192,1,11073,360421503,622036058
278529,8192,1,11244,333906121,612751033
286721,8192,1,9944,288230259,616127577
294913,8192,1,9552,272964709,564628005
303105,8192,1,10564,278617464,588421342
311297,8192,1,9852,289668902,576419333
319489,8192,1,10772,285019105,597736674
327681,8192,1,9264,263512681,572330374
335873,8192,1,10710,300329465,615987201
344065,8192,1,10447,340557247,596190147
352257,8192,1,11871,367785281,659183231
360449,8192,1,11031,301110840,622345637
368641,8192,1,10176,272300629,606423614
376833,8192,1,10299,327273585,598050924
385025,8192,1,11650,328391280,664004021
393217,8192,1,10917,668394420,665041901
401409,8192,1,10512,371168499,684784673
409601,8192,1,11329,399996130,630270171
417793,8192,1,9682,299513459,640214613
425985,8192,1,10211,378463309,651784833
434177,8192,1,10123,371765259,710434908
442369,8192,1,10202,298321714,606988882
450561,8192,1,10252,488330843,943494537
458753,8192,1,11670,315763779,674994823
466945,8192,1,12392,405644045,732792282
475137,8192,1,11262,434129872,778372008
483329,8192,1,11885,436485530,919111014
491521,8192,1,11396,324292141,738302214
499713,8192,1,11390,316107054,701111372
507905,8192,1,19834,986537643,1007811482
516097,8192,1,14518,537099270,799882086
524289,8192,1,14364,563247320,850428510
532481,8192,1,15028,641704064,929232674
540673,8192,1,11625,533545978,799788591
548865,8192,1,12334,352563908,705058783
557057,8192,1,11579,286224762,618272582
565249,8192,1,12543,387072166,764391095
573441,8192,1,11762,377902837,699933009
581633,8192,1,11889,329240266,701023783
589825,8192,1,12402,356748509,667651173
598017,8192,1,11554,361660592,765387898
606209,8192,1,11466,286807225,620401679
614401,8192,1,11355,383668685,918795596
622593,8192,1,12943,487254257,674460586
630785,8192,1,10960,369935232,673752631
638977,8192,1,10609,304527314,621171834
647169,8192,1,11891,400916707,674900614
655361,8192,1,13364,422684376,685775437
663553,8192,1,11233,291970815,668554197
671745,8192,1,11307,306322589,636834436
679937,8192,1,13718,480255087,882838885
688129,8192,1,12101,533373764,792764728
696321,8192,1,24697,2437912230,2584429229
704513,8192,1,24278,1882935448,1839145892
712705,8192,1,15914,1053536841,1346558028
720897,8192,1,14854,884970772,1222713254
729089,8192,1,18033,1103406409,1397879994
737281,8192,1,39634,2413080461,2650026254
745473,8192,1,20252,1205744179,1612715699
753665,8192,1,16649,914386676,1355995323
761857,8192,1,29450,1702093462,2108735527
770049,8192,1,19926,1149090055,1668234114
778241,8192,1,27585,1546147829,1995498211
786433,8192,1,13804,512905120,975979651
794625,8192,1,14238,555275432,1163553133
802817,8192,1,20936,1074374824,1504774915
811009,8192,1,33100,2274628469,2483858203
819201,8192,1,21058,1074857191,1510893162
827393,8192,1,17945,1068696871,1487087937
835585,8192,1,16965,691346951,1210838597
843777,8192,1,24779,1318609001,1762852799
851969,8192,1,17337,797507253,1270481894
860161,8192,1,16221,653054698,986544388
868353,8192,1,17414,667767224,888956193
876545,8192,1,20874,997212648,1152581580
884737,8192,1,18556,602924448,917886873
892929,8192,1,20188,746509191,1025158520
901121,8192,1,20728,705763650,1003940898
909313,8192,1,28858,1212230895,1356380820
917505,8192,1,29450,1450050635,1553479368
925697,8192,1,25856,1070129090,1387722224
933889,8192,1,23756,919949479,1175064014
942081,8192,1,24390,780757258,1118527105
950273,8192,1,22318,724737535,994197335
958465,8192,1,23856,823943680,1112070889
966657,8192,1,39968,1787855655,1729029554
974849,8192,1,24875,783309904,1132647907
983041,8192,1,25559,758151178,1114598453
991233,8192,1,32769,996332438,1220607819
999425,8192,1,29253,955506690,1223351070
1007617,8192,1,28779,874607232,1157398967
1015809,8192,1,28640,944195150,1162647610
1024001,8192,1,30592,1077029621,1312389755
1032193,8192,1,30567,1025667741,1168276700
1040385,8192,1,26761,784549571,1143931650
1048577,8192,1,28815,1876343804,1228245876
1056769,8192,1,31628,1248873846,1157608416
1064961,8192,1,32758,1302389229,1287008340
1073153,8192,1,30961,857488355,1161187810
1081345,8192,1,33502,949562723,1214487362
1089537,8192,1,37121,995463452,1274529246
1097729,8192,1,40115,1081576458,1307012482
1105921,8192,1,42800,1253697553,1392627820
1114113,8192,1,41667,1235498720,1324823218
1122305,8192,1,38878,1141426898,1320354561
1130497,8192,1,41538,1202802604,1326943403
1138689,8192,1,39904,1101644111,1223635749
1146881,8192,1,44221,1340457745,1332830983
1155073,8192,1,43528,1383496645,1397253448
1163265,8192,1,38152,1246718060,1256223323
1171457,8192,1,44944,1374923499,1447496490
1179649,8192,1,46242,1574630437,1465270918
1187841,8192,1,44523,1522997076,1409459403
1196033,8192,1,43594,1529570548,1645184973
1204225,8192,1,41259,1452683779,1449902494
1212417,8192,1,52923,2302777232,1993625244
1220609,8192,1,46705,1563686082,1548983278
1228801,8192,1,46123,1514235577,1590352792
1236993,8192,1,43046,1458453689,1574826590
1245185,8192,1,49499,1658881432,1693740178
1253377,8192,1,46254,1516126264,1380638552
1261569,8192,1,42318,1328121509,1550631418
1269761,8192,1,40021,1078268036,1288128842
1277953,8192,1,46365,1435004546,1611235258
1286145,8192,1,50841,1591258579,1675246725
1294337,8192,1,41499,1271776158,1406444634
1302529,8192,1,47633,1512367159,1672368886
1310721,8192,1,42641,1164414830,1370876830
1318913,8192,1,42610,1137106273,1310983604
1327105,8192,1,45560,1357858661,1517369728
1335297,8192,1,50369,1781939706,1536463164
1343489,8192,1,45221,1209479371,1402660071
1351681,8192,1,44015,1206824098,1414384579
1359873,8192,1,54888,1591716049,1339062151
1368065,8192,1,43396,1184809863,1424450639
1376257,8192,1,48876,1593180641,1597605012
1384449,8192,1,45143,1439543743,1349372849
1392641,8192,1,41341,1118372583,1327338161
1400833,8192,1,45540,1329131424,1462544186
1409025,8192,1,49104,1485363761,1566712327
1417217,8192,1,44023,1225869865,1407566985
1425409,8192,1,49886,1450651632,1579440828
1433601,8192,1,56669,1681771886,1677136603
1441793,8192,1,54635,1947185643,1718690185
1449985,8192,1,56685,1624594158,1586472670
1458177,8192,1,50196,1613347851,1618869525
1466369,8192,1,54893,2240127730,2281260195
1474561,8192,1,52100,1483885342,1571050185
1482753,8192,1,51280,1586965488,1727581384
1490945,8192,1,56855,1674576856,1585945963
1499137,8192,1,52382,1728224502,1601091858
1507329,8192,1,60036,2138598848,2021745529
1515521,8192,1,69268,2441975068,2096220914
1523713,8192,1,56514,1832134302,1855490860
1531905,8192,1,51124,1731842384,1846964358
1540097,8192,1,58754,1911501394,1836062153
1548289,8192,1,61429,1987968261,1763061018
1556481,8192,1,60630,2360467143,1843401833
1564673,8192,1,56981,1819841802,1772780471
1572865,8192,1,56494,1777140576,1621545426
1581057,8192,1,59042,1735378915,1645659260
1589249,8192,1,68973,2172337508,2071316107
1597441,8192,1,64306,2192773982,1878479450
1605633,8192,1,86669,3493104245,2633944226
1613825,8192,1,62112,2154462632,1990572535
1622017,8192,1,60118,1914186297,1740953641
1630209,8192,1,53413,1741132990,1724153297
1638401,8192,1,56756,1633896769,1650495826
1646593,8192,1,50346,1452533160,1516359555
1654785,8192,1,50828,1521883376,1581689873
1662977,8192,1,60376,3061122313,2536843156
1671169,8192,1,55258,1843787387,1734524476
1679361,8192,1,55775,1793288354,1653230998
1687553,8192,1,52281,1793521528,1621100609
1695745,8192,1,55227,1857680146,1638930046
1703937,8192,1,64652,2265573762,1971095360
1712129,8192,1,63355,2060421766,1831907942
1720321,8192,1,65682,5800241515,8093769410
1728513,8192,1,95610,16739007815,44640284475
1736705,8192,1,67917,4743426756,8987748148
1744897,8192,1,62602,3296268924,4149660004
1753089,8192,1,68336,3841591968,3180736435
1761281,8192,1,58130,2076897006,2039613486
1769473,8192,1,57022,2221809906,1755999727
1777665,8192,1,52898,1689289635,1730251295
1785857,8192,1,53856,1708894430,1918672162
1794049,8192,1,56044,1992483551,2273917686
1802241,8192,1,90325,5767597538,2960190789
1810433,8192,1,52758,2499380206,4882975704
1818625,8192,1,55194,1772826158,1984092709
1826817,8192,1,53703,1704827192,1653193148
1835009,8192,1,49822,1916513753,2186960867
1843201,8192,1,53374,1676538934,1650787124
1851393,8192,1,60123,2381439875,3354816112
1859585,8192,1,56426,2865260110,4979890343
1867777,8192,1,50632,1670163364,1948105938
1875969,8192,1,53453,1904646721,2127695838
1884161,8192,1,54655,1840362954,1748097311
1892353,8192,1,54265,1824465369,1662318067
1900545,8192,1,51280,1414646366,1516393537
1908737,8192,1,47043,1388770142,1490186148
1916929,8192,1,63160,1874850406,1711602839
1925121,8192,1,62773,4171399935,8177855728
1933313,8192,1,65738,2266620454,2182286884
1941505,8192,1,62037,2034143904,1808480220
1949697,8192,1,79321,2248553641,1993393969
1957889,8192,1,74738,2527380908,2313652166
1966081,8192,1,75137,2369261794,1995370487
1974273,8192,1,66582,2970283633,2324793010
1982465,8192,1,60335,2173102476,2453609798
1990657,8192,1,63657,1764764048,1600819084
1998849,8192,1,66671,2054100679,1820328077
2007041,8192,1,68240,2035711402,1802117782
2015233,8192,1,60275,1885646786,1701370009
2023425,8192,1,59731,1718762000,1593369606
2031617,8192,1,56298,1666187619,1620158720
2039809,8192,1,56416,2985329528,2336868486
2048001,8192,1,67806,2074138922,1853122929
2056193,8192,1,63577,1903780373,1659703008
2064385,8192,1,55865,1657169845,1814119069
2072577,8192,1,58480,1557471379,1511473711
2080769,8192,1,55331,1599645346,1797777553
2088961,8192,1,64228,1850037001,1751302104
2097153,8192,1,66060,2188998555,2206444948
2105345,8192,1,54235,1660505770,1603719413
2113537,8192,1,56694,1742357705,1845107935
2121729,8192,1,61614,1816239031,1599060026
2129921,8192,1,63451,3861822325,2890566419
2138113,8192,1,69603,2043909844,1686777590
2146305,8192,1,61611,1914481982,2048337260
2154497,8192,1,62524,1658273809,1524299683
2162689,8192,1,61974,1798911967,2088613342
2170881,8192,1,62834,1920681017,1749400037
2179073,8192,1,61629,1818058493,2029137313
2187265,8192,1,76278,2727312503,2073419937
2195457,8192,1,59767,1675377812,1571215219
2203649,8192,1,65371,2614658821,2218722382
2211841,8192,1,62364,2039781213,1614126951
2220033,8192,1,60969,1981999587,1723000850
2228225,8192,1,85854,2814470323,2343478360
2236417,8192,1,55933,1813330669,1496564925
2244609,8192,1,57588,1730634676,1516217858
2252801,8192,1,63320,2021513820,2073936864
2260993,8192,1,65183,2112882377,1855040747
2269185,8192,1,74523,2354744595,1833654524
2277377,8192,1,72172,2714744039,2445937710
2285569,8192,1,50199,1706002470,2756936922
2293761,8192,1,61842,1801256949,6160127927
2301953,8192,1,68639,2034760072,1954645958
2310145,8192,1,66952,2916329686,15738729821
2318337,8192,1,48275,1914011719,11794973775
2326529,8192,1,56968,3010508461,23477479317
2334721,8192,1,60252,3532946594,44646783874
2342913,8192,1,59242,2893073539,20861957427
2351105,8192,1,56520,2437337126,4306168002
2359297,8192,1,53930,2539978338,8994144067
2367489,8192,1,72486,5437092390,37696985380
2375681,8192,1,64351,3955814780,34611765458
2383873,8192,1,72150,4175006287,25828906081
2392065,8192,1,52311,3587030185,48881081068
2400257,8192,1,60755,3380343872,107807335702
2408449,8192,1,54394,3489623288,87894521302
2416641,8192,1,59749,3571481590,53045608169
2424833,8192,1,52901,2140315677,71231212770
2433025,8192,1,41983,2064705182,91118366082
2441217,8192,1,52489,1940457621,35561398156
2449409,8192,1,47032,1416811786,15828586879
2457601,8192,1,50121,1416935937,21348975072
2465793,8192,1,63997,2059194432,18166268118
2473985,8192,1,52613,5415624522,49689274791
2482177,8192,1,77644,2200694454,3346064797
2490369,8192,1,47944,1381582456,1645108844
2498561,8192,1,58110,1704965277,1672654775
2506753,8192,1,68097,2292291281,2026459679
2514945,8192,1,59292,1798672209,2039838337
2523137,8192,1,59793,1784849739,1764305061
2531329,8192,1,57693,1656383700,1761504761
2539521,8192,1,55694,1627913854,1789284129
2547713,8192,1,63237,1907051300,1908750703
2555905,8192,1,61395,1723186230,1837034969
2564097,8192,1,57303,1576168754,2088127582
2572289,8192,1,44899,1243188531,1439006991
2580481,8192,1,50737,1381762673,1510574306
2588673,8192,1,53997,1523970827,2210560556
2596865,8192,1,56755,1868225974,1957731504
2605057,8192,1,54579,1853422028,1749078647
2613249,8192,1,57937,1749156374,2350817477
2621441,8192,1,54830,1654717503,1750107890
2629633,8192,1,59687,1932781220,1787500951
2637825,8192,1,58098,1831832946,2352522956
2646017,8192,1,57577,1732304988,1707154456
2654209,8192,1,56517,1691425491,1566174851
2662401,8192,1,54908,1580644481,2133486719
2670593,8192,1,56589,1781259427,1628683559
2678785,8192,1,85495,2598196853,14146380251
2686977,8192,1,59696,3974729576,71395586665
2695169,8192,1,72462,4113740875,42690912012
2703361,8192,1,55726,4743499117,66033709816
2711553,8192,1,65254,6348291025,87103210780
2719745,8192,1,64427,5199613546,50746393395
2727937,8192,1,50844,1684630038,2242517526
2736129,8192,1,54697,1652133461,1801717183
2744321,8192,1,53051,1748152517,1511127392
2752513,8192,1,55339,1979520745,1690978648
2760705,8192,1,64847,2063457441,1940256865
2768897,8192,1,55277,1804237075,1646755804
2777089,8192,1,56023,1776551857,1685840154
2785281,8192,1,52991,1726269370,1828430419
2793473,8192,1,52624,2213276915,1636261696
2801665,8192,1,55238,1810591298,1705941935
2809857,8192,1,63980,2356415998,2150476512
2818049,8192,1,65743,2448549979,2009531666
2826241,8192,1,54971,1881197690,1623427545
2834433,8192,1,49662,1953789890,1947060708
2842625,8192,1,58392,2038106026,1713666792
2850817,8192,1,64185,2225753659,1843771832
2859009,8192,1,76490,2486660557,2318547699
2867201,8192,1,55683,1760491642,1617661386
2875393,8192,1,50675,1452936266,1448254167
2883585,8192,1,50157,1522394202,2068232779
2891777,8192,1,58225,1860099069,1649801683
2899969,8192,1,60144,2083730262,1738046543
2908161,8192,1,60988,2086757942,2166572740
2916353,8192,1,54302,1714680114,1564452853
2924545,8192,1,50695,1584719153,1599582190
2932737,8192,1,63026,2305221488,2606033642
2940929,8192,1,67480,2204851332,1887101812
2949121,8192,1,61833,1971573134,1899044540
2957313,8192,1,58505,1930260127,2293177415
2965505,8192,1,59699,1937673518,1743117538
2973697,8192,1,63091,2244391292,1848148881
2981889,8192,1,64874,2137001608,2345617312
2990081,8192,1,70738,2397486878,1834359597
2998273,8192,1,58903,1853897373,1638297032
3006465,8192,1,54373,1766782589,2093816213
3014657,8192,1,65027,2294148724,1819293531
3022849,8192,1,60922,2027141448,1794135265
3031041,8192,1,58548,1960456703,2325169553
3039233,8192,1,61315,2005539036,1808549995
3047425,8192,1,62091,2149768492,1847445706
3055617,8192,1,67927,2452616440,2533056405
3063809,8192,1,62018,2292070946,1961792827
3072001,8192,1,63286,2183742248,1879864352
3080193,8192,1,65669,2218082794,2566341829
3088385,8192,1,54874,1846213528,1745062014
3096577,8192,1,63311,2098245747,1885159015
3104769,8192,1,59762,2124435421,2429384002
3112961,8192,1,58897,2178531771,1973210527
3121153,8192,1,58468,1974991763,1787936477
3129345,8192,1,63556,2065813146,2482458038
3137537,8192,1,64128,2220717880,1902388797
3145729,8192,1,70462,2665896127,2094291078
3153921,8192,1,64806,2336669302,2748299560
3162113,8192,1,70074,2730719806,2437925353
3170305,8192,1,60420,2178878613,1960429805
3178497,8192,1,73252,3110141726,2861254335
3186689,8192,1,79081,2976280771,2238608211
3194881,8192,1,71074,2804402262,2152678576
3203073,8192,1,64978,2351345544,2522258291
3211265,8192,1,68556,2464803794,1977604385
3219457,8192,1,66845,2286314550,1923857010
3227649,8192,1,75763,3113040792,2762949806
3235841,8192,1,69688,2984250772,2076138444
3244033,8192,1,68668,2289170959,1954007201
3252225,8192,1,71170,2634879929,2715706421
3260417,8192,1,70604,2482121481,2076224865
3268609,8192,1,79874,2821352557,2321054612
3276801,8192,1,82615,2938903296,2953740427
3284993,8192,1,93464,3013882836,2463665977
3293185,8192,1,81232,2628326517,2164040208
3301377,8192,1,77780,2508423110,2757835131
3309569,8192,1,85412,2762075045,2149610767
3317761,8192,1,74949,2364616867,1987333570
3325953,8192,1,89542,3008034239,3159883452
3334145,8192,1,89382,3038054714,2280811601
3342337,8192,1,91012,2910544703,2334325600
3350529,8192,1,112957,4683356145,3422295498
3358721,8192,1,108487,3824938321,2754435636
3366913,8192,1,150248,4856683444,3364377628
3375105,8192,1,129410,4029391606,3908383687
3383297,8192,1,118959,3597176359,2697083582
3391489,8192,1,113031,3618928236,2727668061
3399681,8192,1,109702,3595863612,3262126014
3407873,8192,1,112341,3708098910,2624471744
3416065,8192,1,121089,3775021048,2739111012
3424257,8192,1,111288,3513747685,3375126384
3432449,8192,1,126552,4519125602,3114994774
3440641,8192,1,116739,3847970531,2968141357
3448833,8192,1,137505,4650151490,3873605628
3457025,8192,1,132372,4354448594,3230008237
3465217,8192,1,116438,3872751305,2979307951
3473409,8192,1,138958,4605215288,3820522485
3481601,8192,1,115237,3904507999,3003733252
3489793,8192,1,129313,4405146988,3255163614
3497985,8192,1,121326,4141663795,3244859404
3506177,8192,1,101941,3457895017,2706699096
3514369,8192,1,104473,3801545119,2884687305
3522561,8192,1,110663,3893580475,3143025489
3530753,8192,1,118136,4358681727,3069205019
3538945,8192,1,116538,3957151738,3332465369
3547137,8192,1,97599,3525061715,2936733794
3555329,8192,1,105494,3951999139,3165406369
3563521,8192,1,113777,4538716060,3353455769
3571713,8192,1,122232,4932027111,3855208294
3579905,8192,1,113517,5371454955,3277455545
3588097,8192,1,103751,3918968307,3375346088
3596289,8192,1,112257,4332652445,3881606830
3604481,8192,1,136619,5289710359,3776284410
3612673,8192,1,143158,5255428268,3740015010
3620865,8192,1,145745,4868936849,4402777960
3629057,8192,1,136562,4879877560,3702577470
3637249,8192,1,160424,6406024036,4232235852
3645441,8192,1,150436,5782052966,4337177453
3653633,8192,1,167559,5819732935,4259610492
3661825,8192,1,142125,5329409688,3795210139
3670017,8192,1,152266,6300591479,4671832985
3678209,8192,1,169497,6571385749,4330617620
3686401,8192,1,156250,7347905323,4508900516
3694593,8192,1,167344,7335647042,5062402070
3702785,8192,1,147702,7536226635,4463046343
3710977,8192,1,168287,8194709920,4956464814
3719169,8192,1,176741,9883600890,5667446118
3727361,8192,1,214081,11450730102,6259294799
3735553,8192,1,229327,12196031413,6695129581
3743745,8192,1,201943,10613685663,6072074666
3751937,8192,1,260406,12599459208,7061516542
3760129,8192,1,278528,15779303797,7901090866
3768321,8192,1,279013,16350363987,8229760866
3776513,8192,1,244538,13523383202,7010048899
3784705,8192,1,224822,12717337930,7079698886
3792897,8192,1,248995,13592095818,7533488413
3801089,8192,1,314302,19832169118,8554194341
3809281,8192,1,313676,17980594470,11934600584
3817473,8192,1,280618,16692684984,10138942424
3825665,8192,1,296114,15953100496,9015271467
3833857,8192,1,317754,17492872153,9905433661
3842049,8192,1,305857,17151665586,10166962699
3850241,8192,1,325308,16138916714,9909204965
3858433,8192,1,365858,18515263356,10645640363
3866625,8192,1,450999,21732698279,12948396281
3874817,8192,1,403872,18428150155,11892785963
3883009,8192,1,399350,18507971011,11750799787
3891201,8192,1,366142,17616667683,11318596721
3899393,8192,1,401398,20055154217,12371634326
3907585,8192,1,467519,26635229072,12999718516
3915777,8192,1,448080,27509986564,13194039089
3923969,8192,1,445137,22206823281,12717107774
3932161,8192,1,393944,20192356202,12247180288
3940353,8192,1,474437,21147977183,14260459083
3948545,8192,1,452736,24838577163,15819011085
3956737,8192,1,409197,21844246829,14002555086
3964929,8192,1,391200,20881198158,14241827489
3973121,8192,1,480657,24984090402,16329134161
3981313,8192,1,439836,24432971850,16157081893
3989505,8192,1,456105,22202913020,15724385801
3997697,8192,1,401541,19785653790,13911972135
4005889,8192,1,468451,21489133966,15132270193
4014081,8192,1,521089,25614275148,17924065462
4022273,8192,1,465732,25576854950,16162907992
4030465,8192,1,422645,19071909199,14671143627
4038657,8192,1,452765,21588202182,15547829253
4046849,8192,1,494336,24205815057,16192599327
4055041,8192,1,427170,19727949695,13893318045
4063233,8192,1,409232,17944225576,13532654052
4071425,8192,1,455169,22752023483,15728308701
4079617,8192,1,411552,20393151746,13602165662
4087809,8192,1,402826,19516574262,13971668071
4096001,8192,1,350511,18308327314,12076261711
4104193,8192,1,441704,23280158452,15296144567
4112385,8192,1,474401,24577424757,17439026732
4120577,8192,1,512389,25868228053,18042723280
4128769,8192,1,539622,25478534061,18492321026
4136961,8192,1,612130,30525492507,20647225257
4145153,8192,1,669828,31316179679,22335524172
4153345,8192,1,667176,32781900955,22229559137
4161537,8192,1,802050,39631270870,26915958301
4169729,8192,1,832182,45690595844,30583423585
4177921,8192,1,822935,40787417397,26812102581
4186113,8192,1,677937,33931766754,23698644108
4194305,8192,1,736129,33608364656,23759332188
4202497,8192,1,733583,31613370181,23259956969
4210689,8192,1,736596,33326421250,24305555394
4218881,8192,1,885279,42684031553,28276428817
4227073,8192,1,909505,44089434039,29677370473
4235265,8192,1,772574,36378544905,26321233502
4243457,8192,1,1021928,44970958961,32079711370
4251649,8192,1,1081239,50184234692,34917148857
4259841,8192,1,880278,41550585016,30399706450
4268033,8192,1,864414,41053728142,30521099425
4276225,8192,1,867715,42375737918,32582784754
4284417,8192,1,857098,44405284841,31073923951
4292609,8192,1,764839,40439697663,31278887270
4300801,8192,1,736339,41523378146,30694439770
4308993,8192,1,739102,40787147868,30441752362
4317185,8192,1,882460,46629010975,33486316741
4325377,8192,1,928715,45913689045,35209976127
4333569,8192,1,855500,44372358254,33767673083
4341761,8192,1,890587,45969894286,34369911000
4349953,8192,1,861954,44868560756,34813059079
4358145,8192,1,961145,45839288391,35040007516
4366337,8192,1,1022776,47707018313,37820216178
4374529,8192,1,788928,41640159530,31417497661
4382721,8192,1,680611,30304975089,24458220735
4390913,8192,1,633676,29394442349,25178692032
4399105,8192,1,691855,34599365091,24567177072
4407297,8192,1,587597,22219394536,19491621754
4415489,8192,1,602801,27141844419,21134451070
4423681,8192,1,637247,33563116251,25534402599
4431873,8192,1,602169,34452528559,25970953033
4440065,8192,1,644187,35202407283,27110467417
4448257,8192,1,635205,32303616551,25750861559
4456449,8192,1,658167,33516933106,27176187641
4464641,8192,1,714607,37151598010,29756450111
4472833,8192,1,687810,38954422870,31317911611
4481025,8192,1,691342,38855588548,31446693956
4489217,8192,1,597092,33111071840,27696494396
4497409,8192,1,530372,24797114990,22057602513
4505601,8192,1,664534,27768018498,23980850555
4513793,8192,1,607716,29462506589,25333821549
4521985,8192,1,636968,33818088203,28434243401
4530177,8192,1,576620,30857764315,25369759134
4538369,8192,1,555644,29902311532,25321116219
4546561,8192,1,576193,31728985315,26534913430
4554753,8192,1,614333,33933012035,28831862617
4562945,8192,1,694290,35077866299,29107018961
4571137,8192,1,685773,35235556368,29639569697
4579329,8192,1,595343,32512470264,27801048218
4587521,8192,1,616676,31432826950,27915932083
4595713,8192,1,732388,35462326767,31566530520
4603905,8192,1,701686,34053236118,30124459254
4612097,8192,1,696025,34813469923,30156236021
4620289,8192,1,756842,36575998133,32186331774
4628481,8192,1,695958,35807344495,30318463627
4636673,8192,1,839988,41325848673,36883498712
4644865,8192,1,859818,39561689628,35713446058
4653057,8192,1,878341,39038765676,37022933355
4661249,8192,1,838018,41732008967,38240693459
4669441,8192,1,868393,42367951309,41363768575
4677633,8192,1,1024408,50365921601,48483001465
4685825,8192,1,1106629,50823271509,48902966863
4694017,8192,1,983321,52251191383,45376987454
4702209,8192,1,1065994,53288175748,54060865559
4710401,8192,1,1004230,57029863421,57228163933
4718593,8192,1,1175867,60067148142,60783707567
4726785,8192,1,1283732,60320736424,59288093222
4734977,8192,1,1366216,63069754925,60116656258
4743169,8192,1,1249121,59108334014,55138213608
4751361,8192,1,1252125,59908605848,56359199314
4759553,8192,1,1451207,62045900188,58904818798
4767745,8192,1,1519992,62098558192,57618686990
4775937,8192,1,1585445,62497723845,54720064191
4784129,8192,1,1400070,58743219915,54722172658
4792321,8192,1,1052134,54186765245,45013936316
4800513,8192,1,1019534,49928583194,44342020142
4808705,8192,1,1261780,57510375260,52057237172
4816897,8192,1,1331357,57590718396,54875873017
4825089,8192,1,1639294,60808222944,57425654487
4833281,8192,1,1324521,56290819569,52100626545
4841473,8192,1,1365671,56727562845,53933249195
4849665,8192,1,1800565,61983009179,62257239900
4857857,8192,1,2002216,61977955389,59001778787
4866049,8192,1,1885881,62151807862,61475816560
4874241,8192,1,1724229,62804522499,60883391696
4882433,8192,1,1914229,62387106534,61237925987
4890625,8192,1,1784457,61980258440,57434597367
4898817,8192,1,1710320,62316592526,60908777945
4907009,8192,1,1726464,62391325627,59289800913
4915201,8192,1,1730007,63380891308,62025709635
4923393,8192,1,1858619,62279744506,61970687847
4931585,8192,1,1849680,62183892835,62932430498
4939777,8192,1,1496671,58403848500,57845379450
4947969,8192,1,1393070,58633948844,58945194081
4956161,8192,1,1327346,58788810672,57110228761
4964353,8192,1,1272246,58123924020,56414042733
4972545,8192,1,1159603,54810326446,54307745253
4980737,8192,1,1260970,53358611450,55033604359
4988929,8192,1,1176073,52672662572,52258490692
4997121,8192,1,1259241,55165172481,53372191877
5005313,8192,1,1262433,56373025517,53218430957
5013505,8192,1,1356029,59546446599,59094672722
5021697,8192,1,1305842,56689784355,56501696206
5029889,8192,1,1125879,53898877430,49102510487
5038081,8192,1,1161636,54269350642,50606267595
5046273,8192,1,1191117,54055514122,52919516458
5054465,8192,1,1056526,53286687769,51120861891
5062657,8192,1,1038563,52346336284,49232743992
5070849,8192,1,1111255,53626275181,48921586856
5079041,8192,1,1139166,53752148996,51468688184
5087233,8192,1,1010849,50228857996,46519269760
5095425,8192,1,1086570,52677277867,50467369983
5103617,8192,1,981145,52265804278,48561116160
5111809,8192,1,1077049,53626533614,50135461219
5120001,8192,1,1057547,54195882329,49455492847
5128193,8192,1,1208494,58216835003,55580891221
5136385,8192,1,1184261,56746767112,52485933016
5144577,8192,1,999424,52506836442,50269251192
5152769,8192,1,1017445,53578401482,51362902335
5160961,8192,1,1019623,52810336386,52300662193
5169153,8192,1,938849,52166193773,51125606912
5177345,8192,1,1005061,53979644014,53932277795
5185537,8192,1,1006297,54409598707,55702701714
5193729,8192,1,910773,52367016050,51395766838
5201921,8192,1,1019609,54958972298,52080248659
5210113,8192,1,963205,51431731336,53079036629
5218305,8192,1,1080296,53432274393,56869834503
5226497,8192,1,913035,51814775021,53348602468
5234689,8192,1,811533,49710271751,49649661959
5242881,8192,1,914018,50659269828,50325553605
5251073,8192,1,951734,49660522293,50077034391
5259265,8192,1,966328,49937461860,53351715307
5267457,8192,1,876120,48233799143,50206247416
5275649,8192,1,839560,45505587169,46781695388
5283841,8192,1,976074,50468458835,50671953786
5292033,8192,1,924974,47925789741,49523373483
5300225,8192,1,942144,49680604502,47985797870
5308417,8192,1,886412,46355902185,48086103566
5316609,8192,1,828036,44837407164,47003208363
5324801,8192,1,738251,42486626567,44071467990
5332993,8192,1,878562,44377402985,45374203136
5341185,8192,1,759784,39515895518,41100466956
5349377,8192,1,876958,45441991668,47791363859
5357569,8192,1,803479,46113372017,48223764920
5365761,8192,1,729028,45065663138,45306483077
5373953,8192,1,885713,47737923460,49360523445
5382145,8192,1,836995,51351355496,51568512878
5390337,8192,1,965931,52965281717,53084632522
5398529,8192,1,782926,50890084027,47905265063
5406721,8192,1,761190,48956703913,49960079977
5414913,8192,1,827064,48472063015,49359195291
5423105,8192,1,825418,49256575775,55745252495
5431297,8192,1,919267,52230978175,58597055156
5439489,8192,1,974226,55143258533,59604552171
5447681,8192,1,833508,50689771206,54648972835
5455873,8192,1,947860,56707817121,57496946100
5464065,8192,1,1033971,58652807039,60632221759
5472257,8192,1,1115589,59342364238,62755355877
5480449,8192,1,1153123,59083287853,62871371412
5488641,8192,1,1009152,56069946259,61342089399
5496833,8192,1,1156155,57601281303,65919239926
5505025,8192,1,1147957,57531469967,65202893785
5513217,8192,1,1088977,55330482420,59615489429
5521409,8192,1,1128476,54292326455,59502019355
5529601,8192,1,1047151,55026971310,63423889495
5537793,8192,1,1126959,57980108462,64472219225
5545985,8192,1,1076343,59166013084,64791003911
5554177,8192,1,1192396,59545348454,65979132385
5562369,8192,1,1376951,58519081749,70607894627
5570561,8192,1,976721,58050473193,61687551050
5578753,8192,1,1166387,57731284389,62195111635
5586945,8192,1,1161915,58406567436,65178496136
5595137,8192,1,1234914,60771886651,67833858407
5603329,8192,1,1124232,59755746193,64091714432
5611521,8192,1,1095478,60122260578,62010643502
5619713,8192,1,1158885,60368944644,66451252791
5627905,8192,1,1153817,60775416598,64293006937
5636097,8192,1,1226306,60413544072,64626750408
5644289,8192,1,1196097,59963033833,62146543601
5652481,8192,1,1148057,60165793954,65575651322
5660673,8192,1,1177054,60696972227,64771277385
5668865,8192,1,1235498,60047450465,66178067582
5677057,8192,1,1147362,60485425643,67353308434
5685249,8192,1,1108227,59774988632,63717458156
5693441,8192,1,1201882,61008511303,66690177838
5701633,8192,1,1183811,61676882288,69954774843
5709825,8192,1,1214637,61791485704,73443787114
5718017,8192,1,1086473,61499185628,71635326630
5726209,8192,1,1201901,61132528463,67761934116
5734401,8192,1,1114912,61252818451,67062533079
5742593,8192,1,1163973,60135524474,65888595530
5750785,8192,1,1084060,59600947136,64553458940
5758977,8192,1,1078372,59809101820,63964449011
5767169,8192,1,1114845,59325753351,65631584544
5775361,8192,1,1126138,59862973911,63867265480
5783553,8192,1,1136977,59212357830,62569636984
5791745,8192,1,1046515,52187366379,55997540799
5799937,8192,1,1040418,55190787848,58702088450
5808129,8192,1,853023,55324595267,55721125567
5816321,8192,1,1028624,57063660639,60607674416
5824513,8192,1,1117046,59270194084,65944536844
5832705,8192,1,1061157,58960211718,64719981577
5840897,8192,1,1055327,56548008958,62275417121
5849089,8192,1,878652,50539203884,55434364733
5857281,8192,1,1173486,57632243725,68124492741
5865473,8192,1,1081039,57617358569,63702929822
5873665,8192,1,1057229,56743055206,64773370586
5881857,8192,1,951758,58511385611,59517320428
5890049,8192,1,835183,61795713273,49756644438
5898241,8192,1,739929,61727951417,51371772106
5906433,8192,1,680873,61904063474,52799448224
5914625,8192,1,706329,61447371947,54213185241
5922817,8192,1,694577,62089394033,52092347489
5931009,8192,1,846968,57980071725,53647752903
5939201,8192,1,966559,59961762656,60556766598
5947393,8192,1,901788,60279415753,59426936368
5955585,8192,1,802864,60414676596,57568653088
5963777,8192,1,685110,63069117237,54326169688
5971969,8192,1,649712,59686231052,54171342691
5980161,8192,1,1036796,60094784408,65885680258
5988353,8192,1,1003503,59416305051,64763379426
5996545,8192,1,1027604,59615250433,63117888460
6004737,8192,1,892103,60438506569,68392846540
6012929,8192,1,880312,59806694762,63955348197
6021121,8192,1,1109642,60025112508,68144824878
6029313,8192,1,1094954,59640226996,67119136180
6037505,8192,1,1030417,59369607024,63908751441
6045697,8192,1,1057200,55900815277,65456801901
6053889,8192,1,940339,50753517403,56810752408
6062081,8192,1,1047645,56417459765,63722310487
6070273,8192,1,1070344,58612928291,66302869383
6078465,8192,1,1040326,59160341340,63882558859
6086657,8192,1,1032939,59245645508,60511925109
6094849,8192,1,978106,58080730358,60187950644
6103041,8192,1,949935,59434287423,63702003283
6111233,8192,1,814440,62418352419,83668188397
6119425,8192,1,756883,61929340206,86709441227
6127617,8192,1,891700,57927536222,73176198134
6135809,8192,1,894373,54124139868,58978020365
6144001,8192,1,948844,54474431056,63357417388
6152193,8192,1,949060,55935295379,62271030297
6160385,8192,1,940733,57179985070,63489036652
6168577,8192,1,875004,59767193046,71194186586
6176769,8192,1,854844,58633356661,64808037011
6184961,8192,1,869810,57172923878,65257749826
6193153,8192,1,858339,58716480746,66027824415
6201345,8192,1,808091,59068730609,64694105117
6209537,8192,1,816753,58875189706,68665159508
6217729,8192,1,809455,58560010270,65689578361
6225921,8192,1,839253,57560207356,65959404567
6234113,8192,1,845776,59019049499,67250866868
6242305,8192,1,804291,57082938691,68259210612
6250497,8192,1,779310,58293679134,63940054265
6258689,8192,1,935783,58551901338,67010539717
6266881,8192,1,832343,56739213761,66300897845
6275073,8192,1,815239,56879687612,66214837419
6283265,8192,1,869622,56503858451,65655896435
6291457,8192,1,753911,57192973874,65586546376
6299649,8192,1,796408,58492213661,65541881028
6307841,8192,1,775867,57819406693,66367338267
6316033,8192,1,731815,55554664930,63305294959
6324225,8192,1,801177,56055100336,65189920498
6332417,8192,1,702924,55639554786,63424190390
6340609,8192,1,628921,57287631240,62235584282
6348801,8192,1,701014,56796985035,59905447700
6356993,8192,1,679990,56753862938,63774616690
6365185,8192,1,679678,56844041949,55695843365
6373377,8192,1,730260,55694660589,64069791561
6381569,8192,1,631122,56053435110,59559665347
6389761,8192,1,623579,55480206989,60327307717
6397953,8192,1,722344,56431171315,62083604605
6406145,8192,1,629492,57158444543,63183071446
6414337,8192,1,709829,57357572825,61098664534
6422529,8192,1,613086,54942317621,55290745036
6430721,8192,1,606422,52576411946,57438204202
6438913,8192,1,642545,52459434620,57648878491
6447105,8192,1,731996,53145077742,57287367016
6455297,8192,1,724964,54306641564,64553556765
6463489,8192,1,815991,52726025166,61511872117
6471681,8192,1,729625,49182276339,53691660193
6479873,8192,1,669837,46831088707,49524769002
6488065,8192,1,747144,48122908769,56198653315
6496257,8192,1,717326,47958662805,61829203086
6504449,8192,1,718392,50909275438,60021247302
6512641,8192,1,730467,48392560754,55423151802
6520833,8192,1,738059,46131832206,56027698936
6529025,8192,1,724708,46477569891,54506953335
6537217,8192,1,800265,48971240353,58162009554
6545409,8192,1,787384,48497192206,56769628144
6553601,8192,1,698398,47187351487,56027926125
6561793,8192,1,737557,48788349686,55716893619
6569985,8192,1,764170,49888523955,57676605591
6578177,8192,1,680236,49997697795,51414792514
6586369,8192,1,749999,53088340658,52650418768
6594561,8192,1,705784,48019131508,54602993057
6602753,8192,1,656423,46400710382,54079510429
6610945,8192,1,849783,47748915390,58436180519
6619137,8192,1,801148,47807608803,57998327185
6627329,8192,1,765408,46669797740,55931640668
6635521,8192,1,743150,46887794423,55859169000
6643713,8192,1,665607,45877233135,56954415390
6651905,8192,1,758736,47427946240,60104248818
6660097,8192,1,827631,47805700088,58500941400
6668289,8192,1,740827,47033958754,57203539097
6676481,8192,1,701546,45737135850,55446718611
6684673,8192,1,693026,47473036303,57155564161
6692865,8192,1,744005,47361939810,55276908226
6701057,8192,1,728159,45355462532,55582083300
6709249,8192,1,803323,48175195526,57805252193
6717441,8192,1,731903,47282679908,56520598537
6725633,8192,1,669779,47058450238,52271769149
6733825,8192,1,736446,51234504987,56570169587
6742017,8192,1,845497,51556557281,60689246523
6750209,8192,1,783040,49450537411,56581906930
6758401,8192,1,785734,48600607825,52246120673
6766593,8192,1,644335,43880086628,47969368321
6774785,8192,1,718306,45320242271,51762285560
6782977,8192,1,787787,49300862376,56727796222
6791169,8192,1,797132,51216997662,55760372354
6799361,8192,1,778579,54480612692,69101837283
6807553,8192,1,777106,54418924892,65296276137
6815745,8192,1,641142,49816057934,63425368988
6823937,8192,1,767187,52605381030,64498740486
6832129,8192,1,795755,53448736123,67800646641
6840321,8192,1,787802,52776478133,69184877871
6848513,8192,1,788128,50809483628,67466661761
6856705,8192,1,703447,48678621512,64543222495
6864897,8192,1,720780,48100014209,59063433503
6873089,8192,1,753391,48766101024,57741336802
6881281,8192,1,726756,48283626988,59158096029
6889473,8192,1,759040,48229905528,56753662456
6897665,8192,1,733910,48871665264,61809634120
6905857,8192,1,752177,49522415159,60561130856
6914049,8192,1,802193,51410592357,57999314875
6922241,8192,1,859621,51928120590,61748817405
6930433,8192,1,800774,50391395202,59283585495
6938625,8192,1,748654,49387623217,58271890937
6946817,8192,1,796267,50255220086,61008677109
6955009,8192,1,748240,51693407873,57265357745
6963201,8192,1,806363,50150885645,63029702709
6971393,8192,1,728569,48656564463,61149646245
6979585,8192,1,735352,51199560672,63960329262
6987777,8192,1,699021,48682911486,65890531077
6995969,8192,1,634120,45831406577,55784552010
7004161,8192,1,892155,50536556554,63916855379
7012353,8192,1,782030,49273441119,61952094282
7020545,8192,1,741045,46097890688,58197791111
7028737,8192,1,762443,45093991002,58891017936
7036929,8192,1,853754,46603908786,58867918623
7045121,8192,1,810342,46377293130,58729354454
7053313,8192,1,770343,47471980730,59370105260
7061505,8192,1,683334,43555846112,53972087245
7069697,8192,1,838780,46875030520,59765168618
7077889,8192,1,763229,48582059456,57187795845
7086081,8192,1,751041,45191788480,55311772986
7094273,8192,1,795784,48515590361,57217548663
7102465,8192,1,787430,49228707462,56010308922
7110657,8192,1,985470,55948602087,61560950368
7118849,8192,1,879750,52775047845,60844669417
7127041,8192,1,771176,49224643811,58154182238
7135233,8192,1,810937,53308284328,63608138954
7143425,8192,1,915819,55117039138,66607698004
7151617,8192,1,910815,54754117820,63110995683
7159809,8192,1,886198,58713975871,66415533665
7168001,8192,1,726666,49138506055,55740637455
7176193,8192,1,693336,47109751685,54894881441
7184385,8192,1,724525,48036349840,52111318264
7192577,8192,1,708302,48268198216,52940340008
7200769,8192,1,727507,50120021956,55758746576
7208961,8192,1,790346,53098340347,62205826847
7217153,8192,1,906974,56741329110,63528587941
7225345,8192,1,933614,58596654890,66242465767
7233537,8192,1,885596,58671527494,66089070690
7241729,8192,1,1016104,61069572685,70663135828
7249921,8192,1,1020630,61369308543,67460919457
7258113,8192,1,985675,61058114637,71606195990
7266305,8192,1,1024395,60799942581,68111702735
7274497,8192,1,1073993,62911729753,73920024725
7282689,8192,1,959353,60722933235,70226084675
7290881,8192,1,721417,51558952034,62691457459
7299073,8192,1,635467,47439182717,59980840008
7307265,8192,1,768990,52539940390,62807158947
7315457,8192,1,782838,50497801672,62367649065
7323649,8192,1,736531,48680635829,58695667242
7331841,8192,1,693431,48979000213,60557180691
7340033,8192,1,700353,48470463657,59881202665
7348225,8192,1,656165,47754014325,55616553648
7356417,8192,1,706952,49781969594,60492266043
7364609,8192,1,702560,51552295972,59110461128
7372801,8192,1,748488,51189895210,59548755230
7380993,8192,1,672970,50289379405,57319869932
7389185,8192,1,618374,46747527961,57639819571
7397377,8192,1,731407,53849189259,60510254179
7405569,8192,1,823103,54459907520,61374951506
7413761,8192,1,820567,57996395789,67204085141
7421953,8192,1,759259,54880499899,62927523820
7430145,8192,1,709874,50266481813,57805896377
7438337,8192,1,799413,52617562312,63098016047
7446529,8192,1,803464,53862112844,64999590405
7454721,8192,1,776283,53348274726,62384445271
7462913,8192,1,841975,55623955618,63516852698
7471105,8192,1,853955,57452318218,67775264230
7479297,8192,1,795154,56297422443,66142760436
7487489,8192,1,889445,56376229780,69790153724
7495681,8192,1,1021969,60023042579,73865753814
7503873,8192,1,875237,55313971334,68549747636
7512065,8192,1,775071,49429826010,61914114970
7520257,8192,1,725889,47064363363,58602041476
7528449,8192,1,834843,51650564844,65191829481
7536641,8192,1,789507,50757917942,64195365111
7544833,8192,1,867687,54598783786,62374168233
7553025,8192,1,960725,56469515355,65649275713
7561217,8192,1,815707,50313874323,64035941390
7569409,8192,1,666231,46144005917,58161731067
7577601,8192,1,832815,54175134238,59551347192
7585793,8192,1,885526,58087439964,65027214002
7593985,8192,1,861278,55905434119,64613579891
7602177,8192,1,852806,50342783962,65129484187
7610369,8192,1,887841,49888381296,65061691520
7618561,8192,1,860187,54950616424,63314895619
7626753,8192,1,915348,54030183176,67085036898
7634945,8192,1,852309,51681051150,64698369113
7643137,8192,1,912370,53049696773,65101056201
7651329,8192,1,738803,45900258701,56551622699
7659521,8192,1,713836,45748826296,55195010969
7667713,8192,1,848035,50538533259,60166995147
7675905,8192,1,937742,55323766578,67662368555
7684097,8192,1,787627,54383889810,59104433877
7692289,8192,1,833589,53247672067,61473708850
7700481,8192,1,814204,49535470442,61162500607
7708673,8192,1,903137,54358941917,62611803268
7716865,8192,1,801151,62622317283,56387938793
7725057,8192,1,905524,59014777802,67381623673
7733249,8192,1,960512,58327935763,72343421164
7741441,8192,1,936278,56411432504,70613512366
7749633,8192,1,890324,53572479595,72742363925
7757825,8192,1,1027125,58522479696,79329912750
7766017,8192,1,1065365,61612038604,81276470266
7774209,8192,1,1133091,62039236317,80342413345
7782401,8192,1,1013568,61944787561,80548168631
7790593,8192,1,977456,60660792594,75630378926
7798785,8192,1,1062407,59684547724,78074860241
7806977,8192,1,1017774,59902115809,75801709133
7815169,8192,1,1154301,60693446908,77511408922
7823361,8192,1,1129298,60341384806,76626038070
7831553,8192,1,1048171,56590059373,72073113633
7839745,8192,1,1006866,55276418358,71971713370
7847937,8192,1,1266339,61467920318,76141476866
7856129,8192,1,1153575,60984143819,73119298696
7864321,8192,1,1115475,59852831907,75702599691
7872513,8192,1,1148287,60908945609,73430715671
7880705,8192,1,1236171,60021117831,78547362372
7888897,8192,1,1119286,58582250428,73850121066
7897089,8192,1,1116862,59438959515,74137745977
7905281,8192,1,1053564,59511201019,71938705865
7913473,8192,1,1018766,59916578393,74431091087
7921665,8192,1,1163030,58202234652,68894720068
7929857,8192,1,932972,56541598892,71530506753
7938049,8192,1,1335617,61768841096,77752543443
7946241,8192,1,1126115,60333225913,78883524349
7954433,8192,1,930625,59253863905,79889956580
7962625,8192,1,1155991,60318831521,78678423602
7970817,8192,1,1149787,58205892161,76920254904
7979009,8192,1,1168100,58675133580,75629554118
7987201,8192,1,1109590,60201568915,72679582952
7995393,8192,1,1246696,60953748469,72780971566
8003585,8192,1,1072671,58459135873,76370093470
8011777,8192,1,915176,52150084703,73340431310
8019969,8192,1,1048977,54347088319,73838423777
8028161,8192,1,1161083,57901070063,72972996930
8036353,8192,1,1038066,60739991885,72719782829
8044545,8192,1,1058512,61452870344,70168359604
8052737,8192,1,1224568,57520110354,69932295504
8060929,8192,1,883351,49034881564,63461171028
8069121,8192,1,1093556,54937862712,69621767909
8077313,8192,1,1171620,58985335698,75515414257
8085505,8192,1,970944,57604952668,72327944827
8093697,8192,1,1018286,53175452767,68185896654
8101889,8192,1,907967,52281783686,66482841182
8110081,8192,1,872493,50955441103,65154083221
8118273,8192,1,1016880,55439650663,72629932653
8126465,8192,1,893543,53041319100,70249283319
8134657,8192,1,1199821,58355280103,74624504282
8142849,8192,1,872903,50503746198,67427328618
8151041,8192,1,753363,48910092076,67318895591
8159233,8192,1,888841,55200745635,72424052731
8167425,8192,1,1358869,61654254721,69565724090
8175617,8192,1,919344,57647015958,73569877463
8183809,8192,1,948309,52872475578,66858082360
8192001,8192,1,738324,46746541520,61768413032
8200193,8192,1,738422,45469577722,59854322148
8208385,8192,1,812997,50384096789,64586049011
8216577,8192,1,1006640,52371646321,62924454837
8224769,8192,1,1163238,59595554009,71475303269
8232961,8192,1,798761,53019994658,66069301082
8241153,8192,1,697829,51960965721,62153571378
8249345,8192,1,841109,52000342474,66418564776
8257537,8192,1,930193,54459937700,70770191631
8265729,8192,1,975208,58222853369,71864681181
8273921,8192,1,1020904,56306070571,69193406127
8282113,8192,1,938526,53080739771,63207432575
8290305,8192,1,820570,51981464609,67908063388
8298497,8192,1,940581,58623412073,71167100861
8306689,8192,1,877846,57683653048,69769686502
8314881,8192,1,914277,57238738726,71537510265
8323073,8192,1,880678,51566549035,67056569092
8331265,8192,1,763133,51489770819,76620550832
8339457,8192,1,835498,52115559990,65619543889
8347649,8192,1,940995,53853618011,68471995717
8355841,8192,1,935120,59792349550,71519034286
8364033,8192,1,849350,54624898279,68056318098
8372225,8192,1,826549,50554075020,64590308058
8380417,8192,1,893359,53524916702,66778745020
8388609,8192,1,950037,59670381591,77303516993
8396801,8192,1,851952,59067138486,68113443305
8404993,8192,1,971316,58701071184,73400620656
8413185,8192,1,957288,57866515165,74412467616
8421377,8192,1,838965,57549256819,64798318710
8429569,8192,1,893296,61104343635,62331830552
8437761,8192,1,993838,59809150417,71133510315
8445953,8192,1,964813,60789904230,73029337046
8454145,8192,1,839047,59657647316,67255403944
8462337,8192,1,854037,59372454307,66120585743
8470529,8192,1,970235,60191471319,68869261099
8478721,8192,1,988342,61800831528,68322941442
8486913,8192,1,828164,61286830855,64010594979
8495105,8192,1,1002499,62022730823,66005702017
8503297,8192,1,989779,61828220456,64223969817
8511489,8192,1,835312,61844907375,59236900170
8519681,8192,1,889469,61679703719,60023503688
8527873,8192,1,965347,61385667796,61473270064
8536065,8192,1,931052,61592837583,63308152680
8544257,8192,1,754048,61629636775,58456005820
8552449,8192,1,803745,61961780469,61147016483
8560641,8192,1,939276,63530816772,65096178600
8568833,8192,1,851417,65923346777,64501179615
8577025,8192,1,841049,65623489141,64114982912
8585217,8192,1,992152,73222626803,70510879507
8593409,8192,1,817459,77878755186,67589973570
8601601,8192,1,699019,76628772865,67917775734
8609793,8192,1,811933,78058009201,67257386752
8617985,8192,1,949393,77470743277,77275443461
8626177,8192,1,869464,75793509999,72843068190
8634369,8192,1,739889,74187688186,67513559819
8642561,8192,1,818926,77685558439,71978084445
8650753,8192,1,825924,78026267904,74545812334
8658945,8192,1,812147,70393239512,82198759845
8667137,8192,1,785673,61570806794,73691571758
8675329,8192,1,816542,65781442449,70362295166
8683521,8192,1,757973,54004019478,68235462180
8691713,8192,1,683329,52246980326,63773073940
8699905,8192,1,849122,55659160493,68922308695
8708097,8192,1,975466,59263476741,73709501414
8716289,8192,1,913001,59041577975,74514455857
8724481,8192,1,868978,54281558998,68666411279
8732673,8192,1,805391,49494687484,62408450572
8740865,8192,1,812980,52561159401,65941952782
8749057,8192,1,822366,52666178343,67355197321
8757249,8192,1,919564,56098391378,70928521025
8765441,8192,1,968016,57877117485,72192614906
8773633,8192,1,860153,51481505907,64467587402
8781825,8192,1,790868,47257860195,58882775195
8790017,8192,1,942832,53538052783,66889989873
8798209,8192,1,940694,61685676481,75353217453
8806401,8192,1,885927,61658922238,69528867338
8814593,8192,1,1038029,61369004831,75924649595
8822785,8192,1,879793,52146272787,66869368500
8830977,8192,1,878509,55697156073,68940731001
8839169,8192,1,964736,62541552293,84557243911
8847361,8192,1,996914,61590833329,81811885651
8855553,8192,1,885028,55127615561,64645988644
8863745,8192,1,791523,55304861134,68920213136
8871937,8192,1,849887,63786091420,86468017196
8880129,8192,1,902373,61012686158,75954927139
8888321,8192,1,941387,59426643172,73486031854
8896513,8192,1,1133114,63866621409,87052281845
8904705,8192,1,802562,63727133550,90167713504
8912897,8192,1,845445,61409418399,85877039642
8921089,8192,1,1017609,65029754319,88513368619
8929281,8192,1,907925,63564436196,83753697202
8937473,8192,1,967802,66232587516,88554327365
8945665,8192,1,897482,65346650167,87686799527
8953857,8192,1,750217,65003544141,74631815968
8962049,8192,1,1086994,67502783028,88094975264
8970241,8192,1,951713,66237749089,83296768927
8978433,8192,1,981183,69267416517,79749002640
8986625,8192,1,1055590,68273551884,92796007342
8994817,8192,1,780717,56833119505,78048740820
9003009,8192,1,1036805,73004597454,90110979029
9011201,8192,1,1012222,71455636535,84849665352
9019393,8192,1,874242,71548472212,84130301831
9027585,8192,1,971248,66791843410,84044030936
9035777,8192,1,840102,64595196013,81158535395
9043969,8192,1,994170,64934612725,82415261838
9052161,8192,1,888691,65383679263,83141923696
9060353,8192,1,942244,57388886441,74097255113
9068545,8192,1,701653,48078807041,62834134037
9076737,8192,1,754798,61024714378,73234259401
9084929,8192,1,908482,65338335472,79225493911
9093121,8192,1,898709,68826620520,85427138770
9101313,8192,1,947022,69761741984,80354622191
9109505,8192,1,855685,64915604147,78275282953
9117697,8192,1,936510,68593558199,83408774723
9125889,8192,1,1110657,74193543274,91413445011
9134081,8192,1,974020,71692480309,87845403965
9142273,8192,1,971906,69278593897,87607019700
9150465,8192,1,940651,67361910005,86282864285
9158657,8192,1,931319,67770003761,87700368224
9166849,8192,1,1003627,67301994373,90592204620
9175041,8192,1,901224,64936435027,84953313425
9183233,8192,1,768025,58547006772,74932740024
9191425,8192,1,992708,64118389903,86116855519
9199617,8192,1,767537,60728207372,81373177423
9207809,8192,1,741824,53901328760,77065549516
9216001,8192,1,698064,49104444455,66816338452
9224193,8192,1,643992,47707551961,74692425404
9232385,8192,1,827015,55845001987,73695949109
9240577,8192,1,847844,59333225580,74307474957
9248769,8192,1,757262,52846524981,66576111969
9256961,8192,1,716538,54524823239,67434798490
9265153,8192,1,714126,49995214601,60839245968
9273345,8192,1,716731,54250605891,66811379666
9281537,8192,1,763184,56104624149,72448455065
9289729,8192,1,852003,63108379279,80007109095
9297921,8192,1,904053,60658920099,75322248508
9306113,8192,1,828610,56073471319,74123080222
9314305,8192,1,742441,55013686452,72531828236
9322497,8192,1,731295,52787689502,66519544892
9330689,8192,1,708369,52392880422,65597837263
9338881,8192,1,664925,47456678772,62274749157
9347073,8192,1,627062,59045841516,71844115797
9355265,8192,1,542072,51533409470,63216255917
9363457,8192,1,553768,51823161640,63680922001
9371649,8192,1,664552,57497993985,72970479064
9379841,8192,1,665352,58873592863,72773741321
9388033,8192,1,708523,60684737157,75617752225
9396225,8192,1,742494,61352845542,74741150991
9404417,8192,1,682535,52096944972,67986298658
9412609,8192,1,730720,56467680323,76014312524
9420801,8192,1,659919,65708295301,94160034729
9428993,8192,1,805946,68506237462,97446052472
9437185,8192,1,799261,70730540231,99681326132
9445377,8192,1,782815,64727852547,88223848541
9453569,8192,1,806095,57998734790,78332711759
9461761,8192,1,873153,60674145097,77055943809
9469953,8192,1,978600,68453757397,93018087672
9478145,8192,1,932038,68593126285,92507182476
9486337,8192,1,969887,65412428592,85910909074
9494529,8192,1,871662,61072195102,81105455820
9502721,8192,1,880415,67010896351,93330564649
9510913,8192,1,877077,62637487079,82882799172
9519105,8192,1,892491,66341797417,86190588464
9527297,8192,1,886525,63743218469,84865843525
9535489,8192,1,763034,56916289211,75994874084
9543681,8192,1,755739,51749236039,73465122582
9551873,8192,1,873175,63714325503,86945121179
9560065,8192,1,894671,66968083563,95013168981
9568257,8192,1,871975,67196685161,96985313034
9576449,8192,1,833002,63337835446,92343767456
9584641,8192,1,804983,57162122774,83392828390
9592833,8192,1,852642,58816487988,89520415160
9601025,8192,1,804419,61358444080,96307329520
9609217,8192,1,849312,58233450860,91467847123
9617409,8192,1,927929,63536028152,98735081027
9625601,8192,1,813905,59495790605,93529607090
9633793,8192,1,774141,59853748240,98045294583
9641985,8192,1,1008519,71796902215,106178415500
9650177,8192,1,946237,66707485905,92135328216
9658369,8192,1,908074,73540668043,107944709212
9666561,8192,1,1048466,76252778127,104223036025
9674753,8192,1,866412,68574360918,93480384537
9682945,8192,1,932972,70752871888,101510025640
9691137,8192,1,979047,71791734313,102567742703
9699329,8192,1,918888,67817796157,99387184782
9707521,8192,1,1104725,71177466006,107685024280
9715713,8192,1,1104271,71716325188,112169035008
9723905,8192,1,963052,66999392072,95205865038
9732097,8192,1,1005464,65795578186,96901798312
9740289,8192,1,1059837,67994246828,100058966176
9748481,8192,1,979162,67629006993,97903395993
9756673,8192,1,885081,62292836211,90149123493
9764865,8192,1,833802,62457382863,88198515952
9773057,8192,1,837546,61034522068,84569992604
9781249,8192,1,946051,67857791102,94886722353
9789441,8192,1,819208,65866256100,89064604485
9797633,8192,1,924104,68240421801,96993803802
9805825,8192,1,881246,68247029882,93074151341
9814017,8192,1,778987,66071308722,86890635532
9822209,8192,1,911174,69795340731,100429208251
9830401,8192,1,1006706,71978418806,103407363220
9838593,8192,1,1038633,71509025018,104510195663
9846785,8192,1,896865,69792988764,97092156768
9854977,8192,1,847711,67034768302,91390556659
9863169,8192,1,911641,68667883187,96120884331
9871361,8192,1,996682,70107950073,97808945904
9879553,8192,1,973566,69625920413,98589042848
9887745,8192,1,993179,71185747311,100289468601
9895937,8192,1,1003198,70717713319,101333374098
9904129,8192,1,1002534,71808040774,104545775521
9912321,8192,1,973237,71613101484,101423022201
9920513,8192,1,1033485,72846155160,100270004356
9928705,8192,1,1031123,73635393603,103754277240
9936897,8192,1,1080661,74097718137,105088804798
9945089,8192,1,978766,70891484395,99248193290
9953281,8192,1,1042650,72417886178,103204187219
9961473,8192,1,1112412,74009890439,105462089121
9969665,8192,1,1081752,73469731113,106575073175
9977857,8192,1,1115522,75780146275,108489939289
9986049,8192,1,1042699,73335453765,107961127595
9994241,8192,1,1012025,72304159780,105831314020
10002433,8192,1,947807,73177316635,104318556039
10010625,8192,1,993860,74248158794,104040937408
10018817,8192,1,1083307,76321832298,108723055438
10027009,8192,1,1144640,76778212899,109902963538
10035201,8192,1,1106267,76509496209,111430582679
10043393,8192,1,1136468,76529152684,108048586967
10051585,8192,1,1143192,76622953602,110528413035
10059777,8192,1,1071558,76691528658,106303709873
10067969,8192,1,1035874,75016157201,105504780221
10076161,8192,1,1190056,75265046958,105484541450
10084353,8192,1,1052095,76722732640,109164842568
10092545,8192,1,1059358,76839914668,110904735416
10100737,8192,1,1078590,77061038954,106325431581
10108929,8192,1,1104262,76917215732,99076574878
10117121,8192,1,1171376,77120896113,106718341629
10125313,8192,1,1065388,77604654123,110421924201
10133505,8192,1,1080586,77621034018,104966878801
10141697,8192,1,1185945,77375102520,105930805465
10149889,8192,1,1118057,77079879819,105154142475
10158081,8192,1,1140551,77535086646,110187632627
10166273,8192,1,1201889,77314405596,108448074470
10174465,8192,1,1114490,77129632609,108941270894
10182657,8192,1,1131014,76977719808,107766471348
10190849,8192,1,1225990,76646881261,107497415881
10199041,8192,1,1193971,77200838933,105220002235
10207233,8192,1,1174049,77770485494,107343685342
10215425,8192,1,1131601,77893106666,104808863942
10223617,8192,1,1214716,77082495252,106497217542
10231809,8192,1,1239036,76812658037,107502239056
10240001,8192,1,1174334,77539060580,109492440804
10248193,8192,1,1147536,77645370823,112027206962
10256385,8192,1,1130296,76924591639,109317395429
10264577,8192,1,1030018,77324495149,109179122037
10272769,8192,1,1086505,77623073831,109215057167
10280961,8192,1,1133919,77708872357,109419214586
10289153,8192,1,1154060,77788627230,111506017930
10297345,8192,1,1188569,79487887047,117627387413
10305537,8192,1,1162732,92108783782,136903653789
10313729,8192,1,1258422,92807705936,132685861119
10321921,8192,1,1454915,92532120917,128546827473
10330113,8192,1,1363088,93006927167,133551613622
10338305,8192,1,1297387,91799653406,131131496157
10346497,8192,1,1317779,93102367684,132446388377
10354689,8192,1,1316959,92167733414,132130840131
10362881,8192,1,1294409,91868826372,129634878127
10371073,8192,1,1371189,92625323824,130462514778
10379265,8192,1,1370935,91279955444,128775542977
10387457,8192,1,1323638,91353035083,130104227301
10395649,8192,1,1176812,92192015743,133141719538
10403841,8192,1,1130901,92191092473,127982241044
10412033,8192,1,1365356,91517607743,129245338921
10420225,8192,1,1350461,91558164098,128616317294
10428417,8192,1,1325279,93052871840,132379424501
10436609,8192,1,1315451,92424243235,130075722958
10444801,8192,1,1280543,91824104587,132251962591
10452993,8192,1,1386630,92677741195,130671373752
10461185,8192,1,1350573,93443272480,137329674438
10469377,8192,1,1413221,93408214190,129483202924
10477569,8192,1,1409852,91813150323,121833730041
10485761,8192,1,1325146,92491978229,129993526598
10493953,8192,1,1360475,93375068735,134126427257
10502145,8192,1,1477277,93028293528,131902384244
10510337,8192,1,1458912,93395121237,133752953580
10518529,8192,1,1407547,93881286759,137101512452
10526721,8192,1,1441709,95010075686,136108222239
10534913,8192,1,1517598,98525141995,143763499194
10543105,8192,1,1527082,98878550793,143400485980
10551297,8192,1,1529306,98563439926,144504585943
10559489,8192,1,1488034,98120186326,135726901334
10567681,8192,1,1545901,98405600084,138508720630
10575873,8192,1,1481930,98131779771,139862131235
10584065,8192,1,1392202,98224165663,141387843984
10592257,8192,1,1533065,98063078190,136885118958
10600449,8192,1,1520463,98076761196,139920485099
10608641,8192,1,1485632,97643007726,137711086749
10616833,8192,1,1537129,98094168122,137103436721
10625025,8192,1,1531409,97567851758,133873613718
10633217,8192,1,1605029,98527900785,134474094679
10641409,8192,1,1581691,98109215587,131979260996
10649601,8192,1,1533873,98321831677,126677370947
10657793,8192,1,1556816,98751922551,128943373761
10665985,8192,1,1455320,98419002087,135224256331
10674177,8192,1,1399828,98856138099,132455197438
10682369,8192,1,1543182,99064986797,131100523404
10690561,8192,1,1541635,98835373983,131846967796
10698753,8192,1,1495339,99053764120,134608877485
10706945,8192,1,1535453,99205973257,136290473206
10715137,8192,1,1411860,98432768557,135463953293
10723329,8192,1,1465940,98922916151,135327105000
10731521,8192,1,1445079,99057744442,133459296354
10739713,8192,1,1409598,98835109309,135276262652
10747905,8192,1,1434689,98604438114,134089196470
10756097,8192,1,1432351,98393824834,132444537150
10764289,8192,1,1436449,98995119384,129108382893
10772481,8192,1,1494024,98865322370,125964277199
10780673,8192,1,1564213,98943876509,126088977823
10788865,8192,1,1487517,99069578049,126455330966
10797057,8192,1,1431398,98631734597,131665472233
10805249,8192,1,1279797,97861496443,134495150463
10813441,8192,1,1314075,99369544817,135467349926
10821633,8192,1,1326300,98850079622,135719936590
10829825,8192,1,1297628,99169380318,134275694819
10838017,8192,1,1376879,98939998883,134133200995
10846209,8192,1,1346219,99403792278,136598884701
10854401,8192,1,1323252,99251403001,136388441511
10862593,8192,1,1334976,99494857878,139998266076
10870785,8192,1,1341365,99559553820,138487886517
10878977,8192,1,1470136,99262735048,135235018578
10887169,8192,1,1685788,99549571043,130461812540
10895361,8192,1,1395013,99353151545,136977971826
10903553,8192,1,1353200,99129856294,136616320353
10911745,8192,1,1436134,99015606534,135548599715
10919937,8192,1,1372106,99208153089,135230743423
10928129,8192,1,1338149,99199886160,136266552537
10936321,8192,1,1303750,99210160521,136716411552
10944513,8192,1,1283208,99611151083,136205306199
10952705,8192,1,1319801,99531959189,131214916603
10960897,8192,1,1352636,99310002799,132587104395
10969089,8192,1,1375102,99466085443,134602070002
10977281,8192,1,1318730,99628423479,138287176077
10985473,8192,1,1227266,99669860657,133811655037
10993665,8192,1,1251634,99764662138,134004281124
11001857,8192,1,1356592,99619090549,136420859111
11010049,8192,1,1378517,99485553104,137721228996
11018241,8192,1,1275742,98374192970,134194293149
11026433,8192,1,1354490,99298692809,136331279227
11034625,8192,1,1310112,97186693575,132850567119
11042817,8192,1,1334103,99245280398,136872466564
11051009,8192,1,1363729,99758052158,136966439702
11059201,8192,1,1433294,99811214650,136237317233
11067393,8192,1,1554046,99865509853,143410380190
11075585,8192,1,1348576,99492264844,143442293727
11083777,8192,1,1248034,99629928157,142038666705
11091969,8192,1,1401515,99673560434,145888557500
11100161,8192,1,1447762,99741103137,142888762909
11108353,8192,1,1485144,99829077573,144287421981
11116545,8192,1,1398817,99670502872,140370515410
11124737,8192,1,1270161,99750583272,137852412530
11132929,8192,1,1320965,100173706874,138716964019
11141121,8192,1,1325674,99897977809,140458536295
11149313,8192,1,1402938,99852564415,138574428791
11157505,8192,1,1427512,99848646888,136621763454
11165697,8192,1,1399016,99824607865,139490068264
11173889,8192,1,1294020,99650819487,142573205233
11182081,8192,1,1438620,99932057170,143800021161
11190273,8192,1,1438914,100005225132,142479873669
11198465,8192,1,1443942,99739876237,144297483069
11206657,8192,1,1412633,99729278350,143351825935
11214849,8192,1,1380570,99693471850,143566299063
11223041,8192,1,1383145,99903866172,143589355349
11231233,8192,1,1478358,100104962850,144939640009
11239425,8192,1,1347924,99887377082,143633660686
11247617,8192,1,1381274,100222018318,140272066967
11255809,8192,1,1444439,99786699446,140850279094
11264001,8192,1,1316079,99890293002,141309347564
11272193,8192,1,1347710,99946984814,142855442781
11280385,8192,1,1484505,99851935427,145485172915
11288577,8192,1,1396744,99998982049,146265567496
11296769,8192,1,1470900,99784151152,145470899402
11304961,8192,1,1430049,99687376856,147623221728
11313153,8192,1,1453839,99667400561,148496857976
11321345,8192,1,1595756,99733144268,146189446312
11329537,8192,1,1528036,99788326430,145941436503
11337729,8192,1,1445057,99542969394,148442866144
11345921,8192,1,1359299,100074192393,146157650517
11354113,8192,1,1214427,99786388904,144008280294
11362305,8192,1,1448539,99876697498,150154553085
11370497,8192,1,1443442,99905517041,151130561125
11378689,8192,1,1372946,99494705111,146227510031
11386881,8192,1,1460716,99919270857,148327514189
11395073,8192,1,1324871,99802789764,150210664220
11403265,8192,1,1294644,99751712798,145267086577
11411457,8192,1,1427163,99936036914,146327947729
11419649,8192,1,1470939,99901096311,148218377914
11427841,8192,1,1374494,99957562220,147135944463
11436033,8192,1,1412862,100230306566,144971226252
11444225,8192,1,1374249,100053691309,143418978992
11452417,8192,1,1571219,99840223592,144547437674
11460609,8192,1,1495879,100010686253,144608410647
11468801,8192,1,1604419,100116741671,148472549711
11476993,8192,1,1633118,99820704698,147319077725
11485185,8192,1,1504462,99935838936,153082842007
11493377,8192,1,1317697,100499782245,152524936922
11501569,8192,1,1456024,100174119560,146915394721
11509761,8192,1,1513323,100006134277,144048008504
11517953,8192,1,1519607,99951925790,150568177439
11526145,8192,1,1383406,99807024509,148500556589
11534337,8192,1,1422653,100061173912,154772416560
11542529,8192,1,1545477,99930647157,151966958019
11550721,8192,1,1558532,100242503361,150686901542
11558913,8192,1,1504436,99761429052,145785758367
11567105,8192,1,1457170,99838244510,150056286704
11575297,8192,1,1421856,100360462892,153592328667
11583489,8192,1,1555722,100143247311,152407650307
11591681,8192,1,1574678,99900660852,154131587200
11599873,8192,1,1594565,100048647754,151487355446
11608065,8192,1,1659040,100329595801,159095989220
11616257,8192,1,1617443,100220177970,151773339150
11624449,8192,1,1532623,100080599389,155464055916
11632641,8192,1,1542361,100037161583,154221082094
11640833,8192,1,1571861,100308996380,151110710548
11649025,8192,1,1395721,100378559333,152366617112
11657217,8192,1,1490221,100226114683,154803657319
11665409,8192,1,1513739,99985733401,149500939442
11673601,8192,1,1486715,99964988407,148854620264
11681793,8192,1,1497379,99497295251,153513146462
11689985,8192,1,1555675,99583756838,149340214249
11698177,8192,1,1526425,99975239456,145832644531
11706369,8192,1,1506885,100205850486,201748195627
11714561,8192,1,1417140,100076759648,205473663801
11722753,8192,1,1419327,100185239943,179853283466
11730945,8192,1,1535326,99752558396,156190890769
11739137,8192,1,1475350,100121062315,150111882484
11747329,8192,1,1462315,100110564487,149097888376
11755521,8192,1,1607984,100218708518,148488682966
11763713,8192,1,1561092,100091344980,146238400745
11771905,8192,1,1634365,99974635368,142788231513
11780097,8192,1,1611463,100152909187,151246365125
11788289,8192,1,1659488,100051303446,144222762962
11796481,8192,1,1665774,99976385541,141895539966
11804673,8192,1,1595345,99986758305,143351948597
11812865,8192,1,1524046,99728316562,144629692176
11821057,8192,1,1641213,100165414493,150142635107
11829249,8192,1,1680031,99908869524,146000634682
11837441,8192,1,1612325,99880712091,150047205217
11845633,8192,1,1614251,99971067648,149509488081
11853825,8192,1,1556277,99978320446,150469157100
11862017,8192,1,1512954,100017672279,150412081485
11870209,8192,1,1549037,99886206895,148317609587
11878401,8192,1,1571428,100164009970,149509637309
11886593,8192,1,1668305,100312517315,146924395825
11894785,8192,1,1682065,100025730811,149817053209
11902977,8192,1,1570310,100112225843,152205830698
11911169,8192,1,1644933,100154217941,151231274216
11919361,8192,1,1656821,100207884794,148814703453
11927553,8192,1,1582493,100126425907,146855604425
11935745,8192,1,1521475,100167079312,150870735586
11943937,8192,1,1521683,100388045346,157665426417
11952129,8192,1,1489299,99966830319,161117346294
11960321,8192,1,1544635,100287189976,155687301058
11968513,8192,1,1561452,100362822758,155964915416
11976705,8192,1,1547967,99807104865,155943533075
11984897,8192,1,1485163,100423627141,151279981876
11993089,8192,1,1491502,100554250927,150039776003
12001281,8192,1,1511597,100501602390,149675995816
12009473,8192,1,1613129,100389557491,152813516554
12017665,8192,1,1618139,100182492628,150560983383
12025857,8192,1,1670231,100793818551,148438631833
12034049,8192,1,1618179,100973456970,150514922016
12042241,8192,1,1636290,100626663293,151642290618
12050433,8192,1,1664045,100791135270,148502033313
12058625,8192,1,1614383,100610086286,147521442592
12066817,8192,1,1626536,100553630407,148259326685
12075009,8192,1,1627135,100664025896,152763124542
12083201,8192,1,1538091,100839562356,152649853649
12091393,8192,1,1630555,100752831001,148402473969
12099585,8192,1,1633198,100611408516,153887468738
12107777,8192,1,1693381,100714695598,151689719890
12115969,8192,1,1640460,100682351254,153450655476
12124161,8192,1,1538108,100693050780,154641977007
12132353,8192,1,1528903,100580839188,158900504151
12140545,8192,1,1638145,100567752635,156089158534
12148737,8192,1,1686577,100662518085,175956716744
12156929,8192,1,1700547,100764775287,170521694379
12165121,8192,1,1713298,100590983304,170725198986
12173313,8192,1,1558439,100652606920,165415286458
12181505,8192,1,1598931,100706966213,164086557034
12189697,8192,1,1658474,100768276142,159408521829
12197889,8192,1,1637377,100917775639,158271494024
12206081,8192,1,1654920,100978253443,157999446900
12214273,8192,1,1653938,101056372273,157757455787
12222465,8192,1,1558132,101083378473,165900574889
12230657,8192,1,1706312,101058340035,171203968402
12238849,8192,1,1767076,101153617321,164971027269
12247041,8192,1,1547107,101156385394,171072850692
12255233,8192,1,1807586,101213455045,162526947252
12263425,8192,1,1827918,101340557214,162334098817
12271617,8192,1,1812421,101225928616,162783247292
12279809,8192,1,1929005,102065174460,155291410685
12288001,8192,1,1974887,113736085303,178127423607
12296193,8192,1,2023402,120815230694,194252065749
12304385,8192,1,1812523,120875986075,192340659549
12312577,8192,1,1728126,121038645094,205840922126
12320769,8192,1,1828550,120484717452,204423513282
12328961,8192,1,1856686,120211855092,204807355163
12337153,8192,1,1960808,120130384288,192669663123
12345345,8192,1,1834647,120407730128,199743715869
12353537,8192,1,1789128,120394301428,203584702342
12361729,8192,1,1845221,120562860077,205950883418
12369921,8192,1,1928680,120791685995,202136700028
12378113,8192,1,1897871,120919218796,199503075778
12386305,8192,1,1956011,121273660873,198962187777
12394497,8192,1,2024916,121410961017,192881545864
12402689,8192,1,2206937,120878046089,190291794862
12410881,8192,1,2161590,121219190569,182714733954
12419073,8192,1,2154173,120712639060,180028880167
12427265,8192,1,2025421,121107996489,196276378133
12435457,8192,1,1919756,121298892011,194514627920
12443649,8192,1,1849268,121098408850,202504261659
12451841,8192,1,1841994,121305918840,204485113280
12460033,8192,1,1812728,121289513405,197468093291
12468225,8192,1,1836821,121131924561,210446657286
12476417,8192,1,1847130,121013257890,204736664974
12484609,8192,1,1726342,121110215473,204790658178
12492801,8192,1,1565797,121227551605,207600707576
12500993,8192,1,1661227,120989838462,200232526725
12509185,8192,1,1657744,121397791130,199831045300
12517377,8192,1,1686415,120881512313,197885240471
12525569,8192,1,1635921,121020595616,194668178318
12533761,8192,1,1638295,120828007952,198228540991
12541953,8192,1,1630729,121115033416,203534265167
12550145,8192,1,1669238,121350515963,200803502763
12558337,8192,1,1606500,120840646922,194135748274
12566529,8192,1,1705647,120843737763,204760761248
12574721,8192,1,1593840,120738844726,207085184190
12582913,8192,1,1428541,118845017866,200342754716
12591105,8192,1,1527605,119581549488,205673372030
12599297,8192,1,1538160,121177086792,204627714690
12607489,8192,1,1544054,120921611838,206094769893
12615681,8192,1,1489350,121042433482,205878219689
12623873,8192,1,1435704,119449851412,200357261591
12632065,8192,1,1452687,118027659375,201536177918
12640257,8192,1,1546021,120587022943,202712150039
12648449,8192,1,1522355,120371457890,201343881285
12656641,8192,1,1515099,120323786912,203623384486
12664833,8192,1,1463056,119801520354,198156727830
12673025,8192,1,1336569,117778012653,199341089263
12681217,8192,1,1523979,120492919264,209927726834
12689409,8192,1,1641347,120800581446,214732131390
12697601,8192,1,1517616,120209411085,207098161184
12705793,8192,1,1572885,120784865947,204677332053
12713985,8192,1,1443041,119223702600,202970170422
12722177,8192,1,1560503,118711360145,204858771187
12730369,8192,1,1710200,120752573783,213224270695
12738561,8192,1,1525513,120574020911,201907848016
12746753,8192,1,1545180,120340259097,201431973296
12754945,8192,1,1491209,119617730910,199096330146
12763137,8192,1,1419517,119567393503,200731969615
12771329,8192,1,1443602,118754868552,203856873096
12779521,8192,1,1749998,120716159388,188154234320
12787713,8192,1,1637823,120792717738,195835006005
12795905,8192,1,1547938,120670804712,195641225625
12804097,8192,1,1433400,119784397229,198771940039
12812289,8192,1,1468640,119538963045,197168430952
12820481,8192,1,1536022,121005829418,198486721985
12828673,8192,1,1544028,120698206806,200500013501
12836865,8192,1,1619752,120820573618,202225457084
12845057,8192,1,1531456,120973407095,195170277356
12853249,8192,1,1483024,120987635474,193160524981
12861441,8192,1,1519507,120664198995,206843728563
12869633,8192,1,1543637,120610778641,213957474612
12877825,8192,1,1551096,121002511251,213368543106
12886017,8192,1,1516209,121052750886,211295014110
12894209,8192,1,1517293,120791191879,218859261340
12902401,8192,1,1553524,121085055387,213063802100
12910593,8192,1,1693757,121300295216,210205240166
12918785,8192,1,1672044,121340799798,204939874084
12926977,8192,1,1655404,120941956310,204778361120
12935169,8192,1,1569906,120926210670,206700352044
12943361,8192,1,1540925,121105298293,214510527026
12951553,8192,1,1641688,121015559738,208552384244
12959745,8192,1,1563783,120859188337,209433653886
12967937,8192,1,1512297,121685096229,205145015645
12976129,8192,1,1516976,126805399318,206698990837
12984321,8192,1,1530715,126881112753,213803184394
12992513,8192,1,1500023,126849103803,210895529592
13000705,8192,1,1525062,126762365924,197378419425
13008897,8192,1,1570898,126628575442,201781595732
13017089,8192,1,1515070,126715629496,204788062250
13025281,8192,1,1491295,126737597201,196309138574
13033473,8192,1,1399447,126800876454,199930296453
13041665,8192,1,1612103,126573305644,204588388462
13049857,8192,1,1564889,126570069748,203577267774
13058049,8192,1,1549927,126511290892,207257850262
13066241,8192,1,1574840,126648398482,210758945614
13074433,8192,1,1517669,127023106100,210945711986
13082625,8192,1,1555248,127201822791,211993889855
13090817,8192,1,1556053,126522950159,205465702465
13099009,8192,1,1504861,126490789213,206583173536
13107201,8192,1,1482066,126504578382,202835286168
13115393,8192,1,1426374,126482546404,193143115901
13123585,8192,1,1422652,126575548760,198525664976
13131777,8192,1,1500669,126501919615,201340153954
13139969,8192,1,1580952,126501645806,198207664221
13148161,8192,1,1572191,126580580822,189210225707
13156353,8192,1,1502663,126435071350,176555490166
13164545,8192,1,1495807,126867900914,180402712365
13172737,8192,1,1485620,126758082578,188800345772
13180929,8192,1,1624283,126445008957,192229411010
13189121,8192,1,1487793,126454067159,184309975949
13197313,8192,1,1590087,126448018907,195971474706
13205505,8192,1,1603957,126508967574,206919981506
13213697,8192,1,1515619,126648476624,213281801956
13221889,8192,1,1594506,126480910175,204750867807
13230081,8192,1,1571457,126542193961,210359289750
13238273,8192,1,1535402,126591571689,204767917528
13246465,8192,1,1493317,126453218947,194579996439
13254657,8192,1,1432522,126495905368,209886852320
13262849,8192,1,1488041,126602949682,208640466954
13271041,8192,1,1487836,126367437642,197621161300
13279233,8192,1,1482494,126265843066,205792815099
13287425,8192,1,1540706,126290664704,204248756231
13295617,8192,1,1431213,126416230124,207588916915
13303809,8192,1,1381642,126377743039,201932908939
13312001,8192,1,1425200,126414184386,199422892199
13320193,8192,1,1446442,126433497478,203616460515
13328385,8192,1,1451568,126525699709,204116343794
13336577,8192,1,1488450,126443773151,196494441312
13344769,8192,1,1448829,126470974452,214533519409
13352961,8192,1,1435386,126473514687,212796847708
13361153,8192,1,1537204,126540746888,200265257356
13369345,8192,1,1706359,126382828597,202645812044
13377537,8192,1,1739316,126452726028,201683726017
13385729,8192,1,1559597,126463514796,202725965176
13393921,8192,1,1464328,126468436719,210783752243
13402113,8192,1,1527548,126619040869,199467023394
13410305,8192,1,1540567,126512649425,204700690133
13418497,8192,1,1579041,126657363768,201507003534
13426689,8192,1,1652004,126401984278,195235308413
13434881,8192,1,1484258,126375922545,208684899298
13443073,8192,1,1553385,126524177526,218051757911
13451265,8192,1,1545506,126393109813,204068745502
13459457,8192,1,1617660,126509408506,210812439484
13467649,8192,1,1617160,126539220161,208031988142
13475841,8192,1,1597888,126604477600,211679945060
13484033,8192,1,1607554,126579892965,210515388050
13492225,8192,1,1693151,126510267086,207365407989
13500417,8192,1,1730955,126614551074,199694367050
13508609,8192,1,1907030,126451741784,195580221878
13516801,8192,1,1860726,126544257334,203089293023
13524993,8192,1,1743498,126502399379,202670165122
13533185,8192,1,1699555,126537553304,205409330924
13541377,8192,1,1797680,126444001381,202128823153
13549569,8192,1,1806412,126438385106,211893858818
13557761,8192,1,1726244,126479692212,207439231439
13565953,8192,1,1638285,126346564082,214429695867
13574145,8192,1,1634714,126449381758,225655844040
13582337,8192,1,1718939,126525685269,206177086073
13590529,8192,1,1768713,126417251634,205361336143
13598721,8192,1,1731576,126409827801,202944586315
13606913,8192,1,1714696,126194994571,200678165605
13615105,8192,1,1662689,126332832338,214604752255
13623297,8192,1,1659344,126354562546,202083845998
13631489,8192,1,1688326,126167088507,206988253554
13639681,8192,1,1740343,126358272138,212400330317
13647873,8192,1,1656537,126321177990,205826155836
13656065,8192,1,1504782,126229054599,213839751912
13664257,8192,1,1627117,126324235982,212954643976
13672449,8192,1,1617372,126397597617,203319232192
13680641,8192,1,1717682,126185351143,212158724338
13688833,8192,1,1681875,126418968592,212946130384
13697025,8192,1,1659942,126214234182,211670406980
13705217,8192,1,1493091,126442876345,212046645678
13713409,8192,1,1639977,126344852300,208714792032
13721601,8192,1,1637728,126406992783,201342767142
13729793,8192,1,1662768,126254851194,209728628980
13737985,8192,1,1572229,126483226636,213367487689
13746177,8192,1,1626524,126076081216,217422113991
13754369,8192,1,1809146,126386695047,224415946254
13762561,8192,1,1603948,126355692540,215163152117
13770753,8192,1,1713010,126362941154,224023689074
13778945,8192,1,1595162,126358123369,220675524177
13787137,8192,1,1503295,126594660549,213299636808
13795329,8192,1,1492449,126654128960,220410041178
13803521,8192,1,1550781,126482616958,216565693537
13811713,8192,1,1601370,126555088393,216224348687
13819905,8192,1,1499991,126600144015,215101278103
13828097,8192,1,1579600,126426324518,212061237555
13836289,8192,1,1451918,126589449884,222351177351
13844481,8192,1,1485911,126671407417,210483265314
13852673,8192,1,1510421,126431496750,206902520075
13860865,8192,1,1590569,126516589514,208209693479
13869057,8192,1,1615665,126504700303,215149158252
13877249,8192,1,1657339,126494229879,211822374145
13885441,8192,1,1530995,126632403991,220207770509
13893633,8192,1,1593121,126305831185,218687297643
13901825,8192,1,1594780,126628482611,202871060591
13910017,8192,1,1574979,126512975265,209169960782
13918209,8192,1,1528537,126494511250,225002947532
13926401,8192,1,1485566,126581521439,216222512736
13934593,8192,1,1516224,126693079215,220171117206
13942785,8192,1,1526924,126579720747,210545326583
13950977,8192,1,1595071,126529604427,224861275738
13959169,8192,1,1523136,126501530450,223225185188
13967361,8192,1,1498767,126596003961,219129886875
13975553,8192,1,1406922,126595942080,206566300800
13983745,8192,1,1599497,126504388876,205170949863
13991937,8192,1,1623488,126638294462,213451184951
14000129,8192,1,1622392,126578067124,209627488476
14008321,8192,1,1539581,126538188694,202779973799
14016513,8192,1,1479134,126565197225,225779531646
14024705,8192,1,1502447,126588974527,216809542896
14032897,8192,1,1478763,126487822388,216517415193
14041089,8192,1,1533746,126627724761,214734340628
14049281,8192,1,1519738,126594957346,214813958660
14057473,8192,1,1519493,126528476406,219013062968
14065665,8192,1,1378968,126547954984,208385695057
14073857,8192,1,1474826,126438035641,218834138800
14082049,8192,1,1461458,126597812191,218272564578
14090241,8192,1,1463314,126464976827,213264662317
14098433,8192,1,1441040,126385694310,212602900688
14106625,8192,1,1436453,126491228880,221509790830
14114817,8192,1,1496948,126733919140,221025425260
14123009,8192,1,1496987,126542528909,215954999680
14131201,8192,1,1452980,126436119407,218875943251
14139393,8192,1,1423186,126572325359,220867739910
14147585,8192,1,1569308,126563222552,228221475414
14155777,8192,1,1464535,126571618605,221908531923
14163969,8192,1,1479519,126524555259,221151325922
14172161,8192,1,1499313,126468901517,225354926170
14180353,8192,1,1565348,126623168177,219944449476
14188545,8192,1,1470830,126464552679,220496872662
14196737,8192,1,1400549,126494842685,220780811343
14204929,8192,1,1453105,126753079308,227728104796
14213121,8192,1,1460111,126568950512,218841247036
14221313,8192,1,1520459,126652167619,217395243064
14229505,8192,1,1499272,126638616386,223919953090
14237697,8192,1,1548944,126740822535,221250185427
14245889,8192,1,1633816,126506755658,236828981941
14254081,8192,1,1445619,126723848661,218343470214
14262273,8192,1,1431866,126541088768,216189414293
14270465,8192,1,1484052,126508469815,220911693639
14278657,8192,1,1449156,126566654615,220868744512
14286849,8192,1,1474927,126698119621,225755719489
14295041,8192,1,1393083,126635507728,223978203582
14303233,8192,1,1469593,126594053976,217003856107
14311425,8192,1,1512033,126538804256,221256222366
14319617,8192,1,1481371,126576921156,222957159682
14327809,8192,1,1430169,126566265060,223493855683
14336001,8192,1,1419150,126722723223,220685207753
14344193,8192,1,1480284,126435774983,226507416057
14352385,8192,1,1528548,126476867898,236267604023
14360577,8192,1,1546887,126808255314,236031408584
14368769,8192,1,1435509,126571790084,230546537495
14376961,8192,1,1386650,126499954858,229672517366
14385153,8192,1,1382223,126651656770,229897566343
14393345,8192,1,1488051,126664579673,227494954922
14401537,8192,1,1553934,126545677652,230875716912
14409729,8192,1,1634007,126563665151,222270097796
14417921,8192,1,1442200,126580746495,229858217167
14426113,8192,1,1413632,126478067233,236661090818
14434305,8192,1,1548109,126551840239,231246391103
14442497,8192,1,1470527,126615549801,232654401109
14450689,8192,1,1478434,126677467809,226000570229
14458881,8192,1,1458738,126597790863,224753266891
14467073,8192,1,1426514,126403031347,228511795826
14475265,8192,1,1482168,126709937913,233836436699
14483457,8192,1,1557468,126539321538,227889520948
14491649,8192,1,1470187,126437944162,226947302051
14499841,8192,1,1477967,126523369672,223589313884
14508033,8192,1,1465952,126535822834,247910368077
14516225,8192,1,1348724,126493420690,230333312491
14524417,8192,1,1408175,126557593458,226809414194
14532609,8192,1,1417407,126601214291,224329689045
14540801,8192,1,1453750,126608916838,222569752696
14548993,8192,1,1403369,126516523197,219918218024
14557185,8192,1,1395108,126600906242,232024677487
14565377,8192,1,1422523,126760302959,226551382625
14573569,8192,1,1419444,126405917316,218704461379
14581761,8192,1,1376103,126440498278,219033150998
14589953,8192,1,1432106,126608941369,224379125496
14598145,8192,1,1389518,126692065880,221468007273
14606337,8192,1,1325891,126592054869,233468470806
14614529,8192,1,1430620,126570249130,228902905129
14622721,8192,1,1640576,126530216669,228602919076
14630913,8192,1,1458194,126511255699,214021177302
14639105,8192,1,1452283,126394466641,225260787482
14647297,8192,1,1349319,126566104062,233941223263
14655489,8192,1,1452911,126604604446,228261093564
14663681,8192,1,1448499,126332373287,223486448476
14671873,8192,1,1483751,126448598311,227566180039
14680065,8192,1,1524626,126486693032,228607254262
14688257,8192,1,1527468,126545672360,228094738893
14696449,8192,1,1472173,126525431009,204668469297
14704641,8192,1,1419681,126533194875,221112370700
14712833,8192,1,1437270,126467171242,230353920053
14721025,8192,1,1512036,126367840991,229738651439
14729217,8192,1,1439500,126305664805,234902650744
14737409,8192,1,1387353,126409670149,233090332940
14745601,8192,1,1499311,126425130097,237020439801
14753793,8192,1,1558145,126172894422,236701903549
14761985,8192,1,1718804,126212903238,233043783638
14770177,8192,1,1717370,126029090030,235505849416
14778369,8192,1,1473904,126362945352,239572725732
14786561,8192,1,1449449,126492807622,247881821222
14794753,8192,1,1477860,126429514269,230636933096
14802945,8192,1,1512924,126383475179,231517978093
14811137,8192,1,1483765,126427560226,231615748308
14819329,8192,1,1469039,126465883445,220957317610
14827521,8192,1,1400910,126617871845,221905391993
14835713,8192,1,1464190,126577008600,225505928142
14843905,8192,1,1463597,126488966318,215401479784
14852097,8192,1,1435958,126350436560,213727846064
14860289,8192,1,1428608,126334006669,216278032999
14868481,8192,1,1442830,126593504235,222117185607
14876673,8192,1,1444089,126454820297,209249748456
14884865,8192,1,1489984,126427635219,205683223835
14893057,8192,1,1459687,126567897831,205798689236
14901249,8192,1,1429581,126389935326,200775898583
14909441,8192,1,1388421,126535790245,204229567715
14917633,8192,1,1472067,126496416288,202848066792
14925825,8192,1,1441937,126455027935,206104617938
14934017,8192,1,1444164,126497768001,199461077463
14942209,8192,1,1483479,126356513150,202114728628
14950401,8192,1,1440249,126385110650,224590574117
14958593,8192,1,1526412,126307268112,227373012604
14966785,8192,1,1552881,126293740397,230932680963
14974977,8192,1,1547396,126094740945,222460304581
14983169,8192,1,1536599,126211707939,216206715605
14991361,8192,1,1489033,126224000392,230194230041
14999553,8192,1,1453488,126264788639,223647695380
15007745,8192,1,1511797,126501254834,218865891287
15015937,8192,1,1503036,126279848457,219914665223
15024129,8192,1,1519956,126405073088,217679675933
15032321,8192,1,1423112,126368472028,204679514750
15040513,8192,1,1514298,126447574509,215729028744
15048705,8192,1,1540708,126248790503,211444349851
15056897,8192,1,1512494,126305588741,222736912971
15065089,8192,1,1499260,126337822141,217849975043
15073281,8192,1,1452264,126555139864,215238173195
15081473,8192,1,1479484,126496906125,213783230785
15089665,8192,1,1488701,126582720631,211648270450
15097857,8192,1,1503925,126385361299,210358435194
15106049,8192,1,1479703,126275675270,208178095185
15114241,8192,1,1487831,126443159552,212280494706
15122433,8192,1,1451943,126750094045,206790125300
15130625,8192,1,1432546,126356114172,209888889770
15138817,8192,1,1498517,126157841850,212370257497
15147009,8192,1,1502133,126486746806,213339451128
15155201,8192,1,1580935,126483403980,218395509102
15163393,8192,1,1575190,126219434040,217870608669
15171585,8192,1,1536284,126327883878,218069633350
15179777,8192,1,1488705,126401251390,216485054500
15187969,8192,1,1535856,126380404561,217388206560
15196161,8192,1,1502255,126340565283,220916576729
15204353,8192,1,1457865,126470528973,220725360745
15212545,8192,1,1475951,126706209220,227060051648
15220737,8192,1,2099730,126390140428,241449875467
15228929,8192,1,1507534,126385341833,224845976733
15237121,8192,1,1532314,126415790802,225200419751
15245313,8192,1,1492981,126326458992,224650426984
15253505,8192,1,1473283,126472813488,227567753694
15261697,8192,1,1660048,126534594704,233232571231
15269889,8192,1,1600297,126589300886,235236202774
15278081,8192,1,1808125,126391955349,239387741562
15286273,8192,1,1509403,126411630842,221890470117
15294465,8192,1,1492102,126503841855,228095518553
15302657,8192,1,1481006,126879977162,222188947490
15310849,8192,1,1455573,126338823947,220996205952
15319041,8192,1,1468523,126384171157,215782136015
15327233,8192,1,1455118,126452603869,214036799139
15335425,8192,1,1428014,126484960125,220060972509
15343617,8192,1,1414560,126583909748,219076401962
15351809,8192,1,1433222,126370246098,212591315022
15360001,8192,1,1438656,126724972455,219774610320
15368193,8192,1,1422503,126526502925,214405387133
15376385,8192,1,1417976,126364437949,218750029344
15384577,8192,1,1424419,126656766137,222499434107
15392769,8192,1,1381472,126593536534,213029478439
15400961,8192,1,1366854,126560232721,213395527117
15409153,8192,1,1391499,126696531231,218962389147
15417345,8192,1,1408332,126595281337,211698955511
15425537,8192,1,1382698,126492112406,216420998392
15433729,8192,1,1361048,126653338550,211811882736
15441921,8192,1,1392230,126508621863,210565446395
15450113,8192,1,1350466,126393470273,205341326138
15458305,8192,1,1425866,126500624148,210424791232
15466497,8192,1,1388874,126680471683,210307961372
15474689,8192,1,1432354,126763626150,216420430564
15482881,8192,1,1439442,126625747723,214059828929
15491073,8192,1,1418575,126514564670,218271363634
15499265,8192,1,1399446,126591544745,206218811884
15507457,8192,1,1421860,126366550708,215911791826
15515649,8192,1,1386719,126711988256,221497018062
15523841,8192,1,1434635,126473241960,213663928109
15532033,8192,1,1480058,126415568321,218275866236
15540225,8192,4702882,1539317,126223755357,216763466024
15548417,8192,4711204,1549433,125266962992,218496944689
15556609,8192,4719481,1506999,125314419131,224091263300
15564801,8192,4727753,1326511,125385512822,219372265593
15572993,8192,4736026,1301225,125359407921,215659845928
15581185,8192,4744366,1298022,125291818536,212873619190
15589377,8192,4752640,1292103,125493083866,219313540714
15597569,8192,4760873,1269576,125171890894,214002098870
15605761,8192,4769097,1281934,125158789139,219548311292
15613953,8192,4777324,1266483,125184058805,210139585514
15622145,8192,4785575,1310843,125352153039,215964393215
15630337,8192,4793834,1350424,125402191477,213203230606
15638529,8192,4802063,1271916,125290664131,210044010106
15646721,8192,4810311,1382229,125417435852,205210293069
15654913,8192,4818560,1341844,125241377890,211781028084
15663105,8192,4826793,1338871,125235624379,219615783301
15671297,8192,4835033,1473498,125267623539,197117416704
15679489,8192,4843307,1341943,125238576083,211062005837
15687681,8192,4851548,1358945,125339300495,217650580287
15695873,8192,4859783,1366233,125332552702,207767815529
15704065,8192,4868035,1366939,125309608945,210222558795
15712257,8192,4876269,1258668,125580844155,170742032221
15720449,8192,4884504,1269011,125586649741,184284122100
15728641,8192,4892734,1290568,125336795671,204297283980
15736833,8192,4900965,1218505,125671533571,201354142590
15745025,8192,4909209,1270641,125186719880,212824741850
15753217,8192,4917440,1222591,125621248902,204721253850
15761409,8192,4925676,1136071,125642950151,203635384765
15769601,8192,4933927,1207034,125446738312,211860127419
15777793,8192,4942152,1230057,125167110607,200665712400
15785985,8192,4950396,1236387,125097758007,205132216391
15794177,8192,4958625,1304488,125171471581,210238330227
15802369,8192,4966858,1224835,125188882612,209266317766
15810561,8192,4975086,1104271,125176226874,210365531993
15818753,8192,4983340,1191983,125462451283,213968009643
15826945,8192,4991606,1208452,124895221202,212792576703
15835137,8192,4999843,1258925,124696117492,215321444936
15843329,8192,5008082,1266737,124905141764,216647923459
15851521,8192,5016328,1181380,124808204719,210121641678
15859713,8192,5024572,1181075,124913583891,214360181733
15867905,8192,5032801,1198642,124853581395,213396941672
15876097,8192,5041067,1256946,124485974258,209046440390
15884289,8192,5049305,1185695,124420511601,214997745502
15892481,8192,5057550,1237468,124320433939,207425669042
15900673,8192,5065779,1160265,124212174085,216741045928
15908865,8192,5074016,1058092,124650352681,214417227560
15917057,8192,5082245,1154274,124317182853,213369321068
15925249,8192,5090476,1267752,124214048769,215519380760
15933441,8192,5098721,1375306,124264129443,228448031075
15941633,8192,5106967,1389702,123940720851,229577416652
15949825,8192,5115210,1290366,124034382029,224227669434
15958017,8192,5123438,1173643,124359427972,228646436861
15966209,8192,5131663,1310249,124224713160,236399563089
15974401,8192,5139899,1340522,124099640351,237612144015
15982593,8192,5148147,1235970,124322924690,227167931887
15990785,8192,5156389,1283371,124198929531,223238697136
15998977,8192,5164630,1225813,124186386101,221722049916
16007169,8192,5172864,1052847,124623074343,215043746108
16015361,8192,5181097,1052959,124493600992,228122351826
16023553,8192,5189331,1090688,124243013279,227719966808
16031745,8192,5197584,1104026,124381451256,223025057311
16039937,8192,5205840,1123041,124395808586,220559924451
16048129,8192,5214078,1134623,124830620768,223943401186
16056321,8192,5222314,1125502,124617193118,227919002389
16064513,8192,5230552,1010762,124683765373,234211907208
16072705,8192,5238780,1246034,124333477118,229394817982
16080897,8192,5247021,1178575,124260753374,232359330741
16089089,8192,5255267,1123580,124306431578,230085300718
16097281,8192,5263499,1140851,124439942230,228397790905
16105473,8192,5271733,1161857,124361331384,226687965195
16113665,8192,5279979,1109178,124669356777,231370840996
16121857,8192,5288231,1162628,124391196480,225557846058
16130049,8192,5296473,1180458,124399949367,222557019263
16138241,8192,5304780,1078802,124660642804,219130167709
16146433,8192,5313022,1399504,124480225073,236643846634
16154625,8192,5321262,1831486,124194901488,267154689047
16162817,8192,5329495,1289430,124612317459,249985747919
16171009,8192,5337741,1315758,124340884409,234043825788
16179201,8192,5345985,1305539,124066232016,240431447077
16187393,8192,5354220,1237219,124237008425,233802427167
16195585,8192,5362459,1242340,124164031098,229976156917
16203777,8192,5370696,1298513,123955699854,233658820047
16211969,8192,5378936,1110066,124443582796,239448304917
16220161,8192,5387165,1089412,124386084913,228338014063
16228353,8192,5395399,1161951,123977256702,227178179882
16236545,8192,5403630,1168807,124125228021,231249765196
16244737,8192,5411850,1131902,124288779632,231822242637
16252929,8192,5420067,1149718,124332292810,244925671785
16261121,8192,5428297,1006443,124925233758,254813732366
16269313,8192,5436528,1004179,124695474779,235342817563
16277505,8192,5444770,1149822,124398327669,237248089780
16285697,8192,5452994,1133861,124278260394,237783122696
16293889,8192,5461230,1092288,124265714717,238885318727
16302081,8192,5469460,1072509,124403719165,246431087087
16310273,8192,5477688,941325,124731511962,261046566999
16318465,8192,5485913,882467,124766784923,229555123622
16326657,8192,5494140,1064365,124413151568,224843708880
16334849,8192,5502372,1203661,124227087257,229308238430
16343041,8192,5510610,1295735,124036901019,239098036366
16351233,8192,5518848,1181661,124111787777,230675832970
16359425,8192,5527079,1079067,124533103336,251760209564
16367617,8192,5535309,1377208,124373927230,255473796279
16375809,8192,5543539,1202265,124039788633,252825111010
16384001,8192,5551774,1240571,124100331466,234971366272
16392193,8192,5560023,1251207,124003722518,238977459755
16400385,8192,5568264,1239850,124052994132,230274391582
16408577,8192,5576488,1265814,123867348059,248066672972
16416769,8192,5584742,1147721,124148195400,247232682046
16424961,8192,5592977,1192692,124003358239,249018395367
16433153,8192,5601200,1188570,124166203859,236447163404
16441345,8192,5609436,1214158,123872046169,241203145850
16449537,8192,5617666,1166299,124245007447,230391505543
16457729,8192,5625902,1176755,123985010086,248807195631
16465921,8192,5634141,1029846,124556794423,236989473611
16474113,8192,5642371,1087223,124368765692,231461919984
16482305,8192,5650601,1173116,124180458932,232968868504
16490497,8192,5658845,1158866,124219659457,234532496170
16498689,8192,5667082,1248259,124168429071,239832226796
16506881,8192,5675313,1170549,124282739423,238186568107
16515073,8192,5683551,1131564,124390215662,234067423787
16523265,8192,5691780,1225728,123979933211,235813184392
16531457,8192,5700013,1233882,124053338198,231428193194
16539649,8192,5708260,1211444,123988503328,241612876910
16547841,8192,5716525,1256586,123922282104,228815826876
16556033,8192,5724762,1230919,124009051113,230569380777
16564225,8192,5732991,1239040,124028389925,241605033561
16572417,8192,5741223,1226880,123982832351,237706944200
16580609,8192,5749471,1296813,123813847300,228932513140
16588801,8192,5757729,1266771,123805018180,232854555339
16596993,8192,5765970,1247419,123939513129,239592891632
16605185,8192,5774205,1147285,124058090877,240789104497
16613377,8192,5782440,1084123,124251855466,236826365515
16621569,8192,5790686,1209663,124076116461,237763240170
16629761,8192,5798933,1278174,124175952832,236706036975
16637953,8192,5807177,1330708,123602214180,224448852435
16646145,8192,5815423,1279631,123702477060,234921122854
16654337,8192,5823744,1183021,123877292698,242080377266
16662529,8192,5832032,1132813,124094677752,256055908094
16670721,8192,5840313,1209310,123989450841,249490228711
16678913,8192,5848599,1253099,123926563458,242815861738
16687105,8192,5856905,1251013,124004103042,243747664134
16695297,8192,5865191,1245742,123923427248,232424548543
16703489,8192,5873502,1235602,124080283695,250588764266
16711681,8192,5881803,1135044,124299971638,257075154367
16719873,8192,5890089,1154719,124214204463,244029731042
16728065,8192,5898362,1210401,123956363401,240852078250
16736257,8192,5906658,1246107,123945396983,230905954322
16744449,8192,5914960,1250768,123917230336,239305929448
16752641,8192,5923268,1232077,123922994202,238363684375
16760833,8192,5931557,1101217,124016467187,236142848499
16769025,8192,5939852,1115077,123940593590,230013494398
16777217,8192,5948143,1203820,123946925971,227924573511
16785409,8192,5956437,1190451,123833585470,228111598744
16793601,8192,5964730,1192548,123749498190,221276072019
16801793,8192,5973054,1222847,123956529365,234896037753
16809985,8192,5981358,1158585,123615753440,239780299961
16818177,8192,5989636,1190257,123880766762,243671065232
16826369,8192,5997923,1315502,124066841094,238007827547
16834561,8192,6006221,1280191,123785793744,231043121087
16842753,8192,6014515,1218102,123790540045,228819539343
16850945,8192,6022798,1219963,123930827780,236647668874
16859137,8192,6031084,1161119,123958338109,247617533859
16867329,8192,6039371,1171240,124129112556,244040311893
16875521,8192,6047642,1267203,123879852147,243009893221
16883713,8192,6055930,1262897,123950930417,243428928016
16891905,8192,6064228,1232554,123924166484,236837565019
16900097,8192,6072508,1261532,123799373290,238088407068
16908289,8192,6080793,1204241,123697797710,249452163101
16916481,8192,6089077,1166469,123872500417,281511411507
16924673,8192,6097362,1313286,123887439402,257559245971
16932865,8192,6105654,1318114,123736211580,250695012706
16941057,8192,6113948,1371249,123781285971,267363494655
16949249,8192,6122230,1324221,123851146021,247552140696
16957441,8192,6130520,1201645,123770774514,271972430161
16965633,8192,6138828,1130553,124115291400,275088661668
16973825,8192,6147196,1206396,123973096845,260980045340
16982017,8192,6155571,1296153,123799597728,252487967789
16990209,8192,6163998,1245876,123829143218,253474696780
16998401,8192,6172357,1236370,123949207012,267275013382
17006593,8192,6180713,1095386,124186445686,261091562731
17014785,8192,6189078,1097696,124373036821,290130520925
17022977,8192,6197431,1184850,124038711706,263134551503
17031169,8192,6205770,1232776,123930837647,261361485537
17039361,8192,6214644,1316623,123920763300,261406950865
17047553,8192,6223141,1373527,123682150949,254332238689
17055745,8192,6231549,1236837,124174335358,254087331729
17063937,8192,6239930,1008710,124612817560,245936676320
17072129,8192,6248275,1183210,123779206831,227308365387
17080321,8192,6256608,1260658,123645465790,221364765448
17088513,8192,6264965,1260278,123647922745,210326514444
17096705,8192,6273315,1195518,123606718765,225269040342
17104897,8192,6281580,1014510,124351735830,230509176914
17113089,8192,6289852,998796,124202567206,226491555969
17121281,8192,6298121,1079273,124077209846,221441736589
17129473,8192,6306398,1108894,124161798539,236605829662
17137665,8192,6314693,1094899,124246637405,237399322463
17145857,8192,6322984,1150300,124075434998,234616364971
17154049,8192,6331276,1053151,124293347868,234893949138
17162241,8192,6339552,1116778,123894911874,227880729011
17170433,8192,6347847,1259515,123549394465,221490886657
17178625,8192,6356141,1302281,123514410067,215154165261
17186817,8192,6364447,1268222,123677502767,217888260786
17195009,8192,6372722,1334072,123586995334,206775035113
17203201,8192,6381005,1375665,123325720760,194124610531
17211393,8192,6389309,1269359,123489821555,202401489377
17219585,8192,6397595,1316145,123397475306,208260645811
17227777,8192,6405886,1281602,123525891650,214456578062
17235969,8192,6414187,1256380,123586573657,223074863112
17244161,8192,6422571,1265659,123572520849,219175577236
17252353,8192,6431060,1227759,123671374561,235585474682
17260545,8192,6439423,1143861,123975679931,269491220741
17268737,8192,6447756,1247976,123689972357,250032185526
17276929,8192,6456078,1225854,123699524669,247131371042
17285121,8192,6464411,1200074,123686298402,283955811982
17293313,8192,6472712,1235586,123611194696,246367037998
17301505,8192,6481018,1244725,123809963167,249612029523
17309697,8192,6489326,1176759,123949583273,266462193848
17317889,8192,6497627,1224036,123535394964,255158047839
17326081,8192,6505936,1271485,123566158009,233878839907
17334273,8192,6514227,1213764,123611052485,254040736565
17342465,8192,6522521,1220033,123559546994,248549382918
17350657,8192,6530810,1190892,123706210400,275283084591
17358849,8192,6539086,1097182,123977816887,268843648206
17367041,8192,6547367,1232605,123526861260,243556620317
17375233,8192,6555668,1355447,123551402440,235550466080
17383425,8192,6563975,1256364,123670066137,254238030002
17391617,8192,6572280,1227341,123601410945,248026279459
17399809,8192,6580587,1246478,123797697040,265210133405
17408001,8192,6588914,1123000,124044778310,278151417235
17416193,8192,6597245,1269906,123743510946,278448788729
17424385,8192,6605563,1290349,123571782475,271424631876
17432577,8192,6613884,1215614,123977234268,266958300268
17440769,8192,6622203,1142107,124116885794,252326978615
17448961,8192,6630518,1318220,123834754157,281748572961
17457153,8192,6638828,1371127,124366947124,280800135619
17465345,8192,6647132,1139240,124284630535,302701152344
17473537,8192,6655432,1118499,124036532288,278972202495
17481729,8192,6663738,1167236,123974272274,266596036710
17489921,8192,6672036,1269205,123713974467,276436787233
17498113,8192,6680314,1278229,123781928256,271802940467
17506305,8192,6688575,1097821,124418769032,273673670570
17514497,8192,6696852,1200669,124340518916,269162467419
17522689,8192,6705139,1244132,123969649458,248602116149
17530881,8192,6713412,1254698,123801937893,283108325136
17539073,8192,6721698,1202255,123775890332,257133676893
17547265,8192,6729991,1183886,124107681984,266499815115
17555457,8192,6738288,1142197,124416112644,281720549469
17563649,8192,6746591,1094662,124391082754,289765924347
17571841,8192,6754910,1243595,124011718560,282759536236
17580033,8192,6763173,1246138,123656872333,266861429727
17588225,8192,6771437,1220773,123600570876,259743822012
17596417,8192,6779714,1285195,123589648360,249549263741
17604609,8192,6788002,1127444,123962367108,279698974838
17612801,8192,6796294,1108831,124051288689,286600910555
17620993,8192,6804576,1218492,123776521297,289882257413
17629185,8192,6812859,894478,125317003080,205493586939
17637377,8192,6821141,1009584,124520012251,208958039082
17645569,8192,6829423,1188604,123540108721,264972986916
17653761,8192,6837721,1145572,123736105560,271804785253
17661953,8192,6846009,1121758,123823005628,281131494966
17670145,8192,6854313,1256352,123679748158,281744529527
17678337,8192,6862607,1224990,123816739190,289326379481
17686529,8192,6870912,1264714,123654678978,263823416490
17694721,8192,6879202,1287665,123408708438,295724468824
17702913,8192,6887554,1098212,123991774872,291925824777
17711105,8192,6895845,1108258,123788035887,309352135831
17719297,8192,6904113,1232852,123693345817,292320870232
17727489,8192,6912402,1335960,123472687664,253939616232
17735681,8192,6920655,1213157,123578980328,278868903461
17743873,8192,6928910,1277573,123594496185,275993717386
17752065,8192,6937162,1154856,123439317921,273314372927
17760257,8192,6945412,1122970,123725286457,311338048994
17768449,8192,6953662,1166718,123587905718,307564559654
17776641,8192,6961925,1169406,123654616772,334389826785
17784833,8192,6970175,1152283,123604124435,350781383105
17793025,8192,6978424,1170610,123601748165,282220875063
17801217,8192,6986678,1130078,123548526906,331423654112
17809409,8192,6994934,1130415,123727490035,431259579394
17817601,8192,7003174,1191194,123693477330,338440703545
17825793,8192,7011410,1219535,123557826561,320946470791
17833985,8192,7019652,1204918,123575373732,307730205972
17842177,8192,7027902,1236320,123689649053,299459732571
17850369,8192,7036151,1265346,123558675615,299590049524
17858561,8192,7044407,1157496,123929573197,326531351266
17866753,8192,7052664,1183951,123658814084,295167314493
17874945,8192,7060922,1278407,123642908245,291130359274
17883137,8192,7069180,1199199,123569105452,283371369342
17891329,8192,7077424,1204048,123571644886,286836193651
17899521,8192,7085686,1149470,123705192123,284470798324
17907713,8192,7093924,1069430,123938547216,294049747473
17915905,8192,7102175,1145941,123688977805,294952492010
17924097,8192,7110423,1199646,123514505273,258177391489
17932289,8192,7118675,1221132,123514220373,281535333213
17940481,8192,7126933,1231073,123559394968,270501902185
17948673,8192,7135190,1248894,123623668837,294709775637
17956865,8192,7143454,1099647,123889088349,295046661538
17965057,8192,7151711,1157411,123638299505,295596788358
17973249,8192,7159953,1181639,123578092102,287806064630
17981441,8192,7168195,1188780,123426270631,285761582363
17989633,8192,7176448,1200236,123591117988,284097665102
17997825,8192,7184717,1177795,123566501958,290032127292
18006017,8192,7192955,1067515,123979983927,326714614405
18014209,8192,7201216,1110139,123876347374,300715815851
18022401,8192,7209486,1173383,123559378879,278731915193
18030593,8192,7217747,1177056,123507968462,299073978275
18038785,8192,7226002,1151703,123568189717,293149883193
18046977,8192,7234267,1129441,123895897097,310639851382
18055169,8192,7242532,1212054,124049690052,315211624222
18063361,8192,7250786,1140613,123712356534,309189106620
18071553,8192,7259026,1107207,123998293126,303665148519
18079745,8192,7267303,1229221,123576941238,308608175416
18087937,8192,7275548,1158819,123656399105,301423537636
18096129,8192,7283810,1140087,123714074502,301902003316
18104321,8192,7292076,1035592,124064972672,315064347661
18112513,8192,7300337,1068455,124125573099,315873978696
18120705,8192,7308598,1231558,123782706356,328521400113
18128897,8192,7316868,1804705,123807268147,329805411391
18137089,8192,7325152,1220780,123755928993,283147701498
18145281,8192,7333463,1167260,123474759659,306421110922
18153473,8192,7341807,1040843,124077823347,320079159316
18161665,8192,7350157,1045352,124076331700,323209670539
18169857,8192,7358440,1155698,123804646559,320261813003
18178049,8192,7366694,1168029,123738642967,305403689611
18186241,8192,7374947,1287030,123844935174,310231595979
18194433,8192,7383221,1126547,123712845708,316906711772
18202625,8192,7391475,987425,124535109821,326073930353
18210817,8192,7399742,1012301,124231635810,327015717962
18219009,8192,7407987,1160175,123996504845,303933401182
18227201,8192,7416247,1234696,123502477845,309371159446
18235393,8192,7424510,1192308,123850914107,302436595755
18243585,8192,7432769,1181081,123639714052,317218871259
18251777,8192,7441011,1122330,123791286451,328186901214
18259969,8192,7449248,1057141,124005826008,325208395424
18268161,8192,7457480,1149776,123780189861,305565375211
18276353,8192,7465732,1138922,123825049322,318573692804
18284545,8192,7473976,1116748,123912936549,319125845459
18292737,8192,7482227,1127798,124011657362,337049313942
18300929,8192,7490473,1167190,123832281793,353168724862
18309121,8192,7498722,1053420,124124411697,354528462466
18317313,8192,7506978,1133163,123892826376,355666904249
18325505,8192,7515227,1132535,123963669651,388650695390
18333697,8192,7523497,1174914,123807898511,357429780212
18341889,8192,7531758,1150732,124008898402,318979133162
18350081,8192,7540010,1095754,124066570254,335851063939
18358273,8192,7548250,1031926,124293311968,330727213374
18366465,8192,7556485,1169850,123796488548,308441738699
18374657,8192,7564737,1137885,123763453499,316119581335
18382849,8192,7572992,1137153,123739979971,315489791836
18391041,8192,7581241,1196116,123696138160,291622232262
18399233,8192,7589493,1188419,123748760146,324773666974
18407425,8192,7597744,1130750,123806830257,314170196810
18415617,8192,7606005,1203397,123713240856,321368361796
18423809,8192,7614258,1257068,123661939920,291932220762
18432001,8192,7622531,1252621,123647146166,275828241862
18440193,8192,7630780,1205858,123608104486,298878884414
18448385,8192,7639025,1171536,123606480487,300403808734
18456577,8192,7647282,1184335,123687962207,305526682388
18464769,8192,7655550,1227707,123656285174,312768995888
18472961,8192,7663813,1284738,123601764262,297391550901
18481153,8192,7672060,1256303,123642445478,292031404003
18489345,8192,7680331,1195079,123543052072,289556540174
18497537,8192,7688594,1238864,123729824111,303185601871
18505729,8192,7696861,1182352,123593591406,314482531355
18513921,8192,7705129,1233586,123621916055,308061756659
18522113,8192,7713386,1230026,123625792489,294583497372
18530305,8192,7721624,1223627,123553925647,302045957783
18538497,8192,7729874,1290154,123671245630,284860131616
18546689,8192,7738125,1276381,123699036245,311748891718
18554881,8192,7746382,1246012,123733776212,346162022420
18563073,8192,7754631,1246486,123634151269,316816401218
18571265,8192,7762868,1219353,123672327030,298247648883
18579457,8192,7771127,1233808,123544543122,307181860128
18587649,8192,7779363,1254190,123650030852,303063095411
18595841,8192,7787617,1244508,123614833950,300455582169
18604033,8192,7795903,1259904,123713505259,330506548023
18612225,8192,7804160,1216570,123810115467,333520043212
18620417,8192,7812425,1282421,123680636979,297152737659
18628609,8192,7820683,1290295,123762052048,295402033814
18636801,8192,7828925,1329761,123624356896,324116563461
18644993,8192,7837197,1229232,123673332562,345993847958
18653185,8192,7845459,1124831,123722979147,361515686959
18661377,8192,7853721,1141839,123760941969,365508571702
18669569,8192,7861982,1276577,123643292573,311770691117
18677761,8192,7870232,1348989,123665435619,302223961919
18685953,8192,7878487,1292258,123614723053,289788263229
18694145,8192,7886739,1280894,123635445331,268901425778
18702337,8192,7894977,1370284,123674712258,324968000041
18710529,8192,7903249,1196262,123768009361,373892954701
18718721,8192,7911506,1315408,123701070991,300653716670
18726913,8192,7919763,1376836,123723517082,376423422927
18735105,8192,7928038,1294708,123852643029,361603260095
18743297,8192,7936310,1380152,123592761710,330925974261
18751489,8192,7944586,1294239,123792768243,416019797834
18759681,8192,7952835,1286704,123765852488,339521785563
18767873,8192,7961090,1233835,123872769832,392229091658
18776065,8192,7969343,1205041,123986510127,490254170416
18784257,8192,7977613,1310812,123933188174,453830272466
18792449,8192,7985880,1371731,123735994772,327833656433
18800641,8192,7994181,1231492,123976611447,318077476564
18808833,8192,8002461,1239882,123867437997,506834876326
18817025,8192,8010724,1294709,123735714868,361874556083
18825217,8192,8019018,1333260,123846313048,352526717645
18833409,8192,8027303,1475343,123747332848,343042507548
18841601,8192,8035559,1384494,123689349896,304779032184
18849793,8192,8043832,1323590,123619746748,332383914351
18857985,8192,8052126,1314599,123671843490,342124707332
18866177,8192,8060419,1273194,123657643737,331202483196
18874369,8192,8068684,1277332,123711691345,351512414990
18882561,8192,8076974,1321935,123658427466,320670911735
18890753,8192,8085252,1332345,123535674414,306646443006
18898945,8192,8093563,1248370,123739831742,331623557909
18907137,8192,8101832,1253229,123728100060,352059840030
18915329,8192,8110114,1266595,123781071763,364940363699
18923521,8192,8118398,1288376,123635147516,316519532461
18931713,8192,8126667,1252811,123705837334,301609999050
18939905,8192,8134951,1264747,123685039020,330473995359
18948097,8192,8143260,1204967,123815134928,429946415931
18956289,8192,8151644,1161537,124211789248,560580938308
18964481,8192,8159956,1256820,123969766721,455760345377
18972673,8192,8168234,1252926,123728441436,325212782981
18980865,8192,8176488,1415393,123858693129,280641784855
18989057,8192,8184767,1378115,123669387522,334482201065
18997249,8192,8193014,1385398,123764285378,324631840901
19005441,8192,8201259,2044815,123824739294,280452321583
19013633,8192,8209499,1454448,123669961183,311363554059
19021825,8192,8217728,1418905,123653695356,270767453875
19030017,8192,8225983,1368129,123782896509,279386982717
19038209,8192,8234228,1371339,123663808593,289025828049
19046401,8192,8242460,1304989,123701427919,312894390811
19054593,8192,8250694,1231354,123767425903,340363864143
19062785,8192,8259059,1276243,123815788056,358843841484
19070977,8192,8267362,1259116,123826364821,331858027156
19079169,8192,8275635,1244576,123691753909,328974646782
19087361,8192,8283896,1333438,123832840822,300845772531
19095553,8192,8292156,1339566,123691549401,315908385810
19103745,8192,8300438,1321099,123849518114,324060653602
19111937,8192,8308689,1260937,123793147462,343735087178
19120129,8192,8316948,1359851,123815115800,299537580758
19128321,8192,8325217,1314760,123666197796,296208020613
19136513,8192,8333493,1305248,123946920476,279787716701
19144705,8192,8341773,1266103,124104017949,298569722900
19152897,8192,8350064,1198093,124118652749,331269803940
19161089,8192,8358344,1230459,124206694754,326876071259
19169281,8192,8366622,1242437,124122790289,291757842325
19177473,8192,8374907,1340729,123989599941,269387454372
19185665,8192,8383182,1236760,123969611623,242428481825
19193857,8192,8391454,1222610,123806886071,223232444621
19202049,8192,8399735,1165655,124131985407,263243764634
19210241,8192,8408023,1140966,124274057934,296925309648
19218433,8192,8416275,1181096,124295618123,295976106119
19226625,8192,8424566,1297683,124266922414,284029818614
19234817,8192,8432837,1319023,124094997030,286763286395
19243009,8192,8441120,1360327,123910732432,274754989799
19251201,8192,8449406,1252019,124116392865,323649511032
19259393,8192,8457720,1260334,124142787832,309913607917
19267585,8192,8465991,1316043,124053267886,299054760600
19275777,8192,8474282,1309169,124018708984,287925353952
19283969,8192,8482572,1275841,124069272958,279159350954
19292161,8192,8490824,1305573,124069543469,263599456422
19300353,8192,8499067,1256213,124228260168,317918608271
19308545,8192,8507317,1263227,124254644406,327834948878
19316737,8192,8515576,1372672,124139191434,298652785770
19324929,8192,8523827,1383445,124230321106,293611432850
19333121,8192,8532090,1428299,124072932148,290616906726
19341313,8192,8540334,1378236,124230760063,280000239304
19349505,8192,8548571,1403329,124273109664,279814765092
19357697,8192,8556815,1360346,124388928610,300589417808
19365889,8192,8565049,1451538,124212199926,265686623190
19374081,8192,8573279,1456308,124187628104,265179389723
19382273,8192,8581515,1390404,124001805374,260845944116
19390465,8192,8589756,1406332,124183216259,269684712277
19398657,8192,8598061,1376343,124298522851,276376463362
19406849,8192,8606304,1323253,124203729016,281591061842
19415041,8192,8614553,1409825,124184434083,266123504684
19423233,8192,8622797,1407012,124190932397,270092121380
19431425,8192,8631094,1479016,124444652304,283088647432
19439617,8192,8639405,1494194,124598689249,300255372974
19447809,8192,8647696,1525689,124654060201,317067384721
19456001,8192,8655991,1400235,124746985771,335793893333
19464193,8192,8664284,1463073,124708696824,318423479587
19472385,8192,8672573,1567587,124492865502,284926795685
19480577,8192,8680848,1569982,124675941826,289983235501
19488769,8192,8689133,1519310,124642372180,303228392957
19496961,8192,8697400,1532953,124562923150,308531808262
19505153,8192,8705700,1441553,124706105566,330886371779
19513345,8192,8714026,1431476,124579418319,311504060353
19521537,8192,8722316,1534603,124318946052,315920033201
19529729,8192,8730829,1504678,124337950932,301091403554
19537921,8192,8739185,1496091,124380640734,294610647185
19546113,8192,8747474,1471940,124404502871,300775101233
19554305,8192,8755777,1421459,124410898435,316721340449
19562497,8192,8764071,1449555,124385162902,306783195372
19570689,8192,8772348,1436175,124282074762,277622124196
19578881,8192,8780597,1384474,124120403426,275719894307
19587073,8192,8788850,1423744,124233175249,279031288001
19595265,8192,8797112,1411530,124285329601,288992531753
19603457,8192,8805376,1362120,124482829897,316826164711
19611649,8192,8813644,1366587,124396688881,299508886948
19619841,8192,8821912,1431304,124303363675,261719903124
19628033,8192,8830158,1382837,124278179872,290755509851
19636225,8192,8838416,1386317,124267212875,296165964805
19644417,8192,8846685,1477932,124283847315,287346558349
19652609,8192,8854969,1327150,124512018946,294907868421
19660801,8192,8863231,1333121,124620238398,313913969114
19668993,8192,8871496,1361699,124457738133,300786525591
19677185,8192,8879742,1402400,124720060656,277473091986
19685377,8192,8887996,1426421,124385138939,289570041716
19693569,8192,8896260,1349485,124526186496,288386312394
19701761,8192,8904509,1300798,124683267469,320842568919
19709953,8192,8912750,1312484,124522623013,300679908296
19718145,8192,8920990,1367280,124234964352,284706027846
19726337,8192,8929255,1367565,124243473683,270131009468
19734529,8192,8937499,1360530,124198160597,274720319958
19742721,8192,8945763,1355984,124540036759,302468211166
19750913,8192,8954019,1252870,124821955842,308228116440
19759105,8192,8962263,1317146,124580362846,298325496511
19767297,8192,8970503,1425710,124319133475,278248745712
19775489,8192,8978751,1426943,124406846992,277654194862
19783681,8192,8986991,1408096,124487406122,285942048006
19791873,8192,8995239,1375954,124221565854,302398196384
19800065,8192,9003484,1328449,124456618248,314130456406
19808257,8192,9011734,1308968,124536261314,288457645604
19816449,8192,9019990,1361273,124451868445,292265570752
19824641,8192,9028233,1386800,124442024416,301503481870
19832833,8192,9036486,1311633,124472221441,300394934636
19841025,8192,9044737,1321663,124723548990,318807957128
19849217,8192,9052980,1296587,124201124261,275989742238
19857409,8192,9061230,1211690,124816889058,291532016402
19865601,8192,9069473,1341044,124415440188,286016676354
19873793,8192,9077747,1364059,124478097811,297294351072
19881985,8192,9085984,1370389,124290076590,286642493262
19890177,8192,9094228,1315726,124427228697,291871850888
19898369,8192,9102490,1250201,124502760559,310665785903
19906561,8192,9110734,1226278,124794745557,293234110759
19914753,8192,9118990,1262021,124642676514,285811408971
19922945,8192,9127236,1373100,124069895033,279749664115
19931137,8192,9135486,1343031,124229005523,286299490425
19939329,8192,9143725,1329349,124204790713,283464766855
19947521,8192,9151974,1333083,124392561546,309414467697
19955713,8192,9160210,1314942,124423623184,301965905232
19963905,8192,9168454,1333019,124345711165,274043308516
19972097,8192,9176695,1257352,124232825992,284915563794
19980289,8192,9184953,1323568,124094474908,276012532867
19988481,8192,9193196,1326751,124163998517,269306129906
19996673,8192,9201443,1336252,123996321353,282888199474
20004865,8192,9209675,1240854,124226710247,278931232094
20013057,8192,9217912,1304799,123931172877,266085350091
20021249,8192,9226144,1330787,123950597201,280634114311
20029441,8192,9234372,1338896,123821130868,261031778904
20037633,8192,9242611,1317090,123654099640,264684805549
20045825,8192,9250848,1347082,123953641816,275800930441
20054017,8192,9259089,1325267,123876567291,291585680249
20062209,8192,9267322,1318717,124055393101,277115396363
20070401,8192,9275563,1366227,123762444016,262024817262
20078593,8192,9283801,1384871,123911184108,266702606756
20086785,8192,9292062,1406126,123940016782,263971955783
20094977,8192,9300302,1339685,124015415943,281008848048
20103169,8192,9308551,1301714,124029391097,292837949697
20111361,8192,9316795,1273066,124087816974,296292030509
20119553,8192,9325059,1341785,124092854149,285927925419
20127745,8192,9333311,1300304,124171257384,281948009744
20135937,8192,9341560,1312828,123895576655,265018085028
20144129,8192,9349801,1478597,124131653209,303951686285
20152321,8192,9358049,1401974,124342040084,327664588945
20160513,8192,9366304,1278720,124374744387,309028917974
20168705,8192,9374550,1346678,123936121923,290675031666
20176897,8192,9382778,1424523,124108232349,295740669603
20185089,8192,9391015,1377219,123885049400,278287708209
20193281,8192,9399251,1336187,123788574103,285208005005
20201473,8192,9407494,1298463,124269759102,316683737291
20209665,8192,9415724,1286626,124087576326,310932640614
20217857,8192,9423960,1317852,123942254668,293379897068
20226049,8192,9432209,1299917,124147683853,285040465706
20234241,8192,9440439,1360846,123774875427,262012859275
20242433,8192,9448678,1459730,123854928977,268734700202
20250625,8192,9456910,1312416,124076624635,314635769265
20258817,8192,9465146,1171595,124427662111,311711483010
20267009,8192,9473399,1317129,124097688366,302179824455
20275201,8192,9481639,1334263,123937658483,284194970268
20283393,8192,9489868,1363375,124067024594,274953598471
20291585,8192,9498106,1363384,123869625532,298231664142
20299777,8192,9506347,1316781,124039812722,312164728697
20307969,8192,9514581,1244265,123989778309,295288742587
20316161,8192,9522818,1314009,123995263661,298409244920
20324353,8192,9531037,1360451,123857218332,263348346835
20332545,8192,9539273,1365918,123758625145,249585124462
20340737,8192,9547499,1315447,123780556120,253075053709
20348929,8192,9555732,1291597,124045417961,289934989034
20357121,8192,9563959,1279773,124504091119,291091384080
20365313,8192,9572201,1312646,123669140229,257271167647
20373505,8192,9580431,1311170,124039182811,282384776407
20381697,8192,9588664,1276710,124097202607,280796782757
20389889,8192,9596900,1309255,123990059477,279876936759
20398081,8192,9605136,1256225,124206051024,278694497183
20406273,8192,9613370,1215683,124065312931,262021588161
20414465,8192,9621591,1244275,124192634311,273412322855
20422657,8192,9629846,1320255,123998089347,257149391221
20430849,8192,9638079,1321247,123888932332,244888628696
20439041,8192,9646308,1265381,123823513533,248250735057
20447233,8192,9654555,1276821,123996852027,263457879570
20455425,8192,9662773,1197252,124532117855,294851525310
20463617,8192,9670997,1257479,124388614409,274418864362
20471809,8192,9679232,1285411,123650110177,281599504094
20480001,8192,9687458,1297199,123749972625,270294086066
20488193,8192,9695679,1243615,123883712183,262210770000
20496385,8192,9703905,1269253,124047419113,275188317917
20504577,8192,9712142,1135247,124465862938,286498078348
20512769,8192,9720378,1161611,124184136025,262669660589
20520961,8192,9728604,1245300,124007077488,259151601808
20529153,8192,9736836,1421269,123962849137,272719281592
20537345,8192,9745081,1439333,123669332793,268490085664
20545537,8192,9753315,1253608,124231633533,283442251005
20553729,8192,9761549,1145025,124604070901,288157572033
20561921,8192,9769782,1166959,124453507182,276815024905
20570113,8192,9778022,1229301,123923336719,269472386883
20578305,8192,9786257,1215782,124508837186,271024890049
20586497,8192,9794502,1269527,124050642770,260987324545
20594689,8192,9802745,1292003,124332499053,268240109152
20602881,8192,9810996,1228322,124543532771,278393658038
20611073,8192,9819237,1097645,124814044268,264896588092
20619265,8192,9827482,1324919,124291925023,259481843548
20627457,8192,9835711,1316468,124306662368,258747689279
20635649,8192,9843959,1323405,124238897976,259257769191
20643841,8192,9852200,1312577,124110240029,265101845694
20652033,8192,9860438,1167898,124654545575,271054573754
20660225,8192,9868668,1172966,124818915829,270730509281
20668417,8192,9876900,1236978,124229513827,246218417961
20676609,8192,9885128,1278425,124191509641,259061225093
20684801,8192,9893357,1277423,124164220953,244890073616
20692993,8192,9901590,1299309,124222150078,253739386146
20701185,8192,9909808,1280639,124039124147,267162114217
20709377,8192,9918046,1237605,124150614349,277784758680
20717569,8192,9926276,1319388,123967676483,254792295477
20725761,8192,9934518,1333524,123906422105,255812060144
20733953,8192,9942757,1342890,124072186073,256106887427
20742145,8192,9950994,1335924,123999386424,257865268750
20750337,8192,9959240,1282264,124044134635,262015865884
20758529,8192,9967460,1252221,124075251218,269812614262
20766721,8192,9975702,1248961,124010223875,247527034612
20774913,8192,9983955,1296280,123959551616,242864941740
20783105,8192,9992198,1295855,123861766459,234371796330
20791297,8192,10000436,1357061,123655847951,239748851095
20799489,8192,10008679,1286683,123903565050,229809457345
20807681,8192,10016909,1225709,123683481511,252432630467
20815873,8192,10025141,1281184,123701645397,239153515321
20824065,8192,10033363,1306171,123674520523,235701498335
20832257,8192,10041601,1300593,123697978959,236695633736
20840449,8192,10049823,1322193,123742084041,240475637173
20848641,8192,10058046,1339278,123881511204,268941919929
20856833,8192,10066279,1280156,124044652168,271848719658
20865025,8192,10074499,1341045,123939717225,273918534402
20873217,8192,10082726,1449149,123875874183,248596107770
20881409,8192,10090947,1318637,123828156277,261870898982
20889601,8192,10099176,1310004,124079212741,255809325579
20897793,8192,10107391,1287441,124064006649,253091816833
20905985,8192,10115611,1238107,123942336536,253220730926
20914177,8192,10123834,1270972,123967807271,249116930566
20922369,8192,10132052,1338406,123619826798,238786548662
20930561,8192,10140274,1350373,123791381394,239351769803
20938753,8192,10148494,1314243,123637017493,258856362288
20946945,8192,10156745,1392627,123714739565,248168077598
20955137,8192,10165009,1283356,123904730600,275442877629
20963329,8192,10173259,1250992,123804630771,265455935903
20971521,8192,10181499,1396954,123899780038,250808131651
20979713,8192,10189737,1351704,123744674033,264319655525
20987905,8192,10197972,1408688,123937607291,247147999084
20996097,8192,10206206,1502921,123906819311,235965094143
21004289,8192,10214429,1419302,123927641555,266759690466
21005282,993,10223616,159274,15045217504,34580102015
