Jul 25 07:54:42 nimbus-eth1-mainnet-long-benchmark[3553378]: >>> starting cloneOrFetchBenchmarksRepo
Jul 25 07:54:42 nimbus-eth1-mainnet-long-benchmark[3553378]: >>> Fetching latest changes for nimbus-eth1-benchmarks...
Jul 25 07:54:44 nimbus-eth1-mainnet-long-benchmark[3553425]: HEAD is now at 22d7d6b chore: update long benchmark Readme
Jul 25 07:54:44 nimbus-eth1-mainnet-long-benchmark[3553378]: <<< ending cloneOrFetchBenchmarksRepo (success)
Jul 25 07:54:44 nimbus-eth1-mainnet-long-benchmark[3553378]: >>> starting cloneOrFetchNimbusRepo
Jul 25 07:54:52 nimbus-eth1-mainnet-long-benchmark[3553378]: >>> Fetching latest changes for nimbus-eth1...
Jul 25 07:54:54 nimbus-eth1-mainnet-long-benchmark[3553759]: From https://github.com/status-im/nimbus-eth1
Jul 25 07:54:54 nimbus-eth1-mainnet-long-benchmark[3553759]:    47d3a26e2..f2202a6fc  master                  -> origin/master
Jul 25 07:54:54 nimbus-eth1-mainnet-long-benchmark[3553759]:  + b2a027965...477c59145 base-image              -> origin/base-image  (forced update)
Jul 25 07:54:54 nimbus-eth1-mainnet-long-benchmark[3553759]:  * [new branch]          bls-pairing-multi-miller-loop -> origin/bls-pairing-multi-miller-loop
Jul 25 07:54:54 nimbus-eth1-mainnet-long-benchmark[3553759]:  * [new branch]          bn256-ecadd-affine      -> origin/bn256-ecadd-affine
Jul 25 07:54:54 nimbus-eth1-mainnet-long-benchmark[3553759]:  * [new branch]          bn256-pairing-batching  -> origin/bn256-pairing-batching
Jul 25 07:54:54 nimbus-eth1-mainnet-long-benchmark[3553759]:  * [new branch]          bn256-pairing-fast-subgroup -> origin/bn256-pairing-fast-subgroup
Jul 25 07:54:54 nimbus-eth1-mainnet-long-benchmark[3553759]:  * [new branch]          concurrent-lru-threads-off -> origin/concurrent-lru-threads-off
Jul 25 07:54:54 nimbus-eth1-mainnet-long-benchmark[3553759]:    13e3788c4..c1bd7d2da  debug-force-tx-gossip   -> origin/debug-force-tx-gossip
Jul 25 07:54:54 nimbus-eth1-mainnet-long-benchmark[3553759]:  * [new branch]          dependabot/submodules/vendor/nim-lsquic-d6d8f81 -> origin/dependabot/submodules/vendor/nim-lsquic-d6d8f81
Jul 25 07:54:54 nimbus-eth1-mainnet-long-benchmark[3553759]:  * [new branch]          dependabot/submodules/vendor/nim-presto-8549aa9 -> origin/dependabot/submodules/vendor/nim-presto-8549aa9
Jul 25 07:54:54 nimbus-eth1-mainnet-long-benchmark[3553759]:    7c47e1d5f..43fe4136c  focil                   -> origin/focil
Jul 25 07:54:54 nimbus-eth1-mainnet-long-benchmark[3553759]:  * [new branch]          fork-invariant-gas-costs -> origin/fork-invariant-gas-costs
Jul 25 07:54:54 nimbus-eth1-mainnet-long-benchmark[3553759]:    552046d43..446d35390  glamsterdam-devnet-7    -> origin/glamsterdam-devnet-7
Jul 25 07:54:54 nimbus-eth1-mainnet-long-benchmark[3553759]:  * [new branch]          glamsterdam-devnet-8    -> origin/glamsterdam-devnet-8
Jul 25 07:54:54 nimbus-eth1-mainnet-long-benchmark[3553759]:  * [new branch]          kzg-point-eval-optimisations -> origin/kzg-point-eval-optimisations
Jul 25 07:54:54 nimbus-eth1-mainnet-long-benchmark[3553759]:  * [new branch]          ledger-savepoint-optimisation -> origin/ledger-savepoint-optimisation
Jul 25 07:54:54 nimbus-eth1-mainnet-long-benchmark[3553759]:  * [new branch]          optimize-bls-add-precompiles -> origin/optimize-bls-add-precompiles
Jul 25 07:54:54 nimbus-eth1-mainnet-long-benchmark[3553759]:  * [new branch]          optimize-modexp-even    -> origin/optimize-modexp-even
Jul 25 07:54:54 nimbus-eth1-mainnet-long-benchmark[3553759]:  * [new branch]          optimize-modexp-even2   -> origin/optimize-modexp-even2
Jul 25 07:54:54 nimbus-eth1-mainnet-long-benchmark[3553759]:    f17bdf566..04e25f1a7  outbound-tx-propagation -> origin/outbound-tx-propagation
Jul 25 07:54:54 nimbus-eth1-mainnet-long-benchmark[3553759]:  * [new branch]          proxy-2935-anchor-jump  -> origin/proxy-2935-anchor-jump
Jul 25 07:54:54 nimbus-eth1-mainnet-long-benchmark[3553759]:  + 87c5a74a1...2882fedf9 remove-discv4           -> origin/remove-discv4  (forced update)
Jul 25 07:54:54 nimbus-eth1-mainnet-long-benchmark[3553759]:  + b95a4ea06...eb57ab9e1 simulate-v1             -> origin/simulate-v1  (forced update)
Jul 25 07:54:54 nimbus-eth1-mainnet-long-benchmark[3553759]:  * [new branch]          stateless-guest-baremetal -> origin/stateless-guest-baremetal
Jul 25 07:54:54 nimbus-eth1-mainnet-long-benchmark[3553759]:  * [new branch]          syncer-stall            -> origin/syncer-stall
Jul 25 07:54:54 nimbus-eth1-mainnet-long-benchmark[3553759]:  + 6c972c869...e33b7649e threadchannel           -> origin/threadchannel  (forced update)
Jul 25 07:54:54 nimbus-eth1-mainnet-long-benchmark[3553759]:    4506ac50f..109ca70ab  wasm-deploy             -> origin/wasm-deploy
Jul 25 07:54:54 nimbus-eth1-mainnet-long-benchmark[3553759]: Fetching submodule vendor/nim-bearssl
Jul 25 07:54:55 nimbus-eth1-mainnet-long-benchmark[3553759]: From https://github.com/status-im/nim-bearssl
Jul 25 07:54:55 nimbus-eth1-mainnet-long-benchmark[3553759]:    7c30702..945ac7b  master     -> origin/master
Jul 25 07:54:55 nimbus-eth1-mainnet-long-benchmark[3553759]:  * [new tag]         v0.2.12    -> v0.2.12
Jul 25 07:54:55 nimbus-eth1-mainnet-long-benchmark[3553759]: Fetching submodule vendor/nim-chronicles
Jul 25 07:54:55 nimbus-eth1-mainnet-long-benchmark[3553759]: From https://github.com/status-im/nim-chronicles
Jul 25 07:54:55 nimbus-eth1-mainnet-long-benchmark[3553759]:    e7f8733..b8ca1cc  master     -> origin/master
Jul 25 07:54:55 nimbus-eth1-mainnet-long-benchmark[3553759]:  * [new tag]         v0.12.3    -> v0.12.3
Jul 25 07:54:55 nimbus-eth1-mainnet-long-benchmark[3553759]: Fetching submodule vendor/nim-chronos
Jul 25 07:54:57 nimbus-eth1-mainnet-long-benchmark[3553759]: From https://github.com/status-im/nim-chronos
Jul 25 07:54:57 nimbus-eth1-mainnet-long-benchmark[3553759]:  * [new branch]      dev/etan/ae-fddup -> origin/dev/etan/ae-fddup
Jul 25 07:54:57 nimbus-eth1-mainnet-long-benchmark[3553759]:    b0a4008..efe7248  dev/etan/ae-returnstrain -> origin/dev/etan/ae-returnstrain
Jul 25 07:54:57 nimbus-eth1-mainnet-long-benchmark[3553759]:  + 7bb5d8b...887b0cd gh-pages          -> origin/gh-pages  (forced update)
Jul 25 07:54:57 nimbus-eth1-mainnet-long-benchmark[3553759]:    55adad1..e4c83a1  master            -> origin/master
Jul 25 07:54:57 nimbus-eth1-mainnet-long-benchmark[3553759]:  * [new branch]      support-bare-metal-timer -> origin/support-bare-metal-timer
Jul 25 07:54:57 nimbus-eth1-mainnet-long-benchmark[3553759]:  + 77b665d...35c98c8 thread-call-soon  -> origin/thread-call-soon  (forced update)
Jul 25 07:54:57 nimbus-eth1-mainnet-long-benchmark[3553759]:    39c9050..ba9a01b  version-4-0       -> origin/version-4-0
Jul 25 07:54:57 nimbus-eth1-mainnet-long-benchmark[3553759]:    447b3fd..90f543e  version-4-2       -> origin/version-4-2
Jul 25 07:54:57 nimbus-eth1-mainnet-long-benchmark[3553759]:  * [new tag]         v4.0.7            -> v4.0.7
Jul 25 07:54:57 nimbus-eth1-mainnet-long-benchmark[3553759]:  * [new tag]         v4.2.4            -> v4.2.4
Jul 25 07:54:57 nimbus-eth1-mainnet-long-benchmark[3553759]: Fetching submodule vendor/nim-faststreams
Jul 25 07:54:57 nimbus-eth1-mainnet-long-benchmark[3553759]: From https://github.com/status-im/nim-faststreams
Jul 25 07:54:57 nimbus-eth1-mainnet-long-benchmark[3553759]:    50889cd..90f7812  master     -> origin/master
Jul 25 07:54:58 nimbus-eth1-mainnet-long-benchmark[3553759]: Fetching submodule vendor/nim-http-utils
Jul 25 07:54:58 nimbus-eth1-mainnet-long-benchmark[3553759]: From https://github.com/status-im/nim-http-utils
Jul 25 07:54:58 nimbus-eth1-mainnet-long-benchmark[3553759]:    a9ca860..1e11ab9  master      -> origin/master
Jul 25 07:54:58 nimbus-eth1-mainnet-long-benchmark[3553759]:  * [new branch]      test-nimble -> origin/test-nimble
Jul 25 07:54:58 nimbus-eth1-mainnet-long-benchmark[3553759]:  * [new tag]         v0.5.0      -> v0.5.0
Jul 25 07:54:58 nimbus-eth1-mainnet-long-benchmark[3553759]: Fetching submodule vendor/nim-json-rpc
Jul 25 07:54:59 nimbus-eth1-mainnet-long-benchmark[3553759]: From https://github.com/status-im/nim-json-rpc
Jul 25 07:54:59 nimbus-eth1-mainnet-long-benchmark[3553759]:    1e5cd51..1b728b1  gh-pages    -> origin/gh-pages
Jul 25 07:54:59 nimbus-eth1-mainnet-long-benchmark[3553759]:    333ada3..c47aeba  master      -> origin/master
Jul 25 07:54:59 nimbus-eth1-mainnet-long-benchmark[3553759]:  + 65501bb...143fb20 thread-chan -> origin/thread-chan  (forced update)
Jul 25 07:54:59 nimbus-eth1-mainnet-long-benchmark[3553759]: Fetching submodule vendor/nim-kzg4844
Jul 25 07:54:59 nimbus-eth1-mainnet-long-benchmark[3553759]: From https://github.com/status-im/nim-kzg4844
Jul 25 07:54:59 nimbus-eth1-mainnet-long-benchmark[3553759]:    6cfb836..94fba95  master     -> origin/master
Jul 25 07:54:59 nimbus-eth1-mainnet-long-benchmark[3553759]: Fetching submodule vendor/nim-libbacktrace
Jul 25 07:55:00 nimbus-eth1-mainnet-long-benchmark[3553759]: From https://github.com/status-im/nim-libbacktrace
Jul 25 07:55:00 nimbus-eth1-mainnet-long-benchmark[3553759]:  * [new branch]      dependabot/submodules/vendor/libbacktrace-upstream-6f8310e -> origin/dependabot/submodules/vendor/libbacktrace-upstream-6f8310e
Jul 25 07:55:00 nimbus-eth1-mainnet-long-benchmark[3553759]:    57e2de3..95f1bbf  master     -> origin/master
Jul 25 07:55:00 nimbus-eth1-mainnet-long-benchmark[3553759]:  * [new tag]         v0.2.0     -> v0.2.0
Jul 25 07:55:00 nimbus-eth1-mainnet-long-benchmark[3553759]: Fetching submodule vendor/nim-libbacktrace/vendor/libbacktrace-upstream
Jul 25 07:55:01 nimbus-eth1-mainnet-long-benchmark[3553759]: From https://github.com/ianlancetaylor/libbacktrace
Jul 25 07:55:01 nimbus-eth1-mainnet-long-benchmark[3553759]:    b9e4006..6f8310e  master     -> origin/master
Jul 25 07:55:01 nimbus-eth1-mainnet-long-benchmark[3553759]: Fetching submodule vendor/nim-metrics
Jul 25 07:55:02 nimbus-eth1-mainnet-long-benchmark[3553759]: From https://github.com/status-im/nim-metrics
Jul 25 07:55:02 nimbus-eth1-mainnet-long-benchmark[3553759]:    a1296ca..bbabc03  master     -> origin/master
Jul 25 07:55:02 nimbus-eth1-mainnet-long-benchmark[3553759]: Fetching submodule vendor/nim-presto
Jul 25 07:55:02 nimbus-eth1-mainnet-long-benchmark[3553759]: From https://github.com/status-im/nim-presto
Jul 25 07:55:02 nimbus-eth1-mainnet-long-benchmark[3553759]:    b687ef7..8549aa9  master     -> origin/master
Jul 25 07:55:02 nimbus-eth1-mainnet-long-benchmark[3553759]:  * [new tag]         v0.1.2     -> v0.1.2
Jul 25 07:55:02 nimbus-eth1-mainnet-long-benchmark[3553759]: Fetching submodule vendor/nim-stew
Jul 25 07:55:03 nimbus-eth1-mainnet-long-benchmark[3553759]: From https://github.com/status-im/nim-stew
Jul 25 07:55:03 nimbus-eth1-mainnet-long-benchmark[3553759]:    83eb115..01a709a  master     -> origin/master
Jul 25 07:55:03 nimbus-eth1-mainnet-long-benchmark[3553759]: Fetching submodule vendor/nim-stint
Jul 25 07:55:04 nimbus-eth1-mainnet-long-benchmark[3553759]: From https://github.com/status-im/nim-stint
Jul 25 07:55:04 nimbus-eth1-mainnet-long-benchmark[3553759]:    ab7afd1..c836a83  gh-pages   -> origin/gh-pages
Jul 25 07:55:04 nimbus-eth1-mainnet-long-benchmark[3553759]:    584cd66..d4359be  master     -> origin/master
Jul 25 07:55:04 nimbus-eth1-mainnet-long-benchmark[3553759]: Fetching submodule vendor/nim-web3
Jul 25 07:55:04 nimbus-eth1-mainnet-long-benchmark[3553759]: From https://github.com/status-im/nim-web3
Jul 25 07:55:04 nimbus-eth1-mainnet-long-benchmark[3553759]:    2e17848..69dfc40  focil      -> origin/focil
Jul 25 07:55:04 nimbus-eth1-mainnet-long-benchmark[3553759]: Fetching submodule vendor/nimbus-eth2
Jul 25 07:55:05 nimbus-eth1-mainnet-long-benchmark[3553759]: From https://github.com/status-im/nimbus-eth2
Jul 25 07:55:05 nimbus-eth1-mainnet-long-benchmark[3553759]:    7404c2209..9de850c64  bsa                  -> origin/bsa
Jul 25 07:55:05 nimbus-eth1-mainnet-long-benchmark[3553759]:  * [new branch]          dependabot/submodules/unstable/vendor/nim-kzg4844-94fba95 -> origin/dependabot/submodules/unstable/vendor/nim-kzg4844-94fba95
Jul 25 07:55:05 nimbus-eth1-mainnet-long-benchmark[3553759]:  * [new branch]          dependabot/submodules/unstable/vendor/nim-lsquic-d6d8f81 -> origin/dependabot/submodules/unstable/vendor/nim-lsquic-d6d8f81
Jul 25 07:55:05 nimbus-eth1-mainnet-long-benchmark[3553759]:  * [new branch]          gtY                  -> origin/gtY
Jul 25 07:55:05 nimbus-eth1-mainnet-long-benchmark[3553759]:  * [new branch]          kfg                  -> origin/kfg
Jul 25 07:55:05 nimbus-eth1-mainnet-long-benchmark[3553759]:  + eae53e722...0fb5f89d0 nim-libp2p-auto-bump-unstable -> origin/nim-libp2p-auto-bump-unstable  (forced update)
Jul 25 07:55:05 nimbus-eth1-mainnet-long-benchmark[3553759]:    0a9f4d547..3b14a7124  pfr                  -> origin/pfr
Jul 25 07:55:05 nimbus-eth1-mainnet-long-benchmark[3553759]:    a340981c0..1dcc6f72a  sam/Rnc              -> origin/sam/Rnc
Jul 25 07:55:05 nimbus-eth1-mainnet-long-benchmark[3553759]:  * [new branch]          sam/payload          -> origin/sam/payload
Jul 25 07:55:05 nimbus-eth1-mainnet-long-benchmark[3553759]:  + 87036cdd2...74a0ac2b4 syncv3               -> origin/syncv3  (forced update)
Jul 25 07:55:05 nimbus-eth1-mainnet-long-benchmark[3553759]:    2e13f3c6e..b4bded5e6  syncv3-glamsterdam-7 -> origin/syncv3-glamsterdam-7
Jul 25 07:55:05 nimbus-eth1-mainnet-long-benchmark[3553759]:    4110bc782..ce2a5be2b  testing              -> origin/testing
Jul 25 07:55:05 nimbus-eth1-mainnet-long-benchmark[3553759]:  + 8a845f4d6...ee6905970 threadchannel        -> origin/threadchannel  (forced update)
Jul 25 07:55:05 nimbus-eth1-mainnet-long-benchmark[3553759]:    ce2a5be2b..676dccc88  unstable             -> origin/unstable
Jul 25 07:55:05 nimbus-eth1-mainnet-long-benchmark[3553759]: Fetching submodule vendor/nimbus-eth2/vendor/nim-bearssl
Jul 25 07:55:06 nimbus-eth1-mainnet-long-benchmark[3553759]: From https://github.com/status-im/nim-bearssl
Jul 25 07:55:06 nimbus-eth1-mainnet-long-benchmark[3553759]:    78cb496..945ac7b  master     -> origin/master
Jul 25 07:55:06 nimbus-eth1-mainnet-long-benchmark[3553759]:  * [new tag]         v0.2.12    -> v0.2.12
Jul 25 07:55:06 nimbus-eth1-mainnet-long-benchmark[3553759]: Fetching submodule vendor/nimbus-eth2/vendor/nim-http-utils
Jul 25 07:55:07 nimbus-eth1-mainnet-long-benchmark[3553759]: From https://github.com/status-im/nim-http-utils
Jul 25 07:55:07 nimbus-eth1-mainnet-long-benchmark[3553759]:    a9ca860..1e11ab9  master      -> origin/master
Jul 25 07:55:07 nimbus-eth1-mainnet-long-benchmark[3553759]:  * [new branch]      test-nimble -> origin/test-nimble
Jul 25 07:55:07 nimbus-eth1-mainnet-long-benchmark[3553759]:  * [new tag]         v0.5.0      -> v0.5.0
Jul 25 07:55:07 nimbus-eth1-mainnet-long-benchmark[3553759]: Fetching submodule vendor/nimbus-eth2/vendor/nim-json-rpc
Jul 25 07:55:07 nimbus-eth1-mainnet-long-benchmark[3553759]: From https://github.com/status-im/nim-json-rpc
Jul 25 07:55:07 nimbus-eth1-mainnet-long-benchmark[3553759]:    1e5cd51..1b728b1  gh-pages    -> origin/gh-pages
Jul 25 07:55:07 nimbus-eth1-mainnet-long-benchmark[3553759]:    333ada3..c47aeba  master      -> origin/master
Jul 25 07:55:07 nimbus-eth1-mainnet-long-benchmark[3553759]:  + 65501bb...143fb20 thread-chan -> origin/thread-chan  (forced update)
Jul 25 07:55:07 nimbus-eth1-mainnet-long-benchmark[3553759]: Fetching submodule vendor/nimbus-eth2/vendor/nim-kzg4844
Jul 25 07:55:08 nimbus-eth1-mainnet-long-benchmark[3553759]: From https://github.com/status-im/nim-kzg4844
Jul 25 07:55:08 nimbus-eth1-mainnet-long-benchmark[3553759]:    6cfb836..94fba95  master     -> origin/master
Jul 25 07:55:08 nimbus-eth1-mainnet-long-benchmark[3553759]: Fetching submodule vendor/nimbus-eth2/vendor/nim-presto
Jul 25 07:55:09 nimbus-eth1-mainnet-long-benchmark[3553759]: From https://github.com/status-im/nim-presto
Jul 25 07:55:09 nimbus-eth1-mainnet-long-benchmark[3553759]:    b687ef7..8549aa9  master     -> origin/master
Jul 25 07:55:09 nimbus-eth1-mainnet-long-benchmark[3553972]: warning: unable to rmdir 'vendor/libtommath': Directory not empty
Jul 25 07:55:09 nimbus-eth1-mainnet-long-benchmark[3553972]: HEAD is now at f2202a6fc build(deps): bump vendor/nim-kzg4844 from `6cfb836` to `94fba95` (#4548)
Jul 25 07:55:09 nimbus-eth1-mainnet-long-benchmark[3553378]: >>> Found last benchmarked commit: 2077499e
Jul 25 07:55:09 nimbus-eth1-mainnet-long-benchmark[3553378]: >>> Using next commit: de8585cbe76a9ea3a95c4b32b3695dd62362e0cb
Jul 25 07:55:09 nimbus-eth1-mainnet-long-benchmark[3553982]: HEAD is now at de8585cbe Avoid using include in DiscoveryV5 implementation (#3586)
Jul 25 07:55:09 nimbus-eth1-mainnet-long-benchmark[3553378]: >>> Current commit: de8585cbe
Jul 25 07:55:09 nimbus-eth1-mainnet-long-benchmark[3553378]: <<< ending cloneOrFetchNimbusRepo (success)
Jul 25 07:55:09 nimbus-eth1-mainnet-long-benchmark[3553378]: >>> starting buildBinaries
Jul 25 07:55:09 nimbus-eth1-mainnet-long-benchmark[3553378]: >>> Building binaries for commit de8585cb...
Jul 25 07:55:23 nimbus-eth1-mainnet-long-benchmark[3559056]: Building: Nim compiler
Jul 25 07:56:32 nimbus-eth1-mainnet-long-benchmark[3561916]: cp: cannot stat '/data/status-im/nimbus-eth1/build/*': No such file or directory
Jul 25 07:56:32 nimbus-eth1-mainnet-long-benchmark[3561925]: Building: install/usr/lib/libbacktrace.a
Jul 25 07:56:32 nimbus-eth1-mainnet-long-benchmark[3562046]: make[1]: Entering directory '/data/status-im/nimbus-eth1/vendor/nim-rocksdb/vendor/rocksdb'
Jul 25 07:56:32 nimbus-eth1-mainnet-long-benchmark[3562046]: $DEBUG_LEVEL is 0, $LIB_MODE is static
Jul 25 07:56:33 nimbus-eth1-mainnet-long-benchmark[3562046]: make[1]: Leaving directory '/data/status-im/nimbus-eth1/vendor/nim-rocksdb/vendor/rocksdb'
Jul 25 07:56:33 nimbus-eth1-mainnet-long-benchmark[3563166]: Cleaning up RocksDb build artifacts.
Jul 25 07:56:34 nimbus-eth1-mainnet-long-benchmark[3563873]: /bin/sh: 1: javac: not found
Jul 25 07:56:34 nimbus-eth1-mainnet-long-benchmark[3561921]: Building RocksDb static libraries.
Jul 25 07:56:36 nimbus-eth1-mainnet-long-benchmark[3565680]: Building: install/usr/lib/libbacktracenim.a
Jul 25 07:59:30 nimbus-eth1-mainnet-long-benchmark[3568239]: Building: build/nimbus_execution_client
Jul 25 08:02:24 nimbus-eth1-mainnet-long-benchmark[3553378]: >>> renaming binaries to match commit they were built from
Jul 25 08:02:24 nimbus-eth1-mainnet-long-benchmark[3553378]: >>> creating a symbolic link to the latest version
Jul 25 08:02:24 nimbus-eth1-mainnet-long-benchmark[3553378]: >>> deleting copies that are older than N days
Jul 25 08:02:24 nimbus-eth1-mainnet-long-benchmark[3553378]: <<< ending buildBinaries (success)
Jul 25 08:02:24 nimbus-eth1-mainnet-long-benchmark[3553378]: >>> starting skipOrContinueBenchmark
Jul 25 08:02:24 nimbus-eth1-mainnet-long-benchmark[3553378]: <<< ending skipOrContinueBenchmark (success)
Jul 25 08:02:24 nimbus-eth1-mainnet-long-benchmark[3553378]: >>> starting startNimbusWithImport
Jul 25 08:02:24 nimbus-eth1-mainnet-long-benchmark[3573364]: INF 2026-07-25 08:02:24.623+00:00 Launching execution client                 version=v0.1.0-de8585cb conf="(dataDir: /data/status-im/nimbus-eth1/data/shared_mainnet_0, era1DirOpt: some(/data/era1), eraDirOpt: some(/data/era), keyStore: /data/status-im/nimbus-eth1/data/shared_mainnet_0/keystore, importKey: , trustedSetupFile: none(string), extraData: nimbus-eth1/v0.1.0-de8585cb, gasLimit: 45000000, network: [mainnet], customNetwork: none(NetworkParams), networkId: 1, networkParams: (config: ..., genesis: ...), logLevel: INFO, logStdout: auto, logMetricsEnabled: false, logMetricsInterval: 10, metricsEnabled: false, metricsPort: 9093, metricsAddress: 127.0.0.1, bootstrapNodes: [], bootstrapFile: , bootstrapEnrs: [], staticPeers: [], staticPeersFile: , staticPeersEnrs: [], reconnectMaxRetry: 0, reconnectInterval: 15, listenAddress: ::, tcpPort: 30303, udpPort: 0, maxPeers: 25, nat: (hasExtIp: false, nat: NatAny), discovery: [V4, V5], netKey: random, agentString: nimbus-eth1/v0.1.0-de8585cb/linux-amd64/Nim-2.2.4, numThreads: 0, persistBatchSize: 4, rocksdbMaxOpenFiles: 2048, rocksdbWriteBufferSize: 67108864, rocksdbRowCacheSize: 0, rocksdbBlockCacheSize: 2147483648, rdbVtxCacheSize: 536870912, rdbKeyCacheSize: 1342177280, rdbBranchCacheSize: 1073741824, rdbPrintStats: false, rewriteDatadirId: true, eagerStateRootCheck: false, statelessProviderEnabled: false, statelessWitnessValidation: false, cmd: import, maxBlocks: 18446744073709551615, chunkSize: 8192, csvStats: some("/data/host-benchmarks/long/ffc106fb8f8e4bf6b0ded668a1fdc596/blocks-import-benchmark.csv"), fullValidation: false, noValidation: true, storeBodies: false, storeReceipts: false, storeSlotHashes: false)"
Jul 25 08:02:24 nimbus-eth1-mainnet-long-benchmark[3573364]: INF 2026-07-25 08:02:24.763+00:00 Writing data dir ID                        ID=0x0a036d6f6dfe59156bb6359f0243c93d5a421ed688de5aa85a62d15dca8dbd5c
Jul 25 08:02:24 nimbus-eth1-mainnet-long-benchmark[3573364]: INF 2026-07-25 08:02:24.819+00:00 Threadpool started                         numThreads=16
Jul 25 08:02:24 nimbus-eth1-mainnet-long-benchmark[3573364]: INF 2026-07-25 08:02:24.855+00:00 Writing genesis to DB                      blockHash=0xd4e56740f876aef8c010b86a40d5f56745a118d0906a34e69aec8c0db1cb8fa3 stateRoot=0xd7f8974fb5ac78d9ac099b9ad5018bedc2ce0a72dad1827a1709da30580f0544 difficulty=17179869184 gasLimit=5000 timestamp=0 nonce=0x0000000000000042
Jul 25 08:02:24 nimbus-eth1-mainnet-long-benchmark[3573364]: INF 2026-07-25 08:02:24.987+00:00 Database initialized                       base="(0xd4e56740f876aef8c010b86a40d5f56745a118d0906a34e69aec8c0db1cb8fa3, 0)" finalized="(0xd4e56740f876aef8c010b86a40d5f56745a118d0906a34e69aec8c0db1cb8fa3, 0)" head="(0xd4e56740f876aef8c010b86a40d5f56745a118d0906a34e69aec8c0db1cb8fa3, 0)"
Jul 25 08:02:24 nimbus-eth1-mainnet-long-benchmark[3573364]: NTC 2026-07-25 08:02:24.991+00:00 Importing era1 archive                     start=1 dataDir=/data/status-im/nimbus-eth1/data/shared_mainnet_0 era1Dir=/data/era1
Jul 25 08:02:25 nimbus-eth1-mainnet-long-benchmark[3573364]: INF 2026-07-25 08:02:25.295+00:00 Imported blocks                            blockNumber=8193 slot=1 blocks=8192 txs=0 mgas=0.000 bps=26608 tps=0.000 mgps=0.000 avgBps=26608 avgTps=0.000 avgMGps=0.000 elapsed=307ms872us671ns
Jul 25 08:02:25 nimbus-eth1-mainnet-long-benchmark[3573364]: INF 2026-07-25 08:02:25.591+00:00 Imported blocks                            blockNumber=16385 slot=1 blocks=16384 txs=0 mgas=0.000 bps=27926 tps=0.000 mgps=0.000 avgBps=27251 avgTps=0.000 avgMGps=0.000 elapsed=601ms209us42ns
Jul 25 08:02:25 nimbus-eth1-mainnet-long-benchmark[3573364]: INF 2026-07-25 08:02:25.879+00:00 Imported blocks                            blockNumber=24577 slot=1 blocks=24576 txs=0 mgas=0.000 bps=28238 tps=0.000 mgps=0.000 avgBps=27572 avgTps=0.000 avgMGps=0.000 elapsed=891ms310us746ns
Jul 25 08:02:26 nimbus-eth1-mainnet-long-benchmark[3573364]: INF 2026-07-25 08:02:26.171+00:00 Imported blocks                            blockNumber=32769 slot=1 blocks=32768 txs=0 mgas=0.000 bps=28029 tps=0.000 mgps=0.000 avgBps=27685 avgTps=0.000 avgMGps=0.000 elapsed=1s183ms569us
Jul 25 08:02:26 nimbus-eth1-mainnet-long-benchmark[3573364]: INF 2026-07-25 08:02:26.467+00:00 Imported blocks                            blockNumber=40961 slot=1 blocks=40960 txs=0 mgas=0.000 bps=27794 tps=0.000 mgps=0.000 avgBps=27707 avgTps=0.000 avgMGps=0.000 elapsed=1s478ms307us
Jul 25 08:02:26 nimbus-eth1-mainnet-long-benchmark[3573364]: INF 2026-07-25 08:02:26.823+00:00 Imported blocks                            blockNumber=49153 slot=1 blocks=49152 txs=1514 mgas=33.07 bps=23067 tps=4263 mgps=93.12 avgBps=26808 avgTps=825.8 avgMGps=18.04 elapsed=1s833ms440us
Jul 25 08:02:27 nimbus-eth1-mainnet-long-benchmark[3573364]: INF 2026-07-25 08:02:27.303+00:00 Imported blocks                            blockNumber=57345 slot=1 blocks=57344 txs=5430 mgas=440.9 bps=17088 tps=8168 mgps=850.7 avgBps=24793 avgTps=2347 avgMGps=190.6 elapsed=2s312ms825us
Jul 25 08:02:27 nimbus-eth1-mainnet-long-benchmark[3573364]: INF 2026-07-25 08:02:27.695+00:00 Imported blocks                            blockNumber=65537 slot=1 blocks=65536 txs=8106 mgas=530.9 bps=20854 tps=6812 mgps=229.2 avgBps=24222 avgTps=2995 avgMGps=196.2 elapsed=2s705ms635us
Jul 25 08:02:28 nimbus-eth1-mainnet-long-benchmark[3573364]: INF 2026-07-25 08:02:28.167+00:00 Imported blocks                            blockNumber=73729 slot=1 blocks=73728 txs=13927 mgas=728.7 bps=17359 tps=12334 mgps=419.0 avgBps=23202 avgTps=4382 avgMGps=229.3 elapsed=3s177ms550us
Jul 25 08:02:28 nimbus-eth1-mainnet-long-benchmark[3573364]: INF 2026-07-25 08:02:28.603+00:00 Imported blocks                            blockNumber=81921 slot=1 blocks=81920 txs=18131 mgas=860.0 bps=18748 tps=9621 mgps=300.5 avgBps=22664 avgTps=5016 avgMGps=237.9 elapsed=3s614ms498us
Jul 25 08:02:29 nimbus-eth1-mainnet-long-benchmark[3573364]: INF 2026-07-25 08:02:29.047+00:00 Imported blocks                            blockNumber=90113 slot=1 blocks=90112 txs=22720 mgas=972.2 bps=18372 tps=10292 mgps=251.8 avgBps=22193 avgTps=5595 avgMGps=239.4 elapsed=4s60ms377us
Jul 25 08:02:29 nimbus-eth1-mainnet-long-benchmark[3573364]: INF 2026-07-25 08:02:29.463+00:00 Imported blocks                            blockNumber=98305 slot=1 blocks=98304 txs=26047 mgas=1056 bps=19838 tps=8056 mgps=205.0 avgBps=21975 avgTps=5822 avgMGps=236.3 elapsed=4s473ms322us
Jul 25 08:02:29 nimbus-eth1-mainnet-long-benchmark[3573364]: INF 2026-07-25 08:02:29.891+00:00 Imported blocks                            blockNumber=106497 slot=1 blocks=106496 txs=30215 mgas=1162 bps=19109 tps=9722 mgps=246.1 avgBps=21724 avgTps=6163 avgMGps=237.1 elapsed=4s902ms10us
Jul 25 08:02:30 nimbus-eth1-mainnet-long-benchmark[3573364]: INF 2026-07-25 08:02:30.299+00:00 Imported blocks                            blockNumber=114689 slot=1 blocks=114688 txs=34462 mgas=1281 bps=20145 tps=10444 mgps=293.1 avgBps=21603 avgTps=6491 avgMGps=241.4 elapsed=5s308ms654us
Jul 25 08:02:30 nimbus-eth1-mainnet-long-benchmark[3573364]: INF 2026-07-25 08:02:30.743+00:00 Imported blocks                            blockNumber=122881 slot=1 blocks=122880 txs=40516 mgas=1445 bps=18436 tps=13624 mgps=369.0 avgBps=21359 avgTps=7042 avgMGps=251.3 elapsed=5s752ms986us
Jul 25 08:02:31 nimbus-eth1-mainnet-long-benchmark[3573364]: INF 2026-07-25 08:02:31.155+00:00 Imported blocks                            blockNumber=131073 slot=1 blocks=131072 txs=46368 mgas=1592 bps=19760 tps=14116 mgps=355.7 avgBps=21251 avgTps=7518 avgMGps=258.3 elapsed=6s167ms540us
Jul 25 08:02:31 nimbus-eth1-mainnet-long-benchmark[3573364]: INF 2026-07-25 08:02:31.623+00:00 Imported blocks                            blockNumber=139265 slot=1 blocks=139264 txs=53046 mgas=1761 bps=17528 tps=14289 mgps=360.4 avgBps=20989 avgTps=7995 avgMGps=265.5 elapsed=6s634ms889us
Jul 25 08:02:32 nimbus-eth1-mainnet-long-benchmark[3573364]: INF 2026-07-25 08:02:32.087+00:00 Imported blocks                            blockNumber=147457 slot=1 blocks=147456 txs=60851 mgas=1951 bps=17599 tps=16768 mgps=409.4 avgBps=20767 avgTps=8570 avgMGps=274.9 elapsed=7s100ms355us
Jul 25 08:02:32 nimbus-eth1-mainnet-long-benchmark[3573364]: INF 2026-07-25 08:02:32.603+00:00 Imported blocks                            blockNumber=155649 slot=1 blocks=155648 txs=69526 mgas=2172 bps=15889 tps=16826 mgps=426.9 avgBps=20437 avgTps=9129 avgMGps=285.2 elapsed=7s615ms923us
Jul 25 08:02:33 nimbus-eth1-mainnet-long-benchmark[3573364]: INF 2026-07-25 08:02:33.063+00:00 Imported blocks                            blockNumber=163841 slot=1 blocks=163840 txs=76781 mgas=2347 bps=17840 tps=15799 mgps=381.1 avgBps=20289 avgTps=9508 avgMGps=290.7 elapsed=8s75ms116us
Jul 25 08:02:33 nimbus-eth1-mainnet-long-benchmark[3573364]: INF 2026-07-25 08:02:33.615+00:00 Imported blocks                            blockNumber=172033 slot=1 blocks=172032 txs=86896 mgas=2589 bps=14861 tps=18349 mgps=439.6 avgBps=19942 avgTps=10073 avgMGps=300.2 elapsed=8s626ms343us
Jul 25 08:02:34 nimbus-eth1-mainnet-long-benchmark[3573364]: INF 2026-07-25 08:02:34.199+00:00 Imported blocks                            blockNumber=180225 slot=1 blocks=180224 txs=98925 mgas=2908 bps=13983 tps=20533 mgps=545.3 avgBps=19563 avgTps=10738 avgMGps=315.8 elapsed=9s212ms168us
Jul 25 08:02:34 nimbus-eth1-mainnet-long-benchmark[3573364]: INF 2026-07-25 08:02:34.799+00:00 Imported blocks                            blockNumber=188417 slot=1 blocks=188416 txs=109418 mgas=3216 bps=13653 tps=17488 mgps=513.2 avgBps=19202 avgTps=11151 avgMGps=327.8 elapsed=9s812ms165us
Jul 25 08:02:35 nimbus-eth1-mainnet-long-benchmark[3573364]: INF 2026-07-25 08:02:35.295+00:00 Imported blocks                            blockNumber=196609 slot=1 blocks=196608 txs=117906 mgas=3442 bps=16587 tps=17186 mgps=457.6 avgBps=19076 avgTps=11440 avgMGps=334.1 elapsed=10s306ms32us
Jul 25 08:02:35 nimbus-eth1-mainnet-long-benchmark[3573364]: INF 2026-07-25 08:02:35.899+00:00 Imported blocks                            blockNumber=204801 slot=1 blocks=204800 txs=127337 mgas=3727 bps=13589 tps=15644 mgps=471.9 avgBps=18773 avgTps=11672 avgMGps=341.7 elapsed=10s908ms862us
Jul 25 08:02:36 nimbus-eth1-mainnet-long-benchmark[3573364]: INF 2026-07-25 08:02:36.435+00:00 Imported blocks                            blockNumber=212993 slot=1 blocks=212992 txs=136769 mgas=3996 bps=15267 tps=17577 mgps=501.4 avgBps=18609 avgTps=11949 avgMGps=349.2 elapsed=11s445ms443us
Jul 25 08:02:37 nimbus-eth1-mainnet-long-benchmark[3573364]: INF 2026-07-25 08:02:36.999+00:00 Imported blocks                            blockNumber=221185 slot=1 blocks=221184 txs=146514 mgas=4249 bps=14489 tps=17236 mgps=447.5 avgBps=18415 avgTps=12198 avgMGps=353.8 elapsed=12s10ms820us
Jul 25 08:02:37 nimbus-eth1-mainnet-long-benchmark[3573364]: INF 2026-07-25 08:02:37.543+00:00 Imported blocks                            blockNumber=229377 slot=1 blocks=229376 txs=155987 mgas=4552 bps=15045 tps=17397 mgps=556.9 avgBps=18269 avgTps=12423 avgMGps=362.6 elapsed=12s555ms318us
Jul 25 08:02:38 nimbus-eth1-mainnet-long-benchmark[3573364]: INF 2026-07-25 08:02:38.123+00:00 Imported blocks                            blockNumber=237569 slot=1 blocks=237568 txs=165739 mgas=4839 bps=14110 tps=16797 mgps=494.9 avgBps=18085 avgTps=12617 avgMGps=368.4 elapsed=13s135ms897us
Jul 25 08:02:38 nimbus-eth1-mainnet-long-benchmark[3573364]: INF 2026-07-25 08:02:38.671+00:00 Imported blocks                            blockNumber=245761 slot=1 blocks=245760 txs=174914 mgas=5076 bps=14949 tps=16743 mgps=432.7 avgBps=17959 avgTps=12782 avgMGps=371.0 elapsed=13s683ms869us
Jul 25 08:02:39 nimbus-eth1-mainnet-long-benchmark[3573364]: INF 2026-07-25 08:02:39.259+00:00 Imported blocks                            blockNumber=253953 slot=1 blocks=253952 txs=184139 mgas=5376 bps=13983 tps=15746 mgps=511.9 avgBps=17796 avgTps=12904 avgMGps=376.8 elapsed=14s269ms700us
Jul 25 08:02:39 nimbus-eth1-mainnet-long-benchmark[3573364]: INF 2026-07-25 08:02:39.787+00:00 Imported blocks                            blockNumber=262145 slot=1 blocks=262144 txs=192639 mgas=5614 bps=15512 tps=16095 mgps=450.6 avgBps=17715 avgTps=13018 avgMGps=379.4 elapsed=14s797ms807us
Jul 25 08:02:40 nimbus-eth1-mainnet-long-benchmark[3573364]: INF 2026-07-25 08:02:40.407+00:00 Imported blocks                            blockNumber=270337 slot=1 blocks=270336 txs=203712 mgas=5975 bps=13169 tps=17801 mgps=579.4 avgBps=17531 avgTps=13211 avgMGps=387.5 elapsed=15s419ms843us
Jul 25 08:02:41 nimbus-eth1-mainnet-long-benchmark[3573364]: INF 2026-07-25 08:02:41.023+00:00 Imported blocks                            blockNumber=278529 slot=1 blocks=278528 txs=214956 mgas=6309 bps=13369 tps=18350 mgps=544.9 avgBps=17372 avgTps=13407 avgMGps=393.5 elapsed=16s32ms594us
Jul 25 08:02:41 nimbus-eth1-mainnet-long-benchmark[3573364]: INF 2026-07-25 08:02:41.639+00:00 Imported blocks                            blockNumber=286721 slot=1 blocks=286720 txs=224900 mgas=6597 bps=13295 tps=16139 mgps=467.8 avgBps=17221 avgTps=13508 avgMGps=396.3 elapsed=16s648ms721us
Jul 25 08:02:42 nimbus-eth1-mainnet-long-benchmark[3573364]: INF 2026-07-25 08:02:42.203+00:00 Imported blocks                            blockNumber=294913 slot=1 blocks=294912 txs=234452 mgas=6870 bps=14508 tps=16917 mgps=483.4 avgBps=17132 avgTps=13620 avgMGps=399.1 elapsed=17s213ms349us
Jul 25 08:02:42 nimbus-eth1-mainnet-long-benchmark[3573364]: INF 2026-07-25 08:02:42.791+00:00 Imported blocks                            blockNumber=303105 slot=1 blocks=303104 txs=245016 mgas=7148 bps=13921 tps=17953 mgps=473.5 avgBps=17026 avgTps=13763 avgMGps=401.6 elapsed=17s801ms771us
Jul 25 08:02:43 nimbus-eth1-mainnet-long-benchmark[3573364]: INF 2026-07-25 08:02:43.367+00:00 Imported blocks                            blockNumber=311297 slot=1 blocks=311296 txs=254868 mgas=7438 bps=14211 tps=17091 mgps=502.5 avgBps=16938 avgTps=13867 avgMGps=404.8 elapsed=18s378ms190us
Jul 25 08:02:43 nimbus-eth1-mainnet-long-benchmark[3573364]: INF 2026-07-25 08:02:43.963+00:00 Imported blocks                            blockNumber=319489 slot=1 blocks=319488 txs=265640 mgas=7723 bps=13705 tps=18021 mgps=476.8 avgBps=16836 avgTps=13998 avgMGps=407.0 elapsed=18s975ms927us
Jul 25 08:02:44 nimbus-eth1-mainnet-long-benchmark[3573364]: INF 2026-07-25 08:02:44.535+00:00 Imported blocks                            blockNumber=327681 slot=1 blocks=327680 txs=274904 mgas=7987 bps=14313 tps=16186 mgps=460.4 avgBps=16762 avgTps=14062 avgMGps=408.6 elapsed=19s548ms257us
Jul 25 08:02:45 nimbus-eth1-mainnet-long-benchmark[3573364]: INF 2026-07-25 08:02:45.151+00:00 Imported blocks                            blockNumber=335873 slot=1 blocks=335872 txs=285614 mgas=8287 bps=13298 tps=17386 mgps=487.6 avgBps=16656 avgTps=14164 avgMGps=411.0 elapsed=20s164ms244us
Jul 25 08:02:45 nimbus-eth1-mainnet-long-benchmark[3573364]: INF 2026-07-25 08:02:45.751+00:00 Imported blocks                            blockNumber=344065 slot=1 blocks=344064 txs=296061 mgas=8628 bps=13740 tps=17522 mgps=571.2 avgBps=16573 avgTps=14260 avgMGps=415.6 elapsed=20s760ms434us
Jul 25 08:02:46 nimbus-eth1-mainnet-long-benchmark[3573364]: INF 2026-07-25 08:02:46.411+00:00 Imported blocks                            blockNumber=352257 slot=1 blocks=352256 txs=307932 mgas=8995 bps=12427 tps=18008 mgps=557.9 avgBps=16445 avgTps=14376 avgMGps=420.0 elapsed=21s419ms617us
Jul 25 08:02:47 nimbus-eth1-mainnet-long-benchmark[3573364]: INF 2026-07-25 08:02:47.031+00:00 Imported blocks                            blockNumber=360449 slot=1 blocks=360448 txs=318963 mgas=9296 bps=13163 tps=17724 mgps=483.8 avgBps=16352 avgTps=14470 avgMGps=421.8 elapsed=22s41ms963us
Jul 25 08:02:47 nimbus-eth1-mainnet-long-benchmark[3573364]: INF 2026-07-25 08:02:47.635+00:00 Imported blocks                            blockNumber=368641 slot=1 blocks=368640 txs=329139 mgas=9569 bps=13508 tps=16780 mgps=449.0 avgBps=16276 avgTps=14532 avgMGps=422.5 elapsed=22s648ms387us
Jul 25 08:02:48 nimbus-eth1-mainnet-long-benchmark[3573364]: INF 2026-07-25 08:02:48.235+00:00 Imported blocks                            blockNumber=376833 slot=1 blocks=376832 txs=339438 mgas=9896 bps=13697 tps=17220 mgps=547.2 avgBps=16210 avgTps=14601 avgMGps=425.7 elapsed=23s246ms438us
Jul 25 08:02:48 nimbus-eth1-mainnet-long-benchmark[3573364]: INF 2026-07-25 08:02:48.899+00:00 Imported blocks                            blockNumber=385025 slot=1 blocks=385024 txs=351088 mgas=10224 bps=12337 tps=17545 mgps=494.6 avgBps=16102 avgTps=14683 avgMGps=427.6 elapsed=23s910ms442us
Jul 25 08:02:49 nimbus-eth1-mainnet-long-benchmark[3573364]: INF 2026-07-25 08:02:49.563+00:00 Imported blocks                            blockNumber=393217 slot=1 blocks=393216 txs=362005 mgas=10893 bps=12318 tps=16415 mgps=1005 avgBps=16000 avgTps=14730 avgMGps=443.3 elapsed=24s575ms484us
Jul 25 08:02:50 nimbus-eth1-mainnet-long-benchmark[3573364]: INF 2026-07-25 08:02:50.251+00:00 Imported blocks                            blockNumber=401409 slot=1 blocks=401408 txs=372517 mgas=11264 bps=11962 tps=15350 mgps=542.0 avgBps=15890 avgTps=14747 avgMGps=445.9 elapsed=25s260ms268us
Jul 25 08:02:50 nimbus-eth1-mainnet-long-benchmark[3573364]: INF 2026-07-25 08:02:50.879+00:00 Imported blocks                            blockNumber=409601 slot=1 blocks=409600 txs=383846 mgas=11664 bps=12997 tps=17974 mgps=634.6 avgBps=15820 avgTps=14825 avgMGps=450.5 elapsed=25s890ms538us
Jul 25 08:02:51 nimbus-eth1-mainnet-long-benchmark[3573364]: INF 2026-07-25 08:02:51.523+00:00 Imported blocks                            blockNumber=417793 slot=1 blocks=417792 txs=393528 mgas=11963 bps=12795 tps=15123 mgps=467.8 avgBps=15747 avgTps=14832 avgMGps=450.9 elapsed=26s530ms753us
Jul 25 08:02:52 nimbus-eth1-mainnet-long-benchmark[3573364]: INF 2026-07-25 08:02:52.171+00:00 Imported blocks                            blockNumber=425985 slot=1 blocks=425984 txs=403739 mgas=12342 bps=12568 tps=15666 mgps=580.7 avgBps=15671 avgTps=14852 avgMGps=454.1 elapsed=27s182ms538us
Jul 25 08:02:52 nimbus-eth1-mainnet-long-benchmark[3573364]: INF 2026-07-25 08:02:52.883+00:00 Imported blocks                            blockNumber=434177 slot=1 blocks=434176 txs=413862 mgas=12714 bps=11530 tps=14249 mgps=523.3 avgBps=15565 avgTps=14837 avgMGps=455.8 elapsed=27s892ms973us
Jul 25 08:02:53 nimbus-eth1-mainnet-long-benchmark[3573364]: INF 2026-07-25 08:02:53.487+00:00 Imported blocks                            blockNumber=442369 slot=1 blocks=442368 txs=424064 mgas=13012 bps=13496 tps=16807 mgps=491.5 avgBps=15521 avgTps=14879 avgMGps=456.6 elapsed=28s499ms962us
Jul 25 08:02:54 nimbus-eth1-mainnet-long-benchmark[3573364]: INF 2026-07-25 08:02:54.435+00:00 Imported blocks                            blockNumber=450561 slot=1 blocks=450560 txs=434316 mgas=13500 bps=8682 tps=10865 mgps=517.6 avgBps=15302 avgTps=14750 avgMGps=458.5 elapsed=29s443ms456us
Jul 25 08:02:55 nimbus-eth1-mainnet-long-benchmark[3573364]: INF 2026-07-25 08:02:55.107+00:00 Imported blocks                            blockNumber=458753 slot=1 blocks=458752 txs=445986 mgas=13816 bps=12136 tps=17289 mgps=467.8 avgBps=15231 avgTps=14807 avgMGps=458.7 elapsed=30s118ms451us
Jul 25 08:02:55 nimbus-eth1-mainnet-long-benchmark[3573364]: INF 2026-07-25 08:02:55.843+00:00 Imported blocks                            blockNumber=466945 slot=1 blocks=466944 txs=458378 mgas=14222 bps=11179 tps=16910 mgps=553.6 avgBps=15135 avgTps=14857 avgMGps=461.0 elapsed=30s851ms243us
Jul 25 08:02:56 nimbus-eth1-mainnet-long-benchmark[3573364]: INF 2026-07-25 08:02:56.619+00:00 Imported blocks                            blockNumber=475137 slot=1 blocks=475136 txs=469640 mgas=14656 bps=10524 tps=14468 mgps=557.7 avgBps=15021 avgTps=14848 avgMGps=463.4 elapsed=31s629ms615us
Jul 25 08:02:57 nimbus-eth1-mainnet-long-benchmark[3573364]: INF 2026-07-25 08:02:57.539+00:00 Imported blocks                            blockNumber=483329 slot=1 blocks=483328 txs=481525 mgas=15092 bps=8912 tps=12930 mgps=474.9 avgBps=14849 avgTps=14793 avgMGps=463.7 elapsed=32s548ms726us
Jul 25 08:02:58 nimbus-eth1-mainnet-long-benchmark[3573364]: INF 2026-07-25 08:02:58.275+00:00 Imported blocks                            blockNumber=491521 slot=1 blocks=491520 txs=492921 mgas=15417 bps=11095 tps=15435 mgps=439.2 avgBps=14766 avgTps=14808 avgMGps=463.2 elapsed=33s287ms29us
Jul 25 08:02:58 nimbus-eth1-mainnet-long-benchmark[3573364]: INF 2026-07-25 08:02:58.975+00:00 Imported blocks                            blockNumber=499713 slot=1 blocks=499712 txs=504311 mgas=15733 bps=11684 tps=16245 mgps=450.9 avgBps=14702 avgTps=14837 avgMGps=462.9 elapsed=33s988ms140us
Jul 25 08:02:59 nimbus-eth1-mainnet-long-benchmark[3573364]: INF 2026-07-25 08:02:59.983+00:00 Imported blocks                            blockNumber=507905 slot=1 blocks=507904 txs=524145 mgas=16719 bps=8128 tps=19680 mgps=978.9 avgBps=14513 avgTps=14977 avgMGps=477.8 elapsed=34s995ms951us
Jul 25 08:03:00 nimbus-eth1-mainnet-long-benchmark[3573364]: INF 2026-07-25 08:03:00.787+00:00 Imported blocks                            blockNumber=516097 slot=1 blocks=516096 txs=538663 mgas=17256 bps=10241 tps=18150 mgps=671.5 avgBps=14417 avgTps=15048 avgMGps=482.1 elapsed=35s795ms833us
Jul 25 08:03:01 nimbus-eth1-mainnet-long-benchmark[3573364]: INF 2026-07-25 08:03:01.635+00:00 Imported blocks                            blockNumber=524289 slot=1 blocks=524288 txs=553027 mgas=17820 bps=9632 tps=16890 mgps=662.3 avgBps=14306 avgTps=15090 avgMGps=486.3 elapsed=36s646ms262us
Jul 25 08:03:02 nimbus-eth1-mainnet-long-benchmark[3573364]: INF 2026-07-25 08:03:02.567+00:00 Imported blocks                            blockNumber=532481 slot=1 blocks=532480 txs=568055 mgas=18461 bps=8815 tps=16172 mgps=690.6 avgBps=14170 avgTps=15117 avgMGps=491.3 elapsed=37s575ms495us
Jul 25 08:03:03 nimbus-eth1-mainnet-long-benchmark[3573364]: INF 2026-07-25 08:03:03.363+00:00 Imported blocks                            blockNumber=540673 slot=1 blocks=540672 txs=579680 mgas=18995 bps=10242 tps=14535 mgps=667.1 avgBps=14089 avgTps=15105 avgMGps=495.0 elapsed=38s375ms283us
Jul 25 08:03:04 nimbus-eth1-mainnet-long-benchmark[3573364]: INF 2026-07-25 08:03:04.071+00:00 Imported blocks                            blockNumber=548865 slot=1 blocks=548864 txs=592014 mgas=19347 bps=11618 tps=17493 mgps=500.0 avgBps=14044 avgTps=15148 avgMGps=495.1 elapsed=39s80ms342us
Jul 25 08:03:04 nimbus-eth1-mainnet-long-benchmark[3573364]: INF 2026-07-25 08:03:04.691+00:00 Imported blocks                            blockNumber=557057 slot=1 blocks=557056 txs=603593 mgas=19634 bps=13249 tps=18727 mgps=462.9 avgBps=14032 avgTps=15204 avgMGps=494.6 elapsed=39s698ms615us
Jul 25 08:03:05 nimbus-eth1-mainnet-long-benchmark[3573364]: INF 2026-07-25 08:03:05.455+00:00 Imported blocks                            blockNumber=565249 slot=1 blocks=565248 txs=616136 mgas=20021 bps=10717 tps=16409 mgps=506.4 avgBps=13969 avgTps=15227 avgMGps=494.8 elapsed=40s463ms6us
Jul 25 08:03:06 nimbus-eth1-mainnet-long-benchmark[3573364]: INF 2026-07-25 08:03:06.155+00:00 Imported blocks                            blockNumber=573441 slot=1 blocks=573440 txs=627898 mgas=20399 bps=11703 tps=16804 mgps=539.9 avgBps=13930 avgTps=15253 avgMGps=495.6 elapsed=41s162ms939us
Jul 25 08:03:06 nimbus-eth1-mainnet-long-benchmark[3573364]: INF 2026-07-25 08:03:06.855+00:00 Imported blocks                            blockNumber=581633 slot=1 blocks=581632 txs=639787 mgas=20728 bps=11685 tps=16959 mgps=469.7 avgBps=13893 avgTps=15282 avgMGps=495.1 elapsed=41s863ms963us
Jul 25 08:03:07 nimbus-eth1-mainnet-long-benchmark[3573364]: INF 2026-07-25 08:03:07.523+00:00 Imported blocks                            blockNumber=589825 slot=1 blocks=589824 txs=652189 mgas=21085 bps=12269 tps=18575 mgps=534.3 avgBps=13867 avgTps=15334 avgMGps=495.8 elapsed=42s531ms614us
Jul 25 08:03:08 nimbus-eth1-mainnet-long-benchmark[3573364]: INF 2026-07-25 08:03:08.291+00:00 Imported blocks                            blockNumber=598017 slot=1 blocks=598016 txs=663743 mgas=21446 bps=10703 tps=15095 mgps=472.5 avgBps=13811 avgTps=15329 avgMGps=495.3 elapsed=43s297ms2us
Jul 25 08:03:08 nimbus-eth1-mainnet-long-benchmark[3573364]: INF 2026-07-25 08:03:08.911+00:00 Imported blocks                            blockNumber=606209 slot=1 blocks=606208 txs=675209 mgas=21733 bps=13204 tps=18481 mgps=462.3 avgBps=13803 avgTps=15374 avgMGps=494.9 elapsed=43s917ms403us
Jul 25 08:03:09 nimbus-eth1-mainnet-long-benchmark[3573364]: INF 2026-07-25 08:03:09.827+00:00 Imported blocks                            blockNumber=614401 slot=1 blocks=614400 txs=686564 mgas=22117 bps=8916 tps=12358 mgps=417.6 avgBps=13703 avgTps=15312 avgMGps=493.3 elapsed=44s836ms199us
Jul 25 08:03:10 nimbus-eth1-mainnet-long-benchmark[3573364]: INF 2026-07-25 08:03:10.503+00:00 Imported blocks                            blockNumber=622593 slot=1 blocks=622592 txs=699507 mgas=22604 bps=12146 tps=19190 mgps=722.4 avgBps=13680 avgTps=15370 avgMGps=496.7 elapsed=45s510ms659us
Jul 25 08:03:11 nimbus-eth1-mainnet-long-benchmark[3573364]: INF 2026-07-25 08:03:11.179+00:00 Imported blocks                            blockNumber=630785 slot=1 blocks=630784 txs=710467 mgas=22974 bps=12158 tps=16267 mgps=549.1 avgBps=13657 avgTps=15383 avgMGps=497.5 elapsed=46s184ms412us
Jul 25 08:03:11 nimbus-eth1-mainnet-long-benchmark[3573364]: INF 2026-07-25 08:03:11.799+00:00 Imported blocks                            blockNumber=638977 slot=1 blocks=638976 txs=721076 mgas=23279 bps=13187 tps=17079 mgps=490.2 avgBps=13651 avgTps=15405 avgMGps=497.4 elapsed=46s805ms584us
Jul 25 08:03:12 nimbus-eth1-mainnet-long-benchmark[3573364]: INF 2026-07-25 08:03:12.475+00:00 Imported blocks                            blockNumber=647169 slot=1 blocks=647168 txs=732967 mgas=23679 bps=12138 tps=17618 mgps=594.0 avgBps=13630 avgTps=15437 avgMGps=498.7 elapsed=47s480ms485us
Jul 25 08:03:13 nimbus-eth1-mainnet-long-benchmark[3573364]: INF 2026-07-25 08:03:13.159+00:00 Imported blocks                            blockNumber=655361 slot=1 blocks=655360 txs=746331 mgas=24102 bps=11945 tps=19487 mgps=616.4 avgBps=13606 avgTps=15494 avgMGps=500.4 elapsed=48s166ms260us
Jul 25 08:03:13 nimbus-eth1-mainnet-long-benchmark[3573364]: INF 2026-07-25 08:03:13.827+00:00 Imported blocks                            blockNumber=663553 slot=1 blocks=663552 txs=757564 mgas=24394 bps=12253 tps=16801 mgps=436.7 avgBps=13587 avgTps=15512 avgMGps=499.5 elapsed=48s834ms814us
Jul 25 08:03:14 nimbus-eth1-mainnet-long-benchmark[3573364]: INF 2026-07-25 08:03:14.463+00:00 Imported blocks                            blockNumber=671745 slot=1 blocks=671744 txs=768871 mgas=24700 bps=12863 tps=17755 mgps=481.0 avgBps=13578 avgTps=15541 avgMGps=499.3 elapsed=49s471ms649us
Jul 25 08:03:15 nimbus-eth1-mainnet-long-benchmark[3573364]: INF 2026-07-25 08:03:15.347+00:00 Imported blocks                            blockNumber=679937 slot=1 blocks=679936 txs=782589 mgas=25181 bps=9279 tps=15538 mgps=544.0 avgBps=13502 avgTps=15541 avgMGps=500.1 elapsed=50s354ms487us
Jul 25 08:03:16 nimbus-eth1-mainnet-long-benchmark[3573364]: INF 2026-07-25 08:03:16.139+00:00 Imported blocks                            blockNumber=688129 slot=1 blocks=688128 txs=794690 mgas=25714 bps=10333 tps=15264 mgps=672.8 avgBps=13453 avgTps=15537 avgMGps=502.8 elapsed=51s147ms252us
Jul 25 08:03:18 nimbus-eth1-mainnet-long-benchmark[3573364]: INF 2026-07-25 08:03:18.722+00:00 Imported blocks                            blockNumber=696321 slot=1 blocks=696320 txs=819387 mgas=28152 bps=3169 tps=9556 mgps=943.3 avgBps=12959 avgTps=15249 avgMGps=523.9 elapsed=53s731ms681us
Jul 25 08:03:20 nimbus-eth1-mainnet-long-benchmark[3573364]: INF 2026-07-25 08:03:20.562+00:00 Imported blocks                            blockNumber=704513 slot=1 blocks=704512 txs=843665 mgas=30035 bps=4454 tps=13200 mgps=1023 avgBps=12677 avgTps=15181 avgMGps=540.5 elapsed=55s570ms827us
Jul 25 08:03:21 nimbus-eth1-mainnet-long-benchmark[3573364]: INF 2026-07-25 08:03:21.910+00:00 Imported blocks                            blockNumber=712705 slot=1 blocks=712704 txs=859579 mgas=31088 bps=6083 tps=11818 mgps=782.4 avgBps=12521 avgTps=15102 avgMGps=546.2 elapsed=56s917ms385us
Jul 25 08:03:23 nimbus-eth1-mainnet-long-benchmark[3573364]: INF 2026-07-25 08:03:23.130+00:00 Imported blocks                            blockNumber=720897 slot=1 blocks=720896 txs=874433 mgas=31973 bps=6699 tps=12148 mgps=723.8 avgBps=12399 avgTps=15040 avgMGps=549.9 elapsed=58s140ms99us
Jul 25 08:03:24 nimbus-eth1-mainnet-long-benchmark[3573364]: INF 2026-07-25 08:03:24.530+00:00 Imported blocks                            blockNumber=729089 slot=1 blocks=729088 txs=892466 mgas=33077 bps=5860 tps=12900 mgps=789.3 avgBps=12245 avgTps=14989 avgMGps=555.6 elapsed=59s537ms979us
Jul 25 08:03:27 nimbus-eth1-mainnet-long-benchmark[3573364]: INF 2026-07-25 08:03:27.178+00:00 Imported blocks                            blockNumber=737281 slot=1 blocks=737280 txs=932100 mgas=35490 bps=3091 tps=14956 mgps=910.6 avgBps=11855 avgTps=14988 avgMGps=570.7 elapsed=1m2s188ms
Jul 25 08:03:28 nimbus-eth1-mainnet-long-benchmark[3573364]: INF 2026-07-25 08:03:28.794+00:00 Imported blocks                            blockNumber=745473 slot=1 blocks=745472 txs=952352 mgas=36696 bps=5079 tps=12557 mgps=747.6 avgBps=11684 avgTps=14926 avgMGps=575.2 elapsed=1m3s800ms
Jul 25 08:03:30 nimbus-eth1-mainnet-long-benchmark[3573364]: INF 2026-07-25 08:03:30.150+00:00 Imported blocks                            blockNumber=753665 slot=1 blocks=753664 txs=969001 mgas=37610 bps=6041 tps=12278 mgps=674.3 avgBps=11566 avgTps=14871 avgMGps=577.2 elapsed=1m5s156ms
Jul 25 08:03:32 nimbus-eth1-mainnet-long-benchmark[3573364]: INF 2026-07-25 08:03:32.258+00:00 Imported blocks                            blockNumber=761857 slot=1 blocks=761856 txs=998451 mgas=39312 bps=3884 tps=13965 mgps=807.2 avgBps=11326 avgTps=14843 avgMGps=584.4 elapsed=1m7s265ms
Jul 25 08:03:33 nimbus-eth1-mainnet-long-benchmark[3573364]: INF 2026-07-25 08:03:33.926+00:00 Imported blocks                            blockNumber=770049 slot=1 blocks=770048 txs=1018377 mgas=40461 bps=4910 tps=11944 mgps=688.8 avgBps=11170 avgTps=14773 avgMGps=587.0 elapsed=1m8s933ms
Jul 25 08:03:35 nimbus-eth1-mainnet-long-benchmark[3573364]: INF 2026-07-25 08:03:35.922+00:00 Imported blocks                            blockNumber=778241 slot=1 blocks=778240 txs=1045962 mgas=42007 bps=4105 tps=13823 mgps=774.8 avgBps=10972 avgTps=14746 avgMGps=592.3 elapsed=1m10s929ms
Jul 25 08:03:36 nimbus-eth1-mainnet-long-benchmark[3573364]: INF 2026-07-25 08:03:36.898+00:00 Imported blocks                            blockNumber=786433 slot=1 blocks=786432 txs=1059766 mgas=42520 bps=8393 tps=14143 mgps=525.5 avgBps=10937 avgTps=14738 avgMGps=591.3 elapsed=1m11s905ms
Jul 25 08:03:38 nimbus-eth1-mainnet-long-benchmark[3573364]: INF 2026-07-25 08:03:38.062+00:00 Imported blocks                            blockNumber=794625 slot=1 blocks=794624 txs=1074004 mgas=43076 bps=7040 tps=12236 mgps=477.2 avgBps=10875 avgTps=14698 avgMGps=589.5 elapsed=1m13s68ms
Jul 25 08:03:39 nimbus-eth1-mainnet-long-benchmark[3573364]: INF 2026-07-25 08:03:39.566+00:00 Imported blocks                            blockNumber=802817 slot=1 blocks=802816 txs=1094940 mgas=44150 bps=5444 tps=13913 mgps=714.0 avgBps=10765 avgTps=14682 avgMGps=592.0 elapsed=1m14s573ms
Jul 25 08:03:42 nimbus-eth1-mainnet-long-benchmark[3573364]: INF 2026-07-25 08:03:42.050+00:00 Imported blocks                            blockNumber=811009 slot=1 blocks=811008 txs=1128040 mgas=46425 bps=3298 tps=13326 mgps=915.8 avgBps=10524 avgTps=14638 avgMGps=602.5 elapsed=1m17s57ms
Jul 25 08:03:43 nimbus-eth1-mainnet-long-benchmark[3573364]: INF 2026-07-25 08:03:43.558+00:00 Imported blocks                            blockNumber=819201 slot=1 blocks=819200 txs=1149098 mgas=47499 bps=5421 tps=13937 mgps=711.4 avgBps=10426 avgTps=14625 avgMGps=604.6 elapsed=1m18s568ms
Jul 25 08:03:45 nimbus-eth1-mainnet-long-benchmark[3573364]: INF 2026-07-25 08:03:45.046+00:00 Imported blocks                            blockNumber=827393 slot=1 blocks=827392 txs=1167043 mgas=48568 bps=5508 tps=12067 mgps=718.7 avgBps=10335 avgTps=14577 avgMGps=606.7 elapsed=1m20s55ms
Jul 25 08:03:46 nimbus-eth1-mainnet-long-benchmark[3573364]: INF 2026-07-25 08:03:46.258+00:00 Imported blocks                            blockNumber=835585 slot=1 blocks=835584 txs=1184008 mgas=49259 bps=6765 tps=14010 mgps=571.0 avgBps=10282 avgTps=14569 avgMGps=606.2 elapsed=1m21s266ms
Jul 25 08:03:48 nimbus-eth1-mainnet-long-benchmark[3573364]: INF 2026-07-25 08:03:48.022+00:00 Imported blocks                            blockNumber=843777 slot=1 blocks=843776 txs=1208787 mgas=50578 bps=4647 tps=14056 mgps=748.0 avgBps=10162 avgTps=14558 avgMGps=609.2 elapsed=1m23s29ms
Jul 25 08:03:49 nimbus-eth1-mainnet-long-benchmark[3573364]: INF 2026-07-25 08:03:49.290+00:00 Imported blocks                            blockNumber=851969 slot=1 blocks=851968 txs=1226124 mgas=51376 bps=6447 tps=13646 mgps=627.7 avgBps=10106 avgTps=14544 avgMGps=609.4 elapsed=1m24s299ms
Jul 25 08:03:50 nimbus-eth1-mainnet-long-benchmark[3573364]: INF 2026-07-25 08:03:50.278+00:00 Imported blocks                            blockNumber=860161 slot=1 blocks=860160 txs=1242345 mgas=52029 bps=8303 tps=16442 mgps=662.0 avgBps=10085 avgTps=14566 avgMGps=610.1 elapsed=1m25s286ms
Jul 25 08:03:51 nimbus-eth1-mainnet-long-benchmark[3573364]: INF 2026-07-25 08:03:51.166+00:00 Imported blocks                            blockNumber=868353 slot=1 blocks=868352 txs=1259759 mgas=52696 bps=9215 tps=19589 mgps=751.2 avgBps=10076 avgTps=14618 avgMGps=611.5 elapsed=1m26s175ms
Jul 25 08:03:52 nimbus-eth1-mainnet-long-benchmark[3573364]: INF 2026-07-25 08:03:52.318+00:00 Imported blocks                            blockNumber=876545 slot=1 blocks=876544 txs=1280633 mgas=53694 bps=7107 tps=18110 mgps=865.2 avgBps=10037 avgTps=14664 avgMGps=614.9 elapsed=1m27s327ms
Jul 25 08:03:53 nimbus-eth1-mainnet-long-benchmark[3573364]: INF 2026-07-25 08:03:53.238+00:00 Imported blocks                            blockNumber=884737 slot=1 blocks=884736 txs=1299189 mgas=54296 bps=8924 tps=20215 mgps=656.9 avgBps=10025 avgTps=14722 avgMGps=615.3 elapsed=1m28s245ms
Jul 25 08:03:54 nimbus-eth1-mainnet-long-benchmark[3573364]: INF 2026-07-25 08:03:54.262+00:00 Imported blocks                            blockNumber=892929 slot=1 blocks=892928 txs=1319377 mgas=55043 bps=7990 tps=19692 mgps=728.2 avgBps=10002 avgTps=14779 avgMGps=616.6 elapsed=1m29s270ms
Jul 25 08:03:55 nimbus-eth1-mainnet-long-benchmark[3573364]: INF 2026-07-25 08:03:55.266+00:00 Imported blocks                            blockNumber=901121 slot=1 blocks=901120 txs=1340105 mgas=55749 bps=8159 tps=20646 mgps=703.0 avgBps=9981 avgTps=14844 avgMGps=617.6 elapsed=1m30s274ms
Jul 25 08:03:56 nimbus-eth1-mainnet-long-benchmark[3573364]: INF 2026-07-25 08:03:56.622+00:00 Imported blocks                            blockNumber=909313 slot=1 blocks=909312 txs=1368963 mgas=56961 bps=6039 tps=21275 mgps=893.7 avgBps=9923 avgTps=14939 avgMGps=621.6 elapsed=1m31s630ms
Jul 25 08:03:58 nimbus-eth1-mainnet-long-benchmark[3573364]: INF 2026-07-25 08:03:58.178+00:00 Imported blocks                            blockNumber=917505 slot=1 blocks=917504 txs=1398413 mgas=58411 bps=5273 tps=18957 mgps=933.4 avgBps=9846 avgTps=15006 avgMGps=626.8 elapsed=1m33s184ms
Jul 25 08:03:59 nimbus-eth1-mainnet-long-benchmark[3573364]: INF 2026-07-25 08:03:59.562+00:00 Imported blocks                            blockNumber=925697 slot=1 blocks=925696 txs=1424269 mgas=59481 bps=5903 tps=18631 mgps=771.1 avgBps=9788 avgTps=15060 avgMGps=629.0 elapsed=1m34s572ms
Jul 25 08:04:00 nimbus-eth1-mainnet-long-benchmark[3573364]: INF 2026-07-25 08:04:00.738+00:00 Imported blocks                            blockNumber=933889 slot=1 blocks=933888 txs=1448025 mgas=60401 bps=6971 tps=20216 mgps=782.9 avgBps=9753 avgTps=15123 avgMGps=630.8 elapsed=1m35s747ms
Jul 25 08:04:01 nimbus-eth1-mainnet-long-benchmark[3573364]: INF 2026-07-25 08:04:01.858+00:00 Imported blocks                            blockNumber=942081 slot=1 blocks=942080 txs=1472415 mgas=61182 bps=7323 tps=21805 mgps=698.0 avgBps=9725 avgTps=15200 avgMGps=631.6 elapsed=1m36s865ms
Jul 25 08:04:02 nimbus-eth1-mainnet-long-benchmark[3573364]: INF 2026-07-25 08:04:02.850+00:00 Imported blocks                            blockNumber=950273 slot=1 blocks=950272 txs=1494733 mgas=61907 bps=8239 tps=22448 mgps=729.0 avgBps=9710 avgTps=15274 avgMGps=632.6 elapsed=1m37s859ms
Jul 25 08:04:03 nimbus-eth1-mainnet-long-benchmark[3573364]: INF 2026-07-25 08:04:03.962+00:00 Imported blocks                            blockNumber=958465 slot=1 blocks=958464 txs=1518589 mgas=62731 bps=7366 tps=21451 mgps=740.9 avgBps=9684 avgTps=15343 avgMGps=633.8 elapsed=1m38s972ms
Jul 25 08:04:05 nimbus-eth1-mainnet-long-benchmark[3573364]: INF 2026-07-25 08:04:05.694+00:00 Imported blocks                            blockNumber=966657 slot=1 blocks=966656 txs=1558557 mgas=64518 bps=4737 tps=23115 mgps=1034 avgBps=9599 avgTps=15477 avgMGps=640.7 elapsed=1m40s701ms
Jul 25 08:04:06 nimbus-eth1-mainnet-long-benchmark[3573364]: INF 2026-07-25 08:04:06.826+00:00 Imported blocks                            blockNumber=974849 slot=1 blocks=974848 txs=1583432 mgas=65302 bps=7232 tps=21961 mgps=691.6 avgBps=9572 avgTps=15549 avgMGps=641.3 elapsed=1m41s833ms
Jul 25 08:04:07 nimbus-eth1-mainnet-long-benchmark[3573364]: INF 2026-07-25 08:04:07.938+00:00 Imported blocks                            blockNumber=983041 slot=1 blocks=983040 txs=1608991 mgas=66060 bps=7349 tps=22931 mgps=680.2 avgBps=9548 avgTps=15629 avgMGps=641.7 elapsed=1m42s948ms
Jul 25 08:04:09 nimbus-eth1-mainnet-long-benchmark[3573364]: INF 2026-07-25 08:04:09.162+00:00 Imported blocks                            blockNumber=991233 slot=1 blocks=991232 txs=1641760 mgas=67056 bps=6711 tps=26846 mgps=816.3 avgBps=9515 avgTps=15760 avgMGps=643.7 elapsed=1m44s168ms
Jul 25 08:04:10 nimbus-eth1-mainnet-long-benchmark[3573364]: INF 2026-07-25 08:04:10.382+00:00 Imported blocks                            blockNumber=999425 slot=1 blocks=999424 txs=1671013 mgas=68012 bps=6696 tps=23912 mgps=781.1 avgBps=9482 avgTps=15855 avgMGps=645.3 elapsed=1m45s392ms
Jul 25 08:04:11 nimbus-eth1-mainnet-long-benchmark[3573364]: INF 2026-07-25 08:04:11.542+00:00 Imported blocks                            blockNumber=1007617 slot=1 blocks=1007616 txs=1699792 mgas=68886 bps=7077 tps=24865 mgps=755.7 avgBps=9456 avgTps=15953 avgMGps=646.5 elapsed=1m46s549ms
Jul 25 08:04:12 nimbus-eth1-mainnet-long-benchmark[3573364]: INF 2026-07-25 08:04:12.702+00:00 Imported blocks                            blockNumber=1015809 slot=1 blocks=1015808 txs=1728432 mgas=69831 bps=7045 tps=24633 mgps=812.1 avgBps=9430 avgTps=16046 avgMGps=648.3 elapsed=1m47s712ms
Jul 25 08:04:14 nimbus-eth1-mainnet-long-benchmark[3573364]: INF 2026-07-25 08:04:14.018+00:00 Imported blocks                            blockNumber=1024001 slot=1 blocks=1024000 txs=1759024 mgas=70908 bps=6242 tps=23310 mgps=820.7 avgBps=9392 avgTps=16134 avgMGps=650.4 elapsed=1m49s24ms
Jul 25 08:04:15 nimbus-eth1-mainnet-long-benchmark[3573364]: INF 2026-07-25 08:04:15.186+00:00 Imported blocks                            blockNumber=1032193 slot=1 blocks=1032192 txs=1789591 mgas=71933 bps=7012 tps=26164 mgps=877.9 avgBps=9367 avgTps=16240 avgMGps=652.8 elapsed=1m50s192ms
Jul 25 08:04:16 nimbus-eth1-mainnet-long-benchmark[3573364]: INF 2026-07-25 08:04:16.330+00:00 Imported blocks                            blockNumber=1040385 slot=1 blocks=1040384 txs=1816352 mgas=72718 bps=7161 tps=23393 mgps=685.8 avgBps=9344 avgTps=16314 avgMGps=653.1 elapsed=1m51s336ms
Jul 25 08:04:17 nimbus-eth1-mainnet-long-benchmark[3573364]: INF 2026-07-25 08:04:17.558+00:00 Imported blocks                            blockNumber=1048577 slot=1 blocks=1048576 txs=1845167 mgas=74594 bps=6669 tps=23460 mgps=1527 avgBps=9315 avgTps=16391 avgMGps=662.7 elapsed=1m52s565ms
Jul 25 08:04:18 nimbus-eth1-mainnet-long-benchmark[3573364]: INF 2026-07-25 08:04:18.714+00:00 Imported blocks                            blockNumber=1056769 slot=1 blocks=1056768 txs=1876795 mgas=75843 bps=7076 tps=27321 mgps=1078 avgBps=9292 avgTps=16503 avgMGps=666.9 elapsed=1m53s722ms
Jul 25 08:04:20 nimbus-eth1-mainnet-long-benchmark[3573364]: INF 2026-07-25 08:04:20.002+00:00 Imported blocks                            blockNumber=1064961 slot=1 blocks=1064960 txs=1909553 mgas=77145 bps=6365 tps=25452 mgps=1011 avgBps=9259 avgTps=16603 avgMGps=670.8 elapsed=1m55s9ms
Jul 25 08:04:21 nimbus-eth1-mainnet-long-benchmark[3573364]: INF 2026-07-25 08:04:21.161+00:00 Imported blocks                            blockNumber=1073153 slot=1 blocks=1073152 txs=1940514 mgas=78003 bps=7054 tps=26663 mgps=738.5 avgBps=9237 avgTps=16703 avgMGps=671.5 elapsed=1m56s170ms
Jul 25 08:04:22 nimbus-eth1-mainnet-long-benchmark[3573364]: INF 2026-07-25 08:04:22.377+00:00 Imported blocks                            blockNumber=1081345 slot=1 blocks=1081344 txs=1974016 mgas=78952 bps=6745 tps=27585 mgps=781.9 avgBps=9211 avgTps=16816 avgMGps=672.6 elapsed=1m57s385ms
Jul 25 08:04:23 nimbus-eth1-mainnet-long-benchmark[3573364]: INF 2026-07-25 08:04:23.649+00:00 Imported blocks                            blockNumber=1089537 slot=1 blocks=1089536 txs=2011137 mgas=79948 bps=6427 tps=29125 mgps=781.0 avgBps=9182 avgTps=16948 avgMGps=673.8 elapsed=1m58s659ms
Jul 25 08:04:24 nimbus-eth1-mainnet-long-benchmark[3573364]: INF 2026-07-25 08:04:24.957+00:00 Imported blocks                            blockNumber=1097729 slot=1 blocks=1097728 txs=2051252 mgas=81029 bps=6267 tps=30692 mgps=827.5 avgBps=9150 avgTps=17098 avgMGps=675.4 elapsed=1m59s966ms
Jul 25 08:04:26 nimbus-eth1-mainnet-long-benchmark[3573364]: INF 2026-07-25 08:04:26.349+00:00 Imported blocks                            blockNumber=1105921 slot=1 blocks=1105920 txs=2094052 mgas=82283 bps=5882 tps=30733 mgps=900.2 avgBps=9112 avgTps=17254 avgMGps=678.0 elapsed=2m1s359ms
Jul 25 08:04:27 nimbus-eth1-mainnet-long-benchmark[3573364]: INF 2026-07-25 08:04:27.677+00:00 Imported blocks                            blockNumber=1114113 slot=1 blocks=1114112 txs=2135719 mgas=83519 bps=6183 tps=31450 mgps=932.6 avgBps=9081 avgTps=17408 avgMGps=680.8 elapsed=2m2s684ms
Jul 25 08:04:28 nimbus-eth1-mainnet-long-benchmark[3573364]: INF 2026-07-25 08:04:28.997+00:00 Imported blocks                            blockNumber=1122305 slot=1 blocks=1122304 txs=2174597 mgas=84660 bps=6204 tps=29445 mgps=864.5 avgBps=9050 avgTps=17536 avgMGps=682.7 elapsed=2m4s4ms
Jul 25 08:04:30 nimbus-eth1-mainnet-long-benchmark[3573364]: INF 2026-07-25 08:04:30.321+00:00 Imported blocks                            blockNumber=1130497 slot=1 blocks=1130496 txs=2216135 mgas=85863 bps=6173 tps=31303 mgps=906.4 avgBps=9020 avgTps=17682 avgMGps=685.1 elapsed=2m5s331ms
Jul 25 08:04:31 nimbus-eth1-mainnet-long-benchmark[3573364]: INF 2026-07-25 08:04:31.545+00:00 Imported blocks                            blockNumber=1138689 slot=1 blocks=1138688 txs=2256039 mgas=86965 bps=6694 tps=32611 mgps=900.3 avgBps=8997 avgTps=17826 avgMGps=687.2 elapsed=2m6s555ms
Jul 25 08:04:32 nimbus-eth1-mainnet-long-benchmark[3573364]: INF 2026-07-25 08:04:32.877+00:00 Imported blocks                            blockNumber=1146881 slot=1 blocks=1146880 txs=2300260 mgas=88305 bps=6146 tps=33178 mgps=1005 avgBps=8967 avgTps=17986 avgMGps=690.5 elapsed=2m7s888ms
Jul 25 08:04:34 nimbus-eth1-mainnet-long-benchmark[3573364]: INF 2026-07-25 08:04:34.277+00:00 Imported blocks                            blockNumber=1155073 slot=1 blocks=1155072 txs=2343788 mgas=89688 bps=5862 tps=31152 mgps=990.2 avgBps=8934 avgTps=18128 avgMGps=693.7 elapsed=2m9s285ms
Jul 25 08:04:35 nimbus-eth1-mainnet-long-benchmark[3573364]: INF 2026-07-25 08:04:35.533+00:00 Imported blocks                            blockNumber=1163265 slot=1 blocks=1163264 txs=2381940 mgas=90935 bps=6521 tps=30370 mgps=992.4 avgBps=8911 avgTps=18246 avgMGps=696.6 elapsed=2m10s541ms
Jul 25 08:04:36 nimbus-eth1-mainnet-long-benchmark[3573364]: INF 2026-07-25 08:04:36.981+00:00 Imported blocks                            blockNumber=1171457 slot=1 blocks=1171456 txs=2426884 mgas=92310 bps=5659 tps=31049 mgps=949.9 avgBps=8875 avgTps=18386 avgMGps=699.4 elapsed=2m11s989ms
Jul 25 08:04:38 nimbus-eth1-mainnet-long-benchmark[3573364]: INF 2026-07-25 08:04:38.445+00:00 Imported blocks                            blockNumber=1179649 slot=1 blocks=1179648 txs=2473126 mgas=93885 bps=5590 tps=31558 mgps=1074 avgBps=8839 avgTps=18531 avgMGps=703.5 elapsed=2m13s454ms
Jul 25 08:04:39 nimbus-eth1-mainnet-long-benchmark[3573364]: INF 2026-07-25 08:04:39.853+00:00 Imported blocks                            blockNumber=1187841 slot=1 blocks=1187840 txs=2517649 mgas=95408 bps=5812 tps=31588 mgps=1080 avgBps=8807 avgTps=18668 avgMGps=707.4 elapsed=2m14s863ms
Jul 25 08:04:41 nimbus-eth1-mainnet-long-benchmark[3573364]: INF 2026-07-25 08:04:41.501+00:00 Imported blocks                            blockNumber=1196033 slot=1 blocks=1196032 txs=2561243 mgas=96937 bps=4979 tps=26497 mgps=929.7 avgBps=8761 avgTps=18762 avgMGps=710.1 elapsed=2m16s509ms
Jul 25 08:04:42 nimbus-eth1-mainnet-long-benchmark[3573364]: INF 2026-07-25 08:04:42.949+00:00 Imported blocks                            blockNumber=1204225 slot=1 blocks=1204224 txs=2602502 mgas=98390 bps=5650 tps=28456 mgps=1001 avgBps=8728 avgTps=18864 avgMGps=713.2 elapsed=2m17s958ms
Jul 25 08:04:44 nimbus-eth1-mainnet-long-benchmark[3573364]: INF 2026-07-25 08:04:44.945+00:00 Imported blocks                            blockNumber=1212417 slot=1 blocks=1212416 txs=2655425 mgas=100693 bps=4109 tps=26546 mgps=1155 avgBps=8663 avgTps=18973 avgMGps=719.5 elapsed=2m19s952ms
Jul 25 08:04:46 nimbus-eth1-mainnet-long-benchmark[3573364]: INF 2026-07-25 08:04:46.493+00:00 Imported blocks                            blockNumber=1220609 slot=1 blocks=1220608 txs=2702130 mgas=102256 bps=5288 tps=30152 mgps=1009 avgBps=8626 avgTps=19096 avgMGps=722.7 elapsed=2m21s501ms
Jul 25 08:04:48 nimbus-eth1-mainnet-long-benchmark[3573364]: INF 2026-07-25 08:04:48.081+00:00 Imported blocks                            blockNumber=1228801 slot=1 blocks=1228800 txs=2748253 mgas=103771 bps=5151 tps=29001 mgps=952.1 avgBps=8587 avgTps=19206 avgMGps=725.2 elapsed=2m23s91ms
Jul 25 08:04:49 nimbus-eth1-mainnet-long-benchmark[3573364]: INF 2026-07-25 08:04:49.657+00:00 Imported blocks                            blockNumber=1236993 slot=1 blocks=1236992 txs=2791299 mgas=105229 bps=5201 tps=27333 mgps=926.1 avgBps=8550 avgTps=19294 avgMGps=727.4 elapsed=2m24s666ms
Jul 25 08:04:51 nimbus-eth1-mainnet-long-benchmark[3573364]: INF 2026-07-25 08:04:51.353+00:00 Imported blocks                            blockNumber=1245185 slot=1 blocks=1245184 txs=2840798 mgas=106888 bps=4836 tps=29224 mgps=979.4 avgBps=8507 avgTps=19409 avgMGps=730.3 elapsed=2m26s360ms
Jul 25 08:04:52 nimbus-eth1-mainnet-long-benchmark[3573364]: INF 2026-07-25 08:04:52.733+00:00 Imported blocks                            blockNumber=1253377 slot=1 blocks=1253376 txs=2887052 mgas=108404 bps=5933 tps=33501 mgps=1098 avgBps=8483 avgTps=19541 avgMGps=733.7 elapsed=2m27s741ms
Jul 25 08:04:54 nimbus-eth1-mainnet-long-benchmark[3573364]: INF 2026-07-25 08:04:54.281+00:00 Imported blocks                            blockNumber=1261569 slot=1 blocks=1261568 txs=2929370 mgas=109732 bps=5283 tps=27290 mgps=856.5 avgBps=8450 avgTps=19621 avgMGps=735.0 elapsed=2m29s291ms
Jul 25 08:04:55 nimbus-eth1-mainnet-long-benchmark[3573364]: INF 2026-07-25 08:04:55.569+00:00 Imported blocks                            blockNumber=1269761 slot=1 blocks=1269760 txs=2969391 mgas=110811 bps=6359 tps=31069 mgps=837.1 avgBps=8432 avgTps=19719 avgMGps=735.9 elapsed=2m30s579ms
Jul 25 08:04:57 nimbus-eth1-mainnet-long-benchmark[3573364]: INF 2026-07-25 08:04:57.181+00:00 Imported blocks                            blockNumber=1277953 slot=1 blocks=1277952 txs=3015756 mgas=112246 bps=5084 tps=28776 mgps=890.6 avgBps=8397 avgTps=19815 avgMGps=737.5 elapsed=2m32s191ms
Jul 25 08:04:58 nimbus-eth1-mainnet-long-benchmark[3573364]: INF 2026-07-25 08:04:58.857+00:00 Imported blocks                            blockNumber=1286145 slot=1 blocks=1286144 txs=3066597 mgas=113837 bps=4890 tps=30348 mgps=949.9 avgBps=8358 avgTps=19930 avgMGps=739.8 elapsed=2m33s866ms
Jul 25 08:05:00 nimbus-eth1-mainnet-long-benchmark[3573364]: INF 2026-07-25 08:05:00.265+00:00 Imported blocks                            blockNumber=1294337 slot=1 blocks=1294336 txs=3108096 mgas=115109 bps=5824 tps=29506 mgps=904.2 avgBps=8335 avgTps=20016 avgMGps=741.3 elapsed=2m35s272ms
Jul 25 08:05:01 nimbus-eth1-mainnet-long-benchmark[3573364]: INF 2026-07-25 08:05:01.937+00:00 Imported blocks                            blockNumber=1302529 slot=1 blocks=1302528 txs=3155729 mgas=116621 bps=4898 tps=28482 mgps=904.3 avgBps=8299 avgTps=20107 avgMGps=743.1 elapsed=2m36s945ms
Jul 25 08:05:03 nimbus-eth1-mainnet-long-benchmark[3573364]: INF 2026-07-25 08:05:03.305+00:00 Imported blocks                            blockNumber=1310721 slot=1 blocks=1310720 txs=3198370 mgas=117785 bps=5975 tps=31104 mgps=849.4 avgBps=8279 avgTps=20202 avgMGps=744.0 elapsed=2m38s316ms
Jul 25 08:05:04 nimbus-eth1-mainnet-long-benchmark[3573364]: INF 2026-07-25 08:05:04.617+00:00 Imported blocks                            blockNumber=1318913 slot=1 blocks=1318912 txs=3240980 mgas=118922 bps=6248 tps=32502 mgps=867.4 avgBps=8262 avgTps=20303 avgMGps=745.0 elapsed=2m39s627ms
Jul 25 08:05:06 nimbus-eth1-mainnet-long-benchmark[3573364]: INF 2026-07-25 08:05:06.133+00:00 Imported blocks                            blockNumber=1327105 slot=1 blocks=1327104 txs=3286540 mgas=120280 bps=5398 tps=30025 mgps=894.9 avgBps=8235 avgTps=20394 avgMGps=746.4 elapsed=2m41s144ms
Jul 25 08:05:07 nimbus-eth1-mainnet-long-benchmark[3573364]: INF 2026-07-25 08:05:07.673+00:00 Imported blocks                            blockNumber=1335297 slot=1 blocks=1335296 txs=3336909 mgas=122062 bps=5331 tps=32782 mgps=1159 avgBps=8208 avgTps=20511 avgMGps=750.3 elapsed=2m42s680ms
Jul 25 08:05:09 nimbus-eth1-mainnet-long-benchmark[3573364]: INF 2026-07-25 08:05:09.073+00:00 Imported blocks                            blockNumber=1343489 slot=1 blocks=1343488 txs=3382130 mgas=123272 bps=5840 tps=32239 mgps=862.3 avgBps=8187 avgTps=20612 avgMGps=751.3 elapsed=2m44s83ms
Jul 25 08:05:10 nimbus-eth1-mainnet-long-benchmark[3573364]: INF 2026-07-25 08:05:10.489+00:00 Imported blocks                            blockNumber=1351681 slot=1 blocks=1351680 txs=3426145 mgas=124479 bps=5791 tps=31119 mgps=853.3 avgBps=8167 avgTps=20702 avgMGps=752.1 elapsed=2m45s497ms
Jul 25 08:05:11 nimbus-eth1-mainnet-long-benchmark[3573364]: INF 2026-07-25 08:05:11.829+00:00 Imported blocks                            blockNumber=1359873 slot=1 blocks=1359872 txs=3481033 mgas=126070 bps=6117 tps=40989 mgps=1188 avgBps=8150 avgTps=20864 avgMGps=755.7 elapsed=2m46s837ms
Jul 25 08:05:13 nimbus-eth1-mainnet-long-benchmark[3573364]: INF 2026-07-25 08:05:13.253+00:00 Imported blocks                            blockNumber=1368065 slot=1 blocks=1368064 txs=3524429 mgas=127255 bps=5750 tps=30465 mgps=831.8 avgBps=8130 avgTps=20946 avgMGps=756.3 elapsed=2m48s261ms
Jul 25 08:05:14 nimbus-eth1-mainnet-long-benchmark[3573364]: INF 2026-07-25 08:05:14.849+00:00 Imported blocks                            blockNumber=1376257 slot=1 blocks=1376256 txs=3573305 mgas=128848 bps=5127 tps=30593 mgps=997.2 avgBps=8102 avgTps=21036 avgMGps=758.6 elapsed=2m49s859ms
Jul 25 08:05:16 nimbus-eth1-mainnet-long-benchmark[3573364]: INF 2026-07-25 08:05:16.201+00:00 Imported blocks                            blockNumber=1384449 slot=1 blocks=1384448 txs=3618448 mgas=130288 bps=6070 tps=33454 mgps=1066 avgBps=8086 avgTps=21134 avgMGps=761.0 elapsed=2m51s208ms
Jul 25 08:05:17 nimbus-eth1-mainnet-long-benchmark[3573364]: INF 2026-07-25 08:05:17.525+00:00 Imported blocks                            blockNumber=1392641 slot=1 blocks=1392640 txs=3659789 mgas=131406 bps=6171 tps=31145 mgps=842.6 avgBps=8071 avgTps=21211 avgMGps=761.6 elapsed=2m52s535ms
Jul 25 08:05:18 nimbus-eth1-mainnet-long-benchmark[3573364]: INF 2026-07-25 08:05:18.989+00:00 Imported blocks                            blockNumber=1400833 slot=1 blocks=1400832 txs=3705329 mgas=132735 bps=5601 tps=31137 mgps=908.8 avgBps=8050 avgTps=21295 avgMGps=762.9 elapsed=2m53s998ms
Jul 25 08:05:20 nimbus-eth1-mainnet-long-benchmark[3573364]: INF 2026-07-25 08:05:20.557+00:00 Imported blocks                            blockNumber=1409025 slot=1 blocks=1409024 txs=3754433 mgas=134221 bps=5228 tps=31342 mgps=948.1 avgBps=8025 avgTps=21384 avgMGps=764.5 elapsed=2m55s565ms
Jul 25 08:05:21 nimbus-eth1-mainnet-long-benchmark[3573364]: INF 2026-07-25 08:05:21.965+00:00 Imported blocks                            blockNumber=1417217 slot=1 blocks=1417216 txs=3798456 mgas=135447 bps=5819 tps=31275 mgps=870.9 avgBps=8008 avgTps=21463 avgMGps=765.4 elapsed=2m56s972ms
Jul 25 08:05:23 nimbus-eth1-mainnet-long-benchmark[3573364]: INF 2026-07-25 08:05:23.540+00:00 Imported blocks                            blockNumber=1425409 slot=1 blocks=1425408 txs=3848342 mgas=136897 bps=5186 tps=31584 mgps=918.5 avgBps=7983 avgTps=21553 avgMGps=766.7 elapsed=2m58s552ms
Jul 25 08:05:25 nimbus-eth1-mainnet-long-benchmark[3573364]: INF 2026-07-25 08:05:25.220+00:00 Imported blocks                            blockNumber=1433601 slot=1 blocks=1433600 txs=3905011 mgas=138579 bps=4884 tps=33789 mgps=1002 avgBps=7954 avgTps=21666 avgMGps=768.9 elapsed=3m229ms170us
Jul 25 08:05:26 nimbus-eth1-mainnet-long-benchmark[3573364]: INF 2026-07-25 08:05:26.936+00:00 Imported blocks                            blockNumber=1441793 slot=1 blocks=1441792 txs=3959646 mgas=140526 bps=4766 tps=31788 mgps=1132 avgBps=7924 avgTps=21762 avgMGps=772.3 elapsed=3m1s947ms
Jul 25 08:05:28 nimbus-eth1-mainnet-long-benchmark[3573364]: INF 2026-07-25 08:05:28.524+00:00 Imported blocks                            blockNumber=1449985 slot=1 blocks=1449984 txs=4016331 mgas=142151 bps=5163 tps=35730 mgps=1024 avgBps=7900 avgTps=21883 avgMGps=774.5 elapsed=3m3s534ms
Jul 25 08:05:30 nimbus-eth1-mainnet-long-benchmark[3573364]: INF 2026-07-25 08:05:30.144+00:00 Imported blocks                            blockNumber=1458177 slot=1 blocks=1458176 txs=4066527 mgas=143764 bps=5060 tps=31006 mgps=996.6 avgBps=7875 avgTps=21963 avgMGps=776.5 elapsed=3m5s153ms
Jul 25 08:05:32 nimbus-eth1-mainnet-long-benchmark[3573364]: INF 2026-07-25 08:05:32.424+00:00 Imported blocks                            blockNumber=1466369 slot=1 blocks=1466368 txs=4121420 mgas=146004 bps=3590 tps=24062 mgps=982.0 avgBps=7823 avgTps=21988 avgMGps=779.0 elapsed=3m7s434ms
Jul 25 08:05:34 nimbus-eth1-mainnet-long-benchmark[3573364]: INF 2026-07-25 08:05:33.996+00:00 Imported blocks                            blockNumber=1474561 slot=1 blocks=1474560 txs=4173520 mgas=147488 bps=5214 tps=33162 mgps=944.5 avgBps=7801 avgTps=22081 avgMGps=780.3 elapsed=3m9s5ms
Jul 25 08:05:35 nimbus-eth1-mainnet-long-benchmark[3573364]: INF 2026-07-25 08:05:35.724+00:00 Imported blocks                            blockNumber=1482753 slot=1 blocks=1482752 txs=4224800 mgas=149075 bps=4741 tps=29683 mgps=918.6 avgBps=7773 avgTps=22150 avgMGps=781.6 elapsed=3m10s733ms
Jul 25 08:05:37 nimbus-eth1-mainnet-long-benchmark[3573364]: INF 2026-07-25 08:05:37.308+00:00 Imported blocks                            blockNumber=1490945 slot=1 blocks=1490944 txs=4281655 mgas=150750 bps=5165 tps=35849 mgps=1055 avgBps=7752 avgTps=22263 avgMGps=783.9 elapsed=3m12s319ms
Jul 25 08:05:38 nimbus-eth1-mainnet-long-benchmark[3573364]: INF 2026-07-25 08:05:38.908+00:00 Imported blocks                            blockNumber=1499137 slot=1 blocks=1499136 txs=4334037 mgas=152478 bps=5116 tps=32716 mgps=1079 avgBps=7730 avgTps=22349 avgMGps=786.3 elapsed=3m13s920ms
Jul 25 08:05:40 nimbus-eth1-mainnet-long-benchmark[3573364]: INF 2026-07-25 08:05:40.932+00:00 Imported blocks                            blockNumber=1507329 slot=1 blocks=1507328 txs=4394073 mgas=154617 bps=4051 tps=29695 mgps=1057 avgBps=7692 avgTps=22425 avgMGps=789.1 elapsed=3m15s941ms
Jul 25 08:05:43 nimbus-eth1-mainnet-long-benchmark[3573364]: INF 2026-07-25 08:05:43.028+00:00 Imported blocks                            blockNumber=1515521 slot=1 blocks=1515520 txs=4463341 mgas=157058 bps=3907 tps=33044 mgps=1164 avgBps=7652 avgTps=22537 avgMGps=793.1 elapsed=3m18s38ms
Jul 25 08:05:44 nimbus-eth1-mainnet-long-benchmark[3573364]: INF 2026-07-25 08:05:44.884+00:00 Imported blocks                            blockNumber=1523713 slot=1 blocks=1523712 txs=4519855 mgas=158891 bps=4415 tps=30457 mgps=987.4 avgBps=7622 avgTps=22611 avgMGps=794.9 elapsed=3m19s893ms
Jul 25 08:05:46 nimbus-eth1-mainnet-long-benchmark[3573364]: INF 2026-07-25 08:05:46.732+00:00 Imported blocks                            blockNumber=1531905 slot=1 blocks=1531904 txs=4570979 mgas=160622 bps=4435 tps=27680 mgps=937.7 avgBps=7593 avgTps=22657 avgMGps=796.2 elapsed=3m21s740ms
Jul 25 08:05:48 nimbus-eth1-mainnet-long-benchmark[3573364]: INF 2026-07-25 08:05:48.568+00:00 Imported blocks                            blockNumber=1540097 slot=1 blocks=1540096 txs=4629733 mgas=162534 bps=4461 tps=32000 mgps=1041 avgBps=7565 avgTps=22741 avgMGps=798.4 elapsed=3m23s576ms
Jul 25 08:05:50 nimbus-eth1-mainnet-long-benchmark[3573364]: INF 2026-07-25 08:05:50.328+00:00 Imported blocks                            blockNumber=1548289 slot=1 blocks=1548288 txs=4691162 mgas=164522 bps=4646 tps=34842 mgps=1127 avgBps=7540 avgTps=22845 avgMGps=801.2 elapsed=3m25s339ms
Jul 25 08:05:52 nimbus-eth1-mainnet-long-benchmark[3573364]: INF 2026-07-25 08:05:52.172+00:00 Imported blocks                            blockNumber=1556481 slot=1 blocks=1556480 txs=4751792 mgas=166882 bps=4443 tps=32890 mgps=1280 avgBps=7512 avgTps=22935 avgMGps=805.5 elapsed=3m27s183ms
Jul 25 08:05:53 nimbus-eth1-mainnet-long-benchmark[3573364]: INF 2026-07-25 08:05:53.944+00:00 Imported blocks                            blockNumber=1564673 slot=1 blocks=1564672 txs=4808773 mgas=168702 bps=4620 tps=32142 mgps=1026 avgBps=7488 avgTps=23013 avgMGps=807.4 elapsed=3m28s955ms
Jul 25 08:05:55 nimbus-eth1-mainnet-long-benchmark[3573364]: INF 2026-07-25 08:05:55.568+00:00 Imported blocks                            blockNumber=1572865 slot=1 blocks=1572864 txs=4865267 mgas=170479 bps=5051 tps=34839 mgps=1095 avgBps=7469 avgTps=23104 avgMGps=809.6 elapsed=3m30s577ms
Jul 25 08:05:57 nimbus-eth1-mainnet-long-benchmark[3573364]: INF 2026-07-25 08:05:57.212+00:00 Imported blocks                            blockNumber=1581057 slot=1 blocks=1581056 txs=4924309 mgas=172215 bps=4977 tps=35877 mgps=1054 avgBps=7449 avgTps=23203 avgMGps=811.5 elapsed=3m32s223ms
Jul 25 08:05:59 nimbus-eth1-mainnet-long-benchmark[3573364]: INF 2026-07-25 08:05:59.284+00:00 Imported blocks                            blockNumber=1589249 slot=1 blocks=1589248 txs=4993282 mgas=174387 bps=3954 tps=33299 mgps=1048 avgBps=7416 avgTps=23301 avgMGps=813.8 elapsed=3m34s294ms
Jul 25 08:06:01 nimbus-eth1-mainnet-long-benchmark[3573364]: INF 2026-07-25 08:06:01.164+00:00 Imported blocks                            blockNumber=1597441 slot=1 blocks=1597440 txs=5057588 mgas=176580 bps=4360 tps=34233 mgps=1167 avgBps=7389 avgTps=23396 avgMGps=816.8 elapsed=3m36s172ms
Jul 25 08:06:03 nimbus-eth1-mainnet-long-benchmark[3573364]: INF 2026-07-25 08:06:03.796+00:00 Imported blocks                            blockNumber=1605633 slot=1 blocks=1605632 txs=5144257 mgas=180073 bps=3110 tps=32904 mgps=1326 avgBps=7338 avgTps=23510 avgMGps=823.0 elapsed=3m38s806ms
Jul 25 08:06:05 nimbus-eth1-mainnet-long-benchmark[3573364]: INF 2026-07-25 08:06:05.788+00:00 Imported blocks                            blockNumber=1613825 slot=1 blocks=1613824 txs=5206369 mgas=182227 bps=4115 tps=31203 mgps=1082 avgBps=7309 avgTps=23579 avgMGps=825.3 elapsed=3m40s797ms
Jul 25 08:06:07 nimbus-eth1-mainnet-long-benchmark[3573364]: INF 2026-07-25 08:06:07.528+00:00 Imported blocks                            blockNumber=1622017 slot=1 blocks=1622016 txs=5266487 mgas=184142 bps=4705 tps=34531 mgps=1099 avgBps=7288 avgTps=23665 avgMGps=827.5 elapsed=3m42s538ms
Jul 25 08:06:09 nimbus-eth1-mainnet-long-benchmark[3573364]: INF 2026-07-25 08:06:09.252+00:00 Imported blocks                            blockNumber=1630209 slot=1 blocks=1630208 txs=5319900 mgas=185883 bps=4751 tps=30979 mgps=1009 avgBps=7269 avgTps=23721 avgMGps=828.9 elapsed=3m44s262ms
Jul 25 08:06:10 nimbus-eth1-mainnet-long-benchmark[3573364]: INF 2026-07-25 08:06:10.904+00:00 Imported blocks                            blockNumber=1638401 slot=1 blocks=1638400 txs=5376656 mgas=187517 bps=4963 tps=34387 mgps=989.9 avgBps=7252 avgTps=23799 avgMGps=830.0 elapsed=3m45s912ms
Jul 25 08:06:12 nimbus-eth1-mainnet-long-benchmark[3573364]: INF 2026-07-25 08:06:12.420+00:00 Imported blocks                            blockNumber=1646593 slot=1 blocks=1646592 txs=5427002 mgas=188969 bps=5402 tps=33201 mgps=957.9 avgBps=7240 avgTps=23862 avgMGps=830.9 elapsed=3m47s429ms
Jul 25 08:06:14 nimbus-eth1-mainnet-long-benchmark[3573364]: INF 2026-07-25 08:06:14.000+00:00 Imported blocks                            blockNumber=1654785 slot=1 blocks=1654784 txs=5477830 mgas=190491 bps=5179 tps=32135 mgps=962.2 avgBps=7225 avgTps=23919 avgMGps=831.8 elapsed=3m49s11ms
Jul 25 08:06:16 nimbus-eth1-mainnet-long-benchmark[3573364]: INF 2026-07-25 08:06:16.536+00:00 Imported blocks                            blockNumber=1662977 slot=1 blocks=1662976 txs=5538206 mgas=193552 bps=3229 tps=23799 mgps=1206 avgBps=7181 avgTps=23918 avgMGps=835.9 elapsed=3m51s547ms
Jul 25 08:06:18 nimbus-eth1-mainnet-long-benchmark[3573364]: INF 2026-07-25 08:06:18.272+00:00 Imported blocks                            blockNumber=1671169 slot=1 blocks=1671168 txs=5593464 mgas=195396 bps=4722 tps=31857 mgps=1062 avgBps=7163 avgTps=23977 avgMGps=837.6 elapsed=3m53s282ms
Jul 25 08:06:19 nimbus-eth1-mainnet-long-benchmark[3573364]: INF 2026-07-25 08:06:19.924+00:00 Imported blocks                            blockNumber=1679361 slot=1 blocks=1679360 txs=5649239 mgas=197189 bps=4955 tps=33736 mgps=1084 avgBps=7148 avgTps=24045 avgMGps=839.3 elapsed=3m54s935ms
Jul 25 08:06:21 nimbus-eth1-mainnet-long-benchmark[3573364]: INF 2026-07-25 08:06:21.548+00:00 Imported blocks                            blockNumber=1687553 slot=1 blocks=1687552 txs=5701520 mgas=198983 bps=5053 tps=32250 mgps=1106 avgBps=7133 avgTps=24102 avgMGps=841.2 elapsed=3m56s556ms
Jul 25 08:06:23 nimbus-eth1-mainnet-long-benchmark[3573364]: INF 2026-07-25 08:06:23.184+00:00 Imported blocks                            blockNumber=1695745 slot=1 blocks=1695744 txs=5756747 mgas=200840 bps=4998 tps=33696 mgps=1133 avgBps=7119 avgTps=24168 avgMGps=843.2 elapsed=3m58s195ms
Jul 25 08:06:25 nimbus-eth1-mainnet-long-benchmark[3573364]: INF 2026-07-25 08:06:25.156+00:00 Imported blocks                            blockNumber=1703937 slot=1 blocks=1703936 txs=5821399 mgas=203106 bps=4156 tps=32800 mgps=1149 avgBps=7094 avgTps=24238 avgMGps=845.7 elapsed=4m166ms753us
Jul 25 08:06:26 nimbus-eth1-mainnet-long-benchmark[3573364]: INF 2026-07-25 08:06:26.987+00:00 Imported blocks                            blockNumber=1712129 slot=1 blocks=1712128 txs=5884754 mgas=205166 bps=4471 tps=34584 mgps=1124 avgBps=7074 avgTps=24317 avgMGps=847.8 elapsed=4m1s998ms
Jul 25 08:06:35 nimbus-eth1-mainnet-long-benchmark[3573364]: INF 2026-07-25 08:06:35.079+00:00 Imported blocks                            blockNumber=1720321 slot=1 blocks=1720320 txs=5950436 mgas=210967 bps=1012 tps=8115 mgps=716.6 avgBps=6878 avgTps=23792 avgMGps=843.6 elapsed=4m10s92ms
Jul 25 08:07:19 nimbus-eth1-mainnet-long-benchmark[3573364]: INF 2026-07-25 08:07:19.727+00:00 Imported blocks                            blockNumber=1728513 slot=1 blocks=1728512 txs=6046046 mgas=227706 bps=183.5 tps=2141 mgps=375.0 avgBps=5864 avgTps=20513 avgMGps=772.6 elapsed=4m54s732ms
Jul 25 08:07:28 nimbus-eth1-mainnet-long-benchmark[3573364]: INF 2026-07-25 08:07:28.714+00:00 Imported blocks                            blockNumber=1736705 slot=1 blocks=1736704 txs=6113963 mgas=232449 bps=911.5 tps=7556 mgps=527.8 avgBps=5718 avgTps=20130 avgMGps=765.3 elapsed=5m3s720ms
Jul 25 08:07:32 nimbus-eth1-mainnet-long-benchmark[3573364]: INF 2026-07-25 08:07:32.862+00:00 Imported blocks                            blockNumber=1744897 slot=1 blocks=1744896 txs=6176565 mgas=235745 bps=1974 tps=15086 mgps=794.3 avgBps=5667 avgTps=20062 avgMGps=765.7 elapsed=5m7s870ms
Jul 25 08:07:36 nimbus-eth1-mainnet-long-benchmark[3573364]: INF 2026-07-25 08:07:36.042+00:00 Imported blocks                            blockNumber=1753089 slot=1 blocks=1753088 txs=6244901 mgas=239587 bps=2575 tps=21484 mgps=1207 avgBps=5636 avgTps=20076 avgMGps=770.3 elapsed=5m11s50ms
Jul 25 08:07:38 nimbus-eth1-mainnet-long-benchmark[3573364]: INF 2026-07-25 08:07:38.082+00:00 Imported blocks                            blockNumber=1761281 slot=1 blocks=1761280 txs=6303031 mgas=241664 bps=4016 tps=28500 mgps=1018 avgBps=5625 avgTps=20131 avgMGps=771.9 elapsed=5m13s90ms
Jul 25 08:07:39 nimbus-eth1-mainnet-long-benchmark[3573364]: INF 2026-07-25 08:07:39.838+00:00 Imported blocks                            blockNumber=1769473 slot=1 blocks=1769472 txs=6360053 mgas=243886 bps=4665 tps=32472 mgps=1265 avgBps=5620 avgTps=20200 avgMGps=774.6 elapsed=5m14s846ms
Jul 25 08:07:41 nimbus-eth1-mainnet-long-benchmark[3573364]: INF 2026-07-25 08:07:41.570+00:00 Imported blocks                            blockNumber=1777665 slot=1 blocks=1777664 txs=6412951 mgas=245575 bps=4734 tps=30572 mgps=976.3 avgBps=5615 avgTps=20257 avgMGps=775.7 elapsed=5m16s576ms
Jul 25 08:07:43 nimbus-eth1-mainnet-long-benchmark[3573364]: INF 2026-07-25 08:07:43.486+00:00 Imported blocks                            blockNumber=1785857 slot=1 blocks=1785856 txs=6466807 mgas=247284 bps=4269 tps=28069 mgps=890.7 avgBps=5607 avgTps=20304 avgMGps=776.4 elapsed=5m18s495ms
Jul 25 08:07:45 nimbus-eth1-mainnet-long-benchmark[3573364]: INF 2026-07-25 08:07:45.762+00:00 Imported blocks                            blockNumber=1794049 slot=1 blocks=1794048 txs=6522851 mgas=249276 bps=3602 tps=24646 mgps=876.2 avgBps=5592 avgTps=20335 avgMGps=777.1 elapsed=5m20s769ms
Jul 25 08:07:48 nimbus-eth1-mainnet-long-benchmark[3573364]: INF 2026-07-25 08:07:48.722+00:00 Imported blocks                            blockNumber=1802241 slot=1 blocks=1802240 txs=6613176 mgas=255044 bps=2767 tps=30513 mgps=1948 avgBps=5567 avgTps=20428 avgMGps=787.8 elapsed=5m23s729ms
Jul 25 08:07:53 nimbus-eth1-mainnet-long-benchmark[3573364]: INF 2026-07-25 08:07:53.606+00:00 Imported blocks                            blockNumber=1810433 slot=1 blocks=1810432 txs=6665934 mgas=257543 bps=1677 tps=10804 mgps=511.9 avgBps=5509 avgTps=20285 avgMGps=783.7 elapsed=5m28s612ms
Jul 25 08:07:55 nimbus-eth1-mainnet-long-benchmark[3573364]: INF 2026-07-25 08:07:55.590+00:00 Imported blocks                            blockNumber=1818625 slot=1 blocks=1818624 txs=6721128 mgas=259316 bps=4128 tps=27818 mgps=893.5 avgBps=5501 avgTps=20330 avgMGps=784.4 elapsed=5m30s596ms
Jul 25 08:07:57 nimbus-eth1-mainnet-long-benchmark[3573364]: INF 2026-07-25 08:07:57.242+00:00 Imported blocks                            blockNumber=1826817 slot=1 blocks=1826816 txs=6774831 mgas=261021 bps=4955 tps=32484 mgps=1031 avgBps=5498 avgTps=20390 avgMGps=785.6 elapsed=5m32s249ms
Jul 25 08:07:59 nimbus-eth1-mainnet-long-benchmark[3573364]: INF 2026-07-25 08:07:59.430+00:00 Imported blocks                            blockNumber=1835009 slot=1 blocks=1835008 txs=6824653 mgas=262938 bps=3745 tps=22781 mgps=876.3 avgBps=5486 avgTps=20406 avgMGps=786.2 elapsed=5m34s436ms
Jul 25 08:08:01 nimbus-eth1-mainnet-long-benchmark[3573364]: INF 2026-07-25 08:08:01.078+00:00 Imported blocks                            blockNumber=1843201 slot=1 blocks=1843200 txs=6878027 mgas=264614 bps=4962 tps=32332 mgps=1015 avgBps=5484 avgTps=20464 avgMGps=787.3 elapsed=5m36s87ms
Jul 25 08:08:04 nimbus-eth1-mainnet-long-benchmark[3573364]: INF 2026-07-25 08:08:04.434+00:00 Imported blocks                            blockNumber=1851393 slot=1 blocks=1851392 txs=6938150 mgas=266996 bps=2441 tps=17921 mgps=709.9 avgBps=5454 avgTps=20439 avgMGps=786.6 elapsed=5m39s442ms
Jul 25 08:08:09 nimbus-eth1-mainnet-long-benchmark[3573364]: INF 2026-07-25 08:08:09.414+00:00 Imported blocks                            blockNumber=1859585 slot=1 blocks=1859584 txs=6994576 mgas=269861 bps=1645 tps=11330 mgps=575.4 avgBps=5399 avgTps=20308 avgMGps=783.5 elapsed=5m44s422ms
Jul 25 08:08:11 nimbus-eth1-mainnet-long-benchmark[3573364]: INF 2026-07-25 08:08:11.362+00:00 Imported blocks                            blockNumber=1867777 slot=1 blocks=1867776 txs=7045208 mgas=271531 bps=4205 tps=25990 mgps=857.3 avgBps=5392 avgTps=20340 avgMGps=783.9 elapsed=5m46s370ms
Jul 25 08:08:13 nimbus-eth1-mainnet-long-benchmark[3573364]: INF 2026-07-25 08:08:13.490+00:00 Imported blocks                            blockNumber=1875969 slot=1 blocks=1875968 txs=7098661 mgas=273436 bps=3850 tps=25122 mgps=895.2 avgBps=5383 avgTps=20369 avgMGps=784.6 elapsed=5m48s498ms
Jul 25 08:08:15 nimbus-eth1-mainnet-long-benchmark[3573364]: INF 2026-07-25 08:08:15.238+00:00 Imported blocks                            blockNumber=1884161 slot=1 blocks=1884160 txs=7153316 mgas=275276 bps=4686 tps=31265 mgps=1052 avgBps=5379 avgTps=20423 avgMGps=786.0 elapsed=5m50s246ms
Jul 25 08:08:16 nimbus-eth1-mainnet-long-benchmark[3573364]: INF 2026-07-25 08:08:16.902+00:00 Imported blocks                            blockNumber=1892353 slot=1 blocks=1892352 txs=7207581 mgas=277100 bps=4928 tps=32644 mgps=1097 avgBps=5377 avgTps=20481 avgMGps=787.4 elapsed=5m51s908ms
Jul 25 08:08:18 nimbus-eth1-mainnet-long-benchmark[3573364]: INF 2026-07-25 08:08:18.418+00:00 Imported blocks                            blockNumber=1900545 slot=1 blocks=1900544 txs=7258861 mgas=278515 bps=5402 tps=33817 mgps=932.9 avgBps=5377 avgTps=20538 avgMGps=788.0 elapsed=5m53s424ms
Jul 25 08:08:19 nimbus-eth1-mainnet-long-benchmark[3573364]: INF 2026-07-25 08:08:19.906+00:00 Imported blocks                            blockNumber=1908737 slot=1 blocks=1908736 txs=7305904 mgas=279904 bps=5497 tps=31568 mgps=931.9 avgBps=5378 avgTps=20584 avgMGps=788.7 elapsed=5m54s915ms
Jul 25 08:08:21 nimbus-eth1-mainnet-long-benchmark[3573364]: INF 2026-07-25 08:08:21.618+00:00 Imported blocks                            blockNumber=1916929 slot=1 blocks=1916928 txs=7369064 mgas=281779 bps=4786 tps=36901 mgps=1095 avgBps=5375 avgTps=20663 avgMGps=790.1 elapsed=5m56s626ms
Jul 25 08:08:29 nimbus-eth1-mainnet-long-benchmark[3573364]: INF 2026-07-25 08:08:29.798+00:00 Imported blocks                            blockNumber=1925121 slot=1 blocks=1925120 txs=7431837 mgas=285950 bps=1001 tps=7675 mgps=510.1 avgBps=5277 avgTps=20372 avgMGps=783.8 elapsed=6m4s804ms
Jul 25 08:08:31 nimbus-eth1-mainnet-long-benchmark[3573364]: INF 2026-07-25 08:08:31.977+00:00 Imported blocks                            blockNumber=1933313 slot=1 blocks=1933312 txs=7497575 mgas=288217 bps=3753 tps=30123 mgps=1038 avgBps=5268 avgTps=20430 avgMGps=785.4 elapsed=6m6s986ms
Jul 25 08:08:33 nimbus-eth1-mainnet-long-benchmark[3573364]: INF 2026-07-25 08:08:33.785+00:00 Imported blocks                            blockNumber=1941505 slot=1 blocks=1941504 txs=7559612 mgas=290251 bps=4529 tps=34303 mgps=1124 avgBps=5264 avgTps=20498 avgMGps=787.0 elapsed=6m8s795ms
Jul 25 08:08:35 nimbus-eth1-mainnet-long-benchmark[3573364]: INF 2026-07-25 08:08:35.781+00:00 Imported blocks                            blockNumber=1949697 slot=1 blocks=1949696 txs=7638933 mgas=292499 bps=4109 tps=39791 mgps=1128 avgBps=5258 avgTps=20601 avgMGps=788.9 elapsed=6m10s788ms
Jul 25 08:08:38 nimbus-eth1-mainnet-long-benchmark[3573364]: INF 2026-07-25 08:08:38.093+00:00 Imported blocks                            blockNumber=1957889 slot=1 blocks=1957888 txs=7713671 mgas=295027 bps=3540 tps=32303 mgps=1092 avgBps=5247 avgTps=20674 avgMGps=790.7 elapsed=6m13s102ms
Jul 25 08:08:40 nimbus-eth1-mainnet-long-benchmark[3573364]: INF 2026-07-25 08:08:40.089+00:00 Imported blocks                            blockNumber=1966081 slot=1 blocks=1966080 txs=7788808 mgas=297396 bps=4105 tps=37655 mgps=1187 avgBps=5241 avgTps=20764 avgMGps=792.9 elapsed=6m15s97ms
Jul 25 08:08:42 nimbus-eth1-mainnet-long-benchmark[3573364]: INF 2026-07-25 08:08:42.413+00:00 Imported blocks                            blockNumber=1974273 slot=1 blocks=1974272 txs=7855390 mgas=300366 bps=3523 tps=28639 mgps=1277 avgBps=5230 avgTps=20813 avgMGps=795.8 elapsed=6m17s422ms
Jul 25 08:08:44 nimbus-eth1-mainnet-long-benchmark[3573364]: INF 2026-07-25 08:08:44.865+00:00 Imported blocks                            blockNumber=1982465 slot=1 blocks=1982464 txs=7915725 mgas=302539 bps=3338 tps=24590 mgps=885.7 avgBps=5218 avgTps=20837 avgMGps=796.4 elapsed=6m19s876ms
Jul 25 08:08:46 nimbus-eth1-mainnet-long-benchmark[3573364]: INF 2026-07-25 08:08:46.469+00:00 Imported blocks                            blockNumber=1990657 slot=1 blocks=1990656 txs=7979382 mgas=304304 bps=5117 tps=39765 mgps=1102 avgBps=5218 avgTps=20917 avgMGps=797.7 elapsed=6m21s476ms
Jul 25 08:08:48 nimbus-eth1-mainnet-long-benchmark[3573364]: INF 2026-07-25 08:08:48.289+00:00 Imported blocks                            blockNumber=1998849 slot=1 blocks=1998848 txs=8046053 mgas=306358 bps=4500 tps=36625 mgps=1128 avgBps=5214 avgTps=20991 avgMGps=799.3 elapsed=6m23s297ms
Jul 25 08:08:50 nimbus-eth1-mainnet-long-benchmark[3573364]: INF 2026-07-25 08:08:50.089+00:00 Imported blocks                            blockNumber=2007041 slot=1 blocks=2007040 txs=8114293 mgas=308394 bps=4545 tps=37866 mgps=1129 avgBps=5211 avgTps=21070 avgMGps=800.8 elapsed=6m25s99ms
Jul 25 08:08:51 nimbus-eth1-mainnet-long-benchmark[3573364]: INF 2026-07-25 08:08:51.793+00:00 Imported blocks                            blockNumber=2015233 slot=1 blocks=2015232 txs=8174568 mgas=310280 bps=4814 tps=35427 mgps=1108 avgBps=5210 avgTps=21133 avgMGps=802.2 elapsed=6m26s800ms
Jul 25 08:08:53 nimbus-eth1-mainnet-long-benchmark[3573364]: INF 2026-07-25 08:08:53.385+00:00 Imported blocks                            blockNumber=2023425 slot=1 blocks=2023424 txs=8234299 mgas=311998 bps=5141 tps=37487 mgps=1078 avgBps=5209 avgTps=21200 avgMGps=803.3 elapsed=6m28s394ms
Jul 25 08:08:55 nimbus-eth1-mainnet-long-benchmark[3573364]: INF 2026-07-25 08:08:55.005+00:00 Imported blocks                            blockNumber=2031617 slot=1 blocks=2031616 txs=8290597 mgas=313665 bps=5056 tps=34748 mgps=1028 avgBps=5209 avgTps=21257 avgMGps=804.2 elapsed=6m30s14ms
Jul 25 08:08:57 nimbus-eth1-mainnet-long-benchmark[3573364]: INF 2026-07-25 08:08:57.341+00:00 Imported blocks                            blockNumber=2039809 slot=1 blocks=2039808 txs=8347013 mgas=316650 bps=3505 tps=24141 mgps=1277 avgBps=5198 avgTps=21274 avgMGps=807.1 elapsed=6m32s351ms
Jul 25 08:08:59 nimbus-eth1-mainnet-long-benchmark[3573364]: INF 2026-07-25 08:08:59.193+00:00 Imported blocks                            blockNumber=2048001 slot=1 blocks=2048000 txs=8414819 mgas=318724 bps=4420 tps=36590 mgps=1119 avgBps=5195 avgTps=21346 avgMGps=808.5 elapsed=6m34s204ms
Jul 25 08:09:00 nimbus-eth1-mainnet-long-benchmark[3573364]: INF 2026-07-25 08:09:00.853+00:00 Imported blocks                            blockNumber=2056193 slot=1 blocks=2056192 txs=8478396 mgas=320628 bps=4935 tps=38306 mgps=1147 avgBps=5194 avgTps=21417 avgMGps=809.9 elapsed=6m35s863ms
Jul 25 08:09:02 nimbus-eth1-mainnet-long-benchmark[3573364]: INF 2026-07-25 08:09:02.669+00:00 Imported blocks                            blockNumber=2064385 slot=1 blocks=2064384 txs=8534261 mgas=322285 bps=4515 tps=30794 mgps=913.5 avgBps=5191 avgTps=21460 avgMGps=810.4 elapsed=6m37s678ms
Jul 25 08:09:04 nimbus-eth1-mainnet-long-benchmark[3573364]: INF 2026-07-25 08:09:04.181+00:00 Imported blocks                            blockNumber=2072577 slot=1 blocks=2072576 txs=8592741 mgas=323842 bps=5419 tps=38690 mgps=1030 avgBps=5191 avgTps=21525 avgMGps=811.3 elapsed=6m39s189ms
Jul 25 08:09:05 nimbus-eth1-mainnet-long-benchmark[3573364]: INF 2026-07-25 08:09:05.977+00:00 Imported blocks                            blockNumber=2080769 slot=1 blocks=2080768 txs=8648072 mgas=325442 bps=4556 tps=30777 mgps=889.8 avgBps=5189 avgTps=21566 avgMGps=811.6 elapsed=6m40s987ms
Jul 25 08:09:07 nimbus-eth1-mainnet-long-benchmark[3573364]: INF 2026-07-25 08:09:07.729+00:00 Imported blocks                            blockNumber=2088961 slot=1 blocks=2088960 txs=8712300 mgas=327292 bps=4677 tps=36674 mgps=1056 avgBps=5186 avgTps=21632 avgMGps=812.7 elapsed=6m42s738ms
Jul 25 08:09:09 nimbus-eth1-mainnet-long-benchmark[3573364]: INF 2026-07-25 08:09:09.937+00:00 Imported blocks                            blockNumber=2097153 slot=1 blocks=2097152 txs=8778360 mgas=329481 bps=3712 tps=29939 mgps=992.1 avgBps=5178 avgTps=21677 avgMGps=813.6 elapsed=6m44s945ms
Jul 25 08:09:11 nimbus-eth1-mainnet-long-benchmark[3573364]: INF 2026-07-25 08:09:11.541+00:00 Imported blocks                            blockNumber=2105345 slot=1 blocks=2105344 txs=8832595 mgas=331142 bps=5108 tps=33818 mgps=1035 avgBps=5178 avgTps=21725 avgMGps=814.5 elapsed=6m46s548ms
Jul 25 08:09:13 nimbus-eth1-mainnet-long-benchmark[3573364]: INF 2026-07-25 08:09:13.385+00:00 Imported blocks                            blockNumber=2113537 slot=1 blocks=2113536 txs=8889289 mgas=332884 bps=4439 tps=30726 mgps=944.3 avgBps=5175 avgTps=21766 avgMGps=815.1 elapsed=6m48s393ms
Jul 25 08:09:14 nimbus-eth1-mainnet-long-benchmark[3573364]: INF 2026-07-25 08:09:14.985+00:00 Imported blocks                            blockNumber=2121729 slot=1 blocks=2121728 txs=8950903 mgas=334700 bps=5123 tps=38531 mgps=1135 avgBps=5175 avgTps=21831 avgMGps=816.4 elapsed=6m49s992ms
Jul 25 08:09:17 nimbus-eth1-mainnet-long-benchmark[3573364]: INF 2026-07-25 08:09:17.873+00:00 Imported blocks                            blockNumber=2129921 slot=1 blocks=2129920 txs=9014354 mgas=338562 bps=2834 tps=21951 mgps=1336 avgBps=5158 avgTps=21832 avgMGps=820.0 elapsed=6m52s883ms
Jul 25 08:09:19 nimbus-eth1-mainnet-long-benchmark[3573364]: INF 2026-07-25 08:09:19.561+00:00 Imported blocks                            blockNumber=2138113 slot=1 blocks=2138112 txs=9083957 mgas=340606 bps=4856 tps=41263 mgps=1211 avgBps=5157 avgTps=21911 avgMGps=821.6 elapsed=6m54s570ms
Jul 25 08:09:21 nimbus-eth1-mainnet-long-benchmark[3573364]: INF 2026-07-25 08:09:21.609+00:00 Imported blocks                            blockNumber=2146305 slot=1 blocks=2146304 txs=9145568 mgas=342520 bps=3999 tps=30078 mgps=934.7 avgBps=5151 avgTps=21951 avgMGps=822.1 elapsed=6m56s618ms
Jul 25 08:09:23 nimbus-eth1-mainnet-long-benchmark[3573364]: INF 2026-07-25 08:09:23.133+00:00 Imported blocks                            blockNumber=2154497 slot=1 blocks=2154496 txs=9208092 mgas=344179 bps=5374 tps=41018 mgps=1087 avgBps=5152 avgTps=22021 avgMGps=823.1 elapsed=6m58s142ms
Jul 25 08:09:25 nimbus-eth1-mainnet-long-benchmark[3573364]: INF 2026-07-25 08:09:25.221+00:00 Imported blocks                            blockNumber=2162689 slot=1 blocks=2162688 txs=9270066 mgas=345978 bps=3922 tps=29672 mgps=861.3 avgBps=5146 avgTps=22059 avgMGps=823.3 elapsed=7m231ms519us
Jul 25 08:09:26 nimbus-eth1-mainnet-long-benchmark[3573364]: INF 2026-07-25 08:09:26.973+00:00 Imported blocks                            blockNumber=2170881 slot=1 blocks=2170880 txs=9332900 mgas=347898 bps=4682 tps=35917 mgps=1097 avgBps=5144 avgTps=22116 avgMGps=824.4 elapsed=7m1s980ms
Jul 25 08:09:29 nimbus-eth1-mainnet-long-benchmark[3573364]: INF 2026-07-25 08:09:29.001+00:00 Imported blocks                            blockNumber=2179073 slot=1 blocks=2179072 txs=9394529 mgas=349716 bps=4037 tps=30372 mgps=896.0 avgBps=5139 avgTps=22156 avgMGps=824.8 elapsed=7m4s10ms
Jul 25 08:09:31 nimbus-eth1-mainnet-long-benchmark[3573364]: INF 2026-07-25 08:09:31.073+00:00 Imported blocks                            blockNumber=2187265 slot=1 blocks=2187264 txs=9470807 mgas=352444 bps=3950 tps=36788 mgps=1315 avgBps=5133 avgTps=22227 avgMGps=827.2 elapsed=7m6s83ms
Jul 25 08:09:32 nimbus-eth1-mainnet-long-benchmark[3573364]: INF 2026-07-25 08:09:32.645+00:00 Imported blocks                            blockNumber=2195457 slot=1 blocks=2195456 txs=9530574 mgas=354119 bps=5213 tps=38038 mgps=1066 avgBps=5133 avgTps=22285 avgMGps=828.1 elapsed=7m7s654ms
Jul 25 08:09:34 nimbus-eth1-mainnet-long-benchmark[3573364]: INF 2026-07-25 08:09:34.864+00:00 Imported blocks                            blockNumber=2203649 slot=1 blocks=2203648 txs=9595945 mgas=356734 bps=3692 tps=29463 mgps=1178 avgBps=5126 avgTps=22322 avgMGps=829.9 elapsed=7m9s873ms
Jul 25 08:09:36 nimbus-eth1-mainnet-long-benchmark[3573364]: INF 2026-07-25 08:09:36.476+00:00 Imported blocks                            blockNumber=2211841 slot=1 blocks=2211840 txs=9658309 mgas=358774 bps=5075 tps=38636 mgps=1263 avgBps=5126 avgTps=22383 avgMGps=831.5 elapsed=7m11s487ms
Jul 25 08:09:38 nimbus-eth1-mainnet-long-benchmark[3573364]: INF 2026-07-25 08:09:38.200+00:00 Imported blocks                            blockNumber=2220033 slot=1 blocks=2220032 txs=9719278 mgas=360756 bps=4754 tps=35385 mgps=1150 avgBps=5124 avgTps=22435 avgMGps=832.7 elapsed=7m13s210ms
Jul 25 08:09:40 nimbus-eth1-mainnet-long-benchmark[3573364]: INF 2026-07-25 08:09:40.544+00:00 Imported blocks                            blockNumber=2228225 slot=1 blocks=2228224 txs=9805132 mgas=363570 bps=3495 tps=36635 mgps=1200 avgBps=5115 avgTps=22511 avgMGps=834.7 elapsed=7m15s554ms
Jul 25 08:09:42 nimbus-eth1-mainnet-long-benchmark[3573364]: INF 2026-07-25 08:09:42.040+00:00 Imported blocks                            blockNumber=2236417 slot=1 blocks=2236416 txs=9861065 mgas=365383 bps=5473 tps=37374 mgps=1211 avgBps=5117 avgTps=22562 avgMGps=836.0 elapsed=7m17s50ms
Jul 25 08:09:43 nimbus-eth1-mainnet-long-benchmark[3573364]: INF 2026-07-25 08:09:43.556+00:00 Imported blocks                            blockNumber=2244609 slot=1 blocks=2244608 txs=9918653 mgas=367114 bps=5402 tps=37981 mgps=1141 avgBps=5118 avgTps=22616 avgMGps=837.1 elapsed=7m18s566ms
Jul 25 08:09:45 nimbus-eth1-mainnet-long-benchmark[3573364]: INF 2026-07-25 08:09:45.632+00:00 Imported blocks                            blockNumber=2252801 slot=1 blocks=2252800 txs=9981973 mgas=369135 bps=3949 tps=30531 mgps=974.7 avgBps=5112 avgTps=22653 avgMGps=837.7 elapsed=7m20s640ms
Jul 25 08:09:47 nimbus-eth1-mainnet-long-benchmark[3573364]: INF 2026-07-25 08:09:47.484+00:00 Imported blocks                            blockNumber=2260993 slot=1 blocks=2260992 txs=10047156 mgas=371248 bps=4416 tps=35138 mgps=1138 avgBps=5109 avgTps=22705 avgMGps=839.0 elapsed=7m22s495ms
Jul 25 08:09:49 nimbus-eth1-mainnet-long-benchmark[3573364]: INF 2026-07-25 08:09:49.320+00:00 Imported blocks                            blockNumber=2269185 slot=1 blocks=2269184 txs=10121679 mgas=373603 bps=4467 tps=40641 mgps=1284 avgBps=5106 avgTps=22779 avgMGps=840.8 elapsed=7m24s329ms
Jul 25 08:09:51 nimbus-eth1-mainnet-long-benchmark[3573364]: INF 2026-07-25 08:09:51.764+00:00 Imported blocks                            blockNumber=2277377 slot=1 blocks=2277376 txs=10193851 mgas=376318 bps=3349 tps=29506 mgps=1109 avgBps=5097 avgTps=22816 avgMGps=842.3 elapsed=7m26s775ms
Jul 25 08:09:54 nimbus-eth1-mainnet-long-benchmark[3573364]: INF 2026-07-25 08:09:54.520+00:00 Imported blocks                            blockNumber=2285569 slot=1 blocks=2285568 txs=10244050 mgas=378024 bps=2971 tps=18208 mgps=618.8 avgBps=5084 avgTps=22788 avgMGps=840.9 elapsed=7m29s532ms
Jul 25 08:10:00 nimbus-eth1-mainnet-long-benchmark[3573364]: INF 2026-07-25 08:10:00.684+00:00 Imported blocks                            blockNumber=2293761 slot=1 blocks=2293760 txs=10305892 mgas=379825 bps=1329 tps=10039 mgps=292.4 avgBps=5033 avgTps=22615 avgMGps=833.5 elapsed=7m35s692ms
Jul 25 08:10:02 nimbus-eth1-mainnet-long-benchmark[3573364]: INF 2026-07-25 08:10:02.636+00:00 Imported blocks                            blockNumber=2301953 slot=1 blocks=2301952 txs=10374531 mgas=381860 bps=4191 tps=35115 mgps=1040 avgBps=5029 avgTps=22669 avgMGps=834.4 elapsed=7m37s647ms
Jul 25 08:10:18 nimbus-eth1-mainnet-long-benchmark[3573364]: INF 2026-07-25 08:10:18.376+00:00 Imported blocks                            blockNumber=2310145 slot=1 blocks=2310144 txs=10441483 mgas=384776 bps=520.5 tps=4253 mgps=185.3 avgBps=4880 avgTps=22057 avgMGps=812.8 elapsed=7m53s385ms
Jul 25 08:10:30 nimbus-eth1-mainnet-long-benchmark[3573364]: INF 2026-07-25 08:10:30.172+00:00 Imported blocks                            blockNumber=2318337 slot=1 blocks=2318336 txs=10489758 mgas=386690 bps=694.5 tps=4092 mgps=162.3 avgBps=4778 avgTps=21620 avgMGps=797.0 elapsed=8m5s180ms
Jul 25 08:10:53 nimbus-eth1-mainnet-long-benchmark[3573364]: INF 2026-07-25 08:10:53.647+00:00 Imported blocks                            blockNumber=2326529 slot=1 blocks=2326528 txs=10546726 mgas=389701 bps=348.9 tps=2426 mgps=128.2 avgBps=4573 avgTps=20734 avgMGps=766.1 elapsed=8m28s658ms
Jul 25 08:11:38 nimbus-eth1-mainnet-long-benchmark[3573364]: INF 2026-07-25 08:11:38.299+00:00 Imported blocks                            blockNumber=2334721 slot=1 blocks=2334720 txs=10606978 mgas=393234 bps=183.5 tps=1349 mgps=79.13 avgBps=4219 avgTps=19170 avgMGps=710.7 elapsed=9m13s305ms
Jul 25 08:11:59 nimbus-eth1-mainnet-long-benchmark[3573364]: INF 2026-07-25 08:11:59.158+00:00 Imported blocks                            blockNumber=2342913 slot=1 blocks=2342912 txs=10666220 mgas=396127 bps=392.7 tps=2839 mgps=138.7 avgBps=4080 avgTps=18576 avgMGps=689.9 elapsed=9m34s167ms
Jul 25 08:12:03 nimbus-eth1-mainnet-long-benchmark[3573364]: INF 2026-07-25 08:12:03.466+00:00 Imported blocks                            blockNumber=2351105 slot=1 blocks=2351104 txs=10722740 mgas=398564 bps=1902 tps=13125 mgps=566.0 avgBps=4064 avgTps=18536 avgMGps=689.0 elapsed=9m38s473ms
Jul 25 08:12:12 nimbus-eth1-mainnet-long-benchmark[3573364]: INF 2026-07-25 08:12:12.458+00:00 Imported blocks                            blockNumber=2359297 slot=1 blocks=2359296 txs=10776670 mgas=401104 bps=910.8 tps=5996 mgps=282.4 avgBps=4016 avgTps=18344 avgMGps=682.8 elapsed=9m47s467ms
Jul 25 08:12:50 nimbus-eth1-mainnet-long-benchmark[3573364]: INF 2026-07-25 08:12:50.153+00:00 Imported blocks                            blockNumber=2367489 slot=1 blocks=2367488 txs=10849156 mgas=406541 bps=217.3 tps=1922 mgps=144.2 avgBps=3786 avgTps=17354 avgMGps=650.3 elapsed=10m25s164ms
Jul 25 08:13:24 nimbus-eth1-mainnet-long-benchmark[3573364]: INF 2026-07-25 08:13:24.765+00:00 Imported blocks                            blockNumber=2375681 slot=1 blocks=2375680 txs=10913507 mgas=410497 bps=236.7 tps=1859 mgps=114.3 avgBps=3600 avgTps=16541 avgMGps=622.2 elapsed=10m59s776ms
Jul 25 08:13:50 nimbus-eth1-mainnet-long-benchmark[3573364]: INF 2026-07-25 08:13:50.596+00:00 Imported blocks                            blockNumber=2383873 slot=1 blocks=2383872 txs=10985657 mgas=414672 bps=317.2 tps=2793 mgps=161.6 avgBps=3477 avgTps=16023 avgMGps=604.8 elapsed=11m25s604ms
Jul 25 08:14:39 nimbus-eth1-mainnet-long-benchmark[3573364]: INF 2026-07-25 08:14:39.476+00:00 Imported blocks                            blockNumber=2392065 slot=1 blocks=2392064 txs=11037968 mgas=418259 bps=167.6 tps=1070 mgps=73.38 avgBps=3256 avgTps=15028 avgMGps=569.5 elapsed=12m14s486ms
Jul 25 08:16:27 nimbus-eth1-mainnet-long-benchmark[3573364]: INF 2026-07-25 08:16:27.286+00:00 Imported blocks                            blockNumber=2400257 slot=1 blocks=2400256 txs=11098723 mgas=421639 bps=75.99 tps=563.6 mgps=31.36 avgBps=2849 avgTps=13176 avgMGps=500.6 elapsed=14m2s293ms
Jul 25 08:17:55 nimbus-eth1-mainnet-long-benchmark[3573364]: INF 2026-07-25 08:17:55.177+00:00 Imported blocks                            blockNumber=2408449 slot=1 blocks=2408448 txs=11153117 mgas=425129 bps=93.20 tps=618.9 mgps=39.70 avgBps=2589 avgTps=11990 avgMGps=457.0 elapsed=15m30s187ms
Jul 25 08:18:48 nimbus-eth1-mainnet-long-benchmark[3573364]: INF 2026-07-25 08:18:48.224+00:00 Imported blocks                            blockNumber=2416641 slot=1 blocks=2416640 txs=11212866 mgas=428700 bps=154.4 tps=1126 mgps=67.33 avgBps=2457 avgTps=11404 avgMGps=436.0 elapsed=16m23s233ms
Jul 25 08:19:59 nimbus-eth1-mainnet-long-benchmark[3573364]: INF 2026-07-25 08:19:59.459+00:00 Imported blocks                            blockNumber=2424833 slot=1 blocks=2424832 txs=11265767 mgas=430841 bps=115.0 tps=742.7 mgps=30.05 avgBps=2299 avgTps=10683 avgMGps=408.6 elapsed=17m34s464ms
Jul 25 08:21:30 nimbus-eth1-mainnet-long-benchmark[3573364]: INF 2026-07-25 08:21:30.573+00:00 Imported blocks                            blockNumber=2433025 slot=1 blocks=2433024 txs=11307750 mgas=432905 bps=89.91 tps=460.8 mgps=22.66 avgBps=2123 avgTps=9870 avgMGps=377.9 elapsed=19m5s583ms
Jul 25 08:22:06 nimbus-eth1-mainnet-long-benchmark[3573364]: INF 2026-07-25 08:22:06.136+00:00 Imported blocks                            blockNumber=2441217 slot=1 blocks=2441216 txs=11360239 mgas=434846 bps=230.4 tps=1476 mgps=54.57 avgBps=2066 avgTps=9617 avgMGps=368.2 elapsed=19m41s144ms
Jul 25 08:22:21 nimbus-eth1-mainnet-long-benchmark[3573364]: INF 2026-07-25 08:22:21.964+00:00 Imported blocks                            blockNumber=2449409 slot=1 blocks=2449408 txs=11407271 mgas=436263 bps=517.5 tps=2971 mgps=89.51 avgBps=2046 avgTps=9530 avgMGps=364.5 elapsed=19m56s973ms
Jul 25 08:22:43 nimbus-eth1-mainnet-long-benchmark[3573364]: INF 2026-07-25 08:22:43.312+00:00 Imported blocks                            blockNumber=2457601 slot=1 blocks=2457600 txs=11457392 mgas=437680 bps=383.7 tps=2347 mgps=66.37 avgBps=2017 avgTps=9404 avgMGps=359.2 elapsed=20m18s322ms
Jul 25 08:23:01 nimbus-eth1-mainnet-long-benchmark[3573364]: INF 2026-07-25 08:23:01.476+00:00 Imported blocks                            blockNumber=2465793 slot=1 blocks=2465792 txs=11521389 mgas=439739 bps=450.9 tps=3522 mgps=113.4 avgBps=1994 avgTps=9317 avgMGps=355.6 elapsed=20m36s488ms
Jul 25 08:23:51 nimbus-eth1-mainnet-long-benchmark[3573364]: INF 2026-07-25 08:23:51.167+00:00 Imported blocks                            blockNumber=2473985 slot=1 blocks=2473984 txs=11574002 mgas=445154 bps=164.9 tps=1058 mgps=109.0 avgBps=1923 avgTps=8998 avgMGps=346.1 elapsed=21m26s177ms
Jul 25 08:23:54 nimbus-eth1-mainnet-long-benchmark[3573364]: INF 2026-07-25 08:23:54.511+00:00 Imported blocks                            blockNumber=2482177 slot=1 blocks=2482176 txs=11651646 mgas=447355 bps=2448 tps=23204 mgps=657.7 avgBps=1924 avgTps=9035 avgMGps=346.9 elapsed=21m29s523ms
Jul 25 08:23:56 nimbus-eth1-mainnet-long-benchmark[3573364]: INF 2026-07-25 08:23:56.159+00:00 Imported blocks                            blockNumber=2490369 slot=1 blocks=2490368 txs=11699590 mgas=448737 bps=4979 tps=29143 mgps=839.8 avgBps=1928 avgTps=9061 avgMGps=347.5 elapsed=21m31s168ms
Jul 25 08:23:57 nimbus-eth1-mainnet-long-benchmark[3573364]: INF 2026-07-25 08:23:57.835+00:00 Imported blocks                            blockNumber=2498561 slot=1 blocks=2498560 txs=11757700 mgas=450442 bps=4897 tps=34741 mgps=1019 avgBps=1932 avgTps=9094 avgMGps=348.4 elapsed=21m32s841ms
Jul 25 08:23:59 nimbus-eth1-mainnet-long-benchmark[3573364]: INF 2026-07-25 08:23:59.859+00:00 Imported blocks                            blockNumber=2506753 slot=1 blocks=2506752 txs=11825797 mgas=452734 bps=4042 tps=33603 mgps=1131 avgBps=1935 avgTps=9132 avgMGps=349.6 elapsed=21m34s867ms
Jul 25 08:24:01 nimbus-eth1-mainnet-long-benchmark[3573364]: INF 2026-07-25 08:24:01.899+00:00 Imported blocks                            blockNumber=2514945 slot=1 blocks=2514944 txs=11885089 mgas=454533 bps=4016 tps=29067 mgps=881.8 avgBps=1939 avgTps=9164 avgMGps=350.5 elapsed=21m36s907ms
Jul 25 08:24:03 nimbus-eth1-mainnet-long-benchmark[3573364]: INF 2026-07-25 08:24:03.663+00:00 Imported blocks                            blockNumber=2523137 slot=1 blocks=2523136 txs=11944882 mgas=456318 bps=4643 tps=33890 mgps=1011 avgBps=1942 avgTps=9197 avgMGps=351.4 elapsed=21m38s672ms
Jul 25 08:24:05 nimbus-eth1-mainnet-long-benchmark[3573364]: INF 2026-07-25 08:24:05.427+00:00 Imported blocks                            blockNumber=2531329 slot=1 blocks=2531328 txs=12002575 mgas=457974 bps=4650 tps=32752 mgps=940.3 avgBps=1946 avgTps=9229 avgMGps=352.2 elapsed=21m40s433ms
Jul 25 08:24:07 nimbus-eth1-mainnet-long-benchmark[3573364]: INF 2026-07-25 08:24:07.215+00:00 Imported blocks                            blockNumber=2539521 slot=1 blocks=2539520 txs=12058269 mgas=459602 bps=4578 tps=31126 mgps=909.8 avgBps=1950 avgTps=9259 avgMGps=352.9 elapsed=21m42s222ms
Jul 25 08:24:09 nimbus-eth1-mainnet-long-benchmark[3573364]: INF 2026-07-25 08:24:09.123+00:00 Imported blocks                            blockNumber=2547713 slot=1 blocks=2547712 txs=12121506 mgas=461509 bps=4291 tps=33130 mgps=999.1 avgBps=1953 avgTps=9294 avgMGps=353.9 elapsed=21m44s131ms
Jul 25 08:24:10 nimbus-eth1-mainnet-long-benchmark[3573364]: INF 2026-07-25 08:24:10.963+00:00 Imported blocks                            blockNumber=2555905 slot=1 blocks=2555904 txs=12182901 mgas=463232 bps=4459 tps=33420 mgps=938.0 avgBps=1957 avgTps=9328 avgMGps=354.7 elapsed=21m45s968ms
Jul 25 08:24:13 nimbus-eth1-mainnet-long-benchmark[3573364]: INF 2026-07-25 08:24:13.050+00:00 Imported blocks                            blockNumber=2564097 slot=1 blocks=2564096 txs=12240204 mgas=464808 bps=3923 tps=27442 mgps=754.8 avgBps=1960 avgTps=9357 avgMGps=355.3 elapsed=21m48s56ms
Jul 25 08:24:14 nimbus-eth1-mainnet-long-benchmark[3573364]: INF 2026-07-25 08:24:14.486+00:00 Imported blocks                            blockNumber=2572289 slot=1 blocks=2572288 txs=12285103 mgas=466051 bps=5692 tps=31201 mgps=863.9 avgBps=1964 avgTps=9381 avgMGps=355.9 elapsed=21m49s495ms
Jul 25 08:24:16 nimbus-eth1-mainnet-long-benchmark[3573364]: INF 2026-07-25 08:24:15.998+00:00 Imported blocks                            blockNumber=2580481 slot=1 blocks=2580480 txs=12335840 mgas=467433 bps=5423 tps=33587 mgps=914.7 avgBps=1968 avgTps=9409 avgMGps=356.5 elapsed=21m51s6ms
Jul 25 08:24:18 nimbus-eth1-mainnet-long-benchmark[3573364]: INF 2026-07-25 08:24:18.210+00:00 Imported blocks                            blockNumber=2588673 slot=1 blocks=2588672 txs=12389837 mgas=468957 bps=3705 tps=24426 mgps=689.4 avgBps=1971 avgTps=9434 avgMGps=357.1 elapsed=21m53s216ms
Jul 25 08:24:20 nimbus-eth1-mainnet-long-benchmark[3573364]: INF 2026-07-25 08:24:20.166+00:00 Imported blocks                            blockNumber=2596865 slot=1 blocks=2596864 txs=12446592 mgas=470825 bps=4184 tps=28990 mgps=954.3 avgBps=1974 avgTps=9463 avgMGps=358.0 elapsed=21m55s174ms
Jul 25 08:24:21 nimbus-eth1-mainnet-long-benchmark[3573364]: INF 2026-07-25 08:24:21.914+00:00 Imported blocks                            blockNumber=2605057 slot=1 blocks=2605056 txs=12501171 mgas=472679 bps=4683 tps=31204 mgps=1059 avgBps=1978 avgTps=9492 avgMGps=358.9 elapsed=21m56s923ms
Jul 25 08:24:24 nimbus-eth1-mainnet-long-benchmark[3573364]: INF 2026-07-25 08:24:24.266+00:00 Imported blocks                            blockNumber=2613249 slot=1 blocks=2613248 txs=12559108 mgas=474428 bps=3484 tps=24645 mgps=744.1 avgBps=1980 avgTps=9519 avgMGps=359.6 elapsed=21m59s274ms
Jul 25 08:24:26 nimbus-eth1-mainnet-long-benchmark[3573364]: INF 2026-07-25 08:24:26.018+00:00 Imported blocks                            blockNumber=2621441 slot=1 blocks=2621440 txs=12613938 mgas=476083 bps=4680 tps=31329 mgps=945.5 avgBps=1984 avgTps=9548 avgMGps=360.4 elapsed=22m1s24ms
Jul 25 08:24:27 nimbus-eth1-mainnet-long-benchmark[3573364]: INF 2026-07-25 08:24:27.802+00:00 Imported blocks                            blockNumber=2629633 slot=1 blocks=2629632 txs=12673625 mgas=478015 bps=4582 tps=33391 mgps=1081 avgBps=1987 avgTps=9580 avgMGps=361.4 elapsed=22m2s812ms
Jul 25 08:24:30 nimbus-eth1-mainnet-long-benchmark[3573364]: INF 2026-07-25 08:24:30.158+00:00 Imported blocks                            blockNumber=2637825 slot=1 blocks=2637824 txs=12731723 mgas=479847 bps=3482 tps=24696 mgps=778.7 avgBps=1990 avgTps=9607 avgMGps=362.1 elapsed=22m5s164ms
Jul 25 08:24:31 nimbus-eth1-mainnet-long-benchmark[3573364]: INF 2026-07-25 08:24:31.862+00:00 Imported blocks                            blockNumber=2646017 slot=1 blocks=2646016 txs=12789300 mgas=481580 bps=4798 tps=33726 mgps=1014 avgBps=1994 avgTps=9638 avgMGps=362.9 elapsed=22m6s871ms
Jul 25 08:24:33 nimbus-eth1-mainnet-long-benchmark[3573364]: INF 2026-07-25 08:24:33.430+00:00 Imported blocks                            blockNumber=2654209 slot=1 blocks=2654208 txs=12845817 mgas=483271 bps=5230 tps=36086 mgps=1079 avgBps=1997 avgTps=9669 avgMGps=363.8 elapsed=22m8s437ms
Jul 25 08:24:35 nimbus-eth1-mainnet-long-benchmark[3573364]: INF 2026-07-25 08:24:35.562+00:00 Imported blocks                            blockNumber=2662401 slot=1 blocks=2662400 txs=12900725 mgas=484852 bps=3839 tps=25736 mgps=740.9 avgBps=2000 avgTps=9695 avgMGps=364.4 elapsed=22m10s571ms
Jul 25 08:24:37 nimbus-eth1-mainnet-long-benchmark[3573364]: INF 2026-07-25 08:24:37.190+00:00 Imported blocks                            blockNumber=2670593 slot=1 blocks=2670592 txs=12957314 mgas=486633 bps=5029 tps=34745 mgps=1093 avgBps=2004 avgTps=9726 avgMGps=365.3 elapsed=22m12s200ms
Jul 25 08:24:51 nimbus-eth1-mainnet-long-benchmark[3573364]: INF 2026-07-25 08:24:51.338+00:00 Imported blocks                            blockNumber=2678785 slot=1 blocks=2678784 txs=13042809 mgas=489231 bps=579.1 tps=6043 mgps=183.7 avgBps=1989 avgTps=9687 avgMGps=363.4 elapsed=22m26s346ms
Jul 25 08:26:02 nimbus-eth1-mainnet-long-benchmark[3573364]: INF 2026-07-25 08:26:02.733+00:00 Imported blocks                            blockNumber=2686977 slot=1 blocks=2686976 txs=13102505 mgas=493206 bps=114.7 tps=836.1 mgps=55.67 avgBps=1895 avgTps=9241 avgMGps=347.9 elapsed=23m37s742ms
Jul 25 08:26:45 nimbus-eth1-mainnet-long-benchmark[3573364]: INF 2026-07-25 08:26:45.424+00:00 Imported blocks                            blockNumber=2695169 slot=1 blocks=2695168 txs=13174967 mgas=497320 bps=191.9 tps=1697 mgps=96.36 avgBps=1845 avgTps=9021 avgMGps=340.5 elapsed=24m20s433ms
Jul 25 08:27:51 nimbus-eth1-mainnet-long-benchmark[3573364]: INF 2026-07-25 08:27:51.455+00:00 Imported blocks                            blockNumber=2703361 slot=1 blocks=2703360 txs=13230693 mgas=502063 bps=124.1 tps=843.9 mgps=71.83 avgBps=1770 avgTps=8667 avgMGps=328.9 elapsed=25m26s466ms
Jul 25 08:29:18 nimbus-eth1-mainnet-long-benchmark[3573364]: INF 2026-07-25 08:29:18.562+00:00 Imported blocks                            blockNumber=2711553 slot=1 blocks=2711552 txs=13295947 mgas=508411 bps=94.05 tps=749.2 mgps=72.88 avgBps=1680 avgTps=8240 avgMGps=315.1 elapsed=26m53s569ms
Jul 25 08:30:09 nimbus-eth1-mainnet-long-benchmark[3573364]: INF 2026-07-25 08:30:09.305+00:00 Imported blocks                            blockNumber=2719745 slot=1 blocks=2719744 txs=13360374 mgas=513611 bps=161.4 tps=1269 mgps=102.5 avgBps=1634 avgTps=8027 avgMGps=308.6 elapsed=27m44s316ms
Jul 25 08:30:11 nimbus-eth1-mainnet-long-benchmark[3573364]: INF 2026-07-25 08:30:11.549+00:00 Imported blocks                            blockNumber=2727937 slot=1 blocks=2727936 txs=13411218 mgas=515296 bps=3653 tps=22672 mgps=751.2 avgBps=1636 avgTps=8047 avgMGps=309.2 elapsed=27m46s558ms
Jul 25 08:30:13 nimbus-eth1-mainnet-long-benchmark[3573364]: INF 2026-07-25 08:30:13.353+00:00 Imported blocks                            blockNumber=2736129 slot=1 blocks=2736128 txs=13465915 mgas=516948 bps=4546 tps=30358 mgps=917.0 avgBps=1640 avgTps=8071 avgMGps=309.9 elapsed=27m48s360ms
Jul 25 08:30:14 nimbus-eth1-mainnet-long-benchmark[3573364]: INF 2026-07-25 08:30:14.861+00:00 Imported blocks                            blockNumber=2744321 slot=1 blocks=2744320 txs=13518966 mgas=518696 bps=5421 tps=35106 mgps=1156 avgBps=1643 avgTps=8095 avgMGps=310.6 elapsed=27m49s871ms
Jul 25 08:30:16 nimbus-eth1-mainnet-long-benchmark[3573364]: INF 2026-07-25 08:30:16.553+00:00 Imported blocks                            blockNumber=2752513 slot=1 blocks=2752512 txs=13574305 mgas=520675 bps=4844 tps=32726 mgps=1170 avgBps=1646 avgTps=8120 avgMGps=311.5 elapsed=27m51s562ms
Jul 25 08:30:18 nimbus-eth1-mainnet-long-benchmark[3573364]: INF 2026-07-25 08:30:18.493+00:00 Imported blocks                            blockNumber=2760705 slot=1 blocks=2760704 txs=13639152 mgas=522739 bps=4222 tps=33421 mgps=1063 avgBps=1649 avgTps=8150 avgMGps=312.4 elapsed=27m53s502ms
Jul 25 08:30:20 nimbus-eth1-mainnet-long-benchmark[3573364]: INF 2026-07-25 08:30:20.141+00:00 Imported blocks                            blockNumber=2768897 slot=1 blocks=2768896 txs=13694429 mgas=524543 bps=4974 tps=33567 mgps=1095 avgBps=1652 avgTps=8175 avgMGps=313.1 elapsed=27m55s149ms
Jul 25 08:30:21 nimbus-eth1-mainnet-long-benchmark[3573364]: INF 2026-07-25 08:30:21.825+00:00 Imported blocks                            blockNumber=2777089 slot=1 blocks=2777088 txs=13750452 mgas=526320 bps=4859 tps=33231 mgps=1053 avgBps=1656 avgTps=8200 avgMGps=313.9 elapsed=27m56s835ms
Jul 25 08:30:23 nimbus-eth1-mainnet-long-benchmark[3573364]: INF 2026-07-25 08:30:23.653+00:00 Imported blocks                            blockNumber=2785281 slot=1 blocks=2785280 txs=13803443 mgas=528046 bps=4480 tps=28981 mgps=944.1 avgBps=1659 avgTps=8222 avgMGps=314.6 elapsed=27m58s663ms
Jul 25 08:30:25 nimbus-eth1-mainnet-long-benchmark[3573364]: INF 2026-07-25 08:30:25.289+00:00 Imported blocks                            blockNumber=2793473 slot=1 blocks=2793472 txs=13856067 mgas=530259 bps=5006 tps=32161 mgps=1352 avgBps=1662 avgTps=8246 avgMGps=315.6 elapsed=28m300ms218us
Jul 25 08:30:27 nimbus-eth1-mainnet-long-benchmark[3573364]: INF 2026-07-25 08:30:26.997+00:00 Imported blocks                            blockNumber=2801665 slot=1 blocks=2801664 txs=13911305 mgas=532070 bps=4802 tps=32379 mgps=1061 avgBps=1665 avgTps=8270 avgMGps=316.3 elapsed=28m2s6ms
Jul 25 08:30:29 nimbus-eth1-mainnet-long-benchmark[3573364]: INF 2026-07-25 08:30:29.148+00:00 Imported blocks                            blockNumber=2809857 slot=1 blocks=2809856 txs=13975285 mgas=534426 bps=3809 tps=29751 mgps=1095 avgBps=1668 avgTps=8298 avgMGps=317.3 elapsed=28m4s156ms
Jul 25 08:30:31 nimbus-eth1-mainnet-long-benchmark[3573364]: INF 2026-07-25 08:30:31.156+00:00 Imported blocks                            blockNumber=2818049 slot=1 blocks=2818048 txs=14041028 mgas=536875 bps=4076 tps=32715 mgps=1218 avgBps=1671 avgTps=8327 avgMGps=318.4 elapsed=28m6s166ms
Jul 25 08:30:32 nimbus-eth1-mainnet-long-benchmark[3573364]: INF 2026-07-25 08:30:32.780+00:00 Imported blocks                            blockNumber=2826241 slot=1 blocks=2826240 txs=14095999 mgas=538756 bps=5046 tps=33861 mgps=1158 avgBps=1674 avgTps=8351 avgMGps=319.2 elapsed=28m7s789ms
Jul 25 08:30:34 nimbus-eth1-mainnet-long-benchmark[3573364]: INF 2026-07-25 08:30:34.728+00:00 Imported blocks                            blockNumber=2834433 slot=1 blocks=2834432 txs=14145661 mgas=540710 bps=4207 tps=25506 mgps=1003 avgBps=1677 avgTps=8371 avgMGps=320.0 elapsed=28m9s736ms
Jul 25 08:30:36 nimbus-eth1-mainnet-long-benchmark[3573364]: INF 2026-07-25 08:30:36.440+00:00 Imported blocks                            blockNumber=2842625 slot=1 blocks=2842624 txs=14204053 mgas=542748 bps=4780 tps=34074 mgps=1189 avgBps=1680 avgTps=8397 avgMGps=320.9 elapsed=28m11s450ms
Jul 25 08:30:38 nimbus-eth1-mainnet-long-benchmark[3573364]: INF 2026-07-25 08:30:38.284+00:00 Imported blocks                            blockNumber=2850817 slot=1 blocks=2850816 txs=14268238 mgas=544974 bps=4443 tps=34811 mgps=1207 avgBps=1683 avgTps=8426 avgMGps=321.8 elapsed=28m13s294ms
Jul 25 08:30:40 nimbus-eth1-mainnet-long-benchmark[3573364]: INF 2026-07-25 08:30:40.604+00:00 Imported blocks                            blockNumber=2859009 slot=1 blocks=2859008 txs=14344728 mgas=547460 bps=3533 tps=32990 mgps=1072 avgBps=1686 avgTps=8459 avgMGps=322.9 elapsed=28m15s612ms
Jul 25 08:30:42 nimbus-eth1-mainnet-long-benchmark[3573364]: INF 2026-07-25 08:30:42.220+00:00 Imported blocks                            blockNumber=2867201 slot=1 blocks=2867200 txs=14400411 mgas=549221 bps=5064 tps=34421 mgps=1088 avgBps=1689 avgTps=8484 avgMGps=323.6 elapsed=28m17s230ms
Jul 25 08:30:43 nimbus-eth1-mainnet-long-benchmark[3573364]: INF 2026-07-25 08:30:43.668+00:00 Imported blocks                            blockNumber=2875393 slot=1 blocks=2875392 txs=14451086 mgas=550674 bps=5656 tps=34990 mgps=1003 avgBps=1692 avgTps=8507 avgMGps=324.2 elapsed=28m18s678ms
Jul 25 08:30:45 nimbus-eth1-mainnet-long-benchmark[3573364]: INF 2026-07-25 08:30:45.736+00:00 Imported blocks                            blockNumber=2883585 slot=1 blocks=2883584 txs=14501243 mgas=552196 bps=3960 tps=24251 mgps=736.1 avgBps=1695 avgTps=8526 avgMGps=324.7 elapsed=28m20s746ms
Jul 25 08:30:47 nimbus-eth1-mainnet-long-benchmark[3573364]: INF 2026-07-25 08:30:47.388+00:00 Imported blocks                            blockNumber=2891777 slot=1 blocks=2891776 txs=14559468 mgas=554056 bps=4965 tps=35292 mgps=1127 avgBps=1698 avgTps=8552 avgMGps=325.5 elapsed=28m22s396ms
Jul 25 08:30:49 nimbus-eth1-mainnet-long-benchmark[3573364]: INF 2026-07-25 08:30:49.124+00:00 Imported blocks                            blockNumber=2899969 slot=1 blocks=2899968 txs=14619612 mgas=556140 bps=4713 tps=34604 mgps=1198 avgBps=1701 avgTps=8578 avgMGps=326.3 elapsed=28m24s134ms
Jul 25 08:30:51 nimbus-eth1-mainnet-long-benchmark[3573364]: INF 2026-07-25 08:30:51.292+00:00 Imported blocks                            blockNumber=2908161 slot=1 blocks=2908160 txs=14680600 mgas=558227 bps=3781 tps=28149 mgps=963.2 avgBps=1704 avgTps=8603 avgMGps=327.2 elapsed=28m26s301ms
Jul 25 08:30:52 nimbus-eth1-mainnet-long-benchmark[3573364]: INF 2026-07-25 08:30:52.856+00:00 Imported blocks                            blockNumber=2916353 slot=1 blocks=2916352 txs=14734902 mgas=559941 bps=5236 tps=34709 mgps=1096 avgBps=1707 avgTps=8627 avgMGps=327.9 elapsed=28m27s865ms
Jul 25 08:30:54 nimbus-eth1-mainnet-long-benchmark[3573364]: INF 2026-07-25 08:30:54.456+00:00 Imported blocks                            blockNumber=2924545 slot=1 blocks=2924544 txs=14785597 mgas=561526 bps=5121 tps=31692 mgps=990.7 avgBps=1710 avgTps=8649 avgMGps=328.5 elapsed=28m29s465ms
Jul 25 08:30:57 nimbus-eth1-mainnet-long-benchmark[3573364]: INF 2026-07-25 08:30:57.060+00:00 Imported blocks                            blockNumber=2932737 slot=1 blocks=2932736 txs=14848623 mgas=563831 bps=3143 tps=24184 mgps=884.6 avgBps=1712 avgTps=8672 avgMGps=329.3 elapsed=28m32s71ms
Jul 25 08:30:58 nimbus-eth1-mainnet-long-benchmark[3573364]: INF 2026-07-25 08:30:58.948+00:00 Imported blocks                            blockNumber=2940929 slot=1 blocks=2940928 txs=14916103 mgas=566036 bps=4341 tps=35758 mgps=1168 avgBps=1715 avgTps=8702 avgMGps=330.3 elapsed=28m33s958ms
Jul 25 08:31:00 nimbus-eth1-mainnet-long-benchmark[3573364]: INF 2026-07-25 08:31:00.848+00:00 Imported blocks                            blockNumber=2949121 slot=1 blocks=2949120 txs=14977936 mgas=568008 bps=4313 tps=32560 mgps=1038 avgBps=1718 avgTps=8729 avgMGps=331.0 elapsed=28m35s857ms
Jul 25 08:31:03 nimbus-eth1-mainnet-long-benchmark[3573364]: INF 2026-07-25 08:31:03.140+00:00 Imported blocks                            blockNumber=2957313 slot=1 blocks=2957312 txs=15036441 mgas=569938 bps=3572 tps=25512 mgps=841.7 avgBps=1721 avgTps=8751 avgMGps=331.7 elapsed=28m38s150ms
Jul 25 08:31:04 nimbus-eth1-mainnet-long-benchmark[3573364]: INF 2026-07-25 08:31:04.884+00:00 Imported blocks                            blockNumber=2965505 slot=1 blocks=2965504 txs=15096140 mgas=571876 bps=4699 tps=34248 mgps=1111 avgBps=1724 avgTps=8777 avgMGps=332.5 elapsed=28m39s893ms
Jul 25 08:31:06 nimbus-eth1-mainnet-long-benchmark[3573364]: INF 2026-07-25 08:31:06.732+00:00 Imported blocks                            blockNumber=2973697 slot=1 blocks=2973696 txs=15159231 mgas=574120 bps=4432 tps=34137 mgps=1214 avgBps=1727 avgTps=8804 avgMGps=333.5 elapsed=28m41s741ms
Jul 25 08:31:09 nimbus-eth1-mainnet-long-benchmark[3573364]: INF 2026-07-25 08:31:09.076+00:00 Imported blocks                            blockNumber=2981889 slot=1 blocks=2981888 txs=15224105 mgas=576257 bps=3492 tps=27657 mgps=911.1 avgBps=1729 avgTps=8830 avgMGps=334.2 elapsed=28m44s87ms
Jul 25 08:31:10 nimbus-eth1-mainnet-long-benchmark[3573364]: INF 2026-07-25 08:31:10.912+00:00 Imported blocks                            blockNumber=2990081 slot=1 blocks=2990080 txs=15294843 mgas=578655 bps=4465 tps=38562 mgps=1306 avgBps=1732 avgTps=8861 avgMGps=335.3 elapsed=28m45s921ms
Jul 25 08:31:12 nimbus-eth1-mainnet-long-benchmark[3573364]: INF 2026-07-25 08:31:12.548+00:00 Imported blocks                            blockNumber=2998273 slot=1 blocks=2998272 txs=15353746 mgas=580508 bps=5000 tps=35953 mgps=1131 avgBps=1735 avgTps=8887 avgMGps=336.0 elapsed=28m47s560ms
Jul 25 08:31:14 nimbus-eth1-mainnet-long-benchmark[3573364]: INF 2026-07-25 08:31:14.644+00:00 Imported blocks                            blockNumber=3006465 slot=1 blocks=3006464 txs=15408119 mgas=582275 bps=3912 tps=25968 mgps=843.8 avgBps=1738 avgTps=8908 avgMGps=336.6 elapsed=28m49s653ms
Jul 25 08:31:16 nimbus-eth1-mainnet-long-benchmark[3573364]: INF 2026-07-25 08:31:16.464+00:00 Imported blocks                            blockNumber=3014657 slot=1 blocks=3014656 txs=15473146 mgas=584569 bps=4502 tps=35742 mgps=1261 avgBps=1741 avgTps=8936 avgMGps=337.6 elapsed=28m51s473ms
Jul 25 08:31:18 nimbus-eth1-mainnet-long-benchmark[3573364]: INF 2026-07-25 08:31:18.256+00:00 Imported blocks                            blockNumber=3022849 slot=1 blocks=3022848 txs=15534068 mgas=586597 bps=4565 tps=33956 mgps=1129 avgBps=1744 avgTps=8962 avgMGps=338.4 elapsed=28m53s267ms
Jul 25 08:31:20 nimbus-eth1-mainnet-long-benchmark[3573364]: INF 2026-07-25 08:31:20.584+00:00 Imported blocks                            blockNumber=3031041 slot=1 blocks=3031040 txs=15592616 mgas=588557 bps=3523 tps=25180 mgps=843.1 avgBps=1746 avgTps=8984 avgMGps=339.1 elapsed=28m55s592ms
Jul 25 08:31:22 nimbus-eth1-mainnet-long-benchmark[3573364]: INF 2026-07-25 08:31:22.392+00:00 Imported blocks                            blockNumber=3039233 slot=1 blocks=3039232 txs=15653931 mgas=590563 bps=4529 tps=33902 mgps=1108 avgBps=1749 avgTps=9009 avgMGps=339.9 elapsed=28m57s401ms
Jul 25 08:31:24 nimbus-eth1-mainnet-long-benchmark[3573364]: INF 2026-07-25 08:31:24.240+00:00 Imported blocks                            blockNumber=3047425 slot=1 blocks=3047424 txs=15716022 mgas=592712 bps=4434 tps=33609 mgps=1163 avgBps=1752 avgTps=9036 avgMGps=340.8 elapsed=28m59s248ms
Jul 25 08:31:26 nimbus-eth1-mainnet-long-benchmark[3573364]: INF 2026-07-25 08:31:26.772+00:00 Imported blocks                            blockNumber=3055617 slot=1 blocks=3055616 txs=15783949 mgas=595165 bps=3234 tps=26816 mgps=968.2 avgBps=1754 avgTps=9061 avgMGps=341.7 elapsed=29m1s781ms
Jul 25 08:31:28 nimbus-eth1-mainnet-long-benchmark[3573364]: INF 2026-07-25 08:31:28.732+00:00 Imported blocks                            blockNumber=3063809 slot=1 blocks=3063808 txs=15845967 mgas=597457 bps=4175 tps=31612 mgps=1168 avgBps=1757 avgTps=9087 avgMGps=342.6 elapsed=29m3s743ms
Jul 25 08:31:30 nimbus-eth1-mainnet-long-benchmark[3573364]: INF 2026-07-25 08:31:30.611+00:00 Imported blocks                            blockNumber=3072001 slot=1 blocks=3072000 txs=15909253 mgas=599641 bps=4357 tps=33665 mgps=1161 avgBps=1759 avgTps=9113 avgMGps=343.5 elapsed=29m5s623ms
Jul 25 08:31:33 nimbus-eth1-mainnet-long-benchmark[3573364]: INF 2026-07-25 08:31:33.179+00:00 Imported blocks                            blockNumber=3080193 slot=1 blocks=3080192 txs=15974922 mgas=601859 bps=3192 tps=25588 mgps=864.3 avgBps=1761 avgTps=9137 avgMGps=344.3 elapsed=29m8s189ms
Jul 25 08:31:34 nimbus-eth1-mainnet-long-benchmark[3573364]: INF 2026-07-25 08:31:34.923+00:00 Imported blocks                            blockNumber=3088385 slot=1 blocks=3088384 txs=16029796 mgas=603705 bps=4694 tps=31445 mgps=1057 avgBps=1764 avgTps=9160 avgMGps=345.0 elapsed=29m9s934ms
Jul 25 08:31:36 nimbus-eth1-mainnet-long-benchmark[3573364]: INF 2026-07-25 08:31:36.807+00:00 Imported blocks                            blockNumber=3096577 slot=1 blocks=3096576 txs=16093107 mgas=605803 bps=4345 tps=33583 mgps=1113 avgBps=1767 avgTps=9186 avgMGps=345.8 elapsed=29m11s819ms
Jul 25 08:31:39 nimbus-eth1-mainnet-long-benchmark[3573364]: INF 2026-07-25 08:31:39.239+00:00 Imported blocks                            blockNumber=3104769 slot=1 blocks=3104768 txs=16152869 mgas=607928 bps=3372 tps=24599 mgps=874.5 avgBps=1769 avgTps=9207 avgMGps=346.5 elapsed=29m14s249ms
Jul 25 08:31:41 nimbus-eth1-mainnet-long-benchmark[3573364]: INF 2026-07-25 08:31:41.211+00:00 Imported blocks                            blockNumber=3112961 slot=1 blocks=3112960 txs=16211766 mgas=610106 bps=4151 tps=29848 mgps=1104 avgBps=1772 avgTps=9231 avgMGps=347.4 elapsed=29m16s222ms
Jul 25 08:31:43 nimbus-eth1-mainnet-long-benchmark[3573364]: INF 2026-07-25 08:31:42.999+00:00 Imported blocks                            blockNumber=3121153 slot=1 blocks=3121152 txs=16270234 mgas=612081 bps=4581 tps=32701 mgps=1104 avgBps=1775 avgTps=9254 avgMGps=348.2 elapsed=29m18s10ms
Jul 25 08:31:45 nimbus-eth1-mainnet-long-benchmark[3573364]: INF 2026-07-25 08:31:45.483+00:00 Imported blocks                            blockNumber=3129345 slot=1 blocks=3129344 txs=16333790 mgas=614147 bps=3299 tps=25602 mgps=832.2 avgBps=1777 avgTps=9277 avgMGps=348.8 elapsed=29m20s492ms
Jul 25 08:31:47 nimbus-eth1-mainnet-long-benchmark[3573364]: INF 2026-07-25 08:31:47.383+00:00 Imported blocks                            blockNumber=3137537 slot=1 blocks=3137536 txs=16397918 mgas=616368 bps=4306 tps=33709 mgps=1167 avgBps=1780 avgTps=9304 avgMGps=349.7 elapsed=29m22s395ms
Jul 25 08:31:49 nimbus-eth1-mainnet-long-benchmark[3573364]: INF 2026-07-25 08:31:49.479+00:00 Imported blocks                            blockNumber=3145729 slot=1 blocks=3145728 txs=16468380 mgas=619034 bps=3911 tps=33644 mgps=1272 avgBps=1782 avgTps=9333 avgMGps=350.8 elapsed=29m24s489ms
Jul 25 08:31:52 nimbus-eth1-mainnet-long-benchmark[3573364]: INF 2026-07-25 08:31:52.227+00:00 Imported blocks                            blockNumber=3153921 slot=1 blocks=3153920 txs=16533186 mgas=621370 bps=2980 tps=23580 mgps=850.2 avgBps=1784 avgTps=9355 avgMGps=351.6 elapsed=29m27s237ms
Jul 25 08:31:54 nimbus-eth1-mainnet-long-benchmark[3573364]: INF 2026-07-25 08:31:54.663+00:00 Imported blocks                            blockNumber=3162113 slot=1 blocks=3162112 txs=16603260 mgas=624101 bps=3360 tps=28743 mgps=1120 avgBps=1786 avgTps=9382 avgMGps=352.7 elapsed=29m29s675ms
Jul 25 08:31:56 nimbus-eth1-mainnet-long-benchmark[3573364]: INF 2026-07-25 08:31:56.623+00:00 Imported blocks                            blockNumber=3170305 slot=1 blocks=3170304 txs=16663680 mgas=626280 bps=4178 tps=30819 mgps=1111 avgBps=1789 avgTps=9405 avgMGps=353.5 elapsed=29m31s636ms
Jul 25 08:31:59 nimbus-eth1-mainnet-long-benchmark[3573364]: INF 2026-07-25 08:31:59.487+00:00 Imported blocks                            blockNumber=3178497 slot=1 blocks=3178496 txs=16736932 mgas=629390 bps=2863 tps=25601 mgps=1086 avgBps=1791 avgTps=9431 avgMGps=354.7 elapsed=29m34s497ms
Jul 25 08:32:01 nimbus-eth1-mainnet-long-benchmark[3573364]: INF 2026-07-25 08:32:01.723+00:00 Imported blocks                            blockNumber=3186689 slot=1 blocks=3186688 txs=16816013 mgas=632366 bps=3659 tps=35325 mgps=1329 avgBps=1793 avgTps=9464 avgMGps=355.9 elapsed=29m36s736ms
Jul 25 08:32:03 nimbus-eth1-mainnet-long-benchmark[3573364]: INF 2026-07-25 08:32:03.879+00:00 Imported blocks                            blockNumber=3194881 slot=1 blocks=3194880 txs=16887087 mgas=635171 bps=3805 tps=33016 mgps=1302 avgBps=1795 avgTps=9493 avgMGps=357.1 elapsed=29m38s888ms
Jul 25 08:32:06 nimbus-eth1-mainnet-long-benchmark[3573364]: INF 2026-07-25 08:32:06.399+00:00 Imported blocks                            blockNumber=3203073 slot=1 blocks=3203072 txs=16952065 mgas=637522 bps=3247 tps=25761 mgps=932.2 avgBps=1798 avgTps=9516 avgMGps=357.9 elapsed=29m41s410ms
Jul 25 08:32:08 nimbus-eth1-mainnet-long-benchmark[3573364]: INF 2026-07-25 08:32:08.379+00:00 Imported blocks                            blockNumber=3211265 slot=1 blocks=3211264 txs=17020621 mgas=639987 bps=4142 tps=34666 mgps=1246 avgBps=1800 avgTps=9543 avgMGps=358.9 elapsed=29m43s388ms
Jul 25 08:32:10 nimbus-eth1-mainnet-long-benchmark[3573364]: INF 2026-07-25 08:32:10.303+00:00 Imported blocks                            blockNumber=3219457 slot=1 blocks=3219456 txs=17087466 mgas=642273 bps=4258 tps=34745 mgps=1188 avgBps=1803 avgTps=9571 avgMGps=359.8 elapsed=29m45s312ms
Jul 25 08:32:13 nimbus-eth1-mainnet-long-benchmark[3573364]: INF 2026-07-25 08:32:13.063+00:00 Imported blocks                            blockNumber=3227649 slot=1 blocks=3227648 txs=17163229 mgas=645386 bps=2964 tps=27421 mgps=1126 avgBps=1805 avgTps=9598 avgMGps=360.9 elapsed=29m48s75ms
Jul 25 08:32:15 nimbus-eth1-mainnet-long-benchmark[3573364]: INF 2026-07-25 08:32:15.143+00:00 Imported blocks                            blockNumber=3235841 slot=1 blocks=3235840 txs=17232917 mgas=648371 bps=3945 tps=33566 mgps=1437 avgBps=1807 avgTps=9626 avgMGps=362.2 elapsed=29m50s151ms
Jul 25 08:32:17 nimbus-eth1-mainnet-long-benchmark[3573364]: INF 2026-07-25 08:32:17.095+00:00 Imported blocks                            blockNumber=3244033 slot=1 blocks=3244032 txs=17301585 mgas=650660 bps=4192 tps=35142 mgps=1171 avgBps=1810 avgTps=9654 avgMGps=363.1 elapsed=29m52s105ms
Jul 25 08:32:19 nimbus-eth1-mainnet-long-benchmark[3573364]: INF 2026-07-25 08:32:19.815+00:00 Imported blocks                            blockNumber=3252225 slot=1 blocks=3252224 txs=17372755 mgas=653295 bps=3016 tps=26206 mgps=970.2 avgBps=1812 avgTps=9679 avgMGps=364.0 elapsed=29m54s821ms
Jul 25 08:32:21 nimbus-eth1-mainnet-long-benchmark[3573364]: INF 2026-07-25 08:32:21.891+00:00 Imported blocks                            blockNumber=3260417 slot=1 blocks=3260416 txs=17443359 mgas=655777 bps=3945 tps=34005 mgps=1195 avgBps=1814 avgTps=9707 avgMGps=364.9 elapsed=29m56s897ms
Jul 25 08:32:24 nimbus-eth1-mainnet-long-benchmark[3573364]: INF 2026-07-25 08:32:24.211+00:00 Imported blocks                            blockNumber=3268609 slot=1 blocks=3268608 txs=17523233 mgas=658598 bps=3529 tps=34412 mgps=1215 avgBps=1816 avgTps=9739 avgMGps=366.0 elapsed=29m59s218ms
Jul 25 08:32:27 nimbus-eth1-mainnet-long-benchmark[3573364]: INF 2026-07-25 08:32:27.163+00:00 Imported blocks                            blockNumber=3276801 slot=1 blocks=3276800 txs=17605848 mgas=661537 bps=2773 tps=27969 mgps=995.0 avgBps=1818 avgTps=9769 avgMGps=367.1 elapsed=30m2s172ms
Jul 25 08:32:29 nimbus-eth1-mainnet-long-benchmark[3573364]: INF 2026-07-25 08:32:29.627+00:00 Imported blocks                            blockNumber=3284993 slot=1 blocks=3284992 txs=17699312 mgas=664551 bps=3325 tps=37936 mgps=1223 avgBps=1820 avgTps=9807 avgMGps=368.2 elapsed=30m4s635ms
Jul 25 08:32:31 nimbus-eth1-mainnet-long-benchmark[3573364]: INF 2026-07-25 08:32:31.791+00:00 Imported blocks                            blockNumber=3293185 slot=1 blocks=3293184 txs=17780544 mgas=667179 bps=3785 tps=37537 mgps=1214 avgBps=1822 avgTps=9840 avgMGps=369.3 elapsed=30m6s799ms
Jul 25 08:32:34 nimbus-eth1-mainnet-long-benchmark[3573364]: INF 2026-07-25 08:32:34.550+00:00 Imported blocks                            blockNumber=3301377 slot=1 blocks=3301376 txs=17858324 mgas=669688 bps=2970 tps=28203 mgps=909.6 avgBps=1824 avgTps=9868 avgMGps=370.1 elapsed=30m9s557ms
Jul 25 08:32:36 nimbus-eth1-mainnet-long-benchmark[3573364]: INF 2026-07-25 08:32:36.698+00:00 Imported blocks                            blockNumber=3309569 slot=1 blocks=3309568 txs=17943736 mgas=672450 bps=3810 tps=39733 mgps=1284 avgBps=1826 avgTps=9904 avgMGps=371.2 elapsed=30m11s707ms
Jul 25 08:32:38 nimbus-eth1-mainnet-long-benchmark[3573364]: INF 2026-07-25 08:32:38.686+00:00 Imported blocks                            blockNumber=3317761 slot=1 blocks=3317760 txs=18018685 mgas=674814 bps=4122 tps=37713 mgps=1189 avgBps=1829 avgTps=9934 avgMGps=372.1 elapsed=30m13s694ms
Jul 25 08:32:41 nimbus-eth1-mainnet-long-benchmark[3573364]: INF 2026-07-25 08:32:41.846+00:00 Imported blocks                            blockNumber=3325953 slot=1 blocks=3325952 txs=18108227 mgas=677822 bps=2592 tps=28337 mgps=951.9 avgBps=1830 avgTps=9966 avgMGps=373.1 elapsed=30m16s854ms
Jul 25 08:32:44 nimbus-eth1-mainnet-long-benchmark[3573364]: INF 2026-07-25 08:32:44.126+00:00 Imported blocks                            blockNumber=3334145 slot=1 blocks=3334144 txs=18197609 mgas=680860 bps=3591 tps=39188 mgps=1332 avgBps=1832 avgTps=10003 avgMGps=374.3 elapsed=30m19s135ms
Jul 25 08:32:46 nimbus-eth1-mainnet-long-benchmark[3573364]: INF 2026-07-25 08:32:46.462+00:00 Imported blocks                            blockNumber=3342337 slot=1 blocks=3342336 txs=18288621 mgas=683771 bps=3509 tps=38988 mgps=1246 avgBps=1834 avgTps=10040 avgMGps=375.4 elapsed=30m21s469ms
Jul 25 08:32:49 nimbus-eth1-mainnet-long-benchmark[3573364]: INF 2026-07-25 08:32:49.882+00:00 Imported blocks                            blockNumber=3350529 slot=1 blocks=3350528 txs=18401578 mgas=688454 bps=2393 tps=33006 mgps=1368 avgBps=1836 avgTps=10083 avgMGps=377.3 elapsed=30m24s892ms
Jul 25 08:32:52 nimbus-eth1-mainnet-long-benchmark[3573364]: INF 2026-07-25 08:32:52.638+00:00 Imported blocks                            blockNumber=3358721 slot=1 blocks=3358720 txs=18510065 mgas=692279 bps=2974 tps=39386 mgps=1388 avgBps=1837 avgTps=10127 avgMGps=378.8 elapsed=30m27s646ms
Jul 25 08:32:56 nimbus-eth1-mainnet-long-benchmark[3573364]: INF 2026-07-25 08:32:56.002+00:00 Imported blocks                            blockNumber=3366913 slot=1 blocks=3366912 txs=18660313 mgas=697136 bps=2434 tps=44658 mgps=1443 avgBps=1838 avgTps=10191 avgMGps=380.7 elapsed=30m31s10ms
Jul 25 08:32:59 nimbus-eth1-mainnet-long-benchmark[3573364]: INF 2026-07-25 08:32:59.910+00:00 Imported blocks                            blockNumber=3375105 slot=1 blocks=3375104 txs=18789723 mgas=701165 bps=2096 tps=33110 mgps=1030 avgBps=1839 avgTps=10240 avgMGps=382.1 elapsed=30m34s919ms
Jul 25 08:33:02 nimbus-eth1-mainnet-long-benchmark[3573364]: INF 2026-07-25 08:33:02.606+00:00 Imported blocks                            blockNumber=3383297 slot=1 blocks=3383296 txs=18908682 mgas=704762 bps=3037 tps=44106 mgps=1333 avgBps=1841 avgTps=10289 avgMGps=383.5 elapsed=30m37s616ms
Jul 25 08:33:05 nimbus-eth1-mainnet-long-benchmark[3573364]: INF 2026-07-25 08:33:05.334+00:00 Imported blocks                            blockNumber=3391489 slot=1 blocks=3391488 txs=19021713 mgas=708381 bps=3003 tps=41438 mgps=1326 avgBps=1842 avgTps=10335 avgMGps=384.9 elapsed=30m40s343ms
Jul 25 08:33:08 nimbus-eth1-mainnet-long-benchmark[3573364]: INF 2026-07-25 08:33:08.598+00:00 Imported blocks                            blockNumber=3399681 slot=1 blocks=3399680 txs=19131415 mgas=711977 bps=2511 tps=33628 mgps=1102 avgBps=1844 avgTps=10377 avgMGps=386.2 elapsed=30m43s606ms
Jul 25 08:33:11 nimbus-eth1-mainnet-long-benchmark[3573364]: INF 2026-07-25 08:33:11.222+00:00 Imported blocks                            blockNumber=3407873 slot=1 blocks=3407872 txs=19243756 mgas=715685 bps=3121 tps=42805 mgps=1412 avgBps=1845 avgTps=10423 avgMGps=387.6 elapsed=30m46s230ms
Jul 25 08:33:13 nimbus-eth1-mainnet-long-benchmark[3573364]: INF 2026-07-25 08:33:13.962+00:00 Imported blocks                            blockNumber=3416065 slot=1 blocks=3416064 txs=19364845 mgas=719460 bps=2990 tps=44207 mgps=1378 avgBps=1847 avgTps=10473 avgMGps=389.1 elapsed=30m48s969ms
Jul 25 08:33:17 nimbus-eth1-mainnet-long-benchmark[3573364]: INF 2026-07-25 08:33:17.338+00:00 Imported blocks                            blockNumber=3424257 slot=1 blocks=3424256 txs=19476133 mgas=722974 bps=2427 tps=32972 mgps=1041 avgBps=1848 avgTps=10514 avgMGps=390.3 elapsed=30m52s344ms
Jul 25 08:33:20 nimbus-eth1-mainnet-long-benchmark[3573364]: INF 2026-07-25 08:33:20.450+00:00 Imported blocks                            blockNumber=3432449 slot=1 blocks=3432448 txs=19602685 mgas=727493 bps=2629 tps=40626 mgps=1450 avgBps=1849 avgTps=10564 avgMGps=392.1 elapsed=30m55s459ms
Jul 25 08:33:23 nimbus-eth1-mainnet-long-benchmark[3573364]: INF 2026-07-25 08:33:23.418+00:00 Imported blocks                            blockNumber=3440641 slot=1 blocks=3440640 txs=19719424 mgas=731341 bps=2759 tps=39330 mgps=1296 avgBps=1851 avgTps=10610 avgMGps=393.5 elapsed=30m58s427ms
Jul 25 08:33:27 nimbus-eth1-mainnet-long-benchmark[3573364]: INF 2026-07-25 08:33:27.294+00:00 Imported blocks                            blockNumber=3448833 slot=1 blocks=3448832 txs=19856929 mgas=735991 bps=2114 tps=35497 mgps=1200 avgBps=1851 avgTps=10662 avgMGps=395.2 elapsed=31m2s301ms
Jul 25 08:33:30 nimbus-eth1-mainnet-long-benchmark[3573364]: INF 2026-07-25 08:33:30.522+00:00 Imported blocks                            blockNumber=3457025 slot=1 blocks=3457024 txs=19989301 mgas=740346 bps=2536 tps=40981 mgps=1348 avgBps=1853 avgTps=10715 avgMGps=396.9 elapsed=31m5s531ms
Jul 25 08:33:33 nimbus-eth1-mainnet-long-benchmark[3573364]: INF 2026-07-25 08:33:33.502+00:00 Imported blocks                            blockNumber=3465217 slot=1 blocks=3465216 txs=20105739 mgas=744219 bps=2749 tps=39082 mgps=1299 avgBps=1854 avgTps=10760 avgMGps=398.3 elapsed=31m8s510ms
Jul 25 08:33:37 nimbus-eth1-mainnet-long-benchmark[3573364]: INF 2026-07-25 08:33:37.321+00:00 Imported blocks                            blockNumber=3473409 slot=1 blocks=3473408 txs=20244697 mgas=748824 bps=2144 tps=36371 mgps=1205 avgBps=1855 avgTps=10812 avgMGps=399.9 elapsed=31m12s331ms
Jul 25 08:33:40 nimbus-eth1-mainnet-long-benchmark[3573364]: INF 2026-07-25 08:33:40.325+00:00 Imported blocks                            blockNumber=3481601 slot=1 blocks=3481600 txs=20359934 mgas=752728 bps=2727 tps=38364 mgps=1299 avgBps=1856 avgTps=10856 avgMGps=401.4 elapsed=31m15s335ms
Jul 25 08:33:43 nimbus-eth1-mainnet-long-benchmark[3573364]: INF 2026-07-25 08:33:43.581+00:00 Imported blocks                            blockNumber=3489793 slot=1 blocks=3489792 txs=20489247 mgas=757133 bps=2516 tps=39725 mgps=1353 avgBps=1857 avgTps=10906 avgMGps=403.0 elapsed=31m18s590ms
Jul 25 08:33:46 nimbus-eth1-mainnet-long-benchmark[3573364]: INF 2026-07-25 08:33:46.825+00:00 Imported blocks                            blockNumber=3497985 slot=1 blocks=3497984 txs=20610573 mgas=761275 bps=2524 tps=37390 mgps=1276 avgBps=1858 avgTps=10952 avgMGps=404.5 elapsed=31m21s835ms
Jul 25 08:33:49 nimbus-eth1-mainnet-long-benchmark[3573364]: INF 2026-07-25 08:33:49.533+00:00 Imported blocks                            blockNumber=3506177 slot=1 blocks=3506176 txs=20712514 mgas=764733 bps=3026 tps=37662 mgps=1277 avgBps=1860 avgTps=10990 avgMGps=405.8 elapsed=31m24s541ms
Jul 25 08:33:52 nimbus-eth1-mainnet-long-benchmark[3573364]: INF 2026-07-25 08:33:52.417+00:00 Imported blocks                            blockNumber=3514369 slot=1 blocks=3514368 txs=20816987 mgas=768535 bps=2839 tps=36216 mgps=1317 avgBps=1861 avgTps=11029 avgMGps=407.2 elapsed=31m27s426ms
Jul 25 08:33:55 nimbus-eth1-mainnet-long-benchmark[3573364]: INF 2026-07-25 08:33:55.561+00:00 Imported blocks                            blockNumber=3522561 slot=1 blocks=3522560 txs=20927650 mgas=772428 bps=2606 tps=35209 mgps=1238 avgBps=1863 avgTps=11069 avgMGps=408.6 elapsed=31m30s569ms
Jul 25 08:33:58 nimbus-eth1-mainnet-long-benchmark[3573364]: INF 2026-07-25 08:33:58.629+00:00 Imported blocks                            blockNumber=3530753 slot=1 blocks=3530752 txs=21045786 mgas=776787 bps=2669 tps=38490 mgps=1420 avgBps=1864 avgTps=11113 avgMGps=410.2 elapsed=31m33s638ms
Jul 25 08:34:01 nimbus-eth1-mainnet-long-benchmark[3573364]: INF 2026-07-25 08:34:01.961+00:00 Imported blocks                            blockNumber=3538945 slot=1 blocks=3538944 txs=21162324 mgas=780744 bps=2458 tps=34970 mgps=1187 avgBps=1865 avgTps=11155 avgMGps=411.6 elapsed=31m36s971ms
Jul 25 08:34:04 nimbus-eth1-mainnet-long-benchmark[3573364]: INF 2026-07-25 08:34:04.897+00:00 Imported blocks                            blockNumber=3547137 slot=1 blocks=3547136 txs=21259923 mgas=784269 bps=2789 tps=33233 mgps=1200 avgBps=1867 avgTps=11189 avgMGps=412.8 elapsed=31m39s907ms
Jul 25 08:34:08 nimbus-eth1-mainnet-long-benchmark[3573364]: INF 2026-07-25 08:34:08.065+00:00 Imported blocks                            blockNumber=3555329 slot=1 blocks=3555328 txs=21365417 mgas=788221 bps=2587 tps=33327 mgps=1248 avgBps=1868 avgTps=11226 avgMGps=414.2 elapsed=31m43s73ms
Jul 25 08:34:11 nimbus-eth1-mainnet-long-benchmark[3573364]: INF 2026-07-25 08:34:11.417+00:00 Imported blocks                            blockNumber=3563521 slot=1 blocks=3563520 txs=21479194 mgas=792760 bps=2442 tps=33928 mgps=1353 avgBps=1869 avgTps=11266 avgMGps=415.8 elapsed=31m46s426ms
Jul 25 08:34:15 nimbus-eth1-mainnet-long-benchmark[3573364]: INF 2026-07-25 08:34:15.273+00:00 Imported blocks                            blockNumber=3571713 slot=1 blocks=3571712 txs=21601426 mgas=797692 bps=2124 tps=31705 mgps=1279 avgBps=1869 avgTps=11307 avgMGps=417.6 elapsed=31m50s282ms
Jul 25 08:34:18 nimbus-eth1-mainnet-long-benchmark[3573364]: INF 2026-07-25 08:34:18.549+00:00 Imported blocks                            blockNumber=3579905 slot=1 blocks=3579904 txs=21714943 mgas=803063 bps=2499 tps=34635 mgps=1638 avgBps=1870 avgTps=11347 avgMGps=419.7 elapsed=31m53s559ms
Jul 25 08:34:21 nimbus-eth1-mainnet-long-benchmark[3573364]: INF 2026-07-25 08:34:21.925+00:00 Imported blocks                            blockNumber=3588097 slot=1 blocks=3588096 txs=21818694 mgas=806982 bps=2427 tps=30737 mgps=1161 avgBps=1871 avgTps=11382 avgMGps=421.0 elapsed=31m56s934ms
Jul 25 08:34:25 nimbus-eth1-mainnet-long-benchmark[3573364]: INF 2026-07-25 08:34:25.809+00:00 Imported blocks                            blockNumber=3596289 slot=1 blocks=3596288 txs=21930951 mgas=811315 bps=2110 tps=28920 mgps=1116 avgBps=1872 avgTps=11417 avgMGps=422.4 elapsed=32m816ms455us
Jul 25 08:34:29 nimbus-eth1-mainnet-long-benchmark[3573364]: INF 2026-07-25 08:34:29.585+00:00 Imported blocks                            blockNumber=3604481 slot=1 blocks=3604480 txs=22067570 mgas=816605 bps=2169 tps=36178 mgps=1400 avgBps=1872 avgTps=11466 avgMGps=424.3 elapsed=32m4s592ms
Jul 25 08:34:33 nimbus-eth1-mainnet-long-benchmark[3573364]: INF 2026-07-25 08:34:33.325+00:00 Imported blocks                            blockNumber=3612673 slot=1 blocks=3612672 txs=22210728 mgas=821860 bps=2190 tps=38277 mgps=1405 avgBps=1873 avgTps=11518 avgMGps=426.2 elapsed=32m8s332ms
Jul 25 08:34:37 nimbus-eth1-mainnet-long-benchmark[3573364]: INF 2026-07-25 08:34:37.725+00:00 Imported blocks                            blockNumber=3620865 slot=1 blocks=3620864 txs=22356473 mgas=826729 bps=1860 tps=33102 mgps=1105 avgBps=1873 avgTps=11567 avgMGps=427.8 elapsed=32m12s735ms
Jul 25 08:34:41 nimbus-eth1-mainnet-long-benchmark[3573364]: INF 2026-07-25 08:34:41.428+00:00 Imported blocks                            blockNumber=3629057 slot=1 blocks=3629056 txs=22493035 mgas=831609 bps=2212 tps=36882 mgps=1317 avgBps=1874 avgTps=11615 avgMGps=429.5 elapsed=32m16s438ms
Jul 25 08:34:45 nimbus-eth1-mainnet-long-benchmark[3573364]: INF 2026-07-25 08:34:45.660+00:00 Imported blocks                            blockNumber=3637249 slot=1 blocks=3637248 txs=22653459 mgas=838015 bps=1935 tps=37905 mgps=1513 avgBps=1874 avgTps=11673 avgMGps=431.8 elapsed=32m20s670ms
Jul 25 08:34:50 nimbus-eth1-mainnet-long-benchmark[3573364]: INF 2026-07-25 08:34:49.996+00:00 Imported blocks                            blockNumber=3645441 slot=1 blocks=3645440 txs=22803895 mgas=843797 bps=1888 tps=34685 mgps=1333 avgBps=1874 avgTps=11724 avgMGps=433.8 elapsed=32m25s7ms
Jul 25 08:34:54 nimbus-eth1-mainnet-long-benchmark[3573364]: INF 2026-07-25 08:34:54.256+00:00 Imported blocks                            blockNumber=3653633 slot=1 blocks=3653632 txs=22971454 mgas=849617 bps=1923 tps=39336 mgps=1366 avgBps=1874 avgTps=11784 avgMGps=435.9 elapsed=32m29s267ms
Jul 25 08:34:58 nimbus-eth1-mainnet-long-benchmark[3573364]: INF 2026-07-25 08:34:58.052+00:00 Imported blocks                            blockNumber=3661825 slot=1 blocks=3661824 txs=23113579 mgas=854946 bps=2158 tps=37448 mgps=1404 avgBps=1874 avgTps=11834 avgMGps=437.7 elapsed=32m33s62ms
Jul 25 08:35:02 nimbus-eth1-mainnet-long-benchmark[3573364]: INF 2026-07-25 08:35:02.724+00:00 Imported blocks                            blockNumber=3670017 slot=1 blocks=3670016 txs=23265845 mgas=861247 bps=1753 tps=32592 mgps=1348 avgBps=1874 avgTps=11884 avgMGps=439.9 elapsed=32m37s734ms
Jul 25 08:35:07 nimbus-eth1-mainnet-long-benchmark[3573364]: INF 2026-07-25 08:35:07.056+00:00 Imported blocks                            blockNumber=3678209 slot=1 blocks=3678208 txs=23435342 mgas=867818 bps=1891 tps=39139 mgps=1517 avgBps=1874 avgTps=11944 avgMGps=442.3 elapsed=32m42s64ms
Jul 25 08:35:11 nimbus-eth1-mainnet-long-benchmark[3573364]: INF 2026-07-25 08:35:11.564+00:00 Imported blocks                            blockNumber=3686401 slot=1 blocks=3686400 txs=23591592 mgas=875166 bps=1816 tps=34653 mgps=1629 avgBps=1874 avgTps=11996 avgMGps=445.0 elapsed=32m46s573ms
Jul 25 08:35:16 nimbus-eth1-mainnet-long-benchmark[3573364]: INF 2026-07-25 08:35:16.624+00:00 Imported blocks                            blockNumber=3694593 slot=1 blocks=3694592 txs=23758936 mgas=882502 bps=1618 tps=33056 mgps=1449 avgBps=1873 avgTps=12050 avgMGps=447.6 elapsed=32m51s636ms
Jul 25 08:35:21 nimbus-eth1-mainnet-long-benchmark[3573364]: INF 2026-07-25 08:35:21.088+00:00 Imported blocks                            blockNumber=3702785 slot=1 blocks=3702784 txs=23906638 mgas=890038 bps=1835 tps=33094 mgps=1688 avgBps=1873 avgTps=12097 avgMGps=450.4 elapsed=32m56s99ms
Jul 25 08:35:26 nimbus-eth1-mainnet-long-benchmark[3573364]: INF 2026-07-25 08:35:26.044+00:00 Imported blocks                            blockNumber=3710977 slot=1 blocks=3710976 txs=24074925 mgas=898232 bps=1652 tps=33953 mgps=1653 avgBps=1873 avgTps=12152 avgMGps=453.4 elapsed=33m1s55ms
Jul 25 08:35:31 nimbus-eth1-mainnet-long-benchmark[3573364]: INF 2026-07-25 08:35:31.712+00:00 Imported blocks                            blockNumber=3719169 slot=1 blocks=3719168 txs=24251666 mgas=908116 bps=1445 tps=31185 mgps=1743 avgBps=1872 avgTps=12206 avgMGps=457.1 elapsed=33m6s723ms
Jul 25 08:35:37 nimbus-eth1-mainnet-long-benchmark[3573364]: INF 2026-07-25 08:35:37.972+00:00 Imported blocks                            blockNumber=3727361 slot=1 blocks=3727360 txs=24465747 mgas=919567 bps=1308 tps=34202 mgps=1829 avgBps=1870 avgTps=12275 avgMGps=461.4 elapsed=33m12s982ms
Jul 25 08:35:44 nimbus-eth1-mainnet-long-benchmark[3573364]: INF 2026-07-25 08:35:44.667+00:00 Imported blocks                            blockNumber=3735553 slot=1 blocks=3735552 txs=24695074 mgas=931763 bps=1223 tps=34252 mgps=1821 avgBps=1868 avgTps=12349 avgMGps=466.0 elapsed=33m19s677ms
Jul 25 08:35:50 nimbus-eth1-mainnet-long-benchmark[3573364]: INF 2026-07-25 08:35:50.739+00:00 Imported blocks                            blockNumber=3743745 slot=1 blocks=3743744 txs=24897017 mgas=942377 bps=1349 tps=33257 mgps=1747 avgBps=1866 avgTps=12412 avgMGps=469.8 elapsed=33m25s749ms
Jul 25 08:35:57 nimbus-eth1-mainnet-long-benchmark[3573364]: INF 2026-07-25 08:35:57.799+00:00 Imported blocks                            blockNumber=3751937 slot=1 blocks=3751936 txs=25157423 mgas=954976 bps=1160 tps=36876 mgps=1784 avgBps=1864 avgTps=12498 avgMGps=474.4 elapsed=33m32s811ms
Jul 25 08:36:05 nimbus-eth1-mainnet-long-benchmark[3573364]: INF 2026-07-25 08:36:05.699+00:00 Imported blocks                            blockNumber=3760129 slot=1 blocks=3760128 txs=25435951 mgas=970755 bps=1036 tps=35251 mgps=1997 avgBps=1860 avgTps=12587 avgMGps=480.4 elapsed=33m40s712ms
Jul 25 08:36:13 nimbus-eth1-mainnet-long-benchmark[3573364]: INF 2026-07-25 08:36:13.931+00:00 Imported blocks                            blockNumber=3768321 slot=1 blocks=3768320 txs=25714964 mgas=987106 bps=995.4 tps=33902 mgps=1986 avgBps=1857 avgTps=12674 avgMGps=486.5 elapsed=33m48s941ms
Jul 25 08:36:20 nimbus-eth1-mainnet-long-benchmark[3573364]: INF 2026-07-25 08:36:20.939+00:00 Imported blocks                            blockNumber=3776513 slot=1 blocks=3776512 txs=25959502 mgas=1000629 bps=1168 tps=34883 mgps=1929 avgBps=1854 avgTps=12750 avgMGps=491.5 elapsed=33m55s951ms
Jul 25 08:36:28 nimbus-eth1-mainnet-long-benchmark[3573364]: INF 2026-07-25 08:36:28.019+00:00 Imported blocks                            blockNumber=3784705 slot=1 blocks=3784704 txs=26184324 mgas=1013346 bps=1157 tps=31755 mgps=1796 avgBps=1852 avgTps=12816 avgMGps=496.0 elapsed=34m3s31ms
Jul 25 08:36:35 nimbus-eth1-mainnet-long-benchmark[3573364]: INF 2026-07-25 08:36:35.559+00:00 Imported blocks                            blockNumber=3792897 slot=1 blocks=3792896 txs=26433319 mgas=1026938 bps=1087 tps=33051 mgps=1804 avgBps=1849 avgTps=12890 avgMGps=500.8 elapsed=34m10s565ms
Jul 25 08:36:44 nimbus-eth1-mainnet-long-benchmark[3573364]: INF 2026-07-25 08:36:44.110+00:00 Imported blocks                            blockNumber=3801089 slot=1 blocks=3801088 txs=26747621 mgas=1046771 bps=957.7 tps=36742 mgps=2318 avgBps=1845 avgTps=12989 avgMGps=508.4 elapsed=34m19s119ms
Jul 25 08:36:56 nimbus-eth1-mainnet-long-benchmark[3573364]: INF 2026-07-25 08:36:56.046+00:00 Imported blocks                            blockNumber=3809281 slot=1 blocks=3809280 txs=27061297 mgas=1064751 bps=686.4 tps=26282 mgps=1506 avgBps=1839 avgTps=13066 avgMGps=514.1 elapsed=34m31s53ms
Jul 25 08:37:06 nimbus-eth1-mainnet-long-benchmark[3573364]: INF 2026-07-25 08:37:06.186+00:00 Imported blocks                            blockNumber=3817473 slot=1 blocks=3817472 txs=27341915 mgas=1081444 bps=808.0 tps=27677 mgps=1646 avgBps=1834 avgTps=13137 avgMGps=519.6 elapsed=34m41s192ms
Jul 25 08:37:15 nimbus-eth1-mainnet-long-benchmark[3573364]: INF 2026-07-25 08:37:15.198+00:00 Imported blocks                            blockNumber=3825665 slot=1 blocks=3825664 txs=27638029 mgas=1097397 bps=908.7 tps=32845 mgps=1769 avgBps=1830 avgTps=13222 avgMGps=525.0 elapsed=34m50s208ms
Jul 25 08:37:25 nimbus-eth1-mainnet-long-benchmark[3573364]: INF 2026-07-25 08:37:25.106+00:00 Imported blocks                            blockNumber=3833857 slot=1 blocks=3833856 txs=27955783 mgas=1114890 bps=827.0 tps=32078 mgps=1765 avgBps=1825 avgTps=13311 avgMGps=530.9 elapsed=35m113ms600us
Jul 25 08:37:35 nimbus-eth1-mainnet-long-benchmark[3573364]: INF 2026-07-25 08:37:35.274+00:00 Imported blocks                            blockNumber=3842049 slot=1 blocks=3842048 txs=28261640 mgas=1132042 bps=805.7 tps=30083 mgps=1686 avgBps=1820 avgTps=13392 avgMGps=536.4 elapsed=35m10s280ms
Jul 25 08:37:45 nimbus-eth1-mainnet-long-benchmark[3573364]: INF 2026-07-25 08:37:45.182+00:00 Imported blocks                            blockNumber=3850241 slot=1 blocks=3850240 txs=28586948 mgas=1148180 bps=826.7 tps=32828 mgps=1628 avgBps=1815 avgTps=13483 avgMGps=541.5 elapsed=35m20s189ms
Jul 25 08:37:55 nimbus-eth1-mainnet-long-benchmark[3573364]: INF 2026-07-25 08:37:55.825+00:00 Imported blocks                            blockNumber=3858433 slot=1 blocks=3858432 txs=28952806 mgas=1166696 bps=769.5 tps=34366 mgps=1739 avgBps=1810 avgTps=13587 avgMGps=547.5 elapsed=35m30s835ms
Jul 25 08:38:08 nimbus-eth1-mainnet-long-benchmark[3573364]: INF 2026-07-25 08:38:08.773+00:00 Imported blocks                            blockNumber=3866625 slot=1 blocks=3866624 txs=29403805 mgas=1188428 bps=632.7 tps=34830 mgps=1678 avgBps=1803 avgTps=13715 avgMGps=554.4 elapsed=35m43s783ms
Jul 25 08:38:20 nimbus-eth1-mainnet-long-benchmark[3573364]: INF 2026-07-25 08:38:20.669+00:00 Imported blocks                            blockNumber=3874817 slot=1 blocks=3874816 txs=29807677 mgas=1206857 bps=688.8 tps=33959 mgps=1549 avgBps=1797 avgTps=13827 avgMGps=559.9 elapsed=35m55s676ms
Jul 25 08:38:32 nimbus-eth1-mainnet-long-benchmark[3573364]: INF 2026-07-25 08:38:32.417+00:00 Imported blocks                            blockNumber=3883009 slot=1 blocks=3883008 txs=30207027 mgas=1225365 bps=697.1 tps=33984 mgps=1575 avgBps=1791 avgTps=13936 avgMGps=565.4 elapsed=36m7s427ms
Jul 25 08:38:43 nimbus-eth1-mainnet-long-benchmark[3573364]: INF 2026-07-25 08:38:43.737+00:00 Imported blocks                            blockNumber=3891201 slot=1 blocks=3891200 txs=30573169 mgas=1242981 bps=723.8 tps=32348 mgps=1556 avgBps=1785 avgTps=14032 avgMGps=570.5 elapsed=36m18s745ms
Jul 25 08:38:56 nimbus-eth1-mainnet-long-benchmark[3573364]: INF 2026-07-25 08:38:56.108+00:00 Imported blocks                            blockNumber=3899393 slot=1 blocks=3899392 txs=30974567 mgas=1263036 bps=662.2 tps=32445 mgps=1621 avgBps=1779 avgTps=14136 avgMGps=576.4 elapsed=36m31s117ms
Jul 25 08:39:09 nimbus-eth1-mainnet-long-benchmark[3573364]: INF 2026-07-25 08:39:09.108+00:00 Imported blocks                            blockNumber=3907585 slot=1 blocks=3907584 txs=31442086 mgas=1289672 bps=630.2 tps=35963 mgps=2048 avgBps=1772 avgTps=14265 avgMGps=585.1 elapsed=36m44s117ms
Jul 25 08:39:22 nimbus-eth1-mainnet-long-benchmark[3573364]: INF 2026-07-25 08:39:22.300+00:00 Imported blocks                            blockNumber=3915777 slot=1 blocks=3915776 txs=31890166 mgas=1317182 bps=620.9 tps=33960 mgps=2085 avgBps=1766 avgTps=14382 avgMGps=594.0 elapsed=36m57s311ms
Jul 25 08:39:35 nimbus-eth1-mainnet-long-benchmark[3573364]: INF 2026-07-25 08:39:35.016+00:00 Imported blocks                            blockNumber=3923969 slot=1 blocks=3923968 txs=32335303 mgas=1339388 bps=644.2 tps=35003 mgps=1746 avgBps=1759 avgTps=14499 avgMGps=600.6 elapsed=37m10s28ms
Jul 25 08:39:47 nimbus-eth1-mainnet-long-benchmark[3573364]: INF 2026-07-25 08:39:47.264+00:00 Imported blocks                            blockNumber=3932161 slot=1 blocks=3932160 txs=32729247 mgas=1359581 bps=668.9 tps=32166 mgps=1648 avgBps=1753 avgTps=14596 avgMGps=606.3 elapsed=37m22s275ms
Jul 25 08:40:01 nimbus-eth1-mainnet-long-benchmark[3573364]: INF 2026-07-25 08:40:01.523+00:00 Imported blocks                            blockNumber=3940353 slot=1 blocks=3940352 txs=33203684 mgas=1380729 bps=574.5 tps=33269 mgps=1482 avgBps=1746 avgTps=14714 avgMGps=611.9 elapsed=37m36s536ms
Jul 25 08:40:17 nimbus-eth1-mainnet-long-benchmark[3573364]: INF 2026-07-25 08:40:17.343+00:00 Imported blocks                            blockNumber=3948545 slot=1 blocks=3948544 txs=33656420 mgas=1405567 bps=517.9 tps=28619 mgps=1570 avgBps=1737 avgTps=14811 avgMGps=618.6 elapsed=37m52s355ms
Jul 25 08:40:31 nimbus-eth1-mainnet-long-benchmark[3573364]: INF 2026-07-25 08:40:31.347+00:00 Imported blocks                            blockNumber=3956737 slot=1 blocks=3956736 txs=34065617 mgas=1427412 bps=585.0 tps=29223 mgps=1560 avgBps=1730 avgTps=14899 avgMGps=624.3 elapsed=38m6s357ms
Jul 25 08:40:45 nimbus-eth1-mainnet-long-benchmark[3573364]: INF 2026-07-25 08:40:45.591+00:00 Imported blocks                            blockNumber=3964929 slot=1 blocks=3964928 txs=34456817 mgas=1448293 bps=575.2 tps=27468 mgps=1466 avgBps=1723 avgTps=14977 avgMGps=629.5 elapsed=38m20s599ms
Jul 25 08:41:01 nimbus-eth1-mainnet-long-benchmark[3573364]: INF 2026-07-25 08:41:01.922+00:00 Imported blocks                            blockNumber=3973121 slot=1 blocks=3973120 txs=34937474 mgas=1473277 bps=501.7 tps=29435 mgps=1530 avgBps=1714 avgTps=15079 avgMGps=635.9 elapsed=38m36s928ms
Jul 25 08:41:18 nimbus-eth1-mainnet-long-benchmark[3573364]: INF 2026-07-25 08:41:18.078+00:00 Imported blocks                            blockNumber=3981313 slot=1 blocks=3981312 txs=35377310 mgas=1497710 bps=507.0 tps=27222 mgps=1512 avgBps=1706 avgTps=15163 avgMGps=641.9 elapsed=38m53s85ms
Jul 25 08:41:33 nimbus-eth1-mainnet-long-benchmark[3573364]: INF 2026-07-25 08:41:33.802+00:00 Imported blocks                            blockNumber=3989505 slot=1 blocks=3989504 txs=35833415 mgas=1519913 bps=521.0 tps=29006 mgps=1412 avgBps=1698 avgTps=15255 avgMGps=647.1 elapsed=39m8s810ms
Jul 25 08:41:47 nimbus-eth1-mainnet-long-benchmark[3573364]: INF 2026-07-25 08:41:47.714+00:00 Imported blocks                            blockNumber=3997697 slot=1 blocks=3997696 txs=36234956 mgas=1539698 bps=588.8 tps=28862 mgps=1422 avgBps=1691 avgTps=15336 avgMGps=651.7 elapsed=39m22s722ms
Jul 25 08:42:02 nimbus-eth1-mainnet-long-benchmark[3573364]: INF 2026-07-25 08:42:02.845+00:00 Imported blocks                            blockNumber=4005889 slot=1 blocks=4005888 txs=36703407 mgas=1561188 bps=541.4 tps=30957 mgps=1420 avgBps=1684 avgTps=15435 avgMGps=656.6 elapsed=39m37s854ms
Jul 25 08:42:20 nimbus-eth1-mainnet-long-benchmark[3573364]: INF 2026-07-25 08:42:20.769+00:00 Imported blocks                            blockNumber=4014081 slot=1 blocks=4014080 txs=37224496 mgas=1586802 bps=457.0 tps=29072 mgps=1429 avgBps=1675 avgTps=15537 avgMGps=662.3 elapsed=39m55s778ms
Jul 25 08:42:36 nimbus-eth1-mainnet-long-benchmark[3573364]: INF 2026-07-25 08:42:36.933+00:00 Imported blocks                            blockNumber=4022273 slot=1 blocks=4022272 txs=37690228 mgas=1612379 bps=506.8 tps=28814 mgps=1582 avgBps=1667 avgTps=15626 avgMGps=668.5 elapsed=40m11s941ms
Jul 25 08:42:51 nimbus-eth1-mainnet-long-benchmark[3573364]: INF 2026-07-25 08:42:51.605+00:00 Imported blocks                            blockNumber=4030465 slot=1 blocks=4030464 txs=38112873 mgas=1631451 bps=558.4 tps=28807 mgps=1299 avgBps=1660 avgTps=15706 avgMGps=672.3 elapsed=40m26s612ms
Jul 25 08:43:07 nimbus-eth1-mainnet-long-benchmark[3573364]: INF 2026-07-25 08:43:07.148+00:00 Imported blocks                            blockNumber=4038657 slot=1 blocks=4038656 txs=38565638 mgas=1653039 bps=526.9 tps=29120 mgps=1388 avgBps=1653 avgTps=15791 avgMGps=676.9 elapsed=40m42s160ms
Jul 25 08:43:23 nimbus-eth1-mainnet-long-benchmark[3573364]: INF 2026-07-25 08:43:23.344+00:00 Imported blocks                            blockNumber=4046849 slot=1 blocks=4046848 txs=39059974 mgas=1677245 bps=505.9 tps=30528 mgps=1494 avgBps=1646 avgTps=15888 avgMGps=682.3 elapsed=40m58s352ms
Jul 25 08:43:37 nimbus-eth1-mainnet-long-benchmark[3573364]: INF 2026-07-25 08:43:37.236+00:00 Imported blocks                            blockNumber=4055041 slot=1 blocks=4055040 txs=39487144 mgas=1696973 bps=589.6 tps=30746 mgps=1419 avgBps=1640 avgTps=15972 avgMGps=686.4 elapsed=41m12s246ms
Jul 25 08:43:50 nimbus-eth1-mainnet-long-benchmark[3573364]: INF 2026-07-25 08:43:50.768+00:00 Imported blocks                            blockNumber=4063233 slot=1 blocks=4063232 txs=39896376 mgas=1714917 bps=605.4 tps=30240 mgps=1325 avgBps=1634 avgTps=16049 avgMGps=689.9 elapsed=41m25s778ms
Jul 25 08:44:06 nimbus-eth1-mainnet-long-benchmark[3573364]: INF 2026-07-25 08:44:06.495+00:00 Imported blocks                            blockNumber=4071425 slot=1 blocks=4071424 txs=40351545 mgas=1737669 bps=520.8 tps=28939 mgps=1446 avgBps=1627 avgTps=16130 avgMGps=694.6 elapsed=41m41s507ms
Jul 25 08:44:20 nimbus-eth1-mainnet-long-benchmark[3573364]: INF 2026-07-25 08:44:20.099+00:00 Imported blocks                            blockNumber=4079617 slot=1 blocks=4079616 txs=40763097 mgas=1758062 bps=602.3 tps=30256 mgps=1499 avgBps=1622 avgTps=16207 avgMGps=699.0 elapsed=41m55s109ms
Jul 25 08:44:34 nimbus-eth1-mainnet-long-benchmark[3573364]: INF 2026-07-25 08:44:34.071+00:00 Imported blocks                            blockNumber=4087809 slot=1 blocks=4087808 txs=41165923 mgas=1777579 bps=586.3 tps=28831 mgps=1396 avgBps=1616 avgTps=16277 avgMGps=702.9 elapsed=42m9s81ms
Jul 25 08:44:46 nimbus-eth1-mainnet-long-benchmark[3573364]: INF 2026-07-25 08:44:46.147+00:00 Imported blocks                            blockNumber=4096001 slot=1 blocks=4096000 txs=41516434 mgas=1795887 bps=678.4 tps=29024 mgps=1516 avgBps=1611 avgTps=16337 avgMGps=706.7 elapsed=42m21s157ms
Jul 25 08:45:01 nimbus-eth1-mainnet-long-benchmark[3573364]: INF 2026-07-25 08:45:01.447+00:00 Imported blocks                            blockNumber=4104193 slot=1 blocks=4104192 txs=41958138 mgas=1819167 bps=535.6 tps=28876 mgps=1521 avgBps=1605 avgTps=16412 avgMGps=711.6 elapsed=42m36s453ms
Jul 25 08:45:18 nimbus-eth1-mainnet-long-benchmark[3573364]: INF 2026-07-25 08:45:18.886+00:00 Imported blocks                            blockNumber=4112385 slot=1 blocks=4112384 txs=42432539 mgas=1843744 bps=469.8 tps=27203 mgps=1409 avgBps=1597 avgTps=16485 avgMGps=716.3 elapsed=42m53s892ms
Jul 25 08:45:36 nimbus-eth1-mainnet-long-benchmark[3573364]: INF 2026-07-25 08:45:36.926+00:00 Imported blocks                            blockNumber=4120577 slot=1 blocks=4120576 txs=42944928 mgas=1869613 bps=454.0 tps=28398 mgps=1433 avgBps=1589 avgTps=16568 avgMGps=721.3 elapsed=43m11s935ms
Jul 25 08:45:55 nimbus-eth1-mainnet-long-benchmark[3573364]: INF 2026-07-25 08:45:55.418+00:00 Imported blocks                            blockNumber=4128769 slot=1 blocks=4128768 txs=43484550 mgas=1895091 bps=443.0 tps=29180 mgps=1377 avgBps=1581 avgTps=16658 avgMGps=726.0 elapsed=43m30s427ms
Jul 25 08:46:16 nimbus-eth1-mainnet-long-benchmark[3573364]: INF 2026-07-25 08:46:16.065+00:00 Imported blocks                            blockNumber=4136961 slot=1 blocks=4136960 txs=44096680 mgas=1925617 bps=396.8 tps=29647 mgps=1478 avgBps=1572 avgTps=16759 avgMGps=731.9 elapsed=43m51s74ms
Jul 25 08:46:38 nimbus-eth1-mainnet-long-benchmark[3573364]: INF 2026-07-25 08:46:38.401+00:00 Imported blocks                            blockNumber=4145153 slot=1 blocks=4145152 txs=44766508 mgas=1956933 bps=366.8 tps=29989 mgps=1402 avgBps=1562 avgTps=16871 avgMGps=737.5 elapsed=44m13s410ms
Jul 25 08:47:00 nimbus-eth1-mainnet-long-benchmark[3573364]: INF 2026-07-25 08:47:00.629+00:00 Imported blocks                            blockNumber=4153345 slot=1 blocks=4153344 txs=45433684 mgas=1989715 bps=368.5 tps=30013 mgps=1474 avgBps=1552 avgTps=16980 avgMGps=743.6 elapsed=44m35s639ms
Jul 25 08:47:27 nimbus-eth1-mainnet-long-benchmark[3573364]: INF 2026-07-25 08:47:27.544+00:00 Imported blocks                            blockNumber=4161537 slot=1 blocks=4161536 txs=46235734 mgas=2029346 bps=304.4 tps=29798 mgps=1472 avgBps=1539 avgTps=17108 avgMGps=750.9 elapsed=45m2s555ms
Jul 25 08:47:58 nimbus-eth1-mainnet-long-benchmark[3573364]: INF 2026-07-25 08:47:58.128+00:00 Imported blocks                            blockNumber=4169729 slot=1 blocks=4169728 txs=47067916 mgas=2075037 bps=267.9 tps=27210 mgps=1493 avgBps=1525 avgTps=17221 avgMGps=759.2 elapsed=45m33s139ms
Jul 25 08:48:24 nimbus-eth1-mainnet-long-benchmark[3573364]: INF 2026-07-25 08:48:24.939+00:00 Imported blocks                            blockNumber=4177921 slot=1 blocks=4177920 txs=47890851 mgas=2115824 bps=305.5 tps=30692 mgps=1521 avgBps=1513 avgTps=17352 avgMGps=766.6 elapsed=45m59s951ms
Jul 25 08:48:48 nimbus-eth1-mainnet-long-benchmark[3573364]: INF 2026-07-25 08:48:48.639+00:00 Imported blocks                            blockNumber=4186113 slot=1 blocks=4186112 txs=48568788 mgas=2149756 bps=345.7 tps=28606 mgps=1431 avgBps=1503 avgTps=17447 avgMGps=772.3 elapsed=46m23s649ms
Jul 25 08:49:12 nimbus-eth1-mainnet-long-benchmark[3573364]: INF 2026-07-25 08:49:12.403+00:00 Imported blocks                            blockNumber=4194305 slot=1 blocks=4194304 txs=49304917 mgas=2183364 bps=344.8 tps=30982 mgps=1414 avgBps=1494 avgTps=17562 avgMGps=777.7 elapsed=46m47s409ms
Jul 25 08:49:35 nimbus-eth1-mainnet-long-benchmark[3573364]: INF 2026-07-25 08:49:35.662+00:00 Imported blocks                            blockNumber=4202497 slot=1 blocks=4202496 txs=50038500 mgas=2214978 bps=352.2 tps=31538 mgps=1359 avgBps=1484 avgTps=17677 avgMGps=782.5 elapsed=47m10s669ms
Jul 25 08:49:59 nimbus-eth1-mainnet-long-benchmark[3573364]: INF 2026-07-25 08:49:59.966+00:00 Imported blocks                            blockNumber=4210689 slot=1 blocks=4210688 txs=50775096 mgas=2248304 bps=337.0 tps=30305 mgps=1371 avgBps=1474 avgTps=17784 avgMGps=787.5 elapsed=47m34s974ms
Jul 25 08:50:28 nimbus-eth1-mainnet-long-benchmark[3573364]: INF 2026-07-25 08:50:28.241+00:00 Imported blocks                            blockNumber=4218881 slot=1 blocks=4218880 txs=51660375 mgas=2290988 bps=289.7 tps=31308 mgps=1509 avgBps=1463 avgTps=17917 avgMGps=794.6 elapsed=48m3s251ms
Jul 25 08:50:57 nimbus-eth1-mainnet-long-benchmark[3573364]: INF 2026-07-25 08:50:57.921+00:00 Imported blocks                            blockNumber=4227073 slot=1 blocks=4227072 txs=52569880 mgas=2335077 bps=276.0 tps=30646 mgps=1485 avgBps=1451 avgTps=18047 avgMGps=801.6 elapsed=48m32s928ms
Jul 25 08:51:24 nimbus-eth1-mainnet-long-benchmark[3573364]: INF 2026-07-25 08:51:24.240+00:00 Imported blocks                            blockNumber=4235265 slot=1 blocks=4235264 txs=53342454 mgas=2371456 bps=311.2 tps=29351 mgps=1382 avgBps=1440 avgTps=18148 avgMGps=806.8 elapsed=48m59s249ms
Jul 25 08:51:56 nimbus-eth1-mainnet-long-benchmark[3573364]: INF 2026-07-25 08:51:56.320+00:00 Imported blocks                            blockNumber=4243457 slot=1 blocks=4243456 txs=54364382 mgas=2416427 bps=255.4 tps=31855 mgps=1401 avgBps=1428 avgTps=18296 avgMGps=813.2 elapsed=49m31s329ms
Jul 25 08:52:31 nimbus-eth1-mainnet-long-benchmark[3573364]: INF 2026-07-25 08:52:31.235+00:00 Imported blocks                            blockNumber=4251649 slot=1 blocks=4251648 txs=55445621 mgas=2466611 bps=234.6 tps=30965 mgps=1437 avgBps=1414 avgTps=18443 avgMGps=820.5 elapsed=50m6s246ms
Jul 25 08:53:01 nimbus-eth1-mainnet-long-benchmark[3573364]: INF 2026-07-25 08:53:01.635+00:00 Imported blocks                            blockNumber=4259841 slot=1 blocks=4259840 txs=56325899 mgas=2508162 bps=269.5 tps=28956 mgps=1366 avgBps=1402 avgTps=18548 avgMGps=826.0 elapsed=50m36s646ms
Jul 25 08:53:32 nimbus-eth1-mainnet-long-benchmark[3573364]: INF 2026-07-25 08:53:32.158+00:00 Imported blocks                            blockNumber=4268033 slot=1 blocks=4268032 txs=57190313 mgas=2549215 bps=268.4 tps=28321 mgps=1345 avgBps=1391 avgTps=18645 avgMGps=831.1 elapsed=51m7s167ms
Jul 25 08:54:04 nimbus-eth1-mainnet-long-benchmark[3573364]: INF 2026-07-25 08:54:04.742+00:00 Imported blocks                            blockNumber=4276225 slot=1 blocks=4276224 txs=58058028 mgas=2591591 bps=251.4 tps=26631 mgps=1300 avgBps=1379 avgTps=18729 avgMGps=836.1 elapsed=51m39s750ms
Jul 25 08:54:35 nimbus-eth1-mainnet-long-benchmark[3573364]: INF 2026-07-25 08:54:35.813+00:00 Imported blocks                            blockNumber=4284417 slot=1 blocks=4284416 txs=58915126 mgas=2635997 bps=263.6 tps=27582 mgps=1429 avgBps=1368 avgTps=18817 avgMGps=841.9 elapsed=52m10s824ms
Jul 25 08:55:07 nimbus-eth1-mainnet-long-benchmark[3573364]: INF 2026-07-25 08:55:07.093+00:00 Imported blocks                            blockNumber=4292609 slot=1 blocks=4292608 txs=59679965 mgas=2676436 bps=261.9 tps=24452 mgps=1292 avgBps=1357 avgTps=18873 avgMGps=846.4 elapsed=52m42s103ms
Jul 25 08:55:37 nimbus-eth1-mainnet-long-benchmark[3573364]: INF 2026-07-25 08:55:37.788+00:00 Imported blocks                            blockNumber=4300801 slot=1 blocks=4300800 txs=60416304 mgas=2717960 bps=266.9 tps=23989 mgps=1352 avgBps=1347 avgTps=18922 avgMGps=851.3 elapsed=53m12s797ms
Jul 25 08:56:08 nimbus-eth1-mainnet-long-benchmark[3573364]: INF 2026-07-25 08:56:08.228+00:00 Imported blocks                            blockNumber=4308993 slot=1 blocks=4308992 txs=61155406 mgas=2758747 bps=269.1 tps=24279 mgps=1339 avgBps=1336 avgTps=18973 avgMGps=855.9 elapsed=53m43s239ms
Jul 25 08:56:41 nimbus-eth1-mainnet-long-benchmark[3573364]: INF 2026-07-25 08:56:41.715+00:00 Imported blocks                            blockNumber=4317185 slot=1 blocks=4317184 txs=62037866 mgas=2805376 bps=244.6 tps=26352 mgps=1392 avgBps=1325 avgTps=19049 avgMGps=861.4 elapsed=54m16s725ms
Jul 25 08:57:16 nimbus-eth1-mainnet-long-benchmark[3573364]: INF 2026-07-25 08:57:16.927+00:00 Imported blocks                            blockNumber=4325377 slot=1 blocks=4325376 txs=62966581 mgas=2851289 bps=232.7 tps=26376 mgps=1303 avgBps=1313 avgTps=19127 avgMGps=866.1 elapsed=54m51s935ms
Jul 25 08:57:50 nimbus-eth1-mainnet-long-benchmark[3573364]: INF 2026-07-25 08:57:50.694+00:00 Imported blocks                            blockNumber=4333569 slot=1 blocks=4333568 txs=63822081 mgas=2895662 bps=242.6 tps=25334 mgps=1314 avgBps=1303 avgTps=19190 avgMGps=870.7 elapsed=55m25s703ms
Jul 25 08:58:25 nimbus-eth1-mainnet-long-benchmark[3573364]: INF 2026-07-25 08:58:25.066+00:00 Imported blocks                            blockNumber=4341761 slot=1 blocks=4341760 txs=64712668 mgas=2941632 bps=238.3 tps=25911 mgps=1337 avgBps=1292 avgTps=19259 avgMGps=875.5 elapsed=56m73ms147us
Jul 25 08:58:59 nimbus-eth1-mainnet-long-benchmark[3573364]: INF 2026-07-25 08:58:59.877+00:00 Imported blocks                            blockNumber=4349953 slot=1 blocks=4349952 txs=65574622 mgas=2986500 bps=235.3 tps=24759 mgps=1288 avgBps=1281 avgTps=19315 avgMGps=879.7 elapsed=56m34s886ms
Jul 25 08:59:34 nimbus-eth1-mainnet-long-benchmark[3573364]: INF 2026-07-25 08:59:34.917+00:00 Imported blocks                            blockNumber=4358145 slot=1 blocks=4358144 txs=66535767 mgas=3032340 bps=233.8 tps=27429 mgps=1308 avgBps=1270 avgTps=19398 avgMGps=884.1 elapsed=57m9s926ms
Jul 25 09:00:12 nimbus-eth1-mainnet-long-benchmark[3573364]: INF 2026-07-25 09:00:12.736+00:00 Imported blocks                            blockNumber=4366337 slot=1 blocks=4366336 txs=67558543 mgas=3080047 bps=216.6 tps=27043 mgps=1261 avgBps=1259 avgTps=19481 avgMGps=888.2 elapsed=57m47s746ms
Jul 25 09:00:44 nimbus-eth1-mainnet-long-benchmark[3573364]: INF 2026-07-25 09:00:44.151+00:00 Imported blocks                            blockNumber=4374529 slot=1 blocks=4374528 txs=68347471 mgas=3121687 bps=260.7 tps=25111 mgps=1325 avgBps=1250 avgTps=19532 avgMGps=892.1 elapsed=58m19s163ms
Jul 25 09:01:08 nimbus-eth1-mainnet-long-benchmark[3573364]: INF 2026-07-25 09:01:08.611+00:00 Imported blocks                            blockNumber=4382721 slot=1 blocks=4382720 txs=69028082 mgas=3151992 bps=334.9 tps=27827 mgps=1239 avgBps=1243 avgTps=19590 avgMGps=894.5 elapsed=58m43s622ms
Jul 25 09:01:33 nimbus-eth1-mainnet-long-benchmark[3573364]: INF 2026-07-25 09:01:33.795+00:00 Imported blocks                            blockNumber=4390913 slot=1 blocks=4390912 txs=69661758 mgas=3181386 bps=325.4 tps=25167 mgps=1167 avgBps=1237 avgTps=19629 avgMGps=896.5 elapsed=59m8s800ms
Jul 25 09:01:58 nimbus-eth1-mainnet-long-benchmark[3573364]: INF 2026-07-25 09:01:58.358+00:00 Imported blocks                            blockNumber=4399105 slot=1 blocks=4399104 txs=70353613 mgas=3215985 bps=333.5 tps=28161 mgps=1408 avgBps=1231 avgTps=19688 avgMGps=900.0 elapsed=59m33s368ms
Jul 25 09:02:17 nimbus-eth1-mainnet-long-benchmark[3573364]: INF 2026-07-25 09:02:17.850+00:00 Imported blocks                            blockNumber=4407297 slot=1 blocks=4407296 txs=70941210 mgas=3238205 bps=420.3 tps=30146 mgps=1139 avgBps=1226 avgTps=19745 avgMGps=901.3 elapsed=59m52s859ms
Jul 25 09:02:38 nimbus-eth1-mainnet-long-benchmark[3573364]: INF 2026-07-25 09:02:38.986+00:00 Imported blocks                            blockNumber=4415489 slot=1 blocks=4415488 txs=71544011 mgas=3265347 bps=387.6 tps=28522 mgps=1284 avgBps=1221 avgTps=19796 avgMGps=903.5 elapsed=1h13s994ms
Jul 25 09:03:04 nimbus-eth1-mainnet-long-benchmark[3573364]: INF 2026-07-25 09:03:04.521+00:00 Imported blocks                            blockNumber=4423681 slot=1 blocks=4423680 txs=72181258 mgas=3298910 bps=320.8 tps=24956 mgps=1314 avgBps=1215 avgTps=19832 avgMGps=906.4 elapsed=1h39s528ms
Jul 25 09:03:30 nimbus-eth1-mainnet-long-benchmark[3573364]: INF 2026-07-25 09:03:30.489+00:00 Imported blocks                            blockNumber=4431873 slot=1 blocks=4431872 txs=72783427 mgas=3333362 bps=315.4 tps=23186 mgps=1326 avgBps=1209 avgTps=19856 avgMGps=909.4 elapsed=1h1m5s
Jul 25 09:03:57 nimbus-eth1-mainnet-long-benchmark[3573364]: INF 2026-07-25 09:03:57.600+00:00 Imported blocks                            blockNumber=4440065 slot=1 blocks=4440064 txs=73427614 mgas=3368565 bps=302.2 tps=23761 mgps=1298 avgBps=1202 avgTps=19885 avgMGps=912.2 elapsed=1h1m32s
Jul 25 09:04:23 nimbus-eth1-mainnet-long-benchmark[3573364]: INF 2026-07-25 09:04:23.352+00:00 Imported blocks                            blockNumber=4448257 slot=1 blocks=4448256 txs=74062819 mgas=3400868 bps=318.1 tps=24667 mgps=1254 avgBps=1196 avgTps=19918 avgMGps=914.6 elapsed=1h1m58s
Jul 25 09:04:50 nimbus-eth1-mainnet-long-benchmark[3573364]: INF 2026-07-25 09:04:50.528+00:00 Imported blocks                            blockNumber=4456449 slot=1 blocks=4456448 txs=74720986 mgas=3434385 bps=301.4 tps=24218 mgps=1233 avgBps=1189 avgTps=19949 avgMGps=916.9 elapsed=1h2m25s
Jul 25 09:05:20 nimbus-eth1-mainnet-long-benchmark[3573364]: INF 2026-07-25 09:05:20.283+00:00 Imported blocks                            blockNumber=4464641 slot=1 blocks=4464640 txs=75435593 mgas=3471537 bps=275.3 tps=24015 mgps=1248 avgBps=1182 avgTps=19981 avgMGps=919.5 elapsed=1h2m55s
Jul 25 09:05:51 nimbus-eth1-mainnet-long-benchmark[3573364]: INF 2026-07-25 09:05:51.603+00:00 Imported blocks                            blockNumber=4472833 slot=1 blocks=4472832 txs=76123403 mgas=3510491 bps=261.6 tps=21962 mgps=1243 avgBps=1175 avgTps=19997 avgMGps=922.2 elapsed=1h3m26s
Jul 25 09:06:23 nimbus-eth1-mainnet-long-benchmark[3573364]: INF 2026-07-25 09:06:23.050+00:00 Imported blocks                            blockNumber=4481025 slot=1 blocks=4481024 txs=76814745 mgas=3549347 bps=260.5 tps=21984 mgps=1235 avgBps=1167 avgTps=20013 avgMGps=924.8 elapsed=1h3m58s
Jul 25 09:06:50 nimbus-eth1-mainnet-long-benchmark[3573364]: INF 2026-07-25 09:06:50.746+00:00 Imported blocks                            blockNumber=4489217 slot=1 blocks=4489216 txs=77411837 mgas=3582458 bps=295.8 tps=21558 mgps=1195 avgBps=1161 avgTps=20025 avgMGps=926.7 elapsed=1h4m25s
Jul 25 09:07:12 nimbus-eth1-mainnet-long-benchmark[3573364]: INF 2026-07-25 09:07:12.801+00:00 Imported blocks                            blockNumber=4497409 slot=1 blocks=4497408 txs=77942209 mgas=3607255 bps=371.4 tps=24044 mgps=1124 avgBps=1156 avgTps=20047 avgMGps=927.8 elapsed=1h4m47s
Jul 25 09:07:36 nimbus-eth1-mainnet-long-benchmark[3573364]: INF 2026-07-25 09:07:36.785+00:00 Imported blocks                            blockNumber=4505601 slot=1 blocks=4505600 txs=78606743 mgas=3635023 bps=341.6 tps=27711 mgps=1157 avgBps=1151 avgTps=20094 avgMGps=929.2 elapsed=1h5m11s
Jul 25 09:08:02 nimbus-eth1-mainnet-long-benchmark[3573364]: INF 2026-07-25 09:08:02.116+00:00 Imported blocks                            blockNumber=4513793 slot=1 blocks=4513792 txs=79214459 mgas=3664486 bps=323.4 tps=23988 mgps=1162 avgBps=1146 avgTps=20119 avgMGps=930.8 elapsed=1h5m37s
Jul 25 09:08:30 nimbus-eth1-mainnet-long-benchmark[3573364]: INF 2026-07-25 09:08:30.552+00:00 Imported blocks                            blockNumber=4521985 slot=1 blocks=4521984 txs=79851427 mgas=3698304 bps=288.1 tps=22401 mgps=1189 avgBps=1140 avgTps=20136 avgMGps=932.6 elapsed=1h6m5s
Jul 25 09:08:55 nimbus-eth1-mainnet-long-benchmark[3573364]: INF 2026-07-25 09:08:55.920+00:00 Imported blocks                            blockNumber=4530177 slot=1 blocks=4530176 txs=80428047 mgas=3729162 bps=322.9 tps=22728 mgps=1216 avgBps=1135 avgTps=20152 avgMGps=934.4 elapsed=1h6m30s
Jul 25 09:09:21 nimbus-eth1-mainnet-long-benchmark[3573364]: INF 2026-07-25 09:09:21.239+00:00 Imported blocks                            blockNumber=4538369 slot=1 blocks=4538368 txs=80983691 mgas=3759064 bps=323.5 tps=21943 mgps=1180 avgBps=1130 avgTps=20163 avgMGps=936.0 elapsed=1h6m56s
Jul 25 09:09:47 nimbus-eth1-mainnet-long-benchmark[3573364]: INF 2026-07-25 09:09:47.775+00:00 Imported blocks                            blockNumber=4546561 slot=1 blocks=4546560 txs=81559884 mgas=3790793 bps=308.7 tps=21714 mgps=1195 avgBps=1124 avgTps=20174 avgMGps=937.7 elapsed=1h7m22s
Jul 25 09:10:16 nimbus-eth1-mainnet-long-benchmark[3573364]: INF 2026-07-25 09:10:16.610+00:00 Imported blocks                            blockNumber=4554753 slot=1 blocks=4554752 txs=82174217 mgas=3824726 bps=284.1 tps=21307 mgps=1176 avgBps=1118 avgTps=20182 avgMGps=939.4 elapsed=1h7m51s
Jul 25 09:10:45 nimbus-eth1-mainnet-long-benchmark[3573364]: INF 2026-07-25 09:10:45.718+00:00 Imported blocks                            blockNumber=4562945 slot=1 blocks=4562944 txs=82868507 mgas=3859804 bps=281.4 tps=23853 mgps=1205 avgBps=1112 avgTps=20208 avgMGps=941.2 elapsed=1h8m20s
Jul 25 09:11:15 nimbus-eth1-mainnet-long-benchmark[3573364]: INF 2026-07-25 09:11:15.357+00:00 Imported blocks                            blockNumber=4571137 slot=1 blocks=4571136 txs=83554280 mgas=3895039 bps=276.4 tps=23137 mgps=1188 avgBps=1106 avgTps=20229 avgMGps=943.0 elapsed=1h8m50s
Jul 25 09:11:43 nimbus-eth1-mainnet-long-benchmark[3573364]: INF 2026-07-25 09:11:43.157+00:00 Imported blocks                            blockNumber=4579329 slot=1 blocks=4579328 txs=84149623 mgas=3927552 bps=294.7 tps=21414 mgps=1169 avgBps=1101 avgTps=20237 avgMGps=944.5 elapsed=1h9m18s
Jul 25 09:12:11 nimbus-eth1-mainnet-long-benchmark[3573364]: INF 2026-07-25 09:12:11.073+00:00 Imported blocks                            blockNumber=4587521 slot=1 blocks=4587520 txs=84766299 mgas=3958985 bps=293.5 tps=22090 mgps=1125 avgBps=1095 avgTps=20249 avgMGps=945.7 elapsed=1h9m46s
Jul 25 09:12:42 nimbus-eth1-mainnet-long-benchmark[3573364]: INF 2026-07-25 09:12:42.640+00:00 Imported blocks                            blockNumber=4595713 slot=1 blocks=4595712 txs=85498687 mgas=3994447 bps=259.5 tps=23201 mgps=1123 avgBps=1089 avgTps=20271 avgMGps=947.1 elapsed=1h10m17s
Jul 25 09:13:12 nimbus-eth1-mainnet-long-benchmark[3573364]: INF 2026-07-25 09:13:12.764+00:00 Imported blocks                            blockNumber=4603905 slot=1 blocks=4603904 txs=86200373 mgas=4028500 bps=271.9 tps=23292 mgps=1130 avgBps=1083 avgTps=20293 avgMGps=948.4 elapsed=1h10m47s
Jul 25 09:13:42 nimbus-eth1-mainnet-long-benchmark[3573364]: INF 2026-07-25 09:13:42.919+00:00 Imported blocks                            blockNumber=4612097 slot=1 blocks=4612096 txs=86896398 mgas=4063314 bps=271.7 tps=23080 mgps=1154 avgBps=1078 avgTps=20312 avgMGps=949.8 elapsed=1h11m17s
Jul 25 09:14:15 nimbus-eth1-mainnet-long-benchmark[3573364]: INF 2026-07-25 09:14:15.107+00:00 Imported blocks                            blockNumber=4620289 slot=1 blocks=4620288 txs=87653240 mgas=4099890 bps=254.5 tps=23514 mgps=1136 avgBps=1071 avgTps=20336 avgMGps=951.2 elapsed=1h11m50s
Jul 25 09:14:45 nimbus-eth1-mainnet-long-benchmark[3573364]: INF 2026-07-25 09:14:45.426+00:00 Imported blocks                            blockNumber=4628481 slot=1 blocks=4628480 txs=88349198 mgas=4135697 bps=270.2 tps=22954 mgps=1181 avgBps=1066 avgTps=20354 avgMGps=952.8 elapsed=1h12m20s
Jul 25 09:15:22 nimbus-eth1-mainnet-long-benchmark[3573364]: INF 2026-07-25 09:15:22.309+00:00 Imported blocks                            blockNumber=4636673 slot=1 blocks=4636672 txs=89189186 mgas=4177023 bps=222.1 tps=22774 mgps=1120 avgBps=1059 avgTps=20375 avgMGps=954.2 elapsed=1h12m57s
Jul 25 09:15:58 nimbus-eth1-mainnet-long-benchmark[3573364]: INF 2026-07-25 09:15:58.021+00:00 Imported blocks                            blockNumber=4644865 slot=1 blocks=4644864 txs=90049004 mgas=4216584 bps=229.4 tps=24075 mgps=1107 avgBps=1052 avgTps=20405 avgMGps=955.5 elapsed=1h13m33s
Jul 25 09:16:35 nimbus-eth1-mainnet-long-benchmark[3573364]: INF 2026-07-25 09:16:35.044+00:00 Imported blocks                            blockNumber=4653057 slot=1 blocks=4653056 txs=90927345 mgas=4255623 bps=221.3 tps=23724 mgps=1054 avgBps=1045 avgTps=20432 avgMGps=956.3 elapsed=1h14m10s
Jul 25 09:17:13 nimbus-eth1-mainnet-long-benchmark[3573364]: INF 2026-07-25 09:17:13.284+00:00 Imported blocks                            blockNumber=4661249 slot=1 blocks=4661248 txs=91765363 mgas=4297355 bps=214.2 tps=21914 mgps=1091 avgBps=1038 avgTps=20445 avgMGps=957.5 elapsed=1h14m48s
Jul 25 09:17:54 nimbus-eth1-mainnet-long-benchmark[3573364]: INF 2026-07-25 09:17:54.647+00:00 Imported blocks                            blockNumber=4669441 slot=1 blocks=4669440 txs=92633756 mgas=4339723 bps=198.0 tps=20994 mgps=1024 avgBps=1030 avgTps=20450 avgMGps=958.1 elapsed=1h15m29s
Jul 25 09:18:43 nimbus-eth1-mainnet-long-benchmark[3573364]: INF 2026-07-25 09:18:43.134+00:00 Imported blocks                            blockNumber=4677633 slot=1 blocks=4677632 txs=93658164 mgas=4390089 bps=169.0 tps=21129 mgps=1038 avgBps=1021 avgTps=20457 avgMGps=958.9 elapsed=1h16m18s
Jul 25 09:19:32 nimbus-eth1-mainnet-long-benchmark[3573364]: INF 2026-07-25 09:19:32.037+00:00 Imported blocks                            blockNumber=4685825 slot=1 blocks=4685824 txs=94764793 mgas=4440912 bps=167.5 tps=22629 mgps=1039 avgBps=1012 avgTps=20480 avgMGps=959.8 elapsed=1h17m7s
Jul 25 09:20:17 nimbus-eth1-mainnet-long-benchmark[3573364]: INF 2026-07-25 09:20:17.413+00:00 Imported blocks                            blockNumber=4694017 slot=1 blocks=4694016 txs=95748114 mgas=4493164 bps=180.5 tps=21670 mgps=1151 avgBps=1004 avgTps=20492 avgMGps=961.6 elapsed=1h17m52s
Jul 25 09:21:11 nimbus-eth1-mainnet-long-benchmark[3573364]: INF 2026-07-25 09:21:11.472+00:00 Imported blocks                            blockNumber=4702209 slot=1 blocks=4702208 txs=96814108 mgas=4546452 bps=151.5 tps=19718 mgps=985.7 avgBps=994.9 avgTps=20483 avgMGps=961.9 elapsed=1h18m46s
Jul 25 09:22:08 nimbus-eth1-mainnet-long-benchmark[3573364]: INF 2026-07-25 09:22:08.699+00:00 Imported blocks                            blockNumber=4710401 slot=1 blocks=4710400 txs=97818338 mgas=4603482 bps=143.1 tps=17547 mgps=996.5 avgBps=984.7 avgTps=20448 avgMGps=962.3 elapsed=1h19m43s
Jul 25 09:23:09 nimbus-eth1-mainnet-long-benchmark[3573364]: INF 2026-07-25 09:23:09.486+00:00 Imported blocks                            blockNumber=4718593 slot=1 blocks=4718592 txs=98994205 mgas=4663549 bps=134.8 tps=19345 mgps=988.2 avgBps=974.0 avgTps=20434 avgMGps=962.6 elapsed=1h20m44s
Jul 25 09:24:08 nimbus-eth1-mainnet-long-benchmark[3573364]: INF 2026-07-25 09:24:08.773+00:00 Imported blocks                            blockNumber=4726785 slot=1 blocks=4726784 txs=100277937 mgas=4723869 bps=138.2 tps=21652 mgps=1017 avgBps=963.9 avgTps=20449 avgMGps=963.3 elapsed=1h21m43s
Jul 25 09:25:08 nimbus-eth1-mainnet-long-benchmark[3573364]: INF 2026-07-25 09:25:08.888+00:00 Imported blocks                            blockNumber=4734977 slot=1 blocks=4734976 txs=101644153 mgas=4786939 bps=136.3 tps=22726 mgps=1049 avgBps=953.9 avgTps=20476 avgMGps=964.4 elapsed=1h22m43s
Jul 25 09:26:04 nimbus-eth1-mainnet-long-benchmark[3573364]: INF 2026-07-25 09:26:04.027+00:00 Imported blocks                            blockNumber=4743169 slot=1 blocks=4743168 txs=102893274 mgas=4846048 bps=148.6 tps=22654 mgps=1072 avgBps=945.0 avgTps=20500 avgMGps=965.5 elapsed=1h23m39s
Jul 25 09:27:00 nimbus-eth1-mainnet-long-benchmark[3573364]: INF 2026-07-25 09:27:00.390+00:00 Imported blocks                            blockNumber=4751361 slot=1 blocks=4751360 txs=104145399 mgas=4905956 bps=145.4 tps=22216 mgps=1062 avgBps=936.2 avgTps=20519 avgMGps=966.6 elapsed=1h24m35s
Jul 25 09:27:59 nimbus-eth1-mainnet-long-benchmark[3573364]: INF 2026-07-25 09:27:59.293+00:00 Imported blocks                            blockNumber=4759553 slot=1 blocks=4759552 txs=105596606 mgas=4968002 bps=139.1 tps=24636 mgps=1053 avgBps=927.0 avgTps=20566 avgMGps=967.6 elapsed=1h25m34s
Jul 25 09:28:56 nimbus-eth1-mainnet-long-benchmark[3573364]: INF 2026-07-25 09:28:56.908+00:00 Imported blocks                            blockNumber=4767745 slot=1 blocks=4767744 txs=107116598 mgas=5030101 bps=142.2 tps=26380 mgps=1077 avgBps=918.3 avgTps=20631 avgMGps=968.8 elapsed=1h26m31s
Jul 25 09:29:51 nimbus-eth1-mainnet-long-benchmark[3573364]: INF 2026-07-25 09:29:51.628+00:00 Imported blocks                            blockNumber=4775937 slot=1 blocks=4775936 txs=108702043 mgas=5092598 bps=149.7 tps=28973 mgps=1142 avgBps=910.3 avgTps=20718 avgMGps=970.6 elapsed=1h27m26s
Jul 25 09:30:46 nimbus-eth1-mainnet-long-benchmark[3573364]: INF 2026-07-25 09:30:46.355+00:00 Imported blocks                            blockNumber=4784129 slot=1 blocks=4784128 txs=110102113 mgas=5151342 bps=149.7 tps=25585 mgps=1073 avgBps=902.4 avgTps=20768 avgMGps=971.7 elapsed=1h28m21s
Jul 25 09:31:31 nimbus-eth1-mainnet-long-benchmark[3573364]: INF 2026-07-25 09:31:31.366+00:00 Imported blocks                            blockNumber=4792321 slot=1 blocks=4792320 txs=111154247 mgas=5205528 bps=182.0 tps=23373 mgps=1203 avgBps=896.4 avgTps=20790 avgMGps=973.7 elapsed=1h29m6s
Jul 25 09:32:15 nimbus-eth1-mainnet-long-benchmark[3573364]: INF 2026-07-25 09:32:15.709+00:00 Imported blocks                            blockNumber=4800513 slot=1 blocks=4800512 txs=112173781 mgas=5255457 bps=184.7 tps=22992 mgps=1125 avgBps=890.5 avgTps=20808 avgMGps=974.9 elapsed=1h29m50s
Jul 25 09:33:07 nimbus-eth1-mainnet-long-benchmark[3573364]: INF 2026-07-25 09:33:07.764+00:00 Imported blocks                            blockNumber=4808705 slot=1 blocks=4808704 txs=113435561 mgas=5312967 bps=157.4 tps=24238 mgps=1104 avgBps=883.5 avgTps=20841 avgMGps=976.2 elapsed=1h30m42s
Jul 25 09:34:02 nimbus-eth1-mainnet-long-benchmark[3573364]: INF 2026-07-25 09:34:02.640+00:00 Imported blocks                            blockNumber=4816897 slot=1 blocks=4816896 txs=114766918 mgas=5370558 bps=149.3 tps=24261 mgps=1049 avgBps=876.2 avgTps=20875 avgMGps=976.9 elapsed=1h31m37s
Jul 25 09:35:00 nimbus-eth1-mainnet-long-benchmark[3573364]: INF 2026-07-25 09:35:00.071+00:00 Imported blocks                            blockNumber=4825089 slot=1 blocks=4825088 txs=116406212 mgas=5431366 bps=142.7 tps=28546 mgps=1058 avgBps=868.6 avgTps=20954 avgMGps=977.7 elapsed=1h32m35s
Jul 25 09:35:52 nimbus-eth1-mainnet-long-benchmark[3573364]: INF 2026-07-25 09:35:52.170+00:00 Imported blocks                            blockNumber=4833281 slot=1 blocks=4833280 txs=117730733 mgas=5487657 bps=157.2 tps=25422 mgps=1080 avgBps=862.0 avgTps=20996 avgMGps=978.7 elapsed=1h33m27s
Jul 25 09:36:46 nimbus-eth1-mainnet-long-benchmark[3573364]: INF 2026-07-25 09:36:46.101+00:00 Imported blocks                            blockNumber=4841473 slot=1 blocks=4841472 txs=119096404 mgas=5544385 bps=151.9 tps=25321 mgps=1051 avgBps=855.2 avgTps=21037 avgMGps=979.4 elapsed=1h34m21s
Jul 25 09:37:48 nimbus-eth1-mainnet-long-benchmark[3573364]: INF 2026-07-25 09:37:48.356+00:00 Imported blocks                            blockNumber=4849665 slot=1 blocks=4849664 txs=120896969 mgas=5606368 bps=131.6 tps=28921 mgps=995.6 avgBps=847.3 avgTps=21123 avgMGps=979.6 elapsed=1h35m23s
Jul 25 09:38:47 nimbus-eth1-mainnet-long-benchmark[3573364]: INF 2026-07-25 09:38:47.359+00:00 Imported blocks                            blockNumber=4857857 slot=1 blocks=4857856 txs=122899185 mgas=5668346 bps=138.8 tps=33934 mgps=1050 avgBps=840.1 avgTps=21254 avgMGps=980.3 elapsed=1h36m22s
Jul 25 09:39:48 nimbus-eth1-mainnet-long-benchmark[3573364]: INF 2026-07-25 09:39:48.838+00:00 Imported blocks                            blockNumber=4866049 slot=1 blocks=4866048 txs=124785066 mgas=5730497 bps=133.3 tps=30676 mgps=1010 avgBps=832.7 avgTps=21353 avgMGps=980.6 elapsed=1h37m23s
Jul 25 09:40:49 nimbus-eth1-mainnet-long-benchmark[3573364]: INF 2026-07-25 09:40:49.721+00:00 Imported blocks                            blockNumber=4874241 slot=1 blocks=4874240 txs=126509295 mgas=5793302 bps=134.6 tps=28320 mgps=1031 avgBps=825.5 avgTps=21425 avgMGps=981.1 elapsed=1h38m24s
Jul 25 09:41:50 nimbus-eth1-mainnet-long-benchmark[3573364]: INF 2026-07-25 09:41:50.956+00:00 Imported blocks                            blockNumber=4882433 slot=1 blocks=4882432 txs=128423524 mgas=5855689 bps=133.8 tps=31258 mgps=1018 avgBps=818.4 avgTps=21526 avgMGps=981.5 elapsed=1h39m25s
Jul 25 09:42:48 nimbus-eth1-mainnet-long-benchmark[3573364]: INF 2026-07-25 09:42:48.391+00:00 Imported blocks                            blockNumber=4890625 slot=1 blocks=4890624 txs=130207981 mgas=5917669 bps=142.6 tps=31069 mgps=1079 avgBps=811.9 avgTps=21617 avgMGps=982.4 elapsed=1h40m23s
Jul 25 09:43:49 nimbus-eth1-mainnet-long-benchmark[3573364]: INF 2026-07-25 09:43:49.302+00:00 Imported blocks                            blockNumber=4898817 slot=1 blocks=4898816 txs=131918301 mgas=5979986 bps=134.5 tps=28080 mgps=1023 avgBps=805.2 avgTps=21681 avgMGps=982.9 elapsed=1h41m24s
Jul 25 09:44:48 nimbus-eth1-mainnet-long-benchmark[3573364]: INF 2026-07-25 09:44:48.589+00:00 Imported blocks                            blockNumber=4907009 slot=1 blocks=4907008 txs=133644765 mgas=6042377 bps=138.2 tps=29119 mgps=1052 avgBps=798.7 avgTps=21753 avgMGps=983.5 elapsed=1h42m23s
Jul 25 09:45:50 nimbus-eth1-mainnet-long-benchmark[3573364]: INF 2026-07-25 09:45:50.616+00:00 Imported blocks                            blockNumber=4915201 slot=1 blocks=4915200 txs=135374772 mgas=6105758 bps=132.1 tps=27891 mgps=1021 avgBps=792.1 avgTps=21814 avgMGps=983.9 elapsed=1h43m25s
Jul 25 09:46:52 nimbus-eth1-mainnet-long-benchmark[3573364]: INF 2026-07-25 09:46:52.587+00:00 Imported blocks                            blockNumber=4923393 slot=1 blocks=4923392 txs=137233391 mgas=6168038 bps=132.2 tps=29991 mgps=1004 avgBps=785.5 avgTps=21895 avgMGps=984.1 elapsed=1h44m27s
Jul 25 09:47:55 nimbus-eth1-mainnet-long-benchmark[3573364]: INF 2026-07-25 09:47:55.522+00:00 Imported blocks                            blockNumber=4931585 slot=1 blocks=4931584 txs=139083071 mgas=6230222 bps=130.2 tps=29391 mgps=988.1 avgBps=779.0 avgTps=21970 avgMGps=984.2 elapsed=1h45m30s
Jul 25 09:48:53 nimbus-eth1-mainnet-long-benchmark[3573364]: INF 2026-07-25 09:48:53.365+00:00 Imported blocks                            blockNumber=4939777 slot=1 blocks=4939776 txs=140579742 mgas=6288626 bps=141.6 tps=25873 mgps=1009 avgBps=773.2 avgTps=22005 avgMGps=984.4 elapsed=1h46m28s
Jul 25 09:49:52 nimbus-eth1-mainnet-long-benchmark[3573364]: INF 2026-07-25 09:49:52.308+00:00 Imported blocks                            blockNumber=4947969 slot=1 blocks=4947968 txs=141972812 mgas=6347260 bps=139.0 tps=23633 mgps=994.7 avgBps=767.4 avgTps=22020 avgMGps=984.5 elapsed=1h47m27s
Jul 25 09:50:49 nimbus-eth1-mainnet-long-benchmark[3573364]: INF 2026-07-25 09:50:49.419+00:00 Imported blocks                            blockNumber=4956161 slot=1 blocks=4956160 txs=143300158 mgas=6406048 bps=143.4 tps=23241 mgps=1029 avgBps=762.0 avgTps=22031 avgMGps=984.9 elapsed=1h48m24s
Jul 25 09:51:45 nimbus-eth1-mainnet-long-benchmark[3573364]: INF 2026-07-25 09:51:45.835+00:00 Imported blocks                            blockNumber=4964353 slot=1 blocks=4964352 txs=144572404 mgas=6464172 bps=145.2 tps=22551 mgps=1030 avgBps=756.7 avgTps=22035 avgMGps=985.3 elapsed=1h49m20s
Jul 25 09:52:40 nimbus-eth1-mainnet-long-benchmark[3573364]: INF 2026-07-25 09:52:40.142+00:00 Imported blocks                            blockNumber=4972545 slot=1 blocks=4972544 txs=145732007 mgas=6518983 bps=150.8 tps=21352 mgps=1009 avgBps=751.7 avgTps=22030 avgMGps=985.5 elapsed=1h50m15s
Jul 25 09:53:35 nimbus-eth1-mainnet-long-benchmark[3573364]: INF 2026-07-25 09:53:35.177+00:00 Imported blocks                            blockNumber=4980737 slot=1 blocks=4980736 txs=146992977 mgas=6572341 bps=148.9 tps=22912 mgps=969.6 avgBps=746.7 avgTps=22037 avgMGps=985.3 elapsed=1h51m10s
Jul 25 09:54:27 nimbus-eth1-mainnet-long-benchmark[3573364]: INF 2026-07-25 09:54:27.432+00:00 Imported blocks                            blockNumber=4988929 slot=1 blocks=4988928 txs=148169050 mgas=6625014 bps=156.8 tps=22504 mgps=1007 avgBps=742.1 avgTps=22040 avgMGps=985.5 elapsed=1h52m2s
Jul 25 09:55:20 nimbus-eth1-mainnet-long-benchmark[3573364]: INF 2026-07-25 09:55:20.803+00:00 Imported blocks                            blockNumber=4997121 slot=1 blocks=4997120 txs=149428291 mgas=6680179 bps=153.5 tps=23593 mgps=1033 avgBps=737.5 avgTps=22053 avgMGps=985.9 elapsed=1h52m55s
Jul 25 09:56:14 nimbus-eth1-mainnet-long-benchmark[3573364]: INF 2026-07-25 09:56:14.026+00:00 Imported blocks                            blockNumber=5005313 slot=1 blocks=5005312 txs=150690724 mgas=6736552 bps=153.9 tps=23721 mgps=1059 avgBps=732.9 avgTps=22066 avgMGps=986.5 elapsed=1h53m49s
Jul 25 09:57:13 nimbus-eth1-mainnet-long-benchmark[3573364]: INF 2026-07-25 09:57:13.121+00:00 Imported blocks                            blockNumber=5013505 slot=1 blocks=5013504 txs=152046753 mgas=6796099 bps=138.6 tps=22946 mgps=1007 avgBps=727.8 avgTps=22073 avgMGps=986.6 elapsed=1h54m48s
Jul 25 09:58:09 nimbus-eth1-mainnet-long-benchmark[3573364]: INF 2026-07-25 09:58:09.620+00:00 Imported blocks                            blockNumber=5021697 slot=1 blocks=5021696 txs=153352595 mgas=6852788 bps=145.0 tps=23111 mgps=1003 avgBps=723.1 avgTps=22082 avgMGps=986.8 elapsed=1h55m44s
Jul 25 09:58:58 nimbus-eth1-mainnet-long-benchmark[3573364]: INF 2026-07-25 09:58:58.724+00:00 Imported blocks                            blockNumber=5029889 slot=1 blocks=5029888 txs=154478474 mgas=6906687 bps=166.8 tps=22929 mgps=1097 avgBps=719.2 avgTps=22088 avgMGps=987.6 elapsed=1h56m33s
Jul 25 09:59:49 nimbus-eth1-mainnet-long-benchmark[3573364]: INF 2026-07-25 09:59:49.327+00:00 Imported blocks                            blockNumber=5038081 slot=1 blocks=5038080 txs=155640110 mgas=6960957 bps=161.9 tps=22954 mgps=1072 avgBps=715.2 avgTps=22094 avgMGps=988.2 elapsed=1h57m24s
Jul 25 10:00:42 nimbus-eth1-mainnet-long-benchmark[3573364]: INF 2026-07-25 10:00:42.250+00:00 Imported blocks                            blockNumber=5046273 slot=1 blocks=5046272 txs=156831227 mgas=7015012 bps=154.8 tps=22508 mgps=1021 avgBps=711.0 avgTps=22097 avgMGps=988.4 elapsed=1h58m17s
Jul 25 10:01:33 nimbus-eth1-mainnet-long-benchmark[3573364]: INF 2026-07-25 10:01:33.369+00:00 Imported blocks                            blockNumber=5054465 slot=1 blocks=5054464 txs=157887753 mgas=7068299 bps=160.2 tps=20667 mgps=1042 avgBps=707.1 avgTps=22087 avgMGps=988.8 elapsed=1h59m8s
Jul 25 10:02:22 nimbus-eth1-mainnet-long-benchmark[3573364]: INF 2026-07-25 10:02:22.600+00:00 Imported blocks                            blockNumber=5062657 slot=1 blocks=5062656 txs=158926316 mgas=7120645 bps=166.4 tps=21094 mgps=1063 avgBps=703.4 avgTps=22080 avgMGps=989.3 elapsed=1h59m57s
Jul 25 10:03:11 nimbus-eth1-mainnet-long-benchmark[3573364]: INF 2026-07-25 10:03:11.524+00:00 Imported blocks                            blockNumber=5070849 slot=1 blocks=5070848 txs=160037571 mgas=7174271 bps=167.5 tps=22715 mgps=1096 avgBps=699.8 avgTps=22084 avgMGps=990.0 elapsed=2h46s534ms
Jul 25 10:04:02 nimbus-eth1-mainnet-long-benchmark[3573364]: INF 2026-07-25 10:04:02.991+00:00 Imported blocks                            blockNumber=5079041 slot=1 blocks=5079040 txs=161176737 mgas=7228023 bps=159.2 tps=22133 mgps=1044 avgBps=695.9 avgTps=22085 avgMGps=990.4 elapsed=2h1m38s
Jul 25 10:04:49 nimbus-eth1-mainnet-long-benchmark[3573364]: INF 2026-07-25 10:04:49.514+00:00 Imported blocks                            blockNumber=5087233 slot=1 blocks=5087232 txs=162187586 mgas=7278252 bps=176.1 tps=21729 mgps=1079 avgBps=692.7 avgTps=22082 avgMGps=991.0 elapsed=2h2m24s
Jul 25 10:05:39 nimbus-eth1-mainnet-long-benchmark[3573364]: INF 2026-07-25 10:05:39.981+00:00 Imported blocks                            blockNumber=5095425 slot=1 blocks=5095424 txs=163274156 mgas=7330930 bps=162.3 tps=21530 mgps=1043 avgBps=689.0 avgTps=22079 avgMGps=991.3 elapsed=2h3m14s
Jul 25 10:06:28 nimbus-eth1-mainnet-long-benchmark[3573364]: INF 2026-07-25 10:06:28.540+00:00 Imported blocks                            blockNumber=5103617 slot=1 blocks=5103616 txs=164255301 mgas=7383195 bps=168.7 tps=20204 mgps=1076 avgBps=685.6 avgTps=22066 avgMGps=991.9 elapsed=2h4m3s
Jul 25 10:07:18 nimbus-eth1-mainnet-long-benchmark[3573364]: INF 2026-07-25 10:07:18.676+00:00 Imported blocks                            blockNumber=5111809 slot=1 blocks=5111808 txs=165332350 mgas=7436822 bps=163.4 tps=21482 mgps=1069 avgBps=682.1 avgTps=22062 avgMGps=992.4 elapsed=2h4m53s
Jul 25 10:08:08 nimbus-eth1-mainnet-long-benchmark[3573364]: INF 2026-07-25 10:08:08.131+00:00 Imported blocks                            blockNumber=5120001 slot=1 blocks=5120000 txs=166389897 mgas=7491018 bps=165.6 tps=21383 mgps=1095 avgBps=678.8 avgTps=22058 avgMGps=993.1 elapsed=2h5m43s
Jul 25 10:09:03 nimbus-eth1-mainnet-long-benchmark[3573364]: INF 2026-07-25 10:09:03.714+00:00 Imported blocks                            blockNumber=5128193 slot=1 blocks=5128192 txs=167598391 mgas=7549235 bps=147.4 tps=21742 mgps=1047 avgBps=674.9 avgTps=22056 avgMGps=993.5 elapsed=2h6m38s
Jul 25 10:09:56 nimbus-eth1-mainnet-long-benchmark[3573364]: INF 2026-07-25 10:09:56.197+00:00 Imported blocks                            blockNumber=5136385 slot=1 blocks=5136384 txs=168782652 mgas=7605981 bps=156.1 tps=22563 mgps=1081 avgBps=671.3 avgTps=22059 avgMGps=994.1 elapsed=2h7m31s
Jul 25 10:10:46 nimbus-eth1-mainnet-long-benchmark[3573364]: INF 2026-07-25 10:10:46.468+00:00 Imported blocks                            blockNumber=5144577 slot=1 blocks=5144576 txs=169782076 mgas=7658488 bps=163.0 tps=19881 mgps=1044 avgBps=668.0 avgTps=22045 avgMGps=994.4 elapsed=2h8m21s
Jul 25 10:11:37 nimbus-eth1-mainnet-long-benchmark[3573364]: INF 2026-07-25 10:11:37.831+00:00 Imported blocks                            blockNumber=5152769 slot=1 blocks=5152768 txs=170799521 mgas=7712067 bps=159.5 tps=19808 mgps=1043 avgBps=664.6 avgTps=22030 avgMGps=994.7 elapsed=2h9m12s
Jul 25 10:12:30 nimbus-eth1-mainnet-long-benchmark[3573364]: INF 2026-07-25 10:12:30.135+00:00 Imported blocks                            blockNumber=5160961 slot=1 blocks=5160960 txs=171819144 mgas=7764877 bps=156.6 tps=19495 mgps=1009 avgBps=661.2 avgTps=22013 avgMGps=994.8 elapsed=2h10m5s
Jul 25 10:13:21 nimbus-eth1-mainnet-long-benchmark[3573364]: INF 2026-07-25 10:13:21.258+00:00 Imported blocks                            blockNumber=5169153 slot=1 blocks=5169152 txs=172757993 mgas=7817043 bps=160.2 tps=18363 mgps=1020 avgBps=658.0 avgTps=21989 avgMGps=995.0 elapsed=2h10m56s
Jul 25 10:14:15 nimbus-eth1-mainnet-long-benchmark[3573364]: INF 2026-07-25 10:14:15.189+00:00 Imported blocks                            blockNumber=5177345 slot=1 blocks=5177344 txs=173763054 mgas=7871023 bps=151.9 tps=18635 mgps=1000 avgBps=654.5 avgTps=21966 avgMGps=995.0 elapsed=2h11m50s
Jul 25 10:15:10 nimbus-eth1-mainnet-long-benchmark[3573364]: INF 2026-07-25 10:15:10.892+00:00 Imported blocks                            blockNumber=5185537 slot=1 blocks=5185536 txs=174769351 mgas=7925432 bps=147.1 tps=18065 mgps=976.8 avgBps=651.0 avgTps=21939 avgMGps=994.9 elapsed=2h12m45s
Jul 25 10:16:02 nimbus-eth1-mainnet-long-benchmark[3573364]: INF 2026-07-25 10:16:02.287+00:00 Imported blocks                            blockNumber=5193729 slot=1 blocks=5193728 txs=175680124 mgas=7977799 bps=159.4 tps=17720 mgps=1018 avgBps=647.8 avgTps=21912 avgMGps=995.1 elapsed=2h13m37s
Jul 25 10:16:54 nimbus-eth1-mainnet-long-benchmark[3573364]: INF 2026-07-25 10:16:54.370+00:00 Imported blocks                            blockNumber=5201921 slot=1 blocks=5201920 txs=176699733 mgas=8032758 bps=157.3 tps=19577 mgps=1055 avgBps=644.6 avgTps=21897 avgMGps=995.5 elapsed=2h14m29s
Jul 25 10:17:47 nimbus-eth1-mainnet-long-benchmark[3573364]: INF 2026-07-25 10:17:47.450+00:00 Imported blocks                            blockNumber=5210113 slot=1 blocks=5210112 txs=177662938 mgas=8084190 bps=154.3 tps=18146 mgps=969.0 avgBps=641.4 avgTps=21873 avgMGps=995.3 elapsed=2h15m22s
Jul 25 10:18:44 nimbus-eth1-mainnet-long-benchmark[3573364]: INF 2026-07-25 10:18:44.317+00:00 Imported blocks                            blockNumber=5218305 slot=1 blocks=5218304 txs=178743234 mgas=8137622 bps=144.0 tps=18995 mgps=939.6 avgBps=638.0 avgTps=21853 avgMGps=994.9 elapsed=2h16m19s
Jul 25 10:19:37 nimbus-eth1-mainnet-long-benchmark[3573364]: INF 2026-07-25 10:19:37.664+00:00 Imported blocks                            blockNumber=5226497 slot=1 blocks=5226496 txs=179656269 mgas=8189437 bps=153.6 tps=17114 mgps=971.2 avgBps=634.8 avgTps=21822 avgMGps=994.7 elapsed=2h17m12s
Jul 25 10:20:27 nimbus-eth1-mainnet-long-benchmark[3573364]: INF 2026-07-25 10:20:27.315+00:00 Imported blocks                            blockNumber=5234689 slot=1 blocks=5234688 txs=180467802 mgas=8239147 bps=165.0 tps=16345 mgps=1001 avgBps=632.0 avgTps=21789 avgMGps=994.8 elapsed=2h18m2s
Jul 25 10:21:17 nimbus-eth1-mainnet-long-benchmark[3573364]: INF 2026-07-25 10:21:17.642+00:00 Imported blocks                            blockNumber=5242881 slot=1 blocks=5242880 txs=181381820 mgas=8289807 bps=162.8 tps=18162 mgps=1006 avgBps=629.2 avgTps=21767 avgMGps=994.9 elapsed=2h18m52s
Jul 25 10:22:07 nimbus-eth1-mainnet-long-benchmark[3573364]: INF 2026-07-25 10:22:07.717+00:00 Imported blocks                            blockNumber=5251073 slot=1 blocks=5251072 txs=182333554 mgas=8339467 bps=163.6 tps=19005 mgps=991.7 avgBps=626.4 avgTps=21751 avgMGps=994.8 elapsed=2h19m42s
Jul 25 10:23:01 nimbus-eth1-mainnet-long-benchmark[3573364]: INF 2026-07-25 10:23:01.069+00:00 Imported blocks                            blockNumber=5259265 slot=1 blocks=5259264 txs=183299882 mgas=8389405 bps=153.5 tps=18112 mgps=936.0 avgBps=623.4 avgTps=21728 avgMGps=994.5 elapsed=2h20m36s
Jul 25 10:23:51 nimbus-eth1-mainnet-long-benchmark[3573364]: INF 2026-07-25 10:23:51.276+00:00 Imported blocks                            blockNumber=5267457 slot=1 blocks=5267456 txs=184176002 mgas=8437639 bps=163.2 tps=17450 mgps=960.7 avgBps=620.7 avgTps=21702 avgMGps=994.3 elapsed=2h21m26s
Jul 25 10:24:38 nimbus-eth1-mainnet-long-benchmark[3573364]: INF 2026-07-25 10:24:38.055+00:00 Imported blocks                            blockNumber=5275649 slot=1 blocks=5275648 txs=185015562 mgas=8483144 bps=175.1 tps=17946 mgps=972.7 avgBps=618.3 avgTps=21682 avgMGps=994.1 elapsed=2h22m13s
Jul 25 10:25:28 nimbus-eth1-mainnet-long-benchmark[3573364]: INF 2026-07-25 10:25:28.730+00:00 Imported blocks                            blockNumber=5283841 slot=1 blocks=5283840 txs=185991636 mgas=8533613 bps=161.7 tps=19262 mgps=996.0 avgBps=615.6 avgTps=21667 avgMGps=994.2 elapsed=2h23m3s
Jul 25 10:26:18 nimbus-eth1-mainnet-long-benchmark[3573364]: INF 2026-07-25 10:26:18.253+00:00 Imported blocks                            blockNumber=5292033 slot=1 blocks=5292032 txs=186916610 mgas=8581538 bps=165.4 tps=18677 mgps=967.7 avgBps=613.0 avgTps=21650 avgMGps=994.0 elapsed=2h23m53s
Jul 25 10:27:06 nimbus-eth1-mainnet-long-benchmark[3573364]: INF 2026-07-25 10:27:06.237+00:00 Imported blocks                            blockNumber=5300225 slot=1 blocks=5300224 txs=187858754 mgas=8631219 bps=170.7 tps=19633 mgps=1035 avgBps=610.5 avgTps=21639 avgMGps=994.2 elapsed=2h24m41s
Jul 25 10:27:54 nimbus-eth1-mainnet-long-benchmark[3573364]: INF 2026-07-25 10:27:54.324+00:00 Imported blocks                            blockNumber=5308417 slot=1 blocks=5308416 txs=188745166 mgas=8677575 bps=170.4 tps=18433 mgps=964.0 avgBps=608.1 avgTps=21621 avgMGps=994.1 elapsed=2h25m29s
Jul 25 10:28:41 nimbus-eth1-mainnet-long-benchmark[3573364]: INF 2026-07-25 10:28:41.327+00:00 Imported blocks                            blockNumber=5316609 slot=1 blocks=5316608 txs=189573202 mgas=8722412 bps=174.3 tps=17616 mgps=953.9 avgBps=605.8 avgTps=21600 avgMGps=993.9 elapsed=2h26m16s
Jul 25 10:29:25 nimbus-eth1-mainnet-long-benchmark[3573364]: INF 2026-07-25 10:29:25.402+00:00 Imported blocks                            blockNumber=5324801 slot=1 blocks=5324800 txs=190311453 mgas=8764899 bps=185.9 tps=16751 mgps=964.0 avgBps=603.7 avgTps=21576 avgMGps=993.7 elapsed=2h27m409ms
Jul 25 10:30:10 nimbus-eth1-mainnet-long-benchmark[3573364]: INF 2026-07-25 10:30:10.774+00:00 Imported blocks                            blockNumber=5332993 slot=1 blocks=5332992 txs=191190015 mgas=8809276 bps=180.5 tps=19362 mgps=978.0 avgBps=601.5 avgTps=21564 avgMGps=993.6 elapsed=2h27m45s
Jul 25 10:30:51 nimbus-eth1-mainnet-long-benchmark[3573364]: INF 2026-07-25 10:30:51.873+00:00 Imported blocks                            blockNumber=5341185 slot=1 blocks=5341184 txs=191949799 mgas=8848792 bps=199.3 tps=18486 mgps=961.4 avgBps=599.7 avgTps=21550 avgMGps=993.5 elapsed=2h28m26s
Jul 25 10:31:39 nimbus-eth1-mainnet-long-benchmark[3573364]: INF 2026-07-25 10:31:39.664+00:00 Imported blocks                            blockNumber=5349377 slot=1 blocks=5349376 txs=192826757 mgas=8894234 bps=171.4 tps=18349 mgps=950.8 avgBps=597.4 avgTps=21533 avgMGps=993.3 elapsed=2h29m14s
Jul 25 10:32:27 nimbus-eth1-mainnet-long-benchmark[3573364]: INF 2026-07-25 10:32:27.887+00:00 Imported blocks                            blockNumber=5357569 slot=1 blocks=5357568 txs=193630236 mgas=8940348 bps=169.9 tps=16661 mgps=956.2 avgBps=595.1 avgTps=21507 avgMGps=993.1 elapsed=2h30m2s
Jul 25 10:33:13 nimbus-eth1-mainnet-long-benchmark[3573364]: INF 2026-07-25 10:33:13.195+00:00 Imported blocks                            blockNumber=5365761 slot=1 blocks=5365760 txs=194359264 mgas=8985413 bps=180.8 tps=16091 mgps=994.7 avgBps=593.0 avgTps=21480 avgMGps=993.1 elapsed=2h30m48s
Jul 25 10:34:02 nimbus-eth1-mainnet-long-benchmark[3573364]: INF 2026-07-25 10:34:02.558+00:00 Imported blocks                            blockNumber=5373953 slot=1 blocks=5373952 txs=195244977 mgas=9033151 bps=166.0 tps=17943 mgps=967.1 avgBps=590.7 avgTps=21461 avgMGps=992.9 elapsed=2h31m37s
Jul 25 10:34:54 nimbus-eth1-mainnet-long-benchmark[3573364]: INF 2026-07-25 10:34:54.125+00:00 Imported blocks                            blockNumber=5382145 slot=1 blocks=5382144 txs=196081972 mgas=9084503 bps=158.9 tps=16230 mgps=995.8 avgBps=588.3 avgTps=21431 avgMGps=992.9 elapsed=2h32m29s
Jul 25 10:35:47 nimbus-eth1-mainnet-long-benchmark[3573364]: INF 2026-07-25 10:35:47.208+00:00 Imported blocks                            blockNumber=5390337 slot=1 blocks=5390336 txs=197047903 mgas=9137468 bps=154.3 tps=18196 mgps=997.8 avgBps=585.8 avgTps=21413 avgMGps=993.0 elapsed=2h33m22s
Jul 25 10:36:35 nimbus-eth1-mainnet-long-benchmark[3573364]: INF 2026-07-25 10:36:35.112+00:00 Imported blocks                            blockNumber=5398529 slot=1 blocks=5398528 txs=197830829 mgas=9188358 bps=171.0 tps=16343 mgps=1062 avgBps=583.6 avgTps=21386 avgMGps=993.3 elapsed=2h34m10s
Jul 25 10:37:25 nimbus-eth1-mainnet-long-benchmark[3573364]: INF 2026-07-25 10:37:25.071+00:00 Imported blocks                            blockNumber=5406721 slot=1 blocks=5406720 txs=198592019 mgas=9237315 bps=164.0 tps=15235 mgps=979.9 avgBps=581.4 avgTps=21353 avgMGps=993.3 elapsed=2h35m84ms
Jul 25 10:38:14 nimbus-eth1-mainnet-long-benchmark[3573364]: INF 2026-07-25 10:38:14.434+00:00 Imported blocks                            blockNumber=5414913 slot=1 blocks=5414912 txs=199419083 mgas=9285787 bps=166.0 tps=16756 mgps=982.0 avgBps=579.2 avgTps=21329 avgMGps=993.2 elapsed=2h35m49s
Jul 25 10:39:10 nimbus-eth1-mainnet-long-benchmark[3573364]: INF 2026-07-25 10:39:10.181+00:00 Imported blocks                            blockNumber=5423105 slot=1 blocks=5423104 txs=200244501 mgas=9335043 bps=147.0 tps=14806 mgps=883.6 avgBps=576.6 avgTps=21290 avgMGps=992.5 elapsed=2h36m45s
Jul 25 10:40:08 nimbus-eth1-mainnet-long-benchmark[3573364]: INF 2026-07-25 10:40:08.776+00:00 Imported blocks                            blockNumber=5431297 slot=1 blocks=5431296 txs=201163768 mgas=9387274 bps=139.8 tps=15687 mgps=891.4 avgBps=573.9 avgTps=21256 avgMGps=991.9 elapsed=2h37m43s
Jul 25 10:41:08 nimbus-eth1-mainnet-long-benchmark[3573364]: INF 2026-07-25 10:41:08.379+00:00 Imported blocks                            blockNumber=5439489 slot=1 blocks=5439488 txs=202137994 mgas=9442417 bps=137.4 tps=16344 mgps=925.2 avgBps=571.2 avgTps=21225 avgMGps=991.5 elapsed=2h38m43s
Jul 25 10:42:03 nimbus-eth1-mainnet-long-benchmark[3573364]: INF 2026-07-25 10:42:03.030+00:00 Imported blocks                            blockNumber=5447681 slot=1 blocks=5447680 txs=202971502 mgas=9493107 bps=149.9 tps=15252 mgps=927.6 avgBps=568.8 avgTps=21191 avgMGps=991.1 elapsed=2h39m38s
Jul 25 10:43:00 nimbus-eth1-mainnet-long-benchmark[3573364]: INF 2026-07-25 10:43:00.525+00:00 Imported blocks                            blockNumber=5455873 slot=1 blocks=5455872 txs=203919362 mgas=9549815 bps=142.5 tps=16485 mgps=986.3 avgBps=566.2 avgTps=21163 avgMGps=991.1 elapsed=2h40m35s
Jul 25 10:44:01 nimbus-eth1-mainnet-long-benchmark[3573364]: INF 2026-07-25 10:44:01.160+00:00 Imported blocks                            blockNumber=5464065 slot=1 blocks=5464064 txs=204953333 mgas=9608468 bps=135.1 tps=17053 mgps=967.4 avgBps=563.5 avgTps=21137 avgMGps=991.0 elapsed=2h41m36s
Jul 25 10:45:03 nimbus-eth1-mainnet-long-benchmark[3573364]: INF 2026-07-25 10:45:03.911+00:00 Imported blocks                            blockNumber=5472257 slot=1 blocks=5472256 txs=206068922 mgas=9667810 bps=130.5 tps=17776 mgps=945.6 avgBps=560.7 avgTps=21115 avgMGps=990.7 elapsed=2h42m38s
Jul 25 10:46:06 nimbus-eth1-mainnet-long-benchmark[3573364]: INF 2026-07-25 10:46:06.786+00:00 Imported blocks                            blockNumber=5480449 slot=1 blocks=5480448 txs=207222045 mgas=9726894 bps=130.3 tps=18340 mgps=939.7 avgBps=558.0 avgTps=21098 avgMGps=990.3 elapsed=2h43m41s
Jul 25 10:47:08 nimbus-eth1-mainnet-long-benchmark[3573364]: INF 2026-07-25 10:47:08.129+00:00 Imported blocks                            blockNumber=5488641 slot=1 blocks=5488640 txs=208231197 mgas=9782963 bps=133.5 tps=16451 mgps=914.1 avgBps=555.4 avgTps=21069 avgMGps=989.9 elapsed=2h44m43s
Jul 25 10:48:14 nimbus-eth1-mainnet-long-benchmark[3573364]: INF 2026-07-25 10:48:14.048+00:00 Imported blocks                            blockNumber=5496833 slot=1 blocks=5496832 txs=209387352 mgas=9840565 bps=124.3 tps=17538 mgps=873.8 avgBps=552.5 avgTps=21045 avgMGps=989.1 elapsed=2h45m49s
Jul 25 10:49:19 nimbus-eth1-mainnet-long-benchmark[3573364]: INF 2026-07-25 10:49:19.247+00:00 Imported blocks                            blockNumber=5505025 slot=1 blocks=5505024 txs=210535309 mgas=9898096 bps=125.6 tps=17605 mgps=882.3 avgBps=549.7 avgTps=21023 avgMGps=988.4 elapsed=2h46m54s
Jul 25 10:50:18 nimbus-eth1-mainnet-long-benchmark[3573364]: INF 2026-07-25 10:50:18.866+00:00 Imported blocks                            blockNumber=5513217 slot=1 blocks=5513216 txs=211624286 mgas=9953427 bps=137.4 tps=18266 mgps=928.1 avgBps=547.3 avgTps=21007 avgMGps=988.0 elapsed=2h47m53s
Jul 25 10:51:18 nimbus-eth1-mainnet-long-benchmark[3573364]: INF 2026-07-25 10:51:18.369+00:00 Imported blocks                            blockNumber=5521409 slot=1 blocks=5521408 txs=212752762 mgas=10007719 bps=137.7 tps=18965 mgps=912.4 avgBps=544.9 avgTps=20995 avgMGps=987.6 elapsed=2h48m53s
Jul 25 10:52:21 nimbus-eth1-mainnet-long-benchmark[3573364]: INF 2026-07-25 10:52:21.792+00:00 Imported blocks                            blockNumber=5529601 slot=1 blocks=5529600 txs=213799913 mgas=10062746 bps=129.2 tps=16510 mgps=867.6 avgBps=542.3 avgTps=20967 avgMGps=986.9 elapsed=2h49m56s
Jul 25 10:53:26 nimbus-eth1-mainnet-long-benchmark[3573364]: INF 2026-07-25 10:53:26.263+00:00 Imported blocks                            blockNumber=5537793 slot=1 blocks=5537792 txs=214926872 mgas=10120726 bps=127.1 tps=17479 mgps=899.3 avgBps=539.7 avgTps=20945 avgMGps=986.3 elapsed=2h51m1s
Jul 25 10:54:31 nimbus-eth1-mainnet-long-benchmark[3573364]: INF 2026-07-25 10:54:31.054+00:00 Imported blocks                            blockNumber=5545985 slot=1 blocks=5545984 txs=216003215 mgas=10179892 bps=126.4 tps=16612 mgps=913.2 avgBps=537.1 avgTps=20918 avgMGps=985.8 elapsed=2h52m6s
Jul 25 10:55:37 nimbus-eth1-mainnet-long-benchmark[3573364]: INF 2026-07-25 10:55:37.033+00:00 Imported blocks                            blockNumber=5554177 slot=1 blocks=5554176 txs=217195611 mgas=10239437 bps=124.2 tps=18072 mgps=902.5 avgBps=534.5 avgTps=20900 avgMGps=985.3 elapsed=2h53m12s
Jul 25 10:56:47 nimbus-eth1-mainnet-long-benchmark[3573364]: INF 2026-07-25 10:56:47.640+00:00 Imported blocks                            blockNumber=5562369 slot=1 blocks=5562368 txs=218572562 mgas=10297957 bps=116.0 tps=19501 mgps=828.8 avgBps=531.6 avgTps=20890 avgMGps=984.3 elapsed=2h54m22s
Jul 25 10:57:49 nimbus-eth1-mainnet-long-benchmark[3573364]: INF 2026-07-25 10:57:49.327+00:00 Imported blocks                            blockNumber=5570561 slot=1 blocks=5570560 txs=219549283 mgas=10356007 bps=132.8 tps=15833 mgps=941.0 avgBps=529.3 avgTps=20861 avgMGps=984.0 elapsed=2h55m24s
Jul 25 10:58:51 nimbus-eth1-mainnet-long-benchmark[3573364]: INF 2026-07-25 10:58:51.526+00:00 Imported blocks                            blockNumber=5578753 slot=1 blocks=5578752 txs=220715670 mgas=10413738 bps=131.7 tps=18753 mgps=928.2 avgBps=527.0 avgTps=20848 avgMGps=983.7 elapsed=2h56m26s
Jul 25 10:59:56 nimbus-eth1-mainnet-long-benchmark[3573364]: INF 2026-07-25 10:59:56.701+00:00 Imported blocks                            blockNumber=5586945 slot=1 blocks=5586944 txs=221877585 mgas=10472145 bps=125.7 tps=17826 mgps=896.1 avgBps=524.5 avgTps=20830 avgMGps=983.1 elapsed=2h57m31s
Jul 25 11:01:04 nimbus-eth1-mainnet-long-benchmark[3573364]: INF 2026-07-25 11:01:04.536+00:00 Imported blocks                            blockNumber=5595137 slot=1 blocks=5595136 txs=223112499 mgas=10532917 bps=120.8 tps=18204 mgps=895.9 avgBps=522.0 avgTps=20813 avgMGps=982.6 elapsed=2h58m39s
Jul 25 11:02:08 nimbus-eth1-mainnet-long-benchmark[3573364]: INF 2026-07-25 11:02:08.627+00:00 Imported blocks                            blockNumber=5603329 slot=1 blocks=5603328 txs=224236731 mgas=10592673 bps=127.8 tps=17540 mgps=932.3 avgBps=519.6 avgTps=20794 avgMGps=982.3 elapsed=2h59m43s
Jul 25 11:03:10 nimbus-eth1-mainnet-long-benchmark[3573364]: INF 2026-07-25 11:03:10.642+00:00 Imported blocks                            blockNumber=5611521 slot=1 blocks=5611520 txs=225332209 mgas=10652795 bps=132.1 tps=17665 mgps=969.5 avgBps=517.4 avgTps=20776 avgMGps=982.2 elapsed=3h45s648ms
Jul 25 11:04:17 nimbus-eth1-mainnet-long-benchmark[3573364]: INF 2026-07-25 11:04:17.089+00:00 Imported blocks                            blockNumber=5619713 slot=1 blocks=5619712 txs=226491094 mgas=10713164 bps=123.3 tps=17439 mgps=908.5 avgBps=515.0 avgTps=20755 avgMGps=981.8 elapsed=3h1m52s
Jul 25 11:05:21 nimbus-eth1-mainnet-long-benchmark[3573364]: INF 2026-07-25 11:05:21.384+00:00 Imported blocks                            blockNumber=5627905 slot=1 blocks=5627904 txs=227644911 mgas=10773939 bps=127.4 tps=17946 mgps=945.3 avgBps=512.7 avgTps=20739 avgMGps=981.6 elapsed=3h2m56s
Jul 25 11:06:26 nimbus-eth1-mainnet-long-benchmark[3573364]: INF 2026-07-25 11:06:26.011+00:00 Imported blocks                            blockNumber=5636097 slot=1 blocks=5636096 txs=228871217 mgas=10834353 bps=126.8 tps=18975 mgps=934.8 avgBps=510.5 avgTps=20729 avgMGps=981.3 elapsed=3h4m1s
Jul 25 11:07:28 nimbus-eth1-mainnet-long-benchmark[3573364]: INF 2026-07-25 11:07:28.158+00:00 Imported blocks                            blockNumber=5644289 slot=1 blocks=5644288 txs=230067314 mgas=10894316 bps=131.8 tps=19246 mgps=964.9 avgBps=508.3 avgTps=20720 avgMGps=981.2 elapsed=3h5m3s
Jul 25 11:08:33 nimbus-eth1-mainnet-long-benchmark[3573364]: INF 2026-07-25 11:08:33.733+00:00 Imported blocks                            blockNumber=5652481 slot=1 blocks=5652480 txs=231215371 mgas=10954481 bps=124.9 tps=17507 mgps=917.5 avgBps=506.1 avgTps=20702 avgMGps=980.8 elapsed=3h6m8s
Jul 25 11:09:38 nimbus-eth1-mainnet-long-benchmark[3573364]: INF 2026-07-25 11:09:38.504+00:00 Imported blocks                            blockNumber=5660673 slot=1 blocks=5660672 txs=232392425 mgas=11015178 bps=126.5 tps=18172 mgps=937.1 avgBps=503.9 avgTps=20687 avgMGps=980.6 elapsed=3h7m13s
Jul 25 11:10:44 nimbus-eth1-mainnet-long-benchmark[3573364]: INF 2026-07-25 11:10:44.679+00:00 Imported blocks                            blockNumber=5668865 slot=1 blocks=5668864 txs=233627923 mgas=11075226 bps=123.8 tps=18669 mgps=907.4 avgBps=501.7 avgTps=20675 avgMGps=980.1 elapsed=3h8m19s
Jul 25 11:11:52 nimbus-eth1-mainnet-long-benchmark[3573364]: INF 2026-07-25 11:11:52.034+00:00 Imported blocks                            blockNumber=5677057 slot=1 blocks=5677056 txs=234775285 mgas=11135711 bps=121.6 tps=17034 mgps=898.0 avgBps=499.4 avgTps=20654 avgMGps=979.6 elapsed=3h9m27s
Jul 25 11:12:55 nimbus-eth1-mainnet-long-benchmark[3573364]: INF 2026-07-25 11:12:55.753+00:00 Imported blocks                            blockNumber=5685249 slot=1 blocks=5685248 txs=235883512 mgas=11195486 bps=128.6 tps=17392 mgps=938.1 avgBps=497.4 avgTps=20635 avgMGps=979.4 elapsed=3h10m30s
Jul 25 11:14:02 nimbus-eth1-mainnet-long-benchmark[3573364]: INF 2026-07-25 11:14:02.440+00:00 Imported blocks                            blockNumber=5693441 slot=1 blocks=5693440 txs=237085394 mgas=11256495 bps=122.8 tps=18021 mgps=914.8 avgBps=495.2 avgTps=20620 avgMGps=979.0 elapsed=3h11m37s
Jul 25 11:15:12 nimbus-eth1-mainnet-long-benchmark[3573364]: INF 2026-07-25 11:15:12.399+00:00 Imported blocks                            blockNumber=5701633 slot=1 blocks=5701632 txs=238269205 mgas=11318172 bps=117.1 tps=16922 mgps=881.7 avgBps=492.9 avgTps=20598 avgMGps=978.5 elapsed=3h12m47s
Jul 25 11:16:25 nimbus-eth1-mainnet-long-benchmark[3573364]: INF 2026-07-25 11:16:25.841+00:00 Imported blocks                            blockNumber=5709825 slot=1 blocks=5709824 txs=239483842 mgas=11379963 bps=111.5 tps=16538 mgps=841.3 avgBps=490.5 avgTps=20572 avgMGps=977.6 elapsed=3h14m850ms
Jul 25 11:17:37 nimbus-eth1-mainnet-long-benchmark[3573364]: INF 2026-07-25 11:17:37.476+00:00 Imported blocks                            blockNumber=5718017 slot=1 blocks=5718016 txs=240570315 mgas=11441462 bps=114.4 tps=15166 mgps=858.5 avgBps=488.2 avgTps=20539 avgMGps=976.9 elapsed=3h15m12s
Jul 25 11:18:45 nimbus-eth1-mainnet-long-benchmark[3573364]: INF 2026-07-25 11:18:45.235+00:00 Imported blocks                            blockNumber=5726209 slot=1 blocks=5726208 txs=241772216 mgas=11502595 bps=120.9 tps=17737 mgps=902.2 avgBps=486.1 avgTps=20523 avgMGps=976.4 elapsed=3h16m20s
Jul 25 11:19:52 nimbus-eth1-mainnet-long-benchmark[3573364]: INF 2026-07-25 11:19:52.302+00:00 Imported blocks                            blockNumber=5734401 slot=1 blocks=5734400 txs=242887128 mgas=11563848 bps=122.2 tps=16624 mgps=913.4 avgBps=484.0 avgTps=20501 avgMGps=976.1 elapsed=3h17m27s
Jul 25 11:20:58 nimbus-eth1-mainnet-long-benchmark[3573364]: INF 2026-07-25 11:20:58.189+00:00 Imported blocks                            blockNumber=5742593 slot=1 blocks=5742592 txs=244051101 mgas=11623983 bps=124.3 tps=17665 mgps=912.7 avgBps=482.0 avgTps=20485 avgMGps=975.7 elapsed=3h18m33s
Jul 25 11:22:02 nimbus-eth1-mainnet-long-benchmark[3573364]: INF 2026-07-25 11:22:02.744+00:00 Imported blocks                            blockNumber=5750785 slot=1 blocks=5750784 txs=245135161 mgas=11683584 bps=126.9 tps=16793 mgps=923.3 avgBps=480.1 avgTps=20465 avgMGps=975.4 elapsed=3h19m37s
Jul 25 11:23:06 nimbus-eth1-mainnet-long-benchmark[3573364]: INF 2026-07-25 11:23:06.707+00:00 Imported blocks                            blockNumber=5758977 slot=1 blocks=5758976 txs=246213533 mgas=11743393 bps=128.1 tps=16858 mgps=935.0 avgBps=478.3 avgTps=20446 avgMGps=975.2 elapsed=3h20m41s
Jul 25 11:24:12 nimbus-eth1-mainnet-long-benchmark[3573364]: INF 2026-07-25 11:24:12.342+00:00 Imported blocks                            blockNumber=5767169 slot=1 blocks=5767168 txs=247328378 mgas=11802719 bps=124.8 tps=16986 mgps=903.9 avgBps=476.3 avgTps=20427 avgMGps=974.8 elapsed=3h21m47s
Jul 25 11:25:16 nimbus-eth1-mainnet-long-benchmark[3573364]: INF 2026-07-25 11:25:16.205+00:00 Imported blocks                            blockNumber=5775361 slot=1 blocks=5775360 txs=248454516 mgas=11862582 bps=128.3 tps=17632 mgps=937.3 avgBps=474.5 avgTps=20413 avgMGps=974.6 elapsed=3h22m51s
Jul 25 11:26:18 nimbus-eth1-mainnet-long-benchmark[3573364]: INF 2026-07-25 11:26:18.776+00:00 Imported blocks                            blockNumber=5783553 slot=1 blocks=5783552 txs=249591493 mgas=11921794 bps=130.9 tps=18171 mgps=946.3 avgBps=472.8 avgTps=20401 avgMGps=974.5 elapsed=3h23m53s
Jul 25 11:27:14 nimbus-eth1-mainnet-long-benchmark[3573364]: INF 2026-07-25 11:27:14.771+00:00 Imported blocks                            blockNumber=5791745 slot=1 blocks=5791744 txs=250638008 mgas=11973982 bps=146.3 tps=18688 mgps=932.0 avgBps=471.3 avgTps=20394 avgMGps=974.3 elapsed=3h24m49s
Jul 25 11:28:13 nimbus-eth1-mainnet-long-benchmark[3573364]: INF 2026-07-25 11:28:13.478+00:00 Imported blocks                            blockNumber=5799937 slot=1 blocks=5799936 txs=251678426 mgas=12029173 bps=139.6 tps=17723 mgps=940.2 avgBps=469.7 avgTps=20381 avgMGps=974.1 elapsed=3h25m48s
Jul 25 11:29:09 nimbus-eth1-mainnet-long-benchmark[3573364]: INF 2026-07-25 11:29:09.197+00:00 Imported blocks                            blockNumber=5808129 slot=1 blocks=5808128 txs=252531449 mgas=12084497 bps=147.0 tps=15308 mgps=992.9 avgBps=468.2 avgTps=20358 avgMGps=974.2 elapsed=3h26m44s
Jul 25 11:30:09 nimbus-eth1-mainnet-long-benchmark[3573364]: INF 2026-07-25 11:30:09.804+00:00 Imported blocks                            blockNumber=5816321 slot=1 blocks=5816320 txs=253560073 mgas=12141561 bps=135.2 tps=16971 mgps=941.5 avgBps=466.6 avgTps=20342 avgMGps=974.1 elapsed=3h27m44s
Jul 25 11:31:15 nimbus-eth1-mainnet-long-benchmark[3573364]: INF 2026-07-25 11:31:15.747+00:00 Imported blocks                            blockNumber=5824513 slot=1 blocks=5824512 txs=254677119 mgas=12200831 bps=124.2 tps=16939 mgps=898.8 avgBps=464.8 avgTps=20324 avgMGps=973.7 elapsed=3h28m50s
Jul 25 11:32:20 nimbus-eth1-mainnet-long-benchmark[3573364]: INF 2026-07-25 11:32:20.470+00:00 Imported blocks                            blockNumber=5832705 slot=1 blocks=5832704 txs=255738276 mgas=12259791 bps=126.6 tps=16396 mgps=911.0 avgBps=463.1 avgTps=20303 avgMGps=973.3 elapsed=3h29m55s
Jul 25 11:33:22 nimbus-eth1-mainnet-long-benchmark[3573364]: INF 2026-07-25 11:33:22.745+00:00 Imported blocks                            blockNumber=5840897 slot=1 blocks=5840896 txs=256793603 mgas=12316339 bps=131.5 tps=16946 mgps=908.0 avgBps=461.4 avgTps=20287 avgMGps=973.0 elapsed=3h30m57s
Jul 25 11:34:18 nimbus-eth1-mainnet-long-benchmark[3573364]: INF 2026-07-25 11:34:18.176+00:00 Imported blocks                            blockNumber=5849089 slot=1 blocks=5849088 txs=257672255 mgas=12366878 bps=147.8 tps=15850 mgps=911.7 avgBps=460.1 avgTps=20268 avgMGps=972.8 elapsed=3h31m53s
Jul 25 11:35:26 nimbus-eth1-mainnet-long-benchmark[3573364]: INF 2026-07-25 11:35:26.303+00:00 Imported blocks                            blockNumber=5857281 slot=1 blocks=5857280 txs=258845741 mgas=12424511 bps=120.3 tps=17225 mgps=846.0 avgBps=458.3 avgTps=20251 avgMGps=972.1 elapsed=3h33m1s
Jul 25 11:36:30 nimbus-eth1-mainnet-long-benchmark[3573364]: INF 2026-07-25 11:36:30.006+00:00 Imported blocks                            blockNumber=5865473 slot=1 blocks=5865472 txs=259926780 mgas=12482128 bps=128.6 tps=16970 mgps=904.5 avgBps=456.6 avgTps=20235 avgMGps=971.7 elapsed=3h34m5s
Jul 25 11:37:34 nimbus-eth1-mainnet-long-benchmark[3573364]: INF 2026-07-25 11:37:34.781+00:00 Imported blocks                            blockNumber=5873665 slot=1 blocks=5873664 txs=260984009 mgas=12538871 bps=126.5 tps=16321 mgps=876.0 avgBps=455.0 avgTps=20215 avgMGps=971.3 elapsed=3h35m9s
Jul 25 11:38:34 nimbus-eth1-mainnet-long-benchmark[3573364]: INF 2026-07-25 11:38:34.296+00:00 Imported blocks                            blockNumber=5881857 slot=1 blocks=5881856 txs=261935767 mgas=12597382 bps=137.6 tps=15991 mgps=983.1 avgBps=453.5 avgTps=20196 avgMGps=971.3 elapsed=3h36m9s
Jul 25 11:39:24 nimbus-eth1-mainnet-long-benchmark[3573364]: INF 2026-07-25 11:39:24.051+00:00 Imported blocks                            blockNumber=5890049 slot=1 blocks=5890048 txs=262770950 mgas=12659178 bps=164.6 tps=16785 mgps=1241 avgBps=452.4 avgTps=20183 avgMGps=972.4 elapsed=3h36m59s
Jul 25 11:40:15 nimbus-eth1-mainnet-long-benchmark[3573364]: INF 2026-07-25 11:40:15.427+00:00 Imported blocks                            blockNumber=5898241 slot=1 blocks=5898240 txs=263510879 mgas=12720906 bps=159.5 tps=14403 mgps=1201 avgBps=451.3 avgTps=20160 avgMGps=973.3 elapsed=3h37m50s
Jul 25 11:41:08 nimbus-eth1-mainnet-long-benchmark[3573364]: INF 2026-07-25 11:41:08.226+00:00 Imported blocks                            blockNumber=5906433 slot=1 blocks=5906432 txs=264191752 mgas=12782810 bps=155.2 tps=12895 mgps=1172 avgBps=450.1 avgTps=20131 avgMGps=974.1 elapsed=3h38m43s
Jul 25 11:42:02 nimbus-eth1-mainnet-long-benchmark[3573364]: INF 2026-07-25 11:42:02.437+00:00 Imported blocks                            blockNumber=5914625 slot=1 blocks=5914624 txs=264898081 mgas=12844258 bps=151.1 tps=13028 mgps=1133 avgBps=448.8 avgTps=20102 avgMGps=974.7 elapsed=3h39m37s
Jul 25 11:42:54 nimbus-eth1-mainnet-long-benchmark[3573364]: INF 2026-07-25 11:42:54.528+00:00 Imported blocks                            blockNumber=5922817 slot=1 blocks=5922816 txs=265592658 mgas=12906347 bps=157.3 tps=13333 mgps=1191 avgBps=447.7 avgTps=20075 avgMGps=975.6 elapsed=3h40m29s
Jul 25 11:43:48 nimbus-eth1-mainnet-long-benchmark[3573364]: INF 2026-07-25 11:43:48.175+00:00 Imported blocks                            blockNumber=5931009 slot=1 blocks=5931008 txs=266439626 mgas=12964327 bps=152.7 tps=15787 mgps=1080 avgBps=446.5 avgTps=20058 avgMGps=976.0 elapsed=3h41m23s
Jul 25 11:44:48 nimbus-eth1-mainnet-long-benchmark[3573364]: INF 2026-07-25 11:44:48.734+00:00 Imported blocks                            blockNumber=5939201 slot=1 blocks=5939200 txs=267406185 mgas=13024289 bps=135.3 tps=15961 mgps=990.2 avgBps=445.1 avgTps=20039 avgMGps=976.1 elapsed=3h42m23s
Jul 25 11:45:48 nimbus-eth1-mainnet-long-benchmark[3573364]: INF 2026-07-25 11:45:48.161+00:00 Imported blocks                            blockNumber=5947393 slot=1 blocks=5947392 txs=268307973 mgas=13084568 bps=137.8 tps=15174 mgps=1014 avgBps=443.7 avgTps=20018 avgMGps=976.2 elapsed=3h43m23s
Jul 25 11:46:45 nimbus-eth1-mainnet-long-benchmark[3573364]: INF 2026-07-25 11:46:45.728+00:00 Imported blocks                            blockNumber=5955585 slot=1 blocks=5955584 txs=269110837 mgas=13144983 bps=142.3 tps=13946 mgps=1049 avgBps=442.4 avgTps=19992 avgMGps=976.5 elapsed=3h44m20s
Jul 25 11:47:40 nimbus-eth1-mainnet-long-benchmark[3573364]: INF 2026-07-25 11:47:40.056+00:00 Imported blocks                            blockNumber=5963777 slot=1 blocks=5963776 txs=269795947 mgas=13208052 bps=150.8 tps=12611 mgps=1160 avgBps=441.3 avgTps=19962 avgMGps=977.3 elapsed=3h45m15s
Jul 25 11:48:34 nimbus-eth1-mainnet-long-benchmark[3573364]: INF 2026-07-25 11:48:34.231+00:00 Imported blocks                            blockNumber=5971969 slot=1 blocks=5971968 txs=270445659 mgas=13267738 bps=151.2 tps=11993 mgps=1101 avgBps=440.1 avgTps=19930 avgMGps=977.8 elapsed=3h46m9s
Jul 25 11:49:40 nimbus-eth1-mainnet-long-benchmark[3573364]: INF 2026-07-25 11:49:40.114+00:00 Imported blocks                            blockNumber=5980161 slot=1 blocks=5980160 txs=271482455 mgas=13327833 bps=124.3 tps=15736 mgps=912.1 avgBps=438.6 avgTps=19910 avgMGps=977.5 elapsed=3h47m15s
Jul 25 11:50:44 nimbus-eth1-mainnet-long-benchmark[3573364]: INF 2026-07-25 11:50:44.877+00:00 Imported blocks                            blockNumber=5988353 slot=1 blocks=5988352 txs=272485958 mgas=13387249 bps=126.5 tps=15494 mgps=917.4 avgBps=437.1 avgTps=19889 avgMGps=977.2 elapsed=3h48m19s
Jul 25 11:51:47 nimbus-eth1-mainnet-long-benchmark[3573364]: INF 2026-07-25 11:51:47.992+00:00 Imported blocks                            blockNumber=5996545 slot=1 blocks=5996544 txs=273513562 mgas=13446865 bps=129.8 tps=16280 mgps=944.5 avgBps=435.7 avgTps=19873 avgMGps=977.0 elapsed=3h49m23s
Jul 25 11:52:56 nimbus-eth1-mainnet-long-benchmark[3573364]: INF 2026-07-25 11:52:56.391+00:00 Imported blocks                            blockNumber=6004737 slot=1 blocks=6004736 txs=274405665 mgas=13507303 bps=119.8 tps=13043 mgps=883.7 avgBps=434.1 avgTps=19839 avgMGps=976.6 elapsed=3h50m31s
Jul 25 11:54:00 nimbus-eth1-mainnet-long-benchmark[3573364]: INF 2026-07-25 11:54:00.342+00:00 Imported blocks                            blockNumber=6012929 slot=1 blocks=6012928 txs=275285977 mgas=13567110 bps=128.1 tps=13764 mgps=935.1 avgBps=432.7 avgTps=19811 avgMGps=976.4 elapsed=3h51m35s
Jul 25 11:55:08 nimbus-eth1-mainnet-long-benchmark[3573364]: INF 2026-07-25 11:55:08.488+00:00 Imported blocks                            blockNumber=6021121 slot=1 blocks=6021120 txs=276395619 mgas=13627135 bps=120.2 tps=16283 mgps=880.8 avgBps=431.2 avgTps=19794 avgMGps=975.9 elapsed=3h52m43s
Jul 25 11:56:15 nimbus-eth1-mainnet-long-benchmark[3573364]: INF 2026-07-25 11:56:15.603+00:00 Imported blocks                            blockNumber=6029313 slot=1 blocks=6029312 txs=277490573 mgas=13686775 bps=122.1 tps=16313 mgps=888.6 avgBps=429.7 avgTps=19777 avgMGps=975.5 elapsed=3h53m50s
Jul 25 11:57:19 nimbus-eth1-mainnet-long-benchmark[3573364]: INF 2026-07-25 11:57:19.518+00:00 Imported blocks                            blockNumber=6037505 slot=1 blocks=6037504 txs=278520990 mgas=13746145 bps=128.2 tps=16123 mgps=929.0 avgBps=428.4 avgTps=19760 avgMGps=975.3 elapsed=3h54m54s
Jul 25 11:58:24 nimbus-eth1-mainnet-long-benchmark[3573364]: INF 2026-07-25 11:58:24.973+00:00 Imported blocks                            blockNumber=6045697 slot=1 blocks=6045696 txs=279578190 mgas=13802046 bps=125.2 tps=16151 mgps=854.0 avgBps=427.0 avgTps=19744 avgMGps=974.7 elapsed=3h55m59s
Jul 25 11:59:21 nimbus-eth1-mainnet-long-benchmark[3573364]: INF 2026-07-25 11:59:21.784+00:00 Imported blocks                            blockNumber=6053889 slot=1 blocks=6053888 txs=280518529 mgas=13852799 bps=144.2 tps=16552 mgps=893.4 avgBps=425.8 avgTps=19731 avgMGps=974.4 elapsed=3h56m56s
Jul 25 12:00:25 nimbus-eth1-mainnet-long-benchmark[3573364]: INF 2026-07-25 12:00:25.503+00:00 Imported blocks                            blockNumber=6062081 slot=1 blocks=6062080 txs=281566174 mgas=13909217 bps=128.6 tps=16440 mgps=885.4 avgBps=424.5 avgTps=19716 avgMGps=974.0 elapsed=3h58m514ms
Jul 25 12:01:31 nimbus-eth1-mainnet-long-benchmark[3573364]: INF 2026-07-25 12:01:31.810+00:00 Imported blocks                            blockNumber=6070273 slot=1 blocks=6070272 txs=282636518 mgas=13967829 bps=123.6 tps=16143 mgps=884.0 avgBps=423.1 avgTps=19700 avgMGps=973.6 elapsed=3h59m6s
Jul 25 12:02:35 nimbus-eth1-mainnet-long-benchmark[3573364]: INF 2026-07-25 12:02:35.689+00:00 Imported blocks                            blockNumber=6078465 slot=1 blocks=6078464 txs=283676844 mgas=14026990 bps=128.2 tps=16284 mgps=926.1 avgBps=421.8 avgTps=19685 avgMGps=973.4 elapsed=4h10s700ms
Jul 25 12:03:36 nimbus-eth1-mainnet-long-benchmark[3573364]: INF 2026-07-25 12:03:36.200+00:00 Imported blocks                            blockNumber=6086657 slot=1 blocks=6086656 txs=284709783 mgas=14086235 bps=135.4 tps=17070 mgps=979.1 avgBps=420.6 avgTps=19674 avgMGps=973.4 elapsed=4h1m11s
Jul 25 12:04:36 nimbus-eth1-mainnet-long-benchmark[3573364]: INF 2026-07-25 12:04:36.387+00:00 Imported blocks                            blockNumber=6094849 slot=1 blocks=6094848 txs=285687889 mgas=14144316 bps=136.1 tps=16250 mgps=965.0 avgBps=419.4 avgTps=19660 avgMGps=973.4 elapsed=4h2m11s
Jul 25 12:05:40 nimbus-eth1-mainnet-long-benchmark[3573364]: INF 2026-07-25 12:05:40.094+00:00 Imported blocks                            blockNumber=6103041 slot=1 blocks=6103040 txs=286637824 mgas=14203750 bps=128.6 tps=14912 mgps=933.0 avgBps=418.2 avgTps=19639 avgMGps=973.2 elapsed=4h3m15s
Jul 25 12:07:03 nimbus-eth1-mainnet-long-benchmark[3573364]: INF 2026-07-25 12:07:03.761+00:00 Imported blocks                            blockNumber=6111233 slot=1 blocks=6111232 txs=287452264 mgas=14266169 bps=97.91 tps=9734 mgps=746.0 avgBps=416.3 avgTps=19582 avgMGps=971.9 elapsed=4h4m38s
Jul 25 12:08:30 nimbus-eth1-mainnet-long-benchmark[3573364]: INF 2026-07-25 12:08:30.468+00:00 Imported blocks                            blockNumber=6119425 slot=1 blocks=6119424 txs=288209147 mgas=14328098 bps=94.48 tps=8728 mgps=714.2 avgBps=414.4 avgTps=19519 avgMGps=970.4 elapsed=4h6m5s
Jul 25 12:09:43 nimbus-eth1-mainnet-long-benchmark[3573364]: INF 2026-07-25 12:09:43.647+00:00 Imported blocks                            blockNumber=6127617 slot=1 blocks=6127616 txs=289100847 mgas=14386026 bps=111.9 tps=12185 mgps=791.6 avgBps=412.9 avgTps=19482 avgMGps=969.5 elapsed=4h7m18s
Jul 25 12:10:42 nimbus-eth1-mainnet-long-benchmark[3573364]: INF 2026-07-25 12:10:42.626+00:00 Imported blocks                            blockNumber=6135809 slot=1 blocks=6135808 txs=289995220 mgas=14440150 bps=138.9 tps=15164 mgps=917.7 avgBps=411.9 avgTps=19465 avgMGps=969.3 elapsed=4h8m17s
Jul 25 12:11:45 nimbus-eth1-mainnet-long-benchmark[3573364]: INF 2026-07-25 12:11:45.981+00:00 Imported blocks                            blockNumber=6144001 slot=1 blocks=6144000 txs=290944064 mgas=14494624 bps=129.3 tps=14976 mgps=859.8 avgBps=410.7 avgTps=19446 avgMGps=968.8 elapsed=4h9m20s
Jul 25 12:12:48 nimbus-eth1-mainnet-long-benchmark[3573364]: INF 2026-07-25 12:12:48.252+00:00 Imported blocks                            blockNumber=6152193 slot=1 blocks=6152192 txs=291893124 mgas=14550560 bps=131.6 tps=15240 mgps=898.3 avgBps=409.5 avgTps=19429 avgMGps=968.5 elapsed=4h10m23s
Jul 25 12:13:51 nimbus-eth1-mainnet-long-benchmark[3573364]: INF 2026-07-25 12:13:51.743+00:00 Imported blocks                            blockNumber=6160385 slot=1 blocks=6160384 txs=292833857 mgas=14607740 bps=129.0 tps=14817 mgps=900.6 avgBps=408.3 avgTps=19410 avgMGps=968.2 elapsed=4h11m26s
Jul 25 12:15:02 nimbus-eth1-mainnet-long-benchmark[3573364]: INF 2026-07-25 12:15:02.938+00:00 Imported blocks                            blockNumber=6168577 slot=1 blocks=6168576 txs=293708861 mgas=14667507 bps=115.1 tps=12290 mgps=839.5 avgBps=407.0 avgTps=19376 avgMGps=967.6 elapsed=4h12m37s
Jul 25 12:16:07 nimbus-eth1-mainnet-long-benchmark[3573364]: INF 2026-07-25 12:16:07.745+00:00 Imported blocks                            blockNumber=6176769 slot=1 blocks=6176768 txs=294563705 mgas=14726140 bps=126.4 tps=13190 mgps=904.7 avgBps=405.8 avgTps=19350 avgMGps=967.4 elapsed=4h13m42s
Jul 25 12:17:13 nimbus-eth1-mainnet-long-benchmark[3573364]: INF 2026-07-25 12:17:13.000+00:00 Imported blocks                            blockNumber=6184961 slot=1 blocks=6184960 txs=295433515 mgas=14783313 bps=125.5 tps=13328 mgps=876.1 avgBps=404.6 avgTps=19324 avgMGps=967.0 elapsed=4h14m48s
Jul 25 12:18:19 nimbus-eth1-mainnet-long-benchmark[3573364]: INF 2026-07-25 12:18:19.030+00:00 Imported blocks                            blockNumber=6193153 slot=1 blocks=6193152 txs=296291854 mgas=14842029 bps=124.1 tps=12999 mgps=889.3 avgBps=403.4 avgTps=19297 avgMGps=966.7 elapsed=4h15m54s
Jul 25 12:19:23 nimbus-eth1-mainnet-long-benchmark[3573364]: INF 2026-07-25 12:19:23.725+00:00 Imported blocks                            blockNumber=6201345 slot=1 blocks=6201344 txs=297099945 mgas=14901098 bps=126.6 tps=12490 mgps=913.0 avgBps=402.2 avgTps=19268 avgMGps=966.4 elapsed=4h16m58s
Jul 25 12:20:32 nimbus-eth1-mainnet-long-benchmark[3573364]: INF 2026-07-25 12:20:32.388+00:00 Imported blocks                            blockNumber=6209537 slot=1 blocks=6209536 txs=297916698 mgas=14959973 bps=119.3 tps=11894 mgps=857.4 avgBps=400.9 avgTps=19236 avgMGps=965.9 elapsed=4h18m7s
Jul 25 12:21:38 nimbus-eth1-mainnet-long-benchmark[3573364]: INF 2026-07-25 12:21:38.075+00:00 Imported blocks                            blockNumber=6217729 slot=1 blocks=6217728 txs=298726153 mgas=15018533 bps=124.7 tps=12322 mgps=891.5 avgBps=399.8 avgTps=19206 avgMGps=965.6 elapsed=4h19m13s
Jul 25 12:22:44 nimbus-eth1-mainnet-long-benchmark[3573364]: INF 2026-07-25 12:22:44.038+00:00 Imported blocks                            blockNumber=6225921 slot=1 blocks=6225920 txs=299565406 mgas=15076094 bps=124.2 tps=12723 mgps=872.7 avgBps=398.6 avgTps=19179 avgMGps=965.2 elapsed=4h20m19s
Jul 25 12:23:51 nimbus-eth1-mainnet-long-benchmark[3573364]: INF 2026-07-25 12:23:51.289+00:00 Imported blocks                            blockNumber=6234113 slot=1 blocks=6234112 txs=300411182 mgas=15135113 bps=121.8 tps=12576 mgps=877.6 avgBps=397.4 avgTps=19151 avgMGps=964.9 elapsed=4h21m26s
Jul 25 12:24:59 nimbus-eth1-mainnet-long-benchmark[3573364]: INF 2026-07-25 12:24:59.548+00:00 Imported blocks                            blockNumber=6242305 slot=1 blocks=6242304 txs=301215473 mgas=15192196 bps=120.0 tps=11782 mgps=836.3 avgBps=396.2 avgTps=19119 avgMGps=964.3 elapsed=4h22m34s
Jul 25 12:26:03 nimbus-eth1-mainnet-long-benchmark[3573364]: INF 2026-07-25 12:26:03.487+00:00 Imported blocks                            blockNumber=6250497 slot=1 blocks=6250496 txs=301994783 mgas=15250489 bps=128.1 tps=12188 mgps=911.7 avgBps=395.1 avgTps=19091 avgMGps=964.1 elapsed=4h23m38s
Jul 25 12:27:10 nimbus-eth1-mainnet-long-benchmark[3573364]: INF 2026-07-25 12:27:10.498+00:00 Imported blocks                            blockNumber=6258689 slot=1 blocks=6258688 txs=302930566 mgas=15309041 bps=122.2 tps=13964 mgps=873.8 avgBps=394.0 avgTps=19069 avgMGps=963.7 elapsed=4h24m45s
Jul 25 12:28:16 nimbus-eth1-mainnet-long-benchmark[3573364]: INF 2026-07-25 12:28:16.801+00:00 Imported blocks                            blockNumber=6266881 slot=1 blocks=6266880 txs=303762909 mgas=15365780 bps=123.6 tps=12554 mgps=855.8 avgBps=392.9 avgTps=19042 avgMGps=963.3 elapsed=4h25m51s
Jul 25 12:29:23 nimbus-eth1-mainnet-long-benchmark[3573364]: INF 2026-07-25 12:29:23.012+00:00 Imported blocks                            blockNumber=6275073 slot=1 blocks=6275072 txs=304578148 mgas=15422660 bps=123.7 tps=12312 mgps=859.0 avgBps=391.8 avgTps=19014 avgMGps=962.8 elapsed=4h26m58s
Jul 25 12:30:28 nimbus-eth1-mainnet-long-benchmark[3573364]: INF 2026-07-25 12:30:28.667+00:00 Imported blocks                            blockNumber=6283265 slot=1 blocks=6283264 txs=305447770 mgas=15479164 bps=124.8 tps=13245 mgps=860.6 avgBps=390.7 avgTps=18991 avgMGps=962.4 elapsed=4h28m3s
Jul 25 12:31:34 nimbus-eth1-mainnet-long-benchmark[3573364]: INF 2026-07-25 12:31:34.258+00:00 Imported blocks                            blockNumber=6291457 slot=1 blocks=6291456 txs=306201681 mgas=15536357 bps=124.9 tps=11494 mgps=872.0 avgBps=389.6 avgTps=18960 avgMGps=962.0 elapsed=4h29m9s
Jul 25 12:32:39 nimbus-eth1-mainnet-long-benchmark[3573364]: INF 2026-07-25 12:32:39.797+00:00 Imported blocks                            blockNumber=6299649 slot=1 blocks=6299648 txs=306998089 mgas=15594849 bps=125.0 tps=12151 mgps=892.4 avgBps=388.5 avgTps=18933 avgMGps=961.8 elapsed=4h30m14s
Jul 25 12:33:46 nimbus-eth1-mainnet-long-benchmark[3573364]: INF 2026-07-25 12:33:46.164+00:00 Imported blocks                            blockNumber=6307841 slot=1 blocks=6307840 txs=307773956 mgas=15652669 bps=123.4 tps=11690 mgps=871.2 avgBps=387.4 avgTps=18903 avgMGps=961.4 elapsed=4h31m21s
Jul 25 12:34:49 nimbus-eth1-mainnet-long-benchmark[3573364]: INF 2026-07-25 12:34:49.471+00:00 Imported blocks                            blockNumber=6316033 slot=1 blocks=6316032 txs=308505771 mgas=15708223 bps=129.4 tps=11560 mgps=877.6 avgBps=386.4 avgTps=18875 avgMGps=961.1 elapsed=4h32m24s
Jul 25 12:35:54 nimbus-eth1-mainnet-long-benchmark[3573364]: INF 2026-07-25 12:35:54.662+00:00 Imported blocks                            blockNumber=6324225 slot=1 blocks=6324224 txs=309306948 mgas=15764278 bps=125.7 tps=12289 mgps=859.9 avgBps=385.4 avgTps=18849 avgMGps=960.7 elapsed=4h33m29s
Jul 25 12:36:58 nimbus-eth1-mainnet-long-benchmark[3573364]: INF 2026-07-25 12:36:58.085+00:00 Imported blocks                            blockNumber=6332417 slot=1 blocks=6332416 txs=310009872 mgas=15819918 bps=129.2 tps=11082 mgps=877.3 avgBps=384.4 avgTps=18819 avgMGps=960.3 elapsed=4h34m33s
Jul 25 12:38:00 nimbus-eth1-mainnet-long-benchmark[3573364]: INF 2026-07-25 12:38:00.320+00:00 Imported blocks                            blockNumber=6340609 slot=1 blocks=6340608 txs=310638793 mgas=15877206 bps=131.6 tps=10105 mgps=920.5 avgBps=383.5 avgTps=18786 avgMGps=960.2 elapsed=4h35m35s
Jul 25 12:39:00 nimbus-eth1-mainnet-long-benchmark[3573364]: INF 2026-07-25 12:39:00.223+00:00 Imported blocks                            blockNumber=6348801 slot=1 blocks=6348800 txs=311339807 mgas=15934002 bps=136.7 tps=11702 mgps=948.1 avgBps=382.6 avgTps=18760 avgMGps=960.2 elapsed=4h36m35s
Jul 25 12:40:04 nimbus-eth1-mainnet-long-benchmark[3573364]: INF 2026-07-25 12:40:04.002+00:00 Imported blocks                            blockNumber=6356993 slot=1 blocks=6356992 txs=312019797 mgas=15990756 bps=128.5 tps=10662 mgps=889.9 avgBps=381.6 avgTps=18729 avgMGps=959.9 elapsed=4h37m39s
Jul 25 12:40:59 nimbus-eth1-mainnet-long-benchmark[3573364]: INF 2026-07-25 12:40:59.697+00:00 Imported blocks                            blockNumber=6365185 slot=1 blocks=6365184 txs=312699475 mgas=16047600 bps=147.1 tps=12203 mgps=1020 avgBps=380.8 avgTps=18708 avgMGps=960.1 elapsed=4h38m34s
Jul 25 12:42:03 nimbus-eth1-mainnet-long-benchmark[3573364]: INF 2026-07-25 12:42:03.764+00:00 Imported blocks                            blockNumber=6373377 slot=1 blocks=6373376 txs=313429735 mgas=16103295 bps=127.9 tps=11397 mgps=869.3 avgBps=379.8 avgTps=18680 avgMGps=959.7 elapsed=4h39m38s
Jul 25 12:43:03 nimbus-eth1-mainnet-long-benchmark[3573364]: INF 2026-07-25 12:43:03.323+00:00 Imported blocks                            blockNumber=6381569 slot=1 blocks=6381568 txs=314060857 mgas=16159348 bps=137.5 tps=10596 mgps=941.1 avgBps=379.0 avgTps=18651 avgMGps=959.7 elapsed=4h40m38s
Jul 25 12:44:03 nimbus-eth1-mainnet-long-benchmark[3573364]: INF 2026-07-25 12:44:03.654+00:00 Imported blocks                            blockNumber=6389761 slot=1 blocks=6389760 txs=314684436 mgas=16214829 bps=135.8 tps=10336 mgps=919.7 avgBps=378.1 avgTps=18621 avgMGps=959.5 elapsed=4h41m38s
Jul 25 12:45:05 nimbus-eth1-mainnet-long-benchmark[3573364]: INF 2026-07-25 12:45:05.737+00:00 Imported blocks                            blockNumber=6397953 slot=1 blocks=6397952 txs=315406780 mgas=16271260 bps=132.0 tps=11635 mgps=909.0 avgBps=377.2 avgTps=18596 avgMGps=959.3 elapsed=4h42m40s
Jul 25 12:46:08 nimbus-eth1-mainnet-long-benchmark[3573364]: INF 2026-07-25 12:46:08.920+00:00 Imported blocks                            blockNumber=6406145 slot=1 blocks=6406144 txs=316036272 mgas=16328418 bps=129.7 tps=9962 mgps=904.6 avgBps=376.3 avgTps=18564 avgMGps=959.1 elapsed=4h43m43s
Jul 25 12:47:10 nimbus-eth1-mainnet-long-benchmark[3573364]: INF 2026-07-25 12:47:10.019+00:00 Imported blocks                            blockNumber=6414337 slot=1 blocks=6414336 txs=316746101 mgas=16385776 bps=134.1 tps=11617 mgps=938.8 avgBps=375.4 avgTps=18539 avgMGps=959.1 elapsed=4h44m45s
Jul 25 12:48:05 nimbus-eth1-mainnet-long-benchmark[3573364]: INF 2026-07-25 12:48:05.310+00:00 Imported blocks                            blockNumber=6422529 slot=1 blocks=6422528 txs=317359187 mgas=16440718 bps=148.2 tps=11088 mgps=993.7 avgBps=374.7 avgTps=18515 avgMGps=959.2 elapsed=4h45m40s
Jul 25 12:49:02 nimbus-eth1-mainnet-long-benchmark[3573364]: INF 2026-07-25 12:49:02.749+00:00 Imported blocks                            blockNumber=6430721 slot=1 blocks=6430720 txs=317965609 mgas=16493295 bps=142.6 tps=10557 mgps=915.4 avgBps=373.9 avgTps=18488 avgMGps=959.0 elapsed=4h46m37s
Jul 25 12:50:00 nimbus-eth1-mainnet-long-benchmark[3573364]: INF 2026-07-25 12:50:00.396+00:00 Imported blocks                            blockNumber=6438913 slot=1 blocks=6438912 txs=318608154 mgas=16545754 bps=142.1 tps=11145 mgps=910.0 avgBps=373.2 avgTps=18464 avgMGps=958.9 elapsed=4h47m35s
Jul 25 12:50:57 nimbus-eth1-mainnet-long-benchmark[3573364]: INF 2026-07-25 12:50:57.684+00:00 Imported blocks                            blockNumber=6447105 slot=1 blocks=6447104 txs=319340150 mgas=16598899 bps=143.0 tps=12777 mgps=927.7 avgBps=372.4 avgTps=18445 avgMGps=958.8 elapsed=4h48m32s
Jul 25 12:52:02 nimbus-eth1-mainnet-long-benchmark[3573364]: INF 2026-07-25 12:52:02.239+00:00 Imported blocks                            blockNumber=6455297 slot=1 blocks=6455296 txs=320065114 mgas=16653206 bps=126.9 tps=11230 mgps=841.3 avgBps=371.5 avgTps=18418 avgMGps=958.3 elapsed=4h49m37s
Jul 25 12:53:03 nimbus-eth1-mainnet-long-benchmark[3573364]: INF 2026-07-25 12:53:03.750+00:00 Imported blocks                            blockNumber=6463489 slot=1 blocks=6463488 txs=320881105 mgas=16705932 bps=133.2 tps=13265 mgps=857.2 avgBps=370.6 avgTps=18400 avgMGps=958.0 elapsed=4h50m38s
Jul 25 12:53:57 nimbus-eth1-mainnet-long-benchmark[3573364]: INF 2026-07-25 12:53:57.441+00:00 Imported blocks                            blockNumber=6471681 slot=1 blocks=6471680 txs=321610730 mgas=16755114 bps=152.6 tps=13589 mgps=916.0 avgBps=370.0 avgTps=18385 avgMGps=957.8 elapsed=4h51m32s
Jul 25 12:54:46 nimbus-eth1-mainnet-long-benchmark[3573364]: INF 2026-07-25 12:54:46.964+00:00 Imported blocks                            blockNumber=6479873 slot=1 blocks=6479872 txs=322280567 mgas=16801945 bps=165.4 tps=13525 mgps=945.6 avgBps=369.4 avgTps=18371 avgMGps=957.8 elapsed=4h52m21s
Jul 25 12:55:43 nimbus-eth1-mainnet-long-benchmark[3573364]: INF 2026-07-25 12:55:43.163+00:00 Imported blocks                            blockNumber=6488065 slot=1 blocks=6488064 txs=323027711 mgas=16850068 bps=145.8 tps=13294 mgps=856.3 avgBps=368.7 avgTps=18355 avgMGps=957.5 elapsed=4h53m18s
Jul 25 12:56:44 nimbus-eth1-mainnet-long-benchmark[3573364]: INF 2026-07-25 12:56:44.994+00:00 Imported blocks                            blockNumber=6496257 slot=1 blocks=6496256 txs=323745037 mgas=16898027 bps=132.5 tps=11601 mgps=775.7 avgBps=367.9 avgTps=18332 avgMGps=956.9 elapsed=4h54m20s
Jul 25 12:57:45 nimbus-eth1-mainnet-long-benchmark[3573364]: INF 2026-07-25 12:57:45.017+00:00 Imported blocks                            blockNumber=6504449 slot=1 blocks=6504448 txs=324463429 mgas=16948936 bps=136.5 tps=11968 mgps=848.2 avgBps=367.1 avgTps=18310 avgMGps=956.5 elapsed=4h55m20s
Jul 25 12:58:40 nimbus-eth1-mainnet-long-benchmark[3573364]: INF 2026-07-25 12:58:40.436+00:00 Imported blocks                            blockNumber=6512641 slot=1 blocks=6512640 txs=325193896 mgas=16997329 bps=147.8 tps=13179 mgps=873.1 avgBps=366.4 avgTps=18294 avgMGps=956.2 elapsed=4h56m15s
Jul 25 12:59:36 nimbus-eth1-mainnet-long-benchmark[3573364]: INF 2026-07-25 12:59:36.463+00:00 Imported blocks                            blockNumber=6520833 slot=1 blocks=6520832 txs=325931955 mgas=17043460 bps=146.2 tps=13173 mgps=823.4 avgBps=365.7 avgTps=18278 avgMGps=955.8 elapsed=4h57m11s
Jul 25 13:00:30 nimbus-eth1-mainnet-long-benchmark[3573364]: INF 2026-07-25 13:00:30.974+00:00 Imported blocks                            blockNumber=6529025 slot=1 blocks=6529024 txs=326656663 mgas=17089938 bps=150.3 tps=13295 mgps=852.7 avgBps=365.0 avgTps=18263 avgMGps=955.5 elapsed=4h58m5s
Jul 25 13:01:29 nimbus-eth1-mainnet-long-benchmark[3573364]: INF 2026-07-25 13:01:29.138+00:00 Imported blocks                            blockNumber=6537217 slot=1 blocks=6537216 txs=327456928 mgas=17138909 bps=140.8 tps=13759 mgps=842.0 avgBps=364.3 avgTps=18248 avgMGps=955.1 elapsed=4h59m4s
Jul 25 13:02:25 nimbus-eth1-mainnet-long-benchmark[3573364]: INF 2026-07-25 13:02:25.905+00:00 Imported blocks                            blockNumber=6545409 slot=1 blocks=6545408 txs=328244312 mgas=17187406 bps=144.3 tps=13869 mgps=854.3 avgBps=363.6 avgTps=18234 avgMGps=954.8 elapsed=5h914ms299us
Jul 25 13:03:21 nimbus-eth1-mainnet-long-benchmark[3573364]: INF 2026-07-25 13:03:21.932+00:00 Imported blocks                            blockNumber=6553601 slot=1 blocks=6553600 txs=328942710 mgas=17234594 bps=146.2 tps=12465 mgps=842.2 avgBps=362.9 avgTps=18216 avgMGps=954.5 elapsed=5h56s942ms
Jul 25 13:04:17 nimbus-eth1-mainnet-long-benchmark[3573364]: INF 2026-07-25 13:04:17.647+00:00 Imported blocks                            blockNumber=6561793 slot=1 blocks=6561792 txs=329680267 mgas=17283382 bps=147.0 tps=13237 mgps=875.6 avgBps=362.3 avgTps=18201 avgMGps=954.2 elapsed=5h1m52s
Jul 25 13:05:15 nimbus-eth1-mainnet-long-benchmark[3573364]: INF 2026-07-25 13:05:15.326+00:00 Imported blocks                            blockNumber=6569985 slot=1 blocks=6569984 txs=330444437 mgas=17333271 bps=142.0 tps=13249 mgps=865.0 avgBps=361.6 avgTps=18185 avgMGps=953.9 elapsed=5h2m50s
Jul 25 13:06:06 nimbus-eth1-mainnet-long-benchmark[3573364]: INF 2026-07-25 13:06:06.741+00:00 Imported blocks                            blockNumber=6578177 slot=1 blocks=6578176 txs=331124673 mgas=17383268 bps=159.3 tps=13230 mgps=972.4 avgBps=361.0 avgTps=18171 avgMGps=954.0 elapsed=5h3m41s
Jul 25 13:06:59 nimbus-eth1-mainnet-long-benchmark[3573364]: INF 2026-07-25 13:06:59.392+00:00 Imported blocks                            blockNumber=6586369 slot=1 blocks=6586368 txs=331874672 mgas=17436357 bps=155.6 tps=14244 mgps=1008 avgBps=360.4 avgTps=18160 avgMGps=954.1 elapsed=5h4m34s
Jul 25 13:07:53 nimbus-eth1-mainnet-long-benchmark[3573364]: INF 2026-07-25 13:07:53.991+00:00 Imported blocks                            blockNumber=6594561 slot=1 blocks=6594560 txs=332580456 mgas=17484376 bps=150.0 tps=12925 mgps=879.4 avgBps=359.8 avgTps=18145 avgMGps=953.9 elapsed=5h5m29s
Jul 25 13:08:48 nimbus-eth1-mainnet-long-benchmark[3573364]: INF 2026-07-25 13:08:48.075+00:00 Imported blocks                            blockNumber=6602753 slot=1 blocks=6602752 txs=333236879 mgas=17530777 bps=151.5 tps=12138 mgps=858.0 avgBps=359.2 avgTps=18127 avgMGps=953.6 elapsed=5h6m23s
Jul 25 13:09:46 nimbus-eth1-mainnet-long-benchmark[3573364]: INF 2026-07-25 13:09:46.510+00:00 Imported blocks                            blockNumber=6610945 slot=1 blocks=6610944 txs=334086662 mgas=17578525 bps=140.2 tps=14542 mgps=817.1 avgBps=358.5 avgTps=18116 avgMGps=953.2 elapsed=5h7m21s
Jul 25 13:10:44 nimbus-eth1-mainnet-long-benchmark[3573364]: INF 2026-07-25 13:10:44.509+00:00 Imported blocks                            blockNumber=6619137 slot=1 blocks=6619136 txs=334887810 mgas=17626333 bps=141.2 tps=13813 mgps=824.3 avgBps=357.8 avgTps=18102 avgMGps=952.8 elapsed=5h8m19s
Jul 25 13:11:40 nimbus-eth1-mainnet-long-benchmark[3573364]: INF 2026-07-25 13:11:40.440+00:00 Imported blocks                            blockNumber=6627329 slot=1 blocks=6627328 txs=335653218 mgas=17673003 bps=146.5 tps=13684 mgps=834.4 avgBps=357.2 avgTps=18089 avgMGps=952.4 elapsed=5h9m15s
Jul 25 13:12:36 nimbus-eth1-mainnet-long-benchmark[3573364]: INF 2026-07-25 13:12:36.299+00:00 Imported blocks                            blockNumber=6635521 slot=1 blocks=6635520 txs=336396368 mgas=17719891 bps=146.7 tps=13303 mgps=839.4 avgBps=356.5 avgTps=18074 avgMGps=952.1 elapsed=5h10m11s
Jul 25 13:13:33 nimbus-eth1-mainnet-long-benchmark[3573364]: INF 2026-07-25 13:13:33.254+00:00 Imported blocks                            blockNumber=6643713 slot=1 blocks=6643712 txs=337061975 mgas=17765768 bps=143.8 tps=11686 mgps=805.5 avgBps=355.9 avgTps=18055 avgMGps=951.7 elapsed=5h11m8s
Jul 25 13:14:33 nimbus-eth1-mainnet-long-benchmark[3573364]: INF 2026-07-25 13:14:33.357+00:00 Imported blocks                            blockNumber=6651905 slot=1 blocks=6651904 txs=337820711 mgas=17813196 bps=136.3 tps=12623 mgps=789.1 avgBps=355.2 avgTps=18037 avgMGps=951.1 elapsed=5h12m8s
Jul 25 13:15:31 nimbus-eth1-mainnet-long-benchmark[3573364]: INF 2026-07-25 13:15:31.856+00:00 Imported blocks                            blockNumber=6660097 slot=1 blocks=6660096 txs=338648342 mgas=17861002 bps=140.0 tps=14147 mgps=817.2 avgBps=354.5 avgTps=18025 avgMGps=950.7 elapsed=5h13m6s
Jul 25 13:16:29 nimbus-eth1-mainnet-long-benchmark[3573364]: INF 2026-07-25 13:16:29.059+00:00 Imported blocks                            blockNumber=6668289 slot=1 blocks=6668288 txs=339389169 mgas=17908035 bps=143.2 tps=12950 mgps=822.2 avgBps=353.9 avgTps=18010 avgMGps=950.3 elapsed=5h14m4s
Jul 25 13:17:24 nimbus-eth1-mainnet-long-benchmark[3573364]: INF 2026-07-25 13:17:24.510+00:00 Imported blocks                            blockNumber=6676481 slot=1 blocks=6676480 txs=340090715 mgas=17953773 bps=147.7 tps=12652 mgps=824.9 avgBps=353.3 avgTps=17994 avgMGps=950.0 elapsed=5h14m59s
Jul 25 13:18:21 nimbus-eth1-mainnet-long-benchmark[3573364]: INF 2026-07-25 13:18:21.665+00:00 Imported blocks                            blockNumber=6684673 slot=1 blocks=6684672 txs=340783741 mgas=18001246 bps=143.3 tps=12125 mgps=830.6 avgBps=352.6 avgTps=17976 avgMGps=949.6 elapsed=5h15m56s
Jul 25 13:19:16 nimbus-eth1-mainnet-long-benchmark[3573364]: INF 2026-07-25 13:19:16.941+00:00 Imported blocks                            blockNumber=6692865 slot=1 blocks=6692864 txs=341527746 mgas=18048608 bps=148.2 tps=13459 mgps=856.8 avgBps=352.0 avgTps=17963 avgMGps=949.3 elapsed=5h16m51s
Jul 25 13:20:12 nimbus-eth1-mainnet-long-benchmark[3573364]: INF 2026-07-25 13:20:12.524+00:00 Imported blocks                            blockNumber=6701057 slot=1 blocks=6701056 txs=342255905 mgas=18093963 bps=147.4 tps=13100 mgps=816.0 avgBps=351.4 avgTps=17949 avgMGps=948.9 elapsed=5h17m47s
Jul 25 13:21:10 nimbus-eth1-mainnet-long-benchmark[3573364]: INF 2026-07-25 13:21:10.327+00:00 Imported blocks                            blockNumber=6709249 slot=1 blocks=6709248 txs=343059228 mgas=18142138 bps=141.7 tps=13897 mgps=833.4 avgBps=350.8 avgTps=17937 avgMGps=948.6 elapsed=5h18m45s
Jul 25 13:22:06 nimbus-eth1-mainnet-long-benchmark[3573364]: INF 2026-07-25 13:22:06.850+00:00 Imported blocks                            blockNumber=6717441 slot=1 blocks=6717440 txs=343791131 mgas=18189421 bps=144.9 tps=12949 mgps=836.6 avgBps=350.2 avgTps=17922 avgMGps=948.3 elapsed=5h19m41s
Jul 25 13:22:59 nimbus-eth1-mainnet-long-benchmark[3573364]: INF 2026-07-25 13:22:59.121+00:00 Imported blocks                            blockNumber=6725633 slot=1 blocks=6725632 txs=344460910 mgas=18236479 bps=156.7 tps=12813 mgps=900.3 avgBps=349.7 avgTps=17908 avgMGps=948.1 elapsed=5h20m34s
Jul 25 13:23:55 nimbus-eth1-mainnet-long-benchmark[3573364]: INF 2026-07-25 13:23:55.692+00:00 Imported blocks                            blockNumber=6733825 slot=1 blocks=6733824 txs=345197356 mgas=18287714 bps=144.8 tps=13018 mgps=905.7 avgBps=349.1 avgTps=17894 avgMGps=948.0 elapsed=5h21m30s
Jul 25 13:24:56 nimbus-eth1-mainnet-long-benchmark[3573364]: INF 2026-07-25 13:24:56.379+00:00 Imported blocks                            blockNumber=6742017 slot=1 blocks=6742016 txs=346042853 mgas=18339270 bps=135.0 tps=13931 mgps=849.5 avgBps=348.4 avgTps=17882 avgMGps=947.7 elapsed=5h22m31s
Jul 25 13:25:52 nimbus-eth1-mainnet-long-benchmark[3573364]: INF 2026-07-25 13:25:52.962+00:00 Imported blocks                            blockNumber=6750209 slot=1 blocks=6750208 txs=346825893 mgas=18388721 bps=144.8 tps=13839 mgps=874.0 avgBps=347.8 avgTps=17870 avgMGps=947.5 elapsed=5h23m27s
Jul 25 13:26:45 nimbus-eth1-mainnet-long-benchmark[3573364]: INF 2026-07-25 13:26:45.210+00:00 Imported blocks                            blockNumber=6758401 slot=1 blocks=6758400 txs=347611627 mgas=18437322 bps=156.8 tps=15039 mgps=930.2 avgBps=347.3 avgTps=17862 avgMGps=947.4 elapsed=5h24m20s
Jul 25 13:27:33 nimbus-eth1-mainnet-long-benchmark[3573364]: INF 2026-07-25 13:27:33.177+00:00 Imported blocks                            blockNumber=6766593 slot=1 blocks=6766592 txs=348255962 mgas=18481202 bps=170.8 tps=13432 mgps=914.8 avgBps=346.9 avgTps=17851 avgMGps=947.4 elapsed=5h25m8s
Jul 25 13:28:24 nimbus-eth1-mainnet-long-benchmark[3573364]: INF 2026-07-25 13:28:24.940+00:00 Imported blocks                            blockNumber=6774785 slot=1 blocks=6774784 txs=348974268 mgas=18526522 bps=158.3 tps=13877 mgps=875.5 avgBps=346.4 avgTps=17841 avgMGps=947.2 elapsed=5h25m59s
Jul 25 13:29:21 nimbus-eth1-mainnet-long-benchmark[3573364]: INF 2026-07-25 13:29:21.667+00:00 Imported blocks                            blockNumber=6782977 slot=1 blocks=6782976 txs=349762055 mgas=18575823 bps=144.4 tps=13887 mgps=869.1 avgBps=345.8 avgTps=17829 avgMGps=946.9 elapsed=5h26m56s
Jul 25 13:30:17 nimbus-eth1-mainnet-long-benchmark[3573364]: INF 2026-07-25 13:30:17.430+00:00 Imported blocks                            blockNumber=6791169 slot=1 blocks=6791168 txs=350559187 mgas=18627040 bps=146.9 tps=14295 mgps=918.5 avgBps=345.2 avgTps=17819 avgMGps=946.9 elapsed=5h27m52s
Jul 25 13:31:26 nimbus-eth1-mainnet-long-benchmark[3573364]: INF 2026-07-25 13:31:26.529+00:00 Imported blocks                            blockNumber=6799361 slot=1 blocks=6799360 txs=351337766 mgas=18681520 bps=118.5 tps=11267 mgps=788.4 avgBps=344.4 avgTps=17796 avgMGps=946.3 elapsed=5h29m1s
Jul 25 13:32:31 nimbus-eth1-mainnet-long-benchmark[3573364]: INF 2026-07-25 13:32:31.824+00:00 Imported blocks                            blockNumber=6807553 slot=1 blocks=6807552 txs=352114872 mgas=18735939 bps=125.5 tps=11901 mgps=833.4 avgBps=343.7 avgTps=17777 avgMGps=945.9 elapsed=5h30m6s
Jul 25 13:33:35 nimbus-eth1-mainnet-long-benchmark[3573364]: INF 2026-07-25 13:33:35.255+00:00 Imported blocks                            blockNumber=6815745 slot=1 blocks=6815744 txs=352756014 mgas=18785755 bps=129.2 tps=10108 mgps=785.4 avgBps=343.0 avgTps=17752 avgMGps=945.4 elapsed=5h31m10s
Jul 25 13:34:39 nimbus-eth1-mainnet-long-benchmark[3573364]: INF 2026-07-25 13:34:39.750+00:00 Imported blocks                            blockNumber=6823937 slot=1 blocks=6823936 txs=353523201 mgas=18838361 bps=127.0 tps=11894 mgps=815.6 avgBps=342.3 avgTps=17734 avgMGps=945.0 elapsed=5h32m14s
Jul 25 13:35:47 nimbus-eth1-mainnet-long-benchmark[3573364]: INF 2026-07-25 13:35:47.553+00:00 Imported blocks                            blockNumber=6832129 slot=1 blocks=6832128 txs=354318956 mgas=18891809 bps=120.8 tps=11736 mgps=788.3 avgBps=341.6 avgTps=17713 avgMGps=944.5 elapsed=5h33m22s
Jul 25 13:36:56 nimbus-eth1-mainnet-long-benchmark[3573364]: INF 2026-07-25 13:36:56.736+00:00 Imported blocks                            blockNumber=6840321 slot=1 blocks=6840320 txs=355106758 mgas=18944586 bps=118.4 tps=11386 mgps=762.8 avgBps=340.8 avgTps=17691 avgMGps=943.8 elapsed=5h34m31s
Jul 25 13:38:04 nimbus-eth1-mainnet-long-benchmark[3573364]: INF 2026-07-25 13:38:04.199+00:00 Imported blocks                            blockNumber=6848513 slot=1 blocks=6848512 txs=355894886 mgas=18995395 bps=121.4 tps=11681 mgps=753.1 avgBps=340.1 avgTps=17671 avgMGps=943.2 elapsed=5h35m39s
Jul 25 13:39:08 nimbus-eth1-mainnet-long-benchmark[3573364]: INF 2026-07-25 13:39:08.746+00:00 Imported blocks                            blockNumber=6856705 slot=1 blocks=6856704 txs=356598333 mgas=19044074 bps=126.9 tps=10898 mgps=754.2 avgBps=339.4 avgTps=17650 avgMGps=942.6 elapsed=5h36m43s
Jul 25 13:40:07 nimbus-eth1-mainnet-long-benchmark[3573364]: INF 2026-07-25 13:40:07.809+00:00 Imported blocks                            blockNumber=6864897 slot=1 blocks=6864896 txs=357319113 mgas=19092174 bps=138.7 tps=12203 mgps=814.4 avgBps=338.8 avgTps=17634 avgMGps=942.2 elapsed=5h37m42s
Jul 25 13:41:05 nimbus-eth1-mainnet-long-benchmark[3573364]: INF 2026-07-25 13:41:05.552+00:00 Imported blocks                            blockNumber=6873089 slot=1 blocks=6873088 txs=358072504 mgas=19140940 bps=141.9 tps=13047 mgps=844.6 avgBps=338.2 avgTps=17621 avgMGps=941.9 elapsed=5h38m40s
Jul 25 13:42:04 nimbus-eth1-mainnet-long-benchmark[3573364]: INF 2026-07-25 13:42:04.707+00:00 Imported blocks                            blockNumber=6881281 slot=1 blocks=6881280 txs=358799260 mgas=19189224 bps=138.5 tps=12284 mgps=816.2 avgBps=337.7 avgTps=17605 avgMGps=941.6 elapsed=5h39m39s
Jul 25 13:43:01 nimbus-eth1-mainnet-long-benchmark[3573364]: INF 2026-07-25 13:43:01.462+00:00 Imported blocks                            blockNumber=6889473 slot=1 blocks=6889472 txs=359558300 mgas=19237454 bps=144.3 tps=13374 mgps=849.8 avgBps=337.1 avgTps=17593 avgMGps=941.3 elapsed=5h40m36s
Jul 25 13:44:03 nimbus-eth1-mainnet-long-benchmark[3573364]: INF 2026-07-25 13:44:03.273+00:00 Imported blocks                            blockNumber=6897665 slot=1 blocks=6897664 txs=360292210 mgas=19286325 bps=132.5 tps=11873 mgps=790.7 avgBps=336.5 avgTps=17576 avgMGps=940.9 elapsed=5h41m38s
Jul 25 13:45:03 nimbus-eth1-mainnet-long-benchmark[3573364]: INF 2026-07-25 13:45:03.832+00:00 Imported blocks                            blockNumber=6905857 slot=1 blocks=6905856 txs=361044387 mgas=19335848 bps=135.3 tps=12420 mgps=817.7 avgBps=335.9 avgTps=17561 avgMGps=940.5 elapsed=5h42m38s
Jul 25 13:46:01 nimbus-eth1-mainnet-long-benchmark[3573364]: INF 2026-07-25 13:46:01.831+00:00 Imported blocks                            blockNumber=6914049 slot=1 blocks=6914048 txs=361846580 mgas=19387258 bps=141.2 tps=13831 mgps=886.4 avgBps=335.4 avgTps=17551 avgMGps=940.4 elapsed=5h43m36s
Jul 25 13:47:03 nimbus-eth1-mainnet-long-benchmark[3573364]: INF 2026-07-25 13:47:03.582+00:00 Imported blocks                            blockNumber=6922241 slot=1 blocks=6922240 txs=362706201 mgas=19439186 bps=132.7 tps=13921 mgps=841.0 avgBps=334.8 avgTps=17540 avgMGps=940.1 elapsed=5h44m38s
Jul 25 13:48:02 nimbus-eth1-mainnet-long-benchmark[3573364]: INF 2026-07-25 13:48:02.865+00:00 Imported blocks                            blockNumber=6930433 slot=1 blocks=6930432 txs=363506975 mgas=19489578 bps=138.2 tps=13507 mgps=850.0 avgBps=334.2 avgTps=17528 avgMGps=939.8 elapsed=5h45m37s
Jul 25 13:49:01 nimbus-eth1-mainnet-long-benchmark[3573364]: INF 2026-07-25 13:49:01.136+00:00 Imported blocks                            blockNumber=6938625 slot=1 blocks=6938624 txs=364255629 mgas=19538966 bps=140.6 tps=12847 mgps=847.5 avgBps=333.6 avgTps=17515 avgMGps=939.5 elapsed=5h46m36s
Jul 25 13:50:02 nimbus-eth1-mainnet-long-benchmark[3573364]: INF 2026-07-25 13:50:02.143+00:00 Imported blocks                            blockNumber=6946817 slot=1 blocks=6946816 txs=365051896 mgas=19589221 bps=134.3 tps=13051 mgps=823.7 avgBps=333.1 avgTps=17502 avgMGps=939.2 elapsed=5h47m37s
Jul 25 13:50:59 nimbus-eth1-mainnet-long-benchmark[3573364]: INF 2026-07-25 13:50:59.414+00:00 Imported blocks                            blockNumber=6955009 slot=1 blocks=6955008 txs=365800136 mgas=19640914 bps=143.1 tps=13066 mgps=902.7 avgBps=332.5 avgTps=17490 avgMGps=939.1 elapsed=5h48m34s
Jul 25 13:52:02 nimbus-eth1-mainnet-long-benchmark[3573364]: INF 2026-07-25 13:52:02.441+00:00 Imported blocks                            blockNumber=6963201 slot=1 blocks=6963200 txs=366606499 mgas=19691065 bps=130.0 tps=12793 mgps=795.7 avgBps=331.9 avgTps=17476 avgMGps=938.7 elapsed=5h49m37s
Jul 25 13:53:03 nimbus-eth1-mainnet-long-benchmark[3573364]: INF 2026-07-25 13:53:03.588+00:00 Imported blocks                            blockNumber=6971393 slot=1 blocks=6971392 txs=367335068 mgas=19739722 bps=134.0 tps=11914 mgps=795.7 avgBps=331.4 avgTps=17460 avgMGps=938.3 elapsed=5h50m38s
Jul 25 13:54:07 nimbus-eth1-mainnet-long-benchmark[3573364]: INF 2026-07-25 13:54:07.547+00:00 Imported blocks                            blockNumber=6979585 slot=1 blocks=6979584 txs=368070420 mgas=19790921 bps=128.1 tps=11497 mgps=800.5 avgBps=330.7 avgTps=17441 avgMGps=937.8 elapsed=5h51m42s
Jul 25 13:55:13 nimbus-eth1-mainnet-long-benchmark[3573364]: INF 2026-07-25 13:55:13.442+00:00 Imported blocks                            blockNumber=6987777 slot=1 blocks=6987776 txs=368769441 mgas=19839604 bps=124.3 tps=10608 mgps=738.8 avgBps=330.1 avgTps=17420 avgMGps=937.2 elapsed=5h52m48s
Jul 25 13:56:09 nimbus-eth1-mainnet-long-benchmark[3573364]: INF 2026-07-25 13:56:09.226+00:00 Imported blocks                            blockNumber=6995969 slot=1 blocks=6995968 txs=369403561 mgas=19885435 bps=146.9 tps=11367 mgps=821.6 avgBps=329.6 avgTps=17404 avgMGps=936.9 elapsed=5h53m44s
Jul 25 13:57:13 nimbus-eth1-mainnet-long-benchmark[3573364]: INF 2026-07-25 13:57:13.141+00:00 Imported blocks                            blockNumber=7004161 slot=1 blocks=7004160 txs=370295716 mgas=19935972 bps=128.2 tps=13958 mgps=790.7 avgBps=329.0 avgTps=17394 avgMGps=936.5 elapsed=5h54m48s
Jul 25 13:58:15 nimbus-eth1-mainnet-long-benchmark[3573364]: INF 2026-07-25 13:58:15.092+00:00 Imported blocks                            blockNumber=7012353 slot=1 blocks=7012352 txs=371077746 mgas=19985245 bps=132.2 tps=12623 mgps=795.3 avgBps=328.4 avgTps=17380 avgMGps=936.1 elapsed=5h55m50s
Jul 25 13:59:13 nimbus-eth1-mainnet-long-benchmark[3573364]: INF 2026-07-25 13:59:13.295+00:00 Imported blocks                            blockNumber=7020545 slot=1 blocks=7020544 txs=371818791 mgas=20031343 bps=140.8 tps=12733 mgps=792.1 avgBps=327.9 avgTps=17367 avgMGps=935.7 elapsed=5h56m48s
Jul 25 14:00:12 nimbus-eth1-mainnet-long-benchmark[3573364]: INF 2026-07-25 14:00:12.186+00:00 Imported blocks                            blockNumber=7028737 slot=1 blocks=7028736 txs=372581234 mgas=20076437 bps=139.1 tps=12946 mgps=765.7 avgBps=327.4 avgTps=17355 avgMGps=935.2 elapsed=5h57m47s
Jul 25 14:01:11 nimbus-eth1-mainnet-long-benchmark[3573364]: INF 2026-07-25 14:01:11.053+00:00 Imported blocks                            blockNumber=7036929 slot=1 blocks=7036928 txs=373434988 mgas=20123041 bps=139.2 tps=14502 mgps=791.7 avgBps=326.9 avgTps=17348 avgMGps=934.8 elapsed=5h58m46s
Jul 25 14:02:09 nimbus-eth1-mainnet-long-benchmark[3573364]: INF 2026-07-25 14:02:09.780+00:00 Imported blocks                            blockNumber=7045121 slot=1 blocks=7045120 txs=374245330 mgas=20169419 bps=139.5 tps=13797 mgps=789.7 avgBps=326.4 avgTps=17338 avgMGps=934.4 elapsed=5h59m44s
Jul 25 14:03:09 nimbus-eth1-mainnet-long-benchmark[3573364]: INF 2026-07-25 14:03:09.151+00:00 Imported blocks                            blockNumber=7053313 slot=1 blocks=7053312 txs=375015673 mgas=20216891 bps=138.0 tps=12975 mgps=799.6 avgBps=325.9 avgTps=17326 avgMGps=934.1 elapsed=6h44s160ms
Jul 25 14:04:03 nimbus-eth1-mainnet-long-benchmark[3573364]: INF 2026-07-25 14:04:03.126+00:00 Imported blocks                            blockNumber=7061505 slot=1 blocks=7061504 txs=375699007 mgas=20260446 bps=151.8 tps=12660 mgps=807.0 avgBps=325.4 avgTps=17314 avgMGps=933.7 elapsed=6h1m38s
Jul 25 14:05:02 nimbus-eth1-mainnet-long-benchmark[3573364]: INF 2026-07-25 14:05:02.889+00:00 Imported blocks                            blockNumber=7069697 slot=1 blocks=7069696 txs=376537787 mgas=20307321 bps=137.1 tps=14034 mgps=784.3 avgBps=324.9 avgTps=17305 avgMGps=933.3 elapsed=6h2m37s
Jul 25 14:06:00 nimbus-eth1-mainnet-long-benchmark[3573364]: INF 2026-07-25 14:06:00.076+00:00 Imported blocks                            blockNumber=7077889 slot=1 blocks=7077888 txs=377301016 mgas=20355903 bps=143.2 tps=13346 mgps=849.5 avgBps=324.4 avgTps=17295 avgMGps=933.1 elapsed=6h3m35s
Jul 25 14:06:55 nimbus-eth1-mainnet-long-benchmark[3573364]: INF 2026-07-25 14:06:55.387+00:00 Imported blocks                            blockNumber=7086081 slot=1 blocks=7086080 txs=378052057 mgas=20401095 bps=148.1 tps=13578 mgps=817.0 avgBps=324.0 avgTps=17286 avgMGps=932.8 elapsed=6h4m30s
Jul 25 14:07:52 nimbus-eth1-mainnet-long-benchmark[3573364]: INF 2026-07-25 14:07:52.606+00:00 Imported blocks                            blockNumber=7094273 slot=1 blocks=7094272 txs=378847841 mgas=20449611 bps=143.2 tps=13908 mgps=847.9 avgBps=323.5 avgTps=17277 avgMGps=932.6 elapsed=6h5m27s
Jul 25 14:08:48 nimbus-eth1-mainnet-long-benchmark[3573364]: INF 2026-07-25 14:08:48.618+00:00 Imported blocks                            blockNumber=7102465 slot=1 blocks=7102464 txs=379635271 mgas=20498840 bps=146.3 tps=14058 mgps=878.9 avgBps=323.1 avgTps=17269 avgMGps=932.5 elapsed=6h6m23s
Jul 25 14:09:50 nimbus-eth1-mainnet-long-benchmark[3573364]: INF 2026-07-25 14:09:50.177+00:00 Imported blocks                            blockNumber=7110657 slot=1 blocks=7110656 txs=380620741 mgas=20554788 bps=133.1 tps=16008 mgps=908.8 avgBps=322.5 avgTps=17265 avgMGps=932.4 elapsed=6h7m25s
Jul 25 14:10:51 nimbus-eth1-mainnet-long-benchmark[3573364]: INF 2026-07-25 14:10:51.020+00:00 Imported blocks                            blockNumber=7118849 slot=1 blocks=7118848 txs=381500491 mgas=20607563 bps=134.6 tps=14458 mgps=867.4 avgBps=322.0 avgTps=17257 avgMGps=932.2 elapsed=6h8m26s
Jul 25 14:11:49 nimbus-eth1-mainnet-long-benchmark[3573364]: INF 2026-07-25 14:11:49.179+00:00 Imported blocks                            blockNumber=7127041 slot=1 blocks=7127040 txs=382271667 mgas=20656788 bps=140.9 tps=13260 mgps=846.5 avgBps=321.6 avgTps=17247 avgMGps=932.0 elapsed=6h9m24s
Jul 25 14:12:52 nimbus-eth1-mainnet-long-benchmark[3573364]: INF 2026-07-25 14:12:52.786+00:00 Imported blocks                            blockNumber=7135233 slot=1 blocks=7135232 txs=383082604 mgas=20710096 bps=128.8 tps=12748 mgps=838.1 avgBps=321.0 avgTps=17234 avgMGps=931.7 elapsed=6h10m27s
Jul 25 14:13:59 nimbus-eth1-mainnet-long-benchmark[3573364]: INF 2026-07-25 14:13:59.393+00:00 Imported blocks                            blockNumber=7143425 slot=1 blocks=7143424 txs=383998423 mgas=20765213 bps=123.0 tps=13749 mgps=827.5 avgBps=320.4 avgTps=17223 avgMGps=931.4 elapsed=6h11m34s
Jul 25 14:15:02 nimbus-eth1-mainnet-long-benchmark[3573364]: INF 2026-07-25 14:15:02.500+00:00 Imported blocks                            blockNumber=7151617 slot=1 blocks=7151616 txs=384909238 mgas=20819967 bps=129.8 tps=14431 mgps=867.6 avgBps=319.9 avgTps=17216 avgMGps=931.2 elapsed=6h12m37s
Jul 25 14:16:08 nimbus-eth1-mainnet-long-benchmark[3573364]: INF 2026-07-25 14:16:08.919+00:00 Imported blocks                            blockNumber=7159809 slot=1 blocks=7159808 txs=385795436 mgas=20878681 bps=123.3 tps=13343 mgps=884.0 avgBps=319.3 avgTps=17204 avgMGps=931.1 elapsed=6h13m43s
Jul 25 14:17:04 nimbus-eth1-mainnet-long-benchmark[3573364]: INF 2026-07-25 14:17:04.658+00:00 Imported blocks                            blockNumber=7168001 slot=1 blocks=7168000 txs=386522102 mgas=20927820 bps=147.0 tps=13036 mgps=881.6 avgBps=318.9 avgTps=17194 avgMGps=931.0 elapsed=6h14m39s
Jul 25 14:17:59 nimbus-eth1-mainnet-long-benchmark[3573364]: INF 2026-07-25 14:17:59.553+00:00 Imported blocks                            blockNumber=7176193 slot=1 blocks=7176192 txs=387215438 mgas=20974930 bps=149.2 tps=12630 mgps=858.2 avgBps=318.5 avgTps=17183 avgMGps=930.8 elapsed=6h15m34s
Jul 25 14:18:51 nimbus-eth1-mainnet-long-benchmark[3573364]: INF 2026-07-25 14:18:51.664+00:00 Imported blocks                            blockNumber=7184385 slot=1 blocks=7184384 txs=387939963 mgas=21022966 bps=157.2 tps=13903 mgps=921.8 avgBps=318.1 avgTps=17175 avgMGps=930.8 elapsed=6h16m26s
Jul 25 14:19:44 nimbus-eth1-mainnet-long-benchmark[3573364]: INF 2026-07-25 14:19:44.603+00:00 Imported blocks                            blockNumber=7192577 slot=1 blocks=7192576 txs=388648265 mgas=21071234 bps=154.7 tps=13379 mgps=911.7 avgBps=317.7 avgTps=17166 avgMGps=930.7 elapsed=6h17m19s
Jul 25 14:20:40 nimbus-eth1-mainnet-long-benchmark[3573364]: INF 2026-07-25 14:20:40.366+00:00 Imported blocks                            blockNumber=7200769 slot=1 blocks=7200768 txs=389375772 mgas=21121354 bps=146.9 tps=13047 mgps=898.9 avgBps=317.3 avgTps=17156 avgMGps=930.6 elapsed=6h18m15s
Jul 25 14:21:42 nimbus-eth1-mainnet-long-benchmark[3573364]: INF 2026-07-25 14:21:42.569+00:00 Imported blocks                            blockNumber=7208961 slot=1 blocks=7208960 txs=390166118 mgas=21174452 bps=131.7 tps=12705 mgps=853.6 avgBps=316.8 avgTps=17144 avgMGps=930.4 elapsed=6h19m17s
Jul 25 14:22:46 nimbus-eth1-mainnet-long-benchmark[3573364]: INF 2026-07-25 14:22:46.096+00:00 Imported blocks                            blockNumber=7217153 slot=1 blocks=7217152 txs=391073092 mgas=21231194 bps=128.9 tps=14276 mgps=893.2 avgBps=316.2 avgTps=17136 avgMGps=930.3 elapsed=6h20m21s
Jul 25 14:23:52 nimbus-eth1-mainnet-long-benchmark[3573364]: INF 2026-07-25 14:23:52.339+00:00 Imported blocks                            blockNumber=7225345 slot=1 blocks=7225344 txs=392006706 mgas=21289790 bps=123.7 tps=14093 mgps=884.6 avgBps=315.7 avgTps=17127 avgMGps=930.2 elapsed=6h21m27s
Jul 25 14:24:58 nimbus-eth1-mainnet-long-benchmark[3573364]: INF 2026-07-25 14:24:58.430+00:00 Imported blocks                            blockNumber=7233537 slot=1 blocks=7233536 txs=392892302 mgas=21348462 bps=124.0 tps=13400 mgps=887.8 avgBps=315.1 avgTps=17116 avgMGps=930.1 elapsed=6h22m33s
Jul 25 14:26:09 nimbus-eth1-mainnet-long-benchmark[3573364]: INF 2026-07-25 14:26:09.093+00:00 Imported blocks                            blockNumber=7241729 slot=1 blocks=7241728 txs=393908406 mgas=21409532 bps=115.9 tps=14379 mgps=864.2 avgBps=314.5 avgTps=17108 avgMGps=929.9 elapsed=6h23m44s
Jul 25 14:27:16 nimbus-eth1-mainnet-long-benchmark[3573364]: INF 2026-07-25 14:27:16.552+00:00 Imported blocks                            blockNumber=7249921 slot=1 blocks=7249920 txs=394929036 mgas=21470901 bps=121.4 tps=15129 mgps=909.7 avgBps=314.0 avgTps=17102 avgMGps=929.8 elapsed=6h24m51s
Jul 25 14:28:28 nimbus-eth1-mainnet-long-benchmark[3573364]: INF 2026-07-25 14:28:28.159+00:00 Imported blocks                            blockNumber=7258113 slot=1 blocks=7258112 txs=395914711 mgas=21531959 bps=114.4 tps=13765 mgps=852.7 avgBps=313.3 avgTps=17092 avgMGps=929.6 elapsed=6h26m3s
Jul 25 14:29:36 nimbus-eth1-mainnet-long-benchmark[3573364]: INF 2026-07-25 14:29:36.274+00:00 Imported blocks                            blockNumber=7266305 slot=1 blocks=7266304 txs=396939106 mgas=21592759 bps=120.3 tps=15039 mgps=892.7 avgBps=312.8 avgTps=17086 avgMGps=929.5 elapsed=6h27m11s
Jul 25 14:30:50 nimbus-eth1-mainnet-long-benchmark[3573364]: INF 2026-07-25 14:30:50.193+00:00 Imported blocks                            blockNumber=7274497 slot=1 blocks=7274496 txs=398013099 mgas=21655671 bps=110.8 tps=14529 mgps=851.1 avgBps=312.1 avgTps=17078 avgMGps=929.2 elapsed=6h28m25s
Jul 25 14:32:00 nimbus-eth1-mainnet-long-benchmark[3573364]: INF 2026-07-25 14:32:00.415+00:00 Imported blocks                            blockNumber=7282689 slot=1 blocks=7282688 txs=398972452 mgas=21716394 bps=116.7 tps=13660 mgps=864.7 avgBps=311.6 avgTps=17068 avgMGps=929.0 elapsed=6h29m35s
Jul 25 14:33:03 nimbus-eth1-mainnet-long-benchmark[3573364]: INF 2026-07-25 14:33:03.110+00:00 Imported blocks                            blockNumber=7290881 slot=1 blocks=7290880 txs=399693869 mgas=21767952 bps=130.7 tps=11507 mgps=822.4 avgBps=311.1 avgTps=17053 avgMGps=928.7 elapsed=6h30m38s
Jul 25 14:34:03 nimbus-eth1-mainnet-long-benchmark[3573364]: INF 2026-07-25 14:34:03.089+00:00 Imported blocks                            blockNumber=7299073 slot=1 blocks=7299072 txs=400329336 mgas=21815392 bps=136.6 tps=10594 mgps=790.9 avgBps=310.6 avgTps=17036 avgMGps=928.4 elapsed=6h31m38s
Jul 25 14:35:05 nimbus-eth1-mainnet-long-benchmark[3573364]: INF 2026-07-25 14:35:05.896+00:00 Imported blocks                            blockNumber=7307265 slot=1 blocks=7307264 txs=401098326 mgas=21867932 bps=130.4 tps=12243 mgps=836.5 avgBps=310.1 avgTps=17023 avgMGps=928.1 elapsed=6h32m40s
Jul 25 14:36:08 nimbus-eth1-mainnet-long-benchmark[3573364]: INF 2026-07-25 14:36:08.263+00:00 Imported blocks                            blockNumber=7315457 slot=1 blocks=7315456 txs=401881164 mgas=21918429 bps=131.4 tps=12551 mgps=809.7 avgBps=309.7 avgTps=17012 avgMGps=927.8 elapsed=6h33m43s
Jul 25 14:37:06 nimbus-eth1-mainnet-long-benchmark[3573364]: INF 2026-07-25 14:37:06.963+00:00 Imported blocks                            blockNumber=7323649 slot=1 blocks=7323648 txs=402617695 mgas=21967110 bps=139.6 tps=12548 mgps=829.4 avgBps=309.2 avgTps=17001 avgMGps=927.6 elapsed=6h34m41s
Jul 25 14:38:07 nimbus-eth1-mainnet-long-benchmark[3573364]: INF 2026-07-25 14:38:07.518+00:00 Imported blocks                            blockNumber=7331841 slot=1 blocks=7331840 txs=403311126 mgas=22016089 bps=135.3 tps=11450 mgps=808.8 avgBps=308.8 avgTps=16986 avgMGps=927.3 elapsed=6h35m42s
Jul 25 14:39:07 nimbus-eth1-mainnet-long-benchmark[3573364]: INF 2026-07-25 14:39:07.401+00:00 Imported blocks                            blockNumber=7340033 slot=1 blocks=7340032 txs=404011479 mgas=22064560 bps=136.8 tps=11695 mgps=809.4 avgBps=308.4 avgTps=16973 avgMGps=927.0 elapsed=6h36m42s
Jul 25 14:40:03 nimbus-eth1-mainnet-long-benchmark[3573364]: INF 2026-07-25 14:40:03.016+00:00 Imported blocks                            blockNumber=7348225 slot=1 blocks=7348224 txs=404667644 mgas=22112314 bps=147.3 tps=11798 mgps=858.6 avgBps=308.0 avgTps=16961 avgMGps=926.8 elapsed=6h37m38s
Jul 25 14:41:03 nimbus-eth1-mainnet-long-benchmark[3573364]: INF 2026-07-25 14:41:03.507+00:00 Imported blocks                            blockNumber=7356417 slot=1 blocks=7356416 txs=405374596 mgas=22162096 bps=135.4 tps=11686 mgps=822.9 avgBps=307.6 avgTps=16948 avgMGps=926.6 elapsed=6h38m38s
Jul 25 14:42:02 nimbus-eth1-mainnet-long-benchmark[3573364]: INF 2026-07-25 14:42:02.618+00:00 Imported blocks                            blockNumber=7364609 slot=1 blocks=7364608 txs=406077156 mgas=22213648 bps=138.6 tps=11885 mgps=872.1 avgBps=307.1 avgTps=16935 avgMGps=926.4 elapsed=6h39m37s
Jul 25 14:43:02 nimbus-eth1-mainnet-long-benchmark[3573364]: INF 2026-07-25 14:43:02.169+00:00 Imported blocks                            blockNumber=7372801 slot=1 blocks=7372800 txs=406825644 mgas=22264838 bps=137.6 tps=12569 mgps=859.6 avgBps=306.7 avgTps=16924 avgMGps=926.3 elapsed=6h40m37s
Jul 25 14:43:59 nimbus-eth1-mainnet-long-benchmark[3573364]: INF 2026-07-25 14:43:59.484+00:00 Imported blocks                            blockNumber=7380993 slot=1 blocks=7380992 txs=407498614 mgas=22315127 bps=142.9 tps=11740 mgps=877.3 avgBps=306.3 avgTps=16912 avgMGps=926.2 elapsed=6h41m34s
Jul 25 14:44:57 nimbus-eth1-mainnet-long-benchmark[3573364]: INF 2026-07-25 14:44:57.123+00:00 Imported blocks                            blockNumber=7389185 slot=1 blocks=7389184 txs=408116988 mgas=22361875 bps=142.1 tps=10728 mgps=811.0 avgBps=305.9 avgTps=16897 avgMGps=925.9 elapsed=6h42m32s
Jul 25 14:45:57 nimbus-eth1-mainnet-long-benchmark[3573364]: INF 2026-07-25 14:45:57.638+00:00 Imported blocks                            blockNumber=7397377 slot=1 blocks=7397376 txs=408848395 mgas=22415724 bps=135.4 tps=12087 mgps=889.9 avgBps=305.5 avgTps=16885 avgMGps=925.8 elapsed=6h43m32s
Jul 25 14:46:59 nimbus-eth1-mainnet-long-benchmark[3573364]: INF 2026-07-25 14:46:59.013+00:00 Imported blocks                            blockNumber=7405569 slot=1 blocks=7405568 txs=409671498 mgas=22470184 bps=133.5 tps=13411 mgps=887.3 avgBps=305.1 avgTps=16876 avgMGps=925.7 elapsed=6h44m34s
Jul 25 14:48:06 nimbus-eth1-mainnet-long-benchmark[3573364]: INF 2026-07-25 14:48:06.216+00:00 Imported blocks                            blockNumber=7413761 slot=1 blocks=7413760 txs=410492065 mgas=22528180 bps=121.9 tps=12210 mgps=863.0 avgBps=304.6 avgTps=16864 avgMGps=925.5 elapsed=6h45m41s
Jul 25 14:49:09 nimbus-eth1-mainnet-long-benchmark[3573364]: INF 2026-07-25 14:49:09.143+00:00 Imported blocks                            blockNumber=7421953 slot=1 blocks=7421952 txs=411251324 mgas=22583061 bps=130.2 tps=12065 mgps=872.1 avgBps=304.1 avgTps=16851 avgMGps=925.4 elapsed=6h46m44s
Jul 25 14:50:06 nimbus-eth1-mainnet-long-benchmark[3573364]: INF 2026-07-25 14:50:06.950+00:00 Imported blocks                            blockNumber=7430145 slot=1 blocks=7430144 txs=411961198 mgas=22633327 bps=141.7 tps=12280 mgps=869.6 avgBps=303.7 avgTps=16840 avgMGps=925.2 elapsed=6h47m41s
Jul 25 14:51:10 nimbus-eth1-mainnet-long-benchmark[3573364]: INF 2026-07-25 14:51:10.049+00:00 Imported blocks                            blockNumber=7438337 slot=1 blocks=7438336 txs=412760611 mgas=22685945 bps=129.8 tps=12669 mgps=833.9 avgBps=303.3 avgTps=16830 avgMGps=925.0 elapsed=6h48m45s
Jul 25 14:52:15 nimbus-eth1-mainnet-long-benchmark[3573364]: INF 2026-07-25 14:52:15.048+00:00 Imported blocks                            blockNumber=7446529 slot=1 blocks=7446528 txs=413564075 mgas=22739807 bps=126.0 tps=12361 mgps=828.7 avgBps=302.8 avgTps=16818 avgMGps=924.8 elapsed=6h49m50s
Jul 25 14:53:17 nimbus-eth1-mainnet-long-benchmark[3573364]: INF 2026-07-25 14:53:17.431+00:00 Imported blocks                            blockNumber=7454721 slot=1 blocks=7454720 txs=414340358 mgas=22793155 bps=131.3 tps=12443 mgps=855.2 avgBps=302.4 avgTps=16807 avgMGps=924.6 elapsed=6h50m52s
Jul 25 14:54:20 nimbus-eth1-mainnet-long-benchmark[3573364]: INF 2026-07-25 14:54:20.950+00:00 Imported blocks                            blockNumber=7462913 slot=1 blocks=7462912 txs=415182333 mgas=22848779 bps=129.0 tps=13255 mgps=875.7 avgBps=301.9 avgTps=16798 avgMGps=924.5 elapsed=6h51m55s
Jul 25 14:55:28 nimbus-eth1-mainnet-long-benchmark[3573364]: INF 2026-07-25 14:55:28.725+00:00 Imported blocks                            blockNumber=7471105 slot=1 blocks=7471104 txs=416036288 mgas=22906231 bps=120.9 tps=12599 mgps=847.7 avgBps=301.5 avgTps=16786 avgMGps=924.2 elapsed=6h53m3s
Jul 25 14:56:34 nimbus-eth1-mainnet-long-benchmark[3573364]: INF 2026-07-25 14:56:34.864+00:00 Imported blocks                            blockNumber=7479297 slot=1 blocks=7479296 txs=416831442 mgas=22962529 bps=123.9 tps=12021 mgps=851.2 avgBps=301.0 avgTps=16773 avgMGps=924.1 elapsed=6h54m9s
Jul 25 14:57:44 nimbus-eth1-mainnet-long-benchmark[3573364]: INF 2026-07-25 14:57:44.655+00:00 Imported blocks                            blockNumber=7487489 slot=1 blocks=7487488 txs=417720887 mgas=23018905 bps=117.4 tps=12744 mgps=807.8 avgBps=300.5 avgTps=16762 avgMGps=923.7 elapsed=6h55m19s
Jul 25 14:58:58 nimbus-eth1-mainnet-long-benchmark[3573364]: INF 2026-07-25 14:58:58.522+00:00 Imported blocks                            blockNumber=7495681 slot=1 blocks=7495680 txs=418742856 mgas=23078928 bps=110.9 tps=13835 mgps=812.6 avgBps=299.9 avgTps=16754 avgMGps=923.4 elapsed=6h56m33s
Jul 25 15:00:07 nimbus-eth1-mainnet-long-benchmark[3573364]: INF 2026-07-25 15:00:07.073+00:00 Imported blocks                            blockNumber=7503873 slot=1 blocks=7503872 txs=419618093 mgas=23134242 bps=119.5 tps=12767 mgps=806.9 avgBps=299.4 avgTps=16743 avgMGps=923.1 elapsed=6h57m42s
Jul 25 15:01:08 nimbus-eth1-mainnet-long-benchmark[3573364]: INF 2026-07-25 15:01:08.984+00:00 Imported blocks                            blockNumber=7512065 slot=1 blocks=7512064 txs=420393164 mgas=23183672 bps=132.3 tps=12518 mgps=798.4 avgBps=299.0 avgTps=16732 avgMGps=922.8 elapsed=6h58m43s
Jul 25 15:02:07 nimbus-eth1-mainnet-long-benchmark[3573364]: INF 2026-07-25 15:02:07.587+00:00 Imported blocks                            blockNumber=7520257 slot=1 blocks=7520256 txs=421119053 mgas=23230736 bps=139.8 tps=12386 mgps=803.1 avgBps=298.6 avgTps=16722 avgMGps=922.5 elapsed=6h59m42s
Jul 25 15:03:12 nimbus-eth1-mainnet-long-benchmark[3573364]: INF 2026-07-25 15:03:12.782+00:00 Imported blocks                            blockNumber=7528449 slot=1 blocks=7528448 txs=421953896 mgas=23282387 bps=125.7 tps=12805 mgps=792.3 avgBps=298.2 avgTps=16712 avgMGps=922.2 elapsed=7h47s789ms
Jul 25 15:04:16 nimbus-eth1-mainnet-long-benchmark[3573364]: INF 2026-07-25 15:04:16.977+00:00 Imported blocks                            blockNumber=7536641 slot=1 blocks=7536640 txs=422743403 mgas=23333145 bps=127.6 tps=12298 mgps=790.7 avgBps=297.7 avgTps=16701 avgMGps=921.8 elapsed=7h1m51s
Jul 25 15:05:19 nimbus-eth1-mainnet-long-benchmark[3573364]: INF 2026-07-25 15:05:19.348+00:00 Imported blocks                            blockNumber=7544833 slot=1 blocks=7544832 txs=423611090 mgas=23387743 bps=131.3 tps=13910 mgps=875.3 avgBps=297.3 avgTps=16694 avgMGps=921.7 elapsed=7h2m54s
Jul 25 15:06:25 nimbus-eth1-mainnet-long-benchmark[3573364]: INF 2026-07-25 15:06:24.999+00:00 Imported blocks                            blockNumber=7553025 slot=1 blocks=7553024 txs=424571815 mgas=23444213 bps=124.8 tps=14634 mgps=860.2 avgBps=296.9 avgTps=16689 avgMGps=921.5 elapsed=7h4m8ms
Jul 25 15:07:29 nimbus-eth1-mainnet-long-benchmark[3573364]: INF 2026-07-25 15:07:29.034+00:00 Imported blocks                            blockNumber=7561217 slot=1 blocks=7561216 txs=425387522 mgas=23494527 bps=127.9 tps=12738 mgps=785.7 avgBps=296.5 avgTps=16679 avgMGps=921.2 elapsed=7h5m4s
Jul 25 15:08:27 nimbus-eth1-mainnet-long-benchmark[3573364]: INF 2026-07-25 15:08:27.197+00:00 Imported blocks                            blockNumber=7569409 slot=1 blocks=7569408 txs=426053753 mgas=23540671 bps=140.8 tps=11454 mgps=793.4 avgBps=296.1 avgTps=16667 avgMGps=920.9 elapsed=7h6m2s
Jul 25 15:09:26 nimbus-eth1-mainnet-long-benchmark[3573364]: INF 2026-07-25 15:09:26.748+00:00 Imported blocks                            blockNumber=7577601 slot=1 blocks=7577600 txs=426886568 mgas=23594846 bps=137.6 tps=13984 mgps=909.7 avgBps=295.7 avgTps=16661 avgMGps=920.9 elapsed=7h7m1s
Jul 25 15:10:31 nimbus-eth1-mainnet-long-benchmark[3573364]: INF 2026-07-25 15:10:31.771+00:00 Imported blocks                            blockNumber=7585793 slot=1 blocks=7585792 txs=427772094 mgas=23652933 bps=126.0 tps=13617 mgps=893.3 avgBps=295.3 avgTps=16653 avgMGps=920.8 elapsed=7h8m6s
Jul 25 15:11:36 nimbus-eth1-mainnet-long-benchmark[3573364]: INF 2026-07-25 15:11:36.390+00:00 Imported blocks                            blockNumber=7593985 slot=1 blocks=7593984 txs=428633372 mgas=23708839 bps=126.8 tps=13329 mgps=865.2 avgBps=294.9 avgTps=16645 avgMGps=920.7 elapsed=7h9m11s
Jul 25 15:12:41 nimbus-eth1-mainnet-long-benchmark[3573364]: INF 2026-07-25 15:12:41.517+00:00 Imported blocks                            blockNumber=7602177 slot=1 blocks=7602176 txs=429486178 mgas=23759182 bps=125.8 tps=13094 mgps=773.0 avgBps=294.5 avgTps=16636 avgMGps=920.3 elapsed=7h10m16s
Jul 25 15:13:46 nimbus-eth1-mainnet-long-benchmark[3573364]: INF 2026-07-25 15:13:46.580+00:00 Imported blocks                            blockNumber=7610369 slot=1 blocks=7610368 txs=430374019 mgas=23809070 bps=125.9 tps=13646 mgps=766.8 avgBps=294.0 avgTps=16628 avgMGps=919.9 elapsed=7h11m21s
Jul 25 15:14:49 nimbus-eth1-mainnet-long-benchmark[3573364]: INF 2026-07-25 15:14:49.895+00:00 Imported blocks                            blockNumber=7618561 slot=1 blocks=7618560 txs=431234206 mgas=23864021 bps=129.4 tps=13585 mgps=867.9 avgBps=293.6 avgTps=16621 avgMGps=919.8 elapsed=7h12m24s
Jul 25 15:15:56 nimbus-eth1-mainnet-long-benchmark[3573364]: INF 2026-07-25 15:15:56.982+00:00 Imported blocks                            blockNumber=7626753 slot=1 blocks=7626752 txs=432149554 mgas=23918051 bps=122.1 tps=13644 mgps=805.4 avgBps=293.2 avgTps=16613 avgMGps=919.5 elapsed=7h13m31s
Jul 25 15:17:01 nimbus-eth1-mainnet-long-benchmark[3573364]: INF 2026-07-25 15:17:01.677+00:00 Imported blocks                            blockNumber=7634945 slot=1 blocks=7634944 txs=433001863 mgas=23969732 bps=126.6 tps=13173 mgps=798.8 avgBps=292.8 avgTps=16604 avgMGps=919.2 elapsed=7h14m36s
Jul 25 15:18:06 nimbus-eth1-mainnet-long-benchmark[3573364]: INF 2026-07-25 15:18:06.780+00:00 Imported blocks                            blockNumber=7643137 slot=1 blocks=7643136 txs=433914233 mgas=24022782 bps=125.8 tps=14014 mgps=814.9 avgBps=292.4 avgTps=16598 avgMGps=918.9 elapsed=7h15m41s
Jul 25 15:19:03 nimbus-eth1-mainnet-long-benchmark[3573364]: INF 2026-07-25 15:19:03.331+00:00 Imported blocks                            blockNumber=7651329 slot=1 blocks=7651328 txs=434653036 mgas=24068682 bps=144.9 tps=13064 mgps=811.7 avgBps=292.1 avgTps=16590 avgMGps=918.7 elapsed=7h16m38s
Jul 25 15:19:58 nimbus-eth1-mainnet-long-benchmark[3573364]: INF 2026-07-25 15:19:58.526+00:00 Imported blocks                            blockNumber=7659521 slot=1 blocks=7659520 txs=435366872 mgas=24114431 bps=148.4 tps=12932 mgps=828.9 avgBps=291.8 avgTps=16583 avgMGps=918.5 elapsed=7h17m33s
Jul 25 15:20:58 nimbus-eth1-mainnet-long-benchmark[3573364]: INF 2026-07-25 15:20:58.693+00:00 Imported blocks                            blockNumber=7667713 slot=1 blocks=7667712 txs=436214907 mgas=24164969 bps=136.2 tps=14094 mgps=840.0 avgBps=291.4 avgTps=16577 avgMGps=918.3 elapsed=7h18m33s
Jul 25 15:22:06 nimbus-eth1-mainnet-long-benchmark[3573364]: INF 2026-07-25 15:22:06.356+00:00 Imported blocks                            blockNumber=7675905 slot=1 blocks=7675904 txs=437152649 mgas=24220293 bps=121.1 tps=13859 mgps=817.6 avgBps=291.0 avgTps=16570 avgMGps=918.1 elapsed=7h19m41s
Jul 25 15:23:05 nimbus-eth1-mainnet-long-benchmark[3573364]: INF 2026-07-25 15:23:05.459+00:00 Imported blocks                            blockNumber=7684097 slot=1 blocks=7684096 txs=437940276 mgas=24274677 bps=138.6 tps=13326 mgps=920.1 avgBps=290.6 avgTps=16563 avgMGps=918.1 elapsed=7h20m40s
Jul 25 15:24:06 nimbus-eth1-mainnet-long-benchmark[3573364]: INF 2026-07-25 15:24:06.934+00:00 Imported blocks                            blockNumber=7692289 slot=1 blocks=7692288 txs=438773865 mgas=24327924 bps=133.3 tps=13560 mgps=866.2 avgBps=290.3 avgTps=16556 avgMGps=918.0 elapsed=7h21m41s
Jul 25 15:25:08 nimbus-eth1-mainnet-long-benchmark[3573364]: INF 2026-07-25 15:25:08.097+00:00 Imported blocks                            blockNumber=7700481 slot=1 blocks=7700480 txs=439588069 mgas=24377460 bps=133.9 tps=13312 mgps=809.9 avgBps=289.9 avgTps=16548 avgMGps=917.7 elapsed=7h22m43s
Jul 25 15:26:10 nimbus-eth1-mainnet-long-benchmark[3573364]: INF 2026-07-25 15:26:10.708+00:00 Imported blocks                            blockNumber=7708673 slot=1 blocks=7708672 txs=440491206 mgas=24431819 bps=130.8 tps=14424 mgps=868.2 avgBps=289.5 avgTps=16543 avgMGps=917.6 elapsed=7h23m45s
Jul 25 15:27:07 nimbus-eth1-mainnet-long-benchmark[3573364]: INF 2026-07-25 15:27:07.095+00:00 Imported blocks                            blockNumber=7716865 slot=1 blocks=7716864 txs=441292357 mgas=24494441 bps=145.3 tps=14207 mgps=1110 avgBps=289.2 avgTps=16538 avgMGps=918.0 elapsed=7h24m42s
Jul 25 15:28:14 nimbus-eth1-mainnet-long-benchmark[3573364]: INF 2026-07-25 15:28:14.478+00:00 Imported blocks                            blockNumber=7725057 slot=1 blocks=7725056 txs=442197881 mgas=24553456 bps=121.6 tps=13438 mgps=875.8 avgBps=288.8 avgTps=16531 avgMGps=917.9 elapsed=7h25m49s
Jul 25 15:29:26 nimbus-eth1-mainnet-long-benchmark[3573364]: INF 2026-07-25 15:29:26.821+00:00 Imported blocks                            blockNumber=7733249 slot=1 blocks=7733248 txs=443158393 mgas=24611784 bps=113.2 tps=13277 mgps=806.3 avgBps=288.3 avgTps=16522 avgMGps=917.6 elapsed=7h27m1s
Jul 25 15:30:37 nimbus-eth1-mainnet-long-benchmark[3573364]: INF 2026-07-25 15:30:37.432+00:00 Imported blocks                            blockNumber=7741441 slot=1 blocks=7741440 txs=444094671 mgas=24668195 bps=116.0 tps=13259 mgps=798.9 avgBps=287.9 avgTps=16513 avgMGps=917.3 elapsed=7h28m12s
Jul 25 15:31:50 nimbus-eth1-mainnet-long-benchmark[3573364]: INF 2026-07-25 15:31:50.178+00:00 Imported blocks                            blockNumber=7749633 slot=1 blocks=7749632 txs=444984995 mgas=24721768 bps=112.6 tps=12239 mgps=736.5 avgBps=287.4 avgTps=16502 avgMGps=916.8 elapsed=7h29m25s
Jul 25 15:33:09 nimbus-eth1-mainnet-long-benchmark[3573364]: INF 2026-07-25 15:33:09.505+00:00 Imported blocks                            blockNumber=7757825 slot=1 blocks=7757824 txs=446012120 mgas=24780290 bps=103.3 tps=12947 mgps=737.7 avgBps=286.9 avgTps=16491 avgMGps=916.3 elapsed=7h30m44s
Jul 25 15:34:30 nimbus-eth1-mainnet-long-benchmark[3573364]: INF 2026-07-25 15:34:30.780+00:00 Imported blocks                            blockNumber=7766017 slot=1 blocks=7766016 txs=447077485 mgas=24841902 bps=100.8 tps=13107 mgps=758.1 avgBps=286.3 avgTps=16481 avgMGps=915.8 elapsed=7h32m5s
Jul 25 15:35:51 nimbus-eth1-mainnet-long-benchmark[3573364]: INF 2026-07-25 15:35:51.127+00:00 Imported blocks                            blockNumber=7774209 slot=1 blocks=7774208 txs=448210576 mgas=24903942 bps=102.0 tps=14103 mgps=772.2 avgBps=285.8 avgTps=16474 avgMGps=915.4 elapsed=7h33m26s
Jul 25 15:37:11 nimbus-eth1-mainnet-long-benchmark[3573364]: INF 2026-07-25 15:37:11.673+00:00 Imported blocks                            blockNumber=7782401 slot=1 blocks=7782400 txs=449224144 mgas=24965886 bps=101.7 tps=12583 mgps=769.0 avgBps=285.2 avgTps=16463 avgMGps=914.9 elapsed=7h34m46s
Jul 25 15:38:27 nimbus-eth1-mainnet-long-benchmark[3573364]: INF 2026-07-25 15:38:27.304+00:00 Imported blocks                            blockNumber=7790593 slot=1 blocks=7790592 txs=450201600 mgas=25026547 bps=108.3 tps=12924 mgps=802.1 avgBps=284.7 avgTps=16453 avgMGps=914.6 elapsed=7h36m2s
Jul 25 15:39:45 nimbus-eth1-mainnet-long-benchmark[3573364]: INF 2026-07-25 15:39:45.375+00:00 Imported blocks                            blockNumber=7798785 slot=1 blocks=7798784 txs=451264007 mgas=25086232 bps=104.9 tps=13607 mgps=764.5 avgBps=284.2 avgTps=16445 avgMGps=914.2 elapsed=7h37m20s
Jul 25 15:41:01 nimbus-eth1-mainnet-long-benchmark[3573364]: INF 2026-07-25 15:41:01.182+00:00 Imported blocks                            blockNumber=7806977 slot=1 blocks=7806976 txs=452281781 mgas=25146134 bps=108.1 tps=13426 mgps=790.2 avgBps=283.7 avgTps=16436 avgMGps=913.9 elapsed=7h38m36s
Jul 25 15:42:18 nimbus-eth1-mainnet-long-benchmark[3573364]: INF 2026-07-25 15:42:18.692+00:00 Imported blocks                            blockNumber=7815169 slot=1 blocks=7815168 txs=453436082 mgas=25206827 bps=105.7 tps=14892 mgps=783.0 avgBps=283.2 avgTps=16432 avgMGps=913.5 elapsed=7h39m53s
Jul 25 15:43:35 nimbus-eth1-mainnet-long-benchmark[3573364]: INF 2026-07-25 15:43:35.315+00:00 Imported blocks                            blockNumber=7823361 slot=1 blocks=7823360 txs=454565380 mgas=25267169 bps=106.9 tps=14737 mgps=787.5 avgBps=282.7 avgTps=16427 avgMGps=913.2 elapsed=7h41m10s
Jul 25 15:44:47 nimbus-eth1-mainnet-long-benchmark[3573364]: INF 2026-07-25 15:44:47.390+00:00 Imported blocks                            blockNumber=7831553 slot=1 blocks=7831552 txs=455613551 mgas=25323759 bps=113.7 tps=14543 mgps=785.2 avgBps=282.3 avgTps=16423 avgMGps=912.8 elapsed=7h42m22s
Jul 25 15:45:59 nimbus-eth1-mainnet-long-benchmark[3573364]: INF 2026-07-25 15:45:59.361+00:00 Imported blocks                            blockNumber=7839745 slot=1 blocks=7839744 txs=456620417 mgas=25379035 bps=113.8 tps=13989 mgps=768.0 avgBps=281.9 avgTps=16416 avgMGps=912.4 elapsed=7h43m34s
Jul 25 15:47:15 nimbus-eth1-mainnet-long-benchmark[3573364]: INF 2026-07-25 15:47:15.504+00:00 Imported blocks                            blockNumber=7847937 slot=1 blocks=7847936 txs=457886756 mgas=25440503 bps=107.6 tps=16631 mgps=807.3 avgBps=281.4 avgTps=16417 avgMGps=912.2 elapsed=7h44m50s
Jul 25 15:48:28 nimbus-eth1-mainnet-long-benchmark[3573364]: INF 2026-07-25 15:48:28.627+00:00 Imported blocks                            blockNumber=7856129 slot=1 blocks=7856128 txs=459040331 mgas=25501487 bps=112.0 tps=15776 mgps=834.0 avgBps=280.9 avgTps=16415 avgMGps=912.0 elapsed=7h46m3s
Jul 25 15:49:44 nimbus-eth1-mainnet-long-benchmark[3573364]: INF 2026-07-25 15:49:44.325+00:00 Imported blocks                            blockNumber=7864321 slot=1 blocks=7864320 txs=460155806 mgas=25561340 bps=108.2 tps=14734 mgps=790.6 avgBps=280.5 avgTps=16411 avgMGps=911.6 elapsed=7h47m19s
Jul 25 15:50:57 nimbus-eth1-mainnet-long-benchmark[3573364]: INF 2026-07-25 15:50:57.756+00:00 Imported blocks                            blockNumber=7872513 slot=1 blocks=7872512 txs=461304093 mgas=25622249 bps=111.6 tps=15637 mgps=829.5 avgBps=280.0 avgTps=16409 avgMGps=911.4 elapsed=7h48m32s
Jul 25 15:52:16 nimbus-eth1-mainnet-long-benchmark[3573364]: INF 2026-07-25 15:52:16.303+00:00 Imported blocks                            blockNumber=7880705 slot=1 blocks=7880704 txs=462540264 mgas=25682270 bps=104.3 tps=15737 mgps=764.1 avgBps=279.5 avgTps=16407 avgMGps=911.0 elapsed=7h49m51s
Jul 25 15:53:30 nimbus-eth1-mainnet-long-benchmark[3573364]: INF 2026-07-25 15:53:30.154+00:00 Imported blocks                            blockNumber=7888897 slot=1 blocks=7888896 txs=463659550 mgas=25740852 bps=110.9 tps=15156 mgps=793.3 avgBps=279.1 avgTps=16403 avgMGps=910.7 elapsed=7h51m5s
Jul 25 15:54:44 nimbus-eth1-mainnet-long-benchmark[3573364]: INF 2026-07-25 15:54:44.293+00:00 Imported blocks                            blockNumber=7897089 slot=1 blocks=7897088 txs=464776412 mgas=25800291 bps=110.5 tps=15064 mgps=801.7 avgBps=278.7 avgTps=16400 avgMGps=910.4 elapsed=7h52m19s
Jul 25 15:55:56 nimbus-eth1-mainnet-long-benchmark[3573364]: INF 2026-07-25 15:55:56.227+00:00 Imported blocks                            blockNumber=7905281 slot=1 blocks=7905280 txs=465829976 mgas=25859803 bps=113.9 tps=14645 mgps=827.2 avgBps=278.2 avgTps=16395 avgMGps=910.2 elapsed=7h53m31s
Jul 25 15:57:10 nimbus-eth1-mainnet-long-benchmark[3573364]: INF 2026-07-25 15:57:10.662+00:00 Imported blocks                            blockNumber=7913473 slot=1 blocks=7913472 txs=466848742 mgas=25919719 bps=110.1 tps=13687 mgps=805.0 avgBps=277.8 avgTps=16388 avgMGps=909.9 elapsed=7h54m45s
Jul 25 15:58:19 nimbus-eth1-mainnet-long-benchmark[3573364]: INF 2026-07-25 15:58:19.557+00:00 Imported blocks                            blockNumber=7921665 slot=1 blocks=7921664 txs=468011772 mgas=25977921 bps=118.9 tps=16881 mgps=844.8 avgBps=277.4 avgTps=16390 avgMGps=909.8 elapsed=7h55m54s
Jul 25 15:59:31 nimbus-eth1-mainnet-long-benchmark[3573364]: INF 2026-07-25 15:59:31.088+00:00 Imported blocks                            blockNumber=7929857 slot=1 blocks=7929856 txs=468944744 mgas=26034463 bps=114.5 tps=13042 mgps=790.5 avgBps=277.0 avgTps=16381 avgMGps=909.5 elapsed=7h57m6s
Jul 25 16:00:48 nimbus-eth1-mainnet-long-benchmark[3573364]: INF 2026-07-25 16:00:48.839+00:00 Imported blocks                            blockNumber=7938049 slot=1 blocks=7938048 txs=470280361 mgas=26096232 bps=105.4 tps=17177 mgps=794.4 avgBps=276.5 avgTps=16383 avgMGps=909.2 elapsed=7h58m23s
Jul 25 16:02:07 nimbus-eth1-mainnet-long-benchmark[3573364]: INF 2026-07-25 16:02:07.726+00:00 Imported blocks                            blockNumber=7946241 slot=1 blocks=7946240 txs=471406476 mgas=26156565 bps=103.8 tps=14275 mgps=764.8 avgBps=276.1 avgTps=16378 avgMGps=908.8 elapsed=7h59m42s
Jul 25 16:03:27 nimbus-eth1-mainnet-long-benchmark[3573364]: INF 2026-07-25 16:03:27.612+00:00 Imported blocks                            blockNumber=7954433 slot=1 blocks=7954432 txs=472337101 mgas=26215819 bps=102.5 tps=11648 mgps=741.7 avgBps=275.6 avgTps=16365 avgMGps=908.3 elapsed=8h1m2s
Jul 25 16:04:46 nimbus-eth1-mainnet-long-benchmark[3573364]: INF 2026-07-25 16:04:46.291+00:00 Imported blocks                            blockNumber=7962625 slot=1 blocks=7962624 txs=473493092 mgas=26276138 bps=104.1 tps=14692 mgps=766.7 avgBps=275.1 avgTps=16360 avgMGps=907.9 elapsed=8h2m21s
Jul 25 16:06:03 nimbus-eth1-mainnet-long-benchmark[3573364]: INF 2026-07-25 16:06:03.214+00:00 Imported blocks                            blockNumber=7970817 slot=1 blocks=7970816 txs=474642879 mgas=26334344 bps=106.5 tps=14947 mgps=756.7 avgBps=274.7 avgTps=16356 avgMGps=907.5 elapsed=8h3m38s
Jul 25 16:07:18 nimbus-eth1-mainnet-long-benchmark[3573364]: INF 2026-07-25 16:07:18.841+00:00 Imported blocks                            blockNumber=7979009 slot=1 blocks=7979008 txs=475810979 mgas=26393019 bps=108.3 tps=15445 mgps=775.8 avgBps=274.3 avgTps=16354 avgMGps=907.2 elapsed=8h4m53s
Jul 25 16:08:31 nimbus-eth1-mainnet-long-benchmark[3573364]: INF 2026-07-25 16:08:31.519+00:00 Imported blocks                            blockNumber=7987201 slot=1 blocks=7987200 txs=476920569 mgas=26453220 bps=112.7 tps=15266 mgps=828.3 avgBps=273.8 avgTps=16351 avgMGps=907.0 elapsed=8h6m6s
Jul 25 16:09:44 nimbus-eth1-mainnet-long-benchmark[3573364]: INF 2026-07-25 16:09:44.302+00:00 Imported blocks                            blockNumber=7995393 slot=1 blocks=7995392 txs=478167265 mgas=26514174 bps=112.6 tps=17129 mgps=837.5 avgBps=273.4 avgTps=16353 avgMGps=906.8 elapsed=8h7m19s
Jul 25 16:11:00 nimbus-eth1-mainnet-long-benchmark[3573364]: INF 2026-07-25 16:11:00.673+00:00 Imported blocks                            blockNumber=8003585 slot=1 blocks=8003584 txs=479239936 mgas=26572633 bps=107.3 tps=14045 mgps=765.5 avgBps=273.0 avgTps=16347 avgMGps=906.4 elapsed=8h8m35s
Jul 25 16:12:14 nimbus-eth1-mainnet-long-benchmark[3573364]: INF 2026-07-25 16:12:14.012+00:00 Imported blocks                            blockNumber=8011777 slot=1 blocks=8011776 txs=480155112 mgas=26624783 bps=111.7 tps=12478 mgps=711.1 avgBps=272.6 avgTps=16337 avgMGps=905.9 elapsed=8h9m49s
Jul 25 16:13:27 nimbus-eth1-mainnet-long-benchmark[3573364]: INF 2026-07-25 16:13:27.847+00:00 Imported blocks                            blockNumber=8019969 slot=1 blocks=8019968 txs=481204089 mgas=26679130 bps=110.9 tps=14206 mgps=736.0 avgBps=272.2 avgTps=16332 avgMGps=905.5 elapsed=8h11m2s
Jul 25 16:14:40 nimbus-eth1-mainnet-long-benchmark[3573364]: INF 2026-07-25 16:14:40.826+00:00 Imported blocks                            blockNumber=8028161 slot=1 blocks=8028160 txs=482365172 mgas=26737031 bps=112.3 tps=15911 mgps=793.5 avgBps=271.8 avgTps=16331 avgMGps=905.2 elapsed=8h12m15s
Jul 25 16:15:53 nimbus-eth1-mainnet-long-benchmark[3573364]: INF 2026-07-25 16:15:53.544+00:00 Imported blocks                            blockNumber=8036353 slot=1 blocks=8036352 txs=483403238 mgas=26797771 bps=112.7 tps=14274 mgps=835.3 avgBps=271.4 avgTps=16326 avgMGps=905.1 elapsed=8h13m28s
Jul 25 16:17:03 nimbus-eth1-mainnet-long-benchmark[3573364]: INF 2026-07-25 16:17:03.711+00:00 Imported blocks                            blockNumber=8044545 slot=1 blocks=8044544 txs=484461750 mgas=26859224 bps=116.7 tps=15085 mgps=875.8 avgBps=271.1 avgTps=16323 avgMGps=905.0 elapsed=8h14m38s
Jul 25 16:18:13 nimbus-eth1-mainnet-long-benchmark[3573364]: INF 2026-07-25 16:18:13.646+00:00 Imported blocks                            blockNumber=8052737 slot=1 blocks=8052736 txs=485686318 mgas=26916744 bps=117.1 tps=17510 mgps=822.5 avgBps=270.7 avgTps=16326 avgMGps=904.8 elapsed=8h15m48s
Jul 25 16:19:17 nimbus-eth1-mainnet-long-benchmark[3573364]: INF 2026-07-25 16:19:17.105+00:00 Imported blocks                            blockNumber=8060929 slot=1 blocks=8060928 txs=486569669 mgas=26965779 bps=129.1 tps=13919 mgps=772.7 avgBps=270.4 avgTps=16321 avgMGps=904.5 elapsed=8h16m52s
Jul 25 16:20:26 nimbus-eth1-mainnet-long-benchmark[3573364]: INF 2026-07-25 16:20:26.728+00:00 Imported blocks                            blockNumber=8069121 slot=1 blocks=8069120 txs=487663225 mgas=27020717 bps=117.7 tps=15707 mgps=789.1 avgBps=270.0 avgTps=16319 avgMGps=904.3 elapsed=8h18m1s
Jul 25 16:21:42 nimbus-eth1-mainnet-long-benchmark[3573364]: INF 2026-07-25 16:21:42.243+00:00 Imported blocks                            blockNumber=8077313 slot=1 blocks=8077312 txs=488834845 mgas=27079702 bps=108.5 tps=15514 mgps=781.1 avgBps=269.6 avgTps=16317 avgMGps=903.9 elapsed=8h19m17s
Jul 25 16:22:54 nimbus-eth1-mainnet-long-benchmark[3573364]: INF 2026-07-25 16:22:54.570+00:00 Imported blocks                            blockNumber=8085505 slot=1 blocks=8085504 txs=489805789 mgas=27137307 bps=113.3 tps=13424 mgps=796.4 avgBps=269.3 avgTps=16310 avgMGps=903.7 elapsed=8h20m29s
Jul 25 16:24:02 nimbus-eth1-mainnet-long-benchmark[3573364]: INF 2026-07-25 16:24:02.757+00:00 Imported blocks                            blockNumber=8093697 slot=1 blocks=8093696 txs=490824075 mgas=27190483 bps=120.1 tps=14933 mgps=779.9 avgBps=268.9 avgTps=16307 avgMGps=903.4 elapsed=8h21m37s
Jul 25 16:25:09 nimbus-eth1-mainnet-long-benchmark[3573364]: INF 2026-07-25 16:25:09.240+00:00 Imported blocks                            blockNumber=8101889 slot=1 blocks=8101888 txs=491732042 mgas=27242765 bps=123.2 tps=13657 mgps=786.4 avgBps=268.6 avgTps=16301 avgMGps=903.1 elapsed=8h22m44s
Jul 25 16:26:14 nimbus-eth1-mainnet-long-benchmark[3573364]: INF 2026-07-25 16:26:14.395+00:00 Imported blocks                            blockNumber=8110081 slot=1 blocks=8110080 txs=492604535 mgas=27293720 bps=125.7 tps=13391 mgps=782.1 avgBps=268.3 avgTps=16295 avgMGps=902.9 elapsed=8h23m49s
Jul 25 16:27:27 nimbus-eth1-mainnet-long-benchmark[3573364]: INF 2026-07-25 16:27:27.025+00:00 Imported blocks                            blockNumber=8118273 slot=1 blocks=8118272 txs=493621415 mgas=27349160 bps=112.8 tps=14000 mgps=763.3 avgBps=267.9 avgTps=16290 avgMGps=902.6 elapsed=8h25m2s
Jul 25 16:28:37 nimbus-eth1-mainnet-long-benchmark[3573364]: INF 2026-07-25 16:28:37.272+00:00 Imported blocks                            blockNumber=8126465 slot=1 blocks=8126464 txs=494514958 mgas=27402201 bps=116.6 tps=12719 mgps=755.0 avgBps=267.6 avgTps=16281 avgMGps=902.2 elapsed=8h26m12s
Jul 25 16:29:51 nimbus-eth1-mainnet-long-benchmark[3573364]: INF 2026-07-25 16:29:51.895+00:00 Imported blocks                            blockNumber=8134657 slot=1 blocks=8134656 txs=495714779 mgas=27460556 bps=109.8 tps=16078 mgps=782.0 avgBps=267.2 avgTps=16281 avgMGps=901.9 elapsed=8h27m26s
Jul 25 16:30:59 nimbus-eth1-mainnet-long-benchmark[3573364]: INF 2026-07-25 16:30:59.326+00:00 Imported blocks                            blockNumber=8142849 slot=1 blocks=8142848 txs=496587682 mgas=27511060 bps=121.5 tps=12945 mgps=749.0 avgBps=266.9 avgTps=16273 avgMGps=901.6 elapsed=8h28m34s
Jul 25 16:32:06 nimbus-eth1-mainnet-long-benchmark[3573364]: INF 2026-07-25 16:32:06.645+00:00 Imported blocks                            blockNumber=8151041 slot=1 blocks=8151040 txs=497341045 mgas=27559970 bps=121.7 tps=11190 mgps=726.5 avgBps=266.5 avgTps=16262 avgMGps=901.2 elapsed=8h29m41s
Jul 25 16:33:19 nimbus-eth1-mainnet-long-benchmark[3573364]: INF 2026-07-25 16:33:19.068+00:00 Imported blocks                            blockNumber=8159233 slot=1 blocks=8159232 txs=498229886 mgas=27615171 bps=113.1 tps=12272 mgps=762.2 avgBps=266.2 avgTps=16253 avgMGps=900.9 elapsed=8h30m54s
Jul 25 16:34:28 nimbus-eth1-mainnet-long-benchmark[3573364]: INF 2026-07-25 16:34:28.635+00:00 Imported blocks                            blockNumber=8167425 slot=1 blocks=8167424 txs=499588755 mgas=27676825 bps=117.8 tps=19533 mgps=886.3 avgBps=265.8 avgTps=16260 avgMGps=900.8 elapsed=8h32m3s
Jul 25 16:35:42 nimbus-eth1-mainnet-long-benchmark[3573364]: INF 2026-07-25 16:35:42.202+00:00 Imported blocks                            blockNumber=8175617 slot=1 blocks=8175616 txs=500508099 mgas=27734472 bps=111.3 tps=12496 mgps=783.6 avgBps=265.5 avgTps=16251 avgMGps=900.6 elapsed=8h33m17s
Jul 25 16:36:49 nimbus-eth1-mainnet-long-benchmark[3573364]: INF 2026-07-25 16:36:49.060+00:00 Imported blocks                            blockNumber=8183809 slot=1 blocks=8183808 txs=501456408 mgas=27787345 bps=122.5 tps=14183 mgps=790.8 avgBps=265.2 avgTps=16247 avgMGps=900.3 elapsed=8h34m24s
Jul 25 16:37:50 nimbus-eth1-mainnet-long-benchmark[3573364]: INF 2026-07-25 16:37:50.827+00:00 Imported blocks                            blockNumber=8192001 slot=1 blocks=8192000 txs=502194732 mgas=27834091 bps=132.6 tps=11953 mgps=756.8 avgBps=264.9 avgTps=16238 avgMGps=900.0 elapsed=8h35m25s
Jul 25 16:38:50 nimbus-eth1-mainnet-long-benchmark[3573364]: INF 2026-07-25 16:38:50.687+00:00 Imported blocks                            blockNumber=8200193 slot=1 blocks=8200192 txs=502933154 mgas=27879561 bps=136.9 tps=12336 mgps=759.7 avgBps=264.6 avgTps=16231 avgMGps=899.8 elapsed=8h36m25s
Jul 25 16:39:55 nimbus-eth1-mainnet-long-benchmark[3573364]: INF 2026-07-25 16:39:55.270+00:00 Imported blocks                            blockNumber=8208385 slot=1 blocks=8208384 txs=503746151 mgas=27929945 bps=126.8 tps=12587 mgps=780.1 avgBps=264.4 avgTps=16223 avgMGps=899.5 elapsed=8h37m30s
Jul 25 16:40:58 nimbus-eth1-mainnet-long-benchmark[3573364]: INF 2026-07-25 16:40:58.193+00:00 Imported blocks                            blockNumber=8216577 slot=1 blocks=8216576 txs=504752791 mgas=27982317 bps=130.2 tps=15997 mgps=832.3 avgBps=264.1 avgTps=16223 avgMGps=899.4 elapsed=8h38m33s
Jul 25 16:42:09 nimbus-eth1-mainnet-long-benchmark[3573364]: INF 2026-07-25 16:42:09.667+00:00 Imported blocks                            blockNumber=8224769 slot=1 blocks=8224768 txs=505916029 mgas=28041912 bps=114.6 tps=16274 mgps=833.8 avgBps=263.7 avgTps=16223 avgMGps=899.2 elapsed=8h39m44s
Jul 25 16:43:15 nimbus-eth1-mainnet-long-benchmark[3573364]: INF 2026-07-25 16:43:15.738+00:00 Imported blocks                            blockNumber=8232961 slot=1 blocks=8232960 txs=506714790 mgas=28094932 bps=124.0 tps=12089 mgps=802.5 avgBps=263.4 avgTps=16214 avgMGps=899.0 elapsed=8h40m50s
Jul 25 16:44:17 nimbus-eth1-mainnet-long-benchmark[3573364]: INF 2026-07-25 16:44:17.893+00:00 Imported blocks                            blockNumber=8241153 slot=1 blocks=8241152 txs=507412619 mgas=28146893 bps=131.8 tps=11227 mgps=836.0 avgBps=263.2 avgTps=16204 avgMGps=898.9 elapsed=8h41m52s
Jul 25 16:45:24 nimbus-eth1-mainnet-long-benchmark[3573364]: INF 2026-07-25 16:45:24.312+00:00 Imported blocks                            blockNumber=8249345 slot=1 blocks=8249344 txs=508253728 mgas=28198893 bps=123.3 tps=12663 mgps=782.9 avgBps=262.9 avgTps=16197 avgMGps=898.6 elapsed=8h42m59s
Jul 25 16:46:35 nimbus-eth1-mainnet-long-benchmark[3573364]: INF 2026-07-25 16:46:35.079+00:00 Imported blocks                            blockNumber=8257537 slot=1 blocks=8257536 txs=509183921 mgas=28253353 bps=115.8 tps=13143 mgps=769.5 avgBps=262.6 avgTps=16190 avgMGps=898.4 elapsed=8h44m10s
Jul 25 16:47:46 nimbus-eth1-mainnet-long-benchmark[3573364]: INF 2026-07-25 16:47:46.946+00:00 Imported blocks                            blockNumber=8265729 slot=1 blocks=8265728 txs=510159129 mgas=28311576 bps=114.0 tps=13570 mgps=810.2 avgBps=262.2 avgTps=16184 avgMGps=898.2 elapsed=8h45m21s
Jul 25 16:48:56 nimbus-eth1-mainnet-long-benchmark[3573364]: INF 2026-07-25 16:48:56.141+00:00 Imported blocks                            blockNumber=8273921 slot=1 blocks=8273920 txs=511180033 mgas=28367882 bps=118.4 tps=14754 mgps=813.7 avgBps=261.9 avgTps=16181 avgMGps=898.0 elapsed=8h46m31s
Jul 25 16:49:59 nimbus-eth1-mainnet-long-benchmark[3573364]: INF 2026-07-25 16:49:59.344+00:00 Imported blocks                            blockNumber=8282113 slot=1 blocks=8282112 txs=512118559 mgas=28420963 bps=129.6 tps=14848 mgps=839.8 avgBps=261.6 avgTps=16178 avgMGps=897.9 elapsed=8h47m34s
Jul 25 16:51:07 nimbus-eth1-mainnet-long-benchmark[3573364]: INF 2026-07-25 16:51:07.251+00:00 Imported blocks                            blockNumber=8290305 slot=1 blocks=8290304 txs=512939129 mgas=28472944 bps=120.6 tps=12083 mgps=765.5 avgBps=261.3 avgTps=16169 avgMGps=897.6 elapsed=8h48m42s
Jul 25 16:52:18 nimbus-eth1-mainnet-long-benchmark[3573364]: INF 2026-07-25 16:52:18.422+00:00 Imported blocks                            blockNumber=8298497 slot=1 blocks=8298496 txs=513879710 mgas=28531568 bps=115.1 tps=13216 mgps=823.7 avgBps=261.0 avgTps=16163 avgMGps=897.4 elapsed=8h49m53s
Jul 25 16:53:28 nimbus-eth1-mainnet-long-benchmark[3573364]: INF 2026-07-25 16:53:28.193+00:00 Imported blocks                            blockNumber=8306689 slot=1 blocks=8306688 txs=514757556 mgas=28589252 bps=117.4 tps=12582 mgps=826.8 avgBps=260.7 avgTps=16155 avgMGps=897.2 elapsed=8h51m3s
Jul 25 16:54:39 nimbus-eth1-mainnet-long-benchmark[3573364]: INF 2026-07-25 16:54:39.727+00:00 Imported blocks                            blockNumber=8314881 slot=1 blocks=8314880 txs=515671833 mgas=28646490 bps=114.5 tps=12780 mgps=800.1 avgBps=260.4 avgTps=16147 avgMGps=897.0 elapsed=8h52m14s
Jul 25 16:55:46 nimbus-eth1-mainnet-long-benchmark[3573364]: INF 2026-07-25 16:55:46.786+00:00 Imported blocks                            blockNumber=8323073 slot=1 blocks=8323072 txs=516552511 mgas=28698057 bps=122.2 tps=13133 mgps=769.0 avgBps=260.1 avgTps=16141 avgMGps=896.8 elapsed=8h53m21s
Jul 25 16:57:03 nimbus-eth1-mainnet-long-benchmark[3573364]: INF 2026-07-25 16:57:03.405+00:00 Imported blocks                            blockNumber=8331265 slot=1 blocks=8331264 txs=517315644 mgas=28749547 bps=106.9 tps=9959 mgps=672.0 avgBps=259.7 avgTps=16126 avgMGps=896.2 elapsed=8h54m38s
Jul 25 16:58:09 nimbus-eth1-mainnet-long-benchmark[3573364]: INF 2026-07-25 16:58:09.024+00:00 Imported blocks                            blockNumber=8339457 slot=1 blocks=8339456 txs=518151142 mgas=28801662 bps=124.8 tps=12732 mgps=794.2 avgBps=259.4 avgTps=16119 avgMGps=896.0 elapsed=8h55m44s
Jul 25 16:59:17 nimbus-eth1-mainnet-long-benchmark[3573364]: INF 2026-07-25 16:59:17.495+00:00 Imported blocks                            blockNumber=8347649 slot=1 blocks=8347648 txs=519092137 mgas=28855516 bps=119.6 tps=13742 mgps=786.5 avgBps=259.1 avgTps=16114 avgMGps=895.8 elapsed=8h56m52s
Jul 25 17:00:29 nimbus-eth1-mainnet-long-benchmark[3573364]: INF 2026-07-25 17:00:29.018+00:00 Imported blocks                            blockNumber=8355841 slot=1 blocks=8355840 txs=520027257 mgas=28915308 bps=114.5 tps=13075 mgps=836.0 avgBps=258.8 avgTps=16107 avgMGps=895.7 elapsed=8h58m4s
Jul 25 17:01:37 nimbus-eth1-mainnet-long-benchmark[3573364]: INF 2026-07-25 17:01:37.073+00:00 Imported blocks                            blockNumber=8364033 slot=1 blocks=8364032 txs=520876607 mgas=28969933 bps=120.4 tps=12480 mgps=802.6 avgBps=258.5 avgTps=16100 avgMGps=895.5 elapsed=8h59m12s
Jul 25 17:02:41 nimbus-eth1-mainnet-long-benchmark[3573364]: INF 2026-07-25 17:02:41.664+00:00 Imported blocks                            blockNumber=8372225 slot=1 blocks=8372224 txs=521703156 mgas=29020487 bps=126.8 tps=12796 mgps=782.7 avgBps=258.3 avgTps=16093 avgMGps=895.2 elapsed=9h16s672ms
Jul 25 17:03:48 nimbus-eth1-mainnet-long-benchmark[3573364]: INF 2026-07-25 17:03:48.443+00:00 Imported blocks                            blockNumber=8380417 slot=1 blocks=8380416 txs=522596515 mgas=29074012 bps=122.7 tps=13377 mgps=801.5 avgBps=258.0 avgTps=16088 avgMGps=895.0 elapsed=9h1m23s
Jul 25 17:05:05 nimbus-eth1-mainnet-long-benchmark[3573364]: INF 2026-07-25 17:05:05.745+00:00 Imported blocks                            blockNumber=8388609 slot=1 blocks=8388608 txs=523546552 mgas=29133682 bps=106.0 tps=12289 mgps=771.9 avgBps=257.6 avgTps=16079 avgMGps=894.7 elapsed=9h2m40s
Jul 25 17:06:13 nimbus-eth1-mainnet-long-benchmark[3573364]: INF 2026-07-25 17:06:13.860+00:00 Imported blocks                            blockNumber=8396801 slot=1 blocks=8396800 txs=524398504 mgas=29192750 bps=120.3 tps=12507 mgps=867.2 avgBps=257.3 avgTps=16071 avgMGps=894.7 elapsed=9h3m48s
Jul 25 17:07:27 nimbus-eth1-mainnet-long-benchmark[3573364]: INF 2026-07-25 17:07:27.259+00:00 Imported blocks                            blockNumber=8404993 slot=1 blocks=8404992 txs=525369820 mgas=29251451 bps=111.6 tps=13233 mgps=799.7 avgBps=257.0 avgTps=16065 avgMGps=894.5 elapsed=9h5m2s
Jul 25 17:08:41 nimbus-eth1-mainnet-long-benchmark[3573364]: INF 2026-07-25 17:08:41.674+00:00 Imported blocks                            blockNumber=8413185 slot=1 blocks=8413184 txs=526327108 mgas=29309317 bps=110.1 tps=12864 mgps=777.6 avgBps=256.7 avgTps=16057 avgMGps=894.2 elapsed=9h6m16s
Jul 25 17:09:46 nimbus-eth1-mainnet-long-benchmark[3573364]: INF 2026-07-25 17:09:46.469+00:00 Imported blocks                            blockNumber=8421377 slot=1 blocks=8421376 txs=527166073 mgas=29366866 bps=126.4 tps=12947 mgps=888.1 avgBps=256.4 avgTps=16051 avgMGps=894.2 elapsed=9h7m21s
Jul 25 17:10:48 nimbus-eth1-mainnet-long-benchmark[3573364]: INF 2026-07-25 17:10:48.800+00:00 Imported blocks                            blockNumber=8429569 slot=1 blocks=8429568 txs=528059369 mgas=29427971 bps=131.4 tps=14331 mgps=980.3 avgBps=256.2 avgTps=16048 avgMGps=894.4 elapsed=9h8m23s
Jul 25 17:11:59 nimbus-eth1-mainnet-long-benchmark[3573364]: INF 2026-07-25 17:11:59.935+00:00 Imported blocks                            blockNumber=8437761 slot=1 blocks=8437760 txs=529053207 mgas=29487780 bps=115.2 tps=13971 mgps=840.8 avgBps=255.9 avgTps=16044 avgMGps=894.2 elapsed=9h9m34s
Jul 25 17:13:12 nimbus-eth1-mainnet-long-benchmark[3573364]: INF 2026-07-25 17:13:12.966+00:00 Imported blocks                            blockNumber=8445953 slot=1 blocks=8445952 txs=530018020 mgas=29548570 bps=112.2 tps=13211 mgps=832.4 avgBps=255.6 avgTps=16037 avgMGps=894.1 elapsed=9h10m47s
Jul 25 17:14:20 nimbus-eth1-mainnet-long-benchmark[3573364]: INF 2026-07-25 17:14:20.221+00:00 Imported blocks                            blockNumber=8454145 slot=1 blocks=8454144 txs=530857067 mgas=29608227 bps=121.8 tps=12475 mgps=887.0 avgBps=255.3 avgTps=16030 avgMGps=894.1 elapsed=9h11m55s
Jul 25 17:15:26 nimbus-eth1-mainnet-long-benchmark[3573364]: INF 2026-07-25 17:15:26.340+00:00 Imported blocks                            blockNumber=8462337 slot=1 blocks=8462336 txs=531711104 mgas=29667600 bps=123.9 tps=12916 mgps=897.9 avgBps=255.0 avgTps=16024 avgMGps=894.1 elapsed=9h13m1s
Jul 25 17:16:35 nimbus-eth1-mainnet-long-benchmark[3573364]: INF 2026-07-25 17:16:35.210+00:00 Imported blocks                            blockNumber=8470529 slot=1 blocks=8470528 txs=532681339 mgas=29727791 bps=119.0 tps=14088 mgps=874.0 avgBps=254.8 avgTps=16020 avgMGps=894.1 elapsed=9h14m10s
Jul 25 17:17:43 nimbus-eth1-mainnet-long-benchmark[3573364]: INF 2026-07-25 17:17:43.533+00:00 Imported blocks                            blockNumber=8478721 slot=1 blocks=8478720 txs=533669681 mgas=29789592 bps=119.9 tps=14465 mgps=904.5 avgBps=254.5 avgTps=16017 avgMGps=894.1 elapsed=9h15m18s
Jul 25 17:18:47 nimbus-eth1-mainnet-long-benchmark[3573364]: INF 2026-07-25 17:18:47.544+00:00 Imported blocks                            blockNumber=8486913 slot=1 blocks=8486912 txs=534497845 mgas=29850879 bps=128.0 tps=12937 mgps=957.4 avgBps=254.2 avgTps=16011 avgMGps=894.2 elapsed=9h16m22s
Jul 25 17:19:53 nimbus-eth1-mainnet-long-benchmark[3573364]: INF 2026-07-25 17:19:53.547+00:00 Imported blocks                            blockNumber=8495105 slot=1 blocks=8495104 txs=535500344 mgas=29912902 bps=124.1 tps=15188 mgps=939.7 avgBps=254.0 avgTps=16009 avgMGps=894.3 elapsed=9h17m28s
Jul 25 17:20:57 nimbus-eth1-mainnet-long-benchmark[3573364]: INF 2026-07-25 17:20:57.774+00:00 Imported blocks                            blockNumber=8503297 slot=1 blocks=8503296 txs=536490123 mgas=29974730 bps=127.6 tps=15411 mgps=962.7 avgBps=253.7 avgTps=16008 avgMGps=894.4 elapsed=9h18m32s
Jul 25 17:21:57 nimbus-eth1-mainnet-long-benchmark[3573364]: INF 2026-07-25 17:21:57.009+00:00 Imported blocks                            blockNumber=8511489 slot=1 blocks=8511488 txs=537325435 mgas=30036575 bps=138.3 tps=14101 mgps=1044 avgBps=253.5 avgTps=16005 avgMGps=894.7 elapsed=9h19m32s
Jul 25 17:22:57 nimbus-eth1-mainnet-long-benchmark[3573364]: INF 2026-07-25 17:22:57.032+00:00 Imported blocks                            blockNumber=8519681 slot=1 blocks=8519680 txs=538214904 mgas=30098255 bps=136.5 tps=14818 mgps=1027 avgBps=253.3 avgTps=16003 avgMGps=894.9 elapsed=9h20m32s
Jul 25 17:23:58 nimbus-eth1-mainnet-long-benchmark[3573364]: INF 2026-07-25 17:23:58.507+00:00 Imported blocks                            blockNumber=8527873 slot=1 blocks=8527872 txs=539180251 mgas=30159640 bps=133.3 tps=15703 mgps=998.6 avgBps=253.1 avgTps=16002 avgMGps=895.1 elapsed=9h21m33s
Jul 25 17:25:01 nimbus-eth1-mainnet-long-benchmark[3573364]: INF 2026-07-25 17:25:01.818+00:00 Imported blocks                            blockNumber=8536065 slot=1 blocks=8536064 txs=540111303 mgas=30221233 bps=129.4 tps=14706 mgps=972.9 avgBps=252.9 avgTps=16000 avgMGps=895.3 elapsed=9h22m36s
Jul 25 17:26:00 nimbus-eth1-mainnet-long-benchmark[3573364]: INF 2026-07-25 17:26:00.273+00:00 Imported blocks                            blockNumber=8544257 slot=1 blocks=8544256 txs=540865351 mgas=30282863 bps=140.1 tps=12899 mgps=1054 avgBps=252.7 avgTps=15994 avgMGps=895.5 elapsed=9h23m35s
Jul 25 17:27:01 nimbus-eth1-mainnet-long-benchmark[3573364]: INF 2026-07-25 17:27:01.416+00:00 Imported blocks                            blockNumber=8552449 slot=1 blocks=8552448 txs=541669096 mgas=30344824 bps=134.0 tps=13144 mgps=1013 avgBps=252.5 avgTps=15989 avgMGps=895.8 elapsed=9h24m36s
Jul 25 17:28:06 nimbus-eth1-mainnet-long-benchmark[3573364]: INF 2026-07-25 17:28:06.511+00:00 Imported blocks                            blockNumber=8560641 slot=1 blocks=8560640 txs=542608372 mgas=30408355 bps=125.8 tps=14429 mgps=976.0 avgBps=252.2 avgTps=15986 avgMGps=895.9 elapsed=9h25m41s
Jul 25 17:29:11 nimbus-eth1-mainnet-long-benchmark[3573364]: INF 2026-07-25 17:29:11.018+00:00 Imported blocks                            blockNumber=8568833 slot=1 blocks=8568832 txs=543459789 mgas=30474279 bps=127.0 tps=13200 mgps=1022 avgBps=252.0 avgTps=15981 avgMGps=896.1 elapsed=9h26m46s
Jul 25 17:30:15 nimbus-eth1-mainnet-long-benchmark[3573364]: INF 2026-07-25 17:30:15.129+00:00 Imported blocks                            blockNumber=8577025 slot=1 blocks=8577024 txs=544300838 mgas=30539902 bps=127.8 tps=13117 mgps=1023 avgBps=251.7 avgTps=15975 avgMGps=896.4 elapsed=9h27m50s
Jul 25 17:31:25 nimbus-eth1-mainnet-long-benchmark[3573364]: INF 2026-07-25 17:31:25.640+00:00 Imported blocks                            blockNumber=8585217 slot=1 blocks=8585216 txs=545292990 mgas=30613125 bps=116.2 tps=14070 mgps=1038 avgBps=251.5 avgTps=15971 avgMGps=896.7 elapsed=9h29m651ms
Jul 25 17:32:33 nimbus-eth1-mainnet-long-benchmark[3573364]: INF 2026-07-25 17:32:33.231+00:00 Imported blocks                            blockNumber=8593409 slot=1 blocks=8593408 txs=546110449 mgas=30691004 bps=121.2 tps=12094 mgps=1152 avgBps=251.2 avgTps=15964 avgMGps=897.2 elapsed=9h30m8s
Jul 25 17:33:41 nimbus-eth1-mainnet-long-benchmark[3573364]: INF 2026-07-25 17:33:41.150+00:00 Imported blocks                            blockNumber=8601601 slot=1 blocks=8601600 txs=546809468 mgas=30767632 bps=120.6 tps=10292 mgps=1128 avgBps=250.9 avgTps=15953 avgMGps=897.6 elapsed=9h31m16s
Jul 25 17:34:48 nimbus-eth1-mainnet-long-benchmark[3573364]: INF 2026-07-25 17:34:48.405+00:00 Imported blocks                            blockNumber=8609793 slot=1 blocks=8609792 txs=547621401 mgas=30845690 bps=121.8 tps=12072 mgps=1160 avgBps=250.7 avgTps=15945 avgMGps=898.2 elapsed=9h32m23s
Jul 25 17:36:05 nimbus-eth1-mainnet-long-benchmark[3573364]: INF 2026-07-25 17:36:05.680+00:00 Imported blocks                            blockNumber=8617985 slot=1 blocks=8617984 txs=548570794 mgas=30923161 bps=106.0 tps=12285 mgps=1002 avgBps=250.4 avgTps=15937 avgMGps=898.4 elapsed=9h33m40s
Jul 25 17:37:18 nimbus-eth1-mainnet-long-benchmark[3573364]: INF 2026-07-25 17:37:18.527+00:00 Imported blocks                            blockNumber=8626177 slot=1 blocks=8626176 txs=549440258 mgas=30998955 bps=112.5 tps=11936 mgps=1040 avgBps=250.1 avgTps=15928 avgMGps=898.7 elapsed=9h34m53s
Jul 25 17:38:26 nimbus-eth1-mainnet-long-benchmark[3573364]: INF 2026-07-25 17:38:26.037+00:00 Imported blocks                            blockNumber=8634369 slot=1 blocks=8634368 txs=550180147 mgas=31073142 bps=121.3 tps=10959 mgps=1098 avgBps=249.8 avgTps=15919 avgMGps=899.1 elapsed=9h36m1s
Jul 25 17:39:38 nimbus-eth1-mainnet-long-benchmark[3573364]: INF 2026-07-25 17:39:38.016+00:00 Imported blocks                            blockNumber=8642561 slot=1 blocks=8642560 txs=550999073 mgas=31150828 bps=113.8 tps=11377 mgps=1079 avgBps=249.5 avgTps=15909 avgMGps=899.5 elapsed=9h37m13s
Jul 25 17:40:52 nimbus-eth1-mainnet-long-benchmark[3573364]: INF 2026-07-25 17:40:52.559+00:00 Imported blocks                            blockNumber=8650753 slot=1 blocks=8650752 txs=551824997 mgas=31228854 bps=109.9 tps=11079 mgps=1046 avgBps=249.2 avgTps=15899 avgMGps=899.8 elapsed=9h38m27s
Jul 25 17:42:14 nimbus-eth1-mainnet-long-benchmark[3573364]: INF 2026-07-25 17:42:14.762+00:00 Imported blocks                            blockNumber=8658945 slot=1 blocks=8658944 txs=552637144 mgas=31299247 bps=99.66 tps=9880 mgps=856.4 avgBps=248.9 avgTps=15885 avgMGps=899.7 elapsed=9h39m49s
Jul 25 17:43:28 nimbus-eth1-mainnet-long-benchmark[3573364]: INF 2026-07-25 17:43:28.453+00:00 Imported blocks                            blockNumber=8667137 slot=1 blocks=8667136 txs=553422817 mgas=31360818 bps=111.2 tps=10661 mgps=835.5 avgBps=248.6 avgTps=15874 avgMGps=899.5 elapsed=9h41m3s
Jul 25 17:44:38 nimbus-eth1-mainnet-long-benchmark[3573364]: INF 2026-07-25 17:44:38.815+00:00 Imported blocks                            blockNumber=8675329 slot=1 blocks=8675328 txs=554239359 mgas=31426600 bps=116.4 tps=11604 mgps=934.9 avgBps=248.3 avgTps=15865 avgMGps=899.6 elapsed=9h42m13s
Jul 25 17:45:47 nimbus-eth1-mainnet-long-benchmark[3573364]: INF 2026-07-25 17:45:47.050+00:00 Imported blocks                            blockNumber=8683521 slot=1 blocks=8683520 txs=554997332 mgas=31480604 bps=120.1 tps=11108 mgps=791.4 avgBps=248.1 avgTps=15856 avgMGps=899.4 elapsed=9h43m22s
Jul 25 17:46:50 nimbus-eth1-mainnet-long-benchmark[3573364]: INF 2026-07-25 17:46:50.825+00:00 Imported blocks                            blockNumber=8691713 slot=1 blocks=8691712 txs=555680661 mgas=31532851 bps=128.5 tps=10715 mgps=819.3 avgBps=247.9 avgTps=15846 avgMGps=899.2 elapsed=9h44m25s
Jul 25 17:47:59 nimbus-eth1-mainnet-long-benchmark[3573364]: INF 2026-07-25 17:47:59.744+00:00 Imported blocks                            blockNumber=8699905 slot=1 blocks=8699904 txs=556529783 mgas=31588510 bps=118.9 tps=12319 mgps=807.6 avgBps=247.6 avgTps=15839 avgMGps=899.1 elapsed=9h45m34s
Jul 25 17:49:13 nimbus-eth1-mainnet-long-benchmark[3573364]: INF 2026-07-25 17:49:13.455+00:00 Imported blocks                            blockNumber=8708097 slot=1 blocks=8708096 txs=557505249 mgas=31647773 bps=111.1 tps=13233 mgps=804.0 avgBps=247.3 avgTps=15834 avgMGps=898.9 elapsed=9h46m48s
Jul 25 17:50:27 nimbus-eth1-mainnet-long-benchmark[3573364]: INF 2026-07-25 17:50:27.970+00:00 Imported blocks                            blockNumber=8716289 slot=1 blocks=8716288 txs=558418250 mgas=31706815 bps=109.9 tps=12252 mgps=792.4 avgBps=247.0 avgTps=15826 avgMGps=898.6 elapsed=9h48m2s
Jul 25 17:51:36 nimbus-eth1-mainnet-long-benchmark[3573364]: INF 2026-07-25 17:51:36.637+00:00 Imported blocks                            blockNumber=8724481 slot=1 blocks=8724480 txs=559287228 mgas=31761096 bps=119.3 tps=12655 mgps=790.5 avgBps=246.8 avgTps=15820 avgMGps=898.4 elapsed=9h49m11s
Jul 25 17:52:39 nimbus-eth1-mainnet-long-benchmark[3573364]: INF 2026-07-25 17:52:39.044+00:00 Imported blocks                            blockNumber=8732673 slot=1 blocks=8732672 txs=560092619 mgas=31810591 bps=131.3 tps=12905 mgps=793.1 avgBps=246.6 avgTps=15815 avgMGps=898.2 elapsed=9h50m14s
Jul 25 17:53:44 nimbus-eth1-mainnet-long-benchmark[3573364]: INF 2026-07-25 17:53:44.991+00:00 Imported blocks                            blockNumber=8740865 slot=1 blocks=8740864 txs=560905599 mgas=31863152 bps=124.2 tps=12328 mgps=797.1 avgBps=246.4 avgTps=15809 avgMGps=898.1 elapsed=9h51m19s
Jul 25 17:54:52 nimbus-eth1-mainnet-long-benchmark[3573364]: INF 2026-07-25 17:54:52.342+00:00 Imported blocks                            blockNumber=8749057 slot=1 blocks=8749056 txs=561727965 mgas=31915818 bps=121.6 tps=12209 mgps=781.9 avgBps=246.1 avgTps=15802 avgMGps=897.8 elapsed=9h52m27s
Jul 25 17:56:03 nimbus-eth1-mainnet-long-benchmark[3573364]: INF 2026-07-25 17:56:03.268+00:00 Imported blocks                            blockNumber=8757249 slot=1 blocks=8757248 txs=562647529 mgas=31971917 bps=115.5 tps=12964 mgps=790.9 avgBps=245.9 avgTps=15796 avgMGps=897.6 elapsed=9h53m38s
Jul 25 17:57:15 nimbus-eth1-mainnet-long-benchmark[3573364]: INF 2026-07-25 17:57:15.463+00:00 Imported blocks                            blockNumber=8765441 slot=1 blocks=8765440 txs=563615545 mgas=32029794 bps=113.5 tps=13408 mgps=801.7 avgBps=245.6 avgTps=15791 avgMGps=897.4 elapsed=9h54m50s
Jul 25 17:58:19 nimbus-eth1-mainnet-long-benchmark[3573364]: INF 2026-07-25 17:58:19.934+00:00 Imported blocks                            blockNumber=8773633 slot=1 blocks=8773632 txs=564475698 mgas=32081275 bps=127.1 tps=13342 mgps=798.6 avgBps=245.4 avgTps=15787 avgMGps=897.3 elapsed=9h55m54s
Jul 25 17:59:18 nimbus-eth1-mainnet-long-benchmark[3573364]: INF 2026-07-25 17:59:18.813+00:00 Imported blocks                            blockNumber=8781825 slot=1 blocks=8781824 txs=565266566 mgas=32128533 bps=139.1 tps=13431 mgps=802.6 avgBps=245.2 avgTps=15783 avgMGps=897.1 elapsed=9h56m53s
Jul 25 18:00:25 nimbus-eth1-mainnet-long-benchmark[3573364]: INF 2026-07-25 18:00:25.704+00:00 Imported blocks                            blockNumber=8790017 slot=1 blocks=8790016 txs=566209398 mgas=32182071 bps=122.5 tps=14095 mgps=800.4 avgBps=245.0 avgTps=15780 avgMGps=896.9 elapsed=9h58m713ms
Jul 25 18:01:41 nimbus-eth1-mainnet-long-benchmark[3573364]: INF 2026-07-25 18:01:41.055+00:00 Imported blocks                            blockNumber=8798209 slot=1 blocks=8798208 txs=567150092 mgas=32243757 bps=108.7 tps=12483 mgps=818.6 avgBps=244.7 avgTps=15773 avgMGps=896.8 elapsed=9h59m16s
Jul 25 18:02:50 nimbus-eth1-mainnet-long-benchmark[3573364]: INF 2026-07-25 18:02:50.586+00:00 Imported blocks                            blockNumber=8806401 slot=1 blocks=8806400 txs=568036019 mgas=32305416 bps=117.8 tps=12741 mgps=886.8 avgBps=244.4 avgTps=15767 avgMGps=896.7 elapsed=10h25s595ms
Jul 25 18:04:06 nimbus-eth1-mainnet-long-benchmark[3573364]: INF 2026-07-25 18:04:06.509+00:00 Imported blocks                            blockNumber=8814593 slot=1 blocks=8814592 txs=569074048 mgas=32366785 bps=107.9 tps=13671 mgps=808.3 avgBps=244.2 avgTps=15763 avgMGps=896.5 elapsed=10h1m41s
Jul 25 18:05:13 nimbus-eth1-mainnet-long-benchmark[3573364]: INF 2026-07-25 18:05:13.380+00:00 Imported blocks                            blockNumber=8822785 slot=1 blocks=8822784 txs=569953841 mgas=32418931 bps=122.5 tps=13156 mgps=779.8 avgBps=243.9 avgTps=15758 avgMGps=896.3 elapsed=10h2m48s
Jul 25 18:06:22 nimbus-eth1-mainnet-long-benchmark[3573364]: INF 2026-07-25 18:06:22.323+00:00 Imported blocks                            blockNumber=8830977 slot=1 blocks=8830976 txs=570832350 mgas=32474628 bps=118.8 tps=12742 mgps=807.9 avgBps=243.7 avgTps=15752 avgMGps=896.2 elapsed=10h3m57s
Jul 25 18:07:46 nimbus-eth1-mainnet-long-benchmark[3573364]: INF 2026-07-25 18:07:46.877+00:00 Imported blocks                            blockNumber=8839169 slot=1 blocks=8839168 txs=571797086 mgas=32537170 bps=96.88 tps=11409 mgps=739.6 avgBps=243.4 avgTps=15742 avgMGps=895.8 elapsed=10h5m21s
Jul 25 18:09:08 nimbus-eth1-mainnet-long-benchmark[3573364]: INF 2026-07-25 18:09:08.688+00:00 Imported blocks                            blockNumber=8847361 slot=1 blocks=8847360 txs=572794000 mgas=32598761 bps=100.1 tps=12185 mgps=752.8 avgBps=243.0 avgTps=15734 avgMGps=895.5 elapsed=10h6m43s
Jul 25 18:10:13 nimbus-eth1-mainnet-long-benchmark[3573364]: INF 2026-07-25 18:10:13.335+00:00 Imported blocks                            blockNumber=8855553 slot=1 blocks=8855552 txs=573679028 mgas=32653888 bps=126.7 tps=13690 mgps=852.8 avgBps=242.8 avgTps=15730 avgMGps=895.4 elapsed=10h7m48s
Jul 25 18:11:22 nimbus-eth1-mainnet-long-benchmark[3573364]: INF 2026-07-25 18:11:22.258+00:00 Imported blocks                            blockNumber=8863745 slot=1 blocks=8863744 txs=574470551 mgas=32709193 bps=118.9 tps=11484 mgps=802.4 avgBps=242.6 avgTps=15722 avgMGps=895.2 elapsed=10h8m57s
Jul 25 18:12:48 nimbus-eth1-mainnet-long-benchmark[3573364]: INF 2026-07-25 18:12:48.724+00:00 Imported blocks                            blockNumber=8871937 slot=1 blocks=8871936 txs=575320438 mgas=32772979 bps=94.74 tps=9828 mgps=737.7 avgBps=242.2 avgTps=15708 avgMGps=894.9 elapsed=10h10m23s
Jul 25 18:14:04 nimbus-eth1-mainnet-long-benchmark[3573364]: INF 2026-07-25 18:14:04.675+00:00 Imported blocks                            blockNumber=8880129 slot=1 blocks=8880128 txs=576222811 mgas=32833992 bps=107.9 tps=11880 mgps=803.3 avgBps=242.0 avgTps=15701 avgMGps=894.7 elapsed=10h11m39s
Jul 25 18:15:18 nimbus-eth1-mainnet-long-benchmark[3573364]: INF 2026-07-25 18:15:18.166+00:00 Imported blocks                            blockNumber=8888321 slot=1 blocks=8888320 txs=577164198 mgas=32893419 bps=111.5 tps=12810 mgps=808.7 avgBps=241.7 avgTps=15695 avgMGps=894.5 elapsed=10h12m53s
Jul 25 18:16:45 nimbus-eth1-mainnet-long-benchmark[3573364]: INF 2026-07-25 18:16:45.217+00:00 Imported blocks                            blockNumber=8896513 slot=1 blocks=8896512 txs=578297312 mgas=32957285 bps=94.10 tps=13016 mgps=733.7 avgBps=241.4 avgTps=15688 avgMGps=894.1 elapsed=10h14m20s
Jul 25 18:18:15 nimbus-eth1-mainnet-long-benchmark[3573364]: INF 2026-07-25 18:18:15.383+00:00 Imported blocks                            blockNumber=8904705 slot=1 blocks=8904704 txs=579099874 mgas=33021012 bps=90.85 tps=8900 mgps=706.8 avgBps=241.0 avgTps=15672 avgMGps=893.7 elapsed=10h15m50s
Jul 25 18:19:41 nimbus-eth1-mainnet-long-benchmark[3573364]: INF 2026-07-25 18:19:41.262+00:00 Imported blocks                            blockNumber=8912897 slot=1 blocks=8912896 txs=579945319 mgas=33082422 bps=95.39 tps=9844 mgps=715.1 avgBps=240.7 avgTps=15658 avgMGps=893.2 elapsed=10h17m16s
Jul 25 18:21:09 nimbus-eth1-mainnet-long-benchmark[3573364]: INF 2026-07-25 18:21:09.776+00:00 Imported blocks                            blockNumber=8921089 slot=1 blocks=8921088 txs=580962928 mgas=33147452 bps=92.55 tps=11496 mgps=734.7 avgBps=240.3 avgTps=15648 avgMGps=892.9 elapsed=10h18m44s
Jul 25 18:22:33 nimbus-eth1-mainnet-long-benchmark[3573364]: INF 2026-07-25 18:22:33.527+00:00 Imported blocks                            blockNumber=8929281 slot=1 blocks=8929280 txs=581870853 mgas=33211016 bps=97.81 tps=10840 mgps=758.9 avgBps=240.0 avgTps=15638 avgMGps=892.6 elapsed=10h20m8s
Jul 25 18:24:02 nimbus-eth1-mainnet-long-benchmark[3573364]: INF 2026-07-25 18:24:02.086+00:00 Imported blocks                            blockNumber=8937473 slot=1 blocks=8937472 txs=582838655 mgas=33277249 bps=92.51 tps=10928 mgps=747.9 avgBps=239.6 avgTps=15626 avgMGps=892.2 elapsed=10h21m37s
Jul 25 18:25:29 nimbus-eth1-mainnet-long-benchmark[3573364]: INF 2026-07-25 18:25:29.768+00:00 Imported blocks                            blockNumber=8945665 slot=1 blocks=8945664 txs=583736137 mgas=33342595 bps=93.42 tps=10235 mgps=745.2 avgBps=239.3 avgTps=15614 avgMGps=891.9 elapsed=10h23m4s
Jul 25 18:26:44 nimbus-eth1-mainnet-long-benchmark[3573364]: INF 2026-07-25 18:26:44.399+00:00 Imported blocks                            blockNumber=8953857 slot=1 blocks=8953856 txs=584486354 mgas=33407599 bps=109.8 tps=10052 mgps=871.0 avgBps=239.0 avgTps=15603 avgMGps=891.8 elapsed=10h24m19s
Jul 25 18:28:12 nimbus-eth1-mainnet-long-benchmark[3573364]: INF 2026-07-25 18:28:12.498+00:00 Imported blocks                            blockNumber=8962049 slot=1 blocks=8962048 txs=585573348 mgas=33475102 bps=92.99 tps=12338 mgps=766.3 avgBps=238.7 avgTps=15595 avgMGps=891.5 elapsed=10h25m47s
Jul 25 18:29:35 nimbus-eth1-mainnet-long-benchmark[3573364]: INF 2026-07-25 18:29:35.792+00:00 Imported blocks                            blockNumber=8970241 slot=1 blocks=8970240 txs=586525061 mgas=33541339 bps=98.35 tps=11425 mgps=795.2 avgBps=238.4 avgTps=15586 avgMGps=891.3 elapsed=10h27m10s
Jul 25 18:30:55 nimbus-eth1-mainnet-long-benchmark[3573364]: INF 2026-07-25 18:30:55.539+00:00 Imported blocks                            blockNumber=8978433 slot=1 blocks=8978432 txs=587506244 mgas=33610607 bps=102.7 tps=12303 mgps=868.6 avgBps=238.1 avgTps=15579 avgMGps=891.3 elapsed=10h28m30s
Jul 25 18:32:28 nimbus-eth1-mainnet-long-benchmark[3573364]: INF 2026-07-25 18:32:28.338+00:00 Imported blocks                            blockNumber=8986625 slot=1 blocks=8986624 txs=588561834 mgas=33678880 bps=88.28 tps=11375 mgps=735.7 avgBps=237.7 avgTps=15569 avgMGps=890.9 elapsed=10h30m3s
Jul 25 18:33:46 nimbus-eth1-mainnet-long-benchmark[3573364]: INF 2026-07-25 18:33:46.388+00:00 Imported blocks                            blockNumber=8994817 slot=1 blocks=8994816 txs=589342551 mgas=33735713 bps=105.0 tps=10002 mgps=728.2 avgBps=237.4 avgTps=15557 avgMGps=890.6 elapsed=10h31m21s
Jul 25 18:35:16 nimbus-eth1-mainnet-long-benchmark[3573364]: INF 2026-07-25 18:35:16.495+00:00 Imported blocks                            blockNumber=9003009 slot=1 blocks=9003008 txs=590379356 mgas=33808718 bps=90.91 tps=11505 mgps=810.2 avgBps=237.1 avgTps=15547 avgMGps=890.4 elapsed=10h32m51s
Jul 25 18:36:41 nimbus-eth1-mainnet-long-benchmark[3573364]: INF 2026-07-25 18:36:41.350+00:00 Imported blocks                            blockNumber=9011201 slot=1 blocks=9011200 txs=591391578 mgas=33880174 bps=96.55 tps=11929 mgps=842.1 avgBps=236.8 avgTps=15539 avgMGps=890.3 elapsed=10h34m16s
Jul 25 18:38:05 nimbus-eth1-mainnet-long-benchmark[3573364]: INF 2026-07-25 18:38:05.476+00:00 Imported blocks                            blockNumber=9019393 slot=1 blocks=9019392 txs=592265820 mgas=33951722 bps=97.37 tps=10391 mgps=850.4 avgBps=236.5 avgTps=15528 avgMGps=890.2 elapsed=10h35m40s
Jul 25 18:39:29 nimbus-eth1-mainnet-long-benchmark[3573364]: INF 2026-07-25 18:39:29.519+00:00 Imported blocks                            blockNumber=9027585 slot=1 blocks=9027584 txs=593237068 mgas=34018514 bps=97.47 tps=11556 mgps=794.7 avgBps=236.2 avgTps=15519 avgMGps=890.0 elapsed=10h37m4s
Jul 25 18:40:50 nimbus-eth1-mainnet-long-benchmark[3573364]: INF 2026-07-25 18:40:50.682+00:00 Imported blocks                            blockNumber=9035777 slot=1 blocks=9035776 txs=594077170 mgas=34083109 bps=100.9 tps=10351 mgps=795.9 avgBps=235.9 avgTps=15508 avgMGps=889.8 elapsed=10h38m25s
Jul 25 18:42:13 nimbus-eth1-mainnet-long-benchmark[3573364]: INF 2026-07-25 18:42:13.096+00:00 Imported blocks                            blockNumber=9043969 slot=1 blocks=9043968 txs=595071340 mgas=34148044 bps=99.40 tps=12062 mgps=787.9 avgBps=235.6 avgTps=15501 avgMGps=889.5 elapsed=10h39m48s
Jul 25 18:43:36 nimbus-eth1-mainnet-long-benchmark[3573364]: INF 2026-07-25 18:43:36.235+00:00 Imported blocks                            blockNumber=9052161 slot=1 blocks=9052160 txs=595960031 mgas=34213427 bps=98.53 tps=10688 mgps=786.4 avgBps=235.3 avgTps=15491 avgMGps=889.3 elapsed=10h41m11s
Jul 25 18:44:50 nimbus-eth1-mainnet-long-benchmark[3573364]: INF 2026-07-25 18:44:50.338+00:00 Imported blocks                            blockNumber=9060353 slot=1 blocks=9060352 txs=596902275 mgas=34270816 bps=110.6 tps=12716 mgps=774.5 avgBps=235.1 avgTps=15485 avgMGps=889.1 elapsed=10h42m25s
Jul 25 18:45:53 nimbus-eth1-mainnet-long-benchmark[3573364]: INF 2026-07-25 18:45:53.169+00:00 Imported blocks                            blockNumber=9068545 slot=1 blocks=9068544 txs=597603928 mgas=34318895 bps=130.4 tps=11166 mgps=765.2 avgBps=234.9 avgTps=15478 avgMGps=888.9 elapsed=10h43m28s
Jul 25 18:47:06 nimbus-eth1-mainnet-long-benchmark[3573364]: INF 2026-07-25 18:47:06.404+00:00 Imported blocks                            blockNumber=9076737 slot=1 blocks=9076736 txs=598358726 mgas=34379920 bps=111.9 tps=10306 mgps=833.3 avgBps=234.7 avgTps=15468 avgMGps=888.8 elapsed=10h44m41s
Jul 25 18:48:25 nimbus-eth1-mainnet-long-benchmark[3573364]: INF 2026-07-25 18:48:25.630+00:00 Imported blocks                            blockNumber=9084929 slot=1 blocks=9084928 txs=599267208 mgas=34445258 bps=103.4 tps=11467 mgps=824.7 avgBps=234.4 avgTps=15460 avgMGps=888.7 elapsed=10h46m638ms
Jul 25 18:49:51 nimbus-eth1-mainnet-long-benchmark[3573364]: INF 2026-07-25 18:49:51.057+00:00 Imported blocks                            blockNumber=9093121 slot=1 blocks=9093120 txs=600165917 mgas=34514085 bps=95.89 tps=10520 mgps=805.7 avgBps=234.1 avgTps=15449 avgMGps=888.5 elapsed=10h47m26s
Jul 25 18:51:11 nimbus-eth1-mainnet-long-benchmark[3573364]: INF 2026-07-25 18:51:11.412+00:00 Imported blocks                            blockNumber=9101313 slot=1 blocks=9101312 txs=601112939 mgas=34583847 bps=101.9 tps=11785 mgps=868.2 avgBps=233.8 avgTps=15442 avgMGps=888.4 elapsed=10h48m46s
Jul 25 18:52:29 nimbus-eth1-mainnet-long-benchmark[3573364]: INF 2026-07-25 18:52:29.686+00:00 Imported blocks                            blockNumber=9109505 slot=1 blocks=9109504 txs=601968624 mgas=34648762 bps=104.7 tps=10931 mgps=829.3 avgBps=233.5 avgTps=15433 avgMGps=888.3 elapsed=10h50m4s
Jul 25 18:53:53 nimbus-eth1-mainnet-long-benchmark[3573364]: INF 2026-07-25 18:53:53.097+00:00 Imported blocks                            blockNumber=9117697 slot=1 blocks=9117696 txs=602905134 mgas=34717356 bps=98.22 tps=11227 mgps=822.4 avgBps=233.3 avgTps=15424 avgMGps=888.2 elapsed=10h51m28s
Jul 25 18:55:24 nimbus-eth1-mainnet-long-benchmark[3573364]: INF 2026-07-25 18:55:24.508+00:00 Imported blocks                            blockNumber=9125889 slot=1 blocks=9125888 txs=604015791 mgas=34791549 bps=89.61 tps=12149 mgps=811.6 avgBps=232.9 avgTps=15416 avgMGps=888.0 elapsed=10h52m59s
Jul 25 18:56:52 nimbus-eth1-mainnet-long-benchmark[3573364]: INF 2026-07-25 18:56:52.354+00:00 Imported blocks                            blockNumber=9134081 slot=1 blocks=9134080 txs=604989811 mgas=34863242 bps=93.25 tps=11087 mgps=816.1 avgBps=232.6 avgTps=15406 avgMGps=887.8 elapsed=10h54m27s
Jul 25 18:58:19 nimbus-eth1-mainnet-long-benchmark[3573364]: INF 2026-07-25 18:58:19.961+00:00 Imported blocks                            blockNumber=9142273 slot=1 blocks=9142272 txs=605961717 mgas=34932520 bps=93.51 tps=11093 mgps=790.8 avgBps=232.3 avgTps=15397 avgMGps=887.6 elapsed=10h55m54s
Jul 25 18:59:46 nimbus-eth1-mainnet-long-benchmark[3573364]: INF 2026-07-25 18:59:46.243+00:00 Imported blocks                            blockNumber=9150465 slot=1 blocks=9150464 txs=606902368 mgas=34999882 bps=94.94 tps=10901 mgps=780.7 avgBps=232.0 avgTps=15387 avgMGps=887.4 elapsed=10h57m21s
Jul 25 19:01:13 nimbus-eth1-mainnet-long-benchmark[3573364]: INF 2026-07-25 19:01:13.946+00:00 Imported blocks                            blockNumber=9158657 slot=1 blocks=9158656 txs=607833687 mgas=35067652 bps=93.41 tps=10619 mgps=772.7 avgBps=231.7 avgTps=15376 avgMGps=887.1 elapsed=10h58m48s
Jul 25 19:02:44 nimbus-eth1-mainnet-long-benchmark[3573364]: INF 2026-07-25 19:02:44.537+00:00 Imported blocks                            blockNumber=9166849 slot=1 blocks=9166848 txs=608837314 mgas=35134954 bps=90.43 tps=11078 mgps=742.9 avgBps=231.4 avgTps=15367 avgMGps=886.8 elapsed=11h19s545ms
Jul 25 19:04:09 nimbus-eth1-mainnet-long-benchmark[3573364]: INF 2026-07-25 19:04:09.487+00:00 Imported blocks                            blockNumber=9175041 slot=1 blocks=9175040 txs=609738538 mgas=35199891 bps=96.43 tps=10608 mgps=764.4 avgBps=231.1 avgTps=15356 avgMGps=886.5 elapsed=11h1m44s
Jul 25 19:05:24 nimbus-eth1-mainnet-long-benchmark[3573364]: INF 2026-07-25 19:05:24.422+00:00 Imported blocks                            blockNumber=9183233 slot=1 blocks=9183232 txs=610506563 mgas=35258438 bps=109.3 tps=10249 mgps=781.3 avgBps=230.9 avgTps=15347 avgMGps=886.3 elapsed=11h2m59s
Jul 25 19:06:50 nimbus-eth1-mainnet-long-benchmark[3573364]: INF 2026-07-25 19:06:50.537+00:00 Imported blocks                            blockNumber=9191425 slot=1 blocks=9191424 txs=611499271 mgas=35322556 bps=95.13 tps=11527 mgps=744.6 avgBps=230.6 avgTps=15339 avgMGps=886.0 elapsed=11h4m25s
Jul 25 19:08:11 nimbus-eth1-mainnet-long-benchmark[3573364]: INF 2026-07-25 19:08:11.911+00:00 Imported blocks                            blockNumber=9199617 slot=1 blocks=9199616 txs=612266808 mgas=35383284 bps=100.7 tps=9432 mgps=746.3 avgBps=230.3 avgTps=15327 avgMGps=885.8 elapsed=11h5m46s
Jul 25 19:09:28 nimbus-eth1-mainnet-long-benchmark[3573364]: INF 2026-07-25 19:09:28.978+00:00 Imported blocks                            blockNumber=9207809 slot=1 blocks=9207808 txs=613008632 mgas=35437186 bps=106.3 tps=9625 mgps=699.4 avgBps=230.1 avgTps=15316 avgMGps=885.4 elapsed=11h7m3s
Jul 25 19:10:35 nimbus-eth1-mainnet-long-benchmark[3573364]: INF 2026-07-25 19:10:35.793+00:00 Imported blocks                            blockNumber=9216001 slot=1 blocks=9216000 txs=613706696 mgas=35486290 bps=122.6 tps=10447 mgps=734.9 avgBps=229.9 avgTps=15307 avgMGps=885.1 elapsed=11h8m10s
Jul 25 19:11:50 nimbus-eth1-mainnet-long-benchmark[3573364]: INF 2026-07-25 19:11:50.484+00:00 Imported blocks                            blockNumber=9224193 slot=1 blocks=9224192 txs=614350688 mgas=35533998 bps=109.7 tps=8621 mgps=638.7 avgBps=229.7 avgTps=15295 avgMGps=884.7 elapsed=11h9m25s
Jul 25 19:13:04 nimbus-eth1-mainnet-long-benchmark[3573364]: INF 2026-07-25 19:13:04.179+00:00 Imported blocks                            blockNumber=9232385 slot=1 blocks=9232384 txs=615177703 mgas=35589843 bps=111.2 tps=11221 mgps=757.8 avgBps=229.4 avgTps=15288 avgMGps=884.5 elapsed=11h10m39s
Jul 25 19:14:18 nimbus-eth1-mainnet-long-benchmark[3573364]: INF 2026-07-25 19:14:18.490+00:00 Imported blocks                            blockNumber=9240577 slot=1 blocks=9240576 txs=616025547 mgas=35649176 bps=110.2 tps=11409 mgps=798.5 avgBps=229.2 avgTps=15280 avgMGps=884.3 elapsed=11h11m53s
Jul 25 19:15:25 nimbus-eth1-mainnet-long-benchmark[3573364]: INF 2026-07-25 19:15:25.064+00:00 Imported blocks                            blockNumber=9248769 slot=1 blocks=9248768 txs=616782809 mgas=35702022 bps=123.0 tps=11374 mgps=793.8 avgBps=229.0 avgTps=15274 avgMGps=884.1 elapsed=11h13m75ms
Jul 25 19:16:32 nimbus-eth1-mainnet-long-benchmark[3573364]: INF 2026-07-25 19:16:32.499+00:00 Imported blocks                            blockNumber=9256961 slot=1 blocks=9256960 txs=617499347 mgas=35756547 bps=121.5 tps=10625 mgps=808.6 avgBps=228.9 avgTps=15266 avgMGps=884.0 elapsed=11h14m7s
Jul 25 19:17:33 nimbus-eth1-mainnet-long-benchmark[3573364]: INF 2026-07-25 19:17:33.342+00:00 Imported blocks                            blockNumber=9265153 slot=1 blocks=9265152 txs=618213473 mgas=35806542 bps=134.6 tps=11737 mgps=821.8 avgBps=228.7 avgTps=15261 avgMGps=883.9 elapsed=11h15m8s
Jul 25 19:18:40 nimbus-eth1-mainnet-long-benchmark[3573364]: INF 2026-07-25 19:18:40.153+00:00 Imported blocks                            blockNumber=9273345 slot=1 blocks=9273344 txs=618930204 mgas=35860793 bps=122.6 tps=10727 mgps=812.0 avgBps=228.5 avgTps=15253 avgMGps=883.8 elapsed=11h16m15s
Jul 25 19:19:52 nimbus-eth1-mainnet-long-benchmark[3573364]: INF 2026-07-25 19:19:52.600+00:00 Imported blocks                            blockNumber=9281537 slot=1 blocks=9281536 txs=619693388 mgas=35916898 bps=113.1 tps=10534 mgps=774.4 avgBps=228.3 avgTps=15245 avgMGps=883.6 elapsed=11h17m27s
Jul 25 19:21:12 nimbus-eth1-mainnet-long-benchmark[3573364]: INF 2026-07-25 19:21:12.603+00:00 Imported blocks                            blockNumber=9289729 slot=1 blocks=9289728 txs=620545391 mgas=35980006 bps=102.4 tps=10649 mgps=788.8 avgBps=228.1 avgTps=15236 avgMGps=883.4 elapsed=11h18m47s
Jul 25 19:22:27 nimbus-eth1-mainnet-long-benchmark[3573364]: INF 2026-07-25 19:22:27.930+00:00 Imported blocks                            blockNumber=9297921 slot=1 blocks=9297920 txs=621449444 mgas=36040665 bps=108.8 tps=12002 mgps=805.3 avgBps=227.9 avgTps=15230 avgMGps=883.3 elapsed=11h20m2s
Jul 25 19:23:42 nimbus-eth1-mainnet-long-benchmark[3573364]: INF 2026-07-25 19:23:42.053+00:00 Imported blocks                            blockNumber=9306113 slot=1 blocks=9306112 txs=622278054 mgas=36096738 bps=110.5 tps=11178 mgps=756.5 avgBps=227.7 avgTps=15223 avgMGps=883.1 elapsed=11h21m17s
Jul 25 19:24:54 nimbus-eth1-mainnet-long-benchmark[3573364]: INF 2026-07-25 19:24:54.583+00:00 Imported blocks                            blockNumber=9314305 slot=1 blocks=9314304 txs=623020495 mgas=36151752 bps=112.9 tps=10236 mgps=758.5 avgBps=227.5 avgTps=15214 avgMGps=882.8 elapsed=11h22m29s
Jul 25 19:26:01 nimbus-eth1-mainnet-long-benchmark[3573364]: INF 2026-07-25 19:26:01.106+00:00 Imported blocks                            blockNumber=9322497 slot=1 blocks=9322496 txs=623751790 mgas=36204540 bps=123.2 tps=10993 mgps=793.6 avgBps=227.3 avgTps=15207 avgMGps=882.7 elapsed=11h23m36s
Jul 25 19:27:06 nimbus-eth1-mainnet-long-benchmark[3573364]: INF 2026-07-25 19:27:06.701+00:00 Imported blocks                            blockNumber=9330689 slot=1 blocks=9330688 txs=624460159 mgas=36256933 bps=124.9 tps=10798 mgps=798.7 avgBps=227.1 avgTps=15200 avgMGps=882.6 elapsed=11h24m41s
Jul 25 19:28:08 nimbus-eth1-mainnet-long-benchmark[3573364]: INF 2026-07-25 19:28:08.976+00:00 Imported blocks                            blockNumber=9338881 slot=1 blocks=9338880 txs=625125084 mgas=36304389 bps=131.5 tps=10677 mgps=762.1 avgBps=227.0 avgTps=15193 avgMGps=882.4 elapsed=11h25m43s
Jul 25 19:29:20 nimbus-eth1-mainnet-long-benchmark[3573364]: INF 2026-07-25 19:29:20.819+00:00 Imported blocks                            blockNumber=9347073 slot=1 blocks=9347072 txs=625752146 mgas=36363435 bps=114.0 tps=8728 mgps=821.9 avgBps=226.8 avgTps=15182 avgMGps=882.3 elapsed=11h26m55s
Jul 25 19:30:24 nimbus-eth1-mainnet-long-benchmark[3573364]: INF 2026-07-25 19:30:24.038+00:00 Imported blocks                            blockNumber=9355265 slot=1 blocks=9355264 txs=626294218 mgas=36414969 bps=129.6 tps=8574 mgps=815.2 avgBps=226.6 avgTps=15172 avgMGps=882.2 elapsed=11h27m59s
Jul 25 19:31:27 nimbus-eth1-mainnet-long-benchmark[3573364]: INF 2026-07-25 19:31:27.717+00:00 Imported blocks                            blockNumber=9363457 slot=1 blocks=9363456 txs=626847986 mgas=36466792 bps=128.6 tps=8695 mgps=813.8 avgBps=226.5 avgTps=15162 avgMGps=882.1 elapsed=11h29m2s
Jul 25 19:32:40 nimbus-eth1-mainnet-long-benchmark[3573364]: INF 2026-07-25 19:32:40.688+00:00 Imported blocks                            blockNumber=9371649 slot=1 blocks=9371648 txs=627512538 mgas=36524290 bps=112.3 tps=9107 mgps=788.0 avgBps=226.3 avgTps=15151 avgMGps=881.9 elapsed=11h30m15s
Jul 25 19:33:53 nimbus-eth1-mainnet-long-benchmark[3573364]: INF 2026-07-25 19:33:53.459+00:00 Imported blocks                            blockNumber=9379841 slot=1 blocks=9379840 txs=628177890 mgas=36583163 bps=112.6 tps=9142 mgps=809.0 avgBps=226.1 avgTps=15141 avgMGps=881.8 elapsed=11h31m28s
Jul 25 19:35:09 nimbus-eth1-mainnet-long-benchmark[3573364]: INF 2026-07-25 19:35:09.082+00:00 Imported blocks                            blockNumber=9388033 slot=1 blocks=9388032 txs=628886413 mgas=36643848 bps=108.3 tps=9369 mgps=802.5 avgBps=225.9 avgTps=15130 avgMGps=881.6 elapsed=11h32m44s
Jul 25 19:36:23 nimbus-eth1-mainnet-long-benchmark[3573364]: INF 2026-07-25 19:36:23.820+00:00 Imported blocks                            blockNumber=9396225 slot=1 blocks=9396224 txs=629628907 mgas=36705201 bps=109.6 tps=9934 mgps=820.9 avgBps=225.7 avgTps=15121 avgMGps=881.5 elapsed=11h33m58s
Jul 25 19:37:31 nimbus-eth1-mainnet-long-benchmark[3573364]: INF 2026-07-25 19:37:31.807+00:00 Imported blocks                            blockNumber=9404417 slot=1 blocks=9404416 txs=630311442 mgas=36757298 bps=120.5 tps=10039 mgps=766.3 avgBps=225.5 avgTps=15112 avgMGps=881.3 elapsed=11h35m6s
Jul 25 19:38:47 nimbus-eth1-mainnet-long-benchmark[3573364]: INF 2026-07-25 19:38:47.822+00:00 Imported blocks                            blockNumber=9412609 slot=1 blocks=9412608 txs=631042162 mgas=36813766 bps=107.8 tps=9612 mgps=742.9 avgBps=225.3 avgTps=15102 avgMGps=881.1 elapsed=11h36m22s
Jul 25 19:40:21 nimbus-eth1-mainnet-long-benchmark[3573364]: INF 2026-07-25 19:40:21.981+00:00 Imported blocks                            blockNumber=9420801 slot=1 blocks=9420800 txs=631702081 mgas=36879474 bps=87.00 tps=7008 mgps=697.8 avgBps=225.0 avgTps=15084 avgMGps=880.7 elapsed=11h37m56s
Jul 25 19:41:59 nimbus-eth1-mainnet-long-benchmark[3573364]: INF 2026-07-25 19:41:59.427+00:00 Imported blocks                            blockNumber=9428993 slot=1 blocks=9428992 txs=632508027 mgas=36947980 bps=84.07 tps=8270 mgps=703.0 avgBps=224.6 avgTps=15068 avgMGps=880.2 elapsed=11h39m34s
Jul 25 19:43:39 nimbus-eth1-mainnet-long-benchmark[3573364]: INF 2026-07-25 19:43:39.109+00:00 Imported blocks                            blockNumber=9437185 slot=1 blocks=9437184 txs=633307288 mgas=37018711 bps=82.18 tps=8018 mgps=709.6 avgBps=224.3 avgTps=15052 avgMGps=879.8 elapsed=11h41m14s
Jul 25 19:45:07 nimbus-eth1-mainnet-long-benchmark[3573364]: INF 2026-07-25 19:45:07.332+00:00 Imported blocks                            blockNumber=9445377 slot=1 blocks=9445376 txs=634090103 mgas=37083438 bps=92.85 tps=8873 mgps=733.7 avgBps=224.0 avgTps=15039 avgMGps=879.5 elapsed=11h42m42s
Jul 25 19:46:25 nimbus-eth1-mainnet-long-benchmark[3573364]: INF 2026-07-25 19:46:25.663+00:00 Imported blocks                            blockNumber=9453569 slot=1 blocks=9453568 txs=634896198 mgas=37141437 bps=104.6 tps=10290 mgps=740.4 avgBps=223.8 avgTps=15030 avgMGps=879.3 elapsed=11h44m675ms
Jul 25 19:47:42 nimbus-eth1-mainnet-long-benchmark[3573364]: INF 2026-07-25 19:47:42.722+00:00 Imported blocks                            blockNumber=9461761 slot=1 blocks=9461760 txs=635769351 mgas=37202111 bps=106.3 tps=11331 mgps=787.4 avgBps=223.6 avgTps=15023 avgMGps=879.1 elapsed=11h45m17s
Jul 25 19:49:15 nimbus-eth1-mainnet-long-benchmark[3573364]: INF 2026-07-25 19:49:15.740+00:00 Imported blocks                            blockNumber=9469953 slot=1 blocks=9469952 txs=636747951 mgas=37270565 bps=88.07 tps=10520 mgps=735.9 avgBps=223.3 avgTps=15013 avgMGps=878.8 elapsed=11h46m50s
Jul 25 19:50:48 nimbus-eth1-mainnet-long-benchmark[3573364]: INF 2026-07-25 19:50:48.247+00:00 Imported blocks                            blockNumber=9478145 slot=1 blocks=9478144 txs=637679989 mgas=37339158 bps=88.56 tps=10075 mgps=741.5 avgBps=223.0 avgTps=15003 avgMGps=878.5 elapsed=11h48m23s
Jul 25 19:52:14 nimbus-eth1-mainnet-long-benchmark[3573364]: INF 2026-07-25 19:52:14.157+00:00 Imported blocks                            blockNumber=9486337 slot=1 blocks=9486336 txs=638649876 mgas=37404571 bps=95.35 tps=11289 mgps=761.4 avgBps=222.7 avgTps=14995 avgMGps=878.3 elapsed=11h49m49s
Jul 25 19:53:35 nimbus-eth1-mainnet-long-benchmark[3573364]: INF 2026-07-25 19:53:35.264+00:00 Imported blocks                            blockNumber=9494529 slot=1 blocks=9494528 txs=639521538 mgas=37465643 bps=101.0 tps=10747 mgps=753.0 avgBps=222.5 avgTps=14987 avgMGps=878.0 elapsed=11h51m10s
Jul 25 19:55:08 nimbus-eth1-mainnet-long-benchmark[3573364]: INF 2026-07-25 19:55:08.594+00:00 Imported blocks                            blockNumber=9502721 slot=1 blocks=9502720 txs=640401953 mgas=37532654 bps=87.77 tps=9433 mgps=718.0 avgBps=222.2 avgTps=14975 avgMGps=877.7 elapsed=11h52m43s
Jul 25 19:56:31 nimbus-eth1-mainnet-long-benchmark[3573364]: INF 2026-07-25 19:56:31.477+00:00 Imported blocks                            blockNumber=9510913 slot=1 blocks=9510912 txs=641279030 mgas=37595291 bps=98.84 tps=10582 mgps=755.7 avgBps=222.0 avgTps=14966 avgMGps=877.4 elapsed=11h54m6s
Jul 25 19:57:57 nimbus-eth1-mainnet-long-benchmark[3573364]: INF 2026-07-25 19:57:57.668+00:00 Imported blocks                            blockNumber=9519105 slot=1 blocks=9519104 txs=642171521 mgas=37661633 bps=95.05 tps=10354 mgps=769.7 avgBps=221.7 avgTps=14957 avgMGps=877.2 elapsed=11h55m32s
Jul 25 19:59:22 nimbus-eth1-mainnet-long-benchmark[3573364]: INF 2026-07-25 19:59:22.534+00:00 Imported blocks                            blockNumber=9527297 slot=1 blocks=9527296 txs=643058046 mgas=37725376 bps=96.53 tps=10446 mgps=751.1 avgBps=221.5 avgTps=14948 avgMGps=877.0 elapsed=11h56m57s
Jul 25 20:00:38 nimbus-eth1-mainnet-long-benchmark[3573364]: INF 2026-07-25 20:00:38.529+00:00 Imported blocks                            blockNumber=9535489 slot=1 blocks=9535488 txs=643821080 mgas=37782293 bps=107.8 tps=10040 mgps=748.9 avgBps=221.3 avgTps=14940 avgMGps=876.8 elapsed=11h58m13s
Jul 25 20:01:51 nimbus-eth1-mainnet-long-benchmark[3573364]: INF 2026-07-25 20:01:51.992+00:00 Imported blocks                            blockNumber=9543681 slot=1 blocks=9543680 txs=644576819 mgas=37834042 bps=111.5 tps=10287 mgps=704.4 avgBps=221.1 avgTps=14932 avgMGps=876.5 elapsed=11h59m27s
Jul 25 20:03:18 nimbus-eth1-mainnet-long-benchmark[3573364]: INF 2026-07-25 20:03:18.939+00:00 Imported blocks                            blockNumber=9551873 slot=1 blocks=9551872 txs=645449994 mgas=37897756 bps=94.22 tps=10042 mgps=732.8 avgBps=220.8 avgTps=14922 avgMGps=876.2 elapsed=12h53s947ms
Jul 25 20:04:53 nimbus-eth1-mainnet-long-benchmark[3573364]: INF 2026-07-25 20:04:53.953+00:00 Imported blocks                            blockNumber=9560065 slot=1 blocks=9560064 txs=646344665 mgas=37964724 bps=86.22 tps=9416 mgps=704.8 avgBps=220.5 avgTps=14910 avgMGps=875.8 elapsed=12h2m28s
Jul 25 20:06:30 nimbus-eth1-mainnet-long-benchmark[3573364]: INF 2026-07-25 20:06:30.936+00:00 Imported blocks                            blockNumber=9568257 slot=1 blocks=9568256 txs=647216640 mgas=38031921 bps=84.47 tps=8990 mgps=692.9 avgBps=220.2 avgTps=14897 avgMGps=875.4 elapsed=12h4m5s
Jul 25 20:08:03 nimbus-eth1-mainnet-long-benchmark[3573364]: INF 2026-07-25 20:08:03.282+00:00 Imported blocks                            blockNumber=9576449 slot=1 blocks=9576448 txs=648049642 mgas=38095259 bps=88.71 tps=9020 mgps=685.9 avgBps=220.0 avgTps=14884 avgMGps=875.0 elapsed=12h5m38s
Jul 25 20:09:26 nimbus-eth1-mainnet-long-benchmark[3573364]: INF 2026-07-25 20:09:26.673+00:00 Imported blocks                            blockNumber=9584641 slot=1 blocks=9584640 txs=648854625 mgas=38152421 bps=98.23 tps=9652 mgps=685.5 avgBps=219.7 avgTps=14874 avgMGps=874.6 elapsed=12h7m1s
Jul 25 20:10:56 nimbus-eth1-mainnet-long-benchmark[3573364]: INF 2026-07-25 20:10:56.191+00:00 Imported blocks                            blockNumber=9592833 slot=1 blocks=9592832 txs=649707267 mgas=38211237 bps=91.51 tps=9524 mgps=657.0 avgBps=219.5 avgTps=14863 avgMGps=874.2 elapsed=12h8m31s
Jul 25 20:12:32 nimbus-eth1-mainnet-long-benchmark[3573364]: INF 2026-07-25 20:12:32.502+00:00 Imported blocks                            blockNumber=9601025 slot=1 blocks=9601024 txs=650511686 mgas=38272596 bps=85.06 tps=8352 mgps=637.1 avgBps=219.2 avgTps=14849 avgMGps=873.7 elapsed=12h10m7s
Jul 25 20:14:03 nimbus-eth1-mainnet-long-benchmark[3573364]: INF 2026-07-25 20:14:03.968+00:00 Imported blocks                            blockNumber=9609217 slot=1 blocks=9609216 txs=651360998 mgas=38330829 bps=89.56 tps=9285 mgps=636.7 avgBps=218.9 avgTps=14837 avgMGps=873.2 elapsed=12h11m38s
Jul 25 20:15:42 nimbus-eth1-mainnet-long-benchmark[3573364]: INF 2026-07-25 20:15:42.707+00:00 Imported blocks                            blockNumber=9617409 slot=1 blocks=9617408 txs=652288927 mgas=38394365 bps=82.97 tps=9398 mgps=643.5 avgBps=218.6 avgTps=14825 avgMGps=872.6 elapsed=12h13m17s
Jul 25 20:17:16 nimbus-eth1-mainnet-long-benchmark[3573364]: INF 2026-07-25 20:17:16.233+00:00 Imported blocks                            blockNumber=9625601 slot=1 blocks=9625600 txs=653102832 mgas=38453861 bps=87.59 tps=8702 mgps=636.1 avgBps=218.3 avgTps=14812 avgMGps=872.1 elapsed=12h14m51s
Jul 25 20:18:54 nimbus-eth1-mainnet-long-benchmark[3573364]: INF 2026-07-25 20:18:54.276+00:00 Imported blocks                            blockNumber=9633793 slot=1 blocks=9633792 txs=653876973 mgas=38513715 bps=83.55 tps=7895 mgps=610.5 avgBps=218.0 avgTps=14797 avgMGps=871.6 elapsed=12h16m29s
Jul 25 20:20:40 nimbus-eth1-mainnet-long-benchmark[3573364]: INF 2026-07-25 20:20:40.458+00:00 Imported blocks                            blockNumber=9641985 slot=1 blocks=9641984 txs=654885492 mgas=38585512 bps=77.15 tps=9498 mgps=676.2 avgBps=217.7 avgTps=14784 avgMGps=871.1 elapsed=12h18m15s
Jul 25 20:22:12 nimbus-eth1-mainnet-long-benchmark[3573364]: INF 2026-07-25 20:22:12.592+00:00 Imported blocks                            blockNumber=9650177 slot=1 blocks=9650176 txs=655831729 mgas=38652219 bps=88.91 tps=10270 mgps=724.0 avgBps=217.4 avgTps=14775 avgMGps=870.8 elapsed=12h19m47s
Jul 25 20:24:00 nimbus-eth1-mainnet-long-benchmark[3573364]: INF 2026-07-25 20:24:00.535+00:00 Imported blocks                            blockNumber=9658369 slot=1 blocks=9658368 txs=656739803 mgas=38725760 bps=75.89 tps=8412 mgps=681.3 avgBps=217.1 avgTps=14759 avgMGps=870.3 elapsed=12h21m35s
Jul 25 20:25:44 nimbus-eth1-mainnet-long-benchmark[3573364]: INF 2026-07-25 20:25:44.761+00:00 Imported blocks                            blockNumber=9666561 slot=1 blocks=9666560 txs=657788269 mgas=38802013 bps=78.60 tps=10059 mgps=731.6 avgBps=216.7 avgTps=14748 avgMGps=870.0 elapsed=12h23m19s
Jul 25 20:27:18 nimbus-eth1-mainnet-long-benchmark[3573364]: INF 2026-07-25 20:27:18.240+00:00 Imported blocks                            blockNumber=9674753 slot=1 blocks=9674752 txs=658654681 mgas=38870587 bps=87.63 tps=9268 mgps=733.6 avgBps=216.5 avgTps=14737 avgMGps=869.7 elapsed=12h24m53s
Jul 25 20:28:59 nimbus-eth1-mainnet-long-benchmark[3573364]: INF 2026-07-25 20:28:59.750+00:00 Imported blocks                            blockNumber=9682945 slot=1 blocks=9682944 txs=659587653 mgas=38941340 bps=80.70 tps=9190 mgps=697.0 avgBps=216.2 avgTps=14724 avgMGps=869.3 elapsed=12h26m34s
Jul 25 20:30:42 nimbus-eth1-mainnet-long-benchmark[3573364]: INF 2026-07-25 20:30:42.316+00:00 Imported blocks                            blockNumber=9691137 slot=1 blocks=9691136 txs=660566700 mgas=39013132 bps=79.87 tps=9545 mgps=699.9 avgBps=215.9 avgTps=14712 avgMGps=868.9 elapsed=12h28m17s
Jul 25 20:32:21 nimbus-eth1-mainnet-long-benchmark[3573364]: INF 2026-07-25 20:32:21.703+00:00 Imported blocks                            blockNumber=9699329 slot=1 blocks=9699328 txs=661485588 mgas=39080949 bps=82.43 tps=9245 mgps=682.4 avgBps=215.6 avgTps=14700 avgMGps=868.5 elapsed=12h29m56s
Jul 25 20:34:09 nimbus-eth1-mainnet-long-benchmark[3573364]: INF 2026-07-25 20:34:09.389+00:00 Imported blocks                            blockNumber=9707521 slot=1 blocks=9707520 txs=662590313 mgas=39152127 bps=76.07 tps=10258 mgps=661.0 avgBps=215.2 avgTps=14690 avgMGps=868.0 elapsed=12h31m44s
Jul 25 20:36:01 nimbus-eth1-mainnet-long-benchmark[3573364]: INF 2026-07-25 20:36:01.559+00:00 Imported blocks                            blockNumber=9715713 slot=1 blocks=9715712 txs=663694584 mgas=39223843 bps=73.03 tps=9844 mgps=639.4 avgBps=214.9 avgTps=14678 avgMGps=867.5 elapsed=12h33m36s
Jul 25 20:37:36 nimbus-eth1-mainnet-long-benchmark[3573364]: INF 2026-07-25 20:37:36.766+00:00 Imported blocks                            blockNumber=9723905 slot=1 blocks=9723904 txs=664657636 mgas=39290843 bps=86.05 tps=10115 mgps=703.7 avgBps=214.6 avgTps=14668 avgMGps=867.1 elapsed=12h35m11s
Jul 25 20:39:13 nimbus-eth1-mainnet-long-benchmark[3573364]: INF 2026-07-25 20:39:13.668+00:00 Imported blocks                            blockNumber=9732097 slot=1 blocks=9732096 txs=665663100 mgas=39356638 bps=84.54 tps=10376 mgps=679.0 avgBps=214.3 avgTps=14659 avgMGps=866.7 elapsed=12h36m48s
Jul 25 20:40:53 nimbus-eth1-mainnet-long-benchmark[3573364]: INF 2026-07-25 20:40:53.727+00:00 Imported blocks                            blockNumber=9740289 slot=1 blocks=9740288 txs=666722937 mgas=39424632 bps=81.87 tps=10592 mgps=679.5 avgBps=214.0 avgTps=14650 avgMGps=866.3 elapsed=12h38m28s
Jul 25 20:42:31 nimbus-eth1-mainnet-long-benchmark[3573364]: INF 2026-07-25 20:42:31.629+00:00 Imported blocks                            blockNumber=9748481 slot=1 blocks=9748480 txs=667702099 mgas=39492261 bps=83.67 tps=10001 mgps=690.8 avgBps=213.8 avgTps=14640 avgMGps=865.9 elapsed=12h40m6s
Jul 25 20:44:01 nimbus-eth1-mainnet-long-benchmark[3573364]: INF 2026-07-25 20:44:01.776+00:00 Imported blocks                            blockNumber=9756673 slot=1 blocks=9756672 txs=668587180 mgas=39554554 bps=90.87 tps=9817 mgps=691.0 avgBps=213.5 avgTps=14630 avgMGps=865.6 elapsed=12h41m36s
Jul 25 20:45:29 nimbus-eth1-mainnet-long-benchmark[3573364]: INF 2026-07-25 20:45:29.978+00:00 Imported blocks                            blockNumber=9764865 slot=1 blocks=9764864 txs=669420982 mgas=39617012 bps=92.88 tps=9453 mgps=708.1 avgBps=213.3 avgTps=14620 avgMGps=865.3 elapsed=12h43m4s
Jul 25 20:46:54 nimbus-eth1-mainnet-long-benchmark[3573364]: INF 2026-07-25 20:46:54.549+00:00 Imported blocks                            blockNumber=9773057 slot=1 blocks=9773056 txs=670258528 mgas=39678046 bps=96.87 tps=9903 mgps=721.7 avgBps=213.1 avgTps=14612 avgMGps=865.0 elapsed=12h44m29s
Jul 25 20:48:29 nimbus-eth1-mainnet-long-benchmark[3573364]: INF 2026-07-25 20:48:29.431+00:00 Imported blocks                            blockNumber=9781249 slot=1 blocks=9781248 txs=671204579 mgas=39745904 bps=86.33 tps=9970 mgps=715.1 avgBps=212.8 avgTps=14602 avgMGps=864.7 elapsed=12h46m4s
Jul 25 20:49:58 nimbus-eth1-mainnet-long-benchmark[3573364]: INF 2026-07-25 20:49:58.498+00:00 Imported blocks                            blockNumber=9789441 slot=1 blocks=9789440 txs=672023787 mgas=39811770 bps=91.98 tps=9197 mgps=739.5 avgBps=212.6 avgTps=14592 avgMGps=864.5 elapsed=12h47m33s
Jul 25 20:51:35 nimbus-eth1-mainnet-long-benchmark[3573364]: INF 2026-07-25 20:51:35.492+00:00 Imported blocks                            blockNumber=9797633 slot=1 blocks=9797632 txs=672947891 mgas=39880011 bps=84.46 tps=9527 mgps=703.6 avgBps=212.3 avgTps=14581 avgMGps=864.1 elapsed=12h49m10s
Jul 25 20:53:08 nimbus-eth1-mainnet-long-benchmark[3573364]: INF 2026-07-25 20:53:08.563+00:00 Imported blocks                            blockNumber=9805825 slot=1 blocks=9805824 txs=673829137 mgas=39948258 bps=88.02 tps=9468 mgps=733.3 avgBps=212.0 avgTps=14571 avgMGps=863.9 elapsed=12h50m43s
Jul 25 20:54:35 nimbus-eth1-mainnet-long-benchmark[3573364]: INF 2026-07-25 20:54:35.457+00:00 Imported blocks                            blockNumber=9814017 slot=1 blocks=9814016 txs=674608124 mgas=40014329 bps=94.28 tps=8965 mgps=760.4 avgBps=211.8 avgTps=14560 avgMGps=863.7 elapsed=12h52m10s
Jul 25 20:56:15 nimbus-eth1-mainnet-long-benchmark[3573364]: INF 2026-07-25 20:56:15.884+00:00 Imported blocks                            blockNumber=9822209 slot=1 blocks=9822208 txs=675519298 mgas=40084124 bps=81.57 tps=9072 mgps=695.0 avgBps=211.5 avgTps=14548 avgMGps=863.3 elapsed=12h53m50s
Jul 25 20:57:59 nimbus-eth1-mainnet-long-benchmark[3573364]: INF 2026-07-25 20:57:59.294+00:00 Imported blocks                            blockNumber=9830401 slot=1 blocks=9830400 txs=676526004 mgas=40156103 bps=79.22 tps=9735 mgps=696.1 avgBps=211.3 avgTps=14538 avgMGps=862.9 elapsed=12h55m34s
Jul 25 20:59:43 nimbus-eth1-mainnet-long-benchmark[3573364]: INF 2026-07-25 20:59:43.804+00:00 Imported blocks                            blockNumber=9838593 slot=1 blocks=9838592 txs=677564637 mgas=40227612 bps=78.38 tps=9938 mgps=684.2 avgBps=211.0 avgTps=14527 avgMGps=862.5 elapsed=12h57m18s
Jul 25 21:01:20 nimbus-eth1-mainnet-long-benchmark[3573364]: INF 2026-07-25 21:01:20.895+00:00 Imported blocks                            blockNumber=9846785 slot=1 blocks=9846784 txs=678461502 mgas=40297405 bps=84.37 tps=9237 mgps=718.8 avgBps=210.7 avgTps=14516 avgMGps=862.2 elapsed=12h58m55s
Jul 25 21:02:52 nimbus-eth1-mainnet-long-benchmark[3573364]: INF 2026-07-25 21:02:52.285+00:00 Imported blocks                            blockNumber=9854977 slot=1 blocks=9854976 txs=679309213 mgas=40364439 bps=89.64 tps=9275 mgps=733.5 avgBps=210.5 avgTps=14506 avgMGps=862.0 elapsed=13h27s296ms
Jul 25 21:04:28 nimbus-eth1-mainnet-long-benchmark[3573364]: INF 2026-07-25 21:04:28.408+00:00 Imported blocks                            blockNumber=9863169 slot=1 blocks=9863168 txs=680220854 mgas=40433107 bps=85.23 tps=9484 mgps=714.4 avgBps=210.2 avgTps=14496 avgMGps=861.7 elapsed=13h2m3s
Jul 25 21:06:06 nimbus-eth1-mainnet-long-benchmark[3573364]: INF 2026-07-25 21:06:06.218+00:00 Imported blocks                            blockNumber=9871361 slot=1 blocks=9871360 txs=681217536 mgas=40503215 bps=83.76 tps=10190 mgps=716.8 avgBps=209.9 avgTps=14487 avgMGps=861.4 elapsed=13h3m41s
Jul 25 21:07:44 nimbus-eth1-mainnet-long-benchmark[3573364]: INF 2026-07-25 21:07:44.805+00:00 Imported blocks                            blockNumber=9879553 slot=1 blocks=9879552 txs=682191102 mgas=40572841 bps=83.09 tps=9874 mgps=706.2 avgBps=209.7 avgTps=14477 avgMGps=861.1 elapsed=13h5m19s
Jul 25 21:09:25 nimbus-eth1-mainnet-long-benchmark[3573364]: INF 2026-07-25 21:09:25.095+00:00 Imported blocks                            blockNumber=9887745 slot=1 blocks=9887744 txs=683184281 mgas=40644027 bps=81.68 tps=9903 mgps=709.8 avgBps=209.4 avgTps=14468 avgMGps=860.7 elapsed=13h7m104ms
Jul 25 21:11:06 nimbus-eth1-mainnet-long-benchmark[3573364]: INF 2026-07-25 21:11:06.430+00:00 Imported blocks                            blockNumber=9895937 slot=1 blocks=9895936 txs=684187479 mgas=40714745 bps=80.84 tps=9899 mgps=697.9 avgBps=209.1 avgTps=14458 avgMGps=860.4 elapsed=13h8m41s
Jul 25 21:12:50 nimbus-eth1-mainnet-long-benchmark[3573364]: INF 2026-07-25 21:12:50.972+00:00 Imported blocks                            blockNumber=9904129 slot=1 blocks=9904128 txs=685190013 mgas=40786553 bps=78.36 tps=9589 mgps=686.9 avgBps=208.8 avgTps=14447 avgMGps=860.0 elapsed=13h10m25s
Jul 25 21:14:32 nimbus-eth1-mainnet-long-benchmark[3573364]: INF 2026-07-25 21:14:32.398+00:00 Imported blocks                            blockNumber=9912321 slot=1 blocks=9912320 txs=686163250 mgas=40858166 bps=80.77 tps=9595 mgps=706.1 avgBps=208.6 avgTps=14437 avgMGps=859.7 elapsed=13h12m7s
Jul 25 21:16:12 nimbus-eth1-mainnet-long-benchmark[3573364]: INF 2026-07-25 21:16:12.669+00:00 Imported blocks                            blockNumber=9920513 slot=1 blocks=9920512 txs=687196735 mgas=40931012 bps=81.70 tps=10307 mgps=726.5 avgBps=208.3 avgTps=14428 avgMGps=859.4 elapsed=13h13m47s
Jul 25 21:17:56 nimbus-eth1-mainnet-long-benchmark[3573364]: INF 2026-07-25 21:17:56.419+00:00 Imported blocks                            blockNumber=9928705 slot=1 blocks=9928704 txs=688227858 mgas=41004647 bps=78.96 tps=9938 mgps=709.7 avgBps=208.0 avgTps=14418 avgMGps=859.1 elapsed=13h15m31s
Jul 25 21:19:41 nimbus-eth1-mainnet-long-benchmark[3573364]: INF 2026-07-25 21:19:41.509+00:00 Imported blocks                            blockNumber=9936897 slot=1 blocks=9936896 txs=689308519 mgas=41078745 bps=77.95 tps=10283 mgps=705.1 avgBps=207.7 avgTps=14409 avgMGps=858.7 elapsed=13h17m16s
Jul 25 21:21:20 nimbus-eth1-mainnet-long-benchmark[3573364]: INF 2026-07-25 21:21:20.756+00:00 Imported blocks                            blockNumber=9945089 slot=1 blocks=9945088 txs=690287285 mgas=41149637 bps=82.54 tps=9861 mgps=714.3 avgBps=207.5 avgTps=14400 avgMGps=858.4 elapsed=13h18m55s
Jul 25 21:23:03 nimbus-eth1-mainnet-long-benchmark[3573364]: INF 2026-07-25 21:23:03.962+00:00 Imported blocks                            blockNumber=9953281 slot=1 blocks=9953280 txs=691329935 mgas=41222054 bps=79.38 tps=10102 mgps=701.7 avgBps=207.2 avgTps=14391 avgMGps=858.1 elapsed=13h20m38s
Jul 25 21:24:49 nimbus-eth1-mainnet-long-benchmark[3573364]: INF 2026-07-25 21:24:49.424+00:00 Imported blocks                            blockNumber=9961473 slot=1 blocks=9961472 txs=692442347 mgas=41296064 bps=77.68 tps=10547 mgps=701.8 avgBps=206.9 avgTps=14382 avgMGps=857.8 elapsed=13h22m24s
Jul 25 21:26:36 nimbus-eth1-mainnet-long-benchmark[3573364]: INF 2026-07-25 21:26:36.003+00:00 Imported blocks                            blockNumber=9969665 slot=1 blocks=9969664 txs=693524099 mgas=41369534 bps=76.87 tps=10150 mgps=689.4 avgBps=206.6 avgTps=14373 avgMGps=857.4 elapsed=13h24m11s
Jul 25 21:28:24 nimbus-eth1-mainnet-long-benchmark[3573364]: INF 2026-07-25 21:28:24.489+00:00 Imported blocks                            blockNumber=9977857 slot=1 blocks=9977856 txs=694639621 mgas=41445314 bps=75.51 tps=10282 mgps=698.5 avgBps=206.3 avgTps=14364 avgMGps=857.0 elapsed=13h25m59s
Jul 25 21:30:12 nimbus-eth1-mainnet-long-benchmark[3573364]: INF 2026-07-25 21:30:12.447+00:00 Imported blocks                            blockNumber=9986049 slot=1 blocks=9986048 txs=695682320 mgas=41518650 bps=75.88 tps=9658 mgps=679.3 avgBps=206.0 avgTps=14353 avgMGps=856.6 elapsed=13h27m47s
Jul 25 21:31:58 nimbus-eth1-mainnet-long-benchmark[3573364]: INF 2026-07-25 21:31:58.282+00:00 Imported blocks                            blockNumber=9994241 slot=1 blocks=9994240 txs=696694345 mgas=41590954 bps=77.41 tps=9562 mgps=683.2 avgBps=205.8 avgTps=14343 avgMGps=856.3 elapsed=13h29m33s
Jul 25 21:33:42 nimbus-eth1-mainnet-long-benchmark[3573364]: INF 2026-07-25 21:33:42.600+00:00 Imported blocks                            blockNumber=10002433 slot=1 blocks=10002432 txs=697642152 mgas=41664131 bps=78.53 tps=9085 mgps=701.5 avgBps=205.5 avgTps=14331 avgMGps=855.9 elapsed=13h31m17s
Jul 25 21:35:26 nimbus-eth1-mainnet-long-benchmark[3573364]: INF 2026-07-25 21:35:26.642+00:00 Imported blocks                            blockNumber=10010625 slot=1 blocks=10010624 txs=698636012 mgas=41738379 bps=78.74 tps=9552 mgps=713.6 avgBps=205.2 avgTps=14321 avgMGps=855.6 elapsed=13h33m1s
Jul 25 21:37:15 nimbus-eth1-mainnet-long-benchmark[3573364]: INF 2026-07-25 21:37:15.364+00:00 Imported blocks                            blockNumber=10018817 slot=1 blocks=10018816 txs=699719319 mgas=41814701 bps=75.35 tps=9963 mgps=702.0 avgBps=204.9 avgTps=14312 avgMGps=855.3 elapsed=13h34m50s
Jul 25 21:39:05 nimbus-eth1-mainnet-long-benchmark[3573364]: INF 2026-07-25 21:39:05.271+00:00 Imported blocks                            blockNumber=10027009 slot=1 blocks=10027008 txs=700863959 mgas=41891479 bps=74.54 tps=10415 mgps=698.6 avgBps=204.6 avgTps=14303 avgMGps=854.9 elapsed=13h36m40s
Jul 25 21:40:56 nimbus-eth1-mainnet-long-benchmark[3573364]: INF 2026-07-25 21:40:56.697+00:00 Imported blocks                            blockNumber=10035201 slot=1 blocks=10035200 txs=701970226 mgas=41967989 bps=73.52 tps=9927 mgps=686.6 avgBps=204.3 avgTps=14293 avgMGps=854.5 elapsed=13h38m31s
Jul 25 21:42:44 nimbus-eth1-mainnet-long-benchmark[3573364]: INF 2026-07-25 21:42:44.743+00:00 Imported blocks                            blockNumber=10043393 slot=1 blocks=10043392 txs=703106694 mgas=42044518 bps=75.82 tps=10518 mgps=708.3 avgBps=204.1 avgTps=14285 avgMGps=854.2 elapsed=13h40m19s
Jul 25 21:44:35 nimbus-eth1-mainnet-long-benchmark[3573364]: INF 2026-07-25 21:44:35.277+00:00 Imported blocks                            blockNumber=10051585 slot=1 blocks=10051584 txs=704249886 mgas=42121141 bps=74.12 tps=10342 mgps=693.2 avgBps=203.8 avgTps=14276 avgMGps=853.9 elapsed=13h42m10s
Jul 25 21:46:21 nimbus-eth1-mainnet-long-benchmark[3573364]: INF 2026-07-25 21:46:21.576+00:00 Imported blocks                            blockNumber=10059777 slot=1 blocks=10059776 txs=705321444 mgas=42197832 bps=77.06 tps=10080 mgps=721.4 avgBps=203.5 avgTps=14267 avgMGps=853.6 elapsed=13h43m56s
Jul 25 21:48:07 nimbus-eth1-mainnet-long-benchmark[3573364]: INF 2026-07-25 21:48:07.086+00:00 Imported blocks                            blockNumber=10067969 slot=1 blocks=10067968 txs=706357318 mgas=42272849 bps=77.65 tps=9818 mgps=711.0 avgBps=203.2 avgTps=14257 avgMGps=853.3 elapsed=13h45m42s
Jul 25 21:49:52 nimbus-eth1-mainnet-long-benchmark[3573364]: INF 2026-07-25 21:49:52.568+00:00 Imported blocks                            blockNumber=10076161 slot=1 blocks=10076160 txs=707547374 mgas=42348114 bps=77.66 tps=11281 mgps=713.5 avgBps=203.0 avgTps=14251 avgMGps=853.0 elapsed=13h47m27s
Jul 25 21:51:41 nimbus-eth1-mainnet-long-benchmark[3573364]: INF 2026-07-25 21:51:41.735+00:00 Imported blocks                            blockNumber=10084353 slot=1 blocks=10084352 txs=708599469 mgas=42424836 bps=75.04 tps=9637 mgps=702.8 avgBps=202.7 avgTps=14241 avgMGps=852.6 elapsed=13h49m16s
Jul 25 21:53:32 nimbus-eth1-mainnet-long-benchmark[3573364]: INF 2026-07-25 21:53:32.637+00:00 Imported blocks                            blockNumber=10092545 slot=1 blocks=10092544 txs=709658827 mgas=42501676 bps=73.87 tps=9551 mgps=692.8 avgBps=202.4 avgTps=14230 avgMGps=852.3 elapsed=13h51m7s
Jul 25 21:55:18 nimbus-eth1-mainnet-long-benchmark[3573364]: INF 2026-07-25 21:55:18.963+00:00 Imported blocks                            blockNumber=10100737 slot=1 blocks=10100736 txs=710737417 mgas=42578737 bps=77.05 tps=10144 mgps=724.8 avgBps=202.1 avgTps=14222 avgMGps=852.0 elapsed=13h52m53s
Jul 25 21:56:58 nimbus-eth1-mainnet-long-benchmark[3573364]: INF 2026-07-25 21:56:58.042+00:00 Imported blocks                            blockNumber=10108929 slot=1 blocks=10108928 txs=711841679 mgas=42655655 bps=82.68 tps=11145 mgps=776.3 avgBps=201.9 avgTps=14216 avgMGps=851.9 elapsed=13h54m33s
Jul 25 21:58:44 nimbus-eth1-mainnet-long-benchmark[3573364]: INF 2026-07-25 21:58:44.756+00:00 Imported blocks                            blockNumber=10117121 slot=1 blocks=10117120 txs=713013055 mgas=42732775 bps=76.76 tps=10976 mgps=722.7 avgBps=201.6 avgTps=14209 avgMGps=851.6 elapsed=13h56m19s
Jul 25 22:00:35 nimbus-eth1-mainnet-long-benchmark[3573364]: INF 2026-07-25 22:00:35.182+00:00 Imported blocks                            blockNumber=10125313 slot=1 blocks=10125312 txs=714078443 mgas=42810380 bps=74.19 tps=9648 mgps=702.8 avgBps=201.3 avgTps=14199 avgMGps=851.3 elapsed=13h58m10s
Jul 25 22:02:20 nimbus-eth1-mainnet-long-benchmark[3573364]: INF 2026-07-25 22:02:20.148+00:00 Imported blocks                            blockNumber=10133505 slot=1 blocks=10133504 txs=715159029 mgas=42888001 bps=78.04 tps=10294 mgps=739.5 avgBps=201.1 avgTps=14191 avgMGps=851.0 elapsed=13h59m55s
Jul 25 22:04:06 nimbus-eth1-mainnet-long-benchmark[3573364]: INF 2026-07-25 22:04:06.079+00:00 Imported blocks                            blockNumber=10141697 slot=1 blocks=10141696 txs=716344974 mgas=42965376 bps=77.33 tps=11195 mgps=730.4 avgBps=200.8 avgTps=14184 avgMGps=850.8 elapsed=14h1m41s
Jul 25 22:05:51 nimbus-eth1-mainnet-long-benchmark[3573364]: INF 2026-07-25 22:05:51.233+00:00 Imported blocks                            blockNumber=10149889 slot=1 blocks=10149888 txs=717463031 mgas=43042456 bps=77.90 tps=10632 mgps=733.0 avgBps=200.6 avgTps=14177 avgMGps=850.5 elapsed=14h3m26s
Jul 25 22:07:41 nimbus-eth1-mainnet-long-benchmark[3573364]: INF 2026-07-25 22:07:41.419+00:00 Imported blocks                            blockNumber=10158081 slot=1 blocks=10158080 txs=718603582 mgas=43119991 bps=74.35 tps=10350 mgps=703.7 avgBps=200.3 avgTps=14169 avgMGps=850.2 elapsed=14h5m16s
Jul 25 22:09:29 nimbus-eth1-mainnet-long-benchmark[3573364]: INF 2026-07-25 22:09:29.870+00:00 Imported blocks                            blockNumber=10166273 slot=1 blocks=10166272 txs=719805471 mgas=43197306 bps=75.54 tps=11082 mgps=712.9 avgBps=200.0 avgTps=14162 avgMGps=849.9 elapsed=14h7m4s
Jul 25 22:11:18 nimbus-eth1-mainnet-long-benchmark[3573364]: INF 2026-07-25 22:11:18.808+00:00 Imported blocks                            blockNumber=10174465 slot=1 blocks=10174464 txs=720919961 mgas=43274435 bps=75.20 tps=10230 mgps=708.0 avgBps=199.8 avgTps=14154 avgMGps=849.6 elapsed=14h8m53s
Jul 25 22:13:06 nimbus-eth1-mainnet-long-benchmark[3573364]: INF 2026-07-25 22:13:06.578+00:00 Imported blocks                            blockNumber=10182657 slot=1 blocks=10182656 txs=722050975 mgas=43351413 bps=76.02 tps=10495 mgps=714.3 avgBps=199.5 avgTps=14146 avgMGps=849.3 elapsed=14h10m41s
Jul 25 22:14:54 nimbus-eth1-mainnet-long-benchmark[3573364]: INF 2026-07-25 22:14:54.072+00:00 Imported blocks                            blockNumber=10190849 slot=1 blocks=10190848 txs=723276965 mgas=43428060 bps=76.21 tps=11404 mgps=713.0 avgBps=199.2 avgTps=14140 avgMGps=849.0 elapsed=14h12m29s
Jul 25 22:16:39 nimbus-eth1-mainnet-long-benchmark[3573364]: INF 2026-07-25 22:16:39.295+00:00 Imported blocks                            blockNumber=10199041 slot=1 blocks=10199040 txs=724470936 mgas=43505261 bps=77.86 tps=11347 mgps=733.7 avgBps=199.0 avgTps=14134 avgMGps=848.8 elapsed=14h14m14s
Jul 25 22:18:26 nimbus-eth1-mainnet-long-benchmark[3573364]: INF 2026-07-25 22:18:26.637+00:00 Imported blocks                            blockNumber=10207233 slot=1 blocks=10207232 txs=725644985 mgas=43583031 bps=76.32 tps=10937 mgps=724.5 avgBps=198.7 avgTps=14128 avgMGps=848.6 elapsed=14h16m1s
Jul 25 22:20:11 nimbus-eth1-mainnet-long-benchmark[3573364]: INF 2026-07-25 22:20:11.443+00:00 Imported blocks                            blockNumber=10215425 slot=1 blocks=10215424 txs=726776586 mgas=43660924 bps=78.16 tps=10796 mgps=743.2 avgBps=198.5 avgTps=14121 avgMGps=848.3 elapsed=14h17m46s
Jul 25 22:21:57 nimbus-eth1-mainnet-long-benchmark[3573364]: INF 2026-07-25 22:21:57.942+00:00 Imported blocks                            blockNumber=10223617 slot=1 blocks=10223616 txs=727991302 mgas=43738007 bps=76.92 tps=11406 mgps=723.8 avgBps=198.2 avgTps=14115 avgMGps=848.1 elapsed=14h19m32s
Jul 25 22:23:45 nimbus-eth1-mainnet-long-benchmark[3573364]: INF 2026-07-25 22:23:45.444+00:00 Imported blocks                            blockNumber=10231809 slot=1 blocks=10231808 txs=729230338 mgas=43814819 bps=76.20 tps=11525 mgps=714.5 avgBps=198.0 avgTps=14110 avgMGps=847.8 elapsed=14h21m20s
Jul 25 22:25:34 nimbus-eth1-mainnet-long-benchmark[3573364]: INF 2026-07-25 22:25:34.938+00:00 Imported blocks                            blockNumber=10240001 slot=1 blocks=10240000 txs=730404672 mgas=43892359 bps=74.82 tps=10725 mgps=708.2 avgBps=197.7 avgTps=14103 avgMGps=847.5 elapsed=14h23m9s
Jul 25 22:27:26 nimbus-eth1-mainnet-long-benchmark[3573364]: INF 2026-07-25 22:27:26.964+00:00 Imported blocks                            blockNumber=10248193 slot=1 blocks=10248192 txs=731552208 mgas=43970004 bps=73.13 tps=10243 mgps=693.1 avgBps=197.5 avgTps=14094 avgMGps=847.2 elapsed=14h25m1s
Jul 25 22:29:16 nimbus-eth1-mainnet-long-benchmark[3573364]: INF 2026-07-25 22:29:16.283+00:00 Imported blocks                            blockNumber=10256385 slot=1 blocks=10256384 txs=732682504 mgas=44046928 bps=74.94 tps=10339 mgps=703.7 avgBps=197.2 avgTps=14086 avgMGps=846.9 elapsed=14h26m51s
Jul 25 22:31:05 nimbus-eth1-mainnet-long-benchmark[3573364]: INF 2026-07-25 22:31:05.461+00:00 Imported blocks                            blockNumber=10264577 slot=1 blocks=10264576 txs=733712522 mgas=44124253 bps=75.03 tps=9434 mgps=708.2 avgBps=196.9 avgTps=14077 avgMGps=846.6 elapsed=14h28m40s
Jul 25 22:32:54 nimbus-eth1-mainnet-long-benchmark[3573364]: INF 2026-07-25 22:32:54.675+00:00 Imported blocks                            blockNumber=10272769 slot=1 blocks=10272768 txs=734799027 mgas=44201876 bps=75.01 tps=9948 mgps=710.7 avgBps=196.7 avgTps=14068 avgMGps=846.3 elapsed=14h30m29s
Jul 25 22:34:44 nimbus-eth1-mainnet-long-benchmark[3573364]: INF 2026-07-25 22:34:44.097+00:00 Imported blocks                            blockNumber=10280961 slot=1 blocks=10280960 txs=735932946 mgas=44279585 bps=74.87 tps=10363 mgps=710.2 avgBps=196.4 avgTps=14060 avgMGps=846.0 elapsed=14h32m19s
Jul 25 22:36:35 nimbus-eth1-mainnet-long-benchmark[3573364]: INF 2026-07-25 22:36:35.600+00:00 Imported blocks                            blockNumber=10289153 slot=1 blocks=10289152 txs=737087006 mgas=44357374 bps=73.47 tps=10349 mgps=697.6 avgBps=196.2 avgTps=14052 avgMGps=845.7 elapsed=14h34m10s
Jul 25 22:38:33 nimbus-eth1-mainnet-long-benchmark[3573364]: INF 2026-07-25 22:38:33.230+00:00 Imported blocks                            blockNumber=10297345 slot=1 blocks=10297344 txs=738275575 mgas=44436861 bps=69.64 tps=10104 mgps=675.8 avgBps=195.9 avgTps=14044 avgMGps=845.3 elapsed=14h36m8s
Jul 25 22:40:50 nimbus-eth1-mainnet-long-benchmark[3573364]: INF 2026-07-25 22:40:50.132+00:00 Imported blocks                            blockNumber=10305537 slot=1 blocks=10305536 txs=739438307 mgas=44528970 bps=59.84 tps=8493 mgps=672.8 avgBps=195.5 avgTps=14029 avgMGps=844.9 elapsed=14h38m25s
Jul 25 22:43:02 nimbus-eth1-mainnet-long-benchmark[3573364]: INF 2026-07-25 22:43:02.817+00:00 Imported blocks                            blockNumber=10313729 slot=1 blocks=10313728 txs=740696729 mgas=44621778 bps=61.74 tps=9484 mgps=699.5 avgBps=195.2 avgTps=14018 avgMGps=844.5 elapsed=14h40m37s
Jul 25 22:45:11 nimbus-eth1-mainnet-long-benchmark[3573364]: INF 2026-07-25 22:45:11.363+00:00 Imported blocks                            blockNumber=10321921 slot=1 blocks=10321920 txs=742151644 mgas=44714310 bps=63.73 tps=11318 mgps=719.8 avgBps=194.9 avgTps=14011 avgMGps=844.2 elapsed=14h42m46s
Jul 25 22:47:24 nimbus-eth1-mainnet-long-benchmark[3573364]: INF 2026-07-25 22:47:24.917+00:00 Imported blocks                            blockNumber=10330113 slot=1 blocks=10330112 txs=743514732 mgas=44807317 bps=61.34 tps=10206 mgps=696.4 avgBps=194.5 avgTps=14002 avgMGps=843.8 elapsed=14h44m59s
Jul 25 22:49:36 nimbus-eth1-mainnet-long-benchmark[3573364]: INF 2026-07-25 22:49:36.047+00:00 Imported blocks                            blockNumber=10338305 slot=1 blocks=10338304 txs=744812119 mgas=44899117 bps=62.47 tps=9893 mgps=700.1 avgBps=194.2 avgTps=13992 avgMGps=843.5 elapsed=14h47m11s
Jul 25 22:51:48 nimbus-eth1-mainnet-long-benchmark[3573364]: INF 2026-07-25 22:51:48.493+00:00 Imported blocks                            blockNumber=10346497 slot=1 blocks=10346496 txs=746129898 mgas=44992219 bps=61.85 tps=9949 mgps=702.9 avgBps=193.9 avgTps=13982 avgMGps=843.1 elapsed=14h49m23s
Jul 25 22:54:00 nimbus-eth1-mainnet-long-benchmark[3573364]: INF 2026-07-25 22:54:00.623+00:00 Imported blocks                            blockNumber=10354689 slot=1 blocks=10354688 txs=747446857 mgas=45084387 bps=62.00 tps=9967 mgps=697.5 avgBps=193.6 avgTps=13972 avgMGps=842.8 elapsed=14h51m35s
Jul 25 22:56:10 nimbus-eth1-mainnet-long-benchmark[3573364]: INF 2026-07-25 22:56:10.261+00:00 Imported blocks                            blockNumber=10362881 slot=1 blocks=10362880 txs=748741266 mgas=45176256 bps=63.19 tps=9985 mgps=708.7 avgBps=193.2 avgTps=13962 avgMGps=842.4 elapsed=14h53m45s
Jul 25 22:58:20 nimbus-eth1-mainnet-long-benchmark[3573364]: INF 2026-07-25 22:58:20.719+00:00 Imported blocks                            blockNumber=10371073 slot=1 blocks=10371072 txs=750112455 mgas=45268881 bps=62.79 tps=10510 mgps=710.0 avgBps=192.9 avgTps=13954 avgMGps=842.1 elapsed=14h55m55s
Jul 25 23:00:29 nimbus-eth1-mainnet-long-benchmark[3573364]: INF 2026-07-25 23:00:29.497+00:00 Imported blocks                            blockNumber=10379265 slot=1 blocks=10379264 txs=751483390 mgas=45360161 bps=63.61 tps=10645 mgps=708.8 avgBps=192.6 avgTps=13946 avgMGps=841.8 elapsed=14h58m4s
Jul 25 23:02:39 nimbus-eth1-mainnet-long-benchmark[3573364]: INF 2026-07-25 23:02:39.603+00:00 Imported blocks                            blockNumber=10387457 slot=1 blocks=10387456 txs=752807028 mgas=45451514 bps=62.96 tps=10173 mgps=702.2 avgBps=192.3 avgTps=13937 avgMGps=841.5 elapsed=15h14s612ms
Jul 25 23:04:52 nimbus-eth1-mainnet-long-benchmark[3573364]: INF 2026-07-25 23:04:52.745+00:00 Imported blocks                            blockNumber=10395649 slot=1 blocks=10395648 txs=753983840 mgas=45543706 bps=61.53 tps=8838 mgps=692.4 avgBps=192.0 avgTps=13924 avgMGps=841.1 elapsed=15h2m27s
Jul 25 23:07:00 nimbus-eth1-mainnet-long-benchmark[3573364]: INF 2026-07-25 23:07:00.726+00:00 Imported blocks                            blockNumber=10403841 slot=1 blocks=10403840 txs=755114741 mgas=45635897 bps=64.01 tps=8836 mgps=720.3 avgBps=191.7 avgTps=13912 avgMGps=840.8 elapsed=15h4m35s
Jul 25 23:09:09 nimbus-eth1-mainnet-long-benchmark[3573364]: INF 2026-07-25 23:09:09.972+00:00 Imported blocks                            blockNumber=10412033 slot=1 blocks=10412032 txs=756480097 mgas=45727415 bps=63.38 tps=10564 mgps=708.1 avgBps=191.4 avgTps=13904 avgMGps=840.5 elapsed=15h6m44s
Jul 25 23:11:18 nimbus-eth1-mainnet-long-benchmark[3573364]: INF 2026-07-25 23:11:18.590+00:00 Imported blocks                            blockNumber=10420225 slot=1 blocks=10420224 txs=757830558 mgas=45818973 bps=63.69 tps=10499 mgps=711.9 avgBps=191.1 avgTps=13896 avgMGps=840.2 elapsed=15h8m53s
Jul 25 23:13:30 nimbus-eth1-mainnet-long-benchmark[3573364]: INF 2026-07-25 23:13:30.968+00:00 Imported blocks                            blockNumber=10428417 slot=1 blocks=10428416 txs=759155837 mgas=45912026 bps=61.88 tps=10011 mgps=702.9 avgBps=190.8 avgTps=13887 avgMGps=839.9 elapsed=15h11m5s
Jul 25 23:15:41 nimbus-eth1-mainnet-long-benchmark[3573364]: INF 2026-07-25 23:15:41.046+00:00 Imported blocks                            blockNumber=10436609 slot=1 blocks=10436608 txs=760471288 mgas=46004450 bps=62.98 tps=10112 mgps=710.5 avgBps=190.5 avgTps=13878 avgMGps=839.6 elapsed=15h13m16s
Jul 25 23:17:53 nimbus-eth1-mainnet-long-benchmark[3573364]: INF 2026-07-25 23:17:53.296+00:00 Imported blocks                            blockNumber=10444801 slot=1 blocks=10444800 txs=761751831 mgas=46096274 bps=61.94 tps=9682 mgps=694.3 avgBps=190.2 avgTps=13868 avgMGps=839.2 elapsed=15h15m28s
Jul 25 23:20:03 nimbus-eth1-mainnet-long-benchmark[3573364]: INF 2026-07-25 23:20:03.966+00:00 Imported blocks                            blockNumber=10452993 slot=1 blocks=10452992 txs=763138461 mgas=46188952 bps=62.69 tps=10611 mgps=709.2 avgBps=189.9 avgTps=13860 avgMGps=838.9 elapsed=15h17m38s
Jul 25 23:22:21 nimbus-eth1-mainnet-long-benchmark[3573364]: INF 2026-07-25 23:22:21.296+00:00 Imported blocks                            blockNumber=10461185 slot=1 blocks=10461184 txs=764489034 mgas=46282395 bps=59.65 tps=9834 mgps=680.4 avgBps=189.5 avgTps=13850 avgMGps=838.5 elapsed=15h19m56s
Jul 25 23:24:30 nimbus-eth1-mainnet-long-benchmark[3573364]: INF 2026-07-25 23:24:30.782+00:00 Imported blocks                            blockNumber=10469377 slot=1 blocks=10469376 txs=765902255 mgas=46375803 bps=63.27 tps=10914 mgps=721.4 avgBps=189.2 avgTps=13843 avgMGps=838.2 elapsed=15h22m5s
Jul 25 23:26:32 nimbus-eth1-mainnet-long-benchmark[3573364]: INF 2026-07-25 23:26:32.612+00:00 Imported blocks                            blockNumber=10477569 slot=1 blocks=10477568 txs=767312107 mgas=46467616 bps=67.24 tps=11571 mgps=753.6 avgBps=189.0 avgTps=13838 avgMGps=838.0 elapsed=15h24m7s
Jul 25 23:28:42 nimbus-eth1-mainnet-long-benchmark[3573364]: INF 2026-07-25 23:28:42.606+00:00 Imported blocks                            blockNumber=10485761 slot=1 blocks=10485760 txs=768637253 mgas=46560108 bps=63.02 tps=10193 mgps=711.5 avgBps=188.7 avgTps=13829 avgMGps=837.7 elapsed=15h26m17s
Jul 25 23:30:56 nimbus-eth1-mainnet-long-benchmark[3573364]: INF 2026-07-25 23:30:56.732+00:00 Imported blocks                            blockNumber=10493953 slot=1 blocks=10493952 txs=769997728 mgas=46653483 bps=61.08 tps=10143 mgps=696.2 avgBps=188.4 avgTps=13821 avgMGps=837.4 elapsed=15h28m31s
Jul 25 23:33:08 nimbus-eth1-mainnet-long-benchmark[3573364]: INF 2026-07-25 23:33:08.638+00:00 Imported blocks                            blockNumber=10502145 slot=1 blocks=10502144 txs=771475005 mgas=46746512 bps=62.11 tps=11199 mgps=705.3 avgBps=188.1 avgTps=13814 avgMGps=837.1 elapsed=15h30m43s
Jul 25 23:35:22 nimbus-eth1-mainnet-long-benchmark[3573364]: INF 2026-07-25 23:35:22.387+00:00 Imported blocks                            blockNumber=10510337 slot=1 blocks=10510336 txs=772933917 mgas=46839907 bps=61.25 tps=10907 mgps=698.3 avgBps=187.8 avgTps=13807 avgMGps=836.8 elapsed=15h32m57s
Jul 25 23:37:39 nimbus-eth1-mainnet-long-benchmark[3573364]: INF 2026-07-25 23:37:39.489+00:00 Imported blocks                            blockNumber=10518529 slot=1 blocks=10518528 txs=774341464 mgas=46933788 bps=59.75 tps=10266 mgps=684.8 avgBps=187.4 avgTps=13799 avgMGps=836.4 elapsed=15h35m14s
Jul 25 23:39:55 nimbus-eth1-mainnet-long-benchmark[3573364]: INF 2026-07-25 23:39:55.595+00:00 Imported blocks                            blockNumber=10526721 slot=1 blocks=10526720 txs=775783173 mgas=47028798 bps=60.19 tps=10592 mgps=698.0 avgBps=187.1 avgTps=13791 avgMGps=836.1 elapsed=15h37m30s
Jul 25 23:42:19 nimbus-eth1-mainnet-long-benchmark[3573364]: INF 2026-07-25 23:42:19.361+00:00 Imported blocks                            blockNumber=10534913 slot=1 blocks=10534912 txs=777300771 mgas=47127323 bps=56.98 tps=10556 mgps=685.3 avgBps=186.8 avgTps=13783 avgMGps=835.7 elapsed=15h39m54s
Jul 25 23:44:42 nimbus-eth1-mainnet-long-benchmark[3573364]: INF 2026-07-25 23:44:42.762+00:00 Imported blocks                            blockNumber=10543105 slot=1 blocks=10543104 txs=778827853 mgas=47226202 bps=57.13 tps=10649 mgps=689.5 avgBps=186.5 avgTps=13775 avgMGps=835.3 elapsed=15h42m17s
Jul 25 23:47:07 nimbus-eth1-mainnet-long-benchmark[3573364]: INF 2026-07-25 23:47:07.264+00:00 Imported blocks                            blockNumber=10551297 slot=1 blocks=10551296 txs=780357159 mgas=47324765 bps=56.69 tps=10583 mgps=682.1 avgBps=186.1 avgTps=13767 avgMGps=834.9 elapsed=15h44m42s
Jul 25 23:49:22 nimbus-eth1-mainnet-long-benchmark[3573364]: INF 2026-07-25 23:49:22.994+00:00 Imported blocks                            blockNumber=10559489 slot=1 blocks=10559488 txs=781845193 mgas=47422885 bps=60.36 tps=10963 mgps=722.9 avgBps=185.8 avgTps=13760 avgMGps=834.6 elapsed=15h46m58s
Jul 25 23:51:41 nimbus-eth1-mainnet-long-benchmark[3573364]: INF 2026-07-25 23:51:41.500+00:00 Imported blocks                            blockNumber=10567681 slot=1 blocks=10567680 txs=783391094 mgas=47521291 bps=59.14 tps=11161 mgps=710.5 avgBps=185.5 avgTps=13754 avgMGps=834.3 elapsed=15h49m16s
Jul 25 23:54:01 nimbus-eth1-mainnet-long-benchmark[3573364]: INF 2026-07-25 23:54:01.366+00:00 Imported blocks                            blockNumber=10575873 slot=1 blocks=10575872 txs=784873024 mgas=47619423 bps=58.57 tps=10595 mgps=701.6 avgBps=185.2 avgTps=13746 avgMGps=834.0 elapsed=15h51m36s
Jul 25 23:56:22 nimbus-eth1-mainnet-long-benchmark[3573364]: INF 2026-07-25 23:56:22.751+00:00 Imported blocks                            blockNumber=10584065 slot=1 blocks=10584064 txs=786265226 mgas=47717647 bps=57.94 tps=9846 mgps=694.7 avgBps=184.9 avgTps=13736 avgMGps=833.7 elapsed=15h53m57s
Jul 25 23:58:39 nimbus-eth1-mainnet-long-benchmark[3573364]: INF 2026-07-25 23:58:39.637+00:00 Imported blocks                            blockNumber=10592257 slot=1 blocks=10592256 txs=787798291 mgas=47815710 bps=59.85 tps=11199 mgps=716.4 avgBps=184.6 avgTps=13730 avgMGps=833.4 elapsed=15h56m14s
Jul 26 00:00:59 nimbus-eth1-mainnet-long-benchmark[3573364]: INF 2026-07-26 00:00:59.555+00:00 Imported blocks                            blockNumber=10600449 slot=1 blocks=10600448 txs=789318754 mgas=47913787 bps=58.55 tps=10866 mgps=700.9 avgBps=184.3 avgTps=13723 avgMGps=833.1 elapsed=15h58m34s
Jul 26 00:03:17 nimbus-eth1-mainnet-long-benchmark[3573364]: INF 2026-07-26 00:03:17.269+00:00 Imported blocks                            blockNumber=10608641 slot=1 blocks=10608640 txs=790804386 mgas=48011430 bps=59.49 tps=10788 mgps=709.0 avgBps=184.0 avgTps=13716 avgMGps=832.8 elapsed=16h52s278ms
Jul 26 00:05:34 nimbus-eth1-mainnet-long-benchmark[3573364]: INF 2026-07-26 00:05:34.375+00:00 Imported blocks                            blockNumber=10616833 slot=1 blocks=10616832 txs=792341515 mgas=48109524 bps=59.75 tps=11211 mgps=715.5 avgBps=183.7 avgTps=13710 avgMGps=832.5 elapsed=16h3m9s
Jul 26 00:07:48 nimbus-eth1-mainnet-long-benchmark[3573364]: INF 2026-07-26 00:07:48.244+00:00 Imported blocks                            blockNumber=10625025 slot=1 blocks=10625024 txs=793872924 mgas=48207092 bps=61.19 tps=11439 mgps=728.8 avgBps=183.4 avgTps=13705 avgMGps=832.3 elapsed=16h5m23s
Jul 26 00:10:02 nimbus-eth1-mainnet-long-benchmark[3573364]: INF 2026-07-26 00:10:02.722+00:00 Imported blocks                            blockNumber=10633217 slot=1 blocks=10633216 txs=795477953 mgas=48305620 bps=60.92 tps=11935 mgps=732.7 avgBps=183.1 avgTps=13701 avgMGps=832.0 elapsed=16h7m37s
Jul 26 00:12:14 nimbus-eth1-mainnet-long-benchmark[3573364]: INF 2026-07-26 00:12:14.700+00:00 Imported blocks                            blockNumber=10641409 slot=1 blocks=10641408 txs=797059644 mgas=48403729 bps=62.07 tps=11984 mgps=743.4 avgBps=182.9 avgTps=13697 avgMGps=831.8 elapsed=16h9m49s
Jul 26 00:14:21 nimbus-eth1-mainnet-long-benchmark[3573364]: INF 2026-07-26 00:14:21.378+00:00 Imported blocks                            blockNumber=10649601 slot=1 blocks=10649600 txs=798593517 mgas=48502051 bps=64.67 tps=12108 mgps=776.2 avgBps=182.6 avgTps=13694 avgMGps=831.7 elapsed=16h11m56s
Jul 26 00:16:30 nimbus-eth1-mainnet-long-benchmark[3573364]: INF 2026-07-26 00:16:30.320+00:00 Imported blocks                            blockNumber=10657793 slot=1 blocks=10657792 txs=800150333 mgas=48600803 bps=63.53 tps=12073 mgps=765.9 avgBps=182.4 avgTps=13690 avgMGps=831.6 elapsed=16h14m5s
Jul 26 00:18:45 nimbus-eth1-mainnet-long-benchmark[3573364]: INF 2026-07-26 00:18:45.546+00:00 Imported blocks                            blockNumber=10665985 slot=1 blocks=10665984 txs=801605653 mgas=48699222 bps=60.58 tps=10762 mgps=727.8 avgBps=182.1 avgTps=13683 avgMGps=831.3 elapsed=16h16m20s
Jul 26 00:20:58 nimbus-eth1-mainnet-long-benchmark[3573364]: INF 2026-07-26 00:20:58.000+00:00 Imported blocks                            blockNumber=10674177 slot=1 blocks=10674176 txs=803005481 mgas=48798078 bps=61.85 tps=10568 mgps=746.3 avgBps=181.8 avgTps=13676 avgMGps=831.1 elapsed=16h18m33s
Jul 26 00:23:09 nimbus-eth1-mainnet-long-benchmark[3573364]: INF 2026-07-26 00:23:09.102+00:00 Imported blocks                            blockNumber=10682369 slot=1 blocks=10682368 txs=804548663 mgas=48897143 bps=62.49 tps=11770 mgps=755.6 avgBps=181.5 avgTps=13672 avgMGps=831.0 elapsed=16h20m44s
Jul 26 00:25:20 nimbus-eth1-mainnet-long-benchmark[3573364]: INF 2026-07-26 00:25:20.948+00:00 Imported blocks                            blockNumber=10690561 slot=1 blocks=10690560 txs=806090298 mgas=48995978 bps=62.13 tps=11692 mgps=749.6 avgBps=181.3 avgTps=13668 avgMGps=830.8 elapsed=16h22m55s
Jul 26 00:27:35 nimbus-eth1-mainnet-long-benchmark[3573364]: INF 2026-07-26 00:27:35.558+00:00 Imported blocks                            blockNumber=10698753 slot=1 blocks=10698752 txs=807585637 mgas=49095032 bps=60.86 tps=11108 mgps=735.9 avgBps=181.0 avgTps=13662 avgMGps=830.6 elapsed=16h25m10s
Jul 26 00:29:51 nimbus-eth1-mainnet-long-benchmark[3573364]: INF 2026-07-26 00:29:51.843+00:00 Imported blocks                            blockNumber=10706945 slot=1 blocks=10706944 txs=809121090 mgas=49194238 bps=60.11 tps=11266 mgps=727.9 avgBps=180.7 avgTps=13656 avgMGps=830.3 elapsed=16h27m26s
Jul 26 00:32:07 nimbus-eth1-mainnet-long-benchmark[3573364]: INF 2026-07-26 00:32:07.309+00:00 Imported blocks                            blockNumber=10715137 slot=1 blocks=10715136 txs=810532950 mgas=49292671 bps=60.47 tps=10422 mgps=726.6 avgBps=180.4 avgTps=13649 avgMGps=830.1 elapsed=16h29m42s
Jul 26 00:34:22 nimbus-eth1-mainnet-long-benchmark[3573364]: INF 2026-07-26 00:34:22.635+00:00 Imported blocks                            blockNumber=10723329 slot=1 blocks=10723328 txs=811998890 mgas=49391594 bps=60.53 tps=10832 mgps=731.0 avgBps=180.2 avgTps=13642 avgMGps=829.9 elapsed=16h31m57s
Jul 26 00:36:36 nimbus-eth1-mainnet-long-benchmark[3573364]: INF 2026-07-26 00:36:36.097+00:00 Imported blocks                            blockNumber=10731521 slot=1 blocks=10731520 txs=813443969 mgas=49490651 bps=61.38 tps=10827 mgps=742.2 avgBps=179.9 avgTps=13636 avgMGps=829.7 elapsed=16h34m11s
Jul 26 00:38:51 nimbus-eth1-mainnet-long-benchmark[3573364]: INF 2026-07-26 00:38:51.371+00:00 Imported blocks                            blockNumber=10739713 slot=1 blocks=10739712 txs=814853567 mgas=49589487 bps=60.56 tps=10420 mgps=730.6 avgBps=179.6 avgTps=13629 avgMGps=829.4 elapsed=16h36m26s
Jul 26 00:41:05 nimbus-eth1-mainnet-long-benchmark[3573364]: INF 2026-07-26 00:41:05.461+00:00 Imported blocks                            blockNumber=10747905 slot=1 blocks=10747904 txs=816288256 mgas=49688091 bps=61.09 tps=10699 mgps=735.4 avgBps=179.4 avgTps=13622 avgMGps=829.2 elapsed=16h38m40s
Jul 26 00:43:17 nimbus-eth1-mainnet-long-benchmark[3573364]: INF 2026-07-26 00:43:17.907+00:00 Imported blocks                            blockNumber=10756097 slot=1 blocks=10756096 txs=817720607 mgas=49786485 bps=61.85 tps=10814 mgps=742.9 avgBps=179.1 avgTps=13616 avgMGps=829.0 elapsed=16h40m52s
Jul 26 00:45:27 nimbus-eth1-mainnet-long-benchmark[3573364]: INF 2026-07-26 00:45:27.016+00:00 Imported blocks                            blockNumber=10764289 slot=1 blocks=10764288 txs=819157056 mgas=49885480 bps=63.45 tps=11125 mgps=766.8 avgBps=178.9 avgTps=13611 avgMGps=828.9 elapsed=16h43m2s
Jul 26 00:47:32 nimbus-eth1-mainnet-long-benchmark[3573364]: INF 2026-07-26 00:47:32.982+00:00 Imported blocks                            blockNumber=10772481 slot=1 blocks=10772480 txs=820651080 mgas=49984345 bps=65.03 tps=11860 mgps=784.9 avgBps=178.6 avgTps=13607 avgMGps=828.8 elapsed=16h45m7s
Jul 26 00:49:39 nimbus-eth1-mainnet-long-benchmark[3573364]: INF 2026-07-26 00:49:39.068+00:00 Imported blocks                            blockNumber=10780673 slot=1 blocks=10780672 txs=822215293 mgas=50083289 bps=64.97 tps=12405 mgps=784.7 avgBps=178.4 avgTps=13605 avgMGps=828.7 elapsed=16h47m14s
Jul 26 00:51:45 nimbus-eth1-mainnet-long-benchmark[3573364]: INF 2026-07-26 00:51:45.526+00:00 Imported blocks                            blockNumber=10788865 slot=1 blocks=10788864 txs=823702810 mgas=50182359 bps=64.78 tps=11763 mgps=783.4 avgBps=178.2 avgTps=13601 avgMGps=828.6 elapsed=16h49m20s
Jul 26 00:53:57 nimbus-eth1-mainnet-long-benchmark[3573364]: INF 2026-07-26 00:53:57.188+00:00 Imported blocks                            blockNumber=10797057 slot=1 blocks=10797056 txs=825134208 mgas=50280990 bps=62.22 tps=10871 mgps=749.1 avgBps=177.9 avgTps=13595 avgMGps=828.5 elapsed=16h51m32s
Jul 26 00:56:11 nimbus-eth1-mainnet-long-benchmark[3573364]: INF 2026-07-26 00:56:11.686+00:00 Imported blocks                            blockNumber=10805249 slot=1 blocks=10805248 txs=826414005 mgas=50378852 bps=60.91 tps=9515 mgps=727.6 avgBps=177.6 avgTps=13586 avgMGps=828.2 elapsed=16h53m46s
Jul 26 00:58:27 nimbus-eth1-mainnet-long-benchmark[3573364]: INF 2026-07-26 00:58:27.152+00:00 Imported blocks                            blockNumber=10813441 slot=1 blocks=10813440 txs=827728080 mgas=50478221 bps=60.47 tps=9700 mgps=733.5 avgBps=177.4 avgTps=13577 avgMGps=828.0 elapsed=16h56m2s
Jul 26 01:00:42 nimbus-eth1-mainnet-long-benchmark[3573364]: INF 2026-07-26 01:00:42.874+00:00 Imported blocks                            blockNumber=10821633 slot=1 blocks=10821632 txs=829054380 mgas=50577072 bps=60.36 tps=9772 mgps=728.3 avgBps=177.1 avgTps=13569 avgMGps=827.8 elapsed=16h58m17s
Jul 26 01:02:57 nimbus-eth1-mainnet-long-benchmark[3573364]: INF 2026-07-26 01:02:57.148+00:00 Imported blocks                            blockNumber=10829825 slot=1 blocks=10829824 txs=830352008 mgas=50676241 bps=61.01 tps=9663 mgps=738.6 avgBps=176.9 avgTps=13560 avgMGps=827.6 elapsed=17h32s156ms
Jul 26 01:05:11 nimbus-eth1-mainnet-long-benchmark[3573364]: INF 2026-07-26 01:05:11.282+00:00 Imported blocks                            blockNumber=10838017 slot=1 blocks=10838016 txs=831728887 mgas=50775181 bps=61.07 tps=10265 mgps=737.6 avgBps=176.6 avgTps=13553 avgMGps=827.4 elapsed=17h2m46s
Jul 26 01:07:27 nimbus-eth1-mainnet-long-benchmark[3573364]: INF 2026-07-26 01:07:27.879+00:00 Imported blocks                            blockNumber=10846209 slot=1 blocks=10846208 txs=833075106 mgas=50874585 bps=59.97 tps=9855 mgps=727.7 avgBps=176.4 avgTps=13545 avgMGps=827.2 elapsed=17h5m2s
Jul 26 01:09:44 nimbus-eth1-mainnet-long-benchmark[3573364]: INF 2026-07-26 01:09:44.269+00:00 Imported blocks                            blockNumber=10854401 slot=1 blocks=10854400 txs=834398358 mgas=50973836 bps=60.06 tps=9702 mgps=727.7 avgBps=176.1 avgTps=13536 avgMGps=827.0 elapsed=17h7m19s
Jul 26 01:12:04 nimbus-eth1-mainnet-long-benchmark[3573364]: INF 2026-07-26 01:12:04.263+00:00 Imported blocks                            blockNumber=10862593 slot=1 blocks=10862592 txs=835733334 mgas=51073331 bps=58.52 tps=9535 mgps=710.7 avgBps=175.8 avgTps=13527 avgMGps=826.7 elapsed=17h9m39s
Jul 26 01:14:22 nimbus-eth1-mainnet-long-benchmark[3573364]: INF 2026-07-26 01:14:22.753+00:00 Imported blocks                            blockNumber=10870785 slot=1 blocks=10870784 txs=837074699 mgas=51172891 bps=59.15 tps=9685 mgps=718.9 avgBps=175.6 avgTps=13519 avgMGps=826.5 elapsed=17h11m57s
Jul 26 01:16:37 nimbus-eth1-mainnet-long-benchmark[3573364]: INF 2026-07-26 01:16:37.991+00:00 Imported blocks                            blockNumber=10878977 slot=1 blocks=10878976 txs=838544835 mgas=51272153 bps=60.58 tps=10870 mgps=734.0 avgBps=175.3 avgTps=13513 avgMGps=826.3 elapsed=17h14m12s
Jul 26 01:18:48 nimbus-eth1-mainnet-long-benchmark[3573364]: INF 2026-07-26 01:18:48.453+00:00 Imported blocks                            blockNumber=10887169 slot=1 blocks=10887168 txs=840230623 mgas=51371703 bps=62.79 tps=12921 mgps=763.1 avgBps=175.1 avgTps=13512 avgMGps=826.1 elapsed=17h16m23s
Jul 26 01:21:05 nimbus-eth1-mainnet-long-benchmark[3573364]: INF 2026-07-26 01:21:05.430+00:00 Imported blocks                            blockNumber=10895361 slot=1 blocks=10895360 txs=841625636 mgas=51471056 bps=59.81 tps=10184 mgps=725.3 avgBps=174.8 avgTps=13504 avgMGps=825.9 elapsed=17h18m40s
Jul 26 01:23:22 nimbus-eth1-mainnet-long-benchmark[3573364]: INF 2026-07-26 01:23:22.044+00:00 Imported blocks                            blockNumber=10903553 slot=1 blocks=10903552 txs=842978836 mgas=51570186 bps=59.96 tps=9905 mgps=725.6 avgBps=174.6 avgTps=13496 avgMGps=825.7 elapsed=17h20m57s
Jul 26 01:25:37 nimbus-eth1-mainnet-long-benchmark[3573364]: INF 2026-07-26 01:25:37.594+00:00 Imported blocks                            blockNumber=10911745 slot=1 blocks=10911744 txs=844414970 mgas=51669201 bps=60.44 tps=10594 mgps=730.5 avgBps=174.3 avgTps=13490 avgMGps=825.5 elapsed=17h23m12s
Jul 26 01:27:52 nimbus-eth1-mainnet-long-benchmark[3573364]: INF 2026-07-26 01:27:52.824+00:00 Imported blocks                            blockNumber=10919937 slot=1 blocks=10919936 txs=845787076 mgas=51768410 bps=60.58 tps=10146 mgps=733.6 avgBps=174.1 avgTps=13483 avgMGps=825.3 elapsed=17h25m27s
Jul 26 01:30:09 nimbus-eth1-mainnet-long-benchmark[3573364]: INF 2026-07-26 01:30:09.094+00:00 Imported blocks                            blockNumber=10928129 slot=1 blocks=10928128 txs=847125225 mgas=51867610 bps=60.12 tps=9820 mgps=728.0 avgBps=173.8 avgTps=13475 avgMGps=825.1 elapsed=17h27m44s
Jul 26 01:32:25 nimbus-eth1-mainnet-long-benchmark[3573364]: INF 2026-07-26 01:32:25.807+00:00 Imported blocks                            blockNumber=10936321 slot=1 blocks=10936320 txs=848428975 mgas=51966820 bps=59.92 tps=9536 mgps=725.7 avgBps=173.6 avgTps=13466 avgMGps=824.9 elapsed=17h30m817ms
Jul 26 01:34:42 nimbus-eth1-mainnet-long-benchmark[3573364]: INF 2026-07-26 01:34:42.013+00:00 Imported blocks                            blockNumber=10944513 slot=1 blocks=10944512 txs=849712183 mgas=52066431 bps=60.14 tps=9421 mgps=731.3 avgBps=173.3 avgTps=13458 avgMGps=824.7 elapsed=17h32m17s
Jul 26 01:36:53 nimbus-eth1-mainnet-long-benchmark[3573364]: INF 2026-07-26 01:36:53.227+00:00 Imported blocks                            blockNumber=10952705 slot=1 blocks=10952704 txs=851031984 mgas=52165963 bps=62.43 tps=10058 mgps=758.5 avgBps=173.1 avgTps=13451 avgMGps=824.5 elapsed=17h34m28s
Jul 26 01:39:05 nimbus-eth1-mainnet-long-benchmark[3573364]: INF 2026-07-26 01:39:05.817+00:00 Imported blocks                            blockNumber=10960897 slot=1 blocks=10960896 txs=852384620 mgas=52265273 bps=61.79 tps=10201 mgps=749.0 avgBps=172.9 avgTps=13444 avgMGps=824.4 elapsed=17h36m40s
Jul 26 01:41:20 nimbus-eth1-mainnet-long-benchmark[3573364]: INF 2026-07-26 01:41:20.415+00:00 Imported blocks                            blockNumber=10969089 slot=1 blocks=10969088 txs=853759722 mgas=52364739 bps=60.86 tps=10216 mgps=739.0 avgBps=172.6 avgTps=13437 avgMGps=824.2 elapsed=17h38m55s
Jul 26 01:43:38 nimbus-eth1-mainnet-long-benchmark[3573364]: INF 2026-07-26 01:43:38.705+00:00 Imported blocks                            blockNumber=10977281 slot=1 blocks=10977280 txs=855078452 mgas=52464367 bps=59.24 tps=9536 mgps=720.4 avgBps=172.4 avgTps=13429 avgMGps=824.0 elapsed=17h41m13s
Jul 26 01:45:52 nimbus-eth1-mainnet-long-benchmark[3573364]: INF 2026-07-26 01:45:52.519+00:00 Imported blocks                            blockNumber=10985473 slot=1 blocks=10985472 txs=856305718 mgas=52564037 bps=61.22 tps=9171 mgps=744.9 avgBps=172.2 avgTps=13420 avgMGps=823.8 elapsed=17h43m27s
Jul 26 01:48:06 nimbus-eth1-mainnet-long-benchmark[3573364]: INF 2026-07-26 01:48:06.520+00:00 Imported blocks                            blockNumber=10993665 slot=1 blocks=10993664 txs=857557352 mgas=52663802 bps=61.13 tps=9340 mgps=744.5 avgBps=171.9 avgTps=13411 avgMGps=823.6 elapsed=17h45m41s
Jul 26 01:50:22 nimbus-eth1-mainnet-long-benchmark[3573364]: INF 2026-07-26 01:50:22.942+00:00 Imported blocks                            blockNumber=11001857 slot=1 blocks=11001856 txs=858913944 mgas=52763421 bps=60.05 tps=9944 mgps=730.2 avgBps=171.7 avgTps=13404 avgMGps=823.4 elapsed=17h47m57s
Jul 26 01:52:40 nimbus-eth1-mainnet-long-benchmark[3573364]: INF 2026-07-26 01:52:40.660+00:00 Imported blocks                            blockNumber=11010049 slot=1 blocks=11010048 txs=860292461 mgas=52862906 bps=59.48 tps=10009 mgps=722.4 avgBps=171.5 avgTps=13396 avgMGps=823.2 elapsed=17h50m15s
Jul 26 01:54:54 nimbus-eth1-mainnet-long-benchmark[3573364]: INF 2026-07-26 01:54:54.858+00:00 Imported blocks                            blockNumber=11018241 slot=1 blocks=11018240 txs=861568203 mgas=52961281 bps=61.05 tps=9506 mgps=733.1 avgBps=171.2 avgTps=13388 avgMGps=823.0 elapsed=17h52m29s
Jul 26 01:57:11 nimbus-eth1-mainnet-long-benchmark[3573364]: INF 2026-07-26 01:57:11.188+00:00 Imported blocks                            blockNumber=11026433 slot=1 blocks=11026432 txs=862922693 mgas=53060579 bps=60.09 tps=9935 mgps=728.4 avgBps=171.0 avgTps=13381 avgMGps=822.8 elapsed=17h54m46s
Jul 26 01:59:24 nimbus-eth1-mainnet-long-benchmark[3573364]: INF 2026-07-26 01:59:24.038+00:00 Imported blocks                            blockNumber=11034625 slot=1 blocks=11034624 txs=864232805 mgas=53157766 bps=61.66 tps=9861 mgps=731.5 avgBps=170.8 avgTps=13374 avgMGps=822.6 elapsed=17h56m59s
Jul 26 02:01:40 nimbus-eth1-mainnet-long-benchmark[3573364]: INF 2026-07-26 02:01:40.907+00:00 Imported blocks                            blockNumber=11042817 slot=1 blocks=11042816 txs=865566908 mgas=53257011 bps=59.85 tps=9747 mgps=725.1 avgBps=170.5 avgTps=13366 avgMGps=822.4 elapsed=17h59m15s
Jul 26 02:03:57 nimbus-eth1-mainnet-long-benchmark[3573364]: INF 2026-07-26 02:03:57.877+00:00 Imported blocks                            blockNumber=11051009 slot=1 blocks=11051008 txs=866930637 mgas=53356769 bps=59.81 tps=9956 mgps=728.3 avgBps=170.3 avgTps=13359 avgMGps=822.2 elapsed=18h1m32s
Jul 26 02:06:14 nimbus-eth1-mainnet-long-benchmark[3573364]: INF 2026-07-26 02:06:14.115+00:00 Imported blocks                            blockNumber=11059201 slot=1 blocks=11059200 txs=868363931 mgas=53456581 bps=60.13 tps=10520 mgps=732.6 avgBps=170.1 avgTps=13353 avgMGps=822.0 elapsed=18h3m49s
Jul 26 02:08:37 nimbus-eth1-mainnet-long-benchmark[3573364]: INF 2026-07-26 02:08:37.525+00:00 Imported blocks                            blockNumber=11067393 slot=1 blocks=11067392 txs=869917977 mgas=53556446 bps=57.12 tps=10836 mgps=696.4 avgBps=169.8 avgTps=13347 avgMGps=821.8 elapsed=18h6m12s
Jul 26 02:11:00 nimbus-eth1-mainnet-long-benchmark[3573364]: INF 2026-07-26 02:11:00.970+00:00 Imported blocks                            blockNumber=11075585 slot=1 blocks=11075584 txs=871266553 mgas=53655938 bps=57.11 tps=9401 mgps=693.6 avgBps=169.6 avgTps=13339 avgMGps=821.5 elapsed=18h8m35s
Jul 26 02:13:23 nimbus-eth1-mainnet-long-benchmark[3573364]: INF 2026-07-26 02:13:23.004+00:00 Imported blocks                            blockNumber=11083777 slot=1 blocks=11083776 txs=872514587 mgas=53755568 bps=57.67 tps=8786 mgps=701.4 avgBps=169.3 avgTps=13329 avgMGps=821.2 elapsed=18h10m58s
Jul 26 02:15:48 nimbus-eth1-mainnet-long-benchmark[3573364]: INF 2026-07-26 02:15:48.894+00:00 Imported blocks                            blockNumber=11091969 slot=1 blocks=11091968 txs=873916102 mgas=53855242 bps=56.15 tps=9606 mgps=683.2 avgBps=169.1 avgTps=13321 avgMGps=820.9 elapsed=18h13m23s
Jul 26 02:18:11 nimbus-eth1-mainnet-long-benchmark[3573364]: INF 2026-07-26 02:18:11.784+00:00 Imported blocks                            blockNumber=11100161 slot=1 blocks=11100160 txs=875363864 mgas=53954983 bps=57.33 tps=10132 mgps=698.0 avgBps=168.8 avgTps=13314 avgMGps=820.6 elapsed=18h15m46s
Jul 26 02:20:36 nimbus-eth1-mainnet-long-benchmark[3573364]: INF 2026-07-26 02:20:36.069+00:00 Imported blocks                            blockNumber=11108353 slot=1 blocks=11108352 txs=876849008 mgas=54054812 bps=56.78 tps=10292 mgps=691.9 avgBps=168.6 avgTps=13307 avgMGps=820.4 elapsed=18h18m11s
Jul 26 02:22:56 nimbus-eth1-mainnet-long-benchmark[3573364]: INF 2026-07-26 02:22:56.439+00:00 Imported blocks                            blockNumber=11116545 slot=1 blocks=11116544 txs=878247825 mgas=54154483 bps=58.36 tps=9965 mgps=710.1 avgBps=168.4 avgTps=13300 avgMGps=820.1 elapsed=18h20m31s
Jul 26 02:25:14 nimbus-eth1-mainnet-long-benchmark[3573364]: INF 2026-07-26 02:25:14.293+00:00 Imported blocks                            blockNumber=11124737 slot=1 blocks=11124736 txs=879517986 mgas=54254233 bps=59.43 tps=9213 mgps=723.6 avgBps=168.1 avgTps=13291 avgMGps=819.9 elapsed=18h22m49s
Jul 26 02:27:33 nimbus-eth1-mainnet-long-benchmark[3573364]: INF 2026-07-26 02:27:33.011+00:00 Imported blocks                            blockNumber=11132929 slot=1 blocks=11132928 txs=880838951 mgas=54354407 bps=59.06 tps=9522 mgps=722.1 avgBps=167.9 avgTps=13284 avgMGps=819.7 elapsed=18h25m8s
Jul 26 02:29:53 nimbus-eth1-mainnet-long-benchmark[3573364]: INF 2026-07-26 02:29:53.468+00:00 Imported blocks                            blockNumber=11141121 slot=1 blocks=11141120 txs=882164625 mgas=54454305 bps=58.32 tps=9438 mgps=711.2 avgBps=167.7 avgTps=13275 avgMGps=819.5 elapsed=18h27m28s
Jul 26 02:32:12 nimbus-eth1-mainnet-long-benchmark[3573364]: INF 2026-07-26 02:32:12.046+00:00 Imported blocks                            blockNumber=11149313 slot=1 blocks=11149312 txs=883567563 mgas=54554157 bps=59.12 tps=10124 mgps=720.6 avgBps=167.4 avgTps=13269 avgMGps=819.3 elapsed=18h29m47s
Jul 26 02:34:28 nimbus-eth1-mainnet-long-benchmark[3573364]: INF 2026-07-26 02:34:28.664+00:00 Imported blocks                            blockNumber=11157505 slot=1 blocks=11157504 txs=884995075 mgas=54654006 bps=59.96 tps=10448 mgps=730.8 avgBps=167.2 avgTps=13263 avgMGps=819.1 elapsed=18h32m3s
Jul 26 02:36:48 nimbus-eth1-mainnet-long-benchmark[3573364]: INF 2026-07-26 02:36:48.158+00:00 Imported blocks                            blockNumber=11165697 slot=1 blocks=11165696 txs=886394091 mgas=54753831 bps=58.73 tps=10029 mgps=715.6 avgBps=167.0 avgTps=13256 avgMGps=818.9 elapsed=18h34m23s
Jul 26 02:39:10 nimbus-eth1-mainnet-long-benchmark[3573364]: INF 2026-07-26 02:39:10.727+00:00 Imported blocks                            blockNumber=11173889 slot=1 blocks=11173888 txs=887688111 mgas=54853481 bps=57.46 tps=9076 mgps=698.9 avgBps=166.8 avgTps=13247 avgMGps=818.6 elapsed=18h36m45s
Jul 26 02:41:34 nimbus-eth1-mainnet-long-benchmark[3573364]: INF 2026-07-26 02:41:34.529+00:00 Imported blocks                            blockNumber=11182081 slot=1 blocks=11182080 txs=889126731 mgas=54953413 bps=56.97 tps=10004 mgps=694.9 avgBps=166.5 avgTps=13240 avgMGps=818.4 elapsed=18h39m9s
Jul 26 02:43:57 nimbus-eth1-mainnet-long-benchmark[3573364]: INF 2026-07-26 02:43:57.007+00:00 Imported blocks                            blockNumber=11190273 slot=1 blocks=11190272 txs=890565645 mgas=55053419 bps=57.50 tps=10099 mgps=701.9 avgBps=166.3 avgTps=13234 avgMGps=818.1 elapsed=18h41m32s
Jul 26 02:46:21 nimbus-eth1-mainnet-long-benchmark[3573364]: INF 2026-07-26 02:46:21.305+00:00 Imported blocks                            blockNumber=11198465 slot=1 blocks=11198464 txs=892009587 mgas=55153159 bps=56.77 tps=10006 mgps=691.2 avgBps=166.1 avgTps=13227 avgMGps=817.9 elapsed=18h43m56s
Jul 26 02:48:44 nimbus-eth1-mainnet-long-benchmark[3573364]: INF 2026-07-26 02:48:44.658+00:00 Imported blocks                            blockNumber=11206657 slot=1 blocks=11206656 txs=893422220 mgas=55252888 bps=57.15 tps=9854 mgps=695.7 avgBps=165.8 avgTps=13220 avgMGps=817.6 elapsed=18h46m19s
Jul 26 02:51:08 nimbus-eth1-mainnet-long-benchmark[3573364]: INF 2026-07-26 02:51:08.224+00:00 Imported blocks                            blockNumber=11214849 slot=1 blocks=11214848 txs=894802790 mgas=55352581 bps=57.06 tps=9616 mgps=694.4 avgBps=165.6 avgTps=13212 avgMGps=817.3 elapsed=18h48m43s
Jul 26 02:53:31 nimbus-eth1-mainnet-long-benchmark[3573364]: INF 2026-07-26 02:53:31.814+00:00 Imported blocks                            blockNumber=11223041 slot=1 blocks=11223040 txs=896185935 mgas=55452485 bps=57.05 tps=9632 mgps=695.8 avgBps=165.4 avgTps=13205 avgMGps=817.1 elapsed=18h51m6s
Jul 26 02:55:56 nimbus-eth1-mainnet-long-benchmark[3573364]: INF 2026-07-26 02:55:56.751+00:00 Imported blocks                            blockNumber=11231233 slot=1 blocks=11231232 txs=897664293 mgas=55552590 bps=56.52 tps=10199 mgps=690.7 avgBps=165.1 avgTps=13198 avgMGps=816.8 elapsed=18h53m31s
Jul 26 02:58:20 nimbus-eth1-mainnet-long-benchmark[3573364]: INF 2026-07-26 02:58:20.385+00:00 Imported blocks                            blockNumber=11239425 slot=1 blocks=11239424 txs=899012217 mgas=55652478 bps=57.03 tps=9384 mgps=695.4 avgBps=164.9 avgTps=13190 avgMGps=816.6 elapsed=18h55m55s
Jul 26 03:00:40 nimbus-eth1-mainnet-long-benchmark[3573364]: INF 2026-07-26 03:00:40.655+00:00 Imported blocks                            blockNumber=11247617 slot=1 blocks=11247616 txs=900393491 mgas=55752700 bps=58.40 tps=9847 mgps=714.5 avgBps=164.7 avgTps=13183 avgMGps=816.3 elapsed=18h58m15s
Jul 26 03:03:01 nimbus-eth1-mainnet-long-benchmark[3573364]: INF 2026-07-26 03:03:01.509+00:00 Imported blocks                            blockNumber=11255809 slot=1 blocks=11255808 txs=901837930 mgas=55852486 bps=58.16 tps=10255 mgps=708.5 avgBps=164.5 avgTps=13177 avgMGps=816.1 elapsed=19h36s518ms
Jul 26 03:05:22 nimbus-eth1-mainnet-long-benchmark[3573364]: INF 2026-07-26 03:05:22.818+00:00 Imported blocks                            blockNumber=11264001 slot=1 blocks=11264000 txs=903154009 mgas=55952377 bps=57.97 tps=9313 mgps=706.9 avgBps=164.3 avgTps=13169 avgMGps=815.9 elapsed=19h2m57s
Jul 26 03:07:45 nimbus-eth1-mainnet-long-benchmark[3573364]: INF 2026-07-26 03:07:45.672+00:00 Imported blocks                            blockNumber=11272193 slot=1 blocks=11272192 txs=904501719 mgas=56052324 bps=57.34 tps=9434 mgps=699.6 avgBps=164.0 avgTps=13162 avgMGps=815.7 elapsed=19h5m20s
Jul 26 03:10:11 nimbus-eth1-mainnet-long-benchmark[3573364]: INF 2026-07-26 03:10:11.162+00:00 Imported blocks                            blockNumber=11280385 slot=1 blocks=11280384 txs=905986224 mgas=56152175 bps=56.31 tps=10203 mgps=686.3 avgBps=163.8 avgTps=13155 avgMGps=815.4 elapsed=19h7m46s
Jul 26 03:12:37 nimbus-eth1-mainnet-long-benchmark[3573364]: INF 2026-07-26 03:12:37.423+00:00 Imported blocks                            blockNumber=11288577 slot=1 blocks=11288576 txs=907382968 mgas=56252174 bps=56.01 tps=9549 mgps=683.7 avgBps=163.6 avgTps=13148 avgMGps=815.1 elapsed=19h10m12s
Jul 26 03:15:02 nimbus-eth1-mainnet-long-benchmark[3573364]: INF 2026-07-26 03:15:02.897+00:00 Imported blocks                            blockNumber=11296769 slot=1 blocks=11296768 txs=908853868 mgas=56351959 bps=56.31 tps=10111 mgps=685.9 avgBps=163.3 avgTps=13141 avgMGps=814.8 elapsed=19h12m37s
Jul 26 03:17:30 nimbus-eth1-mainnet-long-benchmark[3573364]: INF 2026-07-26 03:17:30.515+00:00 Imported blocks                            blockNumber=11304961 slot=1 blocks=11304960 txs=910283917 mgas=56451646 bps=55.49 tps=9687 mgps=675.3 avgBps=163.1 avgTps=13134 avgMGps=814.5 elapsed=19h15m5s
Jul 26 03:19:59 nimbus-eth1-mainnet-long-benchmark[3573364]: INF 2026-07-26 03:19:59.016+00:00 Imported blocks                            blockNumber=11313153 slot=1 blocks=11313152 txs=911737756 mgas=56551313 bps=55.17 tps=9790 mgps=671.2 avgBps=162.9 avgTps=13127 avgMGps=814.2 elapsed=19h17m34s
Jul 26 03:22:25 nimbus-eth1-mainnet-long-benchmark[3573364]: INF 2026-07-26 03:22:25.206+00:00 Imported blocks                            blockNumber=11321345 slot=1 blocks=11321344 txs=913333512 mgas=56651047 bps=56.04 tps=10915 mgps=682.2 avgBps=162.7 avgTps=13122 avgMGps=813.9 elapsed=19h20m214ms
Jul 26 03:24:51 nimbus-eth1-mainnet-long-benchmark[3573364]: INF 2026-07-26 03:24:51.144+00:00 Imported blocks                            blockNumber=11329537 slot=1 blocks=11329536 txs=914861548 mgas=56750835 bps=56.13 tps=10470 mgps=683.8 avgBps=162.4 avgTps=13117 avgMGps=813.7 elapsed=19h22m26s
Jul 26 03:27:19 nimbus-eth1-mainnet-long-benchmark[3573364]: INF 2026-07-26 03:27:19.589+00:00 Imported blocks                            blockNumber=11337729 slot=1 blocks=11337728 txs=916306605 mgas=56850378 bps=55.19 tps=9734 mgps=670.6 avgBps=162.2 avgTps=13109 avgMGps=813.4 elapsed=19h24m54s
Jul 26 03:29:45 nimbus-eth1-mainnet-long-benchmark[3573364]: INF 2026-07-26 03:29:45.747+00:00 Imported blocks                            blockNumber=11345921 slot=1 blocks=11345920 txs=917665904 mgas=56950452 bps=56.05 tps=9300 mgps=684.7 avgBps=162.0 avgTps=13101 avgMGps=813.1 elapsed=19h27m20s
Jul 26 03:32:09 nimbus-eth1-mainnet-long-benchmark[3573364]: INF 2026-07-26 03:32:09.757+00:00 Imported blocks                            blockNumber=11354113 slot=1 blocks=11354112 txs=918880331 mgas=57050238 bps=56.89 tps=8433 mgps=692.9 avgBps=161.8 avgTps=13092 avgMGps=812.9 elapsed=19h29m44s
Jul 26 03:34:39 nimbus-eth1-mainnet-long-benchmark[3573364]: INF 2026-07-26 03:34:39.910+00:00 Imported blocks                            blockNumber=11362305 slot=1 blocks=11362304 txs=920328870 mgas=57150115 bps=54.56 tps=9646 mgps=665.2 avgBps=161.5 avgTps=13084 avgMGps=812.5 elapsed=19h32m14s
Jul 26 03:37:11 nimbus-eth1-mainnet-long-benchmark[3573364]: INF 2026-07-26 03:37:11.040+00:00 Imported blocks                            blockNumber=11370497 slot=1 blocks=11370496 txs=921772312 mgas=57250021 bps=54.20 tps=9550 mgps=661.1 avgBps=161.3 avgTps=13077 avgMGps=812.2 elapsed=19h34m46s
Jul 26 03:39:37 nimbus-eth1-mainnet-long-benchmark[3573364]: INF 2026-07-26 03:39:37.270+00:00 Imported blocks                            blockNumber=11378689 slot=1 blocks=11378688 txs=923145258 mgas=57349515 bps=56.02 tps=9389 mgps=680.4 avgBps=161.1 avgTps=13069 avgMGps=811.9 elapsed=19h37m12s
Jul 26 03:42:05 nimbus-eth1-mainnet-long-benchmark[3573364]: INF 2026-07-26 03:42:05.595+00:00 Imported blocks                            blockNumber=11386881 slot=1 blocks=11386880 txs=924605974 mgas=57449435 bps=55.23 tps=9847 mgps=673.6 avgBps=160.9 avgTps=13062 avgMGps=811.7 elapsed=19h39m40s
Jul 26 03:44:35 nimbus-eth1-mainnet-long-benchmark[3573364]: INF 2026-07-26 03:44:35.805+00:00 Imported blocks                            blockNumber=11395073 slot=1 blocks=11395072 txs=925930845 mgas=57549237 bps=54.54 tps=8820 mgps=664.4 avgBps=160.7 avgTps=13053 avgMGps=811.3 elapsed=19h42m10s
Jul 26 03:47:01 nimbus-eth1-mainnet-long-benchmark[3573364]: INF 2026-07-26 03:47:01.074+00:00 Imported blocks                            blockNumber=11403265 slot=1 blocks=11403264 txs=927225489 mgas=57648989 bps=56.39 tps=8912 mgps=686.7 avgBps=160.4 avgTps=13045 avgMGps=811.1 elapsed=19h44m36s
Jul 26 03:49:27 nimbus-eth1-mainnet-long-benchmark[3573364]: INF 2026-07-26 03:49:27.400+00:00 Imported blocks                            blockNumber=11411457 slot=1 blocks=11411456 txs=928652652 mgas=57748925 bps=55.98 tps=9753 mgps=683.0 avgBps=160.2 avgTps=13038 avgMGps=810.8 elapsed=19h47m2s
Jul 26 03:51:55 nimbus-eth1-mainnet-long-benchmark[3573364]: INF 2026-07-26 03:51:55.622+00:00 Imported blocks                            blockNumber=11419649 slot=1 blocks=11419648 txs=930123591 mgas=57848826 bps=55.27 tps=9924 mgps=674.0 avgBps=160.0 avgTps=13032 avgMGps=810.5 elapsed=19h49m30s
Jul 26 03:54:22 nimbus-eth1-mainnet-long-benchmark[3573364]: INF 2026-07-26 03:54:22.755+00:00 Imported blocks                            blockNumber=11427841 slot=1 blocks=11427840 txs=931498085 mgas=57948784 bps=55.68 tps=9341 mgps=679.4 avgBps=159.8 avgTps=13024 avgMGps=810.3 elapsed=19h51m57s
Jul 26 03:56:47 nimbus-eth1-mainnet-long-benchmark[3573364]: INF 2026-07-26 03:56:47.725+00:00 Imported blocks                            blockNumber=11436033 slot=1 blocks=11436032 txs=932910947 mgas=58049014 bps=56.51 tps=9745 mgps=691.4 avgBps=159.6 avgTps=13018 avgMGps=810.0 elapsed=19h54m22s
Jul 26 03:59:11 nimbus-eth1-mainnet-long-benchmark[3573364]: INF 2026-07-26 03:59:11.143+00:00 Imported blocks                            blockNumber=11444225 slot=1 blocks=11444224 txs=934285196 mgas=58149068 bps=57.12 tps=9582 mgps=697.6 avgBps=159.4 avgTps=13011 avgMGps=809.8 elapsed=19h56m46s
Jul 26 04:01:35 nimbus-eth1-mainnet-long-benchmark[3573364]: INF 2026-07-26 04:01:35.693+00:00 Imported blocks                            blockNumber=11452417 slot=1 blocks=11452416 txs=935856415 mgas=58248908 bps=56.67 tps=10869 mgps=690.7 avgBps=159.2 avgTps=13006 avgMGps=809.6 elapsed=19h59m10s
Jul 26 04:04:00 nimbus-eth1-mainnet-long-benchmark[3573364]: INF 2026-07-26 04:04:00.302+00:00 Imported blocks                            blockNumber=11460609 slot=1 blocks=11460608 txs=937352294 mgas=58348919 bps=56.65 tps=10344 mgps=691.6 avgBps=159.0 avgTps=13001 avgMGps=809.3 elapsed=20h1m35s
Jul 26 04:06:28 nimbus-eth1-mainnet-long-benchmark[3573364]: INF 2026-07-26 04:06:28.772+00:00 Imported blocks                            blockNumber=11468801 slot=1 blocks=11468800 txs=938956713 mgas=58449035 bps=55.18 tps=10806 mgps=674.3 avgBps=158.8 avgTps=12997 avgMGps=809.1 elapsed=20h4m3s
Jul 26 04:08:56 nimbus-eth1-mainnet-long-benchmark[3573364]: INF 2026-07-26 04:08:56.093+00:00 Imported blocks                            blockNumber=11476993 slot=1 blocks=11476992 txs=940589831 mgas=58548856 bps=55.61 tps=11085 mgps=677.6 avgBps=158.5 avgTps=12993 avgMGps=808.8 elapsed=20h6m31s
Jul 26 04:11:29 nimbus-eth1-mainnet-long-benchmark[3573364]: INF 2026-07-26 04:11:29.175+00:00 Imported blocks                            blockNumber=11485185 slot=1 blocks=11485184 txs=942094293 mgas=58648792 bps=53.51 tps=9827 mgps=652.8 avgBps=158.3 avgTps=12986 avgMGps=808.5 elapsed=20h9m4s
Jul 26 04:14:01 nimbus-eth1-mainnet-long-benchmark[3573364]: INF 2026-07-26 04:14:01.701+00:00 Imported blocks                            blockNumber=11493377 slot=1 blocks=11493376 txs=943411990 mgas=58749292 bps=53.71 tps=8639 mgps=658.9 avgBps=158.1 avgTps=12977 avgMGps=808.1 elapsed=20h11m36s
Jul 26 04:16:28 nimbus-eth1-mainnet-long-benchmark[3573364]: INF 2026-07-26 04:16:28.618+00:00 Imported blocks                            blockNumber=11501569 slot=1 blocks=11501568 txs=944868014 mgas=58849466 bps=55.76 tps=9910 mgps=681.8 avgBps=157.9 avgTps=12971 avgMGps=807.9 elapsed=20h14m3s
Jul 26 04:18:52 nimbus-eth1-mainnet-long-benchmark[3573364]: INF 2026-07-26 04:18:52.664+00:00 Imported blocks                            blockNumber=11509761 slot=1 blocks=11509760 txs=946381337 mgas=58949472 bps=56.87 tps=10505 mgps=694.3 avgBps=157.7 avgTps=12966 avgMGps=807.7 elapsed=20h16m27s
Jul 26 04:21:23 nimbus-eth1-mainnet-long-benchmark[3573364]: INF 2026-07-26 04:21:23.234+00:00 Imported blocks                            blockNumber=11517953 slot=1 blocks=11517952 txs=947900944 mgas=59049424 bps=54.41 tps=10092 mgps=663.8 avgBps=157.5 avgTps=12960 avgMGps=807.4 elapsed=20h18m58s
Jul 26 04:23:51 nimbus-eth1-mainnet-long-benchmark[3573364]: INF 2026-07-26 04:23:51.731+00:00 Imported blocks                            blockNumber=11526145 slot=1 blocks=11526144 txs=949284350 mgas=59149231 bps=55.16 tps=9315 mgps=672.1 avgBps=157.3 avgTps=12953 avgMGps=807.1 elapsed=20h21m26s
Jul 26 04:26:26 nimbus-eth1-mainnet-long-benchmark[3573364]: INF 2026-07-26 04:26:26.505+00:00 Imported blocks                            blockNumber=11534337 slot=1 blocks=11534336 txs=950707003 mgas=59249292 bps=52.93 tps=9191 mgps=646.5 avgBps=157.1 avgTps=12945 avgMGps=806.8 elapsed=20h24m1s
Jul 26 04:28:58 nimbus-eth1-mainnet-long-benchmark[3573364]: INF 2026-07-26 04:28:58.474+00:00 Imported blocks                            blockNumber=11542529 slot=1 blocks=11542528 txs=952252480 mgas=59349223 bps=53.91 tps=10169 mgps=657.6 avgBps=156.8 avgTps=12939 avgMGps=806.4 elapsed=20h26m33s
Jul 26 04:31:29 nimbus-eth1-mainnet-long-benchmark[3573364]: INF 2026-07-26 04:31:29.160+00:00 Imported blocks                            blockNumber=11550721 slot=1 blocks=11550720 txs=953811012 mgas=59449465 bps=54.36 tps=10342 mgps=665.2 avgBps=156.6 avgTps=12934 avgMGps=806.2 elapsed=20h29m4s
Jul 26 04:33:54 nimbus-eth1-mainnet-long-benchmark[3573364]: INF 2026-07-26 04:33:54.946+00:00 Imported blocks                            blockNumber=11558913 slot=1 blocks=11558912 txs=955315448 mgas=59549227 bps=56.19 tps=10319 mgps=684.3 avgBps=156.4 avgTps=12928 avgMGps=805.9 elapsed=20h31m29s
Jul 26 04:36:25 nimbus-eth1-mainnet-long-benchmark[3573364]: INF 2026-07-26 04:36:24.999+00:00 Imported blocks                            blockNumber=11567105 slot=1 blocks=11567104 txs=956772618 mgas=59649065 bps=54.59 tps=9710 mgps=665.3 avgBps=156.2 avgTps=12922 avgMGps=805.6 elapsed=20h34m10ms
Jul 26 04:38:58 nimbus-eth1-mainnet-long-benchmark[3573364]: INF 2026-07-26 04:38:58.593+00:00 Imported blocks                            blockNumber=11575297 slot=1 blocks=11575296 txs=958194474 mgas=59749425 bps=53.34 tps=9257 mgps=653.4 avgBps=156.0 avgTps=12914 avgMGps=805.3 elapsed=20h36m33s
Jul 26 04:41:31 nimbus-eth1-mainnet-long-benchmark[3573364]: INF 2026-07-26 04:41:31.002+00:00 Imported blocks                            blockNumber=11583489 slot=1 blocks=11583488 txs=959750196 mgas=59849569 bps=53.75 tps=10207 mgps=657.1 avgBps=155.8 avgTps=12909 avgMGps=805.0 elapsed=20h39m6s
Jul 26 04:44:05 nimbus-eth1-mainnet-long-benchmark[3573364]: INF 2026-07-26 04:44:05.132+00:00 Imported blocks                            blockNumber=11591681 slot=1 blocks=11591680 txs=961324874 mgas=59949469 bps=53.15 tps=10216 mgps=648.2 avgBps=155.6 avgTps=12903 avgMGps=804.7 elapsed=20h41m40s
Jul 26 04:46:36 nimbus-eth1-mainnet-long-benchmark[3573364]: INF 2026-07-26 04:46:36.621+00:00 Imported blocks                            blockNumber=11599873 slot=1 blocks=11599872 txs=962919439 mgas=60049518 bps=54.08 tps=10526 mgps=660.4 avgBps=155.4 avgTps=12898 avgMGps=804.4 elapsed=20h44m11s
Jul 26 04:49:15 nimbus-eth1-mainnet-long-benchmark[3573364]: INF 2026-07-26 04:49:15.715+00:00 Imported blocks                            blockNumber=11608065 slot=1 blocks=11608064 txs=964578479 mgas=60149848 bps=51.49 tps=10427 mgps=630.6 avgBps=155.2 avgTps=12893 avgMGps=804.0 elapsed=20h46m50s
Jul 26 04:51:47 nimbus-eth1-mainnet-long-benchmark[3573364]: INF 2026-07-26 04:51:47.488+00:00 Imported blocks                            blockNumber=11616257 slot=1 blocks=11616256 txs=966195922 mgas=60250068 bps=53.98 tps=10656 mgps=660.3 avgBps=155.0 avgTps=12889 avgMGps=803.7 elapsed=20h49m22s
Jul 26 04:54:22 nimbus-eth1-mainnet-long-benchmark[3573364]: INF 2026-07-26 04:54:22.954+00:00 Imported blocks                            blockNumber=11624449 slot=1 blocks=11624448 txs=967728545 mgas=60350148 bps=52.69 tps=9858 mgps=643.8 avgBps=154.7 avgTps=12882 avgMGps=803.4 elapsed=20h51m57s
Jul 26 04:56:57 nimbus-eth1-mainnet-long-benchmark[3573364]: INF 2026-07-26 04:56:57.171+00:00 Imported blocks                            blockNumber=11632641 slot=1 blocks=11632640 txs=969270906 mgas=60450186 bps=53.12 tps=10000 mgps=648.7 avgBps=154.5 avgTps=12876 avgMGps=803.1 elapsed=20h54m32s
Jul 26 04:59:28 nimbus-eth1-mainnet-long-benchmark[3573364]: INF 2026-07-26 04:59:28.285+00:00 Imported blocks                            blockNumber=11640833 slot=1 blocks=11640832 txs=970842767 mgas=60550495 bps=54.21 tps=10402 mgps=663.8 avgBps=154.3 avgTps=12871 avgMGps=802.8 elapsed=20h57m3s
Jul 26 05:02:00 nimbus-eth1-mainnet-long-benchmark[3573364]: INF 2026-07-26 05:02:00.655+00:00 Imported blocks                            blockNumber=11649025 slot=1 blocks=11649024 txs=972238488 mgas=60650873 bps=53.77 tps=9160 mgps=658.8 avgBps=154.1 avgTps=12864 avgMGps=802.5 elapsed=20h59m35s
Jul 26 05:04:35 nimbus-eth1-mainnet-long-benchmark[3573364]: INF 2026-07-26 05:04:35.456+00:00 Imported blocks                            blockNumber=11657217 slot=1 blocks=11657216 txs=973728709 mgas=60751099 bps=52.92 tps=9626 mgps=647.4 avgBps=153.9 avgTps=12857 avgMGps=802.2 elapsed=21h2m10s
Jul 26 05:07:04 nimbus-eth1-mainnet-long-benchmark[3573364]: INF 2026-07-26 05:07:04.958+00:00 Imported blocks                            blockNumber=11665409 slot=1 blocks=11665408 txs=975242448 mgas=60851085 bps=54.80 tps=10125 mgps=668.8 avgBps=153.7 avgTps=12852 avgMGps=801.9 elapsed=21h4m39s
Jul 26 05:09:33 nimbus-eth1-mainnet-long-benchmark[3573364]: INF 2026-07-26 05:09:33.811+00:00 Imported blocks                            blockNumber=11673601 slot=1 blocks=11673600 txs=976729163 mgas=60951050 bps=55.03 tps=9987 mgps=671.6 avgBps=153.5 avgTps=12846 avgMGps=801.7 elapsed=21h7m8s
Jul 26 05:12:07 nimbus-eth1-mainnet-long-benchmark[3573364]: INF 2026-07-26 05:12:07.325+00:00 Imported blocks                            blockNumber=11681793 slot=1 blocks=11681792 txs=978226542 mgas=61050547 bps=53.36 tps=9754 mgps=648.1 avgBps=153.3 avgTps=12840 avgMGps=801.4 elapsed=21h9m42s
Jul 26 05:14:36 nimbus-eth1-mainnet-long-benchmark[3573364]: INF 2026-07-26 05:14:36.666+00:00 Imported blocks                            blockNumber=11689985 slot=1 blocks=11689984 txs=979782217 mgas=61150131 bps=54.85 tps=10416 mgps=666.8 avgBps=153.1 avgTps=12835 avgMGps=801.1 elapsed=21h12m11s
Jul 26 05:17:02 nimbus-eth1-mainnet-long-benchmark[3573364]: INF 2026-07-26 05:17:02.496+00:00 Imported blocks                            blockNumber=11698177 slot=1 blocks=11698176 txs=981308642 mgas=61250106 bps=56.17 tps=10466 mgps=685.5 avgBps=153.0 avgTps=12831 avgMGps=800.9 elapsed=21h14m37s
Jul 26 05:20:24 nimbus-eth1-mainnet-long-benchmark[3573364]: INF 2026-07-26 05:20:24.245+00:00 Imported blocks                            blockNumber=11706369 slot=1 blocks=11706368 txs=982815527 mgas=61350312 bps=40.61 tps=7469 mgps=496.7 avgBps=152.7 avgTps=12817 avgMGps=800.1 elapsed=21h17m59s
Jul 26 05:23:49 nimbus-eth1-mainnet-long-benchmark[3573364]: INF 2026-07-26 05:23:49.718+00:00 Imported blocks                            blockNumber=11714561 slot=1 blocks=11714560 txs=984232667 mgas=61450389 bps=39.87 tps=6896 mgps=487.1 avgBps=152.4 avgTps=12801 avgMGps=799.3 elapsed=21h21m24s
Jul 26 05:26:49 nimbus-eth1-mainnet-long-benchmark[3573364]: INF 2026-07-26 05:26:49.571+00:00 Imported blocks                            blockNumber=11722753 slot=1 blocks=11722752 txs=985651994 mgas=61550574 bps=45.55 tps=7891 mgps=557.0 avgBps=152.1 avgTps=12789 avgMGps=798.7 elapsed=21h24m24s
Jul 26 05:29:25 nimbus-eth1-mainnet-long-benchmark[3573364]: INF 2026-07-26 05:29:25.764+00:00 Imported blocks                            blockNumber=11730945 slot=1 blocks=11730944 txs=987187320 mgas=61650327 bps=52.45 tps=9829 mgps=638.7 avgBps=151.9 avgTps=12783 avgMGps=798.4 elapsed=21h27m772ms
Jul 26 05:31:55 nimbus-eth1-mainnet-long-benchmark[3573364]: INF 2026-07-26 05:31:55.878+00:00 Imported blocks                            blockNumber=11739137 slot=1 blocks=11739136 txs=988662670 mgas=61750448 bps=54.57 tps=9828 mgps=667.0 avgBps=151.7 avgTps=12778 avgMGps=798.1 elapsed=21h29m30s
Jul 26 05:34:24 nimbus-eth1-mainnet-long-benchmark[3573364]: INF 2026-07-26 05:34:24.971+00:00 Imported blocks                            blockNumber=11747329 slot=1 blocks=11747328 txs=990124985 mgas=61850558 bps=54.94 tps=9807 mgps=671.4 avgBps=151.5 avgTps=12772 avgMGps=797.9 elapsed=21h31m59s
Jul 26 05:36:53 nimbus-eth1-mainnet-long-benchmark[3573364]: INF 2026-07-26 05:36:53.461+00:00 Imported blocks                            blockNumber=11755521 slot=1 blocks=11755520 txs=991732969 mgas=61950777 bps=55.17 tps=10829 mgps=674.9 avgBps=151.4 avgTps=12768 avgMGps=797.6 elapsed=21h34m28s
Jul 26 05:39:19 nimbus-eth1-mainnet-long-benchmark[3573364]: INF 2026-07-26 05:39:19.699+00:00 Imported blocks                            blockNumber=11763713 slot=1 blocks=11763712 txs=993294061 mgas=62050868 bps=56.02 tps=10674 mgps=684.4 avgBps=151.2 avgTps=12764 avgMGps=797.4 elapsed=21h36m54s
Jul 26 05:41:42 nimbus-eth1-mainnet-long-benchmark[3573364]: INF 2026-07-26 05:41:42.488+00:00 Imported blocks                            blockNumber=11771905 slot=1 blocks=11771904 txs=994928426 mgas=62150843 bps=57.37 tps=11446 mgps=700.2 avgBps=151.0 avgTps=12762 avgMGps=797.2 elapsed=21h39m17s
Jul 26 05:44:13 nimbus-eth1-mainnet-long-benchmark[3573364]: INF 2026-07-26 05:44:13.734+00:00 Imported blocks                            blockNumber=11780097 slot=1 blocks=11780096 txs=996539889 mgas=62250996 bps=54.16 tps=10654 mgps=662.2 avgBps=150.8 avgTps=12758 avgMGps=797.0 elapsed=21h41m48s
Jul 26 05:46:37 nimbus-eth1-mainnet-long-benchmark[3573364]: INF 2026-07-26 05:46:37.956+00:00 Imported blocks                            blockNumber=11788289 slot=1 blocks=11788288 txs=998199377 mgas=62351047 bps=56.80 tps=11506 mgps=693.7 avgBps=150.6 avgTps=12756 avgMGps=796.8 elapsed=21h44m12s
Jul 26 05:48:59 nimbus-eth1-mainnet-long-benchmark[3573364]: INF 2026-07-26 05:48:59.853+00:00 Imported blocks                            blockNumber=11796481 slot=1 blocks=11796480 txs=999865151 mgas=62451024 bps=57.73 tps=11739 mgps=704.6 avgBps=150.5 avgTps=12754 avgMGps=796.6 elapsed=21h46m34s
Jul 26 05:51:23 nimbus-eth1-mainnet-long-benchmark[3573364]: INF 2026-07-26 05:51:23.203+00:00 Imported blocks                            blockNumber=11804673 slot=1 blocks=11804672 txs=1001460496 mgas=62551010 bps=57.15 tps=11128 mgps=697.5 avgBps=150.3 avgTps=12751 avgMGps=796.4 elapsed=21h48m58s
Jul 26 05:53:47 nimbus-eth1-mainnet-long-benchmark[3573364]: INF 2026-07-26 05:53:47.833+00:00 Imported blocks                            blockNumber=11812865 slot=1 blocks=11812864 txs=1002984542 mgas=62650739 bps=56.64 tps=10537 mgps=689.5 avgBps=150.1 avgTps=12747 avgMGps=796.2 elapsed=21h51m22s
Jul 26 05:56:17 nimbus-eth1-mainnet-long-benchmark[3573364]: INF 2026-07-26 05:56:17.978+00:00 Imported blocks                            blockNumber=11821057 slot=1 blocks=11821056 txs=1004625755 mgas=62750904 bps=54.56 tps=10931 mgps=667.1 avgBps=150.0 avgTps=12743 avgMGps=796.0 elapsed=21h53m52s
Jul 26 05:58:43 nimbus-eth1-mainnet-long-benchmark[3573364]: INF 2026-07-26 05:58:43.976+00:00 Imported blocks                            blockNumber=11829249 slot=1 blocks=11829248 txs=1006305786 mgas=62850813 bps=56.11 tps=11507 mgps=684.3 avgBps=149.8 avgTps=12741 avgMGps=795.8 elapsed=21h56m18s
Jul 26 06:01:14 nimbus-eth1-mainnet-long-benchmark[3573364]: INF 2026-07-26 06:01:14.026+00:00 Imported blocks                            blockNumber=11837441 slot=1 blocks=11837440 txs=1007918111 mgas=62950694 bps=54.60 tps=10745 mgps=665.7 avgBps=149.6 avgTps=12737 avgMGps=795.5 elapsed=21h58m49s
Jul 26 06:03:43 nimbus-eth1-mainnet-long-benchmark[3573364]: INF 2026-07-26 06:03:43.531+00:00 Imported blocks                            blockNumber=11845633 slot=1 blocks=11845632 txs=1009532362 mgas=63050665 bps=54.79 tps=10796 mgps=668.7 avgBps=149.4 avgTps=12733 avgMGps=795.3 elapsed=22h1m18s
Jul 26 06:06:14 nimbus-eth1-mainnet-long-benchmark[3573364]: INF 2026-07-26 06:06:14.005+00:00 Imported blocks                            blockNumber=11853825 slot=1 blocks=11853824 txs=1011088639 mgas=63150643 bps=54.44 tps=10342 mgps=664.4 avgBps=149.2 avgTps=12729 avgMGps=795.1 elapsed=22h3m49s
Jul 26 06:08:44 nimbus-eth1-mainnet-long-benchmark[3573364]: INF 2026-07-26 06:08:44.419+00:00 Imported blocks                            blockNumber=11862017 slot=1 blocks=11862016 txs=1012601593 mgas=63250661 bps=54.46 tps=10058 mgps=665.0 avgBps=149.1 avgTps=12724 avgMGps=794.8 elapsed=22h6m19s
Jul 26 06:11:12 nimbus-eth1-mainnet-long-benchmark[3573364]: INF 2026-07-26 06:11:12.732+00:00 Imported blocks                            blockNumber=11870209 slot=1 blocks=11870208 txs=1014150630 mgas=63350547 bps=55.23 tps=10444 mgps=673.5 avgBps=148.9 avgTps=12720 avgMGps=794.6 elapsed=22h8m47s
Jul 26 06:13:42 nimbus-eth1-mainnet-long-benchmark[3573364]: INF 2026-07-26 06:13:42.246+00:00 Imported blocks                            blockNumber=11878401 slot=1 blocks=11878400 txs=1015722058 mgas=63450711 bps=54.79 tps=10510 mgps=670.0 avgBps=148.7 avgTps=12716 avgMGps=794.4 elapsed=22h11m17s
Jul 26 06:16:09 nimbus-eth1-mainnet-long-benchmark[3573364]: INF 2026-07-26 06:16:09.167+00:00 Imported blocks                            blockNumber=11886593 slot=1 blocks=11886592 txs=1017390363 mgas=63551023 bps=55.76 tps=11354 mgps=682.7 avgBps=148.5 avgTps=12713 avgMGps=794.1 elapsed=22h13m44s
Jul 26 06:18:38 nimbus-eth1-mainnet-long-benchmark[3573364]: INF 2026-07-26 06:18:38.985+00:00 Imported blocks                            blockNumber=11894785 slot=1 blocks=11894784 txs=1019072428 mgas=63651049 bps=54.68 tps=11227 mgps=667.7 avgBps=148.4 avgTps=12710 avgMGps=793.9 elapsed=22h16m13s
Jul 26 06:21:11 nimbus-eth1-mainnet-long-benchmark[3573364]: INF 2026-07-26 06:21:11.191+00:00 Imported blocks                            blockNumber=11902977 slot=1 blocks=11902976 txs=1020642738 mgas=63751161 bps=53.82 tps=10317 mgps=657.7 avgBps=148.2 avgTps=12706 avgMGps=793.7 elapsed=22h18m46s
Jul 26 06:23:42 nimbus-eth1-mainnet-long-benchmark[3573364]: INF 2026-07-26 06:23:42.420+00:00 Imported blocks                            blockNumber=11911169 slot=1 blocks=11911168 txs=1022287671 mgas=63851316 bps=54.17 tps=10876 mgps=662.3 avgBps=148.0 avgTps=12702 avgMGps=793.4 elapsed=22h21m17s
Jul 26 06:26:11 nimbus-eth1-mainnet-long-benchmark[3573364]: INF 2026-07-26 06:26:11.238+00:00 Imported blocks                            blockNumber=11919361 slot=1 blocks=11919360 txs=1023944492 mgas=63951523 bps=55.05 tps=11133 mgps=673.4 avgBps=147.8 avgTps=12699 avgMGps=793.2 elapsed=22h23m46s
Jul 26 06:28:38 nimbus-eth1-mainnet-long-benchmark[3573364]: INF 2026-07-26 06:28:38.091+00:00 Imported blocks                            blockNumber=11927553 slot=1 blocks=11927552 txs=1025526985 mgas=64051650 bps=55.78 tps=10775 mgps=681.8 avgBps=147.7 avgTps=12696 avgMGps=793.0 elapsed=22h26m13s
Jul 26 06:31:08 nimbus-eth1-mainnet-long-benchmark[3573364]: INF 2026-07-26 06:31:08.961+00:00 Imported blocks                            blockNumber=11935745 slot=1 blocks=11935744 txs=1027048460 mgas=64151817 bps=54.30 tps=10084 mgps=663.9 avgBps=147.5 avgTps=12691 avgMGps=792.7 elapsed=22h28m43s
Jul 26 06:33:46 nimbus-eth1-mainnet-long-benchmark[3573364]: INF 2026-07-26 06:33:46.631+00:00 Imported blocks                            blockNumber=11943937 slot=1 blocks=11943936 txs=1028570143 mgas=64252205 bps=51.96 tps=9651 mgps=636.7 avgBps=147.3 avgTps=12685 avgMGps=792.4 elapsed=22h31m21s
Jul 26 06:36:27 nimbus-eth1-mainnet-long-benchmark[3573364]: INF 2026-07-26 06:36:27.744+00:00 Imported blocks                            blockNumber=11952129 slot=1 blocks=11952128 txs=1030059442 mgas=64352172 bps=50.84 tps=9243 mgps=620.5 avgBps=147.1 avgTps=12678 avgMGps=792.1 elapsed=22h34m2s
Jul 26 06:39:03 nimbus-eth1-mainnet-long-benchmark[3573364]: INF 2026-07-26 06:39:03.434+00:00 Imported blocks                            blockNumber=11960321 slot=1 blocks=11960320 txs=1031604077 mgas=64452459 bps=52.62 tps=9921 mgps=644.2 avgBps=146.9 avgTps=12673 avgMGps=791.8 elapsed=22h36m38s
Jul 26 06:41:39 nimbus-eth1-mainnet-long-benchmark[3573364]: INF 2026-07-26 06:41:39.395+00:00 Imported blocks                            blockNumber=11968513 slot=1 blocks=11968512 txs=1033165529 mgas=64552822 bps=52.52 tps=10011 mgps=643.5 avgBps=146.8 avgTps=12668 avgMGps=791.5 elapsed=22h39m14s
Jul 26 06:44:15 nimbus-eth1-mainnet-long-benchmark[3573364]: INF 2026-07-26 06:44:15.341+00:00 Imported blocks                            blockNumber=11976705 slot=1 blocks=11976704 txs=1034713496 mgas=64652629 bps=52.53 tps=9926 mgps=640.0 avgBps=146.6 avgTps=12663 avgMGps=791.2 elapsed=22h41m50s
Jul 26 06:46:46 nimbus-eth1-mainnet-long-benchmark[3573364]: INF 2026-07-26 06:46:46.622+00:00 Imported blocks                            blockNumber=11984897 slot=1 blocks=11984896 txs=1036198659 mgas=64753053 bps=54.15 tps=9817 mgps=663.8 avgBps=146.4 avgTps=12657 avgMGps=791.0 elapsed=22h44m21s
Jul 26 06:49:16 nimbus-eth1-mainnet-long-benchmark[3573364]: INF 2026-07-26 06:49:16.660+00:00 Imported blocks                            blockNumber=11993089 slot=1 blocks=11993088 txs=1037690161 mgas=64853607 bps=54.60 tps=9940 mgps=670.2 avgBps=146.2 avgTps=12652 avgMGps=790.8 elapsed=22h46m51s
Jul 26 06:51:46 nimbus-eth1-mainnet-long-benchmark[3573364]: INF 2026-07-26 06:51:46.337+00:00 Imported blocks                            blockNumber=12001281 slot=1 blocks=12001280 txs=1039201758 mgas=64954108 bps=54.73 tps=10099 mgps=671.5 avgBps=146.1 avgTps=12648 avgMGps=790.6 elapsed=22h49m21s
Jul 26 06:54:19 nimbus-eth1-mainnet-long-benchmark[3573364]: INF 2026-07-26 06:54:19.147+00:00 Imported blocks                            blockNumber=12009473 slot=1 blocks=12009472 txs=1040814887 mgas=65054498 bps=53.61 tps=10556 mgps=656.9 avgBps=145.9 avgTps=12644 avgMGps=790.3 elapsed=22h51m54s
Jul 26 06:56:49 nimbus-eth1-mainnet-long-benchmark[3573364]: INF 2026-07-26 06:56:49.713+00:00 Imported blocks                            blockNumber=12017665 slot=1 blocks=12017664 txs=1042433026 mgas=65154680 bps=54.41 tps=10747 mgps=665.4 avgBps=145.7 avgTps=12640 avgMGps=790.1 elapsed=22h54m24s
Jul 26 06:59:18 nimbus-eth1-mainnet-long-benchmark[3573364]: INF 2026-07-26 06:59:18.150+00:00 Imported blocks                            blockNumber=12025857 slot=1 blocks=12025856 txs=1044103257 mgas=65255474 bps=55.19 tps=11251 mgps=679.0 avgBps=145.6 avgTps=12638 avgMGps=789.9 elapsed=22h56m53s
Jul 26 07:01:48 nimbus-eth1-mainnet-long-benchmark[3573364]: INF 2026-07-26 07:01:48.664+00:00 Imported blocks                            blockNumber=12034049 slot=1 blocks=12034048 txs=1045721436 mgas=65356448 bps=54.43 tps=10750 mgps=670.9 avgBps=145.4 avgTps=12635 avgMGps=789.7 elapsed=22h59m23s
Jul 26 07:04:20 nimbus-eth1-mainnet-long-benchmark[3573364]: INF 2026-07-26 07:04:20.309+00:00 Imported blocks                            blockNumber=12042241 slot=1 blocks=12042240 txs=1047357726 mgas=65457074 bps=54.02 tps=10790 mgps=663.6 avgBps=145.2 avgTps=12631 avgMGps=789.4 elapsed=23h1m55s
Jul 26 07:06:48 nimbus-eth1-mainnet-long-benchmark[3573364]: INF 2026-07-26 07:06:48.807+00:00 Imported blocks                            blockNumber=12050433 slot=1 blocks=12050432 txs=1049021771 mgas=65557866 bps=55.16 tps=11205 mgps=678.7 avgBps=145.1 avgTps=12629 avgMGps=789.2 elapsed=23h4m23s
Jul 26 07:09:16 nimbus-eth1-mainnet-long-benchmark[3573364]: INF 2026-07-26 07:09:16.329+00:00 Imported blocks                            blockNumber=12058625 slot=1 blocks=12058624 txs=1050636154 mgas=65658476 bps=55.53 tps=10943 mgps=682.0 avgBps=144.9 avgTps=12626 avgMGps=789.1 elapsed=23h6m51s
Jul 26 07:11:44 nimbus-eth1-mainnet-long-benchmark[3573364]: INF 2026-07-26 07:11:44.590+00:00 Imported blocks                            blockNumber=12066817 slot=1 blocks=12066816 txs=1052262690 mgas=65759029 bps=55.25 tps=10970 mgps=678.2 avgBps=144.8 avgTps=12623 avgMGps=788.9 elapsed=23h9m19s
Jul 26 07:14:17 nimbus-eth1-mainnet-long-benchmark[3573364]: INF 2026-07-26 07:14:17.352+00:00 Imported blocks                            blockNumber=12075009 slot=1 blocks=12075008 txs=1053889825 mgas=65859693 bps=53.63 tps=10651 mgps=659.0 avgBps=144.6 avgTps=12619 avgMGps=788.6 elapsed=23h11m52s
Jul 26 07:16:50 nimbus-eth1-mainnet-long-benchmark[3573364]: INF 2026-07-26 07:16:50.005+00:00 Imported blocks                            blockNumber=12083201 slot=1 blocks=12083200 txs=1055427916 mgas=65960533 bps=53.67 tps=10075 mgps=660.6 avgBps=144.4 avgTps=12614 avgMGps=788.4 elapsed=23h14m25s
Jul 26 07:19:18 nimbus-eth1-mainnet-long-benchmark[3573364]: INF 2026-07-26 07:19:18.403+00:00 Imported blocks                            blockNumber=12091393 slot=1 blocks=12091392 txs=1057058471 mgas=66061286 bps=55.20 tps=10987 mgps=678.9 avgBps=144.3 avgTps=12612 avgMGps=788.2 elapsed=23h16m53s
Jul 26 07:21:52 nimbus-eth1-mainnet-long-benchmark[3573364]: INF 2026-07-26 07:21:52.293+00:00 Imported blocks                            blockNumber=12099585 slot=1 blocks=12099584 txs=1058691669 mgas=66161897 bps=53.23 tps=10612 mgps=653.8 avgBps=144.1 avgTps=12608 avgMGps=787.9 elapsed=23h19m27s
Jul 26 07:24:23 nimbus-eth1-mainnet-long-benchmark[3573364]: INF 2026-07-26 07:24:23.982+00:00 Imported blocks                            blockNumber=12107777 slot=1 blocks=12107776 txs=1060385050 mgas=66262612 bps=54.00 tps=11163 mgps=664.0 avgBps=143.9 avgTps=12605 avgMGps=787.7 elapsed=23h21m58s
Jul 26 07:26:57 nimbus-eth1-mainnet-long-benchmark[3573364]: INF 2026-07-26 07:26:57.432+00:00 Imported blocks                            blockNumber=12115969 slot=1 blocks=12115968 txs=1062025510 mgas=66363294 bps=53.39 tps=10690 mgps=656.1 avgBps=143.8 avgTps=12602 avgMGps=787.5 elapsed=23h24m32s
Jul 26 07:29:32 nimbus-eth1-mainnet-long-benchmark[3573364]: INF 2026-07-26 07:29:32.077+00:00 Imported blocks                            blockNumber=12124161 slot=1 blocks=12124160 txs=1063563618 mgas=66463987 bps=52.97 tps=9946 mgps=651.1 avgBps=143.6 avgTps=12597 avgMGps=787.2 elapsed=23h27m7s
Jul 26 07:32:10 nimbus-eth1-mainnet-long-benchmark[3573364]: INF 2026-07-26 07:32:10.975+00:00 Imported blocks                            blockNumber=12132353 slot=1 blocks=12132352 txs=1065092521 mgas=66564568 bps=51.55 tps=9621 mgps=633.0 avgBps=143.4 avgTps=12591 avgMGps=786.9 elapsed=23h29m45s
Jul 26 07:34:47 nimbus-eth1-mainnet-long-benchmark[3573364]: INF 2026-07-26 07:34:47.064+00:00 Imported blocks                            blockNumber=12140545 slot=1 blocks=12140544 txs=1066730666 mgas=66665136 bps=52.48 tps=10494 mgps=644.3 avgBps=143.3 avgTps=12587 avgMGps=786.7 elapsed=23h32m22s
Jul 26 07:37:43 nimbus-eth1-mainnet-long-benchmark[3573364]: INF 2026-07-26 07:37:43.021+00:00 Imported blocks                            blockNumber=12148737 slot=1 blocks=12148736 txs=1068417243 mgas=66765798 bps=46.56 tps=9585 mgps=572.1 avgBps=143.1 avgTps=12581 avgMGps=786.2 elapsed=23h35m18s
Jul 26 07:40:33 nimbus-eth1-mainnet-long-benchmark[3573364]: INF 2026-07-26 07:40:33.543+00:00 Imported blocks                            blockNumber=12156929 slot=1 blocks=12156928 txs=1070117790 mgas=66866563 bps=48.04 tps=9972 mgps=590.9 avgBps=142.9 avgTps=12576 avgMGps=785.8 elapsed=23h38m8s
Jul 26 07:43:24 nimbus-eth1-mainnet-long-benchmark[3573364]: INF 2026-07-26 07:43:24.268+00:00 Imported blocks                            blockNumber=12165121 slot=1 blocks=12165120 txs=1071831088 mgas=66967154 bps=47.98 tps=10035 mgps=589.2 avgBps=142.7 avgTps=12571 avgMGps=785.5 elapsed=23h40m59s
Jul 26 07:46:09 nimbus-eth1-mainnet-long-benchmark[3573364]: INF 2026-07-26 07:46:09.685+00:00 Imported blocks                            blockNumber=12173313 slot=1 blocks=12173312 txs=1073389527 mgas=67067807 bps=49.52 tps=9421 mgps=608.5 avgBps=142.5 avgTps=12565 avgMGps=785.1 elapsed=23h43m44s
Jul 26 07:48:53 nimbus-eth1-mainnet-long-benchmark[3573364]: INF 2026-07-26 07:48:53.767+00:00 Imported blocks                            blockNumber=12181505 slot=1 blocks=12181504 txs=1074988458 mgas=67168514 bps=49.92 tps=9744 mgps=613.7 avgBps=142.3 avgTps=12559 avgMGps=784.8 elapsed=23h46m28s
Jul 26 07:51:33 nimbus-eth1-mainnet-long-benchmark[3573364]: INF 2026-07-26 07:51:33.180+00:00 Imported blocks                            blockNumber=12189697 slot=1 blocks=12189696 txs=1076646932 mgas=67269282 bps=51.39 tps=10403 mgps=632.1 avgBps=142.2 avgTps=12555 avgMGps=784.5 elapsed=23h49m8s
Jul 26 07:54:11 nimbus-eth1-mainnet-long-benchmark[3573364]: INF 2026-07-26 07:54:11.450+00:00 Imported blocks                            blockNumber=12197889 slot=1 blocks=12197888 txs=1078284309 mgas=67370200 bps=51.76 tps=10345 mgps=637.6 avgBps=142.0 avgTps=12551 avgMGps=784.2 elapsed=23h51m46s
Jul 26 07:56:49 nimbus-eth1-mainnet-long-benchmark[3573364]: INF 2026-07-26 07:56:49.447+00:00 Imported blocks                            blockNumber=12206081 slot=1 blocks=12206080 txs=1079939229 mgas=67471178 bps=51.85 tps=10474 mgps=639.1 avgBps=141.8 avgTps=12548 avgMGps=784.0 elapsed=23h54m24s
Jul 26 07:59:27 nimbus-eth1-mainnet-long-benchmark[3573364]: INF 2026-07-26 07:59:27.209+00:00 Imported blocks                            blockNumber=12214273 slot=1 blocks=12214272 txs=1081593167 mgas=67572234 bps=51.93 tps=10484 mgps=640.6 avgBps=141.7 avgTps=12544 avgMGps=783.7 elapsed=23h57m2s
Jul 26 08:02:13 nimbus-eth1-mainnet-long-benchmark[3573364]: INF 2026-07-26 08:02:13.110+00:00 Imported blocks                            blockNumber=12222465 slot=1 blocks=12222464 txs=1083151299 mgas=67673318 bps=49.38 tps=9391 mgps=609.3 avgBps=141.5 avgTps=12538 avgMGps=783.4 elapsed=23h59m48s
Jul 26 08:05:04 nimbus-eth1-mainnet-long-benchmark[3573364]: INF 2026-07-26 08:05:04.311+00:00 Imported blocks                            blockNumber=12230657 slot=1 blocks=12230656 txs=1084857611 mgas=67774376 bps=47.85 tps=9966 mgps=590.3 avgBps=141.3 avgTps=12533 avgMGps=783.0 elapsed=1d2m39s
Jul 26 08:07:49 nimbus-eth1-mainnet-long-benchmark[3573364]: INF 2026-07-26 08:07:49.285+00:00 Imported blocks                            blockNumber=12238849 slot=1 blocks=12238848 txs=1086624687 mgas=67875530 bps=49.66 tps=10711 mgps=613.2 avgBps=141.1 avgTps=12529 avgMGps=782.7 elapsed=1d5m24s
Jul 26 08:10:40 nimbus-eth1-mainnet-long-benchmark[3573364]: INF 2026-07-26 08:10:40.358+00:00 Imported blocks                            blockNumber=12247041 slot=1 blocks=12247040 txs=1088171794 mgas=67976686 bps=47.89 tps=9043 mgps=591.3 avgBps=140.9 avgTps=12522 avgMGps=782.3 elapsed=1d8m15s
Jul 26 08:13:22 nimbus-eth1-mainnet-long-benchmark[3573364]: INF 2026-07-26 08:13:22.879+00:00 Imported blocks                            blockNumber=12255233 slot=1 blocks=12255232 txs=1089979380 mgas=68077900 bps=50.40 tps=11121 mgps=622.7 avgBps=140.8 avgTps=12520 avgMGps=782.0 elapsed=1d10m57s
Jul 26 08:16:05 nimbus-eth1-mainnet-long-benchmark[3573364]: INF 2026-07-26 08:16:05.217+00:00 Imported blocks                            blockNumber=12263425 slot=1 blocks=12263424 txs=1091807298 mgas=68179240 bps=50.46 tps=11260 mgps=624.3 avgBps=140.6 avgTps=12517 avgMGps=781.7 elapsed=1d13m40s
Jul 26 08:18:48 nimbus-eth1-mainnet-long-benchmark[3573364]: INF 2026-07-26 08:18:48.002+00:00 Imported blocks                            blockNumber=12271617 slot=1 blocks=12271616 txs=1093619719 mgas=68280466 bps=50.32 tps=11133 mgps=621.8 avgBps=140.4 avgTps=12515 avgMGps=781.4 elapsed=1d16m23s
Jul 26 08:21:23 nimbus-eth1-mainnet-long-benchmark[3573364]: INF 2026-07-26 08:21:23.292+00:00 Imported blocks                            blockNumber=12279809 slot=1 blocks=12279808 txs=1095548724 mgas=68382531 bps=52.75 tps=12421 mgps=657.2 avgBps=140.3 avgTps=12515 avgMGps=781.2 elapsed=1d18m58s
Jul 26 08:24:21 nimbus-eth1-mainnet-long-benchmark[3573364]: INF 2026-07-26 08:24:21.421+00:00 Imported blocks                            blockNumber=12288001 slot=1 blocks=12288000 txs=1097523611 mgas=68496267 bps=45.99 tps=11086 mgps=638.5 avgBps=140.1 avgTps=12512 avgMGps=780.9 elapsed=1d21m56s
Jul 26 08:27:35 nimbus-eth1-mainnet-long-benchmark[3573364]: INF 2026-07-26 08:27:35.674+00:00 Imported blocks                            blockNumber=12296193 slot=1 blocks=12296192 txs=1099547013 mgas=68617082 bps=42.17 tps=10416 mgps=622.0 avgBps=139.9 avgTps=12507 avgMGps=780.5 elapsed=1d25m10s
Jul 26 08:30:48 nimbus-eth1-mainnet-long-benchmark[3573364]: INF 2026-07-26 08:30:48.015+00:00 Imported blocks                            blockNumber=12304385 slot=1 blocks=12304384 txs=1101359536 mgas=68737958 bps=42.59 tps=9423 mgps=628.4 avgBps=139.7 avgTps=12500 avgMGps=780.2 elapsed=1d28m23s
Jul 26 08:34:13 nimbus-eth1-mainnet-long-benchmark[3573364]: INF 2026-07-26 08:34:13.851+00:00 Imported blocks                            blockNumber=12312577 slot=1 blocks=12312576 txs=1103087662 mgas=68858997 bps=39.80 tps=8395 mgps=588.0 avgBps=139.4 avgTps=12491 avgMGps=779.8 elapsed=1d31m48s
Jul 26 08:37:38 nimbus-eth1-mainnet-long-benchmark[3573364]: INF 2026-07-26 08:37:38.276+00:00 Imported blocks                            blockNumber=12320769 slot=1 blocks=12320768 txs=1104916212 mgas=68979482 bps=40.07 tps=8944 mgps=589.4 avgBps=139.2 avgTps=12483 avgMGps=779.3 elapsed=1d35m13s
Jul 26 08:41:03 nimbus-eth1-mainnet-long-benchmark[3573364]: INF 2026-07-26 08:41:03.085+00:00 Imported blocks                            blockNumber=12328961 slot=1 blocks=12328960 txs=1106772898 mgas=69099694 bps=40.00 tps=9065 mgps=587.0 avgBps=139.0 avgTps=12475 avgMGps=778.9 elapsed=1d38m38s
Jul 26 08:44:15 nimbus-eth1-mainnet-long-benchmark[3573364]: INF 2026-07-26 08:44:15.754+00:00 Imported blocks                            blockNumber=12337153 slot=1 blocks=12337152 txs=1108733706 mgas=69219824 bps=42.52 tps=10177 mgps=623.5 avgBps=138.8 avgTps=12470 avgMGps=778.5 elapsed=1d41m50s
Jul 26 08:47:35 nimbus-eth1-mainnet-long-benchmark[3573364]: INF 2026-07-26 08:47:35.499+00:00 Imported blocks                            blockNumber=12345345 slot=1 blocks=12345344 txs=1110568353 mgas=69340232 bps=41.01 tps=9185 mgps=602.8 avgBps=138.5 avgTps=12462 avgMGps=778.1 elapsed=1d45m10s
Jul 26 08:50:59 nimbus-eth1-mainnet-long-benchmark[3573364]: INF 2026-07-26 08:50:59.079+00:00 Imported blocks                            blockNumber=12353537 slot=1 blocks=12353536 txs=1112357481 mgas=69460626 bps=40.24 tps=8788 mgps=591.4 avgBps=138.3 avgTps=12454 avgMGps=777.7 elapsed=1d48m34s
Jul 26 08:54:25 nimbus-eth1-mainnet-long-benchmark[3573364]: INF 2026-07-26 08:54:25.032+00:00 Imported blocks                            blockNumber=12361729 slot=1 blocks=12361728 txs=1114202702 mgas=69581189 bps=39.78 tps=8959 mgps=585.4 avgBps=138.1 avgTps=12446 avgMGps=777.3 elapsed=1d52m41ms
Jul 26 08:57:47 nimbus-eth1-mainnet-long-benchmark[3573364]: INF 2026-07-26 08:57:47.169+00:00 Imported blocks                            blockNumber=12369921 slot=1 blocks=12369920 txs=1116131382 mgas=69701981 bps=40.53 tps=9541 mgps=597.6 avgBps=137.9 avgTps=12439 avgMGps=776.9 elapsed=1d55m22s
Jul 26 09:01:06 nimbus-eth1-mainnet-long-benchmark[3573364]: INF 2026-07-26 09:01:06.674+00:00 Imported blocks                            blockNumber=12378113 slot=1 blocks=12378112 txs=1118029253 mgas=69822900 bps=41.06 tps=9512 mgps=606.1 avgBps=137.7 avgTps=12433 avgMGps=776.5 elapsed=1d58m41s
Jul 26 09:04:25 nimbus-eth1-mainnet-long-benchmark[3573364]: INF 2026-07-26 09:04:25.635+00:00 Imported blocks                            blockNumber=12386305 slot=1 blocks=12386304 txs=1119985264 mgas=69944174 bps=41.17 tps=9831 mgps=609.5 avgBps=137.4 avgTps=12427 avgMGps=776.1 elapsed=1d1h2m
Jul 26 09:07:38 nimbus-eth1-mainnet-long-benchmark[3573364]: INF 2026-07-26 09:07:38.516+00:00 Imported blocks                            blockNumber=12394497 slot=1 blocks=12394496 txs=1122010180 mgas=70065584 bps=42.47 tps=10498 mgps=629.5 avgBps=137.2 avgTps=12423 avgMGps=775.8 elapsed=1d1h5m
Jul 26 09:10:48 nimbus-eth1-mainnet-long-benchmark[3573364]: INF 2026-07-26 09:10:48.808+00:00 Imported blocks                            blockNumber=12402689 slot=1 blocks=12402688 txs=1124217117 mgas=70186463 bps=43.05 tps=11597 mgps=635.2 avgBps=137.0 avgTps=12421 avgMGps=775.5 elapsed=1d1h8m
Jul 26 09:13:51 nimbus-eth1-mainnet-long-benchmark[3573364]: INF 2026-07-26 09:13:51.522+00:00 Imported blocks                            blockNumber=12410881 slot=1 blocks=12410880 txs=1126378707 mgas=70307682 bps=44.83 tps=11830 mgps=663.4 avgBps=136.9 avgTps=12420 avgMGps=775.3 elapsed=1d1h11m
Jul 26 09:16:51 nimbus-eth1-mainnet-long-benchmark[3573364]: INF 2026-07-26 09:16:51.551+00:00 Imported blocks                            blockNumber=12419073 slot=1 blocks=12419072 txs=1128532880 mgas=70428394 bps=45.50 tps=11965 mgps=670.5 avgBps=136.7 avgTps=12419 avgMGps=775.1 elapsed=1d1h14m
Jul 26 09:20:07 nimbus-eth1-mainnet-long-benchmark[3573364]: INF 2026-07-26 09:20:07.828+00:00 Imported blocks                            blockNumber=12427265 slot=1 blocks=12427264 txs=1130558301 mgas=70549502 bps=41.74 tps=10319 mgps=617.0 avgBps=136.5 avgTps=12415 avgMGps=774.7 elapsed=1d1h17m
Jul 26 09:23:22 nimbus-eth1-mainnet-long-benchmark[3573364]: INF 2026-07-26 09:23:22.341+00:00 Imported blocks                            blockNumber=12435457 slot=1 blocks=12435456 txs=1132478057 mgas=70670801 bps=42.12 tps=9869 mgps=623.6 avgBps=136.3 avgTps=12409 avgMGps=774.4 elapsed=1d1h20m
Jul 26 09:26:44 nimbus-eth1-mainnet-long-benchmark[3573364]: INF 2026-07-26 09:26:44.845+00:00 Imported blocks                            blockNumber=12443649 slot=1 blocks=12443648 txs=1134327325 mgas=70791900 bps=40.45 tps=9131 mgps=598.0 avgBps=136.1 avgTps=12402 avgMGps=774.0 elapsed=1d1h24m
Jul 26 09:30:09 nimbus-eth1-mainnet-long-benchmark[3573364]: INF 2026-07-26 09:30:09.334+00:00 Imported blocks                            blockNumber=12451841 slot=1 blocks=12451840 txs=1136169319 mgas=70913206 bps=40.06 tps=9007 mgps=593.2 avgBps=135.8 avgTps=12394 avgMGps=773.6 elapsed=1d1h27m
Jul 26 09:33:26 nimbus-eth1-mainnet-long-benchmark[3573364]: INF 2026-07-26 09:33:26.799+00:00 Imported blocks                            blockNumber=12460033 slot=1 blocks=12460032 txs=1137982047 mgas=71034495 bps=41.49 tps=9179 mgps=614.2 avgBps=135.6 avgTps=12387 avgMGps=773.3 elapsed=1d1h31m
Jul 26 09:36:57 nimbus-eth1-mainnet-long-benchmark[3573364]: INF 2026-07-26 09:36:57.244+00:00 Imported blocks                            blockNumber=12468225 slot=1 blocks=12468224 txs=1139818868 mgas=71155627 bps=38.93 tps=8728 mgps=575.6 avgBps=135.4 avgTps=12379 avgMGps=772.8 elapsed=1d1h34m
Jul 26 09:40:21 nimbus-eth1-mainnet-long-benchmark[3573364]: INF 2026-07-26 09:40:21.984+00:00 Imported blocks                            blockNumber=12476417 slot=1 blocks=12476416 txs=1141665998 mgas=71276640 bps=40.01 tps=9021 mgps=591.1 avgBps=135.2 avgTps=12372 avgMGps=772.4 elapsed=1d1h37m
Jul 26 09:43:46 nimbus-eth1-mainnet-long-benchmark[3573364]: INF 2026-07-26 09:43:46.773+00:00 Imported blocks                            blockNumber=12484609 slot=1 blocks=12484608 txs=1143392340 mgas=71397750 bps=40.00 tps=8429 mgps=591.4 avgBps=135.0 avgTps=12363 avgMGps=772.0 elapsed=1d1h41m
Jul 26 09:47:14 nimbus-eth1-mainnet-long-benchmark[3573364]: INF 2026-07-26 09:47:14.374+00:00 Imported blocks                            blockNumber=12492801 slot=1 blocks=12492800 txs=1144958137 mgas=71518978 bps=39.46 tps=7542 mgps=583.9 avgBps=134.8 avgTps=12352 avgMGps=771.6 elapsed=1d1h44m
Jul 26 09:50:34 nimbus-eth1-mainnet-long-benchmark[3573364]: INF 2026-07-26 09:50:34.611+00:00 Imported blocks                            blockNumber=12500993 slot=1 blocks=12500992 txs=1146619364 mgas=71639968 bps=40.91 tps=8296 mgps=604.2 avgBps=134.6 avgTps=12343 avgMGps=771.2 elapsed=1d1h48m
Jul 26 09:53:54 nimbus-eth1-mainnet-long-benchmark[3573364]: INF 2026-07-26 09:53:54.436+00:00 Imported blocks                            blockNumber=12509185 slot=1 blocks=12509184 txs=1148277108 mgas=71761366 bps=40.99 tps=8295 mgps=607.5 avgBps=134.4 avgTps=12335 avgMGps=770.9 elapsed=1d1h51m
Jul 26 09:57:12 nimbus-eth1-mainnet-long-benchmark[3573364]: INF 2026-07-26 09:57:12.324+00:00 Imported blocks                            blockNumber=12517377 slot=1 blocks=12517376 txs=1149963523 mgas=71882247 bps=41.40 tps=8522 mgps=610.9 avgBps=134.2 avgTps=12327 avgMGps=770.5 elapsed=1d1h54m
Jul 26 10:00:26 nimbus-eth1-mainnet-long-benchmark[3573364]: INF 2026-07-26 10:00:26.993+00:00 Imported blocks                            blockNumber=12525569 slot=1 blocks=12525568 txs=1151599444 mgas=72003268 bps=42.08 tps=8403 mgps=621.7 avgBps=134.0 avgTps=12318 avgMGps=770.2 elapsed=1d1h58m
Jul 26 10:03:45 nimbus-eth1-mainnet-long-benchmark[3573364]: INF 2026-07-26 10:03:45.222+00:00 Imported blocks                            blockNumber=12533761 slot=1 blocks=12533760 txs=1153237739 mgas=72124096 bps=41.33 tps=8264 mgps=609.5 avgBps=133.8 avgTps=12310 avgMGps=769.9 elapsed=1d2h1m
Jul 26 10:07:08 nimbus-eth1-mainnet-long-benchmark[3573364]: INF 2026-07-26 10:07:08.751+00:00 Imported blocks                            blockNumber=12541953 slot=1 blocks=12541952 txs=1154868468 mgas=72245211 bps=40.25 tps=8012 mgps=595.1 avgBps=133.6 avgTps=12301 avgMGps=769.5 elapsed=1d2h4m
Jul 26 10:10:29 nimbus-eth1-mainnet-long-benchmark[3573364]: INF 2026-07-26 10:10:29.556+00:00 Imported blocks                            blockNumber=12550145 slot=1 blocks=12550144 txs=1156537706 mgas=72366561 bps=40.80 tps=8312 mgps=604.3 avgBps=133.4 avgTps=12292 avgMGps=769.2 elapsed=1d2h8m
Jul 26 10:13:43 nimbus-eth1-mainnet-long-benchmark[3573364]: INF 2026-07-26 10:13:43.693+00:00 Imported blocks                            blockNumber=12558337 slot=1 blocks=12558336 txs=1158144206 mgas=72487402 bps=42.20 tps=8275 mgps=622.5 avgBps=133.2 avgTps=12284 avgMGps=768.9 elapsed=1d2h11m
Jul 26 10:17:08 nimbus-eth1-mainnet-long-benchmark[3573364]: INF 2026-07-26 10:17:08.453+00:00 Imported blocks                            blockNumber=12566529 slot=1 blocks=12566528 txs=1159849853 mgas=72608246 bps=40.01 tps=8329 mgps=590.2 avgBps=133.0 avgTps=12275 avgMGps=768.5 elapsed=1d2h14m
Jul 26 10:20:35 nimbus-eth1-mainnet-long-benchmark[3573364]: INF 2026-07-26 10:20:35.542+00:00 Imported blocks                            blockNumber=12574721 slot=1 blocks=12574720 txs=1161443693 mgas=72728985 bps=39.56 tps=7696 mgps=583.0 avgBps=132.8 avgTps=12265 avgMGps=768.1 elapsed=1d2h18m
Jul 26 10:23:55 nimbus-eth1-mainnet-long-benchmark[3573364]: INF 2026-07-26 10:23:55.879+00:00 Imported blocks                            blockNumber=12582913 slot=1 blocks=12582912 txs=1162872234 mgas=72847830 bps=40.89 tps=7130 mgps=593.2 avgBps=132.6 avgTps=12254 avgMGps=767.7 elapsed=1d2h21m
Jul 26 10:27:21 nimbus-eth1-mainnet-long-benchmark[3573364]: INF 2026-07-26 10:27:21.556+00:00 Imported blocks                            blockNumber=12591105 slot=1 blocks=12591104 txs=1164399839 mgas=72967411 bps=39.83 tps=7427 mgps=581.4 avgBps=132.4 avgTps=12244 avgMGps=767.3 elapsed=1d2h24m
Jul 26 10:30:46 nimbus-eth1-mainnet-long-benchmark[3573364]: INF 2026-07-26 10:30:46.185+00:00 Imported blocks                            blockNumber=12599297 slot=1 blocks=12599296 txs=1165937999 mgas=73088588 bps=40.03 tps=7516 mgps=592.2 avgBps=132.2 avgTps=12234 avgMGps=766.9 elapsed=1d2h28m
Jul 26 10:34:12 nimbus-eth1-mainnet-long-benchmark[3573364]: INF 2026-07-26 10:34:12.277+00:00 Imported blocks                            blockNumber=12607489 slot=1 blocks=12607488 txs=1167482053 mgas=73209510 bps=39.75 tps=7491 mgps=586.7 avgBps=132.0 avgTps=12224 avgMGps=766.5 elapsed=1d2h31m
Jul 26 10:37:38 nimbus-eth1-mainnet-long-benchmark[3573364]: INF 2026-07-26 10:37:38.158+00:00 Imported blocks                            blockNumber=12615681 slot=1 blocks=12615680 txs=1168971403 mgas=73330552 bps=39.79 tps=7234 mgps=587.9 avgBps=131.8 avgTps=12213 avgMGps=766.1 elapsed=1d2h35m
Jul 26 10:40:58 nimbus-eth1-mainnet-long-benchmark[3573364]: INF 2026-07-26 10:40:58.511+00:00 Imported blocks                            blockNumber=12623873 slot=1 blocks=12623872 txs=1170407107 mgas=73450002 bps=40.89 tps=7165 mgps=596.2 avgBps=131.6 avgTps=12202 avgMGps=765.8 elapsed=1d2h38m
Jul 26 10:44:20 nimbus-eth1-mainnet-long-benchmark[3573364]: INF 2026-07-26 10:44:20.048+00:00 Imported blocks                            blockNumber=12632065 slot=1 blocks=12632064 txs=1171859794 mgas=73568030 bps=40.65 tps=7208 mgps=585.6 avgBps=131.4 avgTps=12192 avgMGps=765.4 elapsed=1d2h41m
Jul 26 10:47:42 nimbus-eth1-mainnet-long-benchmark[3573364]: INF 2026-07-26 10:47:42.760+00:00 Imported blocks                            blockNumber=12640257 slot=1 blocks=12640256 txs=1173405815 mgas=73688617 bps=40.41 tps=7626 mgps=594.9 avgBps=131.2 avgTps=12182 avgMGps=765.1 elapsed=1d2h45m
Jul 26 10:51:04 nimbus-eth1-mainnet-long-benchmark[3573364]: INF 2026-07-26 10:51:04.105+00:00 Imported blocks                            blockNumber=12648449 slot=1 blocks=12648448 txs=1174928170 mgas=73808988 bps=40.69 tps=7560 mgps=597.8 avgBps=131.0 avgTps=12173 avgMGps=764.7 elapsed=1d2h48m
Jul 26 10:54:27 nimbus-eth1-mainnet-long-benchmark[3573364]: INF 2026-07-26 10:54:27.730+00:00 Imported blocks                            blockNumber=12656641 slot=1 blocks=12656640 txs=1176443269 mgas=73929312 bps=40.23 tps=7440 mgps=590.9 avgBps=130.9 avgTps=12163 avgMGps=764.3 elapsed=1d2h52m
Jul 26 10:57:45 nimbus-eth1-mainnet-long-benchmark[3573364]: INF 2026-07-26 10:57:45.883+00:00 Imported blocks                            blockNumber=12664833 slot=1 blocks=12664832 txs=1177906325 mgas=74049114 bps=41.34 tps=7383 mgps=604.6 avgBps=130.7 avgTps=12153 avgMGps=764.0 elapsed=1d2h55m
Jul 26 11:01:05 nimbus-eth1-mainnet-long-benchmark[3573364]: INF 2026-07-26 11:01:05.228+00:00 Imported blocks                            blockNumber=12673025 slot=1 blocks=12673024 txs=1179242894 mgas=74166892 bps=41.10 tps=6704 mgps=590.8 avgBps=130.5 avgTps=12142 avgMGps=763.7 elapsed=1d2h58m
Jul 26 11:04:35 nimbus-eth1-mainnet-long-benchmark[3573364]: INF 2026-07-26 11:04:35.152+00:00 Imported blocks                            blockNumber=12681217 slot=1 blocks=12681216 txs=1180766873 mgas=74287384 bps=39.02 tps=7259 mgps=574.0 avgBps=130.3 avgTps=12131 avgMGps=763.3 elapsed=1d3h2m
Jul 26 11:08:09 nimbus-eth1-mainnet-long-benchmark[3573364]: INF 2026-07-26 11:08:09.889+00:00 Imported blocks                            blockNumber=12689409 slot=1 blocks=12689408 txs=1182408220 mgas=74408185 bps=38.15 tps=7643 mgps=562.6 avgBps=130.1 avgTps=12121 avgMGps=762.8 elapsed=1d3h5m
Jul 26 11:11:36 nimbus-eth1-mainnet-long-benchmark[3573364]: INF 2026-07-26 11:11:36.986+00:00 Imported blocks                            blockNumber=12697601 slot=1 blocks=12697600 txs=1183925836 mgas=74528394 bps=39.56 tps=7328 mgps=580.4 avgBps=129.9 avgTps=12111 avgMGps=762.4 elapsed=1d3h9m
Jul 26 11:15:01 nimbus-eth1-mainnet-long-benchmark[3573364]: INF 2026-07-26 11:15:01.662+00:00 Imported blocks                            blockNumber=12705793 slot=1 blocks=12705792 txs=1185498721 mgas=74649179 bps=40.02 tps=7684 mgps=590.1 avgBps=129.7 avgTps=12102 avgMGps=762.1 elapsed=1d3h12m
Jul 26 11:18:24 nimbus-eth1-mainnet-long-benchmark[3573364]: INF 2026-07-26 11:18:24.631+00:00 Imported blocks                            blockNumber=12713985 slot=1 blocks=12713984 txs=1186941762 mgas=74768403 bps=40.36 tps=7109 mgps=587.4 avgBps=129.5 avgTps=12091 avgMGps=761.7 elapsed=1d3h15m
Jul 26 11:21:49 nimbus-eth1-mainnet-long-benchmark[3573364]: INF 2026-07-26 11:21:49.492+00:00 Imported blocks                            blockNumber=12722177 slot=1 blocks=12722176 txs=1188502265 mgas=74887114 bps=39.99 tps=7617 mgps=579.5 avgBps=129.3 avgTps=12082 avgMGps=761.3 elapsed=1d3h19m
Jul 26 11:25:22 nimbus-eth1-mainnet-long-benchmark[3573364]: INF 2026-07-26 11:25:22.717+00:00 Imported blocks                            blockNumber=12730369 slot=1 blocks=12730368 txs=1190212465 mgas=75007867 bps=38.42 tps=8020 mgps=566.3 avgBps=129.1 avgTps=12073 avgMGps=760.9 elapsed=1d3h22m
Jul 26 11:28:44 nimbus-eth1-mainnet-long-benchmark[3573364]: INF 2026-07-26 11:28:44.625+00:00 Imported blocks                            blockNumber=12738561 slot=1 blocks=12738560 txs=1191737978 mgas=75128441 bps=40.57 tps=7555 mgps=597.2 avgBps=129.0 avgTps=12064 avgMGps=760.6 elapsed=1d3h26m
Jul 26 11:32:06 nimbus-eth1-mainnet-long-benchmark[3573364]: INF 2026-07-26 11:32:06.058+00:00 Imported blocks                            blockNumber=12746753 slot=1 blocks=12746752 txs=1193283158 mgas=75248781 bps=40.67 tps=7670 mgps=597.4 avgBps=128.8 avgTps=12055 avgMGps=760.2 elapsed=1d3h29m
Jul 26 11:35:25 nimbus-eth1-mainnet-long-benchmark[3573364]: INF 2026-07-26 11:35:25.151+00:00 Imported blocks                            blockNumber=12754945 slot=1 blocks=12754944 txs=1194774367 mgas=75368399 bps=41.15 tps=7489 mgps=600.8 avgBps=128.6 avgTps=12046 avgMGps=759.9 elapsed=1d3h33m
Jul 26 11:38:45 nimbus-eth1-mainnet-long-benchmark[3573364]: INF 2026-07-26 11:38:45.884+00:00 Imported blocks                            blockNumber=12763137 slot=1 blocks=12763136 txs=1196193884 mgas=75487966 bps=40.81 tps=7071 mgps=595.7 avgBps=128.4 avgTps=12036 avgMGps=759.6 elapsed=1d3h36m
Jul 26 11:42:09 nimbus-eth1-mainnet-long-benchmark[3573364]: INF 2026-07-26 11:42:09.741+00:00 Imported blocks                            blockNumber=12771329 slot=1 blocks=12771328 txs=1197637486 mgas=75606721 bps=40.19 tps=7081 mgps=582.5 avgBps=128.2 avgTps=12026 avgMGps=759.2 elapsed=1d3h39m
Jul 26 11:45:17 nimbus-eth1-mainnet-long-benchmark[3573364]: INF 2026-07-26 11:45:17.894+00:00 Imported blocks                            blockNumber=12779521 slot=1 blocks=12779520 txs=1199387484 mgas=75727437 bps=43.54 tps=9300 mgps=641.6 avgBps=128.1 avgTps=12021 avgMGps=759.0 elapsed=1d3h42m
Jul 26 11:48:33 nimbus-eth1-mainnet-long-benchmark[3573364]: INF 2026-07-26 11:48:33.731+00:00 Imported blocks                            blockNumber=12787713 slot=1 blocks=12787712 txs=1201025307 mgas=75848230 bps=41.83 tps=8363 mgps=616.8 avgBps=127.9 avgTps=12014 avgMGps=758.7 elapsed=1d3h46m
Jul 26 11:51:49 nimbus-eth1-mainnet-long-benchmark[3573364]: INF 2026-07-26 11:51:49.371+00:00 Imported blocks                            blockNumber=12795905 slot=1 blocks=12795904 txs=1202573245 mgas=75968901 bps=41.87 tps=7912 mgps=616.8 avgBps=127.7 avgTps=12005 avgMGps=758.4 elapsed=1d3h49m
Jul 26 11:55:08 nimbus-eth1-mainnet-long-benchmark[3573364]: INF 2026-07-26 11:55:08.144+00:00 Imported blocks                            blockNumber=12804097 slot=1 blocks=12804096 txs=1204006645 mgas=76088685 bps=41.21 tps=7211 mgps=602.6 avgBps=127.6 avgTps=11996 avgMGps=758.1 elapsed=1d3h52m
Jul 26 11:58:25 nimbus-eth1-mainnet-long-benchmark[3573364]: INF 2026-07-26 11:58:25.313+00:00 Imported blocks                            blockNumber=12812289 slot=1 blocks=12812288 txs=1205475285 mgas=76208224 bps=41.55 tps=7448 mgps=606.3 avgBps=127.4 avgTps=11987 avgMGps=757.8 elapsed=1d3h56m
Jul 26 12:01:43 nimbus-eth1-mainnet-long-benchmark[3573364]: INF 2026-07-26 12:01:43.798+00:00 Imported blocks                            blockNumber=12820481 slot=1 blocks=12820480 txs=1207011307 mgas=76329230 bps=41.27 tps=7738 mgps=609.6 avgBps=127.2 avgTps=11979 avgMGps=757.5 elapsed=1d3h59m
Jul 26 12:05:04 nimbus-eth1-mainnet-long-benchmark[3573364]: INF 2026-07-26 12:05:04.295+00:00 Imported blocks                            blockNumber=12828673 slot=1 blocks=12828672 txs=1208555335 mgas=76449928 bps=40.86 tps=7700 mgps=602.0 avgBps=127.1 avgTps=11970 avgMGps=757.2 elapsed=1d4h2m
Jul 26 12:08:26 nimbus-eth1-mainnet-long-benchmark[3573364]: INF 2026-07-26 12:08:26.524+00:00 Imported blocks                            blockNumber=12836865 slot=1 blocks=12836864 txs=1210175087 mgas=76570749 bps=40.51 tps=8009 mgps=597.5 avgBps=126.9 avgTps=11962 avgMGps=756.9 elapsed=1d4h6m
Jul 26 12:11:41 nimbus-eth1-mainnet-long-benchmark[3573364]: INF 2026-07-26 12:11:41.693+00:00 Imported blocks                            blockNumber=12845057 slot=1 blocks=12845056 txs=1211706543 mgas=76691722 bps=41.97 tps=7846 mgps=619.8 avgBps=126.7 avgTps=11954 avgMGps=756.7 elapsed=1d4h9m
Jul 26 12:14:54 nimbus-eth1-mainnet-long-benchmark[3573364]: INF 2026-07-26 12:14:54.853+00:00 Imported blocks                            blockNumber=12853249 slot=1 blocks=12853248 txs=1213189567 mgas=76812710 bps=42.41 tps=7677 mgps=626.4 avgBps=126.6 avgTps=11946 avgMGps=756.4 elapsed=1d4h12m
Jul 26 12:18:21 nimbus-eth1-mainnet-long-benchmark[3573364]: INF 2026-07-26 12:18:21.698+00:00 Imported blocks                            blockNumber=12861441 slot=1 blocks=12861440 txs=1214709074 mgas=76933374 bps=39.60 tps=7346 mgps=583.4 avgBps=126.4 avgTps=11937 avgMGps=756.1 elapsed=1d4h15m
Jul 26 12:21:55 nimbus-eth1-mainnet-long-benchmark[3573364]: INF 2026-07-26 12:21:55.655+00:00 Imported blocks                            blockNumber=12869633 slot=1 blocks=12869632 txs=1216252711 mgas=77053985 bps=38.29 tps=7214 mgps=563.7 avgBps=126.2 avgTps=11927 avgMGps=755.6 elapsed=1d4h19m
Jul 26 12:25:29 nimbus-eth1-mainnet-long-benchmark[3573364]: INF 2026-07-26 12:25:29.023+00:00 Imported blocks                            blockNumber=12877825 slot=1 blocks=12877824 txs=1217803807 mgas=77174987 bps=38.39 tps=7269 mgps=567.1 avgBps=126.0 avgTps=11917 avgMGps=755.3 elapsed=1d4h23m
Jul 26 12:29:00 nimbus-eth1-mainnet-long-benchmark[3573364]: INF 2026-07-26 12:29:00.320+00:00 Imported blocks                            blockNumber=12886017 slot=1 blocks=12886016 txs=1219320016 mgas=77296040 bps=38.77 tps=7175 mgps=572.9 avgBps=125.8 avgTps=11907 avgMGps=754.9 elapsed=1d4h26m
Jul 26 12:32:39 nimbus-eth1-mainnet-long-benchmark[3573364]: INF 2026-07-26 12:32:39.177+00:00 Imported blocks                            blockNumber=12894209 slot=1 blocks=12894208 txs=1220837309 mgas=77416831 bps=37.43 tps=6932 mgps=551.9 avgBps=125.7 avgTps=11897 avgMGps=754.4 elapsed=1d4h30m
Jul 26 12:36:12 nimbus-eth1-mainnet-long-benchmark[3573364]: INF 2026-07-26 12:36:12.241+00:00 Imported blocks                            blockNumber=12902401 slot=1 blocks=12902400 txs=1222390833 mgas=77537916 bps=38.45 tps=7291 mgps=568.3 avgBps=125.5 avgTps=11887 avgMGps=754.1 elapsed=1d4h33m
Jul 26 12:39:42 nimbus-eth1-mainnet-long-benchmark[3573364]: INF 2026-07-26 12:39:42.450+00:00 Imported blocks                            blockNumber=12910593 slot=1 blocks=12910592 txs=1224084590 mgas=77659217 bps=38.97 tps=8057 mgps=577.1 avgBps=125.3 avgTps=11879 avgMGps=753.7 elapsed=1d4h37m
Jul 26 12:43:07 nimbus-eth1-mainnet-long-benchmark[3573364]: INF 2026-07-26 12:43:07.391+00:00 Imported blocks                            blockNumber=12918785 slot=1 blocks=12918784 txs=1225756634 mgas=77780558 bps=39.97 tps=8158 mgps=592.1 avgBps=125.1 avgTps=11872 avgMGps=753.4 elapsed=1d4h40m
Jul 26 12:46:32 nimbus-eth1-mainnet-long-benchmark[3573364]: INF 2026-07-26 12:46:32.163+00:00 Imported blocks                            blockNumber=12926977 slot=1 blocks=12926976 txs=1227412038 mgas=77901499 bps=40.00 tps=8083 mgps=590.6 avgBps=125.0 avgTps=11865 avgMGps=753.1 elapsed=1d4h44m
Jul 26 12:49:58 nimbus-eth1-mainnet-long-benchmark[3573364]: INF 2026-07-26 12:49:58.864+00:00 Imported blocks                            blockNumber=12935169 slot=1 blocks=12935168 txs=1228981944 mgas=78022426 bps=39.63 tps=7595 mgps=585.0 avgBps=124.8 avgTps=11856 avgMGps=752.7 elapsed=1d4h47m
Jul 26 12:53:33 nimbus-eth1-mainnet-long-benchmark[3573364]: INF 2026-07-26 12:53:33.377+00:00 Imported blocks                            blockNumber=12943361 slot=1 blocks=12943360 txs=1230522869 mgas=78143531 bps=38.19 tps=7183 mgps=564.6 avgBps=124.6 avgTps=11846 avgMGps=752.3 elapsed=1d4h51m
Jul 26 12:57:01 nimbus-eth1-mainnet-long-benchmark[3573364]: INF 2026-07-26 12:57:01.929+00:00 Imported blocks                            blockNumber=12951553 slot=1 blocks=12951552 txs=1232164557 mgas=78264547 bps=39.28 tps=7871 mgps=580.3 avgBps=124.4 avgTps=11838 avgMGps=752.0 elapsed=1d4h54m
Jul 26 13:00:31 nimbus-eth1-mainnet-long-benchmark[3573364]: INF 2026-07-26 13:00:31.362+00:00 Imported blocks                            blockNumber=12959745 slot=1 blocks=12959744 txs=1233728340 mgas=78385406 bps=39.12 tps=7466 mgps=577.1 avgBps=124.3 avgTps=11830 avgMGps=751.6 elapsed=1d4h58m
Jul 26 13:03:56 nimbus-eth1-mainnet-long-benchmark[3573364]: INF 2026-07-26 13:03:56.507+00:00 Imported blocks                            blockNumber=12967937 slot=1 blocks=12967936 txs=1235240637 mgas=78507091 bps=39.93 tps=7371 mgps=593.2 avgBps=124.1 avgTps=11821 avgMGps=751.3 elapsed=1d5h1m
Jul 26 13:07:23 nimbus-eth1-mainnet-long-benchmark[3573364]: INF 2026-07-26 13:07:23.204+00:00 Imported blocks                            blockNumber=12976129 slot=1 blocks=12976128 txs=1236757613 mgas=78633896 bps=39.63 tps=7339 mgps=613.5 avgBps=123.9 avgTps=11812 avgMGps=751.1 elapsed=1d5h4m
Jul 26 13:10:57 nimbus-eth1-mainnet-long-benchmark[3573364]: INF 2026-07-26 13:10:57.008+00:00 Imported blocks                            blockNumber=12984321 slot=1 blocks=12984320 txs=1238288328 mgas=78760777 bps=38.32 tps=7159 mgps=593.4 avgBps=123.8 avgTps=11803 avgMGps=750.7 elapsed=1d5h8m
Jul 26 13:14:27 nimbus-eth1-mainnet-long-benchmark[3573364]: INF 2026-07-26 13:14:27.905+00:00 Imported blocks                            blockNumber=12992513 slot=1 blocks=12992512 txs=1239788351 mgas=78887626 bps=38.84 tps=7112 mgps=601.5 avgBps=123.6 avgTps=11793 avgMGps=750.4 elapsed=1d5h12m
Jul 26 13:17:45 nimbus-eth1-mainnet-long-benchmark[3573364]: INF 2026-07-26 13:17:45.286+00:00 Imported blocks                            blockNumber=13000705 slot=1 blocks=13000704 txs=1241313413 mgas=79014389 bps=41.50 tps=7726 mgps=642.2 avgBps=123.4 avgTps=11786 avgMGps=750.2 elapsed=1d5h15m
Jul 26 13:21:07 nimbus-eth1-mainnet-long-benchmark[3573364]: INF 2026-07-26 13:21:07.066+00:00 Imported blocks                            blockNumber=13008897 slot=1 blocks=13008896 txs=1242884311 mgas=79141017 bps=40.60 tps=7785 mgps=627.6 avgBps=123.3 avgTps=11778 avgMGps=750.0 elapsed=1d5h18m
Jul 26 13:24:31 nimbus-eth1-mainnet-long-benchmark[3573364]: INF 2026-07-26 13:24:31.851+00:00 Imported blocks                            blockNumber=13017089 slot=1 blocks=13017088 txs=1244399381 mgas=79267733 bps=40.00 tps=7398 mgps=618.8 avgBps=123.1 avgTps=11769 avgMGps=749.7 elapsed=1d5h22m
Jul 26 13:27:48 nimbus-eth1-mainnet-long-benchmark[3573364]: INF 2026-07-26 13:27:48.160+00:00 Imported blocks                            blockNumber=13025281 slot=1 blocks=13025280 txs=1245890676 mgas=79394471 bps=41.73 tps=7596 mgps=645.6 avgBps=123.0 avgTps=11762 avgMGps=749.5 elapsed=1d5h25m
Jul 26 13:31:08 nimbus-eth1-mainnet-long-benchmark[3573364]: INF 2026-07-26 13:31:08.093+00:00 Imported blocks                            blockNumber=13033473 slot=1 blocks=13033472 txs=1247290123 mgas=79521272 bps=40.97 tps=6999 mgps=634.2 avgBps=122.8 avgTps=11753 avgMGps=749.3 elapsed=1d5h28m
Jul 26 13:34:32 nimbus-eth1-mainnet-long-benchmark[3573364]: INF 2026-07-26 13:34:32.682+00:00 Imported blocks                            blockNumber=13041665 slot=1 blocks=13041664 txs=1248902226 mgas=79647845 bps=40.04 tps=7879 mgps=618.7 avgBps=122.7 avgTps=11745 avgMGps=749.1 elapsed=1d5h32m
Jul 26 13:37:56 nimbus-eth1-mainnet-long-benchmark[3573364]: INF 2026-07-26 13:37:56.258+00:00 Imported blocks                            blockNumber=13049857 slot=1 blocks=13049856 txs=1250467115 mgas=79774415 bps=40.24 tps=7686 mgps=621.7 avgBps=122.5 avgTps=11738 avgMGps=748.8 elapsed=1d5h35m
Jul 26 13:41:23 nimbus-eth1-mainnet-long-benchmark[3573364]: INF 2026-07-26 13:41:23.515+00:00 Imported blocks                            blockNumber=13058049 slot=1 blocks=13058048 txs=1252017042 mgas=79900926 bps=39.53 tps=7478 mgps=610.4 avgBps=122.3 avgTps=11729 avgMGps=748.6 elapsed=1d5h38m
Jul 26 13:44:54 nimbus-eth1-mainnet-long-benchmark[3573364]: INF 2026-07-26 13:44:54.276+00:00 Imported blocks                            blockNumber=13066241 slot=1 blocks=13066240 txs=1253591882 mgas=80027575 bps=38.87 tps=7472 mgps=600.9 avgBps=122.2 avgTps=11721 avgMGps=748.3 elapsed=1d5h42m
Jul 26 13:48:25 nimbus-eth1-mainnet-long-benchmark[3573364]: INF 2026-07-26 13:48:25.220+00:00 Imported blocks                            blockNumber=13074433 slot=1 blocks=13074432 txs=1255109551 mgas=80154598 bps=38.83 tps=7194 mgps=602.2 avgBps=122.0 avgTps=11712 avgMGps=748.0 elapsed=1d5h46m
Jul 26 13:51:57 nimbus-eth1-mainnet-long-benchmark[3573364]: INF 2026-07-26 13:51:57.217+00:00 Imported blocks                            blockNumber=13082625 slot=1 blocks=13082624 txs=1256664799 mgas=80281800 bps=38.64 tps=7336 mgps=600.0 avgBps=121.8 avgTps=11703 avgMGps=747.7 elapsed=1d5h49m
Jul 26 13:55:22 nimbus-eth1-mainnet-long-benchmark[3573364]: INF 2026-07-26 13:55:22.682+00:00 Imported blocks                            blockNumber=13090817 slot=1 blocks=13090816 txs=1258220852 mgas=80408322 bps=39.87 tps=7573 mgps=615.8 avgBps=121.7 avgTps=11695 avgMGps=747.4 elapsed=1d5h52m
Jul 26 13:58:49 nimbus-eth1-mainnet-long-benchmark[3573364]: INF 2026-07-26 13:58:49.267+00:00 Imported blocks                            blockNumber=13099009 slot=1 blocks=13099008 txs=1259725713 mgas=80534813 bps=39.65 tps=7284 mgps=612.3 avgBps=121.5 avgTps=11687 avgMGps=747.2 elapsed=1d5h56m
Jul 26 14:02:12 nimbus-eth1-mainnet-long-benchmark[3573364]: INF 2026-07-26 14:02:12.099+00:00 Imported blocks                            blockNumber=13107201 slot=1 blocks=13107200 txs=1261207779 mgas=80661318 bps=40.39 tps=7306 mgps=623.7 avgBps=121.4 avgTps=11679 avgMGps=747.0 elapsed=1d5h59m
Jul 26 14:05:25 nimbus-eth1-mainnet-long-benchmark[3573364]: INF 2026-07-26 14:05:25.240+00:00 Imported blocks                            blockNumber=13115393 slot=1 blocks=13115392 txs=1262634153 mgas=80787800 bps=42.41 tps=7385 mgps=654.9 avgBps=121.2 avgTps=11671 avgMGps=746.8 elapsed=1d6h3m
Jul 26 14:08:43 nimbus-eth1-mainnet-long-benchmark[3573364]: INF 2026-07-26 14:08:43.769+00:00 Imported blocks                            blockNumber=13123585 slot=1 blocks=13123584 txs=1264056805 mgas=80914376 bps=41.26 tps=7166 mgps=637.6 avgBps=121.1 avgTps=11663 avgMGps=746.6 elapsed=1d6h6m
Jul 26 14:12:05 nimbus-eth1-mainnet-long-benchmark[3573364]: INF 2026-07-26 14:12:05.110+00:00 Imported blocks                            blockNumber=13131777 slot=1 blocks=13131776 txs=1265557474 mgas=81040878 bps=40.69 tps=7453 mgps=628.3 avgBps=120.9 avgTps=11655 avgMGps=746.4 elapsed=1d6h9m
Jul 26 14:15:23 nimbus-eth1-mainnet-long-benchmark[3573364]: INF 2026-07-26 14:15:23.315+00:00 Imported blocks                            blockNumber=13139969 slot=1 blocks=13139968 txs=1267138426 mgas=81167379 bps=41.33 tps=7976 mgps=638.2 avgBps=120.8 avgTps=11648 avgMGps=746.2 elapsed=1d6h12m
Jul 26 14:18:32 nimbus-eth1-mainnet-long-benchmark[3573364]: INF 2026-07-26 14:18:32.524+00:00 Imported blocks                            blockNumber=13148161 slot=1 blocks=13148160 txs=1268710617 mgas=81293960 bps=43.30 tps=8309 mgps=669.0 avgBps=120.7 avgTps=11643 avgMGps=746.0 elapsed=1d6h16m
Jul 26 14:21:29 nimbus-eth1-mainnet-long-benchmark[3573364]: INF 2026-07-26 14:21:29.081+00:00 Imported blocks                            blockNumber=13156353 slot=1 blocks=13156352 txs=1270213280 mgas=81420395 bps=46.40 tps=8510 mgps=716.1 avgBps=120.5 avgTps=11637 avgMGps=746.0 elapsed=1d6h19m
Jul 26 14:24:29 nimbus-eth1-mainnet-long-benchmark[3573364]: INF 2026-07-26 14:24:29.486+00:00 Imported blocks                            blockNumber=13164545 slot=1 blocks=13164544 txs=1271709087 mgas=81547263 bps=45.41 tps=8291 mgps=703.2 avgBps=120.4 avgTps=11632 avgMGps=745.9 elapsed=1d6h22m
Jul 26 14:27:38 nimbus-eth1-mainnet-long-benchmark[3573364]: INF 2026-07-26 14:27:38.283+00:00 Imported blocks                            blockNumber=13172737 slot=1 blocks=13172736 txs=1273194707 mgas=81674021 bps=43.39 tps=7868 mgps=671.4 avgBps=120.3 avgTps=11625 avgMGps=745.8 elapsed=1d6h25m
Jul 26 14:30:50 nimbus-eth1-mainnet-long-benchmark[3573364]: INF 2026-07-26 14:30:50.512+00:00 Imported blocks                            blockNumber=13180929 slot=1 blocks=13180928 txs=1274818990 mgas=81800466 bps=42.62 tps=8449 mgps=657.8 avgBps=120.1 avgTps=11620 avgMGps=745.6 elapsed=1d6h28m
Jul 26 14:33:54 nimbus-eth1-mainnet-long-benchmark[3573364]: INF 2026-07-26 14:33:54.825+00:00 Imported blocks                            blockNumber=13189121 slot=1 blocks=13189120 txs=1276306783 mgas=81926920 bps=44.45 tps=8072 mgps=686.1 avgBps=120.0 avgTps=11614 avgMGps=745.5 elapsed=1d6h31m
Jul 26 14:37:10 nimbus-eth1-mainnet-long-benchmark[3573364]: INF 2026-07-26 14:37:10.798+00:00 Imported blocks                            blockNumber=13197313 slot=1 blocks=13197312 txs=1277896870 mgas=82053368 bps=41.80 tps=8113 mgps=645.2 avgBps=119.9 avgTps=11608 avgMGps=745.4 elapsed=1d6h34m
Jul 26 14:40:37 nimbus-eth1-mainnet-long-benchmark[3573364]: INF 2026-07-26 14:40:37.719+00:00 Imported blocks                            blockNumber=13205505 slot=1 blocks=13205504 txs=1279500827 mgas=82179877 bps=39.59 tps=7751 mgps=611.4 avgBps=119.7 avgTps=11600 avgMGps=745.1 elapsed=1d6h38m
Jul 26 14:44:11 nimbus-eth1-mainnet-long-benchmark[3573364]: INF 2026-07-26 14:44:10.995+00:00 Imported blocks                            blockNumber=13213697 slot=1 blocks=13213696 txs=1281016446 mgas=82306526 bps=38.41 tps=7106 mgps=593.8 avgBps=119.6 avgTps=11592 avgMGps=744.8 elapsed=1d6h41m
Jul 26 14:47:35 nimbus-eth1-mainnet-long-benchmark[3573364]: INF 2026-07-26 14:47:35.748+00:00 Imported blocks                            blockNumber=13221889 slot=1 blocks=13221888 txs=1282610952 mgas=82433007 bps=40.01 tps=7787 mgps=617.7 avgBps=119.4 avgTps=11585 avgMGps=744.6 elapsed=1d6h45m
Jul 26 14:51:06 nimbus-eth1-mainnet-long-benchmark[3573364]: INF 2026-07-26 14:51:06.109+00:00 Imported blocks                            blockNumber=13230081 slot=1 blocks=13230080 txs=1284182409 mgas=82559549 bps=38.94 tps=7470 mgps=601.6 avgBps=119.3 avgTps=11577 avgMGps=744.3 elapsed=1d6h48m
Jul 26 14:54:30 nimbus-eth1-mainnet-long-benchmark[3573364]: INF 2026-07-26 14:54:30.878+00:00 Imported blocks                            blockNumber=13238273 slot=1 blocks=13238272 txs=1285717811 mgas=82686140 bps=40.01 tps=7498 mgps=618.2 avgBps=119.1 avgTps=11569 avgMGps=744.1 elapsed=1d6h52m
Jul 26 14:57:45 nimbus-eth1-mainnet-long-benchmark[3573364]: INF 2026-07-26 14:57:45.458+00:00 Imported blocks                            blockNumber=13246465 slot=1 blocks=13246464 txs=1287211128 mgas=82812594 bps=42.10 tps=7674 mgps=649.9 avgBps=119.0 avgTps=11563 avgMGps=743.9 elapsed=1d6h55m
Jul 26 15:01:15 nimbus-eth1-mainnet-long-benchmark[3573364]: INF 2026-07-26 15:01:15.339+00:00 Imported blocks                            blockNumber=13254657 slot=1 blocks=13254656 txs=1288643650 mgas=82939089 bps=39.03 tps=6825 mgps=602.7 avgBps=118.8 avgTps=11554 avgMGps=743.6 elapsed=1d6h58m
Jul 26 15:04:43 nimbus-eth1-mainnet-long-benchmark[3573364]: INF 2026-07-26 15:04:43.980+00:00 Imported blocks                            blockNumber=13262849 slot=1 blocks=13262848 txs=1290131691 mgas=83065692 bps=39.26 tps=7132 mgps=606.8 avgBps=118.7 avgTps=11545 avgMGps=743.4 elapsed=1d7h2m
Jul 26 15:08:01 nimbus-eth1-mainnet-long-benchmark[3573364]: INF 2026-07-26 15:08:01.605+00:00 Imported blocks                            blockNumber=13271041 slot=1 blocks=13271040 txs=1291619527 mgas=83192060 bps=41.45 tps=7528 mgps=639.4 avgBps=118.6 avgTps=11538 avgMGps=743.2 elapsed=1d7h5m
Jul 26 15:11:27 nimbus-eth1-mainnet-long-benchmark[3573364]: INF 2026-07-26 15:11:27.397+00:00 Imported blocks                            blockNumber=13279233 slot=1 blocks=13279232 txs=1293102021 mgas=83318326 bps=39.81 tps=7203 mgps=613.6 avgBps=118.4 avgTps=11530 avgMGps=743.0 elapsed=1d7h9m
Jul 26 15:14:51 nimbus-eth1-mainnet-long-benchmark[3573364]: INF 2026-07-26 15:14:51.646+00:00 Imported blocks                            blockNumber=13287425 slot=1 blocks=13287424 txs=1294642727 mgas=83444616 bps=40.11 tps=7543 mgps=618.3 avgBps=118.3 avgTps=11523 avgMGps=742.7 elapsed=1d7h12m
Jul 26 15:18:19 nimbus-eth1-mainnet-long-benchmark[3573364]: INF 2026-07-26 15:18:19.231+00:00 Imported blocks                            blockNumber=13295617 slot=1 blocks=13295616 txs=1296073940 mgas=83571033 bps=39.46 tps=6894 mgps=609.0 avgBps=118.1 avgTps=11515 avgMGps=742.5 elapsed=1d7h15m
Jul 26 15:21:41 nimbus-eth1-mainnet-long-benchmark[3573364]: INF 2026-07-26 15:21:41.168+00:00 Imported blocks                            blockNumber=13303809 slot=1 blocks=13303808 txs=1297455582 mgas=83697410 bps=40.57 tps=6842 mgps=625.8 avgBps=118.0 avgTps=11506 avgMGps=742.3 elapsed=1d7h19m
Jul 26 15:25:00 nimbus-eth1-mainnet-long-benchmark[3573364]: INF 2026-07-26 15:25:00.588+00:00 Imported blocks                            blockNumber=13312001 slot=1 blocks=13312000 txs=1298880782 mgas=83823825 bps=41.08 tps=7146 mgps=633.9 avgBps=117.9 avgTps=11499 avgMGps=742.1 elapsed=1d7h22m
Jul 26 15:28:24 nimbus-eth1-mainnet-long-benchmark[3573364]: INF 2026-07-26 15:28:24.205+00:00 Imported blocks                            blockNumber=13320193 slot=1 blocks=13320192 txs=1300327224 mgas=83950258 bps=40.23 tps=7103 mgps=620.9 avgBps=117.7 avgTps=11491 avgMGps=741.9 elapsed=1d7h25m
Jul 26 15:31:48 nimbus-eth1-mainnet-long-benchmark[3573364]: INF 2026-07-26 15:31:48.322+00:00 Imported blocks                            blockNumber=13328385 slot=1 blocks=13328384 txs=1301778792 mgas=84076784 bps=40.13 tps=7111 mgps=619.9 avgBps=117.6 avgTps=11483 avgMGps=741.7 elapsed=1d7h29m
Jul 26 15:35:04 nimbus-eth1-mainnet-long-benchmark[3573364]: INF 2026-07-26 15:35:04.815+00:00 Imported blocks                            blockNumber=13336577 slot=1 blocks=13336576 txs=1303267242 mgas=84203227 bps=41.69 tps=7575 mgps=643.5 avgBps=117.4 avgTps=11476 avgMGps=741.5 elapsed=1d7h32m
Jul 26 15:38:39 nimbus-eth1-mainnet-long-benchmark[3573364]: INF 2026-07-26 15:38:39.348+00:00 Imported blocks                            blockNumber=13344769 slot=1 blocks=13344768 txs=1304716071 mgas=84329698 bps=38.19 tps=6753 mgps=589.5 avgBps=117.3 avgTps=11467 avgMGps=741.2 elapsed=1d7h36m
Jul 26 15:42:12 nimbus-eth1-mainnet-long-benchmark[3573364]: INF 2026-07-26 15:42:12.148+00:00 Imported blocks                            blockNumber=13352961 slot=1 blocks=13352960 txs=1306151457 mgas=84456172 bps=38.50 tps=6745 mgps=594.3 avgBps=117.1 avgTps=11458 avgMGps=740.9 elapsed=1d7h39m
Jul 26 15:45:32 nimbus-eth1-mainnet-long-benchmark[3573364]: INF 2026-07-26 15:45:32.413+00:00 Imported blocks                            blockNumber=13361153 slot=1 blocks=13361152 txs=1307688661 mgas=84582713 bps=40.91 tps=7675 mgps=631.9 avgBps=117.0 avgTps=11452 avgMGps=740.7 elapsed=1d7h43m
Jul 26 15:48:55 nimbus-eth1-mainnet-long-benchmark[3573364]: INF 2026-07-26 15:48:55.058+00:00 Imported blocks                            blockNumber=13369345 slot=1 blocks=13369344 txs=1309395020 mgas=84709096 bps=40.43 tps=8420 mgps=623.7 avgBps=116.9 avgTps=11446 avgMGps=740.5 elapsed=1d7h46m
Jul 26 15:52:16 nimbus-eth1-mainnet-long-benchmark[3573364]: INF 2026-07-26 15:52:16.743+00:00 Imported blocks                            blockNumber=13377537 slot=1 blocks=13377536 txs=1311134336 mgas=84835548 bps=40.62 tps=8623 mgps=627.0 avgBps=116.7 avgTps=11441 avgMGps=740.3 elapsed=1d7h49m
Jul 26 15:55:39 nimbus-eth1-mainnet-long-benchmark[3573364]: INF 2026-07-26 15:55:39.467+00:00 Imported blocks                            blockNumber=13385729 slot=1 blocks=13385728 txs=1312693933 mgas=84962012 bps=40.41 tps=7693 mgps=623.8 avgBps=116.6 avgTps=11435 avgMGps=740.1 elapsed=1d7h53m
Jul 26 15:59:10 nimbus-eth1-mainnet-long-benchmark[3573364]: INF 2026-07-26 15:59:10.252+00:00 Imported blocks                            blockNumber=13393921 slot=1 blocks=13393920 txs=1314158261 mgas=85088480 bps=38.86 tps=6947 mgps=600.0 avgBps=116.5 avgTps=11426 avgMGps=739.9 elapsed=1d7h56m
Jul 26 16:02:29 nimbus-eth1-mainnet-long-benchmark[3573364]: INF 2026-07-26 16:02:29.721+00:00 Imported blocks                            blockNumber=13402113 slot=1 blocks=13402112 txs=1315685809 mgas=85215099 bps=41.07 tps=7658 mgps=634.8 avgBps=116.3 avgTps=11420 avgMGps=739.7 elapsed=1d8h4s
Jul 26 16:05:54 nimbus-eth1-mainnet-long-benchmark[3573364]: INF 2026-07-26 16:05:54.422+00:00 Imported blocks                            blockNumber=13410305 slot=1 blocks=13410304 txs=1317226376 mgas=85341612 bps=40.02 tps=7525 mgps=618.0 avgBps=116.2 avgTps=11413 avgMGps=739.5 elapsed=1d8h3m
Jul 26 16:09:15 nimbus-eth1-mainnet-long-benchmark[3573364]: INF 2026-07-26 16:09:15.926+00:00 Imported blocks                            blockNumber=13418497 slot=1 blocks=13418496 txs=1318805417 mgas=85468269 bps=40.65 tps=7836 mgps=628.6 avgBps=116.1 avgTps=11407 avgMGps=739.3 elapsed=1d8h6m
Jul 26 16:12:31 nimbus-eth1-mainnet-long-benchmark[3573364]: INF 2026-07-26 16:12:31.159+00:00 Imported blocks                            blockNumber=13426689 slot=1 blocks=13426688 txs=1320457421 mgas=85594671 bps=41.96 tps=8461 mgps=647.4 avgBps=115.9 avgTps=11402 avgMGps=739.1 elapsed=1d8h10m
Jul 26 16:15:59 nimbus-eth1-mainnet-long-benchmark[3573364]: INF 2026-07-26 16:15:59.848+00:00 Imported blocks                            blockNumber=13434881 slot=1 blocks=13434880 txs=1321941679 mgas=85721047 bps=39.26 tps=7112 mgps=605.6 avgBps=115.8 avgTps=11394 avgMGps=738.9 elapsed=1d8h13m
Jul 26 16:19:37 nimbus-eth1-mainnet-long-benchmark[3573364]: INF 2026-07-26 16:19:37.897+00:00 Imported blocks                            blockNumber=13443073 slot=1 blocks=13443072 txs=1323495064 mgas=85847571 bps=37.57 tps=7123 mgps=580.2 avgBps=115.7 avgTps=11386 avgMGps=738.6 elapsed=1d8h17m
Jul 26 16:23:01 nimbus-eth1-mainnet-long-benchmark[3573364]: INF 2026-07-26 16:23:01.969+00:00 Imported blocks                            blockNumber=13451265 slot=1 blocks=13451264 txs=1325040570 mgas=85973964 bps=40.14 tps=7573 mgps=619.4 avgBps=115.5 avgTps=11379 avgMGps=738.4 elapsed=1d8h20m
Jul 26 16:26:32 nimbus-eth1-mainnet-long-benchmark[3573364]: INF 2026-07-26 16:26:32.782+00:00 Imported blocks                            blockNumber=13459457 slot=1 blocks=13459456 txs=1326658230 mgas=86100474 bps=38.86 tps=7673 mgps=600.1 avgBps=115.4 avgTps=11373 avgMGps=738.1 elapsed=1d8h24m
Jul 26 16:30:00 nimbus-eth1-mainnet-long-benchmark[3573364]: INF 2026-07-26 16:30:00.815+00:00 Imported blocks                            blockNumber=13467649 slot=1 blocks=13467648 txs=1328275390 mgas=86227013 bps=39.38 tps=7773 mgps=608.3 avgBps=115.3 avgTps=11366 avgMGps=737.9 elapsed=1d8h27m
Jul 26 16:33:32 nimbus-eth1-mainnet-long-benchmark[3573364]: INF 2026-07-26 16:33:32.491+00:00 Imported blocks                            blockNumber=13475841 slot=1 blocks=13475840 txs=1329873278 mgas=86353618 bps=38.70 tps=7548 mgps=598.1 avgBps=115.1 avgTps=11359 avgMGps=737.6 elapsed=1d8h31m
Jul 26 16:37:03 nimbus-eth1-mainnet-long-benchmark[3573364]: INF 2026-07-26 16:37:03.008+00:00 Imported blocks                            blockNumber=13484033 slot=1 blocks=13484032 txs=1331480832 mgas=86480197 bps=38.91 tps=7636 mgps=601.3 avgBps=115.0 avgTps=11353 avgMGps=737.4 elapsed=1d8h34m
Jul 26 16:40:30 nimbus-eth1-mainnet-long-benchmark[3573364]: INF 2026-07-26 16:40:30.373+00:00 Imported blocks                            blockNumber=13492225 slot=1 blocks=13492224 txs=1333173983 mgas=86606708 bps=39.51 tps=8165 mgps=610.1 avgBps=114.8 avgTps=11347 avgMGps=737.2 elapsed=1d8h38m
Jul 26 16:43:50 nimbus-eth1-mainnet-long-benchmark[3573364]: INF 2026-07-26 16:43:50.070+00:00 Imported blocks                            blockNumber=13500417 slot=1 blocks=13500416 txs=1334904938 mgas=86733322 bps=41.02 tps=8668 mgps=634.0 avgBps=114.7 avgTps=11343 avgMGps=737.0 elapsed=1d8h41m
Jul 26 16:47:05 nimbus-eth1-mainnet-long-benchmark[3573364]: INF 2026-07-26 16:47:05.651+00:00 Imported blocks                            blockNumber=13508609 slot=1 blocks=13508608 txs=1336811968 mgas=86859774 bps=41.89 tps=9750 mgps=646.5 avgBps=114.6 avgTps=11340 avgMGps=736.8 elapsed=1d8h44m
Jul 26 16:50:28 nimbus-eth1-mainnet-long-benchmark[3573364]: INF 2026-07-26 16:50:28.735+00:00 Imported blocks                            blockNumber=13516801 slot=1 blocks=13516800 txs=1338672694 mgas=86986318 bps=40.34 tps=9162 mgps=623.1 avgBps=114.5 avgTps=11336 avgMGps=736.6 elapsed=1d8h48m
Jul 26 16:53:51 nimbus-eth1-mainnet-long-benchmark[3573364]: INF 2026-07-26 16:53:51.404+00:00 Imported blocks                            blockNumber=13524993 slot=1 blocks=13524992 txs=1340416192 mgas=87112821 bps=40.42 tps=8602 mgps=624.2 avgBps=114.3 avgTps=11331 avgMGps=736.5 elapsed=1d8h51m
Jul 26 16:57:16 nimbus-eth1-mainnet-long-benchmark[3573364]: INF 2026-07-26 16:57:16.817+00:00 Imported blocks                            blockNumber=13533185 slot=1 blocks=13533184 txs=1342115747 mgas=87239358 bps=39.88 tps=8273 mgps=616.0 avgBps=114.2 avgTps=11326 avgMGps=736.2 elapsed=1d8h54m
Jul 26 17:00:38 nimbus-eth1-mainnet-long-benchmark[3573364]: INF 2026-07-26 17:00:38.946+00:00 Imported blocks                            blockNumber=13541377 slot=1 blocks=13541376 txs=1343913427 mgas=87365802 bps=40.53 tps=8893 mgps=625.6 avgBps=114.1 avgTps=11322 avgMGps=736.1 elapsed=1d8h58m
Jul 26 17:04:10 nimbus-eth1-mainnet-long-benchmark[3573364]: INF 2026-07-26 17:04:10.838+00:00 Imported blocks                            blockNumber=13549569 slot=1 blocks=13549568 txs=1345719839 mgas=87492241 bps=38.66 tps=8525 mgps=596.7 avgBps=114.0 avgTps=11317 avgMGps=735.8 elapsed=1d9h1m
Jul 26 17:07:38 nimbus-eth1-mainnet-long-benchmark[3573364]: INF 2026-07-26 17:07:38.275+00:00 Imported blocks                            blockNumber=13557761 slot=1 blocks=13557760 txs=1347446083 mgas=87618720 bps=39.49 tps=8321 mgps=609.7 avgBps=113.8 avgTps=11312 avgMGps=735.6 elapsed=1d9h5m
Jul 26 17:11:12 nimbus-eth1-mainnet-long-benchmark[3573364]: INF 2026-07-26 17:11:12.708+00:00 Imported blocks                            blockNumber=13565953 slot=1 blocks=13565952 txs=1349084368 mgas=87745067 bps=38.20 tps=7640 mgps=589.2 avgBps=113.7 avgTps=11305 avgMGps=735.3 elapsed=1d9h8m
Jul 26 17:14:58 nimbus-eth1-mainnet-long-benchmark[3573364]: INF 2026-07-26 17:14:58.364+00:00 Imported blocks                            blockNumber=13574145 slot=1 blocks=13574144 txs=1350719082 mgas=87871516 bps=36.30 tps=7244 mgps=560.4 avgBps=113.5 avgTps=11298 avgMGps=735.0 elapsed=1d9h12m
Jul 26 17:18:24 nimbus-eth1-mainnet-long-benchmark[3573364]: INF 2026-07-26 17:18:24.541+00:00 Imported blocks                            blockNumber=13582337 slot=1 blocks=13582336 txs=1352438021 mgas=87998042 bps=39.73 tps=8337 mgps=613.7 avgBps=113.4 avgTps=11292 avgMGps=734.8 elapsed=1d9h15m
Jul 26 17:21:49 nimbus-eth1-mainnet-long-benchmark[3573364]: INF 2026-07-26 17:21:49.902+00:00 Imported blocks                            blockNumber=13590529 slot=1 blocks=13590528 txs=1354206734 mgas=88124459 bps=39.89 tps=8612 mgps=615.6 avgBps=113.3 avgTps=11288 avgMGps=734.6 elapsed=1d9h19m
Jul 26 17:25:12 nimbus-eth1-mainnet-long-benchmark[3573364]: INF 2026-07-26 17:25:12.847+00:00 Imported blocks                            blockNumber=13598721 slot=1 blocks=13598720 txs=1355938310 mgas=88250869 bps=40.37 tps=8532 mgps=622.9 avgBps=113.2 avgTps=11283 avgMGps=734.4 elapsed=1d9h22m
Jul 26 17:28:33 nimbus-eth1-mainnet-long-benchmark[3573364]: INF 2026-07-26 17:28:33.523+00:00 Imported blocks                            blockNumber=13606913 slot=1 blocks=13606912 txs=1357653006 mgas=88377064 bps=40.82 tps=8544 mgps=628.8 avgBps=113.0 avgTps=11279 avgMGps=734.2 elapsed=1d9h26m
Jul 26 17:32:08 nimbus-eth1-mainnet-long-benchmark[3573364]: INF 2026-07-26 17:32:08.128+00:00 Imported blocks                            blockNumber=13615105 slot=1 blocks=13615104 txs=1359315695 mgas=88503397 bps=38.17 tps=7747 mgps=588.7 avgBps=112.9 avgTps=11272 avgMGps=734.0 elapsed=1d9h29m
Jul 26 17:35:30 nimbus-eth1-mainnet-long-benchmark[3573364]: INF 2026-07-26 17:35:30.213+00:00 Imported blocks                            blockNumber=13623297 slot=1 blocks=13623296 txs=1360975039 mgas=88629751 bps=40.54 tps=8211 mgps=625.3 avgBps=112.8 avgTps=11267 avgMGps=733.8 elapsed=1d9h33m
Jul 26 17:38:57 nimbus-eth1-mainnet-long-benchmark[3573364]: INF 2026-07-26 17:38:57.201+00:00 Imported blocks                            blockNumber=13631489 slot=1 blocks=13631488 txs=1362663365 mgas=88755919 bps=39.58 tps=8156 mgps=609.5 avgBps=112.7 avgTps=11262 avgMGps=733.6 elapsed=1d9h36m
Jul 26 17:42:29 nimbus-eth1-mainnet-long-benchmark[3573364]: INF 2026-07-26 17:42:29.602+00:00 Imported blocks                            blockNumber=13639681 slot=1 blocks=13639680 txs=1364403708 mgas=88882277 bps=38.57 tps=8193 mgps=594.9 avgBps=112.5 avgTps=11257 avgMGps=733.3 elapsed=1d9h40m
Jul 26 17:45:55 nimbus-eth1-mainnet-long-benchmark[3573364]: INF 2026-07-26 17:45:55.427+00:00 Imported blocks                            blockNumber=13647873 slot=1 blocks=13647872 txs=1366060245 mgas=89008598 bps=39.80 tps=8048 mgps=613.7 avgBps=112.4 avgTps=11251 avgMGps=733.1 elapsed=1d9h43m
Jul 26 17:49:29 nimbus-eth1-mainnet-long-benchmark[3573364]: INF 2026-07-26 17:49:29.267+00:00 Imported blocks                            blockNumber=13656065 slot=1 blocks=13656064 txs=1367565027 mgas=89134827 bps=38.31 tps=7036 mgps=590.3 avgBps=112.3 avgTps=11244 avgMGps=732.9 elapsed=1d9h47m
Jul 26 17:53:02 nimbus-eth1-mainnet-long-benchmark[3573364]: INF 2026-07-26 17:53:02.220+00:00 Imported blocks                            blockNumber=13664257 slot=1 blocks=13664256 txs=1369192144 mgas=89261151 bps=38.47 tps=7640 mgps=593.2 avgBps=112.2 avgTps=11237 avgMGps=732.6 elapsed=1d9h50m
Jul 26 17:56:25 nimbus-eth1-mainnet-long-benchmark[3573364]: INF 2026-07-26 17:56:25.541+00:00 Imported blocks                            blockNumber=13672449 slot=1 blocks=13672448 txs=1370809516 mgas=89387549 bps=40.29 tps=7954 mgps=621.7 avgBps=112.0 avgTps=11232 avgMGps=732.4 elapsed=1d9h54m
Jul 26 17:59:57 nimbus-eth1-mainnet-long-benchmark[3573364]: INF 2026-07-26 17:59:57.701+00:00 Imported blocks                            blockNumber=13680641 slot=1 blocks=13680640 txs=1372527198 mgas=89513734 bps=38.61 tps=8096 mgps=594.8 avgBps=111.9 avgTps=11226 avgMGps=732.2 elapsed=1d9h57m
Jul 26 18:03:30 nimbus-eth1-mainnet-long-benchmark[3573364]: INF 2026-07-26 18:03:30.646+00:00 Imported blocks                            blockNumber=13688833 slot=1 blocks=13688832 txs=1374209073 mgas=89640153 bps=38.47 tps=7898 mgps=593.7 avgBps=111.8 avgTps=11221 avgMGps=732.0 elapsed=1d10h1m
Jul 26 18:07:02 nimbus-eth1-mainnet-long-benchmark[3573364]: INF 2026-07-26 18:07:02.315+00:00 Imported blocks                            blockNumber=13697025 slot=1 blocks=13697024 txs=1375869015 mgas=89766367 bps=38.70 tps=7842 mgps=596.3 avgBps=111.7 avgTps=11215 avgMGps=731.7 elapsed=1d10h4m
Jul 26 18:10:34 nimbus-eth1-mainnet-long-benchmark[3573364]: INF 2026-07-26 18:10:34.363+00:00 Imported blocks                            blockNumber=13705217 slot=1 blocks=13705216 txs=1377362106 mgas=89892810 bps=38.63 tps=7041 mgps=596.3 avgBps=111.5 avgTps=11208 avgMGps=731.5 elapsed=1d10h8m
Jul 26 18:14:03 nimbus-eth1-mainnet-long-benchmark[3573364]: INF 2026-07-26 18:14:03.076+00:00 Imported blocks                            blockNumber=13713409 slot=1 blocks=13713408 txs=1379002083 mgas=90019155 bps=39.25 tps=7857 mgps=605.3 avgBps=111.4 avgTps=11202 avgMGps=731.3 elapsed=1d10h11m
Jul 26 18:17:24 nimbus-eth1-mainnet-long-benchmark[3573364]: INF 2026-07-26 18:17:24.421+00:00 Imported blocks                            blockNumber=13721601 slot=1 blocks=13721600 txs=1380639811 mgas=90145562 bps=40.69 tps=8134 mgps=627.8 avgBps=111.3 avgTps=11197 avgMGps=731.1 elapsed=1d10h14m
Jul 26 18:20:54 nimbus-eth1-mainnet-long-benchmark[3573364]: INF 2026-07-26 18:20:54.150+00:00 Imported blocks                            blockNumber=13729793 slot=1 blocks=13729792 txs=1382302579 mgas=90271817 bps=39.06 tps=7928 mgps=602.0 avgBps=111.2 avgTps=11191 avgMGps=730.9 elapsed=1d10h18m
Jul 26 18:24:27 nimbus-eth1-mainnet-long-benchmark[3573364]: INF 2026-07-26 18:24:27.518+00:00 Imported blocks                            blockNumber=13737985 slot=1 blocks=13737984 txs=1383874808 mgas=90398300 bps=38.39 tps=7368 mgps=592.8 avgBps=111.0 avgTps=11185 avgMGps=730.7 elapsed=1d10h22m
Jul 26 18:28:04 nimbus-eth1-mainnet-long-benchmark[3573364]: INF 2026-07-26 18:28:04.943+00:00 Imported blocks                            blockNumber=13746177 slot=1 blocks=13746176 txs=1385501332 mgas=90524376 bps=37.68 tps=7480 mgps=579.9 avgBps=110.9 avgTps=11178 avgMGps=730.4 elapsed=1d10h25m
Jul 26 18:31:49 nimbus-eth1-mainnet-long-benchmark[3573364]: INF 2026-07-26 18:31:49.355+00:00 Imported blocks                            blockNumber=13754369 slot=1 blocks=13754368 txs=1387310478 mgas=90650763 bps=36.50 tps=8061 mgps=563.2 avgBps=110.8 avgTps=11173 avgMGps=730.1 elapsed=1d10h29m
Jul 26 18:35:24 nimbus-eth1-mainnet-long-benchmark[3573364]: INF 2026-07-26 18:35:24.516+00:00 Imported blocks                            blockNumber=13762561 slot=1 blocks=13762560 txs=1388914426 mgas=90777119 bps=38.07 tps=7454 mgps=587.3 avgBps=110.6 avgTps=11166 avgMGps=729.8 elapsed=1d10h32m
Jul 26 18:39:08 nimbus-eth1-mainnet-long-benchmark[3573364]: INF 2026-07-26 18:39:08.540+00:00 Imported blocks                            blockNumber=13770753 slot=1 blocks=13770752 txs=1390627436 mgas=90903482 bps=36.57 tps=7646 mgps=564.1 avgBps=110.5 avgTps=11160 avgMGps=729.5 elapsed=1d10h36m
Jul 26 18:42:49 nimbus-eth1-mainnet-long-benchmark[3573364]: INF 2026-07-26 18:42:49.217+00:00 Imported blocks                            blockNumber=13778945 slot=1 blocks=13778944 txs=1392222598 mgas=91029840 bps=37.12 tps=7228 mgps=572.6 avgBps=110.4 avgTps=11153 avgMGps=729.3 elapsed=1d10h40m
Jul 26 18:46:22 nimbus-eth1-mainnet-long-benchmark[3573364]: INF 2026-07-26 18:46:22.517+00:00 Imported blocks                            blockNumber=13787137 slot=1 blocks=13787136 txs=1393725893 mgas=91156434 bps=38.41 tps=7047 mgps=593.5 avgBps=110.3 avgTps=11146 avgMGps=729.0 elapsed=1d10h43m
Jul 26 18:50:02 nimbus-eth1-mainnet-long-benchmark[3573364]: INF 2026-07-26 18:50:02.930+00:00 Imported blocks                            blockNumber=13795329 slot=1 blocks=13795328 txs=1395218342 mgas=91283089 bps=37.17 tps=6771 mgps=574.6 avgBps=110.1 avgTps=11138 avgMGps=728.8 elapsed=1d10h47m
Jul 26 18:53:39 nimbus-eth1-mainnet-long-benchmark[3573364]: INF 2026-07-26 18:53:39.494+00:00 Imported blocks                            blockNumber=13803521 slot=1 blocks=13803520 txs=1396769123 mgas=91409571 bps=37.83 tps=7160 mgps=584.0 avgBps=110.0 avgTps=11131 avgMGps=728.5 elapsed=1d10h51m
Jul 26 18:57:15 nimbus-eth1-mainnet-long-benchmark[3573364]: INF 2026-07-26 18:57:15.715+00:00 Imported blocks                            blockNumber=13811713 slot=1 blocks=13811712 txs=1398370493 mgas=91536126 bps=37.89 tps=7406 mgps=585.3 avgBps=109.9 avgTps=11125 avgMGps=728.3 elapsed=1d10h54m
Jul 26 19:00:50 nimbus-eth1-mainnet-long-benchmark[3573364]: INF 2026-07-26 19:00:50.816+00:00 Imported blocks                            blockNumber=13819905 slot=1 blocks=13819904 txs=1399870484 mgas=91662726 bps=38.08 tps=6973 mgps=588.6 avgBps=109.8 avgTps=11118 avgMGps=728.0 elapsed=1d10h58m
Jul 26 19:04:22 nimbus-eth1-mainnet-long-benchmark[3573364]: INF 2026-07-26 19:04:22.880+00:00 Imported blocks                            blockNumber=13828097 slot=1 blocks=13828096 txs=1401450084 mgas=91789153 bps=38.63 tps=7448 mgps=596.2 avgBps=109.6 avgTps=11112 avgMGps=727.8 elapsed=1d11h1m
Jul 26 19:08:05 nimbus-eth1-mainnet-long-benchmark[3573364]: INF 2026-07-26 19:08:05.233+00:00 Imported blocks                            blockNumber=13836289 slot=1 blocks=13836288 txs=1402902002 mgas=91915742 bps=36.84 tps=6529 mgps=569.3 avgBps=109.5 avgTps=11104 avgMGps=727.5 elapsed=1d11h5m
Jul 26 19:11:35 nimbus-eth1-mainnet-long-benchmark[3573364]: INF 2026-07-26 19:11:35.713+00:00 Imported blocks                            blockNumber=13844481 slot=1 blocks=13844480 txs=1404387913 mgas=92042414 bps=38.92 tps=7059 mgps=601.8 avgBps=109.4 avgTps=11097 avgMGps=727.3 elapsed=1d11h9m
Jul 26 19:15:02 nimbus-eth1-mainnet-long-benchmark[3573364]: INF 2026-07-26 19:15:02.618+00:00 Imported blocks                            blockNumber=13852673 slot=1 blocks=13852672 txs=1405898334 mgas=92168845 bps=39.59 tps=7300 mgps=611.1 avgBps=109.3 avgTps=11091 avgMGps=727.1 elapsed=1d11h12m
Jul 26 19:18:30 nimbus-eth1-mainnet-long-benchmark[3573364]: INF 2026-07-26 19:18:30.823+00:00 Imported blocks                            blockNumber=13860865 slot=1 blocks=13860864 txs=1407488903 mgas=92295362 bps=39.34 tps=7639 mgps=607.6 avgBps=109.2 avgTps=11085 avgMGps=726.9 elapsed=1d11h16m
Jul 26 19:22:05 nimbus-eth1-mainnet-long-benchmark[3573364]: INF 2026-07-26 19:22:05.975+00:00 Imported blocks                            blockNumber=13869057 slot=1 blocks=13869056 txs=1409104568 mgas=92421866 bps=38.08 tps=7509 mgps=588.0 avgBps=109.0 avgTps=11079 avgMGps=726.7 elapsed=1d11h19m
Jul 26 19:25:37 nimbus-eth1-mainnet-long-benchmark[3573364]: INF 2026-07-26 19:25:37.796+00:00 Imported blocks                            blockNumber=13877249 slot=1 blocks=13877248 txs=1410761907 mgas=92548361 bps=38.67 tps=7824 mgps=597.2 avgBps=108.9 avgTps=11074 avgMGps=726.5 elapsed=1d11h23m
Jul 26 19:29:18 nimbus-eth1-mainnet-long-benchmark[3573364]: INF 2026-07-26 19:29:18.004+00:00 Imported blocks                            blockNumber=13885441 slot=1 blocks=13885440 txs=1412292902 mgas=92674993 bps=37.20 tps=6952 mgps=575.1 avgBps=108.8 avgTps=11066 avgMGps=726.2 elapsed=1d11h26m
Jul 26 19:32:56 nimbus-eth1-mainnet-long-benchmark[3573364]: INF 2026-07-26 19:32:56.693+00:00 Imported blocks                            blockNumber=13893633 slot=1 blocks=13893632 txs=1413886023 mgas=92801299 bps=37.46 tps=7284 mgps=577.6 avgBps=108.7 avgTps=11060 avgMGps=726.0 elapsed=1d11h30m
Jul 26 19:36:19 nimbus-eth1-mainnet-long-benchmark[3573364]: INF 2026-07-26 19:36:19.566+00:00 Imported blocks                            blockNumber=13901825 slot=1 blocks=13901824 txs=1415480803 mgas=92927927 bps=40.38 tps=7861 mgps=624.2 avgBps=108.6 avgTps=11055 avgMGps=725.8 elapsed=1d11h33m
Jul 26 19:39:48 nimbus-eth1-mainnet-long-benchmark[3573364]: INF 2026-07-26 19:39:48.734+00:00 Imported blocks                            blockNumber=13910017 slot=1 blocks=13910016 txs=1417055782 mgas=93054440 bps=39.16 tps=7529 mgps=604.8 avgBps=108.5 avgTps=11049 avgMGps=725.6 elapsed=1d11h37m
Jul 26 19:43:33 nimbus-eth1-mainnet-long-benchmark[3573364]: INF 2026-07-26 19:43:33.735+00:00 Imported blocks                            blockNumber=13918209 slot=1 blocks=13918208 txs=1418584319 mgas=93180935 bps=36.41 tps=6793 mgps=562.2 avgBps=108.3 avgTps=11042 avgMGps=725.3 elapsed=1d11h41m
Jul 26 19:47:09 nimbus-eth1-mainnet-long-benchmark[3573364]: INF 2026-07-26 19:47:09.959+00:00 Imported blocks                            blockNumber=13926401 slot=1 blocks=13926400 txs=1420069885 mgas=93307516 bps=37.89 tps=6870 mgps=585.4 avgBps=108.2 avgTps=11035 avgMGps=725.1 elapsed=1d11h44m
Jul 26 19:50:50 nimbus-eth1-mainnet-long-benchmark[3573364]: INF 2026-07-26 19:50:50.128+00:00 Imported blocks                            blockNumber=13934593 slot=1 blocks=13934592 txs=1421586109 mgas=93434209 bps=37.21 tps=6886 mgps=575.4 avgBps=108.1 avgTps=11028 avgMGps=724.8 elapsed=1d11h48m
Jul 26 19:54:20 nimbus-eth1-mainnet-long-benchmark[3573364]: INF 2026-07-26 19:54:20.677+00:00 Imported blocks                            blockNumber=13942785 slot=1 blocks=13942784 txs=1423113033 mgas=93560789 bps=38.91 tps=7252 mgps=601.2 avgBps=108.0 avgTps=11021 avgMGps=724.6 elapsed=1d11h51m
Jul 26 19:58:05 nimbus-eth1-mainnet-long-benchmark[3573364]: INF 2026-07-26 19:58:05.537+00:00 Imported blocks                            blockNumber=13950977 slot=1 blocks=13950976 txs=1424708104 mgas=93687319 bps=36.43 tps=7093 mgps=562.7 avgBps=107.9 avgTps=11015 avgMGps=724.3 elapsed=1d11h55m
Jul 26 20:01:48 nimbus-eth1-mainnet-long-benchmark[3573364]: INF 2026-07-26 20:01:48.762+00:00 Imported blocks                            blockNumber=13959169 slot=1 blocks=13959168 txs=1426231240 mgas=93813820 bps=36.70 tps=6823 mgps=566.7 avgBps=107.7 avgTps=11007 avgMGps=724.1 elapsed=1d11h59m
Jul 26 20:05:27 nimbus-eth1-mainnet-long-benchmark[3573364]: INF 2026-07-26 20:05:27.894+00:00 Imported blocks                            blockNumber=13967361 slot=1 blocks=13967360 txs=1427730007 mgas=93940416 bps=37.38 tps=6839 mgps=577.7 avgBps=107.6 avgTps=11000 avgMGps=723.8 elapsed=1d12h3m
Jul 26 20:08:54 nimbus-eth1-mainnet-long-benchmark[3573364]: INF 2026-07-26 20:08:54.459+00:00 Imported blocks                            blockNumber=13975553 slot=1 blocks=13975552 txs=1429136929 mgas=94067012 bps=39.66 tps=6810 mgps=612.9 avgBps=107.5 avgTps=10994 avgMGps=723.7 elapsed=1d12h6m
Jul 26 20:12:19 nimbus-eth1-mainnet-long-benchmark[3573364]: INF 2026-07-26 20:12:19.628+00:00 Imported blocks                            blockNumber=13983745 slot=1 blocks=13983744 txs=1430736426 mgas=94193517 bps=39.93 tps=7795 mgps=616.6 avgBps=107.4 avgTps=10989 avgMGps=723.5 elapsed=1d12h9m
Jul 26 20:15:53 nimbus-eth1-mainnet-long-benchmark[3573364]: INF 2026-07-26 20:15:53.080+00:00 Imported blocks                            blockNumber=13991937 slot=1 blocks=13991936 txs=1432359914 mgas=94320155 bps=38.38 tps=7605 mgps=593.3 avgBps=107.3 avgTps=10983 avgMGps=723.3 elapsed=1d12h13m
Jul 26 20:19:22 nimbus-eth1-mainnet-long-benchmark[3573364]: INF 2026-07-26 20:19:22.709+00:00 Imported blocks                            blockNumber=14000129 slot=1 blocks=14000128 txs=1433982306 mgas=94446733 bps=39.08 tps=7739 mgps=603.8 avgBps=107.2 avgTps=10978 avgMGps=723.1 elapsed=1d12h16m
Jul 26 20:22:45 nimbus-eth1-mainnet-long-benchmark[3573364]: INF 2026-07-26 20:22:45.490+00:00 Imported blocks                            blockNumber=14008321 slot=1 blocks=14008320 txs=1435521887 mgas=94573271 bps=40.40 tps=7592 mgps=624.0 avgBps=107.1 avgTps=10973 avgMGps=722.9 elapsed=1d12h20m
Jul 26 20:26:31 nimbus-eth1-mainnet-long-benchmark[3573364]: INF 2026-07-26 20:26:31.270+00:00 Imported blocks                            blockNumber=14016513 slot=1 blocks=14016512 txs=1437001021 mgas=94699836 bps=36.28 tps=6551 mgps=560.6 avgBps=107.0 avgTps=10965 avgMGps=722.6 elapsed=1d12h24m
Jul 26 20:30:08 nimbus-eth1-mainnet-long-benchmark[3573364]: INF 2026-07-26 20:30:08.079+00:00 Imported blocks                            blockNumber=14024705 slot=1 blocks=14024704 txs=1438503468 mgas=94826425 bps=37.78 tps=6929 mgps=583.9 avgBps=106.8 avgTps=10958 avgMGps=722.4 elapsed=1d12h27m
Jul 26 20:33:44 nimbus-eth1-mainnet-long-benchmark[3573364]: INF 2026-07-26 20:33:44.591+00:00 Imported blocks                            blockNumber=14032897 slot=1 blocks=14032896 txs=1439982231 mgas=94952913 bps=37.84 tps=6829 mgps=584.2 avgBps=106.7 avgTps=10952 avgMGps=722.2 elapsed=1d12h31m
Jul 26 20:37:19 nimbus-eth1-mainnet-long-benchmark[3573364]: INF 2026-07-26 20:37:19.328+00:00 Imported blocks                            blockNumber=14041089 slot=1 blocks=14041088 txs=1441515977 mgas=95079541 bps=38.15 tps=7142 mgps=589.7 avgBps=106.6 avgTps=10945 avgMGps=722.0 elapsed=1d12h34m
Jul 26 20:40:54 nimbus-eth1-mainnet-long-benchmark[3573364]: INF 2026-07-26 20:40:54.144+00:00 Imported blocks                            blockNumber=14049281 slot=1 blocks=14049280 txs=1443035715 mgas=95206136 bps=38.14 tps=7074 mgps=589.3 avgBps=106.5 avgTps=10939 avgMGps=721.8 elapsed=1d12h38m
Jul 26 20:44:33 nimbus-eth1-mainnet-long-benchmark[3573364]: INF 2026-07-26 20:44:33.157+00:00 Imported blocks                            blockNumber=14057473 slot=1 blocks=14057472 txs=1444555208 mgas=95332664 bps=37.40 tps=6937 mgps=577.7 avgBps=106.4 avgTps=10932 avgMGps=721.5 elapsed=1d12h42m
Jul 26 20:48:01 nimbus-eth1-mainnet-long-benchmark[3573364]: INF 2026-07-26 20:48:01.542+00:00 Imported blocks                            blockNumber=14065665 slot=1 blocks=14065664 txs=1445934176 mgas=95459212 bps=39.31 tps=6617 mgps=607.3 avgBps=106.3 avgTps=10926 avgMGps=721.3 elapsed=1d12h45m
Jul 26 20:51:40 nimbus-eth1-mainnet-long-benchmark[3573364]: INF 2026-07-26 20:51:40.378+00:00 Imported blocks                            blockNumber=14073857 slot=1 blocks=14073856 txs=1447409002 mgas=95585650 bps=37.43 tps=6739 mgps=577.8 avgBps=106.2 avgTps=10919 avgMGps=721.1 elapsed=1d12h49m
Jul 26 20:55:18 nimbus-eth1-mainnet-long-benchmark[3573364]: INF 2026-07-26 20:55:18.651+00:00 Imported blocks                            blockNumber=14082049 slot=1 blocks=14082048 txs=1448870460 mgas=95712248 bps=37.53 tps=6695 mgps=580.0 avgBps=106.1 avgTps=10912 avgMGps=720.9 elapsed=1d12h52m
Jul 26 20:58:51 nimbus-eth1-mainnet-long-benchmark[3573364]: INF 2026-07-26 20:58:51.911+00:00 Imported blocks                            blockNumber=14090241 slot=1 blocks=14090240 txs=1450333774 mgas=95838713 bps=38.41 tps=6861 mgps=593.0 avgBps=106.0 avgTps=10905 avgMGps=720.7 elapsed=1d12h56m
Jul 26 21:02:24 nimbus-eth1-mainnet-long-benchmark[3573364]: INF 2026-07-26 21:02:24.516+00:00 Imported blocks                            blockNumber=14098433 slot=1 blocks=14098432 txs=1451774814 mgas=95965099 bps=38.53 tps=6778 mgps=594.5 avgBps=105.8 avgTps=10899 avgMGps=720.5 elapsed=1d12h59m
Jul 26 21:06:06 nimbus-eth1-mainnet-long-benchmark[3573364]: INF 2026-07-26 21:06:06.024+00:00 Imported blocks                            blockNumber=14106625 slot=1 blocks=14106624 txs=1453211267 mgas=96091590 bps=36.98 tps=6484 mgps=571.0 avgBps=105.7 avgTps=10891 avgMGps=720.2 elapsed=1d13h3m
Jul 26 21:09:47 nimbus-eth1-mainnet-long-benchmark[3573364]: INF 2026-07-26 21:09:47.053+00:00 Imported blocks                            blockNumber=14114817 slot=1 blocks=14114816 txs=1454708215 mgas=96218324 bps=37.06 tps=6772 mgps=573.4 avgBps=105.6 avgTps=10885 avgMGps=720.0 elapsed=1d13h7m
Jul 26 21:13:23 nimbus-eth1-mainnet-long-benchmark[3573364]: INF 2026-07-26 21:13:23.006+00:00 Imported blocks                            blockNumber=14123009 slot=1 blocks=14123008 txs=1456205202 mgas=96344866 bps=37.93 tps=6931 mgps=586.0 avgBps=105.5 avgTps=10878 avgMGps=719.8 elapsed=1d13h10m
Jul 26 21:17:01 nimbus-eth1-mainnet-long-benchmark[3573364]: INF 2026-07-26 21:17:01.882+00:00 Imported blocks                            blockNumber=14131201 slot=1 blocks=14131200 txs=1457658182 mgas=96471303 bps=37.43 tps=6638 mgps=577.7 avgBps=105.4 avgTps=10871 avgMGps=719.5 elapsed=1d13h14m
Jul 26 21:20:42 nimbus-eth1-mainnet-long-benchmark[3573364]: INF 2026-07-26 21:20:42.751+00:00 Imported blocks                            blockNumber=14139393 slot=1 blocks=14139392 txs=1459081368 mgas=96597875 bps=37.09 tps=6443 mgps=573.1 avgBps=105.3 avgTps=10864 avgMGps=719.3 elapsed=1d13h18m
Jul 26 21:24:30 nimbus-eth1-mainnet-long-benchmark[3573364]: INF 2026-07-26 21:24:30.971+00:00 Imported blocks                            blockNumber=14147585 slot=1 blocks=14147584 txs=1460650676 mgas=96724438 bps=35.89 tps=6876 mgps=554.6 avgBps=105.2 avgTps=10857 avgMGps=719.0 elapsed=1d13h22m
Jul 26 21:28:12 nimbus-eth1-mainnet-long-benchmark[3573364]: INF 2026-07-26 21:28:12.879+00:00 Imported blocks                            blockNumber=14155777 slot=1 blocks=14155776 txs=1462115211 mgas=96851010 bps=36.92 tps=6599 mgps=570.4 avgBps=105.1 avgTps=10850 avgMGps=718.8 elapsed=1d13h25m
Jul 26 21:31:54 nimbus-eth1-mainnet-long-benchmark[3573364]: INF 2026-07-26 21:31:54.032+00:00 Imported blocks                            blockNumber=14163969 slot=1 blocks=14163968 txs=1463594730 mgas=96977534 bps=37.04 tps=6690 mgps=572.1 avgBps=104.9 avgTps=10843 avgMGps=718.5 elapsed=1d13h29m
Jul 26 21:35:39 nimbus-eth1-mainnet-long-benchmark[3573364]: INF 2026-07-26 21:35:39.384+00:00 Imported blocks                            blockNumber=14172161 slot=1 blocks=14172160 txs=1465094043 mgas=97104003 bps=36.35 tps=6653 mgps=561.2 avgBps=104.8 avgTps=10836 avgMGps=718.3 elapsed=1d13h33m
Jul 26 21:39:19 nimbus-eth1-mainnet-long-benchmark[3573364]: INF 2026-07-26 21:39:19.329+00:00 Imported blocks                            blockNumber=14180353 slot=1 blocks=14180352 txs=1466659391 mgas=97230626 bps=37.25 tps=7117 mgps=575.7 avgBps=104.7 avgTps=10830 avgMGps=718.0 elapsed=1d13h36m
Jul 26 21:42:59 nimbus-eth1-mainnet-long-benchmark[3573364]: INF 2026-07-26 21:42:59.829+00:00 Imported blocks                            blockNumber=14188545 slot=1 blocks=14188544 txs=1468130221 mgas=97357091 bps=37.15 tps=6670 mgps=573.5 avgBps=104.6 avgTps=10824 avgMGps=717.8 elapsed=1d13h40m
Jul 26 21:46:40 nimbus-eth1-mainnet-long-benchmark[3573364]: INF 2026-07-26 21:46:40.610+00:00 Imported blocks                            blockNumber=14196737 slot=1 blocks=14196736 txs=1469530770 mgas=97483586 bps=37.10 tps=6343 mgps=572.9 avgBps=104.5 avgTps=10816 avgMGps=717.6 elapsed=1d13h44m
Jul 26 21:50:28 nimbus-eth1-mainnet-long-benchmark[3573364]: INF 2026-07-26 21:50:28.338+00:00 Imported blocks                            blockNumber=14204929 slot=1 blocks=14204928 txs=1470983875 mgas=97610339 bps=35.97 tps=6380 mgps=556.6 avgBps=104.4 avgTps=10809 avgMGps=717.3 elapsed=1d13h48m
Jul 26 21:54:07 nimbus-eth1-mainnet-long-benchmark[3573364]: INF 2026-07-26 21:54:07.175+00:00 Imported blocks                            blockNumber=14213121 slot=1 blocks=14213120 txs=1472443986 mgas=97736908 bps=37.43 tps=6672 mgps=578.4 avgBps=104.3 avgTps=10802 avgMGps=717.1 elapsed=1d13h51m
Jul 26 21:57:44 nimbus-eth1-mainnet-long-benchmark[3573364]: INF 2026-07-26 21:57:44.571+00:00 Imported blocks                            blockNumber=14221313 slot=1 blocks=14221312 txs=1473964445 mgas=97863560 bps=37.68 tps=6993 mgps=582.6 avgBps=104.2 avgTps=10796 avgMGps=716.8 elapsed=1d13h55m
Jul 26 22:01:28 nimbus-eth1-mainnet-long-benchmark[3573364]: INF 2026-07-26 22:01:28.492+00:00 Imported blocks                            blockNumber=14229505 slot=1 blocks=14229504 txs=1475463717 mgas=97990199 bps=36.58 tps=6695 mgps=565.6 avgBps=104.1 avgTps=10790 avgMGps=716.6 elapsed=1d13h59m
Jul 26 22:05:09 nimbus-eth1-mainnet-long-benchmark[3573364]: INF 2026-07-26 22:05:09.744+00:00 Imported blocks                            blockNumber=14237697 slot=1 blocks=14237696 txs=1477012661 mgas=98116939 bps=37.03 tps=7000 mgps=572.8 avgBps=104.0 avgTps=10783 avgMGps=716.4 elapsed=1d14h2m
Jul 26 22:09:06 nimbus-eth1-mainnet-long-benchmark[3573364]: INF 2026-07-26 22:09:06.573+00:00 Imported blocks                            blockNumber=14245889 slot=1 blocks=14245888 txs=1478646477 mgas=98243446 bps=34.59 tps=6898 mgps=534.2 avgBps=103.8 avgTps=10777 avgMGps=716.1 elapsed=1d14h6m
Jul 26 22:12:44 nimbus-eth1-mainnet-long-benchmark[3573364]: INF 2026-07-26 22:12:44.917+00:00 Imported blocks                            blockNumber=14254081 slot=1 blocks=14254080 txs=1480092096 mgas=98370170 bps=37.52 tps=6620 mgps=580.4 avgBps=103.7 avgTps=10770 avgMGps=715.8 elapsed=1d14h10m
Jul 26 22:16:21 nimbus-eth1-mainnet-long-benchmark[3573364]: INF 2026-07-26 22:16:21.106+00:00 Imported blocks                            blockNumber=14262273 slot=1 blocks=14262272 txs=1481523962 mgas=98496711 bps=37.89 tps=6623 mgps=585.3 avgBps=103.6 avgTps=10764 avgMGps=715.6 elapsed=1d14h13m
Jul 26 22:20:02 nimbus-eth1-mainnet-long-benchmark[3573364]: INF 2026-07-26 22:20:02.018+00:00 Imported blocks                            blockNumber=14270465 slot=1 blocks=14270464 txs=1483008014 mgas=98623220 bps=37.08 tps=6717 mgps=572.7 avgBps=103.5 avgTps=10757 avgMGps=715.4 elapsed=1d14h17m
Jul 26 22:23:42 nimbus-eth1-mainnet-long-benchmark[3573364]: INF 2026-07-26 22:23:42.887+00:00 Imported blocks                            blockNumber=14278657 slot=1 blocks=14278656 txs=1484457170 mgas=98749786 bps=37.09 tps=6561 mgps=573.0 avgBps=103.4 avgTps=10750 avgMGps=715.2 elapsed=1d14h21m
Jul 26 22:27:28 nimbus-eth1-mainnet-long-benchmark[3573364]: INF 2026-07-26 22:27:28.639+00:00 Imported blocks                            blockNumber=14286849 slot=1 blocks=14286848 txs=1485932097 mgas=98876484 bps=36.29 tps=6533 mgps=561.2 avgBps=103.3 avgTps=10743 avgMGps=714.9 elapsed=1d14h25m
Jul 26 22:31:12 nimbus-eth1-mainnet-long-benchmark[3573364]: INF 2026-07-26 22:31:12.620+00:00 Imported blocks                            blockNumber=14295041 slot=1 blocks=14295040 txs=1487325180 mgas=99003120 bps=36.57 tps=6219 mgps=565.4 avgBps=103.2 avgTps=10736 avgMGps=714.7 elapsed=1d14h28m
Jul 26 22:34:49 nimbus-eth1-mainnet-long-benchmark[3573364]: INF 2026-07-26 22:34:49.624+00:00 Imported blocks                            blockNumber=14303233 slot=1 blocks=14303232 txs=1488794773 mgas=99129714 bps=37.75 tps=6772 mgps=583.4 avgBps=103.1 avgTps=10730 avgMGps=714.5 elapsed=1d14h32m
Jul 26 22:38:30 nimbus-eth1-mainnet-long-benchmark[3573364]: INF 2026-07-26 22:38:30.881+00:00 Imported blocks                            blockNumber=14311425 slot=1 blocks=14311424 txs=1490306806 mgas=99256253 bps=37.02 tps=6833 mgps=571.9 avgBps=103.0 avgTps=10724 avgMGps=714.2 elapsed=1d14h36m
Jul 26 22:42:13 nimbus-eth1-mainnet-long-benchmark[3573364]: INF 2026-07-26 22:42:13.837+00:00 Imported blocks                            blockNumber=14319617 slot=1 blocks=14319616 txs=1491788177 mgas=99382830 bps=36.74 tps=6644 mgps=567.7 avgBps=102.9 avgTps=10717 avgMGps=714.0 elapsed=1d14h39m
Jul 26 22:45:57 nimbus-eth1-mainnet-long-benchmark[3573364]: INF 2026-07-26 22:45:57.329+00:00 Imported blocks                            blockNumber=14327809 slot=1 blocks=14327808 txs=1493218346 mgas=99509396 bps=36.65 tps=6399 mgps=566.3 avgBps=102.8 avgTps=10710 avgMGps=713.8 elapsed=1d14h43m
Jul 26 22:49:38 nimbus-eth1-mainnet-long-benchmark[3573364]: INF 2026-07-26 22:49:38.018+00:00 Imported blocks                            blockNumber=14336001 slot=1 blocks=14336000 txs=1494637496 mgas=99636119 bps=37.12 tps=6430 mgps=574.2 avgBps=102.7 avgTps=10704 avgMGps=713.6 elapsed=1d14h47m
Jul 26 22:53:24 nimbus-eth1-mainnet-long-benchmark[3573364]: INF 2026-07-26 22:53:24.526+00:00 Imported blocks                            blockNumber=14344193 slot=1 blocks=14344192 txs=1496117780 mgas=99762554 bps=36.17 tps=6535 mgps=558.2 avgBps=102.6 avgTps=10697 avgMGps=713.3 elapsed=1d14h50m
Jul 26 22:57:20 nimbus-eth1-mainnet-long-benchmark[3573364]: INF 2026-07-26 22:57:20.791+00:00 Imported blocks                            blockNumber=14352385 slot=1 blocks=14352384 txs=1497646328 mgas=99889031 bps=34.67 tps=6469 mgps=535.3 avgBps=102.4 avgTps=10690 avgMGps=713.0 elapsed=1d14h54m
Jul 26 23:01:16 nimbus-eth1-mainnet-long-benchmark[3573364]: INF 2026-07-26 23:01:16.819+00:00 Imported blocks                            blockNumber=14360577 slot=1 blocks=14360576 txs=1499193215 mgas=100015839 bps=34.71 tps=6553 mgps=537.3 avgBps=102.3 avgTps=10683 avgMGps=712.7 elapsed=1d14h58m
Jul 26 23:05:07 nimbus-eth1-mainnet-long-benchmark[3573364]: INF 2026-07-26 23:05:07.367+00:00 Imported blocks                            blockNumber=14368769 slot=1 blocks=14368768 txs=1500628724 mgas=100142411 bps=35.53 tps=6226 mgps=549.0 avgBps=102.2 avgTps=10675 avgMGps=712.4 elapsed=1d15h2m
Jul 26 23:08:57 nimbus-eth1-mainnet-long-benchmark[3573364]: INF 2026-07-26 23:08:57.040+00:00 Imported blocks                            blockNumber=14376961 slot=1 blocks=14376960 txs=1502015374 mgas=100268911 bps=35.67 tps=6037 mgps=550.8 avgBps=102.1 avgTps=10668 avgMGps=712.2 elapsed=1d15h6m
Jul 26 23:12:46 nimbus-eth1-mainnet-long-benchmark[3573364]: INF 2026-07-26 23:12:46.936+00:00 Imported blocks                            blockNumber=14385153 slot=1 blocks=14385152 txs=1503397597 mgas=100395563 bps=35.63 tps=6012 mgps=550.9 avgBps=102.0 avgTps=10660 avgMGps=711.9 elapsed=1d15h10m
Jul 26 23:16:34 nimbus-eth1-mainnet-long-benchmark[3573364]: INF 2026-07-26 23:16:34.432+00:00 Imported blocks                            blockNumber=14393345 slot=1 blocks=14393344 txs=1504885648 mgas=100522227 bps=36.01 tps=6541 mgps=556.8 avgBps=101.9 avgTps=10654 avgMGps=711.7 elapsed=1d15h14m
Jul 26 23:20:25 nimbus-eth1-mainnet-long-benchmark[3573364]: INF 2026-07-26 23:20:25.309+00:00 Imported blocks                            blockNumber=14401537 slot=1 blocks=14401536 txs=1506439582 mgas=100648773 bps=35.48 tps=6730 mgps=548.1 avgBps=101.8 avgTps=10647 avgMGps=711.4 elapsed=1d15h18m
Jul 26 23:24:07 nimbus-eth1-mainnet-long-benchmark[3573364]: INF 2026-07-26 23:24:07.581+00:00 Imported blocks                            blockNumber=14409729 slot=1 blocks=14409728 txs=1508073589 mgas=100775337 bps=36.86 tps=7351 mgps=569.4 avgBps=101.7 avgTps=10642 avgMGps=711.2 elapsed=1d15h21m
Jul 26 23:27:57 nimbus-eth1-mainnet-long-benchmark[3573364]: INF 2026-07-26 23:27:57.437+00:00 Imported blocks                            blockNumber=14417921 slot=1 blocks=14417920 txs=1509515789 mgas=100901918 bps=35.64 tps=6274 mgps=550.7 avgBps=101.6 avgTps=10635 avgMGps=710.9 elapsed=1d15h25m
Jul 26 23:31:54 nimbus-eth1-mainnet-long-benchmark[3573364]: INF 2026-07-26 23:31:54.098+00:00 Imported blocks                            blockNumber=14426113 slot=1 blocks=14426112 txs=1510929421 mgas=101028396 bps=34.61 tps=5973 mgps=534.4 avgBps=101.5 avgTps=10627 avgMGps=710.6 elapsed=1d15h29m
Jul 26 23:35:45 nimbus-eth1-mainnet-long-benchmark[3573364]: INF 2026-07-26 23:35:45.346+00:00 Imported blocks                            blockNumber=14434305 slot=1 blocks=14434304 txs=1512477530 mgas=101154947 bps=35.43 tps=6694 mgps=547.3 avgBps=101.4 avgTps=10621 avgMGps=710.4 elapsed=1d15h33m
Jul 26 23:39:38 nimbus-eth1-mainnet-long-benchmark[3573364]: INF 2026-07-26 23:39:38.002+00:00 Imported blocks                            blockNumber=14442497 slot=1 blocks=14442496 txs=1513948057 mgas=101281563 bps=35.21 tps=6320 mgps=544.2 avgBps=101.3 avgTps=10614 avgMGps=710.1 elapsed=1d15h37m
Jul 26 23:43:24 nimbus-eth1-mainnet-long-benchmark[3573364]: INF 2026-07-26 23:43:23.999+00:00 Imported blocks                            blockNumber=14450689 slot=1 blocks=14450688 txs=1515426491 mgas=101408240 bps=36.25 tps=6541 mgps=560.5 avgBps=101.2 avgTps=10607 avgMGps=709.8 elapsed=1d15h40m
Jul 26 23:47:08 nimbus-eth1-mainnet-long-benchmark[3573364]: INF 2026-07-26 23:47:08.751+00:00 Imported blocks                            blockNumber=14458881 slot=1 blocks=14458880 txs=1516885229 mgas=101534838 bps=36.45 tps=6490 mgps=563.3 avgBps=101.1 avgTps=10601 avgMGps=709.6 elapsed=1d15h44m
Jul 26 23:50:57 nimbus-eth1-mainnet-long-benchmark[3573364]: INF 2026-07-26 23:50:57.264+00:00 Imported blocks                            blockNumber=14467073 slot=1 blocks=14467072 txs=1518311743 mgas=101661241 bps=35.85 tps=6242 mgps=553.2 avgBps=100.9 avgTps=10594 avgMGps=709.4 elapsed=1d15h48m
Jul 26 23:54:51 nimbus-eth1-mainnet-long-benchmark[3573364]: INF 2026-07-26 23:54:51.100+00:00 Imported blocks                            blockNumber=14475265 slot=1 blocks=14475264 txs=1519793911 mgas=101787951 bps=35.03 tps=6338 mgps=541.9 avgBps=100.8 avgTps=10587 avgMGps=709.1 elapsed=1d15h52m
Jul 26 23:58:38 nimbus-eth1-mainnet-long-benchmark[3573364]: INF 2026-07-26 23:58:38.992+00:00 Imported blocks                            blockNumber=14483457 slot=1 blocks=14483456 txs=1521351379 mgas=101914491 bps=35.95 tps=6834 mgps=555.3 avgBps=100.7 avgTps=10581 avgMGps=708.9 elapsed=1d15h56m
Jul 27 00:02:25 nimbus-eth1-mainnet-long-benchmark[3573364]: INF 2026-07-27 00:02:25.937+00:00 Imported blocks                            blockNumber=14491649 slot=1 blocks=14491648 txs=1522821566 mgas=102040928 bps=36.10 tps=6478 mgps=557.1 avgBps=100.6 avgTps=10575 avgMGps=708.6 elapsed=1d16h948ms
Jul 27 00:06:09 nimbus-eth1-mainnet-long-benchmark[3573364]: INF 2026-07-27 00:06:09.529+00:00 Imported blocks                            blockNumber=14499841 slot=1 blocks=14499840 txs=1524299533 mgas=102167452 bps=36.64 tps=6610 mgps=565.9 avgBps=100.5 avgTps=10568 avgMGps=708.4 elapsed=1d16h3m
Jul 27 00:10:17 nimbus-eth1-mainnet-long-benchmark[3573364]: INF 2026-07-27 00:10:17.437+00:00 Imported blocks                            blockNumber=14508033 slot=1 blocks=14508032 txs=1525765485 mgas=102293988 bps=33.04 tps=5913 mgps=510.4 avgBps=100.4 avgTps=10560 avgMGps=708.1 elapsed=1d16h7m
Jul 27 00:14:07 nimbus-eth1-mainnet-long-benchmark[3573364]: INF 2026-07-27 00:14:07.773+00:00 Imported blocks                            blockNumber=14516225 slot=1 blocks=14516224 txs=1527114209 mgas=102420481 bps=35.57 tps=5855 mgps=549.2 avgBps=100.3 avgTps=10553 avgMGps=707.8 elapsed=1d16h11m
Jul 27 00:17:54 nimbus-eth1-mainnet-long-benchmark[3573364]: INF 2026-07-27 00:17:54.582+00:00 Imported blocks                            blockNumber=14524417 slot=1 blocks=14524416 txs=1528522384 mgas=102547039 bps=36.12 tps=6208 mgps=558.0 avgBps=100.2 avgTps=10546 avgMGps=707.6 elapsed=1d16h15m
Jul 27 00:21:38 nimbus-eth1-mainnet-long-benchmark[3573364]: INF 2026-07-27 00:21:38.910+00:00 Imported blocks                            blockNumber=14532609 slot=1 blocks=14532608 txs=1529939791 mgas=102673640 bps=36.52 tps=6318 mgps=564.4 avgBps=100.1 avgTps=10540 avgMGps=707.3 elapsed=1d16h19m
Jul 27 00:25:21 nimbus-eth1-mainnet-long-benchmark[3573364]: INF 2026-07-27 00:25:21.483+00:00 Imported blocks                            blockNumber=14540801 slot=1 blocks=14540800 txs=1531393541 mgas=102800249 bps=36.81 tps=6531 mgps=568.9 avgBps=100.0 avgTps=10533 avgMGps=707.1 elapsed=1d16h22m
Jul 27 00:29:01 nimbus-eth1-mainnet-long-benchmark[3573364]: INF 2026-07-27 00:29:01.395+00:00 Imported blocks                            blockNumber=14548993 slot=1 blocks=14548992 txs=1532796910 mgas=102926765 bps=37.25 tps=6381 mgps=575.3 avgBps=99.93 avgTps=10527 avgMGps=706.9 elapsed=1d16h26m
Jul 27 00:32:53 nimbus-eth1-mainnet-long-benchmark[3573364]: INF 2026-07-27 00:32:53.424+00:00 Imported blocks                            blockNumber=14557185 slot=1 blocks=14557184 txs=1534192018 mgas=103053366 bps=35.31 tps=6012 mgps=545.6 avgBps=99.82 avgTps=10520 avgMGps=706.7 elapsed=1d16h30m
Jul 27 00:36:39 nimbus-eth1-mainnet-long-benchmark[3573364]: INF 2026-07-27 00:36:39.972+00:00 Imported blocks                            blockNumber=14565377 slot=1 blocks=14565376 txs=1535614541 mgas=103180127 bps=36.16 tps=6279 mgps=559.5 avgBps=99.73 avgTps=10513 avgMGps=706.4 elapsed=1d16h34m
Jul 27 00:40:18 nimbus-eth1-mainnet-long-benchmark[3573364]: INF 2026-07-27 00:40:18.680+00:00 Imported blocks                            blockNumber=14573569 slot=1 blocks=14573568 txs=1537033985 mgas=103306532 bps=37.46 tps=6490 mgps=578.0 avgBps=99.63 avgTps=10507 avgMGps=706.3 elapsed=1d16h37m
Jul 27 00:43:57 nimbus-eth1-mainnet-long-benchmark[3573364]: INF 2026-07-27 00:43:57.713+00:00 Imported blocks                            blockNumber=14581761 slot=1 blocks=14581760 txs=1538410088 mgas=103432973 bps=37.40 tps=6282 mgps=577.3 avgBps=99.54 avgTps=10501 avgMGps=706.1 elapsed=1d16h41m
Jul 27 00:47:42 nimbus-eth1-mainnet-long-benchmark[3573364]: INF 2026-07-27 00:47:42.093+00:00 Imported blocks                            blockNumber=14589953 slot=1 blocks=14589952 txs=1539842194 mgas=103559582 bps=36.51 tps=6382 mgps=564.3 avgBps=99.44 avgTps=10495 avgMGps=705.8 elapsed=1d16h45m
Jul 27 00:51:23 nimbus-eth1-mainnet-long-benchmark[3573364]: INF 2026-07-27 00:51:23.562+00:00 Imported blocks                            blockNumber=14598145 slot=1 blocks=14598144 txs=1541231712 mgas=103686274 bps=36.99 tps=6274 mgps=572.1 avgBps=99.35 avgTps=10488 avgMGps=705.6 elapsed=1d16h48m
Jul 27 00:55:17 nimbus-eth1-mainnet-long-benchmark[3573364]: INF 2026-07-27 00:55:17.030+00:00 Imported blocks                            blockNumber=14606337 slot=1 blocks=14606336 txs=1542557603 mgas=103812866 bps=35.09 tps=5679 mgps=542.2 avgBps=99.25 avgTps=10481 avgMGps=705.4 elapsed=1d16h52m
Jul 27 00:59:05 nimbus-eth1-mainnet-long-benchmark[3573364]: INF 2026-07-27 00:59:05.930+00:00 Imported blocks                            blockNumber=14614529 slot=1 blocks=14614528 txs=1543988223 mgas=103939436 bps=35.79 tps=6249 mgps=552.9 avgBps=99.15 avgTps=10474 avgMGps=705.1 elapsed=1d16h56m
Jul 27 01:02:54 nimbus-eth1-mainnet-long-benchmark[3573364]: INF 2026-07-27 01:02:54.531+00:00 Imported blocks                            blockNumber=14622721 slot=1 blocks=14622720 txs=1545628799 mgas=104065967 bps=35.84 tps=7176 mgps=553.5 avgBps=99.05 avgTps=10469 avgMGps=704.9 elapsed=1d17h29s
Jul 27 01:06:28 nimbus-eth1-mainnet-long-benchmark[3573364]: INF 2026-07-27 01:06:28.551+00:00 Imported blocks                            blockNumber=14630913 slot=1 blocks=14630912 txs=1547086993 mgas=104192478 bps=38.28 tps=6813 mgps=591.1 avgBps=98.96 avgTps=10464 avgMGps=704.7 elapsed=1d17h4m
Jul 27 01:10:13 nimbus-eth1-mainnet-long-benchmark[3573364]: INF 2026-07-27 01:10:13.816+00:00 Imported blocks                            blockNumber=14639105 slot=1 blocks=14639104 txs=1548539276 mgas=104318872 bps=36.37 tps=6447 mgps=561.1 avgBps=98.87 avgTps=10458 avgMGps=704.5 elapsed=1d17h7m
Jul 27 01:14:07 nimbus-eth1-mainnet-long-benchmark[3573364]: INF 2026-07-27 01:14:07.756+00:00 Imported blocks                            blockNumber=14647297 slot=1 blocks=14647296 txs=1549888595 mgas=104445438 bps=35.02 tps=5767 mgps=541.0 avgBps=98.77 avgTps=10450 avgMGps=704.3 elapsed=1d17h11m
Jul 27 01:17:56 nimbus-eth1-mainnet-long-benchmark[3573364]: INF 2026-07-27 01:17:56.016+00:00 Imported blocks                            blockNumber=14655489 slot=1 blocks=14655488 txs=1551341506 mgas=104572043 bps=35.89 tps=6365 mgps=554.6 avgBps=98.67 avgTps=10444 avgMGps=704.0 elapsed=1d17h15m
Jul 27 01:21:39 nimbus-eth1-mainnet-long-benchmark[3573364]: INF 2026-07-27 01:21:39.505+00:00 Imported blocks                            blockNumber=14663681 slot=1 blocks=14663680 txs=1552790005 mgas=104698375 bps=36.66 tps=6481 mgps=565.3 avgBps=98.58 avgTps=10438 avgMGps=703.8 elapsed=1d17h19m
Jul 27 01:25:27 nimbus-eth1-mainnet-long-benchmark[3573364]: INF 2026-07-27 01:25:27.069+00:00 Imported blocks                            blockNumber=14671873 slot=1 blocks=14671872 txs=1554273756 mgas=104824824 bps=36.00 tps=6520 mgps=555.7 avgBps=98.48 avgTps=10432 avgMGps=703.6 elapsed=1d17h23m
Jul 27 01:29:15 nimbus-eth1-mainnet-long-benchmark[3573364]: INF 2026-07-27 01:29:15.678+00:00 Imported blocks                            blockNumber=14680065 slot=1 blocks=14680064 txs=1555798382 mgas=104951311 bps=35.83 tps=6669 mgps=553.3 avgBps=98.38 avgTps=10426 avgMGps=703.4 elapsed=1d17h26m
Jul 27 01:33:03 nimbus-eth1-mainnet-long-benchmark[3573364]: INF 2026-07-27 01:33:03.774+00:00 Imported blocks                            blockNumber=14688257 slot=1 blocks=14688256 txs=1557325850 mgas=105077856 bps=35.91 tps=6696 mgps=554.8 avgBps=98.29 avgTps=10421 avgMGps=703.1 elapsed=1d17h30m
Jul 27 01:36:28 nimbus-eth1-mainnet-long-benchmark[3573364]: INF 2026-07-27 01:36:28.443+00:00 Imported blocks                            blockNumber=14696449 slot=1 blocks=14696448 txs=1558798023 mgas=105204382 bps=40.03 tps=7192 mgps=618.2 avgBps=98.21 avgTps=10416 avgMGps=703.0 elapsed=1d17h34m
Jul 27 01:40:09 nimbus-eth1-mainnet-long-benchmark[3573364]: INF 2026-07-27 01:40:09.551+00:00 Imported blocks                            blockNumber=14704641 slot=1 blocks=14704640 txs=1560217704 mgas=105330915 bps=37.05 tps=6420 mgps=572.3 avgBps=98.12 avgTps=10410 avgMGps=702.8 elapsed=1d17h37m
Jul 27 01:43:59 nimbus-eth1-mainnet-long-benchmark[3573364]: INF 2026-07-27 01:43:59.908+00:00 Imported blocks                            blockNumber=14712833 slot=1 blocks=14712832 txs=1561654974 mgas=105457382 bps=35.56 tps=6239 mgps=549.0 avgBps=98.02 avgTps=10404 avgMGps=702.6 elapsed=1d17h41m
Jul 27 01:47:49 nimbus-eth1-mainnet-long-benchmark[3573364]: INF 2026-07-27 01:47:49.644+00:00 Imported blocks                            blockNumber=14721025 slot=1 blocks=14721024 txs=1563167010 mgas=105583750 bps=35.66 tps=6581 mgps=550.1 avgBps=97.93 avgTps=10398 avgMGps=702.4 elapsed=1d17h45m
Jul 27 01:51:44 nimbus-eth1-mainnet-long-benchmark[3573364]: INF 2026-07-27 01:51:44.548+00:00 Imported blocks                            blockNumber=14729217 slot=1 blocks=14729216 txs=1564606510 mgas=105710056 bps=34.87 tps=6128 mgps=537.7 avgBps=97.83 avgTps=10391 avgMGps=702.1 elapsed=1d17h49m
Jul 27 01:55:37 nimbus-eth1-mainnet-long-benchmark[3573364]: INF 2026-07-27 01:55:37.640+00:00 Imported blocks                            blockNumber=14737409 slot=1 blocks=14737408 txs=1565993863 mgas=105836465 bps=35.15 tps=5951 mgps=542.3 avgBps=97.73 avgTps=10385 avgMGps=701.9 elapsed=1d17h53m
Jul 27 01:59:34 nimbus-eth1-mainnet-long-benchmark[3573364]: INF 2026-07-27 01:59:34.661+00:00 Imported blocks                            blockNumber=14745601 slot=1 blocks=14745600 txs=1567493174 mgas=105962890 bps=34.56 tps=6325 mgps=533.4 avgBps=97.63 avgTps=10378 avgMGps=701.6 elapsed=1d17h57m
Jul 27 02:03:31 nimbus-eth1-mainnet-long-benchmark[3573364]: INF 2026-07-27 02:03:31.361+00:00 Imported blocks                            blockNumber=14753793 slot=1 blocks=14753792 txs=1569051319 mgas=106089063 bps=34.61 tps=6582 mgps=533.0 avgBps=97.54 avgTps=10372 avgMGps=701.3 elapsed=1d18h1m
Jul 27 02:07:24 nimbus-eth1-mainnet-long-benchmark[3573364]: INF 2026-07-27 02:07:24.405+00:00 Imported blocks                            blockNumber=14761985 slot=1 blocks=14761984 txs=1570770123 mgas=106215276 bps=35.15 tps=7375 mgps=541.6 avgBps=97.44 avgTps=10368 avgMGps=701.1 elapsed=1d18h4m
Jul 27 02:11:19 nimbus-eth1-mainnet-long-benchmark[3573364]: INF 2026-07-27 02:11:19.913+00:00 Imported blocks                            blockNumber=14770177 slot=1 blocks=14770176 txs=1572487493 mgas=106341305 bps=34.78 tps=7292 mgps=535.1 avgBps=97.34 avgTps=10363 avgMGps=700.8 elapsed=1d18h8m
Jul 27 02:15:19 nimbus-eth1-mainnet-long-benchmark[3573364]: INF 2026-07-27 02:15:19.486+00:00 Imported blocks                            blockNumber=14778369 slot=1 blocks=14778368 txs=1573961397 mgas=106467668 bps=34.19 tps=6152 mgps=527.5 avgBps=97.24 avgTps=10356 avgMGps=700.6 elapsed=1d18h12m
Jul 27 02:19:27 nimbus-eth1-mainnet-long-benchmark[3573364]: INF 2026-07-27 02:19:27.366+00:00 Imported blocks                            blockNumber=14786561 slot=1 blocks=14786560 txs=1575410846 mgas=106594161 bps=33.05 tps=5847 mgps=510.3 avgBps=97.14 avgTps=10349 avgMGps=700.3 elapsed=1d18h17m
Jul 27 02:23:18 nimbus-eth1-mainnet-long-benchmark[3573364]: INF 2026-07-27 02:23:18.002+00:00 Imported blocks                            blockNumber=14794753 slot=1 blocks=14794752 txs=1576888706 mgas=106720591 bps=35.52 tps=6407 mgps=548.2 avgBps=97.04 avgTps=10343 avgMGps=700.0 elapsed=1d18h20m
Jul 27 02:27:09 nimbus-eth1-mainnet-long-benchmark[3573364]: INF 2026-07-27 02:27:09.522+00:00 Imported blocks                            blockNumber=14802945 slot=1 blocks=14802944 txs=1578401630 mgas=106846974 bps=35.38 tps=6534 mgps=545.9 avgBps=96.95 avgTps=10337 avgMGps=699.8 elapsed=1d18h24m
Jul 27 02:31:01 nimbus-eth1-mainnet-long-benchmark[3573364]: INF 2026-07-27 02:31:01.138+00:00 Imported blocks                            blockNumber=14811137 slot=1 blocks=14811136 txs=1579885395 mgas=106973402 bps=35.37 tps=6406 mgps=545.9 avgBps=96.86 avgTps=10331 avgMGps=699.6 elapsed=1d18h28m
Jul 27 02:34:42 nimbus-eth1-mainnet-long-benchmark[3573364]: INF 2026-07-27 02:34:42.091+00:00 Imported blocks                            blockNumber=14819329 slot=1 blocks=14819328 txs=1581354434 mgas=107099867 bps=37.08 tps=6648 mgps=572.4 avgBps=96.77 avgTps=10326 avgMGps=699.4 elapsed=1d18h32m
Jul 27 02:38:24 nimbus-eth1-mainnet-long-benchmark[3573364]: INF 2026-07-27 02:38:23.995+00:00 Imported blocks                            blockNumber=14827521 slot=1 blocks=14827520 txs=1582755344 mgas=107226485 bps=36.92 tps=6313 mgps=570.6 avgBps=96.69 avgTps=10320 avgMGps=699.2 elapsed=1d18h35m
Jul 27 02:42:09 nimbus-eth1-mainnet-long-benchmark[3573364]: INF 2026-07-27 02:42:09.504+00:00 Imported blocks                            blockNumber=14835713 slot=1 blocks=14835712 txs=1584219534 mgas=107353062 bps=36.33 tps=6492 mgps=561.3 avgBps=96.60 avgTps=10314 avgMGps=699.0 elapsed=1d18h39m
Jul 27 02:45:44 nimbus-eth1-mainnet-long-benchmark[3573364]: INF 2026-07-27 02:45:44.904+00:00 Imported blocks                            blockNumber=14843905 slot=1 blocks=14843904 txs=1585683131 mgas=107479551 bps=38.03 tps=6794 mgps=587.2 avgBps=96.51 avgTps=10310 avgMGps=698.8 elapsed=1d18h43m
Jul 27 02:49:18 nimbus-eth1-mainnet-long-benchmark[3573364]: INF 2026-07-27 02:49:18.633+00:00 Imported blocks                            blockNumber=14852097 slot=1 blocks=14852096 txs=1587119089 mgas=107605902 bps=38.33 tps=6718 mgps=591.2 avgBps=96.43 avgTps=10305 avgMGps=698.7 elapsed=1d18h46m
Jul 27 02:52:54 nimbus-eth1-mainnet-long-benchmark[3573364]: INF 2026-07-27 02:52:54.914+00:00 Imported blocks                            blockNumber=14860289 slot=1 blocks=14860288 txs=1588547697 mgas=107732236 bps=37.88 tps=6605 mgps=584.1 avgBps=96.35 avgTps=10299 avgMGps=698.5 elapsed=1d18h50m
Jul 27 02:56:37 nimbus-eth1-mainnet-long-benchmark[3573364]: INF 2026-07-27 02:56:37.030+00:00 Imported blocks                            blockNumber=14868481 slot=1 blocks=14868480 txs=1589990527 mgas=107858829 bps=36.88 tps=6495 mgps=569.9 avgBps=96.27 avgTps=10294 avgMGps=698.3 elapsed=1d18h54m
Jul 27 03:00:06 nimbus-eth1-mainnet-long-benchmark[3573364]: INF 2026-07-27 03:00:06.283+00:00 Imported blocks                            blockNumber=14876673 slot=1 blocks=14876672 txs=1591434616 mgas=107985284 bps=39.15 tps=6901 mgps=604.3 avgBps=96.19 avgTps=10289 avgMGps=698.2 elapsed=1d18h57m
Jul 27 03:03:31 nimbus-eth1-mainnet-long-benchmark[3573364]: INF 2026-07-27 03:03:31.959+00:00 Imported blocks                            blockNumber=14884865 slot=1 blocks=14884864 txs=1592924600 mgas=108111712 bps=39.83 tps=7244 mgps=614.7 avgBps=96.11 avgTps=10285 avgMGps=698.1 elapsed=1d19h1m
Jul 27 03:06:57 nimbus-eth1-mainnet-long-benchmark[3573364]: INF 2026-07-27 03:06:57.760+00:00 Imported blocks                            blockNumber=14893057 slot=1 blocks=14893056 txs=1594384287 mgas=108238280 bps=39.81 tps=7092 mgps=615.0 avgBps=96.04 avgTps=10281 avgMGps=698.0 elapsed=1d19h4m
Jul 27 03:10:18 nimbus-eth1-mainnet-long-benchmark[3573364]: INF 2026-07-27 03:10:18.537+00:00 Imported blocks                            blockNumber=14901249 slot=1 blocks=14901248 txs=1595813868 mgas=108364670 bps=40.80 tps=7120 mgps=629.5 avgBps=95.97 avgTps=10277 avgMGps=697.9 elapsed=1d19h7m
Jul 27 03:13:42 nimbus-eth1-mainnet-long-benchmark[3573364]: INF 2026-07-27 03:13:42.766+00:00 Imported blocks                            blockNumber=14909441 slot=1 blocks=14909440 txs=1597202289 mgas=108491205 bps=40.11 tps=6798 mgps=619.6 avgBps=95.89 avgTps=10272 avgMGps=697.8 elapsed=1d19h11m
Jul 27 03:17:05 nimbus-eth1-mainnet-long-benchmark[3573364]: INF 2026-07-27 03:17:05.614+00:00 Imported blocks                            blockNumber=14917633 slot=1 blocks=14917632 txs=1598674356 mgas=108617702 bps=40.38 tps=7256 mgps=623.6 avgBps=95.82 avgTps=10268 avgMGps=697.7 elapsed=1d19h14m
Jul 27 03:20:31 nimbus-eth1-mainnet-long-benchmark[3573364]: INF 2026-07-27 03:20:31.719+00:00 Imported blocks                            blockNumber=14925825 slot=1 blocks=14925824 txs=1600116293 mgas=108744157 bps=39.75 tps=6996 mgps=613.5 avgBps=95.75 avgTps=10264 avgMGps=697.6 elapsed=1d19h18m
Jul 27 03:23:51 nimbus-eth1-mainnet-long-benchmark[3573364]: INF 2026-07-27 03:23:51.180+00:00 Imported blocks                            blockNumber=14934017 slot=1 blocks=14934016 txs=1601560457 mgas=108870655 bps=41.07 tps=7240 mgps=634.2 avgBps=95.68 avgTps=10260 avgMGps=697.5 elapsed=1d19h21m
Jul 27 03:27:13 nimbus-eth1-mainnet-long-benchmark[3573364]: INF 2026-07-27 03:27:13.297+00:00 Imported blocks                            blockNumber=14942209 slot=1 blocks=14942208 txs=1603043936 mgas=108997011 bps=40.53 tps=7339 mgps=625.2 avgBps=95.61 avgTps=10256 avgMGps=697.4 elapsed=1d19h24m
Jul 27 03:30:57 nimbus-eth1-mainnet-long-benchmark[3573364]: INF 2026-07-27 03:30:57.885+00:00 Imported blocks                            blockNumber=14950401 slot=1 blocks=14950400 txs=1604484185 mgas=109123396 bps=36.48 tps=6412 mgps=562.7 avgBps=95.52 avgTps=10251 avgMGps=697.2 elapsed=1d19h28m
Jul 27 03:34:45 nimbus-eth1-mainnet-long-benchmark[3573364]: INF 2026-07-27 03:34:45.257+00:00 Imported blocks                            blockNumber=14958593 slot=1 blocks=14958592 txs=1606010597 mgas=109249703 bps=36.03 tps=6713 mgps=555.5 avgBps=95.44 avgTps=10246 avgMGps=697.0 elapsed=1d19h32m
Jul 27 03:38:36 nimbus-eth1-mainnet-long-benchmark[3573364]: INF 2026-07-27 03:38:36.194+00:00 Imported blocks                            blockNumber=14966785 slot=1 blocks=14966784 txs=1607563478 mgas=109375997 bps=35.47 tps=6724 mgps=546.9 avgBps=95.35 avgTps=10241 avgMGps=696.8 elapsed=1d19h36m
Jul 27 03:42:18 nimbus-eth1-mainnet-long-benchmark[3573364]: INF 2026-07-27 03:42:18.654+00:00 Imported blocks                            blockNumber=14974977 slot=1 blocks=14974976 txs=1609110874 mgas=109502092 bps=36.82 tps=6955 mgps=566.8 avgBps=95.26 avgTps=10236 avgMGps=696.6 elapsed=1d19h39m
Jul 27 03:45:54 nimbus-eth1-mainnet-long-benchmark[3573364]: INF 2026-07-27 03:45:54.859+00:00 Imported blocks                            blockNumber=14983169 slot=1 blocks=14983168 txs=1610647473 mgas=109628304 bps=37.89 tps=7107 mgps=583.8 avgBps=95.19 avgTps=10232 avgMGps=696.5 elapsed=1d19h43m
Jul 27 03:49:45 nimbus-eth1-mainnet-long-benchmark[3573364]: INF 2026-07-27 03:49:45.051+00:00 Imported blocks                            blockNumber=14991361 slot=1 blocks=14991360 txs=1612136506 mgas=109754528 bps=35.59 tps=6468 mgps=548.3 avgBps=95.10 avgTps=10226 avgMGps=696.2 elapsed=1d19h47m
Jul 27 03:53:28 nimbus-eth1-mainnet-long-benchmark[3573364]: INF 2026-07-27 03:53:28.699+00:00 Imported blocks                            blockNumber=14999553 slot=1 blocks=14999552 txs=1613589994 mgas=109880792 bps=36.63 tps=6499 mgps=564.6 avgBps=95.02 avgTps=10221 avgMGps=696.0 elapsed=1d19h51m
Jul 27 03:57:07 nimbus-eth1-mainnet-long-benchmark[3573364]: INF 2026-07-27 03:57:07.564+00:00 Imported blocks                            blockNumber=15007745 slot=1 blocks=15007744 txs=1615101791 mgas=110007294 bps=37.43 tps=6907 mgps=578.0 avgBps=94.94 avgTps=10216 avgMGps=695.9 elapsed=1d19h54m
Jul 27 04:00:47 nimbus-eth1-mainnet-long-benchmark[3573364]: INF 2026-07-27 04:00:47.480+00:00 Imported blocks                            blockNumber=15015937 slot=1 blocks=15015936 txs=1616604827 mgas=110133574 bps=37.25 tps=6834 mgps=574.2 avgBps=94.86 avgTps=10212 avgMGps=695.7 elapsed=1d19h58m
Jul 27 04:04:25 nimbus-eth1-mainnet-long-benchmark[3573364]: INF 2026-07-27 04:04:25.161+00:00 Imported blocks                            blockNumber=15024129 slot=1 blocks=15024128 txs=1618124783 mgas=110259979 bps=37.63 tps=6982 mgps=580.7 avgBps=94.78 avgTps=10207 avgMGps=695.6 elapsed=1d20h2m
Jul 27 04:07:49 nimbus-eth1-mainnet-long-benchmark[3573364]: INF 2026-07-27 04:07:49.842+00:00 Imported blocks                            blockNumber=15032321 slot=1 blocks=15032320 txs=1619547895 mgas=110386347 bps=40.02 tps=6952 mgps=617.4 avgBps=94.71 avgTps=10203 avgMGps=695.5 elapsed=1d20h5m
Jul 27 04:11:25 nimbus-eth1-mainnet-long-benchmark[3573364]: INF 2026-07-27 04:11:25.570+00:00 Imported blocks                            blockNumber=15040513 slot=1 blocks=15040512 txs=1621062193 mgas=110512795 bps=37.97 tps=7019 mgps=586.1 avgBps=94.63 avgTps=10199 avgMGps=695.3 elapsed=1d20h9m
Jul 27 04:14:57 nimbus-eth1-mainnet-long-benchmark[3573364]: INF 2026-07-27 04:14:57.015+00:00 Imported blocks                            blockNumber=15048705 slot=1 blocks=15048704 txs=1622602901 mgas=110639043 bps=38.74 tps=7286 mgps=597.1 avgBps=94.56 avgTps=10195 avgMGps=695.2 elapsed=1d20h12m
Jul 27 04:18:39 nimbus-eth1-mainnet-long-benchmark[3573364]: INF 2026-07-27 04:18:39.747+00:00 Imported blocks                            blockNumber=15056897 slot=1 blocks=15056896 txs=1624115395 mgas=110765349 bps=36.78 tps=6790 mgps=567.1 avgBps=94.47 avgTps=10190 avgMGps=695.0 elapsed=1d20h16m
Jul 27 04:22:17 nimbus-eth1-mainnet-long-benchmark[3573364]: INF 2026-07-27 04:22:17.600+00:00 Imported blocks                            blockNumber=15065089 slot=1 blocks=15065088 txs=1625614655 mgas=110891687 bps=37.60 tps=6882 mgps=579.9 avgBps=94.40 avgTps=10186 avgMGps=694.8 elapsed=1d20h19m
Jul 27 04:25:52 nimbus-eth1-mainnet-long-benchmark[3573364]: INF 2026-07-27 04:25:52.836+00:00 Imported blocks                            blockNumber=15073281 slot=1 blocks=15073280 txs=1627066919 mgas=111018242 bps=38.06 tps=6747 mgps=588.0 avgBps=94.32 avgTps=10181 avgMGps=694.7 elapsed=1d20h23m
Jul 27 04:29:26 nimbus-eth1-mainnet-long-benchmark[3573364]: INF 2026-07-27 04:29:26.621+00:00 Imported blocks                            blockNumber=15081473 slot=1 blocks=15081472 txs=1628546403 mgas=111144739 bps=38.32 tps=6920 mgps=591.7 avgBps=94.25 avgTps=10177 avgMGps=694.6 elapsed=1d20h27m
Jul 27 04:32:58 nimbus-eth1-mainnet-long-benchmark[3573364]: INF 2026-07-27 04:32:58.269+00:00 Imported blocks                            blockNumber=15089665 slot=1 blocks=15089664 txs=1630035104 mgas=111271322 bps=38.71 tps=7033 mgps=598.1 avgBps=94.17 avgTps=10172 avgMGps=694.4 elapsed=1d20h30m
Jul 27 04:36:28 nimbus-eth1-mainnet-long-benchmark[3573364]: INF 2026-07-27 04:36:28.630+00:00 Imported blocks                            blockNumber=15097857 slot=1 blocks=15097856 txs=1631539029 mgas=111397707 bps=38.94 tps=7149 mgps=600.8 avgBps=94.10 avgTps=10168 avgMGps=694.3 elapsed=1d20h34m
Jul 27 04:39:56 nimbus-eth1-mainnet-long-benchmark[3573364]: INF 2026-07-27 04:39:56.807+00:00 Imported blocks                            blockNumber=15106049 slot=1 blocks=15106048 txs=1633018732 mgas=111523983 bps=39.35 tps=7107 mgps=606.6 avgBps=94.03 avgTps=10164 avgMGps=694.2 elapsed=1d20h37m
Jul 27 04:43:29 nimbus-eth1-mainnet-long-benchmark[3573364]: INF 2026-07-27 04:43:29.087+00:00 Imported blocks                            blockNumber=15114241 slot=1 blocks=15114240 txs=1634506563 mgas=111650426 bps=38.59 tps=7008 mgps=595.6 avgBps=93.96 avgTps=10160 avgMGps=694.1 elapsed=1d20h41m
Jul 27 04:46:55 nimbus-eth1-mainnet-long-benchmark[3573364]: INF 2026-07-27 04:46:55.876+00:00 Imported blocks                            blockNumber=15122433 slot=1 blocks=15122432 txs=1635958506 mgas=111777176 bps=39.62 tps=7021 mgps=612.9 avgBps=93.89 avgTps=10156 avgMGps=694.0 elapsed=1d20h44m
Jul 27 04:50:25 nimbus-eth1-mainnet-long-benchmark[3573364]: INF 2026-07-27 04:50:25.765+00:00 Imported blocks                            blockNumber=15130625 slot=1 blocks=15130624 txs=1637391052 mgas=111903532 bps=39.03 tps=6825 mgps=602.0 avgBps=93.82 avgTps=10152 avgMGps=693.8 elapsed=1d20h48m
Jul 27 04:53:58 nimbus-eth1-mainnet-long-benchmark[3573364]: INF 2026-07-27 04:53:58.137+00:00 Imported blocks                            blockNumber=15138817 slot=1 blocks=15138816 txs=1638889569 mgas=112029690 bps=38.57 tps=7056 mgps=594.0 avgBps=93.74 avgTps=10148 avgMGps=693.7 elapsed=1d20h51m
Jul 27 04:57:31 nimbus-eth1-mainnet-long-benchmark[3573364]: INF 2026-07-27 04:57:31.478+00:00 Imported blocks                            blockNumber=15147009 slot=1 blocks=15147008 txs=1640391702 mgas=112156177 bps=38.40 tps=7041 mgps=592.9 avgBps=93.67 avgTps=10144 avgMGps=693.6 elapsed=1d20h55m
Jul 27 05:01:09 nimbus-eth1-mainnet-long-benchmark[3573364]: INF 2026-07-27 05:01:09.874+00:00 Imported blocks                            blockNumber=15155201 slot=1 blocks=15155200 txs=1641972637 mgas=112282660 bps=37.51 tps=7238 mgps=579.1 avgBps=93.59 avgTps=10140 avgMGps=693.4 elapsed=1d20h58m
Jul 27 05:04:47 nimbus-eth1-mainnet-long-benchmark[3573364]: INF 2026-07-27 05:04:47.739+00:00 Imported blocks                            blockNumber=15163393 slot=1 blocks=15163392 txs=1643547827 mgas=112408879 bps=37.60 tps=7229 mgps=579.3 avgBps=93.52 avgTps=10136 avgMGps=693.3 elapsed=1d21h2m
Jul 27 05:08:25 nimbus-eth1-mainnet-long-benchmark[3573364]: INF 2026-07-27 05:08:25.811+00:00 Imported blocks                            blockNumber=15171585 slot=1 blocks=15171584 txs=1645084111 mgas=112535207 bps=37.57 tps=7044 mgps=579.3 avgBps=93.44 avgTps=10132 avgMGps=693.1 elapsed=1d21h6m
Jul 27 05:12:02 nimbus-eth1-mainnet-long-benchmark[3573364]: INF 2026-07-27 05:12:02.296+00:00 Imported blocks                            blockNumber=15179777 slot=1 blocks=15179776 txs=1646572816 mgas=112661609 bps=37.84 tps=6876 mgps=583.9 avgBps=93.37 avgTps=10127 avgMGps=693.0 elapsed=1d21h9m
Jul 27 05:15:39 nimbus-eth1-mainnet-long-benchmark[3573364]: INF 2026-07-27 05:15:39.685+00:00 Imported blocks                            blockNumber=15187969 slot=1 blocks=15187968 txs=1648108672 mgas=112787989 bps=37.68 tps=7065 mgps=581.4 avgBps=93.30 avgTps=10123 avgMGps=692.8 elapsed=1d21h13m
Jul 27 05:19:20 nimbus-eth1-mainnet-long-benchmark[3573364]: INF 2026-07-27 05:19:20.601+00:00 Imported blocks                            blockNumber=15196161 slot=1 blocks=15196160 txs=1649610927 mgas=112914330 bps=37.08 tps=6800 mgps=571.9 avgBps=93.22 avgTps=10119 avgMGps=692.7 elapsed=1d21h16m
Jul 27 05:23:01 nimbus-eth1-mainnet-long-benchmark[3573364]: INF 2026-07-27 05:23:01.326+00:00 Imported blocks                            blockNumber=15204353 slot=1 blocks=15204352 txs=1651068792 mgas=113040800 bps=37.11 tps=6604 mgps=573.0 avgBps=93.14 avgTps=10114 avgMGps=692.5 elapsed=1d21h20m
Jul 27 05:26:48 nimbus-eth1-mainnet-long-benchmark[3573364]: INF 2026-07-27 05:26:48.386+00:00 Imported blocks                            blockNumber=15212545 slot=1 blocks=15212544 txs=1652544743 mgas=113167506 bps=36.08 tps=6500 mgps=558.0 avgBps=93.06 avgTps=10109 avgMGps=692.3 elapsed=1d21h24m
Jul 27 05:30:49 nimbus-eth1-mainnet-long-benchmark[3573364]: INF 2026-07-27 05:30:49.838+00:00 Imported blocks                            blockNumber=15220737 slot=1 blocks=15220736 txs=1654644473 mgas=113293896 bps=33.93 tps=8696 mgps=523.5 avgBps=92.98 avgTps=10107 avgMGps=692.1 elapsed=1d21h28m
Jul 27 05:34:34 nimbus-eth1-mainnet-long-benchmark[3573364]: INF 2026-07-27 05:34:34.682+00:00 Imported blocks                            blockNumber=15228929 slot=1 blocks=15228928 txs=1656152007 mgas=113420282 bps=36.43 tps=6704 mgps=562.1 avgBps=92.90 avgTps=10102 avgMGps=691.9 elapsed=1d21h32m
Jul 27 05:38:19 nimbus-eth1-mainnet-long-benchmark[3573364]: INF 2026-07-27 05:38:19.879+00:00 Imported blocks                            blockNumber=15237121 slot=1 blocks=15237120 txs=1657684321 mgas=113546698 bps=36.38 tps=6804 mgps=561.3 avgBps=92.82 avgTps=10098 avgMGps=691.7 elapsed=1d21h35m
Jul 27 05:42:04 nimbus-eth1-mainnet-long-benchmark[3573364]: INF 2026-07-27 05:42:04.531+00:00 Imported blocks                            blockNumber=15245313 slot=1 blocks=15245312 txs=1659177302 mgas=113673024 bps=36.47 tps=6645 mgps=562.3 avgBps=92.74 avgTps=10093 avgMGps=691.5 elapsed=1d21h39m
Jul 27 05:45:52 nimbus-eth1-mainnet-long-benchmark[3573364]: INF 2026-07-27 05:45:52.100+00:00 Imported blocks                            blockNumber=15253505 slot=1 blocks=15253504 txs=1660650585 mgas=113799497 bps=36.00 tps=6474 mgps=555.8 avgBps=92.67 avgTps=10088 avgMGps=691.3 elapsed=1d21h43m
Jul 27 05:49:45 nimbus-eth1-mainnet-long-benchmark[3573364]: INF 2026-07-27 05:49:45.332+00:00 Imported blocks                            blockNumber=15261697 slot=1 blocks=15261696 txs=1662310633 mgas=113926031 bps=35.12 tps=7117 mgps=542.5 avgBps=92.58 avgTps=10084 avgMGps=691.1 elapsed=1d21h47m
Jul 27 05:53:40 nimbus-eth1-mainnet-long-benchmark[3573364]: INF 2026-07-27 05:53:40.568+00:00 Imported blocks                            blockNumber=15269889 slot=1 blocks=15269888 txs=1663910930 mgas=114052621 bps=34.82 tps=6802 mgps=538.1 avgBps=92.50 avgTps=10079 avgMGps=690.9 elapsed=1d21h51m
Jul 27 05:57:39 nimbus-eth1-mainnet-long-benchmark[3573364]: INF 2026-07-27 05:57:39.956+00:00 Imported blocks                            blockNumber=15278081 slot=1 blocks=15278080 txs=1665719055 mgas=114179013 bps=34.22 tps=7553 mgps=528.0 avgBps=92.42 avgTps=10076 avgMGps=690.7 elapsed=1d21h55m
Jul 27 06:01:21 nimbus-eth1-mainnet-long-benchmark[3573364]: INF 2026-07-27 06:01:21.849+00:00 Imported blocks                            blockNumber=15286273 slot=1 blocks=15286272 txs=1667228458 mgas=114305424 bps=36.92 tps=6802 mgps=569.7 avgBps=92.34 avgTps=10071 avgMGps=690.5 elapsed=1d21h58m
Jul 27 06:05:09 nimbus-eth1-mainnet-long-benchmark[3573364]: INF 2026-07-27 06:05:09.945+00:00 Imported blocks                            blockNumber=15294465 slot=1 blocks=15294464 txs=1668720560 mgas=114431928 bps=35.91 tps=6541 mgps=554.6 avgBps=92.27 avgTps=10066 avgMGps=690.3 elapsed=1d22h2m
Jul 27 06:08:52 nimbus-eth1-mainnet-long-benchmark[3573364]: INF 2026-07-27 06:08:52.134+00:00 Imported blocks                            blockNumber=15302657 slot=1 blocks=15302656 txs=1670201566 mgas=114558808 bps=36.87 tps=6665 mgps=571.0 avgBps=92.19 avgTps=10062 avgMGps=690.2 elapsed=1d22h6m
Jul 27 06:12:33 nimbus-eth1-mainnet-long-benchmark[3573364]: INF 2026-07-27 06:12:33.130+00:00 Imported blocks                            blockNumber=15310849 slot=1 blocks=15310848 txs=1671657139 mgas=114685147 bps=37.07 tps=6586 mgps=571.7 avgBps=92.12 avgTps=10057 avgMGps=690.0 elapsed=1d22h10m
Jul 27 06:16:08 nimbus-eth1-mainnet-long-benchmark[3573364]: INF 2026-07-27 06:16:08.911+00:00 Imported blocks                            blockNumber=15319041 slot=1 blocks=15319040 txs=1673125662 mgas=114811531 bps=37.96 tps=6805 mgps=585.7 avgBps=92.05 avgTps=10053 avgMGps=689.9 elapsed=1d22h13m
Jul 27 06:19:42 nimbus-eth1-mainnet-long-benchmark[3573364]: INF 2026-07-27 06:19:42.947+00:00 Imported blocks                            blockNumber=15327233 slot=1 blocks=15327232 txs=1674580780 mgas=114937984 bps=38.27 tps=6798 mgps=590.8 avgBps=91.98 avgTps=10049 avgMGps=689.7 elapsed=1d22h17m
Jul 27 06:23:23 nimbus-eth1-mainnet-long-benchmark[3573364]: INF 2026-07-27 06:23:23.008+00:00 Imported blocks                            blockNumber=15335425 slot=1 blocks=15335424 txs=1676008794 mgas=115064469 bps=37.23 tps=6489 mgps=574.8 avgBps=91.91 avgTps=10044 avgMGps=689.6 elapsed=1d22h20m
Jul 27 06:27:02 nimbus-eth1-mainnet-long-benchmark[3573364]: INF 2026-07-27 06:27:02.084+00:00 Imported blocks                            blockNumber=15343617 slot=1 blocks=15343616 txs=1677423354 mgas=115191053 bps=37.39 tps=6456 mgps=577.8 avgBps=91.84 avgTps=10039 avgMGps=689.4 elapsed=1d22h24m
Jul 27 06:30:34 nimbus-eth1-mainnet-long-benchmark[3573364]: INF 2026-07-27 06:30:34.677+00:00 Imported blocks                            blockNumber=15351809 slot=1 blocks=15351808 txs=1678856576 mgas=115317423 bps=38.53 tps=6741 mgps=594.4 avgBps=91.77 avgTps=10035 avgMGps=689.3 elapsed=1d22h28m
Jul 27 06:34:14 nimbus-eth1-mainnet-long-benchmark[3573364]: INF 2026-07-27 06:34:14.453+00:00 Imported blocks                            blockNumber=15360001 slot=1 blocks=15360000 txs=1680295232 mgas=115444148 bps=37.27 tps=6546 mgps=576.6 avgBps=91.70 avgTps=10031 avgMGps=689.2 elapsed=1d22h31m
Jul 27 06:37:48 nimbus-eth1-mainnet-long-benchmark[3573364]: INF 2026-07-27 06:37:48.858+00:00 Imported blocks                            blockNumber=15368193 slot=1 blocks=15368192 txs=1681717735 mgas=115570674 bps=38.21 tps=6634 mgps=590.1 avgBps=91.63 avgTps=10026 avgMGps=689.1 elapsed=1d22h35m
Jul 27 06:41:27 nimbus-eth1-mainnet-long-benchmark[3573364]: INF 2026-07-27 06:41:27.607+00:00 Imported blocks                            blockNumber=15376385 slot=1 blocks=15376384 txs=1683135711 mgas=115697039 bps=37.45 tps=6482 mgps=577.7 avgBps=91.56 avgTps=10022 avgMGps=688.9 elapsed=1d22h39m
Jul 27 06:45:10 nimbus-eth1-mainnet-long-benchmark[3573364]: INF 2026-07-27 06:45:10.103+00:00 Imported blocks                            blockNumber=15384577 slot=1 blocks=15384576 txs=1684560130 mgas=115823696 bps=36.82 tps=6401 mgps=569.2 avgBps=91.48 avgTps=10017 avgMGps=688.7 elapsed=1d22h42m
Jul 27 06:48:43 nimbus-eth1-mainnet-long-benchmark[3573364]: INF 2026-07-27 06:48:43.136+00:00 Imported blocks                            blockNumber=15392769 slot=1 blocks=15392768 txs=1685941602 mgas=115950289 bps=38.45 tps=6484 mgps=594.3 avgBps=91.42 avgTps=10012 avgMGps=688.6 elapsed=1d22h46m
Jul 27 06:52:16 nimbus-eth1-mainnet-long-benchmark[3573364]: INF 2026-07-27 06:52:16.528+00:00 Imported blocks                            blockNumber=15400961 slot=1 blocks=15400960 txs=1687308456 mgas=116076849 bps=38.39 tps=6405 mgps=593.1 avgBps=91.35 avgTps=10008 avgMGps=688.5 elapsed=1d22h49m
Jul 27 06:55:55 nimbus-eth1-mainnet-long-benchmark[3573364]: INF 2026-07-27 06:55:55.493+00:00 Imported blocks                            blockNumber=15409153 slot=1 blocks=15409152 txs=1688699955 mgas=116203546 bps=37.41 tps=6354 mgps=578.6 avgBps=91.28 avgTps=10003 avgMGps=688.4 elapsed=1d22h53m
Jul 27 06:59:27 nimbus-eth1-mainnet-long-benchmark[3573364]: INF 2026-07-27 06:59:27.193+00:00 Imported blocks                            blockNumber=15417345 slot=1 blocks=15417344 txs=1690108287 mgas=116330141 bps=38.70 tps=6652 mgps=598.0 avgBps=91.21 avgTps=9999 avgMGps=688.3 elapsed=1d22h57m
Jul 27 07:03:03 nimbus-eth1-mainnet-long-benchmark[3573364]: INF 2026-07-27 07:03:03.614+00:00 Imported blocks                            blockNumber=15425537 slot=1 blocks=15425536 txs=1691490985 mgas=116456633 bps=37.85 tps=6388 mgps=584.5 avgBps=91.15 avgTps=9994 avgMGps=688.1 elapsed=1d23h38s
Jul 27 07:06:35 nimbus-eth1-mainnet-long-benchmark[3573364]: INF 2026-07-27 07:06:35.427+00:00 Imported blocks                            blockNumber=15433729 slot=1 blocks=15433728 txs=1692852033 mgas=116583287 bps=38.68 tps=6425 mgps=598.0 avgBps=91.08 avgTps=9990 avgMGps=688.0 elapsed=1d23h4m
Jul 27 07:10:05 nimbus-eth1-mainnet-long-benchmark[3573364]: INF 2026-07-27 07:10:05.987+00:00 Imported blocks                            blockNumber=15441921 slot=1 blocks=15441920 txs=1694244263 mgas=116709795 bps=38.90 tps=6611 mgps=600.8 avgBps=91.02 avgTps=9986 avgMGps=687.9 elapsed=1d23h7m
Jul 27 07:13:31 nimbus-eth1-mainnet-long-benchmark[3573364]: INF 2026-07-27 07:13:31.332+00:00 Imported blocks                            blockNumber=15450113 slot=1 blocks=15450112 txs=1695594729 mgas=116836189 bps=39.89 tps=6576 mgps=615.5 avgBps=90.95 avgTps=9981 avgMGps=687.8 elapsed=1d23h11m
Jul 27 07:17:01 nimbus-eth1-mainnet-long-benchmark[3573364]: INF 2026-07-27 07:17:01.757+00:00 Imported blocks                            blockNumber=15458305 slot=1 blocks=15458304 txs=1697020595 mgas=116962689 bps=38.93 tps=6776 mgps=601.2 avgBps=90.89 avgTps=9977 avgMGps=687.7 elapsed=1d23h14m
Jul 27 07:20:32 nimbus-eth1-mainnet-long-benchmark[3573364]: INF 2026-07-27 07:20:32.065+00:00 Imported blocks                            blockNumber=15466497 slot=1 blocks=15466496 txs=1698409469 mgas=117089370 bps=38.95 tps=6604 mgps=602.4 avgBps=90.83 avgTps=9973 avgMGps=687.6 elapsed=1d23h18m
Jul 27 07:24:08 nimbus-eth1-mainnet-long-benchmark[3573364]: INF 2026-07-27 07:24:08.486+00:00 Imported blocks                            blockNumber=15474689 slot=1 blocks=15474688 txs=1699841823 mgas=117216133 bps=37.85 tps=6618 mgps=585.7 avgBps=90.76 avgTps=9969 avgMGps=687.5 elapsed=1d23h21m
Jul 27 07:27:42 nimbus-eth1-mainnet-long-benchmark[3573364]: INF 2026-07-27 07:27:42.546+00:00 Imported blocks                            blockNumber=15482881 slot=1 blocks=15482880 txs=1701281265 mgas=117342759 bps=38.27 tps=6724 mgps=591.5 avgBps=90.69 avgTps=9965 avgMGps=687.4 elapsed=1d23h25m
Jul 27 07:31:20 nimbus-eth1-mainnet-long-benchmark[3573364]: INF 2026-07-27 07:31:20.815+00:00 Imported blocks                            blockNumber=15491073 slot=1 blocks=15491072 txs=1702699840 mgas=117469274 bps=37.53 tps=6499 mgps=579.6 avgBps=90.63 avgTps=9961 avgMGps=687.2 elapsed=1d23h28m
Jul 27 07:34:47 nimbus-eth1-mainnet-long-benchmark[3573364]: INF 2026-07-27 07:34:47.036+00:00 Imported blocks                            blockNumber=15499265 slot=1 blocks=15499264 txs=1704099286 mgas=117595865 bps=39.72 tps=6786 mgps=613.9 avgBps=90.56 avgTps=9957 avgMGps=687.1 elapsed=1d23h32m
Jul 27 07:38:22 nimbus-eth1-mainnet-long-benchmark[3573364]: INF 2026-07-27 07:38:22.944+00:00 Imported blocks                            blockNumber=15507457 slot=1 blocks=15507456 txs=1705521146 mgas=117722232 bps=37.94 tps=6585 mgps=585.3 avgBps=90.50 avgTps=9952 avgMGps=687.0 elapsed=1d23h35m
Jul 27 07:42:04 nimbus-eth1-mainnet-long-benchmark[3573364]: INF 2026-07-27 07:42:04.445+00:00 Imported blocks                            blockNumber=15515649 slot=1 blocks=15515648 txs=1706907865 mgas=117848944 bps=36.98 tps=6260 mgps=572.1 avgBps=90.43 avgTps=9948 avgMGps=686.8 elapsed=1d23h39m
Jul 27 07:45:38 nimbus-eth1-mainnet-long-benchmark[3573364]: INF 2026-07-27 07:45:38.109+00:00 Imported blocks                            blockNumber=15523841 slot=1 blocks=15523840 txs=1708342500 mgas=117975417 bps=38.34 tps=6714 mgps=591.9 avgBps=90.36 avgTps=9944 avgMGps=686.7 elapsed=1d23h43m
Jul 27 07:49:16 nimbus-eth1-mainnet-long-benchmark[3573364]: INF 2026-07-27 07:49:16.386+00:00 Imported blocks                            blockNumber=15532033 slot=1 blocks=15532032 txs=1709822558 mgas=118101833 bps=37.53 tps=6780 mgps=579.2 avgBps=90.30 avgTps=9940 avgMGps=686.6 elapsed=1d23h46m
Jul 27 07:51:31 nimbus-eth1-mainnet-long-benchmark[3573364]: NTC 2026-07-27 07:51:31.772+00:00 Importing era archive                      blockNumber=15537394 dataDir=/data/status-im/nimbus-eth1/data/shared_mainnet_0 eraDir=/data/era
Jul 27 07:52:53 nimbus-eth1-mainnet-long-benchmark[3573364]: INF 2026-07-27 07:52:53.150+00:00 Imported blocks                            blockNumber=15540225 slot=4702882 blocks=15540224 txs=1711361875 mgas=118228056 bps=37.79 tps=7101 mgps=582.3 avgBps=90.23 avgTps=9936 avgMGps=686.5 elapsed=1d23h50m
Jul 27 07:56:31 nimbus-eth1-mainnet-long-benchmark[3573364]: INF 2026-07-27 07:56:31.643+00:00 Imported blocks                            blockNumber=15548417 slot=4711204 blocks=15548416 txs=1712911308 mgas=118353323 bps=37.49 tps=7091 mgps=573.3 avgBps=90.16 avgTps=9932 avgMGps=686.3 elapsed=1d23h54m
Jul 27 08:00:15 nimbus-eth1-mainnet-long-benchmark[3573364]: INF 2026-07-27 08:00:15.735+00:00 Imported blocks                            blockNumber=15556609 slot=4719481 blocks=15556608 txs=1714418307 mgas=118478638 bps=36.56 tps=6724 mgps=559.2 avgBps=90.09 avgTps=9928 avgMGps=686.2 elapsed=1d23h57m
Jul 27 08:03:55 nimbus-eth1-mainnet-long-benchmark[3573364]: INF 2026-07-27 08:03:55.108+00:00 Imported blocks                            blockNumber=15564801 slot=4727753 blocks=15564800 txs=1715744818 mgas=118604023 bps=37.34 tps=6046 mgps=571.6 avgBps=90.03 avgTps=9923 avgMGps=686.0 elapsed=2d1m30s
Jul 27 08:07:30 nimbus-eth1-mainnet-long-benchmark[3573364]: INF 2026-07-27 08:07:30.769+00:00 Imported blocks                            blockNumber=15572993 slot=4736026 blocks=15572992 txs=1717046043 mgas=118729383 bps=37.99 tps=6033 mgps=581.3 avgBps=89.96 avgTps=9919 avgMGps=685.9 elapsed=2d5m5s
Jul 27 08:11:03 nimbus-eth1-mainnet-long-benchmark[3573364]: INF 2026-07-27 08:11:03.641+00:00 Imported blocks                            blockNumber=15581185 slot=4744366 blocks=15581184 txs=1718344065 mgas=118854674 bps=38.48 tps=6097 mgps=588.6 avgBps=89.90 avgTps=9914 avgMGps=685.8 elapsed=2d8m38s
Jul 27 08:14:42 nimbus-eth1-mainnet-long-benchmark[3573364]: INF 2026-07-27 08:14:42.954+00:00 Imported blocks                            blockNumber=15589377 slot=4752640 blocks=15589376 txs=1719636168 mgas=118980168 bps=37.35 tps=5891 mgps=572.2 avgBps=89.83 avgTps=9909 avgMGps=685.6 elapsed=2d12m17s
Jul 27 08:18:16 nimbus-eth1-mainnet-long-benchmark[3573364]: INF 2026-07-27 08:18:16.958+00:00 Imported blocks                            blockNumber=15597569 slot=4760873 blocks=15597568 txs=1720905744 mgas=119105339 bps=38.28 tps=5932 mgps=584.9 avgBps=89.77 avgTps=9904 avgMGps=685.5 elapsed=2d15m51s
Jul 27 08:21:56 nimbus-eth1-mainnet-long-benchmark[3573364]: INF 2026-07-27 08:21:56.503+00:00 Imported blocks                            blockNumber=15605761 slot=4769097 blocks=15605760 txs=1722187678 mgas=119230498 bps=37.31 tps=5838 mgps=570.1 avgBps=89.70 avgTps=9899 avgMGps=685.3 elapsed=2d19m31s
Jul 27 08:25:26 nimbus-eth1-mainnet-long-benchmark[3573364]: INF 2026-07-27 08:25:26.643+00:00 Imported blocks                            blockNumber=15613953 slot=4777324 blocks=15613952 txs=1723454161 mgas=119355682 bps=38.98 tps=6026 mgps=595.7 avgBps=89.64 avgTps=9894 avgMGps=685.2 elapsed=2d23m1s
Jul 27 08:29:02 nimbus-eth1-mainnet-long-benchmark[3573364]: INF 2026-07-27 08:29:02.608+00:00 Imported blocks                            blockNumber=15622145 slot=4785575 blocks=15622144 txs=1724765004 mgas=119481034 bps=37.93 tps=6069 mgps=580.4 avgBps=89.58 avgTps=9889 avgMGps=685.1 elapsed=2d26m37s
Jul 27 08:32:35 nimbus-eth1-mainnet-long-benchmark[3573364]: INF 2026-07-27 08:32:35.813+00:00 Imported blocks                            blockNumber=15630337 slot=4793834 blocks=15630336 txs=1726115428 mgas=119606437 bps=38.42 tps=6333 mgps=588.2 avgBps=89.52 avgTps=9885 avgMGps=685.0 elapsed=2d30m10s
Jul 27 08:36:05 nimbus-eth1-mainnet-long-benchmark[3573364]: INF 2026-07-27 08:36:05.857+00:00 Imported blocks                            blockNumber=15638529 slot=4802063 blocks=15638528 txs=1727387344 mgas=119731727 bps=39.00 tps=6055 mgps=596.5 avgBps=89.45 avgTps=9880 avgMGps=684.9 elapsed=2d33m40s
Jul 27 08:39:31 nimbus-eth1-mainnet-long-benchmark[3573364]: INF 2026-07-27 08:39:31.066+00:00 Imported blocks                            blockNumber=15646721 slot=4810311 blocks=15646720 txs=1728769573 mgas=119857145 bps=39.92 tps=6735 mgps=611.2 avgBps=89.40 avgTps=9877 avgMGps=684.8 elapsed=2d37m6s
Jul 27 08:43:02 nimbus-eth1-mainnet-long-benchmark[3573364]: INF 2026-07-27 08:43:02.847+00:00 Imported blocks                            blockNumber=15654913 slot=4818560 blocks=15654912 txs=1730111417 mgas=119982386 bps=38.68 tps=6335 mgps=591.4 avgBps=89.34 avgTps=9872 avgMGps=684.7 elapsed=2d40m37s
Jul 27 08:46:42 nimbus-eth1-mainnet-long-benchmark[3573364]: INF 2026-07-27 08:46:42.463+00:00 Imported blocks                            blockNumber=15663105 slot=4826793 blocks=15663104 txs=1731450288 mgas=120107622 bps=37.30 tps=6096 mgps=570.2 avgBps=89.27 avgTps=9868 avgMGps=684.5 elapsed=2d44m17s
Jul 27 08:49:59 nimbus-eth1-mainnet-long-benchmark[3573364]: INF 2026-07-27 08:49:59.580+00:00 Imported blocks                            blockNumber=15671297 slot=4835033 blocks=15671296 txs=1732923786 mgas=120232889 bps=41.56 tps=7475 mgps=635.5 avgBps=89.22 avgTps=9865 avgMGps=684.5 elapsed=2d47m34s
Jul 27 08:53:30 nimbus-eth1-mainnet-long-benchmark[3573364]: INF 2026-07-27 08:53:30.641+00:00 Imported blocks                            blockNumber=15679489 slot=4843307 blocks=15679488 txs=1734265729 mgas=120358128 bps=38.81 tps=6358 mgps=593.4 avgBps=89.16 avgTps=9861 avgMGps=684.4 elapsed=2d51m5s
Jul 27 08:57:08 nimbus-eth1-mainnet-long-benchmark[3573364]: INF 2026-07-27 08:57:08.293+00:00 Imported blocks                            blockNumber=15687681 slot=4851548 blocks=15687680 txs=1735624674 mgas=120483467 bps=37.64 tps=6243 mgps=575.9 avgBps=89.09 avgTps=9856 avgMGps=684.2 elapsed=2d54m43s
Jul 27 09:00:36 nimbus-eth1-mainnet-long-benchmark[3573364]: INF 2026-07-27 09:00:36.062+00:00 Imported blocks                            blockNumber=15695873 slot=4859783 blocks=15695872 txs=1736990907 mgas=120608800 bps=39.43 tps=6575 mgps=603.2 avgBps=89.03 avgTps=9852 avgMGps=684.1 elapsed=2d58m11s
Jul 27 09:04:06 nimbus-eth1-mainnet-long-benchmark[3573364]: INF 2026-07-27 09:04:06.287+00:00 Imported blocks                            blockNumber=15704065 slot=4868035 blocks=15704064 txs=1738357846 mgas=120734109 bps=38.97 tps=6502 mgps=596.1 avgBps=88.97 avgTps=9848 avgMGps=684.0 elapsed=2d1h1m
Jul 27 09:06:57 nimbus-eth1-mainnet-long-benchmark[3573364]: INF 2026-07-27 09:06:57.024+00:00 Imported blocks                            blockNumber=15712257 slot=4876269 blocks=15712256 txs=1739616514 mgas=120859690 bps=47.98 tps=7371 mgps=735.5 avgBps=88.93 avgTps=9846 avgMGps=684.1 elapsed=2d1h4m
Jul 27 09:10:01 nimbus-eth1-mainnet-long-benchmark[3573364]: INF 2026-07-27 09:10:01.309+00:00 Imported blocks                            blockNumber=15720449 slot=4884504 blocks=15720448 txs=1740885525 mgas=120985277 bps=44.45 tps=6886 mgps=681.5 avgBps=88.89 avgTps=9843 avgMGps=684.1 elapsed=2d1h7m
Jul 27 09:13:25 nimbus-eth1-mainnet-long-benchmark[3573364]: INF 2026-07-27 09:13:25.610+00:00 Imported blocks                            blockNumber=15728641 slot=4892734 blocks=15728640 txs=1742176093 mgas=121110614 bps=40.10 tps=6317 mgps=613.5 avgBps=88.83 avgTps=9839 avgMGps=684.0 elapsed=2d1h11m
Jul 27 09:16:46 nimbus-eth1-mainnet-long-benchmark[3573364]: INF 2026-07-27 09:16:46.963+00:00 Imported blocks                            blockNumber=15736833 slot=4900965 blocks=15736832 txs=1743394598 mgas=121236285 bps=40.68 tps=6051 mgps=624.1 avgBps=88.78 avgTps=9835 avgMGps=683.9 elapsed=2d1h14m
Jul 27 09:20:19 nimbus-eth1-mainnet-long-benchmark[3573364]: INF 2026-07-27 09:20:19.783+00:00 Imported blocks                            blockNumber=15745025 slot=4909209 blocks=15745024 txs=1744665239 mgas=121361472 bps=38.49 tps=5970 mgps=588.2 avgBps=88.72 avgTps=9830 avgMGps=683.8 elapsed=2d1h17m
Jul 27 09:23:44 nimbus-eth1-mainnet-long-benchmark[3573364]: INF 2026-07-27 09:23:44.508+00:00 Imported blocks                            blockNumber=15753217 slot=4917440 blocks=15753216 txs=1745887830 mgas=121487093 bps=40.02 tps=5971 mgps=613.6 avgBps=88.66 avgTps=9826 avgMGps=683.7 elapsed=2d1h21m
Jul 27 09:27:08 nimbus-eth1-mainnet-long-benchmark[3573364]: INF 2026-07-27 09:27:08.141+00:00 Imported blocks                            blockNumber=15761409 slot=4925676 blocks=15761408 txs=1747023901 mgas=121612736 bps=40.23 tps=5578 mgps=617.0 avgBps=88.61 avgTps=9821 avgMGps=683.7 elapsed=2d1h24m
Jul 27 09:30:40 nimbus-eth1-mainnet-long-benchmark[3573364]: INF 2026-07-27 09:30:40.001+00:00 Imported blocks                            blockNumber=15769601 slot=4933927 blocks=15769600 txs=1748230935 mgas=121738183 bps=38.67 tps=5697 mgps=592.1 avgBps=88.55 avgTps=9816 avgMGps=683.6 elapsed=2d1h28m
Jul 27 09:34:00 nimbus-eth1-mainnet-long-benchmark[3573364]: INF 2026-07-27 09:34:00.670+00:00 Imported blocks                            blockNumber=15777793 slot=4942152 blocks=15777792 txs=1749460992 mgas=121863350 bps=40.82 tps=6129 mgps=623.8 avgBps=88.49 avgTps=9812 avgMGps=683.5 elapsed=2d1h31m
Jul 27 09:37:25 nimbus-eth1-mainnet-long-benchmark[3573364]: INF 2026-07-27 09:37:25.799+00:00 Imported blocks                            blockNumber=15785985 slot=4950396 blocks=15785984 txs=1750697379 mgas=121988448 bps=39.94 tps=6027 mgps=609.8 avgBps=88.44 avgTps=9807 avgMGps=683.4 elapsed=2d1h35m
Jul 27 09:40:56 nimbus-eth1-mainnet-long-benchmark[3573364]: INF 2026-07-27 09:40:56.040+00:00 Imported blocks                            blockNumber=15794177 slot=4958625 blocks=15794176 txs=1752001867 mgas=122113619 bps=38.97 tps=6204 mgps=595.4 avgBps=88.38 avgTps=9803 avgMGps=683.3 elapsed=2d1h38m
Jul 27 09:44:25 nimbus-eth1-mainnet-long-benchmark[3573364]: INF 2026-07-27 09:44:25.304+00:00 Imported blocks                            blockNumber=15802369 slot=4966858 blocks=15802368 txs=1753226702 mgas=122238808 bps=39.15 tps=5852 mgps=598.2 avgBps=88.32 avgTps=9798 avgMGps=683.2 elapsed=2d1h42m
Jul 27 09:47:55 nimbus-eth1-mainnet-long-benchmark[3573364]: INF 2026-07-27 09:47:55.669+00:00 Imported blocks                            blockNumber=15810561 slot=4975086 blocks=15810560 txs=1754330973 mgas=122363984 bps=38.94 tps=5249 mgps=595.0 avgBps=88.26 avgTps=9793 avgMGps=683.1 elapsed=2d1h45m
Jul 27 09:51:29 nimbus-eth1-mainnet-long-benchmark[3573364]: INF 2026-07-27 09:51:29.638+00:00 Imported blocks                            blockNumber=15818753 slot=4983340 blocks=15818752 txs=1755522956 mgas=122489447 bps=38.29 tps=5570 mgps=586.4 avgBps=88.20 avgTps=9788 avgMGps=683.0 elapsed=2d1h49m
Jul 27 09:55:02 nimbus-eth1-mainnet-long-benchmark[3573364]: INF 2026-07-27 09:55:02.434+00:00 Imported blocks                            blockNumber=15826945 slot=4991606 blocks=15826944 txs=1756731408 mgas=122614342 bps=38.50 tps=5679 mgps=586.9 avgBps=88.14 avgTps=9783 avgMGps=682.9 elapsed=2d1h52m
Jul 27 09:58:37 nimbus-eth1-mainnet-long-benchmark[3573364]: INF 2026-07-27 09:58:37.751+00:00 Imported blocks                            blockNumber=15835137 slot=4999843 blocks=15835136 txs=1757990333 mgas=122739038 bps=38.05 tps=5846 mgps=579.1 avgBps=88.08 avgTps=9778 avgMGps=682.7 elapsed=2d1h56m
Jul 27 10:02:14 nimbus-eth1-mainnet-long-benchmark[3573364]: INF 2026-07-27 10:02:14.399+00:00 Imported blocks                            blockNumber=15843329 slot=5008082 blocks=15843328 txs=1759257070 mgas=122863943 bps=37.81 tps=5846 mgps=576.5 avgBps=88.02 avgTps=9774 avgMGps=682.6 elapsed=2d1h59m
Jul 27 10:05:44 nimbus-eth1-mainnet-long-benchmark[3573364]: INF 2026-07-27 10:05:44.520+00:00 Imported blocks                            blockNumber=15851521 slot=5016328 blocks=15851520 txs=1760438450 mgas=122988751 bps=38.99 tps=5622 mgps=594.0 avgBps=87.97 avgTps=9769 avgMGps=682.5 elapsed=2d2h3m
Jul 27 10:09:18 nimbus-eth1-mainnet-long-benchmark[3573364]: INF 2026-07-27 10:09:18.881+00:00 Imported blocks                            blockNumber=15859713 slot=5024572 blocks=15859712 txs=1761619525 mgas=123113665 bps=38.22 tps=5509 mgps=582.7 avgBps=87.91 avgTps=9764 avgMGps=682.4 elapsed=2d2h6m
Jul 27 10:12:52 nimbus-eth1-mainnet-long-benchmark[3573364]: INF 2026-07-27 10:12:52.281+00:00 Imported blocks                            blockNumber=15867905 slot=5032801 blocks=15867904 txs=1762818167 mgas=123238519 bps=38.39 tps=5616 mgps=585.1 avgBps=87.85 avgTps=9759 avgMGps=682.3 elapsed=2d2h10m
Jul 27 10:16:21 nimbus-eth1-mainnet-long-benchmark[3573364]: INF 2026-07-27 10:16:21.326+00:00 Imported blocks                            blockNumber=15876097 slot=5041067 blocks=15876096 txs=1764075113 mgas=123363005 bps=39.19 tps=6012 mgps=595.5 avgBps=87.79 avgTps=9755 avgMGps=682.2 elapsed=2d2h13m
Jul 27 10:19:56 nimbus-eth1-mainnet-long-benchmark[3573364]: INF 2026-07-27 10:19:56.327+00:00 Imported blocks                            blockNumber=15884289 slot=5049305 blocks=15884288 txs=1765260808 mgas=123487425 bps=38.10 tps=5514 mgps=578.7 avgBps=87.73 avgTps=9750 avgMGps=682.1 elapsed=2d2h17m
Jul 27 10:23:23 nimbus-eth1-mainnet-long-benchmark[3573364]: INF 2026-07-27 10:23:23.747+00:00 Imported blocks                            blockNumber=15892481 slot=5057550 blocks=15892480 txs=1766498276 mgas=123611746 bps=39.49 tps=5965 mgps=599.3 avgBps=87.68 avgTps=9745 avgMGps=682.0 elapsed=2d2h20m
Jul 27 10:27:00 nimbus-eth1-mainnet-long-benchmark[3573364]: INF 2026-07-27 10:27:00.488+00:00 Imported blocks                            blockNumber=15900673 slot=5065779 blocks=15900672 txs=1767658541 mgas=123735958 bps=37.80 tps=5353 mgps=573.1 avgBps=87.62 avgTps=9740 avgMGps=681.8 elapsed=2d2h24m
Jul 27 10:30:34 nimbus-eth1-mainnet-long-benchmark[3573364]: INF 2026-07-27 10:30:34.909+00:00 Imported blocks                            blockNumber=15908865 slot=5074016 blocks=15908864 txs=1768716633 mgas=123860608 bps=38.21 tps=4934 mgps=581.3 avgBps=87.56 avgTps=9734 avgMGps=681.7 elapsed=2d2h28m
Jul 27 10:34:08 nimbus-eth1-mainnet-long-benchmark[3573364]: INF 2026-07-27 10:34:08.277+00:00 Imported blocks                            blockNumber=15917057 slot=5082245 blocks=15917056 txs=1769870907 mgas=123984925 bps=38.39 tps=5409 mgps=582.6 avgBps=87.50 avgTps=9729 avgMGps=681.6 elapsed=2d2h31m
Jul 27 10:37:43 nimbus-eth1-mainnet-long-benchmark[3573364]: INF 2026-07-27 10:37:43.798+00:00 Imported blocks                            blockNumber=15925249 slot=5090476 blocks=15925248 txs=1771138659 mgas=124109139 bps=38.01 tps=5882 mgps=576.3 avgBps=87.44 avgTps=9725 avgMGps=681.5 elapsed=2d2h35m
Jul 27 10:41:32 nimbus-eth1-mainnet-long-benchmark[3573364]: INF 2026-07-27 10:41:32.246+00:00 Imported blocks                            blockNumber=15933441 slot=5098721 blocks=15933440 txs=1772513965 mgas=124233403 bps=35.86 tps=6020 mgps=543.9 avgBps=87.38 avgTps=9720 avgMGps=681.3 elapsed=2d2h39m
Jul 27 10:45:21 nimbus-eth1-mainnet-long-benchmark[3573364]: INF 2026-07-27 10:45:21.823+00:00 Imported blocks                            blockNumber=15941633 slot=5106967 blocks=15941632 txs=1773903667 mgas=124357344 bps=35.68 tps=6053 mgps=539.9 avgBps=87.31 avgTps=9715 avgMGps=681.1 elapsed=2d2h42m
Jul 27 10:49:06 nimbus-eth1-mainnet-long-benchmark[3573364]: INF 2026-07-27 10:49:06.047+00:00 Imported blocks                            blockNumber=15949825 slot=5115210 blocks=15949824 txs=1775194033 mgas=124481379 bps=36.53 tps=5754 mgps=553.2 avgBps=87.25 avgTps=9711 avgMGps=681.0 elapsed=2d2h46m
Jul 27 10:52:54 nimbus-eth1-mainnet-long-benchmark[3573364]: INF 2026-07-27 10:52:54.695+00:00 Imported blocks                            blockNumber=15958017 slot=5123438 blocks=15958016 txs=1776367676 mgas=124605738 bps=35.83 tps=5133 mgps=543.9 avgBps=87.19 avgTps=9705 avgMGps=680.8 elapsed=2d2h50m
Jul 27 10:56:51 nimbus-eth1-mainnet-long-benchmark[3573364]: INF 2026-07-27 10:56:51.096+00:00 Imported blocks                            blockNumber=15966209 slot=5131663 blocks=15966208 txs=1777677925 mgas=124729963 bps=34.65 tps=5542 mgps=525.5 avgBps=87.12 avgTps=9699 avgMGps=680.6 elapsed=2d2h54m
Jul 27 11:00:48 nimbus-eth1-mainnet-long-benchmark[3573364]: INF 2026-07-27 11:00:48.708+00:00 Imported blocks                            blockNumber=15974401 slot=5139899 blocks=15974400 txs=1779018447 mgas=124854062 bps=34.48 tps=5641 mgps=522.3 avgBps=87.05 avgTps=9694 avgMGps=680.4 elapsed=2d2h58m
Jul 27 11:04:35 nimbus-eth1-mainnet-long-benchmark[3573364]: INF 2026-07-27 11:04:35.876+00:00 Imported blocks                            blockNumber=15982593 slot=5148147 blocks=15982592 txs=1780254417 mgas=124978385 bps=36.06 tps=5440 mgps=547.3 avgBps=86.99 avgTps=9689 avgMGps=680.2 elapsed=2d3h2m
Jul 27 11:08:19 nimbus-eth1-mainnet-long-benchmark[3573364]: INF 2026-07-27 11:08:19.113+00:00 Imported blocks                            blockNumber=15990785 slot=5156389 blocks=15990784 txs=1781537788 mgas=125102584 bps=36.70 tps=5748 mgps=556.4 avgBps=86.93 avgTps=9684 avgMGps=680.1 elapsed=2d3h5m
Jul 27 11:12:00 nimbus-eth1-mainnet-long-benchmark[3573364]: INF 2026-07-27 11:12:00.837+00:00 Imported blocks                            blockNumber=15998977 slot=5164630 blocks=15998976 txs=1782763601 mgas=125226771 bps=36.95 tps=5528 mgps=560.1 avgBps=86.87 avgTps=9679 avgMGps=679.9 elapsed=2d3h9m
Jul 27 11:15:35 nimbus-eth1-mainnet-long-benchmark[3573364]: INF 2026-07-27 11:15:35.882+00:00 Imported blocks                            blockNumber=16007169 slot=5172864 blocks=16007168 txs=1783816448 mgas=125351394 bps=38.09 tps=4895 mgps=579.5 avgBps=86.81 avgTps=9674 avgMGps=679.8 elapsed=2d3h13m
Jul 27 11:19:24 nimbus-eth1-mainnet-long-benchmark[3573364]: INF 2026-07-27 11:19:24.002+00:00 Imported blocks                            blockNumber=16015361 slot=5181097 blocks=16015360 txs=1784869407 mgas=125475887 bps=35.91 tps=4615 mgps=545.7 avgBps=86.75 avgTps=9667 avgMGps=679.6 elapsed=2d3h16m
Jul 27 11:23:11 nimbus-eth1-mainnet-long-benchmark[3573364]: INF 2026-07-27 11:23:11.723+00:00 Imported blocks                            blockNumber=16023553 slot=5189331 blocks=16023552 txs=1785960095 mgas=125600130 bps=35.97 tps=4789 mgps=545.6 avgBps=86.69 avgTps=9661 avgMGps=679.5 elapsed=2d3h20m
Jul 27 11:26:54 nimbus-eth1-mainnet-long-benchmark[3573364]: INF 2026-07-27 11:26:54.747+00:00 Imported blocks                            blockNumber=16031745 slot=5197584 blocks=16031744 txs=1787064121 mgas=125724512 bps=36.73 tps=4950 mgps=557.7 avgBps=86.63 avgTps=9656 avgMGps=679.3 elapsed=2d3h24m
Jul 27 11:30:35 nimbus-eth1-mainnet-long-benchmark[3573364]: INF 2026-07-27 11:30:35.308+00:00 Imported blocks                            blockNumber=16039937 slot=5205840 blocks=16039936 txs=1788187162 mgas=125848907 bps=37.14 tps=5091 mgps=564.0 avgBps=86.57 avgTps=9650 avgMGps=679.2 elapsed=2d3h28m
Jul 27 11:34:19 nimbus-eth1-mainnet-long-benchmark[3573364]: INF 2026-07-27 11:34:19.248+00:00 Imported blocks                            blockNumber=16048129 slot=5214078 blocks=16048128 txs=1789321785 mgas=125973738 bps=36.58 tps=5066 mgps=557.4 avgBps=86.51 avgTps=9645 avgMGps=679.1 elapsed=2d3h31m
Jul 27 11:38:07 nimbus-eth1-mainnet-long-benchmark[3573364]: INF 2026-07-27 11:38:07.169+00:00 Imported blocks                            blockNumber=16056321 slot=5222314 blocks=16056320 txs=1790447287 mgas=126098355 bps=35.94 tps=4938 mgps=546.8 avgBps=86.44 avgTps=9639 avgMGps=678.9 elapsed=2d3h35m
Jul 27 11:42:01 nimbus-eth1-mainnet-long-benchmark[3573364]: INF 2026-07-27 11:42:01.381+00:00 Imported blocks                            blockNumber=16064513 slot=5230552 blocks=16064512 txs=1791458049 mgas=126223039 bps=34.98 tps=4315 mgps=532.4 avgBps=86.38 avgTps=9632 avgMGps=678.7 elapsed=2d3h39m
Jul 27 11:45:50 nimbus-eth1-mainnet-long-benchmark[3573364]: INF 2026-07-27 11:45:50.777+00:00 Imported blocks                            blockNumber=16072705 slot=5238780 blocks=16072704 txs=1792704083 mgas=126347373 bps=35.71 tps=5431 mgps=542.0 avgBps=86.32 avgTps=9627 avgMGps=678.5 elapsed=2d3h43m
Jul 27 11:49:43 nimbus-eth1-mainnet-long-benchmark[3573364]: INF 2026-07-27 11:49:43.138+00:00 Imported blocks                            blockNumber=16080897 slot=5247021 blocks=16080896 txs=1793882658 mgas=126471633 bps=35.26 tps=5072 mgps=534.8 avgBps=86.25 avgTps=9621 avgMGps=678.4 elapsed=2d3h47m
Jul 27 11:53:33 nimbus-eth1-mainnet-long-benchmark[3573364]: INF 2026-07-27 11:53:33.222+00:00 Imported blocks                            blockNumber=16089089 slot=5255267 blocks=16089088 txs=1795006238 mgas=126595940 bps=35.60 tps=4883 mgps=540.3 avgBps=86.19 avgTps=9616 avgMGps=678.2 elapsed=2d3h51m
Jul 27 11:57:21 nimbus-eth1-mainnet-long-benchmark[3573364]: INF 2026-07-27 11:57:21.622+00:00 Imported blocks                            blockNumber=16097281 slot=5263499 blocks=16097280 txs=1796147089 mgas=126720380 bps=35.87 tps=4995 mgps=544.8 avgBps=86.13 avgTps=9610 avgMGps=678.0 elapsed=2d3h54m
Jul 27 12:01:08 nimbus-eth1-mainnet-long-benchmark[3573364]: INF 2026-07-27 12:01:08.307+00:00 Imported blocks                            blockNumber=16105473 slot=5271733 blocks=16105472 txs=1797308946 mgas=126844741 bps=36.14 tps=5125 mgps=548.6 avgBps=86.07 avgTps=9604 avgMGps=677.9 elapsed=2d3h58m
Jul 27 12:04:59 nimbus-eth1-mainnet-long-benchmark[3573364]: INF 2026-07-27 12:04:59.675+00:00 Imported blocks                            blockNumber=16113665 slot=5279979 blocks=16113664 txs=1798418124 mgas=126969410 bps=35.41 tps=4793 mgps=538.8 avgBps=86.01 avgTps=9599 avgMGps=677.7 elapsed=2d4h2m
Jul 27 12:08:45 nimbus-eth1-mainnet-long-benchmark[3573364]: INF 2026-07-27 12:08:45.236+00:00 Imported blocks                            blockNumber=16121857 slot=5288231 blocks=16121856 txs=1799580752 mgas=127093802 bps=36.32 tps=5154 mgps=551.5 avgBps=85.95 avgTps=9593 avgMGps=677.5 elapsed=2d4h6m
Jul 27 12:12:27 nimbus-eth1-mainnet-long-benchmark[3573364]: INF 2026-07-27 12:12:27.792+00:00 Imported blocks                            blockNumber=16130049 slot=5296473 blocks=16130048 txs=1800761210 mgas=127218202 bps=36.81 tps=5304 mgps=559.0 avgBps=85.89 avgTps=9588 avgMGps=677.4 elapsed=2d4h10m
Jul 27 12:16:06 nimbus-eth1-mainnet-long-benchmark[3573364]: INF 2026-07-27 12:16:06.921+00:00 Imported blocks                            blockNumber=16138241 slot=5304780 blocks=16138240 txs=1801840012 mgas=127342862 bps=37.38 tps=4923 mgps=568.9 avgBps=85.83 avgTps=9583 avgMGps=677.3 elapsed=2d4h13m
Jul 27 12:20:03 nimbus-eth1-mainnet-long-benchmark[3573364]: INF 2026-07-27 12:20:03.565+00:00 Imported blocks                            blockNumber=16146433 slot=5313022 blocks=16146432 txs=1803239516 mgas=127467342 bps=34.62 tps=5913 mgps=526.0 avgBps=85.77 avgTps=9578 avgMGps=677.1 elapsed=2d4h17m
Jul 27 12:24:30 nimbus-eth1-mainnet-long-benchmark[3573364]: INF 2026-07-27 12:24:30.721+00:00 Imported blocks                            blockNumber=16154625 slot=5321262 blocks=16154624 txs=1805071002 mgas=127591537 bps=30.66 tps=6855 mgps=464.9 avgBps=85.69 avgTps=9574 avgMGps=676.8 elapsed=2d4h22m
Jul 27 12:28:40 nimbus-eth1-mainnet-long-benchmark[3573364]: INF 2026-07-27 12:28:40.709+00:00 Imported blocks                            blockNumber=16162817 slot=5329495 blocks=16162816 txs=1806360432 mgas=127716150 bps=32.77 tps=5158 mgps=498.5 avgBps=85.62 avgTps=9568 avgMGps=676.5 elapsed=2d4h26m
Jul 27 12:32:34 nimbus-eth1-mainnet-long-benchmark[3573364]: INF 2026-07-27 12:32:34.749+00:00 Imported blocks                            blockNumber=16171009 slot=5337741 blocks=16171008 txs=1807676190 mgas=127840490 bps=35.00 tps=5621 mgps=531.3 avgBps=85.56 avgTps=9563 avgMGps=676.4 elapsed=2d4h30m
Jul 27 12:36:35 nimbus-eth1-mainnet-long-benchmark[3573364]: INF 2026-07-27 12:36:35.181+00:00 Imported blocks                            blockNumber=16179201 slot=5345985 blocks=16179200 txs=1808981729 mgas=127964557 bps=34.07 tps=5429 mgps=516.0 avgBps=85.49 avgTps=9558 avgMGps=676.2 elapsed=2d4h34m
Jul 27 12:40:28 nimbus-eth1-mainnet-long-benchmark[3573364]: INF 2026-07-27 12:40:28.986+00:00 Imported blocks                            blockNumber=16187393 slot=5354220 blocks=16187392 txs=1810218948 mgas=128088794 bps=35.04 tps=5291 mgps=531.4 avgBps=85.43 avgTps=9553 avgMGps=676.0 elapsed=2d4h38m
Jul 27 12:44:18 nimbus-eth1-mainnet-long-benchmark[3573364]: INF 2026-07-27 12:44:18.962+00:00 Imported blocks                            blockNumber=16195585 slot=5362459 blocks=16195584 txs=1811461288 mgas=128212958 bps=35.62 tps=5402 mgps=539.9 avgBps=85.37 avgTps=9548 avgMGps=675.8 elapsed=2d4h41m
Jul 27 12:48:12 nimbus-eth1-mainnet-long-benchmark[3573364]: INF 2026-07-27 12:48:12.622+00:00 Imported blocks                            blockNumber=16203777 slot=5370696 blocks=16203776 txs=1812759801 mgas=128336913 bps=35.06 tps=5557 mgps=530.5 avgBps=85.31 avgTps=9543 avgMGps=675.6 elapsed=2d4h45m
Jul 27 12:52:12 nimbus-eth1-mainnet-long-benchmark[3573364]: INF 2026-07-27 12:52:12.067+00:00 Imported blocks                            blockNumber=16211969 slot=5378936 blocks=16211968 txs=1813869867 mgas=128461357 bps=34.21 tps=4635 mgps=519.7 avgBps=85.24 avgTps=9537 avgMGps=675.4 elapsed=2d4h49m
Jul 27 12:56:00 nimbus-eth1-mainnet-long-benchmark[3573364]: INF 2026-07-27 12:56:00.403+00:00 Imported blocks                            blockNumber=16220161 slot=5387165 blocks=16220160 txs=1814959279 mgas=128585743 bps=35.88 tps=4771 mgps=544.7 avgBps=85.18 avgTps=9531 avgMGps=675.3 elapsed=2d4h53m
Jul 27 12:59:47 nimbus-eth1-mainnet-long-benchmark[3573364]: INF 2026-07-27 12:59:47.584+00:00 Imported blocks                            blockNumber=16228353 slot=5395399 blocks=16228352 txs=1816121230 mgas=128709720 bps=36.06 tps=5114 mgps=545.7 avgBps=85.12 avgTps=9526 avgMGps=675.1 elapsed=2d4h57m
Jul 27 13:03:38 nimbus-eth1-mainnet-long-benchmark[3573364]: INF 2026-07-27 13:03:38.832+00:00 Imported blocks                            blockNumber=16236545 slot=5403630 blocks=16236544 txs=1817290037 mgas=128833846 bps=35.42 tps=5054 mgps=536.8 avgBps=85.06 avgTps=9520 avgMGps=675.0 elapsed=2d5h1m
Jul 27 13:07:30 nimbus-eth1-mainnet-long-benchmark[3573364]: INF 2026-07-27 13:07:30.656+00:00 Imported blocks                            blockNumber=16244737 slot=5411850 blocks=16244736 txs=1818421939 mgas=128958134 bps=35.34 tps=4882 mgps=536.1 avgBps=85.00 avgTps=9515 avgMGps=674.8 elapsed=2d5h5m
Jul 27 13:11:35 nimbus-eth1-mainnet-long-benchmark[3573364]: INF 2026-07-27 13:11:35.581+00:00 Imported blocks                            blockNumber=16252929 slot=5420067 blocks=16252928 txs=1819571657 mgas=129082467 bps=33.45 tps=4694 mgps=507.6 avgBps=84.94 avgTps=9509 avgMGps=674.6 elapsed=2d5h9m
Jul 27 13:15:50 nimbus-eth1-mainnet-long-benchmark[3573364]: INF 2026-07-27 13:15:50.397+00:00 Imported blocks                            blockNumber=16261121 slot=5428297 blocks=16261120 txs=1820578100 mgas=129207392 bps=32.15 tps=3949 mgps=490.3 avgBps=84.87 avgTps=9501 avgMGps=674.3 elapsed=2d5h13m
Jul 27 13:19:45 nimbus-eth1-mainnet-long-benchmark[3573364]: INF 2026-07-27 13:19:45.737+00:00 Imported blocks                            blockNumber=16269313 slot=5436528 blocks=16269312 txs=1821582279 mgas=129332087 bps=34.81 tps=4266 mgps=529.8 avgBps=84.81 avgTps=9495 avgMGps=674.2 elapsed=2d5h17m
Jul 27 13:23:42 nimbus-eth1-mainnet-long-benchmark[3573364]: INF 2026-07-27 13:23:42.985+00:00 Imported blocks                            blockNumber=16277505 slot=5444770 blocks=16277504 txs=1822732101 mgas=129456486 bps=34.53 tps=4846 mgps=524.3 avgBps=84.74 avgTps=9489 avgMGps=674.0 elapsed=2d5h21m
Jul 27 13:27:40 nimbus-eth1-mainnet-long-benchmark[3573364]: INF 2026-07-27 13:27:40.770+00:00 Imported blocks                            blockNumber=16285697 slot=5452994 blocks=16285696 txs=1823865962 mgas=129580764 bps=34.45 tps=4768 mgps=522.7 avgBps=84.68 avgTps=9483 avgMGps=673.8 elapsed=2d5h25m
Jul 27 13:31:39 nimbus-eth1-mainnet-long-benchmark[3573364]: INF 2026-07-27 13:31:39.658+00:00 Imported blocks                            blockNumber=16293889 slot=5461230 blocks=16293888 txs=1824958250 mgas=129705030 bps=34.29 tps=4572 mgps=520.2 avgBps=84.62 avgTps=9477 avgMGps=673.6 elapsed=2d5h29m
Jul 27 13:35:46 nimbus-eth1-mainnet-long-benchmark[3573364]: INF 2026-07-27 13:35:46.086+00:00 Imported blocks                            blockNumber=16302081 slot=5469460 blocks=16302080 txs=1826030759 mgas=129829433 bps=33.24 tps=4352 mgps=504.8 avgBps=84.55 avgTps=9471 avgMGps=673.4 elapsed=2d5h33m
Jul 27 13:40:07 nimbus-eth1-mainnet-long-benchmark[3573364]: INF 2026-07-27 13:40:07.134+00:00 Imported blocks                            blockNumber=16310273 slot=5477688 blocks=16310272 txs=1826972084 mgas=129954165 bps=31.38 tps=3605 mgps=477.8 avgBps=84.48 avgTps=9463 avgMGps=673.1 elapsed=2d5h37m
Jul 27 13:43:56 nimbus-eth1-mainnet-long-benchmark[3573364]: INF 2026-07-27 13:43:56.690+00:00 Imported blocks                            blockNumber=16318465 slot=5485913 blocks=16318464 txs=1827854551 mgas=130078932 bps=35.69 tps=3844 mgps=543.5 avgBps=84.42 avgTps=9456 avgMGps=673.0 elapsed=2d5h41m
Jul 27 13:47:41 nimbus-eth1-mainnet-long-benchmark[3573364]: INF 2026-07-27 13:47:41.531+00:00 Imported blocks                            blockNumber=16326657 slot=5494140 blocks=16326656 txs=1828918916 mgas=130203345 bps=36.43 tps=4733 mgps=553.3 avgBps=84.37 avgTps=9450 avgMGps=672.8 elapsed=2d5h45m
Jul 27 13:51:30 nimbus-eth1-mainnet-long-benchmark[3573364]: INF 2026-07-27 13:51:30.839+00:00 Imported blocks                            blockNumber=16334849 slot=5502372 blocks=16334848 txs=1830122577 mgas=130327572 bps=35.72 tps=5249 mgps=541.7 avgBps=84.31 avgTps=9445 avgMGps=672.7 elapsed=2d5h49m
Jul 27 13:55:29 nimbus-eth1-mainnet-long-benchmark[3573364]: INF 2026-07-27 13:55:29.936+00:00 Imported blocks                            blockNumber=16343041 slot=5510610 blocks=16343040 txs=1831418312 mgas=130451609 bps=34.26 tps=5419 mgps=518.8 avgBps=84.25 avgTps=9441 avgMGps=672.5 elapsed=2d5h53m
Jul 27 13:59:20 nimbus-eth1-mainnet-long-benchmark[3573364]: INF 2026-07-27 13:59:20.612+00:00 Imported blocks                            blockNumber=16351233 slot=5518848 blocks=16351232 txs=1832599973 mgas=130575721 bps=35.51 tps=5122 mgps=538.0 avgBps=84.19 avgTps=9435 avgMGps=672.3 elapsed=2d5h56m
Jul 27 14:03:32 nimbus-eth1-mainnet-long-benchmark[3573364]: INF 2026-07-27 14:03:32.372+00:00 Imported blocks                            blockNumber=16359425 slot=5527079 blocks=16359424 txs=1833679040 mgas=130700254 bps=32.54 tps=4286 mgps=494.6 avgBps=84.12 avgTps=9429 avgMGps=672.1 elapsed=2d6h1m
Jul 27 14:07:47 nimbus-eth1-mainnet-long-benchmark[3573364]: INF 2026-07-27 14:07:47.848+00:00 Imported blocks                            blockNumber=16367617 slot=5535309 blocks=16367616 txs=1835056248 mgas=130824628 bps=32.07 tps=5390 mgps=486.8 avgBps=84.06 avgTps=9423 avgMGps=671.9 elapsed=2d6h5m
Jul 27 14:12:00 nimbus-eth1-mainnet-long-benchmark[3573364]: INF 2026-07-27 14:12:00.672+00:00 Imported blocks                            blockNumber=16375809 slot=5543539 blocks=16375808 txs=1836258513 mgas=130948667 bps=32.40 tps=4755 mgps=490.6 avgBps=83.99 avgTps=9417 avgMGps=671.6 elapsed=2d6h9m
Jul 27 14:15:55 nimbus-eth1-mainnet-long-benchmark[3573364]: INF 2026-07-27 14:15:55.644+00:00 Imported blocks                            blockNumber=16384001 slot=5551774 blocks=16384000 txs=1837499084 mgas=131072768 bps=34.86 tps=5279 mgps=528.2 avgBps=83.93 avgTps=9412 avgMGps=671.4 elapsed=2d6h13m
Jul 27 14:19:54 nimbus-eth1-mainnet-long-benchmark[3573364]: INF 2026-07-27 14:19:54.621+00:00 Imported blocks                            blockNumber=16392193 slot=5560023 blocks=16392192 txs=1838750291 mgas=131196772 bps=34.28 tps=5235 mgps=518.9 avgBps=83.87 avgTps=9407 avgMGps=671.3 elapsed=2d6h17m
Jul 27 14:23:44 nimbus-eth1-mainnet-long-benchmark[3573364]: INF 2026-07-27 14:23:44.897+00:00 Imported blocks                            blockNumber=16400385 slot=5568264 blocks=16400384 txs=1839990141 mgas=131320824 bps=35.57 tps=5384 mgps=538.7 avgBps=83.81 avgTps=9403 avgMGps=671.1 elapsed=2d6h21m
Jul 27 14:27:52 nimbus-eth1-mainnet-long-benchmark[3573364]: INF 2026-07-27 14:27:52.961+00:00 Imported blocks                            blockNumber=16408577 slot=5576488 blocks=16408576 txs=1841255955 mgas=131444692 bps=33.02 tps=5102 mgps=499.3 avgBps=83.75 avgTps=9397 avgMGps=670.9 elapsed=2d6h25m
Jul 27 14:32:00 nimbus-eth1-mainnet-long-benchmark[3573364]: INF 2026-07-27 14:32:00.197+00:00 Imported blocks                            blockNumber=16416769 slot=5584742 blocks=16416768 txs=1842403676 mgas=131568840 bps=33.13 tps=4642 mgps=502.2 avgBps=83.68 avgTps=9391 avgMGps=670.7 elapsed=2d6h29m
Jul 27 14:36:09 nimbus-eth1-mainnet-long-benchmark[3573364]: INF 2026-07-27 14:36:09.213+00:00 Imported blocks                            blockNumber=16424961 slot=5592977 blocks=16424960 txs=1843596368 mgas=131692843 bps=32.90 tps=4789 mgps=498.0 avgBps=83.62 avgTps=9385 avgMGps=670.5 elapsed=2d6h33m
Jul 27 14:40:05 nimbus-eth1-mainnet-long-benchmark[3573364]: INF 2026-07-27 14:40:05.662+00:00 Imported blocks                            blockNumber=16433153 slot=5601200 blocks=16433152 txs=1844784938 mgas=131817010 bps=34.65 tps=5026 mgps=525.1 avgBps=83.56 avgTps=9380 avgMGps=670.3 elapsed=2d6h37m
Jul 27 14:44:06 nimbus-eth1-mainnet-long-benchmark[3573364]: INF 2026-07-27 14:44:06.866+00:00 Imported blocks                            blockNumber=16441345 slot=5609436 blocks=16441344 txs=1845999096 mgas=131940882 bps=33.96 tps=5033 mgps=513.6 avgBps=83.50 avgTps=9375 avgMGps=670.1 elapsed=2d6h41m
Jul 27 14:47:57 nimbus-eth1-mainnet-long-benchmark[3573364]: INF 2026-07-27 14:47:57.258+00:00 Imported blocks                            blockNumber=16449537 slot=5617666 blocks=16449536 txs=1847165395 mgas=132065127 bps=35.56 tps=5062 mgps=539.3 avgBps=83.44 avgTps=9370 avgMGps=669.9 elapsed=2d6h45m
Jul 27 14:52:06 nimbus-eth1-mainnet-long-benchmark[3573364]: INF 2026-07-27 14:52:06.062+00:00 Imported blocks                            blockNumber=16457729 slot=5625902 blocks=16457728 txs=1848342150 mgas=132189112 bps=32.93 tps=4729 mgps=498.3 avgBps=83.38 avgTps=9364 avgMGps=669.7 elapsed=2d6h49m
Jul 27 14:56:03 nimbus-eth1-mainnet-long-benchmark[3573364]: INF 2026-07-27 14:56:03.055+00:00 Imported blocks                            blockNumber=16465921 slot=5634141 blocks=16465920 txs=1849371996 mgas=132313668 bps=34.57 tps=4345 mgps=525.6 avgBps=83.32 avgTps=9358 avgMGps=669.5 elapsed=2d6h53m
Jul 27 14:59:54 nimbus-eth1-mainnet-long-benchmark[3573364]: INF 2026-07-27 14:59:54.511+00:00 Imported blocks                            blockNumber=16474113 slot=5642371 blocks=16474112 txs=1850459219 mgas=132438037 bps=35.39 tps=4697 mgps=537.3 avgBps=83.27 avgTps=9352 avgMGps=669.4 elapsed=2d6h57m
Jul 27 15:03:47 nimbus-eth1-mainnet-long-benchmark[3573364]: INF 2026-07-27 15:03:47.483+00:00 Imported blocks                            blockNumber=16482305 slot=5650601 blocks=16482304 txs=1851632335 mgas=132562218 bps=35.16 tps=5035 mgps=533.0 avgBps=83.21 avgTps=9347 avgMGps=669.2 elapsed=2d7h1m
Jul 27 15:07:42 nimbus-eth1-mainnet-long-benchmark[3573364]: INF 2026-07-27 15:07:42.016+00:00 Imported blocks                            blockNumber=16490497 slot=5658845 blocks=16490496 txs=1852791201 mgas=132686437 bps=34.93 tps=4941 mgps=529.6 avgBps=83.15 avgTps=9342 avgMGps=669.1 elapsed=2d7h5m
Jul 27 15:11:41 nimbus-eth1-mainnet-long-benchmark[3573364]: INF 2026-07-27 15:11:41.848+00:00 Imported blocks                            blockNumber=16498689 slot=5667082 blocks=16498688 txs=1854039460 mgas=132810606 bps=34.16 tps=5204 mgps=517.7 avgBps=83.09 avgTps=9337 avgMGps=668.9 elapsed=2d7h9m
Jul 27 15:15:40 nimbus-eth1-mainnet-long-benchmark[3573364]: INF 2026-07-27 15:15:40.032+00:00 Imported blocks                            blockNumber=16506881 slot=5675313 blocks=16506880 txs=1855210009 mgas=132934889 bps=34.39 tps=4914 mgps=521.8 avgBps=83.03 avgTps=9332 avgMGps=668.7 elapsed=2d7h13m
Jul 27 15:19:34 nimbus-eth1-mainnet-long-benchmark[3573364]: INF 2026-07-27 15:19:34.101+00:00 Imported blocks                            blockNumber=16515073 slot=5683551 blocks=16515072 txs=1856341573 mgas=133059279 bps=35.00 tps=4834 mgps=531.4 avgBps=82.98 avgTps=9326 avgMGps=668.5 elapsed=2d7h17m
Jul 27 15:23:29 nimbus-eth1-mainnet-long-benchmark[3573364]: INF 2026-07-27 15:23:29.913+00:00 Imported blocks                            blockNumber=16523265 slot=5691780 blocks=16523264 txs=1857567301 mgas=133183259 bps=34.74 tps=5197 mgps=525.8 avgBps=82.92 avgTps=9322 avgMGps=668.4 elapsed=2d7h21m
Jul 27 15:27:21 nimbus-eth1-mainnet-long-benchmark[3573364]: INF 2026-07-27 15:27:21.341+00:00 Imported blocks                            blockNumber=16531457 slot=5700013 blocks=16531456 txs=1858801183 mgas=133307312 bps=35.40 tps=5331 mgps=536.0 avgBps=82.87 avgTps=9317 avgMGps=668.2 elapsed=2d7h24m
Jul 27 15:31:22 nimbus-eth1-mainnet-long-benchmark[3573364]: INF 2026-07-27 15:31:22.957+00:00 Imported blocks                            blockNumber=16539649 slot=5708260 blocks=16539648 txs=1860012627 mgas=133431301 bps=33.91 tps=5013 mgps=513.2 avgBps=82.81 avgTps=9312 avgMGps=668.0 elapsed=2d7h28m
Jul 27 15:35:11 nimbus-eth1-mainnet-long-benchmark[3573364]: INF 2026-07-27 15:35:11.774+00:00 Imported blocks                            blockNumber=16547841 slot=5716525 blocks=16547840 txs=1861269213 mgas=133555223 bps=35.80 tps=5491 mgps=541.6 avgBps=82.75 avgTps=9307 avgMGps=667.9 elapsed=2d7h32m
Jul 27 15:39:02 nimbus-eth1-mainnet-long-benchmark[3573364]: INF 2026-07-27 15:39:02.342+00:00 Imported blocks                            blockNumber=16556033 slot=5724762 blocks=16556032 txs=1862500132 mgas=133679232 bps=35.53 tps=5338 mgps=537.8 avgBps=82.70 avgTps=9303 avgMGps=667.7 elapsed=2d7h36m
Jul 27 15:43:03 nimbus-eth1-mainnet-long-benchmark[3573364]: INF 2026-07-27 15:43:03.947+00:00 Imported blocks                            blockNumber=16564225 slot=5732991 blocks=16564224 txs=1863739172 mgas=133803260 bps=33.91 tps=5128 mgps=513.4 avgBps=82.64 avgTps=9298 avgMGps=667.6 elapsed=2d7h40m
Jul 27 15:47:01 nimbus-eth1-mainnet-long-benchmark[3573364]: INF 2026-07-27 15:47:01.651+00:00 Imported blocks                            blockNumber=16572417 slot=5741223 blocks=16572416 txs=1864966052 mgas=133927243 bps=34.46 tps=5161 mgps=521.6 avgBps=82.58 avgTps=9293 avgMGps=667.4 elapsed=2d7h44m
Jul 27 15:50:50 nimbus-eth1-mainnet-long-benchmark[3573364]: INF 2026-07-27 15:50:50.583+00:00 Imported blocks                            blockNumber=16580609 slot=5749471 blocks=16580608 txs=1866262865 mgas=134051057 bps=35.78 tps=5664 mgps=540.8 avgBps=82.53 avgTps=9289 avgMGps=667.2 elapsed=2d7h48m
Jul 27 15:54:43 nimbus-eth1-mainnet-long-benchmark[3573364]: INF 2026-07-27 15:54:43.440+00:00 Imported blocks                            blockNumber=16588801 slot=5757729 blocks=16588800 txs=1867529636 mgas=134174862 bps=35.18 tps=5440 mgps=531.7 avgBps=82.47 avgTps=9284 avgMGps=667.1 elapsed=2d7h52m
Jul 27 15:58:43 nimbus-eth1-mainnet-long-benchmark[3573364]: INF 2026-07-27 15:58:43.032+00:00 Imported blocks                            blockNumber=16596993 slot=5765970 blocks=16596992 txs=1868777055 mgas=134298801 bps=34.19 tps=5206 mgps=517.3 avgBps=82.42 avgTps=9279 avgMGps=666.9 elapsed=2d7h56m
Jul 27 16:02:43 nimbus-eth1-mainnet-long-benchmark[3573364]: INF 2026-07-27 16:02:43.820+00:00 Imported blocks                            blockNumber=16605185 slot=5774205 blocks=16605184 txs=1869924340 mgas=134422860 bps=34.02 tps=4764 mgps=515.2 avgBps=82.36 avgTps=9274 avgMGps=666.7 elapsed=2d8h18s
Jul 27 16:06:40 nimbus-eth1-mainnet-long-benchmark[3573364]: INF 2026-07-27 16:06:40.648+00:00 Imported blocks                            blockNumber=16613377 slot=5782440 blocks=16613376 txs=1871008463 mgas=134547111 bps=34.59 tps=4577 mgps=524.7 avgBps=82.30 avgTps=9269 avgMGps=666.6 elapsed=2d8h4m
Jul 27 16:10:38 nimbus-eth1-mainnet-long-benchmark[3573364]: INF 2026-07-27 16:10:38.413+00:00 Imported blocks                            blockNumber=16621569 slot=5790686 blocks=16621568 txs=1872218126 mgas=134671188 bps=34.45 tps=5087 mgps=521.8 avgBps=82.25 avgTps=9264 avgMGps=666.4 elapsed=2d8h8m
Jul 27 16:14:35 nimbus-eth1-mainnet-long-benchmark[3573364]: INF 2026-07-27 16:14:35.117+00:00 Imported blocks                            blockNumber=16629761 slot=5798933 blocks=16629760 txs=1873496300 mgas=134795363 bps=34.61 tps=5399 mgps=524.6 avgBps=82.19 avgTps=9259 avgMGps=666.2 elapsed=2d8h12m
Jul 27 16:18:19 nimbus-eth1-mainnet-long-benchmark[3573364]: INF 2026-07-27 16:18:19.565+00:00 Imported blocks                            blockNumber=16637953 slot=5807177 blocks=16637952 txs=1874827008 mgas=134918966 bps=36.50 tps=5928 mgps=550.7 avgBps=82.14 avgTps=9255 avgMGps=666.1 elapsed=2d8h15m
Jul 27 16:22:14 nimbus-eth1-mainnet-long-benchmark[3573364]: INF 2026-07-27 16:22:14.490+00:00 Imported blocks                            blockNumber=16646145 slot=5815423 blocks=16646144 txs=1876106639 mgas=135042668 bps=34.87 tps=5447 mgps=526.6 avgBps=82.09 avgTps=9251 avgMGps=665.9 elapsed=2d8h19m
Jul 27 16:26:16 nimbus-eth1-mainnet-long-benchmark[3573364]: INF 2026-07-27 16:26:16.570+00:00 Imported blocks                            blockNumber=16654337 slot=5823744 blocks=16654336 txs=1877289660 mgas=135166545 bps=33.84 tps=4886 mgps=511.7 avgBps=82.03 avgTps=9246 avgMGps=665.7 elapsed=2d8h23m
Jul 27 16:30:32 nimbus-eth1-mainnet-long-benchmark[3573364]: INF 2026-07-27 16:30:32.626+00:00 Imported blocks                            blockNumber=16662529 slot=5832032 blocks=16662528 txs=1878422473 mgas=135290640 bps=31.99 tps=4424 mgps=484.6 avgBps=81.97 avgTps=9240 avgMGps=665.5 elapsed=2d8h28m
Jul 27 16:34:42 nimbus-eth1-mainnet-long-benchmark[3573364]: INF 2026-07-27 16:34:42.114+00:00 Imported blocks                            blockNumber=16670721 slot=5840313 blocks=16670720 txs=1879631783 mgas=135414630 bps=32.83 tps=4847 mgps=497.0 avgBps=81.91 avgTps=9234 avgMGps=665.3 elapsed=2d8h32m
Jul 27 16:38:44 nimbus-eth1-mainnet-long-benchmark[3573364]: INF 2026-07-27 16:38:44.930+00:00 Imported blocks                            blockNumber=16678913 slot=5848599 blocks=16678912 txs=1880884882 mgas=135538556 bps=33.74 tps=5160 mgps=510.4 avgBps=81.85 avgTps=9229 avgMGps=665.1 elapsed=2d8h36m
Jul 27 16:42:48 nimbus-eth1-mainnet-long-benchmark[3573364]: INF 2026-07-27 16:42:48.678+00:00 Imported blocks                            blockNumber=16687105 slot=5856905 blocks=16687104 txs=1882135895 mgas=135662560 bps=33.61 tps=5132 mgps=508.7 avgBps=81.79 avgTps=9225 avgMGps=664.9 elapsed=2d8h40m
Jul 27 16:46:41 nimbus-eth1-mainnet-long-benchmark[3573364]: INF 2026-07-27 16:46:41.103+00:00 Imported blocks                            blockNumber=16695297 slot=5865191 blocks=16695296 txs=1883381637 mgas=135786484 bps=35.25 tps=5359 mgps=533.2 avgBps=81.74 avgTps=9220 avgMGps=664.8 elapsed=2d8h44m
Jul 27 16:50:51 nimbus-eth1-mainnet-long-benchmark[3573364]: INF 2026-07-27 16:50:51.695+00:00 Imported blocks                            blockNumber=16703489 slot=5873502 blocks=16703488 txs=1884617239 mgas=135910564 bps=32.69 tps=4930 mgps=495.2 avgBps=81.68 avgTps=9215 avgMGps=664.6 elapsed=2d8h48m
Jul 27 16:55:08 nimbus-eth1-mainnet-long-benchmark[3573364]: INF 2026-07-27 16:55:08.767+00:00 Imported blocks                            blockNumber=16711681 slot=5881803 blocks=16711680 txs=1885752283 mgas=136034864 bps=31.87 tps=4415 mgps=483.5 avgBps=81.61 avgTps=9209 avgMGps=664.4 elapsed=2d8h52m
Jul 27 16:59:12 nimbus-eth1-mainnet-long-benchmark[3573364]: INF 2026-07-27 16:59:12.795+00:00 Imported blocks                            blockNumber=16719873 slot=5890089 blocks=16719872 txs=1886907002 mgas=136159078 bps=33.57 tps=4731 mgps=509.0 avgBps=81.56 avgTps=9204 avgMGps=664.2 elapsed=2d8h56m
Jul 27 17:03:13 nimbus-eth1-mainnet-long-benchmark[3573364]: INF 2026-07-27 17:03:13.647+00:00 Imported blocks                            blockNumber=16728065 slot=5898362 blocks=16728064 txs=1888117403 mgas=136283034 bps=34.01 tps=5025 mgps=514.7 avgBps=81.50 avgTps=9199 avgMGps=664.0 elapsed=2d9h48s
Jul 27 17:07:04 nimbus-eth1-mainnet-long-benchmark[3573364]: INF 2026-07-27 17:07:04.551+00:00 Imported blocks                            blockNumber=16736257 slot=5906658 blocks=16736256 txs=1889363510 mgas=136406980 bps=35.48 tps=5396 mgps=536.8 avgBps=81.45 avgTps=9194 avgMGps=663.8 elapsed=2d9h4m
Jul 27 17:11:03 nimbus-eth1-mainnet-long-benchmark[3573364]: INF 2026-07-27 17:11:03.860+00:00 Imported blocks                            blockNumber=16744449 slot=5914960 blocks=16744448 txs=1890614278 mgas=136530897 bps=34.23 tps=5226 mgps=517.8 avgBps=81.39 avgTps=9190 avgMGps=663.7 elapsed=2d9h8m
Jul 27 17:15:02 nimbus-eth1-mainnet-long-benchmark[3573364]: INF 2026-07-27 17:15:02.224+00:00 Imported blocks                            blockNumber=16752641 slot=5923268 blocks=16752640 txs=1891846355 mgas=136654820 bps=34.37 tps=5168 mgps=519.9 avgBps=81.34 avgTps=9185 avgMGps=663.5 elapsed=2d9h12m
Jul 27 17:18:58 nimbus-eth1-mainnet-long-benchmark[3573364]: INF 2026-07-27 17:18:58.364+00:00 Imported blocks                            blockNumber=16760833 slot=5931557 blocks=16760832 txs=1892947572 mgas=136778837 bps=34.69 tps=4663 mgps=525.2 avgBps=81.29 avgTps=9180 avgMGps=663.4 elapsed=2d9h16m
Jul 27 17:22:48 nimbus-eth1-mainnet-long-benchmark[3573364]: INF 2026-07-27 17:22:48.380+00:00 Imported blocks                            blockNumber=16769025 slot=5939852 blocks=16769024 txs=1894062649 mgas=136902777 bps=35.62 tps=4847 mgps=538.8 avgBps=81.24 avgTps=9175 avgMGps=663.2 elapsed=2d9h20m
Jul 27 17:26:36 nimbus-eth1-mainnet-long-benchmark[3573364]: INF 2026-07-27 17:26:36.305+00:00 Imported blocks                            blockNumber=16777217 slot=5948143 blocks=16777216 txs=1895266469 mgas=137026724 bps=35.94 tps=5281 mgps=543.8 avgBps=81.19 avgTps=9171 avgMGps=663.1 elapsed=2d9h24m
Jul 27 17:30:24 nimbus-eth1-mainnet-long-benchmark[3573364]: INF 2026-07-27 17:30:24.417+00:00 Imported blocks                            blockNumber=16785409 slot=5956437 blocks=16785408 txs=1896456920 mgas=137150558 bps=35.91 tps=5218 mgps=542.9 avgBps=81.14 avgTps=9166 avgMGps=662.9 elapsed=2d9h27m
Jul 27 17:34:05 nimbus-eth1-mainnet-long-benchmark[3573364]: INF 2026-07-27 17:34:05.694+00:00 Imported blocks                            blockNumber=16793601 slot=5964730 blocks=16793600 txs=1897649468 mgas=137274307 bps=37.02 tps=5389 mgps=559.3 avgBps=81.09 avgTps=9162 avgMGps=662.8 elapsed=2d9h31m
Jul 27 17:38:00 nimbus-eth1-mainnet-long-benchmark[3573364]: INF 2026-07-27 17:38:00.590+00:00 Imported blocks                            blockNumber=16801793 slot=5973054 blocks=16801792 txs=1898872315 mgas=137398264 bps=34.88 tps=5205 mgps=527.7 avgBps=81.04 avgTps=9158 avgMGps=662.7 elapsed=2d9h35m
Jul 27 17:42:00 nimbus-eth1-mainnet-long-benchmark[3573364]: INF 2026-07-27 17:42:00.370+00:00 Imported blocks                            blockNumber=16809985 slot=5981358 blocks=16809984 txs=1900030900 mgas=137521879 bps=34.16 tps=4831 mgps=515.5 avgBps=80.98 avgTps=9153 avgMGps=662.5 elapsed=2d9h39m
Jul 27 17:46:04 nimbus-eth1-mainnet-long-benchmark[3573364]: INF 2026-07-27 17:46:04.042+00:00 Imported blocks                            blockNumber=16818177 slot=5989636 blocks=16818176 txs=1901221157 mgas=137645760 bps=33.62 tps=4884 mgps=508.4 avgBps=80.93 avgTps=9148 avgMGps=662.3 elapsed=2d9h43m
Jul 27 17:50:02 nimbus-eth1-mainnet-long-benchmark[3573364]: INF 2026-07-27 17:50:02.051+00:00 Imported blocks                            blockNumber=16826369 slot=5997923 blocks=16826368 txs=1902536659 mgas=137769827 bps=34.42 tps=5527 mgps=521.3 avgBps=80.87 avgTps=9144 avgMGps=662.2 elapsed=2d9h47m
Jul 27 17:53:53 nimbus-eth1-mainnet-long-benchmark[3573364]: INF 2026-07-27 17:53:53.087+00:00 Imported blocks                            blockNumber=16834561 slot=6006221 blocks=16834560 txs=1903816850 mgas=137893613 bps=35.46 tps=5540 mgps=535.8 avgBps=80.82 avgTps=9140 avgMGps=662.0 elapsed=2d9h51m
Jul 27 17:57:41 nimbus-eth1-mainnet-long-benchmark[3573364]: INF 2026-07-27 17:57:41.907+00:00 Imported blocks                            blockNumber=16842753 slot=6014515 blocks=16842752 txs=1905034952 mgas=138017403 bps=35.80 tps=5323 mgps=541.0 avgBps=80.77 avgTps=9136 avgMGps=661.9 elapsed=2d9h55m
Jul 27 18:01:38 nimbus-eth1-mainnet-long-benchmark[3573364]: INF 2026-07-27 18:01:38.556+00:00 Imported blocks                            blockNumber=16850945 slot=6022798 blocks=16850944 txs=1906254915 mgas=138141334 bps=34.62 tps=5155 mgps=523.7 avgBps=80.72 avgTps=9131 avgMGps=661.7 elapsed=2d9h59m
Jul 27 18:05:46 nimbus-eth1-mainnet-long-benchmark[3573364]: INF 2026-07-27 18:05:46.176+00:00 Imported blocks                            blockNumber=16859137 slot=6031084 blocks=16859136 txs=1907416034 mgas=138265293 bps=33.08 tps=4689 mgps=500.6 avgBps=80.67 avgTps=9126 avgMGps=661.6 elapsed=2d10h3m
Jul 27 18:09:50 nimbus-eth1-mainnet-long-benchmark[3573364]: INF 2026-07-27 18:09:50.216+00:00 Imported blocks                            blockNumber=16867329 slot=6039371 blocks=16867328 txs=1908587274 mgas=138389422 bps=33.57 tps=4799 mgps=508.6 avgBps=80.61 avgTps=9121 avgMGps=661.4 elapsed=2d10h7m
Jul 27 18:13:53 nimbus-eth1-mainnet-long-benchmark[3573364]: INF 2026-07-27 18:13:53.224+00:00 Imported blocks                            blockNumber=16875521 slot=6047642 blocks=16875520 txs=1909854477 mgas=138513302 bps=33.71 tps=5214 mgps=509.8 avgBps=80.56 avgTps=9116 avgMGps=661.2 elapsed=2d10h11m
Jul 27 18:17:56 nimbus-eth1-mainnet-long-benchmark[3573364]: INF 2026-07-27 18:17:56.652+00:00 Imported blocks                            blockNumber=16883713 slot=6055930 blocks=16883712 txs=1911117374 mgas=138637252 bps=33.65 tps=5187 mgps=509.2 avgBps=80.50 avgTps=9112 avgMGps=661.0 elapsed=2d10h15m
Jul 27 18:21:53 nimbus-eth1-mainnet-long-benchmark[3573364]: INF 2026-07-27 18:21:53.492+00:00 Imported blocks                            blockNumber=16891905 slot=6064228 blocks=16891904 txs=1912349928 mgas=138761177 bps=34.59 tps=5204 mgps=523.2 avgBps=80.45 avgTps=9107 avgMGps=660.9 elapsed=2d10h19m
Jul 27 18:25:51 nimbus-eth1-mainnet-long-benchmark[3573364]: INF 2026-07-27 18:25:51.581+00:00 Imported blocks                            blockNumber=16900097 slot=6072508 blocks=16900096 txs=1913611460 mgas=138884976 bps=34.41 tps=5298 mgps=520.0 avgBps=80.40 avgTps=9103 avgMGps=660.7 elapsed=2d10h23m
Jul 27 18:30:01 nimbus-eth1-mainnet-long-benchmark[3573364]: INF 2026-07-27 18:30:01.033+00:00 Imported blocks                            blockNumber=16908289 slot=6080793 blocks=16908288 txs=1914815701 mgas=139008674 bps=32.84 tps=4827 mgps=495.9 avgBps=80.34 avgTps=9098 avgMGps=660.5 elapsed=2d10h27m
Jul 27 18:34:42 nimbus-eth1-mainnet-long-benchmark[3573364]: INF 2026-07-27 18:34:42.544+00:00 Imported blocks                            blockNumber=16916481 slot=6089077 blocks=16916480 txs=1915982170 mgas=139132546 bps=29.10 tps=4143 mgps=440.0 avgBps=80.27 avgTps=9091 avgMGps=660.2 elapsed=2d10h32m
Jul 27 18:39:00 nimbus-eth1-mainnet-long-benchmark[3573364]: INF 2026-07-27 18:39:00.104+00:00 Imported blocks                            blockNumber=16924673 slot=6097362 blocks=16924672 txs=1917295456 mgas=139256434 bps=31.81 tps=5098 mgps=481.0 avgBps=80.21 avgTps=9086 avgMGps=660.0 elapsed=2d10h36m
Jul 27 18:43:10 nimbus-eth1-mainnet-long-benchmark[3573364]: INF 2026-07-27 18:43:10.796+00:00 Imported blocks                            blockNumber=16932865 slot=6105654 blocks=16932864 txs=1918613570 mgas=139380170 bps=32.68 tps=5257 mgps=493.6 avgBps=80.16 avgTps=9082 avgMGps=659.8 elapsed=2d10h40m
Jul 27 18:47:38 nimbus-eth1-mainnet-long-benchmark[3573364]: INF 2026-07-27 18:47:38.160+00:00 Imported blocks                            blockNumber=16941057 slot=6113948 blocks=16941056 txs=1919984819 mgas=139503951 bps=30.64 tps=5128 mgps=463.0 avgBps=80.09 avgTps=9077 avgMGps=659.6 elapsed=2d10h45m
Jul 27 18:51:45 nimbus-eth1-mainnet-long-benchmark[3573364]: INF 2026-07-27 18:51:45.712+00:00 Imported blocks                            blockNumber=16949249 slot=6122230 blocks=16949248 txs=1921309040 mgas=139627802 bps=33.09 tps=5349 mgps=500.3 avgBps=80.04 avgTps=9073 avgMGps=659.4 elapsed=2d10h49m
Jul 27 18:56:17 nimbus-eth1-mainnet-long-benchmark[3573364]: INF 2026-07-27 18:56:17.684+00:00 Imported blocks                            blockNumber=16957441 slot=6130520 blocks=16957440 txs=1922510685 mgas=139751573 bps=30.12 tps=4418 mgps=455.1 avgBps=79.98 avgTps=9067 avgMGps=659.1 elapsed=2d10h53m
Jul 27 19:00:52 nimbus-eth1-mainnet-long-benchmark[3573364]: INF 2026-07-27 19:00:52.775+00:00 Imported blocks                            blockNumber=16965633 slot=6138828 blocks=16965632 txs=1923641238 mgas=139875688 bps=29.78 tps=4109 mgps=451.2 avgBps=79.91 avgTps=9060 avgMGps=658.8 elapsed=2d10h58m
Jul 27 19:05:13 nimbus-eth1-mainnet-long-benchmark[3573364]: INF 2026-07-27 19:05:13.755+00:00 Imported blocks                            blockNumber=16973825 slot=6147196 blocks=16973824 txs=1924847634 mgas=139999662 bps=31.39 tps=4622 mgps=475.0 avgBps=79.85 avgTps=9055 avgMGps=658.6 elapsed=2d11h2m
Jul 27 19:09:26 nimbus-eth1-mainnet-long-benchmark[3573364]: INF 2026-07-27 19:09:26.243+00:00 Imported blocks                            blockNumber=16982017 slot=6155571 blocks=16982016 txs=1926143787 mgas=140123461 bps=32.45 tps=5133 mgps=490.3 avgBps=79.79 avgTps=9050 avgMGps=658.4 elapsed=2d11h7m
Jul 27 19:13:39 nimbus-eth1-mainnet-long-benchmark[3573364]: INF 2026-07-27 19:13:39.715+00:00 Imported blocks                            blockNumber=16990209 slot=6163998 blocks=16990208 txs=1927389663 mgas=140247290 bps=32.32 tps=4915 mgps=488.5 avgBps=79.74 avgTps=9045 avgMGps=658.2 elapsed=2d11h11m
Jul 27 19:18:06 nimbus-eth1-mainnet-long-benchmark[3573364]: INF 2026-07-27 19:18:06.995+00:00 Imported blocks                            blockNumber=16998401 slot=6172357 blocks=16998400 txs=1928626033 mgas=140371239 bps=30.65 tps=4625 mgps=463.8 avgBps=79.68 avgTps=9040 avgMGps=658.0 elapsed=2d11h15m
Jul 27 19:22:28 nimbus-eth1-mainnet-long-benchmark[3573364]: INF 2026-07-27 19:22:28.087+00:00 Imported blocks                            blockNumber=17006593 slot=6180713 blocks=17006592 txs=1929721419 mgas=140495426 bps=31.38 tps=4195 mgps=475.6 avgBps=79.62 avgTps=9034 avgMGps=657.7 elapsed=2d11h20m
Jul 27 19:27:18 nimbus-eth1-mainnet-long-benchmark[3573364]: INF 2026-07-27 19:27:18.214+00:00 Imported blocks                            blockNumber=17014785 slot=6189078 blocks=17014784 txs=1930819115 mgas=140619799 bps=28.24 tps=3783 mgps=428.7 avgBps=79.55 avgTps=9027 avgMGps=657.4 elapsed=2d11h24m
Jul 27 19:31:41 nimbus-eth1-mainnet-long-benchmark[3573364]: INF 2026-07-27 19:31:41.350+00:00 Imported blocks                            blockNumber=17022977 slot=6197431 blocks=17022976 txs=1932003965 mgas=140743838 bps=31.13 tps=4502 mgps=471.4 avgBps=79.49 avgTps=9021 avgMGps=657.2 elapsed=2d11h29m
Jul 27 19:36:02 nimbus-eth1-mainnet-long-benchmark[3573364]: INF 2026-07-27 19:36:02.709+00:00 Imported blocks                            blockNumber=17031169 slot=6205770 blocks=17031168 txs=1933236741 mgas=140867769 bps=31.34 tps=4716 mgps=474.2 avgBps=79.43 avgTps=9016 avgMGps=657.0 elapsed=2d11h33m
Jul 27 19:40:24 nimbus-eth1-mainnet-long-benchmark[3573364]: INF 2026-07-27 19:40:24.117+00:00 Imported blocks                            blockNumber=17039361 slot=6214644 blocks=17039360 txs=1934553364 mgas=140991689 bps=31.34 tps=5036 mgps=474.1 avgBps=79.37 avgTps=9011 avgMGps=656.8 elapsed=2d11h37m
Jul 27 19:44:38 nimbus-eth1-mainnet-long-benchmark[3573364]: INF 2026-07-27 19:44:38.449+00:00 Imported blocks                            blockNumber=17047553 slot=6223141 blocks=17047552 txs=1935926891 mgas=141115371 bps=32.21 tps=5400 mgps=486.3 avgBps=79.32 avgTps=9007 avgMGps=656.6 elapsed=2d11h42m
Jul 27 19:48:52 nimbus-eth1-mainnet-long-benchmark[3573364]: INF 2026-07-27 19:48:52.537+00:00 Imported blocks                            blockNumber=17055745 slot=6231549 blocks=17055744 txs=1937163728 mgas=141239546 bps=32.24 tps=4867 mgps=488.7 avgBps=79.26 avgTps=9002 avgMGps=656.4 elapsed=2d11h46m
Jul 27 19:52:58 nimbus-eth1-mainnet-long-benchmark[3573364]: INF 2026-07-27 19:52:58.473+00:00 Imported blocks                            blockNumber=17063937 slot=6239930 blocks=17063936 txs=1938172438 mgas=141364159 bps=33.31 tps=4101 mgps=506.7 avgBps=79.21 avgTps=8996 avgMGps=656.2 elapsed=2d11h50m
Jul 27 19:56:45 nimbus-eth1-mainnet-long-benchmark[3573364]: INF 2026-07-27 19:56:45.781+00:00 Imported blocks                            blockNumber=17072129 slot=6248275 blocks=17072128 txs=1939355648 mgas=141487938 bps=36.04 tps=5205 mgps=544.5 avgBps=79.16 avgTps=8992 avgMGps=656.1 elapsed=2d11h54m
Jul 27 20:00:27 nimbus-eth1-mainnet-long-benchmark[3573364]: INF 2026-07-27 20:00:27.150+00:00 Imported blocks                            blockNumber=17080321 slot=6256608 blocks=17080320 txs=1940616306 mgas=141611583 bps=37.01 tps=5694 mgps=558.6 avgBps=79.12 avgTps=8989 avgMGps=656.0 elapsed=2d11h58m
Jul 27 20:03:57 nimbus-eth1-mainnet-long-benchmark[3573364]: INF 2026-07-27 20:03:57.474+00:00 Imported blocks                            blockNumber=17088513 slot=6264965 blocks=17088512 txs=1941876584 mgas=141735231 bps=38.95 tps=5992 mgps=587.9 avgBps=79.08 avgTps=8986 avgMGps=655.9 elapsed=2d12h1m
Jul 27 20:07:42 nimbus-eth1-mainnet-long-benchmark[3573364]: INF 2026-07-27 20:07:42.739+00:00 Imported blocks                            blockNumber=17096705 slot=6273315 blocks=17096704 txs=1943072102 mgas=141858838 bps=36.37 tps=5307 mgps=548.7 avgBps=79.04 avgTps=8982 avgMGps=655.8 elapsed=2d12h5m
Jul 27 20:11:33 nimbus-eth1-mainnet-long-benchmark[3573364]: INF 2026-07-27 20:11:33.251+00:00 Imported blocks                            blockNumber=17104897 slot=6281580 blocks=17104896 txs=1944086612 mgas=141983190 bps=35.54 tps=4401 mgps=539.5 avgBps=78.99 avgTps=8977 avgMGps=655.7 elapsed=2d12h9m
Jul 27 20:15:19 nimbus-eth1-mainnet-long-benchmark[3573364]: INF 2026-07-27 20:15:19.744+00:00 Imported blocks                            blockNumber=17113089 slot=6289852 blocks=17113088 txs=1945085408 mgas=142107392 bps=36.17 tps=4409 mgps=548.4 avgBps=78.94 avgTps=8972 avgMGps=655.6 elapsed=2d12h12m
Jul 27 20:19:01 nimbus-eth1-mainnet-long-benchmark[3573364]: INF 2026-07-27 20:19:01.184+00:00 Imported blocks                            blockNumber=17121281 slot=6298121 blocks=17121280 txs=1946164681 mgas=142231469 bps=36.99 tps=4873 mgps=560.3 avgBps=78.90 avgTps=8968 avgMGps=655.5 elapsed=2d12h16m
Jul 27 20:22:57 nimbus-eth1-mainnet-long-benchmark[3573364]: INF 2026-07-27 20:22:57.792+00:00 Imported blocks                            blockNumber=17129473 slot=6306398 blocks=17129472 txs=1947273575 mgas=142355631 bps=34.62 tps=4686 mgps=524.8 avgBps=78.85 avgTps=8963 avgMGps=655.3 elapsed=2d12h20m
Jul 27 20:26:55 nimbus-eth1-mainnet-long-benchmark[3573364]: INF 2026-07-27 20:26:55.188+00:00 Imported blocks                            blockNumber=17137665 slot=6314693 blocks=17137664 txs=1948368474 mgas=142479878 bps=34.51 tps=4612 mgps=523.4 avgBps=78.80 avgTps=8959 avgMGps=655.2 elapsed=2d12h24m
Jul 27 20:30:49 nimbus-eth1-mainnet-long-benchmark[3573364]: INF 2026-07-27 20:30:49.805+00:00 Imported blocks                            blockNumber=17145857 slot=6322984 blocks=17145856 txs=1949518774 mgas=142603953 bps=34.92 tps=4902 mgps=528.8 avgBps=78.76 avgTps=8954 avgMGps=655.0 elapsed=2d12h28m
Jul 27 20:34:44 nimbus-eth1-mainnet-long-benchmark[3573364]: INF 2026-07-27 20:34:44.701+00:00 Imported blocks                            blockNumber=17154049 slot=6331276 blocks=17154048 txs=1950571925 mgas=142728247 bps=34.88 tps=4483 mgps=529.1 avgBps=78.71 avgTps=8950 avgMGps=654.9 elapsed=2d12h32m
Jul 27 20:38:32 nimbus-eth1-mainnet-long-benchmark[3573364]: INF 2026-07-27 20:38:32.581+00:00 Imported blocks                            blockNumber=17162241 slot=6339552 blocks=17162240 txs=1951688703 mgas=142852142 bps=35.95 tps=4900 mgps=543.7 avgBps=78.67 avgTps=8945 avgMGps=654.8 elapsed=2d12h36m
Jul 27 20:42:14 nimbus-eth1-mainnet-long-benchmark[3573364]: INF 2026-07-27 20:42:14.074+00:00 Imported blocks                            blockNumber=17170433 slot=6347847 blocks=17170432 txs=1952948218 mgas=142975691 bps=36.99 tps=5686 mgps=557.8 avgBps=78.62 avgTps=8942 avgMGps=654.7 elapsed=2d12h39m
Jul 27 20:45:49 nimbus-eth1-mainnet-long-benchmark[3573364]: INF 2026-07-27 20:45:49.226+00:00 Imported blocks                            blockNumber=17178625 slot=6356141 blocks=17178624 txs=1954250499 mgas=143099205 bps=38.08 tps=6052 mgps=574.1 avgBps=78.58 avgTps=8939 avgMGps=654.6 elapsed=2d12h43m
Jul 27 20:49:27 nimbus-eth1-mainnet-long-benchmark[3573364]: INF 2026-07-27 20:49:27.111+00:00 Imported blocks                            blockNumber=17186817 slot=6364447 blocks=17186816 txs=1955518721 mgas=143222883 bps=37.60 tps=5820 mgps=567.6 avgBps=78.54 avgTps=8936 avgMGps=654.5 elapsed=2d12h47m
Jul 27 20:52:53 nimbus-eth1-mainnet-long-benchmark[3573364]: INF 2026-07-27 20:52:53.888+00:00 Imported blocks                            blockNumber=17195009 slot=6372722 blocks=17195008 txs=1956852793 mgas=143346470 bps=39.62 tps=6451 mgps=597.7 avgBps=78.51 avgTps=8934 avgMGps=654.5 elapsed=2d12h50m
Jul 27 20:56:08 nimbus-eth1-mainnet-long-benchmark[3573364]: INF 2026-07-27 20:56:08.012+00:00 Imported blocks                            blockNumber=17203201 slot=6381005 blocks=17203200 txs=1958228458 mgas=143469796 bps=42.20 tps=7086 mgps=635.3 avgBps=78.47 avgTps=8932 avgMGps=654.4 elapsed=2d12h53m
Jul 27 20:59:30 nimbus-eth1-mainnet-long-benchmark[3573364]: INF 2026-07-27 20:59:30.417+00:00 Imported blocks                            blockNumber=17211393 slot=6389309 blocks=17211392 txs=1959497817 mgas=143593285 bps=40.47 tps=6271 mgps=610.1 avgBps=78.44 avgTps=8930 avgMGps=654.4 elapsed=2d12h57m
Jul 27 21:02:58 nimbus-eth1-mainnet-long-benchmark[3573364]: INF 2026-07-27 21:02:58.678+00:00 Imported blocks                            blockNumber=17219585 slot=6397595 blocks=17219584 txs=1960813962 mgas=143716683 bps=39.34 tps=6319 mgps=592.5 avgBps=78.40 avgTps=8927 avgMGps=654.3 elapsed=2d13h33s
Jul 27 21:06:33 nimbus-eth1-mainnet-long-benchmark[3573364]: INF 2026-07-27 21:06:33.134+00:00 Imported blocks                            blockNumber=17227777 slot=6405886 blocks=17227776 txs=1962095564 mgas=143840209 bps=38.20 tps=5976 mgps=576.0 avgBps=78.36 avgTps=8924 avgMGps=654.3 elapsed=2d13h4m
Jul 27 21:10:16 nimbus-eth1-mainnet-long-benchmark[3573364]: INF 2026-07-27 21:10:16.207+00:00 Imported blocks                            blockNumber=17235969 slot=6414187 blocks=17235968 txs=1963351944 mgas=143963795 bps=36.72 tps=5632 mgps=554.0 avgBps=78.32 avgTps=8921 avgMGps=654.2 elapsed=2d13h7m
Jul 27 21:13:55 nimbus-eth1-mainnet-long-benchmark[3573364]: INF 2026-07-27 21:13:55.383+00:00 Imported blocks                            blockNumber=17244161 slot=6422571 blocks=17244160 txs=1964617603 mgas=144087368 bps=37.38 tps=5774 mgps=563.8 avgBps=78.28 avgTps=8918 avgMGps=654.1 elapsed=2d13h11m
Jul 27 21:17:50 nimbus-eth1-mainnet-long-benchmark[3573364]: INF 2026-07-27 21:17:50.968+00:00 Imported blocks                            blockNumber=17252353 slot=6431060 blocks=17252352 txs=1965845362 mgas=144211039 bps=34.77 tps=5211 mgps=525.0 avgBps=78.23 avgTps=8914 avgMGps=653.9 elapsed=2d13h15m
Jul 27 21:22:20 nimbus-eth1-mainnet-long-benchmark[3573364]: INF 2026-07-27 21:22:20.459+00:00 Imported blocks                            blockNumber=17260545 slot=6439423 blocks=17260544 txs=1966989223 mgas=144335015 bps=30.40 tps=4244 mgps=460.0 avgBps=78.17 avgTps=8908 avgMGps=653.7 elapsed=2d13h19m
Jul 27 21:26:30 nimbus-eth1-mainnet-long-benchmark[3573364]: INF 2026-07-27 21:26:30.491+00:00 Imported blocks                            blockNumber=17268737 slot=6447756 blocks=17268736 txs=1968237199 mgas=144458705 bps=32.76 tps=4991 mgps=494.7 avgBps=78.12 avgTps=8904 avgMGps=653.5 elapsed=2d13h24m
Jul 27 21:30:37 nimbus-eth1-mainnet-long-benchmark[3573364]: INF 2026-07-27 21:30:37.623+00:00 Imported blocks                            blockNumber=17276929 slot=6456078 blocks=17276928 txs=1969463053 mgas=144582404 bps=33.15 tps=4960 mgps=500.5 avgBps=78.07 avgTps=8899 avgMGps=653.4 elapsed=2d13h28m
Jul 27 21:35:21 nimbus-eth1-mainnet-long-benchmark[3573364]: INF 2026-07-27 21:35:21.579+00:00 Imported blocks                            blockNumber=17285121 slot=6464411 blocks=17285120 txs=1970663127 mgas=144706091 bps=28.85 tps=4226 mgps=435.6 avgBps=78.01 avgTps=8893 avgMGps=653.1 elapsed=2d13h32m
Jul 27 21:39:27 nimbus-eth1-mainnet-long-benchmark[3573364]: INF 2026-07-27 21:39:27.943+00:00 Imported blocks                            blockNumber=17293313 slot=6472712 blocks=17293312 txs=1971898713 mgas=144829702 bps=33.25 tps=5015 mgps=501.7 avgBps=77.96 avgTps=8889 avgMGps=652.9 elapsed=2d13h37m
Jul 27 21:43:37 nimbus-eth1-mainnet-long-benchmark[3573364]: INF 2026-07-27 21:43:37.555+00:00 Imported blocks                            blockNumber=17301505 slot=6481018 blocks=17301504 txs=1973143438 mgas=144953512 bps=32.82 tps=4986 mgps=496.0 avgBps=77.91 avgTps=8885 avgMGps=652.7 elapsed=2d13h41m
Jul 27 21:48:04 nimbus-eth1-mainnet-long-benchmark[3573364]: INF 2026-07-27 21:48:04.023+00:00 Imported blocks                            blockNumber=17309697 slot=6489326 blocks=17309696 txs=1974320197 mgas=145077461 bps=30.74 tps=4416 mgps=465.2 avgBps=77.85 avgTps=8879 avgMGps=652.5 elapsed=2d13h45m
Jul 27 21:52:19 nimbus-eth1-mainnet-long-benchmark[3573364]: INF 2026-07-27 21:52:19.179+00:00 Imported blocks                            blockNumber=17317889 slot=6497627 blocks=17317888 txs=1975544233 mgas=145200997 bps=32.11 tps=4797 mgps=484.2 avgBps=77.80 avgTps=8875 avgMGps=652.3 elapsed=2d13h49m
Jul 27 21:56:13 nimbus-eth1-mainnet-long-benchmark[3573364]: INF 2026-07-27 21:56:13.055+00:00 Imported blocks                            blockNumber=17326081 slot=6505936 blocks=17326080 txs=1976815718 mgas=145324563 bps=35.03 tps=5436 mgps=528.3 avgBps=77.76 avgTps=8871 avgMGps=652.2 elapsed=2d13h53m
Jul 27 22:00:27 nimbus-eth1-mainnet-long-benchmark[3573364]: INF 2026-07-27 22:00:27.099+00:00 Imported blocks                            blockNumber=17334273 slot=6514227 blocks=17334272 txs=1978029482 mgas=145448174 bps=32.25 tps=4777 mgps=486.6 avgBps=77.70 avgTps=8866 avgMGps=652.0 elapsed=2d13h58m
Jul 27 22:04:35 nimbus-eth1-mainnet-long-benchmark[3573364]: INF 2026-07-27 22:04:35.651+00:00 Imported blocks                            blockNumber=17342465 slot=6522521 blocks=17342464 txs=1979249515 mgas=145571734 bps=32.96 tps=4908 mgps=497.1 avgBps=77.65 avgTps=8862 avgMGps=651.8 elapsed=2d14h2m
Jul 27 22:09:10 nimbus-eth1-mainnet-long-benchmark[3573364]: INF 2026-07-27 22:09:10.934+00:00 Imported blocks                            blockNumber=17350657 slot=6530810 blocks=17350656 txs=1980440407 mgas=145695440 bps=29.76 tps=4326 mgps=449.4 avgBps=77.59 avgTps=8856 avgMGps=651.6 elapsed=2d14h6m
Jul 27 22:13:39 nimbus-eth1-mainnet-long-benchmark[3573364]: INF 2026-07-27 22:13:39.774+00:00 Imported blocks                            blockNumber=17358849 slot=6539086 blocks=17358848 txs=1981537589 mgas=145819418 bps=30.47 tps=4081 mgps=461.2 avgBps=77.54 avgTps=8851 avgMGps=651.3 elapsed=2d14h11m
Jul 27 22:17:43 nimbus-eth1-mainnet-long-benchmark[3573364]: INF 2026-07-27 22:17:43.334+00:00 Imported blocks                            blockNumber=17367041 slot=6547367 blocks=17367040 txs=1982770194 mgas=145942944 bps=33.63 tps=5060 mgps=507.2 avgBps=77.49 avgTps=8846 avgMGps=651.2 elapsed=2d14h15m
Jul 27 22:21:38 nimbus-eth1-mainnet-long-benchmark[3573364]: INF 2026-07-27 22:21:38.882+00:00 Imported blocks                            blockNumber=17375233 slot=6555668 blocks=17375232 txs=1984125641 mgas=146066496 bps=34.78 tps=5754 mgps=524.5 avgBps=77.45 avgTps=8843 avgMGps=651.1 elapsed=2d14h19m
Jul 27 22:25:53 nimbus-eth1-mainnet-long-benchmark[3573364]: INF 2026-07-27 22:25:53.122+00:00 Imported blocks                            blockNumber=17383425 slot=6563975 blocks=17383424 txs=1985382005 mgas=146190166 bps=32.22 tps=4941 mgps=486.4 avgBps=77.39 avgTps=8839 avgMGps=650.9 elapsed=2d14h23m
Jul 27 22:30:01 nimbus-eth1-mainnet-long-benchmark[3573364]: INF 2026-07-27 22:30:01.146+00:00 Imported blocks                            blockNumber=17391617 slot=6572280 blocks=17391616 txs=1986609346 mgas=146313767 bps=33.03 tps=4948 mgps=498.3 avgBps=77.35 avgTps=8835 avgMGps=650.7 elapsed=2d14h27m
Jul 27 22:34:26 nimbus-eth1-mainnet-long-benchmark[3573364]: INF 2026-07-27 22:34:26.358+00:00 Imported blocks                            blockNumber=17399809 slot=6580587 blocks=17399808 txs=1987855824 mgas=146437565 bps=30.89 tps=4699 mgps=466.8 avgBps=77.29 avgTps=8830 avgMGps=650.5 elapsed=2d14h32m
Jul 27 22:39:04 nimbus-eth1-mainnet-long-benchmark[3573364]: INF 2026-07-27 22:39:04.509+00:00 Imported blocks                            blockNumber=17408001 slot=6588914 blocks=17408000 txs=1988978824 mgas=146561610 bps=29.45 tps=4037 mgps=446.0 avgBps=77.23 avgTps=8824 avgMGps=650.2 elapsed=2d14h36m
Jul 27 22:43:42 nimbus-eth1-mainnet-long-benchmark[3573364]: INF 2026-07-27 22:43:42.957+00:00 Imported blocks                            blockNumber=17416193 slot=6597245 blocks=17416192 txs=1990248730 mgas=146685353 bps=29.42 tps=4560 mgps=444.4 avgBps=77.17 avgTps=8818 avgMGps=650.0 elapsed=2d14h41m
Jul 27 22:48:14 nimbus-eth1-mainnet-long-benchmark[3573364]: INF 2026-07-27 22:48:14.380+00:00 Imported blocks                            blockNumber=17424385 slot=6605563 blocks=17424384 txs=1991539079 mgas=146808925 bps=30.18 tps=4753 mgps=455.3 avgBps=77.12 avgTps=8814 avgMGps=649.7 elapsed=2d14h45m
Jul 27 22:52:41 nimbus-eth1-mainnet-long-benchmark[3573364]: INF 2026-07-27 22:52:41.340+00:00 Imported blocks                            blockNumber=17432577 slot=6613884 blocks=17432576 txs=1992754693 mgas=146932902 bps=30.69 tps=4553 mgps=464.4 avgBps=77.06 avgTps=8809 avgMGps=649.5 elapsed=2d14h50m
Jul 27 22:56:53 nimbus-eth1-mainnet-long-benchmark[3573364]: INF 2026-07-27 22:56:53.664+00:00 Imported blocks                            blockNumber=17440769 slot=6622203 blocks=17440768 txs=1993896800 mgas=147057019 bps=32.47 tps=4526 mgps=491.9 avgBps=77.01 avgTps=8804 avgMGps=649.3 elapsed=2d14h54m
Jul 27 23:01:35 nimbus-eth1-mainnet-long-benchmark[3573364]: INF 2026-07-27 23:01:35.411+00:00 Imported blocks                            blockNumber=17448961 slot=6630518 blocks=17448960 txs=1995215020 mgas=147180854 bps=29.08 tps=4678 mgps=439.5 avgBps=76.95 avgTps=8799 avgMGps=649.1 elapsed=2d14h59m
Jul 27 23:06:16 nimbus-eth1-mainnet-long-benchmark[3573364]: INF 2026-07-27 23:06:16.215+00:00 Imported blocks                            blockNumber=17457153 slot=6638828 blocks=17457152 txs=1996586147 mgas=147305221 bps=29.17 tps=4882 mgps=442.9 avgBps=76.89 avgTps=8794 avgMGps=648.8 elapsed=2d15h3m
Jul 27 23:11:18 nimbus-eth1-mainnet-long-benchmark[3573364]: INF 2026-07-27 23:11:18.918+00:00 Imported blocks                            blockNumber=17465345 slot=6647132 blocks=17465344 txs=1997725387 mgas=147429506 bps=27.06 tps=3763 mgps=410.6 avgBps=76.83 avgTps=8787 avgMGps=648.5 elapsed=2d15h8m
Jul 27 23:15:57 nimbus-eth1-mainnet-long-benchmark[3573364]: INF 2026-07-27 23:15:57.890+00:00 Imported blocks                            blockNumber=17473537 slot=6655432 blocks=17473536 txs=1998843886 mgas=147553542 bps=29.36 tps=4009 mgps=444.6 avgBps=76.77 avgTps=8781 avgMGps=648.3 elapsed=2d15h13m
Jul 27 23:20:24 nimbus-eth1-mainnet-long-benchmark[3573364]: INF 2026-07-27 23:20:24.485+00:00 Imported blocks                            blockNumber=17481729 slot=6663738 blocks=17481728 txs=2000011122 mgas=147677516 bps=30.73 tps=4378 mgps=465.0 avgBps=76.71 avgTps=8776 avgMGps=648.1 elapsed=2d15h17m
Jul 27 23:25:00 nimbus-eth1-mainnet-long-benchmark[3573364]: INF 2026-07-27 23:25:00.921+00:00 Imported blocks                            blockNumber=17489921 slot=6672036 blocks=17489920 txs=2001280327 mgas=147801230 bps=29.63 tps=4591 mgps=447.5 avgBps=76.66 avgTps=8771 avgMGps=647.8 elapsed=2d15h22m
Jul 27 23:29:32 nimbus-eth1-mainnet-long-benchmark[3573364]: INF 2026-07-27 23:29:32.724+00:00 Imported blocks                            blockNumber=17498113 slot=6680314 blocks=17498112 txs=2002558556 mgas=147925012 bps=30.14 tps=4702 mgps=455.4 avgBps=76.60 avgTps=8766 avgMGps=647.6 elapsed=2d15h27m
Jul 27 23:34:06 nimbus-eth1-mainnet-long-benchmark[3573364]: INF 2026-07-27 23:34:06.396+00:00 Imported blocks                            blockNumber=17506305 slot=6688575 blocks=17506304 txs=2003656377 mgas=148049431 bps=29.93 tps=4011 mgps=454.6 avgBps=76.55 avgTps=8761 avgMGps=647.3 elapsed=2d15h31m
Jul 27 23:38:35 nimbus-eth1-mainnet-long-benchmark[3573364]: INF 2026-07-27 23:38:35.560+00:00 Imported blocks                            blockNumber=17514497 slot=6696852 blocks=17514496 txs=2004857046 mgas=148173772 bps=30.44 tps=4460 mgps=462.0 avgBps=76.49 avgTps=8755 avgMGps=647.1 elapsed=2d15h36m
Jul 27 23:42:44 nimbus-eth1-mainnet-long-benchmark[3573364]: INF 2026-07-27 23:42:44.160+00:00 Imported blocks                            blockNumber=17522689 slot=6705139 blocks=17522688 txs=2006101178 mgas=148297741 bps=32.95 tps=5004 mgps=498.7 avgBps=76.45 avgTps=8751 avgMGps=647.0 elapsed=2d15h40m
Jul 27 23:47:27 nimbus-eth1-mainnet-long-benchmark[3573364]: INF 2026-07-27 23:47:27.267+00:00 Imported blocks                            blockNumber=17530881 slot=6713412 blocks=17530880 txs=2007355876 mgas=148421543 bps=28.94 tps=4431 mgps=437.3 avgBps=76.39 avgTps=8746 avgMGps=646.7 elapsed=2d15h45m
Jul 27 23:51:44 nimbus-eth1-mainnet-long-benchmark[3573364]: INF 2026-07-27 23:51:44.403+00:00 Imported blocks                            blockNumber=17539073 slot=6721698 blocks=17539072 txs=2008558131 mgas=148545319 bps=31.86 tps=4675 mgps=481.4 avgBps=76.34 avgTps=8742 avgMGps=646.5 elapsed=2d15h49m
Jul 27 23:56:10 nimbus-eth1-mainnet-long-benchmark[3573364]: INF 2026-07-27 23:56:10.907+00:00 Imported blocks                            blockNumber=17547265 slot=6729991 blocks=17547264 txs=2009742017 mgas=148669427 bps=30.74 tps=4442 mgps=465.7 avgBps=76.28 avgTps=8737 avgMGps=646.3 elapsed=2d15h53m
Jul 28 00:00:52 nimbus-eth1-mainnet-long-benchmark[3573364]: INF 2026-07-28 00:00:52.626+00:00 Imported blocks                            blockNumber=17555457 slot=6738288 blocks=17555456 txs=2010884214 mgas=148793843 bps=29.08 tps=4054 mgps=441.6 avgBps=76.23 avgTps=8731 avgMGps=646.1 elapsed=2d15h58m
Jul 28 00:05:42 nimbus-eth1-mainnet-long-benchmark[3573364]: INF 2026-07-28 00:05:42.389+00:00 Imported blocks                            blockNumber=17563649 slot=6746591 blocks=17563648 txs=2011978876 mgas=148918234 bps=28.27 tps=3777 mgps=429.3 avgBps=76.17 avgTps=8725 avgMGps=645.8 elapsed=2d16h3m
Jul 28 00:10:25 nimbus-eth1-mainnet-long-benchmark[3573364]: INF 2026-07-28 00:10:25.149+00:00 Imported blocks                            blockNumber=17571841 slot=6754910 blocks=17571840 txs=2013222471 mgas=149042246 bps=28.97 tps=4398 mgps=438.6 avgBps=76.11 avgTps=8719 avgMGps=645.5 elapsed=2d16h8m
Jul 28 00:14:52 nimbus-eth1-mainnet-long-benchmark[3573364]: INF 2026-07-28 00:14:52.013+00:00 Imported blocks                            blockNumber=17580033 slot=6763173 blocks=17580032 txs=2014468609 mgas=149165903 bps=30.70 tps=4669 mgps=463.4 avgBps=76.06 avgTps=8715 avgMGps=645.3 elapsed=2d16h12m
Jul 28 00:19:11 nimbus-eth1-mainnet-long-benchmark[3573364]: INF 2026-07-28 00:19:11.756+00:00 Imported blocks                            blockNumber=17588225 slot=6771437 blocks=17588224 txs=2015689382 mgas=149289503 bps=31.54 tps=4699 mgps=475.9 avgBps=76.01 avgTps=8710 avgMGps=645.1 elapsed=2d16h16m
Jul 28 00:23:21 nimbus-eth1-mainnet-long-benchmark[3573364]: INF 2026-07-28 00:23:21.304+00:00 Imported blocks                            blockNumber=17596417 slot=6779714 blocks=17596416 txs=2016974577 mgas=149413093 bps=32.83 tps=5150 mgps=495.3 avgBps=75.96 avgTps=8706 avgMGps=645.0 elapsed=2d16h20m
Jul 28 00:28:01 nimbus-eth1-mainnet-long-benchmark[3573364]: INF 2026-07-28 00:28:01.004+00:00 Imported blocks                            blockNumber=17604609 slot=6788002 blocks=17604608 txs=2018102021 mgas=149537055 bps=29.29 tps=4030 mgps=443.2 avgBps=75.90 avgTps=8701 avgMGps=644.7 elapsed=2d16h25m
Jul 28 00:32:47 nimbus-eth1-mainnet-long-benchmark[3573364]: INF 2026-07-28 00:32:47.603+00:00 Imported blocks                            blockNumber=17612801 slot=6796294 blocks=17612800 txs=2019210852 mgas=149661106 bps=28.58 tps=3868 mgps=432.8 avgBps=75.84 avgTps=8695 avgMGps=644.5 elapsed=2d16h30m
Jul 28 00:37:37 nimbus-eth1-mainnet-long-benchmark[3573364]: INF 2026-07-28 00:37:37.487+00:00 Imported blocks                            blockNumber=17620993 slot=6804576 blocks=17620992 txs=2020429344 mgas=149784883 bps=28.26 tps=4203 mgps=427.0 avgBps=75.79 avgTps=8689 avgMGps=644.2 elapsed=2d16h35m
Jul 28 00:41:02 nimbus-eth1-mainnet-long-benchmark[3573364]: INF 2026-07-28 00:41:02.979+00:00 Imported blocks                            blockNumber=17629185 slot=6812859 blocks=17629184 txs=2021323822 mgas=149910200 bps=39.86 tps=4352 mgps=609.8 avgBps=75.75 avgTps=8685 avgMGps=644.2 elapsed=2d16h38m
Jul 28 00:44:31 nimbus-eth1-mainnet-long-benchmark[3573364]: INF 2026-07-28 00:44:31.936+00:00 Imported blocks                            blockNumber=17637377 slot=6821141 blocks=17637376 txs=2022333406 mgas=150034720 bps=39.20 tps=4831 mgps=595.9 avgBps=75.72 avgTps=8682 avgMGps=644.1 elapsed=2d16h42m
Jul 28 00:48:56 nimbus-eth1-mainnet-long-benchmark[3573364]: INF 2026-07-28 00:48:56.912+00:00 Imported blocks                            blockNumber=17645569 slot=6829423 blocks=17645568 txs=2023522010 mgas=150158260 bps=30.92 tps=4485 mgps=466.2 avgBps=75.67 avgTps=8677 avgMGps=643.9 elapsed=2d16h46m
Jul 28 00:53:28 nimbus-eth1-mainnet-long-benchmark[3573364]: INF 2026-07-28 00:53:28.715+00:00 Imported blocks                            blockNumber=17653761 slot=6837721 blocks=17653760 txs=2024667582 mgas=150281996 bps=30.14 tps=4214 mgps=455.2 avgBps=75.62 avgTps=8672 avgMGps=643.7 elapsed=2d16h51m
Jul 28 00:58:09 nimbus-eth1-mainnet-long-benchmark[3573364]: INF 2026-07-28 00:58:09.851+00:00 Imported blocks                            blockNumber=17661953 slot=6846009 blocks=17661952 txs=2025789340 mgas=150405819 bps=29.14 tps=3990 mgps=440.4 avgBps=75.56 avgTps=8666 avgMGps=643.5 elapsed=2d16h55m
Jul 28 01:02:51 nimbus-eth1-mainnet-long-benchmark[3573364]: INF 2026-07-28 01:02:51.594+00:00 Imported blocks                            blockNumber=17670145 slot=6854313 blocks=17670144 txs=2027045692 mgas=150529499 bps=29.08 tps=4459 mgps=439.0 avgBps=75.50 avgTps=8661 avgMGps=643.2 elapsed=2d17h26s
Jul 28 01:07:40 nimbus-eth1-mainnet-long-benchmark[3573364]: INF 2026-07-28 01:07:40.917+00:00 Imported blocks                            blockNumber=17678337 slot=6862607 blocks=17678336 txs=2028270682 mgas=150653316 bps=28.31 tps=4233 mgps=427.9 avgBps=75.45 avgTps=8656 avgMGps=642.9 elapsed=2d17h5m
Jul 28 01:12:04 nimbus-eth1-mainnet-long-benchmark[3573364]: INF 2026-07-28 01:12:04.741+00:00 Imported blocks                            blockNumber=17686529 slot=6870912 blocks=17686528 txs=2029535396 mgas=150776970 bps=31.05 tps=4793 mgps=468.7 avgBps=75.40 avgTps=8651 avgMGps=642.8 elapsed=2d17h9m
Jul 28 01:17:00 nimbus-eth1-mainnet-long-benchmark[3573364]: INF 2026-07-28 01:17:00.464+00:00 Imported blocks                            blockNumber=17694721 slot=6879202 blocks=17694720 txs=2030823061 mgas=150900379 bps=27.70 tps=4354 mgps=417.3 avgBps=75.34 avgTps=8646 avgMGps=642.5 elapsed=2d17h14m
Jul 28 01:21:52 nimbus-eth1-mainnet-long-benchmark[3573364]: INF 2026-07-28 01:21:52.392+00:00 Imported blocks                            blockNumber=17702913 slot=6887554 blocks=17702912 txs=2031921273 mgas=151024371 bps=28.06 tps=3761 mgps=424.7 avgBps=75.28 avgTps=8640 avgMGps=642.2 elapsed=2d17h19m
Jul 28 01:27:01 nimbus-eth1-mainnet-long-benchmark[3573364]: INF 2026-07-28 01:27:01.747+00:00 Imported blocks                            blockNumber=17711105 slot=6895845 blocks=17711104 txs=2033029531 mgas=151148159 bps=26.48 tps=3582 mgps=400.2 avgBps=75.21 avgTps=8633 avgMGps=641.9 elapsed=2d17h24m
Jul 28 01:31:54 nimbus-eth1-mainnet-long-benchmark[3573364]: INF 2026-07-28 01:31:54.066+00:00 Imported blocks                            blockNumber=17719297 slot=6904113 blocks=17719296 txs=2034262383 mgas=151271852 bps=28.02 tps=4217 mgps=423.1 avgBps=75.16 avgTps=8628 avgMGps=641.6 elapsed=2d17h29m
Jul 28 01:36:08 nimbus-eth1-mainnet-long-benchmark[3573364]: INF 2026-07-28 01:36:08.006+00:00 Imported blocks                            blockNumber=17727489 slot=6912402 blocks=17727488 txs=2035598343 mgas=151395325 bps=32.26 tps=5260 mgps=486.2 avgBps=75.11 avgTps=8624 avgMGps=641.4 elapsed=2d17h33m
Jul 28 01:40:46 nimbus-eth1-mainnet-long-benchmark[3573364]: INF 2026-07-28 01:40:46.873+00:00 Imported blocks                            blockNumber=17735681 slot=6920655 blocks=17735680 txs=2036811500 mgas=151518904 bps=29.38 tps=4350 mgps=443.1 avgBps=75.06 avgTps=8619 avgMGps=641.2 elapsed=2d17h38m
Jul 28 01:45:22 nimbus-eth1-mainnet-long-benchmark[3573364]: INF 2026-07-28 01:45:22.869+00:00 Imported blocks                            blockNumber=17743873 slot=6928910 blocks=17743872 txs=2038089073 mgas=151642498 bps=29.68 tps=4628 mgps=447.8 avgBps=75.00 avgTps=8614 avgMGps=641.0 elapsed=2d17h42m
Jul 28 01:49:56 nimbus-eth1-mainnet-long-benchmark[3573364]: INF 2026-07-28 01:49:56.181+00:00 Imported blocks                            blockNumber=17752065 slot=6937162 blocks=17752064 txs=2039243929 mgas=151765938 bps=29.97 tps=4225 mgps=451.6 avgBps=74.95 avgTps=8609 avgMGps=640.8 elapsed=2d17h47m
Jul 28 01:55:07 nimbus-eth1-mainnet-long-benchmark[3573364]: INF 2026-07-28 01:55:07.519+00:00 Imported blocks                            blockNumber=17760257 slot=6945412 blocks=17760256 txs=2040366899 mgas=151889663 bps=26.31 tps=3606 mgps=397.4 avgBps=74.89 avgTps=8603 avgMGps=640.4 elapsed=2d17h52m
Jul 28 02:00:15 nimbus-eth1-mainnet-long-benchmark[3573364]: INF 2026-07-28 02:00:15.086+00:00 Imported blocks                            blockNumber=17768449 slot=6953662 blocks=17768448 txs=2041533617 mgas=152013251 bps=26.64 tps=3793 mgps=401.8 avgBps=74.82 avgTps=8597 avgMGps=640.1 elapsed=2d17h57m
Jul 28 02:05:49 nimbus-eth1-mainnet-long-benchmark[3573364]: INF 2026-07-28 02:05:49.473+00:00 Imported blocks                            blockNumber=17776641 slot=6961925 blocks=17776640 txs=2042703023 mgas=152136905 bps=24.50 tps=3497 mgps=369.8 avgBps=74.75 avgTps=8589 avgMGps=639.8 elapsed=2d18h3m
Jul 28 02:11:40 nimbus-eth1-mainnet-long-benchmark[3573364]: INF 2026-07-28 02:11:40.255+00:00 Imported blocks                            blockNumber=17784833 slot=6970175 blocks=17784832 txs=2043855306 mgas=152260510 bps=23.35 tps=3284 mgps=352.4 avgBps=74.68 avgTps=8582 avgMGps=639.3 elapsed=2d18h9m
Jul 28 02:16:22 nimbus-eth1-mainnet-long-benchmark[3573364]: INF 2026-07-28 02:16:22.475+00:00 Imported blocks                            blockNumber=17793025 slot=6978424 blocks=17793024 txs=2045025916 mgas=152384111 bps=29.03 tps=4147 mgps=438.0 avgBps=74.62 avgTps=8576 avgMGps=639.1 elapsed=2d18h13m
Jul 28 02:21:53 nimbus-eth1-mainnet-long-benchmark[3573364]: INF 2026-07-28 02:21:53.901+00:00 Imported blocks                            blockNumber=17801217 slot=6986678 blocks=17801216 txs=2046155994 mgas=152507660 bps=24.72 tps=3409 mgps=372.8 avgBps=74.55 avgTps=8569 avgMGps=638.7 elapsed=2d18h19m
Jul 28 02:29:05 nimbus-eth1-mainnet-long-benchmark[3573364]: INF 2026-07-28 02:29:05.162+00:00 Imported blocks                            blockNumber=17809409 slot=6994934 blocks=17809408 txs=2047286409 mgas=152631387 bps=19.00 tps=2621 mgps=286.9 avgBps=74.45 avgTps=8558 avgMGps=638.1 elapsed=2d18h26m
Jul 28 02:34:43 nimbus-eth1-mainnet-long-benchmark[3573364]: INF 2026-07-28 02:34:43.601+00:00 Imported blocks                            blockNumber=17817601 slot=7003174 blocks=17817600 txs=2048477603 mgas=152755081 bps=24.21 tps=3519 mgps=365.5 avgBps=74.38 avgTps=8551 avgMGps=637.7 elapsed=2d18h32m
Jul 28 02:40:04 nimbus-eth1-mainnet-long-benchmark[3573364]: INF 2026-07-28 02:40:04.544+00:00 Imported blocks                            blockNumber=17825793 slot=7011410 blocks=17825792 txs=2049697138 mgas=152878639 bps=25.52 tps=3799 mgps=385.0 avgBps=74.32 avgTps=8545 avgMGps=637.4 elapsed=2d18h37m
Jul 28 02:45:12 nimbus-eth1-mainnet-long-benchmark[3573364]: INF 2026-07-28 02:45:12.275+00:00 Imported blocks                            blockNumber=17833985 slot=7019652 blocks=17833984 txs=2050902056 mgas=153002214 bps=26.62 tps=3915 mgps=401.6 avgBps=74.26 avgTps=8539 avgMGps=637.1 elapsed=2d18h42m
Jul 28 02:50:11 nimbus-eth1-mainnet-long-benchmark[3573364]: INF 2026-07-28 02:50:11.738+00:00 Imported blocks                            blockNumber=17842177 slot=7027902 blocks=17842176 txs=2052138376 mgas=153125904 bps=27.36 tps=4128 mgps=413.0 avgBps=74.20 avgTps=8533 avgMGps=636.8 elapsed=2d18h47m
Jul 28 02:55:11 nimbus-eth1-mainnet-long-benchmark[3573364]: INF 2026-07-28 02:55:11.329+00:00 Imported blocks                            blockNumber=17850369 slot=7036151 blocks=17850368 txs=2053403722 mgas=153249462 bps=27.34 tps=4223 mgps=412.4 avgBps=74.14 avgTps=8528 avgMGps=636.5 elapsed=2d18h52m
Jul 28 03:00:37 nimbus-eth1-mainnet-long-benchmark[3573364]: INF 2026-07-28 03:00:37.856+00:00 Imported blocks                            blockNumber=17858561 slot=7044407 blocks=17858560 txs=2054561218 mgas=153373392 bps=25.09 tps=3544 mgps=379.5 avgBps=74.07 avgTps=8521 avgMGps=636.2 elapsed=2d18h58m
Jul 28 03:05:33 nimbus-eth1-mainnet-long-benchmark[3573364]: INF 2026-07-28 03:05:33.023+00:00 Imported blocks                            blockNumber=17866753 slot=7052664 blocks=17866752 txs=2055745169 mgas=153497051 bps=27.75 tps=4011 mgps=418.9 avgBps=74.02 avgTps=8516 avgMGps=635.9 elapsed=2d19h3m
Jul 28 03:10:24 nimbus-eth1-mainnet-long-benchmark[3573364]: INF 2026-07-28 03:10:24.158+00:00 Imported blocks                            blockNumber=17874945 slot=7060922 blocks=17874944 txs=2057023576 mgas=153620694 bps=28.14 tps=4391 mgps=424.7 avgBps=73.96 avgTps=8511 avgMGps=635.6 elapsed=2d19h7m
Jul 28 03:15:07 nimbus-eth1-mainnet-long-benchmark[3573364]: INF 2026-07-28 03:15:07.529+00:00 Imported blocks                            blockNumber=17883137 slot=7069180 blocks=17883136 txs=2058222775 mgas=153744263 bps=28.91 tps=4231 mgps=436.1 avgBps=73.91 avgTps=8506 avgMGps=635.4 elapsed=2d19h12m
Jul 28 03:19:54 nimbus-eth1-mainnet-long-benchmark[3573364]: INF 2026-07-28 03:19:54.365+00:00 Imported blocks                            blockNumber=17891329 slot=7077424 blocks=17891328 txs=2059426823 mgas=153867834 bps=28.56 tps=4197 mgps=430.8 avgBps=73.86 avgTps=8501 avgMGps=635.2 elapsed=2d19h17m
Jul 28 03:24:38 nimbus-eth1-mainnet-long-benchmark[3573364]: INF 2026-07-28 03:24:38.832+00:00 Imported blocks                            blockNumber=17899521 slot=7085686 blocks=17899520 txs=2060576293 mgas=153991540 bps=28.80 tps=4040 mgps=434.9 avgBps=73.80 avgTps=8496 avgMGps=634.9 elapsed=2d19h22m
Jul 28 03:29:32 nimbus-eth1-mainnet-long-benchmark[3573364]: INF 2026-07-28 03:29:32.883+00:00 Imported blocks                            blockNumber=17907713 slot=7093924 blocks=17907712 txs=2061645723 mgas=154115478 bps=27.86 tps=3636 mgps=421.5 avgBps=73.75 avgTps=8490 avgMGps=634.7 elapsed=2d19h27m
Jul 28 03:34:27 nimbus-eth1-mainnet-long-benchmark[3573364]: INF 2026-07-28 03:34:27.839+00:00 Imported blocks                            blockNumber=17915905 slot=7102175 blocks=17915904 txs=2062791664 mgas=154239167 bps=27.77 tps=3885 mgps=419.4 avgBps=73.69 avgTps=8484 avgMGps=634.4 elapsed=2d19h32m
Jul 28 03:38:46 nimbus-eth1-mainnet-long-benchmark[3573364]: INF 2026-07-28 03:38:46.014+00:00 Imported blocks                            blockNumber=17924097 slot=7110423 blocks=17924096 txs=2063991310 mgas=154362682 bps=31.73 tps=4646 mgps=478.4 avgBps=73.65 avgTps=8480 avgMGps=634.2 elapsed=2d19h36m
Jul 28 03:43:27 nimbus-eth1-mainnet-long-benchmark[3573364]: INF 2026-07-28 03:43:27.550+00:00 Imported blocks                            blockNumber=17932289 slot=7118675 blocks=17932288 txs=2065212442 mgas=154486196 bps=29.10 tps=4337 mgps=438.7 avgBps=73.59 avgTps=8475 avgMGps=634.0 elapsed=2d19h41m
Jul 28 03:47:58 nimbus-eth1-mainnet-long-benchmark[3573364]: INF 2026-07-28 03:47:58.053+00:00 Imported blocks                            blockNumber=17940481 slot=7126933 blocks=17940480 txs=2066443515 mgas=154609755 bps=30.28 tps=4551 mgps=456.8 avgBps=73.55 avgTps=8471 avgMGps=633.8 elapsed=2d19h45m
Jul 28 03:52:52 nimbus-eth1-mainnet-long-benchmark[3573364]: INF 2026-07-28 03:52:52.761+00:00 Imported blocks                            blockNumber=17948673 slot=7135190 blocks=17948672 txs=2067692409 mgas=154733379 bps=27.80 tps=4237 mgps=419.5 avgBps=73.49 avgTps=8466 avgMGps=633.6 elapsed=2d19h50m
Jul 28 03:57:47 nimbus-eth1-mainnet-long-benchmark[3573364]: INF 2026-07-28 03:57:47.808+00:00 Imported blocks                            blockNumber=17956865 slot=7143454 blocks=17956864 txs=2068792056 mgas=154857268 bps=27.77 tps=3727 mgps=419.9 avgBps=73.44 avgTps=8460 avgMGps=633.3 elapsed=2d19h55m
Jul 28 04:02:43 nimbus-eth1-mainnet-long-benchmark[3573364]: INF 2026-07-28 04:02:43.403+00:00 Imported blocks                            blockNumber=17965057 slot=7151711 blocks=17965056 txs=2069949467 mgas=154980906 bps=27.71 tps=3915 mgps=418.3 avgBps=73.38 avgTps=8455 avgMGps=633.0 elapsed=2d20h18s
Jul 28 04:07:31 nimbus-eth1-mainnet-long-benchmark[3573364]: INF 2026-07-28 04:07:31.210+00:00 Imported blocks                            blockNumber=17973249 slot=7159953 blocks=17973248 txs=2071131106 mgas=155104484 bps=28.46 tps=4105 mgps=429.4 avgBps=73.33 avgTps=8449 avgMGps=632.8 elapsed=2d20h5m
Jul 28 04:12:16 nimbus-eth1-mainnet-long-benchmark[3573364]: INF 2026-07-28 04:12:16.974+00:00 Imported blocks                            blockNumber=17981441 slot=7168195 blocks=17981440 txs=2072319886 mgas=155227911 bps=28.67 tps=4160 mgps=431.9 avgBps=73.28 avgTps=8444 avgMGps=632.6 elapsed=2d20h9m
Jul 28 04:17:01 nimbus-eth1-mainnet-long-benchmark[3573364]: INF 2026-07-28 04:17:01.069+00:00 Imported blocks                            blockNumber=17989633 slot=7176448 blocks=17989632 txs=2073520122 mgas=155351502 bps=28.84 tps=4224 mgps=435.0 avgBps=73.23 avgTps=8440 avgMGps=632.3 elapsed=2d20h14m
Jul 28 04:21:51 nimbus-eth1-mainnet-long-benchmark[3573364]: INF 2026-07-28 04:21:51.100+00:00 Imported blocks                            blockNumber=17997825 slot=7184717 blocks=17997824 txs=2074697917 mgas=155475068 bps=28.25 tps=4060 mgps=426.0 avgBps=73.17 avgTps=8434 avgMGps=632.1 elapsed=2d20h19m
Jul 28 04:27:17 nimbus-eth1-mainnet-long-benchmark[3573364]: INF 2026-07-28 04:27:17.815+00:00 Imported blocks                            blockNumber=18006017 slot=7192955 blocks=18006016 txs=2075765432 mgas=155599048 bps=25.07 tps=3267 mgps=379.5 avgBps=73.11 avgTps=8428 avgMGps=631.8 elapsed=2d20h24m
Jul 28 04:32:18 nimbus-eth1-mainnet-long-benchmark[3573364]: INF 2026-07-28 04:32:18.534+00:00 Imported blocks                            blockNumber=18014209 slot=7201216 blocks=18014208 txs=2076875571 mgas=155722925 bps=27.24 tps=3691 mgps=411.9 avgBps=73.05 avgTps=8422 avgMGps=631.5 elapsed=2d20h29m
Jul 28 04:36:57 nimbus-eth1-mainnet-long-benchmark[3573364]: INF 2026-07-28 04:36:57.266+00:00 Imported blocks                            blockNumber=18022401 slot=7209486 blocks=18022400 txs=2078048954 mgas=155846484 bps=29.39 tps=4209 mgps=443.3 avgBps=73.00 avgTps=8417 avgMGps=631.3 elapsed=2d20h34m
Jul 28 04:41:56 nimbus-eth1-mainnet-long-benchmark[3573364]: INF 2026-07-28 04:41:56.337+00:00 Imported blocks                            blockNumber=18030593 slot=7217747 blocks=18030592 txs=2079226010 mgas=155969992 bps=27.39 tps=3935 mgps=413.0 avgBps=72.95 avgTps=8412 avgMGps=631.0 elapsed=2d20h39m
Jul 28 04:46:49 nimbus-eth1-mainnet-long-benchmark[3573364]: INF 2026-07-28 04:46:49.488+00:00 Imported blocks                            blockNumber=18038785 slot=7226002 blocks=18038784 txs=2080377713 mgas=156093560 bps=27.94 tps=3928 mgps=421.5 avgBps=72.89 avgTps=8406 avgMGps=630.8 elapsed=2d20h44m
Jul 28 04:52:00 nimbus-eth1-mainnet-long-benchmark[3573364]: INF 2026-07-28 04:52:00.127+00:00 Imported blocks                            blockNumber=18046977 slot=7234267 blocks=18046976 txs=2081507154 mgas=156217456 bps=26.37 tps=3635 mgps=398.8 avgBps=72.84 avgTps=8400 avgMGps=630.5 elapsed=2d20h49m
Jul 28 04:57:15 nimbus-eth1-mainnet-long-benchmark[3573364]: INF 2026-07-28 04:57:15.342+00:00 Imported blocks                            blockNumber=18055169 slot=7242532 blocks=18055168 txs=2082719208 mgas=156341506 bps=25.99 tps=3845 mgps=393.5 avgBps=72.78 avgTps=8395 avgMGps=630.2 elapsed=2d20h54m
Jul 28 05:02:24 nimbus-eth1-mainnet-long-benchmark[3573364]: INF 2026-07-28 05:02:24.529+00:00 Imported blocks                            blockNumber=18063361 slot=7250786 blocks=18063360 txs=2083859821 mgas=156465218 bps=26.50 tps=3689 mgps=400.1 avgBps=72.72 avgTps=8389 avgMGps=629.9 elapsed=2d20h59m
Jul 28 05:07:28 nimbus-eth1-mainnet-long-benchmark[3573364]: INF 2026-07-28 05:07:28.192+00:00 Imported blocks                            blockNumber=18071553 slot=7259026 blocks=18071552 txs=2084967028 mgas=156589216 bps=26.98 tps=3646 mgps=408.3 avgBps=72.66 avgTps=8383 avgMGps=629.6 elapsed=2d21h5m
Jul 28 05:12:36 nimbus-eth1-mainnet-long-benchmark[3573364]: INF 2026-07-28 05:12:36.799+00:00 Imported blocks                            blockNumber=18079745 slot=7267303 blocks=18079744 txs=2086196249 mgas=156712793 bps=26.54 tps=3983 mgps=400.4 avgBps=72.61 avgTps=8377 avgMGps=629.3 elapsed=2d21h10m
Jul 28 05:17:38 nimbus-eth1-mainnet-long-benchmark[3573364]: INF 2026-07-28 05:17:38.226+00:00 Imported blocks                            blockNumber=18087937 slot=7275548 blocks=18087936 txs=2087355068 mgas=156836450 bps=27.18 tps=3844 mgps=410.2 avgBps=72.55 avgTps=8372 avgMGps=629.1 elapsed=2d21h15m
Jul 28 05:22:40 nimbus-eth1-mainnet-long-benchmark[3573364]: INF 2026-07-28 05:22:40.129+00:00 Imported blocks                            blockNumber=18096129 slot=7283810 blocks=18096128 txs=2088495155 mgas=156960164 bps=27.13 tps=3776 mgps=409.8 avgBps=72.50 avgTps=8366 avgMGps=628.8 elapsed=2d21h20m
Jul 28 05:27:55 nimbus-eth1-mainnet-long-benchmark[3573364]: INF 2026-07-28 05:27:55.192+00:00 Imported blocks                            blockNumber=18104321 slot=7292076 blocks=18104320 txs=2089530747 mgas=157084229 bps=26.00 tps=3286 mgps=393.8 avgBps=72.44 avgTps=8360 avgMGps=628.5 elapsed=2d21h25m
Jul 28 05:33:11 nimbus-eth1-mainnet-long-benchmark[3573364]: INF 2026-07-28 05:33:11.063+00:00 Imported blocks                            blockNumber=18112513 slot=7300337 blocks=18112512 txs=2090599202 mgas=157208354 bps=25.93 tps=3382 mgps=393.0 avgBps=72.38 avgTps=8354 avgMGps=628.2 elapsed=2d21h30m
Jul 28 05:38:39 nimbus-eth1-mainnet-long-benchmark[3573364]: INF 2026-07-28 05:38:39.590+00:00 Imported blocks                            blockNumber=18120705 slot=7308598 blocks=18120704 txs=2091830760 mgas=157332137 bps=24.94 tps=3748 mgps=376.8 avgBps=72.32 avgTps=8348 avgMGps=627.9 elapsed=2d21h36m
Jul 28 05:44:09 nimbus-eth1-mainnet-long-benchmark[3573364]: INF 2026-07-28 05:44:09.392+00:00 Imported blocks                            blockNumber=18128897 slot=7316868 blocks=18128896 txs=2093635465 mgas=157455944 bps=24.84 tps=5472 mgps=375.4 avgBps=72.25 avgTps=8344 avgMGps=627.6 elapsed=2d21h41m
Jul 28 05:48:52 nimbus-eth1-mainnet-long-benchmark[3573364]: INF 2026-07-28 05:48:52.540+00:00 Imported blocks                            blockNumber=18137089 slot=7325152 blocks=18137088 txs=2094856245 mgas=157579700 bps=28.93 tps=4311 mgps=437.1 avgBps=72.21 avgTps=8339 avgMGps=627.3 elapsed=2d21h46m
Jul 28 05:53:58 nimbus-eth1-mainnet-long-benchmark[3573364]: INF 2026-07-28 05:53:58.963+00:00 Imported blocks                            blockNumber=18145281 slot=7333463 blocks=18145280 txs=2096023505 mgas=157703175 bps=26.73 tps=3809 mgps=403.0 avgBps=72.15 avgTps=8334 avgMGps=627.1 elapsed=2d21h51m
Jul 28 05:59:19 nimbus-eth1-mainnet-long-benchmark[3573364]: INF 2026-07-28 05:59:19.042+00:00 Imported blocks                            blockNumber=18153473 slot=7341807 blocks=18153472 txs=2097064348 mgas=157827253 bps=25.59 tps=3251 mgps=387.6 avgBps=72.09 avgTps=8327 avgMGps=626.8 elapsed=2d21h56m
Jul 28 06:04:42 nimbus-eth1-mainnet-long-benchmark[3573364]: INF 2026-07-28 06:04:42.248+00:00 Imported blocks                            blockNumber=18161665 slot=7350157 blocks=18161664 txs=2098109700 mgas=157951329 bps=25.35 tps=3234 mgps=383.9 avgBps=72.03 avgTps=8321 avgMGps=626.4 elapsed=2d22h2m
Jul 28 06:10:02 nimbus-eth1-mainnet-long-benchmark[3573364]: INF 2026-07-28 06:10:02.511+00:00 Imported blocks                            blockNumber=18169857 slot=7358440 blocks=18169856 txs=2099265398 mgas=158075134 bps=25.58 tps=3608 mgps=386.6 avgBps=71.97 avgTps=8315 avgMGps=626.1 elapsed=2d22h7m
Jul 28 06:15:07 nimbus-eth1-mainnet-long-benchmark[3573364]: INF 2026-07-28 06:15:07.918+00:00 Imported blocks                            blockNumber=18178049 slot=7366694 blocks=18178048 txs=2100433427 mgas=158198872 bps=26.82 tps=3824 mgps=405.2 avgBps=71.92 avgTps=8309 avgMGps=625.9 elapsed=2d22h12m
Jul 28 06:20:18 nimbus-eth1-mainnet-long-benchmark[3573364]: INF 2026-07-28 06:20:18.149+00:00 Imported blocks                            blockNumber=18186241 slot=7374947 blocks=18186240 txs=2101720457 mgas=158322717 bps=26.41 tps=4148 mgps=399.2 avgBps=71.86 avgTps=8304 avgMGps=625.6 elapsed=2d22h17m
Jul 28 06:25:35 nimbus-eth1-mainnet-long-benchmark[3573364]: INF 2026-07-28 06:25:35.052+00:00 Imported blocks                            blockNumber=18194433 slot=7383221 blocks=18194432 txs=2102847004 mgas=158446430 bps=25.85 tps=3554 mgps=390.4 avgBps=71.80 avgTps=8298 avgMGps=625.3 elapsed=2d22h23m
Jul 28 06:31:01 nimbus-eth1-mainnet-long-benchmark[3573364]: INF 2026-07-28 06:31:01.127+00:00 Imported blocks                            blockNumber=18202625 slot=7391475 blocks=18202624 txs=2103834429 mgas=158570965 bps=25.12 tps=3028 mgps=381.9 avgBps=71.74 avgTps=8292 avgMGps=625.0 elapsed=2d22h28m
Jul 28 06:36:28 nimbus-eth1-mainnet-long-benchmark[3573364]: INF 2026-07-28 06:36:28.145+00:00 Imported blocks                            blockNumber=18210817 slot=7399742 blocks=18210816 txs=2104846730 mgas=158695197 bps=25.05 tps=3095 mgps=379.9 avgBps=71.68 avgTps=8285 avgMGps=624.7 elapsed=2d22h34m
Jul 28 06:41:32 nimbus-eth1-mainnet-long-benchmark[3573364]: INF 2026-07-28 06:41:32.077+00:00 Imported blocks                            blockNumber=18219009 slot=7407987 blocks=18219008 txs=2106006905 mgas=158819194 bps=26.95 tps=3817 mgps=408.0 avgBps=71.63 avgTps=8280 avgMGps=624.4 elapsed=2d22h39m
Jul 28 06:46:41 nimbus-eth1-mainnet-long-benchmark[3573364]: INF 2026-07-28 06:46:41.448+00:00 Imported blocks                            blockNumber=18227201 slot=7416247 blocks=18227200 txs=2107241601 mgas=158942696 bps=26.48 tps=3990 mgps=399.2 avgBps=71.58 avgTps=8274 avgMGps=624.1 elapsed=2d22h44m
Jul 28 06:51:43 nimbus-eth1-mainnet-long-benchmark[3573364]: INF 2026-07-28 06:51:43.887+00:00 Imported blocks                            blockNumber=18235393 slot=7424510 blocks=18235392 txs=2108433909 mgas=159066547 bps=27.09 tps=3942 mgps=409.5 avgBps=71.52 avgTps=8269 avgMGps=623.9 elapsed=2d22h49m
Jul 28 06:57:01 nimbus-eth1-mainnet-long-benchmark[3573364]: INF 2026-07-28 06:57:01.105+00:00 Imported blocks                            blockNumber=18243585 slot=7432769 blocks=18243584 txs=2109614990 mgas=159190187 bps=25.82 tps=3723 mgps=389.8 avgBps=71.47 avgTps=8264 avgMGps=623.6 elapsed=2d22h54m
Jul 28 07:02:29 nimbus-eth1-mainnet-long-benchmark[3573364]: INF 2026-07-28 07:02:29.288+00:00 Imported blocks                            blockNumber=18251777 slot=7441011 blocks=18251776 txs=2110737320 mgas=159313978 bps=24.96 tps=3419 mgps=377.2 avgBps=71.41 avgTps=8257 avgMGps=623.3 elapsed=2d23h4s
Jul 28 07:07:54 nimbus-eth1-mainnet-long-benchmark[3573364]: INF 2026-07-28 07:07:54.499+00:00 Imported blocks                            blockNumber=18259969 slot=7449248 blocks=18259968 txs=2111794461 mgas=159437984 bps=25.19 tps=3250 mgps=381.3 avgBps=71.35 avgTps=8251 avgMGps=623.0 elapsed=2d23h5m
Jul 28 07:13:00 nimbus-eth1-mainnet-long-benchmark[3573364]: INF 2026-07-28 07:13:00.066+00:00 Imported blocks                            blockNumber=18268161 slot=7457480 blocks=18268160 txs=2112944237 mgas=159561764 bps=26.81 tps=3762 mgps=405.1 avgBps=71.29 avgTps=8246 avgMGps=622.7 elapsed=2d23h10m
Jul 28 07:18:18 nimbus-eth1-mainnet-long-benchmark[3573364]: INF 2026-07-28 07:18:18.637+00:00 Imported blocks                            blockNumber=18276353 slot=7465732 blocks=18276352 txs=2114083159 mgas=159685589 bps=25.71 tps=3575 mgps=388.7 avgBps=71.24 avgTps=8240 avgMGps=622.4 elapsed=2d23h15m
Jul 28 07:23:37 nimbus-eth1-mainnet-long-benchmark[3573364]: INF 2026-07-28 07:23:37.764+00:00 Imported blocks                            blockNumber=18284545 slot=7473976 blocks=18284544 txs=2115199907 mgas=159809502 bps=25.67 tps=3499 mgps=388.3 avgBps=71.18 avgTps=8234 avgMGps=622.1 elapsed=2d23h21m
Jul 28 07:29:14 nimbus-eth1-mainnet-long-benchmark[3573364]: INF 2026-07-28 07:29:14.814+00:00 Imported blocks                            blockNumber=18292737 slot=7482227 blocks=18292736 txs=2116327705 mgas=159933514 bps=24.31 tps=3346 mgps=367.9 avgBps=71.12 avgTps=8228 avgMGps=621.8 elapsed=2d23h26m
Jul 28 07:35:07 nimbus-eth1-mainnet-long-benchmark[3573364]: INF 2026-07-28 07:35:07.980+00:00 Imported blocks                            blockNumber=18300929 slot=7490473 blocks=18300928 txs=2117494895 mgas=160057346 bps=23.20 tps=3304 mgps=350.6 avgBps=71.05 avgTps=8221 avgMGps=621.4 elapsed=2d23h32m
Jul 28 07:41:02 nimbus-eth1-mainnet-long-benchmark[3573364]: INF 2026-07-28 07:41:02.511+00:00 Imported blocks                            blockNumber=18309121 slot=7498722 blocks=18309120 txs=2118548315 mgas=160181470 bps=23.11 tps=2971 mgps=350.1 avgBps=70.99 avgTps=8214 avgMGps=621.1 elapsed=2d23h38m
Jul 28 07:46:58 nimbus-eth1-mainnet-long-benchmark[3573364]: INF 2026-07-28 07:46:58.177+00:00 Imported blocks                            blockNumber=18317313 slot=7506978 blocks=18317312 txs=2119681478 mgas=160305363 bps=23.03 tps=3186 mgps=348.3 avgBps=70.92 avgTps=8207 avgMGps=620.7 elapsed=2d23h44m
Jul 28 07:53:26 nimbus-eth1-mainnet-long-benchmark[3573364]: INF 2026-07-28 07:53:26.831+00:00 Imported blocks                            blockNumber=18325505 slot=7515227 blocks=18325504 txs=2120814013 mgas=160429327 bps=21.08 tps=2914 mgps=319.0 avgBps=70.85 avgTps=8199 avgMGps=620.2 elapsed=2d23h51m
Jul 28 07:59:24 nimbus-eth1-mainnet-long-benchmark[3573364]: INF 2026-07-28 07:59:24.257+00:00 Imported blocks                            blockNumber=18333697 slot=7523497 blocks=18333696 txs=2121988927 mgas=160553135 bps=22.92 tps=3287 mgps=346.4 avgBps=70.78 avgTps=8192 avgMGps=619.9 elapsed=2d23h56m
Jul 28 08:04:43 nimbus-eth1-mainnet-long-benchmark[3573364]: INF 2026-07-28 08:04:43.236+00:00 Imported blocks                            blockNumber=18341889 slot=7531758 blocks=18341888 txs=2123139659 mgas=160677144 bps=25.68 tps=3607 mgps=388.8 avgBps=70.73 avgTps=8186 avgMGps=619.6 elapsed=3d2m18s
Jul 28 08:10:19 nimbus-eth1-mainnet-long-benchmark[3573364]: INF 2026-07-28 08:10:19.090+00:00 Imported blocks                            blockNumber=18350081 slot=7540010 blocks=18350080 txs=2124235413 mgas=160801210 bps=24.39 tps=3262 mgps=369.4 avgBps=70.67 avgTps=8180 avgMGps=619.2 elapsed=3d7m54s
Jul 28 08:15:49 nimbus-eth1-mainnet-long-benchmark[3573364]: INF 2026-07-28 08:15:49.817+00:00 Imported blocks                            blockNumber=18358273 slot=7548250 blocks=18358272 txs=2125267339 mgas=160925503 bps=24.77 tps=3120 mgps=375.8 avgBps=70.61 avgTps=8173 avgMGps=618.9 elapsed=3d13m24s
Jul 28 08:20:58 nimbus-eth1-mainnet-long-benchmark[3573364]: INF 2026-07-28 08:20:58.256+00:00 Imported blocks                            blockNumber=18366465 slot=7556485 blocks=18366464 txs=2126437189 mgas=161049300 bps=26.56 tps=3792 mgps=401.4 avgBps=70.56 avgTps=8168 avgMGps=618.7 elapsed=3d18m33s
Jul 28 08:26:14 nimbus-eth1-mainnet-long-benchmark[3573364]: INF 2026-07-28 08:26:14.375+00:00 Imported blocks                            blockNumber=18374657 slot=7564737 blocks=18374656 txs=2127575074 mgas=161173063 bps=25.91 tps=3599 mgps=391.5 avgBps=70.50 avgTps=8163 avgMGps=618.4 elapsed=3d23m49s
Jul 28 08:31:29 nimbus-eth1-mainnet-long-benchmark[3573364]: INF 2026-07-28 08:31:29.866+00:00 Imported blocks                            blockNumber=18382849 slot=7572992 blocks=18382848 txs=2128712227 mgas=161296803 bps=25.97 tps=3604 mgps=392.2 avgBps=70.45 avgTps=8157 avgMGps=618.1 elapsed=3d29m4s
Jul 28 08:36:21 nimbus-eth1-mainnet-long-benchmark[3573364]: INF 2026-07-28 08:36:21.489+00:00 Imported blocks                            blockNumber=18391041 slot=7581241 blocks=18391040 txs=2129908343 mgas=161420499 bps=28.09 tps=4101 mgps=424.2 avgBps=70.40 avgTps=8153 avgMGps=617.9 elapsed=3d33m56s
Jul 28 08:41:46 nimbus-eth1-mainnet-long-benchmark[3573364]: INF 2026-07-28 08:41:46.260+00:00 Imported blocks                            blockNumber=18399233 slot=7589493 blocks=18399232 txs=2131096762 mgas=161544248 bps=25.22 tps=3659 mgps=381.0 avgBps=70.34 avgTps=8147 avgMGps=617.6 elapsed=3d39m21s
Jul 28 08:47:00 nimbus-eth1-mainnet-long-benchmark[3573364]: INF 2026-07-28 08:47:00.435+00:00 Imported blocks                            blockNumber=18407425 slot=7597744 blocks=18407424 txs=2132227512 mgas=161668055 bps=26.08 tps=3599 mgps=394.1 avgBps=70.29 avgTps=8142 avgMGps=617.3 elapsed=3d44m35s
Jul 28 08:52:21 nimbus-eth1-mainnet-long-benchmark[3573364]: INF 2026-07-28 08:52:21.801+00:00 Imported blocks                            blockNumber=18415617 slot=7606005 blocks=18415616 txs=2133430909 mgas=161791768 bps=25.49 tps=3744 mgps=385.0 avgBps=70.24 avgTps=8136 avgMGps=617.1 elapsed=3d49m56s
Jul 28 08:57:13 nimbus-eth1-mainnet-long-benchmark[3573364]: INF 2026-07-28 08:57:13.733+00:00 Imported blocks                            blockNumber=18423809 slot=7614258 blocks=18423808 txs=2134687977 mgas=161915430 bps=28.06 tps=4306 mgps=423.6 avgBps=70.19 avgTps=8132 avgMGps=616.8 elapsed=3d54m48s
Jul 28 09:01:49 nimbus-eth1-mainnet-long-benchmark[3573364]: INF 2026-07-28 09:01:49.560+00:00 Imported blocks                            blockNumber=18432001 slot=7622531 blocks=18432000 txs=2135940598 mgas=162039077 bps=29.70 tps=4541 mgps=448.3 avgBps=70.15 avgTps=8128 avgMGps=616.7 elapsed=3d59m24s
Jul 28 09:06:48 nimbus-eth1-mainnet-long-benchmark[3573364]: INF 2026-07-28 09:06:48.439+00:00 Imported blocks                            blockNumber=18440193 slot=7630780 blocks=18440192 txs=2137146456 mgas=162162686 bps=27.41 tps=4034 mgps=413.6 avgBps=70.10 avgTps=8124 avgMGps=616.4 elapsed=3d1h4m
Jul 28 09:11:48 nimbus-eth1-mainnet-long-benchmark[3573364]: INF 2026-07-28 09:11:48.846+00:00 Imported blocks                            blockNumber=18448385 slot=7639025 blocks=18448384 txs=2138317992 mgas=162286292 bps=27.27 tps=3899 mgps=411.5 avgBps=70.05 avgTps=8119 avgMGps=616.2 elapsed=3d1h9m
Jul 28 09:16:54 nimbus-eth1-mainnet-long-benchmark[3573364]: INF 2026-07-28 09:16:54.369+00:00 Imported blocks                            blockNumber=18456577 slot=7647282 blocks=18456576 txs=2139502327 mgas=162409980 bps=26.81 tps=3876 mgps=404.8 avgBps=70.00 avgTps=8114 avgMGps=616.0 elapsed=3d1h14m
Jul 28 09:22:07 nimbus-eth1-mainnet-long-benchmark[3573364]: INF 2026-07-28 09:22:07.140+00:00 Imported blocks                            blockNumber=18464769 slot=7655550 blocks=18464768 txs=2140730034 mgas=162533636 bps=26.19 tps=3925 mgps=395.4 avgBps=69.95 avgTps=8109 avgMGps=615.7 elapsed=3d1h19m
Jul 28 09:27:04 nimbus-eth1-mainnet-long-benchmark[3573364]: INF 2026-07-28 09:27:04.532+00:00 Imported blocks                            blockNumber=18472961 slot=7663813 blocks=18472960 txs=2142014772 mgas=162657238 bps=27.55 tps=4320 mgps=415.6 avgBps=69.90 avgTps=8105 avgMGps=615.5 elapsed=3d1h24m
Jul 28 09:31:56 nimbus-eth1-mainnet-long-benchmark[3573364]: INF 2026-07-28 09:31:56.559+00:00 Imported blocks                            blockNumber=18481153 slot=7672060 blocks=18481152 txs=2143271075 mgas=162780880 bps=28.05 tps=4301 mgps=423.4 avgBps=69.85 avgTps=8100 avgMGps=615.3 elapsed=3d1h29m
Jul 28 09:36:46 nimbus-eth1-mainnet-long-benchmark[3573364]: INF 2026-07-28 09:36:46.122+00:00 Imported blocks                            blockNumber=18489345 slot=7680331 blocks=18489344 txs=2144466154 mgas=162904423 bps=28.29 tps=4127 mgps=426.7 avgBps=69.81 avgTps=8096 avgMGps=615.1 elapsed=3d1h34m
Jul 28 09:41:49 nimbus-eth1-mainnet-long-benchmark[3573364]: INF 2026-07-28 09:41:49.305+00:00 Imported blocks                            blockNumber=18497537 slot=7688594 blocks=18497536 txs=2145705018 mgas=163028153 bps=27.02 tps=4086 mgps=408.1 avgBps=69.76 avgTps=8091 avgMGps=614.8 elapsed=3d1h39m
Jul 28 09:47:03 nimbus-eth1-mainnet-long-benchmark[3573364]: INF 2026-07-28 09:47:03.788+00:00 Imported blocks                            blockNumber=18505729 slot=7696861 blocks=18505728 txs=2146887370 mgas=163151747 bps=26.05 tps=3759 mgps=393.0 avgBps=69.71 avgTps=8086 avgMGps=614.6 elapsed=3d1h44m
Jul 28 09:52:11 nimbus-eth1-mainnet-long-benchmark[3573364]: INF 2026-07-28 09:52:11.847+00:00 Imported blocks                            blockNumber=18513921 slot=7705129 blocks=18513920 txs=2148120956 mgas=163275369 bps=26.59 tps=4004 mgps=401.3 avgBps=69.66 avgTps=8082 avgMGps=614.3 elapsed=3d1h49m
Jul 28 09:57:06 nimbus-eth1-mainnet-long-benchmark[3573364]: INF 2026-07-28 09:57:06.434+00:00 Imported blocks                            blockNumber=18522113 slot=7713386 blocks=18522112 txs=2149350982 mgas=163398995 bps=27.81 tps=4175 mgps=419.7 avgBps=69.61 avgTps=8077 avgMGps=614.1 elapsed=3d1h54m
Jul 28 10:02:08 nimbus-eth1-mainnet-long-benchmark[3573364]: INF 2026-07-28 10:02:08.478+00:00 Imported blocks                            blockNumber=18530305 slot=7721624 blocks=18530304 txs=2150574609 mgas=163522549 bps=27.12 tps=4051 mgps=409.1 avgBps=69.56 avgTps=8073 avgMGps=613.9 elapsed=3d1h59m
Jul 28 10:06:53 nimbus-eth1-mainnet-long-benchmark[3573364]: INF 2026-07-28 10:06:53.337+00:00 Imported blocks                            blockNumber=18538497 slot=7729874 blocks=18538496 txs=2151864763 mgas=163646220 bps=28.76 tps=4529 mgps=434.1 avgBps=69.52 avgTps=8069 avgMGps=613.7 elapsed=3d2h4m
Jul 28 10:12:05 nimbus-eth1-mainnet-long-benchmark[3573364]: INF 2026-07-28 10:12:05.088+00:00 Imported blocks                            blockNumber=18546689 slot=7738125 blocks=18546688 txs=2153141144 mgas=163769919 bps=26.28 tps=4094 mgps=396.8 avgBps=69.47 avgTps=8064 avgMGps=613.4 elapsed=3d2h9m
Jul 28 10:17:51 nimbus-eth1-mainnet-long-benchmark[3573364]: INF 2026-07-28 10:17:51.250+00:00 Imported blocks                            blockNumber=18554881 slot=7746382 blocks=18554880 txs=2154387156 mgas=163893653 bps=23.67 tps=3599 mgps=357.4 avgBps=69.41 avgTps=8059 avgMGps=613.1 elapsed=3d2h15m
Jul 28 10:23:08 nimbus-eth1-mainnet-long-benchmark[3573364]: INF 2026-07-28 10:23:08.065+00:00 Imported blocks                            blockNumber=18563073 slot=7754631 blocks=18563072 txs=2155633642 mgas=164017287 bps=25.86 tps=3934 mgps=390.2 avgBps=69.36 avgTps=8054 avgMGps=612.8 elapsed=3d2h20m
Jul 28 10:28:06 nimbus-eth1-mainnet-long-benchmark[3573364]: INF 2026-07-28 10:28:06.313+00:00 Imported blocks                            blockNumber=18571265 slot=7762868 blocks=18571264 txs=2156852995 mgas=164140959 bps=27.47 tps=4088 mgps=414.7 avgBps=69.31 avgTps=8049 avgMGps=612.6 elapsed=3d2h25m
Jul 28 10:33:13 nimbus-eth1-mainnet-long-benchmark[3573364]: INF 2026-07-28 10:33:13.496+00:00 Imported blocks                            blockNumber=18579457 slot=7771127 blocks=18579456 txs=2158086803 mgas=164264504 bps=26.67 tps=4016 mgps=402.2 avgBps=69.26 avgTps=8045 avgMGps=612.4 elapsed=3d2h30m
Jul 28 10:38:16 nimbus-eth1-mainnet-long-benchmark[3573364]: INF 2026-07-28 10:38:16.559+00:00 Imported blocks                            blockNumber=18587649 slot=7779363 blocks=18587648 txs=2159340993 mgas=164388154 bps=27.03 tps=4138 mgps=408.0 avgBps=69.21 avgTps=8040 avgMGps=612.1 elapsed=3d2h35m
Jul 28 10:43:17 nimbus-eth1-mainnet-long-benchmark[3573364]: INF 2026-07-28 10:43:17.014+00:00 Imported blocks                            blockNumber=18595841 slot=7787617 blocks=18595840 txs=2160585501 mgas=164511768 bps=27.27 tps=4142 mgps=411.4 avgBps=69.17 avgTps=8036 avgMGps=611.9 elapsed=3d2h40m
Jul 28 10:48:47 nimbus-eth1-mainnet-long-benchmark[3573364]: INF 2026-07-28 10:48:47.521+00:00 Imported blocks                            blockNumber=18604033 slot=7795903 blocks=18604032 txs=2161845405 mgas=164635482 bps=24.79 tps=3812 mgps=374.3 avgBps=69.11 avgTps=8031 avgMGps=611.6 elapsed=3d2h46m
Jul 28 10:54:21 nimbus-eth1-mainnet-long-benchmark[3573364]: INF 2026-07-28 10:54:21.039+00:00 Imported blocks                            blockNumber=18612225 slot=7804160 blocks=18612224 txs=2163061975 mgas=164759292 bps=24.56 tps=3647 mgps=371.2 avgBps=69.06 avgTps=8025 avgMGps=611.3 elapsed=3d2h51m
Jul 28 10:59:18 nimbus-eth1-mainnet-long-benchmark[3573364]: INF 2026-07-28 10:59:18.194+00:00 Imported blocks                            blockNumber=18620417 slot=7812425 blocks=18620416 txs=2164344396 mgas=164882973 bps=27.57 tps=4315 mgps=416.2 avgBps=69.01 avgTps=8021 avgMGps=611.1 elapsed=3d2h56m
Jul 28 11:04:13 nimbus-eth1-mainnet-long-benchmark[3573364]: INF 2026-07-28 11:04:13.598+00:00 Imported blocks                            blockNumber=18628609 slot=7820683 blocks=18628608 txs=2165634691 mgas=165006735 bps=27.73 tps=4367 mgps=419.0 avgBps=68.97 avgTps=8017 avgMGps=610.9 elapsed=3d3h1m
Jul 28 11:09:37 nimbus-eth1-mainnet-long-benchmark[3573364]: INF 2026-07-28 11:09:37.712+00:00 Imported blocks                            blockNumber=18636801 slot=7828925 blocks=18636800 txs=2166964452 mgas=165130359 bps=25.27 tps=4102 mgps=381.4 avgBps=68.91 avgTps=8012 avgMGps=610.6 elapsed=3d3h7m
Jul 28 11:15:23 nimbus-eth1-mainnet-long-benchmark[3573364]: INF 2026-07-28 11:15:23.703+00:00 Imported blocks                            blockNumber=18644993 slot=7837197 blocks=18644992 txs=2168193684 mgas=165254032 bps=23.68 tps=3552 mgps=357.4 avgBps=68.86 avgTps=8007 avgMGps=610.3 elapsed=3d3h12m
Jul 28 11:21:25 nimbus-eth1-mainnet-long-benchmark[3573364]: INF 2026-07-28 11:21:25.221+00:00 Imported blocks                            blockNumber=18653185 slot=7845459 blocks=18653184 txs=2169318515 mgas=165377755 bps=22.66 tps=3111 mgps=342.2 avgBps=68.80 avgTps=8000 avgMGps=609.9 elapsed=3d3h19m
Jul 28 11:27:30 nimbus-eth1-mainnet-long-benchmark[3573364]: INF 2026-07-28 11:27:30.727+00:00 Imported blocks                            blockNumber=18661377 slot=7853721 blocks=18661376 txs=2170460354 mgas=165501516 bps=22.41 tps=3123 mgps=338.6 avgBps=68.73 avgTps=7994 avgMGps=609.6 elapsed=3d3h25m
Jul 28 11:32:42 nimbus-eth1-mainnet-long-benchmark[3573364]: INF 2026-07-28 11:32:42.502+00:00 Imported blocks                            blockNumber=18669569 slot=7861982 blocks=18669568 txs=2171736931 mgas=165625160 bps=26.28 tps=4094 mgps=396.6 avgBps=68.68 avgTps=7989 avgMGps=609.3 elapsed=3d3h30m
Jul 28 11:37:44 nimbus-eth1-mainnet-long-benchmark[3573364]: INF 2026-07-28 11:37:44.725+00:00 Imported blocks                            blockNumber=18677761 slot=7870232 blocks=18677760 txs=2173085920 mgas=165748825 bps=27.11 tps=4463 mgps=409.2 avgBps=68.64 avgTps=7985 avgMGps=609.1 elapsed=3d3h35m
Jul 28 11:42:34 nimbus-eth1-mainnet-long-benchmark[3573364]: INF 2026-07-28 11:42:34.513+00:00 Imported blocks                            blockNumber=18685953 slot=7878487 blocks=18685952 txs=2174378178 mgas=165872440 bps=28.27 tps=4459 mgps=426.6 avgBps=68.60 avgTps=7982 avgMGps=608.9 elapsed=3d3h40m
Jul 28 11:47:03 nimbus-eth1-mainnet-long-benchmark[3573364]: INF 2026-07-28 11:47:03.412+00:00 Imported blocks                            blockNumber=18694145 slot=7886739 blocks=18694144 txs=2175659072 mgas=165996075 bps=30.46 tps=4763 mgps=459.8 avgBps=68.56 avgTps=7978 avgMGps=608.8 elapsed=3d3h44m
Jul 28 11:52:28 nimbus-eth1-mainnet-long-benchmark[3573364]: INF 2026-07-28 11:52:28.383+00:00 Imported blocks                            blockNumber=18702337 slot=7894977 blocks=18702336 txs=2177029356 mgas=166119750 bps=25.21 tps=4216 mgps=380.6 avgBps=68.51 avgTps=7974 avgMGps=608.5 elapsed=3d3h50m
Jul 28 11:58:42 nimbus-eth1-mainnet-long-benchmark[3573364]: INF 2026-07-28 11:58:42.277+00:00 Imported blocks                            blockNumber=18710529 slot=7903249 blocks=18710528 txs=2178225618 mgas=166243518 bps=21.91 tps=3199 mgps=331.0 avgBps=68.44 avgTps=7967 avgMGps=608.1 elapsed=3d3h56m
Jul 28 12:03:42 nimbus-eth1-mainnet-long-benchmark[3573364]: INF 2026-07-28 12:03:42.928+00:00 Imported blocks                            blockNumber=18718721 slot=7911506 blocks=18718720 txs=2179541026 mgas=166367219 bps=27.25 tps=4375 mgps=411.4 avgBps=68.40 avgTps=7963 avgMGps=607.9 elapsed=3d4h1m
Jul 28 12:09:59 nimbus-eth1-mainnet-long-benchmark[3573364]: INF 2026-07-28 12:09:59.354+00:00 Imported blocks                            blockNumber=18726913 slot=7919763 blocks=18726912 txs=2180917862 mgas=166490943 bps=21.76 tps=3657 mgps=328.7 avgBps=68.33 avgTps=7957 avgMGps=607.5 elapsed=3d4h7m
Jul 28 12:16:00 nimbus-eth1-mainnet-long-benchmark[3573364]: INF 2026-07-28 12:16:00.956+00:00 Imported blocks                            blockNumber=18735105 slot=7928038 blocks=18735104 txs=2182212570 mgas=166614795 bps=22.65 tps=3580 mgps=342.5 avgBps=68.27 avgTps=7952 avgMGps=607.2 elapsed=3d4h13m
Jul 28 12:21:31 nimbus-eth1-mainnet-long-benchmark[3573364]: INF 2026-07-28 12:21:31.883+00:00 Imported blocks                            blockNumber=18743297 slot=7936310 blocks=18743296 txs=2183592722 mgas=166738388 bps=24.75 tps=4170 mgps=373.5 avgBps=68.22 avgTps=7947 avgMGps=606.9 elapsed=3d4h19m
Jul 28 12:28:27 nimbus-eth1-mainnet-long-benchmark[3573364]: INF 2026-07-28 12:28:27.900+00:00 Imported blocks                            blockNumber=18751489 slot=7944586 blocks=18751488 txs=2184886961 mgas=166862181 bps=19.69 tps=3111 mgps=297.6 avgBps=68.15 avgTps=7940 avgMGps=606.4 elapsed=3d4h26m
Jul 28 12:34:07 nimbus-eth1-mainnet-long-benchmark[3573364]: INF 2026-07-28 12:34:07.426+00:00 Imported blocks                            blockNumber=18759681 slot=7952835 blocks=18759680 txs=2186173665 mgas=166985947 bps=24.13 tps=3789 mgps=364.5 avgBps=68.09 avgTps=7935 avgMGps=606.1 elapsed=3d4h31m
Jul 28 12:40:39 nimbus-eth1-mainnet-long-benchmark[3573364]: INF 2026-07-28 12:40:39.652+00:00 Imported blocks                            blockNumber=18767873 slot=7961090 blocks=18767872 txs=2187407500 mgas=167109819 bps=20.89 tps=3145 mgps=315.8 avgBps=68.03 avgTps=7928 avgMGps=605.7 elapsed=3d4h38m
Jul 28 12:48:49 nimbus-eth1-mainnet-long-benchmark[3573364]: INF 2026-07-28 12:48:49.904+00:00 Imported blocks                            blockNumber=18776065 slot=7969343 blocks=18776064 txs=2188612541 mgas=167233806 bps=16.71 tps=2457 mgps=252.9 avgBps=67.93 avgTps=7918 avgMGps=605.1 elapsed=3d4h46m
Jul 28 12:56:23 nimbus-eth1-mainnet-long-benchmark[3573364]: INF 2026-07-28 12:56:23.737+00:00 Imported blocks                            blockNumber=18784257 slot=7977613 blocks=18784256 txs=2189923353 mgas=167357739 bps=18.05 tps=2888 mgps=273.1 avgBps=67.85 avgTps=7910 avgMGps=604.5 elapsed=3d4h53m
Jul 28 13:01:51 nimbus-eth1-mainnet-long-benchmark[3573364]: INF 2026-07-28 13:01:51.568+00:00 Imported blocks                            blockNumber=18792449 slot=7985880 blocks=18792448 txs=2191295084 mgas=167481475 bps=24.99 tps=4184 mgps=377.4 avgBps=67.80 avgTps=7906 avgMGps=604.3 elapsed=3d4h59m
Jul 28 13:07:09 nimbus-eth1-mainnet-long-benchmark[3573364]: INF 2026-07-28 13:07:09.650+00:00 Imported blocks                            blockNumber=18800641 slot=7994181 blocks=18800640 txs=2192526576 mgas=167605452 bps=25.75 tps=3871 mgps=389.8 avgBps=67.75 avgTps=7901 avgMGps=604.0 elapsed=3d5h4m
Jul 28 13:15:36 nimbus-eth1-mainnet-long-benchmark[3573364]: INF 2026-07-28 13:15:36.486+00:00 Imported blocks                            blockNumber=18808833 slot=8002461 blocks=18808832 txs=2193766458 mgas=167729319 bps=16.16 tps=2446 mgps=244.4 avgBps=67.66 avgTps=7891 avgMGps=603.4 elapsed=3d5h13m
Jul 28 13:21:38 nimbus-eth1-mainnet-long-benchmark[3573364]: INF 2026-07-28 13:21:38.356+00:00 Imported blocks                            blockNumber=18817025 slot=8010724 blocks=18817024 txs=2195061167 mgas=167853055 bps=22.64 tps=3577 mgps=341.9 avgBps=67.60 avgTps=7885 avgMGps=603.0 elapsed=3d5h19m
Jul 28 13:27:30 nimbus-eth1-mainnet-long-benchmark[3573364]: INF 2026-07-28 13:27:30.887+00:00 Imported blocks                            blockNumber=18825217 slot=8019018 blocks=18825216 txs=2196394427 mgas=167976901 bps=23.24 tps=3782 mgps=351.3 avgBps=67.55 avgTps=7880 avgMGps=602.7 elapsed=3d5h25m
Jul 28 13:33:13 nimbus-eth1-mainnet-long-benchmark[3573364]: INF 2026-07-28 13:33:13.925+00:00 Imported blocks                            blockNumber=18833409 slot=8027303 blocks=18833408 txs=2197869770 mgas=168100649 bps=23.88 tps=4300 mgps=360.7 avgBps=67.49 avgTps=7876 avgMGps=602.4 elapsed=3d5h30m
Jul 28 13:38:18 nimbus-eth1-mainnet-long-benchmark[3573364]: INF 2026-07-28 13:38:18.704+00:00 Imported blocks                            blockNumber=18841601 slot=8035559 blocks=18841600 txs=2199254264 mgas=168224338 bps=26.88 tps=4542 mgps=405.8 avgBps=67.45 avgTps=7872 avgMGps=602.2 elapsed=3d5h35m
Jul 28 13:43:51 nimbus-eth1-mainnet-long-benchmark[3573364]: INF 2026-07-28 13:43:51.087+00:00 Imported blocks                            blockNumber=18849793 slot=8043832 blocks=18849792 txs=2200577854 mgas=168347958 bps=24.65 tps=3982 mgps=371.9 avgBps=67.40 avgTps=7868 avgMGps=601.9 elapsed=3d5h41m
Jul 28 13:49:33 nimbus-eth1-mainnet-long-benchmark[3573364]: INF 2026-07-28 13:49:33.213+00:00 Imported blocks                            blockNumber=18857985 slot=8052126 blocks=18857984 txs=2201892453 mgas=168471629 bps=23.94 tps=3842 mgps=361.5 avgBps=67.34 avgTps=7863 avgMGps=601.6 elapsed=3d5h47m
Jul 28 13:55:04 nimbus-eth1-mainnet-long-benchmark[3573364]: INF 2026-07-28 13:55:04.416+00:00 Imported blocks                            blockNumber=18866177 slot=8060419 blocks=18866176 txs=2203165647 mgas=168595287 bps=24.73 tps=3844 mgps=373.4 avgBps=67.29 avgTps=7858 avgMGps=601.4 elapsed=3d5h52m
Jul 28 14:00:55 nimbus-eth1-mainnet-long-benchmark[3573364]: INF 2026-07-28 14:00:55.930+00:00 Imported blocks                            blockNumber=18874369 slot=8068684 blocks=18874368 txs=2204442979 mgas=168718999 bps=23.31 tps=3633 mgps=351.9 avgBps=67.24 avgTps=7853 avgMGps=601.0 elapsed=3d5h58m
Jul 28 14:06:16 nimbus-eth1-mainnet-long-benchmark[3573364]: INF 2026-07-28 14:06:16.601+00:00 Imported blocks                            blockNumber=18882561 slot=8076974 blocks=18882560 txs=2205764914 mgas=168842657 bps=25.55 tps=4122 mgps=385.6 avgBps=67.19 avgTps=7848 avgMGps=600.8 elapsed=3d6h3m
Jul 28 14:11:23 nimbus-eth1-mainnet-long-benchmark[3573364]: INF 2026-07-28 14:11:23.244+00:00 Imported blocks                            blockNumber=18890753 slot=8085252 blocks=18890752 txs=2207097259 mgas=168966193 bps=26.71 tps=4344 mgps=402.9 avgBps=67.15 avgTps=7844 avgMGps=600.6 elapsed=3d6h8m
Jul 28 14:16:54 nimbus-eth1-mainnet-long-benchmark[3573364]: INF 2026-07-28 14:16:54.871+00:00 Imported blocks                            blockNumber=18898945 slot=8093563 blocks=18898944 txs=2208345629 mgas=169089933 bps=24.70 tps=3764 mgps=373.1 avgBps=67.10 avgTps=7840 avgMGps=600.3 elapsed=3d6h14m
Jul 28 14:22:46 nimbus-eth1-mainnet-long-benchmark[3573364]: INF 2026-07-28 14:22:46.929+00:00 Imported blocks                            blockNumber=18907137 slot=8101832 blocks=18907136 txs=2209598858 mgas=169213661 bps=23.27 tps=3559 mgps=351.4 avgBps=67.04 avgTps=7834 avgMGps=600.0 elapsed=3d6h20m
Jul 28 14:28:51 nimbus-eth1-mainnet-long-benchmark[3573364]: INF 2026-07-28 14:28:51.867+00:00 Imported blocks                            blockNumber=18915329 slot=8110114 blocks=18915328 txs=2210865453 mgas=169337442 bps=22.45 tps=3470 mgps=339.2 avgBps=66.98 avgTps=7829 avgMGps=599.7 elapsed=3d6h26m
Jul 28 14:34:08 nimbus-eth1-mainnet-long-benchmark[3573364]: INF 2026-07-28 14:34:08.390+00:00 Imported blocks                            blockNumber=18923521 slot=8118398 blocks=18923520 txs=2212153829 mgas=169461077 bps=25.88 tps=4070 mgps=390.6 avgBps=66.94 avgTps=7824 avgMGps=599.4 elapsed=3d6h31m
Jul 28 14:39:10 nimbus-eth1-mainnet-long-benchmark[3573364]: INF 2026-07-28 14:39:10.001+00:00 Imported blocks                            blockNumber=18931713 slot=8126667 blocks=18931712 txs=2213406640 mgas=169584783 bps=27.16 tps=4153 mgps=410.2 avgBps=66.90 avgTps=7821 avgMGps=599.2 elapsed=3d6h36m
Jul 28 14:44:40 nimbus-eth1-mainnet-long-benchmark[3573364]: INF 2026-07-28 14:44:40.472+00:00 Imported blocks                            blockNumber=18939905 slot=8134951 blocks=18939904 txs=2214671387 mgas=169708468 bps=24.79 tps=3827 mgps=374.3 avgBps=66.85 avgTps=7816 avgMGps=599.0 elapsed=3d6h42m
Jul 28 14:51:50 nimbus-eth1-mainnet-long-benchmark[3573364]: INF 2026-07-28 14:51:50.421+00:00 Imported blocks                            blockNumber=18948097 slot=8143260 blocks=18948096 txs=2215876354 mgas=169832283 bps=19.05 tps=2802 mgps=288.0 avgBps=66.77 avgTps=7808 avgMGps=598.5 elapsed=3d6h49m
Jul 28 15:01:11 nimbus-eth1-mainnet-long-benchmark[3573364]: INF 2026-07-28 15:01:11.000+00:00 Imported blocks                            blockNumber=18956289 slot=8151644 blocks=18956288 txs=2217037891 mgas=169956495 bps=14.61 tps=2072 mgps=221.6 avgBps=66.67 avgTps=7797 avgMGps=597.8 elapsed=3d6h58m
Jul 28 15:08:46 nimbus-eth1-mainnet-long-benchmark[3573364]: INF 2026-07-28 15:08:46.761+00:00 Imported blocks                            blockNumber=18964481 slot=8159956 blocks=18964480 txs=2218294711 mgas=170080465 bps=17.97 tps=2757 mgps=272.0 avgBps=66.59 avgTps=7789 avgMGps=597.2 elapsed=3d7h6m
Jul 28 15:14:11 nimbus-eth1-mainnet-long-benchmark[3573364]: INF 2026-07-28 15:14:11.971+00:00 Imported blocks                            blockNumber=18972673 slot=8168234 blocks=18972672 txs=2219547637 mgas=170204193 bps=25.19 tps=3852 mgps=380.5 avgBps=66.55 avgTps=7784 avgMGps=597.0 elapsed=3d7h11m
Jul 28 15:18:52 nimbus-eth1-mainnet-long-benchmark[3573364]: INF 2026-07-28 15:18:52.615+00:00 Imported blocks                            blockNumber=18980865 slot=8176488 blocks=18980864 txs=2220963030 mgas=170328052 bps=29.19 tps=5043 mgps=441.3 avgBps=66.51 avgTps=7782 avgMGps=596.8 elapsed=3d7h16m
Jul 28 15:24:27 nimbus-eth1-mainnet-long-benchmark[3573364]: INF 2026-07-28 15:24:27.098+00:00 Imported blocks                            blockNumber=18989057 slot=8184767 blocks=18989056 txs=2222341145 mgas=170451721 bps=24.49 tps=4120 mgps=369.7 avgBps=66.46 avgTps=7777 avgMGps=596.6 elapsed=3d7h22m
Jul 28 15:29:51 nimbus-eth1-mainnet-long-benchmark[3573364]: INF 2026-07-28 15:29:51.728+00:00 Imported blocks                            blockNumber=18997249 slot=8193014 blocks=18997248 txs=2223726543 mgas=170575485 bps=25.23 tps=4267 mgps=381.2 avgBps=66.41 avgTps=7773 avgMGps=596.3 elapsed=3d7h27m
Jul 28 15:34:32 nimbus-eth1-mainnet-long-benchmark[3573364]: INF 2026-07-28 15:34:32.180+00:00 Imported blocks                            blockNumber=19005441 slot=8201259 blocks=19005440 txs=2225771358 mgas=170699310 bps=29.21 tps=7291 mgps=441.5 avgBps=66.38 avgTps=7773 avgMGps=596.2 elapsed=3d7h32m
Jul 28 15:39:43 nimbus-eth1-mainnet-long-benchmark[3573364]: INF 2026-07-28 15:39:43.543+00:00 Imported blocks                            blockNumber=19013633 slot=8209499 blocks=19013632 txs=2227225806 mgas=170822980 bps=26.31 tps=4671 mgps=397.2 avgBps=66.33 avgTps=7770 avgMGps=596.0 elapsed=3d7h37m
Jul 28 15:44:14 nimbus-eth1-mainnet-long-benchmark[3573364]: INF 2026-07-28 15:44:14.314+00:00 Imported blocks                            blockNumber=19021825 slot=8217728 blocks=19021824 txs=2228644711 mgas=170946634 bps=30.25 tps=5240 mgps=456.7 avgBps=66.30 avgTps=7767 avgMGps=595.8 elapsed=3d7h41m
Jul 28 15:48:53 nimbus-eth1-mainnet-long-benchmark[3573364]: INF 2026-07-28 15:48:53.702+00:00 Imported blocks                            blockNumber=19030017 slot=8225983 blocks=19030016 txs=2230012840 mgas=171070417 bps=29.32 tps=4896 mgps=443.1 avgBps=66.26 avgTps=7764 avgMGps=595.7 elapsed=3d7h46m
Jul 28 15:53:42 nimbus-eth1-mainnet-long-benchmark[3573364]: INF 2026-07-28 15:53:42.725+00:00 Imported blocks                            blockNumber=19038209 slot=8234228 blocks=19038208 txs=2231384179 mgas=171194081 bps=28.34 tps=4744 mgps=427.9 avgBps=66.22 avgTps=7761 avgMGps=595.5 elapsed=3d7h51m
Jul 28 15:58:55 nimbus-eth1-mainnet-long-benchmark[3573364]: INF 2026-07-28 15:58:55.620+00:00 Imported blocks                            blockNumber=19046401 slot=8242460 blocks=19046400 txs=2232689168 mgas=171317782 bps=26.18 tps=4170 mgps=395.3 avgBps=66.18 avgTps=7758 avgMGps=595.3 elapsed=3d7h56m
Jul 28 16:04:35 nimbus-eth1-mainnet-long-benchmark[3573364]: INF 2026-07-28 16:04:35.983+00:00 Imported blocks                            blockNumber=19054593 slot=8250694 blocks=19054592 txs=2233920522 mgas=171441549 bps=24.07 tps=3617 mgps=363.6 avgBps=66.13 avgTps=7753 avgMGps=595.0 elapsed=3d8h2m
Jul 28 16:10:34 nimbus-eth1-mainnet-long-benchmark[3573364]: INF 2026-07-28 16:10:34.829+00:00 Imported blocks                            blockNumber=19062785 slot=8259059 blocks=19062784 txs=2235196765 mgas=171565365 bps=22.83 tps=3556 mgps=345.0 avgBps=66.08 avgTps=7747 avgMGps=594.7 elapsed=3d8h8m
Jul 28 16:16:06 nimbus-eth1-mainnet-long-benchmark[3573364]: INF 2026-07-28 16:16:06.684+00:00 Imported blocks                            blockNumber=19070977 slot=8267362 blocks=19070976 txs=2236455881 mgas=171689192 bps=24.69 tps=3794 mgps=373.1 avgBps=66.03 avgTps=7743 avgMGps=594.4 elapsed=3d8h13m
Jul 28 16:21:35 nimbus-eth1-mainnet-long-benchmark[3573364]: INF 2026-07-28 16:21:35.663+00:00 Imported blocks                            blockNumber=19079169 slot=8275635 blocks=19079168 txs=2237700457 mgas=171812883 bps=24.90 tps=3783 mgps=376.0 avgBps=65.98 avgTps=7738 avgMGps=594.2 elapsed=3d8h19m
Jul 28 16:26:36 nimbus-eth1-mainnet-long-benchmark[3573364]: INF 2026-07-28 16:26:36.510+00:00 Imported blocks                            blockNumber=19087361 slot=8283896 blocks=19087360 txs=2239033895 mgas=171936716 bps=27.23 tps=4432 mgps=411.6 avgBps=65.94 avgTps=7735 avgMGps=594.0 elapsed=3d8h24m
Jul 28 16:31:52 nimbus-eth1-mainnet-long-benchmark[3573364]: INF 2026-07-28 16:31:52.417+00:00 Imported blocks                            blockNumber=19095553 slot=8292156 blocks=19095552 txs=2240373461 mgas=172060408 bps=25.93 tps=4240 mgps=391.5 avgBps=65.90 avgTps=7731 avgMGps=593.8 elapsed=3d8h29m
Jul 28 16:37:16 nimbus-eth1-mainnet-long-benchmark[3573364]: INF 2026-07-28 16:37:16.476+00:00 Imported blocks                            blockNumber=19103745 slot=8300438 blocks=19103744 txs=2241694560 mgas=172184257 bps=25.28 tps=4076 mgps=382.2 avgBps=65.85 avgTps=7727 avgMGps=593.6 elapsed=3d8h34m
Jul 28 16:43:00 nimbus-eth1-mainnet-long-benchmark[3573364]: INF 2026-07-28 16:43:00.214+00:00 Imported blocks                            blockNumber=19111937 slot=8308689 blocks=19111936 txs=2242955497 mgas=172308050 bps=23.83 tps=3668 mgps=360.1 avgBps=65.80 avgTps=7722 avgMGps=593.3 elapsed=3d8h40m
Jul 28 16:47:59 nimbus-eth1-mainnet-long-benchmark[3573364]: INF 2026-07-28 16:47:59.749+00:00 Imported blocks                            blockNumber=19120129 slot=8316948 blocks=19120128 txs=2244315348 mgas=172431865 bps=27.35 tps=4539 mgps=413.4 avgBps=65.76 avgTps=7719 avgMGps=593.1 elapsed=3d8h45m
Jul 28 16:52:55 nimbus-eth1-mainnet-long-benchmark[3573364]: INF 2026-07-28 16:52:55.956+00:00 Imported blocks                            blockNumber=19128321 slot=8325217 blocks=19128320 txs=2245630108 mgas=172555532 bps=27.66 tps=4438 mgps=417.5 avgBps=65.73 avgTps=7716 avgMGps=592.9 elapsed=3d8h50m
Jul 28 16:57:35 nimbus-eth1-mainnet-long-benchmark[3573364]: INF 2026-07-28 16:57:35.744+00:00 Imported blocks                            blockNumber=19136513 slot=8333493 blocks=19136512 txs=2246935356 mgas=172679479 bps=29.28 tps=4665 mgps=443.0 avgBps=65.69 avgTps=7713 avgMGps=592.8 elapsed=3d8h55m
Jul 28 17:02:34 nimbus-eth1-mainnet-long-benchmark[3573364]: INF 2026-07-28 17:02:34.311+00:00 Imported blocks                            blockNumber=19144705 slot=8341773 blocks=19144704 txs=2248201459 mgas=172803583 bps=27.44 tps=4240 mgps=415.7 avgBps=65.65 avgTps=7709 avgMGps=592.6 elapsed=3d9h9s
Jul 28 17:08:05 nimbus-eth1-mainnet-long-benchmark[3573364]: INF 2026-07-28 17:08:05.586+00:00 Imported blocks                            blockNumber=19152897 slot=8350064 blocks=19152896 txs=2249399552 mgas=172927701 bps=24.73 tps=3616 mgps=374.7 avgBps=65.61 avgTps=7704 avgMGps=592.3 elapsed=3d9h5m
Jul 28 17:13:32 nimbus-eth1-mainnet-long-benchmark[3573364]: INF 2026-07-28 17:13:32.461+00:00 Imported blocks                            blockNumber=19161089 slot=8358344 blocks=19161088 txs=2250630011 mgas=173051908 bps=25.06 tps=3764 mgps=380.0 avgBps=65.56 avgTps=7700 avgMGps=592.1 elapsed=3d9h11m
Jul 28 17:18:24 nimbus-eth1-mainnet-long-benchmark[3573364]: INF 2026-07-28 17:18:24.216+00:00 Imported blocks                            blockNumber=19169281 slot=8366622 blocks=19169280 txs=2251872448 mgas=173176031 bps=28.08 tps=4258 mgps=425.4 avgBps=65.52 avgTps=7697 avgMGps=591.9 elapsed=3d9h15m
Jul 28 17:22:53 nimbus-eth1-mainnet-long-benchmark[3573364]: INF 2026-07-28 17:22:53.604+00:00 Imported blocks                            blockNumber=19177473 slot=8374907 blocks=19177472 txs=2253213177 mgas=173300020 bps=30.41 tps=4976 mgps=460.3 avgBps=65.49 avgTps=7694 avgMGps=591.8 elapsed=3d9h20m
Jul 28 17:26:56 nimbus-eth1-mainnet-long-benchmark[3573364]: INF 2026-07-28 17:26:56.032+00:00 Imported blocks                            blockNumber=19185665 slot=8383182 blocks=19185664 txs=2254449937 mgas=173423990 bps=33.79 tps=5101 mgps=511.4 avgBps=65.46 avgTps=7692 avgMGps=591.7 elapsed=3d9h24m
Jul 28 17:30:39 nimbus-eth1-mainnet-long-benchmark[3573364]: INF 2026-07-28 17:30:39.264+00:00 Imported blocks                            blockNumber=19193857 slot=8391454 blocks=19193856 txs=2255672547 mgas=173547797 bps=36.70 tps=5476 mgps=554.6 avgBps=65.44 avgTps=7690 avgMGps=591.7 elapsed=3d9h28m
Jul 28 17:35:02 nimbus-eth1-mainnet-long-benchmark[3573364]: INF 2026-07-28 17:35:02.508+00:00 Imported blocks                            blockNumber=19202049 slot=8399735 blocks=19202048 txs=2256838202 mgas=173671929 bps=31.12 tps=4428 mgps=471.5 avgBps=65.41 avgTps=7687 avgMGps=591.6 elapsed=3d9h32m
Jul 28 17:39:59 nimbus-eth1-mainnet-long-benchmark[3573364]: INF 2026-07-28 17:39:59.435+00:00 Imported blocks                            blockNumber=19210241 slot=8408023 blocks=19210240 txs=2257979168 mgas=173796203 bps=27.59 tps=3842 mgps=418.5 avgBps=65.37 avgTps=7684 avgMGps=591.4 elapsed=3d9h37m
Jul 28 17:44:55 nimbus-eth1-mainnet-long-benchmark[3573364]: INF 2026-07-28 17:44:55.414+00:00 Imported blocks                            blockNumber=19218433 slot=8416275 blocks=19218432 txs=2259160264 mgas=173920498 bps=27.68 tps=3990 mgps=420.0 avgBps=65.34 avgTps=7680 avgMGps=591.3 elapsed=3d9h42m
Jul 28 17:49:39 nimbus-eth1-mainnet-long-benchmark[3573364]: INF 2026-07-28 17:49:39.442+00:00 Imported blocks                            blockNumber=19226625 slot=8424566 blocks=19226624 txs=2260457947 mgas=174044765 bps=28.84 tps=4568 mgps=437.5 avgBps=65.30 avgTps=7677 avgMGps=591.1 elapsed=3d9h47m
Jul 28 17:54:26 nimbus-eth1-mainnet-long-benchmark[3573364]: INF 2026-07-28 17:54:26.205+00:00 Imported blocks                            blockNumber=19234817 slot=8432837 blocks=19234816 txs=2261776970 mgas=174168860 bps=28.57 tps=4599 mgps=432.7 avgBps=65.26 avgTps=7674 avgMGps=591.0 elapsed=3d9h52m
Jul 28 17:59:00 nimbus-eth1-mainnet-long-benchmark[3573364]: INF 2026-07-28 17:59:00.961+00:00 Imported blocks                            blockNumber=19243009 slot=8441120 blocks=19243008 txs=2263137297 mgas=174292771 bps=29.82 tps=4951 mgps=451.0 avgBps=65.23 avgTps=7671 avgMGps=590.8 elapsed=3d9h56m
Jul 28 18:04:24 nimbus-eth1-mainnet-long-benchmark[3573364]: INF 2026-07-28 18:04:24.607+00:00 Imported blocks                            blockNumber=19251201 slot=8449406 blocks=19251200 txs=2264389316 mgas=174416888 bps=25.31 tps=3868 mgps=383.5 avgBps=65.19 avgTps=7667 avgMGps=590.6 elapsed=3d10h1m
Jul 28 18:09:34 nimbus-eth1-mainnet-long-benchmark[3573364]: INF 2026-07-28 18:09:34.522+00:00 Imported blocks                            blockNumber=19259393 slot=8457720 blocks=19259392 txs=2265649650 mgas=174541030 bps=26.43 tps=4066 mgps=400.6 avgBps=65.15 avgTps=7663 avgMGps=590.4 elapsed=3d10h7m
Jul 28 18:14:33 nimbus-eth1-mainnet-long-benchmark[3573364]: INF 2026-07-28 18:14:33.578+00:00 Imported blocks                            blockNumber=19267585 slot=8465991 blocks=19267584 txs=2266965693 mgas=174665084 bps=27.39 tps=4400 mgps=414.8 avgBps=65.11 avgTps=7660 avgMGps=590.2 elapsed=3d10h12m
Jul 28 18:19:21 nimbus-eth1-mainnet-long-benchmark[3573364]: INF 2026-07-28 18:19:21.501+00:00 Imported blocks                            blockNumber=19275777 slot=8474282 blocks=19275776 txs=2268274862 mgas=174789102 bps=28.45 tps=4546 mgps=430.7 avgBps=65.07 avgTps=7657 avgMGps=590.1 elapsed=3d10h16m
Jul 28 18:24:00 nimbus-eth1-mainnet-long-benchmark[3573364]: INF 2026-07-28 18:24:00.661+00:00 Imported blocks                            blockNumber=19283969 slot=8482572 blocks=19283968 txs=2269550703 mgas=174913172 bps=29.35 tps=4570 mgps=444.4 avgBps=65.04 avgTps=7654 avgMGps=589.9 elapsed=3d10h21m
Jul 28 18:28:24 nimbus-eth1-mainnet-long-benchmark[3573364]: INF 2026-07-28 18:28:24.260+00:00 Imported blocks                            blockNumber=19292161 slot=8490824 blocks=19292160 txs=2270856276 mgas=175037241 bps=31.08 tps=4952 mgps=470.7 avgBps=65.01 avgTps=7652 avgMGps=589.8 elapsed=3d10h25m
Jul 28 18:33:42 nimbus-eth1-mainnet-long-benchmark[3573364]: INF 2026-07-28 18:33:42.179+00:00 Imported blocks                            blockNumber=19300353 slot=8499067 blocks=19300352 txs=2272112489 mgas=175161469 bps=25.77 tps=3951 mgps=390.8 avgBps=64.97 avgTps=7648 avgMGps=589.6 elapsed=3d10h31m
Jul 28 18:39:10 nimbus-eth1-mainnet-long-benchmark[3573364]: INF 2026-07-28 18:39:10.018+00:00 Imported blocks                            blockNumber=19308545 slot=8507317 blocks=19308544 txs=2273375716 mgas=175285724 bps=24.99 tps=3853 mgps=379.0 avgBps=64.92 avgTps=7644 avgMGps=589.4 elapsed=3d10h36m
Jul 28 18:44:08 nimbus-eth1-mainnet-long-benchmark[3573364]: INF 2026-07-28 18:44:08.669+00:00 Imported blocks                            blockNumber=19316737 slot=8515576 blocks=19316736 txs=2274748388 mgas=175409863 bps=27.43 tps=4596 mgps=415.7 avgBps=64.89 avgTps=7640 avgMGps=589.2 elapsed=3d10h41m
Jul 28 18:49:02 nimbus-eth1-mainnet-long-benchmark[3573364]: INF 2026-07-28 18:49:02.280+00:00 Imported blocks                            blockNumber=19324929 slot=8523827 blocks=19324928 txs=2276131833 mgas=175534094 bps=27.90 tps=4711 mgps=423.1 avgBps=64.85 avgTps=7638 avgMGps=589.0 elapsed=3d10h46m
Jul 28 18:53:52 nimbus-eth1-mainnet-long-benchmark[3573364]: INF 2026-07-28 18:53:52.896+00:00 Imported blocks                            blockNumber=19333121 slot=8532090 blocks=19333120 txs=2277560132 mgas=175658166 bps=28.19 tps=4914 mgps=426.9 avgBps=64.81 avgTps=7635 avgMGps=588.9 elapsed=3d10h51m
Jul 28 18:58:32 nimbus-eth1-mainnet-long-benchmark[3573364]: INF 2026-07-28 18:58:32.895+00:00 Imported blocks                            blockNumber=19341313 slot=8540334 blocks=19341312 txs=2278938368 mgas=175782397 bps=29.26 tps=4922 mgps=443.7 avgBps=64.78 avgTps=7632 avgMGps=588.8 elapsed=3d10h56m
Jul 28 19:03:12 nimbus-eth1-mainnet-long-benchmark[3573364]: INF 2026-07-28 19:03:12.711+00:00 Imported blocks                            blockNumber=19349505 slot=8548571 blocks=19349504 txs=2280341697 mgas=175906670 bps=29.28 tps=5015 mgps=444.1 avgBps=64.75 avgTps=7630 avgMGps=588.6 elapsed=3d11h47s
Jul 28 19:08:13 nimbus-eth1-mainnet-long-benchmark[3573364]: INF 2026-07-28 19:08:13.302+00:00 Imported blocks                            blockNumber=19357697 slot=8556815 blocks=19357696 txs=2281702043 mgas=176031059 bps=27.25 tps=4525 mgps=413.8 avgBps=64.71 avgTps=7627 avgMGps=588.4 elapsed=3d11h5m
Jul 28 19:12:38 nimbus-eth1-mainnet-long-benchmark[3573364]: INF 2026-07-28 19:12:38.990+00:00 Imported blocks                            blockNumber=19365889 slot=8565049 blocks=19365888 txs=2283153581 mgas=176155271 bps=30.83 tps=5463 mgps=467.5 avgBps=64.68 avgTps=7625 avgMGps=588.3 elapsed=3d11h10m
Jul 28 19:17:04 nimbus-eth1-mainnet-long-benchmark[3573364]: INF 2026-07-28 19:17:04.165+00:00 Imported blocks                            blockNumber=19374081 slot=8573279 blocks=19374080 txs=2284609889 mgas=176279459 bps=30.89 tps=5491 mgps=468.3 avgBps=64.65 avgTps=7623 avgMGps=588.2 elapsed=3d11h14m
Jul 28 19:21:25 nimbus-eth1-mainnet-long-benchmark[3573364]: INF 2026-07-28 19:21:25.013+00:00 Imported blocks                            blockNumber=19382273 slot=8581515 blocks=19382272 txs=2286000293 mgas=176403461 bps=31.41 tps=5330 mgps=475.4 avgBps=64.62 avgTps=7621 avgMGps=588.1 elapsed=3d11h19m
Jul 28 19:25:54 nimbus-eth1-mainnet-long-benchmark[3573364]: INF 2026-07-28 19:25:54.697+00:00 Imported blocks                            blockNumber=19390465 slot=8589756 blocks=19390464 txs=2287406625 mgas=176527644 bps=30.38 tps=5214 mgps=460.5 avgBps=64.59 avgTps=7619 avgMGps=588.0 elapsed=3d11h23m
Jul 28 19:30:31 nimbus-eth1-mainnet-long-benchmark[3573364]: INF 2026-07-28 19:30:31.072+00:00 Imported blocks                            blockNumber=19398657 slot=8598061 blocks=19398656 txs=2288782968 mgas=176651943 bps=29.64 tps=4979 mgps=449.7 avgBps=64.56 avgTps=7616 avgMGps=587.9 elapsed=3d11h28m
Jul 28 19:35:12 nimbus-eth1-mainnet-long-benchmark[3573364]: INF 2026-07-28 19:35:12.664+00:00 Imported blocks                            blockNumber=19406849 slot=8606304 blocks=19406848 txs=2290106221 mgas=176776146 bps=29.09 tps=4699 mgps=441.1 avgBps=64.52 avgTps=7614 avgMGps=587.7 elapsed=3d11h32m
Jul 28 19:39:38 nimbus-eth1-mainnet-long-benchmark[3573364]: INF 2026-07-28 19:39:38.788+00:00 Imported blocks                            blockNumber=19415041 slot=8614553 blocks=19415040 txs=2291516046 mgas=176900331 bps=30.78 tps=5297 mgps=466.6 avgBps=64.49 avgTps=7612 avgMGps=587.6 elapsed=3d11h37m
Jul 28 19:44:08 nimbus-eth1-mainnet-long-benchmark[3573364]: INF 2026-07-28 19:44:08.879+00:00 Imported blocks                            blockNumber=19423233 slot=8622797 blocks=19423232 txs=2292923058 mgas=177024522 bps=30.33 tps=5209 mgps=459.8 avgBps=64.46 avgTps=7610 avgMGps=587.5 elapsed=3d11h41m
Jul 28 19:48:51 nimbus-eth1-mainnet-long-benchmark[3573364]: INF 2026-07-28 19:48:51.967+00:00 Imported blocks                            blockNumber=19431425 slot=8631094 blocks=19431424 txs=2294402074 mgas=177148966 bps=28.94 tps=5224 mgps=439.6 avgBps=64.43 avgTps=7607 avgMGps=587.4 elapsed=3d11h46m
Jul 28 19:53:52 nimbus-eth1-mainnet-long-benchmark[3573364]: INF 2026-07-28 19:53:52.226+00:00 Imported blocks                            blockNumber=19439617 slot=8639405 blocks=19439616 txs=2295896268 mgas=177273565 bps=27.28 tps=4976 mgps=415.0 avgBps=64.39 avgTps=7605 avgMGps=587.2 elapsed=3d11h51m
Jul 28 19:59:09 nimbus-eth1-mainnet-long-benchmark[3573364]: INF 2026-07-28 19:59:09.293+00:00 Imported blocks                            blockNumber=19447809 slot=8647696 blocks=19447808 txs=2297421957 mgas=177398219 bps=25.84 tps=4811 mgps=393.1 avgBps=64.35 avgTps=7602 avgMGps=587.0 elapsed=3d11h56m
Jul 28 20:04:45 nimbus-eth1-mainnet-long-benchmark[3573364]: INF 2026-07-28 20:04:45.083+00:00 Imported blocks                            blockNumber=19456001 slot=8655991 blocks=19456000 txs=2298822192 mgas=177522966 bps=24.40 tps=4169 mgps=371.5 avgBps=64.31 avgTps=7598 avgMGps=586.8 elapsed=3d12h2m
Jul 28 20:10:03 nimbus-eth1-mainnet-long-benchmark[3573364]: INF 2026-07-28 20:10:03.510+00:00 Imported blocks                            blockNumber=19464193 slot=8664284 blocks=19464192 txs=2300285265 mgas=177647675 bps=25.73 tps=4594 mgps=391.6 avgBps=64.27 avgTps=7595 avgMGps=586.6 elapsed=3d12h7m
Jul 28 20:14:48 nimbus-eth1-mainnet-long-benchmark[3573364]: INF 2026-07-28 20:14:48.438+00:00 Imported blocks                            blockNumber=19472385 slot=8672573 blocks=19472384 txs=2301852852 mgas=177772168 bps=28.75 tps=5501 mgps=436.9 avgBps=64.23 avgTps=7593 avgMGps=586.4 elapsed=3d12h12m
Jul 28 20:19:38 nimbus-eth1-mainnet-long-benchmark[3573364]: INF 2026-07-28 20:19:38.421+00:00 Imported blocks                            blockNumber=19480577 slot=8680848 blocks=19480576 txs=2303422834 mgas=177896844 bps=28.25 tps=5414 mgps=429.9 avgBps=64.20 avgTps=7591 avgMGps=586.3 elapsed=3d12h17m
Jul 28 20:24:41 nimbus-eth1-mainnet-long-benchmark[3573364]: INF 2026-07-28 20:24:41.648+00:00 Imported blocks                            blockNumber=19488769 slot=8689133 blocks=19488768 txs=2304942144 mgas=178021486 bps=27.02 tps=5010 mgps=411.1 avgBps=64.16 avgTps=7588 avgMGps=586.1 elapsed=3d12h22m
Jul 28 20:29:50 nimbus-eth1-mainnet-long-benchmark[3573364]: INF 2026-07-28 20:29:50.179+00:00 Imported blocks                            blockNumber=19496961 slot=8697400 blocks=19496960 txs=2306475097 mgas=178146049 bps=26.55 tps=4968 mgps=403.7 avgBps=64.13 avgTps=7585 avgMGps=585.9 elapsed=3d12h27m
Jul 28 20:35:21 nimbus-eth1-mainnet-long-benchmark[3573364]: INF 2026-07-28 20:35:21.066+00:00 Imported blocks                            blockNumber=19505153 slot=8705700 blocks=19505152 txs=2307916650 mgas=178270755 bps=24.76 tps=4356 mgps=376.9 avgBps=64.08 avgTps=7582 avgMGps=585.7 elapsed=3d12h32m
Jul 28 20:40:32 nimbus-eth1-mainnet-long-benchmark[3573364]: INF 2026-07-28 20:40:32.569+00:00 Imported blocks                            blockNumber=19513345 slot=8714026 blocks=19513344 txs=2309348126 mgas=178395334 bps=26.30 tps=4595 mgps=399.9 avgBps=64.04 avgTps=7579 avgMGps=585.5 elapsed=3d12h38m
Jul 28 20:45:48 nimbus-eth1-mainnet-long-benchmark[3573364]: INF 2026-07-28 20:45:48.488+00:00 Imported blocks                            blockNumber=19521537 slot=8722316 blocks=19521536 txs=2310882729 mgas=178519653 bps=25.93 tps=4857 mgps=393.5 avgBps=64.00 avgTps=7576 avgMGps=585.3 elapsed=3d12h43m
Jul 28 20:50:49 nimbus-eth1-mainnet-long-benchmark[3573364]: INF 2026-07-28 20:50:49.579+00:00 Imported blocks                            blockNumber=19529729 slot=8730829 blocks=19529728 txs=2312387407 mgas=178643991 bps=27.21 tps=4997 mgps=413.0 avgBps=63.97 avgTps=7574 avgMGps=585.1 elapsed=3d12h48m
Jul 28 20:55:44 nimbus-eth1-mainnet-long-benchmark[3573364]: INF 2026-07-28 20:55:44.194+00:00 Imported blocks                            blockNumber=19537921 slot=8739185 blocks=19537920 txs=2313883498 mgas=178768372 bps=27.81 tps=5078 mgps=422.2 avgBps=63.93 avgTps=7571 avgMGps=585.0 elapsed=3d12h53m
Jul 28 21:00:44 nimbus-eth1-mainnet-long-benchmark[3573364]: INF 2026-07-28 21:00:44.966+00:00 Imported blocks                            blockNumber=19546113 slot=8747474 blocks=19546112 txs=2315355438 mgas=178892776 bps=27.24 tps=4893 mgps=413.6 avgBps=63.90 avgTps=7568 avgMGps=584.8 elapsed=3d12h58m
Jul 28 21:06:01 nimbus-eth1-mainnet-long-benchmark[3573364]: INF 2026-07-28 21:06:01.688+00:00 Imported blocks                            blockNumber=19554305 slot=8755777 blocks=19554304 txs=2316776897 mgas=179017187 bps=25.87 tps=4488 mgps=392.8 avgBps=63.86 avgTps=7565 avgMGps=584.6 elapsed=3d13h3m
Jul 28 21:11:08 nimbus-eth1-mainnet-long-benchmark[3573364]: INF 2026-07-28 21:11:08.472+00:00 Imported blocks                            blockNumber=19562497 slot=8764071 blocks=19562496 txs=2318226452 mgas=179141573 bps=26.70 tps=4725 mgps=405.4 avgBps=63.82 avgTps=7562 avgMGps=584.4 elapsed=3d13h8m
Jul 28 21:15:46 nimbus-eth1-mainnet-long-benchmark[3573364]: INF 2026-07-28 21:15:46.091+00:00 Imported blocks                            blockNumber=19570689 slot=8772348 blocks=19570688 txs=2319662627 mgas=179265855 bps=29.51 tps=5173 mgps=447.7 avgBps=63.79 avgTps=7560 avgMGps=584.3 elapsed=3d13h13m
Jul 28 21:20:21 nimbus-eth1-mainnet-long-benchmark[3573364]: INF 2026-07-28 21:20:21.815+00:00 Imported blocks                            blockNumber=19578881 slot=8780597 blocks=19578880 txs=2321047101 mgas=179389975 bps=29.71 tps=5021 mgps=450.2 avgBps=63.76 avgTps=7558 avgMGps=584.2 elapsed=3d13h17m
Jul 28 21:25:00 nimbus-eth1-mainnet-long-benchmark[3573364]: INF 2026-07-28 21:25:00.846+00:00 Imported blocks                            blockNumber=19587073 slot=8788850 blocks=19587072 txs=2322470845 mgas=179514208 bps=29.36 tps=5102 mgps=445.2 avgBps=63.73 avgTps=7556 avgMGps=584.1 elapsed=3d13h22m
Jul 28 21:29:49 nimbus-eth1-mainnet-long-benchmark[3573364]: INF 2026-07-28 21:29:49.838+00:00 Imported blocks                            blockNumber=19595265 slot=8797112 blocks=19595264 txs=2323882375 mgas=179638494 bps=28.35 tps=4884 mgps=430.1 avgBps=63.69 avgTps=7553 avgMGps=583.9 elapsed=3d13h27m
Jul 28 21:35:06 nimbus-eth1-mainnet-long-benchmark[3573364]: INF 2026-07-28 21:35:06.664+00:00 Imported blocks                            blockNumber=19603457 slot=8805376 blocks=19603456 txs=2325244495 mgas=179762976 bps=25.86 tps=4299 mgps=392.9 avgBps=63.66 avgTps=7550 avgMGps=583.7 elapsed=3d13h32m
Jul 28 21:40:06 nimbus-eth1-mainnet-long-benchmark[3573364]: INF 2026-07-28 21:40:06.172+00:00 Imported blocks                            blockNumber=19611649 slot=8813644 blocks=19611648 txs=2326611082 mgas=179887373 bps=27.35 tps=4562 mgps=415.3 avgBps=63.62 avgTps=7547 avgMGps=583.6 elapsed=3d13h37m
Jul 28 21:44:27 nimbus-eth1-mainnet-long-benchmark[3573364]: INF 2026-07-28 21:44:27.891+00:00 Imported blocks                            blockNumber=19619841 slot=8821912 blocks=19619840 txs=2328042386 mgas=180011676 bps=31.30 tps=5468 mgps=474.9 avgBps=63.59 avgTps=7545 avgMGps=583.5 elapsed=3d13h42m
Jul 28 21:49:18 nimbus-eth1-mainnet-long-benchmark[3573364]: INF 2026-07-28 21:49:18.647+00:00 Imported blocks                            blockNumber=19628033 slot=8830158 blocks=19628032 txs=2329425223 mgas=180135955 bps=28.17 tps=4756 mgps=427.4 avgBps=63.56 avgTps=7543 avgMGps=583.3 elapsed=3d13h46m
Jul 28 21:54:14 nimbus-eth1-mainnet-long-benchmark[3573364]: INF 2026-07-28 21:54:14.814+00:00 Imported blocks                            blockNumber=19636225 slot=8838416 blocks=19636224 txs=2330811540 mgas=180260222 bps=27.66 tps=4680 mgps=419.6 avgBps=63.53 avgTps=7540 avgMGps=583.2 elapsed=3d13h51m
Jul 28 21:59:02 nimbus-eth1-mainnet-long-benchmark[3573364]: INF 2026-07-28 21:59:02.161+00:00 Imported blocks                            blockNumber=19644417 slot=8846685 blocks=19644416 txs=2332289472 mgas=180384506 bps=28.51 tps=5143 mgps=432.5 avgBps=63.49 avgTps=7538 avgMGps=583.0 elapsed=3d13h56m
Jul 28 22:03:57 nimbus-eth1-mainnet-long-benchmark[3573364]: INF 2026-07-28 22:03:57.069+00:00 Imported blocks                            blockNumber=19652609 slot=8854969 blocks=19652608 txs=2333616622 mgas=180509018 bps=27.78 tps=4500 mgps=422.2 avgBps=63.46 avgTps=7535 avgMGps=582.9 elapsed=3d14h1m
Jul 28 22:09:10 nimbus-eth1-mainnet-long-benchmark[3573364]: INF 2026-07-28 22:09:10.980+00:00 Imported blocks                            blockNumber=19660801 slot=8863231 blocks=19660800 txs=2334949743 mgas=180633638 bps=26.10 tps=4246 mgps=397.0 avgBps=63.42 avgTps=7531 avgMGps=582.7 elapsed=3d14h6m
Jul 28 22:14:11 nimbus-eth1-mainnet-long-benchmark[3573364]: INF 2026-07-28 22:14:11.767+00:00 Imported blocks                            blockNumber=19668993 slot=8871496 blocks=19668992 txs=2336311442 mgas=180758096 bps=27.24 tps=4527 mgps=413.8 avgBps=63.39 avgTps=7529 avgMGps=582.5 elapsed=3d14h11m
Jul 28 22:18:49 nimbus-eth1-mainnet-long-benchmark[3573364]: INF 2026-07-28 22:18:49.242+00:00 Imported blocks                            blockNumber=19677185 slot=8879742 blocks=19677184 txs=2337713842 mgas=180882816 bps=29.52 tps=5054 mgps=449.5 avgBps=63.36 avgTps=7526 avgMGps=582.4 elapsed=3d14h16m
Jul 28 22:23:38 nimbus-eth1-mainnet-long-benchmark[3573364]: INF 2026-07-28 22:23:38.814+00:00 Imported blocks                            blockNumber=19685377 slot=8887996 blocks=19685376 txs=2339140263 mgas=181007201 bps=28.29 tps=4925 mgps=429.6 avgBps=63.32 avgTps=7524 avgMGps=582.3 elapsed=3d14h21m
Jul 28 22:28:27 nimbus-eth1-mainnet-long-benchmark[3573364]: INF 2026-07-28 22:28:27.197+00:00 Imported blocks                            blockNumber=19693569 slot=8896260 blocks=19693568 txs=2340489748 mgas=181131727 bps=28.41 tps=4679 mgps=431.8 avgBps=63.29 avgTps=7521 avgMGps=582.1 elapsed=3d14h26m
Jul 28 22:33:48 nimbus-eth1-mainnet-long-benchmark[3573364]: INF 2026-07-28 22:33:48.040+00:00 Imported blocks                            blockNumber=19701761 slot=8904509 blocks=19701760 txs=2341790546 mgas=181256410 bps=25.53 tps=4054 mgps=388.6 avgBps=63.25 avgTps=7518 avgMGps=581.9 elapsed=3d14h31m
Jul 28 22:38:48 nimbus-eth1-mainnet-long-benchmark[3573364]: INF 2026-07-28 22:38:48.719+00:00 Imported blocks                            blockNumber=19709953 slot=8912750 blocks=19709952 txs=2343103030 mgas=181380933 bps=27.24 tps=4365 mgps=414.1 avgBps=63.22 avgTps=7515 avgMGps=581.8 elapsed=3d14h36m
Jul 28 22:43:33 nimbus-eth1-mainnet-long-benchmark[3573364]: INF 2026-07-28 22:43:33.427+00:00 Imported blocks                            blockNumber=19718145 slot=8920990 blocks=19718144 txs=2344470310 mgas=181505168 bps=28.77 tps=4802 mgps=436.4 avgBps=63.19 avgTps=7512 avgMGps=581.6 elapsed=3d14h41m
Jul 28 22:48:03 nimbus-eth1-mainnet-long-benchmark[3573364]: INF 2026-07-28 22:48:03.558+00:00 Imported blocks                            blockNumber=19726337 slot=8929255 blocks=19726336 txs=2345837875 mgas=181629411 bps=30.33 tps=5062 mgps=459.9 avgBps=63.16 avgTps=7510 avgMGps=581.5 elapsed=3d14h45m
Jul 28 22:52:38 nimbus-eth1-mainnet-long-benchmark[3573364]: INF 2026-07-28 22:52:38.278+00:00 Imported blocks                            blockNumber=19734529 slot=8937499 blocks=19734528 txs=2347198405 mgas=181753610 bps=29.82 tps=4952 mgps=452.1 avgBps=63.13 avgTps=7508 avgMGps=581.4 elapsed=3d14h50m
Jul 28 22:57:40 nimbus-eth1-mainnet-long-benchmark[3573364]: INF 2026-07-28 22:57:40.745+00:00 Imported blocks                            blockNumber=19742721 slot=8945763 blocks=19742720 txs=2348554389 mgas=181878150 bps=27.08 tps=4483 mgps=411.7 avgBps=63.09 avgTps=7505 avgMGps=581.2 elapsed=3d14h55m
Jul 28 23:02:48 nimbus-eth1-mainnet-long-benchmark[3573364]: INF 2026-07-28 23:02:48.972+00:00 Imported blocks                            blockNumber=19750913 slot=8954019 blocks=19750912 txs=2349807259 mgas=182002972 bps=26.58 tps=4064 mgps=405.0 avgBps=63.06 avgTps=7502 avgMGps=581.1 elapsed=3d15h23s
Jul 28 23:07:47 nimbus-eth1-mainnet-long-benchmark[3573364]: INF 2026-07-28 23:07:47.299+00:00 Imported blocks                            blockNumber=19759105 slot=8962263 blocks=19759104 txs=2351124405 mgas=182127552 bps=27.46 tps=4415 mgps=417.6 avgBps=63.02 avgTps=7499 avgMGps=580.9 elapsed=3d15h5m
Jul 28 23:12:25 nimbus-eth1-mainnet-long-benchmark[3573364]: INF 2026-07-28 23:12:25.547+00:00 Imported blocks                            blockNumber=19767297 slot=8970503 blocks=19767296 txs=2352550115 mgas=182251871 bps=29.44 tps=5123 mgps=446.8 avgBps=62.99 avgTps=7496 avgMGps=580.8 elapsed=3d15h10m
Jul 28 23:17:03 nimbus-eth1-mainnet-long-benchmark[3573364]: INF 2026-07-28 23:17:03.206+00:00 Imported blocks                            blockNumber=19775489 slot=8978751 blocks=19775488 txs=2353977058 mgas=182376278 bps=29.50 tps=5139 mgps=448.1 avgBps=62.96 avgTps=7494 avgMGps=580.7 elapsed=3d15h14m
Jul 28 23:21:49 nimbus-eth1-mainnet-long-benchmark[3573364]: INF 2026-07-28 23:21:49.146+00:00 Imported blocks                            blockNumber=19783681 slot=8986991 blocks=19783680 txs=2355385154 mgas=182500765 bps=28.65 tps=4924 mgps=435.4 avgBps=62.93 avgTps=7492 avgMGps=580.5 elapsed=3d15h19m
Jul 28 23:26:51 nimbus-eth1-mainnet-long-benchmark[3573364]: INF 2026-07-28 23:26:51.545+00:00 Imported blocks                            blockNumber=19791873 slot=8995239 blocks=19791872 txs=2356761108 mgas=182624987 bps=27.09 tps=4550 mgps=410.8 avgBps=62.90 avgTps=7489 avgMGps=580.4 elapsed=3d15h24m
Jul 28 23:32:05 nimbus-eth1-mainnet-long-benchmark[3573364]: INF 2026-07-28 23:32:05.672+00:00 Imported blocks                            blockNumber=19800065 slot=9003484 blocks=19800064 txs=2358089557 mgas=182749443 bps=26.08 tps=4228 mgps=396.2 avgBps=62.86 avgTps=7486 avgMGps=580.2 elapsed=3d15h29m
Jul 28 23:36:54 nimbus-eth1-mainnet-long-benchmark[3573364]: INF 2026-07-28 23:36:54.131+00:00 Imported blocks                            blockNumber=19808257 slot=9011734 blocks=19808256 txs=2359398525 mgas=182873980 bps=28.40 tps=4537 mgps=431.7 avgBps=62.83 avgTps=7483 avgMGps=580.1 elapsed=3d15h34m
Jul 28 23:41:46 nimbus-eth1-mainnet-long-benchmark[3573364]: INF 2026-07-28 23:41:46.399+00:00 Imported blocks                            blockNumber=19816449 slot=9019990 blocks=19816448 txs=2360759798 mgas=182998432 bps=28.03 tps=4657 mgps=425.8 avgBps=62.80 avgTps=7481 avgMGps=579.9 elapsed=3d15h39m
Jul 28 23:46:47 nimbus-eth1-mainnet-long-benchmark[3573364]: INF 2026-07-28 23:46:47.902+00:00 Imported blocks                            blockNumber=19824641 slot=9028233 blocks=19824640 txs=2362146598 mgas=183122874 bps=27.17 tps=4599 mgps=412.7 avgBps=62.76 avgTps=7478 avgMGps=579.8 elapsed=3d15h44m
Jul 28 23:51:48 nimbus-eth1-mainnet-long-benchmark[3573364]: INF 2026-07-28 23:51:48.297+00:00 Imported blocks                            blockNumber=19832833 slot=9036486 blocks=19832832 txs=2363458231 mgas=183247346 bps=27.27 tps=4366 mgps=414.4 avgBps=62.73 avgTps=7475 avgMGps=579.6 elapsed=3d15h49m
Jul 28 23:57:07 nimbus-eth1-mainnet-long-benchmark[3573364]: INF 2026-07-28 23:57:07.104+00:00 Imported blocks                            blockNumber=19841025 slot=9044737 blocks=19841024 txs=2364779894 mgas=183372069 bps=25.70 tps=4145 mgps=391.2 avgBps=62.69 avgTps=7472 avgMGps=579.4 elapsed=3d15h54m
Jul 29 00:01:43 nimbus-eth1-mainnet-long-benchmark[3573364]: INF 2026-07-29 00:01:43.091+00:00 Imported blocks                            blockNumber=19849217 slot=9052980 blocks=19849216 txs=2366076481 mgas=183496270 bps=29.68 tps=4697 mgps=450.0 avgBps=62.66 avgTps=7469 avgMGps=579.3 elapsed=3d15h59m
Jul 29 00:06:34 nimbus-eth1-mainnet-long-benchmark[3573364]: INF 2026-07-29 00:06:34.627+00:00 Imported blocks                            blockNumber=19857409 slot=9061230 blocks=19857408 txs=2367288171 mgas=183621087 bps=28.10 tps=4156 mgps=428.1 avgBps=62.63 avgTps=7466 avgMGps=579.2 elapsed=3d16h4m
Jul 29 00:11:20 nimbus-eth1-mainnet-long-benchmark[3573364]: INF 2026-07-29 00:11:20.642+00:00 Imported blocks                            blockNumber=19865601 slot=9069473 blocks=19865600 txs=2368629215 mgas=183745503 bps=28.64 tps=4688 mgps=435.0 avgBps=62.60 avgTps=7464 avgMGps=579.0 elapsed=3d16h8m
Jul 29 00:16:17 nimbus-eth1-mainnet-long-benchmark[3573364]: INF 2026-07-29 00:16:17.937+00:00 Imported blocks                            blockNumber=19873793 slot=9077747 blocks=19873792 txs=2369993274 mgas=183869981 bps=27.56 tps=4588 mgps=418.7 avgBps=62.57 avgTps=7461 avgMGps=578.9 elapsed=3d16h13m
Jul 29 00:21:04 nimbus-eth1-mainnet-long-benchmark[3573364]: INF 2026-07-29 00:21:04.577+00:00 Imported blocks                            blockNumber=19881985 slot=9085984 blocks=19881984 txs=2371363663 mgas=183994271 bps=28.58 tps=4780 mgps=433.6 avgBps=62.54 avgTps=7459 avgMGps=578.7 elapsed=3d16h18m
Jul 29 00:25:56 nimbus-eth1-mainnet-long-benchmark[3573364]: INF 2026-07-29 00:25:56.448+00:00 Imported blocks                            blockNumber=19890177 slot=9094228 blocks=19890176 txs=2372679389 mgas=184118698 bps=28.07 tps=4507 mgps=426.3 avgBps=62.51 avgTps=7456 avgMGps=578.6 elapsed=3d16h23m
Jul 29 00:31:07 nimbus-eth1-mainnet-long-benchmark[3573364]: INF 2026-07-29 00:31:07.115+00:00 Imported blocks                            blockNumber=19898369 slot=9102490 blocks=19898368 txs=2373929590 mgas=184243201 bps=26.37 tps=4024 mgps=400.8 avgBps=62.47 avgTps=7452 avgMGps=578.4 elapsed=3d16h28m
Jul 29 00:36:00 nimbus-eth1-mainnet-long-benchmark[3573364]: INF 2026-07-29 00:36:00.350+00:00 Imported blocks                            blockNumber=19906561 slot=9110734 blocks=19906560 txs=2375155868 mgas=184367996 bps=27.94 tps=4181 mgps=425.6 avgBps=62.44 avgTps=7449 avgMGps=578.3 elapsed=3d16h33m
Jul 29 00:40:46 nimbus-eth1-mainnet-long-benchmark[3573364]: INF 2026-07-29 00:40:46.162+00:00 Imported blocks                            blockNumber=19914753 slot=9118990 blocks=19914752 txs=2376417889 mgas=184492638 bps=28.66 tps=4415 mgps=436.1 avgBps=62.41 avgTps=7447 avgMGps=578.2 elapsed=3d16h38m
Jul 29 00:45:25 nimbus-eth1-mainnet-long-benchmark[3573364]: INF 2026-07-29 00:45:25.913+00:00 Imported blocks                            blockNumber=19922945 slot=9127236 blocks=19922944 txs=2377790989 mgas=184616708 bps=29.28 tps=4908 mgps=443.5 avgBps=62.38 avgTps=7445 avgMGps=578.0 elapsed=3d16h43m
Jul 29 00:50:12 nimbus-eth1-mainnet-long-benchmark[3573364]: INF 2026-07-29 00:50:12.209+00:00 Imported blocks                            blockNumber=19931137 slot=9135486 blocks=19931136 txs=2379134020 mgas=184740937 bps=28.61 tps=4691 mgps=433.9 avgBps=62.35 avgTps=7442 avgMGps=577.9 elapsed=3d16h47m
Jul 29 00:54:55 nimbus-eth1-mainnet-long-benchmark[3573364]: INF 2026-07-29 00:54:55.676+00:00 Imported blocks                            blockNumber=19939329 slot=9143725 blocks=19939328 txs=2380463369 mgas=184865142 bps=28.90 tps=4689 mgps=438.2 avgBps=62.32 avgTps=7440 avgMGps=577.8 elapsed=3d16h52m
Jul 29 01:00:05 nimbus-eth1-mainnet-long-benchmark[3573364]: INF 2026-07-29 01:00:05.087+00:00 Imported blocks                            blockNumber=19947521 slot=9151974 blocks=19947520 txs=2381796452 mgas=184989535 bps=26.48 tps=4308 mgps=402.0 avgBps=62.29 avgTps=7437 avgMGps=577.6 elapsed=3d16h57m
Jul 29 01:05:07 nimbus-eth1-mainnet-long-benchmark[3573364]: INF 2026-07-29 01:05:07.058+00:00 Imported blocks                            blockNumber=19955713 slot=9160210 blocks=19955712 txs=2383111394 mgas=185113958 bps=27.13 tps=4354 mgps=412.0 avgBps=62.25 avgTps=7434 avgMGps=577.5 elapsed=3d17h2m
Jul 29 01:09:41 nimbus-eth1-mainnet-long-benchmark[3573364]: INF 2026-07-29 01:09:41.102+00:00 Imported blocks                            blockNumber=19963905 slot=9168454 blocks=19963904 txs=2384444413 mgas=185238304 bps=29.89 tps=4864 mgps=453.7 avgBps=62.22 avgTps=7431 avgMGps=577.4 elapsed=3d17h7m
Jul 29 01:14:26 nimbus-eth1-mainnet-long-benchmark[3573364]: INF 2026-07-29 01:14:26.013+00:00 Imported blocks                            blockNumber=19972097 slot=9176695 blocks=19972096 txs=2385701765 mgas=185362537 bps=28.75 tps=4413 mgps=436.0 avgBps=62.19 avgTps=7429 avgMGps=577.2 elapsed=3d17h12m
Jul 29 01:19:02 nimbus-eth1-mainnet-long-benchmark[3573364]: INF 2026-07-29 01:19:02.029+00:00 Imported blocks                            blockNumber=19980289 slot=9184953 blocks=19980288 txs=2387025333 mgas=185486631 bps=29.68 tps=4795 mgps=449.6 avgBps=62.17 avgTps=7427 avgMGps=577.1 elapsed=3d17h16m
Jul 29 01:23:31 nimbus-eth1-mainnet-long-benchmark[3573364]: INF 2026-07-29 01:23:31.332+00:00 Imported blocks                            blockNumber=19988481 slot=9193196 blocks=19988480 txs=2388352084 mgas=185610795 bps=30.42 tps=4926 mgps=461.1 avgBps=62.14 avgTps=7424 avgMGps=577.0 elapsed=3d17h21m
Jul 29 01:28:14 nimbus-eth1-mainnet-long-benchmark[3573364]: INF 2026-07-29 01:28:14.220+00:00 Imported blocks                            blockNumber=19996673 slot=9201443 blocks=19996672 txs=2389688336 mgas=185734792 bps=28.96 tps=4723 mgps=438.3 avgBps=62.11 avgTps=7422 avgMGps=576.9 elapsed=3d17h25m
Jul 29 01:32:53 nimbus-eth1-mainnet-long-benchmark[3573364]: INF 2026-07-29 01:32:53.151+00:00 Imported blocks                            blockNumber=20004865 slot=9209675 blocks=20004864 txs=2390929190 mgas=185859018 bps=29.37 tps=4448 mgps=445.4 avgBps=62.08 avgTps=7419 avgMGps=576.8 elapsed=3d17h30m
Jul 29 01:37:19 nimbus-eth1-mainnet-long-benchmark[3573364]: INF 2026-07-29 01:37:19.235+00:00 Imported blocks                            blockNumber=20013057 slot=9217912 blocks=20013056 txs=2392233989 mgas=185982949 bps=30.79 tps=4903 mgps=465.8 avgBps=62.06 avgTps=7417 avgMGps=576.7 elapsed=3d17h34m
Jul 29 01:41:59 nimbus-eth1-mainnet-long-benchmark[3573364]: INF 2026-07-29 01:41:59.875+00:00 Imported blocks                            blockNumber=20021249 slot=9226144 blocks=20021248 txs=2393564776 mgas=186106900 bps=29.19 tps=4742 mgps=441.7 avgBps=62.03 avgTps=7415 avgMGps=576.6 elapsed=3d17h39m
Jul 29 01:46:20 nimbus-eth1-mainnet-long-benchmark[3573364]: INF 2026-07-29 01:46:20.906+00:00 Imported blocks                            blockNumber=20029441 slot=9234372 blocks=20029440 txs=2394903672 mgas=186230721 bps=31.38 tps=5129 mgps=474.4 avgBps=62.00 avgTps=7413 avgMGps=576.5 elapsed=3d17h43m
Jul 29 01:50:45 nimbus-eth1-mainnet-long-benchmark[3573364]: INF 2026-07-29 01:50:45.590+00:00 Imported blocks                            blockNumber=20037633 slot=9242611 blocks=20037632 txs=2396220762 mgas=186354375 bps=30.95 tps=4976 mgps=467.2 avgBps=61.98 avgTps=7411 avgMGps=576.4 elapsed=3d17h48m
Jul 29 01:55:21 nimbus-eth1-mainnet-long-benchmark[3573364]: INF 2026-07-29 01:55:21.390+00:00 Imported blocks                            blockNumber=20045825 slot=9250848 blocks=20045824 txs=2397567844 mgas=186478329 bps=29.70 tps=4884 mgps=449.4 avgBps=61.95 avgTps=7409 avgMGps=576.3 elapsed=3d17h52m
Jul 29 02:00:12 nimbus-eth1-mainnet-long-benchmark[3573364]: INF 2026-07-29 02:00:12.977+00:00 Imported blocks                            blockNumber=20054017 slot=9259089 blocks=20054016 txs=2398893111 mgas=186602206 bps=28.09 tps=4545 mgps=424.8 avgBps=61.92 avgTps=7407 avgMGps=576.2 elapsed=3d17h57m
Jul 29 02:04:50 nimbus-eth1-mainnet-long-benchmark[3573364]: INF 2026-07-29 02:04:50.093+00:00 Imported blocks                            blockNumber=20062209 slot=9267322 blocks=20062208 txs=2400211828 mgas=186726261 bps=29.56 tps=4758 mgps=447.7 avgBps=61.89 avgTps=7404 avgMGps=576.1 elapsed=3d18h2m
Jul 29 02:09:12 nimbus-eth1-mainnet-long-benchmark[3573364]: INF 2026-07-29 02:09:12.116+00:00 Imported blocks                            blockNumber=20070401 slot=9275563 blocks=20070400 txs=2401578055 mgas=186850023 bps=31.26 tps=5214 mgps=472.3 avgBps=61.87 avgTps=7402 avgMGps=576.0 elapsed=3d18h6m
Jul 29 02:13:38 nimbus-eth1-mainnet-long-benchmark[3573364]: INF 2026-07-29 02:13:38.816+00:00 Imported blocks                            blockNumber=20078593 slot=9283801 blocks=20078592 txs=2402962926 mgas=186973935 bps=30.72 tps=5192 mgps=464.6 avgBps=61.84 avgTps=7401 avgMGps=575.9 elapsed=3d18h11m
Jul 29 02:18:02 nimbus-eth1-mainnet-long-benchmark[3573364]: INF 2026-07-29 02:18:02.788+00:00 Imported blocks                            blockNumber=20086785 slot=9292062 blocks=20086784 txs=2404369052 mgas=187097875 bps=31.03 tps=5326 mgps=469.5 avgBps=61.82 avgTps=7399 avgMGps=575.8 elapsed=3d18h15m
Jul 29 02:22:43 nimbus-eth1-mainnet-long-benchmark[3573364]: INF 2026-07-29 02:22:43.799+00:00 Imported blocks                            blockNumber=20094977 slot=9300302 blocks=20094976 txs=2405708737 mgas=187221890 bps=29.15 tps=4767 mgps=441.3 avgBps=61.79 avgTps=7397 avgMGps=575.7 elapsed=3d18h20m
Jul 29 02:27:36 nimbus-eth1-mainnet-long-benchmark[3573364]: INF 2026-07-29 02:27:36.639+00:00 Imported blocks                            blockNumber=20103169 slot=9308551 blocks=20103168 txs=2407010451 mgas=187345919 bps=27.97 tps=4445 mgps=423.5 avgBps=61.76 avgTps=7394 avgMGps=575.5 elapsed=3d18h25m
Jul 29 02:32:32 nimbus-eth1-mainnet-long-benchmark[3573364]: INF 2026-07-29 02:32:32.930+00:00 Imported blocks                            blockNumber=20111361 slot=9316795 blocks=20111360 txs=2408283517 mgas=187470007 bps=27.65 tps=4296 mgps=418.8 avgBps=61.73 avgTps=7391 avgMGps=575.4 elapsed=3d18h30m
Jul 29 02:37:18 nimbus-eth1-mainnet-long-benchmark[3573364]: INF 2026-07-29 02:37:18.857+00:00 Imported blocks                            blockNumber=20119553 slot=9325059 blocks=20119552 txs=2409625302 mgas=187594100 bps=28.65 tps=4692 mgps=434.0 avgBps=61.70 avgTps=7389 avgMGps=575.3 elapsed=3d18h34m
Jul 29 02:42:00 nimbus-eth1-mainnet-long-benchmark[3573364]: INF 2026-07-29 02:42:00.805+00:00 Imported blocks                            blockNumber=20127745 slot=9333311 blocks=20127744 txs=2410925606 mgas=187718271 bps=29.06 tps=4611 mgps=440.4 avgBps=61.67 avgTps=7386 avgMGps=575.2 elapsed=3d18h39m
Jul 29 02:46:25 nimbus-eth1-mainnet-long-benchmark[3573364]: INF 2026-07-29 02:46:25.824+00:00 Imported blocks                            blockNumber=20135937 slot=9341560 blocks=20135936 txs=2412238434 mgas=187842167 bps=30.91 tps=4953 mgps=467.5 avgBps=61.65 avgTps=7384 avgMGps=575.1 elapsed=3d18h44m
Jul 29 02:51:29 nimbus-eth1-mainnet-long-benchmark[3573364]: INF 2026-07-29 02:51:29.771+00:00 Imported blocks                            blockNumber=20144129 slot=9349801 blocks=20144128 txs=2413717031 mgas=187966299 bps=26.95 tps=4864 mgps=408.4 avgBps=61.61 avgTps=7382 avgMGps=574.9 elapsed=3d18h49m
Jul 29 02:56:57 nimbus-eth1-mainnet-long-benchmark[3573364]: INF 2026-07-29 02:56:57.442+00:00 Imported blocks                            blockNumber=20152321 slot=9358049 blocks=20152320 txs=2415119005 mgas=188090641 bps=25.00 tps=4278 mgps=379.5 avgBps=61.58 avgTps=7379 avgMGps=574.7 elapsed=3d18h54m
Jul 29 03:02:06 nimbus-eth1-mainnet-long-benchmark[3573364]: INF 2026-07-29 03:02:06.469+00:00 Imported blocks                            blockNumber=20160513 slot=9366304 blocks=20160512 txs=2416397725 mgas=188215015 bps=26.51 tps=4137 mgps=402.5 avgBps=61.54 avgTps=7376 avgMGps=574.6 elapsed=3d18h59m
Jul 29 03:06:57 nimbus-eth1-mainnet-long-benchmark[3573364]: INF 2026-07-29 03:06:57.145+00:00 Imported blocks                            blockNumber=20168705 slot=9374550 blocks=20168704 txs=2417744403 mgas=188338951 bps=28.18 tps=4632 mgps=426.4 avgBps=61.51 avgTps=7374 avgMGps=574.4 elapsed=3d19h4m
Jul 29 03:11:52 nimbus-eth1-mainnet-long-benchmark[3573364]: INF 2026-07-29 03:11:52.884+00:00 Imported blocks                            blockNumber=20176897 slot=9382778 blocks=20176896 txs=2419168926 mgas=188463060 bps=27.70 tps=4816 mgps=419.7 avgBps=61.48 avgTps=7371 avgMGps=574.3 elapsed=3d19h9m
Jul 29 03:16:31 nimbus-eth1-mainnet-long-benchmark[3573364]: INF 2026-07-29 03:16:31.171+00:00 Imported blocks                            blockNumber=20185089 slot=9391015 blocks=20185088 txs=2420546145 mgas=188586945 bps=29.44 tps=4948 mgps=445.2 avgBps=61.46 avgTps=7369 avgMGps=574.2 elapsed=3d19h14m
Jul 29 03:21:16 nimbus-eth1-mainnet-long-benchmark[3573364]: INF 2026-07-29 03:21:16.379+00:00 Imported blocks                            blockNumber=20193281 slot=9399251 blocks=20193280 txs=2421882332 mgas=188710733 bps=28.72 tps=4684 mgps=434.0 avgBps=61.43 avgTps=7367 avgMGps=574.1 elapsed=3d19h18m
Jul 29 03:26:33 nimbus-eth1-mainnet-long-benchmark[3573364]: INF 2026-07-29 03:26:33.066+00:00 Imported blocks                            blockNumber=20201473 slot=9407494 blocks=20201472 txs=2423180795 mgas=188835003 bps=25.87 tps=4100 mgps=392.4 avgBps=61.39 avgTps=7364 avgMGps=573.9 elapsed=3d19h24m
Jul 29 03:31:44 nimbus-eth1-mainnet-long-benchmark[3573364]: INF 2026-07-29 03:31:43.997+00:00 Imported blocks                            blockNumber=20209665 slot=9415724 blocks=20209664 txs=2424467421 mgas=188959091 bps=26.35 tps=4137 mgps=399.1 avgBps=61.36 avgTps=7361 avgMGps=573.7 elapsed=3d19h29m
Jul 29 03:36:37 nimbus-eth1-mainnet-long-benchmark[3573364]: INF 2026-07-29 03:36:37.376+00:00 Imported blocks                            blockNumber=20217857 slot=9423960 blocks=20217856 txs=2425785273 mgas=189083033 bps=27.92 tps=4491 mgps=422.5 avgBps=61.33 avgTps=7358 avgMGps=573.6 elapsed=3d19h34m
Jul 29 03:41:22 nimbus-eth1-mainnet-long-benchmark[3573364]: INF 2026-07-29 03:41:22.415+00:00 Imported blocks                            blockNumber=20226049 slot=9432209 blocks=20226048 txs=2427085190 mgas=189207181 bps=28.74 tps=4560 mgps=435.5 avgBps=61.30 avgTps=7356 avgMGps=573.5 elapsed=3d19h38m
Jul 29 03:45:44 nimbus-eth1-mainnet-long-benchmark[3573364]: INF 2026-07-29 03:45:44.427+00:00 Imported blocks                            blockNumber=20234241 slot=9440439 blocks=20234240 txs=2428446036 mgas=189330955 bps=31.27 tps=5193 mgps=472.4 avgBps=61.28 avgTps=7354 avgMGps=573.4 elapsed=3d19h43m
Jul 29 03:50:13 nimbus-eth1-mainnet-long-benchmark[3573364]: INF 2026-07-29 03:50:13.163+00:00 Imported blocks                            blockNumber=20242433 slot=9448678 blocks=20242432 txs=2429905766 mgas=189454810 bps=30.48 tps=5431 mgps=460.9 avgBps=61.25 avgTps=7352 avgMGps=573.3 elapsed=3d19h47m
Jul 29 03:55:27 nimbus-eth1-mainnet-long-benchmark[3573364]: INF 2026-07-29 03:55:27.802+00:00 Imported blocks                            blockNumber=20250625 slot=9456910 blocks=20250624 txs=2431218182 mgas=189578887 bps=26.04 tps=4171 mgps=394.4 avgBps=61.22 avgTps=7349 avgMGps=573.1 elapsed=3d19h53m
Jul 29 04:00:39 nimbus-eth1-mainnet-long-benchmark[3573364]: INF 2026-07-29 04:00:39.513+00:00 Imported blocks                            blockNumber=20258817 slot=9465146 blocks=20258816 txs=2432389777 mgas=189703315 bps=26.28 tps=3758 mgps=399.2 avgBps=61.19 avgTps=7346 avgMGps=573.0 elapsed=3d19h58m
Jul 29 04:05:41 nimbus-eth1-mainnet-long-benchmark[3573364]: INF 2026-07-29 04:05:41.692+00:00 Imported blocks                            blockNumber=20267009 slot=9473399 blocks=20267008 txs=2433706906 mgas=189827412 bps=27.11 tps=4358 mgps=410.7 avgBps=61.16 avgTps=7343 avgMGps=572.8 elapsed=3d20h3m
Jul 29 04:10:25 nimbus-eth1-mainnet-long-benchmark[3573364]: INF 2026-07-29 04:10:25.883+00:00 Imported blocks                            blockNumber=20275201 slot=9481639 blocks=20275200 txs=2435041169 mgas=189951350 bps=28.83 tps=4694 mgps=436.1 avgBps=61.13 avgTps=7341 avgMGps=572.7 elapsed=3d20h8m
Jul 29 04:15:00 nimbus-eth1-mainnet-long-benchmark[3573364]: INF 2026-07-29 04:15:00.839+00:00 Imported blocks                            blockNumber=20283393 slot=9489868 blocks=20283392 txs=2436404544 mgas=190075417 bps=29.79 tps=4958 mgps=451.2 avgBps=61.10 avgTps=7339 avgMGps=572.6 elapsed=3d20h12m
Jul 29 04:19:59 nimbus-eth1-mainnet-long-benchmark[3573364]: INF 2026-07-29 04:19:59.074+00:00 Imported blocks                            blockNumber=20291585 slot=9498106 blocks=20291584 txs=2437767928 mgas=190199287 bps=27.47 tps=4571 mgps=415.3 avgBps=61.07 avgTps=7337 avgMGps=572.5 elapsed=3d20h17m
Jul 29 04:25:11 nimbus-eth1-mainnet-long-benchmark[3573364]: INF 2026-07-29 04:25:11.237+00:00 Imported blocks                            blockNumber=20299777 slot=9506347 blocks=20299776 txs=2439084709 mgas=190323326 bps=26.24 tps=4218 mgps=397.4 avgBps=61.04 avgTps=7334 avgMGps=572.3 elapsed=3d20h22m
Jul 29 04:30:06 nimbus-eth1-mainnet-long-benchmark[3573364]: INF 2026-07-29 04:30:06.524+00:00 Imported blocks                            blockNumber=20307969 slot=9514581 blocks=20307968 txs=2440328974 mgas=190447316 bps=27.74 tps=4213 mgps=419.9 avgBps=61.01 avgTps=7331 avgMGps=572.2 elapsed=3d20h27m
Jul 29 04:35:04 nimbus-eth1-mainnet-long-benchmark[3573364]: INF 2026-07-29 04:35:04.932+00:00 Imported blocks                            blockNumber=20316161 slot=9522818 blocks=20316160 txs=2441642983 mgas=190571312 bps=27.45 tps=4403 mgps=415.5 avgBps=60.98 avgTps=7328 avgMGps=572.0 elapsed=3d20h32m
Jul 29 04:39:28 nimbus-eth1-mainnet-long-benchmark[3573364]: INF 2026-07-29 04:39:28.279+00:00 Imported blocks                            blockNumber=20324353 slot=9531037 blocks=20324352 txs=2443003434 mgas=190695169 bps=31.11 tps=5165 mgps=470.3 avgBps=60.96 avgTps=7327 avgMGps=571.9 elapsed=3d20h37m
Jul 29 04:43:37 nimbus-eth1-mainnet-long-benchmark[3573364]: INF 2026-07-29 04:43:37.867+00:00 Imported blocks                            blockNumber=20332545 slot=9539273 blocks=20332544 txs=2444369352 mgas=190818927 bps=32.82 tps=5472 mgps=495.9 avgBps=60.94 avgTps=7325 avgMGps=571.9 elapsed=3d20h41m
Jul 29 04:47:50 nimbus-eth1-mainnet-long-benchmark[3573364]: INF 2026-07-29 04:47:50.939+00:00 Imported blocks                            blockNumber=20340737 slot=9547499 blocks=20340736 txs=2445684799 mgas=190942708 bps=32.37 tps=5197 mgps=489.1 avgBps=60.91 avgTps=7324 avgMGps=571.8 elapsed=3d20h45m
Jul 29 04:52:40 nimbus-eth1-mainnet-long-benchmark[3573364]: INF 2026-07-29 04:52:40.879+00:00 Imported blocks                            blockNumber=20348929 slot=9555732 blocks=20348928 txs=2446976396 mgas=191066753 bps=28.25 tps=4454 mgps=427.8 avgBps=60.89 avgTps=7321 avgMGps=571.7 elapsed=3d20h50m
Jul 29 04:57:31 nimbus-eth1-mainnet-long-benchmark[3573364]: INF 2026-07-29 04:57:31.970+00:00 Imported blocks                            blockNumber=20357121 slot=9563959 blocks=20357120 txs=2448256169 mgas=191191257 bps=28.14 tps=4396 mgps=427.7 avgBps=60.86 avgTps=7318 avgMGps=571.6 elapsed=3d20h55m
Jul 29 05:01:49 nimbus-eth1-mainnet-long-benchmark[3573364]: INF 2026-07-29 05:01:49.242+00:00 Imported blocks                            blockNumber=20365313 slot=9572201 blocks=20365312 txs=2449568815 mgas=191314927 bps=31.84 tps=5102 mgps=480.7 avgBps=60.83 avgTps=7317 avgMGps=571.5 elapsed=3d20h59m
Jul 29 05:06:31 nimbus-eth1-mainnet-long-benchmark[3573364]: INF 2026-07-29 05:06:31.625+00:00 Imported blocks                            blockNumber=20373505 slot=9580431 blocks=20373504 txs=2450879985 mgas=191438966 bps=29.01 tps=4643 mgps=439.3 avgBps=60.81 avgTps=7315 avgMGps=571.4 elapsed=3d21h4m
Jul 29 05:11:12 nimbus-eth1-mainnet-long-benchmark[3573364]: INF 2026-07-29 05:11:12.421+00:00 Imported blocks                            blockNumber=20381697 slot=9588664 blocks=20381696 txs=2452156695 mgas=191563063 bps=29.17 tps=4546 mgps=441.9 avgBps=60.78 avgTps=7312 avgMGps=571.3 elapsed=3d21h8m
Jul 29 05:15:52 nimbus-eth1-mainnet-long-benchmark[3573364]: INF 2026-07-29 05:15:52.296+00:00 Imported blocks                            blockNumber=20389889 slot=9596900 blocks=20389888 txs=2453465950 mgas=191687053 bps=29.27 tps=4677 mgps=443.0 avgBps=60.76 avgTps=7310 avgMGps=571.2 elapsed=3d21h13m
Jul 29 05:20:30 nimbus-eth1-mainnet-long-benchmark[3573364]: INF 2026-07-29 05:20:30.992+00:00 Imported blocks                            blockNumber=20398081 slot=9605136 blocks=20398080 txs=2454722175 mgas=191811259 bps=29.39 tps=4507 mgps=445.7 avgBps=60.73 avgTps=7308 avgMGps=571.1 elapsed=3d21h18m
Jul 29 05:24:53 nimbus-eth1-mainnet-long-benchmark[3573364]: INF 2026-07-29 05:24:53.012+00:00 Imported blocks                            blockNumber=20406273 slot=9613370 blocks=20406272 txs=2455937858 mgas=191935324 bps=31.26 tps=4639 mgps=473.5 avgBps=60.71 avgTps=7306 avgMGps=571.0 elapsed=3d21h22m
Jul 29 05:29:26 nimbus-eth1-mainnet-long-benchmark[3573364]: INF 2026-07-29 05:29:26.427+00:00 Imported blocks                            blockNumber=20414465 slot=9621591 blocks=20414464 txs=2457182133 mgas=192059517 bps=29.96 tps=4550 mgps=454.2 avgBps=60.68 avgTps=7303 avgMGps=570.9 elapsed=3d21h27m
Jul 29 05:33:43 nimbus-eth1-mainnet-long-benchmark[3573364]: INF 2026-07-29 05:33:43.575+00:00 Imported blocks                            blockNumber=20422657 slot=9629846 blocks=20422656 txs=2458502388 mgas=192183515 bps=31.86 tps=5134 mgps=482.2 avgBps=60.66 avgTps=7302 avgMGps=570.8 elapsed=3d21h31m
Jul 29 05:37:48 nimbus-eth1-mainnet-long-benchmark[3573364]: INF 2026-07-29 05:37:48.463+00:00 Imported blocks                            blockNumber=20430849 slot=9638079 blocks=20430848 txs=2459823635 mgas=192307404 bps=33.45 tps=5395 mgps=505.9 avgBps=60.64 avgTps=7300 avgMGps=570.8 elapsed=3d21h35m
Jul 29 05:41:56 nimbus-eth1-mainnet-long-benchmark[3573364]: INF 2026-07-29 05:41:56.715+00:00 Imported blocks                            blockNumber=20439041 slot=9646308 blocks=20439040 txs=2461089016 mgas=192431228 bps=33.00 tps=5097 mgps=498.8 avgBps=60.62 avgTps=7299 avgMGps=570.7 elapsed=3d21h39m
Jul 29 05:46:20 nimbus-eth1-mainnet-long-benchmark[3573364]: INF 2026-07-29 05:46:20.171+00:00 Imported blocks                            blockNumber=20447233 slot=9654555 blocks=20447232 txs=2462365837 mgas=192555224 bps=31.09 tps=4846 mgps=470.7 avgBps=60.60 avgTps=7297 avgMGps=570.6 elapsed=3d21h43m
Jul 29 05:51:15 nimbus-eth1-mainnet-long-benchmark[3573364]: INF 2026-07-29 05:51:15.026+00:00 Imported blocks                            blockNumber=20455425 slot=9662773 blocks=20455424 txs=2463563089 mgas=192679757 bps=27.78 tps=4060 mgps=422.4 avgBps=60.57 avgTps=7294 avgMGps=570.5 elapsed=3d21h48m
Jul 29 05:55:49 nimbus-eth1-mainnet-long-benchmark[3573364]: INF 2026-07-29 05:55:49.446+00:00 Imported blocks                            blockNumber=20463617 slot=9670997 blocks=20463616 txs=2464820568 mgas=192804145 bps=29.85 tps=4582 mgps=453.3 avgBps=60.54 avgTps=7292 avgMGps=570.4 elapsed=3d21h53m
Jul 29 06:00:31 nimbus-eth1-mainnet-long-benchmark[3573364]: INF 2026-07-29 06:00:31.045+00:00 Imported blocks                            blockNumber=20471809 slot=9679232 blocks=20471808 txs=2466105979 mgas=192927795 bps=29.09 tps=4564 mgps=439.1 avgBps=60.52 avgTps=7290 avgMGps=570.3 elapsed=3d21h58m
Jul 29 06:05:01 nimbus-eth1-mainnet-long-benchmark[3573364]: INF 2026-07-29 06:05:01.337+00:00 Imported blocks                            blockNumber=20480001 slot=9687458 blocks=20480000 txs=2467403178 mgas=193051545 bps=30.31 tps=4799 mgps=457.8 avgBps=60.49 avgTps=7288 avgMGps=570.2 elapsed=3d22h2m
Jul 29 06:09:23 nimbus-eth1-mainnet-long-benchmark[3573364]: INF 2026-07-29 06:09:23.549+00:00 Imported blocks                            blockNumber=20488193 slot=9695679 blocks=20488192 txs=2468646793 mgas=193175429 bps=31.24 tps=4742 mgps=472.5 avgBps=60.47 avgTps=7286 avgMGps=570.1 elapsed=3d22h6m
Jul 29 06:13:58 nimbus-eth1-mainnet-long-benchmark[3573364]: INF 2026-07-29 06:13:58.736+00:00 Imported blocks                            blockNumber=20496385 slot=9703905 blocks=20496384 txs=2469916046 mgas=193299476 bps=29.77 tps=4612 mgps=450.8 avgBps=60.44 avgTps=7283 avgMGps=570.0 elapsed=3d22h11m
Jul 29 06:18:45 nimbus-eth1-mainnet-long-benchmark[3573364]: INF 2026-07-29 06:18:45.236+00:00 Imported blocks                            blockNumber=20504577 slot=9712142 blocks=20504576 txs=2471051293 mgas=193423942 bps=28.59 tps=3962 mgps=434.4 avgBps=60.42 avgTps=7281 avgMGps=569.9 elapsed=3d22h16m
Jul 29 06:23:07 nimbus-eth1-mainnet-long-benchmark[3573364]: INF 2026-07-29 06:23:07.903+00:00 Imported blocks                            blockNumber=20512769 slot=9720378 blocks=20512768 txs=2472212904 mgas=193548126 bps=31.19 tps=4422 mgps=472.8 avgBps=60.40 avgTps=7278 avgMGps=569.9 elapsed=3d22h20m
Jul 29 06:27:27 nimbus-eth1-mainnet-long-benchmark[3573364]: INF 2026-07-29 06:27:27.055+00:00 Imported blocks                            blockNumber=20520961 slot=9728604 blocks=20520960 txs=2473458204 mgas=193672133 bps=31.61 tps=4805 mgps=478.5 avgBps=60.37 avgTps=7276 avgMGps=569.8 elapsed=3d22h25m
Jul 29 06:31:59 nimbus-eth1-mainnet-long-benchmark[3573364]: INF 2026-07-29 06:31:59.775+00:00 Imported blocks                            blockNumber=20529153 slot=9736836 blocks=20529152 txs=2474879473 mgas=193796096 bps=30.04 tps=5211 mgps=454.5 avgBps=60.35 avgTps=7275 avgMGps=569.7 elapsed=3d22h29m
Jul 29 06:36:28 nimbus-eth1-mainnet-long-benchmark[3573364]: INF 2026-07-29 06:36:28.267+00:00 Imported blocks                            blockNumber=20537345 slot=9745081 blocks=20537344 txs=2476318806 mgas=193919766 bps=30.51 tps=5360 mgps=460.6 avgBps=60.33 avgTps=7273 avgMGps=569.6 elapsed=3d22h34m
Jul 29 06:41:11 nimbus-eth1-mainnet-long-benchmark[3573364]: INF 2026-07-29 06:41:11.710+00:00 Imported blocks                            blockNumber=20545537 slot=9753315 blocks=20545536 txs=2477572414 mgas=194043997 bps=28.90 tps=4422 mgps=438.3 avgBps=60.30 avgTps=7271 avgMGps=569.5 elapsed=3d22h38m
Jul 29 06:45:59 nimbus-eth1-mainnet-long-benchmark[3573364]: INF 2026-07-29 06:45:59.866+00:00 Imported blocks                            blockNumber=20553729 slot=9761549 blocks=20553728 txs=2478717439 mgas=194168601 bps=28.43 tps=3973 mgps=432.4 avgBps=60.27 avgTps=7268 avgMGps=569.4 elapsed=3d22h43m
Jul 29 06:50:36 nimbus-eth1-mainnet-long-benchmark[3573364]: INF 2026-07-29 06:50:36.681+00:00 Imported blocks                            blockNumber=20561921 slot=9769782 blocks=20561920 txs=2479884398 mgas=194293055 bps=29.59 tps=4215 mgps=449.6 avgBps=60.25 avgTps=7266 avgMGps=569.3 elapsed=3d22h48m
Jul 29 06:55:06 nimbus-eth1-mainnet-long-benchmark[3573364]: INF 2026-07-29 06:55:06.153+00:00 Imported blocks                            blockNumber=20570113 slot=9778022 blocks=20570112 txs=2481113699 mgas=194416978 bps=30.40 tps=4561 mgps=459.9 avgBps=60.22 avgTps=7264 avgMGps=569.2 elapsed=3d22h52m
Jul 29 06:59:37 nimbus-eth1-mainnet-long-benchmark[3573364]: INF 2026-07-29 06:59:37.177+00:00 Imported blocks                            blockNumber=20578305 slot=9786257 blocks=20578304 txs=2482329481 mgas=194541487 bps=30.23 tps=4485 mgps=459.4 avgBps=60.20 avgTps=7261 avgMGps=569.1 elapsed=3d22h57m
Jul 29 07:03:58 nimbus-eth1-mainnet-long-benchmark[3573364]: INF 2026-07-29 07:03:58.164+00:00 Imported blocks                            blockNumber=20586497 slot=9794502 blocks=20586496 txs=2483599008 mgas=194665538 bps=31.39 tps=4864 mgps=475.3 avgBps=60.18 avgTps=7260 avgMGps=569.0 elapsed=3d23h1m
Jul 29 07:08:26 nimbus-eth1-mainnet-long-benchmark[3573364]: INF 2026-07-29 07:08:26.404+00:00 Imported blocks                            blockNumber=20594689 slot=9802745 blocks=20594688 txs=2484891011 mgas=194789870 bps=30.54 tps=4816 mgps=463.5 avgBps=60.15 avgTps=7258 avgMGps=569.0 elapsed=3d23h6m
Jul 29 07:13:04 nimbus-eth1-mainnet-long-benchmark[3573364]: INF 2026-07-29 07:13:04.796+00:00 Imported blocks                            blockNumber=20602881 slot=9810996 blocks=20602880 txs=2486119333 mgas=194914414 bps=29.43 tps=4412 mgps=447.4 avgBps=60.13 avgTps=7255 avgMGps=568.9 elapsed=3d23h10m
Jul 29 07:17:29 nimbus-eth1-mainnet-long-benchmark[3573364]: INF 2026-07-29 07:17:29.696+00:00 Imported blocks                            blockNumber=20611073 slot=9819237 blocks=20611072 txs=2487216978 mgas=195039228 bps=30.93 tps=4143 mgps=471.2 avgBps=60.11 avgTps=7253 avgMGps=568.8 elapsed=3d23h15m
Jul 29 07:21:49 nimbus-eth1-mainnet-long-benchmark[3573364]: INF 2026-07-29 07:21:49.176+00:00 Imported blocks                            blockNumber=20619265 slot=9827482 blocks=20619264 txs=2488541897 mgas=195163520 bps=31.57 tps=5106 mgps=479.0 avgBps=60.09 avgTps=7251 avgMGps=568.7 elapsed=3d23h19m
Jul 29 07:26:07 nimbus-eth1-mainnet-long-benchmark[3573364]: INF 2026-07-29 07:26:07.923+00:00 Imported blocks                            blockNumber=20627457 slot=9835711 blocks=20627456 txs=2489858365 mgas=195287826 bps=31.66 tps=5087 mgps=480.4 avgBps=60.06 avgTps=7250 avgMGps=568.7 elapsed=3d23h23m
Jul 29 07:30:27 nimbus-eth1-mainnet-long-benchmark[3573364]: INF 2026-07-29 07:30:27.179+00:00 Imported blocks                            blockNumber=20635649 slot=9843959 blocks=20635648 txs=2491181770 mgas=195412065 bps=31.60 tps=5104 mgps=479.2 avgBps=60.04 avgTps=7248 avgMGps=568.6 elapsed=3d23h28m
Jul 29 07:34:52 nimbus-eth1-mainnet-long-benchmark[3573364]: INF 2026-07-29 07:34:52.283+00:00 Imported blocks                            blockNumber=20643841 slot=9852200 blocks=20643840 txs=2492494347 mgas=195536175 bps=30.90 tps=4951 mgps=468.2 avgBps=60.02 avgTps=7246 avgMGps=568.5 elapsed=3d23h32m
Jul 29 07:39:23 nimbus-eth1-mainnet-long-benchmark[3573364]: INF 2026-07-29 07:39:23.339+00:00 Imported blocks                            blockNumber=20652033 slot=9860438 blocks=20652032 txs=2493662245 mgas=195660830 bps=30.22 tps=4308 mgps=459.9 avgBps=60.00 avgTps=7244 avgMGps=568.4 elapsed=3d23h36m
Jul 29 07:43:54 nimbus-eth1-mainnet-long-benchmark[3573364]: INF 2026-07-29 07:43:54.071+00:00 Imported blocks                            blockNumber=20660225 slot=9868668 blocks=20660224 txs=2494835211 mgas=195785649 bps=30.26 tps=4332 mgps=461.0 avgBps=59.97 avgTps=7242 avgMGps=568.3 elapsed=3d23h41m
Jul 29 07:48:00 nimbus-eth1-mainnet-long-benchmark[3573364]: INF 2026-07-29 07:48:00.287+00:00 Imported blocks                            blockNumber=20668417 slot=9876900 blocks=20668416 txs=2496072189 mgas=195909878 bps=33.27 tps=5023 mgps=504.6 avgBps=59.95 avgTps=7240 avgMGps=568.3 elapsed=3d23h45m
Jul 29 07:52:19 nimbus-eth1-mainnet-long-benchmark[3573364]: INF 2026-07-29 07:52:19.351+00:00 Imported blocks                            blockNumber=20676609 slot=9885128 blocks=20676608 txs=2497350614 mgas=196034070 bps=31.62 tps=4934 mgps=479.4 avgBps=59.93 avgTps=7238 avgMGps=568.2 elapsed=3d23h49m
Jul 29 07:56:24 nimbus-eth1-mainnet-long-benchmark[3573364]: INF 2026-07-29 07:56:24.239+00:00 Imported blocks                            blockNumber=20684801 slot=9893357 blocks=20684800 txs=2498628037 mgas=196158234 bps=33.45 tps=5216 mgps=507.0 avgBps=59.91 avgTps=7237 avgMGps=568.2 elapsed=3d23h53m
Jul 29 08:00:37 nimbus-eth1-mainnet-long-benchmark[3573364]: INF 2026-07-29 08:00:37.975+00:00 Imported blocks                            blockNumber=20692993 slot=9901590 blocks=20692992 txs=2499927346 mgas=196282456 bps=32.29 tps=5120 mgps=489.6 avgBps=59.89 avgTps=7235 avgMGps=568.1 elapsed=3d23h58m
Jul 29 08:05:05 nimbus-eth1-mainnet-long-benchmark[3573364]: INF 2026-07-29 08:05:05.143+00:00 Imported blocks                            blockNumber=20701185 slot=9909808 blocks=20701184 txs=2501207985 mgas=196406495 bps=30.66 tps=4793 mgps=464.3 avgBps=59.87 avgTps=7233 avgMGps=568.0 elapsed=4d2m40s
Jul 29 08:09:42 nimbus-eth1-mainnet-long-benchmark[3573364]: INF 2026-07-29 08:09:42.926+00:00 Imported blocks                            blockNumber=20709377 slot=9918046 blocks=20709376 txs=2502445590 mgas=196530646 bps=29.49 tps=4455 mgps=446.9 avgBps=59.85 avgTps=7231 avgMGps=567.9 elapsed=4d7m17s
Jul 29 08:13:57 nimbus-eth1-mainnet-long-benchmark[3573364]: INF 2026-07-29 08:13:57.718+00:00 Imported blocks                            blockNumber=20717569 slot=9926276 blocks=20717568 txs=2503764978 mgas=196654614 bps=32.15 tps=5178 mgps=486.5 avgBps=59.83 avgTps=7230 avgMGps=567.9 elapsed=4d11m32s
Jul 29 08:18:13 nimbus-eth1-mainnet-long-benchmark[3573364]: INF 2026-07-29 08:18:13.530+00:00 Imported blocks                            blockNumber=20725761 slot=9934518 blocks=20725760 txs=2505098502 mgas=196778520 bps=32.02 tps=5212 mgps=484.4 avgBps=59.81 avgTps=7228 avgMGps=567.8 elapsed=4d15m48s
Jul 29 08:22:29 nimbus-eth1-mainnet-long-benchmark[3573364]: INF 2026-07-29 08:22:29.638+00:00 Imported blocks                            blockNumber=20733953 slot=9942757 blocks=20733952 txs=2506441392 mgas=196902592 bps=31.99 tps=5243 mgps=484.5 avgBps=59.79 avgTps=7227 avgMGps=567.8 elapsed=4d20m4s
Jul 29 08:26:47 nimbus-eth1-mainnet-long-benchmark[3573364]: INF 2026-07-29 08:26:47.502+00:00 Imported blocks                            blockNumber=20742145 slot=9950994 blocks=20742144 txs=2507777316 mgas=197026592 bps=31.77 tps=5180 mgps=480.9 avgBps=59.76 avgTps=7225 avgMGps=567.7 elapsed=4d24m22s
Jul 29 08:31:09 nimbus-eth1-mainnet-long-benchmark[3573364]: INF 2026-07-29 08:31:09.518+00:00 Imported blocks                            blockNumber=20750337 slot=9959240 blocks=20750336 txs=2509059580 mgas=197150636 bps=31.27 tps=4893 mgps=473.4 avgBps=59.74 avgTps=7223 avgMGps=567.6 elapsed=4d28m44s
Jul 29 08:35:39 nimbus-eth1-mainnet-long-benchmark[3573364]: INF 2026-07-29 08:35:39.330+00:00 Imported blocks                            blockNumber=20758529 slot=9967460 blocks=20758528 txs=2510311801 mgas=197274711 bps=30.36 tps=4641 mgps=459.9 avgBps=59.72 avgTps=7221 avgMGps=567.5 elapsed=4d33m14s
Jul 29 08:39:46 nimbus-eth1-mainnet-long-benchmark[3573364]: INF 2026-07-29 08:39:46.858+00:00 Imported blocks                            blockNumber=20766721 slot=9975702 blocks=20766720 txs=2511560762 mgas=197398721 bps=33.10 tps=5045 mgps=501.0 avgBps=59.70 avgTps=7220 avgMGps=567.5 elapsed=4d37m21s
Jul 29 08:43:49 nimbus-eth1-mainnet-long-benchmark[3573364]: INF 2026-07-29 08:43:49.722+00:00 Imported blocks                            blockNumber=20774913 slot=9983955 blocks=20774912 txs=2512857042 mgas=197522681 bps=33.73 tps=5337 mgps=510.4 avgBps=59.68 avgTps=7219 avgMGps=567.5 elapsed=4d41m24s
Jul 29 08:47:44 nimbus-eth1-mainnet-long-benchmark[3573364]: INF 2026-07-29 08:47:44.094+00:00 Imported blocks                            blockNumber=20783105 slot=9992198 blocks=20783104 txs=2514152897 mgas=197646543 bps=34.95 tps=5529 mgps=528.5 avgBps=59.67 avgTps=7217 avgMGps=567.4 elapsed=4d45m19s
Jul 29 08:51:43 nimbus-eth1-mainnet-long-benchmark[3573364]: INF 2026-07-29 08:51:43.846+00:00 Imported blocks                            blockNumber=20791297 slot=10000436 blocks=20791296 txs=2515509958 mgas=197770198 bps=34.17 tps=5660 mgps=515.8 avgBps=59.65 avgTps=7216 avgMGps=567.4 elapsed=4d49m18s
Jul 29 08:55:33 nimbus-eth1-mainnet-long-benchmark[3573364]: INF 2026-07-29 08:55:33.651+00:00 Imported blocks                            blockNumber=20799489 slot=10008679 blocks=20799488 txs=2516796641 mgas=197894102 bps=35.65 tps=5598 mgps=539.2 avgBps=59.63 avgTps=7215 avgMGps=567.4 elapsed=4d53m8s
Jul 29 08:59:46 nimbus-eth1-mainnet-long-benchmark[3573364]: INF 2026-07-29 08:59:46.087+00:00 Imported blocks                            blockNumber=20807681 slot=10016909 blocks=20807680 txs=2518022350 mgas=198017786 bps=32.45 tps=4855 mgps=490.0 avgBps=59.61 avgTps=7214 avgMGps=567.3 elapsed=4d57m21s
Jul 29 09:03:45 nimbus-eth1-mainnet-long-benchmark[3573364]: INF 2026-07-29 09:03:45.235+00:00 Imported blocks                            blockNumber=20815873 slot=10025141 blocks=20815872 txs=2519303534 mgas=198141487 bps=34.25 tps=5357 mgps=517.2 avgBps=59.60 avgTps=7212 avgMGps=567.3 elapsed=4d1h1m
Jul 29 09:07:40 nimbus-eth1-mainnet-long-benchmark[3573364]: INF 2026-07-29 09:07:40.939+00:00 Imported blocks                            blockNumber=20824065 slot=10033363 blocks=20824064 txs=2520609705 mgas=198265162 bps=34.76 tps=5541 mgps=524.7 avgBps=59.58 avgTps=7211 avgMGps=567.3 elapsed=4d1h5m
Jul 29 09:11:37 nimbus-eth1-mainnet-long-benchmark[3573364]: INF 2026-07-29 09:11:37.636+00:00 Imported blocks                            blockNumber=20832257 slot=10041601 blocks=20832256 txs=2521910298 mgas=198388860 bps=34.61 tps=5494 mgps=522.6 avgBps=59.56 avgTps=7210 avgMGps=567.2 elapsed=4d1h9m
Jul 29 09:15:38 nimbus-eth1-mainnet-long-benchmark[3573364]: INF 2026-07-29 09:15:38.112+00:00 Imported blocks                            blockNumber=20840449 slot=10049823 blocks=20840448 txs=2523232491 mgas=198512602 bps=34.07 tps=5498 mgps=514.6 avgBps=59.55 avgTps=7209 avgMGps=567.2 elapsed=4d1h13m
Jul 29 09:20:07 nimbus-eth1-mainnet-long-benchmark[3573364]: INF 2026-07-29 09:20:07.051+00:00 Imported blocks                            blockNumber=20848641 slot=10058046 blocks=20848640 txs=2524571769 mgas=198636483 bps=30.46 tps=4979 mgps=460.6 avgBps=59.52 avgTps=7207 avgMGps=567.1 elapsed=4d1h17m
Jul 29 09:24:38 nimbus-eth1-mainnet-long-benchmark[3573364]: INF 2026-07-29 09:24:38.899+00:00 Imported blocks                            blockNumber=20856833 slot=10066279 blocks=20856832 txs=2525851925 mgas=198760528 bps=30.13 tps=4709 mgps=456.3 avgBps=59.50 avgTps=7205 avgMGps=567.0 elapsed=4d1h22m
Jul 29 09:29:12 nimbus-eth1-mainnet-long-benchmark[3573364]: INF 2026-07-29 09:29:12.819+00:00 Imported blocks                            blockNumber=20865025 slot=10074499 blocks=20865024 txs=2527192970 mgas=198884468 bps=29.91 tps=4895 mgps=452.5 avgBps=59.48 avgTps=7203 avgMGps=566.9 elapsed=4d1h26m
Jul 29 09:33:21 nimbus-eth1-mainnet-long-benchmark[3573364]: INF 2026-07-29 09:33:21.415+00:00 Imported blocks                            blockNumber=20873217 slot=10082726 blocks=20873216 txs=2528642119 mgas=199008343 bps=32.95 tps=5829 mgps=498.3 avgBps=59.46 avgTps=7202 avgMGps=566.9 elapsed=4d1h30m
Jul 29 09:37:43 nimbus-eth1-mainnet-long-benchmark[3573364]: INF 2026-07-29 09:37:43.287+00:00 Imported blocks                            blockNumber=20881409 slot=10090947 blocks=20881408 txs=2529960756 mgas=199132172 bps=31.28 tps=5035 mgps=472.9 avgBps=59.44 avgTps=7201 avgMGps=566.8 elapsed=4d1h35m
Jul 29 09:41:59 nimbus-eth1-mainnet-long-benchmark[3573364]: INF 2026-07-29 09:41:59.095+00:00 Imported blocks                            blockNumber=20889601 slot=10099176 blocks=20889600 txs=2531270760 mgas=199256251 bps=32.02 tps=5121 mgps=485.0 avgBps=59.42 avgTps=7199 avgMGps=566.8 elapsed=4d1h39m
Jul 29 09:46:12 nimbus-eth1-mainnet-long-benchmark[3573364]: INF 2026-07-29 09:46:12.187+00:00 Imported blocks                            blockNumber=20897793 slot=10107391 blocks=20897792 txs=2532558201 mgas=199380315 bps=32.37 tps=5086 mgps=490.2 avgBps=59.40 avgTps=7198 avgMGps=566.7 elapsed=4d1h43m
Jul 29 09:50:25 nimbus-eth1-mainnet-long-benchmark[3573364]: INF 2026-07-29 09:50:25.407+00:00 Imported blocks                            blockNumber=20905985 slot=10115611 blocks=20905984 txs=2533796308 mgas=199504257 bps=32.35 tps=4889 mgps=489.5 avgBps=59.38 avgTps=7196 avgMGps=566.6 elapsed=4d1h48m
Jul 29 09:54:34 nimbus-eth1-mainnet-long-benchmark[3573364]: INF 2026-07-29 09:54:34.523+00:00 Imported blocks                            blockNumber=20914177 slot=10123834 blocks=20914176 txs=2535067280 mgas=199628225 bps=32.88 tps=5101 mgps=497.6 avgBps=59.36 avgTps=7195 avgMGps=566.6 elapsed=4d1h52m
Jul 29 09:58:33 nimbus-eth1-mainnet-long-benchmark[3573364]: INF 2026-07-29 09:58:33.311+00:00 Imported blocks                            blockNumber=20922369 slot=10132052 blocks=20922368 txs=2536405686 mgas=199751845 bps=34.31 tps=5605 mgps=517.7 avgBps=59.34 avgTps=7194 avgMGps=566.6 elapsed=4d1h56m
Jul 29 10:02:32 nimbus-eth1-mainnet-long-benchmark[3573364]: INF 2026-07-29 10:02:32.663+00:00 Imported blocks                            blockNumber=20930561 slot=10140274 blocks=20930560 txs=2537756059 mgas=199875636 bps=34.23 tps=5641 mgps=517.2 avgBps=59.33 avgTps=7193 avgMGps=566.5 elapsed=4d2h7s
Jul 29 10:06:51 nimbus-eth1-mainnet-long-benchmark[3573364]: INF 2026-07-29 10:06:51.519+00:00 Imported blocks                            blockNumber=20938753 slot=10148494 blocks=20938752 txs=2539070302 mgas=199999273 bps=31.65 tps=5077 mgps=477.6 avgBps=59.31 avgTps=7191 avgMGps=566.5 elapsed=4d2h4m
Jul 29 10:10:59 nimbus-eth1-mainnet-long-benchmark[3573364]: INF 2026-07-29 10:10:59.687+00:00 Imported blocks                            blockNumber=20946945 slot=10156745 blocks=20946944 txs=2540462929 mgas=200122988 bps=33.01 tps=5611 mgps=498.5 avgBps=59.29 avgTps=7190 avgMGps=566.4 elapsed=4d2h8m
Jul 29 10:15:35 nimbus-eth1-mainnet-long-benchmark[3573364]: INF 2026-07-29 10:15:35.131+00:00 Imported blocks                            blockNumber=20955137 slot=10165009 blocks=20955136 txs=2541746285 mgas=200246893 bps=29.74 tps=4659 mgps=449.8 avgBps=59.26 avgTps=7188 avgMGps=566.3 elapsed=4d2h13m
Jul 29 10:20:00 nimbus-eth1-mainnet-long-benchmark[3573364]: INF 2026-07-29 10:20:00.587+00:00 Imported blocks                            blockNumber=20963329 slot=10173259 blocks=20963328 txs=2542997277 mgas=200370697 bps=30.86 tps=4712 mgps=466.4 avgBps=59.24 avgTps=7186 avgMGps=566.2 elapsed=4d2h17m
Jul 29 10:24:11 nimbus-eth1-mainnet-long-benchmark[3573364]: INF 2026-07-29 10:24:11.395+00:00 Imported blocks                            blockNumber=20971521 slot=10181499 blocks=20971520 txs=2544394231 mgas=200494597 bps=32.66 tps=5569 mgps=494.0 avgBps=59.22 avgTps=7185 avgMGps=566.2 elapsed=4d2h21m
Jul 29 10:28:35 nimbus-eth1-mainnet-long-benchmark[3573364]: INF 2026-07-29 10:28:35.715+00:00 Imported blocks                            blockNumber=20979713 slot=10189737 blocks=20979712 txs=2545745935 mgas=200618342 bps=30.99 tps=5113 mgps=468.2 avgBps=59.20 avgTps=7183 avgMGps=566.1 elapsed=4d2h26m
Jul 29 10:32:42 nimbus-eth1-mainnet-long-benchmark[3573364]: INF 2026-07-29 10:32:42.863+00:00 Imported blocks                            blockNumber=20987905 slot=10197972 blocks=20987904 txs=2547154623 mgas=200742279 bps=33.15 tps=5699 mgps=501.5 avgBps=59.18 avgTps=7182 avgMGps=566.1 elapsed=4d2h30m
Jul 29 10:36:38 nimbus-eth1-mainnet-long-benchmark[3573364]: INF 2026-07-29 10:36:38.827+00:00 Imported blocks                            blockNumber=20996097 slot=10206206 blocks=20996096 txs=2548657544 mgas=200866186 bps=34.72 tps=6369 mgps=525.1 avgBps=59.17 avgTps=7182 avgMGps=566.1 elapsed=4d2h34m
Jul 29 10:41:05 nimbus-eth1-mainnet-long-benchmark[3573364]: INF 2026-07-29 10:41:05.587+00:00 Imported blocks                            blockNumber=21004289 slot=10214429 blocks=21004288 txs=2550076846 mgas=200990114 bps=30.71 tps=5320 mgps=464.6 avgBps=59.15 avgTps=7180 avgMGps=566.0 elapsed=4d2h38m
Jul 29 10:41:40 nimbus-eth1-mainnet-long-benchmark[3573364]: INF 2026-07-29 10:41:40.171+00:00 Imported blocks                            blockNumber=21005282 slot=10223616 blocks=21005281 txs=2550236120 mgas=201005159 bps=28.72 tps=4605 mgps=435.1 avgBps=59.14 avgTps=7180 avgMGps=566.0 elapsed=4d2h39m
Jul 29 10:41:40 nimbus-eth1-mainnet-long-benchmark[3573364]: NTC 2026-07-29 10:41:40.171+00:00 Import complete                            blockNumber=21005282 slot=10223616 blocks=21005281 txs=2550236120 mgas=201005159
Jul 29 10:41:41 nimbus-eth1-mainnet-long-benchmark[3553378]: <<< ending startNimbusWithImport (success)
Jul 29 10:41:41 nimbus-eth1-mainnet-long-benchmark[3553378]: >>> starting moveBenchmarkingFileToRepo
Jul 29 10:41:41 nimbus-eth1-mainnet-long-benchmark[3553378]: >>> copying debug-csv generated by nimbus to benchmarks repo
Jul 29 10:41:41 nimbus-eth1-mainnet-long-benchmark[3553378]: <<< ending moveBenchmarkingFileToRepo (success)
Jul 29 10:41:41 nimbus-eth1-mainnet-long-benchmark[4119332]: tail: error writing 'standard output': Broken pipe
Jul 29 10:41:41 nimbus-eth1-mainnet-long-benchmark[3553378]: >>> starting generateBuildEnvironmentLogFile
Jul 29 10:41:50 nimbus-eth1-mainnet-long-benchmark[3553378]: <<< ending generateBuildEnvironmentLogFile (success)
Jul 29 10:41:50 nimbus-eth1-mainnet-long-benchmark[3553378]: >>> starting generateSystemdServiceLogs
