block_number,blocks,slot,txs,gas,time
8193,8192,1,0,0,235893441
16385,8192,1,0,0,228258024
24577,8192,1,0,0,224282750
32769,8192,1,0,0,230365740
40961,8192,1,0,0,230605687
49153,8192,1,1514,33070964,302620674
57345,8192,1,3916,407821091,423410894
65537,8192,1,2676,90041948,348751287
73729,8192,1,5821,197747509,420520434
81921,8192,1,4204,131282630,388613983
90113,8192,1,4589,112269814,385341515
98305,8192,1,3327,84662425,354707936
106497,8192,1,4168,105498119,371099184
114689,8192,1,4247,119199457,364907056
122881,8192,1,6054,163953975,409262251
131073,8192,1,5852,147449076,367954415
139265,8192,1,6678,168428364,391649232
147457,8192,1,7805,190561977,423441744
155649,8192,1,8675,220080834,445127056
163841,8192,1,7255,175016877,422522870
172033,8192,1,10115,242307512,477420214
180225,8192,1,12029,319429322,536155290
188417,8192,1,10493,307941046,497308738
196609,8192,1,8488,226000959,461448823
204801,8192,1,9431,284499928,484296377
212993,8192,1,9432,269025812,480067195
221185,8192,1,9745,253020191,488265610
229377,8192,1,9473,303239797,496391633
237569,8192,1,9752,287334366,495116342
245761,8192,1,9175,237099979,492452960
253953,8192,1,9225,299876210,508392782
262145,8192,1,8500,237942979,488839035
270337,8192,1,11073,360421503,538466435
278529,8192,1,11244,333906121,547809111
286721,8192,1,9944,288230259,516670814
294913,8192,1,9552,272964709,502003125
303105,8192,1,10564,278617464,511853727
311297,8192,1,9852,289668902,516003409
319489,8192,1,10772,285019105,527901668
327681,8192,1,9264,263512681,517783777
335873,8192,1,10710,300329465,552663997
344065,8192,1,10447,340557247,543276251
352257,8192,1,11871,367785281,583058509
360449,8192,1,11031,301110840,575879029
368641,8192,1,10176,272300629,536428738
376833,8192,1,10299,327273585,570726413
385025,8192,1,11650,328391280,574869035
393217,8192,1,10917,668394420,601370474
401409,8192,1,10512,371168499,569868638
409601,8192,1,11329,399996130,580422747
417793,8192,1,9682,299513459,537993789
425985,8192,1,10211,378463309,586672064
434177,8192,1,10123,371765259,597238681
442369,8192,1,10202,298321714,547631842
450561,8192,1,10252,488330843,830225032
458753,8192,1,11670,315763779,597646369
466945,8192,1,12392,405644045,604664521
475137,8192,1,11262,434129872,704349326
483329,8192,1,11885,436485530,817849778
491521,8192,1,11396,324292141,682445707
499713,8192,1,11390,316107054,580131368
507905,8192,1,19834,986537643,917512584
516097,8192,1,14518,537099270,678177836
524289,8192,1,14364,563247320,776241503
532481,8192,1,15028,641704064,839341500
540673,8192,1,11625,533545978,760312652
548865,8192,1,12334,352563908,598972600
557057,8192,1,11579,286224762,557863552
565249,8192,1,12543,387072166,623693890
573441,8192,1,11762,377902837,638761436
581633,8192,1,11889,329240266,598962030
589825,8192,1,12402,356748509,612888743
598017,8192,1,11554,361660592,599346428
606209,8192,1,11466,286807225,570838043
614401,8192,1,11355,383668685,813816824
622593,8192,1,12943,487254257,636883860
630785,8192,1,10960,369935232,571380679
638977,8192,1,10609,304527314,554401125
647169,8192,1,11891,400916707,589646084
655361,8192,1,13364,422684376,601920139
663553,8192,1,11233,291970815,575293452
671745,8192,1,11307,306322589,581648129
679937,8192,1,13718,480255087,737107451
688129,8192,1,12101,533373764,716342555
696321,8192,1,24697,2437912230,2381633615
704513,8192,1,24278,1882935448,1698409085
712705,8192,1,15914,1053536841,1244166382
720897,8192,1,14854,884970772,1132898785
729089,8192,1,18033,1103406409,1234592368
737281,8192,1,39634,2413080461,2407822716
745473,8192,1,20252,1205744179,1462766022
753665,8192,1,16649,914386676,1299335404
761857,8192,1,29450,1702093462,1933276983
770049,8192,1,19926,1149090055,1549444947
778241,8192,1,27585,1546147829,1795172640
786433,8192,1,13804,512905120,923008626
794625,8192,1,14238,555275432,1000441015
802817,8192,1,20936,1074374824,1400310550
811009,8192,1,33100,2274628469,2270802227
819201,8192,1,21058,1074857191,1388224523
827393,8192,1,17945,1068696871,1314187852
835585,8192,1,16965,691346951,1119356678
843777,8192,1,24779,1318609001,1591559488
851969,8192,1,17337,797507253,1186326409
860161,8192,1,16221,653054698,864021610
868353,8192,1,17414,667767224,825869093
876545,8192,1,20874,997212648,1009948579
884737,8192,1,18556,602924448,850441924
892929,8192,1,20188,746509191,949196106
901121,8192,1,20728,705763650,907777411
909313,8192,1,28858,1212230895,1250696337
917505,8192,1,29450,1450050635,1402133358
925697,8192,1,25856,1070129090,1242066696
933889,8192,1,23756,919949479,1088093003
942081,8192,1,24390,780757258,962127048
950273,8192,1,22318,724737535,948230462
958465,8192,1,23856,823943680,991485076
966657,8192,1,39968,1787855655,1597299329
974849,8192,1,24875,783309904,1006388344
983041,8192,1,25559,758151178,989838016
991233,8192,1,32769,996332438,1127142786
999425,8192,1,29253,955506690,1134172926
1007617,8192,1,28779,874607232,1049001321
1015809,8192,1,28640,944195150,1077352218
1024001,8192,1,30592,1077029621,1176854173
1032193,8192,1,30567,1025667741,1091482259
1040385,8192,1,26761,784549571,1022619463
1048577,8192,1,28815,1876343804,1151644507
1056769,8192,1,31628,1248873846,1095932489
1064961,8192,1,32758,1302389229,1194538553
1073153,8192,1,30961,857488355,1059297010
1081345,8192,1,33502,949562723,1130668441
1089537,8192,1,37121,995463452,1187641680
1097729,8192,1,40115,1081576458,1191850410
1105921,8192,1,42800,1253697553,1293957260
1114113,8192,1,41667,1235498720,1277493514
1122305,8192,1,38878,1141426898,1206708559
1130497,8192,1,41538,1202802604,1182012018
1138689,8192,1,39904,1101644111,1169126808
1146881,8192,1,44221,1340457745,1244217371
1155073,8192,1,43528,1383496645,1273068113
1163265,8192,1,38152,1246718060,1129499610
1171457,8192,1,44944,1374923499,1321430231
1179649,8192,1,46242,1574630437,1376487985
1187841,8192,1,44523,1522997076,1329258997
1196033,8192,1,43594,1529570548,1444779285
1204225,8192,1,41259,1452683779,1344239005
1212417,8192,1,52923,2302777232,1881791866
1220609,8192,1,46705,1563686082,1412927064
1228801,8192,1,46123,1514235577,1545395226
1236993,8192,1,43046,1458453689,1479853264
1245185,8192,1,49499,1658881432,1539742214
1253377,8192,1,46254,1516126264,1287452844
1261569,8192,1,42318,1328121509,1451471030
1269761,8192,1,40021,1078268036,1185291985
1277953,8192,1,46365,1435004546,1454015073
1286145,8192,1,50841,1591258579,1576850968
1294337,8192,1,41499,1271776158,1306684082
1302529,8192,1,47633,1512367159,1612353356
1310721,8192,1,42641,1164414830,1265907123
1318913,8192,1,42610,1137106273,1225731688
1327105,8192,1,45560,1357858661,1406074411
1335297,8192,1,50369,1781939706,1397479300
1343489,8192,1,45221,1209479371,1275963803
1351681,8192,1,44015,1206824098,1311337311
1359873,8192,1,54888,1591716049,1317335130
1368065,8192,1,43396,1184809863,1327784258
1376257,8192,1,48876,1593180641,1506591361
1384449,8192,1,45143,1439543743,1326682536
1392641,8192,1,41341,1118372583,1289344182
1400833,8192,1,45540,1329131424,1360094636
1409025,8192,1,49104,1485363761,1444785126
1417217,8192,1,44023,1225869865,1236190546
1425409,8192,1,49886,1450651632,1450311218
1433601,8192,1,56669,1681771886,1550349911
1441793,8192,1,54635,1947185643,1544898817
1449985,8192,1,56685,1624594158,1480726319
1458177,8192,1,50196,1613347851,1465687622
1466369,8192,1,54893,2240127730,2047691438
1474561,8192,1,52100,1483885342,1474235443
1482753,8192,1,51280,1586965488,1564632092
1490945,8192,1,56855,1674576856,1464123753
1499137,8192,1,52382,1728224502,1480484330
1507329,8192,1,60036,2138598848,1824971047
1515521,8192,1,69268,2441975068,1943466722
1523713,8192,1,56514,1832134302,1720348524
1531905,8192,1,51124,1731842384,1626409489
1540097,8192,1,58754,1911501394,1715600587
1548289,8192,1,61429,1987968261,1610687326
1556481,8192,1,60630,2360467143,1829981692
1564673,8192,1,56981,1819841802,1563483811
1572865,8192,1,56494,1777140576,1515833257
1581057,8192,1,59042,1735378915,1508832066
1589249,8192,1,68973,2172337508,1808356470
1597441,8192,1,64306,2192773982,1839635556
1605633,8192,1,86669,3493104245,2388423800
1613825,8192,1,62112,2154462632,1749985071
1622017,8192,1,60118,1914186297,1584167178
1630209,8192,1,53413,1741132990,1524062611
1638401,8192,1,56756,1633896769,1447463667
1646593,8192,1,50346,1452533160,1369222223
1654785,8192,1,50828,1521883376,1360805112
1662977,8192,1,60376,3061122313,2234039549
1671169,8192,1,55258,1843787387,1639457509
1679361,8192,1,55775,1793288354,1544355902
1687553,8192,1,52281,1793521528,1501440356
1695745,8192,1,55227,1857680146,1553215502
1703937,8192,1,64652,2265573762,1857344083
1712129,8192,1,63355,2060421766,1736503064
1720321,8192,1,65682,5800241515,7753740830
1728513,8192,1,95610,16739007815,41296566993
1736705,8192,1,67917,4743426756,8407372685
1744897,8192,1,62602,3296268924,3866661275
1753089,8192,1,68336,3841591968,2990145370
1761281,8192,1,58130,2076897006,1935042451
1769473,8192,1,57022,2221809906,1629149540
1777665,8192,1,52898,1689289635,1626234870
1785857,8192,1,53856,1708894430,1810960063
1794049,8192,1,56044,1992483551,2138424024
1802241,8192,1,90325,5767597538,2803160224
1810433,8192,1,52758,2499380206,4514382580
1818625,8192,1,55194,1772826158,1855466116
1826817,8192,1,53703,1704827192,1538667332
1835009,8192,1,49822,1916513753,2044533359
1843201,8192,1,53374,1676538934,1557340933
1851393,8192,1,60123,2381439875,3233828018
1859585,8192,1,56426,2865260110,4864402968
1867777,8192,1,50632,1670163364,1841663972
1875969,8192,1,53453,1904646721,2000951158
1884161,8192,1,54655,1840362954,1666944101
1892353,8192,1,54265,1824465369,1541797219
1900545,8192,1,51280,1414646366,1375380421
1908737,8192,1,47043,1388770142,1388282093
1916929,8192,1,63160,1874850406,1568123610
1925121,8192,1,62773,4171399935,7851087791
1933313,8192,1,65738,2266620454,2033291627
1941505,8192,1,62037,2034143904,1704293564
1949697,8192,1,79321,2248553641,1813293087
1957889,8192,1,74738,2527380908,2178251941
1966081,8192,1,75137,2369261794,1845511526
1974273,8192,1,66582,2970283633,2177995143
1982465,8192,1,60335,2173102476,2316982670
1990657,8192,1,63657,1764764048,1551304294
1998849,8192,1,66671,2054100679,1707686921
2007041,8192,1,68240,2035711402,1749450325
2015233,8192,1,60275,1885646786,1578884494
2023425,8192,1,59731,1718762000,1485893854
2031617,8192,1,56298,1666187619,1445088562
2039809,8192,1,56416,2985329528,2201943140
2048001,8192,1,67806,2074138922,1613456668
2056193,8192,1,63577,1903780373,1615631882
2064385,8192,1,55865,1657169845,1504078609
2072577,8192,1,58480,1557471379,1400246680
2080769,8192,1,55331,1599645346,1428975814
2088961,8192,1,64228,1850037001,1644279376
2097153,8192,1,66060,2188998555,1778121428
2105345,8192,1,54235,1660505770,1496816938
2113537,8192,1,56694,1742357705,1489650857
2121729,8192,1,61614,1816239031,1582359701
2129921,8192,1,63451,3861822325,2465386841
2138113,8192,1,69603,2043909844,1649064294
2146305,8192,1,61611,1914481982,1619059209
2154497,8192,1,62524,1658273809,1448220462
2162689,8192,1,61974,1798911967,1576199003
2170881,8192,1,62834,1920681017,1642431259
2179073,8192,1,61629,1818058493,1580780782
2187265,8192,1,76278,2727312503,2000513592
2195457,8192,1,59767,1675377812,1515449909
2203649,8192,1,65371,2614658821,1809455053
2211841,8192,1,62364,2039781213,1532646783
2220033,8192,1,60969,1981999587,1650010026
2228225,8192,1,85854,2814470323,1951420919
2236417,8192,1,55933,1813330669,1466343138
2244609,8192,1,57588,1730634676,1483324970
2252801,8192,1,63320,2021513820,1617298561
2260993,8192,1,65183,2112882377,1761674441
2269185,8192,1,74523,2354744595,1766148190
2277377,8192,1,72172,2714744039,1868617767
2285569,8192,1,50199,1706002470,2643685077
2293761,8192,1,61842,1801256949,6002164540
2301953,8192,1,68639,2034760072,1808134162
2310145,8192,1,66952,2916329686,15724380812
2318337,8192,1,48275,1914011719,11700098768
2326529,8192,1,56968,3010508461,23288831881
2334721,8192,1,60252,3532946594,44040189175
2342913,8192,1,59242,2893073539,20955192126
2351105,8192,1,56520,2437337126,4260645301
2359297,8192,1,53930,2539978338,8796423582
2367489,8192,1,72486,5437092390,36397224617
2375681,8192,1,64351,3955814780,34651783635
2383873,8192,1,72150,4175006287,25871470102
2392065,8192,1,52311,3587030185,49003267739
2400257,8192,1,60755,3380343872,107579823253
2408449,8192,1,54394,3489623288,88306581880
2416641,8192,1,59749,3571481590,53047761983
2424833,8192,1,52901,2140315677,70001603416
2433025,8192,1,41983,2064705182,89522451685
2441217,8192,1,52489,1940457621,35462058646
2449409,8192,1,47032,1416811786,15748854538
2457601,8192,1,50121,1416935937,21182604627
2465793,8192,1,63997,2059194432,17818304904
2473985,8192,1,52613,5415624522,49286487635
2482177,8192,1,77644,2200694454,3276898257
2490369,8192,1,47944,1381582456,1498354949
2498561,8192,1,58110,1704965277,1636138555
2506753,8192,1,68097,2292291281,1890701453
2514945,8192,1,59292,1798672209,1762354341
2523137,8192,1,59793,1784849739,1691128524
2531329,8192,1,57693,1656383700,1680606157
2539521,8192,1,55694,1627913854,1515123763
2547713,8192,1,63237,1907051300,1770957451
2555905,8192,1,61395,1723186230,1741383307
2564097,8192,1,57303,1576168754,1782705540
2572289,8192,1,44899,1243188531,1314221093
2580481,8192,1,50737,1381762673,1411952026
2588673,8192,1,53997,1523970827,1562088178
2596865,8192,1,56755,1868225974,1830921706
2605057,8192,1,54579,1853422028,1640494485
2613249,8192,1,57937,1749156374,1649357793
2621441,8192,1,54830,1654717503,1675853761
2629633,8192,1,59687,1932781220,1661251771
2637825,8192,1,58098,1831832946,1669929211
2646017,8192,1,57577,1732304988,1644429928
2654209,8192,1,56517,1691425491,1497934321
2662401,8192,1,54908,1580644481,1686610265
2670593,8192,1,56589,1781259427,1489344511
2678785,8192,1,85495,2598196853,13575141445
2686977,8192,1,59696,3974729576,68296783199
2695169,8192,1,72462,4113740875,41874086902
2703361,8192,1,55726,4743499117,65400029280
2711553,8192,1,65254,6348291025,86097974250
2719745,8192,1,64427,5199613546,50513676802
2727937,8192,1,50844,1684630038,2155685989
2736129,8192,1,54697,1652133461,1612750787
2744321,8192,1,53051,1748152517,1474594902
2752513,8192,1,55339,1979520745,1615767606
2760705,8192,1,64847,2063457441,1659862981
2768897,8192,1,55277,1804237075,1599597248
2777089,8192,1,56023,1776551857,1588297206
2785281,8192,1,52991,1726269370,1564308922
2793473,8192,1,52624,2213276915,1512204183
2801665,8192,1,55238,1810591298,1624212867
2809857,8192,1,63980,2356415998,1879757229
2818049,8192,1,65743,2448549979,1947653628
2826241,8192,1,54971,1881197690,1582650955
2834433,8192,1,49662,1953789890,1652213164
2842625,8192,1,58392,2038106026,1639871509
2850817,8192,1,64185,2225753659,1789972320
2859009,8192,1,76490,2486660557,2007821692
2867201,8192,1,55683,1760491642,1561830789
2875393,8192,1,50675,1452936266,1349851826
2883585,8192,1,50157,1522394202,1436129970
2891777,8192,1,58225,1860099069,1560585748
2899969,8192,1,60144,2083730262,1701066916
2908161,8192,1,60988,2086757942,1674109921
2916353,8192,1,54302,1714680114,1438377435
2924545,8192,1,50695,1584719153,1502759427
2932737,8192,1,63026,2305221488,1952646684
2940929,8192,1,67480,2204851332,1845888354
2949121,8192,1,61833,1971573134,1710796608
2957313,8192,1,58505,1930260127,1635441609
2965505,8192,1,59699,1937673518,1715018860
2973697,8192,1,63091,2244391292,1779829980
2981889,8192,1,64874,2137001608,1684653078
2990081,8192,1,70738,2397486878,1754697075
2998273,8192,1,58903,1853897373,1535623681
3006465,8192,1,54373,1766782589,1527759715
3014657,8192,1,65027,2294148724,1742149341
3022849,8192,1,60922,2027141448,1717533431
3031041,8192,1,58548,1960456703,1708376415
3039233,8192,1,61315,2005539036,1709615746
3047425,8192,1,62091,2149768492,1760154787
3055617,8192,1,67927,2452616440,1930925964
3063809,8192,1,62018,2292070946,1907215919
3072001,8192,1,63286,2183742248,1876975787
3080193,8192,1,65669,2218082794,1833875337
3088385,8192,1,54874,1846213528,1691342913
3096577,8192,1,63311,2098245747,1810284429
3104769,8192,1,59762,2124435421,1730826149
3112961,8192,1,58897,2178531771,1897353187
3121153,8192,1,58468,1974991763,1713526569
3129345,8192,1,63556,2065813146,1776317285
3137537,8192,1,64128,2220717880,1848244337
3145729,8192,1,70462,2665896127,2000204675
3153921,8192,1,64806,2336669302,1929796892
3162113,8192,1,70074,2730719806,2188077735
3170305,8192,1,60420,2178878613,1828480723
3178497,8192,1,73252,3110141726,2158601948
3186689,8192,1,79081,2976280771,2088566764
3194881,8192,1,71074,2804402262,2049469704
3203073,8192,1,64978,2351345544,1894875113
3211265,8192,1,68556,2464803794,1872518859
3219457,8192,1,66845,2286314550,1844917540
3227649,8192,1,75763,3113040792,2080450079
3235841,8192,1,69688,2984250772,2142224222
3244033,8192,1,68668,2289170959,1931104563
3252225,8192,1,71170,2634879929,2109881946
3260417,8192,1,70604,2482121481,2012275531
3268609,8192,1,79874,2821352557,2219222279
3276801,8192,1,82615,2938903296,2175290082
3284993,8192,1,93464,3013882836,2410978202
3293185,8192,1,81232,2628326517,2137094528
3301377,8192,1,77780,2508423110,1935677622
3309569,8192,1,85412,2762075045,2162111833
3317761,8192,1,74949,2364616867,1934649739
3325953,8192,1,89542,3008034239,2477556870
3334145,8192,1,89382,3038054714,2214749850
3342337,8192,1,91012,2910544703,2271498247
3350529,8192,1,112957,4683356145,3048854497
3358721,8192,1,108487,3824938321,2710327189
3366913,8192,1,150248,4856683444,3261627823
3375105,8192,1,129410,4029391606,3033380514
3383297,8192,1,118959,3597176359,2665676469
3391489,8192,1,113031,3618928236,2726368348
3399681,8192,1,109702,3595863612,2547833804
3407873,8192,1,112341,3708098910,2609705736
3416065,8192,1,121089,3775021048,2639806148
3424257,8192,1,111288,3513747685,2628676595
3432449,8192,1,126552,4519125602,3091842699
3440641,8192,1,116739,3847970531,2877841529
3448833,8192,1,137505,4650151490,3121990830
3457025,8192,1,132372,4354448594,3152060052
3465217,8192,1,116438,3872751305,2829871392
3473409,8192,1,138958,4605215288,3711199752
3481601,8192,1,115237,3904507999,2903576452
3489793,8192,1,129313,4405146988,3080918984
3497985,8192,1,121326,4141663795,2912829768
3506177,8192,1,101941,3457895017,2653702811
3514369,8192,1,104473,3801545119,2777698912
3522561,8192,1,110663,3893580475,2873549720
3530753,8192,1,118136,4358681727,3032482950
3538945,8192,1,116538,3957151738,3162788538
3547137,8192,1,97599,3525061715,2752056720
3555329,8192,1,105494,3951999139,3149694939
3563521,8192,1,113777,4538716060,3340835955
3571713,8192,1,122232,4932027111,3639719096
3579905,8192,1,113517,5371454955,3198364891
3588097,8192,1,103751,3918968307,3162949527
3596289,8192,1,112257,4332652445,3245978739
3604481,8192,1,136619,5289710359,3703451775
3612673,8192,1,143158,5255428268,3645489486
3620865,8192,1,145745,4868936849,3526998546
3629057,8192,1,136562,4879877560,3610129202
3637249,8192,1,160424,6406024036,4175341799
3645441,8192,1,150436,5782052966,3903255052
3653633,8192,1,167559,5819732935,4144940759
3661825,8192,1,142125,5329409688,3672685059
3670017,8192,1,152266,6300591479,3904942069
3678209,8192,1,169497,6571385749,4149120691
3686401,8192,1,156250,7347905323,4466241305
3694593,8192,1,167344,7335647042,4454450598
3702785,8192,1,147702,7536226635,4644145973
3710977,8192,1,168287,8194709920,4788200167
3719169,8192,1,176741,9883600890,6521647448
3727361,8192,1,214081,11450730102,6114320407
3735553,8192,1,229327,12196031413,6576435059
3743745,8192,1,201943,10613685663,5830167944
3751937,8192,1,260406,12599459208,6872299141
3760129,8192,1,278528,15779303797,7724297303
3768321,8192,1,279013,16350363987,7995529416
3776513,8192,1,244538,13523383202,6836757127
3784705,8192,1,224822,12717337930,6775080384
3792897,8192,1,248995,13592095818,7241354646
3801089,8192,1,314302,19832169118,8369288359
3809281,8192,1,313676,17980594470,11989091153
3817473,8192,1,280618,16692684984,9284726952
3825665,8192,1,296114,15953100496,8752693505
3833857,8192,1,317754,17492872153,9452355342
3842049,8192,1,305857,17151665586,9508544893
3850241,8192,1,325308,16138916714,9664865941
3858433,8192,1,365858,18515263356,10398804260
3866625,8192,1,450999,21732698279,12250183916
3874817,8192,1,403872,18428150155,11369129725
3883009,8192,1,399350,18507971011,11499274804
3891201,8192,1,366142,17616667683,11026208406
3899393,8192,1,401398,20055154217,12138138458
3907585,8192,1,467519,26635229072,12806240685
3915777,8192,1,448080,27509986564,12907146225
3923969,8192,1,445137,22206823281,12657527867
3932161,8192,1,393944,20192356202,11987821396
3940353,8192,1,474437,21147977183,13619354902
3948545,8192,1,452736,24838577163,15580002110
3956737,8192,1,409197,21844246829,13771927873
3964929,8192,1,391200,20881198158,13743095922
3973121,8192,1,480657,24984090402,16068762838
3981313,8192,1,439836,24432971850,16324449663
3989505,8192,1,456105,22202913020,15261676951
3997697,8192,1,401541,19785653790,13613411072
4005889,8192,1,468451,21489133966,14801690424
4014081,8192,1,521089,25614275148,17613131817
4022273,8192,1,465732,25576854950,15904884346
4030465,8192,1,422645,19071909199,14471331838
4038657,8192,1,452765,21588202182,15234933496
4046849,8192,1,494336,24205815057,15906501265
4055041,8192,1,427170,19727949695,13722016068
4063233,8192,1,409232,17944225576,13137051199
4071425,8192,1,455169,22752023483,15520454974
4079617,8192,1,411552,20393151746,13523554386
4087809,8192,1,402826,19516574262,13712949111
4096001,8192,1,350511,18308327314,11728046970
4104193,8192,1,441704,23280158452,14975751696
4112385,8192,1,474401,24577424757,16621789019
4120577,8192,1,512389,25868228053,17668931250
4128769,8192,1,539622,25478534061,18036592629
4136961,8192,1,612130,30525492507,20205145285
4145153,8192,1,669828,31316179679,21623016364
4153345,8192,1,667176,32781900955,21549232624
4161537,8192,1,802050,39631270870,26024838038
4169729,8192,1,832182,45690595844,29859759078
4177921,8192,1,822935,40787417397,26027780118
4186113,8192,1,677937,33931766754,23061572288
4194305,8192,1,736129,33608364656,23178969063
4202497,8192,1,733583,31613370181,22509900797
4210689,8192,1,736596,33326421250,23444569658
4218881,8192,1,885279,42684031553,27760331041
4227073,8192,1,909505,44089434039,28825173071
4235265,8192,1,772574,36378544905,25757198098
4243457,8192,1,1021928,44970958961,31245152072
4251649,8192,1,1081239,50184234692,33963489721
4259841,8192,1,880278,41550585016,29831540004
4268033,8192,1,864414,41053728142,29792851802
4276225,8192,1,867715,42375737918,31829562434
4284417,8192,1,857098,44405284841,30366240602
4292609,8192,1,764839,40439697663,30364984181
4300801,8192,1,736339,41523378146,29954176440
4308993,8192,1,739102,40787147868,30504385870
4317185,8192,1,882460,46629010975,32632473142
4325377,8192,1,928715,45913689045,34397687517
4333569,8192,1,855500,44372358254,32752433629
4341761,8192,1,890587,45969894286,33473774270
4349953,8192,1,861954,44868560756,34152518660
4358145,8192,1,961145,45839288391,34303470541
4366337,8192,1,1022776,47707018313,36527415633
4374529,8192,1,788928,41640159530,30464517650
4382721,8192,1,680611,30304975089,24059108103
4390913,8192,1,633676,29394442349,24414499806
4399105,8192,1,691855,34599365091,23889843229
4407297,8192,1,587597,22219394536,18862826634
4415489,8192,1,602801,27141844419,21417204032
4423681,8192,1,637247,33563116251,24975447592
4431873,8192,1,602169,34452528559,25206983775
4440065,8192,1,644187,35202407283,26032363764
4448257,8192,1,635205,32303616551,24951429187
4456449,8192,1,658167,33516933106,26168154733
4464641,8192,1,714607,37151598010,29046241537
4472833,8192,1,687810,38954422870,30538419329
4481025,8192,1,691342,38855588548,30294219877
4489217,8192,1,597092,33111071840,27333105139
4497409,8192,1,530372,24797114990,21491925440
4505601,8192,1,664534,27768018498,23355242094
4513793,8192,1,607716,29462506589,24760377801
4521985,8192,1,636968,33818088203,27841224439
4530177,8192,1,576620,30857764315,24636791130
4538369,8192,1,555644,29902311532,24780154583
4546561,8192,1,576193,31728985315,25987853895
4554753,8192,1,614333,33933012035,27929773640
4562945,8192,1,694290,35077866299,28234390082
4571137,8192,1,685773,35235556368,28902887093
4579329,8192,1,595343,32512470264,27039136284
4587521,8192,1,616676,31432826950,27559816663
4595713,8192,1,732388,35462326767,31674598214
4603905,8192,1,701686,34053236118,29175568356
4612097,8192,1,696025,34813469923,29094691049
4620289,8192,1,756842,36575998133,30983858691
4628481,8192,1,695958,35807344495,29127499561
4636673,8192,1,839988,41325848673,35866656355
4644865,8192,1,859818,39561689628,35023161692
4653057,8192,1,878341,39038765676,35480952787
4661249,8192,1,838018,41732008967,37251254718
4669441,8192,1,868393,42367951309,39856561870
4677633,8192,1,1024408,50365921601,46032240611
4685825,8192,1,1106629,50823271509,46857257885
4694017,8192,1,983321,52251191383,43661435838
4702209,8192,1,1065994,53288175748,51515333150
4710401,8192,1,1004230,57029863421,54504972580
4718593,8192,1,1175867,60067148142,58449088922
4726785,8192,1,1283732,60320736424,57139863447
4734977,8192,1,1366216,63069754925,59201994264
4743169,8192,1,1249121,59108334014,53683240135
4751361,8192,1,1252125,59908605848,54375779129
4759553,8192,1,1451207,62045900188,56463648790
4767745,8192,1,1519992,62098558192,55625199920
4775937,8192,1,1585445,62497723845,53026717809
4784129,8192,1,1400070,58743219915,53440986357
4792321,8192,1,1052134,54186765245,43863563504
4800513,8192,1,1019534,49928583194,43728668483
4808705,8192,1,1261780,57510375260,51189228532
4816897,8192,1,1331357,57590718396,53745136600
4825089,8192,1,1639294,60808222944,56421931766
4833281,8192,1,1324521,56290819569,50596576410
4841473,8192,1,1365671,56727562845,52405980176
4849665,8192,1,1800565,61983009179,61137874263
4857857,8192,1,2002216,61977955389,57655781296
4866049,8192,1,1885881,62151807862,60569144015
4874241,8192,1,1724229,62804522499,59328678980
4882433,8192,1,1914229,62387106534,61563220132
4890625,8192,1,1784457,61980258440,56586451744
4898817,8192,1,1710320,62316592526,61523409680
4907009,8192,1,1726464,62391325627,58675415095
4915201,8192,1,1730007,63380891308,60981043131
4923393,8192,1,1858619,62279744506,60609826407
4931585,8192,1,1849680,62183892835,62943876845
4939777,8192,1,1496671,58403848500,56522608130
4947969,8192,1,1393070,58633948844,58066281531
4956161,8192,1,1327346,58788810672,56147848478
4964353,8192,1,1272246,58123924020,55586351384
4972545,8192,1,1159603,54810326446,53164195160
4980737,8192,1,1260970,53358611450,53937121408
4988929,8192,1,1176073,52672662572,51053536961
4997121,8192,1,1259241,55165172481,52661393536
5005313,8192,1,1262433,56373025517,51876603108
5013505,8192,1,1356029,59546446599,58171733565
5021697,8192,1,1305842,56689784355,55926228678
5029889,8192,1,1125879,53898877430,49138940571
5038081,8192,1,1161636,54269350642,49354274217
5046273,8192,1,1191117,54055514122,51791787902
5054465,8192,1,1056526,53286687769,49805607222
5062657,8192,1,1038563,52346336284,49453584190
5070849,8192,1,1111255,53626275181,47511637162
5079041,8192,1,1139166,53752148996,50459163515
5087233,8192,1,1010849,50228857996,45629027841
5095425,8192,1,1086570,52677277867,49309209100
5103617,8192,1,981145,52265804278,47349196578
5111809,8192,1,1077049,53626533614,49182581377
5120001,8192,1,1057547,54195882329,48694514353
5128193,8192,1,1208494,58216835003,54847935012
5136385,8192,1,1184261,56746767112,51311719715
5144577,8192,1,999424,52506836442,49758401603
5152769,8192,1,1017445,53578401482,49879692022
5160961,8192,1,1019623,52810336386,51172085882
5169153,8192,1,938849,52166193773,49596122158
5177345,8192,1,1005061,53979644014,53730386790
5185537,8192,1,1006297,54409598707,55091341816
5193729,8192,1,910773,52367016050,51067149321
5201921,8192,1,1019609,54958972298,51733440606
5210113,8192,1,963205,51431731336,52355906958
5218305,8192,1,1080296,53432274393,55116417752
5226497,8192,1,913035,51814775021,51773932367
5234689,8192,1,811533,49710271751,47813869107
5242881,8192,1,914018,50659269828,49274539929
5251073,8192,1,951734,49660522293,48974071038
5259265,8192,1,966328,49937461860,52568868070
5267457,8192,1,876120,48233799143,48959000751
5275649,8192,1,839560,45505587169,45594723630
5283841,8192,1,976074,50468458835,50129887042
5292033,8192,1,924974,47925789741,49648573991
5300225,8192,1,942144,49680604502,47340816988
5308417,8192,1,886412,46355902185,48366218951
5316609,8192,1,828036,44837407164,46048537725
5324801,8192,1,738251,42486626567,43033600684
5332993,8192,1,878562,44377402985,44959847722
5341185,8192,1,759784,39515895518,40937680312
5349377,8192,1,876958,45441991668,47279264115
5357569,8192,1,803479,46113372017,47911806350
5365761,8192,1,729028,45065663138,43896844901
5373953,8192,1,885713,47737923460,48829355649
5382145,8192,1,836995,51351355496,50642571500
5390337,8192,1,965931,52965281717,51761698334
5398529,8192,1,782926,50890084027,46724587369
5406721,8192,1,761190,48956703913,48596473365
5414913,8192,1,827064,48472063015,48424058807
5423105,8192,1,825418,49256575775,55197815066
5431297,8192,1,919267,52230978175,57904687642
5439489,8192,1,974226,55143258533,58136056298
5447681,8192,1,833508,50689771206,53318028862
5455873,8192,1,947860,56707817121,56349665118
5464065,8192,1,1033971,58652807039,58943036855
5472257,8192,1,1115589,59342364238,62268914360
5480449,8192,1,1153123,59083287853,60893222827
5488641,8192,1,1009152,56069946259,58993636056
5496833,8192,1,1156155,57601281303,63594659116
5505025,8192,1,1147957,57531469967,64101918363
5513217,8192,1,1088977,55330482420,58617907836
5521409,8192,1,1128476,54292326455,58754158344
5529601,8192,1,1047151,55026971310,61779131002
5537793,8192,1,1126959,57980108462,64075602214
5545985,8192,1,1076343,59166013084,63533499661
5554177,8192,1,1192396,59545348454,64506967146
5562369,8192,1,1376951,58519081749,70416667745
5570561,8192,1,976721,58050473193,59757820172
5578753,8192,1,1166387,57731284389,60925950723
5586945,8192,1,1161915,58406567436,64876813898
5595137,8192,1,1234914,60771886651,66498730110
5603329,8192,1,1124232,59755746193,62919014263
5611521,8192,1,1095478,60122260578,61365885621
5619713,8192,1,1158885,60368944644,66715194618
5627905,8192,1,1153817,60775416598,64077951197
5636097,8192,1,1226306,60413544072,64050507435
5644289,8192,1,1196097,59963033833,61363887134
5652481,8192,1,1148057,60165793954,64768278857
5660673,8192,1,1177054,60696972227,63614119010
5668865,8192,1,1235498,60047450465,65391936208
5677057,8192,1,1147362,60485425643,66515124766
5685249,8192,1,1108227,59774988632,63443578504
5693441,8192,1,1201882,61008511303,65116521239
5701633,8192,1,1183811,61676882288,69349470351
5709825,8192,1,1214637,61791485704,70834255061
5718017,8192,1,1086473,61499185628,70425747793
5726209,8192,1,1201901,61132528463,66483747725
5734401,8192,1,1114912,61252818451,65757562532
5742593,8192,1,1163973,60135524474,65258601306
5750785,8192,1,1084060,59600947136,62843689860
5758977,8192,1,1078372,59809101820,62975040769
5767169,8192,1,1114845,59325753351,64619970897
5775361,8192,1,1126138,59862973911,61144277961
5783553,8192,1,1136977,59212357830,60738381953
5791745,8192,1,1046515,52187366379,55217847705
5799937,8192,1,1040418,55190787848,57281638940
5808129,8192,1,853023,55324595267,53241890557
5816321,8192,1,1028624,57063660639,59826818992
5824513,8192,1,1117046,59270194084,63395910902
5832705,8192,1,1061157,58960211718,63408220875
5840897,8192,1,1055327,56548008958,60586592848
5849089,8192,1,878652,50539203884,54544074180
5857281,8192,1,1173486,57632243725,67125619824
5865473,8192,1,1081039,57617358569,62014292961
5873665,8192,1,1057229,56743055206,63396695525
5881857,8192,1,951758,58511385611,58404290357
5890049,8192,1,835183,61795713273,48447567375
5898241,8192,1,739929,61727951417,50110280513
5906433,8192,1,680873,61904063474,51079708464
5914625,8192,1,706329,61447371947,52942414975
5922817,8192,1,694577,62089394033,50832431222
5931009,8192,1,846968,57980071725,53221135722
5939201,8192,1,966559,59961762656,59503963913
5947393,8192,1,901788,60279415753,58005920883
5955585,8192,1,802864,60414676596,56283120939
5963777,8192,1,685110,63069117237,52572406594
5971969,8192,1,649712,59686231052,51788548603
5980161,8192,1,1036796,60094784408,64391378130
5988353,8192,1,1003503,59416305051,62859741225
5996545,8192,1,1027604,59615250433,61583248685
6004737,8192,1,892103,60438506569,65996025002
6012929,8192,1,880312,59806694762,61961508824
6021121,8192,1,1109642,60025112508,66893179465
6029313,8192,1,1094954,59640226996,66685778891
6037505,8192,1,1030417,59369607024,62074813296
6045697,8192,1,1057200,55900815277,64842625380
6053889,8192,1,940339,50753517403,56496423283
6062081,8192,1,1047645,56417459765,63496287146
6070273,8192,1,1070344,58612928291,65816299145
6078465,8192,1,1040326,59160341340,62756941506
6086657,8192,1,1032939,59245645508,59593352144
6094849,8192,1,978106,58080730358,58718540429
6103041,8192,1,949935,59434287423,63290875012
6111233,8192,1,814440,62418352419,80669026700
6119425,8192,1,756883,61929340206,82966904889
6127617,8192,1,891700,57927536222,70275160222
6135809,8192,1,894373,54124139868,57176429764
6144001,8192,1,948844,54474431056,61716177105
6152193,8192,1,949060,55935295379,60268949525
6160385,8192,1,940733,57179985070,61941019733
6168577,8192,1,875004,59767193046,68765476306
6176769,8192,1,854844,58633356661,63046667985
6184961,8192,1,869810,57172923878,63295349992
6193153,8192,1,858339,58716480746,64782039938
6201345,8192,1,808091,59068730609,63194316548
6209537,8192,1,816753,58875189706,67238559670
6217729,8192,1,809455,58560010270,64532077485
6225921,8192,1,839253,57560207356,64443409504
6234113,8192,1,845776,59019049499,65633790511
6242305,8192,1,804291,57082938691,67427150625
6250497,8192,1,779310,58293679134,63161058824
6258689,8192,1,935783,58551901338,65158137013
6266881,8192,1,832343,56739213761,63549268344
6275073,8192,1,815239,56879687612,64857331071
6283265,8192,1,869622,56503858451,63461914888
6291457,8192,1,753911,57192973874,64605506817
6299649,8192,1,796408,58492213661,63653666746
6307841,8192,1,775867,57819406693,63907123380
6316033,8192,1,731815,55554664930,60376668332
6324225,8192,1,801177,56055100336,62952089861
6332417,8192,1,702924,55639554786,60741779296
6340609,8192,1,628921,57287631240,60787795158
6348801,8192,1,701014,56796985035,58349146996
6356993,8192,1,679990,56753862938,61709448275
6365185,8192,1,679678,56844041949,54238489877
6373377,8192,1,730260,55694660589,62109643548
6381569,8192,1,631122,56053435110,57202426599
6389761,8192,1,623579,55480206989,58614990183
6397953,8192,1,722344,56431171315,59916568103
6406145,8192,1,629492,57158444543,60805774524
6414337,8192,1,709829,57357572825,59859028236
6422529,8192,1,613086,54942317621,53867486345
6430721,8192,1,606422,52576411946,55574173404
6438913,8192,1,642545,52459434620,56653308831
6447105,8192,1,731996,53145077742,55726779440
6455297,8192,1,724964,54306641564,63149338803
6463489,8192,1,815991,52726025166,59960092221
6471681,8192,1,729625,49182276339,51805090123
6479873,8192,1,669837,46831088707,48454494562
6488065,8192,1,747144,48122908769,55951271272
6496257,8192,1,717326,47958662805,59509275403
6504449,8192,1,718392,50909275438,58491686338
6512641,8192,1,730467,48392560754,54309479557
6520833,8192,1,738059,46131832206,54248453412
6529025,8192,1,724708,46477569891,53180262855
6537217,8192,1,800265,48971240353,56421338480
6545409,8192,1,787384,48497192206,55016739663
6553601,8192,1,698398,47187351487,54295058741
6561793,8192,1,737557,48788349686,53970661222
6569985,8192,1,764170,49888523955,56581419542
6578177,8192,1,680236,49997697795,50207321000
6586369,8192,1,749999,53088340658,51829665813
6594561,8192,1,705784,48019131508,54056208680
6602753,8192,1,656423,46400710382,52206336788
6610945,8192,1,849783,47748915390,56824405510
6619137,8192,1,801148,47807608803,57352584474
6627329,8192,1,765408,46669797740,54252003631
6635521,8192,1,743150,46887794423,55057661769
6643713,8192,1,665607,45877233135,56204598806
6651905,8192,1,758736,47427946240,59531716231
6660097,8192,1,827631,47805700088,57654927020
6668289,8192,1,740827,47033958754,56213814392
6676481,8192,1,701546,45737135850,54502686730
6684673,8192,1,693026,47473036303,56654190246
6692865,8192,1,744005,47361939810,54437597211
6701057,8192,1,728159,45355462532,53803753822
6709249,8192,1,803323,48175195526,55804448798
6717441,8192,1,731903,47282679908,55925698625
6725633,8192,1,669779,47058450238,50970799322
6733825,8192,1,736446,51234504987,55639382048
6742017,8192,1,845497,51556557281,58406566270
6750209,8192,1,783040,49450537411,54676966416
6758401,8192,1,785734,48600607825,51381295551
6766593,8192,1,644335,43880086628,47283404388
6774785,8192,1,718306,45320242271,50992483132
6782977,8192,1,787787,49300862376,56115161965
6791169,8192,1,797132,51216997662,54126668102
6799361,8192,1,778579,54480612692,66289193738
6807553,8192,1,777106,54418924892,63261640180
6815745,8192,1,641142,49816057934,60023889227
6823937,8192,1,767187,52605381030,62237307198
6832129,8192,1,795755,53448736123,65196839055
6840321,8192,1,787802,52776478133,66850080043
6848513,8192,1,788128,50809483628,65159696990
6856705,8192,1,703447,48678621512,61880568330
6864897,8192,1,720780,48100014209,57006751153
6873089,8192,1,753391,48766101024,56282613170
6881281,8192,1,726756,48283626988,57690420562
6889473,8192,1,759040,48229905528,55691656443
6897665,8192,1,733910,48871665264,60808400150
6905857,8192,1,752177,49522415159,59300348943
6914049,8192,1,802193,51410592357,56072500972
6922241,8192,1,859621,51928120590,59870957173
6930433,8192,1,800774,50391395202,58652056364
6938625,8192,1,748654,49387623217,56868598083
6946817,8192,1,796267,50255220086,58631541535
6955009,8192,1,748240,51693407873,54862554893
6963201,8192,1,806363,50150885645,61606548337
6971393,8192,1,728569,48656564463,60051187429
6979585,8192,1,735352,51199560672,61792428674
6987777,8192,1,699021,48682911486,63347916328
6995969,8192,1,634120,45831406577,53974086529
7004161,8192,1,892155,50536556554,62461161029
7012353,8192,1,782030,49273441119,61086031227
7020545,8192,1,741045,46097890688,56575392421
7028737,8192,1,762443,45093991002,58023170906
7036929,8192,1,853754,46603908786,57168108880
7045121,8192,1,810342,46377293130,56418271335
7053313,8192,1,770343,47471980730,57015523967
7061505,8192,1,683334,43555846112,53155676407
7069697,8192,1,838780,46875030520,58364122713
7077889,8192,1,763229,48582059456,55526632732
7086081,8192,1,751041,45191788480,53736195347
7094273,8192,1,795784,48515590361,55546590142
7102465,8192,1,787430,49228707462,54852964700
7110657,8192,1,985470,55948602087,59649052822
7118849,8192,1,879750,52775047845,59087333003
7127041,8192,1,771176,49224643811,57156099364
7135233,8192,1,810937,53308284328,61197256997
7143425,8192,1,915819,55117039138,64895962262
7151617,8192,1,910815,54754117820,61353392154
7159809,8192,1,886198,58713975871,66041120477
7168001,8192,1,726666,49138506055,54207791820
7176193,8192,1,693336,47109751685,53816327370
7184385,8192,1,724525,48036349840,51580685131
7192577,8192,1,708302,48268198216,52269577876
7200769,8192,1,727507,50120021956,54794564103
7208961,8192,1,790346,53098340347,59875530123
7217153,8192,1,906974,56741329110,61033089730
7225345,8192,1,933614,58596654890,64356764874
7233537,8192,1,885596,58671527494,63949565350
7241729,8192,1,1016104,61069572685,69846739862
7249921,8192,1,1020630,61369308543,65880040429
7258113,8192,1,985675,61058114637,69423012375
7266305,8192,1,1024395,60799942581,66816224196
7274497,8192,1,1073993,62911729753,71908117223
7282689,8192,1,959353,60722933235,68186693431
7290881,8192,1,721417,51558952034,60337876993
7299073,8192,1,635467,47439182717,57765159727
7307265,8192,1,768990,52539940390,60655476380
7315457,8192,1,782838,50497801672,59819305822
7323649,8192,1,736531,48680635829,56920792111
7331841,8192,1,693431,48979000213,58868974502
7340033,8192,1,700353,48470463657,58788589682
7348225,8192,1,656165,47754014325,54540302989
7356417,8192,1,706952,49781969594,58906684808
7364609,8192,1,702560,51552295972,56953233973
7372801,8192,1,748488,51189895210,58057396223
7380993,8192,1,672970,50289379405,54994401246
7389185,8192,1,618374,46747527961,55819002294
7397377,8192,1,731407,53849189259,58619424467
7405569,8192,1,823103,54459907520,58845947772
7413761,8192,1,820567,57996395789,64061162161
7421953,8192,1,759259,54880499899,61385587534
7430145,8192,1,709874,50266481813,56212680332
7438337,8192,1,799413,52617562312,61603193687
7446529,8192,1,803464,53862112844,62999960531
7454721,8192,1,776283,53348274726,61286736473
7462913,8192,1,841975,55623955618,62382197795
7471105,8192,1,853955,57452318218,66671757536
7479297,8192,1,795154,56297422443,64368456060
7487489,8192,1,889445,56376229780,67865029098
7495681,8192,1,1021969,60023042579,72227040951
7503873,8192,1,875237,55313971334,65754371159
7512065,8192,1,775071,49429826010,61227488876
7520257,8192,1,725889,47064363363,57974434182
7528449,8192,1,834843,51650564844,64191730420
7536641,8192,1,789507,50757917942,63409576094
7544833,8192,1,867687,54598783786,61211341856
7553025,8192,1,960725,56469515355,63321240609
7561217,8192,1,815707,50313874323,62420193470
7569409,8192,1,666231,46144005917,56716007225
7577601,8192,1,832815,54175134238,57616683805
7585793,8192,1,885526,58087439964,63931555294
7593985,8192,1,861278,55905434119,63312916337
7602177,8192,1,852806,50342783962,62765007857
7610369,8192,1,887841,49888381296,61967702880
7618561,8192,1,860187,54950616424,59980904922
7626753,8192,1,915348,54030183176,64705746234
7634945,8192,1,852309,51681051150,63492829960
7643137,8192,1,912370,53049696773,64084000666
7651329,8192,1,738803,45900258701,54399605065
7659521,8192,1,713836,45748826296,54013884900
7667713,8192,1,848035,50538533259,58653965658
7675905,8192,1,937742,55323766578,66528940975
7684097,8192,1,787627,54383889810,59616348932
7692289,8192,1,833589,53247672067,60454882773
7700481,8192,1,814204,49535470442,59479311063
7708673,8192,1,903137,54358941917,60899780695
7716865,8192,1,801151,62622317283,55745069500
7725057,8192,1,905524,59014777802,66635072544
7733249,8192,1,960512,58327935763,70737360537
7741441,8192,1,936278,56411432504,68488768268
7749633,8192,1,890324,53572479595,70004987139
7757825,8192,1,1027125,58522479696,75746319022
7766017,8192,1,1065365,61612038604,79834682415
7774209,8192,1,1133091,62039236317,76690367843
7782401,8192,1,1013568,61944787561,76730232175
7790593,8192,1,977456,60660792594,72415060262
7798785,8192,1,1062407,59684547724,75083277184
7806977,8192,1,1017774,59902115809,73973134512
7815169,8192,1,1154301,60693446908,75173858904
7823361,8192,1,1129298,60341384806,74720519336
7831553,8192,1,1048171,56590059373,71115710656
7839745,8192,1,1006866,55276418358,70147971795
7847937,8192,1,1266339,61467920318,74626649759
7856129,8192,1,1153575,60984143819,70180812396
7864321,8192,1,1115475,59852831907,75307484624
7872513,8192,1,1148287,60908945609,72267038852
7880705,8192,1,1236171,60021117831,78106693907
7888897,8192,1,1119286,58582250428,72195181684
7897089,8192,1,1116862,59438959515,73615140287
7905281,8192,1,1053564,59511201019,71220621911
7913473,8192,1,1018766,59916578393,72542023428
7921665,8192,1,1163030,58202234652,66108319273
7929857,8192,1,932972,56541598892,69765990930
7938049,8192,1,1335617,61768841096,74657763339
7946241,8192,1,1126115,60333225913,77410365410
7954433,8192,1,930625,59253863905,76996529004
7962625,8192,1,1155991,60318831521,76577204815
7970817,8192,1,1149787,58205892161,73832659427
7979009,8192,1,1168100,58675133580,74007253712
7987201,8192,1,1109590,60201568915,71521402641
7995393,8192,1,1246696,60953748469,70243954720
8003585,8192,1,1072671,58459135873,74996484004
8011777,8192,1,915176,52150084703,71512475325
8019969,8192,1,1048977,54347088319,70452591942
8028161,8192,1,1161083,57901070063,70037040189
8036353,8192,1,1038066,60739991885,71215599105
8044545,8192,1,1058512,61452870344,69614781851
8052737,8192,1,1224568,57520110354,68976048793
8060929,8192,1,883351,49034881564,61587795446
8069121,8192,1,1093556,54937862712,67171817206
8077313,8192,1,1171620,58985335698,73543787909
8085505,8192,1,970944,57604952668,70915750942
8093697,8192,1,1018286,53175452767,67505882287
8101889,8192,1,907967,52281783686,64354032800
8110081,8192,1,872493,50955441103,64315438913
8118273,8192,1,1016880,55439650663,69905870687
8126465,8192,1,893543,53041319100,67594701082
8134657,8192,1,1199821,58355280103,71999588903
8142849,8192,1,872903,50503746198,65979945205
8151041,8192,1,753363,48910092076,64204921130
8159233,8192,1,888841,55200745635,69583567402
8167425,8192,1,1358869,61654254721,67331791606
8175617,8192,1,919344,57647015958,71567984267
8183809,8192,1,948309,52872475578,65613131357
8192001,8192,1,738324,46746541520,59470476033
8200193,8192,1,738422,45469577722,58019828519
8208385,8192,1,812997,50384096789,63068386554
8216577,8192,1,1006640,52371646321,61117828556
8224769,8192,1,1163238,59595554009,69643226048
8232961,8192,1,798761,53019994658,64268946645
8241153,8192,1,697829,51960965721,60607319078
8249345,8192,1,841109,52000342474,64643980099
8257537,8192,1,930193,54459937700,68231190150
8265729,8192,1,975208,58222853369,69885340485
8273921,8192,1,1020904,56306070571,67781773998
8282113,8192,1,938526,53080739771,61206323395
8290305,8192,1,820570,51981464609,66743525556
8298497,8192,1,940581,58623412073,68809863271
8306689,8192,1,877846,57683653048,67442329544
8314881,8192,1,914277,57238738726,69321681969
8323073,8192,1,880678,51566549035,65260338267
8331265,8192,1,763133,51489770819,73770164717
8339457,8192,1,835498,52115559990,62917514725
8347649,8192,1,940995,53853618011,66217030888
8355841,8192,1,935120,59792349550,68813818443
8364033,8192,1,849350,54624898279,64927332262
8372225,8192,1,826549,50554075020,62569128762
8380417,8192,1,893359,53524916702,64924473992
8388609,8192,1,950037,59670381591,74315212705
8396801,8192,1,851952,59067138486,66824810741
8404993,8192,1,971316,58701071184,70904057819
8413185,8192,1,957288,57866515165,72209759897
8421377,8192,1,838965,57549256819,63213872658
8429569,8192,1,893296,61104343635,60558882286
8437761,8192,1,993838,59809150417,68870167095
8445953,8192,1,964813,60789904230,70363333636
8454145,8192,1,839047,59657647316,65735131983
8462337,8192,1,854037,59372454307,63177275353
8470529,8192,1,970235,60191471319,66981557699
8478721,8192,1,988342,61800831528,66640435057
8486913,8192,1,828164,61286830855,61707336739
8495105,8192,1,1002499,62022730823,63950798872
8503297,8192,1,989779,61828220456,63445981522
8511489,8192,1,835312,61844907375,57419657371
8519681,8192,1,889469,61679703719,59027255098
8527873,8192,1,965347,61385667796,60398398407
8536065,8192,1,931052,61592837583,60876031794
8544257,8192,1,754048,61629636775,56217982894
8552449,8192,1,803745,61961780469,59906507723
8560641,8192,1,939276,63530816772,63864265042
8568833,8192,1,851417,65923346777,63513744093
8577025,8192,1,841049,65623489141,62160872439
8585217,8192,1,992152,73222626803,69209320053
8593409,8192,1,817459,77878755186,65531522979
8601601,8192,1,699019,76628772865,65816285866
8609793,8192,1,811933,78058009201,65297218023
8617985,8192,1,949393,77470743277,76088576754
8626177,8192,1,869464,75793509999,71018373115
8634369,8192,1,739889,74187688186,65154533064
8642561,8192,1,818926,77685558439,69653926059
8650753,8192,1,825924,78026267904,72352577760
8658945,8192,1,812147,70393239512,79690149654
8667137,8192,1,785673,61570806794,71452065456
8675329,8192,1,816542,65781442449,68334163815
8683521,8192,1,757973,54004019478,65932209527
8691713,8192,1,683329,52246980326,61291879326
8699905,8192,1,849122,55659160493,66063033788
8708097,8192,1,975466,59263476741,71617403287
8716289,8192,1,913001,59041577975,70967432477
8724481,8192,1,868978,54281558998,65834017014
8732673,8192,1,805391,49494687484,61333657399
8740865,8192,1,812980,52561159401,63559228791
8749057,8192,1,822366,52666178343,64589997860
8757249,8192,1,919564,56098391378,67704758786
8765441,8192,1,968016,57877117485,70382099136
8773633,8192,1,860153,51481505907,61554265097
8781825,8192,1,790868,47257860195,58022722332
8790017,8192,1,942832,53538052783,65052658700
8798209,8192,1,940694,61685676481,72240140591
8806401,8192,1,885927,61658922238,67244058767
8814593,8192,1,1038029,61369004831,75224487968
8822785,8192,1,879793,52146272787,64928120582
8830977,8192,1,878509,55697156073,67731348000
8839169,8192,1,964736,62541552293,82549415735
8847361,8192,1,996914,61590833329,80528694817
8855553,8192,1,885028,55127615561,62480643169
8863745,8192,1,791523,55304861134,65058337619
8871937,8192,1,849887,63786091420,81021694601
8880129,8192,1,902373,61012686158,73788982002
8888321,8192,1,941387,59426643172,72037277798
8896513,8192,1,1133114,63866621409,83763557215
8904705,8192,1,802562,63727133550,84917647861
8912897,8192,1,845445,61409418399,81428946592
8921089,8192,1,1017609,65029754319,85071527280
8929281,8192,1,907925,63564436196,81392754578
8937473,8192,1,967802,66232587516,83964177580
8945665,8192,1,897482,65346650167,83521734571
8953857,8192,1,750217,65003544141,70627728733
8962049,8192,1,1086994,67502783028,83197526472
8970241,8192,1,951713,66237749089,78805535711
8978433,8192,1,981183,69267416517,78344189792
8986625,8192,1,1055590,68273551884,88354278958
8994817,8192,1,780717,56833119505,74935143735
9003009,8192,1,1036805,73004597454,86754446645
9011201,8192,1,1012222,71455636535,83511644934
9019393,8192,1,874242,71548472212,81636700717
9027585,8192,1,971248,66791843410,82327236840
9035777,8192,1,840102,64595196013,78945493265
9043969,8192,1,994170,64934612725,79791394053
9052161,8192,1,888691,65383679263,80472183925
9060353,8192,1,942244,57388886441,72045670517
9068545,8192,1,701653,48078807041,60385117587
9076737,8192,1,754798,61024714378,71185081878
9084929,8192,1,908482,65338335472,77441804143
9093121,8192,1,898709,68826620520,83089505768
9101313,8192,1,947022,69761741984,77519379652
9109505,8192,1,855685,64915604147,75965826197
9117697,8192,1,936510,68593558199,81795529014
9125889,8192,1,1110657,74193543274,88509069271
9134081,8192,1,974020,71692480309,86162746995
9142273,8192,1,971906,69278593897,86505646311
9150465,8192,1,940651,67361910005,84827760991
9158657,8192,1,931319,67770003761,86371285933
9166849,8192,1,1003627,67301994373,88347203845
9175041,8192,1,901224,64936435027,82891207581
9183233,8192,1,768025,58547006772,73310492803
9191425,8192,1,992708,64118389903,83180244551
9199617,8192,1,767537,60728207372,79349946365
9207809,8192,1,741824,53901328760,75668003967
9216001,8192,1,698064,49104444455,65167229465
9224193,8192,1,643992,47707551961,72764483594
9232385,8192,1,827015,55845001987,71637212229
9240577,8192,1,847844,59333225580,72144514805
9248769,8192,1,757262,52846524981,64394000318
9256961,8192,1,716538,54524823239,66575250228
9265153,8192,1,714126,49995214601,60306206188
9273345,8192,1,716731,54250605891,66214269560
9281537,8192,1,763184,56104624149,70865871862
9289729,8192,1,852003,63108379279,77148305336
9297921,8192,1,904053,60658920099,74034807426
9306113,8192,1,828610,56073471319,71080531907
9314305,8192,1,742441,55013686452,69550835141
9322497,8192,1,731295,52787689502,65584764967
9330689,8192,1,708369,52392880422,64221925010
9338881,8192,1,664925,47456678772,61649757703
9347073,8192,1,627062,59045841516,70088791702
9355265,8192,1,542072,51533409470,61725114287
9363457,8192,1,553768,51823161640,61937587041
9371649,8192,1,664552,57497993985,71115661162
9379841,8192,1,665352,58873592863,69909953179
9388033,8192,1,708523,60684737157,73263409183
9396225,8192,1,742494,61352845542,72866918261
9404417,8192,1,682535,52096944972,65917048668
9412609,8192,1,730720,56467680323,73365737998
9420801,8192,1,659919,65708295301,91989750371
9428993,8192,1,805946,68506237462,95567689382
9437185,8192,1,799261,70730540231,97790174797
9445377,8192,1,782815,64727852547,86321463157
9453569,8192,1,806095,57998734790,76681301143
9461761,8192,1,873153,60674145097,74336601079
9469953,8192,1,978600,68453757397,90350169944
9478145,8192,1,932038,68593126285,89018618835
9486337,8192,1,969887,65412428592,82499511292
9494529,8192,1,871662,61072195102,79347332533
9502721,8192,1,880415,67010896351,91634125105
9510913,8192,1,877077,62637487079,81334631164
9519105,8192,1,892491,66341797417,83570325342
9527297,8192,1,886525,63743218469,83366890772
9535489,8192,1,763034,56916289211,74987684424
9543681,8192,1,755739,51749236039,71710145202
9551873,8192,1,873175,63714325503,84957042598
9560065,8192,1,894671,66968083563,92230927158
9568257,8192,1,871975,67196685161,94310364177
9576449,8192,1,833002,63337835446,89800882040
9584641,8192,1,804983,57162122774,80883141292
9592833,8192,1,852642,58816487988,87032341743
9601025,8192,1,804419,61358444080,95764158138
9609217,8192,1,849312,58233450860,89307868269
9617409,8192,1,927929,63536028152,95530124059
9625601,8192,1,813905,59495790605,90223486813
9633793,8192,1,774141,59853748240,95264349745
9641985,8192,1,1008519,71796902215,103133302023
9650177,8192,1,946237,66707485905,89208861977
9658369,8192,1,908074,73540668043,104466495847
9666561,8192,1,1048466,76252778127,102307417404
9674753,8192,1,866412,68574360918,92154680421
9682945,8192,1,932972,70752871888,98933666213
9691137,8192,1,979047,71791734313,99816930747
9699329,8192,1,918888,67817796157,96890128065
9707521,8192,1,1104725,71177466006,105395062085
9715713,8192,1,1104271,71716325188,109856933941
9723905,8192,1,963052,66999392072,93888775190
9732097,8192,1,1005464,65795578186,94944251010
9740289,8192,1,1059837,67994246828,97747540456
9748481,8192,1,979162,67629006993,97254197233
9756673,8192,1,885081,62292836211,88856440468
9764865,8192,1,833802,62457382863,86938725619
9773057,8192,1,837546,61034522068,82478166159
9781249,8192,1,946051,67857791102,90970876456
9789441,8192,1,819208,65866256100,87173321577
9797633,8192,1,924104,68240421801,94914976695
9805825,8192,1,881246,68247029882,91600631069
9814017,8192,1,778987,66071308722,86055947921
9822209,8192,1,911174,69795340731,97427092614
9830401,8192,1,1006706,71978418806,100943658781
9838593,8192,1,1038633,71509025018,102891656455
9846785,8192,1,896865,69792988764,94739033552
9854977,8192,1,847711,67034768302,89366825317
9863169,8192,1,911641,68667883187,94037916869
9871361,8192,1,996682,70107950073,97048257588
9879553,8192,1,973566,69625920413,97749957433
9887745,8192,1,993179,71185747311,99534332653
9895937,8192,1,1003198,70717713319,99099604242
9904129,8192,1,1002534,71808040774,101956599908
9912321,8192,1,973237,71613101484,99205932148
9920513,8192,1,1033485,72846155160,98063833729
9928705,8192,1,1031123,73635393603,101229133787
9936897,8192,1,1080661,74097718137,102922709181
9945089,8192,1,978766,70891484395,98439466623
9953281,8192,1,1042650,72417886178,100395409386
9961473,8192,1,1112412,74009890439,103522279484
9969665,8192,1,1081752,73469731113,104854719856
9977857,8192,1,1115522,75780146275,106934774979
9986049,8192,1,1042699,73335453765,106188504360
9994241,8192,1,1012025,72304159780,104529987741
10002433,8192,1,947807,73177316635,102190945303
10010625,8192,1,993860,74248158794,102030567136
10018817,8192,1,1083307,76321832298,106707790699
10027009,8192,1,1144640,76778212899,108934807259
10035201,8192,1,1106267,76509496209,109042231887
10043393,8192,1,1136468,76529152684,106821603033
10051585,8192,1,1143192,76622953602,109410386867
10059777,8192,1,1071558,76691528658,104998192022
10067969,8192,1,1035874,75016157201,103303397537
10076161,8192,1,1190056,75265046958,102187266193
10084353,8192,1,1052095,76722732640,105578749501
10092545,8192,1,1059358,76839914668,107829896253
10100737,8192,1,1078590,77061038954,104978607535
10108929,8192,1,1104262,76917215732,96106078842
10117121,8192,1,1171376,77120896113,102616441206
10125313,8192,1,1065388,77604654123,108473721230
10133505,8192,1,1080586,77621034018,102012854232
10141697,8192,1,1185945,77375102520,103661115074
10149889,8192,1,1118057,77079879819,101576475779
10158081,8192,1,1140551,77535086646,106936167011
10166273,8192,1,1201889,77314405596,105635396153
10174465,8192,1,1114490,77129632609,107281371766
10182657,8192,1,1131014,76977719808,106202986962
10190849,8192,1,1225990,76646881261,105937462953
10199041,8192,1,1193971,77200838933,103968000308
10207233,8192,1,1174049,77770485494,105963950390
10215425,8192,1,1131601,77893106666,104223842936
10223617,8192,1,1214716,77082495252,103890087204
10231809,8192,1,1239036,76812658037,105635020566
10240001,8192,1,1174334,77539060580,107692361456
10248193,8192,1,1147536,77645370823,109619259143
10256385,8192,1,1130296,76924591639,106856432231
10264577,8192,1,1030018,77324495149,106756522893
10272769,8192,1,1086505,77623073831,106740740511
10280961,8192,1,1133919,77708872357,106994025796
10289153,8192,1,1154060,77788627230,108802507617
10297345,8192,1,1188569,79487887047,114324055761
10305537,8192,1,1162732,92108783782,133106118482
10313729,8192,1,1258422,92807705936,127443723509
10321921,8192,1,1454915,92532120917,127662479947
10330113,8192,1,1363088,93006927167,130552904891
10338305,8192,1,1297387,91799653406,127683068387
10346497,8192,1,1317779,93102367684,129346862444
10354689,8192,1,1316959,92167733414,129153165352
10362881,8192,1,1294409,91868826372,126424884864
10371073,8192,1,1371189,92625323824,127408522940
10379265,8192,1,1370935,91279955444,126860652536
10387457,8192,1,1323638,91353035083,127901143033
10395649,8192,1,1176812,92192015743,130894173857
10403841,8192,1,1130901,92191092473,125743642348
10412033,8192,1,1365356,91517607743,127494744825
10420225,8192,1,1350461,91558164098,126680415996
10428417,8192,1,1325279,93052871840,131750447570
10436609,8192,1,1315451,92424243235,129391177019
10444801,8192,1,1280543,91824104587,131062648032
10452993,8192,1,1386630,92677741195,127266261982
10461185,8192,1,1350573,93443272480,132367499386
10469377,8192,1,1413221,93408214190,125308919741
10477569,8192,1,1409852,91813150323,119235754844
10485761,8192,1,1325146,92491978229,127096583249
10493953,8192,1,1360475,93375068735,129849509412
10502145,8192,1,1477277,93028293528,127901423119
10510337,8192,1,1458912,93395121237,128411376659
10518529,8192,1,1407547,93881286759,134780464948
10526721,8192,1,1441709,95010075686,131610064357
10534913,8192,1,1517598,98525141995,139637363882
10543105,8192,1,1527082,98878550793,138706793666
10551297,8192,1,1529306,98563439926,141609138654
10559489,8192,1,1488034,98120186326,131642768886
10567681,8192,1,1545901,98405600084,135219364093
10575873,8192,1,1481930,98131779771,136712740135
10584065,8192,1,1392202,98224165663,138225872885
10592257,8192,1,1533065,98063078190,134067420732
10600449,8192,1,1520463,98076761196,137465959741
10608641,8192,1,1485632,97643007726,134781635049
10616833,8192,1,1537129,98094168122,132373105029
10625025,8192,1,1531409,97567851758,130291003605
10633217,8192,1,1605029,98527900785,131749597879
10641409,8192,1,1581691,98109215587,129177899430
10649601,8192,1,1533873,98321831677,124432515185
10657793,8192,1,1556816,98751922551,125065073400
10665985,8192,1,1455320,98419002087,132142581579
10674177,8192,1,1399828,98856138099,128598754056
10682369,8192,1,1543182,99064986797,127391602734
10690561,8192,1,1541635,98835373983,127231569897
10698753,8192,1,1495339,99053764120,130591744322
10706945,8192,1,1535453,99205973257,133014989304
10715137,8192,1,1411860,98432768557,133237656092
10723329,8192,1,1465940,98922916151,132665021803
10731521,8192,1,1445079,99057744442,131358597213
10739713,8192,1,1409598,98835109309,133057752609
10747905,8192,1,1434689,98604438114,131651391632
10756097,8192,1,1432351,98393824834,127996405280
10764289,8192,1,1436449,98995119384,124371959114
10772481,8192,1,1494024,98865322370,123460723069
10780673,8192,1,1564213,98943876509,121357588934
10788865,8192,1,1487517,99069578049,121847568690
10797057,8192,1,1431398,98631734597,128803736450
10805249,8192,1,1279797,97861496443,129554982041
10813441,8192,1,1314075,99369544817,132715188834
10821633,8192,1,1326300,98850079622,132737755739
10829825,8192,1,1297628,99169380318,128504865776
10838017,8192,1,1376879,98939998883,128407486566
10846209,8192,1,1346219,99403792278,133100032876
10854401,8192,1,1323252,99251403001,132068974333
10862593,8192,1,1334976,99494857878,135664705489
10870785,8192,1,1341365,99559553820,133708919763
10878977,8192,1,1470136,99262735048,131664218037
10887169,8192,1,1685788,99549571043,127827242580
10895361,8192,1,1395013,99353151545,133486291184
10903553,8192,1,1353200,99129856294,132161452293
10911745,8192,1,1436134,99015606534,133503849718
10919937,8192,1,1372106,99208153089,131336326302
10928129,8192,1,1338149,99199886160,133162488883
10936321,8192,1,1303750,99210160521,133245702650
10944513,8192,1,1283208,99611151083,132957168758
10952705,8192,1,1319801,99531959189,127320780972
10960897,8192,1,1352636,99310002799,130089973755
10969089,8192,1,1375102,99466085443,131574369201
10977281,8192,1,1318730,99628423479,135582971625
10985473,8192,1,1227266,99669860657,132020281924
10993665,8192,1,1251634,99764662138,131586530413
11001857,8192,1,1356592,99619090549,133555443290
11010049,8192,1,1378517,99485553104,134905991368
11018241,8192,1,1275742,98374192970,130421044156
11026433,8192,1,1354490,99298692809,132838044243
11034625,8192,1,1310112,97186693575,128738246254
11042817,8192,1,1334103,99245280398,132753927431
11051009,8192,1,1363729,99758052158,133024414851
11059201,8192,1,1433294,99811214650,133339258523
11067393,8192,1,1554046,99865509853,139688965712
11075585,8192,1,1348576,99492264844,139401155864
11083777,8192,1,1248034,99629928157,135428899554
11091969,8192,1,1401515,99673560434,140131608887
11100161,8192,1,1447762,99741103137,138903995815
11108353,8192,1,1485144,99829077573,140951654407
11116545,8192,1,1398817,99670502872,137119001752
11124737,8192,1,1270161,99750583272,134619135964
11132929,8192,1,1320965,100173706874,135141542949
11141121,8192,1,1325674,99897977809,137047180383
11149313,8192,1,1402938,99852564415,135342622431
11157505,8192,1,1427512,99848646888,133913660100
11165697,8192,1,1399016,99824607865,134855385859
11173889,8192,1,1294020,99650819487,137221808233
11182081,8192,1,1438620,99932057170,139829137628
11190273,8192,1,1438914,100005225132,137471091645
11198465,8192,1,1443942,99739876237,139911698999
11206657,8192,1,1412633,99729278350,139868792722
11214849,8192,1,1380570,99693471850,139705394971
11223041,8192,1,1383145,99903866172,141274697516
11231233,8192,1,1478358,100104962850,141316322981
11239425,8192,1,1347924,99887377082,139619246391
11247617,8192,1,1381274,100222018318,136562230965
11255809,8192,1,1444439,99786699446,138340475756
11264001,8192,1,1316079,99890293002,138835323271
11272193,8192,1,1347710,99946984814,140234517783
11280385,8192,1,1484505,99851935427,140740691711
11288577,8192,1,1396744,99998982049,143738336756
11296769,8192,1,1470900,99784151152,142529457256
11304961,8192,1,1430049,99687376856,146216743669
11313153,8192,1,1453839,99667400561,147639116871
11321345,8192,1,1595756,99733144268,145759835543
11329537,8192,1,1528036,99788326430,144113216516
11337729,8192,1,1445057,99542969394,143829845094
11345921,8192,1,1359299,100074192393,141486827189
11354113,8192,1,1214427,99786388904,140962855637
11362305,8192,1,1448539,99876697498,146378215954
11370497,8192,1,1443442,99905517041,145602534326
11378689,8192,1,1372946,99494705111,140809750051
11386881,8192,1,1460716,99919270857,144728195839
11395073,8192,1,1324871,99802789764,143794927184
11403265,8192,1,1294644,99751712798,141673392472
11411457,8192,1,1427163,99936036914,142320218996
11419649,8192,1,1470939,99901096311,141831507279
11427841,8192,1,1374494,99957562220,141462816244
11436033,8192,1,1412862,100230306566,140507824275
11444225,8192,1,1374249,100053691309,139438546798
11452417,8192,1,1571219,99840223592,142026565345
11460609,8192,1,1495879,100010686253,141878170383
11468801,8192,1,1604419,100116741671,144828939371
11476993,8192,1,1633118,99820704698,144346499515
11485185,8192,1,1504462,99935838936,152348263332
11493377,8192,1,1317697,100499782245,149332392974
11501569,8192,1,1456024,100174119560,144665682799
11509761,8192,1,1513323,100006134277,140374205602
11517953,8192,1,1519607,99951925790,146219385840
11526145,8192,1,1383406,99807024509,143475260207
11534337,8192,1,1422653,100061173912,150752579619
11542529,8192,1,1545477,99930647157,149513547533
11550721,8192,1,1558532,100242503361,148109392391
11558913,8192,1,1504436,99761429052,142990866622
11567105,8192,1,1457170,99838244510,147265862886
11575297,8192,1,1421856,100360462892,149269090084
11583489,8192,1,1555722,100143247311,150023972965
11591681,8192,1,1574678,99900660852,150517332593
11599873,8192,1,1594565,100048647754,148670497470
11608065,8192,1,1659040,100329595801,155332969705
11616257,8192,1,1617443,100220177970,147818320407
11624449,8192,1,1532623,100080599389,149577396845
11632641,8192,1,1542361,100037161583,149571228324
11640833,8192,1,1571861,100308996380,146735229405
11649025,8192,1,1395721,100378559333,150182027012
11657217,8192,1,1490221,100226114683,151593315129
11665409,8192,1,1513739,99985733401,146099522619
11673601,8192,1,1486715,99964988407,144546614302
11681793,8192,1,1497379,99497295251,148261404993
11689985,8192,1,1555675,99583756838,144647685936
11698177,8192,1,1526425,99975239456,142245504995
11706369,8192,1,1506885,100205850486,198303233469
11714561,8192,1,1417140,100076759648,203798922925
11722753,8192,1,1419327,100185239943,174564425990
11730945,8192,1,1535326,99752558396,152031729376
11739137,8192,1,1475350,100121062315,144332670672
11747329,8192,1,1462315,100110564487,146818145863
11755521,8192,1,1607984,100218708518,145984378165
11763713,8192,1,1561092,100091344980,143650656319
11771905,8192,1,1634365,99974635368,139294855360
11780097,8192,1,1611463,100152909187,146455730656
11788289,8192,1,1659488,100051303446,140638163943
11796481,8192,1,1665774,99976385541,140348262086
11804673,8192,1,1595345,99986758305,139658160267
11812865,8192,1,1524046,99728316562,141404680709
11821057,8192,1,1641213,100165414493,146494161535
11829249,8192,1,1680031,99908869524,142703076537
11837441,8192,1,1612325,99880712091,144270641088
11845633,8192,1,1614251,99971067648,145113830498
11853825,8192,1,1556277,99978320446,145296686081
11862017,8192,1,1512954,100017672279,146117054230
11870209,8192,1,1549037,99886206895,144781079891
11878401,8192,1,1571428,100164009970,146861576140
11886593,8192,1,1668305,100312517315,144249497781
11894785,8192,1,1682065,100025730811,147529709924
11902977,8192,1,1570310,100112225843,148611248683
11911169,8192,1,1644933,100154217941,147461183998
11919361,8192,1,1656821,100207884794,145528787928
11927553,8192,1,1582493,100126425907,145084527284
11935745,8192,1,1521475,100167079312,146721251437
11943937,8192,1,1521683,100388045346,152551182036
11952129,8192,1,1489299,99966830319,156742699568
11960321,8192,1,1544635,100287189976,151317040080
11968513,8192,1,1561452,100362822758,151278270726
11976705,8192,1,1547967,99807104865,152827126064
11984897,8192,1,1485163,100423627141,148739941633
11993089,8192,1,1491502,100554250927,148575014913
12001281,8192,1,1511597,100501602390,147998098851
12009473,8192,1,1613129,100389557491,151268068624
12017665,8192,1,1618139,100182492628,149635746072
12025857,8192,1,1670231,100793818551,144675538746
12034049,8192,1,1618179,100973456970,147272051892
12042241,8192,1,1636290,100626663293,149219090473
12050433,8192,1,1664045,100791135270,144628790511
12058625,8192,1,1614383,100610086286,143740224165
12066817,8192,1,1626536,100553630407,144674926737
12075009,8192,1,1627135,100664025896,149018776828
12083201,8192,1,1538091,100839562356,149344082963
12091393,8192,1,1630555,100752831001,143575274930
12099585,8192,1,1633198,100611408516,150171126581
12107777,8192,1,1693381,100714695598,147261878974
12115969,8192,1,1640460,100682351254,149963330363
12124161,8192,1,1538108,100693050780,152766671238
12132353,8192,1,1528903,100580839188,156446647196
12140545,8192,1,1638145,100567752635,153148398772
12148737,8192,1,1686577,100662518085,173430311674
12156929,8192,1,1700547,100764775287,167500505877
12165121,8192,1,1713298,100590983304,166831790495
12173313,8192,1,1558439,100652606920,165058962331
12181505,8192,1,1598931,100706966213,162387966421
12189697,8192,1,1658474,100768276142,156351729230
12197889,8192,1,1637377,100917775639,157773838986
12206081,8192,1,1654920,100978253443,156665898071
12214273,8192,1,1653938,101056372273,155885211338
12222465,8192,1,1558132,101083378473,164261896183
12230657,8192,1,1706312,101058340035,169302997154
12238849,8192,1,1767076,101153617321,162147096212
12247041,8192,1,1547107,101156385394,168599382206
12255233,8192,1,1807586,101213455045,158062579408
12263425,8192,1,1827918,101340557214,157048568419
12271617,8192,1,1812421,101225928616,158973021413
12279809,8192,1,1929005,102065174460,152302763522
12288001,8192,1,1974887,113736085303,174524823986
12296193,8192,1,2023402,120815230694,190519086952
12304385,8192,1,1812523,120875986075,192244724902
12312577,8192,1,1728126,121038645094,203064936962
12320769,8192,1,1828550,120484717452,202071974299
12328961,8192,1,1856686,120211855092,201660592541
12337153,8192,1,1960808,120130384288,190185769206
12345345,8192,1,1834647,120407730128,195692446592
12353537,8192,1,1789128,120394301428,202004541134
12361729,8192,1,1845221,120562860077,203996078223
12369921,8192,1,1928680,120791685995,200480431114
12378113,8192,1,1897871,120919218796,197893560029
12386305,8192,1,1956011,121273660873,197280470188
12394497,8192,1,2024916,121410961017,189829838973
12402689,8192,1,2206937,120878046089,188465535685
12410881,8192,1,2161590,121219190569,179001351322
12419073,8192,1,2154173,120712639060,175983030584
12427265,8192,1,2025421,121107996489,191265138294
12435457,8192,1,1919756,121298892011,191324701609
12443649,8192,1,1849268,121098408850,198050153434
12451841,8192,1,1841994,121305918840,201179811199
12460033,8192,1,1812728,121289513405,193917465680
12468225,8192,1,1836821,121131924561,208063862936
12476417,8192,1,1847130,121013257890,202193800615
12484609,8192,1,1726342,121110215473,200608992033
12492801,8192,1,1565797,121227551605,203671562980
12500993,8192,1,1661227,120989838462,198159685180
12509185,8192,1,1657744,121397791130,196275200972
12517377,8192,1,1686415,120881512313,196299007116
12525569,8192,1,1635921,121020595616,191296660618
12533761,8192,1,1638295,120828007952,196759829534
12541953,8192,1,1630729,121115033416,199180621725
12550145,8192,1,1669238,121350515963,199343375272
12558337,8192,1,1606500,120840646922,189942524081
12566529,8192,1,1705647,120843737763,203450891264
12574721,8192,1,1593840,120738844726,203477387785
12582913,8192,1,1428541,118845017866,198258823133
12591105,8192,1,1527605,119581549488,202290293075
12599297,8192,1,1538160,121177086792,202152874699
12607489,8192,1,1544054,120921611838,201665118777
12615681,8192,1,1489350,121042433482,203369447182
12623873,8192,1,1435704,119449851412,199579174572
12632065,8192,1,1452687,118027659375,199850472820
12640257,8192,1,1546021,120587022943,197803758833
12648449,8192,1,1522355,120371457890,200499898074
12656641,8192,1,1515099,120323786912,198758010773
12664833,8192,1,1463056,119801520354,195805786254
12673025,8192,1,1336569,117778012653,195851908642
12681217,8192,1,1523979,120492919264,207730289767
12689409,8192,1,1641347,120800581446,210411996123
12697601,8192,1,1517616,120209411085,205890611544
12705793,8192,1,1572885,120784865947,202028059641
12713985,8192,1,1443041,119223702600,201685883941
12722177,8192,1,1560503,118711360145,202704216309
12730369,8192,1,1710200,120752573783,212184387194
12738561,8192,1,1525513,120574020911,198658970753
12746753,8192,1,1545180,120340259097,200206973494
12754945,8192,1,1491209,119617730910,196545095383
12763137,8192,1,1419517,119567393503,200096064850
12771329,8192,1,1443602,118754868552,203684390219
12779521,8192,1,1749998,120716159388,187274238730
12787713,8192,1,1637823,120792717738,192844728314
12795905,8192,1,1547938,120670804712,192443511965
12804097,8192,1,1433400,119784397229,197490082426
12812289,8192,1,1468640,119538963045,195726137617
12820481,8192,1,1536022,121005829418,195262110961
12828673,8192,1,1544028,120698206806,198676225811
12836865,8192,1,1619752,120820573618,198545146317
12845057,8192,1,1531456,120973407095,194142596250
12853249,8192,1,1483024,120987635474,190176858283
12861441,8192,1,1519507,120664198995,202162552257
12869633,8192,1,1543637,120610778641,210912165350
12877825,8192,1,1551096,121002511251,210716035155
12886017,8192,1,1516209,121052750886,208692262158
12894209,8192,1,1517293,120791191879,215871713653
12902401,8192,1,1553524,121085055387,211109989193
12910593,8192,1,1693757,121300295216,207939374992
12918785,8192,1,1672044,121340799798,203421691420
12926977,8192,1,1655404,120941956310,205876045410
12935169,8192,1,1569906,120926210670,205136851817
12943361,8192,1,1540925,121105298293,212028499614
12951553,8192,1,1641688,121015559738,205472691634
12959745,8192,1,1563783,120859188337,208652974065
12967937,8192,1,1512297,121685096229,202181719868
12976129,8192,1,1516976,126805399318,203678761022
12984321,8192,1,1530715,126881112753,210346648550
12992513,8192,1,1500023,126849103803,209646127758
13000705,8192,1,1525062,126762365924,196743986259
13008897,8192,1,1570898,126628575442,198989348746
13017089,8192,1,1515070,126715629496,201814946573
13025281,8192,1,1491295,126737597201,194777967942
13033473,8192,1,1399447,126800876454,197386405763
13041665,8192,1,1612103,126573305644,202210418406
13049857,8192,1,1564889,126570069748,200983117604
13058049,8192,1,1549927,126511290892,203979951612
13066241,8192,1,1574840,126648398482,206501701681
13074433,8192,1,1517669,127023106100,209278589121
13082625,8192,1,1555248,127201822791,209202933644
13090817,8192,1,1556053,126522950159,203087967971
13099009,8192,1,1504861,126490789213,203711596445
13107201,8192,1,1482066,126504578382,201094547311
13115393,8192,1,1426374,126482546404,190876965523
13123585,8192,1,1422652,126575548760,195688600775
13131777,8192,1,1500669,126501919615,198439965056
13139969,8192,1,1580952,126501645806,195968487990
13148161,8192,1,1572191,126580580822,185447646417
13156353,8192,1,1502663,126435071350,173702113390
13164545,8192,1,1495807,126867900914,179200185450
13172737,8192,1,1485620,126758082578,185188717944
13180929,8192,1,1624283,126445008957,189356227701
13189121,8192,1,1487793,126454067159,182528396094
13197313,8192,1,1590087,126448018907,192658303037
13205505,8192,1,1603957,126508967574,203727383191
13213697,8192,1,1515619,126648476624,209215112442
13221889,8192,1,1594506,126480910175,202401575244
13230081,8192,1,1571457,126542193961,204695675218
13238273,8192,1,1535402,126591571689,201095310148
13246465,8192,1,1493317,126453218947,189630688792
13254657,8192,1,1432522,126495905368,206519050260
13262849,8192,1,1488041,126602949682,205885769883
13271041,8192,1,1487836,126367437642,195285215426
13279233,8192,1,1482494,126265843066,202775659376
13287425,8192,1,1540706,126290664704,200677628600
13295617,8192,1,1431213,126416230124,204301895537
13303809,8192,1,1381642,126377743039,198164843285
13312001,8192,1,1425200,126414184386,195179888305
13320193,8192,1,1446442,126433497478,199121309183
13328385,8192,1,1451568,126525699709,198843263949
13336577,8192,1,1488450,126443773151,191443707544
13344769,8192,1,1448829,126470974452,210212001121
13352961,8192,1,1435386,126473514687,207293733778
13361153,8192,1,1537204,126540746888,195314856961
13369345,8192,1,1706359,126382828597,198049373823
13377537,8192,1,1739316,126452726028,196971430229
13385729,8192,1,1559597,126463514796,199737786575
13393921,8192,1,1464328,126468436719,205533468052
13402113,8192,1,1527548,126619040869,196290274349
13410305,8192,1,1540567,126512649425,199692463959
13418497,8192,1,1579041,126657363768,198514205473
13426689,8192,1,1652004,126401984278,192489026247
13434881,8192,1,1484258,126375922545,204056133145
13443073,8192,1,1553385,126524177526,214126282389
13451265,8192,1,1545506,126393109813,202203804188
13459457,8192,1,1617660,126509408506,207610406960
13467649,8192,1,1617160,126539220161,203790137510
13475841,8192,1,1597888,126604477600,207069468402
13484033,8192,1,1607554,126579892965,207048873140
13492225,8192,1,1693151,126510267086,204926947167
13500417,8192,1,1730955,126614551074,194184189464
13508609,8192,1,1907030,126451741784,191814647564
13516801,8192,1,1860726,126544257334,198646918542
13524993,8192,1,1743498,126502399379,196948017182
13533185,8192,1,1699555,126537553304,199489447501
13541377,8192,1,1797680,126444001381,196743462956
13549569,8192,1,1806412,126438385106,207903721022
13557761,8192,1,1726244,126479692212,204182295858
13565953,8192,1,1638285,126346564082,210441278091
13574145,8192,1,1634714,126449381758,221384135245
13582337,8192,1,1718939,126525685269,201784242489
13590529,8192,1,1768713,126417251634,201295386802
13598721,8192,1,1731576,126409827801,197606645073
13606913,8192,1,1714696,126194994571,196090326849
13615105,8192,1,1662689,126332832338,212815899420
13623297,8192,1,1659344,126354562546,197132706158
13631489,8192,1,1688326,126167088507,202425175736
13639681,8192,1,1740343,126358272138,209021298980
13647873,8192,1,1656537,126321177990,201290868068
13656065,8192,1,1504782,126229054599,209145978471
13664257,8192,1,1627117,126324235982,209871215405
13672449,8192,1,1617372,126397597617,200064744607
13680641,8192,1,1717682,126185351143,206693237272
13688833,8192,1,1681875,126418968592,209002991401
13697025,8192,1,1659942,126214234182,208301013152
13705217,8192,1,1493091,126442876345,205794587778
13713409,8192,1,1639977,126344852300,205187650040
13721601,8192,1,1637728,126406992783,197961265514
13729793,8192,1,1662768,126254851194,205912697505
13737985,8192,1,1572229,126483226636,209019900394
13746177,8192,1,1626524,126076081216,214850723773
13754369,8192,1,1809146,126386695047,220020601266
13762561,8192,1,1603948,126355692540,212345733013
13770753,8192,1,1713010,126362941154,218689795489
13778945,8192,1,1595162,126358123369,217020638496
13787137,8192,1,1503295,126594660549,208773406697
13795329,8192,1,1492449,126654128960,216203564787
13803521,8192,1,1550781,126482616958,211839131066
13811713,8192,1,1601370,126555088393,211861838550
13819905,8192,1,1499991,126600144015,210850459587
13828097,8192,1,1579600,126426324518,206030313338
13836289,8192,1,1451918,126589449884,216726663654
13844481,8192,1,1485911,126671407417,206984816316
13852673,8192,1,1510421,126431496750,204268054779
13860865,8192,1,1590569,126516589514,205863808542
13869057,8192,1,1615665,126504700303,211189938240
13877249,8192,1,1657339,126494229879,206943116616
13885441,8192,1,1530995,126632403991,216225655024
13893633,8192,1,1593121,126305831185,212668450393
13901825,8192,1,1594780,126628482611,198357707959
13910017,8192,1,1574979,126512975265,204996260054
13918209,8192,1,1528537,126494511250,220902898700
13926401,8192,1,1485566,126581521439,213005385405
13934593,8192,1,1516224,126693079215,214474864715
13942785,8192,1,1526924,126579720747,207025359096
13950977,8192,1,1595071,126529604427,220715482194
13959169,8192,1,1523136,126501530450,219336917774
13967361,8192,1,1498767,126596003961,214825632134
13975553,8192,1,1406922,126595942080,204653041388
13983745,8192,1,1599497,126504388876,201354358587
13991937,8192,1,1623488,126638294462,207874519361
14000129,8192,1,1622392,126578067124,206114349263
14008321,8192,1,1539581,126538188694,199718472697
14016513,8192,1,1479134,126565197225,220854376111
14024705,8192,1,1502447,126588974527,213827659170
14032897,8192,1,1478763,126487822388,212214163553
14041089,8192,1,1533746,126627724761,212170983028
14049281,8192,1,1519738,126594957346,210848339848
14057473,8192,1,1519493,126528476406,214399746892
14065665,8192,1,1378968,126547954984,203083845942
14073857,8192,1,1474826,126438035641,214546567424
14082049,8192,1,1461458,126597812191,215029939834
14090241,8192,1,1463314,126464976827,209393436757
14098433,8192,1,1441040,126385694310,208209561495
14106625,8192,1,1436453,126491228880,217857682687
14114817,8192,1,1496948,126733919140,216966872033
14123009,8192,1,1496987,126542528909,210360782051
14131201,8192,1,1452980,126436119407,214057982023
14139393,8192,1,1423186,126572325359,214504738536
14147585,8192,1,1569308,126563222552,222260167056
14155777,8192,1,1464535,126571618605,216819561924
14163969,8192,1,1479519,126524555259,216868073164
14172161,8192,1,1499313,126468901517,219137156985
14180353,8192,1,1565348,126623168177,216654151951
14188545,8192,1,1470830,126464552679,217066397804
14196737,8192,1,1400549,126494842685,216281657531
14204929,8192,1,1453105,126753079308,222409078731
14213121,8192,1,1460111,126568950512,212312015461
14221313,8192,1,1520459,126652167619,215382656681
14229505,8192,1,1499272,126638616386,220067364830
14237697,8192,1,1548944,126740822535,216426001065
14245889,8192,1,1633816,126506755658,231783476026
14254081,8192,1,1445619,126723848661,213152514063
14262273,8192,1,1431866,126541088768,211594418364
14270465,8192,1,1484052,126508469815,214686537769
14278657,8192,1,1449156,126566654615,215747437784
14286849,8192,1,1474927,126698119621,223009467685
14295041,8192,1,1393083,126635507728,220390194398
14303233,8192,1,1469593,126594053976,213338396110
14311425,8192,1,1512033,126538804256,216514040613
14319617,8192,1,1481371,126576921156,217651273361
14327809,8192,1,1430169,126566265060,219186582018
14336001,8192,1,1419150,126722723223,216570923599
14344193,8192,1,1480284,126435774983,221971974280
14352385,8192,1,1528548,126476867898,231483123727
14360577,8192,1,1546887,126808255314,231945948739
14368769,8192,1,1435509,126571790084,224631332259
14376961,8192,1,1386650,126499954858,225256109988
14385153,8192,1,1382223,126651656770,223736996083
14393345,8192,1,1488051,126664579673,221498841571
14401537,8192,1,1553934,126545677652,226542675506
14409729,8192,1,1634007,126563665151,219252386415
14417921,8192,1,1442200,126580746495,223525007208
14426113,8192,1,1413632,126478067233,230433591466
14434305,8192,1,1548109,126551840239,227428776996
14442497,8192,1,1470527,126615549801,227787685546
14450689,8192,1,1478434,126677467809,222057956302
14458881,8192,1,1458738,126597790863,220272478579
14467073,8192,1,1426514,126403031347,223786954360
14475265,8192,1,1482168,126709937913,227363112848
14483457,8192,1,1557468,126539321538,222405230380
14491649,8192,1,1470187,126437944162,220763709972
14499841,8192,1,1477967,126523369672,218063861400
14508033,8192,1,1465952,126535822834,243865436743
14516225,8192,1,1348724,126493420690,225054535907
14524417,8192,1,1408175,126557593458,220942263852
14532609,8192,1,1417407,126601214291,220465640959
14540801,8192,1,1453750,126608916838,217120953706
14548993,8192,1,1403369,126516523197,217380776197
14557185,8192,1,1395108,126600906242,228347156278
14565377,8192,1,1422523,126760302959,223422978742
14573569,8192,1,1419444,126405917316,215360110236
14581761,8192,1,1376103,126440498278,216113998096
14589953,8192,1,1432106,126608941369,217628804295
14598145,8192,1,1389518,126692065880,215562504121
14606337,8192,1,1325891,126592054869,227618888705
14614529,8192,1,1430620,126570249130,224405122646
14622721,8192,1,1640576,126530216669,225210820418
14630913,8192,1,1458194,126511255699,208251819077
14639105,8192,1,1452283,126394466641,219088057858
14647297,8192,1,1349319,126566104062,229923558653
14655489,8192,1,1452911,126604604446,223378254904
14663681,8192,1,1448499,126332373287,220308774030
14671873,8192,1,1483751,126448598311,223582321580
14680065,8192,1,1524626,126486693032,223346052427
14688257,8192,1,1527468,126545672360,222523143190
14696449,8192,1,1472173,126525431009,200035240482
14704641,8192,1,1419681,126533194875,215220042149
14712833,8192,1,1437270,126467171242,224780671962
14721025,8192,1,1512036,126367840991,223932057295
14729217,8192,1,1439500,126305664805,229827793490
14737409,8192,1,1387353,126409670149,228327765267
14745601,8192,1,1499311,126425130097,231933272565
14753793,8192,1,1558145,126172894422,230563635617
14761985,8192,1,1718804,126212903238,226546498382
14770177,8192,1,1717370,126029090030,230163349963
14778369,8192,1,1473904,126362945352,233558438368
14786561,8192,1,1449449,126492807622,242791310938
14794753,8192,1,1477860,126429514269,225712236391
14802945,8192,1,1512924,126383475179,227927996770
14811137,8192,1,1483765,126427560226,228191391574
14819329,8192,1,1469039,126465883445,217121972024
14827521,8192,1,1400910,126617871845,218906759139
14835713,8192,1,1464190,126577008600,224326442317
14843905,8192,1,1463597,126488966318,211638219770
14852097,8192,1,1435958,126350436560,209898162099
14860289,8192,1,1428608,126334006669,213926135045
14868481,8192,1,1442830,126593504235,218274809550
14876673,8192,1,1444089,126454820297,205714797682
14884865,8192,1,1489984,126427635219,203512627900
14893057,8192,1,1459687,126567897831,202336404030
14901249,8192,1,1429581,126389935326,195517943220
14909441,8192,1,1388421,126535790245,201937078792
14917633,8192,1,1472067,126496416288,199643867391
14925825,8192,1,1441937,126455027935,202739646730
14934017,8192,1,1444164,126497768001,194878546455
14942209,8192,1,1483479,126356513150,198516292780
14950401,8192,1,1440249,126385110650,220428922749
14958593,8192,1,1526412,126307268112,222335167219
14966785,8192,1,1552881,126293740397,225761593386
14974977,8192,1,1547396,126094740945,216943104498
14983169,8192,1,1536599,126211707939,212214677751
14991361,8192,1,1489033,126224000392,226108052943
14999553,8192,1,1453488,126264788639,219156846088
15007745,8192,1,1511797,126501254834,214201142035
15015937,8192,1,1503036,126279848457,214883921310
15024129,8192,1,1519956,126405073088,215162739128
15032321,8192,1,1423112,126368472028,199379097309
15040513,8192,1,1514298,126447574509,211974415094
15048705,8192,1,1540708,126248790503,206258702428
15056897,8192,1,1512494,126305588741,217320357419
15065089,8192,1,1499260,126337822141,211666948014
15073281,8192,1,1452264,126555139864,211128822224
15081473,8192,1,1479484,126496906125,209217007867
15089665,8192,1,1488701,126582720631,205536077087
15097857,8192,1,1503925,126385361299,203891184233
15106049,8192,1,1479703,126275675270,203138281093
15114241,8192,1,1487831,126443159552,207023825068
15122433,8192,1,1451943,126750094045,201344667263
15130625,8192,1,1432546,126356114172,204694919028
15138817,8192,1,1498517,126157841850,207401343944
15147009,8192,1,1502133,126486746806,207279535302
15155201,8192,1,1580935,126483403980,212499995756
15163393,8192,1,1575190,126219434040,214066531995
15171585,8192,1,1536284,126327883878,214369119751
15179777,8192,1,1488705,126401251390,209639084478
15187969,8192,1,1535856,126380404561,211937476599
15196161,8192,1,1502255,126340565283,214815057373
15204353,8192,1,1457865,126470528973,213445208600
15212545,8192,1,1475951,126706209220,218560751101
15220737,8192,1,2099730,126390140428,237741399159
15228929,8192,1,1507534,126385341833,217641817378
15237121,8192,1,1532314,126415790802,220426884127
15245313,8192,1,1492981,126326458992,217123193536
15253505,8192,1,1473283,126472813488,220832675516
15261697,8192,1,1660048,126534594704,226985218676
15269889,8192,1,1600297,126589300886,227925470376
15278081,8192,1,1808125,126391955349,232410702460
15286273,8192,1,1509403,126411630842,216477218208
15294465,8192,1,1492102,126503841855,221613409354
15302657,8192,1,1481006,126879977162,217273917081
15310849,8192,1,1455573,126338823947,214727720143
15319041,8192,1,1468523,126384171157,210383949220
15327233,8192,1,1455118,126452603869,207077709613
15335425,8192,1,1428014,126484960125,213589958742
15343617,8192,1,1414560,126583909748,212799633915
15351809,8192,1,1433222,126370246098,207213035751
15360001,8192,1,1438656,126724972455,214493500291
15368193,8192,1,1422503,126526502925,207534827283
15376385,8192,1,1417976,126364437949,210684652388
15384577,8192,1,1424419,126656766137,215856632410
15392769,8192,1,1381472,126593536534,206266603256
15400961,8192,1,1366854,126560232721,205924382702
15409153,8192,1,1391499,126696531231,210390541913
15417345,8192,1,1408332,126595281337,206207041650
15425537,8192,1,1382698,126492112406,209601376321
15433729,8192,1,1361048,126653338550,206696334331
15441921,8192,1,1392230,126508621863,204434189653
15450113,8192,1,1350466,126393470273,200784852701
15458305,8192,1,1425866,126500624148,203411740079
15466497,8192,1,1388874,126680471683,202713073000
15474689,8192,1,1432354,126763626150,209173588232
15482881,8192,1,1439442,126625747723,207076916376
15491073,8192,1,1418575,126514564670,210715537547
15499265,8192,1,1399446,126591544745,200409673264
15507457,8192,1,1421860,126366550708,209247526442
15515649,8192,1,1386719,126711988256,214098379535
15523841,8192,1,1434635,126473241960,207154853054
15532033,8192,1,1480058,126415568321,211509780566
15540225,8192,4702882,1539317,126223755357,208773399815
15548417,8192,4711204,1549433,125266962992,212542498988
15556609,8192,4719481,1506999,125314419131,217037373968
15564801,8192,4727753,1326511,125385512822,213669987464
15572993,8192,4736026,1301225,125359407921,210081721617
15581185,8192,4744366,1298022,125291818536,207883518845
15589377,8192,4752640,1292103,125493083866,212104130168
15597569,8192,4760873,1269576,125171890894,207460526524
15605761,8192,4769097,1281934,125158789139,212736951796
15613953,8192,4777324,1266483,125184058805,205421450118
15622145,8192,4785575,1310843,125352153039,208551148382
15630337,8192,4793834,1350424,125402191477,207625553600
15638529,8192,4802063,1271916,125290664131,205038594212
15646721,8192,4810311,1382229,125417435852,200039078192
15654913,8192,4818560,1341844,125241377890,207029874962
15663105,8192,4826793,1338871,125235624379,214381683024
15671297,8192,4835033,1473498,125267623539,192691646162
15679489,8192,4843307,1341943,125238576083,205783965864
15687681,8192,4851548,1358945,125339300495,212029332391
15695873,8192,4859783,1366233,125332552702,204954251135
15704065,8192,4868035,1366939,125309608945,206223371225
15712257,8192,4876269,1258668,125580844155,167116347445
15720449,8192,4884504,1269011,125586649741,180819857718
15728641,8192,4892734,1290568,125336795671,199747201529
15736833,8192,4900965,1218505,125671533571,195607897163
15745025,8192,4909209,1270641,125186719880,206660597886
15753217,8192,4917440,1222591,125621248902,200971861988
15761409,8192,4925676,1136071,125642950151,199914021823
15769601,8192,4933927,1207034,125446738312,206748177904
15777793,8192,4942152,1230057,125167110607,195834460504
15785985,8192,4950396,1236387,125097758007,200460509261
15794177,8192,4958625,1304488,125171471581,205678003564
15802369,8192,4966858,1224835,125188882612,203647473942
15810561,8192,4975086,1104271,125176226874,205886470952
15818753,8192,4983340,1191983,125462451283,209634175511
15826945,8192,4991606,1208452,124895221202,209078820720
15835137,8192,4999843,1258925,124696117492,209978266656
15843329,8192,5008082,1266737,124905141764,213085924417
15851521,8192,5016328,1181380,124808204719,204937854692
15859713,8192,5024572,1181075,124913583891,208981246144
15867905,8192,5032801,1198642,124853581395,207574611241
15876097,8192,5041067,1256946,124485974258,206022746998
15884289,8192,5049305,1185695,124420511601,210673724632
15892481,8192,5057550,1237468,124320433939,203151292570
15900673,8192,5065779,1160265,124212174085,211475598349
15908865,8192,5074016,1058092,124650352681,208325953565
15917057,8192,5082245,1154274,124317182853,209277222707
15925249,8192,5090476,1267752,124214048769,210225645407
15933441,8192,5098721,1375306,124264129443,223047869282
15941633,8192,5106967,1389702,123940720851,223553081185
15949825,8192,5115210,1290366,124034382029,218964741289
15958017,8192,5123438,1173643,124359427972,224696866692
15966209,8192,5131663,1310249,124224713160,232781177984
15974401,8192,5139899,1340522,124099640351,234518813825
15982593,8192,5148147,1235970,124322924690,223267490180
15990785,8192,5156389,1283371,124198929531,220428191677
15998977,8192,5164630,1225813,124186386101,217857118033
16007169,8192,5172864,1052847,124623074343,210006222263
16015361,8192,5181097,1052959,124493600992,223427019206
16023553,8192,5189331,1090688,124243013279,224030862080
16031745,8192,5197584,1104026,124381451256,219076507779
16039937,8192,5205840,1123041,124395808586,218663669645
16048129,8192,5214078,1134623,124830620768,218473676097
16056321,8192,5222314,1125502,124617193118,223312416664
16064513,8192,5230552,1010762,124683765373,224415828262
16072705,8192,5238780,1246034,124333477118,224150275929
16080897,8192,5247021,1178575,124260753374,229330217808
16089089,8192,5255267,1123580,124306431578,225071191570
16097281,8192,5263499,1140851,124439942230,221951401817
16105473,8192,5271733,1161857,124361331384,223140508370
16113665,8192,5279979,1109178,124669356777,227964350368
16121857,8192,5288231,1162628,124391196480,220364226569
16130049,8192,5296473,1180458,124399949367,219394980340
16138241,8192,5304780,1078802,124660642804,216399536705
16146433,8192,5313022,1399504,124480225073,233220857869
16154625,8192,5321262,1831486,124194901488,264080911177
16162817,8192,5329495,1289430,124612317459,245976513069
16171009,8192,5337741,1315758,124340884409,229325376100
16179201,8192,5345985,1305539,124066232016,236286019617
16187393,8192,5354220,1237219,124237008425,229730112576
16195585,8192,5362459,1242340,124164031098,225102064863
16203777,8192,5370696,1298513,123955699854,229536709350
16211969,8192,5378936,1110066,124443582796,236296966767
16220161,8192,5387165,1089412,124386084913,223647368824
16228353,8192,5395399,1161951,123977256702,221551323211
16236545,8192,5403630,1168807,124125228021,228641407234
16244737,8192,5411850,1131902,124288779632,229026075562
16252929,8192,5420067,1149718,124332292810,239969179152
16261121,8192,5428297,1006443,124925233758,251457100665
16269313,8192,5436528,1004179,124695474779,229857289473
16277505,8192,5444770,1149822,124398327669,230292997238
16285697,8192,5452994,1133861,124278260394,236126281341
16293889,8192,5461230,1092288,124265714717,234428410823
16302081,8192,5469460,1072509,124403719165,241092850032
16310273,8192,5477688,941325,124731511962,254716965516
16318465,8192,5485913,882467,124766784923,226074700698
16326657,8192,5494140,1064365,124413151568,221796369206
16334849,8192,5502372,1203661,124227087257,224204000347
16343041,8192,5510610,1295735,124036901019,233455768953
16351233,8192,5518848,1181661,124111787777,227626342246
16359425,8192,5527079,1079067,124533103336,247600807813
16367617,8192,5535309,1377208,124373927230,249488250597
16375809,8192,5543539,1202265,124039788633,248886437134
16384001,8192,5551774,1240571,124100331466,229552307945
16392193,8192,5560023,1251207,124003722518,233234721419
16400385,8192,5568264,1239850,124052994132,225744927521
16408577,8192,5576488,1265814,123867348059,243734469226
16416769,8192,5584742,1147721,124148195400,242989464250
16424961,8192,5592977,1192692,124003358239,244161423228
16433153,8192,5601200,1188570,124166203859,232599721151
16441345,8192,5609436,1214158,123872046169,238823780936
16449537,8192,5617666,1166299,124245007447,225081083888
16457729,8192,5625902,1176755,123985010086,243265211442
16465921,8192,5634141,1029846,124556794423,232257258542
16474113,8192,5642371,1087223,124368765692,224883083745
16482305,8192,5650601,1173116,124180458932,228339876172
16490497,8192,5658845,1158866,124219659457,229364253110
16498689,8192,5667082,1248259,124168429071,234764678088
16506881,8192,5675313,1170549,124282739423,233682114002
16515073,8192,5683551,1131564,124390215662,229274019654
16523265,8192,5691780,1225728,123979933211,230492670429
16531457,8192,5700013,1233882,124053338198,227614349309
16539649,8192,5708260,1211444,123988503328,236693220434
16547841,8192,5716525,1256586,123922282104,224644753910
16556033,8192,5724762,1230919,124009051113,224759462185
16564225,8192,5732991,1239040,124028389925,238311643602
16572417,8192,5741223,1226880,123982832351,232056067673
16580609,8192,5749471,1296813,123813847300,223988734120
16588801,8192,5757729,1266771,123805018180,227360188972
16596993,8192,5765970,1247419,123939513129,233261688616
16605185,8192,5774205,1147285,124058090877,234692571160
16613377,8192,5782440,1084123,124251855466,233010534430
16621569,8192,5790686,1209663,124076116461,231732939801
16629761,8192,5798933,1278174,124175952832,231101362870
16637953,8192,5807177,1330708,123602214180,220222475415
16646145,8192,5815423,1279631,123702477060,229336782182
16654337,8192,5823744,1183021,123877292698,233252365338
16662529,8192,5832032,1132813,124094677752,249710892077
16670721,8192,5840313,1209310,123989450841,242767780810
16678913,8192,5848599,1253099,123926563458,237231950896
16687105,8192,5856905,1251013,124004103042,236513972694
16695297,8192,5865191,1245742,123923427248,227496023553
16703489,8192,5873502,1235602,124080283695,243543287412
16711681,8192,5881803,1135044,124299971638,251110670585
16719873,8192,5890089,1154719,124214204463,238233057186
16728065,8192,5898362,1210401,123956363401,236306633909
16736257,8192,5906658,1246107,123945396983,226958163580
16744449,8192,5914960,1250768,123917230336,232694870390
16752641,8192,5923268,1232077,123922994202,231178181126
16760833,8192,5931557,1101217,124016467187,230288441376
16769025,8192,5939852,1115077,123940593590,225281545078
16777217,8192,5948143,1203820,123946925971,223272658475
16785409,8192,5956437,1190451,123833585470,222598300965
16793601,8192,5964730,1192548,123749498190,216267687973
16801793,8192,5973054,1222847,123956529365,230047207910
16809985,8192,5981358,1158585,123615753440,234478299711
16818177,8192,5989636,1190257,123880766762,239217591801
16826369,8192,5997923,1315502,124066841094,232248884384
16834561,8192,6006221,1280191,123785793744,225201391212
16842753,8192,6014515,1218102,123790540045,223853721933
16850945,8192,6022798,1219963,123930827780,231419240343
16859137,8192,6031084,1161119,123958338109,246551675534
16867329,8192,6039371,1171240,124129112556,241142284104
16875521,8192,6047642,1267203,123879852147,238638519615
16883713,8192,6055930,1262897,123950930417,238434707875
16891905,8192,6064228,1232554,123924166484,231153111377
16900097,8192,6072508,1261532,123799373290,232239332937
16908289,8192,6080793,1204241,123697797710,244468012822
16916481,8192,6089077,1166469,123872500417,275537708072
16924673,8192,6097362,1313286,123887439402,252174934762
16932865,8192,6105654,1318114,123736211580,245551945239
16941057,8192,6113948,1371249,123781285971,263175310411
16949249,8192,6122230,1324221,123851146021,242215159015
16957441,8192,6130520,1201645,123770774514,266593230017
16965633,8192,6138828,1130553,124115291400,266636091821
16973825,8192,6147196,1206396,123973096845,253457292135
16982017,8192,6155571,1296153,123799597728,245099588874
16990209,8192,6163998,1245876,123829143218,247881884203
16998401,8192,6172357,1236370,123949207012,259376307699
17006593,8192,6180713,1095386,124186445686,256158414835
17014785,8192,6189078,1097696,124373036821,283285441960
17022977,8192,6197431,1184850,124038711706,257217616855
17031169,8192,6205770,1232776,123930837647,255025654818
17039361,8192,6214644,1316623,123920763300,257321946717
17047553,8192,6223141,1373527,123682150949,245745574811
17055745,8192,6231549,1236837,124174335358,248754423943
17063937,8192,6239930,1008710,124612817560,242075099867
17072129,8192,6248275,1183210,123779206831,221324658103
17080321,8192,6256608,1260658,123645465790,215677190746
17088513,8192,6264965,1260278,123647922745,204433079654
17096705,8192,6273315,1195518,123606718765,218596779924
17104897,8192,6281580,1014510,124351735830,225936343098
17113089,8192,6289852,998796,124202567206,221079994201
17121281,8192,6298121,1079273,124077209846,216707005028
17129473,8192,6306398,1108894,124161798539,230050300420
17137665,8192,6314693,1094899,124246637405,232513749977
17145857,8192,6322984,1150300,124075434998,228382739200
17154049,8192,6331276,1053151,124293347868,228955359458
17162241,8192,6339552,1116778,123894911874,221979935346
17170433,8192,6347847,1259515,123549394465,218508911607
17178625,8192,6356141,1302281,123514410067,210261442577
17186817,8192,6364447,1268222,123677502767,211931123454
17195009,8192,6372722,1334072,123586995334,200254401134
17203201,8192,6381005,1375665,123325720760,189345261616
17211393,8192,6389309,1269359,123489821555,196066611525
17219585,8192,6397595,1316145,123397475306,202365892022
17227777,8192,6405886,1281602,123525891650,208454349945
17235969,8192,6414187,1256380,123586573657,218262999662
17244161,8192,6422571,1265659,123572520849,213852426905
17252353,8192,6431060,1227759,123671374561,232898097456
17260545,8192,6439423,1143861,123975679931,266623238458
17268737,8192,6447756,1247976,123689972357,245658147659
17276929,8192,6456078,1225854,123699524669,242130557374
17285121,8192,6464411,1200074,123686298402,278001937294
17293313,8192,6472712,1235586,123611194696,239891189121
17301505,8192,6481018,1244725,123809963167,243920695810
17309697,8192,6489326,1176759,123949583273,261279192848
17317889,8192,6497627,1224036,123535394964,250196828297
17326081,8192,6505936,1271485,123566158009,227514095175
17334273,8192,6514227,1213764,123611052485,246491183693
17342465,8192,6522521,1220033,123559546994,240893850349
17350657,8192,6530810,1190892,123706210400,270807831991
17358849,8192,6539086,1097182,123977816887,262623600864
17367041,8192,6547367,1232605,123526861260,237525719067
17375233,8192,6555668,1355447,123551402440,229009367230
17383425,8192,6563975,1256364,123670066137,246628965678
17391617,8192,6572280,1227341,123601410945,239391871994
17399809,8192,6580587,1246478,123797697040,258924549324
17408001,8192,6588914,1123000,124044778310,271946904297
17416193,8192,6597245,1269906,123743510946,271087052806
17424385,8192,6605563,1290349,123571782475,262511752109
17432577,8192,6613884,1215614,123977234268,261320725592
17440769,8192,6622203,1142107,124116885794,246524757047
17448961,8192,6630518,1318220,123834754157,273133523969
17457153,8192,6638828,1371127,124366947124,276496873157
17465345,8192,6647132,1139240,124284630535,296859879162
17473537,8192,6655432,1118499,124036532288,272778276507
17481729,8192,6663738,1167236,123974272274,263002672340
17489921,8192,6672036,1269205,123713974467,269211417709
17498113,8192,6680314,1278229,123781928256,267455263029
17506305,8192,6688575,1097821,124418769032,269450289223
17514497,8192,6696852,1200669,124340518916,266233206743
17522689,8192,6705139,1244132,123969649458,245308256353
17530881,8192,6713412,1254698,123801937893,278434507471
17539073,8192,6721698,1202255,123775890332,254115576401
17547265,8192,6729991,1183886,124107681984,263865350387
17555457,8192,6738288,1142197,124416112644,278151954651
17563649,8192,6746591,1094662,124391082754,285383529481
17571841,8192,6754910,1243595,124011718560,277306208440
17580033,8192,6763173,1246138,123656872333,261257442970
17588225,8192,6771437,1220773,123600570876,254872068609
17596417,8192,6779714,1285195,123589648360,244876998104
17604609,8192,6788002,1127444,123962367108,274408379122
17612801,8192,6796294,1108831,124051288689,280457863969
17620993,8192,6804576,1218492,123776521297,284390024045
17629185,8192,6812859,894478,125317003080,202174876148
17637377,8192,6821141,1009584,124520012251,204973334833
17645569,8192,6829423,1188604,123540108721,259352161934
17653761,8192,6837721,1145572,123736105560,268658522821
17661953,8192,6846009,1121758,123823005628,275655081967
17670145,8192,6854313,1256352,123679748158,277540971768
17678337,8192,6862607,1224990,123816739190,285024619372
17686529,8192,6870912,1264714,123654678978,259351788312
17694721,8192,6879202,1287665,123408708438,293515186930
17702913,8192,6887554,1098212,123991774872,287797020901
17711105,8192,6895845,1108258,123788035887,305613041806
17719297,8192,6904113,1232852,123693345817,287862944470
17727489,8192,6912402,1335960,123472687664,251114743286
17735681,8192,6920655,1213157,123578980328,274639058581
17743873,8192,6928910,1277573,123594496185,270233421877
17752065,8192,6937162,1154856,123439317921,268552450522
17760257,8192,6945412,1122970,123725286457,307336518893
17768449,8192,6953662,1166718,123587905718,302851396409
17776641,8192,6961925,1169406,123654616772,328043071818
17784833,8192,6970175,1152283,123604124435,345825389851
17793025,8192,6978424,1170610,123601748165,277971181836
17801217,8192,6986678,1130078,123548526906,325431332803
17809409,8192,6994934,1130415,123727490035,422426987757
17817601,8192,7003174,1191194,123693477330,329205930860
17825793,8192,7011410,1219535,123557826561,314686428617
17833985,8192,7019652,1204918,123575373732,298434400265
17842177,8192,7027902,1236320,123689649053,292165647206
17850369,8192,7036151,1265346,123558675615,292253740707
17858561,8192,7044407,1157496,123929573197,318064009802
17866753,8192,7052664,1183951,123658814084,287836922033
17874945,8192,7060922,1278407,123642908245,284687991169
17883137,8192,7069180,1199199,123569105452,277550608449
17891329,8192,7077424,1204048,123571644886,280175895930
17899521,8192,7085686,1149470,123705192123,278965248104
17907713,8192,7093924,1069430,123938547216,289734478586
17915905,8192,7102175,1145941,123688977805,291078247037
17924097,8192,7110423,1199646,123514505273,251988946753
17932289,8192,7118675,1221132,123514220373,276148711002
17940481,8192,7126933,1231073,123559394968,264405108467
17948673,8192,7135190,1248894,123623668837,289899155190
17956865,8192,7143454,1099647,123889088349,289892898537
17965057,8192,7151711,1157411,123638299505,289948049444
17973249,8192,7159953,1181639,123578092102,280197677076
17981441,8192,7168195,1188780,123426270631,278240208560
17989633,8192,7176448,1200236,123591117988,276813399719
17997825,8192,7184717,1177795,123566501958,281428580531
18006017,8192,7192955,1067515,123979983927,316891584327
18014209,8192,7201216,1110139,123876347374,293023077651
18022401,8192,7209486,1173383,123559378879,272804321565
18030593,8192,7217747,1177056,123507968462,291406395714
18038785,8192,7226002,1151703,123568189717,288209311665
18046977,8192,7234267,1129441,123895897097,303062635063
18055169,8192,7242532,1212054,124049690052,305316246887
18063361,8192,7250786,1140613,123712356534,303434790857
18071553,8192,7259026,1107207,123998293126,298867388408
18079745,8192,7267303,1229221,123576941238,302674302032
18087937,8192,7275548,1158819,123656399105,295920190055
18096129,8192,7283810,1140087,123714074502,298354880297
18104321,8192,7292076,1035592,124064972672,310807811043
18112513,8192,7300337,1068455,124125573099,308714380322
18120705,8192,7308598,1231558,123782706356,323056742669
18128897,8192,7316868,1804705,123807268147,323559121606
18137089,8192,7325152,1220780,123755928993,276412826718
18145281,8192,7333463,1167260,123474759659,298853024008
18153473,8192,7341807,1040843,124077823347,313278757149
18161665,8192,7350157,1045352,124076331700,315360988037
18169857,8192,7358440,1155698,123804646559,314114274152
18178049,8192,7366694,1168029,123738642967,298546542032
18186241,8192,7374947,1287030,123844935174,305456318487
18194433,8192,7383221,1126547,123712845708,310707282366
18202625,8192,7391475,987425,124535109821,320775581892
18210817,8192,7399742,1012301,124231635810,320371364845
18219009,8192,7407987,1160175,123996504845,299140282820
18227201,8192,7416247,1234696,123502477845,303528389317
18235393,8192,7424510,1192308,123850914107,296766346553
18243585,8192,7432769,1181081,123639714052,311114216389
18251777,8192,7441011,1122330,123791286451,319753022476
18259969,8192,7449248,1057141,124005826008,318316056536
18268161,8192,7457480,1149776,123780189861,299402599861
18276353,8192,7465732,1138922,123825049322,309931242250
18284545,8192,7473976,1116748,123912936549,312239711290
18292737,8192,7482227,1127798,124011657362,329374728047
18300929,8192,7490473,1167190,123832281793,346120972468
18309121,8192,7498722,1053420,124124411697,346376007086
18317313,8192,7506978,1133163,123892826376,346389918096
18325505,8192,7515227,1132535,123963669651,379709931352
18333697,8192,7523497,1174914,123807898511,351083687367
18341889,8192,7531758,1150732,124008898402,309842852106
18350081,8192,7540010,1095754,124066570254,327441857934
18358273,8192,7548250,1031926,124293311968,320176170443
18366465,8192,7556485,1169850,123796488548,300246929666
18374657,8192,7564737,1137885,123763453499,307264597186
18382849,8192,7572992,1137153,123739979971,307336413329
18391041,8192,7581241,1196116,123696138160,284014661752
18399233,8192,7589493,1188419,123748760146,316335212553
18407425,8192,7597744,1130750,123806830257,305140410895
18415617,8192,7606005,1203397,123713240856,312506918490
18423809,8192,7614258,1257068,123661939920,281248078893
18432001,8192,7622531,1252621,123647146166,268515952043
18440193,8192,7630780,1205858,123608104486,290111790277
18448385,8192,7639025,1171536,123606480487,294895425308
18456577,8192,7647282,1184335,123687962207,299147400447
18464769,8192,7655550,1227707,123656285174,306418805442
18472961,8192,7663813,1284738,123601764262,292647754805
18481153,8192,7672060,1256303,123642445478,285928294792
18489345,8192,7680331,1195079,123543052072,282031711905
18497537,8192,7688594,1238864,123729824111,296699035650
18505729,8192,7696861,1182352,123593591406,306930998156
18513921,8192,7705129,1233586,123621916055,300947523901
18522113,8192,7713386,1230026,123625792489,287377772125
18530305,8192,7721624,1223627,123553925647,295209635137
18538497,8192,7729874,1290154,123671245630,276770146538
18546689,8192,7738125,1276381,123699036245,304521384011
18554881,8192,7746382,1246012,123733776212,338882741863
18563073,8192,7754631,1246486,123634151269,309427882572
18571265,8192,7762868,1219353,123672327030,291040169707
18579457,8192,7771127,1233808,123544543122,303524096014
18587649,8192,7779363,1254190,123650030852,297457191473
18595841,8192,7787617,1244508,123614833950,294734763542
18604033,8192,7795903,1259904,123713505259,324132826432
18612225,8192,7804160,1216570,123810115467,327668552296
18620417,8192,7812425,1282421,123680636979,289969097706
18628609,8192,7820683,1290295,123762052048,288712692686
18636801,8192,7828925,1329761,123624356896,318510596284
18644993,8192,7837197,1229232,123673332562,341070560262
18653185,8192,7845459,1124831,123722979147,354273471055
18661377,8192,7853721,1141839,123760941969,358909184243
18669569,8192,7861982,1276577,123643292573,304675258017
18677761,8192,7870232,1348989,123665435619,299497184553
18685953,8192,7878487,1292258,123614723053,284656212226
18694145,8192,7886739,1280894,123635445331,263729240463
18702337,8192,7894977,1370284,123674712258,319658939851
18710529,8192,7903249,1196262,123768009361,369118816686
18718721,8192,7911506,1315408,123701070991,295797107325
18726913,8192,7919763,1376836,123723517082,372567344637
18735105,8192,7928038,1294708,123852643029,355990534208
18743297,8192,7936310,1380152,123592761710,325574419419
18751489,8192,7944586,1294239,123792768243,408842687226
18759681,8192,7952835,1286704,123765852488,336436511347
18767873,8192,7961090,1233835,123872769832,387036930713
18776065,8192,7969343,1205041,123986510127,484577808684
18784257,8192,7977613,1310812,123933188174,448059953311
18792449,8192,7985880,1371731,123735994772,320148670705
18800641,8192,7994181,1231492,123976611447,313000928032
18808833,8192,8002461,1239882,123867437997,499033274452
18817025,8192,8010724,1294709,123735714868,354102098726
18825217,8192,8019018,1333260,123846313048,341743097262
18833409,8192,8027303,1475343,123747332848,334628592380
18841601,8192,8035559,1384494,123689349896,299604187473
18849793,8192,8043832,1323590,123619746748,324289579422
18857985,8192,8052126,1314599,123671843490,331153350844
18866177,8192,8060419,1273194,123657643737,320928680394
18874369,8192,8068684,1277332,123711691345,339643281336
18882561,8192,8076974,1321935,123658427466,312108521454
18890753,8192,8085252,1332345,123535674414,297834272651
18898945,8192,8093563,1248370,123739831742,323685561307
18907137,8192,8101832,1253229,123728100060,343289017586
18915329,8192,8110114,1266595,123781071763,353689319620
18923521,8192,8118398,1288376,123635147516,306032238864
18931713,8192,8126667,1252811,123705837334,291850241459
18939905,8192,8134951,1264747,123685039020,322179577380
18948097,8192,8143260,1204967,123815134928,420469137928
18956289,8192,8151644,1161537,124211789248,552416708579
18964481,8192,8159956,1256820,123969766721,446150403711
18972673,8192,8168234,1252926,123728441436,317503841356
18980865,8192,8176488,1415393,123858693129,272914996379
18989057,8192,8184767,1378115,123669387522,313665037167
18997249,8192,8193014,1385398,123764285378,313520400688
19005441,8192,8201259,2044815,123824739294,271845364858
19013633,8192,8209499,1454448,123669961183,300316752166
19021825,8192,8217728,1418905,123653695356,261673164149
19030017,8192,8225983,1368129,123782896509,269995377828
19038209,8192,8234228,1371339,123663808593,281106847492
19046401,8192,8242460,1304989,123701427919,304453055971
19054593,8192,8250694,1231354,123767425903,328349068507
19062785,8192,8259059,1276243,123815788056,355847141808
19070977,8192,8267362,1259116,123826364821,322549792738
19079169,8192,8275635,1244576,123691753909,324710986693
19087361,8192,8283896,1333438,123832840822,295561717407
19095553,8192,8292156,1339566,123691549401,310818344967
19103745,8192,8300438,1321099,123849518114,323428368434
19111937,8192,8308689,1260937,123793147462,338830162001
19120129,8192,8316948,1359851,123815115800,293334491493
19128321,8192,8325217,1314760,123666197796,289168141201
19136513,8192,8333493,1305248,123946920476,272913187700
19144705,8192,8341773,1266103,124104017949,291419407999
19152897,8192,8350064,1198093,124118652749,323917450237
19161089,8192,8358344,1230459,124206694754,317673275458
19169281,8192,8366622,1242437,124122790289,285098884911
19177473,8192,8374907,1340729,123989599941,261885938642
19185665,8192,8383182,1236760,123969611623,234098499184
19193857,8192,8391454,1222610,123806886071,215608077028
19202049,8192,8399735,1165655,124131985407,254831260368
19210241,8192,8408023,1140966,124274057934,288862659547
19218433,8192,8416275,1181096,124295618123,289545874954
19226625,8192,8424566,1297683,124266922414,276494378958
19234817,8192,8432837,1319023,124094997030,278704333495
19243009,8192,8441120,1360327,123910732432,266396869572
19251201,8192,8449406,1252019,124116392865,312550210440
19259393,8192,8457720,1260334,124142787832,301108327460
19267585,8192,8465991,1316043,124053267886,291268959020
19275777,8192,8474282,1309169,124018708984,280897039764
19283969,8192,8482572,1275841,124069272958,273354463119
19292161,8192,8490824,1305573,124069543469,256116226225
19300353,8192,8499067,1256213,124228260168,310915697839
19308545,8192,8507317,1263227,124254644406,322709221228
19316737,8192,8515576,1372672,124139191434,293477335008
19324929,8192,8523827,1383445,124230321106,288851770441
19333121,8192,8532090,1428299,124072932148,284773887506
19341313,8192,8540334,1378236,124230760063,273677065726
19349505,8192,8548571,1403329,124273109664,273272136494
19357697,8192,8556815,1360346,124388928610,295564064026
19365889,8192,8565049,1451538,124212199926,258803160802
19374081,8192,8573279,1456308,124187628104,257788182613
19382273,8192,8581515,1390404,124001805374,252761902637
19390465,8192,8589756,1406332,124183216259,261278025142
19398657,8192,8598061,1376343,124298522851,268906224496
19406849,8192,8606304,1323253,124203729016,274597352858
19415041,8192,8614553,1409825,124184434083,261495341062
19423233,8192,8622797,1407012,124190932397,263200774961
19431425,8192,8631094,1479016,124444652304,276108495869
19439617,8192,8639405,1494194,124598689249,292355113655
19447809,8192,8647696,1525689,124654060201,312651517216
19456001,8192,8655991,1400235,124746985771,327399878089
19464193,8192,8664284,1463073,124708696824,311832560271
19472385,8192,8672573,1567587,124492865502,277665359223
19480577,8192,8680848,1569982,124675941826,284109849344
19488769,8192,8689133,1519310,124642372180,296662586375
19496961,8192,8697400,1532953,124562923150,303061329286
19505153,8192,8705700,1441553,124706105566,322753131780
19513345,8192,8714026,1431476,124579418319,305856970476
19521537,8192,8722316,1534603,124318946052,308687100231
19529729,8192,8730829,1504678,124337950932,296103102376
19537921,8192,8739185,1496091,124380640734,290659081071
19546113,8192,8747474,1471940,124404502871,294933227315
19554305,8192,8755777,1421459,124410898435,310071644673
19562497,8192,8764071,1449555,124385162902,296973065494
19570689,8192,8772348,1436175,124282074762,270406692980
19578881,8192,8780597,1384474,124120403426,268506039882
19587073,8192,8788850,1423744,124233175249,271853921701
19595265,8192,8797112,1411530,124285329601,280634271350
19603457,8192,8805376,1362120,124482829897,306588025827
19611649,8192,8813644,1366587,124396688881,290967344625
19619841,8192,8821912,1431304,124303363675,254969042278
19628033,8192,8830158,1382837,124278179872,281800838041
19636225,8192,8838416,1386317,124267212875,285687361754
19644417,8192,8846685,1477932,124283847315,280707056724
19652609,8192,8854969,1327150,124512018946,287126010554
19660801,8192,8863231,1333121,124620238398,303678985338
19668993,8192,8871496,1361699,124457738133,292577429476
19677185,8192,8879742,1402400,124720060656,267823915314
19685377,8192,8887996,1426421,124385138939,282431840680
19693569,8192,8896260,1349485,124526186496,282167569741
19701761,8192,8904509,1300798,124683267469,308420880248
19709953,8192,8912750,1312484,124522623013,294163706960
19718145,8192,8920990,1367280,124234964352,281034562572
19726337,8192,8929255,1367565,124243473683,264702887617
19734529,8192,8937499,1360530,124198160597,267596483508
19742721,8192,8945763,1355984,124540036759,295852053752
19750913,8192,8954019,1252870,124821955842,302101791995
19759105,8192,8962263,1317146,124580362846,295168009383
19767297,8192,8970503,1425710,124319133475,273075505938
19775489,8192,8978751,1426943,124406846992,271999943621
19783681,8192,8986991,1408096,124487406122,279317326822
19791873,8192,8995239,1375954,124221565854,295935755846
19800065,8192,9003484,1328449,124456618248,309203700660
19808257,8192,9011734,1308968,124536261314,281441632836
19816449,8192,9019990,1361273,124451868445,288399877513
19824641,8192,9028233,1386800,124442024416,293428476272
19832833,8192,9036486,1311633,124472221441,291860608327
19841025,8192,9044737,1321663,124723548990,313129902511
19849217,8192,9052980,1296587,124201124261,269605920815
19857409,8192,9061230,1211690,124816889058,287365171326
19865601,8192,9069473,1341044,124415440188,278179974373
19873793,8192,9077747,1364059,124478097811,291043650305
19881985,8192,9085984,1370389,124290076590,279494622333
19890177,8192,9094228,1315726,124427228697,284400568039
19898369,8192,9102490,1250201,124502760559,302216428590
19906561,8192,9110734,1226278,124794745557,286480546300
19914753,8192,9118990,1262021,124642676514,279323425425
19922945,8192,9127236,1373100,124069895033,276505975257
19931137,8192,9135486,1343031,124229005523,283347441826
19939329,8192,9143725,1329349,124204790713,276955526554
19947521,8192,9151974,1333083,124392561546,300738714399
19955713,8192,9160210,1314942,124423623184,296202677320
19963905,8192,9168454,1333019,124345711165,267396800004
19972097,8192,9176695,1257352,124232825992,277224593443
19980289,8192,9184953,1323568,124094474908,269324252993
19988481,8192,9193196,1326751,124163998517,264247359043
19996673,8192,9201443,1336252,123996321353,279729976969
20004865,8192,9209675,1240854,124226710247,271805433031
20013057,8192,9217912,1304799,123931172877,261052931926
20021249,8192,9226144,1330787,123950597201,272301754133
20029441,8192,9234372,1338896,123821130868,255051287581
20037633,8192,9242611,1317090,123654099640,258897558683
20045825,8192,9250848,1347082,123953641816,270231438996
20054017,8192,9259089,1325267,123876567291,290197064742
20062209,8192,9267322,1318717,124055393101,274424932400
20070401,8192,9275563,1366227,123762444016,260931397599
20078593,8192,9283801,1384871,123911184108,262205350573
20086785,8192,9292062,1406126,123940016782,258177922148
20094977,8192,9300302,1339685,124015415943,271494996597
20103169,8192,9308551,1301714,124029391097,289326508851
20111361,8192,9316795,1273066,124087816974,288412709725
20119553,8192,9325059,1341785,124092854149,279792409420
20127745,8192,9333311,1300304,124171257384,274085241100
20135937,8192,9341560,1312828,123895576655,259894765547
20144129,8192,9349801,1478597,124131653209,298299049215
20152321,8192,9358049,1401974,124342040084,322754790292
20160513,8192,9366304,1278720,124374744387,302635576056
20168705,8192,9374550,1346678,123936121923,285452990798
20176897,8192,9382778,1424523,124108232349,290932503440
20185089,8192,9391015,1377219,123885049400,275104629141
20193281,8192,9399251,1336187,123788574103,281172137562
20201473,8192,9407494,1298463,124269759102,314567000368
20209665,8192,9415724,1286626,124087576326,305472906970
20217857,8192,9423960,1317852,123942254668,289251164130
20226049,8192,9432209,1299917,124147683853,281297355580
20234241,8192,9440439,1360846,123774875427,256595151605
20242433,8192,9448678,1459730,123854928977,264306842127
20250625,8192,9456910,1312416,124076624635,306021687122
20258817,8192,9465146,1171595,124427662111,309218567337
20267009,8192,9473399,1317129,124097688366,298386584320
20275201,8192,9481639,1334263,123937658483,279920611447
20283393,8192,9489868,1363375,124067024594,269999953914
20291585,8192,9498106,1363384,123869625532,292853168551
20299777,8192,9506347,1316781,124039812722,306827410218
20307969,8192,9514581,1244265,123989778309,289678787194
20316161,8192,9522818,1314009,123995263661,290976298669
20324353,8192,9531037,1360451,123857218332,259791162072
20332545,8192,9539273,1365918,123758625145,244851483076
20340737,8192,9547499,1315447,123780556120,247671280915
20348929,8192,9555732,1291597,124045417961,286905208485
20357121,8192,9563959,1279773,124504091119,287439482060
20365313,8192,9572201,1312646,123669140229,250022160259
20373505,8192,9580431,1311170,124039182811,269349689706
20381697,8192,9588664,1276710,124097202607,274060814971
20389889,8192,9596900,1309255,123990059477,269031148614
20398081,8192,9605136,1256225,124206051024,270270780431
20406273,8192,9613370,1215683,124065312931,252628036893
20414465,8192,9621591,1244275,124192634311,266630478933
20422657,8192,9629846,1320255,123998089347,247674827008
20430849,8192,9638079,1321247,123888932332,237193610956
20439041,8192,9646308,1265381,123823513533,241239038882
20447233,8192,9654555,1276821,123996852027,253414546830
20455425,8192,9662773,1197252,124532117855,283282923596
20463617,8192,9670997,1257479,124388614409,262693202173
20471809,8192,9679232,1285411,123650110177,268403568632
20480001,8192,9687458,1297199,123749972625,260536912741
20488193,8192,9695679,1243615,123883712183,255253584402
20496385,8192,9703905,1269253,124047419113,262115197935
20504577,8192,9712142,1135247,124465862938,276045118801
20512769,8192,9720378,1161611,124184136025,257644591460
20520961,8192,9728604,1245300,124007077488,254299830988
20529153,8192,9736836,1421269,123962849137,264777746485
20537345,8192,9745081,1439333,123669332793,259092676039
20545537,8192,9753315,1253608,124231633533,274526283571
20553729,8192,9761549,1145025,124604070901,278476766111
20561921,8192,9769782,1166959,124453507182,269731458668
20570113,8192,9778022,1229301,123923336719,259482634420
20578305,8192,9786257,1215782,124508837186,266230430729
20586497,8192,9794502,1269527,124050642770,259598040610
20594689,8192,9802745,1292003,124332499053,261796182751
20602881,8192,9810996,1228322,124543532771,269684621863
20611073,8192,9819237,1097645,124814044268,258102760667
20619265,8192,9827482,1324919,124291925023,251450775553
20627457,8192,9835711,1316468,124306662368,254636730588
20635649,8192,9843959,1323405,124238897976,256400903544
20643841,8192,9852200,1312577,124110240029,257229610973
20652033,8192,9860438,1167898,124654545575,264192455578
20660225,8192,9868668,1172966,124818915829,268801825635
20668417,8192,9876900,1236978,124229513827,240955960705
20676609,8192,9885128,1278425,124191509641,253264349655
20684801,8192,9893357,1277423,124164220953,232568813543
20692993,8192,9901590,1299309,124222150078,242996939975
20701185,8192,9909808,1280639,124039124147,256958687742
20709377,8192,9918046,1237605,124150614349,268246111663
20717569,8192,9926276,1319388,123967676483,242958190111
20725761,8192,9934518,1333524,123906422105,249474504474
20733953,8192,9942757,1342890,124072186073,250534643688
20742145,8192,9950994,1335924,123999386424,252283706381
20750337,8192,9959240,1282264,124044134635,258394778145
20758529,8192,9967460,1252221,124075251218,265238329024
20766721,8192,9975702,1248961,124010223875,243031881922
20774913,8192,9983955,1296280,123959551616,240081535893
20783105,8192,9992198,1295855,123861766459,229264324037
20791297,8192,10000436,1357061,123655847951,238497481750
20799489,8192,10008679,1286683,123903565050,228347432599
20807681,8192,10016909,1225709,123683481511,246559345147
20815873,8192,10025141,1281184,123701645397,236043758393
20824065,8192,10033363,1306171,123674520523,230295148897
20832257,8192,10041601,1300593,123697978959,231911475672
20840449,8192,10049823,1322193,123742084041,236871825014
20848641,8192,10058046,1339278,123881511204,269495805843
20856833,8192,10066279,1280156,124044652168,261948164140
20865025,8192,10074499,1341045,123939717225,263533242461
20873217,8192,10082726,1449149,123875874183,238950454538
20881409,8192,10090947,1318637,123828156277,247641972864
20889601,8192,10099176,1310004,124079212741,244050039155
20897793,8192,10107391,1287441,124064006649,235039227560
20905985,8192,10115611,1238107,123942336536,246449051558
20914177,8192,10123834,1270972,123967807271,240655308693
20922369,8192,10132052,1338406,123619826798,231246468668
20930561,8192,10140274,1350373,123791381394,231376818901
20938753,8192,10148494,1314243,123637017493,243085456292
20946945,8192,10156745,1392627,123714739565,231015252118
20955137,8192,10165009,1283356,123904730600,257313763441
20963329,8192,10173259,1250992,123804630771,245234273885
20971521,8192,10181499,1396954,123899780038,236552895869
20979713,8192,10189737,1351704,123744674033,250298553009
20987905,8192,10197972,1408688,123937607291,240012860895
20996097,8192,10206206,1502921,123906819311,228243863952
21004289,8192,10214429,1419302,123927641555,257668696488
21005282,993,10223616,159274,15045217504,33700664307
