block_number,blocks,slot,txs,gas,time
8193,8192,1,0,0,237155757
16385,8192,1,0,0,231863602
24577,8192,1,0,0,225851744
32769,8192,1,0,0,230437583
40961,8192,1,0,0,228344696
49153,8192,1,1514,33070964,295974934
57345,8192,1,3916,407821091,423876092
65537,8192,1,2676,90041948,345947466
73729,8192,1,5821,197747509,418432689
81921,8192,1,4204,131282630,388064072
90113,8192,1,4589,112269814,385764458
98305,8192,1,3327,84662425,349850889
106497,8192,1,4168,105498119,368729438
114689,8192,1,4247,119199457,365411949
122881,8192,1,6054,163953975,413798982
131073,8192,1,5852,147449076,367904673
139265,8192,1,6678,168428364,388419090
147457,8192,1,7805,190561977,425348364
155649,8192,1,8675,220080834,443114068
163841,8192,1,7255,175016877,421013200
172033,8192,1,10115,242307512,481731558
180225,8192,1,12029,319429322,532593904
188417,8192,1,10493,307941046,499454155
196609,8192,1,8488,226000959,472391923
204801,8192,1,9431,284499928,484949116
212993,8192,1,9432,269025812,486153606
221185,8192,1,9745,253020191,483294728
229377,8192,1,9473,303239797,490558006
237569,8192,1,9752,287334366,509468475
245761,8192,1,9175,237099979,511531871
253953,8192,1,9225,299876210,526441526
262145,8192,1,8500,237942979,504306432
270337,8192,1,11073,360421503,543120920
278529,8192,1,11244,333906121,552389753
286721,8192,1,9944,288230259,516811224
294913,8192,1,9552,272964709,503371305
303105,8192,1,10564,278617464,503362857
311297,8192,1,9852,289668902,512158037
319489,8192,1,10772,285019105,525189395
327681,8192,1,9264,263512681,513144569
335873,8192,1,10710,300329465,586659657
344065,8192,1,10447,340557247,554034802
352257,8192,1,11871,367785281,590899834
360449,8192,1,11031,301110840,568188833
368641,8192,1,10176,272300629,537117723
376833,8192,1,10299,327273585,572655584
385025,8192,1,11650,328391280,574652719
393217,8192,1,10917,668394420,603504688
401409,8192,1,10512,371168499,575582053
409601,8192,1,11329,399996130,574750939
417793,8192,1,9682,299513459,538315663
425985,8192,1,10211,378463309,587270163
434177,8192,1,10123,371765259,598111375
442369,8192,1,10202,298321714,536158359
450561,8192,1,10252,488330843,842348981
458753,8192,1,11670,315763779,610543749
466945,8192,1,12392,405644045,617252123
475137,8192,1,11262,434129872,712133520
483329,8192,1,11885,436485530,830792763
491521,8192,1,11396,324292141,674803260
499713,8192,1,11390,316107054,580054693
507905,8192,1,19834,986537643,939219976
516097,8192,1,14518,537099270,705560726
524289,8192,1,14364,563247320,793296174
532481,8192,1,15028,641704064,832372991
540673,8192,1,11625,533545978,788364319
548865,8192,1,12334,352563908,604915159
557057,8192,1,11579,286224762,575018967
565249,8192,1,12543,387072166,629870955
573441,8192,1,11762,377902837,642209598
581633,8192,1,11889,329240266,610113712
589825,8192,1,12402,356748509,627272383
598017,8192,1,11554,361660592,610563679
606209,8192,1,11466,286807225,575054667
614401,8192,1,11355,383668685,814836374
622593,8192,1,12943,487254257,635374586
630785,8192,1,10960,369935232,574538361
638977,8192,1,10609,304527314,556094699
647169,8192,1,11891,400916707,596003491
655361,8192,1,13364,422684376,613227541
663553,8192,1,11233,291970815,586866925
671745,8192,1,11307,306322589,589247117
679937,8192,1,13718,480255087,730383724
688129,8192,1,12101,533373764,723815759
696321,8192,1,24697,2437912230,2394088362
704513,8192,1,24278,1882935448,1697031908
712705,8192,1,15914,1053536841,1233903939
720897,8192,1,14854,884970772,1115097399
729089,8192,1,18033,1103406409,1224153177
737281,8192,1,39634,2413080461,2425028587
745473,8192,1,20252,1205744179,1434369251
753665,8192,1,16649,914386676,1269590659
761857,8192,1,29450,1702093462,1941952609
770049,8192,1,19926,1149090055,1560015824
778241,8192,1,27585,1546147829,1774608656
786433,8192,1,13804,512905120,938276171
794625,8192,1,14238,555275432,1010407819
802817,8192,1,20936,1074374824,1415618851
811009,8192,1,33100,2274628469,2236071036
819201,8192,1,21058,1074857191,1423313858
827393,8192,1,17945,1068696871,1321271739
835585,8192,1,16965,691346951,1133983357
843777,8192,1,24779,1318609001,1563844816
851969,8192,1,17337,797507253,1183096424
860161,8192,1,16221,653054698,852437311
868353,8192,1,17414,667767224,830116158
876545,8192,1,20874,997212648,981728929
884737,8192,1,18556,602924448,861562897
892929,8192,1,20188,746509191,948531831
901121,8192,1,20728,705763650,906555364
909313,8192,1,28858,1212230895,1221404626
917505,8192,1,29450,1450050635,1406317226
925697,8192,1,25856,1070129090,1241889783
933889,8192,1,23756,919949479,1081677602
942081,8192,1,24390,780757258,981239192
950273,8192,1,22318,724737535,944727467
958465,8192,1,23856,823943680,991615890
966657,8192,1,39968,1787855655,1599704457
974849,8192,1,24875,783309904,995093126
983041,8192,1,25559,758151178,1020506808
991233,8192,1,32769,996332438,1107681270
999425,8192,1,29253,955506690,1123362680
1007617,8192,1,28779,874607232,1050023593
1015809,8192,1,28640,944195150,1095308596
1024001,8192,1,30592,1077029621,1200549102
1032193,8192,1,30567,1025667741,1131498295
1040385,8192,1,26761,784549571,1034921737
1048577,8192,1,28815,1876343804,1147023886
1056769,8192,1,31628,1248873846,1101094696
1064961,8192,1,32758,1302389229,1229935037
1073153,8192,1,30961,857488355,1042336936
1081345,8192,1,33502,949562723,1116913145
1089537,8192,1,37121,995463452,1198336858
1097729,8192,1,40115,1081576458,1221282587
1105921,8192,1,42800,1253697553,1308526819
1114113,8192,1,41667,1235498720,1256236083
1122305,8192,1,38878,1141426898,1205503679
1130497,8192,1,41538,1202802604,1180649830
1138689,8192,1,39904,1101644111,1168694834
1146881,8192,1,44221,1340457745,1237289696
1155073,8192,1,43528,1383496645,1277233947
1163265,8192,1,38152,1246718060,1194617063
1171457,8192,1,44944,1374923499,1315564720
1179649,8192,1,46242,1574630437,1378883597
1187841,8192,1,44523,1522997076,1314948574
1196033,8192,1,43594,1529570548,1502223596
1204225,8192,1,41259,1452683779,1309134524
1212417,8192,1,52923,2302777232,1909610734
1220609,8192,1,46705,1563686082,1423283439
1228801,8192,1,46123,1514235577,1547583100
1236993,8192,1,43046,1458453689,1454796897
1245185,8192,1,49499,1658881432,1521174715
1253377,8192,1,46254,1516126264,1268771016
1261569,8192,1,42318,1328121509,1421993697
1269761,8192,1,40021,1078268036,1164587312
1277953,8192,1,46365,1435004546,1468551022
1286145,8192,1,50841,1591258579,1567174783
1294337,8192,1,41499,1271776158,1318948615
1302529,8192,1,47633,1512367159,1568066228
1310721,8192,1,42641,1164414830,1285371110
1318913,8192,1,42610,1137106273,1183430092
1327105,8192,1,45560,1357858661,1394363309
1335297,8192,1,50369,1781939706,1390058850
1343489,8192,1,45221,1209479371,1271146999
1351681,8192,1,44015,1206824098,1308431530
1359873,8192,1,54888,1591716049,1272236491
1368065,8192,1,43396,1184809863,1311955405
1376257,8192,1,48876,1593180641,1502894072
1384449,8192,1,45143,1439543743,1285350020
1392641,8192,1,41341,1118372583,1312831949
1400833,8192,1,45540,1329131424,1351788186
1409025,8192,1,49104,1485363761,1456595855
1417217,8192,1,44023,1225869865,1236307473
1425409,8192,1,49886,1450651632,1483261079
1433601,8192,1,56669,1681771886,1556029221
1441793,8192,1,54635,1947185643,1539904364
1449985,8192,1,56685,1624594158,1473749495
1458177,8192,1,50196,1613347851,1458973469
1466369,8192,1,54893,2240127730,2054166135
1474561,8192,1,52100,1483885342,1443871434
1482753,8192,1,51280,1586965488,1555454755
1490945,8192,1,56855,1674576856,1430591696
1499137,8192,1,52382,1728224502,1483215840
1507329,8192,1,60036,2138598848,1822946689
1515521,8192,1,69268,2441975068,1927976846
1523713,8192,1,56514,1832134302,1754238338
1531905,8192,1,51124,1731842384,1663830389
1540097,8192,1,58754,1911501394,1648937653
1548289,8192,1,61429,1987968261,1643571720
1556481,8192,1,60630,2360467143,1778326141
1564673,8192,1,56981,1819841802,1546961525
1572865,8192,1,56494,1777140576,1545582113
1581057,8192,1,59042,1735378915,1493199760
1589249,8192,1,68973,2172337508,1796474264
1597441,8192,1,64306,2192773982,1792761038
1605633,8192,1,86669,3493104245,2388912423
1613825,8192,1,62112,2154462632,1750049165
1622017,8192,1,60118,1914186297,1604287480
1630209,8192,1,53413,1741132990,1504177308
1638401,8192,1,56756,1633896769,1410719519
1646593,8192,1,50346,1452533160,1449304371
1654785,8192,1,50828,1521883376,1372550125
1662977,8192,1,60376,3061122313,2227906894
1671169,8192,1,55258,1843787387,1599209266
1679361,8192,1,55775,1793288354,1552780000
1687553,8192,1,52281,1793521528,1555016623
1695745,8192,1,55227,1857680146,1564700086
1703937,8192,1,64652,2265573762,1864700306
1712129,8192,1,63355,2060421766,1728463295
1720321,8192,1,65682,5800241515,7674490419
1728513,8192,1,95610,16739007815,41182569107
1736705,8192,1,67917,4743426756,8334958243
1744897,8192,1,62602,3296268924,3834531878
1753089,8192,1,68336,3841591968,3001818942
1761281,8192,1,58130,2076897006,1930321488
1769473,8192,1,57022,2221809906,1625349314
1777665,8192,1,52898,1689289635,1639011138
1785857,8192,1,53856,1708894430,1798344048
1794049,8192,1,56044,1992483551,2137616264
1802241,8192,1,90325,5767597538,2791824025
1810433,8192,1,52758,2499380206,4446187306
1818625,8192,1,55194,1772826158,1869387073
1826817,8192,1,53703,1704827192,1547010570
1835009,8192,1,49822,1916513753,2014963308
1843201,8192,1,53374,1676538934,1546791610
1851393,8192,1,60123,2381439875,3104510886
1859585,8192,1,56426,2865260110,4585474276
1867777,8192,1,50632,1670163364,1893366455
1875969,8192,1,53453,1904646721,1967246121
1884161,8192,1,54655,1840362954,1658630832
1892353,8192,1,54265,1824465369,1550385436
1900545,8192,1,51280,1414646366,1365229196
1908737,8192,1,47043,1388770142,1407638181
1916929,8192,1,63160,1874850406,1611835808
1925121,8192,1,62773,4171399935,7574112489
1933313,8192,1,65738,2266620454,2080901418
1941505,8192,1,62037,2034143904,1739171521
1949697,8192,1,79321,2248553641,1855741898
1957889,8192,1,74738,2527380908,2197770955
1966081,8192,1,75137,2369261794,1905568510
1974273,8192,1,66582,2970283633,2148931946
1982465,8192,1,60335,2173102476,2231292150
1990657,8192,1,63657,1764764048,1542482802
1998849,8192,1,66671,2054100679,1763730069
2007041,8192,1,68240,2035711402,1725600314
2015233,8192,1,60275,1885646786,1545432471
2023425,8192,1,59731,1718762000,1512093263
2031617,8192,1,56298,1666187619,1498344418
2039809,8192,1,56416,2985329528,2219840501
2048001,8192,1,67806,2074138922,1622879931
2056193,8192,1,63577,1903780373,1616666074
2064385,8192,1,55865,1657169845,1500077346
2072577,8192,1,58480,1557471379,1414719642
2080769,8192,1,55331,1599645346,1455653126
2088961,8192,1,64228,1850037001,1626171238
2097153,8192,1,66060,2188998555,1770069385
2105345,8192,1,54235,1660505770,1492292411
2113537,8192,1,56694,1742357705,1480007366
2121729,8192,1,61614,1816239031,1569127286
2129921,8192,1,63451,3861822325,2392502337
2138113,8192,1,69603,2043909844,1598648320
2146305,8192,1,61611,1914481982,1546336084
2154497,8192,1,62524,1658273809,1365086698
2162689,8192,1,61974,1798911967,1511738845
2170881,8192,1,62834,1920681017,1612940600
2179073,8192,1,61629,1818058493,1544342108
2187265,8192,1,76278,2727312503,1958500252
2195457,8192,1,59767,1675377812,1484278646
2203649,8192,1,65371,2614658821,1780563263
2211841,8192,1,62364,2039781213,1515561468
2220033,8192,1,60969,1981999587,1595344603
2228225,8192,1,85854,2814470323,1908908608
2236417,8192,1,55933,1813330669,1488613865
2244609,8192,1,57588,1730634676,1464810283
2252801,8192,1,63320,2021513820,1582861189
2260993,8192,1,65183,2112882377,1774686763
2269185,8192,1,74523,2354744595,1717849179
2277377,8192,1,72172,2714744039,1839118914
2285569,8192,1,50199,1706002470,2654942068
2293761,8192,1,61842,1801256949,6096189267
2301953,8192,1,68639,2034760072,1780928701
2310145,8192,1,66952,2916329686,15706851856
2318337,8192,1,48275,1914011719,11880978095
2326529,8192,1,56968,3010508461,23636319528
2334721,8192,1,60252,3532946594,44290697959
2342913,8192,1,59242,2893073539,20909386650
2351105,8192,1,56520,2437337126,4227264382
2359297,8192,1,53930,2539978338,8762757396
2367489,8192,1,72486,5437092390,36501769114
2375681,8192,1,64351,3955814780,34419604573
2383873,8192,1,72150,4175006287,26172477895
2392065,8192,1,52311,3587030185,49424325451
2400257,8192,1,60755,3380343872,107850453896
2408449,8192,1,54394,3489623288,88105051643
2416641,8192,1,59749,3571481590,53771538964
2424833,8192,1,52901,2140315677,71129399783
2433025,8192,1,41983,2064705182,91125671183
2441217,8192,1,52489,1940457621,36025507772
2449409,8192,1,47032,1416811786,16058546696
2457601,8192,1,50121,1416935937,21521855596
2465793,8192,1,63997,2059194432,18036586922
2473985,8192,1,52613,5415624522,49661863032
2482177,8192,1,77644,2200694454,3360368281
2490369,8192,1,47944,1381582456,1534340809
2498561,8192,1,58110,1704965277,1623533399
2506753,8192,1,68097,2292291281,1968651212
2514945,8192,1,59292,1798672209,1775931441
2523137,8192,1,59793,1784849739,1758803282
2531329,8192,1,57693,1656383700,1711984509
2539521,8192,1,55694,1627913854,1582918001
2547713,8192,1,63237,1907051300,1770256903
2555905,8192,1,61395,1723186230,1763114993
2564097,8192,1,57303,1576168754,1796830062
2572289,8192,1,44899,1243188531,1358644325
2580481,8192,1,50737,1381762673,1456900052
2588673,8192,1,53997,1523970827,1601527978
2596865,8192,1,56755,1868225974,1886399571
2605057,8192,1,54579,1853422028,1653173290
2613249,8192,1,57937,1749156374,1695015409
2621441,8192,1,54830,1654717503,1721722169
2629633,8192,1,59687,1932781220,1739624321
2637825,8192,1,58098,1831832946,1712266297
2646017,8192,1,57577,1732304988,1641756750
2654209,8192,1,56517,1691425491,1489453539
2662401,8192,1,54908,1580644481,1669134815
2670593,8192,1,56589,1781259427,1585417644
2678785,8192,1,85495,2598196853,13636259294
2686977,8192,1,59696,3974729576,68611863200
2695169,8192,1,72462,4113740875,42353640511
2703361,8192,1,55726,4743499117,65546800108
2711553,8192,1,65254,6348291025,87473061941
2719745,8192,1,64427,5199613546,50695117614
2727937,8192,1,50844,1684630038,2155514757
2736129,8192,1,54697,1652133461,1539723440
2744321,8192,1,53051,1748152517,1502261528
2752513,8192,1,55339,1979520745,1647125793
2760705,8192,1,64847,2063457441,1700143113
2768897,8192,1,55277,1804237075,1639808224
2777089,8192,1,56023,1776551857,1625096040
2785281,8192,1,52991,1726269370,1591663579
2793473,8192,1,52624,2213276915,1544968123
2801665,8192,1,55238,1810591298,1661440909
2809857,8192,1,63980,2356415998,1954687404
2818049,8192,1,65743,2448549979,1964930259
2826241,8192,1,54971,1881197690,1560354583
2834433,8192,1,49662,1953789890,1668988496
2842625,8192,1,58392,2038106026,1640846766
2850817,8192,1,64185,2225753659,1795264474
2859009,8192,1,76490,2486660557,2053066759
2867201,8192,1,55683,1760491642,1562295069
2875393,8192,1,50675,1452936266,1423447532
2883585,8192,1,50157,1522394202,1472464001
2891777,8192,1,58225,1860099069,1627004296
2899969,8192,1,60144,2083730262,1687987740
2908161,8192,1,60988,2086757942,1661752267
2916353,8192,1,54302,1714680114,1479436752
2924545,8192,1,50695,1584719153,1525346243
2932737,8192,1,63026,2305221488,1950599043
2940929,8192,1,67480,2204851332,1866795631
2949121,8192,1,61833,1971573134,1799389503
2957313,8192,1,58505,1930260127,1652803642
2965505,8192,1,59699,1937673518,1735727779
2973697,8192,1,63091,2244391292,1759868737
2981889,8192,1,64874,2137001608,1651494660
2990081,8192,1,70738,2397486878,1772281238
2998273,8192,1,58903,1853897373,1554979211
3006465,8192,1,54373,1766782589,1531294680
3014657,8192,1,65027,2294148724,1738985339
3022849,8192,1,60922,2027141448,1704669253
3031041,8192,1,58548,1960456703,1746421001
3039233,8192,1,61315,2005539036,1729554599
3047425,8192,1,62091,2149768492,1756462851
3055617,8192,1,67927,2452616440,1927934781
3063809,8192,1,62018,2292070946,1946731559
3072001,8192,1,63286,2183742248,1920418683
3080193,8192,1,65669,2218082794,1781073319
3088385,8192,1,54874,1846213528,1694341855
3096577,8192,1,63311,2098245747,1783704020
3104769,8192,1,59762,2124435421,1761545985
3112961,8192,1,58897,2178531771,1859560029
3121153,8192,1,58468,1974991763,1687265114
3129345,8192,1,63556,2065813146,1750489963
3137537,8192,1,64128,2220717880,1825152780
3145729,8192,1,70462,2665896127,1974931362
3153921,8192,1,64806,2336669302,1924333856
3162113,8192,1,70074,2730719806,2216738670
3170305,8192,1,60420,2178878613,1833026256
3178497,8192,1,73252,3110141726,2229725959
3186689,8192,1,79081,2976280771,2139933838
3194881,8192,1,71074,2804402262,2049653719
3203073,8192,1,64978,2351345544,1917277787
3211265,8192,1,68556,2464803794,1960130295
3219457,8192,1,66845,2286314550,1849669549
3227649,8192,1,75763,3113040792,2054854823
3235841,8192,1,69688,2984250772,2139207844
3244033,8192,1,68668,2289170959,1859632449
3252225,8192,1,71170,2634879929,2146097335
3260417,8192,1,70604,2482121481,2006097966
3268609,8192,1,79874,2821352557,2222632669
3276801,8192,1,82615,2938903296,2293779925
3284993,8192,1,93464,3013882836,2472948728
3293185,8192,1,81232,2628326517,2149477272
3301377,8192,1,77780,2508423110,1972419819
3309569,8192,1,85412,2762075045,2176005505
3317761,8192,1,74949,2364616867,1941893743
3325953,8192,1,89542,3008034239,2417091550
3334145,8192,1,89382,3038054714,2231653968
3342337,8192,1,91012,2910544703,2356115183
3350529,8192,1,112957,4683356145,3118162616
3358721,8192,1,108487,3824938321,2852233024
3366913,8192,1,150248,4856683444,3280796726
3375105,8192,1,129410,4029391606,3051008523
3383297,8192,1,118959,3597176359,2735632479
3391489,8192,1,113031,3618928236,2834403739
3399681,8192,1,109702,3595863612,2679706981
3407873,8192,1,112341,3708098910,2716668202
3416065,8192,1,121089,3775021048,2688335701
3424257,8192,1,111288,3513747685,2695240512
3432449,8192,1,126552,4519125602,3150425147
3440641,8192,1,116739,3847970531,2918133424
3448833,8192,1,137505,4650151490,3210831074
3457025,8192,1,132372,4354448594,3184361280
3465217,8192,1,116438,3872751305,2943214227
3473409,8192,1,138958,4605215288,3539489496
3481601,8192,1,115237,3904507999,2983579725
3489793,8192,1,129313,4405146988,3300622417
3497985,8192,1,121326,4141663795,2958295162
3506177,8192,1,101941,3457895017,2766399464
3514369,8192,1,104473,3801545119,2802106555
3522561,8192,1,110663,3893580475,2938437370
3530753,8192,1,118136,4358681727,3024028052
3538945,8192,1,116538,3957151738,3112083526
3547137,8192,1,97599,3525061715,2795939928
3555329,8192,1,105494,3951999139,3350038950
3563521,8192,1,113777,4538716060,3359046948
3571713,8192,1,122232,4932027111,3944749850
3579905,8192,1,113517,5371454955,3219929661
3588097,8192,1,103751,3918968307,3294280951
3596289,8192,1,112257,4332652445,3297861516
3604481,8192,1,136619,5289710359,3748567932
3612673,8192,1,143158,5255428268,3669145858
3620865,8192,1,145745,4868936849,3598793661
3629057,8192,1,136562,4879877560,3709524996
3637249,8192,1,160424,6406024036,4199968904
3645441,8192,1,150436,5782052966,3972286137
3653633,8192,1,167559,5819732935,4290109094
3661825,8192,1,142125,5329409688,3693051711
3670017,8192,1,152266,6300591479,3970124152
3678209,8192,1,169497,6571385749,4206700697
3686401,8192,1,156250,7347905323,4372259789
3694593,8192,1,167344,7335647042,4445238908
3702785,8192,1,147702,7536226635,4530754891
3710977,8192,1,168287,8194709920,4819307470
3719169,8192,1,176741,9883600890,5702532771
3727361,8192,1,214081,11450730102,6301699200
3735553,8192,1,229327,12196031413,6650783316
3743745,8192,1,201943,10613685663,5908847388
3751937,8192,1,260406,12599459208,7025251867
3760129,8192,1,278528,15779303797,7882426119
3768321,8192,1,279013,16350363987,8049413231
3776513,8192,1,244538,13523383202,6951543783
3784705,8192,1,224822,12717337930,6871895870
3792897,8192,1,248995,13592095818,7373154913
3801089,8192,1,314302,19832169118,8428271780
3809281,8192,1,313676,17980594470,12178004224
3817473,8192,1,280618,16692684984,9482535074
3825665,8192,1,296114,15953100496,8855789809
3833857,8192,1,317754,17492872153,9426363377
3842049,8192,1,305857,17151665586,9615665973
3850241,8192,1,325308,16138916714,9718009846
3858433,8192,1,365858,18515263356,10519080621
3866625,8192,1,450999,21732698279,12552407326
3874817,8192,1,403872,18428150155,11617866413
3883009,8192,1,399350,18507971011,11731730258
3891201,8192,1,366142,17616667683,11043066966
3899393,8192,1,401398,20055154217,12256282527
3907585,8192,1,467519,26635229072,12950348650
3915777,8192,1,448080,27509986564,12957110684
3923969,8192,1,445137,22206823281,12619571945
3932161,8192,1,393944,20192356202,12362150346
3940353,8192,1,474437,21147977183,13743161124
3948545,8192,1,452736,24838577163,15762538534
3956737,8192,1,409197,21844246829,13921425797
3964929,8192,1,391200,20881198158,14081456177
3973121,8192,1,480657,24984090402,16276891247
3981313,8192,1,439836,24432971850,16052734686
3989505,8192,1,456105,22202913020,15401278933
3997697,8192,1,401541,19785653790,13625705476
4005889,8192,1,468451,21489133966,14951153652
4014081,8192,1,521089,25614275148,17586497283
4022273,8192,1,465732,25576854950,16072751795
4030465,8192,1,422645,19071909199,14622411722
4038657,8192,1,452765,21588202182,15201435610
4046849,8192,1,494336,24205815057,15919809115
4055041,8192,1,427170,19727949695,13817657682
4063233,8192,1,409232,17944225576,13321277936
4071425,8192,1,455169,22752023483,15607829717
4079617,8192,1,411552,20393151746,13725376399
4087809,8192,1,402826,19516574262,13703836419
4096001,8192,1,350511,18308327314,11902980879
4104193,8192,1,441704,23280158452,15181822528
4112385,8192,1,474401,24577424757,17019031045
4120577,8192,1,512389,25868228053,17864213841
4128769,8192,1,539622,25478534061,18414613269
4136961,8192,1,612130,30525492507,20394617567
4145153,8192,1,669828,31316179679,21999408857
4153345,8192,1,667176,32781900955,21817345152
4161537,8192,1,802050,39631270870,26202280682
4169729,8192,1,832182,45690595844,30050412867
4177921,8192,1,822935,40787417397,26220276726
4186113,8192,1,677937,33931766754,23150178897
4194305,8192,1,736129,33608364656,23654720497
4202497,8192,1,733583,31613370181,22888181571
4210689,8192,1,736596,33326421250,23930971905
4218881,8192,1,885279,42684031553,28099490997
4227073,8192,1,909505,44089434039,29120237086
4235265,8192,1,772574,36378544905,25754473955
4243457,8192,1,1021928,44970958961,31447754570
4251649,8192,1,1081239,50184234692,34292434578
4259841,8192,1,880278,41550585016,29968844258
4268033,8192,1,864414,41053728142,30066409356
4276225,8192,1,867715,42375737918,32202860179
4284417,8192,1,857098,44405284841,30334411011
4292609,8192,1,764839,40439697663,30741171005
4300801,8192,1,736339,41523378146,30441397252
4308993,8192,1,739102,40787147868,30004978035
4317185,8192,1,882460,46629010975,33156393736
4325377,8192,1,928715,45913689045,34714326256
4333569,8192,1,855500,44372358254,33251202652
4341761,8192,1,890587,45969894286,34321234703
4349953,8192,1,861954,44868560756,34413406380
4358145,8192,1,961145,45839288391,34577902141
4366337,8192,1,1022776,47707018313,37474356518
4374529,8192,1,788928,41640159530,30784269023
4382721,8192,1,680611,30304975089,23927065683
4390913,8192,1,633676,29394442349,24933525893
4399105,8192,1,691855,34599365091,24046064903
4407297,8192,1,587597,22219394536,19061752897
4415489,8192,1,602801,27141844419,21064800807
4423681,8192,1,637247,33563116251,25187897164
4431873,8192,1,602169,34452528559,25514031074
4440065,8192,1,644187,35202407283,26559943399
4448257,8192,1,635205,32303616551,25374472393
4456449,8192,1,658167,33516933106,26637796025
4464641,8192,1,714607,37151598010,29191260795
4472833,8192,1,687810,38954422870,30527314000
4481025,8192,1,691342,38855588548,30717523683
4489217,8192,1,597092,33111071840,27130035577
4497409,8192,1,530372,24797114990,21474426764
4505601,8192,1,664534,27768018498,23623282001
4513793,8192,1,607716,29462506589,24896479752
4521985,8192,1,636968,33818088203,28138394501
4530177,8192,1,576620,30857764315,24848781206
4538369,8192,1,555644,29902311532,25209268189
4546561,8192,1,576193,31728985315,26277477611
4554753,8192,1,614333,33933012035,27958863418
4562945,8192,1,694290,35077866299,28460129849
4571137,8192,1,685773,35235556368,29049661679
4579329,8192,1,595343,32512470264,27245602569
4587521,8192,1,616676,31432826950,27562942683
4595713,8192,1,732388,35462326767,31126476107
4603905,8192,1,701686,34053236118,29052034401
4612097,8192,1,696025,34813469923,29331279942
4620289,8192,1,756842,36575998133,31462406306
4628481,8192,1,695958,35807344495,29881404862
4636673,8192,1,839988,41325848673,36072433894
4644865,8192,1,859818,39561689628,35060435569
4653057,8192,1,878341,39038765676,35776315742
4661249,8192,1,838018,41732008967,37584863629
4669441,8192,1,868393,42367951309,40469198166
4677633,8192,1,1024408,50365921601,46791257506
4685825,8192,1,1106629,50823271509,47092459847
4694017,8192,1,983321,52251191383,43862982677
4702209,8192,1,1065994,53288175748,52249088575
4710401,8192,1,1004230,57029863421,55052833825
4718593,8192,1,1175867,60067148142,58759739261
4726785,8192,1,1283732,60320736424,57629426698
4734977,8192,1,1366216,63069754925,58577424670
4743169,8192,1,1249121,59108334014,53763666520
4751361,8192,1,1252125,59908605848,54966008183
4759553,8192,1,1451207,62045900188,57647357917
4767745,8192,1,1519992,62098558192,56174910979
4775937,8192,1,1585445,62497723845,53440305639
4784129,8192,1,1400070,58743219915,53749334704
4792321,8192,1,1052134,54186765245,44136668705
4800513,8192,1,1019534,49928583194,43047092011
4808705,8192,1,1261780,57510375260,50960561447
4816897,8192,1,1331357,57590718396,53599235829
4825089,8192,1,1639294,60808222944,56546786663
4833281,8192,1,1324521,56290819569,52003179579
4841473,8192,1,1365671,56727562845,52746226049
4849665,8192,1,1800565,61983009179,60965548295
4857857,8192,1,2002216,61977955389,58264477214
4866049,8192,1,1885881,62151807862,60998881027
4874241,8192,1,1724229,62804522499,59633192682
4882433,8192,1,1914229,62387106534,61084254887
4890625,8192,1,1784457,61980258440,56599180992
4898817,8192,1,1710320,62316592526,60202496506
4907009,8192,1,1726464,62391325627,58164241311
4915201,8192,1,1730007,63380891308,60797475555
4923393,8192,1,1858619,62279744506,61277416977
4931585,8192,1,1849680,62183892835,62272758106
4939777,8192,1,1496671,58403848500,56726508641
4947969,8192,1,1393070,58633948844,57640491561
4956161,8192,1,1327346,58788810672,55679328764
4964353,8192,1,1272246,58123924020,55469996090
4972545,8192,1,1159603,54810326446,53204748723
4980737,8192,1,1260970,53358611450,54232266210
4988929,8192,1,1176073,52672662572,51529840261
4997121,8192,1,1259241,55165172481,52906757604
5005313,8192,1,1262433,56373025517,52040708159
5013505,8192,1,1356029,59546446599,57889696121
5021697,8192,1,1305842,56689784355,55957873914
5029889,8192,1,1125879,53898877430,49317436118
5038081,8192,1,1161636,54269350642,49780929356
5046273,8192,1,1191117,54055514122,52724754783
5054465,8192,1,1056526,53286687769,49883226906
5062657,8192,1,1038563,52346336284,48820600527
5070849,8192,1,1111255,53626275181,47937387859
5079041,8192,1,1139166,53752148996,51310896045
5087233,8192,1,1010849,50228857996,45526471471
5095425,8192,1,1086570,52677277867,49317137368
5103617,8192,1,981145,52265804278,47848158071
5111809,8192,1,1077049,53626533614,49078022259
5120001,8192,1,1057547,54195882329,48822880931
5128193,8192,1,1208494,58216835003,54832064791
5136385,8192,1,1184261,56746767112,51349560226
5144577,8192,1,999424,52506836442,49286543711
5152769,8192,1,1017445,53578401482,50231627119
5160961,8192,1,1019623,52810336386,51279187703
5169153,8192,1,938849,52166193773,49732520177
5177345,8192,1,1005061,53979644014,52927111830
5185537,8192,1,1006297,54409598707,54815496148
5193729,8192,1,910773,52367016050,50724623055
5201921,8192,1,1019609,54958972298,51400806931
5210113,8192,1,963205,51431731336,52130421953
5218305,8192,1,1080296,53432274393,55638811329
5226497,8192,1,913035,51814775021,52269994454
5234689,8192,1,811533,49710271751,48513151642
5242881,8192,1,914018,50659269828,49377711998
5251073,8192,1,951734,49660522293,48678501883
5259265,8192,1,966328,49937461860,51659226465
5267457,8192,1,876120,48233799143,48746291659
5275649,8192,1,839560,45505587169,44982284840
5283841,8192,1,976074,50468458835,49197931202
5292033,8192,1,924974,47925789741,49233744070
5300225,8192,1,942144,49680604502,47661386724
5308417,8192,1,886412,46355902185,47107426160
5316609,8192,1,828036,44837407164,46038843376
5324801,8192,1,738251,42486626567,42782678211
5332993,8192,1,878562,44377402985,44540625235
5341185,8192,1,759784,39515895518,40459031909
5349377,8192,1,876958,45441991668,46943194117
5357569,8192,1,803479,46113372017,47275707672
5365761,8192,1,729028,45065663138,43807014589
5373953,8192,1,885713,47737923460,48554909360
5382145,8192,1,836995,51351355496,50081226238
5390337,8192,1,965931,52965281717,52165874910
5398529,8192,1,782926,50890084027,46369405196
5406721,8192,1,761190,48956703913,48782307657
5414913,8192,1,827064,48472063015,48304158881
5423105,8192,1,825418,49256575775,53939409776
5431297,8192,1,919267,52230978175,57120851903
5439489,8192,1,974226,55143258533,58460630341
5447681,8192,1,833508,50689771206,53969939933
5455873,8192,1,947860,56707817121,55748788762
5464065,8192,1,1033971,58652807039,58893434002
5472257,8192,1,1115589,59342364238,61412607771
5480449,8192,1,1153123,59083287853,61238902821
5488641,8192,1,1009152,56069946259,58654432627
5496833,8192,1,1156155,57601281303,63861378508
5505025,8192,1,1147957,57531469967,63573463781
5513217,8192,1,1088977,55330482420,58673397093
5521409,8192,1,1128476,54292326455,58442602453
5529601,8192,1,1047151,55026971310,61962749784
5537793,8192,1,1126959,57980108462,63762631045
5545985,8192,1,1076343,59166013084,63827367343
5554177,8192,1,1192396,59545348454,64725568219
5562369,8192,1,1376951,58519081749,70266225469
5570561,8192,1,976721,58050473193,60259652994
5578753,8192,1,1166387,57731284389,62311332691
5586945,8192,1,1161915,58406567436,63919309947
5595137,8192,1,1234914,60771886651,66278202485
5603329,8192,1,1124232,59755746193,62771345647
5611521,8192,1,1095478,60122260578,61230604638
5619713,8192,1,1158885,60368944644,65956377547
5627905,8192,1,1153817,60775416598,63391567869
5636097,8192,1,1226306,60413544072,63479226150
5644289,8192,1,1196097,59963033833,61287128761
5652481,8192,1,1148057,60165793954,64887054485
5660673,8192,1,1177054,60696972227,63688147733
5668865,8192,1,1235498,60047450465,65570924087
5677057,8192,1,1147362,60485425643,65956464726
5685249,8192,1,1108227,59774988632,62666905871
5693441,8192,1,1201882,61008511303,65659831960
5701633,8192,1,1183811,61676882288,68177720242
5709825,8192,1,1214637,61791485704,71735588010
5718017,8192,1,1086473,61499185628,70104297158
5726209,8192,1,1201901,61132528463,66902580885
5734401,8192,1,1114912,61252818451,65328782449
5742593,8192,1,1163973,60135524474,64235355916
5750785,8192,1,1084060,59600947136,63440316855
5758977,8192,1,1078372,59809101820,63052377491
5767169,8192,1,1114845,59325753351,64445164421
5775361,8192,1,1126138,59862973911,62546810094
5783553,8192,1,1136977,59212357830,61667713156
5791745,8192,1,1046515,52187366379,55890460427
5799937,8192,1,1040418,55190787848,57241328772
5808129,8192,1,853023,55324595267,53760921128
5816321,8192,1,1028624,57063660639,60132749635
5824513,8192,1,1117046,59270194084,64134374867
5832705,8192,1,1061157,58960211718,63452874196
5840897,8192,1,1055327,56548008958,60903949623
5849089,8192,1,878652,50539203884,55189473145
5857281,8192,1,1173486,57632243725,66986428726
5865473,8192,1,1081039,57617358569,61934508295
5873665,8192,1,1057229,56743055206,63634313321
5881857,8192,1,951758,58511385611,59900327176
5890049,8192,1,835183,61795713273,48796750480
5898241,8192,1,739929,61727951417,49790580539
5906433,8192,1,680873,61904063474,50710504776
5914625,8192,1,706329,61447371947,52862799329
5922817,8192,1,694577,62089394033,50708374221
5931009,8192,1,846968,57980071725,53356140170
5939201,8192,1,966559,59961762656,59205635668
5947393,8192,1,901788,60279415753,58084831759
5955585,8192,1,802864,60414676596,56867037982
5963777,8192,1,685110,63069117237,52801522899
5971969,8192,1,649712,59686231052,52348653980
5980161,8192,1,1036796,60094784408,64527380829
5988353,8192,1,1003503,59416305051,63658658514
5996545,8192,1,1027604,59615250433,61564448768
6004737,8192,1,892103,60438506569,66322385665
6012929,8192,1,880312,59806694762,62151206382
6021121,8192,1,1109642,60025112508,67292780337
6029313,8192,1,1094954,59640226996,66769755318
6037505,8192,1,1030417,59369607024,63125212809
6045697,8192,1,1057200,55900815277,64258503648
6053889,8192,1,940339,50753517403,56878595363
6062081,8192,1,1047645,56417459765,63854033721
6070273,8192,1,1070344,58612928291,66150543340
6078465,8192,1,1040326,59160341340,62370042750
6086657,8192,1,1032939,59245645508,59638567857
6094849,8192,1,978106,58080730358,58994898622
6103041,8192,1,949935,59434287423,63220966881
6111233,8192,1,814440,62418352419,80721272645
6119425,8192,1,756883,61929340206,82726627038
6127617,8192,1,891700,57927536222,70375022855
6135809,8192,1,894373,54124139868,57700385272
6144001,8192,1,948844,54474431056,61883904330
6152193,8192,1,949060,55935295379,61025418657
6160385,8192,1,940733,57179985070,62206577425
6168577,8192,1,875004,59767193046,68620024437
6176769,8192,1,854844,58633356661,63074683534
6184961,8192,1,869810,57172923878,63117288600
6193153,8192,1,858339,58716480746,64482452474
6201345,8192,1,808091,59068730609,63728125028
6209537,8192,1,816753,58875189706,67153536845
6217729,8192,1,809455,58560010270,64167321167
6225921,8192,1,839253,57560207356,64525592382
6234113,8192,1,845776,59019049499,65589717078
6242305,8192,1,804291,57082938691,67746296494
6250497,8192,1,779310,58293679134,62560877324
6258689,8192,1,935783,58551901338,65456650055
6266881,8192,1,832343,56739213761,64239199903
6275073,8192,1,815239,56879687612,65468818149
6283265,8192,1,869622,56503858451,63255446766
6291457,8192,1,753911,57192973874,64242442220
6299649,8192,1,796408,58492213661,63763975354
6307841,8192,1,775867,57819406693,64462131489
6316033,8192,1,731815,55554664930,61126170819
6324225,8192,1,801177,56055100336,63166004161
6332417,8192,1,702924,55639554786,60909581021
6340609,8192,1,628921,57287631240,61034348662
6348801,8192,1,701014,56796985035,59315356925
6356993,8192,1,679990,56753862938,62051356282
6365185,8192,1,679678,56844041949,54191328682
6373377,8192,1,730260,55694660589,62442394511
6381569,8192,1,631122,56053435110,57482534620
6389761,8192,1,623579,55480206989,58891849678
6397953,8192,1,722344,56431171315,60307028329
6406145,8192,1,629492,57158444543,60765403704
6414337,8192,1,709829,57357572825,60473193363
6422529,8192,1,613086,54942317621,54167519160
6430721,8192,1,606422,52576411946,55530047460
6438913,8192,1,642545,52459434620,56883752787
6447105,8192,1,731996,53145077742,56481838011
6455297,8192,1,724964,54306641564,63690945048
6463489,8192,1,815991,52726025166,60503801183
6471681,8192,1,729625,49182276339,53081466579
6479873,8192,1,669837,46831088707,48426285879
6488065,8192,1,747144,48122908769,52737670701
6496257,8192,1,717326,47958662805,60270341613
6504449,8192,1,718392,50909275438,58644685294
6512641,8192,1,730467,48392560754,54088020382
6520833,8192,1,738059,46131832206,55229663953
6529025,8192,1,724708,46477569891,53249011952
6537217,8192,1,800265,48971240353,56683575759
6545409,8192,1,787384,48497192206,54534373662
6553601,8192,1,698398,47187351487,54215739731
6561793,8192,1,737557,48788349686,54426937442
6569985,8192,1,764170,49888523955,56311914192
6578177,8192,1,680236,49997697795,49766029541
6586369,8192,1,749999,53088340658,51882271796
6594561,8192,1,705784,48019131508,53936156001
6602753,8192,1,656423,46400710382,52479702192
6610945,8192,1,849783,47748915390,56548003234
6619137,8192,1,801148,47807608803,57014094827
6627329,8192,1,765408,46669797740,55120824095
6635521,8192,1,743150,46887794423,54844449972
6643713,8192,1,665607,45877233135,56087354083
6651905,8192,1,758736,47427946240,59470486655
6660097,8192,1,827631,47805700088,57821163797
6668289,8192,1,740827,47033958754,55911603947
6676481,8192,1,701546,45737135850,54429578185
6684673,8192,1,693026,47473036303,56844785987
6692865,8192,1,744005,47361939810,54673023545
6701057,8192,1,728159,45355462532,53513342168
6709249,8192,1,803323,48175195526,56052191856
6717441,8192,1,731903,47282679908,55529378685
6725633,8192,1,669779,47058450238,50907499414
6733825,8192,1,736446,51234504987,55864000225
6742017,8192,1,845497,51556557281,58423119153
6750209,8192,1,783040,49450537411,54545575965
6758401,8192,1,785734,48600607825,51517782029
6766593,8192,1,644335,43880086628,47404709788
6774785,8192,1,718306,45320242271,50681266903
6782977,8192,1,787787,49300862376,56378139070
6791169,8192,1,797132,51216997662,54158144289
6799361,8192,1,778579,54480612692,66171059057
6807553,8192,1,777106,54418924892,63168818664
6815745,8192,1,641142,49816057934,60724919430
6823937,8192,1,767187,52605381030,61996641480
6832129,8192,1,795755,53448736123,64771551310
6840321,8192,1,787802,52776478133,66867000076
6848513,8192,1,788128,50809483628,65188560074
6856705,8192,1,703447,48678621512,62188012245
6864897,8192,1,720780,48100014209,56783917232
6873089,8192,1,753391,48766101024,56105914088
6881281,8192,1,726756,48283626988,57307178783
6889473,8192,1,759040,48229905528,55582699357
6897665,8192,1,733910,48871665264,60647063246
6905857,8192,1,752177,49522415159,59277518673
6914049,8192,1,802193,51410592357,56496803742
6922241,8192,1,859621,51928120590,60129583386
6930433,8192,1,800774,50391395202,58962167747
6938625,8192,1,748654,49387623217,57678960989
6946817,8192,1,796267,50255220086,59562948214
6955009,8192,1,748240,51693407873,55154355901
6963201,8192,1,806363,50150885645,61272230575
6971393,8192,1,728569,48656564463,59857938380
6979585,8192,1,735352,51199560672,61743981261
6987777,8192,1,699021,48682911486,63746294811
6995969,8192,1,634120,45831406577,54145239541
7004161,8192,1,892155,50536556554,62970905939
7012353,8192,1,782030,49273441119,61416464901
7020545,8192,1,741045,46097890688,56466904677
7028737,8192,1,762443,45093991002,57578765470
7036929,8192,1,853754,46603908786,57920356243
7045121,8192,1,810342,46377293130,57212344688
7053313,8192,1,770343,47471980730,57013530277
7061505,8192,1,683334,43555846112,52240017472
7069697,8192,1,838780,46875030520,58207377993
7077889,8192,1,763229,48582059456,55623849813
7086081,8192,1,751041,45191788480,53882332015
7094273,8192,1,795784,48515590361,55918074544
7102465,8192,1,787430,49228707462,54855383353
7110657,8192,1,985470,55948602087,61105213566
7118849,8192,1,879750,52775047845,59907436969
7127041,8192,1,771176,49224643811,57679993502
7135233,8192,1,810937,53308284328,62799214111
7143425,8192,1,915819,55117039138,65552474455
7151617,8192,1,910815,54754117820,61770494632
7159809,8192,1,886198,58713975871,66277153661
7168001,8192,1,726666,49138506055,54792539286
7176193,8192,1,693336,47109751685,54374612526
7184385,8192,1,724525,48036349840,52371332248
7192577,8192,1,708302,48268198216,52763182115
7200769,8192,1,727507,50120021956,54947059656
7208961,8192,1,790346,53098340347,60167043209
7217153,8192,1,906974,56741329110,61672576656
7225345,8192,1,933614,58596654890,64925210477
7233537,8192,1,885596,58671527494,65149125655
7241729,8192,1,1016104,61069572685,69651729370
7249921,8192,1,1020630,61369308543,66233998304
7258113,8192,1,985675,61058114637,69722408451
7266305,8192,1,1024395,60799942581,67000172977
7274497,8192,1,1073993,62911729753,71708463667
7282689,8192,1,959353,60722933235,68659835501
7290881,8192,1,721417,51558952034,61103975981
7299073,8192,1,635467,47439182717,58168892346
7307265,8192,1,768990,52539940390,60721725369
7315457,8192,1,782838,50497801672,59961053978
7323649,8192,1,736531,48680635829,57289492269
7331841,8192,1,693431,48979000213,58815966798
7340033,8192,1,700353,48470463657,59086702293
7348225,8192,1,656165,47754014325,53877239826
7356417,8192,1,706952,49781969594,59210741985
7364609,8192,1,702560,51552295972,56360147444
7372801,8192,1,748488,51189895210,57720698990
7380993,8192,1,672970,50289379405,55178114966
7389185,8192,1,618374,46747527961,55539885878
7397377,8192,1,731407,53849189259,59085764845
7405569,8192,1,823103,54459907520,58915022655
7413761,8192,1,820567,57996395789,64210962311
7421953,8192,1,759259,54880499899,61503164149
7430145,8192,1,709874,50266481813,56475587650
7438337,8192,1,799413,52617562312,60769802222
7446529,8192,1,803464,53862112844,63079274235
7454721,8192,1,776283,53348274726,61645108415
7462913,8192,1,841975,55623955618,62963610470
7471105,8192,1,853955,57452318218,66424916818
7479297,8192,1,795154,56297422443,64241551828
7487489,8192,1,889445,56376229780,68073525221
7495681,8192,1,1021969,60023042579,71698951177
7503873,8192,1,875237,55313971334,65859790911
7512065,8192,1,775071,49429826010,61312415255
7520257,8192,1,725889,47064363363,58657875187
7528449,8192,1,834843,51650564844,63953472638
7536641,8192,1,789507,50757917942,63835482966
7544833,8192,1,867687,54598783786,61795117443
7553025,8192,1,960725,56469515355,63756723103
7561217,8192,1,815707,50313874323,62703626866
7569409,8192,1,666231,46144005917,56668048523
7577601,8192,1,832815,54175134238,57484918641
7585793,8192,1,885526,58087439964,63591728329
7593985,8192,1,861278,55905434119,63317486203
7602177,8192,1,852806,50342783962,62885771689
7610369,8192,1,887841,49888381296,63613199106
7618561,8192,1,860187,54950616424,59822291152
7626753,8192,1,915348,54030183176,64126397647
7634945,8192,1,852309,51681051150,64127788837
7643137,8192,1,912370,53049696773,63541551535
7651329,8192,1,738803,45900258701,54621492337
7659521,8192,1,713836,45748826296,54177525067
7667713,8192,1,848035,50538533259,58602110905
7675905,8192,1,937742,55323766578,66777479470
7684097,8192,1,787627,54383889810,59148330572
7692289,8192,1,833589,53247672067,60714149174
7700481,8192,1,814204,49535470442,59068033404
7708673,8192,1,903137,54358941917,61552004406
7716865,8192,1,801151,62622317283,55331932355
7725057,8192,1,905524,59014777802,66541390533
7733249,8192,1,960512,58327935763,70653565408
7741441,8192,1,936278,56411432504,68736469820
7749633,8192,1,890324,53572479595,69640121492
7757825,8192,1,1027125,58522479696,75433728792
7766017,8192,1,1065365,61612038604,79730049751
7774209,8192,1,1133091,62039236317,76481523979
7782401,8192,1,1013568,61944787561,75773876213
7790593,8192,1,977456,60660792594,73205124285
7798785,8192,1,1062407,59684547724,75131738341
7806977,8192,1,1017774,59902115809,73715957004
7815169,8192,1,1154301,60693446908,75126149939
7823361,8192,1,1129298,60341384806,75245665574
7831553,8192,1,1048171,56590059373,70860931316
7839745,8192,1,1006866,55276418358,70189931875
7847937,8192,1,1266339,61467920318,74434501039
7856129,8192,1,1153575,60984143819,71190289789
7864321,8192,1,1115475,59852831907,74936347191
7872513,8192,1,1148287,60908945609,72986020129
7880705,8192,1,1236171,60021117831,77054791327
7888897,8192,1,1119286,58582250428,72349144601
7897089,8192,1,1116862,59438959515,72833917572
7905281,8192,1,1053564,59511201019,70708147802
7913473,8192,1,1018766,59916578393,72152605429
7921665,8192,1,1163030,58202234652,65840482004
7929857,8192,1,932972,56541598892,69904666385
7938049,8192,1,1335617,61768841096,74566072559
7946241,8192,1,1126115,60333225913,78032632432
7954433,8192,1,930625,59253863905,76840896468
7962625,8192,1,1155991,60318831521,75773433545
7970817,8192,1,1149787,58205892161,73888545405
7979009,8192,1,1168100,58675133580,73846080856
7987201,8192,1,1109590,60201568915,71352213991
7995393,8192,1,1246696,60953748469,70685352810
8003585,8192,1,1072671,58459135873,74638759586
8011777,8192,1,915176,52150084703,71682499849
8019969,8192,1,1048977,54347088319,70351929083
8028161,8192,1,1161083,57901070063,70250211327
8036353,8192,1,1038066,60739991885,70772939485
8044545,8192,1,1058512,61452870344,69183832067
8052737,8192,1,1224568,57520110354,69281924030
8060929,8192,1,883351,49034881564,61643041879
8069121,8192,1,1093556,54937862712,67522473198
8077313,8192,1,1171620,58985335698,74295895000
8085505,8192,1,970944,57604952668,70966455118
8093697,8192,1,1018286,53175452767,67015035045
8101889,8192,1,907967,52281783686,64468233601
8110081,8192,1,872493,50955441103,64970075093
8118273,8192,1,1016880,55439650663,70835464781
8126465,8192,1,893543,53041319100,68064544123
8134657,8192,1,1199821,58355280103,72692114869
8142849,8192,1,872903,50503746198,66229751725
8151041,8192,1,753363,48910092076,65106394145
8159233,8192,1,888841,55200745635,70344905551
8167425,8192,1,1358869,61654254721,66984283616
8175617,8192,1,919344,57647015958,71809212641
8183809,8192,1,948309,52872475578,65945405384
8192001,8192,1,738324,46746541520,59215952129
8200193,8192,1,738422,45469577722,57604652001
8208385,8192,1,812997,50384096789,62378912953
8216577,8192,1,1006640,52371646321,60822318902
8224769,8192,1,1163238,59595554009,69566507754
8232961,8192,1,798761,53019994658,64372845837
8241153,8192,1,697829,51960965721,60062299046
8249345,8192,1,841109,52000342474,65072041341
8257537,8192,1,930193,54459937700,68189442542
8265729,8192,1,975208,58222853369,70367489807
8273921,8192,1,1020904,56306070571,67998622409
8282113,8192,1,938526,53080739771,62083213323
8290305,8192,1,820570,51981464609,66308038314
8298497,8192,1,940581,58623412073,68745441572
8306689,8192,1,877846,57683653048,67544078358
8314881,8192,1,914277,57238738726,69311378663
8323073,8192,1,880678,51566549035,64360734022
8331265,8192,1,763133,51489770819,73712208036
8339457,8192,1,835498,52115559990,62629647739
8347649,8192,1,940995,53853618011,65471852517
8355841,8192,1,935120,59792349550,69393339328
8364033,8192,1,849350,54624898279,65447274695
8372225,8192,1,826549,50554075020,62229030269
8380417,8192,1,893359,53524916702,65569912576
8388609,8192,1,950037,59670381591,74745182147
8396801,8192,1,851952,59067138486,66775750354
8404993,8192,1,971316,58701071184,71398216717
8413185,8192,1,957288,57866515165,72883144873
8421377,8192,1,838965,57549256819,63078073946
8429569,8192,1,893296,61104343635,60384542527
8437761,8192,1,993838,59809150417,68619280045
8445953,8192,1,964813,60789904230,70310661402
8454145,8192,1,839047,59657647316,64939112405
8462337,8192,1,854037,59372454307,63396310569
8470529,8192,1,970235,60191471319,67230410680
8478721,8192,1,988342,61800831528,66348042102
8486913,8192,1,828164,61286830855,61283549939
8495105,8192,1,1002499,62022730823,64149396234
8503297,8192,1,989779,61828220456,62888056191
8511489,8192,1,835312,61844907375,57946757550
8519681,8192,1,889469,61679703719,59288316131
8527873,8192,1,965347,61385667796,60646633076
8536065,8192,1,931052,61592837583,61003889360
8544257,8192,1,754048,61629636775,56488815489
8552449,8192,1,803745,61961780469,59725808013
8560641,8192,1,939276,63530816772,63805653787
8568833,8192,1,851417,65923346777,63267284385
8577025,8192,1,841049,65623489141,62381212146
8585217,8192,1,992152,73222626803,69189270976
8593409,8192,1,817459,77878755186,65611004700
8601601,8192,1,699019,76628772865,65706301354
8609793,8192,1,811933,78058009201,65714497936
8617985,8192,1,949393,77470743277,76039209614
8626177,8192,1,869464,75793509999,71276617332
8634369,8192,1,739889,74187688186,64894039016
8642561,8192,1,818926,77685558439,69694111199
8650753,8192,1,825924,78026267904,72066650714
8658945,8192,1,812147,70393239512,79848735182
8667137,8192,1,785673,61570806794,71712794015
8675329,8192,1,816542,65781442449,68741086247
8683521,8192,1,757973,54004019478,66685719003
8691713,8192,1,683329,52246980326,62082368409
8699905,8192,1,849122,55659160493,66724443652
8708097,8192,1,975466,59263476741,71867349252
8716289,8192,1,913001,59041577975,71586334560
8724481,8192,1,868978,54281558998,64925425410
8732673,8192,1,805391,49494687484,61231262930
8740865,8192,1,812980,52561159401,63880764252
8749057,8192,1,822366,52666178343,64372172575
8757249,8192,1,919564,56098391378,68065611422
8765441,8192,1,968016,57877117485,70733824438
8773633,8192,1,860153,51481505907,62118565471
8781825,8192,1,790868,47257860195,57945994838
8790017,8192,1,942832,53538052783,65063240121
8798209,8192,1,940694,61685676481,71701859464
8806401,8192,1,885927,61658922238,67736850868
8814593,8192,1,1038029,61369004831,75077961459
8822785,8192,1,879793,52146272787,64828060152
8830977,8192,1,878509,55697156073,67912222279
8839169,8192,1,964736,62541552293,83570537430
8847361,8192,1,996914,61590833329,81651662707
8855553,8192,1,885028,55127615561,63759467128
8863745,8192,1,791523,55304861134,66007914858
8871937,8192,1,849887,63786091420,82054306844
8880129,8192,1,902373,61012686158,74881922371
8888321,8192,1,941387,59426643172,72129085438
8896513,8192,1,1133114,63866621409,84419393189
8904705,8192,1,802562,63727133550,85652309154
8912897,8192,1,845445,61409418399,83247101018
8921089,8192,1,1017609,65029754319,84047479972
8929281,8192,1,907925,63564436196,81393200419
8937473,8192,1,967802,66232587516,85542204959
8945665,8192,1,897482,65346650167,84677785517
8953857,8192,1,750217,65003544141,71992221091
8962049,8192,1,1086994,67502783028,84559325284
8970241,8192,1,951713,66237749089,79539045883
8978433,8192,1,981183,69267416517,78372031539
8986625,8192,1,1055590,68273551884,90037520329
8994817,8192,1,780717,56833119505,75211639987
9003009,8192,1,1036805,73004597454,87157417996
9011201,8192,1,1012222,71455636535,83343080192
9019393,8192,1,874242,71548472212,80793130954
9027585,8192,1,971248,66791843410,82910158645
9035777,8192,1,840102,64595196013,79622003931
9043969,8192,1,994170,64934612725,79911564529
9052161,8192,1,888691,65383679263,80099788100
9060353,8192,1,942244,57388886441,72180636672
9068545,8192,1,701653,48078807041,60514677046
9076737,8192,1,754798,61024714378,71299937520
9084929,8192,1,908482,65338335472,77536843482
9093121,8192,1,898709,68826620520,83137001872
9101313,8192,1,947022,69761741984,78267306442
9109505,8192,1,855685,64915604147,75996825772
9117697,8192,1,936510,68593558199,80978191109
9125889,8192,1,1110657,74193543274,89536125974
9134081,8192,1,974020,71692480309,86680955296
9142273,8192,1,971906,69278593897,83605925873
9150465,8192,1,940651,67361910005,80110408168
9158657,8192,1,931319,67770003761,80141769283
9166849,8192,1,1003627,67301994373,78063371187
9175041,8192,1,901224,64936435027,78338558605
9183233,8192,1,768025,58547006772,69639133897
9191425,8192,1,992708,64118389903,77758820433
9199617,8192,1,767537,60728207372,72393182817
9207809,8192,1,741824,53901328760,68635527915
9216001,8192,1,698064,49104444455,59326199161
9224193,8192,1,643992,47707551961,61209154214
9232385,8192,1,827015,55845001987,69118978966
9240577,8192,1,847844,59333225580,71382960411
9248769,8192,1,757262,52846524981,64615618558
9256961,8192,1,716538,54524823239,65921497083
9265153,8192,1,714126,49995214601,59533303905
9273345,8192,1,716731,54250605891,65497065666
9281537,8192,1,763184,56104624149,70191271207
9289729,8192,1,852003,63108379279,77045012399
9297921,8192,1,904053,60658920099,72866270439
9306113,8192,1,828610,56073471319,70973417577
9314305,8192,1,742441,55013686452,69361398917
9322497,8192,1,731295,52787689502,65247615839
9330689,8192,1,708369,52392880422,64500443338
9338881,8192,1,664925,47456678772,61829497378
9347073,8192,1,627062,59045841516,70570256088
9355265,8192,1,542072,51533409470,61955599138
9363457,8192,1,553768,51823161640,62095582041
9371649,8192,1,664552,57497993985,70752709381
9379841,8192,1,665352,58873592863,69893754160
9388033,8192,1,708523,60684737157,73467992685
9396225,8192,1,742494,61352845542,72766548157
9404417,8192,1,682535,52096944972,66035931667
9412609,8192,1,730720,56467680323,73417768480
9420801,8192,1,659919,65708295301,90973178076
9428993,8192,1,805946,68506237462,95284561909
9437185,8192,1,799261,70730540231,96778021960
9445377,8192,1,782815,64727852547,86037045736
9453569,8192,1,806095,57998734790,76201355432
9461761,8192,1,873153,60674145097,74440487381
9469953,8192,1,978600,68453757397,89708919474
9478145,8192,1,932038,68593126285,88140214215
9486337,8192,1,969887,65412428592,82211137060
9494529,8192,1,871662,61072195102,79101672278
9502721,8192,1,880415,67010896351,91854734705
9510913,8192,1,877077,62637487079,81852960673
9519105,8192,1,892491,66341797417,82405227501
9527297,8192,1,886525,63743218469,83528251818
9535489,8192,1,763034,56916289211,74383582952
9543681,8192,1,755739,51749236039,71504775860
9551873,8192,1,873175,63714325503,81990267645
9560065,8192,1,894671,66968083563,90218459937
9568257,8192,1,871975,67196685161,90785244430
9576449,8192,1,833002,63337835446,83089117243
9584641,8192,1,804983,57162122774,75098916162
9592833,8192,1,852642,58816487988,78940254247
9601025,8192,1,804419,61358444080,81532216142
9609217,8192,1,849312,58233450860,78261260146
9617409,8192,1,927929,63536028152,84040257578
9625601,8192,1,813905,59495790605,78098710132
9633793,8192,1,774141,59853748240,83445319398
9641985,8192,1,1008519,71796902215,95167277019
9650177,8192,1,946237,66707485905,85296830408
9658369,8192,1,908074,73540668043,101362415125
9666561,8192,1,1048466,76252778127,101590669761
9674753,8192,1,866412,68574360918,87782291328
9682945,8192,1,932972,70752871888,95997041912
9691137,8192,1,979047,71791734313,94763624749
9699329,8192,1,918888,67817796157,93177693323
9707521,8192,1,1104725,71177466006,103026173777
9715713,8192,1,1104271,71716325188,104115266350
9723905,8192,1,963052,66999392072,89748824325
9732097,8192,1,1005464,65795578186,90590728202
9740289,8192,1,1059837,67994246828,91213709579
9748481,8192,1,979162,67629006993,88697718427
9756673,8192,1,885081,62292836211,83809698726
9764865,8192,1,833802,62457382863,80452801683
9773057,8192,1,837546,61034522068,76179249886
9781249,8192,1,946051,67857791102,84932179492
9789441,8192,1,819208,65866256100,83096927315
9797633,8192,1,924104,68240421801,90697109590
9805825,8192,1,881246,68247029882,86969406779
9814017,8192,1,778987,66071308722,82946808230
9822209,8192,1,911174,69795340731,92923096528
9830401,8192,1,1006706,71978418806,95093094310
9838593,8192,1,1038633,71509025018,95436783161
9846785,8192,1,896865,69792988764,90973671557
9854977,8192,1,847711,67034768302,84645992865
9863169,8192,1,911641,68667883187,89192541070
9871361,8192,1,996682,70107950073,90858511910
9879553,8192,1,973566,69625920413,92285819942
9887745,8192,1,993179,71185747311,94090524007
9895937,8192,1,1003198,70717713319,93578478105
9904129,8192,1,1002534,71808040774,97271206625
9912321,8192,1,973237,71613101484,95337307094
9920513,8192,1,1033485,72846155160,93721612356
9928705,8192,1,1031123,73635393603,97802266007
9936897,8192,1,1080661,74097718137,97860288298
9945089,8192,1,978766,70891484395,94114663340
9953281,8192,1,1042650,72417886178,96049123976
9961473,8192,1,1112412,74009890439,99298485777
9969665,8192,1,1081752,73469731113,99314922652
9977857,8192,1,1115522,75780146275,101619905237
9986049,8192,1,1042699,73335453765,99028061950
9994241,8192,1,1012025,72304159780,98478062100
10002433,8192,1,947807,73177316635,96903455859
10010625,8192,1,993860,74248158794,95346837677
10018817,8192,1,1083307,76321832298,100007321182
10027009,8192,1,1144640,76778212899,102525983524
10035201,8192,1,1106267,76509496209,101548469821
10043393,8192,1,1136468,76529152684,104070124260
10051585,8192,1,1143192,76622953602,99534892559
10059777,8192,1,1071558,76691528658,99323030465
10067969,8192,1,1035874,75016157201,96131952365
10076161,8192,1,1190056,75265046958,95545837597
10084353,8192,1,1052095,76722732640,100606782025
10092545,8192,1,1059358,76839914668,103849412032
10100737,8192,1,1078590,77061038954,100468842115
10108929,8192,1,1104262,76917215732,93895281283
10117121,8192,1,1171376,77120896113,99959112768
10125313,8192,1,1065388,77604654123,105563973313
10133505,8192,1,1080586,77621034018,99631528910
10141697,8192,1,1185945,77375102520,100165932711
10149889,8192,1,1118057,77079879819,98793390896
10158081,8192,1,1140551,77535086646,105093515833
10166273,8192,1,1201889,77314405596,103028861425
10174465,8192,1,1114490,77129632609,103747624540
10182657,8192,1,1131014,76977719808,102578082350
10190849,8192,1,1225990,76646881261,102712237438
10199041,8192,1,1193971,77200838933,100202562628
10207233,8192,1,1174049,77770485494,102942098645
10215425,8192,1,1131601,77893106666,101374351276
10223617,8192,1,1214716,77082495252,100842957846
10231809,8192,1,1239036,76812658037,103151902061
10240001,8192,1,1174334,77539060580,105184062335
10248193,8192,1,1147536,77645370823,106967650168
10256385,8192,1,1130296,76924591639,104717069104
10264577,8192,1,1030018,77324495149,104686461603
10272769,8192,1,1086505,77623073831,105027071260
10280961,8192,1,1133919,77708872357,105701625148
10289153,8192,1,1154060,77788627230,104927932210
10297345,8192,1,1188569,79487887047,111148318775
10305537,8192,1,1162732,92108783782,129855287389
10313729,8192,1,1258422,92807705936,123724216672
10321921,8192,1,1454915,92532120917,123795552408
10330113,8192,1,1363088,93006927167,127560440260
10338305,8192,1,1297387,91799653406,125539520653
10346497,8192,1,1317779,93102367684,126535598681
10354689,8192,1,1316959,92167733414,125699940994
10362881,8192,1,1294409,91868826372,124641670973
10371073,8192,1,1371189,92625323824,125825214784
10379265,8192,1,1370935,91279955444,123768615609
10387457,8192,1,1323638,91353035083,126149140372
10395649,8192,1,1176812,92192015743,128265953543
10403841,8192,1,1130901,92191092473,123627552234
10412033,8192,1,1365356,91517607743,125320542161
10420225,8192,1,1350461,91558164098,124573385994
10428417,8192,1,1325279,93052871840,129930362692
10436609,8192,1,1315451,92424243235,125541945938
10444801,8192,1,1280543,91824104587,128595773330
10452993,8192,1,1386630,92677741195,126051959656
10461185,8192,1,1350573,93443272480,130233356412
10469377,8192,1,1413221,93408214190,124800224676
10477569,8192,1,1409852,91813150323,118153925734
10485761,8192,1,1325146,92491978229,124939184336
10493953,8192,1,1360475,93375068735,128643819455
10502145,8192,1,1477277,93028293528,126890331918
10510337,8192,1,1458912,93395121237,128882007423
10518529,8192,1,1407547,93881286759,133067873842
10526721,8192,1,1441709,95010075686,131792175830
10534913,8192,1,1517598,98525141995,138000485102
10543105,8192,1,1527082,98878550793,135893260934
10551297,8192,1,1529306,98563439926,138458428586
10559489,8192,1,1488034,98120186326,130015855743
10567681,8192,1,1545901,98405600084,133121275274
10575873,8192,1,1481930,98131779771,134121220655
10584065,8192,1,1392202,98224165663,134853266157
10592257,8192,1,1533065,98063078190,131268237827
10600449,8192,1,1520463,98076761196,134787408656
10608641,8192,1,1485632,97643007726,131545952110
10616833,8192,1,1537129,98094168122,129780216922
10625025,8192,1,1531409,97567851758,129013680964
10633217,8192,1,1605029,98527900785,129281391223
10641409,8192,1,1581691,98109215587,128048376736
10649601,8192,1,1533873,98321831677,123609190368
10657793,8192,1,1556816,98751922551,125025410961
10665985,8192,1,1455320,98419002087,131222869745
10674177,8192,1,1399828,98856138099,129655123005
10682369,8192,1,1543182,99064986797,127983782180
10690561,8192,1,1541635,98835373983,127499518556
10698753,8192,1,1495339,99053764120,130235368726
10706945,8192,1,1535453,99205973257,133188190856
10715137,8192,1,1411860,98432768557,132650188550
10723329,8192,1,1465940,98922916151,131219772475
10731521,8192,1,1445079,99057744442,129669785395
10739713,8192,1,1409598,98835109309,131624473837
10747905,8192,1,1434689,98604438114,130809415259
10756097,8192,1,1432351,98393824834,127389067639
10764289,8192,1,1436449,98995119384,123766266327
10772481,8192,1,1494024,98865322370,123143224855
10780673,8192,1,1564213,98943876509,120483719737
10788865,8192,1,1487517,99069578049,121231845219
10797057,8192,1,1431398,98631734597,128425805220
10805249,8192,1,1279797,97861496443,129988845308
10813441,8192,1,1314075,99369544817,132819116173
10821633,8192,1,1326300,98850079622,127165934941
10829825,8192,1,1297628,99169380318,126879072355
10838017,8192,1,1376879,98939998883,125670435536
10846209,8192,1,1346219,99403792278,129235683312
10854401,8192,1,1323252,99251403001,127874211666
10862593,8192,1,1334976,99494857878,129273242768
10870785,8192,1,1341365,99559553820,130187564017
10878977,8192,1,1470136,99262735048,124749310199
10887169,8192,1,1685788,99549571043,126640180673
10895361,8192,1,1395013,99353151545,132364284712
10903553,8192,1,1353200,99129856294,131378790779
10911745,8192,1,1436134,99015606534,129477330089
10919937,8192,1,1372106,99208153089,128062620367
10928129,8192,1,1338149,99199886160,131559169740
10936321,8192,1,1303750,99210160521,131056026898
10944513,8192,1,1283208,99611151083,130287379661
10952705,8192,1,1319801,99531959189,125100852817
10960897,8192,1,1352636,99310002799,128581946465
10969089,8192,1,1375102,99466085443,129872713558
10977281,8192,1,1318730,99628423479,133687673587
10985473,8192,1,1227266,99669860657,129227857204
10993665,8192,1,1251634,99764662138,128788805303
11001857,8192,1,1356592,99619090549,130273011003
11010049,8192,1,1378517,99485553104,132018529898
11018241,8192,1,1275742,98374192970,128670577207
11026433,8192,1,1354490,99298692809,131002541703
11034625,8192,1,1310112,97186693575,127594070139
11042817,8192,1,1334103,99245280398,131476945664
11051009,8192,1,1363729,99758052158,131272955176
11059201,8192,1,1433294,99811214650,132306315778
11067393,8192,1,1554046,99865509853,138175791154
11075585,8192,1,1348576,99492264844,137850576708
11083777,8192,1,1248034,99629928157,134809630771
11091969,8192,1,1401515,99673560434,136987296785
11100161,8192,1,1447762,99741103137,136732060001
11108353,8192,1,1485144,99829077573,139030979249
11116545,8192,1,1398817,99670502872,135946276846
11124737,8192,1,1270161,99750583272,132951333721
11132929,8192,1,1320965,100173706874,133999344491
11141121,8192,1,1325674,99897977809,135871140605
11149313,8192,1,1402938,99852564415,135008333742
11157505,8192,1,1427512,99848646888,132096968301
11165697,8192,1,1399016,99824607865,133945723138
11173889,8192,1,1294020,99650819487,135168247661
11182081,8192,1,1438620,99932057170,137423232441
11190273,8192,1,1438914,100005225132,134928789787
11198465,8192,1,1443942,99739876237,137186173295
11206657,8192,1,1412633,99729278350,138153361772
11214849,8192,1,1380570,99693471850,138228348178
11223041,8192,1,1383145,99903866172,137945379893
11231233,8192,1,1478358,100104962850,137468270860
11239425,8192,1,1347924,99887377082,136764811704
11247617,8192,1,1381274,100222018318,134883917653
11255809,8192,1,1444439,99786699446,135599766377
11264001,8192,1,1316079,99890293002,135708720564
11272193,8192,1,1347710,99946984814,138813010112
11280385,8192,1,1484505,99851935427,140140374135
11288577,8192,1,1396744,99998982049,143405942100
11296769,8192,1,1470900,99784151152,141384802428
11304961,8192,1,1430049,99687376856,145438828179
11313153,8192,1,1453839,99667400561,146595120197
11321345,8192,1,1595756,99733144268,144548571892
11329537,8192,1,1528036,99788326430,143912333125
11337729,8192,1,1445057,99542969394,144299435049
11345921,8192,1,1359299,100074192393,138993524840
11354113,8192,1,1214427,99786388904,138308441796
11362305,8192,1,1448539,99876697498,143817709507
11370497,8192,1,1443442,99905517041,143023095571
11378689,8192,1,1372946,99494705111,138341021689
11386881,8192,1,1460716,99919270857,143612881274
11395073,8192,1,1324871,99802789764,141852877552
11403265,8192,1,1294644,99751712798,138918809607
11411457,8192,1,1427163,99936036914,138628670257
11419649,8192,1,1470939,99901096311,139383610913
11427841,8192,1,1374494,99957562220,139137894240
11436033,8192,1,1412862,100230306566,138590444987
11444225,8192,1,1374249,100053691309,138171252816
11452417,8192,1,1571219,99840223592,138771714104
11460609,8192,1,1495879,100010686253,138376862283
11468801,8192,1,1604419,100116741671,143318574142
11476993,8192,1,1633118,99820704698,140884626853
11485185,8192,1,1504462,99935838936,148149471353
11493377,8192,1,1317697,100499782245,144661909911
11501569,8192,1,1456024,100174119560,140118244103
11509761,8192,1,1513323,100006134277,138165903016
11517953,8192,1,1519607,99951925790,140408486075
11526145,8192,1,1383406,99807024509,138280620913
11534337,8192,1,1422653,100061173912,143407797984
11542529,8192,1,1545477,99930647157,142089170463
11550721,8192,1,1558532,100242503361,142604915623
11558913,8192,1,1504436,99761429052,139921922509
11567105,8192,1,1457170,99838244510,142854041719
11575297,8192,1,1421856,100360462892,142175954712
11583489,8192,1,1555722,100143247311,145386600281
11591681,8192,1,1574678,99900660852,142881016597
11599873,8192,1,1594565,100048647754,143656003656
11608065,8192,1,1659040,100329595801,145965272975
11616257,8192,1,1617443,100220177970,142415730866
11624449,8192,1,1532623,100080599389,142350810093
11632641,8192,1,1542361,100037161583,145263918408
11640833,8192,1,1571861,100308996380,141573725909
11649025,8192,1,1395721,100378559333,143290622288
11657217,8192,1,1490221,100226114683,143380872595
11665409,8192,1,1513739,99985733401,141431516838
11673601,8192,1,1486715,99964988407,140984935902
11681793,8192,1,1497379,99497295251,142321306302
11689985,8192,1,1555675,99583756838,140335435740
11698177,8192,1,1526425,99975239456,139407637080
11706369,8192,1,1506885,100205850486,160492217000
11714561,8192,1,1417140,100076759648,163162645120
11722753,8192,1,1419327,100185239943,153967742755
11730945,8192,1,1535326,99752558396,143811560249
11739137,8192,1,1475350,100121062315,141829444240
11747329,8192,1,1462315,100110564487,143252493332
11755521,8192,1,1607984,100218708518,145311301129
11763713,8192,1,1561092,100091344980,141754042506
11771905,8192,1,1634365,99974635368,138813972253
11780097,8192,1,1611463,100152909187,143075910055
11788289,8192,1,1659488,100051303446,140811230326
11796481,8192,1,1665774,99976385541,140012772400
11804673,8192,1,1595345,99986758305,138354714985
11812865,8192,1,1524046,99728316562,138883306924
11821057,8192,1,1641213,100165414493,141042471308
11829249,8192,1,1680031,99908869524,138371309068
11837441,8192,1,1612325,99880712091,140988762798
11845633,8192,1,1614251,99971067648,142830774075
11853825,8192,1,1556277,99978320446,142951581093
11862017,8192,1,1512954,100017672279,142693155789
11870209,8192,1,1549037,99886206895,141082359456
11878401,8192,1,1571428,100164009970,143324006143
11886593,8192,1,1668305,100312517315,142898473277
11894785,8192,1,1682065,100025730811,144953182903
11902977,8192,1,1570310,100112225843,145072117605
11911169,8192,1,1644933,100154217941,144614452295
11919361,8192,1,1656821,100207884794,144195246680
11927553,8192,1,1582493,100126425907,141390074830
11935745,8192,1,1521475,100167079312,143604843969
11943937,8192,1,1521683,100388045346,148958556149
11952129,8192,1,1489299,99966830319,151283050739
11960321,8192,1,1544635,100287189976,147738562070
11968513,8192,1,1561452,100362822758,149509477871
11976705,8192,1,1547967,99807104865,149399181327
11984897,8192,1,1485163,100423627141,145064280576
11993089,8192,1,1491502,100554250927,144669223918
12001281,8192,1,1511597,100501602390,145994872274
12009473,8192,1,1613129,100389557491,148271605466
12017665,8192,1,1618139,100182492628,146205992822
12025857,8192,1,1670231,100793818551,142170048324
12034049,8192,1,1618179,100973456970,146091616793
12042241,8192,1,1636290,100626663293,145099339161
12050433,8192,1,1664045,100791135270,142018886303
12058625,8192,1,1614383,100610086286,140647906740
12066817,8192,1,1626536,100553630407,141030286077
12075009,8192,1,1627135,100664025896,145275647897
12083201,8192,1,1538091,100839562356,146677720639
12091393,8192,1,1630555,100752831001,140280898154
12099585,8192,1,1633198,100611408516,147250496911
12107777,8192,1,1693381,100714695598,143319992432
12115969,8192,1,1640460,100682351254,145568059490
12124161,8192,1,1538108,100693050780,147299507260
12132353,8192,1,1528903,100580839188,146095761888
12140545,8192,1,1638145,100567752635,146812012665
12148737,8192,1,1686577,100662518085,145811028356
12156929,8192,1,1700547,100764775287,148792167458
12165121,8192,1,1713298,100590983304,150795165239
12173313,8192,1,1558439,100652606920,149397916089
12181505,8192,1,1598931,100706966213,149973847679
12189697,8192,1,1658474,100768276142,150858881674
12197889,8192,1,1637377,100917775639,148485369241
12206081,8192,1,1654920,100978253443,149402035552
12214273,8192,1,1653938,101056372273,151938882625
12222465,8192,1,1558132,101083378473,153237592341
12230657,8192,1,1706312,101058340035,153679486355
12238849,8192,1,1767076,101153617321,154065990671
12247041,8192,1,1547107,101156385394,156375891267
12255233,8192,1,1807586,101213455045,153413998811
12263425,8192,1,1827918,101340557214,152813633703
12271617,8192,1,1812421,101225928616,153968662991
12279809,8192,1,1929005,102065174460,149873463412
12288001,8192,1,1974887,113736085303,170282053173
12296193,8192,1,2023402,120815230694,185768915455
12304385,8192,1,1812523,120875986075,184270287222
12312577,8192,1,1728126,121038645094,195229390992
12320769,8192,1,1828550,120484717452,193658929193
12328961,8192,1,1856686,120211855092,192802471714
12337153,8192,1,1960808,120130384288,186160704894
12345345,8192,1,1834647,120407730128,190376539429
12353537,8192,1,1789128,120394301428,195891276630
12361729,8192,1,1845221,120562860077,193492380859
12369921,8192,1,1928680,120791685995,191451985133
12378113,8192,1,1897871,120919218796,190910529658
12386305,8192,1,1956011,121273660873,190561023718
12394497,8192,1,2024916,121410961017,186455575422
12402689,8192,1,2206937,120878046089,186936836420
12410881,8192,1,2161590,121219190569,177124626484
12419073,8192,1,2154173,120712639060,172830366558
12427265,8192,1,2025421,121107996489,188118051753
12435457,8192,1,1919756,121298892011,187875063510
12443649,8192,1,1849268,121098408850,189193426472
12451841,8192,1,1841994,121305918840,192418048810
12460033,8192,1,1812728,121289513405,187569252514
12468225,8192,1,1836821,121131924561,203672867592
12476417,8192,1,1847130,121013257890,195641504232
12484609,8192,1,1726342,121110215473,196104962234
12492801,8192,1,1565797,121227551605,197221551280
12500993,8192,1,1661227,120989838462,192376138395
12509185,8192,1,1657744,121397791130,191946635712
12517377,8192,1,1686415,120881512313,189126283724
12525569,8192,1,1635921,121020595616,185022062217
12533761,8192,1,1638295,120828007952,190382431090
12541953,8192,1,1630729,121115033416,192797966232
12550145,8192,1,1669238,121350515963,191105553265
12558337,8192,1,1606500,120840646922,183360712862
12566529,8192,1,1705647,120843737763,192355812640
12574721,8192,1,1593840,120738844726,189596080021
12582913,8192,1,1428541,118845017866,189343695787
12591105,8192,1,1527605,119581549488,195311482335
12599297,8192,1,1538160,121177086792,193375300878
12607489,8192,1,1544054,120921611838,193672838489
12615681,8192,1,1489350,121042433482,191778900132
12623873,8192,1,1435704,119449851412,192226638646
12632065,8192,1,1452687,118027659375,192168477025
12640257,8192,1,1546021,120587022943,194141588180
12648449,8192,1,1522355,120371457890,191664358551
12656641,8192,1,1515099,120323786912,191944719793
12664833,8192,1,1463056,119801520354,186870987629
12673025,8192,1,1336569,117778012653,185905722669
12681217,8192,1,1523979,120492919264,198918249453
12689409,8192,1,1641347,120800581446,201606153342
12697601,8192,1,1517616,120209411085,195851304187
12705793,8192,1,1572885,120784865947,195180068404
12713985,8192,1,1443041,119223702600,192042286841
12722177,8192,1,1560503,118711360145,193027066347
12730369,8192,1,1710200,120752573783,203293743081
12738561,8192,1,1525513,120574020911,194401902286
12746753,8192,1,1545180,120340259097,194665820051
12754945,8192,1,1491209,119617730910,190286491130
12763137,8192,1,1419517,119567393503,192521716997
12771329,8192,1,1443602,118754868552,194301888282
12779521,8192,1,1749998,120716159388,182103239668
12787713,8192,1,1637823,120792717738,187700946055
12795905,8192,1,1547938,120670804712,186964994286
12804097,8192,1,1433400,119784397229,190898581014
12812289,8192,1,1468640,119538963045,189012240837
12820481,8192,1,1536022,121005829418,190112572059
12828673,8192,1,1544028,120698206806,193248573841
12836865,8192,1,1619752,120820573618,194702453311
12845057,8192,1,1531456,120973407095,188237412499
12853249,8192,1,1483024,120987635474,188152599701
12861441,8192,1,1519507,120664198995,195343535228
12869633,8192,1,1543637,120610778641,200444190680
12877825,8192,1,1551096,121002511251,201979997568
12886017,8192,1,1516209,121052750886,200406898087
12894209,8192,1,1517293,120791191879,207192043369
12902401,8192,1,1553524,121085055387,204907464415
12910593,8192,1,1693757,121300295216,203608656212
12918785,8192,1,1672044,121340799798,197658717179
12926977,8192,1,1655404,120941956310,199247545673
12935169,8192,1,1569906,120926210670,196870063865
12943361,8192,1,1540925,121105298293,205764413121
12951553,8192,1,1641688,121015559738,200156178714
12959745,8192,1,1563783,120859188337,199759127080
12967937,8192,1,1512297,121685096229,196497274151
12976129,8192,1,1516976,126805399318,197611546241
12984321,8192,1,1530715,126881112753,198899591433
12992513,8192,1,1500023,126849103803,197806162075
13000705,8192,1,1525062,126762365924,189475550857
13008897,8192,1,1570898,126628575442,193587243056
13017089,8192,1,1515070,126715629496,195736629550
13025281,8192,1,1491295,126737597201,188888525658
13033473,8192,1,1399447,126800876454,190226879464
13041665,8192,1,1612103,126573305644,195934599118
13049857,8192,1,1564889,126570069748,196819420523
13058049,8192,1,1549927,126511290892,197966788997
13066241,8192,1,1574840,126648398482,201326277123
13074433,8192,1,1517669,127023106100,201361041283
13082625,8192,1,1555248,127201822791,203047091764
13090817,8192,1,1556053,126522950159,196155460503
13099009,8192,1,1504861,126490789213,196897821608
13107201,8192,1,1482066,126504578382,194597634985
13115393,8192,1,1426374,126482546404,186098862558
13123585,8192,1,1422652,126575548760,189064063499
13131777,8192,1,1500669,126501919615,193291324375
13139969,8192,1,1580952,126501645806,191499578215
13148161,8192,1,1572191,126580580822,182244807487
13156353,8192,1,1502663,126435071350,169879500103
13164545,8192,1,1495807,126867900914,173399948100
13172737,8192,1,1485620,126758082578,179396289883
13180929,8192,1,1624283,126445008957,185289397290
13189121,8192,1,1487793,126454067159,176571754202
13197313,8192,1,1590087,126448018907,186631564482
13205505,8192,1,1603957,126508967574,198142545792
13213697,8192,1,1515619,126648476624,196002196759
13221889,8192,1,1594506,126480910175,196256331746
13230081,8192,1,1571457,126542193961,197714487425
13238273,8192,1,1535402,126591571689,193970962865
13246465,8192,1,1493317,126453218947,187182003268
13254657,8192,1,1432522,126495905368,198251971194
13262849,8192,1,1488041,126602949682,197939652876
13271041,8192,1,1487836,126367437642,189364427811
13279233,8192,1,1482494,126265843066,197258062568
13287425,8192,1,1540706,126290664704,193704006847
13295617,8192,1,1431213,126416230124,196669063257
13303809,8192,1,1381642,126377743039,193945039144
13312001,8192,1,1425200,126414184386,192468843087
13320193,8192,1,1446442,126433497478,195277099467
13328385,8192,1,1451568,126525699709,194403987547
13336577,8192,1,1488450,126443773151,186844472298
13344769,8192,1,1448829,126470974452,202574983687
13352961,8192,1,1435386,126473514687,200876278014
13361153,8192,1,1537204,126540746888,192026369901
13369345,8192,1,1706359,126382828597,193168737151
13377537,8192,1,1739316,126452726028,193089743769
13385729,8192,1,1559597,126463514796,192571486144
13393921,8192,1,1464328,126468436719,199310726381
13402113,8192,1,1527548,126619040869,191758536474
13410305,8192,1,1540567,126512649425,196381971747
13418497,8192,1,1579041,126657363768,192886518770
13426689,8192,1,1652004,126401984278,186886639853
13434881,8192,1,1484258,126375922545,197796980274
13443073,8192,1,1553385,126524177526,203709632336
13451265,8192,1,1545506,126393109813,195037211648
13459457,8192,1,1617660,126509408506,201069674605
13467649,8192,1,1617160,126539220161,198680714202
13475841,8192,1,1597888,126604477600,200707851322
13484033,8192,1,1607554,126579892965,198327361591
13492225,8192,1,1693151,126510267086,198289475483
13500417,8192,1,1730955,126614551074,191111703384
13508609,8192,1,1907030,126451741784,188257476664
13516801,8192,1,1860726,126544257334,193896543237
13524993,8192,1,1743498,126502399379,193159260980
13533185,8192,1,1699555,126537553304,195005021428
13541377,8192,1,1797680,126444001381,194402054920
13549569,8192,1,1806412,126438385106,201678552744
13557761,8192,1,1726244,126479692212,198159055841
13565953,8192,1,1638285,126346564082,197892952130
13574145,8192,1,1634714,126449381758,206707190002
13582337,8192,1,1718939,126525685269,194857545999
13590529,8192,1,1768713,126417251634,195642003132
13598721,8192,1,1731576,126409827801,192031816099
13606913,8192,1,1714696,126194994571,191832196664
13615105,8192,1,1662689,126332832338,204662923763
13623297,8192,1,1659344,126354562546,194338842582
13631489,8192,1,1688326,126167088507,198542028580
13639681,8192,1,1740343,126358272138,203482309129
13647873,8192,1,1656537,126321177990,196334359899
13656065,8192,1,1504782,126229054599,201486609187
13664257,8192,1,1627117,126324235982,202055429137
13672449,8192,1,1617372,126397597617,195463468153
13680641,8192,1,1717682,126185351143,201387488483
13688833,8192,1,1681875,126418968592,201465074849
13697025,8192,1,1659942,126214234182,200911182740
13705217,8192,1,1493091,126442876345,195603623146
13713409,8192,1,1639977,126344852300,200063487086
13721601,8192,1,1637728,126406992783,195155200688
13729793,8192,1,1662768,126254851194,202385797955
13737985,8192,1,1572229,126483226636,203076704120
13746177,8192,1,1626524,126076081216,207426296094
13754369,8192,1,1809146,126386695047,213288420864
13762561,8192,1,1603948,126355692540,205099490165
13770753,8192,1,1713010,126362941154,213053611888
13778945,8192,1,1595162,126358123369,209981368632
13787137,8192,1,1503295,126594660549,201410093790
13795329,8192,1,1492449,126654128960,205512997778
13803521,8192,1,1550781,126482616958,207331661681
13811713,8192,1,1601370,126555088393,202746528919
13819905,8192,1,1499991,126600144015,203937003685
13828097,8192,1,1579600,126426324518,200833689767
13836289,8192,1,1451918,126589449884,210963798217
13844481,8192,1,1485911,126671407417,200958115772
13852673,8192,1,1510421,126431496750,198256022281
13860865,8192,1,1590569,126516589514,200764901231
13869057,8192,1,1615665,126504700303,205715962530
13877249,8192,1,1657339,126494229879,204281224826
13885441,8192,1,1530995,126632403991,212236894931
13893633,8192,1,1593121,126305831185,206969906978
13901825,8192,1,1594780,126628482611,195762754387
13910017,8192,1,1574979,126512975265,202910103900
13918209,8192,1,1528537,126494511250,219453537342
13926401,8192,1,1485566,126581521439,212707745009
13934593,8192,1,1516224,126693079215,213066368961
13942785,8192,1,1526924,126579720747,206877006675
13950977,8192,1,1595071,126529604427,218231842358
13959169,8192,1,1523136,126501530450,216482011693
13967361,8192,1,1498767,126596003961,212789020799
13975553,8192,1,1406922,126595942080,202823109950
13983745,8192,1,1599497,126504388876,197314846508
13991937,8192,1,1623488,126638294462,206342496417
14000129,8192,1,1622392,126578067124,203165604667
14008321,8192,1,1539581,126538188694,197057852144
14016513,8192,1,1479134,126565197225,218833652073
14024705,8192,1,1502447,126588974527,210771797159
14032897,8192,1,1478763,126487822388,209825642955
14041089,8192,1,1533746,126627724761,210548246055
14049281,8192,1,1519738,126594957346,208879267752
14057473,8192,1,1519493,126528476406,211525618186
14065665,8192,1,1378968,126547954984,200913248063
14073857,8192,1,1474826,126438035641,211116692505
14082049,8192,1,1461458,126597812191,211717834553
14090241,8192,1,1463314,126464976827,204002379949
14098433,8192,1,1441040,126385694310,203832200322
14106625,8192,1,1436453,126491228880,210869557840
14114817,8192,1,1496948,126733919140,210274640857
14123009,8192,1,1496987,126542528909,207012422535
14131201,8192,1,1452980,126436119407,210444422149
14139393,8192,1,1423186,126572325359,210869401359
14147585,8192,1,1569308,126563222552,216198893138
14155777,8192,1,1464535,126571618605,214168787837
14163969,8192,1,1479519,126524555259,212487990415
14172161,8192,1,1499313,126468901517,213966071559
14180353,8192,1,1565348,126623168177,210655790521
14188545,8192,1,1470830,126464552679,216226417896
14196737,8192,1,1400549,126494842685,214487327969
14204929,8192,1,1453105,126753079308,221771405664
14213121,8192,1,1460111,126568950512,211477111927
14221313,8192,1,1520459,126652167619,211675270664
14229505,8192,1,1499272,126638616386,217313963639
14237697,8192,1,1548944,126740822535,214125649078
14245889,8192,1,1633816,126506755658,228516267310
14254081,8192,1,1445619,126723848661,211190573470
14262273,8192,1,1431866,126541088768,208364500720
14270465,8192,1,1484052,126508469815,211226929248
14278657,8192,1,1449156,126566654615,212978545927
14286849,8192,1,1474927,126698119621,220219855343
14295041,8192,1,1393083,126635507728,216230833485
14303233,8192,1,1469593,126594053976,209127468540
14311425,8192,1,1512033,126538804256,213374229169
14319617,8192,1,1481371,126576921156,216371891542
14327809,8192,1,1430169,126566265060,216126902838
14336001,8192,1,1419150,126722723223,214670718688
14344193,8192,1,1480284,126435774983,218622216302
14352385,8192,1,1528548,126476867898,227640426326
14360577,8192,1,1546887,126808255314,229607849703
14368769,8192,1,1435509,126571790084,221682343624
14376961,8192,1,1386650,126499954858,221907857247
14385153,8192,1,1382223,126651656770,220971822484
14393345,8192,1,1488051,126664579673,218238547243
14401537,8192,1,1553934,126545677652,224004240694
14409729,8192,1,1634007,126563665151,216198331782
14417921,8192,1,1442200,126580746495,220989807642
14426113,8192,1,1413632,126478067233,228846948566
14434305,8192,1,1548109,126551840239,222132289289
14442497,8192,1,1470527,126615549801,222366596586
14450689,8192,1,1478434,126677467809,217167893201
14458881,8192,1,1458738,126597790863,216918671033
14467073,8192,1,1426514,126403031347,220951068048
14475265,8192,1,1482168,126709937913,225147262124
14483457,8192,1,1557468,126539321538,219140385465
14491649,8192,1,1470187,126437944162,218350531205
14499841,8192,1,1477967,126523369672,215572635073
14508033,8192,1,1465952,126535822834,239808851979
14516225,8192,1,1348724,126493420690,224947300784
14524417,8192,1,1408175,126557593458,220292959075
14532609,8192,1,1417407,126601214291,217816301436
14540801,8192,1,1453750,126608916838,215438228071
14548993,8192,1,1403369,126516523197,213335985280
14557185,8192,1,1395108,126600906242,226459227279
14565377,8192,1,1422523,126760302959,220652815696
14573569,8192,1,1419444,126405917316,210834551412
14581761,8192,1,1376103,126440498278,211366792455
14589953,8192,1,1432106,126608941369,214994941633
14598145,8192,1,1389518,126692065880,212776886236
14606337,8192,1,1325891,126592054869,225575982830
14614529,8192,1,1430620,126570249130,220579022527
14622721,8192,1,1640576,126530216669,221250688801
14630913,8192,1,1458194,126511255699,203323689800
14639105,8192,1,1452283,126394466641,216013401546
14647297,8192,1,1349319,126566104062,226007840210
14655489,8192,1,1452911,126604604446,217643717186
14663681,8192,1,1448499,126332373287,216108904383
14671873,8192,1,1483751,126448598311,218784038072
14680065,8192,1,1524626,126486693032,217344610037
14688257,8192,1,1527468,126545672360,216782167660
14696449,8192,1,1472173,126525431009,197474073870
14704641,8192,1,1419681,126533194875,211402920396
14712833,8192,1,1437270,126467171242,220699432824
14721025,8192,1,1512036,126367840991,220593773984
14729217,8192,1,1439500,126305664805,225265295930
14737409,8192,1,1387353,126409670149,224517171229
14745601,8192,1,1499311,126425130097,227086411078
14753793,8192,1,1558145,126172894422,225111527869
14761985,8192,1,1718804,126212903238,222539785972
14770177,8192,1,1717370,126029090030,225840581471
14778369,8192,1,1473904,126362945352,228208257505
14786561,8192,1,1449449,126492807622,237645354347
14794753,8192,1,1477860,126429514269,220031716788
14802945,8192,1,1512924,126383475179,221381562667
14811137,8192,1,1483765,126427560226,220698045706
14819329,8192,1,1469039,126465883445,212293808711
14827521,8192,1,1400910,126617871845,212559056439
14835713,8192,1,1464190,126577008600,213137758270
14843905,8192,1,1463597,126488966318,206094482858
14852097,8192,1,1435958,126350436560,204577794721
14860289,8192,1,1428608,126334006669,206912909506
14868481,8192,1,1442830,126593504235,210999663374
14876673,8192,1,1444089,126454820297,199097362666
14884865,8192,1,1489984,126427635219,197674491649
14893057,8192,1,1459687,126567897831,197174334185
14901249,8192,1,1429581,126389935326,192020562400
14909441,8192,1,1388421,126535790245,195495869738
14917633,8192,1,1472067,126496416288,194581991202
14925825,8192,1,1441937,126455027935,197543874073
14934017,8192,1,1444164,126497768001,188241495254
14942209,8192,1,1483479,126356513150,194607041972
14950401,8192,1,1440249,126385110650,213476869713
14958593,8192,1,1526412,126307268112,215604007122
14966785,8192,1,1552881,126293740397,219226269711
14974977,8192,1,1547396,126094740945,212704735288
14983169,8192,1,1536599,126211707939,207516725979
14991361,8192,1,1489033,126224000392,221808117319
14999553,8192,1,1453488,126264788639,213958449754
15007745,8192,1,1511797,126501254834,208814891881
15015937,8192,1,1503036,126279848457,208339018725
15024129,8192,1,1519956,126405073088,209304087161
15032321,8192,1,1423112,126368472028,196049856372
15040513,8192,1,1514298,126447574509,205708378778
15048705,8192,1,1540708,126248790503,201492890537
15056897,8192,1,1512494,126305588741,211352113714
15065089,8192,1,1499260,126337822141,206705000426
15073281,8192,1,1452264,126555139864,206721037503
15081473,8192,1,1479484,126496906125,205419048820
15089665,8192,1,1488701,126582720631,202225274977
15097857,8192,1,1503925,126385361299,201454582816
15106049,8192,1,1479703,126275675270,200430991183
15114241,8192,1,1487831,126443159552,204505762736
15122433,8192,1,1451943,126750094045,197234253464
15130625,8192,1,1432546,126356114172,198560822235
15138817,8192,1,1498517,126157841850,203183269702
15147009,8192,1,1502133,126486746806,203529548616
15155201,8192,1,1580935,126483403980,208113244591
15163393,8192,1,1575190,126219434040,209817771450
15171585,8192,1,1536284,126327883878,205927353360
15179777,8192,1,1488705,126401251390,204768095595
15187969,8192,1,1535856,126380404561,206662224608
15196161,8192,1,1502255,126340565283,210566977963
15204353,8192,1,1457865,126470528973,209437990407
15212545,8192,1,1475951,126706209220,213030347774
15220737,8192,1,2099730,126390140428,234346022695
15228929,8192,1,1507534,126385341833,213707028798
15237121,8192,1,1532314,126415790802,214417544014
15245313,8192,1,1492981,126326458992,213103216117
15253505,8192,1,1473283,126472813488,215412835071
15261697,8192,1,1660048,126534594704,222263063937
15269889,8192,1,1600297,126589300886,222198097231
15278081,8192,1,1808125,126391955349,228738380882
15286273,8192,1,1509403,126411630842,212888162517
15294465,8192,1,1492102,126503841855,218888400555
15302657,8192,1,1481006,126879977162,212161987317
15310849,8192,1,1455573,126338823947,205546257446
15319041,8192,1,1468523,126384171157,205926982358
15327233,8192,1,1455118,126452603869,206852393013
15335425,8192,1,1428014,126484960125,209567663126
15343617,8192,1,1414560,126583909748,210958554652
15351809,8192,1,1433222,126370246098,203859101919
15360001,8192,1,1438656,126724972455,211375711481
15368193,8192,1,1422503,126526502925,205199569873
15376385,8192,1,1417976,126364437949,209714927423
15384577,8192,1,1424419,126656766137,213530312152
15392769,8192,1,1381472,126593536534,204402819041
15400961,8192,1,1366854,126560232721,204838361293
15409153,8192,1,1391499,126696531231,209989590410
15417345,8192,1,1408332,126595281337,204313478507
15425537,8192,1,1382698,126492112406,207515179358
15433729,8192,1,1361048,126653338550,203220411013
15441921,8192,1,1392230,126508621863,202393786117
15450113,8192,1,1350466,126393470273,198933613747
15458305,8192,1,1425866,126500624148,202015645592
15466497,8192,1,1388874,126680471683,200642388282
15474689,8192,1,1432354,126763626150,207568043701
15482881,8192,1,1439442,126625747723,204880923061
15491073,8192,1,1418575,126514564670,208498672391
15499265,8192,1,1399446,126591544745,197907861334
15507457,8192,1,1421860,126366550708,205867388024
15515649,8192,1,1386719,126711988256,211397415285
15523841,8192,1,1434635,126473241960,202026090323
15532033,8192,1,1480058,126415568321,208364666590
15540225,8192,4702882,1539317,126223755357,206744592443
15548417,8192,4711204,1549433,125266962992,211059824699
15556609,8192,4719481,1506999,125314419131,216237756311
15564801,8192,4727753,1326511,125385512822,212046549848
15572993,8192,4736026,1301225,125359407921,208831041172
15581185,8192,4744366,1298022,125291818536,205119296611
15589377,8192,4752640,1292103,125493083866,209844734268
15597569,8192,4760873,1269576,125171890894,205752157285
15605761,8192,4769097,1281934,125158789139,210552500747
15613953,8192,4777324,1266483,125184058805,206328060143
15622145,8192,4785575,1310843,125352153039,209001325709
15630337,8192,4793834,1350424,125402191477,208056454599
15638529,8192,4802063,1271916,125290664131,205869267954
15646721,8192,4810311,1382229,125417435852,199824101979
15654913,8192,4818560,1341844,125241377890,205013991836
15663105,8192,4826793,1338871,125235624379,215107622375
15671297,8192,4835033,1473498,125267623539,193202252768
15679489,8192,4843307,1341943,125238576083,206864810417
15687681,8192,4851548,1358945,125339300495,212630656743
15695873,8192,4859783,1366233,125332552702,203636234500
15704065,8192,4868035,1366939,125309608945,205684776743
15712257,8192,4876269,1258668,125580844155,167501060119
15720449,8192,4884504,1269011,125586649741,178702844213
15728641,8192,4892734,1290568,125336795671,199395000467
15736833,8192,4900965,1218505,125671533571,195333389774
15745025,8192,4909209,1270641,125186719880,207306123385
15753217,8192,4917440,1222591,125621248902,200857830582
15761409,8192,4925676,1136071,125642950151,199144562930
15769601,8192,4933927,1207034,125446738312,205896741325
15777793,8192,4942152,1230057,125167110607,195372070766
15785985,8192,4950396,1236387,125097758007,199382331984
15794177,8192,4958625,1304488,125171471581,203542381474
15802369,8192,4966858,1224835,125188882612,201108826584
15810561,8192,4975086,1104271,125176226874,202475641597
15818753,8192,4983340,1191983,125462451283,204979046861
15826945,8192,4991606,1208452,124895221202,200886417461
15835137,8192,4999843,1258925,124696117492,206454952087
15843329,8192,5008082,1266737,124905141764,206340371002
15851521,8192,5016328,1181380,124808204719,202675958208
15859713,8192,5024572,1181075,124913583891,208111605579
15867905,8192,5032801,1198642,124853581395,207088961823
15876097,8192,5041067,1256946,124485974258,203518012786
15884289,8192,5049305,1185695,124420511601,206985606232
15892481,8192,5057550,1237468,124320433939,201720653840
15900673,8192,5065779,1160265,124212174085,209994342766
15908865,8192,5074016,1058092,124650352681,206928421032
15917057,8192,5082245,1154274,124317182853,208537298184
15925249,8192,5090476,1267752,124214048769,209628562053
15933441,8192,5098721,1375306,124264129443,221092293488
15941633,8192,5106967,1389702,123940720851,221151804643
15949825,8192,5115210,1290366,124034382029,218414515563
15958017,8192,5123438,1173643,124359427972,221956550166
15966209,8192,5131663,1310249,124224713160,229508560286
15974401,8192,5139899,1340522,124099640351,233563966843
15982593,8192,5148147,1235970,124322924690,220914061015
15990785,8192,5156389,1283371,124198929531,217181850149
15998977,8192,5164630,1225813,124186386101,214987597422
16007169,8192,5172864,1052847,124623074343,208260858034
16015361,8192,5181097,1052959,124493600992,222395138234
16023553,8192,5189331,1090688,124243013279,222409592759
16031745,8192,5197584,1104026,124381451256,215901492236
16039937,8192,5205840,1123041,124395808586,215368392351
16048129,8192,5214078,1134623,124830620768,218483317269
16056321,8192,5222314,1125502,124617193118,223497779026
16064513,8192,5230552,1010762,124683765373,225037736836
16072705,8192,5238780,1246034,124333477118,222571208691
16080897,8192,5247021,1178575,124260753374,227927858495
16089089,8192,5255267,1123580,124306431578,224009221107
16097281,8192,5263499,1140851,124439942230,220616003572
16105473,8192,5271733,1161857,124361331384,223647520253
16113665,8192,5279979,1109178,124669356777,228115021553
16121857,8192,5288231,1162628,124391196480,221024322741
16130049,8192,5296473,1180458,124399949367,219973051989
16138241,8192,5304780,1078802,124660642804,216144107134
16146433,8192,5313022,1399504,124480225073,232876902367
16154625,8192,5321262,1831486,124194901488,261340241917
16162817,8192,5329495,1289430,124612317459,244989435970
16171009,8192,5337741,1315758,124340884409,229158498553
16179201,8192,5345985,1305539,124066232016,235118570144
16187393,8192,5354220,1237219,124237008425,229508199109
16195585,8192,5362459,1242340,124164031098,224396440884
16203777,8192,5370696,1298513,123955699854,228205356928
16211969,8192,5378936,1110066,124443582796,236232253297
16220161,8192,5387165,1089412,124386084913,222136836474
16228353,8192,5395399,1161951,123977256702,220960752857
16236545,8192,5403630,1168807,124125228021,227612804637
16244737,8192,5411850,1131902,124288779632,228519178193
16252929,8192,5420067,1149718,124332292810,238908003068
16261121,8192,5428297,1006443,124925233758,249959396112
16269313,8192,5436528,1004179,124695474779,227707798914
16277505,8192,5444770,1149822,124398327669,235049103359
16285697,8192,5452994,1133861,124278260394,233383699743
16293889,8192,5461230,1092288,124265714717,234820183959
16302081,8192,5469460,1072509,124403719165,242146223904
16310273,8192,5477688,941325,124731511962,257713865364
16318465,8192,5485913,882467,124766784923,226927635786
16326657,8192,5494140,1064365,124413151568,220293100845
16334849,8192,5502372,1203661,124227087257,223016778395
16343041,8192,5510610,1295735,124036901019,234304719511
16351233,8192,5518848,1181661,124111787777,225652922823
16359425,8192,5527079,1079067,124533103336,246306900429
16367617,8192,5535309,1377208,124373927230,247936849004
16375809,8192,5543539,1202265,124039788633,245975018913
16384001,8192,5551774,1240571,124100331466,229067420148
16392193,8192,5560023,1251207,124003722518,232887031302
16400385,8192,5568264,1239850,124052994132,224181438304
16408577,8192,5576488,1265814,123867348059,241195627350
16416769,8192,5584742,1147721,124148195400,242611740908
16424961,8192,5592977,1192692,124003358239,243484438364
16433153,8192,5601200,1188570,124166203859,231983344053
16441345,8192,5609436,1214158,123872046169,237235703564
16449537,8192,5617666,1166299,124245007447,225690311641
16457729,8192,5625902,1176755,123985010086,243822330684
16465921,8192,5634141,1029846,124556794423,230945309102
16474113,8192,5642371,1087223,124368765692,225187163075
16482305,8192,5650601,1173116,124180458932,226561302069
16490497,8192,5658845,1158866,124219659457,228927512830
16498689,8192,5667082,1248259,124168429071,233932660717
16506881,8192,5675313,1170549,124282739423,232257489073
16515073,8192,5683551,1131564,124390215662,227419659391
16523265,8192,5691780,1225728,123979933211,229350634257
16531457,8192,5700013,1233882,124053338198,226915312759
16539649,8192,5708260,1211444,123988503328,234783720543
16547841,8192,5716525,1256586,123922282104,222947129841
16556033,8192,5724762,1230919,124009051113,223693912645
16564225,8192,5732991,1239040,124028389925,235142415075
16572417,8192,5741223,1226880,123982832351,229782580330
16580609,8192,5749471,1296813,123813847300,222232351328
16588801,8192,5757729,1266771,123805018180,225945182529
16596993,8192,5765970,1247419,123939513129,231815335035
16605185,8192,5774205,1147285,124058090877,233030254075
16613377,8192,5782440,1084123,124251855466,230638763437
16621569,8192,5790686,1209663,124076116461,228417074400
16629761,8192,5798933,1278174,124175952832,226655672223
16637953,8192,5807177,1330708,123602214180,215989911487
16646145,8192,5815423,1279631,123702477060,226272477621
16654337,8192,5823744,1183021,123877292698,232080826612
16662529,8192,5832032,1132813,124094677752,246788819735
16670721,8192,5840313,1209310,123989450841,240356263854
16678913,8192,5848599,1253099,123926563458,233962539617
16687105,8192,5856905,1251013,124004103042,233402734069
16695297,8192,5865191,1245742,123923427248,223720332136
16703489,8192,5873502,1235602,124080283695,240343071469
16711681,8192,5881803,1135044,124299971638,247641962916
16719873,8192,5890089,1154719,124214204463,237943492926
16728065,8192,5898362,1210401,123956363401,231796315831
16736257,8192,5906658,1246107,123945396983,223655931609
16744449,8192,5914960,1250768,123917230336,228256284371
16752641,8192,5923268,1232077,123922994202,227436331075
16760833,8192,5931557,1101217,124016467187,225815443809
16769025,8192,5939852,1115077,123940593590,220180844758
16777217,8192,5948143,1203820,123946925971,218699365975
16785409,8192,5956437,1190451,123833585470,219354301292
16793601,8192,5964730,1192548,123749498190,214499123184
16801793,8192,5973054,1222847,123956529365,227493979222
16809985,8192,5981358,1158585,123615753440,230688189057
16818177,8192,5989636,1190257,123880766762,236202822987
16826369,8192,5997923,1315502,124066841094,228047523805
16834561,8192,6006221,1280191,123785793744,221151252717
16842753,8192,6014515,1218102,123790540045,217541663696
16850945,8192,6022798,1219963,123930827780,223182515398
16859137,8192,6031084,1161119,123958338109,232126203032
16867329,8192,6039371,1171240,124129112556,232282199995
16875521,8192,6047642,1267203,123879852147,227553712097
16883713,8192,6055930,1262897,123950930417,227690411436
16891905,8192,6064228,1232554,123924166484,220191419804
16900097,8192,6072508,1261532,123799373290,216898470765
16908289,8192,6080793,1204241,123697797710,224549511942
16916481,8192,6089077,1166469,123872500417,232026306577
16924673,8192,6097362,1313286,123887439402,223024181069
16932865,8192,6105654,1318114,123736211580,229451762702
16941057,8192,6113948,1371249,123781285971,223299173537
16949249,8192,6122230,1324221,123851146021,225258454894
16957441,8192,6130520,1201645,123770774514,232651702072
16965633,8192,6138828,1130553,124115291400,231997659475
16973825,8192,6147196,1206396,123973096845,222757095561
16982017,8192,6155571,1296153,123799597728,220908983392
16990209,8192,6163998,1245876,123829143218,223300193589
16998401,8192,6172357,1236370,123949207012,227513704019
17006593,8192,6180713,1095386,124186445686,226445123329
17014785,8192,6189078,1097696,124373036821,248990881941
17022977,8192,6197431,1184850,124038711706,226432349423
17031169,8192,6205770,1232776,123930837647,224773265784
17039361,8192,6214644,1316623,123920763300,225514389439
17047553,8192,6223141,1373527,123682150949,226391178547
17055745,8192,6231549,1236837,124174335358,231589381003
17063937,8192,6239930,1008710,124612817560,225633523739
17072129,8192,6248275,1183210,123779206831,207233104315
17080321,8192,6256608,1260658,123645465790,202483507306
17088513,8192,6264965,1260278,123647922745,195812826177
17096705,8192,6273315,1195518,123606718765,210111666452
17104897,8192,6281580,1014510,124351735830,210830876398
17113089,8192,6289852,998796,124202567206,208061022806
17121281,8192,6298121,1079273,124077209846,202648714224
17129473,8192,6306398,1108894,124161798539,212132722870
17137665,8192,6314693,1094899,124246637405,215714143972
17145857,8192,6322984,1150300,124075434998,210694885943
17154049,8192,6331276,1053151,124293347868,210276574258
17162241,8192,6339552,1116778,123894911874,210231869620
17170433,8192,6347847,1259515,123549394465,195284506881
17178625,8192,6356141,1302281,123514410067,203014229705
17186817,8192,6364447,1268222,123677502767,202864726608
17195009,8192,6372722,1334072,123586995334,188769869123
17203201,8192,6381005,1375665,123325720760,182711337230
17211393,8192,6389309,1269359,123489821555,192509804728
17219585,8192,6397595,1316145,123397475306,195702726950
17227777,8192,6405886,1281602,123525891650,199362246227
17235969,8192,6414187,1256380,123586573657,195555913418
17244161,8192,6422571,1265659,123572520849,201495721923
17252353,8192,6431060,1227759,123671374561,216243621706
17260545,8192,6439423,1143861,123975679931,228044782709
17268737,8192,6447756,1247976,123689972357,209643005730
17276929,8192,6456078,1225854,123699524669,199709116119
17285121,8192,6464411,1200074,123686298402,219238000430
17293313,8192,6472712,1235586,123611194696,209722141566
17301505,8192,6481018,1244725,123809963167,214444685723
17309697,8192,6489326,1176759,123949583273,222282902647
17317889,8192,6497627,1224036,123535394964,207202030987
17326081,8192,6505936,1271485,123566158009,203023845020
17334273,8192,6514227,1213764,123611052485,211156298853
17342465,8192,6522521,1220033,123559546994,207605394221
17350657,8192,6530810,1190892,123706210400,217005179813
17358849,8192,6539086,1097182,123977816887,212917622573
17367041,8192,6547367,1232605,123526861260,200110258922
17375233,8192,6555668,1355447,123551402440,201905443182
17383425,8192,6563975,1256364,123670066137,209493017874
17391617,8192,6572280,1227341,123601410945,210933614091
17399809,8192,6580587,1246478,123797697040,216967053294
17408001,8192,6588914,1123000,124044778310,225292417768
17416193,8192,6597245,1269906,123743510946,221864477756
17424385,8192,6605563,1290349,123571782475,223315113923
17432577,8192,6613884,1215614,123977234268,217944580215
17440769,8192,6622203,1142107,124116885794,214245833804
17448961,8192,6630518,1318220,123834754157,232721446754
17457153,8192,6638828,1371127,124366947124,254596261967
17465345,8192,6647132,1139240,124284630535,233306912813
17473537,8192,6655432,1118499,124036532288,225498848304
17481729,8192,6663738,1167236,123974272274,220641278738
17489921,8192,6672036,1269205,123713974467,224203968244
17498113,8192,6680314,1278229,123781928256,221807203081
17506305,8192,6688575,1097821,124418769032,225380055929
17514497,8192,6696852,1200669,124340518916,223733749446
17522689,8192,6705139,1244132,123969649458,219827673612
17530881,8192,6713412,1254698,123801937893,219640424583
17539073,8192,6721698,1202255,123775890332,219906499760
17547265,8192,6729991,1183886,124107681984,227296655510
17555457,8192,6738288,1142197,124416112644,235569698154
17563649,8192,6746591,1094662,124391082754,232782909965
17571841,8192,6754910,1243595,124011718560,226244082732
17580033,8192,6763173,1246138,123656872333,216804771412
17588225,8192,6771437,1220773,123600570876,201792664652
17596417,8192,6779714,1285195,123589648360,209379470046
17604609,8192,6788002,1127444,123962367108,227604367315
17612801,8192,6796294,1108831,124051288689,225629749821
17620993,8192,6804576,1218492,123776521297,230330383084
17629185,8192,6812859,894478,125317003080,158654907058
17637377,8192,6821141,1009584,124520012251,178856004391
17645569,8192,6829423,1188604,123540108721,205833442539
17653761,8192,6837721,1145572,123736105560,215719994095
17661953,8192,6846009,1121758,123823005628,214668523293
17670145,8192,6854313,1256352,123679748158,213559131376
17678337,8192,6862607,1224990,123816739190,215500070227
17686529,8192,6870912,1264714,123654678978,207538549563
17694721,8192,6879202,1287665,123408708438,222007052773
17702913,8192,6887554,1098212,123991774872,231451421391
17711105,8192,6895845,1108258,123788035887,235540315233
17719297,8192,6904113,1232852,123693345817,222662186745
17727489,8192,6912402,1335960,123472687664,207900960941
17735681,8192,6920655,1213157,123578980328,213162725367
17743873,8192,6928910,1277573,123594496185,207726464494
17752065,8192,6937162,1154856,123439317921,212443835607
17760257,8192,6945412,1122970,123725286457,217142424714
17768449,8192,6953662,1166718,123587905718,210471855983
17776641,8192,6961925,1169406,123654616772,212747434213
17784833,8192,6970175,1152283,123604124435,217019822387
17793025,8192,6978424,1170610,123601748165,200206092442
17801217,8192,6986678,1130078,123548526906,223667379245
17809409,8192,6994934,1130415,123727490035,240088177241
17817601,8192,7003174,1191194,123693477330,240458717205
17825793,8192,7011410,1219535,123557826561,223036783966
17833985,8192,7019652,1204918,123575373732,218324534844
17842177,8192,7027902,1236320,123689649053,214952096549
17850369,8192,7036151,1265346,123558675615,220859431219
17858561,8192,7044407,1157496,123929573197,230416208695
17866753,8192,7052664,1183951,123658814084,216867986595
17874945,8192,7060922,1278407,123642908245,210119498867
17883137,8192,7069180,1199199,123569105452,216227023977
17891329,8192,7077424,1204048,123571644886,211720487298
17899521,8192,7085686,1149470,123705192123,217616183758
17907713,8192,7093924,1069430,123938547216,223444264028
17915905,8192,7102175,1145941,123688977805,218320685453
17924097,8192,7110423,1199646,123514505273,207130152102
17932289,8192,7118675,1221132,123514220373,209451269501
17940481,8192,7126933,1231073,123559394968,217280681381
17948673,8192,7135190,1248894,123623668837,225898544650
17956865,8192,7143454,1099647,123889088349,230745586745
17965057,8192,7151711,1157411,123638299505,218795301123
17973249,8192,7159953,1181639,123578092102,212389814899
17981441,8192,7168195,1188780,123426270631,212980424454
17989633,8192,7176448,1200236,123591117988,209896226942
17997825,8192,7184717,1177795,123566501958,219849578736
18006017,8192,7192955,1067515,123979983927,233965839891
18014209,8192,7201216,1110139,123876347374,217058532405
18022401,8192,7209486,1173383,123559378879,205223535831
18030593,8192,7217747,1177056,123507968462,216002804293
18038785,8192,7226002,1151703,123568189717,225124196823
18046977,8192,7234267,1129441,123895897097,233144684441
18055169,8192,7242532,1212054,124049690052,239823493364
18063361,8192,7250786,1140613,123712356534,228428091397
18071553,8192,7259026,1107207,123998293126,217125456135
18079745,8192,7267303,1229221,123576941238,214566607827
18087937,8192,7275548,1158819,123656399105,214325328890
18096129,8192,7283810,1140087,123714074502,220730457252
18104321,8192,7292076,1035592,124064972672,234101462961
18112513,8192,7300337,1068455,124125573099,233441228748
18120705,8192,7308598,1231558,123782706356,228719134454
18128897,8192,7316868,1804705,123807268147,260339224742
18137089,8192,7325152,1220780,123755928993,219511391850
18145281,8192,7333463,1167260,123474759659,220875432965
18153473,8192,7341807,1040843,124077823347,230354714894
18161665,8192,7350157,1045352,124076331700,231234723657
18169857,8192,7358440,1155698,123804646559,222112581961
18178049,8192,7366694,1168029,123738642967,221567724761
18186241,8192,7374947,1287030,123844935174,228656363784
18194433,8192,7383221,1126547,123712845708,225853918269
18202625,8192,7391475,987425,124535109821,234044179284
18210817,8192,7399742,1012301,124231635810,243005513876
18219009,8192,7407987,1160175,123996504845,221958062348
18227201,8192,7416247,1234696,123502477845,225967170237
18235393,8192,7424510,1192308,123850914107,227535745521
18243585,8192,7432769,1181081,123639714052,229664613769
18251777,8192,7441011,1122330,123791286451,230513598529
18259969,8192,7449248,1057141,124005826008,240149703109
18268161,8192,7457480,1149776,123780189861,228109172218
18276353,8192,7465732,1138922,123825049322,234344337417
18284545,8192,7473976,1116748,123912936549,232614571331
18292737,8192,7482227,1127798,124011657362,237764448534
18300929,8192,7490473,1167190,123832281793,243487513731
18309121,8192,7498722,1053420,124124411697,243760286515
18317313,8192,7506978,1133163,123892826376,240850358793
18325505,8192,7515227,1132535,123963669651,244932949709
18333697,8192,7523497,1174914,123807898511,240046577438
18341889,8192,7531758,1150732,124008898402,231364006171
18350081,8192,7540010,1095754,124066570254,237064889779
18358273,8192,7548250,1031926,124293311968,243901923807
18366465,8192,7556485,1169850,123796488548,227669849983
18374657,8192,7564737,1137885,123763453499,235047403978
18382849,8192,7572992,1137153,123739979971,235369352138
18391041,8192,7581241,1196116,123696138160,225613575824
18399233,8192,7589493,1188419,123748760146,234976010309
18407425,8192,7597744,1130750,123806830257,241606267214
18415617,8192,7606005,1203397,123713240856,227408764342
18423809,8192,7614258,1257068,123661939920,227889367130
18432001,8192,7622531,1252621,123647146166,221771840254
18440193,8192,7630780,1205858,123608104486,227116999405
18448385,8192,7639025,1171536,123606480487,226085824500
18456577,8192,7647282,1184335,123687962207,226828103434
18464769,8192,7655550,1227707,123656285174,231023058286
18472961,8192,7663813,1284738,123601764262,219271766514
18481153,8192,7672060,1256303,123642445478,225765226342
18489345,8192,7680331,1195079,123543052072,227751671407
18497537,8192,7688594,1238864,123729824111,233315194762
18505729,8192,7696861,1182352,123593591406,233404781312
18513921,8192,7705129,1233586,123621916055,221251527396
18522113,8192,7713386,1230026,123625792489,229581635656
18530305,8192,7721624,1223627,123553925647,226278863649
18538497,8192,7729874,1290154,123671245630,224698711468
18546689,8192,7738125,1276381,123699036245,241328657961
18554881,8192,7746382,1246012,123733776212,251436971908
18563073,8192,7754631,1246486,123634151269,221769723396
18571265,8192,7762868,1219353,123672327030,217751536919
18579457,8192,7771127,1233808,123544543122,222187604777
18587649,8192,7779363,1254190,123650030852,224864381531
18595841,8192,7787617,1244508,123614833950,228456372413
18604033,8192,7795903,1259904,123713505259,244761568115
18612225,8192,7804160,1216570,123810115467,238808684155
18620417,8192,7812425,1282421,123680636979,222339763479
18628609,8192,7820683,1290295,123762052048,220777367770
18636801,8192,7828925,1329761,123624356896,227159944157
18644993,8192,7837197,1229232,123673332562,237433010051
18653185,8192,7845459,1124831,123722979147,250170133474
18661377,8192,7853721,1141839,123760941969,252205105851
18669569,8192,7861982,1276577,123643292573,224291005060
18677761,8192,7870232,1348989,123665435619,220832636387
18685953,8192,7878487,1292258,123614723053,223032556823
18694145,8192,7886739,1280894,123635445331,212165650075
18702337,8192,7894977,1370284,123674712258,232119222681
18710529,8192,7903249,1196262,123768009361,255671605639
18718721,8192,7911506,1315408,123701070991,233886244589
18726913,8192,7919763,1376836,123723517082,237695918828
18735105,8192,7928038,1294708,123852643029,241082522405
18743297,8192,7936310,1380152,123592761710,231227697171
18751489,8192,7944586,1294239,123792768243,254725329751
18759681,8192,7952835,1286704,123765852488,257822875448
18767873,8192,7961090,1233835,123872769832,245622708367
18776065,8192,7969343,1205041,123986510127,246785088652
18784257,8192,7977613,1310812,123933188174,238549727764
18792449,8192,7985880,1371731,123735994772,224890692311
18800641,8192,7994181,1231492,123976611447,218364621926
18808833,8192,8002461,1239882,123867437997,273828382370
18817025,8192,8010724,1294709,123735714868,229786846020
18825217,8192,8019018,1333260,123846313048,231918539446
18833409,8192,8027303,1475343,123747332848,232333137481
18841601,8192,8035559,1384494,123689349896,239526546912
18849793,8192,8043832,1323590,123619746748,252135083678
18857985,8192,8052126,1314599,123671843490,260604036527
18866177,8192,8060419,1273194,123657643737,263465958646
18874369,8192,8068684,1277332,123711691345,259309099473
18882561,8192,8076974,1321935,123658427466,240269229723
18890753,8192,8085252,1332345,123535674414,240088229527
18898945,8192,8093563,1248370,123739831742,261701668976
18907137,8192,8101832,1253229,123728100060,271617645213
18915329,8192,8110114,1266595,123781071763,286466154706
18923521,8192,8118398,1288376,123635147516,246155906533
18931713,8192,8126667,1252811,123705837334,238098887559
18939905,8192,8134951,1264747,123685039020,246988326504
18948097,8192,8143260,1204967,123815134928,259114302822
18956289,8192,8151644,1161537,124211789248,258295234326
18964481,8192,8159956,1256820,123969766721,261208827101
18972673,8192,8168234,1252926,123728441436,248940407693
18980865,8192,8176488,1415393,123858693129,225720706688
18989057,8192,8184767,1378115,123669387522,253157191071
18997249,8192,8193014,1385398,123764285378,245024682229
19005441,8192,8201259,2044815,123824739294,210611161532
19013633,8192,8209499,1454448,123669961183,236347365953
19021825,8192,8217728,1418905,123653695356,215390582775
19030017,8192,8225983,1368129,123782896509,216133626185
19038209,8192,8234228,1371339,123663808593,227057183782
19046401,8192,8242460,1304989,123701427919,249416314690
19054593,8192,8250694,1231354,123767425903,263192781057
19062785,8192,8259059,1276243,123815788056,254166474100
19070977,8192,8267362,1259116,123826364821,258152658761
19079169,8192,8275635,1244576,123691753909,251209805814
19087361,8192,8283896,1333438,123832840822,232414027313
19095553,8192,8292156,1339566,123691549401,242718732802
19103745,8192,8300438,1321099,123849518114,258388558845
19111937,8192,8308689,1260937,123793147462,261572899110
19120129,8192,8316948,1359851,123815115800,238524559836
19128321,8192,8325217,1314760,123666197796,232243921870
19136513,8192,8333493,1305248,123946920476,225133769248
19144705,8192,8341773,1266103,124104017949,231662364950
19152897,8192,8350064,1198093,124118652749,250516415197
19161089,8192,8358344,1230459,124206694754,253814177434
19169281,8192,8366622,1242437,124122790289,221618405346
19177473,8192,8374907,1340729,123989599941,214175839828
19185665,8192,8383182,1236760,123969611623,204189400905
19193857,8192,8391454,1222610,123806886071,193608310750
19202049,8192,8399735,1165655,124131985407,219278452196
19210241,8192,8408023,1140966,124274057934,244706675143
19218433,8192,8416275,1181096,124295618123,243121060129
19226625,8192,8424566,1297683,124266922414,238761899407
19234817,8192,8432837,1319023,124094997030,238776514871
19243009,8192,8441120,1360327,123910732432,231738382648
19251201,8192,8449406,1252019,124116392865,258540832896
19259393,8192,8457720,1260334,124142787832,246768896309
19267585,8192,8465991,1316043,124053267886,247438706869
19275777,8192,8474282,1309169,124018708984,230913139895
19283969,8192,8482572,1275841,124069272958,221671729938
19292161,8192,8490824,1305573,124069543469,214297567226
19300353,8192,8499067,1256213,124228260168,241670618813
19308545,8192,8507317,1263227,124254644406,254141274471
19316737,8192,8515576,1372672,124139191434,239269310325
19324929,8192,8523827,1383445,124230321106,240783944277
19333121,8192,8532090,1428299,124072932148,235417215026
19341313,8192,8540334,1378236,124230760063,235873690799
19349505,8192,8548571,1403329,124273109664,240996452103
19357697,8192,8556815,1360346,124388928610,254172278710
19365889,8192,8565049,1451538,124212199926,234418539905
19374081,8192,8573279,1456308,124187628104,236572652800
19382273,8192,8581515,1390404,124001805374,231494914748
19390465,8192,8589756,1406332,124183216259,231495102824
19398657,8192,8598061,1376343,124298522851,239360658608
19406849,8192,8606304,1323253,124203729016,245080215315
19415041,8192,8614553,1409825,124184434083,239635064650
19423233,8192,8622797,1407012,124190932397,242155066455
19431425,8192,8631094,1479016,124444652304,242878487666
19439617,8192,8639405,1494194,124598689249,258028285624
19447809,8192,8647696,1525689,124654060201,270013003696
19456001,8192,8655991,1400235,124746985771,283949884238
19464193,8192,8664284,1463073,124708696824,269337137187
19472385,8192,8672573,1567587,124492865502,246595795519
19480577,8192,8680848,1569982,124675941826,253882423483
19488769,8192,8689133,1519310,124642372180,262246942281
19496961,8192,8697400,1532953,124562923150,266361214061
19505153,8192,8705700,1441553,124706105566,285857720628
19513345,8192,8714026,1431476,124579418319,263925604778
19521537,8192,8722316,1534603,124318946052,252427276067
19529729,8192,8730829,1504678,124337950932,246331387302
19537921,8192,8739185,1496091,124380640734,251689854341
19546113,8192,8747474,1471940,124404502871,258080290965
19554305,8192,8755777,1421459,124410898435,272289752712
19562497,8192,8764071,1449555,124385162902,263157597662
19570689,8192,8772348,1436175,124282074762,243678946195
19578881,8192,8780597,1384474,124120403426,246275432734
19587073,8192,8788850,1423744,124233175249,248733087010
19595265,8192,8797112,1411530,124285329601,256399452750
19603457,8192,8805376,1362120,124482829897,278915731047
19611649,8192,8813644,1366587,124396688881,265603206206
19619841,8192,8821912,1431304,124303363675,228945485826
19628033,8192,8830158,1382837,124278179872,251442259042
19636225,8192,8838416,1386317,124267212875,255407817462
19644417,8192,8846685,1477932,124283847315,254395847850
19652609,8192,8854969,1327150,124512018946,260331485362
19660801,8192,8863231,1333121,124620238398,274182738560
19668993,8192,8871496,1361699,124457738133,262330607805
19677185,8192,8879742,1402400,124720060656,239111367513
19685377,8192,8887996,1426421,124385138939,257118395839
19693569,8192,8896260,1349485,124526186496,255888090055
19701761,8192,8904509,1300798,124683267469,283791832799
19709953,8192,8912750,1312484,124522623013,264511227212
19718145,8192,8920990,1367280,124234964352,250706336758
19726337,8192,8929255,1367565,124243473683,239722265487
19734529,8192,8937499,1360530,124198160597,243284293474
19742721,8192,8945763,1355984,124540036759,267595387121
19750913,8192,8954019,1252870,124821955842,279150668050
19759105,8192,8962263,1317146,124580362846,265708744339
19767297,8192,8970503,1425710,124319133475,243338079964
19775489,8192,8978751,1426943,124406846992,242194401216
19783681,8192,8986991,1408096,124487406122,246650448224
19791873,8192,8995239,1375954,124221565854,254304463117
19800065,8192,9003484,1328449,124456618248,263994662301
19808257,8192,9011734,1308968,124536261314,251360369364
19816449,8192,9019990,1361273,124451868445,254390661030
19824641,8192,9028233,1386800,124442024416,252347191148
19832833,8192,9036486,1311633,124472221441,256407513016
19841025,8192,9044737,1321663,124723548990,263444456629
19849217,8192,9052980,1296587,124201124261,243361657730
19857409,8192,9061230,1211690,124816889058,260550566812
19865601,8192,9069473,1341044,124415440188,246820327062
19873793,8192,9077747,1364059,124478097811,259069365338
19881985,8192,9085984,1370389,124290076590,246107119644
19890177,8192,9094228,1315726,124427228697,245321402365
19898369,8192,9102490,1250201,124502760559,269373753489
19906561,8192,9110734,1226278,124794745557,255463806161
19914753,8192,9118990,1262021,124642676514,251084931904
19922945,8192,9127236,1373100,124069895033,246756384318
19931137,8192,9135486,1343031,124229005523,252709487036
19939329,8192,9143725,1329349,124204790713,242311871345
19947521,8192,9151974,1333083,124392561546,268267729232
19955713,8192,9160210,1314942,124423623184,262131157771
19963905,8192,9168454,1333019,124345711165,235225686913
19972097,8192,9176695,1257352,124232825992,244678825632
19980289,8192,9184953,1323568,124094474908,236491080381
19988481,8192,9193196,1326751,124163998517,231766750712
19996673,8192,9201443,1336252,123996321353,243522168626
20004865,8192,9209675,1240854,124226710247,243246199103
20013057,8192,9217912,1304799,123931172877,226092364016
20021249,8192,9226144,1330787,123950597201,240122895297
20029441,8192,9234372,1338896,123821130868,222604392486
20037633,8192,9242611,1317090,123654099640,223024814327
20045825,8192,9250848,1347082,123953641816,238385306136
20054017,8192,9259089,1325267,123876567291,253815743841
20062209,8192,9267322,1318717,124055393101,238986264665
20070401,8192,9275563,1366227,123762444016,227297833184
20078593,8192,9283801,1384871,123911184108,231344928781
20086785,8192,9292062,1406126,123940016782,228851291118
20094977,8192,9300302,1339685,124015415943,242019370613
20103169,8192,9308551,1301714,124029391097,264089780051
20111361,8192,9316795,1273066,124087816974,264737629473
20119553,8192,9325059,1341785,124092854149,243369828818
20127745,8192,9333311,1300304,124171257384,242772544365
20135937,8192,9341560,1312828,123895576655,232275195540
20144129,8192,9349801,1478597,124131653209,270618921177
20152321,8192,9358049,1401974,124342040084,288464136892
20160513,8192,9366304,1278720,124374744387,270885393450
20168705,8192,9374550,1346678,123936121923,258148705518
20176897,8192,9382778,1424523,124108232349,258766889005
20185089,8192,9391015,1377219,123885049400,243518331057
20193281,8192,9399251,1336187,123788574103,256685764521
20201473,8192,9407494,1298463,124269759102,278108988177
20209665,8192,9415724,1286626,124087576326,272785681304
20217857,8192,9423960,1317852,123942254668,258793286354
20226049,8192,9432209,1299917,124147683853,242788830076
20234241,8192,9440439,1360846,123774875427,236109864553
20242433,8192,9448678,1459730,123854928977,246125564463
20250625,8192,9456910,1312416,124076624635,271282882944
20258817,8192,9465146,1171595,124427662111,277850480773
20267009,8192,9473399,1317129,124097688366,259409924655
20275201,8192,9481639,1334263,123937658483,244433198861
20283393,8192,9489868,1363375,124067024594,237615661355
20291585,8192,9498106,1363384,123869625532,253222699385
20299777,8192,9506347,1316781,124039812722,269048459844
20307969,8192,9514581,1244265,123989778309,245249473315
20316161,8192,9522818,1314009,123995263661,241838095216
20324353,8192,9531037,1360451,123857218332,241653012987
20332545,8192,9539273,1365918,123758625145,227192002838
20340737,8192,9547499,1315447,123780556120,229892420396
20348929,8192,9555732,1291597,124045417961,265858430056
20357121,8192,9563959,1279773,124504091119,267729261674
20365313,8192,9572201,1312646,123669140229,231849088334
20373505,8192,9580431,1311170,124039182811,253179583625
20381697,8192,9588664,1276710,124097202607,255699875032
20389889,8192,9596900,1309255,123990059477,250278958849
20398081,8192,9605136,1256225,124206051024,254311065801
20406273,8192,9613370,1215683,124065312931,238852367015
20414465,8192,9621591,1244275,124192634311,251645072569
20422657,8192,9629846,1320255,123998089347,232142193845
20430849,8192,9638079,1321247,123888932332,221892926557
20439041,8192,9646308,1265381,123823513533,227243244630
20447233,8192,9654555,1276821,123996852027,242436044075
20455425,8192,9662773,1197252,124532117855,270513759525
20463617,8192,9670997,1257479,124388614409,247314475409
20471809,8192,9679232,1285411,123650110177,252342962119
20480001,8192,9687458,1297199,123749972625,247022298351
20488193,8192,9695679,1243615,123883712183,238101933795
20496385,8192,9703905,1269253,124047419113,249095942950
20504577,8192,9712142,1135247,124465862938,263225736098
20512769,8192,9720378,1161611,124184136025,238453385723
20520961,8192,9728604,1245300,124007077488,239601400759
20529153,8192,9736836,1421269,123962849137,245592457579
20537345,8192,9745081,1439333,123669332793,242461023716
20545537,8192,9753315,1253608,124231633533,260408668322
20553729,8192,9761549,1145025,124604070901,264969280908
20561921,8192,9769782,1166959,124453507182,251113160893
20570113,8192,9778022,1229301,123923336719,245954043369
20578305,8192,9786257,1215782,124508837186,249531246082
20586497,8192,9794502,1269527,124050642770,253373235548
20594689,8192,9802745,1292003,124332499053,254941569165
20602881,8192,9810996,1228322,124543532771,265116338469
20611073,8192,9819237,1097645,124814044268,261819224162
20619265,8192,9827482,1324919,124291925023,248476453288
20627457,8192,9835711,1316468,124306662368,249327497928
20635649,8192,9843959,1323405,124238897976,249270782724
20643841,8192,9852200,1312577,124110240029,248687854142
20652033,8192,9860438,1167898,124654545575,256320794445
20660225,8192,9868668,1172966,124818915829,259036208935
20668417,8192,9876900,1236978,124229513827,234334978596
20676609,8192,9885128,1278425,124191509641,247482657084
20684801,8192,9893357,1277423,124164220953,226921333071
20692993,8192,9901590,1299309,124222150078,234628010611
20701185,8192,9909808,1280639,124039124147,249336950517
20709377,8192,9918046,1237605,124150614349,258521542070
20717569,8192,9926276,1319388,123967676483,232696281823
20725761,8192,9934518,1333524,123906422105,240265438518
20733953,8192,9942757,1342890,124072186073,242908644743
20742145,8192,9950994,1335924,123999386424,239555845925
20750337,8192,9959240,1282264,124044134635,249424321708
20758529,8192,9967460,1252221,124075251218,255285798470
20766721,8192,9975702,1248961,124010223875,234287918949
20774913,8192,9983955,1296280,123959551616,230818306830
20783105,8192,9992198,1295855,123861766459,220644173803
20791297,8192,10000436,1357061,123655847951,226929945069
20799489,8192,10008679,1286683,123903565050,217003017521
20807681,8192,10016909,1225709,123683481511,238056240722
20815873,8192,10025141,1281184,123701645397,225019796069
20824065,8192,10033363,1306171,123674520523,218049762972
20832257,8192,10041601,1300593,123697978959,220043493757
20840449,8192,10049823,1322193,123742084041,229137019055
20848641,8192,10058046,1339278,123881511204,259255789852
20856833,8192,10066279,1280156,124044652168,253893783302
20865025,8192,10074499,1341045,123939717225,255704964822
20873217,8192,10082726,1449149,123875874183,231030077922
20881409,8192,10090947,1318637,123828156277,240194113694
20889601,8192,10099176,1310004,124079212741,239103934749
20897793,8192,10107391,1287441,124064006649,234285353631
20905985,8192,10115611,1238107,123942336536,234060297585
20914177,8192,10123834,1270972,123967807271,232410792775
20922369,8192,10132052,1338406,123619826798,227349907528
20930561,8192,10140274,1350373,123791381394,222987174569
20938753,8192,10148494,1314243,123637017493,236980016662
20946945,8192,10156745,1392627,123714739565,221262405138
20955137,8192,10165009,1283356,123904730600,247441226830
20963329,8192,10173259,1250992,123804630771,239831071423
20971521,8192,10181499,1396954,123899780038,225526362974
20979713,8192,10189737,1351704,123744674033,244810638734
20987905,8192,10197972,1408688,123937607291,231078784179
20996097,8192,10206206,1502921,123906819311,216115044175
21004289,8192,10214429,1419302,123927641555,246717903392
21005282,993,10223616,159274,15045217504,32862083884
